timestamp,fermentador,flow_filt_sccm,status,is_spike
2026-07-06 12:50:05,F2,1.4869,OK,0
2026-07-06 12:50:16,F2,1.4865,OK,0
2026-07-06 12:50:26,F2,1.4861,OK,0
2026-07-06 12:50:36,F2,1.4858,OK,0
2026-07-06 12:50:46,F2,1.4854,OK,0
2026-07-06 12:50:57,F2,1.4850,OK,0
2026-07-06 12:51:07,F2,1.4846,OK,0
2026-07-06 12:51:17,F2,1.4843,OK,0
2026-07-06 12:51:28,F2,1.4839,OK,0
2026-07-06 12:51:38,F2,1.4835,OK,0
2026-07-06 12:51:48,F2,1.4832,OK,0
2026-07-06 12:51:58,F2,1.4828,OK,0
2026-07-06 12:52:09,F2,1.4824,OK,0
2026-07-06 12:52:19,F2,1.4821,OK,0
2026-07-06 12:52:29,F2,1.4817,OK,0
2026-07-06 12:52:40,F2,1.4814,OK,0
2026-07-06 12:52:50,F2,1.4810,OK,0
2026-07-06 12:53:00,F2,1.4807,OK,0
2026-07-06 12:53:11,F2,1.4803,OK,0
2026-07-06 12:53:21,F2,1.4799,OK,0
2026-07-06 12:53:31,F2,1.4796,OK,0
2026-07-06 12:53:42,F2,1.4792,OK,0
2026-07-06 12:53:52,F2,1.4789,OK,0
2026-07-06 12:54:02,F2,1.4785,OK,0
2026-07-06 12:54:12,F2,1.4782,OK,0
2026-07-06 12:54:23,F2,1.4778,OK,0
2026-07-06 12:54:33,F2,1.4775,OK,0
2026-07-06 12:54:43,F2,1.4771,OK,0
2026-07-06 12:54:54,F2,1.4768,OK,0
2026-07-06 12:55:04,F2,1.4764,OK,1
2026-07-06 12:55:14,F2,1.4761,OK,1
2026-07-06 12:55:25,F2,1.4757,OK,1
2026-07-06 12:55:35,F2,1.4754,OK,1
2026-07-06 12:55:45,F2,1.4750,OK,0
2026-07-06 12:55:56,F2,1.4747,OK,0
2026-07-06 12:56:06,F2,1.4743,OK,0
2026-07-06 12:56:16,F2,1.4739,OK,0
2026-07-06 12:56:26,F2,1.4736,OK,0
2026-07-06 12:56:37,F2,1.4732,OK,0
2026-07-06 12:56:47,F2,1.4729,OK,0
2026-07-06 12:56:57,F2,1.4725,OK,0
2026-07-06 12:57:08,F2,1.4721,OK,0
2026-07-06 12:57:18,F2,1.4718,OK,0
2026-07-06 12:57:28,F2,1.4714,OK,0
2026-07-06 12:57:39,F2,1.4711,OK,0
2026-07-06 12:57:49,F2,1.4707,OK,0
2026-07-06 12:57:59,F2,1.4703,OK,0
2026-07-06 12:58:10,F2,1.4700,OK,1
2026-07-06 12:58:20,F2,1.4696,OK,1
2026-07-06 12:58:30,F2,1.4693,OK,1
2026-07-06 12:58:41,F2,1.4689,OK,0
2026-07-06 12:58:51,F2,1.4686,OK,0
2026-07-06 12:59:01,F2,1.4682,OK,0
2026-07-06 12:59:12,F2,1.4679,OK,0
2026-07-06 12:59:22,F2,1.4675,OK,0
2026-07-06 12:59:32,F2,1.4672,OK,0
2026-07-06 12:59:42,F2,1.4669,OK,0
2026-07-06 12:59:53,F2,1.4666,OK,0
2026-07-06 13:00:03,F2,1.4662,OK,0
2026-07-06 13:00:13,F2,1.4659,OK,0
2026-07-06 13:00:24,F2,1.4656,OK,0
2026-07-06 13:00:34,F2,1.4653,OK,0
2026-07-06 13:00:44,F2,1.4650,OK,0
2026-07-06 13:00:54,F2,1.4647,OK,0
2026-07-06 13:01:05,F2,1.4644,OK,1
2026-07-06 13:01:15,F2,1.4642,OK,1
2026-07-06 13:01:25,F2,1.4639,OK,1
2026-07-06 13:01:36,F2,1.4636,OK,1
2026-07-06 13:01:46,F2,1.4634,OK,1
2026-07-06 13:01:56,F2,1.4631,OK,1
2026-07-06 13:02:07,F2,1.4629,OK,0
2026-07-06 13:02:17,F2,1.4627,OK,0
2026-07-06 13:02:27,F2,1.4625,OK,0
2026-07-06 13:02:38,F2,1.4623,OK,1
2026-07-06 13:02:48,F2,1.4622,OK,1
2026-07-06 13:02:58,F2,1.4622,OK,1
2026-07-06 13:03:08,F2,1.4623,OK,1
2026-07-06 13:03:19,F2,1.4624,OK,1
2026-07-06 13:03:29,F2,1.4627,OK,1
2026-07-06 13:03:39,F2,1.4630,OK,0
2026-07-06 13:03:50,F2,1.4635,OK,0
2026-07-06 13:04:00,F2,1.4641,OK,0
2026-07-06 13:04:10,F2,1.4649,OK,0
2026-07-06 13:04:20,F2,1.4657,OK,0
2026-07-06 13:04:31,F2,1.4667,OK,0
2026-07-06 13:04:41,F2,1.4678,OK,0
2026-07-06 13:04:51,F2,1.4690,OK,0
2026-07-06 13:05:02,F2,1.4703,OK,0
2026-07-06 13:05:12,F2,1.4717,OK,0
2026-07-06 13:05:22,F2,1.4732,OK,0
2026-07-06 13:05:33,F2,1.4749,OK,0
2026-07-06 13:05:43,F2,1.4766,OK,0
2026-07-06 13:05:53,F2,1.4785,OK,0
2026-07-06 13:06:03,F2,1.4804,OK,0
2026-07-06 13:06:14,F2,1.4825,OK,0
2026-07-06 13:06:24,F2,1.4846,OK,0
2026-07-06 13:06:34,F2,1.4869,OK,0
2026-07-06 13:06:45,F2,1.4893,OK,0
2026-07-06 13:06:55,F2,1.4917,OK,0
2026-07-06 13:07:05,F2,1.4943,OK,0
2026-07-06 13:07:15,F2,1.4969,OK,0
2026-07-06 13:07:26,F2,1.4997,OK,0
2026-07-06 13:07:36,F2,1.5025,OK,0
2026-07-06 13:07:46,F2,1.5055,OK,0
2026-07-06 13:07:57,F2,1.5085,OK,0
2026-07-06 13:08:07,F2,1.5116,OK,0
2026-07-06 13:08:17,F2,1.5148,OK,0
2026-07-06 13:08:28,F2,1.5181,OK,0
2026-07-06 13:08:38,F2,1.5214,OK,0
2026-07-06 13:08:48,F2,1.5249,OK,0
2026-07-06 13:08:58,F2,1.5284,OK,0
2026-07-06 13:09:09,F2,1.5320,OK,0
2026-07-06 13:09:19,F2,1.5356,OK,0
2026-07-06 13:09:29,F2,1.5394,OK,1
2026-07-06 13:09:40,F2,1.5432,OK,0
2026-07-06 13:09:50,F2,1.5471,OK,0
2026-07-06 13:10:00,F2,1.5511,OK,0
2026-07-06 13:10:11,F2,1.5551,OK,0
2026-07-06 13:10:21,F2,1.5592,OK,0
2026-07-06 13:10:31,F2,1.5634,OK,0
2026-07-06 13:10:41,F2,1.5676,OK,0
2026-07-06 13:10:52,F2,1.5719,OK,0
2026-07-06 13:11:02,F2,1.5762,OK,0
2026-07-06 13:11:12,F2,1.5806,OK,0
2026-07-06 13:11:23,F2,1.5851,OK,0
2026-07-06 13:11:33,F2,1.5896,OK,0
2026-07-06 13:11:43,F2,1.5942,OK,0
2026-07-06 13:11:54,F2,1.5988,OK,0
2026-07-06 13:12:04,F2,1.6034,OK,0
2026-07-06 13:12:14,F2,1.6081,OK,0
2026-07-06 13:12:25,F2,1.6129,OK,0
2026-07-06 13:12:35,F2,1.6177,OK,0
2026-07-06 13:12:45,F2,1.6225,OK,0
2026-07-06 13:12:56,F2,1.6274,OK,0
2026-07-06 13:13:06,F2,1.6323,OK,0
2026-07-06 13:13:16,F2,1.6373,OK,0
2026-07-06 13:13:26,F2,1.6423,OK,0
2026-07-06 13:13:37,F2,1.6473,OK,0
2026-07-06 13:13:47,F2,1.6524,OK,0
2026-07-06 13:13:57,F2,1.6575,OK,0
2026-07-06 13:14:08,F2,1.6626,OK,0
2026-07-06 13:14:18,F2,1.6678,OK,0
2026-07-06 13:14:28,F2,1.6730,OK,0
2026-07-06 13:14:39,F2,1.6782,OK,0
2026-07-06 13:14:49,F2,1.6834,OK,0
2026-07-06 13:14:59,F2,1.6887,OK,0
2026-07-06 13:15:10,F2,1.6940,OK,0
2026-07-06 13:15:20,F2,1.6993,OK,0
2026-07-06 13:15:30,F2,1.7046,OK,0
2026-07-06 13:15:41,F2,1.7100,OK,0
2026-07-06 13:15:51,F2,1.7154,OK,0
2026-07-06 13:16:01,F2,1.7207,OK,0
2026-07-06 13:16:11,F2,1.7262,OK,0
2026-07-06 13:16:22,F2,1.7316,OK,0
2026-07-06 13:16:32,F2,1.7370,OK,0
2026-07-06 13:16:42,F2,1.7424,OK,0
2026-07-06 13:16:53,F2,1.7479,OK,0
2026-07-06 13:17:03,F2,1.7534,OK,0
2026-07-06 13:17:13,F2,1.7588,OK,0
2026-07-06 13:17:24,F2,1.7643,OK,0
2026-07-06 13:17:34,F2,1.7698,OK,0
2026-07-06 13:17:44,F2,1.7753,OK,0
2026-07-06 13:17:55,F2,1.7808,OK,0
2026-07-06 13:18:05,F2,1.7863,OK,0
2026-07-06 13:18:15,F2,1.7918,OK,0
2026-07-06 13:18:25,F2,1.7973,OK,0
2026-07-06 13:18:36,F2,1.8028,OK,0
2026-07-06 13:18:46,F2,1.8083,OK,0
2026-07-06 13:18:56,F2,1.8138,OK,0
2026-07-06 13:19:07,F2,1.8193,OK,0
2026-07-06 13:19:17,F2,1.8248,OK,0
2026-07-06 13:19:27,F2,1.8303,OK,0
2026-07-06 13:19:38,F2,1.8358,OK,0
2026-07-06 13:19:48,F2,1.8413,OK,0
2026-07-06 13:19:58,F2,1.8468,OK,0
2026-07-06 13:20:09,F2,1.8523,OK,0
2026-07-06 13:20:19,F2,1.8577,OK,0
2026-07-06 13:20:29,F2,1.8632,OK,0
2026-07-06 13:20:39,F2,1.8687,OK,0
2026-07-06 13:20:50,F2,1.8741,OK,0
2026-07-06 13:21:00,F2,1.8796,OK,0
2026-07-06 13:21:10,F2,1.8850,OK,0
2026-07-06 13:21:21,F2,1.8905,OK,1
2026-07-06 13:21:31,F2,1.8959,OK,0
2026-07-06 13:21:41,F2,1.9013,OK,0
2026-07-06 13:21:52,F2,1.9067,OK,0
2026-07-06 13:22:02,F2,1.9121,OK,0
2026-07-06 13:22:12,F2,1.9174,OK,0
2026-07-06 13:22:23,F2,1.9228,OK,0
2026-07-06 13:22:33,F2,1.9282,OK,0
2026-07-06 13:22:43,F2,1.9335,OK,0
2026-07-06 13:22:54,F2,1.9388,OK,0
2026-07-06 13:23:04,F2,1.9441,OK,0
2026-07-06 13:23:14,F2,1.9494,OK,0
2026-07-06 13:23:25,F2,1.9547,OK,0
2026-07-06 13:23:35,F2,1.9600,OK,0
2026-07-06 13:23:45,F2,1.9652,OK,0
2026-07-06 13:23:55,F2,1.9704,OK,0
2026-07-06 13:24:06,F2,1.9756,OK,0
2026-07-06 13:24:16,F2,1.9808,OK,0
2026-07-06 13:24:26,F2,1.9860,OK,0
2026-07-06 13:24:37,F2,1.9911,OK,0
2026-07-06 13:24:47,F2,1.9963,OK,0
2026-07-06 13:24:57,F2,2.0014,OK,0
2026-07-06 13:25:08,F2,2.0064,OK,0
2026-07-06 13:25:18,F2,2.0115,OK,0
2026-07-06 13:25:28,F2,2.0165,OK,0
2026-07-06 13:25:38,F2,2.0215,OK,0
2026-07-06 13:25:49,F2,2.0265,OK,0
2026-07-06 13:25:59,F2,2.0315,OK,0
2026-07-06 13:26:09,F2,2.0364,OK,0
2026-07-06 13:26:20,F2,2.0413,OK,0
2026-07-06 13:26:30,F2,2.0462,OK,0
2026-07-06 13:26:40,F2,2.0510,OK,0
2026-07-06 13:26:51,F2,2.0558,OK,0
2026-07-06 13:27:01,F2,2.0606,OK,0
2026-07-06 13:27:11,F2,2.0654,OK,0
2026-07-06 13:27:21,F2,2.0701,OK,0
2026-07-06 13:27:32,F2,2.0748,OK,0
2026-07-06 13:27:42,F2,2.0795,OK,0
2026-07-06 13:27:52,F2,2.0841,OK,0
2026-07-06 13:28:03,F2,2.0887,OK,0
2026-07-06 13:28:13,F2,2.0933,OK,0
2026-07-06 13:28:23,F2,2.0978,OK,0
2026-07-06 13:28:33,F2,2.1024,OK,0
2026-07-06 13:28:44,F2,2.1068,OK,0
2026-07-06 13:28:54,F2,2.1113,OK,0
2026-07-06 13:29:04,F2,2.1157,OK,0
2026-07-06 13:29:15,F2,2.1200,OK,0
2026-07-06 13:29:25,F2,2.1244,OK,0
2026-07-06 13:29:35,F2,2.1287,OK,0
2026-07-06 13:29:46,F2,2.1329,OK,0
2026-07-06 13:29:56,F2,2.1371,OK,0
2026-07-06 13:30:06,F2,2.1413,OK,0
2026-07-06 13:30:17,F2,2.1455,OK,0
2026-07-06 13:30:27,F2,2.1496,OK,0
2026-07-06 13:30:37,F2,2.1536,OK,0
2026-07-06 13:30:48,F2,2.1576,OK,0
2026-07-06 13:30:58,F2,2.1616,OK,0
2026-07-06 13:31:08,F2,2.1656,OK,0
2026-07-06 13:31:19,F2,2.1695,OK,0
2026-07-06 13:31:29,F2,2.1733,OK,0
2026-07-06 13:31:39,F2,2.1771,OK,0
2026-07-06 13:31:49,F2,2.1809,OK,0
2026-07-06 13:32:00,F2,2.1846,OK,0
2026-07-06 13:32:10,F2,2.1883,OK,0
2026-07-06 13:32:20,F2,2.1919,OK,0
2026-07-06 13:32:31,F2,2.1955,OK,0
2026-07-06 13:32:41,F2,2.1991,OK,0
2026-07-06 13:32:51,F2,2.2026,OK,0
2026-07-06 13:33:01,F2,2.2060,OK,0
2026-07-06 13:33:12,F2,2.2094,OK,0
2026-07-06 13:33:22,F2,2.2128,OK,0
2026-07-06 13:33:33,F2,2.2161,OK,0
2026-07-06 13:33:43,F2,2.2194,OK,0
2026-07-06 13:33:53,F2,2.2226,OK,0
2026-07-06 13:34:03,F2,2.2258,OK,0
2026-07-06 13:34:14,F2,2.2289,OK,0
2026-07-06 13:34:24,F2,2.2320,OK,0
2026-07-06 13:34:34,F2,2.2350,OK,0
2026-07-06 13:34:45,F2,2.2380,OK,0
2026-07-06 13:34:55,F2,2.2410,OK,0
2026-07-06 13:35:05,F2,2.2439,OK,0
2026-07-06 13:35:16,F2,2.2467,OK,0
2026-07-06 13:35:26,F2,2.2495,OK,0
2026-07-06 13:35:36,F2,2.2523,OK,0
2026-07-06 13:35:47,F2,2.2550,OK,0
2026-07-06 13:35:57,F2,2.2577,OK,0
2026-07-06 13:36:07,F2,2.2603,OK,0
2026-07-06 13:36:17,F2,2.2628,OK,0
2026-07-06 13:36:28,F2,2.2654,OK,0
2026-07-06 13:36:38,F2,2.2679,OK,0
2026-07-06 13:36:48,F2,2.2703,OK,0
2026-07-06 13:36:59,F2,2.2727,OK,0
2026-07-06 13:37:09,F2,2.2750,OK,0
2026-07-06 13:37:19,F2,2.2774,OK,0
2026-07-06 13:37:29,F2,2.2796,OK,0
2026-07-06 13:37:40,F2,2.2818,OK,0
2026-07-06 13:37:50,F2,2.2840,OK,0
2026-07-06 13:38:00,F2,2.2861,OK,0
2026-07-06 13:38:11,F2,2.2882,OK,0
2026-07-06 13:38:21,F2,2.2902,OK,0
2026-07-06 13:38:31,F2,2.2922,OK,0
2026-07-06 13:38:42,F2,2.2942,OK,0
2026-07-06 13:38:52,F2,2.2961,OK,0
2026-07-06 13:39:02,F2,2.2979,OK,0
2026-07-06 13:39:13,F2,2.2997,OK,0
2026-07-06 13:39:23,F2,2.3015,OK,0
2026-07-06 13:39:33,F2,2.3032,OK,0
2026-07-06 13:39:43,F2,2.3049,OK,0
2026-07-06 13:39:54,F2,2.3066,OK,0
2026-07-06 13:40:04,F2,2.3082,OK,0
2026-07-06 13:40:14,F2,2.3097,OK,0
2026-07-06 13:40:25,F2,2.3112,OK,0
2026-07-06 13:40:35,F2,2.3127,OK,0
2026-07-06 13:40:45,F2,2.3141,OK,0
2026-07-06 13:40:55,F2,2.3155,OK,0
2026-07-06 13:41:06,F2,2.3168,OK,0
2026-07-06 13:41:16,F2,2.3181,OK,0
2026-07-06 13:41:26,F2,2.3194,OK,0
2026-07-06 13:41:37,F2,2.3206,OK,0
2026-07-06 13:41:47,F2,2.3217,OK,0
2026-07-06 13:41:57,F2,2.3229,OK,0
2026-07-06 13:42:08,F2,2.3239,OK,0
2026-07-06 13:42:18,F2,2.3250,OK,0
2026-07-06 13:42:28,F2,2.3260,OK,0
2026-07-06 13:42:38,F2,2.3269,OK,0
2026-07-06 13:42:49,F2,2.3278,OK,0
2026-07-06 13:42:59,F2,2.3287,OK,0
2026-07-06 13:43:09,F2,2.3295,OK,0
2026-07-06 13:43:20,F2,2.3303,OK,0
2026-07-06 13:43:30,F2,2.3310,OK,0
2026-07-06 13:43:40,F2,2.3317,OK,0
2026-07-06 13:43:51,F2,2.3324,OK,0
2026-07-06 13:44:01,F2,2.3330,OK,0
2026-07-06 13:44:11,F2,2.3335,OK,0
2026-07-06 13:44:22,F2,2.3340,OK,0
2026-07-06 13:44:32,F2,2.3345,OK,0
2026-07-06 13:44:42,F2,2.3349,OK,0
2026-07-06 13:44:53,F2,2.3353,OK,0
2026-07-06 13:45:03,F2,2.3357,OK,0
2026-07-06 13:45:13,F2,2.3360,OK,0
2026-07-06 13:45:24,F2,2.3362,OK,0
2026-07-06 13:45:34,F2,2.3364,OK,0
2026-07-06 13:45:44,F2,2.3366,OK,0
2026-07-06 13:45:55,F2,2.3367,OK,0
2026-07-06 13:46:05,F2,2.3368,OK,0
2026-07-06 13:46:15,F2,2.3369,OK,0
2026-07-06 13:46:25,F2,2.3369,OK,0
2026-07-06 13:46:36,F2,2.3368,OK,0
2026-07-06 13:46:46,F2,2.3367,OK,0
2026-07-06 13:46:56,F2,2.3366,OK,0
2026-07-06 13:47:07,F2,2.3365,OK,0
2026-07-06 13:47:17,F2,2.3362,OK,0
2026-07-06 13:47:27,F2,2.3360,OK,0
2026-07-06 13:47:38,F2,2.3357,OK,0
2026-07-06 13:47:48,F2,2.3354,OK,0
2026-07-06 13:47:58,F2,2.3350,OK,0
2026-07-06 13:48:09,F2,2.3346,OK,0
2026-07-06 13:48:19,F2,2.3341,OK,0
2026-07-06 13:48:29,F2,2.3336,OK,0
2026-07-06 13:48:40,F2,2.3331,OK,0
2026-07-06 13:48:50,F2,2.3325,OK,0
2026-07-06 13:49:00,F2,2.3319,OK,0
2026-07-06 13:49:10,F2,2.3312,OK,0
2026-07-06 13:49:21,F2,2.3305,OK,0
2026-07-06 13:49:31,F2,2.3298,OK,0
2026-07-06 13:49:41,F2,2.3290,OK,0
2026-07-06 13:49:52,F2,2.3282,OK,0
2026-07-06 13:50:02,F2,2.3274,OK,0
2026-07-06 13:50:12,F2,2.3265,OK,0
2026-07-06 13:50:23,F2,2.3256,OK,0
2026-07-06 13:50:33,F2,2.3247,OK,0
2026-07-06 13:50:43,F2,2.3237,OK,0
2026-07-06 13:50:53,F2,2.3227,OK,0
2026-07-06 13:51:04,F2,2.3216,OK,0
2026-07-06 13:51:14,F2,2.3206,OK,0
2026-07-06 13:51:24,F2,2.3194,OK,0
2026-07-06 13:51:35,F2,2.3183,OK,0
2026-07-06 13:51:45,F2,2.3171,OK,0
2026-07-06 13:51:55,F2,2.3159,OK,0
2026-07-06 13:52:06,F2,2.3147,OK,0
2026-07-06 13:52:16,F2,2.3134,OK,0
2026-07-06 13:52:26,F2,2.3121,OK,0
2026-07-06 13:52:36,F2,2.3108,OK,0
2026-07-06 13:52:47,F2,2.3094,OK,0
2026-07-06 13:52:57,F2,2.3080,OK,0
2026-07-06 13:53:07,F2,2.3066,OK,0
2026-07-06 13:53:18,F2,2.3052,OK,0
2026-07-06 13:53:28,F2,2.3037,OK,0
2026-07-06 13:53:38,F2,2.3022,OK,0
2026-07-06 13:53:49,F2,2.3006,OK,0
2026-07-06 13:53:59,F2,2.2991,OK,0
2026-07-06 13:54:09,F2,2.2975,OK,0
2026-07-06 13:54:19,F2,2.2959,OK,0
2026-07-06 13:54:30,F2,2.2942,OK,0
2026-07-06 13:54:40,F2,2.2925,OK,0
2026-07-06 13:54:50,F2,2.2908,OK,0
2026-07-06 13:55:01,F2,2.2891,OK,0
2026-07-06 13:55:11,F2,2.2873,OK,0
2026-07-06 13:55:21,F2,2.2855,OK,0
2026-07-06 13:55:31,F2,2.2837,OK,0
2026-07-06 13:55:42,F2,2.2819,OK,0
2026-07-06 13:55:52,F2,2.2800,OK,0
2026-07-06 13:56:02,F2,2.2781,OK,0
2026-07-06 13:56:13,F2,2.2762,OK,0
2026-07-06 13:56:23,F2,2.2743,OK,0
2026-07-06 13:56:33,F2,2.2723,OK,0
2026-07-06 13:56:44,F2,2.2703,OK,0
2026-07-06 13:56:54,F2,2.2683,OK,0
2026-07-06 13:57:04,F2,2.2663,OK,0
2026-07-06 13:57:15,F2,2.2642,OK,0
2026-07-06 13:57:25,F2,2.2621,OK,0
2026-07-06 13:57:35,F2,2.2600,OK,0
2026-07-06 13:57:45,F2,2.2579,OK,0
2026-07-06 13:57:56,F2,2.2557,OK,0
2026-07-06 13:58:06,F2,2.2535,OK,0
2026-07-06 13:58:16,F2,2.2513,OK,0
2026-07-06 13:58:27,F2,2.2491,OK,0
2026-07-06 13:58:37,F2,2.2469,OK,0
2026-07-06 13:58:47,F2,2.2446,OK,0
2026-07-06 13:58:58,F2,2.2423,OK,0
2026-07-06 13:59:08,F2,2.2400,OK,0
2026-07-06 13:59:18,F2,2.2376,OK,0
2026-07-06 13:59:29,F2,2.2353,OK,0
2026-07-06 13:59:39,F2,2.2329,OK,0
2026-07-06 13:59:49,F2,2.2305,OK,0
2026-07-06 13:59:59,F2,2.2281,OK,0
2026-07-06 14:00:10,F2,2.2256,OK,0
2026-07-06 14:00:20,F2,2.2231,OK,0
2026-07-06 14:00:30,F2,2.2207,OK,0
2026-07-06 14:00:41,F2,2.2181,OK,0
2026-07-06 14:00:51,F2,2.2156,OK,0
2026-07-06 14:01:01,F2,2.2131,OK,0
2026-07-06 14:01:12,F2,2.2105,OK,0
2026-07-06 14:01:22,F2,2.2079,OK,0
2026-07-06 14:01:32,F2,2.2053,OK,0
2026-07-06 14:01:42,F2,2.2027,OK,0
2026-07-06 14:01:53,F2,2.2000,OK,0
2026-07-06 14:02:03,F2,2.1973,OK,0
2026-07-06 14:02:13,F2,2.1947,OK,0
2026-07-06 14:02:24,F2,2.1919,OK,0
2026-07-06 14:02:34,F2,2.1892,OK,0
2026-07-06 14:02:44,F2,2.1865,OK,0
2026-07-06 14:02:54,F2,2.1837,OK,0
2026-07-06 14:03:05,F2,2.1809,OK,0
2026-07-06 14:03:15,F2,2.1781,OK,0
2026-07-06 14:03:25,F2,2.1753,OK,0
2026-07-06 14:03:36,F2,2.1725,OK,0
2026-07-06 14:03:46,F2,2.1697,OK,0
2026-07-06 14:03:56,F2,2.1668,OK,0
2026-07-06 14:04:07,F2,2.1639,OK,0
2026-07-06 14:04:17,F2,2.1610,OK,0
2026-07-06 14:04:27,F2,2.1581,OK,0
2026-07-06 14:04:37,F2,2.1552,OK,0
2026-07-06 14:04:48,F2,2.1523,OK,0
2026-07-06 14:04:58,F2,2.1493,OK,0
2026-07-06 14:05:08,F2,2.1464,OK,0
2026-07-06 14:05:19,F2,2.1434,OK,0
2026-07-06 14:05:29,F2,2.1404,OK,0
2026-07-06 14:05:39,F2,2.1374,OK,0
2026-07-06 14:05:49,F2,2.1344,OK,0
2026-07-06 14:06:00,F2,2.1314,OK,0
2026-07-06 14:06:10,F2,2.1283,OK,0
2026-07-06 14:06:20,F2,2.1253,OK,0
2026-07-06 14:06:31,F2,2.1223,OK,0
2026-07-06 14:06:41,F2,2.1192,OK,0
2026-07-06 14:06:51,F2,2.1161,OK,0
2026-07-06 14:07:02,F2,2.1131,OK,0
2026-07-06 14:07:12,F2,2.1100,OK,0
2026-07-06 14:07:22,F2,2.1069,OK,0
2026-07-06 14:07:33,F2,2.1038,OK,0
2026-07-06 14:07:43,F2,2.1007,OK,0
2026-07-06 14:07:53,F2,2.0976,OK,0
2026-07-06 14:08:03,F2,2.0944,OK,0
2026-07-06 14:08:14,F2,2.0913,OK,0
2026-07-06 14:08:24,F2,2.0882,OK,0
2026-07-06 14:08:34,F2,2.0850,OK,0
2026-07-06 14:08:45,F2,2.0819,OK,0
2026-07-06 14:08:55,F2,2.0787,OK,0
2026-07-06 14:09:05,F2,2.0756,OK,0
2026-07-06 14:09:16,F2,2.0724,OK,0
2026-07-06 14:09:26,F2,2.0693,OK,0
2026-07-06 14:09:36,F2,2.0661,OK,0
2026-07-06 14:09:47,F2,2.0629,OK,0
2026-07-06 14:09:57,F2,2.0597,OK,0
2026-07-06 14:10:07,F2,2.0566,OK,0
2026-07-06 14:10:17,F2,2.0534,OK,0
2026-07-06 14:10:28,F2,2.0502,OK,0
2026-07-06 14:10:38,F2,2.0470,OK,0
2026-07-06 14:10:48,F2,2.0438,OK,0
2026-07-06 14:10:59,F2,2.0406,OK,0
2026-07-06 14:11:09,F2,2.0374,OK,0
2026-07-06 14:11:19,F2,2.0342,OK,0
2026-07-06 14:11:30,F2,2.0310,OK,0
2026-07-06 14:11:40,F2,2.0278,OK,0
2026-07-06 14:11:50,F2,2.0246,OK,0
2026-07-06 14:12:01,F2,2.0214,OK,0
2026-07-06 14:12:11,F2,2.0182,OK,0
2026-07-06 14:12:21,F2,2.0149,OK,0
2026-07-06 14:12:31,F2,2.0117,OK,0
2026-07-06 14:12:42,F2,2.0085,OK,0
2026-07-06 14:12:52,F2,2.0053,OK,0
2026-07-06 14:13:02,F2,2.0021,OK,0
2026-07-06 14:13:13,F2,1.9989,OK,0
2026-07-06 14:13:23,F2,1.9956,OK,0
2026-07-06 14:13:33,F2,1.9924,OK,1
2026-07-06 14:13:44,F2,1.9892,OK,0
2026-07-06 14:13:54,F2,1.9860,OK,0
2026-07-06 14:14:04,F2,1.9827,OK,0
2026-07-06 14:14:14,F2,1.9795,OK,0
2026-07-06 14:14:25,F2,1.9763,OK,0
2026-07-06 14:14:35,F2,1.9730,OK,0
2026-07-06 14:14:45,F2,1.9698,OK,0
2026-07-06 14:14:56,F2,1.9666,OK,0
2026-07-06 14:15:06,F2,1.9634,OK,0
2026-07-06 14:15:16,F2,1.9601,OK,0
2026-07-06 14:15:27,F2,1.9569,OK,0
2026-07-06 14:15:37,F2,1.9537,OK,0
2026-07-06 14:15:47,F2,1.9504,OK,0
2026-07-06 14:15:58,F2,1.9472,OK,0
2026-07-06 14:16:08,F2,1.9439,OK,0
2026-07-06 14:16:18,F2,1.9407,OK,0
2026-07-06 14:16:29,F2,1.9375,OK,0
2026-07-06 14:16:39,F2,1.9342,OK,0
2026-07-06 14:16:49,F2,1.9310,OK,0
2026-07-06 14:16:59,F2,1.9277,OK,0
2026-07-06 14:17:10,F2,1.9245,OK,0
2026-07-06 14:17:20,F2,1.9213,OK,0
2026-07-06 14:17:30,F2,1.9180,OK,0
2026-07-06 14:17:41,F2,1.9148,OK,0
2026-07-06 14:17:51,F2,1.9115,OK,0
2026-07-06 14:18:01,F2,1.9083,OK,0
2026-07-06 14:18:12,F2,1.9050,OK,0
2026-07-06 14:18:22,F2,1.9018,OK,0
2026-07-06 14:18:32,F2,1.8986,OK,0
2026-07-06 14:18:42,F2,1.8953,OK,0
2026-07-06 14:18:53,F2,1.8921,OK,0
2026-07-06 14:19:03,F2,1.8889,OK,0
2026-07-06 14:19:13,F2,1.8856,OK,0
2026-07-06 14:19:24,F2,1.8824,OK,0
2026-07-06 14:19:34,F2,1.8792,OK,0
2026-07-06 14:19:44,F2,1.8760,OK,0
2026-07-06 14:19:55,F2,1.8727,OK,0
2026-07-06 14:20:05,F2,1.8695,OK,0
2026-07-06 14:20:15,F2,1.8663,OK,0
2026-07-06 14:20:26,F2,1.8631,OK,0
2026-07-06 14:20:36,F2,1.8599,OK,0
2026-07-06 14:20:46,F2,1.8568,OK,0
2026-07-06 14:20:57,F2,1.8536,OK,0
2026-07-06 14:21:07,F2,1.8504,OK,0
2026-07-06 14:21:17,F2,1.8472,OK,0
2026-07-06 14:21:27,F2,1.8441,OK,0
2026-07-06 14:21:38,F2,1.8409,OK,0
2026-07-06 14:21:48,F2,1.8378,OK,0
2026-07-06 14:21:58,F2,1.8347,OK,0
2026-07-06 14:22:09,F2,1.8315,OK,0
2026-07-06 14:22:19,F2,1.8284,OK,0
2026-07-06 14:22:29,F2,1.8253,OK,0
2026-07-06 14:22:40,F2,1.8222,OK,0
2026-07-06 14:22:50,F2,1.8192,OK,0
2026-07-06 14:23:00,F2,1.8161,OK,0
2026-07-06 14:23:10,F2,1.8130,OK,0
2026-07-06 14:23:21,F2,1.8100,OK,0
2026-07-06 14:23:31,F2,1.8069,OK,0
2026-07-06 14:23:41,F2,1.8039,OK,0
2026-07-06 14:23:52,F2,1.8008,OK,0
2026-07-06 14:24:02,F2,1.7978,OK,0
2026-07-06 14:24:12,F2,1.7948,OK,0
2026-07-06 14:24:23,F2,1.7918,OK,0
2026-07-06 14:24:33,F2,1.7888,OK,0
2026-07-06 14:24:43,F2,1.7859,OK,0
2026-07-06 14:24:54,F2,1.7829,OK,0
2026-07-06 14:25:04,F2,1.7800,OK,0
2026-07-06 14:25:14,F2,1.7770,OK,0
2026-07-06 14:25:24,F2,1.7741,OK,0
2026-07-06 14:25:35,F2,1.7712,OK,0
2026-07-06 14:25:45,F2,1.7683,OK,0
2026-07-06 14:25:55,F2,1.7654,OK,1
2026-07-06 14:26:06,F2,1.7625,OK,0
2026-07-06 14:26:16,F2,1.7596,OK,0
2026-07-06 14:26:26,F2,1.7567,OK,0
2026-07-06 14:26:37,F2,1.7539,OK,0
2026-07-06 14:26:47,F2,1.7510,OK,0
2026-07-06 14:26:57,F2,1.7482,OK,0
2026-07-06 14:27:07,F2,1.7454,OK,0
2026-07-06 14:27:18,F2,1.7426,OK,0
2026-07-06 14:27:28,F2,1.7398,OK,0
2026-07-06 14:27:38,F2,1.7370,OK,0
2026-07-06 14:27:49,F2,1.7342,OK,0
2026-07-06 14:27:59,F2,1.7314,OK,0
2026-07-06 14:28:09,F2,1.7287,OK,0
2026-07-06 14:28:20,F2,1.7259,OK,0
2026-07-06 14:28:30,F2,1.7232,OK,0
2026-07-06 14:28:40,F2,1.7205,OK,0
2026-07-06 14:28:50,F2,1.7178,OK,0
2026-07-06 14:29:01,F2,1.7151,OK,1
2026-07-06 14:29:11,F2,1.7124,OK,0
2026-07-06 14:29:21,F2,1.7097,OK,0
2026-07-06 14:29:32,F2,1.7070,OK,0
2026-07-06 14:29:42,F2,1.7044,OK,0
2026-07-06 14:29:52,F2,1.7017,OK,0
2026-07-06 14:30:03,F2,1.6991,OK,0
2026-07-06 14:30:13,F2,1.6964,OK,0
2026-07-06 14:30:23,F2,1.6938,OK,0
2026-07-06 14:30:33,F2,1.6912,OK,0
2026-07-06 14:30:44,F2,1.6886,OK,0
2026-07-06 14:30:54,F2,1.6860,OK,0
2026-07-06 14:31:04,F2,1.6834,OK,0
2026-07-06 14:31:15,F2,1.6809,OK,1
2026-07-06 14:31:25,F2,1.6783,OK,1
2026-07-06 14:31:35,F2,1.6757,OK,0
2026-07-06 14:31:46,F2,1.6732,OK,0
2026-07-06 14:31:56,F2,1.6707,OK,0
2026-07-06 14:32:06,F2,1.6681,OK,0
2026-07-06 14:32:17,F2,1.6656,OK,0
2026-07-06 14:32:27,F2,1.6631,OK,0
2026-07-06 14:32:37,F2,1.6606,OK,0
2026-07-06 14:32:47,F2,1.6582,OK,0
2026-07-06 14:32:58,F2,1.6557,OK,0
2026-07-06 14:33:08,F2,1.6532,OK,0
2026-07-06 14:33:18,F2,1.6508,OK,0
2026-07-06 14:33:29,F2,1.6483,OK,0
2026-07-06 14:33:39,F2,1.6459,OK,0
2026-07-06 14:33:49,F2,1.6435,OK,1
2026-07-06 14:34:00,F2,1.6411,Bajo rango,1
2026-07-06 14:34:10,F2,1.6387,OK,1
2026-07-06 14:34:20,F2,1.6363,OK,1
2026-07-06 14:34:30,F2,1.6340,OK,1
2026-07-06 14:34:41,F2,1.6316,OK,0
2026-07-06 14:34:51,F2,1.6293,OK,0
2026-07-06 14:35:01,F2,1.6270,OK,0
2026-07-06 14:35:12,F2,1.6247,OK,0
2026-07-06 14:35:22,F2,1.6224,OK,0
2026-07-06 14:35:32,F2,1.6201,OK,0
2026-07-06 14:35:43,F2,1.6178,OK,0
2026-07-06 14:35:53,F2,1.6156,OK,0
2026-07-06 14:36:03,F2,1.6133,OK,0
2026-07-06 14:36:13,F2,1.6111,OK,0
2026-07-06 14:36:24,F2,1.6088,OK,0
2026-07-06 14:36:34,F2,1.6066,OK,0
2026-07-06 14:36:44,F2,1.6044,OK,0
2026-07-06 14:36:55,F2,1.6022,OK,0
2026-07-06 14:37:05,F2,1.6000,OK,0
2026-07-06 14:37:15,F2,1.5978,OK,0
2026-07-06 14:37:26,F2,1.5956,OK,0
2026-07-06 14:37:36,F2,1.5935,OK,0
2026-07-06 14:37:46,F2,1.5913,OK,0
2026-07-06 14:37:57,F2,1.5891,OK,0
2026-07-06 14:38:07,F2,1.5870,OK,0
2026-07-06 14:38:17,F2,1.5848,OK,0
2026-07-06 14:38:27,F2,1.5827,OK,0
2026-07-06 14:38:38,F2,1.5805,OK,0
2026-07-06 14:38:48,F2,1.5784,OK,0
2026-07-06 14:38:58,F2,1.5762,OK,0
2026-07-06 14:39:09,F2,1.5741,OK,0
2026-07-06 14:39:19,F2,1.5720,OK,0
2026-07-06 14:39:29,F2,1.5699,OK,0
2026-07-06 14:39:40,F2,1.5677,OK,0
2026-07-06 14:39:50,F2,1.5656,OK,0
2026-07-06 14:40:00,F2,1.5635,OK,0
2026-07-06 14:40:11,F2,1.5614,OK,0
2026-07-06 14:40:21,F2,1.5593,OK,0
2026-07-06 14:40:31,F2,1.5572,OK,0
2026-07-06 14:40:41,F2,1.5551,OK,0
2026-07-06 14:40:52,F2,1.5530,OK,0
2026-07-06 14:41:02,F2,1.5509,OK,0
2026-07-06 14:41:12,F2,1.5488,OK,0
2026-07-06 14:41:23,F2,1.5467,OK,0
2026-07-06 14:41:33,F2,1.5446,OK,0
2026-07-06 14:41:43,F2,1.5426,OK,0
2026-07-06 14:41:54,F2,1.5405,OK,0
2026-07-06 14:42:04,F2,1.5384,OK,0
2026-07-06 14:42:14,F2,1.5363,OK,0
2026-07-06 14:42:24,F2,1.5342,OK,0
2026-07-06 14:42:35,F2,1.5322,OK,0
2026-07-06 14:42:45,F2,1.5301,OK,0
2026-07-06 14:42:55,F2,1.5280,OK,0
2026-07-06 14:43:06,F2,1.5259,OK,0
2026-07-06 14:43:16,F2,1.5239,OK,0
2026-07-06 14:43:26,F2,1.5218,OK,0
2026-07-06 14:43:37,F2,1.5198,OK,0
2026-07-06 14:43:47,F2,1.5177,OK,0
2026-07-06 14:43:57,F2,1.5156,OK,0
2026-07-06 14:44:08,F2,1.5136,OK,0
2026-07-06 14:44:18,F2,1.5115,OK,0
2026-07-06 14:44:28,F2,1.5095,OK,0
2026-07-06 14:44:39,F2,1.5074,OK,0
2026-07-06 14:44:50,F2,1.5054,OK,0
2026-07-06 14:45:01,F2,1.5033,OK,0
2026-07-06 14:45:11,F2,1.5013,OK,0
2026-07-06 14:45:21,F2,1.4993,OK,0
2026-07-06 14:45:32,F2,1.4972,OK,1
2026-07-06 14:45:42,F2,1.4952,OK,1
2026-07-06 14:45:52,F2,1.4932,OK,0
2026-07-06 14:46:03,F2,1.4911,OK,0
2026-07-06 14:46:13,F2,1.4891,OK,0
2026-07-06 14:46:23,F2,1.4871,OK,0
2026-07-06 14:46:33,F2,1.4850,OK,0
2026-07-06 14:46:44,F2,1.4830,OK,0
2026-07-06 14:46:54,F2,1.4810,OK,0
2026-07-06 14:47:04,F2,1.4790,OK,0
2026-07-06 14:47:15,F2,1.4770,OK,0
2026-07-06 14:47:25,F2,1.4750,OK,0
2026-07-06 14:47:35,F2,1.4729,OK,0
2026-07-06 14:47:46,F2,1.4709,OK,0
2026-07-06 14:47:56,F2,1.4689,OK,0
2026-07-06 14:48:06,F2,1.4670,OK,0
2026-07-06 14:48:16,F2,1.4650,OK,0
2026-07-06 14:48:27,F2,1.4630,OK,0
2026-07-06 14:48:37,F2,1.4610,OK,0
2026-07-06 14:48:47,F2,1.4590,OK,0
2026-07-06 14:48:58,F2,1.4570,OK,0
2026-07-06 14:49:08,F2,1.4551,OK,0
2026-07-06 14:49:18,F2,1.4531,OK,0
2026-07-06 14:49:29,F2,1.4511,OK,0
2026-07-06 14:49:39,F2,1.4492,OK,0
2026-07-06 14:49:49,F2,1.4472,OK,0
2026-07-06 14:50:00,F2,1.4453,OK,0
2026-07-06 14:50:10,F2,1.4434,OK,0
2026-07-06 14:50:20,F2,1.4414,OK,0
2026-07-06 14:50:30,F2,1.4395,OK,0
2026-07-06 14:50:41,F2,1.4376,OK,0
2026-07-06 14:50:51,F2,1.4357,OK,0
2026-07-06 14:51:01,F2,1.4338,OK,0
2026-07-06 14:51:12,F2,1.4319,OK,0
2026-07-06 14:51:22,F2,1.4300,OK,0
2026-07-06 14:51:32,F2,1.4281,OK,0
2026-07-06 14:51:43,F2,1.4263,OK,0
2026-07-06 14:51:53,F2,1.4244,OK,0
2026-07-06 14:52:03,F2,1.4226,OK,0
2026-07-06 14:52:13,F2,1.4207,OK,0
2026-07-06 14:52:24,F2,1.4189,OK,0
2026-07-06 14:52:34,F2,1.4171,OK,0
2026-07-06 14:52:44,F2,1.4153,OK,0
2026-07-06 14:52:55,F2,1.4135,OK,0
2026-07-06 14:53:05,F2,1.4118,OK,0
2026-07-06 14:53:15,F2,1.4100,OK,0
2026-07-06 14:53:25,F2,1.4083,OK,0
2026-07-06 14:53:36,F2,1.4065,OK,0
2026-07-06 14:53:46,F2,1.4048,OK,0
2026-07-06 14:53:56,F2,1.4031,OK,0
2026-07-06 14:54:07,F2,1.4014,OK,0
2026-07-06 14:54:17,F2,1.3997,OK,0
2026-07-06 14:54:27,F2,1.3980,OK,0
2026-07-06 14:54:38,F2,1.3964,OK,0
2026-07-06 14:54:48,F2,1.3947,OK,0
2026-07-06 14:54:58,F2,1.3931,OK,0
2026-07-06 14:55:09,F2,1.3915,OK,0
2026-07-06 14:55:19,F2,1.3899,OK,0
2026-07-06 14:55:29,F2,1.3883,OK,0
2026-07-06 14:55:40,F2,1.3867,OK,1
2026-07-06 14:55:50,F2,1.3851,OK,0
2026-07-06 14:56:00,F2,1.3836,OK,0
2026-07-06 14:56:10,F2,1.3820,OK,0
2026-07-06 14:56:21,F2,1.3805,OK,0
2026-07-06 14:56:31,F2,1.3790,OK,0
2026-07-06 14:56:41,F2,1.3775,OK,0
2026-07-06 14:56:52,F2,1.3760,OK,0
2026-07-06 14:57:02,F2,1.3745,OK,0
2026-07-06 14:57:12,F2,1.3730,OK,0
2026-07-06 14:57:22,F2,1.3716,OK,0
2026-07-06 14:57:33,F2,1.3701,OK,0
2026-07-06 14:57:43,F2,1.3687,OK,0
2026-07-06 14:57:53,F2,1.3673,OK,0
2026-07-06 14:58:04,F2,1.3658,OK,0
2026-07-06 14:58:14,F2,1.3644,OK,0
2026-07-06 14:58:24,F2,1.3630,OK,0
2026-07-06 14:58:35,F2,1.3617,OK,0
2026-07-06 14:58:45,F2,1.3603,OK,0
2026-07-06 14:58:55,F2,1.3589,OK,0
2026-07-06 14:59:05,F2,1.3576,OK,0
2026-07-06 14:59:16,F2,1.3562,OK,0
2026-07-06 14:59:26,F2,1.3549,OK,0
2026-07-06 14:59:36,F2,1.3536,OK,0
2026-07-06 14:59:47,F2,1.3523,OK,0
2026-07-06 14:59:57,F2,1.3510,OK,0
2026-07-06 15:00:07,F2,1.3497,OK,0
2026-07-06 15:00:18,F2,1.3484,OK,0
2026-07-06 15:00:28,F2,1.3471,OK,0
2026-07-06 15:00:38,F2,1.3459,OK,0
2026-07-06 15:00:49,F2,1.3446,OK,0
2026-07-06 15:00:59,F2,1.3434,OK,0
2026-07-06 15:01:09,F2,1.3422,OK,0
2026-07-06 15:01:19,F2,1.3410,OK,0
2026-07-06 15:01:30,F2,1.3398,OK,0
2026-07-06 15:01:40,F2,1.3386,OK,0
2026-07-06 15:01:50,F2,1.3374,OK,0
2026-07-06 15:02:01,F2,1.3363,OK,0
2026-07-06 15:02:11,F2,1.3351,OK,0
2026-07-06 15:02:21,F2,1.3340,OK,0
2026-07-06 15:02:32,F2,1.3329,OK,0
2026-07-06 15:02:42,F2,1.3317,OK,0
2026-07-06 15:02:52,F2,1.3307,OK,0
2026-07-06 15:03:02,F2,1.3296,OK,0
2026-07-06 15:03:13,F2,1.3285,OK,0
2026-07-06 15:03:23,F2,1.3275,OK,0
2026-07-06 15:03:33,F2,1.3264,OK,0
2026-07-06 15:03:44,F2,1.3254,OK,0
2026-07-06 15:03:54,F2,1.3244,OK,0
2026-07-06 15:04:04,F2,1.3234,OK,0
2026-07-06 15:04:14,F2,1.3224,OK,0
2026-07-06 15:04:25,F2,1.3215,OK,0
2026-07-06 15:04:35,F2,1.3205,OK,0
2026-07-06 15:04:45,F2,1.3196,OK,0
2026-07-06 15:04:56,F2,1.3187,OK,0
2026-07-06 15:05:06,F2,1.3178,OK,0
2026-07-06 15:05:16,F2,1.3169,OK,0
2026-07-06 15:05:27,F2,1.3160,OK,0
2026-07-06 15:05:37,F2,1.3151,OK,0
2026-07-06 15:05:47,F2,1.3143,OK,0
2026-07-06 15:05:58,F2,1.3135,OK,0
2026-07-06 15:06:08,F2,1.3127,OK,0
2026-07-06 15:06:18,F2,1.3119,OK,0
2026-07-06 15:06:28,F2,1.3111,OK,0
2026-07-06 15:06:39,F2,1.3104,OK,0
2026-07-06 15:06:49,F2,1.3096,OK,0
2026-07-06 15:06:59,F2,1.3089,OK,0
2026-07-06 15:07:10,F2,1.3082,OK,0
2026-07-06 15:07:20,F2,1.3075,OK,0
2026-07-06 15:07:30,F2,1.3068,OK,0
2026-07-06 15:07:40,F2,1.3061,OK,0
2026-07-06 15:07:51,F2,1.3055,OK,0
2026-07-06 15:08:01,F2,1.3049,OK,0
2026-07-06 15:08:11,F2,1.3042,OK,0
2026-07-06 15:08:22,F2,1.3036,OK,0
2026-07-06 15:08:32,F2,1.3031,OK,0
2026-07-06 15:08:42,F2,1.3025,OK,0
2026-07-06 15:08:53,F2,1.3019,OK,0
2026-07-06 15:09:03,F2,1.3014,OK,0
2026-07-06 15:09:13,F2,1.3009,OK,0
2026-07-06 15:09:23,F2,1.3004,OK,0
2026-07-06 15:09:34,F2,1.2999,OK,0
2026-07-06 15:09:44,F2,1.2995,OK,0
2026-07-06 15:09:54,F2,1.2990,OK,0
2026-07-06 15:10:05,F2,1.2986,OK,0
2026-07-06 15:10:15,F2,1.2981,OK,0
2026-07-06 15:10:25,F2,1.2977,OK,0
2026-07-06 15:10:36,F2,1.2974,OK,0
2026-07-06 15:10:46,F2,1.2970,OK,0
2026-07-06 15:10:56,F2,1.2966,OK,0
2026-07-06 15:11:06,F2,1.2963,OK,0
2026-07-06 15:11:17,F2,1.2959,OK,0
2026-07-06 15:11:27,F2,1.2956,OK,0
2026-07-06 15:11:37,F2,1.2953,OK,0
2026-07-06 15:11:48,F2,1.2950,OK,0
2026-07-06 15:11:58,F2,1.2948,OK,0
2026-07-06 15:12:08,F2,1.2945,OK,0
2026-07-06 15:12:19,F2,1.2943,OK,0
2026-07-06 15:12:29,F2,1.2940,OK,0
2026-07-06 15:12:39,F2,1.2938,OK,0
2026-07-06 15:12:50,F2,1.2936,OK,0
2026-07-06 15:13:00,F2,1.2934,OK,0
2026-07-06 15:13:10,F2,1.2932,OK,0
2026-07-06 15:13:20,F2,1.2931,OK,0
2026-07-06 15:13:31,F2,1.2929,OK,0
2026-07-06 15:13:41,F2,1.2928,OK,0
2026-07-06 15:13:51,F2,1.2926,OK,0
2026-07-06 15:14:02,F2,1.2925,OK,0
2026-07-06 15:14:12,F2,1.2924,OK,0
2026-07-06 15:14:22,F2,1.2923,OK,0
2026-07-06 15:14:33,F2,1.2922,OK,0
2026-07-06 15:14:43,F2,1.2921,OK,0
2026-07-06 15:14:53,F2,1.2921,OK,0
2026-07-06 15:15:04,F2,1.2920,OK,0
2026-07-06 15:15:14,F2,1.2920,OK,0
2026-07-06 15:15:24,F2,1.2919,OK,0
2026-07-06 15:15:34,F2,1.2919,OK,0
2026-07-06 15:15:45,F2,1.2919,OK,0
2026-07-06 15:15:55,F2,1.2918,OK,0
2026-07-06 15:16:05,F2,1.2918,OK,0
2026-07-06 15:16:16,F2,1.2918,OK,0
2026-07-06 15:16:26,F2,1.2918,OK,0
2026-07-06 15:16:36,F2,1.2919,OK,0
2026-07-06 15:16:47,F2,1.2919,OK,0
2026-07-06 15:16:57,F2,1.2919,OK,0
2026-07-06 15:17:07,F2,1.2920,OK,0
2026-07-06 15:17:18,F2,1.2920,OK,0
2026-07-06 15:17:28,F2,1.2921,OK,0
2026-07-06 15:17:38,F2,1.2922,OK,0
2026-07-06 15:17:49,F2,1.2922,OK,0
2026-07-06 15:17:59,F2,1.2923,OK,0
2026-07-06 15:18:09,F2,1.2924,OK,0
2026-07-06 15:18:20,F2,1.2925,OK,0
2026-07-06 15:18:30,F2,1.2927,OK,0
2026-07-06 15:18:40,F2,1.2928,OK,0
2026-07-06 15:18:51,F2,1.2929,OK,0
2026-07-06 15:19:01,F2,1.2931,OK,0
2026-07-06 15:19:11,F2,1.2933,OK,0
2026-07-06 15:19:22,F2,1.2934,OK,0
2026-07-06 15:19:32,F2,1.2936,OK,0
2026-07-06 15:19:42,F2,1.2938,OK,0
2026-07-06 15:19:52,F2,1.2940,OK,0
2026-07-06 15:20:03,F2,1.2942,OK,0
2026-07-06 15:20:13,F2,1.2945,OK,0
2026-07-06 15:20:23,F2,1.2947,OK,0
2026-07-06 15:20:34,F2,1.2950,OK,0
2026-07-06 15:20:44,F2,1.2953,OK,0
2026-07-06 15:20:54,F2,1.2955,OK,0
2026-07-06 15:21:05,F2,1.2958,OK,0
2026-07-06 15:21:15,F2,1.2961,OK,0
2026-07-06 15:21:25,F2,1.2965,OK,0
2026-07-06 15:21:36,F2,1.2968,OK,0
2026-07-06 15:21:46,F2,1.2971,OK,0
2026-07-06 15:21:56,F2,1.2975,OK,0
2026-07-06 15:22:07,F2,1.2979,OK,0
2026-07-06 15:22:17,F2,1.2982,OK,0
2026-07-06 15:22:27,F2,1.2986,OK,0
2026-07-06 15:22:38,F2,1.2990,OK,0
2026-07-06 15:22:48,F2,1.2995,OK,0
2026-07-06 15:22:58,F2,1.2999,OK,0
2026-07-06 15:23:09,F2,1.3003,OK,0
2026-07-06 15:23:19,F2,1.3008,OK,0
2026-07-06 15:23:29,F2,1.3013,OK,0
2026-07-06 15:23:39,F2,1.3017,OK,0
2026-07-06 15:23:50,F2,1.3022,OK,0
2026-07-06 15:24:00,F2,1.3027,OK,0
2026-07-06 15:24:10,F2,1.3032,OK,0
2026-07-06 15:24:21,F2,1.3037,OK,0
2026-07-06 15:24:31,F2,1.3043,OK,0
2026-07-06 15:24:41,F2,1.3048,OK,0
2026-07-06 15:24:52,F2,1.3053,OK,0
2026-07-06 15:25:02,F2,1.3059,OK,0
2026-07-06 15:25:12,F2,1.3064,OK,0
2026-07-06 15:25:23,F2,1.3070,OK,0
2026-07-06 15:25:33,F2,1.3076,OK,0
2026-07-06 15:25:43,F2,1.3082,OK,0
2026-07-06 15:25:53,F2,1.3087,OK,0
2026-07-06 15:26:04,F2,1.3093,OK,0
2026-07-06 15:26:14,F2,1.3099,OK,0
2026-07-06 15:26:24,F2,1.3105,OK,0
2026-07-06 15:26:35,F2,1.3111,OK,0
2026-07-06 15:26:45,F2,1.3118,OK,0
2026-07-06 15:26:55,F2,1.3124,OK,0
2026-07-06 15:27:06,F2,1.3130,OK,0
2026-07-06 15:27:16,F2,1.3136,OK,0
2026-07-06 15:27:26,F2,1.3143,OK,0
2026-07-06 15:27:36,F2,1.3149,OK,0
2026-07-06 15:27:47,F2,1.3156,OK,0
2026-07-06 15:27:57,F2,1.3162,OK,0
2026-07-06 15:28:07,F2,1.3169,OK,0
2026-07-06 15:28:18,F2,1.3175,OK,0
2026-07-06 15:28:28,F2,1.3182,OK,0
2026-07-06 15:28:38,F2,1.3188,OK,0
2026-07-06 15:28:49,F2,1.3195,OK,0
2026-07-06 15:28:59,F2,1.3202,OK,0
2026-07-06 15:29:09,F2,1.3209,OK,0
2026-07-06 15:29:19,F2,1.3215,OK,0
2026-07-06 15:29:30,F2,1.3222,OK,0
2026-07-06 15:29:40,F2,1.3229,OK,0
2026-07-06 15:29:50,F2,1.3236,OK,0
2026-07-06 15:30:01,F2,1.3243,OK,0
2026-07-06 15:30:11,F2,1.3250,OK,0
2026-07-06 15:30:21,F2,1.3257,OK,0
2026-07-06 15:30:31,F2,1.3264,OK,0
2026-07-06 15:30:42,F2,1.3271,OK,0
2026-07-06 15:30:52,F2,1.3279,OK,1
2026-07-06 15:31:02,F2,1.3286,Bajo rango,1
2026-07-06 15:31:13,F2,1.3293,Bajo rango,1
2026-07-06 15:31:23,F2,1.3301,Bajo rango,1
2026-07-06 15:31:33,F2,1.3308,Bajo rango,1
2026-07-06 15:31:44,F2,1.3315,OK,0
2026-07-06 15:31:54,F2,1.3323,OK,0
2026-07-06 15:32:04,F2,1.3330,OK,0
2026-07-06 15:32:15,F2,1.3338,OK,0
2026-07-06 15:32:25,F2,1.3346,OK,0
2026-07-06 15:32:35,F2,1.3353,OK,1
2026-07-06 15:32:45,F2,1.3361,OK,1
2026-07-06 15:32:56,F2,1.3369,OK,1
2026-07-06 15:33:06,F2,1.3377,OK,0
2026-07-06 15:33:16,F2,1.3385,OK,0
2026-07-06 15:33:27,F2,1.3393,OK,0
2026-07-06 15:33:37,F2,1.3401,OK,0
2026-07-06 15:33:47,F2,1.3410,OK,0
2026-07-06 15:33:58,F2,1.3418,OK,0
2026-07-06 15:34:08,F2,1.3427,OK,0
2026-07-06 15:34:18,F2,1.3436,OK,0
2026-07-06 15:34:29,F2,1.3444,OK,0
2026-07-06 15:34:39,F2,1.3453,OK,0
2026-07-06 15:34:49,F2,1.3462,OK,0
2026-07-06 15:35:00,F2,1.3472,OK,0
2026-07-06 15:35:10,F2,1.3481,OK,0
2026-07-06 15:35:20,F2,1.3490,OK,0
2026-07-06 15:35:30,F2,1.3500,OK,0
2026-07-06 15:35:41,F2,1.3509,OK,0
2026-07-06 15:35:51,F2,1.3519,OK,0
2026-07-06 15:36:01,F2,1.3529,OK,0
2026-07-06 15:36:12,F2,1.3539,OK,0
2026-07-06 15:36:22,F2,1.3549,OK,0
2026-07-06 15:36:32,F2,1.3559,OK,0
2026-07-06 15:36:43,F2,1.3569,OK,0
2026-07-06 15:36:53,F2,1.3580,OK,0
2026-07-06 15:37:03,F2,1.3590,OK,0
2026-07-06 15:37:14,F2,1.3600,OK,0
2026-07-06 15:37:24,F2,1.3611,OK,0
2026-07-06 15:37:34,F2,1.3621,OK,0
2026-07-06 15:37:44,F2,1.3632,OK,0
2026-07-06 15:37:55,F2,1.3643,OK,0
2026-07-06 15:38:05,F2,1.3654,OK,0
2026-07-06 15:38:15,F2,1.3664,OK,0
2026-07-06 15:38:26,F2,1.3675,OK,0
2026-07-06 15:38:36,F2,1.3686,OK,0
2026-07-06 15:38:46,F2,1.3697,OK,0
2026-07-06 15:38:56,F2,1.3708,OK,0
2026-07-06 15:39:07,F2,1.3719,OK,0
2026-07-06 15:39:17,F2,1.3730,OK,0
2026-07-06 15:39:27,F2,1.3742,OK,0
2026-07-06 15:39:38,F2,1.3753,OK,0
2026-07-06 15:39:48,F2,1.3764,OK,0
2026-07-06 15:39:58,F2,1.3775,OK,0
2026-07-06 15:40:09,F2,1.3787,OK,0
2026-07-06 15:40:19,F2,1.3798,OK,0
2026-07-06 15:40:29,F2,1.3810,OK,0
2026-07-06 15:40:40,F2,1.3821,OK,0
2026-07-06 15:40:50,F2,1.3833,OK,0
2026-07-06 15:41:00,F2,1.3844,OK,0
2026-07-06 15:41:11,F2,1.3856,OK,0
2026-07-06 15:41:21,F2,1.3867,OK,0
2026-07-06 15:41:31,F2,1.3879,OK,0
2026-07-06 15:41:41,F2,1.3891,OK,0
2026-07-06 15:41:52,F2,1.3903,OK,0
2026-07-06 15:42:02,F2,1.3914,OK,0
2026-07-06 15:42:12,F2,1.3926,OK,0
2026-07-06 15:42:23,F2,1.3938,OK,0
2026-07-06 15:42:33,F2,1.3950,OK,0
2026-07-06 15:42:43,F2,1.3962,OK,0
2026-07-06 15:42:54,F2,1.3974,OK,0
2026-07-06 15:43:04,F2,1.3986,OK,0
2026-07-06 15:43:14,F2,1.3998,OK,0
2026-07-06 15:43:25,F2,1.4010,OK,0
2026-07-06 15:43:35,F2,1.4022,OK,0
2026-07-06 15:43:45,F2,1.4034,OK,0
2026-07-06 15:43:55,F2,1.4047,OK,0
2026-07-06 15:44:06,F2,1.4059,OK,0
2026-07-06 15:44:16,F2,1.4071,OK,0
2026-07-06 15:44:26,F2,1.4084,OK,0
2026-07-06 15:44:37,F2,1.4096,OK,0
2026-07-06 15:44:47,F2,1.4109,OK,0
2026-07-06 15:44:57,F2,1.4121,OK,0
2026-07-06 15:45:08,F2,1.4134,OK,0
2026-07-06 15:45:18,F2,1.4146,OK,0
2026-07-06 15:45:28,F2,1.4159,OK,0
2026-07-06 15:45:39,F2,1.4172,OK,0
2026-07-06 15:45:49,F2,1.4184,OK,0
2026-07-06 15:45:59,F2,1.4197,OK,0
2026-07-06 15:46:10,F2,1.4210,OK,0
2026-07-06 15:46:20,F2,1.4222,OK,0
2026-07-06 15:46:30,F2,1.4235,OK,0
2026-07-06 15:46:41,F2,1.4248,OK,0
2026-07-06 15:46:51,F2,1.4261,OK,0
2026-07-06 15:47:01,F2,1.4274,OK,0
2026-07-06 15:47:12,F2,1.4287,OK,1
2026-07-06 15:47:22,F2,1.4300,OK,0
2026-07-06 15:47:32,F2,1.4313,OK,0
2026-07-06 15:47:43,F2,1.4326,OK,0
2026-07-06 15:47:53,F2,1.4339,OK,0
2026-07-06 15:48:03,F2,1.4352,OK,0
2026-07-06 15:48:13,F2,1.4365,OK,0
2026-07-06 15:48:24,F2,1.4378,OK,0
2026-07-06 15:48:34,F2,1.4391,OK,0
2026-07-06 15:48:44,F2,1.4404,OK,0
2026-07-06 15:48:55,F2,1.4417,OK,0
2026-07-06 15:49:05,F2,1.4431,OK,0
2026-07-06 15:49:15,F2,1.4444,OK,0
2026-07-06 15:49:26,F2,1.4457,OK,0
2026-07-06 15:49:36,F2,1.4470,OK,0
2026-07-06 15:49:46,F2,1.4483,OK,0
2026-07-06 15:49:57,F2,1.4496,OK,0
2026-07-06 15:50:07,F2,1.4510,OK,0
2026-07-06 15:50:17,F2,1.4523,OK,0
2026-07-06 15:50:28,F2,1.4536,OK,0
2026-07-06 15:50:38,F2,1.4549,OK,0
2026-07-06 15:50:48,F2,1.4562,OK,0
2026-07-06 15:50:59,F2,1.4575,OK,0
2026-07-06 15:51:09,F2,1.4588,OK,0
2026-07-06 15:51:19,F2,1.4601,OK,0
2026-07-06 15:51:30,F2,1.4614,OK,0
2026-07-06 15:51:40,F2,1.4627,OK,0
2026-07-06 15:51:50,F2,1.4640,OK,0
2026-07-06 15:52:00,F2,1.4653,OK,0
2026-07-06 15:52:11,F2,1.4666,OK,0
2026-07-06 15:52:21,F2,1.4679,OK,0
2026-07-06 15:52:31,F2,1.4691,OK,0
2026-07-06 15:52:42,F2,1.4704,OK,0
2026-07-06 15:52:52,F2,1.4716,OK,0
2026-07-06 15:53:02,F2,1.4729,OK,0
2026-07-06 15:53:13,F2,1.4742,OK,0
2026-07-06 15:53:23,F2,1.4754,OK,0
2026-07-06 15:53:33,F2,1.4766,OK,0
2026-07-06 15:53:43,F2,1.4779,OK,0
2026-07-06 15:53:54,F2,1.4791,OK,0
2026-07-06 15:54:04,F2,1.4803,OK,0
2026-07-06 15:54:14,F2,1.4815,OK,0
2026-07-06 15:54:25,F2,1.4827,OK,0
2026-07-06 15:54:35,F2,1.4839,OK,0
2026-07-06 15:54:45,F2,1.4851,OK,0
2026-07-06 15:54:56,F2,1.4863,OK,0
2026-07-06 15:55:06,F2,1.4875,OK,0
2026-07-06 15:55:16,F2,1.4886,OK,0
2026-07-06 15:55:26,F2,1.4898,OK,0
2026-07-06 15:55:37,F2,1.4909,OK,0
2026-07-06 15:55:47,F2,1.4921,OK,0
2026-07-06 15:55:57,F2,1.4932,OK,0
2026-07-06 15:56:08,F2,1.4944,OK,0
2026-07-06 15:56:18,F2,1.4955,OK,0
2026-07-06 15:56:28,F2,1.4966,OK,0
2026-07-06 15:56:39,F2,1.4977,OK,0
2026-07-06 15:56:49,F2,1.4988,OK,0
2026-07-06 15:56:59,F2,1.5000,OK,0
2026-07-06 15:57:09,F2,1.5011,OK,0
2026-07-06 15:57:20,F2,1.5022,OK,0
2026-07-06 15:57:30,F2,1.5033,OK,0
2026-07-06 15:57:40,F2,1.5043,OK,0
2026-07-06 15:57:51,F2,1.5054,OK,0
2026-07-06 15:58:01,F2,1.5065,OK,0
2026-07-06 15:58:11,F2,1.5076,OK,0
2026-07-06 15:58:22,F2,1.5087,OK,0
2026-07-06 15:58:32,F2,1.5097,OK,0
2026-07-06 15:58:42,F2,1.5108,OK,0
2026-07-06 15:58:52,F2,1.5119,OK,0
2026-07-06 15:59:03,F2,1.5129,OK,0
2026-07-06 15:59:13,F2,1.5140,OK,0
2026-07-06 15:59:23,F2,1.5151,OK,0
2026-07-06 15:59:34,F2,1.5161,OK,0
2026-07-06 15:59:44,F2,1.5172,OK,0
2026-07-06 15:59:54,F2,1.5182,OK,0
2026-07-06 16:00:05,F2,1.5193,OK,0
2026-07-06 16:00:15,F2,1.5203,OK,0
2026-07-06 16:00:25,F2,1.5214,OK,0
2026-07-06 16:00:35,F2,1.5224,OK,0
2026-07-06 16:00:46,F2,1.5235,OK,0
2026-07-06 16:00:56,F2,1.5245,OK,0
2026-07-06 16:01:06,F2,1.5256,OK,0
2026-07-06 16:01:17,F2,1.5266,OK,0
2026-07-06 16:01:27,F2,1.5276,OK,0
2026-07-06 16:01:37,F2,1.5287,OK,0
2026-07-06 16:01:47,F2,1.5297,OK,0
2026-07-06 16:01:58,F2,1.5307,OK,0
2026-07-06 16:02:08,F2,1.5318,OK,0
2026-07-06 16:02:18,F2,1.5328,OK,0
2026-07-06 16:02:29,F2,1.5338,OK,0
2026-07-06 16:02:39,F2,1.5348,OK,0
2026-07-06 16:02:49,F2,1.5359,OK,0
2026-07-06 16:03:00,F2,1.5369,OK,0
2026-07-06 16:03:10,F2,1.5379,OK,0
2026-07-06 16:03:20,F2,1.5389,OK,0
2026-07-06 16:03:30,F2,1.5399,OK,0
2026-07-06 16:03:41,F2,1.5409,OK,0
2026-07-06 16:03:51,F2,1.5419,OK,0
2026-07-06 16:04:01,F2,1.5429,OK,0
2026-07-06 16:04:12,F2,1.5439,OK,0
2026-07-06 16:04:22,F2,1.5449,OK,0
2026-07-06 16:04:32,F2,1.5459,OK,0
2026-07-06 16:04:43,F2,1.5468,OK,0
2026-07-06 16:04:53,F2,1.5478,OK,0
2026-07-06 16:05:03,F2,1.5488,OK,0
2026-07-06 16:05:13,F2,1.5497,OK,0
2026-07-06 16:05:24,F2,1.5507,OK,0
2026-07-06 16:05:34,F2,1.5517,OK,0
2026-07-06 16:05:44,F2,1.5526,OK,0
2026-07-06 16:05:55,F2,1.5535,OK,0
2026-07-06 16:06:05,F2,1.5545,OK,0
2026-07-06 16:06:15,F2,1.5554,OK,0
2026-07-06 16:06:26,F2,1.5563,OK,0
2026-07-06 16:06:36,F2,1.5572,OK,0
2026-07-06 16:06:46,F2,1.5581,OK,0
2026-07-06 16:06:57,F2,1.5590,OK,0
2026-07-06 16:07:07,F2,1.5599,OK,0
2026-07-06 16:07:17,F2,1.5608,OK,0
2026-07-06 16:07:27,F2,1.5617,OK,0
2026-07-06 16:07:38,F2,1.5626,OK,0
2026-07-06 16:07:48,F2,1.5634,OK,0
2026-07-06 16:07:59,F2,1.5643,OK,0
2026-07-06 16:08:09,F2,1.5651,OK,0
2026-07-06 16:08:19,F2,1.5660,OK,0
2026-07-06 16:08:29,F2,1.5668,OK,0
2026-07-06 16:08:40,F2,1.5676,OK,0
2026-07-06 16:08:50,F2,1.5685,OK,0
2026-07-06 16:09:00,F2,1.5693,OK,0
2026-07-06 16:09:11,F2,1.5701,OK,0
2026-07-06 16:09:21,F2,1.5709,OK,0
2026-07-06 16:09:31,F2,1.5717,OK,0
2026-07-06 16:09:42,F2,1.5725,OK,0
2026-07-06 16:09:52,F2,1.5733,OK,0
2026-07-06 16:10:02,F2,1.5740,OK,0
2026-07-06 16:10:13,F2,1.5748,OK,0
2026-07-06 16:10:23,F2,1.5756,OK,0
2026-07-06 16:10:33,F2,1.5763,OK,0
2026-07-06 16:10:43,F2,1.5771,OK,0
2026-07-06 16:10:54,F2,1.5778,OK,0
2026-07-06 16:11:04,F2,1.5785,OK,0
2026-07-06 16:11:14,F2,1.5793,OK,0
2026-07-06 16:11:25,F2,1.5800,OK,0
2026-07-06 16:11:35,F2,1.5807,OK,0
2026-07-06 16:11:45,F2,1.5814,OK,0
2026-07-06 16:11:56,F2,1.5821,OK,0
2026-07-06 16:12:06,F2,1.5828,OK,0
2026-07-06 16:12:16,F2,1.5835,OK,0
2026-07-06 16:12:27,F2,1.5842,OK,0
2026-07-06 16:12:37,F2,1.5848,OK,0
2026-07-06 16:12:47,F2,1.5855,OK,0
2026-07-06 16:12:57,F2,1.5862,OK,0
2026-07-06 16:13:08,F2,1.5868,OK,0
2026-07-06 16:13:18,F2,1.5875,OK,0
2026-07-06 16:13:28,F2,1.5881,OK,0
2026-07-06 16:13:39,F2,1.5888,OK,0
2026-07-06 16:13:49,F2,1.5894,OK,0
2026-07-06 16:13:59,F2,1.5900,OK,0
2026-07-06 16:14:10,F2,1.5907,OK,0
2026-07-06 16:14:20,F2,1.5913,OK,0
2026-07-06 16:14:30,F2,1.5919,OK,0
2026-07-06 16:14:40,F2,1.5925,OK,0
2026-07-06 16:14:51,F2,1.5931,OK,0
2026-07-06 16:15:01,F2,1.5937,OK,0
2026-07-06 16:15:11,F2,1.5943,OK,0
2026-07-06 16:15:22,F2,1.5949,OK,0
2026-07-06 16:15:32,F2,1.5955,OK,0
2026-07-06 16:15:42,F2,1.5961,OK,0
2026-07-06 16:15:53,F2,1.5967,OK,0
2026-07-06 16:16:03,F2,1.5973,OK,0
2026-07-06 16:16:13,F2,1.5978,OK,0
2026-07-06 16:16:23,F2,1.5984,OK,0
2026-07-06 16:16:34,F2,1.5990,OK,0
2026-07-06 16:16:44,F2,1.5995,OK,0
2026-07-06 16:16:54,F2,1.6001,OK,0
2026-07-06 16:17:05,F2,1.6006,OK,0
2026-07-06 16:17:15,F2,1.6012,OK,1
2026-07-06 16:17:25,F2,1.6017,OK,0
2026-07-06 16:17:36,F2,1.6023,OK,0
2026-07-06 16:17:46,F2,1.6028,OK,0
2026-07-06 16:17:56,F2,1.6033,OK,0
2026-07-06 16:18:07,F2,1.6039,OK,0
2026-07-06 16:18:17,F2,1.6044,OK,0
2026-07-06 16:18:27,F2,1.6049,OK,0
2026-07-06 16:18:38,F2,1.6054,OK,0
2026-07-06 16:18:48,F2,1.6060,OK,0
2026-07-06 16:18:58,F2,1.6065,OK,0
2026-07-06 16:19:08,F2,1.6070,OK,0
2026-07-06 16:19:19,F2,1.6075,OK,0
2026-07-06 16:19:29,F2,1.6079,OK,0
2026-07-06 16:19:39,F2,1.6084,OK,0
2026-07-06 16:19:50,F2,1.6089,OK,0
2026-07-06 16:20:00,F2,1.6094,OK,0
2026-07-06 16:20:10,F2,1.6098,OK,0
2026-07-06 16:20:21,F2,1.6103,OK,0
2026-07-06 16:20:31,F2,1.6107,OK,0
2026-07-06 16:20:41,F2,1.6112,OK,0
2026-07-06 16:20:51,F2,1.6116,OK,0
2026-07-06 16:21:02,F2,1.6120,OK,0
2026-07-06 16:21:12,F2,1.6124,OK,0
2026-07-06 16:21:22,F2,1.6128,OK,0
2026-07-06 16:21:33,F2,1.6132,OK,0
2026-07-06 16:21:43,F2,1.6136,OK,0
2026-07-06 16:21:53,F2,1.6140,OK,0
2026-07-06 16:22:04,F2,1.6144,OK,0
2026-07-06 16:22:14,F2,1.6148,OK,0
2026-07-06 16:22:24,F2,1.6151,OK,0
2026-07-06 16:22:35,F2,1.6155,OK,0
2026-07-06 16:22:45,F2,1.6158,OK,0
2026-07-06 16:22:55,F2,1.6161,OK,0
2026-07-06 16:23:06,F2,1.6164,OK,0
2026-07-06 16:23:16,F2,1.6168,OK,0
2026-07-06 16:23:26,F2,1.6171,OK,0
2026-07-06 16:23:36,F2,1.6173,OK,0
2026-07-06 16:23:47,F2,1.6176,OK,0
2026-07-06 16:23:57,F2,1.6179,OK,0
2026-07-06 16:24:07,F2,1.6182,OK,0
2026-07-06 16:24:18,F2,1.6184,OK,0
2026-07-06 16:24:28,F2,1.6187,OK,0
2026-07-06 16:24:38,F2,1.6189,OK,0
2026-07-06 16:24:49,F2,1.6191,OK,0
2026-07-06 16:24:59,F2,1.6193,OK,0
2026-07-06 16:25:09,F2,1.6195,OK,0
2026-07-06 16:25:20,F2,1.6198,OK,0
2026-07-06 16:25:30,F2,1.6199,OK,0
2026-07-06 16:25:40,F2,1.6201,OK,0
2026-07-06 16:25:50,F2,1.6203,OK,0
2026-07-06 16:26:01,F2,1.6205,OK,0
2026-07-06 16:26:11,F2,1.6207,OK,0
2026-07-06 16:26:21,F2,1.6208,OK,0
2026-07-06 16:26:32,F2,1.6210,OK,0
2026-07-06 16:26:42,F2,1.6211,OK,0
2026-07-06 16:26:53,F2,1.6213,OK,0
2026-07-06 16:27:03,F2,1.6214,OK,0
2026-07-06 16:27:13,F2,1.6216,OK,0
2026-07-06 16:27:23,F2,1.6217,OK,0
2026-07-06 16:27:34,F2,1.6219,OK,0
2026-07-06 16:27:44,F2,1.6220,OK,0
2026-07-06 16:27:54,F2,1.6221,OK,0
2026-07-06 16:28:05,F2,1.6222,OK,0
2026-07-06 16:28:15,F2,1.6224,OK,0
2026-07-06 16:28:25,F2,1.6225,OK,0
2026-07-06 16:28:36,F2,1.6226,OK,0
2026-07-06 16:28:46,F2,1.6227,OK,0
2026-07-06 16:28:56,F2,1.6228,OK,0
2026-07-06 16:29:06,F2,1.6229,OK,0
2026-07-06 16:29:17,F2,1.6230,OK,0
2026-07-06 16:29:27,F2,1.6231,OK,0
2026-07-06 16:29:37,F2,1.6232,OK,0
2026-07-06 16:29:48,F2,1.6233,OK,0
2026-07-06 16:29:58,F2,1.6234,OK,0
2026-07-06 16:30:08,F2,1.6235,OK,0
2026-07-06 16:30:19,F2,1.6236,OK,0
2026-07-06 16:30:29,F2,1.6237,OK,0
2026-07-06 16:30:39,F2,1.6238,OK,0
2026-07-06 16:30:50,F2,1.6239,OK,0
2026-07-06 16:31:00,F2,1.6240,OK,0
2026-07-06 16:31:10,F2,1.6241,OK,0
2026-07-06 16:31:20,F2,1.6241,OK,0
2026-07-06 16:31:31,F2,1.6242,OK,0
2026-07-06 16:31:41,F2,1.6243,OK,0
2026-07-06 16:31:51,F2,1.6244,OK,0
2026-07-06 16:32:02,F2,1.6244,OK,0
2026-07-06 16:32:12,F2,1.6245,OK,0
2026-07-06 16:32:22,F2,1.6246,OK,0
2026-07-06 16:32:33,F2,1.6247,OK,0
2026-07-06 16:32:43,F2,1.6247,OK,0
2026-07-06 16:32:53,F2,1.6248,OK,0
2026-07-06 16:33:04,F2,1.6248,OK,0
2026-07-06 16:33:14,F2,1.6249,OK,0
2026-07-06 16:33:24,F2,1.6250,OK,0
2026-07-06 16:33:34,F2,1.6250,OK,0
2026-07-06 16:33:45,F2,1.6251,OK,0
2026-07-06 16:33:55,F2,1.6251,OK,0
2026-07-06 16:34:05,F2,1.6251,OK,0
2026-07-06 16:34:16,F2,1.6252,OK,0
2026-07-06 16:34:26,F2,1.6252,OK,0
2026-07-06 16:34:36,F2,1.6252,OK,0
2026-07-06 16:34:47,F2,1.6253,OK,0
2026-07-06 16:34:57,F2,1.6253,OK,0
2026-07-06 16:35:07,F2,1.6253,OK,0
2026-07-06 16:35:18,F2,1.6253,OK,0
2026-07-06 16:35:28,F2,1.6253,OK,0
2026-07-06 16:35:38,F2,1.6253,OK,0
2026-07-06 16:35:48,F2,1.6253,OK,0
2026-07-06 16:35:59,F2,1.6253,Bajo rango,1
2026-07-06 16:36:09,F2,1.6253,Bajo rango,1
2026-07-06 16:36:19,F2,1.6253,Bajo rango,1
2026-07-06 16:36:30,F2,1.6253,Bajo rango,1
2026-07-06 16:36:40,F2,1.6253,OK,1
2026-07-06 16:36:50,F2,1.6253,OK,0
2026-07-06 16:37:01,F2,1.6253,OK,0
2026-07-06 16:37:11,F2,1.6253,OK,0
2026-07-06 16:37:21,F2,1.6253,OK,0
2026-07-06 16:37:32,F2,1.6252,OK,0
2026-07-06 16:37:42,F2,1.6252,OK,0
2026-07-06 16:37:52,F2,1.6252,OK,0
2026-07-06 16:38:02,F2,1.6252,OK,0
2026-07-06 16:38:13,F2,1.6251,OK,0
2026-07-06 16:38:23,F2,1.6251,OK,0
2026-07-06 16:38:33,F2,1.6251,OK,0
2026-07-06 16:38:44,F2,1.6250,OK,0
2026-07-06 16:38:54,F2,1.6250,OK,0
2026-07-06 16:39:04,F2,1.6250,OK,0
2026-07-06 16:39:15,F2,1.6249,OK,0
2026-07-06 16:39:25,F2,1.6249,OK,0
2026-07-06 16:39:35,F2,1.6248,OK,0
2026-07-06 16:39:46,F2,1.6248,OK,0
2026-07-06 16:39:56,F2,1.6247,OK,0
2026-07-06 16:40:06,F2,1.6247,OK,0
2026-07-06 16:40:16,F2,1.6246,OK,0
2026-07-06 16:40:27,F2,1.6246,OK,0
2026-07-06 16:40:37,F2,1.6245,OK,0
2026-07-06 16:40:47,F2,1.6245,OK,0
2026-07-06 16:40:58,F2,1.6244,OK,0
2026-07-06 16:41:08,F2,1.6244,OK,0
2026-07-06 16:41:18,F2,1.6243,OK,0
2026-07-06 16:41:29,F2,1.6242,OK,0
2026-07-06 16:41:39,F2,1.6242,OK,0
2026-07-06 16:41:49,F2,1.6241,OK,0
2026-07-06 16:42:00,F2,1.6240,OK,0
2026-07-06 16:42:10,F2,1.6240,OK,0
2026-07-06 16:42:20,F2,1.6239,OK,0
2026-07-06 16:42:31,F2,1.6238,OK,0
2026-07-06 16:42:41,F2,1.6238,OK,0
2026-07-06 16:42:51,F2,1.6237,OK,0
2026-07-06 16:43:01,F2,1.6237,OK,0
2026-07-06 16:43:12,F2,1.6236,OK,0
2026-07-06 16:43:22,F2,1.6235,OK,0
2026-07-06 16:43:32,F2,1.6235,OK,0
2026-07-06 16:43:43,F2,1.6234,OK,0
2026-07-06 16:43:53,F2,1.6234,OK,0
2026-07-06 16:44:03,F2,1.6233,OK,0
2026-07-06 16:44:14,F2,1.6233,OK,0
2026-07-06 16:44:24,F2,1.6232,OK,0
2026-07-06 16:44:34,F2,1.6232,OK,0
2026-07-06 16:44:45,F2,1.6231,OK,0
2026-07-06 16:44:55,F2,1.6231,OK,0
2026-07-06 16:45:05,F2,1.6231,OK,0
2026-07-06 16:45:16,F2,1.6231,OK,1
2026-07-06 16:45:26,F2,1.6231,OK,0
2026-07-06 16:45:36,F2,1.6231,OK,0
2026-07-06 16:45:46,F2,1.6231,OK,0
2026-07-06 16:45:57,F2,1.6231,OK,0
2026-07-06 16:46:07,F2,1.6231,OK,0
2026-07-06 16:46:17,F2,1.6231,OK,0
2026-07-06 16:46:28,F2,1.6231,OK,0
2026-07-06 16:46:38,F2,1.6231,OK,0
2026-07-06 16:46:48,F2,1.6232,OK,0
2026-07-06 16:46:59,F2,1.6232,OK,0
2026-07-06 16:47:09,F2,1.6233,OK,0
2026-07-06 16:47:19,F2,1.6233,OK,0
2026-07-06 16:47:30,F2,1.6234,OK,0
2026-07-06 16:47:40,F2,1.6234,OK,0
2026-07-06 16:47:50,F2,1.6235,OK,0
2026-07-06 16:48:01,F2,1.6236,OK,0
2026-07-06 16:48:11,F2,1.6236,OK,0
2026-07-06 16:48:21,F2,1.6237,OK,0
2026-07-06 16:48:31,F2,1.6238,OK,0
2026-07-06 16:48:42,F2,1.6239,OK,0
2026-07-06 16:48:52,F2,1.6240,OK,0
2026-07-06 16:49:02,F2,1.6241,OK,0
2026-07-06 16:49:13,F2,1.6242,OK,0
2026-07-06 16:49:23,F2,1.6243,OK,0
2026-07-06 16:49:33,F2,1.6245,OK,0
2026-07-06 16:49:44,F2,1.6246,OK,0
2026-07-06 16:49:54,F2,1.6247,OK,0
2026-07-06 16:50:04,F2,1.6248,OK,0
2026-07-06 16:50:15,F2,1.6250,OK,0
2026-07-06 16:50:25,F2,1.6251,OK,0
2026-07-06 16:50:35,F2,1.6252,OK,0
2026-07-06 16:50:45,F2,1.6254,OK,0
2026-07-06 16:50:56,F2,1.6255,OK,0
2026-07-06 16:51:06,F2,1.6256,OK,0
2026-07-06 16:51:16,F2,1.6258,OK,0
2026-07-06 16:51:27,F2,1.6259,OK,0
2026-07-06 16:51:37,F2,1.6261,OK,0
2026-07-06 16:51:47,F2,1.6262,OK,0
2026-07-06 16:51:58,F2,1.6263,OK,0
2026-07-06 16:52:08,F2,1.6265,OK,0
2026-07-06 16:52:18,F2,1.6266,OK,0
2026-07-06 16:52:29,F2,1.6268,OK,0
2026-07-06 16:52:39,F2,1.6269,OK,0
2026-07-06 16:52:49,F2,1.6270,OK,0
2026-07-06 16:53:00,F2,1.6272,OK,0
2026-07-06 16:53:10,F2,1.6273,OK,0
2026-07-06 16:53:20,F2,1.6274,OK,0
2026-07-06 16:53:31,F2,1.6276,OK,0
2026-07-06 16:53:41,F2,1.6277,OK,0
2026-07-06 16:53:51,F2,1.6278,OK,0
2026-07-06 16:54:01,F2,1.6279,OK,0
2026-07-06 16:54:12,F2,1.6280,OK,0
2026-07-06 16:54:22,F2,1.6282,OK,0
2026-07-06 16:54:32,F2,1.6283,OK,0
2026-07-06 16:54:43,F2,1.6284,OK,0
2026-07-06 16:54:53,F2,1.6285,OK,0
2026-07-06 16:55:03,F2,1.6286,OK,0
2026-07-06 16:55:14,F2,1.6287,OK,0
2026-07-06 16:55:24,F2,1.6288,OK,0
2026-07-06 16:55:34,F2,1.6289,OK,0
2026-07-06 16:55:45,F2,1.6290,OK,0
2026-07-06 16:55:55,F2,1.6291,OK,0
2026-07-06 16:56:05,F2,1.6292,OK,0
2026-07-06 16:56:16,F2,1.6293,OK,0
2026-07-06 16:56:26,F2,1.6294,OK,0
2026-07-06 16:56:36,F2,1.6295,OK,0
2026-07-06 16:56:47,F2,1.6295,OK,0
2026-07-06 16:56:57,F2,1.6296,OK,0
2026-07-06 16:57:07,F2,1.6297,OK,0
2026-07-06 16:57:17,F2,1.6298,OK,0
2026-07-06 16:57:28,F2,1.6298,OK,0
2026-07-06 16:57:38,F2,1.6299,OK,0
2026-07-06 16:57:48,F2,1.6300,OK,0
2026-07-06 16:57:59,F2,1.6300,OK,0
2026-07-06 16:58:09,F2,1.6301,OK,0
2026-07-06 16:58:19,F2,1.6301,OK,0
2026-07-06 16:58:30,F2,1.6302,OK,0
2026-07-06 16:58:40,F2,1.6302,OK,0
2026-07-06 16:58:50,F2,1.6303,OK,0
2026-07-06 16:59:01,F2,1.6303,OK,0
2026-07-06 16:59:11,F2,1.6304,OK,0
2026-07-06 16:59:21,F2,1.6304,OK,0
2026-07-06 16:59:32,F2,1.6304,OK,0
2026-07-06 16:59:42,F2,1.6305,OK,0
2026-07-06 16:59:52,F2,1.6305,OK,0
2026-07-06 17:00:02,F2,1.6306,OK,0
2026-07-06 17:00:13,F2,1.6306,OK,0
2026-07-06 17:00:23,F2,1.6306,OK,0
2026-07-06 17:00:33,F2,1.6307,OK,0
2026-07-06 17:00:44,F2,1.6307,OK,0
2026-07-06 17:00:54,F2,1.6307,OK,0
2026-07-06 17:01:04,F2,1.6308,OK,0
2026-07-06 17:01:14,F2,1.6308,OK,0
2026-07-06 17:01:25,F2,1.6308,OK,0
2026-07-06 17:01:35,F2,1.6309,OK,0
2026-07-06 17:01:45,F2,1.6309,OK,0
2026-07-06 17:01:56,F2,1.6309,OK,0
2026-07-06 17:02:06,F2,1.6310,OK,0
2026-07-06 17:02:16,F2,1.6310,OK,0
2026-07-06 17:02:26,F2,1.6311,OK,0
2026-07-06 17:02:37,F2,1.6311,OK,0
2026-07-06 17:02:47,F2,1.6311,OK,0
2026-07-06 17:02:57,F2,1.6312,OK,0
2026-07-06 17:03:08,F2,1.6312,OK,0
2026-07-06 17:03:18,F2,1.6313,OK,0
2026-07-06 17:03:28,F2,1.6313,OK,0
2026-07-06 17:03:39,F2,1.6314,OK,0
2026-07-06 17:03:49,F2,1.6315,OK,0
2026-07-06 17:03:59,F2,1.6315,OK,1
2026-07-06 17:04:10,F2,1.6316,OK,1
2026-07-06 17:04:20,F2,1.6316,OK,0
2026-07-06 17:04:30,F2,1.6317,OK,0
2026-07-06 17:04:41,F2,1.6318,OK,0
2026-07-06 17:04:51,F2,1.6319,OK,0
2026-07-06 17:05:01,F2,1.6319,OK,0
2026-07-06 17:05:12,F2,1.6320,OK,0
2026-07-06 17:05:22,F2,1.6321,OK,0
2026-07-06 17:05:32,F2,1.6322,OK,0
2026-07-06 17:05:42,F2,1.6323,OK,0
2026-07-06 17:05:53,F2,1.6324,OK,0
2026-07-06 17:06:03,F2,1.6324,OK,0
2026-07-06 17:06:13,F2,1.6325,OK,0
2026-07-06 17:06:24,F2,1.6326,OK,0
2026-07-06 17:06:34,F2,1.6327,OK,0
2026-07-06 17:06:44,F2,1.6328,OK,0
2026-07-06 17:06:55,F2,1.6329,OK,0
2026-07-06 17:07:05,F2,1.6329,OK,0
2026-07-06 17:07:15,F2,1.6330,OK,0
2026-07-06 17:07:26,F2,1.6331,OK,0
2026-07-06 17:07:36,F2,1.6332,OK,0
2026-07-06 17:07:46,F2,1.6333,OK,0
2026-07-06 17:07:57,F2,1.6333,OK,0
2026-07-06 17:08:07,F2,1.6334,OK,0
2026-07-06 17:08:17,F2,1.6335,OK,0
2026-07-06 17:08:28,F2,1.6335,OK,0
2026-07-06 17:08:38,F2,1.6336,OK,0
2026-07-06 17:08:48,F2,1.6337,OK,0
2026-07-06 17:08:58,F2,1.6337,OK,0
2026-07-06 17:09:09,F2,1.6338,OK,0
2026-07-06 17:09:19,F2,1.6338,OK,0
2026-07-06 17:09:29,F2,1.6339,OK,0
2026-07-06 17:09:40,F2,1.6339,OK,0
2026-07-06 17:09:50,F2,1.6339,OK,0
2026-07-06 17:10:00,F2,1.6340,OK,0
2026-07-06 17:10:11,F2,1.6340,OK,0
2026-07-06 17:10:21,F2,1.6340,OK,0
2026-07-06 17:10:31,F2,1.6341,OK,0
2026-07-06 17:10:42,F2,1.6341,OK,0
2026-07-06 17:10:52,F2,1.6341,OK,0
2026-07-06 17:11:02,F2,1.6341,OK,0
2026-07-06 17:11:13,F2,1.6341,OK,0
2026-07-06 17:11:23,F2,1.6341,OK,0
2026-07-06 17:11:33,F2,1.6341,OK,0
2026-07-06 17:11:43,F2,1.6341,OK,0
2026-07-06 17:11:54,F2,1.6341,OK,0
2026-07-06 17:12:04,F2,1.6340,OK,0
2026-07-06 17:12:14,F2,1.6340,OK,0
2026-07-06 17:12:25,F2,1.6340,OK,0
2026-07-06 17:12:35,F2,1.6340,OK,0
2026-07-06 17:12:45,F2,1.6340,OK,0
2026-07-06 17:12:56,F2,1.6339,OK,0
2026-07-06 17:13:06,F2,1.6339,OK,0
2026-07-06 17:13:16,F2,1.6339,OK,0
2026-07-06 17:13:27,F2,1.6339,OK,0
2026-07-06 17:13:37,F2,1.6338,OK,0
2026-07-06 17:13:47,F2,1.6338,OK,0
2026-07-06 17:13:58,F2,1.6338,OK,0
2026-07-06 17:14:08,F2,1.6338,OK,0
2026-07-06 17:14:18,F2,1.6338,OK,1
2026-07-06 17:14:29,F2,1.6337,OK,0
2026-07-06 17:14:39,F2,1.6337,OK,0
2026-07-06 17:14:49,F2,1.6337,OK,0
2026-07-06 17:15:00,F2,1.6337,OK,0
2026-07-06 17:15:10,F2,1.6337,OK,0
2026-07-06 17:15:20,F2,1.6337,OK,0
2026-07-06 17:15:30,F2,1.6337,OK,0
2026-07-06 17:15:41,F2,1.6337,OK,0
2026-07-06 17:15:52,F2,1.6337,OK,0
2026-07-06 17:16:02,F2,1.6337,OK,0
2026-07-06 17:16:12,F2,1.6337,OK,0
2026-07-06 17:16:23,F2,1.6337,OK,0
2026-07-06 17:16:33,F2,1.6337,OK,0
2026-07-06 17:16:43,F2,1.6337,OK,0
2026-07-06 17:16:54,F2,1.6337,OK,0
2026-07-06 17:17:04,F2,1.6337,OK,0
2026-07-06 17:17:14,F2,1.6337,OK,0
2026-07-06 17:17:24,F2,1.6337,OK,0
2026-07-06 17:17:35,F2,1.6337,OK,0
2026-07-06 17:17:45,F2,1.6337,OK,0
2026-07-06 17:17:55,F2,1.6337,OK,0
2026-07-06 17:18:06,F2,1.6337,OK,0
2026-07-06 17:18:16,F2,1.6338,OK,0
2026-07-06 17:18:26,F2,1.6338,OK,0
2026-07-06 17:18:37,F2,1.6338,OK,0
2026-07-06 17:18:47,F2,1.6338,OK,0
2026-07-06 17:18:57,F2,1.6339,OK,0
2026-07-06 17:19:07,F2,1.6339,OK,0
2026-07-06 17:19:18,F2,1.6339,OK,0
2026-07-06 17:19:28,F2,1.6339,OK,0
2026-07-06 17:19:38,F2,1.6340,OK,0
2026-07-06 17:19:49,F2,1.6340,OK,0
2026-07-06 17:19:59,F2,1.6340,OK,0
2026-07-06 17:20:09,F2,1.6340,OK,0
2026-07-06 17:20:20,F2,1.6341,OK,0
2026-07-06 17:20:30,F2,1.6341,OK,0
2026-07-06 17:20:40,F2,1.6341,OK,0
2026-07-06 17:20:51,F2,1.6341,OK,0
2026-07-06 17:21:01,F2,1.6341,OK,0
2026-07-06 17:21:11,F2,1.6342,OK,0
2026-07-06 17:21:22,F2,1.6342,OK,0
2026-07-06 17:21:32,F2,1.6342,OK,0
2026-07-06 17:21:42,F2,1.6342,OK,0
2026-07-06 17:21:53,F2,1.6342,OK,0
2026-07-06 17:22:03,F2,1.6342,OK,0
2026-07-06 17:22:13,F2,1.6342,OK,0
2026-07-06 17:22:23,F2,1.6343,OK,0
2026-07-06 17:22:34,F2,1.6343,OK,0
2026-07-06 17:22:44,F2,1.6343,OK,0
2026-07-06 17:22:54,F2,1.6343,OK,0
2026-07-06 17:23:05,F2,1.6343,OK,0
2026-07-06 17:23:15,F2,1.6343,OK,0
2026-07-06 17:23:25,F2,1.6343,OK,0
2026-07-06 17:23:36,F2,1.6343,OK,0
2026-07-06 17:23:46,F2,1.6343,OK,0
2026-07-06 17:23:56,F2,1.6343,OK,0
2026-07-06 17:24:06,F2,1.6342,OK,0
2026-07-06 17:24:17,F2,1.6342,OK,0
2026-07-06 17:24:27,F2,1.6342,OK,0
2026-07-06 17:24:37,F2,1.6342,OK,0
2026-07-06 17:24:48,F2,1.6342,OK,0
2026-07-06 17:24:58,F2,1.6342,OK,0
2026-07-06 17:25:08,F2,1.6341,OK,0
2026-07-06 17:25:19,F2,1.6341,OK,0
2026-07-06 17:25:29,F2,1.6341,OK,0
2026-07-06 17:25:39,F2,1.6340,OK,0
2026-07-06 17:25:49,F2,1.6340,OK,0
2026-07-06 17:26:00,F2,1.6340,OK,0
2026-07-06 17:26:10,F2,1.6339,OK,0
2026-07-06 17:26:20,F2,1.6339,OK,0
2026-07-06 17:26:31,F2,1.6338,OK,0
2026-07-06 17:26:41,F2,1.6338,OK,0
2026-07-06 17:26:51,F2,1.6337,OK,0
2026-07-06 17:27:02,F2,1.6337,OK,0
2026-07-06 17:27:12,F2,1.6336,OK,0
2026-07-06 17:27:22,F2,1.6336,OK,0
2026-07-06 17:27:33,F2,1.6335,OK,0
2026-07-06 17:27:43,F2,1.6334,OK,0
2026-07-06 17:27:53,F2,1.6334,OK,0
2026-07-06 17:28:03,F2,1.6333,OK,0
2026-07-06 17:28:14,F2,1.6332,OK,0
2026-07-06 17:28:24,F2,1.6331,OK,0
2026-07-06 17:28:34,F2,1.6331,OK,0
2026-07-06 17:28:45,F2,1.6330,OK,0
2026-07-06 17:28:55,F2,1.6329,OK,0
2026-07-06 17:29:05,F2,1.6328,OK,0
2026-07-06 17:29:16,F2,1.6327,OK,0
2026-07-06 17:29:26,F2,1.6326,OK,0
2026-07-06 17:29:36,F2,1.6326,OK,0
2026-07-06 17:29:46,F2,1.6325,OK,0
2026-07-06 17:29:57,F2,1.6324,OK,0
2026-07-06 17:30:07,F2,1.6323,OK,0
2026-07-06 17:30:17,F2,1.6322,OK,0
2026-07-06 17:30:28,F2,1.6321,OK,0
2026-07-06 17:30:38,F2,1.6320,OK,0
2026-07-06 17:30:48,F2,1.6320,OK,0
2026-07-06 17:30:59,F2,1.6319,OK,0
2026-07-06 17:31:09,F2,1.6318,OK,0
2026-07-06 17:31:19,F2,1.6317,OK,0
2026-07-06 17:31:30,F2,1.6316,OK,0
2026-07-06 17:31:40,F2,1.6315,OK,0
2026-07-06 17:31:50,F2,1.6315,OK,0
2026-07-06 17:32:01,F2,1.6314,OK,0
2026-07-06 17:32:11,F2,1.6313,OK,0
2026-07-06 17:32:21,F2,1.6312,OK,0
2026-07-06 17:32:32,F2,1.6312,OK,0
2026-07-06 17:32:42,F2,1.6311,OK,0
2026-07-06 17:32:52,F2,1.6310,OK,0
2026-07-06 17:33:02,F2,1.6310,OK,0
2026-07-06 17:33:13,F2,1.6309,OK,0
2026-07-06 17:33:23,F2,1.6309,OK,0
2026-07-06 17:33:33,F2,1.6308,OK,0
2026-07-06 17:33:44,F2,1.6308,OK,0
2026-07-06 17:33:54,F2,1.6307,OK,0
2026-07-06 17:34:04,F2,1.6307,OK,0
2026-07-06 17:34:15,F2,1.6306,OK,0
2026-07-06 17:34:25,F2,1.6306,OK,0
2026-07-06 17:34:35,F2,1.6306,OK,0
2026-07-06 17:34:45,F2,1.6305,OK,0
2026-07-06 17:34:56,F2,1.6305,OK,0
2026-07-06 17:35:06,F2,1.6305,OK,0
2026-07-06 17:35:16,F2,1.6305,OK,0
2026-07-06 17:35:27,F2,1.6304,OK,0
2026-07-06 17:35:37,F2,1.6304,OK,0
2026-07-06 17:35:47,F2,1.6304,OK,0
2026-07-06 17:35:58,F2,1.6304,OK,0
2026-07-06 17:36:08,F2,1.6304,OK,0
2026-07-06 17:36:18,F2,1.6304,OK,0
2026-07-06 17:36:29,F2,1.6304,OK,0
2026-07-06 17:36:39,F2,1.6304,OK,0
2026-07-06 17:36:49,F2,1.6304,OK,0
2026-07-06 17:36:59,F2,1.6303,OK,0
2026-07-06 17:37:10,F2,1.6303,OK,0
2026-07-06 17:37:20,F2,1.6303,OK,0
2026-07-06 17:37:30,F2,1.6303,OK,0
2026-07-06 17:37:41,F2,1.6303,OK,0
2026-07-06 17:37:51,F2,1.6303,OK,0
2026-07-06 17:38:01,F2,1.6302,OK,0
2026-07-06 17:38:12,F2,1.6302,OK,0
2026-07-06 17:38:22,F2,1.6302,OK,0
2026-07-06 17:38:32,F2,1.6302,OK,0
2026-07-06 17:38:43,F2,1.6301,OK,0
2026-07-06 17:38:53,F2,1.6301,OK,0
2026-07-06 17:39:03,F2,1.6300,OK,0
2026-07-06 17:39:14,F2,1.6300,OK,0
2026-07-06 17:39:24,F2,1.6299,OK,0
2026-07-06 17:39:34,F2,1.6299,OK,0
2026-07-06 17:39:44,F2,1.6298,OK,0
2026-07-06 17:39:55,F2,1.6298,OK,0
2026-07-06 17:40:05,F2,1.6297,OK,0
2026-07-06 17:40:16,F2,1.6296,OK,0
2026-07-06 17:40:26,F2,1.6295,OK,0
2026-07-06 17:40:36,F2,1.6295,OK,0
2026-07-06 17:40:46,F2,1.6294,OK,0
2026-07-06 17:40:57,F2,1.6293,OK,0
2026-07-06 17:41:07,F2,1.6292,OK,0
2026-07-06 17:41:17,F2,1.6291,OK,0
2026-07-06 17:41:28,F2,1.6290,OK,0
2026-07-06 17:41:38,F2,1.6288,OK,0
2026-07-06 17:41:48,F2,1.6287,OK,0
2026-07-06 17:41:59,F2,1.6286,OK,0
2026-07-06 17:42:09,F2,1.6285,OK,0
2026-07-06 17:42:19,F2,1.6283,OK,0
2026-07-06 17:42:30,F2,1.6282,OK,0
2026-07-06 17:42:40,F2,1.6281,OK,0
2026-07-06 17:42:50,F2,1.6279,OK,0
2026-07-06 17:43:01,F2,1.6278,OK,0
2026-07-06 17:43:11,F2,1.6276,OK,0
2026-07-06 17:43:21,F2,1.6275,OK,0
2026-07-06 17:43:32,F2,1.6273,OK,0
2026-07-06 17:43:42,F2,1.6272,OK,0
2026-07-06 17:43:52,F2,1.6270,OK,0
2026-07-06 17:44:02,F2,1.6268,OK,0
2026-07-06 17:44:13,F2,1.6267,OK,0
2026-07-06 17:44:23,F2,1.6265,OK,0
2026-07-06 17:44:33,F2,1.6263,OK,0
2026-07-06 17:44:44,F2,1.6261,OK,0
2026-07-06 17:44:54,F2,1.6260,OK,0
2026-07-06 17:45:04,F2,1.6258,OK,0
2026-07-06 17:45:15,F2,1.6256,OK,0
2026-07-06 17:45:25,F2,1.6255,OK,0
2026-07-06 17:45:35,F2,1.6253,OK,0
2026-07-06 17:45:46,F2,1.6251,OK,0
2026-07-06 17:45:56,F2,1.6249,OK,0
2026-07-06 17:46:06,F2,1.6247,OK,0
2026-07-06 17:46:17,F2,1.6246,OK,0
2026-07-06 17:46:27,F2,1.6244,OK,0
2026-07-06 17:46:37,F2,1.6242,OK,0
2026-07-06 17:46:47,F2,1.6240,OK,0
2026-07-06 17:46:58,F2,1.6239,OK,0
2026-07-06 17:47:08,F2,1.6237,OK,0
2026-07-06 17:47:18,F2,1.6235,OK,0
2026-07-06 17:47:29,F2,1.6233,OK,0
2026-07-06 17:47:39,F2,1.6232,OK,0
2026-07-06 17:47:49,F2,1.6230,OK,0
2026-07-06 17:48:00,F2,1.6228,OK,0
2026-07-06 17:48:10,F2,1.6226,OK,0
2026-07-06 17:48:20,F2,1.6225,OK,0
2026-07-06 17:48:30,F2,1.6223,OK,0
2026-07-06 17:48:41,F2,1.6221,OK,0
2026-07-06 17:48:51,F2,1.6219,OK,0
2026-07-06 17:49:01,F2,1.6218,OK,0
2026-07-06 17:49:12,F2,1.6216,OK,0
2026-07-06 17:49:22,F2,1.6214,OK,0
2026-07-06 17:49:32,F2,1.6213,OK,0
2026-07-06 17:49:43,F2,1.6211,OK,0
2026-07-06 17:49:53,F2,1.6209,OK,0
2026-07-06 17:50:03,F2,1.6208,OK,0
2026-07-06 17:50:14,F2,1.6206,OK,0
2026-07-06 17:50:24,F2,1.6204,OK,0
2026-07-06 17:50:34,F2,1.6203,OK,0
2026-07-06 17:50:45,F2,1.6201,OK,0
2026-07-06 17:50:55,F2,1.6200,OK,0
2026-07-06 17:51:05,F2,1.6198,OK,0
2026-07-06 17:51:16,F2,1.6197,OK,0
2026-07-06 17:51:26,F2,1.6195,OK,0
2026-07-06 17:51:36,F2,1.6193,OK,0
2026-07-06 17:51:46,F2,1.6192,OK,0
2026-07-06 17:51:57,F2,1.6190,OK,0
2026-07-06 17:52:07,F2,1.6189,OK,0
2026-07-06 17:52:17,F2,1.6187,OK,0
2026-07-06 17:52:28,F2,1.6186,OK,0
2026-07-06 17:52:38,F2,1.6184,OK,0
2026-07-06 17:52:48,F2,1.6182,OK,0
2026-07-06 17:52:59,F2,1.6181,OK,0
2026-07-06 17:53:09,F2,1.6179,OK,0
2026-07-06 17:53:19,F2,1.6178,OK,0
2026-07-06 17:53:29,F2,1.6176,OK,0
2026-07-06 17:53:40,F2,1.6174,OK,0
2026-07-06 17:53:50,F2,1.6173,OK,0
2026-07-06 17:54:00,F2,1.6171,OK,0
2026-07-06 17:54:11,F2,1.6169,OK,0
2026-07-06 17:54:21,F2,1.6168,OK,0
2026-07-06 17:54:31,F2,1.6166,OK,0
2026-07-06 17:54:42,F2,1.6164,OK,0
2026-07-06 17:54:52,F2,1.6162,OK,0
2026-07-06 17:55:02,F2,1.6160,OK,0
2026-07-06 17:55:13,F2,1.6158,OK,0
2026-07-06 17:55:23,F2,1.6157,OK,0
2026-07-06 17:55:33,F2,1.6155,OK,0
2026-07-06 17:55:44,F2,1.6153,OK,0
2026-07-06 17:55:54,F2,1.6151,OK,0
2026-07-06 17:56:04,F2,1.6149,OK,0
2026-07-06 17:56:15,F2,1.6147,OK,0
2026-07-06 17:56:25,F2,1.6145,OK,0
2026-07-06 17:56:35,F2,1.6142,OK,0
2026-07-06 17:56:45,F2,1.6140,OK,0
2026-07-06 17:56:56,F2,1.6138,OK,0
2026-07-06 17:57:06,F2,1.6136,OK,0
2026-07-06 17:57:16,F2,1.6133,OK,0
2026-07-06 17:57:27,F2,1.6131,OK,0
2026-07-06 17:57:37,F2,1.6129,OK,0
2026-07-06 17:57:47,F2,1.6126,OK,0
2026-07-06 17:57:58,F2,1.6124,OK,0
2026-07-06 17:58:08,F2,1.6121,OK,0
2026-07-06 17:58:18,F2,1.6119,OK,0
2026-07-06 17:58:28,F2,1.6116,OK,0
2026-07-06 17:58:39,F2,1.6113,OK,0
2026-07-06 17:58:49,F2,1.6111,OK,0
2026-07-06 17:58:59,F2,1.6108,OK,0
2026-07-06 17:59:10,F2,1.6105,OK,0
2026-07-06 17:59:20,F2,1.6103,OK,0
2026-07-06 17:59:30,F2,1.6100,OK,0
2026-07-06 17:59:41,F2,1.6097,OK,0
2026-07-06 17:59:51,F2,1.6095,OK,0
2026-07-06 18:00:01,F2,1.6092,OK,0
2026-07-06 18:00:11,F2,1.6089,OK,0
2026-07-06 18:00:22,F2,1.6086,OK,0
2026-07-06 18:00:32,F2,1.6084,OK,0
2026-07-06 18:00:42,F2,1.6081,OK,0
2026-07-06 18:00:53,F2,1.6078,OK,0
2026-07-06 18:01:03,F2,1.6075,OK,0
2026-07-06 18:01:13,F2,1.6073,OK,0
2026-07-06 18:01:24,F2,1.6070,OK,0
2026-07-06 18:01:34,F2,1.6067,OK,0
2026-07-06 18:01:44,F2,1.6064,OK,0
2026-07-06 18:01:54,F2,1.6062,OK,0
2026-07-06 18:02:05,F2,1.6059,OK,1
2026-07-06 18:02:15,F2,1.6056,OK,0
2026-07-06 18:02:25,F2,1.6054,OK,0
2026-07-06 18:02:36,F2,1.6051,OK,0
2026-07-06 18:02:46,F2,1.6048,OK,0
2026-07-06 18:02:56,F2,1.6046,OK,0
2026-07-06 18:03:07,F2,1.6043,OK,0
2026-07-06 18:03:17,F2,1.6041,OK,0
2026-07-06 18:03:27,F2,1.6038,OK,0
2026-07-06 18:03:38,F2,1.6036,OK,0
2026-07-06 18:03:48,F2,1.6033,OK,0
2026-07-06 18:03:58,F2,1.6031,OK,0
2026-07-06 18:04:08,F2,1.6028,OK,0
2026-07-06 18:04:19,F2,1.6026,OK,0
2026-07-06 18:04:29,F2,1.6024,OK,0
2026-07-06 18:04:39,F2,1.6021,OK,0
2026-07-06 18:04:50,F2,1.6019,OK,0
2026-07-06 18:05:00,F2,1.6017,OK,0
2026-07-06 18:05:10,F2,1.6014,OK,0
2026-07-06 18:05:21,F2,1.6012,OK,0
2026-07-06 18:05:31,F2,1.6010,OK,0
2026-07-06 18:05:41,F2,1.6008,OK,0
2026-07-06 18:05:52,F2,1.6005,OK,0
2026-07-06 18:06:02,F2,1.6003,OK,0
2026-07-06 18:06:12,F2,1.6001,OK,0
2026-07-06 18:06:22,F2,1.5999,OK,0
2026-07-06 18:06:33,F2,1.5997,OK,0
2026-07-06 18:06:43,F2,1.5995,OK,0
2026-07-06 18:06:53,F2,1.5993,OK,0
2026-07-06 18:07:04,F2,1.5991,OK,0
2026-07-06 18:07:14,F2,1.5989,OK,0
2026-07-06 18:07:24,F2,1.5988,OK,0
2026-07-06 18:07:34,F2,1.5986,OK,0
2026-07-06 18:07:45,F2,1.5984,OK,0
2026-07-06 18:07:55,F2,1.5982,OK,0
2026-07-06 18:08:05,F2,1.5981,OK,0
2026-07-06 18:08:16,F2,1.5979,OK,0
2026-07-06 18:08:26,F2,1.5977,OK,0
2026-07-06 18:08:36,F2,1.5976,OK,0
2026-07-06 18:08:47,F2,1.5974,OK,0
2026-07-06 18:08:57,F2,1.5972,OK,0
2026-07-06 18:09:07,F2,1.5971,OK,0
2026-07-06 18:09:18,F2,1.5969,OK,0
2026-07-06 18:09:28,F2,1.5967,OK,0
2026-07-06 18:09:38,F2,1.5966,OK,0
2026-07-06 18:09:48,F2,1.5964,OK,0
2026-07-06 18:09:59,F2,1.5963,OK,0
2026-07-06 18:10:09,F2,1.5961,OK,0
2026-07-06 18:10:19,F2,1.5960,OK,0
2026-07-06 18:10:30,F2,1.5958,OK,0
2026-07-06 18:10:40,F2,1.5957,OK,0
2026-07-06 18:10:50,F2,1.5955,OK,0
2026-07-06 18:11:01,F2,1.5953,OK,0
2026-07-06 18:11:11,F2,1.5952,OK,0
2026-07-06 18:11:21,F2,1.5950,OK,0
2026-07-06 18:11:32,F2,1.5949,OK,0
2026-07-06 18:11:42,F2,1.5947,OK,0
2026-07-06 18:11:52,F2,1.5945,OK,0
2026-07-06 18:12:02,F2,1.5944,OK,0
2026-07-06 18:12:13,F2,1.5942,OK,0
2026-07-06 18:12:23,F2,1.5940,OK,0
2026-07-06 18:12:33,F2,1.5939,OK,0
2026-07-06 18:12:44,F2,1.5937,OK,0
2026-07-06 18:12:54,F2,1.5935,OK,0
2026-07-06 18:13:04,F2,1.5933,OK,0
2026-07-06 18:13:15,F2,1.5932,OK,0
2026-07-06 18:13:25,F2,1.5930,OK,0
2026-07-06 18:13:35,F2,1.5928,OK,0
2026-07-06 18:13:46,F2,1.5926,OK,0
2026-07-06 18:13:56,F2,1.5924,OK,0
2026-07-06 18:14:06,F2,1.5922,OK,0
2026-07-06 18:14:17,F2,1.5920,OK,0
2026-07-06 18:14:27,F2,1.5918,OK,0
2026-07-06 18:14:37,F2,1.5917,OK,0
2026-07-06 18:14:47,F2,1.5915,OK,0
2026-07-06 18:14:58,F2,1.5913,OK,0
2026-07-06 18:15:08,F2,1.5911,OK,0
2026-07-06 18:15:18,F2,1.5909,OK,0
2026-07-06 18:15:29,F2,1.5907,OK,0
2026-07-06 18:15:39,F2,1.5905,OK,0
2026-07-06 18:15:49,F2,1.5903,OK,0
2026-07-06 18:16:00,F2,1.5901,OK,0
2026-07-06 18:16:10,F2,1.5900,OK,0
2026-07-06 18:16:20,F2,1.5898,OK,0
2026-07-06 18:16:30,F2,1.5896,OK,0
2026-07-06 18:16:41,F2,1.5894,OK,0
2026-07-06 18:16:51,F2,1.5893,OK,0
2026-07-06 18:17:01,F2,1.5891,OK,0
2026-07-06 18:17:12,F2,1.5889,OK,0
2026-07-06 18:17:22,F2,1.5888,OK,0
2026-07-06 18:17:32,F2,1.5886,OK,0
2026-07-06 18:17:43,F2,1.5885,OK,0
2026-07-06 18:17:53,F2,1.5883,OK,0
2026-07-06 18:18:03,F2,1.5882,OK,0
2026-07-06 18:18:13,F2,1.5880,OK,0
2026-07-06 18:18:24,F2,1.5879,OK,0
2026-07-06 18:18:34,F2,1.5877,OK,0
2026-07-06 18:18:44,F2,1.5876,OK,0
2026-07-06 18:18:55,F2,1.5875,OK,0
2026-07-06 18:19:05,F2,1.5874,OK,0
2026-07-06 18:19:15,F2,1.5873,OK,0
2026-07-06 18:19:26,F2,1.5871,OK,0
2026-07-06 18:19:36,F2,1.5870,OK,0
2026-07-06 18:19:46,F2,1.5869,OK,0
2026-07-06 18:19:57,F2,1.5868,OK,0
2026-07-06 18:20:07,F2,1.5867,OK,0
2026-07-06 18:20:17,F2,1.5867,OK,0
2026-07-06 18:20:27,F2,1.5866,OK,0
2026-07-06 18:20:38,F2,1.5865,OK,0
2026-07-06 18:20:48,F2,1.5864,OK,0
2026-07-06 18:20:58,F2,1.5863,OK,0
2026-07-06 18:21:09,F2,1.5863,OK,0
2026-07-06 18:21:19,F2,1.5862,OK,0
2026-07-06 18:21:29,F2,1.5862,OK,0
2026-07-06 18:21:40,F2,1.5861,OK,0
2026-07-06 18:21:50,F2,1.5861,OK,0
2026-07-06 18:22:00,F2,1.5860,OK,0
2026-07-06 18:22:11,F2,1.5860,OK,0
2026-07-06 18:22:21,F2,1.5859,OK,0
2026-07-06 18:22:31,F2,1.5859,OK,0
2026-07-06 18:22:41,F2,1.5859,OK,0
2026-07-06 18:22:52,F2,1.5859,OK,0
2026-07-06 18:23:02,F2,1.5858,OK,0
2026-07-06 18:23:12,F2,1.5858,OK,0
2026-07-06 18:23:23,F2,1.5858,OK,0
2026-07-06 18:23:33,F2,1.5858,OK,0
2026-07-06 18:23:43,F2,1.5858,OK,0
2026-07-06 18:23:54,F2,1.5857,OK,0
2026-07-06 18:24:04,F2,1.5857,OK,0
2026-07-06 18:24:14,F2,1.5857,OK,0
2026-07-06 18:24:24,F2,1.5857,OK,0
2026-07-06 18:24:35,F2,1.5857,OK,0
2026-07-06 18:24:45,F2,1.5857,OK,0
2026-07-06 18:24:55,F2,1.5857,OK,0
2026-07-06 18:25:06,F2,1.5857,OK,0
2026-07-06 18:25:16,F2,1.5857,OK,0
2026-07-06 18:25:26,F2,1.5857,OK,0
2026-07-06 18:25:37,F2,1.5857,OK,0
2026-07-06 18:25:47,F2,1.5857,OK,0
2026-07-06 18:25:57,F2,1.5857,OK,0
2026-07-06 18:26:07,F2,1.5856,OK,0
2026-07-06 18:26:18,F2,1.5856,OK,0
2026-07-06 18:26:28,F2,1.5856,OK,0
2026-07-06 18:26:38,F2,1.5856,OK,0
2026-07-06 18:26:49,F2,1.5856,OK,0
2026-07-06 18:26:59,F2,1.5856,OK,0
2026-07-06 18:27:09,F2,1.5856,OK,0
2026-07-06 18:27:20,F2,1.5855,OK,0
2026-07-06 18:27:30,F2,1.5855,OK,0
2026-07-06 18:27:40,F2,1.5855,OK,0
2026-07-06 18:27:51,F2,1.5855,OK,0
2026-07-06 18:28:01,F2,1.5854,OK,0
2026-07-06 18:28:11,F2,1.5854,OK,0
2026-07-06 18:28:21,F2,1.5854,OK,0
2026-07-06 18:28:32,F2,1.5853,OK,0
2026-07-06 18:28:42,F2,1.5853,OK,0
2026-07-06 18:28:52,F2,1.5852,OK,0
2026-07-06 18:29:03,F2,1.5852,OK,0
2026-07-06 18:29:13,F2,1.5851,OK,0
2026-07-06 18:29:23,F2,1.5851,OK,0
2026-07-06 18:29:34,F2,1.5850,OK,0
2026-07-06 18:29:44,F2,1.5850,OK,0
2026-07-06 18:29:54,F2,1.5849,OK,0
2026-07-06 18:30:05,F2,1.5849,OK,0
2026-07-06 18:30:15,F2,1.5848,OK,0
2026-07-06 18:30:25,F2,1.5847,OK,0
2026-07-06 18:30:36,F2,1.5847,OK,0
2026-07-06 18:30:46,F2,1.5846,OK,0
2026-07-06 18:30:56,F2,1.5845,OK,0
2026-07-06 18:31:06,F2,1.5845,OK,0
2026-07-06 18:31:17,F2,1.5844,OK,0
2026-07-06 18:31:27,F2,1.5843,OK,0
2026-07-06 18:31:37,F2,1.5843,OK,0
2026-07-06 18:31:48,F2,1.5842,OK,0
2026-07-06 18:31:58,F2,1.5841,OK,0
2026-07-06 18:32:08,F2,1.5841,OK,0
2026-07-06 18:32:19,F2,1.5840,OK,0
2026-07-06 18:32:29,F2,1.5840,OK,0
2026-07-06 18:32:39,F2,1.5839,OK,0
2026-07-06 18:32:50,F2,1.5839,OK,0
2026-07-06 18:33:00,F2,1.5838,OK,0
2026-07-06 18:33:10,F2,1.5838,OK,0
2026-07-06 18:33:20,F2,1.5837,OK,0
2026-07-06 18:33:31,F2,1.5837,OK,0
2026-07-06 18:33:41,F2,1.5836,OK,0
2026-07-06 18:33:51,F2,1.5836,OK,0
2026-07-06 18:34:02,F2,1.5836,OK,0
2026-07-06 18:34:12,F2,1.5835,OK,0
2026-07-06 18:34:22,F2,1.5835,OK,0
2026-07-06 18:34:33,F2,1.5835,OK,0
2026-07-06 18:34:43,F2,1.5835,OK,0
2026-07-06 18:34:53,F2,1.5834,OK,0
2026-07-06 18:35:04,F2,1.5834,OK,0
2026-07-06 18:35:14,F2,1.5834,OK,0
2026-07-06 18:35:24,F2,1.5834,OK,0
2026-07-06 18:35:34,F2,1.5834,OK,0
2026-07-06 18:35:45,F2,1.5834,OK,0
2026-07-06 18:35:55,F2,1.5834,OK,0
2026-07-06 18:36:05,F2,1.5834,OK,0
2026-07-06 18:36:16,F2,1.5834,OK,0
2026-07-06 18:36:26,F2,1.5834,OK,0
2026-07-06 18:36:36,F2,1.5834,OK,0
2026-07-06 18:36:47,F2,1.5834,OK,0
2026-07-06 18:36:57,F2,1.5834,OK,0
2026-07-06 18:37:07,F2,1.5835,OK,0
2026-07-06 18:37:17,F2,1.5835,OK,0
2026-07-06 18:37:28,F2,1.5835,OK,0
2026-07-06 18:37:38,F2,1.5836,OK,0
2026-07-06 18:37:48,F2,1.5836,OK,0
2026-07-06 18:37:59,F2,1.5837,OK,0
2026-07-06 18:38:09,F2,1.5837,OK,0
2026-07-06 18:38:19,F2,1.5838,OK,0
2026-07-06 18:38:30,F2,1.5838,OK,0
2026-07-06 18:38:40,F2,1.5839,OK,0
2026-07-06 18:38:50,F2,1.5839,OK,0
2026-07-06 18:39:01,F2,1.5840,OK,0
2026-07-06 18:39:11,F2,1.5841,OK,0
2026-07-06 18:39:21,F2,1.5841,OK,0
2026-07-06 18:39:32,F2,1.5842,OK,0
2026-07-06 18:39:42,F2,1.5843,OK,0
2026-07-06 18:39:52,F2,1.5844,OK,0
2026-07-06 18:40:02,F2,1.5845,OK,0
2026-07-06 18:40:13,F2,1.5845,OK,0
2026-07-06 18:40:23,F2,1.5846,OK,0
2026-07-06 18:40:33,F2,1.5847,OK,0
2026-07-06 18:40:44,F2,1.5848,OK,0
2026-07-06 18:40:54,F2,1.5849,OK,0
2026-07-06 18:41:04,F2,1.5850,OK,0
2026-07-06 18:41:15,F2,1.5851,OK,0
2026-07-06 18:41:25,F2,1.5851,OK,0
2026-07-06 18:41:35,F2,1.5852,OK,0
2026-07-06 18:41:46,F2,1.5853,OK,0
2026-07-06 18:41:56,F2,1.5854,OK,0
2026-07-06 18:42:06,F2,1.5855,OK,0
2026-07-06 18:42:16,F2,1.5856,OK,0
2026-07-06 18:42:27,F2,1.5856,OK,0
2026-07-06 18:42:37,F2,1.5857,OK,0
2026-07-06 18:42:47,F2,1.5858,OK,0
2026-07-06 18:42:58,F2,1.5859,OK,0
2026-07-06 18:43:08,F2,1.5859,OK,0
2026-07-06 18:43:18,F2,1.5860,OK,0
2026-07-06 18:43:29,F2,1.5861,OK,0
2026-07-06 18:43:39,F2,1.5861,OK,0
2026-07-06 18:43:49,F2,1.5862,OK,0
2026-07-06 18:43:59,F2,1.5863,OK,0
2026-07-06 18:44:10,F2,1.5863,OK,0
2026-07-06 18:44:20,F2,1.5864,OK,0
2026-07-06 18:44:30,F2,1.5864,OK,0
2026-07-06 18:44:41,F2,1.5865,OK,0
2026-07-06 18:44:51,F2,1.5865,OK,0
2026-07-06 18:45:01,F2,1.5865,OK,0
2026-07-06 18:45:12,F2,1.5866,OK,0
2026-07-06 18:45:22,F2,1.5866,OK,0
2026-07-06 18:45:32,F2,1.5867,OK,0
2026-07-06 18:45:42,F2,1.5867,OK,0
2026-07-06 18:45:53,F2,1.5867,OK,0
2026-07-06 18:46:03,F2,1.5867,OK,0
2026-07-06 18:46:13,F2,1.5868,OK,0
2026-07-06 18:46:24,F2,1.5868,OK,0
2026-07-06 18:46:34,F2,1.5868,OK,0
2026-07-06 18:46:44,F2,1.5869,OK,0
2026-07-06 18:46:55,F2,1.5869,OK,0
2026-07-06 18:47:05,F2,1.5869,OK,0
2026-07-06 18:47:15,F2,1.5869,OK,0
2026-07-06 18:47:26,F2,1.5870,OK,0
2026-07-06 18:47:36,F2,1.5870,OK,0
2026-07-06 18:47:46,F2,1.5870,OK,0
2026-07-06 18:47:57,F2,1.5871,OK,0
2026-07-06 18:48:07,F2,1.5871,OK,0
2026-07-06 18:48:17,F2,1.5871,OK,0
2026-07-06 18:48:28,F2,1.5872,OK,0
2026-07-06 18:48:38,F2,1.5872,OK,0
2026-07-06 18:48:48,F2,1.5872,OK,0
2026-07-06 18:48:59,F2,1.5873,OK,0
2026-07-06 18:49:09,F2,1.5873,OK,0
2026-07-06 18:49:19,F2,1.5874,OK,0
2026-07-06 18:49:30,F2,1.5874,OK,0
2026-07-06 18:49:40,F2,1.5875,OK,0
2026-07-06 18:49:50,F2,1.5875,OK,0
2026-07-06 18:50:01,F2,1.5876,OK,0
2026-07-06 18:50:11,F2,1.5876,OK,0
2026-07-06 18:50:21,F2,1.5877,OK,0
2026-07-06 18:50:31,F2,1.5878,OK,0
2026-07-06 18:50:42,F2,1.5878,OK,0
2026-07-06 18:50:52,F2,1.5879,OK,0
2026-07-06 18:51:02,F2,1.5880,OK,0
2026-07-06 18:51:13,F2,1.5881,OK,0
2026-07-06 18:51:23,F2,1.5881,OK,0
2026-07-06 18:51:33,F2,1.5882,OK,0
2026-07-06 18:51:43,F2,1.5883,OK,0
2026-07-06 18:51:54,F2,1.5884,OK,0
2026-07-06 18:52:04,F2,1.5885,OK,0
2026-07-06 18:52:14,F2,1.5886,OK,0
2026-07-06 18:52:25,F2,1.5887,OK,0
2026-07-06 18:52:35,F2,1.5888,OK,0
2026-07-06 18:52:45,F2,1.5889,OK,0
2026-07-06 18:52:56,F2,1.5890,OK,0
2026-07-06 18:53:06,F2,1.5891,OK,0
2026-07-06 18:53:16,F2,1.5893,OK,0
2026-07-06 18:53:27,F2,1.5894,OK,0
2026-07-06 18:53:37,F2,1.5895,OK,0
2026-07-06 18:53:47,F2,1.5896,OK,0
2026-07-06 18:53:57,F2,1.5898,OK,0
2026-07-06 18:54:08,F2,1.5899,OK,0
2026-07-06 18:54:18,F2,1.5901,OK,0
2026-07-06 18:54:28,F2,1.5902,OK,0
2026-07-06 18:54:39,F2,1.5904,OK,0
2026-07-06 18:54:49,F2,1.5905,OK,0
2026-07-06 18:54:59,F2,1.5907,OK,0
2026-07-06 18:55:10,F2,1.5908,OK,0
2026-07-06 18:55:20,F2,1.5910,OK,0
2026-07-06 18:55:30,F2,1.5911,OK,0
2026-07-06 18:55:41,F2,1.5913,OK,0
2026-07-06 18:55:51,F2,1.5915,OK,0
2026-07-06 18:56:01,F2,1.5916,OK,0
2026-07-06 18:56:11,F2,1.5918,OK,0
2026-07-06 18:56:22,F2,1.5919,OK,0
2026-07-06 18:56:32,F2,1.5921,OK,0
2026-07-06 18:56:42,F2,1.5923,OK,0
2026-07-06 18:56:53,F2,1.5924,OK,0
2026-07-06 18:57:03,F2,1.5926,OK,0
2026-07-06 18:57:13,F2,1.5928,OK,0
2026-07-06 18:57:24,F2,1.5929,OK,0
2026-07-06 18:57:34,F2,1.5931,OK,0
2026-07-06 18:57:44,F2,1.5932,OK,0
2026-07-06 18:57:55,F2,1.5934,OK,0
2026-07-06 18:58:05,F2,1.5935,OK,0
2026-07-06 18:58:15,F2,1.5937,OK,0
2026-07-06 18:58:26,F2,1.5938,OK,0
2026-07-06 18:58:36,F2,1.5940,OK,0
2026-07-06 18:58:47,F2,1.5941,OK,0
2026-07-06 18:58:57,F2,1.5943,OK,0
2026-07-06 18:59:07,F2,1.5944,OK,0
2026-07-06 18:59:18,F2,1.5945,OK,0
2026-07-06 18:59:28,F2,1.5947,OK,0
2026-07-06 18:59:38,F2,1.5948,OK,0
2026-07-06 18:59:49,F2,1.5949,OK,0
2026-07-06 18:59:59,F2,1.5951,OK,0
2026-07-06 19:00:09,F2,1.5952,OK,0
2026-07-06 19:00:20,F2,1.5953,OK,0
2026-07-06 19:00:30,F2,1.5954,OK,0
2026-07-06 19:00:40,F2,1.5955,OK,0
2026-07-06 19:00:51,F2,1.5956,OK,0
2026-07-06 19:01:01,F2,1.5958,OK,0
2026-07-06 19:01:11,F2,1.5959,OK,0
2026-07-06 19:01:21,F2,1.5960,OK,0
2026-07-06 19:01:32,F2,1.5961,OK,0
2026-07-06 19:01:42,F2,1.5962,OK,0
2026-07-06 19:01:52,F2,1.5963,OK,0
2026-07-06 19:02:03,F2,1.5964,OK,0
2026-07-06 19:02:13,F2,1.5965,OK,0
2026-07-06 19:02:23,F2,1.5966,OK,0
2026-07-06 19:02:34,F2,1.5967,OK,0
2026-07-06 19:02:44,F2,1.5968,OK,0
2026-07-06 19:02:54,F2,1.5970,OK,0
2026-07-06 19:03:05,F2,1.5971,OK,0
2026-07-06 19:03:15,F2,1.5972,OK,0
2026-07-06 19:03:25,F2,1.5973,OK,0
2026-07-06 19:03:36,F2,1.5974,OK,0
2026-07-06 19:03:46,F2,1.5975,OK,0
2026-07-06 19:03:56,F2,1.5977,OK,0
2026-07-06 19:04:06,F2,1.5978,OK,0
2026-07-06 19:04:17,F2,1.5979,OK,0
2026-07-06 19:04:27,F2,1.5980,OK,0
2026-07-06 19:04:37,F2,1.5982,OK,0
2026-07-06 19:04:48,F2,1.5983,OK,0
2026-07-06 19:04:58,F2,1.5985,OK,0
2026-07-06 19:05:08,F2,1.5986,OK,0
2026-07-06 19:05:19,F2,1.5987,OK,0
2026-07-06 19:05:29,F2,1.5989,OK,0
2026-07-06 19:05:39,F2,1.5990,OK,0
2026-07-06 19:05:50,F2,1.5992,OK,0
2026-07-06 19:06:00,F2,1.5993,OK,0
2026-07-06 19:06:10,F2,1.5995,OK,0
2026-07-06 19:06:21,F2,1.5997,OK,0
2026-07-06 19:06:31,F2,1.5998,OK,0
2026-07-06 19:06:41,F2,1.6000,OK,0
2026-07-06 19:06:51,F2,1.6002,OK,0
2026-07-06 19:07:02,F2,1.6003,OK,0
2026-07-06 19:07:12,F2,1.6005,OK,0
2026-07-06 19:07:22,F2,1.6007,OK,0
2026-07-06 19:07:33,F2,1.6009,OK,0
2026-07-06 19:07:43,F2,1.6011,OK,0
2026-07-06 19:07:53,F2,1.6013,OK,0
2026-07-06 19:08:04,F2,1.6015,OK,0
2026-07-06 19:08:14,F2,1.6017,OK,0
2026-07-06 19:08:24,F2,1.6019,OK,0
2026-07-06 19:08:35,F2,1.6021,OK,0
2026-07-06 19:08:45,F2,1.6023,OK,0
2026-07-06 19:08:55,F2,1.6026,OK,0
2026-07-06 19:09:05,F2,1.6028,OK,0
2026-07-06 19:09:16,F2,1.6030,OK,0
2026-07-06 19:09:26,F2,1.6033,OK,0
2026-07-06 19:09:36,F2,1.6035,OK,0
2026-07-06 19:09:47,F2,1.6037,OK,0
2026-07-06 19:09:57,F2,1.6040,OK,0
2026-07-06 19:10:07,F2,1.6042,OK,0
2026-07-06 19:10:18,F2,1.6045,OK,0
2026-07-06 19:10:28,F2,1.6048,OK,0
2026-07-06 19:10:38,F2,1.6050,OK,0
2026-07-06 19:10:49,F2,1.6053,OK,0
2026-07-06 19:10:59,F2,1.6055,OK,0
2026-07-06 19:11:09,F2,1.6058,OK,0
2026-07-06 19:11:20,F2,1.6060,OK,0
2026-07-06 19:11:30,F2,1.6063,OK,0
2026-07-06 19:11:40,F2,1.6066,OK,0
2026-07-06 19:11:51,F2,1.6068,OK,0
2026-07-06 19:12:01,F2,1.6071,OK,0
2026-07-06 19:12:11,F2,1.6073,OK,0
2026-07-06 19:12:21,F2,1.6076,OK,0
2026-07-06 19:12:32,F2,1.6078,OK,0
2026-07-06 19:12:42,F2,1.6081,OK,0
2026-07-06 19:12:52,F2,1.6083,OK,0
2026-07-06 19:13:03,F2,1.6086,OK,0
2026-07-06 19:13:13,F2,1.6088,OK,0
2026-07-06 19:13:23,F2,1.6091,OK,0
2026-07-06 19:13:34,F2,1.6093,OK,0
2026-07-06 19:13:44,F2,1.6095,OK,0
2026-07-06 19:13:54,F2,1.6098,OK,0
2026-07-06 19:14:04,F2,1.6100,OK,0
2026-07-06 19:14:15,F2,1.6102,OK,0
2026-07-06 19:14:25,F2,1.6104,OK,0
2026-07-06 19:14:35,F2,1.6106,OK,0
2026-07-06 19:14:46,F2,1.6108,OK,0
2026-07-06 19:14:56,F2,1.6110,OK,0
2026-07-06 19:15:06,F2,1.6112,OK,0
2026-07-06 19:15:17,F2,1.6114,OK,0
2026-07-06 19:15:27,F2,1.6116,OK,0
2026-07-06 19:15:37,F2,1.6118,OK,0
2026-07-06 19:15:48,F2,1.6120,OK,0
2026-07-06 19:15:58,F2,1.6122,OK,0
2026-07-06 19:16:08,F2,1.6124,OK,0
2026-07-06 19:16:19,F2,1.6125,OK,0
2026-07-06 19:16:29,F2,1.6127,OK,0
2026-07-06 19:16:39,F2,1.6129,OK,0
2026-07-06 19:16:49,F2,1.6130,OK,0
2026-07-06 19:17:00,F2,1.6132,OK,0
2026-07-06 19:17:10,F2,1.6133,OK,0
2026-07-06 19:17:20,F2,1.6135,OK,0
2026-07-06 19:17:31,F2,1.6136,OK,0
2026-07-06 19:17:41,F2,1.6138,OK,0
2026-07-06 19:17:51,F2,1.6139,OK,0
2026-07-06 19:18:02,F2,1.6141,OK,0
2026-07-06 19:18:12,F2,1.6142,OK,0
2026-07-06 19:18:22,F2,1.6144,OK,0
2026-07-06 19:18:32,F2,1.6145,OK,0
2026-07-06 19:18:43,F2,1.6146,OK,0
2026-07-06 19:18:53,F2,1.6148,OK,0
2026-07-06 19:19:03,F2,1.6149,OK,0
2026-07-06 19:19:14,F2,1.6150,OK,0
2026-07-06 19:19:24,F2,1.6152,OK,0
2026-07-06 19:19:34,F2,1.6153,OK,0
2026-07-06 19:19:45,F2,1.6154,OK,0
2026-07-06 19:19:55,F2,1.6156,OK,0
2026-07-06 19:20:05,F2,1.6157,OK,0
2026-07-06 19:20:16,F2,1.6158,OK,0
2026-07-06 19:20:26,F2,1.6159,OK,0
2026-07-06 19:20:36,F2,1.6161,OK,0
2026-07-06 19:20:47,F2,1.6162,OK,0
2026-07-06 19:20:57,F2,1.6163,OK,0
2026-07-06 19:21:07,F2,1.6165,OK,0
2026-07-06 19:21:18,F2,1.6166,OK,0
2026-07-06 19:21:28,F2,1.6167,OK,0
2026-07-06 19:21:38,F2,1.6169,OK,0
2026-07-06 19:21:48,F2,1.6170,OK,0
2026-07-06 19:21:59,F2,1.6171,OK,0
2026-07-06 19:22:09,F2,1.6173,OK,0
2026-07-06 19:22:19,F2,1.6174,OK,0
2026-07-06 19:22:30,F2,1.6175,OK,0
2026-07-06 19:22:40,F2,1.6177,OK,0
2026-07-06 19:22:50,F2,1.6178,OK,0
2026-07-06 19:23:01,F2,1.6180,OK,0
2026-07-06 19:23:11,F2,1.6181,OK,0
2026-07-06 19:23:22,F2,1.6183,OK,0
2026-07-06 19:23:32,F2,1.6184,OK,1
2026-07-06 19:23:42,F2,1.6186,OK,0
2026-07-06 19:23:53,F2,1.6187,OK,0
2026-07-06 19:24:03,F2,1.6189,OK,0
2026-07-06 19:24:13,F2,1.6190,OK,0
2026-07-06 19:24:24,F2,1.6192,OK,0
2026-07-06 19:24:34,F2,1.6194,OK,0
2026-07-06 19:24:44,F2,1.6195,OK,0
2026-07-06 19:24:54,F2,1.6197,OK,0
2026-07-06 19:25:05,F2,1.6199,OK,0
2026-07-06 19:25:15,F2,1.6201,OK,0
2026-07-06 19:25:25,F2,1.6202,OK,0
2026-07-06 19:25:36,F2,1.6204,OK,0
2026-07-06 19:25:46,F2,1.6206,OK,0
2026-07-06 19:25:56,F2,1.6207,OK,0
2026-07-06 19:26:07,F2,1.6209,OK,0
2026-07-06 19:26:17,F2,1.6211,OK,0
2026-07-06 19:26:27,F2,1.6212,OK,0
2026-07-06 19:26:38,F2,1.6214,OK,0
2026-07-06 19:26:48,F2,1.6216,OK,0
2026-07-06 19:26:58,F2,1.6217,OK,0
2026-07-06 19:27:09,F2,1.6219,OK,0
2026-07-06 19:27:19,F2,1.6220,OK,0
2026-07-06 19:27:29,F2,1.6222,OK,0
2026-07-06 19:27:39,F2,1.6223,OK,0
2026-07-06 19:27:50,F2,1.6225,OK,0
2026-07-06 19:28:00,F2,1.6226,OK,0
2026-07-06 19:28:10,F2,1.6228,OK,0
2026-07-06 19:28:21,F2,1.6229,OK,0
2026-07-06 19:28:31,F2,1.6230,OK,0
2026-07-06 19:28:41,F2,1.6232,OK,0
2026-07-06 19:28:52,F2,1.6233,OK,0
2026-07-06 19:29:02,F2,1.6234,OK,0
2026-07-06 19:29:12,F2,1.6235,OK,0
2026-07-06 19:29:23,F2,1.6236,OK,0
2026-07-06 19:29:33,F2,1.6237,OK,0
2026-07-06 19:29:43,F2,1.6238,OK,0
2026-07-06 19:29:53,F2,1.6239,OK,0
2026-07-06 19:30:04,F2,1.6240,OK,0
2026-07-06 19:30:14,F2,1.6241,OK,0
2026-07-06 19:30:24,F2,1.6242,OK,0
2026-07-06 19:30:35,F2,1.6243,OK,0
2026-07-06 19:30:45,F2,1.6243,OK,0
2026-07-06 19:30:55,F2,1.6244,OK,0
2026-07-06 19:31:06,F2,1.6245,OK,0
2026-07-06 19:31:16,F2,1.6246,OK,0
2026-07-06 19:31:26,F2,1.6246,OK,0
2026-07-06 19:31:36,F2,1.6247,OK,0
2026-07-06 19:31:47,F2,1.6247,OK,0
2026-07-06 19:31:57,F2,1.6248,OK,0
2026-07-06 19:32:07,F2,1.6249,OK,0
2026-07-06 19:32:18,F2,1.6249,OK,0
2026-07-06 19:32:28,F2,1.6250,OK,0
2026-07-06 19:32:38,F2,1.6250,OK,0
2026-07-06 19:32:49,F2,1.6251,OK,0
2026-07-06 19:32:59,F2,1.6251,OK,0
2026-07-06 19:33:09,F2,1.6252,OK,0
2026-07-06 19:33:19,F2,1.6253,OK,0
2026-07-06 19:33:30,F2,1.6253,OK,0
2026-07-06 19:33:40,F2,1.6254,OK,0
2026-07-06 19:33:50,F2,1.6254,OK,0
2026-07-06 19:34:01,F2,1.6255,OK,0
2026-07-06 19:34:11,F2,1.6255,OK,0
2026-07-06 19:34:21,F2,1.6256,OK,0
2026-07-06 19:34:32,F2,1.6257,OK,0
2026-07-06 19:34:42,F2,1.6257,OK,0
2026-07-06 19:34:52,F2,1.6258,OK,0
2026-07-06 19:35:03,F2,1.6258,OK,0
2026-07-06 19:35:13,F2,1.6259,OK,0
2026-07-06 19:35:23,F2,1.6260,OK,0
2026-07-06 19:35:34,F2,1.6260,OK,0
2026-07-06 19:35:44,F2,1.6261,OK,0
2026-07-06 19:35:54,F2,1.6262,OK,0
2026-07-06 19:36:04,F2,1.6262,OK,0
2026-07-06 19:36:15,F2,1.6263,OK,0
2026-07-06 19:36:25,F2,1.6264,OK,0
2026-07-06 19:36:35,F2,1.6265,OK,0
2026-07-06 19:36:46,F2,1.6266,OK,0
2026-07-06 19:36:56,F2,1.6267,OK,0
2026-07-06 19:37:06,F2,1.6268,OK,0
2026-07-06 19:37:17,F2,1.6269,OK,0
2026-07-06 19:37:27,F2,1.6270,OK,0
2026-07-06 19:37:37,F2,1.6271,OK,0
2026-07-06 19:37:48,F2,1.6272,OK,0
2026-07-06 19:37:58,F2,1.6273,OK,0
2026-07-06 19:38:08,F2,1.6274,OK,0
2026-07-06 19:38:18,F2,1.6275,OK,0
2026-07-06 19:38:29,F2,1.6277,OK,0
2026-07-06 19:38:39,F2,1.6278,OK,0
2026-07-06 19:38:49,F2,1.6279,OK,0
2026-07-06 19:39:00,F2,1.6281,OK,0
2026-07-06 19:39:10,F2,1.6282,OK,0
2026-07-06 19:39:20,F2,1.6284,OK,0
2026-07-06 19:39:31,F2,1.6285,OK,0
2026-07-06 19:39:41,F2,1.6287,OK,0
2026-07-06 19:39:51,F2,1.6289,OK,0
2026-07-06 19:40:02,F2,1.6290,OK,0
2026-07-06 19:40:12,F2,1.6292,OK,0
2026-07-06 19:40:22,F2,1.6294,OK,0
2026-07-06 19:40:33,F2,1.6296,OK,0
2026-07-06 19:40:43,F2,1.6297,OK,0
2026-07-06 19:40:53,F2,1.6299,OK,0
2026-07-06 19:41:03,F2,1.6301,OK,0
2026-07-06 19:41:14,F2,1.6303,OK,0
2026-07-06 19:41:24,F2,1.6304,OK,0
2026-07-06 19:41:34,F2,1.6306,OK,0
2026-07-06 19:41:45,F2,1.6308,OK,0
2026-07-06 19:41:55,F2,1.6310,OK,0
2026-07-06 19:42:05,F2,1.6312,OK,0
2026-07-06 19:42:16,F2,1.6314,OK,0
2026-07-06 19:42:26,F2,1.6315,OK,0
2026-07-06 19:42:36,F2,1.6317,OK,0
2026-07-06 19:42:47,F2,1.6319,OK,0
2026-07-06 19:42:57,F2,1.6321,OK,0
2026-07-06 19:43:07,F2,1.6322,OK,0
2026-07-06 19:43:18,F2,1.6324,OK,0
2026-07-06 19:43:28,F2,1.6326,OK,0
2026-07-06 19:43:38,F2,1.6328,OK,0
2026-07-06 19:43:49,F2,1.6329,OK,0
2026-07-06 19:43:59,F2,1.6331,OK,0
2026-07-06 19:44:09,F2,1.6333,OK,0
2026-07-06 19:44:19,F2,1.6334,OK,0
2026-07-06 19:44:30,F2,1.6336,OK,0
2026-07-06 19:44:40,F2,1.6337,OK,0
2026-07-06 19:44:50,F2,1.6339,OK,0
2026-07-06 19:45:01,F2,1.6341,OK,0
2026-07-06 19:45:11,F2,1.6342,OK,0
2026-07-06 19:45:21,F2,1.6344,OK,0
2026-07-06 19:45:32,F2,1.6345,OK,0
2026-07-06 19:45:42,F2,1.6347,OK,0
2026-07-06 19:45:52,F2,1.6348,OK,0
2026-07-06 19:46:02,F2,1.6350,OK,0
2026-07-06 19:46:13,F2,1.6351,OK,0
2026-07-06 19:46:23,F2,1.6353,OK,0
2026-07-06 19:46:33,F2,1.6354,OK,0
2026-07-06 19:46:44,F2,1.6355,OK,0
2026-07-06 19:46:54,F2,1.6357,OK,0
2026-07-06 19:47:04,F2,1.6358,OK,0
2026-07-06 19:47:15,F2,1.6360,OK,0
2026-07-06 19:47:25,F2,1.6361,OK,0
2026-07-06 19:47:35,F2,1.6362,OK,0
2026-07-06 19:47:46,F2,1.6364,OK,0
2026-07-06 19:47:56,F2,1.6365,OK,0
2026-07-06 19:48:06,F2,1.6367,OK,0
2026-07-06 19:48:17,F2,1.6368,OK,0
2026-07-06 19:48:27,F2,1.6369,OK,0
2026-07-06 19:48:37,F2,1.6371,OK,0
2026-07-06 19:48:48,F2,1.6372,OK,0
2026-07-06 19:48:58,F2,1.6373,OK,0
2026-07-06 19:49:08,F2,1.6375,OK,0
2026-07-06 19:49:18,F2,1.6376,OK,0
2026-07-06 19:49:29,F2,1.6378,OK,0
2026-07-06 19:49:39,F2,1.6379,OK,0
2026-07-06 19:49:49,F2,1.6380,OK,0
2026-07-06 19:50:00,F2,1.6382,OK,0
2026-07-06 19:50:10,F2,1.6383,OK,0
2026-07-06 19:50:20,F2,1.6385,OK,0
2026-07-06 19:50:30,F2,1.6386,OK,0
2026-07-06 19:50:41,F2,1.6388,OK,0
2026-07-06 19:50:51,F2,1.6389,OK,0
2026-07-06 19:51:01,F2,1.6391,OK,0
2026-07-06 19:51:12,F2,1.6392,OK,0
2026-07-06 19:51:22,F2,1.6394,OK,0
2026-07-06 19:51:32,F2,1.6395,OK,0
2026-07-06 19:51:42,F2,1.6397,OK,0
2026-07-06 19:51:53,F2,1.6399,OK,0
2026-07-06 19:52:03,F2,1.6400,OK,0
2026-07-06 19:52:13,F2,1.6402,OK,0
2026-07-06 19:52:24,F2,1.6404,OK,0
2026-07-06 19:52:34,F2,1.6406,OK,0
2026-07-06 19:52:44,F2,1.6407,OK,0
2026-07-06 19:52:55,F2,1.6409,OK,0
2026-07-06 19:53:05,F2,1.6411,OK,0
2026-07-06 19:53:15,F2,1.6413,OK,0
2026-07-06 19:53:26,F2,1.6415,OK,0
2026-07-06 19:53:36,F2,1.6417,OK,0
2026-07-06 19:53:46,F2,1.6419,OK,0
2026-07-06 19:53:57,F2,1.6422,OK,0
2026-07-06 19:54:07,F2,1.6424,OK,0
2026-07-06 19:54:17,F2,1.6426,OK,0
2026-07-06 19:54:27,F2,1.6428,OK,0
2026-07-06 19:54:38,F2,1.6431,OK,0
2026-07-06 19:54:48,F2,1.6433,OK,0
2026-07-06 19:54:58,F2,1.6435,OK,0
2026-07-06 19:55:09,F2,1.6438,OK,0
2026-07-06 19:55:19,F2,1.6440,OK,0
2026-07-06 19:55:29,F2,1.6443,OK,0
2026-07-06 19:55:40,F2,1.6445,OK,0
2026-07-06 19:55:50,F2,1.6447,OK,0
2026-07-06 19:56:00,F2,1.6450,OK,0
2026-07-06 19:56:11,F2,1.6452,OK,0
2026-07-06 19:56:21,F2,1.6455,OK,0
2026-07-06 19:56:31,F2,1.6457,OK,0
2026-07-06 19:56:41,F2,1.6460,OK,0
2026-07-06 19:56:52,F2,1.6462,OK,0
2026-07-06 19:57:02,F2,1.6465,OK,0
2026-07-06 19:57:12,F2,1.6467,OK,0
2026-07-06 19:57:23,F2,1.6470,OK,0
2026-07-06 19:57:33,F2,1.6472,OK,0
2026-07-06 19:57:43,F2,1.6475,OK,0
2026-07-06 19:57:54,F2,1.6477,OK,0
2026-07-06 19:58:04,F2,1.6479,OK,0
2026-07-06 19:58:14,F2,1.6482,OK,0
2026-07-06 19:58:25,F2,1.6484,OK,0
2026-07-06 19:58:35,F2,1.6487,OK,0
2026-07-06 19:58:45,F2,1.6489,OK,0
2026-07-06 19:58:56,F2,1.6491,OK,0
2026-07-06 19:59:06,F2,1.6494,OK,0
2026-07-06 19:59:16,F2,1.6496,OK,0
2026-07-06 19:59:26,F2,1.6498,OK,0
2026-07-06 19:59:37,F2,1.6500,OK,0
2026-07-06 19:59:47,F2,1.6503,OK,0
2026-07-06 19:59:57,F2,1.6505,OK,0
2026-07-06 20:00:08,F2,1.6507,OK,0
2026-07-06 20:00:18,F2,1.6509,OK,0
2026-07-06 20:00:28,F2,1.6511,OK,0
2026-07-06 20:00:39,F2,1.6513,OK,0
2026-07-06 20:00:49,F2,1.6515,OK,0
2026-07-06 20:00:59,F2,1.6517,OK,0
2026-07-06 20:01:10,F2,1.6519,OK,0
2026-07-06 20:01:20,F2,1.6521,OK,0
2026-07-06 20:01:30,F2,1.6523,OK,0
2026-07-06 20:01:40,F2,1.6525,OK,0
2026-07-06 20:01:51,F2,1.6527,OK,0
2026-07-06 20:02:01,F2,1.6529,OK,0
2026-07-06 20:02:11,F2,1.6531,OK,0
2026-07-06 20:02:22,F2,1.6533,OK,0
2026-07-06 20:02:32,F2,1.6535,OK,0
2026-07-06 20:02:42,F2,1.6537,OK,0
2026-07-06 20:02:53,F2,1.6538,OK,0
2026-07-06 20:03:03,F2,1.6540,OK,0
2026-07-06 20:03:13,F2,1.6542,OK,0
2026-07-06 20:03:24,F2,1.6544,OK,0
2026-07-06 20:03:34,F2,1.6545,OK,0
2026-07-06 20:03:44,F2,1.6547,OK,0
2026-07-06 20:03:55,F2,1.6549,OK,0
2026-07-06 20:04:05,F2,1.6551,OK,0
2026-07-06 20:04:15,F2,1.6552,OK,0
2026-07-06 20:04:25,F2,1.6554,OK,0
2026-07-06 20:04:36,F2,1.6556,OK,0
2026-07-06 20:04:46,F2,1.6557,OK,0
2026-07-06 20:04:56,F2,1.6559,OK,0
2026-07-06 20:05:07,F2,1.6561,OK,0
2026-07-06 20:05:17,F2,1.6563,OK,0
2026-07-06 20:05:27,F2,1.6564,OK,0
2026-07-06 20:05:38,F2,1.6566,OK,0
2026-07-06 20:05:48,F2,1.6568,OK,0
2026-07-06 20:05:58,F2,1.6570,OK,0
2026-07-06 20:06:08,F2,1.6572,OK,0
2026-07-06 20:06:19,F2,1.6573,OK,0
2026-07-06 20:06:29,F2,1.6575,OK,0
2026-07-06 20:06:39,F2,1.6577,OK,0
2026-07-06 20:06:50,F2,1.6579,OK,0
2026-07-06 20:07:00,F2,1.6581,OK,0
2026-07-06 20:07:10,F2,1.6583,OK,0
2026-07-06 20:07:21,F2,1.6585,OK,0
2026-07-06 20:07:31,F2,1.6587,OK,0
2026-07-06 20:07:41,F2,1.6589,OK,0
2026-07-06 20:07:51,F2,1.6591,OK,0
2026-07-06 20:08:02,F2,1.6593,OK,0
2026-07-06 20:08:12,F2,1.6596,OK,0
2026-07-06 20:08:22,F2,1.6598,OK,0
2026-07-06 20:08:33,F2,1.6600,OK,0
2026-07-06 20:08:43,F2,1.6602,OK,0
2026-07-06 20:08:53,F2,1.6605,OK,0
2026-07-06 20:09:04,F2,1.6607,OK,1
2026-07-06 20:09:14,F2,1.6609,OK,0
2026-07-06 20:09:24,F2,1.6612,OK,0
2026-07-06 20:09:35,F2,1.6614,OK,0
2026-07-06 20:09:45,F2,1.6617,OK,0
2026-07-06 20:09:55,F2,1.6619,OK,0
2026-07-06 20:10:06,F2,1.6622,OK,0
2026-07-06 20:10:16,F2,1.6624,OK,0
2026-07-06 20:10:26,F2,1.6627,OK,0
2026-07-06 20:10:37,F2,1.6629,OK,0
2026-07-06 20:10:47,F2,1.6632,OK,0
2026-07-06 20:10:57,F2,1.6634,OK,0
2026-07-06 20:11:08,F2,1.6637,OK,0
2026-07-06 20:11:18,F2,1.6640,OK,0
2026-07-06 20:11:28,F2,1.6642,OK,0
2026-07-06 20:11:39,F2,1.6645,OK,0
2026-07-06 20:11:49,F2,1.6647,OK,0
2026-07-06 20:11:59,F2,1.6650,OK,0
2026-07-06 20:12:10,F2,1.6652,OK,0
2026-07-06 20:12:20,F2,1.6655,OK,0
2026-07-06 20:12:30,F2,1.6657,OK,0
2026-07-06 20:12:41,F2,1.6660,OK,0
2026-07-06 20:12:51,F2,1.6662,OK,0
2026-07-06 20:13:01,F2,1.6665,OK,0
2026-07-06 20:13:12,F2,1.6667,OK,0
2026-07-06 20:13:22,F2,1.6670,OK,0
2026-07-06 20:13:32,F2,1.6672,OK,0
2026-07-06 20:13:43,F2,1.6674,OK,0
2026-07-06 20:13:53,F2,1.6677,OK,0
2026-07-06 20:14:03,F2,1.6679,OK,0
2026-07-06 20:14:13,F2,1.6681,OK,0
2026-07-06 20:14:24,F2,1.6684,OK,0
2026-07-06 20:14:34,F2,1.6686,OK,0
2026-07-06 20:14:44,F2,1.6688,OK,0
2026-07-06 20:14:55,F2,1.6691,OK,0
2026-07-06 20:15:05,F2,1.6693,OK,0
2026-07-06 20:15:15,F2,1.6695,OK,0
2026-07-06 20:15:26,F2,1.6697,OK,0
2026-07-06 20:15:36,F2,1.6699,OK,0
2026-07-06 20:15:46,F2,1.6701,OK,0
2026-07-06 20:15:57,F2,1.6703,OK,0
2026-07-06 20:16:07,F2,1.6706,OK,0
2026-07-06 20:16:17,F2,1.6708,OK,0
2026-07-06 20:16:27,F2,1.6710,OK,0
2026-07-06 20:16:38,F2,1.6712,OK,0
2026-07-06 20:16:48,F2,1.6713,OK,0
2026-07-06 20:16:58,F2,1.6715,OK,0
2026-07-06 20:17:09,F2,1.6717,OK,0
2026-07-06 20:17:19,F2,1.6719,OK,0
2026-07-06 20:17:29,F2,1.6721,OK,0
2026-07-06 20:17:40,F2,1.6723,OK,0
2026-07-06 20:17:50,F2,1.6725,OK,0
2026-07-06 20:18:00,F2,1.6726,OK,0
2026-07-06 20:18:11,F2,1.6728,OK,0
2026-07-06 20:18:21,F2,1.6730,OK,0
2026-07-06 20:18:31,F2,1.6731,OK,0
2026-07-06 20:18:41,F2,1.6733,OK,0
2026-07-06 20:18:52,F2,1.6735,OK,0
2026-07-06 20:19:02,F2,1.6737,OK,0
2026-07-06 20:19:12,F2,1.6738,OK,0
2026-07-06 20:19:23,F2,1.6740,OK,0
2026-07-06 20:19:33,F2,1.6742,OK,0
2026-07-06 20:19:43,F2,1.6743,OK,0
2026-07-06 20:19:54,F2,1.6745,OK,0
2026-07-06 20:20:04,F2,1.6747,OK,0
2026-07-06 20:20:14,F2,1.6749,OK,0
2026-07-06 20:20:25,F2,1.6750,OK,0
2026-07-06 20:20:35,F2,1.6752,OK,0
2026-07-06 20:20:45,F2,1.6754,OK,0
2026-07-06 20:20:56,F2,1.6756,OK,0
2026-07-06 20:21:06,F2,1.6758,OK,0
2026-07-06 20:21:16,F2,1.6760,OK,0
2026-07-06 20:21:27,F2,1.6761,OK,0
2026-07-06 20:21:37,F2,1.6763,OK,0
2026-07-06 20:21:47,F2,1.6765,OK,0
2026-07-06 20:21:57,F2,1.6767,OK,0
2026-07-06 20:22:08,F2,1.6770,OK,0
2026-07-06 20:22:18,F2,1.6772,OK,0
2026-07-06 20:22:28,F2,1.6774,OK,0
2026-07-06 20:22:39,F2,1.6776,OK,0
2026-07-06 20:22:49,F2,1.6778,OK,0
2026-07-06 20:22:59,F2,1.6781,OK,0
2026-07-06 20:23:10,F2,1.6783,OK,0
2026-07-06 20:23:20,F2,1.6785,OK,0
2026-07-06 20:23:30,F2,1.6788,OK,0
2026-07-06 20:23:41,F2,1.6790,OK,0
2026-07-06 20:23:51,F2,1.6793,OK,0
2026-07-06 20:24:01,F2,1.6795,OK,0
2026-07-06 20:24:12,F2,1.6798,OK,0
2026-07-06 20:24:22,F2,1.6801,OK,0
2026-07-06 20:24:32,F2,1.6803,OK,0
2026-07-06 20:24:43,F2,1.6806,OK,0
2026-07-06 20:24:53,F2,1.6809,OK,0
2026-07-06 20:25:03,F2,1.6812,OK,1
2026-07-06 20:25:14,F2,1.6814,OK,0
2026-07-06 20:25:24,F2,1.6817,OK,0
2026-07-06 20:25:34,F2,1.6820,OK,0
2026-07-06 20:25:44,F2,1.6823,OK,0
2026-07-06 20:25:55,F2,1.6826,OK,0
2026-07-06 20:26:05,F2,1.6829,OK,0
2026-07-06 20:26:15,F2,1.6832,OK,0
2026-07-06 20:26:26,F2,1.6835,OK,0
2026-07-06 20:26:36,F2,1.6838,OK,0
2026-07-06 20:26:46,F2,1.6841,OK,0
2026-07-06 20:26:57,F2,1.6844,OK,0
2026-07-06 20:27:07,F2,1.6847,OK,0
2026-07-06 20:27:17,F2,1.6850,OK,0
2026-07-06 20:27:28,F2,1.6853,OK,0
2026-07-06 20:27:38,F2,1.6856,OK,0
2026-07-06 20:27:48,F2,1.6859,OK,0
2026-07-06 20:27:59,F2,1.6862,OK,0
2026-07-06 20:28:09,F2,1.6865,OK,0
2026-07-06 20:28:19,F2,1.6868,OK,0
2026-07-06 20:28:30,F2,1.6871,OK,0
2026-07-06 20:28:40,F2,1.6874,OK,0
2026-07-06 20:28:50,F2,1.6877,OK,0
2026-07-06 20:29:01,F2,1.6880,OK,0
2026-07-06 20:29:11,F2,1.6882,OK,0
2026-07-06 20:29:21,F2,1.6885,OK,0
2026-07-06 20:29:31,F2,1.6888,OK,0
2026-07-06 20:29:42,F2,1.6891,OK,0
2026-07-06 20:29:52,F2,1.6894,OK,0
2026-07-06 20:30:02,F2,1.6897,OK,0
2026-07-06 20:30:13,F2,1.6900,OK,0
2026-07-06 20:30:23,F2,1.6903,OK,0
2026-07-06 20:30:33,F2,1.6905,OK,0
2026-07-06 20:30:44,F2,1.6908,OK,0
2026-07-06 20:30:54,F2,1.6911,OK,0
2026-07-06 20:31:04,F2,1.6914,OK,0
2026-07-06 20:31:15,F2,1.6916,OK,0
2026-07-06 20:31:25,F2,1.6919,OK,0
2026-07-06 20:31:35,F2,1.6921,OK,0
2026-07-06 20:31:46,F2,1.6924,OK,0
2026-07-06 20:31:56,F2,1.6927,OK,0
2026-07-06 20:32:06,F2,1.6929,OK,0
2026-07-06 20:32:17,F2,1.6932,OK,0
2026-07-06 20:32:27,F2,1.6934,OK,0
2026-07-06 20:32:37,F2,1.6937,OK,0
2026-07-06 20:32:47,F2,1.6939,OK,0
2026-07-06 20:32:58,F2,1.6941,OK,0
2026-07-06 20:33:08,F2,1.6944,OK,0
2026-07-06 20:33:18,F2,1.6946,OK,0
2026-07-06 20:33:29,F2,1.6949,OK,0
2026-07-06 20:33:39,F2,1.6951,OK,0
2026-07-06 20:33:49,F2,1.6953,OK,0
2026-07-06 20:34:00,F2,1.6956,OK,0
2026-07-06 20:34:10,F2,1.6958,OK,0
2026-07-06 20:34:20,F2,1.6961,OK,0
2026-07-06 20:34:30,F2,1.6963,OK,0
2026-07-06 20:34:41,F2,1.6965,OK,0
2026-07-06 20:34:51,F2,1.6968,OK,0
2026-07-06 20:35:01,F2,1.6970,OK,0
2026-07-06 20:35:12,F2,1.6973,OK,0
2026-07-06 20:35:22,F2,1.6975,OK,0
2026-07-06 20:35:32,F2,1.6978,OK,0
2026-07-06 20:35:43,F2,1.6980,OK,0
2026-07-06 20:35:53,F2,1.6983,OK,0
2026-07-06 20:36:03,F2,1.6985,OK,0
2026-07-06 20:36:14,F2,1.6988,OK,0
2026-07-06 20:36:24,F2,1.6991,OK,0
2026-07-06 20:36:34,F2,1.6994,OK,0
2026-07-06 20:36:44,F2,1.6996,OK,0
2026-07-06 20:36:55,F2,1.6999,OK,0
2026-07-06 20:37:05,F2,1.7002,OK,0
2026-07-06 20:37:15,F2,1.7005,OK,0
2026-07-06 20:37:26,F2,1.7008,OK,0
2026-07-06 20:37:36,F2,1.7011,OK,0
2026-07-06 20:37:46,F2,1.7014,OK,0
2026-07-06 20:37:57,F2,1.7017,OK,0
2026-07-06 20:38:07,F2,1.7020,OK,0
2026-07-06 20:38:17,F2,1.7023,OK,0
2026-07-06 20:38:27,F2,1.7027,OK,0
2026-07-06 20:38:38,F2,1.7030,OK,0
2026-07-06 20:38:48,F2,1.7033,OK,0
2026-07-06 20:38:58,F2,1.7037,OK,0
2026-07-06 20:39:09,F2,1.7040,OK,0
2026-07-06 20:39:19,F2,1.7044,OK,0
2026-07-06 20:39:29,F2,1.7047,OK,0
2026-07-06 20:39:40,F2,1.7051,OK,0
2026-07-06 20:39:50,F2,1.7055,OK,0
2026-07-06 20:40:00,F2,1.7058,OK,0
2026-07-06 20:40:11,F2,1.7062,OK,0
2026-07-06 20:40:21,F2,1.7066,OK,0
2026-07-06 20:40:31,F2,1.7069,OK,0
2026-07-06 20:40:41,F2,1.7073,OK,0
2026-07-06 20:40:52,F2,1.7077,OK,0
2026-07-06 20:41:02,F2,1.7081,OK,0
2026-07-06 20:41:12,F2,1.7085,OK,0
2026-07-06 20:41:23,F2,1.7089,OK,0
2026-07-06 20:41:33,F2,1.7092,OK,0
2026-07-06 20:41:43,F2,1.7096,OK,0
2026-07-06 20:41:54,F2,1.7100,OK,0
2026-07-06 20:42:04,F2,1.7104,OK,0
2026-07-06 20:42:14,F2,1.7108,OK,0
2026-07-06 20:42:25,F2,1.7112,OK,0
2026-07-06 20:42:35,F2,1.7116,OK,0
2026-07-06 20:42:45,F2,1.7120,OK,0
2026-07-06 20:42:55,F2,1.7124,OK,0
2026-07-06 20:43:06,F2,1.7128,OK,0
2026-07-06 20:43:16,F2,1.7132,OK,0
2026-07-06 20:43:26,F2,1.7136,OK,0
2026-07-06 20:43:37,F2,1.7140,OK,0
2026-07-06 20:43:47,F2,1.7144,OK,0
2026-07-06 20:43:57,F2,1.7148,OK,0
2026-07-06 20:44:08,F2,1.7152,OK,0
2026-07-06 20:44:18,F2,1.7156,OK,0
2026-07-06 20:44:28,F2,1.7160,OK,0
2026-07-06 20:44:39,F2,1.7164,OK,0
2026-07-06 20:44:49,F2,1.7168,OK,0
2026-07-06 20:44:59,F2,1.7172,OK,0
2026-07-06 20:45:10,F2,1.7176,OK,0
2026-07-06 20:45:20,F2,1.7179,OK,0
2026-07-06 20:45:30,F2,1.7183,OK,0
2026-07-06 20:45:41,F2,1.7187,OK,0
2026-07-06 20:45:51,F2,1.7191,OK,0
2026-07-06 20:46:01,F2,1.7195,OK,0
2026-07-06 20:46:12,F2,1.7198,OK,0
2026-07-06 20:46:22,F2,1.7202,OK,0
2026-07-06 20:46:32,F2,1.7206,OK,0
2026-07-06 20:46:43,F2,1.7210,OK,0
2026-07-06 20:46:53,F2,1.7213,OK,0
2026-07-06 20:47:03,F2,1.7217,OK,0
2026-07-06 20:47:14,F2,1.7221,OK,0
2026-07-06 20:47:24,F2,1.7224,OK,0
2026-07-06 20:47:34,F2,1.7228,OK,0
2026-07-06 20:47:44,F2,1.7231,OK,0
2026-07-06 20:47:55,F2,1.7235,OK,0
2026-07-06 20:48:05,F2,1.7238,OK,0
2026-07-06 20:48:15,F2,1.7242,OK,0
2026-07-06 20:48:26,F2,1.7245,OK,0
2026-07-06 20:48:36,F2,1.7249,OK,0
2026-07-06 20:48:46,F2,1.7252,OK,0
2026-07-06 20:48:57,F2,1.7256,OK,0
2026-07-06 20:49:07,F2,1.7259,OK,0
2026-07-06 20:49:17,F2,1.7263,OK,0
2026-07-06 20:49:27,F2,1.7266,OK,0
2026-07-06 20:49:38,F2,1.7270,OK,0
2026-07-06 20:49:48,F2,1.7274,OK,0
2026-07-06 20:49:58,F2,1.7277,OK,0
2026-07-06 20:50:09,F2,1.7281,OK,0
2026-07-06 20:50:19,F2,1.7284,OK,0
2026-07-06 20:50:29,F2,1.7288,OK,0
2026-07-06 20:50:40,F2,1.7292,OK,0
2026-07-06 20:50:50,F2,1.7295,OK,0
2026-07-06 20:51:00,F2,1.7299,OK,0
2026-07-06 20:51:11,F2,1.7303,OK,0
2026-07-06 20:51:21,F2,1.7307,OK,0
2026-07-06 20:51:31,F2,1.7310,OK,0
2026-07-06 20:51:42,F2,1.7314,OK,0
2026-07-06 20:51:52,F2,1.7318,OK,0
2026-07-06 20:52:02,F2,1.7322,OK,0
2026-07-06 20:52:12,F2,1.7326,OK,0
2026-07-06 20:52:23,F2,1.7330,OK,0
2026-07-06 20:52:33,F2,1.7334,OK,0
2026-07-06 20:52:43,F2,1.7338,OK,0
2026-07-06 20:52:54,F2,1.7342,OK,0
2026-07-06 20:53:04,F2,1.7346,OK,0
2026-07-06 20:53:14,F2,1.7350,OK,0
2026-07-06 20:53:25,F2,1.7354,OK,0
2026-07-06 20:53:35,F2,1.7358,OK,0
2026-07-06 20:53:45,F2,1.7362,OK,0
2026-07-06 20:53:56,F2,1.7367,OK,0
2026-07-06 20:54:06,F2,1.7371,OK,0
2026-07-06 20:54:16,F2,1.7375,OK,0
2026-07-06 20:54:26,F2,1.7379,OK,0
2026-07-06 20:54:37,F2,1.7384,OK,0
2026-07-06 20:54:47,F2,1.7388,OK,0
2026-07-06 20:54:57,F2,1.7392,OK,0
2026-07-06 20:55:08,F2,1.7397,OK,0
2026-07-06 20:55:18,F2,1.7401,OK,0
2026-07-06 20:55:28,F2,1.7405,OK,0
2026-07-06 20:55:39,F2,1.7410,OK,0
2026-07-06 20:55:49,F2,1.7414,OK,0
2026-07-06 20:55:59,F2,1.7419,OK,0
2026-07-06 20:56:09,F2,1.7423,OK,0
2026-07-06 20:56:20,F2,1.7427,OK,0
2026-07-06 20:56:30,F2,1.7432,OK,0
2026-07-06 20:56:40,F2,1.7436,OK,0
2026-07-06 20:56:51,F2,1.7441,OK,0
2026-07-06 20:57:01,F2,1.7445,OK,0
2026-07-06 20:57:11,F2,1.7449,OK,0
2026-07-06 20:57:22,F2,1.7454,OK,0
2026-07-06 20:57:32,F2,1.7458,OK,0
2026-07-06 20:57:42,F2,1.7462,OK,0
2026-07-06 20:57:53,F2,1.7467,OK,0
2026-07-06 20:58:03,F2,1.7471,OK,0
2026-07-06 20:58:13,F2,1.7475,OK,0
2026-07-06 20:58:24,F2,1.7479,OK,0
2026-07-06 20:58:34,F2,1.7484,OK,0
2026-07-06 20:58:44,F2,1.7488,OK,0
2026-07-06 20:58:55,F2,1.7492,OK,0
2026-07-06 20:59:05,F2,1.7496,OK,0
2026-07-06 20:59:15,F2,1.7501,OK,0
2026-07-06 20:59:26,F2,1.7505,OK,0
2026-07-06 20:59:36,F2,1.7509,OK,0
2026-07-06 20:59:46,F2,1.7513,OK,0
2026-07-06 20:59:56,F2,1.7517,OK,0
2026-07-06 21:00:07,F2,1.7521,OK,0
2026-07-06 21:00:17,F2,1.7525,OK,0
2026-07-06 21:00:27,F2,1.7529,OK,0
2026-07-06 21:00:38,F2,1.7533,OK,0
2026-07-06 21:00:48,F2,1.7537,OK,0
2026-07-06 21:00:58,F2,1.7541,OK,0
2026-07-06 21:01:09,F2,1.7545,OK,0
2026-07-06 21:01:19,F2,1.7548,OK,0
2026-07-06 21:01:29,F2,1.7552,OK,0
2026-07-06 21:01:40,F2,1.7556,OK,0
2026-07-06 21:01:50,F2,1.7560,OK,0
2026-07-06 21:02:00,F2,1.7563,OK,0
2026-07-06 21:02:10,F2,1.7567,OK,0
2026-07-06 21:02:21,F2,1.7571,OK,0
2026-07-06 21:02:31,F2,1.7574,OK,0
2026-07-06 21:02:41,F2,1.7578,OK,0
2026-07-06 21:02:52,F2,1.7582,OK,0
2026-07-06 21:03:02,F2,1.7585,OK,0
2026-07-06 21:03:12,F2,1.7589,OK,0
2026-07-06 21:03:23,F2,1.7593,OK,0
2026-07-06 21:03:33,F2,1.7596,OK,0
2026-07-06 21:03:43,F2,1.7600,OK,0
2026-07-06 21:03:54,F2,1.7603,OK,0
2026-07-06 21:04:04,F2,1.7607,OK,0
2026-07-06 21:04:14,F2,1.7611,OK,0
2026-07-06 21:04:25,F2,1.7614,OK,0
2026-07-06 21:04:35,F2,1.7618,OK,0
2026-07-06 21:04:45,F2,1.7622,OK,0
2026-07-06 21:04:56,F2,1.7625,OK,0
2026-07-06 21:05:06,F2,1.7629,OK,0
2026-07-06 21:05:16,F2,1.7633,OK,0
2026-07-06 21:05:27,F2,1.7637,OK,0
2026-07-06 21:05:37,F2,1.7641,OK,0
2026-07-06 21:05:47,F2,1.7644,OK,0
2026-07-06 21:05:57,F2,1.7648,OK,0
2026-07-06 21:06:08,F2,1.7652,OK,0
2026-07-06 21:06:18,F2,1.7656,OK,0
2026-07-06 21:06:28,F2,1.7660,OK,0
2026-07-06 21:06:39,F2,1.7664,OK,0
2026-07-06 21:06:49,F2,1.7668,OK,0
2026-07-06 21:06:59,F2,1.7672,OK,0
2026-07-06 21:07:10,F2,1.7676,OK,0
2026-07-06 21:07:20,F2,1.7681,OK,0
2026-07-06 21:07:30,F2,1.7685,OK,0
2026-07-06 21:07:40,F2,1.7689,OK,0
2026-07-06 21:07:51,F2,1.7693,OK,0
2026-07-06 21:08:01,F2,1.7698,OK,1
2026-07-06 21:08:11,F2,1.7702,OK,0
2026-07-06 21:08:22,F2,1.7706,OK,0
2026-07-06 21:08:32,F2,1.7711,OK,0
2026-07-06 21:08:42,F2,1.7715,OK,0
2026-07-06 21:08:53,F2,1.7720,OK,0
2026-07-06 21:09:03,F2,1.7724,OK,0
2026-07-06 21:09:13,F2,1.7729,OK,0
2026-07-06 21:09:24,F2,1.7733,OK,0
2026-07-06 21:09:34,F2,1.7738,OK,0
2026-07-06 21:09:44,F2,1.7743,OK,0
2026-07-06 21:09:55,F2,1.7747,OK,0
2026-07-06 21:10:05,F2,1.7752,OK,0
2026-07-06 21:10:15,F2,1.7757,OK,0
2026-07-06 21:10:25,F2,1.7761,OK,0
2026-07-06 21:10:36,F2,1.7766,OK,0
2026-07-06 21:10:46,F2,1.7771,OK,0
2026-07-06 21:10:56,F2,1.7775,OK,0
2026-07-06 21:11:07,F2,1.7780,OK,0
2026-07-06 21:11:17,F2,1.7785,OK,0
2026-07-06 21:11:27,F2,1.7790,OK,0
2026-07-06 21:11:38,F2,1.7794,OK,0
2026-07-06 21:11:48,F2,1.7799,OK,0
2026-07-06 21:11:58,F2,1.7804,OK,0
2026-07-06 21:12:08,F2,1.7809,OK,0
2026-07-06 21:12:19,F2,1.7814,OK,0
2026-07-06 21:12:29,F2,1.7818,OK,0
2026-07-06 21:12:39,F2,1.7823,OK,0
2026-07-06 21:12:50,F2,1.7828,OK,0
2026-07-06 21:13:00,F2,1.7833,OK,0
2026-07-06 21:13:10,F2,1.7838,OK,0
2026-07-06 21:13:21,F2,1.7842,OK,0
2026-07-06 21:13:31,F2,1.7847,OK,0
2026-07-06 21:13:41,F2,1.7852,OK,0
2026-07-06 21:13:52,F2,1.7857,OK,0
2026-07-06 21:14:02,F2,1.7862,OK,0
2026-07-06 21:14:12,F2,1.7866,OK,0
2026-07-06 21:14:23,F2,1.7871,OK,0
2026-07-06 21:14:33,F2,1.7876,OK,0
2026-07-06 21:14:43,F2,1.7880,OK,0
2026-07-06 21:14:54,F2,1.7885,OK,0
2026-07-06 21:15:04,F2,1.7890,OK,0
2026-07-06 21:15:14,F2,1.7894,OK,0
2026-07-06 21:15:24,F2,1.7899,OK,0
2026-07-06 21:15:35,F2,1.7904,OK,0
2026-07-06 21:15:45,F2,1.7908,OK,0
2026-07-06 21:15:55,F2,1.7913,OK,0
2026-07-06 21:16:06,F2,1.7917,OK,0
2026-07-06 21:16:16,F2,1.7922,OK,0
2026-07-06 21:16:26,F2,1.7926,OK,0
2026-07-06 21:16:37,F2,1.7931,OK,0
2026-07-06 21:16:47,F2,1.7935,OK,0
2026-07-06 21:16:57,F2,1.7940,OK,0
2026-07-06 21:17:08,F2,1.7944,OK,0
2026-07-06 21:17:18,F2,1.7949,OK,0
2026-07-06 21:17:28,F2,1.7953,OK,0
2026-07-06 21:17:39,F2,1.7958,OK,0
2026-07-06 21:17:49,F2,1.7962,OK,0
2026-07-06 21:17:59,F2,1.7967,OK,0
2026-07-06 21:18:10,F2,1.7971,OK,0
2026-07-06 21:18:20,F2,1.7976,OK,0
2026-07-06 21:18:30,F2,1.7980,OK,0
2026-07-06 21:18:41,F2,1.7985,OK,0
2026-07-06 21:18:51,F2,1.7989,OK,0
2026-07-06 21:19:01,F2,1.7994,OK,0
2026-07-06 21:19:12,F2,1.7998,OK,0
2026-07-06 21:19:22,F2,1.8003,OK,0
2026-07-06 21:19:32,F2,1.8008,OK,0
2026-07-06 21:19:42,F2,1.8013,OK,0
2026-07-06 21:19:53,F2,1.8017,OK,0
2026-07-06 21:20:03,F2,1.8022,OK,0
2026-07-06 21:20:13,F2,1.8027,OK,0
2026-07-06 21:20:24,F2,1.8032,OK,0
2026-07-06 21:20:34,F2,1.8037,OK,0
2026-07-06 21:20:44,F2,1.8042,OK,0
2026-07-06 21:20:55,F2,1.8047,OK,0
2026-07-06 21:21:05,F2,1.8052,OK,0
2026-07-06 21:21:15,F2,1.8057,OK,0
2026-07-06 21:21:26,F2,1.8062,OK,0
2026-07-06 21:21:36,F2,1.8068,OK,0
2026-07-06 21:21:46,F2,1.8073,OK,0
2026-07-06 21:21:57,F2,1.8078,OK,0
2026-07-06 21:22:07,F2,1.8084,OK,0
2026-07-06 21:22:17,F2,1.8089,OK,0
2026-07-06 21:22:28,F2,1.8094,OK,0
2026-07-06 21:22:38,F2,1.8100,OK,0
2026-07-06 21:22:48,F2,1.8106,OK,0
2026-07-06 21:22:58,F2,1.8111,OK,0
2026-07-06 21:23:09,F2,1.8117,OK,0
2026-07-06 21:23:19,F2,1.8123,OK,0
2026-07-06 21:23:29,F2,1.8128,OK,0
2026-07-06 21:23:40,F2,1.8134,OK,0
2026-07-06 21:23:50,F2,1.8140,OK,0
2026-07-06 21:24:00,F2,1.8146,OK,0
2026-07-06 21:24:11,F2,1.8152,OK,0
2026-07-06 21:24:21,F2,1.8157,OK,0
2026-07-06 21:24:31,F2,1.8163,OK,0
2026-07-06 21:24:42,F2,1.8169,OK,0
2026-07-06 21:24:52,F2,1.8175,OK,0
2026-07-06 21:25:02,F2,1.8181,OK,0
2026-07-06 21:25:13,F2,1.8187,OK,0
2026-07-06 21:25:23,F2,1.8193,OK,0
2026-07-06 21:25:33,F2,1.8199,OK,0
2026-07-06 21:25:44,F2,1.8205,OK,0
2026-07-06 21:25:54,F2,1.8211,OK,0
2026-07-06 21:26:04,F2,1.8217,OK,0
2026-07-06 21:26:15,F2,1.8223,OK,0
2026-07-06 21:26:25,F2,1.8229,OK,0
2026-07-06 21:26:35,F2,1.8236,OK,0
2026-07-06 21:26:45,F2,1.8242,OK,0
2026-07-06 21:26:56,F2,1.8248,OK,0
2026-07-06 21:27:06,F2,1.8254,OK,0
2026-07-06 21:27:16,F2,1.8260,OK,0
2026-07-06 21:27:27,F2,1.8266,OK,0
2026-07-06 21:27:37,F2,1.8272,OK,0
2026-07-06 21:27:47,F2,1.8278,OK,0
2026-07-06 21:27:58,F2,1.8284,OK,0
2026-07-06 21:28:08,F2,1.8290,OK,0
2026-07-06 21:28:18,F2,1.8296,OK,0
2026-07-06 21:28:29,F2,1.8302,OK,0
2026-07-06 21:28:39,F2,1.8308,OK,0
2026-07-06 21:28:49,F2,1.8314,OK,0
2026-07-06 21:29:00,F2,1.8319,OK,0
2026-07-06 21:29:10,F2,1.8325,OK,0
2026-07-06 21:29:20,F2,1.8331,OK,0
2026-07-06 21:29:31,F2,1.8337,OK,0
2026-07-06 21:29:41,F2,1.8343,OK,0
2026-07-06 21:29:51,F2,1.8348,OK,0
2026-07-06 21:30:02,F2,1.8354,OK,0
2026-07-06 21:30:12,F2,1.8360,OK,0
2026-07-06 21:30:22,F2,1.8365,OK,0
2026-07-06 21:30:32,F2,1.8371,OK,0
2026-07-06 21:30:43,F2,1.8376,OK,0
2026-07-06 21:30:53,F2,1.8382,OK,0
2026-07-06 21:31:03,F2,1.8387,OK,0
2026-07-06 21:31:14,F2,1.8392,OK,0
2026-07-06 21:31:24,F2,1.8398,OK,0
2026-07-06 21:31:34,F2,1.8403,OK,0
2026-07-06 21:31:45,F2,1.8408,OK,0
2026-07-06 21:31:55,F2,1.8414,OK,0
2026-07-06 21:32:05,F2,1.8419,OK,0
2026-07-06 21:32:15,F2,1.8424,OK,0
2026-07-06 21:32:26,F2,1.8430,OK,0
2026-07-06 21:32:36,F2,1.8435,OK,0
2026-07-06 21:32:46,F2,1.8440,OK,0
2026-07-06 21:32:57,F2,1.8445,OK,0
2026-07-06 21:33:07,F2,1.8450,OK,0
2026-07-06 21:33:17,F2,1.8456,OK,0
2026-07-06 21:33:28,F2,1.8461,OK,0
2026-07-06 21:33:38,F2,1.8466,OK,0
2026-07-06 21:33:48,F2,1.8472,OK,0
2026-07-06 21:33:59,F2,1.8477,OK,0
2026-07-06 21:34:09,F2,1.8482,OK,0
2026-07-06 21:34:19,F2,1.8487,OK,0
2026-07-06 21:34:30,F2,1.8493,OK,0
2026-07-06 21:34:40,F2,1.8498,OK,0
2026-07-06 21:34:50,F2,1.8503,OK,0
2026-07-06 21:35:00,F2,1.8509,OK,0
2026-07-06 21:35:11,F2,1.8514,OK,0
2026-07-06 21:35:21,F2,1.8520,OK,0
2026-07-06 21:35:31,F2,1.8525,OK,0
2026-07-06 21:35:42,F2,1.8531,OK,0
2026-07-06 21:35:52,F2,1.8536,OK,0
2026-07-06 21:36:02,F2,1.8542,OK,0
2026-07-06 21:36:13,F2,1.8547,OK,0
2026-07-06 21:36:23,F2,1.8553,OK,0
2026-07-06 21:36:33,F2,1.8559,OK,0
2026-07-06 21:36:43,F2,1.8565,OK,0
2026-07-06 21:36:54,F2,1.8570,OK,0
2026-07-06 21:37:04,F2,1.8576,OK,0
2026-07-06 21:37:14,F2,1.8582,OK,0
2026-07-06 21:37:25,F2,1.8588,OK,0
2026-07-06 21:37:35,F2,1.8594,OK,0
2026-07-06 21:37:45,F2,1.8599,OK,0
2026-07-06 21:37:56,F2,1.8605,OK,0
2026-07-06 21:38:06,F2,1.8611,OK,0
2026-07-06 21:38:16,F2,1.8617,OK,0
2026-07-06 21:38:27,F2,1.8623,OK,0
2026-07-06 21:38:37,F2,1.8629,OK,0
2026-07-06 21:38:47,F2,1.8635,OK,0
2026-07-06 21:38:58,F2,1.8641,OK,0
2026-07-06 21:39:08,F2,1.8648,OK,0
2026-07-06 21:39:18,F2,1.8654,OK,0
2026-07-06 21:39:29,F2,1.8660,OK,0
2026-07-06 21:39:39,F2,1.8666,OK,0
2026-07-06 21:39:49,F2,1.8672,OK,0
2026-07-06 21:40:00,F2,1.8678,OK,0
2026-07-06 21:40:10,F2,1.8684,OK,0
2026-07-06 21:40:20,F2,1.8690,OK,0
2026-07-06 21:40:30,F2,1.8696,OK,0
2026-07-06 21:40:41,F2,1.8703,OK,0
2026-07-06 21:40:51,F2,1.8709,OK,0
2026-07-06 21:41:01,F2,1.8715,OK,0
2026-07-06 21:41:12,F2,1.8721,OK,0
2026-07-06 21:41:22,F2,1.8727,OK,0
2026-07-06 21:41:32,F2,1.8733,OK,0
2026-07-06 21:41:43,F2,1.8739,OK,0
2026-07-06 21:41:53,F2,1.8745,OK,0
2026-07-06 21:42:03,F2,1.8751,OK,0
2026-07-06 21:42:14,F2,1.8757,OK,0
2026-07-06 21:42:24,F2,1.8763,OK,0
2026-07-06 21:42:34,F2,1.8769,OK,0
2026-07-06 21:42:45,F2,1.8775,OK,0
2026-07-06 21:42:55,F2,1.8781,OK,0
2026-07-06 21:43:05,F2,1.8787,OK,0
2026-07-06 21:43:16,F2,1.8793,OK,0
2026-07-06 21:43:26,F2,1.8798,OK,0
2026-07-06 21:43:36,F2,1.8804,OK,0
2026-07-06 21:43:47,F2,1.8810,OK,0
2026-07-06 21:43:57,F2,1.8816,OK,0
2026-07-06 21:44:07,F2,1.8821,OK,0
2026-07-06 21:44:17,F2,1.8827,OK,0
2026-07-06 21:44:28,F2,1.8832,OK,0
2026-07-06 21:44:38,F2,1.8838,OK,0
2026-07-06 21:44:48,F2,1.8844,OK,0
2026-07-06 21:44:59,F2,1.8849,OK,0
2026-07-06 21:45:09,F2,1.8854,OK,0
2026-07-06 21:45:19,F2,1.8860,OK,0
2026-07-06 21:45:30,F2,1.8865,OK,0
2026-07-06 21:45:40,F2,1.8870,OK,0
2026-07-06 21:45:50,F2,1.8876,OK,0
2026-07-06 21:46:01,F2,1.8881,OK,0
2026-07-06 21:46:11,F2,1.8886,OK,0
2026-07-06 21:46:21,F2,1.8891,OK,0
2026-07-06 21:46:32,F2,1.8896,OK,0
2026-07-06 21:46:42,F2,1.8901,OK,0
2026-07-06 21:46:52,F2,1.8906,OK,0
2026-07-06 21:47:02,F2,1.8911,OK,0
2026-07-06 21:47:13,F2,1.8916,OK,0
2026-07-06 21:47:23,F2,1.8921,OK,0
2026-07-06 21:47:33,F2,1.8926,OK,0
2026-07-06 21:47:44,F2,1.8931,OK,0
2026-07-06 21:47:54,F2,1.8936,OK,0
2026-07-06 21:48:04,F2,1.8941,OK,0
2026-07-06 21:48:15,F2,1.8946,OK,0
2026-07-06 21:48:25,F2,1.8952,OK,0
2026-07-06 21:48:35,F2,1.8957,OK,0
2026-07-06 21:48:46,F2,1.8962,OK,0
2026-07-06 21:48:56,F2,1.8967,OK,0
2026-07-06 21:49:06,F2,1.8972,OK,0
2026-07-06 21:49:17,F2,1.8977,OK,0
2026-07-06 21:49:27,F2,1.8982,OK,0
2026-07-06 21:49:37,F2,1.8987,OK,0
2026-07-06 21:49:47,F2,1.8992,OK,0
2026-07-06 21:49:58,F2,1.8998,OK,0
2026-07-06 21:50:08,F2,1.9003,OK,0
2026-07-06 21:50:18,F2,1.9008,OK,0
2026-07-06 21:50:29,F2,1.9014,OK,0
2026-07-06 21:50:39,F2,1.9019,OK,0
2026-07-06 21:50:49,F2,1.9024,OK,0
2026-07-06 21:51:00,F2,1.9030,OK,0
2026-07-06 21:51:10,F2,1.9035,OK,0
2026-07-06 21:51:20,F2,1.9041,OK,0
2026-07-06 21:51:31,F2,1.9046,OK,0
2026-07-06 21:51:41,F2,1.9052,OK,0
2026-07-06 21:51:51,F2,1.9057,OK,0
2026-07-06 21:52:02,F2,1.9063,OK,0
2026-07-06 21:52:12,F2,1.9069,OK,0
2026-07-06 21:52:22,F2,1.9075,OK,0
2026-07-06 21:52:32,F2,1.9080,OK,0
2026-07-06 21:52:43,F2,1.9086,OK,0
2026-07-06 21:52:53,F2,1.9092,OK,0
2026-07-06 21:53:03,F2,1.9098,OK,0
2026-07-06 21:53:14,F2,1.9104,OK,0
2026-07-06 21:53:24,F2,1.9110,OK,0
2026-07-06 21:53:34,F2,1.9116,OK,0
2026-07-06 21:53:45,F2,1.9122,OK,0
2026-07-06 21:53:55,F2,1.9128,OK,0
2026-07-06 21:54:05,F2,1.9135,OK,0
2026-07-06 21:54:16,F2,1.9141,OK,0
2026-07-06 21:54:26,F2,1.9147,OK,0
2026-07-06 21:54:36,F2,1.9154,OK,0
2026-07-06 21:54:47,F2,1.9160,OK,0
2026-07-06 21:54:57,F2,1.9166,OK,0
2026-07-06 21:55:07,F2,1.9173,OK,0
2026-07-06 21:55:17,F2,1.9179,OK,0
2026-07-06 21:55:28,F2,1.9186,OK,0
2026-07-06 21:55:38,F2,1.9192,OK,0
2026-07-06 21:55:48,F2,1.9199,OK,0
2026-07-06 21:55:59,F2,1.9206,OK,0
2026-07-06 21:56:09,F2,1.9212,OK,0
2026-07-06 21:56:19,F2,1.9219,OK,0
2026-07-06 21:56:30,F2,1.9225,OK,0
2026-07-06 21:56:40,F2,1.9232,OK,0
2026-07-06 21:56:50,F2,1.9239,OK,0
2026-07-06 21:57:01,F2,1.9245,OK,0
2026-07-06 21:57:11,F2,1.9252,OK,0
2026-07-06 21:57:21,F2,1.9259,OK,0
2026-07-06 21:57:31,F2,1.9266,OK,0
2026-07-06 21:57:42,F2,1.9272,OK,0
2026-07-06 21:57:52,F2,1.9279,OK,0
2026-07-06 21:58:02,F2,1.9286,OK,0
2026-07-06 21:58:13,F2,1.9292,OK,0
2026-07-06 21:58:23,F2,1.9299,OK,0
2026-07-06 21:58:33,F2,1.9306,OK,0
2026-07-06 21:58:44,F2,1.9312,OK,0
2026-07-06 21:58:54,F2,1.9319,OK,0
2026-07-06 21:59:04,F2,1.9326,OK,0
2026-07-06 21:59:15,F2,1.9332,OK,0
2026-07-06 21:59:25,F2,1.9339,OK,0
2026-07-06 21:59:35,F2,1.9345,OK,0
2026-07-06 21:59:46,F2,1.9352,OK,0
2026-07-06 21:59:56,F2,1.9359,OK,0
2026-07-06 22:00:06,F2,1.9365,OK,0
2026-07-06 22:00:17,F2,1.9372,OK,0
2026-07-06 22:00:27,F2,1.9378,OK,0
2026-07-06 22:00:37,F2,1.9384,OK,0
2026-07-06 22:00:48,F2,1.9391,OK,0
2026-07-06 22:00:58,F2,1.9397,OK,0
2026-07-06 22:01:08,F2,1.9404,OK,0
2026-07-06 22:01:19,F2,1.9410,OK,0
2026-07-06 22:01:29,F2,1.9416,OK,0
2026-07-06 22:01:39,F2,1.9423,OK,0
2026-07-06 22:01:50,F2,1.9429,OK,0
2026-07-06 22:02:00,F2,1.9435,OK,0
2026-07-06 22:02:10,F2,1.9441,OK,0
2026-07-06 22:02:20,F2,1.9448,OK,0
2026-07-06 22:02:31,F2,1.9454,OK,0
2026-07-06 22:02:41,F2,1.9460,OK,0
2026-07-06 22:02:51,F2,1.9466,OK,0
2026-07-06 22:03:02,F2,1.9473,OK,0
2026-07-06 22:03:12,F2,1.9479,OK,0
2026-07-06 22:03:22,F2,1.9485,OK,0
2026-07-06 22:03:33,F2,1.9491,OK,0
2026-07-06 22:03:43,F2,1.9498,OK,0
2026-07-06 22:03:53,F2,1.9504,OK,0
2026-07-06 22:04:04,F2,1.9510,OK,0
2026-07-06 22:04:14,F2,1.9517,OK,0
2026-07-06 22:04:24,F2,1.9523,OK,0
2026-07-06 22:04:35,F2,1.9529,OK,0
2026-07-06 22:04:45,F2,1.9536,OK,0
2026-07-06 22:04:55,F2,1.9542,OK,0
2026-07-06 22:05:06,F2,1.9548,OK,0
2026-07-06 22:05:16,F2,1.9555,OK,0
2026-07-06 22:05:26,F2,1.9561,OK,0
2026-07-06 22:05:36,F2,1.9568,OK,0
2026-07-06 22:05:47,F2,1.9574,OK,0
2026-07-06 22:05:57,F2,1.9581,OK,0
2026-07-06 22:06:08,F2,1.9587,OK,0
2026-07-06 22:06:18,F2,1.9594,OK,0
2026-07-06 22:06:28,F2,1.9600,OK,0
2026-07-06 22:06:38,F2,1.9607,OK,0
2026-07-06 22:06:49,F2,1.9613,OK,0
2026-07-06 22:06:59,F2,1.9620,OK,0
2026-07-06 22:07:09,F2,1.9627,OK,0
2026-07-06 22:07:20,F2,1.9633,OK,0
2026-07-06 22:07:30,F2,1.9640,OK,0
2026-07-06 22:07:40,F2,1.9647,OK,0
2026-07-06 22:07:51,F2,1.9654,OK,0
2026-07-06 22:08:01,F2,1.9661,OK,0
2026-07-06 22:08:11,F2,1.9667,OK,0
2026-07-06 22:08:21,F2,1.9674,OK,0
2026-07-06 22:08:32,F2,1.9681,OK,0
2026-07-06 22:08:42,F2,1.9688,OK,0
2026-07-06 22:08:52,F2,1.9696,OK,0
2026-07-06 22:09:03,F2,1.9703,OK,0
2026-07-06 22:09:13,F2,1.9710,OK,0
2026-07-06 22:09:23,F2,1.9717,OK,0
2026-07-06 22:09:34,F2,1.9724,OK,0
2026-07-06 22:09:44,F2,1.9731,OK,0
2026-07-06 22:09:54,F2,1.9739,OK,0
2026-07-06 22:10:05,F2,1.9746,OK,0
2026-07-06 22:10:15,F2,1.9753,OK,0
2026-07-06 22:10:25,F2,1.9761,OK,0
2026-07-06 22:10:35,F2,1.9768,OK,0
2026-07-06 22:10:46,F2,1.9775,OK,0
2026-07-06 22:10:56,F2,1.9783,OK,0
2026-07-06 22:11:06,F2,1.9790,OK,0
2026-07-06 22:11:17,F2,1.9798,OK,0
2026-07-06 22:11:27,F2,1.9805,OK,0
2026-07-06 22:11:37,F2,1.9812,OK,0
2026-07-06 22:11:48,F2,1.9820,OK,0
2026-07-06 22:11:58,F2,1.9827,OK,0
2026-07-06 22:12:08,F2,1.9835,OK,0
2026-07-06 22:12:19,F2,1.9842,OK,0
2026-07-06 22:12:29,F2,1.9849,OK,0
2026-07-06 22:12:39,F2,1.9857,OK,0
2026-07-06 22:12:50,F2,1.9864,OK,0
2026-07-06 22:13:00,F2,1.9871,OK,0
2026-07-06 22:13:10,F2,1.9879,OK,0
2026-07-06 22:13:21,F2,1.9886,OK,0
2026-07-06 22:13:31,F2,1.9893,OK,0
2026-07-06 22:13:41,F2,1.9901,OK,0
2026-07-06 22:13:52,F2,1.9908,OK,0
2026-07-06 22:14:02,F2,1.9915,OK,0
2026-07-06 22:14:12,F2,1.9922,OK,0
2026-07-06 22:14:22,F2,1.9929,OK,0
2026-07-06 22:14:33,F2,1.9936,OK,0
2026-07-06 22:14:43,F2,1.9943,OK,0
2026-07-06 22:14:53,F2,1.9950,OK,0
2026-07-06 22:15:04,F2,1.9957,OK,0
2026-07-06 22:15:14,F2,1.9964,OK,0
2026-07-06 22:15:24,F2,1.9971,OK,0
2026-07-06 22:15:35,F2,1.9978,OK,0
2026-07-06 22:15:45,F2,1.9985,OK,0
2026-07-06 22:15:55,F2,1.9992,OK,0
2026-07-06 22:16:06,F2,1.9999,OK,0
2026-07-06 22:16:16,F2,2.0006,OK,0
2026-07-06 22:16:26,F2,2.0013,OK,0
2026-07-06 22:16:37,F2,2.0019,OK,0
2026-07-06 22:16:47,F2,2.0026,OK,0
2026-07-06 22:16:57,F2,2.0033,OK,0
2026-07-06 22:17:07,F2,2.0040,OK,0
2026-07-06 22:17:18,F2,2.0046,OK,0
2026-07-06 22:17:28,F2,2.0053,OK,0
2026-07-06 22:17:39,F2,2.0060,OK,0
2026-07-06 22:17:49,F2,2.0067,OK,0
2026-07-06 22:17:59,F2,2.0073,OK,0
2026-07-06 22:18:09,F2,2.0080,OK,0
2026-07-06 22:18:20,F2,2.0087,OK,0
2026-07-06 22:18:30,F2,2.0094,OK,0
2026-07-06 22:18:40,F2,2.0100,OK,0
2026-07-06 22:18:51,F2,2.0107,OK,0
2026-07-06 22:19:01,F2,2.0114,OK,0
2026-07-06 22:19:11,F2,2.0121,OK,0
2026-07-06 22:19:22,F2,2.0128,OK,0
2026-07-06 22:19:32,F2,2.0134,OK,0
2026-07-06 22:19:42,F2,2.0141,OK,0
2026-07-06 22:19:53,F2,2.0148,OK,0
2026-07-06 22:20:03,F2,2.0155,OK,0
2026-07-06 22:20:13,F2,2.0162,OK,0
2026-07-06 22:20:23,F2,2.0169,OK,0
2026-07-06 22:20:34,F2,2.0176,OK,0
2026-07-06 22:20:44,F2,2.0183,OK,0
2026-07-06 22:20:54,F2,2.0190,OK,0
2026-07-06 22:21:05,F2,2.0197,OK,0
2026-07-06 22:21:15,F2,2.0204,OK,0
2026-07-06 22:21:25,F2,2.0211,OK,0
2026-07-06 22:21:36,F2,2.0219,OK,0
2026-07-06 22:21:46,F2,2.0226,OK,0
2026-07-06 22:21:56,F2,2.0233,OK,0
2026-07-06 22:22:07,F2,2.0240,OK,0
2026-07-06 22:22:17,F2,2.0248,OK,0
2026-07-06 22:22:27,F2,2.0255,OK,0
2026-07-06 22:22:37,F2,2.0263,OK,0
2026-07-06 22:22:48,F2,2.0270,OK,0
2026-07-06 22:22:58,F2,2.0278,OK,0
2026-07-06 22:23:08,F2,2.0285,OK,0
2026-07-06 22:23:19,F2,2.0293,OK,0
2026-07-06 22:23:29,F2,2.0301,OK,0
2026-07-06 22:23:39,F2,2.0309,OK,0
2026-07-06 22:23:50,F2,2.0316,OK,0
2026-07-06 22:24:00,F2,2.0324,OK,0
2026-07-06 22:24:10,F2,2.0332,OK,0
2026-07-06 22:24:21,F2,2.0340,OK,0
2026-07-06 22:24:31,F2,2.0348,OK,0
2026-07-06 22:24:41,F2,2.0356,OK,0
2026-07-06 22:24:52,F2,2.0364,OK,0
2026-07-06 22:25:02,F2,2.0372,OK,0
2026-07-06 22:25:12,F2,2.0380,OK,0
2026-07-06 22:25:22,F2,2.0388,OK,0
2026-07-06 22:25:33,F2,2.0396,OK,0
2026-07-06 22:25:43,F2,2.0404,OK,0
2026-07-06 22:25:53,F2,2.0413,OK,0
2026-07-06 22:26:04,F2,2.0421,OK,0
2026-07-06 22:26:14,F2,2.0429,OK,0
2026-07-06 22:26:24,F2,2.0437,OK,0
2026-07-06 22:26:35,F2,2.0445,OK,0
2026-07-06 22:26:45,F2,2.0453,OK,0
2026-07-06 22:26:55,F2,2.0461,OK,0
2026-07-06 22:27:06,F2,2.0469,OK,0
2026-07-06 22:27:16,F2,2.0477,OK,0
2026-07-06 22:27:26,F2,2.0485,OK,0
2026-07-06 22:27:37,F2,2.0493,OK,0
2026-07-06 22:27:47,F2,2.0501,OK,0
2026-07-06 22:27:57,F2,2.0509,OK,0
2026-07-06 22:28:08,F2,2.0517,OK,0
2026-07-06 22:28:18,F2,2.0525,OK,0
2026-07-06 22:28:28,F2,2.0533,OK,0
2026-07-06 22:28:39,F2,2.0541,OK,0
2026-07-06 22:28:49,F2,2.0549,OK,0
2026-07-06 22:28:59,F2,2.0557,OK,0
2026-07-06 22:29:09,F2,2.0565,OK,0
2026-07-06 22:29:20,F2,2.0572,OK,0
2026-07-06 22:29:30,F2,2.0580,OK,0
2026-07-06 22:29:40,F2,2.0588,OK,0
2026-07-06 22:29:51,F2,2.0595,OK,0
2026-07-06 22:30:01,F2,2.0603,OK,0
2026-07-06 22:30:11,F2,2.0611,OK,0
2026-07-06 22:30:22,F2,2.0618,OK,0
2026-07-06 22:30:32,F2,2.0626,OK,0
2026-07-06 22:30:42,F2,2.0633,OK,0
2026-07-06 22:30:53,F2,2.0641,OK,0
2026-07-06 22:31:03,F2,2.0648,OK,0
2026-07-06 22:31:13,F2,2.0656,OK,0
2026-07-06 22:31:24,F2,2.0663,OK,0
2026-07-06 22:31:34,F2,2.0670,OK,0
2026-07-06 22:31:44,F2,2.0678,OK,0
2026-07-06 22:31:54,F2,2.0685,OK,0
2026-07-06 22:32:05,F2,2.0692,OK,0
2026-07-06 22:32:15,F2,2.0699,OK,0
2026-07-06 22:32:25,F2,2.0706,OK,0
2026-07-06 22:32:36,F2,2.0713,OK,0
2026-07-06 22:32:46,F2,2.0720,OK,0
2026-07-06 22:32:56,F2,2.0727,OK,0
2026-07-06 22:33:07,F2,2.0734,OK,0
2026-07-06 22:33:17,F2,2.0741,OK,0
2026-07-06 22:33:27,F2,2.0748,OK,0
2026-07-06 22:33:38,F2,2.0755,OK,0
2026-07-06 22:33:48,F2,2.0762,OK,0
2026-07-06 22:33:58,F2,2.0769,OK,0
2026-07-06 22:34:09,F2,2.0776,OK,0
2026-07-06 22:34:19,F2,2.0782,OK,0
2026-07-06 22:34:29,F2,2.0789,OK,0
2026-07-06 22:34:40,F2,2.0796,OK,0
2026-07-06 22:34:50,F2,2.0803,OK,0
2026-07-06 22:35:00,F2,2.0809,OK,0
2026-07-06 22:35:10,F2,2.0816,OK,0
2026-07-06 22:35:21,F2,2.0823,OK,0
2026-07-06 22:35:31,F2,2.0830,OK,0
2026-07-06 22:35:41,F2,2.0836,OK,0
2026-07-06 22:35:52,F2,2.0843,OK,0
2026-07-06 22:36:02,F2,2.0850,OK,0
2026-07-06 22:36:12,F2,2.0857,OK,0
2026-07-06 22:36:23,F2,2.0864,OK,0
2026-07-06 22:36:33,F2,2.0871,OK,0
2026-07-06 22:36:43,F2,2.0878,OK,0
2026-07-06 22:36:54,F2,2.0884,OK,0
2026-07-06 22:37:04,F2,2.0891,OK,0
2026-07-06 22:37:14,F2,2.0899,OK,0
2026-07-06 22:37:25,F2,2.0906,OK,0
2026-07-06 22:37:35,F2,2.0913,OK,0
2026-07-06 22:37:45,F2,2.0920,OK,0
2026-07-06 22:37:56,F2,2.0927,OK,0
2026-07-06 22:38:06,F2,2.0934,OK,0
2026-07-06 22:38:16,F2,2.0942,OK,0
2026-07-06 22:38:27,F2,2.0949,OK,0
2026-07-06 22:38:37,F2,2.0957,OK,0
2026-07-06 22:38:47,F2,2.0964,OK,0
2026-07-06 22:38:57,F2,2.0972,OK,0
2026-07-06 22:39:08,F2,2.0980,OK,0
2026-07-06 22:39:18,F2,2.0987,OK,1
2026-07-06 22:39:28,F2,2.0995,OK,0
2026-07-06 22:39:39,F2,2.1003,OK,0
2026-07-06 22:39:49,F2,2.1011,OK,0
2026-07-06 22:39:59,F2,2.1019,OK,0
2026-07-06 22:40:10,F2,2.1027,OK,0
2026-07-06 22:40:20,F2,2.1035,OK,0
2026-07-06 22:40:30,F2,2.1043,OK,0
2026-07-06 22:40:41,F2,2.1052,OK,0
2026-07-06 22:40:51,F2,2.1060,OK,0
2026-07-06 22:41:01,F2,2.1068,OK,0
2026-07-06 22:41:11,F2,2.1077,OK,0
2026-07-06 22:41:22,F2,2.1085,OK,0
2026-07-06 22:41:32,F2,2.1093,OK,0
2026-07-06 22:41:42,F2,2.1102,OK,0
2026-07-06 22:41:53,F2,2.1110,OK,0
2026-07-06 22:42:03,F2,2.1119,OK,0
2026-07-06 22:42:13,F2,2.1128,OK,0
2026-07-06 22:42:24,F2,2.1136,OK,0
2026-07-06 22:42:34,F2,2.1145,OK,0
2026-07-06 22:42:44,F2,2.1153,OK,0
2026-07-06 22:42:54,F2,2.1162,OK,0
2026-07-06 22:43:05,F2,2.1170,OK,0
2026-07-06 22:43:15,F2,2.1179,OK,0
2026-07-06 22:43:25,F2,2.1188,OK,0
2026-07-06 22:43:36,F2,2.1196,OK,0
2026-07-06 22:43:46,F2,2.1205,OK,0
2026-07-06 22:43:56,F2,2.1214,OK,0
2026-07-06 22:44:07,F2,2.1222,OK,0
2026-07-06 22:44:17,F2,2.1231,OK,0
2026-07-06 22:44:27,F2,2.1240,OK,0
2026-07-06 22:44:38,F2,2.1248,OK,0
2026-07-06 22:44:48,F2,2.1257,OK,0
2026-07-06 22:44:58,F2,2.1266,OK,0
2026-07-06 22:45:08,F2,2.1274,OK,0
2026-07-06 22:45:19,F2,2.1283,OK,0
2026-07-06 22:45:29,F2,2.1292,OK,0
2026-07-06 22:45:39,F2,2.1300,OK,0
2026-07-06 22:45:50,F2,2.1309,OK,0
2026-07-06 22:46:00,F2,2.1317,OK,0
2026-07-06 22:46:10,F2,2.1326,OK,0
2026-07-06 22:46:21,F2,2.1334,OK,0
2026-07-06 22:46:31,F2,2.1343,OK,0
2026-07-06 22:46:41,F2,2.1351,OK,0
2026-07-06 22:46:52,F2,2.1360,OK,0
2026-07-06 22:47:02,F2,2.1368,OK,0
2026-07-06 22:47:12,F2,2.1376,OK,0
2026-07-06 22:47:23,F2,2.1385,OK,0
2026-07-06 22:47:33,F2,2.1393,OK,0
2026-07-06 22:47:43,F2,2.1401,OK,0
2026-07-06 22:47:53,F2,2.1409,OK,0
2026-07-06 22:48:04,F2,2.1417,OK,0
2026-07-06 22:48:14,F2,2.1426,OK,0
2026-07-06 22:48:24,F2,2.1434,OK,0
2026-07-06 22:48:35,F2,2.1442,OK,0
2026-07-06 22:48:45,F2,2.1450,OK,0
2026-07-06 22:48:55,F2,2.1458,OK,0
2026-07-06 22:49:06,F2,2.1466,OK,0
2026-07-06 22:49:16,F2,2.1474,OK,0
2026-07-06 22:49:26,F2,2.1482,OK,0
2026-07-06 22:49:37,F2,2.1490,OK,0
2026-07-06 22:49:47,F2,2.1498,OK,0
2026-07-06 22:49:57,F2,2.1506,OK,0
2026-07-06 22:50:08,F2,2.1514,OK,0
2026-07-06 22:50:18,F2,2.1522,OK,0
2026-07-06 22:50:28,F2,2.1530,OK,0
2026-07-06 22:50:38,F2,2.1538,OK,0
2026-07-06 22:50:49,F2,2.1547,OK,0
2026-07-06 22:50:59,F2,2.1555,OK,0
2026-07-06 22:51:10,F2,2.1563,OK,0
2026-07-06 22:51:20,F2,2.1571,OK,0
2026-07-06 22:51:30,F2,2.1580,OK,0
2026-07-06 22:51:41,F2,2.1588,OK,0
2026-07-06 22:51:51,F2,2.1597,OK,0
2026-07-06 22:52:01,F2,2.1605,OK,0
2026-07-06 22:52:11,F2,2.1614,OK,0
2026-07-06 22:52:22,F2,2.1622,OK,0
2026-07-06 22:52:32,F2,2.1631,OK,0
2026-07-06 22:52:42,F2,2.1640,OK,0
2026-07-06 22:52:53,F2,2.1648,OK,0
2026-07-06 22:53:03,F2,2.1657,OK,0
2026-07-06 22:53:13,F2,2.1666,OK,0
2026-07-06 22:53:24,F2,2.1675,OK,0
2026-07-06 22:53:34,F2,2.1684,OK,0
2026-07-06 22:53:44,F2,2.1694,OK,0
2026-07-06 22:53:55,F2,2.1703,OK,0
2026-07-06 22:54:05,F2,2.1712,OK,0
2026-07-06 22:54:15,F2,2.1721,OK,0
2026-07-06 22:54:26,F2,2.1731,OK,0
2026-07-06 22:54:36,F2,2.1740,OK,0
2026-07-06 22:54:46,F2,2.1750,OK,0
2026-07-06 22:54:57,F2,2.1760,OK,0
2026-07-06 22:55:07,F2,2.1769,OK,0
2026-07-06 22:55:17,F2,2.1779,OK,0
2026-07-06 22:55:28,F2,2.1789,OK,0
2026-07-06 22:55:38,F2,2.1799,OK,0
2026-07-06 22:55:48,F2,2.1809,OK,0
2026-07-06 22:55:59,F2,2.1819,OK,0
2026-07-06 22:56:09,F2,2.1829,OK,0
2026-07-06 22:56:19,F2,2.1839,OK,0
2026-07-06 22:56:29,F2,2.1849,OK,0
2026-07-06 22:56:40,F2,2.1860,OK,0
2026-07-06 22:56:50,F2,2.1870,OK,0
2026-07-06 22:57:00,F2,2.1880,OK,0
2026-07-06 22:57:11,F2,2.1891,OK,0
2026-07-06 22:57:21,F2,2.1901,OK,0
2026-07-06 22:57:31,F2,2.1912,OK,0
2026-07-06 22:57:42,F2,2.1922,OK,0
2026-07-06 22:57:52,F2,2.1933,OK,0
2026-07-06 22:58:02,F2,2.1943,OK,0
2026-07-06 22:58:13,F2,2.1954,OK,0
2026-07-06 22:58:23,F2,2.1964,OK,0
2026-07-06 22:58:33,F2,2.1975,OK,0
2026-07-06 22:58:44,F2,2.1986,OK,0
2026-07-06 22:58:54,F2,2.1996,OK,0
2026-07-06 22:59:04,F2,2.2007,OK,0
2026-07-06 22:59:15,F2,2.2018,OK,0
2026-07-06 22:59:25,F2,2.2029,OK,0
2026-07-06 22:59:35,F2,2.2039,OK,0
2026-07-06 22:59:45,F2,2.2050,OK,0
2026-07-06 22:59:56,F2,2.2061,OK,0
2026-07-06 23:00:06,F2,2.2072,OK,0
2026-07-06 23:00:16,F2,2.2083,OK,0
2026-07-06 23:00:27,F2,2.2094,OK,0
2026-07-06 23:00:37,F2,2.2105,OK,0
2026-07-06 23:00:47,F2,2.2115,OK,0
2026-07-06 23:00:58,F2,2.2126,OK,0
2026-07-06 23:01:08,F2,2.2137,OK,0
2026-07-06 23:01:18,F2,2.2148,OK,0
2026-07-06 23:01:29,F2,2.2159,OK,0
2026-07-06 23:01:39,F2,2.2170,OK,0
2026-07-06 23:01:49,F2,2.2181,OK,0
2026-07-06 23:01:59,F2,2.2192,OK,0
2026-07-06 23:02:10,F2,2.2203,OK,0
2026-07-06 23:02:20,F2,2.2213,OK,0
2026-07-06 23:02:30,F2,2.2224,OK,0
2026-07-06 23:02:41,F2,2.2235,OK,0
2026-07-06 23:02:51,F2,2.2246,OK,0
2026-07-06 23:03:01,F2,2.2256,OK,0
2026-07-06 23:03:12,F2,2.2267,OK,0
2026-07-06 23:03:22,F2,2.2278,OK,0
2026-07-06 23:03:32,F2,2.2288,OK,0
2026-07-06 23:03:43,F2,2.2299,OK,0
2026-07-06 23:03:53,F2,2.2309,OK,0
2026-07-06 23:04:03,F2,2.2320,OK,0
2026-07-06 23:04:13,F2,2.2330,OK,0
2026-07-06 23:04:24,F2,2.2341,OK,0
2026-07-06 23:04:34,F2,2.2351,OK,0
2026-07-06 23:04:44,F2,2.2362,OK,0
2026-07-06 23:04:55,F2,2.2372,OK,0
2026-07-06 23:05:05,F2,2.2382,OK,0
2026-07-06 23:05:15,F2,2.2393,OK,0
2026-07-06 23:05:26,F2,2.2403,OK,0
2026-07-06 23:05:36,F2,2.2413,OK,0
2026-07-06 23:05:46,F2,2.2424,OK,0
2026-07-06 23:05:57,F2,2.2434,OK,0
2026-07-06 23:06:07,F2,2.2445,OK,0
2026-07-06 23:06:17,F2,2.2455,OK,0
2026-07-06 23:06:27,F2,2.2466,OK,0
2026-07-06 23:06:38,F2,2.2476,OK,0
2026-07-06 23:06:48,F2,2.2486,OK,0
2026-07-06 23:06:58,F2,2.2497,OK,0
2026-07-06 23:07:09,F2,2.2508,OK,0
2026-07-06 23:07:19,F2,2.2518,OK,0
2026-07-06 23:07:29,F2,2.2529,OK,0
2026-07-06 23:07:40,F2,2.2539,OK,0
2026-07-06 23:07:50,F2,2.2550,OK,0
2026-07-06 23:08:00,F2,2.2561,OK,0
2026-07-06 23:08:11,F2,2.2572,OK,0
2026-07-06 23:08:21,F2,2.2582,OK,0
2026-07-06 23:08:31,F2,2.2593,OK,0
2026-07-06 23:08:41,F2,2.2604,OK,0
2026-07-06 23:08:52,F2,2.2615,OK,0
2026-07-06 23:09:02,F2,2.2626,OK,0
2026-07-06 23:09:12,F2,2.2637,OK,0
2026-07-06 23:09:23,F2,2.2649,OK,0
2026-07-06 23:09:33,F2,2.2660,OK,0
2026-07-06 23:09:43,F2,2.2671,OK,0
2026-07-06 23:09:54,F2,2.2683,OK,0
2026-07-06 23:10:04,F2,2.2694,OK,0
2026-07-06 23:10:15,F2,2.2706,OK,0
2026-07-06 23:10:26,F2,2.2717,OK,0
2026-07-06 23:10:36,F2,2.2729,OK,0
2026-07-06 23:10:47,F2,2.2740,OK,0
2026-07-06 23:10:57,F2,2.2752,OK,0
2026-07-06 23:11:07,F2,2.2764,OK,0
2026-07-06 23:11:18,F2,2.2776,OK,0
2026-07-06 23:11:28,F2,2.2788,OK,0
2026-07-06 23:11:38,F2,2.2800,OK,0
2026-07-06 23:11:49,F2,2.2812,OK,0
2026-07-06 23:11:59,F2,2.2825,OK,0
2026-07-06 23:12:09,F2,2.2837,OK,0
2026-07-06 23:12:20,F2,2.2849,OK,0
2026-07-06 23:12:30,F2,2.2862,OK,0
2026-07-06 23:12:40,F2,2.2875,OK,0
2026-07-06 23:12:51,F2,2.2887,OK,0
2026-07-06 23:13:01,F2,2.2900,OK,0
2026-07-06 23:13:11,F2,2.2913,OK,0
2026-07-06 23:13:22,F2,2.2925,OK,0
2026-07-06 23:13:32,F2,2.2938,OK,0
2026-07-06 23:13:42,F2,2.2951,OK,0
2026-07-06 23:13:52,F2,2.2964,OK,0
2026-07-06 23:14:03,F2,2.2977,OK,0
2026-07-06 23:14:13,F2,2.2990,OK,0
2026-07-06 23:14:23,F2,2.3003,OK,0
2026-07-06 23:14:34,F2,2.3016,OK,0
2026-07-06 23:14:44,F2,2.3029,OK,0
2026-07-06 23:14:54,F2,2.3042,OK,0
2026-07-06 23:15:05,F2,2.3055,OK,0
2026-07-06 23:15:15,F2,2.3068,OK,0
2026-07-06 23:15:25,F2,2.3082,OK,0
2026-07-06 23:15:36,F2,2.3095,OK,0
2026-07-06 23:15:46,F2,2.3108,OK,0
2026-07-06 23:15:56,F2,2.3121,OK,0
2026-07-06 23:16:07,F2,2.3134,OK,0
2026-07-06 23:16:17,F2,2.3147,OK,0
2026-07-06 23:16:27,F2,2.3160,OK,0
2026-07-06 23:16:38,F2,2.3173,OK,0
2026-07-06 23:16:48,F2,2.3186,OK,0
2026-07-06 23:16:58,F2,2.3199,OK,0
2026-07-06 23:17:09,F2,2.3212,OK,0
2026-07-06 23:17:19,F2,2.3225,OK,0
2026-07-06 23:17:29,F2,2.3238,OK,0
2026-07-06 23:17:39,F2,2.3251,OK,0
2026-07-06 23:17:50,F2,2.3264,OK,0
2026-07-06 23:18:00,F2,2.3277,OK,0
2026-07-06 23:18:10,F2,2.3289,OK,0
2026-07-06 23:18:21,F2,2.3302,OK,0
2026-07-06 23:18:31,F2,2.3315,OK,0
2026-07-06 23:18:42,F2,2.3327,OK,0
2026-07-06 23:18:52,F2,2.3340,OK,0
2026-07-06 23:19:02,F2,2.3352,OK,0
2026-07-06 23:19:12,F2,2.3365,OK,0
2026-07-06 23:19:23,F2,2.3377,OK,0
2026-07-06 23:19:33,F2,2.3390,OK,0
2026-07-06 23:19:43,F2,2.3402,OK,0
2026-07-06 23:19:54,F2,2.3414,OK,0
2026-07-06 23:20:04,F2,2.3427,OK,0
2026-07-06 23:20:14,F2,2.3439,OK,0
2026-07-06 23:20:25,F2,2.3451,OK,0
2026-07-06 23:20:35,F2,2.3463,OK,0
2026-07-06 23:20:45,F2,2.3475,OK,0
2026-07-06 23:20:56,F2,2.3487,OK,0
2026-07-06 23:21:06,F2,2.3499,OK,0
2026-07-06 23:21:16,F2,2.3511,OK,0
2026-07-06 23:21:26,F2,2.3523,OK,0
2026-07-06 23:21:37,F2,2.3535,OK,0
2026-07-06 23:21:47,F2,2.3547,OK,0
2026-07-06 23:21:57,F2,2.3559,OK,0
2026-07-06 23:22:08,F2,2.3571,OK,0
2026-07-06 23:22:18,F2,2.3583,OK,0
2026-07-06 23:22:28,F2,2.3595,OK,0
2026-07-06 23:22:39,F2,2.3607,OK,0
2026-07-06 23:22:49,F2,2.3619,OK,0
2026-07-06 23:22:59,F2,2.3631,OK,0
2026-07-06 23:23:10,F2,2.3643,OK,0
2026-07-06 23:23:20,F2,2.3655,OK,0
2026-07-06 23:23:30,F2,2.3667,OK,0
2026-07-06 23:23:41,F2,2.3679,OK,0
2026-07-06 23:23:51,F2,2.3691,OK,0
2026-07-06 23:24:01,F2,2.3703,OK,0
2026-07-06 23:24:12,F2,2.3715,OK,0
2026-07-06 23:24:22,F2,2.3728,OK,0
2026-07-06 23:24:32,F2,2.3740,OK,0
2026-07-06 23:24:42,F2,2.3752,OK,0
2026-07-06 23:24:53,F2,2.3764,OK,0
2026-07-06 23:25:03,F2,2.3776,OK,0
2026-07-06 23:25:13,F2,2.3789,OK,0
2026-07-06 23:25:24,F2,2.3801,OK,0
2026-07-06 23:25:34,F2,2.3813,OK,0
2026-07-06 23:25:44,F2,2.3826,OK,0
2026-07-06 23:25:55,F2,2.3838,OK,0
2026-07-06 23:26:05,F2,2.3851,OK,0
2026-07-06 23:26:15,F2,2.3863,OK,0
2026-07-06 23:26:26,F2,2.3876,OK,0
2026-07-06 23:26:36,F2,2.3888,OK,0
2026-07-06 23:26:46,F2,2.3901,OK,0
2026-07-06 23:26:57,F2,2.3914,OK,0
2026-07-06 23:27:07,F2,2.3927,OK,0
2026-07-06 23:27:17,F2,2.3940,OK,0
2026-07-06 23:27:28,F2,2.3953,OK,0
2026-07-06 23:27:38,F2,2.3966,OK,0
2026-07-06 23:27:48,F2,2.3979,OK,0
2026-07-06 23:27:58,F2,2.3992,OK,0
2026-07-06 23:28:09,F2,2.4006,OK,0
2026-07-06 23:28:19,F2,2.4019,OK,0
2026-07-06 23:28:29,F2,2.4032,OK,0
2026-07-06 23:28:40,F2,2.4046,OK,0
2026-07-06 23:28:50,F2,2.4059,OK,0
2026-07-06 23:29:00,F2,2.4072,OK,0
2026-07-06 23:29:11,F2,2.4086,OK,0
2026-07-06 23:29:21,F2,2.4099,OK,0
2026-07-06 23:29:31,F2,2.4113,OK,0
2026-07-06 23:29:42,F2,2.4126,OK,0
2026-07-06 23:29:52,F2,2.4140,OK,0
2026-07-06 23:30:02,F2,2.4153,OK,0
2026-07-06 23:30:13,F2,2.4167,OK,0
2026-07-06 23:30:23,F2,2.4180,OK,0
2026-07-06 23:30:33,F2,2.4193,OK,0
2026-07-06 23:30:44,F2,2.4207,OK,0
2026-07-06 23:30:54,F2,2.4220,OK,0
2026-07-06 23:31:04,F2,2.4234,OK,0
2026-07-06 23:31:15,F2,2.4247,OK,0
2026-07-06 23:31:25,F2,2.4260,OK,0
2026-07-06 23:31:35,F2,2.4274,OK,0
2026-07-06 23:31:45,F2,2.4287,OK,0
2026-07-06 23:31:56,F2,2.4300,OK,0
2026-07-06 23:32:06,F2,2.4313,OK,0
2026-07-06 23:32:16,F2,2.4326,OK,0
2026-07-06 23:32:27,F2,2.4339,OK,0
2026-07-06 23:32:37,F2,2.4352,OK,0
2026-07-06 23:32:47,F2,2.4365,OK,0
2026-07-06 23:32:58,F2,2.4378,OK,0
2026-07-06 23:33:08,F2,2.4391,OK,0
2026-07-06 23:33:18,F2,2.4404,OK,0
2026-07-06 23:33:29,F2,2.4416,OK,0
2026-07-06 23:33:39,F2,2.4429,OK,0
2026-07-06 23:33:49,F2,2.4442,OK,0
2026-07-06 23:34:00,F2,2.4454,OK,0
2026-07-06 23:34:10,F2,2.4467,OK,0
2026-07-06 23:34:20,F2,2.4479,OK,0
2026-07-06 23:34:31,F2,2.4491,OK,0
2026-07-06 23:34:41,F2,2.4504,OK,0
2026-07-06 23:34:51,F2,2.4516,OK,0
2026-07-06 23:35:02,F2,2.4528,OK,0
2026-07-06 23:35:12,F2,2.4540,OK,0
2026-07-06 23:35:22,F2,2.4552,OK,0
2026-07-06 23:35:33,F2,2.4564,OK,0
2026-07-06 23:35:43,F2,2.4576,OK,0
2026-07-06 23:35:53,F2,2.4588,OK,0
2026-07-06 23:36:04,F2,2.4599,OK,0
2026-07-06 23:36:14,F2,2.4611,OK,0
2026-07-06 23:36:24,F2,2.4623,OK,0
2026-07-06 23:36:34,F2,2.4634,OK,0
2026-07-06 23:36:45,F2,2.4646,OK,0
2026-07-06 23:36:55,F2,2.4658,OK,0
2026-07-06 23:37:05,F2,2.4669,OK,0
2026-07-06 23:37:16,F2,2.4681,OK,0
2026-07-06 23:37:26,F2,2.4692,OK,0
2026-07-06 23:37:36,F2,2.4704,OK,0
2026-07-06 23:37:47,F2,2.4715,OK,0
2026-07-06 23:37:57,F2,2.4727,OK,0
2026-07-06 23:38:07,F2,2.4738,OK,0
2026-07-06 23:38:18,F2,2.4750,OK,0
2026-07-06 23:38:28,F2,2.4761,OK,0
2026-07-06 23:38:38,F2,2.4773,OK,0
2026-07-06 23:38:48,F2,2.4784,OK,0
2026-07-06 23:38:59,F2,2.4796,OK,0
2026-07-06 23:39:09,F2,2.4807,OK,0
2026-07-06 23:39:19,F2,2.4819,OK,0
2026-07-06 23:39:30,F2,2.4830,OK,0
2026-07-06 23:39:40,F2,2.4842,OK,0
2026-07-06 23:39:50,F2,2.4854,OK,0
2026-07-06 23:40:01,F2,2.4865,OK,0
2026-07-06 23:40:11,F2,2.4877,OK,0
2026-07-06 23:40:21,F2,2.4889,OK,0
2026-07-06 23:40:32,F2,2.4900,OK,0
2026-07-06 23:40:42,F2,2.4912,OK,0
2026-07-06 23:40:52,F2,2.4924,OK,0
2026-07-06 23:41:03,F2,2.4936,OK,0
2026-07-06 23:41:13,F2,2.4948,OK,0
2026-07-06 23:41:23,F2,2.4960,OK,0
2026-07-06 23:41:34,F2,2.4972,OK,0
2026-07-06 23:41:44,F2,2.4984,OK,0
2026-07-06 23:41:54,F2,2.4997,OK,0
2026-07-06 23:42:05,F2,2.5009,OK,0
2026-07-06 23:42:15,F2,2.5021,OK,0
2026-07-06 23:42:25,F2,2.5034,OK,0
2026-07-06 23:42:36,F2,2.5046,OK,0
2026-07-06 23:42:46,F2,2.5059,OK,0
2026-07-06 23:42:56,F2,2.5072,OK,0
2026-07-06 23:43:06,F2,2.5084,OK,0
2026-07-06 23:43:17,F2,2.5097,OK,0
2026-07-06 23:43:27,F2,2.5110,OK,0
2026-07-06 23:43:37,F2,2.5122,OK,0
2026-07-06 23:43:48,F2,2.5135,OK,0
2026-07-06 23:43:58,F2,2.5148,OK,0
2026-07-06 23:44:08,F2,2.5161,OK,0
2026-07-06 23:44:19,F2,2.5174,OK,0
2026-07-06 23:44:29,F2,2.5187,OK,0
2026-07-06 23:44:39,F2,2.5200,OK,0
2026-07-06 23:44:50,F2,2.5212,OK,0
2026-07-06 23:45:00,F2,2.5225,OK,0
2026-07-06 23:45:10,F2,2.5238,OK,0
2026-07-06 23:45:21,F2,2.5251,OK,0
2026-07-06 23:45:31,F2,2.5264,OK,0
2026-07-06 23:45:41,F2,2.5277,OK,0
2026-07-06 23:45:51,F2,2.5289,OK,0
2026-07-06 23:46:02,F2,2.5302,OK,0
2026-07-06 23:46:12,F2,2.5315,OK,0
2026-07-06 23:46:22,F2,2.5328,OK,0
2026-07-06 23:46:33,F2,2.5340,OK,0
2026-07-06 23:46:43,F2,2.5353,OK,0
2026-07-06 23:46:53,F2,2.5365,OK,0
2026-07-06 23:47:04,F2,2.5378,OK,0
2026-07-06 23:47:14,F2,2.5391,OK,0
2026-07-06 23:47:24,F2,2.5403,OK,0
2026-07-06 23:47:35,F2,2.5415,OK,0
2026-07-06 23:47:45,F2,2.5428,OK,0
2026-07-06 23:47:55,F2,2.5440,OK,0
2026-07-06 23:48:06,F2,2.5452,OK,0
2026-07-06 23:48:16,F2,2.5464,OK,0
2026-07-06 23:48:26,F2,2.5477,OK,0
2026-07-06 23:48:37,F2,2.5489,OK,0
2026-07-06 23:48:47,F2,2.5501,OK,0
2026-07-06 23:48:57,F2,2.5512,OK,0
2026-07-06 23:49:08,F2,2.5524,OK,0
2026-07-06 23:49:18,F2,2.5536,OK,0
2026-07-06 23:49:28,F2,2.5548,OK,0
2026-07-06 23:49:39,F2,2.5559,OK,0
2026-07-06 23:49:49,F2,2.5571,OK,0
2026-07-06 23:49:59,F2,2.5582,OK,0
2026-07-06 23:50:10,F2,2.5594,OK,0
2026-07-06 23:50:20,F2,2.5605,OK,0
2026-07-06 23:50:30,F2,2.5616,OK,0
2026-07-06 23:50:41,F2,2.5627,OK,0
2026-07-06 23:50:51,F2,2.5639,OK,0
2026-07-06 23:51:01,F2,2.5650,OK,0
2026-07-06 23:51:12,F2,2.5661,OK,0
2026-07-06 23:51:22,F2,2.5671,OK,0
2026-07-06 23:51:32,F2,2.5682,OK,0
2026-07-06 23:51:43,F2,2.5693,OK,0
2026-07-06 23:51:53,F2,2.5704,OK,0
2026-07-06 23:52:03,F2,2.5714,OK,0
2026-07-06 23:52:13,F2,2.5725,OK,0
2026-07-06 23:52:24,F2,2.5736,OK,0
2026-07-06 23:52:34,F2,2.5746,OK,0
2026-07-06 23:52:44,F2,2.5757,OK,0
2026-07-06 23:52:55,F2,2.5767,OK,0
2026-07-06 23:53:05,F2,2.5778,OK,0
2026-07-06 23:53:15,F2,2.5788,OK,0
2026-07-06 23:53:26,F2,2.5799,OK,1
2026-07-06 23:53:36,F2,2.5809,OK,0
2026-07-06 23:53:46,F2,2.5819,OK,0
2026-07-06 23:53:57,F2,2.5830,OK,0
2026-07-06 23:54:07,F2,2.5840,OK,0
2026-07-06 23:54:17,F2,2.5851,OK,0
2026-07-06 23:54:28,F2,2.5861,OK,0
2026-07-06 23:54:38,F2,2.5871,OK,0
2026-07-06 23:54:48,F2,2.5882,OK,0
2026-07-06 23:54:58,F2,2.5892,OK,0
2026-07-06 23:55:09,F2,2.5902,OK,0
2026-07-06 23:55:19,F2,2.5913,OK,0
2026-07-06 23:55:29,F2,2.5923,OK,0
2026-07-06 23:55:40,F2,2.5934,OK,0
2026-07-06 23:55:50,F2,2.5944,OK,0
2026-07-06 23:56:00,F2,2.5955,OK,0
2026-07-06 23:56:11,F2,2.5966,OK,0
2026-07-06 23:56:21,F2,2.5976,OK,0
2026-07-06 23:56:31,F2,2.5987,OK,0
2026-07-06 23:56:42,F2,2.5998,OK,0
2026-07-06 23:56:52,F2,2.6008,OK,0
2026-07-06 23:57:02,F2,2.6019,OK,0
2026-07-06 23:57:13,F2,2.6030,OK,1
2026-07-06 23:57:23,F2,2.6041,OK,1
2026-07-06 23:57:33,F2,2.6052,OK,0
2026-07-06 23:57:43,F2,2.6063,OK,0
2026-07-06 23:57:54,F2,2.6074,OK,0
2026-07-06 23:58:04,F2,2.6085,OK,0
2026-07-06 23:58:14,F2,2.6096,OK,0
2026-07-06 23:58:25,F2,2.6107,OK,0
2026-07-06 23:58:35,F2,2.6118,OK,0
2026-07-06 23:58:45,F2,2.6129,OK,0
2026-07-06 23:58:56,F2,2.6141,OK,0
2026-07-06 23:59:06,F2,2.6152,OK,0
2026-07-06 23:59:16,F2,2.6163,OK,0
2026-07-06 23:59:27,F2,2.6174,OK,0
2026-07-06 23:59:37,F2,2.6185,OK,0
2026-07-06 23:59:47,F2,2.6196,OK,0
2026-07-06 23:59:58,F2,2.6208,OK,0
2026-07-07 00:00:08,F2,2.6219,OK,0
2026-07-07 00:00:18,F2,2.6230,OK,0
2026-07-07 00:00:29,F2,2.6241,OK,0
2026-07-07 00:00:39,F2,2.6252,OK,0
2026-07-07 00:00:49,F2,2.6263,OK,0
2026-07-07 00:01:00,F2,2.6274,OK,0
2026-07-07 00:01:10,F2,2.6285,OK,0
2026-07-07 00:01:20,F2,2.6296,OK,0
2026-07-07 00:01:30,F2,2.6307,OK,0
2026-07-07 00:01:41,F2,2.6318,OK,0
2026-07-07 00:01:51,F2,2.6329,OK,0
2026-07-07 00:02:01,F2,2.6340,OK,0
2026-07-07 00:02:12,F2,2.6351,OK,0
2026-07-07 00:02:22,F2,2.6362,OK,0
2026-07-07 00:02:32,F2,2.6373,OK,0
2026-07-07 00:02:43,F2,2.6383,OK,0
2026-07-07 00:02:53,F2,2.6394,OK,0
2026-07-07 00:03:03,F2,2.6404,OK,0
2026-07-07 00:03:14,F2,2.6415,OK,0
2026-07-07 00:03:24,F2,2.6425,OK,0
2026-07-07 00:03:34,F2,2.6436,OK,0
2026-07-07 00:03:45,F2,2.6446,OK,0
2026-07-07 00:03:55,F2,2.6456,OK,0
2026-07-07 00:04:05,F2,2.6466,OK,0
2026-07-07 00:04:16,F2,2.6477,OK,0
2026-07-07 00:04:26,F2,2.6487,OK,0
2026-07-07 00:04:36,F2,2.6496,OK,0
2026-07-07 00:04:47,F2,2.6506,OK,0
2026-07-07 00:04:57,F2,2.6516,OK,0
2026-07-07 00:05:07,F2,2.6526,OK,0
2026-07-07 00:05:18,F2,2.6535,OK,0
2026-07-07 00:05:28,F2,2.6545,OK,0
2026-07-07 00:05:38,F2,2.6554,OK,0
2026-07-07 00:05:48,F2,2.6564,OK,0
2026-07-07 00:05:59,F2,2.6573,OK,0
2026-07-07 00:06:09,F2,2.6582,OK,0
2026-07-07 00:06:19,F2,2.6591,OK,0
2026-07-07 00:06:30,F2,2.6600,OK,0
2026-07-07 00:06:40,F2,2.6609,OK,0
2026-07-07 00:06:50,F2,2.6618,OK,0
2026-07-07 00:07:01,F2,2.6627,OK,0
2026-07-07 00:07:11,F2,2.6636,OK,0
2026-07-07 00:07:21,F2,2.6645,OK,0
2026-07-07 00:07:32,F2,2.6654,OK,0
2026-07-07 00:07:42,F2,2.6663,OK,0
2026-07-07 00:07:52,F2,2.6671,OK,0
2026-07-07 00:08:03,F2,2.6680,OK,0
2026-07-07 00:08:13,F2,2.6689,OK,0
2026-07-07 00:08:23,F2,2.6697,OK,0
2026-07-07 00:08:34,F2,2.6706,OK,0
2026-07-07 00:08:44,F2,2.6715,OK,0
2026-07-07 00:08:54,F2,2.6724,OK,0
2026-07-07 00:09:05,F2,2.6732,OK,0
2026-07-07 00:09:15,F2,2.6741,OK,0
2026-07-07 00:09:25,F2,2.6750,OK,0
2026-07-07 00:09:35,F2,2.6759,OK,0
2026-07-07 00:09:46,F2,2.6767,OK,0
2026-07-07 00:09:56,F2,2.6776,OK,0
2026-07-07 00:10:06,F2,2.6785,OK,0
2026-07-07 00:10:17,F2,2.6794,OK,0
2026-07-07 00:10:27,F2,2.6803,OK,0
2026-07-07 00:10:37,F2,2.6812,OK,0
2026-07-07 00:10:48,F2,2.6821,OK,0
2026-07-07 00:10:58,F2,2.6830,OK,0
2026-07-07 00:11:08,F2,2.6839,OK,0
2026-07-07 00:11:19,F2,2.6848,OK,0
2026-07-07 00:11:29,F2,2.6857,OK,0
2026-07-07 00:11:39,F2,2.6866,OK,0
2026-07-07 00:11:50,F2,2.6876,OK,0
2026-07-07 00:12:00,F2,2.6885,OK,0
2026-07-07 00:12:10,F2,2.6894,OK,0
2026-07-07 00:12:21,F2,2.6904,OK,0
2026-07-07 00:12:31,F2,2.6913,OK,0
2026-07-07 00:12:41,F2,2.6923,OK,0
2026-07-07 00:12:52,F2,2.6932,OK,0
2026-07-07 00:13:02,F2,2.6942,OK,0
2026-07-07 00:13:12,F2,2.6952,OK,0
2026-07-07 00:13:23,F2,2.6961,OK,0
2026-07-07 00:13:33,F2,2.6971,OK,0
2026-07-07 00:13:43,F2,2.6981,OK,0
2026-07-07 00:13:54,F2,2.6991,OK,0
2026-07-07 00:14:04,F2,2.7001,OK,0
2026-07-07 00:14:14,F2,2.7011,OK,0
2026-07-07 00:14:25,F2,2.7021,OK,0
2026-07-07 00:14:35,F2,2.7031,OK,0
2026-07-07 00:14:45,F2,2.7041,OK,0
2026-07-07 00:14:55,F2,2.7052,OK,0
2026-07-07 00:15:06,F2,2.7062,OK,0
2026-07-07 00:15:16,F2,2.7072,OK,0
2026-07-07 00:15:26,F2,2.7082,OK,0
2026-07-07 00:15:37,F2,2.7093,OK,0
2026-07-07 00:15:47,F2,2.7103,OK,0
2026-07-07 00:15:57,F2,2.7113,OK,0
2026-07-07 00:16:08,F2,2.7124,OK,0
2026-07-07 00:16:18,F2,2.7134,OK,0
2026-07-07 00:16:28,F2,2.7144,OK,0
2026-07-07 00:16:39,F2,2.7155,OK,0
2026-07-07 00:16:49,F2,2.7165,OK,0
2026-07-07 00:16:59,F2,2.7175,OK,0
2026-07-07 00:17:10,F2,2.7186,OK,0
2026-07-07 00:17:20,F2,2.7196,OK,0
2026-07-07 00:17:30,F2,2.7206,OK,0
2026-07-07 00:17:41,F2,2.7217,OK,0
2026-07-07 00:17:51,F2,2.7227,OK,0
2026-07-07 00:18:01,F2,2.7237,OK,0
2026-07-07 00:18:12,F2,2.7247,OK,0
2026-07-07 00:18:22,F2,2.7257,OK,0
2026-07-07 00:18:32,F2,2.7268,OK,0
2026-07-07 00:18:42,F2,2.7278,OK,0
2026-07-07 00:18:53,F2,2.7288,OK,0
2026-07-07 00:19:03,F2,2.7298,OK,0
2026-07-07 00:19:13,F2,2.7308,OK,0
2026-07-07 00:19:24,F2,2.7317,OK,0
2026-07-07 00:19:34,F2,2.7327,OK,0
2026-07-07 00:19:44,F2,2.7337,OK,0
2026-07-07 00:19:55,F2,2.7347,OK,0
2026-07-07 00:20:05,F2,2.7356,OK,0
2026-07-07 00:20:15,F2,2.7366,OK,0
2026-07-07 00:20:26,F2,2.7375,OK,0
2026-07-07 00:20:36,F2,2.7384,OK,0
2026-07-07 00:20:46,F2,2.7393,OK,0
2026-07-07 00:20:57,F2,2.7402,OK,0
2026-07-07 00:21:07,F2,2.7411,OK,0
2026-07-07 00:21:17,F2,2.7420,OK,0
2026-07-07 00:21:27,F2,2.7429,OK,0
2026-07-07 00:21:38,F2,2.7438,OK,0
2026-07-07 00:21:48,F2,2.7446,OK,0
2026-07-07 00:21:58,F2,2.7455,OK,0
2026-07-07 00:22:09,F2,2.7463,OK,0
2026-07-07 00:22:19,F2,2.7471,OK,0
2026-07-07 00:22:29,F2,2.7480,OK,0
2026-07-07 00:22:40,F2,2.7488,OK,0
2026-07-07 00:22:50,F2,2.7496,OK,0
2026-07-07 00:23:00,F2,2.7504,OK,0
2026-07-07 00:23:11,F2,2.7512,OK,0
2026-07-07 00:23:21,F2,2.7520,OK,0
2026-07-07 00:23:31,F2,2.7528,OK,0
2026-07-07 00:23:42,F2,2.7536,OK,0
2026-07-07 00:23:52,F2,2.7544,OK,0
2026-07-07 00:24:02,F2,2.7552,OK,0
2026-07-07 00:24:13,F2,2.7560,OK,0
2026-07-07 00:24:23,F2,2.7567,OK,0
2026-07-07 00:24:33,F2,2.7575,OK,0
2026-07-07 00:24:44,F2,2.7583,OK,0
2026-07-07 00:24:54,F2,2.7591,OK,0
2026-07-07 00:25:04,F2,2.7599,OK,0
2026-07-07 00:25:15,F2,2.7607,OK,0
2026-07-07 00:25:25,F2,2.7614,OK,0
2026-07-07 00:25:35,F2,2.7622,OK,0
2026-07-07 00:25:46,F2,2.7630,OK,0
2026-07-07 00:25:56,F2,2.7638,OK,0
2026-07-07 00:26:06,F2,2.7646,OK,0
2026-07-07 00:26:17,F2,2.7654,OK,0
2026-07-07 00:26:27,F2,2.7662,OK,0
2026-07-07 00:26:37,F2,2.7670,OK,0
2026-07-07 00:26:47,F2,2.7678,OK,0
2026-07-07 00:26:58,F2,2.7686,OK,0
2026-07-07 00:27:08,F2,2.7694,OK,0
2026-07-07 00:27:18,F2,2.7702,OK,0
2026-07-07 00:27:29,F2,2.7710,OK,0
2026-07-07 00:27:39,F2,2.7718,OK,0
2026-07-07 00:27:49,F2,2.7727,OK,0
2026-07-07 00:28:00,F2,2.7735,OK,0
2026-07-07 00:28:10,F2,2.7743,OK,0
2026-07-07 00:28:20,F2,2.7752,OK,0
2026-07-07 00:28:31,F2,2.7760,OK,0
2026-07-07 00:28:41,F2,2.7769,OK,0
2026-07-07 00:28:51,F2,2.7778,OK,0
2026-07-07 00:29:02,F2,2.7786,OK,0
2026-07-07 00:29:12,F2,2.7795,OK,0
2026-07-07 00:29:22,F2,2.7804,OK,0
2026-07-07 00:29:33,F2,2.7813,OK,0
2026-07-07 00:29:43,F2,2.7823,OK,0
2026-07-07 00:29:53,F2,2.7832,OK,0
2026-07-07 00:30:03,F2,2.7841,OK,0
2026-07-07 00:30:14,F2,2.7850,OK,0
2026-07-07 00:30:24,F2,2.7860,OK,0
2026-07-07 00:30:34,F2,2.7869,OK,0
2026-07-07 00:30:45,F2,2.7879,OK,0
2026-07-07 00:30:55,F2,2.7889,OK,0
2026-07-07 00:31:06,F2,2.7898,OK,0
2026-07-07 00:31:16,F2,2.7908,OK,0
2026-07-07 00:31:26,F2,2.7918,OK,0
2026-07-07 00:31:36,F2,2.7928,OK,0
2026-07-07 00:31:47,F2,2.7938,OK,0
2026-07-07 00:31:57,F2,2.7948,OK,0
2026-07-07 00:32:07,F2,2.7958,OK,0
2026-07-07 00:32:18,F2,2.7968,OK,0
2026-07-07 00:32:28,F2,2.7978,OK,0
2026-07-07 00:32:38,F2,2.7988,OK,0
2026-07-07 00:32:49,F2,2.7998,OK,0
2026-07-07 00:32:59,F2,2.8008,OK,0
2026-07-07 00:33:09,F2,2.8018,OK,0
2026-07-07 00:33:20,F2,2.8028,OK,0
2026-07-07 00:33:30,F2,2.8038,OK,0
2026-07-07 00:33:40,F2,2.8048,OK,0
2026-07-07 00:33:51,F2,2.8058,OK,0
2026-07-07 00:34:01,F2,2.8068,OK,0
2026-07-07 00:34:11,F2,2.8077,OK,0
2026-07-07 00:34:22,F2,2.8087,OK,0
2026-07-07 00:34:32,F2,2.8097,OK,0
2026-07-07 00:34:42,F2,2.8107,OK,0
2026-07-07 00:34:53,F2,2.8117,OK,0
2026-07-07 00:35:03,F2,2.8127,OK,0
2026-07-07 00:35:13,F2,2.8136,OK,0
2026-07-07 00:35:24,F2,2.8146,OK,0
2026-07-07 00:35:34,F2,2.8156,OK,0
2026-07-07 00:35:44,F2,2.8165,OK,0
2026-07-07 00:35:54,F2,2.8174,OK,0
2026-07-07 00:36:05,F2,2.8184,OK,0
2026-07-07 00:36:15,F2,2.8193,OK,0
2026-07-07 00:36:25,F2,2.8202,OK,0
2026-07-07 00:36:36,F2,2.8212,OK,0
2026-07-07 00:36:46,F2,2.8221,OK,0
2026-07-07 00:36:56,F2,2.8230,OK,0
2026-07-07 00:37:07,F2,2.8239,OK,0
2026-07-07 00:37:17,F2,2.8248,OK,0
2026-07-07 00:37:27,F2,2.8257,OK,0
2026-07-07 00:37:38,F2,2.8266,OK,0
2026-07-07 00:37:48,F2,2.8274,OK,0
2026-07-07 00:37:58,F2,2.8283,OK,0
2026-07-07 00:38:08,F2,2.8292,OK,0
2026-07-07 00:38:19,F2,2.8300,OK,0
2026-07-07 00:38:29,F2,2.8309,OK,0
2026-07-07 00:38:39,F2,2.8317,OK,0
2026-07-07 00:38:50,F2,2.8326,OK,0
2026-07-07 00:39:00,F2,2.8334,OK,0
2026-07-07 00:39:10,F2,2.8343,OK,0
2026-07-07 00:39:21,F2,2.8351,OK,0
2026-07-07 00:39:31,F2,2.8360,OK,0
2026-07-07 00:39:41,F2,2.8368,OK,0
2026-07-07 00:39:52,F2,2.8376,OK,0
2026-07-07 00:40:02,F2,2.8385,OK,0
2026-07-07 00:40:12,F2,2.8393,OK,0
2026-07-07 00:40:23,F2,2.8401,OK,0
2026-07-07 00:40:33,F2,2.8410,OK,0
2026-07-07 00:40:43,F2,2.8418,OK,0
2026-07-07 00:40:54,F2,2.8426,OK,0
2026-07-07 00:41:04,F2,2.8435,OK,0
2026-07-07 00:41:14,F2,2.8443,OK,0
2026-07-07 00:41:25,F2,2.8451,OK,0
2026-07-07 00:41:35,F2,2.8460,OK,0
2026-07-07 00:41:45,F2,2.8468,OK,0
2026-07-07 00:41:56,F2,2.8476,OK,1
2026-07-07 00:42:07,F2,2.8485,OK,1
2026-07-07 00:42:17,F2,2.8493,OK,0
2026-07-07 00:42:27,F2,2.8502,OK,0
2026-07-07 00:42:38,F2,2.8510,OK,0
2026-07-07 00:42:48,F2,2.8519,OK,0
2026-07-07 00:42:58,F2,2.8528,OK,0
2026-07-07 00:43:09,F2,2.8536,OK,0
2026-07-07 00:43:19,F2,2.8545,OK,0
2026-07-07 00:43:29,F2,2.8554,OK,0
2026-07-07 00:43:40,F2,2.8563,OK,0
2026-07-07 00:43:50,F2,2.8571,OK,1
2026-07-07 00:44:00,F2,2.8580,OK,0
2026-07-07 00:44:10,F2,2.8590,OK,0
2026-07-07 00:44:21,F2,2.8599,OK,0
2026-07-07 00:44:31,F2,2.8608,OK,0
2026-07-07 00:44:41,F2,2.8617,OK,0
2026-07-07 00:44:52,F2,2.8627,OK,0
2026-07-07 00:45:02,F2,2.8636,OK,0
2026-07-07 00:45:12,F2,2.8646,OK,0
2026-07-07 00:45:23,F2,2.8656,OK,0
2026-07-07 00:45:33,F2,2.8665,OK,0
2026-07-07 00:45:43,F2,2.8675,OK,0
2026-07-07 00:45:54,F2,2.8685,OK,0
2026-07-07 00:46:04,F2,2.8695,OK,0
2026-07-07 00:46:14,F2,2.8705,OK,0
2026-07-07 00:46:24,F2,2.8715,OK,0
2026-07-07 00:46:35,F2,2.8725,OK,0
2026-07-07 00:46:45,F2,2.8735,OK,0
2026-07-07 00:46:55,F2,2.8745,OK,0
2026-07-07 00:47:06,F2,2.8755,OK,0
2026-07-07 00:47:16,F2,2.8765,OK,0
2026-07-07 00:47:26,F2,2.8775,OK,0
2026-07-07 00:47:37,F2,2.8785,OK,0
2026-07-07 00:47:47,F2,2.8795,OK,0
2026-07-07 00:47:57,F2,2.8805,OK,0
2026-07-07 00:48:08,F2,2.8816,OK,0
2026-07-07 00:48:18,F2,2.8826,OK,0
2026-07-07 00:48:28,F2,2.8836,OK,0
2026-07-07 00:48:39,F2,2.8846,OK,0
2026-07-07 00:48:49,F2,2.8856,OK,0
2026-07-07 00:48:59,F2,2.8866,OK,0
2026-07-07 00:49:10,F2,2.8875,OK,0
2026-07-07 00:49:20,F2,2.8885,OK,0
2026-07-07 00:49:30,F2,2.8895,OK,0
2026-07-07 00:49:40,F2,2.8905,OK,0
2026-07-07 00:49:51,F2,2.8915,OK,0
2026-07-07 00:50:01,F2,2.8924,OK,0
2026-07-07 00:50:11,F2,2.8934,OK,0
2026-07-07 00:50:22,F2,2.8943,OK,0
2026-07-07 00:50:32,F2,2.8953,OK,0
2026-07-07 00:50:42,F2,2.8962,OK,0
2026-07-07 00:50:53,F2,2.8972,OK,0
2026-07-07 00:51:03,F2,2.8981,OK,0
2026-07-07 00:51:13,F2,2.8990,OK,0
2026-07-07 00:51:24,F2,2.8999,OK,0
2026-07-07 00:51:34,F2,2.9008,OK,0
2026-07-07 00:51:44,F2,2.9017,OK,0
2026-07-07 00:51:55,F2,2.9026,OK,0
2026-07-07 00:52:05,F2,2.9035,OK,0
2026-07-07 00:52:15,F2,2.9044,OK,0
2026-07-07 00:52:25,F2,2.9052,OK,0
2026-07-07 00:52:36,F2,2.9061,OK,0
2026-07-07 00:52:46,F2,2.9069,OK,0
2026-07-07 00:52:56,F2,2.9077,OK,0
2026-07-07 00:53:07,F2,2.9086,OK,0
2026-07-07 00:53:17,F2,2.9094,OK,0
2026-07-07 00:53:27,F2,2.9102,OK,0
2026-07-07 00:53:38,F2,2.9110,OK,0
2026-07-07 00:53:48,F2,2.9118,OK,0
2026-07-07 00:53:58,F2,2.9126,OK,0
2026-07-07 00:54:09,F2,2.9134,OK,0
2026-07-07 00:54:19,F2,2.9141,OK,0
2026-07-07 00:54:29,F2,2.9149,OK,0
2026-07-07 00:54:40,F2,2.9157,OK,0
2026-07-07 00:54:50,F2,2.9164,OK,0
2026-07-07 00:55:00,F2,2.9172,OK,0
2026-07-07 00:55:10,F2,2.9180,OK,0
2026-07-07 00:55:21,F2,2.9187,OK,0
2026-07-07 00:55:31,F2,2.9195,OK,0
2026-07-07 00:55:41,F2,2.9202,OK,0
2026-07-07 00:55:52,F2,2.9209,OK,0
2026-07-07 00:56:02,F2,2.9217,OK,0
2026-07-07 00:56:12,F2,2.9224,OK,1
2026-07-07 00:56:23,F2,2.9232,OK,0
2026-07-07 00:56:33,F2,2.9239,OK,0
2026-07-07 00:56:43,F2,2.9247,OK,0
2026-07-07 00:56:54,F2,2.9254,OK,0
2026-07-07 00:57:04,F2,2.9261,OK,0
2026-07-07 00:57:14,F2,2.9269,OK,0
2026-07-07 00:57:25,F2,2.9276,OK,0
2026-07-07 00:57:35,F2,2.9284,OK,0
2026-07-07 00:57:45,F2,2.9291,OK,0
2026-07-07 00:57:56,F2,2.9299,OK,0
2026-07-07 00:58:06,F2,2.9307,OK,0
2026-07-07 00:58:16,F2,2.9314,OK,0
2026-07-07 00:58:27,F2,2.9322,OK,0
2026-07-07 00:58:37,F2,2.9330,OK,0
2026-07-07 00:58:47,F2,2.9338,OK,0
2026-07-07 00:58:58,F2,2.9346,OK,0
2026-07-07 00:59:08,F2,2.9354,OK,0
2026-07-07 00:59:18,F2,2.9362,OK,0
2026-07-07 00:59:28,F2,2.9370,OK,0
2026-07-07 00:59:39,F2,2.9379,OK,0
2026-07-07 00:59:49,F2,2.9387,OK,0
2026-07-07 00:59:59,F2,2.9396,OK,0
2026-07-07 01:00:10,F2,2.9404,OK,1
2026-07-07 01:00:20,F2,2.9413,OK,0
2026-07-07 01:00:30,F2,2.9422,OK,0
2026-07-07 01:00:41,F2,2.9431,OK,0
2026-07-07 01:00:51,F2,2.9440,OK,0
2026-07-07 01:01:01,F2,2.9449,OK,0
2026-07-07 01:01:12,F2,2.9458,OK,0
2026-07-07 01:01:22,F2,2.9467,OK,0
2026-07-07 01:01:32,F2,2.9476,OK,0
2026-07-07 01:01:43,F2,2.9485,OK,0
2026-07-07 01:01:53,F2,2.9495,OK,0
2026-07-07 01:02:03,F2,2.9504,OK,0
2026-07-07 01:02:13,F2,2.9514,OK,0
2026-07-07 01:02:24,F2,2.9523,OK,0
2026-07-07 01:02:34,F2,2.9533,OK,0
2026-07-07 01:02:45,F2,2.9542,OK,0
2026-07-07 01:02:55,F2,2.9552,OK,0
2026-07-07 01:03:05,F2,2.9562,OK,0
2026-07-07 01:03:15,F2,2.9571,OK,0
2026-07-07 01:03:26,F2,2.9581,OK,0
2026-07-07 01:03:36,F2,2.9590,OK,0
2026-07-07 01:03:46,F2,2.9600,OK,0
2026-07-07 01:03:57,F2,2.9610,OK,0
2026-07-07 01:04:07,F2,2.9619,OK,0
2026-07-07 01:04:17,F2,2.9629,OK,0
2026-07-07 01:04:28,F2,2.9639,OK,0
2026-07-07 01:04:38,F2,2.9648,OK,0
2026-07-07 01:04:48,F2,2.9658,OK,0
2026-07-07 01:04:59,F2,2.9667,OK,0
2026-07-07 01:05:09,F2,2.9677,OK,0
2026-07-07 01:05:19,F2,2.9686,OK,0
2026-07-07 01:05:30,F2,2.9696,OK,0
2026-07-07 01:05:40,F2,2.9705,OK,0
2026-07-07 01:05:50,F2,2.9714,OK,0
2026-07-07 01:06:01,F2,2.9724,OK,0
2026-07-07 01:06:11,F2,2.9733,OK,0
2026-07-07 01:06:21,F2,2.9742,OK,0
2026-07-07 01:06:31,F2,2.9751,OK,0
2026-07-07 01:06:42,F2,2.9760,OK,0
2026-07-07 01:06:52,F2,2.9769,OK,0
2026-07-07 01:07:02,F2,2.9778,OK,0
2026-07-07 01:07:13,F2,2.9787,OK,0
2026-07-07 01:07:23,F2,2.9796,OK,0
2026-07-07 01:07:33,F2,2.9804,OK,0
2026-07-07 01:07:44,F2,2.9813,OK,0
2026-07-07 01:07:54,F2,2.9821,OK,0
2026-07-07 01:08:04,F2,2.9830,OK,0
2026-07-07 01:08:15,F2,2.9838,OK,0
2026-07-07 01:08:25,F2,2.9846,OK,0
2026-07-07 01:08:35,F2,2.9855,OK,0
2026-07-07 01:08:46,F2,2.9863,OK,0
2026-07-07 01:08:56,F2,2.9871,OK,0
2026-07-07 01:09:06,F2,2.9879,OK,0
2026-07-07 01:09:17,F2,2.9887,OK,0
2026-07-07 01:09:27,F2,2.9895,OK,0
2026-07-07 01:09:37,F2,2.9903,OK,0
2026-07-07 01:09:48,F2,2.9911,OK,0
2026-07-07 01:09:58,F2,2.9919,OK,0
2026-07-07 01:10:08,F2,2.9927,OK,0
2026-07-07 01:10:19,F2,2.9935,OK,0
2026-07-07 01:10:29,F2,2.9943,OK,0
2026-07-07 01:10:39,F2,2.9950,OK,0
2026-07-07 01:10:49,F2,2.9958,OK,0
2026-07-07 01:11:00,F2,2.9966,OK,0
2026-07-07 01:11:10,F2,2.9974,OK,0
2026-07-07 01:11:20,F2,2.9982,OK,0
2026-07-07 01:11:31,F2,2.9990,OK,1
2026-07-07 01:11:41,F2,2.9998,OK,0
2026-07-07 01:11:51,F2,3.0006,OK,0
2026-07-07 01:12:02,F2,3.0014,OK,0
2026-07-07 01:12:12,F2,3.0022,OK,0
2026-07-07 01:12:22,F2,3.0030,OK,0
2026-07-07 01:12:33,F2,3.0038,OK,0
2026-07-07 01:12:43,F2,3.0047,OK,0
2026-07-07 01:12:53,F2,3.0055,OK,0
2026-07-07 01:13:04,F2,3.0063,OK,0
2026-07-07 01:13:14,F2,3.0072,OK,0
2026-07-07 01:13:24,F2,3.0080,OK,0
2026-07-07 01:13:35,F2,3.0089,OK,0
2026-07-07 01:13:45,F2,3.0097,OK,0
2026-07-07 01:13:55,F2,3.0106,OK,0
2026-07-07 01:14:06,F2,3.0115,OK,0
2026-07-07 01:14:16,F2,3.0124,OK,0
2026-07-07 01:14:26,F2,3.0133,OK,0
2026-07-07 01:14:37,F2,3.0142,OK,0
2026-07-07 01:14:47,F2,3.0151,OK,0
2026-07-07 01:14:57,F2,3.0160,OK,0
2026-07-07 01:15:07,F2,3.0169,OK,0
2026-07-07 01:15:18,F2,3.0178,OK,0
2026-07-07 01:15:28,F2,3.0187,OK,0
2026-07-07 01:15:38,F2,3.0196,OK,0
2026-07-07 01:15:49,F2,3.0206,OK,0
2026-07-07 01:15:59,F2,3.0215,OK,0
2026-07-07 01:16:09,F2,3.0224,OK,0
2026-07-07 01:16:20,F2,3.0234,OK,0
2026-07-07 01:16:30,F2,3.0243,OK,0
2026-07-07 01:16:40,F2,3.0252,OK,0
2026-07-07 01:16:51,F2,3.0262,OK,0
2026-07-07 01:17:01,F2,3.0271,OK,0
2026-07-07 01:17:11,F2,3.0280,OK,0
2026-07-07 01:17:22,F2,3.0290,OK,0
2026-07-07 01:17:32,F2,3.0299,OK,0
2026-07-07 01:17:42,F2,3.0308,OK,0
2026-07-07 01:17:52,F2,3.0318,OK,0
2026-07-07 01:18:03,F2,3.0327,OK,0
2026-07-07 01:18:13,F2,3.0336,OK,0
2026-07-07 01:18:23,F2,3.0345,OK,0
2026-07-07 01:18:34,F2,3.0354,OK,0
2026-07-07 01:18:44,F2,3.0363,OK,0
2026-07-07 01:18:54,F2,3.0372,OK,0
2026-07-07 01:19:05,F2,3.0381,OK,0
2026-07-07 01:19:15,F2,3.0390,OK,0
2026-07-07 01:19:25,F2,3.0399,OK,0
2026-07-07 01:19:36,F2,3.0408,OK,0
2026-07-07 01:19:46,F2,3.0417,OK,0
2026-07-07 01:19:56,F2,3.0426,OK,0
2026-07-07 01:20:07,F2,3.0434,OK,0
2026-07-07 01:20:17,F2,3.0443,OK,0
2026-07-07 01:20:27,F2,3.0451,OK,0
2026-07-07 01:20:38,F2,3.0460,OK,0
2026-07-07 01:20:48,F2,3.0468,OK,0
2026-07-07 01:20:58,F2,3.0476,OK,0
2026-07-07 01:21:09,F2,3.0484,OK,0
2026-07-07 01:21:19,F2,3.0492,OK,0
2026-07-07 01:21:29,F2,3.0500,OK,0
2026-07-07 01:21:39,F2,3.0508,OK,0
2026-07-07 01:21:50,F2,3.0516,OK,0
2026-07-07 01:22:00,F2,3.0524,OK,0
2026-07-07 01:22:10,F2,3.0531,OK,0
2026-07-07 01:22:21,F2,3.0539,OK,0
2026-07-07 01:22:31,F2,3.0546,OK,0
2026-07-07 01:22:41,F2,3.0553,OK,0
2026-07-07 01:22:52,F2,3.0560,OK,0
2026-07-07 01:23:02,F2,3.0568,OK,0
2026-07-07 01:23:12,F2,3.0575,OK,0
2026-07-07 01:23:23,F2,3.0581,OK,0
2026-07-07 01:23:33,F2,3.0588,OK,0
2026-07-07 01:23:43,F2,3.0595,OK,0
2026-07-07 01:23:53,F2,3.0602,OK,0
2026-07-07 01:24:04,F2,3.0609,OK,0
2026-07-07 01:24:14,F2,3.0615,OK,0
2026-07-07 01:24:24,F2,3.0622,OK,0
2026-07-07 01:24:35,F2,3.0629,OK,0
2026-07-07 01:24:45,F2,3.0635,OK,0
2026-07-07 01:24:55,F2,3.0642,OK,0
2026-07-07 01:25:06,F2,3.0648,OK,0
2026-07-07 01:25:16,F2,3.0655,OK,0
2026-07-07 01:25:26,F2,3.0661,OK,0
2026-07-07 01:25:37,F2,3.0668,OK,0
2026-07-07 01:25:47,F2,3.0674,OK,0
2026-07-07 01:25:57,F2,3.0681,OK,0
2026-07-07 01:26:08,F2,3.0688,OK,0
2026-07-07 01:26:18,F2,3.0694,OK,0
2026-07-07 01:26:28,F2,3.0701,OK,0
2026-07-07 01:26:39,F2,3.0708,OK,0
2026-07-07 01:26:49,F2,3.0714,OK,0
2026-07-07 01:26:59,F2,3.0721,OK,0
2026-07-07 01:27:10,F2,3.0728,OK,0
2026-07-07 01:27:20,F2,3.0735,OK,0
2026-07-07 01:27:30,F2,3.0742,OK,0
2026-07-07 01:27:41,F2,3.0749,OK,0
2026-07-07 01:27:51,F2,3.0756,OK,0
2026-07-07 01:28:01,F2,3.0763,OK,0
2026-07-07 01:28:12,F2,3.0770,OK,0
2026-07-07 01:28:22,F2,3.0777,OK,0
2026-07-07 01:28:32,F2,3.0785,OK,0
2026-07-07 01:28:43,F2,3.0792,OK,0
2026-07-07 01:28:53,F2,3.0800,OK,0
2026-07-07 01:29:03,F2,3.0807,OK,0
2026-07-07 01:29:13,F2,3.0815,OK,1
2026-07-07 01:29:24,F2,3.0823,OK,1
2026-07-07 01:29:34,F2,3.0831,OK,1
2026-07-07 01:29:44,F2,3.0839,OK,1
2026-07-07 01:29:55,F2,3.0847,OK,0
2026-07-07 01:30:05,F2,3.0855,OK,0
2026-07-07 01:30:15,F2,3.0864,OK,0
2026-07-07 01:30:26,F2,3.0872,OK,0
2026-07-07 01:30:36,F2,3.0880,OK,0
2026-07-07 01:30:46,F2,3.0889,OK,0
2026-07-07 01:30:57,F2,3.0898,OK,0
2026-07-07 01:31:07,F2,3.0906,OK,0
2026-07-07 01:31:17,F2,3.0915,OK,0
2026-07-07 01:31:27,F2,3.0924,OK,0
2026-07-07 01:31:38,F2,3.0933,OK,0
2026-07-07 01:31:48,F2,3.0942,OK,0
2026-07-07 01:31:58,F2,3.0951,OK,0
2026-07-07 01:32:09,F2,3.0960,OK,0
2026-07-07 01:32:19,F2,3.0969,OK,0
2026-07-07 01:32:29,F2,3.0979,OK,0
2026-07-07 01:32:40,F2,3.0988,OK,0
2026-07-07 01:32:50,F2,3.0997,OK,0
2026-07-07 01:33:00,F2,3.1006,OK,0
2026-07-07 01:33:11,F2,3.1016,OK,0
2026-07-07 01:33:21,F2,3.1025,OK,0
2026-07-07 01:33:31,F2,3.1034,OK,0
2026-07-07 01:33:42,F2,3.1044,OK,0
2026-07-07 01:33:52,F2,3.1053,OK,0
2026-07-07 01:34:02,F2,3.1063,OK,0
2026-07-07 01:34:13,F2,3.1072,OK,0
2026-07-07 01:34:23,F2,3.1081,OK,0
2026-07-07 01:34:33,F2,3.1091,OK,0
2026-07-07 01:34:44,F2,3.1100,OK,0
2026-07-07 01:34:54,F2,3.1109,OK,0
2026-07-07 01:35:04,F2,3.1119,OK,0
2026-07-07 01:35:15,F2,3.1128,OK,0
2026-07-07 01:35:25,F2,3.1137,OK,0
2026-07-07 01:35:35,F2,3.1146,OK,0
2026-07-07 01:35:46,F2,3.1155,OK,0
2026-07-07 01:35:56,F2,3.1165,OK,0
2026-07-07 01:36:06,F2,3.1174,OK,0
2026-07-07 01:36:17,F2,3.1183,OK,0
2026-07-07 01:36:27,F2,3.1191,OK,0
2026-07-07 01:36:37,F2,3.1200,OK,0
2026-07-07 01:36:47,F2,3.1209,OK,0
2026-07-07 01:36:58,F2,3.1218,OK,0
2026-07-07 01:37:08,F2,3.1226,OK,0
2026-07-07 01:37:18,F2,3.1235,OK,0
2026-07-07 01:37:29,F2,3.1243,OK,0
2026-07-07 01:37:39,F2,3.1252,OK,0
2026-07-07 01:37:49,F2,3.1260,OK,0
2026-07-07 01:38:00,F2,3.1268,OK,0
2026-07-07 01:38:10,F2,3.1276,OK,0
2026-07-07 01:38:20,F2,3.1284,OK,0
2026-07-07 01:38:31,F2,3.1292,OK,0
2026-07-07 01:38:41,F2,3.1299,OK,0
2026-07-07 01:38:51,F2,3.1307,OK,0
2026-07-07 01:39:02,F2,3.1315,OK,0
2026-07-07 01:39:12,F2,3.1322,OK,0
2026-07-07 01:39:22,F2,3.1329,OK,1
2026-07-07 01:39:33,F2,3.1336,OK,0
2026-07-07 01:39:43,F2,3.1343,OK,0
2026-07-07 01:39:53,F2,3.1350,OK,0
2026-07-07 01:40:03,F2,3.1357,OK,0
2026-07-07 01:40:14,F2,3.1364,OK,0
2026-07-07 01:40:24,F2,3.1370,OK,0
2026-07-07 01:40:34,F2,3.1377,OK,0
2026-07-07 01:40:45,F2,3.1383,OK,0
2026-07-07 01:40:55,F2,3.1390,OK,0
2026-07-07 01:41:05,F2,3.1396,OK,0
2026-07-07 01:41:16,F2,3.1402,OK,0
2026-07-07 01:41:26,F2,3.1409,OK,0
2026-07-07 01:41:36,F2,3.1415,OK,0
2026-07-07 01:41:47,F2,3.1421,OK,0
2026-07-07 01:41:57,F2,3.1427,OK,0
2026-07-07 01:42:07,F2,3.1433,OK,0
2026-07-07 01:42:18,F2,3.1439,OK,0
2026-07-07 01:42:28,F2,3.1444,OK,0
2026-07-07 01:42:38,F2,3.1450,OK,0
2026-07-07 01:42:49,F2,3.1456,OK,0
2026-07-07 01:42:59,F2,3.1462,OK,0
2026-07-07 01:43:09,F2,3.1468,OK,0
2026-07-07 01:43:20,F2,3.1473,OK,0
2026-07-07 01:43:30,F2,3.1479,OK,0
2026-07-07 01:43:40,F2,3.1485,OK,0
2026-07-07 01:43:51,F2,3.1491,OK,0
2026-07-07 01:44:01,F2,3.1497,OK,0
2026-07-07 01:44:11,F2,3.1502,OK,0
2026-07-07 01:44:22,F2,3.1508,OK,0
2026-07-07 01:44:32,F2,3.1514,OK,0
2026-07-07 01:44:42,F2,3.1520,OK,0
2026-07-07 01:44:52,F2,3.1526,OK,0
2026-07-07 01:45:03,F2,3.1532,OK,0
2026-07-07 01:45:13,F2,3.1538,OK,0
2026-07-07 01:45:23,F2,3.1544,OK,0
2026-07-07 01:45:34,F2,3.1550,OK,0
2026-07-07 01:45:44,F2,3.1556,OK,0
2026-07-07 01:45:54,F2,3.1562,OK,0
2026-07-07 01:46:05,F2,3.1569,OK,0
2026-07-07 01:46:15,F2,3.1575,OK,0
2026-07-07 01:46:25,F2,3.1581,OK,0
2026-07-07 01:46:36,F2,3.1588,OK,0
2026-07-07 01:46:46,F2,3.1595,OK,0
2026-07-07 01:46:56,F2,3.1602,OK,0
2026-07-07 01:47:07,F2,3.1608,OK,0
2026-07-07 01:47:17,F2,3.1615,OK,0
2026-07-07 01:47:27,F2,3.1623,OK,0
2026-07-07 01:47:38,F2,3.1630,OK,0
2026-07-07 01:47:48,F2,3.1637,OK,0
2026-07-07 01:47:58,F2,3.1645,OK,0
2026-07-07 01:48:09,F2,3.1652,OK,0
2026-07-07 01:48:19,F2,3.1660,OK,0
2026-07-07 01:48:29,F2,3.1668,OK,0
2026-07-07 01:48:40,F2,3.1676,OK,0
2026-07-07 01:48:50,F2,3.1684,OK,0
2026-07-07 01:49:00,F2,3.1693,OK,0
2026-07-07 01:49:11,F2,3.1701,OK,0
2026-07-07 01:49:21,F2,3.1710,OK,0
2026-07-07 01:49:31,F2,3.1719,OK,0
2026-07-07 01:49:42,F2,3.1727,OK,0
2026-07-07 01:49:52,F2,3.1736,OK,0
2026-07-07 01:50:02,F2,3.1745,OK,0
2026-07-07 01:50:13,F2,3.1754,OK,0
2026-07-07 01:50:23,F2,3.1764,OK,0
2026-07-07 01:50:33,F2,3.1773,OK,0
2026-07-07 01:50:44,F2,3.1782,OK,0
2026-07-07 01:50:54,F2,3.1791,OK,0
2026-07-07 01:51:04,F2,3.1801,OK,0
2026-07-07 01:51:15,F2,3.1810,OK,0
2026-07-07 01:51:25,F2,3.1820,OK,0
2026-07-07 01:51:35,F2,3.1829,OK,0
2026-07-07 01:51:45,F2,3.1839,OK,0
2026-07-07 01:51:56,F2,3.1849,OK,0
2026-07-07 01:52:06,F2,3.1858,OK,0
2026-07-07 01:52:16,F2,3.1868,OK,0
2026-07-07 01:52:27,F2,3.1878,OK,0
2026-07-07 01:52:37,F2,3.1888,OK,0
2026-07-07 01:52:47,F2,3.1897,OK,0
2026-07-07 01:52:58,F2,3.1907,OK,0
2026-07-07 01:53:08,F2,3.1917,OK,0
2026-07-07 01:53:18,F2,3.1926,OK,0
2026-07-07 01:53:29,F2,3.1936,OK,0
2026-07-07 01:53:39,F2,3.1946,OK,0
2026-07-07 01:53:49,F2,3.1956,OK,0
2026-07-07 01:54:00,F2,3.1965,OK,0
2026-07-07 01:54:10,F2,3.1975,OK,0
2026-07-07 01:54:20,F2,3.1985,OK,0
2026-07-07 01:54:31,F2,3.1994,OK,0
2026-07-07 01:54:41,F2,3.2004,OK,0
2026-07-07 01:54:51,F2,3.2013,OK,0
2026-07-07 01:55:02,F2,3.2023,OK,0
2026-07-07 01:55:12,F2,3.2032,OK,0
2026-07-07 01:55:22,F2,3.2042,OK,0
2026-07-07 01:55:33,F2,3.2051,OK,0
2026-07-07 01:55:43,F2,3.2060,OK,1
2026-07-07 01:55:53,F2,3.2069,OK,0
2026-07-07 01:56:04,F2,3.2078,OK,0
2026-07-07 01:56:14,F2,3.2087,OK,0
2026-07-07 01:56:24,F2,3.2096,OK,0
2026-07-07 01:56:34,F2,3.2105,OK,0
2026-07-07 01:56:45,F2,3.2114,OK,0
2026-07-07 01:56:55,F2,3.2123,OK,0
2026-07-07 01:57:05,F2,3.2132,OK,0
2026-07-07 01:57:16,F2,3.2141,OK,0
2026-07-07 01:57:26,F2,3.2150,OK,0
2026-07-07 01:57:36,F2,3.2158,OK,0
2026-07-07 01:57:47,F2,3.2167,OK,0
2026-07-07 01:57:57,F2,3.2176,OK,0
2026-07-07 01:58:07,F2,3.2184,OK,0
2026-07-07 01:58:18,F2,3.2193,OK,0
2026-07-07 01:58:28,F2,3.2202,OK,0
2026-07-07 01:58:38,F2,3.2210,OK,0
2026-07-07 01:58:49,F2,3.2219,OK,0
2026-07-07 01:58:59,F2,3.2228,OK,0
2026-07-07 01:59:09,F2,3.2237,OK,0
2026-07-07 01:59:19,F2,3.2245,OK,0
2026-07-07 01:59:30,F2,3.2254,OK,0
2026-07-07 01:59:40,F2,3.2263,OK,0
2026-07-07 01:59:50,F2,3.2272,OK,0
2026-07-07 02:00:01,F2,3.2281,OK,0
2026-07-07 02:00:11,F2,3.2290,OK,0
2026-07-07 02:00:21,F2,3.2299,OK,0
2026-07-07 02:00:32,F2,3.2308,OK,0
2026-07-07 02:00:42,F2,3.2317,OK,0
2026-07-07 02:00:52,F2,3.2326,OK,0
2026-07-07 02:01:03,F2,3.2336,OK,0
2026-07-07 02:01:13,F2,3.2345,OK,0
2026-07-07 02:01:23,F2,3.2355,OK,0
2026-07-07 02:01:34,F2,3.2364,OK,0
2026-07-07 02:01:44,F2,3.2374,OK,0
2026-07-07 02:01:54,F2,3.2384,OK,0
2026-07-07 02:02:05,F2,3.2394,OK,0
2026-07-07 02:02:15,F2,3.2404,OK,0
2026-07-07 02:02:25,F2,3.2414,OK,0
2026-07-07 02:02:36,F2,3.2424,OK,0
2026-07-07 02:02:46,F2,3.2434,OK,0
2026-07-07 02:02:56,F2,3.2445,OK,0
2026-07-07 02:03:07,F2,3.2455,OK,0
2026-07-07 02:03:17,F2,3.2466,OK,1
2026-07-07 02:03:27,F2,3.2477,OK,0
2026-07-07 02:03:37,F2,3.2488,OK,0
2026-07-07 02:03:48,F2,3.2499,OK,0
2026-07-07 02:03:58,F2,3.2510,OK,0
2026-07-07 02:04:08,F2,3.2522,OK,0
2026-07-07 02:04:19,F2,3.2533,OK,0
2026-07-07 02:04:29,F2,3.2545,OK,0
2026-07-07 02:04:39,F2,3.2556,OK,0
2026-07-07 02:04:50,F2,3.2568,OK,0
2026-07-07 02:05:00,F2,3.2580,OK,0
2026-07-07 02:05:10,F2,3.2592,OK,0
2026-07-07 02:05:21,F2,3.2604,OK,0
2026-07-07 02:05:31,F2,3.2616,OK,0
2026-07-07 02:05:41,F2,3.2628,OK,0
2026-07-07 02:05:52,F2,3.2640,OK,0
2026-07-07 02:06:02,F2,3.2652,OK,0
2026-07-07 02:06:12,F2,3.2664,OK,0
2026-07-07 02:06:23,F2,3.2676,OK,0
2026-07-07 02:06:33,F2,3.2689,OK,0
2026-07-07 02:06:43,F2,3.2701,OK,0
2026-07-07 02:06:54,F2,3.2713,OK,0
2026-07-07 02:07:04,F2,3.2725,OK,0
2026-07-07 02:07:14,F2,3.2738,OK,0
2026-07-07 02:07:25,F2,3.2750,OK,0
2026-07-07 02:07:35,F2,3.2762,OK,0
2026-07-07 02:07:45,F2,3.2775,OK,0
2026-07-07 02:07:55,F2,3.2787,OK,0
2026-07-07 02:08:06,F2,3.2799,OK,0
2026-07-07 02:08:16,F2,3.2811,OK,0
2026-07-07 02:08:26,F2,3.2823,OK,0
2026-07-07 02:08:37,F2,3.2835,OK,0
2026-07-07 02:08:47,F2,3.2848,OK,0
2026-07-07 02:08:57,F2,3.2860,OK,0
2026-07-07 02:09:08,F2,3.2871,OK,0
2026-07-07 02:09:18,F2,3.2883,OK,0
2026-07-07 02:09:28,F2,3.2895,OK,0
2026-07-07 02:09:39,F2,3.2907,OK,0
2026-07-07 02:09:49,F2,3.2918,OK,0
2026-07-07 02:09:59,F2,3.2930,OK,0
2026-07-07 02:10:09,F2,3.2941,OK,0
2026-07-07 02:10:20,F2,3.2953,OK,0
2026-07-07 02:10:30,F2,3.2964,OK,0
2026-07-07 02:10:40,F2,3.2975,OK,0
2026-07-07 02:10:51,F2,3.2986,OK,0
2026-07-07 02:11:01,F2,3.2997,OK,0
2026-07-07 02:11:11,F2,3.3008,OK,0
2026-07-07 02:11:22,F2,3.3019,OK,0
2026-07-07 02:11:32,F2,3.3029,OK,0
2026-07-07 02:11:42,F2,3.3040,OK,0
2026-07-07 02:11:53,F2,3.3050,OK,0
2026-07-07 02:12:03,F2,3.3061,OK,0
2026-07-07 02:12:13,F2,3.3071,OK,0
2026-07-07 02:12:24,F2,3.3081,OK,0
2026-07-07 02:12:34,F2,3.3091,OK,0
2026-07-07 02:12:44,F2,3.3102,OK,0
2026-07-07 02:12:54,F2,3.3112,OK,0
2026-07-07 02:13:05,F2,3.3122,OK,0
2026-07-07 02:13:15,F2,3.3132,OK,0
2026-07-07 02:13:26,F2,3.3142,OK,0
2026-07-07 02:13:36,F2,3.3152,OK,0
2026-07-07 02:13:46,F2,3.3162,OK,0
2026-07-07 02:13:56,F2,3.3172,OK,0
2026-07-07 02:14:07,F2,3.3182,OK,0
2026-07-07 02:14:17,F2,3.3192,OK,0
2026-07-07 02:14:27,F2,3.3202,OK,0
2026-07-07 02:14:38,F2,3.3212,OK,0
2026-07-07 02:14:48,F2,3.3222,OK,0
2026-07-07 02:14:58,F2,3.3232,OK,0
2026-07-07 02:15:09,F2,3.3242,OK,0
2026-07-07 02:15:19,F2,3.3252,OK,0
2026-07-07 02:15:29,F2,3.3263,OK,0
2026-07-07 02:15:40,F2,3.3273,OK,0
2026-07-07 02:15:50,F2,3.3283,OK,0
2026-07-07 02:16:00,F2,3.3294,OK,0
2026-07-07 02:16:11,F2,3.3304,OK,0
2026-07-07 02:16:21,F2,3.3315,OK,0
2026-07-07 02:16:31,F2,3.3325,OK,0
2026-07-07 02:16:42,F2,3.3336,OK,0
2026-07-07 02:16:52,F2,3.3347,OK,0
2026-07-07 02:17:02,F2,3.3357,OK,0
2026-07-07 02:17:12,F2,3.3368,OK,0
2026-07-07 02:17:23,F2,3.3379,OK,0
2026-07-07 02:17:33,F2,3.3391,OK,0
2026-07-07 02:17:43,F2,3.3402,OK,0
2026-07-07 02:17:54,F2,3.3413,OK,0
2026-07-07 02:18:04,F2,3.3424,OK,0
2026-07-07 02:18:14,F2,3.3436,OK,0
2026-07-07 02:18:25,F2,3.3447,OK,0
2026-07-07 02:18:35,F2,3.3459,OK,0
2026-07-07 02:18:45,F2,3.3470,OK,0
2026-07-07 02:18:56,F2,3.3482,OK,0
2026-07-07 02:19:06,F2,3.3494,OK,0
2026-07-07 02:19:16,F2,3.3505,OK,0
2026-07-07 02:19:27,F2,3.3517,OK,0
2026-07-07 02:19:37,F2,3.3529,OK,0
2026-07-07 02:19:47,F2,3.3541,OK,0
2026-07-07 02:19:58,F2,3.3553,OK,0
2026-07-07 02:20:08,F2,3.3564,OK,0
2026-07-07 02:20:18,F2,3.3576,OK,0
2026-07-07 02:20:29,F2,3.3588,OK,0
2026-07-07 02:20:39,F2,3.3600,OK,0
2026-07-07 02:20:49,F2,3.3612,OK,0
2026-07-07 02:21:00,F2,3.3623,OK,0
2026-07-07 02:21:10,F2,3.3635,OK,0
2026-07-07 02:21:20,F2,3.3647,OK,0
2026-07-07 02:21:31,F2,3.3659,OK,0
2026-07-07 02:21:41,F2,3.3670,OK,0
2026-07-07 02:21:51,F2,3.3682,OK,0
2026-07-07 02:22:01,F2,3.3694,OK,0
2026-07-07 02:22:12,F2,3.3705,OK,0
2026-07-07 02:22:22,F2,3.3717,OK,0
2026-07-07 02:22:32,F2,3.3728,OK,0
2026-07-07 02:22:43,F2,3.3739,OK,0
2026-07-07 02:22:53,F2,3.3751,OK,0
2026-07-07 02:23:04,F2,3.3762,OK,0
2026-07-07 02:23:14,F2,3.3773,OK,0
2026-07-07 02:23:24,F2,3.3784,OK,0
2026-07-07 02:23:35,F2,3.3795,OK,0
2026-07-07 02:23:45,F2,3.3806,OK,0
2026-07-07 02:23:55,F2,3.3817,OK,0
2026-07-07 02:24:05,F2,3.3827,OK,0
2026-07-07 02:24:16,F2,3.3838,OK,0
2026-07-07 02:24:26,F2,3.3848,OK,0
2026-07-07 02:24:36,F2,3.3858,OK,0
2026-07-07 02:24:47,F2,3.3869,OK,0
2026-07-07 02:24:57,F2,3.3879,OK,0
2026-07-07 02:25:07,F2,3.3889,OK,0
2026-07-07 02:25:18,F2,3.3899,OK,0
2026-07-07 02:25:28,F2,3.3908,OK,0
2026-07-07 02:25:38,F2,3.3918,OK,0
2026-07-07 02:25:49,F2,3.3928,OK,0
2026-07-07 02:25:59,F2,3.3937,OK,0
2026-07-07 02:26:09,F2,3.3947,OK,0
2026-07-07 02:26:20,F2,3.3956,OK,0
2026-07-07 02:26:30,F2,3.3966,OK,0
2026-07-07 02:26:40,F2,3.3975,OK,0
2026-07-07 02:26:51,F2,3.3984,OK,0
2026-07-07 02:27:01,F2,3.3994,OK,0
2026-07-07 02:27:11,F2,3.4003,OK,0
2026-07-07 02:27:22,F2,3.4012,OK,0
2026-07-07 02:27:32,F2,3.4021,OK,0
2026-07-07 02:27:42,F2,3.4030,OK,0
2026-07-07 02:27:53,F2,3.4040,OK,0
2026-07-07 02:28:03,F2,3.4049,OK,0
2026-07-07 02:28:13,F2,3.4058,OK,0
2026-07-07 02:28:24,F2,3.4067,OK,0
2026-07-07 02:28:34,F2,3.4076,OK,0
2026-07-07 02:28:44,F2,3.4086,OK,0
2026-07-07 02:28:55,F2,3.4095,OK,0
2026-07-07 02:29:05,F2,3.4104,OK,0
2026-07-07 02:29:15,F2,3.4114,OK,0
2026-07-07 02:29:26,F2,3.4123,OK,0
2026-07-07 02:29:36,F2,3.4133,OK,0
2026-07-07 02:29:46,F2,3.4142,OK,0
2026-07-07 02:29:56,F2,3.4152,OK,0
2026-07-07 02:30:07,F2,3.4161,OK,0
2026-07-07 02:30:17,F2,3.4171,OK,0
2026-07-07 02:30:28,F2,3.4181,OK,0
2026-07-07 02:30:39,F2,3.4191,OK,0
2026-07-07 02:30:49,F2,3.4201,OK,0
2026-07-07 02:30:59,F2,3.4211,OK,0
2026-07-07 02:31:10,F2,3.4221,OK,0
2026-07-07 02:31:20,F2,3.4231,OK,0
2026-07-07 02:31:30,F2,3.4241,OK,0
2026-07-07 02:31:41,F2,3.4252,OK,0
2026-07-07 02:31:51,F2,3.4262,OK,0
2026-07-07 02:32:01,F2,3.4273,OK,0
2026-07-07 02:32:12,F2,3.4283,OK,0
2026-07-07 02:32:22,F2,3.4294,OK,0
2026-07-07 02:32:32,F2,3.4304,OK,0
2026-07-07 02:32:43,F2,3.4315,OK,0
2026-07-07 02:32:53,F2,3.4326,OK,0
2026-07-07 02:33:03,F2,3.4336,OK,0
2026-07-07 02:33:14,F2,3.4347,OK,0
2026-07-07 02:33:24,F2,3.4358,OK,0
2026-07-07 02:33:34,F2,3.4368,OK,0
2026-07-07 02:33:45,F2,3.4379,OK,0
2026-07-07 02:33:55,F2,3.4390,OK,0
2026-07-07 02:34:05,F2,3.4400,OK,0
2026-07-07 02:34:16,F2,3.4411,OK,0
2026-07-07 02:34:26,F2,3.4422,OK,0
2026-07-07 02:34:36,F2,3.4432,OK,0
2026-07-07 02:34:46,F2,3.4443,OK,0
2026-07-07 02:34:57,F2,3.4454,OK,0
2026-07-07 02:35:07,F2,3.4464,OK,0
2026-07-07 02:35:17,F2,3.4475,OK,0
2026-07-07 02:35:28,F2,3.4485,OK,0
2026-07-07 02:35:38,F2,3.4495,OK,0
2026-07-07 02:35:48,F2,3.4506,OK,0
2026-07-07 02:35:59,F2,3.4516,OK,0
2026-07-07 02:36:09,F2,3.4526,OK,0
2026-07-07 02:36:19,F2,3.4536,OK,0
2026-07-07 02:36:30,F2,3.4546,OK,0
2026-07-07 02:36:40,F2,3.4556,OK,0
2026-07-07 02:36:50,F2,3.4566,OK,0
2026-07-07 02:37:01,F2,3.4576,OK,0
2026-07-07 02:37:11,F2,3.4585,OK,0
2026-07-07 02:37:21,F2,3.4595,OK,0
2026-07-07 02:37:32,F2,3.4604,OK,0
2026-07-07 02:37:42,F2,3.4614,OK,0
2026-07-07 02:37:52,F2,3.4623,OK,0
2026-07-07 02:38:03,F2,3.4632,OK,0
2026-07-07 02:38:13,F2,3.4641,OK,1
2026-07-07 02:38:23,F2,3.4649,OK,0
2026-07-07 02:38:34,F2,3.4658,OK,0
2026-07-07 02:38:44,F2,3.4667,OK,0
2026-07-07 02:38:54,F2,3.4675,OK,0
2026-07-07 02:39:04,F2,3.4683,OK,0
2026-07-07 02:39:15,F2,3.4691,OK,0
2026-07-07 02:39:25,F2,3.4699,OK,0
2026-07-07 02:39:35,F2,3.4707,OK,0
2026-07-07 02:39:46,F2,3.4715,OK,0
2026-07-07 02:39:56,F2,3.4722,OK,0
2026-07-07 02:40:06,F2,3.4730,OK,0
2026-07-07 02:40:17,F2,3.4737,OK,0
2026-07-07 02:40:27,F2,3.4744,OK,0
2026-07-07 02:40:37,F2,3.4751,OK,0
2026-07-07 02:40:48,F2,3.4758,OK,0
2026-07-07 02:40:58,F2,3.4765,OK,0
2026-07-07 02:41:08,F2,3.4772,OK,0
2026-07-07 02:41:19,F2,3.4779,OK,0
2026-07-07 02:41:29,F2,3.4786,OK,0
2026-07-07 02:41:39,F2,3.4793,OK,0
2026-07-07 02:41:50,F2,3.4799,OK,0
2026-07-07 02:42:00,F2,3.4806,OK,0
2026-07-07 02:42:10,F2,3.4813,OK,0
2026-07-07 02:42:20,F2,3.4819,OK,0
2026-07-07 02:42:31,F2,3.4826,OK,0
2026-07-07 02:42:41,F2,3.4832,OK,0
2026-07-07 02:42:51,F2,3.4839,OK,0
2026-07-07 02:43:02,F2,3.4845,OK,0
2026-07-07 02:43:12,F2,3.4852,OK,0
2026-07-07 02:43:22,F2,3.4858,OK,0
2026-07-07 02:43:33,F2,3.4865,OK,0
2026-07-07 02:43:43,F2,3.4871,OK,0
2026-07-07 02:43:53,F2,3.4878,OK,0
2026-07-07 02:44:04,F2,3.4884,OK,0
2026-07-07 02:44:14,F2,3.4891,OK,0
2026-07-07 02:44:24,F2,3.4897,OK,0
2026-07-07 02:44:35,F2,3.4904,OK,0
2026-07-07 02:44:45,F2,3.4910,OK,0
2026-07-07 02:44:55,F2,3.4917,OK,0
2026-07-07 02:45:05,F2,3.4924,OK,0
2026-07-07 02:45:16,F2,3.4930,OK,0
2026-07-07 02:45:26,F2,3.4937,OK,0
2026-07-07 02:45:36,F2,3.4944,OK,1
2026-07-07 02:45:47,F2,3.4951,OK,0
2026-07-07 02:45:57,F2,3.4957,OK,0
2026-07-07 02:46:07,F2,3.4964,OK,0
2026-07-07 02:46:18,F2,3.4971,OK,0
2026-07-07 02:46:28,F2,3.4978,OK,0
2026-07-07 02:46:38,F2,3.4985,OK,0
2026-07-07 02:46:49,F2,3.4992,OK,0
2026-07-07 02:46:59,F2,3.4999,OK,0
2026-07-07 02:47:09,F2,3.5006,OK,0
2026-07-07 02:47:20,F2,3.5013,OK,0
2026-07-07 02:47:30,F2,3.5020,OK,0
2026-07-07 02:47:40,F2,3.5027,OK,0
2026-07-07 02:47:51,F2,3.5034,OK,0
2026-07-07 02:48:01,F2,3.5041,OK,0
2026-07-07 02:48:11,F2,3.5047,OK,0
2026-07-07 02:48:21,F2,3.5054,OK,0
2026-07-07 02:48:32,F2,3.5061,OK,0
2026-07-07 02:48:42,F2,3.5067,OK,0
2026-07-07 02:48:53,F2,3.5074,OK,0
2026-07-07 02:49:03,F2,3.5081,OK,0
2026-07-07 02:49:13,F2,3.5087,OK,0
2026-07-07 02:49:24,F2,3.5093,OK,0
2026-07-07 02:49:34,F2,3.5100,OK,0
2026-07-07 02:49:44,F2,3.5106,OK,0
2026-07-07 02:49:55,F2,3.5112,OK,0
2026-07-07 02:50:05,F2,3.5118,OK,0
2026-07-07 02:50:15,F2,3.5124,OK,0
2026-07-07 02:50:25,F2,3.5130,OK,0
2026-07-07 02:50:36,F2,3.5135,OK,0
2026-07-07 02:50:46,F2,3.5141,OK,0
2026-07-07 02:50:56,F2,3.5146,OK,0
2026-07-07 02:51:07,F2,3.5152,OK,0
2026-07-07 02:51:17,F2,3.5157,OK,0
2026-07-07 02:51:27,F2,3.5162,OK,0
2026-07-07 02:51:38,F2,3.5167,OK,0
2026-07-07 02:51:48,F2,3.5172,OK,0
2026-07-07 02:51:58,F2,3.5176,OK,0
2026-07-07 02:52:09,F2,3.5181,OK,0
2026-07-07 02:52:19,F2,3.5185,OK,0
2026-07-07 02:52:29,F2,3.5189,OK,0
2026-07-07 02:52:40,F2,3.5193,OK,0
2026-07-07 02:52:50,F2,3.5197,OK,0
2026-07-07 02:53:00,F2,3.5200,OK,0
2026-07-07 02:53:10,F2,3.5204,OK,0
2026-07-07 02:53:21,F2,3.5207,OK,0
2026-07-07 02:53:31,F2,3.5210,OK,0
2026-07-07 02:53:41,F2,3.5213,OK,0
2026-07-07 02:53:52,F2,3.5216,OK,0
2026-07-07 02:54:02,F2,3.5219,OK,0
2026-07-07 02:54:12,F2,3.5222,OK,0
2026-07-07 02:54:23,F2,3.5224,OK,0
2026-07-07 02:54:33,F2,3.5227,OK,0
2026-07-07 02:54:43,F2,3.5229,OK,0
2026-07-07 02:54:54,F2,3.5231,OK,0
2026-07-07 02:55:04,F2,3.5233,OK,0
2026-07-07 02:55:14,F2,3.5235,OK,0
2026-07-07 02:55:25,F2,3.5237,OK,0
2026-07-07 02:55:35,F2,3.5239,OK,0
2026-07-07 02:55:45,F2,3.5241,OK,0
2026-07-07 02:55:55,F2,3.5243,OK,0
2026-07-07 02:56:06,F2,3.5244,OK,0
2026-07-07 02:56:16,F2,3.5246,OK,0
2026-07-07 02:56:26,F2,3.5248,OK,0
2026-07-07 02:56:37,F2,3.5250,OK,0
2026-07-07 02:56:47,F2,3.5251,OK,0
2026-07-07 02:56:57,F2,3.5253,OK,0
2026-07-07 02:57:08,F2,3.5255,OK,0
2026-07-07 02:57:18,F2,3.5256,OK,0
2026-07-07 02:57:28,F2,3.5258,OK,0
2026-07-07 02:57:39,F2,3.5259,OK,0
2026-07-07 02:57:49,F2,3.5261,OK,0
2026-07-07 02:57:59,F2,3.5263,OK,0
2026-07-07 02:58:09,F2,3.5264,OK,0
2026-07-07 02:58:20,F2,3.5266,OK,0
2026-07-07 02:58:30,F2,3.5268,OK,0
2026-07-07 02:58:40,F2,3.5270,OK,0
2026-07-07 02:58:51,F2,3.5271,OK,0
2026-07-07 02:59:01,F2,3.5273,OK,0
2026-07-07 02:59:11,F2,3.5275,OK,0
2026-07-07 02:59:22,F2,3.5277,OK,0
2026-07-07 02:59:32,F2,3.5279,OK,0
2026-07-07 02:59:42,F2,3.5281,OK,0
2026-07-07 02:59:53,F2,3.5283,OK,0
2026-07-07 03:00:03,F2,3.5285,OK,0
2026-07-07 03:00:13,F2,3.5287,OK,0
2026-07-07 03:00:24,F2,3.5290,OK,0
2026-07-07 03:00:34,F2,3.5292,OK,0
2026-07-07 03:00:44,F2,3.5294,OK,0
2026-07-07 03:00:55,F2,3.5297,OK,0
2026-07-07 03:01:05,F2,3.5299,OK,0
2026-07-07 03:01:15,F2,3.5301,OK,0
2026-07-07 03:01:26,F2,3.5304,OK,0
2026-07-07 03:01:36,F2,3.5306,OK,0
2026-07-07 03:01:46,F2,3.5308,OK,0
2026-07-07 03:01:57,F2,3.5311,OK,0
2026-07-07 03:02:07,F2,3.5313,OK,0
2026-07-07 03:02:17,F2,3.5315,OK,0
2026-07-07 03:02:28,F2,3.5318,OK,0
2026-07-07 03:02:38,F2,3.5320,OK,0
2026-07-07 03:02:48,F2,3.5322,OK,0
2026-07-07 03:02:59,F2,3.5325,OK,0
2026-07-07 03:03:09,F2,3.5327,OK,0
2026-07-07 03:03:19,F2,3.5329,OK,0
2026-07-07 03:03:30,F2,3.5331,OK,0
2026-07-07 03:03:40,F2,3.5333,OK,0
2026-07-07 03:03:50,F2,3.5335,OK,0
2026-07-07 03:04:01,F2,3.5337,OK,0
2026-07-07 03:04:11,F2,3.5339,OK,0
2026-07-07 03:04:21,F2,3.5341,OK,0
2026-07-07 03:04:31,F2,3.5343,OK,0
2026-07-07 03:04:42,F2,3.5345,OK,0
2026-07-07 03:04:52,F2,3.5346,OK,0
2026-07-07 03:05:02,F2,3.5348,OK,0
2026-07-07 03:05:13,F2,3.5349,OK,0
2026-07-07 03:05:23,F2,3.5351,OK,0
2026-07-07 03:05:33,F2,3.5352,OK,0
2026-07-07 03:05:44,F2,3.5353,OK,0
2026-07-07 03:05:54,F2,3.5354,OK,0
2026-07-07 03:06:04,F2,3.5355,OK,0
2026-07-07 03:06:15,F2,3.5356,OK,0
2026-07-07 03:06:25,F2,3.5357,OK,0
2026-07-07 03:06:35,F2,3.5358,OK,0
2026-07-07 03:06:46,F2,3.5358,OK,0
2026-07-07 03:06:56,F2,3.5358,OK,0
2026-07-07 03:07:06,F2,3.5359,OK,0
2026-07-07 03:07:17,F2,3.5359,OK,0
2026-07-07 03:07:27,F2,3.5359,OK,0
2026-07-07 03:07:37,F2,3.5359,OK,0
2026-07-07 03:07:48,F2,3.5358,OK,0
2026-07-07 03:07:58,F2,3.5358,OK,0
2026-07-07 03:08:08,F2,3.5357,OK,0
2026-07-07 03:08:19,F2,3.5357,OK,0
2026-07-07 03:08:29,F2,3.5356,OK,0
2026-07-07 03:08:39,F2,3.5355,OK,0
2026-07-07 03:08:50,F2,3.5354,OK,0
2026-07-07 03:09:00,F2,3.5353,OK,0
2026-07-07 03:09:10,F2,3.5352,OK,0
2026-07-07 03:09:21,F2,3.5351,OK,0
2026-07-07 03:09:31,F2,3.5350,OK,0
2026-07-07 03:09:41,F2,3.5349,OK,0
2026-07-07 03:09:52,F2,3.5347,OK,0
2026-07-07 03:10:02,F2,3.5346,OK,0
2026-07-07 03:10:12,F2,3.5344,OK,0
2026-07-07 03:10:23,F2,3.5343,OK,0
2026-07-07 03:10:33,F2,3.5342,OK,0
2026-07-07 03:10:43,F2,3.5340,OK,0
2026-07-07 03:10:54,F2,3.5338,OK,0
2026-07-07 03:11:04,F2,3.5337,OK,0
2026-07-07 03:11:14,F2,3.5335,OK,0
2026-07-07 03:11:25,F2,3.5334,OK,0
2026-07-07 03:11:35,F2,3.5332,OK,0
2026-07-07 03:11:45,F2,3.5330,OK,0
2026-07-07 03:11:56,F2,3.5329,OK,0
2026-07-07 03:12:06,F2,3.5327,OK,0
2026-07-07 03:12:16,F2,3.5326,OK,0
2026-07-07 03:12:27,F2,3.5324,OK,0
2026-07-07 03:12:37,F2,3.5322,OK,0
2026-07-07 03:12:47,F2,3.5321,OK,0
2026-07-07 03:12:57,F2,3.5319,OK,0
2026-07-07 03:13:08,F2,3.5318,OK,0
2026-07-07 03:13:18,F2,3.5316,OK,0
2026-07-07 03:13:28,F2,3.5315,OK,0
2026-07-07 03:13:39,F2,3.5313,OK,0
2026-07-07 03:13:49,F2,3.5312,OK,0
2026-07-07 03:13:59,F2,3.5310,OK,0
2026-07-07 03:14:10,F2,3.5309,OK,0
2026-07-07 03:14:20,F2,3.5308,OK,0
2026-07-07 03:14:30,F2,3.5306,OK,0
2026-07-07 03:14:41,F2,3.5305,OK,0
2026-07-07 03:14:51,F2,3.5304,OK,0
2026-07-07 03:15:01,F2,3.5303,OK,0
2026-07-07 03:15:12,F2,3.5302,OK,0
2026-07-07 03:15:22,F2,3.5301,OK,0
2026-07-07 03:15:32,F2,3.5300,OK,0
2026-07-07 03:15:43,F2,3.5299,OK,0
2026-07-07 03:15:53,F2,3.5299,OK,0
2026-07-07 03:16:03,F2,3.5298,OK,0
2026-07-07 03:16:13,F2,3.5297,OK,0
2026-07-07 03:16:24,F2,3.5297,OK,1
2026-07-07 03:16:34,F2,3.5296,OK,1
2026-07-07 03:16:44,F2,3.5296,OK,1
2026-07-07 03:16:55,F2,3.5296,OK,1
2026-07-07 03:17:05,F2,3.5296,OK,0
2026-07-07 03:17:15,F2,3.5296,OK,0
2026-07-07 03:17:26,F2,3.5296,OK,0
2026-07-07 03:17:36,F2,3.5296,OK,0
2026-07-07 03:17:46,F2,3.5296,OK,0
2026-07-07 03:17:57,F2,3.5297,OK,0
2026-07-07 03:18:07,F2,3.5297,OK,0
2026-07-07 03:18:17,F2,3.5298,OK,0
2026-07-07 03:18:28,F2,3.5298,OK,0
2026-07-07 03:18:38,F2,3.5299,OK,0
2026-07-07 03:18:48,F2,3.5299,OK,0
2026-07-07 03:18:59,F2,3.5300,OK,0
2026-07-07 03:19:09,F2,3.5301,OK,0
2026-07-07 03:19:19,F2,3.5301,OK,0
2026-07-07 03:19:30,F2,3.5302,OK,0
2026-07-07 03:19:40,F2,3.5303,OK,0
2026-07-07 03:19:50,F2,3.5303,OK,0
2026-07-07 03:20:00,F2,3.5304,OK,0
2026-07-07 03:20:11,F2,3.5305,OK,0
2026-07-07 03:20:21,F2,3.5306,OK,0
2026-07-07 03:20:31,F2,3.5306,OK,0
2026-07-07 03:20:42,F2,3.5307,OK,0
2026-07-07 03:20:52,F2,3.5308,OK,0
2026-07-07 03:21:02,F2,3.5308,OK,0
2026-07-07 03:21:13,F2,3.5309,OK,0
2026-07-07 03:21:23,F2,3.5309,OK,0
2026-07-07 03:21:33,F2,3.5310,OK,0
2026-07-07 03:21:44,F2,3.5310,OK,0
2026-07-07 03:21:54,F2,3.5310,OK,0
2026-07-07 03:22:04,F2,3.5311,OK,0
2026-07-07 03:22:15,F2,3.5311,OK,0
2026-07-07 03:22:25,F2,3.5311,OK,0
2026-07-07 03:22:35,F2,3.5311,OK,0
2026-07-07 03:22:46,F2,3.5311,OK,0
2026-07-07 03:22:56,F2,3.5311,OK,0
2026-07-07 03:23:06,F2,3.5311,OK,0
2026-07-07 03:23:17,F2,3.5310,OK,0
2026-07-07 03:23:27,F2,3.5310,OK,0
2026-07-07 03:23:37,F2,3.5309,OK,0
2026-07-07 03:23:48,F2,3.5309,OK,0
2026-07-07 03:23:58,F2,3.5308,OK,0
2026-07-07 03:24:08,F2,3.5307,OK,0
2026-07-07 03:24:19,F2,3.5306,OK,0
2026-07-07 03:24:29,F2,3.5305,OK,0
2026-07-07 03:24:39,F2,3.5304,OK,0
2026-07-07 03:24:50,F2,3.5303,OK,0
2026-07-07 03:25:00,F2,3.5302,OK,0
2026-07-07 03:25:10,F2,3.5301,OK,0
2026-07-07 03:25:21,F2,3.5299,OK,0
2026-07-07 03:25:31,F2,3.5298,OK,0
2026-07-07 03:25:41,F2,3.5296,OK,0
2026-07-07 03:25:52,F2,3.5295,OK,0
2026-07-07 03:26:02,F2,3.5293,OK,0
2026-07-07 03:26:12,F2,3.5291,OK,0
2026-07-07 03:26:23,F2,3.5289,OK,0
2026-07-07 03:26:33,F2,3.5287,OK,0
2026-07-07 03:26:43,F2,3.5286,OK,0
2026-07-07 03:26:54,F2,3.5284,OK,0
2026-07-07 03:27:04,F2,3.5282,OK,0
2026-07-07 03:27:14,F2,3.5280,OK,0
2026-07-07 03:27:25,F2,3.5278,OK,0
2026-07-07 03:27:35,F2,3.5276,OK,0
2026-07-07 03:27:45,F2,3.5273,OK,0
2026-07-07 03:27:56,F2,3.5271,OK,0
2026-07-07 03:28:06,F2,3.5269,OK,0
2026-07-07 03:28:16,F2,3.5267,OK,0
2026-07-07 03:28:26,F2,3.5265,OK,0
2026-07-07 03:28:37,F2,3.5263,OK,0
2026-07-07 03:28:47,F2,3.5261,OK,0
2026-07-07 03:28:57,F2,3.5259,OK,0
2026-07-07 03:29:08,F2,3.5257,OK,0
2026-07-07 03:29:18,F2,3.5255,OK,0
2026-07-07 03:29:28,F2,3.5253,OK,0
2026-07-07 03:29:39,F2,3.5251,OK,0
2026-07-07 03:29:49,F2,3.5249,OK,0
2026-07-07 03:29:59,F2,3.5247,OK,0
2026-07-07 03:30:10,F2,3.5245,OK,0
2026-07-07 03:30:20,F2,3.5243,OK,0
2026-07-07 03:30:30,F2,3.5242,OK,0
2026-07-07 03:30:41,F2,3.5240,OK,0
2026-07-07 03:30:51,F2,3.5238,OK,0
2026-07-07 03:31:01,F2,3.5237,OK,0
2026-07-07 03:31:12,F2,3.5235,OK,0
2026-07-07 03:31:22,F2,3.5234,OK,0
2026-07-07 03:31:32,F2,3.5233,OK,0
2026-07-07 03:31:43,F2,3.5231,OK,0
2026-07-07 03:31:53,F2,3.5230,OK,0
2026-07-07 03:32:03,F2,3.5229,OK,0
2026-07-07 03:32:14,F2,3.5228,OK,0
2026-07-07 03:32:24,F2,3.5227,OK,0
2026-07-07 03:32:34,F2,3.5226,OK,0
2026-07-07 03:32:45,F2,3.5226,OK,0
2026-07-07 03:32:55,F2,3.5225,OK,0
2026-07-07 03:33:05,F2,3.5224,OK,0
2026-07-07 03:33:15,F2,3.5224,OK,0
2026-07-07 03:33:26,F2,3.5224,OK,0
2026-07-07 03:33:36,F2,3.5223,OK,1
2026-07-07 03:33:46,F2,3.5223,OK,1
2026-07-07 03:33:57,F2,3.5223,OK,1
2026-07-07 03:34:07,F2,3.5223,OK,1
2026-07-07 03:34:17,F2,3.5223,OK,0
2026-07-07 03:34:28,F2,3.5224,OK,0
2026-07-07 03:34:38,F2,3.5224,OK,0
2026-07-07 03:34:48,F2,3.5224,OK,0
2026-07-07 03:34:59,F2,3.5225,OK,0
2026-07-07 03:35:09,F2,3.5226,OK,0
2026-07-07 03:35:19,F2,3.5226,OK,0
2026-07-07 03:35:30,F2,3.5227,OK,0
2026-07-07 03:35:40,F2,3.5228,OK,0
2026-07-07 03:35:50,F2,3.5228,OK,0
2026-07-07 03:36:01,F2,3.5229,OK,0
2026-07-07 03:36:11,F2,3.5230,OK,0
2026-07-07 03:36:21,F2,3.5231,OK,0
2026-07-07 03:36:32,F2,3.5232,OK,0
2026-07-07 03:36:42,F2,3.5233,OK,0
2026-07-07 03:36:52,F2,3.5234,OK,0
2026-07-07 03:37:03,F2,3.5235,OK,0
2026-07-07 03:37:13,F2,3.5236,OK,0
2026-07-07 03:37:23,F2,3.5236,OK,0
2026-07-07 03:37:34,F2,3.5237,OK,0
2026-07-07 03:37:44,F2,3.5238,OK,0
2026-07-07 03:37:54,F2,3.5239,OK,0
2026-07-07 03:38:05,F2,3.5240,OK,0
2026-07-07 03:38:15,F2,3.5241,OK,0
2026-07-07 03:38:25,F2,3.5241,OK,0
2026-07-07 03:38:35,F2,3.5242,OK,0
2026-07-07 03:38:46,F2,3.5243,OK,0
2026-07-07 03:38:56,F2,3.5243,OK,0
2026-07-07 03:39:06,F2,3.5244,OK,0
2026-07-07 03:39:17,F2,3.5244,OK,0
2026-07-07 03:39:27,F2,3.5245,OK,0
2026-07-07 03:39:37,F2,3.5245,OK,0
2026-07-07 03:39:48,F2,3.5245,OK,0
2026-07-07 03:39:58,F2,3.5245,OK,0
2026-07-07 03:40:08,F2,3.5245,OK,0
2026-07-07 03:40:19,F2,3.5245,OK,0
2026-07-07 03:40:29,F2,3.5245,OK,1
2026-07-07 03:40:39,F2,3.5245,OK,0
2026-07-07 03:40:49,F2,3.5244,OK,0
2026-07-07 03:41:00,F2,3.5244,OK,0
2026-07-07 03:41:10,F2,3.5243,OK,0
2026-07-07 03:41:20,F2,3.5242,OK,0
2026-07-07 03:41:31,F2,3.5241,OK,0
2026-07-07 03:41:41,F2,3.5240,OK,0
2026-07-07 03:41:51,F2,3.5239,OK,0
2026-07-07 03:42:02,F2,3.5238,OK,0
2026-07-07 03:42:12,F2,3.5236,OK,0
2026-07-07 03:42:22,F2,3.5235,OK,0
2026-07-07 03:42:33,F2,3.5233,OK,0
2026-07-07 03:42:43,F2,3.5232,OK,0
2026-07-07 03:42:53,F2,3.5230,OK,0
2026-07-07 03:43:04,F2,3.5228,OK,0
2026-07-07 03:43:14,F2,3.5227,OK,0
2026-07-07 03:43:24,F2,3.5225,OK,0
2026-07-07 03:43:35,F2,3.5223,OK,0
2026-07-07 03:43:45,F2,3.5221,OK,0
2026-07-07 03:43:55,F2,3.5218,OK,0
2026-07-07 03:44:06,F2,3.5216,OK,0
2026-07-07 03:44:16,F2,3.5214,OK,0
2026-07-07 03:44:26,F2,3.5212,OK,0
2026-07-07 03:44:37,F2,3.5210,OK,0
2026-07-07 03:44:47,F2,3.5207,OK,0
2026-07-07 03:44:57,F2,3.5205,OK,0
2026-07-07 03:45:07,F2,3.5203,OK,0
2026-07-07 03:45:18,F2,3.5200,OK,0
2026-07-07 03:45:28,F2,3.5198,OK,0
2026-07-07 03:45:38,F2,3.5196,OK,0
2026-07-07 03:45:49,F2,3.5193,OK,0
2026-07-07 03:45:59,F2,3.5191,OK,0
2026-07-07 03:46:09,F2,3.5188,OK,0
2026-07-07 03:46:20,F2,3.5186,OK,0
2026-07-07 03:46:30,F2,3.5183,OK,0
2026-07-07 03:46:40,F2,3.5181,OK,0
2026-07-07 03:46:51,F2,3.5179,OK,0
2026-07-07 03:47:01,F2,3.5176,OK,0
2026-07-07 03:47:11,F2,3.5174,OK,0
2026-07-07 03:47:22,F2,3.5171,OK,0
2026-07-07 03:47:32,F2,3.5169,OK,0
2026-07-07 03:47:42,F2,3.5166,OK,0
2026-07-07 03:47:53,F2,3.5164,OK,0
2026-07-07 03:48:03,F2,3.5162,OK,0
2026-07-07 03:48:13,F2,3.5159,OK,0
2026-07-07 03:48:24,F2,3.5157,OK,0
2026-07-07 03:48:34,F2,3.5155,OK,0
2026-07-07 03:48:44,F2,3.5153,OK,0
2026-07-07 03:48:55,F2,3.5150,OK,0
2026-07-07 03:49:05,F2,3.5148,OK,0
2026-07-07 03:49:15,F2,3.5146,OK,0
2026-07-07 03:49:25,F2,3.5144,OK,0
2026-07-07 03:49:36,F2,3.5142,OK,0
2026-07-07 03:49:46,F2,3.5140,OK,0
2026-07-07 03:49:56,F2,3.5138,OK,1
2026-07-07 03:50:07,F2,3.5136,OK,1
2026-07-07 03:50:17,F2,3.5134,OK,1
2026-07-07 03:50:27,F2,3.5132,OK,1
2026-07-07 03:50:38,F2,3.5130,OK,0
2026-07-07 03:50:48,F2,3.5128,OK,0
2026-07-07 03:50:58,F2,3.5126,OK,0
2026-07-07 03:51:09,F2,3.5125,OK,0
2026-07-07 03:51:19,F2,3.5123,OK,0
2026-07-07 03:51:29,F2,3.5121,OK,0
2026-07-07 03:51:40,F2,3.5119,OK,0
2026-07-07 03:51:50,F2,3.5118,OK,0
2026-07-07 03:52:00,F2,3.5116,OK,0
2026-07-07 03:52:11,F2,3.5114,OK,0
2026-07-07 03:52:21,F2,3.5113,OK,0
2026-07-07 03:52:31,F2,3.5111,OK,0
2026-07-07 03:52:41,F2,3.5109,OK,0
2026-07-07 03:52:52,F2,3.5107,OK,0
2026-07-07 03:53:02,F2,3.5105,OK,0
2026-07-07 03:53:12,F2,3.5104,OK,0
2026-07-07 03:53:23,F2,3.5102,OK,0
2026-07-07 03:53:33,F2,3.5100,OK,0
2026-07-07 03:53:43,F2,3.5098,OK,0
2026-07-07 03:53:54,F2,3.5096,OK,0
2026-07-07 03:54:04,F2,3.5094,OK,0
2026-07-07 03:54:14,F2,3.5092,OK,0
2026-07-07 03:54:25,F2,3.5089,OK,0
2026-07-07 03:54:35,F2,3.5087,OK,0
2026-07-07 03:54:45,F2,3.5085,OK,0
2026-07-07 03:54:56,F2,3.5082,OK,0
2026-07-07 03:55:06,F2,3.5080,OK,0
2026-07-07 03:55:16,F2,3.5077,OK,0
2026-07-07 03:55:26,F2,3.5074,OK,0
2026-07-07 03:55:37,F2,3.5071,OK,0
2026-07-07 03:55:47,F2,3.5068,OK,0
2026-07-07 03:55:57,F2,3.5065,OK,0
2026-07-07 03:56:08,F2,3.5062,OK,0
2026-07-07 03:56:18,F2,3.5058,OK,0
2026-07-07 03:56:28,F2,3.5055,OK,0
2026-07-07 03:56:39,F2,3.5051,OK,0
2026-07-07 03:56:49,F2,3.5048,OK,1
2026-07-07 03:56:59,F2,3.5044,OK,1
2026-07-07 03:57:10,F2,3.5040,OK,0
2026-07-07 03:57:20,F2,3.5036,OK,0
2026-07-07 03:57:30,F2,3.5031,OK,0
2026-07-07 03:57:41,F2,3.5027,OK,0
2026-07-07 03:57:51,F2,3.5022,OK,0
2026-07-07 03:58:01,F2,3.5018,OK,0
2026-07-07 03:58:12,F2,3.5013,OK,0
2026-07-07 03:58:22,F2,3.5008,OK,0
2026-07-07 03:58:32,F2,3.5003,OK,0
2026-07-07 03:58:43,F2,3.4998,OK,0
2026-07-07 03:58:53,F2,3.4993,OK,0
2026-07-07 03:59:03,F2,3.4987,OK,0
2026-07-07 03:59:13,F2,3.4982,OK,0
2026-07-07 03:59:24,F2,3.4977,OK,0
2026-07-07 03:59:34,F2,3.4971,OK,0
2026-07-07 03:59:44,F2,3.4966,OK,0
2026-07-07 03:59:55,F2,3.4960,OK,0
2026-07-07 04:00:05,F2,3.4955,OK,0
2026-07-07 04:00:15,F2,3.4949,OK,0
2026-07-07 04:00:26,F2,3.4943,OK,0
2026-07-07 04:00:36,F2,3.4938,OK,0
2026-07-07 04:00:46,F2,3.4932,OK,0
2026-07-07 04:00:57,F2,3.4926,OK,0
2026-07-07 04:01:07,F2,3.4920,OK,0
2026-07-07 04:01:17,F2,3.4914,OK,0
2026-07-07 04:01:28,F2,3.4908,OK,0
2026-07-07 04:01:38,F2,3.4902,OK,0
2026-07-07 04:01:48,F2,3.4897,OK,0
2026-07-07 04:01:59,F2,3.4891,OK,0
2026-07-07 04:02:09,F2,3.4885,OK,0
2026-07-07 04:02:19,F2,3.4879,OK,0
2026-07-07 04:02:30,F2,3.4873,OK,0
2026-07-07 04:02:40,F2,3.4867,OK,0
2026-07-07 04:02:50,F2,3.4861,OK,0
2026-07-07 04:03:01,F2,3.4855,OK,0
2026-07-07 04:03:11,F2,3.4849,OK,0
2026-07-07 04:03:21,F2,3.4843,OK,0
2026-07-07 04:03:32,F2,3.4838,OK,0
2026-07-07 04:03:42,F2,3.4832,OK,0
2026-07-07 04:03:52,F2,3.4826,OK,0
2026-07-07 04:04:03,F2,3.4820,OK,0
2026-07-07 04:04:13,F2,3.4815,OK,0
2026-07-07 04:04:23,F2,3.4809,OK,0
2026-07-07 04:04:34,F2,3.4803,OK,0
2026-07-07 04:04:44,F2,3.4798,OK,0
2026-07-07 04:04:54,F2,3.4792,OK,1
2026-07-07 04:05:05,F2,3.4787,OK,1
2026-07-07 04:05:15,F2,3.4781,OK,1
2026-07-07 04:05:25,F2,3.4776,OK,0
2026-07-07 04:05:36,F2,3.4771,OK,0
2026-07-07 04:05:46,F2,3.4766,OK,0
2026-07-07 04:05:56,F2,3.4761,OK,0
2026-07-07 04:06:07,F2,3.4756,OK,0
2026-07-07 04:06:17,F2,3.4751,OK,0
2026-07-07 04:06:27,F2,3.4746,OK,0
2026-07-07 04:06:37,F2,3.4741,OK,0
2026-07-07 04:06:48,F2,3.4736,OK,0
2026-07-07 04:06:58,F2,3.4731,OK,0
2026-07-07 04:07:08,F2,3.4726,OK,0
2026-07-07 04:07:19,F2,3.4721,OK,0
2026-07-07 04:07:29,F2,3.4716,OK,0
2026-07-07 04:07:39,F2,3.4711,OK,0
2026-07-07 04:07:50,F2,3.4707,OK,0
2026-07-07 04:08:00,F2,3.4702,OK,0
2026-07-07 04:08:10,F2,3.4697,OK,0
2026-07-07 04:08:21,F2,3.4692,OK,0
2026-07-07 04:08:31,F2,3.4687,OK,0
2026-07-07 04:08:41,F2,3.4682,OK,0
2026-07-07 04:08:52,F2,3.4677,OK,0
2026-07-07 04:09:02,F2,3.4672,OK,0
2026-07-07 04:09:12,F2,3.4667,OK,0
2026-07-07 04:09:23,F2,3.4662,OK,0
2026-07-07 04:09:33,F2,3.4657,OK,0
2026-07-07 04:09:43,F2,3.4651,OK,0
2026-07-07 04:09:54,F2,3.4646,OK,0
2026-07-07 04:10:04,F2,3.4641,OK,0
2026-07-07 04:10:14,F2,3.4635,OK,0
2026-07-07 04:10:25,F2,3.4630,OK,0
2026-07-07 04:10:35,F2,3.4624,OK,0
2026-07-07 04:10:45,F2,3.4618,OK,0
2026-07-07 04:10:55,F2,3.4613,OK,0
2026-07-07 04:11:06,F2,3.4607,OK,0
2026-07-07 04:11:16,F2,3.4601,OK,0
2026-07-07 04:11:26,F2,3.4595,OK,0
2026-07-07 04:11:37,F2,3.4588,OK,0
2026-07-07 04:11:47,F2,3.4582,OK,0
2026-07-07 04:11:57,F2,3.4576,OK,0
2026-07-07 04:12:08,F2,3.4569,OK,0
2026-07-07 04:12:18,F2,3.4563,OK,0
2026-07-07 04:12:28,F2,3.4556,OK,0
2026-07-07 04:12:39,F2,3.4549,OK,0
2026-07-07 04:12:49,F2,3.4542,OK,0
2026-07-07 04:12:59,F2,3.4536,OK,0
2026-07-07 04:13:10,F2,3.4529,OK,0
2026-07-07 04:13:20,F2,3.4522,OK,0
2026-07-07 04:13:30,F2,3.4514,OK,0
2026-07-07 04:13:41,F2,3.4507,OK,0
2026-07-07 04:13:51,F2,3.4500,OK,0
2026-07-07 04:14:01,F2,3.4493,OK,0
2026-07-07 04:14:12,F2,3.4485,OK,0
2026-07-07 04:14:22,F2,3.4478,OK,0
2026-07-07 04:14:32,F2,3.4471,OK,0
2026-07-07 04:14:43,F2,3.4463,OK,0
2026-07-07 04:14:53,F2,3.4455,OK,0
2026-07-07 04:15:03,F2,3.4448,OK,0
2026-07-07 04:15:14,F2,3.4440,OK,0
2026-07-07 04:15:24,F2,3.4433,OK,0
2026-07-07 04:15:34,F2,3.4425,OK,0
2026-07-07 04:15:45,F2,3.4417,OK,0
2026-07-07 04:15:55,F2,3.4410,OK,0
2026-07-07 04:16:05,F2,3.4402,OK,0
2026-07-07 04:16:15,F2,3.4394,OK,0
2026-07-07 04:16:26,F2,3.4386,OK,0
2026-07-07 04:16:36,F2,3.4378,OK,0
2026-07-07 04:16:46,F2,3.4371,OK,0
2026-07-07 04:16:57,F2,3.4363,OK,0
2026-07-07 04:17:07,F2,3.4355,OK,0
2026-07-07 04:17:17,F2,3.4347,OK,0
2026-07-07 04:17:28,F2,3.4339,OK,0
2026-07-07 04:17:38,F2,3.4331,OK,0
2026-07-07 04:17:48,F2,3.4324,OK,0
2026-07-07 04:17:59,F2,3.4316,OK,0
2026-07-07 04:18:09,F2,3.4308,OK,0
2026-07-07 04:18:19,F2,3.4300,OK,0
2026-07-07 04:18:30,F2,3.4292,OK,0
2026-07-07 04:18:40,F2,3.4284,OK,0
2026-07-07 04:18:50,F2,3.4276,OK,0
2026-07-07 04:19:01,F2,3.4269,OK,0
2026-07-07 04:19:11,F2,3.4261,OK,0
2026-07-07 04:19:21,F2,3.4253,OK,0
2026-07-07 04:19:31,F2,3.4245,OK,0
2026-07-07 04:19:42,F2,3.4237,OK,0
2026-07-07 04:19:52,F2,3.4230,OK,0
2026-07-07 04:20:02,F2,3.4222,OK,0
2026-07-07 04:20:13,F2,3.4214,OK,0
2026-07-07 04:20:23,F2,3.4207,OK,0
2026-07-07 04:20:33,F2,3.4199,OK,0
2026-07-07 04:20:44,F2,3.4192,OK,0
2026-07-07 04:20:54,F2,3.4184,OK,0
2026-07-07 04:21:04,F2,3.4177,OK,1
2026-07-07 04:21:15,F2,3.4169,OK,0
2026-07-07 04:21:25,F2,3.4162,OK,0
2026-07-07 04:21:35,F2,3.4154,OK,0
2026-07-07 04:21:46,F2,3.4147,OK,0
2026-07-07 04:21:56,F2,3.4139,OK,0
2026-07-07 04:22:06,F2,3.4132,OK,0
2026-07-07 04:22:17,F2,3.4124,OK,0
2026-07-07 04:22:27,F2,3.4117,OK,0
2026-07-07 04:22:37,F2,3.4109,OK,0
2026-07-07 04:22:48,F2,3.4102,OK,0
2026-07-07 04:22:58,F2,3.4094,OK,0
2026-07-07 04:23:08,F2,3.4087,OK,0
2026-07-07 04:23:19,F2,3.4079,OK,0
2026-07-07 04:23:29,F2,3.4072,OK,0
2026-07-07 04:23:39,F2,3.4064,OK,0
2026-07-07 04:23:49,F2,3.4056,OK,0
2026-07-07 04:24:00,F2,3.4049,OK,0
2026-07-07 04:24:10,F2,3.4041,OK,0
2026-07-07 04:24:20,F2,3.4033,OK,0
2026-07-07 04:24:31,F2,3.4025,OK,0
2026-07-07 04:24:41,F2,3.4017,OK,0
2026-07-07 04:24:51,F2,3.4009,OK,0
2026-07-07 04:25:02,F2,3.4001,OK,0
2026-07-07 04:25:12,F2,3.3993,OK,0
2026-07-07 04:25:22,F2,3.3984,OK,0
2026-07-07 04:25:33,F2,3.3976,OK,0
2026-07-07 04:25:43,F2,3.3968,OK,0
2026-07-07 04:25:53,F2,3.3959,OK,0
2026-07-07 04:26:04,F2,3.3950,OK,0
2026-07-07 04:26:14,F2,3.3942,OK,0
2026-07-07 04:26:24,F2,3.3933,OK,0
2026-07-07 04:26:34,F2,3.3924,OK,0
2026-07-07 04:26:45,F2,3.3915,OK,0
2026-07-07 04:26:55,F2,3.3906,OK,0
2026-07-07 04:27:06,F2,3.3897,OK,0
2026-07-07 04:27:16,F2,3.3887,OK,0
2026-07-07 04:27:26,F2,3.3878,OK,0
2026-07-07 04:27:37,F2,3.3868,OK,0
2026-07-07 04:27:47,F2,3.3859,OK,1
2026-07-07 04:27:57,F2,3.3849,OK,0
2026-07-07 04:28:08,F2,3.3839,OK,0
2026-07-07 04:28:18,F2,3.3829,OK,0
2026-07-07 04:28:28,F2,3.3819,OK,0
2026-07-07 04:28:39,F2,3.3809,OK,0
2026-07-07 04:28:49,F2,3.3798,OK,0
2026-07-07 04:28:59,F2,3.3788,OK,0
2026-07-07 04:29:10,F2,3.3778,OK,0
2026-07-07 04:29:20,F2,3.3767,OK,0
2026-07-07 04:29:30,F2,3.3757,OK,0
2026-07-07 04:29:41,F2,3.3746,OK,0
2026-07-07 04:29:51,F2,3.3735,OK,0
2026-07-07 04:30:01,F2,3.3724,OK,0
2026-07-07 04:30:12,F2,3.3714,OK,0
2026-07-07 04:30:22,F2,3.3703,OK,0
2026-07-07 04:30:32,F2,3.3692,OK,0
2026-07-07 04:30:43,F2,3.3681,OK,0
2026-07-07 04:30:53,F2,3.3670,OK,0
2026-07-07 04:31:03,F2,3.3659,OK,0
2026-07-07 04:31:13,F2,3.3648,OK,0
2026-07-07 04:31:24,F2,3.3637,OK,0
2026-07-07 04:31:34,F2,3.3626,OK,0
2026-07-07 04:31:44,F2,3.3615,OK,0
2026-07-07 04:31:55,F2,3.3603,OK,0
2026-07-07 04:32:05,F2,3.3592,OK,0
2026-07-07 04:32:15,F2,3.3581,OK,0
2026-07-07 04:32:26,F2,3.3570,OK,0
2026-07-07 04:32:36,F2,3.3559,OK,0
2026-07-07 04:32:46,F2,3.3548,OK,0
2026-07-07 04:32:57,F2,3.3536,OK,0
2026-07-07 04:33:07,F2,3.3525,OK,0
2026-07-07 04:33:17,F2,3.3514,OK,0
2026-07-07 04:33:28,F2,3.3503,OK,0
2026-07-07 04:33:38,F2,3.3492,OK,0
2026-07-07 04:33:48,F2,3.3481,OK,0
2026-07-07 04:33:59,F2,3.3470,OK,0
2026-07-07 04:34:09,F2,3.3458,OK,0
2026-07-07 04:34:19,F2,3.3447,OK,0
2026-07-07 04:34:30,F2,3.3436,OK,0
2026-07-07 04:34:40,F2,3.3425,OK,1
2026-07-07 04:34:50,F2,3.3414,OK,1
2026-07-07 04:35:00,F2,3.3403,OK,1
2026-07-07 04:35:11,F2,3.3392,OK,0
2026-07-07 04:35:21,F2,3.3381,OK,0
2026-07-07 04:35:31,F2,3.3370,OK,0
2026-07-07 04:35:42,F2,3.3359,OK,0
2026-07-07 04:35:52,F2,3.3348,OK,0
2026-07-07 04:36:02,F2,3.3337,OK,0
2026-07-07 04:36:13,F2,3.3326,OK,0
2026-07-07 04:36:23,F2,3.3315,OK,0
2026-07-07 04:36:33,F2,3.3304,OK,0
2026-07-07 04:36:44,F2,3.3293,OK,0
2026-07-07 04:36:54,F2,3.3282,OK,0
2026-07-07 04:37:04,F2,3.3271,OK,0
2026-07-07 04:37:15,F2,3.3260,OK,0
2026-07-07 04:37:25,F2,3.3249,OK,0
2026-07-07 04:37:35,F2,3.3237,OK,0
2026-07-07 04:37:46,F2,3.3226,OK,0
2026-07-07 04:37:56,F2,3.3214,OK,0
2026-07-07 04:38:06,F2,3.3203,OK,0
2026-07-07 04:38:17,F2,3.3191,OK,0
2026-07-07 04:38:27,F2,3.3180,OK,0
2026-07-07 04:38:37,F2,3.3168,OK,0
2026-07-07 04:38:48,F2,3.3156,OK,0
2026-07-07 04:38:58,F2,3.3144,OK,0
2026-07-07 04:39:08,F2,3.3132,OK,0
2026-07-07 04:39:19,F2,3.3120,OK,0
2026-07-07 04:39:29,F2,3.3108,OK,0
2026-07-07 04:39:39,F2,3.3096,OK,0
2026-07-07 04:39:50,F2,3.3083,OK,0
2026-07-07 04:40:00,F2,3.3071,OK,0
2026-07-07 04:40:10,F2,3.3058,OK,0
2026-07-07 04:40:20,F2,3.3045,OK,0
2026-07-07 04:40:31,F2,3.3033,OK,0
2026-07-07 04:40:41,F2,3.3020,OK,0
2026-07-07 04:40:51,F2,3.3007,OK,0
2026-07-07 04:41:02,F2,3.2993,OK,0
2026-07-07 04:41:12,F2,3.2980,OK,0
2026-07-07 04:41:22,F2,3.2967,OK,0
2026-07-07 04:41:33,F2,3.2953,OK,0
2026-07-07 04:41:43,F2,3.2940,OK,0
2026-07-07 04:41:53,F2,3.2926,OK,0
2026-07-07 04:42:04,F2,3.2912,OK,0
2026-07-07 04:42:14,F2,3.2898,OK,0
2026-07-07 04:42:24,F2,3.2884,OK,0
2026-07-07 04:42:35,F2,3.2870,OK,0
2026-07-07 04:42:45,F2,3.2856,OK,0
2026-07-07 04:42:55,F2,3.2842,OK,0
2026-07-07 04:43:06,F2,3.2827,OK,0
2026-07-07 04:43:16,F2,3.2813,OK,0
2026-07-07 04:43:26,F2,3.2798,OK,0
2026-07-07 04:43:37,F2,3.2784,OK,0
2026-07-07 04:43:47,F2,3.2769,OK,0
2026-07-07 04:43:57,F2,3.2755,OK,0
2026-07-07 04:44:08,F2,3.2740,OK,0
2026-07-07 04:44:18,F2,3.2725,OK,0
2026-07-07 04:44:28,F2,3.2710,OK,0
2026-07-07 04:44:39,F2,3.2696,OK,0
2026-07-07 04:44:49,F2,3.2681,OK,0
2026-07-07 04:44:59,F2,3.2666,OK,0
2026-07-07 04:45:10,F2,3.2651,OK,0
2026-07-07 04:45:20,F2,3.2636,OK,0
2026-07-07 04:45:30,F2,3.2621,OK,0
2026-07-07 04:45:41,F2,3.2606,OK,0
2026-07-07 04:45:51,F2,3.2591,OK,0
2026-07-07 04:46:01,F2,3.2576,OK,0
2026-07-07 04:46:11,F2,3.2561,OK,0
2026-07-07 04:46:22,F2,3.2546,OK,0
2026-07-07 04:46:32,F2,3.2531,OK,0
2026-07-07 04:46:42,F2,3.2516,OK,0
2026-07-07 04:46:53,F2,3.2502,OK,0
2026-07-07 04:47:03,F2,3.2487,OK,0
2026-07-07 04:47:13,F2,3.2472,OK,0
2026-07-07 04:47:24,F2,3.2457,OK,0
2026-07-07 04:47:34,F2,3.2442,OK,0
2026-07-07 04:47:44,F2,3.2427,OK,0
2026-07-07 04:47:55,F2,3.2413,OK,0
2026-07-07 04:48:05,F2,3.2398,OK,0
2026-07-07 04:48:15,F2,3.2383,OK,0
2026-07-07 04:48:26,F2,3.2369,OK,0
2026-07-07 04:48:36,F2,3.2354,OK,0
2026-07-07 04:48:46,F2,3.2339,OK,0
2026-07-07 04:48:57,F2,3.2325,OK,0
2026-07-07 04:49:07,F2,3.2310,OK,0
2026-07-07 04:49:17,F2,3.2296,OK,0
2026-07-07 04:49:28,F2,3.2282,OK,0
2026-07-07 04:49:38,F2,3.2267,OK,0
2026-07-07 04:49:48,F2,3.2253,OK,0
2026-07-07 04:49:59,F2,3.2239,OK,0
2026-07-07 04:50:09,F2,3.2225,OK,0
2026-07-07 04:50:19,F2,3.2210,OK,0
2026-07-07 04:50:30,F2,3.2196,OK,0
2026-07-07 04:50:40,F2,3.2182,OK,0
2026-07-07 04:50:50,F2,3.2168,OK,0
2026-07-07 04:51:01,F2,3.2154,OK,0
2026-07-07 04:51:11,F2,3.2140,OK,0
2026-07-07 04:51:21,F2,3.2126,OK,0
2026-07-07 04:51:32,F2,3.2112,OK,0
2026-07-07 04:51:42,F2,3.2098,OK,0
2026-07-07 04:51:52,F2,3.2084,OK,0
2026-07-07 04:52:02,F2,3.2069,OK,0
2026-07-07 04:52:13,F2,3.2055,OK,0
2026-07-07 04:52:23,F2,3.2041,OK,0
2026-07-07 04:52:33,F2,3.2027,OK,0
2026-07-07 04:52:44,F2,3.2013,OK,0
2026-07-07 04:52:54,F2,3.1999,OK,0
2026-07-07 04:53:04,F2,3.1985,OK,0
2026-07-07 04:53:15,F2,3.1970,OK,0
2026-07-07 04:53:25,F2,3.1956,OK,0
2026-07-07 04:53:35,F2,3.1942,OK,0
2026-07-07 04:53:46,F2,3.1927,OK,0
2026-07-07 04:53:56,F2,3.1913,OK,0
2026-07-07 04:54:06,F2,3.1899,OK,0
2026-07-07 04:54:17,F2,3.1884,OK,0
2026-07-07 04:54:27,F2,3.1870,OK,0
2026-07-07 04:54:37,F2,3.1855,OK,0
2026-07-07 04:54:48,F2,3.1840,OK,0
2026-07-07 04:54:58,F2,3.1826,OK,0
2026-07-07 04:55:08,F2,3.1811,OK,0
2026-07-07 04:55:18,F2,3.1796,OK,0
2026-07-07 04:55:29,F2,3.1781,OK,0
2026-07-07 04:55:39,F2,3.1767,OK,0
2026-07-07 04:55:49,F2,3.1752,OK,0
2026-07-07 04:56:00,F2,3.1737,OK,1
2026-07-07 04:56:10,F2,3.1721,OK,0
2026-07-07 04:56:20,F2,3.1706,OK,0
2026-07-07 04:56:31,F2,3.1691,OK,0
2026-07-07 04:56:41,F2,3.1676,OK,0
2026-07-07 04:56:51,F2,3.1660,OK,0
2026-07-07 04:57:02,F2,3.1645,OK,0
2026-07-07 04:57:12,F2,3.1629,OK,0
2026-07-07 04:57:22,F2,3.1614,OK,0
2026-07-07 04:57:33,F2,3.1598,OK,0
2026-07-07 04:57:43,F2,3.1583,OK,0
2026-07-07 04:57:53,F2,3.1567,OK,0
2026-07-07 04:58:03,F2,3.1551,OK,0
2026-07-07 04:58:14,F2,3.1535,OK,0
2026-07-07 04:58:24,F2,3.1520,OK,0
2026-07-07 04:58:34,F2,3.1504,OK,0
2026-07-07 04:58:45,F2,3.1488,OK,0
2026-07-07 04:58:55,F2,3.1472,OK,0
2026-07-07 04:59:05,F2,3.1456,OK,0
2026-07-07 04:59:16,F2,3.1440,OK,0
2026-07-07 04:59:26,F2,3.1425,OK,0
2026-07-07 04:59:36,F2,3.1409,OK,0
2026-07-07 04:59:47,F2,3.1393,OK,0
2026-07-07 04:59:57,F2,3.1377,OK,0
2026-07-07 05:00:07,F2,3.1361,OK,0
2026-07-07 05:00:18,F2,3.1345,OK,0
2026-07-07 05:00:28,F2,3.1330,OK,0
2026-07-07 05:00:38,F2,3.1314,OK,0
2026-07-07 05:00:49,F2,3.1298,OK,0
2026-07-07 05:00:59,F2,3.1282,OK,0
2026-07-07 05:01:09,F2,3.1267,OK,0
2026-07-07 05:01:20,F2,3.1251,OK,0
2026-07-07 05:01:30,F2,3.1236,OK,0
2026-07-07 05:01:40,F2,3.1220,OK,0
2026-07-07 05:01:51,F2,3.1205,OK,0
2026-07-07 05:02:01,F2,3.1189,OK,0
2026-07-07 05:02:11,F2,3.1174,OK,0
2026-07-07 05:02:22,F2,3.1158,OK,0
2026-07-07 05:02:32,F2,3.1143,OK,0
2026-07-07 05:02:42,F2,3.1128,OK,0
2026-07-07 05:02:53,F2,3.1113,OK,0
2026-07-07 05:03:03,F2,3.1098,OK,0
2026-07-07 05:03:13,F2,3.1083,OK,0
2026-07-07 05:03:24,F2,3.1068,OK,0
2026-07-07 05:03:34,F2,3.1053,OK,0
2026-07-07 05:03:44,F2,3.1038,OK,0
2026-07-07 05:03:54,F2,3.1023,OK,0
2026-07-07 05:04:05,F2,3.1009,OK,0
2026-07-07 05:04:15,F2,3.0994,OK,0
2026-07-07 05:04:25,F2,3.0980,OK,1
2026-07-07 05:04:36,F2,3.0965,OK,1
2026-07-07 05:04:46,F2,3.0951,OK,1
2026-07-07 05:04:56,F2,3.0937,OK,0
2026-07-07 05:05:07,F2,3.0922,OK,0
2026-07-07 05:05:17,F2,3.0908,OK,0
2026-07-07 05:05:27,F2,3.0894,OK,0
2026-07-07 05:05:38,F2,3.0880,OK,0
2026-07-07 05:05:48,F2,3.0867,OK,0
2026-07-07 05:05:58,F2,3.0853,OK,0
2026-07-07 05:06:09,F2,3.0839,OK,0
2026-07-07 05:06:19,F2,3.0825,OK,0
2026-07-07 05:06:29,F2,3.0812,OK,0
2026-07-07 05:06:40,F2,3.0798,OK,0
2026-07-07 05:06:50,F2,3.0784,OK,0
2026-07-07 05:07:00,F2,3.0771,OK,0
2026-07-07 05:07:11,F2,3.0757,OK,0
2026-07-07 05:07:21,F2,3.0744,OK,0
2026-07-07 05:07:31,F2,3.0731,OK,0
2026-07-07 05:07:42,F2,3.0717,OK,0
2026-07-07 05:07:52,F2,3.0704,OK,0
2026-07-07 05:08:02,F2,3.0690,OK,0
2026-07-07 05:08:13,F2,3.0677,OK,0
2026-07-07 05:08:23,F2,3.0664,OK,0
2026-07-07 05:08:33,F2,3.0650,OK,0
2026-07-07 05:08:44,F2,3.0637,OK,0
2026-07-07 05:08:54,F2,3.0624,OK,0
2026-07-07 05:09:04,F2,3.0610,OK,0
2026-07-07 05:09:14,F2,3.0597,OK,0
2026-07-07 05:09:25,F2,3.0584,OK,0
2026-07-07 05:09:35,F2,3.0570,OK,0
2026-07-07 05:09:45,F2,3.0557,OK,0
2026-07-07 05:09:56,F2,3.0543,OK,0
2026-07-07 05:10:06,F2,3.0530,OK,0
2026-07-07 05:10:16,F2,3.0516,OK,0
2026-07-07 05:10:27,F2,3.0503,OK,0
2026-07-07 05:10:37,F2,3.0489,OK,0
2026-07-07 05:10:47,F2,3.0476,OK,0
2026-07-07 05:10:58,F2,3.0462,OK,0
2026-07-07 05:11:08,F2,3.0448,OK,0
2026-07-07 05:11:18,F2,3.0434,OK,0
2026-07-07 05:11:29,F2,3.0420,OK,0
2026-07-07 05:11:39,F2,3.0407,OK,0
2026-07-07 05:11:49,F2,3.0393,OK,0
2026-07-07 05:12:00,F2,3.0379,OK,0
2026-07-07 05:12:10,F2,3.0365,OK,0
2026-07-07 05:12:20,F2,3.0351,OK,0
2026-07-07 05:12:31,F2,3.0337,OK,0
2026-07-07 05:12:41,F2,3.0323,OK,0
2026-07-07 05:12:51,F2,3.0309,OK,0
2026-07-07 05:13:02,F2,3.0295,OK,0
2026-07-07 05:13:12,F2,3.0280,OK,0
2026-07-07 05:13:22,F2,3.0266,OK,0
2026-07-07 05:13:33,F2,3.0252,OK,0
2026-07-07 05:13:43,F2,3.0238,OK,0
2026-07-07 05:13:53,F2,3.0224,OK,0
2026-07-07 05:14:03,F2,3.0210,OK,0
2026-07-07 05:14:14,F2,3.0196,OK,0
2026-07-07 05:14:24,F2,3.0182,OK,0
2026-07-07 05:14:34,F2,3.0168,OK,0
2026-07-07 05:14:45,F2,3.0154,OK,0
2026-07-07 05:14:55,F2,3.0140,OK,0
2026-07-07 05:15:05,F2,3.0126,OK,0
2026-07-07 05:15:16,F2,3.0112,OK,0
2026-07-07 05:15:26,F2,3.0099,OK,0
2026-07-07 05:15:36,F2,3.0085,OK,0
2026-07-07 05:15:47,F2,3.0071,OK,0
2026-07-07 05:15:57,F2,3.0057,OK,0
2026-07-07 05:16:07,F2,3.0044,OK,0
2026-07-07 05:16:18,F2,3.0030,OK,0
2026-07-07 05:16:28,F2,3.0017,OK,0
2026-07-07 05:16:38,F2,3.0003,OK,0
2026-07-07 05:16:49,F2,2.9990,OK,0
2026-07-07 05:16:59,F2,2.9976,OK,0
2026-07-07 05:17:09,F2,2.9963,OK,0
2026-07-07 05:17:19,F2,2.9950,OK,0
2026-07-07 05:17:30,F2,2.9937,OK,0
2026-07-07 05:17:40,F2,2.9924,OK,0
2026-07-07 05:17:50,F2,2.9911,OK,0
2026-07-07 05:18:01,F2,2.9898,OK,0
2026-07-07 05:18:11,F2,2.9885,OK,0
2026-07-07 05:18:21,F2,2.9872,OK,0
2026-07-07 05:18:32,F2,2.9859,OK,0
2026-07-07 05:18:42,F2,2.9846,OK,0
2026-07-07 05:18:52,F2,2.9834,OK,0
2026-07-07 05:19:03,F2,2.9821,OK,0
2026-07-07 05:19:13,F2,2.9809,OK,0
2026-07-07 05:19:23,F2,2.9796,OK,0
2026-07-07 05:19:34,F2,2.9784,OK,0
2026-07-07 05:19:44,F2,2.9772,OK,0
2026-07-07 05:19:54,F2,2.9760,OK,0
2026-07-07 05:20:05,F2,2.9747,OK,0
2026-07-07 05:20:15,F2,2.9735,OK,1
2026-07-07 05:20:25,F2,2.9724,OK,0
2026-07-07 05:20:36,F2,2.9712,OK,0
2026-07-07 05:20:46,F2,2.9700,OK,0
2026-07-07 05:20:56,F2,2.9688,OK,0
2026-07-07 05:21:07,F2,2.9676,OK,0
2026-07-07 05:21:17,F2,2.9665,OK,0
2026-07-07 05:21:27,F2,2.9653,OK,0
2026-07-07 05:21:38,F2,2.9642,OK,0
2026-07-07 05:21:48,F2,2.9630,OK,0
2026-07-07 05:21:58,F2,2.9619,OK,0
2026-07-07 05:22:09,F2,2.9607,OK,0
2026-07-07 05:22:19,F2,2.9596,OK,0
2026-07-07 05:22:29,F2,2.9585,OK,0
2026-07-07 05:22:40,F2,2.9573,OK,0
2026-07-07 05:22:50,F2,2.9562,OK,0
2026-07-07 05:23:00,F2,2.9551,OK,0
2026-07-07 05:23:11,F2,2.9539,OK,0
2026-07-07 05:23:21,F2,2.9528,OK,0
2026-07-07 05:23:31,F2,2.9517,OK,0
2026-07-07 05:23:41,F2,2.9506,OK,0
2026-07-07 05:23:52,F2,2.9494,OK,0
2026-07-07 05:24:02,F2,2.9483,OK,0
2026-07-07 05:24:12,F2,2.9472,OK,0
2026-07-07 05:24:23,F2,2.9460,OK,0
2026-07-07 05:24:33,F2,2.9449,OK,0
2026-07-07 05:24:43,F2,2.9438,OK,0
2026-07-07 05:24:54,F2,2.9427,OK,0
2026-07-07 05:25:04,F2,2.9415,OK,0
2026-07-07 05:25:14,F2,2.9404,OK,0
2026-07-07 05:25:25,F2,2.9392,OK,0
2026-07-07 05:25:35,F2,2.9381,OK,0
2026-07-07 05:25:45,F2,2.9369,OK,0
2026-07-07 05:25:56,F2,2.9358,OK,0
2026-07-07 05:26:06,F2,2.9346,OK,0
2026-07-07 05:26:16,F2,2.9335,OK,0
2026-07-07 05:26:27,F2,2.9323,OK,0
2026-07-07 05:26:37,F2,2.9312,OK,0
2026-07-07 05:26:47,F2,2.9300,OK,0
2026-07-07 05:26:57,F2,2.9288,OK,0
2026-07-07 05:27:08,F2,2.9277,OK,0
2026-07-07 05:27:18,F2,2.9265,OK,0
2026-07-07 05:27:28,F2,2.9253,OK,0
2026-07-07 05:27:39,F2,2.9242,OK,0
2026-07-07 05:27:49,F2,2.9230,OK,0
2026-07-07 05:27:59,F2,2.9218,OK,0
2026-07-07 05:28:10,F2,2.9207,OK,0
2026-07-07 05:28:20,F2,2.9195,OK,0
2026-07-07 05:28:30,F2,2.9184,OK,0
2026-07-07 05:28:41,F2,2.9172,OK,0
2026-07-07 05:28:51,F2,2.9160,OK,0
2026-07-07 05:29:01,F2,2.9149,OK,0
2026-07-07 05:29:12,F2,2.9138,OK,0
2026-07-07 05:29:22,F2,2.9126,OK,0
2026-07-07 05:29:32,F2,2.9115,OK,0
2026-07-07 05:29:43,F2,2.9104,OK,0
2026-07-07 05:29:53,F2,2.9092,OK,0
2026-07-07 05:30:03,F2,2.9081,OK,0
2026-07-07 05:30:14,F2,2.9070,OK,0
2026-07-07 05:30:24,F2,2.9059,OK,0
2026-07-07 05:30:34,F2,2.9048,OK,0
2026-07-07 05:30:44,F2,2.9037,OK,0
2026-07-07 05:30:55,F2,2.9026,OK,0
2026-07-07 05:31:05,F2,2.9015,OK,0
2026-07-07 05:31:15,F2,2.9004,OK,0
2026-07-07 05:31:26,F2,2.8994,OK,0
2026-07-07 05:31:36,F2,2.8983,OK,0
2026-07-07 05:31:46,F2,2.8972,OK,0
2026-07-07 05:31:57,F2,2.8962,OK,0
2026-07-07 05:32:07,F2,2.8951,OK,0
2026-07-07 05:32:17,F2,2.8941,OK,0
2026-07-07 05:32:28,F2,2.8931,OK,0
2026-07-07 05:32:38,F2,2.8920,OK,0
2026-07-07 05:32:48,F2,2.8910,OK,0
2026-07-07 05:32:59,F2,2.8900,OK,0
2026-07-07 05:33:09,F2,2.8890,OK,0
2026-07-07 05:33:19,F2,2.8880,OK,0
2026-07-07 05:33:30,F2,2.8870,OK,0
2026-07-07 05:33:40,F2,2.8861,OK,0
2026-07-07 05:33:50,F2,2.8851,OK,0
2026-07-07 05:34:01,F2,2.8841,OK,0
2026-07-07 05:34:11,F2,2.8832,OK,0
2026-07-07 05:34:21,F2,2.8823,OK,0
2026-07-07 05:34:31,F2,2.8813,OK,0
2026-07-07 05:34:42,F2,2.8804,OK,0
2026-07-07 05:34:52,F2,2.8795,OK,0
2026-07-07 05:35:02,F2,2.8786,OK,0
2026-07-07 05:35:13,F2,2.8777,OK,0
2026-07-07 05:35:23,F2,2.8768,OK,0
2026-07-07 05:35:33,F2,2.8759,OK,0
2026-07-07 05:35:44,F2,2.8751,OK,0
2026-07-07 05:35:54,F2,2.8742,OK,0
2026-07-07 05:36:04,F2,2.8733,OK,0
2026-07-07 05:36:15,F2,2.8725,OK,0
2026-07-07 05:36:25,F2,2.8716,OK,0
2026-07-07 05:36:35,F2,2.8708,OK,0
2026-07-07 05:36:46,F2,2.8699,OK,0
2026-07-07 05:36:56,F2,2.8691,OK,0
2026-07-07 05:37:06,F2,2.8682,OK,0
2026-07-07 05:37:17,F2,2.8674,OK,0
2026-07-07 05:37:27,F2,2.8666,OK,0
2026-07-07 05:37:37,F2,2.8657,OK,0
2026-07-07 05:37:47,F2,2.8649,OK,0
2026-07-07 05:37:58,F2,2.8641,OK,0
2026-07-07 05:38:08,F2,2.8632,OK,0
2026-07-07 05:38:18,F2,2.8624,OK,0
2026-07-07 05:38:29,F2,2.8616,OK,0
2026-07-07 05:38:39,F2,2.8608,OK,0
2026-07-07 05:38:49,F2,2.8599,OK,0
2026-07-07 05:39:00,F2,2.8591,OK,0
2026-07-07 05:39:10,F2,2.8583,OK,0
2026-07-07 05:39:20,F2,2.8574,OK,0
2026-07-07 05:39:31,F2,2.8566,OK,0
2026-07-07 05:39:41,F2,2.8558,OK,0
2026-07-07 05:39:51,F2,2.8549,OK,0
2026-07-07 05:40:02,F2,2.8541,OK,0
2026-07-07 05:40:12,F2,2.8532,OK,0
2026-07-07 05:40:22,F2,2.8524,OK,0
2026-07-07 05:40:33,F2,2.8515,OK,0
2026-07-07 05:40:43,F2,2.8507,OK,0
2026-07-07 05:40:53,F2,2.8498,OK,0
2026-07-07 05:41:03,F2,2.8489,OK,0
2026-07-07 05:41:14,F2,2.8481,OK,0
2026-07-07 05:41:24,F2,2.8472,OK,0
2026-07-07 05:41:34,F2,2.8463,OK,0
2026-07-07 05:41:45,F2,2.8455,OK,0
2026-07-07 05:41:55,F2,2.8446,OK,0
2026-07-07 05:42:05,F2,2.8437,OK,0
2026-07-07 05:42:16,F2,2.8428,OK,0
2026-07-07 05:42:26,F2,2.8420,OK,0
2026-07-07 05:42:36,F2,2.8411,OK,0
2026-07-07 05:42:47,F2,2.8402,OK,0
2026-07-07 05:42:57,F2,2.8393,OK,0
2026-07-07 05:43:07,F2,2.8385,OK,0
2026-07-07 05:43:18,F2,2.8376,OK,0
2026-07-07 05:43:28,F2,2.8367,OK,0
2026-07-07 05:43:38,F2,2.8359,OK,0
2026-07-07 05:43:49,F2,2.8350,OK,0
2026-07-07 05:43:59,F2,2.8341,OK,0
2026-07-07 05:44:09,F2,2.8333,OK,0
2026-07-07 05:44:20,F2,2.8324,OK,0
2026-07-07 05:44:30,F2,2.8316,OK,0
2026-07-07 05:44:40,F2,2.8307,OK,0
2026-07-07 05:44:51,F2,2.8299,OK,0
2026-07-07 05:45:01,F2,2.8290,OK,0
2026-07-07 05:45:12,F2,2.8282,OK,0
2026-07-07 05:45:22,F2,2.8274,OK,0
2026-07-07 05:45:32,F2,2.8265,OK,0
2026-07-07 05:45:43,F2,2.8257,OK,0
2026-07-07 05:45:53,F2,2.8249,OK,0
2026-07-07 05:46:03,F2,2.8241,OK,0
2026-07-07 05:46:13,F2,2.8232,OK,0
2026-07-07 05:46:24,F2,2.8224,OK,0
2026-07-07 05:46:34,F2,2.8216,OK,0
2026-07-07 05:46:44,F2,2.8208,OK,0
2026-07-07 05:46:55,F2,2.8200,OK,0
2026-07-07 05:47:05,F2,2.8192,OK,0
2026-07-07 05:47:15,F2,2.8184,OK,0
2026-07-07 05:47:26,F2,2.8176,OK,0
2026-07-07 05:47:36,F2,2.8169,OK,0
2026-07-07 05:47:46,F2,2.8161,OK,0
2026-07-07 05:47:57,F2,2.8153,OK,0
2026-07-07 05:48:07,F2,2.8146,OK,0
2026-07-07 05:48:17,F2,2.8138,OK,0
2026-07-07 05:48:28,F2,2.8131,OK,0
2026-07-07 05:48:38,F2,2.8123,OK,0
2026-07-07 05:48:48,F2,2.8116,OK,0
2026-07-07 05:48:59,F2,2.8109,OK,0
2026-07-07 05:49:09,F2,2.8102,OK,0
2026-07-07 05:49:19,F2,2.8094,OK,0
2026-07-07 05:49:30,F2,2.8087,OK,0
2026-07-07 05:49:40,F2,2.8081,OK,0
2026-07-07 05:49:50,F2,2.8074,OK,0
2026-07-07 05:50:01,F2,2.8067,OK,0
2026-07-07 05:50:11,F2,2.8060,OK,0
2026-07-07 05:50:21,F2,2.8054,OK,0
2026-07-07 05:50:32,F2,2.8047,OK,0
2026-07-07 05:50:42,F2,2.8041,OK,0
2026-07-07 05:50:52,F2,2.8034,OK,0
2026-07-07 05:51:02,F2,2.8028,OK,0
2026-07-07 05:51:13,F2,2.8021,OK,0
2026-07-07 05:51:23,F2,2.8015,OK,0
2026-07-07 05:51:33,F2,2.8009,OK,0
2026-07-07 05:51:44,F2,2.8003,OK,0
2026-07-07 05:51:54,F2,2.7997,OK,0
2026-07-07 05:52:04,F2,2.7991,OK,0
2026-07-07 05:52:15,F2,2.7984,OK,0
2026-07-07 05:52:25,F2,2.7978,OK,0
2026-07-07 05:52:35,F2,2.7972,OK,0
2026-07-07 05:52:46,F2,2.7966,OK,0
2026-07-07 05:52:56,F2,2.7960,OK,0
2026-07-07 05:53:06,F2,2.7954,OK,0
2026-07-07 05:53:17,F2,2.7948,OK,0
2026-07-07 05:53:27,F2,2.7942,OK,0
2026-07-07 05:53:37,F2,2.7936,OK,0
2026-07-07 05:53:48,F2,2.7930,OK,0
2026-07-07 05:53:58,F2,2.7924,OK,0
2026-07-07 05:54:08,F2,2.7918,OK,0
2026-07-07 05:54:19,F2,2.7912,OK,0
2026-07-07 05:54:29,F2,2.7906,OK,0
2026-07-07 05:54:39,F2,2.7900,OK,0
2026-07-07 05:54:50,F2,2.7894,OK,0
2026-07-07 05:55:00,F2,2.7888,OK,0
2026-07-07 05:55:10,F2,2.7882,OK,0
2026-07-07 05:55:20,F2,2.7876,OK,0
2026-07-07 05:55:31,F2,2.7869,OK,0
2026-07-07 05:55:41,F2,2.7863,OK,0
2026-07-07 05:55:52,F2,2.7857,OK,0
2026-07-07 05:56:02,F2,2.7851,OK,0
2026-07-07 05:56:12,F2,2.7844,OK,0
2026-07-07 05:56:22,F2,2.7838,OK,0
2026-07-07 05:56:33,F2,2.7832,OK,0
2026-07-07 05:56:43,F2,2.7825,OK,0
2026-07-07 05:56:53,F2,2.7819,OK,0
2026-07-07 05:57:04,F2,2.7812,OK,0
2026-07-07 05:57:14,F2,2.7805,OK,0
2026-07-07 05:57:24,F2,2.7799,OK,0
2026-07-07 05:57:35,F2,2.7792,OK,0
2026-07-07 05:57:45,F2,2.7785,OK,0
2026-07-07 05:57:55,F2,2.7778,OK,0
2026-07-07 05:58:06,F2,2.7772,OK,0
2026-07-07 05:58:16,F2,2.7765,OK,0
2026-07-07 05:58:26,F2,2.7758,OK,0
2026-07-07 05:58:37,F2,2.7751,OK,0
2026-07-07 05:58:47,F2,2.7744,OK,0
2026-07-07 05:58:57,F2,2.7737,OK,0
2026-07-07 05:59:08,F2,2.7730,OK,0
2026-07-07 05:59:18,F2,2.7723,OK,0
2026-07-07 05:59:28,F2,2.7716,OK,0
2026-07-07 05:59:39,F2,2.7709,OK,0
2026-07-07 05:59:49,F2,2.7702,OK,0
2026-07-07 05:59:59,F2,2.7695,OK,0
2026-07-07 06:00:10,F2,2.7688,OK,0
2026-07-07 06:00:20,F2,2.7681,OK,0
2026-07-07 06:00:30,F2,2.7674,OK,0
2026-07-07 06:00:41,F2,2.7667,OK,0
2026-07-07 06:00:51,F2,2.7660,OK,0
2026-07-07 06:01:01,F2,2.7653,OK,0
2026-07-07 06:01:11,F2,2.7646,OK,0
2026-07-07 06:01:22,F2,2.7639,OK,0
2026-07-07 06:01:32,F2,2.7632,OK,0
2026-07-07 06:01:43,F2,2.7625,OK,0
2026-07-07 06:01:53,F2,2.7618,OK,0
2026-07-07 06:02:03,F2,2.7611,OK,0
2026-07-07 06:02:14,F2,2.7604,OK,0
2026-07-07 06:02:24,F2,2.7598,OK,0
2026-07-07 06:02:34,F2,2.7591,OK,0
2026-07-07 06:02:45,F2,2.7584,OK,0
2026-07-07 06:02:55,F2,2.7578,OK,0
2026-07-07 06:03:05,F2,2.7571,OK,0
2026-07-07 06:03:15,F2,2.7564,OK,0
2026-07-07 06:03:26,F2,2.7558,OK,0
2026-07-07 06:03:36,F2,2.7551,OK,0
2026-07-07 06:03:46,F2,2.7545,OK,0
2026-07-07 06:03:57,F2,2.7539,OK,0
2026-07-07 06:04:07,F2,2.7532,OK,0
2026-07-07 06:04:17,F2,2.7526,OK,0
2026-07-07 06:04:28,F2,2.7520,OK,0
2026-07-07 06:04:38,F2,2.7514,OK,0
2026-07-07 06:04:48,F2,2.7508,OK,0
2026-07-07 06:04:59,F2,2.7502,OK,0
2026-07-07 06:05:09,F2,2.7496,OK,0
2026-07-07 06:05:19,F2,2.7490,OK,0
2026-07-07 06:05:30,F2,2.7484,OK,0
2026-07-07 06:05:40,F2,2.7478,OK,0
2026-07-07 06:05:50,F2,2.7473,OK,0
2026-07-07 06:06:01,F2,2.7467,OK,0
2026-07-07 06:06:11,F2,2.7461,OK,0
2026-07-07 06:06:21,F2,2.7456,OK,0
2026-07-07 06:06:32,F2,2.7450,OK,0
2026-07-07 06:06:42,F2,2.7445,OK,0
2026-07-07 06:06:52,F2,2.7439,OK,0
2026-07-07 06:07:03,F2,2.7434,OK,0
2026-07-07 06:07:13,F2,2.7429,OK,0
2026-07-07 06:07:23,F2,2.7423,OK,0
2026-07-07 06:07:33,F2,2.7418,OK,0
2026-07-07 06:07:44,F2,2.7413,OK,0
2026-07-07 06:07:54,F2,2.7408,OK,0
2026-07-07 06:08:04,F2,2.7402,OK,0
2026-07-07 06:08:15,F2,2.7397,OK,0
2026-07-07 06:08:25,F2,2.7392,OK,0
2026-07-07 06:08:36,F2,2.7387,OK,0
2026-07-07 06:08:46,F2,2.7381,OK,0
2026-07-07 06:08:56,F2,2.7376,OK,0
2026-07-07 06:09:07,F2,2.7371,OK,0
2026-07-07 06:09:17,F2,2.7366,OK,0
2026-07-07 06:09:27,F2,2.7360,OK,0
2026-07-07 06:09:37,F2,2.7355,OK,0
2026-07-07 06:09:48,F2,2.7350,OK,0
2026-07-07 06:09:58,F2,2.7344,OK,0
2026-07-07 06:10:08,F2,2.7339,OK,0
2026-07-07 06:10:19,F2,2.7334,OK,0
2026-07-07 06:10:29,F2,2.7328,OK,0
2026-07-07 06:10:40,F2,2.7323,OK,0
2026-07-07 06:10:50,F2,2.7317,OK,0
2026-07-07 06:11:00,F2,2.7312,OK,0
2026-07-07 06:11:11,F2,2.7306,OK,0
2026-07-07 06:11:21,F2,2.7301,OK,0
2026-07-07 06:11:31,F2,2.7295,OK,0
2026-07-07 06:11:41,F2,2.7289,OK,0
2026-07-07 06:11:52,F2,2.7283,OK,0
2026-07-07 06:12:02,F2,2.7278,OK,0
2026-07-07 06:12:12,F2,2.7272,OK,0
2026-07-07 06:12:23,F2,2.7266,OK,0
2026-07-07 06:12:33,F2,2.7260,OK,0
2026-07-07 06:12:43,F2,2.7254,OK,0
2026-07-07 06:12:54,F2,2.7248,OK,0
2026-07-07 06:13:04,F2,2.7241,OK,0
2026-07-07 06:13:14,F2,2.7235,OK,0
2026-07-07 06:13:25,F2,2.7229,OK,0
2026-07-07 06:13:35,F2,2.7222,OK,0
2026-07-07 06:13:45,F2,2.7216,OK,0
2026-07-07 06:13:56,F2,2.7210,OK,0
2026-07-07 06:14:06,F2,2.7203,OK,0
2026-07-07 06:14:16,F2,2.7197,OK,0
2026-07-07 06:14:27,F2,2.7190,OK,0
2026-07-07 06:14:37,F2,2.7183,OK,0
2026-07-07 06:14:47,F2,2.7177,OK,0
2026-07-07 06:14:58,F2,2.7170,OK,0
2026-07-07 06:15:08,F2,2.7164,OK,0
2026-07-07 06:15:18,F2,2.7157,OK,0
2026-07-07 06:15:29,F2,2.7150,OK,0
2026-07-07 06:15:39,F2,2.7143,OK,0
2026-07-07 06:15:49,F2,2.7137,OK,0
2026-07-07 06:15:59,F2,2.7130,OK,0
2026-07-07 06:16:10,F2,2.7123,OK,0
2026-07-07 06:16:20,F2,2.7117,OK,0
2026-07-07 06:16:30,F2,2.7110,OK,0
2026-07-07 06:16:41,F2,2.7103,OK,0
2026-07-07 06:16:51,F2,2.7096,OK,0
2026-07-07 06:17:01,F2,2.7090,OK,0
2026-07-07 06:17:12,F2,2.7083,OK,0
2026-07-07 06:17:22,F2,2.7076,OK,0
2026-07-07 06:17:32,F2,2.7069,OK,0
2026-07-07 06:17:43,F2,2.7063,OK,0
2026-07-07 06:17:53,F2,2.7056,OK,0
2026-07-07 06:18:03,F2,2.7049,OK,0
2026-07-07 06:18:14,F2,2.7043,OK,0
2026-07-07 06:18:24,F2,2.7036,OK,0
2026-07-07 06:18:34,F2,2.7029,OK,0
2026-07-07 06:18:45,F2,2.7023,OK,0
2026-07-07 06:18:55,F2,2.7016,OK,0
2026-07-07 06:19:05,F2,2.7010,OK,0
2026-07-07 06:19:15,F2,2.7003,OK,0
2026-07-07 06:19:26,F2,2.6997,OK,0
2026-07-07 06:19:36,F2,2.6990,OK,0
2026-07-07 06:19:46,F2,2.6984,OK,0
2026-07-07 06:19:57,F2,2.6977,OK,0
2026-07-07 06:20:07,F2,2.6971,OK,0
2026-07-07 06:20:17,F2,2.6965,OK,0
2026-07-07 06:20:28,F2,2.6958,OK,0
2026-07-07 06:20:38,F2,2.6952,OK,0
2026-07-07 06:20:48,F2,2.6946,OK,0
2026-07-07 06:20:59,F2,2.6940,OK,0
2026-07-07 06:21:09,F2,2.6933,OK,0
2026-07-07 06:21:19,F2,2.6927,OK,0
2026-07-07 06:21:30,F2,2.6921,OK,0
2026-07-07 06:21:40,F2,2.6915,OK,0
2026-07-07 06:21:50,F2,2.6909,OK,0
2026-07-07 06:22:01,F2,2.6903,OK,0
2026-07-07 06:22:11,F2,2.6897,OK,0
2026-07-07 06:22:21,F2,2.6890,OK,0
2026-07-07 06:22:32,F2,2.6884,OK,0
2026-07-07 06:22:42,F2,2.6878,OK,0
2026-07-07 06:22:52,F2,2.6872,OK,0
2026-07-07 06:23:03,F2,2.6866,OK,0
2026-07-07 06:23:13,F2,2.6860,OK,0
2026-07-07 06:23:23,F2,2.6854,OK,0
2026-07-07 06:23:34,F2,2.6848,OK,0
2026-07-07 06:23:44,F2,2.6841,OK,0
2026-07-07 06:23:54,F2,2.6835,OK,0
2026-07-07 06:24:05,F2,2.6829,OK,0
2026-07-07 06:24:15,F2,2.6823,OK,0
2026-07-07 06:24:25,F2,2.6816,OK,0
2026-07-07 06:24:36,F2,2.6810,OK,0
2026-07-07 06:24:46,F2,2.6804,OK,0
2026-07-07 06:24:56,F2,2.6798,OK,0
2026-07-07 06:25:07,F2,2.6791,OK,0
2026-07-07 06:25:17,F2,2.6785,OK,0
2026-07-07 06:25:27,F2,2.6778,OK,0
2026-07-07 06:25:38,F2,2.6772,OK,0
2026-07-07 06:25:48,F2,2.6765,OK,0
2026-07-07 06:25:58,F2,2.6759,OK,0
2026-07-07 06:26:09,F2,2.6752,OK,0
2026-07-07 06:26:19,F2,2.6745,OK,0
2026-07-07 06:26:29,F2,2.6739,OK,0
2026-07-07 06:26:40,F2,2.6732,OK,0
2026-07-07 06:26:50,F2,2.6725,OK,0
2026-07-07 06:27:00,F2,2.6718,OK,0
2026-07-07 06:27:10,F2,2.6711,OK,0
2026-07-07 06:27:21,F2,2.6704,OK,0
2026-07-07 06:27:31,F2,2.6697,OK,0
2026-07-07 06:27:41,F2,2.6690,OK,0
2026-07-07 06:27:52,F2,2.6683,OK,0
2026-07-07 06:28:02,F2,2.6675,OK,0
2026-07-07 06:28:12,F2,2.6668,OK,0
2026-07-07 06:28:23,F2,2.6661,OK,0
2026-07-07 06:28:33,F2,2.6653,OK,0
2026-07-07 06:28:43,F2,2.6646,OK,0
2026-07-07 06:28:54,F2,2.6638,OK,0
2026-07-07 06:29:04,F2,2.6631,OK,0
2026-07-07 06:29:14,F2,2.6623,OK,0
2026-07-07 06:29:25,F2,2.6616,OK,0
2026-07-07 06:29:35,F2,2.6608,OK,0
2026-07-07 06:29:45,F2,2.6601,OK,0
2026-07-07 06:29:56,F2,2.6593,OK,0
2026-07-07 06:30:06,F2,2.6585,OK,0
2026-07-07 06:30:16,F2,2.6578,OK,0
2026-07-07 06:30:27,F2,2.6570,OK,0
2026-07-07 06:30:37,F2,2.6562,OK,0
2026-07-07 06:30:47,F2,2.6555,OK,0
2026-07-07 06:30:58,F2,2.6547,OK,0
2026-07-07 06:31:08,F2,2.6540,OK,0
2026-07-07 06:31:18,F2,2.6532,OK,0
2026-07-07 06:31:28,F2,2.6524,OK,0
2026-07-07 06:31:39,F2,2.6517,OK,0
2026-07-07 06:31:49,F2,2.6509,OK,0
2026-07-07 06:31:59,F2,2.6501,OK,0
2026-07-07 06:32:10,F2,2.6494,OK,0
2026-07-07 06:32:20,F2,2.6486,OK,0
2026-07-07 06:32:30,F2,2.6479,OK,0
2026-07-07 06:32:41,F2,2.6471,OK,0
2026-07-07 06:32:51,F2,2.6464,OK,0
2026-07-07 06:33:01,F2,2.6456,OK,0
2026-07-07 06:33:12,F2,2.6449,OK,0
2026-07-07 06:33:22,F2,2.6441,OK,0
2026-07-07 06:33:33,F2,2.6434,OK,0
2026-07-07 06:33:43,F2,2.6426,OK,0
2026-07-07 06:33:53,F2,2.6419,OK,0
2026-07-07 06:34:04,F2,2.6412,OK,0
2026-07-07 06:34:14,F2,2.6404,OK,0
2026-07-07 06:34:24,F2,2.6397,OK,0
2026-07-07 06:34:35,F2,2.6390,OK,0
2026-07-07 06:34:45,F2,2.6383,OK,0
2026-07-07 06:34:55,F2,2.6375,OK,0
2026-07-07 06:35:06,F2,2.6368,OK,0
2026-07-07 06:35:16,F2,2.6361,OK,0
2026-07-07 06:35:26,F2,2.6354,OK,0
2026-07-07 06:35:37,F2,2.6347,OK,0
2026-07-07 06:35:47,F2,2.6340,OK,0
2026-07-07 06:35:57,F2,2.6333,OK,0
2026-07-07 06:36:08,F2,2.6326,OK,0
2026-07-07 06:36:18,F2,2.6319,OK,0
2026-07-07 06:36:28,F2,2.6313,OK,0
2026-07-07 06:36:39,F2,2.6306,OK,0
2026-07-07 06:36:49,F2,2.6299,OK,0
2026-07-07 06:36:59,F2,2.6292,OK,0
2026-07-07 06:37:10,F2,2.6286,OK,0
2026-07-07 06:37:20,F2,2.6279,OK,0
2026-07-07 06:37:30,F2,2.6272,OK,0
2026-07-07 06:37:41,F2,2.6266,OK,0
2026-07-07 06:37:51,F2,2.6259,OK,0
2026-07-07 06:38:01,F2,2.6252,OK,0
2026-07-07 06:38:12,F2,2.6246,OK,0
2026-07-07 06:38:22,F2,2.6239,OK,0
2026-07-07 06:38:32,F2,2.6233,OK,0
2026-07-07 06:38:43,F2,2.6226,OK,0
2026-07-07 06:38:53,F2,2.6219,OK,0
2026-07-07 06:39:03,F2,2.6213,OK,0
2026-07-07 06:39:14,F2,2.6206,OK,0
2026-07-07 06:39:24,F2,2.6200,OK,0
2026-07-07 06:39:34,F2,2.6193,OK,0
2026-07-07 06:39:45,F2,2.6186,OK,0
2026-07-07 06:39:55,F2,2.6180,OK,0
2026-07-07 06:40:05,F2,2.6173,OK,0
2026-07-07 06:40:16,F2,2.6166,OK,0
2026-07-07 06:40:26,F2,2.6160,OK,0
2026-07-07 06:40:36,F2,2.6153,OK,0
2026-07-07 06:40:47,F2,2.6146,OK,0
2026-07-07 06:40:57,F2,2.6139,OK,0
2026-07-07 06:41:07,F2,2.6133,OK,0
2026-07-07 06:41:18,F2,2.6126,OK,0
2026-07-07 06:41:28,F2,2.6119,OK,0
2026-07-07 06:41:38,F2,2.6112,OK,0
2026-07-07 06:41:49,F2,2.6105,OK,0
2026-07-07 06:41:59,F2,2.6098,OK,0
2026-07-07 06:42:09,F2,2.6090,OK,0
2026-07-07 06:42:20,F2,2.6083,OK,0
2026-07-07 06:42:30,F2,2.6076,OK,1
2026-07-07 06:42:40,F2,2.6069,OK,1
2026-07-07 06:42:51,F2,2.6061,OK,0
2026-07-07 06:43:01,F2,2.6054,OK,0
2026-07-07 06:43:11,F2,2.6046,OK,0
2026-07-07 06:43:22,F2,2.6039,OK,0
2026-07-07 06:43:32,F2,2.6031,OK,0
2026-07-07 06:43:42,F2,2.6023,OK,0
2026-07-07 06:43:52,F2,2.6016,OK,0
2026-07-07 06:44:03,F2,2.6008,OK,0
2026-07-07 06:44:13,F2,2.6000,OK,0
2026-07-07 06:44:23,F2,2.5992,OK,0
2026-07-07 06:44:34,F2,2.5985,OK,0
2026-07-07 06:44:44,F2,2.5977,OK,0
2026-07-07 06:44:54,F2,2.5969,OK,0
2026-07-07 06:45:05,F2,2.5961,OK,0
2026-07-07 06:45:15,F2,2.5953,OK,0
2026-07-07 06:45:25,F2,2.5945,OK,0
2026-07-07 06:45:36,F2,2.5938,OK,0
2026-07-07 06:45:46,F2,2.5930,OK,0
2026-07-07 06:45:56,F2,2.5922,OK,0
2026-07-07 06:46:07,F2,2.5914,OK,0
2026-07-07 06:46:17,F2,2.5906,OK,0
2026-07-07 06:46:27,F2,2.5898,OK,0
2026-07-07 06:46:37,F2,2.5890,OK,0
2026-07-07 06:46:48,F2,2.5883,OK,0
2026-07-07 06:46:58,F2,2.5875,OK,0
2026-07-07 06:47:08,F2,2.5867,OK,0
2026-07-07 06:47:19,F2,2.5859,OK,0
2026-07-07 06:47:29,F2,2.5851,OK,0
2026-07-07 06:47:39,F2,2.5844,OK,0
2026-07-07 06:47:50,F2,2.5836,OK,0
2026-07-07 06:48:00,F2,2.5828,OK,0
2026-07-07 06:48:10,F2,2.5821,OK,0
2026-07-07 06:48:21,F2,2.5813,OK,0
2026-07-07 06:48:31,F2,2.5806,OK,0
2026-07-07 06:48:41,F2,2.5798,OK,0
2026-07-07 06:48:52,F2,2.5790,OK,0
2026-07-07 06:49:02,F2,2.5783,OK,0
2026-07-07 06:49:12,F2,2.5776,OK,0
2026-07-07 06:49:23,F2,2.5768,OK,0
2026-07-07 06:49:33,F2,2.5761,OK,0
2026-07-07 06:49:43,F2,2.5753,OK,0
2026-07-07 06:49:53,F2,2.5746,OK,0
2026-07-07 06:50:04,F2,2.5739,OK,0
2026-07-07 06:50:14,F2,2.5732,OK,0
2026-07-07 06:50:24,F2,2.5725,OK,0
2026-07-07 06:50:35,F2,2.5718,OK,0
2026-07-07 06:50:45,F2,2.5711,OK,0
2026-07-07 06:50:56,F2,2.5704,OK,0
2026-07-07 06:51:06,F2,2.5697,OK,0
2026-07-07 06:51:16,F2,2.5690,OK,0
2026-07-07 06:51:26,F2,2.5684,OK,0
2026-07-07 06:51:37,F2,2.5677,OK,0
2026-07-07 06:51:47,F2,2.5670,OK,0
2026-07-07 06:51:57,F2,2.5664,OK,0
2026-07-07 06:52:08,F2,2.5657,OK,0
2026-07-07 06:52:18,F2,2.5651,OK,0
2026-07-07 06:52:28,F2,2.5644,OK,0
2026-07-07 06:52:39,F2,2.5638,OK,0
2026-07-07 06:52:49,F2,2.5631,OK,0
2026-07-07 06:52:59,F2,2.5625,OK,0
2026-07-07 06:53:10,F2,2.5619,OK,0
2026-07-07 06:53:20,F2,2.5612,OK,0
2026-07-07 06:53:30,F2,2.5606,OK,0
2026-07-07 06:53:41,F2,2.5600,OK,0
2026-07-07 06:53:51,F2,2.5594,OK,0
2026-07-07 06:54:01,F2,2.5587,OK,0
2026-07-07 06:54:11,F2,2.5581,OK,0
2026-07-07 06:54:22,F2,2.5575,OK,0
2026-07-07 06:54:32,F2,2.5569,OK,0
2026-07-07 06:54:42,F2,2.5562,OK,0
2026-07-07 06:54:53,F2,2.5556,OK,0
2026-07-07 06:55:03,F2,2.5550,OK,0
2026-07-07 06:55:13,F2,2.5543,OK,0
2026-07-07 06:55:24,F2,2.5537,OK,0
2026-07-07 06:55:34,F2,2.5531,OK,0
2026-07-07 06:55:44,F2,2.5524,OK,0
2026-07-07 06:55:55,F2,2.5518,OK,0
2026-07-07 06:56:05,F2,2.5512,OK,0
2026-07-07 06:56:15,F2,2.5505,OK,0
2026-07-07 06:56:26,F2,2.5499,OK,0
2026-07-07 06:56:36,F2,2.5492,OK,0
2026-07-07 06:56:46,F2,2.5485,OK,0
2026-07-07 06:56:56,F2,2.5479,OK,0
2026-07-07 06:57:07,F2,2.5472,OK,0
2026-07-07 06:57:17,F2,2.5466,OK,0
2026-07-07 06:57:27,F2,2.5459,OK,0
2026-07-07 06:57:38,F2,2.5452,OK,0
2026-07-07 06:57:48,F2,2.5445,OK,0
2026-07-07 06:57:58,F2,2.5438,OK,0
2026-07-07 06:58:09,F2,2.5431,OK,0
2026-07-07 06:58:19,F2,2.5425,OK,0
2026-07-07 06:58:29,F2,2.5418,OK,0
2026-07-07 06:58:40,F2,2.5411,OK,0
2026-07-07 06:58:50,F2,2.5404,OK,0
2026-07-07 06:59:00,F2,2.5397,OK,0
2026-07-07 06:59:11,F2,2.5390,OK,0
2026-07-07 06:59:21,F2,2.5383,OK,0
2026-07-07 06:59:31,F2,2.5376,OK,0
2026-07-07 06:59:42,F2,2.5369,OK,0
2026-07-07 06:59:52,F2,2.5362,OK,0
2026-07-07 07:00:02,F2,2.5355,OK,0
2026-07-07 07:00:13,F2,2.5348,OK,0
2026-07-07 07:00:23,F2,2.5341,OK,0
2026-07-07 07:00:33,F2,2.5334,OK,0
2026-07-07 07:00:44,F2,2.5327,OK,0
2026-07-07 07:00:54,F2,2.5320,OK,0
2026-07-07 07:01:04,F2,2.5313,OK,0
2026-07-07 07:01:15,F2,2.5306,OK,0
2026-07-07 07:01:25,F2,2.5299,OK,0
2026-07-07 07:01:35,F2,2.5292,OK,0
2026-07-07 07:01:46,F2,2.5285,OK,0
2026-07-07 07:01:56,F2,2.5278,OK,0
2026-07-07 07:02:06,F2,2.5272,OK,0
2026-07-07 07:02:17,F2,2.5265,OK,0
2026-07-07 07:02:27,F2,2.5258,OK,0
2026-07-07 07:02:37,F2,2.5252,OK,0
2026-07-07 07:02:47,F2,2.5245,OK,0
2026-07-07 07:02:58,F2,2.5238,OK,0
2026-07-07 07:03:08,F2,2.5232,OK,0
2026-07-07 07:03:18,F2,2.5225,OK,0
2026-07-07 07:03:29,F2,2.5219,OK,0
2026-07-07 07:03:39,F2,2.5212,OK,0
2026-07-07 07:03:49,F2,2.5206,OK,0
2026-07-07 07:04:00,F2,2.5199,OK,0
2026-07-07 07:04:10,F2,2.5193,OK,0
2026-07-07 07:04:20,F2,2.5187,OK,0
2026-07-07 07:04:31,F2,2.5180,OK,0
2026-07-07 07:04:41,F2,2.5174,OK,0
2026-07-07 07:04:51,F2,2.5168,OK,0
2026-07-07 07:05:02,F2,2.5162,OK,0
2026-07-07 07:05:12,F2,2.5156,OK,0
2026-07-07 07:05:22,F2,2.5150,OK,0
2026-07-07 07:05:32,F2,2.5144,OK,0
2026-07-07 07:05:43,F2,2.5139,OK,0
2026-07-07 07:05:53,F2,2.5133,OK,0
2026-07-07 07:06:03,F2,2.5127,OK,0
2026-07-07 07:06:14,F2,2.5122,OK,0
2026-07-07 07:06:24,F2,2.5116,OK,0
2026-07-07 07:06:34,F2,2.5111,OK,1
2026-07-07 07:06:45,F2,2.5105,OK,0
2026-07-07 07:06:55,F2,2.5100,OK,0
2026-07-07 07:07:05,F2,2.5095,OK,0
2026-07-07 07:07:16,F2,2.5090,OK,0
2026-07-07 07:07:26,F2,2.5084,OK,0
2026-07-07 07:07:36,F2,2.5079,OK,0
2026-07-07 07:07:47,F2,2.5074,OK,0
2026-07-07 07:07:57,F2,2.5069,OK,0
2026-07-07 07:08:07,F2,2.5064,OK,0
2026-07-07 07:08:18,F2,2.5060,OK,0
2026-07-07 07:08:28,F2,2.5055,OK,0
2026-07-07 07:08:38,F2,2.5050,OK,0
2026-07-07 07:08:49,F2,2.5045,OK,0
2026-07-07 07:08:59,F2,2.5040,OK,0
2026-07-07 07:09:09,F2,2.5036,OK,0
2026-07-07 07:09:19,F2,2.5031,OK,0
2026-07-07 07:09:30,F2,2.5026,OK,0
2026-07-07 07:09:40,F2,2.5022,OK,0
2026-07-07 07:09:50,F2,2.5017,OK,0
2026-07-07 07:10:01,F2,2.5012,OK,0
2026-07-07 07:10:11,F2,2.5008,OK,0
2026-07-07 07:10:21,F2,2.5003,OK,0
2026-07-07 07:10:32,F2,2.4998,OK,0
2026-07-07 07:10:42,F2,2.4994,OK,0
2026-07-07 07:10:52,F2,2.4989,OK,0
2026-07-07 07:11:03,F2,2.4985,OK,0
2026-07-07 07:11:13,F2,2.4980,OK,0
2026-07-07 07:11:23,F2,2.4975,OK,0
2026-07-07 07:11:33,F2,2.4971,OK,0
2026-07-07 07:11:44,F2,2.4966,OK,0
2026-07-07 07:11:54,F2,2.4961,OK,0
2026-07-07 07:12:04,F2,2.4957,OK,0
2026-07-07 07:12:15,F2,2.4952,OK,0
2026-07-07 07:12:25,F2,2.4947,OK,0
2026-07-07 07:12:35,F2,2.4942,OK,0
2026-07-07 07:12:46,F2,2.4938,OK,0
2026-07-07 07:12:56,F2,2.4933,OK,0
2026-07-07 07:13:06,F2,2.4928,OK,0
2026-07-07 07:13:17,F2,2.4923,OK,0
2026-07-07 07:13:27,F2,2.4918,OK,0
2026-07-07 07:13:37,F2,2.4913,OK,0
2026-07-07 07:13:48,F2,2.4908,OK,0
2026-07-07 07:13:58,F2,2.4903,OK,0
2026-07-07 07:14:08,F2,2.4899,OK,0
2026-07-07 07:14:19,F2,2.4894,OK,0
2026-07-07 07:14:29,F2,2.4889,OK,0
2026-07-07 07:14:39,F2,2.4884,OK,0
2026-07-07 07:14:49,F2,2.4879,OK,0
2026-07-07 07:15:00,F2,2.4874,OK,0
2026-07-07 07:15:10,F2,2.4869,OK,0
2026-07-07 07:15:20,F2,2.4864,OK,0
2026-07-07 07:15:31,F2,2.4859,OK,0
2026-07-07 07:15:41,F2,2.4854,OK,0
2026-07-07 07:15:51,F2,2.4849,OK,0
2026-07-07 07:16:02,F2,2.4844,OK,0
2026-07-07 07:16:12,F2,2.4839,OK,0
2026-07-07 07:16:22,F2,2.4834,OK,0
2026-07-07 07:16:33,F2,2.4829,OK,0
2026-07-07 07:16:43,F2,2.4824,OK,0
2026-07-07 07:16:53,F2,2.4820,OK,0
2026-07-07 07:17:04,F2,2.4815,OK,0
2026-07-07 07:17:14,F2,2.4810,OK,0
2026-07-07 07:17:24,F2,2.4805,OK,0
2026-07-07 07:17:35,F2,2.4801,OK,0
2026-07-07 07:17:45,F2,2.4796,OK,0
2026-07-07 07:17:55,F2,2.4791,OK,0
2026-07-07 07:18:06,F2,2.4787,OK,0
2026-07-07 07:18:16,F2,2.4782,OK,0
2026-07-07 07:18:26,F2,2.4777,OK,0
2026-07-07 07:18:37,F2,2.4773,OK,0
2026-07-07 07:18:47,F2,2.4768,OK,0
2026-07-07 07:18:57,F2,2.4764,OK,0
2026-07-07 07:19:08,F2,2.4759,OK,0
2026-07-07 07:19:18,F2,2.4755,OK,0
2026-07-07 07:19:29,F2,2.4751,OK,0
2026-07-07 07:19:39,F2,2.4746,OK,0
2026-07-07 07:19:49,F2,2.4742,OK,0
2026-07-07 07:19:59,F2,2.4738,OK,0
2026-07-07 07:20:10,F2,2.4734,OK,0
2026-07-07 07:20:20,F2,2.4730,OK,0
2026-07-07 07:20:30,F2,2.4726,OK,0
2026-07-07 07:20:41,F2,2.4722,OK,0
2026-07-07 07:20:51,F2,2.4718,OK,0
2026-07-07 07:21:01,F2,2.4714,OK,0
2026-07-07 07:21:12,F2,2.4710,OK,0
2026-07-07 07:21:22,F2,2.4707,OK,0
2026-07-07 07:21:32,F2,2.4703,OK,0
2026-07-07 07:21:43,F2,2.4699,OK,0
2026-07-07 07:21:53,F2,2.4696,OK,0
2026-07-07 07:22:03,F2,2.4692,OK,0
2026-07-07 07:22:14,F2,2.4689,OK,0
2026-07-07 07:22:24,F2,2.4685,OK,0
2026-07-07 07:22:34,F2,2.4682,OK,0
2026-07-07 07:22:45,F2,2.4679,OK,0
2026-07-07 07:22:55,F2,2.4675,OK,0
2026-07-07 07:23:05,F2,2.4672,OK,0
2026-07-07 07:23:16,F2,2.4669,OK,0
2026-07-07 07:23:26,F2,2.4666,OK,0
2026-07-07 07:23:36,F2,2.4663,OK,0
2026-07-07 07:23:46,F2,2.4660,OK,0
2026-07-07 07:23:57,F2,2.4657,OK,0
2026-07-07 07:24:07,F2,2.4654,OK,0
2026-07-07 07:24:17,F2,2.4651,OK,0
2026-07-07 07:24:28,F2,2.4647,OK,0
2026-07-07 07:24:38,F2,2.4644,OK,0
2026-07-07 07:24:48,F2,2.4641,OK,0
2026-07-07 07:24:59,F2,2.4638,OK,0
2026-07-07 07:25:09,F2,2.4635,OK,0
2026-07-07 07:25:19,F2,2.4632,OK,0
2026-07-07 07:25:30,F2,2.4629,OK,0
2026-07-07 07:25:40,F2,2.4626,OK,0
2026-07-07 07:25:50,F2,2.4623,OK,0
2026-07-07 07:26:01,F2,2.4620,OK,0
2026-07-07 07:26:11,F2,2.4617,OK,0
2026-07-07 07:26:21,F2,2.4614,OK,0
2026-07-07 07:26:32,F2,2.4611,OK,0
2026-07-07 07:26:42,F2,2.4608,OK,0
2026-07-07 07:26:52,F2,2.4605,OK,0
2026-07-07 07:27:03,F2,2.4602,OK,0
2026-07-07 07:27:13,F2,2.4599,OK,0
2026-07-07 07:27:23,F2,2.4595,OK,0
2026-07-07 07:27:34,F2,2.4592,OK,0
2026-07-07 07:27:44,F2,2.4589,OK,0
2026-07-07 07:27:54,F2,2.4586,OK,0
2026-07-07 07:28:04,F2,2.4582,OK,0
2026-07-07 07:28:15,F2,2.4579,OK,0
2026-07-07 07:28:25,F2,2.4576,OK,0
2026-07-07 07:28:35,F2,2.4572,OK,0
2026-07-07 07:28:46,F2,2.4569,OK,0
2026-07-07 07:28:56,F2,2.4566,OK,0
2026-07-07 07:29:07,F2,2.4562,OK,0
2026-07-07 07:29:17,F2,2.4559,OK,0
2026-07-07 07:29:27,F2,2.4555,OK,0
2026-07-07 07:29:38,F2,2.4552,OK,0
2026-07-07 07:29:48,F2,2.4548,OK,0
2026-07-07 07:29:58,F2,2.4545,OK,0
2026-07-07 07:30:08,F2,2.4541,OK,0
2026-07-07 07:30:19,F2,2.4538,OK,0
2026-07-07 07:30:29,F2,2.4534,OK,0
2026-07-07 07:30:39,F2,2.4531,OK,0
2026-07-07 07:30:50,F2,2.4527,OK,0
2026-07-07 07:31:00,F2,2.4524,OK,0
2026-07-07 07:31:10,F2,2.4520,OK,0
2026-07-07 07:31:21,F2,2.4517,OK,0
2026-07-07 07:31:31,F2,2.4513,OK,0
2026-07-07 07:31:41,F2,2.4510,OK,0
2026-07-07 07:31:52,F2,2.4507,OK,0
2026-07-07 07:32:02,F2,2.4503,OK,0
2026-07-07 07:32:12,F2,2.4500,OK,0
2026-07-07 07:32:23,F2,2.4497,OK,0
2026-07-07 07:32:33,F2,2.4493,OK,0
2026-07-07 07:32:43,F2,2.4490,OK,0
2026-07-07 07:32:54,F2,2.4487,OK,0
2026-07-07 07:33:04,F2,2.4484,OK,0
2026-07-07 07:33:14,F2,2.4481,OK,0
2026-07-07 07:33:25,F2,2.4478,OK,0
2026-07-07 07:33:35,F2,2.4475,OK,0
2026-07-07 07:33:45,F2,2.4472,OK,0
2026-07-07 07:33:56,F2,2.4469,OK,0
2026-07-07 07:34:06,F2,2.4466,OK,0
2026-07-07 07:34:16,F2,2.4463,OK,0
2026-07-07 07:34:27,F2,2.4460,OK,0
2026-07-07 07:34:37,F2,2.4458,OK,0
2026-07-07 07:34:47,F2,2.4455,OK,0
2026-07-07 07:34:58,F2,2.4452,OK,0
2026-07-07 07:35:08,F2,2.4450,OK,0
2026-07-07 07:35:18,F2,2.4447,OK,0
2026-07-07 07:35:29,F2,2.4445,OK,0
2026-07-07 07:35:39,F2,2.4443,OK,0
2026-07-07 07:35:49,F2,2.4440,OK,0
2026-07-07 07:36:00,F2,2.4438,OK,0
2026-07-07 07:36:10,F2,2.4436,OK,0
2026-07-07 07:36:20,F2,2.4434,OK,0
2026-07-07 07:36:31,F2,2.4432,OK,0
2026-07-07 07:36:41,F2,2.4430,OK,0
2026-07-07 07:36:51,F2,2.4428,OK,0
2026-07-07 07:37:02,F2,2.4427,OK,0
2026-07-07 07:37:12,F2,2.4425,OK,0
2026-07-07 07:37:22,F2,2.4423,OK,0
2026-07-07 07:37:33,F2,2.4422,OK,0
2026-07-07 07:37:43,F2,2.4420,OK,0
2026-07-07 07:37:53,F2,2.4419,OK,0
2026-07-07 07:38:04,F2,2.4418,OK,0
2026-07-07 07:38:14,F2,2.4416,OK,0
2026-07-07 07:38:24,F2,2.4415,OK,0
2026-07-07 07:38:34,F2,2.4414,OK,0
2026-07-07 07:38:45,F2,2.4413,OK,0
2026-07-07 07:38:55,F2,2.4412,OK,0
2026-07-07 07:39:05,F2,2.4411,OK,0
2026-07-07 07:39:16,F2,2.4410,OK,0
2026-07-07 07:39:26,F2,2.4409,OK,0
2026-07-07 07:39:36,F2,2.4408,OK,0
2026-07-07 07:39:47,F2,2.4407,OK,0
2026-07-07 07:39:57,F2,2.4406,OK,0
2026-07-07 07:40:07,F2,2.4405,OK,0
2026-07-07 07:40:18,F2,2.4404,OK,0
2026-07-07 07:40:28,F2,2.4403,OK,0
2026-07-07 07:40:38,F2,2.4403,OK,0
2026-07-07 07:40:49,F2,2.4402,OK,0
2026-07-07 07:40:59,F2,2.4401,OK,0
2026-07-07 07:41:09,F2,2.4401,OK,0
2026-07-07 07:41:20,F2,2.4400,OK,0
2026-07-07 07:41:30,F2,2.4399,OK,0
2026-07-07 07:41:40,F2,2.4398,OK,0
2026-07-07 07:41:51,F2,2.4398,OK,0
2026-07-07 07:42:01,F2,2.4397,OK,0
2026-07-07 07:42:11,F2,2.4396,OK,0
2026-07-07 07:42:22,F2,2.4395,OK,0
2026-07-07 07:42:32,F2,2.4395,OK,0
2026-07-07 07:42:42,F2,2.4394,OK,0
2026-07-07 07:42:53,F2,2.4393,OK,0
2026-07-07 07:43:03,F2,2.4392,OK,0
2026-07-07 07:43:13,F2,2.4392,OK,0
2026-07-07 07:43:24,F2,2.4391,OK,0
2026-07-07 07:43:34,F2,2.4390,OK,0
2026-07-07 07:43:44,F2,2.4389,OK,0
2026-07-07 07:43:55,F2,2.4388,OK,0
2026-07-07 07:44:05,F2,2.4387,OK,0
2026-07-07 07:44:16,F2,2.4386,OK,0
2026-07-07 07:44:26,F2,2.4385,OK,0
2026-07-07 07:44:36,F2,2.4384,OK,0
2026-07-07 07:44:47,F2,2.4384,OK,0
2026-07-07 07:44:57,F2,2.4383,OK,0
2026-07-07 07:45:07,F2,2.4382,OK,0
2026-07-07 07:45:18,F2,2.4381,OK,0
2026-07-07 07:45:28,F2,2.4380,OK,0
2026-07-07 07:45:38,F2,2.4379,OK,0
2026-07-07 07:45:49,F2,2.4378,OK,0
2026-07-07 07:45:59,F2,2.4377,OK,0
2026-07-07 07:46:09,F2,2.4376,OK,0
2026-07-07 07:46:19,F2,2.4375,OK,0
2026-07-07 07:46:30,F2,2.4375,OK,0
2026-07-07 07:46:40,F2,2.4374,OK,0
2026-07-07 07:46:50,F2,2.4373,OK,0
2026-07-07 07:47:01,F2,2.4372,OK,0
2026-07-07 07:47:11,F2,2.4372,OK,0
2026-07-07 07:47:21,F2,2.4371,OK,0
2026-07-07 07:47:32,F2,2.4370,OK,0
2026-07-07 07:47:42,F2,2.4370,OK,0
2026-07-07 07:47:52,F2,2.4369,OK,0
2026-07-07 07:48:03,F2,2.4369,OK,0
2026-07-07 07:48:13,F2,2.4368,OK,0
2026-07-07 07:48:23,F2,2.4368,OK,0
2026-07-07 07:48:34,F2,2.4367,OK,0
2026-07-07 07:48:44,F2,2.4367,OK,0
2026-07-07 07:48:54,F2,2.4367,OK,0
2026-07-07 07:49:05,F2,2.4366,OK,0
2026-07-07 07:49:15,F2,2.4366,OK,0
2026-07-07 07:49:25,F2,2.4366,OK,0
2026-07-07 07:49:36,F2,2.4366,OK,0
2026-07-07 07:49:46,F2,2.4365,OK,0
2026-07-07 07:49:56,F2,2.4365,OK,0
2026-07-07 07:50:07,F2,2.4365,OK,0
2026-07-07 07:50:17,F2,2.4365,OK,0
2026-07-07 07:50:27,F2,2.4365,OK,0
2026-07-07 07:50:38,F2,2.4366,OK,0
2026-07-07 07:50:48,F2,2.4366,OK,0
2026-07-07 07:50:58,F2,2.4366,OK,0
2026-07-07 07:51:09,F2,2.4366,OK,0
2026-07-07 07:51:19,F2,2.4367,OK,0
2026-07-07 07:51:29,F2,2.4367,OK,0
2026-07-07 07:51:39,F2,2.4368,OK,0
2026-07-07 07:51:50,F2,2.4368,OK,0
2026-07-07 07:52:00,F2,2.4369,OK,0
2026-07-07 07:52:10,F2,2.4369,OK,0
2026-07-07 07:52:21,F2,2.4370,OK,0
2026-07-07 07:52:31,F2,2.4371,OK,0
2026-07-07 07:52:41,F2,2.4371,OK,0
2026-07-07 07:52:52,F2,2.4372,OK,0
2026-07-07 07:53:02,F2,2.4373,OK,0
2026-07-07 07:53:12,F2,2.4374,OK,0
2026-07-07 07:53:23,F2,2.4375,OK,0
2026-07-07 07:53:33,F2,2.4376,OK,0
2026-07-07 07:53:43,F2,2.4377,OK,0
2026-07-07 07:53:54,F2,2.4378,OK,0
2026-07-07 07:54:04,F2,2.4379,OK,0
2026-07-07 07:54:14,F2,2.4381,OK,0
2026-07-07 07:54:24,F2,2.4382,OK,0
2026-07-07 07:54:35,F2,2.4383,OK,0
2026-07-07 07:54:45,F2,2.4384,OK,0
2026-07-07 07:54:55,F2,2.4385,OK,0
2026-07-07 07:55:06,F2,2.4387,OK,0
2026-07-07 07:55:16,F2,2.4388,OK,0
2026-07-07 07:55:26,F2,2.4389,OK,0
2026-07-07 07:55:37,F2,2.4391,OK,0
2026-07-07 07:55:47,F2,2.4392,OK,0
2026-07-07 07:55:58,F2,2.4393,OK,0
2026-07-07 07:56:08,F2,2.4394,OK,0
2026-07-07 07:56:18,F2,2.4396,OK,0
2026-07-07 07:56:29,F2,2.4397,OK,0
2026-07-07 07:56:39,F2,2.4398,OK,0
2026-07-07 07:56:49,F2,2.4399,OK,0
2026-07-07 07:57:00,F2,2.4401,OK,0
2026-07-07 07:57:10,F2,2.4402,OK,0
2026-07-07 07:57:20,F2,2.4403,OK,0
2026-07-07 07:57:31,F2,2.4404,OK,0
2026-07-07 07:57:41,F2,2.4405,OK,0
2026-07-07 07:57:51,F2,2.4406,OK,0
2026-07-07 07:58:02,F2,2.4407,OK,0
2026-07-07 07:58:12,F2,2.4408,OK,0
2026-07-07 07:58:22,F2,2.4409,OK,1
2026-07-07 07:58:33,F2,2.4410,OK,0
2026-07-07 07:58:43,F2,2.4411,OK,0
2026-07-07 07:58:53,F2,2.4412,OK,0
2026-07-07 07:59:04,F2,2.4413,OK,0
2026-07-07 07:59:14,F2,2.4414,OK,0
2026-07-07 07:59:24,F2,2.4414,OK,0
2026-07-07 07:59:35,F2,2.4415,OK,0
2026-07-07 07:59:45,F2,2.4416,OK,0
2026-07-07 07:59:55,F2,2.4417,OK,0
2026-07-07 08:00:06,F2,2.4417,OK,0
2026-07-07 08:00:16,F2,2.4418,OK,0
2026-07-07 08:00:26,F2,2.4419,OK,0
2026-07-07 08:00:37,F2,2.4419,OK,0
2026-07-07 08:00:47,F2,2.4420,OK,0
2026-07-07 08:00:57,F2,2.4421,OK,0
2026-07-07 08:01:08,F2,2.4422,OK,0
2026-07-07 08:01:18,F2,2.4422,OK,0
2026-07-07 08:01:28,F2,2.4423,OK,0
2026-07-07 08:01:39,F2,2.4424,OK,0
2026-07-07 08:01:49,F2,2.4425,OK,0
2026-07-07 08:01:59,F2,2.4425,OK,0
2026-07-07 08:02:10,F2,2.4426,OK,0
2026-07-07 08:02:20,F2,2.4427,OK,0
2026-07-07 08:02:30,F2,2.4428,OK,0
2026-07-07 08:02:41,F2,2.4429,OK,0
2026-07-07 08:02:51,F2,2.4430,OK,0
2026-07-07 08:03:01,F2,2.4431,OK,0
2026-07-07 08:03:12,F2,2.4432,OK,0
2026-07-07 08:03:22,F2,2.4433,OK,0
2026-07-07 08:03:32,F2,2.4434,OK,0
2026-07-07 08:03:43,F2,2.4435,OK,0
2026-07-07 08:03:53,F2,2.4436,OK,0
2026-07-07 08:04:03,F2,2.4437,OK,0
2026-07-07 08:04:14,F2,2.4438,OK,0
2026-07-07 08:04:24,F2,2.4439,OK,0
2026-07-07 08:04:34,F2,2.4441,OK,0
2026-07-07 08:04:45,F2,2.4442,OK,0
2026-07-07 08:04:55,F2,2.4443,OK,0
2026-07-07 08:05:05,F2,2.4445,OK,0
2026-07-07 08:05:16,F2,2.4446,OK,0
2026-07-07 08:05:26,F2,2.4447,OK,0
2026-07-07 08:05:36,F2,2.4449,OK,0
2026-07-07 08:05:46,F2,2.4450,OK,0
2026-07-07 08:05:57,F2,2.4452,OK,0
2026-07-07 08:06:07,F2,2.4454,OK,0
2026-07-07 08:06:17,F2,2.4455,OK,0
2026-07-07 08:06:28,F2,2.4457,OK,0
2026-07-07 08:06:38,F2,2.4459,OK,0
2026-07-07 08:06:48,F2,2.4461,OK,0
2026-07-07 08:06:59,F2,2.4463,OK,0
2026-07-07 08:07:09,F2,2.4465,OK,0
2026-07-07 08:07:19,F2,2.4467,OK,0
2026-07-07 08:07:30,F2,2.4469,OK,0
2026-07-07 08:07:40,F2,2.4471,OK,0
2026-07-07 08:07:50,F2,2.4473,OK,0
2026-07-07 08:08:01,F2,2.4476,OK,0
2026-07-07 08:08:11,F2,2.4478,OK,0
2026-07-07 08:08:21,F2,2.4481,OK,0
2026-07-07 08:08:32,F2,2.4483,OK,1
2026-07-07 08:08:42,F2,2.4486,OK,0
2026-07-07 08:08:52,F2,2.4489,OK,0
2026-07-07 08:09:03,F2,2.4491,OK,0
2026-07-07 08:09:13,F2,2.4494,OK,0
2026-07-07 08:09:23,F2,2.4497,OK,0
2026-07-07 08:09:34,F2,2.4500,OK,0
2026-07-07 08:09:44,F2,2.4503,OK,0
2026-07-07 08:09:54,F2,2.4506,OK,0
2026-07-07 08:10:05,F2,2.4509,OK,0
2026-07-07 08:10:15,F2,2.4512,OK,0
2026-07-07 08:10:25,F2,2.4516,OK,0
2026-07-07 08:10:36,F2,2.4519,OK,0
2026-07-07 08:10:46,F2,2.4522,OK,0
2026-07-07 08:10:56,F2,2.4525,OK,0
2026-07-07 08:11:06,F2,2.4529,OK,0
2026-07-07 08:11:17,F2,2.4532,OK,0
2026-07-07 08:11:27,F2,2.4535,OK,0
2026-07-07 08:11:37,F2,2.4539,OK,0
2026-07-07 08:11:48,F2,2.4542,OK,0
2026-07-07 08:11:58,F2,2.4545,OK,0
2026-07-07 08:12:08,F2,2.4549,OK,0
2026-07-07 08:12:19,F2,2.4552,OK,0
2026-07-07 08:12:29,F2,2.4555,OK,0
2026-07-07 08:12:39,F2,2.4559,OK,0
2026-07-07 08:12:50,F2,2.4562,OK,0
2026-07-07 08:13:00,F2,2.4565,OK,0
2026-07-07 08:13:10,F2,2.4569,OK,0
2026-07-07 08:13:21,F2,2.4572,OK,0
2026-07-07 08:13:31,F2,2.4575,OK,0
2026-07-07 08:13:41,F2,2.4578,OK,0
2026-07-07 08:13:52,F2,2.4582,OK,0
2026-07-07 08:14:02,F2,2.4585,OK,0
2026-07-07 08:14:12,F2,2.4588,OK,0
2026-07-07 08:14:23,F2,2.4591,OK,0
2026-07-07 08:14:33,F2,2.4594,OK,0
2026-07-07 08:14:43,F2,2.4597,OK,0
2026-07-07 08:14:54,F2,2.4600,OK,0
2026-07-07 08:15:04,F2,2.4603,OK,0
2026-07-07 08:15:14,F2,2.4606,OK,0
2026-07-07 08:15:24,F2,2.4609,OK,0
2026-07-07 08:15:35,F2,2.4612,OK,0
2026-07-07 08:15:45,F2,2.4615,OK,0
2026-07-07 08:15:55,F2,2.4618,OK,0
2026-07-07 08:16:06,F2,2.4620,OK,0
2026-07-07 08:16:16,F2,2.4623,OK,0
2026-07-07 08:16:26,F2,2.4626,OK,0
2026-07-07 08:16:37,F2,2.4628,OK,0
2026-07-07 08:16:47,F2,2.4631,OK,1
2026-07-07 08:16:57,F2,2.4633,Bajo rango,1
2026-07-07 08:17:08,F2,2.4636,Bajo rango,1
2026-07-07 08:17:18,F2,2.4638,Bajo rango,1
2026-07-07 08:17:28,F2,2.4641,OK,1
2026-07-07 08:17:39,F2,2.4643,OK,0
2026-07-07 08:17:49,F2,2.4645,OK,0
2026-07-07 08:17:59,F2,2.4648,OK,0
2026-07-07 08:18:10,F2,2.4650,OK,0
2026-07-07 08:18:20,F2,2.4652,OK,0
2026-07-07 08:18:30,F2,2.4655,OK,0
2026-07-07 08:18:41,F2,2.4657,OK,0
2026-07-07 08:18:51,F2,2.4660,OK,0
2026-07-07 08:19:01,F2,2.4662,OK,0
2026-07-07 08:19:11,F2,2.4665,OK,0
2026-07-07 08:19:22,F2,2.4667,OK,0
2026-07-07 08:19:32,F2,2.4670,OK,0
2026-07-07 08:19:42,F2,2.4673,OK,0
2026-07-07 08:19:53,F2,2.4675,OK,0
2026-07-07 08:20:03,F2,2.4678,OK,0
2026-07-07 08:20:13,F2,2.4681,OK,0
2026-07-07 08:20:24,F2,2.4685,OK,0
2026-07-07 08:20:34,F2,2.4688,OK,0
2026-07-07 08:20:44,F2,2.4691,OK,0
2026-07-07 08:20:55,F2,2.4695,OK,0
2026-07-07 08:21:05,F2,2.4698,OK,0
2026-07-07 08:21:15,F2,2.4702,OK,0
2026-07-07 08:21:26,F2,2.4706,OK,0
2026-07-07 08:21:36,F2,2.4711,OK,0
2026-07-07 08:21:46,F2,2.4715,OK,0
2026-07-07 08:21:56,F2,2.4719,OK,0
2026-07-07 08:22:07,F2,2.4724,OK,0
2026-07-07 08:22:17,F2,2.4729,OK,0
2026-07-07 08:22:27,F2,2.4734,OK,0
2026-07-07 08:22:38,F2,2.4740,OK,0
2026-07-07 08:22:48,F2,2.4745,OK,0
2026-07-07 08:22:58,F2,2.4751,OK,0
2026-07-07 08:23:09,F2,2.4757,OK,0
2026-07-07 08:23:19,F2,2.4763,OK,0
2026-07-07 08:23:29,F2,2.4769,OK,0
2026-07-07 08:23:40,F2,2.4776,OK,0
2026-07-07 08:23:50,F2,2.4783,OK,0
2026-07-07 08:24:00,F2,2.4790,OK,0
2026-07-07 08:24:11,F2,2.4797,OK,0
2026-07-07 08:24:21,F2,2.4804,OK,0
2026-07-07 08:24:31,F2,2.4812,OK,0
2026-07-07 08:24:42,F2,2.4820,OK,0
2026-07-07 08:24:52,F2,2.4828,OK,0
2026-07-07 08:25:02,F2,2.4836,OK,0
2026-07-07 08:25:13,F2,2.4845,OK,0
2026-07-07 08:25:23,F2,2.4853,OK,0
2026-07-07 08:25:33,F2,2.4862,OK,1
2026-07-07 08:25:44,F2,2.4872,OK,1
2026-07-07 08:25:54,F2,2.4881,OK,1
2026-07-07 08:26:04,F2,2.4891,OK,1
2026-07-07 08:26:15,F2,2.4901,OK,0
2026-07-07 08:26:25,F2,2.4911,OK,0
2026-07-07 08:26:35,F2,2.4921,OK,0
2026-07-07 08:26:46,F2,2.4931,OK,0
2026-07-07 08:26:56,F2,2.4942,OK,0
2026-07-07 08:27:06,F2,2.4953,OK,0
2026-07-07 08:27:17,F2,2.4964,OK,0
2026-07-07 08:27:27,F2,2.4975,OK,0
2026-07-07 08:27:37,F2,2.4987,OK,0
2026-07-07 08:27:48,F2,2.4999,OK,0
2026-07-07 08:27:58,F2,2.5010,OK,0
2026-07-07 08:28:08,F2,2.5022,OK,0
2026-07-07 08:28:19,F2,2.5034,OK,0
2026-07-07 08:28:29,F2,2.5047,OK,0
2026-07-07 08:28:39,F2,2.5059,OK,0
2026-07-07 08:28:50,F2,2.5072,OK,0
2026-07-07 08:29:00,F2,2.5085,OK,0
2026-07-07 08:29:10,F2,2.5097,OK,0
2026-07-07 08:29:21,F2,2.5110,OK,0
2026-07-07 08:29:31,F2,2.5123,OK,0
2026-07-07 08:29:41,F2,2.5137,OK,0
2026-07-07 08:29:52,F2,2.5150,OK,0
2026-07-07 08:30:02,F2,2.5163,OK,0
2026-07-07 08:30:12,F2,2.5177,OK,0
2026-07-07 08:30:23,F2,2.5191,OK,0
2026-07-07 08:30:33,F2,2.5204,OK,0
2026-07-07 08:30:43,F2,2.5218,OK,0
2026-07-07 08:30:54,F2,2.5232,OK,0
2026-07-07 08:31:04,F2,2.5246,OK,0
2026-07-07 08:31:14,F2,2.5260,OK,0
2026-07-07 08:31:25,F2,2.5274,OK,0
2026-07-07 08:31:35,F2,2.5288,OK,0
2026-07-07 08:31:45,F2,2.5302,OK,0
2026-07-07 08:31:55,F2,2.5316,OK,0
2026-07-07 08:32:06,F2,2.5330,OK,0
2026-07-07 08:32:16,F2,2.5344,OK,0
2026-07-07 08:32:26,F2,2.5358,OK,0
2026-07-07 08:32:37,F2,2.5373,OK,0
2026-07-07 08:32:47,F2,2.5387,OK,0
2026-07-07 08:32:57,F2,2.5401,OK,0
2026-07-07 08:33:08,F2,2.5415,OK,0
2026-07-07 08:33:18,F2,2.5429,OK,0
2026-07-07 08:33:28,F2,2.5444,OK,0
2026-07-07 08:33:39,F2,2.5458,OK,0
2026-07-07 08:33:49,F2,2.5472,OK,0
2026-07-07 08:33:59,F2,2.5486,OK,0
2026-07-07 08:34:10,F2,2.5501,OK,0
2026-07-07 08:34:20,F2,2.5515,OK,0
2026-07-07 08:34:30,F2,2.5530,OK,0
2026-07-07 08:34:41,F2,2.5544,OK,0
2026-07-07 08:34:51,F2,2.5558,OK,0
2026-07-07 08:35:01,F2,2.5573,OK,0
2026-07-07 08:35:12,F2,2.5588,OK,0
2026-07-07 08:35:22,F2,2.5602,OK,0
2026-07-07 08:35:32,F2,2.5617,OK,0
2026-07-07 08:35:43,F2,2.5632,OK,0
2026-07-07 08:35:53,F2,2.5646,OK,0
2026-07-07 08:36:03,F2,2.5661,OK,0
2026-07-07 08:36:13,F2,2.5676,OK,0
2026-07-07 08:36:24,F2,2.5691,OK,0
2026-07-07 08:36:34,F2,2.5706,OK,0
2026-07-07 08:36:44,F2,2.5721,OK,0
2026-07-07 08:36:55,F2,2.5736,OK,0
2026-07-07 08:37:05,F2,2.5751,OK,0
2026-07-07 08:37:15,F2,2.5766,OK,0
2026-07-07 08:37:26,F2,2.5782,OK,0
2026-07-07 08:37:36,F2,2.5797,OK,0
2026-07-07 08:37:46,F2,2.5812,OK,0
2026-07-07 08:37:57,F2,2.5828,OK,0
2026-07-07 08:38:07,F2,2.5843,OK,0
2026-07-07 08:38:17,F2,2.5859,OK,0
2026-07-07 08:38:28,F2,2.5875,OK,0
2026-07-07 08:38:38,F2,2.5890,OK,0
2026-07-07 08:38:48,F2,2.5906,OK,0
2026-07-07 08:38:59,F2,2.5922,OK,0
2026-07-07 08:39:09,F2,2.5938,OK,0
2026-07-07 08:39:19,F2,2.5954,OK,0
2026-07-07 08:39:30,F2,2.5969,OK,0
2026-07-07 08:39:40,F2,2.5985,OK,0
2026-07-07 08:39:50,F2,2.6002,OK,0
2026-07-07 08:40:01,F2,2.6018,OK,0
2026-07-07 08:40:11,F2,2.6034,OK,0
2026-07-07 08:40:21,F2,2.6050,OK,0
2026-07-07 08:40:32,F2,2.6066,OK,0
2026-07-07 08:40:42,F2,2.6083,OK,0
2026-07-07 08:40:52,F2,2.6099,OK,0
2026-07-07 08:41:03,F2,2.6115,OK,0
2026-07-07 08:41:13,F2,2.6132,OK,0
2026-07-07 08:41:23,F2,2.6148,OK,0
2026-07-07 08:41:33,F2,2.6165,OK,0
2026-07-07 08:41:44,F2,2.6181,OK,0
2026-07-07 08:41:54,F2,2.6198,OK,0
2026-07-07 08:42:04,F2,2.6215,OK,0
2026-07-07 08:42:15,F2,2.6232,OK,1
2026-07-07 08:42:25,F2,2.6249,OK,0
2026-07-07 08:42:35,F2,2.6265,OK,0
2026-07-07 08:42:46,F2,2.6282,OK,0
2026-07-07 08:42:56,F2,2.6299,OK,0
2026-07-07 08:43:06,F2,2.6316,OK,0
2026-07-07 08:43:17,F2,2.6333,OK,0
2026-07-07 08:43:27,F2,2.6350,OK,0
2026-07-07 08:43:37,F2,2.6367,OK,0
2026-07-07 08:43:48,F2,2.6385,OK,0
2026-07-07 08:43:58,F2,2.6402,OK,0
2026-07-07 08:44:08,F2,2.6419,OK,0
2026-07-07 08:44:19,F2,2.6436,OK,0
2026-07-07 08:44:29,F2,2.6453,OK,0
2026-07-07 08:44:39,F2,2.6470,OK,0
2026-07-07 08:44:50,F2,2.6487,OK,0
2026-07-07 08:45:00,F2,2.6504,OK,0
2026-07-07 08:45:10,F2,2.6521,OK,0
2026-07-07 08:45:21,F2,2.6538,OK,0
2026-07-07 08:45:31,F2,2.6555,OK,0
2026-07-07 08:45:41,F2,2.6572,OK,0
2026-07-07 08:45:52,F2,2.6589,OK,0
2026-07-07 08:46:02,F2,2.6605,OK,0
2026-07-07 08:46:12,F2,2.6622,OK,0
2026-07-07 08:46:23,F2,2.6638,OK,0
2026-07-07 08:46:33,F2,2.6655,OK,0
2026-07-07 08:46:43,F2,2.6671,OK,0
2026-07-07 08:46:53,F2,2.6688,OK,0
2026-07-07 08:47:04,F2,2.6704,OK,0
2026-07-07 08:47:14,F2,2.6720,OK,0
2026-07-07 08:47:24,F2,2.6736,OK,0
2026-07-07 08:47:35,F2,2.6752,OK,0
2026-07-07 08:47:45,F2,2.6768,OK,0
2026-07-07 08:47:55,F2,2.6784,OK,0
2026-07-07 08:48:06,F2,2.6800,OK,0
2026-07-07 08:48:16,F2,2.6815,OK,0
2026-07-07 08:48:26,F2,2.6831,OK,0
2026-07-07 08:48:37,F2,2.6846,OK,0
2026-07-07 08:48:47,F2,2.6861,OK,0
2026-07-07 08:48:57,F2,2.6876,OK,0
2026-07-07 08:49:08,F2,2.6891,OK,0
2026-07-07 08:49:18,F2,2.6906,OK,0
2026-07-07 08:49:28,F2,2.6921,OK,0
2026-07-07 08:49:39,F2,2.6935,OK,0
2026-07-07 08:49:49,F2,2.6950,OK,0
2026-07-07 08:50:00,F2,2.6965,OK,0
2026-07-07 08:50:10,F2,2.6979,OK,0
2026-07-07 08:50:20,F2,2.6993,OK,0
2026-07-07 08:50:31,F2,2.7008,OK,0
2026-07-07 08:50:41,F2,2.7022,OK,0
2026-07-07 08:50:51,F2,2.7036,OK,0
2026-07-07 08:51:02,F2,2.7050,OK,0
2026-07-07 08:51:12,F2,2.7064,OK,0
2026-07-07 08:51:22,F2,2.7078,OK,0
2026-07-07 08:51:33,F2,2.7091,OK,0
2026-07-07 08:51:43,F2,2.7105,OK,0
2026-07-07 08:51:53,F2,2.7119,OK,0
2026-07-07 08:52:04,F2,2.7132,OK,0
2026-07-07 08:52:14,F2,2.7146,OK,0
2026-07-07 08:52:25,F2,2.7159,OK,0
2026-07-07 08:52:36,F2,2.7173,OK,0
2026-07-07 08:52:47,F2,2.7186,OK,0
2026-07-07 08:52:58,F2,2.7200,OK,0
2026-07-07 08:53:08,F2,2.7213,OK,0
2026-07-07 08:53:19,F2,2.7226,OK,0
2026-07-07 08:53:31,F2,2.7239,OK,0
2026-07-07 08:53:42,F2,2.7252,OK,0
2026-07-07 08:53:54,F2,2.7265,OK,0
2026-07-07 08:54:04,F2,2.7278,OK,0
2026-07-07 08:54:14,F2,2.7291,OK,0
2026-07-07 08:54:25,F2,2.7304,OK,0
2026-07-07 08:54:35,F2,2.7316,OK,0
2026-07-07 08:54:45,F2,2.7329,OK,0
2026-07-07 08:54:55,F2,2.7342,OK,0
2026-07-07 08:55:06,F2,2.7354,OK,0
2026-07-07 08:55:16,F2,2.7367,OK,0
2026-07-07 08:55:26,F2,2.7379,OK,0
2026-07-07 08:55:37,F2,2.7392,OK,0
2026-07-07 08:55:47,F2,2.7404,OK,0
2026-07-07 08:55:57,F2,2.7417,OK,0
2026-07-07 08:56:08,F2,2.7429,OK,0
2026-07-07 08:56:18,F2,2.7441,OK,0
2026-07-07 08:56:28,F2,2.7453,OK,0
2026-07-07 08:56:39,F2,2.7466,OK,0
2026-07-07 08:56:49,F2,2.7478,OK,0
2026-07-07 08:56:59,F2,2.7490,OK,0
2026-07-07 08:57:10,F2,2.7502,OK,0
2026-07-07 08:57:20,F2,2.7514,OK,0
2026-07-07 08:57:30,F2,2.7526,OK,0
2026-07-07 08:57:41,F2,2.7538,OK,1
2026-07-07 08:57:51,F2,2.7550,OK,1
2026-07-07 08:58:01,F2,2.7562,OK,1
2026-07-07 08:58:12,F2,2.7574,OK,0
2026-07-07 08:58:22,F2,2.7586,OK,0
2026-07-07 08:58:32,F2,2.7598,OK,0
2026-07-07 08:58:43,F2,2.7610,OK,0
2026-07-07 08:58:53,F2,2.7622,OK,0
2026-07-07 08:59:03,F2,2.7633,OK,0
2026-07-07 08:59:14,F2,2.7645,OK,0
2026-07-07 08:59:24,F2,2.7657,OK,0
2026-07-07 08:59:34,F2,2.7668,OK,0
2026-07-07 08:59:45,F2,2.7680,OK,0
2026-07-07 08:59:55,F2,2.7691,OK,0
2026-07-07 09:00:05,F2,2.7703,OK,0
2026-07-07 09:00:15,F2,2.7714,OK,0
2026-07-07 09:00:26,F2,2.7726,OK,0
2026-07-07 09:00:36,F2,2.7737,OK,0
2026-07-07 09:00:46,F2,2.7748,OK,0
2026-07-07 09:00:57,F2,2.7759,OK,0
2026-07-07 09:01:07,F2,2.7770,OK,0
2026-07-07 09:01:17,F2,2.7780,OK,0
2026-07-07 09:01:28,F2,2.7791,OK,0
2026-07-07 09:01:38,F2,2.7802,OK,0
2026-07-07 09:01:48,F2,2.7812,OK,0
2026-07-07 09:01:59,F2,2.7823,OK,0
2026-07-07 09:02:09,F2,2.7833,OK,0
2026-07-07 09:02:19,F2,2.7843,OK,0
2026-07-07 09:02:30,F2,2.7853,OK,0
2026-07-07 09:02:40,F2,2.7863,OK,0
2026-07-07 09:02:50,F2,2.7873,OK,0
2026-07-07 09:03:01,F2,2.7882,OK,0
2026-07-07 09:03:11,F2,2.7892,OK,0
2026-07-07 09:03:21,F2,2.7901,OK,0
2026-07-07 09:03:31,F2,2.7910,OK,0
2026-07-07 09:03:42,F2,2.7919,OK,0
2026-07-07 09:03:52,F2,2.7928,OK,0
2026-07-07 09:04:02,F2,2.7937,OK,0
2026-07-07 09:04:13,F2,2.7945,OK,0
2026-07-07 09:04:23,F2,2.7954,OK,0
2026-07-07 09:04:33,F2,2.7962,OK,0
2026-07-07 09:04:44,F2,2.7970,OK,0
2026-07-07 09:04:54,F2,2.7978,OK,0
2026-07-07 09:05:04,F2,2.7986,OK,0
2026-07-07 09:05:15,F2,2.7994,OK,0
2026-07-07 09:05:25,F2,2.8001,OK,0
2026-07-07 09:05:35,F2,2.8009,OK,0
2026-07-07 09:05:46,F2,2.8016,OK,0
2026-07-07 09:05:56,F2,2.8023,OK,0
2026-07-07 09:06:06,F2,2.8030,OK,0
2026-07-07 09:06:17,F2,2.8037,OK,0
2026-07-07 09:06:27,F2,2.8044,OK,0
2026-07-07 09:06:37,F2,2.8051,OK,0
2026-07-07 09:06:47,F2,2.8057,OK,0
2026-07-07 09:06:58,F2,2.8064,OK,0
2026-07-07 09:07:08,F2,2.8070,OK,0
2026-07-07 09:07:18,F2,2.8076,OK,0
2026-07-07 09:07:29,F2,2.8083,OK,0
2026-07-07 09:07:39,F2,2.8089,OK,0
2026-07-07 09:07:49,F2,2.8095,OK,0
2026-07-07 09:08:00,F2,2.8100,OK,0
2026-07-07 09:08:10,F2,2.8106,OK,0
2026-07-07 09:08:20,F2,2.8112,OK,0
2026-07-07 09:08:31,F2,2.8117,OK,0
2026-07-07 09:08:41,F2,2.8123,OK,0
2026-07-07 09:08:51,F2,2.8128,OK,0
2026-07-07 09:09:02,F2,2.8134,OK,0
2026-07-07 09:09:12,F2,2.8139,OK,0
2026-07-07 09:09:22,F2,2.8144,OK,0
2026-07-07 09:09:33,F2,2.8149,OK,0
2026-07-07 09:09:43,F2,2.8154,OK,0
2026-07-07 09:09:53,F2,2.8159,OK,0
2026-07-07 09:10:04,F2,2.8164,OK,0
2026-07-07 09:10:14,F2,2.8169,OK,0
2026-07-07 09:10:24,F2,2.8173,OK,0
2026-07-07 09:10:35,F2,2.8178,OK,0
2026-07-07 09:10:45,F2,2.8182,OK,0
2026-07-07 09:10:55,F2,2.8187,OK,0
2026-07-07 09:11:06,F2,2.8191,OK,0
2026-07-07 09:11:16,F2,2.8196,OK,0
2026-07-07 09:11:26,F2,2.8200,OK,0
2026-07-07 09:11:37,F2,2.8204,OK,0
2026-07-07 09:11:47,F2,2.8209,OK,0
2026-07-07 09:11:57,F2,2.8213,OK,0
2026-07-07 09:12:08,F2,2.8217,OK,0
2026-07-07 09:12:18,F2,2.8221,OK,0
2026-07-07 09:12:28,F2,2.8225,OK,0
2026-07-07 09:12:39,F2,2.8229,OK,0
2026-07-07 09:12:49,F2,2.8233,OK,0
2026-07-07 09:12:59,F2,2.8237,OK,0
2026-07-07 09:13:09,F2,2.8241,OK,0
2026-07-07 09:13:20,F2,2.8245,OK,0
2026-07-07 09:13:30,F2,2.8249,OK,1
2026-07-07 09:13:41,F2,2.8253,OK,0
2026-07-07 09:13:51,F2,2.8257,OK,0
2026-07-07 09:14:01,F2,2.8261,OK,0
2026-07-07 09:14:12,F2,2.8264,OK,0
2026-07-07 09:14:22,F2,2.8268,OK,0
2026-07-07 09:14:32,F2,2.8272,OK,0
2026-07-07 09:14:42,F2,2.8275,OK,0
2026-07-07 09:14:53,F2,2.8279,OK,0
2026-07-07 09:15:03,F2,2.8282,OK,0
2026-07-07 09:15:13,F2,2.8285,OK,0
2026-07-07 09:15:24,F2,2.8289,OK,0
2026-07-07 09:15:34,F2,2.8292,OK,0
2026-07-07 09:15:44,F2,2.8295,OK,0
2026-07-07 09:15:55,F2,2.8298,OK,0
2026-07-07 09:16:05,F2,2.8301,OK,0
2026-07-07 09:16:16,F2,2.8304,OK,0
2026-07-07 09:16:26,F2,2.8307,OK,0
2026-07-07 09:16:36,F2,2.8309,OK,0
2026-07-07 09:16:47,F2,2.8312,OK,0
2026-07-07 09:16:57,F2,2.8314,OK,0
2026-07-07 09:17:07,F2,2.8317,OK,0
2026-07-07 09:17:17,F2,2.8319,OK,0
2026-07-07 09:17:28,F2,2.8321,OK,0
2026-07-07 09:17:38,F2,2.8323,OK,0
2026-07-07 09:17:48,F2,2.8325,OK,0
2026-07-07 09:17:59,F2,2.8327,OK,0
2026-07-07 09:18:09,F2,2.8328,OK,0
2026-07-07 09:18:19,F2,2.8330,OK,0
2026-07-07 09:18:30,F2,2.8331,OK,0
2026-07-07 09:18:40,F2,2.8332,OK,0
2026-07-07 09:18:50,F2,2.8334,OK,0
2026-07-07 09:19:01,F2,2.8335,OK,0
2026-07-07 09:19:11,F2,2.8335,OK,0
2026-07-07 09:19:21,F2,2.8336,OK,0
2026-07-07 09:19:32,F2,2.8337,OK,0
2026-07-07 09:19:42,F2,2.8337,OK,0
2026-07-07 09:19:52,F2,2.8338,OK,0
2026-07-07 09:20:03,F2,2.8338,OK,0
2026-07-07 09:20:13,F2,2.8338,OK,0
2026-07-07 09:20:23,F2,2.8338,OK,0
2026-07-07 09:20:34,F2,2.8338,OK,0
2026-07-07 09:20:44,F2,2.8338,OK,0
2026-07-07 09:20:54,F2,2.8337,OK,0
2026-07-07 09:21:05,F2,2.8337,OK,0
2026-07-07 09:21:15,F2,2.8336,OK,0
2026-07-07 09:21:25,F2,2.8336,OK,0
2026-07-07 09:21:35,F2,2.8335,OK,0
2026-07-07 09:21:46,F2,2.8334,OK,0
2026-07-07 09:21:56,F2,2.8333,OK,0
2026-07-07 09:22:06,F2,2.8332,OK,0
2026-07-07 09:22:17,F2,2.8331,OK,0
2026-07-07 09:22:27,F2,2.8330,OK,0
2026-07-07 09:22:37,F2,2.8329,OK,0
2026-07-07 09:22:48,F2,2.8327,OK,0
2026-07-07 09:22:58,F2,2.8326,OK,0
2026-07-07 09:23:08,F2,2.8324,OK,0
2026-07-07 09:23:19,F2,2.8323,OK,0
2026-07-07 09:23:29,F2,2.8321,OK,0
2026-07-07 09:23:39,F2,2.8320,OK,0
2026-07-07 09:23:50,F2,2.8318,OK,0
2026-07-07 09:24:00,F2,2.8316,OK,0
2026-07-07 09:24:10,F2,2.8314,OK,0
2026-07-07 09:24:21,F2,2.8312,OK,0
2026-07-07 09:24:31,F2,2.8310,OK,0
2026-07-07 09:24:41,F2,2.8309,OK,0
2026-07-07 09:24:52,F2,2.8307,OK,0
2026-07-07 09:25:02,F2,2.8304,OK,0
2026-07-07 09:25:12,F2,2.8302,OK,0
2026-07-07 09:25:22,F2,2.8300,OK,0
2026-07-07 09:25:33,F2,2.8298,OK,0
2026-07-07 09:25:43,F2,2.8296,OK,0
2026-07-07 09:25:53,F2,2.8294,OK,0
2026-07-07 09:26:04,F2,2.8292,OK,0
2026-07-07 09:26:14,F2,2.8289,OK,0
2026-07-07 09:26:24,F2,2.8287,OK,0
2026-07-07 09:26:35,F2,2.8285,OK,0
2026-07-07 09:26:45,F2,2.8283,OK,0
2026-07-07 09:26:55,F2,2.8280,OK,0
2026-07-07 09:27:06,F2,2.8278,OK,0
2026-07-07 09:27:16,F2,2.8276,OK,0
2026-07-07 09:27:26,F2,2.8273,OK,0
2026-07-07 09:27:37,F2,2.8271,OK,0
2026-07-07 09:27:47,F2,2.8269,OK,0
2026-07-07 09:27:57,F2,2.8267,OK,0
2026-07-07 09:28:08,F2,2.8264,OK,0
2026-07-07 09:28:18,F2,2.8262,OK,0
2026-07-07 09:28:28,F2,2.8260,OK,0
2026-07-07 09:28:39,F2,2.8258,OK,0
2026-07-07 09:28:49,F2,2.8256,OK,0
2026-07-07 09:28:59,F2,2.8253,OK,1
2026-07-07 09:29:10,F2,2.8251,OK,1
2026-07-07 09:29:20,F2,2.8249,OK,1
2026-07-07 09:29:30,F2,2.8247,OK,0
2026-07-07 09:29:41,F2,2.8245,OK,0
2026-07-07 09:29:51,F2,2.8243,OK,0
2026-07-07 09:30:01,F2,2.8241,OK,0
2026-07-07 09:30:12,F2,2.8239,OK,0
2026-07-07 09:30:22,F2,2.8237,OK,0
2026-07-07 09:30:32,F2,2.8235,OK,0
2026-07-07 09:30:42,F2,2.8232,OK,0
2026-07-07 09:30:53,F2,2.8230,OK,0
2026-07-07 09:31:03,F2,2.8228,OK,0
2026-07-07 09:31:13,F2,2.8226,OK,0
2026-07-07 09:31:24,F2,2.8224,OK,0
2026-07-07 09:31:34,F2,2.8222,OK,0
2026-07-07 09:31:44,F2,2.8220,OK,0
2026-07-07 09:31:55,F2,2.8217,OK,0
2026-07-07 09:32:05,F2,2.8215,OK,0
2026-07-07 09:32:15,F2,2.8213,OK,0
2026-07-07 09:32:26,F2,2.8211,OK,0
2026-07-07 09:32:36,F2,2.8208,OK,0
2026-07-07 09:32:46,F2,2.8206,OK,0
2026-07-07 09:32:57,F2,2.8204,OK,0
2026-07-07 09:33:07,F2,2.8201,OK,0
2026-07-07 09:33:17,F2,2.8199,OK,0
2026-07-07 09:33:27,F2,2.8196,OK,0
2026-07-07 09:33:38,F2,2.8193,OK,0
2026-07-07 09:33:48,F2,2.8191,OK,0
2026-07-07 09:33:58,F2,2.8188,OK,0
2026-07-07 09:34:09,F2,2.8185,OK,0
2026-07-07 09:34:19,F2,2.8183,OK,0
2026-07-07 09:34:29,F2,2.8180,OK,0
2026-07-07 09:34:40,F2,2.8177,OK,0
2026-07-07 09:34:50,F2,2.8174,OK,0
2026-07-07 09:35:00,F2,2.8170,OK,0
2026-07-07 09:35:11,F2,2.8167,OK,0
2026-07-07 09:35:21,F2,2.8164,OK,0
2026-07-07 09:35:31,F2,2.8161,OK,0
2026-07-07 09:35:42,F2,2.8157,OK,0
2026-07-07 09:35:52,F2,2.8154,OK,0
2026-07-07 09:36:02,F2,2.8150,OK,0
2026-07-07 09:36:13,F2,2.8146,OK,0
2026-07-07 09:36:23,F2,2.8143,OK,0
2026-07-07 09:36:33,F2,2.8139,OK,0
2026-07-07 09:36:44,F2,2.8135,OK,0
2026-07-07 09:36:54,F2,2.8131,OK,0
2026-07-07 09:37:05,F2,2.8127,OK,0
2026-07-07 09:37:15,F2,2.8123,OK,0
2026-07-07 09:37:25,F2,2.8119,OK,0
2026-07-07 09:37:36,F2,2.8114,OK,0
2026-07-07 09:37:46,F2,2.8110,OK,0
2026-07-07 09:37:56,F2,2.8106,OK,0
2026-07-07 09:38:07,F2,2.8102,OK,0
2026-07-07 09:38:17,F2,2.8097,OK,0
2026-07-07 09:38:27,F2,2.8093,OK,0
2026-07-07 09:38:38,F2,2.8088,OK,0
2026-07-07 09:38:48,F2,2.8084,OK,0
2026-07-07 09:38:58,F2,2.8080,OK,0
2026-07-07 09:39:09,F2,2.8075,OK,0
2026-07-07 09:39:19,F2,2.8071,OK,0
2026-07-07 09:39:29,F2,2.8066,OK,0
2026-07-07 09:39:40,F2,2.8062,OK,0
2026-07-07 09:39:50,F2,2.8057,OK,0
2026-07-07 09:40:00,F2,2.8053,OK,0
2026-07-07 09:40:11,F2,2.8048,OK,0
2026-07-07 09:40:21,F2,2.8044,OK,0
2026-07-07 09:40:31,F2,2.8039,OK,0
2026-07-07 09:40:42,F2,2.8035,OK,0
2026-07-07 09:40:52,F2,2.8030,OK,0
2026-07-07 09:41:02,F2,2.8026,OK,0
2026-07-07 09:41:13,F2,2.8022,OK,0
2026-07-07 09:41:23,F2,2.8017,OK,0
2026-07-07 09:41:33,F2,2.8013,OK,0
2026-07-07 09:41:44,F2,2.8009,OK,0
2026-07-07 09:41:54,F2,2.8005,OK,0
2026-07-07 09:42:04,F2,2.8000,OK,0
2026-07-07 09:42:15,F2,2.7996,OK,0
2026-07-07 09:42:25,F2,2.7992,OK,0
2026-07-07 09:42:35,F2,2.7988,OK,0
2026-07-07 09:42:46,F2,2.7984,OK,0
2026-07-07 09:42:56,F2,2.7980,OK,0
2026-07-07 09:43:06,F2,2.7976,OK,0
2026-07-07 09:43:17,F2,2.7972,OK,0
2026-07-07 09:43:27,F2,2.7968,OK,0
2026-07-07 09:43:37,F2,2.7965,OK,0
2026-07-07 09:43:48,F2,2.7961,OK,0
2026-07-07 09:43:58,F2,2.7957,OK,0
2026-07-07 09:44:08,F2,2.7954,OK,0
2026-07-07 09:44:18,F2,2.7950,OK,0
2026-07-07 09:44:29,F2,2.7947,OK,0
2026-07-07 09:44:39,F2,2.7943,OK,0
2026-07-07 09:44:49,F2,2.7940,OK,0
2026-07-07 09:45:00,F2,2.7937,OK,0
2026-07-07 09:45:10,F2,2.7933,OK,0
2026-07-07 09:45:20,F2,2.7930,OK,1
2026-07-07 09:45:31,F2,2.7927,OK,1
2026-07-07 09:45:41,F2,2.7924,OK,0
2026-07-07 09:45:51,F2,2.7921,OK,0
2026-07-07 09:46:02,F2,2.7918,OK,0
2026-07-07 09:46:12,F2,2.7915,OK,0
2026-07-07 09:46:22,F2,2.7913,OK,0
2026-07-07 09:46:33,F2,2.7910,OK,0
2026-07-07 09:46:43,F2,2.7907,OK,0
2026-07-07 09:46:53,F2,2.7904,OK,0
2026-07-07 09:47:04,F2,2.7902,OK,0
2026-07-07 09:47:14,F2,2.7899,OK,0
2026-07-07 09:47:24,F2,2.7897,OK,0
2026-07-07 09:47:35,F2,2.7894,OK,0
2026-07-07 09:47:45,F2,2.7892,OK,0
2026-07-07 09:47:55,F2,2.7889,OK,0
2026-07-07 09:48:06,F2,2.7887,OK,0
2026-07-07 09:48:16,F2,2.7885,OK,0
2026-07-07 09:48:26,F2,2.7882,OK,0
2026-07-07 09:48:37,F2,2.7880,OK,0
2026-07-07 09:48:47,F2,2.7877,OK,0
2026-07-07 09:48:57,F2,2.7875,OK,0
2026-07-07 09:49:07,F2,2.7873,OK,0
2026-07-07 09:49:18,F2,2.7870,OK,0
2026-07-07 09:49:28,F2,2.7868,OK,0
2026-07-07 09:49:38,F2,2.7866,OK,0
2026-07-07 09:49:49,F2,2.7863,OK,0
2026-07-07 09:49:59,F2,2.7861,OK,0
2026-07-07 09:50:09,F2,2.7858,OK,0
2026-07-07 09:50:20,F2,2.7856,OK,0
2026-07-07 09:50:30,F2,2.7853,OK,0
2026-07-07 09:50:40,F2,2.7851,OK,0
2026-07-07 09:50:51,F2,2.7848,OK,0
2026-07-07 09:51:01,F2,2.7845,OK,0
2026-07-07 09:51:11,F2,2.7843,OK,1
2026-07-07 09:51:22,F2,2.7840,OK,1
2026-07-07 09:51:32,F2,2.7837,OK,1
2026-07-07 09:51:42,F2,2.7834,OK,0
2026-07-07 09:51:53,F2,2.7831,OK,0
2026-07-07 09:52:03,F2,2.7828,OK,0
2026-07-07 09:52:13,F2,2.7825,OK,0
2026-07-07 09:52:24,F2,2.7822,OK,0
2026-07-07 09:52:34,F2,2.7819,OK,0
2026-07-07 09:52:44,F2,2.7816,OK,0
2026-07-07 09:52:55,F2,2.7813,OK,0
2026-07-07 09:53:05,F2,2.7809,OK,0
2026-07-07 09:53:15,F2,2.7806,OK,0
2026-07-07 09:53:26,F2,2.7803,OK,0
2026-07-07 09:53:36,F2,2.7799,OK,0
2026-07-07 09:53:46,F2,2.7796,OK,0
2026-07-07 09:53:57,F2,2.7793,OK,0
2026-07-07 09:54:07,F2,2.7789,OK,0
2026-07-07 09:54:17,F2,2.7786,OK,0
2026-07-07 09:54:28,F2,2.7783,OK,0
2026-07-07 09:54:38,F2,2.7779,OK,0
2026-07-07 09:54:48,F2,2.7776,OK,0
2026-07-07 09:54:59,F2,2.7772,OK,0
2026-07-07 09:55:09,F2,2.7769,OK,0
2026-07-07 09:55:19,F2,2.7766,OK,0
2026-07-07 09:55:30,F2,2.7762,OK,0
2026-07-07 09:55:40,F2,2.7759,OK,0
2026-07-07 09:55:50,F2,2.7756,OK,0
2026-07-07 09:56:01,F2,2.7752,OK,0
2026-07-07 09:56:11,F2,2.7749,OK,0
2026-07-07 09:56:21,F2,2.7746,OK,0
2026-07-07 09:56:32,F2,2.7742,OK,0
2026-07-07 09:56:42,F2,2.7739,OK,0
2026-07-07 09:56:52,F2,2.7736,OK,0
2026-07-07 09:57:03,F2,2.7733,OK,0
2026-07-07 09:57:15,F2,2.7730,OK,0
2026-07-07 09:57:26,F2,2.7727,OK,0
2026-07-07 09:57:36,F2,2.7723,OK,0
2026-07-07 09:57:46,F2,2.7720,OK,0
2026-07-07 09:57:57,F2,2.7717,OK,0
2026-07-07 09:58:07,F2,2.7714,OK,0
2026-07-07 09:58:17,F2,2.7711,OK,0
2026-07-07 09:58:28,F2,2.7708,OK,0
2026-07-07 09:58:38,F2,2.7706,OK,0
2026-07-07 09:58:48,F2,2.7703,OK,0
2026-07-07 09:58:59,F2,2.7700,OK,0
2026-07-07 09:59:09,F2,2.7697,OK,0
2026-07-07 09:59:19,F2,2.7695,OK,0
2026-07-07 09:59:30,F2,2.7692,OK,0
2026-07-07 09:59:40,F2,2.7689,OK,0
2026-07-07 09:59:50,F2,2.7687,OK,0
2026-07-07 10:00:01,F2,2.7684,OK,0
2026-07-07 10:00:11,F2,2.7682,OK,0
2026-07-07 10:00:21,F2,2.7680,OK,0
2026-07-07 10:00:32,F2,2.7677,OK,0
2026-07-07 10:00:42,F2,2.7675,OK,0
2026-07-07 10:00:52,F2,2.7673,OK,0
2026-07-07 10:01:03,F2,2.7671,OK,0
2026-07-07 10:01:13,F2,2.7669,OK,0
2026-07-07 10:01:23,F2,2.7667,OK,0
2026-07-07 10:01:34,F2,2.7665,OK,0
2026-07-07 10:01:44,F2,2.7663,OK,0
2026-07-07 10:01:54,F2,2.7662,OK,1
2026-07-07 10:02:05,F2,2.7660,OK,1
2026-07-07 10:02:15,F2,2.7659,OK,1
2026-07-07 10:02:25,F2,2.7657,OK,0
2026-07-07 10:02:36,F2,2.7656,OK,0
2026-07-07 10:02:46,F2,2.7654,OK,0
2026-07-07 10:02:56,F2,2.7653,OK,0
2026-07-07 10:03:07,F2,2.7652,OK,0
2026-07-07 10:03:17,F2,2.7651,OK,0
2026-07-07 10:03:27,F2,2.7650,OK,0
2026-07-07 10:03:37,F2,2.7649,OK,0
2026-07-07 10:03:48,F2,2.7648,OK,0
2026-07-07 10:03:58,F2,2.7647,OK,0
2026-07-07 10:04:09,F2,2.7647,OK,0
2026-07-07 10:04:19,F2,2.7646,OK,0
2026-07-07 10:04:29,F2,2.7645,OK,0
2026-07-07 10:04:40,F2,2.7644,OK,0
2026-07-07 10:04:50,F2,2.7644,OK,0
2026-07-07 10:05:00,F2,2.7643,OK,0
2026-07-07 10:05:11,F2,2.7643,OK,0
2026-07-07 10:05:21,F2,2.7642,OK,0
2026-07-07 10:05:31,F2,2.7641,OK,0
2026-07-07 10:05:42,F2,2.7641,OK,0
2026-07-07 10:05:52,F2,2.7640,OK,0
2026-07-07 10:06:02,F2,2.7640,OK,0
2026-07-07 10:06:13,F2,2.7639,OK,0
2026-07-07 10:06:23,F2,2.7639,OK,0
2026-07-07 10:06:33,F2,2.7638,OK,0
2026-07-07 10:06:44,F2,2.7638,OK,0
2026-07-07 10:06:54,F2,2.7637,OK,0
2026-07-07 10:07:04,F2,2.7636,OK,0
2026-07-07 10:07:15,F2,2.7636,OK,0
2026-07-07 10:07:25,F2,2.7635,OK,0
2026-07-07 10:07:35,F2,2.7634,OK,0
2026-07-07 10:07:46,F2,2.7634,OK,0
2026-07-07 10:07:56,F2,2.7633,OK,1
2026-07-07 10:08:06,F2,2.7632,OK,1
2026-07-07 10:08:17,F2,2.7631,OK,1
2026-07-07 10:08:27,F2,2.7630,OK,0
2026-07-07 10:08:37,F2,2.7630,OK,0
2026-07-07 10:08:48,F2,2.7629,OK,0
2026-07-07 10:08:58,F2,2.7628,OK,0
2026-07-07 10:09:08,F2,2.7627,OK,0
2026-07-07 10:09:19,F2,2.7625,OK,0
2026-07-07 10:09:29,F2,2.7624,OK,0
2026-07-07 10:09:39,F2,2.7623,OK,0
2026-07-07 10:09:49,F2,2.7622,OK,0
2026-07-07 10:10:00,F2,2.7621,OK,0
2026-07-07 10:10:10,F2,2.7620,OK,0
2026-07-07 10:10:20,F2,2.7619,OK,0
2026-07-07 10:10:31,F2,2.7618,OK,0
2026-07-07 10:10:41,F2,2.7616,OK,0
2026-07-07 10:10:51,F2,2.7615,OK,0
2026-07-07 10:11:02,F2,2.7614,OK,0
2026-07-07 10:11:12,F2,2.7613,OK,0
2026-07-07 10:11:22,F2,2.7612,OK,0
2026-07-07 10:11:33,F2,2.7611,OK,0
2026-07-07 10:11:43,F2,2.7610,OK,0
2026-07-07 10:11:54,F2,2.7609,OK,0
2026-07-07 10:12:04,F2,2.7607,OK,0
2026-07-07 10:12:14,F2,2.7606,OK,0
2026-07-07 10:12:25,F2,2.7605,OK,0
2026-07-07 10:12:35,F2,2.7604,OK,0
2026-07-07 10:12:45,F2,2.7603,OK,0
2026-07-07 10:12:56,F2,2.7602,OK,0
2026-07-07 10:13:06,F2,2.7601,OK,0
2026-07-07 10:13:16,F2,2.7601,OK,0
2026-07-07 10:13:27,F2,2.7600,OK,0
2026-07-07 10:13:37,F2,2.7599,OK,0
2026-07-07 10:13:47,F2,2.7598,OK,0
2026-07-07 10:13:58,F2,2.7597,OK,0
2026-07-07 10:14:08,F2,2.7596,OK,0
2026-07-07 10:14:18,F2,2.7596,OK,0
2026-07-07 10:14:28,F2,2.7595,OK,0
2026-07-07 10:14:39,F2,2.7594,OK,0
2026-07-07 10:14:49,F2,2.7594,OK,0
2026-07-07 10:15:00,F2,2.7593,OK,0
2026-07-07 10:15:10,F2,2.7593,OK,0
2026-07-07 10:15:20,F2,2.7592,OK,0
2026-07-07 10:15:30,F2,2.7592,OK,0
2026-07-07 10:15:41,F2,2.7591,OK,0
2026-07-07 10:15:51,F2,2.7591,OK,0
2026-07-07 10:16:01,F2,2.7591,OK,0
2026-07-07 10:16:12,F2,2.7590,OK,0
2026-07-07 10:16:22,F2,2.7590,OK,0
2026-07-07 10:16:33,F2,2.7590,OK,0
2026-07-07 10:16:43,F2,2.7590,OK,0
2026-07-07 10:16:53,F2,2.7590,OK,0
2026-07-07 10:17:04,F2,2.7590,OK,0
2026-07-07 10:17:14,F2,2.7591,OK,0
2026-07-07 10:17:24,F2,2.7591,OK,0
2026-07-07 10:17:34,F2,2.7591,OK,0
2026-07-07 10:17:45,F2,2.7592,OK,0
2026-07-07 10:17:55,F2,2.7592,OK,0
2026-07-07 10:18:05,F2,2.7593,OK,0
2026-07-07 10:18:16,F2,2.7593,OK,0
2026-07-07 10:18:26,F2,2.7594,OK,0
2026-07-07 10:18:36,F2,2.7595,OK,0
2026-07-07 10:18:47,F2,2.7596,OK,0
2026-07-07 10:18:57,F2,2.7597,OK,0
2026-07-07 10:19:07,F2,2.7598,OK,0
2026-07-07 10:19:18,F2,2.7599,OK,0
2026-07-07 10:19:28,F2,2.7601,OK,0
2026-07-07 10:19:38,F2,2.7602,OK,0
2026-07-07 10:19:49,F2,2.7603,OK,0
2026-07-07 10:19:59,F2,2.7605,OK,0
2026-07-07 10:20:09,F2,2.7607,OK,0
2026-07-07 10:20:20,F2,2.7608,OK,0
2026-07-07 10:20:30,F2,2.7610,OK,0
2026-07-07 10:20:40,F2,2.7612,OK,0
2026-07-07 10:20:50,F2,2.7614,OK,0
2026-07-07 10:21:01,F2,2.7616,OK,0
2026-07-07 10:21:11,F2,2.7619,OK,0
2026-07-07 10:21:22,F2,2.7621,OK,0
2026-07-07 10:21:32,F2,2.7623,OK,0
2026-07-07 10:21:42,F2,2.7626,OK,0
2026-07-07 10:21:53,F2,2.7629,OK,0
2026-07-07 10:22:03,F2,2.7631,OK,0
2026-07-07 10:22:13,F2,2.7634,OK,0
2026-07-07 10:22:24,F2,2.7637,OK,0
2026-07-07 10:22:34,F2,2.7640,OK,0
2026-07-07 10:22:44,F2,2.7644,OK,0
2026-07-07 10:22:55,F2,2.7647,OK,0
2026-07-07 10:23:05,F2,2.7650,OK,0
2026-07-07 10:23:15,F2,2.7654,OK,0
2026-07-07 10:23:26,F2,2.7657,OK,0
2026-07-07 10:23:36,F2,2.7661,OK,0
2026-07-07 10:23:46,F2,2.7665,OK,1
2026-07-07 10:23:57,F2,2.7669,OK,1
2026-07-07 10:24:07,F2,2.7673,OK,0
2026-07-07 10:24:17,F2,2.7677,OK,0
2026-07-07 10:24:28,F2,2.7682,OK,0
2026-07-07 10:24:38,F2,2.7686,OK,0
2026-07-07 10:24:48,F2,2.7690,OK,0
2026-07-07 10:24:59,F2,2.7695,OK,0
2026-07-07 10:25:09,F2,2.7700,OK,0
2026-07-07 10:25:19,F2,2.7704,OK,0
2026-07-07 10:25:29,F2,2.7709,OK,0
2026-07-07 10:25:40,F2,2.7714,OK,0
2026-07-07 10:25:50,F2,2.7719,OK,0
2026-07-07 10:26:00,F2,2.7724,OK,0
2026-07-07 10:26:11,F2,2.7729,OK,0
2026-07-07 10:26:21,F2,2.7734,OK,0
2026-07-07 10:26:31,F2,2.7739,OK,0
2026-07-07 10:26:42,F2,2.7745,OK,0
2026-07-07 10:26:52,F2,2.7750,OK,0
2026-07-07 10:27:02,F2,2.7755,OK,0
2026-07-07 10:27:13,F2,2.7761,OK,0
2026-07-07 10:27:23,F2,2.7766,OK,0
2026-07-07 10:27:33,F2,2.7771,OK,0
2026-07-07 10:27:44,F2,2.7777,OK,0
2026-07-07 10:27:54,F2,2.7782,OK,0
2026-07-07 10:28:04,F2,2.7788,OK,0
2026-07-07 10:28:15,F2,2.7793,OK,0
2026-07-07 10:28:25,F2,2.7798,OK,0
2026-07-07 10:28:35,F2,2.7804,OK,0
2026-07-07 10:28:45,F2,2.7809,OK,0
2026-07-07 10:28:56,F2,2.7815,OK,0
2026-07-07 10:29:06,F2,2.7820,OK,0
2026-07-07 10:29:16,F2,2.7825,OK,0
2026-07-07 10:29:27,F2,2.7831,OK,0
2026-07-07 10:29:37,F2,2.7836,OK,0
2026-07-07 10:29:47,F2,2.7841,OK,0
2026-07-07 10:29:58,F2,2.7847,OK,0
2026-07-07 10:30:08,F2,2.7852,OK,0
2026-07-07 10:30:18,F2,2.7857,OK,0
2026-07-07 10:30:29,F2,2.7862,OK,0
2026-07-07 10:30:39,F2,2.7867,OK,0
2026-07-07 10:30:49,F2,2.7872,OK,0
2026-07-07 10:31:00,F2,2.7877,OK,0
2026-07-07 10:31:10,F2,2.7882,OK,0
2026-07-07 10:31:20,F2,2.7886,OK,0
2026-07-07 10:31:31,F2,2.7891,OK,0
2026-07-07 10:31:41,F2,2.7896,OK,0
2026-07-07 10:31:51,F2,2.7900,OK,0
2026-07-07 10:32:02,F2,2.7905,OK,0
2026-07-07 10:32:12,F2,2.7909,OK,0
2026-07-07 10:32:22,F2,2.7914,OK,0
2026-07-07 10:32:33,F2,2.7918,OK,0
2026-07-07 10:32:43,F2,2.7923,OK,0
2026-07-07 10:32:53,F2,2.7927,OK,0
2026-07-07 10:33:04,F2,2.7931,OK,0
2026-07-07 10:33:14,F2,2.7936,OK,0
2026-07-07 10:33:24,F2,2.7940,OK,0
2026-07-07 10:33:35,F2,2.7944,OK,0
2026-07-07 10:33:45,F2,2.7948,OK,0
2026-07-07 10:33:55,F2,2.7952,OK,0
2026-07-07 10:34:06,F2,2.7957,OK,0
2026-07-07 10:34:16,F2,2.7961,OK,0
2026-07-07 10:34:26,F2,2.7965,OK,0
2026-07-07 10:34:37,F2,2.7969,OK,0
2026-07-07 10:34:47,F2,2.7973,OK,0
2026-07-07 10:34:57,F2,2.7977,OK,0
2026-07-07 10:35:08,F2,2.7981,OK,0
2026-07-07 10:35:18,F2,2.7986,OK,0
2026-07-07 10:35:28,F2,2.7990,OK,0
2026-07-07 10:35:39,F2,2.7994,OK,0
2026-07-07 10:35:49,F2,2.7998,OK,0
2026-07-07 10:35:59,F2,2.8002,OK,0
2026-07-07 10:36:10,F2,2.8006,OK,0
2026-07-07 10:36:20,F2,2.8010,OK,0
2026-07-07 10:36:30,F2,2.8015,OK,0
2026-07-07 10:36:41,F2,2.8019,OK,0
2026-07-07 10:36:51,F2,2.8023,OK,0
2026-07-07 10:37:01,F2,2.8027,OK,0
2026-07-07 10:37:12,F2,2.8031,OK,0
2026-07-07 10:37:22,F2,2.8035,OK,0
2026-07-07 10:37:32,F2,2.8040,OK,0
2026-07-07 10:37:43,F2,2.8044,OK,0
2026-07-07 10:37:53,F2,2.8048,OK,0
2026-07-07 10:38:03,F2,2.8053,OK,0
2026-07-07 10:38:14,F2,2.8057,OK,0
2026-07-07 10:38:24,F2,2.8061,OK,0
2026-07-07 10:38:34,F2,2.8066,OK,0
2026-07-07 10:38:45,F2,2.8070,OK,0
2026-07-07 10:38:55,F2,2.8075,OK,0
2026-07-07 10:39:05,F2,2.8079,OK,0
2026-07-07 10:39:16,F2,2.8084,OK,0
2026-07-07 10:39:26,F2,2.8088,OK,0
2026-07-07 10:39:36,F2,2.8093,OK,0
2026-07-07 10:39:47,F2,2.8098,OK,0
2026-07-07 10:39:57,F2,2.8103,OK,0
2026-07-07 10:40:07,F2,2.8107,OK,0
2026-07-07 10:40:18,F2,2.8112,OK,0
2026-07-07 10:40:28,F2,2.8117,OK,0
2026-07-07 10:40:38,F2,2.8122,OK,0
2026-07-07 10:40:49,F2,2.8127,OK,0
2026-07-07 10:40:59,F2,2.8132,OK,0
2026-07-07 10:41:09,F2,2.8138,OK,0
2026-07-07 10:41:19,F2,2.8143,OK,0
2026-07-07 10:41:30,F2,2.8148,OK,0
2026-07-07 10:41:40,F2,2.8154,OK,0
2026-07-07 10:41:51,F2,2.8159,OK,0
2026-07-07 10:42:01,F2,2.8165,OK,0
2026-07-07 10:42:11,F2,2.8170,OK,0
2026-07-07 10:42:22,F2,2.8176,OK,0
2026-07-07 10:42:32,F2,2.8182,OK,0
2026-07-07 10:42:42,F2,2.8188,OK,0
2026-07-07 10:42:53,F2,2.8194,OK,0
2026-07-07 10:43:03,F2,2.8200,OK,0
2026-07-07 10:43:13,F2,2.8206,OK,0
2026-07-07 10:43:24,F2,2.8212,OK,0
2026-07-07 10:43:34,F2,2.8218,OK,0
2026-07-07 10:43:44,F2,2.8224,OK,0
2026-07-07 10:43:54,F2,2.8230,OK,0
2026-07-07 10:44:05,F2,2.8236,OK,0
2026-07-07 10:44:15,F2,2.8242,OK,0
2026-07-07 10:44:25,F2,2.8248,OK,0
2026-07-07 10:44:36,F2,2.8254,OK,0
2026-07-07 10:44:46,F2,2.8260,OK,0
2026-07-07 10:44:56,F2,2.8266,OK,0
2026-07-07 10:45:07,F2,2.8272,OK,0
2026-07-07 10:45:17,F2,2.8278,OK,0
2026-07-07 10:45:27,F2,2.8284,OK,0
2026-07-07 10:45:38,F2,2.8290,OK,0
2026-07-07 10:45:48,F2,2.8296,OK,0
2026-07-07 10:45:58,F2,2.8302,OK,0
2026-07-07 10:46:09,F2,2.8308,OK,0
2026-07-07 10:46:19,F2,2.8314,OK,0
2026-07-07 10:46:29,F2,2.8320,OK,0
2026-07-07 10:46:40,F2,2.8325,OK,0
2026-07-07 10:46:50,F2,2.8331,OK,0
2026-07-07 10:47:00,F2,2.8337,OK,0
2026-07-07 10:47:11,F2,2.8342,OK,0
2026-07-07 10:47:21,F2,2.8348,OK,0
2026-07-07 10:47:31,F2,2.8353,OK,0
2026-07-07 10:47:42,F2,2.8358,OK,0
2026-07-07 10:47:52,F2,2.8364,OK,0
2026-07-07 10:48:02,F2,2.8369,OK,0
2026-07-07 10:48:13,F2,2.8374,OK,0
2026-07-07 10:48:23,F2,2.8379,OK,0
2026-07-07 10:48:33,F2,2.8384,OK,0
2026-07-07 10:48:44,F2,2.8388,OK,0
2026-07-07 10:48:54,F2,2.8393,OK,0
2026-07-07 10:49:04,F2,2.8398,OK,0
2026-07-07 10:49:15,F2,2.8402,OK,0
2026-07-07 10:49:25,F2,2.8407,OK,0
2026-07-07 10:49:35,F2,2.8411,OK,0
2026-07-07 10:49:46,F2,2.8416,OK,0
2026-07-07 10:49:56,F2,2.8420,OK,0
2026-07-07 10:50:06,F2,2.8424,OK,0
2026-07-07 10:50:17,F2,2.8428,OK,0
2026-07-07 10:50:27,F2,2.8432,OK,0
2026-07-07 10:50:38,F2,2.8436,OK,0
2026-07-07 10:50:48,F2,2.8440,OK,0
2026-07-07 10:50:58,F2,2.8444,OK,0
2026-07-07 10:51:09,F2,2.8448,OK,0
2026-07-07 10:51:19,F2,2.8451,OK,0
2026-07-07 10:51:29,F2,2.8455,OK,0
2026-07-07 10:51:40,F2,2.8459,OK,0
2026-07-07 10:51:50,F2,2.8462,OK,0
2026-07-07 10:52:00,F2,2.8466,OK,0
2026-07-07 10:52:11,F2,2.8470,OK,0
2026-07-07 10:52:21,F2,2.8473,OK,0
2026-07-07 10:52:31,F2,2.8477,OK,0
2026-07-07 10:52:42,F2,2.8480,OK,0
2026-07-07 10:52:52,F2,2.8484,OK,0
2026-07-07 10:53:02,F2,2.8487,OK,0
2026-07-07 10:53:13,F2,2.8491,OK,0
2026-07-07 10:53:23,F2,2.8494,OK,0
2026-07-07 10:53:33,F2,2.8497,OK,0
2026-07-07 10:53:43,F2,2.8501,OK,0
2026-07-07 10:53:54,F2,2.8504,OK,0
2026-07-07 10:54:04,F2,2.8508,OK,0
2026-07-07 10:54:15,F2,2.8511,OK,0
2026-07-07 10:54:25,F2,2.8514,OK,0
2026-07-07 10:54:35,F2,2.8518,OK,0
2026-07-07 10:54:46,F2,2.8521,OK,0
2026-07-07 10:54:56,F2,2.8525,OK,0
2026-07-07 10:55:06,F2,2.8528,OK,0
2026-07-07 10:55:17,F2,2.8531,OK,0
2026-07-07 10:55:27,F2,2.8535,OK,0
2026-07-07 10:55:37,F2,2.8538,OK,0
2026-07-07 10:55:48,F2,2.8542,OK,0
2026-07-07 10:55:58,F2,2.8545,OK,0
2026-07-07 10:56:08,F2,2.8549,OK,0
2026-07-07 10:56:19,F2,2.8552,OK,0
2026-07-07 10:56:29,F2,2.8556,OK,0
2026-07-07 10:56:39,F2,2.8559,OK,0
2026-07-07 10:56:49,F2,2.8563,OK,0
2026-07-07 10:57:00,F2,2.8567,OK,0
2026-07-07 10:57:10,F2,2.8570,OK,0
2026-07-07 10:57:21,F2,2.8574,OK,0
2026-07-07 10:57:31,F2,2.8578,OK,0
2026-07-07 10:57:41,F2,2.8582,OK,0
2026-07-07 10:57:51,F2,2.8586,OK,0
2026-07-07 10:58:02,F2,2.8590,OK,0
2026-07-07 10:58:12,F2,2.8594,OK,0
2026-07-07 10:58:22,F2,2.8598,OK,0
2026-07-07 10:58:33,F2,2.8602,OK,0
2026-07-07 10:58:43,F2,2.8606,OK,0
2026-07-07 10:58:53,F2,2.8610,OK,0
2026-07-07 10:59:04,F2,2.8614,OK,0
2026-07-07 10:59:14,F2,2.8619,OK,0
2026-07-07 10:59:25,F2,2.8623,OK,0
2026-07-07 10:59:35,F2,2.8628,OK,0
2026-07-07 10:59:45,F2,2.8632,OK,0
2026-07-07 10:59:56,F2,2.8637,OK,0
2026-07-07 11:00:06,F2,2.8642,OK,0
2026-07-07 11:00:16,F2,2.8646,OK,0
2026-07-07 11:00:27,F2,2.8651,OK,0
2026-07-07 11:00:37,F2,2.8656,OK,0
2026-07-07 11:00:47,F2,2.8661,OK,0
2026-07-07 11:00:58,F2,2.8666,OK,0
2026-07-07 11:01:08,F2,2.8672,OK,0
2026-07-07 11:01:18,F2,2.8677,OK,0
2026-07-07 11:01:29,F2,2.8682,OK,0
2026-07-07 11:01:39,F2,2.8688,OK,0
2026-07-07 11:01:49,F2,2.8693,OK,0
2026-07-07 11:02:00,F2,2.8699,OK,0
2026-07-07 11:02:10,F2,2.8705,OK,0
2026-07-07 11:02:20,F2,2.8710,OK,0
2026-07-07 11:02:31,F2,2.8716,OK,0
2026-07-07 11:02:41,F2,2.8722,OK,0
2026-07-07 11:02:51,F2,2.8728,OK,0
2026-07-07 11:03:02,F2,2.8735,OK,0
2026-07-07 11:03:12,F2,2.8741,OK,0
2026-07-07 11:03:22,F2,2.8747,OK,0
2026-07-07 11:03:33,F2,2.8754,OK,1
2026-07-07 11:03:43,F2,2.8761,OK,1
2026-07-07 11:03:53,F2,2.8767,OK,1
2026-07-07 11:04:04,F2,2.8774,OK,0
2026-07-07 11:04:14,F2,2.8781,OK,0
2026-07-07 11:04:24,F2,2.8788,OK,0
2026-07-07 11:04:35,F2,2.8795,OK,0
2026-07-07 11:04:45,F2,2.8802,OK,0
2026-07-07 11:04:55,F2,2.8810,OK,0
2026-07-07 11:05:06,F2,2.8817,OK,0
2026-07-07 11:05:16,F2,2.8825,OK,0
2026-07-07 11:05:26,F2,2.8832,OK,0
2026-07-07 11:05:37,F2,2.8840,OK,0
2026-07-07 11:05:47,F2,2.8847,OK,0
2026-07-07 11:05:57,F2,2.8855,OK,0
2026-07-07 11:06:08,F2,2.8863,OK,0
2026-07-07 11:06:18,F2,2.8871,OK,0
2026-07-07 11:06:28,F2,2.8879,OK,0
2026-07-07 11:06:39,F2,2.8887,OK,0
2026-07-07 11:06:49,F2,2.8895,OK,0
2026-07-07 11:06:59,F2,2.8903,OK,0
2026-07-07 11:07:10,F2,2.8911,OK,0
2026-07-07 11:07:20,F2,2.8919,OK,0
2026-07-07 11:07:30,F2,2.8927,OK,0
2026-07-07 11:07:41,F2,2.8935,OK,0
2026-07-07 11:07:51,F2,2.8943,OK,0
2026-07-07 11:08:01,F2,2.8951,OK,0
2026-07-07 11:08:12,F2,2.8959,OK,0
2026-07-07 11:08:22,F2,2.8967,OK,0
2026-07-07 11:08:32,F2,2.8975,OK,0
2026-07-07 11:08:43,F2,2.8983,OK,0
2026-07-07 11:08:53,F2,2.8991,OK,0
2026-07-07 11:09:03,F2,2.8999,OK,0
2026-07-07 11:09:13,F2,2.9007,OK,0
2026-07-07 11:09:24,F2,2.9015,OK,0
2026-07-07 11:09:34,F2,2.9023,OK,0
2026-07-07 11:09:44,F2,2.9031,OK,0
2026-07-07 11:09:55,F2,2.9039,OK,0
2026-07-07 11:10:05,F2,2.9046,OK,1
2026-07-07 11:10:15,F2,2.9054,OK,0
2026-07-07 11:10:26,F2,2.9062,OK,0
2026-07-07 11:10:36,F2,2.9069,OK,0
2026-07-07 11:10:46,F2,2.9077,OK,0
2026-07-07 11:10:57,F2,2.9085,OK,0
2026-07-07 11:11:07,F2,2.9092,OK,0
2026-07-07 11:11:17,F2,2.9100,OK,0
2026-07-07 11:11:28,F2,2.9107,OK,0
2026-07-07 11:11:38,F2,2.9114,OK,0
2026-07-07 11:11:49,F2,2.9122,OK,0
2026-07-07 11:11:59,F2,2.9129,OK,0
2026-07-07 11:12:09,F2,2.9136,OK,0
2026-07-07 11:12:20,F2,2.9143,OK,0
2026-07-07 11:12:30,F2,2.9151,OK,0
2026-07-07 11:12:40,F2,2.9158,OK,0
2026-07-07 11:12:50,F2,2.9165,OK,0
2026-07-07 11:13:01,F2,2.9172,OK,0
2026-07-07 11:13:11,F2,2.9179,OK,0
2026-07-07 11:13:21,F2,2.9187,OK,0
2026-07-07 11:13:32,F2,2.9194,OK,0
2026-07-07 11:13:42,F2,2.9201,OK,0
2026-07-07 11:13:52,F2,2.9208,OK,0
2026-07-07 11:14:03,F2,2.9215,OK,0
2026-07-07 11:14:13,F2,2.9222,OK,0
2026-07-07 11:14:23,F2,2.9229,OK,0
2026-07-07 11:14:34,F2,2.9236,OK,0
2026-07-07 11:14:44,F2,2.9243,OK,0
2026-07-07 11:14:54,F2,2.9250,OK,0
2026-07-07 11:15:05,F2,2.9257,OK,0
2026-07-07 11:15:15,F2,2.9264,OK,0
2026-07-07 11:15:25,F2,2.9272,OK,0
2026-07-07 11:15:36,F2,2.9279,OK,0
2026-07-07 11:15:46,F2,2.9286,OK,0
2026-07-07 11:15:56,F2,2.9293,OK,0
2026-07-07 11:16:07,F2,2.9300,OK,0
2026-07-07 11:16:17,F2,2.9307,OK,0
2026-07-07 11:16:27,F2,2.9314,OK,0
2026-07-07 11:16:38,F2,2.9321,OK,0
2026-07-07 11:16:48,F2,2.9328,OK,0
2026-07-07 11:16:58,F2,2.9335,OK,0
2026-07-07 11:17:09,F2,2.9342,OK,0
2026-07-07 11:17:19,F2,2.9350,OK,0
2026-07-07 11:17:29,F2,2.9357,OK,0
2026-07-07 11:17:40,F2,2.9364,OK,0
2026-07-07 11:17:50,F2,2.9371,OK,0
2026-07-07 11:18:00,F2,2.9378,OK,0
2026-07-07 11:18:11,F2,2.9385,OK,0
2026-07-07 11:18:21,F2,2.9393,OK,0
2026-07-07 11:18:31,F2,2.9400,OK,0
2026-07-07 11:18:42,F2,2.9407,OK,0
2026-07-07 11:18:52,F2,2.9414,OK,0
2026-07-07 11:19:02,F2,2.9422,OK,0
2026-07-07 11:19:13,F2,2.9429,OK,0
2026-07-07 11:19:23,F2,2.9436,OK,0
2026-07-07 11:19:33,F2,2.9444,OK,0
2026-07-07 11:19:44,F2,2.9451,OK,0
2026-07-07 11:19:54,F2,2.9459,OK,0
2026-07-07 11:20:04,F2,2.9466,OK,0
2026-07-07 11:20:15,F2,2.9474,OK,0
2026-07-07 11:20:25,F2,2.9481,OK,0
2026-07-07 11:20:35,F2,2.9489,OK,0
2026-07-07 11:20:46,F2,2.9496,OK,0
2026-07-07 11:20:56,F2,2.9504,OK,0
2026-07-07 11:21:06,F2,2.9512,OK,0
2026-07-07 11:21:17,F2,2.9519,OK,0
2026-07-07 11:21:27,F2,2.9527,OK,0
2026-07-07 11:21:37,F2,2.9535,OK,0
2026-07-07 11:21:48,F2,2.9542,OK,0
2026-07-07 11:21:58,F2,2.9550,OK,0
2026-07-07 11:22:08,F2,2.9558,OK,0
2026-07-07 11:22:19,F2,2.9565,OK,0
2026-07-07 11:22:29,F2,2.9573,OK,0
2026-07-07 11:22:39,F2,2.9580,OK,0
2026-07-07 11:22:50,F2,2.9588,OK,0
2026-07-07 11:23:00,F2,2.9596,OK,0
2026-07-07 11:23:10,F2,2.9603,OK,0
2026-07-07 11:23:21,F2,2.9611,OK,0
2026-07-07 11:23:31,F2,2.9618,OK,0
2026-07-07 11:23:41,F2,2.9626,OK,0
2026-07-07 11:23:52,F2,2.9633,OK,0
2026-07-07 11:24:02,F2,2.9640,OK,0
2026-07-07 11:24:12,F2,2.9647,OK,0
2026-07-07 11:24:23,F2,2.9655,OK,0
2026-07-07 11:24:33,F2,2.9662,OK,0
2026-07-07 11:24:43,F2,2.9669,OK,0
2026-07-07 11:24:54,F2,2.9676,OK,0
2026-07-07 11:25:04,F2,2.9683,OK,0
2026-07-07 11:25:14,F2,2.9690,OK,0
2026-07-07 11:25:25,F2,2.9696,OK,0
2026-07-07 11:25:35,F2,2.9703,OK,0
2026-07-07 11:25:46,F2,2.9709,OK,0
2026-07-07 11:25:56,F2,2.9716,OK,0
2026-07-07 11:26:06,F2,2.9722,OK,0
2026-07-07 11:26:17,F2,2.9729,OK,0
2026-07-07 11:26:27,F2,2.9735,OK,0
2026-07-07 11:26:37,F2,2.9741,OK,0
2026-07-07 11:26:48,F2,2.9747,OK,0
2026-07-07 11:26:58,F2,2.9752,OK,1
2026-07-07 11:27:08,F2,2.9758,OK,1
2026-07-07 11:27:19,F2,2.9764,OK,1
2026-07-07 11:27:29,F2,2.9769,OK,0
2026-07-07 11:27:39,F2,2.9775,OK,0
2026-07-07 11:27:50,F2,2.9780,OK,0
2026-07-07 11:28:00,F2,2.9785,OK,0
2026-07-07 11:28:10,F2,2.9790,OK,0
2026-07-07 11:28:21,F2,2.9795,OK,0
2026-07-07 11:28:31,F2,2.9799,OK,0
2026-07-07 11:28:41,F2,2.9804,OK,0
2026-07-07 11:28:52,F2,2.9809,OK,0
2026-07-07 11:29:02,F2,2.9813,OK,0
2026-07-07 11:29:12,F2,2.9817,OK,0
2026-07-07 11:29:23,F2,2.9822,OK,0
2026-07-07 11:29:33,F2,2.9826,OK,0
2026-07-07 11:29:43,F2,2.9830,OK,0
2026-07-07 11:29:54,F2,2.9834,OK,0
2026-07-07 11:30:04,F2,2.9838,OK,0
2026-07-07 11:30:14,F2,2.9842,OK,0
2026-07-07 11:30:25,F2,2.9846,OK,0
2026-07-07 11:30:35,F2,2.9849,OK,0
2026-07-07 11:30:45,F2,2.9853,OK,0
2026-07-07 11:30:56,F2,2.9857,OK,0
2026-07-07 11:31:06,F2,2.9860,OK,0
2026-07-07 11:31:16,F2,2.9864,OK,0
2026-07-07 11:31:27,F2,2.9867,OK,0
2026-07-07 11:31:37,F2,2.9871,OK,0
2026-07-07 11:31:47,F2,2.9874,OK,0
2026-07-07 11:31:58,F2,2.9878,OK,0
2026-07-07 11:32:08,F2,2.9881,OK,0
2026-07-07 11:32:18,F2,2.9884,OK,0
2026-07-07 11:32:29,F2,2.9888,OK,0
2026-07-07 11:32:39,F2,2.9891,OK,0
2026-07-07 11:32:49,F2,2.9894,OK,0
2026-07-07 11:33:00,F2,2.9897,OK,0
2026-07-07 11:33:10,F2,2.9901,OK,0
2026-07-07 11:33:20,F2,2.9904,OK,0
2026-07-07 11:33:31,F2,2.9907,OK,0
2026-07-07 11:33:41,F2,2.9910,OK,0
2026-07-07 11:33:51,F2,2.9913,OK,0
2026-07-07 11:34:02,F2,2.9916,OK,0
2026-07-07 11:34:12,F2,2.9919,OK,0
2026-07-07 11:34:22,F2,2.9922,OK,0
2026-07-07 11:34:33,F2,2.9925,OK,0
2026-07-07 11:34:43,F2,2.9929,OK,0
2026-07-07 11:34:53,F2,2.9932,OK,0
2026-07-07 11:35:04,F2,2.9935,OK,0
2026-07-07 11:35:14,F2,2.9938,OK,0
2026-07-07 11:35:24,F2,2.9941,OK,0
2026-07-07 11:35:35,F2,2.9944,OK,0
2026-07-07 11:35:45,F2,2.9947,OK,0
2026-07-07 11:35:55,F2,2.9950,OK,0
2026-07-07 11:36:06,F2,2.9954,OK,0
2026-07-07 11:36:16,F2,2.9957,OK,0
2026-07-07 11:36:26,F2,2.9960,OK,0
2026-07-07 11:36:37,F2,2.9963,OK,0
2026-07-07 11:36:47,F2,2.9967,OK,0
2026-07-07 11:36:57,F2,2.9970,OK,0
2026-07-07 11:37:08,F2,2.9973,OK,0
2026-07-07 11:37:18,F2,2.9977,OK,0
2026-07-07 11:37:28,F2,2.9980,OK,0
2026-07-07 11:37:39,F2,2.9984,OK,0
2026-07-07 11:37:49,F2,2.9987,OK,0
2026-07-07 11:37:59,F2,2.9991,OK,0
2026-07-07 11:38:10,F2,2.9995,OK,0
2026-07-07 11:38:20,F2,2.9998,OK,0
2026-07-07 11:38:30,F2,3.0002,OK,0
2026-07-07 11:38:41,F2,3.0006,OK,0
2026-07-07 11:38:51,F2,3.0010,OK,0
2026-07-07 11:39:01,F2,3.0014,OK,0
2026-07-07 11:39:12,F2,3.0018,OK,0
2026-07-07 11:39:22,F2,3.0022,OK,0
2026-07-07 11:39:32,F2,3.0027,OK,0
2026-07-07 11:39:43,F2,3.0031,OK,0
2026-07-07 11:39:53,F2,3.0036,OK,0
2026-07-07 11:40:03,F2,3.0040,OK,0
2026-07-07 11:40:14,F2,3.0045,OK,0
2026-07-07 11:40:24,F2,3.0050,OK,0
2026-07-07 11:40:34,F2,3.0055,OK,0
2026-07-07 11:40:45,F2,3.0060,OK,0
2026-07-07 11:40:55,F2,3.0065,OK,0
2026-07-07 11:41:05,F2,3.0070,OK,0
2026-07-07 11:41:16,F2,3.0076,OK,0
2026-07-07 11:41:26,F2,3.0081,OK,0
2026-07-07 11:41:36,F2,3.0087,OK,0
2026-07-07 11:41:47,F2,3.0093,OK,0
2026-07-07 11:41:57,F2,3.0099,OK,0
2026-07-07 11:42:07,F2,3.0105,OK,0
2026-07-07 11:42:18,F2,3.0111,OK,0
2026-07-07 11:42:28,F2,3.0117,OK,0
2026-07-07 11:42:38,F2,3.0124,OK,0
2026-07-07 11:42:49,F2,3.0130,OK,0
2026-07-07 11:42:59,F2,3.0137,OK,0
2026-07-07 11:43:09,F2,3.0144,OK,0
2026-07-07 11:43:20,F2,3.0151,OK,0
2026-07-07 11:43:30,F2,3.0158,OK,0
2026-07-07 11:43:40,F2,3.0165,OK,0
2026-07-07 11:43:51,F2,3.0173,OK,0
2026-07-07 11:44:01,F2,3.0180,OK,0
2026-07-07 11:44:11,F2,3.0188,OK,0
2026-07-07 11:44:22,F2,3.0196,OK,0
2026-07-07 11:44:32,F2,3.0204,OK,0
2026-07-07 11:44:42,F2,3.0212,OK,0
2026-07-07 11:44:53,F2,3.0221,OK,0
2026-07-07 11:45:03,F2,3.0229,OK,0
2026-07-07 11:45:13,F2,3.0238,OK,0
2026-07-07 11:45:24,F2,3.0247,OK,0
2026-07-07 11:45:34,F2,3.0256,OK,0
2026-07-07 11:45:44,F2,3.0265,OK,0
2026-07-07 11:45:55,F2,3.0274,OK,0
2026-07-07 11:46:05,F2,3.0284,OK,0
2026-07-07 11:46:15,F2,3.0294,OK,1
2026-07-07 11:46:26,F2,3.0303,OK,1
2026-07-07 11:46:36,F2,3.0313,OK,1
2026-07-07 11:46:46,F2,3.0323,OK,1
2026-07-07 11:46:57,F2,3.0334,OK,1
2026-07-07 11:47:07,F2,3.0344,OK,0
2026-07-07 11:47:17,F2,3.0355,OK,0
2026-07-07 11:47:28,F2,3.0366,OK,0
2026-07-07 11:47:38,F2,3.0376,OK,0
2026-07-07 11:47:48,F2,3.0388,OK,0
2026-07-07 11:47:59,F2,3.0399,OK,0
2026-07-07 11:48:09,F2,3.0410,OK,0
2026-07-07 11:48:19,F2,3.0421,OK,0
2026-07-07 11:48:30,F2,3.0433,OK,0
2026-07-07 11:48:40,F2,3.0445,OK,0
2026-07-07 11:48:50,F2,3.0456,OK,0
2026-07-07 11:49:01,F2,3.0468,OK,0
2026-07-07 11:49:11,F2,3.0480,OK,0
2026-07-07 11:49:21,F2,3.0492,OK,0
2026-07-07 11:49:31,F2,3.0504,OK,0
2026-07-07 11:49:42,F2,3.0516,OK,0
2026-07-07 11:49:52,F2,3.0529,OK,0
2026-07-07 11:50:02,F2,3.0541,OK,0
2026-07-07 11:50:13,F2,3.0553,OK,0
2026-07-07 11:50:23,F2,3.0565,OK,0
2026-07-07 11:50:33,F2,3.0578,OK,0
2026-07-07 11:50:44,F2,3.0590,OK,0
2026-07-07 11:50:54,F2,3.0602,OK,0
2026-07-07 11:51:04,F2,3.0615,OK,0
2026-07-07 11:51:15,F2,3.0627,OK,0
2026-07-07 11:51:25,F2,3.0639,OK,0
2026-07-07 11:51:35,F2,3.0652,OK,0
2026-07-07 11:51:46,F2,3.0664,OK,0
2026-07-07 11:51:56,F2,3.0676,OK,0
2026-07-07 11:52:06,F2,3.0688,OK,0
2026-07-07 11:52:17,F2,3.0700,OK,0
2026-07-07 11:52:27,F2,3.0712,OK,0
2026-07-07 11:52:37,F2,3.0724,OK,0
2026-07-07 11:52:48,F2,3.0736,OK,0
2026-07-07 11:52:58,F2,3.0748,OK,0
2026-07-07 11:53:09,F2,3.0760,OK,0
2026-07-07 11:53:19,F2,3.0772,OK,0
2026-07-07 11:53:29,F2,3.0783,OK,0
2026-07-07 11:53:40,F2,3.0795,OK,0
2026-07-07 11:53:50,F2,3.0806,OK,0
2026-07-07 11:54:00,F2,3.0818,OK,0
2026-07-07 11:54:11,F2,3.0829,OK,0
2026-07-07 11:54:21,F2,3.0840,OK,0
2026-07-07 11:54:31,F2,3.0851,OK,0
2026-07-07 11:54:42,F2,3.0862,OK,0
2026-07-07 11:54:52,F2,3.0873,OK,0
2026-07-07 11:55:02,F2,3.0884,OK,0
2026-07-07 11:55:13,F2,3.0895,OK,0
2026-07-07 11:55:23,F2,3.0906,OK,0
2026-07-07 11:55:33,F2,3.0916,OK,0
2026-07-07 11:55:44,F2,3.0927,OK,0
2026-07-07 11:55:54,F2,3.0937,OK,0
2026-07-07 11:56:04,F2,3.0948,OK,0
2026-07-07 11:56:15,F2,3.0958,OK,0
2026-07-07 11:56:25,F2,3.0968,OK,0
2026-07-07 11:56:35,F2,3.0979,OK,0
2026-07-07 11:56:46,F2,3.0989,OK,0
2026-07-07 11:56:56,F2,3.0999,OK,0
2026-07-07 11:57:06,F2,3.1009,OK,0
2026-07-07 11:57:17,F2,3.1019,OK,0
2026-07-07 11:57:27,F2,3.1029,OK,0
2026-07-07 11:57:37,F2,3.1039,OK,0
2026-07-07 11:57:48,F2,3.1049,OK,0
2026-07-07 11:57:58,F2,3.1059,OK,0
2026-07-07 11:58:08,F2,3.1069,OK,0
2026-07-07 11:58:19,F2,3.1079,OK,0
2026-07-07 11:58:29,F2,3.1089,OK,0
2026-07-07 11:58:39,F2,3.1099,OK,0
2026-07-07 11:58:50,F2,3.1109,OK,0
2026-07-07 11:59:00,F2,3.1118,OK,0
2026-07-07 11:59:10,F2,3.1128,OK,0
2026-07-07 11:59:21,F2,3.1138,OK,0
2026-07-07 11:59:31,F2,3.1148,OK,0
2026-07-07 11:59:41,F2,3.1157,OK,0
2026-07-07 11:59:52,F2,3.1167,OK,0
2026-07-07 12:00:02,F2,3.1177,OK,0
2026-07-07 12:00:12,F2,3.1186,OK,0
2026-07-07 12:00:23,F2,3.1196,OK,0
2026-07-07 12:00:33,F2,3.1206,OK,0
2026-07-07 12:00:43,F2,3.1215,OK,0
2026-07-07 12:00:54,F2,3.1225,OK,0
2026-07-07 12:01:04,F2,3.1234,OK,0
2026-07-07 12:01:14,F2,3.1244,OK,0
2026-07-07 12:01:25,F2,3.1253,OK,0
2026-07-07 12:01:35,F2,3.1263,OK,0
2026-07-07 12:01:45,F2,3.1272,OK,0
2026-07-07 12:01:56,F2,3.1282,OK,0
2026-07-07 12:02:06,F2,3.1291,OK,0
2026-07-07 12:02:16,F2,3.1301,OK,0
2026-07-07 12:02:27,F2,3.1310,OK,0
2026-07-07 12:02:37,F2,3.1320,OK,0
2026-07-07 12:02:47,F2,3.1329,OK,0
2026-07-07 12:02:58,F2,3.1339,OK,1
2026-07-07 12:03:08,F2,3.1348,OK,1
2026-07-07 12:03:18,F2,3.1358,OK,1
2026-07-07 12:03:29,F2,3.1367,OK,0
2026-07-07 12:03:39,F2,3.1377,OK,0
2026-07-07 12:03:49,F2,3.1386,OK,0
2026-07-07 12:04:00,F2,3.1395,OK,0
2026-07-07 12:04:10,F2,3.1405,OK,0
2026-07-07 12:04:20,F2,3.1414,OK,0
2026-07-07 12:04:31,F2,3.1424,OK,0
2026-07-07 12:04:41,F2,3.1433,OK,0
2026-07-07 12:04:51,F2,3.1443,OK,0
2026-07-07 12:05:02,F2,3.1453,OK,0
2026-07-07 12:05:12,F2,3.1462,OK,0
2026-07-07 12:05:22,F2,3.1472,OK,0
2026-07-07 12:05:33,F2,3.1481,OK,0
2026-07-07 12:05:43,F2,3.1491,OK,0
2026-07-07 12:05:53,F2,3.1501,OK,0
2026-07-07 12:06:04,F2,3.1510,OK,0
2026-07-07 12:06:14,F2,3.1520,OK,0
2026-07-07 12:06:24,F2,3.1530,OK,0
2026-07-07 12:06:35,F2,3.1540,OK,0
2026-07-07 12:06:45,F2,3.1550,OK,0
2026-07-07 12:06:55,F2,3.1560,OK,0
2026-07-07 12:07:06,F2,3.1570,OK,0
2026-07-07 12:07:16,F2,3.1580,OK,0
2026-07-07 12:07:26,F2,3.1590,OK,0
2026-07-07 12:07:37,F2,3.1600,OK,0
2026-07-07 12:07:47,F2,3.1611,OK,0
2026-07-07 12:07:57,F2,3.1621,OK,0
2026-07-07 12:08:08,F2,3.1631,OK,0
2026-07-07 12:08:18,F2,3.1642,OK,0
2026-07-07 12:08:28,F2,3.1652,OK,0
2026-07-07 12:08:39,F2,3.1663,OK,0
2026-07-07 12:08:49,F2,3.1674,OK,0
2026-07-07 12:08:59,F2,3.1684,OK,0
2026-07-07 12:09:10,F2,3.1695,OK,0
2026-07-07 12:09:20,F2,3.1706,OK,0
2026-07-07 12:09:30,F2,3.1717,OK,0
2026-07-07 12:09:41,F2,3.1728,OK,0
2026-07-07 12:09:51,F2,3.1739,OK,0
2026-07-07 12:10:01,F2,3.1750,OK,0
2026-07-07 12:10:12,F2,3.1761,OK,0
2026-07-07 12:10:22,F2,3.1773,OK,0
2026-07-07 12:10:32,F2,3.1784,OK,0
2026-07-07 12:10:43,F2,3.1796,OK,0
2026-07-07 12:10:53,F2,3.1807,OK,0
2026-07-07 12:11:03,F2,3.1819,OK,0
2026-07-07 12:11:14,F2,3.1830,OK,0
2026-07-07 12:11:24,F2,3.1842,OK,0
2026-07-07 12:11:34,F2,3.1854,OK,0
2026-07-07 12:11:45,F2,3.1866,OK,0
2026-07-07 12:11:55,F2,3.1878,OK,0
2026-07-07 12:12:05,F2,3.1890,OK,0
2026-07-07 12:12:16,F2,3.1902,OK,0
2026-07-07 12:12:26,F2,3.1914,OK,0
2026-07-07 12:12:36,F2,3.1926,OK,0
2026-07-07 12:12:47,F2,3.1939,OK,0
2026-07-07 12:12:57,F2,3.1951,OK,0
2026-07-07 12:13:07,F2,3.1964,OK,0
2026-07-07 12:13:18,F2,3.1976,OK,0
2026-07-07 12:13:28,F2,3.1989,OK,0
2026-07-07 12:13:38,F2,3.2002,OK,0
2026-07-07 12:13:49,F2,3.2015,OK,0
2026-07-07 12:13:59,F2,3.2028,OK,0
2026-07-07 12:14:09,F2,3.2041,OK,0
2026-07-07 12:14:20,F2,3.2054,OK,0
2026-07-07 12:14:30,F2,3.2067,OK,0
2026-07-07 12:14:40,F2,3.2080,OK,0
2026-07-07 12:14:51,F2,3.2094,OK,0
2026-07-07 12:15:01,F2,3.2107,OK,0
2026-07-07 12:15:11,F2,3.2121,OK,0
2026-07-07 12:15:22,F2,3.2134,OK,0
2026-07-07 12:15:32,F2,3.2148,OK,0
2026-07-07 12:15:42,F2,3.2162,OK,0
2026-07-07 12:15:53,F2,3.2176,OK,0
2026-07-07 12:16:03,F2,3.2190,OK,0
2026-07-07 12:16:13,F2,3.2204,OK,0
2026-07-07 12:16:24,F2,3.2218,OK,0
2026-07-07 12:16:34,F2,3.2232,OK,0
2026-07-07 12:16:44,F2,3.2246,OK,0
2026-07-07 12:16:55,F2,3.2261,OK,0
2026-07-07 12:17:05,F2,3.2275,OK,0
2026-07-07 12:17:15,F2,3.2290,OK,0
2026-07-07 12:17:26,F2,3.2305,OK,0
2026-07-07 12:17:36,F2,3.2319,OK,0
2026-07-07 12:17:46,F2,3.2334,OK,0
2026-07-07 12:17:57,F2,3.2349,OK,0
2026-07-07 12:18:07,F2,3.2364,OK,0
2026-07-07 12:18:17,F2,3.2379,OK,0
2026-07-07 12:18:28,F2,3.2395,OK,0
2026-07-07 12:18:38,F2,3.2410,OK,0
2026-07-07 12:18:48,F2,3.2425,OK,0
2026-07-07 12:18:59,F2,3.2441,OK,0
2026-07-07 12:19:09,F2,3.2456,OK,0
2026-07-07 12:19:19,F2,3.2472,OK,0
2026-07-07 12:19:30,F2,3.2488,OK,0
2026-07-07 12:19:40,F2,3.2504,OK,0
2026-07-07 12:19:50,F2,3.2520,OK,0
2026-07-07 12:20:01,F2,3.2536,OK,0
2026-07-07 12:20:11,F2,3.2552,OK,0
2026-07-07 12:20:21,F2,3.2568,OK,0
2026-07-07 12:20:32,F2,3.2584,OK,0
2026-07-07 12:20:42,F2,3.2600,OK,0
2026-07-07 12:20:52,F2,3.2616,OK,0
2026-07-07 12:21:03,F2,3.2633,OK,0
2026-07-07 12:21:13,F2,3.2649,OK,0
2026-07-07 12:21:23,F2,3.2666,OK,0
2026-07-07 12:21:34,F2,3.2682,OK,0
2026-07-07 12:21:44,F2,3.2699,OK,0
2026-07-07 12:21:54,F2,3.2715,OK,0
2026-07-07 12:22:05,F2,3.2732,OK,0
2026-07-07 12:22:15,F2,3.2749,OK,0
2026-07-07 12:22:25,F2,3.2766,OK,0
2026-07-07 12:22:36,F2,3.2783,OK,0
2026-07-07 12:22:46,F2,3.2800,OK,0
2026-07-07 12:22:56,F2,3.2817,OK,0
2026-07-07 12:23:07,F2,3.2834,OK,1
2026-07-07 12:23:17,F2,3.2851,Bajo rango,1
2026-07-07 12:23:27,F2,3.2868,Bajo rango,1
2026-07-07 12:23:38,F2,3.2885,Bajo rango,1
2026-07-07 12:23:48,F2,3.2902,Bajo rango,1
2026-07-07 12:23:58,F2,3.2919,OK,1
2026-07-07 12:24:09,F2,3.2937,OK,0
2026-07-07 12:24:19,F2,3.2954,OK,0
2026-07-07 12:24:29,F2,3.2972,OK,0
2026-07-07 12:24:40,F2,3.2989,OK,1
2026-07-07 12:24:50,F2,3.3007,OK,0
2026-07-07 12:25:00,F2,3.3025,OK,0
2026-07-07 12:25:11,F2,3.3043,OK,0
2026-07-07 12:25:21,F2,3.3062,OK,0
2026-07-07 12:25:31,F2,3.3080,OK,0
2026-07-07 12:25:42,F2,3.3100,OK,0
2026-07-07 12:25:52,F2,3.3119,OK,0
2026-07-07 12:26:02,F2,3.3140,OK,0
2026-07-07 12:26:13,F2,3.3160,OK,0
2026-07-07 12:26:23,F2,3.3181,OK,0
2026-07-07 12:26:33,F2,3.3202,OK,0
2026-07-07 12:26:44,F2,3.3223,OK,0
2026-07-07 12:26:54,F2,3.3245,OK,0
2026-07-07 12:27:04,F2,3.3267,OK,0
2026-07-07 12:27:15,F2,3.3290,OK,0
2026-07-07 12:27:25,F2,3.3313,OK,0
2026-07-07 12:27:35,F2,3.3336,OK,0
2026-07-07 12:27:46,F2,3.3360,OK,0
2026-07-07 12:27:56,F2,3.3384,OK,0
2026-07-07 12:28:06,F2,3.3409,OK,0
2026-07-07 12:28:17,F2,3.3434,OK,0
2026-07-07 12:28:27,F2,3.3459,OK,0
2026-07-07 12:28:37,F2,3.3485,OK,0
2026-07-07 12:28:48,F2,3.3511,OK,0
2026-07-07 12:28:58,F2,3.3537,OK,0
2026-07-07 12:29:08,F2,3.3564,OK,0
2026-07-07 12:29:19,F2,3.3592,OK,0
2026-07-07 12:29:29,F2,3.3620,OK,0
2026-07-07 12:29:39,F2,3.3648,OK,1
2026-07-07 12:29:50,F2,3.3677,OK,0
2026-07-07 12:30:00,F2,3.3706,OK,0
2026-07-07 12:30:10,F2,3.3735,OK,0
2026-07-07 12:30:21,F2,3.3765,OK,0
2026-07-07 12:30:31,F2,3.3796,OK,0
2026-07-07 12:30:41,F2,3.3827,OK,0
2026-07-07 12:30:52,F2,3.3858,OK,0
2026-07-07 12:31:02,F2,3.3889,OK,0
2026-07-07 12:31:12,F2,3.3921,OK,0
2026-07-07 12:31:23,F2,3.3954,OK,0
2026-07-07 12:31:33,F2,3.3987,OK,0
2026-07-07 12:31:43,F2,3.4020,OK,0
2026-07-07 12:31:54,F2,3.4053,OK,0
2026-07-07 12:32:04,F2,3.4087,OK,0
2026-07-07 12:32:14,F2,3.4122,OK,0
2026-07-07 12:32:25,F2,3.4156,OK,0
2026-07-07 12:32:35,F2,3.4191,OK,0
2026-07-07 12:32:45,F2,3.4227,OK,0
2026-07-07 12:32:56,F2,3.4263,OK,0
2026-07-07 12:33:06,F2,3.4299,OK,0
2026-07-07 12:33:16,F2,3.4335,OK,0
2026-07-07 12:33:27,F2,3.4372,OK,0
2026-07-07 12:33:37,F2,3.4409,OK,0
2026-07-07 12:33:47,F2,3.4446,OK,0
2026-07-07 12:33:58,F2,3.4484,OK,0
2026-07-07 12:34:08,F2,3.4522,OK,0
2026-07-07 12:34:18,F2,3.4561,OK,0
2026-07-07 12:34:29,F2,3.4599,OK,0
2026-07-07 12:34:39,F2,3.4638,OK,0
2026-07-07 12:34:49,F2,3.4677,OK,0
2026-07-07 12:35:00,F2,3.4716,OK,0
2026-07-07 12:35:10,F2,3.4756,OK,0
2026-07-07 12:35:20,F2,3.4796,OK,0
2026-07-07 12:35:31,F2,3.4836,OK,0
2026-07-07 12:35:41,F2,3.4876,OK,0
2026-07-07 12:35:51,F2,3.4917,OK,0
2026-07-07 12:36:02,F2,3.4958,OK,0
2026-07-07 12:36:12,F2,3.4999,OK,0
2026-07-07 12:36:22,F2,3.5040,OK,0
2026-07-07 12:36:33,F2,3.5081,OK,0
2026-07-07 12:36:43,F2,3.5123,OK,0
2026-07-07 12:36:53,F2,3.5164,OK,0
2026-07-07 12:37:04,F2,3.5206,OK,0
2026-07-07 12:37:14,F2,3.5248,OK,0
2026-07-07 12:37:24,F2,3.5290,OK,0
2026-07-07 12:37:35,F2,3.5332,OK,0
2026-07-07 12:37:45,F2,3.5375,OK,0
2026-07-07 12:37:55,F2,3.5417,OK,0
2026-07-07 12:38:06,F2,3.5460,OK,0
2026-07-07 12:38:16,F2,3.5503,OK,0
2026-07-07 12:38:26,F2,3.5546,OK,0
2026-07-07 12:38:37,F2,3.5589,OK,0
2026-07-07 12:38:47,F2,3.5632,OK,0
2026-07-07 12:38:57,F2,3.5675,OK,0
2026-07-07 12:39:08,F2,3.5718,OK,0
2026-07-07 12:39:18,F2,3.5762,OK,0
2026-07-07 12:39:28,F2,3.5805,OK,0
2026-07-07 12:39:39,F2,3.5849,OK,0
2026-07-07 12:39:49,F2,3.5892,OK,0
2026-07-07 12:39:59,F2,3.5936,OK,0
2026-07-07 12:40:10,F2,3.5980,OK,0
2026-07-07 12:40:20,F2,3.6024,OK,0
2026-07-07 12:40:30,F2,3.6067,OK,0
2026-07-07 12:40:41,F2,3.6111,OK,0
2026-07-07 12:40:51,F2,3.6155,OK,0
2026-07-07 12:41:01,F2,3.6199,OK,0
2026-07-07 12:41:12,F2,3.6243,OK,0
2026-07-07 12:41:22,F2,3.6286,OK,0
2026-07-07 12:41:32,F2,3.6330,OK,0
2026-07-07 12:41:43,F2,3.6374,OK,0
2026-07-07 12:41:53,F2,3.6418,OK,0
2026-07-07 12:42:03,F2,3.6462,OK,0
2026-07-07 12:42:14,F2,3.6506,OK,0
2026-07-07 12:42:24,F2,3.6549,OK,0
2026-07-07 12:42:34,F2,3.6593,OK,0
2026-07-07 12:42:45,F2,3.6637,OK,0
2026-07-07 12:42:55,F2,3.6680,OK,0
2026-07-07 12:43:05,F2,3.6724,OK,0
2026-07-07 12:43:15,F2,3.6768,OK,0
2026-07-07 12:43:26,F2,3.6811,OK,0
2026-07-07 12:43:36,F2,3.6855,OK,0
2026-07-07 12:43:47,F2,3.6898,OK,0
2026-07-07 12:43:57,F2,3.6941,OK,0
2026-07-07 12:44:07,F2,3.6984,OK,0
2026-07-07 12:44:18,F2,3.7028,OK,0
2026-07-07 12:44:28,F2,3.7071,OK,0
2026-07-07 12:44:38,F2,3.7114,OK,0
2026-07-07 12:44:49,F2,3.7157,OK,0
2026-07-07 12:44:59,F2,3.7199,OK,0
2026-07-07 12:45:09,F2,3.7242,OK,0
2026-07-07 12:45:20,F2,3.7285,OK,0
2026-07-07 12:45:30,F2,3.7327,OK,0
2026-07-07 12:45:40,F2,3.7370,OK,0
2026-07-07 12:45:51,F2,3.7412,OK,0
2026-07-07 12:46:01,F2,3.7454,OK,0
2026-07-07 12:46:11,F2,3.7496,OK,0
2026-07-07 12:46:22,F2,3.7538,OK,0
2026-07-07 12:46:32,F2,3.7580,OK,0
2026-07-07 12:46:42,F2,3.7621,OK,0
2026-07-07 12:46:53,F2,3.7663,OK,0
2026-07-07 12:47:03,F2,3.7704,OK,0
2026-07-07 12:47:13,F2,3.7745,OK,0
2026-07-07 12:47:24,F2,3.7786,OK,0
2026-07-07 12:47:34,F2,3.7827,OK,0
2026-07-07 12:47:44,F2,3.7868,OK,0
2026-07-07 12:47:55,F2,3.7908,OK,0
2026-07-07 12:48:05,F2,3.7949,OK,0
2026-07-07 12:48:15,F2,3.7989,OK,0
2026-07-07 12:48:26,F2,3.8029,OK,0
2026-07-07 12:48:36,F2,3.8069,OK,0
2026-07-07 12:48:46,F2,3.8109,OK,0
2026-07-07 12:48:57,F2,3.8148,OK,0
2026-07-07 12:49:07,F2,3.8188,OK,0
2026-07-07 12:49:17,F2,3.8227,OK,0
2026-07-07 12:49:28,F2,3.8266,OK,0
2026-07-07 12:49:38,F2,3.8305,OK,0
2026-07-07 12:49:48,F2,3.8344,OK,0
2026-07-07 12:49:59,F2,3.8382,OK,0
2026-07-07 12:50:09,F2,3.8420,OK,0
2026-07-07 12:50:19,F2,3.8458,OK,0
2026-07-07 12:50:30,F2,3.8496,OK,0
2026-07-07 12:50:40,F2,3.8534,OK,0
2026-07-07 12:50:50,F2,3.8572,OK,0
2026-07-07 12:51:00,F2,3.8609,OK,0
2026-07-07 12:51:11,F2,3.8646,OK,0
2026-07-07 12:51:21,F2,3.8683,OK,0
2026-07-07 12:51:32,F2,3.8720,OK,0
2026-07-07 12:51:42,F2,3.8756,OK,0
2026-07-07 12:51:52,F2,3.8793,OK,0
2026-07-07 12:52:02,F2,3.8829,OK,0
2026-07-07 12:52:13,F2,3.8864,OK,0
2026-07-07 12:52:23,F2,3.8900,OK,0
2026-07-07 12:52:33,F2,3.8936,OK,0
2026-07-07 12:52:44,F2,3.8971,OK,0
2026-07-07 12:52:54,F2,3.9006,OK,0
2026-07-07 12:53:04,F2,3.9040,OK,0
2026-07-07 12:53:15,F2,3.9075,OK,0
2026-07-07 12:53:25,F2,3.9109,OK,0
2026-07-07 12:53:35,F2,3.9143,OK,0
2026-07-07 12:53:46,F2,3.9177,OK,0
2026-07-07 12:53:56,F2,3.9210,OK,0
2026-07-07 12:54:06,F2,3.9244,OK,0
2026-07-07 12:54:17,F2,3.9277,OK,0
2026-07-07 12:54:27,F2,3.9310,OK,0
2026-07-07 12:54:37,F2,3.9342,OK,0
2026-07-07 12:54:48,F2,3.9374,OK,0
2026-07-07 12:54:58,F2,3.9406,OK,0
2026-07-07 12:55:08,F2,3.9438,OK,0
2026-07-07 12:55:19,F2,3.9470,OK,0
2026-07-07 12:55:29,F2,3.9501,OK,0
2026-07-07 12:55:39,F2,3.9532,OK,0
2026-07-07 12:55:50,F2,3.9563,OK,0
2026-07-07 12:56:00,F2,3.9593,OK,0
2026-07-07 12:56:10,F2,3.9624,OK,0
2026-07-07 12:56:21,F2,3.9653,OK,0
2026-07-07 12:56:31,F2,3.9683,OK,0
2026-07-07 12:56:41,F2,3.9713,OK,0
2026-07-07 12:56:52,F2,3.9742,OK,0
2026-07-07 12:57:02,F2,3.9771,OK,0
2026-07-07 12:57:12,F2,3.9799,OK,0
2026-07-07 12:57:23,F2,3.9828,OK,0
2026-07-07 12:57:33,F2,3.9856,OK,0
2026-07-07 12:57:43,F2,3.9883,OK,0
2026-07-07 12:57:54,F2,3.9911,OK,0
2026-07-07 12:58:04,F2,3.9938,OK,0
2026-07-07 12:58:14,F2,3.9965,OK,0
2026-07-07 12:58:25,F2,3.9992,OK,0
2026-07-07 12:58:35,F2,4.0018,OK,0
2026-07-07 12:58:45,F2,4.0045,OK,0
2026-07-07 12:58:56,F2,4.0070,OK,0
2026-07-07 12:59:06,F2,4.0096,OK,0
2026-07-07 12:59:16,F2,4.0121,OK,0
2026-07-07 12:59:27,F2,4.0146,OK,0
2026-07-07 12:59:37,F2,4.0171,OK,0
2026-07-07 12:59:47,F2,4.0196,OK,0
2026-07-07 12:59:58,F2,4.0220,OK,0
2026-07-07 13:00:08,F2,4.0244,OK,0
2026-07-07 13:00:18,F2,4.0268,OK,0
2026-07-07 13:00:29,F2,4.0291,OK,0
2026-07-07 13:00:39,F2,4.0314,OK,0
2026-07-07 13:00:49,F2,4.0337,OK,0
2026-07-07 13:01:00,F2,4.0360,OK,0
2026-07-07 13:01:10,F2,4.0383,OK,0
2026-07-07 13:01:20,F2,4.0405,OK,0
2026-07-07 13:01:31,F2,4.0427,OK,0
2026-07-07 13:01:41,F2,4.0449,OK,0
2026-07-07 13:01:51,F2,4.0470,OK,0
2026-07-07 13:02:02,F2,4.0491,OK,0
2026-07-07 13:02:12,F2,4.0512,OK,0
2026-07-07 13:02:22,F2,4.0533,OK,0
2026-07-07 13:02:33,F2,4.0553,OK,0
2026-07-07 13:02:43,F2,4.0574,OK,0
2026-07-07 13:02:53,F2,4.0594,OK,0
2026-07-07 13:03:04,F2,4.0614,OK,0
2026-07-07 13:03:14,F2,4.0633,OK,0
2026-07-07 13:03:24,F2,4.0653,OK,0
2026-07-07 13:03:35,F2,4.0672,OK,0
2026-07-07 13:03:45,F2,4.0691,OK,0
2026-07-07 13:03:55,F2,4.0709,OK,0
2026-07-07 13:04:05,F2,4.0728,OK,0
2026-07-07 13:04:16,F2,4.0746,OK,0
2026-07-07 13:04:26,F2,4.0764,OK,0
2026-07-07 13:04:37,F2,4.0782,OK,0
2026-07-07 13:04:47,F2,4.0799,OK,0
2026-07-07 13:04:57,F2,4.0817,OK,0
2026-07-07 13:05:07,F2,4.0834,OK,0
2026-07-07 13:05:18,F2,4.0851,OK,0
2026-07-07 13:05:28,F2,4.0867,OK,0
2026-07-07 13:05:38,F2,4.0884,OK,0
2026-07-07 13:05:49,F2,4.0900,OK,0
2026-07-07 13:05:59,F2,4.0916,OK,0
2026-07-07 13:06:09,F2,4.0932,OK,0
2026-07-07 13:06:20,F2,4.0947,OK,0
2026-07-07 13:06:30,F2,4.0962,OK,0
2026-07-07 13:06:40,F2,4.0977,OK,0
2026-07-07 13:06:51,F2,4.0992,OK,0
2026-07-07 13:07:01,F2,4.1007,OK,0
2026-07-07 13:07:11,F2,4.1021,OK,0
2026-07-07 13:07:22,F2,4.1035,OK,0
2026-07-07 13:07:32,F2,4.1049,OK,0
2026-07-07 13:07:42,F2,4.1063,OK,0
2026-07-07 13:07:53,F2,4.1077,OK,0
2026-07-07 13:08:03,F2,4.1090,OK,0
2026-07-07 13:08:13,F2,4.1103,OK,0
2026-07-07 13:08:24,F2,4.1116,OK,0
2026-07-07 13:08:34,F2,4.1128,OK,0
2026-07-07 13:08:44,F2,4.1141,OK,0
2026-07-07 13:08:55,F2,4.1153,OK,0
2026-07-07 13:09:05,F2,4.1165,OK,0
2026-07-07 13:09:15,F2,4.1177,OK,0
2026-07-07 13:09:26,F2,4.1188,OK,0
2026-07-07 13:09:36,F2,4.1200,OK,0
2026-07-07 13:09:46,F2,4.1211,OK,0
2026-07-07 13:09:57,F2,4.1222,OK,0
2026-07-07 13:10:07,F2,4.1233,OK,0
2026-07-07 13:10:17,F2,4.1243,OK,0
2026-07-07 13:10:28,F2,4.1253,OK,0
2026-07-07 13:10:38,F2,4.1264,OK,0
2026-07-07 13:10:48,F2,4.1274,OK,0
2026-07-07 13:10:59,F2,4.1283,OK,0
2026-07-07 13:11:09,F2,4.1293,OK,0
2026-07-07 13:11:19,F2,4.1302,OK,0
2026-07-07 13:11:30,F2,4.1311,OK,0
2026-07-07 13:11:40,F2,4.1320,OK,0
2026-07-07 13:11:50,F2,4.1329,OK,0
2026-07-07 13:12:01,F2,4.1337,OK,0
2026-07-07 13:12:11,F2,4.1346,OK,0
2026-07-07 13:12:21,F2,4.1354,OK,0
2026-07-07 13:12:32,F2,4.1362,OK,0
2026-07-07 13:12:42,F2,4.1370,OK,0
2026-07-07 13:12:52,F2,4.1377,OK,0
2026-07-07 13:13:03,F2,4.1385,OK,0
2026-07-07 13:13:13,F2,4.1392,OK,0
2026-07-07 13:13:23,F2,4.1399,OK,0
2026-07-07 13:13:34,F2,4.1406,OK,0
2026-07-07 13:13:44,F2,4.1413,OK,0
2026-07-07 13:13:54,F2,4.1420,OK,0
2026-07-07 13:14:05,F2,4.1427,OK,0
2026-07-07 13:14:15,F2,4.1433,OK,0
2026-07-07 13:14:25,F2,4.1439,OK,0
2026-07-07 13:14:36,F2,4.1445,OK,0
2026-07-07 13:14:46,F2,4.1451,OK,0
2026-07-07 13:14:56,F2,4.1457,OK,0
2026-07-07 13:15:07,F2,4.1463,OK,0
2026-07-07 13:15:17,F2,4.1469,OK,0
2026-07-07 13:15:27,F2,4.1474,OK,0
2026-07-07 13:15:38,F2,4.1479,OK,0
2026-07-07 13:15:48,F2,4.1485,OK,0
2026-07-07 13:15:58,F2,4.1490,OK,0
2026-07-07 13:16:09,F2,4.1495,OK,0
2026-07-07 13:16:19,F2,4.1500,OK,0
2026-07-07 13:16:29,F2,4.1505,OK,0
2026-07-07 13:16:40,F2,4.1509,OK,0
2026-07-07 13:16:50,F2,4.1514,OK,0
2026-07-07 13:17:00,F2,4.1519,OK,0
2026-07-07 13:17:11,F2,4.1523,OK,0
2026-07-07 13:17:21,F2,4.1527,OK,0
2026-07-07 13:17:31,F2,4.1532,OK,0
2026-07-07 13:17:42,F2,4.1536,OK,0
2026-07-07 13:17:52,F2,4.1540,OK,0
2026-07-07 13:18:02,F2,4.1544,OK,0
2026-07-07 13:18:13,F2,4.1547,OK,0
2026-07-07 13:18:23,F2,4.1551,OK,0
2026-07-07 13:18:33,F2,4.1555,OK,0
2026-07-07 13:18:44,F2,4.1558,OK,0
2026-07-07 13:18:54,F2,4.1562,OK,0
2026-07-07 13:19:04,F2,4.1565,OK,0
2026-07-07 13:19:15,F2,4.1568,OK,0
2026-07-07 13:19:25,F2,4.1572,OK,0
2026-07-07 13:19:35,F2,4.1575,OK,0
2026-07-07 13:19:45,F2,4.1578,OK,0
2026-07-07 13:19:56,F2,4.1581,OK,0
2026-07-07 13:20:06,F2,4.1583,OK,0
2026-07-07 13:20:16,F2,4.1586,OK,0
2026-07-07 13:20:27,F2,4.1589,OK,0
2026-07-07 13:20:37,F2,4.1591,OK,0
2026-07-07 13:20:47,F2,4.1594,OK,0
2026-07-07 13:20:58,F2,4.1596,OK,0
2026-07-07 13:21:08,F2,4.1599,OK,0
2026-07-07 13:21:18,F2,4.1601,OK,0
2026-07-07 13:21:29,F2,4.1603,OK,0
2026-07-07 13:21:39,F2,4.1605,OK,0
2026-07-07 13:21:49,F2,4.1607,OK,0
2026-07-07 13:22:00,F2,4.1609,OK,0
2026-07-07 13:22:10,F2,4.1611,OK,0
2026-07-07 13:22:20,F2,4.1613,OK,0
2026-07-07 13:22:31,F2,4.1615,OK,0
2026-07-07 13:22:41,F2,4.1616,OK,0
2026-07-07 13:22:51,F2,4.1618,OK,0
2026-07-07 13:23:02,F2,4.1619,OK,0
2026-07-07 13:23:12,F2,4.1621,OK,0
2026-07-07 13:23:22,F2,4.1622,OK,0
2026-07-07 13:23:33,F2,4.1623,OK,0
2026-07-07 13:23:43,F2,4.1625,OK,0
2026-07-07 13:23:53,F2,4.1626,OK,0
2026-07-07 13:24:04,F2,4.1627,OK,0
2026-07-07 13:24:14,F2,4.1628,OK,0
2026-07-07 13:24:24,F2,4.1629,OK,0
2026-07-07 13:24:35,F2,4.1630,OK,0
2026-07-07 13:24:45,F2,4.1630,OK,0
2026-07-07 13:24:55,F2,4.1631,OK,0
2026-07-07 13:25:06,F2,4.1632,OK,0
2026-07-07 13:25:16,F2,4.1633,OK,0
2026-07-07 13:25:26,F2,4.1633,OK,0
2026-07-07 13:25:37,F2,4.1634,OK,0
2026-07-07 13:25:47,F2,4.1634,OK,0
2026-07-07 13:25:57,F2,4.1635,OK,0
2026-07-07 13:26:08,F2,4.1635,OK,0
2026-07-07 13:26:18,F2,4.1636,OK,0
2026-07-07 13:26:28,F2,4.1636,OK,0
2026-07-07 13:26:39,F2,4.1636,OK,0
2026-07-07 13:26:49,F2,4.1637,OK,0
2026-07-07 13:26:59,F2,4.1637,OK,0
2026-07-07 13:27:10,F2,4.1637,OK,0
2026-07-07 13:27:20,F2,4.1638,OK,0
2026-07-07 13:27:30,F2,4.1638,OK,0
2026-07-07 13:27:41,F2,4.1638,OK,0
2026-07-07 13:27:51,F2,4.1638,OK,0
2026-07-07 13:28:01,F2,4.1639,OK,0
2026-07-07 13:28:12,F2,4.1639,OK,0
2026-07-07 13:28:22,F2,4.1639,OK,0
2026-07-07 13:28:32,F2,4.1639,OK,0
2026-07-07 13:28:43,F2,4.1639,OK,0
2026-07-07 13:28:53,F2,4.1639,OK,0
2026-07-07 13:29:03,F2,4.1640,OK,0
2026-07-07 13:29:14,F2,4.1640,OK,0
2026-07-07 13:29:24,F2,4.1640,OK,0
2026-07-07 13:29:34,F2,4.1640,OK,0
2026-07-07 13:29:45,F2,4.1640,OK,0
2026-07-07 13:29:55,F2,4.1641,OK,0
2026-07-07 13:30:05,F2,4.1641,OK,0
2026-07-07 13:30:16,F2,4.1641,OK,0
2026-07-07 13:30:26,F2,4.1641,OK,0
2026-07-07 13:30:36,F2,4.1641,OK,0
2026-07-07 13:30:47,F2,4.1642,OK,0
2026-07-07 13:30:57,F2,4.1642,OK,0
2026-07-07 13:31:07,F2,4.1642,OK,0
2026-07-07 13:31:18,F2,4.1642,OK,0
2026-07-07 13:31:28,F2,4.1643,OK,0
2026-07-07 13:31:38,F2,4.1643,OK,0
2026-07-07 13:31:49,F2,4.1643,OK,0
2026-07-07 13:31:59,F2,4.1644,OK,0
2026-07-07 13:32:09,F2,4.1644,OK,0
2026-07-07 13:32:20,F2,4.1645,OK,0
2026-07-07 13:32:30,F2,4.1645,OK,0
2026-07-07 13:32:40,F2,4.1646,OK,0
2026-07-07 13:32:51,F2,4.1646,OK,0
2026-07-07 13:33:01,F2,4.1647,OK,0
2026-07-07 13:33:11,F2,4.1647,OK,0
2026-07-07 13:33:22,F2,4.1648,OK,0
2026-07-07 13:33:32,F2,4.1649,OK,0
2026-07-07 13:33:42,F2,4.1649,OK,0
2026-07-07 13:33:53,F2,4.1650,OK,0
2026-07-07 13:34:03,F2,4.1651,OK,0
2026-07-07 13:34:13,F2,4.1652,OK,0
2026-07-07 13:34:24,F2,4.1653,OK,0
2026-07-07 13:34:34,F2,4.1654,OK,0
2026-07-07 13:34:44,F2,4.1655,OK,0
2026-07-07 13:34:55,F2,4.1656,OK,0
2026-07-07 13:35:05,F2,4.1657,OK,0
2026-07-07 13:35:15,F2,4.1658,OK,0
2026-07-07 13:35:26,F2,4.1659,OK,0
2026-07-07 13:35:36,F2,4.1660,OK,0
2026-07-07 13:35:46,F2,4.1661,OK,0
2026-07-07 13:35:57,F2,4.1662,OK,0
2026-07-07 13:36:07,F2,4.1664,OK,0
2026-07-07 13:36:17,F2,4.1665,OK,0
2026-07-07 13:36:28,F2,4.1666,OK,0
2026-07-07 13:36:38,F2,4.1668,OK,0
2026-07-07 13:36:48,F2,4.1669,OK,0
2026-07-07 13:36:59,F2,4.1671,OK,0
2026-07-07 13:37:09,F2,4.1673,OK,0
2026-07-07 13:37:19,F2,4.1674,OK,0
2026-07-07 13:37:30,F2,4.1676,OK,0
2026-07-07 13:37:40,F2,4.1678,OK,0
2026-07-07 13:37:50,F2,4.1680,OK,0
2026-07-07 13:38:01,F2,4.1682,OK,0
2026-07-07 13:38:11,F2,4.1684,OK,0
2026-07-07 13:38:21,F2,4.1686,OK,0
2026-07-07 13:38:32,F2,4.1688,OK,0
2026-07-07 13:38:42,F2,4.1690,OK,0
2026-07-07 13:38:52,F2,4.1692,OK,0
2026-07-07 13:39:03,F2,4.1695,OK,0
2026-07-07 13:39:13,F2,4.1697,OK,0
2026-07-07 13:39:23,F2,4.1700,OK,0
2026-07-07 13:39:34,F2,4.1702,OK,0
2026-07-07 13:39:44,F2,4.1705,OK,0
2026-07-07 13:39:54,F2,4.1707,OK,0
2026-07-07 13:40:05,F2,4.1710,OK,0
2026-07-07 13:40:15,F2,4.1713,OK,0
2026-07-07 13:40:25,F2,4.1716,OK,0
2026-07-07 13:40:36,F2,4.1719,OK,0
2026-07-07 13:40:46,F2,4.1722,OK,0
2026-07-07 13:40:56,F2,4.1725,OK,0
2026-07-07 13:41:07,F2,4.1728,OK,0
2026-07-07 13:41:17,F2,4.1731,OK,0
2026-07-07 13:41:27,F2,4.1734,OK,0
2026-07-07 13:41:38,F2,4.1737,OK,0
2026-07-07 13:41:48,F2,4.1741,OK,0
2026-07-07 13:41:58,F2,4.1744,OK,0
2026-07-07 13:42:09,F2,4.1748,OK,0
2026-07-07 13:42:19,F2,4.1751,OK,0
2026-07-07 13:42:29,F2,4.1755,OK,0
2026-07-07 13:42:40,F2,4.1759,OK,0
2026-07-07 13:42:50,F2,4.1762,OK,0
2026-07-07 13:43:00,F2,4.1766,OK,0
2026-07-07 13:43:11,F2,4.1770,OK,0
2026-07-07 13:43:21,F2,4.1774,OK,0
2026-07-07 13:43:31,F2,4.1778,OK,0
2026-07-07 13:43:42,F2,4.1782,OK,0
2026-07-07 13:43:52,F2,4.1786,OK,0
2026-07-07 13:44:02,F2,4.1790,OK,0
2026-07-07 13:44:13,F2,4.1795,OK,0
2026-07-07 13:44:23,F2,4.1799,OK,0
2026-07-07 13:44:33,F2,4.1803,OK,0
2026-07-07 13:44:44,F2,4.1808,OK,0
2026-07-07 13:44:54,F2,4.1812,OK,0
2026-07-07 13:45:04,F2,4.1817,OK,0
2026-07-07 13:45:15,F2,4.1822,OK,0
2026-07-07 13:45:25,F2,4.1827,OK,0
2026-07-07 13:45:35,F2,4.1831,OK,0
2026-07-07 13:45:46,F2,4.1836,OK,0
2026-07-07 13:45:56,F2,4.1841,OK,0
2026-07-07 13:46:06,F2,4.1846,OK,0
2026-07-07 13:46:17,F2,4.1851,OK,0
2026-07-07 13:46:27,F2,4.1857,OK,0
2026-07-07 13:46:37,F2,4.1862,OK,0
2026-07-07 13:46:48,F2,4.1867,OK,0
2026-07-07 13:46:58,F2,4.1872,OK,0
2026-07-07 13:47:08,F2,4.1878,OK,0
2026-07-07 13:47:19,F2,4.1883,OK,0
2026-07-07 13:47:29,F2,4.1889,OK,0
2026-07-07 13:47:39,F2,4.1895,OK,0
2026-07-07 13:47:50,F2,4.1900,OK,0
2026-07-07 13:48:00,F2,4.1906,OK,0
2026-07-07 13:48:10,F2,4.1912,OK,0
2026-07-07 13:48:21,F2,4.1918,OK,0
2026-07-07 13:48:31,F2,4.1924,OK,0
2026-07-07 13:48:41,F2,4.1930,OK,0
2026-07-07 13:48:52,F2,4.1936,OK,0
2026-07-07 13:49:02,F2,4.1943,OK,0
2026-07-07 13:49:12,F2,4.1949,OK,0
2026-07-07 13:49:23,F2,4.1956,OK,0
2026-07-07 13:49:33,F2,4.1962,OK,0
2026-07-07 13:49:43,F2,4.1969,OK,0
2026-07-07 13:49:54,F2,4.1975,OK,0
2026-07-07 13:50:04,F2,4.1982,OK,0
2026-07-07 13:50:14,F2,4.1989,OK,0
2026-07-07 13:50:25,F2,4.1996,OK,0
2026-07-07 13:50:35,F2,4.2003,OK,0
2026-07-07 13:50:45,F2,4.2010,OK,0
2026-07-07 13:50:56,F2,4.2018,OK,0
2026-07-07 13:51:06,F2,4.2025,OK,0
2026-07-07 13:51:16,F2,4.2033,OK,0
2026-07-07 13:51:27,F2,4.2040,OK,0
2026-07-07 13:51:37,F2,4.2048,OK,0
2026-07-07 13:51:47,F2,4.2056,OK,0
2026-07-07 13:51:58,F2,4.2064,OK,0
2026-07-07 13:52:08,F2,4.2072,OK,0
2026-07-07 13:52:18,F2,4.2080,OK,0
2026-07-07 13:52:29,F2,4.2088,OK,0
2026-07-07 13:52:39,F2,4.2096,OK,0
2026-07-07 13:52:49,F2,4.2104,OK,0
2026-07-07 13:53:00,F2,4.2113,OK,0
2026-07-07 13:53:10,F2,4.2121,OK,0
2026-07-07 13:53:20,F2,4.2130,OK,0
2026-07-07 13:53:31,F2,4.2139,OK,0
2026-07-07 13:53:41,F2,4.2148,OK,0
2026-07-07 13:53:51,F2,4.2156,OK,0
2026-07-07 13:54:02,F2,4.2165,OK,0
2026-07-07 13:54:12,F2,4.2174,OK,0
2026-07-07 13:54:23,F2,4.2184,OK,0
2026-07-07 13:54:33,F2,4.2193,OK,0
2026-07-07 13:54:43,F2,4.2202,OK,0
2026-07-07 13:54:53,F2,4.2211,OK,0
2026-07-07 13:55:04,F2,4.2221,OK,0
2026-07-07 13:55:14,F2,4.2230,OK,0
2026-07-07 13:55:25,F2,4.2240,OK,0
2026-07-07 13:55:35,F2,4.2250,OK,0
2026-07-07 13:55:45,F2,4.2259,OK,0
2026-07-07 13:55:56,F2,4.2269,OK,0
2026-07-07 13:56:06,F2,4.2279,OK,0
2026-07-07 13:56:16,F2,4.2289,OK,0
2026-07-07 13:56:27,F2,4.2299,OK,0
2026-07-07 13:56:37,F2,4.2309,OK,0
2026-07-07 13:56:47,F2,4.2319,OK,0
2026-07-07 13:56:57,F2,4.2330,OK,0
2026-07-07 13:57:08,F2,4.2340,OK,0
2026-07-07 13:57:18,F2,4.2350,OK,0
2026-07-07 13:57:29,F2,4.2361,OK,0
2026-07-07 13:57:39,F2,4.2371,OK,0
2026-07-07 13:57:49,F2,4.2382,OK,0
2026-07-07 13:57:59,F2,4.2392,OK,0
2026-07-07 13:58:10,F2,4.2403,OK,0
2026-07-07 13:58:20,F2,4.2414,OK,0
2026-07-07 13:58:30,F2,4.2425,OK,0
2026-07-07 13:58:41,F2,4.2436,OK,0
2026-07-07 13:58:51,F2,4.2447,OK,0
2026-07-07 13:59:02,F2,4.2458,OK,0
2026-07-07 13:59:12,F2,4.2469,OK,0
2026-07-07 13:59:22,F2,4.2480,OK,0
2026-07-07 13:59:33,F2,4.2491,OK,0
2026-07-07 13:59:43,F2,4.2502,OK,0
2026-07-07 13:59:53,F2,4.2513,OK,0
2026-07-07 14:00:04,F2,4.2525,OK,0
2026-07-07 14:00:14,F2,4.2536,OK,0
2026-07-07 14:00:24,F2,4.2548,OK,0
2026-07-07 14:00:35,F2,4.2559,OK,0
2026-07-07 14:00:45,F2,4.2571,OK,0
2026-07-07 14:00:55,F2,4.2582,OK,0
2026-07-07 14:01:06,F2,4.2594,OK,0
2026-07-07 14:01:16,F2,4.2606,OK,0
2026-07-07 14:01:26,F2,4.2618,OK,0
2026-07-07 14:01:37,F2,4.2630,OK,0
2026-07-07 14:01:47,F2,4.2642,OK,0
2026-07-07 14:01:57,F2,4.2654,OK,0
2026-07-07 14:02:08,F2,4.2666,OK,0
2026-07-07 14:02:18,F2,4.2678,OK,0
2026-07-07 14:02:28,F2,4.2690,OK,0
2026-07-07 14:02:39,F2,4.2702,OK,0
2026-07-07 14:02:49,F2,4.2715,OK,0
2026-07-07 14:02:59,F2,4.2727,OK,0
2026-07-07 14:03:10,F2,4.2740,OK,0
2026-07-07 14:03:20,F2,4.2752,OK,0
2026-07-07 14:03:30,F2,4.2765,OK,0
2026-07-07 14:03:41,F2,4.2778,OK,0
2026-07-07 14:03:51,F2,4.2791,OK,0
2026-07-07 14:04:01,F2,4.2804,OK,0
2026-07-07 14:04:12,F2,4.2816,OK,0
2026-07-07 14:04:22,F2,4.2830,OK,0
2026-07-07 14:04:32,F2,4.2843,OK,0
2026-07-07 14:04:43,F2,4.2856,OK,0
2026-07-07 14:04:53,F2,4.2869,OK,0
2026-07-07 14:05:03,F2,4.2883,OK,0
2026-07-07 14:05:14,F2,4.2896,OK,0
2026-07-07 14:05:24,F2,4.2909,OK,0
2026-07-07 14:05:34,F2,4.2923,OK,0
2026-07-07 14:05:45,F2,4.2937,OK,0
2026-07-07 14:05:55,F2,4.2950,OK,0
2026-07-07 14:06:05,F2,4.2964,OK,0
2026-07-07 14:06:16,F2,4.2978,OK,0
2026-07-07 14:06:26,F2,4.2992,OK,0
2026-07-07 14:06:36,F2,4.3006,OK,0
2026-07-07 14:06:47,F2,4.3020,OK,0
2026-07-07 14:06:57,F2,4.3034,OK,0
2026-07-07 14:07:07,F2,4.3049,OK,0
2026-07-07 14:07:18,F2,4.3063,OK,0
2026-07-07 14:07:28,F2,4.3077,OK,0
2026-07-07 14:07:38,F2,4.3092,OK,0
2026-07-07 14:07:49,F2,4.3106,OK,0
2026-07-07 14:07:59,F2,4.3121,OK,0
2026-07-07 14:08:09,F2,4.3135,OK,0
2026-07-07 14:08:20,F2,4.3150,OK,0
2026-07-07 14:08:30,F2,4.3165,OK,0
2026-07-07 14:08:40,F2,4.3180,OK,0
2026-07-07 14:08:51,F2,4.3195,OK,0
2026-07-07 14:09:01,F2,4.3210,OK,0
2026-07-07 14:09:11,F2,4.3225,OK,0
2026-07-07 14:09:22,F2,4.3240,OK,0
2026-07-07 14:09:32,F2,4.3255,OK,0
2026-07-07 14:09:43,F2,4.3270,OK,0
2026-07-07 14:09:53,F2,4.3286,OK,0
2026-07-07 14:10:03,F2,4.3301,OK,0
2026-07-07 14:10:13,F2,4.3317,OK,0
2026-07-07 14:10:24,F2,4.3332,OK,0
2026-07-07 14:10:34,F2,4.3348,OK,0
2026-07-07 14:10:44,F2,4.3363,OK,0
2026-07-07 14:10:55,F2,4.3379,OK,0
2026-07-07 14:11:05,F2,4.3395,OK,0
2026-07-07 14:11:15,F2,4.3410,OK,0
2026-07-07 14:11:26,F2,4.3426,OK,0
2026-07-07 14:11:36,F2,4.3442,OK,0
2026-07-07 14:11:46,F2,4.3458,OK,0
2026-07-07 14:11:57,F2,4.3474,OK,0
2026-07-07 14:12:07,F2,4.3490,OK,0
2026-07-07 14:12:18,F2,4.3506,OK,0
2026-07-07 14:12:28,F2,4.3522,OK,0
2026-07-07 14:12:38,F2,4.3539,OK,0
2026-07-07 14:12:49,F2,4.3555,OK,0
2026-07-07 14:12:59,F2,4.3571,OK,0
2026-07-07 14:13:09,F2,4.3587,OK,0
2026-07-07 14:13:19,F2,4.3604,OK,0
2026-07-07 14:13:30,F2,4.3620,OK,0
2026-07-07 14:13:40,F2,4.3637,OK,0
2026-07-07 14:13:50,F2,4.3653,OK,0
2026-07-07 14:14:01,F2,4.3670,OK,0
2026-07-07 14:14:11,F2,4.3687,OK,0
2026-07-07 14:14:21,F2,4.3703,OK,0
2026-07-07 14:14:32,F2,4.3720,OK,0
2026-07-07 14:14:42,F2,4.3737,OK,0
2026-07-07 14:14:52,F2,4.3754,OK,0
2026-07-07 14:15:03,F2,4.3771,OK,0
2026-07-07 14:15:13,F2,4.3788,OK,0
2026-07-07 14:15:23,F2,4.3805,OK,0
2026-07-07 14:15:34,F2,4.3822,OK,0
2026-07-07 14:15:44,F2,4.3840,OK,0
2026-07-07 14:15:54,F2,4.3857,OK,0
2026-07-07 14:16:05,F2,4.3874,OK,0
2026-07-07 14:16:15,F2,4.3892,OK,0
2026-07-07 14:16:25,F2,4.3909,OK,0
2026-07-07 14:16:36,F2,4.3927,OK,0
2026-07-07 14:16:46,F2,4.3944,OK,0
2026-07-07 14:16:56,F2,4.3962,OK,0
2026-07-07 14:17:07,F2,4.3980,OK,0
2026-07-07 14:17:17,F2,4.3997,OK,0
2026-07-07 14:17:27,F2,4.4015,OK,0
2026-07-07 14:17:38,F2,4.4033,OK,0
2026-07-07 14:17:48,F2,4.4051,OK,0
2026-07-07 14:17:58,F2,4.4069,OK,0
2026-07-07 14:18:09,F2,4.4087,OK,0
2026-07-07 14:18:19,F2,4.4105,OK,0
2026-07-07 14:18:29,F2,4.4123,OK,0
2026-07-07 14:18:40,F2,4.4142,OK,0
2026-07-07 14:18:50,F2,4.4160,OK,0
2026-07-07 14:19:00,F2,4.4178,OK,0
2026-07-07 14:19:11,F2,4.4197,OK,0
2026-07-07 14:19:21,F2,4.4215,OK,0
2026-07-07 14:19:31,F2,4.4234,OK,0
2026-07-07 14:19:42,F2,4.4252,OK,0
2026-07-07 14:19:52,F2,4.4271,OK,0
2026-07-07 14:20:02,F2,4.4289,OK,0
2026-07-07 14:20:13,F2,4.4308,OK,0
2026-07-07 14:20:23,F2,4.4326,OK,0
2026-07-07 14:20:33,F2,4.4345,OK,0
2026-07-07 14:20:44,F2,4.4364,OK,0
2026-07-07 14:20:54,F2,4.4383,OK,0
2026-07-07 14:21:04,F2,4.4401,OK,0
2026-07-07 14:21:15,F2,4.4420,OK,0
2026-07-07 14:21:25,F2,4.4439,OK,0
2026-07-07 14:21:35,F2,4.4458,OK,0
2026-07-07 14:21:46,F2,4.4477,OK,0
2026-07-07 14:21:56,F2,4.4496,OK,0
2026-07-07 14:22:06,F2,4.4515,OK,0
2026-07-07 14:22:17,F2,4.4534,OK,0
2026-07-07 14:22:27,F2,4.4553,OK,0
2026-07-07 14:22:37,F2,4.4572,OK,0
2026-07-07 14:22:48,F2,4.4590,OK,0
2026-07-07 14:22:58,F2,4.4609,OK,0
2026-07-07 14:23:08,F2,4.4628,OK,0
2026-07-07 14:23:19,F2,4.4647,OK,0
2026-07-07 14:23:29,F2,4.4667,OK,0
2026-07-07 14:23:39,F2,4.4686,OK,0
2026-07-07 14:23:50,F2,4.4705,OK,0
2026-07-07 14:24:00,F2,4.4724,OK,0
2026-07-07 14:24:10,F2,4.4743,OK,0
2026-07-07 14:24:21,F2,4.4762,OK,0
2026-07-07 14:24:31,F2,4.4781,OK,0
2026-07-07 14:24:41,F2,4.4800,OK,0
2026-07-07 14:24:52,F2,4.4819,OK,0
2026-07-07 14:25:02,F2,4.4838,OK,0
2026-07-07 14:25:12,F2,4.4857,OK,0
2026-07-07 14:25:23,F2,4.4876,OK,0
2026-07-07 14:25:33,F2,4.4895,OK,0
2026-07-07 14:25:43,F2,4.4914,OK,0
2026-07-07 14:25:54,F2,4.4933,OK,0
2026-07-07 14:26:04,F2,4.4952,OK,0
2026-07-07 14:26:14,F2,4.4971,OK,0
2026-07-07 14:26:25,F2,4.4990,OK,0
2026-07-07 14:26:35,F2,4.5009,OK,0
2026-07-07 14:26:45,F2,4.5028,OK,0
2026-07-07 14:26:56,F2,4.5047,OK,0
2026-07-07 14:27:06,F2,4.5066,OK,0
2026-07-07 14:27:17,F2,4.5085,OK,0
2026-07-07 14:27:27,F2,4.5104,OK,0
2026-07-07 14:27:37,F2,4.5123,OK,0
2026-07-07 14:27:48,F2,4.5142,OK,0
2026-07-07 14:27:58,F2,4.5161,OK,0
2026-07-07 14:28:08,F2,4.5180,OK,0
2026-07-07 14:28:19,F2,4.5199,OK,0
2026-07-07 14:28:29,F2,4.5217,OK,0
2026-07-07 14:28:39,F2,4.5236,OK,0
2026-07-07 14:28:50,F2,4.5255,OK,0
2026-07-07 14:29:00,F2,4.5274,OK,0
2026-07-07 14:29:10,F2,4.5293,OK,0
2026-07-07 14:29:21,F2,4.5312,OK,0
2026-07-07 14:29:31,F2,4.5330,OK,0
2026-07-07 14:29:41,F2,4.5349,OK,0
2026-07-07 14:29:51,F2,4.5368,OK,0
2026-07-07 14:30:02,F2,4.5386,OK,0
2026-07-07 14:30:12,F2,4.5405,OK,0
2026-07-07 14:30:23,F2,4.5424,OK,0
2026-07-07 14:30:33,F2,4.5442,OK,0
2026-07-07 14:30:43,F2,4.5461,OK,0
2026-07-07 14:30:53,F2,4.5479,OK,0
2026-07-07 14:31:04,F2,4.5498,OK,0
2026-07-07 14:31:14,F2,4.5516,OK,0
2026-07-07 14:31:24,F2,4.5535,OK,0
2026-07-07 14:31:35,F2,4.5553,OK,0
2026-07-07 14:31:45,F2,4.5572,OK,0
2026-07-07 14:31:55,F2,4.5590,OK,0
2026-07-07 14:32:06,F2,4.5608,OK,0
2026-07-07 14:32:16,F2,4.5626,OK,0
2026-07-07 14:32:26,F2,4.5645,OK,0
2026-07-07 14:32:37,F2,4.5663,OK,0
2026-07-07 14:32:47,F2,4.5681,OK,0
2026-07-07 14:32:57,F2,4.5699,OK,0
2026-07-07 14:33:08,F2,4.5717,OK,0
2026-07-07 14:33:18,F2,4.5735,OK,0
2026-07-07 14:33:28,F2,4.5753,OK,0
2026-07-07 14:33:39,F2,4.5771,OK,0
2026-07-07 14:33:49,F2,4.5789,OK,0
2026-07-07 14:33:59,F2,4.5807,OK,0
2026-07-07 14:34:10,F2,4.5824,OK,0
2026-07-07 14:34:20,F2,4.5842,OK,0
2026-07-07 14:34:30,F2,4.5860,OK,0
2026-07-07 14:34:41,F2,4.5878,OK,0
2026-07-07 14:34:51,F2,4.5896,OK,0
2026-07-07 14:35:01,F2,4.5913,OK,0
2026-07-07 14:35:12,F2,4.5931,OK,0
2026-07-07 14:35:22,F2,4.5949,OK,0
2026-07-07 14:35:32,F2,4.5966,OK,0
2026-07-07 14:35:43,F2,4.5984,OK,0
2026-07-07 14:35:53,F2,4.6001,OK,0
2026-07-07 14:36:03,F2,4.6019,OK,0
2026-07-07 14:36:14,F2,4.6036,OK,0
2026-07-07 14:36:24,F2,4.6054,OK,0
2026-07-07 14:36:34,F2,4.6071,OK,0
2026-07-07 14:36:45,F2,4.6089,OK,0
2026-07-07 14:36:55,F2,4.6106,OK,0
2026-07-07 14:37:05,F2,4.6124,OK,0
2026-07-07 14:37:16,F2,4.6141,OK,0
2026-07-07 14:37:26,F2,4.6159,OK,0
2026-07-07 14:37:36,F2,4.6176,OK,0
2026-07-07 14:37:47,F2,4.6194,OK,0
2026-07-07 14:37:57,F2,4.6211,OK,0
2026-07-07 14:38:07,F2,4.6229,OK,0
2026-07-07 14:38:18,F2,4.6246,OK,0
2026-07-07 14:38:28,F2,4.6264,OK,0
2026-07-07 14:38:38,F2,4.6281,OK,0
2026-07-07 14:38:49,F2,4.6298,OK,0
2026-07-07 14:38:59,F2,4.6316,OK,0
2026-07-07 14:39:09,F2,4.6333,OK,0
2026-07-07 14:39:20,F2,4.6351,OK,0
2026-07-07 14:39:30,F2,4.6368,OK,0
2026-07-07 14:39:40,F2,4.6386,OK,0
2026-07-07 14:39:51,F2,4.6403,OK,0
2026-07-07 14:40:01,F2,4.6421,OK,0
2026-07-07 14:40:11,F2,4.6439,OK,0
2026-07-07 14:40:22,F2,4.6456,OK,0
2026-07-07 14:40:32,F2,4.6474,OK,0
2026-07-07 14:40:42,F2,4.6491,OK,0
2026-07-07 14:40:53,F2,4.6509,OK,0
2026-07-07 14:41:03,F2,4.6526,OK,0
2026-07-07 14:41:13,F2,4.6544,OK,0
2026-07-07 14:41:24,F2,4.6562,OK,0
2026-07-07 14:41:34,F2,4.6579,OK,0
2026-07-07 14:41:44,F2,4.6597,OK,0
2026-07-07 14:41:55,F2,4.6614,OK,0
2026-07-07 14:42:05,F2,4.6632,OK,0
2026-07-07 14:42:15,F2,4.6650,OK,0
2026-07-07 14:42:26,F2,4.6667,OK,0
2026-07-07 14:42:36,F2,4.6685,OK,0
2026-07-07 14:42:46,F2,4.6703,OK,0
2026-07-07 14:42:57,F2,4.6720,OK,0
2026-07-07 14:43:07,F2,4.6738,OK,0
2026-07-07 14:43:17,F2,4.6755,OK,0
2026-07-07 14:43:28,F2,4.6773,OK,0
2026-07-07 14:43:38,F2,4.6791,OK,0
2026-07-07 14:43:48,F2,4.6808,OK,0
2026-07-07 14:43:59,F2,4.6826,OK,0
2026-07-07 14:44:09,F2,4.6844,OK,0
2026-07-07 14:44:20,F2,4.6861,OK,0
2026-07-07 14:44:30,F2,4.6879,OK,0
2026-07-07 14:44:40,F2,4.6896,OK,0
2026-07-07 14:44:50,F2,4.6914,OK,0
2026-07-07 14:45:01,F2,4.6931,OK,0
2026-07-07 14:45:11,F2,4.6949,OK,0
2026-07-07 14:45:21,F2,4.6966,OK,0
2026-07-07 14:45:32,F2,4.6984,OK,0
2026-07-07 14:45:42,F2,4.7001,OK,0
2026-07-07 14:45:52,F2,4.7019,OK,0
2026-07-07 14:46:03,F2,4.7036,OK,0
2026-07-07 14:46:13,F2,4.7054,OK,0
2026-07-07 14:46:23,F2,4.7071,OK,0
2026-07-07 14:46:34,F2,4.7089,OK,0
2026-07-07 14:46:44,F2,4.7106,OK,0
2026-07-07 14:46:54,F2,4.7124,OK,0
2026-07-07 14:47:05,F2,4.7141,OK,0
2026-07-07 14:47:15,F2,4.7158,OK,0
2026-07-07 14:47:25,F2,4.7176,OK,0
2026-07-07 14:47:36,F2,4.7193,OK,0
2026-07-07 14:47:46,F2,4.7210,OK,0
2026-07-07 14:47:56,F2,4.7228,OK,0
2026-07-07 14:48:07,F2,4.7245,OK,0
2026-07-07 14:48:17,F2,4.7262,OK,0
2026-07-07 14:48:27,F2,4.7280,OK,0
2026-07-07 14:48:38,F2,4.7297,OK,0
2026-07-07 14:48:48,F2,4.7314,OK,0
2026-07-07 14:48:58,F2,4.7331,OK,0
2026-07-07 14:49:09,F2,4.7348,OK,0
2026-07-07 14:49:19,F2,4.7366,OK,0
2026-07-07 14:49:29,F2,4.7383,OK,0
2026-07-07 14:49:40,F2,4.7400,OK,0
2026-07-07 14:49:50,F2,4.7417,OK,0
2026-07-07 14:50:00,F2,4.7434,OK,0
2026-07-07 14:50:11,F2,4.7451,OK,0
2026-07-07 14:50:21,F2,4.7468,OK,0
2026-07-07 14:50:31,F2,4.7485,OK,0
2026-07-07 14:50:42,F2,4.7502,OK,0
2026-07-07 14:50:52,F2,4.7519,OK,0
2026-07-07 14:51:02,F2,4.7535,OK,0
2026-07-07 14:51:13,F2,4.7552,OK,0
2026-07-07 14:51:23,F2,4.7569,OK,0
2026-07-07 14:51:33,F2,4.7586,OK,0
2026-07-07 14:51:44,F2,4.7602,OK,0
2026-07-07 14:51:54,F2,4.7619,OK,0
2026-07-07 14:52:04,F2,4.7636,OK,0
2026-07-07 14:52:15,F2,4.7652,OK,0
2026-07-07 14:52:25,F2,4.7669,OK,0
2026-07-07 14:52:36,F2,4.7685,OK,0
2026-07-07 14:52:46,F2,4.7702,OK,0
2026-07-07 14:52:56,F2,4.7718,OK,0
2026-07-07 14:53:07,F2,4.7734,OK,0
2026-07-07 14:53:17,F2,4.7751,OK,0
2026-07-07 14:53:27,F2,4.7767,OK,0
2026-07-07 14:53:38,F2,4.7783,OK,0
2026-07-07 14:53:48,F2,4.7800,OK,0
2026-07-07 14:53:58,F2,4.7816,OK,0
2026-07-07 14:54:09,F2,4.7832,OK,0
2026-07-07 14:54:19,F2,4.7848,OK,0
2026-07-07 14:54:29,F2,4.7864,OK,0
2026-07-07 14:54:40,F2,4.7881,OK,0
2026-07-07 14:54:50,F2,4.7897,OK,0
2026-07-07 14:55:00,F2,4.7913,OK,0
2026-07-07 14:55:11,F2,4.7929,Bajo rango,1
2026-07-07 14:55:21,F2,4.7945,OK,1
2026-07-07 14:55:31,F2,4.7961,OK,1
2026-07-07 14:55:42,F2,4.7977,Bajo rango,1
2026-07-07 14:55:52,F2,4.7993,Bajo rango,1
2026-07-07 14:56:02,F2,4.8009,Bajo rango,1
2026-07-07 14:56:13,F2,4.8025,OK,1
2026-07-07 14:56:23,F2,4.8041,OK,0
2026-07-07 14:56:33,F2,4.8057,OK,0
2026-07-07 14:56:44,F2,4.8073,OK,0
2026-07-07 14:56:54,F2,4.8090,OK,0
2026-07-07 14:57:04,F2,4.8106,OK,0
2026-07-07 14:57:15,F2,4.8123,OK,0
2026-07-07 14:57:25,F2,4.8140,OK,0
2026-07-07 14:57:35,F2,4.8157,OK,0
2026-07-07 14:57:46,F2,4.8175,OK,0
2026-07-07 14:57:56,F2,4.8193,OK,0
2026-07-07 14:58:06,F2,4.8212,OK,0
2026-07-07 14:58:17,F2,4.8231,OK,0
2026-07-07 14:58:27,F2,4.8251,OK,0
2026-07-07 14:58:37,F2,4.8270,OK,0
2026-07-07 14:58:48,F2,4.8291,OK,0
2026-07-07 14:58:58,F2,4.8312,OK,0
2026-07-07 14:59:08,F2,4.8333,OK,0
2026-07-07 14:59:19,F2,4.8354,OK,0
2026-07-07 14:59:29,F2,4.8377,OK,0
2026-07-07 14:59:39,F2,4.8399,OK,0
2026-07-07 14:59:50,F2,4.8422,OK,0
2026-07-07 15:00:00,F2,4.8446,OK,0
2026-07-07 15:00:10,F2,4.8469,OK,0
2026-07-07 15:00:21,F2,4.8494,OK,0
2026-07-07 15:00:31,F2,4.8518,OK,0
2026-07-07 15:00:41,F2,4.8544,OK,0
2026-07-07 15:00:52,F2,4.8569,OK,0
2026-07-07 15:01:02,F2,4.8595,OK,0
2026-07-07 15:01:12,F2,4.8622,OK,0
2026-07-07 15:01:23,F2,4.8649,OK,0
2026-07-07 15:01:33,F2,4.8676,OK,0
2026-07-07 15:01:43,F2,4.8704,OK,0
2026-07-07 15:01:54,F2,4.8733,OK,0
2026-07-07 15:02:04,F2,4.8762,OK,0
2026-07-07 15:02:14,F2,4.8791,OK,0
2026-07-07 15:02:25,F2,4.8821,OK,0
2026-07-07 15:02:35,F2,4.8851,OK,0
2026-07-07 15:02:45,F2,4.8881,OK,0
2026-07-07 15:02:56,F2,4.8912,OK,0
2026-07-07 15:03:06,F2,4.8944,OK,0
2026-07-07 15:03:16,F2,4.8976,OK,0
2026-07-07 15:03:27,F2,4.9008,OK,0
2026-07-07 15:03:37,F2,4.9041,OK,0
2026-07-07 15:03:47,F2,4.9074,OK,0
2026-07-07 15:03:58,F2,4.9107,OK,0
2026-07-07 15:04:08,F2,4.9141,OK,0
2026-07-07 15:04:18,F2,4.9175,OK,0
2026-07-07 15:04:29,F2,4.9210,OK,0
2026-07-07 15:04:39,F2,4.9245,OK,0
2026-07-07 15:04:49,F2,4.9280,OK,0
2026-07-07 15:05:00,F2,4.9316,OK,0
2026-07-07 15:05:10,F2,4.9352,OK,0
2026-07-07 15:05:20,F2,4.9388,OK,0
2026-07-07 15:05:31,F2,4.9425,OK,0
2026-07-07 15:05:41,F2,4.9462,OK,0
2026-07-07 15:05:51,F2,4.9499,OK,0
2026-07-07 15:06:02,F2,4.9537,OK,0
2026-07-07 15:06:12,F2,4.9575,OK,0
2026-07-07 15:06:22,F2,4.9613,OK,0
2026-07-07 15:06:33,F2,4.9651,OK,0
2026-07-07 15:06:43,F2,4.9690,OK,0
2026-07-07 15:06:53,F2,4.9729,OK,0
2026-07-07 15:07:04,F2,4.9768,OK,0
2026-07-07 15:07:14,F2,4.9808,OK,0
2026-07-07 15:07:24,F2,4.9848,OK,0
2026-07-07 15:07:35,F2,4.9888,OK,0
2026-07-07 15:07:45,F2,4.9928,OK,0
2026-07-07 15:07:55,F2,4.9969,OK,0
2026-07-07 15:08:06,F2,5.0009,OK,0
2026-07-07 15:08:16,F2,5.0050,OK,0
2026-07-07 15:08:26,F2,5.0091,OK,0
2026-07-07 15:08:37,F2,5.0133,OK,0
2026-07-07 15:08:47,F2,5.0174,OK,0
2026-07-07 15:08:57,F2,5.0216,OK,0
2026-07-07 15:09:08,F2,5.0258,OK,0
2026-07-07 15:09:18,F2,5.0300,OK,0
2026-07-07 15:09:28,F2,5.0342,OK,0
2026-07-07 15:09:39,F2,5.0384,OK,0
2026-07-07 15:09:49,F2,5.0427,OK,0
2026-07-07 15:09:59,F2,5.0469,OK,0
2026-07-07 15:10:10,F2,5.0512,OK,0
2026-07-07 15:10:20,F2,5.0555,OK,0
2026-07-07 15:10:30,F2,5.0598,OK,0
2026-07-07 15:10:41,F2,5.0641,OK,0
2026-07-07 15:10:51,F2,5.0684,OK,0
2026-07-07 15:11:01,F2,5.0728,OK,0
2026-07-07 15:11:12,F2,5.0771,OK,0
2026-07-07 15:11:22,F2,5.0814,OK,0
2026-07-07 15:11:32,F2,5.0858,OK,0
2026-07-07 15:11:42,F2,5.0902,OK,0
2026-07-07 15:11:53,F2,5.0945,OK,0
2026-07-07 15:12:03,F2,5.0989,OK,0
2026-07-07 15:12:13,F2,5.1033,OK,0
2026-07-07 15:12:24,F2,5.1077,OK,0
2026-07-07 15:12:34,F2,5.1121,OK,0
2026-07-07 15:12:44,F2,5.1165,OK,0
2026-07-07 15:12:55,F2,5.1208,OK,0
2026-07-07 15:13:05,F2,5.1252,OK,0
2026-07-07 15:13:16,F2,5.1296,OK,0
2026-07-07 15:13:26,F2,5.1340,OK,0
2026-07-07 15:13:36,F2,5.1384,OK,0
2026-07-07 15:13:47,F2,5.1428,OK,0
2026-07-07 15:13:57,F2,5.1472,OK,0
2026-07-07 15:14:07,F2,5.1516,OK,0
2026-07-07 15:14:18,F2,5.1560,OK,0
2026-07-07 15:14:28,F2,5.1604,OK,0
2026-07-07 15:14:38,F2,5.1647,OK,0
2026-07-07 15:14:49,F2,5.1691,OK,0
2026-07-07 15:14:59,F2,5.1735,OK,0
2026-07-07 15:15:09,F2,5.1778,OK,0
2026-07-07 15:15:20,F2,5.1822,OK,0
2026-07-07 15:15:30,F2,5.1866,OK,0
2026-07-07 15:15:40,F2,5.1909,OK,0
2026-07-07 15:15:51,F2,5.1952,OK,0
2026-07-07 15:16:01,F2,5.1996,OK,0
2026-07-07 15:16:11,F2,5.2039,OK,0
2026-07-07 15:16:22,F2,5.2082,OK,0
2026-07-07 15:16:32,F2,5.2125,OK,0
2026-07-07 15:16:42,F2,5.2168,OK,0
2026-07-07 15:16:53,F2,5.2211,OK,0
2026-07-07 15:17:03,F2,5.2254,OK,0
2026-07-07 15:17:13,F2,5.2296,OK,0
2026-07-07 15:17:24,F2,5.2339,OK,0
2026-07-07 15:17:34,F2,5.2381,OK,0
2026-07-07 15:17:44,F2,5.2424,OK,0
2026-07-07 15:17:55,F2,5.2466,OK,0
2026-07-07 15:18:05,F2,5.2508,OK,0
2026-07-07 15:18:15,F2,5.2550,OK,0
2026-07-07 15:18:26,F2,5.2592,OK,0
2026-07-07 15:18:36,F2,5.2634,OK,0
2026-07-07 15:18:46,F2,5.2675,OK,0
2026-07-07 15:18:56,F2,5.2717,OK,0
2026-07-07 15:19:07,F2,5.2758,OK,0
2026-07-07 15:19:17,F2,5.2799,OK,0
2026-07-07 15:19:27,F2,5.2841,OK,0
2026-07-07 15:19:38,F2,5.2881,OK,0
2026-07-07 15:19:48,F2,5.2922,OK,0
2026-07-07 15:19:58,F2,5.2963,OK,0
2026-07-07 15:20:09,F2,5.3003,OK,0
2026-07-07 15:20:19,F2,5.3044,OK,0
2026-07-07 15:20:29,F2,5.3084,OK,0
2026-07-07 15:20:40,F2,5.3124,OK,0
2026-07-07 15:20:50,F2,5.3164,OK,0
2026-07-07 15:21:00,F2,5.3203,OK,0
2026-07-07 15:21:11,F2,5.3243,OK,0
2026-07-07 15:21:21,F2,5.3282,OK,0
2026-07-07 15:21:31,F2,5.3321,OK,0
2026-07-07 15:21:42,F2,5.3360,OK,0
2026-07-07 15:21:52,F2,5.3399,OK,0
2026-07-07 15:22:02,F2,5.3437,OK,0
2026-07-07 15:22:13,F2,5.3476,OK,0
2026-07-07 15:22:23,F2,5.3514,OK,0
2026-07-07 15:22:33,F2,5.3552,OK,0
2026-07-07 15:22:44,F2,5.3590,OK,0
2026-07-07 15:22:54,F2,5.3627,OK,0
2026-07-07 15:23:04,F2,5.3665,OK,0
2026-07-07 15:23:15,F2,5.3702,OK,0
2026-07-07 15:23:25,F2,5.3739,OK,0
2026-07-07 15:23:35,F2,5.3776,OK,0
2026-07-07 15:23:46,F2,5.3813,OK,0
2026-07-07 15:23:56,F2,5.3849,OK,0
2026-07-07 15:24:06,F2,5.3885,OK,0
2026-07-07 15:24:17,F2,5.3921,OK,0
2026-07-07 15:24:27,F2,5.3957,OK,0
2026-07-07 15:24:37,F2,5.3993,OK,0
2026-07-07 15:24:47,F2,5.4028,OK,0
2026-07-07 15:24:58,F2,5.4063,OK,0
2026-07-07 15:25:08,F2,5.4098,OK,0
2026-07-07 15:25:18,F2,5.4133,OK,0
2026-07-07 15:25:29,F2,5.4167,OK,0
2026-07-07 15:25:39,F2,5.4202,OK,0
2026-07-07 15:25:49,F2,5.4236,OK,0
2026-07-07 15:26:00,F2,5.4270,OK,0
2026-07-07 15:26:10,F2,5.4303,OK,0
2026-07-07 15:26:20,F2,5.4337,OK,0
2026-07-07 15:26:31,F2,5.4370,OK,0
2026-07-07 15:26:41,F2,5.4403,OK,0
2026-07-07 15:26:51,F2,5.4436,OK,0
2026-07-07 15:27:02,F2,5.4468,OK,0
2026-07-07 15:27:12,F2,5.4500,OK,0
2026-07-07 15:27:22,F2,5.4533,OK,0
2026-07-07 15:27:33,F2,5.4564,OK,0
2026-07-07 15:27:43,F2,5.4596,OK,0
2026-07-07 15:27:53,F2,5.4627,OK,0
2026-07-07 15:28:04,F2,5.4658,OK,0
2026-07-07 15:28:14,F2,5.4689,OK,0
2026-07-07 15:28:24,F2,5.4720,OK,0
2026-07-07 15:28:35,F2,5.4750,OK,0
2026-07-07 15:28:45,F2,5.4781,OK,0
2026-07-07 15:28:55,F2,5.4811,OK,0
2026-07-07 15:29:06,F2,5.4840,OK,0
2026-07-07 15:29:16,F2,5.4870,OK,0
2026-07-07 15:29:26,F2,5.4899,OK,0
2026-07-07 15:29:37,F2,5.4928,OK,0
2026-07-07 15:29:47,F2,5.4957,OK,0
2026-07-07 15:29:57,F2,5.4985,OK,0
2026-07-07 15:30:08,F2,5.5014,OK,0
2026-07-07 15:30:18,F2,5.5042,OK,0
2026-07-07 15:30:28,F2,5.5069,OK,0
2026-07-07 15:30:39,F2,5.5097,OK,0
2026-07-07 15:30:49,F2,5.5124,OK,0
2026-07-07 15:30:59,F2,5.5151,OK,0
2026-07-07 15:31:10,F2,5.5178,OK,0
2026-07-07 15:31:20,F2,5.5205,OK,0
2026-07-07 15:31:30,F2,5.5231,OK,0
2026-07-07 15:31:41,F2,5.5257,OK,0
2026-07-07 15:31:51,F2,5.5283,OK,0
2026-07-07 15:32:01,F2,5.5309,OK,0
2026-07-07 15:32:12,F2,5.5334,OK,0
2026-07-07 15:32:22,F2,5.5359,OK,0
2026-07-07 15:32:32,F2,5.5384,OK,0
2026-07-07 15:32:43,F2,5.5409,OK,0
2026-07-07 15:32:53,F2,5.5433,OK,0
2026-07-07 15:33:03,F2,5.5457,OK,0
2026-07-07 15:33:14,F2,5.5481,OK,0
2026-07-07 15:33:24,F2,5.5505,OK,0
2026-07-07 15:33:34,F2,5.5529,OK,0
2026-07-07 15:33:44,F2,5.5552,OK,0
2026-07-07 15:33:55,F2,5.5575,OK,0
2026-07-07 15:34:05,F2,5.5597,OK,0
2026-07-07 15:34:15,F2,5.5620,OK,0
2026-07-07 15:34:26,F2,5.5642,OK,0
2026-07-07 15:34:36,F2,5.5664,OK,0
2026-07-07 15:34:47,F2,5.5686,OK,0
2026-07-07 15:34:57,F2,5.5708,OK,0
2026-07-07 15:35:07,F2,5.5729,OK,0
2026-07-07 15:35:18,F2,5.5750,OK,0
2026-07-07 15:35:28,F2,5.5771,OK,0
2026-07-07 15:35:38,F2,5.5792,OK,0
2026-07-07 15:35:49,F2,5.5812,OK,0
2026-07-07 15:35:59,F2,5.5832,OK,0
2026-07-07 15:36:09,F2,5.5852,OK,0
2026-07-07 15:36:20,F2,5.5872,OK,0
2026-07-07 15:36:30,F2,5.5892,OK,0
2026-07-07 15:36:40,F2,5.5911,OK,0
2026-07-07 15:36:51,F2,5.5930,OK,0
2026-07-07 15:37:01,F2,5.5949,OK,0
2026-07-07 15:37:11,F2,5.5968,OK,0
2026-07-07 15:37:22,F2,5.5986,OK,0
2026-07-07 15:37:32,F2,5.6005,OK,0
2026-07-07 15:37:42,F2,5.6023,OK,0
2026-07-07 15:37:53,F2,5.6040,OK,0
2026-07-07 15:38:03,F2,5.6058,OK,0
2026-07-07 15:38:13,F2,5.6075,OK,0
2026-07-07 15:38:24,F2,5.6093,OK,0
2026-07-07 15:38:34,F2,5.6110,OK,0
2026-07-07 15:38:44,F2,5.6126,OK,0
2026-07-07 15:38:55,F2,5.6143,OK,0
2026-07-07 15:39:05,F2,5.6159,OK,0
2026-07-07 15:39:15,F2,5.6176,OK,0
2026-07-07 15:39:26,F2,5.6192,OK,0
2026-07-07 15:39:36,F2,5.6208,OK,0
2026-07-07 15:39:46,F2,5.6223,OK,0
2026-07-07 15:39:57,F2,5.6239,OK,0
2026-07-07 15:40:07,F2,5.6254,OK,0
2026-07-07 15:40:17,F2,5.6269,OK,0
2026-07-07 15:40:28,F2,5.6284,OK,0
2026-07-07 15:40:38,F2,5.6299,OK,0
2026-07-07 15:40:48,F2,5.6314,OK,0
2026-07-07 15:40:59,F2,5.6328,OK,0
2026-07-07 15:41:09,F2,5.6343,OK,0
2026-07-07 15:41:19,F2,5.6357,OK,0
2026-07-07 15:41:30,F2,5.6371,OK,0
2026-07-07 15:41:40,F2,5.6385,OK,0
2026-07-07 15:41:50,F2,5.6399,OK,0
2026-07-07 15:42:01,F2,5.6413,OK,0
2026-07-07 15:42:11,F2,5.6426,OK,0
2026-07-07 15:42:21,F2,5.6440,OK,0
2026-07-07 15:42:32,F2,5.6453,OK,0
2026-07-07 15:42:42,F2,5.6466,OK,0
2026-07-07 15:42:52,F2,5.6479,OK,0
2026-07-07 15:43:03,F2,5.6492,OK,0
2026-07-07 15:43:13,F2,5.6505,OK,0
2026-07-07 15:43:23,F2,5.6517,OK,0
2026-07-07 15:43:34,F2,5.6530,OK,0
2026-07-07 15:43:44,F2,5.6542,OK,0
2026-07-07 15:43:54,F2,5.6554,OK,0
2026-07-07 15:44:05,F2,5.6566,OK,0
2026-07-07 15:44:15,F2,5.6578,OK,0
2026-07-07 15:44:25,F2,5.6590,OK,0
2026-07-07 15:44:36,F2,5.6602,OK,0
2026-07-07 15:44:46,F2,5.6613,OK,0
2026-07-07 15:44:56,F2,5.6625,OK,0
2026-07-07 15:45:07,F2,5.6636,OK,0
2026-07-07 15:45:17,F2,5.6647,OK,0
2026-07-07 15:45:27,F2,5.6658,OK,0
2026-07-07 15:45:38,F2,5.6669,OK,0
2026-07-07 15:45:48,F2,5.6680,OK,0
2026-07-07 15:45:58,F2,5.6690,OK,0
2026-07-07 15:46:09,F2,5.6701,OK,0
2026-07-07 15:46:19,F2,5.6711,OK,0
2026-07-07 15:46:29,F2,5.6722,OK,0
2026-07-07 15:46:40,F2,5.6732,OK,0
2026-07-07 15:46:50,F2,5.6742,OK,0
2026-07-07 15:47:00,F2,5.6752,OK,0
2026-07-07 15:47:11,F2,5.6762,OK,0
2026-07-07 15:47:21,F2,5.6771,OK,0
2026-07-07 15:47:31,F2,5.6781,OK,0
2026-07-07 15:47:42,F2,5.6790,OK,0
2026-07-07 15:47:52,F2,5.6800,OK,0
2026-07-07 15:48:02,F2,5.6809,OK,0
2026-07-07 15:48:13,F2,5.6818,OK,0
2026-07-07 15:48:23,F2,5.6827,OK,0
2026-07-07 15:48:33,F2,5.6836,OK,0
2026-07-07 15:48:44,F2,5.6845,OK,0
2026-07-07 15:48:54,F2,5.6854,OK,0
2026-07-07 15:49:04,F2,5.6862,OK,0
2026-07-07 15:49:15,F2,5.6871,OK,0
2026-07-07 15:49:25,F2,5.6879,OK,0
2026-07-07 15:49:35,F2,5.6887,OK,0
2026-07-07 15:49:46,F2,5.6896,OK,0
2026-07-07 15:49:56,F2,5.6904,OK,0
2026-07-07 15:50:06,F2,5.6912,OK,0
2026-07-07 15:50:17,F2,5.6920,OK,0
2026-07-07 15:50:27,F2,5.6928,OK,0
2026-07-07 15:50:37,F2,5.6936,OK,0
2026-07-07 15:50:48,F2,5.6943,OK,0
2026-07-07 15:50:58,F2,5.6951,OK,0
2026-07-07 15:51:08,F2,5.6959,OK,0
2026-07-07 15:51:19,F2,5.6966,OK,0
2026-07-07 15:51:29,F2,5.6973,OK,0
2026-07-07 15:51:39,F2,5.6981,OK,0
2026-07-07 15:51:50,F2,5.6988,OK,0
2026-07-07 15:52:00,F2,5.6995,OK,0
2026-07-07 15:52:10,F2,5.7002,OK,0
2026-07-07 15:52:21,F2,5.7009,OK,0
2026-07-07 15:52:31,F2,5.7016,OK,0
2026-07-07 15:52:41,F2,5.7023,OK,0
2026-07-07 15:52:52,F2,5.7030,OK,0
2026-07-07 15:53:02,F2,5.7037,OK,0
2026-07-07 15:53:12,F2,5.7044,OK,0
2026-07-07 15:53:23,F2,5.7051,OK,0
2026-07-07 15:53:33,F2,5.7058,OK,0
2026-07-07 15:53:43,F2,5.7064,OK,0
2026-07-07 15:53:54,F2,5.7071,OK,0
2026-07-07 15:54:04,F2,5.7078,OK,0
2026-07-07 15:54:14,F2,5.7084,OK,0
2026-07-07 15:54:25,F2,5.7091,OK,0
2026-07-07 15:54:35,F2,5.7098,OK,0
2026-07-07 15:54:45,F2,5.7104,OK,0
2026-07-07 15:54:56,F2,5.7111,OK,0
2026-07-07 15:55:06,F2,5.7118,OK,0
2026-07-07 15:55:16,F2,5.7124,OK,0
2026-07-07 15:55:27,F2,5.7131,OK,0
2026-07-07 15:55:37,F2,5.7138,OK,0
2026-07-07 15:55:47,F2,5.7144,OK,0
2026-07-07 15:55:58,F2,5.7151,OK,0
2026-07-07 15:56:08,F2,5.7158,OK,0
2026-07-07 15:56:18,F2,5.7164,OK,0
2026-07-07 15:56:29,F2,5.7171,OK,0
2026-07-07 15:56:39,F2,5.7178,OK,0
2026-07-07 15:56:49,F2,5.7185,OK,0
2026-07-07 15:57:00,F2,5.7191,OK,0
2026-07-07 15:57:10,F2,5.7198,OK,0
2026-07-07 15:57:20,F2,5.7205,OK,0
2026-07-07 15:57:31,F2,5.7212,OK,0
2026-07-07 15:57:41,F2,5.7219,OK,0
2026-07-07 15:57:51,F2,5.7226,OK,0
2026-07-07 15:58:02,F2,5.7233,OK,0
2026-07-07 15:58:12,F2,5.7240,OK,0
2026-07-07 15:58:22,F2,5.7247,OK,0
2026-07-07 15:58:33,F2,5.7254,OK,0
2026-07-07 15:58:43,F2,5.7261,OK,0
2026-07-07 15:58:53,F2,5.7268,OK,0
2026-07-07 15:59:04,F2,5.7276,OK,0
2026-07-07 15:59:14,F2,5.7283,OK,0
2026-07-07 15:59:24,F2,5.7291,OK,0
2026-07-07 15:59:35,F2,5.7298,OK,0
2026-07-07 15:59:45,F2,5.7306,OK,0
2026-07-07 15:59:55,F2,5.7313,OK,0
2026-07-07 16:00:06,F2,5.7321,OK,0
2026-07-07 16:00:16,F2,5.7329,OK,0
2026-07-07 16:00:26,F2,5.7336,OK,0
2026-07-07 16:00:37,F2,5.7344,OK,0
2026-07-07 16:00:47,F2,5.7352,OK,0
2026-07-07 16:00:57,F2,5.7360,OK,0
2026-07-07 16:01:08,F2,5.7369,OK,0
2026-07-07 16:01:18,F2,5.7377,OK,0
2026-07-07 16:01:28,F2,5.7385,OK,1
2026-07-07 16:01:39,F2,5.7393,OK,0
2026-07-07 16:01:49,F2,5.7402,OK,0
2026-07-07 16:01:59,F2,5.7410,OK,0
2026-07-07 16:02:10,F2,5.7419,OK,0
2026-07-07 16:02:20,F2,5.7428,OK,0
2026-07-07 16:02:30,F2,5.7437,OK,0
2026-07-07 16:02:41,F2,5.7445,OK,0
2026-07-07 16:02:51,F2,5.7454,OK,0
2026-07-07 16:03:01,F2,5.7463,OK,0
2026-07-07 16:03:12,F2,5.7473,OK,0
2026-07-07 16:03:22,F2,5.7482,OK,0
2026-07-07 16:03:33,F2,5.7491,OK,0
2026-07-07 16:03:43,F2,5.7500,OK,0
2026-07-07 16:03:53,F2,5.7510,OK,0
2026-07-07 16:04:03,F2,5.7519,OK,0
2026-07-07 16:04:14,F2,5.7529,OK,0
2026-07-07 16:04:24,F2,5.7539,OK,0
2026-07-07 16:04:35,F2,5.7548,OK,0
2026-07-07 16:04:45,F2,5.7558,OK,0
2026-07-07 16:04:55,F2,5.7568,OK,0
2026-07-07 16:05:06,F2,5.7578,OK,0
2026-07-07 16:05:16,F2,5.7588,OK,0
2026-07-07 16:05:26,F2,5.7598,OK,0
2026-07-07 16:05:37,F2,5.7608,OK,0
2026-07-07 16:05:47,F2,5.7618,OK,0
2026-07-07 16:05:58,F2,5.7629,OK,0
2026-07-07 16:06:08,F2,5.7639,OK,0
2026-07-07 16:06:18,F2,5.7650,OK,0
2026-07-07 16:06:29,F2,5.7660,OK,0
2026-07-07 16:06:39,F2,5.7671,OK,0
2026-07-07 16:06:49,F2,5.7681,OK,0
2026-07-07 16:07:00,F2,5.7692,OK,0
2026-07-07 16:07:10,F2,5.7703,OK,0
2026-07-07 16:07:20,F2,5.7714,OK,0
2026-07-07 16:07:31,F2,5.7725,OK,0
2026-07-07 16:07:41,F2,5.7736,OK,0
2026-07-07 16:07:51,F2,5.7747,OK,0
2026-07-07 16:08:02,F2,5.7759,OK,0
2026-07-07 16:08:12,F2,5.7770,OK,0
2026-07-07 16:08:22,F2,5.7782,OK,0
2026-07-07 16:08:33,F2,5.7793,OK,0
2026-07-07 16:08:43,F2,5.7805,OK,0
2026-07-07 16:08:53,F2,5.7817,OK,0
2026-07-07 16:09:04,F2,5.7829,OK,0
2026-07-07 16:09:14,F2,5.7841,OK,0
2026-07-07 16:09:24,F2,5.7853,OK,0
2026-07-07 16:09:34,F2,5.7865,OK,0
2026-07-07 16:09:45,F2,5.7877,OK,0
2026-07-07 16:09:55,F2,5.7890,OK,0
2026-07-07 16:10:05,F2,5.7902,OK,0
2026-07-07 16:10:16,F2,5.7915,OK,0
2026-07-07 16:10:26,F2,5.7928,OK,0
2026-07-07 16:10:37,F2,5.7940,OK,0
2026-07-07 16:10:47,F2,5.7953,OK,0
2026-07-07 16:10:57,F2,5.7966,OK,0
2026-07-07 16:11:08,F2,5.7979,OK,0
2026-07-07 16:11:18,F2,5.7992,OK,0
2026-07-07 16:11:28,F2,5.8005,OK,0
2026-07-07 16:11:39,F2,5.8019,OK,0
2026-07-07 16:11:49,F2,5.8032,OK,0
2026-07-07 16:11:59,F2,5.8046,OK,0
2026-07-07 16:12:10,F2,5.8059,OK,0
2026-07-07 16:12:20,F2,5.8073,OK,0
2026-07-07 16:12:30,F2,5.8087,OK,0
2026-07-07 16:12:41,F2,5.8100,OK,0
2026-07-07 16:12:51,F2,5.8114,OK,0
2026-07-07 16:13:01,F2,5.8128,OK,0
2026-07-07 16:13:12,F2,5.8142,OK,0
2026-07-07 16:13:22,F2,5.8156,OK,0
2026-07-07 16:13:32,F2,5.8171,OK,0
2026-07-07 16:13:43,F2,5.8185,OK,0
2026-07-07 16:13:53,F2,5.8199,OK,0
2026-07-07 16:14:03,F2,5.8214,OK,0
2026-07-07 16:14:14,F2,5.8228,OK,0
2026-07-07 16:14:24,F2,5.8243,OK,0
2026-07-07 16:14:34,F2,5.8258,OK,0
2026-07-07 16:14:45,F2,5.8273,OK,0
2026-07-07 16:14:55,F2,5.8288,OK,0
2026-07-07 16:15:05,F2,5.8303,OK,0
2026-07-07 16:15:16,F2,5.8318,OK,0
2026-07-07 16:15:26,F2,5.8333,OK,0
2026-07-07 16:15:36,F2,5.8348,OK,0
2026-07-07 16:15:47,F2,5.8363,OK,0
2026-07-07 16:15:57,F2,5.8379,OK,0
2026-07-07 16:16:07,F2,5.8394,OK,0
2026-07-07 16:16:18,F2,5.8410,OK,0
2026-07-07 16:16:28,F2,5.8425,OK,0
2026-07-07 16:16:38,F2,5.8441,OK,0
2026-07-07 16:16:49,F2,5.8457,OK,0
2026-07-07 16:16:59,F2,5.8473,OK,0
2026-07-07 16:17:09,F2,5.8488,OK,0
2026-07-07 16:17:20,F2,5.8504,OK,0
2026-07-07 16:17:30,F2,5.8520,OK,0
2026-07-07 16:17:40,F2,5.8537,OK,0
2026-07-07 16:17:51,F2,5.8553,OK,0
2026-07-07 16:18:01,F2,5.8569,OK,0
2026-07-07 16:18:11,F2,5.8585,OK,0
2026-07-07 16:18:22,F2,5.8602,OK,0
2026-07-07 16:18:32,F2,5.8618,OK,0
2026-07-07 16:18:42,F2,5.8635,OK,0
2026-07-07 16:18:53,F2,5.8652,OK,0
2026-07-07 16:19:03,F2,5.8668,OK,0
2026-07-07 16:19:13,F2,5.8685,OK,0
2026-07-07 16:19:24,F2,5.8702,OK,0
2026-07-07 16:19:34,F2,5.8719,OK,0
2026-07-07 16:19:44,F2,5.8737,OK,0
2026-07-07 16:19:55,F2,5.8754,OK,0
2026-07-07 16:20:05,F2,5.8771,OK,0
2026-07-07 16:20:15,F2,5.8789,OK,0
2026-07-07 16:20:26,F2,5.8806,OK,0
2026-07-07 16:20:36,F2,5.8824,OK,0
2026-07-07 16:20:46,F2,5.8842,OK,0
2026-07-07 16:20:57,F2,5.8860,OK,0
2026-07-07 16:21:07,F2,5.8878,OK,0
2026-07-07 16:21:17,F2,5.8896,OK,0
2026-07-07 16:21:28,F2,5.8914,OK,0
2026-07-07 16:21:38,F2,5.8932,OK,0
2026-07-07 16:21:48,F2,5.8951,OK,0
2026-07-07 16:21:59,F2,5.8969,OK,0
2026-07-07 16:22:09,F2,5.8988,OK,0
2026-07-07 16:22:19,F2,5.9007,OK,0
2026-07-07 16:22:30,F2,5.9026,OK,0
2026-07-07 16:22:40,F2,5.9045,OK,0
2026-07-07 16:22:50,F2,5.9064,OK,0
2026-07-07 16:23:01,F2,5.9083,OK,0
2026-07-07 16:23:11,F2,5.9102,OK,0
2026-07-07 16:23:21,F2,5.9122,OK,0
2026-07-07 16:23:32,F2,5.9141,OK,0
2026-07-07 16:23:42,F2,5.9161,OK,0
2026-07-07 16:23:52,F2,5.9181,OK,0
2026-07-07 16:24:03,F2,5.9201,OK,0
2026-07-07 16:24:13,F2,5.9221,OK,0
2026-07-07 16:24:23,F2,5.9241,OK,0
2026-07-07 16:24:34,F2,5.9261,OK,0
2026-07-07 16:24:44,F2,5.9281,OK,0
2026-07-07 16:24:54,F2,5.9301,OK,0
2026-07-07 16:25:05,F2,5.9322,OK,0
2026-07-07 16:25:15,F2,5.9343,OK,0
2026-07-07 16:25:25,F2,5.9363,OK,0
2026-07-07 16:25:36,F2,5.9384,OK,0
2026-07-07 16:25:46,F2,5.9405,OK,0
2026-07-07 16:25:57,F2,5.9426,OK,0
2026-07-07 16:26:07,F2,5.9447,OK,0
2026-07-07 16:26:17,F2,5.9468,OK,0
2026-07-07 16:26:27,F2,5.9490,OK,0
2026-07-07 16:26:38,F2,5.9511,OK,0
2026-07-07 16:26:48,F2,5.9532,OK,0
2026-07-07 16:26:58,F2,5.9554,OK,0
2026-07-07 16:27:09,F2,5.9576,OK,0
2026-07-07 16:27:19,F2,5.9597,OK,0
2026-07-07 16:27:29,F2,5.9619,OK,0
2026-07-07 16:27:40,F2,5.9641,OK,0
2026-07-07 16:27:50,F2,5.9663,OK,0
2026-07-07 16:28:00,F2,5.9686,OK,0
2026-07-07 16:28:11,F2,5.9708,OK,0
2026-07-07 16:28:21,F2,5.9730,OK,0
2026-07-07 16:28:32,F2,5.9753,OK,0
2026-07-07 16:28:42,F2,5.9775,OK,0
2026-07-07 16:28:52,F2,5.9798,OK,0
2026-07-07 16:29:03,F2,5.9820,OK,0
2026-07-07 16:29:13,F2,5.9843,OK,0
2026-07-07 16:29:23,F2,5.9866,OK,0
2026-07-07 16:29:34,F2,5.9889,OK,0
2026-07-07 16:29:44,F2,5.9912,OK,0
2026-07-07 16:29:54,F2,5.9936,OK,0
2026-07-07 16:30:05,F2,5.9959,OK,0
2026-07-07 16:30:15,F2,5.9982,OK,0
2026-07-07 16:30:25,F2,6.0006,OK,0
2026-07-07 16:30:36,F2,6.0030,OK,0
2026-07-07 16:30:46,F2,6.0053,OK,0
2026-07-07 16:30:56,F2,6.0077,OK,0
2026-07-07 16:31:07,F2,6.0101,OK,0
2026-07-07 16:31:17,F2,6.0125,OK,0
2026-07-07 16:31:27,F2,6.0149,OK,0
2026-07-07 16:31:38,F2,6.0174,OK,0
2026-07-07 16:31:48,F2,6.0198,OK,0
2026-07-07 16:31:58,F2,6.0223,OK,0
2026-07-07 16:32:09,F2,6.0247,OK,0
2026-07-07 16:32:19,F2,6.0272,OK,0
2026-07-07 16:32:29,F2,6.0297,OK,0
2026-07-07 16:32:40,F2,6.0322,OK,0
2026-07-07 16:32:50,F2,6.0347,OK,0
2026-07-07 16:33:00,F2,6.0372,OK,0
2026-07-07 16:33:11,F2,6.0397,OK,0
2026-07-07 16:33:21,F2,6.0422,OK,0
2026-07-07 16:33:31,F2,6.0448,OK,0
2026-07-07 16:33:42,F2,6.0474,OK,0
2026-07-07 16:33:52,F2,6.0499,OK,0
2026-07-07 16:34:02,F2,6.0525,OK,0
2026-07-07 16:34:13,F2,6.0551,OK,0
2026-07-07 16:34:23,F2,6.0577,OK,0
2026-07-07 16:34:33,F2,6.0603,OK,0
2026-07-07 16:34:44,F2,6.0629,OK,0
2026-07-07 16:34:54,F2,6.0655,OK,0
2026-07-07 16:35:04,F2,6.0682,OK,0
2026-07-07 16:35:15,F2,6.0708,OK,0
2026-07-07 16:35:25,F2,6.0735,OK,0
2026-07-07 16:35:35,F2,6.0762,OK,0
2026-07-07 16:35:46,F2,6.0788,OK,0
2026-07-07 16:35:56,F2,6.0815,OK,0
2026-07-07 16:36:06,F2,6.0842,OK,0
2026-07-07 16:36:17,F2,6.0869,OK,0
2026-07-07 16:36:27,F2,6.0897,OK,0
2026-07-07 16:36:37,F2,6.0924,OK,0
2026-07-07 16:36:48,F2,6.0951,OK,0
2026-07-07 16:36:58,F2,6.0979,OK,0
2026-07-07 16:37:08,F2,6.1006,OK,0
2026-07-07 16:37:19,F2,6.1034,OK,0
2026-07-07 16:37:29,F2,6.1061,OK,0
2026-07-07 16:37:39,F2,6.1089,OK,0
2026-07-07 16:37:50,F2,6.1117,OK,0
2026-07-07 16:38:00,F2,6.1145,OK,0
2026-07-07 16:38:10,F2,6.1173,OK,0
2026-07-07 16:38:21,F2,6.1201,OK,0
2026-07-07 16:38:31,F2,6.1229,OK,0
2026-07-07 16:38:41,F2,6.1258,OK,0
2026-07-07 16:38:52,F2,6.1286,OK,0
2026-07-07 16:39:02,F2,6.1314,OK,0
2026-07-07 16:39:12,F2,6.1343,OK,0
2026-07-07 16:39:23,F2,6.1371,OK,0
2026-07-07 16:39:33,F2,6.1400,OK,0
2026-07-07 16:39:43,F2,6.1429,OK,0
2026-07-07 16:39:54,F2,6.1458,OK,0
2026-07-07 16:40:04,F2,6.1487,OK,0
2026-07-07 16:40:14,F2,6.1516,OK,0
2026-07-07 16:40:25,F2,6.1545,OK,0
2026-07-07 16:40:35,F2,6.1574,OK,0
2026-07-07 16:40:45,F2,6.1603,OK,0
2026-07-07 16:40:56,F2,6.1633,OK,0
2026-07-07 16:41:06,F2,6.1662,OK,0
2026-07-07 16:41:16,F2,6.1691,OK,0
2026-07-07 16:41:27,F2,6.1721,OK,0
2026-07-07 16:41:37,F2,6.1751,OK,0
2026-07-07 16:41:47,F2,6.1781,OK,0
2026-07-07 16:41:58,F2,6.1810,OK,0
2026-07-07 16:42:08,F2,6.1840,OK,0
2026-07-07 16:42:18,F2,6.1870,OK,0
2026-07-07 16:42:29,F2,6.1900,OK,0
2026-07-07 16:42:39,F2,6.1930,OK,0
2026-07-07 16:42:49,F2,6.1961,OK,0
2026-07-07 16:43:00,F2,6.1991,OK,0
2026-07-07 16:43:10,F2,6.2021,OK,0
2026-07-07 16:43:20,F2,6.2052,OK,0
2026-07-07 16:43:31,F2,6.2082,OK,0
2026-07-07 16:43:41,F2,6.2113,OK,0
2026-07-07 16:43:51,F2,6.2143,OK,0
2026-07-07 16:44:02,F2,6.2174,OK,0
2026-07-07 16:44:12,F2,6.2205,OK,0
2026-07-07 16:44:22,F2,6.2236,OK,0
2026-07-07 16:44:33,F2,6.2267,OK,0
2026-07-07 16:44:43,F2,6.2298,OK,0
2026-07-07 16:44:53,F2,6.2329,OK,0
2026-07-07 16:45:04,F2,6.2360,OK,0
2026-07-07 16:45:14,F2,6.2391,OK,0
2026-07-07 16:45:25,F2,6.2422,OK,0
2026-07-07 16:45:35,F2,6.2453,OK,0
2026-07-07 16:45:45,F2,6.2485,OK,0
2026-07-07 16:45:55,F2,6.2516,OK,0
2026-07-07 16:46:06,F2,6.2548,OK,0
2026-07-07 16:46:16,F2,6.2579,OK,0
2026-07-07 16:46:26,F2,6.2611,OK,0
2026-07-07 16:46:37,F2,6.2642,OK,0
2026-07-07 16:46:47,F2,6.2674,OK,0
2026-07-07 16:46:57,F2,6.2706,OK,0
2026-07-07 16:47:08,F2,6.2738,OK,0
2026-07-07 16:47:18,F2,6.2770,OK,0
2026-07-07 16:47:28,F2,6.2802,OK,0
2026-07-07 16:47:39,F2,6.2834,OK,0
2026-07-07 16:47:49,F2,6.2866,OK,0
2026-07-07 16:48:00,F2,6.2898,OK,0
2026-07-07 16:48:10,F2,6.2930,OK,0
2026-07-07 16:48:20,F2,6.2963,OK,0
2026-07-07 16:48:31,F2,6.2995,OK,0
2026-07-07 16:48:41,F2,6.3028,OK,0
2026-07-07 16:48:51,F2,6.3060,OK,0
2026-07-07 16:49:02,F2,6.3093,OK,0
2026-07-07 16:49:12,F2,6.3125,OK,0
2026-07-07 16:49:22,F2,6.3158,OK,0
2026-07-07 16:49:33,F2,6.3191,OK,0
2026-07-07 16:49:43,F2,6.3223,OK,0
2026-07-07 16:49:53,F2,6.3256,OK,0
2026-07-07 16:50:04,F2,6.3289,OK,0
2026-07-07 16:50:14,F2,6.3322,OK,0
2026-07-07 16:50:24,F2,6.3355,OK,0
2026-07-07 16:50:35,F2,6.3388,OK,0
2026-07-07 16:50:45,F2,6.3421,OK,0
2026-07-07 16:50:55,F2,6.3454,OK,0
2026-07-07 16:51:06,F2,6.3487,OK,0
2026-07-07 16:51:16,F2,6.3521,OK,0
2026-07-07 16:51:27,F2,6.3554,Bajo rango,1
2026-07-07 16:51:37,F2,6.3587,Bajo rango,1
2026-07-07 16:51:48,F2,6.3620,Bajo rango,1
2026-07-07 16:51:58,F2,6.3654,OK,1
2026-07-07 16:52:08,F2,6.3687,OK,1
2026-07-07 16:52:19,F2,6.3720,OK,0
2026-07-07 16:52:29,F2,6.3754,OK,0
2026-07-07 16:52:39,F2,6.3787,OK,0
2026-07-07 16:52:50,F2,6.3821,OK,0
2026-07-07 16:53:00,F2,6.3855,OK,0
2026-07-07 16:53:10,F2,6.3888,OK,0
2026-07-07 16:53:21,F2,6.3922,OK,0
2026-07-07 16:53:31,F2,6.3957,OK,0
2026-07-07 16:53:41,F2,6.3991,OK,0
2026-07-07 16:53:51,F2,6.4026,OK,0
2026-07-07 16:54:02,F2,6.4061,OK,0
2026-07-07 16:54:12,F2,6.4096,OK,0
2026-07-07 16:54:22,F2,6.4131,OK,0
2026-07-07 16:54:33,F2,6.4167,OK,0
2026-07-07 16:54:43,F2,6.4203,OK,0
2026-07-07 16:54:53,F2,6.4240,OK,0
2026-07-07 16:55:04,F2,6.4277,OK,0
2026-07-07 16:55:14,F2,6.4314,OK,0
2026-07-07 16:55:25,F2,6.4351,OK,0
2026-07-07 16:55:35,F2,6.4390,OK,0
2026-07-07 16:55:45,F2,6.4428,OK,0
2026-07-07 16:55:56,F2,6.4467,OK,0
2026-07-07 16:56:06,F2,6.4506,OK,0
2026-07-07 16:56:16,F2,6.4546,OK,0
2026-07-07 16:56:26,F2,6.4587,OK,0
2026-07-07 16:56:37,F2,6.4627,OK,0
2026-07-07 16:56:47,F2,6.4669,OK,0
2026-07-07 16:56:58,F2,6.4710,OK,0
2026-07-07 16:57:08,F2,6.4753,OK,0
2026-07-07 16:57:18,F2,6.4795,OK,0
2026-07-07 16:57:28,F2,6.4839,OK,1
2026-07-07 16:57:39,F2,6.4883,OK,1
2026-07-07 16:57:49,F2,6.4927,OK,1
2026-07-07 16:57:59,F2,6.4972,OK,0
2026-07-07 16:58:10,F2,6.5017,OK,0
2026-07-07 16:58:20,F2,6.5063,OK,0
2026-07-07 16:58:30,F2,6.5110,OK,0
2026-07-07 16:58:41,F2,6.5157,OK,0
2026-07-07 16:58:51,F2,6.5204,OK,0
2026-07-07 16:59:01,F2,6.5252,OK,0
2026-07-07 16:59:12,F2,6.5301,OK,0
2026-07-07 16:59:22,F2,6.5350,OK,0
2026-07-07 16:59:33,F2,6.5400,OK,0
2026-07-07 16:59:43,F2,6.5450,OK,0
2026-07-07 16:59:53,F2,6.5501,OK,0
2026-07-07 17:00:04,F2,6.5552,OK,0
2026-07-07 17:00:14,F2,6.5604,OK,0
2026-07-07 17:00:24,F2,6.5656,OK,0
2026-07-07 17:00:35,F2,6.5709,OK,0
2026-07-07 17:00:45,F2,6.5762,OK,0
2026-07-07 17:00:55,F2,6.5816,OK,0
2026-07-07 17:01:06,F2,6.5870,OK,0
2026-07-07 17:01:16,F2,6.5925,OK,0
2026-07-07 17:01:26,F2,6.5980,OK,0
2026-07-07 17:01:37,F2,6.6036,OK,0
2026-07-07 17:01:47,F2,6.6092,OK,0
2026-07-07 17:01:57,F2,6.6149,OK,0
2026-07-07 17:02:08,F2,6.6206,OK,0
2026-07-07 17:02:18,F2,6.6263,OK,0
2026-07-07 17:02:28,F2,6.6321,OK,0
2026-07-07 17:02:39,F2,6.6380,OK,0
2026-07-07 17:02:49,F2,6.6438,OK,0
2026-07-07 17:02:59,F2,6.6497,OK,0
2026-07-07 17:03:10,F2,6.6557,OK,0
2026-07-07 17:03:20,F2,6.6617,OK,0
2026-07-07 17:03:30,F2,6.6677,OK,0
2026-07-07 17:03:41,F2,6.6738,OK,0
2026-07-07 17:03:51,F2,6.6798,OK,0
2026-07-07 17:04:01,F2,6.6860,OK,0
2026-07-07 17:04:12,F2,6.6921,OK,0
2026-07-07 17:04:22,F2,6.6983,OK,0
2026-07-07 17:04:32,F2,6.7045,OK,0
2026-07-07 17:04:43,F2,6.7108,OK,0
2026-07-07 17:04:53,F2,6.7170,OK,0
2026-07-07 17:05:03,F2,6.7233,OK,0
2026-07-07 17:05:14,F2,6.7297,OK,0
2026-07-07 17:05:24,F2,6.7360,OK,0
2026-07-07 17:05:34,F2,6.7424,OK,0
2026-07-07 17:05:45,F2,6.7488,OK,0
2026-07-07 17:05:55,F2,6.7552,OK,0
2026-07-07 17:06:05,F2,6.7616,OK,0
2026-07-07 17:06:16,F2,6.7681,OK,0
2026-07-07 17:06:26,F2,6.7746,OK,0
2026-07-07 17:06:36,F2,6.7811,OK,0
2026-07-07 17:06:47,F2,6.7876,OK,0
2026-07-07 17:06:57,F2,6.7941,OK,0
2026-07-07 17:07:07,F2,6.8007,OK,0
2026-07-07 17:07:18,F2,6.8073,OK,0
2026-07-07 17:07:28,F2,6.8138,OK,0
2026-07-07 17:07:38,F2,6.8204,OK,0
2026-07-07 17:07:49,F2,6.8271,OK,0
2026-07-07 17:07:59,F2,6.8337,OK,0
2026-07-07 17:08:09,F2,6.8403,OK,0
2026-07-07 17:08:20,F2,6.8470,OK,0
2026-07-07 17:08:30,F2,6.8536,OK,0
2026-07-07 17:08:40,F2,6.8603,OK,0
2026-07-07 17:08:51,F2,6.8670,OK,0
2026-07-07 17:09:01,F2,6.8737,OK,0
2026-07-07 17:09:11,F2,6.8804,OK,0
2026-07-07 17:09:22,F2,6.8871,OK,0
2026-07-07 17:09:32,F2,6.8938,OK,0
2026-07-07 17:09:42,F2,6.9006,OK,0
2026-07-07 17:09:53,F2,6.9073,OK,0
2026-07-07 17:10:03,F2,6.9140,OK,0
2026-07-07 17:10:13,F2,6.9208,OK,1
2026-07-07 17:10:24,F2,6.9275,OK,0
2026-07-07 17:10:34,F2,6.9343,OK,0
2026-07-07 17:10:44,F2,6.9410,OK,0
2026-07-07 17:10:55,F2,6.9478,OK,0
2026-07-07 17:11:05,F2,6.9546,OK,0
2026-07-07 17:11:15,F2,6.9613,OK,0
2026-07-07 17:11:26,F2,6.9681,OK,0
2026-07-07 17:11:36,F2,6.9748,OK,0
2026-07-07 17:11:46,F2,6.9816,OK,0
2026-07-07 17:11:57,F2,6.9883,OK,0
2026-07-07 17:12:07,F2,6.9951,OK,0
2026-07-07 17:12:17,F2,7.0018,OK,0
2026-07-07 17:12:28,F2,7.0086,OK,0
2026-07-07 17:12:38,F2,7.0153,OK,0
2026-07-07 17:12:48,F2,7.0221,OK,0
2026-07-07 17:12:59,F2,7.0288,OK,0
2026-07-07 17:13:09,F2,7.0355,OK,0
2026-07-07 17:13:19,F2,7.0422,OK,0
2026-07-07 17:13:30,F2,7.0490,OK,0
2026-07-07 17:13:40,F2,7.0557,OK,0
2026-07-07 17:13:50,F2,7.0624,OK,0
2026-07-07 17:14:01,F2,7.0691,OK,0
2026-07-07 17:14:11,F2,7.0758,OK,0
2026-07-07 17:14:21,F2,7.0824,OK,0
2026-07-07 17:14:32,F2,7.0891,OK,0
2026-07-07 17:14:42,F2,7.0958,OK,0
2026-07-07 17:14:52,F2,7.1025,OK,0
2026-07-07 17:15:03,F2,7.1091,OK,0
2026-07-07 17:15:13,F2,7.1158,OK,0
2026-07-07 17:15:23,F2,7.1224,OK,0
2026-07-07 17:15:34,F2,7.1290,OK,0
2026-07-07 17:15:44,F2,7.1356,OK,0
2026-07-07 17:15:54,F2,7.1422,OK,0
2026-07-07 17:16:05,F2,7.1488,OK,0
2026-07-07 17:16:15,F2,7.1554,OK,0
2026-07-07 17:16:25,F2,7.1619,OK,0
2026-07-07 17:16:36,F2,7.1685,OK,0
2026-07-07 17:16:46,F2,7.1750,OK,0
2026-07-07 17:16:56,F2,7.1815,OK,0
2026-07-07 17:17:07,F2,7.1880,OK,0
2026-07-07 17:17:17,F2,7.1945,OK,0
2026-07-07 17:17:27,F2,7.2010,OK,0
2026-07-07 17:17:38,F2,7.2074,OK,0
2026-07-07 17:17:48,F2,7.2139,OK,0
2026-07-07 17:17:58,F2,7.2203,OK,0
2026-07-07 17:18:09,F2,7.2267,OK,0
2026-07-07 17:18:19,F2,7.2330,OK,0
2026-07-07 17:18:29,F2,7.2394,OK,0
2026-07-07 17:18:40,F2,7.2457,OK,0
2026-07-07 17:18:50,F2,7.2520,OK,0
2026-07-07 17:19:00,F2,7.2583,OK,0
2026-07-07 17:19:11,F2,7.2646,OK,0
2026-07-07 17:19:21,F2,7.2708,OK,0
2026-07-07 17:19:31,F2,7.2770,OK,0
2026-07-07 17:19:42,F2,7.2832,OK,0
2026-07-07 17:19:52,F2,7.2894,OK,0
2026-07-07 17:20:02,F2,7.2956,OK,0
2026-07-07 17:20:13,F2,7.3017,OK,0
2026-07-07 17:20:23,F2,7.3078,OK,0
2026-07-07 17:20:33,F2,7.3139,OK,0
2026-07-07 17:20:44,F2,7.3200,OK,0
2026-07-07 17:20:54,F2,7.3260,OK,0
2026-07-07 17:21:04,F2,7.3321,OK,0
2026-07-07 17:21:15,F2,7.3380,OK,0
2026-07-07 17:21:25,F2,7.3440,OK,0
2026-07-07 17:21:35,F2,7.3500,OK,0
2026-07-07 17:21:46,F2,7.3559,OK,0
2026-07-07 17:21:56,F2,7.3618,OK,0
2026-07-07 17:22:06,F2,7.3676,OK,0
2026-07-07 17:22:17,F2,7.3735,OK,0
2026-07-07 17:22:27,F2,7.3793,OK,0
2026-07-07 17:22:37,F2,7.3851,OK,0
2026-07-07 17:22:48,F2,7.3908,OK,0
2026-07-07 17:22:58,F2,7.3966,OK,0
2026-07-07 17:23:08,F2,7.4023,OK,0
2026-07-07 17:23:19,F2,7.4080,OK,0
2026-07-07 17:23:29,F2,7.4136,OK,0
2026-07-07 17:23:39,F2,7.4192,OK,0
2026-07-07 17:23:50,F2,7.4248,OK,0
2026-07-07 17:24:00,F2,7.4304,OK,0
2026-07-07 17:24:10,F2,7.4359,OK,0
2026-07-07 17:24:21,F2,7.4414,OK,0
2026-07-07 17:24:31,F2,7.4469,OK,0
2026-07-07 17:24:41,F2,7.4524,OK,0
2026-07-07 17:24:52,F2,7.4578,OK,0
2026-07-07 17:25:02,F2,7.4632,OK,0
2026-07-07 17:25:12,F2,7.4685,OK,0
2026-07-07 17:25:23,F2,7.4739,OK,0
2026-07-07 17:25:33,F2,7.4792,OK,0
2026-07-07 17:25:43,F2,7.4845,OK,0
2026-07-07 17:25:54,F2,7.4897,OK,0
2026-07-07 17:26:04,F2,7.4950,OK,0
2026-07-07 17:26:14,F2,7.5002,OK,0
2026-07-07 17:26:25,F2,7.5053,OK,0
2026-07-07 17:26:35,F2,7.5105,OK,0
2026-07-07 17:26:45,F2,7.5156,OK,1
2026-07-07 17:26:56,F2,7.5207,OK,1
2026-07-07 17:27:06,F2,7.5258,OK,0
2026-07-07 17:27:16,F2,7.5308,OK,0
2026-07-07 17:27:27,F2,7.5358,OK,0
2026-07-07 17:27:37,F2,7.5408,OK,0
2026-07-07 17:27:47,F2,7.5457,OK,0
2026-07-07 17:27:58,F2,7.5506,OK,0
2026-07-07 17:28:08,F2,7.5555,OK,0
2026-07-07 17:28:18,F2,7.5604,OK,0
2026-07-07 17:28:29,F2,7.5652,OK,0
2026-07-07 17:28:39,F2,7.5700,OK,0
2026-07-07 17:28:49,F2,7.5748,OK,0
2026-07-07 17:29:00,F2,7.5795,OK,0
2026-07-07 17:29:10,F2,7.5842,OK,0
2026-07-07 17:29:20,F2,7.5889,OK,0
2026-07-07 17:29:31,F2,7.5935,OK,0
2026-07-07 17:29:41,F2,7.5981,OK,0
2026-07-07 17:29:51,F2,7.6027,OK,0
2026-07-07 17:30:02,F2,7.6073,OK,0
2026-07-07 17:30:12,F2,7.6118,OK,0
2026-07-07 17:30:22,F2,7.6162,OK,0
2026-07-07 17:30:33,F2,7.6207,OK,0
2026-07-07 17:30:43,F2,7.6251,OK,0
2026-07-07 17:30:53,F2,7.6295,OK,0
2026-07-07 17:31:04,F2,7.6339,OK,0
2026-07-07 17:31:14,F2,7.6382,OK,0
2026-07-07 17:31:24,F2,7.6425,OK,0
2026-07-07 17:31:35,F2,7.6467,OK,0
2026-07-07 17:31:45,F2,7.6510,OK,0
2026-07-07 17:31:55,F2,7.6552,OK,0
2026-07-07 17:32:06,F2,7.6593,OK,1
2026-07-07 17:32:16,F2,7.6635,OK,0
2026-07-07 17:32:26,F2,7.6676,OK,0
2026-07-07 17:32:37,F2,7.6717,OK,0
2026-07-07 17:32:47,F2,7.6757,OK,0
2026-07-07 17:32:57,F2,7.6797,OK,0
2026-07-07 17:33:08,F2,7.6837,OK,0
2026-07-07 17:33:18,F2,7.6877,OK,0
2026-07-07 17:33:29,F2,7.6916,OK,0
2026-07-07 17:33:39,F2,7.6955,OK,0
2026-07-07 17:33:49,F2,7.6994,OK,0
2026-07-07 17:33:59,F2,7.7032,OK,0
2026-07-07 17:34:10,F2,7.7070,OK,0
2026-07-07 17:34:20,F2,7.7108,OK,0
2026-07-07 17:34:31,F2,7.7145,OK,0
2026-07-07 17:34:41,F2,7.7182,OK,0
2026-07-07 17:34:51,F2,7.7219,OK,0
2026-07-07 17:35:02,F2,7.7255,OK,0
2026-07-07 17:35:12,F2,7.7291,OK,0
2026-07-07 17:35:22,F2,7.7327,OK,0
2026-07-07 17:35:33,F2,7.7362,OK,0
2026-07-07 17:35:43,F2,7.7397,OK,0
2026-07-07 17:35:53,F2,7.7432,OK,0
2026-07-07 17:36:04,F2,7.7466,OK,0
2026-07-07 17:36:14,F2,7.7500,OK,0
2026-07-07 17:36:24,F2,7.7534,OK,0
2026-07-07 17:36:35,F2,7.7568,OK,0
2026-07-07 17:36:45,F2,7.7601,OK,0
2026-07-07 17:36:55,F2,7.7634,OK,0
2026-07-07 17:37:06,F2,7.7666,OK,0
2026-07-07 17:37:16,F2,7.7699,OK,0
2026-07-07 17:37:26,F2,7.7731,OK,0
2026-07-07 17:37:37,F2,7.7763,OK,0
2026-07-07 17:37:47,F2,7.7794,OK,0
2026-07-07 17:37:57,F2,7.7826,OK,0
2026-07-07 17:38:08,F2,7.7857,OK,0
2026-07-07 17:38:18,F2,7.7887,OK,0
2026-07-07 17:38:28,F2,7.7918,OK,0
2026-07-07 17:38:39,F2,7.7948,OK,0
2026-07-07 17:38:49,F2,7.7978,OK,0
2026-07-07 17:38:59,F2,7.8008,OK,0
2026-07-07 17:39:10,F2,7.8037,OK,0
2026-07-07 17:39:20,F2,7.8066,OK,0
2026-07-07 17:39:30,F2,7.8095,OK,0
2026-07-07 17:39:41,F2,7.8124,OK,0
2026-07-07 17:39:51,F2,7.8152,OK,0
2026-07-07 17:40:01,F2,7.8181,OK,0
2026-07-07 17:40:12,F2,7.8209,OK,0
2026-07-07 17:40:22,F2,7.8236,OK,0
2026-07-07 17:40:32,F2,7.8264,OK,0
2026-07-07 17:40:43,F2,7.8291,OK,0
2026-07-07 17:40:53,F2,7.8318,OK,0
2026-07-07 17:41:03,F2,7.8345,OK,0
2026-07-07 17:41:14,F2,7.8371,OK,0
2026-07-07 17:41:24,F2,7.8397,OK,0
2026-07-07 17:41:34,F2,7.8423,OK,0
2026-07-07 17:41:45,F2,7.8449,OK,0
2026-07-07 17:41:55,F2,7.8474,OK,0
2026-07-07 17:42:05,F2,7.8499,OK,0
2026-07-07 17:42:16,F2,7.8524,OK,0
2026-07-07 17:42:26,F2,7.8549,OK,0
2026-07-07 17:42:36,F2,7.8573,OK,0
2026-07-07 17:42:47,F2,7.8597,OK,0
2026-07-07 17:42:57,F2,7.8621,OK,0
2026-07-07 17:43:07,F2,7.8645,OK,0
2026-07-07 17:43:18,F2,7.8668,OK,0
2026-07-07 17:43:28,F2,7.8691,OK,0
2026-07-07 17:43:38,F2,7.8714,OK,0
2026-07-07 17:43:49,F2,7.8737,OK,0
2026-07-07 17:43:59,F2,7.8759,OK,0
2026-07-07 17:44:09,F2,7.8781,OK,0
2026-07-07 17:44:20,F2,7.8803,OK,0
2026-07-07 17:44:30,F2,7.8825,OK,0
2026-07-07 17:44:40,F2,7.8846,OK,0
2026-07-07 17:44:51,F2,7.8868,OK,0
2026-07-07 17:45:01,F2,7.8889,OK,0
2026-07-07 17:45:11,F2,7.8909,OK,0
2026-07-07 17:45:22,F2,7.8930,OK,0
2026-07-07 17:45:32,F2,7.8950,OK,0
2026-07-07 17:45:42,F2,7.8970,OK,0
2026-07-07 17:45:53,F2,7.8990,OK,0
2026-07-07 17:46:03,F2,7.9009,OK,0
2026-07-07 17:46:14,F2,7.9028,OK,1
2026-07-07 17:46:24,F2,7.9047,OK,0
2026-07-07 17:46:34,F2,7.9066,OK,0
2026-07-07 17:46:45,F2,7.9085,OK,0
2026-07-07 17:46:55,F2,7.9103,OK,0
2026-07-07 17:47:05,F2,7.9121,OK,0
2026-07-07 17:47:16,F2,7.9139,OK,0
2026-07-07 17:47:26,F2,7.9157,OK,0
2026-07-07 17:47:36,F2,7.9174,OK,0
2026-07-07 17:47:47,F2,7.9192,OK,0
2026-07-07 17:47:57,F2,7.9209,OK,0
2026-07-07 17:48:07,F2,7.9225,OK,0
2026-07-07 17:48:18,F2,7.9242,OK,0
2026-07-07 17:48:28,F2,7.9259,OK,0
2026-07-07 17:48:38,F2,7.9275,OK,0
2026-07-07 17:48:49,F2,7.9291,OK,0
2026-07-07 17:48:59,F2,7.9307,OK,0
2026-07-07 17:49:09,F2,7.9323,OK,0
2026-07-07 17:49:20,F2,7.9338,OK,0
2026-07-07 17:49:30,F2,7.9353,OK,0
2026-07-07 17:49:40,F2,7.9369,OK,0
2026-07-07 17:49:51,F2,7.9384,OK,0
2026-07-07 17:50:01,F2,7.9398,OK,0
2026-07-07 17:50:11,F2,7.9413,OK,0
2026-07-07 17:50:22,F2,7.9427,OK,0
2026-07-07 17:50:32,F2,7.9442,OK,0
2026-07-07 17:50:42,F2,7.9456,OK,0
2026-07-07 17:50:53,F2,7.9470,OK,0
2026-07-07 17:51:03,F2,7.9484,OK,0
2026-07-07 17:51:13,F2,7.9497,OK,0
2026-07-07 17:51:24,F2,7.9511,OK,0
2026-07-07 17:51:34,F2,7.9524,OK,0
2026-07-07 17:51:44,F2,7.9537,OK,0
2026-07-07 17:51:55,F2,7.9550,OK,0
2026-07-07 17:52:05,F2,7.9563,OK,0
2026-07-07 17:52:15,F2,7.9575,OK,0
2026-07-07 17:52:26,F2,7.9588,OK,0
2026-07-07 17:52:36,F2,7.9600,OK,0
2026-07-07 17:52:46,F2,7.9612,OK,0
2026-07-07 17:52:57,F2,7.9624,OK,0
2026-07-07 17:53:07,F2,7.9636,OK,0
2026-07-07 17:53:17,F2,7.9648,OK,0
2026-07-07 17:53:28,F2,7.9659,OK,0
2026-07-07 17:53:38,F2,7.9670,OK,0
2026-07-07 17:53:48,F2,7.9681,OK,0
2026-07-07 17:53:59,F2,7.9692,OK,0
2026-07-07 17:54:09,F2,7.9703,OK,0
2026-07-07 17:54:19,F2,7.9714,OK,0
2026-07-07 17:54:30,F2,7.9724,OK,0
2026-07-07 17:54:40,F2,7.9734,OK,0
2026-07-07 17:54:50,F2,7.9744,OK,0
2026-07-07 17:55:01,F2,7.9754,OK,0
2026-07-07 17:55:11,F2,7.9764,OK,0
2026-07-07 17:55:21,F2,7.9774,OK,0
2026-07-07 17:55:32,F2,7.9783,OK,0
2026-07-07 17:55:42,F2,7.9792,OK,0
2026-07-07 17:55:53,F2,7.9801,OK,0
2026-07-07 17:56:03,F2,7.9810,OK,0
2026-07-07 17:56:13,F2,7.9819,OK,0
2026-07-07 17:56:23,F2,7.9828,OK,0
2026-07-07 17:56:34,F2,7.9837,OK,0
2026-07-07 17:56:44,F2,7.9845,OK,0
2026-07-07 17:56:54,F2,7.9853,OK,0
2026-07-07 17:57:05,F2,7.9861,OK,0
2026-07-07 17:57:15,F2,7.9869,OK,0
2026-07-07 17:57:25,F2,7.9877,OK,0
2026-07-07 17:57:36,F2,7.9885,OK,0
2026-07-07 17:57:46,F2,7.9893,OK,0
2026-07-07 17:57:56,F2,7.9900,OK,0
2026-07-07 17:58:07,F2,7.9908,OK,0
2026-07-07 17:58:17,F2,7.9915,OK,0
2026-07-07 17:58:27,F2,7.9922,OK,0
2026-07-07 17:58:38,F2,7.9929,OK,0
2026-07-07 17:58:48,F2,7.9936,OK,0
2026-07-07 17:58:58,F2,7.9943,OK,0
2026-07-07 17:59:09,F2,7.9950,OK,0
2026-07-07 17:59:19,F2,7.9957,OK,0
2026-07-07 17:59:29,F2,7.9963,OK,0
2026-07-07 17:59:40,F2,7.9970,OK,0
2026-07-07 17:59:50,F2,7.9976,OK,0
2026-07-07 18:00:00,F2,7.9982,OK,0
2026-07-07 18:00:11,F2,7.9989,OK,0
2026-07-07 18:00:21,F2,7.9995,OK,0
2026-07-07 18:00:31,F2,8.0001,OK,0
2026-07-07 18:00:42,F2,8.0006,OK,0
2026-07-07 18:00:52,F2,8.0012,OK,0
2026-07-07 18:01:02,F2,8.0018,OK,0
2026-07-07 18:01:13,F2,8.0023,OK,0
2026-07-07 18:01:23,F2,8.0029,OK,0
2026-07-07 18:01:33,F2,8.0034,OK,0
2026-07-07 18:01:44,F2,8.0040,OK,0
2026-07-07 18:01:54,F2,8.0045,OK,0
2026-07-07 18:02:04,F2,8.0050,OK,0
2026-07-07 18:02:15,F2,8.0055,OK,0
2026-07-07 18:02:25,F2,8.0060,OK,0
2026-07-07 18:02:35,F2,8.0065,OK,0
2026-07-07 18:02:46,F2,8.0070,OK,0
2026-07-07 18:02:56,F2,8.0075,OK,0
2026-07-07 18:03:06,F2,8.0079,OK,0
2026-07-07 18:03:17,F2,8.0084,OK,0
2026-07-07 18:03:27,F2,8.0089,OK,0
2026-07-07 18:03:37,F2,8.0093,OK,0
2026-07-07 18:03:48,F2,8.0097,OK,0
2026-07-07 18:03:58,F2,8.0102,OK,0
2026-07-07 18:04:08,F2,8.0106,OK,0
2026-07-07 18:04:19,F2,8.0110,OK,0
2026-07-07 18:04:29,F2,8.0114,OK,0
2026-07-07 18:04:39,F2,8.0118,OK,0
2026-07-07 18:04:50,F2,8.0123,OK,0
2026-07-07 18:05:00,F2,8.0126,OK,0
2026-07-07 18:05:10,F2,8.0130,OK,0
2026-07-07 18:05:21,F2,8.0134,OK,0
2026-07-07 18:05:31,F2,8.0138,OK,0
2026-07-07 18:05:41,F2,8.0142,OK,0
2026-07-07 18:05:52,F2,8.0146,OK,0
2026-07-07 18:06:02,F2,8.0150,OK,0
2026-07-07 18:06:12,F2,8.0153,OK,0
2026-07-07 18:06:23,F2,8.0157,OK,0
2026-07-07 18:06:33,F2,8.0161,OK,0
2026-07-07 18:06:43,F2,8.0164,OK,0
2026-07-07 18:06:54,F2,8.0168,OK,0
2026-07-07 18:07:04,F2,8.0172,OK,0
2026-07-07 18:07:14,F2,8.0176,OK,0
2026-07-07 18:07:25,F2,8.0180,OK,0
2026-07-07 18:07:35,F2,8.0183,OK,0
2026-07-07 18:07:45,F2,8.0187,OK,0
2026-07-07 18:07:56,F2,8.0191,OK,0
2026-07-07 18:08:06,F2,8.0195,OK,0
2026-07-07 18:08:16,F2,8.0199,OK,0
2026-07-07 18:08:27,F2,8.0203,OK,0
2026-07-07 18:08:37,F2,8.0208,OK,0
2026-07-07 18:08:47,F2,8.0212,OK,0
2026-07-07 18:08:58,F2,8.0216,OK,0
2026-07-07 18:09:08,F2,8.0221,OK,0
2026-07-07 18:09:18,F2,8.0225,OK,0
2026-07-07 18:09:29,F2,8.0229,OK,0
2026-07-07 18:09:39,F2,8.0234,OK,0
2026-07-07 18:09:49,F2,8.0239,OK,0
2026-07-07 18:10:00,F2,8.0243,OK,0
2026-07-07 18:10:10,F2,8.0248,OK,0
2026-07-07 18:10:20,F2,8.0253,OK,0
2026-07-07 18:10:31,F2,8.0258,OK,0
2026-07-07 18:10:41,F2,8.0263,OK,0
2026-07-07 18:10:51,F2,8.0268,OK,0
2026-07-07 18:11:02,F2,8.0273,OK,0
2026-07-07 18:11:12,F2,8.0278,OK,0
2026-07-07 18:11:22,F2,8.0284,OK,0
2026-07-07 18:11:33,F2,8.0289,OK,0
2026-07-07 18:11:43,F2,8.0294,OK,0
2026-07-07 18:11:53,F2,8.0300,OK,0
2026-07-07 18:12:04,F2,8.0305,OK,0
2026-07-07 18:12:14,F2,8.0311,OK,0
2026-07-07 18:12:24,F2,8.0317,OK,0
2026-07-07 18:12:34,F2,8.0322,OK,0
2026-07-07 18:12:45,F2,8.0328,OK,0
2026-07-07 18:12:55,F2,8.0334,OK,0
2026-07-07 18:13:06,F2,8.0340,OK,0
2026-07-07 18:13:16,F2,8.0346,OK,0
2026-07-07 18:13:26,F2,8.0352,OK,0
2026-07-07 18:13:37,F2,8.0358,OK,0
2026-07-07 18:13:47,F2,8.0364,OK,0
2026-07-07 18:13:57,F2,8.0370,OK,0
2026-07-07 18:14:08,F2,8.0376,OK,0
2026-07-07 18:14:18,F2,8.0382,OK,0
2026-07-07 18:14:28,F2,8.0389,OK,0
2026-07-07 18:14:39,F2,8.0395,OK,0
2026-07-07 18:14:49,F2,8.0401,OK,0
2026-07-07 18:14:59,F2,8.0407,OK,0
2026-07-07 18:15:10,F2,8.0414,OK,0
2026-07-07 18:15:20,F2,8.0420,OK,0
2026-07-07 18:15:30,F2,8.0427,OK,0
2026-07-07 18:15:41,F2,8.0433,OK,0
2026-07-07 18:15:51,F2,8.0439,OK,1
2026-07-07 18:16:01,F2,8.0446,OK,0
2026-07-07 18:16:11,F2,8.0452,OK,0
2026-07-07 18:16:22,F2,8.0459,OK,0
2026-07-07 18:16:32,F2,8.0465,OK,0
2026-07-07 18:16:43,F2,8.0472,OK,0
2026-07-07 18:16:53,F2,8.0478,OK,0
2026-07-07 18:17:03,F2,8.0485,OK,0
2026-07-07 18:17:14,F2,8.0491,OK,0
2026-07-07 18:17:24,F2,8.0498,OK,0
2026-07-07 18:17:34,F2,8.0504,OK,0
2026-07-07 18:17:45,F2,8.0511,OK,0
2026-07-07 18:17:55,F2,8.0517,OK,0
2026-07-07 18:18:05,F2,8.0524,OK,0
2026-07-07 18:18:16,F2,8.0530,OK,0
2026-07-07 18:18:26,F2,8.0537,OK,0
2026-07-07 18:18:36,F2,8.0543,OK,0
2026-07-07 18:18:47,F2,8.0550,OK,0
2026-07-07 18:18:57,F2,8.0557,OK,0
2026-07-07 18:19:07,F2,8.0563,OK,0
2026-07-07 18:19:18,F2,8.0570,OK,0
2026-07-07 18:19:28,F2,8.0577,OK,0
2026-07-07 18:19:38,F2,8.0583,OK,0
2026-07-07 18:19:49,F2,8.0590,OK,0
2026-07-07 18:19:59,F2,8.0597,OK,0
2026-07-07 18:20:09,F2,8.0603,OK,0
2026-07-07 18:20:20,F2,8.0610,OK,0
2026-07-07 18:20:30,F2,8.0617,OK,0
2026-07-07 18:20:40,F2,8.0624,OK,0
2026-07-07 18:20:51,F2,8.0630,OK,0
2026-07-07 18:21:01,F2,8.0637,OK,0
2026-07-07 18:21:12,F2,8.0644,OK,0
2026-07-07 18:21:22,F2,8.0651,OK,0
2026-07-07 18:21:32,F2,8.0658,OK,0
2026-07-07 18:21:43,F2,8.0665,OK,1
2026-07-07 18:21:53,F2,8.0672,OK,0
2026-07-07 18:22:03,F2,8.0679,OK,0
2026-07-07 18:22:14,F2,8.0686,OK,0
2026-07-07 18:22:24,F2,8.0693,OK,0
2026-07-07 18:22:34,F2,8.0700,OK,0
2026-07-07 18:22:45,F2,8.0707,OK,0
2026-07-07 18:22:55,F2,8.0715,OK,0
2026-07-07 18:23:05,F2,8.0722,OK,0
2026-07-07 18:23:16,F2,8.0729,OK,0
2026-07-07 18:23:26,F2,8.0736,OK,0
2026-07-07 18:23:36,F2,8.0744,OK,0
2026-07-07 18:23:47,F2,8.0751,OK,0
2026-07-07 18:23:57,F2,8.0758,OK,0
2026-07-07 18:24:07,F2,8.0765,OK,0
2026-07-07 18:24:18,F2,8.0773,OK,0
2026-07-07 18:24:28,F2,8.0780,OK,0
2026-07-07 18:24:38,F2,8.0787,OK,0
2026-07-07 18:24:49,F2,8.0795,OK,0
2026-07-07 18:24:59,F2,8.0802,OK,0
2026-07-07 18:25:09,F2,8.0809,OK,0
2026-07-07 18:25:20,F2,8.0816,OK,0
2026-07-07 18:25:30,F2,8.0824,OK,0
2026-07-07 18:25:40,F2,8.0831,OK,0
2026-07-07 18:25:50,F2,8.0838,OK,0
2026-07-07 18:26:01,F2,8.0846,OK,0
2026-07-07 18:26:11,F2,8.0853,OK,0
2026-07-07 18:26:21,F2,8.0860,OK,0
2026-07-07 18:26:32,F2,8.0867,OK,0
2026-07-07 18:26:42,F2,8.0875,OK,0
2026-07-07 18:26:52,F2,8.0882,OK,0
2026-07-07 18:27:03,F2,8.0889,OK,0
2026-07-07 18:27:13,F2,8.0897,OK,0
2026-07-07 18:27:23,F2,8.0904,OK,0
2026-07-07 18:27:34,F2,8.0911,OK,0
2026-07-07 18:27:44,F2,8.0919,OK,0
2026-07-07 18:27:54,F2,8.0926,OK,0
2026-07-07 18:28:05,F2,8.0933,OK,0
2026-07-07 18:28:15,F2,8.0941,OK,0
2026-07-07 18:28:26,F2,8.0948,OK,0
2026-07-07 18:28:36,F2,8.0956,OK,0
2026-07-07 18:28:46,F2,8.0963,OK,0
2026-07-07 18:28:57,F2,8.0971,OK,0
2026-07-07 18:29:07,F2,8.0978,OK,0
2026-07-07 18:29:17,F2,8.0986,OK,0
2026-07-07 18:29:28,F2,8.0993,OK,0
2026-07-07 18:29:38,F2,8.1001,OK,0
2026-07-07 18:29:48,F2,8.1008,OK,0
2026-07-07 18:29:59,F2,8.1016,OK,0
2026-07-07 18:30:09,F2,8.1023,OK,0
2026-07-07 18:30:19,F2,8.1031,OK,0
2026-07-07 18:30:30,F2,8.1038,OK,0
2026-07-07 18:30:40,F2,8.1046,OK,0
2026-07-07 18:30:50,F2,8.1053,OK,0
2026-07-07 18:31:01,F2,8.1061,OK,0
2026-07-07 18:31:11,F2,8.1068,OK,0
2026-07-07 18:31:21,F2,8.1076,OK,0
2026-07-07 18:31:32,F2,8.1083,OK,0
2026-07-07 18:31:42,F2,8.1091,OK,0
2026-07-07 18:31:52,F2,8.1098,OK,0
2026-07-07 18:32:03,F2,8.1106,OK,0
2026-07-07 18:32:13,F2,8.1113,OK,0
2026-07-07 18:32:24,F2,8.1121,OK,0
2026-07-07 18:32:34,F2,8.1128,OK,0
2026-07-07 18:32:44,F2,8.1136,OK,0
2026-07-07 18:32:55,F2,8.1143,OK,0
2026-07-07 18:33:05,F2,8.1151,OK,0
2026-07-07 18:33:15,F2,8.1158,OK,0
2026-07-07 18:33:26,F2,8.1166,OK,0
2026-07-07 18:33:36,F2,8.1173,OK,0
2026-07-07 18:33:46,F2,8.1181,OK,0
2026-07-07 18:33:57,F2,8.1189,OK,0
2026-07-07 18:34:07,F2,8.1196,OK,0
2026-07-07 18:34:17,F2,8.1204,OK,0
2026-07-07 18:34:28,F2,8.1211,OK,0
2026-07-07 18:34:38,F2,8.1219,OK,0
2026-07-07 18:34:48,F2,8.1226,OK,0
2026-07-07 18:34:59,F2,8.1234,OK,0
2026-07-07 18:35:09,F2,8.1242,OK,0
2026-07-07 18:35:19,F2,8.1249,OK,0
2026-07-07 18:35:30,F2,8.1257,OK,0
2026-07-07 18:35:40,F2,8.1264,OK,0
2026-07-07 18:35:50,F2,8.1272,OK,0
2026-07-07 18:36:01,F2,8.1280,OK,0
2026-07-07 18:36:11,F2,8.1288,OK,0
2026-07-07 18:36:21,F2,8.1295,OK,0
2026-07-07 18:36:32,F2,8.1303,OK,0
2026-07-07 18:36:42,F2,8.1311,OK,0
2026-07-07 18:36:52,F2,8.1319,OK,0
2026-07-07 18:37:03,F2,8.1327,OK,0
2026-07-07 18:37:13,F2,8.1334,OK,0
2026-07-07 18:37:23,F2,8.1342,OK,0
2026-07-07 18:37:34,F2,8.1350,OK,0
2026-07-07 18:37:44,F2,8.1358,OK,0
2026-07-07 18:37:54,F2,8.1366,OK,0
2026-07-07 18:38:05,F2,8.1375,OK,0
2026-07-07 18:38:15,F2,8.1383,OK,0
2026-07-07 18:38:25,F2,8.1391,OK,0
2026-07-07 18:38:36,F2,8.1399,OK,0
2026-07-07 18:38:46,F2,8.1408,OK,0
2026-07-07 18:38:56,F2,8.1416,OK,0
2026-07-07 18:39:07,F2,8.1425,OK,0
2026-07-07 18:39:17,F2,8.1434,OK,0
2026-07-07 18:39:27,F2,8.1442,OK,0
2026-07-07 18:39:38,F2,8.1451,OK,0
2026-07-07 18:39:48,F2,8.1460,OK,0
2026-07-07 18:39:58,F2,8.1469,OK,0
2026-07-07 18:40:09,F2,8.1478,OK,0
2026-07-07 18:40:19,F2,8.1487,OK,0
2026-07-07 18:40:29,F2,8.1497,OK,0
2026-07-07 18:40:40,F2,8.1506,OK,0
2026-07-07 18:40:50,F2,8.1516,OK,0
2026-07-07 18:41:00,F2,8.1525,OK,0
2026-07-07 18:41:11,F2,8.1535,OK,0
2026-07-07 18:41:21,F2,8.1545,OK,0
2026-07-07 18:41:31,F2,8.1555,OK,0
2026-07-07 18:41:42,F2,8.1565,OK,0
2026-07-07 18:41:52,F2,8.1575,OK,0
2026-07-07 18:42:02,F2,8.1586,OK,0
2026-07-07 18:42:13,F2,8.1596,OK,0
2026-07-07 18:42:23,F2,8.1607,OK,0
2026-07-07 18:42:33,F2,8.1617,OK,0
2026-07-07 18:42:44,F2,8.1628,OK,0
2026-07-07 18:42:54,F2,8.1639,OK,0
2026-07-07 18:43:04,F2,8.1650,OK,0
2026-07-07 18:43:15,F2,8.1661,OK,0
2026-07-07 18:43:25,F2,8.1673,OK,0
2026-07-07 18:43:35,F2,8.1684,OK,0
2026-07-07 18:43:46,F2,8.1696,OK,0
2026-07-07 18:43:56,F2,8.1707,OK,0
2026-07-07 18:44:06,F2,8.1719,OK,0
2026-07-07 18:44:17,F2,8.1731,OK,0
2026-07-07 18:44:27,F2,8.1743,OK,0
2026-07-07 18:44:37,F2,8.1755,OK,0
2026-07-07 18:44:48,F2,8.1767,OK,0
2026-07-07 18:44:58,F2,8.1780,OK,0
2026-07-07 18:45:08,F2,8.1792,OK,0
2026-07-07 18:45:19,F2,8.1805,OK,0
2026-07-07 18:45:29,F2,8.1818,OK,0
2026-07-07 18:45:39,F2,8.1830,OK,0
2026-07-07 18:45:50,F2,8.1843,OK,0
2026-07-07 18:46:00,F2,8.1857,OK,0
2026-07-07 18:46:10,F2,8.1870,OK,0
2026-07-07 18:46:21,F2,8.1883,OK,0
2026-07-07 18:46:31,F2,8.1897,OK,0
2026-07-07 18:46:41,F2,8.1910,OK,0
2026-07-07 18:46:52,F2,8.1924,OK,0
2026-07-07 18:47:02,F2,8.1938,OK,0
2026-07-07 18:47:12,F2,8.1952,OK,0
2026-07-07 18:47:23,F2,8.1966,OK,0
2026-07-07 18:47:33,F2,8.1981,OK,0
2026-07-07 18:47:43,F2,8.1995,OK,0
2026-07-07 18:47:54,F2,8.2010,OK,0
2026-07-07 18:48:04,F2,8.2025,OK,0
2026-07-07 18:48:14,F2,8.2039,OK,0
2026-07-07 18:48:25,F2,8.2054,OK,0
2026-07-07 18:48:35,F2,8.2070,OK,0
2026-07-07 18:48:45,F2,8.2085,OK,0
2026-07-07 18:48:56,F2,8.2100,OK,0
2026-07-07 18:49:06,F2,8.2116,OK,0
2026-07-07 18:49:16,F2,8.2132,OK,0
2026-07-07 18:49:27,F2,8.2147,OK,0
2026-07-07 18:49:37,F2,8.2163,OK,0
2026-07-07 18:49:47,F2,8.2179,OK,0
2026-07-07 18:49:58,F2,8.2196,OK,0
2026-07-07 18:50:08,F2,8.2212,OK,0
2026-07-07 18:50:18,F2,8.2228,OK,0
2026-07-07 18:50:29,F2,8.2245,OK,0
2026-07-07 18:50:39,F2,8.2262,OK,0
2026-07-07 18:50:49,F2,8.2279,OK,0
2026-07-07 18:51:00,F2,8.2295,OK,0
2026-07-07 18:51:10,F2,8.2313,OK,0
2026-07-07 18:51:20,F2,8.2330,OK,0
2026-07-07 18:51:31,F2,8.2347,OK,0
2026-07-07 18:51:41,F2,8.2365,OK,0
2026-07-07 18:51:51,F2,8.2382,OK,0
2026-07-07 18:52:02,F2,8.2400,OK,0
2026-07-07 18:52:12,F2,8.2418,OK,0
2026-07-07 18:52:22,F2,8.2436,OK,0
2026-07-07 18:52:33,F2,8.2454,OK,0
2026-07-07 18:52:43,F2,8.2472,OK,0
2026-07-07 18:52:53,F2,8.2490,OK,0
2026-07-07 18:53:04,F2,8.2509,OK,0
2026-07-07 18:53:14,F2,8.2527,OK,0
2026-07-07 18:53:24,F2,8.2546,OK,0
2026-07-07 18:53:35,F2,8.2565,OK,0
2026-07-07 18:53:45,F2,8.2584,OK,0
2026-07-07 18:53:55,F2,8.2603,OK,0
2026-07-07 18:54:06,F2,8.2622,OK,0
2026-07-07 18:54:16,F2,8.2641,OK,0
2026-07-07 18:54:26,F2,8.2661,OK,0
2026-07-07 18:54:37,F2,8.2680,OK,0
2026-07-07 18:54:47,F2,8.2700,OK,0
2026-07-07 18:54:57,F2,8.2719,OK,0
2026-07-07 18:55:08,F2,8.2739,OK,0
2026-07-07 18:55:18,F2,8.2759,OK,0
2026-07-07 18:55:28,F2,8.2780,OK,0
2026-07-07 18:55:39,F2,8.2800,OK,0
2026-07-07 18:55:49,F2,8.2820,OK,0
2026-07-07 18:55:59,F2,8.2841,OK,0
2026-07-07 18:56:10,F2,8.2862,OK,0
2026-07-07 18:56:20,F2,8.2883,OK,0
2026-07-07 18:56:30,F2,8.2904,OK,0
2026-07-07 18:56:41,F2,8.2925,OK,0
2026-07-07 18:56:51,F2,8.2946,OK,0
2026-07-07 18:57:01,F2,8.2968,OK,0
2026-07-07 18:57:12,F2,8.2990,OK,0
2026-07-07 18:57:22,F2,8.3012,OK,0
2026-07-07 18:57:32,F2,8.3034,OK,0
2026-07-07 18:57:43,F2,8.3056,OK,0
2026-07-07 18:57:53,F2,8.3078,OK,0
2026-07-07 18:58:03,F2,8.3101,OK,0
2026-07-07 18:58:14,F2,8.3123,OK,0
2026-07-07 18:58:24,F2,8.3146,OK,0
2026-07-07 18:58:34,F2,8.3169,OK,0
2026-07-07 18:58:45,F2,8.3193,OK,0
2026-07-07 18:58:55,F2,8.3216,OK,0
2026-07-07 18:59:06,F2,8.3240,OK,0
2026-07-07 18:59:16,F2,8.3263,OK,0
2026-07-07 18:59:26,F2,8.3287,OK,1
2026-07-07 18:59:37,F2,8.3311,OK,0
2026-07-07 18:59:47,F2,8.3336,OK,0
2026-07-07 18:59:57,F2,8.3360,OK,0
2026-07-07 19:00:07,F2,8.3385,OK,0
2026-07-07 19:00:18,F2,8.3410,OK,0
2026-07-07 19:00:28,F2,8.3434,OK,0
2026-07-07 19:00:38,F2,8.3460,OK,0
2026-07-07 19:00:49,F2,8.3485,OK,0
2026-07-07 19:00:59,F2,8.3510,OK,0
2026-07-07 19:01:10,F2,8.3536,OK,0
2026-07-07 19:01:20,F2,8.3561,OK,0
2026-07-07 19:01:30,F2,8.3587,OK,0
2026-07-07 19:01:41,F2,8.3613,OK,0
2026-07-07 19:01:51,F2,8.3639,OK,0
2026-07-07 19:02:01,F2,8.3665,OK,0
2026-07-07 19:02:12,F2,8.3692,OK,0
2026-07-07 19:02:22,F2,8.3718,OK,0
2026-07-07 19:02:32,F2,8.3745,OK,0
2026-07-07 19:02:43,F2,8.3771,OK,0
2026-07-07 19:02:53,F2,8.3798,OK,0
2026-07-07 19:03:03,F2,8.3825,OK,0
2026-07-07 19:03:14,F2,8.3852,OK,0
2026-07-07 19:03:24,F2,8.3880,OK,0
2026-07-07 19:03:34,F2,8.3907,OK,0
2026-07-07 19:03:45,F2,8.3934,OK,1
2026-07-07 19:03:55,F2,8.3962,OK,0
2026-07-07 19:04:05,F2,8.3990,OK,0
2026-07-07 19:04:16,F2,8.4018,OK,0
2026-07-07 19:04:26,F2,8.4046,OK,0
2026-07-07 19:04:36,F2,8.4074,OK,0
2026-07-07 19:04:47,F2,8.4102,OK,0
2026-07-07 19:04:57,F2,8.4130,OK,0
2026-07-07 19:05:07,F2,8.4159,OK,0
2026-07-07 19:05:18,F2,8.4188,OK,0
2026-07-07 19:05:28,F2,8.4216,OK,0
2026-07-07 19:05:38,F2,8.4245,OK,0
2026-07-07 19:05:49,F2,8.4274,OK,0
2026-07-07 19:05:59,F2,8.4303,OK,0
2026-07-07 19:06:09,F2,8.4333,OK,0
2026-07-07 19:06:20,F2,8.4362,OK,0
2026-07-07 19:06:30,F2,8.4392,OK,0
2026-07-07 19:06:40,F2,8.4422,OK,0
2026-07-07 19:06:51,F2,8.4452,OK,0
2026-07-07 19:07:01,F2,8.4482,OK,0
2026-07-07 19:07:11,F2,8.4512,OK,0
2026-07-07 19:07:22,F2,8.4542,OK,0
2026-07-07 19:07:32,F2,8.4572,OK,0
2026-07-07 19:07:42,F2,8.4603,OK,0
2026-07-07 19:07:53,F2,8.4634,OK,0
2026-07-07 19:08:03,F2,8.4664,OK,0
2026-07-07 19:08:13,F2,8.4695,OK,0
2026-07-07 19:08:24,F2,8.4726,OK,0
2026-07-07 19:08:34,F2,8.4757,OK,0
2026-07-07 19:08:44,F2,8.4789,OK,0
2026-07-07 19:08:55,F2,8.4820,OK,0
2026-07-07 19:09:05,F2,8.4851,OK,0
2026-07-07 19:09:15,F2,8.4883,OK,0
2026-07-07 19:09:26,F2,8.4915,OK,0
2026-07-07 19:09:36,F2,8.4946,OK,0
2026-07-07 19:09:46,F2,8.4978,OK,0
2026-07-07 19:09:57,F2,8.5010,OK,0
2026-07-07 19:10:07,F2,8.5042,OK,0
2026-07-07 19:10:17,F2,8.5075,OK,0
2026-07-07 19:10:28,F2,8.5107,OK,0
2026-07-07 19:10:38,F2,8.5139,OK,0
2026-07-07 19:10:48,F2,8.5172,OK,0
2026-07-07 19:10:59,F2,8.5204,OK,0
2026-07-07 19:11:09,F2,8.5237,OK,0
2026-07-07 19:11:19,F2,8.5269,OK,0
2026-07-07 19:11:30,F2,8.5302,OK,0
2026-07-07 19:11:40,F2,8.5335,OK,0
2026-07-07 19:11:50,F2,8.5368,OK,0
2026-07-07 19:12:01,F2,8.5400,OK,0
2026-07-07 19:12:11,F2,8.5433,OK,0
2026-07-07 19:12:21,F2,8.5466,OK,0
2026-07-07 19:12:32,F2,8.5499,OK,0
2026-07-07 19:12:42,F2,8.5532,OK,0
2026-07-07 19:12:52,F2,8.5565,OK,0
2026-07-07 19:13:03,F2,8.5598,OK,0
2026-07-07 19:13:13,F2,8.5632,OK,0
2026-07-07 19:13:23,F2,8.5665,OK,0
2026-07-07 19:13:34,F2,8.5698,OK,0
2026-07-07 19:13:44,F2,8.5731,OK,0
2026-07-07 19:13:54,F2,8.5764,OK,0
2026-07-07 19:14:05,F2,8.5798,OK,0
2026-07-07 19:14:15,F2,8.5831,OK,0
2026-07-07 19:14:25,F2,8.5864,OK,0
2026-07-07 19:14:36,F2,8.5898,OK,0
2026-07-07 19:14:46,F2,8.5931,OK,1
2026-07-07 19:14:56,F2,8.5964,OK,0
2026-07-07 19:15:07,F2,8.5998,OK,0
2026-07-07 19:15:17,F2,8.6031,OK,0
2026-07-07 19:15:27,F2,8.6064,OK,0
2026-07-07 19:15:38,F2,8.6098,OK,0
2026-07-07 19:15:48,F2,8.6131,OK,0
2026-07-07 19:15:58,F2,8.6165,OK,0
2026-07-07 19:16:09,F2,8.6198,OK,0
2026-07-07 19:16:19,F2,8.6232,OK,0
2026-07-07 19:16:29,F2,8.6266,OK,0
2026-07-07 19:16:40,F2,8.6299,OK,0
2026-07-07 19:16:50,F2,8.6333,OK,0
2026-07-07 19:17:00,F2,8.6366,OK,0
2026-07-07 19:17:11,F2,8.6400,OK,0
2026-07-07 19:17:21,F2,8.6434,OK,0
2026-07-07 19:17:31,F2,8.6467,OK,0
2026-07-07 19:17:42,F2,8.6501,OK,0
2026-07-07 19:17:52,F2,8.6535,OK,0
2026-07-07 19:18:02,F2,8.6568,OK,0
2026-07-07 19:18:13,F2,8.6602,OK,0
2026-07-07 19:18:23,F2,8.6636,OK,0
2026-07-07 19:18:33,F2,8.6669,OK,0
2026-07-07 19:18:44,F2,8.6703,OK,0
2026-07-07 19:18:54,F2,8.6737,OK,0
2026-07-07 19:19:04,F2,8.6771,OK,0
2026-07-07 19:19:15,F2,8.6805,OK,0
2026-07-07 19:19:25,F2,8.6838,OK,0
2026-07-07 19:19:35,F2,8.6872,OK,0
2026-07-07 19:19:46,F2,8.6906,OK,0
2026-07-07 19:19:56,F2,8.6940,OK,0
2026-07-07 19:20:06,F2,8.6974,OK,0
2026-07-07 19:20:17,F2,8.7008,OK,0
2026-07-07 19:20:27,F2,8.7042,OK,0
2026-07-07 19:20:37,F2,8.7076,OK,0
2026-07-07 19:20:48,F2,8.7110,OK,0
2026-07-07 19:20:58,F2,8.7144,OK,0
2026-07-07 19:21:08,F2,8.7178,OK,0
2026-07-07 19:21:19,F2,8.7212,OK,0
2026-07-07 19:21:29,F2,8.7246,OK,0
2026-07-07 19:21:39,F2,8.7280,OK,0
2026-07-07 19:21:50,F2,8.7314,OK,0
2026-07-07 19:22:00,F2,8.7348,OK,0
2026-07-07 19:22:10,F2,8.7382,OK,0
2026-07-07 19:22:21,F2,8.7417,OK,0
2026-07-07 19:22:31,F2,8.7451,OK,0
2026-07-07 19:22:41,F2,8.7485,OK,0
2026-07-07 19:22:52,F2,8.7520,OK,0
2026-07-07 19:23:02,F2,8.7554,OK,0
2026-07-07 19:23:12,F2,8.7589,OK,0
2026-07-07 19:23:23,F2,8.7623,OK,0
2026-07-07 19:23:33,F2,8.7658,OK,0
2026-07-07 19:23:43,F2,8.7693,OK,0
2026-07-07 19:23:54,F2,8.7727,OK,0
2026-07-07 19:24:04,F2,8.7762,OK,0
2026-07-07 19:24:14,F2,8.7797,OK,0
2026-07-07 19:24:25,F2,8.7832,OK,0
2026-07-07 19:24:35,F2,8.7867,OK,0
2026-07-07 19:24:45,F2,8.7902,OK,0
2026-07-07 19:24:56,F2,8.7938,OK,1
2026-07-07 19:25:06,F2,8.7973,OK,0
2026-07-07 19:25:16,F2,8.8008,OK,0
2026-07-07 19:25:27,F2,8.8044,OK,0
2026-07-07 19:25:37,F2,8.8080,OK,0
2026-07-07 19:25:47,F2,8.8115,OK,0
2026-07-07 19:25:58,F2,8.8151,OK,0
2026-07-07 19:26:08,F2,8.8187,OK,0
2026-07-07 19:26:18,F2,8.8223,OK,0
2026-07-07 19:26:29,F2,8.8259,OK,0
2026-07-07 19:26:39,F2,8.8295,OK,0
2026-07-07 19:26:49,F2,8.8331,OK,0
2026-07-07 19:27:00,F2,8.8368,OK,0
2026-07-07 19:27:10,F2,8.8404,OK,0
2026-07-07 19:27:20,F2,8.8441,OK,0
2026-07-07 19:27:31,F2,8.8477,OK,0
2026-07-07 19:27:41,F2,8.8514,OK,0
2026-07-07 19:27:51,F2,8.8551,OK,0
2026-07-07 19:28:02,F2,8.8588,OK,0
2026-07-07 19:28:12,F2,8.8625,OK,0
2026-07-07 19:28:22,F2,8.8662,OK,0
2026-07-07 19:28:33,F2,8.8699,OK,0
2026-07-07 19:28:43,F2,8.8736,OK,0
2026-07-07 19:28:53,F2,8.8773,OK,0
2026-07-07 19:29:04,F2,8.8810,OK,0
2026-07-07 19:29:14,F2,8.8847,OK,0
2026-07-07 19:29:24,F2,8.8885,OK,0
2026-07-07 19:29:35,F2,8.8922,OK,0
2026-07-07 19:29:45,F2,8.8960,OK,0
2026-07-07 19:29:55,F2,8.8997,OK,0
2026-07-07 19:30:06,F2,8.9035,OK,0
2026-07-07 19:30:16,F2,8.9072,OK,0
2026-07-07 19:30:26,F2,8.9110,OK,0
2026-07-07 19:30:37,F2,8.9147,OK,0
2026-07-07 19:30:47,F2,8.9185,OK,0
2026-07-07 19:30:57,F2,8.9223,OK,0
2026-07-07 19:31:08,F2,8.9261,OK,0
2026-07-07 19:31:18,F2,8.9298,OK,0
2026-07-07 19:31:28,F2,8.9336,OK,0
2026-07-07 19:31:39,F2,8.9374,OK,0
2026-07-07 19:31:49,F2,8.9412,OK,0
2026-07-07 19:31:59,F2,8.9450,OK,0
2026-07-07 19:32:10,F2,8.9487,OK,1
2026-07-07 19:32:20,F2,8.9525,OK,0
2026-07-07 19:32:30,F2,8.9563,OK,0
2026-07-07 19:32:41,F2,8.9601,OK,0
2026-07-07 19:32:51,F2,8.9639,OK,0
2026-07-07 19:33:01,F2,8.9677,OK,0
2026-07-07 19:33:12,F2,8.9715,OK,0
2026-07-07 19:33:22,F2,8.9753,OK,0
2026-07-07 19:33:32,F2,8.9791,OK,0
2026-07-07 19:33:43,F2,8.9829,OK,0
2026-07-07 19:33:53,F2,8.9866,OK,0
2026-07-07 19:34:03,F2,8.9904,OK,0
2026-07-07 19:34:14,F2,8.9942,OK,0
2026-07-07 19:34:24,F2,8.9980,OK,0
2026-07-07 19:34:35,F2,9.0018,OK,0
2026-07-07 19:34:45,F2,9.0056,OK,0
2026-07-07 19:34:55,F2,9.0094,OK,0
2026-07-07 19:35:06,F2,9.0132,OK,0
2026-07-07 19:35:16,F2,9.0170,OK,0
2026-07-07 19:35:26,F2,9.0207,OK,0
2026-07-07 19:35:37,F2,9.0245,OK,0
2026-07-07 19:35:47,F2,9.0283,OK,0
2026-07-07 19:35:57,F2,9.0321,OK,0
2026-07-07 19:36:08,F2,9.0358,OK,0
2026-07-07 19:36:18,F2,9.0396,OK,0
2026-07-07 19:36:28,F2,9.0434,OK,0
2026-07-07 19:36:39,F2,9.0471,OK,0
2026-07-07 19:36:49,F2,9.0509,OK,0
2026-07-07 19:36:59,F2,9.0546,OK,0
2026-07-07 19:37:10,F2,9.0584,OK,0
2026-07-07 19:37:20,F2,9.0621,OK,0
2026-07-07 19:37:30,F2,9.0659,OK,0
2026-07-07 19:37:41,F2,9.0696,OK,0
2026-07-07 19:37:51,F2,9.0734,OK,0
2026-07-07 19:38:01,F2,9.0771,OK,0
2026-07-07 19:38:12,F2,9.0808,OK,0
2026-07-07 19:38:22,F2,9.0845,OK,0
2026-07-07 19:38:32,F2,9.0882,OK,0
2026-07-07 19:38:43,F2,9.0920,OK,0
2026-07-07 19:38:53,F2,9.0957,OK,0
2026-07-07 19:39:03,F2,9.0994,OK,0
2026-07-07 19:39:14,F2,9.1031,OK,0
2026-07-07 19:39:24,F2,9.1068,OK,0
2026-07-07 19:39:34,F2,9.1104,OK,0
2026-07-07 19:39:45,F2,9.1141,OK,0
2026-07-07 19:39:55,F2,9.1178,OK,0
2026-07-07 19:40:05,F2,9.1215,OK,0
2026-07-07 19:40:16,F2,9.1251,OK,0
2026-07-07 19:40:26,F2,9.1288,OK,0
2026-07-07 19:40:36,F2,9.1324,OK,0
2026-07-07 19:40:47,F2,9.1361,OK,0
2026-07-07 19:40:57,F2,9.1397,OK,0
2026-07-07 19:41:07,F2,9.1434,OK,0
2026-07-07 19:41:18,F2,9.1470,OK,0
2026-07-07 19:41:28,F2,9.1506,OK,0
2026-07-07 19:41:38,F2,9.1543,OK,0
2026-07-07 19:41:49,F2,9.1579,OK,0
2026-07-07 19:41:59,F2,9.1615,OK,0
2026-07-07 19:42:09,F2,9.1651,OK,0
2026-07-07 19:42:20,F2,9.1688,OK,0
2026-07-07 19:42:30,F2,9.1724,OK,0
2026-07-07 19:42:40,F2,9.1760,OK,0
2026-07-07 19:42:51,F2,9.1796,OK,0
2026-07-07 19:43:01,F2,9.1832,OK,0
2026-07-07 19:43:11,F2,9.1868,OK,0
2026-07-07 19:43:22,F2,9.1905,OK,0
2026-07-07 19:43:32,F2,9.1941,OK,0
2026-07-07 19:43:42,F2,9.1977,OK,0
2026-07-07 19:43:53,F2,9.2013,OK,0
2026-07-07 19:44:03,F2,9.2049,OK,0
2026-07-07 19:44:13,F2,9.2085,OK,0
2026-07-07 19:44:24,F2,9.2121,OK,0
2026-07-07 19:44:34,F2,9.2157,OK,0
2026-07-07 19:44:44,F2,9.2194,OK,0
2026-07-07 19:44:55,F2,9.2230,OK,0
2026-07-07 19:45:05,F2,9.2266,OK,0
2026-07-07 19:45:15,F2,9.2302,OK,0
2026-07-07 19:45:26,F2,9.2338,OK,0
2026-07-07 19:45:36,F2,9.2374,OK,0
2026-07-07 19:45:46,F2,9.2410,OK,0
2026-07-07 19:45:57,F2,9.2446,OK,0
2026-07-07 19:46:07,F2,9.2483,OK,0
2026-07-07 19:46:17,F2,9.2519,OK,0
2026-07-07 19:46:28,F2,9.2555,OK,0
2026-07-07 19:46:38,F2,9.2591,OK,0
2026-07-07 19:46:48,F2,9.2627,OK,0
2026-07-07 19:46:59,F2,9.2664,OK,0
2026-07-07 19:47:09,F2,9.2700,OK,0
2026-07-07 19:47:19,F2,9.2736,OK,0
2026-07-07 19:47:30,F2,9.2772,OK,0
2026-07-07 19:47:40,F2,9.2809,OK,0
2026-07-07 19:47:50,F2,9.2845,OK,0
2026-07-07 19:48:01,F2,9.2881,OK,0
2026-07-07 19:48:11,F2,9.2917,OK,0
2026-07-07 19:48:21,F2,9.2954,OK,0
2026-07-07 19:48:32,F2,9.2990,OK,0
2026-07-07 19:48:42,F2,9.3026,OK,1
2026-07-07 19:48:52,F2,9.3063,OK,0
2026-07-07 19:49:03,F2,9.3099,OK,0
2026-07-07 19:49:13,F2,9.3135,OK,0
2026-07-07 19:49:23,F2,9.3172,OK,0
2026-07-07 19:49:34,F2,9.3208,OK,0
2026-07-07 19:49:44,F2,9.3244,OK,0
2026-07-07 19:49:54,F2,9.3281,OK,0
2026-07-07 19:50:05,F2,9.3317,OK,0
2026-07-07 19:50:15,F2,9.3354,OK,0
2026-07-07 19:50:25,F2,9.3390,OK,0
2026-07-07 19:50:36,F2,9.3427,OK,0
2026-07-07 19:50:46,F2,9.3463,OK,0
2026-07-07 19:50:56,F2,9.3500,OK,0
2026-07-07 19:51:07,F2,9.3536,OK,0
2026-07-07 19:51:17,F2,9.3573,OK,0
2026-07-07 19:51:27,F2,9.3610,OK,0
2026-07-07 19:51:38,F2,9.3646,OK,0
2026-07-07 19:51:48,F2,9.3683,OK,0
2026-07-07 19:51:58,F2,9.3720,OK,0
2026-07-07 19:52:09,F2,9.3757,OK,0
2026-07-07 19:52:19,F2,9.3794,OK,0
2026-07-07 19:52:29,F2,9.3830,OK,0
2026-07-07 19:52:40,F2,9.3867,OK,0
2026-07-07 19:52:50,F2,9.3904,OK,0
2026-07-07 19:53:00,F2,9.3941,OK,0
2026-07-07 19:53:10,F2,9.3978,OK,0
2026-07-07 19:53:21,F2,9.4016,OK,0
2026-07-07 19:53:31,F2,9.4053,OK,0
2026-07-07 19:53:42,F2,9.4090,OK,0
2026-07-07 19:53:52,F2,9.4127,OK,0
2026-07-07 19:54:02,F2,9.4164,OK,0
2026-07-07 19:54:13,F2,9.4202,OK,0
2026-07-07 19:54:23,F2,9.4239,OK,0
2026-07-07 19:54:33,F2,9.4276,OK,0
2026-07-07 19:54:44,F2,9.4314,OK,0
2026-07-07 19:54:54,F2,9.4351,OK,0
2026-07-07 19:55:04,F2,9.4389,OK,0
2026-07-07 19:55:15,F2,9.4426,OK,0
2026-07-07 19:55:25,F2,9.4464,OK,0
2026-07-07 19:55:35,F2,9.4502,OK,0
2026-07-07 19:55:46,F2,9.4539,OK,0
2026-07-07 19:55:56,F2,9.4577,OK,0
2026-07-07 19:56:06,F2,9.4615,OK,0
2026-07-07 19:56:17,F2,9.4653,OK,0
2026-07-07 19:56:27,F2,9.4691,OK,0
2026-07-07 19:56:37,F2,9.4729,OK,0
2026-07-07 19:56:48,F2,9.4767,OK,0
2026-07-07 19:56:58,F2,9.4804,OK,0
2026-07-07 19:57:08,F2,9.4842,OK,0
2026-07-07 19:57:19,F2,9.4880,OK,0
2026-07-07 19:57:29,F2,9.4919,OK,0
2026-07-07 19:57:40,F2,9.4957,OK,0
2026-07-07 19:57:50,F2,9.4995,OK,0
2026-07-07 19:58:00,F2,9.5033,OK,0
2026-07-07 19:58:11,F2,9.5071,OK,0
2026-07-07 19:58:21,F2,9.5109,OK,0
2026-07-07 19:58:31,F2,9.5147,OK,0
2026-07-07 19:58:42,F2,9.5186,OK,0
2026-07-07 19:58:52,F2,9.5224,OK,0
2026-07-07 19:59:02,F2,9.5262,OK,0
2026-07-07 19:59:13,F2,9.5301,OK,0
2026-07-07 19:59:23,F2,9.5339,OK,0
2026-07-07 19:59:33,F2,9.5377,OK,0
2026-07-07 19:59:44,F2,9.5416,OK,0
2026-07-07 19:59:54,F2,9.5454,OK,0
2026-07-07 20:00:04,F2,9.5493,OK,0
2026-07-07 20:00:15,F2,9.5532,OK,0
2026-07-07 20:00:25,F2,9.5570,OK,0
2026-07-07 20:00:35,F2,9.5609,OK,0
2026-07-07 20:00:46,F2,9.5648,OK,0
2026-07-07 20:00:56,F2,9.5687,OK,0
2026-07-07 20:01:06,F2,9.5726,OK,0
2026-07-07 20:01:17,F2,9.5765,OK,0
2026-07-07 20:01:27,F2,9.5804,OK,0
2026-07-07 20:01:37,F2,9.5843,OK,0
2026-07-07 20:01:48,F2,9.5882,OK,0
2026-07-07 20:01:58,F2,9.5921,OK,0
2026-07-07 20:02:08,F2,9.5961,OK,0
2026-07-07 20:02:19,F2,9.6000,OK,0
2026-07-07 20:02:29,F2,9.6040,OK,0
2026-07-07 20:02:39,F2,9.6079,OK,0
2026-07-07 20:02:50,F2,9.6119,OK,0
2026-07-07 20:03:00,F2,9.6159,OK,0
2026-07-07 20:03:10,F2,9.6199,OK,0
2026-07-07 20:03:21,F2,9.6239,OK,0
2026-07-07 20:03:31,F2,9.6279,OK,0
2026-07-07 20:03:41,F2,9.6319,OK,0
2026-07-07 20:03:52,F2,9.6359,OK,0
2026-07-07 20:04:02,F2,9.6400,OK,0
2026-07-07 20:04:12,F2,9.6440,OK,0
2026-07-07 20:04:23,F2,9.6481,OK,0
2026-07-07 20:04:33,F2,9.6521,OK,0
2026-07-07 20:04:43,F2,9.6562,OK,0
2026-07-07 20:04:54,F2,9.6603,OK,0
2026-07-07 20:05:04,F2,9.6644,OK,0
2026-07-07 20:05:14,F2,9.6685,OK,0
2026-07-07 20:05:25,F2,9.6726,OK,0
2026-07-07 20:05:35,F2,9.6767,OK,0
2026-07-07 20:05:45,F2,9.6809,OK,0
2026-07-07 20:05:56,F2,9.6850,OK,0
2026-07-07 20:06:06,F2,9.6892,OK,0
2026-07-07 20:06:16,F2,9.6934,OK,0
2026-07-07 20:06:27,F2,9.6975,OK,0
2026-07-07 20:06:37,F2,9.7017,OK,0
2026-07-07 20:06:47,F2,9.7059,OK,0
2026-07-07 20:06:58,F2,9.7101,OK,0
2026-07-07 20:07:08,F2,9.7144,OK,0
2026-07-07 20:07:18,F2,9.7186,OK,0
2026-07-07 20:07:29,F2,9.7228,OK,0
2026-07-07 20:07:39,F2,9.7271,OK,0
2026-07-07 20:07:49,F2,9.7313,OK,0
2026-07-07 20:08:00,F2,9.7356,OK,0
2026-07-07 20:08:10,F2,9.7399,OK,0
2026-07-07 20:08:20,F2,9.7442,OK,0
2026-07-07 20:08:31,F2,9.7485,OK,0
2026-07-07 20:08:41,F2,9.7528,OK,0
2026-07-07 20:08:51,F2,9.7572,OK,0
2026-07-07 20:09:02,F2,9.7615,OK,0
2026-07-07 20:09:12,F2,9.7659,OK,0
2026-07-07 20:09:22,F2,9.7703,OK,0
2026-07-07 20:09:33,F2,9.7747,OK,0
2026-07-07 20:09:43,F2,9.7791,OK,0
2026-07-07 20:09:53,F2,9.7835,OK,0
2026-07-07 20:10:04,F2,9.7879,OK,0
2026-07-07 20:10:14,F2,9.7924,OK,0
2026-07-07 20:10:24,F2,9.7969,OK,0
2026-07-07 20:10:35,F2,9.8013,OK,0
2026-07-07 20:10:45,F2,9.8058,OK,0
2026-07-07 20:10:55,F2,9.8103,OK,0
2026-07-07 20:11:06,F2,9.8149,OK,0
2026-07-07 20:11:16,F2,9.8194,OK,0
2026-07-07 20:11:26,F2,9.8240,OK,0
2026-07-07 20:11:37,F2,9.8285,OK,0
2026-07-07 20:11:47,F2,9.8331,OK,0
2026-07-07 20:11:57,F2,9.8377,OK,0
2026-07-07 20:12:08,F2,9.8423,OK,0
2026-07-07 20:12:18,F2,9.8469,OK,0
2026-07-07 20:12:28,F2,9.8516,OK,0
2026-07-07 20:12:39,F2,9.8562,OK,0
2026-07-07 20:12:49,F2,9.8609,OK,0
2026-07-07 20:12:59,F2,9.8656,OK,0
2026-07-07 20:13:10,F2,9.8703,OK,0
2026-07-07 20:13:20,F2,9.8750,OK,0
2026-07-07 20:13:30,F2,9.8798,OK,0
2026-07-07 20:13:41,F2,9.8845,OK,0
2026-07-07 20:13:51,F2,9.8893,OK,0
2026-07-07 20:14:01,F2,9.8940,OK,0
2026-07-07 20:14:12,F2,9.8988,OK,0
2026-07-07 20:14:22,F2,9.9036,OK,0
2026-07-07 20:14:32,F2,9.9085,OK,0
2026-07-07 20:14:43,F2,9.9133,OK,0
2026-07-07 20:14:53,F2,9.9181,OK,0
2026-07-07 20:15:03,F2,9.9230,OK,0
2026-07-07 20:15:13,F2,9.9279,OK,0
2026-07-07 20:15:24,F2,9.9328,OK,0
2026-07-07 20:15:34,F2,9.9377,OK,0
2026-07-07 20:15:45,F2,9.9427,OK,0
2026-07-07 20:15:55,F2,9.9476,OK,0
2026-07-07 20:16:05,F2,9.9526,OK,0
2026-07-07 20:16:16,F2,9.9576,OK,0
2026-07-07 20:16:26,F2,9.9626,OK,0
2026-07-07 20:16:36,F2,9.9676,OK,0
2026-07-07 20:16:47,F2,9.9726,OK,0
2026-07-07 20:16:57,F2,9.9777,OK,0
2026-07-07 20:17:07,F2,9.9828,OK,0
2026-07-07 20:17:18,F2,9.9879,OK,0
2026-07-07 20:17:28,F2,9.9930,OK,0
2026-07-07 20:17:38,F2,9.9981,OK,0
2026-07-07 20:17:49,F2,10.0033,OK,0
2026-07-07 20:17:59,F2,10.0084,OK,0
2026-07-07 20:18:09,F2,10.0136,OK,0
2026-07-07 20:18:20,F2,10.0188,OK,0
2026-07-07 20:18:30,F2,10.0241,OK,0
2026-07-07 20:18:40,F2,10.0293,OK,0
2026-07-07 20:18:51,F2,10.0346,OK,0
2026-07-07 20:19:01,F2,10.0399,OK,0
2026-07-07 20:19:11,F2,10.0452,OK,0
2026-07-07 20:19:22,F2,10.0506,OK,0
2026-07-07 20:19:32,F2,10.0559,OK,0
2026-07-07 20:19:42,F2,10.0613,OK,0
2026-07-07 20:19:53,F2,10.0667,OK,0
2026-07-07 20:20:03,F2,10.0721,OK,0
2026-07-07 20:20:13,F2,10.0776,OK,0
2026-07-07 20:20:24,F2,10.0830,OK,0
2026-07-07 20:20:34,F2,10.0885,OK,0
2026-07-07 20:20:44,F2,10.0940,OK,0
2026-07-07 20:20:55,F2,10.0995,OK,0
2026-07-07 20:21:05,F2,10.1050,OK,0
2026-07-07 20:21:15,F2,10.1106,OK,0
2026-07-07 20:21:26,F2,10.1161,OK,0
2026-07-07 20:21:36,F2,10.1217,OK,0
2026-07-07 20:21:46,F2,10.1273,OK,0
2026-07-07 20:21:57,F2,10.1329,OK,0
2026-07-07 20:22:07,F2,10.1385,OK,0
2026-07-07 20:22:17,F2,10.1441,OK,0
2026-07-07 20:22:28,F2,10.1498,OK,0
2026-07-07 20:22:38,F2,10.1554,OK,0
2026-07-07 20:22:48,F2,10.1611,OK,0
2026-07-07 20:22:59,F2,10.1668,OK,0
2026-07-07 20:23:09,F2,10.1724,OK,0
2026-07-07 20:23:19,F2,10.1781,OK,0
2026-07-07 20:23:30,F2,10.1838,OK,0
2026-07-07 20:23:40,F2,10.1896,OK,0
2026-07-07 20:23:50,F2,10.1953,OK,0
2026-07-07 20:24:01,F2,10.2010,OK,0
2026-07-07 20:24:11,F2,10.2067,OK,0
2026-07-07 20:24:21,F2,10.2125,OK,0
2026-07-07 20:24:32,F2,10.2182,OK,0
2026-07-07 20:24:42,F2,10.2240,OK,0
2026-07-07 20:24:52,F2,10.2298,OK,0
2026-07-07 20:25:03,F2,10.2355,OK,0
2026-07-07 20:25:13,F2,10.2413,OK,0
2026-07-07 20:25:23,F2,10.2471,OK,0
2026-07-07 20:25:34,F2,10.2529,OK,0
2026-07-07 20:25:44,F2,10.2586,OK,0
2026-07-07 20:25:54,F2,10.2644,OK,0
2026-07-07 20:26:05,F2,10.2702,OK,0
2026-07-07 20:26:15,F2,10.2760,OK,0
2026-07-07 20:26:25,F2,10.2818,OK,0
2026-07-07 20:26:36,F2,10.2876,OK,0
2026-07-07 20:26:46,F2,10.2934,OK,0
2026-07-07 20:26:56,F2,10.2992,OK,0
2026-07-07 20:27:07,F2,10.3050,OK,0
2026-07-07 20:27:17,F2,10.3108,OK,0
2026-07-07 20:27:27,F2,10.3166,OK,0
2026-07-07 20:27:38,F2,10.3224,OK,0
2026-07-07 20:27:48,F2,10.3282,OK,0
2026-07-07 20:27:58,F2,10.3340,OK,0
2026-07-07 20:28:09,F2,10.3398,OK,0
2026-07-07 20:28:19,F2,10.3456,OK,0
2026-07-07 20:28:29,F2,10.3513,OK,0
2026-07-07 20:28:40,F2,10.3571,OK,0
2026-07-07 20:28:50,F2,10.3629,OK,0
2026-07-07 20:29:00,F2,10.3687,OK,0
2026-07-07 20:29:11,F2,10.3745,OK,0
2026-07-07 20:29:21,F2,10.3802,OK,0
2026-07-07 20:29:31,F2,10.3860,OK,0
2026-07-07 20:29:42,F2,10.3918,OK,0
2026-07-07 20:29:52,F2,10.3975,OK,0
2026-07-07 20:30:02,F2,10.4033,OK,0
2026-07-07 20:30:13,F2,10.4090,OK,0
2026-07-07 20:30:23,F2,10.4147,OK,0
2026-07-07 20:30:33,F2,10.4205,OK,0
2026-07-07 20:30:44,F2,10.4262,OK,0
2026-07-07 20:30:54,F2,10.4319,OK,0
2026-07-07 20:31:04,F2,10.4376,OK,0
2026-07-07 20:31:15,F2,10.4433,OK,0
2026-07-07 20:31:25,F2,10.4490,OK,0
2026-07-07 20:31:35,F2,10.4547,OK,0
2026-07-07 20:31:46,F2,10.4603,OK,0
2026-07-07 20:31:56,F2,10.4660,OK,0
2026-07-07 20:32:06,F2,10.4716,OK,0
2026-07-07 20:32:17,F2,10.4773,OK,0
2026-07-07 20:32:27,F2,10.4829,OK,0
2026-07-07 20:32:37,F2,10.4885,OK,0
2026-07-07 20:32:48,F2,10.4942,OK,0
2026-07-07 20:32:58,F2,10.4998,OK,0
2026-07-07 20:33:08,F2,10.5053,OK,0
2026-07-07 20:33:19,F2,10.5109,OK,0
2026-07-07 20:33:29,F2,10.5165,OK,0
2026-07-07 20:33:39,F2,10.5220,OK,0
2026-07-07 20:33:50,F2,10.5276,OK,0
2026-07-07 20:34:00,F2,10.5331,OK,0
2026-07-07 20:34:10,F2,10.5386,OK,0
2026-07-07 20:34:21,F2,10.5441,OK,0
2026-07-07 20:34:31,F2,10.5496,OK,0
2026-07-07 20:34:41,F2,10.5551,OK,0
2026-07-07 20:34:52,F2,10.5606,OK,0
2026-07-07 20:35:02,F2,10.5660,OK,0
2026-07-07 20:35:12,F2,10.5715,OK,0
2026-07-07 20:35:23,F2,10.5769,OK,0
2026-07-07 20:35:33,F2,10.5823,OK,0
2026-07-07 20:35:43,F2,10.5877,OK,0
2026-07-07 20:35:54,F2,10.5931,OK,0
2026-07-07 20:36:04,F2,10.5985,OK,0
2026-07-07 20:36:14,F2,10.6039,OK,0
2026-07-07 20:36:25,F2,10.6092,OK,0
2026-07-07 20:36:35,F2,10.6145,OK,0
2026-07-07 20:36:45,F2,10.6199,OK,0
2026-07-07 20:36:56,F2,10.6252,OK,0
2026-07-07 20:37:06,F2,10.6304,OK,0
2026-07-07 20:37:16,F2,10.6357,OK,0
2026-07-07 20:37:27,F2,10.6410,OK,0
2026-07-07 20:37:37,F2,10.6462,OK,0
2026-07-07 20:37:47,F2,10.6514,OK,0
2026-07-07 20:37:58,F2,10.6567,OK,0
2026-07-07 20:38:08,F2,10.6618,OK,0
2026-07-07 20:38:18,F2,10.6670,OK,0
2026-07-07 20:38:29,F2,10.6722,OK,0
2026-07-07 20:38:39,F2,10.6773,OK,0
2026-07-07 20:38:49,F2,10.6824,OK,0
2026-07-07 20:39:00,F2,10.6876,OK,0
2026-07-07 20:39:10,F2,10.6926,OK,0
2026-07-07 20:39:20,F2,10.6977,OK,0
2026-07-07 20:39:31,F2,10.7028,OK,0
2026-07-07 20:39:41,F2,10.7078,OK,0
2026-07-07 20:39:51,F2,10.7128,OK,0
2026-07-07 20:40:02,F2,10.7178,OK,0
2026-07-07 20:40:12,F2,10.7228,OK,0
2026-07-07 20:40:22,F2,10.7277,OK,0
2026-07-07 20:40:33,F2,10.7327,OK,0
2026-07-07 20:40:43,F2,10.7376,OK,0
2026-07-07 20:40:53,F2,10.7425,OK,0
2026-07-07 20:41:04,F2,10.7474,OK,0
2026-07-07 20:41:14,F2,10.7522,OK,0
2026-07-07 20:41:24,F2,10.7571,OK,0
2026-07-07 20:41:35,F2,10.7619,OK,0
2026-07-07 20:41:45,F2,10.7667,OK,1
2026-07-07 20:41:55,F2,10.7714,OK,0
2026-07-07 20:42:06,F2,10.7762,OK,0
2026-07-07 20:42:16,F2,10.7809,OK,0
2026-07-07 20:42:26,F2,10.7856,OK,0
2026-07-07 20:42:37,F2,10.7903,OK,0
2026-07-07 20:42:47,F2,10.7950,OK,0
2026-07-07 20:42:57,F2,10.7996,OK,0
2026-07-07 20:43:08,F2,10.8043,OK,0
2026-07-07 20:43:18,F2,10.8089,OK,0
2026-07-07 20:43:28,F2,10.8135,OK,0
2026-07-07 20:43:39,F2,10.8180,OK,0
2026-07-07 20:43:49,F2,10.8226,OK,0
2026-07-07 20:43:59,F2,10.8271,OK,0
2026-07-07 20:44:10,F2,10.8316,OK,0
2026-07-07 20:44:20,F2,10.8361,OK,0
2026-07-07 20:44:30,F2,10.8406,OK,0
2026-07-07 20:44:41,F2,10.8450,OK,0
2026-07-07 20:44:51,F2,10.8495,OK,0
2026-07-07 20:45:01,F2,10.8539,OK,0
2026-07-07 20:45:12,F2,10.8583,OK,0
2026-07-07 20:45:22,F2,10.8627,OK,0
2026-07-07 20:45:32,F2,10.8670,OK,0
2026-07-07 20:45:43,F2,10.8714,OK,0
2026-07-07 20:45:53,F2,10.8757,OK,0
2026-07-07 20:46:03,F2,10.8800,OK,0
2026-07-07 20:46:14,F2,10.8843,OK,0
2026-07-07 20:46:24,F2,10.8886,OK,0
2026-07-07 20:46:34,F2,10.8928,OK,0
2026-07-07 20:46:45,F2,10.8971,OK,0
2026-07-07 20:46:55,F2,10.9013,OK,0
2026-07-07 20:47:05,F2,10.9055,OK,0
2026-07-07 20:47:16,F2,10.9097,OK,0
2026-07-07 20:47:26,F2,10.9138,OK,0
2026-07-07 20:47:36,F2,10.9180,OK,0
2026-07-07 20:47:47,F2,10.9221,OK,0
2026-07-07 20:47:57,F2,10.9262,OK,0
2026-07-07 20:48:07,F2,10.9303,OK,0
2026-07-07 20:48:18,F2,10.9344,OK,0
2026-07-07 20:48:28,F2,10.9384,OK,0
2026-07-07 20:48:38,F2,10.9425,OK,0
2026-07-07 20:48:49,F2,10.9465,OK,0
2026-07-07 20:48:59,F2,10.9505,OK,0
2026-07-07 20:49:09,F2,10.9545,OK,0
2026-07-07 20:49:20,F2,10.9584,OK,0
2026-07-07 20:49:30,F2,10.9624,OK,0
2026-07-07 20:49:40,F2,10.9663,OK,0
2026-07-07 20:49:51,F2,10.9702,OK,0
2026-07-07 20:50:01,F2,10.9741,OK,0
2026-07-07 20:50:11,F2,10.9780,OK,0
2026-07-07 20:50:22,F2,10.9819,OK,0
2026-07-07 20:50:32,F2,10.9857,OK,0
2026-07-07 20:50:42,F2,10.9896,OK,0
2026-07-07 20:50:53,F2,10.9934,OK,0
2026-07-07 20:51:03,F2,10.9972,OK,0
2026-07-07 20:51:13,F2,11.0009,OK,0
2026-07-07 20:51:24,F2,11.0047,OK,0
2026-07-07 20:51:34,F2,11.0085,OK,0
2026-07-07 20:51:45,F2,11.0122,OK,0
2026-07-07 20:51:55,F2,11.0159,OK,0
2026-07-07 20:52:05,F2,11.0196,OK,0
2026-07-07 20:52:16,F2,11.0233,OK,0
2026-07-07 20:52:26,F2,11.0270,OK,0
2026-07-07 20:52:36,F2,11.0307,OK,0
2026-07-07 20:52:47,F2,11.0344,OK,0
2026-07-07 20:52:57,F2,11.0380,OK,0
2026-07-07 20:53:07,F2,11.0416,OK,0
2026-07-07 20:53:18,F2,11.0453,OK,0
2026-07-07 20:53:28,F2,11.0489,OK,0
2026-07-07 20:53:38,F2,11.0525,OK,0
2026-07-07 20:53:49,F2,11.0561,OK,0
2026-07-07 20:53:59,F2,11.0596,OK,0
2026-07-07 20:54:09,F2,11.0632,OK,0
2026-07-07 20:54:20,F2,11.0667,OK,0
2026-07-07 20:54:30,F2,11.0703,OK,0
2026-07-07 20:54:40,F2,11.0738,OK,0
2026-07-07 20:54:51,F2,11.0773,OK,0
2026-07-07 20:55:01,F2,11.0808,OK,0
2026-07-07 20:55:11,F2,11.0843,OK,0
2026-07-07 20:55:22,F2,11.0878,OK,0
2026-07-07 20:55:32,F2,11.0913,OK,0
2026-07-07 20:55:42,F2,11.0947,OK,0
2026-07-07 20:55:53,F2,11.0982,OK,0
2026-07-07 20:56:03,F2,11.1016,OK,0
2026-07-07 20:56:13,F2,11.1050,OK,0
2026-07-07 20:56:24,F2,11.1084,OK,0
2026-07-07 20:56:34,F2,11.1118,OK,0
2026-07-07 20:56:44,F2,11.1152,OK,0
2026-07-07 20:56:55,F2,11.1186,OK,0
2026-07-07 20:57:05,F2,11.1219,OK,0
2026-07-07 20:57:15,F2,11.1253,OK,0
2026-07-07 20:57:26,F2,11.1286,OK,0
2026-07-07 20:57:36,F2,11.1319,OK,0
2026-07-07 20:57:46,F2,11.1352,OK,0
2026-07-07 20:57:57,F2,11.1385,OK,0
2026-07-07 20:58:07,F2,11.1418,OK,0
2026-07-07 20:58:17,F2,11.1451,OK,0
2026-07-07 20:58:28,F2,11.1483,OK,0
2026-07-07 20:58:38,F2,11.1516,OK,0
2026-07-07 20:58:48,F2,11.1548,OK,0
2026-07-07 20:58:59,F2,11.1581,OK,0
2026-07-07 20:59:09,F2,11.1613,OK,0
2026-07-07 20:59:19,F2,11.1645,OK,0
2026-07-07 20:59:30,F2,11.1677,OK,0
2026-07-07 20:59:40,F2,11.1709,OK,0
2026-07-07 20:59:50,F2,11.1740,OK,0
2026-07-07 21:00:01,F2,11.1772,OK,0
2026-07-07 21:00:11,F2,11.1804,OK,0
2026-07-07 21:00:21,F2,11.1835,OK,0
2026-07-07 21:00:32,F2,11.1866,OK,0
2026-07-07 21:00:42,F2,11.1898,OK,0
2026-07-07 21:00:52,F2,11.1929,OK,0
2026-07-07 21:01:03,F2,11.1960,OK,0
2026-07-07 21:01:13,F2,11.1991,OK,0
2026-07-07 21:01:23,F2,11.2022,OK,0
2026-07-07 21:01:33,F2,11.2053,OK,0
2026-07-07 21:01:44,F2,11.2084,OK,0
2026-07-07 21:01:54,F2,11.2115,OK,0
2026-07-07 21:02:05,F2,11.2145,OK,0
2026-07-07 21:02:15,F2,11.2176,OK,0
2026-07-07 21:02:25,F2,11.2207,OK,0
2026-07-07 21:02:36,F2,11.2237,OK,0
2026-07-07 21:02:46,F2,11.2268,OK,0
2026-07-07 21:02:56,F2,11.2298,OK,0
2026-07-07 21:03:07,F2,11.2329,OK,0
2026-07-07 21:03:17,F2,11.2359,OK,0
2026-07-07 21:03:27,F2,11.2389,OK,0
2026-07-07 21:03:38,F2,11.2419,OK,0
2026-07-07 21:03:48,F2,11.2449,OK,0
2026-07-07 21:03:58,F2,11.2479,OK,0
2026-07-07 21:04:09,F2,11.2510,OK,0
2026-07-07 21:04:19,F2,11.2539,OK,0
2026-07-07 21:04:29,F2,11.2569,OK,0
2026-07-07 21:04:40,F2,11.2599,OK,0
2026-07-07 21:04:50,F2,11.2629,OK,0
2026-07-07 21:05:00,F2,11.2659,OK,0
2026-07-07 21:05:11,F2,11.2688,OK,0
2026-07-07 21:05:21,F2,11.2718,OK,0
2026-07-07 21:05:31,F2,11.2748,OK,0
2026-07-07 21:05:42,F2,11.2777,OK,0
2026-07-07 21:05:52,F2,11.2806,OK,1
2026-07-07 21:06:02,F2,11.2836,OK,0
2026-07-07 21:06:13,F2,11.2865,OK,0
2026-07-07 21:06:23,F2,11.2894,OK,0
2026-07-07 21:06:33,F2,11.2924,OK,0
2026-07-07 21:06:44,F2,11.2953,OK,0
2026-07-07 21:06:54,F2,11.2982,OK,0
2026-07-07 21:07:04,F2,11.3011,OK,0
2026-07-07 21:07:15,F2,11.3040,OK,0
2026-07-07 21:07:25,F2,11.3069,OK,0
2026-07-07 21:07:35,F2,11.3098,OK,0
2026-07-07 21:07:46,F2,11.3127,OK,0
2026-07-07 21:07:56,F2,11.3156,OK,0
2026-07-07 21:08:06,F2,11.3185,OK,0
2026-07-07 21:08:17,F2,11.3213,OK,0
2026-07-07 21:08:27,F2,11.3242,OK,0
2026-07-07 21:08:37,F2,11.3271,OK,0
2026-07-07 21:08:48,F2,11.3300,OK,0
2026-07-07 21:08:58,F2,11.3329,OK,0
2026-07-07 21:09:08,F2,11.3357,OK,0
2026-07-07 21:09:19,F2,11.3386,OK,0
2026-07-07 21:09:29,F2,11.3415,OK,0
2026-07-07 21:09:39,F2,11.3444,OK,0
2026-07-07 21:09:50,F2,11.3472,OK,0
2026-07-07 21:10:00,F2,11.3501,OK,0
2026-07-07 21:10:10,F2,11.3530,OK,0
2026-07-07 21:10:21,F2,11.3558,OK,0
2026-07-07 21:10:31,F2,11.3587,OK,0
2026-07-07 21:10:41,F2,11.3615,OK,0
2026-07-07 21:10:52,F2,11.3644,OK,0
2026-07-07 21:11:02,F2,11.3672,OK,0
2026-07-07 21:11:12,F2,11.3701,OK,0
2026-07-07 21:11:23,F2,11.3729,OK,0
2026-07-07 21:11:33,F2,11.3758,OK,0
2026-07-07 21:11:43,F2,11.3786,OK,0
2026-07-07 21:11:54,F2,11.3815,OK,0
2026-07-07 21:12:04,F2,11.3843,OK,0
2026-07-07 21:12:14,F2,11.3871,OK,0
2026-07-07 21:12:25,F2,11.3900,OK,0
2026-07-07 21:12:35,F2,11.3928,OK,0
2026-07-07 21:12:45,F2,11.3956,OK,0
2026-07-07 21:12:56,F2,11.3984,OK,0
2026-07-07 21:13:06,F2,11.4012,OK,0
2026-07-07 21:13:17,F2,11.4041,OK,0
2026-07-07 21:13:27,F2,11.4069,OK,0
2026-07-07 21:13:37,F2,11.4097,OK,0
2026-07-07 21:13:48,F2,11.4125,OK,0
2026-07-07 21:13:58,F2,11.4153,OK,0
2026-07-07 21:14:08,F2,11.4181,OK,0
2026-07-07 21:14:19,F2,11.4209,OK,0
2026-07-07 21:14:29,F2,11.4237,OK,0
2026-07-07 21:14:39,F2,11.4265,OK,0
2026-07-07 21:14:50,F2,11.4293,OK,0
2026-07-07 21:15:00,F2,11.4321,OK,0
2026-07-07 21:15:10,F2,11.4349,OK,0
2026-07-07 21:15:21,F2,11.4377,OK,0
2026-07-07 21:15:31,F2,11.4405,OK,0
2026-07-07 21:15:41,F2,11.4432,OK,0
2026-07-07 21:15:52,F2,11.4460,OK,0
2026-07-07 21:16:02,F2,11.4488,OK,0
2026-07-07 21:16:12,F2,11.4516,OK,0
2026-07-07 21:16:23,F2,11.4544,OK,0
2026-07-07 21:16:33,F2,11.4572,OK,0
2026-07-07 21:16:43,F2,11.4600,OK,0
2026-07-07 21:16:54,F2,11.4627,OK,0
2026-07-07 21:17:04,F2,11.4655,OK,0
2026-07-07 21:17:14,F2,11.4683,OK,0
2026-07-07 21:17:25,F2,11.4711,OK,0
2026-07-07 21:17:35,F2,11.4739,OK,0
2026-07-07 21:17:45,F2,11.4767,OK,0
2026-07-07 21:17:56,F2,11.4795,OK,1
2026-07-07 21:18:06,F2,11.4824,OK,0
2026-07-07 21:18:16,F2,11.4852,OK,0
2026-07-07 21:18:27,F2,11.4880,OK,0
2026-07-07 21:18:37,F2,11.4908,OK,0
2026-07-07 21:18:47,F2,11.4936,OK,0
2026-07-07 21:18:58,F2,11.4965,OK,0
2026-07-07 21:19:08,F2,11.4993,OK,0
2026-07-07 21:19:18,F2,11.5021,OK,0
2026-07-07 21:19:29,F2,11.5049,OK,0
2026-07-07 21:19:39,F2,11.5078,OK,0
2026-07-07 21:19:49,F2,11.5106,OK,0
2026-07-07 21:20:00,F2,11.5134,OK,0
2026-07-07 21:20:10,F2,11.5163,OK,0
2026-07-07 21:20:21,F2,11.5191,OK,0
2026-07-07 21:20:31,F2,11.5219,OK,0
2026-07-07 21:20:41,F2,11.5247,OK,0
2026-07-07 21:20:51,F2,11.5276,OK,0
2026-07-07 21:21:02,F2,11.5304,OK,0
2026-07-07 21:21:12,F2,11.5332,OK,0
2026-07-07 21:21:22,F2,11.5360,OK,0
2026-07-07 21:21:33,F2,11.5389,OK,0
2026-07-07 21:21:43,F2,11.5417,OK,0
2026-07-07 21:21:53,F2,11.5445,OK,0
2026-07-07 21:22:04,F2,11.5473,OK,0
2026-07-07 21:22:14,F2,11.5501,OK,0
2026-07-07 21:22:24,F2,11.5529,OK,0
2026-07-07 21:22:35,F2,11.5557,OK,0
2026-07-07 21:22:45,F2,11.5585,OK,0
2026-07-07 21:22:55,F2,11.5613,OK,0
2026-07-07 21:23:06,F2,11.5641,OK,0
2026-07-07 21:23:16,F2,11.5669,OK,0
2026-07-07 21:23:26,F2,11.5697,OK,0
2026-07-07 21:23:37,F2,11.5725,OK,0
2026-07-07 21:23:47,F2,11.5753,OK,0
2026-07-07 21:23:58,F2,11.5781,OK,1
2026-07-07 21:24:08,F2,11.5808,OK,0
2026-07-07 21:24:18,F2,11.5836,OK,0
2026-07-07 21:24:29,F2,11.5864,OK,0
2026-07-07 21:24:39,F2,11.5892,OK,0
2026-07-07 21:24:49,F2,11.5920,OK,0
2026-07-07 21:25:00,F2,11.5947,OK,0
2026-07-07 21:25:10,F2,11.5975,OK,0
2026-07-07 21:25:20,F2,11.6003,OK,0
2026-07-07 21:25:31,F2,11.6031,OK,0
2026-07-07 21:25:41,F2,11.6058,OK,0
2026-07-07 21:25:51,F2,11.6086,OK,0
2026-07-07 21:26:02,F2,11.6114,OK,0
2026-07-07 21:26:12,F2,11.6142,OK,1
2026-07-07 21:26:22,F2,11.6169,OK,0
2026-07-07 21:26:33,F2,11.6197,OK,0
2026-07-07 21:26:43,F2,11.6225,OK,0
2026-07-07 21:26:53,F2,11.6253,OK,0
2026-07-07 21:27:04,F2,11.6280,OK,0
2026-07-07 21:27:14,F2,11.6308,OK,0
2026-07-07 21:27:24,F2,11.6336,OK,0
2026-07-07 21:27:35,F2,11.6364,OK,0
2026-07-07 21:27:45,F2,11.6391,OK,0
2026-07-07 21:27:55,F2,11.6419,OK,0
2026-07-07 21:28:06,F2,11.6447,OK,0
2026-07-07 21:28:16,F2,11.6474,OK,0
2026-07-07 21:28:26,F2,11.6502,OK,0
2026-07-07 21:28:37,F2,11.6530,OK,0
2026-07-07 21:28:47,F2,11.6557,OK,0
2026-07-07 21:28:57,F2,11.6585,OK,0
2026-07-07 21:29:08,F2,11.6612,OK,0
2026-07-07 21:29:18,F2,11.6640,OK,0
2026-07-07 21:29:28,F2,11.6667,OK,0
2026-07-07 21:29:38,F2,11.6694,OK,0
2026-07-07 21:29:49,F2,11.6722,OK,0
2026-07-07 21:29:59,F2,11.6749,OK,0
2026-07-07 21:30:09,F2,11.6776,OK,0
2026-07-07 21:30:20,F2,11.6804,OK,0
2026-07-07 21:30:30,F2,11.6831,OK,0
2026-07-07 21:30:41,F2,11.6858,OK,0
2026-07-07 21:30:51,F2,11.6885,OK,0
2026-07-07 21:31:01,F2,11.6912,OK,1
2026-07-07 21:31:12,F2,11.6939,OK,0
2026-07-07 21:31:22,F2,11.6966,OK,0
2026-07-07 21:31:32,F2,11.6992,OK,0
2026-07-07 21:31:43,F2,11.7019,OK,0
2026-07-07 21:31:53,F2,11.7046,OK,0
2026-07-07 21:32:03,F2,11.7072,OK,0
2026-07-07 21:32:14,F2,11.7099,OK,0
2026-07-07 21:32:24,F2,11.7125,OK,0
2026-07-07 21:32:34,F2,11.7152,OK,0
2026-07-07 21:32:45,F2,11.7178,OK,0
2026-07-07 21:32:55,F2,11.7204,OK,0
2026-07-07 21:33:05,F2,11.7231,OK,0
2026-07-07 21:33:16,F2,11.7257,OK,0
2026-07-07 21:33:26,F2,11.7283,OK,0
2026-07-07 21:33:36,F2,11.7309,OK,0
2026-07-07 21:33:47,F2,11.7335,OK,0
2026-07-07 21:33:57,F2,11.7361,OK,0
2026-07-07 21:34:07,F2,11.7387,OK,0
2026-07-07 21:34:18,F2,11.7413,OK,0
2026-07-07 21:34:28,F2,11.7439,OK,0
2026-07-07 21:34:38,F2,11.7464,OK,0
2026-07-07 21:34:49,F2,11.7490,OK,0
2026-07-07 21:34:59,F2,11.7516,OK,0
2026-07-07 21:35:09,F2,11.7542,OK,0
2026-07-07 21:35:20,F2,11.7567,OK,0
2026-07-07 21:35:30,F2,11.7593,OK,0
2026-07-07 21:35:40,F2,11.7618,OK,0
2026-07-07 21:35:51,F2,11.7644,OK,0
2026-07-07 21:36:01,F2,11.7669,OK,0
2026-07-07 21:36:11,F2,11.7694,OK,0
2026-07-07 21:36:22,F2,11.7720,OK,0
2026-07-07 21:36:32,F2,11.7745,OK,0
2026-07-07 21:36:42,F2,11.7770,OK,0
2026-07-07 21:36:53,F2,11.7795,OK,0
2026-07-07 21:37:03,F2,11.7821,OK,0
2026-07-07 21:37:13,F2,11.7846,OK,0
2026-07-07 21:37:24,F2,11.7871,OK,0
2026-07-07 21:37:34,F2,11.7896,OK,0
2026-07-07 21:37:44,F2,11.7921,OK,0
2026-07-07 21:37:55,F2,11.7946,OK,0
2026-07-07 21:38:05,F2,11.7970,OK,0
2026-07-07 21:38:15,F2,11.7995,OK,0
2026-07-07 21:38:26,F2,11.8020,OK,0
2026-07-07 21:38:36,F2,11.8045,OK,0
2026-07-07 21:38:46,F2,11.8069,OK,0
2026-07-07 21:38:57,F2,11.8094,OK,0
2026-07-07 21:39:07,F2,11.8118,OK,0
2026-07-07 21:39:17,F2,11.8143,OK,0
2026-07-07 21:39:28,F2,11.8167,OK,0
2026-07-07 21:39:38,F2,11.8192,OK,0
2026-07-07 21:39:48,F2,11.8216,OK,0
2026-07-07 21:39:59,F2,11.8241,OK,0
2026-07-07 21:40:09,F2,11.8265,OK,0
2026-07-07 21:40:19,F2,11.8289,OK,0
2026-07-07 21:40:30,F2,11.8313,OK,0
2026-07-07 21:40:40,F2,11.8338,OK,0
2026-07-07 21:40:50,F2,11.8362,OK,0
2026-07-07 21:41:01,F2,11.8386,OK,0
2026-07-07 21:41:11,F2,11.8410,OK,0
2026-07-07 21:41:21,F2,11.8434,OK,0
2026-07-07 21:41:32,F2,11.8459,OK,0
2026-07-07 21:41:42,F2,11.8483,OK,0
2026-07-07 21:41:53,F2,11.8507,OK,0
2026-07-07 21:42:03,F2,11.8531,OK,0
2026-07-07 21:42:13,F2,11.8555,OK,0
2026-07-07 21:42:23,F2,11.8579,OK,0
2026-07-07 21:42:34,F2,11.8604,OK,0
2026-07-07 21:42:44,F2,11.8628,OK,0
2026-07-07 21:42:54,F2,11.8652,OK,0
2026-07-07 21:43:05,F2,11.8676,OK,0
2026-07-07 21:43:15,F2,11.8700,OK,0
2026-07-07 21:43:25,F2,11.8725,OK,0
2026-07-07 21:43:36,F2,11.8749,OK,0
2026-07-07 21:43:46,F2,11.8773,OK,0
2026-07-07 21:43:57,F2,11.8797,OK,0
2026-07-07 21:44:07,F2,11.8822,OK,0
2026-07-07 21:44:17,F2,11.8846,OK,0
2026-07-07 21:44:28,F2,11.8870,OK,0
2026-07-07 21:44:38,F2,11.8894,OK,0
2026-07-07 21:44:48,F2,11.8919,OK,0
2026-07-07 21:44:58,F2,11.8943,OK,0
2026-07-07 21:45:09,F2,11.8967,OK,0
2026-07-07 21:45:19,F2,11.8991,OK,0
2026-07-07 21:45:30,F2,11.9016,OK,0
2026-07-07 21:45:40,F2,11.9040,OK,0
2026-07-07 21:45:50,F2,11.9064,OK,0
2026-07-07 21:46:01,F2,11.9089,OK,0
2026-07-07 21:46:11,F2,11.9113,OK,0
2026-07-07 21:46:21,F2,11.9137,OK,0
2026-07-07 21:46:32,F2,11.9162,OK,0
2026-07-07 21:46:42,F2,11.9186,OK,0
2026-07-07 21:46:52,F2,11.9210,OK,0
2026-07-07 21:47:03,F2,11.9234,OK,0
2026-07-07 21:47:13,F2,11.9259,OK,0
2026-07-07 21:47:23,F2,11.9283,OK,0
2026-07-07 21:47:34,F2,11.9307,OK,0
2026-07-07 21:47:44,F2,11.9332,OK,0
2026-07-07 21:47:54,F2,11.9356,OK,0
2026-07-07 21:48:05,F2,11.9380,OK,0
2026-07-07 21:48:15,F2,11.9404,OK,0
2026-07-07 21:48:25,F2,11.9429,OK,0
2026-07-07 21:48:36,F2,11.9453,OK,0
2026-07-07 21:48:46,F2,11.9477,OK,0
2026-07-07 21:48:56,F2,11.9502,OK,0
2026-07-07 21:49:07,F2,11.9526,OK,0
2026-07-07 21:49:17,F2,11.9550,OK,0
2026-07-07 21:49:27,F2,11.9574,OK,0
2026-07-07 21:49:38,F2,11.9599,OK,0
2026-07-07 21:49:48,F2,11.9623,OK,0
2026-07-07 21:49:58,F2,11.9647,OK,0
2026-07-07 21:50:09,F2,11.9672,OK,1
2026-07-07 21:50:19,F2,11.9696,OK,0
2026-07-07 21:50:29,F2,11.9720,OK,0
2026-07-07 21:50:40,F2,11.9745,OK,0
2026-07-07 21:50:50,F2,11.9769,OK,0
2026-07-07 21:51:00,F2,11.9793,OK,0
2026-07-07 21:51:11,F2,11.9818,OK,0
2026-07-07 21:51:21,F2,11.9842,OK,0
2026-07-07 21:51:31,F2,11.9866,OK,0
2026-07-07 21:51:42,F2,11.9891,OK,0
2026-07-07 21:51:52,F2,11.9915,OK,0
2026-07-07 21:52:02,F2,11.9940,OK,0
2026-07-07 21:52:13,F2,11.9964,OK,0
2026-07-07 21:52:23,F2,11.9988,OK,1
2026-07-07 21:52:33,F2,12.0013,OK,1
2026-07-07 21:52:44,F2,12.0037,OK,0
2026-07-07 21:52:54,F2,12.0062,OK,0
2026-07-07 21:53:04,F2,12.0086,OK,0
2026-07-07 21:53:15,F2,12.0110,OK,0
2026-07-07 21:53:25,F2,12.0135,OK,0
2026-07-07 21:53:35,F2,12.0159,OK,0
2026-07-07 21:53:46,F2,12.0184,OK,0
2026-07-07 21:53:56,F2,12.0209,OK,0
2026-07-07 21:54:06,F2,12.0233,OK,0
2026-07-07 21:54:17,F2,12.0258,OK,0
2026-07-07 21:54:27,F2,12.0283,OK,0
2026-07-07 21:54:37,F2,12.0308,OK,0
2026-07-07 21:54:48,F2,12.0333,OK,0
2026-07-07 21:54:58,F2,12.0358,OK,0
2026-07-07 21:55:08,F2,12.0384,OK,0
2026-07-07 21:55:19,F2,12.0410,OK,0
2026-07-07 21:55:29,F2,12.0435,OK,0
2026-07-07 21:55:39,F2,12.0461,OK,0
2026-07-07 21:55:50,F2,12.0488,OK,0
2026-07-07 21:56:00,F2,12.0514,OK,0
2026-07-07 21:56:10,F2,12.0541,OK,0
2026-07-07 21:56:21,F2,12.0568,OK,0
2026-07-07 21:56:31,F2,12.0595,OK,0
2026-07-07 21:56:41,F2,12.0622,OK,0
2026-07-07 21:56:52,F2,12.0650,OK,0
2026-07-07 21:57:02,F2,12.0678,OK,0
2026-07-07 21:57:12,F2,12.0706,OK,0
2026-07-07 21:57:23,F2,12.0735,OK,0
2026-07-07 21:57:33,F2,12.0763,OK,0
2026-07-07 21:57:43,F2,12.0793,OK,0
2026-07-07 21:57:54,F2,12.0822,OK,0
2026-07-07 21:58:04,F2,12.0852,OK,0
2026-07-07 21:58:14,F2,12.0882,OK,0
2026-07-07 21:58:25,F2,12.0912,OK,0
2026-07-07 21:58:35,F2,12.0943,OK,0
2026-07-07 21:58:45,F2,12.0974,OK,0
2026-07-07 21:58:56,F2,12.1006,OK,0
2026-07-07 21:59:06,F2,12.1038,OK,0
2026-07-07 21:59:16,F2,12.1070,OK,0
2026-07-07 21:59:27,F2,12.1103,OK,0
2026-07-07 21:59:37,F2,12.1136,OK,0
2026-07-07 21:59:48,F2,12.1169,OK,1
2026-07-07 21:59:58,F2,12.1203,OK,0
2026-07-07 22:00:08,F2,12.1237,OK,1
2026-07-07 22:00:19,F2,12.1272,OK,0
2026-07-07 22:00:29,F2,12.1307,OK,0
2026-07-07 22:00:39,F2,12.1343,OK,0
2026-07-07 22:00:50,F2,12.1379,OK,0
2026-07-07 22:01:00,F2,12.1415,OK,0
2026-07-07 22:01:10,F2,12.1452,OK,0
2026-07-07 22:01:21,F2,12.1489,OK,0
2026-07-07 22:01:31,F2,12.1527,OK,0
2026-07-07 22:01:41,F2,12.1565,OK,0
2026-07-07 22:01:52,F2,12.1604,OK,0
2026-07-07 22:02:02,F2,12.1643,OK,0
2026-07-07 22:02:12,F2,12.1682,OK,0
2026-07-07 22:02:23,F2,12.1722,OK,0
2026-07-07 22:02:33,F2,12.1763,OK,0
2026-07-07 22:02:43,F2,12.1804,OK,1
2026-07-07 22:02:54,F2,12.1846,OK,0
2026-07-07 22:03:04,F2,12.1888,OK,1
2026-07-07 22:03:14,F2,12.1930,OK,1
2026-07-07 22:03:25,F2,12.1973,OK,0
2026-07-07 22:03:35,F2,12.2017,OK,0
2026-07-07 22:03:45,F2,12.2060,OK,0
2026-07-07 22:03:56,F2,12.2105,OK,0
2026-07-07 22:04:06,F2,12.2149,OK,0
2026-07-07 22:04:16,F2,12.2194,OK,0
2026-07-07 22:04:27,F2,12.2240,OK,0
2026-07-07 22:04:37,F2,12.2285,OK,0
2026-07-07 22:04:47,F2,12.2331,OK,0
2026-07-07 22:04:58,F2,12.2377,OK,0
2026-07-07 22:05:08,F2,12.2423,OK,0
2026-07-07 22:05:18,F2,12.2470,OK,0
2026-07-07 22:05:29,F2,12.2516,OK,0
2026-07-07 22:05:39,F2,12.2562,OK,0
2026-07-07 22:05:49,F2,12.2609,OK,0
2026-07-07 22:06:00,F2,12.2655,OK,0
2026-07-07 22:06:10,F2,12.2701,OK,0
2026-07-07 22:06:20,F2,12.2747,OK,0
2026-07-07 22:06:31,F2,12.2793,OK,0
2026-07-07 22:06:41,F2,12.2839,OK,0
2026-07-07 22:06:51,F2,12.2884,OK,0
2026-07-07 22:07:02,F2,12.2930,OK,0
2026-07-07 22:07:12,F2,12.2974,OK,0
2026-07-07 22:07:22,F2,12.3019,OK,0
2026-07-07 22:07:33,F2,12.3063,OK,0
2026-07-07 22:07:43,F2,12.3106,OK,0
2026-07-07 22:07:53,F2,12.3150,OK,0
2026-07-07 22:08:04,F2,12.3192,OK,0
2026-07-07 22:08:14,F2,12.3234,OK,0
2026-07-07 22:08:24,F2,12.3276,OK,0
2026-07-07 22:08:35,F2,12.3317,OK,0
2026-07-07 22:08:45,F2,12.3357,OK,0
2026-07-07 22:08:55,F2,12.3397,OK,0
2026-07-07 22:09:06,F2,12.3436,OK,0
2026-07-07 22:09:16,F2,12.3474,OK,0
2026-07-07 22:09:26,F2,12.3511,OK,1
2026-07-07 22:09:37,F2,12.3548,OK,1
2026-07-07 22:09:47,F2,12.3584,OK,1
2026-07-07 22:09:57,F2,12.3619,OK,1
2026-07-07 22:10:08,F2,12.3653,OK,0
2026-07-07 22:10:18,F2,12.3686,OK,0
2026-07-07 22:10:29,F2,12.3719,OK,0
2026-07-07 22:10:39,F2,12.3750,OK,0
2026-07-07 22:10:49,F2,12.3781,OK,0
2026-07-07 22:11:00,F2,12.3811,OK,0
2026-07-07 22:11:10,F2,12.3840,OK,0
2026-07-07 22:11:20,F2,12.3868,OK,0
2026-07-07 22:11:31,F2,12.3896,OK,0
2026-07-07 22:11:41,F2,12.3923,OK,0
2026-07-07 22:11:51,F2,12.3949,OK,0
2026-07-07 22:12:02,F2,12.3974,OK,0
2026-07-07 22:12:12,F2,12.3999,OK,0
2026-07-07 22:12:22,F2,12.4023,OK,0
2026-07-07 22:12:33,F2,12.4046,OK,0
2026-07-07 22:12:43,F2,12.4069,OK,0
2026-07-07 22:12:53,F2,12.4092,OK,0
2026-07-07 22:13:04,F2,12.4113,OK,0
2026-07-07 22:13:14,F2,12.4135,OK,0
2026-07-07 22:13:24,F2,12.4156,OK,0
2026-07-07 22:13:35,F2,12.4176,OK,0
2026-07-07 22:13:45,F2,12.4196,OK,0
2026-07-07 22:13:55,F2,12.4216,OK,0
2026-07-07 22:14:06,F2,12.4235,OK,0
2026-07-07 22:14:16,F2,12.4254,OK,0
2026-07-07 22:14:26,F2,12.4272,OK,0
2026-07-07 22:14:37,F2,12.4290,OK,0
2026-07-07 22:14:47,F2,12.4308,OK,0
2026-07-07 22:14:57,F2,12.4326,OK,0
2026-07-07 22:15:08,F2,12.4344,OK,0
2026-07-07 22:15:18,F2,12.4361,OK,0
2026-07-07 22:15:28,F2,12.4378,OK,0
2026-07-07 22:15:39,F2,12.4395,OK,1
2026-07-07 22:15:49,F2,12.4412,OK,0
2026-07-07 22:15:59,F2,12.4429,OK,0
2026-07-07 22:16:10,F2,12.4446,OK,0
2026-07-07 22:16:20,F2,12.4462,OK,0
2026-07-07 22:16:30,F2,12.4479,OK,0
2026-07-07 22:16:41,F2,12.4496,OK,0
2026-07-07 22:16:51,F2,12.4512,OK,0
2026-07-07 22:17:01,F2,12.4529,OK,0
2026-07-07 22:17:12,F2,12.4546,OK,0
2026-07-07 22:17:22,F2,12.4562,OK,0
2026-07-07 22:17:32,F2,12.4579,OK,0
2026-07-07 22:17:43,F2,12.4596,OK,0
2026-07-07 22:17:53,F2,12.4614,OK,0
2026-07-07 22:18:03,F2,12.4631,OK,0
2026-07-07 22:18:14,F2,12.4649,OK,0
2026-07-07 22:18:24,F2,12.4666,OK,0
2026-07-07 22:18:34,F2,12.4684,OK,0
2026-07-07 22:18:45,F2,12.4703,OK,0
2026-07-07 22:18:55,F2,12.4721,OK,0
2026-07-07 22:19:05,F2,12.4740,OK,0
2026-07-07 22:19:16,F2,12.4759,OK,0
2026-07-07 22:19:26,F2,12.4778,OK,0
2026-07-07 22:19:36,F2,12.4798,OK,1
2026-07-07 22:19:47,F2,12.4818,OK,1
2026-07-07 22:19:57,F2,12.4839,OK,1
2026-07-07 22:20:07,F2,12.4859,OK,1
2026-07-07 22:20:18,F2,12.4881,OK,1
2026-07-07 22:20:28,F2,12.4902,OK,0
2026-07-07 22:20:38,F2,12.4924,OK,0
2026-07-07 22:20:49,F2,12.4947,OK,0
2026-07-07 22:20:59,F2,12.4969,OK,0
2026-07-07 22:21:09,F2,12.4992,OK,0
2026-07-07 22:21:20,F2,12.5015,OK,0
2026-07-07 22:21:30,F2,12.5039,OK,0
2026-07-07 22:21:40,F2,12.5063,OK,0
2026-07-07 22:21:51,F2,12.5087,OK,0
2026-07-07 22:22:01,F2,12.5111,OK,0
2026-07-07 22:22:11,F2,12.5135,OK,0
2026-07-07 22:22:22,F2,12.5159,OK,0
2026-07-07 22:22:32,F2,12.5184,OK,0
2026-07-07 22:22:42,F2,12.5208,OK,0
2026-07-07 22:22:53,F2,12.5232,OK,0
2026-07-07 22:23:03,F2,12.5257,OK,0
2026-07-07 22:23:13,F2,12.5281,OK,0
2026-07-07 22:23:24,F2,12.5306,OK,0
2026-07-07 22:23:34,F2,12.5330,OK,0
2026-07-07 22:23:44,F2,12.5354,OK,0
2026-07-07 22:23:55,F2,12.5378,OK,0
2026-07-07 22:24:05,F2,12.5401,OK,0
2026-07-07 22:24:15,F2,12.5425,OK,0
2026-07-07 22:24:26,F2,12.5448,OK,0
2026-07-07 22:24:36,F2,12.5471,OK,0
2026-07-07 22:24:46,F2,12.5493,OK,0
2026-07-07 22:24:57,F2,12.5515,OK,0
2026-07-07 22:25:07,F2,12.5537,OK,0
2026-07-07 22:25:17,F2,12.5559,OK,0
2026-07-07 22:25:28,F2,12.5580,OK,0
2026-07-07 22:25:38,F2,12.5600,OK,0
2026-07-07 22:25:48,F2,12.5620,OK,0
2026-07-07 22:25:59,F2,12.5640,OK,0
2026-07-07 22:26:09,F2,12.5659,OK,0
2026-07-07 22:26:19,F2,12.5678,OK,0
2026-07-07 22:26:30,F2,12.5696,OK,0
2026-07-07 22:26:40,F2,12.5713,OK,0
2026-07-07 22:26:50,F2,12.5730,OK,0
2026-07-07 22:27:01,F2,12.5746,OK,0
2026-07-07 22:27:11,F2,12.5762,OK,0
2026-07-07 22:27:21,F2,12.5777,OK,0
2026-07-07 22:27:32,F2,12.5791,OK,1
2026-07-07 22:27:42,F2,12.5804,OK,1
2026-07-07 22:27:52,F2,12.5817,OK,1
2026-07-07 22:28:03,F2,12.5829,OK,1
2026-07-07 22:28:13,F2,12.5840,OK,1
2026-07-07 22:28:24,F2,12.5851,OK,1
2026-07-07 22:28:34,F2,12.5860,OK,0
2026-07-07 22:28:44,F2,12.5869,OK,0
2026-07-07 22:28:55,F2,12.5878,OK,0
2026-07-07 22:29:05,F2,12.5885,OK,0
2026-07-07 22:29:15,F2,12.5892,OK,0
2026-07-07 22:29:25,F2,12.5897,OK,0
2026-07-07 22:29:36,F2,12.5903,OK,0
2026-07-07 22:29:46,F2,12.5907,OK,0
2026-07-07 22:29:56,F2,12.5911,OK,0
2026-07-07 22:30:07,F2,12.5915,OK,0
2026-07-07 22:30:17,F2,12.5918,OK,0
2026-07-07 22:30:28,F2,12.5920,OK,0
2026-07-07 22:30:38,F2,12.5922,OK,0
2026-07-07 22:30:48,F2,12.5924,OK,0
2026-07-07 22:30:58,F2,12.5925,OK,0
2026-07-07 22:31:09,F2,12.5925,OK,0
2026-07-07 22:31:19,F2,12.5926,OK,0
2026-07-07 22:31:29,F2,12.5926,OK,0
2026-07-07 22:31:40,F2,12.5926,OK,0
2026-07-07 22:31:50,F2,12.5925,OK,0
2026-07-07 22:32:00,F2,12.5924,OK,0
2026-07-07 22:32:11,F2,12.5924,OK,0
2026-07-07 22:32:21,F2,12.5923,OK,0
2026-07-07 22:32:32,F2,12.5921,OK,0
2026-07-07 22:32:42,F2,12.5920,OK,0
2026-07-07 22:32:52,F2,12.5919,OK,0
2026-07-07 22:33:03,F2,12.5918,OK,0
2026-07-07 22:33:13,F2,12.5916,OK,0
2026-07-07 22:33:23,F2,12.5915,OK,0
2026-07-07 22:33:33,F2,12.5914,OK,0
2026-07-07 22:33:44,F2,12.5913,OK,0
2026-07-07 22:33:54,F2,12.5912,OK,0
2026-07-07 22:34:04,F2,12.5911,OK,0
2026-07-07 22:34:15,F2,12.5911,OK,0
2026-07-07 22:34:25,F2,12.5911,OK,0
2026-07-07 22:34:36,F2,12.5911,OK,0
2026-07-07 22:34:46,F2,12.5911,OK,0
2026-07-07 22:34:56,F2,12.5911,OK,0
2026-07-07 22:35:07,F2,12.5912,OK,0
2026-07-07 22:35:17,F2,12.5913,OK,0
2026-07-07 22:35:27,F2,12.5915,OK,0
2026-07-07 22:35:38,F2,12.5917,OK,0
2026-07-07 22:35:48,F2,12.5919,OK,0
2026-07-07 22:35:58,F2,12.5922,OK,0
2026-07-07 22:36:09,F2,12.5925,OK,0
2026-07-07 22:36:19,F2,12.5929,OK,0
2026-07-07 22:36:29,F2,12.5934,OK,0
2026-07-07 22:36:40,F2,12.5939,OK,0
2026-07-07 22:36:50,F2,12.5944,OK,0
2026-07-07 22:37:00,F2,12.5951,OK,0
2026-07-07 22:37:11,F2,12.5958,OK,0
2026-07-07 22:37:21,F2,12.5965,OK,0
2026-07-07 22:37:31,F2,12.5973,OK,0
2026-07-07 22:37:42,F2,12.5982,OK,1
2026-07-07 22:37:52,F2,12.5992,OK,1
2026-07-07 22:38:02,F2,12.6002,OK,1
2026-07-07 22:38:13,F2,12.6013,OK,1
2026-07-07 22:38:23,F2,12.6025,OK,0
2026-07-07 22:38:33,F2,12.6038,OK,0
2026-07-07 22:38:44,F2,12.6051,OK,0
2026-07-07 22:38:54,F2,12.6066,OK,0
2026-07-07 22:39:04,F2,12.6080,OK,0
2026-07-07 22:39:15,F2,12.6096,OK,0
2026-07-07 22:39:25,F2,12.6112,OK,0
2026-07-07 22:39:35,F2,12.6129,OK,0
2026-07-07 22:39:45,F2,12.6146,OK,0
2026-07-07 22:39:56,F2,12.6164,OK,0
2026-07-07 22:40:06,F2,12.6182,OK,0
2026-07-07 22:40:16,F2,12.6201,OK,0
2026-07-07 22:40:27,F2,12.6220,OK,0
2026-07-07 22:40:37,F2,12.6239,OK,0
2026-07-07 22:40:47,F2,12.6259,OK,0
2026-07-07 22:40:58,F2,12.6279,OK,0
2026-07-07 22:41:08,F2,12.6300,OK,0
2026-07-07 22:41:18,F2,12.6320,OK,0
2026-07-07 22:41:29,F2,12.6341,OK,0
2026-07-07 22:41:39,F2,12.6362,OK,0
2026-07-07 22:41:49,F2,12.6383,OK,1
2026-07-07 22:42:00,F2,12.6404,OK,0
2026-07-07 22:42:10,F2,12.6425,OK,0
2026-07-07 22:42:21,F2,12.6446,OK,0
2026-07-07 22:42:31,F2,12.6467,OK,0
2026-07-07 22:42:41,F2,12.6488,OK,0
2026-07-07 22:42:52,F2,12.6509,OK,0
2026-07-07 22:43:02,F2,12.6530,OK,0
2026-07-07 22:43:12,F2,12.6550,OK,0
2026-07-07 22:43:23,F2,12.6571,OK,0
2026-07-07 22:43:33,F2,12.6591,OK,0
2026-07-07 22:43:43,F2,12.6611,OK,0
2026-07-07 22:43:54,F2,12.6631,OK,0
2026-07-07 22:44:04,F2,12.6650,OK,0
2026-07-07 22:44:14,F2,12.6670,OK,0
2026-07-07 22:44:25,F2,12.6688,OK,0
2026-07-07 22:44:35,F2,12.6707,OK,0
2026-07-07 22:44:45,F2,12.6725,OK,0
2026-07-07 22:44:56,F2,12.6743,OK,0
2026-07-07 22:45:06,F2,12.6760,OK,0
2026-07-07 22:45:16,F2,12.6777,OK,0
2026-07-07 22:45:27,F2,12.6793,OK,0
2026-07-07 22:45:37,F2,12.6809,OK,0
2026-07-07 22:45:47,F2,12.6825,OK,0
2026-07-07 22:45:58,F2,12.6840,OK,1
2026-07-07 22:46:08,F2,12.6854,OK,1
2026-07-07 22:46:18,F2,12.6868,OK,1
2026-07-07 22:46:29,F2,12.6881,OK,1
2026-07-07 22:46:39,F2,12.6893,OK,0
2026-07-07 22:46:49,F2,12.6905,OK,0
2026-07-07 22:47:00,F2,12.6917,OK,0
2026-07-07 22:47:10,F2,12.6927,OK,0
2026-07-07 22:47:20,F2,12.6938,OK,0
2026-07-07 22:47:31,F2,12.6948,OK,0
2026-07-07 22:47:41,F2,12.6957,OK,0
2026-07-07 22:47:51,F2,12.6966,OK,0
2026-07-07 22:48:02,F2,12.6974,OK,0
2026-07-07 22:48:12,F2,12.6982,OK,0
2026-07-07 22:48:22,F2,12.6989,OK,0
2026-07-07 22:48:33,F2,12.6997,OK,0
2026-07-07 22:48:43,F2,12.7004,OK,0
2026-07-07 22:48:53,F2,12.7010,OK,0
2026-07-07 22:49:04,F2,12.7017,OK,0
2026-07-07 22:49:14,F2,12.7023,OK,0
2026-07-07 22:49:24,F2,12.7029,OK,0
2026-07-07 22:49:35,F2,12.7035,OK,0
2026-07-07 22:49:45,F2,12.7040,OK,0
2026-07-07 22:49:55,F2,12.7046,OK,0
2026-07-07 22:50:06,F2,12.7051,OK,0
2026-07-07 22:50:16,F2,12.7057,OK,0
2026-07-07 22:50:26,F2,12.7062,OK,0
2026-07-07 22:50:37,F2,12.7068,OK,0
2026-07-07 22:50:47,F2,12.7074,OK,0
2026-07-07 22:50:57,F2,12.7080,OK,0
2026-07-07 22:51:08,F2,12.7086,OK,0
2026-07-07 22:51:18,F2,12.7092,OK,0
2026-07-07 22:51:28,F2,12.7098,OK,0
2026-07-07 22:51:39,F2,12.7105,OK,0
2026-07-07 22:51:49,F2,12.7112,OK,0
2026-07-07 22:51:59,F2,12.7119,OK,0
2026-07-07 22:52:10,F2,12.7126,OK,0
2026-07-07 22:52:20,F2,12.7134,OK,0
2026-07-07 22:52:30,F2,12.7143,OK,0
2026-07-07 22:52:41,F2,12.7151,OK,0
2026-07-07 22:52:51,F2,12.7161,OK,0
2026-07-07 22:53:01,F2,12.7170,OK,0
2026-07-07 22:53:12,F2,12.7181,OK,0
2026-07-07 22:53:22,F2,12.7191,OK,0
2026-07-07 22:53:32,F2,12.7203,OK,0
2026-07-07 22:53:43,F2,12.7214,OK,0
2026-07-07 22:53:53,F2,12.7227,OK,0
2026-07-07 22:54:03,F2,12.7240,OK,0
2026-07-07 22:54:14,F2,12.7254,OK,0
2026-07-07 22:54:24,F2,12.7268,OK,0
2026-07-07 22:54:34,F2,12.7283,OK,0
2026-07-07 22:54:45,F2,12.7299,OK,0
2026-07-07 22:54:55,F2,12.7316,OK,0
2026-07-07 22:55:05,F2,12.7333,OK,0
2026-07-07 22:55:16,F2,12.7351,OK,1
2026-07-07 22:55:26,F2,12.7370,OK,1
2026-07-07 22:55:36,F2,12.7389,OK,1
2026-07-07 22:55:47,F2,12.7410,OK,1
2026-07-07 22:55:57,F2,12.7431,OK,0
2026-07-07 22:56:07,F2,12.7453,OK,0
2026-07-07 22:56:18,F2,12.7476,OK,0
2026-07-07 22:56:28,F2,12.7499,OK,0
2026-07-07 22:56:38,F2,12.7524,OK,0
2026-07-07 22:56:49,F2,12.7549,OK,0
2026-07-07 22:56:59,F2,12.7574,OK,0
2026-07-07 22:57:09,F2,12.7601,OK,0
2026-07-07 22:57:20,F2,12.7627,OK,0
2026-07-07 22:57:30,F2,12.7655,OK,0
2026-07-07 22:57:40,F2,12.7683,OK,0
2026-07-07 22:57:51,F2,12.7711,OK,0
2026-07-07 22:58:01,F2,12.7740,OK,0
2026-07-07 22:58:11,F2,12.7769,OK,0
2026-07-07 22:58:22,F2,12.7799,OK,0
2026-07-07 22:58:32,F2,12.7829,OK,0
2026-07-07 22:58:42,F2,12.7859,OK,0
2026-07-07 22:58:53,F2,12.7889,OK,0
2026-07-07 22:59:03,F2,12.7920,OK,0
2026-07-07 22:59:13,F2,12.7951,OK,0
2026-07-07 22:59:24,F2,12.7982,OK,0
2026-07-07 22:59:34,F2,12.8013,OK,0
2026-07-07 22:59:44,F2,12.8044,OK,0
2026-07-07 22:59:55,F2,12.8075,OK,0
2026-07-07 23:00:05,F2,12.8107,OK,0
2026-07-07 23:00:15,F2,12.8138,OK,0
2026-07-07 23:00:26,F2,12.8169,OK,0
2026-07-07 23:00:36,F2,12.8201,OK,0
2026-07-07 23:00:46,F2,12.8232,OK,0
2026-07-07 23:00:57,F2,12.8263,OK,0
2026-07-07 23:01:07,F2,12.8294,OK,0
2026-07-07 23:01:17,F2,12.8325,OK,0
2026-07-07 23:01:28,F2,12.8355,OK,0
2026-07-07 23:01:38,F2,12.8386,OK,0
2026-07-07 23:01:48,F2,12.8416,OK,0
2026-07-07 23:01:59,F2,12.8446,OK,0
2026-07-07 23:02:09,F2,12.8476,OK,0
2026-07-07 23:02:19,F2,12.8505,OK,1
2026-07-07 23:02:30,F2,12.8534,OK,0
2026-07-07 23:02:40,F2,12.8562,OK,0
2026-07-07 23:02:50,F2,12.8590,OK,1
2026-07-07 23:03:01,F2,12.8618,OK,1
2026-07-07 23:03:11,F2,12.8645,OK,1
2026-07-07 23:03:21,F2,12.8672,OK,1
2026-07-07 23:03:32,F2,12.8699,OK,1
2026-07-07 23:03:42,F2,12.8724,OK,1
2026-07-07 23:03:52,F2,12.8750,OK,0
2026-07-07 23:04:03,F2,12.8774,OK,0
2026-07-07 23:04:13,F2,12.8799,OK,0
2026-07-07 23:04:23,F2,12.8822,OK,0
2026-07-07 23:04:34,F2,12.8846,OK,0
2026-07-07 23:04:44,F2,12.8869,OK,0
2026-07-07 23:04:54,F2,12.8891,OK,0
2026-07-07 23:05:05,F2,12.8913,OK,0
2026-07-07 23:05:15,F2,12.8935,OK,0
2026-07-07 23:05:25,F2,12.8956,OK,0
2026-07-07 23:05:36,F2,12.8977,OK,0
2026-07-07 23:05:46,F2,12.8998,OK,0
2026-07-07 23:05:56,F2,12.9019,OK,0
2026-07-07 23:06:07,F2,12.9039,OK,0
2026-07-07 23:06:17,F2,12.9059,OK,0
2026-07-07 23:06:27,F2,12.9079,OK,0
2026-07-07 23:06:38,F2,12.9099,OK,0
2026-07-07 23:06:48,F2,12.9119,OK,0
2026-07-07 23:06:58,F2,12.9139,OK,0
2026-07-07 23:07:09,F2,12.9159,OK,0
2026-07-07 23:07:19,F2,12.9178,OK,0
2026-07-07 23:07:29,F2,12.9198,OK,0
2026-07-07 23:07:40,F2,12.9218,OK,0
2026-07-07 23:07:50,F2,12.9238,OK,0
2026-07-07 23:08:00,F2,12.9259,OK,0
2026-07-07 23:08:11,F2,12.9279,OK,0
2026-07-07 23:08:21,F2,12.9300,OK,0
2026-07-07 23:08:31,F2,12.9321,OK,0
2026-07-07 23:08:42,F2,12.9342,OK,0
2026-07-07 23:08:52,F2,12.9363,OK,0
2026-07-07 23:09:02,F2,12.9385,OK,0
2026-07-07 23:09:13,F2,12.9407,OK,0
2026-07-07 23:09:23,F2,12.9429,OK,0
2026-07-07 23:09:33,F2,12.9452,OK,0
2026-07-07 23:09:44,F2,12.9476,OK,0
2026-07-07 23:09:54,F2,12.9499,OK,0
2026-07-07 23:10:04,F2,12.9524,OK,0
2026-07-07 23:10:15,F2,12.9548,OK,0
2026-07-07 23:10:25,F2,12.9574,OK,0
2026-07-07 23:10:35,F2,12.9600,OK,1
2026-07-07 23:10:46,F2,12.9626,OK,0
2026-07-07 23:10:56,F2,12.9653,OK,0
2026-07-07 23:11:06,F2,12.9681,OK,0
2026-07-07 23:11:17,F2,12.9709,OK,0
2026-07-07 23:11:27,F2,12.9738,OK,0
2026-07-07 23:11:37,F2,12.9768,OK,0
2026-07-07 23:11:48,F2,12.9798,OK,0
2026-07-07 23:11:58,F2,12.9830,OK,1
2026-07-07 23:12:08,F2,12.9862,OK,1
2026-07-07 23:12:19,F2,12.9894,OK,1
2026-07-07 23:12:29,F2,12.9928,OK,1
2026-07-07 23:12:39,F2,12.9962,OK,1
2026-07-07 23:12:50,F2,12.9997,OK,0
2026-07-07 23:13:00,F2,13.0033,OK,0
2026-07-07 23:13:10,F2,13.0070,OK,0
2026-07-07 23:13:21,F2,13.0107,OK,0
2026-07-07 23:13:31,F2,13.0146,OK,0
2026-07-07 23:13:41,F2,13.0184,OK,0
2026-07-07 23:13:52,F2,13.0224,OK,0
2026-07-07 23:14:02,F2,13.0264,OK,0
2026-07-07 23:14:12,F2,13.0305,OK,0
2026-07-07 23:14:23,F2,13.0346,OK,0
2026-07-07 23:14:33,F2,13.0388,OK,0
2026-07-07 23:14:43,F2,13.0430,OK,0
2026-07-07 23:14:54,F2,13.0473,OK,0
2026-07-07 23:15:04,F2,13.0516,OK,0
2026-07-07 23:15:14,F2,13.0559,OK,0
2026-07-07 23:15:25,F2,13.0603,OK,0
2026-07-07 23:15:35,F2,13.0647,OK,0
2026-07-07 23:15:45,F2,13.0691,OK,0
2026-07-07 23:15:56,F2,13.0736,OK,0
2026-07-07 23:16:06,F2,13.0780,OK,0
2026-07-07 23:16:16,F2,13.0825,OK,0
2026-07-07 23:16:27,F2,13.0870,OK,0
2026-07-07 23:16:37,F2,13.0915,OK,0
2026-07-07 23:16:47,F2,13.0960,OK,0
2026-07-07 23:16:58,F2,13.1005,OK,0
2026-07-07 23:17:08,F2,13.1050,OK,0
2026-07-07 23:17:18,F2,13.1094,OK,0
2026-07-07 23:17:29,F2,13.1139,OK,0
2026-07-07 23:17:39,F2,13.1184,OK,0
2026-07-07 23:17:49,F2,13.1229,OK,0
2026-07-07 23:18:00,F2,13.1273,OK,0
2026-07-07 23:18:10,F2,13.1317,OK,0
2026-07-07 23:18:20,F2,13.1361,OK,0
2026-07-07 23:18:31,F2,13.1405,OK,0
2026-07-07 23:18:41,F2,13.1449,OK,0
2026-07-07 23:18:51,F2,13.1492,OK,0
2026-07-07 23:19:02,F2,13.1535,OK,0
2026-07-07 23:19:12,F2,13.1577,OK,0
2026-07-07 23:19:22,F2,13.1619,OK,0
2026-07-07 23:19:33,F2,13.1661,OK,0
2026-07-07 23:19:43,F2,13.1702,OK,0
2026-07-07 23:19:53,F2,13.1743,OK,0
2026-07-07 23:20:04,F2,13.1784,OK,0
2026-07-07 23:20:14,F2,13.1823,OK,0
2026-07-07 23:20:24,F2,13.1863,OK,0
2026-07-07 23:20:35,F2,13.1901,OK,0
2026-07-07 23:20:45,F2,13.1940,OK,0
2026-07-07 23:20:55,F2,13.1977,OK,1
2026-07-07 23:21:06,F2,13.2014,OK,1
2026-07-07 23:21:16,F2,13.2051,OK,1
2026-07-07 23:21:26,F2,13.2086,OK,1
2026-07-07 23:21:37,F2,13.2121,OK,1
2026-07-07 23:21:47,F2,13.2156,OK,1
2026-07-07 23:21:57,F2,13.2189,OK,0
2026-07-07 23:22:08,F2,13.2222,OK,0
2026-07-07 23:22:18,F2,13.2255,OK,0
2026-07-07 23:22:28,F2,13.2286,OK,0
2026-07-07 23:22:39,F2,13.2317,OK,0
2026-07-07 23:22:49,F2,13.2348,OK,0
2026-07-07 23:22:59,F2,13.2377,OK,0
2026-07-07 23:23:10,F2,13.2407,OK,0
2026-07-07 23:23:20,F2,13.2435,OK,0
2026-07-07 23:23:30,F2,13.2464,OK,0
2026-07-07 23:23:41,F2,13.2492,OK,0
2026-07-07 23:23:51,F2,13.2519,OK,0
2026-07-07 23:24:01,F2,13.2546,OK,0
2026-07-07 23:24:12,F2,13.2573,OK,0
2026-07-07 23:24:22,F2,13.2599,OK,0
2026-07-07 23:24:32,F2,13.2625,OK,0
2026-07-07 23:24:43,F2,13.2651,OK,0
2026-07-07 23:24:53,F2,13.2677,OK,0
2026-07-07 23:25:03,F2,13.2703,OK,0
2026-07-07 23:25:14,F2,13.2728,OK,0
2026-07-07 23:25:24,F2,13.2754,OK,0
2026-07-07 23:25:34,F2,13.2779,OK,0
2026-07-07 23:25:45,F2,13.2805,OK,0
2026-07-07 23:25:55,F2,13.2830,OK,0
2026-07-07 23:26:05,F2,13.2856,OK,0
2026-07-07 23:26:16,F2,13.2881,OK,0
2026-07-07 23:26:26,F2,13.2907,OK,0
2026-07-07 23:26:37,F2,13.2933,OK,0
2026-07-07 23:26:47,F2,13.2959,OK,0
2026-07-07 23:26:57,F2,13.2985,OK,0
2026-07-07 23:27:08,F2,13.3012,OK,0
2026-07-07 23:27:18,F2,13.3039,OK,0
2026-07-07 23:27:28,F2,13.3066,OK,0
2026-07-07 23:27:39,F2,13.3093,OK,0
2026-07-07 23:27:49,F2,13.3121,OK,0
2026-07-07 23:27:59,F2,13.3149,OK,0
2026-07-07 23:28:10,F2,13.3177,OK,0
2026-07-07 23:28:20,F2,13.3206,OK,0
2026-07-07 23:28:30,F2,13.3236,OK,0
2026-07-07 23:28:41,F2,13.3265,OK,0
2026-07-07 23:28:51,F2,13.3296,OK,0
2026-07-07 23:29:01,F2,13.3326,OK,0
2026-07-07 23:29:12,F2,13.3358,OK,0
2026-07-07 23:29:22,F2,13.3390,OK,0
2026-07-07 23:29:32,F2,13.3422,OK,0
2026-07-07 23:29:42,F2,13.3455,OK,0
2026-07-07 23:29:53,F2,13.3488,OK,0
2026-07-07 23:30:03,F2,13.3522,OK,0
2026-07-07 23:30:13,F2,13.3557,OK,0
2026-07-07 23:30:24,F2,13.3592,OK,0
2026-07-07 23:30:34,F2,13.3628,OK,0
2026-07-07 23:30:44,F2,13.3665,OK,1
2026-07-07 23:30:55,F2,13.3702,OK,1
2026-07-07 23:31:05,F2,13.3740,OK,1
2026-07-07 23:31:15,F2,13.3779,OK,1
2026-07-07 23:31:26,F2,13.3819,OK,0
2026-07-07 23:31:36,F2,13.3859,OK,0
2026-07-07 23:31:46,F2,13.3899,OK,0
2026-07-07 23:31:57,F2,13.3941,OK,0
2026-07-07 23:32:07,F2,13.3983,OK,0
2026-07-07 23:32:17,F2,13.4025,OK,0
2026-07-07 23:32:28,F2,13.4069,OK,0
2026-07-07 23:32:38,F2,13.4112,OK,0
2026-07-07 23:32:48,F2,13.4157,OK,0
2026-07-07 23:32:59,F2,13.4201,OK,0
2026-07-07 23:33:09,F2,13.4246,OK,0
2026-07-07 23:33:19,F2,13.4292,OK,0
2026-07-07 23:33:30,F2,13.4337,OK,0
2026-07-07 23:33:40,F2,13.4383,OK,0
2026-07-07 23:33:51,F2,13.4430,OK,0
2026-07-07 23:34:01,F2,13.4476,OK,0
2026-07-07 23:34:11,F2,13.4523,OK,0
2026-07-07 23:34:21,F2,13.4570,OK,0
2026-07-07 23:34:32,F2,13.4617,OK,0
2026-07-07 23:34:42,F2,13.4664,OK,0
2026-07-07 23:34:53,F2,13.4711,OK,0
2026-07-07 23:35:03,F2,13.4758,OK,0
2026-07-07 23:35:13,F2,13.4805,OK,0
2026-07-07 23:35:23,F2,13.4853,OK,0
2026-07-07 23:35:34,F2,13.4900,OK,0
2026-07-07 23:35:44,F2,13.4947,OK,0
2026-07-07 23:35:55,F2,13.4993,OK,0
2026-07-07 23:36:05,F2,13.5040,OK,0
2026-07-07 23:36:15,F2,13.5087,OK,0
2026-07-07 23:36:26,F2,13.5133,OK,0
2026-07-07 23:36:36,F2,13.5179,OK,0
2026-07-07 23:36:46,F2,13.5225,OK,0
2026-07-07 23:36:56,F2,13.5270,OK,0
2026-07-07 23:37:07,F2,13.5315,OK,0
2026-07-07 23:37:17,F2,13.5360,OK,0
2026-07-07 23:37:28,F2,13.5404,OK,0
2026-07-07 23:37:38,F2,13.5448,OK,0
2026-07-07 23:37:48,F2,13.5492,OK,0
2026-07-07 23:37:58,F2,13.5535,OK,0
2026-07-07 23:38:09,F2,13.5577,OK,0
2026-07-07 23:38:19,F2,13.5619,OK,0
2026-07-07 23:38:29,F2,13.5661,OK,1
2026-07-07 23:38:40,F2,13.5702,OK,1
2026-07-07 23:38:50,F2,13.5742,OK,1
2026-07-07 23:39:00,F2,13.5782,OK,1
2026-07-07 23:39:11,F2,13.5821,OK,1
2026-07-07 23:39:21,F2,13.5860,OK,0
2026-07-07 23:39:32,F2,13.5897,OK,0
2026-07-07 23:39:42,F2,13.5935,OK,0
2026-07-07 23:39:52,F2,13.5971,OK,0
2026-07-07 23:40:02,F2,13.6007,OK,0
2026-07-07 23:40:13,F2,13.6043,OK,0
2026-07-07 23:40:23,F2,13.6078,OK,0
2026-07-07 23:40:33,F2,13.6112,OK,0
2026-07-07 23:40:44,F2,13.6146,OK,0
2026-07-07 23:40:54,F2,13.6180,OK,0
2026-07-07 23:41:05,F2,13.6213,OK,0
2026-07-07 23:41:15,F2,13.6246,OK,0
2026-07-07 23:41:25,F2,13.6279,OK,0
2026-07-07 23:41:36,F2,13.6311,OK,0
2026-07-07 23:41:46,F2,13.6343,OK,0
2026-07-07 23:41:56,F2,13.6374,OK,0
2026-07-07 23:42:07,F2,13.6406,OK,0
2026-07-07 23:42:17,F2,13.6437,OK,0
2026-07-07 23:42:27,F2,13.6468,OK,0
2026-07-07 23:42:38,F2,13.6499,OK,0
2026-07-07 23:42:48,F2,13.6530,OK,0
2026-07-07 23:42:58,F2,13.6561,OK,0
2026-07-07 23:43:09,F2,13.6591,OK,0
2026-07-07 23:43:19,F2,13.6622,OK,0
2026-07-07 23:43:29,F2,13.6653,OK,0
2026-07-07 23:43:40,F2,13.6684,OK,0
2026-07-07 23:43:50,F2,13.6715,OK,0
2026-07-07 23:44:00,F2,13.6746,OK,0
2026-07-07 23:44:11,F2,13.6777,OK,0
2026-07-07 23:44:21,F2,13.6809,OK,0
2026-07-07 23:44:31,F2,13.6841,OK,0
2026-07-07 23:44:42,F2,13.6872,OK,0
2026-07-07 23:44:52,F2,13.6905,OK,0
2026-07-07 23:45:02,F2,13.6937,OK,0
2026-07-07 23:45:13,F2,13.6970,OK,0
2026-07-07 23:45:23,F2,13.7003,OK,1
2026-07-07 23:45:33,F2,13.7036,OK,0
2026-07-07 23:45:44,F2,13.7070,OK,0
2026-07-07 23:45:54,F2,13.7104,OK,0
2026-07-07 23:46:04,F2,13.7139,OK,0
2026-07-07 23:46:15,F2,13.7174,OK,0
2026-07-07 23:46:25,F2,13.7210,OK,0
2026-07-07 23:46:35,F2,13.7246,OK,1
2026-07-07 23:46:46,F2,13.7283,OK,1
2026-07-07 23:46:56,F2,13.7320,OK,0
2026-07-07 23:47:06,F2,13.7358,OK,0
2026-07-07 23:47:17,F2,13.7396,OK,0
2026-07-07 23:47:27,F2,13.7435,OK,0
2026-07-07 23:47:37,F2,13.7474,OK,0
2026-07-07 23:47:48,F2,13.7514,OK,0
2026-07-07 23:47:58,F2,13.7554,OK,0
2026-07-07 23:48:08,F2,13.7595,OK,0
2026-07-07 23:48:19,F2,13.7636,OK,0
2026-07-07 23:48:29,F2,13.7677,OK,0
2026-07-07 23:48:39,F2,13.7719,OK,0
2026-07-07 23:48:50,F2,13.7761,OK,0
2026-07-07 23:49:00,F2,13.7804,OK,0
2026-07-07 23:49:10,F2,13.7846,OK,0
2026-07-07 23:49:21,F2,13.7889,OK,0
2026-07-07 23:49:31,F2,13.7932,OK,0
2026-07-07 23:49:41,F2,13.7975,OK,0
2026-07-07 23:49:52,F2,13.8018,OK,0
2026-07-07 23:50:02,F2,13.8061,OK,0
2026-07-07 23:50:12,F2,13.8104,OK,0
2026-07-07 23:50:23,F2,13.8147,OK,0
2026-07-07 23:50:33,F2,13.8190,OK,0
2026-07-07 23:50:43,F2,13.8232,OK,0
2026-07-07 23:50:54,F2,13.8275,OK,0
2026-07-07 23:51:04,F2,13.8317,OK,0
2026-07-07 23:51:14,F2,13.8359,OK,0
2026-07-07 23:51:25,F2,13.8401,OK,0
2026-07-07 23:51:35,F2,13.8443,OK,0
2026-07-07 23:51:45,F2,13.8484,OK,0
2026-07-07 23:51:56,F2,13.8525,OK,0
2026-07-07 23:52:06,F2,13.8566,OK,0
2026-07-07 23:52:16,F2,13.8606,OK,0
2026-07-07 23:52:27,F2,13.8645,OK,0
2026-07-07 23:52:37,F2,13.8684,OK,0
2026-07-07 23:52:47,F2,13.8723,OK,0
2026-07-07 23:52:58,F2,13.8761,OK,0
2026-07-07 23:53:08,F2,13.8799,OK,0
2026-07-07 23:53:18,F2,13.8836,OK,0
2026-07-07 23:53:29,F2,13.8872,OK,0
2026-07-07 23:53:39,F2,13.8908,OK,0
2026-07-07 23:53:49,F2,13.8943,OK,0
2026-07-07 23:54:00,F2,13.8977,OK,0
2026-07-07 23:54:10,F2,13.9011,OK,0
2026-07-07 23:54:20,F2,13.9043,OK,1
2026-07-07 23:54:31,F2,13.9075,OK,1
2026-07-07 23:54:41,F2,13.9107,OK,1
2026-07-07 23:54:51,F2,13.9137,OK,1
2026-07-07 23:55:02,F2,13.9167,OK,1
2026-07-07 23:55:12,F2,13.9196,OK,1
2026-07-07 23:55:22,F2,13.9224,OK,0
2026-07-07 23:55:33,F2,13.9251,OK,0
2026-07-07 23:55:43,F2,13.9278,OK,0
2026-07-07 23:55:53,F2,13.9303,OK,0
2026-07-07 23:56:04,F2,13.9328,OK,0
2026-07-07 23:56:14,F2,13.9352,OK,0
2026-07-07 23:56:24,F2,13.9376,OK,0
2026-07-07 23:56:35,F2,13.9398,OK,0
2026-07-07 23:56:45,F2,13.9421,OK,0
2026-07-07 23:56:55,F2,13.9442,OK,0
2026-07-07 23:57:06,F2,13.9463,OK,0
2026-07-07 23:57:16,F2,13.9483,OK,0
2026-07-07 23:57:26,F2,13.9503,OK,0
2026-07-07 23:57:37,F2,13.9523,OK,0
2026-07-07 23:57:47,F2,13.9542,OK,0
2026-07-07 23:57:57,F2,13.9560,OK,0
2026-07-07 23:58:08,F2,13.9579,OK,0
2026-07-07 23:58:18,F2,13.9597,OK,0
2026-07-07 23:58:28,F2,13.9614,OK,0
2026-07-07 23:58:39,F2,13.9632,OK,0
2026-07-07 23:58:49,F2,13.9649,OK,0
2026-07-07 23:58:59,F2,13.9666,OK,0
2026-07-07 23:59:10,F2,13.9684,OK,0
2026-07-07 23:59:20,F2,13.9701,OK,0
2026-07-07 23:59:30,F2,13.9718,OK,0
2026-07-07 23:59:41,F2,13.9735,OK,0
2026-07-07 23:59:51,F2,13.9752,OK,0
2026-07-08 00:00:01,F2,13.9769,OK,0
2026-07-08 00:00:12,F2,13.9786,OK,0
2026-07-08 00:00:22,F2,13.9803,OK,0
2026-07-08 00:00:32,F2,13.9821,OK,0
2026-07-08 00:00:43,F2,13.9838,OK,0
2026-07-08 00:00:53,F2,13.9856,OK,0
2026-07-08 00:01:03,F2,13.9874,OK,0
2026-07-08 00:01:14,F2,13.9893,OK,0
2026-07-08 00:01:24,F2,13.9912,OK,0
2026-07-08 00:01:35,F2,13.9931,OK,0
2026-07-08 00:01:45,F2,13.9950,OK,0
2026-07-08 00:01:55,F2,13.9970,OK,0
2026-07-08 00:02:06,F2,13.9990,OK,0
2026-07-08 00:02:16,F2,14.0011,OK,0
2026-07-08 00:02:26,F2,14.0032,OK,0
2026-07-08 00:02:37,F2,14.0054,OK,0
2026-07-08 00:02:47,F2,14.0076,OK,0
2026-07-08 00:02:57,F2,14.0098,OK,0
2026-07-08 00:03:08,F2,14.0121,OK,0
2026-07-08 00:03:18,F2,14.0145,OK,1
2026-07-08 00:03:28,F2,14.0170,OK,1
2026-07-08 00:03:39,F2,14.0194,OK,1
2026-07-08 00:03:49,F2,14.0220,OK,1
2026-07-08 00:03:59,F2,14.0246,OK,0
2026-07-08 00:04:10,F2,14.0273,OK,0
2026-07-08 00:04:20,F2,14.0301,OK,0
2026-07-08 00:04:30,F2,14.0329,OK,0
2026-07-08 00:04:41,F2,14.0357,OK,0
2026-07-08 00:04:51,F2,14.0387,OK,0
2026-07-08 00:05:01,F2,14.0416,OK,0
2026-07-08 00:05:12,F2,14.0447,OK,0
2026-07-08 00:05:22,F2,14.0477,OK,0
2026-07-08 00:05:32,F2,14.0509,OK,0
2026-07-08 00:05:43,F2,14.0540,OK,0
2026-07-08 00:05:53,F2,14.0572,OK,0
2026-07-08 00:06:03,F2,14.0604,OK,0
2026-07-08 00:06:14,F2,14.0637,OK,0
2026-07-08 00:06:24,F2,14.0669,OK,0
2026-07-08 00:06:34,F2,14.0702,OK,0
2026-07-08 00:06:45,F2,14.0735,OK,0
2026-07-08 00:06:55,F2,14.0768,OK,0
2026-07-08 00:07:05,F2,14.0801,OK,0
2026-07-08 00:07:16,F2,14.0835,OK,0
2026-07-08 00:07:26,F2,14.0868,OK,0
2026-07-08 00:07:36,F2,14.0901,OK,0
2026-07-08 00:07:47,F2,14.0934,OK,0
2026-07-08 00:07:57,F2,14.0967,OK,0
2026-07-08 00:08:07,F2,14.1000,OK,0
2026-07-08 00:08:18,F2,14.1033,OK,0
2026-07-08 00:08:28,F2,14.1065,OK,0
2026-07-08 00:08:38,F2,14.1098,OK,0
2026-07-08 00:08:49,F2,14.1130,OK,0
2026-07-08 00:08:59,F2,14.1162,OK,0
2026-07-08 00:09:09,F2,14.1193,OK,0
2026-07-08 00:09:20,F2,14.1224,OK,0
2026-07-08 00:09:30,F2,14.1255,OK,0
2026-07-08 00:09:40,F2,14.1285,OK,0
2026-07-08 00:09:51,F2,14.1315,OK,0
2026-07-08 00:10:01,F2,14.1345,OK,0
2026-07-08 00:10:11,F2,14.1374,OK,0
2026-07-08 00:10:22,F2,14.1403,OK,0
2026-07-08 00:10:32,F2,14.1431,OK,0
2026-07-08 00:10:42,F2,14.1458,OK,0
2026-07-08 00:10:53,F2,14.1485,OK,0
2026-07-08 00:11:03,F2,14.1511,OK,1
2026-07-08 00:11:13,F2,14.1537,OK,1
2026-07-08 00:11:24,F2,14.1562,OK,1
2026-07-08 00:11:34,F2,14.1586,OK,1
2026-07-08 00:11:44,F2,14.1610,OK,1
2026-07-08 00:11:55,F2,14.1633,OK,1
2026-07-08 00:12:05,F2,14.1655,OK,0
2026-07-08 00:12:15,F2,14.1677,OK,0
2026-07-08 00:12:26,F2,14.1698,OK,0
2026-07-08 00:12:36,F2,14.1718,OK,0
2026-07-08 00:12:46,F2,14.1737,OK,0
2026-07-08 00:12:57,F2,14.1756,OK,0
2026-07-08 00:13:07,F2,14.1775,OK,0
2026-07-08 00:13:17,F2,14.1793,OK,0
2026-07-08 00:13:28,F2,14.1810,OK,0
2026-07-08 00:13:38,F2,14.1827,OK,0
2026-07-08 00:13:49,F2,14.1843,OK,0
2026-07-08 00:13:59,F2,14.1859,OK,0
2026-07-08 00:14:09,F2,14.1875,OK,0
2026-07-08 00:14:20,F2,14.1891,OK,0
2026-07-08 00:14:30,F2,14.1906,OK,0
2026-07-08 00:14:40,F2,14.1921,OK,0
2026-07-08 00:14:51,F2,14.1935,OK,0
2026-07-08 00:15:01,F2,14.1950,OK,0
2026-07-08 00:15:11,F2,14.1964,OK,0
2026-07-08 00:15:22,F2,14.1979,OK,0
2026-07-08 00:15:32,F2,14.1993,OK,0
2026-07-08 00:15:42,F2,14.2008,OK,0
2026-07-08 00:15:53,F2,14.2022,OK,0
2026-07-08 00:16:03,F2,14.2037,OK,0
2026-07-08 00:16:13,F2,14.2052,OK,0
2026-07-08 00:16:24,F2,14.2067,OK,0
2026-07-08 00:16:34,F2,14.2082,OK,0
2026-07-08 00:16:44,F2,14.2097,OK,0
2026-07-08 00:16:55,F2,14.2113,OK,0
2026-07-08 00:17:05,F2,14.2129,OK,0
2026-07-08 00:17:15,F2,14.2145,OK,0
2026-07-08 00:17:26,F2,14.2161,OK,0
2026-07-08 00:17:36,F2,14.2179,OK,0
2026-07-08 00:17:46,F2,14.2196,OK,0
2026-07-08 00:17:57,F2,14.2214,OK,0
2026-07-08 00:18:07,F2,14.2232,OK,0
2026-07-08 00:18:17,F2,14.2251,OK,0
2026-07-08 00:18:28,F2,14.2271,OK,0
2026-07-08 00:18:38,F2,14.2291,OK,0
2026-07-08 00:18:48,F2,14.2312,OK,0
2026-07-08 00:18:59,F2,14.2333,OK,0
2026-07-08 00:19:09,F2,14.2355,OK,1
2026-07-08 00:19:19,F2,14.2378,OK,1
2026-07-08 00:19:30,F2,14.2402,OK,1
2026-07-08 00:19:40,F2,14.2426,OK,1
2026-07-08 00:19:50,F2,14.2451,OK,1
2026-07-08 00:20:01,F2,14.2476,OK,0
2026-07-08 00:20:11,F2,14.2503,OK,0
2026-07-08 00:20:21,F2,14.2530,OK,0
2026-07-08 00:20:32,F2,14.2558,OK,0
2026-07-08 00:20:42,F2,14.2587,OK,0
2026-07-08 00:20:53,F2,14.2616,OK,0
2026-07-08 00:21:03,F2,14.2646,OK,0
2026-07-08 00:21:13,F2,14.2677,OK,0
2026-07-08 00:21:24,F2,14.2708,OK,0
2026-07-08 00:21:34,F2,14.2740,OK,0
2026-07-08 00:21:44,F2,14.2773,OK,0
2026-07-08 00:21:55,F2,14.2805,OK,0
2026-07-08 00:22:05,F2,14.2839,OK,0
2026-07-08 00:22:15,F2,14.2872,OK,0
2026-07-08 00:22:26,F2,14.2906,OK,0
2026-07-08 00:22:36,F2,14.2941,OK,0
2026-07-08 00:22:46,F2,14.2975,OK,0
2026-07-08 00:22:57,F2,14.3010,OK,0
2026-07-08 00:23:07,F2,14.3045,OK,0
2026-07-08 00:23:17,F2,14.3080,OK,0
2026-07-08 00:23:28,F2,14.3115,OK,0
2026-07-08 00:23:38,F2,14.3150,OK,0
2026-07-08 00:23:48,F2,14.3186,OK,0
2026-07-08 00:23:59,F2,14.3221,OK,0
2026-07-08 00:24:09,F2,14.3257,OK,0
2026-07-08 00:24:19,F2,14.3292,OK,0
2026-07-08 00:24:30,F2,14.3327,OK,0
2026-07-08 00:24:40,F2,14.3362,OK,0
2026-07-08 00:24:50,F2,14.3397,OK,0
2026-07-08 00:25:01,F2,14.3432,OK,0
2026-07-08 00:25:11,F2,14.3466,OK,0
2026-07-08 00:25:21,F2,14.3500,OK,0
2026-07-08 00:25:32,F2,14.3534,OK,0
2026-07-08 00:25:42,F2,14.3568,OK,0
2026-07-08 00:25:52,F2,14.3601,OK,0
2026-07-08 00:26:03,F2,14.3634,OK,0
2026-07-08 00:26:13,F2,14.3667,OK,0
2026-07-08 00:26:23,F2,14.3699,OK,1
2026-07-08 00:26:34,F2,14.3731,OK,0
2026-07-08 00:26:44,F2,14.3762,OK,0
2026-07-08 00:26:54,F2,14.3793,OK,0
2026-07-08 00:27:05,F2,14.3823,OK,0
2026-07-08 00:27:15,F2,14.3853,OK,0
2026-07-08 00:27:25,F2,14.3882,OK,0
2026-07-08 00:27:36,F2,14.3910,OK,0
2026-07-08 00:27:46,F2,14.3938,OK,0
2026-07-08 00:27:56,F2,14.3965,OK,0
2026-07-08 00:28:07,F2,14.3991,OK,0
2026-07-08 00:28:17,F2,14.4017,OK,1
2026-07-08 00:28:27,F2,14.4042,OK,1
2026-07-08 00:28:38,F2,14.4066,OK,1
2026-07-08 00:28:48,F2,14.4090,OK,1
2026-07-08 00:28:58,F2,14.4112,OK,1
2026-07-08 00:29:09,F2,14.4134,OK,1
2026-07-08 00:29:19,F2,14.4155,OK,0
2026-07-08 00:29:29,F2,14.4175,OK,0
2026-07-08 00:29:40,F2,14.4195,OK,0
2026-07-08 00:29:50,F2,14.4213,OK,0
2026-07-08 00:30:00,F2,14.4231,OK,0
2026-07-08 00:30:11,F2,14.4248,OK,0
2026-07-08 00:30:21,F2,14.4264,OK,0
2026-07-08 00:30:31,F2,14.4280,OK,0
2026-07-08 00:30:42,F2,14.4295,OK,0
2026-07-08 00:30:52,F2,14.4309,OK,0
2026-07-08 00:31:02,F2,14.4323,OK,0
2026-07-08 00:31:13,F2,14.4337,OK,0
2026-07-08 00:31:23,F2,14.4350,OK,0
2026-07-08 00:31:33,F2,14.4362,OK,0
2026-07-08 00:31:44,F2,14.4374,OK,0
2026-07-08 00:31:54,F2,14.4386,OK,0
2026-07-08 00:32:04,F2,14.4397,OK,0
2026-07-08 00:32:15,F2,14.4409,OK,0
2026-07-08 00:32:25,F2,14.4420,OK,0
2026-07-08 00:32:35,F2,14.4431,OK,0
2026-07-08 00:32:46,F2,14.4441,OK,0
2026-07-08 00:32:56,F2,14.4452,OK,0
2026-07-08 00:33:06,F2,14.4463,OK,0
2026-07-08 00:33:17,F2,14.4474,OK,0
2026-07-08 00:33:27,F2,14.4484,OK,0
2026-07-08 00:33:38,F2,14.4495,OK,0
2026-07-08 00:33:48,F2,14.4506,OK,0
2026-07-08 00:33:58,F2,14.4517,OK,0
2026-07-08 00:34:09,F2,14.4529,OK,0
2026-07-08 00:34:19,F2,14.4540,OK,0
2026-07-08 00:34:29,F2,14.4552,OK,0
2026-07-08 00:34:40,F2,14.4565,OK,0
2026-07-08 00:34:50,F2,14.4577,OK,1
2026-07-08 00:35:00,F2,14.4590,OK,0
2026-07-08 00:35:11,F2,14.4603,OK,0
2026-07-08 00:35:21,F2,14.4617,OK,0
2026-07-08 00:35:31,F2,14.4631,OK,0
2026-07-08 00:35:42,F2,14.4645,OK,0
2026-07-08 00:35:52,F2,14.4660,OK,0
2026-07-08 00:36:02,F2,14.4676,OK,0
2026-07-08 00:36:13,F2,14.4692,OK,0
2026-07-08 00:36:23,F2,14.4709,OK,0
2026-07-08 00:36:33,F2,14.4726,OK,0
2026-07-08 00:36:44,F2,14.4744,OK,0
2026-07-08 00:36:54,F2,14.4762,OK,0
2026-07-08 00:37:04,F2,14.4781,OK,0
2026-07-08 00:37:15,F2,14.4801,OK,0
2026-07-08 00:37:25,F2,14.4821,OK,1
2026-07-08 00:37:35,F2,14.4842,OK,1
2026-07-08 00:37:46,F2,14.4864,OK,1
2026-07-08 00:37:56,F2,14.4886,OK,1
2026-07-08 00:38:06,F2,14.4909,OK,1
2026-07-08 00:38:17,F2,14.4933,OK,0
2026-07-08 00:38:27,F2,14.4958,OK,0
2026-07-08 00:38:37,F2,14.4983,OK,0
2026-07-08 00:38:48,F2,14.5009,OK,0
2026-07-08 00:38:58,F2,14.5036,OK,0
2026-07-08 00:39:08,F2,14.5063,OK,0
2026-07-08 00:39:19,F2,14.5091,OK,0
2026-07-08 00:39:29,F2,14.5120,OK,0
2026-07-08 00:39:39,F2,14.5148,OK,0
2026-07-08 00:39:50,F2,14.5178,OK,0
2026-07-08 00:40:00,F2,14.5208,OK,0
2026-07-08 00:40:10,F2,14.5238,OK,0
2026-07-08 00:40:21,F2,14.5269,OK,0
2026-07-08 00:40:31,F2,14.5300,OK,0
2026-07-08 00:40:41,F2,14.5331,OK,0
2026-07-08 00:40:52,F2,14.5362,OK,0
2026-07-08 00:41:02,F2,14.5394,OK,0
2026-07-08 00:41:12,F2,14.5426,OK,0
2026-07-08 00:41:23,F2,14.5458,OK,0
2026-07-08 00:41:33,F2,14.5490,OK,0
2026-07-08 00:41:43,F2,14.5523,OK,0
2026-07-08 00:41:54,F2,14.5555,OK,0
2026-07-08 00:42:04,F2,14.5587,OK,0
2026-07-08 00:42:14,F2,14.5619,OK,0
2026-07-08 00:42:25,F2,14.5652,OK,0
2026-07-08 00:42:35,F2,14.5684,OK,0
2026-07-08 00:42:45,F2,14.5716,OK,0
2026-07-08 00:42:56,F2,14.5747,OK,0
2026-07-08 00:43:06,F2,14.5779,OK,0
2026-07-08 00:43:16,F2,14.5810,OK,0
2026-07-08 00:43:27,F2,14.5841,OK,0
2026-07-08 00:43:37,F2,14.5872,OK,0
2026-07-08 00:43:47,F2,14.5902,OK,0
2026-07-08 00:43:58,F2,14.5933,OK,0
2026-07-08 00:44:08,F2,14.5962,OK,0
2026-07-08 00:44:18,F2,14.5991,OK,0
2026-07-08 00:44:29,F2,14.6020,OK,0
2026-07-08 00:44:39,F2,14.6048,OK,0
2026-07-08 00:44:49,F2,14.6076,OK,0
2026-07-08 00:45:00,F2,14.6103,OK,0
2026-07-08 00:45:10,F2,14.6130,OK,0
2026-07-08 00:45:21,F2,14.6156,OK,0
2026-07-08 00:45:31,F2,14.6181,OK,0
2026-07-08 00:45:41,F2,14.6206,OK,0
2026-07-08 00:45:52,F2,14.6230,OK,0
2026-07-08 00:46:02,F2,14.6254,OK,0
2026-07-08 00:46:12,F2,14.6276,OK,0
2026-07-08 00:46:22,F2,14.6298,OK,1
2026-07-08 00:46:33,F2,14.6319,OK,1
2026-07-08 00:46:43,F2,14.6339,OK,1
2026-07-08 00:46:53,F2,14.6359,OK,1
2026-07-08 00:47:04,F2,14.6377,OK,1
2026-07-08 00:47:14,F2,14.6395,OK,0
2026-07-08 00:47:24,F2,14.6412,OK,0
2026-07-08 00:47:35,F2,14.6427,OK,0
2026-07-08 00:47:45,F2,14.6442,OK,0
2026-07-08 00:47:55,F2,14.6457,OK,0
2026-07-08 00:48:06,F2,14.6470,OK,0
2026-07-08 00:48:16,F2,14.6483,OK,0
2026-07-08 00:48:26,F2,14.6495,OK,0
2026-07-08 00:48:37,F2,14.6506,OK,0
2026-07-08 00:48:47,F2,14.6517,OK,0
2026-07-08 00:48:57,F2,14.6527,OK,0
2026-07-08 00:49:08,F2,14.6537,OK,0
2026-07-08 00:49:18,F2,14.6546,OK,0
2026-07-08 00:49:28,F2,14.6555,OK,0
2026-07-08 00:49:39,F2,14.6563,OK,0
2026-07-08 00:49:49,F2,14.6571,OK,0
2026-07-08 00:50:00,F2,14.6578,OK,0
2026-07-08 00:50:10,F2,14.6585,OK,0
2026-07-08 00:50:20,F2,14.6592,OK,0
2026-07-08 00:50:31,F2,14.6599,OK,0
2026-07-08 00:50:41,F2,14.6606,OK,0
2026-07-08 00:50:51,F2,14.6612,OK,0
2026-07-08 00:51:02,F2,14.6619,OK,0
2026-07-08 00:51:12,F2,14.6625,OK,0
2026-07-08 00:51:22,F2,14.6631,OK,0
2026-07-08 00:51:33,F2,14.6638,OK,0
2026-07-08 00:51:43,F2,14.6644,OK,0
2026-07-08 00:51:53,F2,14.6651,OK,0
2026-07-08 00:52:04,F2,14.6658,OK,0
2026-07-08 00:52:14,F2,14.6665,OK,0
2026-07-08 00:52:24,F2,14.6672,OK,0
2026-07-08 00:52:35,F2,14.6680,OK,0
2026-07-08 00:52:45,F2,14.6688,OK,0
2026-07-08 00:52:55,F2,14.6697,OK,0
2026-07-08 00:53:06,F2,14.6705,OK,0
2026-07-08 00:53:16,F2,14.6715,OK,0
2026-07-08 00:53:26,F2,14.6724,OK,0
2026-07-08 00:53:37,F2,14.6735,OK,0
2026-07-08 00:53:47,F2,14.6746,OK,0
2026-07-08 00:53:57,F2,14.6757,OK,0
2026-07-08 00:54:08,F2,14.6769,OK,0
2026-07-08 00:54:18,F2,14.6782,OK,1
2026-07-08 00:54:28,F2,14.6795,OK,1
2026-07-08 00:54:39,F2,14.6809,OK,1
2026-07-08 00:54:49,F2,14.6824,OK,1
2026-07-08 00:54:59,F2,14.6839,OK,1
2026-07-08 00:55:10,F2,14.6856,OK,0
2026-07-08 00:55:20,F2,14.6873,OK,0
2026-07-08 00:55:30,F2,14.6891,OK,0
2026-07-08 00:55:41,F2,14.6909,OK,0
2026-07-08 00:55:51,F2,14.6928,OK,0
2026-07-08 00:56:01,F2,14.6949,OK,0
2026-07-08 00:56:12,F2,14.6969,OK,0
2026-07-08 00:56:22,F2,14.6990,OK,0
2026-07-08 00:56:32,F2,14.7012,OK,0
2026-07-08 00:56:43,F2,14.7035,OK,0
2026-07-08 00:56:53,F2,14.7058,OK,0
2026-07-08 00:57:03,F2,14.7081,OK,0
2026-07-08 00:57:14,F2,14.7105,OK,0
2026-07-08 00:57:24,F2,14.7130,OK,0
2026-07-08 00:57:34,F2,14.7154,OK,0
2026-07-08 00:57:45,F2,14.7179,OK,0
2026-07-08 00:57:55,F2,14.7204,OK,0
2026-07-08 00:58:05,F2,14.7230,OK,0
2026-07-08 00:58:16,F2,14.7256,OK,0
2026-07-08 00:58:26,F2,14.7281,OK,0
2026-07-08 00:58:36,F2,14.7307,OK,0
2026-07-08 00:58:47,F2,14.7333,OK,0
2026-07-08 00:58:57,F2,14.7359,OK,0
2026-07-08 00:59:07,F2,14.7386,OK,0
2026-07-08 00:59:18,F2,14.7412,OK,0
2026-07-08 00:59:28,F2,14.7437,OK,0
2026-07-08 00:59:38,F2,14.7463,OK,0
2026-07-08 00:59:49,F2,14.7489,OK,0
2026-07-08 00:59:59,F2,14.7514,OK,0
2026-07-08 01:00:09,F2,14.7540,OK,0
2026-07-08 01:00:20,F2,14.7565,OK,0
2026-07-08 01:00:30,F2,14.7589,OK,0
2026-07-08 01:00:40,F2,14.7614,OK,0
2026-07-08 01:00:51,F2,14.7638,OK,0
2026-07-08 01:01:01,F2,14.7662,OK,0
2026-07-08 01:01:11,F2,14.7685,OK,0
2026-07-08 01:01:22,F2,14.7708,OK,0
2026-07-08 01:01:32,F2,14.7730,OK,0
2026-07-08 01:01:42,F2,14.7752,OK,0
2026-07-08 01:01:53,F2,14.7773,OK,0
2026-07-08 01:02:03,F2,14.7794,OK,0
2026-07-08 01:02:13,F2,14.7814,OK,0
2026-07-08 01:02:24,F2,14.7834,OK,0
2026-07-08 01:02:34,F2,14.7853,OK,0
2026-07-08 01:02:44,F2,14.7872,OK,0
2026-07-08 01:02:55,F2,14.7889,OK,1
2026-07-08 01:03:05,F2,14.7907,OK,0
2026-07-08 01:03:15,F2,14.7923,OK,1
2026-07-08 01:03:26,F2,14.7939,OK,1
2026-07-08 01:03:36,F2,14.7954,OK,0
2026-07-08 01:03:46,F2,14.7969,OK,0
2026-07-08 01:03:57,F2,14.7983,OK,0
2026-07-08 01:04:07,F2,14.7996,OK,0
2026-07-08 01:04:17,F2,14.8009,OK,0
2026-07-08 01:04:28,F2,14.8021,OK,0
2026-07-08 01:04:38,F2,14.8033,OK,0
2026-07-08 01:04:48,F2,14.8044,OK,0
2026-07-08 01:04:59,F2,14.8055,OK,0
2026-07-08 01:05:09,F2,14.8065,OK,0
2026-07-08 01:05:19,F2,14.8075,OK,0
2026-07-08 01:05:30,F2,14.8084,OK,0
2026-07-08 01:05:40,F2,14.8094,OK,0
2026-07-08 01:05:50,F2,14.8103,OK,0
2026-07-08 01:06:01,F2,14.8111,OK,0
2026-07-08 01:06:11,F2,14.8120,OK,0
2026-07-08 01:06:21,F2,14.8129,OK,0
2026-07-08 01:06:32,F2,14.8137,OK,0
2026-07-08 01:06:42,F2,14.8145,OK,0
2026-07-08 01:06:52,F2,14.8154,OK,0
2026-07-08 01:07:03,F2,14.8162,OK,0
2026-07-08 01:07:13,F2,14.8171,OK,0
2026-07-08 01:07:23,F2,14.8180,OK,0
2026-07-08 01:07:34,F2,14.8189,OK,0
2026-07-08 01:07:44,F2,14.8198,OK,0
2026-07-08 01:07:54,F2,14.8207,OK,0
2026-07-08 01:08:05,F2,14.8217,OK,0
2026-07-08 01:08:15,F2,14.8227,OK,0
2026-07-08 01:08:25,F2,14.8238,OK,0
2026-07-08 01:08:36,F2,14.8249,OK,0
2026-07-08 01:08:46,F2,14.8260,OK,0
2026-07-08 01:08:56,F2,14.8272,OK,0
2026-07-08 01:09:07,F2,14.8285,OK,0
2026-07-08 01:09:17,F2,14.8298,OK,0
2026-07-08 01:09:27,F2,14.8312,OK,0
2026-07-08 01:09:38,F2,14.8326,OK,0
2026-07-08 01:09:48,F2,14.8341,OK,0
2026-07-08 01:09:58,F2,14.8357,OK,0
2026-07-08 01:10:09,F2,14.8374,OK,0
2026-07-08 01:10:19,F2,14.8391,OK,0
2026-07-08 01:10:29,F2,14.8410,OK,0
2026-07-08 01:10:40,F2,14.8429,OK,1
2026-07-08 01:10:50,F2,14.8449,OK,1
2026-07-08 01:11:00,F2,14.8470,OK,1
2026-07-08 01:11:11,F2,14.8492,OK,1
2026-07-08 01:11:21,F2,14.8515,OK,0
2026-07-08 01:11:31,F2,14.8539,OK,0
2026-07-08 01:11:42,F2,14.8564,OK,0
2026-07-08 01:11:52,F2,14.8590,OK,0
2026-07-08 01:12:02,F2,14.8617,OK,0
2026-07-08 01:12:13,F2,14.8645,OK,0
2026-07-08 01:12:23,F2,14.8674,OK,0
2026-07-08 01:12:33,F2,14.8704,OK,0
2026-07-08 01:12:44,F2,14.8735,OK,0
2026-07-08 01:12:54,F2,14.8766,OK,0
2026-07-08 01:13:04,F2,14.8798,OK,0
2026-07-08 01:13:15,F2,14.8831,OK,0
2026-07-08 01:13:25,F2,14.8864,OK,0
2026-07-08 01:13:35,F2,14.8899,OK,0
2026-07-08 01:13:46,F2,14.8933,OK,0
2026-07-08 01:13:56,F2,14.8969,OK,0
2026-07-08 01:14:06,F2,14.9005,OK,0
2026-07-08 01:14:17,F2,14.9041,OK,0
2026-07-08 01:14:27,F2,14.9078,OK,0
2026-07-08 01:14:37,F2,14.9115,OK,0
2026-07-08 01:14:48,F2,14.9152,OK,0
2026-07-08 01:14:58,F2,14.9190,OK,0
2026-07-08 01:15:08,F2,14.9228,OK,0
2026-07-08 01:15:19,F2,14.9266,OK,0
2026-07-08 01:15:29,F2,14.9304,OK,0
2026-07-08 01:15:39,F2,14.9343,OK,0
2026-07-08 01:15:50,F2,14.9382,OK,0
2026-07-08 01:16:00,F2,14.9420,OK,0
2026-07-08 01:16:10,F2,14.9459,OK,0
2026-07-08 01:16:21,F2,14.9498,OK,0
2026-07-08 01:16:31,F2,14.9536,OK,0
2026-07-08 01:16:41,F2,14.9575,OK,0
2026-07-08 01:16:52,F2,14.9613,OK,0
2026-07-08 01:17:02,F2,14.9651,OK,0
2026-07-08 01:17:12,F2,14.9690,OK,0
2026-07-08 01:17:23,F2,14.9727,OK,0
2026-07-08 01:17:33,F2,14.9765,OK,0
2026-07-08 01:17:43,F2,14.9802,OK,0
2026-07-08 01:17:54,F2,14.9839,OK,0
2026-07-08 01:18:04,F2,14.9876,OK,0
2026-07-08 01:18:14,F2,14.9912,OK,0
2026-07-08 01:18:25,F2,14.9948,OK,1
2026-07-08 01:18:35,F2,14.9983,OK,1
2026-07-08 01:18:45,F2,15.0018,OK,1
2026-07-08 01:18:56,F2,15.0052,OK,1
2026-07-08 01:19:06,F2,15.0086,OK,1
2026-07-08 01:19:16,F2,15.0120,OK,1
2026-07-08 01:19:27,F2,15.0152,OK,0
2026-07-08 01:19:37,F2,15.0184,OK,0
2026-07-08 01:19:47,F2,15.0216,OK,0
2026-07-08 01:19:58,F2,15.0247,OK,0
2026-07-08 01:20:08,F2,15.0278,OK,0
2026-07-08 01:20:18,F2,15.0308,OK,0
2026-07-08 01:20:29,F2,15.0337,OK,0
2026-07-08 01:20:39,F2,15.0366,OK,0
2026-07-08 01:20:49,F2,15.0395,OK,0
2026-07-08 01:21:00,F2,15.0423,OK,0
2026-07-08 01:21:10,F2,15.0451,OK,0
2026-07-08 01:21:20,F2,15.0479,OK,0
2026-07-08 01:21:31,F2,15.0506,OK,0
2026-07-08 01:21:41,F2,15.0534,OK,0
2026-07-08 01:21:51,F2,15.0560,OK,0
2026-07-08 01:22:02,F2,15.0587,OK,0
2026-07-08 01:22:12,F2,15.0614,OK,0
2026-07-08 01:22:22,F2,15.0640,OK,0
2026-07-08 01:22:33,F2,15.0666,OK,0
2026-07-08 01:22:43,F2,15.0693,OK,0
2026-07-08 01:22:53,F2,15.0719,OK,0
2026-07-08 01:23:04,F2,15.0745,OK,0
2026-07-08 01:23:14,F2,15.0772,OK,0
2026-07-08 01:23:24,F2,15.0798,OK,0
2026-07-08 01:23:35,F2,15.0825,OK,0
2026-07-08 01:23:45,F2,15.0851,OK,0
2026-07-08 01:23:55,F2,15.0878,OK,1
2026-07-08 01:24:06,F2,15.0905,OK,0
2026-07-08 01:24:16,F2,15.0933,OK,0
2026-07-08 01:24:26,F2,15.0960,OK,0
2026-07-08 01:24:37,F2,15.0988,OK,0
2026-07-08 01:24:47,F2,15.1016,OK,0
2026-07-08 01:24:57,F2,15.1045,OK,0
2026-07-08 01:25:08,F2,15.1074,OK,0
2026-07-08 01:25:18,F2,15.1103,OK,0
2026-07-08 01:25:28,F2,15.1133,OK,0
2026-07-08 01:25:39,F2,15.1163,OK,0
2026-07-08 01:25:49,F2,15.1194,OK,0
2026-07-08 01:25:59,F2,15.1226,OK,0
2026-07-08 01:26:10,F2,15.1258,OK,0
2026-07-08 01:26:20,F2,15.1290,OK,0
2026-07-08 01:26:30,F2,15.1324,OK,0
2026-07-08 01:26:41,F2,15.1358,OK,0
2026-07-08 01:26:51,F2,15.1392,OK,0
2026-07-08 01:27:01,F2,15.1427,OK,1
2026-07-08 01:27:12,F2,15.1463,OK,1
2026-07-08 01:27:22,F2,15.1500,OK,0
2026-07-08 01:27:33,F2,15.1537,OK,0
2026-07-08 01:27:43,F2,15.1575,OK,0
2026-07-08 01:27:53,F2,15.1614,OK,0
2026-07-08 01:28:04,F2,15.1653,OK,0
2026-07-08 01:28:14,F2,15.1693,OK,0
2026-07-08 01:28:24,F2,15.1733,OK,0
2026-07-08 01:28:35,F2,15.1774,OK,0
2026-07-08 01:28:45,F2,15.1815,OK,0
2026-07-08 01:28:55,F2,15.1857,OK,0
2026-07-08 01:29:06,F2,15.1900,OK,0
2026-07-08 01:29:16,F2,15.1942,OK,0
2026-07-08 01:29:26,F2,15.1985,OK,0
2026-07-08 01:29:37,F2,15.2028,OK,0
2026-07-08 01:29:47,F2,15.2071,OK,0
2026-07-08 01:29:57,F2,15.2115,OK,0
2026-07-08 01:30:08,F2,15.2159,OK,0
2026-07-08 01:30:18,F2,15.2202,OK,0
2026-07-08 01:30:28,F2,15.2246,OK,0
2026-07-08 01:30:39,F2,15.2290,OK,0
2026-07-08 01:30:49,F2,15.2333,OK,0
2026-07-08 01:30:59,F2,15.2377,OK,0
2026-07-08 01:31:10,F2,15.2420,OK,0
2026-07-08 01:31:20,F2,15.2463,OK,0
2026-07-08 01:31:30,F2,15.2506,OK,0
2026-07-08 01:31:41,F2,15.2549,OK,0
2026-07-08 01:31:51,F2,15.2591,OK,0
2026-07-08 01:32:01,F2,15.2633,OK,0
2026-07-08 01:32:12,F2,15.2675,OK,0
2026-07-08 01:32:22,F2,15.2716,OK,0
2026-07-08 01:32:32,F2,15.2757,OK,0
2026-07-08 01:32:43,F2,15.2798,OK,0
2026-07-08 01:32:53,F2,15.2838,OK,0
2026-07-08 01:33:03,F2,15.2877,OK,0
2026-07-08 01:33:14,F2,15.2916,OK,0
2026-07-08 01:33:24,F2,15.2954,OK,0
2026-07-08 01:33:34,F2,15.2992,OK,0
2026-07-08 01:33:45,F2,15.3029,OK,0
2026-07-08 01:33:55,F2,15.3065,OK,1
2026-07-08 01:34:05,F2,15.3101,OK,1
2026-07-08 01:34:16,F2,15.3136,OK,1
2026-07-08 01:34:26,F2,15.3170,OK,1
2026-07-08 01:34:36,F2,15.3203,OK,1
2026-07-08 01:34:47,F2,15.3236,OK,1
2026-07-08 01:34:57,F2,15.3268,OK,0
2026-07-08 01:35:07,F2,15.3299,OK,0
2026-07-08 01:35:18,F2,15.3329,OK,0
2026-07-08 01:35:28,F2,15.3359,OK,0
2026-07-08 01:35:38,F2,15.3387,OK,0
2026-07-08 01:35:49,F2,15.3416,OK,0
2026-07-08 01:35:59,F2,15.3443,OK,0
2026-07-08 01:36:09,F2,15.3470,OK,0
2026-07-08 01:36:20,F2,15.3496,OK,0
2026-07-08 01:36:30,F2,15.3521,OK,0
2026-07-08 01:36:40,F2,15.3546,OK,0
2026-07-08 01:36:51,F2,15.3571,OK,0
2026-07-08 01:37:01,F2,15.3595,OK,0
2026-07-08 01:37:11,F2,15.3618,OK,0
2026-07-08 01:37:22,F2,15.3642,OK,0
2026-07-08 01:37:32,F2,15.3664,OK,0
2026-07-08 01:37:42,F2,15.3687,OK,0
2026-07-08 01:37:53,F2,15.3709,OK,0
2026-07-08 01:38:03,F2,15.3731,OK,0
2026-07-08 01:38:13,F2,15.3753,OK,0
2026-07-08 01:38:24,F2,15.3774,OK,0
2026-07-08 01:38:34,F2,15.3796,OK,0
2026-07-08 01:38:44,F2,15.3817,OK,0
2026-07-08 01:38:55,F2,15.3838,OK,0
2026-07-08 01:39:05,F2,15.3860,OK,0
2026-07-08 01:39:15,F2,15.3881,OK,0
2026-07-08 01:39:26,F2,15.3902,OK,0
2026-07-08 01:39:36,F2,15.3924,OK,0
2026-07-08 01:39:46,F2,15.3945,OK,0
2026-07-08 01:39:57,F2,15.3967,OK,0
2026-07-08 01:40:07,F2,15.3989,OK,0
2026-07-08 01:40:17,F2,15.4011,OK,0
2026-07-08 01:40:28,F2,15.4033,OK,0
2026-07-08 01:40:38,F2,15.4056,OK,0
2026-07-08 01:40:48,F2,15.4079,OK,0
2026-07-08 01:40:59,F2,15.4102,OK,0
2026-07-08 01:41:09,F2,15.4126,OK,0
2026-07-08 01:41:19,F2,15.4150,OK,0
2026-07-08 01:41:30,F2,15.4175,OK,0
2026-07-08 01:41:40,F2,15.4200,OK,1
2026-07-08 01:41:50,F2,15.4225,OK,1
2026-07-08 01:42:01,F2,15.4251,OK,1
2026-07-08 01:42:11,F2,15.4278,OK,1
2026-07-08 01:42:21,F2,15.4305,OK,1
2026-07-08 01:42:32,F2,15.4333,OK,1
2026-07-08 01:42:42,F2,15.4361,OK,0
2026-07-08 01:42:52,F2,15.4390,OK,0
2026-07-08 01:43:03,F2,15.4420,OK,0
2026-07-08 01:43:13,F2,15.4450,OK,0
2026-07-08 01:43:23,F2,15.4481,OK,0
2026-07-08 01:43:34,F2,15.4512,OK,0
2026-07-08 01:43:44,F2,15.4543,OK,0
2026-07-08 01:43:54,F2,15.4575,OK,0
2026-07-08 01:44:05,F2,15.4607,OK,0
2026-07-08 01:44:15,F2,15.4640,OK,0
2026-07-08 01:44:25,F2,15.4673,OK,0
2026-07-08 01:44:36,F2,15.4706,OK,0
2026-07-08 01:44:46,F2,15.4739,OK,0
2026-07-08 01:44:56,F2,15.4773,OK,0
2026-07-08 01:45:07,F2,15.4806,OK,0
2026-07-08 01:45:17,F2,15.4840,OK,0
2026-07-08 01:45:27,F2,15.4874,OK,0
2026-07-08 01:45:38,F2,15.4907,OK,0
2026-07-08 01:45:48,F2,15.4941,OK,0
2026-07-08 01:45:58,F2,15.4975,OK,0
2026-07-08 01:46:09,F2,15.5008,OK,0
2026-07-08 01:46:19,F2,15.5042,OK,0
2026-07-08 01:46:29,F2,15.5075,OK,0
2026-07-08 01:46:40,F2,15.5108,OK,0
2026-07-08 01:46:50,F2,15.5141,OK,0
2026-07-08 01:47:00,F2,15.5174,OK,0
2026-07-08 01:47:11,F2,15.5206,OK,0
2026-07-08 01:47:21,F2,15.5239,OK,0
2026-07-08 01:47:31,F2,15.5270,OK,0
2026-07-08 01:47:42,F2,15.5302,OK,0
2026-07-08 01:47:52,F2,15.5333,OK,0
2026-07-08 01:48:02,F2,15.5364,OK,0
2026-07-08 01:48:13,F2,15.5394,OK,0
2026-07-08 01:48:23,F2,15.5424,OK,0
2026-07-08 01:48:33,F2,15.5453,OK,0
2026-07-08 01:48:44,F2,15.5482,OK,0
2026-07-08 01:48:54,F2,15.5510,OK,0
2026-07-08 01:49:04,F2,15.5538,OK,0
2026-07-08 01:49:15,F2,15.5565,OK,0
2026-07-08 01:49:25,F2,15.5592,OK,0
2026-07-08 01:49:35,F2,15.5618,OK,0
2026-07-08 01:49:46,F2,15.5643,OK,0
2026-07-08 01:49:56,F2,15.5668,OK,0
2026-07-08 01:50:06,F2,15.5692,OK,1
2026-07-08 01:50:17,F2,15.5715,OK,1
2026-07-08 01:50:27,F2,15.5738,OK,1
2026-07-08 01:50:37,F2,15.5760,OK,1
2026-07-08 01:50:48,F2,15.5781,OK,1
2026-07-08 01:50:58,F2,15.5802,OK,0
2026-07-08 01:51:08,F2,15.5821,OK,0
2026-07-08 01:51:19,F2,15.5840,OK,0
2026-07-08 01:51:29,F2,15.5859,OK,0
2026-07-08 01:51:39,F2,15.5876,OK,0
2026-07-08 01:51:50,F2,15.5893,OK,0
2026-07-08 01:52:00,F2,15.5910,OK,0
2026-07-08 01:52:10,F2,15.5926,OK,0
2026-07-08 01:52:21,F2,15.5941,OK,0
2026-07-08 01:52:31,F2,15.5956,OK,0
2026-07-08 01:52:42,F2,15.5970,OK,0
2026-07-08 01:52:52,F2,15.5985,OK,0
2026-07-08 01:53:02,F2,15.5998,OK,0
2026-07-08 01:53:13,F2,15.6012,OK,0
2026-07-08 01:53:23,F2,15.6025,OK,0
2026-07-08 01:53:33,F2,15.6038,OK,0
2026-07-08 01:53:44,F2,15.6051,OK,0
2026-07-08 01:53:54,F2,15.6064,OK,0
2026-07-08 01:54:04,F2,15.6077,OK,0
2026-07-08 01:54:15,F2,15.6090,OK,0
2026-07-08 01:54:25,F2,15.6103,OK,0
2026-07-08 01:54:35,F2,15.6116,OK,0
2026-07-08 01:54:46,F2,15.6129,OK,0
2026-07-08 01:54:56,F2,15.6142,OK,0
2026-07-08 01:55:06,F2,15.6156,OK,0
2026-07-08 01:55:17,F2,15.6169,OK,0
2026-07-08 01:55:27,F2,15.6183,OK,0
2026-07-08 01:55:37,F2,15.6197,OK,0
2026-07-08 01:55:48,F2,15.6212,OK,0
2026-07-08 01:55:58,F2,15.6226,OK,0
2026-07-08 01:56:08,F2,15.6242,OK,0
2026-07-08 01:56:19,F2,15.6257,OK,0
2026-07-08 01:56:29,F2,15.6273,OK,0
2026-07-08 01:56:39,F2,15.6290,OK,0
2026-07-08 01:56:50,F2,15.6307,OK,0
2026-07-08 01:57:00,F2,15.6324,OK,0
2026-07-08 01:57:10,F2,15.6342,OK,0
2026-07-08 01:57:21,F2,15.6361,OK,0
2026-07-08 01:57:31,F2,15.6380,OK,0
2026-07-08 01:57:41,F2,15.6399,OK,0
2026-07-08 01:57:52,F2,15.6420,OK,1
2026-07-08 01:58:02,F2,15.6441,OK,1
2026-07-08 01:58:12,F2,15.6462,OK,1
2026-07-08 01:58:23,F2,15.6485,OK,1
2026-07-08 01:58:33,F2,15.6508,OK,1
2026-07-08 01:58:43,F2,15.6532,OK,0
2026-07-08 01:58:54,F2,15.6556,OK,0
2026-07-08 01:59:04,F2,15.6581,OK,0
2026-07-08 01:59:14,F2,15.6607,OK,0
2026-07-08 01:59:25,F2,15.6633,OK,0
2026-07-08 01:59:35,F2,15.6660,OK,0
2026-07-08 01:59:45,F2,15.6687,OK,0
2026-07-08 01:59:56,F2,15.6715,OK,0
2026-07-08 02:00:06,F2,15.6743,OK,0
2026-07-08 02:00:16,F2,15.6772,OK,0
2026-07-08 02:00:27,F2,15.6801,OK,0
2026-07-08 02:00:37,F2,15.6830,OK,0
2026-07-08 02:00:47,F2,15.6859,OK,0
2026-07-08 02:00:58,F2,15.6889,OK,0
2026-07-08 02:01:08,F2,15.6919,OK,0
2026-07-08 02:01:18,F2,15.6949,OK,0
2026-07-08 02:01:29,F2,15.6979,OK,0
2026-07-08 02:01:39,F2,15.7010,OK,0
2026-07-08 02:01:49,F2,15.7040,OK,0
2026-07-08 02:02:00,F2,15.7070,OK,0
2026-07-08 02:02:10,F2,15.7100,OK,0
2026-07-08 02:02:20,F2,15.7131,OK,0
2026-07-08 02:02:31,F2,15.7161,OK,0
2026-07-08 02:02:41,F2,15.7191,OK,0
2026-07-08 02:02:52,F2,15.7221,OK,0
2026-07-08 02:03:02,F2,15.7251,OK,0
2026-07-08 02:03:12,F2,15.7280,OK,0
2026-07-08 02:03:23,F2,15.7309,OK,0
2026-07-08 02:03:33,F2,15.7339,OK,0
2026-07-08 02:03:43,F2,15.7367,OK,0
2026-07-08 02:03:54,F2,15.7396,OK,0
2026-07-08 02:04:04,F2,15.7424,OK,0
2026-07-08 02:04:14,F2,15.7452,OK,0
2026-07-08 02:04:25,F2,15.7480,OK,0
2026-07-08 02:04:35,F2,15.7507,OK,0
2026-07-08 02:04:45,F2,15.7534,OK,0
2026-07-08 02:04:56,F2,15.7560,OK,0
2026-07-08 02:05:06,F2,15.7586,OK,0
2026-07-08 02:05:16,F2,15.7611,OK,0
2026-07-08 02:05:27,F2,15.7636,OK,0
2026-07-08 02:05:37,F2,15.7660,OK,0
2026-07-08 02:05:47,F2,15.7684,OK,1
2026-07-08 02:05:58,F2,15.7707,OK,1
2026-07-08 02:06:08,F2,15.7730,OK,1
2026-07-08 02:06:18,F2,15.7752,OK,0
2026-07-08 02:06:29,F2,15.7773,OK,1
2026-07-08 02:06:39,F2,15.7794,OK,0
2026-07-08 02:06:49,F2,15.7814,OK,0
2026-07-08 02:07:00,F2,15.7834,OK,0
2026-07-08 02:07:10,F2,15.7853,OK,0
2026-07-08 02:07:20,F2,15.7871,OK,0
2026-07-08 02:07:31,F2,15.7889,OK,0
2026-07-08 02:07:41,F2,15.7907,OK,0
2026-07-08 02:07:51,F2,15.7924,OK,0
2026-07-08 02:08:02,F2,15.7940,OK,0
2026-07-08 02:08:12,F2,15.7956,OK,0
2026-07-08 02:08:22,F2,15.7972,OK,0
2026-07-08 02:08:33,F2,15.7988,OK,0
2026-07-08 02:08:43,F2,15.8003,OK,0
2026-07-08 02:08:53,F2,15.8018,OK,0
2026-07-08 02:09:04,F2,15.8033,OK,0
2026-07-08 02:09:14,F2,15.8048,OK,0
2026-07-08 02:09:24,F2,15.8063,OK,0
2026-07-08 02:09:35,F2,15.8078,OK,0
2026-07-08 02:09:45,F2,15.8093,OK,0
2026-07-08 02:09:55,F2,15.8108,OK,0
2026-07-08 02:10:06,F2,15.8123,OK,0
2026-07-08 02:10:16,F2,15.8138,OK,0
2026-07-08 02:10:26,F2,15.8154,OK,0
2026-07-08 02:10:37,F2,15.8169,OK,0
2026-07-08 02:10:47,F2,15.8185,OK,0
2026-07-08 02:10:57,F2,15.8202,OK,0
2026-07-08 02:11:08,F2,15.8218,OK,0
2026-07-08 02:11:18,F2,15.8235,OK,0
2026-07-08 02:11:28,F2,15.8253,OK,0
2026-07-08 02:11:39,F2,15.8270,OK,0
2026-07-08 02:11:49,F2,15.8289,OK,0
2026-07-08 02:11:59,F2,15.8308,OK,0
2026-07-08 02:12:10,F2,15.8327,OK,0
2026-07-08 02:12:20,F2,15.8347,OK,0
2026-07-08 02:12:30,F2,15.8367,OK,0
2026-07-08 02:12:41,F2,15.8388,OK,0
2026-07-08 02:12:51,F2,15.8410,OK,0
2026-07-08 02:13:01,F2,15.8433,OK,0
2026-07-08 02:13:12,F2,15.8456,OK,1
2026-07-08 02:13:22,F2,15.8480,OK,1
2026-07-08 02:13:32,F2,15.8504,OK,0
2026-07-08 02:13:43,F2,15.8530,OK,1
2026-07-08 02:13:53,F2,15.8556,OK,0
2026-07-08 02:14:03,F2,15.8583,OK,0
2026-07-08 02:14:14,F2,15.8610,OK,0
2026-07-08 02:14:24,F2,15.8639,OK,0
2026-07-08 02:14:34,F2,15.8668,OK,0
2026-07-08 02:14:45,F2,15.8697,OK,0
2026-07-08 02:14:55,F2,15.8727,OK,0
2026-07-08 02:15:05,F2,15.8758,OK,0
2026-07-08 02:15:16,F2,15.8790,OK,0
2026-07-08 02:15:26,F2,15.8821,OK,0
2026-07-08 02:15:36,F2,15.8854,OK,0
2026-07-08 02:15:47,F2,15.8887,OK,0
2026-07-08 02:15:57,F2,15.8920,OK,0
2026-07-08 02:16:07,F2,15.8953,OK,0
2026-07-08 02:16:18,F2,15.8987,OK,0
2026-07-08 02:16:28,F2,15.9021,OK,0
2026-07-08 02:16:38,F2,15.9055,OK,0
2026-07-08 02:16:49,F2,15.9090,OK,0
2026-07-08 02:16:59,F2,15.9124,OK,0
2026-07-08 02:17:09,F2,15.9159,OK,0
2026-07-08 02:17:20,F2,15.9194,OK,0
2026-07-08 02:17:30,F2,15.9229,OK,0
2026-07-08 02:17:40,F2,15.9263,OK,0
2026-07-08 02:17:51,F2,15.9298,OK,0
2026-07-08 02:18:01,F2,15.9333,OK,0
2026-07-08 02:18:11,F2,15.9367,OK,0
2026-07-08 02:18:22,F2,15.9402,OK,0
2026-07-08 02:18:32,F2,15.9436,OK,0
2026-07-08 02:18:42,F2,15.9470,OK,0
2026-07-08 02:18:53,F2,15.9504,OK,0
2026-07-08 02:19:03,F2,15.9537,OK,0
2026-07-08 02:19:13,F2,15.9571,OK,0
2026-07-08 02:19:24,F2,15.9603,OK,0
2026-07-08 02:19:34,F2,15.9636,OK,0
2026-07-08 02:19:44,F2,15.9668,OK,0
2026-07-08 02:19:55,F2,15.9700,OK,0
2026-07-08 02:20:05,F2,15.9732,OK,0
2026-07-08 02:20:15,F2,15.9763,OK,0
2026-07-08 02:20:26,F2,15.9793,OK,0
2026-07-08 02:20:36,F2,15.9823,OK,0
2026-07-08 02:20:46,F2,15.9853,OK,1
2026-07-08 02:20:57,F2,15.9882,OK,1
2026-07-08 02:21:07,F2,15.9910,OK,1
2026-07-08 02:21:17,F2,15.9938,OK,1
2026-07-08 02:21:28,F2,15.9966,OK,1
2026-07-08 02:21:38,F2,15.9992,OK,0
2026-07-08 02:21:48,F2,16.0018,OK,0
2026-07-08 02:21:59,F2,16.0044,OK,0
2026-07-08 02:22:09,F2,16.0069,OK,0
2026-07-08 02:22:19,F2,16.0093,OK,0
2026-07-08 02:22:30,F2,16.0117,OK,0
2026-07-08 02:22:40,F2,16.0140,OK,0
2026-07-08 02:22:51,F2,16.0163,OK,0
2026-07-08 02:23:01,F2,16.0185,OK,0
2026-07-08 02:23:11,F2,16.0207,OK,0
2026-07-08 02:23:22,F2,16.0229,OK,0
2026-07-08 02:23:32,F2,16.0250,OK,0
2026-07-08 02:23:42,F2,16.0271,OK,0
2026-07-08 02:23:53,F2,16.0292,OK,0
2026-07-08 02:24:03,F2,16.0313,OK,0
2026-07-08 02:24:13,F2,16.0333,OK,0
2026-07-08 02:24:24,F2,16.0354,OK,0
2026-07-08 02:24:34,F2,16.0374,OK,0
2026-07-08 02:24:44,F2,16.0394,OK,0
2026-07-08 02:24:55,F2,16.0414,OK,0
2026-07-08 02:25:05,F2,16.0434,OK,0
2026-07-08 02:25:15,F2,16.0455,OK,0
2026-07-08 02:25:26,F2,16.0475,OK,0
2026-07-08 02:25:36,F2,16.0496,OK,0
2026-07-08 02:25:46,F2,16.0516,OK,0
2026-07-08 02:25:57,F2,16.0537,OK,0
2026-07-08 02:26:07,F2,16.0558,OK,0
2026-07-08 02:26:17,F2,16.0580,OK,0
2026-07-08 02:26:28,F2,16.0601,OK,0
2026-07-08 02:26:38,F2,16.0623,OK,0
2026-07-08 02:26:48,F2,16.0646,OK,0
2026-07-08 02:26:59,F2,16.0668,OK,0
2026-07-08 02:27:09,F2,16.0691,OK,0
2026-07-08 02:27:19,F2,16.0715,OK,0
2026-07-08 02:27:30,F2,16.0739,OK,0
2026-07-08 02:27:40,F2,16.0763,OK,0
2026-07-08 02:27:50,F2,16.0788,OK,0
2026-07-08 02:28:01,F2,16.0813,OK,1
2026-07-08 02:28:11,F2,16.0839,OK,1
2026-07-08 02:28:21,F2,16.0866,OK,1
2026-07-08 02:28:32,F2,16.0893,OK,1
2026-07-08 02:28:42,F2,16.0920,OK,1
2026-07-08 02:28:52,F2,16.0949,OK,0
2026-07-08 02:29:03,F2,16.0978,OK,0
2026-07-08 02:29:13,F2,16.1007,OK,0
2026-07-08 02:29:23,F2,16.1037,OK,0
2026-07-08 02:29:34,F2,16.1068,OK,0
2026-07-08 02:29:44,F2,16.1099,OK,0
2026-07-08 02:29:54,F2,16.1130,OK,0
2026-07-08 02:30:05,F2,16.1162,OK,0
2026-07-08 02:30:15,F2,16.1194,OK,0
2026-07-08 02:30:25,F2,16.1227,OK,0
2026-07-08 02:30:36,F2,16.1260,OK,0
2026-07-08 02:30:46,F2,16.1293,OK,0
2026-07-08 02:30:57,F2,16.1326,OK,0
2026-07-08 02:31:07,F2,16.1360,OK,0
2026-07-08 02:31:17,F2,16.1393,OK,0
2026-07-08 02:31:28,F2,16.1427,OK,0
2026-07-08 02:31:38,F2,16.1461,OK,0
2026-07-08 02:31:48,F2,16.1495,OK,0
2026-07-08 02:31:59,F2,16.1528,OK,0
2026-07-08 02:32:09,F2,16.1562,OK,0
2026-07-08 02:32:19,F2,16.1596,OK,0
2026-07-08 02:32:30,F2,16.1630,OK,0
2026-07-08 02:32:40,F2,16.1663,OK,0
2026-07-08 02:32:50,F2,16.1697,OK,0
2026-07-08 02:33:01,F2,16.1730,OK,0
2026-07-08 02:33:11,F2,16.1763,OK,0
2026-07-08 02:33:21,F2,16.1796,OK,0
2026-07-08 02:33:32,F2,16.1828,OK,0
2026-07-08 02:33:42,F2,16.1861,OK,0
2026-07-08 02:33:52,F2,16.1893,OK,0
2026-07-08 02:34:03,F2,16.1924,OK,0
2026-07-08 02:34:13,F2,16.1956,OK,0
2026-07-08 02:34:23,F2,16.1987,OK,0
2026-07-08 02:34:34,F2,16.2017,OK,0
2026-07-08 02:34:44,F2,16.2047,OK,1
2026-07-08 02:34:54,F2,16.2077,OK,0
2026-07-08 02:35:05,F2,16.2106,OK,0
2026-07-08 02:35:15,F2,16.2135,OK,0
2026-07-08 02:35:25,F2,16.2163,OK,0
2026-07-08 02:35:36,F2,16.2191,OK,0
2026-07-08 02:35:46,F2,16.2218,OK,0
2026-07-08 02:35:56,F2,16.2245,OK,0
2026-07-08 02:36:07,F2,16.2271,OK,0
2026-07-08 02:36:17,F2,16.2297,OK,0
2026-07-08 02:36:27,F2,16.2321,OK,0
2026-07-08 02:36:38,F2,16.2345,OK,0
2026-07-08 02:36:48,F2,16.2369,OK,0
2026-07-08 02:36:58,F2,16.2392,OK,0
2026-07-08 02:37:09,F2,16.2414,OK,0
2026-07-08 02:37:19,F2,16.2435,OK,1
2026-07-08 02:37:29,F2,16.2456,OK,1
2026-07-08 02:37:40,F2,16.2475,OK,1
2026-07-08 02:37:50,F2,16.2494,OK,1
2026-07-08 02:38:00,F2,16.2513,OK,1
2026-07-08 02:38:11,F2,16.2530,OK,0
2026-07-08 02:38:21,F2,16.2547,OK,0
2026-07-08 02:38:31,F2,16.2563,OK,0
2026-07-08 02:38:42,F2,16.2578,OK,0
2026-07-08 02:38:52,F2,16.2592,OK,0
2026-07-08 02:39:02,F2,16.2606,OK,0
2026-07-08 02:39:13,F2,16.2619,OK,0
2026-07-08 02:39:23,F2,16.2632,OK,0
2026-07-08 02:39:33,F2,16.2644,OK,0
2026-07-08 02:39:44,F2,16.2656,OK,0
2026-07-08 02:39:54,F2,16.2667,OK,0
2026-07-08 02:40:04,F2,16.2677,OK,0
2026-07-08 02:40:15,F2,16.2687,OK,0
2026-07-08 02:40:25,F2,16.2697,OK,0
2026-07-08 02:40:35,F2,16.2707,OK,0
2026-07-08 02:40:46,F2,16.2716,OK,0
2026-07-08 02:40:56,F2,16.2726,OK,0
2026-07-08 02:41:06,F2,16.2735,OK,0
2026-07-08 02:41:17,F2,16.2744,OK,0
2026-07-08 02:41:27,F2,16.2753,OK,0
2026-07-08 02:41:37,F2,16.2762,OK,0
2026-07-08 02:41:48,F2,16.2771,OK,0
2026-07-08 02:41:58,F2,16.2779,OK,0
2026-07-08 02:42:08,F2,16.2788,OK,0
2026-07-08 02:42:19,F2,16.2798,OK,0
2026-07-08 02:42:29,F2,16.2807,OK,0
2026-07-08 02:42:39,F2,16.2816,OK,0
2026-07-08 02:42:50,F2,16.2826,OK,0
2026-07-08 02:43:00,F2,16.2836,OK,0
2026-07-08 02:43:10,F2,16.2846,OK,0
2026-07-08 02:43:21,F2,16.2856,OK,1
2026-07-08 02:43:31,F2,16.2867,OK,0
2026-07-08 02:43:41,F2,16.2878,OK,0
2026-07-08 02:43:52,F2,16.2889,OK,0
2026-07-08 02:44:02,F2,16.2901,OK,0
2026-07-08 02:44:12,F2,16.2913,OK,0
2026-07-08 02:44:23,F2,16.2925,OK,0
2026-07-08 02:44:33,F2,16.2938,OK,0
2026-07-08 02:44:43,F2,16.2951,OK,0
2026-07-08 02:44:54,F2,16.2965,OK,0
2026-07-08 02:45:04,F2,16.2980,OK,0
2026-07-08 02:45:14,F2,16.2994,OK,0
2026-07-08 02:45:25,F2,16.3010,OK,0
2026-07-08 02:45:35,F2,16.3026,OK,0
2026-07-08 02:45:46,F2,16.3042,OK,0
2026-07-08 02:45:56,F2,16.3058,OK,0
2026-07-08 02:46:06,F2,16.3076,OK,0
2026-07-08 02:46:17,F2,16.3093,OK,0
2026-07-08 02:46:27,F2,16.3111,OK,0
2026-07-08 02:46:37,F2,16.3129,OK,0
2026-07-08 02:46:47,F2,16.3148,OK,0
2026-07-08 02:46:58,F2,16.3167,OK,0
2026-07-08 02:47:08,F2,16.3186,OK,0
2026-07-08 02:47:19,F2,16.3206,OK,0
2026-07-08 02:47:29,F2,16.3226,OK,0
2026-07-08 02:47:39,F2,16.3246,OK,0
2026-07-08 02:47:50,F2,16.3266,OK,0
2026-07-08 02:48:00,F2,16.3286,OK,0
2026-07-08 02:48:10,F2,16.3306,OK,0
2026-07-08 02:48:21,F2,16.3326,OK,0
2026-07-08 02:48:31,F2,16.3347,OK,0
2026-07-08 02:48:41,F2,16.3367,OK,0
2026-07-08 02:48:52,F2,16.3387,OK,0
2026-07-08 02:49:02,F2,16.3407,OK,0
2026-07-08 02:49:12,F2,16.3427,OK,0
2026-07-08 02:49:23,F2,16.3447,OK,0
2026-07-08 02:49:33,F2,16.3467,OK,0
2026-07-08 02:49:43,F2,16.3486,OK,0
2026-07-08 02:49:54,F2,16.3505,OK,0
2026-07-08 02:50:04,F2,16.3524,OK,0
2026-07-08 02:50:14,F2,16.3543,OK,0
2026-07-08 02:50:25,F2,16.3561,OK,0
2026-07-08 02:50:35,F2,16.3579,OK,0
2026-07-08 02:50:45,F2,16.3597,OK,0
2026-07-08 02:50:56,F2,16.3614,OK,0
2026-07-08 02:51:06,F2,16.3630,OK,0
2026-07-08 02:51:16,F2,16.3647,OK,0
2026-07-08 02:51:27,F2,16.3662,OK,0
2026-07-08 02:51:37,F2,16.3677,OK,0
2026-07-08 02:51:47,F2,16.3692,OK,0
2026-07-08 02:51:58,F2,16.3706,OK,0
2026-07-08 02:52:08,F2,16.3719,OK,0
2026-07-08 02:52:18,F2,16.3732,OK,0
2026-07-08 02:52:29,F2,16.3744,OK,0
2026-07-08 02:52:39,F2,16.3755,OK,0
2026-07-08 02:52:49,F2,16.3766,OK,0
2026-07-08 02:53:00,F2,16.3775,OK,0
2026-07-08 02:53:10,F2,16.3784,OK,0
2026-07-08 02:53:20,F2,16.3793,OK,0
2026-07-08 02:53:31,F2,16.3800,OK,0
2026-07-08 02:53:41,F2,16.3807,OK,0
2026-07-08 02:53:51,F2,16.3813,OK,1
2026-07-08 02:54:02,F2,16.3817,OK,1
2026-07-08 02:54:12,F2,16.3822,OK,1
2026-07-08 02:54:22,F2,16.3825,OK,1
2026-07-08 02:54:33,F2,16.3827,OK,1
2026-07-08 02:54:43,F2,16.3828,OK,0
2026-07-08 02:54:53,F2,16.3829,OK,0
2026-07-08 02:55:04,F2,16.3829,OK,0
2026-07-08 02:55:14,F2,16.3827,OK,0
2026-07-08 02:55:24,F2,16.3825,OK,0
2026-07-08 02:55:35,F2,16.3823,OK,0
2026-07-08 02:55:45,F2,16.3819,OK,0
2026-07-08 02:55:55,F2,16.3815,OK,0
2026-07-08 02:56:06,F2,16.3810,OK,0
2026-07-08 02:56:16,F2,16.3805,OK,0
2026-07-08 02:56:26,F2,16.3799,OK,0
2026-07-08 02:56:37,F2,16.3792,OK,0
2026-07-08 02:56:47,F2,16.3786,OK,0
2026-07-08 02:56:57,F2,16.3778,OK,0
2026-07-08 02:57:08,F2,16.3771,OK,0
2026-07-08 02:57:18,F2,16.3763,OK,0
2026-07-08 02:57:28,F2,16.3755,OK,0
2026-07-08 02:57:39,F2,16.3746,OK,0
2026-07-08 02:57:49,F2,16.3738,OK,0
2026-07-08 02:57:59,F2,16.3729,OK,0
2026-07-08 02:58:10,F2,16.3720,OK,0
2026-07-08 02:58:20,F2,16.3711,OK,0
2026-07-08 02:58:30,F2,16.3702,OK,0
2026-07-08 02:58:41,F2,16.3693,OK,0
2026-07-08 02:58:51,F2,16.3685,OK,0
2026-07-08 02:59:01,F2,16.3676,OK,0
2026-07-08 02:59:12,F2,16.3667,OK,0
2026-07-08 02:59:22,F2,16.3659,OK,0
2026-07-08 02:59:32,F2,16.3650,OK,0
2026-07-08 02:59:43,F2,16.3642,OK,0
2026-07-08 02:59:53,F2,16.3634,OK,0
2026-07-08 03:00:04,F2,16.3626,OK,0
2026-07-08 03:00:14,F2,16.3619,OK,0
2026-07-08 03:00:24,F2,16.3612,OK,0
2026-07-08 03:00:35,F2,16.3605,OK,0
2026-07-08 03:00:45,F2,16.3598,OK,0
2026-07-08 03:00:55,F2,16.3592,OK,0
2026-07-08 03:01:05,F2,16.3586,OK,0
2026-07-08 03:01:16,F2,16.3580,OK,0
2026-07-08 03:01:26,F2,16.3575,OK,1
2026-07-08 03:01:36,F2,16.3571,OK,1
2026-07-08 03:01:47,F2,16.3566,OK,1
2026-07-08 03:01:57,F2,16.3563,OK,1
2026-07-08 03:02:07,F2,16.3560,OK,1
2026-07-08 03:02:18,F2,16.3557,OK,0
2026-07-08 03:02:28,F2,16.3555,OK,0
2026-07-08 03:02:38,F2,16.3553,OK,0
2026-07-08 03:02:49,F2,16.3552,OK,0
2026-07-08 03:02:59,F2,16.3551,OK,0
2026-07-08 03:03:09,F2,16.3551,OK,0
2026-07-08 03:03:20,F2,16.3550,OK,0
2026-07-08 03:03:30,F2,16.3551,OK,0
2026-07-08 03:03:40,F2,16.3551,OK,0
2026-07-08 03:03:51,F2,16.3552,OK,0
2026-07-08 03:04:01,F2,16.3553,OK,0
2026-07-08 03:04:12,F2,16.3554,OK,0
2026-07-08 03:04:22,F2,16.3556,OK,0
2026-07-08 03:04:32,F2,16.3557,OK,0
2026-07-08 03:04:42,F2,16.3559,OK,0
2026-07-08 03:04:53,F2,16.3560,OK,0
2026-07-08 03:05:03,F2,16.3562,OK,0
2026-07-08 03:05:14,F2,16.3564,OK,0
2026-07-08 03:05:24,F2,16.3565,OK,0
2026-07-08 03:05:34,F2,16.3567,OK,0
2026-07-08 03:05:45,F2,16.3568,OK,0
2026-07-08 03:05:55,F2,16.3569,OK,0
2026-07-08 03:06:05,F2,16.3570,OK,0
2026-07-08 03:06:16,F2,16.3571,OK,0
2026-07-08 03:06:26,F2,16.3572,OK,0
2026-07-08 03:06:36,F2,16.3572,OK,0
2026-07-08 03:06:47,F2,16.3572,OK,0
2026-07-08 03:06:57,F2,16.3572,OK,0
2026-07-08 03:07:07,F2,16.3571,OK,0
2026-07-08 03:07:18,F2,16.3570,OK,0
2026-07-08 03:07:28,F2,16.3568,OK,0
2026-07-08 03:07:38,F2,16.3566,OK,0
2026-07-08 03:07:49,F2,16.3563,OK,0
2026-07-08 03:07:59,F2,16.3560,OK,0
2026-07-08 03:08:09,F2,16.3557,OK,0
2026-07-08 03:08:20,F2,16.3553,OK,1
2026-07-08 03:08:30,F2,16.3548,OK,1
2026-07-08 03:08:40,F2,16.3543,OK,1
2026-07-08 03:08:51,F2,16.3537,OK,1
2026-07-08 03:09:01,F2,16.3530,OK,1
2026-07-08 03:09:11,F2,16.3523,OK,0
2026-07-08 03:09:22,F2,16.3515,OK,0
2026-07-08 03:09:32,F2,16.3506,OK,0
2026-07-08 03:09:42,F2,16.3497,OK,0
2026-07-08 03:09:53,F2,16.3487,OK,0
2026-07-08 03:10:03,F2,16.3476,OK,0
2026-07-08 03:10:13,F2,16.3465,OK,0
2026-07-08 03:10:24,F2,16.3453,OK,0
2026-07-08 03:10:34,F2,16.3441,OK,0
2026-07-08 03:10:44,F2,16.3429,OK,0
2026-07-08 03:10:55,F2,16.3415,OK,0
2026-07-08 03:11:05,F2,16.3402,OK,0
2026-07-08 03:11:16,F2,16.3388,OK,0
2026-07-08 03:11:26,F2,16.3374,OK,0
2026-07-08 03:11:36,F2,16.3359,OK,0
2026-07-08 03:11:46,F2,16.3345,OK,0
2026-07-08 03:11:57,F2,16.3330,OK,0
2026-07-08 03:12:07,F2,16.3314,OK,0
2026-07-08 03:12:17,F2,16.3299,OK,0
2026-07-08 03:12:28,F2,16.3284,OK,0
2026-07-08 03:12:38,F2,16.3268,OK,0
2026-07-08 03:12:49,F2,16.3252,OK,0
2026-07-08 03:12:59,F2,16.3237,OK,0
2026-07-08 03:13:09,F2,16.3221,OK,0
2026-07-08 03:13:19,F2,16.3206,OK,0
2026-07-08 03:13:30,F2,16.3190,OK,0
2026-07-08 03:13:40,F2,16.3175,OK,0
2026-07-08 03:13:50,F2,16.3160,OK,0
2026-07-08 03:14:01,F2,16.3145,OK,0
2026-07-08 03:14:11,F2,16.3130,OK,0
2026-07-08 03:14:21,F2,16.3116,OK,0
2026-07-08 03:14:32,F2,16.3102,OK,0
2026-07-08 03:14:42,F2,16.3088,OK,0
2026-07-08 03:14:53,F2,16.3075,OK,0
2026-07-08 03:15:03,F2,16.3062,OK,0
2026-07-08 03:15:13,F2,16.3049,OK,0
2026-07-08 03:15:24,F2,16.3037,OK,0
2026-07-08 03:15:34,F2,16.3026,OK,0
2026-07-08 03:15:44,F2,16.3014,OK,0
2026-07-08 03:15:55,F2,16.3004,OK,0
2026-07-08 03:16:05,F2,16.2994,OK,0
2026-07-08 03:16:15,F2,16.2984,OK,0
2026-07-08 03:16:26,F2,16.2975,OK,0
2026-07-08 03:16:36,F2,16.2967,OK,0
2026-07-08 03:16:46,F2,16.2960,OK,0
2026-07-08 03:16:57,F2,16.2953,OK,1
2026-07-08 03:17:07,F2,16.2946,OK,0
2026-07-08 03:17:17,F2,16.2941,OK,0
2026-07-08 03:17:28,F2,16.2936,OK,0
2026-07-08 03:17:38,F2,16.2932,OK,0
2026-07-08 03:17:48,F2,16.2928,OK,0
2026-07-08 03:17:59,F2,16.2926,OK,0
2026-07-08 03:18:09,F2,16.2924,OK,0
2026-07-08 03:18:19,F2,16.2922,OK,0
2026-07-08 03:18:30,F2,16.2921,OK,0
2026-07-08 03:18:40,F2,16.2921,OK,0
2026-07-08 03:18:50,F2,16.2922,OK,0
2026-07-08 03:19:01,F2,16.2923,OK,0
2026-07-08 03:19:11,F2,16.2924,OK,0
2026-07-08 03:19:21,F2,16.2926,OK,0
2026-07-08 03:19:32,F2,16.2928,OK,0
2026-07-08 03:19:42,F2,16.2931,OK,0
2026-07-08 03:19:52,F2,16.2934,OK,0
2026-07-08 03:20:03,F2,16.2937,OK,0
2026-07-08 03:20:13,F2,16.2941,OK,0
2026-07-08 03:20:23,F2,16.2944,OK,0
2026-07-08 03:20:34,F2,16.2948,OK,0
2026-07-08 03:20:44,F2,16.2952,OK,0
2026-07-08 03:20:54,F2,16.2956,OK,0
2026-07-08 03:21:05,F2,16.2960,OK,0
2026-07-08 03:21:15,F2,16.2965,OK,0
2026-07-08 03:21:25,F2,16.2969,OK,0
2026-07-08 03:21:36,F2,16.2973,OK,0
2026-07-08 03:21:46,F2,16.2977,OK,0
2026-07-08 03:21:56,F2,16.2981,OK,0
2026-07-08 03:22:07,F2,16.2985,OK,0
2026-07-08 03:22:17,F2,16.2988,OK,0
2026-07-08 03:22:27,F2,16.2992,OK,0
2026-07-08 03:22:38,F2,16.2995,OK,0
2026-07-08 03:22:48,F2,16.2998,OK,0
2026-07-08 03:22:58,F2,16.3001,OK,0
2026-07-08 03:23:08,F2,16.3003,OK,0
2026-07-08 03:23:19,F2,16.3005,OK,0
2026-07-08 03:23:29,F2,16.3006,OK,0
2026-07-08 03:23:39,F2,16.3008,OK,0
2026-07-08 03:23:50,F2,16.3008,OK,0
2026-07-08 03:24:00,F2,16.3008,OK,1
2026-07-08 03:24:10,F2,16.3008,OK,1
2026-07-08 03:24:21,F2,16.3007,OK,1
2026-07-08 03:24:31,F2,16.3006,OK,1
2026-07-08 03:24:41,F2,16.3004,OK,1
2026-07-08 03:24:52,F2,16.3002,OK,1
2026-07-08 03:25:02,F2,16.2999,OK,0
2026-07-08 03:25:13,F2,16.2995,OK,0
2026-07-08 03:25:23,F2,16.2991,OK,0
2026-07-08 03:25:33,F2,16.2986,OK,0
2026-07-08 03:25:44,F2,16.2980,OK,0
2026-07-08 03:25:54,F2,16.2974,OK,0
2026-07-08 03:26:04,F2,16.2968,OK,0
2026-07-08 03:26:15,F2,16.2961,OK,0
2026-07-08 03:26:25,F2,16.2954,OK,0
2026-07-08 03:26:35,F2,16.2946,OK,0
2026-07-08 03:26:46,F2,16.2939,OK,0
2026-07-08 03:26:56,F2,16.2930,OK,0
2026-07-08 03:27:06,F2,16.2922,OK,0
2026-07-08 03:27:17,F2,16.2913,OK,0
2026-07-08 03:27:27,F2,16.2904,OK,0
2026-07-08 03:27:37,F2,16.2895,OK,0
2026-07-08 03:27:48,F2,16.2886,OK,0
2026-07-08 03:27:58,F2,16.2877,OK,0
2026-07-08 03:28:09,F2,16.2868,OK,0
2026-07-08 03:28:19,F2,16.2859,OK,0
2026-07-08 03:28:29,F2,16.2849,OK,0
2026-07-08 03:28:40,F2,16.2840,OK,0
2026-07-08 03:28:50,F2,16.2831,OK,0
2026-07-08 03:29:00,F2,16.2823,OK,0
2026-07-08 03:29:11,F2,16.2814,OK,0
2026-07-08 03:29:21,F2,16.2805,OK,0
2026-07-08 03:29:31,F2,16.2797,OK,0
2026-07-08 03:29:42,F2,16.2789,OK,0
2026-07-08 03:29:52,F2,16.2782,OK,0
2026-07-08 03:30:02,F2,16.2774,OK,0
2026-07-08 03:30:13,F2,16.2767,OK,0
2026-07-08 03:30:23,F2,16.2761,OK,0
2026-07-08 03:30:33,F2,16.2755,OK,0
2026-07-08 03:30:44,F2,16.2749,OK,0
2026-07-08 03:30:54,F2,16.2744,OK,0
2026-07-08 03:31:04,F2,16.2739,OK,0
2026-07-08 03:31:15,F2,16.2735,OK,0
2026-07-08 03:31:25,F2,16.2731,OK,1
2026-07-08 03:31:35,F2,16.2728,OK,1
2026-07-08 03:31:46,F2,16.2726,OK,1
2026-07-08 03:31:56,F2,16.2724,OK,1
2026-07-08 03:32:06,F2,16.2723,OK,1
2026-07-08 03:32:17,F2,16.2723,OK,0
2026-07-08 03:32:27,F2,16.2723,OK,0
2026-07-08 03:32:37,F2,16.2724,OK,0
2026-07-08 03:32:48,F2,16.2726,OK,0
2026-07-08 03:32:58,F2,16.2728,OK,0
2026-07-08 03:33:08,F2,16.2731,OK,0
2026-07-08 03:33:19,F2,16.2734,OK,0
2026-07-08 03:33:29,F2,16.2738,OK,0
2026-07-08 03:33:40,F2,16.2742,OK,0
2026-07-08 03:33:50,F2,16.2747,OK,0
2026-07-08 03:34:00,F2,16.2752,OK,0
2026-07-08 03:34:11,F2,16.2758,OK,0
2026-07-08 03:34:21,F2,16.2764,OK,0
2026-07-08 03:34:31,F2,16.2770,OK,0
2026-07-08 03:34:42,F2,16.2777,OK,0
2026-07-08 03:34:52,F2,16.2783,OK,0
2026-07-08 03:35:02,F2,16.2790,OK,0
2026-07-08 03:35:13,F2,16.2797,OK,0
2026-07-08 03:35:23,F2,16.2804,OK,0
2026-07-08 03:35:33,F2,16.2811,OK,0
2026-07-08 03:35:44,F2,16.2818,OK,0
2026-07-08 03:35:54,F2,16.2826,OK,0
2026-07-08 03:36:04,F2,16.2833,OK,0
2026-07-08 03:36:15,F2,16.2840,OK,0
2026-07-08 03:36:25,F2,16.2847,OK,0
2026-07-08 03:36:35,F2,16.2853,OK,0
2026-07-08 03:36:46,F2,16.2860,OK,0
2026-07-08 03:36:56,F2,16.2866,OK,0
2026-07-08 03:37:06,F2,16.2872,OK,0
2026-07-08 03:37:17,F2,16.2878,OK,0
2026-07-08 03:37:27,F2,16.2884,OK,0
2026-07-08 03:37:37,F2,16.2889,OK,0
2026-07-08 03:37:48,F2,16.2893,OK,0
2026-07-08 03:37:58,F2,16.2898,OK,0
2026-07-08 03:38:08,F2,16.2902,OK,0
2026-07-08 03:38:19,F2,16.2905,OK,0
2026-07-08 03:38:29,F2,16.2908,OK,0
2026-07-08 03:38:39,F2,16.2910,OK,0
2026-07-08 03:38:50,F2,16.2912,OK,0
2026-07-08 03:39:00,F2,16.2914,OK,0
2026-07-08 03:39:10,F2,16.2914,OK,0
2026-07-08 03:39:21,F2,16.2914,OK,1
2026-07-08 03:39:31,F2,16.2914,OK,1
2026-07-08 03:39:41,F2,16.2912,OK,1
2026-07-08 03:39:52,F2,16.2910,OK,1
2026-07-08 03:40:02,F2,16.2908,OK,1
2026-07-08 03:40:12,F2,16.2904,OK,1
2026-07-08 03:40:23,F2,16.2900,OK,0
2026-07-08 03:40:33,F2,16.2895,OK,0
2026-07-08 03:40:43,F2,16.2889,OK,0
2026-07-08 03:40:54,F2,16.2883,OK,0
2026-07-08 03:41:04,F2,16.2876,OK,0
2026-07-08 03:41:14,F2,16.2868,OK,0
2026-07-08 03:41:25,F2,16.2860,OK,0
2026-07-08 03:41:35,F2,16.2851,OK,0
2026-07-08 03:41:45,F2,16.2842,OK,0
2026-07-08 03:41:56,F2,16.2832,OK,0
2026-07-08 03:42:06,F2,16.2822,OK,0
2026-07-08 03:42:16,F2,16.2811,OK,0
2026-07-08 03:42:27,F2,16.2800,OK,0
2026-07-08 03:42:37,F2,16.2789,OK,0
2026-07-08 03:42:47,F2,16.2778,OK,0
2026-07-08 03:42:58,F2,16.2766,OK,0
2026-07-08 03:43:08,F2,16.2754,OK,0
2026-07-08 03:43:18,F2,16.2742,OK,0
2026-07-08 03:43:29,F2,16.2730,OK,0
2026-07-08 03:43:39,F2,16.2718,OK,0
2026-07-08 03:43:49,F2,16.2707,OK,0
2026-07-08 03:44:00,F2,16.2695,OK,0
2026-07-08 03:44:10,F2,16.2683,OK,0
2026-07-08 03:44:20,F2,16.2672,OK,0
2026-07-08 03:44:31,F2,16.2660,OK,0
2026-07-08 03:44:41,F2,16.2649,OK,0
2026-07-08 03:44:51,F2,16.2638,OK,0
2026-07-08 03:45:02,F2,16.2627,OK,0
2026-07-08 03:45:12,F2,16.2617,OK,0
2026-07-08 03:45:22,F2,16.2607,OK,0
2026-07-08 03:45:33,F2,16.2597,OK,0
2026-07-08 03:45:43,F2,16.2588,OK,0
2026-07-08 03:45:53,F2,16.2579,OK,0
2026-07-08 03:46:04,F2,16.2571,OK,0
2026-07-08 03:46:14,F2,16.2563,OK,0
2026-07-08 03:46:24,F2,16.2556,OK,0
2026-07-08 03:46:35,F2,16.2549,OK,0
2026-07-08 03:46:45,F2,16.2543,OK,0
2026-07-08 03:46:55,F2,16.2538,OK,0
2026-07-08 03:47:06,F2,16.2533,OK,0
2026-07-08 03:47:16,F2,16.2529,OK,0
2026-07-08 03:47:26,F2,16.2525,OK,0
2026-07-08 03:47:37,F2,16.2523,OK,0
2026-07-08 03:47:47,F2,16.2521,OK,0
2026-07-08 03:47:57,F2,16.2519,OK,0
2026-07-08 03:48:08,F2,16.2519,OK,0
2026-07-08 03:48:18,F2,16.2519,OK,0
2026-07-08 03:48:28,F2,16.2519,OK,0
2026-07-08 03:48:39,F2,16.2521,OK,0
2026-07-08 03:48:49,F2,16.2523,OK,0
2026-07-08 03:48:59,F2,16.2525,OK,0
2026-07-08 03:49:10,F2,16.2529,OK,0
2026-07-08 03:49:20,F2,16.2532,OK,0
2026-07-08 03:49:30,F2,16.2536,OK,0
2026-07-08 03:49:41,F2,16.2541,OK,0
2026-07-08 03:49:51,F2,16.2546,OK,0
2026-07-08 03:50:01,F2,16.2551,OK,0
2026-07-08 03:50:12,F2,16.2556,OK,0
2026-07-08 03:50:22,F2,16.2562,OK,0
2026-07-08 03:50:32,F2,16.2568,OK,0
2026-07-08 03:50:43,F2,16.2574,OK,0
2026-07-08 03:50:53,F2,16.2581,OK,0
2026-07-08 03:51:03,F2,16.2587,OK,0
2026-07-08 03:51:14,F2,16.2593,OK,0
2026-07-08 03:51:24,F2,16.2600,OK,0
2026-07-08 03:51:34,F2,16.2606,OK,0
2026-07-08 03:51:45,F2,16.2612,OK,0
2026-07-08 03:51:55,F2,16.2618,OK,0
2026-07-08 03:52:05,F2,16.2624,OK,0
2026-07-08 03:52:16,F2,16.2629,OK,0
2026-07-08 03:52:26,F2,16.2635,OK,0
2026-07-08 03:52:36,F2,16.2640,OK,0
2026-07-08 03:52:47,F2,16.2645,OK,0
2026-07-08 03:52:57,F2,16.2649,OK,0
2026-07-08 03:53:07,F2,16.2653,OK,0
2026-07-08 03:53:18,F2,16.2657,OK,0
2026-07-08 03:53:28,F2,16.2660,OK,0
2026-07-08 03:53:38,F2,16.2663,OK,0
2026-07-08 03:53:49,F2,16.2665,OK,0
2026-07-08 03:53:59,F2,16.2666,OK,0
2026-07-08 03:54:10,F2,16.2668,OK,0
2026-07-08 03:54:20,F2,16.2668,OK,0
2026-07-08 03:54:30,F2,16.2668,OK,0
2026-07-08 03:54:41,F2,16.2667,OK,0
2026-07-08 03:54:51,F2,16.2665,OK,0
2026-07-08 03:55:01,F2,16.2663,OK,0
2026-07-08 03:55:12,F2,16.2660,OK,1
2026-07-08 03:55:22,F2,16.2656,OK,1
2026-07-08 03:55:32,F2,16.2652,OK,1
2026-07-08 03:55:43,F2,16.2646,OK,1
2026-07-08 03:55:53,F2,16.2640,OK,1
2026-07-08 03:56:03,F2,16.2633,OK,0
2026-07-08 03:56:14,F2,16.2625,OK,0
2026-07-08 03:56:24,F2,16.2617,OK,0
2026-07-08 03:56:34,F2,16.2607,OK,0
2026-07-08 03:56:45,F2,16.2597,OK,0
2026-07-08 03:56:55,F2,16.2586,OK,0
2026-07-08 03:57:05,F2,16.2574,OK,0
2026-07-08 03:57:16,F2,16.2562,OK,0
2026-07-08 03:57:26,F2,16.2549,OK,0
2026-07-08 03:57:36,F2,16.2536,OK,0
2026-07-08 03:57:47,F2,16.2522,OK,0
2026-07-08 03:57:57,F2,16.2508,OK,0
2026-07-08 03:58:07,F2,16.2493,OK,0
2026-07-08 03:58:18,F2,16.2478,OK,0
2026-07-08 03:58:28,F2,16.2462,OK,0
2026-07-08 03:58:38,F2,16.2446,OK,0
2026-07-08 03:58:49,F2,16.2430,OK,0
2026-07-08 03:58:59,F2,16.2414,OK,0
2026-07-08 03:59:09,F2,16.2398,OK,0
2026-07-08 03:59:20,F2,16.2381,OK,0
2026-07-08 03:59:30,F2,16.2365,OK,0
2026-07-08 03:59:40,F2,16.2348,OK,0
2026-07-08 03:59:51,F2,16.2332,OK,0
2026-07-08 04:00:01,F2,16.2316,OK,0
2026-07-08 04:00:11,F2,16.2300,OK,0
2026-07-08 04:00:22,F2,16.2284,OK,0
2026-07-08 04:00:32,F2,16.2268,OK,0
2026-07-08 04:00:42,F2,16.2253,OK,0
2026-07-08 04:00:53,F2,16.2238,OK,0
2026-07-08 04:01:03,F2,16.2223,OK,0
2026-07-08 04:01:13,F2,16.2209,OK,0
2026-07-08 04:01:24,F2,16.2195,OK,0
2026-07-08 04:01:34,F2,16.2182,OK,0
2026-07-08 04:01:44,F2,16.2170,OK,0
2026-07-08 04:01:55,F2,16.2158,OK,0
2026-07-08 04:02:05,F2,16.2146,OK,0
2026-07-08 04:02:15,F2,16.2135,OK,0
2026-07-08 04:02:26,F2,16.2125,OK,0
2026-07-08 04:02:36,F2,16.2116,OK,0
2026-07-08 04:02:46,F2,16.2107,OK,0
2026-07-08 04:02:57,F2,16.2100,OK,0
2026-07-08 04:03:07,F2,16.2092,OK,0
2026-07-08 04:03:17,F2,16.2086,OK,1
2026-07-08 04:03:28,F2,16.2081,OK,1
2026-07-08 04:03:38,F2,16.2076,OK,0
2026-07-08 04:03:48,F2,16.2073,OK,0
2026-07-08 04:03:59,F2,16.2070,OK,0
2026-07-08 04:04:09,F2,16.2068,OK,0
2026-07-08 04:04:19,F2,16.2067,OK,0
2026-07-08 04:04:30,F2,16.2066,OK,0
2026-07-08 04:04:40,F2,16.2067,OK,0
2026-07-08 04:04:50,F2,16.2068,OK,0
2026-07-08 04:05:01,F2,16.2069,OK,0
2026-07-08 04:05:11,F2,16.2072,OK,0
2026-07-08 04:05:21,F2,16.2075,OK,0
2026-07-08 04:05:32,F2,16.2078,OK,0
2026-07-08 04:05:42,F2,16.2082,OK,0
2026-07-08 04:05:52,F2,16.2087,OK,0
2026-07-08 04:06:03,F2,16.2091,OK,0
2026-07-08 04:06:13,F2,16.2096,OK,0
2026-07-08 04:06:23,F2,16.2102,OK,0
2026-07-08 04:06:34,F2,16.2107,OK,0
2026-07-08 04:06:44,F2,16.2113,OK,0
2026-07-08 04:06:54,F2,16.2119,OK,0
2026-07-08 04:07:05,F2,16.2125,OK,0
2026-07-08 04:07:15,F2,16.2131,OK,0
2026-07-08 04:07:25,F2,16.2137,OK,0
2026-07-08 04:07:36,F2,16.2143,OK,0
2026-07-08 04:07:46,F2,16.2149,OK,0
2026-07-08 04:07:56,F2,16.2155,OK,0
2026-07-08 04:08:07,F2,16.2160,OK,0
2026-07-08 04:08:17,F2,16.2165,OK,0
2026-07-08 04:08:27,F2,16.2170,OK,0
2026-07-08 04:08:38,F2,16.2175,OK,0
2026-07-08 04:08:48,F2,16.2179,OK,0
2026-07-08 04:08:58,F2,16.2183,OK,0
2026-07-08 04:09:09,F2,16.2187,OK,0
2026-07-08 04:09:19,F2,16.2190,OK,0
2026-07-08 04:09:29,F2,16.2192,OK,0
2026-07-08 04:09:40,F2,16.2194,OK,0
2026-07-08 04:09:50,F2,16.2196,OK,0
2026-07-08 04:10:00,F2,16.2197,OK,0
2026-07-08 04:10:11,F2,16.2197,OK,0
2026-07-08 04:10:21,F2,16.2196,OK,0
2026-07-08 04:10:31,F2,16.2195,OK,1
2026-07-08 04:10:42,F2,16.2194,OK,1
2026-07-08 04:10:52,F2,16.2191,OK,1
2026-07-08 04:11:02,F2,16.2188,OK,1
2026-07-08 04:11:13,F2,16.2184,OK,1
2026-07-08 04:11:23,F2,16.2179,OK,1
2026-07-08 04:11:33,F2,16.2173,OK,1
2026-07-08 04:11:44,F2,16.2167,OK,0
2026-07-08 04:11:54,F2,16.2160,OK,0
2026-07-08 04:12:04,F2,16.2152,OK,0
2026-07-08 04:12:15,F2,16.2143,OK,0
2026-07-08 04:12:25,F2,16.2133,OK,0
2026-07-08 04:12:35,F2,16.2123,OK,0
2026-07-08 04:12:46,F2,16.2112,OK,0
2026-07-08 04:12:56,F2,16.2100,OK,0
2026-07-08 04:13:06,F2,16.2088,OK,0
2026-07-08 04:13:17,F2,16.2075,OK,0
2026-07-08 04:13:27,F2,16.2062,OK,0
2026-07-08 04:13:37,F2,16.2048,OK,0
2026-07-08 04:13:48,F2,16.2034,OK,0
2026-07-08 04:13:58,F2,16.2019,OK,0
2026-07-08 04:14:08,F2,16.2004,OK,0
2026-07-08 04:14:19,F2,16.1989,OK,0
2026-07-08 04:14:29,F2,16.1974,OK,0
2026-07-08 04:14:39,F2,16.1958,OK,0
2026-07-08 04:14:50,F2,16.1943,OK,0
2026-07-08 04:15:00,F2,16.1927,OK,0
2026-07-08 04:15:10,F2,16.1911,OK,0
2026-07-08 04:15:21,F2,16.1896,OK,0
2026-07-08 04:15:31,F2,16.1880,OK,0
2026-07-08 04:15:41,F2,16.1864,OK,0
2026-07-08 04:15:52,F2,16.1849,OK,0
2026-07-08 04:16:02,F2,16.1834,OK,0
2026-07-08 04:16:13,F2,16.1819,OK,0
2026-07-08 04:16:23,F2,16.1805,OK,0
2026-07-08 04:16:33,F2,16.1791,OK,0
2026-07-08 04:16:44,F2,16.1777,OK,0
2026-07-08 04:16:54,F2,16.1764,OK,0
2026-07-08 04:17:04,F2,16.1751,OK,0
2026-07-08 04:17:15,F2,16.1739,OK,0
2026-07-08 04:17:25,F2,16.1727,OK,0
2026-07-08 04:17:35,F2,16.1716,OK,0
2026-07-08 04:17:46,F2,16.1706,OK,0
2026-07-08 04:17:56,F2,16.1697,OK,0
2026-07-08 04:18:06,F2,16.1688,OK,0
2026-07-08 04:18:17,F2,16.1680,OK,0
2026-07-08 04:18:27,F2,16.1673,OK,0
2026-07-08 04:18:37,F2,16.1667,OK,0
2026-07-08 04:18:48,F2,16.1661,OK,0
2026-07-08 04:18:58,F2,16.1657,OK,0
2026-07-08 04:19:08,F2,16.1653,OK,0
2026-07-08 04:19:19,F2,16.1651,OK,1
2026-07-08 04:19:29,F2,16.1649,OK,0
2026-07-08 04:19:39,F2,16.1649,OK,1
2026-07-08 04:19:50,F2,16.1649,OK,0
2026-07-08 04:20:00,F2,16.1651,OK,0
2026-07-08 04:20:10,F2,16.1653,OK,0
2026-07-08 04:20:21,F2,16.1657,OK,0
2026-07-08 04:20:31,F2,16.1661,OK,0
2026-07-08 04:20:41,F2,16.1667,OK,0
2026-07-08 04:20:52,F2,16.1673,OK,0
2026-07-08 04:21:02,F2,16.1680,OK,0
2026-07-08 04:21:12,F2,16.1688,OK,0
2026-07-08 04:21:23,F2,16.1696,OK,0
2026-07-08 04:21:33,F2,16.1705,OK,0
2026-07-08 04:21:43,F2,16.1715,OK,0
2026-07-08 04:21:54,F2,16.1725,OK,0
2026-07-08 04:22:04,F2,16.1736,OK,0
2026-07-08 04:22:14,F2,16.1748,OK,0
2026-07-08 04:22:25,F2,16.1759,OK,0
2026-07-08 04:22:35,F2,16.1771,OK,0
2026-07-08 04:22:45,F2,16.1784,OK,0
2026-07-08 04:22:56,F2,16.1796,OK,0
2026-07-08 04:23:06,F2,16.1809,OK,0
2026-07-08 04:23:16,F2,16.1822,OK,0
2026-07-08 04:23:27,F2,16.1835,OK,0
2026-07-08 04:23:37,F2,16.1849,OK,0
2026-07-08 04:23:47,F2,16.1862,OK,0
2026-07-08 04:23:58,F2,16.1875,OK,0
2026-07-08 04:24:08,F2,16.1888,OK,0
2026-07-08 04:24:18,F2,16.1902,OK,0
2026-07-08 04:24:29,F2,16.1915,OK,0
2026-07-08 04:24:39,F2,16.1927,OK,0
2026-07-08 04:24:49,F2,16.1940,OK,0
2026-07-08 04:25:00,F2,16.1952,OK,0
2026-07-08 04:25:10,F2,16.1964,OK,0
2026-07-08 04:25:20,F2,16.1976,OK,0
2026-07-08 04:25:31,F2,16.1987,OK,0
2026-07-08 04:25:41,F2,16.1998,OK,0
2026-07-08 04:25:51,F2,16.2008,OK,0
2026-07-08 04:26:02,F2,16.2018,OK,0
2026-07-08 04:26:12,F2,16.2028,OK,0
2026-07-08 04:26:22,F2,16.2036,OK,1
2026-07-08 04:26:33,F2,16.2045,OK,1
2026-07-08 04:26:43,F2,16.2052,OK,1
2026-07-08 04:26:53,F2,16.2059,OK,1
2026-07-08 04:27:04,F2,16.2065,OK,1
2026-07-08 04:27:14,F2,16.2071,OK,0
2026-07-08 04:27:24,F2,16.2075,OK,0
2026-07-08 04:27:35,F2,16.2079,OK,0
2026-07-08 04:27:45,F2,16.2083,OK,0
2026-07-08 04:27:55,F2,16.2085,OK,0
2026-07-08 04:28:06,F2,16.2087,OK,0
2026-07-08 04:28:16,F2,16.2089,OK,0
2026-07-08 04:28:26,F2,16.2090,OK,0
2026-07-08 04:28:37,F2,16.2090,OK,0
2026-07-08 04:28:47,F2,16.2090,OK,0
2026-07-08 04:28:58,F2,16.2089,OK,0
2026-07-08 04:29:08,F2,16.2088,OK,0
2026-07-08 04:29:18,F2,16.2087,OK,0
2026-07-08 04:29:29,F2,16.2085,OK,0
2026-07-08 04:29:39,F2,16.2083,OK,0
2026-07-08 04:29:49,F2,16.2081,OK,0
2026-07-08 04:30:00,F2,16.2079,OK,0
2026-07-08 04:30:10,F2,16.2076,OK,0
2026-07-08 04:30:20,F2,16.2074,OK,0
2026-07-08 04:30:30,F2,16.2071,OK,0
2026-07-08 04:30:41,F2,16.2069,OK,0
2026-07-08 04:30:51,F2,16.2066,OK,0
2026-07-08 04:31:02,F2,16.2064,OK,0
2026-07-08 04:31:12,F2,16.2062,OK,0
2026-07-08 04:31:22,F2,16.2060,OK,0
2026-07-08 04:31:33,F2,16.2059,OK,0
2026-07-08 04:31:43,F2,16.2057,OK,0
2026-07-08 04:31:53,F2,16.2056,OK,0
2026-07-08 04:32:04,F2,16.2056,OK,0
2026-07-08 04:32:14,F2,16.2056,OK,0
2026-07-08 04:32:24,F2,16.2056,OK,0
2026-07-08 04:32:35,F2,16.2057,OK,0
2026-07-08 04:32:45,F2,16.2059,OK,0
2026-07-08 04:32:55,F2,16.2061,OK,0
2026-07-08 04:33:06,F2,16.2063,OK,0
2026-07-08 04:33:16,F2,16.2067,OK,0
2026-07-08 04:33:26,F2,16.2071,OK,0
2026-07-08 04:33:37,F2,16.2076,OK,0
2026-07-08 04:33:47,F2,16.2081,OK,0
2026-07-08 04:33:57,F2,16.2087,OK,0
2026-07-08 04:34:08,F2,16.2094,OK,1
2026-07-08 04:34:18,F2,16.2102,OK,1
2026-07-08 04:34:28,F2,16.2111,OK,1
2026-07-08 04:34:39,F2,16.2121,OK,1
2026-07-08 04:34:49,F2,16.2132,OK,1
2026-07-08 04:34:59,F2,16.2143,OK,1
2026-07-08 04:35:10,F2,16.2156,OK,0
2026-07-08 04:35:20,F2,16.2169,OK,0
2026-07-08 04:35:30,F2,16.2184,OK,0
2026-07-08 04:35:41,F2,16.2199,OK,0
2026-07-08 04:35:51,F2,16.2215,OK,0
2026-07-08 04:36:01,F2,16.2233,OK,0
2026-07-08 04:36:12,F2,16.2251,OK,0
2026-07-08 04:36:22,F2,16.2269,OK,0
2026-07-08 04:36:32,F2,16.2289,OK,0
2026-07-08 04:36:43,F2,16.2309,OK,0
2026-07-08 04:36:53,F2,16.2330,OK,0
2026-07-08 04:37:03,F2,16.2351,OK,0
2026-07-08 04:37:15,F2,16.2373,OK,0
2026-07-08 04:37:25,F2,16.2396,OK,0
2026-07-08 04:37:35,F2,16.2418,OK,0
2026-07-08 04:37:46,F2,16.2442,OK,0
2026-07-08 04:37:56,F2,16.2465,OK,0
2026-07-08 04:38:06,F2,16.2489,OK,0
2026-07-08 04:38:17,F2,16.2513,OK,0
2026-07-08 04:38:27,F2,16.2537,OK,0
2026-07-08 04:38:37,F2,16.2561,OK,0
2026-07-08 04:38:48,F2,16.2585,OK,0
2026-07-08 04:38:58,F2,16.2609,OK,0
2026-07-08 04:39:08,F2,16.2634,OK,0
2026-07-08 04:39:19,F2,16.2658,OK,0
2026-07-08 04:39:29,F2,16.2682,OK,0
2026-07-08 04:39:39,F2,16.2706,OK,0
2026-07-08 04:39:50,F2,16.2729,OK,0
2026-07-08 04:40:00,F2,16.2752,OK,0
2026-07-08 04:40:10,F2,16.2775,OK,0
2026-07-08 04:40:21,F2,16.2798,OK,0
2026-07-08 04:40:31,F2,16.2820,OK,0
2026-07-08 04:40:41,F2,16.2842,OK,0
2026-07-08 04:40:52,F2,16.2863,OK,0
2026-07-08 04:41:02,F2,16.2883,OK,0
2026-07-08 04:41:12,F2,16.2903,OK,0
2026-07-08 04:41:23,F2,16.2923,OK,0
2026-07-08 04:41:33,F2,16.2941,OK,0
2026-07-08 04:41:43,F2,16.2959,OK,1
2026-07-08 04:41:54,F2,16.2976,OK,1
2026-07-08 04:42:04,F2,16.2993,OK,1
2026-07-08 04:42:14,F2,16.3008,OK,1
2026-07-08 04:42:25,F2,16.3023,OK,1
2026-07-08 04:42:35,F2,16.3036,OK,1
2026-07-08 04:42:45,F2,16.3049,OK,0
2026-07-08 04:42:56,F2,16.3061,OK,0
2026-07-08 04:43:06,F2,16.3072,OK,0
2026-07-08 04:43:16,F2,16.3081,OK,0
2026-07-08 04:43:27,F2,16.3090,OK,0
2026-07-08 04:43:37,F2,16.3098,OK,0
2026-07-08 04:43:47,F2,16.3106,OK,0
2026-07-08 04:43:58,F2,16.3112,OK,0
2026-07-08 04:44:08,F2,16.3118,OK,0
2026-07-08 04:44:18,F2,16.3123,OK,0
2026-07-08 04:44:29,F2,16.3127,OK,0
2026-07-08 04:44:39,F2,16.3131,OK,0
2026-07-08 04:44:49,F2,16.3134,OK,0
2026-07-08 04:45:00,F2,16.3136,OK,0
2026-07-08 04:45:10,F2,16.3138,OK,0
2026-07-08 04:45:20,F2,16.3139,OK,0
2026-07-08 04:45:31,F2,16.3140,OK,0
2026-07-08 04:45:41,F2,16.3141,OK,0
2026-07-08 04:45:51,F2,16.3141,OK,0
2026-07-08 04:46:02,F2,16.3141,OK,0
2026-07-08 04:46:12,F2,16.3141,OK,0
2026-07-08 04:46:23,F2,16.3141,OK,0
2026-07-08 04:46:33,F2,16.3140,OK,0
2026-07-08 04:46:43,F2,16.3140,OK,0
2026-07-08 04:46:54,F2,16.3139,OK,0
2026-07-08 04:47:04,F2,16.3138,OK,0
2026-07-08 04:47:14,F2,16.3138,OK,0
2026-07-08 04:47:25,F2,16.3137,OK,0
2026-07-08 04:47:35,F2,16.3137,OK,0
2026-07-08 04:47:45,F2,16.3137,OK,0
2026-07-08 04:47:56,F2,16.3137,OK,0
2026-07-08 04:48:06,F2,16.3137,OK,0
2026-07-08 04:48:16,F2,16.3138,OK,0
2026-07-08 04:48:27,F2,16.3139,OK,0
2026-07-08 04:48:37,F2,16.3140,OK,0
2026-07-08 04:48:47,F2,16.3142,OK,0
2026-07-08 04:48:58,F2,16.3144,OK,0
2026-07-08 04:49:08,F2,16.3146,OK,0
2026-07-08 04:49:18,F2,16.3149,OK,0
2026-07-08 04:49:29,F2,16.3153,OK,0
2026-07-08 04:49:39,F2,16.3157,OK,0
2026-07-08 04:49:49,F2,16.3162,OK,0
2026-07-08 04:50:00,F2,16.3168,OK,0
2026-07-08 04:50:10,F2,16.3174,OK,0
2026-07-08 04:50:20,F2,16.3180,OK,0
2026-07-08 04:50:31,F2,16.3188,OK,1
2026-07-08 04:50:41,F2,16.3196,OK,1
2026-07-08 04:50:51,F2,16.3204,OK,0
2026-07-08 04:51:02,F2,16.3214,OK,0
2026-07-08 04:51:12,F2,16.3224,OK,0
2026-07-08 04:51:22,F2,16.3235,OK,0
2026-07-08 04:51:33,F2,16.3247,OK,0
2026-07-08 04:51:43,F2,16.3259,OK,0
2026-07-08 04:51:53,F2,16.3272,OK,0
2026-07-08 04:52:04,F2,16.3285,OK,0
2026-07-08 04:52:14,F2,16.3299,OK,0
2026-07-08 04:52:24,F2,16.3314,OK,0
2026-07-08 04:52:35,F2,16.3329,OK,0
2026-07-08 04:52:45,F2,16.3344,OK,0
2026-07-08 04:52:55,F2,16.3360,OK,0
2026-07-08 04:53:06,F2,16.3376,OK,0
2026-07-08 04:53:16,F2,16.3392,OK,0
2026-07-08 04:53:26,F2,16.3408,OK,0
2026-07-08 04:53:37,F2,16.3425,OK,0
2026-07-08 04:53:47,F2,16.3442,OK,0
2026-07-08 04:53:57,F2,16.3459,OK,0
2026-07-08 04:54:08,F2,16.3476,OK,0
2026-07-08 04:54:18,F2,16.3493,OK,0
2026-07-08 04:54:28,F2,16.3510,OK,0
2026-07-08 04:54:39,F2,16.3526,OK,0
2026-07-08 04:54:49,F2,16.3543,OK,0
2026-07-08 04:54:59,F2,16.3559,OK,0
2026-07-08 04:55:10,F2,16.3576,OK,0
2026-07-08 04:55:20,F2,16.3591,OK,0
2026-07-08 04:55:30,F2,16.3607,OK,0
2026-07-08 04:55:41,F2,16.3622,OK,0
2026-07-08 04:55:51,F2,16.3637,OK,0
2026-07-08 04:56:01,F2,16.3651,OK,0
2026-07-08 04:56:12,F2,16.3665,OK,0
2026-07-08 04:56:22,F2,16.3679,OK,0
2026-07-08 04:56:32,F2,16.3691,OK,0
2026-07-08 04:56:43,F2,16.3703,OK,0
2026-07-08 04:56:53,F2,16.3715,OK,0
2026-07-08 04:57:03,F2,16.3726,OK,0
2026-07-08 04:57:14,F2,16.3736,OK,0
2026-07-08 04:57:24,F2,16.3745,OK,0
2026-07-08 04:57:34,F2,16.3754,OK,0
2026-07-08 04:57:45,F2,16.3761,OK,1
2026-07-08 04:57:55,F2,16.3768,OK,1
2026-07-08 04:58:05,F2,16.3774,OK,1
2026-07-08 04:58:16,F2,16.3779,OK,1
2026-07-08 04:58:26,F2,16.3783,OK,1
2026-07-08 04:58:37,F2,16.3786,OK,1
2026-07-08 04:58:47,F2,16.3788,OK,0
2026-07-08 04:58:57,F2,16.3790,OK,0
2026-07-08 04:59:08,F2,16.3790,OK,0
2026-07-08 04:59:18,F2,16.3789,OK,0
2026-07-08 04:59:28,F2,16.3787,OK,0
2026-07-08 04:59:39,F2,16.3785,OK,0
2026-07-08 04:59:49,F2,16.3781,OK,0
2026-07-08 04:59:59,F2,16.3777,OK,0
2026-07-08 05:00:10,F2,16.3772,OK,0
2026-07-08 05:00:20,F2,16.3766,OK,0
2026-07-08 05:00:30,F2,16.3760,OK,0
2026-07-08 05:00:41,F2,16.3753,OK,0
2026-07-08 05:00:51,F2,16.3746,OK,0
2026-07-08 05:01:01,F2,16.3738,OK,0
2026-07-08 05:01:12,F2,16.3729,OK,0
2026-07-08 05:01:22,F2,16.3720,OK,0
2026-07-08 05:01:32,F2,16.3711,OK,0
2026-07-08 05:01:43,F2,16.3702,OK,0
2026-07-08 05:01:53,F2,16.3692,OK,0
2026-07-08 05:02:03,F2,16.3683,OK,0
2026-07-08 05:02:14,F2,16.3673,OK,0
2026-07-08 05:02:24,F2,16.3663,OK,0
2026-07-08 05:02:34,F2,16.3653,OK,0
2026-07-08 05:02:45,F2,16.3643,OK,0
2026-07-08 05:02:55,F2,16.3633,OK,0
2026-07-08 05:03:05,F2,16.3623,OK,0
2026-07-08 05:03:16,F2,16.3613,OK,0
2026-07-08 05:03:26,F2,16.3604,OK,0
2026-07-08 05:03:36,F2,16.3595,OK,0
2026-07-08 05:03:47,F2,16.3586,OK,0
2026-07-08 05:03:57,F2,16.3577,OK,0
2026-07-08 05:04:07,F2,16.3569,OK,0
2026-07-08 05:04:18,F2,16.3561,OK,0
2026-07-08 05:04:28,F2,16.3554,OK,1
2026-07-08 05:04:38,F2,16.3547,OK,0
2026-07-08 05:04:49,F2,16.3541,OK,0
2026-07-08 05:04:59,F2,16.3535,OK,0
2026-07-08 05:05:09,F2,16.3530,OK,0
2026-07-08 05:05:20,F2,16.3525,OK,0
2026-07-08 05:05:30,F2,16.3521,OK,0
2026-07-08 05:05:41,F2,16.3518,OK,0
2026-07-08 05:05:51,F2,16.3515,OK,0
2026-07-08 05:06:01,F2,16.3513,OK,0
2026-07-08 05:06:12,F2,16.3512,OK,0
2026-07-08 05:06:22,F2,16.3512,OK,1
2026-07-08 05:06:32,F2,16.3512,OK,1
2026-07-08 05:06:43,F2,16.3514,OK,1
2026-07-08 05:06:53,F2,16.3516,OK,1
2026-07-08 05:07:03,F2,16.3519,OK,1
2026-07-08 05:07:14,F2,16.3522,OK,0
2026-07-08 05:07:24,F2,16.3527,OK,0
2026-07-08 05:07:34,F2,16.3532,OK,0
2026-07-08 05:07:45,F2,16.3539,OK,0
2026-07-08 05:07:55,F2,16.3546,OK,0
2026-07-08 05:08:05,F2,16.3554,OK,0
2026-07-08 05:08:16,F2,16.3562,OK,0
2026-07-08 05:08:26,F2,16.3571,OK,0
2026-07-08 05:08:36,F2,16.3581,OK,0
2026-07-08 05:08:47,F2,16.3592,OK,0
2026-07-08 05:08:57,F2,16.3603,OK,0
2026-07-08 05:09:07,F2,16.3614,OK,0
2026-07-08 05:09:18,F2,16.3626,OK,0
2026-07-08 05:09:28,F2,16.3638,OK,0
2026-07-08 05:09:38,F2,16.3651,OK,0
2026-07-08 05:09:49,F2,16.3664,OK,0
2026-07-08 05:09:59,F2,16.3677,OK,0
2026-07-08 05:10:09,F2,16.3690,OK,0
2026-07-08 05:10:20,F2,16.3703,OK,0
2026-07-08 05:10:30,F2,16.3717,OK,0
2026-07-08 05:10:40,F2,16.3730,OK,0
2026-07-08 05:10:51,F2,16.3743,OK,0
2026-07-08 05:11:01,F2,16.3756,OK,0
2026-07-08 05:11:11,F2,16.3769,OK,0
2026-07-08 05:11:22,F2,16.3782,OK,0
2026-07-08 05:11:32,F2,16.3795,OK,0
2026-07-08 05:11:42,F2,16.3807,OK,0
2026-07-08 05:11:53,F2,16.3819,OK,0
2026-07-08 05:12:03,F2,16.3831,OK,0
2026-07-08 05:12:13,F2,16.3842,OK,0
2026-07-08 05:12:24,F2,16.3853,OK,0
2026-07-08 05:12:34,F2,16.3863,OK,0
2026-07-08 05:12:44,F2,16.3872,OK,0
2026-07-08 05:12:55,F2,16.3881,OK,0
2026-07-08 05:13:05,F2,16.3890,OK,0
2026-07-08 05:13:15,F2,16.3897,OK,0
2026-07-08 05:13:26,F2,16.3904,OK,1
2026-07-08 05:13:36,F2,16.3910,OK,1
2026-07-08 05:13:47,F2,16.3916,OK,1
2026-07-08 05:13:57,F2,16.3920,OK,1
2026-07-08 05:14:07,F2,16.3924,OK,1
2026-07-08 05:14:18,F2,16.3927,OK,0
2026-07-08 05:14:28,F2,16.3929,OK,0
2026-07-08 05:14:38,F2,16.3930,OK,0
2026-07-08 05:14:49,F2,16.3930,OK,0
2026-07-08 05:14:59,F2,16.3929,OK,0
2026-07-08 05:15:09,F2,16.3928,OK,0
2026-07-08 05:15:20,F2,16.3925,OK,0
2026-07-08 05:15:30,F2,16.3922,OK,0
2026-07-08 05:15:40,F2,16.3919,OK,0
2026-07-08 05:15:51,F2,16.3915,OK,0
2026-07-08 05:16:01,F2,16.3910,OK,0
2026-07-08 05:16:11,F2,16.3905,OK,0
2026-07-08 05:16:22,F2,16.3899,OK,0
2026-07-08 05:16:32,F2,16.3893,OK,0
2026-07-08 05:16:42,F2,16.3886,OK,0
2026-07-08 05:16:53,F2,16.3879,OK,0
2026-07-08 05:17:03,F2,16.3872,OK,0
2026-07-08 05:17:13,F2,16.3864,OK,0
2026-07-08 05:17:24,F2,16.3856,OK,0
2026-07-08 05:17:34,F2,16.3849,OK,0
2026-07-08 05:17:44,F2,16.3841,OK,0
2026-07-08 05:17:55,F2,16.3833,OK,0
2026-07-08 05:18:05,F2,16.3825,OK,0
2026-07-08 05:18:15,F2,16.3817,OK,0
2026-07-08 05:18:26,F2,16.3809,OK,0
2026-07-08 05:18:36,F2,16.3801,OK,0
2026-07-08 05:18:46,F2,16.3794,OK,0
2026-07-08 05:18:57,F2,16.3786,OK,0
2026-07-08 05:19:07,F2,16.3779,OK,0
2026-07-08 05:19:17,F2,16.3773,OK,0
2026-07-08 05:19:28,F2,16.3766,OK,0
2026-07-08 05:19:38,F2,16.3760,OK,0
2026-07-08 05:19:48,F2,16.3755,OK,0
2026-07-08 05:19:59,F2,16.3750,OK,0
2026-07-08 05:20:09,F2,16.3746,OK,0
2026-07-08 05:20:19,F2,16.3742,OK,0
2026-07-08 05:20:30,F2,16.3738,OK,0
2026-07-08 05:20:40,F2,16.3736,OK,0
2026-07-08 05:20:50,F2,16.3734,OK,0
2026-07-08 05:21:01,F2,16.3733,OK,0
2026-07-08 05:21:11,F2,16.3732,OK,0
2026-07-08 05:21:21,F2,16.3732,OK,0
2026-07-08 05:21:32,F2,16.3733,OK,0
2026-07-08 05:21:42,F2,16.3735,OK,0
2026-07-08 05:21:52,F2,16.3738,OK,0
2026-07-08 05:22:03,F2,16.3741,OK,0
2026-07-08 05:22:13,F2,16.3746,OK,0
2026-07-08 05:22:23,F2,16.3751,OK,1
2026-07-08 05:22:34,F2,16.3757,OK,1
2026-07-08 05:22:44,F2,16.3764,OK,0
2026-07-08 05:22:54,F2,16.3772,OK,0
2026-07-08 05:23:05,F2,16.3781,OK,0
2026-07-08 05:23:15,F2,16.3791,OK,0
2026-07-08 05:23:25,F2,16.3802,OK,0
2026-07-08 05:23:36,F2,16.3813,OK,0
2026-07-08 05:23:46,F2,16.3825,OK,0
2026-07-08 05:23:56,F2,16.3838,OK,0
2026-07-08 05:24:07,F2,16.3851,OK,0
2026-07-08 05:24:17,F2,16.3865,OK,0
2026-07-08 05:24:27,F2,16.3880,OK,0
2026-07-08 05:24:38,F2,16.3895,OK,0
2026-07-08 05:24:48,F2,16.3910,OK,0
2026-07-08 05:24:58,F2,16.3926,OK,0
2026-07-08 05:25:09,F2,16.3942,OK,0
2026-07-08 05:25:19,F2,16.3959,OK,0
2026-07-08 05:25:29,F2,16.3975,OK,0
2026-07-08 05:25:40,F2,16.3992,OK,0
2026-07-08 05:25:50,F2,16.4009,OK,0
2026-07-08 05:26:00,F2,16.4026,OK,0
2026-07-08 05:26:11,F2,16.4043,OK,0
2026-07-08 05:26:21,F2,16.4060,OK,0
2026-07-08 05:26:31,F2,16.4076,OK,0
2026-07-08 05:26:42,F2,16.4093,OK,0
2026-07-08 05:26:52,F2,16.4109,OK,0
2026-07-08 05:27:02,F2,16.4125,OK,0
2026-07-08 05:27:13,F2,16.4141,OK,0
2026-07-08 05:27:23,F2,16.4156,OK,0
2026-07-08 05:27:33,F2,16.4171,OK,0
2026-07-08 05:27:44,F2,16.4185,OK,0
2026-07-08 05:27:54,F2,16.4199,OK,0
2026-07-08 05:28:04,F2,16.4212,OK,0
2026-07-08 05:28:15,F2,16.4225,OK,0
2026-07-08 05:28:25,F2,16.4237,OK,0
2026-07-08 05:28:35,F2,16.4249,OK,0
2026-07-08 05:28:46,F2,16.4260,OK,0
2026-07-08 05:28:56,F2,16.4270,OK,0
2026-07-08 05:29:06,F2,16.4279,OK,0
2026-07-08 05:29:17,F2,16.4288,OK,0
2026-07-08 05:29:27,F2,16.4295,OK,1
2026-07-08 05:29:37,F2,16.4302,OK,1
2026-07-08 05:29:48,F2,16.4308,OK,1
2026-07-08 05:29:58,F2,16.4313,OK,1
2026-07-08 05:30:08,F2,16.4316,OK,1
2026-07-08 05:30:19,F2,16.4319,OK,1
2026-07-08 05:30:29,F2,16.4321,OK,0
2026-07-08 05:30:39,F2,16.4322,OK,0
2026-07-08 05:30:50,F2,16.4322,OK,0
2026-07-08 05:31:00,F2,16.4320,OK,0
2026-07-08 05:31:10,F2,16.4318,OK,0
2026-07-08 05:31:21,F2,16.4315,OK,0
2026-07-08 05:31:31,F2,16.4311,OK,0
2026-07-08 05:31:41,F2,16.4306,OK,0
2026-07-08 05:31:52,F2,16.4300,OK,0
2026-07-08 05:32:02,F2,16.4294,OK,0
2026-07-08 05:32:13,F2,16.4286,OK,0
2026-07-08 05:32:23,F2,16.4278,OK,0
2026-07-08 05:32:33,F2,16.4270,OK,0
2026-07-08 05:32:44,F2,16.4261,OK,0
2026-07-08 05:32:54,F2,16.4251,OK,0
2026-07-08 05:33:04,F2,16.4241,OK,0
2026-07-08 05:33:15,F2,16.4230,OK,0
2026-07-08 05:33:25,F2,16.4219,OK,0
2026-07-08 05:33:35,F2,16.4207,OK,0
2026-07-08 05:33:46,F2,16.4195,OK,0
2026-07-08 05:33:56,F2,16.4183,OK,0
2026-07-08 05:34:06,F2,16.4171,OK,0
2026-07-08 05:34:17,F2,16.4159,OK,0
2026-07-08 05:34:27,F2,16.4146,OK,0
2026-07-08 05:34:37,F2,16.4134,OK,0
2026-07-08 05:34:48,F2,16.4121,OK,0
2026-07-08 05:34:58,F2,16.4109,OK,0
2026-07-08 05:35:08,F2,16.4097,OK,0
2026-07-08 05:35:19,F2,16.4084,OK,0
2026-07-08 05:35:29,F2,16.4072,OK,0
2026-07-08 05:35:39,F2,16.4061,OK,0
2026-07-08 05:35:50,F2,16.4049,OK,0
2026-07-08 05:36:00,F2,16.4038,OK,0
2026-07-08 05:36:10,F2,16.4028,OK,0
2026-07-08 05:36:21,F2,16.4017,OK,0
2026-07-08 05:36:31,F2,16.4008,OK,0
2026-07-08 05:36:41,F2,16.3998,OK,0
2026-07-08 05:36:52,F2,16.3990,OK,0
2026-07-08 05:37:02,F2,16.3982,OK,0
2026-07-08 05:37:12,F2,16.3974,OK,0
2026-07-08 05:37:23,F2,16.3967,OK,0
2026-07-08 05:37:33,F2,16.3961,OK,0
2026-07-08 05:37:43,F2,16.3955,OK,0
2026-07-08 05:37:54,F2,16.3951,OK,0
2026-07-08 05:38:04,F2,16.3947,OK,1
2026-07-08 05:38:14,F2,16.3944,OK,1
2026-07-08 05:38:25,F2,16.3941,OK,1
2026-07-08 05:38:35,F2,16.3940,OK,0
2026-07-08 05:38:45,F2,16.3939,OK,0
2026-07-08 05:38:56,F2,16.3940,OK,0
2026-07-08 05:39:06,F2,16.3941,OK,0
2026-07-08 05:39:16,F2,16.3943,OK,0
2026-07-08 05:39:27,F2,16.3945,OK,0
2026-07-08 05:39:37,F2,16.3948,OK,0
2026-07-08 05:39:47,F2,16.3952,OK,0
2026-07-08 05:39:58,F2,16.3957,OK,0
2026-07-08 05:40:08,F2,16.3962,OK,0
2026-07-08 05:40:18,F2,16.3968,OK,0
2026-07-08 05:40:29,F2,16.3974,OK,0
2026-07-08 05:40:39,F2,16.3980,OK,0
2026-07-08 05:40:49,F2,16.3987,OK,0
2026-07-08 05:41:00,F2,16.3994,OK,0
2026-07-08 05:41:10,F2,16.4002,OK,0
2026-07-08 05:41:20,F2,16.4009,OK,0
2026-07-08 05:41:31,F2,16.4017,OK,0
2026-07-08 05:41:41,F2,16.4025,OK,0
2026-07-08 05:41:51,F2,16.4033,OK,0
2026-07-08 05:42:02,F2,16.4041,OK,0
2026-07-08 05:42:12,F2,16.4048,OK,0
2026-07-08 05:42:22,F2,16.4056,OK,0
2026-07-08 05:42:33,F2,16.4064,OK,0
2026-07-08 05:42:43,F2,16.4071,OK,0
2026-07-08 05:42:53,F2,16.4078,OK,0
2026-07-08 05:43:04,F2,16.4085,OK,0
2026-07-08 05:43:14,F2,16.4092,OK,0
2026-07-08 05:43:24,F2,16.4098,OK,0
2026-07-08 05:43:35,F2,16.4104,OK,0
2026-07-08 05:43:45,F2,16.4109,OK,0
2026-07-08 05:43:55,F2,16.4114,OK,0
2026-07-08 05:44:06,F2,16.4119,OK,0
2026-07-08 05:44:16,F2,16.4123,OK,0
2026-07-08 05:44:26,F2,16.4127,OK,0
2026-07-08 05:44:37,F2,16.4130,OK,0
2026-07-08 05:44:47,F2,16.4132,OK,0
2026-07-08 05:44:57,F2,16.4134,OK,0
2026-07-08 05:45:08,F2,16.4135,OK,0
2026-07-08 05:45:18,F2,16.4135,OK,0
2026-07-08 05:45:28,F2,16.4134,OK,1
2026-07-08 05:45:39,F2,16.4133,OK,1
2026-07-08 05:45:49,F2,16.4131,OK,1
2026-07-08 05:45:59,F2,16.4128,OK,1
2026-07-08 05:46:10,F2,16.4124,OK,1
2026-07-08 05:46:20,F2,16.4119,OK,0
2026-07-08 05:46:30,F2,16.4114,OK,0
2026-07-08 05:46:41,F2,16.4107,OK,0
2026-07-08 05:46:51,F2,16.4100,OK,0
2026-07-08 05:47:01,F2,16.4092,OK,0
2026-07-08 05:47:12,F2,16.4083,OK,0
2026-07-08 05:47:22,F2,16.4073,OK,0
2026-07-08 05:47:33,F2,16.4062,OK,0
2026-07-08 05:47:43,F2,16.4051,OK,0
2026-07-08 05:47:53,F2,16.4039,OK,0
2026-07-08 05:48:04,F2,16.4027,OK,0
2026-07-08 05:48:14,F2,16.4014,OK,0
2026-07-08 05:48:24,F2,16.4000,OK,0
2026-07-08 05:48:34,F2,16.3986,OK,0
2026-07-08 05:48:45,F2,16.3971,OK,0
2026-07-08 05:48:55,F2,16.3956,OK,0
2026-07-08 05:49:06,F2,16.3941,OK,0
2026-07-08 05:49:16,F2,16.3925,OK,0
2026-07-08 05:49:26,F2,16.3910,OK,0
2026-07-08 05:49:37,F2,16.3894,OK,0
2026-07-08 05:49:47,F2,16.3878,OK,0
2026-07-08 05:49:57,F2,16.3861,OK,0
2026-07-08 05:50:08,F2,16.3845,OK,0
2026-07-08 05:50:18,F2,16.3829,OK,0
2026-07-08 05:50:28,F2,16.3813,OK,0
2026-07-08 05:50:39,F2,16.3797,OK,0
2026-07-08 05:50:49,F2,16.3782,OK,0
2026-07-08 05:50:59,F2,16.3767,OK,0
2026-07-08 05:51:10,F2,16.3752,OK,0
2026-07-08 05:51:20,F2,16.3738,OK,0
2026-07-08 05:51:30,F2,16.3724,OK,0
2026-07-08 05:51:41,F2,16.3710,OK,0
2026-07-08 05:51:51,F2,16.3697,OK,0
2026-07-08 05:52:01,F2,16.3685,OK,0
2026-07-08 05:52:12,F2,16.3673,OK,0
2026-07-08 05:52:22,F2,16.3663,OK,0
2026-07-08 05:52:32,F2,16.3652,OK,0
2026-07-08 05:52:43,F2,16.3643,OK,0
2026-07-08 05:52:53,F2,16.3635,OK,0
2026-07-08 05:53:03,F2,16.3627,OK,0
2026-07-08 05:53:14,F2,16.3620,OK,1
2026-07-08 05:53:24,F2,16.3615,OK,1
2026-07-08 05:53:34,F2,16.3610,OK,1
2026-07-08 05:53:45,F2,16.3606,OK,1
2026-07-08 05:53:55,F2,16.3604,OK,1
2026-07-08 05:54:05,F2,16.3602,OK,0
2026-07-08 05:54:16,F2,16.3602,OK,0
2026-07-08 05:54:26,F2,16.3602,OK,0
2026-07-08 05:54:36,F2,16.3604,OK,0
2026-07-08 05:54:47,F2,16.3607,OK,0
2026-07-08 05:54:57,F2,16.3610,OK,0
2026-07-08 05:55:07,F2,16.3615,OK,0
2026-07-08 05:55:18,F2,16.3621,OK,0
2026-07-08 05:55:28,F2,16.3627,OK,0
2026-07-08 05:55:38,F2,16.3634,OK,0
2026-07-08 05:55:49,F2,16.3642,OK,0
2026-07-08 05:55:59,F2,16.3651,OK,0
2026-07-08 05:56:09,F2,16.3660,OK,0
2026-07-08 05:56:20,F2,16.3670,OK,0
2026-07-08 05:56:30,F2,16.3681,OK,0
2026-07-08 05:56:40,F2,16.3692,OK,0
2026-07-08 05:56:51,F2,16.3703,OK,0
2026-07-08 05:57:01,F2,16.3715,OK,0
2026-07-08 05:57:11,F2,16.3727,OK,0
2026-07-08 05:57:22,F2,16.3740,OK,0
2026-07-08 05:57:32,F2,16.3752,OK,0
2026-07-08 05:57:42,F2,16.3765,OK,0
2026-07-08 05:57:53,F2,16.3778,OK,0
2026-07-08 05:58:03,F2,16.3791,OK,0
2026-07-08 05:58:13,F2,16.3804,OK,0
2026-07-08 05:58:24,F2,16.3818,OK,0
2026-07-08 05:58:34,F2,16.3831,OK,0
2026-07-08 05:58:44,F2,16.3844,OK,0
2026-07-08 05:58:55,F2,16.3857,OK,0
2026-07-08 05:59:05,F2,16.3870,OK,0
2026-07-08 05:59:15,F2,16.3882,OK,1
2026-07-08 05:59:26,F2,16.3894,OK,1
2026-07-08 05:59:36,F2,16.3906,OK,1
2026-07-08 05:59:46,F2,16.3918,OK,1
2026-07-08 05:59:57,F2,16.3930,OK,1
2026-07-08 06:00:07,F2,16.3940,OK,1
2026-07-08 06:00:17,F2,16.3951,OK,0
2026-07-08 06:00:28,F2,16.3961,OK,0
2026-07-08 06:00:38,F2,16.3971,OK,0
2026-07-08 06:00:48,F2,16.3980,OK,0
2026-07-08 06:00:59,F2,16.3989,OK,0
2026-07-08 06:01:09,F2,16.3998,OK,0
2026-07-08 06:01:19,F2,16.4006,OK,0
2026-07-08 06:01:30,F2,16.4014,OK,0
2026-07-08 06:01:40,F2,16.4021,OK,0
2026-07-08 06:01:50,F2,16.4029,OK,0
2026-07-08 06:02:01,F2,16.4036,OK,0
2026-07-08 06:02:11,F2,16.4043,OK,0
2026-07-08 06:02:21,F2,16.4050,OK,0
2026-07-08 06:02:32,F2,16.4057,OK,0
2026-07-08 06:02:42,F2,16.4064,OK,0
2026-07-08 06:02:52,F2,16.4071,OK,0
2026-07-08 06:03:03,F2,16.4078,OK,0
2026-07-08 06:03:13,F2,16.4085,OK,0
2026-07-08 06:03:23,F2,16.4093,OK,0
2026-07-08 06:03:34,F2,16.4100,OK,0
2026-07-08 06:03:44,F2,16.4108,OK,0
2026-07-08 06:03:54,F2,16.4116,OK,0
2026-07-08 06:04:05,F2,16.4124,OK,0
2026-07-08 06:04:15,F2,16.4133,OK,0
2026-07-08 06:04:25,F2,16.4142,OK,0
2026-07-08 06:04:36,F2,16.4151,OK,0
2026-07-08 06:04:46,F2,16.4162,OK,0
2026-07-08 06:04:56,F2,16.4172,OK,0
2026-07-08 06:05:07,F2,16.4183,OK,0
2026-07-08 06:05:17,F2,16.4195,OK,0
2026-07-08 06:05:27,F2,16.4208,OK,0
2026-07-08 06:05:38,F2,16.4221,OK,0
2026-07-08 06:05:48,F2,16.4235,OK,0
2026-07-08 06:05:58,F2,16.4250,OK,0
2026-07-08 06:06:09,F2,16.4266,OK,0
2026-07-08 06:06:19,F2,16.4282,OK,0
2026-07-08 06:06:29,F2,16.4300,OK,0
2026-07-08 06:06:40,F2,16.4318,OK,0
2026-07-08 06:06:50,F2,16.4338,OK,0
2026-07-08 06:07:00,F2,16.4358,OK,1
2026-07-08 06:07:11,F2,16.4380,OK,0
2026-07-08 06:07:21,F2,16.4402,OK,1
2026-07-08 06:07:31,F2,16.4426,OK,0
2026-07-08 06:07:42,F2,16.4450,OK,0
2026-07-08 06:07:52,F2,16.4476,OK,0
2026-07-08 06:08:02,F2,16.4503,OK,0
2026-07-08 06:08:13,F2,16.4530,OK,0
2026-07-08 06:08:23,F2,16.4559,OK,0
2026-07-08 06:08:33,F2,16.4589,OK,0
2026-07-08 06:08:44,F2,16.4619,OK,0
2026-07-08 06:08:54,F2,16.4651,OK,0
2026-07-08 06:09:04,F2,16.4683,OK,0
2026-07-08 06:09:15,F2,16.4717,OK,0
2026-07-08 06:09:25,F2,16.4750,OK,0
2026-07-08 06:09:35,F2,16.4785,OK,0
2026-07-08 06:09:46,F2,16.4820,OK,0
2026-07-08 06:09:56,F2,16.4856,OK,0
2026-07-08 06:10:06,F2,16.4892,OK,0
2026-07-08 06:10:17,F2,16.4929,OK,0
2026-07-08 06:10:27,F2,16.4966,OK,0
2026-07-08 06:10:37,F2,16.5004,OK,0
2026-07-08 06:10:48,F2,16.5041,OK,0
2026-07-08 06:10:58,F2,16.5079,OK,0
2026-07-08 06:11:08,F2,16.5118,OK,0
2026-07-08 06:11:19,F2,16.5156,OK,0
2026-07-08 06:11:29,F2,16.5194,OK,0
2026-07-08 06:11:39,F2,16.5233,OK,0
2026-07-08 06:11:50,F2,16.5271,OK,0
2026-07-08 06:12:00,F2,16.5310,OK,0
2026-07-08 06:12:10,F2,16.5348,OK,0
2026-07-08 06:12:21,F2,16.5386,OK,0
2026-07-08 06:12:31,F2,16.5424,OK,0
2026-07-08 06:12:41,F2,16.5461,OK,0
2026-07-08 06:12:52,F2,16.5498,OK,0
2026-07-08 06:13:02,F2,16.5535,OK,0
2026-07-08 06:13:12,F2,16.5572,OK,0
2026-07-08 06:13:23,F2,16.5608,OK,0
2026-07-08 06:13:33,F2,16.5643,OK,0
2026-07-08 06:13:43,F2,16.5678,OK,0
2026-07-08 06:13:54,F2,16.5712,OK,0
2026-07-08 06:14:04,F2,16.5746,OK,0
2026-07-08 06:14:15,F2,16.5779,OK,1
2026-07-08 06:14:25,F2,16.5811,OK,1
2026-07-08 06:14:35,F2,16.5842,OK,1
2026-07-08 06:14:46,F2,16.5873,OK,1
2026-07-08 06:14:56,F2,16.5903,OK,1
2026-07-08 06:15:06,F2,16.5932,OK,1
2026-07-08 06:15:17,F2,16.5960,OK,0
2026-07-08 06:15:27,F2,16.5987,OK,0
2026-07-08 06:15:37,F2,16.6013,OK,0
2026-07-08 06:15:48,F2,16.6038,OK,0
2026-07-08 06:15:58,F2,16.6062,OK,0
2026-07-08 06:16:08,F2,16.6086,OK,0
2026-07-08 06:16:19,F2,16.6108,OK,0
2026-07-08 06:16:29,F2,16.6130,OK,0
2026-07-08 06:16:39,F2,16.6151,OK,0
2026-07-08 06:16:50,F2,16.6171,OK,0
2026-07-08 06:17:00,F2,16.6191,OK,0
2026-07-08 06:17:10,F2,16.6210,OK,0
2026-07-08 06:17:21,F2,16.6228,OK,0
2026-07-08 06:17:31,F2,16.6245,OK,0
2026-07-08 06:17:41,F2,16.6262,OK,0
2026-07-08 06:17:52,F2,16.6279,OK,0
2026-07-08 06:18:02,F2,16.6295,OK,0
2026-07-08 06:18:12,F2,16.6310,OK,0
2026-07-08 06:18:23,F2,16.6326,OK,0
2026-07-08 06:18:33,F2,16.6341,OK,0
2026-07-08 06:18:43,F2,16.6355,OK,0
2026-07-08 06:18:54,F2,16.6370,OK,0
2026-07-08 06:19:04,F2,16.6384,OK,0
2026-07-08 06:19:14,F2,16.6398,OK,0
2026-07-08 06:19:25,F2,16.6413,OK,0
2026-07-08 06:19:35,F2,16.6427,OK,0
2026-07-08 06:19:45,F2,16.6442,OK,0
2026-07-08 06:19:56,F2,16.6456,OK,0
2026-07-08 06:20:06,F2,16.6471,OK,0
2026-07-08 06:20:16,F2,16.6486,OK,0
2026-07-08 06:20:27,F2,16.6501,OK,0
2026-07-08 06:20:37,F2,16.6517,OK,1
2026-07-08 06:20:47,F2,16.6533,OK,0
2026-07-08 06:20:58,F2,16.6550,OK,0
2026-07-08 06:21:08,F2,16.6566,OK,0
2026-07-08 06:21:18,F2,16.6584,OK,0
2026-07-08 06:21:29,F2,16.6602,OK,0
2026-07-08 06:21:39,F2,16.6620,OK,0
2026-07-08 06:21:49,F2,16.6640,OK,0
2026-07-08 06:22:00,F2,16.6659,OK,0
2026-07-08 06:22:10,F2,16.6680,OK,0
2026-07-08 06:22:20,F2,16.6701,OK,0
2026-07-08 06:22:31,F2,16.6723,OK,0
2026-07-08 06:22:41,F2,16.6745,OK,0
2026-07-08 06:22:52,F2,16.6768,OK,0
2026-07-08 06:23:02,F2,16.6792,OK,0
2026-07-08 06:23:12,F2,16.6817,OK,0
2026-07-08 06:23:23,F2,16.6843,OK,0
2026-07-08 06:23:33,F2,16.6869,OK,1
2026-07-08 06:23:43,F2,16.6896,OK,0
2026-07-08 06:23:53,F2,16.6924,OK,0
2026-07-08 06:24:04,F2,16.6953,OK,1
2026-07-08 06:24:14,F2,16.6983,OK,1
2026-07-08 06:24:24,F2,16.7013,OK,0
2026-07-08 06:24:35,F2,16.7045,OK,0
2026-07-08 06:24:45,F2,16.7077,OK,0
2026-07-08 06:24:55,F2,16.7110,OK,0
2026-07-08 06:25:06,F2,16.7143,OK,0
2026-07-08 06:25:16,F2,16.7178,OK,0
2026-07-08 06:25:26,F2,16.7213,OK,0
2026-07-08 06:25:37,F2,16.7248,OK,0
2026-07-08 06:25:47,F2,16.7284,OK,0
2026-07-08 06:25:57,F2,16.7321,OK,0
2026-07-08 06:26:08,F2,16.7358,OK,0
2026-07-08 06:26:18,F2,16.7395,OK,0
2026-07-08 06:26:28,F2,16.7433,OK,0
2026-07-08 06:26:39,F2,16.7471,OK,0
2026-07-08 06:26:49,F2,16.7510,OK,0
2026-07-08 06:26:59,F2,16.7548,OK,0
2026-07-08 06:27:10,F2,16.7587,OK,0
2026-07-08 06:27:20,F2,16.7626,OK,0
2026-07-08 06:27:30,F2,16.7665,OK,0
2026-07-08 06:27:41,F2,16.7704,OK,0
2026-07-08 06:27:51,F2,16.7743,OK,0
2026-07-08 06:28:01,F2,16.7782,OK,1
2026-07-08 06:28:12,F2,16.7821,OK,0
2026-07-08 06:28:22,F2,16.7860,OK,0
2026-07-08 06:28:32,F2,16.7898,OK,0
2026-07-08 06:28:43,F2,16.7937,OK,0
2026-07-08 06:28:53,F2,16.7975,OK,0
2026-07-08 06:29:03,F2,16.8013,OK,0
2026-07-08 06:29:14,F2,16.8050,OK,0
2026-07-08 06:29:24,F2,16.8087,OK,0
2026-07-08 06:29:34,F2,16.8124,OK,0
2026-07-08 06:29:45,F2,16.8160,OK,0
2026-07-08 06:29:55,F2,16.8195,OK,1
2026-07-08 06:30:05,F2,16.8231,OK,1
2026-07-08 06:30:16,F2,16.8265,OK,1
2026-07-08 06:30:26,F2,16.8299,OK,1
2026-07-08 06:30:36,F2,16.8332,OK,1
2026-07-08 06:30:47,F2,16.8364,OK,1
2026-07-08 06:30:57,F2,16.8396,OK,0
2026-07-08 06:31:07,F2,16.8427,OK,0
2026-07-08 06:31:18,F2,16.8457,OK,0
2026-07-08 06:31:28,F2,16.8487,OK,0
2026-07-08 06:31:38,F2,16.8516,OK,0
2026-07-08 06:31:49,F2,16.8544,OK,0
2026-07-08 06:31:59,F2,16.8571,OK,0
2026-07-08 06:32:09,F2,16.8598,OK,0
2026-07-08 06:32:20,F2,16.8624,OK,0
2026-07-08 06:32:30,F2,16.8650,OK,0
2026-07-08 06:32:40,F2,16.8675,OK,0
2026-07-08 06:32:51,F2,16.8700,OK,0
2026-07-08 06:33:01,F2,16.8725,OK,0
2026-07-08 06:33:11,F2,16.8749,OK,0
2026-07-08 06:33:22,F2,16.8772,OK,0
2026-07-08 06:33:32,F2,16.8796,OK,0
2026-07-08 06:33:42,F2,16.8819,OK,0
2026-07-08 06:33:53,F2,16.8842,OK,0
2026-07-08 06:34:03,F2,16.8864,OK,0
2026-07-08 06:34:13,F2,16.8887,OK,0
2026-07-08 06:34:24,F2,16.8909,OK,0
2026-07-08 06:34:34,F2,16.8932,OK,0
2026-07-08 06:34:44,F2,16.8955,OK,0
2026-07-08 06:34:55,F2,16.8977,OK,0
2026-07-08 06:35:05,F2,16.9000,OK,0
2026-07-08 06:35:15,F2,16.9023,OK,0
2026-07-08 06:35:26,F2,16.9046,OK,0
2026-07-08 06:35:36,F2,16.9070,OK,0
2026-07-08 06:35:46,F2,16.9094,OK,0
2026-07-08 06:35:57,F2,16.9118,OK,0
2026-07-08 06:36:07,F2,16.9142,OK,0
2026-07-08 06:36:17,F2,16.9167,OK,0
2026-07-08 06:36:28,F2,16.9192,OK,0
2026-07-08 06:36:38,F2,16.9218,OK,0
2026-07-08 06:36:49,F2,16.9244,OK,0
2026-07-08 06:36:59,F2,16.9270,OK,0
2026-07-08 06:37:09,F2,16.9297,OK,0
2026-07-08 06:37:20,F2,16.9325,OK,0
2026-07-08 06:37:30,F2,16.9353,OK,0
2026-07-08 06:37:40,F2,16.9382,OK,0
2026-07-08 06:37:51,F2,16.9412,OK,1
2026-07-08 06:38:01,F2,16.9442,OK,1
2026-07-08 06:38:11,F2,16.9472,OK,1
2026-07-08 06:38:22,F2,16.9504,OK,1
2026-07-08 06:38:32,F2,16.9536,OK,1
2026-07-08 06:38:42,F2,16.9569,OK,1
2026-07-08 06:38:53,F2,16.9603,OK,0
2026-07-08 06:39:03,F2,16.9637,OK,0
2026-07-08 06:39:13,F2,16.9672,OK,0
2026-07-08 06:39:24,F2,16.9708,OK,0
2026-07-08 06:39:34,F2,16.9744,OK,0
2026-07-08 06:39:44,F2,16.9781,OK,0
2026-07-08 06:39:55,F2,16.9819,OK,0
2026-07-08 06:40:05,F2,16.9857,OK,0
2026-07-08 06:40:15,F2,16.9896,OK,0
2026-07-08 06:40:26,F2,16.9935,OK,0
2026-07-08 06:40:36,F2,16.9974,OK,0
2026-07-08 06:40:46,F2,17.0014,OK,0
2026-07-08 06:40:57,F2,17.0054,OK,0
2026-07-08 06:41:07,F2,17.0094,OK,0
2026-07-08 06:41:17,F2,17.0134,OK,0
2026-07-08 06:41:28,F2,17.0175,OK,0
2026-07-08 06:41:38,F2,17.0216,OK,0
2026-07-08 06:41:48,F2,17.0256,OK,0
2026-07-08 06:41:59,F2,17.0297,OK,0
2026-07-08 06:42:09,F2,17.0337,OK,0
2026-07-08 06:42:19,F2,17.0378,OK,0
2026-07-08 06:42:30,F2,17.0418,OK,0
2026-07-08 06:42:40,F2,17.0458,OK,0
2026-07-08 06:42:50,F2,17.0498,OK,0
2026-07-08 06:43:01,F2,17.0537,OK,0
2026-07-08 06:43:11,F2,17.0576,OK,0
2026-07-08 06:43:22,F2,17.0615,OK,0
2026-07-08 06:43:32,F2,17.0653,OK,0
2026-07-08 06:43:42,F2,17.0691,OK,0
2026-07-08 06:43:53,F2,17.0728,OK,0
2026-07-08 06:44:03,F2,17.0765,OK,0
2026-07-08 06:44:13,F2,17.0801,OK,0
2026-07-08 06:44:24,F2,17.0836,OK,0
2026-07-08 06:44:34,F2,17.0870,OK,0
2026-07-08 06:44:44,F2,17.0904,OK,0
2026-07-08 06:44:55,F2,17.0937,OK,0
2026-07-08 06:45:05,F2,17.0969,OK,0
2026-07-08 06:45:15,F2,17.1000,OK,1
2026-07-08 06:45:25,F2,17.1030,OK,1
2026-07-08 06:45:36,F2,17.1058,OK,1
2026-07-08 06:45:46,F2,17.1086,OK,1
2026-07-08 06:45:56,F2,17.1113,OK,1
2026-07-08 06:46:07,F2,17.1139,OK,0
2026-07-08 06:46:17,F2,17.1163,OK,0
2026-07-08 06:46:27,F2,17.1186,OK,0
2026-07-08 06:46:38,F2,17.1209,OK,0
2026-07-08 06:46:48,F2,17.1230,OK,0
2026-07-08 06:46:58,F2,17.1250,OK,0
2026-07-08 06:47:09,F2,17.1268,OK,0
2026-07-08 06:47:19,F2,17.1286,OK,0
2026-07-08 06:47:29,F2,17.1303,OK,0
2026-07-08 06:47:40,F2,17.1319,OK,0
2026-07-08 06:47:50,F2,17.1334,OK,0
2026-07-08 06:48:00,F2,17.1348,OK,0
2026-07-08 06:48:11,F2,17.1361,OK,0
2026-07-08 06:48:21,F2,17.1373,OK,0
2026-07-08 06:48:31,F2,17.1385,OK,0
2026-07-08 06:48:42,F2,17.1395,OK,0
2026-07-08 06:48:52,F2,17.1405,OK,0
2026-07-08 06:49:02,F2,17.1415,OK,0
2026-07-08 06:49:13,F2,17.1423,OK,0
2026-07-08 06:49:23,F2,17.1431,OK,0
2026-07-08 06:49:33,F2,17.1439,OK,0
2026-07-08 06:49:44,F2,17.1446,OK,0
2026-07-08 06:49:54,F2,17.1453,OK,0
2026-07-08 06:50:04,F2,17.1459,OK,0
2026-07-08 06:50:15,F2,17.1465,OK,0
2026-07-08 06:50:25,F2,17.1471,OK,0
2026-07-08 06:50:35,F2,17.1477,OK,0
2026-07-08 06:50:46,F2,17.1482,OK,0
2026-07-08 06:50:56,F2,17.1487,OK,0
2026-07-08 06:51:06,F2,17.1492,OK,0
2026-07-08 06:51:17,F2,17.1497,OK,0
2026-07-08 06:51:27,F2,17.1502,OK,0
2026-07-08 06:51:37,F2,17.1507,OK,0
2026-07-08 06:51:48,F2,17.1512,OK,0
2026-07-08 06:51:58,F2,17.1518,OK,0
2026-07-08 06:52:08,F2,17.1523,OK,0
2026-07-08 06:52:19,F2,17.1528,OK,0
2026-07-08 06:52:29,F2,17.1534,OK,0
2026-07-08 06:52:40,F2,17.1540,OK,0
2026-07-08 06:52:50,F2,17.1546,OK,0
2026-07-08 06:53:00,F2,17.1553,OK,0
2026-07-08 06:53:11,F2,17.1560,OK,0
2026-07-08 06:53:21,F2,17.1567,OK,1
2026-07-08 06:53:31,F2,17.1575,OK,1
2026-07-08 06:53:42,F2,17.1583,OK,1
2026-07-08 06:53:52,F2,17.1591,OK,1
2026-07-08 06:54:02,F2,17.1600,OK,0
2026-07-08 06:54:13,F2,17.1609,OK,0
2026-07-08 06:54:23,F2,17.1619,OK,0
2026-07-08 06:54:33,F2,17.1630,OK,0
2026-07-08 06:54:44,F2,17.1640,OK,0
2026-07-08 06:54:54,F2,17.1651,OK,0
2026-07-08 06:55:04,F2,17.1663,OK,0
2026-07-08 06:55:15,F2,17.1675,OK,0
2026-07-08 06:55:25,F2,17.1687,OK,0
2026-07-08 06:55:35,F2,17.1699,OK,0
2026-07-08 06:55:46,F2,17.1711,OK,0
2026-07-08 06:55:56,F2,17.1724,OK,0
2026-07-08 06:56:06,F2,17.1736,OK,0
2026-07-08 06:56:17,F2,17.1749,OK,0
2026-07-08 06:56:27,F2,17.1761,OK,0
2026-07-08 06:56:37,F2,17.1774,OK,0
2026-07-08 06:56:48,F2,17.1786,OK,0
2026-07-08 06:56:58,F2,17.1798,OK,0
2026-07-08 06:57:08,F2,17.1810,OK,0
2026-07-08 06:57:19,F2,17.1822,OK,0
2026-07-08 06:57:29,F2,17.1833,OK,0
2026-07-08 06:57:39,F2,17.1844,OK,0
2026-07-08 06:57:50,F2,17.1855,OK,0
2026-07-08 06:58:00,F2,17.1865,OK,0
2026-07-08 06:58:10,F2,17.1875,OK,0
2026-07-08 06:58:21,F2,17.1884,OK,0
2026-07-08 06:58:31,F2,17.1893,OK,0
2026-07-08 06:58:41,F2,17.1901,OK,0
2026-07-08 06:58:52,F2,17.1908,OK,0
2026-07-08 06:59:02,F2,17.1914,OK,0
2026-07-08 06:59:12,F2,17.1920,OK,0
2026-07-08 06:59:23,F2,17.1925,OK,0
2026-07-08 06:59:33,F2,17.1929,OK,0
2026-07-08 06:59:43,F2,17.1933,OK,0
2026-07-08 06:59:54,F2,17.1935,OK,0
2026-07-08 07:00:04,F2,17.1937,OK,0
2026-07-08 07:00:14,F2,17.1937,OK,0
2026-07-08 07:00:25,F2,17.1937,OK,1
2026-07-08 07:00:35,F2,17.1935,OK,1
2026-07-08 07:00:45,F2,17.1932,OK,1
2026-07-08 07:00:56,F2,17.1929,OK,1
2026-07-08 07:01:06,F2,17.1924,OK,1
2026-07-08 07:01:16,F2,17.1917,OK,1
2026-07-08 07:01:27,F2,17.1910,OK,0
2026-07-08 07:01:37,F2,17.1902,OK,0
2026-07-08 07:01:47,F2,17.1892,OK,0
2026-07-08 07:01:58,F2,17.1881,OK,0
2026-07-08 07:02:08,F2,17.1869,OK,0
2026-07-08 07:02:18,F2,17.1856,OK,0
2026-07-08 07:02:29,F2,17.1841,OK,0
2026-07-08 07:02:39,F2,17.1826,OK,0
2026-07-08 07:02:49,F2,17.1810,OK,0
2026-07-08 07:03:00,F2,17.1793,OK,0
2026-07-08 07:03:10,F2,17.1775,OK,0
2026-07-08 07:03:20,F2,17.1756,OK,0
2026-07-08 07:03:31,F2,17.1736,OK,0
2026-07-08 07:03:41,F2,17.1715,OK,0
2026-07-08 07:03:51,F2,17.1694,OK,0
2026-07-08 07:04:02,F2,17.1673,OK,0
2026-07-08 07:04:12,F2,17.1650,OK,0
2026-07-08 07:04:22,F2,17.1627,OK,0
2026-07-08 07:04:33,F2,17.1604,OK,0
2026-07-08 07:04:43,F2,17.1580,OK,0
2026-07-08 07:04:53,F2,17.1556,OK,0
2026-07-08 07:05:04,F2,17.1532,OK,0
2026-07-08 07:05:14,F2,17.1507,OK,0
2026-07-08 07:05:24,F2,17.1482,OK,0
2026-07-08 07:05:35,F2,17.1457,OK,0
2026-07-08 07:05:45,F2,17.1432,OK,0
2026-07-08 07:05:56,F2,17.1407,OK,0
2026-07-08 07:06:06,F2,17.1382,OK,0
2026-07-08 07:06:16,F2,17.1357,OK,0
2026-07-08 07:06:27,F2,17.1332,OK,0
2026-07-08 07:06:37,F2,17.1308,OK,0
2026-07-08 07:06:47,F2,17.1284,OK,0
2026-07-08 07:06:57,F2,17.1260,OK,0
2026-07-08 07:07:08,F2,17.1236,OK,0
2026-07-08 07:07:18,F2,17.1213,OK,0
2026-07-08 07:07:29,F2,17.1190,OK,0
2026-07-08 07:07:39,F2,17.1168,OK,0
2026-07-08 07:07:49,F2,17.1146,OK,0
2026-07-08 07:08:00,F2,17.1125,OK,0
2026-07-08 07:08:10,F2,17.1104,OK,0
2026-07-08 07:08:20,F2,17.1084,OK,0
2026-07-08 07:08:31,F2,17.1065,OK,1
2026-07-08 07:08:41,F2,17.1046,OK,0
2026-07-08 07:08:51,F2,17.1029,OK,1
2026-07-08 07:09:02,F2,17.1011,OK,1
2026-07-08 07:09:12,F2,17.0995,OK,1
2026-07-08 07:09:22,F2,17.0980,OK,1
2026-07-08 07:09:33,F2,17.0965,OK,0
2026-07-08 07:09:43,F2,17.0951,OK,0
2026-07-08 07:09:53,F2,17.0939,OK,0
2026-07-08 07:10:04,F2,17.0927,OK,0
2026-07-08 07:10:14,F2,17.0915,OK,0
2026-07-08 07:10:24,F2,17.0905,OK,0
2026-07-08 07:10:35,F2,17.0895,OK,0
2026-07-08 07:10:45,F2,17.0886,OK,0
2026-07-08 07:10:55,F2,17.0878,OK,0
2026-07-08 07:11:06,F2,17.0870,OK,0
2026-07-08 07:11:16,F2,17.0862,OK,0
2026-07-08 07:11:26,F2,17.0856,OK,0
2026-07-08 07:11:37,F2,17.0849,OK,0
2026-07-08 07:11:47,F2,17.0843,OK,0
2026-07-08 07:11:57,F2,17.0837,OK,0
2026-07-08 07:12:08,F2,17.0832,OK,0
2026-07-08 07:12:18,F2,17.0827,OK,0
2026-07-08 07:12:29,F2,17.0822,OK,0
2026-07-08 07:12:39,F2,17.0817,OK,0
2026-07-08 07:12:49,F2,17.0812,OK,0
2026-07-08 07:12:59,F2,17.0807,OK,0
2026-07-08 07:13:10,F2,17.0802,OK,0
2026-07-08 07:13:20,F2,17.0797,OK,0
2026-07-08 07:13:31,F2,17.0792,OK,0
2026-07-08 07:13:41,F2,17.0787,OK,0
2026-07-08 07:13:51,F2,17.0781,OK,0
2026-07-08 07:14:02,F2,17.0776,OK,0
2026-07-08 07:14:12,F2,17.0770,OK,0
2026-07-08 07:14:22,F2,17.0763,OK,0
2026-07-08 07:14:33,F2,17.0756,OK,0
2026-07-08 07:14:43,F2,17.0749,OK,0
2026-07-08 07:14:53,F2,17.0741,OK,0
2026-07-08 07:15:04,F2,17.0733,OK,0
2026-07-08 07:15:14,F2,17.0724,OK,0
2026-07-08 07:15:24,F2,17.0715,OK,0
2026-07-08 07:15:35,F2,17.0705,OK,0
2026-07-08 07:15:45,F2,17.0694,OK,0
2026-07-08 07:15:55,F2,17.0683,OK,0
2026-07-08 07:16:06,F2,17.0671,OK,1
2026-07-08 07:16:16,F2,17.0658,OK,1
2026-07-08 07:16:26,F2,17.0644,OK,1
2026-07-08 07:16:37,F2,17.0629,OK,1
2026-07-08 07:16:47,F2,17.0614,OK,1
2026-07-08 07:16:57,F2,17.0597,OK,0
2026-07-08 07:17:08,F2,17.0580,OK,0
2026-07-08 07:17:18,F2,17.0562,OK,0
2026-07-08 07:17:29,F2,17.0543,OK,0
2026-07-08 07:17:39,F2,17.0523,OK,0
2026-07-08 07:17:49,F2,17.0502,OK,0
2026-07-08 07:18:00,F2,17.0481,OK,0
2026-07-08 07:18:10,F2,17.0459,OK,0
2026-07-08 07:18:20,F2,17.0436,OK,0
2026-07-08 07:18:31,F2,17.0412,OK,0
2026-07-08 07:18:41,F2,17.0388,OK,0
2026-07-08 07:18:52,F2,17.0363,OK,0
2026-07-08 07:19:02,F2,17.0338,OK,0
2026-07-08 07:19:12,F2,17.0313,OK,0
2026-07-08 07:19:23,F2,17.0287,OK,0
2026-07-08 07:19:33,F2,17.0260,OK,0
2026-07-08 07:19:44,F2,17.0234,OK,0
2026-07-08 07:19:54,F2,17.0207,OK,0
2026-07-08 07:20:04,F2,17.0180,OK,0
2026-07-08 07:20:15,F2,17.0153,OK,0
2026-07-08 07:20:25,F2,17.0125,OK,0
2026-07-08 07:20:35,F2,17.0098,OK,0
2026-07-08 07:20:46,F2,17.0071,OK,0
2026-07-08 07:20:56,F2,17.0044,OK,0
2026-07-08 07:21:06,F2,17.0017,OK,0
2026-07-08 07:21:17,F2,16.9991,OK,0
2026-07-08 07:21:27,F2,16.9965,OK,0
2026-07-08 07:21:37,F2,16.9939,OK,0
2026-07-08 07:21:48,F2,16.9913,OK,0
2026-07-08 07:21:58,F2,16.9888,OK,0
2026-07-08 07:22:08,F2,16.9864,OK,0
2026-07-08 07:22:19,F2,16.9840,OK,0
2026-07-08 07:22:29,F2,16.9817,OK,0
2026-07-08 07:22:39,F2,16.9794,OK,0
2026-07-08 07:22:50,F2,16.9772,OK,0
2026-07-08 07:23:00,F2,16.9751,OK,1
2026-07-08 07:23:10,F2,16.9730,OK,0
2026-07-08 07:23:21,F2,16.9710,OK,0
2026-07-08 07:23:31,F2,16.9691,OK,0
2026-07-08 07:23:41,F2,16.9673,OK,0
2026-07-08 07:23:52,F2,16.9656,OK,0
2026-07-08 07:24:02,F2,16.9640,OK,0
2026-07-08 07:24:12,F2,16.9625,OK,1
2026-07-08 07:24:23,F2,16.9610,OK,1
2026-07-08 07:24:33,F2,16.9597,OK,1
2026-07-08 07:24:43,F2,16.9585,OK,0
2026-07-08 07:24:54,F2,16.9574,OK,0
2026-07-08 07:25:04,F2,16.9563,OK,0
2026-07-08 07:25:14,F2,16.9554,OK,0
2026-07-08 07:25:25,F2,16.9546,OK,0
2026-07-08 07:25:35,F2,16.9539,OK,0
2026-07-08 07:25:45,F2,16.9532,OK,0
2026-07-08 07:25:56,F2,16.9526,OK,0
2026-07-08 07:26:06,F2,16.9522,OK,0
2026-07-08 07:26:16,F2,16.9517,OK,0
2026-07-08 07:26:27,F2,16.9514,OK,0
2026-07-08 07:26:37,F2,16.9511,OK,0
2026-07-08 07:26:47,F2,16.9509,OK,0
2026-07-08 07:26:58,F2,16.9507,OK,0
2026-07-08 07:27:08,F2,16.9506,OK,0
2026-07-08 07:27:19,F2,16.9505,OK,0
2026-07-08 07:27:29,F2,16.9505,OK,0
2026-07-08 07:27:39,F2,16.9505,OK,0
2026-07-08 07:27:50,F2,16.9505,OK,0
2026-07-08 07:28:00,F2,16.9506,OK,0
2026-07-08 07:28:10,F2,16.9507,OK,0
2026-07-08 07:28:21,F2,16.9507,OK,0
2026-07-08 07:28:31,F2,16.9508,OK,0
2026-07-08 07:28:41,F2,16.9510,OK,0
2026-07-08 07:28:52,F2,16.9511,OK,0
2026-07-08 07:29:02,F2,16.9512,OK,0
2026-07-08 07:29:12,F2,16.9513,OK,0
2026-07-08 07:29:23,F2,16.9513,OK,0
2026-07-08 07:29:33,F2,16.9514,OK,0
2026-07-08 07:29:43,F2,16.9514,OK,0
2026-07-08 07:29:54,F2,16.9515,OK,0
2026-07-08 07:30:04,F2,16.9514,OK,0
2026-07-08 07:30:14,F2,16.9514,OK,0
2026-07-08 07:30:25,F2,16.9513,OK,0
2026-07-08 07:30:35,F2,16.9512,OK,0
2026-07-08 07:30:45,F2,16.9510,OK,0
2026-07-08 07:30:56,F2,16.9508,OK,0
2026-07-08 07:31:06,F2,16.9505,OK,1
2026-07-08 07:31:16,F2,16.9501,OK,1
2026-07-08 07:31:27,F2,16.9497,OK,1
2026-07-08 07:31:37,F2,16.9492,OK,1
2026-07-08 07:31:47,F2,16.9487,OK,1
2026-07-08 07:31:58,F2,16.9481,OK,1
2026-07-08 07:32:08,F2,16.9474,OK,0
2026-07-08 07:32:18,F2,16.9466,OK,0
2026-07-08 07:32:29,F2,16.9457,OK,0
2026-07-08 07:32:39,F2,16.9448,OK,0
2026-07-08 07:32:49,F2,16.9438,OK,0
2026-07-08 07:33:00,F2,16.9428,OK,0
2026-07-08 07:33:10,F2,16.9417,OK,0
2026-07-08 07:33:20,F2,16.9405,OK,0
2026-07-08 07:33:31,F2,16.9393,OK,0
2026-07-08 07:33:41,F2,16.9380,OK,0
2026-07-08 07:33:51,F2,16.9366,OK,0
2026-07-08 07:34:02,F2,16.9353,OK,0
2026-07-08 07:34:12,F2,16.9339,OK,0
2026-07-08 07:34:22,F2,16.9324,OK,0
2026-07-08 07:34:33,F2,16.9309,OK,0
2026-07-08 07:34:43,F2,16.9294,OK,0
2026-07-08 07:34:53,F2,16.9279,OK,0
2026-07-08 07:35:04,F2,16.9264,OK,0
2026-07-08 07:35:14,F2,16.9249,OK,0
2026-07-08 07:35:24,F2,16.9233,OK,0
2026-07-08 07:35:35,F2,16.9218,OK,0
2026-07-08 07:35:45,F2,16.9202,OK,0
2026-07-08 07:35:55,F2,16.9187,OK,0
2026-07-08 07:36:06,F2,16.9172,OK,0
2026-07-08 07:36:16,F2,16.9157,OK,0
2026-07-08 07:36:26,F2,16.9142,OK,0
2026-07-08 07:36:37,F2,16.9128,OK,0
2026-07-08 07:36:47,F2,16.9114,OK,0
2026-07-08 07:36:57,F2,16.9100,OK,0
2026-07-08 07:37:08,F2,16.9087,OK,0
2026-07-08 07:37:18,F2,16.9074,OK,0
2026-07-08 07:37:28,F2,16.9062,OK,0
2026-07-08 07:37:39,F2,16.9050,OK,0
2026-07-08 07:37:49,F2,16.9039,OK,0
2026-07-08 07:37:59,F2,16.9029,OK,0
2026-07-08 07:38:10,F2,16.9019,OK,0
2026-07-08 07:38:20,F2,16.9010,OK,0
2026-07-08 07:38:30,F2,16.9001,OK,0
2026-07-08 07:38:41,F2,16.8994,OK,0
2026-07-08 07:38:51,F2,16.8987,OK,0
2026-07-08 07:39:02,F2,16.8981,OK,0
2026-07-08 07:39:12,F2,16.8975,OK,0
2026-07-08 07:39:22,F2,16.8971,OK,0
2026-07-08 07:39:33,F2,16.8967,OK,1
2026-07-08 07:39:43,F2,16.8965,OK,1
2026-07-08 07:39:53,F2,16.8963,OK,1
2026-07-08 07:40:03,F2,16.8963,OK,1
2026-07-08 07:40:14,F2,16.8963,OK,0
2026-07-08 07:40:24,F2,16.8964,OK,0
2026-07-08 07:40:34,F2,16.8967,OK,0
2026-07-08 07:40:45,F2,16.8970,OK,0
2026-07-08 07:40:55,F2,16.8974,OK,0
2026-07-08 07:41:05,F2,16.8980,OK,0
2026-07-08 07:41:16,F2,16.8986,OK,0
2026-07-08 07:41:26,F2,16.8993,OK,0
2026-07-08 07:41:36,F2,16.9000,OK,0
2026-07-08 07:41:47,F2,16.9009,OK,0
2026-07-08 07:41:57,F2,16.9018,OK,0
2026-07-08 07:42:07,F2,16.9028,OK,0
2026-07-08 07:42:18,F2,16.9038,OK,0
2026-07-08 07:42:28,F2,16.9049,OK,0
2026-07-08 07:42:38,F2,16.9061,OK,0
2026-07-08 07:42:49,F2,16.9073,OK,0
2026-07-08 07:42:59,F2,16.9085,OK,0
2026-07-08 07:43:09,F2,16.9098,OK,0
2026-07-08 07:43:20,F2,16.9110,OK,0
2026-07-08 07:43:30,F2,16.9124,OK,0
2026-07-08 07:43:40,F2,16.9137,OK,0
2026-07-08 07:43:51,F2,16.9150,OK,0
2026-07-08 07:44:01,F2,16.9164,OK,0
2026-07-08 07:44:11,F2,16.9178,OK,0
2026-07-08 07:44:22,F2,16.9191,OK,0
2026-07-08 07:44:32,F2,16.9205,OK,0
2026-07-08 07:44:42,F2,16.9218,OK,0
2026-07-08 07:44:53,F2,16.9231,OK,0
2026-07-08 07:45:03,F2,16.9245,OK,0
2026-07-08 07:45:13,F2,16.9257,OK,0
2026-07-08 07:45:24,F2,16.9270,OK,0
2026-07-08 07:45:34,F2,16.9282,OK,0
2026-07-08 07:45:44,F2,16.9294,OK,0
2026-07-08 07:45:55,F2,16.9305,OK,0
2026-07-08 07:46:05,F2,16.9316,OK,0
2026-07-08 07:46:15,F2,16.9327,OK,0
2026-07-08 07:46:26,F2,16.9336,OK,0
2026-07-08 07:46:36,F2,16.9346,OK,0
2026-07-08 07:46:46,F2,16.9354,OK,0
2026-07-08 07:46:57,F2,16.9362,OK,0
2026-07-08 07:47:07,F2,16.9370,OK,1
2026-07-08 07:47:17,F2,16.9376,OK,1
2026-07-08 07:47:28,F2,16.9382,OK,1
2026-07-08 07:47:38,F2,16.9387,OK,1
2026-07-08 07:47:48,F2,16.9391,OK,1
2026-07-08 07:47:59,F2,16.9394,OK,1
2026-07-08 07:48:09,F2,16.9397,OK,0
2026-07-08 07:48:19,F2,16.9398,OK,0
2026-07-08 07:48:30,F2,16.9399,OK,0
2026-07-08 07:48:40,F2,16.9398,OK,0
2026-07-08 07:48:50,F2,16.9397,OK,0
2026-07-08 07:49:01,F2,16.9395,OK,0
2026-07-08 07:49:11,F2,16.9392,OK,0
2026-07-08 07:49:22,F2,16.9389,OK,0
2026-07-08 07:49:32,F2,16.9385,OK,0
2026-07-08 07:49:42,F2,16.9380,OK,0
2026-07-08 07:49:53,F2,16.9375,OK,0
2026-07-08 07:50:03,F2,16.9369,OK,0
2026-07-08 07:50:13,F2,16.9362,OK,0
2026-07-08 07:50:24,F2,16.9355,OK,0
2026-07-08 07:50:34,F2,16.9348,OK,0
2026-07-08 07:50:44,F2,16.9340,OK,0
2026-07-08 07:50:54,F2,16.9332,OK,0
2026-07-08 07:51:05,F2,16.9323,OK,0
2026-07-08 07:51:15,F2,16.9314,OK,0
2026-07-08 07:51:26,F2,16.9305,OK,0
2026-07-08 07:51:36,F2,16.9296,OK,0
2026-07-08 07:51:46,F2,16.9287,OK,0
2026-07-08 07:51:57,F2,16.9278,OK,0
2026-07-08 07:52:07,F2,16.9269,OK,0
2026-07-08 07:52:17,F2,16.9260,OK,0
2026-07-08 07:52:28,F2,16.9251,OK,0
2026-07-08 07:52:38,F2,16.9243,OK,0
2026-07-08 07:52:48,F2,16.9234,OK,0
2026-07-08 07:52:59,F2,16.9226,OK,0
2026-07-08 07:53:09,F2,16.9218,OK,0
2026-07-08 07:53:19,F2,16.9211,OK,1
2026-07-08 07:53:29,F2,16.9204,OK,0
2026-07-08 07:53:40,F2,16.9197,OK,0
2026-07-08 07:53:50,F2,16.9191,OK,0
2026-07-08 07:54:01,F2,16.9186,OK,0
2026-07-08 07:54:11,F2,16.9181,OK,0
2026-07-08 07:54:21,F2,16.9176,OK,0
2026-07-08 07:54:32,F2,16.9173,OK,0
2026-07-08 07:54:42,F2,16.9170,OK,0
2026-07-08 07:54:52,F2,16.9167,OK,0
2026-07-08 07:55:03,F2,16.9166,OK,0
2026-07-08 07:55:13,F2,16.9165,OK,0
2026-07-08 07:55:23,F2,16.9165,OK,0
2026-07-08 07:55:34,F2,16.9166,OK,1
2026-07-08 07:55:44,F2,16.9168,OK,1
2026-07-08 07:55:54,F2,16.9171,OK,1
2026-07-08 07:56:05,F2,16.9175,OK,1
2026-07-08 07:56:15,F2,16.9180,OK,0
2026-07-08 07:56:25,F2,16.9186,OK,0
2026-07-08 07:56:36,F2,16.9193,OK,0
2026-07-08 07:56:46,F2,16.9200,OK,0
2026-07-08 07:56:56,F2,16.9209,OK,0
2026-07-08 07:57:07,F2,16.9218,OK,0
2026-07-08 07:57:17,F2,16.9229,OK,0
2026-07-08 07:57:27,F2,16.9240,OK,0
2026-07-08 07:57:38,F2,16.9252,OK,0
2026-07-08 07:57:48,F2,16.9264,OK,0
2026-07-08 07:57:58,F2,16.9277,OK,0
2026-07-08 07:58:09,F2,16.9291,OK,0
2026-07-08 07:58:19,F2,16.9305,OK,0
2026-07-08 07:58:29,F2,16.9320,OK,0
2026-07-08 07:58:40,F2,16.9335,OK,0
2026-07-08 07:58:50,F2,16.9351,OK,0
2026-07-08 07:59:00,F2,16.9367,OK,0
2026-07-08 07:59:11,F2,16.9383,OK,0
2026-07-08 07:59:21,F2,16.9399,OK,0
2026-07-08 07:59:31,F2,16.9415,OK,0
2026-07-08 07:59:42,F2,16.9432,OK,0
2026-07-08 07:59:52,F2,16.9449,OK,0
2026-07-08 08:00:02,F2,16.9466,OK,0
2026-07-08 08:00:13,F2,16.9482,OK,0
2026-07-08 08:00:23,F2,16.9499,OK,0
2026-07-08 08:00:33,F2,16.9516,OK,0
2026-07-08 08:00:44,F2,16.9532,OK,0
2026-07-08 08:00:54,F2,16.9549,OK,0
2026-07-08 08:01:04,F2,16.9565,OK,0
2026-07-08 08:01:15,F2,16.9581,OK,0
2026-07-08 08:01:25,F2,16.9596,OK,0
2026-07-08 08:01:35,F2,16.9611,OK,0
2026-07-08 08:01:46,F2,16.9626,OK,0
2026-07-08 08:01:56,F2,16.9640,OK,0
2026-07-08 08:02:06,F2,16.9654,OK,0
2026-07-08 08:02:17,F2,16.9668,OK,0
2026-07-08 08:02:27,F2,16.9680,OK,1
2026-07-08 08:02:37,F2,16.9693,OK,1
2026-07-08 08:02:48,F2,16.9704,OK,1
2026-07-08 08:02:58,F2,16.9715,OK,1
2026-07-08 08:03:08,F2,16.9725,OK,1
2026-07-08 08:03:19,F2,16.9735,OK,1
2026-07-08 08:03:29,F2,16.9743,OK,0
2026-07-08 08:03:39,F2,16.9751,OK,0
2026-07-08 08:03:50,F2,16.9758,OK,0
2026-07-08 08:04:00,F2,16.9765,OK,0
2026-07-08 08:04:10,F2,16.9771,OK,0
2026-07-08 08:04:21,F2,16.9776,OK,0
2026-07-08 08:04:31,F2,16.9780,OK,0
2026-07-08 08:04:42,F2,16.9784,OK,0
2026-07-08 08:04:52,F2,16.9787,OK,0
2026-07-08 08:05:02,F2,16.9790,OK,0
2026-07-08 08:05:13,F2,16.9792,OK,0
2026-07-08 08:05:23,F2,16.9794,OK,0
2026-07-08 08:05:33,F2,16.9796,OK,0
2026-07-08 08:05:44,F2,16.9797,OK,0
2026-07-08 08:05:54,F2,16.9798,OK,0
2026-07-08 08:06:04,F2,16.9799,OK,0
2026-07-08 08:06:15,F2,16.9799,OK,0
2026-07-08 08:06:25,F2,16.9800,OK,0
2026-07-08 08:06:35,F2,16.9800,OK,0
2026-07-08 08:06:46,F2,16.9801,OK,0
2026-07-08 08:06:56,F2,16.9801,OK,0
2026-07-08 08:07:06,F2,16.9802,OK,0
2026-07-08 08:07:17,F2,16.9803,OK,0
2026-07-08 08:07:27,F2,16.9804,OK,0
2026-07-08 08:07:37,F2,16.9806,OK,0
2026-07-08 08:07:48,F2,16.9808,OK,0
2026-07-08 08:07:58,F2,16.9810,OK,0
2026-07-08 08:08:08,F2,16.9813,OK,0
2026-07-08 08:08:19,F2,16.9816,OK,0
2026-07-08 08:08:29,F2,16.9820,OK,0
2026-07-08 08:08:39,F2,16.9824,OK,1
2026-07-08 08:08:50,F2,16.9829,OK,1
2026-07-08 08:09:00,F2,16.9835,OK,1
2026-07-08 08:09:10,F2,16.9842,OK,0
2026-07-08 08:09:21,F2,16.9849,OK,0
2026-07-08 08:09:31,F2,16.9857,OK,0
2026-07-08 08:09:41,F2,16.9866,OK,0
2026-07-08 08:09:52,F2,16.9876,OK,0
2026-07-08 08:10:02,F2,16.9887,OK,0
2026-07-08 08:10:12,F2,16.9898,OK,0
2026-07-08 08:10:23,F2,16.9911,OK,0
2026-07-08 08:10:33,F2,16.9924,OK,1
2026-07-08 08:10:43,F2,16.9939,OK,0
2026-07-08 08:10:54,F2,16.9954,OK,1
2026-07-08 08:11:04,F2,16.9971,OK,1
2026-07-08 08:11:14,F2,16.9989,OK,1
2026-07-08 08:11:25,F2,17.0008,OK,0
2026-07-08 08:11:35,F2,17.0027,OK,0
2026-07-08 08:11:45,F2,17.0048,OK,0
2026-07-08 08:11:56,F2,17.0070,OK,0
2026-07-08 08:12:06,F2,17.0093,OK,0
2026-07-08 08:12:16,F2,17.0117,OK,0
2026-07-08 08:12:27,F2,17.0142,OK,0
2026-07-08 08:12:37,F2,17.0168,OK,0
2026-07-08 08:12:47,F2,17.0194,OK,0
2026-07-08 08:12:58,F2,17.0221,OK,0
2026-07-08 08:13:08,F2,17.0250,OK,0
2026-07-08 08:13:18,F2,17.0278,OK,0
2026-07-08 08:13:29,F2,17.0308,OK,0
2026-07-08 08:13:39,F2,17.0337,OK,0
2026-07-08 08:13:49,F2,17.0368,OK,0
2026-07-08 08:14:00,F2,17.0399,OK,0
2026-07-08 08:14:10,F2,17.0430,OK,0
2026-07-08 08:14:20,F2,17.0462,OK,0
2026-07-08 08:14:31,F2,17.0494,OK,0
2026-07-08 08:14:41,F2,17.0526,OK,0
2026-07-08 08:14:51,F2,17.0558,OK,0
2026-07-08 08:15:02,F2,17.0591,OK,0
2026-07-08 08:15:12,F2,17.0623,OK,0
2026-07-08 08:15:22,F2,17.0656,OK,0
2026-07-08 08:15:33,F2,17.0689,OK,0
2026-07-08 08:15:43,F2,17.0722,OK,0
2026-07-08 08:15:53,F2,17.0755,OK,0
2026-07-08 08:16:04,F2,17.0787,OK,0
2026-07-08 08:16:14,F2,17.0820,OK,0
2026-07-08 08:16:24,F2,17.0852,OK,0
2026-07-08 08:16:35,F2,17.0884,OK,0
2026-07-08 08:16:45,F2,17.0915,OK,0
2026-07-08 08:16:55,F2,17.0947,OK,0
2026-07-08 08:17:06,F2,17.0978,OK,0
2026-07-08 08:17:16,F2,17.1008,OK,0
2026-07-08 08:17:26,F2,17.1038,OK,1
2026-07-08 08:17:37,F2,17.1067,OK,1
2026-07-08 08:17:47,F2,17.1096,OK,1
2026-07-08 08:17:57,F2,17.1124,OK,1
2026-07-08 08:18:08,F2,17.1152,OK,1
2026-07-08 08:18:18,F2,17.1178,OK,0
2026-07-08 08:18:29,F2,17.1205,OK,0
2026-07-08 08:18:39,F2,17.1230,OK,0
2026-07-08 08:18:49,F2,17.1255,OK,0
2026-07-08 08:19:00,F2,17.1279,OK,0
2026-07-08 08:19:10,F2,17.1302,OK,0
2026-07-08 08:19:20,F2,17.1325,OK,0
2026-07-08 08:19:31,F2,17.1347,OK,0
2026-07-08 08:19:41,F2,17.1369,OK,0
2026-07-08 08:19:51,F2,17.1390,OK,0
2026-07-08 08:20:02,F2,17.1410,OK,0
2026-07-08 08:20:12,F2,17.1430,OK,0
2026-07-08 08:20:22,F2,17.1450,OK,0
2026-07-08 08:20:33,F2,17.1469,OK,0
2026-07-08 08:20:43,F2,17.1487,OK,0
2026-07-08 08:20:53,F2,17.1506,OK,0
2026-07-08 08:21:04,F2,17.1524,OK,0
2026-07-08 08:21:14,F2,17.1542,OK,0
2026-07-08 08:21:24,F2,17.1560,OK,0
2026-07-08 08:21:35,F2,17.1577,OK,0
2026-07-08 08:21:45,F2,17.1595,OK,0
2026-07-08 08:21:55,F2,17.1612,OK,0
2026-07-08 08:22:06,F2,17.1629,OK,0
2026-07-08 08:22:16,F2,17.1647,OK,0
2026-07-08 08:22:26,F2,17.1664,OK,0
2026-07-08 08:22:37,F2,17.1682,OK,0
2026-07-08 08:22:47,F2,17.1700,OK,0
2026-07-08 08:22:57,F2,17.1718,OK,0
2026-07-08 08:23:08,F2,17.1737,OK,0
2026-07-08 08:23:18,F2,17.1756,OK,0
2026-07-08 08:23:28,F2,17.1775,OK,0
2026-07-08 08:23:39,F2,17.1795,OK,0
2026-07-08 08:23:49,F2,17.1815,OK,0
2026-07-08 08:23:59,F2,17.1836,OK,0
2026-07-08 08:24:10,F2,17.1857,OK,0
2026-07-08 08:24:20,F2,17.1879,OK,0
2026-07-08 08:24:30,F2,17.1901,OK,0
2026-07-08 08:24:41,F2,17.1924,OK,0
2026-07-08 08:24:51,F2,17.1948,OK,0
2026-07-08 08:25:01,F2,17.1973,OK,0
2026-07-08 08:25:12,F2,17.1998,OK,0
2026-07-08 08:25:22,F2,17.2024,OK,0
2026-07-08 08:25:32,F2,17.2051,OK,0
2026-07-08 08:25:43,F2,17.2078,OK,0
2026-07-08 08:25:53,F2,17.2107,OK,0
2026-07-08 08:26:03,F2,17.2136,OK,0
2026-07-08 08:26:14,F2,17.2166,OK,0
2026-07-08 08:26:24,F2,17.2197,OK,0
2026-07-08 08:26:34,F2,17.2228,OK,0
2026-07-08 08:26:45,F2,17.2260,OK,0
2026-07-08 08:26:55,F2,17.2293,OK,0
2026-07-08 08:27:05,F2,17.2327,OK,0
2026-07-08 08:27:16,F2,17.2361,OK,0
2026-07-08 08:27:26,F2,17.2396,OK,0
2026-07-08 08:27:36,F2,17.2431,OK,0
2026-07-08 08:27:47,F2,17.2467,OK,0
2026-07-08 08:27:57,F2,17.2503,OK,0
2026-07-08 08:28:07,F2,17.2540,OK,0
2026-07-08 08:28:18,F2,17.2577,OK,0
2026-07-08 08:28:28,F2,17.2614,OK,0
2026-07-08 08:28:38,F2,17.2651,OK,0
2026-07-08 08:28:49,F2,17.2689,OK,0
2026-07-08 08:28:59,F2,17.2726,OK,0
2026-07-08 08:29:09,F2,17.2764,OK,0
2026-07-08 08:29:20,F2,17.2801,OK,0
2026-07-08 08:29:30,F2,17.2839,OK,0
2026-07-08 08:29:40,F2,17.2877,OK,0
2026-07-08 08:29:51,F2,17.2914,OK,0
2026-07-08 08:30:01,F2,17.2951,OK,0
2026-07-08 08:30:11,F2,17.2988,OK,0
2026-07-08 08:30:22,F2,17.3025,OK,0
2026-07-08 08:30:32,F2,17.3061,OK,0
2026-07-08 08:30:42,F2,17.3098,OK,0
2026-07-08 08:30:53,F2,17.3133,OK,0
2026-07-08 08:31:03,F2,17.3169,OK,0
2026-07-08 08:31:13,F2,17.3204,OK,0
2026-07-08 08:31:24,F2,17.3238,OK,0
2026-07-08 08:31:34,F2,17.3272,OK,0
2026-07-08 08:31:45,F2,17.3305,OK,0
2026-07-08 08:31:55,F2,17.3338,OK,0
2026-07-08 08:32:05,F2,17.3370,OK,0
2026-07-08 08:32:16,F2,17.3401,OK,0
2026-07-08 08:32:26,F2,17.3432,OK,1
2026-07-08 08:32:36,F2,17.3461,OK,1
2026-07-08 08:32:47,F2,17.3490,OK,1
2026-07-08 08:32:57,F2,17.3519,OK,1
2026-07-08 08:33:07,F2,17.3546,OK,1
2026-07-08 08:33:18,F2,17.3572,OK,1
2026-07-08 08:33:28,F2,17.3598,OK,0
2026-07-08 08:33:38,F2,17.3623,OK,0
2026-07-08 08:33:49,F2,17.3646,OK,0
2026-07-08 08:33:59,F2,17.3669,OK,0
2026-07-08 08:34:10,F2,17.3691,OK,0
2026-07-08 08:34:20,F2,17.3712,OK,0
2026-07-08 08:34:30,F2,17.3732,OK,0
2026-07-08 08:34:41,F2,17.3752,OK,0
2026-07-08 08:34:51,F2,17.3771,OK,0
2026-07-08 08:35:01,F2,17.3789,OK,0
2026-07-08 08:35:11,F2,17.3807,OK,0
2026-07-08 08:35:22,F2,17.3824,OK,0
2026-07-08 08:35:32,F2,17.3840,OK,0
2026-07-08 08:35:43,F2,17.3856,OK,0
2026-07-08 08:35:53,F2,17.3871,OK,0
2026-07-08 08:36:03,F2,17.3886,OK,0
2026-07-08 08:36:14,F2,17.3901,OK,0
2026-07-08 08:36:24,F2,17.3915,OK,0
2026-07-08 08:36:34,F2,17.3930,OK,0
2026-07-08 08:36:45,F2,17.3943,OK,0
2026-07-08 08:36:55,F2,17.3957,OK,0
2026-07-08 08:37:05,F2,17.3971,OK,0
2026-07-08 08:37:16,F2,17.3985,OK,0
2026-07-08 08:37:26,F2,17.3998,OK,0
2026-07-08 08:37:36,F2,17.4012,OK,0
2026-07-08 08:37:47,F2,17.4026,OK,0
2026-07-08 08:37:57,F2,17.4040,OK,0
2026-07-08 08:38:07,F2,17.4054,OK,0
2026-07-08 08:38:18,F2,17.4069,OK,0
2026-07-08 08:38:28,F2,17.4084,OK,0
2026-07-08 08:38:38,F2,17.4099,OK,0
2026-07-08 08:38:49,F2,17.4115,OK,0
2026-07-08 08:38:59,F2,17.4131,OK,1
2026-07-08 08:39:09,F2,17.4148,OK,0
2026-07-08 08:39:20,F2,17.4165,OK,0
2026-07-08 08:39:30,F2,17.4183,OK,0
2026-07-08 08:39:40,F2,17.4201,OK,0
2026-07-08 08:39:51,F2,17.4220,OK,0
2026-07-08 08:40:01,F2,17.4240,OK,0
2026-07-08 08:40:11,F2,17.4260,OK,0
2026-07-08 08:40:22,F2,17.4281,OK,0
2026-07-08 08:40:32,F2,17.4303,OK,0
2026-07-08 08:40:42,F2,17.4326,OK,0
2026-07-08 08:40:53,F2,17.4349,OK,0
2026-07-08 08:41:03,F2,17.4373,OK,0
2026-07-08 08:41:13,F2,17.4399,OK,0
2026-07-08 08:41:24,F2,17.4424,OK,0
2026-07-08 08:41:34,F2,17.4451,OK,0
2026-07-08 08:41:44,F2,17.4478,OK,0
2026-07-08 08:41:55,F2,17.4507,OK,0
2026-07-08 08:42:05,F2,17.4536,OK,0
2026-07-08 08:42:15,F2,17.4565,OK,0
2026-07-08 08:42:26,F2,17.4595,OK,0
2026-07-08 08:42:36,F2,17.4626,OK,0
2026-07-08 08:42:46,F2,17.4658,OK,0
2026-07-08 08:42:57,F2,17.4690,OK,0
2026-07-08 08:43:07,F2,17.4722,OK,0
2026-07-08 08:43:17,F2,17.4755,OK,0
2026-07-08 08:43:28,F2,17.4788,OK,0
2026-07-08 08:43:38,F2,17.4821,OK,0
2026-07-08 08:43:48,F2,17.4855,OK,0
2026-07-08 08:43:59,F2,17.4889,OK,0
2026-07-08 08:44:09,F2,17.4923,OK,0
2026-07-08 08:44:19,F2,17.4957,OK,0
2026-07-08 08:44:30,F2,17.4991,OK,0
2026-07-08 08:44:40,F2,17.5025,OK,0
2026-07-08 08:44:50,F2,17.5059,OK,0
2026-07-08 08:45:01,F2,17.5093,OK,0
2026-07-08 08:45:11,F2,17.5127,OK,0
2026-07-08 08:45:21,F2,17.5160,OK,0
2026-07-08 08:45:32,F2,17.5194,OK,0
2026-07-08 08:45:42,F2,17.5227,OK,0
2026-07-08 08:45:52,F2,17.5259,OK,0
2026-07-08 08:46:03,F2,17.5292,OK,0
2026-07-08 08:46:13,F2,17.5324,OK,0
2026-07-08 08:46:23,F2,17.5355,OK,0
2026-07-08 08:46:34,F2,17.5386,OK,0
2026-07-08 08:46:44,F2,17.5417,OK,0
2026-07-08 08:46:54,F2,17.5447,OK,0
2026-07-08 08:47:05,F2,17.5476,OK,0
2026-07-08 08:47:15,F2,17.5504,OK,0
2026-07-08 08:47:25,F2,17.5532,OK,1
2026-07-08 08:47:36,F2,17.5560,OK,1
2026-07-08 08:47:46,F2,17.5586,OK,1
2026-07-08 08:47:57,F2,17.5612,OK,1
2026-07-08 08:48:07,F2,17.5636,OK,1
2026-07-08 08:48:17,F2,17.5660,OK,0
2026-07-08 08:48:27,F2,17.5684,OK,0
2026-07-08 08:48:38,F2,17.5706,OK,0
2026-07-08 08:48:48,F2,17.5727,OK,0
2026-07-08 08:48:58,F2,17.5748,OK,0
2026-07-08 08:49:09,F2,17.5768,OK,0
2026-07-08 08:49:19,F2,17.5787,OK,0
2026-07-08 08:49:29,F2,17.5805,OK,0
2026-07-08 08:49:40,F2,17.5823,OK,0
2026-07-08 08:49:50,F2,17.5840,OK,0
2026-07-08 08:50:00,F2,17.5857,OK,0
2026-07-08 08:50:11,F2,17.5872,OK,0
2026-07-08 08:50:21,F2,17.5888,OK,0
2026-07-08 08:50:31,F2,17.5903,OK,0
2026-07-08 08:50:42,F2,17.5917,OK,0
2026-07-08 08:50:52,F2,17.5931,OK,0
2026-07-08 08:51:02,F2,17.5945,OK,0
2026-07-08 08:51:13,F2,17.5958,OK,0
2026-07-08 08:51:23,F2,17.5971,OK,0
2026-07-08 08:51:33,F2,17.5984,OK,0
2026-07-08 08:51:44,F2,17.5997,OK,0
2026-07-08 08:51:54,F2,17.6010,OK,0
2026-07-08 08:52:04,F2,17.6023,OK,0
2026-07-08 08:52:15,F2,17.6036,OK,0
2026-07-08 08:52:25,F2,17.6049,OK,0
2026-07-08 08:52:35,F2,17.6062,OK,0
2026-07-08 08:52:46,F2,17.6076,OK,0
2026-07-08 08:52:56,F2,17.6089,OK,0
2026-07-08 08:53:06,F2,17.6104,OK,0
2026-07-08 08:53:17,F2,17.6118,OK,0
2026-07-08 08:53:27,F2,17.6133,OK,0
2026-07-08 08:53:37,F2,17.6149,OK,0
2026-07-08 08:53:48,F2,17.6164,OK,0
2026-07-08 08:53:58,F2,17.6181,OK,0
2026-07-08 08:54:08,F2,17.6198,OK,0
2026-07-08 08:54:19,F2,17.6216,OK,0
2026-07-08 08:54:29,F2,17.6234,OK,0
2026-07-08 08:54:39,F2,17.6253,OK,0
2026-07-08 08:54:50,F2,17.6273,OK,0
2026-07-08 08:55:00,F2,17.6293,OK,0
2026-07-08 08:55:10,F2,17.6315,OK,1
2026-07-08 08:55:21,F2,17.6337,OK,1
2026-07-08 08:55:31,F2,17.6360,OK,1
2026-07-08 08:55:41,F2,17.6383,OK,0
2026-07-08 08:55:52,F2,17.6408,OK,0
2026-07-08 08:56:02,F2,17.6433,OK,0
2026-07-08 08:56:13,F2,17.6459,OK,0
2026-07-08 08:56:23,F2,17.6486,OK,0
2026-07-08 08:56:33,F2,17.6513,OK,0
2026-07-08 08:56:44,F2,17.6542,OK,0
2026-07-08 08:56:54,F2,17.6570,OK,0
2026-07-08 08:57:04,F2,17.6600,OK,0
2026-07-08 08:57:15,F2,17.6630,OK,0
2026-07-08 08:57:25,F2,17.6660,OK,0
2026-07-08 08:57:35,F2,17.6691,OK,0
2026-07-08 08:57:46,F2,17.6722,OK,0
2026-07-08 08:57:56,F2,17.6753,OK,0
2026-07-08 08:58:06,F2,17.6785,OK,0
2026-07-08 08:58:17,F2,17.6817,OK,0
2026-07-08 08:58:27,F2,17.6849,OK,0
2026-07-08 08:58:37,F2,17.6881,OK,0
2026-07-08 08:58:48,F2,17.6913,OK,0
2026-07-08 08:58:58,F2,17.6945,OK,0
2026-07-08 08:59:08,F2,17.6977,OK,0
2026-07-08 08:59:19,F2,17.7009,OK,0
2026-07-08 08:59:29,F2,17.7040,OK,0
2026-07-08 08:59:39,F2,17.7072,OK,0
2026-07-08 08:59:49,F2,17.7103,OK,0
2026-07-08 09:00:00,F2,17.7134,OK,0
2026-07-08 09:00:10,F2,17.7165,OK,0
2026-07-08 09:00:21,F2,17.7195,OK,0
2026-07-08 09:00:31,F2,17.7225,OK,0
2026-07-08 09:00:41,F2,17.7254,OK,0
2026-07-08 09:00:52,F2,17.7283,OK,0
2026-07-08 09:01:02,F2,17.7311,OK,0
2026-07-08 09:01:12,F2,17.7338,OK,1
2026-07-08 09:01:23,F2,17.7365,OK,1
2026-07-08 09:01:33,F2,17.7392,OK,1
2026-07-08 09:01:43,F2,17.7417,OK,1
2026-07-08 09:01:54,F2,17.7442,OK,1
2026-07-08 09:02:04,F2,17.7466,OK,1
2026-07-08 09:02:14,F2,17.7489,OK,0
2026-07-08 09:02:25,F2,17.7511,OK,0
2026-07-08 09:02:35,F2,17.7533,OK,0
2026-07-08 09:02:45,F2,17.7553,OK,0
2026-07-08 09:02:56,F2,17.7573,OK,0
2026-07-08 09:03:06,F2,17.7592,OK,0
2026-07-08 09:03:16,F2,17.7611,OK,0
2026-07-08 09:03:27,F2,17.7628,OK,0
2026-07-08 09:03:37,F2,17.7645,OK,0
2026-07-08 09:03:47,F2,17.7661,OK,0
2026-07-08 09:03:58,F2,17.7677,OK,0
2026-07-08 09:04:08,F2,17.7692,OK,0
2026-07-08 09:04:18,F2,17.7707,OK,0
2026-07-08 09:04:29,F2,17.7720,OK,0
2026-07-08 09:04:39,F2,17.7734,OK,0
2026-07-08 09:04:49,F2,17.7747,OK,0
2026-07-08 09:05:00,F2,17.7760,OK,0
2026-07-08 09:05:10,F2,17.7772,OK,0
2026-07-08 09:05:20,F2,17.7784,OK,0
2026-07-08 09:05:31,F2,17.7796,OK,0
2026-07-08 09:05:41,F2,17.7807,OK,0
2026-07-08 09:05:51,F2,17.7819,OK,0
2026-07-08 09:06:02,F2,17.7830,OK,0
2026-07-08 09:06:12,F2,17.7841,OK,0
2026-07-08 09:06:22,F2,17.7852,OK,0
2026-07-08 09:06:33,F2,17.7863,OK,0
2026-07-08 09:06:43,F2,17.7875,OK,0
2026-07-08 09:06:53,F2,17.7886,OK,0
2026-07-08 09:07:04,F2,17.7897,OK,1
2026-07-08 09:07:14,F2,17.7909,OK,0
2026-07-08 09:07:24,F2,17.7921,OK,0
2026-07-08 09:07:35,F2,17.7933,OK,0
2026-07-08 09:07:45,F2,17.7945,OK,0
2026-07-08 09:07:55,F2,17.7957,OK,0
2026-07-08 09:08:06,F2,17.7970,OK,0
2026-07-08 09:08:16,F2,17.7984,OK,0
2026-07-08 09:08:26,F2,17.7997,OK,0
2026-07-08 09:08:37,F2,17.8011,OK,0
2026-07-08 09:08:47,F2,17.8026,OK,0
2026-07-08 09:08:57,F2,17.8041,OK,0
2026-07-08 09:09:08,F2,17.8057,OK,1
2026-07-08 09:09:18,F2,17.8073,OK,1
2026-07-08 09:09:29,F2,17.8090,OK,0
2026-07-08 09:09:39,F2,17.8107,OK,0
2026-07-08 09:09:49,F2,17.8125,OK,0
2026-07-08 09:10:00,F2,17.8144,OK,0
2026-07-08 09:10:10,F2,17.8162,OK,0
2026-07-08 09:10:20,F2,17.8182,OK,0
2026-07-08 09:10:31,F2,17.8202,OK,0
2026-07-08 09:10:41,F2,17.8222,OK,0
2026-07-08 09:10:51,F2,17.8243,OK,0
2026-07-08 09:11:02,F2,17.8264,OK,0
2026-07-08 09:11:12,F2,17.8286,OK,0
2026-07-08 09:11:22,F2,17.8307,OK,0
2026-07-08 09:11:33,F2,17.8329,OK,0
2026-07-08 09:11:43,F2,17.8351,OK,0
2026-07-08 09:11:53,F2,17.8373,OK,0
2026-07-08 09:12:04,F2,17.8395,OK,0
2026-07-08 09:12:14,F2,17.8417,OK,0
2026-07-08 09:12:24,F2,17.8439,OK,0
2026-07-08 09:12:34,F2,17.8461,OK,0
2026-07-08 09:12:45,F2,17.8483,OK,0
2026-07-08 09:12:55,F2,17.8505,OK,0
2026-07-08 09:13:05,F2,17.8526,OK,0
2026-07-08 09:13:16,F2,17.8547,OK,0
2026-07-08 09:13:26,F2,17.8568,OK,0
2026-07-08 09:13:37,F2,17.8589,OK,0
2026-07-08 09:13:47,F2,17.8609,OK,0
2026-07-08 09:13:57,F2,17.8628,OK,0
2026-07-08 09:14:08,F2,17.8647,OK,0
2026-07-08 09:14:18,F2,17.8666,OK,0
2026-07-08 09:14:28,F2,17.8684,OK,0
2026-07-08 09:14:39,F2,17.8701,OK,0
2026-07-08 09:14:49,F2,17.8718,OK,0
2026-07-08 09:14:59,F2,17.8734,OK,1
2026-07-08 09:15:10,F2,17.8749,OK,1
2026-07-08 09:15:20,F2,17.8764,OK,1
2026-07-08 09:15:30,F2,17.8777,OK,0
2026-07-08 09:15:41,F2,17.8790,OK,0
2026-07-08 09:15:51,F2,17.8803,OK,0
2026-07-08 09:16:01,F2,17.8814,OK,0
2026-07-08 09:16:12,F2,17.8825,OK,0
2026-07-08 09:16:22,F2,17.8834,OK,0
2026-07-08 09:16:32,F2,17.8844,OK,0
2026-07-08 09:16:43,F2,17.8852,OK,0
2026-07-08 09:16:53,F2,17.8860,OK,0
2026-07-08 09:17:03,F2,17.8867,OK,0
2026-07-08 09:17:14,F2,17.8874,OK,0
2026-07-08 09:17:24,F2,17.8880,OK,0
2026-07-08 09:17:34,F2,17.8885,OK,0
2026-07-08 09:17:45,F2,17.8891,OK,0
2026-07-08 09:17:55,F2,17.8895,OK,0
2026-07-08 09:18:05,F2,17.8900,OK,0
2026-07-08 09:18:16,F2,17.8904,OK,0
2026-07-08 09:18:26,F2,17.8908,OK,0
2026-07-08 09:18:36,F2,17.8911,OK,0
2026-07-08 09:18:47,F2,17.8915,OK,0
2026-07-08 09:18:57,F2,17.8919,OK,0
2026-07-08 09:19:07,F2,17.8922,OK,0
2026-07-08 09:19:18,F2,17.8926,OK,0
2026-07-08 09:19:28,F2,17.8929,OK,0
2026-07-08 09:19:38,F2,17.8933,OK,0
2026-07-08 09:19:49,F2,17.8937,OK,0
2026-07-08 09:19:59,F2,17.8941,OK,0
2026-07-08 09:20:09,F2,17.8946,OK,0
2026-07-08 09:20:20,F2,17.8951,OK,0
2026-07-08 09:20:30,F2,17.8956,OK,0
2026-07-08 09:20:40,F2,17.8962,OK,0
2026-07-08 09:20:51,F2,17.8968,OK,0
2026-07-08 09:21:01,F2,17.8974,OK,0
2026-07-08 09:21:11,F2,17.8981,OK,0
2026-07-08 09:21:22,F2,17.8989,OK,0
2026-07-08 09:21:32,F2,17.8997,OK,0
2026-07-08 09:21:42,F2,17.9005,OK,0
2026-07-08 09:21:53,F2,17.9014,OK,0
2026-07-08 09:22:03,F2,17.9024,OK,0
2026-07-08 09:22:13,F2,17.9035,OK,1
2026-07-08 09:22:24,F2,17.9046,OK,1
2026-07-08 09:22:34,F2,17.9058,OK,1
2026-07-08 09:22:44,F2,17.9071,OK,0
2026-07-08 09:22:55,F2,17.9084,OK,0
2026-07-08 09:23:05,F2,17.9099,OK,0
2026-07-08 09:23:15,F2,17.9113,OK,0
2026-07-08 09:23:26,F2,17.9129,OK,0
2026-07-08 09:23:36,F2,17.9145,OK,0
2026-07-08 09:23:46,F2,17.9162,OK,0
2026-07-08 09:23:57,F2,17.9180,OK,0
2026-07-08 09:24:07,F2,17.9198,OK,0
2026-07-08 09:24:17,F2,17.9216,OK,0
2026-07-08 09:24:28,F2,17.9235,OK,0
2026-07-08 09:24:38,F2,17.9254,OK,0
2026-07-08 09:24:49,F2,17.9274,OK,0
2026-07-08 09:24:59,F2,17.9294,OK,0
2026-07-08 09:25:09,F2,17.9314,OK,0
2026-07-08 09:25:20,F2,17.9335,OK,0
2026-07-08 09:25:30,F2,17.9356,OK,0
2026-07-08 09:25:40,F2,17.9376,OK,0
2026-07-08 09:25:50,F2,17.9397,OK,0
2026-07-08 09:26:01,F2,17.9418,OK,0
2026-07-08 09:26:11,F2,17.9439,OK,0
2026-07-08 09:26:21,F2,17.9460,OK,0
2026-07-08 09:26:32,F2,17.9481,OK,0
2026-07-08 09:26:42,F2,17.9501,OK,0
2026-07-08 09:26:53,F2,17.9522,OK,0
2026-07-08 09:27:03,F2,17.9542,OK,0
2026-07-08 09:27:13,F2,17.9562,OK,0
2026-07-08 09:27:24,F2,17.9581,OK,0
2026-07-08 09:27:34,F2,17.9600,OK,0
2026-07-08 09:27:44,F2,17.9619,OK,0
2026-07-08 09:27:55,F2,17.9638,OK,0
2026-07-08 09:28:05,F2,17.9656,OK,0
2026-07-08 09:28:15,F2,17.9673,OK,0
2026-07-08 09:28:26,F2,17.9690,OK,0
2026-07-08 09:28:36,F2,17.9706,OK,1
2026-07-08 09:28:46,F2,17.9721,OK,0
2026-07-08 09:28:57,F2,17.9736,OK,1
2026-07-08 09:29:07,F2,17.9750,OK,1
2026-07-08 09:29:17,F2,17.9764,OK,1
2026-07-08 09:29:28,F2,17.9776,OK,1
2026-07-08 09:29:38,F2,17.9788,OK,0
2026-07-08 09:29:48,F2,17.9799,OK,0
2026-07-08 09:29:59,F2,17.9809,OK,0
2026-07-08 09:30:09,F2,17.9818,OK,0
2026-07-08 09:30:19,F2,17.9826,OK,0
2026-07-08 09:30:30,F2,17.9834,OK,0
2026-07-08 09:30:40,F2,17.9841,OK,0
2026-07-08 09:30:50,F2,17.9847,OK,0
2026-07-08 09:31:01,F2,17.9853,OK,0
2026-07-08 09:31:11,F2,17.9858,OK,0
2026-07-08 09:31:21,F2,17.9862,OK,0
2026-07-08 09:31:32,F2,17.9866,OK,0
2026-07-08 09:31:42,F2,17.9869,OK,0
2026-07-08 09:31:52,F2,17.9872,OK,0
2026-07-08 09:32:03,F2,17.9874,OK,0
2026-07-08 09:32:13,F2,17.9876,OK,0
2026-07-08 09:32:23,F2,17.9878,OK,0
2026-07-08 09:32:34,F2,17.9879,OK,0
2026-07-08 09:32:44,F2,17.9880,OK,0
2026-07-08 09:32:54,F2,17.9882,OK,0
2026-07-08 09:33:05,F2,17.9883,OK,0
2026-07-08 09:33:15,F2,17.9883,OK,0
2026-07-08 09:33:25,F2,17.9884,OK,0
2026-07-08 09:33:36,F2,17.9885,OK,0
2026-07-08 09:33:46,F2,17.9886,OK,0
2026-07-08 09:33:56,F2,17.9888,OK,0
2026-07-08 09:34:07,F2,17.9889,OK,0
2026-07-08 09:34:17,F2,17.9891,OK,0
2026-07-08 09:34:27,F2,17.9893,OK,0
2026-07-08 09:34:38,F2,17.9896,OK,0
2026-07-08 09:34:48,F2,17.9898,OK,0
2026-07-08 09:34:58,F2,17.9902,OK,0
2026-07-08 09:35:09,F2,17.9906,OK,0
2026-07-08 09:35:19,F2,17.9910,OK,0
2026-07-08 09:35:29,F2,17.9915,OK,0
2026-07-08 09:35:40,F2,17.9920,OK,0
2026-07-08 09:35:50,F2,17.9927,OK,0
2026-07-08 09:36:00,F2,17.9934,OK,1
2026-07-08 09:36:11,F2,17.9941,OK,1
2026-07-08 09:36:21,F2,17.9950,OK,1
2026-07-08 09:36:31,F2,17.9959,OK,1
2026-07-08 09:36:42,F2,17.9969,OK,1
2026-07-08 09:36:52,F2,17.9980,OK,1
2026-07-08 09:37:02,F2,17.9992,OK,0
2026-07-08 09:37:13,F2,18.0005,OK,0
2026-07-08 09:37:23,F2,18.0019,OK,0
2026-07-08 09:37:33,F2,18.0034,OK,0
2026-07-08 09:37:44,F2,18.0049,OK,0
2026-07-08 09:37:54,F2,18.0065,OK,0
2026-07-08 09:38:04,F2,18.0082,OK,0
2026-07-08 09:38:15,F2,18.0100,OK,0
2026-07-08 09:38:25,F2,18.0118,OK,0
2026-07-08 09:38:35,F2,18.0137,OK,0
2026-07-08 09:38:46,F2,18.0157,OK,0
2026-07-08 09:38:56,F2,18.0177,OK,0
2026-07-08 09:39:06,F2,18.0198,OK,0
2026-07-08 09:39:17,F2,18.0219,Bajo rango,1
2026-07-08 09:39:27,F2,18.0240,Bajo rango,1
2026-07-08 09:39:37,F2,18.0262,Bajo rango,1
2026-07-08 09:39:48,F2,18.0284,OK,1
2026-07-08 09:39:58,F2,18.0306,Bajo rango,1
2026-07-08 09:40:08,F2,18.0329,Alto rango,1
2026-07-08 09:40:19,F2,18.0351,OK,0
2026-07-08 09:40:29,F2,18.0374,OK,0
2026-07-08 09:40:40,F2,18.0397,OK,0
2026-07-08 09:40:50,F2,18.0420,OK,0
2026-07-08 09:41:00,F2,18.0444,OK,0
2026-07-08 09:41:11,F2,18.0468,OK,0
2026-07-08 09:41:21,F2,18.0492,OK,0
2026-07-08 09:41:31,F2,18.0516,OK,0
2026-07-08 09:41:42,F2,18.0540,OK,0
2026-07-08 09:41:52,F2,18.0565,OK,0
2026-07-08 09:42:02,F2,18.0589,OK,0
2026-07-08 09:42:13,F2,18.0614,OK,0
2026-07-08 09:42:23,F2,18.0639,OK,0
2026-07-08 09:42:33,F2,18.0665,OK,0
2026-07-08 09:42:44,F2,18.0690,OK,0
2026-07-08 09:42:54,F2,18.0716,OK,0
2026-07-08 09:43:04,F2,18.0742,OK,0
2026-07-08 09:43:15,F2,18.0769,OK,0
2026-07-08 09:43:25,F2,18.0795,OK,0
2026-07-08 09:43:35,F2,18.0823,OK,0
2026-07-08 09:43:46,F2,18.0850,OK,0
2026-07-08 09:43:56,F2,18.0878,OK,0
2026-07-08 09:44:06,F2,18.0907,OK,0
2026-07-08 09:44:17,F2,18.0936,OK,0
2026-07-08 09:44:27,F2,18.0965,OK,0
2026-07-08 09:44:37,F2,18.0995,OK,0
2026-07-08 09:44:48,F2,18.1026,OK,0
2026-07-08 09:44:58,F2,18.1057,OK,0
2026-07-08 09:45:08,F2,18.1089,OK,0
2026-07-08 09:45:19,F2,18.1121,OK,0
2026-07-08 09:45:29,F2,18.1155,OK,0
2026-07-08 09:45:39,F2,18.1189,OK,0
2026-07-08 09:45:50,F2,18.1223,OK,0
2026-07-08 09:46:00,F2,18.1258,OK,0
2026-07-08 09:46:10,F2,18.1295,OK,0
2026-07-08 09:46:21,F2,18.1331,OK,0
2026-07-08 09:46:31,F2,18.1369,OK,0
2026-07-08 09:46:41,F2,18.1407,OK,0
2026-07-08 09:46:52,F2,18.1446,OK,0
2026-07-08 09:47:02,F2,18.1486,OK,0
2026-07-08 09:47:12,F2,18.1527,OK,0
2026-07-08 09:47:23,F2,18.1568,OK,0
2026-07-08 09:47:33,F2,18.1610,OK,0
2026-07-08 09:47:43,F2,18.1653,OK,0
2026-07-08 09:47:54,F2,18.1697,OK,0
2026-07-08 09:48:04,F2,18.1742,OK,0
2026-07-08 09:48:14,F2,18.1788,OK,0
2026-07-08 09:48:25,F2,18.1834,OK,0
2026-07-08 09:48:35,F2,18.1881,OK,0
2026-07-08 09:48:45,F2,18.1929,OK,0
2026-07-08 09:48:56,F2,18.1978,OK,0
2026-07-08 09:49:06,F2,18.2028,OK,1
2026-07-08 09:49:16,F2,18.2078,OK,1
2026-07-08 09:49:27,F2,18.2129,OK,1
2026-07-08 09:49:37,F2,18.2182,OK,0
2026-07-08 09:49:47,F2,18.2235,OK,0
2026-07-08 09:49:58,F2,18.2288,OK,0
2026-07-08 09:50:08,F2,18.2343,OK,0
2026-07-08 09:50:18,F2,18.2398,OK,0
2026-07-08 09:50:29,F2,18.2454,OK,0
2026-07-08 09:50:39,F2,18.2511,OK,0
2026-07-08 09:50:49,F2,18.2568,OK,0
2026-07-08 09:51:00,F2,18.2625,OK,0
2026-07-08 09:51:10,F2,18.2683,OK,0
2026-07-08 09:51:20,F2,18.2742,OK,0
2026-07-08 09:51:31,F2,18.2800,OK,0
2026-07-08 09:51:41,F2,18.2859,OK,0
2026-07-08 09:51:51,F2,18.2919,OK,0
2026-07-08 09:52:02,F2,18.2978,OK,0
2026-07-08 09:52:12,F2,18.3037,OK,0
2026-07-08 09:52:22,F2,18.3097,OK,0
2026-07-08 09:52:33,F2,18.3156,OK,0
2026-07-08 09:52:43,F2,18.3215,OK,0
2026-07-08 09:52:53,F2,18.3274,OK,0
2026-07-08 09:53:04,F2,18.3333,OK,0
2026-07-08 09:53:14,F2,18.3392,OK,0
2026-07-08 09:53:24,F2,18.3450,OK,0
2026-07-08 09:53:35,F2,18.3508,OK,0
2026-07-08 09:53:45,F2,18.3565,OK,0
2026-07-08 09:53:55,F2,18.3622,OK,0
2026-07-08 09:54:06,F2,18.3678,OK,0
2026-07-08 09:54:16,F2,18.3734,OK,0
2026-07-08 09:54:26,F2,18.3789,OK,0
2026-07-08 09:54:37,F2,18.3843,OK,0
2026-07-08 09:54:47,F2,18.3897,OK,0
2026-07-08 09:54:57,F2,18.3949,OK,0
2026-07-08 09:55:08,F2,18.4001,OK,0
2026-07-08 09:55:18,F2,18.4052,OK,0
2026-07-08 09:55:28,F2,18.4102,OK,0
2026-07-08 09:55:39,F2,18.4150,OK,0
2026-07-08 09:55:49,F2,18.4198,OK,0
2026-07-08 09:55:59,F2,18.4244,OK,1
2026-07-08 09:56:10,F2,18.4290,OK,1
2026-07-08 09:56:20,F2,18.4334,OK,1
2026-07-08 09:56:30,F2,18.4376,OK,1
2026-07-08 09:56:41,F2,18.4418,OK,1
2026-07-08 09:56:51,F2,18.4458,OK,1
2026-07-08 09:57:01,F2,18.4497,OK,0
2026-07-08 09:57:13,F2,18.4534,OK,0
2026-07-08 09:57:24,F2,18.4570,OK,0
2026-07-08 09:57:34,F2,18.4604,OK,0
2026-07-08 09:57:44,F2,18.4637,OK,0
2026-07-08 09:57:55,F2,18.4669,OK,0
2026-07-08 09:58:05,F2,18.4699,OK,0
2026-07-08 09:58:15,F2,18.4728,OK,0
2026-07-08 09:58:26,F2,18.4756,OK,0
2026-07-08 09:58:36,F2,18.4783,OK,0
2026-07-08 09:58:46,F2,18.4808,OK,0
2026-07-08 09:58:57,F2,18.4832,OK,0
2026-07-08 09:59:07,F2,18.4855,OK,0
2026-07-08 09:59:17,F2,18.4877,OK,0
2026-07-08 09:59:28,F2,18.4898,OK,0
2026-07-08 09:59:38,F2,18.4918,OK,0
2026-07-08 09:59:48,F2,18.4937,OK,0
2026-07-08 09:59:59,F2,18.4954,OK,0
2026-07-08 10:00:09,F2,18.4971,OK,0
2026-07-08 10:00:19,F2,18.4988,OK,0
2026-07-08 10:00:30,F2,18.5003,OK,0
2026-07-08 10:00:40,F2,18.5018,OK,0
2026-07-08 10:00:50,F2,18.5032,OK,0
2026-07-08 10:01:01,F2,18.5045,OK,1
2026-07-08 10:01:11,F2,18.5058,OK,1
2026-07-08 10:01:21,F2,18.5070,OK,1
2026-07-08 10:01:32,F2,18.5082,OK,1
2026-07-08 10:01:42,F2,18.5093,OK,1
2026-07-08 10:01:52,F2,18.5103,OK,0
2026-07-08 10:02:03,F2,18.5114,OK,0
2026-07-08 10:02:13,F2,18.5123,OK,0
2026-07-08 10:02:23,F2,18.5133,OK,0
2026-07-08 10:02:34,F2,18.5141,OK,0
2026-07-08 10:02:44,F2,18.5150,OK,0
2026-07-08 10:02:54,F2,18.5158,OK,0
2026-07-08 10:03:05,F2,18.5166,OK,0
2026-07-08 10:03:15,F2,18.5174,OK,0
2026-07-08 10:03:25,F2,18.5181,OK,0
2026-07-08 10:03:36,F2,18.5188,OK,0
2026-07-08 10:03:46,F2,18.5195,OK,0
2026-07-08 10:03:56,F2,18.5202,OK,0
2026-07-08 10:04:07,F2,18.5209,OK,0
2026-07-08 10:04:17,F2,18.5216,OK,0
2026-07-08 10:04:27,F2,18.5223,OK,0
2026-07-08 10:04:38,F2,18.5229,OK,0
2026-07-08 10:04:48,F2,18.5236,OK,0
2026-07-08 10:04:58,F2,18.5242,OK,0
2026-07-08 10:05:09,F2,18.5249,OK,0
2026-07-08 10:05:19,F2,18.5255,OK,0
2026-07-08 10:05:29,F2,18.5261,OK,0
2026-07-08 10:05:40,F2,18.5267,OK,0
2026-07-08 10:05:50,F2,18.5273,OK,0
2026-07-08 10:06:00,F2,18.5278,OK,0
2026-07-08 10:06:11,F2,18.5284,OK,0
2026-07-08 10:06:21,F2,18.5288,OK,0
2026-07-08 10:06:31,F2,18.5293,OK,0
2026-07-08 10:06:42,F2,18.5297,OK,0
2026-07-08 10:06:52,F2,18.5300,OK,0
2026-07-08 10:07:03,F2,18.5303,OK,0
2026-07-08 10:07:13,F2,18.5305,OK,0
2026-07-08 10:07:23,F2,18.5307,OK,0
2026-07-08 10:07:34,F2,18.5307,OK,0
2026-07-08 10:07:44,F2,18.5308,OK,0
2026-07-08 10:07:54,F2,18.5307,OK,0
2026-07-08 10:08:05,F2,18.5305,OK,0
2026-07-08 10:08:15,F2,18.5303,OK,0
2026-07-08 10:08:25,F2,18.5300,OK,0
2026-07-08 10:08:36,F2,18.5296,OK,0
2026-07-08 10:08:46,F2,18.5291,OK,0
2026-07-08 10:08:56,F2,18.5285,OK,0
2026-07-08 10:09:07,F2,18.5278,OK,0
2026-07-08 10:09:17,F2,18.5270,OK,0
2026-07-08 10:09:27,F2,18.5260,OK,0
2026-07-08 10:09:38,F2,18.5250,OK,0
2026-07-08 10:09:48,F2,18.5238,OK,0
2026-07-08 10:09:58,F2,18.5226,OK,0
2026-07-08 10:10:09,F2,18.5212,OK,0
2026-07-08 10:10:19,F2,18.5196,OK,0
2026-07-08 10:10:29,F2,18.5180,OK,0
2026-07-08 10:10:39,F2,18.5162,OK,0
2026-07-08 10:10:50,F2,18.5143,OK,1
2026-07-08 10:11:00,F2,18.5122,OK,1
2026-07-08 10:11:11,F2,18.5100,OK,1
2026-07-08 10:11:21,F2,18.5077,OK,1
2026-07-08 10:11:31,F2,18.5052,OK,1
2026-07-08 10:11:42,F2,18.5026,OK,0
2026-07-08 10:11:52,F2,18.4999,OK,0
2026-07-08 10:12:02,F2,18.4969,OK,0
2026-07-08 10:12:13,F2,18.4939,OK,0
2026-07-08 10:12:23,F2,18.4907,OK,0
2026-07-08 10:12:33,F2,18.4874,OK,0
2026-07-08 10:12:43,F2,18.4839,OK,0
2026-07-08 10:12:54,F2,18.4804,OK,0
2026-07-08 10:13:04,F2,18.4767,OK,0
2026-07-08 10:13:14,F2,18.4729,OK,0
2026-07-08 10:13:25,F2,18.4690,OK,0
2026-07-08 10:13:35,F2,18.4649,OK,0
2026-07-08 10:13:45,F2,18.4608,OK,0
2026-07-08 10:13:56,F2,18.4566,OK,0
2026-07-08 10:14:06,F2,18.4523,OK,0
2026-07-08 10:14:16,F2,18.4479,OK,0
2026-07-08 10:14:27,F2,18.4435,OK,0
2026-07-08 10:14:37,F2,18.4389,OK,0
2026-07-08 10:14:47,F2,18.4343,OK,0
2026-07-08 10:14:58,F2,18.4297,OK,0
2026-07-08 10:15:08,F2,18.4249,OK,0
2026-07-08 10:15:18,F2,18.4202,OK,0
2026-07-08 10:15:29,F2,18.4154,OK,0
2026-07-08 10:15:39,F2,18.4105,OK,0
2026-07-08 10:15:49,F2,18.4056,OK,0
2026-07-08 10:16:00,F2,18.4007,OK,0
2026-07-08 10:16:10,F2,18.3958,OK,0
2026-07-08 10:16:20,F2,18.3908,OK,1
2026-07-08 10:16:31,F2,18.3858,OK,0
2026-07-08 10:16:41,F2,18.3808,OK,0
2026-07-08 10:16:51,F2,18.3758,OK,0
2026-07-08 10:17:02,F2,18.3708,OK,0
2026-07-08 10:17:12,F2,18.3658,OK,0
2026-07-08 10:17:22,F2,18.3608,OK,0
2026-07-08 10:17:33,F2,18.3559,OK,0
2026-07-08 10:17:43,F2,18.3509,OK,0
2026-07-08 10:17:53,F2,18.3460,OK,0
2026-07-08 10:18:04,F2,18.3410,OK,0
2026-07-08 10:18:14,F2,18.3361,OK,0
2026-07-08 10:18:24,F2,18.3312,OK,0
2026-07-08 10:18:35,F2,18.3264,OK,1
2026-07-08 10:18:45,F2,18.3216,OK,1
2026-07-08 10:18:55,F2,18.3168,OK,1
2026-07-08 10:19:06,F2,18.3121,OK,1
2026-07-08 10:19:16,F2,18.3074,OK,1
2026-07-08 10:19:26,F2,18.3028,OK,1
2026-07-08 10:19:37,F2,18.2982,OK,1
2026-07-08 10:19:47,F2,18.2937,OK,0
2026-07-08 10:19:57,F2,18.2892,OK,0
2026-07-08 10:20:08,F2,18.2848,OK,0
2026-07-08 10:20:18,F2,18.2804,OK,0
2026-07-08 10:20:28,F2,18.2761,OK,0
2026-07-08 10:20:39,F2,18.2718,OK,0
2026-07-08 10:20:49,F2,18.2676,OK,0
2026-07-08 10:20:59,F2,18.2634,OK,0
2026-07-08 10:21:10,F2,18.2592,OK,0
2026-07-08 10:21:20,F2,18.2551,OK,0
2026-07-08 10:21:30,F2,18.2510,OK,0
2026-07-08 10:21:41,F2,18.2468,OK,0
2026-07-08 10:21:51,F2,18.2428,OK,0
2026-07-08 10:22:01,F2,18.2387,OK,0
2026-07-08 10:22:12,F2,18.2346,OK,0
2026-07-08 10:22:22,F2,18.2305,OK,0
2026-07-08 10:22:32,F2,18.2264,OK,0
2026-07-08 10:22:43,F2,18.2223,OK,0
2026-07-08 10:22:53,F2,18.2182,OK,0
2026-07-08 10:23:03,F2,18.2140,OK,0
2026-07-08 10:23:14,F2,18.2098,OK,0
2026-07-08 10:23:24,F2,18.2056,OK,0
2026-07-08 10:23:34,F2,18.2014,OK,0
2026-07-08 10:23:45,F2,18.1971,OK,0
2026-07-08 10:23:55,F2,18.1928,OK,1
2026-07-08 10:24:06,F2,18.1884,OK,0
2026-07-08 10:24:16,F2,18.1840,OK,0
2026-07-08 10:24:26,F2,18.1795,OK,0
2026-07-08 10:24:37,F2,18.1750,OK,0
2026-07-08 10:24:47,F2,18.1703,OK,0
2026-07-08 10:24:57,F2,18.1657,OK,0
2026-07-08 10:25:08,F2,18.1609,OK,0
2026-07-08 10:25:18,F2,18.1560,OK,0
2026-07-08 10:25:28,F2,18.1511,OK,0
2026-07-08 10:25:39,F2,18.1461,OK,0
2026-07-08 10:25:49,F2,18.1410,OK,1
2026-07-08 10:25:59,F2,18.1358,OK,1
2026-07-08 10:26:10,F2,18.1305,OK,1
2026-07-08 10:26:20,F2,18.1251,OK,1
2026-07-08 10:26:30,F2,18.1196,OK,1
2026-07-08 10:26:41,F2,18.1140,OK,1
2026-07-08 10:26:51,F2,18.1083,OK,0
2026-07-08 10:27:01,F2,18.1025,OK,0
2026-07-08 10:27:12,F2,18.0965,OK,0
2026-07-08 10:27:22,F2,18.0905,OK,0
2026-07-08 10:27:32,F2,18.0844,OK,0
2026-07-08 10:27:43,F2,18.0781,OK,0
2026-07-08 10:27:53,F2,18.0718,OK,0
2026-07-08 10:28:03,F2,18.0654,OK,0
2026-07-08 10:28:14,F2,18.0589,OK,0
2026-07-08 10:28:24,F2,18.0524,OK,0
2026-07-08 10:28:34,F2,18.0458,OK,0
2026-07-08 10:28:45,F2,18.0391,OK,0
2026-07-08 10:28:55,F2,18.0323,OK,0
2026-07-08 10:29:05,F2,18.0255,OK,0
2026-07-08 10:29:16,F2,18.0186,OK,0
2026-07-08 10:29:26,F2,18.0117,OK,0
2026-07-08 10:29:36,F2,18.0048,OK,0
2026-07-08 10:29:47,F2,17.9978,OK,0
2026-07-08 10:29:57,F2,17.9908,OK,0
2026-07-08 10:30:07,F2,17.9838,OK,0
2026-07-08 10:30:18,F2,17.9768,OK,0
2026-07-08 10:30:28,F2,17.9698,OK,0
2026-07-08 10:30:38,F2,17.9627,OK,0
2026-07-08 10:30:49,F2,17.9557,OK,0
2026-07-08 10:30:59,F2,17.9487,OK,0
2026-07-08 10:31:09,F2,17.9416,OK,0
2026-07-08 10:31:20,F2,17.9347,OK,0
2026-07-08 10:31:30,F2,17.9277,OK,0
2026-07-08 10:31:40,F2,17.9207,OK,0
2026-07-08 10:31:51,F2,17.9138,OK,0
2026-07-08 10:32:01,F2,17.9069,OK,0
2026-07-08 10:32:11,F2,17.9001,OK,0
2026-07-08 10:32:22,F2,17.8933,OK,0
2026-07-08 10:32:32,F2,17.8865,OK,0
2026-07-08 10:32:42,F2,17.8798,OK,0
2026-07-08 10:32:53,F2,17.8732,OK,0
2026-07-08 10:33:03,F2,17.8666,OK,0
2026-07-08 10:33:13,F2,17.8601,OK,0
2026-07-08 10:33:24,F2,17.8536,OK,0
2026-07-08 10:33:34,F2,17.8472,OK,0
2026-07-08 10:33:44,F2,17.8408,OK,0
2026-07-08 10:33:55,F2,17.8346,OK,0
2026-07-08 10:34:05,F2,17.8283,OK,0
2026-07-08 10:34:15,F2,17.8222,OK,0
2026-07-08 10:34:26,F2,17.8162,OK,0
2026-07-08 10:34:36,F2,17.8102,OK,0
2026-07-08 10:34:46,F2,17.8042,OK,0
2026-07-08 10:34:57,F2,17.7984,OK,0
2026-07-08 10:35:07,F2,17.7926,OK,0
2026-07-08 10:35:17,F2,17.7869,OK,0
2026-07-08 10:35:28,F2,17.7812,OK,0
2026-07-08 10:35:38,F2,17.7756,OK,0
2026-07-08 10:35:48,F2,17.7700,OK,0
2026-07-08 10:35:59,F2,17.7645,OK,0
2026-07-08 10:36:09,F2,17.7590,OK,0
2026-07-08 10:36:19,F2,17.7535,OK,0
2026-07-08 10:36:30,F2,17.7481,OK,0
2026-07-08 10:36:40,F2,17.7428,OK,0
2026-07-08 10:36:50,F2,17.7374,OK,0
2026-07-08 10:37:01,F2,17.7321,OK,0
2026-07-08 10:37:11,F2,17.7267,OK,0
2026-07-08 10:37:21,F2,17.7214,OK,0
2026-07-08 10:37:32,F2,17.7161,OK,0
2026-07-08 10:37:42,F2,17.7108,OK,0
2026-07-08 10:37:52,F2,17.7055,OK,0
2026-07-08 10:38:03,F2,17.7002,OK,0
2026-07-08 10:38:13,F2,17.6949,OK,0
2026-07-08 10:38:23,F2,17.6895,OK,0
2026-07-08 10:38:34,F2,17.6842,OK,0
2026-07-08 10:38:44,F2,17.6788,OK,0
2026-07-08 10:38:54,F2,17.6734,OK,0
2026-07-08 10:39:05,F2,17.6680,OK,0
2026-07-08 10:39:15,F2,17.6626,OK,0
2026-07-08 10:39:25,F2,17.6571,OK,0
2026-07-08 10:39:36,F2,17.6516,OK,0
2026-07-08 10:39:46,F2,17.6460,OK,0
2026-07-08 10:39:56,F2,17.6404,OK,0
2026-07-08 10:40:07,F2,17.6348,OK,0
2026-07-08 10:40:17,F2,17.6291,OK,0
2026-07-08 10:40:27,F2,17.6233,OK,1
2026-07-08 10:40:38,F2,17.6175,OK,1
2026-07-08 10:40:48,F2,17.6117,OK,1
2026-07-08 10:40:58,F2,17.6058,OK,1
2026-07-08 10:41:09,F2,17.5998,OK,1
2026-07-08 10:41:19,F2,17.5937,OK,0
2026-07-08 10:41:29,F2,17.5876,OK,0
2026-07-08 10:41:40,F2,17.5814,OK,0
2026-07-08 10:41:50,F2,17.5752,OK,0
2026-07-08 10:42:00,F2,17.5689,OK,0
2026-07-08 10:42:11,F2,17.5625,OK,0
2026-07-08 10:42:21,F2,17.5561,OK,0
2026-07-08 10:42:31,F2,17.5496,OK,0
2026-07-08 10:42:42,F2,17.5431,OK,0
2026-07-08 10:42:52,F2,17.5366,OK,0
2026-07-08 10:43:02,F2,17.5300,OK,0
2026-07-08 10:43:13,F2,17.5234,OK,0
2026-07-08 10:43:23,F2,17.5167,OK,0
2026-07-08 10:43:33,F2,17.5101,OK,0
2026-07-08 10:43:44,F2,17.5034,OK,0
2026-07-08 10:43:54,F2,17.4967,OK,0
2026-07-08 10:44:05,F2,17.4900,OK,0
2026-07-08 10:44:15,F2,17.4834,OK,0
2026-07-08 10:44:25,F2,17.4767,OK,0
2026-07-08 10:44:35,F2,17.4700,OK,0
2026-07-08 10:44:46,F2,17.4633,OK,0
2026-07-08 10:44:56,F2,17.4567,OK,0
2026-07-08 10:45:06,F2,17.4501,OK,0
2026-07-08 10:45:17,F2,17.4435,OK,0
2026-07-08 10:45:27,F2,17.4369,OK,0
2026-07-08 10:45:37,F2,17.4304,OK,0
2026-07-08 10:45:48,F2,17.4239,OK,0
2026-07-08 10:45:58,F2,17.4175,OK,0
2026-07-08 10:46:08,F2,17.4111,OK,0
2026-07-08 10:46:19,F2,17.4048,OK,0
2026-07-08 10:46:29,F2,17.3985,OK,0
2026-07-08 10:46:39,F2,17.3923,OK,0
2026-07-08 10:46:50,F2,17.3861,OK,0
2026-07-08 10:47:00,F2,17.3801,OK,0
2026-07-08 10:47:10,F2,17.3741,OK,0
2026-07-08 10:47:21,F2,17.3681,OK,0
2026-07-08 10:47:31,F2,17.3623,OK,0
2026-07-08 10:47:41,F2,17.3565,OK,0
2026-07-08 10:47:52,F2,17.3508,OK,0
2026-07-08 10:48:02,F2,17.3452,OK,0
2026-07-08 10:48:12,F2,17.3397,OK,0
2026-07-08 10:48:23,F2,17.3343,OK,0
2026-07-08 10:48:33,F2,17.3290,OK,1
2026-07-08 10:48:43,F2,17.3237,OK,1
2026-07-08 10:48:54,F2,17.3186,OK,1
2026-07-08 10:49:04,F2,17.3136,OK,1
2026-07-08 10:49:14,F2,17.3087,OK,1
2026-07-08 10:49:25,F2,17.3039,OK,1
2026-07-08 10:49:35,F2,17.2991,OK,0
2026-07-08 10:49:45,F2,17.2945,OK,0
2026-07-08 10:49:56,F2,17.2900,OK,0
2026-07-08 10:50:06,F2,17.2857,OK,0
2026-07-08 10:50:16,F2,17.2814,OK,0
2026-07-08 10:50:27,F2,17.2772,OK,0
2026-07-08 10:50:37,F2,17.2731,OK,0
2026-07-08 10:50:47,F2,17.2690,OK,0
2026-07-08 10:50:58,F2,17.2651,OK,0
2026-07-08 10:51:08,F2,17.2613,OK,0
2026-07-08 10:51:18,F2,17.2575,OK,0
2026-07-08 10:51:29,F2,17.2538,OK,0
2026-07-08 10:51:39,F2,17.2501,OK,0
2026-07-08 10:51:49,F2,17.2465,OK,0
2026-07-08 10:52:00,F2,17.2430,OK,0
2026-07-08 10:52:10,F2,17.2395,OK,0
2026-07-08 10:52:20,F2,17.2360,OK,0
2026-07-08 10:52:31,F2,17.2326,OK,0
2026-07-08 10:52:41,F2,17.2293,OK,0
2026-07-08 10:52:51,F2,17.2259,OK,0
2026-07-08 10:53:02,F2,17.2226,OK,0
2026-07-08 10:53:12,F2,17.2193,OK,0
2026-07-08 10:53:22,F2,17.2160,OK,0
2026-07-08 10:53:33,F2,17.2128,OK,0
2026-07-08 10:53:43,F2,17.2095,OK,0
2026-07-08 10:53:53,F2,17.2063,OK,0
2026-07-08 10:54:04,F2,17.2030,OK,0
2026-07-08 10:54:14,F2,17.1998,OK,0
2026-07-08 10:54:24,F2,17.1965,OK,0
2026-07-08 10:54:35,F2,17.1933,OK,0
2026-07-08 10:54:45,F2,17.1900,OK,0
2026-07-08 10:54:55,F2,17.1867,OK,0
2026-07-08 10:55:06,F2,17.1833,OK,0
2026-07-08 10:55:16,F2,17.1800,OK,1
2026-07-08 10:55:26,F2,17.1766,OK,1
2026-07-08 10:55:37,F2,17.1732,OK,1
2026-07-08 10:55:47,F2,17.1697,OK,1
2026-07-08 10:55:57,F2,17.1663,OK,1
2026-07-08 10:56:08,F2,17.1627,OK,0
2026-07-08 10:56:18,F2,17.1591,OK,0
2026-07-08 10:56:29,F2,17.1555,OK,0
2026-07-08 10:56:39,F2,17.1519,OK,0
2026-07-08 10:56:49,F2,17.1482,OK,0
2026-07-08 10:57:00,F2,17.1444,OK,0
2026-07-08 10:57:10,F2,17.1406,OK,0
2026-07-08 10:57:20,F2,17.1368,OK,0
2026-07-08 10:57:31,F2,17.1330,OK,0
2026-07-08 10:57:41,F2,17.1292,OK,0
2026-07-08 10:57:51,F2,17.1253,OK,0
2026-07-08 10:58:02,F2,17.1214,OK,0
2026-07-08 10:58:12,F2,17.1175,OK,0
2026-07-08 10:58:22,F2,17.1136,OK,0
2026-07-08 10:58:33,F2,17.1097,OK,0
2026-07-08 10:58:43,F2,17.1058,OK,0
2026-07-08 10:58:53,F2,17.1019,OK,0
2026-07-08 10:59:04,F2,17.0980,OK,0
2026-07-08 10:59:14,F2,17.0942,OK,0
2026-07-08 10:59:24,F2,17.0903,OK,0
2026-07-08 10:59:35,F2,17.0865,OK,0
2026-07-08 10:59:45,F2,17.0827,OK,0
2026-07-08 10:59:55,F2,17.0790,OK,0
2026-07-08 11:00:06,F2,17.0752,OK,0
2026-07-08 11:00:16,F2,17.0716,OK,0
2026-07-08 11:00:27,F2,17.0680,OK,0
2026-07-08 11:00:37,F2,17.0644,OK,0
2026-07-08 11:00:47,F2,17.0609,OK,0
2026-07-08 11:00:58,F2,17.0574,OK,0
2026-07-08 11:01:08,F2,17.0540,OK,0
2026-07-08 11:01:18,F2,17.0507,OK,0
2026-07-08 11:01:29,F2,17.0474,OK,0
2026-07-08 11:01:39,F2,17.0442,OK,0
2026-07-08 11:01:49,F2,17.0411,OK,0
2026-07-08 11:02:00,F2,17.0380,OK,0
2026-07-08 11:02:10,F2,17.0351,OK,0
2026-07-08 11:02:20,F2,17.0322,OK,0
2026-07-08 11:02:31,F2,17.0294,OK,0
2026-07-08 11:02:41,F2,17.0267,OK,0
2026-07-08 11:02:51,F2,17.0240,OK,1
2026-07-08 11:03:02,F2,17.0215,OK,0
2026-07-08 11:03:12,F2,17.0190,OK,1
2026-07-08 11:03:22,F2,17.0167,OK,0
2026-07-08 11:03:32,F2,17.0144,OK,0
2026-07-08 11:03:43,F2,17.0122,OK,0
2026-07-08 11:03:53,F2,17.0102,OK,0
2026-07-08 11:04:03,F2,17.0082,OK,0
2026-07-08 11:04:14,F2,17.0063,OK,0
2026-07-08 11:04:24,F2,17.0045,OK,0
2026-07-08 11:04:34,F2,17.0028,OK,0
2026-07-08 11:04:45,F2,17.0011,OK,0
2026-07-08 11:04:55,F2,16.9995,OK,0
2026-07-08 11:05:05,F2,16.9981,OK,0
2026-07-08 11:05:16,F2,16.9966,OK,0
2026-07-08 11:05:26,F2,16.9953,OK,0
2026-07-08 11:05:36,F2,16.9940,OK,0
2026-07-08 11:05:47,F2,16.9927,OK,0
2026-07-08 11:05:57,F2,16.9915,OK,0
2026-07-08 11:06:07,F2,16.9904,OK,0
2026-07-08 11:06:18,F2,16.9892,OK,0
2026-07-08 11:06:28,F2,16.9882,OK,0
2026-07-08 11:06:38,F2,16.9871,OK,0
2026-07-08 11:06:49,F2,16.9861,OK,0
2026-07-08 11:06:59,F2,16.9850,OK,0
2026-07-08 11:07:09,F2,16.9840,OK,0
2026-07-08 11:07:20,F2,16.9830,OK,0
2026-07-08 11:07:30,F2,16.9820,OK,0
2026-07-08 11:07:40,F2,16.9810,OK,0
2026-07-08 11:07:51,F2,16.9800,OK,0
2026-07-08 11:08:01,F2,16.9790,OK,0
2026-07-08 11:08:11,F2,16.9780,OK,0
2026-07-08 11:08:22,F2,16.9769,OK,0
2026-07-08 11:08:32,F2,16.9758,OK,0
2026-07-08 11:08:42,F2,16.9747,OK,0
2026-07-08 11:08:53,F2,16.9736,OK,0
2026-07-08 11:09:03,F2,16.9724,OK,0
2026-07-08 11:09:13,F2,16.9712,OK,0
2026-07-08 11:09:24,F2,16.9699,OK,0
2026-07-08 11:09:34,F2,16.9686,OK,0
2026-07-08 11:09:44,F2,16.9672,OK,0
2026-07-08 11:09:55,F2,16.9658,OK,0
2026-07-08 11:10:05,F2,16.9644,OK,0
2026-07-08 11:10:16,F2,16.9628,OK,0
2026-07-08 11:10:26,F2,16.9612,OK,0
2026-07-08 11:10:36,F2,16.9596,OK,0
2026-07-08 11:10:47,F2,16.9578,OK,0
2026-07-08 11:10:57,F2,16.9560,OK,1
2026-07-08 11:11:07,F2,16.9541,OK,1
2026-07-08 11:11:18,F2,16.9522,OK,1
2026-07-08 11:11:28,F2,16.9501,OK,1
2026-07-08 11:11:38,F2,16.9480,OK,1
2026-07-08 11:11:49,F2,16.9458,OK,0
2026-07-08 11:11:59,F2,16.9435,OK,0
2026-07-08 11:12:09,F2,16.9411,OK,0
2026-07-08 11:12:20,F2,16.9387,OK,0
2026-07-08 11:12:30,F2,16.9361,OK,0
2026-07-08 11:12:40,F2,16.9335,OK,0
2026-07-08 11:12:51,F2,16.9309,OK,0
2026-07-08 11:13:01,F2,16.9281,OK,0
2026-07-08 11:13:11,F2,16.9253,OK,0
2026-07-08 11:13:22,F2,16.9224,OK,0
2026-07-08 11:13:32,F2,16.9195,OK,0
2026-07-08 11:13:42,F2,16.9166,OK,0
2026-07-08 11:13:53,F2,16.9136,OK,0
2026-07-08 11:14:03,F2,16.9105,OK,0
2026-07-08 11:14:13,F2,16.9074,OK,0
2026-07-08 11:14:24,F2,16.9043,OK,0
2026-07-08 11:14:34,F2,16.9012,OK,0
2026-07-08 11:14:44,F2,16.8980,OK,0
2026-07-08 11:14:55,F2,16.8949,OK,0
2026-07-08 11:15:05,F2,16.8917,OK,0
2026-07-08 11:15:15,F2,16.8885,OK,0
2026-07-08 11:15:26,F2,16.8853,OK,0
2026-07-08 11:15:36,F2,16.8821,OK,0
2026-07-08 11:15:46,F2,16.8790,OK,0
2026-07-08 11:15:57,F2,16.8758,OK,0
2026-07-08 11:16:07,F2,16.8727,OK,0
2026-07-08 11:16:17,F2,16.8696,OK,0
2026-07-08 11:16:28,F2,16.8665,OK,0
2026-07-08 11:16:38,F2,16.8635,OK,0
2026-07-08 11:16:48,F2,16.8605,OK,0
2026-07-08 11:16:59,F2,16.8575,OK,0
2026-07-08 11:17:09,F2,16.8546,OK,0
2026-07-08 11:17:19,F2,16.8517,OK,0
2026-07-08 11:17:30,F2,16.8489,OK,0
2026-07-08 11:17:40,F2,16.8461,OK,0
2026-07-08 11:17:50,F2,16.8434,OK,0
2026-07-08 11:18:01,F2,16.8407,OK,0
2026-07-08 11:18:11,F2,16.8382,OK,0
2026-07-08 11:18:21,F2,16.8356,OK,0
2026-07-08 11:18:32,F2,16.8332,OK,0
2026-07-08 11:18:42,F2,16.8308,OK,0
2026-07-08 11:18:52,F2,16.8285,OK,0
2026-07-08 11:19:03,F2,16.8262,OK,0
2026-07-08 11:19:13,F2,16.8241,OK,1
2026-07-08 11:19:23,F2,16.8220,OK,1
2026-07-08 11:19:34,F2,16.8200,OK,1
2026-07-08 11:19:44,F2,16.8181,OK,1
2026-07-08 11:19:54,F2,16.8163,OK,1
2026-07-08 11:20:05,F2,16.8146,OK,1
2026-07-08 11:20:15,F2,16.8130,OK,1
2026-07-08 11:20:25,F2,16.8114,OK,1
2026-07-08 11:20:36,F2,16.8100,OK,0
2026-07-08 11:20:46,F2,16.8087,OK,0
2026-07-08 11:20:56,F2,16.8074,OK,0
2026-07-08 11:21:07,F2,16.8062,OK,0
2026-07-08 11:21:17,F2,16.8051,OK,0
2026-07-08 11:21:27,F2,16.8040,OK,0
2026-07-08 11:21:38,F2,16.8030,OK,0
2026-07-08 11:21:48,F2,16.8020,OK,0
2026-07-08 11:21:58,F2,16.8010,OK,0
2026-07-08 11:22:09,F2,16.8001,OK,0
2026-07-08 11:22:19,F2,16.7992,OK,0
2026-07-08 11:22:30,F2,16.7982,OK,0
2026-07-08 11:22:40,F2,16.7973,OK,0
2026-07-08 11:22:50,F2,16.7963,OK,0
2026-07-08 11:23:01,F2,16.7953,OK,0
2026-07-08 11:23:11,F2,16.7943,OK,0
2026-07-08 11:23:21,F2,16.7933,OK,0
2026-07-08 11:23:32,F2,16.7922,OK,0
2026-07-08 11:23:42,F2,16.7910,OK,0
2026-07-08 11:23:52,F2,16.7898,OK,0
2026-07-08 11:24:03,F2,16.7886,OK,0
2026-07-08 11:24:13,F2,16.7872,OK,0
2026-07-08 11:24:23,F2,16.7858,OK,0
2026-07-08 11:24:34,F2,16.7842,OK,0
2026-07-08 11:24:44,F2,16.7826,OK,0
2026-07-08 11:24:54,F2,16.7809,OK,0
2026-07-08 11:25:05,F2,16.7790,OK,0
2026-07-08 11:25:15,F2,16.7771,OK,0
2026-07-08 11:25:25,F2,16.7750,OK,0
2026-07-08 11:25:36,F2,16.7728,OK,0
2026-07-08 11:25:46,F2,16.7705,OK,0
2026-07-08 11:25:56,F2,16.7680,OK,0
2026-07-08 11:26:07,F2,16.7654,OK,0
2026-07-08 11:26:17,F2,16.7626,OK,0
2026-07-08 11:26:27,F2,16.7596,OK,0
2026-07-08 11:26:38,F2,16.7565,OK,0
2026-07-08 11:26:48,F2,16.7533,OK,0
2026-07-08 11:26:58,F2,16.7498,OK,1
2026-07-08 11:27:09,F2,16.7462,OK,1
2026-07-08 11:27:19,F2,16.7424,OK,1
2026-07-08 11:27:29,F2,16.7384,OK,1
2026-07-08 11:27:40,F2,16.7343,OK,1
2026-07-08 11:27:50,F2,16.7299,OK,0
2026-07-08 11:28:00,F2,16.7253,OK,0
2026-07-08 11:28:11,F2,16.7205,OK,0
2026-07-08 11:28:21,F2,16.7156,OK,0
2026-07-08 11:28:31,F2,16.7105,OK,0
2026-07-08 11:28:42,F2,16.7052,OK,0
2026-07-08 11:28:52,F2,16.6998,OK,0
2026-07-08 11:29:02,F2,16.6942,OK,0
2026-07-08 11:29:13,F2,16.6885,OK,0
2026-07-08 11:29:23,F2,16.6826,OK,0
2026-07-08 11:29:33,F2,16.6766,OK,0
2026-07-08 11:29:44,F2,16.6704,OK,0
2026-07-08 11:29:54,F2,16.6642,OK,1
2026-07-08 11:30:04,F2,16.6578,OK,0
2026-07-08 11:30:15,F2,16.6514,OK,0
2026-07-08 11:30:25,F2,16.6448,OK,1
2026-07-08 11:30:35,F2,16.6382,OK,1
2026-07-08 11:30:46,F2,16.6314,OK,0
2026-07-08 11:30:56,F2,16.6246,OK,0
2026-07-08 11:31:06,F2,16.6177,OK,0
2026-07-08 11:31:17,F2,16.6108,OK,0
2026-07-08 11:31:27,F2,16.6038,OK,0
2026-07-08 11:31:37,F2,16.5967,OK,0
2026-07-08 11:31:48,F2,16.5896,OK,0
2026-07-08 11:31:58,F2,16.5825,OK,0
2026-07-08 11:32:08,F2,16.5753,OK,0
2026-07-08 11:32:19,F2,16.5681,OK,0
2026-07-08 11:32:29,F2,16.5609,OK,0
2026-07-08 11:32:40,F2,16.5537,OK,0
2026-07-08 11:32:50,F2,16.5465,OK,0
2026-07-08 11:33:00,F2,16.5393,OK,0
2026-07-08 11:33:10,F2,16.5321,OK,0
2026-07-08 11:33:21,F2,16.5249,OK,0
2026-07-08 11:33:31,F2,16.5177,OK,0
2026-07-08 11:33:41,F2,16.5106,OK,0
2026-07-08 11:33:52,F2,16.5035,OK,0
2026-07-08 11:34:02,F2,16.4964,OK,0
2026-07-08 11:34:13,F2,16.4894,OK,1
2026-07-08 11:34:23,F2,16.4825,OK,0
2026-07-08 11:34:33,F2,16.4756,OK,0
2026-07-08 11:34:44,F2,16.4688,OK,0
2026-07-08 11:34:54,F2,16.4620,OK,1
2026-07-08 11:35:04,F2,16.4553,OK,0
2026-07-08 11:35:15,F2,16.4487,OK,0
2026-07-08 11:35:25,F2,16.4422,OK,0
2026-07-08 11:35:35,F2,16.4357,OK,0
2026-07-08 11:35:46,F2,16.4293,OK,0
2026-07-08 11:35:56,F2,16.4230,OK,0
2026-07-08 11:36:06,F2,16.4168,OK,0
2026-07-08 11:36:17,F2,16.4107,OK,0
2026-07-08 11:36:27,F2,16.4046,OK,0
2026-07-08 11:36:37,F2,16.3987,OK,0
2026-07-08 11:36:48,F2,16.3927,OK,0
2026-07-08 11:36:58,F2,16.3869,OK,0
2026-07-08 11:37:08,F2,16.3811,OK,0
2026-07-08 11:37:19,F2,16.3754,OK,0
2026-07-08 11:37:29,F2,16.3698,OK,0
2026-07-08 11:37:39,F2,16.3642,OK,0
2026-07-08 11:37:50,F2,16.3586,OK,0
2026-07-08 11:38:00,F2,16.3531,OK,0
2026-07-08 11:38:10,F2,16.3477,OK,0
2026-07-08 11:38:21,F2,16.3423,OK,0
2026-07-08 11:38:31,F2,16.3369,OK,0
2026-07-08 11:38:41,F2,16.3316,OK,0
2026-07-08 11:38:52,F2,16.3263,OK,0
2026-07-08 11:39:02,F2,16.3210,OK,0
2026-07-08 11:39:12,F2,16.3157,OK,0
2026-07-08 11:39:23,F2,16.3105,OK,0
2026-07-08 11:39:33,F2,16.3053,OK,0
2026-07-08 11:39:43,F2,16.3001,OK,0
2026-07-08 11:39:54,F2,16.2950,OK,0
2026-07-08 11:40:04,F2,16.2898,OK,0
2026-07-08 11:40:14,F2,16.2847,OK,0
2026-07-08 11:40:25,F2,16.2796,OK,0
2026-07-08 11:40:35,F2,16.2744,OK,0
2026-07-08 11:40:46,F2,16.2693,OK,0
2026-07-08 11:40:56,F2,16.2642,OK,0
2026-07-08 11:41:06,F2,16.2591,OK,0
2026-07-08 11:41:17,F2,16.2540,OK,0
2026-07-08 11:41:27,F2,16.2489,OK,0
2026-07-08 11:41:37,F2,16.2438,OK,1
2026-07-08 11:41:47,F2,16.2387,OK,1
2026-07-08 11:41:58,F2,16.2335,OK,1
2026-07-08 11:42:08,F2,16.2284,OK,1
2026-07-08 11:42:19,F2,16.2233,OK,1
2026-07-08 11:42:29,F2,16.2181,OK,0
2026-07-08 11:42:39,F2,16.2130,OK,0
2026-07-08 11:42:50,F2,16.2078,OK,0
2026-07-08 11:43:00,F2,16.2026,OK,0
2026-07-08 11:43:10,F2,16.1975,OK,0
2026-07-08 11:43:21,F2,16.1923,OK,0
2026-07-08 11:43:31,F2,16.1872,OK,0
2026-07-08 11:43:41,F2,16.1821,OK,0
2026-07-08 11:43:52,F2,16.1770,OK,0
2026-07-08 11:44:02,F2,16.1720,OK,0
2026-07-08 11:44:12,F2,16.1670,OK,0
2026-07-08 11:44:23,F2,16.1620,OK,0
2026-07-08 11:44:33,F2,16.1571,OK,0
2026-07-08 11:44:43,F2,16.1523,OK,0
2026-07-08 11:44:54,F2,16.1475,OK,0
2026-07-08 11:45:04,F2,16.1428,OK,0
2026-07-08 11:45:14,F2,16.1382,OK,0
2026-07-08 11:45:25,F2,16.1337,OK,0
2026-07-08 11:45:35,F2,16.1292,OK,0
2026-07-08 11:45:45,F2,16.1249,OK,0
2026-07-08 11:45:56,F2,16.1207,OK,0
2026-07-08 11:46:06,F2,16.1165,OK,0
2026-07-08 11:46:16,F2,16.1125,OK,0
2026-07-08 11:46:27,F2,16.1087,OK,0
2026-07-08 11:46:37,F2,16.1049,OK,0
2026-07-08 11:46:47,F2,16.1013,OK,0
2026-07-08 11:46:58,F2,16.0978,OK,0
2026-07-08 11:47:08,F2,16.0945,OK,0
2026-07-08 11:47:18,F2,16.0913,OK,0
2026-07-08 11:47:29,F2,16.0883,OK,0
2026-07-08 11:47:39,F2,16.0854,OK,0
2026-07-08 11:47:49,F2,16.0827,OK,0
2026-07-08 11:48:00,F2,16.0801,OK,0
2026-07-08 11:48:10,F2,16.0778,OK,0
2026-07-08 11:48:20,F2,16.0755,OK,0
2026-07-08 11:48:31,F2,16.0735,OK,0
2026-07-08 11:48:41,F2,16.0716,OK,0
2026-07-08 11:48:51,F2,16.0699,OK,0
2026-07-08 11:49:02,F2,16.0684,OK,1
2026-07-08 11:49:12,F2,16.0671,OK,1
2026-07-08 11:49:22,F2,16.0659,OK,1
2026-07-08 11:49:33,F2,16.0649,OK,1
2026-07-08 11:49:43,F2,16.0642,OK,0
2026-07-08 11:49:53,F2,16.0636,OK,0
2026-07-08 11:50:04,F2,16.0632,OK,0
2026-07-08 11:50:14,F2,16.0629,OK,0
2026-07-08 11:50:24,F2,16.0629,OK,0
2026-07-08 11:50:34,F2,16.0630,OK,0
2026-07-08 11:50:45,F2,16.0633,OK,0
2026-07-08 11:50:55,F2,16.0638,OK,0
2026-07-08 11:51:05,F2,16.0645,OK,0
2026-07-08 11:51:16,F2,16.0653,OK,0
2026-07-08 11:51:26,F2,16.0662,OK,0
2026-07-08 11:51:37,F2,16.0673,OK,0
2026-07-08 11:51:47,F2,16.0686,OK,0
2026-07-08 11:51:57,F2,16.0700,OK,0
2026-07-08 11:52:08,F2,16.0715,OK,0
2026-07-08 11:52:18,F2,16.0732,OK,0
2026-07-08 11:52:28,F2,16.0750,OK,0
2026-07-08 11:52:39,F2,16.0769,OK,0
2026-07-08 11:52:49,F2,16.0789,OK,0
2026-07-08 11:52:59,F2,16.0810,OK,0
2026-07-08 11:53:10,F2,16.0833,OK,0
2026-07-08 11:53:20,F2,16.0856,OK,0
2026-07-08 11:53:30,F2,16.0881,OK,0
2026-07-08 11:53:41,F2,16.0907,OK,0
2026-07-08 11:53:51,F2,16.0933,OK,0
2026-07-08 11:54:01,F2,16.0960,OK,0
2026-07-08 11:54:12,F2,16.0988,OK,0
2026-07-08 11:54:22,F2,16.1017,OK,0
2026-07-08 11:54:32,F2,16.1047,OK,0
2026-07-08 11:54:43,F2,16.1077,OK,0
2026-07-08 11:54:53,F2,16.1108,OK,0
2026-07-08 11:55:03,F2,16.1140,OK,0
2026-07-08 11:55:14,F2,16.1172,OK,0
2026-07-08 11:55:24,F2,16.1205,OK,1
2026-07-08 11:55:34,F2,16.1238,OK,0
2026-07-08 11:55:45,F2,16.1271,OK,1
2026-07-08 11:55:55,F2,16.1305,OK,1
2026-07-08 11:56:05,F2,16.1340,OK,1
2026-07-08 11:56:16,F2,16.1374,OK,1
2026-07-08 11:56:26,F2,16.1409,OK,1
2026-07-08 11:56:36,F2,16.1444,OK,0
2026-07-08 11:56:47,F2,16.1479,OK,1
2026-07-08 11:56:57,F2,16.1515,OK,0
2026-07-08 11:57:07,F2,16.1550,OK,0
2026-07-08 11:57:18,F2,16.1586,OK,0
2026-07-08 11:57:28,F2,16.1622,OK,0
2026-07-08 11:57:38,F2,16.1659,OK,0
2026-07-08 11:57:49,F2,16.1695,OK,0
2026-07-08 11:57:59,F2,16.1732,OK,0
2026-07-08 11:58:09,F2,16.1770,OK,0
2026-07-08 11:58:20,F2,16.1808,OK,0
2026-07-08 11:58:30,F2,16.1846,OK,0
2026-07-08 11:58:40,F2,16.1885,OK,0
2026-07-08 11:58:51,F2,16.1924,OK,0
2026-07-08 11:59:01,F2,16.1964,OK,0
2026-07-08 11:59:11,F2,16.2004,OK,0
2026-07-08 11:59:22,F2,16.2045,OK,0
2026-07-08 11:59:32,F2,16.2087,OK,0
2026-07-08 11:59:42,F2,16.2130,OK,0
2026-07-08 11:59:53,F2,16.2173,OK,0
2026-07-08 12:00:03,F2,16.2217,OK,0
2026-07-08 12:00:13,F2,16.2262,OK,0
2026-07-08 12:00:24,F2,16.2308,OK,0
2026-07-08 12:00:34,F2,16.2354,OK,0
2026-07-08 12:00:44,F2,16.2402,OK,0
2026-07-08 12:00:55,F2,16.2450,OK,0
2026-07-08 12:01:05,F2,16.2500,OK,0
2026-07-08 12:01:16,F2,16.2550,OK,0
2026-07-08 12:01:26,F2,16.2602,OK,0
2026-07-08 12:01:36,F2,16.2655,OK,0
2026-07-08 12:01:47,F2,16.2708,OK,0
2026-07-08 12:01:57,F2,16.2763,OK,0
2026-07-08 12:02:07,F2,16.2819,OK,0
2026-07-08 12:02:18,F2,16.2876,OK,0
2026-07-08 12:02:28,F2,16.2935,OK,0
2026-07-08 12:02:38,F2,16.2994,OK,0
2026-07-08 12:02:49,F2,16.3055,OK,0
2026-07-08 12:02:59,F2,16.3117,OK,0
2026-07-08 12:03:09,F2,16.3180,OK,0
2026-07-08 12:03:20,F2,16.3245,OK,1
2026-07-08 12:03:30,F2,16.3310,OK,1
2026-07-08 12:03:40,F2,16.3378,OK,1
2026-07-08 12:03:51,F2,16.3446,OK,1
2026-07-08 12:04:01,F2,16.3516,OK,0
2026-07-08 12:04:11,F2,16.3587,OK,0
2026-07-08 12:04:22,F2,16.3660,OK,0
2026-07-08 12:04:32,F2,16.3733,OK,0
2026-07-08 12:04:42,F2,16.3808,OK,0
2026-07-08 12:04:53,F2,16.3884,OK,0
2026-07-08 12:05:03,F2,16.3962,OK,0
2026-07-08 12:05:13,F2,16.4040,OK,0
2026-07-08 12:05:24,F2,16.4120,OK,0
2026-07-08 12:05:34,F2,16.4200,OK,0
2026-07-08 12:05:44,F2,16.4282,OK,0
2026-07-08 12:05:55,F2,16.4364,OK,0
2026-07-08 12:06:05,F2,16.4447,OK,0
2026-07-08 12:06:15,F2,16.4531,OK,0
2026-07-08 12:06:26,F2,16.4616,OK,0
2026-07-08 12:06:36,F2,16.4701,OK,0
2026-07-08 12:06:46,F2,16.4787,OK,0
2026-07-08 12:06:57,F2,16.4874,OK,0
2026-07-08 12:07:07,F2,16.4961,OK,0
2026-07-08 12:07:17,F2,16.5048,OK,0
2026-07-08 12:07:28,F2,16.5136,OK,0
2026-07-08 12:07:38,F2,16.5224,OK,0
2026-07-08 12:07:48,F2,16.5313,OK,0
2026-07-08 12:07:59,F2,16.5402,OK,0
2026-07-08 12:08:09,F2,16.5491,OK,0
2026-07-08 12:08:19,F2,16.5580,OK,0
2026-07-08 12:08:30,F2,16.5669,OK,0
2026-07-08 12:08:40,F2,16.5759,OK,0
2026-07-08 12:08:50,F2,16.5848,OK,0
2026-07-08 12:09:01,F2,16.5938,OK,0
2026-07-08 12:09:11,F2,16.6027,OK,0
2026-07-08 12:09:21,F2,16.6116,OK,0
2026-07-08 12:09:32,F2,16.6205,OK,0
2026-07-08 12:09:42,F2,16.6294,OK,0
2026-07-08 12:09:52,F2,16.6383,OK,0
2026-07-08 12:10:03,F2,16.6471,OK,0
2026-07-08 12:10:13,F2,16.6559,OK,0
2026-07-08 12:10:23,F2,16.6647,OK,1
2026-07-08 12:10:34,F2,16.6734,OK,1
2026-07-08 12:10:44,F2,16.6821,OK,1
2026-07-08 12:10:54,F2,16.6907,OK,1
2026-07-08 12:11:05,F2,16.6993,OK,1
2026-07-08 12:11:15,F2,16.7078,OK,1
2026-07-08 12:11:25,F2,16.7163,OK,0
2026-07-08 12:11:36,F2,16.7247,OK,0
2026-07-08 12:11:46,F2,16.7331,OK,0
2026-07-08 12:11:56,F2,16.7413,OK,0
2026-07-08 12:12:07,F2,16.7496,OK,0
2026-07-08 12:12:17,F2,16.7578,OK,0
2026-07-08 12:12:27,F2,16.7659,OK,0
2026-07-08 12:12:38,F2,16.7740,OK,0
2026-07-08 12:12:48,F2,16.7820,OK,0
2026-07-08 12:12:58,F2,16.7900,OK,0
2026-07-08 12:13:09,F2,16.7980,OK,0
2026-07-08 12:13:19,F2,16.8060,OK,0
2026-07-08 12:13:29,F2,16.8139,OK,0
2026-07-08 12:13:40,F2,16.8218,OK,0
2026-07-08 12:13:50,F2,16.8297,OK,0
2026-07-08 12:14:00,F2,16.8376,OK,0
2026-07-08 12:14:11,F2,16.8455,OK,0
2026-07-08 12:14:21,F2,16.8534,OK,0
2026-07-08 12:14:31,F2,16.8613,OK,0
2026-07-08 12:14:42,F2,16.8691,OK,0
2026-07-08 12:14:52,F2,16.8770,OK,0
2026-07-08 12:15:02,F2,16.8850,OK,0
2026-07-08 12:15:13,F2,16.8929,OK,0
2026-07-08 12:15:23,F2,16.9008,OK,0
2026-07-08 12:15:33,F2,16.9088,OK,0
2026-07-08 12:15:44,F2,16.9168,OK,0
2026-07-08 12:15:54,F2,16.9248,OK,0
2026-07-08 12:16:04,F2,16.9329,OK,0
2026-07-08 12:16:15,F2,16.9410,OK,0
2026-07-08 12:16:25,F2,16.9491,OK,0
2026-07-08 12:16:35,F2,16.9572,OK,0
2026-07-08 12:16:46,F2,16.9654,OK,0
2026-07-08 12:16:56,F2,16.9737,OK,0
2026-07-08 12:17:06,F2,16.9820,OK,0
2026-07-08 12:17:17,F2,16.9903,OK,0
2026-07-08 12:17:27,F2,16.9986,OK,0
2026-07-08 12:17:37,F2,17.0071,OK,0
2026-07-08 12:17:48,F2,17.0155,OK,0
2026-07-08 12:17:58,F2,17.0240,OK,0
2026-07-08 12:18:08,F2,17.0326,OK,0
2026-07-08 12:18:19,F2,17.0412,OK,0
2026-07-08 12:18:29,F2,17.0498,OK,0
2026-07-08 12:18:39,F2,17.0585,OK,0
2026-07-08 12:18:50,F2,17.0673,OK,0
2026-07-08 12:19:00,F2,17.0760,OK,0
2026-07-08 12:19:10,F2,17.0849,OK,0
2026-07-08 12:19:21,F2,17.0937,OK,0
2026-07-08 12:19:31,F2,17.1026,OK,0
2026-07-08 12:19:41,F2,17.1115,OK,0
2026-07-08 12:19:52,F2,17.1204,OK,0
2026-07-08 12:20:02,F2,17.1293,OK,0
2026-07-08 12:20:12,F2,17.1383,OK,0
2026-07-08 12:20:23,F2,17.1472,OK,0
2026-07-08 12:20:33,F2,17.1562,OK,0
2026-07-08 12:20:43,F2,17.1652,OK,0
2026-07-08 12:20:54,F2,17.1741,OK,0
2026-07-08 12:21:04,F2,17.1831,OK,0
2026-07-08 12:21:14,F2,17.1920,OK,0
2026-07-08 12:21:25,F2,17.2009,OK,0
2026-07-08 12:21:35,F2,17.2098,OK,0
2026-07-08 12:21:46,F2,17.2187,OK,0
2026-07-08 12:21:56,F2,17.2275,OK,0
2026-07-08 12:22:06,F2,17.2364,OK,0
2026-07-08 12:22:17,F2,17.2451,OK,0
2026-07-08 12:22:27,F2,17.2539,OK,0
2026-07-08 12:22:37,F2,17.2625,OK,0
2026-07-08 12:22:48,F2,17.2712,OK,0
2026-07-08 12:22:58,F2,17.2797,OK,0
2026-07-08 12:23:08,F2,17.2883,OK,0
2026-07-08 12:23:19,F2,17.2967,OK,0
2026-07-08 12:23:29,F2,17.3051,OK,0
2026-07-08 12:23:39,F2,17.3135,OK,0
2026-07-08 12:23:50,F2,17.3217,OK,0
2026-07-08 12:24:00,F2,17.3299,OK,0
2026-07-08 12:24:10,F2,17.3380,OK,0
2026-07-08 12:24:21,F2,17.3460,OK,0
2026-07-08 12:24:31,F2,17.3540,OK,0
2026-07-08 12:24:41,F2,17.3619,OK,0
2026-07-08 12:24:52,F2,17.3696,OK,0
2026-07-08 12:25:02,F2,17.3773,OK,0
2026-07-08 12:25:12,F2,17.3849,OK,1
2026-07-08 12:25:23,F2,17.3924,OK,1
2026-07-08 12:25:33,F2,17.3998,OK,1
2026-07-08 12:25:43,F2,17.4071,OK,1
2026-07-08 12:25:54,F2,17.4143,OK,1
2026-07-08 12:26:04,F2,17.4213,OK,0
2026-07-08 12:26:14,F2,17.4283,OK,0
2026-07-08 12:26:25,F2,17.4352,OK,0
2026-07-08 12:26:35,F2,17.4420,OK,0
2026-07-08 12:26:45,F2,17.4486,OK,0
2026-07-08 12:26:55,F2,17.4552,OK,0
2026-07-08 12:27:06,F2,17.4617,OK,0
2026-07-08 12:27:16,F2,17.4681,OK,0
2026-07-08 12:27:26,F2,17.4744,OK,0
2026-07-08 12:27:37,F2,17.4807,OK,0
2026-07-08 12:27:47,F2,17.4868,OK,0
2026-07-08 12:27:58,F2,17.4930,OK,0
2026-07-08 12:28:08,F2,17.4990,OK,0
2026-07-08 12:28:18,F2,17.5050,OK,0
2026-07-08 12:28:29,F2,17.5109,OK,0
2026-07-08 12:28:39,F2,17.5168,OK,0
2026-07-08 12:28:49,F2,17.5226,OK,0
2026-07-08 12:29:00,F2,17.5284,OK,0
2026-07-08 12:29:10,F2,17.5342,OK,0
2026-07-08 12:29:20,F2,17.5399,OK,0
2026-07-08 12:29:31,F2,17.5456,OK,0
2026-07-08 12:29:41,F2,17.5513,OK,0
2026-07-08 12:29:51,F2,17.5569,OK,0
2026-07-08 12:30:02,F2,17.5625,OK,0
2026-07-08 12:30:12,F2,17.5681,OK,0
2026-07-08 12:30:22,F2,17.5737,OK,0
2026-07-08 12:30:33,F2,17.5792,OK,0
2026-07-08 12:30:43,F2,17.5848,OK,0
2026-07-08 12:30:53,F2,17.5903,OK,0
2026-07-08 12:31:04,F2,17.5958,OK,0
2026-07-08 12:31:14,F2,17.6014,OK,0
2026-07-08 12:31:24,F2,17.6069,OK,0
2026-07-08 12:31:35,F2,17.6124,OK,0
2026-07-08 12:31:45,F2,17.6179,OK,0
2026-07-08 12:31:55,F2,17.6234,OK,0
2026-07-08 12:32:06,F2,17.6289,OK,1
2026-07-08 12:32:16,F2,17.6344,OK,1
2026-07-08 12:32:26,F2,17.6400,OK,1
2026-07-08 12:32:37,F2,17.6455,OK,1
2026-07-08 12:32:47,F2,17.6510,OK,0
2026-07-08 12:32:57,F2,17.6565,OK,0
2026-07-08 12:33:08,F2,17.6621,OK,0
2026-07-08 12:33:18,F2,17.6676,OK,0
2026-07-08 12:33:28,F2,17.6732,OK,0
2026-07-08 12:33:39,F2,17.6787,OK,0
2026-07-08 12:33:49,F2,17.6842,OK,0
2026-07-08 12:33:59,F2,17.6897,OK,0
2026-07-08 12:34:10,F2,17.6952,OK,0
2026-07-08 12:34:20,F2,17.7007,OK,0
2026-07-08 12:34:30,F2,17.7061,OK,0
2026-07-08 12:34:41,F2,17.7115,OK,0
2026-07-08 12:34:51,F2,17.7169,OK,0
2026-07-08 12:35:01,F2,17.7222,OK,1
2026-07-08 12:35:12,F2,17.7275,Bajo rango,1
2026-07-08 12:35:22,F2,17.7328,Bajo rango,1
2026-07-08 12:35:32,F2,17.7380,Bajo rango,1
2026-07-08 12:35:43,F2,17.7432,OK,0
2026-07-08 12:35:53,F2,17.7483,OK,0
2026-07-08 12:36:03,F2,17.7534,OK,0
2026-07-08 12:36:14,F2,17.7584,OK,0
2026-07-08 12:36:24,F2,17.7633,OK,0
2026-07-08 12:36:34,F2,17.7682,OK,1
2026-07-08 12:36:45,F2,17.7730,OK,0
2026-07-08 12:36:55,F2,17.7777,OK,0
2026-07-08 12:37:05,F2,17.7824,OK,0
2026-07-08 12:37:16,F2,17.7871,OK,0
2026-07-08 12:37:26,F2,17.7916,OK,0
2026-07-08 12:37:36,F2,17.7962,OK,0
2026-07-08 12:37:47,F2,17.8007,OK,0
2026-07-08 12:37:57,F2,17.8051,OK,0
2026-07-08 12:38:07,F2,17.8095,OK,0
2026-07-08 12:38:18,F2,17.8139,OK,0
2026-07-08 12:38:28,F2,17.8182,OK,0
2026-07-08 12:38:38,F2,17.8225,OK,0
2026-07-08 12:38:49,F2,17.8267,OK,0
2026-07-08 12:38:59,F2,17.8308,OK,0
2026-07-08 12:39:09,F2,17.8350,OK,0
2026-07-08 12:39:20,F2,17.8390,OK,0
2026-07-08 12:39:30,F2,17.8431,OK,0
2026-07-08 12:39:40,F2,17.8471,OK,0
2026-07-08 12:39:51,F2,17.8510,OK,0
2026-07-08 12:40:01,F2,17.8549,OK,0
2026-07-08 12:40:11,F2,17.8588,OK,0
2026-07-08 12:40:22,F2,17.8627,OK,0
2026-07-08 12:40:32,F2,17.8666,OK,0
2026-07-08 12:40:42,F2,17.8704,OK,0
2026-07-08 12:40:53,F2,17.8742,OK,0
2026-07-08 12:41:03,F2,17.8780,OK,0
2026-07-08 12:41:13,F2,17.8818,OK,1
2026-07-08 12:41:24,F2,17.8855,OK,0
2026-07-08 12:41:34,F2,17.8893,OK,0
2026-07-08 12:41:44,F2,17.8930,OK,0
2026-07-08 12:41:55,F2,17.8968,OK,0
2026-07-08 12:42:05,F2,17.9005,OK,0
2026-07-08 12:42:15,F2,17.9042,OK,0
2026-07-08 12:42:26,F2,17.9080,OK,0
2026-07-08 12:42:36,F2,17.9117,OK,0
2026-07-08 12:42:46,F2,17.9154,OK,0
2026-07-08 12:42:57,F2,17.9191,OK,0
2026-07-08 12:43:07,F2,17.9228,OK,0
2026-07-08 12:43:17,F2,17.9266,OK,0
2026-07-08 12:43:28,F2,17.9303,OK,0
2026-07-08 12:43:38,F2,17.9340,OK,0
2026-07-08 12:43:49,F2,17.9378,OK,0
2026-07-08 12:43:59,F2,17.9415,OK,0
2026-07-08 12:44:09,F2,17.9453,OK,0
2026-07-08 12:44:20,F2,17.9491,OK,0
2026-07-08 12:44:30,F2,17.9528,OK,0
2026-07-08 12:44:40,F2,17.9566,OK,0
2026-07-08 12:44:51,F2,17.9604,OK,0
2026-07-08 12:45:01,F2,17.9643,OK,0
2026-07-08 12:45:11,F2,17.9681,OK,0
2026-07-08 12:45:21,F2,17.9720,OK,0
2026-07-08 12:45:32,F2,17.9758,OK,0
2026-07-08 12:45:42,F2,17.9797,OK,1
2026-07-08 12:45:53,F2,17.9836,OK,1
2026-07-08 12:46:03,F2,17.9876,OK,1
2026-07-08 12:46:13,F2,17.9915,OK,1
2026-07-08 12:46:24,F2,17.9955,OK,0
2026-07-08 12:46:34,F2,17.9995,OK,0
2026-07-08 12:46:44,F2,18.0034,OK,0
2026-07-08 12:46:55,F2,18.0075,OK,0
2026-07-08 12:47:05,F2,18.0115,OK,0
2026-07-08 12:47:15,F2,18.0155,OK,0
2026-07-08 12:47:26,F2,18.0195,OK,0
2026-07-08 12:47:36,F2,18.0236,OK,0
2026-07-08 12:47:46,F2,18.0276,OK,0
2026-07-08 12:47:57,F2,18.0316,OK,0
2026-07-08 12:48:07,F2,18.0356,OK,0
2026-07-08 12:48:17,F2,18.0396,OK,0
2026-07-08 12:48:28,F2,18.0436,OK,0
2026-07-08 12:48:38,F2,18.0475,OK,0
2026-07-08 12:48:48,F2,18.0514,OK,0
2026-07-08 12:48:59,F2,18.0553,OK,0
2026-07-08 12:49:09,F2,18.0591,OK,0
2026-07-08 12:49:19,F2,18.0629,OK,0
2026-07-08 12:49:30,F2,18.0666,OK,0
2026-07-08 12:49:40,F2,18.0703,OK,0
2026-07-08 12:49:50,F2,18.0740,OK,0
2026-07-08 12:50:01,F2,18.0776,OK,0
2026-07-08 12:50:11,F2,18.0811,OK,0
2026-07-08 12:50:22,F2,18.0845,OK,0
2026-07-08 12:50:32,F2,18.0879,OK,1
2026-07-08 12:50:42,F2,18.0912,OK,0
2026-07-08 12:50:53,F2,18.0945,OK,0
2026-07-08 12:51:03,F2,18.0976,OK,0
2026-07-08 12:51:13,F2,18.1007,OK,0
2026-07-08 12:51:24,F2,18.1037,OK,0
2026-07-08 12:51:34,F2,18.1066,OK,0
2026-07-08 12:51:44,F2,18.1094,OK,0
2026-07-08 12:51:54,F2,18.1121,OK,0
2026-07-08 12:52:05,F2,18.1147,OK,0
2026-07-08 12:52:15,F2,18.1172,OK,0
2026-07-08 12:52:25,F2,18.1195,OK,0
2026-07-08 12:52:36,F2,18.1218,OK,0
2026-07-08 12:52:46,F2,18.1239,OK,0
2026-07-08 12:52:56,F2,18.1259,OK,0
2026-07-08 12:53:07,F2,18.1278,OK,1
2026-07-08 12:53:17,F2,18.1296,OK,1
2026-07-08 12:53:27,F2,18.1312,OK,1
2026-07-08 12:53:38,F2,18.1327,OK,1
2026-07-08 12:53:48,F2,18.1341,OK,1
2026-07-08 12:53:58,F2,18.1353,OK,0
2026-07-08 12:54:09,F2,18.1364,OK,0
2026-07-08 12:54:19,F2,18.1373,OK,0
2026-07-08 12:54:29,F2,18.1382,OK,0
2026-07-08 12:54:40,F2,18.1388,OK,0
2026-07-08 12:54:50,F2,18.1394,OK,0
2026-07-08 12:55:00,F2,18.1398,OK,0
2026-07-08 12:55:11,F2,18.1402,OK,0
2026-07-08 12:55:21,F2,18.1404,OK,0
2026-07-08 12:55:31,F2,18.1404,OK,0
2026-07-08 12:55:42,F2,18.1404,OK,0
2026-07-08 12:55:52,F2,18.1403,OK,0
2026-07-08 12:56:02,F2,18.1401,OK,0
2026-07-08 12:56:13,F2,18.1397,OK,0
2026-07-08 12:56:23,F2,18.1393,OK,0
2026-07-08 12:56:33,F2,18.1388,OK,0
2026-07-08 12:56:44,F2,18.1382,OK,0
2026-07-08 12:56:54,F2,18.1375,OK,0
2026-07-08 12:57:04,F2,18.1368,OK,0
2026-07-08 12:57:15,F2,18.1359,OK,0
2026-07-08 12:57:25,F2,18.1350,OK,0
2026-07-08 12:57:35,F2,18.1340,OK,0
2026-07-08 12:57:46,F2,18.1330,OK,0
2026-07-08 12:57:56,F2,18.1319,OK,0
2026-07-08 12:58:06,F2,18.1307,OK,0
2026-07-08 12:58:17,F2,18.1295,OK,0
2026-07-08 12:58:27,F2,18.1282,OK,0
2026-07-08 12:58:37,F2,18.1268,OK,0
2026-07-08 12:58:48,F2,18.1255,OK,0
2026-07-08 12:58:58,F2,18.1240,OK,0
2026-07-08 12:59:08,F2,18.1226,OK,0
2026-07-08 12:59:19,F2,18.1211,OK,0
2026-07-08 12:59:29,F2,18.1196,OK,0
2026-07-08 12:59:39,F2,18.1180,OK,0
2026-07-08 12:59:50,F2,18.1164,OK,0
2026-07-08 13:00:00,F2,18.1148,OK,0
2026-07-08 13:00:10,F2,18.1132,OK,1
2026-07-08 13:00:21,F2,18.1116,OK,1
2026-07-08 13:00:31,F2,18.1099,OK,1
2026-07-08 13:00:42,F2,18.1083,OK,1
2026-07-08 13:00:52,F2,18.1066,OK,1
2026-07-08 13:01:02,F2,18.1050,OK,0
2026-07-08 13:01:13,F2,18.1033,OK,0
2026-07-08 13:01:23,F2,18.1016,OK,0
2026-07-08 13:01:33,F2,18.0999,OK,0
2026-07-08 13:01:44,F2,18.0982,OK,0
2026-07-08 13:01:54,F2,18.0965,OK,0
2026-07-08 13:02:04,F2,18.0948,OK,0
2026-07-08 13:02:14,F2,18.0931,OK,0
2026-07-08 13:02:25,F2,18.0913,OK,0
2026-07-08 13:02:35,F2,18.0895,OK,0
2026-07-08 13:02:45,F2,18.0877,OK,0
2026-07-08 13:02:56,F2,18.0858,OK,0
2026-07-08 13:03:06,F2,18.0840,OK,0
2026-07-08 13:03:17,F2,18.0820,OK,0
2026-07-08 13:03:27,F2,18.0801,OK,0
2026-07-08 13:03:37,F2,18.0781,OK,0
2026-07-08 13:03:47,F2,18.0760,OK,0
2026-07-08 13:03:58,F2,18.0739,OK,0
2026-07-08 13:04:08,F2,18.0718,OK,0
2026-07-08 13:04:18,F2,18.0695,OK,0
2026-07-08 13:04:29,F2,18.0673,OK,0
2026-07-08 13:04:39,F2,18.0649,OK,0
2026-07-08 13:04:49,F2,18.0625,OK,0
2026-07-08 13:05:00,F2,18.0601,OK,0
2026-07-08 13:05:10,F2,18.0575,OK,0
2026-07-08 13:05:21,F2,18.0549,OK,0
2026-07-08 13:05:31,F2,18.0522,OK,0
2026-07-08 13:05:41,F2,18.0495,OK,0
2026-07-08 13:05:51,F2,18.0466,OK,0
2026-07-08 13:06:02,F2,18.0437,OK,0
2026-07-08 13:06:12,F2,18.0406,OK,0
2026-07-08 13:06:22,F2,18.0375,OK,0
2026-07-08 13:06:33,F2,18.0343,OK,0
2026-07-08 13:06:43,F2,18.0310,OK,0
2026-07-08 13:06:53,F2,18.0276,OK,0
2026-07-08 13:07:04,F2,18.0241,OK,0
2026-07-08 13:07:14,F2,18.0205,OK,0
2026-07-08 13:07:25,F2,18.0168,OK,0
2026-07-08 13:07:35,F2,18.0130,OK,0
2026-07-08 13:07:45,F2,18.0091,OK,0
2026-07-08 13:07:56,F2,18.0051,OK,1
2026-07-08 13:08:06,F2,18.0009,OK,1
2026-07-08 13:08:16,F2,17.9967,OK,1
2026-07-08 13:08:27,F2,17.9923,OK,1
2026-07-08 13:08:37,F2,17.9878,OK,1
2026-07-08 13:08:47,F2,17.9832,OK,1
2026-07-08 13:08:58,F2,17.9785,OK,0
2026-07-08 13:09:08,F2,17.9737,OK,0
2026-07-08 13:09:18,F2,17.9687,OK,0
2026-07-08 13:09:29,F2,17.9636,OK,0
2026-07-08 13:09:39,F2,17.9584,OK,0
2026-07-08 13:09:49,F2,17.9532,OK,0
2026-07-08 13:10:00,F2,17.9478,OK,0
2026-07-08 13:10:10,F2,17.9423,OK,0
2026-07-08 13:10:20,F2,17.9367,OK,0
2026-07-08 13:10:31,F2,17.9311,OK,0
2026-07-08 13:10:41,F2,17.9254,OK,0
2026-07-08 13:10:51,F2,17.9196,OK,0
2026-07-08 13:11:02,F2,17.9137,OK,0
2026-07-08 13:11:12,F2,17.9077,OK,0
2026-07-08 13:11:22,F2,17.9017,OK,0
2026-07-08 13:11:33,F2,17.8957,OK,0
2026-07-08 13:11:43,F2,17.8896,OK,0
2026-07-08 13:11:53,F2,17.8835,OK,0
2026-07-08 13:12:04,F2,17.8773,OK,0
2026-07-08 13:12:14,F2,17.8711,OK,0
2026-07-08 13:12:24,F2,17.8648,OK,0
2026-07-08 13:12:35,F2,17.8585,OK,0
2026-07-08 13:12:45,F2,17.8523,OK,0
2026-07-08 13:12:55,F2,17.8459,OK,0
2026-07-08 13:13:06,F2,17.8396,OK,0
2026-07-08 13:13:16,F2,17.8333,OK,0
2026-07-08 13:13:26,F2,17.8270,OK,0
2026-07-08 13:13:37,F2,17.8207,OK,0
2026-07-08 13:13:47,F2,17.8143,OK,0
2026-07-08 13:13:57,F2,17.8080,OK,0
2026-07-08 13:14:08,F2,17.8017,OK,0
2026-07-08 13:14:18,F2,17.7955,OK,0
2026-07-08 13:14:28,F2,17.7892,OK,0
2026-07-08 13:14:39,F2,17.7830,OK,0
2026-07-08 13:14:49,F2,17.7768,OK,0
2026-07-08 13:14:59,F2,17.7706,OK,0
2026-07-08 13:15:10,F2,17.7645,OK,0
2026-07-08 13:15:20,F2,17.7584,OK,0
2026-07-08 13:15:30,F2,17.7523,OK,1
2026-07-08 13:15:41,F2,17.7463,OK,1
2026-07-08 13:15:51,F2,17.7403,OK,1
2026-07-08 13:16:01,F2,17.7344,OK,0
2026-07-08 13:16:12,F2,17.7285,OK,0
2026-07-08 13:16:22,F2,17.7227,OK,0
2026-07-08 13:16:32,F2,17.7169,OK,0
2026-07-08 13:16:43,F2,17.7112,OK,0
2026-07-08 13:16:53,F2,17.7055,OK,0
2026-07-08 13:17:03,F2,17.6998,OK,0
2026-07-08 13:17:14,F2,17.6942,OK,0
2026-07-08 13:17:24,F2,17.6886,OK,0
2026-07-08 13:17:34,F2,17.6831,OK,0
2026-07-08 13:17:45,F2,17.6775,OK,0
2026-07-08 13:17:55,F2,17.6720,OK,0
2026-07-08 13:18:05,F2,17.6665,OK,0
2026-07-08 13:18:16,F2,17.6611,OK,0
2026-07-08 13:18:26,F2,17.6556,OK,0
2026-07-08 13:18:36,F2,17.6501,OK,0
2026-07-08 13:18:47,F2,17.6447,OK,0
2026-07-08 13:18:57,F2,17.6392,OK,0
2026-07-08 13:19:07,F2,17.6337,OK,0
2026-07-08 13:19:18,F2,17.6283,OK,0
2026-07-08 13:19:28,F2,17.6228,OK,0
2026-07-08 13:19:38,F2,17.6173,OK,0
2026-07-08 13:19:49,F2,17.6117,OK,0
2026-07-08 13:19:59,F2,17.6062,OK,1
2026-07-08 13:20:09,F2,17.6006,OK,0
2026-07-08 13:20:20,F2,17.5950,OK,0
2026-07-08 13:20:30,F2,17.5893,OK,0
2026-07-08 13:20:40,F2,17.5836,OK,0
2026-07-08 13:20:51,F2,17.5779,OK,0
2026-07-08 13:21:01,F2,17.5721,OK,0
2026-07-08 13:21:11,F2,17.5663,OK,0
2026-07-08 13:21:22,F2,17.5604,OK,1
2026-07-08 13:21:32,F2,17.5544,OK,1
2026-07-08 13:21:42,F2,17.5484,OK,1
2026-07-08 13:21:53,F2,17.5424,OK,1
2026-07-08 13:22:03,F2,17.5363,OK,1
2026-07-08 13:22:13,F2,17.5301,OK,0
2026-07-08 13:22:24,F2,17.5238,OK,0
2026-07-08 13:22:34,F2,17.5175,OK,0
2026-07-08 13:22:44,F2,17.5111,OK,0
2026-07-08 13:22:55,F2,17.5046,OK,0
2026-07-08 13:23:05,F2,17.4981,OK,0
2026-07-08 13:23:15,F2,17.4916,OK,0
2026-07-08 13:23:26,F2,17.4849,OK,0
2026-07-08 13:23:36,F2,17.4783,OK,0
2026-07-08 13:23:46,F2,17.4715,OK,0
2026-07-08 13:23:57,F2,17.4648,OK,0
2026-07-08 13:24:07,F2,17.4580,OK,0
2026-07-08 13:24:17,F2,17.4511,OK,0
2026-07-08 13:24:28,F2,17.4442,OK,0
2026-07-08 13:24:38,F2,17.4373,OK,0
2026-07-08 13:24:48,F2,17.4304,OK,0
2026-07-08 13:24:59,F2,17.4235,OK,0
2026-07-08 13:25:09,F2,17.4165,OK,0
2026-07-08 13:25:19,F2,17.4095,OK,0
2026-07-08 13:25:30,F2,17.4026,OK,0
2026-07-08 13:25:40,F2,17.3956,OK,0
2026-07-08 13:25:50,F2,17.3886,OK,0
2026-07-08 13:26:01,F2,17.3817,OK,0
2026-07-08 13:26:11,F2,17.3747,OK,0
2026-07-08 13:26:21,F2,17.3678,OK,0
2026-07-08 13:26:32,F2,17.3609,OK,0
2026-07-08 13:26:42,F2,17.3540,OK,0
2026-07-08 13:26:52,F2,17.3471,OK,0
2026-07-08 13:27:03,F2,17.3403,OK,0
2026-07-08 13:27:13,F2,17.3335,OK,0
2026-07-08 13:27:23,F2,17.3267,OK,0
2026-07-08 13:27:34,F2,17.3200,OK,0
2026-07-08 13:27:44,F2,17.3133,OK,0
2026-07-08 13:27:54,F2,17.3067,OK,0
2026-07-08 13:28:05,F2,17.3001,OK,0
2026-07-08 13:28:15,F2,17.2936,OK,0
2026-07-08 13:28:25,F2,17.2871,OK,1
2026-07-08 13:28:36,F2,17.2807,OK,0
2026-07-08 13:28:46,F2,17.2744,OK,1
2026-07-08 13:28:56,F2,17.2682,OK,1
2026-07-08 13:29:07,F2,17.2620,OK,1
2026-07-08 13:29:17,F2,17.2560,OK,0
2026-07-08 13:29:27,F2,17.2500,OK,0
2026-07-08 13:29:38,F2,17.2440,OK,0
2026-07-08 13:29:48,F2,17.2382,OK,1
2026-07-08 13:29:58,F2,17.2325,OK,1
2026-07-08 13:30:09,F2,17.2268,OK,1
2026-07-08 13:30:19,F2,17.2213,OK,1
2026-07-08 13:30:29,F2,17.2159,OK,0
2026-07-08 13:30:40,F2,17.2105,OK,0
2026-07-08 13:30:50,F2,17.2052,OK,0
2026-07-08 13:31:01,F2,17.2001,OK,0
2026-07-08 13:31:11,F2,17.1950,OK,0
2026-07-08 13:31:21,F2,17.1900,OK,0
2026-07-08 13:31:32,F2,17.1851,OK,0
2026-07-08 13:31:42,F2,17.1803,OK,0
2026-07-08 13:31:52,F2,17.1756,OK,0
2026-07-08 13:32:03,F2,17.1709,OK,0
2026-07-08 13:32:13,F2,17.1663,OK,0
2026-07-08 13:32:23,F2,17.1617,OK,0
2026-07-08 13:32:34,F2,17.1572,OK,0
2026-07-08 13:32:44,F2,17.1527,OK,0
2026-07-08 13:32:54,F2,17.1483,OK,0
2026-07-08 13:33:05,F2,17.1439,OK,0
2026-07-08 13:33:15,F2,17.1396,OK,0
2026-07-08 13:33:25,F2,17.1353,OK,0
2026-07-08 13:33:36,F2,17.1310,OK,0
2026-07-08 13:33:46,F2,17.1268,OK,0
2026-07-08 13:33:56,F2,17.1225,OK,0
2026-07-08 13:34:07,F2,17.1183,OK,0
2026-07-08 13:34:17,F2,17.1141,OK,0
2026-07-08 13:34:27,F2,17.1099,OK,0
2026-07-08 13:34:38,F2,17.1057,OK,0
2026-07-08 13:34:48,F2,17.1015,OK,0
2026-07-08 13:34:58,F2,17.0973,OK,0
2026-07-08 13:35:09,F2,17.0931,OK,0
2026-07-08 13:35:19,F2,17.0889,OK,0
2026-07-08 13:35:29,F2,17.0847,OK,0
2026-07-08 13:35:40,F2,17.0804,OK,0
2026-07-08 13:35:50,F2,17.0761,OK,1
2026-07-08 13:36:00,F2,17.0718,OK,1
2026-07-08 13:36:11,F2,17.0675,OK,1
2026-07-08 13:36:21,F2,17.0631,OK,1
2026-07-08 13:36:31,F2,17.0587,OK,1
2026-07-08 13:36:42,F2,17.0543,OK,1
2026-07-08 13:36:52,F2,17.0498,OK,0
2026-07-08 13:37:03,F2,17.0452,OK,0
2026-07-08 13:37:13,F2,17.0407,OK,0
2026-07-08 13:37:23,F2,17.0361,OK,0
2026-07-08 13:37:34,F2,17.0314,OK,0
2026-07-08 13:37:44,F2,17.0267,OK,0
2026-07-08 13:37:54,F2,17.0220,OK,0
2026-07-08 13:38:05,F2,17.0173,OK,0
2026-07-08 13:38:15,F2,17.0126,OK,0
2026-07-08 13:38:25,F2,17.0078,OK,0
2026-07-08 13:38:36,F2,17.0030,OK,0
2026-07-08 13:38:46,F2,16.9983,OK,0
2026-07-08 13:38:56,F2,16.9935,OK,0
2026-07-08 13:39:07,F2,16.9887,OK,0
2026-07-08 13:39:17,F2,16.9839,OK,0
2026-07-08 13:39:27,F2,16.9792,OK,0
2026-07-08 13:39:38,F2,16.9744,OK,0
2026-07-08 13:39:48,F2,16.9697,OK,0
2026-07-08 13:39:58,F2,16.9649,OK,0
2026-07-08 13:40:09,F2,16.9602,OK,0
2026-07-08 13:40:19,F2,16.9556,OK,0
2026-07-08 13:40:29,F2,16.9509,OK,0
2026-07-08 13:40:40,F2,16.9464,OK,0
2026-07-08 13:40:50,F2,16.9418,OK,0
2026-07-08 13:41:00,F2,16.9373,OK,0
2026-07-08 13:41:11,F2,16.9328,OK,0
2026-07-08 13:41:21,F2,16.9284,OK,0
2026-07-08 13:41:31,F2,16.9241,OK,0
2026-07-08 13:41:42,F2,16.9198,OK,0
2026-07-08 13:41:52,F2,16.9156,OK,0
2026-07-08 13:42:02,F2,16.9114,OK,0
2026-07-08 13:42:13,F2,16.9073,OK,0
2026-07-08 13:42:23,F2,16.9033,OK,0
2026-07-08 13:42:33,F2,16.8994,OK,0
2026-07-08 13:42:44,F2,16.8955,OK,0
2026-07-08 13:42:54,F2,16.8918,OK,0
2026-07-08 13:43:04,F2,16.8881,OK,0
2026-07-08 13:43:15,F2,16.8845,OK,0
2026-07-08 13:43:25,F2,16.8810,OK,0
2026-07-08 13:43:35,F2,16.8776,OK,1
2026-07-08 13:43:46,F2,16.8742,OK,1
2026-07-08 13:43:56,F2,16.8710,OK,1
2026-07-08 13:44:06,F2,16.8679,OK,1
2026-07-08 13:44:17,F2,16.8649,OK,1
2026-07-08 13:44:27,F2,16.8619,OK,0
2026-07-08 13:44:37,F2,16.8591,OK,0
2026-07-08 13:44:48,F2,16.8564,OK,0
2026-07-08 13:44:58,F2,16.8537,OK,0
2026-07-08 13:45:09,F2,16.8512,OK,0
2026-07-08 13:45:19,F2,16.8487,OK,0
2026-07-08 13:45:29,F2,16.8463,OK,0
2026-07-08 13:45:40,F2,16.8440,OK,0
2026-07-08 13:45:50,F2,16.8417,OK,0
2026-07-08 13:46:00,F2,16.8395,OK,0
2026-07-08 13:46:11,F2,16.8373,OK,0
2026-07-08 13:46:21,F2,16.8352,OK,0
2026-07-08 13:46:31,F2,16.8332,OK,0
2026-07-08 13:46:42,F2,16.8311,OK,0
2026-07-08 13:46:52,F2,16.8291,OK,0
2026-07-08 13:47:02,F2,16.8272,OK,0
2026-07-08 13:47:13,F2,16.8252,OK,0
2026-07-08 13:47:23,F2,16.8233,OK,0
2026-07-08 13:47:34,F2,16.8214,OK,0
2026-07-08 13:47:44,F2,16.8194,OK,0
2026-07-08 13:47:54,F2,16.8175,OK,0
2026-07-08 13:48:05,F2,16.8156,OK,0
2026-07-08 13:48:15,F2,16.8137,OK,0
2026-07-08 13:48:25,F2,16.8118,OK,0
2026-07-08 13:48:36,F2,16.8099,OK,0
2026-07-08 13:48:46,F2,16.8079,OK,0
2026-07-08 13:48:57,F2,16.8060,OK,0
2026-07-08 13:49:07,F2,16.8040,OK,0
2026-07-08 13:49:17,F2,16.8019,OK,0
2026-07-08 13:49:28,F2,16.7999,OK,0
2026-07-08 13:49:38,F2,16.7977,OK,0
2026-07-08 13:49:48,F2,16.7956,OK,0
2026-07-08 13:49:59,F2,16.7934,OK,0
2026-07-08 13:50:09,F2,16.7911,OK,0
2026-07-08 13:50:19,F2,16.7888,OK,1
2026-07-08 13:50:30,F2,16.7865,OK,1
2026-07-08 13:50:40,F2,16.7841,OK,1
2026-07-08 13:50:50,F2,16.7816,OK,1
2026-07-08 13:51:01,F2,16.7790,OK,0
2026-07-08 13:51:11,F2,16.7764,OK,0
2026-07-08 13:51:21,F2,16.7737,OK,0
2026-07-08 13:51:32,F2,16.7710,OK,0
2026-07-08 13:51:42,F2,16.7681,OK,0
2026-07-08 13:51:52,F2,16.7652,OK,0
2026-07-08 13:52:03,F2,16.7623,OK,0
2026-07-08 13:52:13,F2,16.7593,OK,0
2026-07-08 13:52:23,F2,16.7562,OK,0
2026-07-08 13:52:34,F2,16.7531,OK,0
2026-07-08 13:52:44,F2,16.7499,OK,0
2026-07-08 13:52:54,F2,16.7467,OK,0
2026-07-08 13:53:05,F2,16.7435,OK,0
2026-07-08 13:53:15,F2,16.7402,OK,0
2026-07-08 13:53:26,F2,16.7368,OK,0
2026-07-08 13:53:36,F2,16.7335,OK,0
2026-07-08 13:53:46,F2,16.7301,OK,0
2026-07-08 13:53:57,F2,16.7267,OK,0
2026-07-08 13:54:07,F2,16.7232,OK,0
2026-07-08 13:54:17,F2,16.7198,OK,0
2026-07-08 13:54:28,F2,16.7163,OK,0
2026-07-08 13:54:38,F2,16.7129,OK,0
2026-07-08 13:54:48,F2,16.7094,OK,0
2026-07-08 13:54:59,F2,16.7059,OK,0
2026-07-08 13:55:09,F2,16.7025,OK,0
2026-07-08 13:55:19,F2,16.6991,OK,0
2026-07-08 13:55:30,F2,16.6957,OK,0
2026-07-08 13:55:40,F2,16.6923,OK,0
2026-07-08 13:55:50,F2,16.6889,OK,0
2026-07-08 13:56:01,F2,16.6856,OK,0
2026-07-08 13:56:11,F2,16.6824,OK,0
2026-07-08 13:56:21,F2,16.6791,OK,0
2026-07-08 13:56:32,F2,16.6759,OK,0
2026-07-08 13:56:42,F2,16.6728,OK,0
2026-07-08 13:56:52,F2,16.6697,OK,0
2026-07-08 13:57:03,F2,16.6667,OK,0
2026-07-08 13:57:13,F2,16.6637,OK,0
2026-07-08 13:57:23,F2,16.6608,OK,0
2026-07-08 13:57:34,F2,16.6579,OK,0
2026-07-08 13:57:44,F2,16.6552,OK,0
2026-07-08 13:57:54,F2,16.6524,OK,0
2026-07-08 13:58:05,F2,16.6498,OK,0
2026-07-08 13:58:15,F2,16.6472,OK,0
2026-07-08 13:58:25,F2,16.6448,OK,0
2026-07-08 13:58:36,F2,16.6423,OK,1
2026-07-08 13:58:46,F2,16.6400,OK,1
2026-07-08 13:58:56,F2,16.6378,OK,1
2026-07-08 13:59:07,F2,16.6356,OK,1
2026-07-08 13:59:17,F2,16.6336,OK,1
2026-07-08 13:59:27,F2,16.6316,OK,0
2026-07-08 13:59:38,F2,16.6297,OK,0
2026-07-08 13:59:48,F2,16.6280,OK,0
2026-07-08 13:59:58,F2,16.6262,OK,0
2026-07-08 14:00:09,F2,16.6246,OK,0
2026-07-08 14:00:19,F2,16.6231,OK,0
2026-07-08 14:00:29,F2,16.6216,OK,0
2026-07-08 14:00:40,F2,16.6202,OK,0
2026-07-08 14:00:50,F2,16.6189,OK,0
2026-07-08 14:01:00,F2,16.6176,OK,0
2026-07-08 14:01:11,F2,16.6163,OK,0
2026-07-08 14:01:21,F2,16.6151,OK,0
2026-07-08 14:01:31,F2,16.6140,OK,0
2026-07-08 14:01:42,F2,16.6129,OK,0
2026-07-08 14:01:52,F2,16.6118,OK,0
2026-07-08 14:02:02,F2,16.6107,OK,0
2026-07-08 14:02:13,F2,16.6097,OK,0
2026-07-08 14:02:23,F2,16.6087,OK,0
2026-07-08 14:02:33,F2,16.6077,OK,0
2026-07-08 14:02:44,F2,16.6067,OK,0
2026-07-08 14:02:54,F2,16.6057,OK,0
2026-07-08 14:03:05,F2,16.6047,OK,0
2026-07-08 14:03:15,F2,16.6037,OK,0
2026-07-08 14:03:25,F2,16.6028,OK,0
2026-07-08 14:03:36,F2,16.6017,OK,0
2026-07-08 14:03:46,F2,16.6007,OK,0
2026-07-08 14:03:56,F2,16.5997,OK,0
2026-07-08 14:04:07,F2,16.5986,OK,0
2026-07-08 14:04:17,F2,16.5976,OK,0
2026-07-08 14:04:27,F2,16.5965,OK,0
2026-07-08 14:04:38,F2,16.5953,OK,0
2026-07-08 14:04:48,F2,16.5941,OK,0
2026-07-08 14:04:58,F2,16.5929,OK,0
2026-07-08 14:05:09,F2,16.5917,OK,0
2026-07-08 14:05:19,F2,16.5904,OK,0
2026-07-08 14:05:29,F2,16.5890,OK,1
2026-07-08 14:05:40,F2,16.5876,OK,1
2026-07-08 14:05:50,F2,16.5862,OK,1
2026-07-08 14:06:00,F2,16.5846,OK,1
2026-07-08 14:06:10,F2,16.5831,OK,1
2026-07-08 14:06:21,F2,16.5815,OK,1
2026-07-08 14:06:31,F2,16.5798,OK,0
2026-07-08 14:06:41,F2,16.5780,OK,0
2026-07-08 14:06:52,F2,16.5762,OK,0
2026-07-08 14:07:02,F2,16.5743,OK,0
2026-07-08 14:07:12,F2,16.5724,OK,0
2026-07-08 14:07:23,F2,16.5704,OK,0
2026-07-08 14:07:33,F2,16.5683,OK,0
2026-07-08 14:07:44,F2,16.5663,OK,0
2026-07-08 14:07:54,F2,16.5641,OK,0
2026-07-08 14:08:04,F2,16.5620,OK,0
2026-07-08 14:08:15,F2,16.5598,OK,0
2026-07-08 14:08:25,F2,16.5575,OK,0
2026-07-08 14:08:35,F2,16.5553,OK,0
2026-07-08 14:08:46,F2,16.5530,OK,1
2026-07-08 14:08:56,F2,16.5507,OK,1
2026-07-08 14:09:06,F2,16.5484,OK,1
2026-07-08 14:09:17,F2,16.5461,OK,1
2026-07-08 14:09:27,F2,16.5438,OK,0
2026-07-08 14:09:38,F2,16.5415,OK,0
2026-07-08 14:09:48,F2,16.5391,OK,0
2026-07-08 14:09:58,F2,16.5368,OK,0
2026-07-08 14:10:09,F2,16.5345,OK,0
2026-07-08 14:10:19,F2,16.5322,OK,0
2026-07-08 14:10:29,F2,16.5300,OK,0
2026-07-08 14:10:40,F2,16.5277,OK,0
2026-07-08 14:10:50,F2,16.5255,OK,0
2026-07-08 14:11:00,F2,16.5234,OK,0
2026-07-08 14:11:11,F2,16.5212,OK,0
2026-07-08 14:11:21,F2,16.5191,OK,0
2026-07-08 14:11:31,F2,16.5171,OK,0
2026-07-08 14:11:42,F2,16.5151,OK,0
2026-07-08 14:11:52,F2,16.5132,OK,0
2026-07-08 14:12:02,F2,16.5113,OK,0
2026-07-08 14:12:13,F2,16.5095,OK,0
2026-07-08 14:12:23,F2,16.5077,OK,0
2026-07-08 14:12:33,F2,16.5061,OK,0
2026-07-08 14:12:44,F2,16.5045,OK,1
2026-07-08 14:12:54,F2,16.5030,OK,0
2026-07-08 14:13:04,F2,16.5015,OK,0
2026-07-08 14:13:15,F2,16.5002,OK,0
2026-07-08 14:13:25,F2,16.4989,OK,1
2026-07-08 14:13:35,F2,16.4977,OK,1
2026-07-08 14:13:46,F2,16.4966,OK,1
2026-07-08 14:13:56,F2,16.4956,OK,1
2026-07-08 14:14:06,F2,16.4947,OK,1
2026-07-08 14:14:17,F2,16.4939,OK,0
2026-07-08 14:14:27,F2,16.4932,OK,0
2026-07-08 14:14:37,F2,16.4926,OK,0
2026-07-08 14:14:48,F2,16.4921,OK,0
2026-07-08 14:14:58,F2,16.4917,OK,0
2026-07-08 14:15:08,F2,16.4913,OK,0
2026-07-08 14:15:19,F2,16.4911,OK,0
2026-07-08 14:15:29,F2,16.4909,OK,0
2026-07-08 14:15:39,F2,16.4907,OK,0
2026-07-08 14:15:50,F2,16.4907,OK,0
2026-07-08 14:16:00,F2,16.4906,OK,0
2026-07-08 14:16:10,F2,16.4907,OK,0
2026-07-08 14:16:21,F2,16.4908,OK,0
2026-07-08 14:16:31,F2,16.4909,OK,0
2026-07-08 14:16:41,F2,16.4911,OK,0
2026-07-08 14:16:52,F2,16.4913,OK,0
2026-07-08 14:17:02,F2,16.4916,OK,0
2026-07-08 14:17:12,F2,16.4918,OK,0
2026-07-08 14:17:23,F2,16.4921,OK,0
2026-07-08 14:17:33,F2,16.4925,OK,0
2026-07-08 14:17:43,F2,16.4928,OK,0
2026-07-08 14:17:54,F2,16.4932,OK,0
2026-07-08 14:18:04,F2,16.4935,OK,0
2026-07-08 14:18:14,F2,16.4939,OK,0
2026-07-08 14:18:25,F2,16.4943,OK,0
2026-07-08 14:18:35,F2,16.4947,OK,0
2026-07-08 14:18:45,F2,16.4951,OK,0
2026-07-08 14:18:56,F2,16.4955,OK,0
2026-07-08 14:19:06,F2,16.4958,OK,0
2026-07-08 14:19:16,F2,16.4962,OK,0
2026-07-08 14:19:27,F2,16.4965,OK,0
2026-07-08 14:19:37,F2,16.4969,OK,0
2026-07-08 14:19:47,F2,16.4972,OK,0
2026-07-08 14:19:58,F2,16.4975,OK,1
2026-07-08 14:20:08,F2,16.4977,OK,1
2026-07-08 14:20:18,F2,16.4980,OK,1
2026-07-08 14:20:29,F2,16.4982,OK,1
2026-07-08 14:20:39,F2,16.4983,OK,1
2026-07-08 14:20:49,F2,16.4985,OK,0
2026-07-08 14:21:00,F2,16.4986,OK,0
2026-07-08 14:21:10,F2,16.4986,OK,0
2026-07-08 14:21:20,F2,16.4987,OK,0
2026-07-08 14:21:31,F2,16.4987,OK,0
2026-07-08 14:21:41,F2,16.4986,OK,0
2026-07-08 14:21:51,F2,16.4986,OK,0
2026-07-08 14:22:02,F2,16.4985,OK,0
2026-07-08 14:22:12,F2,16.4984,OK,0
2026-07-08 14:22:22,F2,16.4983,OK,0
2026-07-08 14:22:33,F2,16.4982,OK,0
2026-07-08 14:22:43,F2,16.4981,OK,0
2026-07-08 14:22:53,F2,16.4980,OK,0
2026-07-08 14:23:04,F2,16.4979,OK,0
2026-07-08 14:23:14,F2,16.4978,OK,0
2026-07-08 14:23:24,F2,16.4977,OK,0
2026-07-08 14:23:35,F2,16.4977,OK,0
2026-07-08 14:23:45,F2,16.4976,OK,0
2026-07-08 14:23:55,F2,16.4976,OK,0
2026-07-08 14:24:06,F2,16.4976,OK,0
2026-07-08 14:24:16,F2,16.4977,OK,0
2026-07-08 14:24:26,F2,16.4978,OK,0
2026-07-08 14:24:37,F2,16.4979,OK,0
2026-07-08 14:24:47,F2,16.4981,OK,0
2026-07-08 14:24:57,F2,16.4984,OK,0
2026-07-08 14:25:08,F2,16.4987,OK,0
2026-07-08 14:25:18,F2,16.4990,OK,0
2026-07-08 14:25:28,F2,16.4994,OK,0
2026-07-08 14:25:39,F2,16.4999,OK,0
2026-07-08 14:25:49,F2,16.5005,OK,0
2026-07-08 14:25:59,F2,16.5011,OK,0
2026-07-08 14:26:10,F2,16.5019,OK,0
2026-07-08 14:26:20,F2,16.5026,OK,0
2026-07-08 14:26:30,F2,16.5035,OK,0
2026-07-08 14:26:41,F2,16.5045,OK,0
2026-07-08 14:26:51,F2,16.5056,OK,0
2026-07-08 14:27:01,F2,16.5067,OK,0
2026-07-08 14:27:12,F2,16.5080,OK,0
2026-07-08 14:27:22,F2,16.5093,OK,0
2026-07-08 14:27:32,F2,16.5107,OK,0
2026-07-08 14:27:43,F2,16.5123,OK,1
2026-07-08 14:27:53,F2,16.5139,OK,1
2026-07-08 14:28:03,F2,16.5157,OK,1
2026-07-08 14:28:14,F2,16.5175,OK,1
2026-07-08 14:28:24,F2,16.5195,OK,1
2026-07-08 14:28:34,F2,16.5216,OK,0
2026-07-08 14:28:45,F2,16.5238,OK,0
2026-07-08 14:28:55,F2,16.5261,OK,0
2026-07-08 14:29:05,F2,16.5285,OK,0
2026-07-08 14:29:16,F2,16.5310,OK,0
2026-07-08 14:29:26,F2,16.5336,OK,0
2026-07-08 14:29:37,F2,16.5363,OK,0
2026-07-08 14:29:47,F2,16.5391,OK,0
2026-07-08 14:29:57,F2,16.5419,OK,0
2026-07-08 14:30:08,F2,16.5448,OK,0
2026-07-08 14:30:18,F2,16.5478,OK,0
2026-07-08 14:30:28,F2,16.5509,OK,0
2026-07-08 14:30:39,F2,16.5540,OK,0
2026-07-08 14:30:49,F2,16.5572,OK,0
2026-07-08 14:30:59,F2,16.5604,OK,0
2026-07-08 14:31:10,F2,16.5637,OK,0
2026-07-08 14:31:20,F2,16.5670,OK,0
2026-07-08 14:31:30,F2,16.5704,OK,0
2026-07-08 14:31:41,F2,16.5738,OK,0
2026-07-08 14:31:51,F2,16.5772,OK,0
2026-07-08 14:32:01,F2,16.5806,OK,0
2026-07-08 14:32:12,F2,16.5841,OK,0
2026-07-08 14:32:22,F2,16.5876,OK,1
2026-07-08 14:32:32,F2,16.5911,Bajo rango,1
2026-07-08 14:32:43,F2,16.5947,Bajo rango,1
2026-07-08 14:32:53,F2,16.5982,OK,1
2026-07-08 14:33:03,F2,16.6018,OK,1
2026-07-08 14:33:14,F2,16.6053,OK,0
2026-07-08 14:33:24,F2,16.6089,OK,0
2026-07-08 14:33:34,F2,16.6124,OK,0
2026-07-08 14:33:45,F2,16.6160,OK,0
2026-07-08 14:33:55,F2,16.6195,OK,0
2026-07-08 14:34:05,F2,16.6231,OK,0
2026-07-08 14:34:16,F2,16.6267,OK,0
2026-07-08 14:34:26,F2,16.6302,OK,0
2026-07-08 14:34:36,F2,16.6338,OK,0
2026-07-08 14:34:47,F2,16.6374,OK,0
2026-07-08 14:34:57,F2,16.6410,OK,0
2026-07-08 14:35:07,F2,16.6447,OK,0
2026-07-08 14:35:18,F2,16.6484,OK,0
2026-07-08 14:35:28,F2,16.6521,OK,0
2026-07-08 14:35:38,F2,16.6558,OK,0
2026-07-08 14:35:49,F2,16.6595,OK,0
2026-07-08 14:35:59,F2,16.6633,OK,0
2026-07-08 14:36:09,F2,16.6671,OK,0
2026-07-08 14:36:20,F2,16.6709,OK,0
2026-07-08 14:36:30,F2,16.6748,OK,0
2026-07-08 14:36:41,F2,16.6787,OK,0
2026-07-08 14:36:51,F2,16.6826,OK,0
2026-07-08 14:37:01,F2,16.6866,OK,0
2026-07-08 14:37:12,F2,16.6906,OK,0
2026-07-08 14:37:22,F2,16.6947,OK,0
2026-07-08 14:37:32,F2,16.6988,OK,0
2026-07-08 14:37:43,F2,16.7029,OK,0
2026-07-08 14:37:53,F2,16.7071,OK,0
2026-07-08 14:38:03,F2,16.7114,OK,0
2026-07-08 14:38:14,F2,16.7157,OK,0
2026-07-08 14:38:24,F2,16.7200,OK,0
2026-07-08 14:38:34,F2,16.7244,OK,0
2026-07-08 14:38:45,F2,16.7289,OK,0
2026-07-08 14:38:55,F2,16.7334,OK,0
2026-07-08 14:39:05,F2,16.7380,OK,0
2026-07-08 14:39:16,F2,16.7426,OK,0
2026-07-08 14:39:26,F2,16.7473,OK,0
2026-07-08 14:39:36,F2,16.7520,OK,0
2026-07-08 14:39:47,F2,16.7568,OK,0
2026-07-08 14:39:57,F2,16.7616,OK,0
2026-07-08 14:40:07,F2,16.7666,OK,0
2026-07-08 14:40:18,F2,16.7715,OK,0
2026-07-08 14:40:28,F2,16.7766,OK,0
2026-07-08 14:40:38,F2,16.7817,OK,0
2026-07-08 14:40:49,F2,16.7868,OK,0
2026-07-08 14:40:59,F2,16.7920,OK,0
2026-07-08 14:41:09,F2,16.7973,OK,0
2026-07-08 14:41:20,F2,16.8027,OK,0
2026-07-08 14:41:30,F2,16.8081,OK,0
2026-07-08 14:41:40,F2,16.8136,OK,0
2026-07-08 14:41:50,F2,16.8192,OK,1
2026-07-08 14:42:01,F2,16.8248,OK,1
2026-07-08 14:42:11,F2,16.8305,OK,1
2026-07-08 14:42:22,F2,16.8363,OK,1
2026-07-08 14:42:32,F2,16.8421,OK,1
2026-07-08 14:42:42,F2,16.8480,OK,0
2026-07-08 14:42:53,F2,16.8540,OK,0
2026-07-08 14:43:03,F2,16.8600,OK,0
2026-07-08 14:43:13,F2,16.8661,OK,0
2026-07-08 14:43:23,F2,16.8723,OK,0
2026-07-08 14:43:34,F2,16.8785,OK,0
2026-07-08 14:43:44,F2,16.8848,OK,0
2026-07-08 14:43:54,F2,16.8911,OK,0
2026-07-08 14:44:05,F2,16.8974,OK,0
2026-07-08 14:44:15,F2,16.9037,OK,0
2026-07-08 14:44:25,F2,16.9101,OK,0
2026-07-08 14:44:36,F2,16.9165,OK,0
2026-07-08 14:44:46,F2,16.9229,OK,0
2026-07-08 14:44:57,F2,16.9293,OK,0
2026-07-08 14:45:07,F2,16.9357,OK,0
2026-07-08 14:45:17,F2,16.9421,OK,0
2026-07-08 14:45:28,F2,16.9485,OK,0
2026-07-08 14:45:38,F2,16.9549,OK,0
2026-07-08 14:45:48,F2,16.9613,OK,0
2026-07-08 14:45:59,F2,16.9676,OK,0
2026-07-08 14:46:09,F2,16.9739,OK,0
2026-07-08 14:46:19,F2,16.9802,OK,0
2026-07-08 14:46:30,F2,16.9864,OK,0
2026-07-08 14:46:40,F2,16.9926,OK,0
2026-07-08 14:46:50,F2,16.9987,OK,0
2026-07-08 14:47:01,F2,17.0048,OK,0
2026-07-08 14:47:11,F2,17.0108,OK,0
2026-07-08 14:47:21,F2,17.0168,OK,0
2026-07-08 14:47:32,F2,17.0227,OK,0
2026-07-08 14:47:42,F2,17.0285,OK,0
2026-07-08 14:47:52,F2,17.0342,OK,0
2026-07-08 14:48:03,F2,17.0399,OK,0
2026-07-08 14:48:13,F2,17.0455,OK,0
2026-07-08 14:48:23,F2,17.0510,OK,0
2026-07-08 14:48:34,F2,17.0564,OK,0
2026-07-08 14:48:44,F2,17.0617,OK,1
2026-07-08 14:48:54,F2,17.0669,OK,1
2026-07-08 14:49:05,F2,17.0720,OK,1
2026-07-08 14:49:15,F2,17.0770,OK,1
2026-07-08 14:49:25,F2,17.0818,OK,1
2026-07-08 14:49:36,F2,17.0866,OK,1
2026-07-08 14:49:46,F2,17.0913,OK,0
2026-07-08 14:49:56,F2,17.0958,OK,0
2026-07-08 14:50:07,F2,17.1002,OK,0
2026-07-08 14:50:17,F2,17.1045,OK,0
2026-07-08 14:50:27,F2,17.1087,OK,0
2026-07-08 14:50:38,F2,17.1128,OK,0
2026-07-08 14:50:48,F2,17.1168,OK,0
2026-07-08 14:50:58,F2,17.1207,OK,0
2026-07-08 14:51:09,F2,17.1244,OK,0
2026-07-08 14:51:19,F2,17.1281,OK,0
2026-07-08 14:51:29,F2,17.1317,OK,0
2026-07-08 14:51:40,F2,17.1352,OK,0
2026-07-08 14:51:50,F2,17.1387,OK,0
2026-07-08 14:52:00,F2,17.1420,OK,0
2026-07-08 14:52:11,F2,17.1453,OK,0
2026-07-08 14:52:21,F2,17.1485,OK,0
2026-07-08 14:52:31,F2,17.1516,OK,0
2026-07-08 14:52:42,F2,17.1547,OK,0
2026-07-08 14:52:52,F2,17.1577,OK,0
2026-07-08 14:53:02,F2,17.1607,OK,0
2026-07-08 14:53:13,F2,17.1636,OK,0
2026-07-08 14:53:23,F2,17.1665,OK,0
2026-07-08 14:53:33,F2,17.1693,OK,0
2026-07-08 14:53:44,F2,17.1721,OK,0
2026-07-08 14:53:54,F2,17.1749,OK,0
2026-07-08 14:54:04,F2,17.1777,OK,0
2026-07-08 14:54:15,F2,17.1804,OK,0
2026-07-08 14:54:25,F2,17.1831,OK,0
2026-07-08 14:54:35,F2,17.1858,OK,0
2026-07-08 14:54:46,F2,17.1884,OK,0
2026-07-08 14:54:56,F2,17.1911,OK,0
2026-07-08 14:55:06,F2,17.1938,OK,1
2026-07-08 14:55:17,F2,17.1964,OK,0
2026-07-08 14:55:27,F2,17.1991,OK,0
2026-07-08 14:55:37,F2,17.2017,OK,0
2026-07-08 14:55:48,F2,17.2044,OK,0
2026-07-08 14:55:58,F2,17.2071,OK,0
2026-07-08 14:56:08,F2,17.2098,OK,0
2026-07-08 14:56:19,F2,17.2125,OK,0
2026-07-08 14:56:29,F2,17.2152,OK,1
2026-07-08 14:56:39,F2,17.2179,OK,1
2026-07-08 14:56:50,F2,17.2207,OK,1
2026-07-08 14:57:00,F2,17.2234,OK,1
2026-07-08 14:57:10,F2,17.2262,OK,0
2026-07-08 14:57:21,F2,17.2291,OK,0
2026-07-08 14:57:31,F2,17.2319,OK,0
2026-07-08 14:57:41,F2,17.2347,OK,0
2026-07-08 14:57:52,F2,17.2376,OK,0
2026-07-08 14:58:02,F2,17.2405,OK,0
2026-07-08 14:58:12,F2,17.2433,OK,0
2026-07-08 14:58:23,F2,17.2462,OK,0
2026-07-08 14:58:33,F2,17.2490,OK,0
2026-07-08 14:58:43,F2,17.2519,OK,0
2026-07-08 14:58:54,F2,17.2547,OK,0
2026-07-08 14:59:04,F2,17.2575,OK,0
2026-07-08 14:59:14,F2,17.2603,OK,0
2026-07-08 14:59:25,F2,17.2631,OK,0
2026-07-08 14:59:35,F2,17.2658,OK,0
2026-07-08 14:59:45,F2,17.2685,OK,0
2026-07-08 14:59:56,F2,17.2712,OK,0
2026-07-08 15:00:06,F2,17.2738,OK,0
2026-07-08 15:00:16,F2,17.2764,OK,0
2026-07-08 15:00:27,F2,17.2789,OK,0
2026-07-08 15:00:37,F2,17.2814,OK,0
2026-07-08 15:00:47,F2,17.2838,OK,0
2026-07-08 15:00:58,F2,17.2862,OK,0
2026-07-08 15:01:08,F2,17.2885,OK,0
2026-07-08 15:01:18,F2,17.2907,OK,0
2026-07-08 15:01:29,F2,17.2928,OK,0
2026-07-08 15:01:39,F2,17.2949,OK,0
2026-07-08 15:01:49,F2,17.2969,OK,1
2026-07-08 15:02:00,F2,17.2989,OK,0
2026-07-08 15:02:10,F2,17.3007,OK,0
2026-07-08 15:02:21,F2,17.3025,OK,0
2026-07-08 15:02:31,F2,17.3041,OK,0
2026-07-08 15:02:41,F2,17.3057,OK,1
2026-07-08 15:02:52,F2,17.3072,OK,1
2026-07-08 15:03:02,F2,17.3086,OK,1
2026-07-08 15:03:12,F2,17.3099,OK,1
2026-07-08 15:03:23,F2,17.3111,OK,1
2026-07-08 15:03:33,F2,17.3121,OK,0
2026-07-08 15:03:44,F2,17.3131,OK,0
2026-07-08 15:03:54,F2,17.3140,OK,0
2026-07-08 15:04:04,F2,17.3148,OK,0
2026-07-08 15:04:15,F2,17.3155,OK,0
2026-07-08 15:04:25,F2,17.3161,OK,0
2026-07-08 15:04:35,F2,17.3166,OK,0
2026-07-08 15:04:46,F2,17.3170,OK,0
2026-07-08 15:04:56,F2,17.3174,OK,0
2026-07-08 15:05:06,F2,17.3177,OK,0
2026-07-08 15:05:17,F2,17.3179,OK,0
2026-07-08 15:05:27,F2,17.3181,OK,0
2026-07-08 15:05:37,F2,17.3182,OK,0
2026-07-08 15:05:48,F2,17.3182,OK,0
2026-07-08 15:05:58,F2,17.3182,OK,0
2026-07-08 15:06:08,F2,17.3182,OK,0
2026-07-08 15:06:19,F2,17.3181,OK,0
2026-07-08 15:06:29,F2,17.3180,OK,0
2026-07-08 15:06:40,F2,17.3179,OK,0
2026-07-08 15:06:50,F2,17.3178,OK,0
2026-07-08 15:07:00,F2,17.3176,OK,1
2026-07-08 15:07:11,F2,17.3175,OK,1
2026-07-08 15:07:21,F2,17.3173,OK,1
2026-07-08 15:07:31,F2,17.3171,OK,0
2026-07-08 15:07:42,F2,17.3169,OK,0
2026-07-08 15:07:52,F2,17.3168,OK,0
2026-07-08 15:08:02,F2,17.3166,OK,0
2026-07-08 15:08:13,F2,17.3165,OK,0
2026-07-08 15:08:23,F2,17.3164,OK,0
2026-07-08 15:08:33,F2,17.3163,OK,0
2026-07-08 15:08:44,F2,17.3163,OK,0
2026-07-08 15:08:54,F2,17.3163,OK,0
2026-07-08 15:09:04,F2,17.3163,OK,0
2026-07-08 15:09:15,F2,17.3164,OK,0
2026-07-08 15:09:25,F2,17.3165,OK,0
2026-07-08 15:09:35,F2,17.3166,OK,0
2026-07-08 15:09:46,F2,17.3169,OK,0
2026-07-08 15:09:56,F2,17.3171,OK,0
2026-07-08 15:10:07,F2,17.3175,OK,0
2026-07-08 15:10:17,F2,17.3179,OK,0
2026-07-08 15:10:27,F2,17.3183,OK,0
2026-07-08 15:10:38,F2,17.3188,OK,0
2026-07-08 15:10:48,F2,17.3194,OK,0
2026-07-08 15:10:58,F2,17.3201,OK,0
2026-07-08 15:11:09,F2,17.3208,OK,0
2026-07-08 15:11:19,F2,17.3216,OK,0
2026-07-08 15:11:29,F2,17.3224,OK,0
2026-07-08 15:11:40,F2,17.3233,OK,0
2026-07-08 15:11:50,F2,17.3243,OK,0
2026-07-08 15:12:00,F2,17.3253,OK,0
2026-07-08 15:12:11,F2,17.3264,OK,0
2026-07-08 15:12:21,F2,17.3276,OK,0
2026-07-08 15:12:31,F2,17.3287,OK,0
2026-07-08 15:12:42,F2,17.3300,OK,0
2026-07-08 15:12:52,F2,17.3312,OK,0
2026-07-08 15:13:02,F2,17.3325,OK,0
2026-07-08 15:13:13,F2,17.3338,OK,0
2026-07-08 15:13:23,F2,17.3352,OK,0
2026-07-08 15:13:33,F2,17.3365,OK,0
2026-07-08 15:13:44,F2,17.3379,OK,0
2026-07-08 15:13:54,F2,17.3393,OK,0
2026-07-08 15:14:05,F2,17.3406,OK,0
2026-07-08 15:14:15,F2,17.3420,OK,0
2026-07-08 15:14:25,F2,17.3434,OK,0
2026-07-08 15:14:35,F2,17.3448,OK,0
2026-07-08 15:14:46,F2,17.3461,OK,0
2026-07-08 15:14:56,F2,17.3475,OK,0
2026-07-08 15:15:06,F2,17.3488,OK,0
2026-07-08 15:15:17,F2,17.3501,OK,0
2026-07-08 15:15:27,F2,17.3513,OK,0
2026-07-08 15:15:37,F2,17.3526,OK,0
2026-07-08 15:15:48,F2,17.3538,OK,0
2026-07-08 15:15:58,F2,17.3549,OK,0
2026-07-08 15:16:09,F2,17.3560,OK,0
2026-07-08 15:16:19,F2,17.3571,OK,0
2026-07-08 15:16:29,F2,17.3581,OK,0
2026-07-08 15:16:40,F2,17.3591,OK,0
2026-07-08 15:16:50,F2,17.3599,OK,0
2026-07-08 15:17:00,F2,17.3608,OK,1
2026-07-08 15:17:11,F2,17.3616,OK,1
2026-07-08 15:17:21,F2,17.3623,OK,1
2026-07-08 15:17:31,F2,17.3629,OK,1
2026-07-08 15:17:41,F2,17.3634,OK,1
2026-07-08 15:17:52,F2,17.3639,OK,1
2026-07-08 15:18:02,F2,17.3643,OK,0
2026-07-08 15:18:12,F2,17.3646,OK,0
2026-07-08 15:18:23,F2,17.3649,OK,0
2026-07-08 15:18:33,F2,17.3650,OK,0
2026-07-08 15:18:43,F2,17.3651,OK,0
2026-07-08 15:18:54,F2,17.3651,OK,0
2026-07-08 15:19:04,F2,17.3651,OK,0
2026-07-08 15:19:14,F2,17.3650,OK,0
2026-07-08 15:19:25,F2,17.3648,OK,0
2026-07-08 15:19:35,F2,17.3646,OK,0
2026-07-08 15:19:45,F2,17.3644,OK,0
2026-07-08 15:19:56,F2,17.3641,OK,0
2026-07-08 15:20:06,F2,17.3637,OK,0
2026-07-08 15:20:17,F2,17.3633,OK,0
2026-07-08 15:20:27,F2,17.3629,OK,0
2026-07-08 15:20:37,F2,17.3625,OK,0
2026-07-08 15:20:48,F2,17.3620,OK,0
2026-07-08 15:20:58,F2,17.3616,OK,0
2026-07-08 15:21:08,F2,17.3611,OK,0
2026-07-08 15:21:18,F2,17.3606,OK,0
2026-07-08 15:21:29,F2,17.3601,OK,0
2026-07-08 15:21:39,F2,17.3596,OK,0
2026-07-08 15:21:49,F2,17.3591,OK,0
2026-07-08 15:22:00,F2,17.3586,OK,0
2026-07-08 15:22:10,F2,17.3582,OK,0
2026-07-08 15:22:21,F2,17.3578,OK,0
2026-07-08 15:22:31,F2,17.3573,OK,0
2026-07-08 15:22:41,F2,17.3570,OK,0
2026-07-08 15:22:52,F2,17.3566,OK,0
2026-07-08 15:23:02,F2,17.3563,OK,0
2026-07-08 15:23:12,F2,17.3560,OK,1
2026-07-08 15:23:22,F2,17.3558,OK,1
2026-07-08 15:23:33,F2,17.3556,OK,1
2026-07-08 15:23:43,F2,17.3554,OK,0
2026-07-08 15:23:54,F2,17.3553,OK,0
2026-07-08 15:24:04,F2,17.3553,OK,0
2026-07-08 15:24:14,F2,17.3553,OK,0
2026-07-08 15:24:25,F2,17.3554,OK,0
2026-07-08 15:24:35,F2,17.3555,OK,0
2026-07-08 15:24:45,F2,17.3557,OK,0
2026-07-08 15:24:56,F2,17.3560,OK,0
2026-07-08 15:25:06,F2,17.3563,OK,0
2026-07-08 15:25:16,F2,17.3567,OK,0
2026-07-08 15:25:27,F2,17.3572,OK,0
2026-07-08 15:25:37,F2,17.3577,OK,0
2026-07-08 15:25:47,F2,17.3583,OK,0
2026-07-08 15:25:58,F2,17.3589,OK,0
2026-07-08 15:26:08,F2,17.3596,OK,0
2026-07-08 15:26:18,F2,17.3604,OK,0
2026-07-08 15:26:29,F2,17.3612,OK,0
2026-07-08 15:26:39,F2,17.3620,OK,0
2026-07-08 15:26:49,F2,17.3628,OK,0
2026-07-08 15:27:00,F2,17.3637,OK,0
2026-07-08 15:27:10,F2,17.3646,OK,0
2026-07-08 15:27:20,F2,17.3656,OK,0
2026-07-08 15:27:31,F2,17.3665,OK,0
2026-07-08 15:27:41,F2,17.3675,OK,0
2026-07-08 15:27:51,F2,17.3684,OK,0
2026-07-08 15:28:02,F2,17.3694,OK,0
2026-07-08 15:28:12,F2,17.3703,OK,0
2026-07-08 15:28:23,F2,17.3713,OK,0
2026-07-08 15:28:33,F2,17.3722,OK,0
2026-07-08 15:28:43,F2,17.3731,OK,0
2026-07-08 15:28:53,F2,17.3740,OK,0
2026-07-08 15:29:04,F2,17.3749,OK,0
2026-07-08 15:29:14,F2,17.3757,OK,0
2026-07-08 15:29:25,F2,17.3765,OK,0
2026-07-08 15:29:35,F2,17.3772,OK,0
2026-07-08 15:29:45,F2,17.3779,OK,0
2026-07-08 15:29:56,F2,17.3785,OK,1
2026-07-08 15:30:06,F2,17.3791,OK,0
2026-07-08 15:30:16,F2,17.3797,OK,0
2026-07-08 15:30:26,F2,17.3801,OK,0
2026-07-08 15:30:37,F2,17.3805,OK,0
2026-07-08 15:30:47,F2,17.3808,OK,0
2026-07-08 15:30:57,F2,17.3811,OK,0
2026-07-08 15:31:08,F2,17.3813,OK,0
2026-07-08 15:31:18,F2,17.3813,OK,1
2026-07-08 15:31:28,F2,17.3813,OK,1
2026-07-08 15:31:39,F2,17.3812,OK,1
2026-07-08 15:31:49,F2,17.3810,OK,1
2026-07-08 15:31:59,F2,17.3808,OK,1
2026-07-08 15:32:10,F2,17.3804,OK,0
2026-07-08 15:32:20,F2,17.3799,OK,0
2026-07-08 15:32:30,F2,17.3793,OK,0
2026-07-08 15:32:41,F2,17.3786,OK,0
2026-07-08 15:32:51,F2,17.3778,OK,0
2026-07-08 15:33:01,F2,17.3769,OK,0
2026-07-08 15:33:12,F2,17.3760,OK,0
2026-07-08 15:33:22,F2,17.3749,OK,0
2026-07-08 15:33:32,F2,17.3738,OK,0
2026-07-08 15:33:43,F2,17.3726,OK,0
2026-07-08 15:33:53,F2,17.3713,OK,0
2026-07-08 15:34:04,F2,17.3699,OK,0
2026-07-08 15:34:14,F2,17.3685,OK,0
2026-07-08 15:34:24,F2,17.3670,OK,0
2026-07-08 15:34:34,F2,17.3655,OK,0
2026-07-08 15:34:45,F2,17.3639,OK,0
2026-07-08 15:34:55,F2,17.3623,OK,0
2026-07-08 15:35:05,F2,17.3606,OK,0
2026-07-08 15:35:16,F2,17.3589,OK,0
2026-07-08 15:35:26,F2,17.3571,OK,0
2026-07-08 15:35:36,F2,17.3553,OK,0
2026-07-08 15:35:47,F2,17.3535,OK,0
2026-07-08 15:35:57,F2,17.3517,OK,0
2026-07-08 15:36:08,F2,17.3498,OK,0
2026-07-08 15:36:18,F2,17.3480,OK,0
2026-07-08 15:36:28,F2,17.3461,OK,0
2026-07-08 15:36:39,F2,17.3442,OK,0
2026-07-08 15:36:49,F2,17.3423,OK,0
2026-07-08 15:36:59,F2,17.3405,OK,0
2026-07-08 15:37:10,F2,17.3386,OK,0
2026-07-08 15:37:20,F2,17.3368,OK,0
2026-07-08 15:37:30,F2,17.3349,OK,0
2026-07-08 15:37:41,F2,17.3331,OK,0
2026-07-08 15:37:51,F2,17.3313,OK,0
2026-07-08 15:38:02,F2,17.3295,OK,0
2026-07-08 15:38:12,F2,17.3278,OK,0
2026-07-08 15:38:22,F2,17.3261,OK,1
2026-07-08 15:38:33,F2,17.3244,OK,0
2026-07-08 15:38:43,F2,17.3228,OK,0
2026-07-08 15:38:53,F2,17.3212,OK,0
2026-07-08 15:39:04,F2,17.3197,OK,0
2026-07-08 15:39:14,F2,17.3182,OK,0
2026-07-08 15:39:24,F2,17.3168,OK,0
2026-07-08 15:39:35,F2,17.3154,OK,0
2026-07-08 15:39:45,F2,17.3140,OK,1
2026-07-08 15:39:55,F2,17.3127,OK,0
2026-07-08 15:40:06,F2,17.3114,OK,0
2026-07-08 15:40:16,F2,17.3102,OK,0
2026-07-08 15:40:26,F2,17.3091,OK,0
2026-07-08 15:40:37,F2,17.3080,OK,0
2026-07-08 15:40:47,F2,17.3069,OK,0
2026-07-08 15:40:57,F2,17.3058,OK,0
2026-07-08 15:41:08,F2,17.3048,OK,0
2026-07-08 15:41:18,F2,17.3038,OK,0
2026-07-08 15:41:28,F2,17.3028,OK,0
2026-07-08 15:41:39,F2,17.3019,OK,0
2026-07-08 15:41:49,F2,17.3009,OK,0
2026-07-08 15:41:59,F2,17.3000,OK,0
2026-07-08 15:42:10,F2,17.2990,OK,0
2026-07-08 15:42:20,F2,17.2981,OK,0
2026-07-08 15:42:30,F2,17.2971,OK,0
2026-07-08 15:42:41,F2,17.2961,OK,0
2026-07-08 15:42:51,F2,17.2951,OK,0
2026-07-08 15:43:01,F2,17.2941,OK,0
2026-07-08 15:43:11,F2,17.2931,OK,0
2026-07-08 15:43:22,F2,17.2920,OK,0
2026-07-08 15:43:32,F2,17.2909,OK,0
2026-07-08 15:43:42,F2,17.2898,OK,0
2026-07-08 15:43:53,F2,17.2886,OK,0
2026-07-08 15:44:03,F2,17.2874,OK,0
2026-07-08 15:44:13,F2,17.2861,OK,0
2026-07-08 15:44:24,F2,17.2847,OK,0
2026-07-08 15:44:34,F2,17.2833,OK,0
2026-07-08 15:44:45,F2,17.2819,OK,0
2026-07-08 15:44:55,F2,17.2804,OK,0
2026-07-08 15:45:05,F2,17.2788,OK,0
2026-07-08 15:45:15,F2,17.2771,OK,0
2026-07-08 15:45:26,F2,17.2753,OK,0
2026-07-08 15:45:36,F2,17.2735,OK,0
2026-07-08 15:45:47,F2,17.2716,OK,0
2026-07-08 15:45:57,F2,17.2696,OK,1
2026-07-08 15:46:07,F2,17.2675,OK,1
2026-07-08 15:46:18,F2,17.2652,OK,1
2026-07-08 15:46:28,F2,17.2629,OK,1
2026-07-08 15:46:38,F2,17.2605,OK,0
2026-07-08 15:46:49,F2,17.2580,OK,0
2026-07-08 15:46:59,F2,17.2554,OK,0
2026-07-08 15:47:09,F2,17.2527,OK,0
2026-07-08 15:47:20,F2,17.2499,OK,0
2026-07-08 15:47:30,F2,17.2470,OK,0
2026-07-08 15:47:40,F2,17.2440,OK,0
2026-07-08 15:47:51,F2,17.2410,OK,0
2026-07-08 15:48:01,F2,17.2378,OK,0
2026-07-08 15:48:11,F2,17.2346,OK,0
2026-07-08 15:48:22,F2,17.2313,OK,0
2026-07-08 15:48:32,F2,17.2279,OK,0
2026-07-08 15:48:42,F2,17.2244,OK,0
2026-07-08 15:48:53,F2,17.2209,OK,0
2026-07-08 15:49:03,F2,17.2174,OK,0
2026-07-08 15:49:13,F2,17.2137,OK,0
2026-07-08 15:49:24,F2,17.2101,OK,0
2026-07-08 15:49:34,F2,17.2063,OK,0
2026-07-08 15:49:44,F2,17.2026,OK,0
2026-07-08 15:49:55,F2,17.1988,OK,0
2026-07-08 15:50:05,F2,17.1949,OK,0
2026-07-08 15:50:15,F2,17.1911,OK,0
2026-07-08 15:50:26,F2,17.1872,OK,0
2026-07-08 15:50:36,F2,17.1833,OK,0
2026-07-08 15:50:46,F2,17.1793,OK,0
2026-07-08 15:50:57,F2,17.1754,OK,0
2026-07-08 15:51:07,F2,17.1714,OK,0
2026-07-08 15:51:17,F2,17.1675,OK,0
2026-07-08 15:51:28,F2,17.1635,OK,0
2026-07-08 15:51:38,F2,17.1596,OK,0
2026-07-08 15:51:49,F2,17.1556,OK,0
2026-07-08 15:51:59,F2,17.1517,OK,0
2026-07-08 15:52:09,F2,17.1477,OK,0
2026-07-08 15:52:20,F2,17.1438,OK,0
2026-07-08 15:52:30,F2,17.1399,OK,0
2026-07-08 15:52:40,F2,17.1361,OK,0
2026-07-08 15:52:51,F2,17.1322,OK,0
2026-07-08 15:53:01,F2,17.1284,OK,0
2026-07-08 15:53:11,F2,17.1246,OK,0
2026-07-08 15:53:22,F2,17.1208,OK,0
2026-07-08 15:53:32,F2,17.1171,OK,1
2026-07-08 15:53:42,F2,17.1134,OK,1
2026-07-08 15:53:53,F2,17.1098,OK,1
2026-07-08 15:54:03,F2,17.1062,OK,1
2026-07-08 15:54:13,F2,17.1026,OK,1
2026-07-08 15:54:24,F2,17.0991,OK,1
2026-07-08 15:54:34,F2,17.0957,OK,0
2026-07-08 15:54:44,F2,17.0923,OK,0
2026-07-08 15:54:55,F2,17.0889,OK,0
2026-07-08 15:55:05,F2,17.0856,OK,0
2026-07-08 15:55:16,F2,17.0823,OK,0
2026-07-08 15:55:26,F2,17.0791,OK,0
2026-07-08 15:55:36,F2,17.0759,OK,0
2026-07-08 15:55:47,F2,17.0727,OK,0
2026-07-08 15:55:57,F2,17.0696,OK,0
2026-07-08 15:56:07,F2,17.0665,OK,0
2026-07-08 15:56:18,F2,17.0634,OK,0
2026-07-08 15:56:28,F2,17.0603,OK,0
2026-07-08 15:56:38,F2,17.0572,OK,0
2026-07-08 15:56:49,F2,17.0542,OK,0
2026-07-08 15:56:59,F2,17.0511,OK,0
2026-07-08 15:57:09,F2,17.0481,OK,0
2026-07-08 15:57:20,F2,17.0450,OK,0
2026-07-08 15:57:30,F2,17.0419,OK,0
2026-07-08 15:57:40,F2,17.0388,OK,0
2026-07-08 15:57:51,F2,17.0357,OK,0
2026-07-08 15:58:01,F2,17.0326,OK,0
2026-07-08 15:58:11,F2,17.0295,OK,0
2026-07-08 15:58:22,F2,17.0263,OK,0
2026-07-08 15:58:32,F2,17.0231,OK,0
2026-07-08 15:58:42,F2,17.0199,OK,0
2026-07-08 15:58:53,F2,17.0166,OK,0
2026-07-08 15:59:03,F2,17.0133,OK,0
2026-07-08 15:59:13,F2,17.0099,OK,0
2026-07-08 15:59:24,F2,17.0065,OK,0
2026-07-08 15:59:34,F2,17.0030,OK,0
2026-07-08 15:59:44,F2,16.9995,OK,0
2026-07-08 15:59:55,F2,16.9959,OK,0
2026-07-08 16:00:05,F2,16.9922,OK,0
2026-07-08 16:00:15,F2,16.9885,OK,0
2026-07-08 16:00:26,F2,16.9847,OK,0
2026-07-08 16:00:36,F2,16.9808,OK,0
2026-07-08 16:00:46,F2,16.9769,OK,1
2026-07-08 16:00:57,F2,16.9728,OK,1
2026-07-08 16:01:07,F2,16.9687,OK,1
2026-07-08 16:01:17,F2,16.9645,OK,1
2026-07-08 16:01:28,F2,16.9602,OK,0
2026-07-08 16:01:38,F2,16.9559,OK,0
2026-07-08 16:01:48,F2,16.9514,OK,0
2026-07-08 16:01:59,F2,16.9468,OK,0
2026-07-08 16:02:09,F2,16.9422,OK,0
2026-07-08 16:02:19,F2,16.9375,OK,0
2026-07-08 16:02:30,F2,16.9327,OK,0
2026-07-08 16:02:40,F2,16.9278,OK,0
2026-07-08 16:02:50,F2,16.9228,OK,0
2026-07-08 16:03:01,F2,16.9178,OK,0
2026-07-08 16:03:11,F2,16.9127,OK,0
2026-07-08 16:03:21,F2,16.9075,OK,0
2026-07-08 16:03:32,F2,16.9023,OK,0
2026-07-08 16:03:42,F2,16.8970,OK,0
2026-07-08 16:03:52,F2,16.8916,OK,0
2026-07-08 16:04:03,F2,16.8862,OK,0
2026-07-08 16:04:13,F2,16.8807,OK,0
2026-07-08 16:04:23,F2,16.8752,OK,0
2026-07-08 16:04:34,F2,16.8697,OK,0
2026-07-08 16:04:44,F2,16.8641,OK,0
2026-07-08 16:04:54,F2,16.8585,OK,0
2026-07-08 16:05:05,F2,16.8528,OK,0
2026-07-08 16:05:15,F2,16.8472,OK,0
2026-07-08 16:05:25,F2,16.8415,OK,0
2026-07-08 16:05:36,F2,16.8358,OK,0
2026-07-08 16:05:46,F2,16.8300,OK,0
2026-07-08 16:05:56,F2,16.8243,OK,0
2026-07-08 16:06:07,F2,16.8186,OK,0
2026-07-08 16:06:17,F2,16.8128,OK,0
2026-07-08 16:06:27,F2,16.8071,OK,0
2026-07-08 16:06:38,F2,16.8014,OK,0
2026-07-08 16:06:48,F2,16.7957,OK,0
2026-07-08 16:06:58,F2,16.7900,OK,0
2026-07-08 16:07:09,F2,16.7844,OK,0
2026-07-08 16:07:19,F2,16.7787,OK,0
2026-07-08 16:07:29,F2,16.7731,OK,0
2026-07-08 16:07:40,F2,16.7676,OK,0
2026-07-08 16:07:50,F2,16.7620,OK,0
2026-07-08 16:08:01,F2,16.7565,OK,0
2026-07-08 16:08:11,F2,16.7511,OK,0
2026-07-08 16:08:21,F2,16.7457,OK,0
2026-07-08 16:08:32,F2,16.7403,OK,0
2026-07-08 16:08:42,F2,16.7350,OK,0
2026-07-08 16:08:52,F2,16.7298,OK,0
2026-07-08 16:09:03,F2,16.7246,OK,0
2026-07-08 16:09:13,F2,16.7195,OK,0
2026-07-08 16:09:23,F2,16.7144,OK,0
2026-07-08 16:09:34,F2,16.7094,OK,0
2026-07-08 16:09:44,F2,16.7045,OK,0
2026-07-08 16:09:54,F2,16.6996,OK,0
2026-07-08 16:10:05,F2,16.6948,OK,0
2026-07-08 16:10:15,F2,16.6901,OK,0
2026-07-08 16:10:25,F2,16.6855,OK,0
2026-07-08 16:10:36,F2,16.6810,OK,0
2026-07-08 16:10:46,F2,16.6765,OK,0
2026-07-08 16:10:56,F2,16.6721,OK,0
2026-07-08 16:11:07,F2,16.6678,OK,0
2026-07-08 16:11:17,F2,16.6636,OK,0
2026-07-08 16:11:27,F2,16.6594,OK,0
2026-07-08 16:11:38,F2,16.6554,OK,0
2026-07-08 16:11:48,F2,16.6514,OK,0
2026-07-08 16:11:58,F2,16.6475,OK,0
2026-07-08 16:12:09,F2,16.6437,OK,0
2026-07-08 16:12:19,F2,16.6399,OK,0
2026-07-08 16:12:29,F2,16.6362,OK,0
2026-07-08 16:12:40,F2,16.6326,OK,0
2026-07-08 16:12:50,F2,16.6290,OK,0
2026-07-08 16:13:01,F2,16.6254,OK,0
2026-07-08 16:13:11,F2,16.6220,OK,0
2026-07-08 16:13:21,F2,16.6185,OK,0
2026-07-08 16:13:32,F2,16.6151,OK,0
2026-07-08 16:13:42,F2,16.6117,OK,0
2026-07-08 16:13:52,F2,16.6084,OK,0
2026-07-08 16:14:03,F2,16.6051,OK,0
2026-07-08 16:14:13,F2,16.6018,OK,0
2026-07-08 16:14:23,F2,16.5985,OK,0
2026-07-08 16:14:34,F2,16.5952,OK,0
2026-07-08 16:14:44,F2,16.5920,OK,0
2026-07-08 16:14:54,F2,16.5887,OK,0
2026-07-08 16:15:05,F2,16.5854,OK,0
2026-07-08 16:15:15,F2,16.5822,OK,0
2026-07-08 16:15:25,F2,16.5789,OK,0
2026-07-08 16:15:36,F2,16.5756,OK,0
2026-07-08 16:15:46,F2,16.5723,OK,0
2026-07-08 16:15:56,F2,16.5690,OK,1
2026-07-08 16:16:07,F2,16.5656,OK,0
2026-07-08 16:16:17,F2,16.5622,OK,0
2026-07-08 16:16:27,F2,16.5588,OK,0
2026-07-08 16:16:38,F2,16.5553,OK,0
2026-07-08 16:16:48,F2,16.5519,OK,0
2026-07-08 16:16:58,F2,16.5483,OK,0
2026-07-08 16:17:09,F2,16.5447,OK,1
2026-07-08 16:17:19,F2,16.5411,OK,1
2026-07-08 16:17:29,F2,16.5374,OK,1
2026-07-08 16:17:40,F2,16.5337,OK,1
2026-07-08 16:17:50,F2,16.5299,OK,1
2026-07-08 16:18:00,F2,16.5261,Bajo rango,1
2026-07-08 16:18:11,F2,16.5222,Bajo rango,0
2026-07-08 16:18:21,F2,16.5182,Bajo rango,0
2026-07-08 16:18:31,F2,16.5141,OK,0
2026-07-08 16:18:42,F2,16.5100,OK,0
2026-07-08 16:18:52,F2,16.5058,OK,0
2026-07-08 16:19:02,F2,16.5016,OK,0
2026-07-08 16:19:13,F2,16.4973,OK,0
2026-07-08 16:19:23,F2,16.4929,OK,0
2026-07-08 16:19:33,F2,16.4886,OK,0
2026-07-08 16:19:44,F2,16.4842,OK,0
2026-07-08 16:19:54,F2,16.4798,OK,0
2026-07-08 16:20:04,F2,16.4754,OK,0
2026-07-08 16:20:15,F2,16.4709,OK,0
2026-07-08 16:20:25,F2,16.4665,OK,0
2026-07-08 16:20:36,F2,16.4621,OK,0
2026-07-08 16:20:46,F2,16.4577,OK,0
2026-07-08 16:20:56,F2,16.4534,OK,0
2026-07-08 16:21:07,F2,16.4491,OK,0
2026-07-08 16:21:17,F2,16.4448,OK,0
2026-07-08 16:21:27,F2,16.4405,OK,0
2026-07-08 16:21:38,F2,16.4363,OK,0
2026-07-08 16:21:48,F2,16.4321,OK,0
2026-07-08 16:21:58,F2,16.4280,OK,0
2026-07-08 16:22:09,F2,16.4240,OK,0
2026-07-08 16:22:19,F2,16.4200,OK,0
2026-07-08 16:22:29,F2,16.4161,OK,0
2026-07-08 16:22:40,F2,16.4123,OK,0
2026-07-08 16:22:50,F2,16.4085,OK,0
2026-07-08 16:23:00,F2,16.4049,OK,0
2026-07-08 16:23:11,F2,16.4013,OK,0
2026-07-08 16:23:21,F2,16.3978,OK,0
2026-07-08 16:23:32,F2,16.3944,OK,1
2026-07-08 16:23:42,F2,16.3911,OK,1
2026-07-08 16:23:52,F2,16.3879,OK,1
2026-07-08 16:24:03,F2,16.3848,OK,1
2026-07-08 16:24:13,F2,16.3818,OK,1
2026-07-08 16:24:23,F2,16.3790,OK,0
2026-07-08 16:24:34,F2,16.3762,OK,0
2026-07-08 16:24:44,F2,16.3736,OK,0
2026-07-08 16:24:54,F2,16.3710,OK,0
2026-07-08 16:25:05,F2,16.3686,OK,0
2026-07-08 16:25:15,F2,16.3662,OK,0
2026-07-08 16:25:25,F2,16.3640,OK,0
2026-07-08 16:25:36,F2,16.3618,OK,0
2026-07-08 16:25:46,F2,16.3598,OK,0
2026-07-08 16:25:56,F2,16.3578,OK,0
2026-07-08 16:26:07,F2,16.3559,OK,0
2026-07-08 16:26:17,F2,16.3541,OK,0
2026-07-08 16:26:27,F2,16.3523,OK,0
2026-07-08 16:26:38,F2,16.3506,OK,0
2026-07-08 16:26:48,F2,16.3490,OK,0
2026-07-08 16:26:58,F2,16.3475,OK,0
2026-07-08 16:27:09,F2,16.3460,OK,0
2026-07-08 16:27:19,F2,16.3445,OK,0
2026-07-08 16:27:30,F2,16.3432,OK,0
2026-07-08 16:27:40,F2,16.3418,OK,0
2026-07-08 16:27:50,F2,16.3405,OK,0
2026-07-08 16:28:01,F2,16.3393,OK,0
2026-07-08 16:28:11,F2,16.3381,OK,0
2026-07-08 16:28:21,F2,16.3369,OK,0
2026-07-08 16:28:32,F2,16.3357,OK,0
2026-07-08 16:28:42,F2,16.3346,OK,0
2026-07-08 16:28:52,F2,16.3335,OK,0
2026-07-08 16:29:03,F2,16.3325,OK,0
2026-07-08 16:29:13,F2,16.3314,OK,0
2026-07-08 16:29:23,F2,16.3304,OK,0
2026-07-08 16:29:34,F2,16.3294,OK,0
2026-07-08 16:29:44,F2,16.3283,OK,0
2026-07-08 16:29:54,F2,16.3273,OK,1
2026-07-08 16:30:05,F2,16.3263,OK,1
2026-07-08 16:30:15,F2,16.3253,OK,1
2026-07-08 16:30:25,F2,16.3243,OK,1
2026-07-08 16:30:36,F2,16.3233,OK,1
2026-07-08 16:30:46,F2,16.3222,OK,0
2026-07-08 16:30:56,F2,16.3212,OK,0
2026-07-08 16:31:07,F2,16.3202,OK,0
2026-07-08 16:31:17,F2,16.3191,OK,0
2026-07-08 16:31:27,F2,16.3181,OK,0
2026-07-08 16:31:38,F2,16.3170,OK,0
2026-07-08 16:31:48,F2,16.3160,OK,0
2026-07-08 16:31:59,F2,16.3149,OK,0
2026-07-08 16:32:09,F2,16.3139,OK,0
2026-07-08 16:32:19,F2,16.3128,OK,0
2026-07-08 16:32:30,F2,16.3118,OK,0
2026-07-08 16:32:40,F2,16.3108,OK,0
2026-07-08 16:32:50,F2,16.3098,OK,0
2026-07-08 16:33:01,F2,16.3088,OK,0
2026-07-08 16:33:11,F2,16.3078,OK,0
2026-07-08 16:33:21,F2,16.3069,OK,0
2026-07-08 16:33:32,F2,16.3059,OK,0
2026-07-08 16:33:42,F2,16.3050,OK,0
2026-07-08 16:33:52,F2,16.3042,OK,0
2026-07-08 16:34:03,F2,16.3033,OK,0
2026-07-08 16:34:13,F2,16.3025,OK,0
2026-07-08 16:34:23,F2,16.3017,OK,0
2026-07-08 16:34:34,F2,16.3010,OK,0
2026-07-08 16:34:44,F2,16.3003,OK,0
2026-07-08 16:34:54,F2,16.2996,OK,0
2026-07-08 16:35:05,F2,16.2990,OK,0
2026-07-08 16:35:15,F2,16.2984,OK,0
2026-07-08 16:35:25,F2,16.2979,OK,0
2026-07-08 16:35:36,F2,16.2974,OK,0
2026-07-08 16:35:46,F2,16.2970,OK,0
2026-07-08 16:35:56,F2,16.2966,OK,0
2026-07-08 16:36:07,F2,16.2963,OK,0
2026-07-08 16:36:17,F2,16.2961,OK,0
2026-07-08 16:36:27,F2,16.2959,OK,0
2026-07-08 16:36:38,F2,16.2957,OK,0
2026-07-08 16:36:48,F2,16.2956,OK,0
2026-07-08 16:36:58,F2,16.2956,OK,0
2026-07-08 16:37:09,F2,16.2957,OK,0
2026-07-08 16:37:19,F2,16.2958,OK,0
2026-07-08 16:37:29,F2,16.2959,OK,0
2026-07-08 16:37:40,F2,16.2962,OK,0
2026-07-08 16:37:50,F2,16.2965,OK,0
2026-07-08 16:38:00,F2,16.2968,OK,0
2026-07-08 16:38:11,F2,16.2973,OK,0
2026-07-08 16:38:21,F2,16.2978,OK,0
2026-07-08 16:38:31,F2,16.2983,OK,0
2026-07-08 16:38:42,F2,16.2989,OK,0
2026-07-08 16:38:52,F2,16.2996,OK,1
2026-07-08 16:39:02,F2,16.3004,OK,1
2026-07-08 16:39:13,F2,16.3012,OK,1
2026-07-08 16:39:23,F2,16.3021,OK,1
2026-07-08 16:39:33,F2,16.3031,OK,1
2026-07-08 16:39:44,F2,16.3041,OK,0
2026-07-08 16:39:54,F2,16.3052,OK,0
2026-07-08 16:40:04,F2,16.3063,OK,0
2026-07-08 16:40:15,F2,16.3075,OK,0
2026-07-08 16:40:25,F2,16.3088,OK,0
2026-07-08 16:40:36,F2,16.3101,OK,0
2026-07-08 16:40:46,F2,16.3115,OK,0
2026-07-08 16:40:56,F2,16.3129,OK,0
2026-07-08 16:41:07,F2,16.3144,OK,0
2026-07-08 16:41:17,F2,16.3159,OK,0
2026-07-08 16:41:27,F2,16.3174,OK,0
2026-07-08 16:41:38,F2,16.3190,OK,0
2026-07-08 16:41:48,F2,16.3206,OK,0
2026-07-08 16:41:58,F2,16.3222,OK,0
2026-07-08 16:42:09,F2,16.3238,OK,0
2026-07-08 16:42:19,F2,16.3255,OK,0
2026-07-08 16:42:29,F2,16.3271,OK,0
2026-07-08 16:42:40,F2,16.3288,OK,0
2026-07-08 16:42:50,F2,16.3305,OK,0
2026-07-08 16:43:00,F2,16.3321,OK,0
2026-07-08 16:43:11,F2,16.3338,OK,0
2026-07-08 16:43:21,F2,16.3355,OK,0
2026-07-08 16:43:31,F2,16.3371,OK,0
2026-07-08 16:43:42,F2,16.3388,OK,0
2026-07-08 16:43:52,F2,16.3404,OK,0
2026-07-08 16:44:03,F2,16.3420,OK,0
2026-07-08 16:44:13,F2,16.3436,OK,0
2026-07-08 16:44:23,F2,16.3451,OK,0
2026-07-08 16:44:34,F2,16.3467,OK,0
2026-07-08 16:44:44,F2,16.3481,OK,0
2026-07-08 16:44:54,F2,16.3496,OK,0
2026-07-08 16:45:05,F2,16.3510,OK,0
2026-07-08 16:45:15,F2,16.3524,OK,0
2026-07-08 16:45:25,F2,16.3537,OK,0
2026-07-08 16:45:36,F2,16.3550,OK,0
2026-07-08 16:45:46,F2,16.3562,OK,0
2026-07-08 16:45:56,F2,16.3574,OK,0
2026-07-08 16:46:07,F2,16.3585,OK,0
2026-07-08 16:46:17,F2,16.3595,OK,0
2026-07-08 16:46:27,F2,16.3605,OK,0
2026-07-08 16:46:38,F2,16.3614,OK,0
2026-07-08 16:46:48,F2,16.3623,OK,1
2026-07-08 16:46:58,F2,16.3630,OK,1
2026-07-08 16:47:09,F2,16.3637,OK,1
2026-07-08 16:47:19,F2,16.3644,OK,1
2026-07-08 16:47:29,F2,16.3649,OK,1
2026-07-08 16:47:40,F2,16.3654,OK,1
2026-07-08 16:47:50,F2,16.3657,OK,0
2026-07-08 16:48:00,F2,16.3660,OK,0
2026-07-08 16:48:11,F2,16.3662,OK,0
2026-07-08 16:48:21,F2,16.3664,OK,0
2026-07-08 16:48:31,F2,16.3664,OK,0
2026-07-08 16:48:42,F2,16.3664,OK,0
2026-07-08 16:48:52,F2,16.3664,OK,0
2026-07-08 16:49:03,F2,16.3663,OK,0
2026-07-08 16:49:13,F2,16.3661,OK,0
2026-07-08 16:49:23,F2,16.3658,OK,0
2026-07-08 16:49:34,F2,16.3656,OK,0
2026-07-08 16:49:44,F2,16.3652,OK,0
2026-07-08 16:49:54,F2,16.3649,OK,0
2026-07-08 16:50:05,F2,16.3645,OK,0
2026-07-08 16:50:15,F2,16.3641,OK,0
2026-07-08 16:50:25,F2,16.3636,OK,0
2026-07-08 16:50:36,F2,16.3631,OK,0
2026-07-08 16:50:46,F2,16.3626,OK,0
2026-07-08 16:50:56,F2,16.3621,OK,0
2026-07-08 16:51:07,F2,16.3615,OK,0
2026-07-08 16:51:17,F2,16.3610,OK,0
2026-07-08 16:51:27,F2,16.3604,OK,0
2026-07-08 16:51:38,F2,16.3598,OK,1
2026-07-08 16:51:48,F2,16.3592,OK,0
2026-07-08 16:51:58,F2,16.3586,OK,0
2026-07-08 16:52:09,F2,16.3580,OK,0
2026-07-08 16:52:19,F2,16.3574,OK,0
2026-07-08 16:52:30,F2,16.3568,OK,0
2026-07-08 16:52:40,F2,16.3562,OK,0
2026-07-08 16:52:50,F2,16.3556,OK,0
2026-07-08 16:53:01,F2,16.3550,OK,0
2026-07-08 16:53:11,F2,16.3544,OK,0
2026-07-08 16:53:21,F2,16.3538,OK,0
2026-07-08 16:53:32,F2,16.3532,OK,0
2026-07-08 16:53:42,F2,16.3526,OK,0
2026-07-08 16:53:52,F2,16.3521,OK,0
2026-07-08 16:54:03,F2,16.3515,OK,0
2026-07-08 16:54:13,F2,16.3510,OK,0
2026-07-08 16:54:23,F2,16.3504,OK,0
2026-07-08 16:54:34,F2,16.3499,OK,0
2026-07-08 16:54:44,F2,16.3494,OK,0
2026-07-08 16:54:54,F2,16.3489,OK,0
2026-07-08 16:55:05,F2,16.3483,OK,0
2026-07-08 16:55:15,F2,16.3478,OK,0
2026-07-08 16:55:25,F2,16.3473,OK,0
2026-07-08 16:55:36,F2,16.3467,OK,0
2026-07-08 16:55:46,F2,16.3461,OK,0
2026-07-08 16:55:56,F2,16.3456,OK,0
2026-07-08 16:56:07,F2,16.3449,OK,0
2026-07-08 16:56:17,F2,16.3443,OK,0
2026-07-08 16:56:27,F2,16.3437,OK,0
2026-07-08 16:56:38,F2,16.3430,OK,0
2026-07-08 16:56:48,F2,16.3422,OK,0
2026-07-08 16:56:58,F2,16.3415,OK,0
2026-07-08 16:57:09,F2,16.3407,OK,0
2026-07-08 16:57:19,F2,16.3398,OK,0
2026-07-08 16:57:29,F2,16.3389,OK,0
2026-07-08 16:57:40,F2,16.3380,OK,0
2026-07-08 16:57:50,F2,16.3370,OK,0
2026-07-08 16:58:00,F2,16.3359,OK,0
2026-07-08 16:58:11,F2,16.3348,OK,0
2026-07-08 16:58:21,F2,16.3336,OK,0
2026-07-08 16:58:31,F2,16.3323,OK,0
2026-07-08 16:58:42,F2,16.3310,OK,0
2026-07-08 16:58:52,F2,16.3296,OK,0
2026-07-08 16:59:03,F2,16.3282,OK,0
2026-07-08 16:59:13,F2,16.3267,OK,0
2026-07-08 16:59:23,F2,16.3251,OK,0
2026-07-08 16:59:34,F2,16.3234,OK,0
2026-07-08 16:59:44,F2,16.3216,OK,0
2026-07-08 16:59:54,F2,16.3198,OK,0
2026-07-08 17:00:05,F2,16.3178,OK,0
2026-07-08 17:00:15,F2,16.3158,OK,0
2026-07-08 17:00:25,F2,16.3137,OK,0
2026-07-08 17:00:36,F2,16.3115,OK,0
2026-07-08 17:00:46,F2,16.3092,OK,0
2026-07-08 17:00:56,F2,16.3068,OK,0
2026-07-08 17:01:07,F2,16.3043,OK,0
2026-07-08 17:01:17,F2,16.3018,OK,0
2026-07-08 17:01:28,F2,16.2991,OK,0
2026-07-08 17:01:38,F2,16.2963,OK,0
2026-07-08 17:01:48,F2,16.2934,OK,1
2026-07-08 17:01:59,F2,16.2904,OK,1
2026-07-08 17:02:09,F2,16.2872,OK,1
2026-07-08 17:02:19,F2,16.2840,OK,1
2026-07-08 17:02:30,F2,16.2807,OK,1
2026-07-08 17:02:40,F2,16.2772,OK,0
2026-07-08 17:02:50,F2,16.2737,OK,0
2026-07-08 17:03:01,F2,16.2700,OK,0
2026-07-08 17:03:11,F2,16.2662,OK,0
2026-07-08 17:03:21,F2,16.2623,OK,0
2026-07-08 17:03:32,F2,16.2584,OK,0
2026-07-08 17:03:42,F2,16.2543,OK,0
2026-07-08 17:03:52,F2,16.2502,OK,0
2026-07-08 17:04:03,F2,16.2460,OK,0
2026-07-08 17:04:13,F2,16.2417,OK,0
2026-07-08 17:04:23,F2,16.2373,OK,0
2026-07-08 17:04:34,F2,16.2329,OK,0
2026-07-08 17:04:44,F2,16.2284,OK,0
2026-07-08 17:04:54,F2,16.2239,OK,0
2026-07-08 17:05:05,F2,16.2193,OK,0
2026-07-08 17:05:15,F2,16.2147,OK,0
2026-07-08 17:05:25,F2,16.2100,OK,0
2026-07-08 17:05:36,F2,16.2052,OK,0
2026-07-08 17:05:46,F2,16.2005,OK,0
2026-07-08 17:05:57,F2,16.1957,OK,0
2026-07-08 17:06:07,F2,16.1908,OK,0
2026-07-08 17:06:17,F2,16.1860,OK,0
2026-07-08 17:06:28,F2,16.1811,OK,0
2026-07-08 17:06:38,F2,16.1762,OK,0
2026-07-08 17:06:48,F2,16.1713,OK,0
2026-07-08 17:06:59,F2,16.1664,OK,0
2026-07-08 17:07:09,F2,16.1615,OK,0
2026-07-08 17:07:19,F2,16.1566,OK,0
2026-07-08 17:07:30,F2,16.1516,OK,0
2026-07-08 17:07:40,F2,16.1467,OK,0
2026-07-08 17:07:50,F2,16.1418,OK,0
2026-07-08 17:08:01,F2,16.1369,OK,1
2026-07-08 17:08:11,F2,16.1320,OK,1
2026-07-08 17:08:21,F2,16.1271,OK,1
2026-07-08 17:08:32,F2,16.1222,OK,1
2026-07-08 17:08:42,F2,16.1173,OK,1
2026-07-08 17:08:52,F2,16.1125,OK,0
2026-07-08 17:09:03,F2,16.1077,OK,0
2026-07-08 17:09:13,F2,16.1029,OK,0
2026-07-08 17:09:24,F2,16.0982,OK,0
2026-07-08 17:09:34,F2,16.0934,OK,0
2026-07-08 17:09:44,F2,16.0887,OK,0
2026-07-08 17:09:55,F2,16.0840,OK,0
2026-07-08 17:10:05,F2,16.0793,OK,0
2026-07-08 17:10:15,F2,16.0746,OK,0
2026-07-08 17:10:26,F2,16.0700,OK,0
2026-07-08 17:10:36,F2,16.0653,OK,0
2026-07-08 17:10:47,F2,16.0606,OK,0
2026-07-08 17:10:57,F2,16.0560,OK,0
2026-07-08 17:11:07,F2,16.0513,OK,0
2026-07-08 17:11:18,F2,16.0466,OK,0
2026-07-08 17:11:28,F2,16.0419,OK,0
2026-07-08 17:11:38,F2,16.0372,OK,0
2026-07-08 17:11:49,F2,16.0324,OK,0
2026-07-08 17:11:59,F2,16.0276,OK,0
2026-07-08 17:12:09,F2,16.0229,OK,0
2026-07-08 17:12:20,F2,16.0180,OK,0
2026-07-08 17:12:30,F2,16.0132,OK,0
2026-07-08 17:12:41,F2,16.0083,OK,0
2026-07-08 17:12:51,F2,16.0033,OK,0
2026-07-08 17:13:01,F2,15.9983,OK,0
2026-07-08 17:13:12,F2,15.9933,OK,0
2026-07-08 17:13:22,F2,15.9882,OK,0
2026-07-08 17:13:32,F2,15.9831,OK,0
2026-07-08 17:13:43,F2,15.9780,OK,0
2026-07-08 17:13:53,F2,15.9727,OK,0
2026-07-08 17:14:03,F2,15.9674,OK,0
2026-07-08 17:14:14,F2,15.9621,OK,0
2026-07-08 17:14:24,F2,15.9567,OK,0
2026-07-08 17:14:34,F2,15.9512,OK,0
2026-07-08 17:14:45,F2,15.9457,OK,0
2026-07-08 17:14:55,F2,15.9401,OK,0
2026-07-08 17:15:05,F2,15.9345,OK,0
2026-07-08 17:15:16,F2,15.9287,OK,1
2026-07-08 17:15:26,F2,15.9229,OK,1
2026-07-08 17:15:36,F2,15.9171,OK,1
2026-07-08 17:15:47,F2,15.9111,OK,1
2026-07-08 17:15:57,F2,15.9051,OK,1
2026-07-08 17:16:07,F2,15.8990,OK,1
2026-07-08 17:16:18,F2,15.8928,OK,0
2026-07-08 17:16:28,F2,15.8865,OK,0
2026-07-08 17:16:38,F2,15.8802,OK,0
2026-07-08 17:16:49,F2,15.8738,OK,0
2026-07-08 17:16:59,F2,15.8673,OK,0
2026-07-08 17:17:09,F2,15.8608,OK,0
2026-07-08 17:17:20,F2,15.8542,OK,0
2026-07-08 17:17:30,F2,15.8476,OK,0
2026-07-08 17:17:40,F2,15.8410,OK,0
2026-07-08 17:17:51,F2,15.8343,OK,1
2026-07-08 17:18:01,F2,15.8276,OK,0
2026-07-08 17:18:12,F2,15.8208,OK,1
2026-07-08 17:18:22,F2,15.8140,OK,1
2026-07-08 17:18:32,F2,15.8072,OK,1
2026-07-08 17:18:43,F2,15.8004,OK,0
2026-07-08 17:18:53,F2,15.7936,OK,0
2026-07-08 17:19:03,F2,15.7868,OK,0
2026-07-08 17:19:14,F2,15.7800,OK,0
2026-07-08 17:19:24,F2,15.7732,OK,0
2026-07-08 17:19:34,F2,15.7664,OK,0
2026-07-08 17:19:45,F2,15.7596,OK,0
2026-07-08 17:19:55,F2,15.7528,OK,0
2026-07-08 17:20:05,F2,15.7460,OK,0
2026-07-08 17:20:16,F2,15.7392,OK,0
2026-07-08 17:20:26,F2,15.7325,OK,1
2026-07-08 17:20:36,F2,15.7258,OK,0
2026-07-08 17:20:47,F2,15.7191,OK,0
2026-07-08 17:20:57,F2,15.7125,OK,0
2026-07-08 17:21:07,F2,15.7058,OK,0
2026-07-08 17:21:18,F2,15.6993,OK,0
2026-07-08 17:21:28,F2,15.6927,OK,0
2026-07-08 17:21:39,F2,15.6862,OK,0
2026-07-08 17:21:49,F2,15.6798,OK,1
2026-07-08 17:21:59,F2,15.6734,OK,1
2026-07-08 17:22:10,F2,15.6671,OK,1
2026-07-08 17:22:20,F2,15.6608,OK,0
2026-07-08 17:22:30,F2,15.6546,OK,0
2026-07-08 17:22:41,F2,15.6484,OK,0
2026-07-08 17:22:51,F2,15.6422,OK,0
2026-07-08 17:23:01,F2,15.6362,OK,0
2026-07-08 17:23:12,F2,15.6301,OK,0
2026-07-08 17:23:22,F2,15.6242,OK,0
2026-07-08 17:23:32,F2,15.6182,OK,0
2026-07-08 17:23:43,F2,15.6123,OK,0
2026-07-08 17:23:53,F2,15.6064,OK,0
2026-07-08 17:24:03,F2,15.6006,OK,0
2026-07-08 17:24:14,F2,15.5948,OK,0
2026-07-08 17:24:24,F2,15.5890,OK,0
2026-07-08 17:24:34,F2,15.5833,OK,0
2026-07-08 17:24:45,F2,15.5775,OK,0
2026-07-08 17:24:55,F2,15.5718,OK,0
2026-07-08 17:25:05,F2,15.5661,OK,0
2026-07-08 17:25:16,F2,15.5604,OK,0
2026-07-08 17:25:26,F2,15.5548,OK,0
2026-07-08 17:25:36,F2,15.5491,OK,0
2026-07-08 17:25:47,F2,15.5434,OK,0
2026-07-08 17:25:57,F2,15.5378,OK,0
2026-07-08 17:26:07,F2,15.5321,OK,0
2026-07-08 17:26:18,F2,15.5265,OK,0
2026-07-08 17:26:28,F2,15.5208,OK,0
2026-07-08 17:26:38,F2,15.5151,OK,0
2026-07-08 17:26:49,F2,15.5095,OK,0
2026-07-08 17:26:59,F2,15.5038,OK,0
2026-07-08 17:27:09,F2,15.4981,OK,0
2026-07-08 17:27:20,F2,15.4924,OK,0
2026-07-08 17:27:30,F2,15.4867,OK,0
2026-07-08 17:27:40,F2,15.4809,OK,0
2026-07-08 17:27:51,F2,15.4752,OK,0
2026-07-08 17:28:01,F2,15.4694,OK,0
2026-07-08 17:28:11,F2,15.4636,OK,0
2026-07-08 17:28:22,F2,15.4578,OK,0
2026-07-08 17:28:32,F2,15.4519,OK,0
2026-07-08 17:28:43,F2,15.4461,OK,0
2026-07-08 17:28:53,F2,15.4401,OK,0
2026-07-08 17:29:03,F2,15.4342,OK,0
2026-07-08 17:29:13,F2,15.4282,OK,1
2026-07-08 17:29:24,F2,15.4222,OK,1
2026-07-08 17:29:34,F2,15.4162,OK,1
2026-07-08 17:29:45,F2,15.4101,OK,1
2026-07-08 17:29:55,F2,15.4039,OK,1
2026-07-08 17:30:05,F2,15.3978,OK,0
2026-07-08 17:30:16,F2,15.3915,OK,0
2026-07-08 17:30:26,F2,15.3853,OK,0
2026-07-08 17:30:36,F2,15.3790,OK,0
2026-07-08 17:30:47,F2,15.3727,OK,0
2026-07-08 17:30:57,F2,15.3664,OK,0
2026-07-08 17:31:07,F2,15.3600,OK,0
2026-07-08 17:31:18,F2,15.3537,OK,0
2026-07-08 17:31:28,F2,15.3473,OK,0
2026-07-08 17:31:38,F2,15.3410,OK,0
2026-07-08 17:31:49,F2,15.3346,OK,0
2026-07-08 17:31:59,F2,15.3283,OK,0
2026-07-08 17:32:09,F2,15.3220,OK,0
2026-07-08 17:32:20,F2,15.3156,OK,0
2026-07-08 17:32:30,F2,15.3093,OK,0
2026-07-08 17:32:40,F2,15.3031,OK,0
2026-07-08 17:32:51,F2,15.2968,OK,0
2026-07-08 17:33:01,F2,15.2906,OK,0
2026-07-08 17:33:11,F2,15.2844,OK,0
2026-07-08 17:33:22,F2,15.2782,OK,0
2026-07-08 17:33:32,F2,15.2721,OK,0
2026-07-08 17:33:42,F2,15.2660,OK,0
2026-07-08 17:33:53,F2,15.2600,OK,0
2026-07-08 17:34:03,F2,15.2540,OK,0
2026-07-08 17:34:14,F2,15.2480,OK,0
2026-07-08 17:34:24,F2,15.2421,OK,0
2026-07-08 17:34:34,F2,15.2363,OK,0
2026-07-08 17:34:45,F2,15.2305,OK,0
2026-07-08 17:34:55,F2,15.2248,OK,0
2026-07-08 17:35:05,F2,15.2191,OK,0
2026-07-08 17:35:16,F2,15.2135,OK,0
2026-07-08 17:35:26,F2,15.2080,OK,0
2026-07-08 17:35:36,F2,15.2025,OK,0
2026-07-08 17:35:47,F2,15.1971,OK,0
2026-07-08 17:35:57,F2,15.1917,OK,0
2026-07-08 17:36:07,F2,15.1864,OK,0
2026-07-08 17:36:18,F2,15.1811,OK,0
2026-07-08 17:36:28,F2,15.1760,OK,0
2026-07-08 17:36:38,F2,15.1708,OK,0
2026-07-08 17:36:49,F2,15.1657,OK,0
2026-07-08 17:36:59,F2,15.1607,OK,0
2026-07-08 17:37:09,F2,15.1557,OK,0
2026-07-08 17:37:20,F2,15.1507,OK,0
2026-07-08 17:37:30,F2,15.1458,OK,0
2026-07-08 17:37:40,F2,15.1409,OK,0
2026-07-08 17:37:51,F2,15.1360,OK,0
2026-07-08 17:38:01,F2,15.1312,OK,0
2026-07-08 17:38:11,F2,15.1264,OK,0
2026-07-08 17:38:22,F2,15.1216,OK,0
2026-07-08 17:38:32,F2,15.1169,OK,0
2026-07-08 17:38:42,F2,15.1122,OK,0
2026-07-08 17:38:53,F2,15.1074,OK,0
2026-07-08 17:39:03,F2,15.1027,OK,0
2026-07-08 17:39:13,F2,15.0980,OK,0
2026-07-08 17:39:24,F2,15.0934,OK,0
2026-07-08 17:39:34,F2,15.0887,OK,0
2026-07-08 17:39:44,F2,15.0840,OK,0
2026-07-08 17:39:55,F2,15.0793,OK,0
2026-07-08 17:40:05,F2,15.0747,OK,0
2026-07-08 17:40:15,F2,15.0700,OK,0
2026-07-08 17:40:26,F2,15.0653,OK,0
2026-07-08 17:40:36,F2,15.0606,OK,0
2026-07-08 17:40:46,F2,15.0560,OK,0
2026-07-08 17:40:57,F2,15.0513,OK,0
2026-07-08 17:41:07,F2,15.0466,OK,0
2026-07-08 17:41:17,F2,15.0419,OK,0
2026-07-08 17:41:28,F2,15.0371,OK,0
2026-07-08 17:41:38,F2,15.0324,OK,0
2026-07-08 17:41:49,F2,15.0277,OK,0
2026-07-08 17:41:59,F2,15.0229,OK,0
2026-07-08 17:42:09,F2,15.0181,OK,0
2026-07-08 17:42:20,F2,15.0133,OK,0
2026-07-08 17:42:30,F2,15.0085,OK,0
2026-07-08 17:42:40,F2,15.0037,OK,1
2026-07-08 17:42:51,F2,14.9988,OK,1
2026-07-08 17:43:01,F2,14.9939,OK,1
2026-07-08 17:43:11,F2,14.9890,OK,1
2026-07-08 17:43:22,F2,14.9841,OK,1
2026-07-08 17:43:32,F2,14.9791,OK,1
2026-07-08 17:43:42,F2,14.9741,OK,0
2026-07-08 17:43:53,F2,14.9691,OK,0
2026-07-08 17:44:03,F2,14.9640,OK,0
2026-07-08 17:44:13,F2,14.9590,OK,0
2026-07-08 17:44:24,F2,14.9539,OK,0
2026-07-08 17:44:34,F2,14.9489,OK,0
2026-07-08 17:44:44,F2,14.9438,OK,0
2026-07-08 17:44:55,F2,14.9387,OK,0
2026-07-08 17:45:05,F2,14.9337,OK,0
2026-07-08 17:45:15,F2,14.9286,OK,0
2026-07-08 17:45:26,F2,14.9236,OK,0
2026-07-08 17:45:36,F2,14.9186,OK,0
2026-07-08 17:45:46,F2,14.9136,OK,0
2026-07-08 17:45:57,F2,14.9086,OK,0
2026-07-08 17:46:07,F2,14.9037,OK,0
2026-07-08 17:46:17,F2,14.8988,OK,0
2026-07-08 17:46:28,F2,14.8940,OK,0
2026-07-08 17:46:38,F2,14.8891,OK,0
2026-07-08 17:46:48,F2,14.8844,OK,0
2026-07-08 17:46:59,F2,14.8797,OK,0
2026-07-08 17:47:09,F2,14.8750,OK,0
2026-07-08 17:47:19,F2,14.8704,OK,0
2026-07-08 17:47:30,F2,14.8658,OK,0
2026-07-08 17:47:40,F2,14.8613,OK,0
2026-07-08 17:47:51,F2,14.8568,OK,0
2026-07-08 17:48:01,F2,14.8525,OK,0
2026-07-08 17:48:11,F2,14.8482,OK,0
2026-07-08 17:48:22,F2,14.8439,OK,0
2026-07-08 17:48:32,F2,14.8397,OK,0
2026-07-08 17:48:42,F2,14.8356,OK,0
2026-07-08 17:48:53,F2,14.8316,OK,0
2026-07-08 17:49:03,F2,14.8277,OK,1
2026-07-08 17:49:13,F2,14.8238,OK,0
2026-07-08 17:49:24,F2,14.8200,OK,0
2026-07-08 17:49:34,F2,14.8163,OK,0
2026-07-08 17:49:44,F2,14.8127,OK,0
2026-07-08 17:49:55,F2,14.8091,OK,0
2026-07-08 17:50:05,F2,14.8056,OK,0
2026-07-08 17:50:15,F2,14.8022,OK,0
2026-07-08 17:50:26,F2,14.7989,OK,0
2026-07-08 17:50:36,F2,14.7956,OK,0
2026-07-08 17:50:46,F2,14.7924,OK,0
2026-07-08 17:50:57,F2,14.7892,OK,0
2026-07-08 17:51:07,F2,14.7861,OK,0
2026-07-08 17:51:17,F2,14.7830,OK,0
2026-07-08 17:51:28,F2,14.7800,OK,0
2026-07-08 17:51:38,F2,14.7771,OK,0
2026-07-08 17:51:48,F2,14.7742,OK,0
2026-07-08 17:51:59,F2,14.7713,OK,0
2026-07-08 17:52:09,F2,14.7684,OK,0
2026-07-08 17:52:19,F2,14.7656,OK,0
2026-07-08 17:52:30,F2,14.7628,OK,1
2026-07-08 17:52:40,F2,14.7600,OK,1
2026-07-08 17:52:50,F2,14.7573,OK,0
2026-07-08 17:53:01,F2,14.7546,OK,0
2026-07-08 17:53:11,F2,14.7519,OK,0
2026-07-08 17:53:22,F2,14.7492,OK,0
2026-07-08 17:53:32,F2,14.7465,OK,0
2026-07-08 17:53:42,F2,14.7438,OK,0
2026-07-08 17:53:53,F2,14.7412,OK,0
2026-07-08 17:54:03,F2,14.7385,OK,0
2026-07-08 17:54:13,F2,14.7358,OK,0
2026-07-08 17:54:24,F2,14.7332,OK,0
2026-07-08 17:54:34,F2,14.7305,OK,0
2026-07-08 17:54:45,F2,14.7279,OK,0
2026-07-08 17:54:55,F2,14.7252,OK,0
2026-07-08 17:55:05,F2,14.7226,OK,0
2026-07-08 17:55:16,F2,14.7199,OK,0
2026-07-08 17:55:26,F2,14.7172,OK,0
2026-07-08 17:55:36,F2,14.7145,OK,0
2026-07-08 17:55:47,F2,14.7118,OK,0
2026-07-08 17:55:57,F2,14.7091,OK,0
2026-07-08 17:56:07,F2,14.7064,OK,0
2026-07-08 17:56:18,F2,14.7036,OK,0
2026-07-08 17:56:28,F2,14.7008,OK,0
2026-07-08 17:56:38,F2,14.6980,OK,1
2026-07-08 17:56:49,F2,14.6952,OK,1
2026-07-08 17:56:59,F2,14.6923,OK,1
2026-07-08 17:57:09,F2,14.6895,OK,1
2026-07-08 17:57:20,F2,14.6865,OK,1
2026-07-08 17:57:30,F2,14.6836,OK,0
2026-07-08 17:57:40,F2,14.6806,OK,0
2026-07-08 17:57:51,F2,14.6777,OK,0
2026-07-08 17:58:01,F2,14.6746,OK,0
2026-07-08 17:58:11,F2,14.6716,OK,0
2026-07-08 17:58:22,F2,14.6686,OK,0
2026-07-08 17:58:32,F2,14.6655,OK,0
2026-07-08 17:58:43,F2,14.6625,OK,0
2026-07-08 17:58:53,F2,14.6594,OK,0
2026-07-08 17:59:03,F2,14.6564,OK,0
2026-07-08 17:59:14,F2,14.6534,OK,0
2026-07-08 17:59:24,F2,14.6504,OK,0
2026-07-08 17:59:34,F2,14.6474,OK,0
2026-07-08 17:59:45,F2,14.6444,OK,0
2026-07-08 17:59:55,F2,14.6414,OK,0
2026-07-08 18:00:05,F2,14.6385,OK,0
2026-07-08 18:00:16,F2,14.6356,OK,0
2026-07-08 18:00:26,F2,14.6327,OK,0
2026-07-08 18:00:36,F2,14.6299,OK,0
2026-07-08 18:00:47,F2,14.6271,OK,0
2026-07-08 18:00:57,F2,14.6244,OK,0
2026-07-08 18:01:07,F2,14.6216,OK,0
2026-07-08 18:01:18,F2,14.6190,OK,0
2026-07-08 18:01:28,F2,14.6164,OK,0
2026-07-08 18:01:38,F2,14.6138,OK,0
2026-07-08 18:01:49,F2,14.6113,OK,0
2026-07-08 18:01:59,F2,14.6089,OK,0
2026-07-08 18:02:10,F2,14.6065,OK,0
2026-07-08 18:02:20,F2,14.6042,OK,0
2026-07-08 18:02:30,F2,14.6020,OK,0
2026-07-08 18:02:41,F2,14.5999,OK,0
2026-07-08 18:02:51,F2,14.5978,OK,0
2026-07-08 18:03:01,F2,14.5958,OK,0
2026-07-08 18:03:12,F2,14.5938,OK,0
2026-07-08 18:03:22,F2,14.5920,OK,0
2026-07-08 18:03:32,F2,14.5902,OK,0
2026-07-08 18:03:43,F2,14.5885,OK,0
2026-07-08 18:03:53,F2,14.5869,OK,0
2026-07-08 18:04:03,F2,14.5854,OK,0
2026-07-08 18:04:14,F2,14.5839,OK,0
2026-07-08 18:04:24,F2,14.5826,OK,0
2026-07-08 18:04:34,F2,14.5812,OK,0
2026-07-08 18:04:45,F2,14.5800,OK,0
2026-07-08 18:04:55,F2,14.5788,OK,0
2026-07-08 18:05:05,F2,14.5777,OK,0
2026-07-08 18:05:16,F2,14.5767,OK,0
2026-07-08 18:05:26,F2,14.5757,OK,0
2026-07-08 18:05:36,F2,14.5748,OK,0
2026-07-08 18:05:47,F2,14.5739,OK,0
2026-07-08 18:05:57,F2,14.5731,OK,0
2026-07-08 18:06:08,F2,14.5724,OK,0
2026-07-08 18:06:18,F2,14.5716,OK,0
2026-07-08 18:06:28,F2,14.5710,OK,0
2026-07-08 18:06:39,F2,14.5703,OK,0
2026-07-08 18:06:49,F2,14.5697,OK,0
2026-07-08 18:06:59,F2,14.5692,OK,0
2026-07-08 18:07:10,F2,14.5686,OK,0
2026-07-08 18:07:20,F2,14.5681,OK,0
2026-07-08 18:07:30,F2,14.5676,OK,0
2026-07-08 18:07:41,F2,14.5672,OK,0
2026-07-08 18:07:51,F2,14.5667,OK,0
2026-07-08 18:08:01,F2,14.5663,OK,0
2026-07-08 18:08:12,F2,14.5659,OK,0
2026-07-08 18:08:22,F2,14.5655,OK,1
2026-07-08 18:08:32,F2,14.5651,OK,1
2026-07-08 18:08:43,F2,14.5647,OK,1
2026-07-08 18:08:53,F2,14.5644,OK,0
2026-07-08 18:09:03,F2,14.5640,OK,0
2026-07-08 18:09:14,F2,14.5636,OK,0
2026-07-08 18:09:24,F2,14.5632,OK,0
2026-07-08 18:09:34,F2,14.5628,OK,0
2026-07-08 18:09:45,F2,14.5624,OK,0
2026-07-08 18:09:55,F2,14.5620,OK,0
2026-07-08 18:10:06,F2,14.5616,OK,0
2026-07-08 18:10:16,F2,14.5611,OK,0
2026-07-08 18:10:26,F2,14.5607,OK,0
2026-07-08 18:10:37,F2,14.5602,OK,0
2026-07-08 18:10:47,F2,14.5596,OK,0
2026-07-08 18:10:57,F2,14.5591,OK,0
2026-07-08 18:11:08,F2,14.5585,OK,0
2026-07-08 18:11:18,F2,14.5579,OK,0
2026-07-08 18:11:28,F2,14.5572,OK,0
2026-07-08 18:11:39,F2,14.5566,OK,1
2026-07-08 18:11:49,F2,14.5558,OK,1
2026-07-08 18:12:00,F2,14.5551,OK,1
2026-07-08 18:12:10,F2,14.5543,OK,1
2026-07-08 18:12:20,F2,14.5535,OK,0
2026-07-08 18:12:31,F2,14.5526,OK,0
2026-07-08 18:12:41,F2,14.5517,OK,0
2026-07-08 18:12:51,F2,14.5507,OK,0
2026-07-08 18:13:02,F2,14.5497,OK,0
2026-07-08 18:13:12,F2,14.5487,OK,0
2026-07-08 18:13:22,F2,14.5477,OK,0
2026-07-08 18:13:33,F2,14.5467,OK,0
2026-07-08 18:13:43,F2,14.5456,OK,0
2026-07-08 18:13:53,F2,14.5446,OK,0
2026-07-08 18:14:04,F2,14.5435,OK,0
2026-07-08 18:14:14,F2,14.5425,OK,0
2026-07-08 18:14:24,F2,14.5414,OK,0
2026-07-08 18:14:35,F2,14.5404,OK,0
2026-07-08 18:14:45,F2,14.5393,OK,0
2026-07-08 18:14:55,F2,14.5383,OK,1
2026-07-08 18:15:06,F2,14.5373,OK,1
2026-07-08 18:15:16,F2,14.5363,OK,1
2026-07-08 18:15:26,F2,14.5353,OK,0
2026-07-08 18:15:37,F2,14.5344,OK,0
2026-07-08 18:15:47,F2,14.5335,OK,0
2026-07-08 18:15:58,F2,14.5326,OK,0
2026-07-08 18:16:08,F2,14.5318,OK,0
2026-07-08 18:16:18,F2,14.5309,OK,0
2026-07-08 18:16:29,F2,14.5301,OK,0
2026-07-08 18:16:39,F2,14.5294,OK,0
2026-07-08 18:16:49,F2,14.5287,OK,0
2026-07-08 18:17:00,F2,14.5280,OK,1
2026-07-08 18:17:10,F2,14.5274,OK,1
2026-07-08 18:17:20,F2,14.5268,OK,0
2026-07-08 18:17:31,F2,14.5262,OK,0
2026-07-08 18:17:41,F2,14.5257,OK,0
2026-07-08 18:17:51,F2,14.5253,OK,0
2026-07-08 18:18:02,F2,14.5249,OK,0
2026-07-08 18:18:12,F2,14.5245,OK,0
2026-07-08 18:18:23,F2,14.5243,OK,0
2026-07-08 18:18:33,F2,14.5240,OK,0
2026-07-08 18:18:43,F2,14.5239,OK,0
2026-07-08 18:18:53,F2,14.5237,OK,0
2026-07-08 18:19:04,F2,14.5237,OK,0
2026-07-08 18:19:14,F2,14.5237,OK,0
2026-07-08 18:19:25,F2,14.5237,OK,0
2026-07-08 18:19:35,F2,14.5238,OK,0
2026-07-08 18:19:45,F2,14.5240,OK,0
2026-07-08 18:19:56,F2,14.5242,OK,0
2026-07-08 18:20:06,F2,14.5245,OK,0
2026-07-08 18:20:16,F2,14.5248,OK,0
2026-07-08 18:20:27,F2,14.5251,OK,0
2026-07-08 18:20:37,F2,14.5255,OK,0
2026-07-08 18:20:47,F2,14.5259,OK,0
2026-07-08 18:20:58,F2,14.5263,OK,0
2026-07-08 18:21:08,F2,14.5268,OK,0
2026-07-08 18:21:19,F2,14.5273,OK,0
2026-07-08 18:21:29,F2,14.5278,OK,0
2026-07-08 18:21:39,F2,14.5284,OK,0
2026-07-08 18:21:50,F2,14.5289,OK,0
2026-07-08 18:22:00,F2,14.5295,OK,0
2026-07-08 18:22:10,F2,14.5300,OK,0
2026-07-08 18:22:21,F2,14.5306,OK,0
2026-07-08 18:22:31,F2,14.5312,OK,0
2026-07-08 18:22:41,F2,14.5318,OK,0
2026-07-08 18:22:52,F2,14.5323,OK,0
2026-07-08 18:23:02,F2,14.5329,OK,0
2026-07-08 18:23:12,F2,14.5335,OK,0
2026-07-08 18:23:23,F2,14.5340,OK,0
2026-07-08 18:23:33,F2,14.5346,OK,0
2026-07-08 18:23:43,F2,14.5351,OK,0
2026-07-08 18:23:54,F2,14.5356,OK,0
2026-07-08 18:24:04,F2,14.5361,OK,0
2026-07-08 18:24:15,F2,14.5365,OK,0
2026-07-08 18:24:25,F2,14.5369,OK,0
2026-07-08 18:24:35,F2,14.5373,OK,0
2026-07-08 18:24:46,F2,14.5377,OK,0
2026-07-08 18:24:56,F2,14.5381,OK,0
2026-07-08 18:25:06,F2,14.5383,OK,0
2026-07-08 18:25:17,F2,14.5386,OK,0
2026-07-08 18:25:27,F2,14.5388,OK,0
2026-07-08 18:25:37,F2,14.5390,OK,0
2026-07-08 18:25:48,F2,14.5391,OK,0
2026-07-08 18:25:58,F2,14.5392,OK,0
2026-07-08 18:26:08,F2,14.5392,OK,0
2026-07-08 18:26:19,F2,14.5392,OK,1
2026-07-08 18:26:29,F2,14.5391,OK,1
2026-07-08 18:26:39,F2,14.5390,OK,1
2026-07-08 18:26:49,F2,14.5388,OK,1
2026-07-08 18:27:00,F2,14.5385,OK,0
2026-07-08 18:27:10,F2,14.5382,OK,0
2026-07-08 18:27:21,F2,14.5378,OK,0
2026-07-08 18:27:31,F2,14.5374,OK,0
2026-07-08 18:27:41,F2,14.5369,OK,0
2026-07-08 18:27:52,F2,14.5364,OK,0
2026-07-08 18:28:02,F2,14.5358,OK,0
2026-07-08 18:28:12,F2,14.5352,OK,0
2026-07-08 18:28:23,F2,14.5346,OK,0
2026-07-08 18:28:33,F2,14.5340,OK,0
2026-07-08 18:28:43,F2,14.5333,OK,0
2026-07-08 18:28:54,F2,14.5326,OK,0
2026-07-08 18:29:04,F2,14.5319,OK,0
2026-07-08 18:29:15,F2,14.5312,OK,0
2026-07-08 18:29:25,F2,14.5304,OK,0
2026-07-08 18:29:35,F2,14.5297,OK,0
2026-07-08 18:29:46,F2,14.5290,OK,0
2026-07-08 18:29:56,F2,14.5283,OK,0
2026-07-08 18:30:06,F2,14.5276,OK,0
2026-07-08 18:30:17,F2,14.5269,OK,0
2026-07-08 18:30:27,F2,14.5263,OK,0
2026-07-08 18:30:37,F2,14.5256,OK,0
2026-07-08 18:30:48,F2,14.5250,OK,0
2026-07-08 18:30:58,F2,14.5244,OK,0
2026-07-08 18:31:09,F2,14.5239,OK,0
2026-07-08 18:31:19,F2,14.5234,OK,0
2026-07-08 18:31:29,F2,14.5229,OK,0
2026-07-08 18:31:40,F2,14.5224,OK,0
2026-07-08 18:31:50,F2,14.5220,OK,0
2026-07-08 18:32:00,F2,14.5217,OK,0
2026-07-08 18:32:11,F2,14.5214,OK,0
2026-07-08 18:32:21,F2,14.5211,OK,0
2026-07-08 18:32:31,F2,14.5209,OK,0
2026-07-08 18:32:42,F2,14.5207,OK,0
2026-07-08 18:32:52,F2,14.5206,OK,0
2026-07-08 18:33:02,F2,14.5205,OK,0
2026-07-08 18:33:13,F2,14.5205,OK,0
2026-07-08 18:33:23,F2,14.5205,OK,0
2026-07-08 18:33:33,F2,14.5206,OK,0
2026-07-08 18:33:44,F2,14.5208,OK,0
2026-07-08 18:33:54,F2,14.5210,OK,0
2026-07-08 18:34:05,F2,14.5212,OK,0
2026-07-08 18:34:15,F2,14.5216,OK,0
2026-07-08 18:34:25,F2,14.5219,OK,0
2026-07-08 18:34:36,F2,14.5223,OK,0
2026-07-08 18:34:46,F2,14.5228,OK,0
2026-07-08 18:34:56,F2,14.5233,OK,0
2026-07-08 18:35:07,F2,14.5238,OK,0
2026-07-08 18:35:17,F2,14.5244,OK,0
2026-07-08 18:35:27,F2,14.5250,OK,0
2026-07-08 18:35:38,F2,14.5257,OK,0
2026-07-08 18:35:48,F2,14.5264,OK,0
2026-07-08 18:35:58,F2,14.5271,OK,0
2026-07-08 18:36:09,F2,14.5278,OK,0
2026-07-08 18:36:19,F2,14.5285,OK,0
2026-07-08 18:36:29,F2,14.5293,OK,0
2026-07-08 18:36:40,F2,14.5300,OK,0
2026-07-08 18:36:50,F2,14.5308,OK,0
2026-07-08 18:37:00,F2,14.5316,OK,0
2026-07-08 18:37:11,F2,14.5324,OK,0
2026-07-08 18:37:21,F2,14.5332,OK,0
2026-07-08 18:37:32,F2,14.5339,OK,0
2026-07-08 18:37:42,F2,14.5347,OK,0
2026-07-08 18:37:52,F2,14.5355,OK,0
2026-07-08 18:38:03,F2,14.5362,OK,0
2026-07-08 18:38:13,F2,14.5369,OK,0
2026-07-08 18:38:24,F2,14.5376,OK,0
2026-07-08 18:38:34,F2,14.5383,OK,0
2026-07-08 18:38:44,F2,14.5390,OK,0
2026-07-08 18:38:55,F2,14.5396,OK,0
2026-07-08 18:39:05,F2,14.5402,OK,0
2026-07-08 18:39:16,F2,14.5408,OK,0
2026-07-08 18:39:26,F2,14.5414,OK,0
2026-07-08 18:39:36,F2,14.5419,OK,0
2026-07-08 18:39:47,F2,14.5423,OK,0
2026-07-08 18:39:57,F2,14.5428,OK,0
2026-07-08 18:40:07,F2,14.5431,OK,0
2026-07-08 18:40:18,F2,14.5435,OK,0
2026-07-08 18:40:28,F2,14.5438,OK,0
2026-07-08 18:40:38,F2,14.5440,OK,0
2026-07-08 18:40:49,F2,14.5442,OK,0
2026-07-08 18:40:59,F2,14.5443,OK,0
2026-07-08 18:41:09,F2,14.5444,OK,0
2026-07-08 18:41:20,F2,14.5444,OK,0
2026-07-08 18:41:30,F2,14.5444,OK,1
2026-07-08 18:41:41,F2,14.5443,OK,1
2026-07-08 18:41:51,F2,14.5441,OK,1
2026-07-08 18:42:01,F2,14.5439,OK,1
2026-07-08 18:42:12,F2,14.5436,OK,1
2026-07-08 18:42:22,F2,14.5433,OK,1
2026-07-08 18:42:32,F2,14.5429,OK,0
2026-07-08 18:42:43,F2,14.5424,OK,0
2026-07-08 18:42:53,F2,14.5419,OK,0
2026-07-08 18:43:03,F2,14.5413,OK,0
2026-07-08 18:43:14,F2,14.5406,OK,0
2026-07-08 18:43:24,F2,14.5399,OK,0
2026-07-08 18:43:34,F2,14.5392,OK,0
2026-07-08 18:43:45,F2,14.5384,OK,0
2026-07-08 18:43:55,F2,14.5375,OK,0
2026-07-08 18:44:05,F2,14.5367,OK,0
2026-07-08 18:44:16,F2,14.5358,OK,0
2026-07-08 18:44:26,F2,14.5349,OK,0
2026-07-08 18:44:36,F2,14.5339,OK,0
2026-07-08 18:44:47,F2,14.5330,OK,0
2026-07-08 18:44:57,F2,14.5320,OK,0
2026-07-08 18:45:08,F2,14.5310,OK,0
2026-07-08 18:45:18,F2,14.5300,OK,0
2026-07-08 18:45:28,F2,14.5291,OK,0
2026-07-08 18:45:39,F2,14.5281,OK,0
2026-07-08 18:45:49,F2,14.5271,OK,0
2026-07-08 18:45:59,F2,14.5262,OK,0
2026-07-08 18:46:10,F2,14.5252,OK,0
2026-07-08 18:46:20,F2,14.5243,OK,0
2026-07-08 18:46:30,F2,14.5234,OK,0
2026-07-08 18:46:41,F2,14.5225,OK,0
2026-07-08 18:46:51,F2,14.5217,OK,0
2026-07-08 18:47:01,F2,14.5209,OK,0
2026-07-08 18:47:12,F2,14.5201,OK,0
2026-07-08 18:47:22,F2,14.5193,OK,0
2026-07-08 18:47:33,F2,14.5186,OK,0
2026-07-08 18:47:43,F2,14.5179,OK,0
2026-07-08 18:47:53,F2,14.5173,OK,0
2026-07-08 18:48:04,F2,14.5167,OK,0
2026-07-08 18:48:14,F2,14.5161,OK,0
2026-07-08 18:48:24,F2,14.5156,OK,0
2026-07-08 18:48:35,F2,14.5151,OK,0
2026-07-08 18:48:45,F2,14.5147,OK,1
2026-07-08 18:48:55,F2,14.5144,OK,1
2026-07-08 18:49:06,F2,14.5141,OK,1
2026-07-08 18:49:16,F2,14.5139,OK,1
2026-07-08 18:49:27,F2,14.5137,OK,1
2026-07-08 18:49:37,F2,14.5136,OK,0
2026-07-08 18:49:47,F2,14.5135,OK,0
2026-07-08 18:49:58,F2,14.5135,OK,0
2026-07-08 18:50:08,F2,14.5136,OK,0
2026-07-08 18:50:18,F2,14.5137,OK,0
2026-07-08 18:50:29,F2,14.5139,OK,0
2026-07-08 18:50:39,F2,14.5142,OK,0
2026-07-08 18:50:49,F2,14.5144,OK,0
2026-07-08 18:51:00,F2,14.5147,OK,0
2026-07-08 18:51:10,F2,14.5151,OK,0
2026-07-08 18:51:20,F2,14.5155,OK,0
2026-07-08 18:51:31,F2,14.5159,OK,0
2026-07-08 18:51:41,F2,14.5164,OK,0
2026-07-08 18:51:51,F2,14.5169,OK,0
2026-07-08 18:52:02,F2,14.5174,OK,0
2026-07-08 18:52:12,F2,14.5180,OK,0
2026-07-08 18:52:22,F2,14.5185,OK,0
2026-07-08 18:52:33,F2,14.5191,OK,0
2026-07-08 18:52:43,F2,14.5197,OK,1
2026-07-08 18:52:53,F2,14.5203,OK,0
2026-07-08 18:53:04,F2,14.5209,OK,0
2026-07-08 18:53:14,F2,14.5216,OK,0
2026-07-08 18:53:24,F2,14.5222,OK,0
2026-07-08 18:53:35,F2,14.5228,OK,0
2026-07-08 18:53:45,F2,14.5235,OK,0
2026-07-08 18:53:55,F2,14.5241,OK,0
2026-07-08 18:54:06,F2,14.5247,OK,0
2026-07-08 18:54:16,F2,14.5253,OK,0
2026-07-08 18:54:27,F2,14.5260,OK,0
2026-07-08 18:54:37,F2,14.5266,OK,0
2026-07-08 18:54:47,F2,14.5271,OK,0
2026-07-08 18:54:58,F2,14.5277,OK,0
2026-07-08 18:55:08,F2,14.5283,OK,0
2026-07-08 18:55:18,F2,14.5288,OK,0
2026-07-08 18:55:29,F2,14.5293,OK,0
2026-07-08 18:55:39,F2,14.5298,OK,0
2026-07-08 18:55:49,F2,14.5302,OK,0
2026-07-08 18:56:00,F2,14.5307,OK,0
2026-07-08 18:56:10,F2,14.5310,OK,0
2026-07-08 18:56:20,F2,14.5314,OK,0
2026-07-08 18:56:31,F2,14.5317,OK,0
2026-07-08 18:56:41,F2,14.5320,OK,1
2026-07-08 18:56:51,F2,14.5322,OK,1
2026-07-08 18:57:02,F2,14.5324,OK,1
2026-07-08 18:57:12,F2,14.5326,OK,1
2026-07-08 18:57:22,F2,14.5327,OK,1
2026-07-08 18:57:33,F2,14.5327,OK,0
2026-07-08 18:57:43,F2,14.5327,OK,0
2026-07-08 18:57:54,F2,14.5327,OK,0
2026-07-08 18:58:04,F2,14.5326,OK,0
2026-07-08 18:58:14,F2,14.5325,OK,0
2026-07-08 18:58:25,F2,14.5323,OK,0
2026-07-08 18:58:35,F2,14.5322,OK,0
2026-07-08 18:58:45,F2,14.5319,OK,0
2026-07-08 18:58:56,F2,14.5317,OK,0
2026-07-08 18:59:06,F2,14.5314,OK,0
2026-07-08 18:59:17,F2,14.5312,OK,0
2026-07-08 18:59:27,F2,14.5309,OK,0
2026-07-08 18:59:37,F2,14.5306,OK,0
2026-07-08 18:59:48,F2,14.5303,OK,0
2026-07-08 18:59:58,F2,14.5300,OK,0
2026-07-08 19:00:08,F2,14.5297,OK,0
2026-07-08 19:00:19,F2,14.5294,OK,0
2026-07-08 19:00:29,F2,14.5291,OK,0
2026-07-08 19:00:39,F2,14.5288,OK,0
2026-07-08 19:00:50,F2,14.5285,OK,0
2026-07-08 19:01:00,F2,14.5282,OK,0
2026-07-08 19:01:11,F2,14.5280,OK,0
2026-07-08 19:01:21,F2,14.5278,OK,0
2026-07-08 19:01:31,F2,14.5276,OK,0
2026-07-08 19:01:42,F2,14.5274,OK,0
2026-07-08 19:01:52,F2,14.5272,OK,0
2026-07-08 19:02:02,F2,14.5271,OK,0
2026-07-08 19:02:13,F2,14.5270,OK,0
2026-07-08 19:02:23,F2,14.5270,OK,0
2026-07-08 19:02:33,F2,14.5269,OK,0
2026-07-08 19:02:44,F2,14.5269,OK,0
2026-07-08 19:02:54,F2,14.5270,OK,0
2026-07-08 19:03:04,F2,14.5271,OK,0
2026-07-08 19:03:15,F2,14.5272,OK,0
2026-07-08 19:03:25,F2,14.5274,OK,0
2026-07-08 19:03:35,F2,14.5277,OK,0
2026-07-08 19:03:46,F2,14.5280,OK,0
2026-07-08 19:03:56,F2,14.5283,OK,1
2026-07-08 19:04:06,F2,14.5287,OK,1
2026-07-08 19:04:17,F2,14.5292,OK,1
2026-07-08 19:04:27,F2,14.5297,OK,1
2026-07-08 19:04:37,F2,14.5302,OK,1
2026-07-08 19:04:48,F2,14.5309,OK,0
2026-07-08 19:04:58,F2,14.5316,OK,0
2026-07-08 19:05:09,F2,14.5323,OK,0
2026-07-08 19:05:19,F2,14.5331,OK,0
2026-07-08 19:05:29,F2,14.5340,OK,0
2026-07-08 19:05:40,F2,14.5349,OK,0
2026-07-08 19:05:50,F2,14.5359,OK,0
2026-07-08 19:06:00,F2,14.5369,OK,0
2026-07-08 19:06:11,F2,14.5379,OK,0
2026-07-08 19:06:21,F2,14.5390,OK,0
2026-07-08 19:06:31,F2,14.5401,OK,0
2026-07-08 19:06:42,F2,14.5412,OK,0
2026-07-08 19:06:52,F2,14.5423,OK,0
2026-07-08 19:07:02,F2,14.5435,OK,0
2026-07-08 19:07:13,F2,14.5446,OK,0
2026-07-08 19:07:23,F2,14.5458,OK,0
2026-07-08 19:07:33,F2,14.5469,OK,0
2026-07-08 19:07:44,F2,14.5481,OK,0
2026-07-08 19:07:54,F2,14.5493,OK,0
2026-07-08 19:08:05,F2,14.5504,OK,0
2026-07-08 19:08:15,F2,14.5516,OK,0
2026-07-08 19:08:25,F2,14.5527,OK,0
2026-07-08 19:08:36,F2,14.5539,OK,0
2026-07-08 19:08:46,F2,14.5550,OK,0
2026-07-08 19:08:56,F2,14.5560,OK,0
2026-07-08 19:09:07,F2,14.5571,OK,0
2026-07-08 19:09:17,F2,14.5581,OK,0
2026-07-08 19:09:27,F2,14.5591,OK,0
2026-07-08 19:09:38,F2,14.5601,OK,0
2026-07-08 19:09:48,F2,14.5610,OK,0
2026-07-08 19:09:58,F2,14.5619,OK,0
2026-07-08 19:10:09,F2,14.5627,OK,0
2026-07-08 19:10:19,F2,14.5635,OK,0
2026-07-08 19:10:29,F2,14.5642,OK,0
2026-07-08 19:10:40,F2,14.5649,OK,0
2026-07-08 19:10:50,F2,14.5656,OK,0
2026-07-08 19:11:00,F2,14.5661,OK,0
2026-07-08 19:11:11,F2,14.5667,OK,0
2026-07-08 19:11:21,F2,14.5671,OK,0
2026-07-08 19:11:32,F2,14.5675,OK,0
2026-07-08 19:11:42,F2,14.5678,OK,1
2026-07-08 19:11:52,F2,14.5681,OK,1
2026-07-08 19:12:03,F2,14.5683,OK,1
2026-07-08 19:12:13,F2,14.5684,OK,1
2026-07-08 19:12:23,F2,14.5685,OK,1
2026-07-08 19:12:34,F2,14.5684,OK,0
2026-07-08 19:12:44,F2,14.5683,OK,0
2026-07-08 19:12:54,F2,14.5681,OK,0
2026-07-08 19:13:05,F2,14.5679,OK,0
2026-07-08 19:13:15,F2,14.5676,OK,0
2026-07-08 19:13:26,F2,14.5672,OK,0
2026-07-08 19:13:36,F2,14.5668,OK,0
2026-07-08 19:13:46,F2,14.5663,OK,0
2026-07-08 19:13:57,F2,14.5658,OK,0
2026-07-08 19:14:07,F2,14.5653,OK,0
2026-07-08 19:14:17,F2,14.5647,OK,0
2026-07-08 19:14:28,F2,14.5640,OK,0
2026-07-08 19:14:38,F2,14.5634,OK,0
2026-07-08 19:14:48,F2,14.5627,OK,0
2026-07-08 19:14:59,F2,14.5619,OK,0
2026-07-08 19:15:09,F2,14.5612,OK,0
2026-07-08 19:15:19,F2,14.5604,OK,0
2026-07-08 19:15:30,F2,14.5597,OK,0
2026-07-08 19:15:40,F2,14.5589,OK,0
2026-07-08 19:15:50,F2,14.5581,OK,0
2026-07-08 19:16:01,F2,14.5573,OK,0
2026-07-08 19:16:11,F2,14.5565,OK,0
2026-07-08 19:16:22,F2,14.5557,OK,0
2026-07-08 19:16:32,F2,14.5549,OK,0
2026-07-08 19:16:42,F2,14.5541,OK,0
2026-07-08 19:16:53,F2,14.5533,OK,0
2026-07-08 19:17:03,F2,14.5525,OK,0
2026-07-08 19:17:13,F2,14.5517,OK,0
2026-07-08 19:17:24,F2,14.5510,OK,0
2026-07-08 19:17:34,F2,14.5502,OK,0
2026-07-08 19:17:44,F2,14.5495,OK,0
2026-07-08 19:17:55,F2,14.5488,OK,0
2026-07-08 19:18:05,F2,14.5482,OK,0
2026-07-08 19:18:15,F2,14.5475,OK,0
2026-07-08 19:18:26,F2,14.5469,OK,0
2026-07-08 19:18:36,F2,14.5464,OK,1
2026-07-08 19:18:46,F2,14.5458,OK,1
2026-07-08 19:18:57,F2,14.5454,OK,1
2026-07-08 19:19:07,F2,14.5449,OK,1
2026-07-08 19:19:17,F2,14.5445,OK,0
2026-07-08 19:19:28,F2,14.5442,OK,0
2026-07-08 19:19:38,F2,14.5438,OK,0
2026-07-08 19:19:49,F2,14.5436,OK,0
2026-07-08 19:19:59,F2,14.5433,OK,0
2026-07-08 19:20:09,F2,14.5431,OK,0
2026-07-08 19:20:20,F2,14.5430,OK,0
2026-07-08 19:20:30,F2,14.5428,OK,0
2026-07-08 19:20:40,F2,14.5427,OK,0
2026-07-08 19:20:51,F2,14.5426,OK,0
2026-07-08 19:21:01,F2,14.5425,OK,0
2026-07-08 19:21:11,F2,14.5425,OK,0
2026-07-08 19:21:22,F2,14.5424,OK,0
2026-07-08 19:21:32,F2,14.5424,OK,0
2026-07-08 19:21:42,F2,14.5423,OK,0
2026-07-08 19:21:53,F2,14.5423,OK,0
2026-07-08 19:22:03,F2,14.5423,OK,0
2026-07-08 19:22:13,F2,14.5422,OK,0
2026-07-08 19:22:24,F2,14.5422,OK,0
2026-07-08 19:22:34,F2,14.5421,OK,0
2026-07-08 19:22:44,F2,14.5420,OK,0
2026-07-08 19:22:55,F2,14.5419,OK,0
2026-07-08 19:23:05,F2,14.5418,OK,0
2026-07-08 19:23:15,F2,14.5416,OK,0
2026-07-08 19:23:26,F2,14.5415,OK,0
2026-07-08 19:23:36,F2,14.5413,OK,0
2026-07-08 19:23:47,F2,14.5410,OK,0
2026-07-08 19:23:57,F2,14.5407,OK,0
2026-07-08 19:24:07,F2,14.5404,OK,0
2026-07-08 19:24:18,F2,14.5401,OK,0
2026-07-08 19:24:28,F2,14.5397,OK,0
2026-07-08 19:24:38,F2,14.5393,OK,0
2026-07-08 19:24:49,F2,14.5388,OK,0
2026-07-08 19:24:59,F2,14.5382,OK,0
2026-07-08 19:25:09,F2,14.5376,OK,0
2026-07-08 19:25:20,F2,14.5370,OK,0
2026-07-08 19:25:30,F2,14.5363,OK,0
2026-07-08 19:25:41,F2,14.5356,OK,0
2026-07-08 19:25:51,F2,14.5347,OK,0
2026-07-08 19:26:01,F2,14.5339,OK,0
2026-07-08 19:26:12,F2,14.5329,OK,1
2026-07-08 19:26:22,F2,14.5319,OK,1
2026-07-08 19:26:32,F2,14.5309,OK,1
2026-07-08 19:26:43,F2,14.5297,OK,1
2026-07-08 19:26:53,F2,14.5285,OK,1
2026-07-08 19:27:03,F2,14.5272,OK,1
2026-07-08 19:27:14,F2,14.5259,OK,0
2026-07-08 19:27:24,F2,14.5245,OK,0
2026-07-08 19:27:34,F2,14.5230,OK,0
2026-07-08 19:27:45,F2,14.5214,OK,0
2026-07-08 19:27:55,F2,14.5198,OK,0
2026-07-08 19:28:05,F2,14.5181,OK,0
2026-07-08 19:28:16,F2,14.5164,OK,0
2026-07-08 19:28:26,F2,14.5147,OK,0
2026-07-08 19:28:36,F2,14.5129,OK,0
2026-07-08 19:28:47,F2,14.5110,OK,0
2026-07-08 19:28:57,F2,14.5091,OK,0
2026-07-08 19:29:07,F2,14.5072,OK,0
2026-07-08 19:29:18,F2,14.5053,OK,0
2026-07-08 19:29:28,F2,14.5034,OK,0
2026-07-08 19:29:39,F2,14.5014,OK,0
2026-07-08 19:29:49,F2,14.4994,OK,0
2026-07-08 19:29:59,F2,14.4974,OK,0
2026-07-08 19:30:10,F2,14.4955,OK,0
2026-07-08 19:30:20,F2,14.4935,OK,0
2026-07-08 19:30:31,F2,14.4915,OK,1
2026-07-08 19:30:41,F2,14.4896,OK,1
2026-07-08 19:30:51,F2,14.4876,OK,1
2026-07-08 19:31:02,F2,14.4857,OK,0
2026-07-08 19:31:12,F2,14.4838,OK,0
2026-07-08 19:31:22,F2,14.4819,OK,0
2026-07-08 19:31:33,F2,14.4800,OK,0
2026-07-08 19:31:43,F2,14.4782,OK,0
2026-07-08 19:31:53,F2,14.4764,OK,0
2026-07-08 19:32:04,F2,14.4746,OK,0
2026-07-08 19:32:14,F2,14.4729,OK,0
2026-07-08 19:32:24,F2,14.4711,OK,0
2026-07-08 19:32:35,F2,14.4695,OK,0
2026-07-08 19:32:45,F2,14.4678,OK,0
2026-07-08 19:32:55,F2,14.4662,OK,0
2026-07-08 19:33:06,F2,14.4647,OK,0
2026-07-08 19:33:16,F2,14.4632,OK,0
2026-07-08 19:33:26,F2,14.4617,OK,0
2026-07-08 19:33:37,F2,14.4603,OK,0
2026-07-08 19:33:47,F2,14.4589,OK,0
2026-07-08 19:33:57,F2,14.4576,OK,0
2026-07-08 19:34:08,F2,14.4563,OK,0
2026-07-08 19:34:18,F2,14.4551,OK,0
2026-07-08 19:34:29,F2,14.4539,OK,0
2026-07-08 19:34:39,F2,14.4528,OK,0
2026-07-08 19:34:49,F2,14.4517,OK,0
2026-07-08 19:35:00,F2,14.4507,OK,0
2026-07-08 19:35:10,F2,14.4497,OK,0
2026-07-08 19:35:20,F2,14.4487,OK,0
2026-07-08 19:35:31,F2,14.4477,OK,0
2026-07-08 19:35:41,F2,14.4468,OK,0
2026-07-08 19:35:51,F2,14.4459,OK,0
2026-07-08 19:36:02,F2,14.4451,OK,0
2026-07-08 19:36:12,F2,14.4442,OK,0
2026-07-08 19:36:22,F2,14.4434,OK,0
2026-07-08 19:36:33,F2,14.4426,OK,0
2026-07-08 19:36:43,F2,14.4418,OK,0
2026-07-08 19:36:53,F2,14.4410,OK,0
2026-07-08 19:37:04,F2,14.4402,OK,0
2026-07-08 19:37:14,F2,14.4394,OK,0
2026-07-08 19:37:24,F2,14.4387,OK,0
2026-07-08 19:37:35,F2,14.4379,OK,0
2026-07-08 19:37:45,F2,14.4371,OK,0
2026-07-08 19:37:55,F2,14.4363,OK,0
2026-07-08 19:38:06,F2,14.4355,OK,0
2026-07-08 19:38:16,F2,14.4347,OK,0
2026-07-08 19:38:26,F2,14.4339,OK,0
2026-07-08 19:38:37,F2,14.4330,OK,0
2026-07-08 19:38:47,F2,14.4322,OK,0
2026-07-08 19:38:58,F2,14.4313,OK,0
2026-07-08 19:39:08,F2,14.4304,OK,0
2026-07-08 19:39:18,F2,14.4295,OK,1
2026-07-08 19:39:29,F2,14.4285,OK,0
2026-07-08 19:39:39,F2,14.4275,OK,0
2026-07-08 19:39:49,F2,14.4265,OK,0
2026-07-08 19:40:00,F2,14.4254,OK,0
2026-07-08 19:40:10,F2,14.4243,OK,0
2026-07-08 19:40:20,F2,14.4232,OK,0
2026-07-08 19:40:31,F2,14.4220,OK,1
2026-07-08 19:40:41,F2,14.4208,OK,1
2026-07-08 19:40:51,F2,14.4195,OK,1
2026-07-08 19:41:02,F2,14.4182,OK,1
2026-07-08 19:41:12,F2,14.4169,OK,1
2026-07-08 19:41:22,F2,14.4154,OK,0
2026-07-08 19:41:33,F2,14.4140,OK,0
2026-07-08 19:41:43,F2,14.4125,OK,0
2026-07-08 19:41:54,F2,14.4109,OK,0
2026-07-08 19:42:04,F2,14.4093,OK,0
2026-07-08 19:42:14,F2,14.4077,OK,0
2026-07-08 19:42:25,F2,14.4060,OK,0
2026-07-08 19:42:35,F2,14.4043,OK,0
2026-07-08 19:42:45,F2,14.4026,OK,0
2026-07-08 19:42:56,F2,14.4008,OK,0
2026-07-08 19:43:06,F2,14.3990,OK,0
2026-07-08 19:43:16,F2,14.3972,OK,0
2026-07-08 19:43:27,F2,14.3954,OK,0
2026-07-08 19:43:37,F2,14.3936,OK,0
2026-07-08 19:43:47,F2,14.3918,OK,0
2026-07-08 19:43:58,F2,14.3900,OK,0
2026-07-08 19:44:08,F2,14.3882,OK,0
2026-07-08 19:44:18,F2,14.3865,OK,0
2026-07-08 19:44:29,F2,14.3847,OK,0
2026-07-08 19:44:39,F2,14.3829,OK,0
2026-07-08 19:44:49,F2,14.3812,OK,0
2026-07-08 19:45:00,F2,14.3795,OK,0
2026-07-08 19:45:10,F2,14.3778,OK,0
2026-07-08 19:45:20,F2,14.3761,OK,1
2026-07-08 19:45:31,F2,14.3745,OK,0
2026-07-08 19:45:41,F2,14.3729,OK,0
2026-07-08 19:45:51,F2,14.3714,OK,0
2026-07-08 19:46:02,F2,14.3699,OK,0
2026-07-08 19:46:12,F2,14.3685,OK,0
2026-07-08 19:46:22,F2,14.3670,OK,0
2026-07-08 19:46:33,F2,14.3657,OK,0
2026-07-08 19:46:43,F2,14.3644,OK,0
2026-07-08 19:46:54,F2,14.3632,OK,0
2026-07-08 19:47:04,F2,14.3620,OK,0
2026-07-08 19:47:14,F2,14.3609,OK,0
2026-07-08 19:47:25,F2,14.3598,OK,0
2026-07-08 19:47:35,F2,14.3588,OK,0
2026-07-08 19:47:45,F2,14.3579,OK,0
2026-07-08 19:47:56,F2,14.3571,OK,1
2026-07-08 19:48:06,F2,14.3563,OK,1
2026-07-08 19:48:16,F2,14.3556,OK,0
2026-07-08 19:48:27,F2,14.3549,OK,0
2026-07-08 19:48:37,F2,14.3544,OK,0
2026-07-08 19:48:48,F2,14.3539,OK,0
2026-07-08 19:48:58,F2,14.3535,OK,0
2026-07-08 19:49:08,F2,14.3531,OK,0
2026-07-08 19:49:19,F2,14.3528,OK,0
2026-07-08 19:49:29,F2,14.3526,OK,0
2026-07-08 19:49:39,F2,14.3524,OK,0
2026-07-08 19:49:50,F2,14.3522,OK,0
2026-07-08 19:50:00,F2,14.3521,OK,0
2026-07-08 19:50:10,F2,14.3521,OK,0
2026-07-08 19:50:21,F2,14.3520,OK,0
2026-07-08 19:50:31,F2,14.3520,OK,0
2026-07-08 19:50:41,F2,14.3521,OK,0
2026-07-08 19:50:52,F2,14.3521,OK,0
2026-07-08 19:51:02,F2,14.3522,OK,0
2026-07-08 19:51:13,F2,14.3523,OK,0
2026-07-08 19:51:23,F2,14.3524,OK,0
2026-07-08 19:51:33,F2,14.3525,OK,0
2026-07-08 19:51:44,F2,14.3527,OK,0
2026-07-08 19:51:54,F2,14.3528,OK,0
2026-07-08 19:52:04,F2,14.3529,OK,0
2026-07-08 19:52:15,F2,14.3531,OK,0
2026-07-08 19:52:25,F2,14.3532,OK,0
2026-07-08 19:52:35,F2,14.3533,OK,0
2026-07-08 19:52:46,F2,14.3534,OK,0
2026-07-08 19:52:56,F2,14.3535,OK,0
2026-07-08 19:53:06,F2,14.3536,OK,0
2026-07-08 19:53:17,F2,14.3536,OK,0
2026-07-08 19:53:27,F2,14.3537,OK,0
2026-07-08 19:53:37,F2,14.3537,OK,0
2026-07-08 19:53:48,F2,14.3537,OK,0
2026-07-08 19:53:58,F2,14.3536,OK,0
2026-07-08 19:54:08,F2,14.3535,OK,0
2026-07-08 19:54:19,F2,14.3534,OK,0
2026-07-08 19:54:29,F2,14.3533,OK,0
2026-07-08 19:54:39,F2,14.3531,OK,0
2026-07-08 19:54:50,F2,14.3528,OK,0
2026-07-08 19:55:00,F2,14.3525,OK,0
2026-07-08 19:55:11,F2,14.3522,OK,1
2026-07-08 19:55:21,F2,14.3518,OK,1
2026-07-08 19:55:31,F2,14.3514,OK,1
2026-07-08 19:55:42,F2,14.3509,OK,1
2026-07-08 19:55:52,F2,14.3503,OK,1
2026-07-08 19:56:02,F2,14.3497,OK,1
2026-07-08 19:56:13,F2,14.3491,OK,0
2026-07-08 19:56:23,F2,14.3483,OK,0
2026-07-08 19:56:33,F2,14.3475,OK,0
2026-07-08 19:56:44,F2,14.3467,OK,0
2026-07-08 19:56:54,F2,14.3458,OK,0
2026-07-08 19:57:04,F2,14.3449,OK,0
2026-07-08 19:57:15,F2,14.3439,OK,0
2026-07-08 19:57:25,F2,14.3429,OK,0
2026-07-08 19:57:35,F2,14.3418,OK,0
2026-07-08 19:57:46,F2,14.3408,OK,0
2026-07-08 19:57:56,F2,14.3397,OK,0
2026-07-08 19:58:06,F2,14.3386,OK,0
2026-07-08 19:58:17,F2,14.3374,OK,0
2026-07-08 19:58:27,F2,14.3363,OK,0
2026-07-08 19:58:38,F2,14.3352,OK,0
2026-07-08 19:58:48,F2,14.3340,OK,0
2026-07-08 19:58:58,F2,14.3328,OK,0
2026-07-08 19:59:09,F2,14.3317,OK,0
2026-07-08 19:59:19,F2,14.3305,OK,0
2026-07-08 19:59:29,F2,14.3294,OK,0
2026-07-08 19:59:40,F2,14.3282,OK,0
2026-07-08 19:59:50,F2,14.3271,OK,0
2026-07-08 20:00:00,F2,14.3260,OK,0
2026-07-08 20:00:11,F2,14.3249,OK,0
2026-07-08 20:00:21,F2,14.3238,OK,0
2026-07-08 20:00:31,F2,14.3228,OK,0
2026-07-08 20:00:42,F2,14.3217,OK,0
2026-07-08 20:00:52,F2,14.3207,OK,0
2026-07-08 20:01:02,F2,14.3197,OK,0
2026-07-08 20:01:13,F2,14.3188,OK,0
2026-07-08 20:01:23,F2,14.3178,OK,0
2026-07-08 20:01:34,F2,14.3170,OK,0
2026-07-08 20:01:44,F2,14.3161,OK,0
2026-07-08 20:01:54,F2,14.3153,OK,0
2026-07-08 20:02:05,F2,14.3146,OK,0
2026-07-08 20:02:15,F2,14.3138,OK,0
2026-07-08 20:02:25,F2,14.3132,OK,0
2026-07-08 20:02:36,F2,14.3126,OK,0
2026-07-08 20:02:46,F2,14.3120,OK,0
2026-07-08 20:02:56,F2,14.3115,OK,0
2026-07-08 20:03:07,F2,14.3110,OK,0
2026-07-08 20:03:17,F2,14.3106,OK,0
2026-07-08 20:03:27,F2,14.3103,OK,0
2026-07-08 20:03:38,F2,14.3100,OK,0
2026-07-08 20:03:48,F2,14.3097,OK,0
2026-07-08 20:03:59,F2,14.3095,OK,0
2026-07-08 20:04:09,F2,14.3094,OK,0
2026-07-08 20:04:19,F2,14.3093,OK,0
2026-07-08 20:04:30,F2,14.3092,OK,0
2026-07-08 20:04:40,F2,14.3092,OK,0
2026-07-08 20:04:50,F2,14.3091,OK,0
2026-07-08 20:05:01,F2,14.3092,OK,0
2026-07-08 20:05:11,F2,14.3092,OK,0
2026-07-08 20:05:21,F2,14.3093,OK,0
2026-07-08 20:05:32,F2,14.3093,OK,0
2026-07-08 20:05:42,F2,14.3094,OK,0
2026-07-08 20:05:52,F2,14.3095,OK,0
2026-07-08 20:06:03,F2,14.3096,OK,0
2026-07-08 20:06:13,F2,14.3097,OK,0
2026-07-08 20:06:23,F2,14.3099,OK,0
2026-07-08 20:06:34,F2,14.3100,OK,0
2026-07-08 20:06:44,F2,14.3100,OK,0
2026-07-08 20:06:54,F2,14.3101,OK,0
2026-07-08 20:07:05,F2,14.3102,OK,0
2026-07-08 20:07:15,F2,14.3103,OK,0
2026-07-08 20:07:26,F2,14.3103,OK,0
2026-07-08 20:07:36,F2,14.3103,OK,0
2026-07-08 20:07:46,F2,14.3103,OK,0
2026-07-08 20:07:57,F2,14.3103,OK,0
2026-07-08 20:08:07,F2,14.3102,OK,0
2026-07-08 20:08:17,F2,14.3101,OK,0
2026-07-08 20:08:28,F2,14.3100,OK,0
2026-07-08 20:08:38,F2,14.3098,OK,0
2026-07-08 20:08:48,F2,14.3096,OK,0
2026-07-08 20:08:59,F2,14.3094,OK,0
2026-07-08 20:09:09,F2,14.3091,OK,0
2026-07-08 20:09:20,F2,14.3087,OK,0
2026-07-08 20:09:30,F2,14.3083,OK,0
2026-07-08 20:09:40,F2,14.3079,OK,0
2026-07-08 20:09:51,F2,14.3074,OK,0
2026-07-08 20:10:01,F2,14.3068,OK,0
2026-07-08 20:10:11,F2,14.3062,OK,0
2026-07-08 20:10:22,F2,14.3055,OK,0
2026-07-08 20:10:32,F2,14.3048,OK,1
2026-07-08 20:10:42,F2,14.3039,OK,1
2026-07-08 20:10:53,F2,14.3031,OK,1
2026-07-08 20:11:03,F2,14.3021,OK,1
2026-07-08 20:11:13,F2,14.3011,OK,1
2026-07-08 20:11:24,F2,14.3000,OK,1
2026-07-08 20:11:34,F2,14.2988,OK,0
2026-07-08 20:11:45,F2,14.2975,OK,0
2026-07-08 20:11:55,F2,14.2962,OK,0
2026-07-08 20:12:05,F2,14.2948,OK,0
2026-07-08 20:12:16,F2,14.2933,OK,0
2026-07-08 20:12:26,F2,14.2918,OK,0
2026-07-08 20:12:36,F2,14.2903,OK,0
2026-07-08 20:12:47,F2,14.2887,OK,0
2026-07-08 20:12:57,F2,14.2870,OK,0
2026-07-08 20:13:07,F2,14.2853,OK,0
2026-07-08 20:13:18,F2,14.2836,OK,0
2026-07-08 20:13:28,F2,14.2818,OK,0
2026-07-08 20:13:38,F2,14.2800,OK,0
2026-07-08 20:13:49,F2,14.2782,OK,0
2026-07-08 20:13:59,F2,14.2764,OK,0
2026-07-08 20:14:09,F2,14.2745,OK,0
2026-07-08 20:14:20,F2,14.2727,OK,0
2026-07-08 20:14:30,F2,14.2709,OK,0
2026-07-08 20:14:40,F2,14.2690,OK,0
2026-07-08 20:14:51,F2,14.2672,OK,0
2026-07-08 20:15:01,F2,14.2653,OK,0
2026-07-08 20:15:12,F2,14.2635,OK,0
2026-07-08 20:15:22,F2,14.2617,OK,0
2026-07-08 20:15:32,F2,14.2599,OK,0
2026-07-08 20:15:43,F2,14.2582,OK,0
2026-07-08 20:15:53,F2,14.2564,OK,0
2026-07-08 20:16:03,F2,14.2547,OK,0
2026-07-08 20:16:14,F2,14.2530,OK,0
2026-07-08 20:16:24,F2,14.2513,OK,0
2026-07-08 20:16:34,F2,14.2497,OK,0
2026-07-08 20:16:45,F2,14.2481,OK,0
2026-07-08 20:16:55,F2,14.2465,OK,0
2026-07-08 20:17:05,F2,14.2450,OK,0
2026-07-08 20:17:16,F2,14.2435,OK,0
2026-07-08 20:17:26,F2,14.2420,OK,0
2026-07-08 20:17:36,F2,14.2406,OK,0
2026-07-08 20:17:47,F2,14.2393,OK,0
2026-07-08 20:17:57,F2,14.2380,OK,0
2026-07-08 20:18:07,F2,14.2367,OK,0
2026-07-08 20:18:18,F2,14.2355,OK,0
2026-07-08 20:18:28,F2,14.2344,OK,1
2026-07-08 20:18:38,F2,14.2333,OK,0
2026-07-08 20:18:49,F2,14.2322,OK,0
2026-07-08 20:18:59,F2,14.2313,OK,0
2026-07-08 20:19:10,F2,14.2303,OK,0
2026-07-08 20:19:20,F2,14.2295,OK,0
2026-07-08 20:19:30,F2,14.2286,OK,0
2026-07-08 20:19:41,F2,14.2279,OK,0
2026-07-08 20:19:51,F2,14.2271,OK,0
2026-07-08 20:20:01,F2,14.2264,OK,0
2026-07-08 20:20:12,F2,14.2258,OK,0
2026-07-08 20:20:22,F2,14.2252,OK,0
2026-07-08 20:20:32,F2,14.2246,OK,0
2026-07-08 20:20:43,F2,14.2240,OK,0
2026-07-08 20:20:53,F2,14.2235,OK,0
2026-07-08 20:21:03,F2,14.2230,OK,0
2026-07-08 20:21:14,F2,14.2225,OK,0
2026-07-08 20:21:24,F2,14.2220,OK,0
2026-07-08 20:21:35,F2,14.2216,OK,0
2026-07-08 20:21:45,F2,14.2211,OK,0
2026-07-08 20:21:55,F2,14.2207,OK,0
2026-07-08 20:22:06,F2,14.2202,OK,0
2026-07-08 20:22:16,F2,14.2198,OK,0
2026-07-08 20:22:26,F2,14.2193,OK,0
2026-07-08 20:22:37,F2,14.2188,OK,0
2026-07-08 20:22:47,F2,14.2184,OK,0
2026-07-08 20:22:57,F2,14.2179,OK,0
2026-07-08 20:23:08,F2,14.2174,OK,0
2026-07-08 20:23:18,F2,14.2169,OK,0
2026-07-08 20:23:28,F2,14.2163,OK,0
2026-07-08 20:23:39,F2,14.2158,OK,0
2026-07-08 20:23:49,F2,14.2152,OK,0
2026-07-08 20:23:59,F2,14.2146,OK,0
2026-07-08 20:24:10,F2,14.2139,OK,0
2026-07-08 20:24:20,F2,14.2132,OK,0
2026-07-08 20:24:31,F2,14.2125,OK,0
2026-07-08 20:24:41,F2,14.2117,OK,0
2026-07-08 20:24:51,F2,14.2109,OK,0
2026-07-08 20:25:02,F2,14.2101,OK,0
2026-07-08 20:25:12,F2,14.2092,OK,0
2026-07-08 20:25:22,F2,14.2082,OK,0
2026-07-08 20:25:33,F2,14.2072,OK,0
2026-07-08 20:25:43,F2,14.2062,OK,1
2026-07-08 20:25:53,F2,14.2051,OK,1
2026-07-08 20:26:04,F2,14.2039,OK,1
2026-07-08 20:26:14,F2,14.2027,OK,1
2026-07-08 20:26:24,F2,14.2014,OK,1
2026-07-08 20:26:35,F2,14.2000,OK,0
2026-07-08 20:26:45,F2,14.1986,OK,0
2026-07-08 20:26:55,F2,14.1971,OK,0
2026-07-08 20:27:06,F2,14.1956,OK,0
2026-07-08 20:27:16,F2,14.1940,OK,0
2026-07-08 20:27:26,F2,14.1924,OK,0
2026-07-08 20:27:37,F2,14.1907,OK,0
2026-07-08 20:27:47,F2,14.1890,OK,0
2026-07-08 20:27:58,F2,14.1872,OK,0
2026-07-08 20:28:08,F2,14.1854,OK,0
2026-07-08 20:28:18,F2,14.1836,OK,0
2026-07-08 20:28:29,F2,14.1817,OK,0
2026-07-08 20:28:39,F2,14.1798,OK,0
2026-07-08 20:28:49,F2,14.1779,OK,0
2026-07-08 20:29:00,F2,14.1760,OK,0
2026-07-08 20:29:10,F2,14.1741,OK,0
2026-07-08 20:29:20,F2,14.1722,OK,0
2026-07-08 20:29:31,F2,14.1703,OK,0
2026-07-08 20:29:41,F2,14.1684,OK,0
2026-07-08 20:29:51,F2,14.1665,OK,0
2026-07-08 20:30:02,F2,14.1646,OK,0
2026-07-08 20:30:12,F2,14.1627,OK,0
2026-07-08 20:30:23,F2,14.1609,OK,0
2026-07-08 20:30:33,F2,14.1591,OK,0
2026-07-08 20:30:43,F2,14.1573,OK,0
2026-07-08 20:30:54,F2,14.1555,OK,0
2026-07-08 20:31:04,F2,14.1538,OK,0
2026-07-08 20:31:14,F2,14.1521,OK,0
2026-07-08 20:31:25,F2,14.1504,OK,0
2026-07-08 20:31:35,F2,14.1488,OK,0
2026-07-08 20:31:45,F2,14.1473,OK,0
2026-07-08 20:31:56,F2,14.1458,OK,0
2026-07-08 20:32:06,F2,14.1443,OK,0
2026-07-08 20:32:16,F2,14.1429,OK,0
2026-07-08 20:32:27,F2,14.1416,OK,0
2026-07-08 20:32:37,F2,14.1403,OK,0
2026-07-08 20:32:48,F2,14.1390,OK,0
2026-07-08 20:32:58,F2,14.1378,OK,0
2026-07-08 20:33:08,F2,14.1367,OK,0
2026-07-08 20:33:19,F2,14.1357,OK,0
2026-07-08 20:33:29,F2,14.1347,OK,0
2026-07-08 20:33:39,F2,14.1338,OK,0
2026-07-08 20:33:50,F2,14.1329,OK,0
2026-07-08 20:34:00,F2,14.1321,OK,1
2026-07-08 20:34:10,F2,14.1314,OK,1
2026-07-08 20:34:21,F2,14.1307,OK,1
2026-07-08 20:34:31,F2,14.1302,OK,0
2026-07-08 20:34:41,F2,14.1296,OK,0
2026-07-08 20:34:52,F2,14.1292,OK,0
2026-07-08 20:35:02,F2,14.1288,OK,0
2026-07-08 20:35:12,F2,14.1285,OK,0
2026-07-08 20:35:23,F2,14.1282,OK,0
2026-07-08 20:35:33,F2,14.1280,OK,0
2026-07-08 20:35:44,F2,14.1278,OK,0
2026-07-08 20:35:54,F2,14.1277,OK,0
2026-07-08 20:36:04,F2,14.1277,OK,0
2026-07-08 20:36:15,F2,14.1277,OK,0
2026-07-08 20:36:25,F2,14.1277,OK,0
2026-07-08 20:36:35,F2,14.1278,OK,0
2026-07-08 20:36:46,F2,14.1279,OK,0
2026-07-08 20:36:56,F2,14.1280,OK,0
2026-07-08 20:37:06,F2,14.1282,OK,0
2026-07-08 20:37:17,F2,14.1284,OK,0
2026-07-08 20:37:27,F2,14.1286,OK,0
2026-07-08 20:37:38,F2,14.1289,OK,0
2026-07-08 20:37:48,F2,14.1291,OK,0
2026-07-08 20:37:58,F2,14.1294,OK,0
2026-07-08 20:38:09,F2,14.1297,OK,0
2026-07-08 20:38:19,F2,14.1300,OK,0
2026-07-08 20:38:29,F2,14.1303,OK,0
2026-07-08 20:38:40,F2,14.1306,OK,0
2026-07-08 20:38:50,F2,14.1310,OK,0
2026-07-08 20:39:00,F2,14.1313,OK,0
2026-07-08 20:39:11,F2,14.1316,OK,0
2026-07-08 20:39:21,F2,14.1319,OK,0
2026-07-08 20:39:32,F2,14.1322,OK,0
2026-07-08 20:39:42,F2,14.1325,OK,0
2026-07-08 20:39:52,F2,14.1328,OK,0
2026-07-08 20:40:03,F2,14.1331,OK,0
2026-07-08 20:40:13,F2,14.1333,OK,0
2026-07-08 20:40:23,F2,14.1335,OK,0
2026-07-08 20:40:34,F2,14.1338,OK,0
2026-07-08 20:40:44,F2,14.1339,OK,0
2026-07-08 20:40:54,F2,14.1341,OK,0
2026-07-08 20:41:05,F2,14.1342,OK,0
2026-07-08 20:41:15,F2,14.1343,OK,0
2026-07-08 20:41:25,F2,14.1344,OK,0
2026-07-08 20:41:36,F2,14.1344,OK,1
2026-07-08 20:41:46,F2,14.1344,OK,1
2026-07-08 20:41:57,F2,14.1343,OK,1
2026-07-08 20:42:07,F2,14.1343,OK,1
2026-07-08 20:42:17,F2,14.1341,OK,0
2026-07-08 20:42:28,F2,14.1339,OK,0
2026-07-08 20:42:38,F2,14.1337,OK,0
2026-07-08 20:42:48,F2,14.1335,OK,0
2026-07-08 20:42:59,F2,14.1332,OK,0
2026-07-08 20:43:09,F2,14.1329,OK,0
2026-07-08 20:43:19,F2,14.1325,OK,0
2026-07-08 20:43:30,F2,14.1321,OK,0
2026-07-08 20:43:40,F2,14.1318,OK,0
2026-07-08 20:43:50,F2,14.1313,OK,0
2026-07-08 20:44:01,F2,14.1309,OK,0
2026-07-08 20:44:11,F2,14.1305,OK,0
2026-07-08 20:44:21,F2,14.1300,OK,0
2026-07-08 20:44:32,F2,14.1295,OK,0
2026-07-08 20:44:42,F2,14.1291,OK,0
2026-07-08 20:44:53,F2,14.1286,OK,0
2026-07-08 20:45:03,F2,14.1282,OK,0
2026-07-08 20:45:13,F2,14.1277,OK,0
2026-07-08 20:45:24,F2,14.1273,OK,0
2026-07-08 20:45:34,F2,14.1269,OK,0
2026-07-08 20:45:45,F2,14.1265,OK,0
2026-07-08 20:45:55,F2,14.1261,OK,0
2026-07-08 20:46:06,F2,14.1258,OK,0
2026-07-08 20:46:16,F2,14.1255,OK,0
2026-07-08 20:46:26,F2,14.1252,OK,0
2026-07-08 20:46:37,F2,14.1249,OK,0
2026-07-08 20:46:47,F2,14.1247,OK,0
2026-07-08 20:46:58,F2,14.1246,OK,0
2026-07-08 20:47:08,F2,14.1245,OK,0
2026-07-08 20:47:18,F2,14.1244,OK,0
2026-07-08 20:47:29,F2,14.1244,OK,0
2026-07-08 20:47:39,F2,14.1245,OK,0
2026-07-08 20:47:49,F2,14.1246,OK,0
2026-07-08 20:48:00,F2,14.1247,OK,0
2026-07-08 20:48:10,F2,14.1250,OK,0
2026-07-08 20:48:21,F2,14.1253,OK,0
2026-07-08 20:48:31,F2,14.1257,OK,0
2026-07-08 20:48:41,F2,14.1261,OK,0
2026-07-08 20:48:52,F2,14.1266,OK,0
2026-07-08 20:49:02,F2,14.1272,OK,0
2026-07-08 20:49:12,F2,14.1279,OK,0
2026-07-08 20:49:23,F2,14.1287,OK,0
2026-07-08 20:49:33,F2,14.1296,OK,0
2026-07-08 20:49:44,F2,14.1305,OK,1
2026-07-08 20:49:54,F2,14.1315,OK,1
2026-07-08 20:50:04,F2,14.1327,OK,1
2026-07-08 20:50:15,F2,14.1339,OK,1
2026-07-08 20:50:25,F2,14.1352,OK,1
2026-07-08 20:50:35,F2,14.1366,OK,0
2026-07-08 20:50:46,F2,14.1381,OK,0
2026-07-08 20:50:56,F2,14.1397,OK,0
2026-07-08 20:51:06,F2,14.1414,OK,0
2026-07-08 20:51:17,F2,14.1432,OK,0
2026-07-08 20:51:27,F2,14.1450,OK,0
2026-07-08 20:51:38,F2,14.1470,OK,0
2026-07-08 20:51:48,F2,14.1490,OK,0
2026-07-08 20:51:58,F2,14.1511,OK,0
2026-07-08 20:52:09,F2,14.1533,OK,0
2026-07-08 20:52:19,F2,14.1555,OK,0
2026-07-08 20:52:29,F2,14.1578,OK,0
2026-07-08 20:52:40,F2,14.1601,OK,0
2026-07-08 20:52:50,F2,14.1625,OK,0
2026-07-08 20:53:01,F2,14.1650,OK,0
2026-07-08 20:53:11,F2,14.1675,OK,0
2026-07-08 20:53:21,F2,14.1700,OK,0
2026-07-08 20:53:32,F2,14.1726,OK,0
2026-07-08 20:53:42,F2,14.1752,OK,0
2026-07-08 20:53:52,F2,14.1778,OK,0
2026-07-08 20:54:03,F2,14.1805,OK,0
2026-07-08 20:54:13,F2,14.1832,OK,0
2026-07-08 20:54:23,F2,14.1859,OK,0
2026-07-08 20:54:34,F2,14.1886,OK,0
2026-07-08 20:54:44,F2,14.1913,OK,0
2026-07-08 20:54:54,F2,14.1941,OK,0
2026-07-08 20:55:05,F2,14.1969,OK,0
2026-07-08 20:55:15,F2,14.1996,OK,0
2026-07-08 20:55:26,F2,14.2024,OK,0
2026-07-08 20:55:36,F2,14.2052,OK,0
2026-07-08 20:55:46,F2,14.2079,OK,0
2026-07-08 20:55:57,F2,14.2107,OK,0
2026-07-08 20:56:07,F2,14.2134,OK,0
2026-07-08 20:56:17,F2,14.2161,OK,0
2026-07-08 20:56:28,F2,14.2189,OK,0
2026-07-08 20:56:38,F2,14.2216,OK,0
2026-07-08 20:56:48,F2,14.2242,OK,0
2026-07-08 20:56:59,F2,14.2269,OK,1
2026-07-08 20:57:09,F2,14.2295,OK,0
2026-07-08 20:57:20,F2,14.2321,OK,0
2026-07-08 20:57:30,F2,14.2346,OK,0
2026-07-08 20:57:40,F2,14.2371,OK,0
2026-07-08 20:57:51,F2,14.2396,OK,1
2026-07-08 20:58:01,F2,14.2421,OK,1
2026-07-08 20:58:11,F2,14.2445,OK,1
2026-07-08 20:58:22,F2,14.2468,OK,1
2026-07-08 20:58:32,F2,14.2491,OK,0
2026-07-08 20:58:42,F2,14.2514,OK,0
2026-07-08 20:58:53,F2,14.2536,OK,0
2026-07-08 20:59:03,F2,14.2558,OK,0
2026-07-08 20:59:13,F2,14.2580,OK,0
2026-07-08 20:59:24,F2,14.2602,OK,0
2026-07-08 20:59:34,F2,14.2623,OK,0
2026-07-08 20:59:45,F2,14.2644,OK,0
2026-07-08 20:59:55,F2,14.2664,OK,0
2026-07-08 21:00:05,F2,14.2685,OK,0
2026-07-08 21:00:16,F2,14.2705,OK,0
2026-07-08 21:00:26,F2,14.2726,OK,0
2026-07-08 21:00:36,F2,14.2746,OK,0
2026-07-08 21:00:47,F2,14.2767,OK,0
2026-07-08 21:00:57,F2,14.2787,OK,0
2026-07-08 21:01:07,F2,14.2808,OK,0
2026-07-08 21:01:18,F2,14.2828,OK,0
2026-07-08 21:01:28,F2,14.2849,OK,0
2026-07-08 21:01:38,F2,14.2870,OK,0
2026-07-08 21:01:49,F2,14.2891,OK,0
2026-07-08 21:01:59,F2,14.2912,OK,0
2026-07-08 21:02:09,F2,14.2933,OK,0
2026-07-08 21:02:20,F2,14.2955,OK,0
2026-07-08 21:02:30,F2,14.2977,OK,0
2026-07-08 21:02:40,F2,14.2999,OK,0
2026-07-08 21:02:51,F2,14.3021,OK,0
2026-07-08 21:03:01,F2,14.3044,OK,0
2026-07-08 21:03:11,F2,14.3067,OK,0
2026-07-08 21:03:22,F2,14.3091,OK,0
2026-07-08 21:03:32,F2,14.3115,OK,0
2026-07-08 21:03:43,F2,14.3139,OK,0
2026-07-08 21:03:53,F2,14.3164,OK,0
2026-07-08 21:04:03,F2,14.3189,OK,0
2026-07-08 21:04:14,F2,14.3215,OK,0
2026-07-08 21:04:24,F2,14.3241,OK,0
2026-07-08 21:04:34,F2,14.3268,OK,0
2026-07-08 21:04:45,F2,14.3295,OK,1
2026-07-08 21:04:55,F2,14.3323,OK,1
2026-07-08 21:05:05,F2,14.3352,OK,1
2026-07-08 21:05:16,F2,14.3381,OK,1
2026-07-08 21:05:26,F2,14.3410,OK,1
2026-07-08 21:05:37,F2,14.3441,OK,1
2026-07-08 21:05:47,F2,14.3472,OK,0
2026-07-08 21:05:57,F2,14.3503,OK,0
2026-07-08 21:06:08,F2,14.3535,OK,0
2026-07-08 21:06:18,F2,14.3568,OK,0
2026-07-08 21:06:28,F2,14.3601,OK,0
2026-07-08 21:06:39,F2,14.3635,OK,0
2026-07-08 21:06:49,F2,14.3669,OK,0
2026-07-08 21:06:59,F2,14.3703,OK,0
2026-07-08 21:07:10,F2,14.3738,OK,0
2026-07-08 21:07:20,F2,14.3774,OK,0
2026-07-08 21:07:30,F2,14.3809,OK,0
2026-07-08 21:07:41,F2,14.3845,OK,0
2026-07-08 21:07:51,F2,14.3881,OK,1
2026-07-08 21:08:02,F2,14.3917,OK,0
2026-07-08 21:08:12,F2,14.3954,OK,0
2026-07-08 21:08:22,F2,14.3991,OK,0
2026-07-08 21:08:33,F2,14.4027,OK,0
2026-07-08 21:08:43,F2,14.4064,OK,0
2026-07-08 21:08:53,F2,14.4101,OK,0
2026-07-08 21:09:04,F2,14.4138,OK,0
2026-07-08 21:09:14,F2,14.4175,OK,0
2026-07-08 21:09:24,F2,14.4211,OK,0
2026-07-08 21:09:35,F2,14.4248,OK,0
2026-07-08 21:09:45,F2,14.4285,OK,0
2026-07-08 21:09:55,F2,14.4321,OK,0
2026-07-08 21:10:06,F2,14.4357,OK,0
2026-07-08 21:10:16,F2,14.4393,OK,0
2026-07-08 21:10:26,F2,14.4429,OK,0
2026-07-08 21:10:37,F2,14.4465,OK,0
2026-07-08 21:10:47,F2,14.4500,OK,0
2026-07-08 21:10:57,F2,14.4535,OK,0
2026-07-08 21:11:08,F2,14.4570,OK,0
2026-07-08 21:11:18,F2,14.4604,OK,0
2026-07-08 21:11:29,F2,14.4638,OK,0
2026-07-08 21:11:39,F2,14.4671,OK,0
2026-07-08 21:11:49,F2,14.4704,OK,0
2026-07-08 21:12:00,F2,14.4737,OK,0
2026-07-08 21:12:10,F2,14.4769,OK,1
2026-07-08 21:12:20,F2,14.4800,OK,1
2026-07-08 21:12:31,F2,14.4832,OK,1
2026-07-08 21:12:41,F2,14.4862,OK,1
2026-07-08 21:12:51,F2,14.4892,OK,0
2026-07-08 21:13:02,F2,14.4922,OK,0
2026-07-08 21:13:12,F2,14.4951,OK,0
2026-07-08 21:13:22,F2,14.4979,OK,0
2026-07-08 21:13:33,F2,14.5007,OK,0
2026-07-08 21:13:43,F2,14.5035,OK,0
2026-07-08 21:13:54,F2,14.5062,OK,0
2026-07-08 21:14:04,F2,14.5089,OK,0
2026-07-08 21:14:14,F2,14.5116,OK,0
2026-07-08 21:14:25,F2,14.5143,OK,0
2026-07-08 21:14:35,F2,14.5169,OK,0
2026-07-08 21:14:45,F2,14.5195,OK,0
2026-07-08 21:14:56,F2,14.5221,OK,0
2026-07-08 21:15:06,F2,14.5247,OK,0
2026-07-08 21:15:16,F2,14.5273,OK,0
2026-07-08 21:15:27,F2,14.5299,OK,0
2026-07-08 21:15:37,F2,14.5324,OK,0
2026-07-08 21:15:48,F2,14.5350,OK,0
2026-07-08 21:15:58,F2,14.5376,OK,0
2026-07-08 21:16:08,F2,14.5401,OK,0
2026-07-08 21:16:19,F2,14.5427,OK,0
2026-07-08 21:16:29,F2,14.5453,OK,0
2026-07-08 21:16:39,F2,14.5479,OK,0
2026-07-08 21:16:50,F2,14.5505,OK,1
2026-07-08 21:17:00,F2,14.5531,OK,0
2026-07-08 21:17:10,F2,14.5557,OK,0
2026-07-08 21:17:21,F2,14.5583,OK,0
2026-07-08 21:17:31,F2,14.5610,OK,0
2026-07-08 21:17:41,F2,14.5636,OK,0
2026-07-08 21:17:52,F2,14.5663,OK,0
2026-07-08 21:18:02,F2,14.5690,OK,0
2026-07-08 21:18:12,F2,14.5718,OK,0
2026-07-08 21:18:23,F2,14.5745,OK,0
2026-07-08 21:18:33,F2,14.5773,OK,0
2026-07-08 21:18:44,F2,14.5801,OK,0
2026-07-08 21:18:54,F2,14.5829,OK,0
2026-07-08 21:19:04,F2,14.5858,OK,1
2026-07-08 21:19:15,F2,14.5886,OK,1
2026-07-08 21:19:25,F2,14.5915,OK,1
2026-07-08 21:19:35,F2,14.5945,OK,0
2026-07-08 21:19:46,F2,14.5974,OK,0
2026-07-08 21:19:56,F2,14.6004,OK,0
2026-07-08 21:20:06,F2,14.6035,OK,0
2026-07-08 21:20:17,F2,14.6065,OK,0
2026-07-08 21:20:27,F2,14.6096,OK,0
2026-07-08 21:20:37,F2,14.6126,OK,0
2026-07-08 21:20:48,F2,14.6157,OK,0
2026-07-08 21:20:58,F2,14.6188,OK,0
2026-07-08 21:21:08,F2,14.6220,OK,0
2026-07-08 21:21:19,F2,14.6251,OK,0
2026-07-08 21:21:29,F2,14.6282,OK,0
2026-07-08 21:21:40,F2,14.6314,OK,0
2026-07-08 21:21:50,F2,14.6345,OK,0
2026-07-08 21:22:00,F2,14.6376,OK,0
2026-07-08 21:22:11,F2,14.6407,OK,0
2026-07-08 21:22:21,F2,14.6439,OK,0
2026-07-08 21:22:31,F2,14.6470,OK,1
2026-07-08 21:22:42,F2,14.6500,OK,0
2026-07-08 21:22:52,F2,14.6531,OK,0
2026-07-08 21:23:02,F2,14.6561,OK,0
2026-07-08 21:23:13,F2,14.6592,OK,0
2026-07-08 21:23:23,F2,14.6622,OK,0
2026-07-08 21:23:33,F2,14.6651,OK,0
2026-07-08 21:23:44,F2,14.6681,OK,0
2026-07-08 21:23:54,F2,14.6710,OK,0
2026-07-08 21:24:05,F2,14.6738,OK,0
2026-07-08 21:24:15,F2,14.6766,OK,0
2026-07-08 21:24:25,F2,14.6794,OK,0
2026-07-08 21:24:36,F2,14.6821,OK,0
2026-07-08 21:24:46,F2,14.6848,OK,0
2026-07-08 21:24:56,F2,14.6875,OK,0
2026-07-08 21:25:07,F2,14.6900,OK,0
2026-07-08 21:25:17,F2,14.6926,OK,0
2026-07-08 21:25:27,F2,14.6950,OK,0
2026-07-08 21:25:38,F2,14.6974,OK,0
2026-07-08 21:25:48,F2,14.6998,OK,0
2026-07-08 21:25:58,F2,14.7021,OK,0
2026-07-08 21:26:09,F2,14.7043,OK,1
2026-07-08 21:26:19,F2,14.7064,OK,0
2026-07-08 21:26:29,F2,14.7085,OK,1
2026-07-08 21:26:40,F2,14.7105,OK,1
2026-07-08 21:26:50,F2,14.7125,OK,1
2026-07-08 21:27:01,F2,14.7143,OK,1
2026-07-08 21:27:11,F2,14.7161,OK,1
2026-07-08 21:27:21,F2,14.7178,OK,0
2026-07-08 21:27:32,F2,14.7194,OK,0
2026-07-08 21:27:42,F2,14.7210,OK,0
2026-07-08 21:27:52,F2,14.7225,OK,0
2026-07-08 21:28:03,F2,14.7239,OK,0
2026-07-08 21:28:13,F2,14.7252,OK,0
2026-07-08 21:28:23,F2,14.7265,OK,0
2026-07-08 21:28:34,F2,14.7278,OK,0
2026-07-08 21:28:44,F2,14.7289,OK,0
2026-07-08 21:28:55,F2,14.7301,OK,0
2026-07-08 21:29:05,F2,14.7312,OK,0
2026-07-08 21:29:15,F2,14.7322,OK,0
2026-07-08 21:29:26,F2,14.7332,OK,0
2026-07-08 21:29:36,F2,14.7342,OK,0
2026-07-08 21:29:46,F2,14.7351,OK,0
2026-07-08 21:29:57,F2,14.7361,OK,0
2026-07-08 21:30:07,F2,14.7370,OK,0
2026-07-08 21:30:17,F2,14.7379,OK,0
2026-07-08 21:30:28,F2,14.7387,OK,0
2026-07-08 21:30:38,F2,14.7396,OK,0
2026-07-08 21:30:48,F2,14.7405,OK,0
2026-07-08 21:30:59,F2,14.7413,OK,0
2026-07-08 21:31:09,F2,14.7422,OK,0
2026-07-08 21:31:19,F2,14.7430,OK,0
2026-07-08 21:31:30,F2,14.7439,OK,0
2026-07-08 21:31:40,F2,14.7447,OK,0
2026-07-08 21:31:51,F2,14.7456,OK,0
2026-07-08 21:32:01,F2,14.7465,OK,0
2026-07-08 21:32:11,F2,14.7474,OK,0
2026-07-08 21:32:22,F2,14.7483,OK,0
2026-07-08 21:32:32,F2,14.7492,OK,1
2026-07-08 21:32:43,F2,14.7502,OK,1
2026-07-08 21:32:53,F2,14.7512,OK,1
2026-07-08 21:33:03,F2,14.7522,OK,1
2026-07-08 21:33:14,F2,14.7532,OK,1
2026-07-08 21:33:24,F2,14.7543,OK,0
2026-07-08 21:33:34,F2,14.7554,OK,0
2026-07-08 21:33:45,F2,14.7565,OK,0
2026-07-08 21:33:55,F2,14.7576,OK,0
2026-07-08 21:34:05,F2,14.7588,OK,0
2026-07-08 21:34:16,F2,14.7600,OK,0
2026-07-08 21:34:26,F2,14.7613,OK,0
2026-07-08 21:34:36,F2,14.7625,OK,0
2026-07-08 21:34:47,F2,14.7638,OK,0
2026-07-08 21:34:57,F2,14.7650,OK,0
2026-07-08 21:35:07,F2,14.7663,OK,0
2026-07-08 21:35:18,F2,14.7676,OK,0
2026-07-08 21:35:28,F2,14.7689,OK,0
2026-07-08 21:35:39,F2,14.7701,OK,0
2026-07-08 21:35:49,F2,14.7714,OK,0
2026-07-08 21:35:59,F2,14.7726,OK,0
2026-07-08 21:36:10,F2,14.7738,OK,0
2026-07-08 21:36:20,F2,14.7750,OK,0
2026-07-08 21:36:30,F2,14.7762,OK,0
2026-07-08 21:36:41,F2,14.7773,OK,0
2026-07-08 21:36:51,F2,14.7785,OK,0
2026-07-08 21:37:01,F2,14.7795,OK,0
2026-07-08 21:37:12,F2,14.7806,OK,0
2026-07-08 21:37:22,F2,14.7815,OK,0
2026-07-08 21:37:32,F2,14.7825,OK,0
2026-07-08 21:37:43,F2,14.7834,OK,0
2026-07-08 21:37:53,F2,14.7842,OK,0
2026-07-08 21:38:04,F2,14.7850,OK,0
2026-07-08 21:38:14,F2,14.7858,OK,0
2026-07-08 21:38:24,F2,14.7865,OK,0
2026-07-08 21:38:35,F2,14.7871,OK,0
2026-07-08 21:38:45,F2,14.7877,OK,0
2026-07-08 21:38:55,F2,14.7882,OK,0
2026-07-08 21:39:06,F2,14.7887,OK,0
2026-07-08 21:39:16,F2,14.7891,OK,0
2026-07-08 21:39:26,F2,14.7894,OK,0
2026-07-08 21:39:37,F2,14.7897,OK,0
2026-07-08 21:39:47,F2,14.7899,OK,0
2026-07-08 21:39:57,F2,14.7900,OK,0
2026-07-08 21:40:08,F2,14.7901,OK,0
2026-07-08 21:40:18,F2,14.7901,OK,0
2026-07-08 21:40:29,F2,14.7900,OK,0
2026-07-08 21:40:39,F2,14.7898,OK,0
2026-07-08 21:40:49,F2,14.7896,OK,0
2026-07-08 21:41:00,F2,14.7893,OK,1
2026-07-08 21:41:10,F2,14.7889,OK,1
2026-07-08 21:41:20,F2,14.7884,OK,1
2026-07-08 21:41:31,F2,14.7879,OK,1
2026-07-08 21:41:41,F2,14.7873,OK,0
2026-07-08 21:41:51,F2,14.7866,OK,0
2026-07-08 21:42:02,F2,14.7858,OK,0
2026-07-08 21:42:12,F2,14.7849,OK,0
2026-07-08 21:42:23,F2,14.7840,OK,0
2026-07-08 21:42:33,F2,14.7830,OK,0
2026-07-08 21:42:43,F2,14.7820,OK,0
2026-07-08 21:42:54,F2,14.7809,OK,0
2026-07-08 21:43:04,F2,14.7797,OK,0
2026-07-08 21:43:14,F2,14.7785,OK,0
2026-07-08 21:43:25,F2,14.7773,OK,0
2026-07-08 21:43:35,F2,14.7760,OK,0
2026-07-08 21:43:45,F2,14.7747,OK,0
2026-07-08 21:43:56,F2,14.7734,OK,0
2026-07-08 21:44:06,F2,14.7720,OK,0
2026-07-08 21:44:16,F2,14.7706,OK,0
2026-07-08 21:44:27,F2,14.7692,OK,0
2026-07-08 21:44:37,F2,14.7678,OK,0
2026-07-08 21:44:48,F2,14.7663,OK,0
2026-07-08 21:44:58,F2,14.7649,OK,1
2026-07-08 21:45:08,F2,14.7634,OK,0
2026-07-08 21:45:19,F2,14.7619,OK,0
2026-07-08 21:45:29,F2,14.7604,OK,0
2026-07-08 21:45:39,F2,14.7589,OK,0
2026-07-08 21:45:50,F2,14.7575,OK,0
2026-07-08 21:46:00,F2,14.7560,OK,0
2026-07-08 21:46:10,F2,14.7545,OK,0
2026-07-08 21:46:21,F2,14.7530,OK,0
2026-07-08 21:46:31,F2,14.7515,OK,0
2026-07-08 21:46:41,F2,14.7500,OK,0
2026-07-08 21:46:52,F2,14.7486,OK,0
2026-07-08 21:47:02,F2,14.7471,OK,0
2026-07-08 21:47:12,F2,14.7457,OK,0
2026-07-08 21:47:23,F2,14.7443,OK,0
2026-07-08 21:47:33,F2,14.7429,OK,0
2026-07-08 21:47:44,F2,14.7415,OK,0
2026-07-08 21:47:54,F2,14.7402,OK,0
2026-07-08 21:48:04,F2,14.7389,OK,0
2026-07-08 21:48:15,F2,14.7376,OK,0
2026-07-08 21:48:25,F2,14.7363,OK,0
2026-07-08 21:48:35,F2,14.7351,OK,0
2026-07-08 21:48:46,F2,14.7339,OK,0
2026-07-08 21:48:56,F2,14.7327,OK,0
2026-07-08 21:49:06,F2,14.7316,OK,0
2026-07-08 21:49:17,F2,14.7304,OK,0
2026-07-08 21:49:27,F2,14.7293,OK,0
2026-07-08 21:49:38,F2,14.7282,OK,0
2026-07-08 21:49:48,F2,14.7271,OK,0
2026-07-08 21:49:58,F2,14.7260,OK,0
2026-07-08 21:50:09,F2,14.7249,OK,0
2026-07-08 21:50:19,F2,14.7238,OK,0
2026-07-08 21:50:29,F2,14.7228,OK,0
2026-07-08 21:50:40,F2,14.7217,OK,0
2026-07-08 21:50:50,F2,14.7206,OK,0
2026-07-08 21:51:01,F2,14.7195,OK,0
2026-07-08 21:51:11,F2,14.7184,OK,0
2026-07-08 21:51:21,F2,14.7173,OK,0
2026-07-08 21:51:32,F2,14.7162,OK,0
2026-07-08 21:51:42,F2,14.7151,OK,0
2026-07-08 21:51:52,F2,14.7139,OK,0
2026-07-08 21:52:03,F2,14.7128,OK,0
2026-07-08 21:52:13,F2,14.7116,OK,0
2026-07-08 21:52:23,F2,14.7103,OK,0
2026-07-08 21:52:34,F2,14.7091,OK,0
2026-07-08 21:52:44,F2,14.7078,OK,0
2026-07-08 21:52:55,F2,14.7065,OK,0
2026-07-08 21:53:05,F2,14.7052,OK,0
2026-07-08 21:53:15,F2,14.7038,OK,0
2026-07-08 21:53:26,F2,14.7024,OK,1
2026-07-08 21:53:36,F2,14.7010,OK,0
2026-07-08 21:53:46,F2,14.6995,OK,0
2026-07-08 21:53:57,F2,14.6979,OK,0
2026-07-08 21:54:07,F2,14.6963,OK,0
2026-07-08 21:54:17,F2,14.6947,OK,0
2026-07-08 21:54:28,F2,14.6930,OK,0
2026-07-08 21:54:38,F2,14.6912,OK,1
2026-07-08 21:54:48,F2,14.6894,OK,0
2026-07-08 21:54:59,F2,14.6876,OK,1
2026-07-08 21:55:09,F2,14.6857,OK,0
2026-07-08 21:55:20,F2,14.6837,OK,0
2026-07-08 21:55:30,F2,14.6817,OK,0
2026-07-08 21:55:40,F2,14.6796,OK,0
2026-07-08 21:55:51,F2,14.6775,OK,0
2026-07-08 21:56:01,F2,14.6754,OK,0
2026-07-08 21:56:11,F2,14.6732,OK,0
2026-07-08 21:56:22,F2,14.6709,OK,0
2026-07-08 21:56:32,F2,14.6687,OK,0
2026-07-08 21:56:42,F2,14.6664,OK,0
2026-07-08 21:56:53,F2,14.6641,OK,0
2026-07-08 21:57:03,F2,14.6617,OK,0
2026-07-08 21:57:13,F2,14.6594,OK,0
2026-07-08 21:57:24,F2,14.6570,OK,0
2026-07-08 21:57:34,F2,14.6547,OK,0
2026-07-08 21:57:45,F2,14.6523,OK,0
2026-07-08 21:57:55,F2,14.6499,OK,0
2026-07-08 21:58:05,F2,14.6476,OK,0
2026-07-08 21:58:16,F2,14.6452,OK,0
2026-07-08 21:58:26,F2,14.6428,OK,0
2026-07-08 21:58:37,F2,14.6405,OK,0
2026-07-08 21:58:47,F2,14.6381,OK,0
2026-07-08 21:58:57,F2,14.6358,OK,0
2026-07-08 21:59:08,F2,14.6335,OK,0
2026-07-08 21:59:18,F2,14.6312,OK,0
2026-07-08 21:59:28,F2,14.6289,OK,0
2026-07-08 21:59:39,F2,14.6267,OK,0
2026-07-08 21:59:49,F2,14.6244,OK,0
2026-07-08 21:59:59,F2,14.6223,OK,0
2026-07-08 22:00:10,F2,14.6201,OK,0
2026-07-08 22:00:20,F2,14.6180,OK,0
2026-07-08 22:00:30,F2,14.6159,OK,0
2026-07-08 22:00:41,F2,14.6138,OK,0
2026-07-08 22:00:51,F2,14.6118,OK,1
2026-07-08 22:01:02,F2,14.6099,OK,1
2026-07-08 22:01:12,F2,14.6080,OK,1
2026-07-08 22:01:22,F2,14.6061,OK,1
2026-07-08 22:01:33,F2,14.6043,OK,1
2026-07-08 22:01:43,F2,14.6025,OK,0
2026-07-08 22:01:53,F2,14.6008,OK,0
2026-07-08 22:02:04,F2,14.5991,OK,0
2026-07-08 22:02:14,F2,14.5974,OK,0
2026-07-08 22:02:24,F2,14.5958,OK,0
2026-07-08 22:02:35,F2,14.5943,OK,0
2026-07-08 22:02:45,F2,14.5927,OK,0
2026-07-08 22:02:55,F2,14.5912,OK,0
2026-07-08 22:03:06,F2,14.5898,OK,0
2026-07-08 22:03:16,F2,14.5883,OK,0
2026-07-08 22:03:26,F2,14.5869,OK,0
2026-07-08 22:03:37,F2,14.5854,OK,0
2026-07-08 22:03:47,F2,14.5840,OK,0
2026-07-08 22:03:58,F2,14.5826,OK,0
2026-07-08 22:04:08,F2,14.5812,OK,0
2026-07-08 22:04:18,F2,14.5798,OK,0
2026-07-08 22:04:29,F2,14.5783,OK,0
2026-07-08 22:04:39,F2,14.5769,OK,0
2026-07-08 22:04:49,F2,14.5755,OK,0
2026-07-08 22:05:00,F2,14.5740,OK,0
2026-07-08 22:05:10,F2,14.5726,OK,0
2026-07-08 22:05:20,F2,14.5711,OK,0
2026-07-08 22:05:31,F2,14.5696,OK,0
2026-07-08 22:05:41,F2,14.5681,OK,0
2026-07-08 22:05:51,F2,14.5665,OK,0
2026-07-08 22:06:02,F2,14.5649,OK,0
2026-07-08 22:06:12,F2,14.5633,OK,0
2026-07-08 22:06:23,F2,14.5617,OK,0
2026-07-08 22:06:33,F2,14.5600,OK,0
2026-07-08 22:06:43,F2,14.5583,OK,0
2026-07-08 22:06:54,F2,14.5566,OK,0
2026-07-08 22:07:04,F2,14.5548,OK,0
2026-07-08 22:07:14,F2,14.5530,OK,0
2026-07-08 22:07:25,F2,14.5512,OK,0
2026-07-08 22:07:35,F2,14.5493,OK,0
2026-07-08 22:07:45,F2,14.5474,OK,1
2026-07-08 22:07:56,F2,14.5454,OK,1
2026-07-08 22:08:06,F2,14.5433,OK,1
2026-07-08 22:08:17,F2,14.5413,OK,1
2026-07-08 22:08:27,F2,14.5391,OK,1
2026-07-08 22:08:37,F2,14.5369,OK,1
2026-07-08 22:08:48,F2,14.5347,OK,0
2026-07-08 22:08:58,F2,14.5324,OK,0
2026-07-08 22:09:08,F2,14.5301,OK,0
2026-07-08 22:09:19,F2,14.5277,OK,0
2026-07-08 22:09:29,F2,14.5252,OK,0
2026-07-08 22:09:39,F2,14.5228,OK,0
2026-07-08 22:09:50,F2,14.5203,OK,0
2026-07-08 22:10:00,F2,14.5178,OK,0
2026-07-08 22:10:11,F2,14.5152,OK,0
2026-07-08 22:10:21,F2,14.5127,OK,0
2026-07-08 22:10:31,F2,14.5101,OK,0
2026-07-08 22:10:42,F2,14.5075,OK,0
2026-07-08 22:10:52,F2,14.5049,OK,0
2026-07-08 22:11:02,F2,14.5023,OK,1
2026-07-08 22:11:13,F2,14.4997,OK,1
2026-07-08 22:11:23,F2,14.4970,OK,1
2026-07-08 22:11:33,F2,14.4944,OK,0
2026-07-08 22:11:44,F2,14.4918,OK,0
2026-07-08 22:11:54,F2,14.4893,OK,0
2026-07-08 22:12:04,F2,14.4867,OK,0
2026-07-08 22:12:15,F2,14.4841,OK,0
2026-07-08 22:12:25,F2,14.4816,OK,0
2026-07-08 22:12:36,F2,14.4790,OK,0
2026-07-08 22:12:46,F2,14.4765,OK,0
2026-07-08 22:12:56,F2,14.4740,OK,0
2026-07-08 22:13:07,F2,14.4716,OK,0
2026-07-08 22:13:17,F2,14.4691,OK,0
2026-07-08 22:13:27,F2,14.4667,OK,0
2026-07-08 22:13:38,F2,14.4643,OK,0
2026-07-08 22:13:48,F2,14.4619,OK,0
2026-07-08 22:13:58,F2,14.4595,OK,0
2026-07-08 22:14:09,F2,14.4572,OK,0
2026-07-08 22:14:19,F2,14.4549,OK,0
2026-07-08 22:14:29,F2,14.4527,OK,0
2026-07-08 22:14:40,F2,14.4505,OK,0
2026-07-08 22:14:50,F2,14.4483,OK,1
2026-07-08 22:15:00,F2,14.4461,OK,0
2026-07-08 22:15:11,F2,14.4440,OK,0
2026-07-08 22:15:21,F2,14.4420,OK,0
2026-07-08 22:15:31,F2,14.4399,OK,0
2026-07-08 22:15:42,F2,14.4379,OK,0
2026-07-08 22:15:52,F2,14.4359,OK,0
2026-07-08 22:16:03,F2,14.4340,OK,0
2026-07-08 22:16:13,F2,14.4321,OK,0
2026-07-08 22:16:23,F2,14.4302,OK,0
2026-07-08 22:16:34,F2,14.4283,OK,0
2026-07-08 22:16:44,F2,14.4264,OK,0
2026-07-08 22:16:54,F2,14.4246,OK,0
2026-07-08 22:17:05,F2,14.4228,OK,0
2026-07-08 22:17:15,F2,14.4209,OK,0
2026-07-08 22:17:25,F2,14.4191,OK,0
2026-07-08 22:17:36,F2,14.4173,OK,0
2026-07-08 22:17:46,F2,14.4155,OK,0
2026-07-08 22:17:57,F2,14.4137,OK,0
2026-07-08 22:18:07,F2,14.4119,OK,0
2026-07-08 22:18:17,F2,14.4101,OK,0
2026-07-08 22:18:28,F2,14.4082,OK,0
2026-07-08 22:18:38,F2,14.4064,OK,0
2026-07-08 22:18:48,F2,14.4046,OK,0
2026-07-08 22:18:59,F2,14.4027,OK,0
2026-07-08 22:19:09,F2,14.4008,OK,0
2026-07-08 22:19:19,F2,14.3990,OK,0
2026-07-08 22:19:30,F2,14.3971,OK,0
2026-07-08 22:19:40,F2,14.3951,OK,0
2026-07-08 22:19:50,F2,14.3932,OK,0
2026-07-08 22:20:01,F2,14.3912,OK,0
2026-07-08 22:20:11,F2,14.3892,OK,0
2026-07-08 22:20:22,F2,14.3872,OK,0
2026-07-08 22:20:32,F2,14.3852,OK,0
2026-07-08 22:20:42,F2,14.3831,OK,0
2026-07-08 22:20:53,F2,14.3810,OK,0
2026-07-08 22:21:03,F2,14.3789,OK,0
2026-07-08 22:21:13,F2,14.3767,OK,0
2026-07-08 22:21:24,F2,14.3745,OK,1
2026-07-08 22:21:34,F2,14.3723,OK,0
2026-07-08 22:21:44,F2,14.3700,OK,0
2026-07-08 22:21:55,F2,14.3677,OK,0
2026-07-08 22:22:05,F2,14.3653,OK,0
2026-07-08 22:22:15,F2,14.3629,OK,0
2026-07-08 22:22:26,F2,14.3605,OK,1
2026-07-08 22:22:36,F2,14.3580,OK,1
2026-07-08 22:22:46,F2,14.3554,OK,1
2026-07-08 22:22:57,F2,14.3528,OK,1
2026-07-08 22:23:07,F2,14.3501,OK,1
2026-07-08 22:23:18,F2,14.3474,OK,0
2026-07-08 22:23:28,F2,14.3447,OK,0
2026-07-08 22:23:38,F2,14.3419,OK,0
2026-07-08 22:23:49,F2,14.3390,OK,0
2026-07-08 22:23:59,F2,14.3361,OK,0
2026-07-08 22:24:10,F2,14.3332,OK,0
2026-07-08 22:24:20,F2,14.3302,OK,0
2026-07-08 22:24:30,F2,14.3273,OK,0
2026-07-08 22:24:41,F2,14.3243,OK,0
2026-07-08 22:24:51,F2,14.3212,OK,0
2026-07-08 22:25:01,F2,14.3182,OK,0
2026-07-08 22:25:12,F2,14.3151,OK,0
2026-07-08 22:25:22,F2,14.3121,OK,0
2026-07-08 22:25:32,F2,14.3090,OK,0
2026-07-08 22:25:43,F2,14.3060,OK,0
2026-07-08 22:25:53,F2,14.3029,OK,0
2026-07-08 22:26:03,F2,14.2998,OK,0
2026-07-08 22:26:14,F2,14.2968,OK,0
2026-07-08 22:26:24,F2,14.2938,OK,0
2026-07-08 22:26:35,F2,14.2907,OK,0
2026-07-08 22:26:45,F2,14.2877,OK,0
2026-07-08 22:26:55,F2,14.2848,OK,0
2026-07-08 22:27:06,F2,14.2818,OK,0
2026-07-08 22:27:16,F2,14.2788,OK,0
2026-07-08 22:27:26,F2,14.2759,OK,0
2026-07-08 22:27:37,F2,14.2730,OK,0
2026-07-08 22:27:47,F2,14.2702,OK,0
2026-07-08 22:27:57,F2,14.2674,OK,0
2026-07-08 22:28:08,F2,14.2646,OK,0
2026-07-08 22:28:18,F2,14.2618,OK,0
2026-07-08 22:28:29,F2,14.2591,OK,0
2026-07-08 22:28:39,F2,14.2564,OK,0
2026-07-08 22:28:49,F2,14.2538,OK,0
2026-07-08 22:29:00,F2,14.2512,OK,0
2026-07-08 22:29:10,F2,14.2487,OK,1
2026-07-08 22:29:20,F2,14.2462,OK,1
2026-07-08 22:29:31,F2,14.2438,OK,1
2026-07-08 22:29:41,F2,14.2414,OK,0
2026-07-08 22:29:51,F2,14.2391,OK,0
2026-07-08 22:30:02,F2,14.2369,OK,0
2026-07-08 22:30:12,F2,14.2346,OK,0
2026-07-08 22:30:23,F2,14.2325,OK,0
2026-07-08 22:30:33,F2,14.2303,OK,0
2026-07-08 22:30:43,F2,14.2283,OK,0
2026-07-08 22:30:54,F2,14.2262,OK,0
2026-07-08 22:31:04,F2,14.2242,OK,0
2026-07-08 22:31:14,F2,14.2222,OK,0
2026-07-08 22:31:25,F2,14.2203,OK,0
2026-07-08 22:31:35,F2,14.2184,OK,0
2026-07-08 22:31:45,F2,14.2165,OK,0
2026-07-08 22:31:56,F2,14.2146,OK,0
2026-07-08 22:32:06,F2,14.2128,OK,0
2026-07-08 22:32:17,F2,14.2109,OK,0
2026-07-08 22:32:27,F2,14.2091,OK,0
2026-07-08 22:32:37,F2,14.2073,OK,0
2026-07-08 22:32:48,F2,14.2055,OK,0
2026-07-08 22:32:58,F2,14.2037,OK,0
2026-07-08 22:33:08,F2,14.2019,OK,0
2026-07-08 22:33:19,F2,14.2002,OK,0
2026-07-08 22:33:29,F2,14.1984,OK,0
2026-07-08 22:33:39,F2,14.1966,OK,0
2026-07-08 22:33:50,F2,14.1948,OK,0
2026-07-08 22:34:00,F2,14.1930,OK,0
2026-07-08 22:34:10,F2,14.1912,OK,1
2026-07-08 22:34:21,F2,14.1894,OK,0
2026-07-08 22:34:31,F2,14.1876,OK,0
2026-07-08 22:34:41,F2,14.1858,OK,0
2026-07-08 22:34:52,F2,14.1839,OK,0
2026-07-08 22:35:02,F2,14.1821,OK,0
2026-07-08 22:35:13,F2,14.1802,OK,0
2026-07-08 22:35:23,F2,14.1783,OK,0
2026-07-08 22:35:33,F2,14.1764,OK,0
2026-07-08 22:35:44,F2,14.1744,OK,0
2026-07-08 22:35:54,F2,14.1724,OK,0
2026-07-08 22:36:04,F2,14.1704,OK,1
2026-07-08 22:36:15,F2,14.1684,OK,1
2026-07-08 22:36:25,F2,14.1663,OK,1
2026-07-08 22:36:35,F2,14.1642,OK,1
2026-07-08 22:36:46,F2,14.1621,OK,1
2026-07-08 22:36:56,F2,14.1599,OK,0
2026-07-08 22:37:06,F2,14.1577,OK,0
2026-07-08 22:37:17,F2,14.1555,OK,0
2026-07-08 22:37:27,F2,14.1532,OK,0
2026-07-08 22:37:37,F2,14.1509,OK,0
2026-07-08 22:37:48,F2,14.1486,OK,0
2026-07-08 22:37:58,F2,14.1462,OK,0
2026-07-08 22:38:09,F2,14.1439,OK,0
2026-07-08 22:38:19,F2,14.1415,OK,0
2026-07-08 22:38:29,F2,14.1391,OK,0
2026-07-08 22:38:40,F2,14.1368,OK,0
2026-07-08 22:38:50,F2,14.1344,OK,0
2026-07-08 22:39:00,F2,14.1320,OK,0
2026-07-08 22:39:11,F2,14.1297,OK,0
2026-07-08 22:39:21,F2,14.1273,OK,0
2026-07-08 22:39:31,F2,14.1250,OK,0
2026-07-08 22:39:42,F2,14.1226,OK,0
2026-07-08 22:39:52,F2,14.1203,OK,0
2026-07-08 22:40:03,F2,14.1181,OK,0
2026-07-08 22:40:13,F2,14.1158,OK,0
2026-07-08 22:40:23,F2,14.1135,OK,0
2026-07-08 22:40:34,F2,14.1113,OK,0
2026-07-08 22:40:44,F2,14.1091,OK,0
2026-07-08 22:40:54,F2,14.1070,OK,0
2026-07-08 22:41:05,F2,14.1048,OK,0
2026-07-08 22:41:15,F2,14.1027,OK,0
2026-07-08 22:41:25,F2,14.1007,OK,0
2026-07-08 22:41:36,F2,14.0987,OK,0
2026-07-08 22:41:46,F2,14.0967,OK,0
2026-07-08 22:41:56,F2,14.0948,OK,0
2026-07-08 22:42:07,F2,14.0929,OK,0
2026-07-08 22:42:17,F2,14.0910,OK,0
2026-07-08 22:42:28,F2,14.0892,OK,0
2026-07-08 22:42:38,F2,14.0875,OK,0
2026-07-08 22:42:48,F2,14.0858,OK,0
2026-07-08 22:42:59,F2,14.0842,OK,0
2026-07-08 22:43:09,F2,14.0826,OK,0
2026-07-08 22:43:19,F2,14.0811,OK,0
2026-07-08 22:43:30,F2,14.0796,OK,1
2026-07-08 22:43:40,F2,14.0782,OK,1
2026-07-08 22:43:50,F2,14.0769,OK,1
2026-07-08 22:44:01,F2,14.0756,OK,1
2026-07-08 22:44:11,F2,14.0744,OK,0
2026-07-08 22:44:22,F2,14.0733,OK,0
2026-07-08 22:44:32,F2,14.0722,OK,0
2026-07-08 22:44:42,F2,14.0712,OK,0
2026-07-08 22:44:53,F2,14.0703,OK,0
2026-07-08 22:45:03,F2,14.0694,OK,0
2026-07-08 22:45:13,F2,14.0685,OK,0
2026-07-08 22:45:24,F2,14.0677,OK,0
2026-07-08 22:45:34,F2,14.0670,OK,0
2026-07-08 22:45:44,F2,14.0662,OK,0
2026-07-08 22:45:55,F2,14.0656,OK,0
2026-07-08 22:46:05,F2,14.0649,OK,0
2026-07-08 22:46:16,F2,14.0643,OK,0
2026-07-08 22:46:26,F2,14.0636,OK,0
2026-07-08 22:46:36,F2,14.0630,OK,1
2026-07-08 22:46:47,F2,14.0624,OK,1
2026-07-08 22:46:57,F2,14.0619,OK,1
2026-07-08 22:47:07,F2,14.0613,OK,0
2026-07-08 22:47:18,F2,14.0607,OK,0
2026-07-08 22:47:28,F2,14.0602,OK,0
2026-07-08 22:47:38,F2,14.0596,OK,0
2026-07-08 22:47:49,F2,14.0590,OK,0
2026-07-08 22:47:59,F2,14.0584,OK,0
2026-07-08 22:48:09,F2,14.0578,OK,0
2026-07-08 22:48:20,F2,14.0572,OK,0
2026-07-08 22:48:30,F2,14.0566,OK,0
2026-07-08 22:48:41,F2,14.0559,OK,0
2026-07-08 22:48:51,F2,14.0553,OK,0
2026-07-08 22:49:01,F2,14.0546,OK,0
2026-07-08 22:49:12,F2,14.0538,OK,0
2026-07-08 22:49:22,F2,14.0531,OK,0
2026-07-08 22:49:32,F2,14.0523,OK,0
2026-07-08 22:49:43,F2,14.0514,OK,0
2026-07-08 22:49:53,F2,14.0506,OK,0
2026-07-08 22:50:03,F2,14.0497,OK,0
2026-07-08 22:50:14,F2,14.0487,OK,0
2026-07-08 22:50:24,F2,14.0477,OK,1
2026-07-08 22:50:34,F2,14.0467,OK,1
2026-07-08 22:50:45,F2,14.0456,OK,1
2026-07-08 22:50:55,F2,14.0444,OK,1
2026-07-08 22:51:06,F2,14.0432,OK,1
2026-07-08 22:51:16,F2,14.0420,OK,1
2026-07-08 22:51:26,F2,14.0407,OK,1
2026-07-08 22:51:37,F2,14.0393,OK,0
2026-07-08 22:51:47,F2,14.0379,OK,0
2026-07-08 22:51:57,F2,14.0364,OK,0
2026-07-08 22:52:08,F2,14.0349,OK,0
2026-07-08 22:52:18,F2,14.0333,OK,0
2026-07-08 22:52:28,F2,14.0317,OK,0
2026-07-08 22:52:39,F2,14.0300,OK,0
2026-07-08 22:52:49,F2,14.0283,OK,0
2026-07-08 22:53:00,F2,14.0265,OK,0
2026-07-08 22:53:10,F2,14.0248,OK,0
2026-07-08 22:53:20,F2,14.0230,OK,0
2026-07-08 22:53:31,F2,14.0211,OK,0
2026-07-08 22:53:41,F2,14.0193,OK,0
2026-07-08 22:53:51,F2,14.0174,OK,0
2026-07-08 22:54:02,F2,14.0156,OK,0
2026-07-08 22:54:12,F2,14.0137,OK,0
2026-07-08 22:54:22,F2,14.0118,OK,0
2026-07-08 22:54:33,F2,14.0100,OK,0
2026-07-08 22:54:43,F2,14.0081,OK,0
2026-07-08 22:54:53,F2,14.0062,OK,0
2026-07-08 22:55:04,F2,14.0044,OK,0
2026-07-08 22:55:14,F2,14.0025,OK,0
2026-07-08 22:55:25,F2,14.0007,OK,0
2026-07-08 22:55:35,F2,13.9989,OK,0
2026-07-08 22:55:45,F2,13.9971,OK,0
2026-07-08 22:55:56,F2,13.9953,OK,0
2026-07-08 22:56:06,F2,13.9936,OK,0
2026-07-08 22:56:16,F2,13.9918,OK,0
2026-07-08 22:56:27,F2,13.9901,OK,0
2026-07-08 22:56:37,F2,13.9885,OK,0
2026-07-08 22:56:47,F2,13.9868,OK,0
2026-07-08 22:56:58,F2,13.9852,OK,0
2026-07-08 22:57:08,F2,13.9837,OK,0
2026-07-08 22:57:18,F2,13.9822,OK,0
2026-07-08 22:57:29,F2,13.9807,OK,0
2026-07-08 22:57:39,F2,13.9792,OK,0
2026-07-08 22:57:50,F2,13.9778,OK,0
2026-07-08 22:58:00,F2,13.9765,OK,0
2026-07-08 22:58:10,F2,13.9752,OK,0
2026-07-08 22:58:21,F2,13.9739,OK,0
2026-07-08 22:58:31,F2,13.9727,OK,0
2026-07-08 22:58:41,F2,13.9715,OK,1
2026-07-08 22:58:52,F2,13.9704,OK,1
2026-07-08 22:59:02,F2,13.9693,OK,1
2026-07-08 22:59:12,F2,13.9683,OK,1
2026-07-08 22:59:23,F2,13.9673,OK,0
2026-07-08 22:59:33,F2,13.9664,OK,0
2026-07-08 22:59:43,F2,13.9656,OK,0
2026-07-08 22:59:54,F2,13.9648,OK,0
2026-07-08 23:00:04,F2,13.9640,OK,0
2026-07-08 23:00:15,F2,13.9633,OK,0
2026-07-08 23:00:25,F2,13.9626,OK,0
2026-07-08 23:00:35,F2,13.9620,OK,0
2026-07-08 23:00:46,F2,13.9614,OK,0
2026-07-08 23:00:56,F2,13.9608,OK,0
2026-07-08 23:01:06,F2,13.9602,OK,0
2026-07-08 23:01:17,F2,13.9597,OK,0
2026-07-08 23:01:27,F2,13.9592,OK,0
2026-07-08 23:01:37,F2,13.9587,OK,0
2026-07-08 23:01:48,F2,13.9582,OK,0
2026-07-08 23:01:58,F2,13.9578,OK,0
2026-07-08 23:02:08,F2,13.9573,OK,0
2026-07-08 23:02:19,F2,13.9569,OK,0
2026-07-08 23:02:29,F2,13.9565,OK,0
2026-07-08 23:02:40,F2,13.9560,OK,0
2026-07-08 23:02:50,F2,13.9556,OK,0
2026-07-08 23:03:00,F2,13.9552,OK,0
2026-07-08 23:03:11,F2,13.9547,OK,0
2026-07-08 23:03:21,F2,13.9543,OK,0
2026-07-08 23:03:31,F2,13.9538,OK,0
2026-07-08 23:03:42,F2,13.9533,OK,0
2026-07-08 23:03:52,F2,13.9528,OK,0
2026-07-08 23:04:02,F2,13.9523,OK,0
2026-07-08 23:04:13,F2,13.9517,OK,0
2026-07-08 23:04:23,F2,13.9511,OK,0
2026-07-08 23:04:34,F2,13.9505,OK,0
2026-07-08 23:04:44,F2,13.9499,OK,1
2026-07-08 23:04:54,F2,13.9492,OK,1
2026-07-08 23:05:05,F2,13.9485,OK,1
2026-07-08 23:05:15,F2,13.9477,OK,1
2026-07-08 23:05:25,F2,13.9469,OK,0
2026-07-08 23:05:36,F2,13.9461,OK,0
2026-07-08 23:05:46,F2,13.9452,OK,0
2026-07-08 23:05:57,F2,13.9443,OK,0
2026-07-08 23:06:07,F2,13.9433,OK,0
2026-07-08 23:06:17,F2,13.9423,OK,0
2026-07-08 23:06:28,F2,13.9413,OK,0
2026-07-08 23:06:38,F2,13.9402,OK,0
2026-07-08 23:06:48,F2,13.9391,OK,0
2026-07-08 23:06:59,F2,13.9380,OK,0
2026-07-08 23:07:09,F2,13.9368,OK,0
2026-07-08 23:07:19,F2,13.9357,OK,0
2026-07-08 23:07:30,F2,13.9345,OK,0
2026-07-08 23:07:40,F2,13.9333,OK,0
2026-07-08 23:07:51,F2,13.9321,OK,0
2026-07-08 23:08:01,F2,13.9308,OK,0
2026-07-08 23:08:11,F2,13.9296,OK,0
2026-07-08 23:08:22,F2,13.9284,OK,0
2026-07-08 23:08:32,F2,13.9272,OK,0
2026-07-08 23:08:42,F2,13.9260,OK,0
2026-07-08 23:08:53,F2,13.9248,OK,0
2026-07-08 23:09:03,F2,13.9236,OK,0
2026-07-08 23:09:13,F2,13.9224,OK,0
2026-07-08 23:09:24,F2,13.9213,OK,0
2026-07-08 23:09:34,F2,13.9202,OK,0
2026-07-08 23:09:45,F2,13.9191,OK,0
2026-07-08 23:09:55,F2,13.9181,OK,0
2026-07-08 23:10:05,F2,13.9171,OK,0
2026-07-08 23:10:16,F2,13.9161,OK,0
2026-07-08 23:10:26,F2,13.9152,OK,0
2026-07-08 23:10:36,F2,13.9143,OK,0
2026-07-08 23:10:47,F2,13.9135,OK,0
2026-07-08 23:10:57,F2,13.9127,OK,0
2026-07-08 23:11:07,F2,13.9120,OK,0
2026-07-08 23:11:18,F2,13.9113,OK,0
2026-07-08 23:11:28,F2,13.9107,OK,0
2026-07-08 23:11:38,F2,13.9101,OK,0
2026-07-08 23:11:49,F2,13.9096,OK,0
2026-07-08 23:11:59,F2,13.9092,OK,0
2026-07-08 23:12:09,F2,13.9088,OK,1
2026-07-08 23:12:20,F2,13.9085,OK,0
2026-07-08 23:12:30,F2,13.9082,OK,1
2026-07-08 23:12:41,F2,13.9080,OK,0
2026-07-08 23:12:51,F2,13.9079,OK,0
2026-07-08 23:13:01,F2,13.9079,OK,0
2026-07-08 23:13:12,F2,13.9079,OK,0
2026-07-08 23:13:22,F2,13.9080,OK,0
2026-07-08 23:13:32,F2,13.9081,OK,0
2026-07-08 23:13:43,F2,13.9083,OK,0
2026-07-08 23:13:53,F2,13.9086,OK,0
2026-07-08 23:14:03,F2,13.9089,OK,0
2026-07-08 23:14:14,F2,13.9093,OK,0
2026-07-08 23:14:24,F2,13.9097,OK,0
2026-07-08 23:14:34,F2,13.9102,OK,0
2026-07-08 23:14:45,F2,13.9106,OK,0
2026-07-08 23:14:55,F2,13.9112,OK,0
2026-07-08 23:15:06,F2,13.9117,OK,0
2026-07-08 23:15:16,F2,13.9123,OK,0
2026-07-08 23:15:26,F2,13.9129,OK,0
2026-07-08 23:15:37,F2,13.9136,OK,0
2026-07-08 23:15:47,F2,13.9142,OK,0
2026-07-08 23:15:57,F2,13.9149,OK,0
2026-07-08 23:16:08,F2,13.9155,OK,0
2026-07-08 23:16:18,F2,13.9162,OK,0
2026-07-08 23:16:29,F2,13.9168,OK,0
2026-07-08 23:16:39,F2,13.9174,OK,0
2026-07-08 23:16:49,F2,13.9181,OK,0
2026-07-08 23:17:00,F2,13.9187,OK,0
2026-07-08 23:17:10,F2,13.9193,OK,0
2026-07-08 23:17:20,F2,13.9199,OK,0
2026-07-08 23:17:31,F2,13.9204,OK,0
2026-07-08 23:17:41,F2,13.9210,OK,0
2026-07-08 23:17:51,F2,13.9215,OK,0
2026-07-08 23:18:02,F2,13.9219,OK,0
2026-07-08 23:18:12,F2,13.9224,OK,0
2026-07-08 23:18:23,F2,13.9228,OK,0
2026-07-08 23:18:33,F2,13.9232,OK,0
2026-07-08 23:18:43,F2,13.9235,OK,1
2026-07-08 23:18:54,F2,13.9238,OK,1
2026-07-08 23:19:04,F2,13.9240,OK,1
2026-07-08 23:19:14,F2,13.9242,OK,1
2026-07-08 23:19:25,F2,13.9243,OK,1
2026-07-08 23:19:35,F2,13.9244,OK,0
2026-07-08 23:19:45,F2,13.9245,OK,0
2026-07-08 23:19:56,F2,13.9245,OK,0
2026-07-08 23:20:06,F2,13.9244,OK,0
2026-07-08 23:20:17,F2,13.9244,OK,0
2026-07-08 23:20:27,F2,13.9243,OK,0
2026-07-08 23:20:37,F2,13.9241,OK,0
2026-07-08 23:20:48,F2,13.9240,OK,0
2026-07-08 23:20:58,F2,13.9238,OK,0
2026-07-08 23:21:08,F2,13.9236,OK,0
2026-07-08 23:21:19,F2,13.9234,OK,0
2026-07-08 23:21:29,F2,13.9232,OK,0
2026-07-08 23:21:39,F2,13.9229,OK,0
2026-07-08 23:21:50,F2,13.9227,OK,0
2026-07-08 23:22:00,F2,13.9225,OK,0
2026-07-08 23:22:10,F2,13.9222,OK,0
2026-07-08 23:22:21,F2,13.9220,OK,0
2026-07-08 23:22:31,F2,13.9218,OK,0
2026-07-08 23:22:42,F2,13.9216,OK,0
2026-07-08 23:22:52,F2,13.9214,OK,0
2026-07-08 23:23:02,F2,13.9212,OK,0
2026-07-08 23:23:13,F2,13.9210,OK,0
2026-07-08 23:23:23,F2,13.9209,OK,0
2026-07-08 23:23:33,F2,13.9208,OK,0
2026-07-08 23:23:44,F2,13.9207,OK,0
2026-07-08 23:23:54,F2,13.9206,OK,0
2026-07-08 23:24:05,F2,13.9206,OK,0
2026-07-08 23:24:15,F2,13.9205,OK,0
2026-07-08 23:24:25,F2,13.9206,OK,0
2026-07-08 23:24:36,F2,13.9206,OK,0
2026-07-08 23:24:46,F2,13.9207,OK,1
2026-07-08 23:24:56,F2,13.9208,OK,1
2026-07-08 23:25:07,F2,13.9210,OK,1
2026-07-08 23:25:17,F2,13.9212,OK,0
2026-07-08 23:25:27,F2,13.9214,OK,0
2026-07-08 23:25:38,F2,13.9217,OK,0
2026-07-08 23:25:48,F2,13.9220,OK,0
2026-07-08 23:25:58,F2,13.9223,OK,0
2026-07-08 23:26:09,F2,13.9227,OK,0
2026-07-08 23:26:19,F2,13.9230,OK,0
2026-07-08 23:26:30,F2,13.9234,OK,0
2026-07-08 23:26:40,F2,13.9238,OK,0
2026-07-08 23:26:50,F2,13.9243,OK,0
2026-07-08 23:27:01,F2,13.9247,OK,0
2026-07-08 23:27:11,F2,13.9252,OK,0
2026-07-08 23:27:21,F2,13.9256,OK,0
2026-07-08 23:27:32,F2,13.9260,OK,0
2026-07-08 23:27:42,F2,13.9265,OK,0
2026-07-08 23:27:53,F2,13.9269,OK,0
2026-07-08 23:28:03,F2,13.9274,OK,0
2026-07-08 23:28:13,F2,13.9278,OK,0
2026-07-08 23:28:24,F2,13.9282,OK,0
2026-07-08 23:28:34,F2,13.9286,OK,0
2026-07-08 23:28:44,F2,13.9290,OK,0
2026-07-08 23:28:55,F2,13.9293,OK,0
2026-07-08 23:29:05,F2,13.9296,OK,0
2026-07-08 23:29:15,F2,13.9300,OK,0
2026-07-08 23:29:26,F2,13.9302,OK,0
2026-07-08 23:29:36,F2,13.9305,OK,0
2026-07-08 23:29:46,F2,13.9307,OK,0
2026-07-08 23:29:57,F2,13.9309,OK,0
2026-07-08 23:30:07,F2,13.9310,OK,0
2026-07-08 23:30:18,F2,13.9312,OK,0
2026-07-08 23:30:28,F2,13.9312,OK,0
2026-07-08 23:30:38,F2,13.9312,OK,0
2026-07-08 23:30:49,F2,13.9312,OK,0
2026-07-08 23:30:59,F2,13.9312,OK,0
2026-07-08 23:31:09,F2,13.9310,OK,0
2026-07-08 23:31:20,F2,13.9309,OK,1
2026-07-08 23:31:30,F2,13.9306,OK,1
2026-07-08 23:31:40,F2,13.9303,OK,1
2026-07-08 23:31:51,F2,13.9300,OK,1
2026-07-08 23:32:01,F2,13.9296,OK,1
2026-07-08 23:32:11,F2,13.9291,OK,1
2026-07-08 23:32:22,F2,13.9286,OK,0
2026-07-08 23:32:32,F2,13.9280,OK,0
2026-07-08 23:32:43,F2,13.9273,OK,0
2026-07-08 23:32:53,F2,13.9266,OK,0
2026-07-08 23:33:03,F2,13.9259,OK,0
2026-07-08 23:33:14,F2,13.9251,OK,0
2026-07-08 23:33:24,F2,13.9243,OK,0
2026-07-08 23:33:34,F2,13.9234,OK,0
2026-07-08 23:33:45,F2,13.9225,OK,0
2026-07-08 23:33:55,F2,13.9216,OK,1
2026-07-08 23:34:05,F2,13.9206,OK,0
2026-07-08 23:34:16,F2,13.9196,OK,0
2026-07-08 23:34:26,F2,13.9186,OK,0
2026-07-08 23:34:37,F2,13.9176,OK,0
2026-07-08 23:34:47,F2,13.9166,OK,0
2026-07-08 23:34:57,F2,13.9156,OK,0
2026-07-08 23:35:08,F2,13.9146,OK,0
2026-07-08 23:35:18,F2,13.9135,OK,0
2026-07-08 23:35:28,F2,13.9125,OK,0
2026-07-08 23:35:39,F2,13.9114,OK,0
2026-07-08 23:35:49,F2,13.9104,OK,0
2026-07-08 23:36:00,F2,13.9093,OK,0
2026-07-08 23:36:10,F2,13.9083,OK,0
2026-07-08 23:36:20,F2,13.9073,OK,0
2026-07-08 23:36:31,F2,13.9063,OK,0
2026-07-08 23:36:41,F2,13.9053,OK,0
2026-07-08 23:36:51,F2,13.9044,OK,0
2026-07-08 23:37:02,F2,13.9034,OK,0
2026-07-08 23:37:12,F2,13.9025,OK,0
2026-07-08 23:37:22,F2,13.9016,OK,0
2026-07-08 23:37:33,F2,13.9007,OK,1
2026-07-08 23:37:43,F2,13.8999,OK,1
2026-07-08 23:37:53,F2,13.8991,OK,0
2026-07-08 23:38:04,F2,13.8984,OK,0
2026-07-08 23:38:14,F2,13.8976,OK,0
2026-07-08 23:38:25,F2,13.8969,OK,0
2026-07-08 23:38:35,F2,13.8962,OK,0
2026-07-08 23:38:45,F2,13.8956,OK,0
2026-07-08 23:38:56,F2,13.8950,OK,0
2026-07-08 23:39:06,F2,13.8944,OK,0
2026-07-08 23:39:16,F2,13.8938,OK,0
2026-07-08 23:39:27,F2,13.8933,OK,0
2026-07-08 23:39:37,F2,13.8927,OK,0
2026-07-08 23:39:47,F2,13.8922,OK,0
2026-07-08 23:39:58,F2,13.8917,OK,0
2026-07-08 23:40:08,F2,13.8912,OK,0
2026-07-08 23:40:18,F2,13.8907,OK,0
2026-07-08 23:40:29,F2,13.8902,OK,0
2026-07-08 23:40:39,F2,13.8898,OK,0
2026-07-08 23:40:50,F2,13.8893,OK,0
2026-07-08 23:41:00,F2,13.8888,OK,0
2026-07-08 23:41:10,F2,13.8883,OK,0
2026-07-08 23:41:21,F2,13.8878,OK,0
2026-07-08 23:41:31,F2,13.8872,OK,0
2026-07-08 23:41:41,F2,13.8867,OK,0
2026-07-08 23:41:52,F2,13.8861,OK,0
2026-07-08 23:42:02,F2,13.8856,OK,0
2026-07-08 23:42:12,F2,13.8850,OK,0
2026-07-08 23:42:23,F2,13.8843,OK,0
2026-07-08 23:42:33,F2,13.8837,OK,0
2026-07-08 23:42:44,F2,13.8830,OK,0
2026-07-08 23:42:54,F2,13.8823,OK,0
2026-07-08 23:43:04,F2,13.8816,OK,0
2026-07-08 23:43:15,F2,13.8808,OK,0
2026-07-08 23:43:25,F2,13.8800,OK,0
2026-07-08 23:43:35,F2,13.8791,OK,0
2026-07-08 23:43:46,F2,13.8782,OK,0
2026-07-08 23:43:56,F2,13.8773,OK,0
2026-07-08 23:44:06,F2,13.8763,OK,0
2026-07-08 23:44:17,F2,13.8752,OK,0
2026-07-08 23:44:27,F2,13.8741,OK,1
2026-07-08 23:44:37,F2,13.8730,OK,1
2026-07-08 23:44:48,F2,13.8718,OK,1
2026-07-08 23:44:58,F2,13.8706,OK,1
2026-07-08 23:45:09,F2,13.8693,OK,1
2026-07-08 23:45:19,F2,13.8680,OK,0
2026-07-08 23:45:29,F2,13.8666,OK,0
2026-07-08 23:45:40,F2,13.8651,OK,0
2026-07-08 23:45:50,F2,13.8636,OK,0
2026-07-08 23:46:00,F2,13.8621,OK,0
2026-07-08 23:46:11,F2,13.8605,OK,0
2026-07-08 23:46:21,F2,13.8589,OK,0
2026-07-08 23:46:31,F2,13.8573,OK,0
2026-07-08 23:46:42,F2,13.8556,OK,0
2026-07-08 23:46:52,F2,13.8540,OK,0
2026-07-08 23:47:03,F2,13.8523,OK,0
2026-07-08 23:47:13,F2,13.8506,OK,0
2026-07-08 23:47:23,F2,13.8488,OK,0
2026-07-08 23:47:34,F2,13.8471,OK,0
2026-07-08 23:47:44,F2,13.8454,OK,0
2026-07-08 23:47:54,F2,13.8437,OK,0
2026-07-08 23:48:05,F2,13.8419,OK,0
2026-07-08 23:48:15,F2,13.8402,OK,0
2026-07-08 23:48:25,F2,13.8385,OK,0
2026-07-08 23:48:36,F2,13.8369,OK,0
2026-07-08 23:48:46,F2,13.8352,OK,0
2026-07-08 23:48:57,F2,13.8335,OK,0
2026-07-08 23:49:07,F2,13.8319,OK,0
2026-07-08 23:49:17,F2,13.8303,OK,0
2026-07-08 23:49:28,F2,13.8288,OK,0
2026-07-08 23:49:38,F2,13.8273,OK,0
2026-07-08 23:49:48,F2,13.8258,OK,0
2026-07-08 23:49:59,F2,13.8243,OK,1
2026-07-08 23:50:09,F2,13.8229,OK,1
2026-07-08 23:50:20,F2,13.8215,OK,1
2026-07-08 23:50:30,F2,13.8202,OK,1
2026-07-08 23:50:40,F2,13.8189,OK,0
2026-07-08 23:50:51,F2,13.8177,OK,0
2026-07-08 23:51:01,F2,13.8165,OK,0
2026-07-08 23:51:11,F2,13.8153,OK,0
2026-07-08 23:51:22,F2,13.8142,OK,0
2026-07-08 23:51:32,F2,13.8132,OK,0
2026-07-08 23:51:42,F2,13.8122,OK,0
2026-07-08 23:51:53,F2,13.8112,OK,0
2026-07-08 23:52:03,F2,13.8102,OK,0
2026-07-08 23:52:13,F2,13.8093,OK,0
2026-07-08 23:52:24,F2,13.8084,OK,0
2026-07-08 23:52:34,F2,13.8076,OK,0
2026-07-08 23:52:45,F2,13.8067,OK,0
2026-07-08 23:52:55,F2,13.8059,OK,0
2026-07-08 23:53:05,F2,13.8051,OK,0
2026-07-08 23:53:16,F2,13.8043,OK,0
2026-07-08 23:53:26,F2,13.8035,OK,0
2026-07-08 23:53:36,F2,13.8027,OK,0
2026-07-08 23:53:47,F2,13.8019,OK,0
2026-07-08 23:53:57,F2,13.8011,OK,0
2026-07-08 23:54:07,F2,13.8004,OK,0
2026-07-08 23:54:18,F2,13.7996,OK,0
2026-07-08 23:54:28,F2,13.7987,OK,0
2026-07-08 23:54:39,F2,13.7979,OK,0
2026-07-08 23:54:49,F2,13.7971,OK,0
2026-07-08 23:54:59,F2,13.7962,OK,0
2026-07-08 23:55:10,F2,13.7953,OK,0
2026-07-08 23:55:20,F2,13.7944,OK,0
2026-07-08 23:55:31,F2,13.7935,OK,1
2026-07-08 23:55:41,F2,13.7925,OK,0
2026-07-08 23:55:51,F2,13.7915,OK,0
2026-07-08 23:56:02,F2,13.7905,OK,0
2026-07-08 23:56:12,F2,13.7894,OK,0
2026-07-08 23:56:22,F2,13.7883,OK,0
2026-07-08 23:56:33,F2,13.7871,OK,0
2026-07-08 23:56:43,F2,13.7859,OK,0
2026-07-08 23:56:54,F2,13.7847,OK,0
2026-07-08 23:57:04,F2,13.7834,OK,0
2026-07-08 23:57:14,F2,13.7821,OK,0
2026-07-08 23:57:25,F2,13.7807,OK,0
2026-07-08 23:57:35,F2,13.7792,OK,0
2026-07-08 23:57:45,F2,13.7777,OK,1
2026-07-08 23:57:56,F2,13.7762,OK,1
2026-07-08 23:58:06,F2,13.7746,OK,1
2026-07-08 23:58:16,F2,13.7730,OK,1
2026-07-08 23:58:27,F2,13.7713,OK,1
2026-07-08 23:58:37,F2,13.7695,OK,1
2026-07-08 23:58:47,F2,13.7677,OK,0
2026-07-08 23:58:58,F2,13.7658,OK,0
2026-07-08 23:59:08,F2,13.7639,OK,0
2026-07-08 23:59:19,F2,13.7619,OK,0
2026-07-08 23:59:29,F2,13.7599,OK,0
2026-07-08 23:59:39,F2,13.7578,OK,0
2026-07-08 23:59:50,F2,13.7558,OK,0
2026-07-09 00:00:00,F2,13.7536,OK,0
2026-07-09 00:00:10,F2,13.7515,OK,0
2026-07-09 00:00:21,F2,13.7494,OK,0
2026-07-09 00:00:31,F2,13.7472,OK,0
2026-07-09 00:00:41,F2,13.7450,OK,0
2026-07-09 00:00:52,F2,13.7428,OK,0
2026-07-09 00:01:02,F2,13.7406,OK,0
2026-07-09 00:01:13,F2,13.7384,OK,0
2026-07-09 00:01:23,F2,13.7362,OK,0
2026-07-09 00:01:33,F2,13.7339,OK,0
2026-07-09 00:01:44,F2,13.7317,OK,0
2026-07-09 00:01:54,F2,13.7295,OK,0
2026-07-09 00:02:04,F2,13.7273,OK,0
2026-07-09 00:02:15,F2,13.7252,OK,0
2026-07-09 00:02:25,F2,13.7230,OK,0
2026-07-09 00:02:35,F2,13.7208,OK,0
2026-07-09 00:02:46,F2,13.7187,OK,0
2026-07-09 00:02:56,F2,13.7166,OK,0
2026-07-09 00:03:07,F2,13.7144,OK,0
2026-07-09 00:03:17,F2,13.7124,OK,0
2026-07-09 00:03:27,F2,13.7103,OK,0
2026-07-09 00:03:38,F2,13.7082,OK,1
2026-07-09 00:03:48,F2,13.7062,OK,1
2026-07-09 00:03:58,F2,13.7042,OK,0
2026-07-09 00:04:09,F2,13.7022,OK,0
2026-07-09 00:04:19,F2,13.7003,OK,0
2026-07-09 00:04:29,F2,13.6983,OK,0
2026-07-09 00:04:40,F2,13.6964,OK,0
2026-07-09 00:04:50,F2,13.6946,OK,0
2026-07-09 00:05:00,F2,13.6927,OK,0
2026-07-09 00:05:11,F2,13.6908,OK,0
2026-07-09 00:05:21,F2,13.6890,OK,0
2026-07-09 00:05:32,F2,13.6872,OK,0
2026-07-09 00:05:42,F2,13.6854,OK,0
2026-07-09 00:05:52,F2,13.6836,OK,0
2026-07-09 00:06:03,F2,13.6818,OK,0
2026-07-09 00:06:13,F2,13.6800,OK,0
2026-07-09 00:06:23,F2,13.6783,OK,0
2026-07-09 00:06:34,F2,13.6765,OK,0
2026-07-09 00:06:44,F2,13.6747,OK,0
2026-07-09 00:06:54,F2,13.6729,OK,0
2026-07-09 00:07:05,F2,13.6712,OK,0
2026-07-09 00:07:15,F2,13.6694,OK,0
2026-07-09 00:07:25,F2,13.6676,OK,0
2026-07-09 00:07:36,F2,13.6658,OK,0
2026-07-09 00:07:46,F2,13.6640,OK,0
2026-07-09 00:07:57,F2,13.6622,OK,0
2026-07-09 00:08:07,F2,13.6604,OK,0
2026-07-09 00:08:17,F2,13.6585,OK,0
2026-07-09 00:08:28,F2,13.6566,OK,0
2026-07-09 00:08:38,F2,13.6548,OK,0
2026-07-09 00:08:48,F2,13.6529,OK,0
2026-07-09 00:08:59,F2,13.6510,OK,0
2026-07-09 00:09:09,F2,13.6490,OK,0
2026-07-09 00:09:19,F2,13.6471,OK,0
2026-07-09 00:09:30,F2,13.6451,OK,0
2026-07-09 00:09:40,F2,13.6430,OK,0
2026-07-09 00:09:51,F2,13.6410,OK,0
2026-07-09 00:10:01,F2,13.6389,OK,0
2026-07-09 00:10:11,F2,13.6368,OK,0
2026-07-09 00:10:22,F2,13.6347,OK,0
2026-07-09 00:10:32,F2,13.6325,OK,0
2026-07-09 00:10:42,F2,13.6302,OK,0
2026-07-09 00:10:53,F2,13.6280,OK,0
2026-07-09 00:11:03,F2,13.6257,OK,0
2026-07-09 00:11:13,F2,13.6233,OK,0
2026-07-09 00:11:24,F2,13.6209,OK,0
2026-07-09 00:11:34,F2,13.6185,OK,0
2026-07-09 00:11:45,F2,13.6160,OK,0
2026-07-09 00:11:55,F2,13.6135,OK,0
2026-07-09 00:12:05,F2,13.6109,OK,0
2026-07-09 00:12:16,F2,13.6083,OK,0
2026-07-09 00:12:26,F2,13.6057,OK,1
2026-07-09 00:12:36,F2,13.6029,OK,1
2026-07-09 00:12:47,F2,13.6002,OK,1
2026-07-09 00:12:57,F2,13.5974,OK,1
2026-07-09 00:13:07,F2,13.5945,OK,1
2026-07-09 00:13:18,F2,13.5916,OK,0
2026-07-09 00:13:28,F2,13.5887,OK,0
2026-07-09 00:13:38,F2,13.5857,OK,0
2026-07-09 00:13:49,F2,13.5826,OK,0
2026-07-09 00:13:59,F2,13.5796,OK,0
2026-07-09 00:14:10,F2,13.5765,OK,0
2026-07-09 00:14:20,F2,13.5734,OK,0
2026-07-09 00:14:30,F2,13.5702,OK,0
2026-07-09 00:14:41,F2,13.5671,OK,0
2026-07-09 00:14:51,F2,13.5639,OK,0
2026-07-09 00:15:01,F2,13.5607,OK,0
2026-07-09 00:15:12,F2,13.5575,OK,0
2026-07-09 00:15:22,F2,13.5543,OK,0
2026-07-09 00:15:33,F2,13.5511,OK,0
2026-07-09 00:15:43,F2,13.5479,OK,0
2026-07-09 00:15:53,F2,13.5447,OK,0
2026-07-09 00:16:04,F2,13.5415,OK,0
2026-07-09 00:16:14,F2,13.5383,OK,0
2026-07-09 00:16:24,F2,13.5352,OK,0
2026-07-09 00:16:35,F2,13.5320,OK,0
2026-07-09 00:16:45,F2,13.5289,OK,0
2026-07-09 00:16:55,F2,13.5258,OK,0
2026-07-09 00:17:06,F2,13.5227,OK,0
2026-07-09 00:17:16,F2,13.5197,OK,0
2026-07-09 00:17:26,F2,13.5167,OK,0
2026-07-09 00:17:37,F2,13.5137,OK,0
2026-07-09 00:17:47,F2,13.5108,OK,0
2026-07-09 00:17:58,F2,13.5079,OK,0
2026-07-09 00:18:08,F2,13.5050,OK,1
2026-07-09 00:18:18,F2,13.5022,OK,0
2026-07-09 00:18:29,F2,13.4994,OK,0
2026-07-09 00:18:39,F2,13.4967,OK,0
2026-07-09 00:18:49,F2,13.4940,OK,0
2026-07-09 00:19:00,F2,13.4914,OK,0
2026-07-09 00:19:10,F2,13.4888,OK,0
2026-07-09 00:19:20,F2,13.4863,OK,0
2026-07-09 00:19:31,F2,13.4838,OK,0
2026-07-09 00:19:41,F2,13.4813,OK,0
2026-07-09 00:19:51,F2,13.4789,OK,0
2026-07-09 00:20:02,F2,13.4765,OK,0
2026-07-09 00:20:12,F2,13.4742,OK,0
2026-07-09 00:20:23,F2,13.4719,OK,0
2026-07-09 00:20:33,F2,13.4696,OK,0
2026-07-09 00:20:43,F2,13.4674,OK,0
2026-07-09 00:20:54,F2,13.4652,OK,0
2026-07-09 00:21:04,F2,13.4630,OK,0
2026-07-09 00:21:14,F2,13.4608,OK,0
2026-07-09 00:21:25,F2,13.4587,OK,0
2026-07-09 00:21:35,F2,13.4565,OK,0
2026-07-09 00:21:45,F2,13.4544,OK,0
2026-07-09 00:21:56,F2,13.4522,OK,0
2026-07-09 00:22:06,F2,13.4501,OK,0
2026-07-09 00:22:17,F2,13.4480,OK,0
2026-07-09 00:22:27,F2,13.4459,OK,0
2026-07-09 00:22:37,F2,13.4438,OK,0
2026-07-09 00:22:48,F2,13.4416,OK,0
2026-07-09 00:22:58,F2,13.4395,OK,0
2026-07-09 00:23:08,F2,13.4373,OK,0
2026-07-09 00:23:19,F2,13.4352,OK,0
2026-07-09 00:23:29,F2,13.4330,OK,0
2026-07-09 00:23:39,F2,13.4308,OK,0
2026-07-09 00:23:50,F2,13.4286,OK,0
2026-07-09 00:24:00,F2,13.4263,OK,0
2026-07-09 00:24:10,F2,13.4240,OK,0
2026-07-09 00:24:21,F2,13.4217,OK,0
2026-07-09 00:24:31,F2,13.4194,OK,1
2026-07-09 00:24:42,F2,13.4170,OK,1
2026-07-09 00:24:52,F2,13.4146,OK,1
2026-07-09 00:25:02,F2,13.4122,OK,0
2026-07-09 00:25:13,F2,13.4097,OK,0
2026-07-09 00:25:23,F2,13.4071,OK,0
2026-07-09 00:25:33,F2,13.4046,OK,0
2026-07-09 00:25:44,F2,13.4020,OK,0
2026-07-09 00:25:54,F2,13.3993,OK,0
2026-07-09 00:26:04,F2,13.3966,OK,0
2026-07-09 00:26:15,F2,13.3939,OK,0
2026-07-09 00:26:25,F2,13.3911,OK,0
2026-07-09 00:26:35,F2,13.3882,OK,1
2026-07-09 00:26:46,F2,13.3853,OK,1
2026-07-09 00:26:56,F2,13.3824,OK,1
2026-07-09 00:27:07,F2,13.3794,OK,1
2026-07-09 00:27:17,F2,13.3764,OK,0
2026-07-09 00:27:27,F2,13.3733,OK,0
2026-07-09 00:27:38,F2,13.3702,OK,0
2026-07-09 00:27:48,F2,13.3670,OK,0
2026-07-09 00:27:58,F2,13.3638,OK,0
2026-07-09 00:28:09,F2,13.3606,OK,0
2026-07-09 00:28:19,F2,13.3573,OK,0
2026-07-09 00:28:30,F2,13.3540,OK,0
2026-07-09 00:28:40,F2,13.3508,OK,0
2026-07-09 00:28:50,F2,13.3475,OK,0
2026-07-09 00:29:01,F2,13.3441,OK,0
2026-07-09 00:29:11,F2,13.3408,OK,0
2026-07-09 00:29:21,F2,13.3375,OK,0
2026-07-09 00:29:32,F2,13.3342,OK,0
2026-07-09 00:29:42,F2,13.3309,OK,0
2026-07-09 00:29:53,F2,13.3276,OK,0
2026-07-09 00:30:03,F2,13.3243,OK,0
2026-07-09 00:30:13,F2,13.3210,OK,0
2026-07-09 00:30:24,F2,13.3178,OK,0
2026-07-09 00:30:34,F2,13.3146,OK,0
2026-07-09 00:30:44,F2,13.3114,OK,0
2026-07-09 00:30:55,F2,13.3082,OK,0
2026-07-09 00:31:05,F2,13.3051,OK,0
2026-07-09 00:31:15,F2,13.3020,OK,0
2026-07-09 00:31:26,F2,13.2989,OK,0
2026-07-09 00:31:36,F2,13.2958,OK,0
2026-07-09 00:31:46,F2,13.2928,OK,0
2026-07-09 00:31:57,F2,13.2899,OK,0
2026-07-09 00:32:07,F2,13.2870,OK,0
2026-07-09 00:32:17,F2,13.2841,OK,0
2026-07-09 00:32:28,F2,13.2812,OK,0
2026-07-09 00:32:38,F2,13.2785,OK,0
2026-07-09 00:32:48,F2,13.2757,OK,0
2026-07-09 00:32:59,F2,13.2730,OK,0
2026-07-09 00:33:09,F2,13.2704,OK,0
2026-07-09 00:33:20,F2,13.2678,OK,0
2026-07-09 00:33:30,F2,13.2652,OK,1
2026-07-09 00:33:40,F2,13.2627,OK,0
2026-07-09 00:33:51,F2,13.2603,OK,0
2026-07-09 00:34:01,F2,13.2579,OK,0
2026-07-09 00:34:11,F2,13.2555,OK,0
2026-07-09 00:34:22,F2,13.2532,OK,0
2026-07-09 00:34:32,F2,13.2509,OK,0
2026-07-09 00:34:43,F2,13.2487,OK,0
2026-07-09 00:34:53,F2,13.2465,OK,0
2026-07-09 00:35:03,F2,13.2444,OK,0
2026-07-09 00:35:14,F2,13.2423,OK,0
2026-07-09 00:35:24,F2,13.2402,OK,0
2026-07-09 00:35:34,F2,13.2382,OK,0
2026-07-09 00:35:45,F2,13.2361,OK,0
2026-07-09 00:35:55,F2,13.2342,OK,0
2026-07-09 00:36:05,F2,13.2322,OK,0
2026-07-09 00:36:16,F2,13.2302,OK,0
2026-07-09 00:36:26,F2,13.2283,OK,0
2026-07-09 00:36:37,F2,13.2264,OK,0
2026-07-09 00:36:47,F2,13.2245,OK,0
2026-07-09 00:36:57,F2,13.2226,OK,0
2026-07-09 00:37:08,F2,13.2207,OK,0
2026-07-09 00:37:18,F2,13.2188,OK,0
2026-07-09 00:37:28,F2,13.2170,OK,0
2026-07-09 00:37:39,F2,13.2151,OK,0
2026-07-09 00:37:49,F2,13.2133,OK,0
2026-07-09 00:37:59,F2,13.2114,OK,0
2026-07-09 00:38:10,F2,13.2096,OK,0
2026-07-09 00:38:20,F2,13.2077,OK,0
2026-07-09 00:38:31,F2,13.2059,OK,0
2026-07-09 00:38:41,F2,13.2040,OK,0
2026-07-09 00:38:51,F2,13.2022,OK,0
2026-07-09 00:39:02,F2,13.2003,OK,0
2026-07-09 00:39:12,F2,13.1984,OK,0
2026-07-09 00:39:22,F2,13.1965,OK,0
2026-07-09 00:39:33,F2,13.1946,OK,0
2026-07-09 00:39:43,F2,13.1927,OK,0
2026-07-09 00:39:53,F2,13.1908,OK,0
2026-07-09 00:40:04,F2,13.1888,OK,0
2026-07-09 00:40:14,F2,13.1869,OK,0
2026-07-09 00:40:25,F2,13.1849,OK,0
2026-07-09 00:40:35,F2,13.1829,OK,0
2026-07-09 00:40:45,F2,13.1808,OK,0
2026-07-09 00:40:56,F2,13.1788,OK,0
2026-07-09 00:41:06,F2,13.1767,OK,1
2026-07-09 00:41:16,F2,13.1746,OK,1
2026-07-09 00:41:27,F2,13.1724,OK,1
2026-07-09 00:41:37,F2,13.1703,OK,1
2026-07-09 00:41:47,F2,13.1681,OK,1
2026-07-09 00:41:58,F2,13.1658,OK,0
2026-07-09 00:42:08,F2,13.1636,OK,0
2026-07-09 00:42:18,F2,13.1613,OK,0
2026-07-09 00:42:29,F2,13.1589,OK,0
2026-07-09 00:42:39,F2,13.1566,OK,0
2026-07-09 00:42:50,F2,13.1543,OK,0
2026-07-09 00:43:00,F2,13.1519,OK,0
2026-07-09 00:43:10,F2,13.1495,OK,0
2026-07-09 00:43:21,F2,13.1471,OK,0
2026-07-09 00:43:31,F2,13.1447,OK,0
2026-07-09 00:43:41,F2,13.1423,OK,0
2026-07-09 00:43:52,F2,13.1400,OK,0
2026-07-09 00:44:02,F2,13.1376,OK,0
2026-07-09 00:44:12,F2,13.1352,OK,0
2026-07-09 00:44:23,F2,13.1329,OK,0
2026-07-09 00:44:33,F2,13.1305,OK,0
2026-07-09 00:44:43,F2,13.1282,OK,0
2026-07-09 00:44:54,F2,13.1260,OK,0
2026-07-09 00:45:04,F2,13.1237,OK,0
2026-07-09 00:45:15,F2,13.1215,OK,0
2026-07-09 00:45:25,F2,13.1193,OK,0
2026-07-09 00:45:35,F2,13.1172,OK,0
2026-07-09 00:45:46,F2,13.1151,OK,0
2026-07-09 00:45:56,F2,13.1130,OK,0
2026-07-09 00:46:06,F2,13.1110,OK,0
2026-07-09 00:46:17,F2,13.1090,OK,0
2026-07-09 00:46:27,F2,13.1071,OK,0
2026-07-09 00:46:37,F2,13.1052,OK,0
2026-07-09 00:46:48,F2,13.1034,OK,0
2026-07-09 00:46:58,F2,13.1016,OK,0
2026-07-09 00:47:09,F2,13.1000,OK,0
2026-07-09 00:47:19,F2,13.0983,OK,0
2026-07-09 00:47:29,F2,13.0968,OK,0
2026-07-09 00:47:40,F2,13.0953,OK,0
2026-07-09 00:47:50,F2,13.0939,OK,0
2026-07-09 00:48:00,F2,13.0925,OK,0
2026-07-09 00:48:11,F2,13.0912,OK,1
2026-07-09 00:48:21,F2,13.0900,OK,1
2026-07-09 00:48:31,F2,13.0889,OK,0
2026-07-09 00:48:42,F2,13.0878,OK,0
2026-07-09 00:48:52,F2,13.0869,OK,0
2026-07-09 00:49:02,F2,13.0859,OK,0
2026-07-09 00:49:13,F2,13.0851,OK,0
2026-07-09 00:49:23,F2,13.0843,OK,0
2026-07-09 00:49:34,F2,13.0836,OK,0
2026-07-09 00:49:44,F2,13.0829,OK,0
2026-07-09 00:49:54,F2,13.0823,OK,0
2026-07-09 00:50:05,F2,13.0818,OK,0
2026-07-09 00:50:15,F2,13.0813,OK,0
2026-07-09 00:50:25,F2,13.0808,OK,0
2026-07-09 00:50:36,F2,13.0804,OK,0
2026-07-09 00:50:46,F2,13.0800,OK,0
2026-07-09 00:50:57,F2,13.0797,OK,0
2026-07-09 00:51:07,F2,13.0794,OK,0
2026-07-09 00:51:17,F2,13.0791,OK,0
2026-07-09 00:51:28,F2,13.0789,OK,0
2026-07-09 00:51:38,F2,13.0787,OK,0
2026-07-09 00:51:48,F2,13.0785,OK,0
2026-07-09 00:51:59,F2,13.0783,OK,0
2026-07-09 00:52:09,F2,13.0781,OK,0
2026-07-09 00:52:19,F2,13.0780,OK,0
2026-07-09 00:52:30,F2,13.0778,OK,0
2026-07-09 00:52:40,F2,13.0777,OK,0
2026-07-09 00:52:51,F2,13.0775,OK,0
2026-07-09 00:53:01,F2,13.0774,OK,0
2026-07-09 00:53:11,F2,13.0772,OK,0
2026-07-09 00:53:22,F2,13.0771,OK,0
2026-07-09 00:53:32,F2,13.0769,OK,0
2026-07-09 00:53:42,F2,13.0768,OK,1
2026-07-09 00:53:53,F2,13.0766,OK,1
2026-07-09 00:54:03,F2,13.0764,OK,1
2026-07-09 00:54:13,F2,13.0762,OK,1
2026-07-09 00:54:24,F2,13.0760,OK,1
2026-07-09 00:54:34,F2,13.0757,OK,0
2026-07-09 00:54:45,F2,13.0754,OK,0
2026-07-09 00:54:55,F2,13.0752,OK,0
2026-07-09 00:55:05,F2,13.0748,OK,0
2026-07-09 00:55:16,F2,13.0745,OK,0
2026-07-09 00:55:26,F2,13.0742,OK,0
2026-07-09 00:55:36,F2,13.0738,OK,0
2026-07-09 00:55:47,F2,13.0734,OK,0
2026-07-09 00:55:57,F2,13.0730,OK,0
2026-07-09 00:56:07,F2,13.0726,OK,0
2026-07-09 00:56:18,F2,13.0722,OK,0
2026-07-09 00:56:28,F2,13.0718,OK,0
2026-07-09 00:56:39,F2,13.0714,OK,0
2026-07-09 00:56:49,F2,13.0710,OK,0
2026-07-09 00:56:59,F2,13.0706,OK,0
2026-07-09 00:57:10,F2,13.0703,OK,0
2026-07-09 00:57:20,F2,13.0699,OK,0
2026-07-09 00:57:30,F2,13.0696,OK,0
2026-07-09 00:57:41,F2,13.0693,OK,0
2026-07-09 00:57:51,F2,13.0690,OK,0
2026-07-09 00:58:01,F2,13.0688,OK,0
2026-07-09 00:58:12,F2,13.0686,OK,0
2026-07-09 00:58:22,F2,13.0684,OK,0
2026-07-09 00:58:33,F2,13.0683,OK,0
2026-07-09 00:58:43,F2,13.0682,OK,0
2026-07-09 00:58:53,F2,13.0681,OK,0
2026-07-09 00:59:04,F2,13.0681,OK,0
2026-07-09 00:59:14,F2,13.0682,OK,0
2026-07-09 00:59:24,F2,13.0682,OK,0
2026-07-09 00:59:35,F2,13.0684,OK,0
2026-07-09 00:59:45,F2,13.0686,OK,0
2026-07-09 00:59:56,F2,13.0688,OK,0
2026-07-09 01:00:06,F2,13.0691,OK,0
2026-07-09 01:00:16,F2,13.0695,OK,0
2026-07-09 01:00:27,F2,13.0699,OK,0
2026-07-09 01:00:37,F2,13.0703,OK,0
2026-07-09 01:00:47,F2,13.0708,OK,0
2026-07-09 01:00:58,F2,13.0714,OK,0
2026-07-09 01:01:08,F2,13.0720,OK,0
2026-07-09 01:01:18,F2,13.0727,OK,0
2026-07-09 01:01:29,F2,13.0734,OK,0
2026-07-09 01:01:39,F2,13.0742,OK,0
2026-07-09 01:01:50,F2,13.0750,OK,0
2026-07-09 01:02:00,F2,13.0760,OK,0
2026-07-09 01:02:10,F2,13.0769,OK,0
2026-07-09 01:02:21,F2,13.0780,OK,0
2026-07-09 01:02:31,F2,13.0790,OK,0
2026-07-09 01:02:41,F2,13.0802,OK,0
2026-07-09 01:02:52,F2,13.0814,OK,0
2026-07-09 01:03:02,F2,13.0827,OK,0
2026-07-09 01:03:12,F2,13.0840,OK,1
2026-07-09 01:03:23,F2,13.0854,OK,0
2026-07-09 01:03:33,F2,13.0869,OK,0
2026-07-09 01:03:44,F2,13.0884,OK,0
2026-07-09 01:03:54,F2,13.0899,OK,0
2026-07-09 01:04:04,F2,13.0915,OK,0
2026-07-09 01:04:15,F2,13.0932,OK,0
2026-07-09 01:04:25,F2,13.0948,OK,0
2026-07-09 01:04:35,F2,13.0965,OK,0
2026-07-09 01:04:46,F2,13.0983,OK,0
2026-07-09 01:04:56,F2,13.1000,OK,0
2026-07-09 01:05:06,F2,13.1018,OK,0
2026-07-09 01:05:17,F2,13.1036,OK,0
2026-07-09 01:05:27,F2,13.1054,OK,0
2026-07-09 01:05:37,F2,13.1073,OK,0
2026-07-09 01:05:48,F2,13.1091,OK,0
2026-07-09 01:05:58,F2,13.1110,OK,0
2026-07-09 01:06:09,F2,13.1128,OK,0
2026-07-09 01:06:19,F2,13.1147,OK,0
2026-07-09 01:06:29,F2,13.1166,OK,0
2026-07-09 01:06:40,F2,13.1185,OK,0
2026-07-09 01:06:50,F2,13.1203,OK,0
2026-07-09 01:07:00,F2,13.1222,OK,0
2026-07-09 01:07:11,F2,13.1241,OK,0
2026-07-09 01:07:21,F2,13.1259,OK,0
2026-07-09 01:07:32,F2,13.1278,OK,0
2026-07-09 01:07:42,F2,13.1296,OK,0
2026-07-09 01:07:52,F2,13.1314,OK,0
2026-07-09 01:08:03,F2,13.1332,OK,0
2026-07-09 01:08:13,F2,13.1350,OK,0
2026-07-09 01:08:23,F2,13.1368,OK,0
2026-07-09 01:08:34,F2,13.1385,OK,0
2026-07-09 01:08:44,F2,13.1402,OK,0
2026-07-09 01:08:54,F2,13.1419,OK,0
2026-07-09 01:09:05,F2,13.1435,OK,0
2026-07-09 01:09:15,F2,13.1451,OK,0
2026-07-09 01:09:25,F2,13.1467,OK,0
2026-07-09 01:09:36,F2,13.1482,OK,0
2026-07-09 01:09:46,F2,13.1497,OK,0
2026-07-09 01:09:57,F2,13.1512,OK,0
2026-07-09 01:10:07,F2,13.1526,OK,0
2026-07-09 01:10:17,F2,13.1540,OK,0
2026-07-09 01:10:28,F2,13.1553,OK,0
2026-07-09 01:10:38,F2,13.1566,OK,0
2026-07-09 01:10:48,F2,13.1578,OK,1
2026-07-09 01:10:59,F2,13.1590,OK,1
2026-07-09 01:11:09,F2,13.1601,OK,1
2026-07-09 01:11:20,F2,13.1612,OK,1
2026-07-09 01:11:30,F2,13.1622,OK,1
2026-07-09 01:11:40,F2,13.1632,OK,0
2026-07-09 01:11:51,F2,13.1641,OK,0
2026-07-09 01:12:01,F2,13.1649,OK,0
2026-07-09 01:12:11,F2,13.1657,OK,0
2026-07-09 01:12:22,F2,13.1664,OK,0
2026-07-09 01:12:32,F2,13.1671,OK,0
2026-07-09 01:12:42,F2,13.1678,OK,0
2026-07-09 01:12:53,F2,13.1684,OK,0
2026-07-09 01:13:03,F2,13.1690,OK,0
2026-07-09 01:13:13,F2,13.1695,OK,0
2026-07-09 01:13:24,F2,13.1700,OK,0
2026-07-09 01:13:34,F2,13.1705,OK,0
2026-07-09 01:13:45,F2,13.1710,OK,0
2026-07-09 01:13:55,F2,13.1714,OK,0
2026-07-09 01:14:05,F2,13.1719,OK,0
2026-07-09 01:14:16,F2,13.1723,OK,0
2026-07-09 01:14:26,F2,13.1727,OK,0
2026-07-09 01:14:36,F2,13.1732,OK,0
2026-07-09 01:14:47,F2,13.1736,OK,0
2026-07-09 01:14:57,F2,13.1740,OK,0
2026-07-09 01:15:07,F2,13.1745,OK,1
2026-07-09 01:15:18,F2,13.1749,OK,0
2026-07-09 01:15:28,F2,13.1754,OK,0
2026-07-09 01:15:39,F2,13.1759,OK,0
2026-07-09 01:15:49,F2,13.1764,OK,0
2026-07-09 01:15:59,F2,13.1769,OK,0
2026-07-09 01:16:10,F2,13.1774,OK,0
2026-07-09 01:16:20,F2,13.1780,OK,0
2026-07-09 01:16:30,F2,13.1786,OK,0
2026-07-09 01:16:41,F2,13.1793,OK,0
2026-07-09 01:16:51,F2,13.1799,OK,0
2026-07-09 01:17:01,F2,13.1806,OK,0
2026-07-09 01:17:12,F2,13.1814,OK,0
2026-07-09 01:17:22,F2,13.1822,OK,0
2026-07-09 01:17:33,F2,13.1830,OK,0
2026-07-09 01:17:43,F2,13.1839,OK,0
2026-07-09 01:17:53,F2,13.1848,OK,1
2026-07-09 01:18:04,F2,13.1858,OK,1
2026-07-09 01:18:14,F2,13.1868,OK,1
2026-07-09 01:18:24,F2,13.1879,OK,1
2026-07-09 01:18:35,F2,13.1890,OK,1
2026-07-09 01:18:45,F2,13.1902,OK,0
2026-07-09 01:18:55,F2,13.1915,OK,0
2026-07-09 01:19:06,F2,13.1927,OK,0
2026-07-09 01:19:16,F2,13.1941,OK,0
2026-07-09 01:19:26,F2,13.1955,OK,0
2026-07-09 01:19:37,F2,13.1969,OK,0
2026-07-09 01:19:47,F2,13.1983,OK,0
2026-07-09 01:19:57,F2,13.1998,OK,0
2026-07-09 01:20:08,F2,13.2013,OK,0
2026-07-09 01:20:18,F2,13.2028,OK,0
2026-07-09 01:20:29,F2,13.2044,OK,0
2026-07-09 01:20:39,F2,13.2059,OK,0
2026-07-09 01:20:49,F2,13.2075,OK,0
2026-07-09 01:21:00,F2,13.2091,OK,0
2026-07-09 01:21:10,F2,13.2106,OK,0
2026-07-09 01:21:20,F2,13.2122,OK,0
2026-07-09 01:21:31,F2,13.2138,OK,0
2026-07-09 01:21:41,F2,13.2153,OK,0
2026-07-09 01:21:51,F2,13.2169,OK,0
2026-07-09 01:22:02,F2,13.2184,OK,0
2026-07-09 01:22:12,F2,13.2199,OK,0
2026-07-09 01:22:22,F2,13.2214,OK,0
2026-07-09 01:22:33,F2,13.2228,OK,0
2026-07-09 01:22:43,F2,13.2242,OK,0
2026-07-09 01:22:54,F2,13.2256,OK,0
2026-07-09 01:23:04,F2,13.2270,OK,0
2026-07-09 01:23:14,F2,13.2283,OK,0
2026-07-09 01:23:25,F2,13.2296,OK,0
2026-07-09 01:23:35,F2,13.2308,OK,0
2026-07-09 01:23:45,F2,13.2320,OK,0
2026-07-09 01:23:56,F2,13.2331,OK,0
2026-07-09 01:24:06,F2,13.2342,OK,0
2026-07-09 01:24:16,F2,13.2353,OK,0
2026-07-09 01:24:27,F2,13.2362,OK,0
2026-07-09 01:24:37,F2,13.2372,OK,0
2026-07-09 01:24:48,F2,13.2381,OK,0
2026-07-09 01:24:58,F2,13.2389,OK,1
2026-07-09 01:25:08,F2,13.2396,OK,1
2026-07-09 01:25:19,F2,13.2404,OK,1
2026-07-09 01:25:29,F2,13.2410,OK,1
2026-07-09 01:25:39,F2,13.2416,OK,1
2026-07-09 01:25:50,F2,13.2421,OK,0
2026-07-09 01:26:00,F2,13.2425,OK,0
2026-07-09 01:26:10,F2,13.2429,OK,0
2026-07-09 01:26:21,F2,13.2432,OK,0
2026-07-09 01:26:31,F2,13.2435,OK,0
2026-07-09 01:26:41,F2,13.2437,OK,0
2026-07-09 01:26:52,F2,13.2439,OK,0
2026-07-09 01:27:02,F2,13.2439,OK,0
2026-07-09 01:27:13,F2,13.2440,OK,0
2026-07-09 01:27:23,F2,13.2440,OK,0
2026-07-09 01:27:33,F2,13.2440,OK,0
2026-07-09 01:27:44,F2,13.2439,OK,0
2026-07-09 01:27:54,F2,13.2438,OK,0
2026-07-09 01:28:04,F2,13.2436,OK,0
2026-07-09 01:28:15,F2,13.2434,OK,0
2026-07-09 01:28:25,F2,13.2432,OK,0
2026-07-09 01:28:35,F2,13.2430,OK,0
2026-07-09 01:28:46,F2,13.2428,OK,0
2026-07-09 01:28:56,F2,13.2425,OK,0
2026-07-09 01:29:06,F2,13.2422,OK,0
2026-07-09 01:29:17,F2,13.2420,OK,0
2026-07-09 01:29:27,F2,13.2417,OK,0
2026-07-09 01:29:38,F2,13.2414,OK,1
2026-07-09 01:29:48,F2,13.2411,OK,1
2026-07-09 01:29:58,F2,13.2409,OK,1
2026-07-09 01:30:09,F2,13.2406,OK,1
2026-07-09 01:30:19,F2,13.2403,OK,0
2026-07-09 01:30:29,F2,13.2401,OK,0
2026-07-09 01:30:40,F2,13.2399,OK,0
2026-07-09 01:30:50,F2,13.2396,OK,0
2026-07-09 01:31:01,F2,13.2394,OK,0
2026-07-09 01:31:11,F2,13.2393,OK,0
2026-07-09 01:31:21,F2,13.2391,OK,0
2026-07-09 01:31:32,F2,13.2390,OK,0
2026-07-09 01:31:42,F2,13.2388,OK,0
2026-07-09 01:31:52,F2,13.2387,OK,0
2026-07-09 01:32:03,F2,13.2387,OK,0
2026-07-09 01:32:13,F2,13.2386,OK,0
2026-07-09 01:32:23,F2,13.2386,OK,0
2026-07-09 01:32:34,F2,13.2386,OK,0
2026-07-09 01:32:44,F2,13.2387,OK,0
2026-07-09 01:32:54,F2,13.2388,OK,0
2026-07-09 01:33:05,F2,13.2389,OK,0
2026-07-09 01:33:15,F2,13.2390,OK,0
2026-07-09 01:33:25,F2,13.2392,OK,0
2026-07-09 01:33:36,F2,13.2395,OK,1
2026-07-09 01:33:46,F2,13.2398,OK,1
2026-07-09 01:33:57,F2,13.2401,OK,1
2026-07-09 01:34:07,F2,13.2405,OK,1
2026-07-09 01:34:17,F2,13.2409,OK,1
2026-07-09 01:34:28,F2,13.2414,OK,0
2026-07-09 01:34:38,F2,13.2420,OK,0
2026-07-09 01:34:48,F2,13.2425,OK,0
2026-07-09 01:34:59,F2,13.2432,OK,0
2026-07-09 01:35:09,F2,13.2438,OK,0
2026-07-09 01:35:20,F2,13.2446,OK,0
2026-07-09 01:35:30,F2,13.2453,OK,0
2026-07-09 01:35:40,F2,13.2461,OK,0
2026-07-09 01:35:51,F2,13.2469,OK,0
2026-07-09 01:36:01,F2,13.2478,OK,0
2026-07-09 01:36:11,F2,13.2486,OK,0
2026-07-09 01:36:22,F2,13.2495,OK,0
2026-07-09 01:36:32,F2,13.2504,OK,0
2026-07-09 01:36:42,F2,13.2513,OK,0
2026-07-09 01:36:53,F2,13.2523,OK,0
2026-07-09 01:37:03,F2,13.2532,OK,0
2026-07-09 01:37:14,F2,13.2541,OK,0
2026-07-09 01:37:24,F2,13.2550,OK,0
2026-07-09 01:37:34,F2,13.2560,OK,0
2026-07-09 01:37:45,F2,13.2569,OK,0
2026-07-09 01:37:55,F2,13.2578,OK,0
2026-07-09 01:38:05,F2,13.2587,OK,0
2026-07-09 01:38:16,F2,13.2595,OK,0
2026-07-09 01:38:26,F2,13.2604,OK,0
2026-07-09 01:38:37,F2,13.2612,OK,0
2026-07-09 01:38:47,F2,13.2620,OK,0
2026-07-09 01:38:57,F2,13.2628,OK,0
2026-07-09 01:39:08,F2,13.2635,OK,0
2026-07-09 01:39:18,F2,13.2642,OK,0
2026-07-09 01:39:28,F2,13.2649,OK,0
2026-07-09 01:39:39,F2,13.2656,OK,0
2026-07-09 01:39:49,F2,13.2661,OK,0
2026-07-09 01:39:59,F2,13.2667,OK,0
2026-07-09 01:40:10,F2,13.2672,OK,0
2026-07-09 01:40:20,F2,13.2676,OK,0
2026-07-09 01:40:30,F2,13.2680,OK,0
2026-07-09 01:40:41,F2,13.2684,OK,0
2026-07-09 01:40:51,F2,13.2687,OK,0
2026-07-09 01:41:02,F2,13.2689,OK,0
2026-07-09 01:41:12,F2,13.2691,OK,1
2026-07-09 01:41:22,F2,13.2692,OK,1
2026-07-09 01:41:33,F2,13.2692,OK,1
2026-07-09 01:41:43,F2,13.2692,OK,1
2026-07-09 01:41:53,F2,13.2692,OK,1
2026-07-09 01:42:04,F2,13.2690,OK,0
2026-07-09 01:42:14,F2,13.2688,OK,0
2026-07-09 01:42:24,F2,13.2685,OK,0
2026-07-09 01:42:35,F2,13.2682,OK,0
2026-07-09 01:42:45,F2,13.2678,OK,0
2026-07-09 01:42:56,F2,13.2673,OK,0
2026-07-09 01:43:06,F2,13.2668,OK,0
2026-07-09 01:43:16,F2,13.2662,OK,0
2026-07-09 01:43:27,F2,13.2656,OK,0
2026-07-09 01:43:37,F2,13.2650,OK,0
2026-07-09 01:43:47,F2,13.2643,OK,0
2026-07-09 01:43:58,F2,13.2636,OK,0
2026-07-09 01:44:08,F2,13.2628,OK,0
2026-07-09 01:44:18,F2,13.2620,OK,0
2026-07-09 01:44:29,F2,13.2612,OK,0
2026-07-09 01:44:39,F2,13.2603,OK,0
2026-07-09 01:44:50,F2,13.2595,OK,0
2026-07-09 01:45:00,F2,13.2586,OK,0
2026-07-09 01:45:10,F2,13.2577,OK,0
2026-07-09 01:45:21,F2,13.2568,OK,0
2026-07-09 01:45:31,F2,13.2559,OK,0
2026-07-09 01:45:41,F2,13.2550,OK,0
2026-07-09 01:45:52,F2,13.2541,OK,0
2026-07-09 01:46:02,F2,13.2533,OK,0
2026-07-09 01:46:12,F2,13.2524,OK,0
2026-07-09 01:46:23,F2,13.2515,OK,0
2026-07-09 01:46:33,F2,13.2507,OK,0
2026-07-09 01:46:44,F2,13.2499,OK,0
2026-07-09 01:46:54,F2,13.2490,OK,0
2026-07-09 01:47:04,F2,13.2483,OK,0
2026-07-09 01:47:15,F2,13.2475,OK,0
2026-07-09 01:47:25,F2,13.2468,OK,0
2026-07-09 01:47:35,F2,13.2461,OK,0
2026-07-09 01:47:46,F2,13.2454,OK,0
2026-07-09 01:47:56,F2,13.2448,OK,0
2026-07-09 01:48:06,F2,13.2442,OK,0
2026-07-09 01:48:17,F2,13.2436,OK,0
2026-07-09 01:48:27,F2,13.2431,OK,0
2026-07-09 01:48:37,F2,13.2426,OK,0
2026-07-09 01:48:48,F2,13.2422,OK,0
2026-07-09 01:48:58,F2,13.2418,OK,1
2026-07-09 01:49:09,F2,13.2415,OK,1
2026-07-09 01:49:19,F2,13.2412,OK,1
2026-07-09 01:49:29,F2,13.2409,OK,1
2026-07-09 01:49:40,F2,13.2408,OK,1
2026-07-09 01:49:50,F2,13.2406,OK,1
2026-07-09 01:50:00,F2,13.2406,OK,0
2026-07-09 01:50:11,F2,13.2405,OK,0
2026-07-09 01:50:21,F2,13.2406,OK,0
2026-07-09 01:50:31,F2,13.2406,OK,0
2026-07-09 01:50:42,F2,13.2408,OK,0
2026-07-09 01:50:52,F2,13.2409,OK,0
2026-07-09 01:51:03,F2,13.2411,OK,0
2026-07-09 01:51:13,F2,13.2413,OK,0
2026-07-09 01:51:23,F2,13.2415,OK,0
2026-07-09 01:51:34,F2,13.2417,OK,0
2026-07-09 01:51:44,F2,13.2420,OK,0
2026-07-09 01:51:54,F2,13.2423,OK,0
2026-07-09 01:52:05,F2,13.2425,OK,0
2026-07-09 01:52:15,F2,13.2428,OK,0
2026-07-09 01:52:25,F2,13.2430,OK,0
2026-07-09 01:52:36,F2,13.2433,OK,0
2026-07-09 01:52:46,F2,13.2435,OK,0
2026-07-09 01:52:57,F2,13.2438,OK,0
2026-07-09 01:53:07,F2,13.2440,OK,0
2026-07-09 01:53:17,F2,13.2442,OK,0
2026-07-09 01:53:28,F2,13.2443,OK,0
2026-07-09 01:53:38,F2,13.2445,OK,0
2026-07-09 01:53:48,F2,13.2446,OK,0
2026-07-09 01:53:59,F2,13.2447,OK,0
2026-07-09 01:54:09,F2,13.2448,OK,0
2026-07-09 01:54:19,F2,13.2448,OK,0
2026-07-09 01:54:30,F2,13.2448,OK,0
2026-07-09 01:54:40,F2,13.2448,OK,0
2026-07-09 01:54:50,F2,13.2447,OK,0
2026-07-09 01:55:01,F2,13.2446,OK,0
2026-07-09 01:55:11,F2,13.2444,OK,0
2026-07-09 01:55:22,F2,13.2442,OK,0
2026-07-09 01:55:32,F2,13.2439,OK,0
2026-07-09 01:55:42,F2,13.2436,OK,1
2026-07-09 01:55:53,F2,13.2433,OK,1
2026-07-09 01:56:03,F2,13.2428,OK,1
2026-07-09 01:56:13,F2,13.2424,OK,1
2026-07-09 01:56:24,F2,13.2419,OK,1
2026-07-09 01:56:34,F2,13.2413,OK,0
2026-07-09 01:56:45,F2,13.2406,OK,0
2026-07-09 01:56:55,F2,13.2400,OK,0
2026-07-09 01:57:05,F2,13.2392,OK,0
2026-07-09 01:57:16,F2,13.2384,OK,0
2026-07-09 01:57:26,F2,13.2376,OK,0
2026-07-09 01:57:36,F2,13.2367,OK,0
2026-07-09 01:57:47,F2,13.2358,OK,0
2026-07-09 01:57:57,F2,13.2348,OK,0
2026-07-09 01:58:07,F2,13.2339,OK,0
2026-07-09 01:58:18,F2,13.2328,OK,0
2026-07-09 01:58:28,F2,13.2318,OK,0
2026-07-09 01:58:38,F2,13.2307,OK,0
2026-07-09 01:58:49,F2,13.2296,OK,0
2026-07-09 01:58:59,F2,13.2285,OK,0
2026-07-09 01:59:10,F2,13.2274,OK,0
2026-07-09 01:59:20,F2,13.2262,OK,0
2026-07-09 01:59:30,F2,13.2251,OK,0
2026-07-09 01:59:41,F2,13.2240,OK,0
2026-07-09 01:59:51,F2,13.2228,OK,0
2026-07-09 02:00:01,F2,13.2217,OK,0
2026-07-09 02:00:12,F2,13.2205,OK,1
2026-07-09 02:00:22,F2,13.2194,OK,1
2026-07-09 02:00:32,F2,13.2183,OK,0
2026-07-09 02:00:43,F2,13.2171,OK,0
2026-07-09 02:00:53,F2,13.2160,OK,0
2026-07-09 02:01:04,F2,13.2150,OK,0
2026-07-09 02:01:14,F2,13.2139,OK,0
2026-07-09 02:01:24,F2,13.2128,OK,0
2026-07-09 02:01:35,F2,13.2118,OK,0
2026-07-09 02:01:45,F2,13.2108,OK,0
2026-07-09 02:01:55,F2,13.2098,OK,0
2026-07-09 02:02:06,F2,13.2088,OK,1
2026-07-09 02:02:16,F2,13.2079,OK,0
2026-07-09 02:02:26,F2,13.2070,OK,0
2026-07-09 02:02:37,F2,13.2061,OK,0
2026-07-09 02:02:47,F2,13.2053,OK,0
2026-07-09 02:02:57,F2,13.2044,OK,0
2026-07-09 02:03:08,F2,13.2037,OK,0
2026-07-09 02:03:18,F2,13.2029,OK,0
2026-07-09 02:03:29,F2,13.2022,OK,0
2026-07-09 02:03:39,F2,13.2016,OK,0
2026-07-09 02:03:49,F2,13.2010,OK,0
2026-07-09 02:04:00,F2,13.2004,OK,1
2026-07-09 02:04:10,F2,13.1999,OK,1
2026-07-09 02:04:20,F2,13.1995,OK,1
2026-07-09 02:04:31,F2,13.1991,OK,1
2026-07-09 02:04:41,F2,13.1987,OK,0
2026-07-09 02:04:51,F2,13.1984,OK,0
2026-07-09 02:05:02,F2,13.1982,OK,0
2026-07-09 02:05:12,F2,13.1980,OK,0
2026-07-09 02:05:23,F2,13.1979,OK,0
2026-07-09 02:05:33,F2,13.1978,OK,0
2026-07-09 02:05:43,F2,13.1977,OK,0
2026-07-09 02:05:54,F2,13.1977,OK,0
2026-07-09 02:06:04,F2,13.1977,OK,0
2026-07-09 02:06:14,F2,13.1978,OK,0
2026-07-09 02:06:25,F2,13.1979,OK,0
2026-07-09 02:06:35,F2,13.1980,OK,0
2026-07-09 02:06:45,F2,13.1981,OK,0
2026-07-09 02:06:56,F2,13.1982,OK,0
2026-07-09 02:07:06,F2,13.1983,OK,0
2026-07-09 02:07:17,F2,13.1985,OK,0
2026-07-09 02:07:27,F2,13.1986,OK,0
2026-07-09 02:07:37,F2,13.1988,OK,0
2026-07-09 02:07:48,F2,13.1990,OK,0
2026-07-09 02:07:58,F2,13.1991,OK,0
2026-07-09 02:08:08,F2,13.1993,OK,0
2026-07-09 02:08:19,F2,13.1994,OK,0
2026-07-09 02:08:29,F2,13.1995,OK,0
2026-07-09 02:08:39,F2,13.1996,OK,0
2026-07-09 02:08:50,F2,13.1997,OK,0
2026-07-09 02:09:00,F2,13.1998,OK,0
2026-07-09 02:09:11,F2,13.1999,OK,0
2026-07-09 02:09:21,F2,13.1999,OK,0
2026-07-09 02:09:31,F2,13.1999,OK,0
2026-07-09 02:09:42,F2,13.1998,OK,0
2026-07-09 02:09:52,F2,13.1998,OK,0
2026-07-09 02:10:02,F2,13.1997,OK,1
2026-07-09 02:10:13,F2,13.1995,OK,1
2026-07-09 02:10:23,F2,13.1993,OK,1
2026-07-09 02:10:33,F2,13.1991,OK,1
2026-07-09 02:10:44,F2,13.1988,OK,0
2026-07-09 02:10:54,F2,13.1985,OK,0
2026-07-09 02:11:05,F2,13.1981,OK,0
2026-07-09 02:11:15,F2,13.1977,OK,0
2026-07-09 02:11:25,F2,13.1973,OK,0
2026-07-09 02:11:36,F2,13.1967,OK,0
2026-07-09 02:11:46,F2,13.1962,OK,0
2026-07-09 02:11:56,F2,13.1956,OK,0
2026-07-09 02:12:07,F2,13.1949,OK,0
2026-07-09 02:12:17,F2,13.1942,OK,0
2026-07-09 02:12:27,F2,13.1935,OK,0
2026-07-09 02:12:38,F2,13.1927,OK,0
2026-07-09 02:12:48,F2,13.1920,OK,0
2026-07-09 02:12:59,F2,13.1911,OK,0
2026-07-09 02:13:09,F2,13.1903,OK,0
2026-07-09 02:13:19,F2,13.1894,OK,0
2026-07-09 02:13:30,F2,13.1885,OK,0
2026-07-09 02:13:40,F2,13.1876,OK,0
2026-07-09 02:13:50,F2,13.1866,OK,0
2026-07-09 02:14:01,F2,13.1857,OK,0
2026-07-09 02:14:11,F2,13.1847,OK,0
2026-07-09 02:14:21,F2,13.1838,OK,0
2026-07-09 02:14:32,F2,13.1828,OK,0
2026-07-09 02:14:42,F2,13.1819,OK,0
2026-07-09 02:14:53,F2,13.1809,OK,0
2026-07-09 02:15:03,F2,13.1800,OK,0
2026-07-09 02:15:13,F2,13.1790,OK,0
2026-07-09 02:15:24,F2,13.1781,OK,0
2026-07-09 02:15:34,F2,13.1772,OK,0
2026-07-09 02:15:44,F2,13.1764,OK,0
2026-07-09 02:15:55,F2,13.1755,OK,0
2026-07-09 02:16:05,F2,13.1747,OK,0
2026-07-09 02:16:15,F2,13.1739,OK,0
2026-07-09 02:16:26,F2,13.1732,OK,0
2026-07-09 02:16:36,F2,13.1725,OK,0
2026-07-09 02:16:47,F2,13.1718,OK,0
2026-07-09 02:16:57,F2,13.1711,OK,0
2026-07-09 02:17:07,F2,13.1705,OK,0
2026-07-09 02:17:18,F2,13.1699,OK,0
2026-07-09 02:17:28,F2,13.1694,OK,0
2026-07-09 02:17:38,F2,13.1689,OK,0
2026-07-09 02:17:49,F2,13.1684,OK,0
2026-07-09 02:17:59,F2,13.1680,OK,0
2026-07-09 02:18:09,F2,13.1677,OK,0
2026-07-09 02:18:20,F2,13.1674,OK,0
2026-07-09 02:18:30,F2,13.1671,OK,0
2026-07-09 02:18:41,F2,13.1670,OK,0
2026-07-09 02:18:51,F2,13.1668,OK,0
2026-07-09 02:19:01,F2,13.1667,OK,0
2026-07-09 02:19:12,F2,13.1667,OK,0
2026-07-09 02:19:22,F2,13.1667,OK,0
2026-07-09 02:19:33,F2,13.1668,OK,0
2026-07-09 02:19:43,F2,13.1669,OK,0
2026-07-09 02:19:53,F2,13.1671,OK,0
2026-07-09 02:20:04,F2,13.1673,OK,0
2026-07-09 02:20:14,F2,13.1675,OK,0
2026-07-09 02:20:24,F2,13.1678,OK,0
2026-07-09 02:20:35,F2,13.1682,OK,0
2026-07-09 02:20:45,F2,13.1685,OK,0
2026-07-09 02:20:55,F2,13.1689,OK,0
2026-07-09 02:21:06,F2,13.1693,OK,0
2026-07-09 02:21:16,F2,13.1698,OK,0
2026-07-09 02:21:26,F2,13.1702,OK,0
2026-07-09 02:21:37,F2,13.1706,OK,0
2026-07-09 02:21:47,F2,13.1711,OK,0
2026-07-09 02:21:58,F2,13.1715,OK,0
2026-07-09 02:22:08,F2,13.1720,OK,0
2026-07-09 02:22:18,F2,13.1724,OK,0
2026-07-09 02:22:29,F2,13.1729,OK,0
2026-07-09 02:22:39,F2,13.1733,OK,0
2026-07-09 02:22:49,F2,13.1736,OK,0
2026-07-09 02:23:00,F2,13.1740,OK,0
2026-07-09 02:23:10,F2,13.1743,OK,0
2026-07-09 02:23:20,F2,13.1747,OK,0
2026-07-09 02:23:31,F2,13.1749,OK,0
2026-07-09 02:23:41,F2,13.1752,OK,0
2026-07-09 02:23:52,F2,13.1754,OK,0
2026-07-09 02:24:02,F2,13.1755,OK,0
2026-07-09 02:24:12,F2,13.1756,OK,0
2026-07-09 02:24:23,F2,13.1757,OK,0
2026-07-09 02:24:33,F2,13.1757,OK,0
2026-07-09 02:24:43,F2,13.1757,OK,0
2026-07-09 02:24:54,F2,13.1756,OK,0
2026-07-09 02:25:04,F2,13.1754,OK,0
2026-07-09 02:25:14,F2,13.1752,OK,1
2026-07-09 02:25:25,F2,13.1750,OK,1
2026-07-09 02:25:35,F2,13.1746,OK,1
2026-07-09 02:25:46,F2,13.1742,OK,1
2026-07-09 02:25:56,F2,13.1738,OK,1
2026-07-09 02:26:06,F2,13.1732,OK,1
2026-07-09 02:26:17,F2,13.1726,OK,0
2026-07-09 02:26:27,F2,13.1719,OK,0
2026-07-09 02:26:37,F2,13.1712,OK,0
2026-07-09 02:26:48,F2,13.1704,OK,0
2026-07-09 02:26:58,F2,13.1695,OK,0
2026-07-09 02:27:09,F2,13.1686,OK,0
2026-07-09 02:27:19,F2,13.1676,OK,0
2026-07-09 02:27:29,F2,13.1665,OK,0
2026-07-09 02:27:40,F2,13.1654,OK,0
2026-07-09 02:27:50,F2,13.1643,OK,0
2026-07-09 02:28:00,F2,13.1631,OK,0
2026-07-09 02:28:11,F2,13.1619,OK,0
2026-07-09 02:28:21,F2,13.1607,OK,0
2026-07-09 02:28:31,F2,13.1594,OK,0
2026-07-09 02:28:42,F2,13.1582,OK,0
2026-07-09 02:28:52,F2,13.1568,OK,1
2026-07-09 02:29:02,F2,13.1555,OK,0
2026-07-09 02:29:13,F2,13.1542,OK,0
2026-07-09 02:29:23,F2,13.1528,OK,0
2026-07-09 02:29:34,F2,13.1514,OK,0
2026-07-09 02:29:44,F2,13.1500,OK,0
2026-07-09 02:29:54,F2,13.1487,OK,0
2026-07-09 02:30:05,F2,13.1473,OK,0
2026-07-09 02:30:15,F2,13.1459,OK,0
2026-07-09 02:30:25,F2,13.1445,OK,0
2026-07-09 02:30:36,F2,13.1432,OK,0
2026-07-09 02:30:46,F2,13.1418,OK,0
2026-07-09 02:30:56,F2,13.1405,OK,0
2026-07-09 02:31:07,F2,13.1392,OK,0
2026-07-09 02:31:17,F2,13.1378,OK,0
2026-07-09 02:31:28,F2,13.1365,OK,0
2026-07-09 02:31:38,F2,13.1353,OK,0
2026-07-09 02:31:48,F2,13.1340,OK,0
2026-07-09 02:31:59,F2,13.1328,OK,0
2026-07-09 02:32:09,F2,13.1316,OK,0
2026-07-09 02:32:19,F2,13.1304,OK,0
2026-07-09 02:32:30,F2,13.1292,OK,0
2026-07-09 02:32:40,F2,13.1281,OK,0
2026-07-09 02:32:50,F2,13.1270,OK,0
2026-07-09 02:33:01,F2,13.1259,OK,0
2026-07-09 02:33:11,F2,13.1249,OK,0
2026-07-09 02:33:21,F2,13.1239,OK,0
2026-07-09 02:33:32,F2,13.1230,OK,0
2026-07-09 02:33:42,F2,13.1220,OK,0
2026-07-09 02:33:53,F2,13.1212,OK,0
2026-07-09 02:34:03,F2,13.1203,OK,0
2026-07-09 02:34:13,F2,13.1195,OK,0
2026-07-09 02:34:24,F2,13.1187,OK,0
2026-07-09 02:34:34,F2,13.1180,OK,0
2026-07-09 02:34:44,F2,13.1173,OK,0
2026-07-09 02:34:55,F2,13.1166,OK,0
2026-07-09 02:35:05,F2,13.1159,OK,0
2026-07-09 02:35:15,F2,13.1152,OK,0
2026-07-09 02:35:26,F2,13.1146,OK,0
2026-07-09 02:35:36,F2,13.1139,OK,0
2026-07-09 02:35:46,F2,13.1133,OK,0
2026-07-09 02:35:57,F2,13.1127,OK,0
2026-07-09 02:36:07,F2,13.1120,OK,0
2026-07-09 02:36:18,F2,13.1114,OK,0
2026-07-09 02:36:28,F2,13.1107,OK,0
2026-07-09 02:36:38,F2,13.1101,OK,0
2026-07-09 02:36:49,F2,13.1094,OK,0
2026-07-09 02:36:59,F2,13.1087,OK,0
2026-07-09 02:37:09,F2,13.1080,OK,0
2026-07-09 02:37:20,F2,13.1072,OK,0
2026-07-09 02:37:30,F2,13.1064,OK,0
2026-07-09 02:37:40,F2,13.1056,OK,0
2026-07-09 02:37:51,F2,13.1048,OK,0
2026-07-09 02:38:01,F2,13.1039,OK,0
2026-07-09 02:38:11,F2,13.1030,OK,0
2026-07-09 02:38:22,F2,13.1020,OK,0
2026-07-09 02:38:32,F2,13.1010,OK,0
2026-07-09 02:38:43,F2,13.0999,OK,0
2026-07-09 02:38:53,F2,13.0988,OK,0
2026-07-09 02:39:03,F2,13.0976,OK,1
2026-07-09 02:39:14,F2,13.0963,OK,1
2026-07-09 02:39:24,F2,13.0950,OK,1
2026-07-09 02:39:34,F2,13.0936,OK,1
2026-07-09 02:39:45,F2,13.0922,OK,1
2026-07-09 02:39:55,F2,13.0907,OK,1
2026-07-09 02:40:06,F2,13.0891,OK,0
2026-07-09 02:40:16,F2,13.0875,OK,0
2026-07-09 02:40:26,F2,13.0857,OK,0
2026-07-09 02:40:37,F2,13.0839,OK,0
2026-07-09 02:40:47,F2,13.0821,OK,0
2026-07-09 02:40:57,F2,13.0802,OK,0
2026-07-09 02:41:08,F2,13.0782,OK,0
2026-07-09 02:41:18,F2,13.0762,OK,0
2026-07-09 02:41:29,F2,13.0742,OK,0
2026-07-09 02:41:39,F2,13.0721,OK,0
2026-07-09 02:41:49,F2,13.0699,OK,0
2026-07-09 02:42:00,F2,13.0677,OK,0
2026-07-09 02:42:10,F2,13.0655,OK,0
2026-07-09 02:42:20,F2,13.0633,OK,0
2026-07-09 02:42:31,F2,13.0610,OK,0
2026-07-09 02:42:41,F2,13.0587,OK,0
2026-07-09 02:42:51,F2,13.0563,OK,0
2026-07-09 02:43:02,F2,13.0540,OK,0
2026-07-09 02:43:12,F2,13.0516,OK,0
2026-07-09 02:43:23,F2,13.0492,OK,0
2026-07-09 02:43:33,F2,13.0468,OK,0
2026-07-09 02:43:43,F2,13.0444,OK,0
2026-07-09 02:43:54,F2,13.0420,OK,0
2026-07-09 02:44:04,F2,13.0396,OK,0
2026-07-09 02:44:14,F2,13.0372,OK,0
2026-07-09 02:44:25,F2,13.0348,OK,0
2026-07-09 02:44:35,F2,13.0324,OK,0
2026-07-09 02:44:46,F2,13.0300,OK,0
2026-07-09 02:44:56,F2,13.0277,OK,0
2026-07-09 02:45:06,F2,13.0253,OK,0
2026-07-09 02:45:17,F2,13.0230,OK,0
2026-07-09 02:45:27,F2,13.0207,OK,0
2026-07-09 02:45:37,F2,13.0184,OK,0
2026-07-09 02:45:48,F2,13.0162,OK,0
2026-07-09 02:45:58,F2,13.0140,OK,0
2026-07-09 02:46:08,F2,13.0118,OK,0
2026-07-09 02:46:19,F2,13.0097,OK,0
2026-07-09 02:46:29,F2,13.0076,OK,1
2026-07-09 02:46:40,F2,13.0056,OK,1
2026-07-09 02:46:50,F2,13.0036,OK,1
2026-07-09 02:47:00,F2,13.0016,OK,1
2026-07-09 02:47:11,F2,12.9997,OK,0
2026-07-09 02:47:21,F2,12.9978,OK,0
2026-07-09 02:47:31,F2,12.9960,OK,0
2026-07-09 02:47:42,F2,12.9943,OK,0
2026-07-09 02:47:52,F2,12.9925,OK,0
2026-07-09 02:48:02,F2,12.9908,OK,0
2026-07-09 02:48:13,F2,12.9892,OK,0
2026-07-09 02:48:23,F2,12.9876,OK,0
2026-07-09 02:48:33,F2,12.9860,OK,0
2026-07-09 02:48:44,F2,12.9845,OK,0
2026-07-09 02:48:54,F2,12.9829,OK,0
2026-07-09 02:49:05,F2,12.9814,OK,0
2026-07-09 02:49:15,F2,12.9800,OK,0
2026-07-09 02:49:25,F2,12.9785,OK,0
2026-07-09 02:49:36,F2,12.9771,OK,0
2026-07-09 02:49:46,F2,12.9756,OK,0
2026-07-09 02:49:56,F2,12.9742,OK,0
2026-07-09 02:50:07,F2,12.9728,OK,0
2026-07-09 02:50:17,F2,12.9714,OK,0
2026-07-09 02:50:27,F2,12.9699,OK,0
2026-07-09 02:50:38,F2,12.9685,OK,0
2026-07-09 02:50:48,F2,12.9671,OK,0
2026-07-09 02:50:59,F2,12.9657,OK,0
2026-07-09 02:51:09,F2,12.9642,OK,0
2026-07-09 02:51:19,F2,12.9628,OK,0
2026-07-09 02:51:30,F2,12.9613,OK,0
2026-07-09 02:51:40,F2,12.9598,OK,0
2026-07-09 02:51:50,F2,12.9583,OK,0
2026-07-09 02:52:01,F2,12.9568,OK,0
2026-07-09 02:52:11,F2,12.9552,OK,0
2026-07-09 02:52:21,F2,12.9536,OK,0
2026-07-09 02:52:32,F2,12.9520,OK,0
2026-07-09 02:52:42,F2,12.9503,OK,0
2026-07-09 02:52:53,F2,12.9486,OK,0
2026-07-09 02:53:03,F2,12.9469,OK,0
2026-07-09 02:53:13,F2,12.9451,OK,0
2026-07-09 02:53:24,F2,12.9433,OK,1
2026-07-09 02:53:34,F2,12.9414,OK,1
2026-07-09 02:53:44,F2,12.9395,OK,1
2026-07-09 02:53:55,F2,12.9375,OK,1
2026-07-09 02:54:05,F2,12.9355,OK,1
2026-07-09 02:54:15,F2,12.9335,OK,0
2026-07-09 02:54:26,F2,12.9314,OK,0
2026-07-09 02:54:36,F2,12.9292,OK,0
2026-07-09 02:54:47,F2,12.9270,OK,0
2026-07-09 02:54:57,F2,12.9248,OK,0
2026-07-09 02:55:07,F2,12.9225,OK,0
2026-07-09 02:55:18,F2,12.9202,OK,0
2026-07-09 02:55:28,F2,12.9179,OK,0
2026-07-09 02:55:38,F2,12.9156,OK,0
2026-07-09 02:55:49,F2,12.9132,OK,0
2026-07-09 02:55:59,F2,12.9108,OK,0
2026-07-09 02:56:09,F2,12.9085,OK,0
2026-07-09 02:56:20,F2,12.9061,OK,0
2026-07-09 02:56:30,F2,12.9037,OK,0
2026-07-09 02:56:41,F2,12.9013,OK,0
2026-07-09 02:56:51,F2,12.8990,OK,0
2026-07-09 02:57:01,F2,12.8966,OK,0
2026-07-09 02:57:12,F2,12.8942,OK,0
2026-07-09 02:57:22,F2,12.8919,OK,0
2026-07-09 02:57:32,F2,12.8896,OK,0
2026-07-09 02:57:43,F2,12.8873,OK,0
2026-07-09 02:57:53,F2,12.8850,OK,0
2026-07-09 02:58:03,F2,12.8828,OK,0
2026-07-09 02:58:14,F2,12.8805,OK,0
2026-07-09 02:58:24,F2,12.8784,OK,0
2026-07-09 02:58:35,F2,12.8762,OK,0
2026-07-09 02:58:45,F2,12.8741,OK,0
2026-07-09 02:58:55,F2,12.8720,OK,0
2026-07-09 02:59:06,F2,12.8700,OK,0
2026-07-09 02:59:16,F2,12.8680,OK,0
2026-07-09 02:59:26,F2,12.8660,OK,0
2026-07-09 02:59:37,F2,12.8641,OK,0
2026-07-09 02:59:47,F2,12.8623,OK,1
2026-07-09 02:59:57,F2,12.8605,OK,1
2026-07-09 03:00:08,F2,12.8587,OK,1
2026-07-09 03:00:18,F2,12.8570,OK,1
2026-07-09 03:00:28,F2,12.8554,OK,0
2026-07-09 03:00:39,F2,12.8538,OK,0
2026-07-09 03:00:49,F2,12.8523,OK,0
2026-07-09 03:00:59,F2,12.8509,OK,0
2026-07-09 03:01:10,F2,12.8495,OK,0
2026-07-09 03:01:20,F2,12.8481,OK,0
2026-07-09 03:01:31,F2,12.8468,OK,0
2026-07-09 03:01:41,F2,12.8455,OK,0
2026-07-09 03:01:52,F2,12.8443,OK,0
2026-07-09 03:02:02,F2,12.8431,OK,0
2026-07-09 03:02:12,F2,12.8419,OK,0
2026-07-09 03:02:23,F2,12.8408,OK,0
2026-07-09 03:02:33,F2,12.8397,OK,0
2026-07-09 03:02:43,F2,12.8387,OK,0
2026-07-09 03:02:54,F2,12.8377,OK,1
2026-07-09 03:03:04,F2,12.8366,OK,0
2026-07-09 03:03:14,F2,12.8357,OK,0
2026-07-09 03:03:25,F2,12.8347,OK,0
2026-07-09 03:03:35,F2,12.8338,OK,0
2026-07-09 03:03:45,F2,12.8328,OK,0
2026-07-09 03:03:56,F2,12.8319,OK,0
2026-07-09 03:04:06,F2,12.8310,OK,0
2026-07-09 03:04:17,F2,12.8301,OK,0
2026-07-09 03:04:27,F2,12.8293,OK,0
2026-07-09 03:04:37,F2,12.8284,OK,0
2026-07-09 03:04:48,F2,12.8275,OK,0
2026-07-09 03:04:58,F2,12.8267,OK,0
2026-07-09 03:05:08,F2,12.8258,OK,0
2026-07-09 03:05:19,F2,12.8249,OK,0
2026-07-09 03:05:29,F2,12.8241,OK,0
2026-07-09 03:05:39,F2,12.8232,OK,0
2026-07-09 03:05:50,F2,12.8223,OK,0
2026-07-09 03:06:00,F2,12.8214,OK,0
2026-07-09 03:06:10,F2,12.8205,OK,0
2026-07-09 03:06:21,F2,12.8196,OK,0
2026-07-09 03:06:31,F2,12.8186,OK,0
2026-07-09 03:06:42,F2,12.8177,OK,0
2026-07-09 03:06:52,F2,12.8167,OK,0
2026-07-09 03:07:02,F2,12.8157,OK,0
2026-07-09 03:07:13,F2,12.8146,OK,0
2026-07-09 03:07:23,F2,12.8136,OK,1
2026-07-09 03:07:33,F2,12.8125,OK,1
2026-07-09 03:07:44,F2,12.8114,OK,1
2026-07-09 03:07:54,F2,12.8102,OK,1
2026-07-09 03:08:05,F2,12.8090,OK,1
2026-07-09 03:08:15,F2,12.8078,OK,0
2026-07-09 03:08:25,F2,12.8065,OK,0
2026-07-09 03:08:36,F2,12.8052,OK,0
2026-07-09 03:08:46,F2,12.8039,OK,0
2026-07-09 03:08:56,F2,12.8025,OK,0
2026-07-09 03:09:07,F2,12.8012,OK,0
2026-07-09 03:09:17,F2,12.7998,OK,0
2026-07-09 03:09:28,F2,12.7984,OK,0
2026-07-09 03:09:38,F2,12.7970,OK,0
2026-07-09 03:09:48,F2,12.7956,OK,0
2026-07-09 03:09:59,F2,12.7942,OK,0
2026-07-09 03:10:09,F2,12.7927,OK,0
2026-07-09 03:10:19,F2,12.7913,OK,0
2026-07-09 03:10:30,F2,12.7900,OK,0
2026-07-09 03:10:40,F2,12.7886,OK,0
2026-07-09 03:10:50,F2,12.7872,OK,0
2026-07-09 03:11:01,F2,12.7858,OK,0
2026-07-09 03:11:11,F2,12.7845,OK,0
2026-07-09 03:11:22,F2,12.7832,OK,0
2026-07-09 03:11:32,F2,12.7819,OK,0
2026-07-09 03:11:42,F2,12.7806,OK,0
2026-07-09 03:11:53,F2,12.7794,OK,0
2026-07-09 03:12:03,F2,12.7782,OK,0
2026-07-09 03:12:13,F2,12.7770,OK,0
2026-07-09 03:12:24,F2,12.7758,OK,0
2026-07-09 03:12:34,F2,12.7747,OK,0
2026-07-09 03:12:44,F2,12.7736,OK,0
2026-07-09 03:12:55,F2,12.7726,OK,0
2026-07-09 03:13:05,F2,12.7716,OK,0
2026-07-09 03:13:15,F2,12.7707,OK,0
2026-07-09 03:13:26,F2,12.7698,OK,0
2026-07-09 03:13:36,F2,12.7690,OK,0
2026-07-09 03:13:47,F2,12.7682,OK,1
2026-07-09 03:13:57,F2,12.7674,OK,1
2026-07-09 03:14:07,F2,12.7668,OK,1
2026-07-09 03:14:18,F2,12.7662,OK,0
2026-07-09 03:14:28,F2,12.7656,OK,0
2026-07-09 03:14:38,F2,12.7651,OK,0
2026-07-09 03:14:49,F2,12.7646,OK,0
2026-07-09 03:14:59,F2,12.7642,OK,0
2026-07-09 03:15:09,F2,12.7639,OK,0
2026-07-09 03:15:20,F2,12.7636,OK,0
2026-07-09 03:15:30,F2,12.7633,OK,0
2026-07-09 03:15:41,F2,12.7631,OK,0
2026-07-09 03:15:51,F2,12.7629,OK,0
2026-07-09 03:16:01,F2,12.7628,OK,0
2026-07-09 03:16:12,F2,12.7626,OK,0
2026-07-09 03:16:22,F2,12.7625,OK,0
2026-07-09 03:16:32,F2,12.7624,OK,0
2026-07-09 03:16:43,F2,12.7624,OK,0
2026-07-09 03:16:53,F2,12.7623,OK,0
2026-07-09 03:17:03,F2,12.7623,OK,0
2026-07-09 03:17:14,F2,12.7622,OK,0
2026-07-09 03:17:24,F2,12.7622,OK,0
2026-07-09 03:17:34,F2,12.7621,OK,0
2026-07-09 03:17:45,F2,12.7621,OK,0
2026-07-09 03:17:55,F2,12.7620,OK,0
2026-07-09 03:18:06,F2,12.7620,OK,0
2026-07-09 03:18:16,F2,12.7619,OK,0
2026-07-09 03:18:26,F2,12.7618,OK,0
2026-07-09 03:18:37,F2,12.7617,OK,0
2026-07-09 03:18:47,F2,12.7616,OK,0
2026-07-09 03:18:57,F2,12.7615,OK,0
2026-07-09 03:19:08,F2,12.7613,OK,0
2026-07-09 03:19:18,F2,12.7611,OK,0
2026-07-09 03:19:29,F2,12.7608,OK,0
2026-07-09 03:19:39,F2,12.7606,OK,0
2026-07-09 03:19:49,F2,12.7603,OK,0
2026-07-09 03:20:00,F2,12.7599,OK,0
2026-07-09 03:20:10,F2,12.7595,OK,0
2026-07-09 03:20:20,F2,12.7591,OK,0
2026-07-09 03:20:31,F2,12.7586,OK,1
2026-07-09 03:20:41,F2,12.7581,OK,1
2026-07-09 03:20:51,F2,12.7576,OK,1
2026-07-09 03:21:02,F2,12.7570,OK,1
2026-07-09 03:21:12,F2,12.7563,OK,1
2026-07-09 03:21:23,F2,12.7556,OK,1
2026-07-09 03:21:33,F2,12.7548,OK,0
2026-07-09 03:21:43,F2,12.7540,OK,0
2026-07-09 03:21:54,F2,12.7531,OK,0
2026-07-09 03:22:04,F2,12.7522,OK,0
2026-07-09 03:22:14,F2,12.7512,OK,0
2026-07-09 03:22:25,F2,12.7502,OK,0
2026-07-09 03:22:35,F2,12.7492,OK,0
2026-07-09 03:22:46,F2,12.7481,OK,0
2026-07-09 03:22:56,F2,12.7470,OK,0
2026-07-09 03:23:06,F2,12.7459,OK,0
2026-07-09 03:23:17,F2,12.7448,OK,0
2026-07-09 03:23:27,F2,12.7436,OK,0
2026-07-09 03:23:38,F2,12.7424,OK,0
2026-07-09 03:23:48,F2,12.7412,OK,0
2026-07-09 03:23:58,F2,12.7400,OK,0
2026-07-09 03:24:09,F2,12.7387,OK,0
2026-07-09 03:24:19,F2,12.7375,OK,0
2026-07-09 03:24:29,F2,12.7363,OK,0
2026-07-09 03:24:40,F2,12.7350,OK,0
2026-07-09 03:24:50,F2,12.7338,OK,0
2026-07-09 03:25:01,F2,12.7326,OK,0
2026-07-09 03:25:11,F2,12.7313,OK,0
2026-07-09 03:25:21,F2,12.7301,OK,0
2026-07-09 03:25:32,F2,12.7289,OK,0
2026-07-09 03:25:42,F2,12.7277,OK,0
2026-07-09 03:25:52,F2,12.7266,OK,0
2026-07-09 03:26:03,F2,12.7254,OK,0
2026-07-09 03:26:13,F2,12.7243,OK,0
2026-07-09 03:26:23,F2,12.7232,OK,0
2026-07-09 03:26:34,F2,12.7221,OK,0
2026-07-09 03:26:44,F2,12.7210,OK,0
2026-07-09 03:26:55,F2,12.7200,OK,1
2026-07-09 03:27:05,F2,12.7190,OK,1
2026-07-09 03:27:15,F2,12.7180,OK,1
2026-07-09 03:27:26,F2,12.7171,OK,1
2026-07-09 03:27:36,F2,12.7162,OK,0
2026-07-09 03:27:46,F2,12.7153,OK,0
2026-07-09 03:27:57,F2,12.7145,OK,0
2026-07-09 03:28:07,F2,12.7137,OK,0
2026-07-09 03:28:17,F2,12.7129,OK,0
2026-07-09 03:28:28,F2,12.7121,OK,0
2026-07-09 03:28:38,F2,12.7114,OK,0
2026-07-09 03:28:48,F2,12.7107,OK,0
2026-07-09 03:28:59,F2,12.7101,OK,0
2026-07-09 03:29:09,F2,12.7094,OK,0
2026-07-09 03:29:20,F2,12.7088,OK,0
2026-07-09 03:29:30,F2,12.7082,OK,0
2026-07-09 03:29:40,F2,12.7076,OK,0
2026-07-09 03:29:51,F2,12.7070,OK,0
2026-07-09 03:30:01,F2,12.7064,OK,0
2026-07-09 03:30:11,F2,12.7058,OK,0
2026-07-09 03:30:22,F2,12.7052,OK,0
2026-07-09 03:30:32,F2,12.7047,OK,0
2026-07-09 03:30:42,F2,12.7041,OK,0
2026-07-09 03:30:53,F2,12.7035,OK,0
2026-07-09 03:31:03,F2,12.7029,OK,0
2026-07-09 03:31:13,F2,12.7023,OK,0
2026-07-09 03:31:24,F2,12.7016,OK,0
2026-07-09 03:31:34,F2,12.7010,OK,0
2026-07-09 03:31:45,F2,12.7003,OK,0
2026-07-09 03:31:55,F2,12.6996,OK,0
2026-07-09 03:32:05,F2,12.6989,OK,0
2026-07-09 03:32:16,F2,12.6982,OK,0
2026-07-09 03:32:26,F2,12.6974,OK,0
2026-07-09 03:32:36,F2,12.6966,OK,0
2026-07-09 03:32:47,F2,12.6958,OK,0
2026-07-09 03:32:57,F2,12.6949,OK,0
2026-07-09 03:33:07,F2,12.6940,OK,0
2026-07-09 03:33:18,F2,12.6930,OK,0
2026-07-09 03:33:28,F2,12.6920,OK,0
2026-07-09 03:33:38,F2,12.6910,OK,0
2026-07-09 03:33:49,F2,12.6899,OK,1
2026-07-09 03:33:59,F2,12.6888,OK,0
2026-07-09 03:34:10,F2,12.6876,OK,1
2026-07-09 03:34:20,F2,12.6863,OK,1
2026-07-09 03:34:30,F2,12.6850,OK,1
2026-07-09 03:34:41,F2,12.6836,OK,1
2026-07-09 03:34:51,F2,12.6822,OK,1
2026-07-09 03:35:01,F2,12.6807,OK,1
2026-07-09 03:35:12,F2,12.6791,OK,0
2026-07-09 03:35:22,F2,12.6775,OK,0
2026-07-09 03:35:32,F2,12.6759,OK,0
2026-07-09 03:35:43,F2,12.6741,OK,0
2026-07-09 03:35:53,F2,12.6724,OK,0
2026-07-09 03:36:04,F2,12.6705,OK,0
2026-07-09 03:36:14,F2,12.6687,OK,0
2026-07-09 03:36:24,F2,12.6668,OK,0
2026-07-09 03:36:35,F2,12.6649,OK,0
2026-07-09 03:36:45,F2,12.6629,OK,0
2026-07-09 03:36:55,F2,12.6610,OK,0
2026-07-09 03:37:06,F2,12.6590,OK,0
2026-07-09 03:37:16,F2,12.6570,OK,0
2026-07-09 03:37:26,F2,12.6550,OK,0
2026-07-09 03:37:37,F2,12.6530,OK,0
2026-07-09 03:37:47,F2,12.6510,OK,0
2026-07-09 03:37:58,F2,12.6489,OK,0
2026-07-09 03:38:08,F2,12.6469,OK,0
2026-07-09 03:38:18,F2,12.6449,OK,0
2026-07-09 03:38:29,F2,12.6429,OK,0
2026-07-09 03:38:39,F2,12.6409,OK,0
2026-07-09 03:38:49,F2,12.6389,OK,0
2026-07-09 03:39:00,F2,12.6370,OK,0
2026-07-09 03:39:10,F2,12.6350,OK,1
2026-07-09 03:39:21,F2,12.6331,OK,0
2026-07-09 03:39:31,F2,12.6312,OK,0
2026-07-09 03:39:41,F2,12.6293,OK,1
2026-07-09 03:39:52,F2,12.6275,OK,0
2026-07-09 03:40:02,F2,12.6256,OK,1
2026-07-09 03:40:12,F2,12.6239,OK,1
2026-07-09 03:40:23,F2,12.6221,OK,0
2026-07-09 03:40:33,F2,12.6204,OK,0
2026-07-09 03:40:43,F2,12.6187,OK,0
2026-07-09 03:40:54,F2,12.6171,OK,0
2026-07-09 03:41:04,F2,12.6155,OK,0
2026-07-09 03:41:14,F2,12.6139,OK,0
2026-07-09 03:41:25,F2,12.6124,OK,0
2026-07-09 03:41:35,F2,12.6109,OK,0
2026-07-09 03:41:45,F2,12.6095,OK,0
2026-07-09 03:41:56,F2,12.6080,OK,0
2026-07-09 03:42:06,F2,12.6066,OK,0
2026-07-09 03:42:17,F2,12.6052,OK,0
2026-07-09 03:42:27,F2,12.6039,OK,0
2026-07-09 03:42:37,F2,12.6025,OK,0
2026-07-09 03:42:48,F2,12.6012,OK,0
2026-07-09 03:42:58,F2,12.5999,OK,0
2026-07-09 03:43:08,F2,12.5986,OK,0
2026-07-09 03:43:19,F2,12.5973,OK,0
2026-07-09 03:43:29,F2,12.5960,OK,0
2026-07-09 03:43:40,F2,12.5947,OK,0
2026-07-09 03:43:50,F2,12.5934,OK,0
2026-07-09 03:44:00,F2,12.5921,OK,0
2026-07-09 03:44:11,F2,12.5908,OK,0
2026-07-09 03:44:21,F2,12.5895,OK,0
2026-07-09 03:44:31,F2,12.5882,OK,0
2026-07-09 03:44:42,F2,12.5869,OK,0
2026-07-09 03:44:52,F2,12.5856,OK,0
2026-07-09 03:45:02,F2,12.5842,OK,0
2026-07-09 03:45:13,F2,12.5829,OK,0
2026-07-09 03:45:23,F2,12.5815,OK,0
2026-07-09 03:45:34,F2,12.5801,OK,0
2026-07-09 03:45:44,F2,12.5787,OK,0
2026-07-09 03:45:54,F2,12.5773,OK,0
2026-07-09 03:46:05,F2,12.5758,OK,0
2026-07-09 03:46:15,F2,12.5743,OK,0
2026-07-09 03:46:25,F2,12.5728,OK,0
2026-07-09 03:46:36,F2,12.5712,OK,0
2026-07-09 03:46:46,F2,12.5697,OK,0
2026-07-09 03:46:57,F2,12.5680,OK,0
2026-07-09 03:47:07,F2,12.5664,OK,0
2026-07-09 03:47:17,F2,12.5647,OK,0
2026-07-09 03:47:28,F2,12.5630,OK,0
2026-07-09 03:47:38,F2,12.5612,OK,0
2026-07-09 03:47:48,F2,12.5594,OK,0
2026-07-09 03:47:59,F2,12.5575,OK,0
2026-07-09 03:48:09,F2,12.5556,OK,1
2026-07-09 03:48:19,F2,12.5536,OK,1
2026-07-09 03:48:30,F2,12.5516,OK,1
2026-07-09 03:48:40,F2,12.5496,OK,1
2026-07-09 03:48:51,F2,12.5475,OK,1
2026-07-09 03:49:01,F2,12.5453,OK,1
2026-07-09 03:49:11,F2,12.5431,OK,0
2026-07-09 03:49:22,F2,12.5409,OK,0
2026-07-09 03:49:32,F2,12.5386,OK,0
2026-07-09 03:49:42,F2,12.5362,OK,0
2026-07-09 03:49:53,F2,12.5338,OK,0
2026-07-09 03:50:03,F2,12.5314,OK,0
2026-07-09 03:50:13,F2,12.5290,OK,0
2026-07-09 03:50:24,F2,12.5265,OK,0
2026-07-09 03:50:34,F2,12.5240,OK,0
2026-07-09 03:50:45,F2,12.5215,OK,0
2026-07-09 03:50:55,F2,12.5190,OK,0
2026-07-09 03:51:05,F2,12.5165,OK,0
2026-07-09 03:51:16,F2,12.5140,OK,0
2026-07-09 03:51:26,F2,12.5115,OK,0
2026-07-09 03:51:36,F2,12.5090,OK,0
2026-07-09 03:51:47,F2,12.5064,OK,0
2026-07-09 03:51:57,F2,12.5039,OK,0
2026-07-09 03:52:08,F2,12.5014,OK,0
2026-07-09 03:52:18,F2,12.4989,OK,0
2026-07-09 03:52:28,F2,12.4964,OK,0
2026-07-09 03:52:39,F2,12.4940,OK,0
2026-07-09 03:52:49,F2,12.4915,OK,0
2026-07-09 03:52:59,F2,12.4891,OK,1
2026-07-09 03:53:10,F2,12.4867,OK,0
2026-07-09 03:53:20,F2,12.4844,OK,0
2026-07-09 03:53:30,F2,12.4820,OK,0
2026-07-09 03:53:41,F2,12.4797,OK,0
2026-07-09 03:53:51,F2,12.4774,OK,0
2026-07-09 03:54:02,F2,12.4752,OK,0
2026-07-09 03:54:12,F2,12.4730,OK,0
2026-07-09 03:54:22,F2,12.4708,OK,0
2026-07-09 03:54:33,F2,12.4687,OK,0
2026-07-09 03:54:43,F2,12.4666,OK,0
2026-07-09 03:54:53,F2,12.4646,OK,0
2026-07-09 03:55:04,F2,12.4626,OK,0
2026-07-09 03:55:14,F2,12.4607,OK,0
2026-07-09 03:55:25,F2,12.4588,OK,0
2026-07-09 03:55:35,F2,12.4570,OK,0
2026-07-09 03:55:45,F2,12.4552,OK,0
2026-07-09 03:55:56,F2,12.4534,OK,0
2026-07-09 03:56:06,F2,12.4517,OK,0
2026-07-09 03:56:16,F2,12.4500,OK,0
2026-07-09 03:56:27,F2,12.4484,OK,0
2026-07-09 03:56:37,F2,12.4467,OK,0
2026-07-09 03:56:47,F2,12.4452,OK,0
2026-07-09 03:56:58,F2,12.4436,OK,0
2026-07-09 03:57:08,F2,12.4420,OK,0
2026-07-09 03:57:19,F2,12.4405,OK,0
2026-07-09 03:57:29,F2,12.4390,OK,0
2026-07-09 03:57:39,F2,12.4375,OK,0
2026-07-09 03:57:50,F2,12.4360,OK,0
2026-07-09 03:58:00,F2,12.4346,OK,0
2026-07-09 03:58:10,F2,12.4331,OK,0
2026-07-09 03:58:21,F2,12.4316,OK,0
2026-07-09 03:58:31,F2,12.4302,OK,0
2026-07-09 03:58:41,F2,12.4287,OK,0
2026-07-09 03:58:52,F2,12.4272,OK,0
2026-07-09 03:59:02,F2,12.4258,OK,0
2026-07-09 03:59:13,F2,12.4243,OK,0
2026-07-09 03:59:23,F2,12.4228,OK,0
2026-07-09 03:59:33,F2,12.4213,OK,0
2026-07-09 03:59:44,F2,12.4198,OK,0
2026-07-09 03:59:54,F2,12.4183,OK,0
2026-07-09 04:00:04,F2,12.4168,OK,0
2026-07-09 04:00:15,F2,12.4152,OK,0
2026-07-09 04:00:25,F2,12.4136,OK,0
2026-07-09 04:00:35,F2,12.4120,OK,0
2026-07-09 04:00:46,F2,12.4104,OK,0
2026-07-09 04:00:56,F2,12.4087,OK,0
2026-07-09 04:01:07,F2,12.4070,OK,1
2026-07-09 04:01:17,F2,12.4053,OK,0
2026-07-09 04:01:27,F2,12.4036,OK,0
2026-07-09 04:01:38,F2,12.4018,OK,0
2026-07-09 04:01:48,F2,12.3999,OK,0
2026-07-09 04:01:58,F2,12.3981,OK,0
2026-07-09 04:02:09,F2,12.3961,OK,0
2026-07-09 04:02:19,F2,12.3942,OK,1
2026-07-09 04:02:29,F2,12.3922,OK,1
2026-07-09 04:02:40,F2,12.3901,OK,1
2026-07-09 04:02:50,F2,12.3880,OK,1
2026-07-09 04:03:01,F2,12.3858,OK,0
2026-07-09 04:03:11,F2,12.3836,OK,0
2026-07-09 04:03:21,F2,12.3813,OK,0
2026-07-09 04:03:32,F2,12.3790,OK,0
2026-07-09 04:03:42,F2,12.3767,OK,0
2026-07-09 04:03:52,F2,12.3743,OK,0
2026-07-09 04:04:03,F2,12.3718,OK,0
2026-07-09 04:04:13,F2,12.3694,OK,0
2026-07-09 04:04:23,F2,12.3669,OK,0
2026-07-09 04:04:34,F2,12.3644,OK,0
2026-07-09 04:04:44,F2,12.3619,OK,0
2026-07-09 04:04:55,F2,12.3593,OK,0
2026-07-09 04:05:05,F2,12.3568,OK,0
2026-07-09 04:05:16,F2,12.3542,OK,0
2026-07-09 04:05:26,F2,12.3516,OK,0
2026-07-09 04:05:36,F2,12.3491,OK,0
2026-07-09 04:05:47,F2,12.3465,OK,0
2026-07-09 04:05:57,F2,12.3440,OK,0
2026-07-09 04:06:07,F2,12.3414,OK,0
2026-07-09 04:06:18,F2,12.3389,OK,0
2026-07-09 04:06:28,F2,12.3364,OK,0
2026-07-09 04:06:39,F2,12.3339,OK,0
2026-07-09 04:06:49,F2,12.3315,OK,0
2026-07-09 04:06:59,F2,12.3290,OK,0
2026-07-09 04:07:10,F2,12.3266,OK,0
2026-07-09 04:07:20,F2,12.3242,OK,0
2026-07-09 04:07:30,F2,12.3219,OK,0
2026-07-09 04:07:41,F2,12.3195,OK,0
2026-07-09 04:07:51,F2,12.3173,OK,1
2026-07-09 04:08:02,F2,12.3150,OK,0
2026-07-09 04:08:12,F2,12.3128,OK,0
2026-07-09 04:08:22,F2,12.3107,OK,0
2026-07-09 04:08:33,F2,12.3086,OK,1
2026-07-09 04:08:43,F2,12.3065,OK,1
2026-07-09 04:08:53,F2,12.3045,OK,1
2026-07-09 04:09:04,F2,12.3026,OK,1
2026-07-09 04:09:14,F2,12.3007,OK,0
2026-07-09 04:09:25,F2,12.2988,OK,0
2026-07-09 04:09:35,F2,12.2971,OK,0
2026-07-09 04:09:45,F2,12.2953,OK,0
2026-07-09 04:09:56,F2,12.2937,OK,0
2026-07-09 04:10:06,F2,12.2920,OK,0
2026-07-09 04:10:16,F2,12.2905,OK,0
2026-07-09 04:10:27,F2,12.2889,OK,0
2026-07-09 04:10:37,F2,12.2874,OK,0
2026-07-09 04:10:47,F2,12.2860,OK,0
2026-07-09 04:10:58,F2,12.2846,OK,0
2026-07-09 04:11:08,F2,12.2832,OK,0
2026-07-09 04:11:19,F2,12.2818,OK,0
2026-07-09 04:11:29,F2,12.2805,OK,0
2026-07-09 04:11:39,F2,12.2792,OK,0
2026-07-09 04:11:50,F2,12.2779,OK,0
2026-07-09 04:12:00,F2,12.2766,OK,0
2026-07-09 04:12:10,F2,12.2754,OK,0
2026-07-09 04:12:21,F2,12.2741,OK,0
2026-07-09 04:12:31,F2,12.2729,OK,0
2026-07-09 04:12:41,F2,12.2716,OK,0
2026-07-09 04:12:52,F2,12.2704,OK,0
2026-07-09 04:13:02,F2,12.2691,OK,0
2026-07-09 04:13:13,F2,12.2679,OK,0
2026-07-09 04:13:23,F2,12.2667,OK,0
2026-07-09 04:13:33,F2,12.2654,OK,0
2026-07-09 04:13:44,F2,12.2641,OK,0
2026-07-09 04:13:54,F2,12.2629,OK,0
2026-07-09 04:14:04,F2,12.2616,OK,0
2026-07-09 04:14:15,F2,12.2603,OK,0
2026-07-09 04:14:25,F2,12.2590,OK,0
2026-07-09 04:14:35,F2,12.2576,OK,0
2026-07-09 04:14:46,F2,12.2563,OK,0
2026-07-09 04:14:56,F2,12.2549,OK,0
2026-07-09 04:15:06,F2,12.2535,OK,0
2026-07-09 04:15:17,F2,12.2521,OK,0
2026-07-09 04:15:27,F2,12.2506,OK,0
2026-07-09 04:15:37,F2,12.2491,OK,0
2026-07-09 04:15:48,F2,12.2476,OK,0
2026-07-09 04:15:58,F2,12.2461,OK,0
2026-07-09 04:16:09,F2,12.2445,OK,1
2026-07-09 04:16:19,F2,12.2429,OK,1
2026-07-09 04:16:29,F2,12.2413,OK,1
2026-07-09 04:16:40,F2,12.2396,OK,1
2026-07-09 04:16:50,F2,12.2379,OK,1
2026-07-09 04:17:00,F2,12.2362,OK,0
2026-07-09 04:17:11,F2,12.2345,OK,0
2026-07-09 04:17:21,F2,12.2327,OK,0
2026-07-09 04:17:32,F2,12.2309,OK,0
2026-07-09 04:17:42,F2,12.2290,OK,0
2026-07-09 04:17:52,F2,12.2272,OK,0
2026-07-09 04:18:03,F2,12.2253,OK,0
2026-07-09 04:18:13,F2,12.2234,OK,0
2026-07-09 04:18:23,F2,12.2215,OK,0
2026-07-09 04:18:34,F2,12.2197,OK,0
2026-07-09 04:18:44,F2,12.2178,OK,0
2026-07-09 04:18:54,F2,12.2159,OK,0
2026-07-09 04:19:05,F2,12.2140,OK,0
2026-07-09 04:19:15,F2,12.2121,OK,0
2026-07-09 04:19:26,F2,12.2103,OK,1
2026-07-09 04:19:36,F2,12.2084,OK,1
2026-07-09 04:19:46,F2,12.2066,OK,0
2026-07-09 04:19:57,F2,12.2048,OK,0
2026-07-09 04:20:07,F2,12.2030,OK,0
2026-07-09 04:20:17,F2,12.2013,OK,0
2026-07-09 04:20:28,F2,12.1996,OK,0
2026-07-09 04:20:38,F2,12.1979,OK,0
2026-07-09 04:20:48,F2,12.1962,OK,0
2026-07-09 04:20:59,F2,12.1946,OK,0
2026-07-09 04:21:09,F2,12.1930,OK,0
2026-07-09 04:21:20,F2,12.1914,OK,0
2026-07-09 04:21:30,F2,12.1899,OK,0
2026-07-09 04:21:40,F2,12.1884,OK,0
2026-07-09 04:21:51,F2,12.1870,OK,0
2026-07-09 04:22:01,F2,12.1856,OK,0
2026-07-09 04:22:11,F2,12.1842,OK,0
2026-07-09 04:22:22,F2,12.1828,OK,0
2026-07-09 04:22:32,F2,12.1816,OK,0
2026-07-09 04:22:42,F2,12.1803,OK,0
2026-07-09 04:22:53,F2,12.1791,OK,0
2026-07-09 04:23:03,F2,12.1779,OK,0
2026-07-09 04:23:14,F2,12.1768,OK,0
2026-07-09 04:23:24,F2,12.1758,OK,0
2026-07-09 04:23:34,F2,12.1747,OK,0
2026-07-09 04:23:45,F2,12.1737,OK,0
2026-07-09 04:23:55,F2,12.1728,OK,0
2026-07-09 04:24:05,F2,12.1719,OK,0
2026-07-09 04:24:16,F2,12.1710,OK,0
2026-07-09 04:24:26,F2,12.1702,OK,0
2026-07-09 04:24:36,F2,12.1694,OK,0
2026-07-09 04:24:47,F2,12.1687,OK,0
2026-07-09 04:24:57,F2,12.1680,OK,0
2026-07-09 04:25:07,F2,12.1673,OK,0
2026-07-09 04:25:18,F2,12.1666,OK,0
2026-07-09 04:25:28,F2,12.1660,OK,0
2026-07-09 04:25:39,F2,12.1654,OK,0
2026-07-09 04:25:49,F2,12.1648,OK,0
2026-07-09 04:25:59,F2,12.1642,OK,0
2026-07-09 04:26:10,F2,12.1636,OK,0
2026-07-09 04:26:20,F2,12.1630,OK,0
2026-07-09 04:26:30,F2,12.1625,OK,0
2026-07-09 04:26:41,F2,12.1620,OK,0
2026-07-09 04:26:51,F2,12.1614,OK,0
2026-07-09 04:27:02,F2,12.1609,OK,0
2026-07-09 04:27:12,F2,12.1604,OK,0
2026-07-09 04:27:22,F2,12.1598,OK,0
2026-07-09 04:27:33,F2,12.1593,OK,0
2026-07-09 04:27:43,F2,12.1588,OK,0
2026-07-09 04:27:54,F2,12.1582,OK,0
2026-07-09 04:28:04,F2,12.1577,OK,0
2026-07-09 04:28:14,F2,12.1571,OK,0
2026-07-09 04:28:25,F2,12.1565,OK,0
2026-07-09 04:28:35,F2,12.1559,OK,0
2026-07-09 04:28:45,F2,12.1553,OK,0
2026-07-09 04:28:56,F2,12.1547,OK,0
2026-07-09 04:29:06,F2,12.1540,OK,0
2026-07-09 04:29:16,F2,12.1533,OK,0
2026-07-09 04:29:27,F2,12.1526,OK,0
2026-07-09 04:29:37,F2,12.1519,OK,0
2026-07-09 04:29:48,F2,12.1511,OK,0
2026-07-09 04:29:58,F2,12.1504,OK,1
2026-07-09 04:30:08,F2,12.1495,OK,1
2026-07-09 04:30:19,F2,12.1487,OK,1
2026-07-09 04:30:29,F2,12.1478,OK,1
2026-07-09 04:30:39,F2,12.1469,OK,0
2026-07-09 04:30:50,F2,12.1459,OK,0
2026-07-09 04:31:00,F2,12.1449,OK,0
2026-07-09 04:31:10,F2,12.1439,OK,0
2026-07-09 04:31:21,F2,12.1429,OK,0
2026-07-09 04:31:31,F2,12.1418,OK,0
2026-07-09 04:31:42,F2,12.1407,OK,0
2026-07-09 04:31:52,F2,12.1396,OK,0
2026-07-09 04:32:02,F2,12.1385,OK,0
2026-07-09 04:32:13,F2,12.1374,OK,0
2026-07-09 04:32:23,F2,12.1363,OK,0
2026-07-09 04:32:33,F2,12.1352,OK,0
2026-07-09 04:32:44,F2,12.1341,OK,0
2026-07-09 04:32:54,F2,12.1329,OK,0
2026-07-09 04:33:05,F2,12.1318,OK,0
2026-07-09 04:33:15,F2,12.1307,OK,0
2026-07-09 04:33:25,F2,12.1296,OK,0
2026-07-09 04:33:36,F2,12.1285,OK,0
2026-07-09 04:33:46,F2,12.1274,OK,0
2026-07-09 04:33:56,F2,12.1264,OK,0
2026-07-09 04:34:07,F2,12.1253,OK,0
2026-07-09 04:34:17,F2,12.1243,OK,0
2026-07-09 04:34:28,F2,12.1233,OK,0
2026-07-09 04:34:38,F2,12.1223,OK,0
2026-07-09 04:34:48,F2,12.1214,OK,0
2026-07-09 04:34:59,F2,12.1204,OK,0
2026-07-09 04:35:09,F2,12.1195,OK,0
2026-07-09 04:35:19,F2,12.1187,OK,0
2026-07-09 04:35:30,F2,12.1179,OK,0
2026-07-09 04:35:40,F2,12.1171,OK,0
2026-07-09 04:35:50,F2,12.1163,OK,0
2026-07-09 04:36:01,F2,12.1157,OK,0
2026-07-09 04:36:11,F2,12.1150,OK,0
2026-07-09 04:36:21,F2,12.1144,OK,0
2026-07-09 04:36:32,F2,12.1139,OK,1
2026-07-09 04:36:42,F2,12.1134,OK,0
2026-07-09 04:36:53,F2,12.1129,OK,0
2026-07-09 04:37:03,F2,12.1125,OK,0
2026-07-09 04:37:13,F2,12.1122,OK,1
2026-07-09 04:37:24,F2,12.1119,OK,0
2026-07-09 04:37:34,F2,12.1117,OK,0
2026-07-09 04:37:44,F2,12.1116,OK,0
2026-07-09 04:37:55,F2,12.1115,OK,0
2026-07-09 04:38:05,F2,12.1114,OK,0
2026-07-09 04:38:15,F2,12.1114,OK,0
2026-07-09 04:38:26,F2,12.1114,OK,0
2026-07-09 04:38:36,F2,12.1115,OK,0
2026-07-09 04:38:47,F2,12.1116,OK,0
2026-07-09 04:38:57,F2,12.1118,OK,0
2026-07-09 04:39:07,F2,12.1120,OK,0
2026-07-09 04:39:18,F2,12.1122,OK,0
2026-07-09 04:39:28,F2,12.1125,OK,0
2026-07-09 04:39:39,F2,12.1127,OK,0
2026-07-09 04:39:49,F2,12.1130,OK,0
2026-07-09 04:39:59,F2,12.1133,OK,0
2026-07-09 04:40:10,F2,12.1137,OK,0
2026-07-09 04:40:20,F2,12.1140,OK,0
2026-07-09 04:40:31,F2,12.1143,OK,0
2026-07-09 04:40:41,F2,12.1147,OK,0
2026-07-09 04:40:51,F2,12.1150,OK,0
2026-07-09 04:41:02,F2,12.1154,OK,0
2026-07-09 04:41:12,F2,12.1157,OK,0
2026-07-09 04:41:22,F2,12.1161,OK,0
2026-07-09 04:41:33,F2,12.1164,OK,0
2026-07-09 04:41:43,F2,12.1168,OK,0
2026-07-09 04:41:53,F2,12.1171,OK,0
2026-07-09 04:42:04,F2,12.1174,OK,0
2026-07-09 04:42:14,F2,12.1177,OK,0
2026-07-09 04:42:25,F2,12.1179,OK,0
2026-07-09 04:42:35,F2,12.1182,OK,0
2026-07-09 04:42:45,F2,12.1184,OK,0
2026-07-09 04:42:56,F2,12.1186,OK,0
2026-07-09 04:43:06,F2,12.1188,OK,0
2026-07-09 04:43:16,F2,12.1189,OK,0
2026-07-09 04:43:27,F2,12.1190,OK,0
2026-07-09 04:43:37,F2,12.1191,OK,0
2026-07-09 04:43:47,F2,12.1192,OK,0
2026-07-09 04:43:58,F2,12.1192,OK,1
2026-07-09 04:44:08,F2,12.1191,OK,1
2026-07-09 04:44:18,F2,12.1190,OK,1
2026-07-09 04:44:29,F2,12.1189,OK,1
2026-07-09 04:44:39,F2,12.1187,OK,0
2026-07-09 04:44:50,F2,12.1185,OK,0
2026-07-09 04:45:00,F2,12.1182,OK,0
2026-07-09 04:45:10,F2,12.1179,OK,0
2026-07-09 04:45:21,F2,12.1176,OK,0
2026-07-09 04:45:31,F2,12.1172,OK,0
2026-07-09 04:45:41,F2,12.1168,OK,0
2026-07-09 04:45:52,F2,12.1164,OK,0
2026-07-09 04:46:02,F2,12.1160,OK,0
2026-07-09 04:46:12,F2,12.1155,OK,0
2026-07-09 04:46:23,F2,12.1150,OK,0
2026-07-09 04:46:33,F2,12.1145,OK,0
2026-07-09 04:46:44,F2,12.1140,OK,0
2026-07-09 04:46:54,F2,12.1135,OK,0
2026-07-09 04:47:04,F2,12.1130,OK,0
2026-07-09 04:47:15,F2,12.1125,OK,0
2026-07-09 04:47:25,F2,12.1120,OK,0
2026-07-09 04:47:35,F2,12.1115,OK,0
2026-07-09 04:47:46,F2,12.1110,OK,0
2026-07-09 04:47:56,F2,12.1105,OK,0
2026-07-09 04:48:06,F2,12.1101,OK,0
2026-07-09 04:48:17,F2,12.1097,OK,0
2026-07-09 04:48:27,F2,12.1093,OK,0
2026-07-09 04:48:37,F2,12.1089,OK,0
2026-07-09 04:48:48,F2,12.1085,OK,0
2026-07-09 04:48:58,F2,12.1082,OK,0
2026-07-09 04:49:09,F2,12.1079,OK,0
2026-07-09 04:49:19,F2,12.1076,OK,0
2026-07-09 04:49:29,F2,12.1074,OK,0
2026-07-09 04:49:40,F2,12.1072,OK,0
2026-07-09 04:49:50,F2,12.1070,OK,0
2026-07-09 04:50:00,F2,12.1069,OK,0
2026-07-09 04:50:11,F2,12.1069,OK,0
2026-07-09 04:50:21,F2,12.1068,OK,0
2026-07-09 04:50:32,F2,12.1068,OK,0
2026-07-09 04:50:42,F2,12.1069,OK,1
2026-07-09 04:50:52,F2,12.1070,OK,1
2026-07-09 04:51:03,F2,12.1072,OK,0
2026-07-09 04:51:13,F2,12.1074,OK,0
2026-07-09 04:51:23,F2,12.1076,OK,0
2026-07-09 04:51:34,F2,12.1079,OK,0
2026-07-09 04:51:44,F2,12.1083,OK,0
2026-07-09 04:51:54,F2,12.1087,OK,0
2026-07-09 04:52:05,F2,12.1091,OK,0
2026-07-09 04:52:15,F2,12.1096,OK,0
2026-07-09 04:52:26,F2,12.1101,OK,0
2026-07-09 04:52:36,F2,12.1106,OK,0
2026-07-09 04:52:46,F2,12.1112,OK,0
2026-07-09 04:52:57,F2,12.1118,OK,0
2026-07-09 04:53:07,F2,12.1124,OK,0
2026-07-09 04:53:17,F2,12.1130,OK,0
2026-07-09 04:53:28,F2,12.1137,OK,0
2026-07-09 04:53:38,F2,12.1143,OK,0
2026-07-09 04:53:48,F2,12.1150,OK,0
2026-07-09 04:53:59,F2,12.1157,OK,0
2026-07-09 04:54:09,F2,12.1164,OK,0
2026-07-09 04:54:20,F2,12.1171,OK,0
2026-07-09 04:54:30,F2,12.1178,OK,0
2026-07-09 04:54:40,F2,12.1185,OK,0
2026-07-09 04:54:51,F2,12.1191,OK,0
2026-07-09 04:55:01,F2,12.1198,OK,0
2026-07-09 04:55:11,F2,12.1205,OK,0
2026-07-09 04:55:22,F2,12.1211,OK,0
2026-07-09 04:55:32,F2,12.1217,OK,0
2026-07-09 04:55:42,F2,12.1223,OK,0
2026-07-09 04:55:53,F2,12.1229,OK,0
2026-07-09 04:56:03,F2,12.1235,OK,0
2026-07-09 04:56:14,F2,12.1240,OK,0
2026-07-09 04:56:24,F2,12.1245,OK,0
2026-07-09 04:56:34,F2,12.1250,OK,0
2026-07-09 04:56:45,F2,12.1255,OK,0
2026-07-09 04:56:55,F2,12.1259,OK,0
2026-07-09 04:57:05,F2,12.1263,OK,0
2026-07-09 04:57:16,F2,12.1266,OK,0
2026-07-09 04:57:26,F2,12.1269,OK,0
2026-07-09 04:57:37,F2,12.1272,OK,0
2026-07-09 04:57:47,F2,12.1274,OK,0
2026-07-09 04:57:57,F2,12.1276,OK,0
2026-07-09 04:58:08,F2,12.1277,OK,0
2026-07-09 04:58:18,F2,12.1278,OK,0
2026-07-09 04:58:28,F2,12.1279,OK,1
2026-07-09 04:58:39,F2,12.1279,OK,1
2026-07-09 04:58:49,F2,12.1278,OK,1
2026-07-09 04:58:59,F2,12.1277,OK,1
2026-07-09 04:59:10,F2,12.1276,OK,0
2026-07-09 04:59:20,F2,12.1274,OK,0
2026-07-09 04:59:31,F2,12.1271,OK,0
2026-07-09 04:59:41,F2,12.1269,OK,0
2026-07-09 04:59:51,F2,12.1265,OK,0
2026-07-09 05:00:02,F2,12.1262,OK,0
2026-07-09 05:00:12,F2,12.1258,OK,0
2026-07-09 05:00:22,F2,12.1253,OK,0
2026-07-09 05:00:33,F2,12.1249,OK,0
2026-07-09 05:00:43,F2,12.1244,OK,0
2026-07-09 05:00:53,F2,12.1239,OK,0
2026-07-09 05:01:04,F2,12.1234,OK,0
2026-07-09 05:01:14,F2,12.1229,OK,0
2026-07-09 05:01:25,F2,12.1223,OK,0
2026-07-09 05:01:35,F2,12.1218,OK,0
2026-07-09 05:01:45,F2,12.1213,OK,0
2026-07-09 05:01:56,F2,12.1207,OK,0
2026-07-09 05:02:06,F2,12.1202,OK,0
2026-07-09 05:02:16,F2,12.1197,OK,0
2026-07-09 05:02:27,F2,12.1192,OK,0
2026-07-09 05:02:37,F2,12.1187,OK,0
2026-07-09 05:02:47,F2,12.1182,OK,0
2026-07-09 05:02:58,F2,12.1177,OK,0
2026-07-09 05:03:08,F2,12.1173,OK,0
2026-07-09 05:03:18,F2,12.1168,OK,0
2026-07-09 05:03:29,F2,12.1164,OK,0
2026-07-09 05:03:39,F2,12.1161,OK,0
2026-07-09 05:03:50,F2,12.1157,OK,0
2026-07-09 05:04:00,F2,12.1154,OK,0
2026-07-09 05:04:10,F2,12.1151,OK,0
2026-07-09 05:04:21,F2,12.1149,OK,0
2026-07-09 05:04:31,F2,12.1147,OK,0
2026-07-09 05:04:41,F2,12.1145,OK,0
2026-07-09 05:04:52,F2,12.1143,OK,0
2026-07-09 05:05:02,F2,12.1142,OK,0
2026-07-09 05:05:13,F2,12.1141,OK,0
2026-07-09 05:05:23,F2,12.1141,OK,0
2026-07-09 05:05:33,F2,12.1141,OK,0
2026-07-09 05:05:44,F2,12.1141,OK,0
2026-07-09 05:05:54,F2,12.1142,OK,0
2026-07-09 05:06:04,F2,12.1143,OK,0
2026-07-09 05:06:15,F2,12.1145,OK,0
2026-07-09 05:06:25,F2,12.1147,OK,0
2026-07-09 05:06:35,F2,12.1150,OK,0
2026-07-09 05:06:46,F2,12.1153,OK,0
2026-07-09 05:06:56,F2,12.1156,OK,0
2026-07-09 05:07:06,F2,12.1160,OK,0
2026-07-09 05:07:17,F2,12.1163,OK,0
2026-07-09 05:07:27,F2,12.1168,OK,0
2026-07-09 05:07:37,F2,12.1172,OK,0
2026-07-09 05:07:48,F2,12.1176,OK,0
2026-07-09 05:07:58,F2,12.1181,OK,0
2026-07-09 05:08:09,F2,12.1186,OK,0
2026-07-09 05:08:19,F2,12.1191,OK,0
2026-07-09 05:08:29,F2,12.1196,OK,0
2026-07-09 05:08:40,F2,12.1201,OK,0
2026-07-09 05:08:50,F2,12.1206,OK,0
2026-07-09 05:09:01,F2,12.1210,OK,0
2026-07-09 05:09:11,F2,12.1215,OK,0
2026-07-09 05:09:21,F2,12.1220,OK,0
2026-07-09 05:09:32,F2,12.1225,OK,0
2026-07-09 05:09:42,F2,12.1229,OK,0
2026-07-09 05:09:52,F2,12.1234,OK,0
2026-07-09 05:10:03,F2,12.1238,OK,0
2026-07-09 05:10:13,F2,12.1242,OK,0
2026-07-09 05:10:23,F2,12.1246,OK,0
2026-07-09 05:10:34,F2,12.1249,OK,0
2026-07-09 05:10:44,F2,12.1252,OK,0
2026-07-09 05:10:55,F2,12.1255,OK,0
2026-07-09 05:11:05,F2,12.1258,OK,0
2026-07-09 05:11:15,F2,12.1260,OK,0
2026-07-09 05:11:26,F2,12.1262,OK,0
2026-07-09 05:11:36,F2,12.1264,OK,0
2026-07-09 05:11:46,F2,12.1265,OK,0
2026-07-09 05:11:57,F2,12.1266,OK,0
2026-07-09 05:12:07,F2,12.1267,OK,0
2026-07-09 05:12:17,F2,12.1267,OK,0
2026-07-09 05:12:28,F2,12.1267,OK,0
2026-07-09 05:12:38,F2,12.1266,OK,0
2026-07-09 05:12:49,F2,12.1265,OK,0
2026-07-09 05:12:59,F2,12.1263,OK,0
2026-07-09 05:13:09,F2,12.1261,OK,0
2026-07-09 05:13:20,F2,12.1259,OK,0
2026-07-09 05:13:30,F2,12.1256,OK,0
2026-07-09 05:13:40,F2,12.1252,OK,0
2026-07-09 05:13:51,F2,12.1249,OK,0
2026-07-09 05:14:01,F2,12.1245,OK,0
2026-07-09 05:14:12,F2,12.1240,OK,0
2026-07-09 05:14:22,F2,12.1235,OK,0
2026-07-09 05:14:32,F2,12.1230,OK,0
2026-07-09 05:14:43,F2,12.1225,OK,0
2026-07-09 05:14:53,F2,12.1220,OK,0
2026-07-09 05:15:03,F2,12.1214,OK,0
2026-07-09 05:15:14,F2,12.1208,OK,0
2026-07-09 05:15:24,F2,12.1202,OK,0
2026-07-09 05:15:34,F2,12.1196,OK,0
2026-07-09 05:15:45,F2,12.1190,OK,0
2026-07-09 05:15:55,F2,12.1184,OK,0
2026-07-09 05:16:06,F2,12.1177,OK,0
2026-07-09 05:16:16,F2,12.1171,OK,0
2026-07-09 05:16:26,F2,12.1165,OK,0
2026-07-09 05:16:37,F2,12.1158,OK,0
2026-07-09 05:16:47,F2,12.1152,OK,0
2026-07-09 05:16:57,F2,12.1146,OK,0
2026-07-09 05:17:08,F2,12.1140,OK,0
2026-07-09 05:17:18,F2,12.1134,OK,0
2026-07-09 05:17:29,F2,12.1128,OK,1
2026-07-09 05:17:39,F2,12.1122,OK,0
2026-07-09 05:17:49,F2,12.1117,OK,0
2026-07-09 05:18:00,F2,12.1111,OK,0
2026-07-09 05:18:10,F2,12.1106,OK,0
2026-07-09 05:18:20,F2,12.1102,OK,0
2026-07-09 05:18:31,F2,12.1097,OK,0
2026-07-09 05:18:41,F2,12.1093,OK,0
2026-07-09 05:18:51,F2,12.1089,OK,0
2026-07-09 05:19:02,F2,12.1085,OK,0
2026-07-09 05:19:12,F2,12.1082,OK,0
2026-07-09 05:19:22,F2,12.1079,OK,0
2026-07-09 05:19:33,F2,12.1077,OK,0
2026-07-09 05:19:43,F2,12.1075,OK,0
2026-07-09 05:19:54,F2,12.1074,OK,0
2026-07-09 05:20:04,F2,12.1072,OK,0
2026-07-09 05:20:14,F2,12.1072,OK,0
2026-07-09 05:20:25,F2,12.1072,OK,0
2026-07-09 05:20:35,F2,12.1072,OK,0
2026-07-09 05:20:45,F2,12.1073,OK,0
2026-07-09 05:20:56,F2,12.1075,OK,0
2026-07-09 05:21:06,F2,12.1077,OK,0
2026-07-09 05:21:17,F2,12.1079,OK,0
2026-07-09 05:21:27,F2,12.1082,OK,0
2026-07-09 05:21:37,F2,12.1086,OK,0
2026-07-09 05:21:48,F2,12.1090,OK,0
2026-07-09 05:21:58,F2,12.1095,OK,0
2026-07-09 05:22:08,F2,12.1100,OK,0
2026-07-09 05:22:19,F2,12.1105,OK,0
2026-07-09 05:22:29,F2,12.1111,OK,0
2026-07-09 05:22:40,F2,12.1118,OK,0
2026-07-09 05:22:50,F2,12.1124,OK,0
2026-07-09 05:23:00,F2,12.1131,OK,0
2026-07-09 05:23:11,F2,12.1139,OK,0
2026-07-09 05:23:21,F2,12.1146,OK,0
2026-07-09 05:23:31,F2,12.1154,OK,0
2026-07-09 05:23:42,F2,12.1162,OK,0
2026-07-09 05:23:52,F2,12.1170,OK,0
2026-07-09 05:24:02,F2,12.1178,OK,0
2026-07-09 05:24:13,F2,12.1186,OK,0
2026-07-09 05:24:23,F2,12.1194,OK,0
2026-07-09 05:24:33,F2,12.1203,OK,0
2026-07-09 05:24:44,F2,12.1211,OK,0
2026-07-09 05:24:54,F2,12.1219,OK,0
2026-07-09 05:25:05,F2,12.1227,OK,0
2026-07-09 05:25:15,F2,12.1235,OK,0
2026-07-09 05:25:25,F2,12.1243,OK,0
2026-07-09 05:25:36,F2,12.1251,OK,0
2026-07-09 05:25:46,F2,12.1258,OK,1
2026-07-09 05:25:56,F2,12.1265,OK,1
2026-07-09 05:26:07,F2,12.1272,OK,0
2026-07-09 05:26:17,F2,12.1279,OK,0
2026-07-09 05:26:27,F2,12.1285,OK,0
2026-07-09 05:26:38,F2,12.1291,OK,0
2026-07-09 05:26:48,F2,12.1297,OK,0
2026-07-09 05:26:58,F2,12.1302,OK,0
2026-07-09 05:27:09,F2,12.1306,OK,0
2026-07-09 05:27:19,F2,12.1310,OK,1
2026-07-09 05:27:30,F2,12.1314,OK,1
2026-07-09 05:27:40,F2,12.1317,OK,1
2026-07-09 05:27:50,F2,12.1320,OK,1
2026-07-09 05:28:01,F2,12.1322,OK,0
2026-07-09 05:28:11,F2,12.1323,OK,0
2026-07-09 05:28:21,F2,12.1324,OK,0
2026-07-09 05:28:32,F2,12.1324,OK,0
2026-07-09 05:28:42,F2,12.1324,OK,0
2026-07-09 05:28:53,F2,12.1323,OK,0
2026-07-09 05:29:03,F2,12.1321,OK,0
2026-07-09 05:29:13,F2,12.1320,OK,0
2026-07-09 05:29:24,F2,12.1318,OK,0
2026-07-09 05:29:34,F2,12.1315,OK,0
2026-07-09 05:29:44,F2,12.1312,OK,0
2026-07-09 05:29:55,F2,12.1309,OK,0
2026-07-09 05:30:05,F2,12.1306,OK,0
2026-07-09 05:30:15,F2,12.1302,OK,0
2026-07-09 05:30:26,F2,12.1299,OK,0
2026-07-09 05:30:36,F2,12.1295,OK,0
2026-07-09 05:30:46,F2,12.1291,OK,0
2026-07-09 05:30:57,F2,12.1286,OK,0
2026-07-09 05:31:07,F2,12.1282,OK,0
2026-07-09 05:31:18,F2,12.1278,OK,0
2026-07-09 05:31:28,F2,12.1273,OK,0
2026-07-09 05:31:38,F2,12.1269,OK,0
2026-07-09 05:31:49,F2,12.1265,OK,0
2026-07-09 05:31:59,F2,12.1261,OK,0
2026-07-09 05:32:09,F2,12.1256,OK,0
2026-07-09 05:32:20,F2,12.1252,OK,0
2026-07-09 05:32:30,F2,12.1248,OK,0
2026-07-09 05:32:40,F2,12.1245,OK,0
2026-07-09 05:32:51,F2,12.1241,OK,0
2026-07-09 05:33:01,F2,12.1238,OK,0
2026-07-09 05:33:12,F2,12.1235,OK,0
2026-07-09 05:33:22,F2,12.1232,OK,0
2026-07-09 05:33:32,F2,12.1229,OK,0
2026-07-09 05:33:43,F2,12.1227,OK,0
2026-07-09 05:33:53,F2,12.1225,OK,0
2026-07-09 05:34:03,F2,12.1223,OK,0
2026-07-09 05:34:14,F2,12.1221,OK,0
2026-07-09 05:34:24,F2,12.1220,OK,0
2026-07-09 05:34:35,F2,12.1220,OK,0
2026-07-09 05:34:45,F2,12.1219,OK,0
2026-07-09 05:34:55,F2,12.1219,OK,0
2026-07-09 05:35:06,F2,12.1220,OK,1
2026-07-09 05:35:16,F2,12.1221,OK,1
2026-07-09 05:35:26,F2,12.1222,OK,0
2026-07-09 05:35:37,F2,12.1224,OK,0
2026-07-09 05:35:47,F2,12.1226,OK,0
2026-07-09 05:35:57,F2,12.1229,OK,0
2026-07-09 05:36:08,F2,12.1232,OK,0
2026-07-09 05:36:18,F2,12.1236,OK,0
2026-07-09 05:36:29,F2,12.1240,OK,0
2026-07-09 05:36:39,F2,12.1245,OK,0
2026-07-09 05:36:49,F2,12.1250,OK,0
2026-07-09 05:37:00,F2,12.1255,OK,0
2026-07-09 05:37:10,F2,12.1261,OK,0
2026-07-09 05:37:20,F2,12.1267,OK,0
2026-07-09 05:37:31,F2,12.1274,OK,0
2026-07-09 05:37:41,F2,12.1280,OK,0
2026-07-09 05:37:51,F2,12.1287,OK,0
2026-07-09 05:38:02,F2,12.1295,OK,0
2026-07-09 05:38:12,F2,12.1302,OK,0
2026-07-09 05:38:23,F2,12.1310,OK,0
2026-07-09 05:38:33,F2,12.1317,OK,0
2026-07-09 05:38:43,F2,12.1325,OK,0
2026-07-09 05:38:54,F2,12.1333,OK,0
2026-07-09 05:39:04,F2,12.1341,OK,0
2026-07-09 05:39:14,F2,12.1349,OK,0
2026-07-09 05:39:25,F2,12.1357,OK,0
2026-07-09 05:39:35,F2,12.1365,OK,0
2026-07-09 05:39:45,F2,12.1373,OK,0
2026-07-09 05:39:56,F2,12.1381,OK,0
2026-07-09 05:40:06,F2,12.1389,OK,0
2026-07-09 05:40:17,F2,12.1396,OK,0
2026-07-09 05:40:27,F2,12.1404,OK,0
2026-07-09 05:40:37,F2,12.1411,OK,0
2026-07-09 05:40:48,F2,12.1418,OK,1
2026-07-09 05:40:58,F2,12.1425,OK,0
2026-07-09 05:41:08,F2,12.1431,OK,0
2026-07-09 05:41:19,F2,12.1438,OK,0
2026-07-09 05:41:29,F2,12.1444,OK,0
2026-07-09 05:41:39,F2,12.1449,OK,1
2026-07-09 05:41:50,F2,12.1454,OK,1
2026-07-09 05:42:00,F2,12.1459,OK,0
2026-07-09 05:42:10,F2,12.1464,OK,0
2026-07-09 05:42:21,F2,12.1468,OK,0
2026-07-09 05:42:31,F2,12.1472,OK,0
2026-07-09 05:42:41,F2,12.1475,OK,0
2026-07-09 05:42:52,F2,12.1478,OK,0
2026-07-09 05:43:02,F2,12.1481,OK,0
2026-07-09 05:43:13,F2,12.1484,OK,0
2026-07-09 05:43:23,F2,12.1486,OK,0
2026-07-09 05:43:33,F2,12.1488,OK,0
2026-07-09 05:43:44,F2,12.1490,OK,0
2026-07-09 05:43:54,F2,12.1492,OK,0
2026-07-09 05:44:05,F2,12.1494,OK,0
2026-07-09 05:44:15,F2,12.1496,OK,0
2026-07-09 05:44:25,F2,12.1497,OK,0
2026-07-09 05:44:36,F2,12.1499,OK,0
2026-07-09 05:44:46,F2,12.1500,OK,0
2026-07-09 05:44:56,F2,12.1501,OK,0
2026-07-09 05:45:07,F2,12.1503,OK,0
2026-07-09 05:45:17,F2,12.1504,OK,0
2026-07-09 05:45:27,F2,12.1506,OK,0
2026-07-09 05:45:38,F2,12.1507,OK,0
2026-07-09 05:45:48,F2,12.1509,OK,0
2026-07-09 05:45:59,F2,12.1511,OK,0
2026-07-09 05:46:09,F2,12.1512,OK,0
2026-07-09 05:46:19,F2,12.1514,OK,0
2026-07-09 05:46:30,F2,12.1516,OK,0
2026-07-09 05:46:40,F2,12.1519,OK,0
2026-07-09 05:46:50,F2,12.1521,OK,0
2026-07-09 05:47:01,F2,12.1524,OK,0
2026-07-09 05:47:11,F2,12.1526,OK,0
2026-07-09 05:47:21,F2,12.1529,OK,0
2026-07-09 05:47:32,F2,12.1532,OK,0
2026-07-09 05:47:42,F2,12.1536,OK,0
2026-07-09 05:47:53,F2,12.1539,OK,0
2026-07-09 05:48:03,F2,12.1543,OK,0
2026-07-09 05:48:13,F2,12.1547,OK,0
2026-07-09 05:48:24,F2,12.1552,OK,0
2026-07-09 05:48:34,F2,12.1556,OK,0
2026-07-09 05:48:44,F2,12.1561,OK,0
2026-07-09 05:48:55,F2,12.1566,OK,0
2026-07-09 05:49:05,F2,12.1572,OK,0
2026-07-09 05:49:15,F2,12.1578,OK,0
2026-07-09 05:49:26,F2,12.1584,OK,0
2026-07-09 05:49:36,F2,12.1591,OK,0
2026-07-09 05:49:46,F2,12.1598,OK,0
2026-07-09 05:49:57,F2,12.1606,OK,0
2026-07-09 05:50:07,F2,12.1614,OK,0
2026-07-09 05:50:17,F2,12.1623,OK,0
2026-07-09 05:50:28,F2,12.1632,OK,0
2026-07-09 05:50:38,F2,12.1641,OK,0
2026-07-09 05:50:49,F2,12.1651,OK,0
2026-07-09 05:50:59,F2,12.1661,OK,0
2026-07-09 05:51:09,F2,12.1671,OK,0
2026-07-09 05:51:20,F2,12.1682,OK,0
2026-07-09 05:51:30,F2,12.1693,OK,0
2026-07-09 05:51:40,F2,12.1705,OK,0
2026-07-09 05:51:51,F2,12.1716,OK,0
2026-07-09 05:52:01,F2,12.1728,OK,0
2026-07-09 05:52:11,F2,12.1740,OK,0
2026-07-09 05:52:22,F2,12.1752,OK,0
2026-07-09 05:52:32,F2,12.1764,OK,0
2026-07-09 05:52:42,F2,12.1776,OK,0
2026-07-09 05:52:53,F2,12.1788,OK,0
2026-07-09 05:53:03,F2,12.1801,OK,0
2026-07-09 05:53:14,F2,12.1813,OK,0
2026-07-09 05:53:24,F2,12.1825,OK,0
2026-07-09 05:53:34,F2,12.1837,OK,0
2026-07-09 05:53:45,F2,12.1848,OK,0
2026-07-09 05:53:55,F2,12.1860,OK,0
2026-07-09 05:54:05,F2,12.1871,OK,0
2026-07-09 05:54:16,F2,12.1883,OK,0
2026-07-09 05:54:26,F2,12.1894,OK,0
2026-07-09 05:54:36,F2,12.1904,OK,0
2026-07-09 05:54:47,F2,12.1914,OK,0
2026-07-09 05:54:57,F2,12.1924,OK,0
2026-07-09 05:55:08,F2,12.1934,OK,0
2026-07-09 05:55:18,F2,12.1943,OK,0
2026-07-09 05:55:28,F2,12.1952,OK,0
2026-07-09 05:55:39,F2,12.1960,OK,0
2026-07-09 05:55:49,F2,12.1967,OK,0
2026-07-09 05:55:59,F2,12.1974,OK,0
2026-07-09 05:56:10,F2,12.1981,OK,0
2026-07-09 05:56:20,F2,12.1987,OK,1
2026-07-09 05:56:31,F2,12.1992,OK,1
2026-07-09 05:56:41,F2,12.1996,OK,1
2026-07-09 05:56:51,F2,12.2000,OK,1
2026-07-09 05:57:02,F2,12.2004,OK,1
2026-07-09 05:57:12,F2,12.2006,OK,0
2026-07-09 05:57:22,F2,12.2008,OK,0
2026-07-09 05:57:33,F2,12.2009,OK,0
2026-07-09 05:57:43,F2,12.2009,OK,0
2026-07-09 05:57:53,F2,12.2009,OK,0
2026-07-09 05:58:04,F2,12.2008,OK,0
2026-07-09 05:58:14,F2,12.2006,OK,0
2026-07-09 05:58:25,F2,12.2004,OK,0
2026-07-09 05:58:35,F2,12.2002,OK,0
2026-07-09 05:58:45,F2,12.1998,OK,0
2026-07-09 05:58:56,F2,12.1995,OK,0
2026-07-09 05:59:06,F2,12.1991,OK,0
2026-07-09 05:59:16,F2,12.1986,OK,0
2026-07-09 05:59:27,F2,12.1981,OK,1
2026-07-09 05:59:37,F2,12.1976,OK,0
2026-07-09 05:59:48,F2,12.1970,OK,0
2026-07-09 05:59:58,F2,12.1964,OK,0
2026-07-09 06:00:08,F2,12.1958,OK,0
2026-07-09 06:00:19,F2,12.1952,OK,0
2026-07-09 06:00:29,F2,12.1945,OK,0
2026-07-09 06:00:39,F2,12.1938,OK,0
2026-07-09 06:00:50,F2,12.1931,OK,0
2026-07-09 06:01:00,F2,12.1923,OK,0
2026-07-09 06:01:10,F2,12.1916,OK,0
2026-07-09 06:01:21,F2,12.1908,OK,0
2026-07-09 06:01:31,F2,12.1901,OK,0
2026-07-09 06:01:42,F2,12.1893,OK,0
2026-07-09 06:01:52,F2,12.1886,OK,0
2026-07-09 06:02:02,F2,12.1878,OK,0
2026-07-09 06:02:13,F2,12.1871,OK,0
2026-07-09 06:02:23,F2,12.1863,OK,0
2026-07-09 06:02:33,F2,12.1856,OK,0
2026-07-09 06:02:44,F2,12.1848,OK,0
2026-07-09 06:02:54,F2,12.1841,OK,0
2026-07-09 06:03:05,F2,12.1834,OK,0
2026-07-09 06:03:15,F2,12.1828,OK,1
2026-07-09 06:03:25,F2,12.1821,OK,1
2026-07-09 06:03:36,F2,12.1815,OK,1
2026-07-09 06:03:46,F2,12.1809,OK,1
2026-07-09 06:03:56,F2,12.1803,OK,1
2026-07-09 06:04:07,F2,12.1797,OK,0
2026-07-09 06:04:17,F2,12.1792,OK,0
2026-07-09 06:04:28,F2,12.1787,OK,0
2026-07-09 06:04:38,F2,12.1783,OK,0
2026-07-09 06:04:48,F2,12.1779,OK,0
2026-07-09 06:04:59,F2,12.1775,OK,0
2026-07-09 06:05:09,F2,12.1771,OK,0
2026-07-09 06:05:19,F2,12.1767,OK,0
2026-07-09 06:05:30,F2,12.1764,OK,0
2026-07-09 06:05:40,F2,12.1761,OK,0
2026-07-09 06:05:50,F2,12.1758,OK,0
2026-07-09 06:06:01,F2,12.1754,OK,0
2026-07-09 06:06:11,F2,12.1752,OK,0
2026-07-09 06:06:22,F2,12.1749,OK,0
2026-07-09 06:06:32,F2,12.1746,OK,0
2026-07-09 06:06:42,F2,12.1743,OK,0
2026-07-09 06:06:53,F2,12.1740,OK,0
2026-07-09 06:07:03,F2,12.1736,OK,0
2026-07-09 06:07:13,F2,12.1733,OK,0
2026-07-09 06:07:24,F2,12.1730,OK,0
2026-07-09 06:07:34,F2,12.1726,OK,0
2026-07-09 06:07:45,F2,12.1722,OK,0
2026-07-09 06:07:55,F2,12.1718,OK,0
2026-07-09 06:08:05,F2,12.1714,OK,0
2026-07-09 06:08:16,F2,12.1709,OK,0
2026-07-09 06:08:26,F2,12.1704,OK,0
2026-07-09 06:08:36,F2,12.1699,OK,0
2026-07-09 06:08:47,F2,12.1694,OK,0
2026-07-09 06:08:57,F2,12.1688,OK,0
2026-07-09 06:09:08,F2,12.1681,OK,0
2026-07-09 06:09:18,F2,12.1674,OK,1
2026-07-09 06:09:28,F2,12.1667,OK,1
2026-07-09 06:09:39,F2,12.1659,OK,0
2026-07-09 06:09:49,F2,12.1651,OK,0
2026-07-09 06:09:59,F2,12.1642,OK,0
2026-07-09 06:10:10,F2,12.1633,OK,0
2026-07-09 06:10:20,F2,12.1623,OK,0
2026-07-09 06:10:30,F2,12.1613,OK,0
2026-07-09 06:10:41,F2,12.1601,OK,0
2026-07-09 06:10:51,F2,12.1590,OK,1
2026-07-09 06:11:01,F2,12.1577,OK,1
2026-07-09 06:11:12,F2,12.1564,OK,1
2026-07-09 06:11:22,F2,12.1550,OK,0
2026-07-09 06:11:33,F2,12.1535,OK,0
2026-07-09 06:11:43,F2,12.1519,OK,0
2026-07-09 06:11:53,F2,12.1503,OK,0
2026-07-09 06:12:04,F2,12.1486,OK,0
2026-07-09 06:12:14,F2,12.1469,OK,0
2026-07-09 06:12:24,F2,12.1451,OK,0
2026-07-09 06:12:35,F2,12.1432,OK,0
2026-07-09 06:12:45,F2,12.1413,OK,0
2026-07-09 06:12:56,F2,12.1393,OK,0
2026-07-09 06:13:06,F2,12.1373,OK,0
2026-07-09 06:13:16,F2,12.1352,OK,0
2026-07-09 06:13:27,F2,12.1331,OK,0
2026-07-09 06:13:37,F2,12.1310,OK,0
2026-07-09 06:13:47,F2,12.1288,OK,0
2026-07-09 06:13:58,F2,12.1267,OK,0
2026-07-09 06:14:08,F2,12.1244,OK,0
2026-07-09 06:14:18,F2,12.1222,OK,0
2026-07-09 06:14:29,F2,12.1200,OK,0
2026-07-09 06:14:39,F2,12.1177,OK,0
2026-07-09 06:14:50,F2,12.1154,OK,0
2026-07-09 06:15:00,F2,12.1132,OK,0
2026-07-09 06:15:10,F2,12.1109,OK,0
2026-07-09 06:15:21,F2,12.1086,OK,0
2026-07-09 06:15:31,F2,12.1063,OK,0
2026-07-09 06:15:41,F2,12.1041,OK,0
2026-07-09 06:15:52,F2,12.1018,OK,0
2026-07-09 06:16:02,F2,12.0996,OK,0
2026-07-09 06:16:12,F2,12.0974,OK,0
2026-07-09 06:16:23,F2,12.0951,OK,0
2026-07-09 06:16:33,F2,12.0930,OK,0
2026-07-09 06:16:44,F2,12.0908,OK,1
2026-07-09 06:16:54,F2,12.0886,OK,0
2026-07-09 06:17:04,F2,12.0865,OK,0
2026-07-09 06:17:15,F2,12.0844,OK,0
2026-07-09 06:17:25,F2,12.0824,OK,0
2026-07-09 06:17:35,F2,12.0804,OK,1
2026-07-09 06:17:46,F2,12.0784,OK,1
2026-07-09 06:17:56,F2,12.0765,OK,1
2026-07-09 06:18:06,F2,12.0746,OK,0
2026-07-09 06:18:17,F2,12.0727,OK,0
2026-07-09 06:18:27,F2,12.0709,OK,0
2026-07-09 06:18:37,F2,12.0691,OK,0
2026-07-09 06:18:48,F2,12.0674,OK,0
2026-07-09 06:18:58,F2,12.0657,OK,0
2026-07-09 06:19:09,F2,12.0640,OK,0
2026-07-09 06:19:19,F2,12.0624,OK,0
2026-07-09 06:19:29,F2,12.0608,OK,0
2026-07-09 06:19:40,F2,12.0592,OK,0
2026-07-09 06:19:50,F2,12.0577,OK,0
2026-07-09 06:20:01,F2,12.0562,OK,0
2026-07-09 06:20:11,F2,12.0547,OK,0
2026-07-09 06:20:21,F2,12.0533,OK,0
2026-07-09 06:20:32,F2,12.0518,OK,0
2026-07-09 06:20:42,F2,12.0504,OK,0
2026-07-09 06:20:52,F2,12.0489,OK,0
2026-07-09 06:21:03,F2,12.0475,OK,0
2026-07-09 06:21:13,F2,12.0461,OK,0
2026-07-09 06:21:23,F2,12.0446,OK,0
2026-07-09 06:21:34,F2,12.0432,OK,0
2026-07-09 06:21:44,F2,12.0418,OK,0
2026-07-09 06:21:55,F2,12.0403,OK,0
2026-07-09 06:22:05,F2,12.0388,OK,0
2026-07-09 06:22:15,F2,12.0373,OK,0
2026-07-09 06:22:26,F2,12.0358,OK,0
2026-07-09 06:22:36,F2,12.0343,OK,0
2026-07-09 06:22:46,F2,12.0327,OK,0
2026-07-09 06:22:57,F2,12.0311,OK,0
2026-07-09 06:23:07,F2,12.0295,OK,0
2026-07-09 06:23:17,F2,12.0278,OK,0
2026-07-09 06:23:28,F2,12.0261,OK,0
2026-07-09 06:23:38,F2,12.0244,OK,0
2026-07-09 06:23:48,F2,12.0226,OK,0
2026-07-09 06:23:59,F2,12.0207,OK,0
2026-07-09 06:24:09,F2,12.0189,OK,0
2026-07-09 06:24:20,F2,12.0170,OK,0
2026-07-09 06:24:30,F2,12.0150,OK,0
2026-07-09 06:24:40,F2,12.0130,OK,0
2026-07-09 06:24:51,F2,12.0109,OK,0
2026-07-09 06:25:01,F2,12.0088,OK,1
2026-07-09 06:25:11,F2,12.0067,OK,1
2026-07-09 06:25:22,F2,12.0045,OK,1
2026-07-09 06:25:32,F2,12.0022,OK,1
2026-07-09 06:25:42,F2,11.9999,OK,1
2026-07-09 06:25:53,F2,11.9975,OK,0
2026-07-09 06:26:03,F2,11.9950,OK,0
2026-07-09 06:26:14,F2,11.9925,OK,0
2026-07-09 06:26:24,F2,11.9900,OK,0
2026-07-09 06:26:34,F2,11.9874,OK,0
2026-07-09 06:26:45,F2,11.9848,OK,0
2026-07-09 06:26:55,F2,11.9821,OK,0
2026-07-09 06:27:05,F2,11.9794,OK,0
2026-07-09 06:27:16,F2,11.9767,OK,0
2026-07-09 06:27:26,F2,11.9740,OK,0
2026-07-09 06:27:36,F2,11.9712,OK,0
2026-07-09 06:27:47,F2,11.9684,OK,0
2026-07-09 06:27:57,F2,11.9656,OK,0
2026-07-09 06:28:08,F2,11.9628,OK,0
2026-07-09 06:28:18,F2,11.9600,OK,0
2026-07-09 06:28:28,F2,11.9572,OK,0
2026-07-09 06:28:39,F2,11.9544,OK,0
2026-07-09 06:28:49,F2,11.9516,OK,0
2026-07-09 06:28:59,F2,11.9488,OK,0
2026-07-09 06:29:10,F2,11.9460,OK,0
2026-07-09 06:29:20,F2,11.9433,OK,0
2026-07-09 06:29:30,F2,11.9405,OK,0
2026-07-09 06:29:41,F2,11.9378,OK,0
2026-07-09 06:29:51,F2,11.9351,OK,0
2026-07-09 06:30:02,F2,11.9324,OK,0
2026-07-09 06:30:12,F2,11.9298,OK,0
2026-07-09 06:30:22,F2,11.9271,OK,0
2026-07-09 06:30:33,F2,11.9246,OK,1
2026-07-09 06:30:43,F2,11.9220,OK,0
2026-07-09 06:30:53,F2,11.9195,OK,1
2026-07-09 06:31:04,F2,11.9170,OK,0
2026-07-09 06:31:14,F2,11.9146,OK,0
2026-07-09 06:31:25,F2,11.9122,OK,0
2026-07-09 06:31:35,F2,11.9099,OK,0
2026-07-09 06:31:45,F2,11.9076,OK,0
2026-07-09 06:31:56,F2,11.9054,OK,0
2026-07-09 06:32:06,F2,11.9032,OK,0
2026-07-09 06:32:16,F2,11.9010,OK,1
2026-07-09 06:32:27,F2,11.8989,OK,1
2026-07-09 06:32:37,F2,11.8968,OK,0
2026-07-09 06:32:47,F2,11.8948,OK,0
2026-07-09 06:32:58,F2,11.8929,OK,0
2026-07-09 06:33:08,F2,11.8909,OK,0
2026-07-09 06:33:18,F2,11.8891,OK,0
2026-07-09 06:33:29,F2,11.8872,OK,0
2026-07-09 06:33:39,F2,11.8854,OK,0
2026-07-09 06:33:49,F2,11.8837,OK,0
2026-07-09 06:34:00,F2,11.8819,OK,0
2026-07-09 06:34:10,F2,11.8802,OK,0
2026-07-09 06:34:21,F2,11.8786,OK,0
2026-07-09 06:34:31,F2,11.8769,OK,0
2026-07-09 06:34:41,F2,11.8753,OK,0
2026-07-09 06:34:52,F2,11.8737,OK,0
2026-07-09 06:35:02,F2,11.8721,OK,0
2026-07-09 06:35:13,F2,11.8706,OK,0
2026-07-09 06:35:23,F2,11.8690,OK,0
2026-07-09 06:35:33,F2,11.8675,OK,0
2026-07-09 06:35:44,F2,11.8659,OK,0
2026-07-09 06:35:54,F2,11.8644,OK,0
2026-07-09 06:36:04,F2,11.8629,OK,0
2026-07-09 06:36:15,F2,11.8614,OK,0
2026-07-09 06:36:25,F2,11.8599,OK,0
2026-07-09 06:36:35,F2,11.8584,OK,0
2026-07-09 06:36:46,F2,11.8569,OK,0
2026-07-09 06:36:56,F2,11.8554,OK,0
2026-07-09 06:37:07,F2,11.8538,OK,0
2026-07-09 06:37:17,F2,11.8523,OK,0
2026-07-09 06:37:27,F2,11.8507,OK,0
2026-07-09 06:37:38,F2,11.8492,OK,0
2026-07-09 06:37:48,F2,11.8476,OK,0
2026-07-09 06:37:58,F2,11.8460,OK,0
2026-07-09 06:38:09,F2,11.8444,OK,0
2026-07-09 06:38:19,F2,11.8427,OK,0
2026-07-09 06:38:29,F2,11.8410,OK,0
2026-07-09 06:38:40,F2,11.8393,OK,0
2026-07-09 06:38:50,F2,11.8376,OK,0
2026-07-09 06:39:01,F2,11.8358,OK,0
2026-07-09 06:39:11,F2,11.8340,OK,0
2026-07-09 06:39:21,F2,11.8322,OK,1
2026-07-09 06:39:32,F2,11.8303,OK,1
2026-07-09 06:39:42,F2,11.8284,OK,1
2026-07-09 06:39:52,F2,11.8264,OK,1
2026-07-09 06:40:03,F2,11.8244,OK,1
2026-07-09 06:40:13,F2,11.8223,OK,1
2026-07-09 06:40:23,F2,11.8202,OK,1
2026-07-09 06:40:34,F2,11.8181,OK,0
2026-07-09 06:40:44,F2,11.8159,OK,0
2026-07-09 06:40:55,F2,11.8136,OK,0
2026-07-09 06:41:05,F2,11.8113,OK,0
2026-07-09 06:41:15,F2,11.8090,OK,0
2026-07-09 06:41:26,F2,11.8066,OK,0
2026-07-09 06:41:36,F2,11.8042,OK,0
2026-07-09 06:41:46,F2,11.8018,OK,0
2026-07-09 06:41:57,F2,11.7993,OK,0
2026-07-09 06:42:07,F2,11.7969,OK,0
2026-07-09 06:42:17,F2,11.7944,OK,0
2026-07-09 06:42:28,F2,11.7919,OK,0
2026-07-09 06:42:38,F2,11.7894,OK,0
2026-07-09 06:42:49,F2,11.7869,OK,0
2026-07-09 06:42:59,F2,11.7844,OK,1
2026-07-09 06:43:09,F2,11.7819,OK,0
2026-07-09 06:43:20,F2,11.7794,OK,0
2026-07-09 06:43:30,F2,11.7769,OK,0
2026-07-09 06:43:40,F2,11.7745,OK,0
2026-07-09 06:43:51,F2,11.7720,OK,0
2026-07-09 06:44:01,F2,11.7696,OK,0
2026-07-09 06:44:12,F2,11.7671,OK,0
2026-07-09 06:44:22,F2,11.7647,OK,0
2026-07-09 06:44:32,F2,11.7623,OK,0
2026-07-09 06:44:43,F2,11.7600,OK,0
2026-07-09 06:44:53,F2,11.7576,OK,0
2026-07-09 06:45:03,F2,11.7553,OK,0
2026-07-09 06:45:14,F2,11.7531,OK,0
2026-07-09 06:45:24,F2,11.7508,OK,1
2026-07-09 06:45:34,F2,11.7486,OK,0
2026-07-09 06:45:45,F2,11.7464,OK,0
2026-07-09 06:45:55,F2,11.7443,OK,0
2026-07-09 06:46:06,F2,11.7422,OK,0
2026-07-09 06:46:16,F2,11.7402,OK,0
2026-07-09 06:46:26,F2,11.7382,OK,0
2026-07-09 06:46:37,F2,11.7362,OK,0
2026-07-09 06:46:47,F2,11.7343,OK,0
2026-07-09 06:46:57,F2,11.7325,OK,1
2026-07-09 06:47:08,F2,11.7307,OK,1
2026-07-09 06:47:18,F2,11.7289,OK,1
2026-07-09 06:47:29,F2,11.7272,OK,0
2026-07-09 06:47:39,F2,11.7256,OK,0
2026-07-09 06:47:49,F2,11.7240,OK,0
2026-07-09 06:48:00,F2,11.7225,OK,0
2026-07-09 06:48:10,F2,11.7210,OK,0
2026-07-09 06:48:20,F2,11.7196,OK,0
2026-07-09 06:48:31,F2,11.7183,OK,0
2026-07-09 06:48:41,F2,11.7169,OK,0
2026-07-09 06:48:51,F2,11.7156,OK,0
2026-07-09 06:49:02,F2,11.7144,OK,0
2026-07-09 06:49:12,F2,11.7132,OK,0
2026-07-09 06:49:23,F2,11.7120,OK,0
2026-07-09 06:49:33,F2,11.7109,OK,0
2026-07-09 06:49:43,F2,11.7098,OK,0
2026-07-09 06:49:54,F2,11.7087,OK,0
2026-07-09 06:50:04,F2,11.7076,OK,0
2026-07-09 06:50:14,F2,11.7066,OK,0
2026-07-09 06:50:25,F2,11.7055,OK,0
2026-07-09 06:50:35,F2,11.7045,OK,0
2026-07-09 06:50:45,F2,11.7035,OK,0
2026-07-09 06:50:56,F2,11.7025,OK,0
2026-07-09 06:51:06,F2,11.7015,OK,0
2026-07-09 06:51:17,F2,11.7005,OK,0
2026-07-09 06:51:27,F2,11.6995,OK,0
2026-07-09 06:51:37,F2,11.6985,OK,0
2026-07-09 06:51:48,F2,11.6975,OK,0
2026-07-09 06:51:58,F2,11.6965,OK,0
2026-07-09 06:52:08,F2,11.6955,OK,0
2026-07-09 06:52:19,F2,11.6944,OK,0
2026-07-09 06:52:29,F2,11.6934,OK,0
2026-07-09 06:52:40,F2,11.6924,OK,0
2026-07-09 06:52:50,F2,11.6913,OK,0
2026-07-09 06:53:00,F2,11.6902,OK,0
2026-07-09 06:53:11,F2,11.6891,OK,0
2026-07-09 06:53:21,F2,11.6880,OK,0
2026-07-09 06:53:31,F2,11.6868,OK,0
2026-07-09 06:53:42,F2,11.6857,OK,1
2026-07-09 06:53:52,F2,11.6845,OK,1
2026-07-09 06:54:02,F2,11.6832,OK,1
2026-07-09 06:54:13,F2,11.6820,OK,0
2026-07-09 06:54:23,F2,11.6807,OK,1
2026-07-09 06:54:34,F2,11.6794,OK,1
2026-07-09 06:54:44,F2,11.6780,OK,1
2026-07-09 06:54:54,F2,11.6767,OK,1
2026-07-09 06:55:05,F2,11.6752,OK,0
2026-07-09 06:55:15,F2,11.6738,OK,0
2026-07-09 06:55:25,F2,11.6723,OK,0
2026-07-09 06:55:36,F2,11.6708,OK,0
2026-07-09 06:55:46,F2,11.6692,OK,0
2026-07-09 06:55:56,F2,11.6676,OK,0
2026-07-09 06:56:07,F2,11.6660,OK,0
2026-07-09 06:56:17,F2,11.6644,OK,0
2026-07-09 06:56:28,F2,11.6628,OK,0
2026-07-09 06:56:38,F2,11.6611,OK,0
2026-07-09 06:56:48,F2,11.6595,OK,0
2026-07-09 06:56:59,F2,11.6578,OK,0
2026-07-09 06:57:09,F2,11.6561,OK,0
2026-07-09 06:57:19,F2,11.6545,OK,0
2026-07-09 06:57:30,F2,11.6528,OK,0
2026-07-09 06:57:40,F2,11.6512,OK,0
2026-07-09 06:57:51,F2,11.6495,OK,0
2026-07-09 06:58:01,F2,11.6479,OK,0
2026-07-09 06:58:11,F2,11.6463,OK,0
2026-07-09 06:58:22,F2,11.6448,OK,0
2026-07-09 06:58:32,F2,11.6432,OK,0
2026-07-09 06:58:42,F2,11.6417,OK,0
2026-07-09 06:58:53,F2,11.6403,OK,0
2026-07-09 06:59:03,F2,11.6388,OK,0
2026-07-09 06:59:13,F2,11.6374,OK,0
2026-07-09 06:59:24,F2,11.6361,OK,0
2026-07-09 06:59:34,F2,11.6347,OK,0
2026-07-09 06:59:45,F2,11.6335,OK,0
2026-07-09 06:59:55,F2,11.6322,OK,0
2026-07-09 07:00:05,F2,11.6310,OK,0
2026-07-09 07:00:16,F2,11.6299,OK,0
2026-07-09 07:00:26,F2,11.6288,OK,0
2026-07-09 07:00:36,F2,11.6278,OK,0
2026-07-09 07:00:47,F2,11.6268,OK,0
2026-07-09 07:00:57,F2,11.6259,OK,0
2026-07-09 07:01:08,F2,11.6251,OK,0
2026-07-09 07:01:18,F2,11.6243,OK,1
2026-07-09 07:01:28,F2,11.6235,OK,1
2026-07-09 07:01:39,F2,11.6229,OK,1
2026-07-09 07:01:49,F2,11.6223,OK,0
2026-07-09 07:01:59,F2,11.6217,OK,0
2026-07-09 07:02:10,F2,11.6213,OK,0
2026-07-09 07:02:20,F2,11.6208,OK,0
2026-07-09 07:02:30,F2,11.6205,OK,0
2026-07-09 07:02:41,F2,11.6202,OK,0
2026-07-09 07:02:51,F2,11.6200,OK,0
2026-07-09 07:03:02,F2,11.6198,OK,0
2026-07-09 07:03:12,F2,11.6196,OK,0
2026-07-09 07:03:22,F2,11.6195,OK,0
2026-07-09 07:03:33,F2,11.6195,OK,0
2026-07-09 07:03:43,F2,11.6195,OK,0
2026-07-09 07:03:53,F2,11.6195,OK,0
2026-07-09 07:04:04,F2,11.6196,OK,0
2026-07-09 07:04:14,F2,11.6197,OK,0
2026-07-09 07:04:24,F2,11.6198,OK,0
2026-07-09 07:04:35,F2,11.6200,OK,0
2026-07-09 07:04:45,F2,11.6201,OK,0
2026-07-09 07:04:56,F2,11.6203,OK,0
2026-07-09 07:05:06,F2,11.6205,OK,0
2026-07-09 07:05:16,F2,11.6208,OK,0
2026-07-09 07:05:27,F2,11.6210,OK,0
2026-07-09 07:05:37,F2,11.6212,OK,0
2026-07-09 07:05:47,F2,11.6215,OK,0
2026-07-09 07:05:58,F2,11.6217,OK,0
2026-07-09 07:06:08,F2,11.6219,OK,0
2026-07-09 07:06:19,F2,11.6221,OK,0
2026-07-09 07:06:29,F2,11.6224,OK,0
2026-07-09 07:06:39,F2,11.6226,OK,0
2026-07-09 07:06:50,F2,11.6228,OK,0
2026-07-09 07:07:00,F2,11.6229,OK,0
2026-07-09 07:07:10,F2,11.6231,OK,0
2026-07-09 07:07:21,F2,11.6232,OK,0
2026-07-09 07:07:31,F2,11.6233,OK,0
2026-07-09 07:07:42,F2,11.6234,OK,0
2026-07-09 07:07:52,F2,11.6235,OK,0
2026-07-09 07:08:02,F2,11.6235,OK,0
2026-07-09 07:08:13,F2,11.6235,OK,0
2026-07-09 07:08:23,F2,11.6235,OK,0
2026-07-09 07:08:33,F2,11.6234,OK,0
2026-07-09 07:08:44,F2,11.6233,OK,0
2026-07-09 07:08:54,F2,11.6231,OK,0
2026-07-09 07:09:04,F2,11.6229,OK,1
2026-07-09 07:09:15,F2,11.6227,OK,1
2026-07-09 07:09:25,F2,11.6224,OK,1
2026-07-09 07:09:36,F2,11.6221,OK,1
2026-07-09 07:09:46,F2,11.6217,OK,1
2026-07-09 07:09:56,F2,11.6213,OK,0
2026-07-09 07:10:07,F2,11.6208,OK,0
2026-07-09 07:10:17,F2,11.6203,OK,0
2026-07-09 07:10:27,F2,11.6198,OK,0
2026-07-09 07:10:38,F2,11.6192,OK,0
2026-07-09 07:10:48,F2,11.6186,OK,0
2026-07-09 07:10:59,F2,11.6179,OK,0
2026-07-09 07:11:09,F2,11.6172,OK,0
2026-07-09 07:11:19,F2,11.6165,OK,0
2026-07-09 07:11:30,F2,11.6158,OK,0
2026-07-09 07:11:40,F2,11.6151,OK,0
2026-07-09 07:11:50,F2,11.6144,OK,0
2026-07-09 07:12:01,F2,11.6137,OK,0
2026-07-09 07:12:11,F2,11.6129,OK,0
2026-07-09 07:12:22,F2,11.6122,OK,0
2026-07-09 07:12:32,F2,11.6115,OK,0
2026-07-09 07:12:42,F2,11.6108,OK,1
2026-07-09 07:12:53,F2,11.6101,OK,1
2026-07-09 07:13:03,F2,11.6094,OK,0
2026-07-09 07:13:13,F2,11.6087,OK,0
2026-07-09 07:13:24,F2,11.6081,OK,0
2026-07-09 07:13:34,F2,11.6075,OK,0
2026-07-09 07:13:45,F2,11.6069,OK,0
2026-07-09 07:13:55,F2,11.6064,OK,0
2026-07-09 07:14:05,F2,11.6058,OK,0
2026-07-09 07:14:16,F2,11.6054,OK,0
2026-07-09 07:14:26,F2,11.6049,OK,0
2026-07-09 07:14:36,F2,11.6045,OK,0
2026-07-09 07:14:47,F2,11.6041,OK,0
2026-07-09 07:14:57,F2,11.6038,OK,0
2026-07-09 07:15:07,F2,11.6035,OK,0
2026-07-09 07:15:18,F2,11.6033,OK,0
2026-07-09 07:15:28,F2,11.6031,OK,0
2026-07-09 07:15:38,F2,11.6029,OK,0
2026-07-09 07:15:49,F2,11.6028,OK,0
2026-07-09 07:15:59,F2,11.6028,OK,0
2026-07-09 07:16:10,F2,11.6028,OK,0
2026-07-09 07:16:20,F2,11.6028,OK,1
2026-07-09 07:16:30,F2,11.6029,OK,1
2026-07-09 07:16:41,F2,11.6031,OK,1
2026-07-09 07:16:51,F2,11.6032,OK,0
2026-07-09 07:17:01,F2,11.6035,OK,0
2026-07-09 07:17:12,F2,11.6038,OK,0
2026-07-09 07:17:22,F2,11.6041,OK,0
2026-07-09 07:17:32,F2,11.6045,OK,0
2026-07-09 07:17:43,F2,11.6049,OK,0
2026-07-09 07:17:53,F2,11.6054,OK,0
2026-07-09 07:18:04,F2,11.6059,OK,0
2026-07-09 07:18:14,F2,11.6064,OK,0
2026-07-09 07:18:24,F2,11.6070,OK,0
2026-07-09 07:18:35,F2,11.6076,OK,0
2026-07-09 07:18:45,F2,11.6082,OK,0
2026-07-09 07:18:55,F2,11.6089,OK,0
2026-07-09 07:19:06,F2,11.6096,OK,0
2026-07-09 07:19:16,F2,11.6103,OK,0
2026-07-09 07:19:26,F2,11.6110,OK,0
2026-07-09 07:19:37,F2,11.6117,OK,0
2026-07-09 07:19:47,F2,11.6125,OK,0
2026-07-09 07:19:58,F2,11.6132,OK,0
2026-07-09 07:20:08,F2,11.6140,OK,0
2026-07-09 07:20:18,F2,11.6148,OK,0
2026-07-09 07:20:29,F2,11.6156,OK,0
2026-07-09 07:20:39,F2,11.6164,OK,0
2026-07-09 07:20:49,F2,11.6172,OK,0
2026-07-09 07:21:00,F2,11.6180,OK,0
2026-07-09 07:21:10,F2,11.6188,OK,0
2026-07-09 07:21:21,F2,11.6196,OK,0
2026-07-09 07:21:31,F2,11.6204,OK,0
2026-07-09 07:21:41,F2,11.6212,OK,0
2026-07-09 07:21:52,F2,11.6220,OK,0
2026-07-09 07:22:02,F2,11.6227,OK,0
2026-07-09 07:22:12,F2,11.6235,OK,0
2026-07-09 07:22:23,F2,11.6242,OK,0
2026-07-09 07:22:33,F2,11.6250,OK,0
2026-07-09 07:22:43,F2,11.6257,OK,0
2026-07-09 07:22:54,F2,11.6264,OK,0
2026-07-09 07:23:04,F2,11.6271,OK,1
2026-07-09 07:23:15,F2,11.6277,OK,1
2026-07-09 07:23:25,F2,11.6283,OK,1
2026-07-09 07:23:35,F2,11.6289,OK,1
2026-07-09 07:23:46,F2,11.6295,OK,1
2026-07-09 07:23:56,F2,11.6301,OK,1
2026-07-09 07:24:06,F2,11.6306,OK,0
2026-07-09 07:24:17,F2,11.6310,OK,0
2026-07-09 07:24:27,F2,11.6315,OK,0
2026-07-09 07:24:38,F2,11.6319,OK,0
2026-07-09 07:24:48,F2,11.6324,OK,0
2026-07-09 07:24:58,F2,11.6328,OK,0
2026-07-09 07:25:09,F2,11.6331,OK,0
2026-07-09 07:25:19,F2,11.6335,OK,0
2026-07-09 07:25:29,F2,11.6339,OK,0
2026-07-09 07:25:40,F2,11.6343,OK,0
2026-07-09 07:25:50,F2,11.6346,OK,0
2026-07-09 07:26:00,F2,11.6350,OK,0
2026-07-09 07:26:11,F2,11.6354,OK,0
2026-07-09 07:26:21,F2,11.6358,OK,1
2026-07-09 07:26:32,F2,11.6362,OK,1
2026-07-09 07:26:42,F2,11.6367,OK,1
2026-07-09 07:26:52,F2,11.6371,OK,0
2026-07-09 07:27:03,F2,11.6376,OK,0
2026-07-09 07:27:13,F2,11.6381,OK,0
2026-07-09 07:27:23,F2,11.6386,OK,0
2026-07-09 07:27:34,F2,11.6392,OK,0
2026-07-09 07:27:44,F2,11.6398,OK,0
2026-07-09 07:27:54,F2,11.6404,OK,0
2026-07-09 07:28:05,F2,11.6410,OK,0
2026-07-09 07:28:15,F2,11.6417,OK,0
2026-07-09 07:28:26,F2,11.6424,OK,0
2026-07-09 07:28:36,F2,11.6432,OK,0
2026-07-09 07:28:46,F2,11.6439,OK,0
2026-07-09 07:28:57,F2,11.6448,OK,0
2026-07-09 07:29:07,F2,11.6456,OK,0
2026-07-09 07:29:17,F2,11.6465,OK,0
2026-07-09 07:29:28,F2,11.6475,OK,0
2026-07-09 07:29:38,F2,11.6485,OK,0
2026-07-09 07:29:49,F2,11.6496,OK,0
2026-07-09 07:29:59,F2,11.6507,OK,0
2026-07-09 07:30:09,F2,11.6518,OK,0
2026-07-09 07:30:20,F2,11.6531,OK,0
2026-07-09 07:30:30,F2,11.6543,OK,0
2026-07-09 07:30:40,F2,11.6557,OK,0
2026-07-09 07:30:51,F2,11.6571,OK,0
2026-07-09 07:31:01,F2,11.6585,OK,0
2026-07-09 07:31:11,F2,11.6601,OK,0
2026-07-09 07:31:22,F2,11.6616,OK,0
2026-07-09 07:31:32,F2,11.6632,OK,0
2026-07-09 07:31:43,F2,11.6649,OK,0
2026-07-09 07:31:53,F2,11.6666,OK,0
2026-07-09 07:32:03,F2,11.6684,OK,0
2026-07-09 07:32:14,F2,11.6702,OK,0
2026-07-09 07:32:24,F2,11.6720,OK,0
2026-07-09 07:32:34,F2,11.6739,OK,0
2026-07-09 07:32:45,F2,11.6758,OK,0
2026-07-09 07:32:55,F2,11.6777,OK,0
2026-07-09 07:33:05,F2,11.6797,OK,0
2026-07-09 07:33:16,F2,11.6816,OK,0
2026-07-09 07:33:26,F2,11.6836,OK,0
2026-07-09 07:33:37,F2,11.6857,OK,0
2026-07-09 07:33:47,F2,11.6877,OK,0
2026-07-09 07:33:57,F2,11.6897,OK,0
2026-07-09 07:34:08,F2,11.6918,OK,1
2026-07-09 07:34:18,F2,11.6938,OK,0
2026-07-09 07:34:28,F2,11.6959,OK,0
2026-07-09 07:34:39,F2,11.6980,OK,0
2026-07-09 07:34:49,F2,11.7001,OK,0
2026-07-09 07:35:00,F2,11.7021,OK,0
2026-07-09 07:35:10,F2,11.7042,OK,0
2026-07-09 07:35:20,F2,11.7062,OK,0
2026-07-09 07:35:31,F2,11.7083,OK,0
2026-07-09 07:35:41,F2,11.7103,OK,0
2026-07-09 07:35:51,F2,11.7124,OK,0
2026-07-09 07:36:02,F2,11.7144,OK,0
2026-07-09 07:36:12,F2,11.7164,OK,0
2026-07-09 07:36:22,F2,11.7183,OK,0
2026-07-09 07:36:33,F2,11.7203,OK,0
2026-07-09 07:36:43,F2,11.7222,OK,0
2026-07-09 07:36:54,F2,11.7241,OK,0
2026-07-09 07:37:04,F2,11.7260,OK,0
2026-07-09 07:37:14,F2,11.7279,OK,0
2026-07-09 07:37:25,F2,11.7297,OK,1
2026-07-09 07:37:35,F2,11.7315,OK,0
2026-07-09 07:37:45,F2,11.7332,OK,1
2026-07-09 07:37:56,F2,11.7350,OK,1
2026-07-09 07:38:06,F2,11.7366,OK,1
2026-07-09 07:38:17,F2,11.7383,OK,1
2026-07-09 07:38:27,F2,11.7399,OK,1
2026-07-09 07:38:37,F2,11.7415,OK,0
2026-07-09 07:38:48,F2,11.7430,OK,0
2026-07-09 07:38:58,F2,11.7445,OK,0
2026-07-09 07:39:08,F2,11.7459,OK,0
2026-07-09 07:39:19,F2,11.7473,OK,0
2026-07-09 07:39:29,F2,11.7487,OK,0
2026-07-09 07:39:40,F2,11.7501,OK,0
2026-07-09 07:39:50,F2,11.7514,OK,0
2026-07-09 07:40:00,F2,11.7527,OK,0
2026-07-09 07:40:11,F2,11.7540,OK,0
2026-07-09 07:40:21,F2,11.7553,OK,0
2026-07-09 07:40:31,F2,11.7566,OK,0
2026-07-09 07:40:42,F2,11.7578,OK,0
2026-07-09 07:40:52,F2,11.7591,OK,0
2026-07-09 07:41:02,F2,11.7603,OK,0
2026-07-09 07:41:13,F2,11.7616,OK,0
2026-07-09 07:41:23,F2,11.7628,OK,1
2026-07-09 07:41:34,F2,11.7641,OK,0
2026-07-09 07:41:44,F2,11.7654,OK,0
2026-07-09 07:41:54,F2,11.7667,OK,0
2026-07-09 07:42:05,F2,11.7679,OK,0
2026-07-09 07:42:15,F2,11.7693,OK,0
2026-07-09 07:42:25,F2,11.7706,OK,0
2026-07-09 07:42:36,F2,11.7719,OK,0
2026-07-09 07:42:46,F2,11.7733,OK,0
2026-07-09 07:42:57,F2,11.7747,OK,0
2026-07-09 07:43:07,F2,11.7761,OK,0
2026-07-09 07:43:17,F2,11.7775,OK,0
2026-07-09 07:43:28,F2,11.7790,OK,0
2026-07-09 07:43:38,F2,11.7805,OK,0
2026-07-09 07:43:48,F2,11.7820,OK,0
2026-07-09 07:43:59,F2,11.7835,OK,0
2026-07-09 07:44:09,F2,11.7851,OK,0
2026-07-09 07:44:19,F2,11.7867,OK,0
2026-07-09 07:44:30,F2,11.7883,OK,0
2026-07-09 07:44:40,F2,11.7900,OK,0
2026-07-09 07:44:50,F2,11.7917,OK,0
2026-07-09 07:45:01,F2,11.7935,OK,0
2026-07-09 07:45:11,F2,11.7953,OK,0
2026-07-09 07:45:22,F2,11.7971,OK,0
2026-07-09 07:45:32,F2,11.7989,OK,1
2026-07-09 07:45:42,F2,11.8008,OK,1
2026-07-09 07:45:53,F2,11.8028,OK,1
2026-07-09 07:46:03,F2,11.8048,OK,1
2026-07-09 07:46:13,F2,11.8068,OK,1
2026-07-09 07:46:24,F2,11.8089,OK,0
2026-07-09 07:46:34,F2,11.8110,OK,0
2026-07-09 07:46:45,F2,11.8132,OK,0
2026-07-09 07:46:55,F2,11.8154,OK,0
2026-07-09 07:47:05,F2,11.8176,OK,0
2026-07-09 07:47:16,F2,11.8199,OK,0
2026-07-09 07:47:26,F2,11.8222,OK,0
2026-07-09 07:47:36,F2,11.8245,OK,0
2026-07-09 07:47:47,F2,11.8268,OK,0
2026-07-09 07:47:57,F2,11.8292,OK,0
2026-07-09 07:48:07,F2,11.8315,OK,0
2026-07-09 07:48:18,F2,11.8339,OK,0
2026-07-09 07:48:28,F2,11.8363,OK,0
2026-07-09 07:48:39,F2,11.8387,OK,0
2026-07-09 07:48:49,F2,11.8411,OK,0
2026-07-09 07:48:59,F2,11.8435,OK,0
2026-07-09 07:49:10,F2,11.8458,OK,0
2026-07-09 07:49:20,F2,11.8482,OK,0
2026-07-09 07:49:30,F2,11.8506,OK,0
2026-07-09 07:49:41,F2,11.8529,OK,0
2026-07-09 07:49:51,F2,11.8553,OK,0
2026-07-09 07:50:02,F2,11.8576,OK,0
2026-07-09 07:50:12,F2,11.8599,OK,0
2026-07-09 07:50:22,F2,11.8621,OK,0
2026-07-09 07:50:33,F2,11.8644,OK,0
2026-07-09 07:50:43,F2,11.8666,OK,0
2026-07-09 07:50:53,F2,11.8687,OK,0
2026-07-09 07:51:04,F2,11.8709,OK,0
2026-07-09 07:51:14,F2,11.8730,OK,0
2026-07-09 07:51:25,F2,11.8751,OK,0
2026-07-09 07:51:35,F2,11.8771,OK,0
2026-07-09 07:51:45,F2,11.8791,OK,0
2026-07-09 07:51:56,F2,11.8810,OK,0
2026-07-09 07:52:06,F2,11.8829,OK,0
2026-07-09 07:52:16,F2,11.8848,OK,0
2026-07-09 07:52:27,F2,11.8866,OK,0
2026-07-09 07:52:37,F2,11.8883,OK,0
2026-07-09 07:52:48,F2,11.8900,OK,0
2026-07-09 07:52:58,F2,11.8917,OK,0
2026-07-09 07:53:08,F2,11.8933,OK,1
2026-07-09 07:53:19,F2,11.8948,OK,1
2026-07-09 07:53:29,F2,11.8963,OK,1
2026-07-09 07:53:39,F2,11.8978,OK,1
2026-07-09 07:53:50,F2,11.8992,OK,1
2026-07-09 07:54:00,F2,11.9005,OK,0
2026-07-09 07:54:11,F2,11.9018,OK,0
2026-07-09 07:54:21,F2,11.9030,OK,0
2026-07-09 07:54:31,F2,11.9041,OK,0
2026-07-09 07:54:42,F2,11.9053,OK,0
2026-07-09 07:54:52,F2,11.9063,OK,0
2026-07-09 07:55:02,F2,11.9074,OK,0
2026-07-09 07:55:13,F2,11.9084,OK,0
2026-07-09 07:55:23,F2,11.9093,OK,0
2026-07-09 07:55:34,F2,11.9103,OK,0
2026-07-09 07:55:44,F2,11.9112,OK,0
2026-07-09 07:55:54,F2,11.9121,OK,0
2026-07-09 07:56:05,F2,11.9130,OK,0
2026-07-09 07:56:15,F2,11.9138,OK,1
2026-07-09 07:56:25,F2,11.9147,OK,0
2026-07-09 07:56:36,F2,11.9155,OK,0
2026-07-09 07:56:46,F2,11.9163,OK,0
2026-07-09 07:56:56,F2,11.9171,OK,0
2026-07-09 07:57:07,F2,11.9179,OK,0
2026-07-09 07:57:17,F2,11.9188,OK,0
2026-07-09 07:57:28,F2,11.9196,OK,0
2026-07-09 07:57:38,F2,11.9204,OK,0
2026-07-09 07:57:48,F2,11.9212,OK,0
2026-07-09 07:57:59,F2,11.9220,OK,1
2026-07-09 07:58:09,F2,11.9228,OK,1
2026-07-09 07:58:19,F2,11.9236,OK,1
2026-07-09 07:58:30,F2,11.9244,OK,0
2026-07-09 07:58:40,F2,11.9253,OK,1
2026-07-09 07:58:50,F2,11.9261,OK,0
2026-07-09 07:59:01,F2,11.9270,OK,0
2026-07-09 07:59:11,F2,11.9278,OK,0
2026-07-09 07:59:21,F2,11.9287,OK,0
2026-07-09 07:59:32,F2,11.9296,OK,0
2026-07-09 07:59:42,F2,11.9305,OK,0
2026-07-09 07:59:53,F2,11.9315,OK,0
2026-07-09 08:00:03,F2,11.9324,OK,0
2026-07-09 08:00:13,F2,11.9334,OK,0
2026-07-09 08:00:24,F2,11.9343,OK,0
2026-07-09 08:00:34,F2,11.9353,OK,0
2026-07-09 08:00:44,F2,11.9363,OK,0
2026-07-09 08:00:55,F2,11.9374,OK,0
2026-07-09 08:01:05,F2,11.9384,OK,0
2026-07-09 08:01:15,F2,11.9395,OK,0
2026-07-09 08:01:26,F2,11.9405,OK,0
2026-07-09 08:01:36,F2,11.9416,OK,0
2026-07-09 08:01:46,F2,11.9427,OK,0
2026-07-09 08:01:57,F2,11.9438,OK,0
2026-07-09 08:02:07,F2,11.9449,OK,0
2026-07-09 08:02:18,F2,11.9460,OK,0
2026-07-09 08:02:28,F2,11.9471,OK,0
2026-07-09 08:02:38,F2,11.9482,OK,0
2026-07-09 08:02:49,F2,11.9493,OK,0
2026-07-09 08:02:59,F2,11.9504,OK,0
2026-07-09 08:03:09,F2,11.9515,OK,0
2026-07-09 08:03:20,F2,11.9526,OK,0
2026-07-09 08:03:30,F2,11.9537,OK,0
2026-07-09 08:03:40,F2,11.9547,OK,0
2026-07-09 08:03:51,F2,11.9558,OK,0
2026-07-09 08:04:01,F2,11.9568,OK,1
2026-07-09 08:04:11,F2,11.9578,OK,0
2026-07-09 08:04:22,F2,11.9588,OK,0
2026-07-09 08:04:32,F2,11.9597,OK,0
2026-07-09 08:04:43,F2,11.9607,OK,0
2026-07-09 08:04:53,F2,11.9616,OK,0
2026-07-09 08:05:03,F2,11.9624,OK,0
2026-07-09 08:05:14,F2,11.9633,OK,0
2026-07-09 08:05:24,F2,11.9641,OK,0
2026-07-09 08:05:34,F2,11.9649,OK,0
2026-07-09 08:05:45,F2,11.9657,OK,0
2026-07-09 08:05:55,F2,11.9664,OK,0
2026-07-09 08:06:06,F2,11.9671,OK,0
2026-07-09 08:06:16,F2,11.9677,OK,0
2026-07-09 08:06:26,F2,11.9683,OK,0
2026-07-09 08:06:37,F2,11.9689,OK,0
2026-07-09 08:06:47,F2,11.9694,OK,0
2026-07-09 08:06:57,F2,11.9699,OK,0
2026-07-09 08:07:08,F2,11.9704,OK,0
2026-07-09 08:07:18,F2,11.9708,OK,0
2026-07-09 08:07:29,F2,11.9711,OK,0
2026-07-09 08:07:39,F2,11.9715,OK,0
2026-07-09 08:07:49,F2,11.9717,OK,1
2026-07-09 08:08:00,F2,11.9719,OK,1
2026-07-09 08:08:10,F2,11.9721,OK,1
2026-07-09 08:08:20,F2,11.9722,OK,1
2026-07-09 08:08:31,F2,11.9723,OK,0
2026-07-09 08:08:41,F2,11.9723,OK,0
2026-07-09 08:08:52,F2,11.9723,OK,0
2026-07-09 08:09:02,F2,11.9723,OK,0
2026-07-09 08:09:12,F2,11.9722,OK,0
2026-07-09 08:09:23,F2,11.9720,OK,0
2026-07-09 08:09:33,F2,11.9719,OK,0
2026-07-09 08:09:43,F2,11.9717,OK,0
2026-07-09 08:09:54,F2,11.9715,OK,0
2026-07-09 08:10:04,F2,11.9712,OK,0
2026-07-09 08:10:15,F2,11.9710,OK,0
2026-07-09 08:10:25,F2,11.9707,OK,0
2026-07-09 08:10:35,F2,11.9704,OK,0
2026-07-09 08:10:46,F2,11.9701,OK,0
2026-07-09 08:10:56,F2,11.9698,OK,0
2026-07-09 08:11:06,F2,11.9695,OK,0
2026-07-09 08:11:17,F2,11.9691,OK,0
2026-07-09 08:11:27,F2,11.9688,OK,0
2026-07-09 08:11:37,F2,11.9684,OK,0
2026-07-09 08:11:48,F2,11.9681,OK,0
2026-07-09 08:11:58,F2,11.9677,OK,0
2026-07-09 08:12:09,F2,11.9673,OK,0
2026-07-09 08:12:19,F2,11.9670,OK,0
2026-07-09 08:12:29,F2,11.9666,OK,0
2026-07-09 08:12:40,F2,11.9662,OK,0
2026-07-09 08:12:50,F2,11.9659,OK,0
2026-07-09 08:13:00,F2,11.9655,OK,0
2026-07-09 08:13:11,F2,11.9651,OK,0
2026-07-09 08:13:21,F2,11.9648,OK,0
2026-07-09 08:13:31,F2,11.9645,OK,0
2026-07-09 08:13:42,F2,11.9642,OK,0
2026-07-09 08:13:52,F2,11.9639,OK,0
2026-07-09 08:14:03,F2,11.9636,OK,0
2026-07-09 08:14:13,F2,11.9633,OK,1
2026-07-09 08:14:23,F2,11.9631,OK,1
2026-07-09 08:14:34,F2,11.9629,OK,1
2026-07-09 08:14:44,F2,11.9627,OK,0
2026-07-09 08:14:54,F2,11.9626,OK,0
2026-07-09 08:15:05,F2,11.9624,OK,0
2026-07-09 08:15:15,F2,11.9623,OK,0
2026-07-09 08:15:25,F2,11.9622,OK,0
2026-07-09 08:15:36,F2,11.9621,OK,0
2026-07-09 08:15:46,F2,11.9621,OK,0
2026-07-09 08:15:57,F2,11.9620,OK,0
2026-07-09 08:16:07,F2,11.9620,OK,0
2026-07-09 08:16:17,F2,11.9620,OK,0
2026-07-09 08:16:28,F2,11.9620,OK,0
2026-07-09 08:16:38,F2,11.9619,OK,0
2026-07-09 08:16:48,F2,11.9619,OK,0
2026-07-09 08:16:59,F2,11.9619,OK,0
2026-07-09 08:17:09,F2,11.9619,OK,0
2026-07-09 08:17:19,F2,11.9619,OK,0
2026-07-09 08:17:30,F2,11.9619,OK,0
2026-07-09 08:17:40,F2,11.9619,OK,0
2026-07-09 08:17:50,F2,11.9619,OK,0
2026-07-09 08:18:01,F2,11.9618,OK,0
2026-07-09 08:18:11,F2,11.9618,OK,0
2026-07-09 08:18:22,F2,11.9617,OK,0
2026-07-09 08:18:32,F2,11.9617,OK,0
2026-07-09 08:18:42,F2,11.9616,OK,0
2026-07-09 08:18:53,F2,11.9615,OK,0
2026-07-09 08:19:03,F2,11.9614,OK,0
2026-07-09 08:19:13,F2,11.9613,OK,0
2026-07-09 08:19:24,F2,11.9611,OK,0
2026-07-09 08:19:34,F2,11.9609,OK,0
2026-07-09 08:19:45,F2,11.9608,OK,0
2026-07-09 08:19:55,F2,11.9605,OK,0
2026-07-09 08:20:05,F2,11.9603,OK,0
2026-07-09 08:20:16,F2,11.9600,OK,0
2026-07-09 08:20:26,F2,11.9597,OK,0
2026-07-09 08:20:36,F2,11.9594,OK,0
2026-07-09 08:20:47,F2,11.9590,OK,0
2026-07-09 08:20:57,F2,11.9586,OK,0
2026-07-09 08:21:07,F2,11.9582,OK,0
2026-07-09 08:21:18,F2,11.9577,OK,0
2026-07-09 08:21:28,F2,11.9572,OK,0
2026-07-09 08:21:38,F2,11.9567,OK,0
2026-07-09 08:21:49,F2,11.9561,OK,0
2026-07-09 08:21:59,F2,11.9554,OK,0
2026-07-09 08:22:10,F2,11.9547,OK,0
2026-07-09 08:22:20,F2,11.9540,OK,1
2026-07-09 08:22:30,F2,11.9532,OK,1
2026-07-09 08:22:41,F2,11.9524,OK,1
2026-07-09 08:22:51,F2,11.9515,OK,1
2026-07-09 08:23:01,F2,11.9505,OK,1
2026-07-09 08:23:12,F2,11.9495,OK,1
2026-07-09 08:23:22,F2,11.9484,OK,0
2026-07-09 08:23:33,F2,11.9473,OK,0
2026-07-09 08:23:43,F2,11.9461,OK,0
2026-07-09 08:23:53,F2,11.9449,OK,0
2026-07-09 08:24:04,F2,11.9437,OK,0
2026-07-09 08:24:14,F2,11.9424,OK,0
2026-07-09 08:24:24,F2,11.9410,OK,0
2026-07-09 08:24:35,F2,11.9397,OK,0
2026-07-09 08:24:45,F2,11.9383,OK,0
2026-07-09 08:24:55,F2,11.9369,OK,0
2026-07-09 08:25:06,F2,11.9355,OK,0
2026-07-09 08:25:16,F2,11.9340,OK,0
2026-07-09 08:25:27,F2,11.9326,OK,0
2026-07-09 08:25:37,F2,11.9311,OK,0
2026-07-09 08:25:47,F2,11.9296,OK,0
2026-07-09 08:25:58,F2,11.9281,OK,0
2026-07-09 08:26:08,F2,11.9267,OK,0
2026-07-09 08:26:18,F2,11.9252,OK,0
2026-07-09 08:26:29,F2,11.9237,OK,0
2026-07-09 08:26:39,F2,11.9222,OK,0
2026-07-09 08:26:50,F2,11.9208,OK,0
2026-07-09 08:27:00,F2,11.9193,OK,0
2026-07-09 08:27:10,F2,11.9179,OK,0
2026-07-09 08:27:21,F2,11.9164,OK,0
2026-07-09 08:27:31,F2,11.9150,OK,0
2026-07-09 08:27:41,F2,11.9136,OK,0
2026-07-09 08:27:52,F2,11.9122,OK,0
2026-07-09 08:28:02,F2,11.9109,OK,1
2026-07-09 08:28:12,F2,11.9095,OK,0
2026-07-09 08:28:23,F2,11.9082,OK,1
2026-07-09 08:28:33,F2,11.9069,OK,1
2026-07-09 08:28:44,F2,11.9056,OK,1
2026-07-09 08:28:54,F2,11.9044,OK,0
2026-07-09 08:29:04,F2,11.9032,OK,0
2026-07-09 08:29:15,F2,11.9020,OK,0
2026-07-09 08:29:25,F2,11.9009,OK,0
2026-07-09 08:29:35,F2,11.8997,OK,0
2026-07-09 08:29:46,F2,11.8986,OK,0
2026-07-09 08:29:56,F2,11.8975,OK,0
2026-07-09 08:30:06,F2,11.8964,OK,0
2026-07-09 08:30:17,F2,11.8953,OK,0
2026-07-09 08:30:27,F2,11.8943,OK,0
2026-07-09 08:30:38,F2,11.8932,OK,0
2026-07-09 08:30:48,F2,11.8922,OK,0
2026-07-09 08:30:58,F2,11.8911,OK,0
2026-07-09 08:31:09,F2,11.8901,OK,0
2026-07-09 08:31:19,F2,11.8890,OK,0
2026-07-09 08:31:29,F2,11.8879,OK,0
2026-07-09 08:31:40,F2,11.8869,OK,0
2026-07-09 08:31:50,F2,11.8858,OK,0
2026-07-09 08:32:00,F2,11.8847,OK,0
2026-07-09 08:32:11,F2,11.8836,OK,0
2026-07-09 08:32:21,F2,11.8825,OK,0
2026-07-09 08:32:32,F2,11.8813,OK,0
2026-07-09 08:32:42,F2,11.8801,OK,0
2026-07-09 08:32:52,F2,11.8790,OK,0
2026-07-09 08:33:03,F2,11.8778,OK,0
2026-07-09 08:33:13,F2,11.8765,OK,0
2026-07-09 08:33:23,F2,11.8752,OK,0
2026-07-09 08:33:34,F2,11.8740,OK,0
2026-07-09 08:33:44,F2,11.8726,OK,0
2026-07-09 08:33:54,F2,11.8713,OK,0
2026-07-09 08:34:05,F2,11.8699,OK,0
2026-07-09 08:34:15,F2,11.8685,OK,0
2026-07-09 08:34:26,F2,11.8670,OK,0
2026-07-09 08:34:36,F2,11.8655,OK,0
2026-07-09 08:34:46,F2,11.8640,OK,0
2026-07-09 08:34:57,F2,11.8624,OK,0
2026-07-09 08:35:07,F2,11.8608,OK,0
2026-07-09 08:35:17,F2,11.8592,OK,0
2026-07-09 08:35:28,F2,11.8575,OK,0
2026-07-09 08:35:38,F2,11.8558,OK,0
2026-07-09 08:35:49,F2,11.8541,OK,0
2026-07-09 08:35:59,F2,11.8523,OK,0
2026-07-09 08:36:09,F2,11.8504,OK,0
2026-07-09 08:36:20,F2,11.8486,OK,0
2026-07-09 08:36:30,F2,11.8467,OK,0
2026-07-09 08:36:40,F2,11.8447,OK,0
2026-07-09 08:36:51,F2,11.8427,OK,0
2026-07-09 08:37:01,F2,11.8407,OK,1
2026-07-09 08:37:11,F2,11.8386,OK,1
2026-07-09 08:37:22,F2,11.8365,OK,1
2026-07-09 08:37:32,F2,11.8343,OK,1
2026-07-09 08:37:43,F2,11.8321,OK,1
2026-07-09 08:37:53,F2,11.8299,OK,0
2026-07-09 08:38:03,F2,11.8276,OK,0
2026-07-09 08:38:14,F2,11.8253,OK,0
2026-07-09 08:38:24,F2,11.8230,OK,0
2026-07-09 08:38:34,F2,11.8206,OK,0
2026-07-09 08:38:45,F2,11.8182,OK,0
2026-07-09 08:38:55,F2,11.8158,OK,0
2026-07-09 08:39:05,F2,11.8134,OK,0
2026-07-09 08:39:16,F2,11.8110,OK,0
2026-07-09 08:39:26,F2,11.8085,OK,0
2026-07-09 08:39:37,F2,11.8061,OK,0
2026-07-09 08:39:47,F2,11.8036,OK,0
2026-07-09 08:39:57,F2,11.8011,OK,0
2026-07-09 08:40:08,F2,11.7987,OK,0
2026-07-09 08:40:18,F2,11.7962,OK,0
2026-07-09 08:40:28,F2,11.7937,OK,0
2026-07-09 08:40:39,F2,11.7912,OK,0
2026-07-09 08:40:49,F2,11.7888,OK,0
2026-07-09 08:41:00,F2,11.7863,OK,0
2026-07-09 08:41:10,F2,11.7839,OK,0
2026-07-09 08:41:20,F2,11.7814,OK,0
2026-07-09 08:41:31,F2,11.7790,OK,0
2026-07-09 08:41:41,F2,11.7766,OK,0
2026-07-09 08:41:51,F2,11.7742,OK,0
2026-07-09 08:42:02,F2,11.7718,OK,0
2026-07-09 08:42:12,F2,11.7695,OK,1
2026-07-09 08:42:22,F2,11.7671,OK,1
2026-07-09 08:42:33,F2,11.7648,OK,1
2026-07-09 08:42:43,F2,11.7625,OK,1
2026-07-09 08:42:54,F2,11.7602,OK,1
2026-07-09 08:43:04,F2,11.7580,OK,0
2026-07-09 08:43:14,F2,11.7558,OK,0
2026-07-09 08:43:25,F2,11.7536,OK,0
2026-07-09 08:43:35,F2,11.7514,OK,0
2026-07-09 08:43:45,F2,11.7492,OK,0
2026-07-09 08:43:56,F2,11.7471,OK,0
2026-07-09 08:44:06,F2,11.7450,OK,0
2026-07-09 08:44:17,F2,11.7428,OK,0
2026-07-09 08:44:27,F2,11.7407,OK,0
2026-07-09 08:44:37,F2,11.7386,OK,0
2026-07-09 08:44:48,F2,11.7365,OK,0
2026-07-09 08:44:58,F2,11.7344,OK,0
2026-07-09 08:45:08,F2,11.7323,OK,0
2026-07-09 08:45:19,F2,11.7302,OK,0
2026-07-09 08:45:29,F2,11.7281,OK,0
2026-07-09 08:45:40,F2,11.7260,OK,0
2026-07-09 08:45:50,F2,11.7239,OK,0
2026-07-09 08:46:00,F2,11.7218,OK,0
2026-07-09 08:46:11,F2,11.7197,OK,0
2026-07-09 08:46:21,F2,11.7176,OK,0
2026-07-09 08:46:31,F2,11.7154,OK,0
2026-07-09 08:46:42,F2,11.7133,OK,0
2026-07-09 08:46:52,F2,11.7112,OK,0
2026-07-09 08:47:02,F2,11.7090,OK,0
2026-07-09 08:47:13,F2,11.7069,OK,0
2026-07-09 08:47:23,F2,11.7047,OK,0
2026-07-09 08:47:34,F2,11.7025,OK,0
2026-07-09 08:47:44,F2,11.7003,OK,0
2026-07-09 08:47:54,F2,11.6981,OK,0
2026-07-09 08:48:05,F2,11.6959,OK,0
2026-07-09 08:48:15,F2,11.6937,OK,0
2026-07-09 08:48:25,F2,11.6914,OK,0
2026-07-09 08:48:36,F2,11.6892,OK,0
2026-07-09 08:48:46,F2,11.6869,OK,0
2026-07-09 08:48:57,F2,11.6846,OK,0
2026-07-09 08:49:07,F2,11.6823,OK,0
2026-07-09 08:49:17,F2,11.6800,OK,0
2026-07-09 08:49:28,F2,11.6776,OK,0
2026-07-09 08:49:38,F2,11.6753,OK,0
2026-07-09 08:49:48,F2,11.6729,OK,0
2026-07-09 08:49:59,F2,11.6705,OK,0
2026-07-09 08:50:09,F2,11.6680,OK,0
2026-07-09 08:50:20,F2,11.6656,OK,0
2026-07-09 08:50:30,F2,11.6631,OK,0
2026-07-09 08:50:40,F2,11.6606,OK,0
2026-07-09 08:50:51,F2,11.6581,OK,0
2026-07-09 08:51:01,F2,11.6556,OK,0
2026-07-09 08:51:11,F2,11.6530,OK,1
2026-07-09 08:51:22,F2,11.6505,OK,1
2026-07-09 08:51:32,F2,11.6478,OK,1
2026-07-09 08:51:42,F2,11.6452,OK,1
2026-07-09 08:51:53,F2,11.6426,OK,1
2026-07-09 08:52:03,F2,11.6399,OK,0
2026-07-09 08:52:14,F2,11.6372,OK,0
2026-07-09 08:52:24,F2,11.6345,OK,0
2026-07-09 08:52:34,F2,11.6317,OK,0
2026-07-09 08:52:45,F2,11.6290,OK,0
2026-07-09 08:52:55,F2,11.6262,OK,0
2026-07-09 08:53:05,F2,11.6235,OK,0
2026-07-09 08:53:16,F2,11.6207,OK,0
2026-07-09 08:53:26,F2,11.6180,OK,0
2026-07-09 08:53:36,F2,11.6153,OK,0
2026-07-09 08:53:47,F2,11.6125,OK,0
2026-07-09 08:53:57,F2,11.6098,OK,0
2026-07-09 08:54:08,F2,11.6071,OK,0
2026-07-09 08:54:18,F2,11.6044,OK,0
2026-07-09 08:54:28,F2,11.6018,OK,0
2026-07-09 08:54:39,F2,11.5991,OK,0
2026-07-09 08:54:49,F2,11.5965,OK,0
2026-07-09 08:54:59,F2,11.5939,OK,0
2026-07-09 08:55:10,F2,11.5913,OK,0
2026-07-09 08:55:20,F2,11.5887,OK,0
2026-07-09 08:55:31,F2,11.5862,OK,0
2026-07-09 08:55:41,F2,11.5837,OK,0
2026-07-09 08:55:51,F2,11.5812,OK,0
2026-07-09 08:56:02,F2,11.5788,OK,0
2026-07-09 08:56:12,F2,11.5764,OK,0
2026-07-09 08:56:22,F2,11.5740,OK,0
2026-07-09 08:56:33,F2,11.5717,OK,0
2026-07-09 08:56:43,F2,11.5694,OK,0
2026-07-09 08:56:53,F2,11.5671,OK,0
2026-07-09 08:57:04,F2,11.5649,OK,0
2026-07-09 08:57:14,F2,11.5627,OK,1
2026-07-09 08:57:25,F2,11.5606,OK,1
2026-07-09 08:57:35,F2,11.5585,OK,0
2026-07-09 08:57:45,F2,11.5565,OK,0
2026-07-09 08:57:56,F2,11.5545,OK,0
2026-07-09 08:58:06,F2,11.5525,OK,0
2026-07-09 08:58:16,F2,11.5506,OK,0
2026-07-09 08:58:27,F2,11.5488,OK,0
2026-07-09 08:58:37,F2,11.5469,OK,0
2026-07-09 08:58:48,F2,11.5452,OK,0
2026-07-09 08:58:58,F2,11.5434,OK,0
2026-07-09 08:59:08,F2,11.5417,OK,0
2026-07-09 08:59:19,F2,11.5400,OK,0
2026-07-09 08:59:29,F2,11.5383,OK,0
2026-07-09 08:59:40,F2,11.5366,OK,0
2026-07-09 08:59:50,F2,11.5350,OK,0
2026-07-09 09:00:00,F2,11.5334,OK,0
2026-07-09 09:00:11,F2,11.5318,OK,0
2026-07-09 09:00:21,F2,11.5303,OK,0
2026-07-09 09:00:31,F2,11.5287,OK,0
2026-07-09 09:00:42,F2,11.5272,OK,0
2026-07-09 09:00:52,F2,11.5257,OK,0
2026-07-09 09:01:03,F2,11.5241,OK,0
2026-07-09 09:01:13,F2,11.5226,OK,0
2026-07-09 09:01:23,F2,11.5212,OK,0
2026-07-09 09:01:34,F2,11.5197,OK,1
2026-07-09 09:01:44,F2,11.5182,OK,0
2026-07-09 09:01:54,F2,11.5167,OK,0
2026-07-09 09:02:05,F2,11.5152,OK,0
2026-07-09 09:02:15,F2,11.5138,OK,0
2026-07-09 09:02:26,F2,11.5123,OK,0
2026-07-09 09:02:36,F2,11.5108,OK,0
2026-07-09 09:02:46,F2,11.5094,OK,0
2026-07-09 09:02:57,F2,11.5079,OK,0
2026-07-09 09:03:07,F2,11.5064,OK,0
2026-07-09 09:03:17,F2,11.5049,OK,0
2026-07-09 09:03:28,F2,11.5035,OK,0
2026-07-09 09:03:38,F2,11.5020,OK,0
2026-07-09 09:03:49,F2,11.5005,OK,0
2026-07-09 09:03:59,F2,11.4990,OK,0
2026-07-09 09:04:09,F2,11.4975,OK,0
2026-07-09 09:04:20,F2,11.4960,OK,0
2026-07-09 09:04:30,F2,11.4945,OK,0
2026-07-09 09:04:40,F2,11.4929,OK,0
2026-07-09 09:04:51,F2,11.4914,OK,0
2026-07-09 09:05:01,F2,11.4898,OK,0
2026-07-09 09:05:11,F2,11.4882,OK,0
2026-07-09 09:05:22,F2,11.4866,OK,0
2026-07-09 09:05:32,F2,11.4850,OK,0
2026-07-09 09:05:43,F2,11.4834,OK,0
2026-07-09 09:05:53,F2,11.4818,OK,0
2026-07-09 09:06:03,F2,11.4801,OK,0
2026-07-09 09:06:14,F2,11.4784,OK,0
2026-07-09 09:06:24,F2,11.4767,OK,0
2026-07-09 09:06:34,F2,11.4750,OK,0
2026-07-09 09:06:45,F2,11.4732,OK,0
2026-07-09 09:06:55,F2,11.4715,OK,0
2026-07-09 09:07:06,F2,11.4696,OK,0
2026-07-09 09:07:16,F2,11.4678,OK,1
2026-07-09 09:07:26,F2,11.4660,OK,1
2026-07-09 09:07:37,F2,11.4641,OK,1
2026-07-09 09:07:47,F2,11.4621,OK,1
2026-07-09 09:07:57,F2,11.4602,OK,1
2026-07-09 09:08:08,F2,11.4582,OK,0
2026-07-09 09:08:18,F2,11.4562,OK,0
2026-07-09 09:08:28,F2,11.4542,OK,0
2026-07-09 09:08:39,F2,11.4521,OK,0
2026-07-09 09:08:49,F2,11.4501,OK,0
2026-07-09 09:09:00,F2,11.4480,OK,0
2026-07-09 09:09:10,F2,11.4459,OK,0
2026-07-09 09:09:20,F2,11.4438,OK,0
2026-07-09 09:09:31,F2,11.4417,OK,0
2026-07-09 09:09:41,F2,11.4396,OK,0
2026-07-09 09:09:51,F2,11.4375,OK,0
2026-07-09 09:10:02,F2,11.4354,OK,0
2026-07-09 09:10:12,F2,11.4333,OK,0
2026-07-09 09:10:22,F2,11.4312,OK,0
2026-07-09 09:10:33,F2,11.4292,OK,0
2026-07-09 09:10:43,F2,11.4271,OK,0
2026-07-09 09:10:54,F2,11.4250,OK,0
2026-07-09 09:11:04,F2,11.4230,OK,0
2026-07-09 09:11:14,F2,11.4210,OK,0
2026-07-09 09:11:25,F2,11.4190,OK,0
2026-07-09 09:11:35,F2,11.4170,OK,0
2026-07-09 09:11:45,F2,11.4150,OK,0
2026-07-09 09:11:56,F2,11.4131,OK,0
2026-07-09 09:12:06,F2,11.4112,OK,0
2026-07-09 09:12:17,F2,11.4093,OK,0
2026-07-09 09:12:27,F2,11.4075,OK,0
2026-07-09 09:12:37,F2,11.4056,OK,0
2026-07-09 09:12:48,F2,11.4039,OK,0
2026-07-09 09:12:58,F2,11.4021,OK,0
2026-07-09 09:13:08,F2,11.4004,OK,0
2026-07-09 09:13:19,F2,11.3987,OK,0
2026-07-09 09:13:29,F2,11.3971,OK,1
2026-07-09 09:13:40,F2,11.3955,OK,1
2026-07-09 09:13:50,F2,11.3940,OK,0
2026-07-09 09:14:00,F2,11.3925,OK,0
2026-07-09 09:14:11,F2,11.3910,OK,0
2026-07-09 09:14:21,F2,11.3896,OK,0
2026-07-09 09:14:31,F2,11.3882,OK,0
2026-07-09 09:14:42,F2,11.3869,OK,0
2026-07-09 09:14:52,F2,11.3856,OK,0
2026-07-09 09:15:02,F2,11.3843,OK,0
2026-07-09 09:15:13,F2,11.3831,OK,0
2026-07-09 09:15:23,F2,11.3819,OK,0
2026-07-09 09:15:34,F2,11.3807,OK,0
2026-07-09 09:15:44,F2,11.3796,OK,0
2026-07-09 09:15:54,F2,11.3784,OK,0
2026-07-09 09:16:05,F2,11.3773,OK,0
2026-07-09 09:16:15,F2,11.3762,OK,0
2026-07-09 09:16:25,F2,11.3752,OK,0
2026-07-09 09:16:36,F2,11.3741,OK,0
2026-07-09 09:16:46,F2,11.3731,OK,0
2026-07-09 09:16:57,F2,11.3720,OK,0
2026-07-09 09:17:07,F2,11.3710,OK,0
2026-07-09 09:17:17,F2,11.3700,OK,0
2026-07-09 09:17:28,F2,11.3689,OK,0
2026-07-09 09:17:38,F2,11.3679,OK,0
2026-07-09 09:17:48,F2,11.3669,OK,0
2026-07-09 09:17:59,F2,11.3659,OK,0
2026-07-09 09:18:09,F2,11.3649,OK,0
2026-07-09 09:18:19,F2,11.3638,OK,0
2026-07-09 09:18:30,F2,11.3628,OK,0
2026-07-09 09:18:40,F2,11.3617,OK,0
2026-07-09 09:18:51,F2,11.3607,OK,0
2026-07-09 09:19:01,F2,11.3596,OK,0
2026-07-09 09:19:11,F2,11.3586,OK,0
2026-07-09 09:19:22,F2,11.3575,OK,0
2026-07-09 09:19:32,F2,11.3564,OK,0
2026-07-09 09:19:42,F2,11.3553,OK,0
2026-07-09 09:19:53,F2,11.3542,OK,0
2026-07-09 09:20:03,F2,11.3531,OK,0
2026-07-09 09:20:13,F2,11.3520,OK,0
2026-07-09 09:20:24,F2,11.3509,OK,0
2026-07-09 09:20:34,F2,11.3498,OK,0
2026-07-09 09:20:44,F2,11.3486,OK,0
2026-07-09 09:20:55,F2,11.3474,OK,0
2026-07-09 09:21:05,F2,11.3463,OK,0
2026-07-09 09:21:16,F2,11.3451,OK,0
2026-07-09 09:21:26,F2,11.3439,OK,0
2026-07-09 09:21:36,F2,11.3426,OK,0
2026-07-09 09:21:47,F2,11.3414,OK,0
2026-07-09 09:21:57,F2,11.3401,OK,0
2026-07-09 09:22:07,F2,11.3389,OK,0
2026-07-09 09:22:18,F2,11.3376,OK,0
2026-07-09 09:22:28,F2,11.3363,OK,0
2026-07-09 09:22:38,F2,11.3350,OK,0
2026-07-09 09:22:49,F2,11.3336,OK,1
2026-07-09 09:22:59,F2,11.3323,OK,1
2026-07-09 09:23:10,F2,11.3309,OK,1
2026-07-09 09:23:20,F2,11.3295,OK,1
2026-07-09 09:23:30,F2,11.3281,OK,1
2026-07-09 09:23:41,F2,11.3267,OK,0
2026-07-09 09:23:51,F2,11.3253,OK,0
2026-07-09 09:24:01,F2,11.3238,OK,0
2026-07-09 09:24:12,F2,11.3224,OK,0
2026-07-09 09:24:22,F2,11.3209,OK,0
2026-07-09 09:24:33,F2,11.3195,OK,0
2026-07-09 09:24:43,F2,11.3180,OK,0
2026-07-09 09:24:53,F2,11.3166,OK,0
2026-07-09 09:25:04,F2,11.3151,OK,0
2026-07-09 09:25:14,F2,11.3137,OK,0
2026-07-09 09:25:24,F2,11.3123,OK,0
2026-07-09 09:25:35,F2,11.3109,OK,0
2026-07-09 09:25:45,F2,11.3096,OK,0
2026-07-09 09:25:55,F2,11.3082,OK,0
2026-07-09 09:26:06,F2,11.3069,OK,0
2026-07-09 09:26:16,F2,11.3056,OK,0
2026-07-09 09:26:27,F2,11.3044,OK,0
2026-07-09 09:26:37,F2,11.3031,OK,0
2026-07-09 09:26:47,F2,11.3019,OK,0
2026-07-09 09:26:58,F2,11.3007,OK,0
2026-07-09 09:27:08,F2,11.2996,OK,0
2026-07-09 09:27:18,F2,11.2985,OK,0
2026-07-09 09:27:29,F2,11.2974,OK,0
2026-07-09 09:27:39,F2,11.2964,OK,0
2026-07-09 09:27:49,F2,11.2953,OK,0
2026-07-09 09:28:00,F2,11.2944,OK,0
2026-07-09 09:28:10,F2,11.2934,OK,0
2026-07-09 09:28:21,F2,11.2926,OK,0
2026-07-09 09:28:31,F2,11.2917,OK,0
2026-07-09 09:28:41,F2,11.2909,OK,0
2026-07-09 09:28:52,F2,11.2901,OK,0
2026-07-09 09:29:02,F2,11.2894,OK,0
2026-07-09 09:29:12,F2,11.2888,OK,0
2026-07-09 09:29:23,F2,11.2881,OK,0
2026-07-09 09:29:33,F2,11.2876,OK,1
2026-07-09 09:29:43,F2,11.2870,OK,1
2026-07-09 09:29:54,F2,11.2866,OK,0
2026-07-09 09:30:04,F2,11.2861,OK,0
2026-07-09 09:30:14,F2,11.2857,OK,0
2026-07-09 09:30:25,F2,11.2854,OK,0
2026-07-09 09:30:35,F2,11.2851,OK,0
2026-07-09 09:30:46,F2,11.2848,OK,0
2026-07-09 09:30:56,F2,11.2846,OK,0
2026-07-09 09:31:06,F2,11.2844,OK,0
2026-07-09 09:31:17,F2,11.2843,OK,0
2026-07-09 09:31:27,F2,11.2841,OK,0
2026-07-09 09:31:37,F2,11.2840,OK,0
2026-07-09 09:31:48,F2,11.2839,OK,0
2026-07-09 09:31:58,F2,11.2839,OK,0
2026-07-09 09:32:08,F2,11.2839,OK,0
2026-07-09 09:32:19,F2,11.2838,OK,0
2026-07-09 09:32:29,F2,11.2838,OK,0
2026-07-09 09:32:40,F2,11.2838,OK,0
2026-07-09 09:32:50,F2,11.2839,OK,0
2026-07-09 09:33:00,F2,11.2839,OK,0
2026-07-09 09:33:11,F2,11.2839,OK,0
2026-07-09 09:33:21,F2,11.2840,OK,0
2026-07-09 09:33:31,F2,11.2840,OK,0
2026-07-09 09:33:42,F2,11.2841,OK,0
2026-07-09 09:33:52,F2,11.2841,OK,0
2026-07-09 09:34:03,F2,11.2842,OK,0
2026-07-09 09:34:13,F2,11.2843,OK,0
2026-07-09 09:34:23,F2,11.2843,OK,0
2026-07-09 09:34:34,F2,11.2844,OK,0
2026-07-09 09:34:44,F2,11.2844,OK,0
2026-07-09 09:34:54,F2,11.2845,OK,0
2026-07-09 09:35:05,F2,11.2845,OK,0
2026-07-09 09:35:15,F2,11.2846,OK,0
2026-07-09 09:35:26,F2,11.2846,OK,0
2026-07-09 09:35:36,F2,11.2847,OK,0
2026-07-09 09:35:46,F2,11.2847,OK,0
2026-07-09 09:35:57,F2,11.2847,OK,0
2026-07-09 09:36:07,F2,11.2847,OK,0
2026-07-09 09:36:17,F2,11.2847,OK,0
2026-07-09 09:36:28,F2,11.2847,OK,0
2026-07-09 09:36:38,F2,11.2847,OK,0
2026-07-09 09:36:49,F2,11.2847,OK,0
2026-07-09 09:36:59,F2,11.2847,OK,0
2026-07-09 09:37:09,F2,11.2846,OK,0
2026-07-09 09:37:20,F2,11.2846,OK,0
2026-07-09 09:37:30,F2,11.2845,OK,0
2026-07-09 09:37:41,F2,11.2844,OK,0
2026-07-09 09:37:51,F2,11.2843,OK,0
2026-07-09 09:38:01,F2,11.2842,OK,0
2026-07-09 09:38:12,F2,11.2840,OK,0
2026-07-09 09:38:22,F2,11.2839,OK,0
2026-07-09 09:38:32,F2,11.2837,OK,0
2026-07-09 09:38:43,F2,11.2835,OK,1
2026-07-09 09:38:53,F2,11.2833,OK,1
2026-07-09 09:39:03,F2,11.2830,OK,1
2026-07-09 09:39:14,F2,11.2828,OK,1
2026-07-09 09:39:24,F2,11.2825,OK,0
2026-07-09 09:39:34,F2,11.2822,OK,0
2026-07-09 09:39:45,F2,11.2819,OK,0
2026-07-09 09:39:55,F2,11.2816,OK,0
2026-07-09 09:40:06,F2,11.2813,OK,0
2026-07-09 09:40:16,F2,11.2809,OK,0
2026-07-09 09:40:26,F2,11.2806,OK,0
2026-07-09 09:40:37,F2,11.2802,OK,0
2026-07-09 09:40:47,F2,11.2799,OK,0
2026-07-09 09:40:57,F2,11.2795,OK,0
2026-07-09 09:41:08,F2,11.2792,OK,0
2026-07-09 09:41:18,F2,11.2789,OK,0
2026-07-09 09:41:29,F2,11.2785,OK,0
2026-07-09 09:41:39,F2,11.2782,OK,0
2026-07-09 09:41:49,F2,11.2779,OK,0
2026-07-09 09:42:00,F2,11.2776,OK,0
2026-07-09 09:42:10,F2,11.2773,OK,0
2026-07-09 09:42:20,F2,11.2771,OK,0
2026-07-09 09:42:31,F2,11.2769,OK,0
2026-07-09 09:42:41,F2,11.2766,OK,0
2026-07-09 09:42:51,F2,11.2765,OK,0
2026-07-09 09:43:02,F2,11.2763,OK,0
2026-07-09 09:43:12,F2,11.2762,OK,0
2026-07-09 09:43:23,F2,11.2761,OK,0
2026-07-09 09:43:33,F2,11.2760,OK,0
2026-07-09 09:43:43,F2,11.2760,OK,0
2026-07-09 09:43:54,F2,11.2760,OK,0
2026-07-09 09:44:04,F2,11.2760,OK,0
2026-07-09 09:44:14,F2,11.2761,OK,0
2026-07-09 09:44:25,F2,11.2762,OK,0
2026-07-09 09:44:35,F2,11.2764,OK,1
2026-07-09 09:44:45,F2,11.2766,OK,0
2026-07-09 09:44:56,F2,11.2769,OK,0
2026-07-09 09:45:06,F2,11.2772,OK,0
2026-07-09 09:45:17,F2,11.2775,OK,0
2026-07-09 09:45:27,F2,11.2779,OK,0
2026-07-09 09:45:37,F2,11.2783,OK,0
2026-07-09 09:45:48,F2,11.2788,OK,0
2026-07-09 09:45:58,F2,11.2793,OK,0
2026-07-09 09:46:08,F2,11.2799,OK,0
2026-07-09 09:46:19,F2,11.2804,OK,0
2026-07-09 09:46:29,F2,11.2810,OK,0
2026-07-09 09:46:40,F2,11.2817,OK,0
2026-07-09 09:46:50,F2,11.2824,OK,0
2026-07-09 09:47:00,F2,11.2831,OK,0
2026-07-09 09:47:11,F2,11.2838,OK,0
2026-07-09 09:47:21,F2,11.2845,OK,0
2026-07-09 09:47:31,F2,11.2853,OK,0
2026-07-09 09:47:42,F2,11.2861,OK,0
2026-07-09 09:47:52,F2,11.2869,OK,0
2026-07-09 09:48:02,F2,11.2877,OK,0
2026-07-09 09:48:13,F2,11.2885,OK,0
2026-07-09 09:48:23,F2,11.2894,OK,0
2026-07-09 09:48:34,F2,11.2902,OK,0
2026-07-09 09:48:44,F2,11.2911,OK,0
2026-07-09 09:48:54,F2,11.2920,OK,0
2026-07-09 09:49:05,F2,11.2928,OK,0
2026-07-09 09:49:15,F2,11.2937,OK,0
2026-07-09 09:49:25,F2,11.2946,OK,0
2026-07-09 09:49:36,F2,11.2955,OK,0
2026-07-09 09:49:46,F2,11.2964,OK,1
2026-07-09 09:49:57,F2,11.2972,OK,0
2026-07-09 09:50:07,F2,11.2981,OK,1
2026-07-09 09:50:17,F2,11.2990,OK,0
2026-07-09 09:50:28,F2,11.2999,OK,0
2026-07-09 09:50:38,F2,11.3007,OK,0
2026-07-09 09:50:48,F2,11.3016,OK,0
2026-07-09 09:50:59,F2,11.3024,OK,0
2026-07-09 09:51:09,F2,11.3032,OK,0
2026-07-09 09:51:20,F2,11.3040,OK,0
2026-07-09 09:51:30,F2,11.3048,OK,1
2026-07-09 09:51:40,F2,11.3056,Bajo rango,1
2026-07-09 09:51:51,F2,11.3063,Bajo rango,1
2026-07-09 09:52:01,F2,11.3071,OK,1
2026-07-09 09:52:11,F2,11.3078,OK,1
2026-07-09 09:52:22,F2,11.3085,Bajo rango,0
2026-07-09 09:52:32,F2,11.3091,OK,0
2026-07-09 09:52:42,F2,11.3097,OK,0
2026-07-09 09:52:53,F2,11.3103,OK,0
2026-07-09 09:53:03,F2,11.3109,OK,0
2026-07-09 09:53:14,F2,11.3115,OK,0
2026-07-09 09:53:24,F2,11.3121,OK,0
2026-07-09 09:53:34,F2,11.3127,OK,0
2026-07-09 09:53:45,F2,11.3133,OK,0
2026-07-09 09:53:55,F2,11.3139,OK,0
2026-07-09 09:54:05,F2,11.3145,OK,0
2026-07-09 09:54:16,F2,11.3151,OK,0
2026-07-09 09:54:26,F2,11.3157,OK,0
2026-07-09 09:54:37,F2,11.3164,OK,0
2026-07-09 09:54:47,F2,11.3170,OK,0
2026-07-09 09:54:57,F2,11.3177,OK,0
2026-07-09 09:55:08,F2,11.3185,OK,0
2026-07-09 09:55:18,F2,11.3192,OK,0
2026-07-09 09:55:28,F2,11.3200,OK,0
2026-07-09 09:55:39,F2,11.3208,OK,0
2026-07-09 09:55:49,F2,11.3216,OK,0
2026-07-09 09:56:00,F2,11.3225,OK,0
2026-07-09 09:56:10,F2,11.3234,OK,0
2026-07-09 09:56:20,F2,11.3244,OK,0
2026-07-09 09:56:31,F2,11.3253,OK,0
2026-07-09 09:56:41,F2,11.3264,OK,0
2026-07-09 09:56:51,F2,11.3274,OK,0
2026-07-09 09:57:02,F2,11.3285,OK,0
2026-07-09 09:57:12,F2,11.3297,OK,0
2026-07-09 09:57:22,F2,11.3309,OK,0
2026-07-09 09:57:33,F2,11.3321,OK,0
2026-07-09 09:57:43,F2,11.3334,OK,0
2026-07-09 09:57:53,F2,11.3348,OK,0
2026-07-09 09:58:04,F2,11.3361,OK,0
2026-07-09 09:58:14,F2,11.3376,OK,0
2026-07-09 09:58:25,F2,11.3390,OK,1
2026-07-09 09:58:35,F2,11.3405,OK,1
2026-07-09 09:58:45,F2,11.3421,OK,1
2026-07-09 09:58:56,F2,11.3437,OK,1
2026-07-09 09:59:06,F2,11.3454,OK,0
2026-07-09 09:59:16,F2,11.3471,OK,0
2026-07-09 09:59:27,F2,11.3489,OK,0
2026-07-09 09:59:37,F2,11.3507,OK,0
2026-07-09 09:59:48,F2,11.3525,OK,0
2026-07-09 09:59:58,F2,11.3544,OK,0
2026-07-09 10:00:08,F2,11.3563,OK,0
2026-07-09 10:00:19,F2,11.3582,OK,0
2026-07-09 10:00:29,F2,11.3602,OK,0
2026-07-09 10:00:39,F2,11.3622,OK,0
2026-07-09 10:00:50,F2,11.3642,OK,0
2026-07-09 10:01:00,F2,11.3663,OK,0
2026-07-09 10:01:11,F2,11.3683,OK,0
2026-07-09 10:01:21,F2,11.3704,OK,0
2026-07-09 10:01:31,F2,11.3724,OK,0
2026-07-09 10:01:42,F2,11.3745,OK,0
2026-07-09 10:01:52,F2,11.3766,OK,0
2026-07-09 10:02:02,F2,11.3787,OK,0
2026-07-09 10:02:13,F2,11.3808,OK,0
2026-07-09 10:02:23,F2,11.3829,OK,1
2026-07-09 10:02:33,F2,11.3849,OK,0
2026-07-09 10:02:44,F2,11.3870,OK,0
2026-07-09 10:02:54,F2,11.3891,OK,0
2026-07-09 10:03:04,F2,11.3912,OK,0
2026-07-09 10:03:15,F2,11.3932,OK,0
2026-07-09 10:03:25,F2,11.3952,OK,0
2026-07-09 10:03:36,F2,11.3973,OK,0
2026-07-09 10:03:46,F2,11.3993,OK,0
2026-07-09 10:03:56,F2,11.4012,OK,0
2026-07-09 10:04:07,F2,11.4032,OK,0
2026-07-09 10:04:17,F2,11.4051,OK,0
2026-07-09 10:04:27,F2,11.4070,OK,0
2026-07-09 10:04:38,F2,11.4089,OK,0
2026-07-09 10:04:48,F2,11.4108,OK,0
2026-07-09 10:04:58,F2,11.4126,OK,0
2026-07-09 10:05:09,F2,11.4144,OK,0
2026-07-09 10:05:19,F2,11.4162,OK,0
2026-07-09 10:05:29,F2,11.4179,OK,0
2026-07-09 10:05:40,F2,11.4196,OK,0
2026-07-09 10:05:50,F2,11.4213,OK,0
2026-07-09 10:06:01,F2,11.4229,OK,0
2026-07-09 10:06:11,F2,11.4245,OK,0
2026-07-09 10:06:21,F2,11.4261,OK,0
2026-07-09 10:06:32,F2,11.4276,OK,0
2026-07-09 10:06:42,F2,11.4290,OK,0
2026-07-09 10:06:52,F2,11.4304,OK,0
2026-07-09 10:07:03,F2,11.4318,OK,0
2026-07-09 10:07:13,F2,11.4331,OK,0
2026-07-09 10:07:24,F2,11.4344,OK,0
2026-07-09 10:07:34,F2,11.4357,OK,0
2026-07-09 10:07:44,F2,11.4368,OK,0
2026-07-09 10:07:55,F2,11.4380,OK,0
2026-07-09 10:08:05,F2,11.4391,OK,0
2026-07-09 10:08:15,F2,11.4401,OK,0
2026-07-09 10:08:26,F2,11.4410,OK,0
2026-07-09 10:08:36,F2,11.4420,OK,1
2026-07-09 10:08:47,F2,11.4428,OK,1
2026-07-09 10:08:57,F2,11.4436,OK,1
2026-07-09 10:09:07,F2,11.4443,OK,1
2026-07-09 10:09:18,F2,11.4450,OK,1
2026-07-09 10:09:28,F2,11.4456,OK,0
2026-07-09 10:09:38,F2,11.4462,OK,0
2026-07-09 10:09:49,F2,11.4467,OK,0
2026-07-09 10:09:59,F2,11.4471,OK,0
2026-07-09 10:10:09,F2,11.4475,OK,0
2026-07-09 10:10:20,F2,11.4478,OK,0
2026-07-09 10:10:30,F2,11.4481,OK,0
2026-07-09 10:10:41,F2,11.4484,OK,0
2026-07-09 10:10:51,F2,11.4486,OK,0
2026-07-09 10:11:01,F2,11.4488,OK,0
2026-07-09 10:11:12,F2,11.4489,OK,0
2026-07-09 10:11:22,F2,11.4491,OK,0
2026-07-09 10:11:32,F2,11.4491,OK,0
2026-07-09 10:11:43,F2,11.4492,OK,0
2026-07-09 10:11:53,F2,11.4492,OK,0
2026-07-09 10:12:03,F2,11.4492,OK,0
2026-07-09 10:12:14,F2,11.4492,OK,0
2026-07-09 10:12:24,F2,11.4491,OK,0
2026-07-09 10:12:35,F2,11.4490,OK,0
2026-07-09 10:12:45,F2,11.4489,OK,0
2026-07-09 10:12:55,F2,11.4488,OK,0
2026-07-09 10:13:06,F2,11.4487,OK,0
2026-07-09 10:13:21,F2,11.4485,OK,0
2026-07-09 10:13:31,F2,11.4484,OK,0
2026-07-09 10:13:42,F2,11.4482,OK,0
2026-07-09 10:13:52,F2,11.4480,OK,0
2026-07-09 10:14:02,F2,11.4478,OK,0
2026-07-09 10:14:13,F2,11.4476,OK,0
2026-07-09 10:14:23,F2,11.4474,OK,0
2026-07-09 10:14:33,F2,11.4472,OK,0
2026-07-09 10:14:44,F2,11.4470,OK,0
2026-07-09 10:14:54,F2,11.4468,OK,0
2026-07-09 10:15:05,F2,11.4465,OK,0
2026-07-09 10:15:15,F2,11.4463,OK,0
2026-07-09 10:15:25,F2,11.4460,OK,0
2026-07-09 10:15:36,F2,11.4458,OK,0
2026-07-09 10:15:46,F2,11.4455,OK,0
2026-07-09 10:15:57,F2,11.4452,OK,0
2026-07-09 10:16:07,F2,11.4449,OK,0
2026-07-09 10:16:17,F2,11.4446,OK,0
2026-07-09 10:16:28,F2,11.4443,OK,0
2026-07-09 10:16:38,F2,11.4439,OK,0
2026-07-09 10:16:48,F2,11.4435,OK,0
2026-07-09 10:16:59,F2,11.4431,OK,0
2026-07-09 10:17:09,F2,11.4427,OK,0
2026-07-09 10:17:20,F2,11.4423,OK,0
2026-07-09 10:17:30,F2,11.4418,OK,0
2026-07-09 10:17:40,F2,11.4413,OK,0
2026-07-09 10:17:51,F2,11.4407,OK,0
2026-07-09 10:18:01,F2,11.4401,OK,0
2026-07-09 10:18:12,F2,11.4395,OK,0
2026-07-09 10:18:22,F2,11.4389,OK,0
2026-07-09 10:18:32,F2,11.4382,OK,0
2026-07-09 10:18:43,F2,11.4375,OK,0
2026-07-09 10:18:53,F2,11.4367,OK,0
2026-07-09 10:19:03,F2,11.4359,OK,0
2026-07-09 10:19:14,F2,11.4350,OK,0
2026-07-09 10:19:24,F2,11.4342,OK,0
2026-07-09 10:19:35,F2,11.4332,OK,0
2026-07-09 10:19:45,F2,11.4323,OK,0
2026-07-09 10:19:55,F2,11.4312,OK,0
2026-07-09 10:20:06,F2,11.4302,OK,0
2026-07-09 10:20:16,F2,11.4291,OK,0
2026-07-09 10:20:26,F2,11.4279,OK,0
2026-07-09 10:20:37,F2,11.4267,OK,0
2026-07-09 10:20:47,F2,11.4255,OK,0
2026-07-09 10:20:58,F2,11.4242,OK,0
2026-07-09 10:21:08,F2,11.4228,OK,0
2026-07-09 10:21:18,F2,11.4214,OK,0
2026-07-09 10:21:29,F2,11.4199,OK,0
2026-07-09 10:21:39,F2,11.4184,OK,0
2026-07-09 10:21:49,F2,11.4169,OK,0
2026-07-09 10:22:00,F2,11.4153,OK,0
2026-07-09 10:22:10,F2,11.4136,OK,0
2026-07-09 10:22:20,F2,11.4119,OK,0
2026-07-09 10:22:31,F2,11.4101,OK,0
2026-07-09 10:22:41,F2,11.4082,OK,0
2026-07-09 10:22:51,F2,11.4063,OK,0
2026-07-09 10:23:02,F2,11.4044,OK,0
2026-07-09 10:23:12,F2,11.4024,OK,1
2026-07-09 10:23:23,F2,11.4003,OK,1
2026-07-09 10:23:33,F2,11.3982,OK,1
2026-07-09 10:23:43,F2,11.3960,OK,1
2026-07-09 10:23:54,F2,11.3937,OK,1
2026-07-09 10:24:04,F2,11.3914,OK,1
2026-07-09 10:24:15,F2,11.3891,OK,0
2026-07-09 10:24:25,F2,11.3866,OK,0
2026-07-09 10:24:35,F2,11.3841,OK,0
2026-07-09 10:24:46,F2,11.3816,OK,0
2026-07-09 10:24:56,F2,11.3790,OK,0
2026-07-09 10:25:07,F2,11.3764,OK,0
2026-07-09 10:25:17,F2,11.3738,OK,0
2026-07-09 10:25:27,F2,11.3711,OK,0
2026-07-09 10:25:38,F2,11.3684,OK,0
2026-07-09 10:25:48,F2,11.3656,OK,0
2026-07-09 10:25:58,F2,11.3629,OK,0
2026-07-09 10:26:09,F2,11.3601,OK,0
2026-07-09 10:26:19,F2,11.3573,OK,0
2026-07-09 10:26:29,F2,11.3544,OK,0
2026-07-09 10:26:40,F2,11.3516,OK,0
2026-07-09 10:26:50,F2,11.3487,OK,0
2026-07-09 10:27:01,F2,11.3459,OK,0
2026-07-09 10:27:11,F2,11.3430,OK,0
2026-07-09 10:27:21,F2,11.3401,OK,0
2026-07-09 10:27:32,F2,11.3372,OK,0
2026-07-09 10:27:42,F2,11.3343,OK,0
2026-07-09 10:27:52,F2,11.3314,OK,0
2026-07-09 10:28:03,F2,11.3285,OK,0
2026-07-09 10:28:13,F2,11.3256,OK,0
2026-07-09 10:28:24,F2,11.3227,OK,1
2026-07-09 10:28:34,F2,11.3199,OK,1
2026-07-09 10:28:44,F2,11.3170,OK,0
2026-07-09 10:28:55,F2,11.3141,OK,1
2026-07-09 10:29:05,F2,11.3113,OK,0
2026-07-09 10:29:15,F2,11.3084,OK,0
2026-07-09 10:29:26,F2,11.3056,OK,0
2026-07-09 10:29:36,F2,11.3027,OK,0
2026-07-09 10:29:46,F2,11.2999,OK,0
2026-07-09 10:29:57,F2,11.2971,OK,0
2026-07-09 10:30:07,F2,11.2943,OK,0
2026-07-09 10:30:18,F2,11.2915,OK,0
2026-07-09 10:30:28,F2,11.2887,OK,0
2026-07-09 10:30:38,F2,11.2859,OK,0
2026-07-09 10:30:49,F2,11.2830,OK,0
2026-07-09 10:30:59,F2,11.2802,OK,0
2026-07-09 10:31:09,F2,11.2774,OK,0
2026-07-09 10:31:20,F2,11.2745,OK,0
2026-07-09 10:31:30,F2,11.2717,OK,0
2026-07-09 10:31:41,F2,11.2688,OK,0
2026-07-09 10:31:51,F2,11.2659,OK,0
2026-07-09 10:32:01,F2,11.2630,OK,0
2026-07-09 10:32:12,F2,11.2601,OK,0
2026-07-09 10:32:22,F2,11.2571,OK,0
2026-07-09 10:32:32,F2,11.2542,OK,1
2026-07-09 10:32:43,F2,11.2512,OK,1
2026-07-09 10:32:53,F2,11.2482,OK,1
2026-07-09 10:33:04,F2,11.2451,OK,0
2026-07-09 10:33:14,F2,11.2421,OK,0
2026-07-09 10:33:24,F2,11.2390,OK,0
2026-07-09 10:33:35,F2,11.2359,OK,0
2026-07-09 10:33:45,F2,11.2328,OK,0
2026-07-09 10:33:55,F2,11.2296,OK,0
2026-07-09 10:34:06,F2,11.2264,OK,0
2026-07-09 10:34:16,F2,11.2232,OK,0
2026-07-09 10:34:26,F2,11.2199,OK,0
2026-07-09 10:34:37,F2,11.2166,OK,0
2026-07-09 10:34:47,F2,11.2133,OK,0
2026-07-09 10:34:58,F2,11.2100,OK,0
2026-07-09 10:35:08,F2,11.2066,OK,0
2026-07-09 10:35:18,F2,11.2032,OK,0
2026-07-09 10:35:29,F2,11.1997,OK,0
2026-07-09 10:35:39,F2,11.1963,OK,0
2026-07-09 10:35:50,F2,11.1927,OK,0
2026-07-09 10:36:00,F2,11.1892,OK,0
2026-07-09 10:36:10,F2,11.1856,OK,0
2026-07-09 10:36:21,F2,11.1820,OK,0
2026-07-09 10:36:31,F2,11.1783,OK,0
2026-07-09 10:36:41,F2,11.1747,OK,0
2026-07-09 10:36:52,F2,11.1709,OK,0
2026-07-09 10:37:02,F2,11.1672,OK,0
2026-07-09 10:37:12,F2,11.1634,OK,0
2026-07-09 10:37:23,F2,11.1595,OK,0
2026-07-09 10:37:33,F2,11.1557,OK,0
2026-07-09 10:37:44,F2,11.1518,OK,0
2026-07-09 10:37:54,F2,11.1478,OK,0
2026-07-09 10:38:04,F2,11.1438,OK,0
2026-07-09 10:38:15,F2,11.1398,OK,0
2026-07-09 10:38:25,F2,11.1358,OK,0
2026-07-09 10:38:36,F2,11.1317,OK,0
2026-07-09 10:38:46,F2,11.1276,OK,0
2026-07-09 10:38:56,F2,11.1234,OK,1
2026-07-09 10:39:07,F2,11.1192,OK,1
2026-07-09 10:39:17,F2,11.1150,OK,1
2026-07-09 10:39:27,F2,11.1107,OK,1
2026-07-09 10:39:38,F2,11.1065,OK,1
2026-07-09 10:39:48,F2,11.1021,OK,0
2026-07-09 10:39:59,F2,11.0978,OK,0
2026-07-09 10:40:09,F2,11.0934,OK,0
2026-07-09 10:40:19,F2,11.0890,OK,0
2026-07-09 10:40:30,F2,11.0846,OK,0
2026-07-09 10:40:40,F2,11.0802,OK,0
2026-07-09 10:40:50,F2,11.0758,OK,0
2026-07-09 10:41:01,F2,11.0713,OK,0
2026-07-09 10:41:11,F2,11.0669,OK,0
2026-07-09 10:41:22,F2,11.0624,OK,0
2026-07-09 10:41:32,F2,11.0580,OK,0
2026-07-09 10:41:42,F2,11.0536,OK,0
2026-07-09 10:41:53,F2,11.0492,OK,0
2026-07-09 10:42:03,F2,11.0447,OK,0
2026-07-09 10:42:13,F2,11.0403,OK,0
2026-07-09 10:42:24,F2,11.0360,OK,0
2026-07-09 10:42:34,F2,11.0316,OK,0
2026-07-09 10:42:45,F2,11.0272,OK,0
2026-07-09 10:42:55,F2,11.0229,OK,0
2026-07-09 10:43:05,F2,11.0185,OK,0
2026-07-09 10:43:16,F2,11.0142,OK,0
2026-07-09 10:43:26,F2,11.0099,OK,0
2026-07-09 10:43:36,F2,11.0057,OK,0
2026-07-09 10:43:47,F2,11.0014,OK,0
2026-07-09 10:43:57,F2,10.9972,OK,0
2026-07-09 10:44:07,F2,10.9930,OK,0
2026-07-09 10:44:18,F2,10.9888,OK,0
2026-07-09 10:44:28,F2,10.9847,OK,0
2026-07-09 10:44:39,F2,10.9806,OK,0
2026-07-09 10:44:49,F2,10.9765,OK,0
2026-07-09 10:44:59,F2,10.9725,OK,0
2026-07-09 10:45:10,F2,10.9685,OK,0
2026-07-09 10:45:20,F2,10.9645,OK,0
2026-07-09 10:45:31,F2,10.9606,OK,0
2026-07-09 10:45:41,F2,10.9567,OK,0
2026-07-09 10:45:51,F2,10.9529,OK,0
2026-07-09 10:46:02,F2,10.9491,OK,0
2026-07-09 10:46:12,F2,10.9454,OK,1
2026-07-09 10:46:22,F2,10.9417,OK,1
2026-07-09 10:46:33,F2,10.9381,OK,0
2026-07-09 10:46:43,F2,10.9345,OK,0
2026-07-09 10:46:54,F2,10.9310,OK,0
2026-07-09 10:47:04,F2,10.9275,OK,0
2026-07-09 10:47:14,F2,10.9241,OK,0
2026-07-09 10:47:25,F2,10.9207,OK,0
2026-07-09 10:47:35,F2,10.9173,OK,0
2026-07-09 10:47:45,F2,10.9140,OK,0
2026-07-09 10:47:56,F2,10.9108,OK,0
2026-07-09 10:48:06,F2,10.9076,OK,0
2026-07-09 10:48:17,F2,10.9044,OK,0
2026-07-09 10:48:27,F2,10.9013,OK,0
2026-07-09 10:48:37,F2,10.8982,OK,0
2026-07-09 10:48:48,F2,10.8951,OK,0
2026-07-09 10:48:58,F2,10.8920,OK,0
2026-07-09 10:49:08,F2,10.8890,OK,0
2026-07-09 10:49:19,F2,10.8860,OK,0
2026-07-09 10:49:29,F2,10.8830,OK,0
2026-07-09 10:49:40,F2,10.8801,OK,0
2026-07-09 10:49:50,F2,10.8772,OK,0
2026-07-09 10:50:00,F2,10.8743,OK,0
2026-07-09 10:50:11,F2,10.8714,OK,0
2026-07-09 10:50:21,F2,10.8685,OK,0
2026-07-09 10:50:31,F2,10.8656,OK,0
2026-07-09 10:50:42,F2,10.8627,OK,0
2026-07-09 10:50:52,F2,10.8599,OK,0
2026-07-09 10:51:03,F2,10.8571,OK,0
2026-07-09 10:51:13,F2,10.8542,OK,0
2026-07-09 10:51:23,F2,10.8514,OK,1
2026-07-09 10:51:34,F2,10.8486,OK,0
2026-07-09 10:51:44,F2,10.8457,OK,0
2026-07-09 10:51:54,F2,10.8429,OK,0
2026-07-09 10:52:05,F2,10.8401,OK,0
2026-07-09 10:52:15,F2,10.8372,OK,0
2026-07-09 10:52:25,F2,10.8344,OK,0
2026-07-09 10:52:36,F2,10.8315,OK,1
2026-07-09 10:52:46,F2,10.8287,Bajo rango,1
2026-07-09 10:52:57,F2,10.8258,Bajo rango,1
2026-07-09 10:53:07,F2,10.8230,Bajo rango,1
2026-07-09 10:53:17,F2,10.8201,Bajo rango,1
2026-07-09 10:53:28,F2,10.8172,Bajo rango,0
2026-07-09 10:53:38,F2,10.8142,Bajo rango,0
2026-07-09 10:53:49,F2,10.8113,Bajo rango,0
2026-07-09 10:53:59,F2,10.8083,OK,1
2026-07-09 10:54:10,F2,10.8053,OK,1
2026-07-09 10:54:20,F2,10.8023,OK,1
2026-07-09 10:54:31,F2,10.7992,OK,1
2026-07-09 10:54:41,F2,10.7961,OK,1
2026-07-09 10:54:51,F2,10.7929,OK,1
2026-07-09 10:55:02,F2,10.7896,OK,0
2026-07-09 10:55:12,F2,10.7863,OK,0
2026-07-09 10:55:22,F2,10.7830,OK,0
2026-07-09 10:55:33,F2,10.7795,OK,0
2026-07-09 10:55:43,F2,10.7760,OK,0
2026-07-09 10:55:54,F2,10.7725,OK,0
2026-07-09 10:56:04,F2,10.7688,OK,0
2026-07-09 10:56:14,F2,10.7651,OK,0
2026-07-09 10:56:25,F2,10.7614,OK,0
2026-07-09 10:56:35,F2,10.7575,OK,0
2026-07-09 10:56:45,F2,10.7536,OK,0
2026-07-09 10:56:56,F2,10.7496,OK,0
2026-07-09 10:57:06,F2,10.7455,OK,0
2026-07-09 10:57:17,F2,10.7413,OK,0
2026-07-09 10:57:27,F2,10.7371,OK,0
2026-07-09 10:57:37,F2,10.7327,OK,0
2026-07-09 10:57:48,F2,10.7283,OK,0
2026-07-09 10:57:58,F2,10.7238,OK,0
2026-07-09 10:58:08,F2,10.7192,OK,0
2026-07-09 10:58:19,F2,10.7145,OK,0
2026-07-09 10:58:29,F2,10.7097,OK,0
2026-07-09 10:58:40,F2,10.7048,OK,0
2026-07-09 10:58:50,F2,10.6998,OK,0
2026-07-09 10:59:00,F2,10.6947,OK,0
2026-07-09 10:59:11,F2,10.6896,OK,0
2026-07-09 10:59:21,F2,10.6843,OK,0
2026-07-09 10:59:31,F2,10.6789,OK,0
2026-07-09 10:59:42,F2,10.6734,OK,0
2026-07-09 10:59:52,F2,10.6678,OK,0
2026-07-09 11:00:03,F2,10.6622,OK,1
2026-07-09 11:00:13,F2,10.6564,OK,1
2026-07-09 11:00:23,F2,10.6505,OK,0
2026-07-09 11:00:34,F2,10.6445,Bajo rango,0
2026-07-09 11:00:44,F2,10.6384,Bajo rango,0
2026-07-09 11:00:54,F2,10.6321,Bajo rango,0
2026-07-09 11:01:05,F2,10.6258,Bajo rango,0
2026-07-09 11:01:15,F2,10.6193,Bajo rango,0
2026-07-09 11:01:26,F2,10.6127,Bajo rango,0
2026-07-09 11:01:36,F2,10.6060,Bajo rango,0
2026-07-09 11:01:46,F2,10.5991,Bajo rango,0
2026-07-09 11:01:57,F2,10.5921,Bajo rango,0
2026-07-09 11:02:07,F2,10.5850,Bajo rango,0
2026-07-09 11:02:17,F2,10.5777,Bajo rango,0
2026-07-09 11:02:28,F2,10.5703,Bajo rango,0
2026-07-09 11:02:38,F2,10.5628,Bajo rango,0
2026-07-09 11:02:48,F2,10.5551,Bajo rango,0
2026-07-09 11:02:59,F2,10.5472,Bajo rango,0
2026-07-09 11:03:09,F2,10.5392,Bajo rango,0
2026-07-09 11:03:20,F2,10.5310,Bajo rango,0
2026-07-09 11:03:30,F2,10.5227,Bajo rango,0
2026-07-09 11:03:40,F2,10.5142,Bajo rango,0
2026-07-09 11:03:51,F2,10.5056,Bajo rango,0
2026-07-09 11:04:01,F2,10.4968,Bajo rango,0
2026-07-09 11:04:11,F2,10.4878,Bajo rango,0
2026-07-09 11:04:22,F2,10.4787,Bajo rango,0
2026-07-09 11:04:32,F2,10.4694,Bajo rango,0
2026-07-09 11:04:43,F2,10.4599,Bajo rango,0
2026-07-09 11:04:53,F2,10.4502,Bajo rango,0
2026-07-09 11:05:03,F2,10.4404,Bajo rango,0
2026-07-09 11:05:14,F2,10.4304,Bajo rango,0
2026-07-09 11:05:24,F2,10.4202,Bajo rango,0
2026-07-09 11:05:34,F2,10.4098,Bajo rango,0
2026-07-09 11:05:45,F2,10.3992,Bajo rango,0
2026-07-09 11:05:55,F2,10.3885,Bajo rango,0
2026-07-09 11:06:06,F2,10.3775,Bajo rango,0
2026-07-09 11:06:16,F2,10.3664,Bajo rango,0
2026-07-09 11:06:26,F2,10.3551,Bajo rango,0
2026-07-09 11:06:37,F2,10.3436,Bajo rango,0
2026-07-09 11:06:47,F2,10.3319,Bajo rango,0
2026-07-09 11:06:57,F2,10.3201,Bajo rango,0
2026-07-09 11:07:08,F2,10.3080,Bajo rango,0
2026-07-09 11:07:18,F2,10.2957,Bajo rango,0
2026-07-09 11:07:29,F2,10.2833,Bajo rango,0
2026-07-09 11:07:39,F2,10.2706,Bajo rango,0
2026-07-09 11:07:49,F2,10.2578,Bajo rango,0
2026-07-09 11:08:00,F2,10.2447,Bajo rango,0
2026-07-09 11:08:10,F2,10.2315,Bajo rango,0
2026-07-09 11:08:20,F2,10.2180,OK,1
2026-07-09 11:08:31,F2,10.2044,OK,1
2026-07-09 11:08:41,F2,10.1905,OK,1
2026-07-09 11:08:51,F2,10.1765,OK,1
2026-07-09 11:09:02,F2,10.1622,OK,1
2026-07-09 11:09:12,F2,10.1477,OK,1
2026-07-09 11:09:23,F2,10.1331,OK,0
2026-07-09 11:09:33,F2,10.1182,OK,0
2026-07-09 11:09:43,F2,10.1032,OK,0
2026-07-09 11:09:54,F2,10.0879,OK,0
2026-07-09 11:10:04,F2,10.0725,OK,0
2026-07-09 11:10:14,F2,10.0568,OK,0
2026-07-09 11:10:25,F2,10.0410,OK,0
2026-07-09 11:10:35,F2,10.0250,OK,0
2026-07-09 11:10:46,F2,10.0088,OK,0
2026-07-09 11:10:56,F2,9.9924,OK,0
2026-07-09 11:11:07,F2,9.9758,OK,0
2026-07-09 11:11:17,F2,9.9591,OK,0
2026-07-09 11:11:27,F2,9.9422,OK,0
2026-07-09 11:11:38,F2,9.9251,OK,0
2026-07-09 11:11:48,F2,9.9079,OK,0
2026-07-09 11:11:58,F2,9.8904,OK,0
2026-07-09 11:12:09,F2,9.8729,OK,0
2026-07-09 11:12:19,F2,9.8551,OK,0
2026-07-09 11:12:29,F2,9.8372,OK,0
2026-07-09 11:12:40,F2,9.8192,OK,0
2026-07-09 11:12:50,F2,9.8009,OK,0
2026-07-09 11:13:01,F2,9.7826,OK,0
2026-07-09 11:13:11,F2,9.7641,OK,0
2026-07-09 11:13:21,F2,9.7454,OK,0
2026-07-09 11:13:32,F2,9.7266,OK,0
2026-07-09 11:13:42,F2,9.7076,OK,0
2026-07-09 11:13:52,F2,9.6885,OK,0
2026-07-09 11:14:03,F2,9.6693,OK,0
2026-07-09 11:14:13,F2,9.6499,OK,0
2026-07-09 11:14:24,F2,9.6304,OK,0
2026-07-09 11:14:34,F2,9.6108,OK,0
2026-07-09 11:14:44,F2,9.5910,OK,0
2026-07-09 11:14:55,F2,9.5711,OK,0
2026-07-09 11:15:05,F2,9.5511,OK,0
2026-07-09 11:15:15,F2,9.5309,Bajo rango,0
2026-07-09 11:15:26,F2,9.5106,Bajo rango,0
2026-07-09 11:15:36,F2,9.4901,Bajo rango,0
2026-07-09 11:15:47,F2,9.4695,Bajo rango,0
2026-07-09 11:15:57,F2,9.4488,Bajo rango,0
2026-07-09 11:16:07,F2,9.4280,Bajo rango,0
2026-07-09 11:16:18,F2,9.4070,Bajo rango,0
2026-07-09 11:16:28,F2,9.3858,Bajo rango,0
2026-07-09 11:16:38,F2,9.3646,Bajo rango,0
2026-07-09 11:16:49,F2,9.3431,Bajo rango,0
2026-07-09 11:16:59,F2,9.3216,Bajo rango,0
2026-07-09 11:17:09,F2,9.2999,Bajo rango,0
2026-07-09 11:17:20,F2,9.2781,Bajo rango,0
2026-07-09 11:17:30,F2,9.2561,Bajo rango,0
2026-07-09 11:17:41,F2,9.2340,Bajo rango,0
2026-07-09 11:17:51,F2,9.2118,Bajo rango,0
2026-07-09 11:18:01,F2,9.1894,Bajo rango,0
2026-07-09 11:18:12,F2,9.1669,Bajo rango,0
2026-07-09 11:18:22,F2,9.1443,Bajo rango,0
2026-07-09 11:18:32,F2,9.1215,Bajo rango,0
2026-07-09 11:18:43,F2,9.0986,Bajo rango,0
2026-07-09 11:18:53,F2,9.0755,Bajo rango,0
2026-07-09 11:19:04,F2,9.0523,Bajo rango,0
2026-07-09 11:19:14,F2,9.0290,Bajo rango,0
2026-07-09 11:19:24,F2,9.0055,Bajo rango,0
2026-07-09 11:19:35,F2,8.9819,Bajo rango,0
2026-07-09 11:19:45,F2,8.9581,Bajo rango,0
2026-07-09 11:19:55,F2,8.9343,Bajo rango,0
2026-07-09 11:20:06,F2,8.9102,Bajo rango,0
2026-07-09 11:20:16,F2,8.8861,Bajo rango,0
2026-07-09 11:20:26,F2,8.8618,Bajo rango,0
2026-07-09 11:20:37,F2,8.8374,Bajo rango,0
2026-07-09 11:20:47,F2,8.8128,Bajo rango,0
2026-07-09 11:20:58,F2,8.7882,Bajo rango,0
2026-07-09 11:21:08,F2,8.7633,Bajo rango,0
2026-07-09 11:21:18,F2,8.7384,Bajo rango,0
2026-07-09 11:21:29,F2,8.7133,Bajo rango,0
2026-07-09 11:21:39,F2,8.6881,Bajo rango,0
2026-07-09 11:21:50,F2,8.6628,Bajo rango,0
2026-07-09 11:22:00,F2,8.6373,Bajo rango,0
2026-07-09 11:22:10,F2,8.6117,Bajo rango,0
2026-07-09 11:22:21,F2,8.5860,Bajo rango,0
2026-07-09 11:22:31,F2,8.5601,Bajo rango,0
2026-07-09 11:22:41,F2,8.5342,OK,1
2026-07-09 11:22:52,F2,8.5081,OK,1
2026-07-09 11:23:02,F2,8.4818,OK,1
2026-07-09 11:23:12,F2,8.4555,OK,1
2026-07-09 11:23:23,F2,8.4290,OK,1
2026-07-09 11:23:33,F2,8.4024,OK,1
2026-07-09 11:23:46,F2,8.3757,OK,0
2026-07-09 11:23:56,F2,8.3489,OK,0
2026-07-09 11:24:06,F2,8.3219,OK,0
2026-07-09 11:24:17,F2,8.2948,OK,0
2026-07-09 11:24:27,F2,8.2677,OK,0
2026-07-09 11:24:38,F2,8.2404,OK,0
2026-07-09 11:24:48,F2,8.2131,OK,0
2026-07-09 11:24:58,F2,8.1856,OK,0
2026-07-09 11:25:09,F2,8.1581,OK,0
2026-07-09 11:25:19,F2,8.1305,OK,0
2026-07-09 11:25:29,F2,8.1028,OK,0
2026-07-09 11:25:40,F2,8.0750,OK,0
2026-07-09 11:25:50,F2,8.0471,OK,0
2026-07-09 11:26:01,F2,8.0192,OK,0
2026-07-09 11:26:12,F2,7.9912,OK,0
2026-07-09 11:26:23,F2,7.9631,OK,0
2026-07-09 11:26:33,F2,7.9349,OK,0
2026-07-09 11:26:44,F2,7.9067,OK,0
2026-07-09 11:26:54,F2,7.8785,OK,0
2026-07-09 11:27:04,F2,7.8501,OK,0
2026-07-09 11:27:15,F2,7.8217,OK,0
2026-07-09 11:27:25,F2,7.7933,OK,0
2026-07-09 11:27:35,F2,7.7648,OK,0
2026-07-09 11:27:46,F2,7.7363,OK,0
2026-07-09 11:27:56,F2,7.7077,OK,0
2026-07-09 11:28:07,F2,7.6791,OK,0
2026-07-09 11:28:17,F2,7.6504,OK,0
2026-07-09 11:28:27,F2,7.6217,OK,0
2026-07-09 11:28:38,F2,7.5930,OK,0
2026-07-09 11:28:48,F2,7.5642,OK,1
2026-07-09 11:28:58,F2,7.5354,OK,0
2026-07-09 11:29:09,F2,7.5065,OK,1
2026-07-09 11:29:19,F2,7.4777,OK,1
2026-07-09 11:29:30,F2,7.4488,OK,0
2026-07-09 11:29:40,F2,7.4198,OK,0
2026-07-09 11:29:50,F2,7.3909,Bajo rango,0
2026-07-09 11:30:01,F2,7.3619,Bajo rango,0
2026-07-09 11:30:11,F2,7.3329,Bajo rango,0
2026-07-09 11:30:21,F2,7.3039,Bajo rango,0
2026-07-09 11:30:32,F2,7.2749,Bajo rango,0
2026-07-09 11:30:42,F2,7.2458,Bajo rango,0
2026-07-09 11:30:52,F2,7.2168,Bajo rango,0
2026-07-09 11:31:03,F2,7.1877,Bajo rango,0
2026-07-09 11:31:13,F2,7.1585,Bajo rango,0
2026-07-09 11:31:24,F2,7.1294,Bajo rango,0
2026-07-09 11:31:34,F2,7.1002,Bajo rango,0
2026-07-09 11:31:44,F2,7.0710,Bajo rango,0
2026-07-09 11:31:55,F2,7.0418,Bajo rango,0
2026-07-09 11:32:05,F2,7.0126,Bajo rango,0
2026-07-09 11:32:15,F2,6.9833,Bajo rango,0
2026-07-09 11:32:26,F2,6.9540,Bajo rango,0
2026-07-09 11:32:36,F2,6.9247,Bajo rango,0
2026-07-09 11:32:47,F2,6.8954,Bajo rango,0
2026-07-09 11:32:57,F2,6.8661,Bajo rango,0
2026-07-09 11:33:07,F2,6.8367,Bajo rango,0
2026-07-09 11:33:18,F2,6.8074,Bajo rango,0
2026-07-09 11:33:28,F2,6.7780,Bajo rango,0
2026-07-09 11:33:39,F2,6.7486,Bajo rango,0
2026-07-09 11:33:49,F2,6.7191,Bajo rango,0
2026-07-09 11:33:59,F2,6.6897,Bajo rango,0
2026-07-09 11:34:10,F2,6.6602,Bajo rango,0
2026-07-09 11:34:20,F2,6.6308,Bajo rango,0
2026-07-09 11:34:30,F2,6.6013,Bajo rango,0
2026-07-09 11:34:41,F2,6.5718,Bajo rango,0
2026-07-09 11:34:51,F2,6.5423,Bajo rango,0
2026-07-09 11:35:02,F2,6.5128,Bajo rango,0
2026-07-09 11:35:12,F2,6.4832,Bajo rango,0
2026-07-09 11:35:22,F2,6.4537,Bajo rango,0
2026-07-09 11:35:33,F2,6.4241,Bajo rango,0
2026-07-09 11:35:43,F2,6.3945,Bajo rango,0
2026-07-09 11:35:53,F2,6.3649,Bajo rango,0
2026-07-09 11:36:04,F2,6.3353,Bajo rango,0
2026-07-09 11:36:14,F2,6.3057,Bajo rango,0
2026-07-09 11:36:25,F2,6.2761,OK,0
2026-07-09 11:36:35,F2,6.2465,OK,0
2026-07-09 11:36:45,F2,6.2169,OK,1
2026-07-09 11:36:56,F2,6.1872,OK,1
2026-07-09 11:37:06,F2,6.1576,OK,1
2026-07-09 11:37:17,F2,6.1279,OK,1
2026-07-09 11:37:27,F2,6.0983,OK,1
2026-07-09 11:37:38,F2,6.0686,OK,0
2026-07-09 11:37:48,F2,6.0390,OK,0
2026-07-09 11:37:58,F2,6.0093,OK,0
2026-07-09 11:38:09,F2,5.9797,OK,0
2026-07-09 11:38:19,F2,5.9500,OK,0
2026-07-09 11:38:30,F2,5.9204,OK,0
2026-07-09 11:38:40,F2,5.8908,OK,0
2026-07-09 11:38:50,F2,5.8612,OK,0
2026-07-09 11:39:01,F2,5.8317,OK,0
2026-07-09 11:39:11,F2,5.8021,OK,0
2026-07-09 11:39:21,F2,5.7726,OK,0
2026-07-09 11:39:32,F2,5.7432,OK,0
2026-07-09 11:39:42,F2,5.7138,OK,0
2026-07-09 11:39:53,F2,5.6844,OK,0
2026-07-09 11:40:03,F2,5.6551,OK,0
2026-07-09 11:40:13,F2,5.6258,OK,0
2026-07-09 11:40:24,F2,5.5965,OK,0
2026-07-09 11:40:34,F2,5.5673,OK,0
2026-07-09 11:40:44,F2,5.5382,OK,0
2026-07-09 11:40:55,F2,5.5091,OK,0
2026-07-09 11:41:05,F2,5.4800,OK,0
2026-07-09 11:41:15,F2,5.4510,OK,0
2026-07-09 11:41:26,F2,5.4221,OK,0
2026-07-09 11:41:36,F2,5.3932,OK,0
2026-07-09 11:41:46,F2,5.3644,OK,0
2026-07-09 11:41:57,F2,5.3357,OK,0
2026-07-09 11:42:07,F2,5.3070,OK,0
2026-07-09 11:42:18,F2,5.2784,OK,0
2026-07-09 11:42:28,F2,5.2499,OK,0
2026-07-09 11:42:39,F2,5.2214,OK,0
2026-07-09 11:42:49,F2,5.1931,OK,0
2026-07-09 11:42:59,F2,5.1648,OK,0
2026-07-09 11:43:10,F2,5.1365,OK,0
2026-07-09 11:43:20,F2,5.1084,OK,1
2026-07-09 11:43:30,F2,5.0804,OK,1
2026-07-09 11:43:41,F2,5.0524,OK,1
2026-07-09 11:43:51,F2,5.0245,Bajo rango,1
2026-07-09 11:44:02,F2,4.9967,Bajo rango,0
2026-07-09 11:44:12,F2,4.9690,Bajo rango,0
2026-07-09 11:44:22,F2,4.9414,Bajo rango,0
2026-07-09 11:44:33,F2,4.9139,Bajo rango,0
2026-07-09 11:44:43,F2,4.8865,Bajo rango,0
2026-07-09 11:44:53,F2,4.8592,Bajo rango,0
2026-07-09 11:45:04,F2,4.8319,Bajo rango,0
2026-07-09 11:45:14,F2,4.8048,Bajo rango,0
2026-07-09 11:45:24,F2,4.7777,Bajo rango,0
2026-07-09 11:45:35,F2,4.7507,Bajo rango,0
2026-07-09 11:45:45,F2,4.7238,Bajo rango,0
2026-07-09 11:45:56,F2,4.6970,Bajo rango,0
2026-07-09 11:46:06,F2,4.6703,Bajo rango,0
2026-07-09 11:46:16,F2,4.6436,Bajo rango,0
2026-07-09 11:46:27,F2,4.6171,Bajo rango,0
2026-07-09 11:46:37,F2,4.5906,Bajo rango,0
2026-07-09 11:46:47,F2,4.5642,Bajo rango,0
2026-07-09 11:46:58,F2,4.5379,Bajo rango,0
2026-07-09 11:47:08,F2,4.5117,Bajo rango,0
2026-07-09 11:47:19,F2,4.4855,Bajo rango,0
2026-07-09 11:47:29,F2,4.4595,Bajo rango,0
2026-07-09 11:47:39,F2,4.4335,Bajo rango,0
2026-07-09 11:47:50,F2,4.4076,Bajo rango,0
2026-07-09 11:48:00,F2,4.3818,Bajo rango,0
2026-07-09 11:48:10,F2,4.3561,Bajo rango,0
2026-07-09 11:48:21,F2,4.3304,Bajo rango,0
2026-07-09 11:48:31,F2,4.3049,Bajo rango,0
2026-07-09 11:48:42,F2,4.2794,Bajo rango,0
2026-07-09 11:48:52,F2,4.2540,Bajo rango,0
2026-07-09 11:49:02,F2,4.2286,Bajo rango,0
2026-07-09 11:49:13,F2,4.2034,Bajo rango,0
2026-07-09 11:49:23,F2,4.1782,Bajo rango,0
2026-07-09 11:49:33,F2,4.1531,Bajo rango,0
2026-07-09 11:49:44,F2,4.1281,Bajo rango,0
2026-07-09 11:49:54,F2,4.1032,Bajo rango,0
2026-07-09 11:50:05,F2,4.0783,Bajo rango,0
2026-07-09 11:50:15,F2,4.0536,Bajo rango,0
2026-07-09 11:50:25,F2,4.0289,Bajo rango,0
2026-07-09 11:50:36,F2,4.0042,OK,0
2026-07-09 11:50:46,F2,3.9797,OK,1
2026-07-09 11:50:56,F2,3.9552,OK,1
2026-07-09 11:51:07,F2,3.9308,OK,1
2026-07-09 11:51:17,F2,3.9065,OK,1
2026-07-09 11:51:28,F2,3.8823,OK,1
2026-07-09 11:51:38,F2,3.8581,OK,1
2026-07-09 11:51:48,F2,3.8340,OK,0
2026-07-09 11:51:59,F2,3.8100,OK,0
2026-07-09 11:52:09,F2,3.7861,OK,0
2026-07-09 11:52:19,F2,3.7623,OK,0
2026-07-09 11:52:30,F2,3.7385,OK,0
2026-07-09 11:52:40,F2,3.7149,OK,0
2026-07-09 11:52:51,F2,3.6913,OK,0
2026-07-09 11:53:01,F2,3.6679,OK,0
2026-07-09 11:53:11,F2,3.6445,OK,0
2026-07-09 11:53:22,F2,3.6213,OK,0
2026-07-09 11:53:32,F2,3.5982,OK,0
2026-07-09 11:53:42,F2,3.5752,OK,1
2026-07-09 11:53:53,F2,3.5523,OK,0
2026-07-09 11:54:03,F2,3.5295,OK,0
2026-07-09 11:54:14,F2,3.5069,OK,0
2026-07-09 11:54:24,F2,3.4844,OK,0
2026-07-09 11:54:34,F2,3.4620,OK,0
2026-07-09 11:54:45,F2,3.4397,OK,0
2026-07-09 11:54:55,F2,3.4176,OK,0
2026-07-09 11:55:05,F2,3.3956,OK,0
2026-07-09 11:55:16,F2,3.3738,OK,0
2026-07-09 11:55:26,F2,3.3520,OK,0
2026-07-09 11:55:37,F2,3.3304,OK,0
2026-07-09 11:55:47,F2,3.3090,OK,0
2026-07-09 11:55:57,F2,3.2877,OK,0
2026-07-09 11:56:08,F2,3.2665,OK,0
2026-07-09 11:56:18,F2,3.2455,OK,1
2026-07-09 11:56:28,F2,3.2247,OK,1
2026-07-09 11:56:39,F2,3.2040,OK,0
2026-07-09 11:56:49,F2,3.1834,OK,0
2026-07-09 11:56:59,F2,3.1630,OK,0
2026-07-09 11:57:10,F2,3.1427,OK,0
2026-07-09 11:57:20,F2,3.1226,OK,0
2026-07-09 11:57:31,F2,3.1027,OK,0
2026-07-09 11:57:41,F2,3.0829,OK,0
2026-07-09 11:57:51,F2,3.0632,OK,0
2026-07-09 11:58:02,F2,3.0437,OK,1
2026-07-09 11:58:12,F2,3.0244,OK,1
2026-07-09 11:58:22,F2,3.0052,OK,0
2026-07-09 11:58:33,F2,2.9862,Bajo rango,0
2026-07-09 11:58:43,F2,2.9673,Bajo rango,0
2026-07-09 11:58:54,F2,2.9485,Bajo rango,0
2026-07-09 11:59:04,F2,2.9299,Bajo rango,0
2026-07-09 11:59:14,F2,2.9115,Bajo rango,0
2026-07-09 11:59:25,F2,2.8932,Bajo rango,0
2026-07-09 11:59:35,F2,2.8750,Bajo rango,0
2026-07-09 11:59:45,F2,2.8570,Bajo rango,0
2026-07-09 11:59:56,F2,2.8391,Bajo rango,0
2026-07-09 12:00:06,F2,2.8214,Bajo rango,0
2026-07-09 12:00:17,F2,2.8038,Bajo rango,0
2026-07-09 12:00:27,F2,2.7863,Bajo rango,0
2026-07-09 12:00:37,F2,2.7689,Bajo rango,0
2026-07-09 12:00:48,F2,2.7517,Bajo rango,0
2026-07-09 12:00:58,F2,2.7346,Bajo rango,0
2026-07-09 12:01:08,F2,2.7177,Bajo rango,0
2026-07-09 12:01:19,F2,2.7009,Bajo rango,0
2026-07-09 12:01:29,F2,2.6842,Bajo rango,0
2026-07-09 12:01:40,F2,2.6676,Bajo rango,0
2026-07-09 12:01:50,F2,2.6512,Bajo rango,0
2026-07-09 12:02:00,F2,2.6348,Bajo rango,0
2026-07-09 12:02:11,F2,2.6186,Bajo rango,0
2026-07-09 12:02:21,F2,2.6025,Bajo rango,0
2026-07-09 12:02:31,F2,2.5866,Bajo rango,0
2026-07-09 12:02:42,F2,2.5707,Bajo rango,0
2026-07-09 12:02:52,F2,2.5550,Bajo rango,0
2026-07-09 12:03:02,F2,2.5394,Bajo rango,0
2026-07-09 12:03:13,F2,2.5239,Bajo rango,0
2026-07-09 12:03:23,F2,2.5085,Bajo rango,0
2026-07-09 12:03:34,F2,2.4932,Bajo rango,0
2026-07-09 12:03:44,F2,2.4781,Bajo rango,0
2026-07-09 12:03:54,F2,2.4630,Bajo rango,0
2026-07-09 12:04:05,F2,2.4480,Bajo rango,0
2026-07-09 12:04:15,F2,2.4332,Bajo rango,0
2026-07-09 12:04:25,F2,2.4185,Bajo rango,0
2026-07-09 12:04:36,F2,2.4038,Bajo rango,0
2026-07-09 12:04:46,F2,2.3893,Bajo rango,0
2026-07-09 12:04:57,F2,2.3749,Bajo rango,0
2026-07-09 12:05:07,F2,2.3605,Bajo rango,0
2026-07-09 12:05:17,F2,2.3463,OK,0
2026-07-09 12:05:28,F2,2.3322,OK,1
2026-07-09 12:05:38,F2,2.3182,OK,1
2026-07-09 12:05:48,F2,2.3042,OK,1
2026-07-09 12:05:59,F2,2.2904,OK,1
2026-07-09 12:06:09,F2,2.2766,OK,1
2026-07-09 12:06:20,F2,2.2630,OK,1
2026-07-09 12:06:30,F2,2.2494,OK,0
2026-07-09 12:06:40,F2,2.2360,OK,0
2026-07-09 12:06:51,F2,2.2226,OK,0
2026-07-09 12:07:01,F2,2.2094,OK,0
2026-07-09 12:07:11,F2,2.1962,OK,0
2026-07-09 12:07:22,F2,2.1832,OK,0
2026-07-09 12:07:32,F2,2.1702,OK,0
2026-07-09 12:07:43,F2,2.1574,OK,0
2026-07-09 12:07:53,F2,2.1447,OK,0
2026-07-09 12:08:03,F2,2.1321,OK,0
2026-07-09 12:08:14,F2,2.1196,OK,0
2026-07-09 12:08:24,F2,2.1072,OK,0
2026-07-09 12:08:34,F2,2.0950,OK,0
2026-07-09 12:08:45,F2,2.0828,OK,0
2026-07-09 12:08:55,F2,2.0709,OK,0
2026-07-09 12:09:06,F2,2.0590,OK,0
2026-07-09 12:09:16,F2,2.0472,OK,0
2026-07-09 12:09:26,F2,2.0356,OK,0
2026-07-09 12:09:37,F2,2.0241,OK,0
2026-07-09 12:09:47,F2,2.0128,OK,0
2026-07-09 12:09:57,F2,2.0015,OK,0
2026-07-09 12:10:08,F2,1.9904,OK,0
2026-07-09 12:10:18,F2,1.9794,OK,0
2026-07-09 12:10:29,F2,1.9685,OK,0
2026-07-09 12:10:39,F2,1.9578,OK,0
2026-07-09 12:10:49,F2,1.9472,OK,0
2026-07-09 12:11:00,F2,1.9367,OK,0
2026-07-09 12:11:10,F2,1.9263,OK,0
2026-07-09 12:11:20,F2,1.9161,OK,0
2026-07-09 12:11:31,F2,1.9060,OK,0
2026-07-09 12:11:41,F2,1.8960,OK,0
2026-07-09 12:11:52,F2,1.8861,OK,0
2026-07-09 12:12:04,F2,1.8764,OK,0
2026-07-09 12:12:21,F2,1.8668,OK,0
2026-07-09 12:12:33,F2,1.8573,OK,0
2026-07-09 12:12:49,F2,1.8480,Bajo rango,0
2026-07-09 12:12:59,F2,1.8388,Bajo rango,0
