timestamp,fermentador,flow_filt_sccm,status,is_spike
2026-07-09 12:20:15,F2,6.4553,OK,0
2026-07-09 12:20:26,F2,6.4554,OK,0
2026-07-09 12:20:36,F2,6.4554,OK,0
2026-07-09 12:20:46,F2,6.4555,OK,0
2026-07-09 12:20:56,F2,6.4555,OK,1
2026-07-09 12:21:07,F2,6.4556,OK,0
2026-07-09 12:21:17,F2,6.4557,OK,0
2026-07-09 12:21:27,F2,6.4557,OK,0
2026-07-09 12:21:37,F2,6.4558,OK,0
2026-07-09 12:21:47,F2,6.4559,OK,0
2026-07-09 12:21:58,F2,6.4560,OK,0
2026-07-09 12:22:08,F2,6.4561,OK,0
2026-07-09 12:22:18,F2,6.4563,OK,0
2026-07-09 12:22:28,F2,6.4564,OK,0
2026-07-09 12:22:39,F2,6.4565,OK,0
2026-07-09 12:22:49,F2,6.4567,OK,0
2026-07-09 12:22:59,F2,6.4568,OK,0
2026-07-09 12:23:09,F2,6.4570,OK,0
2026-07-09 12:23:20,F2,6.4572,OK,0
2026-07-09 12:23:30,F2,6.4574,OK,0
2026-07-09 12:23:40,F2,6.4576,OK,0
2026-07-09 12:23:50,F2,6.4578,OK,0
2026-07-09 12:24:01,F2,6.4581,OK,0
2026-07-09 12:24:11,F2,6.4583,OK,0
2026-07-09 12:24:21,F2,6.4586,OK,0
2026-07-09 12:24:31,F2,6.4589,OK,0
2026-07-09 12:24:42,F2,6.4591,OK,0
2026-07-09 12:24:52,F2,6.4594,OK,0
2026-07-09 12:25:02,F2,6.4598,OK,0
2026-07-09 12:25:12,F2,6.4601,OK,0
2026-07-09 12:25:22,F2,6.4605,OK,0
2026-07-09 12:25:33,F2,6.4608,OK,1
2026-07-09 12:25:43,F2,6.4612,OK,0
2026-07-09 12:25:53,F2,6.4616,OK,0
2026-07-09 12:26:03,F2,6.4620,OK,0
2026-07-09 12:26:14,F2,6.4625,OK,0
2026-07-09 12:26:24,F2,6.4630,OK,0
2026-07-09 12:26:34,F2,6.4635,OK,0
2026-07-09 12:26:44,F2,6.4640,OK,0
2026-07-09 12:26:55,F2,6.4645,OK,0
2026-07-09 12:27:05,F2,6.4651,OK,0
2026-07-09 12:27:15,F2,6.4657,OK,0
2026-07-09 12:27:25,F2,6.4663,OK,0
2026-07-09 12:27:36,F2,6.4670,OK,0
2026-07-09 12:27:46,F2,6.4677,OK,0
2026-07-09 12:27:56,F2,6.4684,OK,1
2026-07-09 12:28:06,F2,6.4692,OK,0
2026-07-09 12:28:17,F2,6.4700,OK,1
2026-07-09 12:28:27,F2,6.4708,Bajo rango,1
2026-07-09 12:28:37,F2,6.4716,Bajo rango,1
2026-07-09 12:28:47,F2,6.4725,Bajo rango,1
2026-07-09 12:28:58,F2,6.4735,OK,0
2026-07-09 12:29:08,F2,6.4744,OK,0
2026-07-09 12:29:18,F2,6.4754,OK,0
2026-07-09 12:29:28,F2,6.4765,OK,0
2026-07-09 12:29:38,F2,6.4776,OK,1
2026-07-09 12:29:49,F2,6.4787,OK,0
2026-07-09 12:29:59,F2,6.4799,OK,0
2026-07-09 12:30:09,F2,6.4811,OK,0
2026-07-09 12:30:19,F2,6.4824,OK,0
2026-07-09 12:30:30,F2,6.4838,OK,0
2026-07-09 12:30:40,F2,6.4853,OK,0
2026-07-09 12:30:50,F2,6.4868,OK,0
2026-07-09 12:31:00,F2,6.4885,OK,0
2026-07-09 12:31:11,F2,6.4902,OK,0
2026-07-09 12:31:21,F2,6.4920,OK,0
2026-07-09 12:31:31,F2,6.4940,OK,0
2026-07-09 12:31:41,F2,6.4960,OK,0
2026-07-09 12:31:52,F2,6.4981,OK,0
2026-07-09 12:32:02,F2,6.5003,OK,0
2026-07-09 12:32:12,F2,6.5027,OK,0
2026-07-09 12:32:22,F2,6.5051,OK,0
2026-07-09 12:32:33,F2,6.5077,OK,0
2026-07-09 12:32:43,F2,6.5103,OK,0
2026-07-09 12:32:53,F2,6.5131,OK,0
2026-07-09 12:33:03,F2,6.5159,OK,0
2026-07-09 12:33:14,F2,6.5189,OK,0
2026-07-09 12:33:24,F2,6.5220,OK,0
2026-07-09 12:33:34,F2,6.5252,OK,0
2026-07-09 12:33:44,F2,6.5285,OK,0
2026-07-09 12:33:55,F2,6.5319,OK,0
2026-07-09 12:34:05,F2,6.5355,OK,0
2026-07-09 12:34:15,F2,6.5391,OK,0
2026-07-09 12:34:25,F2,6.5429,OK,0
2026-07-09 12:34:36,F2,6.5468,OK,0
2026-07-09 12:34:46,F2,6.5508,OK,0
2026-07-09 12:34:56,F2,6.5549,OK,0
2026-07-09 12:35:06,F2,6.5591,OK,0
2026-07-09 12:35:17,F2,6.5635,OK,0
2026-07-09 12:35:27,F2,6.5680,OK,0
2026-07-09 12:35:37,F2,6.5726,OK,0
2026-07-09 12:35:47,F2,6.5773,OK,0
2026-07-09 12:35:57,F2,6.5821,OK,0
2026-07-09 12:36:08,F2,6.5870,OK,1
2026-07-09 12:36:18,F2,6.5921,OK,1
2026-07-09 12:36:28,F2,6.5973,OK,1
2026-07-09 12:36:38,F2,6.6026,OK,1
2026-07-09 12:36:49,F2,6.6080,OK,0
2026-07-09 12:36:59,F2,6.6135,OK,0
2026-07-09 12:37:09,F2,6.6191,OK,0
2026-07-09 12:37:19,F2,6.6249,OK,0
2026-07-09 12:37:30,F2,6.6308,OK,0
2026-07-09 12:37:40,F2,6.6368,OK,0
2026-07-09 12:37:50,F2,6.6428,OK,0
2026-07-09 12:38:00,F2,6.6491,OK,0
2026-07-09 12:38:10,F2,6.6554,OK,0
2026-07-09 12:38:21,F2,6.6618,OK,0
2026-07-09 12:38:31,F2,6.6683,OK,0
2026-07-09 12:38:41,F2,6.6750,OK,0
2026-07-09 12:38:51,F2,6.6817,OK,0
2026-07-09 12:39:02,F2,6.6886,OK,0
2026-07-09 12:39:12,F2,6.6956,OK,0
2026-07-09 12:39:22,F2,6.7026,OK,1
2026-07-09 12:39:32,F2,6.7098,OK,0
2026-07-09 12:39:43,F2,6.7171,OK,0
2026-07-09 12:39:53,F2,6.7245,OK,0
2026-07-09 12:40:03,F2,6.7319,OK,0
2026-07-09 12:40:14,F2,6.7395,OK,0
2026-07-09 12:40:24,F2,6.7472,OK,0
2026-07-09 12:40:34,F2,6.7550,OK,0
2026-07-09 12:40:44,F2,6.7628,OK,0
2026-07-09 12:40:54,F2,6.7708,OK,0
2026-07-09 12:41:05,F2,6.7788,OK,0
2026-07-09 12:41:15,F2,6.7870,OK,0
2026-07-09 12:41:25,F2,6.7952,OK,0
2026-07-09 12:41:35,F2,6.8035,OK,0
2026-07-09 12:41:46,F2,6.8120,OK,0
2026-07-09 12:41:56,F2,6.8205,OK,0
2026-07-09 12:42:06,F2,6.8290,OK,0
2026-07-09 12:42:16,F2,6.8377,OK,0
2026-07-09 12:42:27,F2,6.8465,OK,0
2026-07-09 12:42:37,F2,6.8553,OK,0
2026-07-09 12:42:47,F2,6.8642,OK,1
2026-07-09 12:42:57,F2,6.8732,OK,1
2026-07-09 12:43:08,F2,6.8823,OK,1
2026-07-09 12:43:18,F2,6.8914,OK,0
2026-07-09 12:43:28,F2,6.9006,OK,0
2026-07-09 12:43:38,F2,6.9099,OK,0
2026-07-09 12:43:49,F2,6.9193,OK,0
2026-07-09 12:43:59,F2,6.9287,OK,0
2026-07-09 12:44:09,F2,6.9382,OK,0
2026-07-09 12:44:19,F2,6.9478,OK,0
2026-07-09 12:44:30,F2,6.9574,OK,0
2026-07-09 12:44:40,F2,6.9671,OK,0
2026-07-09 12:44:50,F2,6.9769,OK,0
2026-07-09 12:45:00,F2,6.9867,OK,0
2026-07-09 12:45:10,F2,6.9966,OK,0
2026-07-09 12:45:21,F2,7.0065,OK,0
2026-07-09 12:45:31,F2,7.0165,OK,0
2026-07-09 12:45:41,F2,7.0265,OK,0
2026-07-09 12:45:51,F2,7.0366,OK,0
2026-07-09 12:46:02,F2,7.0468,OK,0
2026-07-09 12:46:12,F2,7.0570,OK,0
2026-07-09 12:46:22,F2,7.0672,OK,0
2026-07-09 12:46:32,F2,7.0775,OK,0
2026-07-09 12:46:43,F2,7.0879,OK,0
2026-07-09 12:46:53,F2,7.0982,OK,0
2026-07-09 12:47:03,F2,7.1087,OK,0
2026-07-09 12:47:14,F2,7.1192,OK,0
2026-07-09 12:47:24,F2,7.1297,OK,0
2026-07-09 12:47:34,F2,7.1403,OK,0
2026-07-09 12:47:44,F2,7.1509,OK,0
2026-07-09 12:47:54,F2,7.1616,OK,0
2026-07-09 12:48:05,F2,7.1723,OK,0
2026-07-09 12:48:15,F2,7.1830,OK,0
2026-07-09 12:48:25,F2,7.1938,OK,0
2026-07-09 12:48:35,F2,7.2047,OK,0
2026-07-09 12:48:46,F2,7.2155,OK,0
2026-07-09 12:48:56,F2,7.2265,OK,0
2026-07-09 12:49:06,F2,7.2374,OK,0
2026-07-09 12:49:16,F2,7.2484,OK,0
2026-07-09 12:49:27,F2,7.2594,OK,0
2026-07-09 12:49:37,F2,7.2705,OK,0
2026-07-09 12:49:47,F2,7.2816,OK,0
2026-07-09 12:49:57,F2,7.2928,OK,0
2026-07-09 12:50:08,F2,7.3040,OK,0
2026-07-09 12:50:18,F2,7.3152,OK,0
2026-07-09 12:50:28,F2,7.3264,OK,0
2026-07-09 12:50:38,F2,7.3377,OK,0
2026-07-09 12:50:48,F2,7.3490,OK,0
2026-07-09 12:50:59,F2,7.3604,OK,0
2026-07-09 12:51:09,F2,7.3718,OK,0
2026-07-09 12:51:19,F2,7.3832,OK,0
2026-07-09 12:51:29,F2,7.3946,OK,0
2026-07-09 12:51:40,F2,7.4061,OK,0
2026-07-09 12:51:50,F2,7.4176,OK,0
2026-07-09 12:52:00,F2,7.4292,OK,0
2026-07-09 12:52:10,F2,7.4408,OK,0
2026-07-09 12:52:21,F2,7.4524,OK,0
2026-07-09 12:52:31,F2,7.4640,OK,0
2026-07-09 12:52:41,F2,7.4756,OK,0
2026-07-09 12:52:51,F2,7.4873,OK,0
2026-07-09 12:53:02,F2,7.4990,OK,0
2026-07-09 12:53:12,F2,7.5108,OK,0
2026-07-09 12:53:22,F2,7.5225,OK,0
2026-07-09 12:53:32,F2,7.5343,OK,0
2026-07-09 12:53:43,F2,7.5461,OK,0
2026-07-09 12:53:53,F2,7.5580,OK,0
2026-07-09 12:54:03,F2,7.5698,OK,0
2026-07-09 12:54:13,F2,7.5817,OK,0
2026-07-09 12:54:24,F2,7.5936,OK,0
2026-07-09 12:54:34,F2,7.6055,OK,0
2026-07-09 12:54:44,F2,7.6175,OK,0
2026-07-09 12:54:54,F2,7.6295,OK,0
2026-07-09 12:55:04,F2,7.6415,OK,0
2026-07-09 12:55:15,F2,7.6535,OK,0
2026-07-09 12:55:25,F2,7.6655,OK,0
2026-07-09 12:55:35,F2,7.6775,OK,0
2026-07-09 12:55:45,F2,7.6896,OK,1
2026-07-09 12:55:56,F2,7.7017,OK,0
2026-07-09 12:56:06,F2,7.7138,OK,0
2026-07-09 12:56:16,F2,7.7259,OK,0
2026-07-09 12:56:26,F2,7.7380,OK,0
2026-07-09 12:56:37,F2,7.7502,OK,0
2026-07-09 12:56:47,F2,7.7623,OK,0
2026-07-09 12:56:57,F2,7.7745,OK,0
2026-07-09 12:57:07,F2,7.7867,OK,0
2026-07-09 12:57:18,F2,7.7989,OK,0
2026-07-09 12:57:28,F2,7.8111,OK,0
2026-07-09 12:57:38,F2,7.8233,OK,0
2026-07-09 12:57:48,F2,7.8355,OK,0
2026-07-09 12:57:59,F2,7.8477,OK,0
2026-07-09 12:58:09,F2,7.8600,OK,0
2026-07-09 12:58:19,F2,7.8722,OK,0
2026-07-09 12:58:29,F2,7.8844,OK,0
2026-07-09 12:58:40,F2,7.8967,OK,0
2026-07-09 12:58:50,F2,7.9089,OK,0
2026-07-09 12:59:00,F2,7.9212,OK,0
2026-07-09 12:59:10,F2,7.9334,OK,0
2026-07-09 12:59:21,F2,7.9457,OK,0
2026-07-09 12:59:31,F2,7.9579,OK,0
2026-07-09 12:59:41,F2,7.9702,OK,0
2026-07-09 12:59:51,F2,7.9825,OK,0
2026-07-09 13:00:01,F2,7.9947,OK,0
2026-07-09 13:00:12,F2,8.0070,OK,0
2026-07-09 13:00:22,F2,8.0193,OK,0
2026-07-09 13:00:32,F2,8.0316,OK,0
2026-07-09 13:00:42,F2,8.0438,OK,0
2026-07-09 13:00:53,F2,8.0561,OK,0
2026-07-09 13:01:03,F2,8.0684,OK,0
2026-07-09 13:01:13,F2,8.0807,OK,0
2026-07-09 13:01:23,F2,8.0930,OK,0
2026-07-09 13:01:34,F2,8.1053,OK,0
2026-07-09 13:01:44,F2,8.1176,OK,0
2026-07-09 13:01:54,F2,8.1299,OK,0
2026-07-09 13:02:04,F2,8.1422,OK,0
2026-07-09 13:02:15,F2,8.1545,OK,0
2026-07-09 13:02:25,F2,8.1668,OK,0
2026-07-09 13:02:35,F2,8.1791,OK,0
2026-07-09 13:02:45,F2,8.1914,OK,0
2026-07-09 13:02:56,F2,8.2037,OK,0
2026-07-09 13:03:06,F2,8.2161,OK,0
2026-07-09 13:03:16,F2,8.2284,OK,0
2026-07-09 13:03:26,F2,8.2407,OK,0
2026-07-09 13:03:37,F2,8.2531,OK,0
2026-07-09 13:03:47,F2,8.2654,OK,0
2026-07-09 13:03:57,F2,8.2777,OK,0
2026-07-09 13:04:07,F2,8.2901,OK,0
2026-07-09 13:04:17,F2,8.3024,OK,0
2026-07-09 13:04:28,F2,8.3148,OK,0
2026-07-09 13:04:38,F2,8.3271,OK,0
2026-07-09 13:04:48,F2,8.3395,OK,0
2026-07-09 13:04:58,F2,8.3518,OK,0
2026-07-09 13:05:09,F2,8.3642,OK,0
2026-07-09 13:05:19,F2,8.3766,OK,0
2026-07-09 13:05:29,F2,8.3889,OK,0
2026-07-09 13:05:39,F2,8.4013,OK,0
2026-07-09 13:05:50,F2,8.4137,OK,0
2026-07-09 13:06:00,F2,8.4260,OK,0
2026-07-09 13:06:10,F2,8.4384,OK,0
2026-07-09 13:06:20,F2,8.4508,OK,0
2026-07-09 13:06:31,F2,8.4632,OK,0
2026-07-09 13:06:41,F2,8.4756,OK,0
2026-07-09 13:06:51,F2,8.4879,OK,0
2026-07-09 13:07:01,F2,8.5003,OK,0
2026-07-09 13:07:12,F2,8.5127,OK,0
2026-07-09 13:07:22,F2,8.5251,OK,0
2026-07-09 13:07:32,F2,8.5375,OK,0
2026-07-09 13:07:42,F2,8.5499,OK,0
2026-07-09 13:07:53,F2,8.5622,OK,0
2026-07-09 13:08:03,F2,8.5746,OK,1
2026-07-09 13:08:13,F2,8.5870,OK,0
2026-07-09 13:08:23,F2,8.5994,OK,0
2026-07-09 13:08:34,F2,8.6118,OK,0
2026-07-09 13:08:44,F2,8.6241,OK,0
2026-07-09 13:08:54,F2,8.6365,OK,0
2026-07-09 13:09:04,F2,8.6489,OK,0
2026-07-09 13:09:15,F2,8.6612,OK,0
2026-07-09 13:09:25,F2,8.6736,OK,0
2026-07-09 13:09:35,F2,8.6860,OK,0
2026-07-09 13:09:45,F2,8.6983,OK,0
2026-07-09 13:09:55,F2,8.7106,OK,0
2026-07-09 13:10:06,F2,8.7229,OK,0
2026-07-09 13:10:16,F2,8.7353,OK,0
2026-07-09 13:10:26,F2,8.7476,OK,0
2026-07-09 13:10:36,F2,8.7598,OK,0
2026-07-09 13:10:47,F2,8.7721,OK,0
2026-07-09 13:10:57,F2,8.7844,OK,0
2026-07-09 13:11:07,F2,8.7966,OK,0
2026-07-09 13:11:17,F2,8.8089,OK,0
2026-07-09 13:11:28,F2,8.8211,OK,0
2026-07-09 13:11:38,F2,8.8334,OK,0
2026-07-09 13:11:48,F2,8.8456,OK,0
2026-07-09 13:11:58,F2,8.8578,OK,0
2026-07-09 13:12:09,F2,8.8700,OK,0
2026-07-09 13:12:19,F2,8.8821,OK,0
2026-07-09 13:12:29,F2,8.8943,OK,0
2026-07-09 13:12:39,F2,8.9065,OK,0
2026-07-09 13:12:50,F2,8.9186,OK,0
2026-07-09 13:13:00,F2,8.9307,OK,0
2026-07-09 13:13:10,F2,8.9429,OK,0
2026-07-09 13:13:20,F2,8.9550,OK,0
2026-07-09 13:13:31,F2,8.9671,OK,0
2026-07-09 13:13:41,F2,8.9791,OK,0
2026-07-09 13:13:51,F2,8.9912,OK,0
2026-07-09 13:14:01,F2,9.0033,OK,0
2026-07-09 13:14:11,F2,9.0153,OK,0
2026-07-09 13:14:22,F2,9.0274,OK,0
2026-07-09 13:14:32,F2,9.0394,OK,0
2026-07-09 13:14:42,F2,9.0514,OK,0
2026-07-09 13:14:52,F2,9.0634,OK,0
2026-07-09 13:15:03,F2,9.0754,OK,0
2026-07-09 13:15:13,F2,9.0873,OK,0
2026-07-09 13:15:23,F2,9.0993,OK,0
2026-07-09 13:15:33,F2,9.1112,OK,0
2026-07-09 13:15:44,F2,9.1232,OK,0
2026-07-09 13:15:54,F2,9.1351,OK,0
2026-07-09 13:16:04,F2,9.1470,OK,0
2026-07-09 13:16:14,F2,9.1588,OK,0
2026-07-09 13:16:25,F2,9.1707,OK,1
2026-07-09 13:16:35,F2,9.1826,OK,0
2026-07-09 13:16:45,F2,9.1944,OK,0
2026-07-09 13:16:55,F2,9.2062,OK,0
2026-07-09 13:17:05,F2,9.2180,OK,0
2026-07-09 13:17:16,F2,9.2298,OK,0
2026-07-09 13:17:26,F2,9.2416,OK,0
2026-07-09 13:17:36,F2,9.2533,OK,0
2026-07-09 13:17:46,F2,9.2651,OK,0
2026-07-09 13:17:57,F2,9.2768,OK,0
2026-07-09 13:18:07,F2,9.2885,OK,0
2026-07-09 13:18:17,F2,9.3002,OK,0
2026-07-09 13:18:27,F2,9.3118,OK,0
2026-07-09 13:18:38,F2,9.3235,OK,0
2026-07-09 13:18:48,F2,9.3351,OK,0
2026-07-09 13:18:58,F2,9.3467,OK,0
2026-07-09 13:19:08,F2,9.3583,OK,0
2026-07-09 13:19:19,F2,9.3699,OK,0
2026-07-09 13:19:29,F2,9.3814,OK,0
2026-07-09 13:19:39,F2,9.3929,OK,0
2026-07-09 13:19:49,F2,9.4045,OK,0
2026-07-09 13:20:00,F2,9.4159,OK,0
2026-07-09 13:20:10,F2,9.4274,OK,0
2026-07-09 13:20:20,F2,9.4388,OK,0
2026-07-09 13:20:30,F2,9.4503,OK,1
2026-07-09 13:20:41,F2,9.4617,OK,0
2026-07-09 13:20:51,F2,9.4730,OK,0
2026-07-09 13:21:01,F2,9.4844,OK,0
2026-07-09 13:21:11,F2,9.4957,OK,0
2026-07-09 13:21:22,F2,9.5070,OK,0
2026-07-09 13:21:32,F2,9.5182,OK,0
2026-07-09 13:21:42,F2,9.5295,OK,0
2026-07-09 13:21:52,F2,9.5407,OK,0
2026-07-09 13:22:02,F2,9.5519,OK,0
2026-07-09 13:22:13,F2,9.5630,OK,0
2026-07-09 13:22:23,F2,9.5741,OK,0
2026-07-09 13:22:33,F2,9.5852,OK,0
2026-07-09 13:22:43,F2,9.5963,OK,0
2026-07-09 13:22:54,F2,9.6073,OK,0
2026-07-09 13:23:04,F2,9.6183,OK,0
2026-07-09 13:23:14,F2,9.6293,OK,0
2026-07-09 13:23:24,F2,9.6402,OK,0
2026-07-09 13:23:35,F2,9.6511,OK,0
2026-07-09 13:23:45,F2,9.6620,OK,0
2026-07-09 13:23:55,F2,9.6729,OK,0
2026-07-09 13:24:05,F2,9.6837,OK,0
2026-07-09 13:24:15,F2,9.6945,OK,0
2026-07-09 13:24:26,F2,9.7052,OK,0
2026-07-09 13:24:36,F2,9.7160,OK,0
2026-07-09 13:24:46,F2,9.7267,OK,0
2026-07-09 13:24:56,F2,9.7374,OK,0
2026-07-09 13:25:07,F2,9.7480,OK,0
2026-07-09 13:25:17,F2,9.7586,OK,0
2026-07-09 13:25:27,F2,9.7692,OK,0
2026-07-09 13:25:37,F2,9.7798,OK,0
2026-07-09 13:25:48,F2,9.7904,OK,0
2026-07-09 13:25:58,F2,9.8009,OK,0
2026-07-09 13:26:08,F2,9.8114,OK,0
2026-07-09 13:26:18,F2,9.8219,OK,0
2026-07-09 13:26:29,F2,9.8323,OK,0
2026-07-09 13:26:39,F2,9.8428,OK,0
2026-07-09 13:26:49,F2,9.8532,OK,0
2026-07-09 13:26:59,F2,9.8636,OK,0
2026-07-09 13:27:10,F2,9.8739,OK,0
2026-07-09 13:27:20,F2,9.8843,OK,0
2026-07-09 13:27:30,F2,9.8946,OK,0
2026-07-09 13:27:40,F2,9.9049,OK,0
2026-07-09 13:27:51,F2,9.9152,OK,0
2026-07-09 13:28:01,F2,9.9254,OK,0
2026-07-09 13:28:11,F2,9.9357,OK,0
2026-07-09 13:28:21,F2,9.9459,OK,0
2026-07-09 13:28:31,F2,9.9561,OK,0
2026-07-09 13:28:42,F2,9.9662,OK,0
2026-07-09 13:28:52,F2,9.9764,OK,0
2026-07-09 13:29:02,F2,9.9865,OK,0
2026-07-09 13:29:12,F2,9.9967,OK,0
2026-07-09 13:29:23,F2,10.0068,OK,0
2026-07-09 13:29:33,F2,10.0168,OK,0
2026-07-09 13:29:43,F2,10.0269,OK,0
2026-07-09 13:29:53,F2,10.0370,OK,0
2026-07-09 13:30:04,F2,10.0470,OK,0
2026-07-09 13:30:14,F2,10.0570,OK,0
2026-07-09 13:30:24,F2,10.0670,OK,0
2026-07-09 13:30:34,F2,10.0770,OK,0
2026-07-09 13:30:45,F2,10.0869,OK,0
2026-07-09 13:30:55,F2,10.0969,OK,0
2026-07-09 13:31:05,F2,10.1068,OK,0
2026-07-09 13:31:15,F2,10.1167,OK,0
2026-07-09 13:31:26,F2,10.1266,OK,0
2026-07-09 13:31:36,F2,10.1365,OK,0
2026-07-09 13:31:46,F2,10.1464,OK,0
2026-07-09 13:31:56,F2,10.1562,OK,0
2026-07-09 13:32:07,F2,10.1661,OK,0
2026-07-09 13:32:17,F2,10.1759,OK,0
2026-07-09 13:32:27,F2,10.1857,OK,0
2026-07-09 13:32:37,F2,10.1955,OK,0
2026-07-09 13:32:48,F2,10.2052,OK,1
2026-07-09 13:32:58,F2,10.2150,OK,0
2026-07-09 13:33:08,F2,10.2247,OK,0
2026-07-09 13:33:18,F2,10.2345,OK,0
2026-07-09 13:33:29,F2,10.2442,OK,0
2026-07-09 13:33:39,F2,10.2539,OK,0
2026-07-09 13:33:49,F2,10.2636,OK,0
2026-07-09 13:33:59,F2,10.2732,OK,0
2026-07-09 13:34:10,F2,10.2829,OK,0
2026-07-09 13:34:20,F2,10.2925,OK,0
2026-07-09 13:34:30,F2,10.3021,OK,0
2026-07-09 13:34:40,F2,10.3117,OK,0
2026-07-09 13:34:50,F2,10.3213,OK,0
2026-07-09 13:35:01,F2,10.3308,OK,0
2026-07-09 13:35:11,F2,10.3404,OK,0
2026-07-09 13:35:21,F2,10.3499,OK,0
2026-07-09 13:35:31,F2,10.3594,OK,0
2026-07-09 13:35:42,F2,10.3688,OK,0
2026-07-09 13:35:52,F2,10.3783,OK,0
2026-07-09 13:36:02,F2,10.3877,OK,0
2026-07-09 13:36:12,F2,10.3972,OK,0
2026-07-09 13:36:23,F2,10.4066,OK,0
2026-07-09 13:36:33,F2,10.4159,OK,0
2026-07-09 13:36:43,F2,10.4253,OK,0
2026-07-09 13:36:53,F2,10.4347,OK,0
2026-07-09 13:37:04,F2,10.4440,OK,0
2026-07-09 13:37:14,F2,10.4533,OK,0
2026-07-09 13:37:24,F2,10.4626,OK,0
2026-07-09 13:37:34,F2,10.4719,OK,0
2026-07-09 13:37:45,F2,10.4812,OK,0
2026-07-09 13:37:55,F2,10.4904,OK,0
2026-07-09 13:38:05,F2,10.4997,OK,0
2026-07-09 13:38:15,F2,10.5089,OK,0
2026-07-09 13:38:26,F2,10.5181,OK,0
2026-07-09 13:38:36,F2,10.5273,OK,0
2026-07-09 13:38:46,F2,10.5365,OK,0
2026-07-09 13:38:56,F2,10.5457,OK,0
2026-07-09 13:39:07,F2,10.5548,OK,0
2026-07-09 13:39:17,F2,10.5640,OK,0
2026-07-09 13:39:27,F2,10.5731,OK,0
2026-07-09 13:39:37,F2,10.5823,OK,0
2026-07-09 13:39:48,F2,10.5914,OK,0
2026-07-09 13:39:58,F2,10.6005,OK,0
2026-07-09 13:40:08,F2,10.6096,OK,0
2026-07-09 13:40:18,F2,10.6187,OK,0
2026-07-09 13:40:29,F2,10.6278,OK,0
2026-07-09 13:40:39,F2,10.6369,OK,0
2026-07-09 13:40:49,F2,10.6460,OK,0
2026-07-09 13:40:59,F2,10.6551,OK,0
2026-07-09 13:41:09,F2,10.6641,OK,0
2026-07-09 13:41:20,F2,10.6732,OK,0
2026-07-09 13:41:30,F2,10.6822,OK,0
2026-07-09 13:41:40,F2,10.6913,OK,1
2026-07-09 13:41:50,F2,10.7003,OK,0
2026-07-09 13:42:01,F2,10.7093,OK,0
2026-07-09 13:42:11,F2,10.7184,OK,0
2026-07-09 13:42:21,F2,10.7274,OK,0
2026-07-09 13:42:31,F2,10.7364,OK,0
2026-07-09 13:42:42,F2,10.7454,OK,0
2026-07-09 13:42:52,F2,10.7544,OK,0
2026-07-09 13:43:02,F2,10.7634,OK,0
2026-07-09 13:43:12,F2,10.7724,OK,0
2026-07-09 13:43:23,F2,10.7814,OK,0
2026-07-09 13:43:33,F2,10.7904,OK,0
2026-07-09 13:43:43,F2,10.7994,OK,0
2026-07-09 13:43:53,F2,10.8083,OK,0
2026-07-09 13:44:03,F2,10.8173,OK,1
2026-07-09 13:44:14,F2,10.8263,OK,1
2026-07-09 13:44:24,F2,10.8352,OK,1
2026-07-09 13:44:34,F2,10.8442,OK,0
2026-07-09 13:44:44,F2,10.8531,OK,0
2026-07-09 13:44:55,F2,10.8620,OK,0
2026-07-09 13:45:05,F2,10.8710,OK,0
2026-07-09 13:45:15,F2,10.8799,OK,0
2026-07-09 13:45:25,F2,10.8888,OK,0
2026-07-09 13:45:36,F2,10.8977,OK,0
2026-07-09 13:45:46,F2,10.9065,OK,0
2026-07-09 13:45:56,F2,10.9154,OK,0
2026-07-09 13:46:06,F2,10.9243,OK,0
2026-07-09 13:46:17,F2,10.9331,OK,0
2026-07-09 13:46:27,F2,10.9419,OK,0
2026-07-09 13:46:37,F2,10.9508,OK,0
2026-07-09 13:46:47,F2,10.9596,OK,1
2026-07-09 13:46:58,F2,10.9683,OK,0
2026-07-09 13:47:08,F2,10.9771,OK,0
2026-07-09 13:47:18,F2,10.9859,OK,0
2026-07-09 13:47:28,F2,10.9946,OK,0
2026-07-09 13:47:39,F2,11.0033,OK,0
2026-07-09 13:47:49,F2,11.0120,OK,0
2026-07-09 13:47:59,F2,11.0207,OK,0
2026-07-09 13:48:09,F2,11.0294,OK,0
2026-07-09 13:48:19,F2,11.0380,OK,0
2026-07-09 13:48:30,F2,11.0467,OK,0
2026-07-09 13:48:40,F2,11.0553,OK,0
2026-07-09 13:48:50,F2,11.0639,OK,0
2026-07-09 13:49:00,F2,11.0724,OK,0
2026-07-09 13:49:11,F2,11.0810,OK,0
2026-07-09 13:49:21,F2,11.0896,OK,0
2026-07-09 13:49:31,F2,11.0981,OK,0
2026-07-09 13:49:41,F2,11.1066,OK,0
2026-07-09 13:49:52,F2,11.1151,OK,0
2026-07-09 13:50:02,F2,11.1235,OK,0
2026-07-09 13:50:12,F2,11.1320,OK,0
2026-07-09 13:50:22,F2,11.1404,OK,0
2026-07-09 13:50:33,F2,11.1488,OK,0
2026-07-09 13:50:43,F2,11.1572,OK,0
2026-07-09 13:50:53,F2,11.1656,OK,0
2026-07-09 13:51:03,F2,11.1739,OK,0
2026-07-09 13:51:14,F2,11.1822,OK,0
2026-07-09 13:51:24,F2,11.1905,OK,0
2026-07-09 13:51:34,F2,11.1988,OK,0
2026-07-09 13:51:44,F2,11.2071,OK,0
2026-07-09 13:51:54,F2,11.2153,OK,0
2026-07-09 13:52:05,F2,11.2235,OK,0
2026-07-09 13:52:15,F2,11.2317,OK,0
2026-07-09 13:52:25,F2,11.2399,OK,0
2026-07-09 13:52:35,F2,11.2481,OK,0
2026-07-09 13:52:46,F2,11.2562,OK,0
2026-07-09 13:52:56,F2,11.2643,OK,0
2026-07-09 13:53:06,F2,11.2724,OK,0
2026-07-09 13:53:16,F2,11.2805,OK,0
2026-07-09 13:53:27,F2,11.2885,OK,0
2026-07-09 13:53:37,F2,11.2965,OK,0
2026-07-09 13:53:47,F2,11.3045,OK,0
2026-07-09 13:53:57,F2,11.3125,OK,0
2026-07-09 13:54:07,F2,11.3204,OK,0
2026-07-09 13:54:18,F2,11.3283,OK,0
2026-07-09 13:54:28,F2,11.3362,OK,0
2026-07-09 13:54:38,F2,11.3441,OK,0
2026-07-09 13:54:48,F2,11.3519,OK,0
2026-07-09 13:54:59,F2,11.3597,OK,0
2026-07-09 13:55:09,F2,11.3675,OK,0
2026-07-09 13:55:19,F2,11.3753,OK,0
2026-07-09 13:55:29,F2,11.3830,OK,0
2026-07-09 13:55:40,F2,11.3907,OK,0
2026-07-09 13:55:50,F2,11.3984,OK,0
2026-07-09 13:56:00,F2,11.4060,OK,1
2026-07-09 13:56:10,F2,11.4136,OK,0
2026-07-09 13:56:21,F2,11.4212,OK,0
2026-07-09 13:56:31,F2,11.4288,OK,0
2026-07-09 13:56:41,F2,11.4363,OK,0
2026-07-09 13:56:51,F2,11.4438,OK,0
2026-07-09 13:57:02,F2,11.4513,OK,0
2026-07-09 13:57:12,F2,11.4587,OK,0
2026-07-09 13:57:22,F2,11.4661,OK,0
2026-07-09 13:57:32,F2,11.4735,OK,0
2026-07-09 13:57:42,F2,11.4808,OK,0
2026-07-09 13:57:53,F2,11.4881,OK,0
2026-07-09 13:58:03,F2,11.4954,OK,0
2026-07-09 13:58:13,F2,11.5026,OK,0
2026-07-09 13:58:23,F2,11.5098,OK,0
2026-07-09 13:58:34,F2,11.5170,OK,0
2026-07-09 13:58:44,F2,11.5241,OK,0
2026-07-09 13:58:54,F2,11.5312,OK,0
2026-07-09 13:59:04,F2,11.5382,OK,0
2026-07-09 13:59:15,F2,11.5453,OK,0
2026-07-09 13:59:25,F2,11.5523,OK,0
2026-07-09 13:59:35,F2,11.5592,OK,0
2026-07-09 13:59:45,F2,11.5662,OK,0
2026-07-09 13:59:56,F2,11.5731,OK,0
2026-07-09 14:00:06,F2,11.5799,OK,0
2026-07-09 14:00:16,F2,11.5868,OK,0
2026-07-09 14:00:26,F2,11.5936,OK,0
2026-07-09 14:00:37,F2,11.6004,OK,0
2026-07-09 14:00:47,F2,11.6071,OK,0
2026-07-09 14:00:57,F2,11.6139,OK,0
2026-07-09 14:01:07,F2,11.6206,OK,0
2026-07-09 14:01:18,F2,11.6272,OK,0
2026-07-09 14:01:28,F2,11.6339,OK,0
2026-07-09 14:01:38,F2,11.6405,OK,0
2026-07-09 14:01:48,F2,11.6471,OK,0
2026-07-09 14:01:59,F2,11.6537,OK,0
2026-07-09 14:02:09,F2,11.6602,OK,0
2026-07-09 14:02:19,F2,11.6667,OK,0
2026-07-09 14:02:29,F2,11.6732,OK,0
2026-07-09 14:02:40,F2,11.6797,OK,0
2026-07-09 14:02:50,F2,11.6861,OK,0
2026-07-09 14:03:00,F2,11.6925,OK,0
2026-07-09 14:03:10,F2,11.6989,OK,0
2026-07-09 14:03:20,F2,11.7052,OK,0
2026-07-09 14:03:31,F2,11.7116,OK,0
2026-07-09 14:03:41,F2,11.7179,OK,0
2026-07-09 14:03:51,F2,11.7242,OK,0
2026-07-09 14:04:01,F2,11.7304,OK,0
2026-07-09 14:04:12,F2,11.7366,OK,0
2026-07-09 14:04:22,F2,11.7429,OK,0
2026-07-09 14:04:32,F2,11.7490,OK,0
2026-07-09 14:04:42,F2,11.7552,OK,0
2026-07-09 14:04:53,F2,11.7613,OK,0
2026-07-09 14:05:03,F2,11.7674,OK,0
2026-07-09 14:05:13,F2,11.7735,OK,0
2026-07-09 14:05:23,F2,11.7795,OK,0
2026-07-09 14:05:34,F2,11.7856,OK,0
2026-07-09 14:05:44,F2,11.7916,OK,0
2026-07-09 14:05:54,F2,11.7975,OK,0
2026-07-09 14:06:04,F2,11.8035,OK,0
2026-07-09 14:06:15,F2,11.8094,OK,0
2026-07-09 14:06:25,F2,11.8153,OK,0
2026-07-09 14:06:35,F2,11.8212,OK,0
2026-07-09 14:06:45,F2,11.8271,OK,0
2026-07-09 14:06:56,F2,11.8329,OK,0
2026-07-09 14:07:06,F2,11.8387,OK,1
2026-07-09 14:07:16,F2,11.8445,OK,0
2026-07-09 14:07:26,F2,11.8502,OK,0
2026-07-09 14:07:37,F2,11.8560,OK,0
2026-07-09 14:07:47,F2,11.8617,OK,0
2026-07-09 14:07:57,F2,11.8673,OK,0
2026-07-09 14:08:07,F2,11.8730,OK,0
2026-07-09 14:08:18,F2,11.8786,OK,0
2026-07-09 14:08:28,F2,11.8842,OK,0
2026-07-09 14:08:38,F2,11.8897,OK,0
2026-07-09 14:08:48,F2,11.8953,OK,0
2026-07-09 14:08:58,F2,11.9008,OK,0
2026-07-09 14:09:09,F2,11.9063,OK,0
2026-07-09 14:09:19,F2,11.9117,OK,0
2026-07-09 14:09:29,F2,11.9171,OK,0
2026-07-09 14:09:39,F2,11.9225,OK,0
2026-07-09 14:09:50,F2,11.9279,OK,0
2026-07-09 14:10:00,F2,11.9332,OK,0
2026-07-09 14:10:10,F2,11.9385,OK,0
2026-07-09 14:10:20,F2,11.9438,OK,0
2026-07-09 14:10:31,F2,11.9490,OK,0
2026-07-09 14:10:41,F2,11.9543,OK,0
2026-07-09 14:10:51,F2,11.9594,OK,0
2026-07-09 14:11:01,F2,11.9646,OK,0
2026-07-09 14:11:12,F2,11.9698,OK,0
2026-07-09 14:11:22,F2,11.9749,OK,0
2026-07-09 14:11:32,F2,11.9800,OK,0
2026-07-09 14:11:42,F2,11.9850,OK,0
2026-07-09 14:11:53,F2,11.9901,OK,0
2026-07-09 14:12:03,F2,11.9951,OK,0
2026-07-09 14:12:13,F2,12.0001,OK,0
2026-07-09 14:12:23,F2,12.0051,OK,0
2026-07-09 14:12:33,F2,12.0100,OK,0
2026-07-09 14:12:44,F2,12.0149,OK,0
2026-07-09 14:12:54,F2,12.0198,OK,0
2026-07-09 14:13:04,F2,12.0247,OK,0
2026-07-09 14:13:14,F2,12.0295,OK,0
2026-07-09 14:13:25,F2,12.0344,OK,0
2026-07-09 14:13:35,F2,12.0392,OK,0
2026-07-09 14:13:45,F2,12.0439,OK,0
2026-07-09 14:13:55,F2,12.0487,OK,0
2026-07-09 14:14:06,F2,12.0534,OK,0
2026-07-09 14:14:16,F2,12.0581,OK,0
2026-07-09 14:14:26,F2,12.0627,OK,0
2026-07-09 14:14:36,F2,12.0674,OK,0
2026-07-09 14:14:47,F2,12.0720,OK,0
2026-07-09 14:14:57,F2,12.0766,OK,0
2026-07-09 14:15:07,F2,12.0811,OK,0
2026-07-09 14:15:17,F2,12.0856,OK,0
2026-07-09 14:15:28,F2,12.0901,OK,0
2026-07-09 14:15:38,F2,12.0946,OK,0
2026-07-09 14:15:48,F2,12.0991,OK,0
2026-07-09 14:15:58,F2,12.1035,OK,0
2026-07-09 14:16:09,F2,12.1078,OK,0
2026-07-09 14:16:19,F2,12.1122,OK,0
2026-07-09 14:16:29,F2,12.1165,OK,0
2026-07-09 14:16:39,F2,12.1208,OK,0
2026-07-09 14:16:50,F2,12.1251,OK,0
2026-07-09 14:17:00,F2,12.1293,OK,0
2026-07-09 14:17:10,F2,12.1336,OK,0
2026-07-09 14:17:20,F2,12.1377,OK,0
2026-07-09 14:17:30,F2,12.1419,OK,0
2026-07-09 14:17:41,F2,12.1460,OK,0
2026-07-09 14:17:51,F2,12.1501,OK,0
2026-07-09 14:18:01,F2,12.1542,OK,0
2026-07-09 14:18:11,F2,12.1583,OK,0
2026-07-09 14:18:22,F2,12.1623,OK,0
2026-07-09 14:18:32,F2,12.1663,OK,0
2026-07-09 14:18:42,F2,12.1702,OK,0
2026-07-09 14:18:52,F2,12.1742,OK,0
2026-07-09 14:19:03,F2,12.1781,OK,0
2026-07-09 14:19:13,F2,12.1819,OK,0
2026-07-09 14:19:23,F2,12.1858,OK,0
2026-07-09 14:19:33,F2,12.1896,OK,0
2026-07-09 14:19:44,F2,12.1933,OK,0
2026-07-09 14:19:54,F2,12.1971,OK,0
2026-07-09 14:20:04,F2,12.2008,OK,0
2026-07-09 14:20:14,F2,12.2045,OK,0
2026-07-09 14:20:25,F2,12.2081,OK,0
2026-07-09 14:20:35,F2,12.2117,OK,0
2026-07-09 14:20:45,F2,12.2153,OK,0
2026-07-09 14:20:55,F2,12.2189,OK,0
2026-07-09 14:21:06,F2,12.2224,OK,0
2026-07-09 14:21:16,F2,12.2259,OK,0
2026-07-09 14:21:26,F2,12.2293,OK,0
2026-07-09 14:21:36,F2,12.2327,OK,0
2026-07-09 14:21:46,F2,12.2361,OK,0
2026-07-09 14:21:57,F2,12.2395,OK,0
2026-07-09 14:22:07,F2,12.2428,OK,0
2026-07-09 14:22:17,F2,12.2461,OK,0
2026-07-09 14:22:27,F2,12.2494,OK,0
2026-07-09 14:22:38,F2,12.2526,OK,0
2026-07-09 14:22:48,F2,12.2558,OK,0
2026-07-09 14:22:58,F2,12.2590,OK,0
2026-07-09 14:23:08,F2,12.2622,OK,0
2026-07-09 14:23:19,F2,12.2653,OK,0
2026-07-09 14:23:29,F2,12.2684,OK,0
2026-07-09 14:23:39,F2,12.2714,OK,0
2026-07-09 14:23:49,F2,12.2745,OK,0
2026-07-09 14:24:00,F2,12.2775,OK,0
2026-07-09 14:24:10,F2,12.2805,OK,0
2026-07-09 14:24:20,F2,12.2834,OK,0
2026-07-09 14:24:30,F2,12.2864,OK,0
2026-07-09 14:24:41,F2,12.2893,OK,0
2026-07-09 14:24:51,F2,12.2921,OK,0
2026-07-09 14:25:01,F2,12.2950,OK,0
2026-07-09 14:25:11,F2,12.2978,OK,0
2026-07-09 14:25:22,F2,12.3006,OK,0
2026-07-09 14:25:32,F2,12.3033,OK,0
2026-07-09 14:25:42,F2,12.3060,OK,0
2026-07-09 14:25:52,F2,12.3087,OK,0
2026-07-09 14:26:02,F2,12.3114,OK,0
2026-07-09 14:26:13,F2,12.3140,OK,0
2026-07-09 14:26:23,F2,12.3167,OK,0
2026-07-09 14:26:33,F2,12.3192,OK,0
2026-07-09 14:26:43,F2,12.3218,OK,1
2026-07-09 14:26:54,F2,12.3243,OK,0
2026-07-09 14:27:04,F2,12.3268,OK,0
2026-07-09 14:27:14,F2,12.3293,OK,0
2026-07-09 14:27:24,F2,12.3318,OK,0
2026-07-09 14:27:35,F2,12.3342,OK,0
2026-07-09 14:27:45,F2,12.3366,OK,0
2026-07-09 14:27:55,F2,12.3389,OK,0
2026-07-09 14:28:05,F2,12.3413,OK,0
2026-07-09 14:28:16,F2,12.3436,OK,0
2026-07-09 14:28:26,F2,12.3459,OK,0
2026-07-09 14:28:36,F2,12.3481,OK,1
2026-07-09 14:28:46,F2,12.3503,OK,1
2026-07-09 14:28:57,F2,12.3525,OK,1
2026-07-09 14:29:07,F2,12.3547,OK,1
2026-07-09 14:29:17,F2,12.3569,OK,0
2026-07-09 14:29:27,F2,12.3590,OK,0
2026-07-09 14:29:38,F2,12.3611,OK,0
2026-07-09 14:29:48,F2,12.3632,OK,0
2026-07-09 14:29:58,F2,12.3652,OK,0
2026-07-09 14:30:08,F2,12.3672,OK,0
2026-07-09 14:30:18,F2,12.3692,OK,0
2026-07-09 14:30:29,F2,12.3711,OK,1
2026-07-09 14:30:39,F2,12.3730,OK,0
2026-07-09 14:30:49,F2,12.3749,OK,1
2026-07-09 14:30:59,F2,12.3768,OK,0
2026-07-09 14:31:10,F2,12.3786,OK,0
2026-07-09 14:31:20,F2,12.3804,OK,0
2026-07-09 14:31:30,F2,12.3821,OK,0
2026-07-09 14:31:40,F2,12.3838,OK,0
2026-07-09 14:31:51,F2,12.3855,OK,0
2026-07-09 14:32:01,F2,12.3872,OK,0
2026-07-09 14:32:11,F2,12.3888,OK,0
2026-07-09 14:32:21,F2,12.3904,OK,0
2026-07-09 14:32:32,F2,12.3919,OK,0
2026-07-09 14:32:42,F2,12.3935,OK,0
2026-07-09 14:32:52,F2,12.3950,OK,0
2026-07-09 14:33:02,F2,12.3964,OK,0
2026-07-09 14:33:13,F2,12.3979,OK,0
2026-07-09 14:33:23,F2,12.3993,OK,0
2026-07-09 14:33:33,F2,12.4006,OK,0
2026-07-09 14:33:43,F2,12.4020,OK,0
2026-07-09 14:33:54,F2,12.4033,OK,0
2026-07-09 14:34:04,F2,12.4046,OK,0
2026-07-09 14:34:14,F2,12.4059,OK,0
2026-07-09 14:34:24,F2,12.4071,OK,0
2026-07-09 14:34:35,F2,12.4084,OK,0
2026-07-09 14:34:45,F2,12.4095,OK,0
2026-07-09 14:34:55,F2,12.4107,OK,0
2026-07-09 14:35:05,F2,12.4119,OK,0
2026-07-09 14:35:16,F2,12.4130,OK,0
2026-07-09 14:35:26,F2,12.4141,OK,0
2026-07-09 14:35:36,F2,12.4151,OK,0
2026-07-09 14:35:46,F2,12.4161,OK,0
2026-07-09 14:35:57,F2,12.4172,OK,0
2026-07-09 14:36:07,F2,12.4181,OK,0
2026-07-09 14:36:17,F2,12.4191,OK,0
2026-07-09 14:36:27,F2,12.4200,OK,0
2026-07-09 14:36:37,F2,12.4209,OK,0
2026-07-09 14:36:48,F2,12.4218,OK,0
2026-07-09 14:36:58,F2,12.4227,OK,0
2026-07-09 14:37:08,F2,12.4235,OK,0
2026-07-09 14:37:18,F2,12.4243,OK,0
2026-07-09 14:37:29,F2,12.4251,OK,0
2026-07-09 14:37:39,F2,12.4259,OK,0
2026-07-09 14:37:49,F2,12.4266,OK,0
2026-07-09 14:37:59,F2,12.4273,OK,0
2026-07-09 14:38:10,F2,12.4280,OK,0
2026-07-09 14:38:20,F2,12.4286,OK,0
2026-07-09 14:38:30,F2,12.4293,OK,0
2026-07-09 14:38:40,F2,12.4299,OK,0
2026-07-09 14:38:51,F2,12.4305,OK,0
2026-07-09 14:39:01,F2,12.4310,OK,0
2026-07-09 14:39:11,F2,12.4316,OK,0
2026-07-09 14:39:21,F2,12.4321,OK,0
2026-07-09 14:39:31,F2,12.4325,OK,0
2026-07-09 14:39:42,F2,12.4330,OK,1
2026-07-09 14:39:52,F2,12.4334,OK,1
2026-07-09 14:40:02,F2,12.4338,OK,1
2026-07-09 14:40:12,F2,12.4342,OK,1
2026-07-09 14:40:23,F2,12.4346,OK,1
2026-07-09 14:40:33,F2,12.4349,OK,0
2026-07-09 14:40:43,F2,12.4352,OK,0
2026-07-09 14:40:53,F2,12.4355,OK,0
2026-07-09 14:41:04,F2,12.4357,OK,0
2026-07-09 14:41:14,F2,12.4359,OK,0
2026-07-09 14:41:24,F2,12.4361,OK,0
2026-07-09 14:41:34,F2,12.4363,OK,0
2026-07-09 14:41:44,F2,12.4364,OK,0
2026-07-09 14:41:55,F2,12.4365,OK,0
2026-07-09 14:42:05,F2,12.4365,OK,0
2026-07-09 14:42:15,F2,12.4366,OK,0
2026-07-09 14:42:25,F2,12.4366,OK,0
2026-07-09 14:42:36,F2,12.4366,OK,0
2026-07-09 14:42:46,F2,12.4365,OK,0
2026-07-09 14:42:56,F2,12.4364,OK,0
2026-07-09 14:43:06,F2,12.4363,OK,0
2026-07-09 14:43:17,F2,12.4361,OK,0
2026-07-09 14:43:27,F2,12.4359,OK,0
2026-07-09 14:43:37,F2,12.4357,OK,0
2026-07-09 14:43:47,F2,12.4354,OK,0
2026-07-09 14:43:57,F2,12.4352,OK,0
2026-07-09 14:44:08,F2,12.4349,OK,0
2026-07-09 14:44:18,F2,12.4345,OK,0
2026-07-09 14:44:28,F2,12.4341,OK,0
2026-07-09 14:44:38,F2,12.4337,OK,0
2026-07-09 14:44:49,F2,12.4333,OK,0
2026-07-09 14:44:59,F2,12.4329,OK,0
2026-07-09 14:45:09,F2,12.4324,OK,0
2026-07-09 14:45:19,F2,12.4319,OK,0
2026-07-09 14:45:30,F2,12.4313,OK,0
2026-07-09 14:45:40,F2,12.4307,OK,0
2026-07-09 14:45:50,F2,12.4301,OK,0
2026-07-09 14:46:00,F2,12.4295,OK,0
2026-07-09 14:46:11,F2,12.4289,OK,0
2026-07-09 14:46:21,F2,12.4282,OK,0
2026-07-09 14:46:31,F2,12.4275,OK,0
2026-07-09 14:46:41,F2,12.4268,OK,0
2026-07-09 14:46:52,F2,12.4260,OK,0
2026-07-09 14:47:02,F2,12.4252,OK,0
2026-07-09 14:47:12,F2,12.4244,OK,0
2026-07-09 14:47:22,F2,12.4236,OK,0
2026-07-09 14:47:33,F2,12.4227,OK,0
2026-07-09 14:47:43,F2,12.4218,OK,0
2026-07-09 14:47:53,F2,12.4209,OK,0
2026-07-09 14:48:03,F2,12.4200,OK,0
2026-07-09 14:48:13,F2,12.4190,OK,0
2026-07-09 14:48:24,F2,12.4181,OK,0
2026-07-09 14:48:34,F2,12.4171,OK,0
2026-07-09 14:48:44,F2,12.4160,OK,0
2026-07-09 14:48:54,F2,12.4150,OK,0
2026-07-09 14:49:05,F2,12.4139,OK,0
2026-07-09 14:49:15,F2,12.4128,OK,0
2026-07-09 14:49:25,F2,12.4117,OK,0
2026-07-09 14:49:35,F2,12.4105,OK,0
2026-07-09 14:49:46,F2,12.4093,OK,0
2026-07-09 14:49:56,F2,12.4082,OK,0
2026-07-09 14:50:06,F2,12.4069,OK,0
2026-07-09 14:50:16,F2,12.4057,OK,0
2026-07-09 14:50:27,F2,12.4044,OK,0
2026-07-09 14:50:37,F2,12.4032,OK,0
2026-07-09 14:50:47,F2,12.4019,OK,0
2026-07-09 14:50:57,F2,12.4006,OK,0
2026-07-09 14:51:08,F2,12.3992,OK,0
2026-07-09 14:51:18,F2,12.3979,OK,0
2026-07-09 14:51:28,F2,12.3965,OK,0
2026-07-09 14:51:38,F2,12.3951,OK,1
2026-07-09 14:51:49,F2,12.3937,OK,0
2026-07-09 14:51:59,F2,12.3923,OK,0
2026-07-09 14:52:09,F2,12.3908,OK,0
2026-07-09 14:52:19,F2,12.3894,OK,0
2026-07-09 14:52:30,F2,12.3879,OK,0
2026-07-09 14:52:40,F2,12.3864,OK,0
2026-07-09 14:52:50,F2,12.3849,OK,0
2026-07-09 14:53:00,F2,12.3833,OK,0
2026-07-09 14:53:10,F2,12.3818,OK,0
2026-07-09 14:53:21,F2,12.3802,OK,0
2026-07-09 14:53:31,F2,12.3786,OK,0
2026-07-09 14:53:41,F2,12.3770,OK,0
2026-07-09 14:53:51,F2,12.3753,OK,0
2026-07-09 14:54:02,F2,12.3737,OK,0
2026-07-09 14:54:12,F2,12.3720,OK,0
2026-07-09 14:54:22,F2,12.3703,OK,0
2026-07-09 14:54:32,F2,12.3686,OK,0
2026-07-09 14:54:43,F2,12.3669,OK,0
2026-07-09 14:54:53,F2,12.3652,OK,0
2026-07-09 14:55:03,F2,12.3634,OK,0
2026-07-09 14:55:13,F2,12.3617,OK,0
2026-07-09 14:55:24,F2,12.3599,OK,0
2026-07-09 14:55:34,F2,12.3581,OK,0
2026-07-09 14:55:44,F2,12.3563,OK,0
2026-07-09 14:55:54,F2,12.3545,OK,0
2026-07-09 14:56:05,F2,12.3527,OK,0
2026-07-09 14:56:15,F2,12.3509,OK,0
2026-07-09 14:56:25,F2,12.3490,OK,0
2026-07-09 14:56:35,F2,12.3472,OK,0
2026-07-09 14:56:46,F2,12.3453,OK,0
2026-07-09 14:56:56,F2,12.3435,OK,0
2026-07-09 14:57:06,F2,12.3416,OK,0
2026-07-09 14:57:16,F2,12.3398,OK,0
2026-07-09 14:57:27,F2,12.3379,OK,1
2026-07-09 14:57:37,F2,12.3360,OK,0
2026-07-09 14:57:47,F2,12.3341,OK,0
2026-07-09 14:57:57,F2,12.3322,OK,0
2026-07-09 14:58:08,F2,12.3303,OK,0
2026-07-09 14:58:18,F2,12.3284,OK,0
2026-07-09 14:58:28,F2,12.3265,OK,0
2026-07-09 14:58:38,F2,12.3246,OK,0
2026-07-09 14:58:49,F2,12.3227,OK,0
2026-07-09 14:58:59,F2,12.3208,OK,0
2026-07-09 14:59:09,F2,12.3189,OK,0
2026-07-09 14:59:19,F2,12.3170,OK,0
2026-07-09 14:59:30,F2,12.3151,OK,0
2026-07-09 14:59:40,F2,12.3131,OK,0
2026-07-09 14:59:50,F2,12.3112,OK,0
2026-07-09 15:00:00,F2,12.3093,OK,0
2026-07-09 15:00:11,F2,12.3074,OK,0
2026-07-09 15:00:21,F2,12.3054,OK,0
2026-07-09 15:00:31,F2,12.3035,OK,0
2026-07-09 15:00:41,F2,12.3015,OK,0
2026-07-09 15:00:51,F2,12.2996,OK,0
2026-07-09 15:01:02,F2,12.2977,OK,0
2026-07-09 15:01:12,F2,12.2957,OK,0
2026-07-09 15:01:22,F2,12.2938,OK,0
2026-07-09 15:01:32,F2,12.2918,OK,0
2026-07-09 15:01:43,F2,12.2898,OK,0
2026-07-09 15:01:53,F2,12.2879,OK,0
2026-07-09 15:02:03,F2,12.2859,OK,0
2026-07-09 15:02:13,F2,12.2840,OK,0
2026-07-09 15:02:24,F2,12.2820,OK,0
2026-07-09 15:02:34,F2,12.2800,OK,0
2026-07-09 15:02:44,F2,12.2781,OK,0
2026-07-09 15:02:54,F2,12.2761,OK,0
2026-07-09 15:03:05,F2,12.2741,OK,0
2026-07-09 15:03:15,F2,12.2721,OK,1
2026-07-09 15:03:25,F2,12.2702,OK,0
2026-07-09 15:03:35,F2,12.2682,OK,0
2026-07-09 15:03:45,F2,12.2662,OK,0
2026-07-09 15:03:56,F2,12.2642,OK,0
2026-07-09 15:04:06,F2,12.2622,OK,0
2026-07-09 15:04:16,F2,12.2602,OK,0
2026-07-09 15:04:26,F2,12.2582,OK,0
2026-07-09 15:04:37,F2,12.2562,OK,0
2026-07-09 15:04:47,F2,12.2541,OK,0
2026-07-09 15:04:57,F2,12.2521,OK,0
2026-07-09 15:05:07,F2,12.2501,OK,0
2026-07-09 15:05:18,F2,12.2480,OK,0
2026-07-09 15:05:28,F2,12.2459,OK,0
2026-07-09 15:05:38,F2,12.2439,OK,0
2026-07-09 15:05:48,F2,12.2418,OK,0
2026-07-09 15:05:59,F2,12.2397,OK,0
2026-07-09 15:06:09,F2,12.2376,OK,0
2026-07-09 15:06:19,F2,12.2355,OK,0
2026-07-09 15:06:29,F2,12.2334,OK,0
2026-07-09 15:06:40,F2,12.2313,OK,0
2026-07-09 15:06:50,F2,12.2292,OK,0
2026-07-09 15:07:00,F2,12.2270,OK,0
2026-07-09 15:07:10,F2,12.2249,OK,0
2026-07-09 15:07:21,F2,12.2228,OK,0
2026-07-09 15:07:31,F2,12.2206,OK,0
2026-07-09 15:07:41,F2,12.2185,OK,0
2026-07-09 15:07:51,F2,12.2163,OK,0
2026-07-09 15:08:02,F2,12.2142,OK,0
2026-07-09 15:08:12,F2,12.2121,OK,0
2026-07-09 15:08:22,F2,12.2099,OK,0
2026-07-09 15:08:32,F2,12.2078,OK,0
2026-07-09 15:08:43,F2,12.2056,OK,0
2026-07-09 15:08:53,F2,12.2035,OK,0
2026-07-09 15:09:03,F2,12.2013,OK,0
2026-07-09 15:09:13,F2,12.1992,OK,0
2026-07-09 15:09:24,F2,12.1970,OK,0
2026-07-09 15:09:34,F2,12.1949,OK,0
2026-07-09 15:09:44,F2,12.1927,OK,0
2026-07-09 15:09:54,F2,12.1906,OK,0
2026-07-09 15:10:05,F2,12.1884,OK,0
2026-07-09 15:10:15,F2,12.1863,OK,0
2026-07-09 15:10:25,F2,12.1841,OK,0
2026-07-09 15:10:35,F2,12.1820,OK,0
2026-07-09 15:10:46,F2,12.1798,OK,0
2026-07-09 15:10:56,F2,12.1777,OK,0
2026-07-09 15:11:06,F2,12.1756,OK,0
2026-07-09 15:11:16,F2,12.1734,OK,0
2026-07-09 15:11:26,F2,12.1713,OK,0
2026-07-09 15:11:37,F2,12.1692,OK,0
2026-07-09 15:11:47,F2,12.1671,OK,0
2026-07-09 15:11:57,F2,12.1650,OK,0
2026-07-09 15:12:07,F2,12.1629,OK,0
2026-07-09 15:12:18,F2,12.1608,OK,0
2026-07-09 15:12:28,F2,12.1587,OK,0
2026-07-09 15:12:38,F2,12.1566,OK,0
2026-07-09 15:12:48,F2,12.1545,OK,0
2026-07-09 15:12:59,F2,12.1524,OK,0
2026-07-09 15:13:09,F2,12.1504,OK,0
2026-07-09 15:13:19,F2,12.1483,OK,0
2026-07-09 15:13:29,F2,12.1463,OK,0
2026-07-09 15:13:40,F2,12.1442,OK,0
2026-07-09 15:13:50,F2,12.1422,OK,0
2026-07-09 15:14:00,F2,12.1402,OK,0
2026-07-09 15:14:10,F2,12.1382,OK,0
2026-07-09 15:14:20,F2,12.1362,OK,1
2026-07-09 15:14:31,F2,12.1342,OK,1
2026-07-09 15:14:41,F2,12.1322,OK,1
2026-07-09 15:14:51,F2,12.1302,OK,0
2026-07-09 15:15:01,F2,12.1283,OK,0
2026-07-09 15:15:12,F2,12.1263,OK,0
2026-07-09 15:15:22,F2,12.1244,OK,0
2026-07-09 15:15:32,F2,12.1225,OK,0
2026-07-09 15:15:42,F2,12.1205,OK,0
2026-07-09 15:15:53,F2,12.1186,OK,0
2026-07-09 15:16:03,F2,12.1167,OK,0
2026-07-09 15:16:13,F2,12.1148,OK,0
2026-07-09 15:16:23,F2,12.1129,OK,1
2026-07-09 15:16:34,F2,12.1110,OK,0
2026-07-09 15:16:44,F2,12.1092,OK,0
2026-07-09 15:16:54,F2,12.1073,OK,0
2026-07-09 15:17:04,F2,12.1054,OK,0
2026-07-09 15:17:14,F2,12.1035,OK,0
2026-07-09 15:17:25,F2,12.1017,OK,0
2026-07-09 15:17:35,F2,12.0998,OK,0
2026-07-09 15:17:45,F2,12.0980,OK,0
2026-07-09 15:17:55,F2,12.0961,OK,0
2026-07-09 15:18:06,F2,12.0943,OK,0
2026-07-09 15:18:16,F2,12.0925,OK,0
2026-07-09 15:18:26,F2,12.0906,OK,0
2026-07-09 15:18:36,F2,12.0888,OK,0
2026-07-09 15:18:47,F2,12.0870,OK,0
2026-07-09 15:18:57,F2,12.0852,OK,0
2026-07-09 15:19:07,F2,12.0834,OK,0
2026-07-09 15:19:18,F2,12.0817,OK,0
2026-07-09 15:19:28,F2,12.0799,OK,0
2026-07-09 15:19:38,F2,12.0782,OK,0
2026-07-09 15:19:48,F2,12.0765,OK,0
2026-07-09 15:19:58,F2,12.0747,OK,0
2026-07-09 15:20:09,F2,12.0731,OK,0
2026-07-09 15:20:19,F2,12.0714,OK,0
2026-07-09 15:20:29,F2,12.0697,OK,0
2026-07-09 15:20:39,F2,12.0681,OK,0
2026-07-09 15:20:50,F2,12.0665,OK,0
2026-07-09 15:21:00,F2,12.0649,OK,0
2026-07-09 15:21:10,F2,12.0633,OK,0
2026-07-09 15:21:20,F2,12.0617,OK,0
2026-07-09 15:21:31,F2,12.0602,OK,0
2026-07-09 15:21:41,F2,12.0587,OK,0
2026-07-09 15:21:51,F2,12.0572,OK,0
2026-07-09 15:22:01,F2,12.0557,OK,0
2026-07-09 15:22:12,F2,12.0543,OK,0
2026-07-09 15:22:22,F2,12.0529,OK,0
2026-07-09 15:22:32,F2,12.0515,OK,0
2026-07-09 15:22:42,F2,12.0501,OK,0
2026-07-09 15:22:53,F2,12.0488,OK,0
2026-07-09 15:23:03,F2,12.0475,OK,0
2026-07-09 15:23:13,F2,12.0462,OK,0
2026-07-09 15:23:23,F2,12.0449,OK,1
2026-07-09 15:23:34,F2,12.0437,OK,0
2026-07-09 15:23:44,F2,12.0424,OK,0
2026-07-09 15:23:54,F2,12.0413,OK,0
2026-07-09 15:24:04,F2,12.0401,OK,0
2026-07-09 15:24:15,F2,12.0390,OK,0
2026-07-09 15:24:25,F2,12.0379,OK,0
2026-07-09 15:24:35,F2,12.0368,OK,0
2026-07-09 15:24:45,F2,12.0358,OK,0
2026-07-09 15:24:56,F2,12.0348,OK,0
2026-07-09 15:25:06,F2,12.0338,OK,0
2026-07-09 15:25:16,F2,12.0328,OK,0
2026-07-09 15:25:26,F2,12.0319,OK,0
2026-07-09 15:25:37,F2,12.0310,OK,0
2026-07-09 15:25:47,F2,12.0301,OK,0
2026-07-09 15:25:57,F2,12.0292,OK,0
2026-07-09 15:26:07,F2,12.0284,OK,0
2026-07-09 15:26:17,F2,12.0276,OK,0
2026-07-09 15:26:28,F2,12.0268,OK,0
2026-07-09 15:26:38,F2,12.0260,OK,0
2026-07-09 15:26:48,F2,12.0253,OK,0
2026-07-09 15:26:58,F2,12.0246,OK,0
2026-07-09 15:27:09,F2,12.0239,OK,0
2026-07-09 15:27:19,F2,12.0232,OK,0
2026-07-09 15:27:29,F2,12.0225,OK,0
2026-07-09 15:27:39,F2,12.0219,OK,0
2026-07-09 15:27:50,F2,12.0212,OK,0
2026-07-09 15:28:00,F2,12.0206,OK,0
2026-07-09 15:28:10,F2,12.0200,OK,0
2026-07-09 15:28:20,F2,12.0195,OK,1
2026-07-09 15:28:31,F2,12.0189,OK,1
2026-07-09 15:28:41,F2,12.0183,OK,0
2026-07-09 15:28:51,F2,12.0178,OK,0
2026-07-09 15:29:01,F2,12.0173,OK,0
2026-07-09 15:29:12,F2,12.0168,OK,0
2026-07-09 15:29:22,F2,12.0163,OK,0
2026-07-09 15:29:32,F2,12.0158,OK,0
2026-07-09 15:29:42,F2,12.0153,OK,0
2026-07-09 15:29:53,F2,12.0149,OK,0
2026-07-09 15:30:03,F2,12.0145,OK,0
2026-07-09 15:30:13,F2,12.0140,OK,0
2026-07-09 15:30:23,F2,12.0136,OK,0
2026-07-09 15:30:34,F2,12.0132,OK,0
2026-07-09 15:30:44,F2,12.0129,OK,0
2026-07-09 15:30:54,F2,12.0125,OK,0
2026-07-09 15:31:04,F2,12.0122,OK,0
2026-07-09 15:31:15,F2,12.0119,OK,0
2026-07-09 15:31:25,F2,12.0116,OK,0
2026-07-09 15:31:35,F2,12.0113,OK,0
2026-07-09 15:31:45,F2,12.0110,OK,0
2026-07-09 15:31:56,F2,12.0108,OK,0
2026-07-09 15:32:06,F2,12.0106,OK,0
2026-07-09 15:32:16,F2,12.0104,OK,0
2026-07-09 15:32:26,F2,12.0102,OK,0
2026-07-09 15:32:36,F2,12.0101,OK,0
2026-07-09 15:32:47,F2,12.0099,OK,1
2026-07-09 15:32:57,F2,12.0098,OK,0
2026-07-09 15:33:07,F2,12.0097,OK,0
2026-07-09 15:33:17,F2,12.0097,OK,0
2026-07-09 15:33:28,F2,12.0096,OK,0
2026-07-09 15:33:38,F2,12.0096,OK,0
2026-07-09 15:33:48,F2,12.0096,OK,0
2026-07-09 15:33:58,F2,12.0097,OK,0
2026-07-09 15:34:08,F2,12.0097,OK,0
2026-07-09 15:34:19,F2,12.0098,OK,0
2026-07-09 15:34:29,F2,12.0099,OK,0
2026-07-09 15:34:39,F2,12.0100,OK,0
2026-07-09 15:34:49,F2,12.0102,OK,0
2026-07-09 15:35:00,F2,12.0104,OK,0
2026-07-09 15:35:10,F2,12.0106,OK,0
2026-07-09 15:35:20,F2,12.0108,OK,0
2026-07-09 15:35:30,F2,12.0111,OK,0
2026-07-09 15:35:41,F2,12.0114,OK,0
2026-07-09 15:35:51,F2,12.0117,OK,0
2026-07-09 15:36:01,F2,12.0121,OK,0
2026-07-09 15:36:11,F2,12.0124,OK,0
2026-07-09 15:36:22,F2,12.0128,OK,0
2026-07-09 15:36:32,F2,12.0133,OK,0
2026-07-09 15:36:42,F2,12.0137,OK,0
2026-07-09 15:36:52,F2,12.0142,OK,1
2026-07-09 15:37:03,F2,12.0147,OK,0
2026-07-09 15:37:13,F2,12.0153,OK,0
2026-07-09 15:37:23,F2,12.0158,OK,0
2026-07-09 15:37:33,F2,12.0164,OK,0
2026-07-09 15:37:44,F2,12.0170,OK,1
2026-07-09 15:37:54,F2,12.0177,OK,0
2026-07-09 15:38:04,F2,12.0184,OK,0
2026-07-09 15:38:14,F2,12.0191,OK,0
2026-07-09 15:38:25,F2,12.0198,OK,0
2026-07-09 15:38:35,F2,12.0205,OK,0
2026-07-09 15:38:45,F2,12.0213,OK,0
2026-07-09 15:38:55,F2,12.0221,OK,0
2026-07-09 15:39:05,F2,12.0229,OK,0
2026-07-09 15:39:16,F2,12.0238,OK,0
2026-07-09 15:39:26,F2,12.0246,OK,0
2026-07-09 15:39:36,F2,12.0255,OK,0
2026-07-09 15:39:46,F2,12.0264,OK,0
2026-07-09 15:39:57,F2,12.0274,OK,0
2026-07-09 15:40:07,F2,12.0283,OK,0
2026-07-09 15:40:17,F2,12.0293,OK,0
2026-07-09 15:40:27,F2,12.0302,OK,0
2026-07-09 15:40:38,F2,12.0312,OK,0
2026-07-09 15:40:48,F2,12.0323,OK,0
2026-07-09 15:40:58,F2,12.0333,OK,0
2026-07-09 15:41:08,F2,12.0344,OK,0
2026-07-09 15:41:19,F2,12.0355,OK,0
2026-07-09 15:41:29,F2,12.0366,OK,0
2026-07-09 15:41:39,F2,12.0377,OK,0
2026-07-09 15:41:49,F2,12.0388,OK,0
2026-07-09 15:42:00,F2,12.0400,OK,0
2026-07-09 15:42:10,F2,12.0412,OK,0
2026-07-09 15:42:20,F2,12.0424,OK,0
2026-07-09 15:42:30,F2,12.0436,OK,1
2026-07-09 15:42:41,F2,12.0448,OK,0
2026-07-09 15:42:51,F2,12.0461,OK,0
2026-07-09 15:43:01,F2,12.0474,OK,0
2026-07-09 15:43:11,F2,12.0487,OK,0
2026-07-09 15:43:22,F2,12.0500,OK,0
2026-07-09 15:43:32,F2,12.0514,OK,0
2026-07-09 15:43:42,F2,12.0528,OK,0
2026-07-09 15:43:52,F2,12.0542,OK,0
2026-07-09 15:44:03,F2,12.0556,OK,0
2026-07-09 15:44:13,F2,12.0570,OK,0
2026-07-09 15:44:23,F2,12.0585,OK,0
2026-07-09 15:44:33,F2,12.0600,OK,0
2026-07-09 15:44:44,F2,12.0615,OK,0
2026-07-09 15:44:54,F2,12.0630,OK,0
2026-07-09 15:45:04,F2,12.0645,OK,0
2026-07-09 15:45:14,F2,12.0661,OK,0
2026-07-09 15:45:25,F2,12.0677,OK,0
2026-07-09 15:45:35,F2,12.0693,OK,0
2026-07-09 15:45:45,F2,12.0709,OK,0
2026-07-09 15:45:55,F2,12.0726,OK,0
2026-07-09 15:46:05,F2,12.0742,OK,0
2026-07-09 15:46:16,F2,12.0759,OK,0
2026-07-09 15:46:26,F2,12.0776,OK,0
2026-07-09 15:46:36,F2,12.0794,OK,0
2026-07-09 15:46:46,F2,12.0811,OK,0
2026-07-09 15:46:57,F2,12.0829,OK,0
2026-07-09 15:47:07,F2,12.0847,OK,0
2026-07-09 15:47:17,F2,12.0865,OK,0
2026-07-09 15:47:27,F2,12.0883,OK,0
2026-07-09 15:47:38,F2,12.0902,OK,0
2026-07-09 15:47:48,F2,12.0920,OK,0
2026-07-09 15:47:58,F2,12.0939,OK,0
2026-07-09 15:48:08,F2,12.0958,OK,0
2026-07-09 15:48:18,F2,12.0978,OK,0
2026-07-09 15:48:29,F2,12.0997,OK,0
2026-07-09 15:48:39,F2,12.1017,OK,0
2026-07-09 15:48:49,F2,12.1037,OK,0
2026-07-09 15:48:59,F2,12.1057,OK,0
2026-07-09 15:49:10,F2,12.1078,OK,1
2026-07-09 15:49:20,F2,12.1098,OK,1
2026-07-09 15:49:30,F2,12.1119,OK,1
2026-07-09 15:49:40,F2,12.1140,OK,1
2026-07-09 15:49:51,F2,12.1161,OK,0
2026-07-09 15:50:01,F2,12.1183,OK,0
2026-07-09 15:50:11,F2,12.1204,OK,0
2026-07-09 15:50:21,F2,12.1226,OK,0
2026-07-09 15:50:32,F2,12.1248,OK,0
2026-07-09 15:50:42,F2,12.1271,OK,0
2026-07-09 15:50:52,F2,12.1293,OK,0
2026-07-09 15:51:02,F2,12.1315,OK,0
2026-07-09 15:51:13,F2,12.1338,OK,0
2026-07-09 15:51:23,F2,12.1361,OK,0
2026-07-09 15:51:33,F2,12.1384,OK,0
2026-07-09 15:51:43,F2,12.1407,OK,0
2026-07-09 15:51:54,F2,12.1430,OK,0
2026-07-09 15:52:04,F2,12.1454,OK,0
2026-07-09 15:52:14,F2,12.1477,OK,0
2026-07-09 15:52:24,F2,12.1501,OK,0
2026-07-09 15:52:34,F2,12.1525,OK,0
2026-07-09 15:52:45,F2,12.1549,OK,0
2026-07-09 15:52:55,F2,12.1573,OK,0
2026-07-09 15:53:05,F2,12.1598,OK,0
2026-07-09 15:53:15,F2,12.1622,OK,0
2026-07-09 15:53:26,F2,12.1647,OK,0
2026-07-09 15:53:36,F2,12.1672,OK,0
2026-07-09 15:53:46,F2,12.1696,OK,0
2026-07-09 15:53:56,F2,12.1722,OK,0
2026-07-09 15:54:07,F2,12.1747,OK,0
2026-07-09 15:54:17,F2,12.1772,OK,0
2026-07-09 15:54:27,F2,12.1798,OK,0
2026-07-09 15:54:37,F2,12.1824,OK,0
2026-07-09 15:54:48,F2,12.1850,OK,0
2026-07-09 15:54:58,F2,12.1876,OK,0
2026-07-09 15:55:08,F2,12.1902,OK,0
2026-07-09 15:55:18,F2,12.1928,OK,0
2026-07-09 15:55:29,F2,12.1955,OK,0
2026-07-09 15:55:39,F2,12.1981,OK,0
2026-07-09 15:55:49,F2,12.2008,OK,0
2026-07-09 15:55:59,F2,12.2035,OK,0
2026-07-09 15:56:10,F2,12.2062,OK,0
2026-07-09 15:56:20,F2,12.2090,OK,0
2026-07-09 15:56:30,F2,12.2117,OK,0
2026-07-09 15:56:40,F2,12.2145,OK,0
2026-07-09 15:56:51,F2,12.2173,OK,0
2026-07-09 15:57:01,F2,12.2201,OK,0
2026-07-09 15:57:11,F2,12.2229,OK,0
2026-07-09 15:57:21,F2,12.2257,OK,0
2026-07-09 15:57:32,F2,12.2285,OK,0
2026-07-09 15:57:42,F2,12.2314,OK,0
2026-07-09 15:57:52,F2,12.2343,OK,0
2026-07-09 15:58:02,F2,12.2372,OK,0
2026-07-09 15:58:13,F2,12.2401,OK,0
2026-07-09 15:58:23,F2,12.2430,OK,0
2026-07-09 15:58:33,F2,12.2459,OK,0
2026-07-09 15:58:43,F2,12.2489,OK,0
2026-07-09 15:58:54,F2,12.2518,OK,0
2026-07-09 15:59:04,F2,12.2548,OK,0
2026-07-09 15:59:14,F2,12.2578,OK,0
2026-07-09 15:59:24,F2,12.2608,OK,0
2026-07-09 15:59:34,F2,12.2639,OK,0
2026-07-09 15:59:45,F2,12.2669,OK,0
2026-07-09 15:59:55,F2,12.2700,OK,0
2026-07-09 16:00:05,F2,12.2731,OK,0
2026-07-09 16:00:15,F2,12.2761,OK,0
2026-07-09 16:00:26,F2,12.2792,OK,1
2026-07-09 16:00:36,F2,12.2824,OK,1
2026-07-09 16:00:46,F2,12.2855,OK,0
2026-07-09 16:00:57,F2,12.2886,OK,0
2026-07-09 16:01:08,F2,12.2918,OK,0
2026-07-09 16:01:18,F2,12.2950,OK,0
2026-07-09 16:01:28,F2,12.2981,OK,0
2026-07-09 16:01:38,F2,12.3013,OK,0
2026-07-09 16:01:49,F2,12.3045,OK,0
2026-07-09 16:01:59,F2,12.3077,OK,0
2026-07-09 16:02:09,F2,12.3110,OK,0
2026-07-09 16:02:19,F2,12.3142,OK,0
2026-07-09 16:02:30,F2,12.3174,OK,0
2026-07-09 16:02:40,F2,12.3207,OK,0
2026-07-09 16:02:50,F2,12.3239,OK,0
2026-07-09 16:03:00,F2,12.3272,OK,0
2026-07-09 16:03:11,F2,12.3304,OK,0
2026-07-09 16:03:21,F2,12.3337,OK,0
2026-07-09 16:03:31,F2,12.3370,OK,0
2026-07-09 16:03:41,F2,12.3403,OK,0
2026-07-09 16:03:52,F2,12.3436,OK,0
2026-07-09 16:04:02,F2,12.3469,OK,0
2026-07-09 16:04:12,F2,12.3502,OK,0
2026-07-09 16:04:22,F2,12.3535,OK,0
2026-07-09 16:04:32,F2,12.3568,OK,0
2026-07-09 16:04:43,F2,12.3602,OK,0
2026-07-09 16:04:53,F2,12.3635,OK,0
2026-07-09 16:05:03,F2,12.3669,OK,0
2026-07-09 16:05:14,F2,12.3702,OK,0
2026-07-09 16:05:24,F2,12.3736,OK,0
2026-07-09 16:05:34,F2,12.3770,OK,0
2026-07-09 16:05:44,F2,12.3804,OK,0
2026-07-09 16:05:54,F2,12.3838,OK,0
2026-07-09 16:06:05,F2,12.3872,OK,0
2026-07-09 16:06:15,F2,12.3906,OK,0
2026-07-09 16:06:25,F2,12.3940,OK,0
2026-07-09 16:06:35,F2,12.3975,OK,0
2026-07-09 16:06:46,F2,12.4009,OK,0
2026-07-09 16:06:56,F2,12.4043,OK,0
2026-07-09 16:07:06,F2,12.4078,OK,0
2026-07-09 16:07:16,F2,12.4113,OK,0
2026-07-09 16:07:27,F2,12.4147,OK,0
2026-07-09 16:07:37,F2,12.4182,OK,0
2026-07-09 16:07:47,F2,12.4217,OK,0
2026-07-09 16:07:57,F2,12.4252,OK,0
2026-07-09 16:08:08,F2,12.4286,OK,0
2026-07-09 16:08:18,F2,12.4321,OK,0
2026-07-09 16:08:28,F2,12.4356,OK,0
2026-07-09 16:08:38,F2,12.4391,OK,0
2026-07-09 16:08:49,F2,12.4427,OK,0
2026-07-09 16:08:59,F2,12.4462,OK,0
2026-07-09 16:09:09,F2,12.4497,OK,0
2026-07-09 16:09:19,F2,12.4532,OK,0
2026-07-09 16:09:30,F2,12.4567,OK,0
2026-07-09 16:09:40,F2,12.4602,OK,0
2026-07-09 16:09:50,F2,12.4638,OK,0
2026-07-09 16:10:00,F2,12.4673,OK,0
2026-07-09 16:10:11,F2,12.4708,OK,0
2026-07-09 16:10:21,F2,12.4744,OK,0
2026-07-09 16:10:31,F2,12.4779,OK,0
2026-07-09 16:10:41,F2,12.4814,OK,0
2026-07-09 16:10:52,F2,12.4850,OK,0
2026-07-09 16:11:02,F2,12.4885,OK,0
2026-07-09 16:11:12,F2,12.4920,OK,0
2026-07-09 16:11:22,F2,12.4956,OK,0
2026-07-09 16:11:33,F2,12.4991,OK,0
2026-07-09 16:11:43,F2,12.5027,OK,1
2026-07-09 16:11:53,F2,12.5062,OK,1
2026-07-09 16:12:03,F2,12.5097,OK,1
2026-07-09 16:12:13,F2,12.5133,OK,1
2026-07-09 16:12:24,F2,12.5168,OK,0
2026-07-09 16:12:34,F2,12.5203,OK,0
2026-07-09 16:12:44,F2,12.5239,OK,0
2026-07-09 16:12:54,F2,12.5274,OK,0
2026-07-09 16:13:05,F2,12.5309,OK,0
2026-07-09 16:13:15,F2,12.5344,OK,0
2026-07-09 16:13:25,F2,12.5379,OK,0
2026-07-09 16:13:35,F2,12.5414,OK,0
2026-07-09 16:13:46,F2,12.5449,OK,0
2026-07-09 16:13:56,F2,12.5484,OK,0
2026-07-09 16:14:06,F2,12.5519,OK,0
2026-07-09 16:14:16,F2,12.5553,OK,0
2026-07-09 16:14:27,F2,12.5588,OK,0
2026-07-09 16:14:37,F2,12.5622,OK,0
2026-07-09 16:14:47,F2,12.5657,OK,0
2026-07-09 16:14:57,F2,12.5691,OK,0
2026-07-09 16:15:08,F2,12.5725,OK,0
2026-07-09 16:15:18,F2,12.5759,OK,0
2026-07-09 16:15:28,F2,12.5793,OK,0
2026-07-09 16:15:38,F2,12.5827,OK,0
2026-07-09 16:15:49,F2,12.5861,OK,0
2026-07-09 16:15:59,F2,12.5894,OK,0
2026-07-09 16:16:09,F2,12.5928,OK,0
2026-07-09 16:16:19,F2,12.5961,OK,0
2026-07-09 16:16:29,F2,12.5995,OK,0
2026-07-09 16:16:40,F2,12.6028,OK,0
2026-07-09 16:16:50,F2,12.6062,OK,0
2026-07-09 16:17:00,F2,12.6095,OK,0
2026-07-09 16:17:10,F2,12.6128,OK,0
2026-07-09 16:17:21,F2,12.6161,OK,0
2026-07-09 16:17:31,F2,12.6194,OK,0
2026-07-09 16:17:41,F2,12.6227,OK,0
2026-07-09 16:17:51,F2,12.6260,OK,0
2026-07-09 16:18:02,F2,12.6293,OK,0
2026-07-09 16:18:12,F2,12.6326,OK,0
2026-07-09 16:18:22,F2,12.6359,OK,0
2026-07-09 16:18:32,F2,12.6392,OK,0
2026-07-09 16:18:43,F2,12.6425,OK,0
2026-07-09 16:18:53,F2,12.6457,OK,0
2026-07-09 16:19:03,F2,12.6490,OK,0
2026-07-09 16:19:13,F2,12.6523,OK,0
2026-07-09 16:19:24,F2,12.6555,OK,0
2026-07-09 16:19:34,F2,12.6588,OK,0
2026-07-09 16:19:44,F2,12.6620,OK,0
2026-07-09 16:19:55,F2,12.6653,OK,0
2026-07-09 16:20:05,F2,12.6685,OK,0
2026-07-09 16:20:15,F2,12.6717,OK,0
2026-07-09 16:20:25,F2,12.6749,OK,0
2026-07-09 16:20:35,F2,12.6782,OK,0
2026-07-09 16:20:46,F2,12.6814,OK,0
2026-07-09 16:20:56,F2,12.6846,OK,0
2026-07-09 16:21:06,F2,12.6878,OK,0
2026-07-09 16:21:16,F2,12.6910,OK,0
2026-07-09 16:21:27,F2,12.6942,OK,0
2026-07-09 16:21:37,F2,12.6973,OK,0
2026-07-09 16:21:47,F2,12.7005,OK,0
2026-07-09 16:21:57,F2,12.7037,OK,0
2026-07-09 16:22:08,F2,12.7068,OK,0
2026-07-09 16:22:18,F2,12.7100,OK,0
2026-07-09 16:22:28,F2,12.7131,OK,0
2026-07-09 16:22:38,F2,12.7163,OK,0
2026-07-09 16:22:49,F2,12.7194,OK,1
2026-07-09 16:22:59,F2,12.7225,OK,1
2026-07-09 16:23:09,F2,12.7256,OK,1
2026-07-09 16:23:19,F2,12.7287,OK,0
2026-07-09 16:23:30,F2,12.7318,OK,0
2026-07-09 16:23:40,F2,12.7349,OK,0
2026-07-09 16:23:50,F2,12.7380,OK,0
2026-07-09 16:24:00,F2,12.7411,OK,0
2026-07-09 16:24:11,F2,12.7441,OK,0
2026-07-09 16:24:21,F2,12.7471,OK,0
2026-07-09 16:24:31,F2,12.7502,OK,0
2026-07-09 16:24:41,F2,12.7532,OK,0
2026-07-09 16:24:52,F2,12.7562,OK,0
2026-07-09 16:25:02,F2,12.7592,OK,0
2026-07-09 16:25:12,F2,12.7621,OK,0
2026-07-09 16:25:22,F2,12.7651,OK,0
2026-07-09 16:25:33,F2,12.7680,OK,0
2026-07-09 16:25:43,F2,12.7709,OK,0
2026-07-09 16:25:53,F2,12.7738,OK,0
2026-07-09 16:26:03,F2,12.7767,OK,0
2026-07-09 16:26:14,F2,12.7795,OK,0
2026-07-09 16:26:24,F2,12.7824,OK,0
2026-07-09 16:26:34,F2,12.7852,OK,0
2026-07-09 16:26:44,F2,12.7880,OK,0
2026-07-09 16:26:55,F2,12.7908,OK,0
2026-07-09 16:27:05,F2,12.7936,OK,0
2026-07-09 16:27:15,F2,12.7964,OK,0
2026-07-09 16:27:25,F2,12.7992,OK,0
2026-07-09 16:27:36,F2,12.8019,OK,0
2026-07-09 16:27:46,F2,12.8046,OK,0
2026-07-09 16:27:56,F2,12.8074,OK,0
2026-07-09 16:28:06,F2,12.8101,OK,0
2026-07-09 16:28:17,F2,12.8128,OK,0
2026-07-09 16:28:27,F2,12.8154,OK,0
2026-07-09 16:28:37,F2,12.8181,OK,0
2026-07-09 16:28:47,F2,12.8208,OK,0
2026-07-09 16:28:58,F2,12.8234,OK,0
2026-07-09 16:29:08,F2,12.8260,OK,0
2026-07-09 16:29:18,F2,12.8287,OK,0
2026-07-09 16:29:28,F2,12.8313,OK,0
2026-07-09 16:29:38,F2,12.8339,OK,0
2026-07-09 16:29:49,F2,12.8365,OK,0
2026-07-09 16:29:59,F2,12.8390,OK,0
2026-07-09 16:30:09,F2,12.8416,OK,0
2026-07-09 16:30:19,F2,12.8442,OK,0
2026-07-09 16:30:30,F2,12.8467,OK,0
2026-07-09 16:30:40,F2,12.8493,OK,0
2026-07-09 16:30:50,F2,12.8518,OK,0
2026-07-09 16:31:00,F2,12.8543,OK,0
2026-07-09 16:31:11,F2,12.8569,OK,0
2026-07-09 16:31:21,F2,12.8594,OK,0
2026-07-09 16:31:31,F2,12.8619,OK,0
2026-07-09 16:31:41,F2,12.8644,OK,0
2026-07-09 16:31:52,F2,12.8669,OK,0
2026-07-09 16:32:02,F2,12.8694,OK,0
2026-07-09 16:32:12,F2,12.8718,OK,0
2026-07-09 16:32:22,F2,12.8743,OK,0
2026-07-09 16:32:33,F2,12.8768,OK,0
2026-07-09 16:32:43,F2,12.8792,OK,0
2026-07-09 16:32:53,F2,12.8817,OK,0
2026-07-09 16:33:03,F2,12.8841,OK,0
2026-07-09 16:33:14,F2,12.8866,OK,0
2026-07-09 16:33:24,F2,12.8890,OK,0
2026-07-09 16:33:34,F2,12.8915,OK,0
2026-07-09 16:33:44,F2,12.8939,OK,0
2026-07-09 16:33:55,F2,12.8963,OK,0
2026-07-09 16:34:05,F2,12.8987,OK,1
2026-07-09 16:34:15,F2,12.9012,OK,0
2026-07-09 16:34:25,F2,12.9036,OK,0
2026-07-09 16:34:36,F2,12.9060,OK,0
2026-07-09 16:34:46,F2,12.9084,OK,0
2026-07-09 16:34:56,F2,12.9108,OK,0
2026-07-09 16:35:06,F2,12.9131,OK,0
2026-07-09 16:35:16,F2,12.9155,OK,0
2026-07-09 16:35:27,F2,12.9179,OK,0
2026-07-09 16:35:37,F2,12.9202,OK,0
2026-07-09 16:35:47,F2,12.9226,OK,0
2026-07-09 16:35:57,F2,12.9249,OK,0
2026-07-09 16:36:08,F2,12.9273,OK,0
2026-07-09 16:36:18,F2,12.9296,OK,0
2026-07-09 16:36:28,F2,12.9319,OK,0
2026-07-09 16:36:38,F2,12.9342,OK,0
2026-07-09 16:36:49,F2,12.9365,OK,0
2026-07-09 16:36:59,F2,12.9388,OK,0
2026-07-09 16:37:09,F2,12.9411,OK,0
2026-07-09 16:37:19,F2,12.9433,OK,0
2026-07-09 16:37:30,F2,12.9456,OK,0
2026-07-09 16:37:40,F2,12.9478,OK,0
2026-07-09 16:37:50,F2,12.9501,OK,0
2026-07-09 16:38:00,F2,12.9523,OK,0
2026-07-09 16:38:11,F2,12.9546,OK,0
2026-07-09 16:38:21,F2,12.9568,OK,0
2026-07-09 16:38:31,F2,12.9590,OK,0
2026-07-09 16:38:41,F2,12.9613,OK,0
2026-07-09 16:38:51,F2,12.9635,OK,0
2026-07-09 16:39:02,F2,12.9657,OK,0
2026-07-09 16:39:12,F2,12.9679,OK,0
2026-07-09 16:39:22,F2,12.9701,OK,0
2026-07-09 16:39:32,F2,12.9724,OK,0
2026-07-09 16:39:43,F2,12.9746,OK,0
2026-07-09 16:39:53,F2,12.9768,OK,0
2026-07-09 16:40:03,F2,12.9790,OK,0
2026-07-09 16:40:13,F2,12.9812,OK,1
2026-07-09 16:40:24,F2,12.9834,OK,0
2026-07-09 16:40:34,F2,12.9856,OK,0
2026-07-09 16:40:44,F2,12.9878,OK,0
2026-07-09 16:40:54,F2,12.9900,OK,0
2026-07-09 16:41:05,F2,12.9922,OK,0
2026-07-09 16:41:15,F2,12.9944,OK,0
2026-07-09 16:41:25,F2,12.9965,OK,0
2026-07-09 16:41:35,F2,12.9987,OK,0
2026-07-09 16:41:46,F2,13.0009,OK,0
2026-07-09 16:41:56,F2,13.0031,OK,0
2026-07-09 16:42:06,F2,13.0053,OK,0
2026-07-09 16:42:16,F2,13.0074,OK,0
2026-07-09 16:42:27,F2,13.0096,OK,0
2026-07-09 16:42:37,F2,13.0118,OK,0
2026-07-09 16:42:47,F2,13.0139,OK,0
2026-07-09 16:42:57,F2,13.0161,OK,0
2026-07-09 16:43:08,F2,13.0182,OK,0
2026-07-09 16:43:18,F2,13.0204,OK,0
2026-07-09 16:43:28,F2,13.0225,OK,0
2026-07-09 16:43:38,F2,13.0246,OK,0
2026-07-09 16:43:49,F2,13.0268,OK,0
2026-07-09 16:43:59,F2,13.0289,OK,0
2026-07-09 16:44:09,F2,13.0310,OK,0
2026-07-09 16:44:19,F2,13.0332,OK,0
2026-07-09 16:44:30,F2,13.0353,OK,0
2026-07-09 16:44:40,F2,13.0374,OK,0
2026-07-09 16:44:50,F2,13.0395,OK,0
2026-07-09 16:45:00,F2,13.0416,OK,0
2026-07-09 16:45:11,F2,13.0437,OK,0
2026-07-09 16:45:21,F2,13.0458,OK,0
2026-07-09 16:45:31,F2,13.0479,OK,0
2026-07-09 16:45:41,F2,13.0500,OK,0
2026-07-09 16:45:51,F2,13.0521,OK,0
2026-07-09 16:46:02,F2,13.0542,OK,1
2026-07-09 16:46:12,F2,13.0562,OK,1
2026-07-09 16:46:22,F2,13.0583,OK,1
2026-07-09 16:46:32,F2,13.0604,OK,0
2026-07-09 16:46:43,F2,13.0625,OK,0
2026-07-09 16:46:53,F2,13.0645,OK,0
2026-07-09 16:47:03,F2,13.0666,OK,0
2026-07-09 16:47:13,F2,13.0686,OK,0
2026-07-09 16:47:24,F2,13.0707,OK,0
2026-07-09 16:47:34,F2,13.0727,OK,0
2026-07-09 16:47:44,F2,13.0748,OK,1
2026-07-09 16:47:54,F2,13.0768,OK,1
2026-07-09 16:48:05,F2,13.0788,OK,1
2026-07-09 16:48:15,F2,13.0808,OK,1
2026-07-09 16:48:25,F2,13.0828,OK,1
2026-07-09 16:48:35,F2,13.0848,OK,0
2026-07-09 16:48:46,F2,13.0868,OK,0
2026-07-09 16:48:56,F2,13.0888,OK,0
2026-07-09 16:49:06,F2,13.0907,OK,0
2026-07-09 16:49:16,F2,13.0927,OK,0
2026-07-09 16:49:27,F2,13.0947,OK,0
2026-07-09 16:49:37,F2,13.0966,OK,0
2026-07-09 16:49:47,F2,13.0986,OK,0
2026-07-09 16:49:57,F2,13.1005,OK,0
2026-07-09 16:50:07,F2,13.1024,OK,0
2026-07-09 16:50:18,F2,13.1044,OK,0
2026-07-09 16:50:28,F2,13.1063,OK,1
2026-07-09 16:50:38,F2,13.1083,Bajo rango,1
2026-07-09 16:50:48,F2,13.1102,Bajo rango,1
2026-07-09 16:50:59,F2,13.1121,Bajo rango,1
2026-07-09 16:51:09,F2,13.1140,OK,1
2026-07-09 16:51:19,F2,13.1160,OK,1
2026-07-09 16:51:29,F2,13.1179,OK,0
2026-07-09 16:51:40,F2,13.1198,OK,0
2026-07-09 16:51:50,F2,13.1218,OK,0
2026-07-09 16:52:00,F2,13.1238,OK,0
2026-07-09 16:52:10,F2,13.1258,OK,0
2026-07-09 16:52:21,F2,13.1278,OK,0
2026-07-09 16:52:31,F2,13.1299,OK,0
2026-07-09 16:52:41,F2,13.1320,OK,0
2026-07-09 16:52:51,F2,13.1341,OK,0
2026-07-09 16:53:02,F2,13.1363,OK,0
2026-07-09 16:53:12,F2,13.1385,OK,0
2026-07-09 16:53:22,F2,13.1408,OK,0
2026-07-09 16:53:32,F2,13.1430,OK,0
2026-07-09 16:53:43,F2,13.1454,OK,0
2026-07-09 16:53:53,F2,13.1478,OK,0
2026-07-09 16:54:03,F2,13.1502,OK,0
2026-07-09 16:54:13,F2,13.1527,OK,0
2026-07-09 16:54:23,F2,13.1552,OK,0
2026-07-09 16:54:34,F2,13.1578,OK,0
2026-07-09 16:54:44,F2,13.1604,OK,0
2026-07-09 16:54:54,F2,13.1631,OK,0
2026-07-09 16:55:04,F2,13.1659,OK,0
2026-07-09 16:55:15,F2,13.1687,OK,0
2026-07-09 16:55:25,F2,13.1715,OK,0
2026-07-09 16:55:35,F2,13.1744,OK,0
2026-07-09 16:55:45,F2,13.1774,OK,0
2026-07-09 16:55:56,F2,13.1804,OK,0
2026-07-09 16:56:06,F2,13.1834,OK,0
2026-07-09 16:56:16,F2,13.1866,OK,0
2026-07-09 16:56:26,F2,13.1897,OK,0
2026-07-09 16:56:37,F2,13.1930,OK,0
2026-07-09 16:56:47,F2,13.1963,OK,0
2026-07-09 16:56:57,F2,13.1996,OK,0
2026-07-09 16:57:07,F2,13.2030,OK,0
2026-07-09 16:57:18,F2,13.2064,OK,0
2026-07-09 16:57:28,F2,13.2099,OK,0
2026-07-09 16:57:38,F2,13.2134,OK,0
2026-07-09 16:57:48,F2,13.2169,OK,0
2026-07-09 16:57:59,F2,13.2205,OK,0
2026-07-09 16:58:09,F2,13.2242,OK,0
2026-07-09 16:58:19,F2,13.2279,OK,0
2026-07-09 16:58:29,F2,13.2316,OK,0
2026-07-09 16:58:39,F2,13.2354,OK,0
2026-07-09 16:58:50,F2,13.2392,OK,0
2026-07-09 16:59:00,F2,13.2430,OK,0
2026-07-09 16:59:10,F2,13.2469,OK,0
2026-07-09 16:59:20,F2,13.2508,OK,0
2026-07-09 16:59:31,F2,13.2547,OK,0
2026-07-09 16:59:41,F2,13.2587,OK,0
2026-07-09 16:59:51,F2,13.2627,OK,0
2026-07-09 17:00:01,F2,13.2667,OK,0
2026-07-09 17:00:12,F2,13.2708,OK,0
2026-07-09 17:00:22,F2,13.2749,OK,0
2026-07-09 17:00:32,F2,13.2790,OK,0
2026-07-09 17:00:42,F2,13.2831,OK,0
2026-07-09 17:00:53,F2,13.2873,OK,0
2026-07-09 17:01:03,F2,13.2915,OK,0
2026-07-09 17:01:13,F2,13.2957,OK,0
2026-07-09 17:01:23,F2,13.2999,OK,0
2026-07-09 17:01:34,F2,13.3041,OK,0
2026-07-09 17:01:44,F2,13.3084,OK,0
2026-07-09 17:01:54,F2,13.3127,OK,0
2026-07-09 17:02:04,F2,13.3169,OK,1
2026-07-09 17:02:15,F2,13.3212,OK,0
2026-07-09 17:02:25,F2,13.3256,OK,0
2026-07-09 17:02:35,F2,13.3299,OK,0
2026-07-09 17:02:45,F2,13.3342,OK,0
2026-07-09 17:02:56,F2,13.3386,OK,0
2026-07-09 17:03:06,F2,13.3429,OK,0
2026-07-09 17:03:16,F2,13.3473,OK,0
2026-07-09 17:03:26,F2,13.3516,OK,0
2026-07-09 17:03:36,F2,13.3560,OK,0
2026-07-09 17:03:47,F2,13.3604,OK,0
2026-07-09 17:03:57,F2,13.3647,OK,0
2026-07-09 17:04:07,F2,13.3691,OK,0
2026-07-09 17:04:17,F2,13.3735,OK,0
2026-07-09 17:04:28,F2,13.3778,OK,0
2026-07-09 17:04:38,F2,13.3822,OK,0
2026-07-09 17:04:48,F2,13.3866,OK,0
2026-07-09 17:04:58,F2,13.3909,OK,0
2026-07-09 17:05:09,F2,13.3953,OK,0
2026-07-09 17:05:19,F2,13.3996,OK,0
2026-07-09 17:05:29,F2,13.4039,OK,0
2026-07-09 17:05:39,F2,13.4082,OK,0
2026-07-09 17:05:50,F2,13.4125,OK,0
2026-07-09 17:06:00,F2,13.4168,OK,0
2026-07-09 17:06:10,F2,13.4211,OK,0
2026-07-09 17:06:20,F2,13.4254,OK,0
2026-07-09 17:06:31,F2,13.4297,OK,0
2026-07-09 17:06:41,F2,13.4339,OK,0
2026-07-09 17:06:51,F2,13.4381,OK,0
2026-07-09 17:07:01,F2,13.4423,OK,0
2026-07-09 17:07:12,F2,13.4465,OK,0
2026-07-09 17:07:22,F2,13.4507,OK,0
2026-07-09 17:07:32,F2,13.4549,OK,0
2026-07-09 17:07:42,F2,13.4590,OK,0
2026-07-09 17:07:53,F2,13.4631,OK,0
2026-07-09 17:08:03,F2,13.4672,OK,0
2026-07-09 17:08:13,F2,13.4713,OK,0
2026-07-09 17:08:23,F2,13.4753,OK,0
2026-07-09 17:08:34,F2,13.4794,OK,0
2026-07-09 17:08:44,F2,13.4834,OK,0
2026-07-09 17:08:54,F2,13.4873,OK,0
2026-07-09 17:09:04,F2,13.4913,OK,0
2026-07-09 17:09:15,F2,13.4952,OK,0
2026-07-09 17:09:25,F2,13.4991,OK,0
2026-07-09 17:09:35,F2,13.5030,OK,0
2026-07-09 17:09:45,F2,13.5068,OK,0
2026-07-09 17:09:56,F2,13.5106,OK,0
2026-07-09 17:10:06,F2,13.5144,OK,0
2026-07-09 17:10:16,F2,13.5182,OK,0
2026-07-09 17:10:26,F2,13.5219,OK,0
2026-07-09 17:10:36,F2,13.5255,OK,0
2026-07-09 17:10:47,F2,13.5292,OK,0
2026-07-09 17:10:57,F2,13.5328,OK,0
2026-07-09 17:11:07,F2,13.5364,OK,0
2026-07-09 17:11:17,F2,13.5399,OK,0
2026-07-09 17:11:28,F2,13.5434,OK,0
2026-07-09 17:11:38,F2,13.5469,OK,0
2026-07-09 17:11:48,F2,13.5503,OK,0
2026-07-09 17:11:58,F2,13.5537,OK,0
2026-07-09 17:12:09,F2,13.5570,OK,0
2026-07-09 17:12:19,F2,13.5603,OK,0
2026-07-09 17:12:29,F2,13.5636,OK,0
2026-07-09 17:12:39,F2,13.5668,OK,0
2026-07-09 17:12:50,F2,13.5700,OK,0
2026-07-09 17:13:00,F2,13.5731,OK,0
2026-07-09 17:13:10,F2,13.5762,OK,0
2026-07-09 17:13:20,F2,13.5792,OK,0
2026-07-09 17:13:31,F2,13.5822,OK,0
2026-07-09 17:13:41,F2,13.5851,OK,0
2026-07-09 17:13:51,F2,13.5880,OK,0
2026-07-09 17:14:01,F2,13.5909,OK,0
2026-07-09 17:14:11,F2,13.5937,OK,0
2026-07-09 17:14:22,F2,13.5965,OK,0
2026-07-09 17:14:32,F2,13.5992,OK,0
2026-07-09 17:14:42,F2,13.6018,OK,0
2026-07-09 17:14:52,F2,13.6045,OK,0
2026-07-09 17:15:03,F2,13.6070,OK,0
2026-07-09 17:15:13,F2,13.6096,OK,0
2026-07-09 17:15:23,F2,13.6121,OK,1
2026-07-09 17:15:33,F2,13.6145,OK,0
2026-07-09 17:15:44,F2,13.6169,OK,0
2026-07-09 17:15:54,F2,13.6192,OK,0
2026-07-09 17:16:04,F2,13.6215,OK,0
2026-07-09 17:16:14,F2,13.6238,OK,0
2026-07-09 17:16:25,F2,13.6260,OK,0
2026-07-09 17:16:35,F2,13.6281,OK,0
2026-07-09 17:16:45,F2,13.6303,OK,0
2026-07-09 17:16:55,F2,13.6323,OK,0
2026-07-09 17:17:06,F2,13.6343,OK,0
2026-07-09 17:17:16,F2,13.6363,OK,0
2026-07-09 17:17:26,F2,13.6382,OK,0
2026-07-09 17:17:36,F2,13.6401,OK,0
2026-07-09 17:17:46,F2,13.6420,OK,0
2026-07-09 17:17:57,F2,13.6438,OK,0
2026-07-09 17:18:07,F2,13.6455,OK,0
2026-07-09 17:18:17,F2,13.6472,OK,0
2026-07-09 17:18:27,F2,13.6488,OK,0
2026-07-09 17:18:38,F2,13.6505,OK,0
2026-07-09 17:18:48,F2,13.6520,OK,0
2026-07-09 17:18:58,F2,13.6535,OK,0
2026-07-09 17:19:08,F2,13.6550,OK,0
2026-07-09 17:19:19,F2,13.6564,OK,0
2026-07-09 17:19:29,F2,13.6578,OK,0
2026-07-09 17:19:39,F2,13.6591,OK,0
2026-07-09 17:19:49,F2,13.6604,OK,0
2026-07-09 17:20:00,F2,13.6617,OK,0
2026-07-09 17:20:10,F2,13.6628,OK,0
2026-07-09 17:20:20,F2,13.6640,OK,0
2026-07-09 17:20:30,F2,13.6651,OK,0
2026-07-09 17:20:41,F2,13.6661,OK,0
2026-07-09 17:20:51,F2,13.6671,OK,0
2026-07-09 17:21:01,F2,13.6681,OK,0
2026-07-09 17:21:11,F2,13.6690,OK,0
2026-07-09 17:21:22,F2,13.6699,OK,0
2026-07-09 17:21:32,F2,13.6707,OK,0
2026-07-09 17:21:42,F2,13.6715,OK,0
2026-07-09 17:21:52,F2,13.6722,OK,0
2026-07-09 17:22:03,F2,13.6729,OK,0
2026-07-09 17:22:13,F2,13.6735,OK,0
2026-07-09 17:22:23,F2,13.6741,OK,0
2026-07-09 17:22:33,F2,13.6746,OK,0
2026-07-09 17:22:43,F2,13.6751,OK,0
2026-07-09 17:22:54,F2,13.6755,OK,0
2026-07-09 17:23:04,F2,13.6759,OK,0
2026-07-09 17:23:14,F2,13.6763,OK,1
2026-07-09 17:23:24,F2,13.6765,OK,1
2026-07-09 17:23:35,F2,13.6768,OK,0
2026-07-09 17:23:45,F2,13.6770,OK,0
2026-07-09 17:23:55,F2,13.6772,OK,0
2026-07-09 17:24:05,F2,13.6773,OK,0
2026-07-09 17:24:16,F2,13.6773,OK,0
2026-07-09 17:24:26,F2,13.6774,OK,0
2026-07-09 17:24:36,F2,13.6773,OK,0
2026-07-09 17:24:46,F2,13.6772,OK,0
2026-07-09 17:24:57,F2,13.6771,OK,0
2026-07-09 17:25:07,F2,13.6769,OK,0
2026-07-09 17:25:17,F2,13.6767,OK,0
2026-07-09 17:25:27,F2,13.6765,OK,0
2026-07-09 17:25:38,F2,13.6762,OK,0
2026-07-09 17:25:48,F2,13.6758,OK,0
2026-07-09 17:25:58,F2,13.6754,OK,0
2026-07-09 17:26:08,F2,13.6750,OK,0
2026-07-09 17:26:19,F2,13.6745,OK,0
2026-07-09 17:26:29,F2,13.6740,OK,0
2026-07-09 17:26:39,F2,13.6734,OK,0
2026-07-09 17:26:49,F2,13.6728,OK,0
2026-07-09 17:26:59,F2,13.6721,OK,0
2026-07-09 17:27:10,F2,13.6714,OK,0
2026-07-09 17:27:20,F2,13.6707,OK,0
2026-07-09 17:27:30,F2,13.6700,OK,0
2026-07-09 17:27:40,F2,13.6691,OK,0
2026-07-09 17:27:51,F2,13.6683,OK,0
2026-07-09 17:28:01,F2,13.6674,OK,0
2026-07-09 17:28:11,F2,13.6665,OK,0
2026-07-09 17:28:21,F2,13.6656,OK,0
2026-07-09 17:28:32,F2,13.6646,OK,0
2026-07-09 17:28:42,F2,13.6636,OK,0
2026-07-09 17:28:52,F2,13.6625,OK,0
2026-07-09 17:29:02,F2,13.6614,OK,0
2026-07-09 17:29:13,F2,13.6603,OK,0
2026-07-09 17:29:23,F2,13.6592,OK,0
2026-07-09 17:29:33,F2,13.6580,OK,0
2026-07-09 17:29:43,F2,13.6568,OK,0
2026-07-09 17:29:54,F2,13.6555,OK,0
2026-07-09 17:30:04,F2,13.6542,OK,0
2026-07-09 17:30:14,F2,13.6529,OK,0
2026-07-09 17:30:24,F2,13.6516,OK,0
2026-07-09 17:30:35,F2,13.6502,OK,0
2026-07-09 17:30:45,F2,13.6488,OK,0
2026-07-09 17:30:55,F2,13.6474,OK,0
2026-07-09 17:31:05,F2,13.6460,OK,0
2026-07-09 17:31:15,F2,13.6445,OK,0
2026-07-09 17:31:26,F2,13.6430,OK,0
2026-07-09 17:31:36,F2,13.6415,OK,0
2026-07-09 17:31:46,F2,13.6399,OK,0
2026-07-09 17:31:56,F2,13.6383,OK,0
2026-07-09 17:32:07,F2,13.6367,OK,0
2026-07-09 17:32:17,F2,13.6351,OK,0
2026-07-09 17:32:27,F2,13.6335,OK,0
2026-07-09 17:32:37,F2,13.6318,OK,0
2026-07-09 17:32:48,F2,13.6301,OK,0
2026-07-09 17:32:58,F2,13.6284,OK,0
2026-07-09 17:33:08,F2,13.6267,OK,0
2026-07-09 17:33:18,F2,13.6249,OK,0
2026-07-09 17:33:29,F2,13.6231,OK,0
2026-07-09 17:33:39,F2,13.6213,OK,0
2026-07-09 17:33:49,F2,13.6195,OK,0
2026-07-09 17:34:00,F2,13.6177,OK,0
2026-07-09 17:34:10,F2,13.6158,OK,0
2026-07-09 17:34:20,F2,13.6140,OK,0
2026-07-09 17:34:30,F2,13.6121,OK,0
2026-07-09 17:34:40,F2,13.6102,OK,0
2026-07-09 17:34:51,F2,13.6083,OK,0
2026-07-09 17:35:01,F2,13.6064,OK,0
2026-07-09 17:35:11,F2,13.6044,OK,0
2026-07-09 17:35:21,F2,13.6025,OK,0
2026-07-09 17:35:32,F2,13.6005,OK,1
2026-07-09 17:35:42,F2,13.5985,OK,1
2026-07-09 17:35:52,F2,13.5965,OK,1
2026-07-09 17:36:02,F2,13.5945,OK,1
2026-07-09 17:36:13,F2,13.5925,OK,1
2026-07-09 17:36:23,F2,13.5904,OK,0
2026-07-09 17:36:33,F2,13.5884,OK,0
2026-07-09 17:36:43,F2,13.5863,OK,0
2026-07-09 17:36:54,F2,13.5842,OK,0
2026-07-09 17:37:04,F2,13.5822,OK,0
2026-07-09 17:37:14,F2,13.5801,OK,0
2026-07-09 17:37:24,F2,13.5779,OK,0
2026-07-09 17:37:35,F2,13.5758,OK,0
2026-07-09 17:37:45,F2,13.5737,OK,0
2026-07-09 17:37:55,F2,13.5715,OK,0
2026-07-09 17:38:05,F2,13.5694,OK,0
2026-07-09 17:38:16,F2,13.5672,OK,0
2026-07-09 17:38:26,F2,13.5650,OK,0
2026-07-09 17:38:36,F2,13.5628,OK,0
2026-07-09 17:38:46,F2,13.5606,OK,0
2026-07-09 17:38:57,F2,13.5584,OK,0
2026-07-09 17:39:07,F2,13.5562,OK,0
2026-07-09 17:39:17,F2,13.5539,OK,0
2026-07-09 17:39:27,F2,13.5517,OK,0
2026-07-09 17:39:37,F2,13.5495,OK,0
2026-07-09 17:39:48,F2,13.5472,OK,0
2026-07-09 17:39:58,F2,13.5450,OK,0
2026-07-09 17:40:08,F2,13.5427,OK,0
2026-07-09 17:40:18,F2,13.5405,OK,0
2026-07-09 17:40:29,F2,13.5382,OK,0
2026-07-09 17:40:39,F2,13.5359,OK,0
2026-07-09 17:40:49,F2,13.5337,OK,0
2026-07-09 17:40:59,F2,13.5314,OK,0
2026-07-09 17:41:10,F2,13.5291,OK,0
2026-07-09 17:41:20,F2,13.5269,OK,0
2026-07-09 17:41:30,F2,13.5246,OK,0
2026-07-09 17:41:40,F2,13.5223,OK,0
2026-07-09 17:41:51,F2,13.5201,OK,0
2026-07-09 17:42:01,F2,13.5178,OK,0
2026-07-09 17:42:11,F2,13.5155,OK,0
2026-07-09 17:42:21,F2,13.5133,OK,0
2026-07-09 17:42:32,F2,13.5110,OK,0
2026-07-09 17:42:42,F2,13.5087,OK,0
2026-07-09 17:42:52,F2,13.5065,OK,0
2026-07-09 17:43:02,F2,13.5042,OK,0
2026-07-09 17:43:13,F2,13.5020,OK,0
2026-07-09 17:43:23,F2,13.4997,OK,0
2026-07-09 17:43:33,F2,13.4975,OK,0
2026-07-09 17:43:43,F2,13.4952,OK,0
2026-07-09 17:43:54,F2,13.4930,OK,0
2026-07-09 17:44:04,F2,13.4908,OK,0
2026-07-09 17:44:14,F2,13.4885,OK,0
2026-07-09 17:44:24,F2,13.4863,OK,0
2026-07-09 17:44:35,F2,13.4841,OK,0
2026-07-09 17:44:45,F2,13.4819,OK,0
2026-07-09 17:44:55,F2,13.4797,OK,0
2026-07-09 17:45:05,F2,13.4775,OK,0
2026-07-09 17:45:16,F2,13.4753,OK,0
2026-07-09 17:45:26,F2,13.4732,OK,0
2026-07-09 17:45:36,F2,13.4710,OK,0
2026-07-09 17:45:46,F2,13.4688,OK,0
2026-07-09 17:45:57,F2,13.4667,OK,0
2026-07-09 17:46:07,F2,13.4645,OK,0
2026-07-09 17:46:17,F2,13.4624,OK,0
2026-07-09 17:46:27,F2,13.4603,OK,0
2026-07-09 17:46:38,F2,13.4581,OK,0
2026-07-09 17:46:48,F2,13.4560,OK,0
2026-07-09 17:46:58,F2,13.4539,OK,0
2026-07-09 17:47:08,F2,13.4518,OK,0
2026-07-09 17:47:19,F2,13.4497,OK,0
2026-07-09 17:47:29,F2,13.4476,OK,0
2026-07-09 17:47:39,F2,13.4456,OK,1
2026-07-09 17:47:49,F2,13.4435,OK,0
2026-07-09 17:48:00,F2,13.4415,OK,0
2026-07-09 17:48:10,F2,13.4394,OK,0
2026-07-09 17:48:20,F2,13.4374,OK,0
2026-07-09 17:48:30,F2,13.4354,OK,0
2026-07-09 17:48:41,F2,13.4333,OK,0
2026-07-09 17:48:51,F2,13.4313,OK,0
2026-07-09 17:49:01,F2,13.4293,OK,0
2026-07-09 17:49:11,F2,13.4273,OK,0
2026-07-09 17:49:22,F2,13.4253,OK,0
2026-07-09 17:49:32,F2,13.4233,OK,0
2026-07-09 17:49:42,F2,13.4213,OK,0
2026-07-09 17:49:52,F2,13.4194,OK,0
2026-07-09 17:50:03,F2,13.4174,OK,0
2026-07-09 17:50:13,F2,13.4154,OK,0
2026-07-09 17:50:23,F2,13.4135,OK,0
2026-07-09 17:50:33,F2,13.4115,OK,0
2026-07-09 17:50:44,F2,13.4096,OK,0
2026-07-09 17:50:54,F2,13.4076,OK,0
2026-07-09 17:51:04,F2,13.4057,OK,0
2026-07-09 17:51:14,F2,13.4038,OK,0
2026-07-09 17:51:25,F2,13.4019,OK,0
2026-07-09 17:51:35,F2,13.4000,OK,0
2026-07-09 17:51:45,F2,13.3981,OK,0
2026-07-09 17:51:55,F2,13.3962,OK,0
2026-07-09 17:52:06,F2,13.3944,OK,0
2026-07-09 17:52:16,F2,13.3925,OK,0
2026-07-09 17:52:26,F2,13.3907,OK,0
2026-07-09 17:52:36,F2,13.3889,OK,0
2026-07-09 17:52:47,F2,13.3871,OK,0
2026-07-09 17:52:57,F2,13.3853,OK,0
2026-07-09 17:53:07,F2,13.3835,OK,0
2026-07-09 17:53:17,F2,13.3817,OK,0
2026-07-09 17:53:28,F2,13.3799,OK,0
2026-07-09 17:53:38,F2,13.3782,OK,0
2026-07-09 17:53:48,F2,13.3765,OK,0
2026-07-09 17:53:58,F2,13.3747,OK,0
2026-07-09 17:54:09,F2,13.3730,OK,0
2026-07-09 17:54:19,F2,13.3713,OK,0
2026-07-09 17:54:29,F2,13.3697,OK,0
2026-07-09 17:54:39,F2,13.3680,OK,0
2026-07-09 17:54:50,F2,13.3664,OK,0
2026-07-09 17:55:00,F2,13.3647,OK,0
2026-07-09 17:55:10,F2,13.3631,OK,0
2026-07-09 17:55:20,F2,13.3615,OK,0
2026-07-09 17:55:30,F2,13.3599,OK,0
2026-07-09 17:55:41,F2,13.3583,OK,0
2026-07-09 17:55:51,F2,13.3568,OK,0
2026-07-09 17:56:01,F2,13.3552,OK,0
2026-07-09 17:56:11,F2,13.3537,OK,0
2026-07-09 17:56:22,F2,13.3522,OK,0
2026-07-09 17:56:32,F2,13.3507,OK,0
2026-07-09 17:56:42,F2,13.3492,OK,0
2026-07-09 17:56:52,F2,13.3478,OK,0
2026-07-09 17:57:03,F2,13.3464,OK,0
2026-07-09 17:57:13,F2,13.3449,OK,0
2026-07-09 17:57:23,F2,13.3435,OK,0
2026-07-09 17:57:33,F2,13.3422,OK,0
2026-07-09 17:57:44,F2,13.3408,OK,0
2026-07-09 17:57:54,F2,13.3395,OK,0
2026-07-09 17:58:04,F2,13.3381,OK,0
2026-07-09 17:58:14,F2,13.3368,OK,0
2026-07-09 17:58:25,F2,13.3355,OK,0
2026-07-09 17:58:35,F2,13.3343,OK,0
2026-07-09 17:58:45,F2,13.3330,OK,0
2026-07-09 17:58:55,F2,13.3318,OK,0
2026-07-09 17:59:06,F2,13.3306,OK,0
2026-07-09 17:59:16,F2,13.3294,OK,0
2026-07-09 17:59:26,F2,13.3282,OK,0
2026-07-09 17:59:36,F2,13.3271,OK,0
2026-07-09 17:59:47,F2,13.3259,OK,0
2026-07-09 17:59:57,F2,13.3248,OK,0
2026-07-09 18:00:07,F2,13.3237,OK,0
2026-07-09 18:00:17,F2,13.3226,OK,0
2026-07-09 18:00:28,F2,13.3215,OK,0
2026-07-09 18:00:38,F2,13.3205,OK,0
2026-07-09 18:00:48,F2,13.3194,OK,0
2026-07-09 18:00:58,F2,13.3184,OK,0
2026-07-09 18:01:09,F2,13.3174,OK,0
2026-07-09 18:01:19,F2,13.3163,OK,0
2026-07-09 18:01:29,F2,13.3153,OK,0
2026-07-09 18:01:39,F2,13.3144,OK,0
2026-07-09 18:01:50,F2,13.3134,OK,0
2026-07-09 18:02:00,F2,13.3124,OK,0
2026-07-09 18:02:10,F2,13.3114,OK,0
2026-07-09 18:02:20,F2,13.3105,OK,0
2026-07-09 18:02:31,F2,13.3096,OK,0
2026-07-09 18:02:41,F2,13.3086,OK,0
2026-07-09 18:02:51,F2,13.3077,OK,0
2026-07-09 18:03:01,F2,13.3068,OK,0
2026-07-09 18:03:12,F2,13.3059,OK,0
2026-07-09 18:03:22,F2,13.3050,OK,0
2026-07-09 18:03:32,F2,13.3042,OK,0
2026-07-09 18:03:42,F2,13.3033,OK,0
2026-07-09 18:03:53,F2,13.3024,OK,0
2026-07-09 18:04:03,F2,13.3016,OK,0
2026-07-09 18:04:13,F2,13.3008,OK,0
2026-07-09 18:04:23,F2,13.2999,OK,0
2026-07-09 18:04:34,F2,13.2991,OK,0
2026-07-09 18:04:44,F2,13.2983,OK,0
2026-07-09 18:04:54,F2,13.2976,OK,0
2026-07-09 18:05:04,F2,13.2968,OK,0
2026-07-09 18:05:15,F2,13.2960,OK,0
2026-07-09 18:05:25,F2,13.2953,OK,0
2026-07-09 18:05:35,F2,13.2945,OK,0
2026-07-09 18:05:45,F2,13.2938,OK,1
2026-07-09 18:05:56,F2,13.2931,OK,0
2026-07-09 18:06:06,F2,13.2924,OK,0
2026-07-09 18:06:16,F2,13.2917,OK,0
2026-07-09 18:06:26,F2,13.2910,OK,0
2026-07-09 18:06:37,F2,13.2904,OK,0
2026-07-09 18:06:47,F2,13.2897,OK,0
2026-07-09 18:06:57,F2,13.2891,OK,0
2026-07-09 18:07:07,F2,13.2884,OK,0
2026-07-09 18:07:18,F2,13.2878,OK,0
2026-07-09 18:07:28,F2,13.2872,OK,0
2026-07-09 18:07:38,F2,13.2866,OK,0
2026-07-09 18:07:48,F2,13.2860,OK,0
2026-07-09 18:07:59,F2,13.2854,OK,0
2026-07-09 18:08:09,F2,13.2849,OK,0
2026-07-09 18:08:19,F2,13.2843,OK,0
2026-07-09 18:08:29,F2,13.2838,OK,0
2026-07-09 18:08:40,F2,13.2832,OK,0
2026-07-09 18:08:50,F2,13.2827,OK,0
2026-07-09 18:09:00,F2,13.2821,OK,0
2026-07-09 18:09:10,F2,13.2816,OK,0
2026-07-09 18:09:21,F2,13.2811,OK,0
2026-07-09 18:09:31,F2,13.2806,OK,0
2026-07-09 18:09:41,F2,13.2801,OK,0
2026-07-09 18:09:51,F2,13.2796,OK,0
2026-07-09 18:10:01,F2,13.2791,OK,0
2026-07-09 18:10:12,F2,13.2786,OK,0
2026-07-09 18:10:22,F2,13.2782,OK,0
2026-07-09 18:10:32,F2,13.2777,OK,0
2026-07-09 18:10:43,F2,13.2772,OK,0
2026-07-09 18:10:53,F2,13.2768,OK,0
2026-07-09 18:11:03,F2,13.2763,OK,0
2026-07-09 18:11:13,F2,13.2759,OK,0
2026-07-09 18:11:24,F2,13.2754,OK,0
2026-07-09 18:11:34,F2,13.2750,OK,0
2026-07-09 18:11:44,F2,13.2746,OK,0
2026-07-09 18:11:54,F2,13.2742,OK,0
2026-07-09 18:12:05,F2,13.2738,OK,0
2026-07-09 18:12:15,F2,13.2733,OK,0
2026-07-09 18:12:25,F2,13.2729,OK,0
2026-07-09 18:12:35,F2,13.2725,OK,0
2026-07-09 18:12:46,F2,13.2721,OK,0
2026-07-09 18:12:56,F2,13.2717,OK,0
2026-07-09 18:13:06,F2,13.2713,OK,1
2026-07-09 18:13:16,F2,13.2709,OK,1
2026-07-09 18:13:27,F2,13.2706,OK,1
2026-07-09 18:13:37,F2,13.2702,OK,1
2026-07-09 18:13:47,F2,13.2698,OK,1
2026-07-09 18:13:57,F2,13.2694,OK,0
2026-07-09 18:14:07,F2,13.2690,OK,0
2026-07-09 18:14:18,F2,13.2686,OK,0
2026-07-09 18:14:28,F2,13.2682,OK,0
2026-07-09 18:14:38,F2,13.2678,OK,0
2026-07-09 18:14:48,F2,13.2674,OK,0
2026-07-09 18:14:59,F2,13.2670,OK,0
2026-07-09 18:15:09,F2,13.2666,OK,0
2026-07-09 18:15:19,F2,13.2662,OK,0
2026-07-09 18:15:29,F2,13.2659,OK,0
2026-07-09 18:15:40,F2,13.2655,OK,0
2026-07-09 18:15:50,F2,13.2651,OK,0
2026-07-09 18:16:00,F2,13.2648,OK,0
2026-07-09 18:16:10,F2,13.2644,OK,0
2026-07-09 18:16:21,F2,13.2641,OK,0
2026-07-09 18:16:31,F2,13.2637,OK,0
2026-07-09 18:16:41,F2,13.2634,OK,0
2026-07-09 18:16:51,F2,13.2630,OK,0
2026-07-09 18:17:02,F2,13.2627,OK,0
2026-07-09 18:17:12,F2,13.2624,OK,0
2026-07-09 18:17:22,F2,13.2621,OK,0
2026-07-09 18:17:32,F2,13.2618,OK,0
2026-07-09 18:17:43,F2,13.2615,OK,0
2026-07-09 18:17:53,F2,13.2612,OK,0
2026-07-09 18:18:03,F2,13.2609,OK,0
2026-07-09 18:18:13,F2,13.2606,OK,0
2026-07-09 18:18:24,F2,13.2604,OK,0
2026-07-09 18:18:34,F2,13.2601,OK,0
2026-07-09 18:18:44,F2,13.2599,OK,0
2026-07-09 18:18:54,F2,13.2596,OK,0
2026-07-09 18:19:05,F2,13.2594,OK,0
2026-07-09 18:19:15,F2,13.2592,OK,0
2026-07-09 18:19:25,F2,13.2589,OK,0
2026-07-09 18:19:35,F2,13.2587,OK,0
2026-07-09 18:19:46,F2,13.2585,OK,0
2026-07-09 18:19:56,F2,13.2583,OK,0
2026-07-09 18:20:06,F2,13.2581,OK,0
2026-07-09 18:20:16,F2,13.2580,OK,0
2026-07-09 18:20:27,F2,13.2578,OK,0
2026-07-09 18:20:37,F2,13.2576,OK,0
2026-07-09 18:20:47,F2,13.2574,OK,0
2026-07-09 18:20:57,F2,13.2573,OK,0
2026-07-09 18:21:08,F2,13.2571,OK,0
2026-07-09 18:21:18,F2,13.2570,OK,0
2026-07-09 18:21:28,F2,13.2568,OK,0
2026-07-09 18:21:38,F2,13.2567,OK,0
2026-07-09 18:21:49,F2,13.2565,OK,0
2026-07-09 18:21:59,F2,13.2564,OK,0
2026-07-09 18:22:09,F2,13.2563,OK,0
2026-07-09 18:22:19,F2,13.2561,OK,1
2026-07-09 18:22:30,F2,13.2560,OK,0
2026-07-09 18:22:40,F2,13.2559,OK,0
2026-07-09 18:22:50,F2,13.2558,OK,0
2026-07-09 18:23:00,F2,13.2556,OK,0
2026-07-09 18:23:11,F2,13.2555,OK,0
2026-07-09 18:23:21,F2,13.2554,OK,0
2026-07-09 18:23:31,F2,13.2553,OK,0
2026-07-09 18:23:41,F2,13.2551,OK,0
2026-07-09 18:23:52,F2,13.2550,OK,0
2026-07-09 18:24:02,F2,13.2548,OK,0
2026-07-09 18:24:12,F2,13.2547,OK,0
2026-07-09 18:24:22,F2,13.2545,OK,0
2026-07-09 18:24:33,F2,13.2544,OK,0
2026-07-09 18:24:43,F2,13.2542,OK,0
2026-07-09 18:24:53,F2,13.2541,OK,0
2026-07-09 18:25:03,F2,13.2539,OK,0
2026-07-09 18:25:14,F2,13.2537,OK,0
2026-07-09 18:25:24,F2,13.2536,OK,0
2026-07-09 18:25:34,F2,13.2534,OK,0
2026-07-09 18:25:44,F2,13.2532,OK,0
2026-07-09 18:25:55,F2,13.2530,OK,0
2026-07-09 18:26:05,F2,13.2528,OK,0
2026-07-09 18:26:15,F2,13.2527,OK,0
2026-07-09 18:26:25,F2,13.2525,OK,0
2026-07-09 18:26:36,F2,13.2523,OK,0
2026-07-09 18:26:46,F2,13.2521,OK,0
2026-07-09 18:26:56,F2,13.2519,OK,0
2026-07-09 18:27:06,F2,13.2517,OK,1
2026-07-09 18:27:17,F2,13.2515,OK,0
2026-07-09 18:27:27,F2,13.2513,OK,0
2026-07-09 18:27:37,F2,13.2511,OK,0
2026-07-09 18:27:47,F2,13.2510,OK,0
2026-07-09 18:27:58,F2,13.2508,OK,0
2026-07-09 18:28:08,F2,13.2506,OK,0
2026-07-09 18:28:18,F2,13.2504,OK,0
2026-07-09 18:28:28,F2,13.2502,OK,0
2026-07-09 18:28:39,F2,13.2500,OK,0
2026-07-09 18:28:49,F2,13.2498,OK,0
2026-07-09 18:28:59,F2,13.2496,OK,0
2026-07-09 18:29:09,F2,13.2494,OK,0
2026-07-09 18:29:19,F2,13.2492,OK,0
2026-07-09 18:29:30,F2,13.2490,OK,0
2026-07-09 18:29:40,F2,13.2488,OK,0
2026-07-09 18:29:50,F2,13.2486,OK,0
2026-07-09 18:30:00,F2,13.2484,OK,0
2026-07-09 18:30:11,F2,13.2482,OK,0
2026-07-09 18:30:21,F2,13.2480,OK,0
2026-07-09 18:30:31,F2,13.2478,OK,0
2026-07-09 18:30:41,F2,13.2476,OK,0
2026-07-09 18:30:52,F2,13.2474,OK,0
2026-07-09 18:31:02,F2,13.2472,OK,0
2026-07-09 18:31:12,F2,13.2469,OK,0
2026-07-09 18:31:22,F2,13.2467,OK,0
2026-07-09 18:31:33,F2,13.2465,OK,0
2026-07-09 18:31:43,F2,13.2463,OK,0
2026-07-09 18:31:53,F2,13.2460,OK,0
2026-07-09 18:32:03,F2,13.2458,OK,0
2026-07-09 18:32:14,F2,13.2455,OK,0
2026-07-09 18:32:24,F2,13.2453,OK,0
2026-07-09 18:32:34,F2,13.2450,OK,0
2026-07-09 18:32:44,F2,13.2448,OK,0
2026-07-09 18:32:55,F2,13.2445,OK,0
2026-07-09 18:33:05,F2,13.2442,OK,0
2026-07-09 18:33:15,F2,13.2440,OK,0
2026-07-09 18:33:25,F2,13.2437,OK,0
2026-07-09 18:33:36,F2,13.2434,OK,0
2026-07-09 18:33:46,F2,13.2431,OK,0
2026-07-09 18:33:56,F2,13.2428,OK,0
2026-07-09 18:34:06,F2,13.2425,OK,0
2026-07-09 18:34:17,F2,13.2422,OK,0
2026-07-09 18:34:27,F2,13.2418,OK,0
2026-07-09 18:34:37,F2,13.2415,OK,0
2026-07-09 18:34:47,F2,13.2411,OK,0
2026-07-09 18:34:57,F2,13.2408,OK,0
2026-07-09 18:35:08,F2,13.2404,OK,0
2026-07-09 18:35:18,F2,13.2400,OK,0
2026-07-09 18:35:28,F2,13.2396,OK,0
2026-07-09 18:35:39,F2,13.2392,OK,0
2026-07-09 18:35:49,F2,13.2388,OK,0
2026-07-09 18:35:59,F2,13.2383,OK,0
2026-07-09 18:36:09,F2,13.2379,OK,0
2026-07-09 18:36:20,F2,13.2374,OK,0
2026-07-09 18:36:30,F2,13.2369,OK,0
2026-07-09 18:36:40,F2,13.2364,OK,0
2026-07-09 18:36:50,F2,13.2359,OK,0
2026-07-09 18:37:01,F2,13.2354,OK,0
2026-07-09 18:37:11,F2,13.2349,OK,0
2026-07-09 18:37:21,F2,13.2344,OK,0
2026-07-09 18:37:32,F2,13.2338,OK,0
2026-07-09 18:37:42,F2,13.2333,OK,0
2026-07-09 18:37:52,F2,13.2327,OK,0
2026-07-09 18:38:02,F2,13.2321,OK,0
2026-07-09 18:38:13,F2,13.2315,OK,0
2026-07-09 18:38:23,F2,13.2309,OK,0
2026-07-09 18:38:33,F2,13.2303,OK,0
2026-07-09 18:38:43,F2,13.2297,OK,0
2026-07-09 18:38:54,F2,13.2291,OK,0
2026-07-09 18:39:04,F2,13.2284,OK,0
2026-07-09 18:39:14,F2,13.2278,OK,0
2026-07-09 18:39:25,F2,13.2271,OK,0
2026-07-09 18:39:35,F2,13.2265,OK,0
2026-07-09 18:39:45,F2,13.2258,OK,0
2026-07-09 18:39:55,F2,13.2251,OK,0
2026-07-09 18:40:06,F2,13.2244,OK,0
2026-07-09 18:40:16,F2,13.2236,OK,0
2026-07-09 18:40:26,F2,13.2229,OK,0
2026-07-09 18:40:36,F2,13.2222,OK,0
2026-07-09 18:40:47,F2,13.2214,OK,0
2026-07-09 18:40:57,F2,13.2207,OK,0
2026-07-09 18:41:07,F2,13.2199,OK,0
2026-07-09 18:41:17,F2,13.2191,OK,0
2026-07-09 18:41:28,F2,13.2183,OK,0
2026-07-09 18:41:38,F2,13.2175,OK,0
2026-07-09 18:41:48,F2,13.2166,OK,0
2026-07-09 18:41:58,F2,13.2158,OK,0
2026-07-09 18:42:09,F2,13.2149,OK,0
2026-07-09 18:42:19,F2,13.2141,OK,0
2026-07-09 18:42:29,F2,13.2132,OK,0
2026-07-09 18:42:39,F2,13.2123,OK,0
2026-07-09 18:42:50,F2,13.2114,OK,0
2026-07-09 18:43:00,F2,13.2104,OK,0
2026-07-09 18:43:10,F2,13.2095,OK,0
2026-07-09 18:43:20,F2,13.2086,OK,0
2026-07-09 18:43:31,F2,13.2076,OK,0
2026-07-09 18:43:41,F2,13.2066,OK,0
2026-07-09 18:43:51,F2,13.2056,OK,0
2026-07-09 18:44:01,F2,13.2046,OK,0
2026-07-09 18:44:12,F2,13.2036,OK,0
2026-07-09 18:44:22,F2,13.2025,OK,0
2026-07-09 18:44:32,F2,13.2015,OK,0
2026-07-09 18:44:42,F2,13.2004,OK,0
2026-07-09 18:44:53,F2,13.1993,OK,0
2026-07-09 18:45:03,F2,13.1982,OK,0
2026-07-09 18:45:13,F2,13.1971,OK,0
2026-07-09 18:45:23,F2,13.1960,OK,0
2026-07-09 18:45:34,F2,13.1948,OK,1
2026-07-09 18:45:44,F2,13.1936,OK,1
2026-07-09 18:45:54,F2,13.1925,OK,1
2026-07-09 18:46:04,F2,13.1912,OK,0
2026-07-09 18:46:15,F2,13.1900,OK,0
2026-07-09 18:46:25,F2,13.1888,OK,0
2026-07-09 18:46:35,F2,13.1875,OK,0
2026-07-09 18:46:45,F2,13.1863,OK,0
2026-07-09 18:46:56,F2,13.1850,OK,0
2026-07-09 18:47:06,F2,13.1836,OK,0
2026-07-09 18:47:16,F2,13.1823,OK,0
2026-07-09 18:47:26,F2,13.1810,OK,0
2026-07-09 18:47:37,F2,13.1796,OK,0
2026-07-09 18:47:47,F2,13.1782,OK,0
2026-07-09 18:47:57,F2,13.1768,OK,0
2026-07-09 18:48:07,F2,13.1754,OK,0
2026-07-09 18:48:18,F2,13.1739,OK,0
2026-07-09 18:48:28,F2,13.1724,OK,0
2026-07-09 18:48:38,F2,13.1710,OK,0
2026-07-09 18:48:48,F2,13.1695,OK,0
2026-07-09 18:48:58,F2,13.1680,OK,0
2026-07-09 18:49:09,F2,13.1664,OK,0
2026-07-09 18:49:19,F2,13.1649,OK,0
2026-07-09 18:49:29,F2,13.1634,OK,0
2026-07-09 18:49:39,F2,13.1618,OK,0
2026-07-09 18:49:50,F2,13.1603,OK,0
2026-07-09 18:50:00,F2,13.1587,OK,0
2026-07-09 18:50:10,F2,13.1571,OK,0
2026-07-09 18:50:20,F2,13.1555,OK,0
2026-07-09 18:50:31,F2,13.1539,OK,0
2026-07-09 18:50:41,F2,13.1524,OK,0
2026-07-09 18:50:51,F2,13.1508,OK,0
2026-07-09 18:51:01,F2,13.1492,OK,0
2026-07-09 18:51:12,F2,13.1476,OK,0
2026-07-09 18:51:22,F2,13.1459,OK,0
2026-07-09 18:51:32,F2,13.1443,OK,0
2026-07-09 18:51:42,F2,13.1427,OK,0
2026-07-09 18:51:53,F2,13.1411,OK,0
2026-07-09 18:52:03,F2,13.1395,OK,0
2026-07-09 18:52:13,F2,13.1379,OK,0
2026-07-09 18:52:23,F2,13.1362,OK,0
2026-07-09 18:52:34,F2,13.1346,OK,0
2026-07-09 18:52:44,F2,13.1330,OK,0
2026-07-09 18:52:54,F2,13.1314,OK,0
2026-07-09 18:53:04,F2,13.1297,OK,0
2026-07-09 18:53:14,F2,13.1281,OK,0
2026-07-09 18:53:25,F2,13.1265,OK,0
2026-07-09 18:53:35,F2,13.1249,OK,0
2026-07-09 18:53:45,F2,13.1232,OK,0
2026-07-09 18:53:55,F2,13.1216,OK,0
2026-07-09 18:54:06,F2,13.1200,OK,0
2026-07-09 18:54:16,F2,13.1184,OK,0
2026-07-09 18:54:26,F2,13.1168,OK,0
2026-07-09 18:54:36,F2,13.1151,OK,0
2026-07-09 18:54:47,F2,13.1135,OK,0
2026-07-09 18:54:57,F2,13.1119,OK,0
2026-07-09 18:55:07,F2,13.1103,OK,0
2026-07-09 18:55:17,F2,13.1086,OK,0
2026-07-09 18:55:28,F2,13.1070,OK,0
2026-07-09 18:55:38,F2,13.1054,OK,1
2026-07-09 18:55:48,F2,13.1038,OK,0
2026-07-09 18:55:58,F2,13.1022,OK,0
2026-07-09 18:56:09,F2,13.1006,OK,0
2026-07-09 18:56:19,F2,13.0989,OK,0
2026-07-09 18:56:29,F2,13.0973,OK,0
2026-07-09 18:56:39,F2,13.0957,OK,0
2026-07-09 18:56:50,F2,13.0941,OK,1
2026-07-09 18:57:00,F2,13.0925,OK,0
2026-07-09 18:57:10,F2,13.0909,OK,0
2026-07-09 18:57:20,F2,13.0892,OK,0
2026-07-09 18:57:31,F2,13.0876,OK,0
2026-07-09 18:57:41,F2,13.0860,OK,0
2026-07-09 18:57:51,F2,13.0844,OK,0
2026-07-09 18:58:01,F2,13.0827,OK,0
2026-07-09 18:58:12,F2,13.0811,OK,0
2026-07-09 18:58:22,F2,13.0795,OK,0
2026-07-09 18:58:32,F2,13.0778,OK,0
2026-07-09 18:58:42,F2,13.0762,OK,0
2026-07-09 18:58:53,F2,13.0745,OK,0
2026-07-09 18:59:03,F2,13.0728,OK,0
2026-07-09 18:59:13,F2,13.0712,OK,0
2026-07-09 18:59:23,F2,13.0695,OK,0
2026-07-09 18:59:34,F2,13.0678,OK,0
2026-07-09 18:59:44,F2,13.0661,OK,0
2026-07-09 18:59:54,F2,13.0644,OK,0
2026-07-09 19:00:04,F2,13.0627,OK,0
2026-07-09 19:00:15,F2,13.0610,OK,0
2026-07-09 19:00:25,F2,13.0594,OK,0
2026-07-09 19:00:35,F2,13.0577,OK,0
2026-07-09 19:00:45,F2,13.0560,OK,0
2026-07-09 19:00:56,F2,13.0543,OK,0
2026-07-09 19:01:06,F2,13.0526,OK,0
2026-07-09 19:01:16,F2,13.0509,OK,0
2026-07-09 19:01:26,F2,13.0492,OK,0
2026-07-09 19:01:37,F2,13.0475,OK,0
2026-07-09 19:01:47,F2,13.0459,OK,0
2026-07-09 19:01:57,F2,13.0442,OK,0
2026-07-09 19:02:07,F2,13.0425,OK,0
2026-07-09 19:02:18,F2,13.0408,OK,0
2026-07-09 19:02:28,F2,13.0391,OK,0
2026-07-09 19:02:38,F2,13.0375,OK,0
2026-07-09 19:02:48,F2,13.0358,OK,0
2026-07-09 19:02:59,F2,13.0341,OK,0
2026-07-09 19:03:09,F2,13.0324,OK,0
2026-07-09 19:03:19,F2,13.0308,OK,0
2026-07-09 19:03:29,F2,13.0291,OK,0
2026-07-09 19:03:40,F2,13.0275,OK,0
2026-07-09 19:03:50,F2,13.0258,OK,0
2026-07-09 19:04:00,F2,13.0241,OK,0
2026-07-09 19:04:10,F2,13.0225,OK,0
2026-07-09 19:04:21,F2,13.0208,OK,0
2026-07-09 19:04:31,F2,13.0192,OK,0
2026-07-09 19:04:41,F2,13.0175,OK,0
2026-07-09 19:04:51,F2,13.0159,OK,0
2026-07-09 19:05:02,F2,13.0143,OK,0
2026-07-09 19:05:12,F2,13.0126,OK,0
2026-07-09 19:05:22,F2,13.0110,OK,0
2026-07-09 19:05:32,F2,13.0094,OK,0
2026-07-09 19:05:43,F2,13.0077,OK,1
2026-07-09 19:05:53,F2,13.0061,OK,0
2026-07-09 19:06:03,F2,13.0045,OK,0
2026-07-09 19:06:13,F2,13.0029,OK,0
2026-07-09 19:06:23,F2,13.0012,OK,0
2026-07-09 19:06:34,F2,12.9996,OK,0
2026-07-09 19:06:44,F2,12.9980,OK,0
2026-07-09 19:06:54,F2,12.9964,OK,0
2026-07-09 19:07:04,F2,12.9948,OK,0
2026-07-09 19:07:15,F2,12.9932,OK,0
2026-07-09 19:07:25,F2,12.9916,OK,0
2026-07-09 19:07:35,F2,12.9900,OK,0
2026-07-09 19:07:45,F2,12.9884,OK,1
2026-07-09 19:07:56,F2,12.9868,OK,1
2026-07-09 19:08:06,F2,12.9852,OK,1
2026-07-09 19:08:16,F2,12.9837,OK,1
2026-07-09 19:08:26,F2,12.9821,OK,0
2026-07-09 19:08:37,F2,12.9805,OK,0
2026-07-09 19:08:47,F2,12.9790,OK,0
2026-07-09 19:08:57,F2,12.9774,OK,0
2026-07-09 19:09:07,F2,12.9759,OK,0
2026-07-09 19:09:18,F2,12.9743,OK,0
2026-07-09 19:09:28,F2,12.9728,OK,0
2026-07-09 19:09:38,F2,12.9712,OK,0
2026-07-09 19:09:48,F2,12.9697,OK,0
2026-07-09 19:09:59,F2,12.9681,OK,0
2026-07-09 19:10:09,F2,12.9666,OK,0
2026-07-09 19:10:19,F2,12.9650,OK,0
2026-07-09 19:10:29,F2,12.9635,OK,0
2026-07-09 19:10:40,F2,12.9619,OK,0
2026-07-09 19:10:50,F2,12.9604,OK,0
2026-07-09 19:11:00,F2,12.9589,OK,0
2026-07-09 19:11:10,F2,12.9573,OK,0
2026-07-09 19:11:21,F2,12.9558,OK,0
2026-07-09 19:11:31,F2,12.9543,OK,0
2026-07-09 19:11:41,F2,12.9527,OK,0
2026-07-09 19:11:51,F2,12.9512,OK,0
2026-07-09 19:12:02,F2,12.9497,OK,0
2026-07-09 19:12:12,F2,12.9482,OK,0
2026-07-09 19:12:22,F2,12.9466,OK,0
2026-07-09 19:12:32,F2,12.9451,OK,0
2026-07-09 19:12:43,F2,12.9436,OK,0
2026-07-09 19:12:53,F2,12.9421,OK,0
2026-07-09 19:13:03,F2,12.9406,OK,0
2026-07-09 19:13:13,F2,12.9391,OK,0
2026-07-09 19:13:24,F2,12.9376,OK,0
2026-07-09 19:13:34,F2,12.9361,OK,0
2026-07-09 19:13:44,F2,12.9346,OK,0
2026-07-09 19:13:54,F2,12.9331,OK,0
2026-07-09 19:14:05,F2,12.9316,OK,0
2026-07-09 19:14:15,F2,12.9301,OK,0
2026-07-09 19:14:25,F2,12.9286,OK,0
2026-07-09 19:14:35,F2,12.9272,OK,0
2026-07-09 19:14:46,F2,12.9257,OK,0
2026-07-09 19:14:56,F2,12.9242,OK,0
2026-07-09 19:15:06,F2,12.9227,OK,0
2026-07-09 19:15:16,F2,12.9213,OK,0
2026-07-09 19:15:26,F2,12.9198,OK,0
2026-07-09 19:15:37,F2,12.9183,OK,0
2026-07-09 19:15:47,F2,12.9169,OK,0
2026-07-09 19:15:57,F2,12.9154,OK,0
2026-07-09 19:16:07,F2,12.9139,OK,0
2026-07-09 19:16:18,F2,12.9125,OK,0
2026-07-09 19:16:28,F2,12.9110,OK,0
2026-07-09 19:16:38,F2,12.9096,OK,0
2026-07-09 19:16:48,F2,12.9081,OK,0
2026-07-09 19:16:59,F2,12.9067,OK,0
2026-07-09 19:17:09,F2,12.9052,OK,0
2026-07-09 19:17:19,F2,12.9038,OK,0
2026-07-09 19:17:29,F2,12.9024,OK,0
2026-07-09 19:17:40,F2,12.9009,OK,0
2026-07-09 19:17:50,F2,12.8995,OK,0
2026-07-09 19:18:00,F2,12.8981,OK,0
2026-07-09 19:18:10,F2,12.8967,OK,0
2026-07-09 19:18:21,F2,12.8952,OK,0
2026-07-09 19:18:31,F2,12.8938,OK,0
2026-07-09 19:18:41,F2,12.8924,OK,0
2026-07-09 19:18:51,F2,12.8910,OK,0
2026-07-09 19:19:02,F2,12.8896,OK,0
2026-07-09 19:19:12,F2,12.8882,OK,1
2026-07-09 19:19:22,F2,12.8868,OK,0
2026-07-09 19:19:32,F2,12.8854,OK,1
2026-07-09 19:19:43,F2,12.8840,OK,1
2026-07-09 19:19:53,F2,12.8826,OK,1
2026-07-09 19:20:03,F2,12.8812,OK,0
2026-07-09 19:20:13,F2,12.8798,OK,0
2026-07-09 19:20:24,F2,12.8784,OK,0
2026-07-09 19:20:34,F2,12.8770,OK,0
2026-07-09 19:20:44,F2,12.8756,OK,0
2026-07-09 19:20:54,F2,12.8742,OK,0
2026-07-09 19:21:05,F2,12.8728,OK,0
2026-07-09 19:21:15,F2,12.8714,OK,0
2026-07-09 19:21:25,F2,12.8700,OK,0
2026-07-09 19:21:35,F2,12.8686,OK,0
2026-07-09 19:21:46,F2,12.8672,OK,0
2026-07-09 19:21:56,F2,12.8658,OK,0
2026-07-09 19:22:06,F2,12.8644,OK,0
2026-07-09 19:22:16,F2,12.8630,OK,0
2026-07-09 19:22:27,F2,12.8616,OK,0
2026-07-09 19:22:37,F2,12.8602,OK,0
2026-07-09 19:22:47,F2,12.8588,OK,0
2026-07-09 19:22:57,F2,12.8574,OK,0
2026-07-09 19:23:08,F2,12.8560,OK,0
2026-07-09 19:23:18,F2,12.8546,OK,0
2026-07-09 19:23:28,F2,12.8532,OK,0
2026-07-09 19:23:38,F2,12.8518,OK,0
2026-07-09 19:23:49,F2,12.8504,OK,0
2026-07-09 19:23:59,F2,12.8490,OK,0
2026-07-09 19:24:09,F2,12.8476,OK,0
2026-07-09 19:24:19,F2,12.8463,OK,0
2026-07-09 19:24:29,F2,12.8449,OK,0
2026-07-09 19:24:40,F2,12.8435,OK,0
2026-07-09 19:24:50,F2,12.8421,OK,0
2026-07-09 19:25:00,F2,12.8408,OK,0
2026-07-09 19:25:10,F2,12.8394,OK,0
2026-07-09 19:25:21,F2,12.8380,OK,0
2026-07-09 19:25:31,F2,12.8367,OK,0
2026-07-09 19:25:41,F2,12.8353,OK,0
2026-07-09 19:25:51,F2,12.8340,OK,0
2026-07-09 19:26:02,F2,12.8326,OK,0
2026-07-09 19:26:12,F2,12.8313,OK,0
2026-07-09 19:26:22,F2,12.8300,OK,0
2026-07-09 19:26:32,F2,12.8286,OK,0
2026-07-09 19:26:43,F2,12.8273,OK,0
2026-07-09 19:26:53,F2,12.8260,OK,0
2026-07-09 19:27:03,F2,12.8247,OK,0
2026-07-09 19:27:13,F2,12.8234,OK,0
2026-07-09 19:27:24,F2,12.8221,OK,0
2026-07-09 19:27:34,F2,12.8208,OK,0
2026-07-09 19:27:44,F2,12.8196,OK,0
2026-07-09 19:27:54,F2,12.8183,OK,0
2026-07-09 19:28:05,F2,12.8171,OK,0
2026-07-09 19:28:15,F2,12.8158,OK,0
2026-07-09 19:28:25,F2,12.8146,OK,1
2026-07-09 19:28:35,F2,12.8134,OK,0
2026-07-09 19:28:46,F2,12.8121,OK,0
2026-07-09 19:28:56,F2,12.8109,OK,0
2026-07-09 19:29:06,F2,12.8097,OK,0
2026-07-09 19:29:16,F2,12.8085,OK,0
2026-07-09 19:29:27,F2,12.8074,OK,0
2026-07-09 19:29:37,F2,12.8062,OK,0
2026-07-09 19:29:47,F2,12.8050,OK,0
2026-07-09 19:29:57,F2,12.8039,OK,0
2026-07-09 19:30:08,F2,12.8027,OK,0
2026-07-09 19:30:18,F2,12.8016,OK,0
2026-07-09 19:30:28,F2,12.8005,OK,0
2026-07-09 19:30:38,F2,12.7994,OK,0
2026-07-09 19:30:49,F2,12.7983,OK,0
2026-07-09 19:30:59,F2,12.7972,OK,1
2026-07-09 19:31:09,F2,12.7961,OK,1
2026-07-09 19:31:19,F2,12.7950,OK,1
2026-07-09 19:31:30,F2,12.7940,OK,0
2026-07-09 19:31:40,F2,12.7929,OK,0
2026-07-09 19:31:50,F2,12.7919,OK,0
2026-07-09 19:32:00,F2,12.7908,OK,0
2026-07-09 19:32:11,F2,12.7898,OK,0
2026-07-09 19:32:21,F2,12.7888,OK,0
2026-07-09 19:32:31,F2,12.7878,OK,0
2026-07-09 19:32:41,F2,12.7868,OK,0
2026-07-09 19:32:52,F2,12.7858,OK,0
2026-07-09 19:33:02,F2,12.7848,OK,0
2026-07-09 19:33:12,F2,12.7838,OK,0
2026-07-09 19:33:22,F2,12.7828,OK,0
2026-07-09 19:33:33,F2,12.7818,OK,0
2026-07-09 19:33:43,F2,12.7808,OK,0
2026-07-09 19:33:53,F2,12.7798,OK,0
2026-07-09 19:34:03,F2,12.7789,OK,0
2026-07-09 19:34:14,F2,12.7779,OK,0
2026-07-09 19:34:24,F2,12.7769,OK,0
2026-07-09 19:34:34,F2,12.7760,OK,0
2026-07-09 19:34:44,F2,12.7750,OK,0
2026-07-09 19:34:54,F2,12.7741,OK,0
2026-07-09 19:35:05,F2,12.7732,OK,0
2026-07-09 19:35:15,F2,12.7722,OK,0
2026-07-09 19:35:25,F2,12.7713,OK,0
2026-07-09 19:35:36,F2,12.7704,OK,0
2026-07-09 19:35:46,F2,12.7695,OK,0
2026-07-09 19:35:56,F2,12.7686,OK,0
2026-07-09 19:36:06,F2,12.7677,OK,0
2026-07-09 19:36:17,F2,12.7668,OK,0
2026-07-09 19:36:27,F2,12.7659,OK,0
2026-07-09 19:36:37,F2,12.7650,OK,0
2026-07-09 19:36:47,F2,12.7642,OK,0
2026-07-09 19:36:58,F2,12.7633,OK,0
2026-07-09 19:37:08,F2,12.7625,OK,0
2026-07-09 19:37:18,F2,12.7616,OK,0
2026-07-09 19:37:28,F2,12.7608,OK,0
2026-07-09 19:37:39,F2,12.7599,OK,0
2026-07-09 19:37:49,F2,12.7591,OK,0
2026-07-09 19:37:59,F2,12.7583,OK,0
2026-07-09 19:38:09,F2,12.7574,OK,0
2026-07-09 19:38:20,F2,12.7566,OK,0
2026-07-09 19:38:30,F2,12.7558,OK,0
2026-07-09 19:38:40,F2,12.7550,OK,0
2026-07-09 19:38:50,F2,12.7542,OK,0
2026-07-09 19:39:01,F2,12.7534,OK,0
2026-07-09 19:39:11,F2,12.7526,OK,0
2026-07-09 19:39:21,F2,12.7518,OK,0
2026-07-09 19:39:31,F2,12.7510,OK,0
2026-07-09 19:39:42,F2,12.7502,OK,0
2026-07-09 19:39:52,F2,12.7494,OK,0
2026-07-09 19:40:02,F2,12.7486,OK,0
2026-07-09 19:40:12,F2,12.7478,OK,0
2026-07-09 19:40:23,F2,12.7470,OK,0
2026-07-09 19:40:33,F2,12.7463,OK,0
2026-07-09 19:40:43,F2,12.7455,OK,0
2026-07-09 19:40:53,F2,12.7447,OK,0
2026-07-09 19:41:04,F2,12.7439,OK,0
2026-07-09 19:41:14,F2,12.7432,OK,0
2026-07-09 19:41:24,F2,12.7424,OK,0
2026-07-09 19:41:34,F2,12.7417,OK,0
2026-07-09 19:41:45,F2,12.7409,OK,0
2026-07-09 19:41:55,F2,12.7402,OK,0
2026-07-09 19:42:05,F2,12.7394,OK,0
2026-07-09 19:42:15,F2,12.7387,OK,0
2026-07-09 19:42:26,F2,12.7379,OK,1
2026-07-09 19:42:36,F2,12.7372,OK,0
2026-07-09 19:42:46,F2,12.7364,OK,0
2026-07-09 19:42:56,F2,12.7357,OK,0
2026-07-09 19:43:07,F2,12.7350,OK,0
2026-07-09 19:43:17,F2,12.7342,OK,0
2026-07-09 19:43:27,F2,12.7335,OK,0
2026-07-09 19:43:37,F2,12.7328,OK,0
2026-07-09 19:43:48,F2,12.7321,OK,0
2026-07-09 19:43:58,F2,12.7313,OK,0
2026-07-09 19:44:08,F2,12.7306,OK,0
2026-07-09 19:44:18,F2,12.7299,OK,0
2026-07-09 19:44:29,F2,12.7292,OK,0
2026-07-09 19:44:39,F2,12.7284,OK,0
2026-07-09 19:44:49,F2,12.7277,OK,0
2026-07-09 19:44:59,F2,12.7270,OK,0
2026-07-09 19:45:10,F2,12.7262,OK,0
2026-07-09 19:45:20,F2,12.7255,OK,0
2026-07-09 19:45:30,F2,12.7248,OK,0
2026-07-09 19:45:40,F2,12.7240,OK,0
2026-07-09 19:45:50,F2,12.7233,OK,0
2026-07-09 19:46:01,F2,12.7226,OK,0
2026-07-09 19:46:11,F2,12.7218,OK,0
2026-07-09 19:46:21,F2,12.7211,OK,0
2026-07-09 19:46:31,F2,12.7204,OK,0
2026-07-09 19:46:42,F2,12.7197,OK,0
2026-07-09 19:46:52,F2,12.7190,OK,0
2026-07-09 19:47:02,F2,12.7182,OK,0
2026-07-09 19:47:12,F2,12.7175,OK,0
2026-07-09 19:47:23,F2,12.7168,OK,0
2026-07-09 19:47:33,F2,12.7161,OK,0
2026-07-09 19:47:43,F2,12.7154,OK,0
2026-07-09 19:47:53,F2,12.7147,OK,0
2026-07-09 19:48:04,F2,12.7140,OK,0
2026-07-09 19:48:14,F2,12.7133,OK,0
2026-07-09 19:48:24,F2,12.7126,OK,0
2026-07-09 19:48:34,F2,12.7119,OK,0
2026-07-09 19:48:45,F2,12.7113,OK,0
2026-07-09 19:48:55,F2,12.7106,OK,0
2026-07-09 19:49:05,F2,12.7099,OK,0
2026-07-09 19:49:15,F2,12.7092,OK,0
2026-07-09 19:49:26,F2,12.7086,OK,0
2026-07-09 19:49:36,F2,12.7079,OK,0
2026-07-09 19:49:46,F2,12.7073,OK,0
2026-07-09 19:49:56,F2,12.7066,OK,0
2026-07-09 19:50:07,F2,12.7060,OK,0
2026-07-09 19:50:17,F2,12.7053,OK,0
2026-07-09 19:50:27,F2,12.7047,OK,0
2026-07-09 19:50:37,F2,12.7040,OK,0
2026-07-09 19:50:48,F2,12.7034,OK,0
2026-07-09 19:50:58,F2,12.7028,OK,0
2026-07-09 19:51:08,F2,12.7021,OK,0
2026-07-09 19:51:18,F2,12.7015,OK,0
2026-07-09 19:51:29,F2,12.7009,OK,0
2026-07-09 19:51:39,F2,12.7003,OK,0
2026-07-09 19:51:49,F2,12.6996,OK,0
2026-07-09 19:51:59,F2,12.6990,OK,0
2026-07-09 19:52:10,F2,12.6984,OK,0
2026-07-09 19:52:20,F2,12.6978,OK,0
2026-07-09 19:52:30,F2,12.6972,OK,0
2026-07-09 19:52:40,F2,12.6966,OK,0
2026-07-09 19:52:51,F2,12.6960,OK,0
2026-07-09 19:53:01,F2,12.6954,OK,0
2026-07-09 19:53:11,F2,12.6947,OK,0
2026-07-09 19:53:21,F2,12.6941,OK,1
2026-07-09 19:53:32,F2,12.6935,OK,1
2026-07-09 19:53:42,F2,12.6929,OK,0
2026-07-09 19:53:52,F2,12.6923,OK,0
2026-07-09 19:54:03,F2,12.6917,OK,0
2026-07-09 19:54:13,F2,12.6910,OK,0
2026-07-09 19:54:23,F2,12.6904,OK,0
2026-07-09 19:54:33,F2,12.6898,OK,0
2026-07-09 19:54:44,F2,12.6892,OK,0
2026-07-09 19:54:54,F2,12.6885,OK,0
2026-07-09 19:55:04,F2,12.6879,OK,0
2026-07-09 19:55:14,F2,12.6872,OK,0
2026-07-09 19:55:25,F2,12.6866,OK,0
2026-07-09 19:55:35,F2,12.6859,OK,0
2026-07-09 19:55:45,F2,12.6852,OK,0
2026-07-09 19:55:55,F2,12.6845,OK,0
2026-07-09 19:56:06,F2,12.6838,OK,0
2026-07-09 19:56:16,F2,12.6831,OK,0
2026-07-09 19:56:26,F2,12.6824,OK,0
2026-07-09 19:56:36,F2,12.6817,OK,0
2026-07-09 19:56:47,F2,12.6810,OK,0
2026-07-09 19:56:57,F2,12.6803,OK,0
2026-07-09 19:57:07,F2,12.6795,OK,0
2026-07-09 19:57:17,F2,12.6788,OK,0
2026-07-09 19:57:28,F2,12.6781,OK,0
2026-07-09 19:57:38,F2,12.6773,OK,0
2026-07-09 19:57:48,F2,12.6766,OK,0
2026-07-09 19:57:58,F2,12.6758,OK,0
2026-07-09 19:58:09,F2,12.6751,OK,0
2026-07-09 19:58:19,F2,12.6743,OK,0
2026-07-09 19:58:29,F2,12.6735,OK,0
2026-07-09 19:58:39,F2,12.6728,OK,0
2026-07-09 19:58:50,F2,12.6720,OK,0
2026-07-09 19:59:00,F2,12.6712,OK,0
2026-07-09 19:59:10,F2,12.6705,OK,0
2026-07-09 19:59:20,F2,12.6697,OK,0
2026-07-09 19:59:30,F2,12.6689,OK,0
2026-07-09 19:59:41,F2,12.6682,OK,0
2026-07-09 19:59:51,F2,12.6674,OK,0
2026-07-09 20:00:01,F2,12.6666,OK,0
2026-07-09 20:00:11,F2,12.6658,OK,0
2026-07-09 20:00:22,F2,12.6651,OK,0
2026-07-09 20:00:32,F2,12.6643,OK,0
2026-07-09 20:00:42,F2,12.6635,OK,0
2026-07-09 20:00:52,F2,12.6627,OK,0
2026-07-09 20:01:03,F2,12.6619,OK,0
2026-07-09 20:01:13,F2,12.6612,OK,0
2026-07-09 20:01:23,F2,12.6604,OK,0
2026-07-09 20:01:33,F2,12.6596,OK,0
2026-07-09 20:01:44,F2,12.6588,OK,0
2026-07-09 20:01:54,F2,12.6580,OK,0
2026-07-09 20:02:04,F2,12.6572,OK,0
2026-07-09 20:02:14,F2,12.6563,OK,0
2026-07-09 20:02:25,F2,12.6555,OK,0
2026-07-09 20:02:35,F2,12.6547,OK,0
2026-07-09 20:02:45,F2,12.6539,OK,0
2026-07-09 20:02:55,F2,12.6531,OK,0
2026-07-09 20:03:06,F2,12.6522,OK,0
2026-07-09 20:03:16,F2,12.6514,OK,0
2026-07-09 20:03:26,F2,12.6505,OK,0
2026-07-09 20:03:36,F2,12.6497,OK,0
2026-07-09 20:03:47,F2,12.6488,OK,0
2026-07-09 20:03:57,F2,12.6480,OK,0
2026-07-09 20:04:07,F2,12.6471,OK,0
2026-07-09 20:04:17,F2,12.6463,OK,0
2026-07-09 20:04:28,F2,12.6454,OK,0
2026-07-09 20:04:38,F2,12.6445,OK,0
2026-07-09 20:04:48,F2,12.6436,OK,0
2026-07-09 20:04:58,F2,12.6427,OK,0
2026-07-09 20:05:09,F2,12.6418,OK,0
2026-07-09 20:05:19,F2,12.6409,OK,0
2026-07-09 20:05:29,F2,12.6400,OK,0
2026-07-09 20:05:39,F2,12.6390,OK,0
2026-07-09 20:05:50,F2,12.6381,OK,0
2026-07-09 20:06:00,F2,12.6371,OK,0
2026-07-09 20:06:10,F2,12.6362,OK,0
2026-07-09 20:06:20,F2,12.6352,OK,0
2026-07-09 20:06:30,F2,12.6342,OK,0
2026-07-09 20:06:41,F2,12.6332,OK,0
2026-07-09 20:06:51,F2,12.6322,OK,0
2026-07-09 20:07:01,F2,12.6311,OK,0
2026-07-09 20:07:11,F2,12.6301,OK,0
2026-07-09 20:07:22,F2,12.6290,OK,0
2026-07-09 20:07:32,F2,12.6279,OK,0
2026-07-09 20:07:42,F2,12.6268,OK,0
2026-07-09 20:07:53,F2,12.6257,OK,0
2026-07-09 20:08:03,F2,12.6246,OK,0
2026-07-09 20:08:13,F2,12.6235,OK,0
2026-07-09 20:08:23,F2,12.6224,OK,0
2026-07-09 20:08:34,F2,12.6212,OK,0
2026-07-09 20:08:44,F2,12.6201,OK,0
2026-07-09 20:08:54,F2,12.6189,OK,0
2026-07-09 20:09:04,F2,12.6177,OK,0
2026-07-09 20:09:14,F2,12.6165,OK,0
2026-07-09 20:09:25,F2,12.6153,OK,0
2026-07-09 20:09:35,F2,12.6141,OK,0
2026-07-09 20:09:45,F2,12.6129,OK,0
2026-07-09 20:09:55,F2,12.6117,OK,0
2026-07-09 20:10:06,F2,12.6105,OK,0
2026-07-09 20:10:16,F2,12.6092,OK,0
2026-07-09 20:10:26,F2,12.6080,OK,0
2026-07-09 20:10:36,F2,12.6067,OK,0
2026-07-09 20:10:47,F2,12.6054,OK,0
2026-07-09 20:10:57,F2,12.6042,OK,0
2026-07-09 20:11:07,F2,12.6029,OK,0
2026-07-09 20:11:17,F2,12.6016,OK,0
2026-07-09 20:11:28,F2,12.6003,OK,0
2026-07-09 20:11:38,F2,12.5990,OK,0
2026-07-09 20:11:48,F2,12.5976,OK,0
2026-07-09 20:11:58,F2,12.5963,OK,0
2026-07-09 20:12:09,F2,12.5950,OK,0
2026-07-09 20:12:19,F2,12.5937,OK,0
2026-07-09 20:12:29,F2,12.5923,OK,0
2026-07-09 20:12:39,F2,12.5910,OK,0
2026-07-09 20:12:50,F2,12.5896,OK,0
2026-07-09 20:13:00,F2,12.5882,OK,0
2026-07-09 20:13:10,F2,12.5869,OK,0
2026-07-09 20:13:20,F2,12.5855,OK,0
2026-07-09 20:13:31,F2,12.5841,OK,0
2026-07-09 20:13:41,F2,12.5828,OK,0
2026-07-09 20:13:51,F2,12.5814,OK,0
2026-07-09 20:14:01,F2,12.5800,OK,0
2026-07-09 20:14:12,F2,12.5786,OK,0
2026-07-09 20:14:22,F2,12.5773,OK,0
2026-07-09 20:14:32,F2,12.5759,OK,0
2026-07-09 20:14:42,F2,12.5745,OK,0
2026-07-09 20:14:52,F2,12.5731,OK,0
2026-07-09 20:15:03,F2,12.5717,OK,0
2026-07-09 20:15:13,F2,12.5703,OK,0
2026-07-09 20:15:23,F2,12.5689,OK,0
2026-07-09 20:15:33,F2,12.5675,OK,0
2026-07-09 20:15:44,F2,12.5661,OK,0
2026-07-09 20:15:54,F2,12.5647,OK,0
2026-07-09 20:16:04,F2,12.5633,OK,0
2026-07-09 20:16:14,F2,12.5618,OK,0
2026-07-09 20:16:25,F2,12.5604,OK,0
2026-07-09 20:16:35,F2,12.5590,OK,0
2026-07-09 20:16:45,F2,12.5576,OK,0
2026-07-09 20:16:55,F2,12.5561,OK,0
2026-07-09 20:17:06,F2,12.5547,OK,0
2026-07-09 20:17:16,F2,12.5533,OK,0
2026-07-09 20:17:26,F2,12.5518,OK,0
2026-07-09 20:17:36,F2,12.5503,OK,0
2026-07-09 20:17:47,F2,12.5489,OK,0
2026-07-09 20:17:57,F2,12.5474,OK,0
2026-07-09 20:18:07,F2,12.5459,OK,0
2026-07-09 20:18:17,F2,12.5444,OK,0
2026-07-09 20:18:28,F2,12.5429,OK,0
2026-07-09 20:18:38,F2,12.5414,OK,0
2026-07-09 20:18:48,F2,12.5399,OK,0
2026-07-09 20:18:59,F2,12.5383,OK,0
2026-07-09 20:19:09,F2,12.5368,OK,0
2026-07-09 20:19:19,F2,12.5353,OK,0
2026-07-09 20:19:29,F2,12.5337,OK,0
2026-07-09 20:19:39,F2,12.5322,OK,0
2026-07-09 20:19:50,F2,12.5306,OK,0
2026-07-09 20:20:00,F2,12.5290,OK,0
2026-07-09 20:20:10,F2,12.5274,OK,0
2026-07-09 20:20:21,F2,12.5259,OK,0
2026-07-09 20:20:31,F2,12.5243,OK,0
2026-07-09 20:20:41,F2,12.5227,OK,0
2026-07-09 20:20:51,F2,12.5211,OK,0
2026-07-09 20:21:01,F2,12.5194,OK,0
2026-07-09 20:21:12,F2,12.5178,OK,0
2026-07-09 20:21:22,F2,12.5162,OK,0
2026-07-09 20:21:32,F2,12.5146,OK,0
2026-07-09 20:21:42,F2,12.5129,OK,0
2026-07-09 20:21:53,F2,12.5113,OK,0
2026-07-09 20:22:03,F2,12.5097,OK,0
2026-07-09 20:22:13,F2,12.5080,OK,0
2026-07-09 20:22:23,F2,12.5063,OK,0
2026-07-09 20:22:34,F2,12.5047,OK,0
2026-07-09 20:22:44,F2,12.5030,OK,0
2026-07-09 20:22:54,F2,12.5013,OK,0
2026-07-09 20:23:04,F2,12.4996,OK,0
2026-07-09 20:23:15,F2,12.4979,OK,0
2026-07-09 20:23:25,F2,12.4962,OK,0
2026-07-09 20:23:35,F2,12.4945,OK,0
2026-07-09 20:23:45,F2,12.4928,OK,0
2026-07-09 20:23:56,F2,12.4911,OK,0
2026-07-09 20:24:06,F2,12.4894,OK,0
2026-07-09 20:24:16,F2,12.4876,OK,0
2026-07-09 20:24:26,F2,12.4859,OK,0
2026-07-09 20:24:37,F2,12.4842,OK,0
2026-07-09 20:24:47,F2,12.4824,OK,0
2026-07-09 20:24:57,F2,12.4806,OK,0
2026-07-09 20:25:07,F2,12.4789,OK,0
2026-07-09 20:25:18,F2,12.4771,OK,0
2026-07-09 20:25:28,F2,12.4753,OK,0
2026-07-09 20:25:38,F2,12.4735,OK,0
2026-07-09 20:25:48,F2,12.4717,OK,0
2026-07-09 20:25:59,F2,12.4699,OK,0
2026-07-09 20:26:09,F2,12.4681,OK,0
2026-07-09 20:26:19,F2,12.4663,OK,0
2026-07-09 20:26:29,F2,12.4645,OK,0
2026-07-09 20:26:40,F2,12.4626,OK,0
2026-07-09 20:26:50,F2,12.4608,OK,0
2026-07-09 20:27:00,F2,12.4590,OK,0
2026-07-09 20:27:10,F2,12.4571,OK,1
2026-07-09 20:27:20,F2,12.4553,OK,0
2026-07-09 20:27:31,F2,12.4534,OK,0
2026-07-09 20:27:41,F2,12.4515,OK,1
2026-07-09 20:27:51,F2,12.4497,OK,0
2026-07-09 20:28:01,F2,12.4478,OK,0
2026-07-09 20:28:12,F2,12.4459,OK,0
2026-07-09 20:28:22,F2,12.4440,OK,0
2026-07-09 20:28:32,F2,12.4421,OK,0
2026-07-09 20:28:42,F2,12.4403,OK,0
2026-07-09 20:28:53,F2,12.4384,OK,0
2026-07-09 20:29:03,F2,12.4364,OK,0
2026-07-09 20:29:13,F2,12.4345,OK,0
2026-07-09 20:29:23,F2,12.4326,OK,0
2026-07-09 20:29:34,F2,12.4307,OK,0
2026-07-09 20:29:44,F2,12.4287,OK,0
2026-07-09 20:29:54,F2,12.4268,OK,0
2026-07-09 20:30:04,F2,12.4248,OK,0
2026-07-09 20:30:15,F2,12.4229,OK,0
2026-07-09 20:30:25,F2,12.4209,OK,0
2026-07-09 20:30:35,F2,12.4190,OK,0
2026-07-09 20:30:45,F2,12.4170,OK,0
2026-07-09 20:30:56,F2,12.4150,OK,0
2026-07-09 20:31:06,F2,12.4131,OK,0
2026-07-09 20:31:16,F2,12.4111,OK,0
2026-07-09 20:31:26,F2,12.4091,OK,0
2026-07-09 20:31:37,F2,12.4071,OK,0
2026-07-09 20:31:47,F2,12.4051,OK,0
2026-07-09 20:31:57,F2,12.4032,OK,0
2026-07-09 20:32:07,F2,12.4012,OK,0
2026-07-09 20:32:18,F2,12.3992,OK,0
2026-07-09 20:32:28,F2,12.3972,OK,0
2026-07-09 20:32:38,F2,12.3952,OK,0
2026-07-09 20:32:48,F2,12.3933,OK,0
2026-07-09 20:32:59,F2,12.3913,OK,0
2026-07-09 20:33:09,F2,12.3893,OK,0
2026-07-09 20:33:19,F2,12.3873,OK,0
2026-07-09 20:33:29,F2,12.3854,OK,0
2026-07-09 20:33:40,F2,12.3834,OK,0
2026-07-09 20:33:50,F2,12.3814,OK,0
2026-07-09 20:34:00,F2,12.3795,OK,0
2026-07-09 20:34:10,F2,12.3775,OK,0
2026-07-09 20:34:21,F2,12.3755,OK,0
2026-07-09 20:34:31,F2,12.3736,OK,0
2026-07-09 20:34:41,F2,12.3716,OK,0
2026-07-09 20:34:51,F2,12.3697,OK,0
2026-07-09 20:35:02,F2,12.3677,OK,0
2026-07-09 20:35:12,F2,12.3658,OK,0
2026-07-09 20:35:22,F2,12.3638,OK,0
2026-07-09 20:35:32,F2,12.3619,OK,0
2026-07-09 20:35:43,F2,12.3600,OK,0
2026-07-09 20:35:53,F2,12.3580,OK,0
2026-07-09 20:36:03,F2,12.3561,OK,0
2026-07-09 20:36:13,F2,12.3542,OK,0
2026-07-09 20:36:24,F2,12.3523,OK,0
2026-07-09 20:36:34,F2,12.3504,OK,0
2026-07-09 20:36:44,F2,12.3485,OK,0
2026-07-09 20:36:54,F2,12.3465,OK,0
2026-07-09 20:37:04,F2,12.3446,OK,0
2026-07-09 20:37:15,F2,12.3428,OK,0
2026-07-09 20:37:25,F2,12.3409,OK,0
2026-07-09 20:37:35,F2,12.3390,OK,0
2026-07-09 20:37:45,F2,12.3371,OK,1
2026-07-09 20:37:56,F2,12.3352,OK,0
2026-07-09 20:38:06,F2,12.3333,OK,0
2026-07-09 20:38:16,F2,12.3315,OK,0
2026-07-09 20:38:26,F2,12.3296,OK,0
2026-07-09 20:38:37,F2,12.3277,OK,0
2026-07-09 20:38:47,F2,12.3259,OK,0
2026-07-09 20:38:57,F2,12.3240,OK,1
2026-07-09 20:39:08,F2,12.3222,OK,1
2026-07-09 20:39:18,F2,12.3204,OK,0
2026-07-09 20:39:28,F2,12.3185,OK,1
2026-07-09 20:39:38,F2,12.3167,OK,0
2026-07-09 20:39:49,F2,12.3149,OK,0
2026-07-09 20:39:59,F2,12.3131,OK,0
2026-07-09 20:40:10,F2,12.3113,OK,0
2026-07-09 20:40:20,F2,12.3095,OK,0
2026-07-09 20:40:30,F2,12.3076,OK,0
2026-07-09 20:40:41,F2,12.3058,OK,0
2026-07-09 20:40:51,F2,12.3040,OK,0
2026-07-09 20:41:01,F2,12.3023,OK,0
2026-07-09 20:41:11,F2,12.3005,OK,0
2026-07-09 20:41:22,F2,12.2987,OK,0
2026-07-09 20:41:32,F2,12.2969,OK,0
2026-07-09 20:41:42,F2,12.2951,OK,0
2026-07-09 20:41:52,F2,12.2933,OK,0
2026-07-09 20:42:03,F2,12.2916,OK,0
2026-07-09 20:42:13,F2,12.2898,OK,0
2026-07-09 20:42:23,F2,12.2881,OK,0
2026-07-09 20:42:33,F2,12.2863,OK,0
2026-07-09 20:42:44,F2,12.2846,OK,0
2026-07-09 20:42:54,F2,12.2828,OK,0
2026-07-09 20:43:04,F2,12.2811,OK,0
2026-07-09 20:43:14,F2,12.2794,OK,0
2026-07-09 20:43:25,F2,12.2777,OK,0
2026-07-09 20:43:35,F2,12.2760,OK,0
2026-07-09 20:43:45,F2,12.2743,OK,0
2026-07-09 20:43:55,F2,12.2726,OK,0
2026-07-09 20:44:06,F2,12.2709,OK,0
2026-07-09 20:44:16,F2,12.2693,OK,0
2026-07-09 20:44:26,F2,12.2676,OK,0
2026-07-09 20:44:36,F2,12.2660,OK,0
2026-07-09 20:44:47,F2,12.2643,OK,0
2026-07-09 20:44:57,F2,12.2627,OK,0
2026-07-09 20:45:07,F2,12.2611,OK,1
2026-07-09 20:45:17,F2,12.2595,OK,0
2026-07-09 20:45:28,F2,12.2579,OK,0
2026-07-09 20:45:38,F2,12.2563,OK,0
2026-07-09 20:45:48,F2,12.2547,OK,0
2026-07-09 20:45:58,F2,12.2531,OK,0
2026-07-09 20:46:09,F2,12.2516,OK,0
2026-07-09 20:46:19,F2,12.2500,OK,0
2026-07-09 20:46:29,F2,12.2485,OK,0
2026-07-09 20:46:39,F2,12.2469,OK,0
2026-07-09 20:46:50,F2,12.2454,OK,0
2026-07-09 20:47:00,F2,12.2439,OK,0
2026-07-09 20:47:10,F2,12.2424,OK,0
2026-07-09 20:47:20,F2,12.2409,OK,0
2026-07-09 20:47:31,F2,12.2394,OK,0
2026-07-09 20:47:41,F2,12.2379,OK,1
2026-07-09 20:47:51,F2,12.2364,OK,0
2026-07-09 20:48:01,F2,12.2350,OK,0
2026-07-09 20:48:12,F2,12.2335,OK,0
2026-07-09 20:48:22,F2,12.2321,OK,0
2026-07-09 20:48:32,F2,12.2306,OK,0
2026-07-09 20:48:42,F2,12.2292,OK,0
2026-07-09 20:48:53,F2,12.2278,OK,0
2026-07-09 20:49:03,F2,12.2264,OK,0
2026-07-09 20:49:13,F2,12.2250,OK,0
2026-07-09 20:49:23,F2,12.2236,OK,0
2026-07-09 20:49:34,F2,12.2222,OK,0
2026-07-09 20:49:44,F2,12.2208,OK,0
2026-07-09 20:49:54,F2,12.2195,OK,0
2026-07-09 20:50:04,F2,12.2181,OK,0
2026-07-09 20:50:15,F2,12.2168,OK,0
2026-07-09 20:50:25,F2,12.2154,OK,0
2026-07-09 20:50:35,F2,12.2141,OK,0
2026-07-09 20:50:45,F2,12.2128,OK,1
2026-07-09 20:50:55,F2,12.2115,OK,0
2026-07-09 20:51:06,F2,12.2102,OK,0
2026-07-09 20:51:16,F2,12.2088,OK,0
2026-07-09 20:51:26,F2,12.2075,OK,0
2026-07-09 20:51:36,F2,12.2063,OK,0
2026-07-09 20:51:47,F2,12.2050,OK,0
2026-07-09 20:51:57,F2,12.2037,OK,0
2026-07-09 20:52:07,F2,12.2024,OK,0
2026-07-09 20:52:17,F2,12.2011,OK,0
2026-07-09 20:52:28,F2,12.1999,OK,0
2026-07-09 20:52:38,F2,12.1986,OK,0
2026-07-09 20:52:48,F2,12.1973,OK,0
2026-07-09 20:52:59,F2,12.1961,OK,0
2026-07-09 20:53:09,F2,12.1949,OK,0
2026-07-09 20:53:19,F2,12.1936,OK,0
2026-07-09 20:53:29,F2,12.1924,OK,0
2026-07-09 20:53:39,F2,12.1912,OK,0
2026-07-09 20:53:50,F2,12.1900,OK,0
2026-07-09 20:54:00,F2,12.1888,OK,0
2026-07-09 20:54:10,F2,12.1876,OK,0
2026-07-09 20:54:20,F2,12.1864,OK,0
2026-07-09 20:54:31,F2,12.1853,OK,0
2026-07-09 20:54:41,F2,12.1841,OK,0
2026-07-09 20:54:51,F2,12.1830,OK,1
2026-07-09 20:55:01,F2,12.1819,OK,0
2026-07-09 20:55:12,F2,12.1808,OK,0
2026-07-09 20:55:22,F2,12.1797,OK,0
2026-07-09 20:55:32,F2,12.1786,OK,0
2026-07-09 20:55:42,F2,12.1776,OK,0
2026-07-09 20:55:53,F2,12.1765,OK,0
2026-07-09 20:56:03,F2,12.1755,OK,0
2026-07-09 20:56:13,F2,12.1745,OK,0
2026-07-09 20:56:23,F2,12.1735,OK,0
2026-07-09 20:56:34,F2,12.1726,OK,0
2026-07-09 20:56:44,F2,12.1716,OK,0
2026-07-09 20:56:54,F2,12.1707,OK,0
2026-07-09 20:57:04,F2,12.1698,OK,0
2026-07-09 20:57:15,F2,12.1688,OK,0
2026-07-09 20:57:25,F2,12.1680,OK,0
2026-07-09 20:57:35,F2,12.1671,OK,0
2026-07-09 20:57:45,F2,12.1662,OK,0
2026-07-09 20:57:56,F2,12.1654,OK,0
2026-07-09 20:58:06,F2,12.1646,OK,0
2026-07-09 20:58:16,F2,12.1638,OK,0
2026-07-09 20:58:27,F2,12.1630,OK,0
2026-07-09 20:58:37,F2,12.1622,OK,0
2026-07-09 20:58:47,F2,12.1614,OK,0
2026-07-09 20:58:57,F2,12.1607,OK,0
2026-07-09 20:59:08,F2,12.1600,OK,0
2026-07-09 20:59:18,F2,12.1592,OK,0
2026-07-09 20:59:28,F2,12.1585,OK,0
2026-07-09 20:59:38,F2,12.1578,OK,0
2026-07-09 20:59:49,F2,12.1572,OK,0
2026-07-09 20:59:59,F2,12.1565,OK,0
2026-07-09 21:00:09,F2,12.1559,OK,0
2026-07-09 21:00:19,F2,12.1552,OK,0
2026-07-09 21:00:30,F2,12.1546,OK,0
2026-07-09 21:00:40,F2,12.1540,OK,0
2026-07-09 21:00:50,F2,12.1534,OK,0
2026-07-09 21:01:00,F2,12.1528,OK,1
2026-07-09 21:01:11,F2,12.1523,OK,0
2026-07-09 21:01:21,F2,12.1517,OK,0
2026-07-09 21:01:31,F2,12.1511,OK,0
2026-07-09 21:01:41,F2,12.1506,OK,0
2026-07-09 21:01:52,F2,12.1501,OK,1
2026-07-09 21:02:02,F2,12.1496,OK,0
2026-07-09 21:02:12,F2,12.1491,OK,0
2026-07-09 21:02:22,F2,12.1486,OK,0
2026-07-09 21:02:33,F2,12.1481,OK,0
2026-07-09 21:02:43,F2,12.1477,OK,0
2026-07-09 21:02:53,F2,12.1472,OK,0
2026-07-09 21:03:03,F2,12.1467,OK,0
2026-07-09 21:03:13,F2,12.1463,OK,0
2026-07-09 21:03:24,F2,12.1458,OK,0
2026-07-09 21:03:34,F2,12.1454,OK,0
2026-07-09 21:03:44,F2,12.1450,OK,0
2026-07-09 21:03:54,F2,12.1445,OK,0
2026-07-09 21:04:05,F2,12.1441,OK,0
2026-07-09 21:04:15,F2,12.1437,OK,0
2026-07-09 21:04:25,F2,12.1433,OK,0
2026-07-09 21:04:35,F2,12.1429,OK,0
2026-07-09 21:04:46,F2,12.1425,OK,0
2026-07-09 21:04:56,F2,12.1421,OK,0
2026-07-09 21:05:06,F2,12.1417,OK,0
2026-07-09 21:05:16,F2,12.1413,OK,0
2026-07-09 21:05:27,F2,12.1409,OK,0
2026-07-09 21:05:37,F2,12.1405,OK,0
2026-07-09 21:05:47,F2,12.1402,OK,0
2026-07-09 21:05:57,F2,12.1398,OK,0
2026-07-09 21:06:08,F2,12.1394,OK,0
2026-07-09 21:06:18,F2,12.1391,OK,0
2026-07-09 21:06:28,F2,12.1387,OK,0
2026-07-09 21:06:38,F2,12.1384,OK,0
2026-07-09 21:06:49,F2,12.1381,OK,0
2026-07-09 21:06:59,F2,12.1378,OK,0
2026-07-09 21:07:09,F2,12.1375,OK,0
2026-07-09 21:07:19,F2,12.1371,OK,0
2026-07-09 21:07:30,F2,12.1368,OK,0
2026-07-09 21:07:40,F2,12.1366,OK,0
2026-07-09 21:07:50,F2,12.1363,OK,0
2026-07-09 21:08:00,F2,12.1360,OK,0
2026-07-09 21:08:11,F2,12.1357,OK,0
2026-07-09 21:08:21,F2,12.1355,OK,0
2026-07-09 21:08:31,F2,12.1352,OK,0
2026-07-09 21:08:41,F2,12.1350,OK,0
2026-07-09 21:08:51,F2,12.1347,OK,0
2026-07-09 21:09:02,F2,12.1345,OK,0
2026-07-09 21:09:12,F2,12.1342,OK,0
2026-07-09 21:09:22,F2,12.1340,OK,0
2026-07-09 21:09:32,F2,12.1338,OK,0
2026-07-09 21:09:43,F2,12.1336,OK,0
2026-07-09 21:09:53,F2,12.1333,OK,0
2026-07-09 21:10:03,F2,12.1331,OK,0
2026-07-09 21:10:13,F2,12.1329,OK,0
2026-07-09 21:10:24,F2,12.1327,OK,0
2026-07-09 21:10:34,F2,12.1325,OK,0
2026-07-09 21:10:44,F2,12.1323,OK,0
2026-07-09 21:10:54,F2,12.1322,OK,0
2026-07-09 21:11:05,F2,12.1320,OK,0
2026-07-09 21:11:15,F2,12.1318,OK,0
2026-07-09 21:11:25,F2,12.1316,OK,0
2026-07-09 21:11:35,F2,12.1314,OK,0
2026-07-09 21:11:46,F2,12.1312,OK,0
2026-07-09 21:11:56,F2,12.1311,OK,0
2026-07-09 21:12:06,F2,12.1309,OK,0
2026-07-09 21:12:16,F2,12.1307,OK,0
2026-07-09 21:12:27,F2,12.1305,OK,0
2026-07-09 21:12:37,F2,12.1304,OK,0
2026-07-09 21:12:47,F2,12.1302,OK,0
2026-07-09 21:12:57,F2,12.1300,OK,0
2026-07-09 21:13:08,F2,12.1298,OK,0
2026-07-09 21:13:18,F2,12.1296,OK,0
2026-07-09 21:13:28,F2,12.1295,OK,0
2026-07-09 21:13:38,F2,12.1293,OK,1
2026-07-09 21:13:49,F2,12.1291,OK,0
2026-07-09 21:13:59,F2,12.1289,OK,0
2026-07-09 21:14:09,F2,12.1287,OK,0
2026-07-09 21:14:19,F2,12.1285,OK,0
2026-07-09 21:14:30,F2,12.1283,OK,0
2026-07-09 21:14:40,F2,12.1281,OK,0
2026-07-09 21:14:50,F2,12.1279,OK,0
2026-07-09 21:15:00,F2,12.1277,OK,0
2026-07-09 21:15:11,F2,12.1275,OK,0
2026-07-09 21:15:21,F2,12.1273,OK,0
2026-07-09 21:15:31,F2,12.1270,OK,0
2026-07-09 21:15:41,F2,12.1268,OK,0
2026-07-09 21:15:52,F2,12.1265,OK,0
2026-07-09 21:16:02,F2,12.1262,OK,0
2026-07-09 21:16:12,F2,12.1260,OK,1
2026-07-09 21:16:22,F2,12.1257,OK,1
2026-07-09 21:16:33,F2,12.1254,OK,0
2026-07-09 21:16:43,F2,12.1251,OK,0
2026-07-09 21:16:53,F2,12.1247,OK,0
2026-07-09 21:17:03,F2,12.1244,OK,0
2026-07-09 21:17:14,F2,12.1241,OK,0
2026-07-09 21:17:24,F2,12.1237,OK,0
2026-07-09 21:17:34,F2,12.1233,OK,0
2026-07-09 21:17:44,F2,12.1230,OK,0
2026-07-09 21:17:55,F2,12.1226,OK,0
2026-07-09 21:18:05,F2,12.1222,OK,0
2026-07-09 21:18:15,F2,12.1218,OK,0
2026-07-09 21:18:25,F2,12.1213,OK,0
2026-07-09 21:18:36,F2,12.1209,OK,0
2026-07-09 21:18:46,F2,12.1204,OK,0
2026-07-09 21:18:56,F2,12.1200,OK,0
2026-07-09 21:19:06,F2,12.1195,OK,0
2026-07-09 21:19:17,F2,12.1191,OK,0
2026-07-09 21:19:27,F2,12.1186,OK,0
2026-07-09 21:19:37,F2,12.1181,OK,0
2026-07-09 21:19:47,F2,12.1176,OK,0
2026-07-09 21:19:58,F2,12.1170,OK,0
2026-07-09 21:20:08,F2,12.1165,OK,0
2026-07-09 21:20:18,F2,12.1160,OK,0
2026-07-09 21:20:28,F2,12.1154,OK,0
2026-07-09 21:20:39,F2,12.1149,OK,0
2026-07-09 21:20:49,F2,12.1143,OK,0
2026-07-09 21:20:59,F2,12.1138,OK,0
2026-07-09 21:21:09,F2,12.1132,OK,0
2026-07-09 21:21:20,F2,12.1126,OK,0
2026-07-09 21:21:30,F2,12.1120,OK,0
2026-07-09 21:21:40,F2,12.1114,OK,0
2026-07-09 21:21:50,F2,12.1108,OK,0
2026-07-09 21:22:01,F2,12.1102,OK,0
2026-07-09 21:22:11,F2,12.1096,OK,0
2026-07-09 21:22:21,F2,12.1089,OK,0
2026-07-09 21:22:31,F2,12.1083,OK,0
2026-07-09 21:22:42,F2,12.1076,OK,0
2026-07-09 21:22:52,F2,12.1070,OK,0
2026-07-09 21:23:02,F2,12.1063,OK,0
2026-07-09 21:23:12,F2,12.1056,OK,0
2026-07-09 21:23:23,F2,12.1049,OK,0
2026-07-09 21:23:33,F2,12.1043,OK,0
2026-07-09 21:23:43,F2,12.1035,OK,0
2026-07-09 21:23:53,F2,12.1028,OK,0
2026-07-09 21:24:03,F2,12.1021,OK,0
2026-07-09 21:24:14,F2,12.1014,OK,0
2026-07-09 21:24:24,F2,12.1006,OK,0
2026-07-09 21:24:34,F2,12.0999,OK,0
2026-07-09 21:24:44,F2,12.0991,OK,0
2026-07-09 21:24:55,F2,12.0984,OK,0
2026-07-09 21:25:05,F2,12.0976,OK,0
2026-07-09 21:25:15,F2,12.0968,OK,0
2026-07-09 21:25:25,F2,12.0960,OK,0
2026-07-09 21:25:36,F2,12.0952,OK,0
2026-07-09 21:25:46,F2,12.0944,OK,0
2026-07-09 21:25:56,F2,12.0936,OK,0
2026-07-09 21:26:06,F2,12.0927,OK,0
2026-07-09 21:26:17,F2,12.0919,OK,0
2026-07-09 21:26:27,F2,12.0911,OK,0
2026-07-09 21:26:37,F2,12.0902,OK,0
2026-07-09 21:26:47,F2,12.0893,OK,0
2026-07-09 21:26:58,F2,12.0884,OK,0
2026-07-09 21:27:08,F2,12.0875,OK,0
2026-07-09 21:27:18,F2,12.0866,OK,0
2026-07-09 21:27:28,F2,12.0857,OK,0
2026-07-09 21:27:39,F2,12.0848,OK,0
2026-07-09 21:27:49,F2,12.0838,OK,0
2026-07-09 21:27:59,F2,12.0828,OK,0
2026-07-09 21:28:09,F2,12.0819,OK,0
2026-07-09 21:28:20,F2,12.0809,OK,0
2026-07-09 21:28:30,F2,12.0799,OK,0
2026-07-09 21:28:40,F2,12.0789,OK,0
2026-07-09 21:28:50,F2,12.0778,OK,0
2026-07-09 21:29:01,F2,12.0768,OK,0
2026-07-09 21:29:11,F2,12.0757,OK,0
2026-07-09 21:29:21,F2,12.0747,OK,0
2026-07-09 21:29:31,F2,12.0736,OK,0
2026-07-09 21:29:42,F2,12.0725,OK,0
2026-07-09 21:29:52,F2,12.0714,OK,0
2026-07-09 21:30:02,F2,12.0703,OK,0
2026-07-09 21:30:12,F2,12.0692,OK,0
2026-07-09 21:30:23,F2,12.0681,OK,0
2026-07-09 21:30:33,F2,12.0669,OK,0
2026-07-09 21:30:43,F2,12.0658,OK,0
2026-07-09 21:30:53,F2,12.0647,OK,0
2026-07-09 21:31:03,F2,12.0635,OK,0
2026-07-09 21:31:14,F2,12.0624,OK,0
2026-07-09 21:31:24,F2,12.0612,OK,0
2026-07-09 21:31:34,F2,12.0600,OK,0
2026-07-09 21:31:44,F2,12.0589,OK,0
2026-07-09 21:31:55,F2,12.0577,OK,0
2026-07-09 21:32:05,F2,12.0565,OK,0
2026-07-09 21:32:15,F2,12.0553,OK,0
2026-07-09 21:32:26,F2,12.0541,OK,0
2026-07-09 21:32:36,F2,12.0530,OK,0
2026-07-09 21:32:46,F2,12.0518,OK,0
2026-07-09 21:32:56,F2,12.0506,OK,0
2026-07-09 21:33:07,F2,12.0494,OK,0
2026-07-09 21:33:17,F2,12.0482,OK,0
2026-07-09 21:33:27,F2,12.0470,OK,0
2026-07-09 21:33:37,F2,12.0458,OK,0
2026-07-09 21:33:48,F2,12.0446,OK,0
2026-07-09 21:33:58,F2,12.0433,OK,0
2026-07-09 21:34:08,F2,12.0421,OK,0
2026-07-09 21:34:18,F2,12.0409,OK,0
2026-07-09 21:34:29,F2,12.0397,OK,0
2026-07-09 21:34:39,F2,12.0385,OK,0
2026-07-09 21:34:49,F2,12.0373,OK,0
2026-07-09 21:34:59,F2,12.0361,OK,0
2026-07-09 21:35:10,F2,12.0349,OK,0
2026-07-09 21:35:20,F2,12.0337,OK,0
2026-07-09 21:35:30,F2,12.0325,OK,0
2026-07-09 21:35:40,F2,12.0313,OK,0
2026-07-09 21:35:51,F2,12.0301,OK,0
2026-07-09 21:36:01,F2,12.0289,OK,0
2026-07-09 21:36:11,F2,12.0277,OK,0
2026-07-09 21:36:22,F2,12.0265,OK,0
2026-07-09 21:36:32,F2,12.0254,OK,0
2026-07-09 21:36:42,F2,12.0242,OK,0
2026-07-09 21:36:52,F2,12.0230,OK,0
2026-07-09 21:37:03,F2,12.0218,OK,0
2026-07-09 21:37:13,F2,12.0206,OK,0
2026-07-09 21:37:23,F2,12.0195,OK,0
2026-07-09 21:37:33,F2,12.0183,OK,0
2026-07-09 21:37:44,F2,12.0171,OK,0
2026-07-09 21:37:54,F2,12.0160,OK,0
2026-07-09 21:38:04,F2,12.0148,OK,0
2026-07-09 21:38:14,F2,12.0137,OK,0
2026-07-09 21:38:24,F2,12.0125,OK,1
2026-07-09 21:38:35,F2,12.0114,OK,1
2026-07-09 21:38:45,F2,12.0102,OK,0
2026-07-09 21:38:55,F2,12.0091,OK,0
2026-07-09 21:39:05,F2,12.0080,OK,0
2026-07-09 21:39:16,F2,12.0068,OK,0
2026-07-09 21:39:26,F2,12.0057,OK,0
2026-07-09 21:39:36,F2,12.0046,OK,0
2026-07-09 21:39:46,F2,12.0034,OK,0
2026-07-09 21:39:57,F2,12.0023,OK,0
2026-07-09 21:40:07,F2,12.0012,OK,0
2026-07-09 21:40:17,F2,12.0001,OK,0
2026-07-09 21:40:27,F2,11.9990,OK,0
2026-07-09 21:40:38,F2,11.9979,OK,0
2026-07-09 21:40:48,F2,11.9968,OK,0
2026-07-09 21:40:58,F2,11.9957,OK,0
2026-07-09 21:41:08,F2,11.9946,OK,0
2026-07-09 21:41:19,F2,11.9935,OK,0
2026-07-09 21:41:29,F2,11.9924,OK,0
2026-07-09 21:41:39,F2,11.9913,OK,0
2026-07-09 21:41:49,F2,11.9902,OK,0
2026-07-09 21:42:00,F2,11.9891,OK,0
2026-07-09 21:42:10,F2,11.9880,OK,0
2026-07-09 21:42:20,F2,11.9869,OK,0
2026-07-09 21:42:30,F2,11.9859,OK,0
2026-07-09 21:42:41,F2,11.9848,OK,0
2026-07-09 21:42:51,F2,11.9837,OK,0
2026-07-09 21:43:01,F2,11.9827,OK,0
2026-07-09 21:43:11,F2,11.9816,OK,0
2026-07-09 21:43:22,F2,11.9806,OK,0
2026-07-09 21:43:32,F2,11.9795,OK,0
2026-07-09 21:43:42,F2,11.9785,OK,0
2026-07-09 21:43:52,F2,11.9775,OK,0
2026-07-09 21:44:03,F2,11.9765,OK,0
2026-07-09 21:44:13,F2,11.9754,OK,0
2026-07-09 21:44:23,F2,11.9744,OK,0
2026-07-09 21:44:33,F2,11.9734,OK,0
2026-07-09 21:44:44,F2,11.9724,OK,0
2026-07-09 21:44:54,F2,11.9714,OK,0
2026-07-09 21:45:04,F2,11.9705,OK,0
2026-07-09 21:45:15,F2,11.9695,OK,0
2026-07-09 21:45:25,F2,11.9685,OK,0
2026-07-09 21:45:35,F2,11.9676,OK,0
2026-07-09 21:45:45,F2,11.9666,OK,0
2026-07-09 21:45:56,F2,11.9657,OK,0
2026-07-09 21:46:06,F2,11.9647,OK,0
2026-07-09 21:46:16,F2,11.9638,OK,0
2026-07-09 21:46:26,F2,11.9629,OK,0
2026-07-09 21:46:36,F2,11.9620,OK,0
2026-07-09 21:46:47,F2,11.9611,OK,0
2026-07-09 21:46:57,F2,11.9602,OK,0
2026-07-09 21:47:07,F2,11.9594,OK,0
2026-07-09 21:47:17,F2,11.9585,OK,0
2026-07-09 21:47:28,F2,11.9577,OK,0
2026-07-09 21:47:38,F2,11.9568,OK,0
2026-07-09 21:47:48,F2,11.9560,OK,0
2026-07-09 21:47:58,F2,11.9552,OK,0
2026-07-09 21:48:09,F2,11.9544,OK,0
2026-07-09 21:48:19,F2,11.9536,OK,0
2026-07-09 21:48:29,F2,11.9528,OK,0
2026-07-09 21:48:39,F2,11.9520,OK,0
2026-07-09 21:48:50,F2,11.9512,OK,0
2026-07-09 21:49:00,F2,11.9505,OK,0
2026-07-09 21:49:10,F2,11.9498,OK,0
2026-07-09 21:49:20,F2,11.9490,OK,0
2026-07-09 21:49:31,F2,11.9483,OK,0
2026-07-09 21:49:41,F2,11.9476,OK,0
2026-07-09 21:49:51,F2,11.9469,OK,0
2026-07-09 21:50:01,F2,11.9462,OK,0
2026-07-09 21:50:12,F2,11.9455,OK,0
2026-07-09 21:50:22,F2,11.9448,OK,0
2026-07-09 21:50:32,F2,11.9442,OK,0
2026-07-09 21:50:42,F2,11.9435,OK,0
2026-07-09 21:50:53,F2,11.9428,OK,0
2026-07-09 21:51:03,F2,11.9422,OK,0
2026-07-09 21:51:13,F2,11.9415,OK,0
2026-07-09 21:51:23,F2,11.9409,OK,0
2026-07-09 21:51:34,F2,11.9403,OK,0
2026-07-09 21:51:44,F2,11.9396,OK,0
2026-07-09 21:51:54,F2,11.9390,OK,0
2026-07-09 21:52:04,F2,11.9384,OK,0
2026-07-09 21:52:15,F2,11.9377,OK,0
2026-07-09 21:52:25,F2,11.9371,OK,0
2026-07-09 21:52:35,F2,11.9365,OK,0
2026-07-09 21:52:45,F2,11.9359,OK,0
2026-07-09 21:52:56,F2,11.9353,OK,0
2026-07-09 21:53:06,F2,11.9346,OK,0
2026-07-09 21:53:16,F2,11.9340,OK,0
2026-07-09 21:53:26,F2,11.9334,OK,0
2026-07-09 21:53:37,F2,11.9328,OK,0
2026-07-09 21:53:47,F2,11.9322,OK,0
2026-07-09 21:53:57,F2,11.9316,OK,0
2026-07-09 21:54:07,F2,11.9311,OK,0
2026-07-09 21:54:18,F2,11.9305,OK,0
2026-07-09 21:54:28,F2,11.9299,OK,0
2026-07-09 21:54:38,F2,11.9293,OK,0
2026-07-09 21:54:48,F2,11.9288,OK,0
2026-07-09 21:54:58,F2,11.9282,OK,0
2026-07-09 21:55:09,F2,11.9277,OK,0
2026-07-09 21:55:19,F2,11.9271,OK,0
2026-07-09 21:55:29,F2,11.9266,OK,0
2026-07-09 21:55:40,F2,11.9260,OK,0
2026-07-09 21:55:50,F2,11.9255,OK,0
2026-07-09 21:56:00,F2,11.9250,OK,0
2026-07-09 21:56:10,F2,11.9245,OK,0
2026-07-09 21:56:20,F2,11.9240,OK,0
2026-07-09 21:56:31,F2,11.9235,OK,0
2026-07-09 21:56:41,F2,11.9230,OK,0
2026-07-09 21:56:51,F2,11.9225,OK,0
2026-07-09 21:57:01,F2,11.9220,OK,0
2026-07-09 21:57:12,F2,11.9216,OK,0
2026-07-09 21:57:22,F2,11.9211,OK,0
2026-07-09 21:57:32,F2,11.9207,OK,0
2026-07-09 21:57:42,F2,11.9202,OK,0
2026-07-09 21:57:53,F2,11.9198,OK,0
2026-07-09 21:58:03,F2,11.9194,OK,0
2026-07-09 21:58:13,F2,11.9190,OK,0
2026-07-09 21:58:23,F2,11.9186,OK,0
2026-07-09 21:58:34,F2,11.9182,OK,0
2026-07-09 21:58:44,F2,11.9178,OK,0
2026-07-09 21:58:54,F2,11.9174,OK,0
2026-07-09 21:59:04,F2,11.9170,OK,0
2026-07-09 21:59:15,F2,11.9167,OK,0
2026-07-09 21:59:25,F2,11.9164,OK,0
2026-07-09 21:59:35,F2,11.9160,OK,0
2026-07-09 21:59:45,F2,11.9157,OK,0
2026-07-09 21:59:56,F2,11.9154,OK,0
2026-07-09 22:00:06,F2,11.9151,OK,0
2026-07-09 22:00:16,F2,11.9148,OK,0
2026-07-09 22:00:26,F2,11.9146,OK,0
2026-07-09 22:00:37,F2,11.9143,OK,0
2026-07-09 22:00:47,F2,11.9141,OK,0
2026-07-09 22:00:57,F2,11.9138,OK,0
2026-07-09 22:01:07,F2,11.9136,OK,0
2026-07-09 22:01:18,F2,11.9134,OK,0
2026-07-09 22:01:28,F2,11.9132,OK,0
2026-07-09 22:01:38,F2,11.9130,OK,0
2026-07-09 22:01:48,F2,11.9128,OK,1
2026-07-09 22:01:59,F2,11.9127,OK,1
2026-07-09 22:02:09,F2,11.9125,OK,0
2026-07-09 22:02:19,F2,11.9124,OK,0
2026-07-09 22:02:29,F2,11.9123,OK,0
2026-07-09 22:02:40,F2,11.9121,OK,0
2026-07-09 22:02:50,F2,11.9120,OK,0
2026-07-09 22:03:00,F2,11.9119,OK,0
2026-07-09 22:03:11,F2,11.9119,OK,0
2026-07-09 22:03:21,F2,11.9118,OK,0
2026-07-09 22:03:31,F2,11.9117,OK,1
2026-07-09 22:03:41,F2,11.9116,OK,0
2026-07-09 22:03:52,F2,11.9116,OK,0
2026-07-09 22:04:02,F2,11.9115,OK,0
2026-07-09 22:04:12,F2,11.9114,OK,0
2026-07-09 22:04:22,F2,11.9114,OK,0
2026-07-09 22:04:33,F2,11.9113,OK,0
2026-07-09 22:04:43,F2,11.9113,OK,0
2026-07-09 22:04:53,F2,11.9113,OK,0
2026-07-09 22:05:03,F2,11.9112,OK,0
2026-07-09 22:05:14,F2,11.9112,OK,0
2026-07-09 22:05:24,F2,11.9112,OK,0
2026-07-09 22:05:34,F2,11.9111,OK,0
2026-07-09 22:05:44,F2,11.9111,OK,0
2026-07-09 22:05:55,F2,11.9111,OK,1
2026-07-09 22:06:05,F2,11.9111,OK,0
2026-07-09 22:06:15,F2,11.9111,OK,0
2026-07-09 22:06:25,F2,11.9111,OK,0
2026-07-09 22:06:36,F2,11.9112,OK,0
2026-07-09 22:06:46,F2,11.9112,OK,0
2026-07-09 22:06:56,F2,11.9112,OK,0
2026-07-09 22:07:06,F2,11.9112,OK,0
2026-07-09 22:07:17,F2,11.9113,OK,0
2026-07-09 22:07:27,F2,11.9113,OK,0
2026-07-09 22:07:37,F2,11.9114,OK,0
2026-07-09 22:07:47,F2,11.9115,OK,0
2026-07-09 22:07:58,F2,11.9115,OK,0
2026-07-09 22:08:08,F2,11.9116,OK,0
2026-07-09 22:08:18,F2,11.9117,OK,0
2026-07-09 22:08:28,F2,11.9118,OK,0
2026-07-09 22:08:39,F2,11.9119,OK,0
2026-07-09 22:08:49,F2,11.9120,OK,0
2026-07-09 22:08:59,F2,11.9121,OK,0
2026-07-09 22:09:09,F2,11.9122,OK,0
2026-07-09 22:09:20,F2,11.9124,OK,0
2026-07-09 22:09:30,F2,11.9125,OK,0
2026-07-09 22:09:40,F2,11.9127,OK,0
2026-07-09 22:09:50,F2,11.9128,OK,0
2026-07-09 22:10:01,F2,11.9130,OK,0
2026-07-09 22:10:11,F2,11.9132,OK,0
2026-07-09 22:10:21,F2,11.9134,OK,0
2026-07-09 22:10:31,F2,11.9136,OK,0
2026-07-09 22:10:42,F2,11.9138,OK,0
2026-07-09 22:10:52,F2,11.9140,OK,0
2026-07-09 22:11:02,F2,11.9142,OK,0
2026-07-09 22:11:12,F2,11.9144,OK,0
2026-07-09 22:11:23,F2,11.9147,OK,0
2026-07-09 22:11:33,F2,11.9149,OK,0
2026-07-09 22:11:43,F2,11.9152,OK,0
2026-07-09 22:11:53,F2,11.9155,OK,0
2026-07-09 22:12:04,F2,11.9158,OK,0
2026-07-09 22:12:14,F2,11.9161,OK,0
2026-07-09 22:12:24,F2,11.9164,OK,0
2026-07-09 22:12:34,F2,11.9167,OK,0
2026-07-09 22:12:44,F2,11.9170,OK,0
2026-07-09 22:12:55,F2,11.9174,OK,0
2026-07-09 22:13:05,F2,11.9177,OK,0
2026-07-09 22:13:15,F2,11.9181,OK,0
2026-07-09 22:13:25,F2,11.9185,OK,0
2026-07-09 22:13:36,F2,11.9188,OK,1
2026-07-09 22:13:46,F2,11.9192,OK,1
2026-07-09 22:13:56,F2,11.9196,OK,1
2026-07-09 22:14:06,F2,11.9200,OK,0
2026-07-09 22:14:17,F2,11.9205,OK,0
2026-07-09 22:14:27,F2,11.9209,OK,0
2026-07-09 22:14:37,F2,11.9213,OK,0
2026-07-09 22:14:47,F2,11.9218,OK,0
2026-07-09 22:14:58,F2,11.9222,OK,0
2026-07-09 22:15:08,F2,11.9227,OK,0
2026-07-09 22:15:18,F2,11.9232,OK,0
2026-07-09 22:15:28,F2,11.9236,OK,0
2026-07-09 22:15:39,F2,11.9241,OK,0
2026-07-09 22:15:49,F2,11.9246,OK,0
2026-07-09 22:15:59,F2,11.9251,OK,0
2026-07-09 22:16:09,F2,11.9256,OK,0
2026-07-09 22:16:20,F2,11.9261,OK,0
2026-07-09 22:16:30,F2,11.9266,OK,0
2026-07-09 22:16:40,F2,11.9271,OK,0
2026-07-09 22:16:50,F2,11.9276,OK,0
2026-07-09 22:17:01,F2,11.9281,OK,0
2026-07-09 22:17:11,F2,11.9286,OK,0
2026-07-09 22:17:21,F2,11.9292,OK,0
2026-07-09 22:17:31,F2,11.9297,OK,0
2026-07-09 22:17:42,F2,11.9303,OK,0
2026-07-09 22:17:52,F2,11.9308,OK,0
2026-07-09 22:18:02,F2,11.9314,OK,0
2026-07-09 22:18:12,F2,11.9320,OK,0
2026-07-09 22:18:23,F2,11.9325,OK,0
2026-07-09 22:18:33,F2,11.9331,OK,0
2026-07-09 22:18:43,F2,11.9337,OK,0
2026-07-09 22:18:53,F2,11.9343,OK,0
2026-07-09 22:19:04,F2,11.9349,OK,0
2026-07-09 22:19:14,F2,11.9355,OK,0
2026-07-09 22:19:24,F2,11.9361,OK,0
2026-07-09 22:19:34,F2,11.9367,OK,0
2026-07-09 22:19:45,F2,11.9374,OK,0
2026-07-09 22:19:55,F2,11.9380,OK,0
2026-07-09 22:20:05,F2,11.9386,OK,0
2026-07-09 22:20:15,F2,11.9393,OK,0
2026-07-09 22:20:26,F2,11.9399,OK,0
2026-07-09 22:20:36,F2,11.9406,OK,0
2026-07-09 22:20:46,F2,11.9412,OK,0
2026-07-09 22:20:56,F2,11.9419,OK,1
2026-07-09 22:21:07,F2,11.9425,OK,0
2026-07-09 22:21:17,F2,11.9432,OK,0
2026-07-09 22:21:27,F2,11.9439,OK,0
2026-07-09 22:21:37,F2,11.9446,OK,0
2026-07-09 22:21:48,F2,11.9453,OK,0
2026-07-09 22:21:58,F2,11.9460,OK,0
2026-07-09 22:22:08,F2,11.9467,OK,0
2026-07-09 22:22:18,F2,11.9474,OK,0
2026-07-09 22:22:28,F2,11.9481,OK,0
2026-07-09 22:22:39,F2,11.9488,OK,0
2026-07-09 22:22:49,F2,11.9495,OK,0
2026-07-09 22:22:59,F2,11.9503,OK,0
2026-07-09 22:23:09,F2,11.9510,OK,0
2026-07-09 22:23:20,F2,11.9517,OK,0
2026-07-09 22:23:30,F2,11.9525,OK,0
2026-07-09 22:23:40,F2,11.9532,OK,0
2026-07-09 22:23:50,F2,11.9540,OK,0
2026-07-09 22:24:01,F2,11.9548,OK,0
2026-07-09 22:24:11,F2,11.9555,OK,0
2026-07-09 22:24:21,F2,11.9563,OK,0
2026-07-09 22:24:31,F2,11.9571,OK,1
2026-07-09 22:24:42,F2,11.9579,OK,0
2026-07-09 22:24:52,F2,11.9587,OK,0
2026-07-09 22:25:02,F2,11.9595,OK,0
2026-07-09 22:25:12,F2,11.9603,OK,0
2026-07-09 22:25:23,F2,11.9611,OK,1
2026-07-09 22:25:33,F2,11.9619,OK,0
2026-07-09 22:25:43,F2,11.9627,OK,0
2026-07-09 22:25:53,F2,11.9635,OK,0
2026-07-09 22:26:04,F2,11.9643,OK,0
2026-07-09 22:26:14,F2,11.9651,OK,0
2026-07-09 22:26:24,F2,11.9660,OK,0
2026-07-09 22:26:34,F2,11.9668,OK,0
2026-07-09 22:26:45,F2,11.9676,OK,0
2026-07-09 22:26:55,F2,11.9684,OK,0
2026-07-09 22:27:05,F2,11.9692,OK,0
2026-07-09 22:27:15,F2,11.9700,OK,0
2026-07-09 22:27:26,F2,11.9709,OK,0
2026-07-09 22:27:36,F2,11.9717,OK,0
2026-07-09 22:27:46,F2,11.9725,OK,0
2026-07-09 22:27:56,F2,11.9733,OK,0
2026-07-09 22:28:07,F2,11.9741,OK,0
2026-07-09 22:28:17,F2,11.9749,OK,0
2026-07-09 22:28:27,F2,11.9757,OK,0
2026-07-09 22:28:37,F2,11.9765,OK,0
2026-07-09 22:28:48,F2,11.9773,OK,0
2026-07-09 22:28:58,F2,11.9781,OK,0
2026-07-09 22:29:08,F2,11.9789,OK,0
2026-07-09 22:29:18,F2,11.9797,OK,0
2026-07-09 22:29:29,F2,11.9805,OK,0
2026-07-09 22:29:39,F2,11.9813,OK,0
2026-07-09 22:29:49,F2,11.9821,OK,0
2026-07-09 22:29:59,F2,11.9828,OK,0
2026-07-09 22:30:10,F2,11.9836,OK,0
2026-07-09 22:30:20,F2,11.9844,OK,0
2026-07-09 22:30:30,F2,11.9852,OK,0
2026-07-09 22:30:40,F2,11.9860,OK,0
2026-07-09 22:30:51,F2,11.9868,OK,0
2026-07-09 22:31:01,F2,11.9875,OK,0
2026-07-09 22:31:11,F2,11.9883,OK,0
2026-07-09 22:31:21,F2,11.9891,OK,0
2026-07-09 22:31:32,F2,11.9899,OK,0
2026-07-09 22:31:42,F2,11.9906,OK,0
2026-07-09 22:31:52,F2,11.9914,OK,0
2026-07-09 22:32:02,F2,11.9922,OK,0
2026-07-09 22:32:13,F2,11.9929,OK,0
2026-07-09 22:32:23,F2,11.9937,OK,0
2026-07-09 22:32:33,F2,11.9945,OK,0
2026-07-09 22:32:43,F2,11.9952,OK,0
2026-07-09 22:32:54,F2,11.9960,OK,0
2026-07-09 22:33:04,F2,11.9967,OK,0
2026-07-09 22:33:14,F2,11.9975,OK,0
2026-07-09 22:33:24,F2,11.9982,OK,0
2026-07-09 22:33:35,F2,11.9989,OK,0
2026-07-09 22:33:45,F2,11.9997,OK,0
2026-07-09 22:33:55,F2,12.0004,OK,0
2026-07-09 22:34:05,F2,12.0011,OK,0
2026-07-09 22:34:16,F2,12.0018,OK,0
2026-07-09 22:34:26,F2,12.0026,OK,0
2026-07-09 22:34:36,F2,12.0033,OK,0
2026-07-09 22:34:46,F2,12.0040,OK,0
2026-07-09 22:34:57,F2,12.0047,OK,0
2026-07-09 22:35:07,F2,12.0054,OK,0
2026-07-09 22:35:17,F2,12.0061,OK,0
2026-07-09 22:35:27,F2,12.0068,OK,0
2026-07-09 22:35:38,F2,12.0074,OK,0
2026-07-09 22:35:48,F2,12.0081,OK,0
2026-07-09 22:35:58,F2,12.0088,OK,0
2026-07-09 22:36:08,F2,12.0095,OK,0
2026-07-09 22:36:18,F2,12.0101,OK,0
2026-07-09 22:36:29,F2,12.0108,OK,0
2026-07-09 22:36:39,F2,12.0115,OK,0
2026-07-09 22:36:49,F2,12.0121,OK,0
2026-07-09 22:36:59,F2,12.0128,OK,1
2026-07-09 22:37:10,F2,12.0134,OK,0
2026-07-09 22:37:20,F2,12.0141,OK,0
2026-07-09 22:37:30,F2,12.0147,OK,0
2026-07-09 22:37:40,F2,12.0153,OK,0
2026-07-09 22:37:51,F2,12.0159,OK,0
2026-07-09 22:38:01,F2,12.0166,OK,0
2026-07-09 22:38:11,F2,12.0172,OK,0
2026-07-09 22:38:21,F2,12.0178,OK,0
2026-07-09 22:38:32,F2,12.0184,OK,0
2026-07-09 22:38:42,F2,12.0189,OK,0
2026-07-09 22:38:52,F2,12.0195,OK,0
2026-07-09 22:39:02,F2,12.0201,OK,0
2026-07-09 22:39:13,F2,12.0206,OK,0
2026-07-09 22:39:23,F2,12.0212,OK,0
2026-07-09 22:39:33,F2,12.0217,OK,0
2026-07-09 22:39:43,F2,12.0222,OK,0
2026-07-09 22:39:54,F2,12.0227,OK,0
2026-07-09 22:40:04,F2,12.0232,OK,0
2026-07-09 22:40:14,F2,12.0237,OK,0
2026-07-09 22:40:24,F2,12.0242,OK,0
2026-07-09 22:40:35,F2,12.0247,OK,0
2026-07-09 22:40:45,F2,12.0251,OK,0
2026-07-09 22:40:55,F2,12.0256,OK,0
2026-07-09 22:41:05,F2,12.0261,OK,1
2026-07-09 22:41:16,F2,12.0265,OK,0
2026-07-09 22:41:26,F2,12.0269,OK,0
2026-07-09 22:41:36,F2,12.0274,OK,0
2026-07-09 22:41:46,F2,12.0278,OK,0
2026-07-09 22:41:57,F2,12.0282,OK,0
2026-07-09 22:42:07,F2,12.0286,OK,0
2026-07-09 22:42:17,F2,12.0290,OK,0
2026-07-09 22:42:27,F2,12.0294,OK,0
2026-07-09 22:42:37,F2,12.0298,OK,0
2026-07-09 22:42:48,F2,12.0302,OK,0
2026-07-09 22:42:58,F2,12.0306,OK,0
2026-07-09 22:43:08,F2,12.0309,OK,0
2026-07-09 22:43:19,F2,12.0313,OK,0
2026-07-09 22:43:29,F2,12.0317,OK,0
2026-07-09 22:43:39,F2,12.0320,OK,0
2026-07-09 22:43:49,F2,12.0323,OK,0
2026-07-09 22:44:00,F2,12.0327,OK,0
2026-07-09 22:44:10,F2,12.0330,OK,0
2026-07-09 22:44:20,F2,12.0333,OK,0
2026-07-09 22:44:30,F2,12.0336,OK,0
2026-07-09 22:44:41,F2,12.0339,OK,0
2026-07-09 22:44:51,F2,12.0342,OK,0
2026-07-09 22:45:01,F2,12.0345,OK,0
2026-07-09 22:45:11,F2,12.0348,OK,0
2026-07-09 22:45:22,F2,12.0351,OK,0
2026-07-09 22:45:32,F2,12.0354,OK,0
2026-07-09 22:45:42,F2,12.0356,OK,0
2026-07-09 22:45:52,F2,12.0359,OK,0
2026-07-09 22:46:03,F2,12.0361,OK,0
2026-07-09 22:46:13,F2,12.0364,OK,0
2026-07-09 22:46:23,F2,12.0366,OK,0
2026-07-09 22:46:33,F2,12.0368,OK,0
2026-07-09 22:46:44,F2,12.0370,OK,0
2026-07-09 22:46:54,F2,12.0372,OK,0
2026-07-09 22:47:04,F2,12.0374,OK,0
2026-07-09 22:47:14,F2,12.0376,OK,0
2026-07-09 22:47:25,F2,12.0378,OK,0
2026-07-09 22:47:35,F2,12.0379,OK,0
2026-07-09 22:47:45,F2,12.0381,OK,0
2026-07-09 22:47:55,F2,12.0383,OK,0
2026-07-09 22:48:06,F2,12.0384,OK,0
2026-07-09 22:48:16,F2,12.0385,OK,0
2026-07-09 22:48:26,F2,12.0386,OK,0
2026-07-09 22:48:36,F2,12.0388,OK,0
2026-07-09 22:48:47,F2,12.0389,OK,0
2026-07-09 22:48:57,F2,12.0389,OK,0
2026-07-09 22:49:07,F2,12.0390,OK,0
2026-07-09 22:49:17,F2,12.0391,OK,0
2026-07-09 22:49:28,F2,12.0391,OK,0
2026-07-09 22:49:38,F2,12.0392,OK,0
2026-07-09 22:49:48,F2,12.0392,OK,0
2026-07-09 22:49:58,F2,12.0392,OK,0
2026-07-09 22:50:09,F2,12.0392,OK,0
2026-07-09 22:50:19,F2,12.0392,OK,0
2026-07-09 22:50:29,F2,12.0391,OK,0
2026-07-09 22:50:39,F2,12.0390,OK,0
2026-07-09 22:50:50,F2,12.0390,OK,0
2026-07-09 22:51:00,F2,12.0389,OK,0
2026-07-09 22:51:10,F2,12.0387,OK,0
2026-07-09 22:51:20,F2,12.0386,OK,0
2026-07-09 22:51:31,F2,12.0384,OK,0
2026-07-09 22:51:41,F2,12.0382,OK,0
2026-07-09 22:51:51,F2,12.0380,OK,0
2026-07-09 22:52:01,F2,12.0378,OK,0
2026-07-09 22:52:12,F2,12.0376,OK,0
2026-07-09 22:52:22,F2,12.0373,OK,0
2026-07-09 22:52:32,F2,12.0371,OK,0
2026-07-09 22:52:42,F2,12.0368,OK,0
2026-07-09 22:52:53,F2,12.0365,OK,0
2026-07-09 22:53:03,F2,12.0361,OK,0
2026-07-09 22:53:13,F2,12.0358,OK,0
2026-07-09 22:53:23,F2,12.0355,OK,0
2026-07-09 22:53:34,F2,12.0351,OK,0
2026-07-09 22:53:44,F2,12.0347,OK,0
2026-07-09 22:53:54,F2,12.0343,OK,0
2026-07-09 22:54:04,F2,12.0339,OK,0
2026-07-09 22:54:15,F2,12.0334,OK,0
2026-07-09 22:54:25,F2,12.0330,OK,0
2026-07-09 22:54:35,F2,12.0325,OK,0
2026-07-09 22:54:45,F2,12.0320,OK,0
2026-07-09 22:54:56,F2,12.0316,OK,0
2026-07-09 22:55:06,F2,12.0310,OK,0
2026-07-09 22:55:16,F2,12.0305,OK,0
2026-07-09 22:55:26,F2,12.0300,OK,0
2026-07-09 22:55:37,F2,12.0294,OK,0
2026-07-09 22:55:47,F2,12.0289,OK,0
2026-07-09 22:55:57,F2,12.0283,OK,0
2026-07-09 22:56:07,F2,12.0277,OK,0
2026-07-09 22:56:18,F2,12.0271,OK,0
2026-07-09 22:56:28,F2,12.0265,OK,0
2026-07-09 22:56:38,F2,12.0258,OK,0
2026-07-09 22:56:48,F2,12.0252,OK,0
2026-07-09 22:56:59,F2,12.0245,OK,0
2026-07-09 22:57:09,F2,12.0239,OK,0
2026-07-09 22:57:19,F2,12.0232,OK,0
2026-07-09 22:57:29,F2,12.0225,OK,0
2026-07-09 22:57:40,F2,12.0218,OK,0
2026-07-09 22:57:50,F2,12.0211,OK,0
2026-07-09 22:58:00,F2,12.0204,OK,0
2026-07-09 22:58:10,F2,12.0197,OK,0
2026-07-09 22:58:21,F2,12.0189,OK,0
2026-07-09 22:58:31,F2,12.0182,OK,0
2026-07-09 22:58:41,F2,12.0174,OK,0
2026-07-09 22:58:51,F2,12.0167,OK,0
2026-07-09 22:59:02,F2,12.0159,OK,0
2026-07-09 22:59:12,F2,12.0151,OK,0
2026-07-09 22:59:22,F2,12.0143,OK,0
2026-07-09 22:59:32,F2,12.0135,OK,0
2026-07-09 22:59:43,F2,12.0127,OK,0
2026-07-09 22:59:53,F2,12.0119,OK,0
2026-07-09 23:00:03,F2,12.0110,OK,0
2026-07-09 23:00:13,F2,12.0102,OK,0
2026-07-09 23:00:24,F2,12.0093,OK,0
2026-07-09 23:00:34,F2,12.0085,OK,0
2026-07-09 23:00:44,F2,12.0076,OK,0
2026-07-09 23:00:54,F2,12.0067,OK,0
2026-07-09 23:01:05,F2,12.0058,OK,0
2026-07-09 23:01:15,F2,12.0049,OK,0
2026-07-09 23:01:25,F2,12.0040,OK,0
2026-07-09 23:01:35,F2,12.0031,OK,0
2026-07-09 23:01:46,F2,12.0022,OK,0
2026-07-09 23:01:56,F2,12.0012,OK,0
2026-07-09 23:02:06,F2,12.0003,OK,0
2026-07-09 23:02:16,F2,11.9993,OK,1
2026-07-09 23:02:27,F2,11.9983,OK,1
2026-07-09 23:02:37,F2,11.9974,OK,0
2026-07-09 23:02:47,F2,11.9964,OK,0
2026-07-09 23:02:57,F2,11.9954,OK,0
2026-07-09 23:03:08,F2,11.9944,OK,0
2026-07-09 23:03:18,F2,11.9934,OK,0
2026-07-09 23:03:28,F2,11.9924,OK,0
2026-07-09 23:03:38,F2,11.9913,OK,0
2026-07-09 23:03:49,F2,11.9903,OK,0
2026-07-09 23:03:59,F2,11.9892,OK,0
2026-07-09 23:04:09,F2,11.9881,OK,0
2026-07-09 23:04:19,F2,11.9871,OK,0
2026-07-09 23:04:29,F2,11.9860,OK,0
2026-07-09 23:04:40,F2,11.9848,OK,0
2026-07-09 23:04:50,F2,11.9837,OK,0
2026-07-09 23:05:00,F2,11.9826,OK,0
2026-07-09 23:05:10,F2,11.9814,OK,0
2026-07-09 23:05:21,F2,11.9803,OK,0
2026-07-09 23:05:31,F2,11.9791,OK,0
2026-07-09 23:05:41,F2,11.9779,OK,0
2026-07-09 23:05:51,F2,11.9767,OK,0
2026-07-09 23:06:02,F2,11.9755,OK,0
2026-07-09 23:06:12,F2,11.9742,OK,0
2026-07-09 23:06:22,F2,11.9730,OK,0
2026-07-09 23:06:32,F2,11.9717,OK,0
2026-07-09 23:06:43,F2,11.9705,OK,0
2026-07-09 23:06:53,F2,11.9692,OK,0
2026-07-09 23:07:03,F2,11.9679,OK,0
2026-07-09 23:07:13,F2,11.9666,OK,0
2026-07-09 23:07:24,F2,11.9653,OK,0
2026-07-09 23:07:34,F2,11.9640,OK,0
2026-07-09 23:07:44,F2,11.9627,OK,0
2026-07-09 23:07:54,F2,11.9614,OK,0
2026-07-09 23:08:05,F2,11.9600,OK,0
2026-07-09 23:08:15,F2,11.9587,OK,0
2026-07-09 23:08:25,F2,11.9573,OK,0
2026-07-09 23:08:35,F2,11.9560,OK,0
2026-07-09 23:08:46,F2,11.9546,OK,0
2026-07-09 23:08:56,F2,11.9532,OK,0
2026-07-09 23:09:06,F2,11.9519,OK,0
2026-07-09 23:09:16,F2,11.9505,OK,0
2026-07-09 23:09:26,F2,11.9491,OK,0
2026-07-09 23:09:37,F2,11.9477,OK,0
2026-07-09 23:09:47,F2,11.9463,OK,0
2026-07-09 23:09:57,F2,11.9449,OK,0
2026-07-09 23:10:07,F2,11.9435,OK,0
2026-07-09 23:10:18,F2,11.9421,OK,0
2026-07-09 23:10:28,F2,11.9407,OK,0
2026-07-09 23:10:38,F2,11.9393,OK,0
2026-07-09 23:10:48,F2,11.9378,OK,0
2026-07-09 23:10:59,F2,11.9364,OK,0
2026-07-09 23:11:09,F2,11.9350,OK,0
2026-07-09 23:11:19,F2,11.9336,OK,0
2026-07-09 23:11:29,F2,11.9321,OK,0
2026-07-09 23:11:40,F2,11.9307,OK,0
2026-07-09 23:11:50,F2,11.9293,OK,0
2026-07-09 23:12:00,F2,11.9278,OK,0
2026-07-09 23:12:10,F2,11.9264,OK,0
2026-07-09 23:12:21,F2,11.9249,OK,0
2026-07-09 23:12:31,F2,11.9235,OK,0
2026-07-09 23:12:41,F2,11.9220,OK,0
2026-07-09 23:12:51,F2,11.9205,OK,0
2026-07-09 23:13:02,F2,11.9191,OK,0
2026-07-09 23:13:12,F2,11.9176,OK,1
2026-07-09 23:13:22,F2,11.9161,OK,0
2026-07-09 23:13:32,F2,11.9146,OK,0
2026-07-09 23:13:43,F2,11.9131,OK,0
2026-07-09 23:13:53,F2,11.9116,OK,0
2026-07-09 23:14:03,F2,11.9101,OK,0
2026-07-09 23:14:13,F2,11.9086,OK,0
2026-07-09 23:14:24,F2,11.9071,OK,0
2026-07-09 23:14:34,F2,11.9055,OK,0
2026-07-09 23:14:44,F2,11.9040,OK,0
2026-07-09 23:14:54,F2,11.9025,OK,0
2026-07-09 23:15:04,F2,11.9009,OK,0
2026-07-09 23:15:15,F2,11.8994,OK,1
2026-07-09 23:15:25,F2,11.8978,OK,1
2026-07-09 23:15:35,F2,11.8963,OK,1
2026-07-09 23:15:45,F2,11.8947,OK,1
2026-07-09 23:15:56,F2,11.8932,OK,0
2026-07-09 23:16:06,F2,11.8916,OK,0
2026-07-09 23:16:16,F2,11.8900,OK,0
2026-07-09 23:16:27,F2,11.8884,OK,0
2026-07-09 23:16:37,F2,11.8869,OK,0
2026-07-09 23:16:47,F2,11.8853,OK,0
2026-07-09 23:16:57,F2,11.8837,OK,0
2026-07-09 23:17:08,F2,11.8821,OK,0
2026-07-09 23:17:18,F2,11.8804,OK,0
2026-07-09 23:17:28,F2,11.8788,OK,0
2026-07-09 23:17:38,F2,11.8772,OK,0
2026-07-09 23:17:49,F2,11.8755,OK,0
2026-07-09 23:17:59,F2,11.8739,OK,0
2026-07-09 23:18:09,F2,11.8722,OK,0
2026-07-09 23:18:19,F2,11.8706,OK,0
2026-07-09 23:18:29,F2,11.8689,OK,0
2026-07-09 23:18:40,F2,11.8672,OK,0
2026-07-09 23:18:50,F2,11.8656,OK,0
2026-07-09 23:19:00,F2,11.8639,OK,0
2026-07-09 23:19:10,F2,11.8622,OK,0
2026-07-09 23:19:21,F2,11.8605,OK,0
2026-07-09 23:19:31,F2,11.8588,OK,0
2026-07-09 23:19:41,F2,11.8571,OK,0
2026-07-09 23:19:51,F2,11.8554,OK,0
2026-07-09 23:20:02,F2,11.8536,OK,0
2026-07-09 23:20:12,F2,11.8519,OK,0
2026-07-09 23:20:22,F2,11.8502,OK,0
2026-07-09 23:20:32,F2,11.8485,OK,0
2026-07-09 23:20:43,F2,11.8468,OK,0
2026-07-09 23:20:53,F2,11.8450,OK,0
2026-07-09 23:21:03,F2,11.8433,OK,0
2026-07-09 23:21:13,F2,11.8416,OK,0
2026-07-09 23:21:24,F2,11.8399,OK,0
2026-07-09 23:21:34,F2,11.8381,OK,0
2026-07-09 23:21:44,F2,11.8364,OK,0
2026-07-09 23:21:54,F2,11.8347,OK,0
2026-07-09 23:22:05,F2,11.8330,OK,0
2026-07-09 23:22:15,F2,11.8312,OK,0
2026-07-09 23:22:25,F2,11.8295,OK,0
2026-07-09 23:22:35,F2,11.8278,OK,0
2026-07-09 23:22:46,F2,11.8261,OK,0
2026-07-09 23:22:56,F2,11.8243,OK,0
2026-07-09 23:23:06,F2,11.8226,OK,0
2026-07-09 23:23:16,F2,11.8209,OK,0
2026-07-09 23:23:26,F2,11.8192,OK,0
2026-07-09 23:23:37,F2,11.8174,OK,0
2026-07-09 23:23:47,F2,11.8157,OK,0
2026-07-09 23:23:57,F2,11.8140,OK,0
2026-07-09 23:24:07,F2,11.8123,OK,0
2026-07-09 23:24:18,F2,11.8106,OK,0
2026-07-09 23:24:28,F2,11.8089,OK,0
2026-07-09 23:24:38,F2,11.8072,OK,0
2026-07-09 23:24:48,F2,11.8055,OK,0
2026-07-09 23:24:59,F2,11.8038,OK,0
2026-07-09 23:25:09,F2,11.8021,OK,0
2026-07-09 23:25:19,F2,11.8004,OK,0
2026-07-09 23:25:29,F2,11.7987,OK,0
2026-07-09 23:25:40,F2,11.7970,OK,0
2026-07-09 23:25:50,F2,11.7953,OK,0
2026-07-09 23:26:00,F2,11.7936,OK,0
2026-07-09 23:26:10,F2,11.7920,OK,0
2026-07-09 23:26:21,F2,11.7903,OK,0
2026-07-09 23:26:31,F2,11.7886,OK,0
2026-07-09 23:26:41,F2,11.7870,OK,0
2026-07-09 23:26:51,F2,11.7853,OK,0
2026-07-09 23:27:02,F2,11.7837,OK,0
2026-07-09 23:27:12,F2,11.7820,OK,0
2026-07-09 23:27:22,F2,11.7804,OK,0
2026-07-09 23:27:32,F2,11.7787,OK,0
2026-07-09 23:27:43,F2,11.7771,OK,1
2026-07-09 23:27:53,F2,11.7755,OK,0
2026-07-09 23:28:03,F2,11.7739,OK,0
2026-07-09 23:28:13,F2,11.7722,OK,0
2026-07-09 23:28:24,F2,11.7706,OK,0
2026-07-09 23:28:34,F2,11.7690,OK,0
2026-07-09 23:28:44,F2,11.7674,OK,0
2026-07-09 23:28:54,F2,11.7658,OK,0
2026-07-09 23:29:05,F2,11.7643,OK,0
2026-07-09 23:29:15,F2,11.7627,OK,0
2026-07-09 23:29:25,F2,11.7611,OK,0
2026-07-09 23:29:35,F2,11.7596,OK,0
2026-07-09 23:29:46,F2,11.7580,OK,0
2026-07-09 23:29:56,F2,11.7564,OK,0
2026-07-09 23:30:06,F2,11.7549,OK,0
2026-07-09 23:30:16,F2,11.7533,OK,0
2026-07-09 23:30:27,F2,11.7518,OK,0
2026-07-09 23:30:37,F2,11.7502,OK,0
2026-07-09 23:30:47,F2,11.7487,OK,0
2026-07-09 23:30:57,F2,11.7472,OK,0
2026-07-09 23:31:08,F2,11.7456,OK,0
2026-07-09 23:31:18,F2,11.7441,OK,0
2026-07-09 23:31:28,F2,11.7426,OK,0
2026-07-09 23:31:38,F2,11.7410,OK,0
2026-07-09 23:31:48,F2,11.7395,OK,0
2026-07-09 23:31:59,F2,11.7380,OK,0
2026-07-09 23:32:09,F2,11.7365,OK,0
2026-07-09 23:32:19,F2,11.7350,OK,0
2026-07-09 23:32:29,F2,11.7335,OK,0
2026-07-09 23:32:40,F2,11.7320,OK,0
2026-07-09 23:32:50,F2,11.7305,OK,0
2026-07-09 23:33:00,F2,11.7290,OK,0
2026-07-09 23:33:10,F2,11.7276,OK,0
2026-07-09 23:33:21,F2,11.7261,OK,0
2026-07-09 23:33:31,F2,11.7246,OK,0
2026-07-09 23:33:41,F2,11.7232,OK,0
2026-07-09 23:33:51,F2,11.7218,OK,0
2026-07-09 23:34:02,F2,11.7204,OK,0
2026-07-09 23:34:12,F2,11.7190,OK,0
2026-07-09 23:34:22,F2,11.7176,OK,0
2026-07-09 23:34:33,F2,11.7162,OK,0
2026-07-09 23:34:43,F2,11.7148,OK,0
2026-07-09 23:34:53,F2,11.7135,OK,0
2026-07-09 23:35:03,F2,11.7122,OK,0
2026-07-09 23:35:13,F2,11.7108,OK,0
2026-07-09 23:35:24,F2,11.7095,OK,0
2026-07-09 23:35:34,F2,11.7083,OK,0
2026-07-09 23:35:44,F2,11.7070,OK,0
2026-07-09 23:35:54,F2,11.7057,OK,0
2026-07-09 23:36:05,F2,11.7045,OK,0
2026-07-09 23:36:15,F2,11.7032,OK,0
2026-07-09 23:36:25,F2,11.7020,OK,0
2026-07-09 23:36:35,F2,11.7008,OK,0
2026-07-09 23:36:46,F2,11.6996,OK,0
2026-07-09 23:36:56,F2,11.6985,OK,0
2026-07-09 23:37:06,F2,11.6973,OK,0
2026-07-09 23:37:16,F2,11.6961,OK,0
2026-07-09 23:37:27,F2,11.6950,OK,0
2026-07-09 23:37:37,F2,11.6939,OK,0
2026-07-09 23:37:47,F2,11.6928,OK,0
2026-07-09 23:37:57,F2,11.6917,OK,0
2026-07-09 23:38:08,F2,11.6906,OK,0
2026-07-09 23:38:18,F2,11.6896,OK,0
2026-07-09 23:38:28,F2,11.6885,OK,0
2026-07-09 23:38:38,F2,11.6875,OK,0
2026-07-09 23:38:49,F2,11.6865,OK,0
2026-07-09 23:38:59,F2,11.6855,OK,0
2026-07-09 23:39:09,F2,11.6845,OK,0
2026-07-09 23:39:19,F2,11.6835,OK,0
2026-07-09 23:39:30,F2,11.6825,OK,0
2026-07-09 23:39:40,F2,11.6816,OK,0
2026-07-09 23:39:50,F2,11.6806,OK,0
2026-07-09 23:40:00,F2,11.6797,OK,0
2026-07-09 23:40:11,F2,11.6788,OK,0
2026-07-09 23:40:21,F2,11.6779,OK,0
2026-07-09 23:40:31,F2,11.6770,OK,0
2026-07-09 23:40:41,F2,11.6762,OK,0
2026-07-09 23:40:52,F2,11.6753,OK,0
2026-07-09 23:41:02,F2,11.6745,OK,0
2026-07-09 23:41:12,F2,11.6736,OK,0
2026-07-09 23:41:23,F2,11.6728,OK,1
2026-07-09 23:41:33,F2,11.6720,OK,0
2026-07-09 23:41:43,F2,11.6712,OK,1
2026-07-09 23:41:54,F2,11.6704,OK,0
2026-07-09 23:42:04,F2,11.6696,OK,0
2026-07-09 23:42:14,F2,11.6689,OK,0
2026-07-09 23:42:24,F2,11.6681,OK,0
2026-07-09 23:42:35,F2,11.6674,OK,0
2026-07-09 23:42:45,F2,11.6667,OK,0
2026-07-09 23:42:55,F2,11.6659,OK,0
2026-07-09 23:43:05,F2,11.6652,OK,0
2026-07-09 23:43:16,F2,11.6645,OK,0
2026-07-09 23:43:26,F2,11.6638,OK,0
2026-07-09 23:43:36,F2,11.6631,OK,0
2026-07-09 23:43:46,F2,11.6624,OK,0
2026-07-09 23:43:57,F2,11.6617,OK,0
2026-07-09 23:44:07,F2,11.6610,OK,0
2026-07-09 23:44:17,F2,11.6603,OK,0
2026-07-09 23:44:28,F2,11.6596,OK,0
2026-07-09 23:44:38,F2,11.6589,OK,0
2026-07-09 23:44:48,F2,11.6582,OK,0
2026-07-09 23:44:58,F2,11.6576,OK,0
2026-07-09 23:45:09,F2,11.6569,OK,1
2026-07-09 23:45:19,F2,11.6562,OK,0
2026-07-09 23:45:29,F2,11.6556,OK,0
2026-07-09 23:45:39,F2,11.6549,OK,0
2026-07-09 23:45:50,F2,11.6543,OK,0
2026-07-09 23:46:00,F2,11.6536,OK,0
2026-07-09 23:46:10,F2,11.6530,OK,0
2026-07-09 23:46:21,F2,11.6523,OK,0
2026-07-09 23:46:31,F2,11.6517,OK,0
2026-07-09 23:46:41,F2,11.6511,OK,0
2026-07-09 23:46:51,F2,11.6505,OK,0
2026-07-09 23:47:02,F2,11.6499,OK,0
2026-07-09 23:47:12,F2,11.6492,OK,0
2026-07-09 23:47:22,F2,11.6486,OK,0
2026-07-09 23:47:32,F2,11.6481,OK,0
2026-07-09 23:47:43,F2,11.6475,OK,0
2026-07-09 23:47:53,F2,11.6469,OK,0
2026-07-09 23:48:03,F2,11.6463,OK,0
2026-07-09 23:48:13,F2,11.6457,OK,0
2026-07-09 23:48:24,F2,11.6451,OK,0
2026-07-09 23:48:34,F2,11.6446,OK,0
2026-07-09 23:48:44,F2,11.6440,OK,0
2026-07-09 23:48:54,F2,11.6434,OK,0
2026-07-09 23:49:05,F2,11.6429,OK,0
2026-07-09 23:49:15,F2,11.6423,OK,0
2026-07-09 23:49:25,F2,11.6418,OK,0
2026-07-09 23:49:35,F2,11.6412,OK,0
2026-07-09 23:49:46,F2,11.6406,OK,0
2026-07-09 23:49:56,F2,11.6401,OK,0
2026-07-09 23:50:06,F2,11.6395,OK,0
2026-07-09 23:50:16,F2,11.6390,OK,0
2026-07-09 23:50:27,F2,11.6384,OK,0
2026-07-09 23:50:37,F2,11.6378,OK,0
2026-07-09 23:50:47,F2,11.6373,OK,0
2026-07-09 23:50:57,F2,11.6367,OK,0
2026-07-09 23:51:08,F2,11.6361,OK,0
2026-07-09 23:51:18,F2,11.6355,OK,0
2026-07-09 23:51:28,F2,11.6350,OK,0
2026-07-09 23:51:38,F2,11.6344,OK,1
2026-07-09 23:51:49,F2,11.6338,OK,0
2026-07-09 23:51:59,F2,11.6332,OK,0
2026-07-09 23:52:09,F2,11.6326,OK,0
2026-07-09 23:52:19,F2,11.6320,OK,1
2026-07-09 23:52:30,F2,11.6314,OK,0
2026-07-09 23:52:40,F2,11.6308,OK,0
2026-07-09 23:52:50,F2,11.6302,OK,0
2026-07-09 23:53:00,F2,11.6296,OK,0
2026-07-09 23:53:11,F2,11.6289,OK,0
2026-07-09 23:53:21,F2,11.6283,OK,0
2026-07-09 23:53:31,F2,11.6276,OK,0
2026-07-09 23:53:41,F2,11.6270,OK,0
2026-07-09 23:53:52,F2,11.6263,OK,0
2026-07-09 23:54:02,F2,11.6257,OK,0
2026-07-09 23:54:12,F2,11.6250,OK,0
2026-07-09 23:54:22,F2,11.6243,OK,0
2026-07-09 23:54:33,F2,11.6236,OK,0
2026-07-09 23:54:43,F2,11.6229,OK,0
2026-07-09 23:54:53,F2,11.6222,OK,0
2026-07-09 23:55:03,F2,11.6214,OK,0
2026-07-09 23:55:14,F2,11.6207,OK,0
2026-07-09 23:55:24,F2,11.6199,OK,0
2026-07-09 23:55:34,F2,11.6192,OK,0
2026-07-09 23:55:44,F2,11.6184,OK,0
2026-07-09 23:55:55,F2,11.6176,OK,0
2026-07-09 23:56:05,F2,11.6168,OK,0
2026-07-09 23:56:15,F2,11.6160,OK,0
2026-07-09 23:56:25,F2,11.6151,OK,0
2026-07-09 23:56:36,F2,11.6143,OK,0
2026-07-09 23:56:46,F2,11.6134,OK,0
2026-07-09 23:56:56,F2,11.6126,OK,0
2026-07-09 23:57:06,F2,11.6117,OK,0
2026-07-09 23:57:17,F2,11.6108,OK,0
2026-07-09 23:57:27,F2,11.6099,OK,0
2026-07-09 23:57:37,F2,11.6090,OK,0
2026-07-09 23:57:47,F2,11.6080,OK,0
2026-07-09 23:57:58,F2,11.6071,OK,0
2026-07-09 23:58:08,F2,11.6061,OK,0
2026-07-09 23:58:18,F2,11.6052,OK,0
2026-07-09 23:58:28,F2,11.6042,OK,0
2026-07-09 23:58:38,F2,11.6032,OK,0
2026-07-09 23:58:49,F2,11.6023,OK,0
2026-07-09 23:58:59,F2,11.6013,OK,0
2026-07-09 23:59:09,F2,11.6003,OK,0
2026-07-09 23:59:19,F2,11.5993,OK,0
2026-07-09 23:59:30,F2,11.5983,OK,0
2026-07-09 23:59:40,F2,11.5972,OK,0
2026-07-09 23:59:50,F2,11.5962,OK,0
2026-07-10 00:00:00,F2,11.5952,OK,0
2026-07-10 00:00:11,F2,11.5941,OK,0
2026-07-10 00:00:21,F2,11.5931,OK,0
2026-07-10 00:00:31,F2,11.5920,OK,0
2026-07-10 00:00:41,F2,11.5909,OK,0
2026-07-10 00:00:52,F2,11.5899,OK,0
2026-07-10 00:01:02,F2,11.5888,OK,0
2026-07-10 00:01:12,F2,11.5877,OK,0
2026-07-10 00:01:22,F2,11.5866,OK,0
2026-07-10 00:01:33,F2,11.5855,OK,0
2026-07-10 00:01:43,F2,11.5845,OK,0
2026-07-10 00:01:53,F2,11.5833,OK,0
2026-07-10 00:02:03,F2,11.5822,OK,0
2026-07-10 00:02:14,F2,11.5811,OK,0
2026-07-10 00:02:24,F2,11.5800,OK,0
2026-07-10 00:02:34,F2,11.5789,OK,0
2026-07-10 00:02:44,F2,11.5777,OK,0
2026-07-10 00:02:55,F2,11.5766,OK,0
2026-07-10 00:03:05,F2,11.5754,OK,0
2026-07-10 00:03:15,F2,11.5743,OK,0
2026-07-10 00:03:25,F2,11.5731,OK,1
2026-07-10 00:03:36,F2,11.5720,OK,0
2026-07-10 00:03:46,F2,11.5708,OK,0
2026-07-10 00:03:56,F2,11.5696,OK,0
2026-07-10 00:04:06,F2,11.5684,OK,1
2026-07-10 00:04:17,F2,11.5672,OK,0
2026-07-10 00:04:27,F2,11.5660,OK,0
2026-07-10 00:04:37,F2,11.5648,OK,0
2026-07-10 00:04:47,F2,11.5636,OK,0
2026-07-10 00:04:58,F2,11.5623,OK,0
2026-07-10 00:05:08,F2,11.5611,OK,0
2026-07-10 00:05:18,F2,11.5599,OK,0
2026-07-10 00:05:28,F2,11.5586,OK,0
2026-07-10 00:05:39,F2,11.5574,OK,0
2026-07-10 00:05:49,F2,11.5561,OK,0
2026-07-10 00:05:59,F2,11.5549,OK,0
2026-07-10 00:06:09,F2,11.5536,OK,0
2026-07-10 00:06:20,F2,11.5523,OK,0
2026-07-10 00:06:30,F2,11.5510,OK,0
2026-07-10 00:06:40,F2,11.5497,OK,0
2026-07-10 00:06:50,F2,11.5484,OK,1
2026-07-10 00:07:01,F2,11.5471,OK,0
2026-07-10 00:07:11,F2,11.5458,OK,0
2026-07-10 00:07:21,F2,11.5445,OK,0
2026-07-10 00:07:31,F2,11.5432,OK,0
2026-07-10 00:07:41,F2,11.5419,OK,0
2026-07-10 00:07:52,F2,11.5406,OK,0
2026-07-10 00:08:02,F2,11.5392,OK,0
2026-07-10 00:08:12,F2,11.5379,OK,0
2026-07-10 00:08:23,F2,11.5366,OK,0
2026-07-10 00:08:33,F2,11.5352,OK,0
2026-07-10 00:08:43,F2,11.5338,OK,0
2026-07-10 00:08:53,F2,11.5325,OK,0
2026-07-10 00:09:04,F2,11.5311,OK,0
2026-07-10 00:09:14,F2,11.5297,OK,0
2026-07-10 00:09:24,F2,11.5284,OK,0
2026-07-10 00:09:34,F2,11.5270,OK,0
2026-07-10 00:09:45,F2,11.5256,OK,0
2026-07-10 00:09:55,F2,11.5242,OK,0
2026-07-10 00:10:05,F2,11.5228,OK,0
2026-07-10 00:10:15,F2,11.5215,OK,0
2026-07-10 00:10:26,F2,11.5201,OK,0
2026-07-10 00:10:36,F2,11.5187,OK,0
2026-07-10 00:10:46,F2,11.5173,OK,0
2026-07-10 00:10:56,F2,11.5159,OK,0
2026-07-10 00:11:06,F2,11.5145,OK,0
2026-07-10 00:11:17,F2,11.5131,OK,0
2026-07-10 00:11:27,F2,11.5118,OK,0
2026-07-10 00:11:37,F2,11.5104,OK,0
2026-07-10 00:11:47,F2,11.5090,OK,0
2026-07-10 00:11:58,F2,11.5076,OK,0
2026-07-10 00:12:08,F2,11.5063,OK,0
2026-07-10 00:12:18,F2,11.5049,OK,0
2026-07-10 00:12:28,F2,11.5035,OK,0
2026-07-10 00:12:39,F2,11.5022,OK,0
2026-07-10 00:12:49,F2,11.5008,OK,0
2026-07-10 00:12:59,F2,11.4994,OK,0
2026-07-10 00:13:09,F2,11.4981,OK,0
2026-07-10 00:13:20,F2,11.4967,OK,0
2026-07-10 00:13:30,F2,11.4954,OK,0
2026-07-10 00:13:40,F2,11.4940,OK,0
2026-07-10 00:13:50,F2,11.4927,OK,0
2026-07-10 00:14:01,F2,11.4914,OK,0
2026-07-10 00:14:11,F2,11.4900,OK,0
2026-07-10 00:14:21,F2,11.4887,OK,0
2026-07-10 00:14:31,F2,11.4874,OK,0
2026-07-10 00:14:42,F2,11.4860,OK,0
2026-07-10 00:14:52,F2,11.4847,OK,0
2026-07-10 00:15:02,F2,11.4834,OK,0
2026-07-10 00:15:12,F2,11.4821,OK,0
2026-07-10 00:15:22,F2,11.4807,OK,0
2026-07-10 00:15:33,F2,11.4794,OK,0
2026-07-10 00:15:43,F2,11.4781,OK,0
2026-07-10 00:15:53,F2,11.4768,OK,0
2026-07-10 00:16:03,F2,11.4755,OK,0
2026-07-10 00:16:14,F2,11.4742,OK,0
2026-07-10 00:16:24,F2,11.4729,OK,0
2026-07-10 00:16:34,F2,11.4715,OK,0
2026-07-10 00:16:44,F2,11.4702,OK,0
2026-07-10 00:16:55,F2,11.4689,OK,0
2026-07-10 00:17:05,F2,11.4676,OK,0
2026-07-10 00:17:15,F2,11.4663,OK,0
2026-07-10 00:17:25,F2,11.4650,OK,0
2026-07-10 00:17:36,F2,11.4637,OK,0
2026-07-10 00:17:46,F2,11.4623,OK,0
2026-07-10 00:17:56,F2,11.4610,OK,0
2026-07-10 00:18:06,F2,11.4597,OK,0
2026-07-10 00:18:17,F2,11.4584,OK,0
2026-07-10 00:18:27,F2,11.4571,OK,0
2026-07-10 00:18:37,F2,11.4557,OK,0
2026-07-10 00:18:47,F2,11.4544,OK,0
2026-07-10 00:18:58,F2,11.4531,OK,0
2026-07-10 00:19:08,F2,11.4517,OK,0
2026-07-10 00:19:18,F2,11.4504,OK,0
2026-07-10 00:19:28,F2,11.4491,OK,0
2026-07-10 00:19:39,F2,11.4477,OK,0
2026-07-10 00:19:49,F2,11.4464,OK,0
2026-07-10 00:19:59,F2,11.4450,OK,0
2026-07-10 00:20:09,F2,11.4437,OK,0
2026-07-10 00:20:20,F2,11.4423,OK,0
2026-07-10 00:20:30,F2,11.4409,OK,0
2026-07-10 00:20:40,F2,11.4396,OK,0
2026-07-10 00:20:50,F2,11.4382,OK,0
2026-07-10 00:21:01,F2,11.4368,OK,0
2026-07-10 00:21:11,F2,11.4354,OK,0
2026-07-10 00:21:21,F2,11.4340,OK,0
2026-07-10 00:21:31,F2,11.4326,OK,0
2026-07-10 00:21:42,F2,11.4312,OK,0
2026-07-10 00:21:52,F2,11.4298,OK,0
2026-07-10 00:22:02,F2,11.4284,OK,0
2026-07-10 00:22:12,F2,11.4270,OK,0
2026-07-10 00:22:23,F2,11.4256,OK,0
2026-07-10 00:22:33,F2,11.4242,OK,0
2026-07-10 00:22:43,F2,11.4227,OK,0
2026-07-10 00:22:53,F2,11.4213,OK,0
2026-07-10 00:23:03,F2,11.4199,OK,0
2026-07-10 00:23:14,F2,11.4185,OK,0
2026-07-10 00:23:24,F2,11.4170,OK,0
2026-07-10 00:23:34,F2,11.4156,OK,0
2026-07-10 00:23:44,F2,11.4142,OK,0
2026-07-10 00:23:55,F2,11.4127,OK,0
2026-07-10 00:24:05,F2,11.4113,OK,0
2026-07-10 00:24:15,F2,11.4099,OK,0
2026-07-10 00:24:25,F2,11.4085,OK,0
2026-07-10 00:24:36,F2,11.4070,OK,0
2026-07-10 00:24:46,F2,11.4056,OK,0
2026-07-10 00:24:56,F2,11.4042,OK,0
2026-07-10 00:25:06,F2,11.4028,OK,0
2026-07-10 00:25:17,F2,11.4014,OK,0
2026-07-10 00:25:27,F2,11.3999,OK,0
2026-07-10 00:25:37,F2,11.3985,OK,0
2026-07-10 00:25:47,F2,11.3971,OK,0
2026-07-10 00:25:58,F2,11.3957,OK,0
2026-07-10 00:26:08,F2,11.3943,OK,0
2026-07-10 00:26:18,F2,11.3929,OK,0
2026-07-10 00:26:28,F2,11.3915,OK,0
2026-07-10 00:26:39,F2,11.3901,OK,0
2026-07-10 00:26:49,F2,11.3887,OK,0
2026-07-10 00:26:59,F2,11.3873,OK,0
2026-07-10 00:27:09,F2,11.3860,OK,0
2026-07-10 00:27:20,F2,11.3846,OK,0
2026-07-10 00:27:30,F2,11.3832,OK,0
2026-07-10 00:27:40,F2,11.3818,OK,0
2026-07-10 00:27:50,F2,11.3805,OK,0
2026-07-10 00:28:01,F2,11.3791,OK,0
2026-07-10 00:28:11,F2,11.3777,OK,0
2026-07-10 00:28:21,F2,11.3764,OK,0
2026-07-10 00:28:31,F2,11.3750,OK,0
2026-07-10 00:28:42,F2,11.3737,OK,0
2026-07-10 00:28:52,F2,11.3723,OK,0
2026-07-10 00:29:02,F2,11.3710,OK,1
2026-07-10 00:29:12,F2,11.3696,OK,0
2026-07-10 00:29:23,F2,11.3683,OK,0
2026-07-10 00:29:33,F2,11.3669,OK,0
2026-07-10 00:29:43,F2,11.3656,OK,0
2026-07-10 00:29:53,F2,11.3642,OK,1
2026-07-10 00:30:04,F2,11.3629,OK,0
2026-07-10 00:30:14,F2,11.3616,OK,0
2026-07-10 00:30:24,F2,11.3602,OK,1
2026-07-10 00:30:34,F2,11.3589,OK,1
2026-07-10 00:30:45,F2,11.3576,OK,0
2026-07-10 00:30:55,F2,11.3562,OK,0
2026-07-10 00:31:05,F2,11.3549,OK,0
2026-07-10 00:31:15,F2,11.3536,OK,0
2026-07-10 00:31:26,F2,11.3523,OK,0
2026-07-10 00:31:36,F2,11.3510,OK,0
2026-07-10 00:31:46,F2,11.3497,OK,0
2026-07-10 00:31:56,F2,11.3483,OK,0
2026-07-10 00:32:06,F2,11.3470,OK,0
2026-07-10 00:32:17,F2,11.3457,OK,0
2026-07-10 00:32:27,F2,11.3445,OK,0
2026-07-10 00:32:37,F2,11.3432,OK,0
2026-07-10 00:32:47,F2,11.3419,OK,0
2026-07-10 00:32:58,F2,11.3406,OK,0
2026-07-10 00:33:08,F2,11.3393,OK,0
2026-07-10 00:33:18,F2,11.3380,OK,0
2026-07-10 00:33:28,F2,11.3367,OK,0
2026-07-10 00:33:39,F2,11.3355,OK,0
2026-07-10 00:33:49,F2,11.3342,OK,0
2026-07-10 00:33:59,F2,11.3329,OK,0
2026-07-10 00:34:09,F2,11.3316,OK,0
2026-07-10 00:34:20,F2,11.3304,OK,0
2026-07-10 00:34:30,F2,11.3291,OK,0
2026-07-10 00:34:40,F2,11.3278,OK,0
2026-07-10 00:34:51,F2,11.3266,OK,0
2026-07-10 00:35:01,F2,11.3253,OK,0
2026-07-10 00:35:11,F2,11.3240,OK,0
2026-07-10 00:35:21,F2,11.3228,OK,0
2026-07-10 00:35:31,F2,11.3215,OK,0
2026-07-10 00:35:42,F2,11.3203,OK,0
2026-07-10 00:35:52,F2,11.3190,OK,0
2026-07-10 00:36:02,F2,11.3178,OK,0
2026-07-10 00:36:12,F2,11.3166,OK,0
2026-07-10 00:36:23,F2,11.3154,OK,0
2026-07-10 00:36:33,F2,11.3141,OK,0
2026-07-10 00:36:43,F2,11.3129,OK,0
2026-07-10 00:36:53,F2,11.3117,OK,0
2026-07-10 00:37:04,F2,11.3105,OK,0
2026-07-10 00:37:14,F2,11.3094,OK,0
2026-07-10 00:37:24,F2,11.3082,OK,0
2026-07-10 00:37:34,F2,11.3070,OK,0
2026-07-10 00:37:45,F2,11.3058,OK,0
2026-07-10 00:37:55,F2,11.3047,OK,0
2026-07-10 00:38:05,F2,11.3035,OK,0
2026-07-10 00:38:15,F2,11.3024,OK,0
2026-07-10 00:38:26,F2,11.3013,OK,0
2026-07-10 00:38:36,F2,11.3001,OK,0
2026-07-10 00:38:46,F2,11.2990,OK,0
2026-07-10 00:38:56,F2,11.2979,OK,0
2026-07-10 00:39:07,F2,11.2968,OK,0
2026-07-10 00:39:17,F2,11.2957,OK,0
2026-07-10 00:39:27,F2,11.2946,OK,0
2026-07-10 00:39:37,F2,11.2936,OK,0
2026-07-10 00:39:48,F2,11.2925,OK,0
2026-07-10 00:39:58,F2,11.2914,OK,0
2026-07-10 00:40:08,F2,11.2904,OK,0
2026-07-10 00:40:18,F2,11.2894,OK,0
2026-07-10 00:40:29,F2,11.2883,OK,0
2026-07-10 00:40:39,F2,11.2873,OK,0
2026-07-10 00:40:49,F2,11.2863,OK,0
2026-07-10 00:40:59,F2,11.2853,OK,0
2026-07-10 00:41:10,F2,11.2843,OK,0
2026-07-10 00:41:20,F2,11.2833,OK,0
2026-07-10 00:41:30,F2,11.2823,OK,0
2026-07-10 00:41:40,F2,11.2813,OK,0
2026-07-10 00:41:51,F2,11.2804,OK,0
2026-07-10 00:42:01,F2,11.2794,OK,0
2026-07-10 00:42:11,F2,11.2785,OK,0
2026-07-10 00:42:21,F2,11.2776,OK,0
2026-07-10 00:42:31,F2,11.2767,OK,0
2026-07-10 00:42:42,F2,11.2758,OK,0
2026-07-10 00:42:52,F2,11.2749,OK,0
2026-07-10 00:43:02,F2,11.2740,OK,0
2026-07-10 00:43:12,F2,11.2731,OK,0
2026-07-10 00:43:23,F2,11.2722,OK,0
2026-07-10 00:43:33,F2,11.2714,OK,0
2026-07-10 00:43:43,F2,11.2706,OK,0
2026-07-10 00:43:54,F2,11.2697,OK,0
2026-07-10 00:44:04,F2,11.2689,OK,0
2026-07-10 00:44:14,F2,11.2681,OK,0
2026-07-10 00:44:24,F2,11.2673,OK,0
2026-07-10 00:44:34,F2,11.2666,OK,0
2026-07-10 00:44:45,F2,11.2658,OK,1
2026-07-10 00:44:55,F2,11.2651,OK,1
2026-07-10 00:45:05,F2,11.2643,OK,0
2026-07-10 00:45:15,F2,11.2636,OK,0
2026-07-10 00:45:26,F2,11.2629,OK,0
2026-07-10 00:45:36,F2,11.2622,OK,0
2026-07-10 00:45:46,F2,11.2615,OK,0
2026-07-10 00:45:56,F2,11.2608,OK,0
2026-07-10 00:46:07,F2,11.2602,OK,0
2026-07-10 00:46:17,F2,11.2595,OK,0
2026-07-10 00:46:27,F2,11.2588,OK,0
2026-07-10 00:46:37,F2,11.2582,OK,0
2026-07-10 00:46:48,F2,11.2575,OK,0
2026-07-10 00:46:58,F2,11.2569,OK,0
2026-07-10 00:47:08,F2,11.2563,OK,1
2026-07-10 00:47:18,F2,11.2557,OK,0
2026-07-10 00:47:29,F2,11.2551,OK,0
2026-07-10 00:47:39,F2,11.2544,OK,0
2026-07-10 00:47:49,F2,11.2538,OK,0
2026-07-10 00:47:59,F2,11.2532,OK,0
2026-07-10 00:48:10,F2,11.2527,OK,0
2026-07-10 00:48:20,F2,11.2521,OK,0
2026-07-10 00:48:30,F2,11.2515,OK,0
2026-07-10 00:48:40,F2,11.2509,OK,0
2026-07-10 00:48:51,F2,11.2504,OK,0
2026-07-10 00:49:01,F2,11.2498,OK,0
2026-07-10 00:49:11,F2,11.2493,OK,0
2026-07-10 00:49:21,F2,11.2487,OK,0
2026-07-10 00:49:32,F2,11.2482,OK,0
2026-07-10 00:49:42,F2,11.2477,OK,0
2026-07-10 00:49:52,F2,11.2472,OK,0
2026-07-10 00:50:02,F2,11.2467,OK,0
2026-07-10 00:50:13,F2,11.2461,OK,0
2026-07-10 00:50:23,F2,11.2457,OK,0
2026-07-10 00:50:33,F2,11.2452,OK,0
2026-07-10 00:50:43,F2,11.2447,OK,0
2026-07-10 00:50:54,F2,11.2442,OK,0
2026-07-10 00:51:04,F2,11.2437,OK,0
2026-07-10 00:51:14,F2,11.2433,OK,0
2026-07-10 00:51:24,F2,11.2428,OK,0
2026-07-10 00:51:35,F2,11.2424,OK,0
2026-07-10 00:51:45,F2,11.2419,OK,0
2026-07-10 00:51:55,F2,11.2415,OK,0
2026-07-10 00:52:05,F2,11.2411,OK,0
2026-07-10 00:52:16,F2,11.2407,OK,0
2026-07-10 00:52:26,F2,11.2402,OK,0
2026-07-10 00:52:36,F2,11.2398,OK,0
2026-07-10 00:52:46,F2,11.2394,OK,0
2026-07-10 00:52:57,F2,11.2390,OK,0
2026-07-10 00:53:07,F2,11.2386,OK,0
2026-07-10 00:53:17,F2,11.2383,OK,0
2026-07-10 00:53:28,F2,11.2379,OK,0
2026-07-10 00:53:38,F2,11.2375,OK,0
2026-07-10 00:53:48,F2,11.2371,OK,0
2026-07-10 00:53:58,F2,11.2368,OK,0
2026-07-10 00:54:09,F2,11.2364,OK,0
2026-07-10 00:54:19,F2,11.2361,OK,0
2026-07-10 00:54:29,F2,11.2357,OK,0
2026-07-10 00:54:39,F2,11.2354,OK,0
2026-07-10 00:54:50,F2,11.2350,OK,0
2026-07-10 00:55:00,F2,11.2347,OK,0
2026-07-10 00:55:10,F2,11.2344,OK,0
2026-07-10 00:55:20,F2,11.2341,OK,0
2026-07-10 00:55:31,F2,11.2338,OK,0
2026-07-10 00:55:41,F2,11.2335,OK,0
2026-07-10 00:55:51,F2,11.2332,OK,0
2026-07-10 00:56:01,F2,11.2329,OK,0
2026-07-10 00:56:12,F2,11.2326,OK,0
2026-07-10 00:56:22,F2,11.2324,OK,0
2026-07-10 00:56:32,F2,11.2321,OK,0
2026-07-10 00:56:42,F2,11.2318,OK,0
2026-07-10 00:56:53,F2,11.2316,OK,0
2026-07-10 00:57:03,F2,11.2313,OK,0
2026-07-10 00:57:13,F2,11.2311,OK,0
2026-07-10 00:57:23,F2,11.2309,OK,0
2026-07-10 00:57:34,F2,11.2306,OK,0
2026-07-10 00:57:44,F2,11.2304,OK,0
2026-07-10 00:57:54,F2,11.2302,OK,0
2026-07-10 00:58:04,F2,11.2300,OK,0
2026-07-10 00:58:15,F2,11.2298,OK,0
2026-07-10 00:58:25,F2,11.2296,OK,0
2026-07-10 00:58:35,F2,11.2294,OK,0
2026-07-10 00:58:45,F2,11.2292,OK,0
2026-07-10 00:58:56,F2,11.2290,OK,0
2026-07-10 00:59:06,F2,11.2288,OK,0
2026-07-10 00:59:16,F2,11.2286,OK,0
2026-07-10 00:59:26,F2,11.2284,OK,0
2026-07-10 00:59:37,F2,11.2282,OK,0
2026-07-10 00:59:47,F2,11.2280,OK,0
2026-07-10 00:59:57,F2,11.2278,OK,0
2026-07-10 01:00:07,F2,11.2276,OK,0
2026-07-10 01:00:18,F2,11.2274,OK,0
2026-07-10 01:00:28,F2,11.2272,OK,0
2026-07-10 01:00:38,F2,11.2270,OK,0
2026-07-10 01:00:48,F2,11.2267,OK,0
2026-07-10 01:00:59,F2,11.2265,OK,1
2026-07-10 01:01:09,F2,11.2263,OK,0
2026-07-10 01:01:19,F2,11.2262,OK,0
2026-07-10 01:01:29,F2,11.2260,OK,0
2026-07-10 01:01:40,F2,11.2258,OK,0
2026-07-10 01:01:50,F2,11.2256,OK,0
2026-07-10 01:02:00,F2,11.2254,OK,0
2026-07-10 01:02:10,F2,11.2252,OK,0
2026-07-10 01:02:21,F2,11.2250,OK,0
2026-07-10 01:02:31,F2,11.2248,OK,0
2026-07-10 01:02:41,F2,11.2246,OK,0
2026-07-10 01:02:51,F2,11.2244,OK,0
2026-07-10 01:03:02,F2,11.2242,OK,0
2026-07-10 01:03:12,F2,11.2241,OK,0
2026-07-10 01:03:22,F2,11.2239,OK,0
2026-07-10 01:03:32,F2,11.2237,OK,0
2026-07-10 01:03:43,F2,11.2235,OK,0
2026-07-10 01:03:53,F2,11.2233,OK,1
2026-07-10 01:04:03,F2,11.2232,OK,0
2026-07-10 01:04:13,F2,11.2230,OK,0
2026-07-10 01:04:24,F2,11.2228,OK,0
2026-07-10 01:04:34,F2,11.2226,OK,0
2026-07-10 01:04:44,F2,11.2225,OK,0
2026-07-10 01:04:54,F2,11.2223,OK,0
2026-07-10 01:05:05,F2,11.2221,OK,0
2026-07-10 01:05:15,F2,11.2220,OK,0
2026-07-10 01:05:25,F2,11.2218,OK,0
2026-07-10 01:05:35,F2,11.2216,OK,0
2026-07-10 01:05:46,F2,11.2215,OK,0
2026-07-10 01:05:56,F2,11.2213,OK,0
2026-07-10 01:06:06,F2,11.2212,OK,0
2026-07-10 01:06:16,F2,11.2210,OK,0
2026-07-10 01:06:27,F2,11.2209,OK,0
2026-07-10 01:06:37,F2,11.2207,OK,0
2026-07-10 01:06:47,F2,11.2206,OK,0
2026-07-10 01:06:57,F2,11.2204,OK,0
2026-07-10 01:07:08,F2,11.2203,OK,0
2026-07-10 01:07:18,F2,11.2202,OK,0
2026-07-10 01:07:28,F2,11.2200,OK,0
2026-07-10 01:07:38,F2,11.2199,OK,0
2026-07-10 01:07:49,F2,11.2197,OK,0
2026-07-10 01:07:59,F2,11.2196,OK,0
2026-07-10 01:08:09,F2,11.2195,OK,0
2026-07-10 01:08:19,F2,11.2193,OK,0
2026-07-10 01:08:30,F2,11.2192,OK,0
2026-07-10 01:08:40,F2,11.2191,OK,0
2026-07-10 01:08:50,F2,11.2189,OK,0
2026-07-10 01:09:00,F2,11.2188,OK,0
2026-07-10 01:09:11,F2,11.2187,OK,0
2026-07-10 01:09:21,F2,11.2185,OK,0
2026-07-10 01:09:31,F2,11.2184,OK,0
2026-07-10 01:09:41,F2,11.2182,OK,0
2026-07-10 01:09:52,F2,11.2181,OK,0
2026-07-10 01:10:02,F2,11.2180,OK,0
2026-07-10 01:10:12,F2,11.2178,OK,0
2026-07-10 01:10:22,F2,11.2177,OK,0
2026-07-10 01:10:33,F2,11.2175,OK,0
2026-07-10 01:10:43,F2,11.2173,OK,0
2026-07-10 01:10:53,F2,11.2172,OK,0
2026-07-10 01:11:03,F2,11.2170,OK,0
2026-07-10 01:11:14,F2,11.2168,OK,0
2026-07-10 01:11:24,F2,11.2167,OK,0
2026-07-10 01:11:34,F2,11.2165,OK,0
2026-07-10 01:11:44,F2,11.2163,OK,0
2026-07-10 01:11:55,F2,11.2161,OK,0
2026-07-10 01:12:05,F2,11.2159,OK,0
2026-07-10 01:12:15,F2,11.2157,OK,0
2026-07-10 01:12:25,F2,11.2155,OK,0
2026-07-10 01:12:36,F2,11.2153,OK,0
2026-07-10 01:12:46,F2,11.2151,OK,0
2026-07-10 01:12:56,F2,11.2149,OK,0
2026-07-10 01:13:06,F2,11.2147,OK,0
2026-07-10 01:13:17,F2,11.2144,OK,0
2026-07-10 01:13:27,F2,11.2142,OK,0
2026-07-10 01:13:37,F2,11.2139,OK,0
2026-07-10 01:13:47,F2,11.2136,OK,0
2026-07-10 01:13:58,F2,11.2134,OK,0
2026-07-10 01:14:08,F2,11.2131,OK,0
2026-07-10 01:14:18,F2,11.2128,OK,0
2026-07-10 01:14:28,F2,11.2124,OK,0
2026-07-10 01:14:39,F2,11.2121,OK,0
2026-07-10 01:14:49,F2,11.2118,OK,0
2026-07-10 01:14:59,F2,11.2114,OK,0
2026-07-10 01:15:09,F2,11.2110,OK,0
2026-07-10 01:15:20,F2,11.2107,OK,0
2026-07-10 01:15:30,F2,11.2103,OK,0
2026-07-10 01:15:40,F2,11.2099,OK,0
2026-07-10 01:15:50,F2,11.2095,OK,0
2026-07-10 01:16:01,F2,11.2090,OK,0
2026-07-10 01:16:11,F2,11.2086,OK,0
2026-07-10 01:16:21,F2,11.2082,OK,0
2026-07-10 01:16:31,F2,11.2077,OK,0
2026-07-10 01:16:42,F2,11.2073,OK,0
2026-07-10 01:16:52,F2,11.2068,OK,0
2026-07-10 01:17:02,F2,11.2063,OK,0
2026-07-10 01:17:12,F2,11.2059,OK,0
2026-07-10 01:17:23,F2,11.2054,OK,0
2026-07-10 01:17:33,F2,11.2049,OK,0
2026-07-10 01:17:43,F2,11.2044,OK,0
2026-07-10 01:17:53,F2,11.2039,OK,0
2026-07-10 01:18:04,F2,11.2034,OK,0
2026-07-10 01:18:14,F2,11.2029,OK,1
2026-07-10 01:18:24,F2,11.2024,OK,0
2026-07-10 01:18:34,F2,11.2019,OK,1
2026-07-10 01:18:45,F2,11.2014,OK,0
2026-07-10 01:18:55,F2,11.2009,OK,0
2026-07-10 01:19:05,F2,11.2004,OK,0
2026-07-10 01:19:16,F2,11.1999,OK,0
2026-07-10 01:19:26,F2,11.1994,OK,0
2026-07-10 01:19:36,F2,11.1989,OK,0
2026-07-10 01:19:46,F2,11.1983,OK,0
2026-07-10 01:19:57,F2,11.1978,OK,0
2026-07-10 01:20:07,F2,11.1973,OK,0
2026-07-10 01:20:17,F2,11.1968,OK,0
2026-07-10 01:20:27,F2,11.1963,OK,0
2026-07-10 01:20:38,F2,11.1958,OK,0
2026-07-10 01:20:48,F2,11.1953,OK,0
2026-07-10 01:20:58,F2,11.1947,OK,0
2026-07-10 01:21:08,F2,11.1942,OK,0
2026-07-10 01:21:19,F2,11.1937,OK,0
2026-07-10 01:21:29,F2,11.1932,OK,0
2026-07-10 01:21:39,F2,11.1926,OK,0
2026-07-10 01:21:49,F2,11.1921,OK,0
2026-07-10 01:22:00,F2,11.1916,OK,0
2026-07-10 01:22:10,F2,11.1911,OK,0
2026-07-10 01:22:20,F2,11.1905,OK,0
2026-07-10 01:22:30,F2,11.1900,OK,0
2026-07-10 01:22:41,F2,11.1895,OK,0
2026-07-10 01:22:51,F2,11.1889,OK,0
2026-07-10 01:23:01,F2,11.1884,OK,0
2026-07-10 01:23:11,F2,11.1879,OK,0
2026-07-10 01:23:22,F2,11.1873,OK,0
2026-07-10 01:23:32,F2,11.1868,OK,0
2026-07-10 01:23:42,F2,11.1863,OK,0
2026-07-10 01:23:52,F2,11.1857,OK,0
2026-07-10 01:24:03,F2,11.1852,OK,0
2026-07-10 01:24:13,F2,11.1846,OK,0
2026-07-10 01:24:23,F2,11.1841,OK,0
2026-07-10 01:24:33,F2,11.1835,OK,0
2026-07-10 01:24:43,F2,11.1830,OK,0
2026-07-10 01:24:54,F2,11.1824,OK,0
2026-07-10 01:25:04,F2,11.1819,OK,0
2026-07-10 01:25:14,F2,11.1813,OK,0
2026-07-10 01:25:24,F2,11.1808,OK,0
2026-07-10 01:25:35,F2,11.1802,OK,0
2026-07-10 01:25:45,F2,11.1797,OK,0
2026-07-10 01:25:55,F2,11.1791,OK,1
2026-07-10 01:26:05,F2,11.1785,OK,0
2026-07-10 01:26:16,F2,11.1780,OK,0
2026-07-10 01:26:26,F2,11.1774,OK,0
2026-07-10 01:26:36,F2,11.1769,OK,0
2026-07-10 01:26:46,F2,11.1763,OK,0
2026-07-10 01:26:57,F2,11.1757,OK,0
2026-07-10 01:27:07,F2,11.1752,OK,0
2026-07-10 01:27:17,F2,11.1746,OK,0
2026-07-10 01:27:27,F2,11.1740,OK,0
2026-07-10 01:27:38,F2,11.1734,OK,0
2026-07-10 01:27:48,F2,11.1728,OK,0
2026-07-10 01:27:58,F2,11.1723,OK,0
2026-07-10 01:28:08,F2,11.1717,OK,0
2026-07-10 01:28:19,F2,11.1711,OK,0
2026-07-10 01:28:29,F2,11.1705,OK,0
2026-07-10 01:28:39,F2,11.1699,OK,0
2026-07-10 01:28:49,F2,11.1693,OK,0
2026-07-10 01:29:00,F2,11.1687,OK,0
2026-07-10 01:29:10,F2,11.1682,OK,0
2026-07-10 01:29:20,F2,11.1676,OK,0
2026-07-10 01:29:30,F2,11.1670,OK,0
2026-07-10 01:29:41,F2,11.1664,OK,0
2026-07-10 01:29:51,F2,11.1658,OK,0
2026-07-10 01:30:01,F2,11.1653,OK,0
2026-07-10 01:30:11,F2,11.1647,OK,0
2026-07-10 01:30:22,F2,11.1641,OK,0
2026-07-10 01:30:32,F2,11.1636,OK,0
2026-07-10 01:30:42,F2,11.1630,OK,0
2026-07-10 01:30:52,F2,11.1625,OK,0
2026-07-10 01:31:03,F2,11.1619,OK,0
2026-07-10 01:31:13,F2,11.1614,OK,0
2026-07-10 01:31:23,F2,11.1609,OK,0
2026-07-10 01:31:33,F2,11.1603,OK,0
2026-07-10 01:31:44,F2,11.1598,OK,0
2026-07-10 01:31:54,F2,11.1593,OK,0
2026-07-10 01:32:04,F2,11.1588,OK,0
2026-07-10 01:32:14,F2,11.1583,OK,0
2026-07-10 01:32:25,F2,11.1578,OK,0
2026-07-10 01:32:35,F2,11.1574,OK,0
2026-07-10 01:32:45,F2,11.1569,OK,0
2026-07-10 01:32:55,F2,11.1564,OK,0
2026-07-10 01:33:06,F2,11.1560,OK,0
2026-07-10 01:33:16,F2,11.1555,OK,0
2026-07-10 01:33:26,F2,11.1551,OK,0
2026-07-10 01:33:36,F2,11.1546,OK,0
2026-07-10 01:33:47,F2,11.1542,OK,0
2026-07-10 01:33:57,F2,11.1538,OK,0
2026-07-10 01:34:07,F2,11.1534,OK,0
2026-07-10 01:34:17,F2,11.1529,OK,0
2026-07-10 01:34:28,F2,11.1525,OK,0
2026-07-10 01:34:38,F2,11.1521,OK,0
2026-07-10 01:34:48,F2,11.1517,OK,0
2026-07-10 01:34:58,F2,11.1514,OK,0
2026-07-10 01:35:09,F2,11.1510,OK,0
2026-07-10 01:35:19,F2,11.1506,OK,1
2026-07-10 01:35:29,F2,11.1502,OK,0
2026-07-10 01:35:39,F2,11.1499,OK,0
2026-07-10 01:35:50,F2,11.1495,OK,0
2026-07-10 01:36:00,F2,11.1491,OK,0
2026-07-10 01:36:10,F2,11.1488,OK,0
2026-07-10 01:36:20,F2,11.1484,OK,0
2026-07-10 01:36:31,F2,11.1481,OK,0
2026-07-10 01:36:41,F2,11.1478,OK,0
2026-07-10 01:36:51,F2,11.1474,OK,0
2026-07-10 01:37:01,F2,11.1471,OK,0
2026-07-10 01:37:12,F2,11.1468,OK,0
2026-07-10 01:37:22,F2,11.1465,OK,0
2026-07-10 01:37:32,F2,11.1462,OK,0
2026-07-10 01:37:42,F2,11.1458,OK,0
2026-07-10 01:37:53,F2,11.1455,OK,0
2026-07-10 01:38:03,F2,11.1452,OK,0
2026-07-10 01:38:13,F2,11.1449,OK,0
2026-07-10 01:38:23,F2,11.1446,OK,0
2026-07-10 01:38:34,F2,11.1443,OK,0
2026-07-10 01:38:44,F2,11.1440,OK,0
2026-07-10 01:38:54,F2,11.1437,OK,0
2026-07-10 01:39:04,F2,11.1434,OK,0
2026-07-10 01:39:15,F2,11.1431,OK,0
2026-07-10 01:39:25,F2,11.1428,OK,0
2026-07-10 01:39:35,F2,11.1425,OK,0
2026-07-10 01:39:45,F2,11.1422,OK,0
2026-07-10 01:39:56,F2,11.1419,OK,0
2026-07-10 01:40:06,F2,11.1416,OK,0
2026-07-10 01:40:16,F2,11.1413,OK,0
2026-07-10 01:40:26,F2,11.1410,OK,0
2026-07-10 01:40:37,F2,11.1407,OK,0
2026-07-10 01:40:47,F2,11.1404,OK,0
2026-07-10 01:40:57,F2,11.1401,OK,0
2026-07-10 01:41:07,F2,11.1397,OK,0
2026-07-10 01:41:18,F2,11.1394,OK,0
2026-07-10 01:41:28,F2,11.1391,OK,0
2026-07-10 01:41:38,F2,11.1388,OK,0
2026-07-10 01:41:48,F2,11.1385,OK,0
2026-07-10 01:41:59,F2,11.1381,OK,0
2026-07-10 01:42:09,F2,11.1378,OK,0
2026-07-10 01:42:19,F2,11.1375,OK,0
2026-07-10 01:42:29,F2,11.1372,OK,0
2026-07-10 01:42:40,F2,11.1369,OK,0
2026-07-10 01:42:50,F2,11.1366,OK,0
2026-07-10 01:43:00,F2,11.1362,OK,0
2026-07-10 01:43:10,F2,11.1359,OK,0
2026-07-10 01:43:21,F2,11.1356,OK,0
2026-07-10 01:43:31,F2,11.1353,OK,0
2026-07-10 01:43:41,F2,11.1350,OK,0
2026-07-10 01:43:51,F2,11.1347,OK,0
2026-07-10 01:44:02,F2,11.1344,OK,0
2026-07-10 01:44:12,F2,11.1341,OK,0
2026-07-10 01:44:22,F2,11.1338,OK,0
2026-07-10 01:44:32,F2,11.1335,OK,0
2026-07-10 01:44:43,F2,11.1333,OK,0
2026-07-10 01:44:53,F2,11.1330,OK,0
2026-07-10 01:45:03,F2,11.1327,OK,0
2026-07-10 01:45:13,F2,11.1324,OK,0
2026-07-10 01:45:24,F2,11.1322,OK,0
2026-07-10 01:45:34,F2,11.1319,OK,0
2026-07-10 01:45:44,F2,11.1316,OK,0
2026-07-10 01:45:54,F2,11.1314,OK,0
2026-07-10 01:46:05,F2,11.1311,OK,0
2026-07-10 01:46:15,F2,11.1309,OK,0
2026-07-10 01:46:25,F2,11.1306,OK,0
2026-07-10 01:46:35,F2,11.1304,OK,1
2026-07-10 01:46:46,F2,11.1301,OK,0
2026-07-10 01:46:56,F2,11.1299,OK,0
2026-07-10 01:47:06,F2,11.1297,OK,0
2026-07-10 01:47:16,F2,11.1294,OK,0
2026-07-10 01:47:27,F2,11.1292,OK,0
2026-07-10 01:47:37,F2,11.1290,OK,0
2026-07-10 01:47:47,F2,11.1287,OK,0
2026-07-10 01:47:57,F2,11.1285,OK,0
2026-07-10 01:48:08,F2,11.1283,OK,0
2026-07-10 01:48:18,F2,11.1280,OK,0
2026-07-10 01:48:28,F2,11.1278,OK,0
2026-07-10 01:48:38,F2,11.1276,OK,0
2026-07-10 01:48:49,F2,11.1274,OK,0
2026-07-10 01:48:59,F2,11.1271,OK,0
2026-07-10 01:49:09,F2,11.1269,OK,0
2026-07-10 01:49:19,F2,11.1267,OK,0
2026-07-10 01:49:30,F2,11.1265,OK,0
2026-07-10 01:49:40,F2,11.1262,OK,0
2026-07-10 01:49:50,F2,11.1260,OK,0
2026-07-10 01:50:00,F2,11.1258,OK,0
2026-07-10 01:50:11,F2,11.1256,OK,0
2026-07-10 01:50:21,F2,11.1253,OK,0
2026-07-10 01:50:31,F2,11.1251,OK,0
2026-07-10 01:50:41,F2,11.1249,OK,0
2026-07-10 01:50:52,F2,11.1247,OK,0
2026-07-10 01:51:02,F2,11.1245,OK,0
2026-07-10 01:51:12,F2,11.1242,OK,0
2026-07-10 01:51:22,F2,11.1240,OK,0
2026-07-10 01:51:33,F2,11.1238,OK,0
2026-07-10 01:51:43,F2,11.1236,OK,0
2026-07-10 01:51:53,F2,11.1233,OK,0
2026-07-10 01:52:03,F2,11.1231,OK,0
2026-07-10 01:52:14,F2,11.1229,OK,0
2026-07-10 01:52:24,F2,11.1227,OK,0
2026-07-10 01:52:34,F2,11.1224,OK,0
2026-07-10 01:52:44,F2,11.1222,OK,0
2026-07-10 01:52:55,F2,11.1220,OK,0
2026-07-10 01:53:05,F2,11.1218,OK,0
2026-07-10 01:53:15,F2,11.1215,OK,0
2026-07-10 01:53:25,F2,11.1213,OK,0
2026-07-10 01:53:36,F2,11.1211,OK,0
2026-07-10 01:53:46,F2,11.1209,OK,0
2026-07-10 01:53:56,F2,11.1206,OK,0
2026-07-10 01:54:06,F2,11.1204,OK,0
2026-07-10 01:54:17,F2,11.1202,OK,0
2026-07-10 01:54:27,F2,11.1199,OK,0
2026-07-10 01:54:37,F2,11.1197,OK,0
2026-07-10 01:54:47,F2,11.1195,OK,0
2026-07-10 01:54:58,F2,11.1192,OK,0
2026-07-10 01:55:08,F2,11.1190,OK,0
2026-07-10 01:55:18,F2,11.1187,OK,0
2026-07-10 01:55:28,F2,11.1185,OK,0
2026-07-10 01:55:39,F2,11.1183,OK,0
2026-07-10 01:55:49,F2,11.1180,OK,1
2026-07-10 01:55:59,F2,11.1178,OK,1
2026-07-10 01:56:09,F2,11.1176,OK,0
2026-07-10 01:56:19,F2,11.1173,OK,1
2026-07-10 01:56:30,F2,11.1171,OK,0
2026-07-10 01:56:40,F2,11.1169,OK,0
2026-07-10 01:56:50,F2,11.1167,OK,0
2026-07-10 01:57:00,F2,11.1165,OK,0
2026-07-10 01:57:11,F2,11.1162,OK,0
2026-07-10 01:57:21,F2,11.1160,OK,0
2026-07-10 01:57:31,F2,11.1158,OK,0
2026-07-10 01:57:42,F2,11.1156,OK,0
2026-07-10 01:57:52,F2,11.1154,OK,0
2026-07-10 01:58:02,F2,11.1152,OK,0
2026-07-10 01:58:12,F2,11.1150,OK,0
2026-07-10 01:58:23,F2,11.1149,OK,0
2026-07-10 01:58:33,F2,11.1147,OK,0
2026-07-10 01:58:43,F2,11.1145,OK,0
2026-07-10 01:58:53,F2,11.1143,OK,0
2026-07-10 01:59:04,F2,11.1142,OK,0
2026-07-10 01:59:14,F2,11.1140,OK,0
2026-07-10 01:59:24,F2,11.1138,OK,0
2026-07-10 01:59:34,F2,11.1137,OK,0
2026-07-10 01:59:45,F2,11.1135,OK,0
2026-07-10 01:59:55,F2,11.1133,OK,0
2026-07-10 02:00:05,F2,11.1132,OK,0
2026-07-10 02:00:15,F2,11.1130,OK,0
2026-07-10 02:00:25,F2,11.1129,OK,0
2026-07-10 02:00:36,F2,11.1127,OK,0
2026-07-10 02:00:46,F2,11.1126,OK,0
2026-07-10 02:00:56,F2,11.1124,OK,0
2026-07-10 02:01:06,F2,11.1123,OK,0
2026-07-10 02:01:17,F2,11.1122,OK,0
2026-07-10 02:01:27,F2,11.1120,OK,0
2026-07-10 02:01:37,F2,11.1119,OK,0
2026-07-10 02:01:48,F2,11.1117,OK,1
2026-07-10 02:01:58,F2,11.1116,OK,0
2026-07-10 02:02:08,F2,11.1115,OK,0
2026-07-10 02:02:18,F2,11.1113,OK,0
2026-07-10 02:02:29,F2,11.1112,OK,0
2026-07-10 02:02:39,F2,11.1111,OK,0
2026-07-10 02:02:49,F2,11.1109,OK,0
2026-07-10 02:02:59,F2,11.1108,OK,0
2026-07-10 02:03:09,F2,11.1107,OK,0
2026-07-10 02:03:20,F2,11.1106,OK,0
2026-07-10 02:03:30,F2,11.1104,OK,0
2026-07-10 02:03:40,F2,11.1103,OK,0
2026-07-10 02:03:50,F2,11.1102,OK,0
2026-07-10 02:04:01,F2,11.1100,OK,0
2026-07-10 02:04:11,F2,11.1099,OK,0
2026-07-10 02:04:21,F2,11.1098,OK,0
2026-07-10 02:04:31,F2,11.1097,OK,0
2026-07-10 02:04:42,F2,11.1096,OK,0
2026-07-10 02:04:52,F2,11.1095,OK,0
2026-07-10 02:05:02,F2,11.1094,OK,0
2026-07-10 02:05:12,F2,11.1092,OK,0
2026-07-10 02:05:23,F2,11.1091,OK,0
2026-07-10 02:05:33,F2,11.1090,OK,0
2026-07-10 02:05:43,F2,11.1089,OK,0
2026-07-10 02:05:53,F2,11.1088,OK,0
2026-07-10 02:06:04,F2,11.1087,OK,0
2026-07-10 02:06:14,F2,11.1086,OK,0
2026-07-10 02:06:24,F2,11.1085,OK,0
2026-07-10 02:06:34,F2,11.1084,OK,0
2026-07-10 02:06:45,F2,11.1083,OK,0
2026-07-10 02:06:55,F2,11.1082,OK,0
2026-07-10 02:07:05,F2,11.1081,OK,0
2026-07-10 02:07:15,F2,11.1080,OK,0
2026-07-10 02:07:26,F2,11.1079,OK,0
2026-07-10 02:07:36,F2,11.1078,OK,0
2026-07-10 02:07:46,F2,11.1077,OK,0
2026-07-10 02:07:56,F2,11.1076,OK,0
2026-07-10 02:08:07,F2,11.1075,OK,0
2026-07-10 02:08:17,F2,11.1074,OK,0
2026-07-10 02:08:27,F2,11.1073,OK,0
2026-07-10 02:08:37,F2,11.1072,OK,0
2026-07-10 02:08:48,F2,11.1071,OK,0
2026-07-10 02:08:58,F2,11.1070,OK,0
2026-07-10 02:09:08,F2,11.1069,OK,0
2026-07-10 02:09:18,F2,11.1067,OK,0
2026-07-10 02:09:28,F2,11.1066,OK,0
2026-07-10 02:09:39,F2,11.1065,OK,0
2026-07-10 02:09:49,F2,11.1064,OK,0
2026-07-10 02:09:59,F2,11.1063,OK,0
2026-07-10 02:10:09,F2,11.1062,OK,0
2026-07-10 02:10:20,F2,11.1061,OK,0
2026-07-10 02:10:30,F2,11.1061,OK,0
2026-07-10 02:10:40,F2,11.1060,OK,0
2026-07-10 02:10:50,F2,11.1059,OK,0
2026-07-10 02:11:01,F2,11.1058,OK,0
2026-07-10 02:11:11,F2,11.1057,OK,0
2026-07-10 02:11:21,F2,11.1056,OK,0
2026-07-10 02:11:31,F2,11.1055,OK,0
2026-07-10 02:11:42,F2,11.1055,OK,0
2026-07-10 02:11:52,F2,11.1054,OK,0
2026-07-10 02:12:02,F2,11.1053,OK,0
2026-07-10 02:12:12,F2,11.1052,OK,0
2026-07-10 02:12:23,F2,11.1052,OK,0
2026-07-10 02:12:33,F2,11.1051,OK,0
2026-07-10 02:12:43,F2,11.1050,OK,0
2026-07-10 02:12:53,F2,11.1050,OK,0
2026-07-10 02:13:04,F2,11.1049,OK,0
2026-07-10 02:13:14,F2,11.1048,OK,0
2026-07-10 02:13:24,F2,11.1048,OK,0
2026-07-10 02:13:34,F2,11.1047,OK,0
2026-07-10 02:13:45,F2,11.1047,OK,0
2026-07-10 02:13:55,F2,11.1046,OK,1
2026-07-10 02:14:05,F2,11.1046,OK,0
2026-07-10 02:14:15,F2,11.1045,OK,0
2026-07-10 02:14:26,F2,11.1045,OK,0
2026-07-10 02:14:36,F2,11.1044,OK,0
2026-07-10 02:14:46,F2,11.1044,OK,0
2026-07-10 02:14:56,F2,11.1043,OK,0
2026-07-10 02:15:06,F2,11.1043,OK,0
2026-07-10 02:15:17,F2,11.1042,OK,0
2026-07-10 02:15:27,F2,11.1042,OK,0
2026-07-10 02:15:37,F2,11.1041,OK,0
2026-07-10 02:15:47,F2,11.1041,OK,0
2026-07-10 02:15:58,F2,11.1041,OK,0
2026-07-10 02:16:08,F2,11.1040,OK,0
2026-07-10 02:16:18,F2,11.1040,OK,0
2026-07-10 02:16:28,F2,11.1039,OK,0
2026-07-10 02:16:39,F2,11.1039,OK,0
2026-07-10 02:16:49,F2,11.1039,OK,0
2026-07-10 02:16:59,F2,11.1039,OK,0
2026-07-10 02:17:10,F2,11.1038,OK,0
2026-07-10 02:17:20,F2,11.1038,OK,0
2026-07-10 02:17:30,F2,11.1038,OK,0
2026-07-10 02:17:40,F2,11.1038,OK,0
2026-07-10 02:17:50,F2,11.1038,OK,0
2026-07-10 02:18:01,F2,11.1038,OK,0
2026-07-10 02:18:11,F2,11.1037,OK,0
2026-07-10 02:18:21,F2,11.1037,OK,0
2026-07-10 02:18:31,F2,11.1037,OK,0
2026-07-10 02:18:42,F2,11.1037,OK,0
2026-07-10 02:18:52,F2,11.1037,OK,0
2026-07-10 02:19:02,F2,11.1037,OK,0
2026-07-10 02:19:12,F2,11.1037,OK,0
2026-07-10 02:19:23,F2,11.1037,OK,0
2026-07-10 02:19:33,F2,11.1037,OK,0
2026-07-10 02:19:43,F2,11.1037,OK,0
2026-07-10 02:19:54,F2,11.1037,OK,0
2026-07-10 02:20:04,F2,11.1037,OK,0
2026-07-10 02:20:14,F2,11.1037,OK,0
2026-07-10 02:20:24,F2,11.1037,OK,0
2026-07-10 02:20:34,F2,11.1037,OK,0
2026-07-10 02:20:45,F2,11.1036,OK,0
2026-07-10 02:20:55,F2,11.1036,OK,0
2026-07-10 02:21:05,F2,11.1036,OK,0
2026-07-10 02:21:15,F2,11.1036,OK,0
2026-07-10 02:21:26,F2,11.1035,OK,0
2026-07-10 02:21:36,F2,11.1035,OK,0
2026-07-10 02:21:46,F2,11.1035,OK,0
2026-07-10 02:21:56,F2,11.1035,OK,0
2026-07-10 02:22:07,F2,11.1034,OK,0
2026-07-10 02:22:17,F2,11.1034,OK,0
2026-07-10 02:22:27,F2,11.1034,OK,0
2026-07-10 02:22:37,F2,11.1033,OK,0
2026-07-10 02:22:48,F2,11.1033,OK,0
2026-07-10 02:22:58,F2,11.1033,OK,0
2026-07-10 02:23:08,F2,11.1032,OK,0
2026-07-10 02:23:18,F2,11.1032,OK,0
2026-07-10 02:23:29,F2,11.1031,OK,0
2026-07-10 02:23:39,F2,11.1031,OK,0
2026-07-10 02:23:49,F2,11.1031,OK,0
2026-07-10 02:23:59,F2,11.1030,OK,0
2026-07-10 02:24:10,F2,11.1030,OK,0
2026-07-10 02:24:20,F2,11.1029,OK,0
2026-07-10 02:24:30,F2,11.1029,OK,0
2026-07-10 02:24:40,F2,11.1028,OK,0
2026-07-10 02:24:51,F2,11.1028,OK,0
2026-07-10 02:25:01,F2,11.1027,OK,0
2026-07-10 02:25:11,F2,11.1027,OK,0
2026-07-10 02:25:21,F2,11.1026,OK,0
2026-07-10 02:25:32,F2,11.1025,OK,0
2026-07-10 02:25:42,F2,11.1025,OK,0
2026-07-10 02:25:52,F2,11.1024,OK,0
2026-07-10 02:26:02,F2,11.1023,OK,0
2026-07-10 02:26:13,F2,11.1022,OK,0
2026-07-10 02:26:23,F2,11.1021,OK,0
2026-07-10 02:26:33,F2,11.1020,OK,0
2026-07-10 02:26:43,F2,11.1019,OK,0
2026-07-10 02:26:53,F2,11.1019,OK,0
2026-07-10 02:27:04,F2,11.1017,OK,0
2026-07-10 02:27:14,F2,11.1016,OK,0
2026-07-10 02:27:24,F2,11.1015,OK,0
2026-07-10 02:27:35,F2,11.1014,OK,0
2026-07-10 02:27:45,F2,11.1013,OK,0
2026-07-10 02:27:55,F2,11.1012,OK,0
2026-07-10 02:28:05,F2,11.1010,OK,0
2026-07-10 02:28:16,F2,11.1009,OK,0
2026-07-10 02:28:26,F2,11.1008,OK,0
2026-07-10 02:28:36,F2,11.1006,OK,0
2026-07-10 02:28:46,F2,11.1005,OK,0
2026-07-10 02:28:57,F2,11.1003,OK,0
2026-07-10 02:29:07,F2,11.1002,OK,0
2026-07-10 02:29:17,F2,11.1000,OK,0
2026-07-10 02:29:27,F2,11.0998,OK,0
2026-07-10 02:29:38,F2,11.0997,OK,0
2026-07-10 02:29:48,F2,11.0995,OK,0
2026-07-10 02:29:58,F2,11.0993,OK,0
2026-07-10 02:30:08,F2,11.0991,OK,0
2026-07-10 02:30:19,F2,11.0990,OK,0
2026-07-10 02:30:29,F2,11.0988,OK,0
2026-07-10 02:30:39,F2,11.0986,OK,0
2026-07-10 02:30:49,F2,11.0984,OK,0
2026-07-10 02:31:00,F2,11.0982,OK,0
2026-07-10 02:31:10,F2,11.0980,OK,0
2026-07-10 02:31:20,F2,11.0979,OK,0
2026-07-10 02:31:30,F2,11.0977,OK,0
2026-07-10 02:31:40,F2,11.0975,OK,0
2026-07-10 02:31:51,F2,11.0973,OK,0
2026-07-10 02:32:01,F2,11.0971,OK,0
2026-07-10 02:32:11,F2,11.0969,OK,0
2026-07-10 02:32:22,F2,11.0967,OK,0
2026-07-10 02:32:32,F2,11.0965,OK,0
2026-07-10 02:32:42,F2,11.0962,OK,0
2026-07-10 02:32:52,F2,11.0960,OK,0
2026-07-10 02:33:03,F2,11.0958,OK,0
2026-07-10 02:33:13,F2,11.0956,OK,0
2026-07-10 02:33:23,F2,11.0953,OK,1
2026-07-10 02:33:33,F2,11.0951,OK,0
2026-07-10 02:33:44,F2,11.0948,OK,0
2026-07-10 02:33:54,F2,11.0946,OK,0
2026-07-10 02:34:04,F2,11.0943,OK,0
2026-07-10 02:34:14,F2,11.0941,OK,0
2026-07-10 02:34:25,F2,11.0938,OK,0
2026-07-10 02:34:35,F2,11.0936,OK,0
2026-07-10 02:34:45,F2,11.0933,OK,0
2026-07-10 02:34:55,F2,11.0930,OK,0
2026-07-10 02:35:06,F2,11.0928,OK,0
2026-07-10 02:35:16,F2,11.0925,OK,0
2026-07-10 02:35:26,F2,11.0922,OK,0
2026-07-10 02:35:36,F2,11.0920,OK,0
2026-07-10 02:35:47,F2,11.0917,OK,0
2026-07-10 02:35:57,F2,11.0914,OK,0
2026-07-10 02:36:07,F2,11.0911,OK,0
2026-07-10 02:36:17,F2,11.0909,OK,0
2026-07-10 02:36:28,F2,11.0906,OK,0
2026-07-10 02:36:38,F2,11.0903,OK,0
2026-07-10 02:36:48,F2,11.0900,OK,0
2026-07-10 02:36:58,F2,11.0898,OK,0
2026-07-10 02:37:09,F2,11.0895,OK,0
2026-07-10 02:37:19,F2,11.0892,OK,0
2026-07-10 02:37:29,F2,11.0889,OK,0
2026-07-10 02:37:39,F2,11.0887,OK,0
2026-07-10 02:37:50,F2,11.0884,OK,0
2026-07-10 02:38:00,F2,11.0881,OK,0
2026-07-10 02:38:10,F2,11.0878,OK,0
2026-07-10 02:38:20,F2,11.0876,OK,0
2026-07-10 02:38:31,F2,11.0873,OK,0
2026-07-10 02:38:41,F2,11.0870,OK,0
2026-07-10 02:38:51,F2,11.0867,OK,0
2026-07-10 02:39:01,F2,11.0865,OK,0
2026-07-10 02:39:12,F2,11.0862,OK,0
2026-07-10 02:39:22,F2,11.0859,OK,0
2026-07-10 02:39:32,F2,11.0857,OK,0
2026-07-10 02:39:42,F2,11.0854,OK,0
2026-07-10 02:39:53,F2,11.0851,OK,0
2026-07-10 02:40:03,F2,11.0849,OK,0
2026-07-10 02:40:13,F2,11.0846,OK,0
2026-07-10 02:40:23,F2,11.0843,OK,0
2026-07-10 02:40:34,F2,11.0841,OK,0
2026-07-10 02:40:44,F2,11.0838,OK,0
2026-07-10 02:40:54,F2,11.0836,OK,0
2026-07-10 02:41:05,F2,11.0833,OK,0
2026-07-10 02:41:15,F2,11.0831,OK,0
2026-07-10 02:41:25,F2,11.0829,OK,0
2026-07-10 02:41:35,F2,11.0826,OK,0
2026-07-10 02:41:46,F2,11.0824,OK,0
2026-07-10 02:41:56,F2,11.0822,OK,0
2026-07-10 02:42:06,F2,11.0819,OK,0
2026-07-10 02:42:16,F2,11.0817,OK,0
2026-07-10 02:42:27,F2,11.0815,OK,0
2026-07-10 02:42:37,F2,11.0813,OK,0
2026-07-10 02:42:47,F2,11.0811,OK,0
2026-07-10 02:42:57,F2,11.0809,OK,0
2026-07-10 02:43:08,F2,11.0807,OK,0
2026-07-10 02:43:18,F2,11.0805,OK,0
2026-07-10 02:43:28,F2,11.0803,OK,0
2026-07-10 02:43:38,F2,11.0801,OK,0
2026-07-10 02:43:49,F2,11.0799,OK,0
2026-07-10 02:43:59,F2,11.0798,OK,0
2026-07-10 02:44:09,F2,11.0796,OK,0
2026-07-10 02:44:19,F2,11.0794,OK,0
2026-07-10 02:44:30,F2,11.0793,OK,0
2026-07-10 02:44:40,F2,11.0791,OK,0
2026-07-10 02:44:50,F2,11.0789,OK,0
2026-07-10 02:45:00,F2,11.0788,OK,0
2026-07-10 02:45:11,F2,11.0786,OK,0
2026-07-10 02:45:21,F2,11.0784,OK,0
2026-07-10 02:45:31,F2,11.0783,OK,0
2026-07-10 02:45:41,F2,11.0781,OK,0
2026-07-10 02:45:52,F2,11.0780,OK,0
2026-07-10 02:46:02,F2,11.0778,OK,0
2026-07-10 02:46:12,F2,11.0777,OK,0
2026-07-10 02:46:22,F2,11.0775,OK,0
2026-07-10 02:46:33,F2,11.0774,OK,0
2026-07-10 02:46:43,F2,11.0772,OK,0
2026-07-10 02:46:53,F2,11.0771,OK,0
2026-07-10 02:47:03,F2,11.0769,OK,0
2026-07-10 02:47:14,F2,11.0768,OK,0
2026-07-10 02:47:24,F2,11.0767,OK,0
2026-07-10 02:47:34,F2,11.0766,OK,0
2026-07-10 02:47:44,F2,11.0764,OK,0
2026-07-10 02:47:55,F2,11.0763,OK,0
2026-07-10 02:48:05,F2,11.0762,OK,0
2026-07-10 02:48:15,F2,11.0761,OK,0
2026-07-10 02:48:25,F2,11.0760,OK,0
2026-07-10 02:48:36,F2,11.0759,OK,0
2026-07-10 02:48:46,F2,11.0758,OK,0
2026-07-10 02:48:56,F2,11.0757,OK,0
2026-07-10 02:49:06,F2,11.0757,OK,0
2026-07-10 02:49:17,F2,11.0756,OK,0
2026-07-10 02:49:27,F2,11.0755,OK,0
2026-07-10 02:49:37,F2,11.0755,OK,0
2026-07-10 02:49:47,F2,11.0754,OK,0
2026-07-10 02:49:58,F2,11.0754,OK,0
2026-07-10 02:50:08,F2,11.0753,OK,0
2026-07-10 02:50:18,F2,11.0753,OK,0
2026-07-10 02:50:28,F2,11.0753,OK,0
2026-07-10 02:50:39,F2,11.0753,OK,0
2026-07-10 02:50:49,F2,11.0753,OK,0
2026-07-10 02:50:59,F2,11.0753,OK,0
2026-07-10 02:51:09,F2,11.0753,OK,0
2026-07-10 02:51:20,F2,11.0753,OK,0
2026-07-10 02:51:30,F2,11.0754,OK,0
2026-07-10 02:51:40,F2,11.0754,OK,0
2026-07-10 02:51:50,F2,11.0755,OK,0
2026-07-10 02:52:01,F2,11.0755,OK,0
2026-07-10 02:52:11,F2,11.0756,OK,0
2026-07-10 02:52:21,F2,11.0757,OK,0
2026-07-10 02:52:31,F2,11.0758,OK,0
2026-07-10 02:52:42,F2,11.0759,OK,0
2026-07-10 02:52:52,F2,11.0760,OK,0
2026-07-10 02:53:02,F2,11.0761,OK,0
2026-07-10 02:53:12,F2,11.0762,OK,0
2026-07-10 02:53:23,F2,11.0764,OK,0
2026-07-10 02:53:33,F2,11.0765,OK,0
2026-07-10 02:53:43,F2,11.0767,OK,0
2026-07-10 02:53:53,F2,11.0768,OK,0
2026-07-10 02:54:04,F2,11.0770,OK,0
2026-07-10 02:54:14,F2,11.0772,OK,0
2026-07-10 02:54:24,F2,11.0774,OK,0
2026-07-10 02:54:34,F2,11.0776,OK,0
2026-07-10 02:54:45,F2,11.0778,OK,0
2026-07-10 02:54:55,F2,11.0781,OK,0
2026-07-10 02:55:05,F2,11.0783,OK,0
2026-07-10 02:55:15,F2,11.0786,OK,0
2026-07-10 02:55:26,F2,11.0788,OK,0
2026-07-10 02:55:36,F2,11.0791,OK,0
2026-07-10 02:55:46,F2,11.0794,OK,0
2026-07-10 02:55:56,F2,11.0797,OK,0
2026-07-10 02:56:07,F2,11.0800,OK,0
2026-07-10 02:56:17,F2,11.0804,OK,0
2026-07-10 02:56:27,F2,11.0807,OK,0
2026-07-10 02:56:37,F2,11.0810,OK,0
2026-07-10 02:56:48,F2,11.0814,OK,0
2026-07-10 02:56:58,F2,11.0818,OK,0
2026-07-10 02:57:08,F2,11.0821,OK,0
2026-07-10 02:57:18,F2,11.0825,OK,0
2026-07-10 02:57:29,F2,11.0829,OK,0
2026-07-10 02:57:39,F2,11.0833,OK,0
2026-07-10 02:57:49,F2,11.0838,OK,0
2026-07-10 02:57:59,F2,11.0842,OK,0
2026-07-10 02:58:10,F2,11.0846,OK,0
2026-07-10 02:58:20,F2,11.0850,OK,0
2026-07-10 02:58:30,F2,11.0855,OK,0
2026-07-10 02:58:40,F2,11.0859,OK,1
2026-07-10 02:58:51,F2,11.0864,OK,0
2026-07-10 02:59:01,F2,11.0868,OK,0
2026-07-10 02:59:11,F2,11.0873,OK,0
2026-07-10 02:59:21,F2,11.0878,OK,0
2026-07-10 02:59:32,F2,11.0882,OK,0
2026-07-10 02:59:42,F2,11.0887,OK,0
2026-07-10 02:59:52,F2,11.0892,OK,0
2026-07-10 03:00:02,F2,11.0897,OK,0
2026-07-10 03:00:12,F2,11.0902,OK,0
2026-07-10 03:00:23,F2,11.0906,OK,0
2026-07-10 03:00:33,F2,11.0911,OK,0
2026-07-10 03:00:43,F2,11.0916,OK,0
2026-07-10 03:00:53,F2,11.0922,OK,0
2026-07-10 03:01:04,F2,11.0927,OK,0
2026-07-10 03:01:14,F2,11.0932,OK,0
2026-07-10 03:01:24,F2,11.0937,OK,0
2026-07-10 03:01:34,F2,11.0942,OK,0
2026-07-10 03:01:45,F2,11.0947,OK,0
2026-07-10 03:01:55,F2,11.0953,OK,0
2026-07-10 03:02:05,F2,11.0958,OK,0
2026-07-10 03:02:15,F2,11.0963,OK,0
2026-07-10 03:02:26,F2,11.0969,OK,0
2026-07-10 03:02:36,F2,11.0974,OK,0
2026-07-10 03:02:46,F2,11.0979,OK,0
2026-07-10 03:02:56,F2,11.0985,OK,0
2026-07-10 03:03:07,F2,11.0990,OK,0
2026-07-10 03:03:17,F2,11.0996,OK,0
2026-07-10 03:03:27,F2,11.1001,OK,0
2026-07-10 03:03:37,F2,11.1007,OK,0
2026-07-10 03:03:48,F2,11.1012,OK,0
2026-07-10 03:03:58,F2,11.1018,OK,0
2026-07-10 03:04:08,F2,11.1023,OK,0
2026-07-10 03:04:18,F2,11.1029,OK,0
2026-07-10 03:04:29,F2,11.1035,OK,0
2026-07-10 03:04:39,F2,11.1040,OK,0
2026-07-10 03:04:49,F2,11.1046,OK,0
2026-07-10 03:04:59,F2,11.1052,OK,0
2026-07-10 03:05:10,F2,11.1057,OK,0
2026-07-10 03:05:20,F2,11.1063,OK,0
2026-07-10 03:05:30,F2,11.1069,OK,0
2026-07-10 03:05:40,F2,11.1075,OK,0
2026-07-10 03:05:50,F2,11.1081,OK,0
2026-07-10 03:06:01,F2,11.1087,OK,0
2026-07-10 03:06:11,F2,11.1093,OK,0
2026-07-10 03:06:21,F2,11.1099,OK,0
2026-07-10 03:06:31,F2,11.1105,OK,0
2026-07-10 03:06:42,F2,11.1111,OK,0
2026-07-10 03:06:52,F2,11.1117,OK,0
2026-07-10 03:07:02,F2,11.1123,OK,0
2026-07-10 03:07:12,F2,11.1129,OK,0
2026-07-10 03:07:23,F2,11.1135,OK,0
2026-07-10 03:07:33,F2,11.1141,OK,0
2026-07-10 03:07:43,F2,11.1147,OK,0
2026-07-10 03:07:53,F2,11.1153,OK,0
2026-07-10 03:08:04,F2,11.1160,OK,0
2026-07-10 03:08:14,F2,11.1166,OK,0
2026-07-10 03:08:24,F2,11.1172,OK,0
2026-07-10 03:08:34,F2,11.1178,OK,0
2026-07-10 03:08:45,F2,11.1184,OK,0
2026-07-10 03:08:55,F2,11.1190,OK,0
2026-07-10 03:09:05,F2,11.1197,OK,0
2026-07-10 03:09:15,F2,11.1203,OK,0
2026-07-10 03:09:26,F2,11.1209,OK,0
2026-07-10 03:09:36,F2,11.1215,OK,0
2026-07-10 03:09:46,F2,11.1221,OK,0
2026-07-10 03:09:56,F2,11.1227,OK,0
2026-07-10 03:10:07,F2,11.1233,OK,0
2026-07-10 03:10:17,F2,11.1239,OK,0
2026-07-10 03:10:27,F2,11.1245,OK,0
2026-07-10 03:10:37,F2,11.1251,OK,0
2026-07-10 03:10:48,F2,11.1256,OK,0
2026-07-10 03:10:58,F2,11.1262,OK,0
2026-07-10 03:11:08,F2,11.1268,OK,0
2026-07-10 03:11:18,F2,11.1273,OK,0
2026-07-10 03:11:29,F2,11.1279,OK,0
2026-07-10 03:11:39,F2,11.1284,OK,0
2026-07-10 03:11:49,F2,11.1290,OK,0
2026-07-10 03:11:59,F2,11.1295,OK,0
2026-07-10 03:12:10,F2,11.1300,OK,0
2026-07-10 03:12:20,F2,11.1305,OK,0
2026-07-10 03:12:30,F2,11.1310,OK,0
2026-07-10 03:12:40,F2,11.1315,OK,0
2026-07-10 03:12:51,F2,11.1320,OK,0
2026-07-10 03:13:01,F2,11.1325,OK,1
2026-07-10 03:13:11,F2,11.1329,OK,0
2026-07-10 03:13:21,F2,11.1334,OK,0
2026-07-10 03:13:32,F2,11.1338,OK,0
2026-07-10 03:13:42,F2,11.1343,OK,0
2026-07-10 03:13:52,F2,11.1347,OK,0
2026-07-10 03:14:02,F2,11.1351,OK,0
2026-07-10 03:14:13,F2,11.1355,OK,0
2026-07-10 03:14:23,F2,11.1358,OK,0
2026-07-10 03:14:33,F2,11.1362,OK,0
2026-07-10 03:14:43,F2,11.1365,OK,0
2026-07-10 03:14:54,F2,11.1369,OK,0
2026-07-10 03:15:04,F2,11.1372,OK,0
2026-07-10 03:15:14,F2,11.1375,OK,0
2026-07-10 03:15:24,F2,11.1377,OK,0
2026-07-10 03:15:35,F2,11.1380,OK,0
2026-07-10 03:15:45,F2,11.1382,OK,0
2026-07-10 03:15:55,F2,11.1384,OK,0
2026-07-10 03:16:05,F2,11.1386,OK,0
2026-07-10 03:16:16,F2,11.1388,OK,0
2026-07-10 03:16:26,F2,11.1390,OK,0
2026-07-10 03:16:36,F2,11.1391,OK,0
2026-07-10 03:16:46,F2,11.1393,OK,0
2026-07-10 03:16:57,F2,11.1394,OK,0
2026-07-10 03:17:07,F2,11.1395,OK,0
2026-07-10 03:17:17,F2,11.1396,OK,0
2026-07-10 03:17:27,F2,11.1397,OK,0
2026-07-10 03:17:38,F2,11.1397,OK,0
2026-07-10 03:17:48,F2,11.1398,OK,0
2026-07-10 03:17:58,F2,11.1398,OK,0
2026-07-10 03:18:08,F2,11.1398,OK,0
2026-07-10 03:18:18,F2,11.1399,OK,0
2026-07-10 03:18:29,F2,11.1398,OK,0
2026-07-10 03:18:39,F2,11.1398,OK,0
2026-07-10 03:18:49,F2,11.1398,OK,0
2026-07-10 03:18:59,F2,11.1398,OK,0
2026-07-10 03:19:10,F2,11.1397,OK,0
2026-07-10 03:19:20,F2,11.1397,OK,0
2026-07-10 03:19:30,F2,11.1396,OK,0
2026-07-10 03:19:40,F2,11.1395,OK,0
2026-07-10 03:19:51,F2,11.1394,OK,0
2026-07-10 03:20:01,F2,11.1393,OK,0
2026-07-10 03:20:11,F2,11.1392,OK,0
2026-07-10 03:20:21,F2,11.1391,OK,0
2026-07-10 03:20:32,F2,11.1390,OK,0
2026-07-10 03:20:42,F2,11.1389,OK,1
2026-07-10 03:20:52,F2,11.1387,OK,0
2026-07-10 03:21:02,F2,11.1386,OK,0
2026-07-10 03:21:13,F2,11.1384,OK,0
2026-07-10 03:21:23,F2,11.1382,OK,0
2026-07-10 03:21:33,F2,11.1381,OK,0
2026-07-10 03:21:43,F2,11.1379,OK,0
2026-07-10 03:21:54,F2,11.1377,OK,0
2026-07-10 03:22:04,F2,11.1375,OK,0
2026-07-10 03:22:14,F2,11.1373,OK,0
2026-07-10 03:22:24,F2,11.1371,OK,0
2026-07-10 03:22:35,F2,11.1368,OK,0
2026-07-10 03:22:45,F2,11.1366,OK,0
2026-07-10 03:22:55,F2,11.1363,OK,0
2026-07-10 03:23:05,F2,11.1361,OK,0
2026-07-10 03:23:16,F2,11.1358,OK,0
2026-07-10 03:23:26,F2,11.1356,OK,0
2026-07-10 03:23:36,F2,11.1353,OK,0
2026-07-10 03:23:46,F2,11.1350,OK,0
2026-07-10 03:23:57,F2,11.1347,OK,0
2026-07-10 03:24:07,F2,11.1344,OK,0
2026-07-10 03:24:17,F2,11.1341,OK,0
2026-07-10 03:24:27,F2,11.1338,OK,0
2026-07-10 03:24:38,F2,11.1335,OK,0
2026-07-10 03:24:48,F2,11.1332,OK,0
2026-07-10 03:24:58,F2,11.1329,OK,1
2026-07-10 03:25:09,F2,11.1325,OK,0
2026-07-10 03:25:19,F2,11.1322,OK,0
2026-07-10 03:25:29,F2,11.1318,OK,0
2026-07-10 03:25:39,F2,11.1314,OK,0
2026-07-10 03:25:50,F2,11.1311,OK,0
2026-07-10 03:26:00,F2,11.1307,OK,0
2026-07-10 03:26:10,F2,11.1303,OK,0
2026-07-10 03:26:20,F2,11.1299,OK,0
2026-07-10 03:26:30,F2,11.1295,OK,0
2026-07-10 03:26:41,F2,11.1291,OK,0
2026-07-10 03:26:51,F2,11.1287,OK,0
2026-07-10 03:27:01,F2,11.1282,OK,0
2026-07-10 03:27:12,F2,11.1278,OK,0
2026-07-10 03:27:22,F2,11.1274,OK,0
2026-07-10 03:27:32,F2,11.1269,OK,0
2026-07-10 03:27:42,F2,11.1264,OK,0
2026-07-10 03:27:53,F2,11.1259,OK,0
2026-07-10 03:28:03,F2,11.1255,OK,0
2026-07-10 03:28:13,F2,11.1250,OK,0
2026-07-10 03:28:23,F2,11.1245,OK,0
2026-07-10 03:28:34,F2,11.1239,OK,0
2026-07-10 03:28:44,F2,11.1234,OK,0
2026-07-10 03:28:54,F2,11.1229,OK,0
2026-07-10 03:29:04,F2,11.1223,OK,0
2026-07-10 03:29:15,F2,11.1217,OK,0
2026-07-10 03:29:25,F2,11.1212,OK,0
2026-07-10 03:29:35,F2,11.1206,OK,0
2026-07-10 03:29:46,F2,11.1200,OK,0
2026-07-10 03:29:56,F2,11.1194,OK,0
2026-07-10 03:30:06,F2,11.1188,OK,0
2026-07-10 03:30:16,F2,11.1182,OK,0
2026-07-10 03:30:27,F2,11.1175,OK,0
2026-07-10 03:30:37,F2,11.1169,OK,0
2026-07-10 03:30:47,F2,11.1163,OK,0
2026-07-10 03:30:57,F2,11.1156,OK,0
2026-07-10 03:31:08,F2,11.1150,OK,0
2026-07-10 03:31:18,F2,11.1143,OK,0
2026-07-10 03:31:28,F2,11.1137,OK,0
2026-07-10 03:31:38,F2,11.1130,OK,1
2026-07-10 03:31:49,F2,11.1123,OK,0
2026-07-10 03:31:59,F2,11.1116,OK,0
2026-07-10 03:32:09,F2,11.1110,OK,0
2026-07-10 03:32:19,F2,11.1103,OK,0
2026-07-10 03:32:30,F2,11.1096,OK,0
2026-07-10 03:32:40,F2,11.1089,OK,0
2026-07-10 03:32:50,F2,11.1082,OK,0
2026-07-10 03:33:01,F2,11.1075,OK,0
2026-07-10 03:33:11,F2,11.1068,OK,0
2026-07-10 03:33:21,F2,11.1061,OK,0
2026-07-10 03:33:31,F2,11.1054,OK,0
2026-07-10 03:33:42,F2,11.1047,OK,0
2026-07-10 03:33:52,F2,11.1040,OK,0
2026-07-10 03:34:02,F2,11.1033,OK,0
2026-07-10 03:34:12,F2,11.1026,OK,0
2026-07-10 03:34:22,F2,11.1018,OK,0
2026-07-10 03:34:33,F2,11.1011,OK,0
2026-07-10 03:34:43,F2,11.1004,OK,0
2026-07-10 03:34:53,F2,11.0996,OK,0
2026-07-10 03:35:03,F2,11.0989,OK,0
2026-07-10 03:35:14,F2,11.0981,OK,0
2026-07-10 03:35:24,F2,11.0974,OK,0
2026-07-10 03:35:34,F2,11.0966,OK,0
2026-07-10 03:35:44,F2,11.0959,OK,0
2026-07-10 03:35:55,F2,11.0951,OK,0
2026-07-10 03:36:05,F2,11.0943,OK,0
2026-07-10 03:36:15,F2,11.0936,OK,0
2026-07-10 03:36:25,F2,11.0928,OK,0
2026-07-10 03:36:36,F2,11.0920,OK,0
2026-07-10 03:36:46,F2,11.0912,OK,0
2026-07-10 03:36:56,F2,11.0904,OK,0
2026-07-10 03:37:06,F2,11.0896,OK,0
2026-07-10 03:37:17,F2,11.0888,OK,0
2026-07-10 03:37:27,F2,11.0880,OK,0
2026-07-10 03:37:37,F2,11.0872,OK,0
2026-07-10 03:37:47,F2,11.0863,OK,0
2026-07-10 03:37:58,F2,11.0855,OK,0
2026-07-10 03:38:08,F2,11.0847,OK,0
2026-07-10 03:38:18,F2,11.0838,OK,0
2026-07-10 03:38:28,F2,11.0830,OK,0
2026-07-10 03:38:39,F2,11.0821,OK,0
2026-07-10 03:38:49,F2,11.0813,OK,0
2026-07-10 03:38:59,F2,11.0804,OK,0
2026-07-10 03:39:09,F2,11.0795,OK,0
2026-07-10 03:39:20,F2,11.0786,OK,0
2026-07-10 03:39:30,F2,11.0777,OK,0
2026-07-10 03:39:40,F2,11.0768,OK,0
2026-07-10 03:39:50,F2,11.0759,OK,0
2026-07-10 03:40:01,F2,11.0750,OK,0
2026-07-10 03:40:11,F2,11.0741,OK,0
2026-07-10 03:40:21,F2,11.0732,OK,0
2026-07-10 03:40:31,F2,11.0723,OK,0
2026-07-10 03:40:42,F2,11.0713,OK,0
2026-07-10 03:40:52,F2,11.0704,OK,0
2026-07-10 03:41:02,F2,11.0694,OK,0
2026-07-10 03:41:12,F2,11.0685,OK,0
2026-07-10 03:41:23,F2,11.0675,OK,0
2026-07-10 03:41:33,F2,11.0665,OK,0
2026-07-10 03:41:43,F2,11.0656,OK,0
2026-07-10 03:41:53,F2,11.0646,OK,0
2026-07-10 03:42:04,F2,11.0636,OK,0
2026-07-10 03:42:14,F2,11.0626,OK,0
2026-07-10 03:42:24,F2,11.0616,OK,0
2026-07-10 03:42:34,F2,11.0606,OK,0
2026-07-10 03:42:45,F2,11.0596,OK,0
2026-07-10 03:42:55,F2,11.0585,OK,0
2026-07-10 03:43:05,F2,11.0575,OK,0
2026-07-10 03:43:16,F2,11.0565,OK,0
2026-07-10 03:43:26,F2,11.0554,OK,0
2026-07-10 03:43:36,F2,11.0544,OK,0
2026-07-10 03:43:46,F2,11.0533,OK,0
2026-07-10 03:43:57,F2,11.0522,OK,0
2026-07-10 03:44:07,F2,11.0511,OK,0
2026-07-10 03:44:17,F2,11.0500,OK,0
2026-07-10 03:44:27,F2,11.0490,OK,0
2026-07-10 03:44:38,F2,11.0479,OK,0
2026-07-10 03:44:48,F2,11.0468,OK,0
2026-07-10 03:44:58,F2,11.0456,OK,0
2026-07-10 03:45:08,F2,11.0445,OK,0
2026-07-10 03:45:19,F2,11.0434,OK,0
2026-07-10 03:45:29,F2,11.0423,OK,0
2026-07-10 03:45:39,F2,11.0412,OK,0
2026-07-10 03:45:49,F2,11.0400,OK,0
2026-07-10 03:46:00,F2,11.0389,OK,0
2026-07-10 03:46:10,F2,11.0377,OK,0
2026-07-10 03:46:20,F2,11.0366,OK,0
2026-07-10 03:46:30,F2,11.0354,OK,0
2026-07-10 03:46:41,F2,11.0343,OK,0
2026-07-10 03:46:51,F2,11.0331,OK,0
2026-07-10 03:47:01,F2,11.0319,OK,0
2026-07-10 03:47:11,F2,11.0308,OK,0
2026-07-10 03:47:22,F2,11.0296,OK,0
2026-07-10 03:47:32,F2,11.0284,OK,0
2026-07-10 03:47:42,F2,11.0272,OK,0
2026-07-10 03:47:52,F2,11.0260,OK,0
2026-07-10 03:48:03,F2,11.0248,OK,0
2026-07-10 03:48:13,F2,11.0236,OK,0
2026-07-10 03:48:23,F2,11.0224,OK,0
2026-07-10 03:48:33,F2,11.0212,OK,0
2026-07-10 03:48:44,F2,11.0200,OK,0
2026-07-10 03:48:54,F2,11.0188,OK,0
2026-07-10 03:49:04,F2,11.0176,OK,0
2026-07-10 03:49:14,F2,11.0163,OK,0
2026-07-10 03:49:25,F2,11.0151,OK,0
2026-07-10 03:49:35,F2,11.0139,OK,0
2026-07-10 03:49:45,F2,11.0127,OK,0
2026-07-10 03:49:55,F2,11.0114,OK,0
2026-07-10 03:50:06,F2,11.0102,OK,0
2026-07-10 03:50:16,F2,11.0089,OK,0
2026-07-10 03:50:26,F2,11.0077,OK,0
2026-07-10 03:50:36,F2,11.0065,OK,0
2026-07-10 03:50:47,F2,11.0052,OK,0
2026-07-10 03:50:57,F2,11.0039,OK,0
2026-07-10 03:51:07,F2,11.0027,OK,0
2026-07-10 03:51:17,F2,11.0014,OK,0
2026-07-10 03:51:28,F2,11.0002,OK,0
2026-07-10 03:51:38,F2,10.9989,OK,0
2026-07-10 03:51:48,F2,10.9976,OK,0
2026-07-10 03:51:58,F2,10.9964,OK,0
2026-07-10 03:52:09,F2,10.9951,OK,0
2026-07-10 03:52:19,F2,10.9938,OK,0
2026-07-10 03:52:29,F2,10.9925,OK,0
2026-07-10 03:52:39,F2,10.9912,OK,0
2026-07-10 03:52:50,F2,10.9899,OK,0
2026-07-10 03:53:01,F2,10.9886,OK,0
2026-07-10 03:53:11,F2,10.9873,OK,0
2026-07-10 03:53:21,F2,10.9860,OK,0
2026-07-10 03:53:32,F2,10.9847,OK,0
2026-07-10 03:53:42,F2,10.9834,OK,0
2026-07-10 03:53:52,F2,10.9821,OK,0
2026-07-10 03:54:02,F2,10.9808,OK,0
2026-07-10 03:54:13,F2,10.9794,OK,1
2026-07-10 03:54:23,F2,10.9781,OK,0
2026-07-10 03:54:33,F2,10.9768,OK,1
2026-07-10 03:54:44,F2,10.9754,OK,0
2026-07-10 03:54:54,F2,10.9741,OK,0
2026-07-10 03:55:04,F2,10.9727,OK,0
2026-07-10 03:55:14,F2,10.9714,OK,0
2026-07-10 03:55:25,F2,10.9700,OK,0
2026-07-10 03:55:35,F2,10.9687,OK,0
2026-07-10 03:55:45,F2,10.9673,OK,0
2026-07-10 03:55:55,F2,10.9659,OK,0
2026-07-10 03:56:06,F2,10.9646,OK,0
2026-07-10 03:56:16,F2,10.9632,OK,0
2026-07-10 03:56:26,F2,10.9618,OK,0
2026-07-10 03:56:36,F2,10.9604,OK,0
2026-07-10 03:56:47,F2,10.9590,OK,0
2026-07-10 03:56:57,F2,10.9576,OK,0
2026-07-10 03:57:07,F2,10.9562,OK,0
2026-07-10 03:57:17,F2,10.9548,OK,0
2026-07-10 03:57:28,F2,10.9534,OK,0
2026-07-10 03:57:38,F2,10.9520,OK,0
2026-07-10 03:57:48,F2,10.9505,OK,0
2026-07-10 03:57:58,F2,10.9491,OK,0
2026-07-10 03:58:09,F2,10.9477,OK,0
2026-07-10 03:58:19,F2,10.9463,OK,0
2026-07-10 03:58:29,F2,10.9448,OK,0
2026-07-10 03:58:39,F2,10.9434,OK,0
2026-07-10 03:58:50,F2,10.9420,OK,0
2026-07-10 03:59:00,F2,10.9405,OK,0
2026-07-10 03:59:10,F2,10.9391,OK,0
2026-07-10 03:59:20,F2,10.9376,OK,0
2026-07-10 03:59:31,F2,10.9362,OK,1
2026-07-10 03:59:41,F2,10.9347,OK,0
2026-07-10 03:59:51,F2,10.9333,OK,0
2026-07-10 04:00:01,F2,10.9318,OK,0
2026-07-10 04:00:12,F2,10.9304,OK,0
2026-07-10 04:00:22,F2,10.9289,OK,0
2026-07-10 04:00:32,F2,10.9275,OK,0
2026-07-10 04:00:42,F2,10.9260,OK,0
2026-07-10 04:00:53,F2,10.9246,OK,0
2026-07-10 04:01:03,F2,10.9231,OK,0
2026-07-10 04:01:13,F2,10.9216,OK,0
2026-07-10 04:01:23,F2,10.9202,OK,0
2026-07-10 04:01:34,F2,10.9187,OK,0
2026-07-10 04:01:44,F2,10.9172,OK,0
2026-07-10 04:01:54,F2,10.9158,OK,0
2026-07-10 04:02:04,F2,10.9143,OK,0
2026-07-10 04:02:15,F2,10.9128,OK,0
2026-07-10 04:02:25,F2,10.9114,OK,0
2026-07-10 04:02:35,F2,10.9099,OK,0
2026-07-10 04:02:45,F2,10.9084,OK,0
2026-07-10 04:02:56,F2,10.9069,OK,0
2026-07-10 04:03:06,F2,10.9054,OK,0
2026-07-10 04:03:16,F2,10.9040,OK,0
2026-07-10 04:03:26,F2,10.9025,OK,0
2026-07-10 04:03:37,F2,10.9010,OK,0
2026-07-10 04:03:47,F2,10.8995,OK,0
2026-07-10 04:03:57,F2,10.8980,OK,0
2026-07-10 04:04:07,F2,10.8965,OK,0
2026-07-10 04:04:17,F2,10.8950,OK,0
2026-07-10 04:04:28,F2,10.8935,OK,0
2026-07-10 04:04:38,F2,10.8920,OK,0
2026-07-10 04:04:48,F2,10.8905,OK,0
2026-07-10 04:04:58,F2,10.8890,OK,0
2026-07-10 04:05:09,F2,10.8874,OK,0
2026-07-10 04:05:19,F2,10.8859,OK,0
2026-07-10 04:05:29,F2,10.8844,OK,0
2026-07-10 04:05:40,F2,10.8829,OK,0
2026-07-10 04:05:50,F2,10.8813,OK,0
2026-07-10 04:06:00,F2,10.8798,OK,0
2026-07-10 04:06:10,F2,10.8783,OK,0
2026-07-10 04:06:21,F2,10.8767,OK,0
2026-07-10 04:06:31,F2,10.8752,OK,0
2026-07-10 04:06:41,F2,10.8736,OK,0
2026-07-10 04:06:51,F2,10.8721,OK,0
2026-07-10 04:07:02,F2,10.8705,OK,0
2026-07-10 04:07:12,F2,10.8690,OK,0
2026-07-10 04:07:22,F2,10.8674,OK,0
2026-07-10 04:07:32,F2,10.8658,OK,0
2026-07-10 04:07:43,F2,10.8643,OK,0
2026-07-10 04:07:53,F2,10.8627,OK,0
2026-07-10 04:08:03,F2,10.8611,OK,0
2026-07-10 04:08:13,F2,10.8596,OK,0
2026-07-10 04:08:23,F2,10.8580,OK,0
2026-07-10 04:08:34,F2,10.8564,OK,0
2026-07-10 04:08:44,F2,10.8549,OK,1
2026-07-10 04:08:54,F2,10.8533,OK,1
2026-07-10 04:09:05,F2,10.8517,OK,1
2026-07-10 04:09:15,F2,10.8501,OK,0
2026-07-10 04:09:25,F2,10.8486,OK,0
2026-07-10 04:09:35,F2,10.8470,OK,0
2026-07-10 04:09:46,F2,10.8454,OK,0
2026-07-10 04:09:56,F2,10.8438,OK,0
2026-07-10 04:10:06,F2,10.8423,OK,0
2026-07-10 04:10:16,F2,10.8407,OK,0
2026-07-10 04:10:26,F2,10.8391,OK,0
2026-07-10 04:10:37,F2,10.8375,OK,0
2026-07-10 04:10:47,F2,10.8359,OK,0
2026-07-10 04:10:57,F2,10.8343,OK,0
2026-07-10 04:11:07,F2,10.8327,OK,0
2026-07-10 04:11:18,F2,10.8312,OK,0
2026-07-10 04:11:28,F2,10.8296,OK,0
2026-07-10 04:11:38,F2,10.8280,OK,0
2026-07-10 04:11:48,F2,10.8264,OK,0
2026-07-10 04:11:59,F2,10.8248,OK,0
2026-07-10 04:12:09,F2,10.8232,OK,0
2026-07-10 04:12:19,F2,10.8216,OK,0
2026-07-10 04:12:29,F2,10.8200,OK,0
2026-07-10 04:12:40,F2,10.8184,OK,0
2026-07-10 04:12:50,F2,10.8169,OK,0
2026-07-10 04:13:00,F2,10.8153,OK,0
2026-07-10 04:13:10,F2,10.8137,OK,0
2026-07-10 04:13:21,F2,10.8121,OK,0
2026-07-10 04:13:31,F2,10.8106,OK,0
2026-07-10 04:13:41,F2,10.8090,OK,0
2026-07-10 04:13:51,F2,10.8075,OK,0
2026-07-10 04:14:02,F2,10.8059,OK,0
2026-07-10 04:14:12,F2,10.8044,OK,0
2026-07-10 04:14:22,F2,10.8029,OK,0
2026-07-10 04:14:32,F2,10.8014,OK,0
2026-07-10 04:14:42,F2,10.7998,OK,0
2026-07-10 04:14:53,F2,10.7983,OK,0
2026-07-10 04:15:03,F2,10.7968,OK,0
2026-07-10 04:15:13,F2,10.7954,OK,0
2026-07-10 04:15:23,F2,10.7939,OK,0
2026-07-10 04:15:34,F2,10.7924,OK,0
2026-07-10 04:15:44,F2,10.7910,OK,0
2026-07-10 04:15:54,F2,10.7895,OK,0
2026-07-10 04:16:04,F2,10.7881,OK,0
2026-07-10 04:16:15,F2,10.7867,OK,0
2026-07-10 04:16:25,F2,10.7853,OK,0
2026-07-10 04:16:35,F2,10.7838,OK,0
2026-07-10 04:16:45,F2,10.7825,OK,0
2026-07-10 04:16:56,F2,10.7811,OK,0
2026-07-10 04:17:06,F2,10.7797,OK,0
2026-07-10 04:17:16,F2,10.7783,OK,0
2026-07-10 04:17:26,F2,10.7770,OK,0
2026-07-10 04:17:37,F2,10.7756,OK,0
2026-07-10 04:17:47,F2,10.7743,OK,0
2026-07-10 04:17:57,F2,10.7730,OK,0
2026-07-10 04:18:07,F2,10.7716,OK,0
2026-07-10 04:18:18,F2,10.7703,OK,0
2026-07-10 04:18:28,F2,10.7690,OK,0
2026-07-10 04:18:38,F2,10.7677,OK,0
2026-07-10 04:18:48,F2,10.7665,OK,0
2026-07-10 04:18:59,F2,10.7652,OK,0
2026-07-10 04:19:09,F2,10.7639,OK,0
2026-07-10 04:19:19,F2,10.7627,OK,0
2026-07-10 04:19:29,F2,10.7614,OK,1
2026-07-10 04:19:40,F2,10.7602,OK,0
2026-07-10 04:19:50,F2,10.7589,OK,0
2026-07-10 04:20:00,F2,10.7577,OK,0
2026-07-10 04:20:10,F2,10.7565,OK,0
2026-07-10 04:20:21,F2,10.7553,OK,0
2026-07-10 04:20:31,F2,10.7541,OK,0
2026-07-10 04:20:41,F2,10.7529,OK,0
2026-07-10 04:20:51,F2,10.7517,OK,0
2026-07-10 04:21:02,F2,10.7506,OK,0
2026-07-10 04:21:12,F2,10.7494,OK,0
2026-07-10 04:21:22,F2,10.7483,OK,0
2026-07-10 04:21:32,F2,10.7471,OK,0
2026-07-10 04:21:43,F2,10.7460,OK,0
2026-07-10 04:21:53,F2,10.7449,OK,0
2026-07-10 04:22:03,F2,10.7438,OK,0
2026-07-10 04:22:13,F2,10.7427,OK,0
2026-07-10 04:22:24,F2,10.7416,OK,0
2026-07-10 04:22:34,F2,10.7406,OK,0
2026-07-10 04:22:44,F2,10.7395,OK,0
2026-07-10 04:22:54,F2,10.7385,OK,0
2026-07-10 04:23:05,F2,10.7374,OK,0
2026-07-10 04:23:15,F2,10.7364,OK,0
2026-07-10 04:23:25,F2,10.7354,OK,0
2026-07-10 04:23:35,F2,10.7344,OK,0
2026-07-10 04:23:46,F2,10.7334,OK,0
2026-07-10 04:23:56,F2,10.7324,OK,0
2026-07-10 04:24:06,F2,10.7314,OK,0
2026-07-10 04:24:16,F2,10.7304,OK,1
2026-07-10 04:24:27,F2,10.7294,OK,0
2026-07-10 04:24:37,F2,10.7284,OK,0
2026-07-10 04:24:47,F2,10.7275,OK,0
2026-07-10 04:24:57,F2,10.7265,OK,0
2026-07-10 04:25:08,F2,10.7256,OK,0
2026-07-10 04:25:18,F2,10.7246,OK,0
2026-07-10 04:25:28,F2,10.7237,OK,0
2026-07-10 04:25:38,F2,10.7228,OK,0
2026-07-10 04:25:49,F2,10.7218,OK,0
2026-07-10 04:25:59,F2,10.7209,OK,0
2026-07-10 04:26:09,F2,10.7200,OK,0
2026-07-10 04:26:19,F2,10.7191,OK,0
2026-07-10 04:26:30,F2,10.7182,OK,0
2026-07-10 04:26:40,F2,10.7173,OK,0
2026-07-10 04:26:50,F2,10.7164,OK,0
2026-07-10 04:27:00,F2,10.7156,OK,0
2026-07-10 04:27:10,F2,10.7147,OK,0
2026-07-10 04:27:21,F2,10.7139,OK,0
2026-07-10 04:27:31,F2,10.7130,OK,0
2026-07-10 04:27:41,F2,10.7122,OK,0
2026-07-10 04:27:51,F2,10.7114,OK,0
2026-07-10 04:28:02,F2,10.7105,OK,0
2026-07-10 04:28:12,F2,10.7097,OK,0
2026-07-10 04:28:22,F2,10.7089,OK,0
2026-07-10 04:28:32,F2,10.7081,OK,0
2026-07-10 04:28:43,F2,10.7074,OK,0
2026-07-10 04:28:53,F2,10.7066,OK,0
2026-07-10 04:29:03,F2,10.7058,OK,0
2026-07-10 04:29:13,F2,10.7050,OK,0
2026-07-10 04:29:24,F2,10.7043,OK,0
2026-07-10 04:29:34,F2,10.7035,OK,0
2026-07-10 04:29:44,F2,10.7028,OK,0
2026-07-10 04:29:54,F2,10.7020,OK,0
2026-07-10 04:30:05,F2,10.7013,OK,0
2026-07-10 04:30:15,F2,10.7006,OK,0
2026-07-10 04:30:25,F2,10.6999,OK,0
2026-07-10 04:30:35,F2,10.6991,OK,0
2026-07-10 04:30:46,F2,10.6984,OK,0
2026-07-10 04:30:56,F2,10.6977,OK,0
2026-07-10 04:31:06,F2,10.6970,OK,0
2026-07-10 04:31:16,F2,10.6963,OK,0
2026-07-10 04:31:27,F2,10.6956,OK,0
2026-07-10 04:31:37,F2,10.6949,OK,0
2026-07-10 04:31:47,F2,10.6943,OK,0
2026-07-10 04:31:57,F2,10.6936,OK,0
2026-07-10 04:32:08,F2,10.6929,OK,0
2026-07-10 04:32:18,F2,10.6922,OK,0
2026-07-10 04:32:28,F2,10.6916,OK,0
2026-07-10 04:32:38,F2,10.6909,OK,0
2026-07-10 04:32:49,F2,10.6902,OK,0
2026-07-10 04:32:59,F2,10.6896,OK,0
2026-07-10 04:33:09,F2,10.6889,OK,0
2026-07-10 04:33:19,F2,10.6882,OK,0
2026-07-10 04:33:30,F2,10.6876,OK,0
2026-07-10 04:33:40,F2,10.6870,OK,0
2026-07-10 04:33:50,F2,10.6863,OK,0
2026-07-10 04:34:00,F2,10.6857,OK,0
2026-07-10 04:34:11,F2,10.6850,OK,0
2026-07-10 04:34:21,F2,10.6844,OK,0
2026-07-10 04:34:31,F2,10.6838,OK,0
2026-07-10 04:34:41,F2,10.6832,OK,0
2026-07-10 04:34:52,F2,10.6826,OK,0
2026-07-10 04:35:02,F2,10.6820,OK,0
2026-07-10 04:35:12,F2,10.6814,OK,0
2026-07-10 04:35:22,F2,10.6808,OK,0
2026-07-10 04:35:33,F2,10.6802,OK,0
2026-07-10 04:35:43,F2,10.6796,OK,0
2026-07-10 04:35:53,F2,10.6790,OK,0
2026-07-10 04:36:03,F2,10.6785,OK,0
2026-07-10 04:36:14,F2,10.6779,OK,0
2026-07-10 04:36:24,F2,10.6774,OK,1
2026-07-10 04:36:34,F2,10.6768,OK,0
2026-07-10 04:36:45,F2,10.6763,OK,0
2026-07-10 04:36:55,F2,10.6758,OK,0
2026-07-10 04:37:05,F2,10.6752,OK,0
2026-07-10 04:37:15,F2,10.6747,OK,0
2026-07-10 04:37:25,F2,10.6742,OK,0
2026-07-10 04:37:36,F2,10.6737,OK,0
2026-07-10 04:37:46,F2,10.6732,OK,0
2026-07-10 04:37:56,F2,10.6727,OK,0
2026-07-10 04:38:06,F2,10.6722,OK,0
2026-07-10 04:38:17,F2,10.6717,OK,0
2026-07-10 04:38:27,F2,10.6712,OK,0
2026-07-10 04:38:37,F2,10.6707,OK,0
2026-07-10 04:38:47,F2,10.6702,OK,0
2026-07-10 04:38:58,F2,10.6697,OK,0
2026-07-10 04:39:08,F2,10.6692,OK,0
2026-07-10 04:39:18,F2,10.6687,OK,0
2026-07-10 04:39:28,F2,10.6683,OK,0
2026-07-10 04:39:39,F2,10.6678,OK,0
2026-07-10 04:39:49,F2,10.6673,OK,0
2026-07-10 04:39:59,F2,10.6669,OK,0
2026-07-10 04:40:09,F2,10.6664,OK,0
2026-07-10 04:40:20,F2,10.6659,OK,0
2026-07-10 04:40:30,F2,10.6655,OK,0
2026-07-10 04:40:40,F2,10.6650,OK,0
2026-07-10 04:40:50,F2,10.6646,OK,0
2026-07-10 04:41:01,F2,10.6641,OK,0
2026-07-10 04:41:11,F2,10.6637,OK,0
2026-07-10 04:41:21,F2,10.6633,OK,0
2026-07-10 04:41:31,F2,10.6628,OK,0
2026-07-10 04:41:42,F2,10.6624,OK,0
2026-07-10 04:41:52,F2,10.6620,OK,0
2026-07-10 04:42:02,F2,10.6616,OK,0
2026-07-10 04:42:12,F2,10.6612,OK,0
2026-07-10 04:42:23,F2,10.6608,OK,0
2026-07-10 04:42:33,F2,10.6604,OK,0
2026-07-10 04:42:43,F2,10.6600,OK,0
2026-07-10 04:42:53,F2,10.6596,OK,0
2026-07-10 04:43:04,F2,10.6592,OK,0
2026-07-10 04:43:14,F2,10.6589,OK,0
2026-07-10 04:43:24,F2,10.6585,OK,0
2026-07-10 04:43:34,F2,10.6582,OK,0
2026-07-10 04:43:45,F2,10.6578,OK,0
2026-07-10 04:43:55,F2,10.6575,OK,0
2026-07-10 04:44:05,F2,10.6571,OK,0
2026-07-10 04:44:15,F2,10.6568,OK,0
2026-07-10 04:44:26,F2,10.6565,OK,0
2026-07-10 04:44:36,F2,10.6562,OK,0
2026-07-10 04:44:46,F2,10.6559,OK,1
2026-07-10 04:44:56,F2,10.6556,OK,0
2026-07-10 04:45:07,F2,10.6553,OK,0
2026-07-10 04:45:17,F2,10.6550,OK,0
2026-07-10 04:45:27,F2,10.6547,OK,0
2026-07-10 04:45:37,F2,10.6545,OK,0
2026-07-10 04:45:48,F2,10.6542,OK,0
2026-07-10 04:45:58,F2,10.6540,OK,0
2026-07-10 04:46:08,F2,10.6537,OK,0
2026-07-10 04:46:18,F2,10.6535,OK,0
2026-07-10 04:46:29,F2,10.6532,OK,0
2026-07-10 04:46:39,F2,10.6530,OK,0
2026-07-10 04:46:49,F2,10.6527,OK,0
2026-07-10 04:46:59,F2,10.6525,OK,0
2026-07-10 04:47:10,F2,10.6523,OK,0
2026-07-10 04:47:20,F2,10.6521,OK,0
2026-07-10 04:47:30,F2,10.6519,OK,0
2026-07-10 04:47:40,F2,10.6517,OK,0
2026-07-10 04:47:51,F2,10.6515,OK,0
2026-07-10 04:48:01,F2,10.6513,OK,0
2026-07-10 04:48:11,F2,10.6511,OK,0
2026-07-10 04:48:22,F2,10.6509,OK,0
2026-07-10 04:48:32,F2,10.6507,OK,0
2026-07-10 04:48:42,F2,10.6506,OK,0
2026-07-10 04:48:52,F2,10.6504,OK,0
2026-07-10 04:49:03,F2,10.6502,OK,0
2026-07-10 04:49:13,F2,10.6501,OK,0
2026-07-10 04:49:23,F2,10.6499,OK,1
2026-07-10 04:49:33,F2,10.6498,OK,1
2026-07-10 04:49:44,F2,10.6496,OK,1
2026-07-10 04:49:54,F2,10.6495,OK,0
2026-07-10 04:50:04,F2,10.6493,OK,0
2026-07-10 04:50:14,F2,10.6492,OK,0
2026-07-10 04:50:25,F2,10.6491,OK,0
2026-07-10 04:50:35,F2,10.6489,OK,0
2026-07-10 04:50:45,F2,10.6488,OK,0
2026-07-10 04:50:55,F2,10.6487,OK,0
2026-07-10 04:51:06,F2,10.6485,OK,0
2026-07-10 04:51:16,F2,10.6484,OK,1
2026-07-10 04:51:26,F2,10.6483,OK,1
2026-07-10 04:51:36,F2,10.6481,OK,0
2026-07-10 04:51:46,F2,10.6480,OK,0
2026-07-10 04:51:57,F2,10.6478,OK,0
2026-07-10 04:52:07,F2,10.6477,OK,0
2026-07-10 04:52:17,F2,10.6475,OK,0
2026-07-10 04:52:27,F2,10.6474,OK,0
2026-07-10 04:52:38,F2,10.6472,OK,0
2026-07-10 04:52:48,F2,10.6471,OK,0
2026-07-10 04:52:58,F2,10.6469,OK,0
2026-07-10 04:53:08,F2,10.6468,OK,0
2026-07-10 04:53:19,F2,10.6466,OK,0
2026-07-10 04:53:29,F2,10.6464,OK,0
2026-07-10 04:53:39,F2,10.6463,OK,0
2026-07-10 04:53:49,F2,10.6461,OK,0
2026-07-10 04:54:00,F2,10.6459,OK,0
2026-07-10 04:54:10,F2,10.6457,OK,0
2026-07-10 04:54:20,F2,10.6456,OK,0
2026-07-10 04:54:30,F2,10.6454,OK,0
2026-07-10 04:54:41,F2,10.6452,OK,0
2026-07-10 04:54:51,F2,10.6450,OK,0
2026-07-10 04:55:01,F2,10.6448,OK,0
2026-07-10 04:55:11,F2,10.6446,OK,0
2026-07-10 04:55:22,F2,10.6444,OK,0
2026-07-10 04:55:32,F2,10.6443,OK,0
2026-07-10 04:55:42,F2,10.6441,OK,0
2026-07-10 04:55:52,F2,10.6439,OK,0
2026-07-10 04:56:03,F2,10.6437,OK,0
2026-07-10 04:56:13,F2,10.6434,OK,0
2026-07-10 04:56:23,F2,10.6432,OK,0
2026-07-10 04:56:33,F2,10.6430,OK,0
2026-07-10 04:56:44,F2,10.6428,OK,0
2026-07-10 04:56:54,F2,10.6426,OK,0
2026-07-10 04:57:04,F2,10.6424,OK,0
2026-07-10 04:57:14,F2,10.6422,OK,0
2026-07-10 04:57:25,F2,10.6419,OK,0
2026-07-10 04:57:35,F2,10.6417,OK,0
2026-07-10 04:57:45,F2,10.6415,OK,0
2026-07-10 04:57:56,F2,10.6412,OK,0
2026-07-10 04:58:06,F2,10.6410,OK,0
2026-07-10 04:58:16,F2,10.6407,OK,0
2026-07-10 04:58:26,F2,10.6405,OK,0
2026-07-10 04:58:36,F2,10.6402,OK,0
2026-07-10 04:58:47,F2,10.6399,OK,0
2026-07-10 04:58:57,F2,10.6397,OK,0
2026-07-10 04:59:07,F2,10.6394,OK,0
2026-07-10 04:59:17,F2,10.6391,OK,0
2026-07-10 04:59:28,F2,10.6388,OK,0
2026-07-10 04:59:38,F2,10.6385,OK,0
2026-07-10 04:59:48,F2,10.6382,OK,0
2026-07-10 04:59:58,F2,10.6379,OK,0
2026-07-10 05:00:09,F2,10.6376,OK,0
2026-07-10 05:00:19,F2,10.6373,OK,0
2026-07-10 05:00:29,F2,10.6370,OK,0
2026-07-10 05:00:39,F2,10.6366,OK,0
2026-07-10 05:00:50,F2,10.6363,OK,0
2026-07-10 05:01:00,F2,10.6360,OK,0
2026-07-10 05:01:10,F2,10.6356,OK,0
2026-07-10 05:01:20,F2,10.6353,OK,0
2026-07-10 05:01:31,F2,10.6350,OK,0
2026-07-10 05:01:41,F2,10.6346,OK,0
2026-07-10 05:01:51,F2,10.6343,OK,0
2026-07-10 05:02:01,F2,10.6339,OK,0
2026-07-10 05:02:12,F2,10.6335,OK,0
2026-07-10 05:02:22,F2,10.6332,OK,0
2026-07-10 05:02:32,F2,10.6328,OK,1
2026-07-10 05:02:42,F2,10.6324,OK,1
2026-07-10 05:02:53,F2,10.6321,OK,0
2026-07-10 05:03:03,F2,10.6317,OK,1
2026-07-10 05:03:13,F2,10.6313,OK,1
2026-07-10 05:03:23,F2,10.6309,OK,0
2026-07-10 05:03:34,F2,10.6306,OK,0
2026-07-10 05:03:44,F2,10.6302,OK,0
2026-07-10 05:03:54,F2,10.6298,OK,0
2026-07-10 05:04:04,F2,10.6294,OK,0
2026-07-10 05:04:15,F2,10.6289,OK,0
2026-07-10 05:04:25,F2,10.6285,OK,0
2026-07-10 05:04:35,F2,10.6281,OK,0
2026-07-10 05:04:45,F2,10.6277,OK,0
2026-07-10 05:04:56,F2,10.6272,OK,0
2026-07-10 05:05:06,F2,10.6268,OK,0
2026-07-10 05:05:16,F2,10.6264,OK,0
2026-07-10 05:05:26,F2,10.6259,OK,0
2026-07-10 05:05:37,F2,10.6254,OK,0
2026-07-10 05:05:47,F2,10.6250,OK,0
2026-07-10 05:05:57,F2,10.6245,OK,0
2026-07-10 05:06:07,F2,10.6240,OK,0
2026-07-10 05:06:18,F2,10.6235,OK,0
2026-07-10 05:06:28,F2,10.6231,OK,0
2026-07-10 05:06:38,F2,10.6226,OK,0
2026-07-10 05:06:49,F2,10.6221,OK,0
2026-07-10 05:06:59,F2,10.6216,OK,0
2026-07-10 05:07:09,F2,10.6211,OK,0
2026-07-10 05:07:19,F2,10.6206,OK,0
2026-07-10 05:07:30,F2,10.6200,OK,0
2026-07-10 05:07:40,F2,10.6195,OK,0
2026-07-10 05:07:50,F2,10.6190,OK,0
2026-07-10 05:08:00,F2,10.6185,OK,0
2026-07-10 05:08:11,F2,10.6180,OK,0
2026-07-10 05:08:21,F2,10.6174,OK,0
2026-07-10 05:08:31,F2,10.6169,OK,0
2026-07-10 05:08:42,F2,10.6164,OK,0
2026-07-10 05:08:52,F2,10.6159,OK,0
2026-07-10 05:09:02,F2,10.6153,OK,0
2026-07-10 05:09:12,F2,10.6148,OK,0
2026-07-10 05:09:23,F2,10.6143,OK,0
2026-07-10 05:09:33,F2,10.6137,OK,0
2026-07-10 05:09:43,F2,10.6132,OK,0
2026-07-10 05:09:53,F2,10.6127,OK,0
2026-07-10 05:10:04,F2,10.6122,OK,0
2026-07-10 05:10:14,F2,10.6116,OK,0
2026-07-10 05:10:24,F2,10.6111,OK,0
2026-07-10 05:10:34,F2,10.6105,OK,0
2026-07-10 05:10:45,F2,10.6100,OK,0
2026-07-10 05:10:55,F2,10.6095,OK,0
2026-07-10 05:11:05,F2,10.6090,OK,0
2026-07-10 05:11:15,F2,10.6084,OK,0
2026-07-10 05:11:26,F2,10.6079,OK,0
2026-07-10 05:11:36,F2,10.6074,OK,0
2026-07-10 05:11:46,F2,10.6068,OK,0
2026-07-10 05:11:57,F2,10.6063,OK,0
2026-07-10 05:12:07,F2,10.6058,OK,0
2026-07-10 05:12:17,F2,10.6053,OK,0
2026-07-10 05:12:27,F2,10.6048,OK,0
2026-07-10 05:12:38,F2,10.6043,OK,0
2026-07-10 05:12:48,F2,10.6038,OK,0
2026-07-10 05:12:58,F2,10.6032,OK,0
2026-07-10 05:13:08,F2,10.6028,OK,0
2026-07-10 05:13:19,F2,10.6023,OK,0
2026-07-10 05:13:29,F2,10.6018,OK,0
2026-07-10 05:13:39,F2,10.6013,OK,0
2026-07-10 05:13:49,F2,10.6008,OK,0
2026-07-10 05:14:00,F2,10.6003,OK,0
2026-07-10 05:14:10,F2,10.5998,OK,0
2026-07-10 05:14:20,F2,10.5994,OK,0
2026-07-10 05:14:30,F2,10.5989,OK,0
2026-07-10 05:14:41,F2,10.5984,OK,0
2026-07-10 05:14:51,F2,10.5980,OK,0
2026-07-10 05:15:01,F2,10.5975,OK,0
2026-07-10 05:15:11,F2,10.5970,OK,0
2026-07-10 05:15:22,F2,10.5966,OK,0
2026-07-10 05:15:32,F2,10.5962,OK,0
2026-07-10 05:15:42,F2,10.5957,OK,0
2026-07-10 05:15:52,F2,10.5953,OK,1
2026-07-10 05:16:03,F2,10.5948,OK,0
2026-07-10 05:16:13,F2,10.5944,OK,0
2026-07-10 05:16:23,F2,10.5940,OK,0
2026-07-10 05:16:33,F2,10.5936,OK,0
2026-07-10 05:16:44,F2,10.5932,OK,0
2026-07-10 05:16:54,F2,10.5928,OK,0
2026-07-10 05:17:04,F2,10.5924,OK,0
2026-07-10 05:17:14,F2,10.5919,OK,0
2026-07-10 05:17:25,F2,10.5915,OK,0
2026-07-10 05:17:35,F2,10.5911,OK,0
2026-07-10 05:17:45,F2,10.5907,OK,0
2026-07-10 05:17:55,F2,10.5904,OK,0
2026-07-10 05:18:06,F2,10.5900,OK,0
2026-07-10 05:18:16,F2,10.5896,OK,0
2026-07-10 05:18:26,F2,10.5892,OK,0
2026-07-10 05:18:36,F2,10.5888,OK,0
2026-07-10 05:18:47,F2,10.5884,OK,0
2026-07-10 05:18:57,F2,10.5880,OK,0
2026-07-10 05:19:07,F2,10.5876,OK,0
2026-07-10 05:19:17,F2,10.5872,OK,0
2026-07-10 05:19:28,F2,10.5869,OK,0
2026-07-10 05:19:38,F2,10.5865,OK,0
2026-07-10 05:19:48,F2,10.5861,OK,0
2026-07-10 05:19:59,F2,10.5857,OK,0
2026-07-10 05:20:09,F2,10.5853,OK,0
2026-07-10 05:20:19,F2,10.5850,OK,0
2026-07-10 05:20:29,F2,10.5846,OK,0
2026-07-10 05:20:40,F2,10.5842,OK,0
2026-07-10 05:20:50,F2,10.5839,OK,0
2026-07-10 05:21:00,F2,10.5835,OK,0
2026-07-10 05:21:10,F2,10.5831,OK,0
2026-07-10 05:21:20,F2,10.5828,OK,0
2026-07-10 05:21:31,F2,10.5824,OK,0
2026-07-10 05:21:41,F2,10.5821,OK,0
2026-07-10 05:21:51,F2,10.5817,OK,0
2026-07-10 05:22:02,F2,10.5814,OK,0
2026-07-10 05:22:12,F2,10.5810,OK,0
2026-07-10 05:22:22,F2,10.5807,OK,0
2026-07-10 05:22:32,F2,10.5803,OK,0
2026-07-10 05:22:43,F2,10.5800,OK,1
2026-07-10 05:22:53,F2,10.5797,OK,0
2026-07-10 05:23:03,F2,10.5794,OK,0
2026-07-10 05:23:13,F2,10.5791,OK,0
2026-07-10 05:23:24,F2,10.5787,OK,0
2026-07-10 05:23:34,F2,10.5784,OK,0
2026-07-10 05:23:44,F2,10.5781,OK,0
2026-07-10 05:23:54,F2,10.5778,OK,0
2026-07-10 05:24:05,F2,10.5776,OK,0
2026-07-10 05:24:15,F2,10.5773,OK,0
2026-07-10 05:24:25,F2,10.5770,OK,0
2026-07-10 05:24:35,F2,10.5767,OK,0
2026-07-10 05:24:45,F2,10.5764,OK,0
2026-07-10 05:24:56,F2,10.5762,OK,0
2026-07-10 05:25:06,F2,10.5759,OK,0
2026-07-10 05:25:16,F2,10.5757,OK,0
2026-07-10 05:25:27,F2,10.5754,OK,0
2026-07-10 05:25:37,F2,10.5752,OK,0
2026-07-10 05:25:47,F2,10.5750,OK,0
2026-07-10 05:25:57,F2,10.5748,OK,0
2026-07-10 05:26:08,F2,10.5745,OK,0
2026-07-10 05:26:18,F2,10.5743,OK,0
2026-07-10 05:26:28,F2,10.5741,OK,0
2026-07-10 05:26:38,F2,10.5740,OK,0
2026-07-10 05:26:48,F2,10.5738,OK,0
2026-07-10 05:26:59,F2,10.5736,OK,0
2026-07-10 05:27:09,F2,10.5734,OK,0
2026-07-10 05:27:19,F2,10.5733,OK,0
2026-07-10 05:27:30,F2,10.5731,OK,0
2026-07-10 05:27:40,F2,10.5730,OK,0
2026-07-10 05:27:50,F2,10.5728,OK,0
2026-07-10 05:28:00,F2,10.5727,OK,0
2026-07-10 05:28:10,F2,10.5726,OK,0
2026-07-10 05:28:21,F2,10.5725,OK,0
2026-07-10 05:28:31,F2,10.5723,OK,0
2026-07-10 05:28:41,F2,10.5722,OK,0
2026-07-10 05:28:51,F2,10.5721,OK,0
2026-07-10 05:29:02,F2,10.5720,OK,0
2026-07-10 05:29:12,F2,10.5719,OK,0
2026-07-10 05:29:22,F2,10.5719,OK,0
2026-07-10 05:29:32,F2,10.5718,OK,0
2026-07-10 05:29:43,F2,10.5717,OK,0
2026-07-10 05:29:53,F2,10.5716,OK,0
2026-07-10 05:30:03,F2,10.5716,OK,0
2026-07-10 05:30:13,F2,10.5715,OK,0
2026-07-10 05:30:24,F2,10.5714,OK,0
2026-07-10 05:30:34,F2,10.5714,OK,0
2026-07-10 05:30:44,F2,10.5713,OK,0
2026-07-10 05:30:54,F2,10.5713,OK,0
2026-07-10 05:31:05,F2,10.5712,OK,0
2026-07-10 05:31:15,F2,10.5712,OK,0
2026-07-10 05:31:25,F2,10.5711,OK,0
2026-07-10 05:31:35,F2,10.5711,OK,0
2026-07-10 05:31:46,F2,10.5710,OK,0
2026-07-10 05:31:56,F2,10.5709,OK,0
2026-07-10 05:32:06,F2,10.5709,OK,0
2026-07-10 05:32:16,F2,10.5708,OK,0
2026-07-10 05:32:27,F2,10.5707,OK,0
2026-07-10 05:32:37,F2,10.5707,OK,0
2026-07-10 05:32:47,F2,10.5706,OK,0
2026-07-10 05:32:57,F2,10.5705,OK,0
2026-07-10 05:33:08,F2,10.5704,OK,0
2026-07-10 05:33:18,F2,10.5703,OK,0
2026-07-10 05:33:28,F2,10.5702,OK,0
2026-07-10 05:33:38,F2,10.5700,OK,0
2026-07-10 05:33:49,F2,10.5699,OK,0
2026-07-10 05:33:59,F2,10.5698,OK,0
2026-07-10 05:34:09,F2,10.5697,OK,0
2026-07-10 05:34:19,F2,10.5695,OK,0
2026-07-10 05:34:30,F2,10.5694,OK,0
2026-07-10 05:34:40,F2,10.5692,OK,0
2026-07-10 05:34:50,F2,10.5690,OK,0
2026-07-10 05:35:00,F2,10.5689,OK,0
2026-07-10 05:35:11,F2,10.5687,OK,0
2026-07-10 05:35:21,F2,10.5685,OK,0
2026-07-10 05:35:31,F2,10.5683,OK,0
2026-07-10 05:35:41,F2,10.5681,OK,0
2026-07-10 05:35:52,F2,10.5679,OK,0
2026-07-10 05:36:02,F2,10.5677,OK,0
2026-07-10 05:36:12,F2,10.5675,OK,0
2026-07-10 05:36:22,F2,10.5673,OK,0
2026-07-10 05:36:33,F2,10.5670,OK,0
2026-07-10 05:36:43,F2,10.5668,OK,0
2026-07-10 05:36:53,F2,10.5666,OK,0
2026-07-10 05:37:03,F2,10.5663,OK,0
2026-07-10 05:37:14,F2,10.5660,OK,0
2026-07-10 05:37:24,F2,10.5658,OK,0
2026-07-10 05:37:34,F2,10.5655,OK,0
2026-07-10 05:37:44,F2,10.5652,OK,0
2026-07-10 05:37:55,F2,10.5649,OK,0
2026-07-10 05:38:05,F2,10.5647,OK,0
2026-07-10 05:38:15,F2,10.5644,OK,0
2026-07-10 05:38:25,F2,10.5641,OK,0
2026-07-10 05:38:36,F2,10.5637,OK,0
2026-07-10 05:38:46,F2,10.5634,OK,0
2026-07-10 05:38:56,F2,10.5631,OK,0
2026-07-10 05:39:06,F2,10.5628,OK,0
2026-07-10 05:39:17,F2,10.5625,OK,0
2026-07-10 05:39:27,F2,10.5621,OK,0
2026-07-10 05:39:37,F2,10.5618,OK,0
2026-07-10 05:39:47,F2,10.5615,OK,0
2026-07-10 05:39:57,F2,10.5611,OK,0
2026-07-10 05:40:08,F2,10.5608,OK,0
2026-07-10 05:40:18,F2,10.5604,OK,0
2026-07-10 05:40:28,F2,10.5601,OK,0
2026-07-10 05:40:38,F2,10.5597,OK,0
2026-07-10 05:40:49,F2,10.5594,OK,0
2026-07-10 05:40:59,F2,10.5590,OK,0
2026-07-10 05:41:09,F2,10.5586,OK,0
2026-07-10 05:41:19,F2,10.5583,OK,0
2026-07-10 05:41:30,F2,10.5579,OK,0
2026-07-10 05:41:40,F2,10.5575,OK,0
2026-07-10 05:41:50,F2,10.5571,OK,0
2026-07-10 05:42:00,F2,10.5568,OK,0
2026-07-10 05:42:11,F2,10.5564,OK,0
2026-07-10 05:42:21,F2,10.5560,OK,0
2026-07-10 05:42:31,F2,10.5556,OK,0
2026-07-10 05:42:41,F2,10.5552,OK,0
2026-07-10 05:42:52,F2,10.5548,OK,0
2026-07-10 05:43:02,F2,10.5544,OK,0
2026-07-10 05:43:12,F2,10.5540,OK,0
2026-07-10 05:43:22,F2,10.5536,OK,0
2026-07-10 05:43:33,F2,10.5532,OK,0
2026-07-10 05:43:43,F2,10.5528,OK,0
2026-07-10 05:43:53,F2,10.5524,OK,0
2026-07-10 05:44:03,F2,10.5520,OK,0
2026-07-10 05:44:14,F2,10.5516,OK,0
2026-07-10 05:44:24,F2,10.5512,OK,1
2026-07-10 05:44:34,F2,10.5508,OK,0
2026-07-10 05:44:44,F2,10.5503,OK,0
2026-07-10 05:44:55,F2,10.5499,OK,1
2026-07-10 05:45:05,F2,10.5495,OK,0
2026-07-10 05:45:15,F2,10.5491,OK,0
2026-07-10 05:45:25,F2,10.5486,OK,0
2026-07-10 05:45:36,F2,10.5482,OK,0
2026-07-10 05:45:46,F2,10.5477,OK,0
2026-07-10 05:45:56,F2,10.5473,OK,0
2026-07-10 05:46:06,F2,10.5468,OK,0
2026-07-10 05:46:17,F2,10.5463,OK,0
2026-07-10 05:46:27,F2,10.5458,OK,0
2026-07-10 05:46:37,F2,10.5453,OK,0
2026-07-10 05:46:47,F2,10.5448,OK,0
2026-07-10 05:46:58,F2,10.5443,OK,0
2026-07-10 05:47:08,F2,10.5438,OK,0
2026-07-10 05:47:18,F2,10.5433,OK,0
2026-07-10 05:47:28,F2,10.5428,OK,0
2026-07-10 05:47:39,F2,10.5422,OK,0
2026-07-10 05:47:49,F2,10.5416,OK,0
2026-07-10 05:47:59,F2,10.5411,OK,0
2026-07-10 05:48:10,F2,10.5405,OK,0
2026-07-10 05:48:20,F2,10.5399,OK,0
2026-07-10 05:48:30,F2,10.5393,OK,0
2026-07-10 05:48:40,F2,10.5387,OK,0
2026-07-10 05:48:50,F2,10.5381,OK,0
2026-07-10 05:49:01,F2,10.5374,OK,0
2026-07-10 05:49:11,F2,10.5368,OK,0
2026-07-10 05:49:21,F2,10.5361,OK,0
2026-07-10 05:49:32,F2,10.5355,OK,0
2026-07-10 05:49:42,F2,10.5348,OK,0
2026-07-10 05:49:52,F2,10.5341,OK,0
2026-07-10 05:50:02,F2,10.5334,OK,0
2026-07-10 05:50:13,F2,10.5327,OK,0
2026-07-10 05:50:23,F2,10.5320,OK,0
2026-07-10 05:50:33,F2,10.5313,OK,0
2026-07-10 05:50:43,F2,10.5305,OK,0
2026-07-10 05:50:54,F2,10.5298,OK,0
2026-07-10 05:51:04,F2,10.5291,OK,0
2026-07-10 05:51:14,F2,10.5283,OK,0
2026-07-10 05:51:24,F2,10.5275,OK,0
2026-07-10 05:51:35,F2,10.5268,OK,0
2026-07-10 05:51:45,F2,10.5260,OK,0
2026-07-10 05:51:55,F2,10.5252,OK,0
2026-07-10 05:52:05,F2,10.5244,OK,0
2026-07-10 05:52:16,F2,10.5236,OK,0
2026-07-10 05:52:26,F2,10.5228,OK,0
2026-07-10 05:52:36,F2,10.5220,OK,0
2026-07-10 05:52:46,F2,10.5212,OK,0
2026-07-10 05:52:57,F2,10.5204,OK,0
2026-07-10 05:53:07,F2,10.5195,OK,0
2026-07-10 05:53:17,F2,10.5187,OK,1
2026-07-10 05:53:27,F2,10.5179,OK,0
2026-07-10 05:53:38,F2,10.5170,OK,0
2026-07-10 05:53:48,F2,10.5162,OK,0
2026-07-10 05:53:58,F2,10.5153,OK,0
2026-07-10 05:54:08,F2,10.5145,OK,0
2026-07-10 05:54:18,F2,10.5137,OK,0
2026-07-10 05:54:29,F2,10.5128,OK,0
2026-07-10 05:54:39,F2,10.5119,OK,0
2026-07-10 05:54:49,F2,10.5111,OK,0
2026-07-10 05:54:59,F2,10.5102,OK,0
2026-07-10 05:55:10,F2,10.5094,OK,0
2026-07-10 05:55:20,F2,10.5085,OK,0
2026-07-10 05:55:30,F2,10.5076,OK,0
2026-07-10 05:55:40,F2,10.5068,OK,0
2026-07-10 05:55:51,F2,10.5059,OK,0
2026-07-10 05:56:01,F2,10.5050,OK,0
2026-07-10 05:56:11,F2,10.5042,OK,0
2026-07-10 05:56:22,F2,10.5033,OK,0
2026-07-10 05:56:32,F2,10.5024,OK,0
2026-07-10 05:56:42,F2,10.5015,OK,0
2026-07-10 05:56:52,F2,10.5006,OK,0
2026-07-10 05:57:02,F2,10.4998,OK,0
2026-07-10 05:57:13,F2,10.4989,OK,0
2026-07-10 05:57:23,F2,10.4980,OK,0
2026-07-10 05:57:33,F2,10.4971,OK,0
2026-07-10 05:57:44,F2,10.4962,OK,0
2026-07-10 05:57:54,F2,10.4953,OK,0
2026-07-10 05:58:04,F2,10.4944,OK,0
2026-07-10 05:58:14,F2,10.4935,OK,0
2026-07-10 05:58:25,F2,10.4926,OK,0
2026-07-10 05:58:35,F2,10.4916,OK,0
2026-07-10 05:58:45,F2,10.4907,OK,0
2026-07-10 05:58:55,F2,10.4898,OK,0
2026-07-10 05:59:06,F2,10.4889,OK,0
2026-07-10 05:59:16,F2,10.4880,OK,0
2026-07-10 05:59:26,F2,10.4871,OK,0
2026-07-10 05:59:36,F2,10.4861,OK,0
2026-07-10 05:59:47,F2,10.4852,OK,0
2026-07-10 05:59:57,F2,10.4843,OK,0
2026-07-10 06:00:07,F2,10.4834,OK,0
2026-07-10 06:00:17,F2,10.4824,OK,0
2026-07-10 06:00:28,F2,10.4815,OK,0
2026-07-10 06:00:38,F2,10.4806,OK,0
2026-07-10 06:00:48,F2,10.4796,OK,0
2026-07-10 06:00:58,F2,10.4787,OK,0
2026-07-10 06:01:09,F2,10.4778,OK,0
2026-07-10 06:01:19,F2,10.4768,OK,0
2026-07-10 06:01:29,F2,10.4759,OK,0
2026-07-10 06:01:39,F2,10.4749,OK,0
2026-07-10 06:01:50,F2,10.4740,OK,0
2026-07-10 06:02:00,F2,10.4730,OK,0
2026-07-10 06:02:10,F2,10.4720,OK,0
2026-07-10 06:02:20,F2,10.4711,OK,0
2026-07-10 06:02:31,F2,10.4701,OK,0
2026-07-10 06:02:41,F2,10.4692,OK,0
2026-07-10 06:02:51,F2,10.4682,OK,0
2026-07-10 06:03:01,F2,10.4673,OK,0
2026-07-10 06:03:12,F2,10.4663,OK,0
2026-07-10 06:03:22,F2,10.4654,OK,0
2026-07-10 06:03:32,F2,10.4644,OK,0
2026-07-10 06:03:42,F2,10.4635,OK,0
2026-07-10 06:03:53,F2,10.4626,OK,0
2026-07-10 06:04:03,F2,10.4616,OK,0
2026-07-10 06:04:13,F2,10.4607,OK,0
2026-07-10 06:04:23,F2,10.4598,OK,0
2026-07-10 06:04:34,F2,10.4589,OK,0
2026-07-10 06:04:44,F2,10.4580,OK,0
2026-07-10 06:04:54,F2,10.4571,OK,0
2026-07-10 06:05:04,F2,10.4562,OK,0
2026-07-10 06:05:15,F2,10.4553,OK,0
2026-07-10 06:05:25,F2,10.4545,OK,0
2026-07-10 06:05:35,F2,10.4536,OK,0
2026-07-10 06:05:45,F2,10.4528,OK,0
2026-07-10 06:05:56,F2,10.4519,OK,0
2026-07-10 06:06:06,F2,10.4511,OK,0
2026-07-10 06:06:16,F2,10.4503,OK,0
2026-07-10 06:06:26,F2,10.4495,OK,0
2026-07-10 06:06:37,F2,10.4487,OK,0
2026-07-10 06:06:47,F2,10.4479,OK,0
2026-07-10 06:06:57,F2,10.4471,OK,0
2026-07-10 06:07:07,F2,10.4464,OK,0
2026-07-10 06:07:18,F2,10.4456,OK,0
2026-07-10 06:07:28,F2,10.4449,OK,0
2026-07-10 06:07:38,F2,10.4441,OK,0
2026-07-10 06:07:48,F2,10.4434,OK,0
2026-07-10 06:07:59,F2,10.4427,OK,0
2026-07-10 06:08:09,F2,10.4420,OK,0
2026-07-10 06:08:19,F2,10.4413,OK,0
2026-07-10 06:08:29,F2,10.4407,OK,0
2026-07-10 06:08:40,F2,10.4400,OK,0
2026-07-10 06:08:50,F2,10.4393,OK,0
2026-07-10 06:09:00,F2,10.4387,OK,0
2026-07-10 06:09:10,F2,10.4381,OK,0
2026-07-10 06:09:21,F2,10.4375,OK,0
2026-07-10 06:09:31,F2,10.4369,OK,0
2026-07-10 06:09:41,F2,10.4363,OK,0
2026-07-10 06:09:51,F2,10.4357,OK,0
2026-07-10 06:10:02,F2,10.4351,OK,0
2026-07-10 06:10:12,F2,10.4345,OK,0
2026-07-10 06:10:22,F2,10.4340,OK,0
2026-07-10 06:10:33,F2,10.4334,OK,0
2026-07-10 06:10:43,F2,10.4329,OK,0
2026-07-10 06:10:53,F2,10.4324,OK,0
2026-07-10 06:11:03,F2,10.4319,OK,0
2026-07-10 06:11:13,F2,10.4314,OK,0
2026-07-10 06:11:24,F2,10.4309,OK,0
2026-07-10 06:11:34,F2,10.4304,OK,0
2026-07-10 06:11:44,F2,10.4300,OK,0
2026-07-10 06:11:55,F2,10.4295,OK,0
2026-07-10 06:12:05,F2,10.4291,OK,0
2026-07-10 06:12:15,F2,10.4287,OK,0
2026-07-10 06:12:25,F2,10.4283,OK,1
2026-07-10 06:12:35,F2,10.4279,OK,0
2026-07-10 06:12:46,F2,10.4275,OK,0
2026-07-10 06:12:56,F2,10.4271,OK,0
2026-07-10 06:13:06,F2,10.4267,OK,0
2026-07-10 06:13:17,F2,10.4263,OK,0
2026-07-10 06:13:27,F2,10.4260,OK,1
2026-07-10 06:13:37,F2,10.4257,OK,0
2026-07-10 06:13:47,F2,10.4253,OK,0
2026-07-10 06:13:58,F2,10.4250,OK,0
2026-07-10 06:14:08,F2,10.4247,OK,1
2026-07-10 06:14:18,F2,10.4244,OK,0
2026-07-10 06:14:28,F2,10.4241,OK,0
2026-07-10 06:14:39,F2,10.4238,OK,0
2026-07-10 06:14:49,F2,10.4235,OK,0
2026-07-10 06:14:59,F2,10.4232,OK,0
2026-07-10 06:15:09,F2,10.4230,OK,0
2026-07-10 06:15:20,F2,10.4227,OK,0
2026-07-10 06:15:30,F2,10.4225,OK,0
2026-07-10 06:15:40,F2,10.4222,OK,0
2026-07-10 06:15:50,F2,10.4220,OK,0
2026-07-10 06:16:01,F2,10.4218,OK,0
2026-07-10 06:16:11,F2,10.4216,OK,1
2026-07-10 06:16:21,F2,10.4213,OK,0
2026-07-10 06:16:31,F2,10.4211,OK,0
2026-07-10 06:16:42,F2,10.4209,OK,0
2026-07-10 06:16:52,F2,10.4207,OK,0
2026-07-10 06:17:02,F2,10.4206,OK,0
2026-07-10 06:17:12,F2,10.4204,OK,0
2026-07-10 06:17:23,F2,10.4202,OK,0
2026-07-10 06:17:33,F2,10.4201,OK,0
2026-07-10 06:17:43,F2,10.4199,OK,0
2026-07-10 06:17:53,F2,10.4198,OK,0
2026-07-10 06:18:04,F2,10.4197,OK,0
2026-07-10 06:18:14,F2,10.4196,OK,0
2026-07-10 06:18:24,F2,10.4195,OK,0
2026-07-10 06:18:34,F2,10.4194,OK,0
2026-07-10 06:18:45,F2,10.4193,OK,0
2026-07-10 06:18:55,F2,10.4192,OK,0
2026-07-10 06:19:05,F2,10.4192,OK,0
2026-07-10 06:19:15,F2,10.4192,OK,0
2026-07-10 06:19:26,F2,10.4191,OK,0
2026-07-10 06:19:36,F2,10.4191,OK,0
2026-07-10 06:19:46,F2,10.4191,OK,0
2026-07-10 06:19:56,F2,10.4191,OK,0
2026-07-10 06:20:07,F2,10.4191,OK,0
2026-07-10 06:20:17,F2,10.4192,OK,0
2026-07-10 06:20:27,F2,10.4192,OK,0
2026-07-10 06:20:37,F2,10.4193,OK,0
2026-07-10 06:20:48,F2,10.4194,OK,0
2026-07-10 06:20:58,F2,10.4194,OK,0
2026-07-10 06:21:08,F2,10.4195,OK,0
2026-07-10 06:21:18,F2,10.4197,OK,0
2026-07-10 06:21:29,F2,10.4198,OK,0
2026-07-10 06:21:39,F2,10.4199,OK,0
2026-07-10 06:21:49,F2,10.4200,OK,0
2026-07-10 06:21:59,F2,10.4202,OK,0
2026-07-10 06:22:10,F2,10.4204,OK,0
2026-07-10 06:22:20,F2,10.4205,OK,0
2026-07-10 06:22:30,F2,10.4207,OK,0
2026-07-10 06:22:40,F2,10.4209,OK,0
2026-07-10 06:22:51,F2,10.4211,OK,0
2026-07-10 06:23:01,F2,10.4214,OK,0
2026-07-10 06:23:11,F2,10.4216,OK,0
2026-07-10 06:23:21,F2,10.4218,OK,0
2026-07-10 06:23:32,F2,10.4221,OK,0
2026-07-10 06:23:42,F2,10.4223,OK,0
2026-07-10 06:23:52,F2,10.4226,OK,0
2026-07-10 06:24:02,F2,10.4229,OK,0
2026-07-10 06:24:13,F2,10.4232,OK,0
2026-07-10 06:24:23,F2,10.4235,OK,0
2026-07-10 06:24:33,F2,10.4238,OK,0
2026-07-10 06:24:43,F2,10.4241,OK,0
2026-07-10 06:24:54,F2,10.4244,OK,0
2026-07-10 06:25:04,F2,10.4247,OK,0
2026-07-10 06:25:14,F2,10.4251,OK,0
2026-07-10 06:25:24,F2,10.4254,OK,0
2026-07-10 06:25:35,F2,10.4258,OK,0
2026-07-10 06:25:45,F2,10.4261,OK,0
2026-07-10 06:25:55,F2,10.4265,OK,0
2026-07-10 06:26:05,F2,10.4269,OK,0
2026-07-10 06:26:16,F2,10.4272,OK,0
2026-07-10 06:26:26,F2,10.4276,OK,0
2026-07-10 06:26:36,F2,10.4280,OK,1
2026-07-10 06:26:46,F2,10.4284,OK,0
2026-07-10 06:26:57,F2,10.4288,OK,0
2026-07-10 06:27:07,F2,10.4293,OK,0
2026-07-10 06:27:17,F2,10.4297,OK,0
2026-07-10 06:27:27,F2,10.4301,OK,0
2026-07-10 06:27:38,F2,10.4306,OK,0
2026-07-10 06:27:48,F2,10.4310,OK,0
2026-07-10 06:27:58,F2,10.4314,OK,0
2026-07-10 06:28:08,F2,10.4319,OK,0
2026-07-10 06:28:19,F2,10.4324,OK,0
2026-07-10 06:28:29,F2,10.4328,OK,0
2026-07-10 06:28:39,F2,10.4333,OK,0
2026-07-10 06:28:49,F2,10.4338,OK,0
2026-07-10 06:29:00,F2,10.4343,OK,1
2026-07-10 06:29:10,F2,10.4348,OK,0
2026-07-10 06:29:20,F2,10.4353,OK,0
2026-07-10 06:29:31,F2,10.4358,OK,0
2026-07-10 06:29:41,F2,10.4363,OK,0
2026-07-10 06:29:51,F2,10.4368,OK,0
2026-07-10 06:30:01,F2,10.4373,OK,0
2026-07-10 06:30:12,F2,10.4379,OK,0
2026-07-10 06:30:22,F2,10.4384,OK,0
2026-07-10 06:30:32,F2,10.4389,OK,0
2026-07-10 06:30:42,F2,10.4395,OK,0
2026-07-10 06:30:53,F2,10.4400,OK,0
2026-07-10 06:31:03,F2,10.4405,OK,0
2026-07-10 06:31:13,F2,10.4411,OK,0
2026-07-10 06:31:23,F2,10.4416,OK,0
2026-07-10 06:31:34,F2,10.4422,OK,0
2026-07-10 06:31:44,F2,10.4427,OK,0
2026-07-10 06:31:54,F2,10.4433,OK,0
2026-07-10 06:32:04,F2,10.4438,OK,0
2026-07-10 06:32:14,F2,10.4444,OK,0
2026-07-10 06:32:25,F2,10.4449,OK,0
2026-07-10 06:32:35,F2,10.4455,OK,0
2026-07-10 06:32:45,F2,10.4460,OK,0
2026-07-10 06:32:56,F2,10.4466,OK,0
2026-07-10 06:33:06,F2,10.4471,OK,0
2026-07-10 06:33:16,F2,10.4476,OK,0
2026-07-10 06:33:26,F2,10.4482,OK,0
2026-07-10 06:33:37,F2,10.4487,OK,0
2026-07-10 06:33:47,F2,10.4493,OK,0
2026-07-10 06:33:57,F2,10.4498,OK,0
2026-07-10 06:34:07,F2,10.4503,OK,0
2026-07-10 06:34:18,F2,10.4509,OK,0
2026-07-10 06:34:28,F2,10.4514,OK,0
2026-07-10 06:34:38,F2,10.4519,OK,0
2026-07-10 06:34:48,F2,10.4525,OK,0
2026-07-10 06:34:59,F2,10.4530,OK,0
2026-07-10 06:35:09,F2,10.4535,OK,0
2026-07-10 06:35:19,F2,10.4540,OK,0
2026-07-10 06:35:29,F2,10.4546,OK,0
2026-07-10 06:35:40,F2,10.4551,OK,0
2026-07-10 06:35:50,F2,10.4556,OK,0
2026-07-10 06:36:00,F2,10.4561,OK,0
2026-07-10 06:36:10,F2,10.4566,OK,0
2026-07-10 06:36:21,F2,10.4571,OK,0
2026-07-10 06:36:31,F2,10.4576,OK,0
2026-07-10 06:36:41,F2,10.4581,OK,0
2026-07-10 06:36:52,F2,10.4586,OK,0
2026-07-10 06:37:02,F2,10.4591,OK,0
2026-07-10 06:37:12,F2,10.4596,OK,0
2026-07-10 06:37:22,F2,10.4600,OK,0
2026-07-10 06:37:33,F2,10.4605,OK,0
2026-07-10 06:37:43,F2,10.4610,OK,0
2026-07-10 06:37:53,F2,10.4614,OK,0
2026-07-10 06:38:03,F2,10.4619,OK,1
2026-07-10 06:38:14,F2,10.4623,OK,0
2026-07-10 06:38:24,F2,10.4628,OK,0
2026-07-10 06:38:34,F2,10.4632,OK,0
2026-07-10 06:38:44,F2,10.4636,OK,0
2026-07-10 06:38:55,F2,10.4640,OK,0
2026-07-10 06:39:05,F2,10.4645,OK,0
2026-07-10 06:39:15,F2,10.4649,OK,0
2026-07-10 06:39:25,F2,10.4653,OK,0
2026-07-10 06:39:36,F2,10.4656,OK,0
2026-07-10 06:39:46,F2,10.4660,OK,0
2026-07-10 06:39:56,F2,10.4664,OK,0
2026-07-10 06:40:06,F2,10.4667,OK,0
2026-07-10 06:40:17,F2,10.4671,OK,0
2026-07-10 06:40:27,F2,10.4674,OK,0
2026-07-10 06:40:37,F2,10.4678,OK,0
2026-07-10 06:40:47,F2,10.4681,OK,0
2026-07-10 06:40:57,F2,10.4684,OK,0
2026-07-10 06:41:08,F2,10.4687,OK,0
2026-07-10 06:41:18,F2,10.4690,OK,1
2026-07-10 06:41:28,F2,10.4692,OK,0
2026-07-10 06:41:38,F2,10.4695,OK,0
2026-07-10 06:41:49,F2,10.4698,OK,0
2026-07-10 06:41:59,F2,10.4700,OK,0
2026-07-10 06:42:09,F2,10.4702,OK,0
2026-07-10 06:42:19,F2,10.4705,OK,0
2026-07-10 06:42:30,F2,10.4707,OK,0
2026-07-10 06:42:40,F2,10.4708,OK,0
2026-07-10 06:42:50,F2,10.4710,OK,0
2026-07-10 06:43:01,F2,10.4712,OK,0
2026-07-10 06:43:11,F2,10.4713,OK,0
2026-07-10 06:43:21,F2,10.4715,OK,0
2026-07-10 06:43:31,F2,10.4716,OK,0
2026-07-10 06:43:42,F2,10.4717,OK,0
2026-07-10 06:43:52,F2,10.4718,OK,0
2026-07-10 06:44:02,F2,10.4719,OK,0
2026-07-10 06:44:12,F2,10.4720,OK,0
2026-07-10 06:44:22,F2,10.4721,OK,0
2026-07-10 06:44:33,F2,10.4721,OK,0
2026-07-10 06:44:43,F2,10.4722,OK,0
2026-07-10 06:44:53,F2,10.4722,OK,0
2026-07-10 06:45:04,F2,10.4723,OK,0
2026-07-10 06:45:14,F2,10.4723,OK,0
2026-07-10 06:45:24,F2,10.4723,OK,0
2026-07-10 06:45:34,F2,10.4723,OK,0
2026-07-10 06:45:45,F2,10.4722,OK,0
2026-07-10 06:45:55,F2,10.4722,OK,0
2026-07-10 06:46:05,F2,10.4722,OK,0
2026-07-10 06:46:15,F2,10.4721,OK,0
2026-07-10 06:46:26,F2,10.4721,OK,0
2026-07-10 06:46:36,F2,10.4720,OK,0
2026-07-10 06:46:46,F2,10.4719,OK,0
2026-07-10 06:46:56,F2,10.4718,OK,0
2026-07-10 06:47:07,F2,10.4717,OK,0
2026-07-10 06:47:17,F2,10.4716,OK,0
2026-07-10 06:47:27,F2,10.4715,OK,0
2026-07-10 06:47:37,F2,10.4713,OK,0
2026-07-10 06:47:48,F2,10.4712,OK,0
2026-07-10 06:47:58,F2,10.4710,OK,0
2026-07-10 06:48:08,F2,10.4708,OK,0
2026-07-10 06:48:18,F2,10.4707,OK,0
2026-07-10 06:48:29,F2,10.4705,OK,0
2026-07-10 06:48:39,F2,10.4703,OK,0
2026-07-10 06:48:49,F2,10.4701,OK,0
2026-07-10 06:48:59,F2,10.4699,OK,0
2026-07-10 06:49:10,F2,10.4696,OK,0
2026-07-10 06:49:20,F2,10.4694,OK,0
2026-07-10 06:49:30,F2,10.4692,OK,0
2026-07-10 06:49:40,F2,10.4689,OK,0
2026-07-10 06:49:51,F2,10.4686,OK,0
2026-07-10 06:50:01,F2,10.4683,OK,0
2026-07-10 06:50:11,F2,10.4680,OK,0
2026-07-10 06:50:21,F2,10.4677,OK,0
2026-07-10 06:50:32,F2,10.4674,OK,0
2026-07-10 06:50:42,F2,10.4671,OK,0
2026-07-10 06:50:52,F2,10.4668,OK,0
2026-07-10 06:51:02,F2,10.4664,OK,0
2026-07-10 06:51:13,F2,10.4661,OK,0
2026-07-10 06:51:23,F2,10.4657,OK,0
2026-07-10 06:51:33,F2,10.4653,OK,0
2026-07-10 06:51:44,F2,10.4649,OK,0
2026-07-10 06:51:54,F2,10.4645,OK,0
2026-07-10 06:52:04,F2,10.4641,OK,0
2026-07-10 06:52:14,F2,10.4637,OK,0
2026-07-10 06:52:25,F2,10.4632,OK,0
2026-07-10 06:52:35,F2,10.4628,OK,0
2026-07-10 06:52:45,F2,10.4623,OK,0
2026-07-10 06:52:55,F2,10.4619,OK,0
2026-07-10 06:53:06,F2,10.4614,OK,0
2026-07-10 06:53:16,F2,10.4609,OK,0
2026-07-10 06:53:26,F2,10.4604,OK,0
2026-07-10 06:53:36,F2,10.4598,OK,0
2026-07-10 06:53:47,F2,10.4593,OK,0
2026-07-10 06:53:57,F2,10.4587,OK,0
2026-07-10 06:54:07,F2,10.4582,OK,0
2026-07-10 06:54:17,F2,10.4576,OK,0
2026-07-10 06:54:28,F2,10.4570,OK,1
2026-07-10 06:54:38,F2,10.4564,OK,0
2026-07-10 06:54:48,F2,10.4558,OK,0
2026-07-10 06:54:58,F2,10.4552,OK,0
2026-07-10 06:55:09,F2,10.4545,OK,0
2026-07-10 06:55:19,F2,10.4539,OK,0
2026-07-10 06:55:29,F2,10.4533,OK,0
2026-07-10 06:55:39,F2,10.4526,OK,0
2026-07-10 06:55:50,F2,10.4519,OK,0
2026-07-10 06:56:00,F2,10.4512,OK,0
2026-07-10 06:56:10,F2,10.4505,OK,0
2026-07-10 06:56:20,F2,10.4498,OK,0
2026-07-10 06:56:31,F2,10.4491,OK,0
2026-07-10 06:56:41,F2,10.4484,OK,0
2026-07-10 06:56:51,F2,10.4476,OK,0
2026-07-10 06:57:01,F2,10.4469,OK,0
2026-07-10 06:57:12,F2,10.4461,OK,0
2026-07-10 06:57:22,F2,10.4453,OK,0
2026-07-10 06:57:32,F2,10.4445,OK,0
2026-07-10 06:57:42,F2,10.4437,OK,0
2026-07-10 06:57:53,F2,10.4429,OK,0
2026-07-10 06:58:03,F2,10.4421,OK,0
2026-07-10 06:58:13,F2,10.4413,OK,0
2026-07-10 06:58:23,F2,10.4404,OK,0
2026-07-10 06:58:34,F2,10.4396,OK,0
2026-07-10 06:58:44,F2,10.4387,OK,0
2026-07-10 06:58:54,F2,10.4378,OK,0
2026-07-10 06:59:04,F2,10.4369,OK,0
2026-07-10 06:59:15,F2,10.4360,OK,0
2026-07-10 06:59:25,F2,10.4351,OK,0
2026-07-10 06:59:35,F2,10.4341,OK,0
2026-07-10 06:59:45,F2,10.4332,OK,0
2026-07-10 06:59:56,F2,10.4322,OK,0
2026-07-10 07:00:06,F2,10.4313,OK,0
2026-07-10 07:00:16,F2,10.4303,OK,0
2026-07-10 07:00:26,F2,10.4293,OK,0
2026-07-10 07:00:37,F2,10.4283,OK,0
2026-07-10 07:00:47,F2,10.4273,OK,0
2026-07-10 07:00:57,F2,10.4263,OK,0
2026-07-10 07:01:08,F2,10.4253,OK,0
2026-07-10 07:01:18,F2,10.4243,OK,0
2026-07-10 07:01:28,F2,10.4233,OK,0
2026-07-10 07:01:38,F2,10.4223,OK,0
2026-07-10 07:01:48,F2,10.4212,OK,0
2026-07-10 07:01:59,F2,10.4202,OK,0
2026-07-10 07:02:09,F2,10.4191,OK,0
2026-07-10 07:02:19,F2,10.4181,OK,0
2026-07-10 07:02:30,F2,10.4170,OK,0
2026-07-10 07:02:40,F2,10.4159,OK,0
2026-07-10 07:02:50,F2,10.4149,OK,0
2026-07-10 07:03:00,F2,10.4138,OK,0
2026-07-10 07:03:11,F2,10.4127,OK,0
2026-07-10 07:03:21,F2,10.4116,OK,0
2026-07-10 07:03:31,F2,10.4105,OK,0
2026-07-10 07:03:41,F2,10.4094,OK,0
2026-07-10 07:03:52,F2,10.4083,OK,0
2026-07-10 07:04:02,F2,10.4072,OK,0
2026-07-10 07:04:12,F2,10.4061,OK,0
2026-07-10 07:04:22,F2,10.4050,OK,0
2026-07-10 07:04:33,F2,10.4039,OK,0
2026-07-10 07:04:43,F2,10.4028,OK,0
2026-07-10 07:04:53,F2,10.4017,OK,0
2026-07-10 07:05:03,F2,10.4005,OK,0
2026-07-10 07:05:14,F2,10.3994,OK,0
2026-07-10 07:05:24,F2,10.3983,OK,0
2026-07-10 07:05:34,F2,10.3971,OK,0
2026-07-10 07:05:44,F2,10.3960,OK,0
2026-07-10 07:05:55,F2,10.3949,OK,0
2026-07-10 07:06:05,F2,10.3937,OK,0
2026-07-10 07:06:15,F2,10.3925,OK,0
2026-07-10 07:06:25,F2,10.3914,OK,0
2026-07-10 07:06:36,F2,10.3902,OK,0
2026-07-10 07:06:46,F2,10.3891,OK,0
2026-07-10 07:06:56,F2,10.3879,OK,0
2026-07-10 07:07:06,F2,10.3867,OK,0
2026-07-10 07:07:17,F2,10.3856,OK,0
2026-07-10 07:07:27,F2,10.3844,OK,1
2026-07-10 07:07:37,F2,10.3832,OK,0
2026-07-10 07:07:47,F2,10.3820,OK,0
2026-07-10 07:07:57,F2,10.3809,OK,1
2026-07-10 07:08:08,F2,10.3797,OK,0
2026-07-10 07:08:18,F2,10.3785,OK,0
2026-07-10 07:08:28,F2,10.3773,OK,0
2026-07-10 07:08:39,F2,10.3761,OK,0
2026-07-10 07:08:49,F2,10.3749,OK,0
2026-07-10 07:08:59,F2,10.3737,OK,0
2026-07-10 07:09:09,F2,10.3725,OK,0
2026-07-10 07:09:20,F2,10.3713,OK,0
2026-07-10 07:09:30,F2,10.3701,OK,0
2026-07-10 07:09:40,F2,10.3689,OK,0
2026-07-10 07:09:50,F2,10.3676,OK,0
2026-07-10 07:10:01,F2,10.3664,OK,0
2026-07-10 07:10:11,F2,10.3652,OK,0
2026-07-10 07:10:21,F2,10.3640,OK,0
2026-07-10 07:10:31,F2,10.3628,OK,0
2026-07-10 07:10:42,F2,10.3615,OK,1
2026-07-10 07:10:52,F2,10.3603,OK,0
2026-07-10 07:11:02,F2,10.3591,OK,0
2026-07-10 07:11:12,F2,10.3579,OK,0
2026-07-10 07:11:23,F2,10.3566,OK,0
2026-07-10 07:11:33,F2,10.3554,OK,0
2026-07-10 07:11:43,F2,10.3542,OK,0
2026-07-10 07:11:53,F2,10.3529,OK,0
2026-07-10 07:12:04,F2,10.3517,OK,0
2026-07-10 07:12:14,F2,10.3504,OK,0
2026-07-10 07:12:24,F2,10.3492,OK,0
2026-07-10 07:12:34,F2,10.3479,OK,0
2026-07-10 07:12:45,F2,10.3467,OK,0
2026-07-10 07:12:55,F2,10.3454,OK,0
2026-07-10 07:13:05,F2,10.3441,OK,0
2026-07-10 07:13:15,F2,10.3428,OK,0
2026-07-10 07:13:26,F2,10.3415,OK,0
2026-07-10 07:13:36,F2,10.3402,OK,0
2026-07-10 07:13:46,F2,10.3389,OK,0
2026-07-10 07:13:56,F2,10.3376,OK,0
2026-07-10 07:14:07,F2,10.3363,OK,0
2026-07-10 07:14:17,F2,10.3350,OK,0
2026-07-10 07:14:27,F2,10.3337,OK,0
2026-07-10 07:14:38,F2,10.3323,OK,0
2026-07-10 07:14:48,F2,10.3310,OK,0
2026-07-10 07:14:58,F2,10.3296,OK,0
2026-07-10 07:15:08,F2,10.3283,OK,0
2026-07-10 07:15:18,F2,10.3269,OK,0
2026-07-10 07:15:29,F2,10.3256,OK,0
2026-07-10 07:15:39,F2,10.3242,OK,0
2026-07-10 07:15:49,F2,10.3229,OK,0
2026-07-10 07:16:00,F2,10.3215,OK,0
2026-07-10 07:16:10,F2,10.3201,OK,0
2026-07-10 07:16:20,F2,10.3187,OK,0
2026-07-10 07:16:30,F2,10.3174,OK,0
2026-07-10 07:16:41,F2,10.3160,OK,0
2026-07-10 07:16:51,F2,10.3146,OK,0
2026-07-10 07:17:01,F2,10.3132,OK,0
2026-07-10 07:17:11,F2,10.3118,OK,0
2026-07-10 07:17:22,F2,10.3104,OK,0
2026-07-10 07:17:32,F2,10.3090,OK,0
2026-07-10 07:17:42,F2,10.3076,OK,0
2026-07-10 07:17:52,F2,10.3062,OK,0
2026-07-10 07:18:03,F2,10.3049,OK,0
2026-07-10 07:18:13,F2,10.3035,OK,0
2026-07-10 07:18:23,F2,10.3021,OK,0
2026-07-10 07:18:33,F2,10.3007,OK,0
2026-07-10 07:18:44,F2,10.2993,OK,0
2026-07-10 07:18:54,F2,10.2979,OK,0
2026-07-10 07:19:04,F2,10.2965,OK,0
2026-07-10 07:19:14,F2,10.2951,OK,0
2026-07-10 07:19:25,F2,10.2937,OK,0
2026-07-10 07:19:35,F2,10.2923,OK,0
2026-07-10 07:19:45,F2,10.2909,OK,0
2026-07-10 07:19:55,F2,10.2895,OK,0
2026-07-10 07:20:06,F2,10.2881,OK,0
2026-07-10 07:20:16,F2,10.2867,OK,0
2026-07-10 07:20:26,F2,10.2854,OK,0
2026-07-10 07:20:36,F2,10.2840,OK,0
2026-07-10 07:20:47,F2,10.2826,OK,0
2026-07-10 07:20:57,F2,10.2812,OK,0
2026-07-10 07:21:07,F2,10.2798,OK,0
2026-07-10 07:21:17,F2,10.2784,OK,0
2026-07-10 07:21:28,F2,10.2771,OK,0
2026-07-10 07:21:38,F2,10.2757,OK,0
2026-07-10 07:21:48,F2,10.2743,OK,0
2026-07-10 07:21:58,F2,10.2730,OK,0
2026-07-10 07:22:09,F2,10.2716,OK,0
2026-07-10 07:22:19,F2,10.2703,OK,1
2026-07-10 07:22:29,F2,10.2689,OK,0
2026-07-10 07:22:39,F2,10.2676,OK,0
2026-07-10 07:22:50,F2,10.2662,OK,0
2026-07-10 07:23:00,F2,10.2649,OK,0
2026-07-10 07:23:10,F2,10.2636,OK,0
2026-07-10 07:23:20,F2,10.2622,OK,0
2026-07-10 07:23:31,F2,10.2609,OK,0
2026-07-10 07:23:41,F2,10.2596,OK,0
2026-07-10 07:23:51,F2,10.2583,OK,0
2026-07-10 07:24:01,F2,10.2569,OK,0
2026-07-10 07:24:12,F2,10.2556,OK,0
2026-07-10 07:24:22,F2,10.2543,OK,0
2026-07-10 07:24:32,F2,10.2530,OK,0
2026-07-10 07:24:42,F2,10.2517,OK,0
2026-07-10 07:24:53,F2,10.2504,OK,0
2026-07-10 07:25:03,F2,10.2491,OK,0
2026-07-10 07:25:13,F2,10.2478,OK,0
2026-07-10 07:25:23,F2,10.2466,OK,1
2026-07-10 07:25:34,F2,10.2453,OK,0
2026-07-10 07:25:44,F2,10.2440,OK,0
2026-07-10 07:25:54,F2,10.2427,OK,0
2026-07-10 07:26:04,F2,10.2414,OK,0
2026-07-10 07:26:15,F2,10.2402,OK,0
2026-07-10 07:26:25,F2,10.2389,OK,0
2026-07-10 07:26:35,F2,10.2376,OK,0
2026-07-10 07:26:46,F2,10.2363,OK,0
2026-07-10 07:26:56,F2,10.2351,OK,0
2026-07-10 07:27:06,F2,10.2338,OK,0
2026-07-10 07:27:16,F2,10.2325,OK,0
2026-07-10 07:27:27,F2,10.2313,OK,0
2026-07-10 07:27:37,F2,10.2300,OK,0
2026-07-10 07:27:47,F2,10.2287,OK,0
2026-07-10 07:27:57,F2,10.2274,OK,0
2026-07-10 07:28:08,F2,10.2261,OK,0
2026-07-10 07:28:18,F2,10.2249,OK,0
2026-07-10 07:28:28,F2,10.2236,OK,0
2026-07-10 07:28:38,F2,10.2223,OK,0
2026-07-10 07:28:49,F2,10.2210,OK,0
2026-07-10 07:28:59,F2,10.2197,OK,0
2026-07-10 07:29:09,F2,10.2184,OK,0
2026-07-10 07:29:19,F2,10.2171,OK,0
2026-07-10 07:29:30,F2,10.2159,OK,0
2026-07-10 07:29:40,F2,10.2146,OK,0
2026-07-10 07:29:50,F2,10.2133,OK,0
2026-07-10 07:30:00,F2,10.2120,OK,0
2026-07-10 07:30:11,F2,10.2107,OK,0
2026-07-10 07:30:21,F2,10.2094,OK,0
2026-07-10 07:30:31,F2,10.2082,OK,0
2026-07-10 07:30:41,F2,10.2069,OK,0
2026-07-10 07:30:52,F2,10.2056,OK,0
2026-07-10 07:31:02,F2,10.2044,OK,0
2026-07-10 07:31:12,F2,10.2031,OK,0
2026-07-10 07:31:22,F2,10.2019,OK,0
2026-07-10 07:31:33,F2,10.2006,OK,0
2026-07-10 07:31:43,F2,10.1994,OK,0
2026-07-10 07:31:53,F2,10.1981,OK,0
2026-07-10 07:32:03,F2,10.1969,OK,0
2026-07-10 07:32:14,F2,10.1957,OK,0
2026-07-10 07:32:24,F2,10.1945,OK,0
2026-07-10 07:32:34,F2,10.1932,OK,0
2026-07-10 07:32:44,F2,10.1920,OK,0
2026-07-10 07:32:55,F2,10.1908,OK,0
2026-07-10 07:33:05,F2,10.1896,OK,0
2026-07-10 07:33:15,F2,10.1884,OK,0
2026-07-10 07:33:26,F2,10.1872,OK,0
2026-07-10 07:33:36,F2,10.1861,OK,0
2026-07-10 07:33:46,F2,10.1849,OK,0
2026-07-10 07:33:56,F2,10.1837,OK,0
2026-07-10 07:34:07,F2,10.1825,OK,0
2026-07-10 07:34:17,F2,10.1814,OK,0
2026-07-10 07:34:27,F2,10.1802,OK,0
2026-07-10 07:34:37,F2,10.1791,OK,0
2026-07-10 07:34:48,F2,10.1780,OK,0
2026-07-10 07:34:58,F2,10.1768,OK,0
2026-07-10 07:35:08,F2,10.1757,OK,0
2026-07-10 07:35:18,F2,10.1746,OK,0
2026-07-10 07:35:29,F2,10.1735,OK,0
2026-07-10 07:35:39,F2,10.1724,OK,0
2026-07-10 07:35:49,F2,10.1713,OK,0
2026-07-10 07:35:59,F2,10.1702,OK,0
2026-07-10 07:36:10,F2,10.1692,OK,0
2026-07-10 07:36:20,F2,10.1681,OK,0
2026-07-10 07:36:30,F2,10.1670,OK,0
2026-07-10 07:36:40,F2,10.1660,OK,0
2026-07-10 07:36:51,F2,10.1649,OK,0
2026-07-10 07:37:01,F2,10.1639,OK,0
2026-07-10 07:37:11,F2,10.1629,OK,0
2026-07-10 07:37:21,F2,10.1618,OK,0
2026-07-10 07:37:31,F2,10.1608,OK,0
2026-07-10 07:37:42,F2,10.1598,OK,0
2026-07-10 07:37:52,F2,10.1588,OK,0
2026-07-10 07:38:02,F2,10.1578,OK,0
2026-07-10 07:38:12,F2,10.1568,OK,0
2026-07-10 07:38:23,F2,10.1558,OK,0
2026-07-10 07:38:33,F2,10.1548,OK,0
2026-07-10 07:38:43,F2,10.1538,OK,0
2026-07-10 07:38:53,F2,10.1528,OK,0
2026-07-10 07:39:04,F2,10.1519,OK,0
2026-07-10 07:39:14,F2,10.1509,OK,0
2026-07-10 07:39:24,F2,10.1499,OK,0
2026-07-10 07:39:35,F2,10.1490,OK,0
2026-07-10 07:39:45,F2,10.1480,OK,0
2026-07-10 07:39:55,F2,10.1470,OK,0
2026-07-10 07:40:05,F2,10.1461,OK,0
2026-07-10 07:40:16,F2,10.1451,OK,0
2026-07-10 07:40:26,F2,10.1441,OK,0
2026-07-10 07:40:36,F2,10.1432,OK,0
2026-07-10 07:40:46,F2,10.1422,OK,0
2026-07-10 07:40:57,F2,10.1412,OK,0
2026-07-10 07:41:07,F2,10.1403,OK,0
2026-07-10 07:41:17,F2,10.1393,OK,0
2026-07-10 07:41:27,F2,10.1383,OK,0
2026-07-10 07:41:38,F2,10.1374,OK,0
2026-07-10 07:41:48,F2,10.1364,OK,0
2026-07-10 07:41:58,F2,10.1354,OK,0
2026-07-10 07:42:08,F2,10.1344,OK,0
2026-07-10 07:42:19,F2,10.1335,OK,0
2026-07-10 07:42:29,F2,10.1325,OK,0
2026-07-10 07:42:39,F2,10.1315,OK,0
2026-07-10 07:42:49,F2,10.1305,OK,0
2026-07-10 07:43:00,F2,10.1295,OK,0
2026-07-10 07:43:10,F2,10.1286,OK,0
2026-07-10 07:43:20,F2,10.1276,OK,0
2026-07-10 07:43:30,F2,10.1266,OK,0
2026-07-10 07:43:40,F2,10.1256,OK,0
2026-07-10 07:43:51,F2,10.1247,OK,0
2026-07-10 07:44:01,F2,10.1237,OK,0
2026-07-10 07:44:11,F2,10.1227,OK,0
2026-07-10 07:44:22,F2,10.1217,OK,0
2026-07-10 07:44:32,F2,10.1208,OK,0
2026-07-10 07:44:42,F2,10.1198,OK,0
2026-07-10 07:44:52,F2,10.1188,OK,0
2026-07-10 07:45:03,F2,10.1178,OK,0
2026-07-10 07:45:13,F2,10.1169,OK,0
2026-07-10 07:45:23,F2,10.1159,OK,0
2026-07-10 07:45:33,F2,10.1149,OK,0
2026-07-10 07:45:44,F2,10.1140,OK,0
2026-07-10 07:45:54,F2,10.1130,OK,0
2026-07-10 07:46:04,F2,10.1120,OK,0
2026-07-10 07:46:15,F2,10.1111,OK,0
2026-07-10 07:46:25,F2,10.1101,OK,0
2026-07-10 07:46:35,F2,10.1091,OK,0
2026-07-10 07:46:45,F2,10.1082,OK,0
2026-07-10 07:46:56,F2,10.1072,OK,0
2026-07-10 07:47:06,F2,10.1062,OK,0
2026-07-10 07:47:16,F2,10.1052,OK,0
2026-07-10 07:47:26,F2,10.1043,OK,0
2026-07-10 07:47:37,F2,10.1033,OK,0
2026-07-10 07:47:47,F2,10.1023,OK,0
2026-07-10 07:47:57,F2,10.1013,OK,0
2026-07-10 07:48:07,F2,10.1004,OK,0
2026-07-10 07:48:18,F2,10.0994,OK,0
2026-07-10 07:48:28,F2,10.0984,OK,0
2026-07-10 07:48:38,F2,10.0974,OK,0
2026-07-10 07:48:48,F2,10.0964,OK,0
2026-07-10 07:48:58,F2,10.0954,OK,0
2026-07-10 07:49:09,F2,10.0944,OK,0
2026-07-10 07:49:19,F2,10.0934,OK,0
2026-07-10 07:49:29,F2,10.0924,OK,0
2026-07-10 07:49:39,F2,10.0914,OK,0
2026-07-10 07:49:50,F2,10.0904,OK,0
2026-07-10 07:50:00,F2,10.0894,OK,0
2026-07-10 07:50:10,F2,10.0884,OK,0
2026-07-10 07:50:21,F2,10.0874,OK,0
2026-07-10 07:50:31,F2,10.0864,OK,0
2026-07-10 07:50:41,F2,10.0854,OK,1
2026-07-10 07:50:51,F2,10.0844,OK,0
2026-07-10 07:51:02,F2,10.0834,OK,0
2026-07-10 07:51:12,F2,10.0824,OK,0
2026-07-10 07:51:22,F2,10.0814,OK,0
2026-07-10 07:51:32,F2,10.0803,OK,0
2026-07-10 07:51:43,F2,10.0793,OK,0
2026-07-10 07:51:53,F2,10.0783,OK,0
2026-07-10 07:52:04,F2,10.0773,OK,0
2026-07-10 07:52:14,F2,10.0763,OK,0
2026-07-10 07:52:24,F2,10.0753,OK,0
2026-07-10 07:52:34,F2,10.0743,OK,0
2026-07-10 07:52:45,F2,10.0733,OK,0
2026-07-10 07:52:55,F2,10.0723,OK,0
2026-07-10 07:53:05,F2,10.0712,OK,0
2026-07-10 07:53:15,F2,10.0702,OK,0
2026-07-10 07:53:26,F2,10.0692,OK,0
2026-07-10 07:53:36,F2,10.0682,OK,0
2026-07-10 07:53:46,F2,10.0671,OK,0
2026-07-10 07:53:56,F2,10.0661,OK,0
2026-07-10 07:54:07,F2,10.0651,OK,0
2026-07-10 07:54:17,F2,10.0641,OK,0
2026-07-10 07:54:27,F2,10.0630,OK,0
2026-07-10 07:54:37,F2,10.0620,OK,0
2026-07-10 07:54:48,F2,10.0610,OK,0
2026-07-10 07:54:58,F2,10.0599,OK,0
2026-07-10 07:55:08,F2,10.0589,OK,0
2026-07-10 07:55:18,F2,10.0579,OK,0
2026-07-10 07:55:29,F2,10.0568,OK,0
2026-07-10 07:55:39,F2,10.0558,OK,0
2026-07-10 07:55:49,F2,10.0548,OK,0
2026-07-10 07:55:59,F2,10.0537,OK,0
2026-07-10 07:56:10,F2,10.0527,OK,0
2026-07-10 07:56:20,F2,10.0517,OK,0
2026-07-10 07:56:30,F2,10.0506,OK,0
2026-07-10 07:56:40,F2,10.0496,OK,0
2026-07-10 07:56:51,F2,10.0486,OK,0
2026-07-10 07:57:01,F2,10.0476,OK,1
2026-07-10 07:57:11,F2,10.0465,OK,0
2026-07-10 07:57:21,F2,10.0455,OK,0
2026-07-10 07:57:32,F2,10.0445,OK,0
2026-07-10 07:57:42,F2,10.0435,OK,0
2026-07-10 07:57:52,F2,10.0425,OK,0
2026-07-10 07:58:03,F2,10.0414,OK,0
2026-07-10 07:58:13,F2,10.0404,OK,0
2026-07-10 07:58:23,F2,10.0394,OK,0
2026-07-10 07:58:33,F2,10.0384,OK,0
2026-07-10 07:58:44,F2,10.0374,OK,0
2026-07-10 07:58:54,F2,10.0364,OK,0
2026-07-10 07:59:04,F2,10.0354,OK,0
2026-07-10 07:59:14,F2,10.0344,OK,0
2026-07-10 07:59:25,F2,10.0334,OK,0
2026-07-10 07:59:35,F2,10.0324,OK,0
2026-07-10 07:59:45,F2,10.0314,OK,0
2026-07-10 07:59:56,F2,10.0304,OK,0
2026-07-10 08:00:06,F2,10.0294,OK,0
2026-07-10 08:00:16,F2,10.0284,OK,0
2026-07-10 08:00:26,F2,10.0274,OK,0
2026-07-10 08:00:37,F2,10.0264,OK,0
2026-07-10 08:00:47,F2,10.0254,OK,0
2026-07-10 08:00:57,F2,10.0244,OK,0
2026-07-10 08:01:07,F2,10.0234,OK,0
2026-07-10 08:01:18,F2,10.0224,OK,0
2026-07-10 08:01:28,F2,10.0214,OK,0
2026-07-10 08:01:38,F2,10.0205,OK,0
2026-07-10 08:01:48,F2,10.0195,OK,0
2026-07-10 08:01:59,F2,10.0185,OK,0
2026-07-10 08:02:09,F2,10.0175,OK,0
2026-07-10 08:02:19,F2,10.0165,OK,0
2026-07-10 08:02:30,F2,10.0155,OK,0
2026-07-10 08:02:40,F2,10.0146,OK,0
2026-07-10 08:02:50,F2,10.0136,OK,0
2026-07-10 08:03:00,F2,10.0126,OK,0
2026-07-10 08:03:11,F2,10.0117,OK,0
2026-07-10 08:03:21,F2,10.0107,OK,0
2026-07-10 08:03:31,F2,10.0097,OK,0
2026-07-10 08:03:41,F2,10.0088,OK,0
2026-07-10 08:03:51,F2,10.0078,OK,0
2026-07-10 08:04:02,F2,10.0069,OK,0
2026-07-10 08:04:12,F2,10.0060,OK,0
2026-07-10 08:04:22,F2,10.0050,OK,0
2026-07-10 08:04:33,F2,10.0041,OK,0
2026-07-10 08:04:43,F2,10.0032,OK,0
2026-07-10 08:04:53,F2,10.0022,OK,0
2026-07-10 08:05:03,F2,10.0013,OK,0
2026-07-10 08:05:14,F2,10.0004,OK,0
2026-07-10 08:05:24,F2,9.9995,OK,0
2026-07-10 08:05:34,F2,9.9986,OK,0
2026-07-10 08:05:44,F2,9.9978,OK,0
2026-07-10 08:05:55,F2,9.9969,OK,0
2026-07-10 08:06:05,F2,9.9960,OK,0
2026-07-10 08:06:15,F2,9.9951,OK,0
2026-07-10 08:06:25,F2,9.9943,OK,0
2026-07-10 08:06:36,F2,9.9934,OK,0
2026-07-10 08:06:46,F2,9.9926,OK,0
2026-07-10 08:06:56,F2,9.9917,OK,0
2026-07-10 08:07:06,F2,9.9909,OK,0
2026-07-10 08:07:17,F2,9.9900,OK,0
2026-07-10 08:07:27,F2,9.9892,OK,0
2026-07-10 08:07:37,F2,9.9883,OK,0
2026-07-10 08:07:47,F2,9.9875,OK,0
2026-07-10 08:07:58,F2,9.9867,OK,0
2026-07-10 08:08:08,F2,9.9859,OK,0
2026-07-10 08:08:18,F2,9.9850,OK,0
2026-07-10 08:08:29,F2,9.9842,OK,0
2026-07-10 08:08:39,F2,9.9834,OK,0
2026-07-10 08:08:49,F2,9.9826,OK,0
2026-07-10 08:08:59,F2,9.9818,OK,0
2026-07-10 08:09:10,F2,9.9810,OK,0
2026-07-10 08:09:20,F2,9.9802,OK,0
2026-07-10 08:09:30,F2,9.9794,OK,0
2026-07-10 08:09:40,F2,9.9786,OK,0
2026-07-10 08:09:51,F2,9.9779,OK,0
2026-07-10 08:10:01,F2,9.9771,OK,0
2026-07-10 08:10:11,F2,9.9763,OK,0
2026-07-10 08:10:21,F2,9.9756,OK,0
2026-07-10 08:10:32,F2,9.9748,OK,0
2026-07-10 08:10:42,F2,9.9741,OK,0
2026-07-10 08:10:52,F2,9.9733,OK,0
2026-07-10 08:11:02,F2,9.9726,OK,0
2026-07-10 08:11:13,F2,9.9719,OK,0
2026-07-10 08:11:23,F2,9.9712,OK,0
2026-07-10 08:11:33,F2,9.9705,OK,0
2026-07-10 08:11:44,F2,9.9698,OK,0
2026-07-10 08:11:54,F2,9.9691,OK,0
2026-07-10 08:12:04,F2,9.9684,OK,0
2026-07-10 08:12:14,F2,9.9677,OK,0
2026-07-10 08:12:25,F2,9.9670,OK,0
2026-07-10 08:12:35,F2,9.9664,OK,0
2026-07-10 08:12:45,F2,9.9657,OK,0
2026-07-10 08:12:55,F2,9.9651,OK,0
2026-07-10 08:13:05,F2,9.9644,OK,0
2026-07-10 08:13:16,F2,9.9638,OK,0
2026-07-10 08:13:26,F2,9.9632,OK,0
2026-07-10 08:13:36,F2,9.9625,OK,0
2026-07-10 08:13:46,F2,9.9619,OK,0
2026-07-10 08:13:57,F2,9.9613,OK,0
2026-07-10 08:14:07,F2,9.9607,OK,0
2026-07-10 08:14:17,F2,9.9601,OK,0
2026-07-10 08:14:27,F2,9.9596,OK,0
2026-07-10 08:14:38,F2,9.9590,OK,0
2026-07-10 08:14:48,F2,9.9584,OK,0
2026-07-10 08:14:58,F2,9.9578,OK,0
2026-07-10 08:15:08,F2,9.9573,OK,0
2026-07-10 08:15:19,F2,9.9567,OK,0
2026-07-10 08:15:29,F2,9.9562,OK,0
2026-07-10 08:15:39,F2,9.9556,OK,0
2026-07-10 08:15:49,F2,9.9551,OK,0
2026-07-10 08:16:00,F2,9.9546,OK,0
2026-07-10 08:16:10,F2,9.9540,OK,0
2026-07-10 08:16:20,F2,9.9535,OK,0
2026-07-10 08:16:30,F2,9.9530,OK,0
2026-07-10 08:16:41,F2,9.9525,OK,0
2026-07-10 08:16:51,F2,9.9520,OK,0
2026-07-10 08:17:01,F2,9.9515,OK,0
2026-07-10 08:17:11,F2,9.9510,OK,0
2026-07-10 08:17:22,F2,9.9505,OK,0
2026-07-10 08:17:32,F2,9.9500,OK,0
2026-07-10 08:17:42,F2,9.9495,OK,0
2026-07-10 08:17:52,F2,9.9490,OK,0
2026-07-10 08:18:03,F2,9.9485,OK,0
2026-07-10 08:18:13,F2,9.9480,OK,0
2026-07-10 08:18:23,F2,9.9475,OK,0
2026-07-10 08:18:33,F2,9.9470,OK,0
2026-07-10 08:18:44,F2,9.9465,OK,0
2026-07-10 08:18:54,F2,9.9460,OK,0
2026-07-10 08:19:04,F2,9.9456,OK,0
2026-07-10 08:19:14,F2,9.9451,OK,0
2026-07-10 08:19:25,F2,9.9446,OK,0
2026-07-10 08:19:35,F2,9.9441,OK,1
2026-07-10 08:19:45,F2,9.9436,OK,0
2026-07-10 08:19:55,F2,9.9432,OK,0
2026-07-10 08:20:06,F2,9.9427,OK,0
2026-07-10 08:20:16,F2,9.9422,OK,0
2026-07-10 08:20:26,F2,9.9417,OK,0
2026-07-10 08:20:36,F2,9.9412,OK,0
2026-07-10 08:20:47,F2,9.9407,OK,0
2026-07-10 08:20:57,F2,9.9402,OK,0
2026-07-10 08:21:07,F2,9.9397,OK,0
2026-07-10 08:21:17,F2,9.9392,OK,0
2026-07-10 08:21:28,F2,9.9387,OK,0
2026-07-10 08:21:38,F2,9.9382,OK,0
2026-07-10 08:21:48,F2,9.9377,OK,0
2026-07-10 08:21:59,F2,9.9372,OK,0
2026-07-10 08:22:09,F2,9.9366,OK,0
2026-07-10 08:22:19,F2,9.9361,OK,0
2026-07-10 08:22:29,F2,9.9356,OK,0
2026-07-10 08:22:40,F2,9.9350,OK,0
2026-07-10 08:22:50,F2,9.9345,OK,0
2026-07-10 08:23:00,F2,9.9339,OK,0
2026-07-10 08:23:10,F2,9.9334,OK,0
2026-07-10 08:23:21,F2,9.9328,OK,0
2026-07-10 08:23:31,F2,9.9323,OK,0
2026-07-10 08:23:41,F2,9.9317,OK,0
2026-07-10 08:23:52,F2,9.9311,OK,0
2026-07-10 08:24:02,F2,9.9306,OK,0
2026-07-10 08:24:12,F2,9.9300,OK,0
2026-07-10 08:24:22,F2,9.9295,OK,0
2026-07-10 08:24:33,F2,9.9289,OK,0
2026-07-10 08:24:43,F2,9.9283,OK,0
2026-07-10 08:24:53,F2,9.9278,OK,0
2026-07-10 08:25:03,F2,9.9272,OK,0
2026-07-10 08:25:14,F2,9.9267,OK,0
2026-07-10 08:25:24,F2,9.9261,OK,0
2026-07-10 08:25:34,F2,9.9256,OK,0
2026-07-10 08:25:44,F2,9.9250,OK,0
2026-07-10 08:25:55,F2,9.9245,OK,0
2026-07-10 08:26:05,F2,9.9239,OK,0
2026-07-10 08:26:15,F2,9.9234,OK,0
2026-07-10 08:26:26,F2,9.9229,OK,0
2026-07-10 08:26:36,F2,9.9223,OK,0
2026-07-10 08:26:46,F2,9.9218,OK,0
2026-07-10 08:26:56,F2,9.9213,OK,0
2026-07-10 08:27:07,F2,9.9208,OK,0
2026-07-10 08:27:17,F2,9.9202,OK,0
2026-07-10 08:27:27,F2,9.9197,OK,0
2026-07-10 08:27:37,F2,9.9192,OK,0
2026-07-10 08:27:48,F2,9.9187,OK,0
2026-07-10 08:27:58,F2,9.9182,OK,0
2026-07-10 08:28:08,F2,9.9177,OK,0
2026-07-10 08:28:18,F2,9.9172,OK,0
2026-07-10 08:28:29,F2,9.9168,OK,0
2026-07-10 08:28:39,F2,9.9163,OK,0
2026-07-10 08:28:49,F2,9.9158,OK,0
2026-07-10 08:28:59,F2,9.9154,OK,0
2026-07-10 08:29:10,F2,9.9149,OK,0
2026-07-10 08:29:20,F2,9.9145,OK,0
2026-07-10 08:29:30,F2,9.9140,OK,0
2026-07-10 08:29:40,F2,9.9136,OK,0
2026-07-10 08:29:51,F2,9.9132,OK,0
2026-07-10 08:30:01,F2,9.9127,OK,0
2026-07-10 08:30:11,F2,9.9123,OK,0
2026-07-10 08:30:21,F2,9.9119,OK,0
2026-07-10 08:30:32,F2,9.9115,OK,0
2026-07-10 08:30:42,F2,9.9111,OK,0
2026-07-10 08:30:52,F2,9.9107,OK,0
2026-07-10 08:31:03,F2,9.9103,OK,0
2026-07-10 08:31:13,F2,9.9099,OK,0
2026-07-10 08:31:23,F2,9.9095,OK,0
2026-07-10 08:31:33,F2,9.9091,OK,0
2026-07-10 08:31:44,F2,9.9087,OK,0
2026-07-10 08:31:54,F2,9.9084,OK,0
2026-07-10 08:32:04,F2,9.9080,OK,0
2026-07-10 08:32:14,F2,9.9076,OK,0
2026-07-10 08:32:25,F2,9.9072,OK,0
2026-07-10 08:32:35,F2,9.9069,OK,0
2026-07-10 08:32:45,F2,9.9065,OK,0
2026-07-10 08:32:55,F2,9.9061,OK,0
2026-07-10 08:33:06,F2,9.9058,OK,0
2026-07-10 08:33:16,F2,9.9054,OK,0
2026-07-10 08:33:26,F2,9.9050,OK,0
2026-07-10 08:33:36,F2,9.9047,OK,0
2026-07-10 08:33:47,F2,9.9043,OK,0
2026-07-10 08:33:57,F2,9.9039,OK,0
2026-07-10 08:34:07,F2,9.9036,OK,0
2026-07-10 08:34:18,F2,9.9032,OK,0
2026-07-10 08:34:28,F2,9.9028,OK,0
2026-07-10 08:34:38,F2,9.9025,OK,0
2026-07-10 08:34:48,F2,9.9021,OK,0
2026-07-10 08:34:59,F2,9.9017,OK,0
2026-07-10 08:35:09,F2,9.9013,OK,0
2026-07-10 08:35:19,F2,9.9009,OK,0
2026-07-10 08:35:29,F2,9.9006,OK,0
2026-07-10 08:35:40,F2,9.9002,OK,0
2026-07-10 08:35:50,F2,9.8998,OK,0
2026-07-10 08:36:00,F2,9.8994,OK,0
2026-07-10 08:36:11,F2,9.8990,OK,0
2026-07-10 08:36:21,F2,9.8986,OK,0
2026-07-10 08:36:31,F2,9.8982,OK,0
2026-07-10 08:36:41,F2,9.8978,OK,0
2026-07-10 08:36:52,F2,9.8974,OK,0
2026-07-10 08:37:02,F2,9.8969,OK,0
2026-07-10 08:37:12,F2,9.8965,OK,0
2026-07-10 08:37:22,F2,9.8961,OK,0
2026-07-10 08:37:33,F2,9.8956,OK,0
2026-07-10 08:37:43,F2,9.8952,OK,0
2026-07-10 08:37:53,F2,9.8947,OK,0
2026-07-10 08:38:03,F2,9.8943,OK,0
2026-07-10 08:38:14,F2,9.8938,OK,0
2026-07-10 08:38:24,F2,9.8934,OK,0
2026-07-10 08:38:34,F2,9.8929,OK,0
2026-07-10 08:38:45,F2,9.8924,OK,0
2026-07-10 08:38:55,F2,9.8920,OK,0
2026-07-10 08:39:05,F2,9.8915,OK,0
2026-07-10 08:39:15,F2,9.8910,OK,0
2026-07-10 08:39:26,F2,9.8905,OK,0
2026-07-10 08:39:36,F2,9.8901,OK,0
2026-07-10 08:39:46,F2,9.8896,OK,0
2026-07-10 08:39:56,F2,9.8891,OK,0
2026-07-10 08:40:07,F2,9.8886,OK,0
2026-07-10 08:40:17,F2,9.8881,OK,0
2026-07-10 08:40:27,F2,9.8876,OK,0
2026-07-10 08:40:37,F2,9.8871,OK,0
2026-07-10 08:40:48,F2,9.8866,OK,0
2026-07-10 08:40:58,F2,9.8860,OK,0
2026-07-10 08:41:08,F2,9.8855,OK,0
2026-07-10 08:41:18,F2,9.8850,OK,0
2026-07-10 08:41:29,F2,9.8845,OK,0
2026-07-10 08:41:39,F2,9.8839,OK,0
2026-07-10 08:41:49,F2,9.8834,OK,0
2026-07-10 08:41:59,F2,9.8829,OK,0
2026-07-10 08:42:10,F2,9.8823,OK,0
2026-07-10 08:42:20,F2,9.8818,OK,0
2026-07-10 08:42:30,F2,9.8812,OK,0
2026-07-10 08:42:40,F2,9.8806,OK,0
2026-07-10 08:42:51,F2,9.8801,OK,0
2026-07-10 08:43:01,F2,9.8795,OK,0
2026-07-10 08:43:11,F2,9.8789,OK,0
2026-07-10 08:43:21,F2,9.8784,OK,0
2026-07-10 08:43:32,F2,9.8778,OK,0
2026-07-10 08:43:42,F2,9.8772,OK,0
2026-07-10 08:43:52,F2,9.8766,OK,0
2026-07-10 08:44:02,F2,9.8760,OK,0
2026-07-10 08:44:13,F2,9.8754,OK,0
2026-07-10 08:44:23,F2,9.8747,OK,0
2026-07-10 08:44:33,F2,9.8741,OK,0
2026-07-10 08:44:43,F2,9.8735,OK,0
2026-07-10 08:44:54,F2,9.8728,OK,0
2026-07-10 08:45:04,F2,9.8722,OK,0
2026-07-10 08:45:14,F2,9.8715,OK,0
2026-07-10 08:45:24,F2,9.8709,OK,0
2026-07-10 08:45:35,F2,9.8702,OK,0
2026-07-10 08:45:45,F2,9.8695,OK,0
2026-07-10 08:45:55,F2,9.8689,OK,0
2026-07-10 08:46:05,F2,9.8682,OK,0
2026-07-10 08:46:16,F2,9.8675,OK,0
2026-07-10 08:46:26,F2,9.8668,OK,0
2026-07-10 08:46:36,F2,9.8661,OK,0
2026-07-10 08:46:47,F2,9.8653,OK,0
2026-07-10 08:46:57,F2,9.8646,OK,0
2026-07-10 08:47:07,F2,9.8639,OK,0
2026-07-10 08:47:17,F2,9.8631,OK,0
2026-07-10 08:47:28,F2,9.8624,OK,0
2026-07-10 08:47:38,F2,9.8616,OK,0
2026-07-10 08:47:48,F2,9.8609,OK,0
2026-07-10 08:47:58,F2,9.8601,OK,0
2026-07-10 08:48:09,F2,9.8593,OK,0
2026-07-10 08:48:19,F2,9.8585,OK,0
2026-07-10 08:48:29,F2,9.8577,OK,0
2026-07-10 08:48:39,F2,9.8569,OK,0
2026-07-10 08:48:50,F2,9.8561,OK,0
2026-07-10 08:49:00,F2,9.8553,OK,0
2026-07-10 08:49:10,F2,9.8544,OK,0
2026-07-10 08:49:20,F2,9.8536,OK,0
2026-07-10 08:49:31,F2,9.8528,OK,0
2026-07-10 08:49:41,F2,9.8519,OK,0
2026-07-10 08:49:51,F2,9.8510,OK,0
2026-07-10 08:50:01,F2,9.8502,OK,0
2026-07-10 08:50:12,F2,9.8493,OK,0
2026-07-10 08:50:22,F2,9.8484,OK,0
2026-07-10 08:50:32,F2,9.8475,OK,0
2026-07-10 08:50:42,F2,9.8466,OK,0
2026-07-10 08:50:53,F2,9.8457,OK,0
2026-07-10 08:51:03,F2,9.8448,OK,0
2026-07-10 08:51:13,F2,9.8439,OK,0
2026-07-10 08:51:23,F2,9.8429,OK,0
2026-07-10 08:51:34,F2,9.8420,OK,0
2026-07-10 08:51:44,F2,9.8410,OK,0
2026-07-10 08:51:54,F2,9.8400,OK,0
2026-07-10 08:52:05,F2,9.8391,OK,0
2026-07-10 08:52:15,F2,9.8381,OK,0
2026-07-10 08:52:25,F2,9.8371,OK,0
2026-07-10 08:52:35,F2,9.8361,OK,0
2026-07-10 08:52:46,F2,9.8351,OK,0
2026-07-10 08:52:56,F2,9.8340,OK,0
2026-07-10 08:53:06,F2,9.8330,OK,1
2026-07-10 08:53:16,F2,9.8319,OK,0
2026-07-10 08:53:26,F2,9.8309,OK,0
2026-07-10 08:53:37,F2,9.8298,OK,0
2026-07-10 08:53:47,F2,9.8288,OK,0
2026-07-10 08:53:57,F2,9.8277,OK,0
2026-07-10 08:54:08,F2,9.8266,OK,0
2026-07-10 08:54:18,F2,9.8255,OK,0
2026-07-10 08:54:28,F2,9.8244,OK,0
2026-07-10 08:54:38,F2,9.8233,OK,0
2026-07-10 08:54:48,F2,9.8222,OK,0
2026-07-10 08:54:59,F2,9.8211,OK,0
2026-07-10 08:55:09,F2,9.8199,OK,0
2026-07-10 08:55:19,F2,9.8188,OK,0
2026-07-10 08:55:29,F2,9.8177,OK,0
2026-07-10 08:55:40,F2,9.8165,OK,0
2026-07-10 08:55:50,F2,9.8154,OK,0
2026-07-10 08:56:00,F2,9.8143,OK,0
2026-07-10 08:56:11,F2,9.8131,OK,0
2026-07-10 08:56:21,F2,9.8120,OK,0
2026-07-10 08:56:31,F2,9.8108,OK,0
2026-07-10 08:56:41,F2,9.8096,OK,0
2026-07-10 08:56:52,F2,9.8085,OK,0
2026-07-10 08:57:02,F2,9.8073,OK,0
2026-07-10 08:57:12,F2,9.8061,OK,0
2026-07-10 08:57:22,F2,9.8049,OK,0
2026-07-10 08:57:33,F2,9.8038,OK,0
2026-07-10 08:57:43,F2,9.8026,OK,0
2026-07-10 08:57:53,F2,9.8014,OK,0
2026-07-10 08:58:03,F2,9.8002,OK,0
2026-07-10 08:58:14,F2,9.7990,OK,0
2026-07-10 08:58:24,F2,9.7978,OK,0
2026-07-10 08:58:34,F2,9.7966,OK,0
2026-07-10 08:58:44,F2,9.7954,OK,0
2026-07-10 08:58:55,F2,9.7942,OK,0
2026-07-10 08:59:05,F2,9.7930,OK,0
2026-07-10 08:59:15,F2,9.7918,OK,0
2026-07-10 08:59:26,F2,9.7906,OK,0
2026-07-10 08:59:36,F2,9.7893,OK,0
2026-07-10 08:59:46,F2,9.7881,OK,0
2026-07-10 08:59:56,F2,9.7869,OK,0
2026-07-10 09:00:07,F2,9.7857,OK,0
2026-07-10 09:00:17,F2,9.7844,OK,0
2026-07-10 09:00:27,F2,9.7832,OK,0
2026-07-10 09:00:37,F2,9.7820,OK,0
2026-07-10 09:00:48,F2,9.7807,OK,0
2026-07-10 09:00:58,F2,9.7795,OK,0
2026-07-10 09:01:08,F2,9.7782,OK,0
2026-07-10 09:01:18,F2,9.7770,OK,0
2026-07-10 09:01:29,F2,9.7757,OK,0
2026-07-10 09:01:39,F2,9.7744,OK,0
2026-07-10 09:01:49,F2,9.7732,OK,0
2026-07-10 09:01:59,F2,9.7719,OK,0
2026-07-10 09:02:10,F2,9.7707,OK,0
2026-07-10 09:02:20,F2,9.7694,OK,0
2026-07-10 09:02:30,F2,9.7681,OK,0
2026-07-10 09:02:40,F2,9.7668,OK,0
2026-07-10 09:02:51,F2,9.7656,OK,0
2026-07-10 09:03:01,F2,9.7643,OK,0
2026-07-10 09:03:11,F2,9.7630,OK,0
2026-07-10 09:03:21,F2,9.7617,OK,0
2026-07-10 09:03:32,F2,9.7604,OK,0
2026-07-10 09:03:42,F2,9.7591,OK,0
2026-07-10 09:03:52,F2,9.7578,OK,1
2026-07-10 09:04:02,F2,9.7566,OK,0
2026-07-10 09:04:13,F2,9.7553,OK,0
2026-07-10 09:04:23,F2,9.7540,OK,0
2026-07-10 09:04:33,F2,9.7527,OK,0
2026-07-10 09:04:43,F2,9.7514,OK,0
2026-07-10 09:04:54,F2,9.7501,OK,0
2026-07-10 09:05:04,F2,9.7488,OK,0
2026-07-10 09:05:14,F2,9.7475,OK,0
2026-07-10 09:05:24,F2,9.7462,OK,0
2026-07-10 09:05:35,F2,9.7448,OK,0
2026-07-10 09:05:45,F2,9.7435,OK,0
2026-07-10 09:05:55,F2,9.7422,OK,1
2026-07-10 09:06:05,F2,9.7409,OK,1
2026-07-10 09:06:16,F2,9.7396,OK,0
2026-07-10 09:06:26,F2,9.7383,OK,0
2026-07-10 09:06:36,F2,9.7369,OK,0
2026-07-10 09:06:46,F2,9.7356,OK,0
2026-07-10 09:06:57,F2,9.7343,OK,0
2026-07-10 09:07:07,F2,9.7329,OK,0
2026-07-10 09:07:17,F2,9.7316,OK,0
2026-07-10 09:07:27,F2,9.7303,OK,0
2026-07-10 09:07:38,F2,9.7289,OK,0
2026-07-10 09:07:48,F2,9.7276,OK,0
2026-07-10 09:07:58,F2,9.7262,OK,0
2026-07-10 09:08:08,F2,9.7249,OK,0
2026-07-10 09:08:19,F2,9.7235,OK,0
2026-07-10 09:08:29,F2,9.7221,OK,0
2026-07-10 09:08:39,F2,9.7208,OK,0
2026-07-10 09:08:49,F2,9.7194,OK,0
2026-07-10 09:09:00,F2,9.7180,OK,0
2026-07-10 09:09:10,F2,9.7166,OK,0
2026-07-10 09:09:20,F2,9.7153,OK,0
2026-07-10 09:09:30,F2,9.7139,OK,0
2026-07-10 09:09:41,F2,9.7125,OK,0
2026-07-10 09:09:51,F2,9.7111,OK,0
2026-07-10 09:10:01,F2,9.7098,OK,0
2026-07-10 09:10:12,F2,9.7084,OK,0
2026-07-10 09:10:22,F2,9.7070,OK,0
2026-07-10 09:10:32,F2,9.7057,OK,0
2026-07-10 09:10:42,F2,9.7043,OK,0
2026-07-10 09:10:53,F2,9.7030,OK,0
2026-07-10 09:11:03,F2,9.7016,OK,0
2026-07-10 09:11:13,F2,9.7003,OK,0
2026-07-10 09:11:23,F2,9.6990,OK,0
2026-07-10 09:11:34,F2,9.6976,OK,0
2026-07-10 09:11:44,F2,9.6963,OK,0
2026-07-10 09:11:54,F2,9.6950,OK,0
2026-07-10 09:12:04,F2,9.6937,OK,0
2026-07-10 09:12:15,F2,9.6924,OK,0
2026-07-10 09:12:25,F2,9.6911,OK,0
2026-07-10 09:12:35,F2,9.6898,OK,0
2026-07-10 09:12:45,F2,9.6885,OK,0
2026-07-10 09:12:56,F2,9.6872,OK,1
2026-07-10 09:13:06,F2,9.6860,OK,0
2026-07-10 09:13:16,F2,9.6847,OK,0
2026-07-10 09:13:26,F2,9.6834,OK,0
2026-07-10 09:13:37,F2,9.6822,OK,0
2026-07-10 09:13:47,F2,9.6810,OK,0
2026-07-10 09:13:57,F2,9.6797,OK,0
2026-07-10 09:14:07,F2,9.6785,OK,0
2026-07-10 09:14:18,F2,9.6773,OK,0
2026-07-10 09:14:28,F2,9.6760,OK,0
2026-07-10 09:14:38,F2,9.6748,OK,0
2026-07-10 09:14:48,F2,9.6736,OK,0
2026-07-10 09:14:59,F2,9.6724,OK,0
2026-07-10 09:15:09,F2,9.6712,OK,0
2026-07-10 09:15:19,F2,9.6701,OK,0
2026-07-10 09:15:29,F2,9.6689,OK,0
2026-07-10 09:15:40,F2,9.6677,OK,0
2026-07-10 09:15:50,F2,9.6666,OK,0
2026-07-10 09:16:00,F2,9.6654,OK,0
2026-07-10 09:16:10,F2,9.6643,OK,0
2026-07-10 09:16:21,F2,9.6632,OK,0
2026-07-10 09:16:31,F2,9.6621,OK,0
2026-07-10 09:16:41,F2,9.6609,OK,0
2026-07-10 09:16:51,F2,9.6598,OK,0
2026-07-10 09:17:02,F2,9.6587,OK,0
2026-07-10 09:17:12,F2,9.6577,OK,0
2026-07-10 09:17:22,F2,9.6566,OK,0
2026-07-10 09:17:32,F2,9.6555,OK,0
2026-07-10 09:17:43,F2,9.6545,OK,0
2026-07-10 09:17:53,F2,9.6534,OK,0
2026-07-10 09:18:03,F2,9.6524,OK,0
2026-07-10 09:18:13,F2,9.6513,OK,0
2026-07-10 09:18:24,F2,9.6503,OK,0
2026-07-10 09:18:34,F2,9.6493,OK,0
2026-07-10 09:18:44,F2,9.6483,OK,0
2026-07-10 09:18:54,F2,9.6473,OK,0
2026-07-10 09:19:05,F2,9.6463,OK,0
2026-07-10 09:19:15,F2,9.6454,OK,0
2026-07-10 09:19:25,F2,9.6444,OK,0
2026-07-10 09:19:35,F2,9.6435,OK,0
2026-07-10 09:19:46,F2,9.6425,OK,0
2026-07-10 09:19:56,F2,9.6416,OK,0
2026-07-10 09:20:06,F2,9.6407,OK,0
2026-07-10 09:20:16,F2,9.6398,OK,0
2026-07-10 09:20:27,F2,9.6388,OK,0
2026-07-10 09:20:37,F2,9.6380,OK,0
2026-07-10 09:20:47,F2,9.6371,OK,0
2026-07-10 09:20:58,F2,9.6362,OK,0
2026-07-10 09:21:08,F2,9.6353,OK,1
2026-07-10 09:21:18,F2,9.6345,OK,0
2026-07-10 09:21:28,F2,9.6337,OK,0
2026-07-10 09:21:38,F2,9.6328,OK,0
2026-07-10 09:21:49,F2,9.6320,OK,0
2026-07-10 09:21:59,F2,9.6312,OK,0
2026-07-10 09:22:09,F2,9.6304,OK,0
2026-07-10 09:22:20,F2,9.6296,OK,0
2026-07-10 09:22:30,F2,9.6288,OK,0
2026-07-10 09:22:40,F2,9.6281,OK,0
2026-07-10 09:22:50,F2,9.6273,OK,0
2026-07-10 09:23:01,F2,9.6266,OK,0
2026-07-10 09:23:11,F2,9.6258,OK,0
2026-07-10 09:23:21,F2,9.6251,OK,0
2026-07-10 09:23:31,F2,9.6243,OK,0
2026-07-10 09:23:42,F2,9.6236,OK,0
2026-07-10 09:23:52,F2,9.6229,OK,0
2026-07-10 09:24:02,F2,9.6222,OK,0
2026-07-10 09:24:12,F2,9.6215,OK,0
2026-07-10 09:24:23,F2,9.6208,OK,0
2026-07-10 09:24:33,F2,9.6201,OK,0
2026-07-10 09:24:43,F2,9.6194,OK,0
2026-07-10 09:24:53,F2,9.6187,OK,0
2026-07-10 09:25:04,F2,9.6181,OK,0
2026-07-10 09:25:14,F2,9.6174,OK,0
2026-07-10 09:25:24,F2,9.6168,OK,0
2026-07-10 09:25:34,F2,9.6162,OK,0
2026-07-10 09:25:45,F2,9.6155,OK,0
2026-07-10 09:25:55,F2,9.6149,OK,0
2026-07-10 09:26:05,F2,9.6143,OK,0
2026-07-10 09:26:15,F2,9.6137,OK,0
2026-07-10 09:26:26,F2,9.6132,OK,0
2026-07-10 09:26:36,F2,9.6126,OK,0
2026-07-10 09:26:46,F2,9.6120,OK,0
2026-07-10 09:26:57,F2,9.6115,OK,0
2026-07-10 09:27:07,F2,9.6109,OK,0
2026-07-10 09:27:17,F2,9.6104,OK,0
2026-07-10 09:27:27,F2,9.6099,OK,0
2026-07-10 09:27:38,F2,9.6094,OK,0
2026-07-10 09:27:48,F2,9.6089,OK,0
2026-07-10 09:27:58,F2,9.6084,OK,0
2026-07-10 09:28:08,F2,9.6079,OK,0
2026-07-10 09:28:19,F2,9.6075,OK,0
2026-07-10 09:28:29,F2,9.6070,OK,0
2026-07-10 09:28:39,F2,9.6066,OK,0
2026-07-10 09:28:50,F2,9.6062,OK,0
2026-07-10 09:29:00,F2,9.6057,OK,0
2026-07-10 09:29:10,F2,9.6053,OK,0
2026-07-10 09:29:20,F2,9.6049,OK,0
2026-07-10 09:29:31,F2,9.6045,OK,0
2026-07-10 09:29:41,F2,9.6041,OK,0
2026-07-10 09:29:51,F2,9.6038,OK,0
2026-07-10 09:30:01,F2,9.6034,OK,0
2026-07-10 09:30:12,F2,9.6031,OK,0
2026-07-10 09:30:22,F2,9.6027,OK,0
2026-07-10 09:30:32,F2,9.6024,OK,0
2026-07-10 09:30:42,F2,9.6021,OK,0
2026-07-10 09:30:53,F2,9.6018,OK,0
2026-07-10 09:31:03,F2,9.6014,OK,0
2026-07-10 09:31:13,F2,9.6012,OK,0
2026-07-10 09:31:24,F2,9.6009,OK,0
2026-07-10 09:31:34,F2,9.6006,OK,0
2026-07-10 09:31:44,F2,9.6003,OK,0
2026-07-10 09:31:54,F2,9.6000,OK,0
2026-07-10 09:32:05,F2,9.5998,OK,0
2026-07-10 09:32:15,F2,9.5995,OK,0
2026-07-10 09:32:25,F2,9.5993,OK,1
2026-07-10 09:32:35,F2,9.5991,OK,0
2026-07-10 09:32:46,F2,9.5988,OK,0
2026-07-10 09:32:56,F2,9.5986,OK,0
2026-07-10 09:33:06,F2,9.5984,OK,0
2026-07-10 09:33:16,F2,9.5982,OK,0
2026-07-10 09:33:27,F2,9.5980,OK,0
2026-07-10 09:33:37,F2,9.5978,OK,0
2026-07-10 09:33:47,F2,9.5976,OK,0
2026-07-10 09:33:57,F2,9.5974,OK,1
2026-07-10 09:34:08,F2,9.5972,OK,0
2026-07-10 09:34:18,F2,9.5970,OK,0
2026-07-10 09:34:28,F2,9.5968,OK,0
2026-07-10 09:34:38,F2,9.5966,OK,0
2026-07-10 09:34:49,F2,9.5965,OK,0
2026-07-10 09:34:59,F2,9.5963,OK,0
2026-07-10 09:35:09,F2,9.5961,OK,0
2026-07-10 09:35:19,F2,9.5960,OK,0
2026-07-10 09:35:30,F2,9.5958,OK,0
2026-07-10 09:35:40,F2,9.5957,OK,0
2026-07-10 09:35:50,F2,9.5955,OK,0
2026-07-10 09:36:00,F2,9.5954,OK,0
2026-07-10 09:36:11,F2,9.5952,OK,0
2026-07-10 09:36:21,F2,9.5951,OK,0
2026-07-10 09:36:31,F2,9.5949,OK,0
2026-07-10 09:36:42,F2,9.5948,OK,0
2026-07-10 09:36:52,F2,9.5947,OK,1
2026-07-10 09:37:02,F2,9.5946,OK,0
2026-07-10 09:37:12,F2,9.5944,OK,1
2026-07-10 09:37:23,F2,9.5943,OK,0
2026-07-10 09:37:33,F2,9.5942,OK,0
2026-07-10 09:37:43,F2,9.5941,OK,0
2026-07-10 09:37:53,F2,9.5940,OK,0
2026-07-10 09:38:04,F2,9.5939,OK,0
2026-07-10 09:38:14,F2,9.5938,OK,0
2026-07-10 09:38:24,F2,9.5937,OK,0
2026-07-10 09:38:34,F2,9.5935,OK,0
2026-07-10 09:38:45,F2,9.5934,OK,0
2026-07-10 09:38:55,F2,9.5933,OK,0
2026-07-10 09:39:05,F2,9.5932,OK,0
2026-07-10 09:39:15,F2,9.5931,OK,0
2026-07-10 09:39:26,F2,9.5930,OK,0
2026-07-10 09:39:36,F2,9.5929,OK,0
2026-07-10 09:39:46,F2,9.5928,OK,0
2026-07-10 09:39:57,F2,9.5927,OK,0
2026-07-10 09:40:07,F2,9.5926,OK,0
2026-07-10 09:40:17,F2,9.5925,OK,0
2026-07-10 09:40:27,F2,9.5924,OK,1
2026-07-10 09:40:38,F2,9.5923,Bajo rango,1
2026-07-10 09:40:48,F2,9.5922,Bajo rango,1
2026-07-10 09:40:58,F2,9.5921,Bajo rango,1
2026-07-10 09:41:08,F2,9.5920,OK,1
2026-07-10 09:41:19,F2,9.5919,OK,0
2026-07-10 09:41:29,F2,9.5919,Bajo rango,0
2026-07-10 09:41:39,F2,9.5918,OK,0
2026-07-10 09:41:49,F2,9.5917,Alto rango,0
2026-07-10 09:42:00,F2,9.5917,OK,0
2026-07-10 09:42:10,F2,9.5917,OK,0
2026-07-10 09:42:20,F2,9.5917,OK,0
2026-07-10 09:42:30,F2,9.5918,OK,0
2026-07-10 09:42:41,F2,9.5919,OK,0
2026-07-10 09:42:51,F2,9.5921,OK,0
2026-07-10 09:43:01,F2,9.5923,OK,0
2026-07-10 09:43:11,F2,9.5926,OK,0
2026-07-10 09:43:22,F2,9.5929,OK,0
2026-07-10 09:43:32,F2,9.5932,OK,0
2026-07-10 09:43:42,F2,9.5936,OK,0
2026-07-10 09:43:52,F2,9.5940,OK,0
2026-07-10 09:44:03,F2,9.5945,OK,0
2026-07-10 09:44:13,F2,9.5950,OK,0
2026-07-10 09:44:23,F2,9.5956,OK,0
2026-07-10 09:44:33,F2,9.5962,OK,0
2026-07-10 09:44:44,F2,9.5968,OK,0
2026-07-10 09:44:54,F2,9.5975,OK,0
2026-07-10 09:45:04,F2,9.5982,OK,0
2026-07-10 09:45:14,F2,9.5990,OK,0
2026-07-10 09:45:25,F2,9.5998,OK,0
2026-07-10 09:45:35,F2,9.6007,OK,0
2026-07-10 09:45:45,F2,9.6016,OK,0
2026-07-10 09:45:56,F2,9.6025,OK,0
2026-07-10 09:46:06,F2,9.6035,OK,0
2026-07-10 09:46:16,F2,9.6045,OK,0
2026-07-10 09:46:26,F2,9.6055,OK,0
2026-07-10 09:46:37,F2,9.6066,OK,0
2026-07-10 09:46:47,F2,9.6077,OK,0
2026-07-10 09:46:57,F2,9.6089,OK,0
2026-07-10 09:47:07,F2,9.6101,OK,0
2026-07-10 09:47:18,F2,9.6113,OK,0
2026-07-10 09:47:28,F2,9.6126,OK,0
2026-07-10 09:47:38,F2,9.6138,OK,0
2026-07-10 09:47:48,F2,9.6152,OK,0
2026-07-10 09:47:59,F2,9.6165,OK,0
2026-07-10 09:48:09,F2,9.6179,OK,0
2026-07-10 09:48:19,F2,9.6192,OK,0
2026-07-10 09:48:29,F2,9.6207,OK,0
2026-07-10 09:48:40,F2,9.6221,OK,0
2026-07-10 09:48:50,F2,9.6235,OK,0
2026-07-10 09:49:00,F2,9.6250,OK,0
2026-07-10 09:49:10,F2,9.6265,OK,0
2026-07-10 09:49:21,F2,9.6280,OK,0
2026-07-10 09:49:31,F2,9.6296,OK,0
2026-07-10 09:49:41,F2,9.6311,OK,0
2026-07-10 09:49:51,F2,9.6327,OK,0
2026-07-10 09:50:02,F2,9.6342,OK,0
2026-07-10 09:50:12,F2,9.6358,OK,0
2026-07-10 09:50:22,F2,9.6374,OK,0
2026-07-10 09:50:33,F2,9.6390,OK,0
2026-07-10 09:50:43,F2,9.6406,OK,0
2026-07-10 09:50:53,F2,9.6422,OK,0
2026-07-10 09:51:03,F2,9.6439,OK,0
2026-07-10 09:51:14,F2,9.6455,OK,0
2026-07-10 09:51:24,F2,9.6471,OK,0
2026-07-10 09:51:34,F2,9.6488,OK,0
2026-07-10 09:51:45,F2,9.6504,OK,0
2026-07-10 09:51:55,F2,9.6520,OK,0
2026-07-10 09:52:05,F2,9.6537,OK,0
2026-07-10 09:52:15,F2,9.6553,OK,0
2026-07-10 09:52:26,F2,9.6569,OK,0
2026-07-10 09:52:36,F2,9.6585,OK,0
2026-07-10 09:52:46,F2,9.6602,OK,0
2026-07-10 09:52:56,F2,9.6618,OK,0
2026-07-10 09:53:07,F2,9.6634,OK,0
2026-07-10 09:53:17,F2,9.6650,OK,0
2026-07-10 09:53:27,F2,9.6666,OK,0
2026-07-10 09:53:37,F2,9.6682,OK,0
2026-07-10 09:53:48,F2,9.6697,OK,0
2026-07-10 09:53:58,F2,9.6713,OK,0
2026-07-10 09:54:08,F2,9.6728,OK,0
2026-07-10 09:54:18,F2,9.6744,OK,0
2026-07-10 09:54:29,F2,9.6759,OK,0
2026-07-10 09:54:39,F2,9.6774,OK,0
2026-07-10 09:54:49,F2,9.6789,OK,0
2026-07-10 09:54:59,F2,9.6803,OK,0
2026-07-10 09:55:10,F2,9.6818,OK,0
2026-07-10 09:55:20,F2,9.6832,OK,0
2026-07-10 09:55:30,F2,9.6846,OK,0
2026-07-10 09:55:41,F2,9.6860,OK,0
2026-07-10 09:55:51,F2,9.6873,OK,0
2026-07-10 09:56:01,F2,9.6887,OK,0
2026-07-10 09:56:11,F2,9.6900,OK,0
2026-07-10 09:56:22,F2,9.6913,OK,0
2026-07-10 09:56:32,F2,9.6926,OK,0
2026-07-10 09:56:42,F2,9.6938,OK,0
2026-07-10 09:56:52,F2,9.6950,OK,0
2026-07-10 09:57:03,F2,9.6962,OK,0
2026-07-10 09:57:13,F2,9.6974,OK,0
2026-07-10 09:57:23,F2,9.6985,OK,0
2026-07-10 09:57:33,F2,9.6996,OK,0
2026-07-10 09:57:44,F2,9.7007,OK,0
2026-07-10 09:57:54,F2,9.7017,OK,0
2026-07-10 09:58:04,F2,9.7027,OK,0
2026-07-10 09:58:14,F2,9.7037,OK,0
2026-07-10 09:58:25,F2,9.7046,OK,0
2026-07-10 09:58:35,F2,9.7055,OK,0
2026-07-10 09:58:45,F2,9.7064,OK,0
2026-07-10 09:58:55,F2,9.7072,OK,0
2026-07-10 09:59:06,F2,9.7081,OK,1
2026-07-10 09:59:16,F2,9.7088,OK,0
2026-07-10 09:59:26,F2,9.7096,OK,0
2026-07-10 09:59:36,F2,9.7103,OK,0
2026-07-10 09:59:47,F2,9.7109,OK,0
2026-07-10 09:59:57,F2,9.7115,OK,0
2026-07-10 10:00:07,F2,9.7121,OK,0
2026-07-10 10:00:17,F2,9.7127,OK,0
2026-07-10 10:00:28,F2,9.7132,OK,0
2026-07-10 10:00:38,F2,9.7137,OK,0
2026-07-10 10:00:48,F2,9.7141,OK,0
2026-07-10 10:00:58,F2,9.7145,OK,0
2026-07-10 10:01:09,F2,9.7148,OK,0
2026-07-10 10:01:19,F2,9.7151,OK,0
2026-07-10 10:01:29,F2,9.7154,OK,0
2026-07-10 10:01:40,F2,9.7157,OK,0
2026-07-10 10:01:50,F2,9.7159,OK,0
2026-07-10 10:02:00,F2,9.7160,OK,0
2026-07-10 10:02:10,F2,9.7161,OK,0
2026-07-10 10:02:21,F2,9.7162,OK,0
2026-07-10 10:02:31,F2,9.7162,OK,0
2026-07-10 10:02:41,F2,9.7162,OK,0
2026-07-10 10:02:51,F2,9.7162,OK,0
2026-07-10 10:03:02,F2,9.7161,OK,0
2026-07-10 10:03:12,F2,9.7159,OK,0
2026-07-10 10:03:22,F2,9.7158,OK,0
2026-07-10 10:03:32,F2,9.7155,OK,0
2026-07-10 10:03:43,F2,9.7153,OK,0
2026-07-10 10:03:53,F2,9.7150,OK,0
2026-07-10 10:04:03,F2,9.7146,OK,0
2026-07-10 10:04:13,F2,9.7142,OK,0
2026-07-10 10:04:24,F2,9.7138,OK,0
2026-07-10 10:04:34,F2,9.7133,OK,0
2026-07-10 10:04:44,F2,9.7127,OK,0
2026-07-10 10:04:54,F2,9.7122,OK,0
2026-07-10 10:05:05,F2,9.7115,OK,0
2026-07-10 10:05:15,F2,9.7109,OK,0
2026-07-10 10:05:25,F2,9.7102,OK,0
2026-07-10 10:05:36,F2,9.7094,OK,0
2026-07-10 10:05:46,F2,9.7086,OK,0
2026-07-10 10:05:56,F2,9.7077,OK,0
2026-07-10 10:06:06,F2,9.7068,OK,0
2026-07-10 10:06:17,F2,9.7059,OK,0
2026-07-10 10:06:27,F2,9.7049,OK,0
2026-07-10 10:06:37,F2,9.7039,OK,0
2026-07-10 10:06:47,F2,9.7028,OK,0
2026-07-10 10:06:58,F2,9.7017,OK,0
2026-07-10 10:07:08,F2,9.7005,OK,1
2026-07-10 10:07:18,F2,9.6993,OK,0
2026-07-10 10:07:29,F2,9.6981,OK,0
2026-07-10 10:07:39,F2,9.6968,OK,0
2026-07-10 10:07:49,F2,9.6954,OK,0
2026-07-10 10:07:59,F2,9.6941,OK,0
2026-07-10 10:08:10,F2,9.6926,OK,0
2026-07-10 10:08:20,F2,9.6912,OK,0
2026-07-10 10:08:30,F2,9.6896,OK,0
2026-07-10 10:08:40,F2,9.6881,OK,0
2026-07-10 10:08:51,F2,9.6865,OK,0
2026-07-10 10:09:01,F2,9.6848,OK,0
2026-07-10 10:09:11,F2,9.6832,OK,0
2026-07-10 10:09:21,F2,9.6814,OK,0
2026-07-10 10:09:32,F2,9.6796,OK,0
2026-07-10 10:09:42,F2,9.6778,OK,0
2026-07-10 10:09:52,F2,9.6760,OK,0
2026-07-10 10:10:02,F2,9.6741,OK,0
2026-07-10 10:10:13,F2,9.6721,OK,0
2026-07-10 10:10:23,F2,9.6701,OK,0
2026-07-10 10:10:33,F2,9.6681,OK,0
2026-07-10 10:10:43,F2,9.6660,OK,0
2026-07-10 10:10:54,F2,9.6639,OK,0
2026-07-10 10:11:04,F2,9.6617,OK,0
2026-07-10 10:11:14,F2,9.6595,OK,0
2026-07-10 10:11:25,F2,9.6573,OK,0
2026-07-10 10:11:35,F2,9.6550,OK,0
2026-07-10 10:11:45,F2,9.6527,OK,0
2026-07-10 10:11:55,F2,9.6504,OK,0
2026-07-10 10:12:06,F2,9.6480,OK,0
2026-07-10 10:12:16,F2,9.6455,OK,0
2026-07-10 10:12:26,F2,9.6430,OK,0
2026-07-10 10:12:36,F2,9.6405,OK,0
2026-07-10 10:12:47,F2,9.6380,OK,0
2026-07-10 10:12:57,F2,9.6354,OK,0
2026-07-10 10:13:07,F2,9.6327,OK,0
2026-07-10 10:13:17,F2,9.6301,OK,0
2026-07-10 10:13:28,F2,9.6273,OK,0
2026-07-10 10:13:38,F2,9.6246,OK,0
2026-07-10 10:13:48,F2,9.6218,OK,0
2026-07-10 10:13:58,F2,9.6190,OK,0
2026-07-10 10:14:09,F2,9.6161,OK,0
2026-07-10 10:14:19,F2,9.6132,OK,0
2026-07-10 10:14:29,F2,9.6103,OK,0
2026-07-10 10:14:40,F2,9.6073,OK,0
2026-07-10 10:14:50,F2,9.6043,OK,0
2026-07-10 10:15:00,F2,9.6013,OK,0
2026-07-10 10:15:10,F2,9.5982,OK,0
2026-07-10 10:15:21,F2,9.5951,OK,0
2026-07-10 10:15:31,F2,9.5920,OK,0
2026-07-10 10:15:41,F2,9.5888,OK,0
2026-07-10 10:15:51,F2,9.5856,OK,0
2026-07-10 10:16:02,F2,9.5823,OK,0
2026-07-10 10:16:12,F2,9.5791,OK,0
2026-07-10 10:16:22,F2,9.5757,OK,0
2026-07-10 10:16:32,F2,9.5724,OK,0
2026-07-10 10:16:43,F2,9.5690,OK,0
2026-07-10 10:16:53,F2,9.5656,OK,0
2026-07-10 10:17:03,F2,9.5622,OK,0
2026-07-10 10:17:13,F2,9.5587,OK,0
2026-07-10 10:17:24,F2,9.5552,OK,0
2026-07-10 10:17:34,F2,9.5517,OK,0
2026-07-10 10:17:44,F2,9.5482,OK,0
2026-07-10 10:17:54,F2,9.5446,OK,0
2026-07-10 10:18:05,F2,9.5410,OK,0
2026-07-10 10:18:15,F2,9.5373,OK,0
2026-07-10 10:18:25,F2,9.5337,OK,0
2026-07-10 10:18:35,F2,9.5300,OK,0
2026-07-10 10:18:46,F2,9.5263,OK,0
2026-07-10 10:18:56,F2,9.5225,OK,0
2026-07-10 10:19:06,F2,9.5187,OK,0
2026-07-10 10:19:16,F2,9.5150,OK,0
2026-07-10 10:19:27,F2,9.5111,OK,0
2026-07-10 10:19:37,F2,9.5073,OK,0
2026-07-10 10:19:47,F2,9.5034,OK,0
2026-07-10 10:19:57,F2,9.4996,OK,0
2026-07-10 10:20:08,F2,9.4957,OK,0
2026-07-10 10:20:18,F2,9.4917,OK,0
2026-07-10 10:20:28,F2,9.4878,OK,0
2026-07-10 10:20:38,F2,9.4838,OK,0
2026-07-10 10:20:49,F2,9.4798,OK,0
2026-07-10 10:20:59,F2,9.4758,OK,0
2026-07-10 10:21:09,F2,9.4718,OK,0
2026-07-10 10:21:19,F2,9.4678,OK,0
2026-07-10 10:21:30,F2,9.4637,OK,0
2026-07-10 10:21:40,F2,9.4596,OK,0
2026-07-10 10:21:50,F2,9.4555,OK,0
2026-07-10 10:22:00,F2,9.4514,OK,0
2026-07-10 10:22:11,F2,9.4473,OK,0
2026-07-10 10:22:21,F2,9.4432,OK,0
2026-07-10 10:22:31,F2,9.4390,OK,0
2026-07-10 10:22:41,F2,9.4348,OK,0
2026-07-10 10:22:52,F2,9.4307,OK,0
2026-07-10 10:23:02,F2,9.4265,OK,0
2026-07-10 10:23:12,F2,9.4223,OK,0
2026-07-10 10:23:22,F2,9.4181,OK,0
2026-07-10 10:23:33,F2,9.4139,OK,0
2026-07-10 10:23:43,F2,9.4096,OK,0
2026-07-10 10:23:53,F2,9.4054,OK,0
2026-07-10 10:24:04,F2,9.4011,OK,0
2026-07-10 10:24:14,F2,9.3969,OK,0
2026-07-10 10:24:24,F2,9.3926,OK,0
2026-07-10 10:24:34,F2,9.3883,OK,0
2026-07-10 10:24:45,F2,9.3840,OK,0
2026-07-10 10:24:55,F2,9.3798,OK,0
2026-07-10 10:25:05,F2,9.3755,OK,0
2026-07-10 10:25:15,F2,9.3712,OK,0
2026-07-10 10:25:26,F2,9.3669,OK,0
2026-07-10 10:25:36,F2,9.3626,OK,0
2026-07-10 10:25:46,F2,9.3583,OK,0
2026-07-10 10:25:56,F2,9.3540,OK,0
2026-07-10 10:26:07,F2,9.3497,OK,0
2026-07-10 10:26:17,F2,9.3453,OK,0
2026-07-10 10:26:27,F2,9.3410,OK,0
2026-07-10 10:26:37,F2,9.3367,OK,0
2026-07-10 10:26:48,F2,9.3324,OK,0
2026-07-10 10:26:58,F2,9.3281,OK,0
2026-07-10 10:27:08,F2,9.3238,OK,0
2026-07-10 10:27:18,F2,9.3195,OK,0
2026-07-10 10:27:29,F2,9.3151,OK,0
2026-07-10 10:27:39,F2,9.3108,OK,0
2026-07-10 10:27:49,F2,9.3065,OK,0
2026-07-10 10:28:00,F2,9.3022,OK,0
2026-07-10 10:28:10,F2,9.2979,OK,0
2026-07-10 10:28:20,F2,9.2936,OK,0
2026-07-10 10:28:30,F2,9.2892,OK,0
2026-07-10 10:28:41,F2,9.2849,OK,0
2026-07-10 10:28:51,F2,9.2806,OK,0
2026-07-10 10:29:01,F2,9.2763,OK,0
2026-07-10 10:29:11,F2,9.2720,OK,0
2026-07-10 10:29:22,F2,9.2677,OK,0
2026-07-10 10:29:32,F2,9.2634,OK,0
2026-07-10 10:29:42,F2,9.2591,OK,0
2026-07-10 10:29:52,F2,9.2548,OK,0
2026-07-10 10:30:03,F2,9.2505,OK,0
2026-07-10 10:30:13,F2,9.2463,OK,0
2026-07-10 10:30:23,F2,9.2420,OK,0
2026-07-10 10:30:34,F2,9.2377,OK,1
2026-07-10 10:30:44,F2,9.2334,OK,0
2026-07-10 10:30:54,F2,9.2292,OK,0
2026-07-10 10:31:04,F2,9.2249,OK,0
2026-07-10 10:31:15,F2,9.2207,OK,0
2026-07-10 10:31:25,F2,9.2164,OK,0
2026-07-10 10:31:35,F2,9.2122,OK,0
2026-07-10 10:31:45,F2,9.2080,OK,0
2026-07-10 10:31:56,F2,9.2038,OK,0
2026-07-10 10:32:06,F2,9.1996,OK,0
2026-07-10 10:32:16,F2,9.1954,OK,0
2026-07-10 10:32:27,F2,9.1912,OK,0
2026-07-10 10:32:37,F2,9.1870,OK,0
2026-07-10 10:32:47,F2,9.1829,OK,0
2026-07-10 10:32:57,F2,9.1787,OK,0
2026-07-10 10:33:08,F2,9.1746,OK,0
2026-07-10 10:33:18,F2,9.1704,OK,0
2026-07-10 10:33:28,F2,9.1663,OK,0
2026-07-10 10:33:38,F2,9.1622,OK,0
2026-07-10 10:33:49,F2,9.1581,OK,0
2026-07-10 10:33:59,F2,9.1540,OK,0
2026-07-10 10:34:09,F2,9.1499,OK,0
2026-07-10 10:34:19,F2,9.1459,OK,0
2026-07-10 10:34:30,F2,9.1418,OK,0
2026-07-10 10:34:40,F2,9.1378,OK,0
2026-07-10 10:34:50,F2,9.1338,OK,0
2026-07-10 10:35:00,F2,9.1297,OK,0
2026-07-10 10:35:11,F2,9.1257,OK,0
2026-07-10 10:35:21,F2,9.1218,OK,1
2026-07-10 10:35:32,F2,9.1178,OK,0
2026-07-10 10:35:42,F2,9.1138,OK,0
2026-07-10 10:35:52,F2,9.1099,OK,0
2026-07-10 10:36:02,F2,9.1059,OK,0
2026-07-10 10:36:13,F2,9.1020,OK,0
2026-07-10 10:36:23,F2,9.0981,OK,0
2026-07-10 10:36:33,F2,9.0942,OK,0
2026-07-10 10:36:43,F2,9.0903,OK,0
2026-07-10 10:36:54,F2,9.0865,OK,0
2026-07-10 10:37:04,F2,9.0826,OK,0
2026-07-10 10:37:14,F2,9.0788,OK,0
2026-07-10 10:37:24,F2,9.0750,OK,0
2026-07-10 10:37:35,F2,9.0711,OK,0
2026-07-10 10:37:45,F2,9.0673,OK,0
2026-07-10 10:37:55,F2,9.0636,OK,0
2026-07-10 10:38:05,F2,9.0598,OK,0
2026-07-10 10:38:16,F2,9.0561,OK,0
2026-07-10 10:38:26,F2,9.0523,OK,0
2026-07-10 10:38:36,F2,9.0486,OK,0
2026-07-10 10:38:47,F2,9.0449,OK,0
2026-07-10 10:38:57,F2,9.0412,OK,0
2026-07-10 10:39:07,F2,9.0375,OK,0
2026-07-10 10:39:17,F2,9.0339,OK,0
2026-07-10 10:39:28,F2,9.0303,OK,0
2026-07-10 10:39:38,F2,9.0266,OK,0
2026-07-10 10:39:48,F2,9.0230,OK,0
2026-07-10 10:39:58,F2,9.0195,OK,0
2026-07-10 10:40:09,F2,9.0159,OK,0
2026-07-10 10:40:19,F2,9.0123,OK,0
2026-07-10 10:40:29,F2,9.0088,OK,0
2026-07-10 10:40:39,F2,9.0053,OK,0
2026-07-10 10:40:50,F2,9.0018,OK,0
2026-07-10 10:41:00,F2,8.9983,OK,0
2026-07-10 10:41:10,F2,8.9949,OK,0
2026-07-10 10:41:21,F2,8.9914,OK,0
2026-07-10 10:41:31,F2,8.9880,OK,0
2026-07-10 10:41:41,F2,8.9846,OK,0
2026-07-10 10:41:51,F2,8.9812,OK,0
2026-07-10 10:42:02,F2,8.9779,OK,0
2026-07-10 10:42:12,F2,8.9745,OK,0
2026-07-10 10:42:22,F2,8.9712,OK,0
2026-07-10 10:42:32,F2,8.9679,OK,0
2026-07-10 10:42:42,F2,8.9647,OK,0
2026-07-10 10:42:53,F2,8.9614,OK,0
2026-07-10 10:43:03,F2,8.9582,OK,0
2026-07-10 10:43:13,F2,8.9550,OK,0
2026-07-10 10:43:24,F2,8.9518,OK,0
2026-07-10 10:43:34,F2,8.9487,OK,0
2026-07-10 10:43:44,F2,8.9455,OK,0
2026-07-10 10:43:54,F2,8.9424,OK,0
2026-07-10 10:44:05,F2,8.9393,OK,0
2026-07-10 10:44:15,F2,8.9362,OK,0
2026-07-10 10:44:25,F2,8.9332,OK,0
2026-07-10 10:44:35,F2,8.9302,OK,0
2026-07-10 10:44:46,F2,8.9272,OK,0
2026-07-10 10:44:56,F2,8.9242,OK,0
2026-07-10 10:45:06,F2,8.9212,OK,0
2026-07-10 10:45:16,F2,8.9183,OK,0
2026-07-10 10:45:27,F2,8.9154,OK,0
2026-07-10 10:45:37,F2,8.9125,OK,1
2026-07-10 10:45:47,F2,8.9097,OK,1
2026-07-10 10:45:57,F2,8.9068,OK,0
2026-07-10 10:46:08,F2,8.9040,OK,1
2026-07-10 10:46:18,F2,8.9012,OK,0
2026-07-10 10:46:28,F2,8.8985,OK,0
2026-07-10 10:46:38,F2,8.8958,OK,0
2026-07-10 10:46:49,F2,8.8930,OK,0
2026-07-10 10:46:59,F2,8.8904,OK,0
2026-07-10 10:47:09,F2,8.8877,OK,0
2026-07-10 10:47:20,F2,8.8851,OK,0
2026-07-10 10:47:30,F2,8.8825,OK,0
2026-07-10 10:47:40,F2,8.8799,OK,0
2026-07-10 10:47:51,F2,8.8773,OK,0
2026-07-10 10:48:01,F2,8.8748,OK,0
2026-07-10 10:48:11,F2,8.8723,OK,0
2026-07-10 10:48:22,F2,8.8698,OK,0
2026-07-10 10:48:32,F2,8.8674,OK,0
2026-07-10 10:48:42,F2,8.8650,OK,0
2026-07-10 10:48:52,F2,8.8626,OK,0
2026-07-10 10:49:03,F2,8.8602,OK,0
2026-07-10 10:49:13,F2,8.8579,OK,0
2026-07-10 10:49:23,F2,8.8556,OK,0
2026-07-10 10:49:33,F2,8.8533,OK,0
2026-07-10 10:49:44,F2,8.8510,OK,0
2026-07-10 10:49:54,F2,8.8488,OK,0
2026-07-10 10:50:04,F2,8.8466,OK,0
2026-07-10 10:50:14,F2,8.8444,OK,0
2026-07-10 10:50:25,F2,8.8422,OK,0
2026-07-10 10:50:35,F2,8.8401,OK,0
2026-07-10 10:50:45,F2,8.8380,OK,0
2026-07-10 10:50:55,F2,8.8359,OK,0
2026-07-10 10:51:06,F2,8.8338,OK,0
2026-07-10 10:51:16,F2,8.8318,OK,0
2026-07-10 10:51:26,F2,8.8298,OK,0
2026-07-10 10:51:37,F2,8.8279,OK,0
2026-07-10 10:51:47,F2,8.8259,OK,0
2026-07-10 10:51:57,F2,8.8240,OK,0
2026-07-10 10:52:07,F2,8.8221,OK,0
2026-07-10 10:52:18,F2,8.8203,OK,0
2026-07-10 10:52:28,F2,8.8185,OK,0
2026-07-10 10:52:38,F2,8.8167,OK,0
2026-07-10 10:52:48,F2,8.8150,OK,0
2026-07-10 10:52:59,F2,8.8132,OK,0
2026-07-10 10:53:09,F2,8.8116,OK,0
2026-07-10 10:53:19,F2,8.8099,OK,0
2026-07-10 10:53:29,F2,8.8083,OK,1
2026-07-10 10:53:40,F2,8.8067,OK,0
2026-07-10 10:53:50,F2,8.8052,OK,0
2026-07-10 10:54:00,F2,8.8036,OK,0
2026-07-10 10:54:10,F2,8.8022,OK,0
2026-07-10 10:54:21,F2,8.8007,OK,0
2026-07-10 10:54:31,F2,8.7993,OK,0
2026-07-10 10:54:41,F2,8.7979,OK,0
2026-07-10 10:54:52,F2,8.7966,OK,0
2026-07-10 10:55:02,F2,8.7953,OK,0
2026-07-10 10:55:12,F2,8.7940,OK,0
2026-07-10 10:55:22,F2,8.7927,OK,0
2026-07-10 10:55:33,F2,8.7915,OK,0
2026-07-10 10:55:43,F2,8.7903,OK,0
2026-07-10 10:55:53,F2,8.7892,OK,0
2026-07-10 10:56:03,F2,8.7881,OK,0
2026-07-10 10:56:14,F2,8.7870,OK,0
2026-07-10 10:56:24,F2,8.7860,OK,0
2026-07-10 10:56:34,F2,8.7850,OK,0
2026-07-10 10:56:44,F2,8.7840,OK,0
2026-07-10 10:56:55,F2,8.7830,OK,0
2026-07-10 10:57:05,F2,8.7821,OK,0
2026-07-10 10:57:15,F2,8.7813,OK,0
2026-07-10 10:57:25,F2,8.7804,OK,1
2026-07-10 10:57:36,F2,8.7796,OK,0
2026-07-10 10:57:46,F2,8.7788,OK,0
2026-07-10 10:57:56,F2,8.7781,OK,0
2026-07-10 10:58:07,F2,8.7773,OK,0
2026-07-10 10:58:17,F2,8.7766,OK,0
2026-07-10 10:58:27,F2,8.7760,OK,0
2026-07-10 10:58:37,F2,8.7754,OK,0
2026-07-10 10:58:48,F2,8.7748,OK,0
2026-07-10 10:58:58,F2,8.7742,OK,0
2026-07-10 10:59:08,F2,8.7737,OK,0
2026-07-10 10:59:18,F2,8.7731,OK,0
2026-07-10 10:59:29,F2,8.7727,OK,0
2026-07-10 10:59:39,F2,8.7722,OK,0
2026-07-10 10:59:49,F2,8.7718,OK,0
2026-07-10 10:59:59,F2,8.7714,OK,0
2026-07-10 11:00:10,F2,8.7710,OK,0
2026-07-10 11:00:20,F2,8.7707,OK,0
2026-07-10 11:00:30,F2,8.7704,OK,0
2026-07-10 11:00:40,F2,8.7701,OK,0
2026-07-10 11:00:51,F2,8.7699,OK,0
2026-07-10 11:01:01,F2,8.7696,OK,0
2026-07-10 11:01:11,F2,8.7694,OK,0
2026-07-10 11:01:21,F2,8.7693,OK,0
2026-07-10 11:01:32,F2,8.7691,OK,0
2026-07-10 11:01:42,F2,8.7690,OK,0
2026-07-10 11:01:52,F2,8.7689,OK,0
2026-07-10 11:02:02,F2,8.7688,OK,0
2026-07-10 11:02:13,F2,8.7688,OK,0
2026-07-10 11:02:23,F2,8.7687,OK,0
2026-07-10 11:02:33,F2,8.7687,OK,0
2026-07-10 11:02:44,F2,8.7687,OK,0
2026-07-10 11:02:54,F2,8.7688,OK,0
2026-07-10 11:03:04,F2,8.7689,OK,0
2026-07-10 11:03:14,F2,8.7690,OK,0
2026-07-10 11:03:25,F2,8.7691,OK,0
2026-07-10 11:03:35,F2,8.7692,OK,0
2026-07-10 11:03:45,F2,8.7694,OK,0
2026-07-10 11:03:55,F2,8.7695,OK,0
2026-07-10 11:04:06,F2,8.7698,OK,0
2026-07-10 11:04:16,F2,8.7700,OK,0
2026-07-10 11:04:26,F2,8.7702,OK,0
2026-07-10 11:04:37,F2,8.7705,OK,0
2026-07-10 11:04:47,F2,8.7708,OK,0
2026-07-10 11:04:57,F2,8.7711,OK,1
2026-07-10 11:05:07,F2,8.7714,OK,0
2026-07-10 11:05:18,F2,8.7718,OK,1
2026-07-10 11:05:28,F2,8.7722,OK,0
2026-07-10 11:05:38,F2,8.7725,OK,0
2026-07-10 11:05:48,F2,8.7730,OK,0
2026-07-10 11:05:59,F2,8.7734,OK,0
2026-07-10 11:06:09,F2,8.7738,OK,0
2026-07-10 11:06:19,F2,8.7743,OK,0
2026-07-10 11:06:30,F2,8.7748,OK,0
2026-07-10 11:06:40,F2,8.7753,OK,0
2026-07-10 11:06:50,F2,8.7758,OK,0
2026-07-10 11:07:00,F2,8.7763,OK,0
2026-07-10 11:07:11,F2,8.7768,OK,0
2026-07-10 11:07:21,F2,8.7774,OK,0
2026-07-10 11:07:31,F2,8.7780,OK,0
2026-07-10 11:07:42,F2,8.7786,OK,0
2026-07-10 11:07:52,F2,8.7792,OK,0
2026-07-10 11:08:02,F2,8.7798,OK,0
2026-07-10 11:08:12,F2,8.7804,OK,0
2026-07-10 11:08:23,F2,8.7810,OK,0
2026-07-10 11:08:33,F2,8.7817,OK,0
2026-07-10 11:08:43,F2,8.7824,OK,0
2026-07-10 11:08:53,F2,8.7831,OK,0
2026-07-10 11:09:04,F2,8.7837,OK,0
2026-07-10 11:09:14,F2,8.7845,OK,0
2026-07-10 11:09:24,F2,8.7852,OK,0
2026-07-10 11:09:35,F2,8.7859,OK,0
2026-07-10 11:09:45,F2,8.7867,OK,0
2026-07-10 11:09:55,F2,8.7874,OK,0
2026-07-10 11:10:05,F2,8.7882,OK,0
2026-07-10 11:10:16,F2,8.7890,OK,0
2026-07-10 11:10:26,F2,8.7898,OK,0
2026-07-10 11:10:36,F2,8.7906,OK,0
2026-07-10 11:10:46,F2,8.7915,OK,0
2026-07-10 11:10:57,F2,8.7923,OK,0
2026-07-10 11:11:07,F2,8.7932,OK,0
2026-07-10 11:11:17,F2,8.7940,OK,0
2026-07-10 11:11:28,F2,8.7949,OK,0
2026-07-10 11:11:38,F2,8.7958,OK,0
2026-07-10 11:11:48,F2,8.7967,OK,0
2026-07-10 11:11:58,F2,8.7977,OK,0
2026-07-10 11:12:09,F2,8.7986,OK,0
2026-07-10 11:12:19,F2,8.7996,OK,0
2026-07-10 11:12:29,F2,8.8005,OK,0
2026-07-10 11:12:39,F2,8.8015,OK,0
2026-07-10 11:12:50,F2,8.8025,OK,0
2026-07-10 11:13:00,F2,8.8035,OK,0
2026-07-10 11:13:10,F2,8.8045,OK,0
2026-07-10 11:13:20,F2,8.8056,OK,0
2026-07-10 11:13:31,F2,8.8066,OK,0
2026-07-10 11:13:41,F2,8.8077,OK,0
2026-07-10 11:13:51,F2,8.8088,OK,0
2026-07-10 11:14:01,F2,8.8098,OK,0
2026-07-10 11:14:12,F2,8.8109,OK,0
2026-07-10 11:14:22,F2,8.8121,OK,0
2026-07-10 11:14:32,F2,8.8132,OK,0
2026-07-10 11:14:42,F2,8.8143,OK,0
2026-07-10 11:14:53,F2,8.8155,OK,0
2026-07-10 11:15:03,F2,8.8167,OK,0
2026-07-10 11:15:13,F2,8.8178,OK,0
2026-07-10 11:15:24,F2,8.8190,OK,0
2026-07-10 11:15:34,F2,8.8203,OK,0
2026-07-10 11:15:44,F2,8.8215,OK,0
2026-07-10 11:15:54,F2,8.8227,OK,0
2026-07-10 11:16:05,F2,8.8240,OK,0
2026-07-10 11:16:15,F2,8.8252,OK,0
2026-07-10 11:16:25,F2,8.8265,OK,0
2026-07-10 11:16:35,F2,8.8278,OK,0
2026-07-10 11:16:46,F2,8.8291,OK,0
2026-07-10 11:16:56,F2,8.8304,OK,0
2026-07-10 11:17:06,F2,8.8318,OK,0
2026-07-10 11:17:16,F2,8.8331,OK,0
2026-07-10 11:17:27,F2,8.8345,OK,0
2026-07-10 11:17:37,F2,8.8359,OK,0
2026-07-10 11:17:47,F2,8.8373,OK,0
2026-07-10 11:17:58,F2,8.8387,OK,0
2026-07-10 11:18:08,F2,8.8401,OK,0
2026-07-10 11:18:18,F2,8.8416,OK,0
2026-07-10 11:18:28,F2,8.8430,OK,0
2026-07-10 11:18:39,F2,8.8445,OK,0
2026-07-10 11:18:49,F2,8.8460,OK,0
2026-07-10 11:18:59,F2,8.8475,OK,0
2026-07-10 11:19:09,F2,8.8490,OK,0
2026-07-10 11:19:20,F2,8.8505,OK,0
2026-07-10 11:19:30,F2,8.8521,OK,0
2026-07-10 11:19:40,F2,8.8536,OK,0
2026-07-10 11:19:50,F2,8.8552,OK,0
2026-07-10 11:20:01,F2,8.8568,OK,0
2026-07-10 11:20:11,F2,8.8584,OK,1
2026-07-10 11:20:21,F2,8.8600,OK,0
2026-07-10 11:20:31,F2,8.8617,OK,0
2026-07-10 11:20:42,F2,8.8633,OK,0
2026-07-10 11:20:52,F2,8.8650,OK,0
2026-07-10 11:21:02,F2,8.8666,OK,0
2026-07-10 11:21:13,F2,8.8683,OK,0
2026-07-10 11:21:23,F2,8.8700,OK,0
2026-07-10 11:21:33,F2,8.8718,OK,0
2026-07-10 11:21:43,F2,8.8735,OK,0
2026-07-10 11:21:54,F2,8.8752,OK,0
2026-07-10 11:22:04,F2,8.8770,OK,0
2026-07-10 11:22:14,F2,8.8788,OK,0
2026-07-10 11:22:24,F2,8.8806,OK,0
2026-07-10 11:22:35,F2,8.8824,OK,0
2026-07-10 11:22:45,F2,8.8842,OK,0
2026-07-10 11:22:55,F2,8.8860,OK,0
2026-07-10 11:23:05,F2,8.8878,OK,0
2026-07-10 11:23:16,F2,8.8897,OK,0
2026-07-10 11:23:26,F2,8.8916,OK,0
2026-07-10 11:23:36,F2,8.8934,OK,0
2026-07-10 11:23:46,F2,8.8953,OK,0
2026-07-10 11:23:57,F2,8.8972,OK,0
2026-07-10 11:24:07,F2,8.8991,OK,0
2026-07-10 11:24:17,F2,8.9011,OK,0
2026-07-10 11:24:27,F2,8.9030,OK,0
2026-07-10 11:24:38,F2,8.9049,OK,0
2026-07-10 11:24:48,F2,8.9069,OK,0
2026-07-10 11:24:58,F2,8.9089,OK,0
2026-07-10 11:25:08,F2,8.9108,OK,0
2026-07-10 11:25:19,F2,8.9128,OK,0
2026-07-10 11:25:29,F2,8.9148,OK,0
2026-07-10 11:25:39,F2,8.9168,OK,0
2026-07-10 11:25:49,F2,8.9188,OK,0
2026-07-10 11:26:00,F2,8.9208,OK,0
2026-07-10 11:26:10,F2,8.9229,OK,0
2026-07-10 11:26:20,F2,8.9249,OK,0
2026-07-10 11:26:31,F2,8.9269,OK,0
2026-07-10 11:26:41,F2,8.9290,OK,0
2026-07-10 11:26:51,F2,8.9310,OK,0
2026-07-10 11:27:01,F2,8.9331,OK,0
2026-07-10 11:27:12,F2,8.9352,OK,0
2026-07-10 11:27:22,F2,8.9372,OK,0
2026-07-10 11:27:32,F2,8.9393,OK,0
2026-07-10 11:27:42,F2,8.9414,OK,0
2026-07-10 11:27:53,F2,8.9435,OK,0
2026-07-10 11:28:03,F2,8.9457,OK,0
2026-07-10 11:28:13,F2,8.9478,OK,0
2026-07-10 11:28:24,F2,8.9499,OK,0
2026-07-10 11:28:34,F2,8.9521,OK,0
2026-07-10 11:28:44,F2,8.9542,OK,0
2026-07-10 11:28:54,F2,8.9564,OK,0
2026-07-10 11:29:05,F2,8.9586,OK,0
2026-07-10 11:29:15,F2,8.9608,OK,0
2026-07-10 11:29:25,F2,8.9630,OK,0
2026-07-10 11:29:36,F2,8.9652,OK,0
2026-07-10 11:29:46,F2,8.9674,OK,0
2026-07-10 11:29:56,F2,8.9696,OK,0
2026-07-10 11:30:06,F2,8.9718,OK,0
2026-07-10 11:30:17,F2,8.9741,OK,0
2026-07-10 11:30:27,F2,8.9763,OK,0
2026-07-10 11:30:37,F2,8.9786,OK,0
2026-07-10 11:30:47,F2,8.9809,OK,0
2026-07-10 11:30:58,F2,8.9832,OK,0
2026-07-10 11:31:08,F2,8.9854,OK,0
2026-07-10 11:31:18,F2,8.9878,OK,0
2026-07-10 11:31:29,F2,8.9901,OK,0
2026-07-10 11:31:39,F2,8.9924,OK,0
2026-07-10 11:31:49,F2,8.9947,OK,0
2026-07-10 11:31:59,F2,8.9971,OK,0
2026-07-10 11:32:10,F2,8.9994,OK,0
2026-07-10 11:32:20,F2,9.0018,OK,0
2026-07-10 11:32:30,F2,9.0041,OK,0
2026-07-10 11:32:40,F2,9.0065,OK,0
2026-07-10 11:32:51,F2,9.0089,OK,0
2026-07-10 11:33:01,F2,9.0113,OK,0
2026-07-10 11:33:11,F2,9.0137,OK,0
2026-07-10 11:33:21,F2,9.0161,OK,0
2026-07-10 11:33:32,F2,9.0185,OK,0
2026-07-10 11:33:42,F2,9.0209,OK,0
2026-07-10 11:33:52,F2,9.0233,OK,0
2026-07-10 11:34:02,F2,9.0257,OK,0
2026-07-10 11:34:13,F2,9.0282,OK,0
2026-07-10 11:34:23,F2,9.0306,OK,0
2026-07-10 11:34:33,F2,9.0330,OK,1
2026-07-10 11:34:44,F2,9.0355,OK,0
2026-07-10 11:34:54,F2,9.0380,OK,0
2026-07-10 11:35:04,F2,9.0404,OK,1
2026-07-10 11:35:14,F2,9.0429,OK,0
2026-07-10 11:35:25,F2,9.0454,OK,0
2026-07-10 11:35:35,F2,9.0478,OK,1
2026-07-10 11:35:45,F2,9.0503,OK,1
2026-07-10 11:35:55,F2,9.0528,OK,0
2026-07-10 11:36:06,F2,9.0553,OK,0
2026-07-10 11:36:16,F2,9.0578,OK,0
2026-07-10 11:36:26,F2,9.0603,OK,0
2026-07-10 11:36:37,F2,9.0628,OK,0
2026-07-10 11:36:47,F2,9.0654,OK,0
2026-07-10 11:36:57,F2,9.0679,OK,0
2026-07-10 11:37:07,F2,9.0704,OK,0
2026-07-10 11:37:18,F2,9.0729,OK,0
2026-07-10 11:37:28,F2,9.0754,OK,0
2026-07-10 11:37:38,F2,9.0780,OK,0
2026-07-10 11:37:48,F2,9.0805,OK,0
2026-07-10 11:37:59,F2,9.0830,OK,0
2026-07-10 11:38:09,F2,9.0856,OK,0
2026-07-10 11:38:19,F2,9.0881,OK,0
2026-07-10 11:38:29,F2,9.0906,OK,0
2026-07-10 11:38:40,F2,9.0931,OK,0
2026-07-10 11:38:50,F2,9.0957,OK,0
2026-07-10 11:39:00,F2,9.0982,OK,0
2026-07-10 11:39:10,F2,9.1007,OK,0
2026-07-10 11:39:21,F2,9.1033,OK,0
2026-07-10 11:39:31,F2,9.1058,OK,0
2026-07-10 11:39:42,F2,9.1083,OK,0
2026-07-10 11:39:52,F2,9.1109,OK,0
2026-07-10 11:40:02,F2,9.1134,OK,0
2026-07-10 11:40:13,F2,9.1159,OK,0
2026-07-10 11:40:23,F2,9.1185,OK,0
2026-07-10 11:40:33,F2,9.1210,OK,0
2026-07-10 11:40:44,F2,9.1235,OK,0
2026-07-10 11:40:54,F2,9.1260,OK,0
2026-07-10 11:41:04,F2,9.1286,OK,0
2026-07-10 11:41:14,F2,9.1311,OK,1
2026-07-10 11:41:25,F2,9.1336,OK,0
2026-07-10 11:41:35,F2,9.1361,OK,0
2026-07-10 11:41:45,F2,9.1386,OK,0
2026-07-10 11:41:55,F2,9.1412,OK,0
2026-07-10 11:42:06,F2,9.1437,OK,0
2026-07-10 11:42:16,F2,9.1462,OK,0
2026-07-10 11:42:26,F2,9.1487,OK,0
2026-07-10 11:42:36,F2,9.1512,OK,0
2026-07-10 11:42:47,F2,9.1537,OK,0
2026-07-10 11:42:57,F2,9.1562,OK,0
2026-07-10 11:43:07,F2,9.1586,OK,0
2026-07-10 11:43:18,F2,9.1611,OK,0
2026-07-10 11:43:28,F2,9.1636,OK,0
2026-07-10 11:43:38,F2,9.1661,OK,0
2026-07-10 11:43:48,F2,9.1686,OK,0
2026-07-10 11:43:59,F2,9.1710,OK,0
2026-07-10 11:44:09,F2,9.1735,OK,0
2026-07-10 11:44:19,F2,9.1759,OK,0
2026-07-10 11:44:29,F2,9.1784,OK,0
2026-07-10 11:44:40,F2,9.1808,OK,0
2026-07-10 11:44:50,F2,9.1833,OK,0
2026-07-10 11:45:00,F2,9.1857,OK,0
2026-07-10 11:45:10,F2,9.1882,OK,0
2026-07-10 11:45:21,F2,9.1906,OK,0
2026-07-10 11:45:31,F2,9.1930,OK,0
2026-07-10 11:45:41,F2,9.1954,OK,0
2026-07-10 11:45:52,F2,9.1978,OK,0
2026-07-10 11:46:02,F2,9.2002,OK,0
2026-07-10 11:46:12,F2,9.2027,OK,0
2026-07-10 11:46:22,F2,9.2051,OK,0
2026-07-10 11:46:33,F2,9.2074,OK,0
2026-07-10 11:46:43,F2,9.2098,OK,0
2026-07-10 11:46:53,F2,9.2122,OK,0
2026-07-10 11:47:03,F2,9.2146,OK,0
2026-07-10 11:47:14,F2,9.2170,OK,0
2026-07-10 11:47:24,F2,9.2194,OK,0
2026-07-10 11:47:34,F2,9.2217,OK,0
2026-07-10 11:47:44,F2,9.2241,OK,0
2026-07-10 11:47:55,F2,9.2264,OK,0
2026-07-10 11:48:05,F2,9.2288,OK,0
2026-07-10 11:48:15,F2,9.2311,OK,0
2026-07-10 11:48:26,F2,9.2335,OK,0
2026-07-10 11:48:36,F2,9.2358,OK,0
2026-07-10 11:48:46,F2,9.2381,OK,0
2026-07-10 11:48:56,F2,9.2405,OK,0
2026-07-10 11:49:07,F2,9.2428,OK,0
2026-07-10 11:49:17,F2,9.2451,OK,0
2026-07-10 11:49:27,F2,9.2474,OK,0
2026-07-10 11:49:37,F2,9.2497,OK,0
2026-07-10 11:49:48,F2,9.2519,OK,0
2026-07-10 11:49:58,F2,9.2542,OK,0
2026-07-10 11:50:08,F2,9.2565,OK,0
2026-07-10 11:50:19,F2,9.2587,OK,0
2026-07-10 11:50:29,F2,9.2610,OK,0
2026-07-10 11:50:39,F2,9.2632,OK,0
2026-07-10 11:50:49,F2,9.2655,OK,0
2026-07-10 11:51:00,F2,9.2677,OK,0
2026-07-10 11:51:10,F2,9.2699,OK,0
2026-07-10 11:51:20,F2,9.2721,OK,0
2026-07-10 11:51:30,F2,9.2743,OK,0
2026-07-10 11:51:41,F2,9.2765,OK,0
2026-07-10 11:51:51,F2,9.2787,OK,0
2026-07-10 11:52:01,F2,9.2809,OK,0
2026-07-10 11:52:11,F2,9.2831,OK,0
2026-07-10 11:52:22,F2,9.2853,OK,0
2026-07-10 11:52:32,F2,9.2874,OK,0
2026-07-10 11:52:42,F2,9.2896,OK,0
2026-07-10 11:52:53,F2,9.2917,OK,0
2026-07-10 11:53:03,F2,9.2938,OK,0
2026-07-10 11:53:13,F2,9.2960,OK,0
2026-07-10 11:53:23,F2,9.2981,OK,0
2026-07-10 11:53:34,F2,9.3002,OK,0
2026-07-10 11:53:44,F2,9.3023,OK,0
2026-07-10 11:53:54,F2,9.3044,OK,0
2026-07-10 11:54:04,F2,9.3065,OK,0
2026-07-10 11:54:15,F2,9.3086,OK,0
2026-07-10 11:54:25,F2,9.3107,OK,0
2026-07-10 11:54:35,F2,9.3127,OK,0
2026-07-10 11:54:45,F2,9.3148,OK,0
2026-07-10 11:54:56,F2,9.3169,OK,0
2026-07-10 11:55:06,F2,9.3189,OK,0
2026-07-10 11:55:16,F2,9.3210,OK,0
2026-07-10 11:55:26,F2,9.3230,OK,0
2026-07-10 11:55:37,F2,9.3250,OK,0
2026-07-10 11:55:47,F2,9.3270,OK,0
2026-07-10 11:55:57,F2,9.3291,OK,0
2026-07-10 11:56:07,F2,9.3311,OK,0
2026-07-10 11:56:18,F2,9.3331,OK,0
2026-07-10 11:56:28,F2,9.3351,OK,0
2026-07-10 11:56:38,F2,9.3370,OK,0
2026-07-10 11:56:48,F2,9.3390,OK,0
2026-07-10 11:56:59,F2,9.3410,OK,0
2026-07-10 11:57:09,F2,9.3429,OK,0
2026-07-10 11:57:19,F2,9.3449,OK,0
2026-07-10 11:57:30,F2,9.3468,OK,0
2026-07-10 11:57:40,F2,9.3488,OK,0
2026-07-10 11:57:50,F2,9.3507,OK,0
2026-07-10 11:58:00,F2,9.3526,OK,0
2026-07-10 11:58:11,F2,9.3545,OK,0
2026-07-10 11:58:21,F2,9.3564,OK,0
2026-07-10 11:58:31,F2,9.3583,OK,0
2026-07-10 11:58:41,F2,9.3602,OK,0
2026-07-10 11:58:52,F2,9.3621,OK,0
2026-07-10 11:59:02,F2,9.3639,OK,0
2026-07-10 11:59:12,F2,9.3658,OK,0
2026-07-10 11:59:22,F2,9.3676,OK,0
2026-07-10 11:59:33,F2,9.3694,OK,0
2026-07-10 11:59:43,F2,9.3712,OK,0
2026-07-10 11:59:53,F2,9.3730,OK,0
2026-07-10 12:00:03,F2,9.3748,OK,0
2026-07-10 12:00:14,F2,9.3766,OK,0
2026-07-10 12:00:24,F2,9.3783,OK,0
2026-07-10 12:00:34,F2,9.3801,OK,0
2026-07-10 12:00:45,F2,9.3818,OK,0
2026-07-10 12:00:55,F2,9.3835,OK,0
2026-07-10 12:01:05,F2,9.3852,OK,0
2026-07-10 12:01:15,F2,9.3869,OK,0
2026-07-10 12:01:26,F2,9.3886,OK,1
2026-07-10 12:01:36,F2,9.3902,OK,0
2026-07-10 12:01:46,F2,9.3919,OK,0
2026-07-10 12:01:56,F2,9.3935,OK,0
2026-07-10 12:02:07,F2,9.3952,OK,0
2026-07-10 12:02:17,F2,9.3968,OK,0
2026-07-10 12:02:27,F2,9.3984,OK,0
2026-07-10 12:02:37,F2,9.4000,OK,0
2026-07-10 12:02:48,F2,9.4016,OK,0
2026-07-10 12:02:58,F2,9.4032,OK,0
2026-07-10 12:03:08,F2,9.4048,OK,0
2026-07-10 12:03:19,F2,9.4063,OK,0
2026-07-10 12:03:29,F2,9.4079,OK,0
2026-07-10 12:03:39,F2,9.4094,OK,0
2026-07-10 12:03:49,F2,9.4110,OK,0
2026-07-10 12:04:00,F2,9.4125,OK,0
2026-07-10 12:04:10,F2,9.4140,OK,0
2026-07-10 12:04:20,F2,9.4155,OK,0
2026-07-10 12:04:30,F2,9.4170,OK,0
2026-07-10 12:04:41,F2,9.4185,OK,0
2026-07-10 12:04:51,F2,9.4200,OK,0
2026-07-10 12:05:01,F2,9.4215,OK,0
2026-07-10 12:05:11,F2,9.4230,OK,0
2026-07-10 12:05:22,F2,9.4244,OK,0
2026-07-10 12:05:32,F2,9.4259,OK,0
2026-07-10 12:05:42,F2,9.4273,OK,0
2026-07-10 12:05:52,F2,9.4288,OK,0
2026-07-10 12:06:03,F2,9.4302,OK,0
2026-07-10 12:06:13,F2,9.4316,OK,0
2026-07-10 12:06:23,F2,9.4330,OK,0
2026-07-10 12:06:34,F2,9.4344,OK,0
2026-07-10 12:06:44,F2,9.4358,OK,0
2026-07-10 12:06:54,F2,9.4372,OK,0
2026-07-10 12:07:04,F2,9.4386,OK,0
2026-07-10 12:07:15,F2,9.4400,OK,0
2026-07-10 12:07:25,F2,9.4414,OK,0
2026-07-10 12:07:35,F2,9.4427,OK,0
2026-07-10 12:07:45,F2,9.4441,OK,0
2026-07-10 12:07:56,F2,9.4454,OK,0
2026-07-10 12:08:06,F2,9.4468,OK,0
2026-07-10 12:08:16,F2,9.4481,OK,0
2026-07-10 12:08:26,F2,9.4494,OK,0
2026-07-10 12:08:37,F2,9.4507,OK,0
2026-07-10 12:08:47,F2,9.4520,OK,0
2026-07-10 12:08:57,F2,9.4533,OK,0
2026-07-10 12:09:07,F2,9.4546,OK,0
2026-07-10 12:09:18,F2,9.4559,OK,0
2026-07-10 12:09:28,F2,9.4572,OK,0
2026-07-10 12:09:38,F2,9.4585,OK,0
2026-07-10 12:09:49,F2,9.4597,OK,0
2026-07-10 12:09:59,F2,9.4610,OK,0
2026-07-10 12:10:09,F2,9.4622,OK,0
2026-07-10 12:10:19,F2,9.4635,OK,0
2026-07-10 12:10:30,F2,9.4647,OK,0
2026-07-10 12:10:40,F2,9.4659,OK,0
2026-07-10 12:10:50,F2,9.4671,OK,0
2026-07-10 12:11:00,F2,9.4683,OK,0
2026-07-10 12:11:11,F2,9.4695,OK,0
2026-07-10 12:11:21,F2,9.4707,OK,0
2026-07-10 12:11:31,F2,9.4719,OK,0
2026-07-10 12:11:41,F2,9.4731,OK,0
2026-07-10 12:11:52,F2,9.4743,OK,0
2026-07-10 12:12:02,F2,9.4754,OK,0
2026-07-10 12:12:12,F2,9.4766,OK,0
2026-07-10 12:12:23,F2,9.4777,OK,0
2026-07-10 12:12:33,F2,9.4789,OK,0
2026-07-10 12:12:43,F2,9.4800,OK,0
2026-07-10 12:12:53,F2,9.4811,OK,0
2026-07-10 12:13:04,F2,9.4823,OK,0
2026-07-10 12:13:14,F2,9.4834,OK,0
2026-07-10 12:13:24,F2,9.4845,OK,0
2026-07-10 12:13:34,F2,9.4856,OK,0
2026-07-10 12:13:45,F2,9.4867,OK,0
2026-07-10 12:13:55,F2,9.4877,OK,0
2026-07-10 12:14:05,F2,9.4888,OK,0
2026-07-10 12:14:15,F2,9.4899,OK,0
2026-07-10 12:14:26,F2,9.4909,OK,0
2026-07-10 12:14:36,F2,9.4920,OK,0
2026-07-10 12:14:46,F2,9.4930,OK,0
2026-07-10 12:14:57,F2,9.4940,OK,0
2026-07-10 12:15:07,F2,9.4951,OK,0
2026-07-10 12:15:17,F2,9.4961,OK,0
2026-07-10 12:15:27,F2,9.4971,OK,0
2026-07-10 12:15:38,F2,9.4980,OK,0
2026-07-10 12:15:48,F2,9.4990,OK,0
2026-07-10 12:15:58,F2,9.5000,OK,0
2026-07-10 12:16:08,F2,9.5009,OK,0
2026-07-10 12:16:19,F2,9.5019,OK,0
2026-07-10 12:16:29,F2,9.5028,OK,0
2026-07-10 12:16:39,F2,9.5037,OK,0
2026-07-10 12:16:50,F2,9.5047,OK,0
2026-07-10 12:17:00,F2,9.5056,OK,0
2026-07-10 12:17:10,F2,9.5065,OK,0
2026-07-10 12:17:21,F2,9.5073,OK,0
2026-07-10 12:17:31,F2,9.5082,OK,0
2026-07-10 12:17:42,F2,9.5091,OK,0
2026-07-10 12:17:52,F2,9.5100,OK,0
2026-07-10 12:18:02,F2,9.5108,OK,0
2026-07-10 12:18:12,F2,9.5116,OK,0
2026-07-10 12:18:23,F2,9.5125,OK,0
2026-07-10 12:18:33,F2,9.5133,OK,0
2026-07-10 12:18:43,F2,9.5141,OK,0
2026-07-10 12:18:53,F2,9.5150,OK,0
2026-07-10 12:19:04,F2,9.5158,OK,0
2026-07-10 12:19:14,F2,9.5166,OK,0
2026-07-10 12:19:24,F2,9.5174,OK,0
2026-07-10 12:19:35,F2,9.5182,OK,0
2026-07-10 12:19:45,F2,9.5190,OK,0
2026-07-10 12:19:55,F2,9.5197,OK,0
2026-07-10 12:20:05,F2,9.5205,OK,0
2026-07-10 12:20:16,F2,9.5213,OK,0
2026-07-10 12:20:26,F2,9.5220,OK,0
2026-07-10 12:20:36,F2,9.5228,OK,0
2026-07-10 12:20:46,F2,9.5235,OK,0
2026-07-10 12:20:57,F2,9.5243,OK,0
2026-07-10 12:21:07,F2,9.5250,OK,0
2026-07-10 12:21:17,F2,9.5258,OK,0
2026-07-10 12:21:27,F2,9.5265,OK,0
2026-07-10 12:21:38,F2,9.5272,OK,0
2026-07-10 12:21:48,F2,9.5279,OK,0
2026-07-10 12:21:58,F2,9.5287,OK,0
2026-07-10 12:22:08,F2,9.5294,OK,1
2026-07-10 12:22:19,F2,9.5301,OK,0
2026-07-10 12:22:29,F2,9.5308,OK,0
2026-07-10 12:22:39,F2,9.5315,OK,0
2026-07-10 12:22:49,F2,9.5321,OK,0
2026-07-10 12:23:00,F2,9.5328,OK,0
2026-07-10 12:23:10,F2,9.5335,OK,0
2026-07-10 12:23:20,F2,9.5341,OK,0
2026-07-10 12:23:31,F2,9.5348,OK,0
2026-07-10 12:23:41,F2,9.5355,OK,0
2026-07-10 12:23:51,F2,9.5361,OK,0
2026-07-10 12:24:01,F2,9.5367,OK,0
2026-07-10 12:24:12,F2,9.5374,OK,0
2026-07-10 12:24:22,F2,9.5380,OK,0
2026-07-10 12:24:32,F2,9.5386,OK,0
2026-07-10 12:24:43,F2,9.5392,OK,0
2026-07-10 12:24:53,F2,9.5398,OK,0
2026-07-10 12:25:03,F2,9.5404,OK,0
2026-07-10 12:25:13,F2,9.5409,OK,0
2026-07-10 12:25:24,F2,9.5415,OK,0
2026-07-10 12:25:34,F2,9.5421,OK,0
2026-07-10 12:25:44,F2,9.5426,OK,0
2026-07-10 12:25:54,F2,9.5431,OK,0
2026-07-10 12:26:05,F2,9.5436,OK,0
2026-07-10 12:26:15,F2,9.5442,OK,0
2026-07-10 12:26:25,F2,9.5447,OK,0
2026-07-10 12:26:35,F2,9.5451,OK,0
2026-07-10 12:26:46,F2,9.5456,OK,0
2026-07-10 12:26:56,F2,9.5461,OK,0
2026-07-10 12:27:06,F2,9.5465,OK,0
2026-07-10 12:27:17,F2,9.5470,OK,0
2026-07-10 12:27:27,F2,9.5474,OK,0
2026-07-10 12:27:37,F2,9.5478,OK,0
2026-07-10 12:27:47,F2,9.5482,OK,0
2026-07-10 12:27:58,F2,9.5486,OK,0
2026-07-10 12:28:08,F2,9.5489,OK,0
2026-07-10 12:28:18,F2,9.5493,OK,0
2026-07-10 12:28:28,F2,9.5496,OK,0
2026-07-10 12:28:39,F2,9.5499,OK,0
2026-07-10 12:28:49,F2,9.5503,OK,0
2026-07-10 12:28:59,F2,9.5506,OK,0
2026-07-10 12:29:09,F2,9.5508,OK,0
2026-07-10 12:29:20,F2,9.5511,OK,0
2026-07-10 12:29:30,F2,9.5514,OK,0
2026-07-10 12:29:40,F2,9.5516,OK,0
2026-07-10 12:29:50,F2,9.5519,OK,1
2026-07-10 12:30:01,F2,9.5521,OK,0
2026-07-10 12:30:11,F2,9.5523,OK,0
2026-07-10 12:30:21,F2,9.5525,OK,0
2026-07-10 12:30:32,F2,9.5526,OK,0
2026-07-10 12:30:42,F2,9.5528,OK,0
2026-07-10 12:30:52,F2,9.5529,OK,0
2026-07-10 12:31:02,F2,9.5531,OK,0
2026-07-10 12:31:13,F2,9.5532,OK,0
2026-07-10 12:31:23,F2,9.5533,OK,0
2026-07-10 12:31:33,F2,9.5534,OK,0
2026-07-10 12:31:43,F2,9.5534,OK,0
2026-07-10 12:31:54,F2,9.5535,OK,0
2026-07-10 12:32:04,F2,9.5535,OK,0
2026-07-10 12:32:14,F2,9.5535,OK,0
2026-07-10 12:32:24,F2,9.5535,OK,0
2026-07-10 12:32:35,F2,9.5535,OK,0
2026-07-10 12:32:45,F2,9.5534,OK,0
2026-07-10 12:32:55,F2,9.5534,OK,0
2026-07-10 12:33:05,F2,9.5533,OK,0
2026-07-10 12:33:16,F2,9.5532,OK,0
2026-07-10 12:33:26,F2,9.5531,OK,0
2026-07-10 12:33:36,F2,9.5530,OK,0
2026-07-10 12:33:46,F2,9.5528,OK,0
2026-07-10 12:33:57,F2,9.5527,OK,0
2026-07-10 12:34:07,F2,9.5525,OK,0
2026-07-10 12:34:17,F2,9.5523,OK,0
2026-07-10 12:34:28,F2,9.5521,OK,0
2026-07-10 12:34:38,F2,9.5519,OK,0
2026-07-10 12:34:48,F2,9.5517,OK,0
2026-07-10 12:34:58,F2,9.5514,OK,0
2026-07-10 12:35:09,F2,9.5512,OK,0
2026-07-10 12:35:19,F2,9.5509,OK,0
2026-07-10 12:35:30,F2,9.5506,OK,0
2026-07-10 12:35:41,F2,9.5503,OK,0
2026-07-10 12:35:51,F2,9.5500,OK,0
2026-07-10 12:36:01,F2,9.5497,OK,0
2026-07-10 12:36:12,F2,9.5494,OK,0
2026-07-10 12:36:22,F2,9.5490,OK,0
2026-07-10 12:36:32,F2,9.5487,OK,0
2026-07-10 12:36:43,F2,9.5483,OK,0
2026-07-10 12:36:53,F2,9.5479,OK,0
2026-07-10 12:37:03,F2,9.5475,OK,0
2026-07-10 12:37:13,F2,9.5471,OK,0
2026-07-10 12:37:24,F2,9.5467,OK,0
2026-07-10 12:37:34,F2,9.5462,OK,0
2026-07-10 12:37:44,F2,9.5458,OK,1
2026-07-10 12:37:54,F2,9.5453,Bajo rango,1
2026-07-10 12:38:05,F2,9.5448,Bajo rango,1
2026-07-10 12:38:15,F2,9.5443,Bajo rango,1
2026-07-10 12:38:25,F2,9.5438,OK,1
2026-07-10 12:38:36,F2,9.5433,OK,1
2026-07-10 12:38:46,F2,9.5428,OK,0
2026-07-10 12:38:56,F2,9.5422,OK,0
2026-07-10 12:39:06,F2,9.5417,OK,0
2026-07-10 12:39:17,F2,9.5411,OK,0
2026-07-10 12:39:27,F2,9.5405,OK,0
2026-07-10 12:39:37,F2,9.5400,OK,0
2026-07-10 12:39:47,F2,9.5394,OK,0
2026-07-10 12:39:58,F2,9.5389,OK,0
2026-07-10 12:40:08,F2,9.5384,OK,0
2026-07-10 12:40:18,F2,9.5379,OK,0
2026-07-10 12:40:28,F2,9.5374,OK,0
2026-07-10 12:40:39,F2,9.5369,OK,0
2026-07-10 12:40:49,F2,9.5365,OK,0
2026-07-10 12:40:59,F2,9.5361,OK,0
2026-07-10 12:41:09,F2,9.5357,OK,0
2026-07-10 12:41:20,F2,9.5354,OK,0
2026-07-10 12:41:30,F2,9.5351,OK,0
2026-07-10 12:41:40,F2,9.5348,OK,0
2026-07-10 12:41:50,F2,9.5346,OK,0
2026-07-10 12:42:01,F2,9.5344,OK,0
2026-07-10 12:42:11,F2,9.5343,OK,0
2026-07-10 12:42:21,F2,9.5342,OK,0
2026-07-10 12:42:31,F2,9.5342,OK,0
2026-07-10 12:42:42,F2,9.5342,OK,0
2026-07-10 12:42:52,F2,9.5343,OK,0
2026-07-10 12:43:02,F2,9.5344,OK,0
2026-07-10 12:43:13,F2,9.5346,OK,0
2026-07-10 12:43:23,F2,9.5348,OK,0
2026-07-10 12:43:33,F2,9.5352,OK,0
2026-07-10 12:43:43,F2,9.5355,OK,0
2026-07-10 12:43:54,F2,9.5359,OK,0
2026-07-10 12:44:04,F2,9.5364,OK,0
2026-07-10 12:44:14,F2,9.5370,OK,0
2026-07-10 12:44:25,F2,9.5376,OK,0
2026-07-10 12:44:35,F2,9.5382,OK,0
2026-07-10 12:44:45,F2,9.5389,OK,0
2026-07-10 12:44:55,F2,9.5397,OK,0
2026-07-10 12:45:06,F2,9.5406,OK,0
2026-07-10 12:45:16,F2,9.5415,OK,0
2026-07-10 12:45:26,F2,9.5424,OK,0
2026-07-10 12:45:36,F2,9.5434,OK,0
2026-07-10 12:45:47,F2,9.5445,OK,0
2026-07-10 12:45:57,F2,9.5457,OK,0
2026-07-10 12:46:07,F2,9.5468,OK,0
2026-07-10 12:46:17,F2,9.5481,OK,0
2026-07-10 12:46:28,F2,9.5494,OK,0
2026-07-10 12:46:38,F2,9.5508,OK,0
2026-07-10 12:46:48,F2,9.5522,OK,0
2026-07-10 12:46:59,F2,9.5536,OK,0
2026-07-10 12:47:09,F2,9.5552,OK,0
2026-07-10 12:47:19,F2,9.5567,OK,0
2026-07-10 12:47:29,F2,9.5584,OK,0
2026-07-10 12:47:40,F2,9.5600,OK,0
2026-07-10 12:47:50,F2,9.5618,OK,0
2026-07-10 12:48:00,F2,9.5635,OK,0
2026-07-10 12:48:11,F2,9.5654,OK,0
2026-07-10 12:48:21,F2,9.5672,OK,0
2026-07-10 12:48:31,F2,9.5692,OK,0
2026-07-10 12:48:41,F2,9.5711,OK,0
2026-07-10 12:48:52,F2,9.5731,OK,0
2026-07-10 12:49:02,F2,9.5752,OK,0
2026-07-10 12:49:12,F2,9.5773,OK,0
2026-07-10 12:49:22,F2,9.5794,OK,0
2026-07-10 12:49:33,F2,9.5816,OK,0
2026-07-10 12:49:43,F2,9.5839,OK,0
2026-07-10 12:49:53,F2,9.5861,OK,0
2026-07-10 12:50:04,F2,9.5884,OK,0
2026-07-10 12:50:14,F2,9.5908,OK,0
2026-07-10 12:50:24,F2,9.5932,OK,1
2026-07-10 12:50:34,F2,9.5956,OK,0
2026-07-10 12:50:45,F2,9.5981,OK,0
2026-07-10 12:50:55,F2,9.6006,OK,0
2026-07-10 12:51:05,F2,9.6031,OK,0
2026-07-10 12:51:15,F2,9.6056,OK,0
2026-07-10 12:51:26,F2,9.6082,OK,0
2026-07-10 12:51:36,F2,9.6109,OK,0
2026-07-10 12:51:46,F2,9.6135,OK,0
2026-07-10 12:51:57,F2,9.6162,OK,0
2026-07-10 12:52:07,F2,9.6189,OK,0
2026-07-10 12:52:17,F2,9.6217,OK,0
2026-07-10 12:52:27,F2,9.6245,OK,0
2026-07-10 12:52:38,F2,9.6272,OK,0
2026-07-10 12:52:48,F2,9.6301,OK,0
2026-07-10 12:52:58,F2,9.6329,OK,0
2026-07-10 12:53:08,F2,9.6358,OK,0
2026-07-10 12:53:19,F2,9.6387,OK,0
2026-07-10 12:53:29,F2,9.6416,OK,0
2026-07-10 12:53:39,F2,9.6445,OK,0
2026-07-10 12:53:50,F2,9.6474,OK,0
2026-07-10 12:54:00,F2,9.6504,OK,0
2026-07-10 12:54:10,F2,9.6533,OK,0
2026-07-10 12:54:20,F2,9.6563,OK,0
2026-07-10 12:54:31,F2,9.6593,OK,0
2026-07-10 12:54:41,F2,9.6623,OK,0
2026-07-10 12:54:51,F2,9.6653,OK,0
2026-07-10 12:55:01,F2,9.6683,OK,0
2026-07-10 12:55:12,F2,9.6713,OK,0
2026-07-10 12:55:22,F2,9.6743,OK,0
2026-07-10 12:55:32,F2,9.6774,OK,0
2026-07-10 12:55:43,F2,9.6804,OK,0
2026-07-10 12:55:53,F2,9.6834,OK,0
2026-07-10 12:56:03,F2,9.6865,OK,0
2026-07-10 12:56:13,F2,9.6895,OK,0
2026-07-10 12:56:24,F2,9.6926,OK,0
2026-07-10 12:56:34,F2,9.6956,OK,0
2026-07-10 12:56:44,F2,9.6986,OK,0
2026-07-10 12:56:54,F2,9.7017,OK,0
2026-07-10 12:57:05,F2,9.7047,OK,0
2026-07-10 12:57:15,F2,9.7077,OK,0
2026-07-10 12:57:25,F2,9.7107,OK,0
2026-07-10 12:57:36,F2,9.7137,OK,0
2026-07-10 12:57:46,F2,9.7167,OK,0
2026-07-10 12:57:56,F2,9.7197,OK,0
2026-07-10 12:58:06,F2,9.7227,OK,0
2026-07-10 12:58:17,F2,9.7257,OK,0
2026-07-10 12:58:27,F2,9.7286,OK,0
2026-07-10 12:58:37,F2,9.7316,OK,0
2026-07-10 12:58:48,F2,9.7345,OK,0
2026-07-10 12:58:58,F2,9.7374,OK,0
2026-07-10 12:59:08,F2,9.7403,OK,0
2026-07-10 12:59:18,F2,9.7432,OK,0
2026-07-10 12:59:29,F2,9.7460,OK,0
2026-07-10 12:59:39,F2,9.7489,OK,0
2026-07-10 12:59:49,F2,9.7517,OK,0
2026-07-10 12:59:59,F2,9.7545,OK,0
2026-07-10 13:00:10,F2,9.7573,OK,0
2026-07-10 13:00:20,F2,9.7601,OK,0
2026-07-10 13:00:30,F2,9.7628,OK,0
2026-07-10 13:00:41,F2,9.7656,OK,0
2026-07-10 13:00:51,F2,9.7683,OK,0
2026-07-10 13:01:01,F2,9.7709,OK,0
2026-07-10 13:01:11,F2,9.7736,OK,0
2026-07-10 13:01:22,F2,9.7762,OK,0
2026-07-10 13:01:32,F2,9.7788,OK,0
2026-07-10 13:01:42,F2,9.7814,OK,0
2026-07-10 13:01:52,F2,9.7840,OK,0
2026-07-10 13:02:03,F2,9.7865,OK,0
2026-07-10 13:02:13,F2,9.7890,OK,0
2026-07-10 13:02:23,F2,9.7915,OK,0
2026-07-10 13:02:34,F2,9.7939,OK,0
2026-07-10 13:02:44,F2,9.7963,OK,0
2026-07-10 13:02:54,F2,9.7987,OK,0
2026-07-10 13:03:04,F2,9.8011,OK,0
2026-07-10 13:03:15,F2,9.8034,OK,0
2026-07-10 13:03:25,F2,9.8057,OK,0
2026-07-10 13:03:35,F2,9.8079,OK,0
2026-07-10 13:03:46,F2,9.8102,OK,0
2026-07-10 13:03:56,F2,9.8124,OK,0
2026-07-10 13:04:06,F2,9.8145,OK,0
2026-07-10 13:04:16,F2,9.8167,OK,0
2026-07-10 13:04:27,F2,9.8188,OK,0
2026-07-10 13:04:37,F2,9.8208,OK,0
2026-07-10 13:04:47,F2,9.8229,OK,0
2026-07-10 13:04:58,F2,9.8249,OK,0
2026-07-10 13:05:08,F2,9.8268,OK,0
2026-07-10 13:05:18,F2,9.8287,OK,0
2026-07-10 13:05:28,F2,9.8306,OK,0
2026-07-10 13:05:39,F2,9.8325,OK,0
2026-07-10 13:05:49,F2,9.8343,OK,0
2026-07-10 13:05:59,F2,9.8361,OK,0
2026-07-10 13:06:09,F2,9.8378,OK,0
2026-07-10 13:06:20,F2,9.8395,OK,0
2026-07-10 13:06:30,F2,9.8411,OK,0
2026-07-10 13:06:40,F2,9.8428,OK,0
2026-07-10 13:06:51,F2,9.8443,OK,0
2026-07-10 13:07:01,F2,9.8459,OK,0
2026-07-10 13:07:11,F2,9.8474,OK,0
2026-07-10 13:07:21,F2,9.8489,OK,0
2026-07-10 13:07:32,F2,9.8503,OK,0
2026-07-10 13:07:42,F2,9.8517,OK,0
2026-07-10 13:07:52,F2,9.8530,OK,0
2026-07-10 13:08:02,F2,9.8543,OK,0
2026-07-10 13:08:13,F2,9.8556,OK,0
2026-07-10 13:08:23,F2,9.8568,OK,0
2026-07-10 13:08:33,F2,9.8580,OK,0
2026-07-10 13:08:44,F2,9.8591,OK,0
2026-07-10 13:08:54,F2,9.8602,OK,0
2026-07-10 13:09:04,F2,9.8612,OK,0
2026-07-10 13:09:14,F2,9.8623,OK,0
2026-07-10 13:09:25,F2,9.8632,OK,0
2026-07-10 13:09:35,F2,9.8641,OK,0
2026-07-10 13:09:45,F2,9.8650,OK,0
2026-07-10 13:09:55,F2,9.8659,OK,0
2026-07-10 13:10:06,F2,9.8667,OK,0
2026-07-10 13:10:16,F2,9.8674,OK,0
2026-07-10 13:10:26,F2,9.8681,OK,0
2026-07-10 13:10:36,F2,9.8688,OK,0
2026-07-10 13:10:47,F2,9.8694,OK,0
2026-07-10 13:10:57,F2,9.8700,OK,0
2026-07-10 13:11:07,F2,9.8705,OK,0
2026-07-10 13:11:18,F2,9.8710,OK,0
2026-07-10 13:11:28,F2,9.8714,OK,0
2026-07-10 13:11:38,F2,9.8718,OK,0
2026-07-10 13:11:48,F2,9.8722,OK,0
2026-07-10 13:11:59,F2,9.8725,OK,0
2026-07-10 13:12:09,F2,9.8728,OK,0
2026-07-10 13:12:19,F2,9.8730,OK,0
2026-07-10 13:12:29,F2,9.8731,OK,0
2026-07-10 13:12:40,F2,9.8733,OK,0
2026-07-10 13:12:50,F2,9.8733,OK,0
2026-07-10 13:13:00,F2,9.8734,OK,0
2026-07-10 13:13:10,F2,9.8734,OK,0
2026-07-10 13:13:21,F2,9.8733,OK,0
2026-07-10 13:13:31,F2,9.8732,OK,0
2026-07-10 13:13:41,F2,9.8730,OK,0
2026-07-10 13:13:51,F2,9.8728,OK,0
2026-07-10 13:14:02,F2,9.8726,OK,0
2026-07-10 13:14:12,F2,9.8723,OK,0
2026-07-10 13:14:22,F2,9.8720,OK,0
2026-07-10 13:14:33,F2,9.8716,OK,0
2026-07-10 13:14:43,F2,9.8711,OK,0
2026-07-10 13:14:53,F2,9.8707,OK,0
2026-07-10 13:15:03,F2,9.8702,OK,0
2026-07-10 13:15:14,F2,9.8696,OK,0
2026-07-10 13:15:24,F2,9.8690,OK,0
2026-07-10 13:15:34,F2,9.8683,OK,0
2026-07-10 13:15:44,F2,9.8676,OK,0
2026-07-10 13:15:55,F2,9.8668,OK,0
2026-07-10 13:16:05,F2,9.8660,OK,0
2026-07-10 13:16:15,F2,9.8652,OK,0
2026-07-10 13:16:25,F2,9.8643,OK,0
2026-07-10 13:16:36,F2,9.8634,OK,0
2026-07-10 13:16:46,F2,9.8624,OK,0
2026-07-10 13:16:56,F2,9.8614,OK,0
2026-07-10 13:17:07,F2,9.8603,OK,0
2026-07-10 13:17:17,F2,9.8592,OK,0
2026-07-10 13:17:27,F2,9.8580,OK,0
2026-07-10 13:17:37,F2,9.8568,OK,0
2026-07-10 13:17:48,F2,9.8555,OK,0
2026-07-10 13:17:58,F2,9.8542,OK,0
2026-07-10 13:18:08,F2,9.8529,OK,0
2026-07-10 13:18:18,F2,9.8515,OK,0
2026-07-10 13:18:29,F2,9.8501,OK,0
2026-07-10 13:18:39,F2,9.8486,OK,0
2026-07-10 13:18:49,F2,9.8471,OK,0
2026-07-10 13:18:59,F2,9.8456,OK,0
2026-07-10 13:19:10,F2,9.8440,OK,0
2026-07-10 13:19:20,F2,9.8423,OK,0
2026-07-10 13:19:30,F2,9.8406,OK,0
2026-07-10 13:19:41,F2,9.8389,OK,0
2026-07-10 13:19:51,F2,9.8371,OK,0
2026-07-10 13:20:01,F2,9.8353,OK,0
2026-07-10 13:20:11,F2,9.8334,OK,0
2026-07-10 13:20:22,F2,9.8315,OK,0
2026-07-10 13:20:32,F2,9.8296,OK,0
2026-07-10 13:20:42,F2,9.8276,OK,0
2026-07-10 13:20:52,F2,9.8256,OK,0
2026-07-10 13:21:03,F2,9.8235,OK,0
2026-07-10 13:21:13,F2,9.8214,OK,0
2026-07-10 13:21:23,F2,9.8193,OK,0
2026-07-10 13:21:33,F2,9.8171,OK,0
2026-07-10 13:21:44,F2,9.8149,OK,0
2026-07-10 13:21:54,F2,9.8126,OK,0
2026-07-10 13:22:04,F2,9.8103,OK,0
2026-07-10 13:22:15,F2,9.8080,OK,0
2026-07-10 13:22:25,F2,9.8056,OK,0
2026-07-10 13:22:35,F2,9.8031,OK,0
2026-07-10 13:22:45,F2,9.8007,OK,0
2026-07-10 13:22:56,F2,9.7982,OK,0
2026-07-10 13:23:06,F2,9.7956,OK,0
2026-07-10 13:23:16,F2,9.7930,OK,0
2026-07-10 13:23:26,F2,9.7904,OK,0
2026-07-10 13:23:37,F2,9.7877,OK,1
2026-07-10 13:23:47,F2,9.7850,OK,0
2026-07-10 13:23:57,F2,9.7823,OK,0
2026-07-10 13:24:07,F2,9.7795,OK,0
2026-07-10 13:24:18,F2,9.7767,OK,0
2026-07-10 13:24:28,F2,9.7738,OK,0
2026-07-10 13:24:38,F2,9.7709,OK,0
2026-07-10 13:24:49,F2,9.7679,OK,0
2026-07-10 13:24:59,F2,9.7649,OK,0
2026-07-10 13:25:09,F2,9.7619,OK,0
2026-07-10 13:25:19,F2,9.7588,OK,0
2026-07-10 13:25:30,F2,9.7557,OK,0
2026-07-10 13:25:40,F2,9.7526,OK,0
2026-07-10 13:25:50,F2,9.7494,OK,0
2026-07-10 13:26:00,F2,9.7462,OK,0
2026-07-10 13:26:11,F2,9.7429,OK,0
2026-07-10 13:26:21,F2,9.7396,OK,0
2026-07-10 13:26:31,F2,9.7363,OK,0
2026-07-10 13:26:41,F2,9.7329,OK,0
2026-07-10 13:26:52,F2,9.7295,OK,0
2026-07-10 13:27:02,F2,9.7261,OK,0
2026-07-10 13:27:12,F2,9.7226,OK,0
2026-07-10 13:27:22,F2,9.7191,OK,0
2026-07-10 13:27:33,F2,9.7155,OK,0
2026-07-10 13:27:43,F2,9.7119,OK,0
2026-07-10 13:27:53,F2,9.7083,OK,0
2026-07-10 13:28:04,F2,9.7046,OK,0
2026-07-10 13:28:14,F2,9.7010,OK,0
2026-07-10 13:28:24,F2,9.6972,OK,0
2026-07-10 13:28:34,F2,9.6935,OK,0
2026-07-10 13:28:45,F2,9.6897,OK,0
2026-07-10 13:28:55,F2,9.6859,OK,0
2026-07-10 13:29:05,F2,9.6820,OK,0
2026-07-10 13:29:15,F2,9.6782,OK,0
2026-07-10 13:29:26,F2,9.6742,OK,0
2026-07-10 13:29:36,F2,9.6703,OK,0
2026-07-10 13:29:46,F2,9.6663,OK,0
2026-07-10 13:29:57,F2,9.6623,OK,0
2026-07-10 13:30:07,F2,9.6583,OK,0
2026-07-10 13:30:17,F2,9.6542,OK,0
2026-07-10 13:30:27,F2,9.6501,OK,0
2026-07-10 13:30:38,F2,9.6460,OK,0
2026-07-10 13:30:48,F2,9.6418,OK,0
2026-07-10 13:30:58,F2,9.6377,OK,0
2026-07-10 13:31:09,F2,9.6334,OK,0
2026-07-10 13:31:19,F2,9.6292,OK,0
2026-07-10 13:31:29,F2,9.6249,OK,0
2026-07-10 13:31:39,F2,9.6206,OK,0
2026-07-10 13:31:50,F2,9.6163,OK,0
2026-07-10 13:32:00,F2,9.6120,OK,0
2026-07-10 13:32:10,F2,9.6076,OK,0
2026-07-10 13:32:21,F2,9.6032,OK,0
2026-07-10 13:32:31,F2,9.5988,OK,0
2026-07-10 13:32:41,F2,9.5943,OK,0
2026-07-10 13:32:51,F2,9.5898,OK,0
2026-07-10 13:33:02,F2,9.5853,OK,0
2026-07-10 13:33:12,F2,9.5808,OK,0
2026-07-10 13:33:22,F2,9.5762,OK,0
2026-07-10 13:33:32,F2,9.5716,OK,0
2026-07-10 13:33:43,F2,9.5670,OK,0
2026-07-10 13:33:53,F2,9.5624,OK,0
2026-07-10 13:34:03,F2,9.5577,OK,0
2026-07-10 13:34:14,F2,9.5530,OK,0
2026-07-10 13:34:24,F2,9.5483,OK,0
2026-07-10 13:34:34,F2,9.5436,OK,0
2026-07-10 13:34:44,F2,9.5388,OK,0
2026-07-10 13:34:55,F2,9.5341,OK,0
2026-07-10 13:35:05,F2,9.5293,OK,0
2026-07-10 13:35:15,F2,9.5244,OK,0
2026-07-10 13:35:25,F2,9.5196,OK,0
2026-07-10 13:35:36,F2,9.5147,OK,0
2026-07-10 13:35:46,F2,9.5098,OK,0
2026-07-10 13:35:56,F2,9.5049,OK,0
2026-07-10 13:36:06,F2,9.5000,OK,0
2026-07-10 13:36:17,F2,9.4951,OK,0
2026-07-10 13:36:27,F2,9.4901,OK,0
2026-07-10 13:36:37,F2,9.4851,OK,0
2026-07-10 13:36:48,F2,9.4801,OK,0
2026-07-10 13:36:58,F2,9.4751,OK,0
2026-07-10 13:37:08,F2,9.4700,OK,0
2026-07-10 13:37:18,F2,9.4650,OK,0
2026-07-10 13:37:29,F2,9.4599,OK,0
2026-07-10 13:37:39,F2,9.4548,OK,0
2026-07-10 13:37:49,F2,9.4497,OK,0
2026-07-10 13:38:00,F2,9.4445,OK,0
2026-07-10 13:38:10,F2,9.4394,OK,0
2026-07-10 13:38:20,F2,9.4342,OK,0
2026-07-10 13:38:30,F2,9.4290,OK,0
2026-07-10 13:38:41,F2,9.4238,OK,0
2026-07-10 13:38:51,F2,9.4186,OK,0
2026-07-10 13:39:01,F2,9.4134,OK,0
2026-07-10 13:39:11,F2,9.4081,OK,0
2026-07-10 13:39:22,F2,9.4029,OK,0
2026-07-10 13:39:32,F2,9.3976,OK,0
2026-07-10 13:39:42,F2,9.3923,OK,0
2026-07-10 13:39:52,F2,9.3870,OK,0
2026-07-10 13:40:03,F2,9.3817,OK,0
2026-07-10 13:40:13,F2,9.3764,OK,0
2026-07-10 13:40:23,F2,9.3710,OK,0
2026-07-10 13:40:33,F2,9.3657,OK,0
2026-07-10 13:40:44,F2,9.3603,OK,0
2026-07-10 13:40:54,F2,9.3549,OK,0
2026-07-10 13:41:04,F2,9.3495,OK,0
2026-07-10 13:41:14,F2,9.3442,OK,0
2026-07-10 13:41:25,F2,9.3387,OK,0
2026-07-10 13:41:35,F2,9.3333,OK,0
2026-07-10 13:41:45,F2,9.3279,OK,0
2026-07-10 13:41:56,F2,9.3225,OK,0
2026-07-10 13:42:06,F2,9.3170,OK,0
2026-07-10 13:42:16,F2,9.3116,OK,0
2026-07-10 13:42:26,F2,9.3062,OK,0
2026-07-10 13:42:37,F2,9.3007,OK,0
2026-07-10 13:42:47,F2,9.2952,OK,0
2026-07-10 13:42:57,F2,9.2898,OK,0
2026-07-10 13:43:07,F2,9.2843,OK,0
2026-07-10 13:43:18,F2,9.2788,OK,0
2026-07-10 13:43:28,F2,9.2733,OK,0
2026-07-10 13:43:38,F2,9.2678,OK,0
2026-07-10 13:43:48,F2,9.2624,OK,0
2026-07-10 13:43:59,F2,9.2569,OK,0
2026-07-10 13:44:09,F2,9.2514,OK,0
2026-07-10 13:44:19,F2,9.2459,OK,0
2026-07-10 13:44:29,F2,9.2403,OK,0
2026-07-10 13:44:40,F2,9.2348,OK,0
2026-07-10 13:44:50,F2,9.2293,OK,0
2026-07-10 13:45:00,F2,9.2238,OK,0
2026-07-10 13:45:10,F2,9.2183,OK,0
2026-07-10 13:45:21,F2,9.2128,OK,0
2026-07-10 13:45:31,F2,9.2073,OK,0
2026-07-10 13:45:41,F2,9.2018,OK,0
2026-07-10 13:45:52,F2,9.1963,OK,0
2026-07-10 13:46:02,F2,9.1908,OK,0
2026-07-10 13:46:12,F2,9.1853,OK,0
2026-07-10 13:46:22,F2,9.1798,OK,0
2026-07-10 13:46:33,F2,9.1743,OK,0
2026-07-10 13:46:43,F2,9.1688,OK,0
2026-07-10 13:46:53,F2,9.1633,OK,0
2026-07-10 13:47:03,F2,9.1578,OK,0
2026-07-10 13:47:14,F2,9.1523,OK,0
2026-07-10 13:47:24,F2,9.1468,OK,0
2026-07-10 13:47:34,F2,9.1413,OK,0
2026-07-10 13:47:45,F2,9.1358,OK,0
2026-07-10 13:47:55,F2,9.1303,OK,0
2026-07-10 13:48:05,F2,9.1248,OK,0
2026-07-10 13:48:15,F2,9.1193,OK,0
2026-07-10 13:48:26,F2,9.1139,OK,0
2026-07-10 13:48:36,F2,9.1084,OK,0
2026-07-10 13:48:46,F2,9.1029,OK,0
2026-07-10 13:48:56,F2,9.0975,OK,0
2026-07-10 13:49:07,F2,9.0920,OK,0
2026-07-10 13:49:17,F2,9.0866,OK,0
2026-07-10 13:49:27,F2,9.0811,OK,0
2026-07-10 13:49:37,F2,9.0757,OK,0
2026-07-10 13:49:48,F2,9.0703,OK,0
2026-07-10 13:49:58,F2,9.0649,OK,0
2026-07-10 13:50:08,F2,9.0594,OK,0
2026-07-10 13:50:18,F2,9.0540,OK,0
2026-07-10 13:50:29,F2,9.0486,OK,0
2026-07-10 13:50:39,F2,9.0432,OK,0
2026-07-10 13:50:49,F2,9.0379,OK,0
2026-07-10 13:50:59,F2,9.0325,OK,0
2026-07-10 13:51:10,F2,9.0271,OK,0
2026-07-10 13:51:20,F2,9.0218,OK,0
2026-07-10 13:51:30,F2,9.0164,OK,0
2026-07-10 13:51:41,F2,9.0111,OK,0
2026-07-10 13:51:51,F2,9.0058,OK,0
2026-07-10 13:52:01,F2,9.0005,OK,0
2026-07-10 13:52:11,F2,8.9952,OK,0
2026-07-10 13:52:22,F2,8.9899,OK,1
2026-07-10 13:52:32,F2,8.9846,OK,0
2026-07-10 13:52:42,F2,8.9793,OK,0
2026-07-10 13:52:52,F2,8.9741,OK,0
2026-07-10 13:53:03,F2,8.9688,OK,0
2026-07-10 13:53:13,F2,8.9636,OK,0
2026-07-10 13:53:23,F2,8.9584,OK,0
2026-07-10 13:53:33,F2,8.9532,OK,0
2026-07-10 13:53:44,F2,8.9480,OK,0
2026-07-10 13:53:54,F2,8.9428,OK,0
2026-07-10 13:54:04,F2,8.9376,OK,0
2026-07-10 13:54:14,F2,8.9325,OK,0
2026-07-10 13:54:25,F2,8.9274,OK,0
2026-07-10 13:54:35,F2,8.9222,OK,0
2026-07-10 13:54:45,F2,8.9171,OK,0
2026-07-10 13:54:56,F2,8.9120,OK,0
2026-07-10 13:55:06,F2,8.9069,OK,0
2026-07-10 13:55:16,F2,8.9019,OK,0
2026-07-10 13:55:26,F2,8.8968,OK,0
2026-07-10 13:55:37,F2,8.8918,OK,0
2026-07-10 13:55:47,F2,8.8868,OK,0
2026-07-10 13:55:57,F2,8.8818,OK,1
2026-07-10 13:56:07,F2,8.8768,OK,0
2026-07-10 13:56:18,F2,8.8718,OK,0
2026-07-10 13:56:28,F2,8.8668,OK,0
2026-07-10 13:56:38,F2,8.8619,OK,0
2026-07-10 13:56:49,F2,8.8569,OK,0
2026-07-10 13:56:59,F2,8.8520,OK,0
2026-07-10 13:57:09,F2,8.8471,OK,0
2026-07-10 13:57:19,F2,8.8422,OK,0
2026-07-10 13:57:30,F2,8.8373,OK,0
2026-07-10 13:57:40,F2,8.8324,OK,0
2026-07-10 13:57:50,F2,8.8276,OK,0
2026-07-10 13:58:01,F2,8.8228,OK,0
2026-07-10 13:58:11,F2,8.8179,OK,0
2026-07-10 13:58:21,F2,8.8131,OK,0
2026-07-10 13:58:32,F2,8.8083,OK,0
2026-07-10 13:58:42,F2,8.8036,OK,0
2026-07-10 13:58:52,F2,8.7988,OK,0
2026-07-10 13:59:02,F2,8.7940,OK,0
2026-07-10 13:59:13,F2,8.7893,OK,0
2026-07-10 13:59:23,F2,8.7846,OK,0
2026-07-10 13:59:33,F2,8.7799,OK,0
2026-07-10 13:59:43,F2,8.7752,OK,0
2026-07-10 13:59:54,F2,8.7706,OK,0
2026-07-10 14:00:04,F2,8.7659,OK,0
2026-07-10 14:00:14,F2,8.7613,OK,0
2026-07-10 14:00:24,F2,8.7567,OK,0
2026-07-10 14:00:35,F2,8.7521,OK,0
2026-07-10 14:00:45,F2,8.7475,OK,0
2026-07-10 14:00:55,F2,8.7430,OK,0
2026-07-10 14:01:05,F2,8.7384,OK,0
2026-07-10 14:01:16,F2,8.7339,OK,0
2026-07-10 14:01:26,F2,8.7294,OK,0
2026-07-10 14:01:36,F2,8.7249,OK,0
2026-07-10 14:01:47,F2,8.7205,OK,0
2026-07-10 14:01:57,F2,8.7160,OK,0
2026-07-10 14:02:07,F2,8.7116,OK,0
2026-07-10 14:02:17,F2,8.7072,OK,0
2026-07-10 14:02:28,F2,8.7028,OK,0
2026-07-10 14:02:38,F2,8.6984,OK,0
2026-07-10 14:02:48,F2,8.6941,OK,0
2026-07-10 14:02:58,F2,8.6897,OK,0
2026-07-10 14:03:09,F2,8.6854,OK,0
2026-07-10 14:03:19,F2,8.6811,OK,0
2026-07-10 14:03:29,F2,8.6768,OK,0
2026-07-10 14:03:39,F2,8.6726,OK,0
2026-07-10 14:03:50,F2,8.6683,OK,1
2026-07-10 14:04:00,F2,8.6641,OK,0
2026-07-10 14:04:10,F2,8.6599,OK,0
2026-07-10 14:04:20,F2,8.6557,OK,0
2026-07-10 14:04:31,F2,8.6515,OK,0
2026-07-10 14:04:41,F2,8.6474,OK,0
2026-07-10 14:04:51,F2,8.6432,OK,0
2026-07-10 14:05:01,F2,8.6391,OK,0
2026-07-10 14:05:12,F2,8.6350,OK,0
2026-07-10 14:05:22,F2,8.6309,OK,0
2026-07-10 14:05:32,F2,8.6269,OK,0
2026-07-10 14:05:43,F2,8.6228,OK,0
2026-07-10 14:05:53,F2,8.6188,OK,0
2026-07-10 14:06:03,F2,8.6148,OK,0
2026-07-10 14:06:13,F2,8.6108,OK,0
2026-07-10 14:06:24,F2,8.6068,OK,0
2026-07-10 14:06:34,F2,8.6028,OK,0
2026-07-10 14:06:44,F2,8.5989,OK,0
2026-07-10 14:06:54,F2,8.5950,OK,0
2026-07-10 14:07:05,F2,8.5911,OK,0
2026-07-10 14:07:15,F2,8.5872,OK,0
2026-07-10 14:07:25,F2,8.5833,OK,0
2026-07-10 14:07:36,F2,8.5795,OK,0
2026-07-10 14:07:46,F2,8.5757,OK,0
2026-07-10 14:07:56,F2,8.5719,OK,0
2026-07-10 14:08:06,F2,8.5681,OK,0
2026-07-10 14:08:17,F2,8.5643,OK,0
2026-07-10 14:08:27,F2,8.5606,OK,0
2026-07-10 14:08:37,F2,8.5568,OK,0
2026-07-10 14:08:47,F2,8.5531,OK,0
2026-07-10 14:08:58,F2,8.5494,OK,0
2026-07-10 14:09:08,F2,8.5457,OK,0
2026-07-10 14:09:18,F2,8.5421,OK,0
2026-07-10 14:09:28,F2,8.5384,OK,0
2026-07-10 14:09:39,F2,8.5348,OK,0
2026-07-10 14:09:49,F2,8.5312,OK,0
2026-07-10 14:09:59,F2,8.5276,OK,0
2026-07-10 14:10:10,F2,8.5240,OK,0
2026-07-10 14:10:20,F2,8.5205,OK,0
2026-07-10 14:10:30,F2,8.5169,OK,0
2026-07-10 14:10:40,F2,8.5134,OK,0
2026-07-10 14:10:51,F2,8.5099,OK,0
2026-07-10 14:11:01,F2,8.5064,OK,0
2026-07-10 14:11:11,F2,8.5030,OK,0
2026-07-10 14:11:21,F2,8.4995,OK,0
2026-07-10 14:11:32,F2,8.4961,OK,0
2026-07-10 14:11:42,F2,8.4927,OK,0
2026-07-10 14:11:52,F2,8.4893,OK,0
2026-07-10 14:12:02,F2,8.4859,OK,0
2026-07-10 14:12:13,F2,8.4826,OK,0
2026-07-10 14:12:23,F2,8.4792,OK,0
2026-07-10 14:12:33,F2,8.4759,OK,0
2026-07-10 14:12:44,F2,8.4726,OK,0
2026-07-10 14:12:54,F2,8.4693,OK,0
2026-07-10 14:13:04,F2,8.4661,OK,0
2026-07-10 14:13:14,F2,8.4628,OK,0
2026-07-10 14:13:25,F2,8.4596,OK,0
2026-07-10 14:13:35,F2,8.4564,OK,0
2026-07-10 14:13:45,F2,8.4532,OK,0
2026-07-10 14:13:55,F2,8.4500,OK,0
2026-07-10 14:14:06,F2,8.4469,OK,0
2026-07-10 14:14:16,F2,8.4437,OK,0
2026-07-10 14:14:26,F2,8.4406,OK,0
2026-07-10 14:14:36,F2,8.4375,OK,0
2026-07-10 14:14:47,F2,8.4344,OK,0
2026-07-10 14:14:57,F2,8.4313,OK,0
2026-07-10 14:15:07,F2,8.4283,OK,0
2026-07-10 14:15:17,F2,8.4252,OK,0
2026-07-10 14:15:28,F2,8.4222,OK,0
2026-07-10 14:15:38,F2,8.4192,OK,0
2026-07-10 14:15:48,F2,8.4162,OK,0
2026-07-10 14:15:59,F2,8.4132,OK,0
2026-07-10 14:16:09,F2,8.4102,OK,0
2026-07-10 14:16:19,F2,8.4073,OK,0
2026-07-10 14:16:29,F2,8.4043,OK,0
2026-07-10 14:16:40,F2,8.4014,OK,0
2026-07-10 14:16:50,F2,8.3985,OK,0
2026-07-10 14:17:00,F2,8.3956,OK,0
2026-07-10 14:17:10,F2,8.3927,OK,0
2026-07-10 14:17:21,F2,8.3899,OK,0
2026-07-10 14:17:31,F2,8.3870,OK,0
2026-07-10 14:17:41,F2,8.3842,OK,0
2026-07-10 14:17:51,F2,8.3814,OK,0
2026-07-10 14:18:02,F2,8.3785,OK,0
2026-07-10 14:18:12,F2,8.3758,OK,0
2026-07-10 14:18:22,F2,8.3730,OK,0
2026-07-10 14:18:33,F2,8.3702,OK,0
2026-07-10 14:18:43,F2,8.3675,OK,0
2026-07-10 14:18:53,F2,8.3647,OK,0
2026-07-10 14:19:03,F2,8.3620,OK,0
2026-07-10 14:19:14,F2,8.3593,OK,0
2026-07-10 14:19:24,F2,8.3566,OK,0
2026-07-10 14:19:34,F2,8.3539,OK,0
2026-07-10 14:19:44,F2,8.3512,OK,0
2026-07-10 14:19:55,F2,8.3486,OK,0
2026-07-10 14:20:05,F2,8.3460,OK,0
2026-07-10 14:20:15,F2,8.3433,OK,0
2026-07-10 14:20:25,F2,8.3407,OK,0
2026-07-10 14:20:36,F2,8.3381,OK,0
2026-07-10 14:20:46,F2,8.3355,OK,0
2026-07-10 14:20:56,F2,8.3330,OK,0
2026-07-10 14:21:07,F2,8.3304,OK,0
2026-07-10 14:21:17,F2,8.3279,OK,0
2026-07-10 14:21:27,F2,8.3253,OK,0
2026-07-10 14:21:37,F2,8.3228,OK,0
2026-07-10 14:21:48,F2,8.3203,OK,0
2026-07-10 14:21:58,F2,8.3178,OK,0
2026-07-10 14:22:08,F2,8.3154,OK,0
2026-07-10 14:22:18,F2,8.3129,OK,0
2026-07-10 14:22:29,F2,8.3105,OK,0
2026-07-10 14:22:39,F2,8.3081,OK,0
2026-07-10 14:22:49,F2,8.3056,OK,0
2026-07-10 14:23:00,F2,8.3033,OK,0
2026-07-10 14:23:10,F2,8.3009,OK,0
2026-07-10 14:23:20,F2,8.2985,OK,0
2026-07-10 14:23:30,F2,8.2962,OK,0
2026-07-10 14:23:41,F2,8.2938,OK,0
2026-07-10 14:23:51,F2,8.2915,OK,0
2026-07-10 14:24:01,F2,8.2892,OK,0
2026-07-10 14:24:11,F2,8.2869,OK,0
2026-07-10 14:24:22,F2,8.2846,OK,0
2026-07-10 14:24:32,F2,8.2824,OK,0
2026-07-10 14:24:42,F2,8.2801,OK,0
2026-07-10 14:24:53,F2,8.2779,OK,0
2026-07-10 14:25:03,F2,8.2757,OK,0
2026-07-10 14:25:13,F2,8.2734,OK,0
2026-07-10 14:25:23,F2,8.2713,OK,0
2026-07-10 14:25:34,F2,8.2691,OK,0
2026-07-10 14:25:44,F2,8.2669,OK,0
2026-07-10 14:25:54,F2,8.2648,OK,0
2026-07-10 14:26:05,F2,8.2626,OK,0
2026-07-10 14:26:15,F2,8.2605,OK,0
2026-07-10 14:26:25,F2,8.2584,OK,0
2026-07-10 14:26:35,F2,8.2563,OK,0
2026-07-10 14:26:46,F2,8.2542,OK,0
2026-07-10 14:26:56,F2,8.2521,OK,0
2026-07-10 14:27:06,F2,8.2500,OK,0
2026-07-10 14:27:16,F2,8.2480,OK,0
2026-07-10 14:27:27,F2,8.2459,OK,0
2026-07-10 14:27:37,F2,8.2439,OK,0
2026-07-10 14:27:47,F2,8.2419,OK,0
2026-07-10 14:27:58,F2,8.2399,OK,0
2026-07-10 14:28:08,F2,8.2379,OK,0
2026-07-10 14:28:18,F2,8.2359,OK,0
2026-07-10 14:28:28,F2,8.2340,OK,0
2026-07-10 14:28:39,F2,8.2320,OK,0
2026-07-10 14:28:49,F2,8.2301,OK,0
2026-07-10 14:28:59,F2,8.2281,OK,0
2026-07-10 14:29:09,F2,8.2262,OK,1
2026-07-10 14:29:20,F2,8.2243,OK,0
2026-07-10 14:29:30,F2,8.2224,OK,0
2026-07-10 14:29:40,F2,8.2205,OK,0
2026-07-10 14:29:51,F2,8.2187,OK,0
2026-07-10 14:30:01,F2,8.2168,OK,0
2026-07-10 14:30:11,F2,8.2150,OK,0
2026-07-10 14:30:21,F2,8.2131,OK,0
2026-07-10 14:30:32,F2,8.2113,OK,0
2026-07-10 14:30:42,F2,8.2095,OK,0
2026-07-10 14:30:52,F2,8.2077,OK,0
2026-07-10 14:31:02,F2,8.2059,OK,0
2026-07-10 14:31:13,F2,8.2042,OK,0
2026-07-10 14:31:23,F2,8.2024,OK,0
2026-07-10 14:31:33,F2,8.2007,OK,0
2026-07-10 14:31:43,F2,8.1989,OK,0
2026-07-10 14:31:54,F2,8.1972,OK,0
2026-07-10 14:32:04,F2,8.1955,OK,0
2026-07-10 14:32:14,F2,8.1938,OK,0
2026-07-10 14:32:25,F2,8.1921,OK,0
2026-07-10 14:32:35,F2,8.1904,OK,0
2026-07-10 14:32:45,F2,8.1887,OK,0
2026-07-10 14:32:55,F2,8.1870,OK,0
2026-07-10 14:33:06,F2,8.1854,OK,0
2026-07-10 14:33:16,F2,8.1838,OK,0
2026-07-10 14:33:26,F2,8.1821,OK,0
2026-07-10 14:33:37,F2,8.1805,OK,0
2026-07-10 14:33:47,F2,8.1789,OK,0
2026-07-10 14:33:57,F2,8.1773,OK,0
2026-07-10 14:34:07,F2,8.1757,OK,0
2026-07-10 14:34:18,F2,8.1741,OK,0
2026-07-10 14:34:28,F2,8.1725,OK,0
2026-07-10 14:34:38,F2,8.1710,OK,0
2026-07-10 14:34:49,F2,8.1694,OK,0
2026-07-10 14:34:59,F2,8.1679,OK,0
2026-07-10 14:35:09,F2,8.1663,OK,0
2026-07-10 14:35:19,F2,8.1648,OK,0
2026-07-10 14:35:30,F2,8.1633,OK,0
2026-07-10 14:35:40,F2,8.1618,OK,0
2026-07-10 14:35:50,F2,8.1603,OK,0
2026-07-10 14:36:01,F2,8.1588,OK,0
2026-07-10 14:36:11,F2,8.1573,OK,0
2026-07-10 14:36:21,F2,8.1558,OK,0
2026-07-10 14:36:31,F2,8.1544,OK,0
2026-07-10 14:36:42,F2,8.1529,OK,0
2026-07-10 14:36:52,F2,8.1515,OK,0
2026-07-10 14:37:02,F2,8.1501,OK,0
2026-07-10 14:37:12,F2,8.1486,OK,0
2026-07-10 14:37:23,F2,8.1472,OK,0
2026-07-10 14:37:33,F2,8.1458,OK,0
2026-07-10 14:37:43,F2,8.1444,OK,0
2026-07-10 14:37:53,F2,8.1430,OK,0
2026-07-10 14:38:04,F2,8.1417,OK,0
2026-07-10 14:38:14,F2,8.1403,OK,0
2026-07-10 14:38:24,F2,8.1389,OK,0
2026-07-10 14:38:35,F2,8.1376,OK,0
2026-07-10 14:38:45,F2,8.1362,OK,0
2026-07-10 14:38:55,F2,8.1349,OK,0
2026-07-10 14:39:05,F2,8.1336,OK,0
2026-07-10 14:39:16,F2,8.1323,OK,0
2026-07-10 14:39:26,F2,8.1310,OK,0
2026-07-10 14:39:36,F2,8.1297,OK,0
2026-07-10 14:39:46,F2,8.1284,OK,0
2026-07-10 14:39:57,F2,8.1271,OK,0
2026-07-10 14:40:07,F2,8.1258,OK,0
2026-07-10 14:40:17,F2,8.1245,OK,0
2026-07-10 14:40:28,F2,8.1233,OK,0
2026-07-10 14:40:38,F2,8.1220,OK,0
2026-07-10 14:40:48,F2,8.1208,OK,0
2026-07-10 14:40:59,F2,8.1196,OK,0
2026-07-10 14:41:09,F2,8.1184,OK,0
2026-07-10 14:41:19,F2,8.1171,OK,0
2026-07-10 14:41:29,F2,8.1159,OK,0
2026-07-10 14:41:40,F2,8.1147,OK,0
2026-07-10 14:41:50,F2,8.1135,OK,0
2026-07-10 14:42:00,F2,8.1124,OK,0
2026-07-10 14:42:10,F2,8.1112,OK,0
2026-07-10 14:42:21,F2,8.1100,OK,0
2026-07-10 14:42:31,F2,8.1089,OK,0
2026-07-10 14:42:41,F2,8.1077,OK,0
2026-07-10 14:42:51,F2,8.1066,OK,0
2026-07-10 14:43:02,F2,8.1054,OK,0
2026-07-10 14:43:12,F2,8.1043,OK,0
2026-07-10 14:43:22,F2,8.1032,OK,0
2026-07-10 14:43:33,F2,8.1021,OK,0
2026-07-10 14:43:43,F2,8.1010,OK,0
2026-07-10 14:43:53,F2,8.0999,OK,0
2026-07-10 14:44:03,F2,8.0988,OK,0
2026-07-10 14:44:14,F2,8.0977,OK,0
2026-07-10 14:44:24,F2,8.0967,OK,0
2026-07-10 14:44:34,F2,8.0956,OK,0
2026-07-10 14:44:44,F2,8.0946,OK,0
2026-07-10 14:44:55,F2,8.0935,OK,0
2026-07-10 14:45:05,F2,8.0925,OK,0
2026-07-10 14:45:15,F2,8.0915,OK,0
2026-07-10 14:45:25,F2,8.0905,OK,0
2026-07-10 14:45:36,F2,8.0895,OK,0
2026-07-10 14:45:46,F2,8.0885,OK,0
2026-07-10 14:45:56,F2,8.0875,OK,0
2026-07-10 14:46:06,F2,8.0866,OK,0
2026-07-10 14:46:17,F2,8.0856,OK,0
2026-07-10 14:46:27,F2,8.0847,OK,0
2026-07-10 14:46:37,F2,8.0838,OK,0
2026-07-10 14:46:47,F2,8.0828,OK,0
2026-07-10 14:46:58,F2,8.0819,OK,0
2026-07-10 14:47:08,F2,8.0810,OK,0
2026-07-10 14:47:18,F2,8.0801,OK,0
2026-07-10 14:47:29,F2,8.0793,OK,0
2026-07-10 14:47:39,F2,8.0784,OK,0
2026-07-10 14:47:49,F2,8.0775,OK,0
2026-07-10 14:47:59,F2,8.0767,OK,0
2026-07-10 14:48:10,F2,8.0759,OK,0
2026-07-10 14:48:20,F2,8.0750,OK,0
2026-07-10 14:48:30,F2,8.0742,OK,0
2026-07-10 14:48:40,F2,8.0734,OK,0
2026-07-10 14:48:51,F2,8.0726,OK,0
2026-07-10 14:49:01,F2,8.0718,OK,0
2026-07-10 14:49:11,F2,8.0711,OK,0
2026-07-10 14:49:21,F2,8.0703,OK,0
2026-07-10 14:49:32,F2,8.0696,OK,0
2026-07-10 14:49:42,F2,8.0688,OK,0
2026-07-10 14:49:52,F2,8.0681,OK,0
2026-07-10 14:50:02,F2,8.0674,OK,0
2026-07-10 14:50:13,F2,8.0667,OK,0
2026-07-10 14:50:23,F2,8.0660,OK,0
2026-07-10 14:50:33,F2,8.0654,OK,0
2026-07-10 14:50:43,F2,8.0647,OK,0
2026-07-10 14:50:54,F2,8.0640,OK,0
2026-07-10 14:51:04,F2,8.0634,OK,0
2026-07-10 14:51:14,F2,8.0628,OK,0
2026-07-10 14:51:24,F2,8.0622,OK,0
2026-07-10 14:51:35,F2,8.0616,OK,0
2026-07-10 14:51:45,F2,8.0610,OK,0
2026-07-10 14:51:55,F2,8.0604,OK,0
2026-07-10 14:52:06,F2,8.0598,OK,0
2026-07-10 14:52:16,F2,8.0593,OK,0
2026-07-10 14:52:26,F2,8.0587,OK,0
2026-07-10 14:52:36,F2,8.0582,OK,0
2026-07-10 14:52:47,F2,8.0576,OK,0
2026-07-10 14:52:57,F2,8.0571,OK,0
2026-07-10 14:53:07,F2,8.0566,OK,0
2026-07-10 14:53:18,F2,8.0561,OK,1
2026-07-10 14:53:28,F2,8.0556,OK,0
2026-07-10 14:53:38,F2,8.0551,OK,0
2026-07-10 14:53:48,F2,8.0547,OK,0
2026-07-10 14:53:59,F2,8.0542,OK,0
2026-07-10 14:54:09,F2,8.0538,OK,0
2026-07-10 14:54:19,F2,8.0534,OK,0
2026-07-10 14:54:29,F2,8.0529,OK,0
2026-07-10 14:54:40,F2,8.0525,OK,0
2026-07-10 14:54:50,F2,8.0521,OK,0
2026-07-10 14:55:00,F2,8.0517,OK,0
2026-07-10 14:55:10,F2,8.0514,OK,0
2026-07-10 14:55:21,F2,8.0510,OK,0
2026-07-10 14:55:31,F2,8.0507,OK,0
2026-07-10 14:55:41,F2,8.0503,OK,0
2026-07-10 14:55:51,F2,8.0500,OK,0
2026-07-10 14:56:02,F2,8.0497,OK,0
2026-07-10 14:56:12,F2,8.0494,OK,0
2026-07-10 14:56:22,F2,8.0491,OK,0
2026-07-10 14:56:33,F2,8.0489,OK,0
2026-07-10 14:56:43,F2,8.0486,OK,0
2026-07-10 14:56:53,F2,8.0484,OK,0
2026-07-10 14:57:03,F2,8.0481,OK,0
2026-07-10 14:57:14,F2,8.0479,OK,0
2026-07-10 14:57:24,F2,8.0477,OK,0
2026-07-10 14:57:34,F2,8.0475,OK,0
2026-07-10 14:57:44,F2,8.0473,OK,0
2026-07-10 14:57:55,F2,8.0471,OK,0
2026-07-10 14:58:05,F2,8.0470,OK,0
2026-07-10 14:58:15,F2,8.0468,OK,0
2026-07-10 14:58:26,F2,8.0467,OK,0
2026-07-10 14:58:36,F2,8.0465,OK,0
2026-07-10 14:58:46,F2,8.0464,OK,0
2026-07-10 14:58:56,F2,8.0463,OK,0
2026-07-10 14:59:07,F2,8.0462,OK,0
2026-07-10 14:59:17,F2,8.0461,OK,0
2026-07-10 14:59:27,F2,8.0460,OK,0
2026-07-10 14:59:37,F2,8.0460,OK,0
2026-07-10 14:59:48,F2,8.0459,OK,0
2026-07-10 14:59:58,F2,8.0459,OK,0
2026-07-10 15:00:08,F2,8.0459,OK,0
2026-07-10 15:00:18,F2,8.0458,OK,0
2026-07-10 15:00:29,F2,8.0458,OK,0
2026-07-10 15:00:39,F2,8.0458,OK,0
2026-07-10 15:00:49,F2,8.0459,OK,0
2026-07-10 15:01:00,F2,8.0459,OK,0
2026-07-10 15:01:10,F2,8.0459,OK,0
2026-07-10 15:01:20,F2,8.0460,OK,0
2026-07-10 15:01:30,F2,8.0460,OK,0
2026-07-10 15:01:41,F2,8.0461,OK,0
2026-07-10 15:01:51,F2,8.0462,OK,0
2026-07-10 15:02:01,F2,8.0463,OK,0
2026-07-10 15:02:12,F2,8.0464,OK,0
2026-07-10 15:02:22,F2,8.0465,OK,0
2026-07-10 15:02:32,F2,8.0467,OK,0
2026-07-10 15:02:43,F2,8.0468,OK,0
2026-07-10 15:02:53,F2,8.0469,OK,0
2026-07-10 15:03:03,F2,8.0471,OK,0
2026-07-10 15:03:13,F2,8.0473,OK,0
2026-07-10 15:03:24,F2,8.0474,OK,1
2026-07-10 15:03:34,F2,8.0476,OK,0
2026-07-10 15:03:44,F2,8.0478,OK,0
2026-07-10 15:03:54,F2,8.0480,OK,0
2026-07-10 15:04:05,F2,8.0482,OK,0
2026-07-10 15:04:15,F2,8.0485,OK,0
2026-07-10 15:04:25,F2,8.0487,OK,0
2026-07-10 15:04:35,F2,8.0489,OK,0
2026-07-10 15:04:46,F2,8.0492,OK,0
2026-07-10 15:04:56,F2,8.0495,OK,0
2026-07-10 15:05:06,F2,8.0497,OK,0
2026-07-10 15:05:16,F2,8.0500,OK,0
2026-07-10 15:05:27,F2,8.0503,OK,1
2026-07-10 15:05:37,F2,8.0506,OK,0
2026-07-10 15:05:47,F2,8.0509,OK,0
2026-07-10 15:05:58,F2,8.0512,OK,0
2026-07-10 15:06:08,F2,8.0515,OK,0
2026-07-10 15:06:18,F2,8.0519,OK,0
2026-07-10 15:06:28,F2,8.0522,OK,0
2026-07-10 15:06:39,F2,8.0525,OK,0
2026-07-10 15:06:49,F2,8.0529,OK,0
2026-07-10 15:06:59,F2,8.0532,OK,0
2026-07-10 15:07:09,F2,8.0536,OK,0
2026-07-10 15:07:20,F2,8.0540,OK,0
2026-07-10 15:07:30,F2,8.0543,OK,0
2026-07-10 15:07:40,F2,8.0547,OK,0
2026-07-10 15:07:51,F2,8.0551,OK,0
2026-07-10 15:08:01,F2,8.0555,OK,0
2026-07-10 15:08:11,F2,8.0559,OK,0
2026-07-10 15:08:21,F2,8.0563,OK,0
2026-07-10 15:08:32,F2,8.0567,OK,0
2026-07-10 15:08:42,F2,8.0571,OK,0
2026-07-10 15:08:52,F2,8.0575,OK,0
2026-07-10 15:09:02,F2,8.0580,OK,0
2026-07-10 15:09:13,F2,8.0584,OK,0
2026-07-10 15:09:23,F2,8.0588,OK,0
2026-07-10 15:09:33,F2,8.0593,OK,0
2026-07-10 15:09:44,F2,8.0597,OK,0
2026-07-10 15:09:54,F2,8.0601,OK,0
2026-07-10 15:10:04,F2,8.0606,OK,0
2026-07-10 15:10:14,F2,8.0610,OK,0
2026-07-10 15:10:25,F2,8.0615,OK,0
2026-07-10 15:10:35,F2,8.0620,OK,0
2026-07-10 15:10:45,F2,8.0624,OK,0
2026-07-10 15:10:56,F2,8.0629,OK,0
2026-07-10 15:11:06,F2,8.0634,OK,0
2026-07-10 15:11:16,F2,8.0638,OK,0
2026-07-10 15:11:26,F2,8.0643,OK,0
2026-07-10 15:11:37,F2,8.0648,OK,0
2026-07-10 15:11:47,F2,8.0652,OK,0
2026-07-10 15:11:57,F2,8.0657,OK,0
2026-07-10 15:12:07,F2,8.0662,OK,0
2026-07-10 15:12:18,F2,8.0667,OK,0
2026-07-10 15:12:28,F2,8.0672,OK,0
2026-07-10 15:12:38,F2,8.0677,OK,0
2026-07-10 15:12:48,F2,8.0682,OK,0
2026-07-10 15:12:59,F2,8.0686,OK,0
2026-07-10 15:13:09,F2,8.0691,OK,0
2026-07-10 15:13:19,F2,8.0696,OK,0
2026-07-10 15:13:30,F2,8.0701,OK,0
2026-07-10 15:13:40,F2,8.0706,OK,0
2026-07-10 15:13:50,F2,8.0711,OK,0
2026-07-10 15:14:00,F2,8.0716,OK,0
2026-07-10 15:14:11,F2,8.0721,OK,0
2026-07-10 15:14:21,F2,8.0726,OK,0
2026-07-10 15:14:31,F2,8.0731,OK,0
2026-07-10 15:14:41,F2,8.0736,OK,0
2026-07-10 15:14:52,F2,8.0741,OK,0
2026-07-10 15:15:02,F2,8.0746,OK,0
2026-07-10 15:15:12,F2,8.0751,OK,0
2026-07-10 15:15:23,F2,8.0756,OK,0
2026-07-10 15:15:33,F2,8.0761,OK,0
2026-07-10 15:15:43,F2,8.0766,OK,0
2026-07-10 15:15:54,F2,8.0772,OK,0
2026-07-10 15:16:04,F2,8.0777,OK,0
2026-07-10 15:16:14,F2,8.0782,OK,0
2026-07-10 15:16:24,F2,8.0787,OK,0
2026-07-10 15:16:35,F2,8.0792,OK,0
2026-07-10 15:16:45,F2,8.0797,OK,0
2026-07-10 15:16:55,F2,8.0802,OK,0
2026-07-10 15:17:05,F2,8.0807,OK,0
2026-07-10 15:17:16,F2,8.0812,OK,0
2026-07-10 15:17:26,F2,8.0817,OK,0
2026-07-10 15:17:36,F2,8.0822,OK,0
2026-07-10 15:17:46,F2,8.0827,OK,0
2026-07-10 15:17:57,F2,8.0832,OK,0
2026-07-10 15:18:07,F2,8.0837,OK,0
2026-07-10 15:18:17,F2,8.0842,OK,0
2026-07-10 15:18:28,F2,8.0847,OK,0
2026-07-10 15:18:38,F2,8.0852,OK,0
2026-07-10 15:18:48,F2,8.0857,OK,0
2026-07-10 15:18:58,F2,8.0862,OK,1
2026-07-10 15:19:09,F2,8.0867,OK,1
2026-07-10 15:19:19,F2,8.0872,OK,1
2026-07-10 15:19:29,F2,8.0878,OK,0
2026-07-10 15:19:39,F2,8.0883,OK,0
2026-07-10 15:19:50,F2,8.0888,OK,0
2026-07-10 15:20:00,F2,8.0893,OK,0
2026-07-10 15:20:10,F2,8.0898,OK,0
2026-07-10 15:20:21,F2,8.0903,OK,0
2026-07-10 15:20:31,F2,8.0908,OK,0
2026-07-10 15:20:41,F2,8.0913,OK,0
2026-07-10 15:20:51,F2,8.0918,OK,0
2026-07-10 15:21:02,F2,8.0923,OK,0
2026-07-10 15:21:12,F2,8.0928,OK,0
2026-07-10 15:21:22,F2,8.0933,OK,0
2026-07-10 15:21:32,F2,8.0938,OK,0
2026-07-10 15:21:43,F2,8.0943,OK,0
2026-07-10 15:21:53,F2,8.0948,OK,0
2026-07-10 15:22:03,F2,8.0953,OK,0
2026-07-10 15:22:13,F2,8.0958,OK,0
2026-07-10 15:22:24,F2,8.0963,OK,0
2026-07-10 15:22:34,F2,8.0968,OK,0
2026-07-10 15:22:44,F2,8.0973,OK,0
2026-07-10 15:22:54,F2,8.0979,OK,0
2026-07-10 15:23:05,F2,8.0984,OK,0
2026-07-10 15:23:15,F2,8.0989,OK,0
2026-07-10 15:23:25,F2,8.0994,OK,0
2026-07-10 15:23:36,F2,8.1000,OK,0
2026-07-10 15:23:46,F2,8.1005,OK,0
2026-07-10 15:23:56,F2,8.1011,OK,0
2026-07-10 15:24:06,F2,8.1016,OK,0
2026-07-10 15:24:17,F2,8.1021,OK,0
2026-07-10 15:24:27,F2,8.1027,OK,0
2026-07-10 15:24:37,F2,8.1033,OK,0
2026-07-10 15:24:47,F2,8.1038,OK,0
2026-07-10 15:24:58,F2,8.1044,OK,0
2026-07-10 15:25:08,F2,8.1050,OK,0
2026-07-10 15:25:18,F2,8.1055,OK,0
2026-07-10 15:25:29,F2,8.1061,OK,0
2026-07-10 15:25:39,F2,8.1067,OK,0
2026-07-10 15:25:49,F2,8.1073,OK,0
2026-07-10 15:25:59,F2,8.1079,OK,0
2026-07-10 15:26:10,F2,8.1085,OK,0
2026-07-10 15:26:20,F2,8.1091,OK,0
2026-07-10 15:26:30,F2,8.1097,OK,0
2026-07-10 15:26:40,F2,8.1103,OK,0
2026-07-10 15:26:51,F2,8.1109,OK,0
2026-07-10 15:27:01,F2,8.1115,OK,0
2026-07-10 15:27:11,F2,8.1122,OK,0
2026-07-10 15:27:21,F2,8.1128,OK,0
2026-07-10 15:27:32,F2,8.1134,OK,0
2026-07-10 15:27:42,F2,8.1141,OK,0
2026-07-10 15:27:52,F2,8.1147,OK,0
2026-07-10 15:28:02,F2,8.1153,OK,0
2026-07-10 15:28:13,F2,8.1160,OK,0
2026-07-10 15:28:23,F2,8.1166,OK,0
2026-07-10 15:28:33,F2,8.1173,OK,0
2026-07-10 15:28:43,F2,8.1179,OK,0
2026-07-10 15:28:54,F2,8.1186,OK,0
2026-07-10 15:29:04,F2,8.1193,OK,0
2026-07-10 15:29:14,F2,8.1199,OK,0
2026-07-10 15:29:25,F2,8.1206,OK,0
2026-07-10 15:29:35,F2,8.1213,OK,0
2026-07-10 15:29:45,F2,8.1220,OK,0
2026-07-10 15:29:55,F2,8.1227,OK,0
2026-07-10 15:30:06,F2,8.1234,OK,0
2026-07-10 15:30:16,F2,8.1240,OK,0
2026-07-10 15:30:26,F2,8.1247,OK,0
2026-07-10 15:30:36,F2,8.1254,OK,0
2026-07-10 15:30:47,F2,8.1261,OK,0
2026-07-10 15:30:57,F2,8.1268,OK,0
2026-07-10 15:31:07,F2,8.1275,OK,0
2026-07-10 15:31:17,F2,8.1282,OK,0
2026-07-10 15:31:28,F2,8.1290,OK,0
2026-07-10 15:31:38,F2,8.1297,OK,0
2026-07-10 15:31:48,F2,8.1304,OK,0
2026-07-10 15:31:58,F2,8.1311,OK,0
2026-07-10 15:32:09,F2,8.1318,OK,0
2026-07-10 15:32:19,F2,8.1325,OK,0
2026-07-10 15:32:29,F2,8.1332,OK,0
2026-07-10 15:32:39,F2,8.1339,OK,0
2026-07-10 15:32:50,F2,8.1346,OK,0
2026-07-10 15:33:00,F2,8.1353,OK,0
2026-07-10 15:33:10,F2,8.1360,OK,0
2026-07-10 15:33:20,F2,8.1367,OK,0
2026-07-10 15:33:31,F2,8.1375,OK,0
2026-07-10 15:33:41,F2,8.1382,OK,0
2026-07-10 15:33:51,F2,8.1389,OK,0
2026-07-10 15:34:02,F2,8.1396,OK,0
2026-07-10 15:34:12,F2,8.1403,OK,0
2026-07-10 15:34:22,F2,8.1410,OK,0
2026-07-10 15:34:32,F2,8.1417,OK,0
2026-07-10 15:34:43,F2,8.1423,OK,0
2026-07-10 15:34:53,F2,8.1430,OK,0
2026-07-10 15:35:03,F2,8.1437,OK,0
2026-07-10 15:35:13,F2,8.1444,OK,0
2026-07-10 15:35:24,F2,8.1451,OK,0
2026-07-10 15:35:34,F2,8.1458,OK,0
2026-07-10 15:35:44,F2,8.1464,OK,0
2026-07-10 15:35:55,F2,8.1471,OK,0
2026-07-10 15:36:05,F2,8.1477,OK,0
2026-07-10 15:36:15,F2,8.1484,OK,0
2026-07-10 15:36:25,F2,8.1490,OK,0
2026-07-10 15:36:36,F2,8.1497,OK,0
2026-07-10 15:36:46,F2,8.1503,OK,0
2026-07-10 15:36:56,F2,8.1510,OK,0
2026-07-10 15:37:06,F2,8.1516,OK,0
2026-07-10 15:37:17,F2,8.1522,OK,0
2026-07-10 15:37:27,F2,8.1528,OK,0
2026-07-10 15:37:37,F2,8.1534,OK,0
2026-07-10 15:37:48,F2,8.1540,OK,0
2026-07-10 15:37:58,F2,8.1546,OK,0
2026-07-10 15:38:08,F2,8.1552,OK,0
2026-07-10 15:38:18,F2,8.1558,OK,0
2026-07-10 15:38:29,F2,8.1564,OK,0
2026-07-10 15:38:39,F2,8.1570,OK,0
2026-07-10 15:38:49,F2,8.1575,OK,0
2026-07-10 15:38:59,F2,8.1581,OK,0
2026-07-10 15:39:10,F2,8.1586,OK,0
2026-07-10 15:39:20,F2,8.1591,OK,0
2026-07-10 15:39:30,F2,8.1597,OK,0
2026-07-10 15:39:41,F2,8.1602,OK,1
2026-07-10 15:39:51,F2,8.1607,OK,0
2026-07-10 15:40:01,F2,8.1612,OK,0
2026-07-10 15:40:11,F2,8.1617,OK,0
2026-07-10 15:40:22,F2,8.1622,OK,0
2026-07-10 15:40:32,F2,8.1626,OK,0
2026-07-10 15:40:42,F2,8.1631,OK,0
2026-07-10 15:40:53,F2,8.1636,OK,0
2026-07-10 15:41:03,F2,8.1640,OK,0
2026-07-10 15:41:13,F2,8.1644,OK,0
2026-07-10 15:41:23,F2,8.1649,OK,0
2026-07-10 15:41:34,F2,8.1653,OK,0
2026-07-10 15:41:44,F2,8.1657,OK,0
2026-07-10 15:41:54,F2,8.1661,OK,0
2026-07-10 15:42:04,F2,8.1664,OK,0
2026-07-10 15:42:15,F2,8.1668,OK,0
2026-07-10 15:42:25,F2,8.1672,OK,0
2026-07-10 15:42:35,F2,8.1675,OK,0
2026-07-10 15:42:45,F2,8.1679,OK,0
2026-07-10 15:42:56,F2,8.1682,OK,0
2026-07-10 15:43:06,F2,8.1686,OK,0
2026-07-10 15:43:16,F2,8.1689,OK,0
2026-07-10 15:43:26,F2,8.1692,OK,0
2026-07-10 15:43:37,F2,8.1695,OK,0
2026-07-10 15:43:47,F2,8.1698,OK,0
2026-07-10 15:43:57,F2,8.1701,OK,0
2026-07-10 15:44:07,F2,8.1704,OK,0
2026-07-10 15:44:18,F2,8.1706,OK,0
2026-07-10 15:44:28,F2,8.1709,OK,0
2026-07-10 15:44:38,F2,8.1711,OK,0
2026-07-10 15:44:48,F2,8.1714,OK,0
2026-07-10 15:44:59,F2,8.1716,OK,0
2026-07-10 15:45:09,F2,8.1718,OK,0
2026-07-10 15:45:19,F2,8.1720,OK,0
2026-07-10 15:45:30,F2,8.1722,OK,0
2026-07-10 15:45:40,F2,8.1724,OK,0
2026-07-10 15:45:50,F2,8.1726,OK,0
2026-07-10 15:46:00,F2,8.1728,OK,0
2026-07-10 15:46:11,F2,8.1729,OK,0
2026-07-10 15:46:21,F2,8.1731,OK,0
2026-07-10 15:46:31,F2,8.1732,OK,0
2026-07-10 15:46:41,F2,8.1734,OK,0
2026-07-10 15:46:52,F2,8.1735,OK,0
2026-07-10 15:47:02,F2,8.1736,OK,0
2026-07-10 15:47:12,F2,8.1737,OK,0
2026-07-10 15:47:22,F2,8.1738,OK,0
2026-07-10 15:47:33,F2,8.1739,OK,0
2026-07-10 15:47:43,F2,8.1740,OK,0
2026-07-10 15:47:53,F2,8.1741,OK,0
2026-07-10 15:48:04,F2,8.1742,OK,0
2026-07-10 15:48:14,F2,8.1742,OK,0
2026-07-10 15:48:24,F2,8.1743,OK,0
2026-07-10 15:48:34,F2,8.1743,OK,0
2026-07-10 15:48:45,F2,8.1744,OK,0
2026-07-10 15:48:55,F2,8.1744,OK,0
2026-07-10 15:49:05,F2,8.1744,OK,0
2026-07-10 15:49:15,F2,8.1744,OK,0
2026-07-10 15:49:26,F2,8.1744,OK,0
2026-07-10 15:49:36,F2,8.1744,OK,0
2026-07-10 15:49:46,F2,8.1744,OK,0
2026-07-10 15:49:57,F2,8.1743,OK,0
2026-07-10 15:50:07,F2,8.1743,OK,0
2026-07-10 15:50:17,F2,8.1742,OK,0
2026-07-10 15:50:27,F2,8.1742,OK,0
2026-07-10 15:50:38,F2,8.1741,OK,0
2026-07-10 15:50:48,F2,8.1740,OK,0
2026-07-10 15:50:58,F2,8.1739,OK,0
2026-07-10 15:51:08,F2,8.1738,OK,0
2026-07-10 15:51:19,F2,8.1737,OK,0
2026-07-10 15:51:29,F2,8.1736,OK,0
2026-07-10 15:51:39,F2,8.1735,OK,0
2026-07-10 15:51:49,F2,8.1734,OK,0
2026-07-10 15:52:00,F2,8.1733,OK,0
2026-07-10 15:52:10,F2,8.1732,OK,0
2026-07-10 15:52:20,F2,8.1731,OK,0
2026-07-10 15:52:30,F2,8.1729,OK,0
2026-07-10 15:52:41,F2,8.1728,OK,0
2026-07-10 15:52:51,F2,8.1727,OK,0
2026-07-10 15:53:01,F2,8.1725,OK,0
2026-07-10 15:53:12,F2,8.1724,OK,0
2026-07-10 15:53:22,F2,8.1722,OK,0
