timestamp,fermentador,flow_sccm,status
2026-07-06 12:48:32,F1,0.0000,OK
2026-07-06 12:48:43,F1,0.0000,OK
2026-07-06 12:48:53,F1,0.0000,OK
2026-07-06 12:49:03,F1,0.0000,OK
2026-07-06 12:49:14,F1,0.0000,OK
2026-07-06 12:49:24,F1,0.0000,OK
2026-07-06 12:49:34,F1,0.0000,OK
2026-07-06 12:49:45,F1,0.0000,OK
2026-07-06 12:49:55,F1,0.0000,OK
2026-07-06 12:50:05,F1,0.0000,OK
2026-07-06 12:50:16,F1,0.0000,OK
2026-07-06 12:50:26,F1,0.0000,OK
2026-07-06 12:50:36,F1,0.0000,OK
2026-07-06 12:50:46,F1,0.0000,OK
2026-07-06 12:50:57,F1,0.0000,OK
2026-07-06 12:51:07,F1,0.0000,OK
2026-07-06 12:51:17,F1,0.0000,OK
2026-07-06 12:51:28,F1,0.0000,OK
2026-07-06 12:51:38,F1,0.0000,OK
2026-07-06 12:51:48,F1,0.0000,OK
2026-07-06 12:51:58,F1,0.0000,OK
2026-07-06 12:52:09,F1,0.0000,OK
2026-07-06 12:52:19,F1,0.0000,OK
2026-07-06 12:52:29,F1,0.0000,OK
2026-07-06 12:52:40,F1,0.0000,OK
2026-07-06 12:52:50,F1,0.0000,OK
2026-07-06 12:53:00,F1,0.0000,OK
2026-07-06 12:53:11,F1,0.0000,OK
2026-07-06 12:53:21,F1,0.0000,OK
2026-07-06 12:53:31,F1,0.0000,OK
2026-07-06 12:53:42,F1,0.0000,OK
2026-07-06 12:53:52,F1,0.0000,OK
2026-07-06 12:54:02,F1,0.0000,OK
2026-07-06 12:54:12,F1,0.0000,OK
2026-07-06 12:54:23,F1,0.0000,OK
2026-07-06 12:54:33,F1,0.0000,OK
2026-07-06 12:54:43,F1,0.0000,OK
2026-07-06 12:54:54,F1,0.0000,OK
2026-07-06 12:55:04,F1,0.0000,OK
2026-07-06 12:55:14,F1,0.0000,OK
2026-07-06 12:55:25,F1,0.0000,OK
2026-07-06 12:55:35,F1,0.0000,OK
2026-07-06 12:55:45,F1,0.0000,OK
2026-07-06 12:55:56,F1,0.0000,OK
2026-07-06 12:56:06,F1,0.0000,OK
2026-07-06 12:56:16,F1,0.0000,OK
2026-07-06 12:56:26,F1,0.0000,OK
2026-07-06 12:56:37,F1,0.0000,OK
2026-07-06 12:56:47,F1,0.0000,OK
2026-07-06 12:56:57,F1,0.0000,OK
2026-07-06 12:57:08,F1,0.0000,OK
2026-07-06 12:57:18,F1,0.0000,OK
2026-07-06 12:57:28,F1,0.0000,OK
2026-07-06 12:57:39,F1,0.0000,OK
2026-07-06 12:57:49,F1,0.0000,OK
2026-07-06 12:57:59,F1,0.0000,OK
2026-07-06 12:58:10,F1,0.1927,OK
2026-07-06 12:58:20,F1,0.2982,OK
2026-07-06 12:58:30,F1,0.2982,OK
2026-07-06 12:58:41,F1,0.0000,OK
2026-07-06 12:58:51,F1,0.0000,OK
2026-07-06 12:59:01,F1,0.0000,OK
2026-07-06 12:59:12,F1,0.2455,OK
2026-07-06 12:59:22,F1,0.3510,OK
2026-07-06 12:59:32,F1,0.1927,OK
2026-07-06 12:59:42,F1,0.2982,OK
2026-07-06 12:59:53,F1,0.2982,OK
2026-07-06 13:00:03,F1,0.1927,OK
2026-07-06 13:00:13,F1,0.2455,OK
2026-07-06 13:00:24,F1,0.2982,OK
2026-07-06 13:00:34,F1,0.1927,OK
2026-07-06 13:00:44,F1,0.0000,OK
2026-07-06 13:00:54,F1,0.0000,OK
2026-07-06 13:01:05,F1,0.0000,OK
2026-07-06 13:01:15,F1,0.1927,OK
2026-07-06 13:01:25,F1,0.0845,OK
2026-07-06 13:01:36,F1,0.1927,OK
2026-07-06 13:01:46,F1,0.1927,OK
2026-07-06 13:01:56,F1,0.1399,OK
2026-07-06 13:02:07,F1,0.1927,OK
2026-07-06 13:02:17,F1,0.1927,OK
2026-07-06 13:02:27,F1,0.1399,OK
2026-07-06 13:02:38,F1,0.0000,OK
2026-07-06 13:02:48,F1,6.1893,OK
2026-07-06 13:02:58,F1,10.7791,OK
2026-07-06 13:03:08,F1,11.5076,OK
2026-07-06 13:03:19,F1,11.1856,OK
2026-07-06 13:03:29,F1,0.0053,OK
2026-07-06 13:03:39,F1,0.0000,OK
2026-07-06 13:03:50,F1,0.0000,OK
2026-07-06 13:04:00,F1,0.0000,OK
2026-07-06 13:04:10,F1,13.7458,OK
2026-07-06 13:04:20,F1,12.5264,OK
2026-07-06 13:04:31,F1,12.6584,OK
2026-07-06 13:04:41,F1,17.3195,OK
2026-07-06 13:04:51,F1,17.3749,OK
2026-07-06 13:05:02,F1,4.5212,OK
2026-07-06 13:05:12,F1,0.0000,OK
2026-07-06 13:05:22,F1,0.0000,OK
2026-07-06 13:05:33,F1,0.0000,OK
2026-07-06 13:05:43,F1,0.0000,OK
2026-07-06 13:05:53,F1,0.0000,OK
2026-07-06 13:06:03,F1,0.0000,OK
2026-07-06 13:06:14,F1,0.0000,OK
2026-07-06 13:06:24,F1,0.0000,OK
2026-07-06 13:06:34,F1,0.0000,OK
2026-07-06 13:06:45,F1,0.0000,OK
2026-07-06 13:06:55,F1,0.0000,OK
2026-07-06 13:07:05,F1,0.0000,OK
2026-07-06 13:07:15,F1,0.0000,OK
2026-07-06 13:07:26,F1,0.0000,OK
2026-07-06 13:07:36,F1,0.0000,OK
2026-07-06 13:07:46,F1,0.0000,OK
2026-07-06 13:07:57,F1,0.0000,OK
2026-07-06 13:08:07,F1,0.0000,OK
2026-07-06 13:08:17,F1,0.0000,OK
2026-07-06 13:08:28,F1,0.0000,OK
2026-07-06 13:08:38,F1,0.0000,OK
2026-07-06 13:08:48,F1,0.0000,OK
2026-07-06 13:08:58,F1,0.0000,OK
2026-07-06 13:09:09,F1,0.0000,OK
2026-07-06 13:09:19,F1,0.0000,OK
2026-07-06 13:09:29,F1,0.0000,OK
2026-07-06 13:09:40,F1,0.0000,OK
2026-07-06 13:09:50,F1,0.0000,OK
2026-07-06 13:10:00,F1,0.0000,OK
2026-07-06 13:10:11,F1,0.0000,OK
2026-07-06 13:10:21,F1,0.0000,OK
2026-07-06 13:10:31,F1,0.0000,OK
2026-07-06 13:10:41,F1,0.0000,OK
2026-07-06 13:10:52,F1,0.0000,OK
2026-07-06 13:11:02,F1,0.0000,OK
2026-07-06 13:11:12,F1,0.0000,OK
2026-07-06 13:11:23,F1,0.0000,OK
2026-07-06 13:11:33,F1,0.0000,OK
2026-07-06 13:11:43,F1,0.0000,OK
2026-07-06 13:11:54,F1,0.0000,OK
2026-07-06 13:12:04,F1,0.0000,OK
2026-07-06 13:12:14,F1,0.0000,OK
2026-07-06 13:12:25,F1,0.0000,OK
2026-07-06 13:12:35,F1,0.0000,OK
2026-07-06 13:12:45,F1,0.0000,OK
2026-07-06 13:12:56,F1,0.0000,OK
2026-07-06 13:13:06,F1,0.0000,OK
2026-07-06 13:13:16,F1,0.0000,OK
2026-07-06 13:13:26,F1,0.0000,OK
2026-07-06 13:13:37,F1,0.0000,OK
2026-07-06 13:13:47,F1,0.0000,OK
2026-07-06 13:13:57,F1,0.0000,OK
2026-07-06 13:14:08,F1,0.0000,OK
2026-07-06 13:14:18,F1,0.0000,OK
2026-07-06 13:14:28,F1,0.0000,OK
2026-07-06 13:14:39,F1,0.0000,OK
2026-07-06 13:14:49,F1,0.0000,OK
2026-07-06 13:14:59,F1,0.0000,OK
2026-07-06 13:15:10,F1,0.0000,OK
2026-07-06 13:15:20,F1,0.0000,OK
2026-07-06 13:15:30,F1,0.0000,OK
2026-07-06 13:15:41,F1,0.0000,OK
2026-07-06 13:15:51,F1,0.0000,OK
2026-07-06 13:16:01,F1,0.0000,OK
2026-07-06 13:16:11,F1,0.0000,OK
2026-07-06 13:16:22,F1,0.0000,OK
2026-07-06 13:16:32,F1,0.0000,OK
2026-07-06 13:16:42,F1,0.0000,OK
2026-07-06 13:16:53,F1,0.0000,OK
2026-07-06 13:17:03,F1,0.0000,OK
2026-07-06 13:17:13,F1,0.0000,OK
2026-07-06 13:17:24,F1,0.0000,OK
2026-07-06 13:17:34,F1,0.0000,OK
2026-07-06 13:17:44,F1,0.0000,OK
2026-07-06 13:17:55,F1,0.0000,OK
2026-07-06 13:18:05,F1,0.0000,OK
2026-07-06 13:18:15,F1,0.0000,OK
2026-07-06 13:18:25,F1,0.0000,OK
2026-07-06 13:18:36,F1,0.0000,OK
2026-07-06 13:18:46,F1,0.0000,OK
2026-07-06 13:18:56,F1,0.0000,OK
2026-07-06 13:19:07,F1,0.0000,OK
2026-07-06 13:19:17,F1,0.0000,OK
2026-07-06 13:19:27,F1,0.0000,OK
2026-07-06 13:19:38,F1,0.0000,OK
2026-07-06 13:19:48,F1,0.0000,OK
2026-07-06 13:19:58,F1,0.0000,OK
2026-07-06 13:20:09,F1,0.0000,OK
2026-07-06 13:20:19,F1,0.0000,OK
2026-07-06 13:20:29,F1,0.0000,OK
2026-07-06 13:20:39,F1,0.0000,OK
2026-07-06 13:20:50,F1,0.0000,OK
2026-07-06 13:21:00,F1,0.0000,OK
2026-07-06 13:21:10,F1,0.0000,OK
2026-07-06 13:21:21,F1,0.0000,OK
2026-07-06 13:21:31,F1,0.0000,OK
2026-07-06 13:21:41,F1,0.0000,OK
2026-07-06 13:21:52,F1,0.0000,OK
2026-07-06 13:22:02,F1,0.0000,OK
2026-07-06 13:22:12,F1,0.0000,OK
2026-07-06 13:22:23,F1,0.0000,OK
2026-07-06 13:22:33,F1,0.0000,OK
2026-07-06 13:22:43,F1,0.0000,OK
2026-07-06 13:22:54,F1,0.0000,OK
2026-07-06 13:23:04,F1,0.0000,OK
2026-07-06 13:23:14,F1,0.0000,OK
2026-07-06 13:23:25,F1,0.0000,OK
2026-07-06 13:23:35,F1,0.0000,OK
2026-07-06 13:23:45,F1,0.0000,OK
2026-07-06 13:23:55,F1,0.0000,OK
2026-07-06 13:24:06,F1,0.0000,OK
2026-07-06 13:24:16,F1,0.0000,OK
2026-07-06 13:24:26,F1,0.0000,OK
2026-07-06 13:24:37,F1,0.0000,OK
2026-07-06 13:24:47,F1,0.0000,OK
2026-07-06 13:24:57,F1,0.0000,OK
2026-07-06 13:25:08,F1,0.0000,OK
2026-07-06 13:25:18,F1,0.0000,OK
2026-07-06 13:25:28,F1,0.0000,OK
2026-07-06 13:25:38,F1,0.0000,OK
2026-07-06 13:25:49,F1,0.0000,OK
2026-07-06 13:25:59,F1,0.0000,OK
2026-07-06 13:26:09,F1,0.0000,OK
2026-07-06 13:26:20,F1,0.0000,OK
2026-07-06 13:26:30,F1,0.0000,OK
2026-07-06 13:26:40,F1,0.0000,OK
2026-07-06 13:26:51,F1,0.0000,OK
2026-07-06 13:27:01,F1,0.0000,OK
2026-07-06 13:27:11,F1,0.0000,OK
2026-07-06 13:27:21,F1,0.0000,OK
2026-07-06 13:27:32,F1,0.0000,OK
2026-07-06 13:27:42,F1,0.0000,OK
2026-07-06 13:27:52,F1,0.0000,OK
2026-07-06 13:28:03,F1,0.0000,OK
2026-07-06 13:28:13,F1,0.0000,OK
2026-07-06 13:28:23,F1,0.0000,OK
2026-07-06 13:28:33,F1,0.0000,OK
2026-07-06 13:28:44,F1,0.0000,OK
2026-07-06 13:28:54,F1,0.0000,OK
2026-07-06 13:29:04,F1,0.0000,OK
2026-07-06 13:29:15,F1,0.0000,OK
2026-07-06 13:29:25,F1,0.0000,OK
2026-07-06 13:29:35,F1,0.0000,OK
2026-07-06 13:29:46,F1,0.0000,OK
2026-07-06 13:29:56,F1,0.0000,OK
2026-07-06 13:30:06,F1,0.0000,OK
2026-07-06 13:30:17,F1,0.0000,OK
2026-07-06 13:30:27,F1,0.0000,OK
2026-07-06 13:30:37,F1,0.0000,OK
2026-07-06 13:30:48,F1,0.0000,OK
2026-07-06 13:30:58,F1,0.0000,OK
2026-07-06 13:31:08,F1,0.0000,OK
2026-07-06 13:31:19,F1,0.0000,OK
2026-07-06 13:31:29,F1,0.0000,OK
2026-07-06 13:31:39,F1,0.0000,OK
2026-07-06 13:31:49,F1,0.0000,OK
2026-07-06 13:32:00,F1,0.0000,OK
2026-07-06 13:32:10,F1,0.0000,OK
2026-07-06 13:32:20,F1,0.0000,OK
2026-07-06 13:32:31,F1,0.0000,OK
2026-07-06 13:32:41,F1,0.0000,OK
2026-07-06 13:32:51,F1,0.0000,OK
2026-07-06 13:33:01,F1,0.0000,OK
2026-07-06 13:33:12,F1,0.0000,OK
2026-07-06 13:33:22,F1,0.0000,OK
2026-07-06 13:33:33,F1,0.0000,OK
2026-07-06 13:33:43,F1,0.0000,OK
2026-07-06 13:33:53,F1,0.0000,OK
2026-07-06 13:34:03,F1,0.0000,OK
2026-07-06 13:34:14,F1,0.0000,OK
2026-07-06 13:34:24,F1,0.0000,OK
2026-07-06 13:34:34,F1,0.0000,OK
2026-07-06 13:34:45,F1,0.0000,OK
2026-07-06 13:34:55,F1,0.0000,OK
2026-07-06 13:35:05,F1,0.0000,OK
2026-07-06 13:35:16,F1,0.0000,OK
2026-07-06 13:35:26,F1,0.0000,OK
2026-07-06 13:35:36,F1,0.0000,OK
2026-07-06 13:35:47,F1,0.0000,OK
2026-07-06 13:35:57,F1,0.0000,OK
2026-07-06 13:36:07,F1,0.0000,OK
2026-07-06 13:36:17,F1,0.0000,OK
2026-07-06 13:36:28,F1,0.0000,OK
2026-07-06 13:36:38,F1,0.0000,OK
2026-07-06 13:36:48,F1,0.0000,OK
2026-07-06 13:36:59,F1,0.0000,OK
2026-07-06 13:37:09,F1,0.0000,OK
2026-07-06 13:37:19,F1,0.0000,OK
2026-07-06 13:37:29,F1,0.0000,OK
2026-07-06 13:37:40,F1,0.0000,OK
2026-07-06 13:37:50,F1,0.0000,OK
2026-07-06 13:38:00,F1,0.0000,OK
2026-07-06 13:38:11,F1,0.0000,OK
2026-07-06 13:38:21,F1,0.0000,OK
2026-07-06 13:38:31,F1,0.0000,OK
2026-07-06 13:38:42,F1,0.0000,OK
2026-07-06 13:38:52,F1,0.0000,OK
2026-07-06 13:39:02,F1,0.0000,OK
2026-07-06 13:39:13,F1,0.0000,OK
2026-07-06 13:39:23,F1,0.0000,OK
2026-07-06 13:39:33,F1,0.0000,OK
2026-07-06 13:39:43,F1,0.0000,OK
2026-07-06 13:39:54,F1,0.0000,OK
2026-07-06 13:40:04,F1,0.0000,OK
2026-07-06 13:40:14,F1,0.0000,OK
2026-07-06 13:40:25,F1,0.0000,OK
2026-07-06 13:40:35,F1,0.0000,OK
2026-07-06 13:40:45,F1,0.0000,OK
2026-07-06 13:40:55,F1,0.0000,OK
2026-07-06 13:41:06,F1,0.0000,OK
2026-07-06 13:41:16,F1,0.0000,OK
2026-07-06 13:41:26,F1,0.0000,OK
2026-07-06 13:41:37,F1,0.0000,OK
2026-07-06 13:41:47,F1,0.0000,OK
2026-07-06 13:41:57,F1,0.0000,OK
2026-07-06 13:42:08,F1,0.0000,OK
2026-07-06 13:42:18,F1,0.0000,OK
2026-07-06 13:42:28,F1,0.0000,OK
2026-07-06 13:42:38,F1,0.0000,OK
2026-07-06 13:42:49,F1,0.0000,OK
2026-07-06 13:42:59,F1,0.0000,OK
2026-07-06 13:43:09,F1,0.0000,OK
2026-07-06 13:43:20,F1,0.0000,OK
2026-07-06 13:43:30,F1,0.0000,OK
2026-07-06 13:43:40,F1,0.0000,OK
2026-07-06 13:43:51,F1,0.0000,OK
2026-07-06 13:44:01,F1,0.0000,OK
2026-07-06 13:44:11,F1,0.0000,OK
2026-07-06 13:44:22,F1,0.0000,OK
2026-07-06 13:44:32,F1,0.0000,OK
2026-07-06 13:44:42,F1,0.0000,OK
2026-07-06 13:44:53,F1,0.0000,OK
2026-07-06 13:45:03,F1,0.0000,OK
2026-07-06 13:45:13,F1,0.0000,OK
2026-07-06 13:45:24,F1,0.0000,OK
2026-07-06 13:45:34,F1,0.0000,OK
2026-07-06 13:45:44,F1,0.0000,OK
2026-07-06 13:45:55,F1,0.0000,OK
2026-07-06 13:46:05,F1,0.0000,OK
2026-07-06 13:46:15,F1,0.0000,OK
2026-07-06 13:46:25,F1,0.0000,OK
2026-07-06 13:46:36,F1,0.0000,OK
2026-07-06 13:46:46,F1,0.0000,OK
2026-07-06 13:46:56,F1,0.0000,OK
2026-07-06 13:47:07,F1,0.0000,OK
2026-07-06 13:47:17,F1,0.0000,OK
2026-07-06 13:47:27,F1,0.0000,OK
2026-07-06 13:47:38,F1,0.0000,OK
2026-07-06 13:47:48,F1,0.0000,OK
2026-07-06 13:47:58,F1,0.0000,OK
2026-07-06 13:48:09,F1,0.0000,OK
2026-07-06 13:48:19,F1,0.0000,OK
2026-07-06 13:48:29,F1,0.0000,OK
2026-07-06 13:48:40,F1,0.0000,OK
2026-07-06 13:48:50,F1,0.0000,OK
2026-07-06 13:49:00,F1,0.0000,OK
2026-07-06 13:49:10,F1,0.0000,OK
2026-07-06 13:49:21,F1,0.0000,OK
2026-07-06 13:49:31,F1,0.0000,OK
2026-07-06 13:49:41,F1,0.0000,OK
2026-07-06 13:49:52,F1,0.0000,OK
2026-07-06 13:50:02,F1,0.0000,OK
2026-07-06 13:50:12,F1,0.0000,OK
2026-07-06 13:50:23,F1,0.0000,OK
2026-07-06 13:50:33,F1,0.0000,OK
2026-07-06 13:50:43,F1,0.0000,OK
2026-07-06 13:50:53,F1,0.0000,OK
2026-07-06 13:51:04,F1,0.0000,OK
2026-07-06 13:51:14,F1,0.0000,OK
2026-07-06 13:51:24,F1,0.0000,OK
2026-07-06 13:51:35,F1,0.0000,OK
2026-07-06 13:51:45,F1,0.0000,OK
2026-07-06 13:51:55,F1,0.0000,OK
2026-07-06 13:52:06,F1,0.0000,OK
2026-07-06 13:52:16,F1,0.0000,OK
2026-07-06 13:52:26,F1,0.0000,OK
2026-07-06 13:52:36,F1,0.0000,OK
2026-07-06 13:52:47,F1,0.0000,OK
2026-07-06 13:52:57,F1,0.0000,OK
2026-07-06 13:53:07,F1,0.0000,OK
2026-07-06 13:53:18,F1,0.0000,OK
2026-07-06 13:53:28,F1,0.0000,OK
2026-07-06 13:53:38,F1,0.0000,OK
2026-07-06 13:53:49,F1,0.0000,OK
2026-07-06 13:53:59,F1,0.0000,OK
2026-07-06 13:54:09,F1,0.0000,OK
2026-07-06 13:54:19,F1,0.0000,OK
2026-07-06 13:54:30,F1,0.0000,OK
2026-07-06 13:54:40,F1,0.0000,OK
2026-07-06 13:54:50,F1,0.0000,OK
2026-07-06 13:55:01,F1,0.0000,OK
2026-07-06 13:55:11,F1,0.0000,OK
2026-07-06 13:55:21,F1,0.0000,OK
2026-07-06 13:55:31,F1,0.0000,OK
2026-07-06 13:55:42,F1,0.0000,OK
2026-07-06 13:55:52,F1,0.0000,OK
2026-07-06 13:56:02,F1,0.0000,OK
2026-07-06 13:56:13,F1,0.0000,OK
2026-07-06 13:56:23,F1,0.0000,OK
2026-07-06 13:56:33,F1,0.0000,OK
2026-07-06 13:56:44,F1,0.0000,OK
2026-07-06 13:56:54,F1,0.0000,OK
2026-07-06 13:57:04,F1,0.0000,OK
2026-07-06 13:57:15,F1,0.0000,OK
2026-07-06 13:57:25,F1,0.0000,OK
2026-07-06 13:57:35,F1,0.0000,OK
2026-07-06 13:57:45,F1,0.0000,OK
2026-07-06 13:57:56,F1,0.0000,OK
2026-07-06 13:58:06,F1,0.0000,OK
2026-07-06 13:58:16,F1,0.0000,OK
2026-07-06 13:58:27,F1,0.0000,OK
2026-07-06 13:58:37,F1,0.0000,OK
2026-07-06 13:58:47,F1,0.0000,OK
2026-07-06 13:58:58,F1,0.0000,OK
2026-07-06 13:59:08,F1,0.0000,OK
2026-07-06 13:59:18,F1,0.0000,OK
2026-07-06 13:59:29,F1,0.0000,OK
2026-07-06 13:59:39,F1,0.0000,OK
2026-07-06 13:59:49,F1,0.0000,OK
2026-07-06 13:59:59,F1,0.0000,OK
2026-07-06 14:00:10,F1,0.0000,OK
2026-07-06 14:00:20,F1,0.0000,OK
2026-07-06 14:00:30,F1,0.0000,OK
2026-07-06 14:00:41,F1,0.0000,OK
2026-07-06 14:00:51,F1,0.0000,OK
2026-07-06 14:01:01,F1,0.0000,OK
2026-07-06 14:01:12,F1,0.0000,OK
2026-07-06 14:01:22,F1,0.0000,OK
2026-07-06 14:01:32,F1,0.0000,OK
2026-07-06 14:01:42,F1,0.0000,OK
2026-07-06 14:01:53,F1,0.0000,OK
2026-07-06 14:02:03,F1,0.0000,OK
2026-07-06 14:02:13,F1,0.0000,OK
2026-07-06 14:02:24,F1,0.0000,OK
2026-07-06 14:02:34,F1,0.0000,OK
2026-07-06 14:02:44,F1,0.0000,OK
2026-07-06 14:02:54,F1,0.0000,OK
2026-07-06 14:03:05,F1,0.0000,OK
2026-07-06 14:03:15,F1,0.0000,OK
2026-07-06 14:03:25,F1,0.0000,OK
2026-07-06 14:03:36,F1,0.0000,OK
2026-07-06 14:03:46,F1,0.0000,OK
2026-07-06 14:03:56,F1,0.0000,OK
2026-07-06 14:04:07,F1,0.0000,OK
2026-07-06 14:04:17,F1,0.0000,OK
2026-07-06 14:04:27,F1,0.0000,OK
2026-07-06 14:04:37,F1,0.0000,OK
2026-07-06 14:04:48,F1,0.0000,OK
2026-07-06 14:04:58,F1,0.0000,OK
2026-07-06 14:05:08,F1,0.0000,OK
2026-07-06 14:05:19,F1,0.0000,OK
2026-07-06 14:05:29,F1,0.0000,OK
2026-07-06 14:05:39,F1,0.0000,OK
2026-07-06 14:05:49,F1,0.0000,OK
2026-07-06 14:06:00,F1,0.0000,OK
2026-07-06 14:06:10,F1,0.0000,OK
2026-07-06 14:06:20,F1,0.0000,OK
2026-07-06 14:06:31,F1,0.0000,OK
2026-07-06 14:06:41,F1,0.0000,OK
2026-07-06 14:06:51,F1,0.0000,OK
2026-07-06 14:07:02,F1,0.0000,OK
2026-07-06 14:07:12,F1,0.0000,OK
2026-07-06 14:07:22,F1,0.0000,OK
2026-07-06 14:07:33,F1,0.0000,OK
2026-07-06 14:07:43,F1,0.0000,OK
2026-07-06 14:07:53,F1,0.0000,OK
2026-07-06 14:08:03,F1,0.0000,OK
2026-07-06 14:08:14,F1,0.0000,OK
2026-07-06 14:08:24,F1,0.0000,OK
2026-07-06 14:08:34,F1,0.0000,OK
2026-07-06 14:08:45,F1,0.0000,OK
2026-07-06 14:08:55,F1,0.0000,OK
2026-07-06 14:09:05,F1,0.0000,OK
2026-07-06 14:09:16,F1,0.0000,OK
2026-07-06 14:09:26,F1,0.0000,OK
2026-07-06 14:09:36,F1,0.0000,OK
2026-07-06 14:09:47,F1,0.0000,OK
2026-07-06 14:09:57,F1,0.0000,OK
2026-07-06 14:10:07,F1,0.0000,OK
2026-07-06 14:10:17,F1,0.0000,OK
2026-07-06 14:10:28,F1,0.0000,OK
2026-07-06 14:10:38,F1,0.0000,OK
2026-07-06 14:10:48,F1,0.0000,OK
2026-07-06 14:10:59,F1,0.0000,OK
2026-07-06 14:11:09,F1,0.0000,OK
2026-07-06 14:11:19,F1,0.0000,OK
2026-07-06 14:11:30,F1,0.0000,OK
2026-07-06 14:11:40,F1,0.0000,OK
2026-07-06 14:11:50,F1,0.0000,OK
2026-07-06 14:12:01,F1,0.0000,OK
2026-07-06 14:12:11,F1,0.0000,OK
2026-07-06 14:12:21,F1,0.0000,OK
2026-07-06 14:12:31,F1,0.0000,OK
2026-07-06 14:12:42,F1,0.0000,OK
2026-07-06 14:12:52,F1,0.0000,OK
2026-07-06 14:13:02,F1,0.0000,OK
2026-07-06 14:13:13,F1,0.0000,OK
2026-07-06 14:13:23,F1,0.0000,OK
2026-07-06 14:13:33,F1,0.0000,OK
2026-07-06 14:13:44,F1,0.0000,OK
2026-07-06 14:13:54,F1,0.0000,OK
2026-07-06 14:14:04,F1,0.0000,OK
2026-07-06 14:14:14,F1,0.0000,OK
2026-07-06 14:14:25,F1,0.0000,OK
2026-07-06 14:14:35,F1,0.0000,OK
2026-07-06 14:14:45,F1,0.0000,OK
2026-07-06 14:14:56,F1,0.0000,OK
2026-07-06 14:15:06,F1,0.0000,OK
2026-07-06 14:15:16,F1,0.0000,OK
2026-07-06 14:15:27,F1,0.0000,OK
2026-07-06 14:15:37,F1,0.0000,OK
2026-07-06 14:15:47,F1,0.0000,OK
2026-07-06 14:15:58,F1,0.0000,OK
2026-07-06 14:16:08,F1,0.0000,OK
2026-07-06 14:16:18,F1,0.0000,OK
2026-07-06 14:16:29,F1,0.0000,OK
2026-07-06 14:16:39,F1,0.0000,OK
2026-07-06 14:16:49,F1,0.0000,OK
2026-07-06 14:16:59,F1,0.0000,OK
2026-07-06 14:17:10,F1,0.0000,OK
2026-07-06 14:17:20,F1,0.0000,OK
2026-07-06 14:17:30,F1,0.0000,OK
2026-07-06 14:17:41,F1,0.0000,OK
2026-07-06 14:17:51,F1,0.0000,OK
2026-07-06 14:18:01,F1,0.0000,OK
2026-07-06 14:18:12,F1,0.0000,OK
2026-07-06 14:18:22,F1,0.0000,OK
2026-07-06 14:18:32,F1,0.0000,OK
2026-07-06 14:18:42,F1,0.0000,OK
2026-07-06 14:18:53,F1,0.0000,OK
2026-07-06 14:19:03,F1,0.0000,OK
2026-07-06 14:19:13,F1,0.0000,OK
2026-07-06 14:19:24,F1,0.0000,OK
2026-07-06 14:19:34,F1,0.0000,OK
2026-07-06 14:19:44,F1,0.0000,OK
2026-07-06 14:19:55,F1,0.0000,OK
2026-07-06 14:20:05,F1,0.0000,OK
2026-07-06 14:20:15,F1,0.0000,OK
2026-07-06 14:20:26,F1,0.0000,OK
2026-07-06 14:20:36,F1,0.0000,OK
2026-07-06 14:20:46,F1,0.0000,OK
2026-07-06 14:20:57,F1,0.0000,OK
2026-07-06 14:21:07,F1,0.0000,OK
2026-07-06 14:21:17,F1,0.0000,OK
2026-07-06 14:21:27,F1,0.0000,OK
2026-07-06 14:21:38,F1,0.0000,OK
2026-07-06 14:21:48,F1,0.0000,OK
2026-07-06 14:21:58,F1,0.0000,OK
2026-07-06 14:22:09,F1,0.0000,OK
2026-07-06 14:22:19,F1,0.0000,OK
2026-07-06 14:22:29,F1,0.0000,OK
2026-07-06 14:22:40,F1,0.0000,OK
2026-07-06 14:22:50,F1,0.0000,OK
2026-07-06 14:23:00,F1,0.0000,OK
2026-07-06 14:23:10,F1,0.0000,OK
2026-07-06 14:23:21,F1,0.0000,OK
2026-07-06 14:23:31,F1,0.0000,OK
2026-07-06 14:23:41,F1,0.0000,OK
2026-07-06 14:23:52,F1,0.0000,OK
2026-07-06 14:24:02,F1,0.0000,OK
2026-07-06 14:24:12,F1,0.0000,OK
2026-07-06 14:24:23,F1,0.0000,OK
2026-07-06 14:24:33,F1,0.0000,OK
2026-07-06 14:24:43,F1,0.0000,OK
2026-07-06 14:24:54,F1,0.0000,OK
2026-07-06 14:25:04,F1,0.0000,OK
2026-07-06 14:25:14,F1,0.0000,OK
2026-07-06 14:25:24,F1,0.0000,OK
2026-07-06 14:25:35,F1,0.0000,OK
2026-07-06 14:25:45,F1,0.0000,OK
2026-07-06 14:25:55,F1,0.0000,OK
2026-07-06 14:26:06,F1,0.0000,OK
2026-07-06 14:26:16,F1,0.0000,OK
2026-07-06 14:26:26,F1,0.0000,OK
2026-07-06 14:26:37,F1,0.0000,OK
2026-07-06 14:26:47,F1,0.0000,OK
2026-07-06 14:26:57,F1,0.0000,OK
2026-07-06 14:27:07,F1,0.0000,OK
2026-07-06 14:27:18,F1,0.0000,OK
2026-07-06 14:27:28,F1,0.0000,OK
2026-07-06 14:27:38,F1,0.0000,OK
2026-07-06 14:27:49,F1,0.0000,OK
2026-07-06 14:27:59,F1,0.0000,OK
2026-07-06 14:28:09,F1,0.0000,OK
2026-07-06 14:28:20,F1,0.0000,OK
2026-07-06 14:28:30,F1,0.0000,OK
2026-07-06 14:28:40,F1,0.0000,OK
2026-07-06 14:28:50,F1,0.0000,OK
2026-07-06 14:29:01,F1,0.0000,OK
2026-07-06 14:29:11,F1,0.9132,OK
2026-07-06 14:29:21,F1,0.0000,OK
2026-07-06 14:29:32,F1,1.0557,OK
2026-07-06 14:29:42,F1,8.8339,OK
2026-07-06 14:29:52,F1,8.9369,OK
2026-07-06 14:30:03,F1,8.9316,OK
2026-07-06 14:30:13,F1,8.9870,OK
2026-07-06 14:30:23,F1,0.0000,OK
2026-07-06 14:30:33,F1,0.0000,OK
2026-07-06 14:30:44,F1,0.0000,OK
2026-07-06 14:30:54,F1,10.8821,OK
2026-07-06 14:31:04,F1,0.6202,OK
2026-07-06 14:31:15,F1,26.1033,OK
2026-07-06 14:31:25,F1,26.5783,OK
2026-07-06 14:31:35,F1,1.2062,OK
2026-07-06 14:31:46,F1,0.0000,OK
2026-07-06 14:31:56,F1,0.0000,OK
2026-07-06 14:32:06,F1,0.0000,OK
2026-07-06 14:32:17,F1,0.0000,OK
2026-07-06 14:32:27,F1,0.0000,OK
2026-07-06 14:32:37,F1,0.0000,OK
2026-07-06 14:32:47,F1,23.7041,OK
2026-07-06 14:32:58,F1,0.0106,OK
2026-07-06 14:33:08,F1,0.0000,OK
2026-07-06 14:33:18,F1,0.0000,OK
2026-07-06 14:33:29,F1,0.0000,OK
2026-07-06 14:33:39,F1,0.0000,OK
2026-07-06 14:33:49,F1,0.0000,OK
2026-07-06 14:34:00,F1,0.0000,OK
2026-07-06 14:34:10,F1,0.0000,OK
2026-07-06 14:34:20,F1,0.0000,OK
2026-07-06 14:34:30,F1,0.0000,OK
2026-07-06 14:34:41,F1,0.0000,OK
2026-07-06 14:34:51,F1,0.0000,OK
2026-07-06 14:35:01,F1,0.0000,OK
2026-07-06 14:35:12,F1,0.0000,OK
2026-07-06 14:35:22,F1,0.0000,OK
2026-07-06 14:35:32,F1,0.0000,OK
2026-07-06 14:35:43,F1,0.0000,OK
2026-07-06 14:35:53,F1,0.0000,OK
2026-07-06 14:36:03,F1,0.0000,OK
2026-07-06 14:36:13,F1,0.0000,OK
2026-07-06 14:36:24,F1,0.0000,OK
2026-07-06 14:36:34,F1,0.0000,OK
2026-07-06 14:36:44,F1,0.0000,OK
2026-07-06 14:36:55,F1,0.0000,OK
2026-07-06 14:37:05,F1,0.0000,OK
2026-07-06 14:37:15,F1,0.0000,OK
2026-07-06 14:37:26,F1,0.0000,OK
2026-07-06 14:37:36,F1,0.0000,OK
2026-07-06 14:37:46,F1,0.0000,OK
2026-07-06 14:37:57,F1,0.0000,OK
2026-07-06 14:38:07,F1,0.0000,OK
2026-07-06 14:38:17,F1,0.0000,OK
2026-07-06 14:38:27,F1,0.0000,OK
2026-07-06 14:38:38,F1,0.0000,OK
2026-07-06 14:38:48,F1,0.0000,OK
2026-07-06 14:38:58,F1,0.0000,OK
2026-07-06 14:39:09,F1,0.0000,OK
2026-07-06 14:39:19,F1,0.0000,OK
2026-07-06 14:39:29,F1,0.0000,OK
2026-07-06 14:39:40,F1,0.0000,OK
2026-07-06 14:39:50,F1,0.0000,OK
2026-07-06 14:40:00,F1,0.0000,OK
2026-07-06 14:40:11,F1,0.0000,OK
2026-07-06 14:40:21,F1,0.0000,OK
2026-07-06 14:40:31,F1,0.0000,OK
2026-07-06 14:40:41,F1,0.0000,OK
2026-07-06 14:40:52,F1,0.0000,OK
2026-07-06 14:41:02,F1,0.0000,OK
2026-07-06 14:41:12,F1,0.0000,OK
2026-07-06 14:41:23,F1,0.0000,OK
2026-07-06 14:41:33,F1,0.0000,OK
2026-07-06 14:41:43,F1,0.0000,OK
2026-07-06 14:41:54,F1,0.0000,OK
2026-07-06 14:42:04,F1,0.0000,OK
2026-07-06 14:42:14,F1,0.0000,OK
2026-07-06 14:42:24,F1,0.0000,OK
2026-07-06 14:42:35,F1,0.0000,OK
2026-07-06 14:42:45,F1,0.0000,OK
2026-07-06 14:42:55,F1,0.0000,OK
2026-07-06 14:43:06,F1,0.0000,OK
2026-07-06 14:43:16,F1,0.0000,OK
2026-07-06 14:43:26,F1,0.0000,OK
2026-07-06 14:43:37,F1,0.0000,OK
2026-07-06 14:43:47,F1,0.0000,OK
2026-07-06 14:43:57,F1,0.0000,OK
2026-07-06 14:44:08,F1,0.0000,OK
2026-07-06 14:44:18,F1,0.0000,OK
2026-07-06 14:44:28,F1,0.0000,OK
2026-07-06 14:44:39,F1,0.0000,OK
2026-07-06 14:44:50,F1,0.0000,OK
2026-07-06 14:45:01,F1,0.0000,OK
2026-07-06 14:45:11,F1,0.0000,OK
2026-07-06 14:45:21,F1,0.0000,OK
2026-07-06 14:45:32,F1,0.0000,OK
2026-07-06 14:45:42,F1,0.0000,OK
2026-07-06 14:45:52,F1,0.0000,OK
2026-07-06 14:46:03,F1,0.0000,OK
2026-07-06 14:46:13,F1,0.0000,OK
2026-07-06 14:46:23,F1,0.0000,OK
2026-07-06 14:46:33,F1,0.0000,OK
2026-07-06 14:46:44,F1,0.0000,OK
2026-07-06 14:46:54,F1,0.0000,OK
2026-07-06 14:47:04,F1,0.0000,OK
2026-07-06 14:47:15,F1,0.0000,OK
2026-07-06 14:47:25,F1,0.0000,OK
2026-07-06 14:47:35,F1,0.0000,OK
2026-07-06 14:47:46,F1,0.0000,OK
2026-07-06 14:47:56,F1,0.0000,OK
2026-07-06 14:48:06,F1,0.0000,OK
2026-07-06 14:48:16,F1,0.0000,OK
2026-07-06 14:48:27,F1,0.0000,OK
2026-07-06 14:48:37,F1,0.0000,OK
2026-07-06 14:48:47,F1,0.0000,OK
2026-07-06 14:48:58,F1,0.0000,OK
2026-07-06 14:49:08,F1,0.0000,OK
2026-07-06 14:49:18,F1,0.0000,OK
2026-07-06 14:49:29,F1,0.0000,OK
2026-07-06 14:49:39,F1,0.0000,OK
2026-07-06 14:49:49,F1,0.0000,OK
2026-07-06 14:50:00,F1,0.0000,Bajo rango
2026-07-06 14:50:10,F1,0.0000,OK
2026-07-06 14:50:20,F1,0.0000,OK
2026-07-06 14:50:30,F1,0.0000,OK
2026-07-06 14:50:41,F1,0.0000,OK
2026-07-06 14:50:51,F1,0.0000,OK
2026-07-06 14:51:01,F1,0.0000,OK
2026-07-06 14:51:12,F1,0.0000,OK
2026-07-06 14:51:22,F1,0.0000,OK
2026-07-06 14:51:32,F1,0.0000,OK
2026-07-06 14:51:43,F1,0.0000,OK
2026-07-06 14:51:53,F1,0.0000,OK
2026-07-06 14:52:03,F1,0.0000,OK
2026-07-06 14:52:13,F1,0.0000,OK
2026-07-06 14:52:24,F1,0.0000,OK
2026-07-06 14:52:34,F1,0.0000,OK
2026-07-06 14:52:44,F1,0.0000,OK
2026-07-06 14:52:55,F1,0.0000,OK
2026-07-06 14:53:05,F1,0.0000,OK
2026-07-06 14:53:15,F1,0.0000,OK
2026-07-06 14:53:25,F1,0.0000,OK
2026-07-06 14:53:36,F1,0.0000,OK
2026-07-06 14:53:46,F1,0.0000,OK
2026-07-06 14:53:56,F1,0.0000,OK
2026-07-06 14:54:07,F1,0.0000,OK
2026-07-06 14:54:17,F1,0.0000,OK
2026-07-06 14:54:27,F1,0.0000,OK
2026-07-06 14:54:38,F1,0.0000,OK
2026-07-06 14:54:48,F1,0.0000,OK
2026-07-06 14:54:58,F1,0.0000,OK
2026-07-06 14:55:09,F1,0.0000,OK
2026-07-06 14:55:19,F1,0.0000,OK
2026-07-06 14:55:29,F1,0.0000,OK
2026-07-06 14:55:40,F1,0.0000,OK
2026-07-06 14:55:50,F1,0.0000,OK
2026-07-06 14:56:00,F1,0.0000,OK
2026-07-06 14:56:10,F1,0.0000,OK
2026-07-06 14:56:21,F1,0.0000,OK
2026-07-06 14:56:31,F1,0.0000,OK
2026-07-06 14:56:41,F1,0.0000,OK
2026-07-06 14:56:52,F1,0.0000,OK
2026-07-06 14:57:02,F1,0.0000,OK
2026-07-06 14:57:12,F1,0.0000,OK
2026-07-06 14:57:22,F1,0.0000,OK
2026-07-06 14:57:33,F1,0.0000,OK
2026-07-06 14:57:43,F1,0.0000,OK
2026-07-06 14:57:53,F1,0.0000,OK
2026-07-06 14:58:04,F1,0.0000,OK
2026-07-06 14:58:14,F1,0.0000,OK
2026-07-06 14:58:24,F1,0.0000,OK
2026-07-06 14:58:35,F1,0.0000,OK
2026-07-06 14:58:45,F1,0.0000,OK
2026-07-06 14:58:55,F1,0.0000,OK
2026-07-06 14:59:05,F1,0.0000,OK
2026-07-06 14:59:16,F1,0.0000,OK
2026-07-06 14:59:26,F1,0.0000,OK
2026-07-06 14:59:36,F1,0.0000,OK
2026-07-06 14:59:47,F1,0.0000,OK
2026-07-06 14:59:57,F1,0.0000,OK
2026-07-06 15:00:07,F1,0.0000,OK
2026-07-06 15:00:18,F1,0.0000,OK
2026-07-06 15:00:28,F1,0.0000,OK
2026-07-06 15:00:38,F1,0.0000,OK
2026-07-06 15:00:49,F1,0.0000,OK
2026-07-06 15:00:59,F1,0.0000,OK
2026-07-06 15:01:09,F1,0.0000,OK
2026-07-06 15:01:19,F1,0.0000,OK
2026-07-06 15:01:30,F1,0.0000,OK
2026-07-06 15:01:40,F1,0.0000,OK
2026-07-06 15:01:50,F1,0.0000,OK
2026-07-06 15:02:01,F1,0.0000,OK
2026-07-06 15:02:11,F1,0.0000,OK
2026-07-06 15:02:21,F1,0.0000,OK
2026-07-06 15:02:32,F1,0.0000,OK
2026-07-06 15:02:42,F1,0.0000,OK
2026-07-06 15:02:52,F1,0.0000,OK
2026-07-06 15:03:02,F1,0.0000,OK
2026-07-06 15:03:13,F1,0.0000,OK
2026-07-06 15:03:23,F1,0.0000,OK
2026-07-06 15:03:33,F1,0.0000,OK
2026-07-06 15:03:44,F1,0.0000,OK
2026-07-06 15:03:54,F1,0.0000,OK
2026-07-06 15:04:04,F1,0.0000,OK
2026-07-06 15:04:14,F1,0.0000,OK
2026-07-06 15:04:25,F1,0.0000,OK
2026-07-06 15:04:35,F1,0.0000,OK
2026-07-06 15:04:45,F1,0.0000,OK
2026-07-06 15:04:56,F1,0.0000,OK
2026-07-06 15:05:06,F1,0.0000,OK
2026-07-06 15:05:16,F1,0.0000,OK
2026-07-06 15:05:27,F1,0.0000,OK
2026-07-06 15:05:37,F1,0.0000,OK
2026-07-06 15:05:47,F1,0.0000,OK
2026-07-06 15:05:58,F1,0.0000,OK
2026-07-06 15:06:08,F1,0.0000,OK
2026-07-06 15:06:18,F1,0.0000,OK
2026-07-06 15:06:28,F1,0.0000,OK
2026-07-06 15:06:39,F1,0.0000,OK
2026-07-06 15:06:49,F1,0.0000,OK
2026-07-06 15:06:59,F1,0.0000,OK
2026-07-06 15:07:10,F1,0.0000,OK
2026-07-06 15:07:20,F1,0.0000,OK
2026-07-06 15:07:30,F1,0.0000,OK
2026-07-06 15:07:40,F1,0.0000,OK
2026-07-06 15:07:51,F1,0.0000,OK
2026-07-06 15:08:01,F1,0.0000,OK
2026-07-06 15:08:11,F1,0.0000,OK
2026-07-06 15:08:22,F1,0.0000,OK
2026-07-06 15:08:32,F1,0.0000,OK
2026-07-06 15:08:42,F1,0.0000,OK
2026-07-06 15:08:53,F1,0.0000,OK
2026-07-06 15:09:03,F1,0.0000,OK
2026-07-06 15:09:13,F1,0.0000,OK
2026-07-06 15:09:23,F1,0.0000,OK
2026-07-06 15:09:34,F1,0.0000,OK
2026-07-06 15:09:44,F1,0.0000,OK
2026-07-06 15:09:54,F1,0.0000,OK
2026-07-06 15:10:05,F1,0.0000,OK
2026-07-06 15:10:15,F1,0.0000,OK
2026-07-06 15:10:25,F1,0.0000,OK
2026-07-06 15:10:36,F1,0.0000,OK
2026-07-06 15:10:46,F1,0.0000,OK
2026-07-06 15:10:56,F1,0.0000,OK
2026-07-06 15:11:06,F1,0.0000,OK
2026-07-06 15:11:17,F1,0.0000,OK
2026-07-06 15:11:27,F1,0.0000,OK
2026-07-06 15:11:37,F1,0.0000,OK
2026-07-06 15:11:48,F1,0.0000,OK
2026-07-06 15:11:58,F1,0.0000,OK
2026-07-06 15:12:08,F1,0.0000,OK
2026-07-06 15:12:19,F1,0.0000,OK
2026-07-06 15:12:29,F1,0.0000,OK
2026-07-06 15:12:39,F1,0.0000,OK
2026-07-06 15:12:50,F1,0.0000,OK
2026-07-06 15:13:00,F1,0.0000,OK
2026-07-06 15:13:10,F1,0.0000,OK
2026-07-06 15:13:20,F1,0.0000,OK
2026-07-06 15:13:31,F1,0.0000,OK
2026-07-06 15:13:41,F1,0.0000,OK
2026-07-06 15:13:51,F1,0.0000,OK
2026-07-06 15:14:02,F1,0.0000,OK
2026-07-06 15:14:12,F1,0.0000,OK
2026-07-06 15:14:22,F1,0.0000,OK
2026-07-06 15:14:33,F1,0.0000,OK
2026-07-06 15:14:43,F1,0.0000,OK
2026-07-06 15:14:53,F1,0.0000,OK
2026-07-06 15:15:04,F1,0.0000,OK
2026-07-06 15:15:14,F1,0.0000,OK
2026-07-06 15:15:24,F1,0.0000,OK
2026-07-06 15:15:34,F1,0.0000,OK
2026-07-06 15:15:45,F1,0.0000,OK
2026-07-06 15:15:55,F1,0.0000,OK
2026-07-06 15:16:05,F1,0.0000,OK
2026-07-06 15:16:16,F1,0.0000,OK
2026-07-06 15:16:26,F1,0.0000,OK
2026-07-06 15:16:36,F1,0.0000,OK
2026-07-06 15:16:47,F1,0.0000,OK
2026-07-06 15:16:57,F1,0.0000,OK
2026-07-06 15:17:07,F1,0.0000,OK
2026-07-06 15:17:18,F1,0.0000,OK
2026-07-06 15:17:28,F1,0.0000,OK
2026-07-06 15:17:38,F1,0.0000,OK
2026-07-06 15:17:49,F1,0.0000,OK
2026-07-06 15:17:59,F1,0.0000,OK
2026-07-06 15:18:09,F1,0.0000,OK
2026-07-06 15:18:20,F1,0.0000,OK
2026-07-06 15:18:30,F1,0.0000,OK
2026-07-06 15:18:40,F1,0.0000,OK
2026-07-06 15:18:51,F1,0.0000,OK
2026-07-06 15:19:01,F1,0.0000,OK
2026-07-06 15:19:11,F1,0.0000,OK
2026-07-06 15:19:22,F1,0.0000,OK
2026-07-06 15:19:32,F1,0.0000,OK
2026-07-06 15:19:42,F1,0.0000,OK
2026-07-06 15:19:52,F1,0.0000,OK
2026-07-06 15:20:03,F1,0.0000,OK
2026-07-06 15:20:13,F1,0.0000,OK
2026-07-06 15:20:23,F1,0.0000,OK
2026-07-06 15:20:34,F1,0.0000,OK
2026-07-06 15:20:44,F1,0.0000,OK
2026-07-06 15:20:54,F1,0.0000,OK
2026-07-06 15:21:05,F1,0.0000,OK
2026-07-06 15:21:15,F1,0.0000,OK
2026-07-06 15:21:25,F1,0.0000,OK
2026-07-06 15:21:36,F1,0.0000,OK
2026-07-06 15:21:46,F1,0.0000,OK
2026-07-06 15:21:56,F1,0.0000,OK
2026-07-06 15:22:07,F1,0.0000,OK
2026-07-06 15:22:17,F1,0.0000,OK
2026-07-06 15:22:27,F1,0.0000,OK
2026-07-06 15:22:38,F1,0.0000,OK
2026-07-06 15:22:48,F1,0.0000,OK
2026-07-06 15:22:58,F1,0.0000,OK
2026-07-06 15:23:09,F1,0.0000,OK
2026-07-06 15:23:19,F1,0.0000,OK
2026-07-06 15:23:29,F1,0.0000,OK
2026-07-06 15:23:39,F1,0.0000,OK
2026-07-06 15:23:50,F1,0.0000,OK
2026-07-06 15:24:00,F1,0.0000,OK
2026-07-06 15:24:10,F1,0.0000,OK
2026-07-06 15:24:21,F1,0.0000,OK
2026-07-06 15:24:31,F1,0.0000,OK
2026-07-06 15:24:41,F1,0.0000,OK
2026-07-06 15:24:52,F1,0.0000,OK
2026-07-06 15:25:02,F1,0.0000,OK
2026-07-06 15:25:12,F1,0.0000,OK
2026-07-06 15:25:23,F1,0.0000,OK
2026-07-06 15:25:33,F1,0.0000,OK
2026-07-06 15:25:43,F1,0.0000,OK
2026-07-06 15:25:53,F1,0.0000,OK
2026-07-06 15:26:04,F1,0.0000,OK
2026-07-06 15:26:14,F1,0.0000,OK
2026-07-06 15:26:24,F1,0.0000,OK
2026-07-06 15:26:35,F1,0.0000,OK
2026-07-06 15:26:45,F1,0.0000,OK
2026-07-06 15:26:55,F1,0.0000,OK
2026-07-06 15:27:06,F1,0.0000,OK
2026-07-06 15:27:16,F1,0.0000,OK
2026-07-06 15:27:26,F1,0.0000,OK
2026-07-06 15:27:36,F1,0.0000,OK
2026-07-06 15:27:47,F1,0.0000,OK
2026-07-06 15:27:57,F1,0.0000,OK
2026-07-06 15:28:07,F1,0.0000,OK
2026-07-06 15:28:18,F1,0.0000,OK
2026-07-06 15:28:28,F1,0.0000,OK
2026-07-06 15:28:38,F1,0.0000,Bajo rango
2026-07-06 15:28:49,F1,0.0000,Bajo rango
2026-07-06 15:28:59,F1,0.0000,Bajo rango
2026-07-06 15:29:09,F1,0.0000,OK
2026-07-06 15:29:19,F1,0.0000,OK
2026-07-06 15:29:30,F1,0.0000,OK
2026-07-06 15:29:40,F1,0.0000,OK
2026-07-06 15:29:50,F1,0.0000,OK
2026-07-06 15:30:01,F1,0.0000,OK
2026-07-06 15:30:11,F1,0.0000,OK
2026-07-06 15:30:21,F1,5.0148,OK
2026-07-06 15:30:31,F1,5.4186,OK
2026-07-06 15:30:42,F1,0.6282,OK
2026-07-06 15:30:52,F1,0.0000,OK
2026-07-06 15:31:02,F1,0.0000,OK
2026-07-06 15:31:13,F1,0.0000,OK
2026-07-06 15:31:23,F1,0.0000,OK
2026-07-06 15:31:33,F1,0.0000,OK
2026-07-06 15:31:44,F1,0.0000,OK
2026-07-06 15:31:54,F1,0.0000,OK
2026-07-06 15:32:04,F1,0.0000,OK
2026-07-06 15:32:15,F1,0.0000,OK
2026-07-06 15:32:25,F1,0.0000,OK
2026-07-06 15:32:35,F1,0.1399,OK
2026-07-06 15:32:45,F1,0.1399,OK
2026-07-06 15:32:56,F1,0.0000,OK
2026-07-06 15:33:06,F1,0.0000,OK
2026-07-06 15:33:16,F1,0.0000,OK
2026-07-06 15:33:27,F1,0.0000,OK
2026-07-06 15:33:37,F1,0.0000,OK
2026-07-06 15:33:47,F1,0.0000,OK
2026-07-06 15:33:58,F1,0.0000,OK
2026-07-06 15:34:08,F1,0.0000,OK
2026-07-06 15:34:18,F1,0.0000,OK
2026-07-06 15:34:29,F1,0.0000,OK
2026-07-06 15:34:39,F1,0.0000,OK
2026-07-06 15:34:49,F1,0.0000,OK
2026-07-06 15:35:00,F1,0.2455,OK
2026-07-06 15:35:10,F1,0.1399,OK
2026-07-06 15:35:20,F1,0.2455,OK
2026-07-06 15:35:30,F1,0.0000,OK
2026-07-06 15:35:41,F1,0.0000,OK
2026-07-06 15:35:51,F1,0.0000,OK
2026-07-06 15:36:01,F1,0.0000,OK
2026-07-06 15:36:12,F1,0.0000,OK
2026-07-06 15:36:22,F1,0.0000,OK
2026-07-06 15:36:32,F1,0.0000,OK
2026-07-06 15:36:43,F1,0.0000,OK
2026-07-06 15:36:53,F1,0.0000,OK
2026-07-06 15:37:03,F1,0.0000,OK
2026-07-06 15:37:14,F1,0.0000,OK
2026-07-06 15:37:24,F1,0.0000,OK
2026-07-06 15:37:34,F1,0.0000,OK
2026-07-06 15:37:44,F1,0.0000,OK
2026-07-06 15:37:55,F1,0.0000,OK
2026-07-06 15:38:05,F1,0.0000,OK
2026-07-06 15:38:15,F1,0.0000,OK
2026-07-06 15:38:26,F1,0.0000,OK
2026-07-06 15:38:36,F1,0.0000,OK
2026-07-06 15:38:46,F1,0.0000,OK
2026-07-06 15:38:56,F1,0.0000,OK
2026-07-06 15:39:07,F1,0.0000,OK
2026-07-06 15:39:17,F1,0.0000,OK
2026-07-06 15:39:27,F1,0.0000,OK
2026-07-06 15:39:38,F1,0.0000,OK
2026-07-06 15:39:48,F1,0.0000,OK
2026-07-06 15:39:58,F1,0.0000,OK
2026-07-06 15:40:09,F1,0.0000,OK
2026-07-06 15:40:19,F1,0.0000,OK
2026-07-06 15:40:29,F1,0.0000,OK
2026-07-06 15:40:40,F1,0.0000,OK
2026-07-06 15:40:50,F1,0.0000,OK
2026-07-06 15:41:00,F1,0.0000,OK
2026-07-06 15:41:11,F1,0.0000,OK
2026-07-06 15:41:21,F1,0.0000,OK
2026-07-06 15:41:31,F1,0.0000,OK
2026-07-06 15:41:41,F1,0.0000,OK
2026-07-06 15:41:52,F1,0.0000,OK
2026-07-06 15:42:02,F1,0.0000,OK
2026-07-06 15:42:12,F1,0.0000,OK
2026-07-06 15:42:23,F1,0.0000,OK
2026-07-06 15:42:33,F1,0.0000,OK
2026-07-06 15:42:43,F1,0.0000,OK
2026-07-06 15:42:54,F1,0.0000,OK
2026-07-06 15:43:04,F1,0.0000,OK
2026-07-06 15:43:14,F1,0.0000,OK
2026-07-06 15:43:25,F1,0.0000,OK
2026-07-06 15:43:35,F1,0.0000,OK
2026-07-06 15:43:45,F1,0.0000,OK
2026-07-06 15:43:55,F1,0.0000,OK
2026-07-06 15:44:06,F1,0.0000,OK
2026-07-06 15:44:16,F1,0.0000,OK
2026-07-06 15:44:26,F1,0.0000,OK
2026-07-06 15:44:37,F1,0.0000,OK
2026-07-06 15:44:47,F1,0.0000,OK
2026-07-06 15:44:57,F1,0.0000,OK
2026-07-06 15:45:08,F1,0.0000,OK
2026-07-06 15:45:18,F1,0.0000,OK
2026-07-06 15:45:28,F1,0.0000,OK
2026-07-06 15:45:39,F1,0.0000,OK
2026-07-06 15:45:49,F1,0.0000,OK
2026-07-06 15:45:59,F1,0.0000,OK
2026-07-06 15:46:10,F1,0.0000,OK
2026-07-06 15:46:20,F1,0.0000,OK
2026-07-06 15:46:30,F1,0.0000,OK
2026-07-06 15:46:41,F1,0.0000,OK
2026-07-06 15:46:51,F1,0.0000,OK
2026-07-06 15:47:01,F1,0.0000,OK
2026-07-06 15:47:12,F1,0.0000,OK
2026-07-06 15:47:22,F1,0.0000,OK
2026-07-06 15:47:32,F1,0.0000,OK
2026-07-06 15:47:43,F1,0.0000,OK
2026-07-06 15:47:53,F1,0.0000,OK
2026-07-06 15:48:03,F1,0.0000,OK
2026-07-06 15:48:13,F1,0.0000,OK
2026-07-06 15:48:24,F1,0.0000,OK
2026-07-06 15:48:34,F1,0.0000,OK
2026-07-06 15:48:44,F1,0.0000,OK
2026-07-06 15:48:55,F1,0.0000,OK
2026-07-06 15:49:05,F1,0.0000,OK
2026-07-06 15:49:15,F1,0.0000,OK
2026-07-06 15:49:26,F1,0.0000,OK
2026-07-06 15:49:36,F1,0.0000,OK
2026-07-06 15:49:46,F1,0.0000,OK
2026-07-06 15:49:57,F1,0.0000,OK
2026-07-06 15:50:07,F1,0.0000,OK
2026-07-06 15:50:17,F1,0.0000,OK
2026-07-06 15:50:28,F1,0.0000,OK
2026-07-06 15:50:38,F1,0.0000,OK
2026-07-06 15:50:48,F1,0.0000,OK
2026-07-06 15:50:59,F1,0.0000,OK
2026-07-06 15:51:09,F1,0.0000,OK
2026-07-06 15:51:19,F1,0.0000,OK
2026-07-06 15:51:30,F1,0.0000,OK
2026-07-06 15:51:40,F1,0.0000,OK
2026-07-06 15:51:50,F1,0.0000,OK
2026-07-06 15:52:00,F1,0.0000,OK
2026-07-06 15:52:11,F1,0.0000,OK
2026-07-06 15:52:21,F1,0.0000,OK
2026-07-06 15:52:31,F1,0.0000,OK
2026-07-06 15:52:42,F1,0.0000,OK
2026-07-06 15:52:52,F1,0.0000,OK
2026-07-06 15:53:02,F1,0.0000,OK
2026-07-06 15:53:13,F1,0.0000,OK
2026-07-06 15:53:23,F1,0.0000,OK
2026-07-06 15:53:33,F1,0.0000,OK
2026-07-06 15:53:43,F1,0.0000,OK
2026-07-06 15:53:54,F1,0.0000,OK
2026-07-06 15:54:04,F1,0.0000,OK
2026-07-06 15:54:14,F1,0.0000,OK
2026-07-06 15:54:25,F1,0.0000,OK
2026-07-06 15:54:35,F1,0.0000,OK
2026-07-06 15:54:45,F1,0.0000,OK
2026-07-06 15:54:56,F1,0.0000,OK
2026-07-06 15:55:06,F1,0.0000,OK
2026-07-06 15:55:16,F1,0.0000,OK
2026-07-06 15:55:26,F1,0.0000,OK
2026-07-06 15:55:37,F1,0.0000,OK
2026-07-06 15:55:47,F1,0.0000,OK
2026-07-06 15:55:57,F1,0.0000,OK
2026-07-06 15:56:08,F1,0.0000,OK
2026-07-06 15:56:18,F1,0.0000,OK
2026-07-06 15:56:28,F1,0.0000,OK
2026-07-06 15:56:39,F1,0.0000,OK
2026-07-06 15:56:49,F1,0.0000,OK
2026-07-06 15:56:59,F1,0.0000,OK
2026-07-06 15:57:09,F1,0.0000,OK
2026-07-06 15:57:20,F1,0.0000,OK
2026-07-06 15:57:30,F1,0.0000,OK
2026-07-06 15:57:40,F1,0.0000,OK
2026-07-06 15:57:51,F1,0.0000,OK
2026-07-06 15:58:01,F1,0.0000,OK
2026-07-06 15:58:11,F1,0.0000,OK
2026-07-06 15:58:22,F1,0.0000,OK
2026-07-06 15:58:32,F1,0.0000,OK
2026-07-06 15:58:42,F1,0.0000,OK
2026-07-06 15:58:52,F1,0.0000,OK
2026-07-06 15:59:03,F1,0.0000,OK
2026-07-06 15:59:13,F1,0.0000,OK
2026-07-06 15:59:23,F1,0.0000,OK
2026-07-06 15:59:34,F1,0.0000,OK
2026-07-06 15:59:44,F1,0.0000,OK
2026-07-06 15:59:54,F1,0.0000,OK
2026-07-06 16:00:05,F1,0.0000,OK
2026-07-06 16:00:15,F1,0.0000,OK
2026-07-06 16:00:25,F1,0.0000,OK
2026-07-06 16:00:35,F1,0.0000,OK
2026-07-06 16:00:46,F1,0.0000,OK
2026-07-06 16:00:56,F1,0.0000,OK
2026-07-06 16:01:06,F1,0.0000,OK
2026-07-06 16:01:17,F1,0.0000,OK
2026-07-06 16:01:27,F1,0.0000,OK
2026-07-06 16:01:37,F1,0.0000,OK
2026-07-06 16:01:47,F1,0.0000,OK
2026-07-06 16:01:58,F1,0.0000,OK
2026-07-06 16:02:08,F1,0.0000,OK
2026-07-06 16:02:18,F1,0.0000,OK
2026-07-06 16:02:29,F1,0.0000,OK
2026-07-06 16:02:39,F1,0.0000,OK
2026-07-06 16:02:49,F1,0.0000,OK
2026-07-06 16:03:00,F1,0.0000,OK
2026-07-06 16:03:10,F1,0.0000,OK
2026-07-06 16:03:20,F1,0.0000,OK
2026-07-06 16:03:30,F1,0.0000,OK
2026-07-06 16:03:41,F1,0.0000,OK
2026-07-06 16:03:51,F1,0.0000,OK
2026-07-06 16:04:01,F1,0.0000,OK
2026-07-06 16:04:12,F1,0.0000,OK
2026-07-06 16:04:22,F1,0.0000,OK
2026-07-06 16:04:32,F1,0.0000,OK
2026-07-06 16:04:43,F1,0.0000,OK
2026-07-06 16:04:53,F1,0.0000,OK
2026-07-06 16:05:03,F1,0.0000,OK
2026-07-06 16:05:13,F1,0.0000,OK
2026-07-06 16:05:24,F1,0.0000,OK
2026-07-06 16:05:34,F1,0.0000,OK
2026-07-06 16:05:44,F1,0.0000,OK
2026-07-06 16:05:55,F1,0.0000,OK
2026-07-06 16:06:05,F1,0.0000,OK
2026-07-06 16:06:15,F1,0.0000,OK
2026-07-06 16:06:26,F1,0.0000,OK
2026-07-06 16:06:36,F1,0.0000,OK
2026-07-06 16:06:46,F1,0.0000,OK
2026-07-06 16:06:57,F1,0.0000,OK
2026-07-06 16:07:07,F1,0.0000,OK
2026-07-06 16:07:17,F1,0.0000,OK
2026-07-06 16:07:27,F1,0.0000,OK
2026-07-06 16:07:38,F1,0.0000,OK
2026-07-06 16:07:48,F1,0.0000,OK
2026-07-06 16:07:59,F1,0.0000,OK
2026-07-06 16:08:09,F1,0.0000,OK
2026-07-06 16:08:19,F1,0.0000,OK
2026-07-06 16:08:29,F1,0.0000,OK
2026-07-06 16:08:40,F1,0.0000,OK
2026-07-06 16:08:50,F1,0.0000,OK
2026-07-06 16:09:00,F1,0.0000,OK
2026-07-06 16:09:11,F1,0.0000,OK
2026-07-06 16:09:21,F1,0.0000,OK
2026-07-06 16:09:31,F1,0.0000,OK
2026-07-06 16:09:42,F1,0.0000,OK
2026-07-06 16:09:52,F1,0.0000,OK
2026-07-06 16:10:02,F1,0.0000,OK
2026-07-06 16:10:13,F1,0.0000,OK
2026-07-06 16:10:23,F1,0.0000,OK
2026-07-06 16:10:33,F1,0.0000,OK
2026-07-06 16:10:43,F1,0.0000,OK
2026-07-06 16:10:54,F1,0.0000,OK
2026-07-06 16:11:04,F1,0.0000,OK
2026-07-06 16:11:14,F1,0.0000,OK
2026-07-06 16:11:25,F1,0.0000,OK
2026-07-06 16:11:35,F1,0.0000,OK
2026-07-06 16:11:45,F1,0.0000,OK
2026-07-06 16:11:56,F1,0.0000,OK
2026-07-06 16:12:06,F1,0.0000,OK
2026-07-06 16:12:16,F1,0.0000,OK
2026-07-06 16:12:27,F1,0.0000,OK
2026-07-06 16:12:37,F1,0.0000,OK
2026-07-06 16:12:47,F1,0.0000,OK
2026-07-06 16:12:57,F1,0.0000,OK
2026-07-06 16:13:08,F1,0.0000,OK
2026-07-06 16:13:18,F1,0.0000,OK
2026-07-06 16:13:28,F1,0.0000,OK
2026-07-06 16:13:39,F1,0.0000,OK
2026-07-06 16:13:49,F1,0.0000,OK
2026-07-06 16:13:59,F1,0.0000,OK
2026-07-06 16:14:10,F1,0.0000,OK
2026-07-06 16:14:20,F1,0.0000,OK
2026-07-06 16:14:30,F1,0.0000,OK
2026-07-06 16:14:40,F1,0.0000,OK
2026-07-06 16:14:51,F1,0.0000,OK
2026-07-06 16:15:01,F1,0.0000,OK
2026-07-06 16:15:11,F1,0.0000,OK
2026-07-06 16:15:22,F1,0.0000,OK
2026-07-06 16:15:32,F1,0.0000,OK
2026-07-06 16:15:42,F1,0.0000,OK
2026-07-06 16:15:53,F1,0.0000,OK
2026-07-06 16:16:03,F1,0.0000,OK
2026-07-06 16:16:13,F1,0.0000,OK
2026-07-06 16:16:23,F1,0.0000,OK
2026-07-06 16:16:34,F1,0.0000,OK
2026-07-06 16:16:44,F1,0.0000,OK
2026-07-06 16:16:54,F1,0.0000,OK
2026-07-06 16:17:05,F1,0.0000,OK
2026-07-06 16:17:15,F1,0.0000,OK
2026-07-06 16:17:25,F1,0.0000,OK
2026-07-06 16:17:36,F1,0.0000,OK
2026-07-06 16:17:46,F1,0.0000,OK
2026-07-06 16:17:56,F1,0.0000,OK
2026-07-06 16:18:07,F1,0.0000,OK
2026-07-06 16:18:17,F1,0.0000,OK
2026-07-06 16:18:27,F1,0.0000,OK
2026-07-06 16:18:38,F1,0.0000,OK
2026-07-06 16:18:48,F1,0.0000,OK
2026-07-06 16:18:58,F1,0.0000,OK
2026-07-06 16:19:08,F1,0.0000,OK
2026-07-06 16:19:19,F1,0.0000,OK
2026-07-06 16:19:29,F1,0.0000,OK
2026-07-06 16:19:39,F1,0.0000,OK
2026-07-06 16:19:50,F1,0.0000,OK
2026-07-06 16:20:00,F1,0.0000,OK
2026-07-06 16:20:10,F1,0.0000,OK
2026-07-06 16:20:21,F1,0.0000,OK
2026-07-06 16:20:31,F1,0.0000,OK
2026-07-06 16:20:41,F1,0.0000,OK
2026-07-06 16:20:51,F1,0.0000,OK
2026-07-06 16:21:02,F1,0.0000,OK
2026-07-06 16:21:12,F1,0.0000,OK
2026-07-06 16:21:22,F1,0.0000,OK
2026-07-06 16:21:33,F1,0.0000,OK
2026-07-06 16:21:43,F1,0.0000,OK
2026-07-06 16:21:53,F1,0.0000,OK
2026-07-06 16:22:04,F1,0.0000,OK
2026-07-06 16:22:14,F1,0.0000,OK
2026-07-06 16:22:24,F1,0.0000,OK
2026-07-06 16:22:35,F1,0.0000,OK
2026-07-06 16:22:45,F1,0.0000,OK
2026-07-06 16:22:55,F1,0.0000,OK
2026-07-06 16:23:06,F1,0.0000,OK
2026-07-06 16:23:16,F1,0.0000,OK
2026-07-06 16:23:26,F1,0.0000,OK
2026-07-06 16:23:36,F1,0.0000,OK
2026-07-06 16:23:47,F1,0.0000,OK
2026-07-06 16:23:57,F1,0.0000,OK
2026-07-06 16:24:07,F1,0.0000,OK
2026-07-06 16:24:18,F1,0.0000,OK
2026-07-06 16:24:28,F1,0.0000,OK
2026-07-06 16:24:38,F1,0.0000,OK
2026-07-06 16:24:49,F1,0.0000,OK
2026-07-06 16:24:59,F1,0.0000,OK
2026-07-06 16:25:09,F1,0.0000,OK
2026-07-06 16:25:20,F1,0.0000,OK
2026-07-06 16:25:30,F1,0.0000,OK
2026-07-06 16:25:40,F1,0.0000,OK
2026-07-06 16:25:50,F1,0.0000,OK
2026-07-06 16:26:01,F1,0.0000,OK
2026-07-06 16:26:11,F1,0.0000,OK
2026-07-06 16:26:21,F1,0.0000,OK
2026-07-06 16:26:32,F1,0.0000,OK
2026-07-06 16:26:42,F1,0.0000,OK
2026-07-06 16:26:53,F1,0.0000,OK
2026-07-06 16:27:03,F1,0.0000,OK
2026-07-06 16:27:13,F1,0.0000,OK
2026-07-06 16:27:23,F1,0.0000,OK
2026-07-06 16:27:34,F1,0.0000,OK
2026-07-06 16:27:44,F1,0.0000,OK
2026-07-06 16:27:54,F1,0.0000,OK
2026-07-06 16:28:05,F1,0.0000,OK
2026-07-06 16:28:15,F1,0.0000,OK
2026-07-06 16:28:25,F1,0.0000,OK
2026-07-06 16:28:36,F1,0.0000,OK
2026-07-06 16:28:46,F1,0.0000,OK
2026-07-06 16:28:56,F1,0.0000,OK
2026-07-06 16:29:06,F1,0.0000,OK
2026-07-06 16:29:17,F1,0.0000,OK
2026-07-06 16:29:27,F1,0.0000,OK
2026-07-06 16:29:37,F1,0.0000,OK
2026-07-06 16:29:48,F1,0.0000,OK
2026-07-06 16:29:58,F1,0.0000,OK
2026-07-06 16:30:08,F1,0.0000,OK
2026-07-06 16:30:19,F1,0.0000,OK
2026-07-06 16:30:29,F1,0.0000,OK
2026-07-06 16:30:39,F1,0.0000,OK
2026-07-06 16:30:50,F1,0.0000,OK
2026-07-06 16:31:00,F1,0.0000,OK
2026-07-06 16:31:10,F1,0.0000,OK
2026-07-06 16:31:20,F1,0.0000,OK
2026-07-06 16:31:31,F1,0.0000,OK
2026-07-06 16:31:41,F1,0.0000,OK
2026-07-06 16:31:51,F1,0.0000,OK
2026-07-06 16:32:02,F1,0.0000,OK
2026-07-06 16:32:12,F1,0.0000,OK
2026-07-06 16:32:22,F1,0.0000,OK
2026-07-06 16:32:33,F1,0.0000,OK
2026-07-06 16:32:43,F1,0.0000,OK
2026-07-06 16:32:53,F1,0.0000,OK
2026-07-06 16:33:04,F1,0.0000,OK
2026-07-06 16:33:14,F1,0.0000,OK
2026-07-06 16:33:24,F1,0.0000,OK
2026-07-06 16:33:34,F1,0.0000,OK
2026-07-06 16:33:45,F1,0.0000,OK
2026-07-06 16:33:55,F1,0.0000,OK
2026-07-06 16:34:05,F1,0.0000,OK
2026-07-06 16:34:16,F1,0.0000,OK
2026-07-06 16:34:26,F1,0.0000,OK
2026-07-06 16:34:36,F1,0.0000,OK
2026-07-06 16:34:47,F1,0.0000,OK
2026-07-06 16:34:57,F1,0.0000,OK
2026-07-06 16:35:07,F1,0.0000,Bajo rango
2026-07-06 16:35:18,F1,0.0000,Bajo rango
2026-07-06 16:35:28,F1,0.0000,Bajo rango
2026-07-06 16:35:38,F1,5.2761,OK
2026-07-06 16:35:48,F1,0.0000,OK
2026-07-06 16:35:59,F1,0.0000,OK
2026-07-06 16:36:09,F1,0.0000,OK
2026-07-06 16:36:19,F1,0.0000,OK
2026-07-06 16:36:30,F1,0.0000,OK
2026-07-06 16:36:40,F1,0.0000,OK
2026-07-06 16:36:50,F1,0.0000,OK
2026-07-06 16:37:01,F1,0.0000,OK
2026-07-06 16:37:11,F1,0.0000,OK
2026-07-06 16:37:21,F1,0.0000,OK
2026-07-06 16:37:32,F1,0.1927,OK
2026-07-06 16:37:42,F1,0.0000,OK
2026-07-06 16:37:52,F1,0.0000,OK
2026-07-06 16:38:02,F1,0.0000,OK
2026-07-06 16:38:13,F1,0.0000,OK
2026-07-06 16:38:23,F1,0.0000,OK
2026-07-06 16:38:33,F1,0.0000,OK
2026-07-06 16:38:44,F1,0.0000,OK
2026-07-06 16:38:54,F1,0.0000,OK
2026-07-06 16:39:04,F1,0.0000,OK
2026-07-06 16:39:15,F1,0.0000,OK
2026-07-06 16:39:25,F1,0.0000,OK
2026-07-06 16:39:35,F1,0.0000,OK
2026-07-06 16:39:46,F1,0.0000,OK
2026-07-06 16:39:56,F1,0.0000,OK
2026-07-06 16:40:06,F1,0.0000,OK
2026-07-06 16:40:16,F1,0.0000,OK
2026-07-06 16:40:27,F1,0.0000,OK
2026-07-06 16:40:37,F1,0.0000,OK
2026-07-06 16:40:47,F1,0.0000,OK
2026-07-06 16:40:58,F1,0.0000,OK
2026-07-06 16:41:08,F1,0.0000,OK
2026-07-06 16:41:18,F1,0.0000,OK
2026-07-06 16:41:29,F1,0.0000,OK
2026-07-06 16:41:39,F1,0.0000,OK
2026-07-06 16:41:49,F1,0.0000,OK
2026-07-06 16:42:00,F1,0.0000,OK
2026-07-06 16:42:10,F1,0.0000,OK
2026-07-06 16:42:20,F1,0.0000,OK
2026-07-06 16:42:31,F1,0.0000,OK
2026-07-06 16:42:41,F1,0.0000,OK
2026-07-06 16:42:51,F1,0.0000,OK
2026-07-06 16:43:01,F1,0.0000,OK
2026-07-06 16:43:12,F1,0.0000,OK
2026-07-06 16:43:22,F1,0.0000,OK
2026-07-06 16:43:32,F1,0.0000,OK
2026-07-06 16:43:43,F1,0.0000,OK
2026-07-06 16:43:53,F1,0.0000,OK
2026-07-06 16:44:03,F1,0.0000,OK
2026-07-06 16:44:14,F1,0.0000,OK
2026-07-06 16:44:24,F1,0.0000,OK
2026-07-06 16:44:34,F1,0.0000,OK
2026-07-06 16:44:45,F1,0.0000,OK
2026-07-06 16:44:55,F1,0.0000,OK
2026-07-06 16:45:05,F1,0.0000,OK
2026-07-06 16:45:16,F1,0.0000,OK
2026-07-06 16:45:26,F1,0.0000,OK
2026-07-06 16:45:36,F1,0.0000,OK
2026-07-06 16:45:46,F1,0.0000,OK
2026-07-06 16:45:57,F1,0.0000,OK
2026-07-06 16:46:07,F1,0.0000,OK
2026-07-06 16:46:17,F1,0.0000,OK
2026-07-06 16:46:28,F1,0.0000,OK
2026-07-06 16:46:38,F1,0.0000,OK
2026-07-06 16:46:48,F1,0.0000,OK
2026-07-06 16:46:59,F1,0.0000,OK
2026-07-06 16:47:09,F1,0.0000,OK
2026-07-06 16:47:19,F1,0.0000,OK
2026-07-06 16:47:30,F1,0.0000,OK
2026-07-06 16:47:40,F1,0.0000,OK
2026-07-06 16:47:50,F1,0.0000,OK
2026-07-06 16:48:01,F1,0.0000,OK
2026-07-06 16:48:11,F1,0.0000,OK
2026-07-06 16:48:21,F1,0.0000,OK
2026-07-06 16:48:31,F1,0.0000,OK
2026-07-06 16:48:42,F1,0.0000,OK
2026-07-06 16:48:52,F1,0.0000,OK
2026-07-06 16:49:02,F1,0.0000,OK
2026-07-06 16:49:13,F1,0.0000,OK
2026-07-06 16:49:23,F1,0.0000,OK
2026-07-06 16:49:33,F1,0.0000,OK
2026-07-06 16:49:44,F1,0.0000,OK
2026-07-06 16:49:54,F1,0.0000,OK
2026-07-06 16:50:04,F1,0.0000,OK
2026-07-06 16:50:15,F1,0.0000,OK
2026-07-06 16:50:25,F1,0.0000,OK
2026-07-06 16:50:35,F1,0.0000,OK
2026-07-06 16:50:45,F1,0.0000,OK
2026-07-06 16:50:56,F1,0.0000,OK
2026-07-06 16:51:06,F1,0.0000,OK
2026-07-06 16:51:16,F1,0.0000,OK
2026-07-06 16:51:27,F1,0.0000,OK
2026-07-06 16:51:37,F1,0.0000,OK
2026-07-06 16:51:47,F1,0.0000,OK
2026-07-06 16:51:58,F1,0.0000,OK
2026-07-06 16:52:08,F1,0.0000,OK
2026-07-06 16:52:18,F1,0.0000,OK
2026-07-06 16:52:29,F1,0.0000,OK
2026-07-06 16:52:39,F1,0.0000,OK
2026-07-06 16:52:49,F1,0.0000,OK
2026-07-06 16:53:00,F1,0.0000,OK
2026-07-06 16:53:10,F1,0.0000,OK
2026-07-06 16:53:20,F1,0.0000,OK
2026-07-06 16:53:31,F1,0.0000,OK
2026-07-06 16:53:41,F1,0.0000,OK
2026-07-06 16:53:51,F1,0.0000,OK
2026-07-06 16:54:01,F1,0.0000,OK
2026-07-06 16:54:12,F1,0.0000,OK
2026-07-06 16:54:22,F1,0.0000,OK
2026-07-06 16:54:32,F1,0.0000,OK
2026-07-06 16:54:43,F1,0.0000,OK
2026-07-06 16:54:53,F1,0.0000,OK
2026-07-06 16:55:03,F1,0.0000,OK
2026-07-06 16:55:14,F1,0.0000,OK
2026-07-06 16:55:24,F1,0.0000,OK
2026-07-06 16:55:34,F1,0.0000,OK
2026-07-06 16:55:45,F1,0.0000,OK
2026-07-06 16:55:55,F1,0.0000,OK
2026-07-06 16:56:05,F1,0.0000,OK
2026-07-06 16:56:16,F1,0.0000,OK
2026-07-06 16:56:26,F1,0.0000,OK
2026-07-06 16:56:36,F1,0.0000,OK
2026-07-06 16:56:47,F1,0.0000,OK
2026-07-06 16:56:57,F1,0.0000,OK
2026-07-06 16:57:07,F1,0.0000,OK
2026-07-06 16:57:17,F1,0.0000,OK
2026-07-06 16:57:28,F1,0.0000,OK
2026-07-06 16:57:38,F1,0.0000,OK
2026-07-06 16:57:48,F1,0.0000,OK
2026-07-06 16:57:59,F1,0.0000,OK
2026-07-06 16:58:09,F1,0.0000,OK
2026-07-06 16:58:19,F1,0.0000,OK
2026-07-06 16:58:30,F1,0.0000,OK
2026-07-06 16:58:40,F1,0.0000,OK
2026-07-06 16:58:50,F1,0.0000,OK
2026-07-06 16:59:01,F1,0.0000,OK
2026-07-06 16:59:11,F1,0.0000,OK
2026-07-06 16:59:21,F1,0.0000,OK
2026-07-06 16:59:32,F1,0.0000,OK
2026-07-06 16:59:42,F1,0.0000,OK
2026-07-06 16:59:52,F1,0.0000,OK
2026-07-06 17:00:02,F1,0.0000,OK
2026-07-06 17:00:13,F1,0.0000,OK
2026-07-06 17:00:23,F1,0.0000,OK
2026-07-06 17:00:33,F1,0.0000,OK
2026-07-06 17:00:44,F1,0.0000,OK
2026-07-06 17:00:54,F1,0.0000,OK
2026-07-06 17:01:04,F1,0.0000,OK
2026-07-06 17:01:14,F1,0.0000,OK
2026-07-06 17:01:25,F1,0.0000,OK
2026-07-06 17:01:35,F1,0.0000,OK
2026-07-06 17:01:45,F1,0.0000,OK
2026-07-06 17:01:56,F1,0.0000,OK
2026-07-06 17:02:06,F1,0.0000,OK
2026-07-06 17:02:16,F1,0.0000,OK
2026-07-06 17:02:26,F1,0.0000,OK
2026-07-06 17:02:37,F1,0.0000,OK
2026-07-06 17:02:47,F1,0.0000,OK
2026-07-06 17:02:57,F1,0.0000,OK
2026-07-06 17:03:08,F1,0.0000,OK
2026-07-06 17:03:18,F1,0.0000,OK
2026-07-06 17:03:28,F1,0.0000,OK
2026-07-06 17:03:39,F1,0.0000,OK
2026-07-06 17:03:49,F1,0.0000,OK
2026-07-06 17:03:59,F1,0.0000,OK
2026-07-06 17:04:10,F1,0.0000,OK
2026-07-06 17:04:20,F1,0.0000,OK
2026-07-06 17:04:30,F1,0.0000,OK
2026-07-06 17:04:41,F1,0.0000,OK
2026-07-06 17:04:51,F1,0.0000,OK
2026-07-06 17:05:01,F1,0.0000,OK
2026-07-06 17:05:12,F1,0.0000,OK
2026-07-06 17:05:22,F1,0.0000,OK
2026-07-06 17:05:32,F1,0.0000,OK
2026-07-06 17:05:42,F1,0.0000,OK
2026-07-06 17:05:53,F1,0.0000,OK
2026-07-06 17:06:03,F1,0.0000,OK
2026-07-06 17:06:13,F1,0.0000,OK
2026-07-06 17:06:24,F1,0.0000,OK
2026-07-06 17:06:34,F1,0.0000,OK
2026-07-06 17:06:44,F1,0.0000,OK
2026-07-06 17:06:55,F1,0.0000,OK
2026-07-06 17:07:05,F1,0.0000,OK
2026-07-06 17:07:15,F1,0.0000,OK
2026-07-06 17:07:26,F1,0.0000,OK
2026-07-06 17:07:36,F1,0.0000,OK
2026-07-06 17:07:46,F1,0.0000,OK
2026-07-06 17:07:57,F1,0.0000,OK
2026-07-06 17:08:07,F1,0.0000,OK
2026-07-06 17:08:17,F1,0.0000,OK
2026-07-06 17:08:28,F1,0.0000,OK
2026-07-06 17:08:38,F1,0.0000,OK
2026-07-06 17:08:48,F1,0.0000,OK
2026-07-06 17:08:58,F1,0.0000,OK
2026-07-06 17:09:09,F1,0.0000,OK
2026-07-06 17:09:19,F1,0.0000,OK
2026-07-06 17:09:29,F1,0.0000,OK
2026-07-06 17:09:40,F1,0.0000,OK
2026-07-06 17:09:50,F1,0.0000,OK
2026-07-06 17:10:00,F1,0.0000,OK
2026-07-06 17:10:11,F1,0.0000,OK
2026-07-06 17:10:21,F1,0.0000,OK
2026-07-06 17:10:31,F1,0.0000,OK
2026-07-06 17:10:42,F1,0.0000,OK
2026-07-06 17:10:52,F1,0.0000,OK
2026-07-06 17:11:02,F1,0.0000,OK
2026-07-06 17:11:13,F1,0.0000,OK
2026-07-06 17:11:23,F1,0.0000,OK
2026-07-06 17:11:33,F1,0.0000,OK
2026-07-06 17:11:43,F1,0.0000,OK
2026-07-06 17:11:54,F1,0.0000,OK
2026-07-06 17:12:04,F1,0.0000,OK
2026-07-06 17:12:14,F1,0.0000,OK
2026-07-06 17:12:25,F1,0.0000,OK
2026-07-06 17:12:35,F1,0.0000,OK
2026-07-06 17:12:45,F1,0.0000,OK
2026-07-06 17:12:56,F1,0.0000,OK
2026-07-06 17:13:06,F1,0.0000,OK
2026-07-06 17:13:16,F1,0.0000,OK
2026-07-06 17:13:27,F1,0.0000,OK
2026-07-06 17:13:37,F1,0.0000,OK
2026-07-06 17:13:47,F1,0.0000,OK
2026-07-06 17:13:58,F1,0.0000,OK
2026-07-06 17:14:08,F1,0.0000,OK
2026-07-06 17:14:18,F1,0.0000,OK
2026-07-06 17:14:29,F1,0.0000,OK
2026-07-06 17:14:39,F1,0.0000,OK
2026-07-06 17:14:49,F1,0.0000,OK
2026-07-06 17:15:00,F1,0.0000,OK
2026-07-06 17:15:10,F1,0.0000,OK
2026-07-06 17:15:20,F1,0.0000,OK
2026-07-06 17:15:30,F1,0.0000,OK
2026-07-06 17:15:41,F1,0.0000,OK
2026-07-06 17:15:52,F1,0.0000,OK
2026-07-06 17:16:02,F1,0.0000,OK
2026-07-06 17:16:12,F1,0.0000,OK
2026-07-06 17:16:23,F1,0.0000,OK
2026-07-06 17:16:33,F1,0.0000,OK
2026-07-06 17:16:43,F1,0.0000,OK
2026-07-06 17:16:54,F1,0.0000,OK
2026-07-06 17:17:04,F1,0.0000,OK
2026-07-06 17:17:14,F1,0.0000,OK
2026-07-06 17:17:24,F1,0.0000,OK
2026-07-06 17:17:35,F1,0.0000,OK
2026-07-06 17:17:45,F1,0.0000,OK
2026-07-06 17:17:55,F1,0.0000,OK
2026-07-06 17:18:06,F1,0.0000,OK
2026-07-06 17:18:16,F1,0.0000,OK
2026-07-06 17:18:26,F1,0.0000,OK
2026-07-06 17:18:37,F1,0.0000,OK
2026-07-06 17:18:47,F1,0.0000,OK
2026-07-06 17:18:57,F1,0.0000,OK
2026-07-06 17:19:07,F1,0.0000,OK
2026-07-06 17:19:18,F1,0.0000,OK
2026-07-06 17:19:28,F1,0.0000,OK
2026-07-06 17:19:38,F1,0.0000,OK
2026-07-06 17:19:49,F1,0.0000,OK
2026-07-06 17:19:59,F1,0.0000,OK
2026-07-06 17:20:09,F1,0.0000,OK
2026-07-06 17:20:20,F1,0.0000,OK
2026-07-06 17:20:30,F1,0.0000,OK
2026-07-06 17:20:40,F1,0.0000,OK
2026-07-06 17:20:51,F1,0.0000,OK
2026-07-06 17:21:01,F1,0.0000,OK
2026-07-06 17:21:11,F1,0.0000,OK
2026-07-06 17:21:22,F1,0.0000,OK
2026-07-06 17:21:32,F1,0.0000,OK
2026-07-06 17:21:42,F1,0.0000,OK
2026-07-06 17:21:53,F1,0.0000,OK
2026-07-06 17:22:03,F1,0.0000,OK
2026-07-06 17:22:13,F1,0.0000,OK
2026-07-06 17:22:23,F1,0.0000,OK
2026-07-06 17:22:34,F1,0.0000,OK
2026-07-06 17:22:44,F1,0.0000,OK
2026-07-06 17:22:54,F1,0.0000,OK
2026-07-06 17:23:05,F1,0.0000,OK
2026-07-06 17:23:15,F1,0.0000,OK
2026-07-06 17:23:25,F1,0.0000,OK
2026-07-06 17:23:36,F1,0.0000,OK
2026-07-06 17:23:46,F1,0.0000,OK
2026-07-06 17:23:56,F1,0.0000,OK
2026-07-06 17:24:06,F1,0.0000,OK
2026-07-06 17:24:17,F1,0.0000,OK
2026-07-06 17:24:27,F1,0.0000,OK
2026-07-06 17:24:37,F1,0.0000,OK
2026-07-06 17:24:48,F1,0.0000,OK
2026-07-06 17:24:58,F1,0.0000,OK
2026-07-06 17:25:08,F1,0.0000,OK
2026-07-06 17:25:19,F1,0.0000,OK
2026-07-06 17:25:29,F1,0.0000,OK
2026-07-06 17:25:39,F1,0.0000,OK
2026-07-06 17:25:49,F1,0.0000,OK
2026-07-06 17:26:00,F1,0.0000,OK
2026-07-06 17:26:10,F1,0.0000,OK
2026-07-06 17:26:20,F1,0.0000,OK
2026-07-06 17:26:31,F1,0.0000,OK
2026-07-06 17:26:41,F1,0.0000,OK
2026-07-06 17:26:51,F1,0.0000,OK
2026-07-06 17:27:02,F1,0.0000,OK
2026-07-06 17:27:12,F1,0.0000,OK
2026-07-06 17:27:22,F1,0.0000,OK
2026-07-06 17:27:33,F1,0.0000,OK
2026-07-06 17:27:43,F1,0.0000,OK
2026-07-06 17:27:53,F1,0.0000,OK
2026-07-06 17:28:03,F1,0.0000,OK
2026-07-06 17:28:14,F1,0.0000,OK
2026-07-06 17:28:24,F1,0.0000,OK
2026-07-06 17:28:34,F1,0.0000,OK
2026-07-06 17:28:45,F1,0.0000,OK
2026-07-06 17:28:55,F1,0.0000,OK
2026-07-06 17:29:05,F1,0.0000,OK
2026-07-06 17:29:16,F1,0.0000,OK
2026-07-06 17:29:26,F1,0.0000,OK
2026-07-06 17:29:36,F1,0.0000,OK
2026-07-06 17:29:46,F1,0.0000,OK
2026-07-06 17:29:57,F1,0.0000,OK
2026-07-06 17:30:07,F1,0.0000,OK
2026-07-06 17:30:17,F1,0.0000,OK
2026-07-06 17:30:28,F1,0.0000,OK
2026-07-06 17:30:38,F1,0.0000,OK
2026-07-06 17:30:48,F1,0.0000,OK
2026-07-06 17:30:59,F1,0.0000,OK
2026-07-06 17:31:09,F1,0.0000,OK
2026-07-06 17:31:19,F1,0.0000,OK
2026-07-06 17:31:30,F1,0.0000,OK
2026-07-06 17:31:40,F1,0.0000,OK
2026-07-06 17:31:50,F1,0.0000,OK
2026-07-06 17:32:01,F1,0.0000,OK
2026-07-06 17:32:11,F1,0.0000,OK
2026-07-06 17:32:21,F1,0.0000,OK
2026-07-06 17:32:32,F1,0.0000,OK
2026-07-06 17:32:42,F1,0.0000,OK
2026-07-06 17:32:52,F1,0.0000,OK
2026-07-06 17:33:02,F1,0.0000,OK
2026-07-06 17:33:13,F1,0.0000,OK
2026-07-06 17:33:23,F1,0.0000,OK
2026-07-06 17:33:33,F1,0.0000,OK
2026-07-06 17:33:44,F1,0.0000,OK
2026-07-06 17:33:54,F1,0.0000,OK
2026-07-06 17:34:04,F1,0.0000,OK
2026-07-06 17:34:15,F1,0.0000,OK
2026-07-06 17:34:25,F1,0.0000,OK
2026-07-06 17:34:35,F1,0.0000,OK
2026-07-06 17:34:45,F1,0.0000,OK
2026-07-06 17:34:56,F1,0.0000,OK
2026-07-06 17:35:06,F1,0.0000,OK
2026-07-06 17:35:16,F1,0.0000,OK
2026-07-06 17:35:27,F1,0.0000,OK
2026-07-06 17:35:37,F1,0.0000,OK
2026-07-06 17:35:47,F1,0.0000,OK
2026-07-06 17:35:58,F1,0.0000,OK
2026-07-06 17:36:08,F1,0.0000,OK
2026-07-06 17:36:18,F1,0.0000,OK
2026-07-06 17:36:29,F1,0.0000,OK
2026-07-06 17:36:39,F1,0.0000,OK
2026-07-06 17:36:49,F1,0.0000,OK
2026-07-06 17:36:59,F1,0.0000,OK
2026-07-06 17:37:10,F1,0.0000,OK
2026-07-06 17:37:20,F1,0.0000,OK
2026-07-06 17:37:30,F1,0.0000,OK
2026-07-06 17:37:41,F1,0.0000,OK
2026-07-06 17:37:51,F1,0.0000,OK
2026-07-06 17:38:01,F1,0.0000,OK
2026-07-06 17:38:12,F1,0.0000,OK
2026-07-06 17:38:22,F1,0.0000,OK
2026-07-06 17:38:32,F1,0.0000,OK
2026-07-06 17:38:43,F1,0.0000,OK
2026-07-06 17:38:53,F1,0.0000,OK
2026-07-06 17:39:03,F1,0.0000,OK
2026-07-06 17:39:14,F1,0.0000,OK
2026-07-06 17:39:24,F1,0.0000,OK
2026-07-06 17:39:34,F1,0.0000,OK
2026-07-06 17:39:44,F1,0.0000,OK
2026-07-06 17:39:55,F1,0.0000,OK
2026-07-06 17:40:05,F1,0.0000,OK
2026-07-06 17:40:16,F1,0.0000,OK
2026-07-06 17:40:26,F1,0.0000,OK
2026-07-06 17:40:36,F1,0.0000,OK
2026-07-06 17:40:46,F1,0.0000,OK
2026-07-06 17:40:57,F1,0.0000,OK
2026-07-06 17:41:07,F1,0.0000,OK
2026-07-06 17:41:17,F1,0.0000,OK
2026-07-06 17:41:28,F1,0.0000,OK
2026-07-06 17:41:38,F1,0.0000,OK
2026-07-06 17:41:48,F1,0.0000,OK
2026-07-06 17:41:59,F1,0.0000,OK
2026-07-06 17:42:09,F1,0.0000,OK
2026-07-06 17:42:19,F1,0.0000,OK
2026-07-06 17:42:30,F1,0.0000,OK
2026-07-06 17:42:40,F1,0.0000,OK
2026-07-06 17:42:50,F1,0.0000,OK
2026-07-06 17:43:01,F1,0.0000,OK
2026-07-06 17:43:11,F1,0.0000,OK
2026-07-06 17:43:21,F1,0.0000,OK
2026-07-06 17:43:32,F1,0.0000,OK
2026-07-06 17:43:42,F1,0.0000,OK
2026-07-06 17:43:52,F1,0.0000,OK
2026-07-06 17:44:02,F1,0.0000,OK
2026-07-06 17:44:13,F1,0.0000,OK
2026-07-06 17:44:23,F1,0.0000,OK
2026-07-06 17:44:33,F1,0.0000,OK
2026-07-06 17:44:44,F1,0.0000,OK
2026-07-06 17:44:54,F1,0.0000,OK
2026-07-06 17:45:04,F1,0.0000,OK
2026-07-06 17:45:15,F1,0.0000,OK
2026-07-06 17:45:25,F1,0.0000,OK
2026-07-06 17:45:35,F1,0.0000,OK
2026-07-06 17:45:46,F1,0.0000,OK
2026-07-06 17:45:56,F1,0.0000,OK
2026-07-06 17:46:06,F1,0.0000,OK
2026-07-06 17:46:17,F1,0.0000,OK
2026-07-06 17:46:27,F1,0.0000,OK
2026-07-06 17:46:37,F1,0.0000,OK
2026-07-06 17:46:47,F1,0.0000,OK
2026-07-06 17:46:58,F1,0.0000,OK
2026-07-06 17:47:08,F1,0.0000,OK
2026-07-06 17:47:18,F1,0.0000,OK
2026-07-06 17:47:29,F1,0.0000,OK
2026-07-06 17:47:39,F1,0.0000,OK
2026-07-06 17:47:49,F1,0.0000,OK
2026-07-06 17:48:00,F1,0.0000,OK
2026-07-06 17:48:10,F1,0.0000,OK
2026-07-06 17:48:20,F1,0.0000,OK
2026-07-06 17:48:30,F1,0.0000,OK
2026-07-06 17:48:41,F1,0.0000,OK
2026-07-06 17:48:51,F1,0.0000,OK
2026-07-06 17:49:01,F1,0.0000,OK
2026-07-06 17:49:12,F1,0.0000,OK
2026-07-06 17:49:22,F1,0.0000,OK
2026-07-06 17:49:32,F1,0.0000,OK
2026-07-06 17:49:43,F1,0.0000,OK
2026-07-06 17:49:53,F1,0.0000,OK
2026-07-06 17:50:03,F1,0.0000,OK
2026-07-06 17:50:14,F1,0.0000,OK
2026-07-06 17:50:24,F1,0.0000,OK
2026-07-06 17:50:34,F1,0.0000,OK
2026-07-06 17:50:45,F1,0.0000,OK
2026-07-06 17:50:55,F1,0.0000,OK
2026-07-06 17:51:05,F1,0.0000,OK
2026-07-06 17:51:16,F1,0.0000,OK
2026-07-06 17:51:26,F1,0.0000,OK
2026-07-06 17:51:36,F1,0.0000,OK
2026-07-06 17:51:46,F1,0.0000,OK
2026-07-06 17:51:57,F1,0.0000,OK
2026-07-06 17:52:07,F1,0.0000,OK
2026-07-06 17:52:17,F1,0.0000,OK
2026-07-06 17:52:28,F1,0.0000,OK
2026-07-06 17:52:38,F1,0.0000,OK
2026-07-06 17:52:48,F1,0.0000,OK
2026-07-06 17:52:59,F1,0.0000,OK
2026-07-06 17:53:09,F1,0.0000,OK
2026-07-06 17:53:19,F1,0.0000,OK
2026-07-06 17:53:29,F1,0.0000,OK
2026-07-06 17:53:40,F1,0.0000,OK
2026-07-06 17:53:50,F1,0.0000,OK
2026-07-06 17:54:00,F1,0.0000,OK
2026-07-06 17:54:11,F1,0.0000,OK
2026-07-06 17:54:21,F1,0.0000,OK
2026-07-06 17:54:31,F1,0.0000,OK
2026-07-06 17:54:42,F1,0.0000,OK
2026-07-06 17:54:52,F1,0.0000,OK
2026-07-06 17:55:02,F1,0.0000,OK
2026-07-06 17:55:13,F1,0.0000,OK
2026-07-06 17:55:23,F1,0.0000,OK
2026-07-06 17:55:33,F1,0.0000,OK
2026-07-06 17:55:44,F1,0.0000,OK
2026-07-06 17:55:54,F1,0.0000,OK
2026-07-06 17:56:04,F1,0.0000,OK
2026-07-06 17:56:15,F1,0.0000,OK
2026-07-06 17:56:25,F1,0.0000,OK
2026-07-06 17:56:35,F1,0.0000,OK
2026-07-06 17:56:45,F1,0.0000,OK
2026-07-06 17:56:56,F1,0.0000,OK
2026-07-06 17:57:06,F1,0.0000,OK
2026-07-06 17:57:16,F1,0.0000,OK
2026-07-06 17:57:27,F1,0.0000,OK
2026-07-06 17:57:37,F1,0.0000,OK
2026-07-06 17:57:47,F1,0.0000,OK
2026-07-06 17:57:58,F1,0.0000,OK
2026-07-06 17:58:08,F1,0.0000,OK
2026-07-06 17:58:18,F1,0.0000,OK
2026-07-06 17:58:28,F1,0.0000,OK
2026-07-06 17:58:39,F1,0.0000,OK
2026-07-06 17:58:49,F1,0.0000,OK
2026-07-06 17:58:59,F1,0.0000,OK
2026-07-06 17:59:10,F1,0.0000,OK
2026-07-06 17:59:20,F1,0.0000,OK
2026-07-06 17:59:30,F1,0.0000,OK
2026-07-06 17:59:41,F1,0.0000,OK
2026-07-06 17:59:51,F1,0.0000,OK
2026-07-06 18:00:01,F1,0.0000,OK
2026-07-06 18:00:11,F1,0.0000,OK
2026-07-06 18:00:22,F1,0.0000,OK
2026-07-06 18:00:32,F1,0.0000,OK
2026-07-06 18:00:42,F1,0.0000,OK
2026-07-06 18:00:53,F1,0.0000,OK
2026-07-06 18:01:03,F1,0.0000,OK
2026-07-06 18:01:13,F1,0.0000,OK
2026-07-06 18:01:24,F1,0.0000,OK
2026-07-06 18:01:34,F1,0.0000,OK
2026-07-06 18:01:44,F1,0.0000,OK
2026-07-06 18:01:54,F1,0.0000,OK
2026-07-06 18:02:05,F1,0.0000,OK
2026-07-06 18:02:15,F1,0.0000,OK
2026-07-06 18:02:25,F1,0.0000,OK
2026-07-06 18:02:36,F1,0.0000,OK
2026-07-06 18:02:46,F1,0.0000,OK
2026-07-06 18:02:56,F1,0.0000,OK
2026-07-06 18:03:07,F1,0.0000,OK
2026-07-06 18:03:17,F1,0.0000,OK
2026-07-06 18:03:27,F1,0.0000,OK
2026-07-06 18:03:38,F1,0.0000,OK
2026-07-06 18:03:48,F1,0.0000,OK
2026-07-06 18:03:58,F1,0.0000,OK
2026-07-06 18:04:08,F1,0.0000,OK
2026-07-06 18:04:19,F1,0.0000,OK
2026-07-06 18:04:29,F1,0.0000,OK
2026-07-06 18:04:39,F1,0.0000,OK
2026-07-06 18:04:50,F1,0.0000,OK
2026-07-06 18:05:00,F1,0.0000,OK
2026-07-06 18:05:10,F1,0.0000,OK
2026-07-06 18:05:21,F1,0.0000,OK
2026-07-06 18:05:31,F1,0.0000,OK
2026-07-06 18:05:41,F1,0.0000,OK
2026-07-06 18:05:52,F1,0.0000,OK
2026-07-06 18:06:02,F1,0.0000,OK
2026-07-06 18:06:12,F1,0.0000,OK
2026-07-06 18:06:22,F1,0.0000,OK
2026-07-06 18:06:33,F1,0.0000,OK
2026-07-06 18:06:43,F1,0.0000,OK
2026-07-06 18:06:53,F1,0.0000,OK
2026-07-06 18:07:04,F1,0.0000,OK
2026-07-06 18:07:14,F1,0.0000,OK
2026-07-06 18:07:24,F1,0.0000,OK
2026-07-06 18:07:34,F1,0.0000,OK
2026-07-06 18:07:45,F1,0.0000,OK
2026-07-06 18:07:55,F1,0.0000,OK
2026-07-06 18:08:05,F1,0.0000,OK
2026-07-06 18:08:16,F1,0.0000,OK
2026-07-06 18:08:26,F1,0.0000,OK
2026-07-06 18:08:36,F1,0.0000,OK
2026-07-06 18:08:47,F1,0.0000,OK
2026-07-06 18:08:57,F1,0.0000,OK
2026-07-06 18:09:07,F1,0.0000,OK
2026-07-06 18:09:18,F1,0.0000,OK
2026-07-06 18:09:28,F1,0.0000,OK
2026-07-06 18:09:38,F1,0.0000,OK
2026-07-06 18:09:48,F1,0.0000,OK
2026-07-06 18:09:59,F1,0.0000,OK
2026-07-06 18:10:09,F1,0.0000,OK
2026-07-06 18:10:19,F1,0.0000,OK
2026-07-06 18:10:30,F1,0.0000,OK
2026-07-06 18:10:40,F1,0.0000,OK
2026-07-06 18:10:50,F1,0.0000,OK
2026-07-06 18:11:01,F1,0.0000,OK
2026-07-06 18:11:11,F1,0.0000,OK
2026-07-06 18:11:21,F1,0.0000,OK
2026-07-06 18:11:32,F1,0.0000,OK
2026-07-06 18:11:42,F1,0.0000,OK
2026-07-06 18:11:52,F1,0.0000,OK
2026-07-06 18:12:02,F1,0.0000,OK
2026-07-06 18:12:13,F1,0.0000,OK
2026-07-06 18:12:23,F1,0.0000,OK
2026-07-06 18:12:33,F1,0.0000,OK
2026-07-06 18:12:44,F1,0.0000,OK
2026-07-06 18:12:54,F1,0.0000,OK
2026-07-06 18:13:04,F1,0.0000,OK
2026-07-06 18:13:15,F1,0.0000,OK
2026-07-06 18:13:25,F1,0.0000,OK
2026-07-06 18:13:35,F1,0.0000,OK
2026-07-06 18:13:46,F1,0.0000,OK
2026-07-06 18:13:56,F1,0.0000,OK
2026-07-06 18:14:06,F1,0.0000,OK
2026-07-06 18:14:17,F1,0.0000,OK
2026-07-06 18:14:27,F1,0.0000,OK
2026-07-06 18:14:37,F1,0.0000,OK
2026-07-06 18:14:47,F1,0.0000,OK
2026-07-06 18:14:58,F1,0.0000,OK
2026-07-06 18:15:08,F1,0.0000,OK
2026-07-06 18:15:18,F1,0.0000,OK
2026-07-06 18:15:29,F1,0.0000,OK
2026-07-06 18:15:39,F1,0.0000,OK
2026-07-06 18:15:49,F1,0.0000,OK
2026-07-06 18:16:00,F1,0.0000,OK
2026-07-06 18:16:10,F1,0.0000,OK
2026-07-06 18:16:20,F1,0.0000,OK
2026-07-06 18:16:30,F1,0.0000,OK
2026-07-06 18:16:41,F1,0.0000,OK
2026-07-06 18:16:51,F1,0.0000,OK
2026-07-06 18:17:01,F1,0.0000,OK
2026-07-06 18:17:12,F1,0.0000,OK
2026-07-06 18:17:22,F1,0.0000,OK
2026-07-06 18:17:32,F1,0.0000,OK
2026-07-06 18:17:43,F1,0.0000,OK
2026-07-06 18:17:53,F1,0.0000,OK
2026-07-06 18:18:03,F1,0.0000,OK
2026-07-06 18:18:13,F1,0.0000,OK
2026-07-06 18:18:24,F1,0.0000,OK
2026-07-06 18:18:34,F1,0.0000,OK
2026-07-06 18:18:44,F1,0.0000,OK
2026-07-06 18:18:55,F1,0.0000,OK
2026-07-06 18:19:05,F1,0.0000,OK
2026-07-06 18:19:15,F1,0.0000,OK
2026-07-06 18:19:26,F1,0.0000,OK
2026-07-06 18:19:36,F1,0.0000,OK
2026-07-06 18:19:46,F1,0.0000,OK
2026-07-06 18:19:57,F1,0.0000,OK
2026-07-06 18:20:07,F1,0.0000,OK
2026-07-06 18:20:17,F1,0.0000,OK
2026-07-06 18:20:27,F1,0.0000,OK
2026-07-06 18:20:38,F1,0.0000,OK
2026-07-06 18:20:48,F1,0.0000,OK
2026-07-06 18:20:58,F1,0.0000,OK
2026-07-06 18:21:09,F1,0.0000,OK
2026-07-06 18:21:19,F1,0.0000,OK
2026-07-06 18:21:29,F1,0.0000,OK
2026-07-06 18:21:40,F1,0.0000,OK
2026-07-06 18:21:50,F1,0.0000,OK
2026-07-06 18:22:00,F1,0.0000,OK
2026-07-06 18:22:11,F1,0.0000,OK
2026-07-06 18:22:21,F1,0.0000,OK
2026-07-06 18:22:31,F1,0.0000,OK
2026-07-06 18:22:41,F1,0.0000,OK
2026-07-06 18:22:52,F1,0.0000,OK
2026-07-06 18:23:02,F1,0.0000,OK
2026-07-06 18:23:12,F1,0.0000,OK
2026-07-06 18:23:23,F1,0.0000,OK
2026-07-06 18:23:33,F1,0.0000,OK
2026-07-06 18:23:43,F1,0.0000,OK
2026-07-06 18:23:54,F1,0.0000,OK
2026-07-06 18:24:04,F1,0.0000,OK
2026-07-06 18:24:14,F1,0.0000,OK
2026-07-06 18:24:24,F1,0.0000,OK
2026-07-06 18:24:35,F1,0.0000,OK
2026-07-06 18:24:45,F1,0.0000,OK
2026-07-06 18:24:55,F1,0.0000,OK
2026-07-06 18:25:06,F1,0.0000,OK
2026-07-06 18:25:16,F1,0.0000,OK
2026-07-06 18:25:26,F1,0.0000,OK
2026-07-06 18:25:37,F1,0.0000,OK
2026-07-06 18:25:47,F1,0.0000,OK
2026-07-06 18:25:57,F1,0.0000,OK
2026-07-06 18:26:07,F1,0.0000,OK
2026-07-06 18:26:18,F1,0.0000,OK
2026-07-06 18:26:28,F1,0.0000,OK
2026-07-06 18:26:38,F1,0.0000,OK
2026-07-06 18:26:49,F1,0.0000,OK
2026-07-06 18:26:59,F1,0.0000,OK
2026-07-06 18:27:09,F1,0.0000,OK
2026-07-06 18:27:20,F1,0.0000,OK
2026-07-06 18:27:30,F1,0.0000,OK
2026-07-06 18:27:40,F1,0.0000,OK
2026-07-06 18:27:51,F1,0.0000,OK
2026-07-06 18:28:01,F1,0.0000,OK
2026-07-06 18:28:11,F1,0.0000,OK
2026-07-06 18:28:21,F1,0.0000,OK
2026-07-06 18:28:32,F1,0.0000,OK
2026-07-06 18:28:42,F1,0.0000,OK
2026-07-06 18:28:52,F1,0.0000,OK
2026-07-06 18:29:03,F1,0.0000,OK
2026-07-06 18:29:13,F1,0.0000,OK
2026-07-06 18:29:23,F1,0.0000,OK
2026-07-06 18:29:34,F1,0.0000,OK
2026-07-06 18:29:44,F1,0.0000,OK
2026-07-06 18:29:54,F1,0.0000,OK
2026-07-06 18:30:05,F1,0.0000,OK
2026-07-06 18:30:15,F1,0.0000,OK
2026-07-06 18:30:25,F1,0.0000,OK
2026-07-06 18:30:36,F1,0.0000,OK
2026-07-06 18:30:46,F1,0.0000,OK
2026-07-06 18:30:56,F1,0.0000,OK
2026-07-06 18:31:06,F1,0.0000,OK
2026-07-06 18:31:17,F1,0.0000,OK
2026-07-06 18:31:27,F1,0.0000,OK
2026-07-06 18:31:37,F1,0.0000,OK
2026-07-06 18:31:48,F1,0.0000,OK
2026-07-06 18:31:58,F1,0.0000,OK
2026-07-06 18:32:08,F1,0.0000,OK
2026-07-06 18:32:19,F1,0.0000,OK
2026-07-06 18:32:29,F1,0.0000,OK
2026-07-06 18:32:39,F1,0.0000,OK
2026-07-06 18:32:50,F1,0.0000,OK
2026-07-06 18:33:00,F1,0.0000,OK
2026-07-06 18:33:10,F1,0.0000,OK
2026-07-06 18:33:20,F1,0.0000,OK
2026-07-06 18:33:31,F1,0.0000,OK
2026-07-06 18:33:41,F1,0.0000,OK
2026-07-06 18:33:51,F1,0.0000,OK
2026-07-06 18:34:02,F1,0.0000,OK
2026-07-06 18:34:12,F1,0.0000,OK
2026-07-06 18:34:22,F1,0.0000,OK
2026-07-06 18:34:33,F1,0.0000,OK
2026-07-06 18:34:43,F1,0.0000,OK
2026-07-06 18:34:53,F1,0.0000,OK
2026-07-06 18:35:04,F1,0.0000,OK
2026-07-06 18:35:14,F1,0.0000,OK
2026-07-06 18:35:24,F1,0.0000,OK
2026-07-06 18:35:34,F1,0.0000,OK
2026-07-06 18:35:45,F1,0.0000,OK
2026-07-06 18:35:55,F1,0.0000,OK
2026-07-06 18:36:05,F1,0.0000,OK
2026-07-06 18:36:16,F1,0.0000,OK
2026-07-06 18:36:26,F1,0.0000,OK
2026-07-06 18:36:36,F1,0.0000,OK
2026-07-06 18:36:47,F1,0.0000,OK
2026-07-06 18:36:57,F1,0.0000,OK
2026-07-06 18:37:07,F1,0.0000,OK
2026-07-06 18:37:17,F1,0.0000,OK
2026-07-06 18:37:28,F1,0.0000,OK
2026-07-06 18:37:38,F1,0.0000,OK
2026-07-06 18:37:48,F1,0.0000,OK
2026-07-06 18:37:59,F1,0.0000,OK
2026-07-06 18:38:09,F1,0.0000,OK
2026-07-06 18:38:19,F1,0.0000,OK
2026-07-06 18:38:30,F1,0.0000,OK
2026-07-06 18:38:40,F1,0.0000,OK
2026-07-06 18:38:50,F1,0.0000,OK
2026-07-06 18:39:01,F1,0.0000,OK
2026-07-06 18:39:11,F1,0.0000,OK
2026-07-06 18:39:21,F1,0.0000,OK
2026-07-06 18:39:32,F1,0.0000,OK
2026-07-06 18:39:42,F1,0.0000,OK
2026-07-06 18:39:52,F1,0.0000,OK
2026-07-06 18:40:02,F1,0.0000,OK
2026-07-06 18:40:13,F1,0.0000,OK
2026-07-06 18:40:23,F1,0.0000,OK
2026-07-06 18:40:33,F1,0.0000,OK
2026-07-06 18:40:44,F1,0.0000,OK
2026-07-06 18:40:54,F1,0.0000,OK
2026-07-06 18:41:04,F1,0.0000,OK
2026-07-06 18:41:15,F1,0.0000,OK
2026-07-06 18:41:25,F1,0.0000,OK
2026-07-06 18:41:35,F1,0.0000,OK
2026-07-06 18:41:46,F1,0.0000,OK
2026-07-06 18:41:56,F1,0.0000,OK
2026-07-06 18:42:06,F1,0.0000,OK
2026-07-06 18:42:16,F1,0.0000,OK
2026-07-06 18:42:27,F1,0.0000,OK
2026-07-06 18:42:37,F1,0.0000,OK
2026-07-06 18:42:47,F1,0.0000,OK
2026-07-06 18:42:58,F1,0.0000,OK
2026-07-06 18:43:08,F1,0.0000,OK
2026-07-06 18:43:18,F1,0.0000,OK
2026-07-06 18:43:29,F1,0.0000,OK
2026-07-06 18:43:39,F1,0.0000,OK
2026-07-06 18:43:49,F1,0.0000,OK
2026-07-06 18:43:59,F1,0.0000,OK
2026-07-06 18:44:10,F1,0.0000,OK
2026-07-06 18:44:20,F1,0.0000,OK
2026-07-06 18:44:30,F1,0.0000,OK
2026-07-06 18:44:41,F1,0.0000,OK
2026-07-06 18:44:51,F1,0.0000,OK
2026-07-06 18:45:01,F1,0.0000,OK
2026-07-06 18:45:12,F1,0.0000,OK
2026-07-06 18:45:22,F1,0.0000,OK
2026-07-06 18:45:32,F1,0.0000,OK
2026-07-06 18:45:42,F1,0.0000,OK
2026-07-06 18:45:53,F1,0.0000,OK
2026-07-06 18:46:03,F1,0.0000,OK
2026-07-06 18:46:13,F1,0.0000,OK
2026-07-06 18:46:24,F1,0.0000,OK
2026-07-06 18:46:34,F1,0.0000,OK
2026-07-06 18:46:44,F1,0.0000,OK
2026-07-06 18:46:55,F1,0.0000,OK
2026-07-06 18:47:05,F1,0.0000,OK
2026-07-06 18:47:15,F1,0.0000,OK
2026-07-06 18:47:26,F1,0.0000,OK
2026-07-06 18:47:36,F1,0.0000,OK
2026-07-06 18:47:46,F1,0.0000,OK
2026-07-06 18:47:57,F1,0.0000,OK
2026-07-06 18:48:07,F1,0.0000,OK
2026-07-06 18:48:17,F1,0.0000,OK
2026-07-06 18:48:28,F1,0.0000,OK
2026-07-06 18:48:38,F1,0.0000,OK
2026-07-06 18:48:48,F1,0.0000,OK
2026-07-06 18:48:59,F1,0.0000,OK
2026-07-06 18:49:09,F1,0.0000,OK
2026-07-06 18:49:19,F1,0.0000,OK
2026-07-06 18:49:30,F1,0.0000,OK
2026-07-06 18:49:40,F1,0.0000,OK
2026-07-06 18:49:50,F1,0.0000,OK
2026-07-06 18:50:01,F1,0.0000,OK
2026-07-06 18:50:11,F1,0.0000,OK
2026-07-06 18:50:21,F1,0.0000,OK
2026-07-06 18:50:31,F1,0.0000,OK
2026-07-06 18:50:42,F1,0.0000,OK
2026-07-06 18:50:52,F1,0.0000,OK
2026-07-06 18:51:02,F1,0.0000,OK
2026-07-06 18:51:13,F1,0.0000,OK
2026-07-06 18:51:23,F1,0.0000,OK
2026-07-06 18:51:33,F1,0.0000,OK
2026-07-06 18:51:43,F1,0.0000,OK
2026-07-06 18:51:54,F1,0.0000,OK
2026-07-06 18:52:04,F1,0.0000,OK
2026-07-06 18:52:14,F1,0.0000,OK
2026-07-06 18:52:25,F1,0.0000,OK
2026-07-06 18:52:35,F1,0.0000,OK
2026-07-06 18:52:45,F1,0.0000,OK
2026-07-06 18:52:56,F1,0.0000,OK
2026-07-06 18:53:06,F1,0.0000,OK
2026-07-06 18:53:16,F1,0.0000,OK
2026-07-06 18:53:27,F1,0.0000,OK
2026-07-06 18:53:37,F1,0.0000,OK
2026-07-06 18:53:47,F1,0.0000,OK
2026-07-06 18:53:57,F1,0.0000,OK
2026-07-06 18:54:08,F1,0.0000,OK
2026-07-06 18:54:18,F1,0.0000,OK
2026-07-06 18:54:28,F1,0.0000,OK
2026-07-06 18:54:39,F1,0.0000,OK
2026-07-06 18:54:49,F1,0.0000,OK
2026-07-06 18:54:59,F1,0.0000,OK
2026-07-06 18:55:10,F1,0.0000,OK
2026-07-06 18:55:20,F1,0.0000,OK
2026-07-06 18:55:30,F1,0.0000,OK
2026-07-06 18:55:41,F1,0.0000,OK
2026-07-06 18:55:51,F1,0.0000,OK
2026-07-06 18:56:01,F1,0.0000,OK
2026-07-06 18:56:11,F1,0.0000,OK
2026-07-06 18:56:22,F1,0.0000,OK
2026-07-06 18:56:32,F1,0.0000,OK
2026-07-06 18:56:42,F1,0.0000,OK
2026-07-06 18:56:53,F1,0.0000,OK
2026-07-06 18:57:03,F1,0.0000,OK
2026-07-06 18:57:13,F1,0.0000,OK
2026-07-06 18:57:24,F1,0.0000,OK
2026-07-06 18:57:34,F1,0.0000,OK
2026-07-06 18:57:44,F1,0.0000,OK
2026-07-06 18:57:55,F1,0.0000,OK
2026-07-06 18:58:05,F1,0.0000,OK
2026-07-06 18:58:15,F1,0.0000,OK
2026-07-06 18:58:26,F1,0.0000,OK
2026-07-06 18:58:36,F1,0.0000,OK
2026-07-06 18:58:47,F1,0.0000,OK
2026-07-06 18:58:57,F1,0.0000,OK
2026-07-06 18:59:07,F1,0.0000,OK
2026-07-06 18:59:18,F1,0.0000,OK
2026-07-06 18:59:28,F1,0.0000,OK
2026-07-06 18:59:38,F1,0.0000,OK
2026-07-06 18:59:49,F1,0.0000,OK
2026-07-06 18:59:59,F1,0.0000,OK
2026-07-06 19:00:09,F1,0.0000,OK
2026-07-06 19:00:20,F1,0.0000,OK
2026-07-06 19:00:30,F1,0.0000,OK
2026-07-06 19:00:40,F1,0.0000,OK
2026-07-06 19:00:51,F1,0.0000,OK
2026-07-06 19:01:01,F1,0.0000,OK
2026-07-06 19:01:11,F1,0.0000,OK
2026-07-06 19:01:21,F1,0.0000,OK
2026-07-06 19:01:32,F1,0.0000,OK
2026-07-06 19:01:42,F1,0.0000,OK
2026-07-06 19:01:52,F1,0.0000,OK
2026-07-06 19:02:03,F1,0.0000,OK
2026-07-06 19:02:13,F1,0.0000,OK
2026-07-06 19:02:23,F1,0.0000,OK
2026-07-06 19:02:34,F1,0.0000,OK
2026-07-06 19:02:44,F1,0.0000,OK
2026-07-06 19:02:54,F1,0.0000,OK
2026-07-06 19:03:05,F1,0.0000,OK
2026-07-06 19:03:15,F1,0.0000,OK
2026-07-06 19:03:25,F1,0.0000,OK
2026-07-06 19:03:36,F1,0.0000,OK
2026-07-06 19:03:46,F1,0.0000,OK
2026-07-06 19:03:56,F1,0.0000,OK
2026-07-06 19:04:06,F1,0.0000,OK
2026-07-06 19:04:17,F1,0.0000,OK
2026-07-06 19:04:27,F1,0.0000,OK
2026-07-06 19:04:37,F1,0.0000,OK
2026-07-06 19:04:48,F1,0.0000,OK
2026-07-06 19:04:58,F1,0.0000,OK
2026-07-06 19:05:08,F1,0.0000,OK
2026-07-06 19:05:19,F1,0.0000,OK
2026-07-06 19:05:29,F1,0.0000,OK
2026-07-06 19:05:39,F1,0.0000,OK
2026-07-06 19:05:50,F1,0.0000,OK
2026-07-06 19:06:00,F1,0.0000,OK
2026-07-06 19:06:10,F1,0.0000,OK
2026-07-06 19:06:21,F1,0.0000,OK
2026-07-06 19:06:31,F1,0.0000,OK
2026-07-06 19:06:41,F1,0.0000,OK
2026-07-06 19:06:51,F1,0.0000,OK
2026-07-06 19:07:02,F1,0.0000,OK
2026-07-06 19:07:12,F1,0.0000,OK
2026-07-06 19:07:22,F1,0.0000,OK
2026-07-06 19:07:33,F1,0.0000,OK
2026-07-06 19:07:43,F1,0.0000,OK
2026-07-06 19:07:53,F1,0.0000,OK
2026-07-06 19:08:04,F1,0.0000,OK
2026-07-06 19:08:14,F1,0.0000,OK
2026-07-06 19:08:24,F1,0.0000,OK
2026-07-06 19:08:35,F1,0.0000,OK
2026-07-06 19:08:45,F1,0.0000,OK
2026-07-06 19:08:55,F1,0.0000,OK
2026-07-06 19:09:05,F1,0.0000,OK
2026-07-06 19:09:16,F1,0.0000,OK
2026-07-06 19:09:26,F1,0.0000,OK
2026-07-06 19:09:36,F1,0.0000,OK
2026-07-06 19:09:47,F1,0.0000,OK
2026-07-06 19:09:57,F1,0.0000,OK
2026-07-06 19:10:07,F1,0.0000,OK
2026-07-06 19:10:18,F1,0.0000,OK
2026-07-06 19:10:28,F1,0.0000,OK
2026-07-06 19:10:38,F1,0.0000,OK
2026-07-06 19:10:49,F1,0.0000,OK
2026-07-06 19:10:59,F1,0.0000,OK
2026-07-06 19:11:09,F1,0.0000,OK
2026-07-06 19:11:20,F1,0.0000,OK
2026-07-06 19:11:30,F1,0.0000,OK
2026-07-06 19:11:40,F1,0.0000,OK
2026-07-06 19:11:51,F1,0.0000,OK
2026-07-06 19:12:01,F1,0.0000,OK
2026-07-06 19:12:11,F1,0.0000,OK
2026-07-06 19:12:21,F1,0.0000,OK
2026-07-06 19:12:32,F1,0.0000,OK
2026-07-06 19:12:42,F1,0.0000,OK
2026-07-06 19:12:52,F1,0.0000,OK
2026-07-06 19:13:03,F1,0.0000,OK
2026-07-06 19:13:13,F1,0.0000,OK
2026-07-06 19:13:23,F1,0.0000,OK
2026-07-06 19:13:34,F1,0.0000,OK
2026-07-06 19:13:44,F1,0.0000,OK
2026-07-06 19:13:54,F1,0.0000,OK
2026-07-06 19:14:04,F1,0.0000,OK
2026-07-06 19:14:15,F1,0.0000,OK
2026-07-06 19:14:25,F1,0.0000,OK
2026-07-06 19:14:35,F1,0.0000,OK
2026-07-06 19:14:46,F1,0.0000,OK
2026-07-06 19:14:56,F1,0.0000,OK
2026-07-06 19:15:06,F1,0.0000,OK
2026-07-06 19:15:17,F1,0.0000,OK
2026-07-06 19:15:27,F1,0.0000,OK
2026-07-06 19:15:37,F1,0.0000,OK
2026-07-06 19:15:48,F1,0.0000,OK
2026-07-06 19:15:58,F1,0.0000,OK
2026-07-06 19:16:08,F1,0.0000,OK
2026-07-06 19:16:19,F1,0.0000,OK
2026-07-06 19:16:29,F1,0.0000,OK
2026-07-06 19:16:39,F1,0.0000,OK
2026-07-06 19:16:49,F1,0.0000,OK
2026-07-06 19:17:00,F1,0.0000,OK
2026-07-06 19:17:10,F1,0.0000,OK
2026-07-06 19:17:20,F1,0.0000,OK
2026-07-06 19:17:31,F1,0.0000,OK
2026-07-06 19:17:41,F1,0.0000,OK
2026-07-06 19:17:51,F1,0.0000,OK
2026-07-06 19:18:02,F1,0.0000,OK
2026-07-06 19:18:12,F1,0.0000,OK
2026-07-06 19:18:22,F1,0.0000,OK
2026-07-06 19:18:32,F1,0.0000,OK
2026-07-06 19:18:43,F1,0.0000,OK
2026-07-06 19:18:53,F1,0.0000,OK
2026-07-06 19:19:03,F1,0.0000,OK
2026-07-06 19:19:14,F1,0.0000,OK
2026-07-06 19:19:24,F1,0.0000,OK
2026-07-06 19:19:34,F1,0.0000,OK
2026-07-06 19:19:45,F1,0.0000,OK
2026-07-06 19:19:55,F1,0.0000,OK
2026-07-06 19:20:05,F1,0.0000,OK
2026-07-06 19:20:16,F1,0.0000,OK
2026-07-06 19:20:26,F1,0.0000,OK
2026-07-06 19:20:36,F1,0.0000,OK
2026-07-06 19:20:47,F1,0.0000,OK
2026-07-06 19:20:57,F1,0.0000,OK
2026-07-06 19:21:07,F1,0.0000,OK
2026-07-06 19:21:18,F1,0.0000,OK
2026-07-06 19:21:28,F1,0.0000,OK
2026-07-06 19:21:38,F1,0.0000,OK
2026-07-06 19:21:48,F1,0.0000,OK
2026-07-06 19:21:59,F1,0.0000,OK
2026-07-06 19:22:09,F1,0.0000,OK
2026-07-06 19:22:19,F1,0.0000,OK
2026-07-06 19:22:30,F1,0.0000,OK
2026-07-06 19:22:40,F1,0.0000,OK
2026-07-06 19:22:50,F1,0.0000,OK
2026-07-06 19:23:01,F1,0.0000,OK
2026-07-06 19:23:11,F1,0.0000,OK
2026-07-06 19:23:22,F1,0.0000,OK
2026-07-06 19:23:32,F1,0.0000,OK
2026-07-06 19:23:42,F1,0.0000,OK
2026-07-06 19:23:53,F1,0.0000,OK
2026-07-06 19:24:03,F1,0.0000,OK
2026-07-06 19:24:13,F1,0.0000,OK
2026-07-06 19:24:24,F1,0.0000,OK
2026-07-06 19:24:34,F1,0.0000,OK
2026-07-06 19:24:44,F1,0.0000,OK
2026-07-06 19:24:54,F1,0.0000,OK
2026-07-06 19:25:05,F1,0.0000,OK
2026-07-06 19:25:15,F1,0.0000,OK
2026-07-06 19:25:25,F1,0.0000,OK
2026-07-06 19:25:36,F1,0.0000,OK
2026-07-06 19:25:46,F1,0.0000,OK
2026-07-06 19:25:56,F1,0.0000,OK
2026-07-06 19:26:07,F1,0.0000,OK
2026-07-06 19:26:17,F1,0.0000,OK
2026-07-06 19:26:27,F1,0.0000,OK
2026-07-06 19:26:38,F1,0.0000,OK
2026-07-06 19:26:48,F1,0.0000,OK
2026-07-06 19:26:58,F1,0.0000,OK
2026-07-06 19:27:09,F1,0.0000,OK
2026-07-06 19:27:19,F1,0.0000,OK
2026-07-06 19:27:29,F1,0.0000,OK
2026-07-06 19:27:39,F1,0.0000,OK
2026-07-06 19:27:50,F1,0.0000,OK
2026-07-06 19:28:00,F1,0.0000,OK
2026-07-06 19:28:10,F1,0.0000,OK
2026-07-06 19:28:21,F1,0.0000,OK
2026-07-06 19:28:31,F1,0.0000,OK
2026-07-06 19:28:41,F1,0.0000,OK
2026-07-06 19:28:52,F1,0.0000,OK
2026-07-06 19:29:02,F1,0.0000,OK
2026-07-06 19:29:12,F1,0.0000,OK
2026-07-06 19:29:23,F1,0.0000,OK
2026-07-06 19:29:33,F1,0.0000,OK
2026-07-06 19:29:43,F1,0.0000,OK
2026-07-06 19:29:53,F1,0.0000,OK
2026-07-06 19:30:04,F1,0.0000,OK
2026-07-06 19:30:14,F1,0.0000,OK
2026-07-06 19:30:24,F1,0.0000,OK
2026-07-06 19:30:35,F1,0.0000,OK
2026-07-06 19:30:45,F1,0.0000,OK
2026-07-06 19:30:55,F1,0.0000,OK
2026-07-06 19:31:06,F1,0.0000,OK
2026-07-06 19:31:16,F1,0.0000,OK
2026-07-06 19:31:26,F1,0.0000,OK
2026-07-06 19:31:36,F1,0.0000,OK
2026-07-06 19:31:47,F1,0.0000,OK
2026-07-06 19:31:57,F1,0.0000,OK
2026-07-06 19:32:07,F1,0.0000,OK
2026-07-06 19:32:18,F1,0.0000,OK
2026-07-06 19:32:28,F1,0.0000,OK
2026-07-06 19:32:38,F1,0.0000,OK
2026-07-06 19:32:49,F1,0.0000,OK
2026-07-06 19:32:59,F1,0.0000,OK
2026-07-06 19:33:09,F1,0.0000,OK
2026-07-06 19:33:19,F1,0.0000,OK
2026-07-06 19:33:30,F1,0.0000,OK
2026-07-06 19:33:40,F1,0.0000,OK
2026-07-06 19:33:50,F1,0.0000,OK
2026-07-06 19:34:01,F1,0.0000,OK
2026-07-06 19:34:11,F1,0.0000,OK
2026-07-06 19:34:21,F1,0.0000,OK
2026-07-06 19:34:32,F1,0.0000,OK
2026-07-06 19:34:42,F1,0.0000,OK
2026-07-06 19:34:52,F1,0.0000,OK
2026-07-06 19:35:03,F1,0.0000,OK
2026-07-06 19:35:13,F1,0.0000,OK
2026-07-06 19:35:23,F1,0.0000,OK
2026-07-06 19:35:34,F1,0.0000,OK
2026-07-06 19:35:44,F1,0.0000,OK
2026-07-06 19:35:54,F1,0.0000,OK
2026-07-06 19:36:04,F1,0.0000,OK
2026-07-06 19:36:15,F1,0.0000,OK
2026-07-06 19:36:25,F1,0.0000,OK
2026-07-06 19:36:35,F1,0.0000,OK
2026-07-06 19:36:46,F1,0.0000,OK
2026-07-06 19:36:56,F1,0.0000,OK
2026-07-06 19:37:06,F1,0.0000,OK
2026-07-06 19:37:17,F1,0.0000,OK
2026-07-06 19:37:27,F1,0.0000,OK
2026-07-06 19:37:37,F1,0.0000,OK
2026-07-06 19:37:48,F1,0.0000,OK
2026-07-06 19:37:58,F1,0.0000,OK
2026-07-06 19:38:08,F1,0.0000,OK
2026-07-06 19:38:18,F1,0.0000,OK
2026-07-06 19:38:29,F1,0.0000,OK
2026-07-06 19:38:39,F1,0.0000,OK
2026-07-06 19:38:49,F1,0.0000,OK
2026-07-06 19:39:00,F1,0.0000,OK
2026-07-06 19:39:10,F1,0.0000,OK
2026-07-06 19:39:20,F1,0.0000,OK
2026-07-06 19:39:31,F1,0.0000,OK
2026-07-06 19:39:41,F1,0.0000,OK
2026-07-06 19:39:51,F1,0.0000,OK
2026-07-06 19:40:02,F1,0.0000,OK
2026-07-06 19:40:12,F1,0.0000,OK
2026-07-06 19:40:22,F1,0.0000,OK
2026-07-06 19:40:33,F1,0.0000,OK
2026-07-06 19:40:43,F1,0.0000,OK
2026-07-06 19:40:53,F1,0.0000,OK
2026-07-06 19:41:03,F1,0.0000,OK
2026-07-06 19:41:14,F1,0.0000,OK
2026-07-06 19:41:24,F1,0.0000,OK
2026-07-06 19:41:34,F1,0.0000,OK
2026-07-06 19:41:45,F1,0.0000,OK
2026-07-06 19:41:55,F1,0.0000,OK
2026-07-06 19:42:05,F1,0.0000,OK
2026-07-06 19:42:16,F1,0.0000,OK
2026-07-06 19:42:26,F1,0.0000,OK
2026-07-06 19:42:36,F1,0.0000,OK
2026-07-06 19:42:47,F1,0.0000,OK
2026-07-06 19:42:57,F1,0.0000,OK
2026-07-06 19:43:07,F1,0.0000,OK
2026-07-06 19:43:18,F1,0.0000,OK
2026-07-06 19:43:28,F1,0.0000,OK
2026-07-06 19:43:38,F1,0.0000,OK
2026-07-06 19:43:49,F1,0.0000,OK
2026-07-06 19:43:59,F1,0.0000,OK
2026-07-06 19:44:09,F1,0.0000,OK
2026-07-06 19:44:19,F1,0.0000,OK
2026-07-06 19:44:30,F1,0.0000,OK
2026-07-06 19:44:40,F1,0.0000,OK
2026-07-06 19:44:50,F1,0.0000,OK
2026-07-06 19:45:01,F1,0.0000,OK
2026-07-06 19:45:11,F1,0.0000,OK
2026-07-06 19:45:21,F1,0.0000,OK
2026-07-06 19:45:32,F1,0.0000,OK
2026-07-06 19:45:42,F1,0.0000,OK
2026-07-06 19:45:52,F1,0.0000,OK
2026-07-06 19:46:02,F1,0.0000,OK
2026-07-06 19:46:13,F1,0.0000,OK
2026-07-06 19:46:23,F1,0.0000,OK
2026-07-06 19:46:33,F1,0.0000,OK
2026-07-06 19:46:44,F1,0.0000,OK
2026-07-06 19:46:54,F1,0.0000,OK
2026-07-06 19:47:04,F1,0.0000,OK
2026-07-06 19:47:15,F1,0.0000,OK
2026-07-06 19:47:25,F1,0.0000,OK
2026-07-06 19:47:35,F1,0.0000,OK
2026-07-06 19:47:46,F1,0.0000,OK
2026-07-06 19:47:56,F1,0.0000,OK
2026-07-06 19:48:06,F1,0.0000,OK
2026-07-06 19:48:17,F1,0.0000,OK
2026-07-06 19:48:27,F1,0.0000,OK
2026-07-06 19:48:37,F1,0.0000,OK
2026-07-06 19:48:48,F1,0.0000,OK
2026-07-06 19:48:58,F1,0.0000,OK
2026-07-06 19:49:08,F1,0.0000,OK
2026-07-06 19:49:18,F1,0.0000,OK
2026-07-06 19:49:29,F1,0.0000,OK
2026-07-06 19:49:39,F1,0.0000,OK
2026-07-06 19:49:49,F1,0.0000,OK
2026-07-06 19:50:00,F1,0.0000,OK
2026-07-06 19:50:10,F1,0.0000,OK
2026-07-06 19:50:20,F1,0.0000,OK
2026-07-06 19:50:30,F1,0.0000,OK
2026-07-06 19:50:41,F1,0.0000,OK
2026-07-06 19:50:51,F1,0.0000,OK
2026-07-06 19:51:01,F1,0.0000,OK
2026-07-06 19:51:12,F1,0.0000,OK
2026-07-06 19:51:22,F1,0.0000,OK
2026-07-06 19:51:32,F1,0.0000,OK
2026-07-06 19:51:42,F1,0.0000,OK
2026-07-06 19:51:53,F1,0.0000,OK
2026-07-06 19:52:03,F1,0.0000,OK
2026-07-06 19:52:13,F1,0.0000,OK
2026-07-06 19:52:24,F1,0.0000,OK
2026-07-06 19:52:34,F1,0.0000,OK
2026-07-06 19:52:44,F1,0.0000,OK
2026-07-06 19:52:55,F1,0.0000,OK
2026-07-06 19:53:05,F1,0.0000,OK
2026-07-06 19:53:15,F1,0.0000,OK
2026-07-06 19:53:26,F1,0.0000,OK
2026-07-06 19:53:36,F1,0.0000,OK
2026-07-06 19:53:46,F1,0.0000,OK
2026-07-06 19:53:57,F1,0.0000,OK
2026-07-06 19:54:07,F1,0.0000,OK
2026-07-06 19:54:17,F1,0.0000,OK
2026-07-06 19:54:27,F1,0.0000,OK
2026-07-06 19:54:38,F1,0.0000,OK
2026-07-06 19:54:48,F1,0.0000,OK
2026-07-06 19:54:58,F1,0.0000,OK
2026-07-06 19:55:09,F1,0.0000,OK
2026-07-06 19:55:19,F1,0.0000,OK
2026-07-06 19:55:29,F1,0.0000,OK
2026-07-06 19:55:40,F1,0.0000,OK
2026-07-06 19:55:50,F1,0.0000,OK
2026-07-06 19:56:00,F1,0.0000,OK
2026-07-06 19:56:11,F1,0.0000,OK
2026-07-06 19:56:21,F1,0.0000,OK
2026-07-06 19:56:31,F1,0.0000,OK
2026-07-06 19:56:41,F1,0.0000,OK
2026-07-06 19:56:52,F1,0.0000,OK
2026-07-06 19:57:02,F1,0.0000,OK
2026-07-06 19:57:12,F1,0.0000,OK
2026-07-06 19:57:23,F1,0.0000,OK
2026-07-06 19:57:33,F1,0.0000,OK
2026-07-06 19:57:43,F1,0.0000,OK
2026-07-06 19:57:54,F1,0.0000,OK
2026-07-06 19:58:04,F1,0.0000,OK
2026-07-06 19:58:14,F1,0.0000,OK
2026-07-06 19:58:25,F1,0.0000,OK
2026-07-06 19:58:35,F1,0.0000,OK
2026-07-06 19:58:45,F1,0.0000,OK
2026-07-06 19:58:56,F1,0.0000,OK
2026-07-06 19:59:06,F1,0.0000,OK
2026-07-06 19:59:16,F1,0.0000,OK
2026-07-06 19:59:26,F1,0.0000,OK
2026-07-06 19:59:37,F1,0.0000,OK
2026-07-06 19:59:47,F1,0.0000,OK
2026-07-06 19:59:57,F1,0.0000,OK
2026-07-06 20:00:08,F1,0.0000,OK
2026-07-06 20:00:18,F1,0.0000,OK
2026-07-06 20:00:28,F1,0.0000,OK
2026-07-06 20:00:39,F1,0.0000,OK
2026-07-06 20:00:49,F1,0.0000,OK
2026-07-06 20:00:59,F1,0.0000,OK
2026-07-06 20:01:10,F1,0.0000,OK
2026-07-06 20:01:20,F1,0.0000,OK
2026-07-06 20:01:30,F1,0.0000,OK
2026-07-06 20:01:40,F1,0.0000,OK
2026-07-06 20:01:51,F1,0.0000,OK
2026-07-06 20:02:01,F1,0.0000,OK
2026-07-06 20:02:11,F1,0.0000,OK
2026-07-06 20:02:22,F1,0.0000,OK
2026-07-06 20:02:32,F1,0.0000,OK
2026-07-06 20:02:42,F1,0.0000,OK
2026-07-06 20:02:53,F1,0.0000,OK
2026-07-06 20:03:03,F1,0.0000,OK
2026-07-06 20:03:13,F1,0.0000,OK
2026-07-06 20:03:24,F1,0.0000,OK
2026-07-06 20:03:34,F1,0.0000,OK
2026-07-06 20:03:44,F1,0.0000,OK
2026-07-06 20:03:55,F1,0.0000,OK
2026-07-06 20:04:05,F1,0.0000,OK
2026-07-06 20:04:15,F1,0.0000,OK
2026-07-06 20:04:25,F1,0.0000,OK
2026-07-06 20:04:36,F1,0.0000,OK
2026-07-06 20:04:46,F1,0.0000,OK
2026-07-06 20:04:56,F1,0.0000,OK
2026-07-06 20:05:07,F1,0.0000,OK
2026-07-06 20:05:17,F1,0.0000,OK
2026-07-06 20:05:27,F1,0.0000,OK
2026-07-06 20:05:38,F1,0.0000,OK
2026-07-06 20:05:48,F1,0.0000,OK
2026-07-06 20:05:58,F1,0.0000,OK
2026-07-06 20:06:08,F1,0.0000,OK
2026-07-06 20:06:19,F1,0.0000,OK
2026-07-06 20:06:29,F1,0.0000,OK
2026-07-06 20:06:39,F1,0.0000,OK
2026-07-06 20:06:50,F1,0.0000,OK
2026-07-06 20:07:00,F1,0.0000,OK
2026-07-06 20:07:10,F1,0.0000,OK
2026-07-06 20:07:21,F1,0.0000,OK
2026-07-06 20:07:31,F1,0.0000,OK
2026-07-06 20:07:41,F1,0.0000,OK
2026-07-06 20:07:51,F1,0.0000,OK
2026-07-06 20:08:02,F1,0.0000,OK
2026-07-06 20:08:12,F1,0.0000,OK
2026-07-06 20:08:22,F1,0.0000,OK
2026-07-06 20:08:33,F1,0.0000,OK
2026-07-06 20:08:43,F1,0.0000,OK
2026-07-06 20:08:53,F1,0.0000,OK
2026-07-06 20:09:04,F1,0.0000,OK
2026-07-06 20:09:14,F1,0.0000,OK
2026-07-06 20:09:24,F1,0.0000,OK
2026-07-06 20:09:35,F1,0.0000,OK
2026-07-06 20:09:45,F1,0.0000,OK
2026-07-06 20:09:55,F1,0.0000,OK
2026-07-06 20:10:06,F1,0.0000,OK
2026-07-06 20:10:16,F1,0.0000,OK
2026-07-06 20:10:26,F1,0.0000,OK
2026-07-06 20:10:37,F1,0.0000,OK
2026-07-06 20:10:47,F1,0.0000,OK
2026-07-06 20:10:57,F1,0.0000,OK
2026-07-06 20:11:08,F1,0.0000,OK
2026-07-06 20:11:18,F1,0.0000,OK
2026-07-06 20:11:28,F1,0.0000,OK
2026-07-06 20:11:39,F1,0.0000,OK
2026-07-06 20:11:49,F1,0.0000,OK
2026-07-06 20:11:59,F1,0.0000,OK
2026-07-06 20:12:10,F1,0.0000,OK
2026-07-06 20:12:20,F1,0.0000,OK
2026-07-06 20:12:30,F1,0.0000,OK
2026-07-06 20:12:41,F1,0.0000,OK
2026-07-06 20:12:51,F1,0.0000,OK
2026-07-06 20:13:01,F1,0.0000,OK
2026-07-06 20:13:12,F1,0.0000,OK
2026-07-06 20:13:22,F1,0.0000,OK
2026-07-06 20:13:32,F1,0.0000,OK
2026-07-06 20:13:43,F1,0.0000,OK
2026-07-06 20:13:53,F1,0.0000,OK
2026-07-06 20:14:03,F1,0.0000,OK
2026-07-06 20:14:13,F1,0.0000,OK
2026-07-06 20:14:24,F1,0.0000,OK
2026-07-06 20:14:34,F1,0.0000,OK
2026-07-06 20:14:44,F1,0.0000,OK
2026-07-06 20:14:55,F1,0.0000,OK
2026-07-06 20:15:05,F1,0.0000,OK
2026-07-06 20:15:15,F1,0.0000,OK
2026-07-06 20:15:26,F1,0.0000,OK
2026-07-06 20:15:36,F1,0.0000,OK
2026-07-06 20:15:46,F1,0.0000,OK
2026-07-06 20:15:57,F1,0.0000,OK
2026-07-06 20:16:07,F1,0.0000,OK
2026-07-06 20:16:17,F1,0.0000,OK
2026-07-06 20:16:27,F1,0.0000,OK
2026-07-06 20:16:38,F1,0.0000,OK
2026-07-06 20:16:48,F1,0.0000,OK
2026-07-06 20:16:58,F1,0.0000,OK
2026-07-06 20:17:09,F1,0.0000,OK
2026-07-06 20:17:19,F1,0.0000,OK
2026-07-06 20:17:29,F1,0.0000,OK
2026-07-06 20:17:40,F1,0.0000,OK
2026-07-06 20:17:50,F1,0.0000,OK
2026-07-06 20:18:00,F1,0.0000,OK
2026-07-06 20:18:11,F1,0.0000,OK
2026-07-06 20:18:21,F1,0.0000,OK
2026-07-06 20:18:31,F1,0.0000,OK
2026-07-06 20:18:41,F1,0.0000,OK
2026-07-06 20:18:52,F1,0.0000,OK
2026-07-06 20:19:02,F1,0.0000,OK
2026-07-06 20:19:12,F1,0.0000,OK
2026-07-06 20:19:23,F1,0.0000,OK
2026-07-06 20:19:33,F1,0.0000,OK
2026-07-06 20:19:43,F1,0.0000,OK
2026-07-06 20:19:54,F1,0.0000,OK
2026-07-06 20:20:04,F1,0.0000,OK
2026-07-06 20:20:14,F1,0.0000,OK
2026-07-06 20:20:25,F1,0.0000,OK
2026-07-06 20:20:35,F1,0.0000,OK
2026-07-06 20:20:45,F1,0.0000,OK
2026-07-06 20:20:56,F1,0.0000,OK
2026-07-06 20:21:06,F1,0.0000,OK
2026-07-06 20:21:16,F1,0.0000,OK
2026-07-06 20:21:27,F1,0.0000,OK
2026-07-06 20:21:37,F1,0.0000,OK
2026-07-06 20:21:47,F1,0.0000,OK
2026-07-06 20:21:57,F1,0.0000,OK
2026-07-06 20:22:08,F1,0.0000,OK
2026-07-06 20:22:18,F1,0.0000,OK
2026-07-06 20:22:28,F1,0.0000,OK
2026-07-06 20:22:39,F1,0.0000,OK
2026-07-06 20:22:49,F1,0.0000,OK
2026-07-06 20:22:59,F1,0.0000,OK
2026-07-06 20:23:10,F1,0.0000,OK
2026-07-06 20:23:20,F1,0.0000,OK
2026-07-06 20:23:30,F1,0.0000,OK
2026-07-06 20:23:41,F1,0.0000,OK
2026-07-06 20:23:51,F1,0.0000,OK
2026-07-06 20:24:01,F1,0.0000,OK
2026-07-06 20:24:12,F1,0.0000,OK
2026-07-06 20:24:22,F1,0.0000,OK
2026-07-06 20:24:32,F1,0.0000,OK
2026-07-06 20:24:43,F1,0.0000,OK
2026-07-06 20:24:53,F1,0.0000,OK
2026-07-06 20:25:03,F1,0.0000,OK
2026-07-06 20:25:14,F1,0.0000,OK
2026-07-06 20:25:24,F1,0.0000,OK
2026-07-06 20:25:34,F1,0.0000,OK
2026-07-06 20:25:44,F1,0.0000,OK
2026-07-06 20:25:55,F1,0.0000,OK
2026-07-06 20:26:05,F1,0.0000,OK
2026-07-06 20:26:15,F1,0.0000,OK
2026-07-06 20:26:26,F1,0.0000,OK
2026-07-06 20:26:36,F1,0.0000,OK
2026-07-06 20:26:46,F1,0.0000,OK
2026-07-06 20:26:57,F1,0.0000,OK
2026-07-06 20:27:07,F1,0.0000,OK
2026-07-06 20:27:17,F1,0.0000,OK
2026-07-06 20:27:28,F1,0.0000,OK
2026-07-06 20:27:38,F1,0.0000,OK
2026-07-06 20:27:48,F1,0.0000,OK
2026-07-06 20:27:59,F1,0.0000,OK
2026-07-06 20:28:09,F1,0.0000,OK
2026-07-06 20:28:19,F1,0.0000,OK
2026-07-06 20:28:30,F1,0.0000,OK
2026-07-06 20:28:40,F1,0.0000,OK
2026-07-06 20:28:50,F1,0.0000,OK
2026-07-06 20:29:01,F1,0.0000,OK
2026-07-06 20:29:11,F1,0.0000,OK
2026-07-06 20:29:21,F1,0.0000,OK
2026-07-06 20:29:31,F1,0.0000,OK
2026-07-06 20:29:42,F1,0.0000,OK
2026-07-06 20:29:52,F1,0.0000,OK
2026-07-06 20:30:02,F1,0.0000,OK
2026-07-06 20:30:13,F1,0.0000,OK
2026-07-06 20:30:23,F1,0.0000,OK
2026-07-06 20:30:33,F1,0.0000,OK
2026-07-06 20:30:44,F1,0.0000,OK
2026-07-06 20:30:54,F1,0.0000,OK
2026-07-06 20:31:04,F1,0.0000,OK
2026-07-06 20:31:15,F1,0.0000,OK
2026-07-06 20:31:25,F1,0.0000,OK
2026-07-06 20:31:35,F1,0.0000,OK
2026-07-06 20:31:46,F1,0.0000,OK
2026-07-06 20:31:56,F1,0.0000,OK
2026-07-06 20:32:06,F1,0.0000,OK
2026-07-06 20:32:17,F1,0.0000,OK
2026-07-06 20:32:27,F1,0.0000,OK
2026-07-06 20:32:37,F1,0.0000,OK
2026-07-06 20:32:47,F1,0.0000,OK
2026-07-06 20:32:58,F1,0.0000,OK
2026-07-06 20:33:08,F1,0.0000,OK
2026-07-06 20:33:18,F1,0.0000,OK
2026-07-06 20:33:29,F1,0.0000,OK
2026-07-06 20:33:39,F1,0.0000,OK
2026-07-06 20:33:49,F1,0.0000,OK
2026-07-06 20:34:00,F1,0.0000,OK
2026-07-06 20:34:10,F1,0.0000,OK
2026-07-06 20:34:20,F1,0.0000,OK
2026-07-06 20:34:30,F1,0.0000,OK
2026-07-06 20:34:41,F1,0.0000,OK
2026-07-06 20:34:51,F1,0.0000,OK
2026-07-06 20:35:01,F1,0.0000,OK
2026-07-06 20:35:12,F1,0.0000,OK
2026-07-06 20:35:22,F1,0.0000,OK
2026-07-06 20:35:32,F1,0.0000,OK
2026-07-06 20:35:43,F1,0.0000,OK
2026-07-06 20:35:53,F1,0.0000,OK
2026-07-06 20:36:03,F1,0.0000,OK
2026-07-06 20:36:14,F1,0.0000,OK
2026-07-06 20:36:24,F1,0.0000,OK
2026-07-06 20:36:34,F1,0.0000,OK
2026-07-06 20:36:44,F1,0.0000,OK
2026-07-06 20:36:55,F1,0.0000,OK
2026-07-06 20:37:05,F1,0.0000,OK
2026-07-06 20:37:15,F1,0.0000,OK
2026-07-06 20:37:26,F1,0.0000,OK
2026-07-06 20:37:36,F1,0.0000,OK
2026-07-06 20:37:46,F1,0.0000,OK
2026-07-06 20:37:57,F1,0.0000,OK
2026-07-06 20:38:07,F1,0.0000,OK
2026-07-06 20:38:17,F1,0.0000,OK
2026-07-06 20:38:27,F1,0.0000,OK
2026-07-06 20:38:38,F1,0.0000,OK
2026-07-06 20:38:48,F1,0.0000,OK
2026-07-06 20:38:58,F1,0.0000,OK
2026-07-06 20:39:09,F1,0.0000,OK
2026-07-06 20:39:19,F1,0.0000,OK
2026-07-06 20:39:29,F1,0.0000,OK
2026-07-06 20:39:40,F1,0.0000,OK
2026-07-06 20:39:50,F1,0.0000,OK
2026-07-06 20:40:00,F1,0.0000,OK
2026-07-06 20:40:11,F1,0.0000,OK
2026-07-06 20:40:21,F1,0.0000,OK
2026-07-06 20:40:31,F1,0.0000,OK
2026-07-06 20:40:41,F1,0.0000,OK
2026-07-06 20:40:52,F1,0.0000,OK
2026-07-06 20:41:02,F1,0.0000,OK
2026-07-06 20:41:12,F1,0.0000,OK
2026-07-06 20:41:23,F1,0.0000,OK
2026-07-06 20:41:33,F1,0.0000,OK
2026-07-06 20:41:43,F1,0.0000,OK
2026-07-06 20:41:54,F1,0.0000,OK
2026-07-06 20:42:04,F1,0.0000,OK
2026-07-06 20:42:14,F1,0.0000,OK
2026-07-06 20:42:25,F1,0.0000,OK
2026-07-06 20:42:35,F1,0.0000,OK
2026-07-06 20:42:45,F1,0.0000,OK
2026-07-06 20:42:55,F1,0.0000,OK
2026-07-06 20:43:06,F1,0.0000,OK
2026-07-06 20:43:16,F1,0.0000,OK
2026-07-06 20:43:26,F1,0.0000,OK
2026-07-06 20:43:37,F1,0.0000,OK
2026-07-06 20:43:47,F1,0.0000,OK
2026-07-06 20:43:57,F1,0.0000,OK
2026-07-06 20:44:08,F1,0.0000,OK
2026-07-06 20:44:18,F1,0.0000,OK
2026-07-06 20:44:28,F1,0.0000,OK
2026-07-06 20:44:39,F1,0.0000,OK
2026-07-06 20:44:49,F1,0.0000,OK
2026-07-06 20:44:59,F1,0.0000,OK
2026-07-06 20:45:10,F1,0.0000,OK
2026-07-06 20:45:20,F1,0.0000,OK
2026-07-06 20:45:30,F1,0.0000,OK
2026-07-06 20:45:41,F1,0.0000,OK
2026-07-06 20:45:51,F1,0.0000,OK
2026-07-06 20:46:01,F1,0.0000,OK
2026-07-06 20:46:12,F1,0.0000,OK
2026-07-06 20:46:22,F1,0.0000,OK
2026-07-06 20:46:32,F1,0.0000,OK
2026-07-06 20:46:43,F1,0.0000,OK
2026-07-06 20:46:53,F1,0.0000,OK
2026-07-06 20:47:03,F1,0.0000,OK
2026-07-06 20:47:14,F1,0.0000,OK
2026-07-06 20:47:24,F1,0.0000,OK
2026-07-06 20:47:34,F1,0.0000,OK
2026-07-06 20:47:44,F1,0.0000,OK
2026-07-06 20:47:55,F1,0.0000,OK
2026-07-06 20:48:05,F1,0.0000,OK
2026-07-06 20:48:15,F1,0.0000,OK
2026-07-06 20:48:26,F1,0.0000,OK
2026-07-06 20:48:36,F1,0.0000,OK
2026-07-06 20:48:46,F1,0.0000,OK
2026-07-06 20:48:57,F1,0.0000,OK
2026-07-06 20:49:07,F1,0.0000,OK
2026-07-06 20:49:17,F1,0.0000,OK
2026-07-06 20:49:27,F1,0.0000,OK
2026-07-06 20:49:38,F1,0.0000,OK
2026-07-06 20:49:48,F1,0.0000,OK
2026-07-06 20:49:58,F1,0.0000,OK
2026-07-06 20:50:09,F1,0.0000,OK
2026-07-06 20:50:19,F1,0.0000,OK
2026-07-06 20:50:29,F1,0.0000,OK
2026-07-06 20:50:40,F1,0.0000,OK
2026-07-06 20:50:50,F1,0.0000,OK
2026-07-06 20:51:00,F1,0.0000,OK
2026-07-06 20:51:11,F1,0.0000,OK
2026-07-06 20:51:21,F1,0.0000,OK
2026-07-06 20:51:31,F1,0.0000,OK
2026-07-06 20:51:42,F1,0.0000,OK
2026-07-06 20:51:52,F1,0.0000,OK
2026-07-06 20:52:02,F1,0.0000,OK
2026-07-06 20:52:12,F1,0.0000,OK
2026-07-06 20:52:23,F1,0.0000,OK
2026-07-06 20:52:33,F1,0.0000,OK
2026-07-06 20:52:43,F1,0.0000,OK
2026-07-06 20:52:54,F1,0.0000,OK
2026-07-06 20:53:04,F1,0.0000,OK
2026-07-06 20:53:14,F1,0.0000,OK
2026-07-06 20:53:25,F1,0.0000,OK
2026-07-06 20:53:35,F1,0.0000,OK
2026-07-06 20:53:45,F1,0.0000,OK
2026-07-06 20:53:56,F1,0.0000,OK
2026-07-06 20:54:06,F1,0.0000,OK
2026-07-06 20:54:16,F1,0.0000,OK
2026-07-06 20:54:26,F1,0.0000,OK
2026-07-06 20:54:37,F1,0.0000,OK
2026-07-06 20:54:47,F1,0.0000,OK
2026-07-06 20:54:57,F1,0.0000,OK
2026-07-06 20:55:08,F1,0.0000,OK
2026-07-06 20:55:18,F1,0.0000,OK
2026-07-06 20:55:28,F1,0.0000,OK
2026-07-06 20:55:39,F1,0.0000,OK
2026-07-06 20:55:49,F1,0.0000,OK
2026-07-06 20:55:59,F1,0.0000,OK
2026-07-06 20:56:09,F1,0.0000,OK
2026-07-06 20:56:20,F1,0.0000,OK
2026-07-06 20:56:30,F1,0.0000,OK
2026-07-06 20:56:40,F1,0.0000,OK
2026-07-06 20:56:51,F1,0.0000,OK
2026-07-06 20:57:01,F1,0.0000,OK
2026-07-06 20:57:11,F1,0.0000,OK
2026-07-06 20:57:22,F1,0.0000,OK
2026-07-06 20:57:32,F1,0.0000,OK
2026-07-06 20:57:42,F1,0.0000,OK
2026-07-06 20:57:53,F1,0.0000,OK
2026-07-06 20:58:03,F1,0.0000,OK
2026-07-06 20:58:13,F1,0.0000,OK
2026-07-06 20:58:24,F1,0.0000,OK
2026-07-06 20:58:34,F1,0.0000,OK
2026-07-06 20:58:44,F1,0.0000,OK
2026-07-06 20:58:55,F1,0.0000,OK
2026-07-06 20:59:05,F1,0.0000,OK
2026-07-06 20:59:15,F1,0.0000,OK
2026-07-06 20:59:26,F1,0.0000,OK
2026-07-06 20:59:36,F1,0.0000,OK
2026-07-06 20:59:46,F1,0.0000,OK
2026-07-06 20:59:56,F1,0.0000,OK
2026-07-06 21:00:07,F1,0.0000,OK
2026-07-06 21:00:17,F1,0.0000,OK
2026-07-06 21:00:27,F1,0.0000,OK
2026-07-06 21:00:38,F1,0.0000,OK
2026-07-06 21:00:48,F1,0.0000,OK
2026-07-06 21:00:58,F1,0.0000,OK
2026-07-06 21:01:09,F1,0.0000,OK
2026-07-06 21:01:19,F1,0.0000,OK
2026-07-06 21:01:29,F1,0.0000,OK
2026-07-06 21:01:40,F1,0.0000,OK
2026-07-06 21:01:50,F1,0.0000,OK
2026-07-06 21:02:00,F1,0.0000,OK
2026-07-06 21:02:10,F1,0.0000,OK
2026-07-06 21:02:21,F1,0.0000,OK
2026-07-06 21:02:31,F1,0.0000,OK
2026-07-06 21:02:41,F1,0.0000,OK
2026-07-06 21:02:52,F1,0.0000,OK
2026-07-06 21:03:02,F1,0.0000,OK
2026-07-06 21:03:12,F1,0.0000,OK
2026-07-06 21:03:23,F1,0.0000,OK
2026-07-06 21:03:33,F1,0.0000,OK
2026-07-06 21:03:43,F1,0.0000,OK
2026-07-06 21:03:54,F1,0.0000,OK
2026-07-06 21:04:04,F1,0.0000,OK
2026-07-06 21:04:14,F1,0.0000,OK
2026-07-06 21:04:25,F1,0.0000,OK
2026-07-06 21:04:35,F1,0.0000,OK
2026-07-06 21:04:45,F1,0.0000,OK
2026-07-06 21:04:56,F1,0.0000,OK
2026-07-06 21:05:06,F1,0.0000,OK
2026-07-06 21:05:16,F1,0.0000,OK
2026-07-06 21:05:27,F1,0.0000,OK
2026-07-06 21:05:37,F1,0.0000,OK
2026-07-06 21:05:47,F1,0.0000,OK
2026-07-06 21:05:57,F1,0.0000,OK
2026-07-06 21:06:08,F1,0.0000,OK
2026-07-06 21:06:18,F1,0.0000,OK
2026-07-06 21:06:28,F1,0.0000,OK
2026-07-06 21:06:39,F1,0.0000,OK
2026-07-06 21:06:49,F1,0.0000,OK
2026-07-06 21:06:59,F1,0.0000,OK
2026-07-06 21:07:10,F1,0.0000,OK
2026-07-06 21:07:20,F1,0.0000,OK
2026-07-06 21:07:30,F1,0.0000,OK
2026-07-06 21:07:40,F1,0.0000,OK
2026-07-06 21:07:51,F1,0.0000,OK
2026-07-06 21:08:01,F1,0.0000,OK
2026-07-06 21:08:11,F1,0.0000,OK
2026-07-06 21:08:22,F1,0.0000,OK
2026-07-06 21:08:32,F1,0.0000,OK
2026-07-06 21:08:42,F1,0.0000,OK
2026-07-06 21:08:53,F1,0.0000,OK
2026-07-06 21:09:03,F1,0.0000,OK
2026-07-06 21:09:13,F1,0.0000,OK
2026-07-06 21:09:24,F1,0.0000,OK
2026-07-06 21:09:34,F1,0.0000,OK
2026-07-06 21:09:44,F1,0.0000,OK
2026-07-06 21:09:55,F1,0.0000,OK
2026-07-06 21:10:05,F1,0.0000,OK
2026-07-06 21:10:15,F1,0.0000,OK
2026-07-06 21:10:25,F1,0.0000,OK
2026-07-06 21:10:36,F1,0.0000,OK
2026-07-06 21:10:46,F1,0.0000,OK
2026-07-06 21:10:56,F1,0.0000,OK
2026-07-06 21:11:07,F1,0.0000,OK
2026-07-06 21:11:17,F1,0.0000,OK
2026-07-06 21:11:27,F1,0.0000,OK
2026-07-06 21:11:38,F1,0.0000,OK
2026-07-06 21:11:48,F1,0.0000,OK
2026-07-06 21:11:58,F1,0.0000,OK
2026-07-06 21:12:08,F1,0.0000,OK
2026-07-06 21:12:19,F1,0.0000,OK
2026-07-06 21:12:29,F1,0.0000,OK
2026-07-06 21:12:39,F1,0.0000,OK
2026-07-06 21:12:50,F1,0.0000,OK
2026-07-06 21:13:00,F1,0.0000,OK
2026-07-06 21:13:10,F1,0.0000,OK
2026-07-06 21:13:21,F1,0.0000,OK
2026-07-06 21:13:31,F1,0.0000,OK
2026-07-06 21:13:41,F1,0.0000,OK
2026-07-06 21:13:52,F1,0.0000,OK
2026-07-06 21:14:02,F1,0.0000,OK
2026-07-06 21:14:12,F1,0.0000,OK
2026-07-06 21:14:23,F1,0.0000,OK
2026-07-06 21:14:33,F1,0.0000,OK
2026-07-06 21:14:43,F1,0.0000,OK
2026-07-06 21:14:54,F1,0.0000,OK
2026-07-06 21:15:04,F1,0.0000,OK
2026-07-06 21:15:14,F1,0.0000,OK
2026-07-06 21:15:24,F1,0.0000,OK
2026-07-06 21:15:35,F1,0.0000,OK
2026-07-06 21:15:45,F1,0.0000,OK
2026-07-06 21:15:55,F1,0.0000,OK
2026-07-06 21:16:06,F1,0.0000,OK
2026-07-06 21:16:16,F1,0.0000,OK
2026-07-06 21:16:26,F1,0.0000,OK
2026-07-06 21:16:37,F1,0.0000,OK
2026-07-06 21:16:47,F1,0.0000,OK
2026-07-06 21:16:57,F1,0.0000,OK
2026-07-06 21:17:08,F1,0.0000,OK
2026-07-06 21:17:18,F1,0.0000,OK
2026-07-06 21:17:28,F1,0.0000,OK
2026-07-06 21:17:39,F1,0.0000,OK
2026-07-06 21:17:49,F1,0.0000,OK
2026-07-06 21:17:59,F1,0.0000,OK
2026-07-06 21:18:10,F1,0.0000,OK
2026-07-06 21:18:20,F1,0.0000,OK
2026-07-06 21:18:30,F1,0.0000,OK
2026-07-06 21:18:41,F1,0.0000,OK
2026-07-06 21:18:51,F1,0.0000,OK
2026-07-06 21:19:01,F1,0.0000,OK
2026-07-06 21:19:12,F1,0.0000,OK
2026-07-06 21:19:22,F1,0.0000,OK
2026-07-06 21:19:32,F1,0.0000,OK
2026-07-06 21:19:42,F1,0.0000,OK
2026-07-06 21:19:53,F1,0.0000,OK
2026-07-06 21:20:03,F1,0.0000,OK
2026-07-06 21:20:13,F1,0.0000,OK
2026-07-06 21:20:24,F1,0.0000,OK
2026-07-06 21:20:34,F1,0.0000,OK
2026-07-06 21:20:44,F1,0.0000,OK
2026-07-06 21:20:55,F1,0.0000,OK
2026-07-06 21:21:05,F1,0.0000,OK
2026-07-06 21:21:15,F1,0.0000,OK
2026-07-06 21:21:26,F1,0.0000,OK
2026-07-06 21:21:36,F1,0.0000,OK
2026-07-06 21:21:46,F1,0.0000,OK
2026-07-06 21:21:57,F1,0.0000,OK
2026-07-06 21:22:07,F1,0.0000,OK
2026-07-06 21:22:17,F1,0.0000,OK
2026-07-06 21:22:28,F1,0.0000,OK
2026-07-06 21:22:38,F1,0.0000,OK
2026-07-06 21:22:48,F1,0.0000,OK
2026-07-06 21:22:58,F1,0.0000,OK
2026-07-06 21:23:09,F1,0.0000,OK
2026-07-06 21:23:19,F1,0.0000,OK
2026-07-06 21:23:29,F1,0.0000,OK
2026-07-06 21:23:40,F1,0.0000,OK
2026-07-06 21:23:50,F1,0.0000,OK
2026-07-06 21:24:00,F1,0.0000,OK
2026-07-06 21:24:11,F1,0.0000,OK
2026-07-06 21:24:21,F1,0.0000,OK
2026-07-06 21:24:31,F1,0.0000,OK
2026-07-06 21:24:42,F1,0.0000,OK
2026-07-06 21:24:52,F1,0.0000,OK
2026-07-06 21:25:02,F1,0.0000,OK
2026-07-06 21:25:13,F1,0.0000,OK
2026-07-06 21:25:23,F1,0.0000,OK
2026-07-06 21:25:33,F1,0.0000,OK
2026-07-06 21:25:44,F1,0.0000,OK
2026-07-06 21:25:54,F1,0.0000,OK
2026-07-06 21:26:04,F1,0.0000,OK
2026-07-06 21:26:15,F1,0.0000,OK
2026-07-06 21:26:25,F1,0.0000,OK
2026-07-06 21:26:35,F1,0.0000,OK
2026-07-06 21:26:45,F1,0.0000,OK
2026-07-06 21:26:56,F1,0.0000,OK
2026-07-06 21:27:06,F1,0.0000,OK
2026-07-06 21:27:16,F1,0.0000,OK
2026-07-06 21:27:27,F1,0.0000,OK
2026-07-06 21:27:37,F1,0.0000,OK
2026-07-06 21:27:47,F1,0.0000,OK
2026-07-06 21:27:58,F1,0.0000,OK
2026-07-06 21:28:08,F1,0.0000,OK
2026-07-06 21:28:18,F1,0.0000,OK
2026-07-06 21:28:29,F1,0.0000,OK
2026-07-06 21:28:39,F1,0.0000,OK
2026-07-06 21:28:49,F1,0.0000,OK
2026-07-06 21:29:00,F1,0.0000,OK
2026-07-06 21:29:10,F1,0.0000,OK
2026-07-06 21:29:20,F1,0.0000,OK
2026-07-06 21:29:31,F1,0.0000,OK
2026-07-06 21:29:41,F1,0.0000,OK
2026-07-06 21:29:51,F1,0.0000,OK
2026-07-06 21:30:02,F1,0.0000,OK
2026-07-06 21:30:12,F1,0.0000,OK
2026-07-06 21:30:22,F1,0.0000,OK
2026-07-06 21:30:32,F1,0.0000,OK
2026-07-06 21:30:43,F1,0.0000,OK
2026-07-06 21:30:53,F1,0.0000,OK
2026-07-06 21:31:03,F1,0.0000,OK
2026-07-06 21:31:14,F1,0.0000,OK
2026-07-06 21:31:24,F1,0.0000,OK
2026-07-06 21:31:34,F1,0.0000,OK
2026-07-06 21:31:45,F1,0.0000,OK
2026-07-06 21:31:55,F1,0.0000,OK
2026-07-06 21:32:05,F1,0.0000,OK
2026-07-06 21:32:15,F1,0.0000,OK
2026-07-06 21:32:26,F1,0.0000,OK
2026-07-06 21:32:36,F1,0.0000,OK
2026-07-06 21:32:46,F1,0.0000,OK
2026-07-06 21:32:57,F1,0.0000,OK
2026-07-06 21:33:07,F1,0.0000,OK
2026-07-06 21:33:17,F1,0.0000,OK
2026-07-06 21:33:28,F1,0.0000,OK
2026-07-06 21:33:38,F1,0.0000,OK
2026-07-06 21:33:48,F1,0.0000,OK
2026-07-06 21:33:59,F1,0.0000,OK
2026-07-06 21:34:09,F1,0.0000,OK
2026-07-06 21:34:19,F1,0.0000,OK
2026-07-06 21:34:30,F1,0.0000,OK
2026-07-06 21:34:40,F1,0.0000,OK
2026-07-06 21:34:50,F1,0.0000,OK
2026-07-06 21:35:00,F1,0.0000,OK
2026-07-06 21:35:11,F1,0.0000,OK
2026-07-06 21:35:21,F1,0.0000,OK
2026-07-06 21:35:31,F1,0.0000,OK
2026-07-06 21:35:42,F1,0.0000,OK
2026-07-06 21:35:52,F1,0.0000,OK
2026-07-06 21:36:02,F1,0.0000,OK
2026-07-06 21:36:13,F1,0.0000,OK
2026-07-06 21:36:23,F1,0.0000,OK
2026-07-06 21:36:33,F1,0.0000,OK
2026-07-06 21:36:43,F1,0.0000,OK
2026-07-06 21:36:54,F1,0.0000,OK
2026-07-06 21:37:04,F1,0.0000,OK
2026-07-06 21:37:14,F1,0.0000,OK
2026-07-06 21:37:25,F1,0.0000,OK
2026-07-06 21:37:35,F1,0.0000,OK
2026-07-06 21:37:45,F1,0.0000,OK
2026-07-06 21:37:56,F1,0.0000,OK
2026-07-06 21:38:06,F1,0.0000,OK
2026-07-06 21:38:16,F1,0.0000,OK
2026-07-06 21:38:27,F1,0.0000,OK
2026-07-06 21:38:37,F1,0.0000,OK
2026-07-06 21:38:47,F1,0.0000,OK
2026-07-06 21:38:58,F1,0.0000,OK
2026-07-06 21:39:08,F1,0.0000,OK
2026-07-06 21:39:18,F1,0.0000,OK
2026-07-06 21:39:29,F1,0.0000,OK
2026-07-06 21:39:39,F1,0.0000,OK
2026-07-06 21:39:49,F1,0.0000,OK
2026-07-06 21:40:00,F1,0.0000,OK
2026-07-06 21:40:10,F1,0.0000,OK
2026-07-06 21:40:20,F1,0.0000,OK
2026-07-06 21:40:30,F1,0.0000,OK
2026-07-06 21:40:41,F1,0.0000,OK
2026-07-06 21:40:51,F1,0.0000,OK
2026-07-06 21:41:01,F1,0.0000,OK
2026-07-06 21:41:12,F1,0.0000,OK
2026-07-06 21:41:22,F1,0.0000,OK
2026-07-06 21:41:32,F1,0.0000,OK
2026-07-06 21:41:43,F1,0.0000,OK
2026-07-06 21:41:53,F1,0.0000,OK
2026-07-06 21:42:03,F1,0.0000,OK
2026-07-06 21:42:14,F1,0.0000,OK
2026-07-06 21:42:24,F1,0.0000,OK
2026-07-06 21:42:34,F1,0.0000,OK
2026-07-06 21:42:45,F1,0.0000,OK
2026-07-06 21:42:55,F1,0.0000,OK
2026-07-06 21:43:05,F1,0.0000,OK
2026-07-06 21:43:16,F1,0.0000,OK
2026-07-06 21:43:26,F1,0.0000,OK
2026-07-06 21:43:36,F1,0.0000,OK
2026-07-06 21:43:47,F1,0.0000,OK
2026-07-06 21:43:57,F1,0.0000,OK
2026-07-06 21:44:07,F1,0.0000,OK
2026-07-06 21:44:17,F1,0.0000,OK
2026-07-06 21:44:28,F1,0.0000,OK
2026-07-06 21:44:38,F1,0.0000,OK
2026-07-06 21:44:48,F1,0.0000,OK
2026-07-06 21:44:59,F1,0.0000,OK
2026-07-06 21:45:09,F1,0.0000,OK
2026-07-06 21:45:19,F1,0.0000,OK
2026-07-06 21:45:30,F1,0.0000,OK
2026-07-06 21:45:40,F1,0.0000,OK
2026-07-06 21:45:50,F1,0.0000,OK
2026-07-06 21:46:01,F1,0.0000,OK
2026-07-06 21:46:11,F1,0.0000,OK
2026-07-06 21:46:21,F1,0.0000,OK
2026-07-06 21:46:32,F1,0.0000,OK
2026-07-06 21:46:42,F1,0.0000,OK
2026-07-06 21:46:52,F1,0.0000,OK
2026-07-06 21:47:02,F1,0.0000,OK
2026-07-06 21:47:13,F1,0.0000,OK
2026-07-06 21:47:23,F1,0.0000,OK
2026-07-06 21:47:33,F1,0.0000,OK
2026-07-06 21:47:44,F1,0.0000,OK
2026-07-06 21:47:54,F1,0.0000,OK
2026-07-06 21:48:04,F1,0.0000,OK
2026-07-06 21:48:15,F1,0.0000,OK
2026-07-06 21:48:25,F1,0.0000,OK
2026-07-06 21:48:35,F1,0.0000,OK
2026-07-06 21:48:46,F1,0.0000,OK
2026-07-06 21:48:56,F1,0.0000,OK
2026-07-06 21:49:06,F1,0.0000,OK
2026-07-06 21:49:17,F1,0.0000,OK
2026-07-06 21:49:27,F1,0.0000,OK
2026-07-06 21:49:37,F1,0.0000,OK
2026-07-06 21:49:47,F1,0.0000,OK
2026-07-06 21:49:58,F1,0.0000,OK
2026-07-06 21:50:08,F1,0.0000,OK
2026-07-06 21:50:18,F1,0.0000,OK
2026-07-06 21:50:29,F1,0.0000,OK
2026-07-06 21:50:39,F1,0.0000,OK
2026-07-06 21:50:49,F1,0.0000,OK
2026-07-06 21:51:00,F1,0.0000,OK
2026-07-06 21:51:10,F1,0.0000,OK
2026-07-06 21:51:20,F1,0.0000,OK
2026-07-06 21:51:31,F1,0.0000,OK
2026-07-06 21:51:41,F1,0.0000,OK
2026-07-06 21:51:51,F1,0.0000,OK
2026-07-06 21:52:02,F1,0.0000,OK
2026-07-06 21:52:12,F1,0.0000,OK
2026-07-06 21:52:22,F1,0.0000,OK
2026-07-06 21:52:32,F1,0.0000,OK
2026-07-06 21:52:43,F1,0.0000,OK
2026-07-06 21:52:53,F1,0.0000,OK
2026-07-06 21:53:03,F1,0.0000,OK
2026-07-06 21:53:14,F1,0.0000,OK
2026-07-06 21:53:24,F1,0.0000,OK
2026-07-06 21:53:34,F1,0.0000,OK
2026-07-06 21:53:45,F1,0.0000,OK
2026-07-06 21:53:55,F1,0.0000,OK
2026-07-06 21:54:05,F1,0.0000,OK
2026-07-06 21:54:16,F1,0.0000,OK
2026-07-06 21:54:26,F1,0.0000,OK
2026-07-06 21:54:36,F1,0.0000,OK
2026-07-06 21:54:47,F1,0.0000,OK
2026-07-06 21:54:57,F1,0.0000,OK
2026-07-06 21:55:07,F1,0.0000,OK
2026-07-06 21:55:17,F1,0.0000,OK
2026-07-06 21:55:28,F1,0.0000,OK
2026-07-06 21:55:38,F1,0.0000,OK
2026-07-06 21:55:48,F1,0.0000,OK
2026-07-06 21:55:59,F1,0.0000,OK
2026-07-06 21:56:09,F1,0.0000,OK
2026-07-06 21:56:19,F1,0.0000,OK
2026-07-06 21:56:30,F1,0.0000,OK
2026-07-06 21:56:40,F1,0.0000,OK
2026-07-06 21:56:50,F1,0.0000,OK
2026-07-06 21:57:01,F1,0.0000,OK
2026-07-06 21:57:11,F1,0.0000,OK
2026-07-06 21:57:21,F1,0.0000,OK
2026-07-06 21:57:31,F1,0.0000,OK
2026-07-06 21:57:42,F1,0.0000,OK
2026-07-06 21:57:52,F1,0.0000,OK
2026-07-06 21:58:02,F1,0.0000,OK
2026-07-06 21:58:13,F1,0.0000,OK
2026-07-06 21:58:23,F1,0.0000,OK
2026-07-06 21:58:33,F1,0.0000,OK
2026-07-06 21:58:44,F1,0.0000,OK
2026-07-06 21:58:54,F1,0.0000,OK
2026-07-06 21:59:04,F1,0.0000,OK
2026-07-06 21:59:15,F1,0.0000,OK
2026-07-06 21:59:25,F1,0.0000,OK
2026-07-06 21:59:35,F1,0.0000,OK
2026-07-06 21:59:46,F1,0.0000,OK
2026-07-06 21:59:56,F1,0.0000,OK
2026-07-06 22:00:06,F1,0.0000,OK
2026-07-06 22:00:17,F1,0.0000,OK
2026-07-06 22:00:27,F1,0.0000,OK
2026-07-06 22:00:37,F1,0.0000,OK
2026-07-06 22:00:48,F1,0.0000,OK
2026-07-06 22:00:58,F1,0.0000,OK
2026-07-06 22:01:08,F1,0.0000,OK
2026-07-06 22:01:19,F1,0.0000,OK
2026-07-06 22:01:29,F1,0.0000,OK
2026-07-06 22:01:39,F1,0.0000,OK
2026-07-06 22:01:50,F1,0.0000,OK
2026-07-06 22:02:00,F1,0.0000,OK
2026-07-06 22:02:10,F1,0.0000,OK
2026-07-06 22:02:20,F1,0.0000,OK
2026-07-06 22:02:31,F1,0.0000,OK
2026-07-06 22:02:41,F1,0.0000,OK
2026-07-06 22:02:51,F1,0.0000,OK
2026-07-06 22:03:02,F1,0.0000,OK
2026-07-06 22:03:12,F1,0.0000,OK
2026-07-06 22:03:22,F1,0.0000,OK
2026-07-06 22:03:33,F1,0.0000,OK
2026-07-06 22:03:43,F1,0.0000,OK
2026-07-06 22:03:53,F1,0.0000,OK
2026-07-06 22:04:04,F1,0.0000,OK
2026-07-06 22:04:14,F1,0.0000,OK
2026-07-06 22:04:24,F1,0.0000,OK
2026-07-06 22:04:35,F1,0.0000,OK
2026-07-06 22:04:45,F1,0.0000,OK
2026-07-06 22:04:55,F1,0.0000,OK
2026-07-06 22:05:06,F1,0.0000,OK
2026-07-06 22:05:16,F1,0.0000,OK
2026-07-06 22:05:26,F1,0.0000,OK
2026-07-06 22:05:36,F1,0.0000,OK
2026-07-06 22:05:47,F1,0.0000,OK
2026-07-06 22:05:57,F1,0.0000,OK
2026-07-06 22:06:08,F1,0.0000,OK
2026-07-06 22:06:18,F1,0.0000,OK
2026-07-06 22:06:28,F1,0.0000,OK
2026-07-06 22:06:38,F1,0.0000,OK
2026-07-06 22:06:49,F1,0.0000,OK
2026-07-06 22:06:59,F1,0.0000,OK
2026-07-06 22:07:09,F1,0.0000,OK
2026-07-06 22:07:20,F1,0.0000,OK
2026-07-06 22:07:30,F1,0.0000,OK
2026-07-06 22:07:40,F1,0.0000,OK
2026-07-06 22:07:51,F1,0.0000,OK
2026-07-06 22:08:01,F1,0.0000,OK
2026-07-06 22:08:11,F1,0.0000,OK
2026-07-06 22:08:21,F1,0.0000,OK
2026-07-06 22:08:32,F1,0.0000,OK
2026-07-06 22:08:42,F1,0.0000,OK
2026-07-06 22:08:52,F1,0.0000,OK
2026-07-06 22:09:03,F1,0.0000,OK
2026-07-06 22:09:13,F1,0.0000,OK
2026-07-06 22:09:23,F1,0.0000,OK
2026-07-06 22:09:34,F1,0.0000,OK
2026-07-06 22:09:44,F1,0.0000,OK
2026-07-06 22:09:54,F1,0.0000,OK
2026-07-06 22:10:05,F1,0.0000,OK
2026-07-06 22:10:15,F1,0.0000,OK
2026-07-06 22:10:25,F1,0.0000,OK
2026-07-06 22:10:35,F1,0.0000,OK
2026-07-06 22:10:46,F1,0.0000,OK
2026-07-06 22:10:56,F1,0.0000,OK
2026-07-06 22:11:06,F1,0.0000,OK
2026-07-06 22:11:17,F1,0.0000,OK
2026-07-06 22:11:27,F1,0.0000,OK
2026-07-06 22:11:37,F1,0.0000,OK
2026-07-06 22:11:48,F1,0.0000,OK
2026-07-06 22:11:58,F1,0.0000,OK
2026-07-06 22:12:08,F1,0.0000,OK
2026-07-06 22:12:19,F1,0.0000,OK
2026-07-06 22:12:29,F1,0.0000,OK
2026-07-06 22:12:39,F1,0.0000,OK
2026-07-06 22:12:50,F1,0.0000,OK
2026-07-06 22:13:00,F1,0.0000,OK
2026-07-06 22:13:10,F1,0.0000,OK
2026-07-06 22:13:21,F1,0.0000,OK
2026-07-06 22:13:31,F1,0.0000,OK
2026-07-06 22:13:41,F1,0.0000,OK
2026-07-06 22:13:52,F1,0.0000,OK
2026-07-06 22:14:02,F1,0.0000,OK
2026-07-06 22:14:12,F1,0.0000,OK
2026-07-06 22:14:22,F1,0.0000,OK
2026-07-06 22:14:33,F1,0.0000,OK
2026-07-06 22:14:43,F1,0.0000,OK
2026-07-06 22:14:53,F1,0.0000,OK
2026-07-06 22:15:04,F1,0.0000,OK
2026-07-06 22:15:14,F1,0.0000,OK
2026-07-06 22:15:24,F1,0.0000,OK
2026-07-06 22:15:35,F1,0.0000,OK
2026-07-06 22:15:45,F1,0.0000,OK
2026-07-06 22:15:55,F1,0.0000,OK
2026-07-06 22:16:06,F1,0.0000,OK
2026-07-06 22:16:16,F1,0.0000,OK
2026-07-06 22:16:26,F1,0.0000,OK
2026-07-06 22:16:37,F1,0.0000,OK
2026-07-06 22:16:47,F1,0.0000,OK
2026-07-06 22:16:57,F1,0.0000,OK
2026-07-06 22:17:07,F1,0.0000,OK
2026-07-06 22:17:18,F1,0.0000,OK
2026-07-06 22:17:28,F1,0.0000,OK
2026-07-06 22:17:39,F1,0.0000,OK
2026-07-06 22:17:49,F1,0.0000,OK
2026-07-06 22:17:59,F1,0.0000,OK
2026-07-06 22:18:09,F1,0.0000,OK
2026-07-06 22:18:20,F1,0.0000,OK
2026-07-06 22:18:30,F1,0.0000,OK
2026-07-06 22:18:40,F1,0.0000,OK
2026-07-06 22:18:51,F1,0.0000,OK
2026-07-06 22:19:01,F1,0.0000,OK
2026-07-06 22:19:11,F1,0.0000,OK
2026-07-06 22:19:22,F1,0.0000,OK
2026-07-06 22:19:32,F1,0.0000,OK
2026-07-06 22:19:42,F1,0.0000,OK
2026-07-06 22:19:53,F1,0.0000,OK
2026-07-06 22:20:03,F1,0.0000,OK
2026-07-06 22:20:13,F1,0.0000,OK
2026-07-06 22:20:23,F1,0.0000,OK
2026-07-06 22:20:34,F1,0.0000,OK
2026-07-06 22:20:44,F1,0.0000,OK
2026-07-06 22:20:54,F1,0.0000,OK
2026-07-06 22:21:05,F1,0.0000,OK
2026-07-06 22:21:15,F1,0.0000,OK
2026-07-06 22:21:25,F1,0.0000,OK
2026-07-06 22:21:36,F1,0.0000,OK
2026-07-06 22:21:46,F1,0.0000,OK
2026-07-06 22:21:56,F1,0.0000,OK
2026-07-06 22:22:07,F1,0.0000,OK
2026-07-06 22:22:17,F1,0.0000,OK
2026-07-06 22:22:27,F1,0.0000,OK
2026-07-06 22:22:37,F1,0.0000,OK
2026-07-06 22:22:48,F1,0.0000,OK
2026-07-06 22:22:58,F1,0.0000,OK
2026-07-06 22:23:08,F1,0.0000,OK
2026-07-06 22:23:19,F1,0.0000,OK
2026-07-06 22:23:29,F1,0.0000,OK
2026-07-06 22:23:39,F1,0.0000,OK
2026-07-06 22:23:50,F1,0.0000,OK
2026-07-06 22:24:00,F1,0.0000,OK
2026-07-06 22:24:10,F1,0.0000,OK
2026-07-06 22:24:21,F1,0.0000,OK
2026-07-06 22:24:31,F1,0.0000,OK
2026-07-06 22:24:41,F1,0.0000,OK
2026-07-06 22:24:52,F1,0.0000,OK
2026-07-06 22:25:02,F1,0.0000,OK
2026-07-06 22:25:12,F1,0.0000,OK
2026-07-06 22:25:22,F1,0.0000,OK
2026-07-06 22:25:33,F1,0.0000,OK
2026-07-06 22:25:43,F1,0.0000,OK
2026-07-06 22:25:53,F1,0.0000,OK
2026-07-06 22:26:04,F1,0.0000,OK
2026-07-06 22:26:14,F1,0.0000,OK
2026-07-06 22:26:24,F1,0.0000,OK
2026-07-06 22:26:35,F1,0.0000,OK
2026-07-06 22:26:45,F1,0.0000,OK
2026-07-06 22:26:55,F1,0.0000,OK
2026-07-06 22:27:06,F1,0.0000,OK
2026-07-06 22:27:16,F1,0.0000,OK
2026-07-06 22:27:26,F1,0.0000,OK
2026-07-06 22:27:37,F1,0.0000,OK
2026-07-06 22:27:47,F1,0.0000,OK
2026-07-06 22:27:57,F1,0.0000,OK
2026-07-06 22:28:08,F1,0.0000,OK
2026-07-06 22:28:18,F1,0.0000,OK
2026-07-06 22:28:28,F1,0.0000,OK
2026-07-06 22:28:39,F1,0.0000,OK
2026-07-06 22:28:49,F1,0.0000,OK
2026-07-06 22:28:59,F1,0.0000,OK
2026-07-06 22:29:09,F1,0.0000,OK
2026-07-06 22:29:20,F1,0.0000,OK
2026-07-06 22:29:30,F1,0.0000,OK
2026-07-06 22:29:40,F1,0.0000,OK
2026-07-06 22:29:51,F1,0.0000,OK
2026-07-06 22:30:01,F1,0.0000,OK
2026-07-06 22:30:11,F1,0.0000,OK
2026-07-06 22:30:22,F1,0.0000,OK
2026-07-06 22:30:32,F1,0.0000,OK
2026-07-06 22:30:42,F1,0.0000,OK
2026-07-06 22:30:53,F1,0.0000,OK
2026-07-06 22:31:03,F1,0.0000,OK
2026-07-06 22:31:13,F1,0.0000,OK
2026-07-06 22:31:24,F1,0.0000,OK
2026-07-06 22:31:34,F1,0.0000,OK
2026-07-06 22:31:44,F1,0.0000,OK
2026-07-06 22:31:54,F1,0.0000,OK
2026-07-06 22:32:05,F1,0.0000,OK
2026-07-06 22:32:15,F1,0.0000,OK
2026-07-06 22:32:25,F1,0.0000,OK
2026-07-06 22:32:36,F1,0.0000,OK
2026-07-06 22:32:46,F1,0.0000,OK
2026-07-06 22:32:56,F1,0.0000,OK
2026-07-06 22:33:07,F1,0.0000,OK
2026-07-06 22:33:17,F1,0.0000,OK
2026-07-06 22:33:27,F1,0.0000,OK
2026-07-06 22:33:38,F1,0.0000,OK
2026-07-06 22:33:48,F1,0.0000,OK
2026-07-06 22:33:58,F1,0.0000,OK
2026-07-06 22:34:09,F1,0.0000,OK
2026-07-06 22:34:19,F1,0.0000,OK
2026-07-06 22:34:29,F1,0.0000,OK
2026-07-06 22:34:40,F1,0.0000,OK
2026-07-06 22:34:50,F1,0.0000,OK
2026-07-06 22:35:00,F1,0.0000,OK
2026-07-06 22:35:10,F1,0.0000,OK
2026-07-06 22:35:21,F1,0.0000,OK
2026-07-06 22:35:31,F1,0.0000,OK
2026-07-06 22:35:41,F1,0.0000,OK
2026-07-06 22:35:52,F1,0.0000,OK
2026-07-06 22:36:02,F1,0.0000,OK
2026-07-06 22:36:12,F1,0.0000,OK
2026-07-06 22:36:23,F1,0.0000,OK
2026-07-06 22:36:33,F1,0.0000,OK
2026-07-06 22:36:43,F1,0.0000,OK
2026-07-06 22:36:54,F1,0.0000,OK
2026-07-06 22:37:04,F1,0.0000,OK
2026-07-06 22:37:14,F1,0.0000,OK
2026-07-06 22:37:25,F1,0.0000,OK
2026-07-06 22:37:35,F1,0.0000,OK
2026-07-06 22:37:45,F1,0.0000,OK
2026-07-06 22:37:56,F1,0.0000,OK
2026-07-06 22:38:06,F1,0.0000,OK
2026-07-06 22:38:16,F1,0.0000,OK
2026-07-06 22:38:27,F1,0.0000,OK
2026-07-06 22:38:37,F1,0.0000,OK
2026-07-06 22:38:47,F1,0.0000,OK
2026-07-06 22:38:57,F1,0.0000,OK
2026-07-06 22:39:08,F1,0.0000,OK
2026-07-06 22:39:18,F1,0.0000,OK
2026-07-06 22:39:28,F1,0.0000,OK
2026-07-06 22:39:39,F1,0.0000,OK
2026-07-06 22:39:49,F1,0.0000,OK
2026-07-06 22:39:59,F1,0.0000,OK
2026-07-06 22:40:10,F1,0.0000,OK
2026-07-06 22:40:20,F1,0.0000,OK
2026-07-06 22:40:30,F1,0.0000,OK
2026-07-06 22:40:41,F1,0.0000,OK
2026-07-06 22:40:51,F1,0.0000,OK
2026-07-06 22:41:01,F1,0.0000,OK
2026-07-06 22:41:11,F1,0.0000,OK
2026-07-06 22:41:22,F1,0.0000,OK
2026-07-06 22:41:32,F1,0.0000,OK
2026-07-06 22:41:42,F1,0.0000,OK
2026-07-06 22:41:53,F1,0.0000,OK
2026-07-06 22:42:03,F1,0.0000,OK
2026-07-06 22:42:13,F1,0.0000,OK
2026-07-06 22:42:24,F1,0.0000,OK
2026-07-06 22:42:34,F1,0.0000,OK
2026-07-06 22:42:44,F1,0.0000,OK
2026-07-06 22:42:54,F1,0.0000,OK
2026-07-06 22:43:05,F1,0.0000,OK
2026-07-06 22:43:15,F1,0.0000,OK
2026-07-06 22:43:25,F1,0.0000,OK
2026-07-06 22:43:36,F1,0.0000,OK
2026-07-06 22:43:46,F1,0.0000,OK
2026-07-06 22:43:56,F1,0.0000,OK
2026-07-06 22:44:07,F1,0.0000,OK
2026-07-06 22:44:17,F1,0.0000,OK
2026-07-06 22:44:27,F1,0.0000,OK
2026-07-06 22:44:38,F1,0.0000,OK
2026-07-06 22:44:48,F1,0.0000,OK
2026-07-06 22:44:58,F1,0.0000,OK
2026-07-06 22:45:08,F1,0.0000,OK
2026-07-06 22:45:19,F1,0.0000,OK
2026-07-06 22:45:29,F1,0.0000,OK
2026-07-06 22:45:39,F1,0.0000,OK
2026-07-06 22:45:50,F1,0.0000,OK
2026-07-06 22:46:00,F1,0.0000,OK
2026-07-06 22:46:10,F1,0.0000,OK
2026-07-06 22:46:21,F1,0.0000,OK
2026-07-06 22:46:31,F1,0.0000,OK
2026-07-06 22:46:41,F1,0.0000,OK
2026-07-06 22:46:52,F1,0.0000,OK
2026-07-06 22:47:02,F1,0.0000,OK
2026-07-06 22:47:12,F1,0.0000,OK
2026-07-06 22:47:23,F1,0.0000,OK
2026-07-06 22:47:33,F1,0.0000,OK
2026-07-06 22:47:43,F1,0.0000,OK
2026-07-06 22:47:53,F1,0.0000,OK
2026-07-06 22:48:04,F1,0.0000,OK
2026-07-06 22:48:14,F1,0.0000,OK
2026-07-06 22:48:24,F1,0.0000,OK
2026-07-06 22:48:35,F1,0.0000,OK
2026-07-06 22:48:45,F1,0.0000,OK
2026-07-06 22:48:55,F1,0.0000,OK
2026-07-06 22:49:06,F1,0.0000,OK
2026-07-06 22:49:16,F1,0.0000,OK
2026-07-06 22:49:26,F1,0.0000,OK
2026-07-06 22:49:37,F1,0.0000,OK
2026-07-06 22:49:47,F1,0.0000,OK
2026-07-06 22:49:57,F1,0.0000,OK
2026-07-06 22:50:08,F1,0.0000,OK
2026-07-06 22:50:18,F1,0.0000,OK
2026-07-06 22:50:28,F1,0.0000,OK
2026-07-06 22:50:38,F1,0.0000,OK
2026-07-06 22:50:49,F1,0.0000,OK
2026-07-06 22:50:59,F1,0.0000,OK
2026-07-06 22:51:10,F1,0.0000,OK
2026-07-06 22:51:20,F1,0.0000,OK
2026-07-06 22:51:30,F1,0.0000,OK
2026-07-06 22:51:41,F1,0.0000,OK
2026-07-06 22:51:51,F1,0.0000,OK
2026-07-06 22:52:01,F1,0.0000,OK
2026-07-06 22:52:11,F1,0.0000,OK
2026-07-06 22:52:22,F1,0.0000,OK
2026-07-06 22:52:32,F1,0.0000,OK
2026-07-06 22:52:42,F1,0.0000,OK
2026-07-06 22:52:53,F1,0.0000,OK
2026-07-06 22:53:03,F1,0.0000,OK
2026-07-06 22:53:13,F1,0.0000,OK
2026-07-06 22:53:24,F1,0.0000,OK
2026-07-06 22:53:34,F1,0.0000,OK
2026-07-06 22:53:44,F1,0.0000,OK
2026-07-06 22:53:55,F1,0.0000,OK
2026-07-06 22:54:05,F1,0.0000,OK
2026-07-06 22:54:15,F1,0.0000,OK
2026-07-06 22:54:26,F1,0.0000,OK
2026-07-06 22:54:36,F1,0.0000,OK
2026-07-06 22:54:46,F1,0.0000,OK
2026-07-06 22:54:57,F1,0.0000,OK
2026-07-06 22:55:07,F1,0.0000,OK
2026-07-06 22:55:17,F1,0.0000,OK
2026-07-06 22:55:28,F1,0.0000,OK
2026-07-06 22:55:38,F1,0.0000,OK
2026-07-06 22:55:48,F1,0.0000,OK
2026-07-06 22:55:59,F1,0.0000,OK
2026-07-06 22:56:09,F1,0.0000,OK
2026-07-06 22:56:19,F1,0.0000,OK
2026-07-06 22:56:29,F1,0.0000,OK
2026-07-06 22:56:40,F1,0.0000,OK
2026-07-06 22:56:50,F1,0.0000,OK
2026-07-06 22:57:00,F1,0.0000,OK
2026-07-06 22:57:11,F1,0.0000,OK
2026-07-06 22:57:21,F1,0.0000,OK
2026-07-06 22:57:31,F1,0.0000,OK
2026-07-06 22:57:42,F1,0.0000,OK
2026-07-06 22:57:52,F1,0.0000,OK
2026-07-06 22:58:02,F1,0.0000,OK
2026-07-06 22:58:13,F1,0.0000,OK
2026-07-06 22:58:23,F1,0.0000,OK
2026-07-06 22:58:33,F1,0.0000,OK
2026-07-06 22:58:44,F1,0.0000,OK
2026-07-06 22:58:54,F1,0.0000,OK
2026-07-06 22:59:04,F1,0.0000,OK
2026-07-06 22:59:15,F1,0.0000,OK
2026-07-06 22:59:25,F1,0.0000,OK
2026-07-06 22:59:35,F1,0.0000,OK
2026-07-06 22:59:45,F1,0.0000,OK
2026-07-06 22:59:56,F1,0.0000,OK
2026-07-06 23:00:06,F1,0.0000,OK
2026-07-06 23:00:16,F1,0.0000,OK
2026-07-06 23:00:27,F1,0.0000,OK
2026-07-06 23:00:37,F1,0.0000,OK
2026-07-06 23:00:47,F1,0.0000,OK
2026-07-06 23:00:58,F1,0.0000,OK
2026-07-06 23:01:08,F1,0.0000,OK
2026-07-06 23:01:18,F1,0.0000,OK
2026-07-06 23:01:29,F1,0.0000,OK
2026-07-06 23:01:39,F1,0.0000,OK
2026-07-06 23:01:49,F1,0.0000,OK
2026-07-06 23:01:59,F1,0.0000,OK
2026-07-06 23:02:10,F1,0.0000,OK
2026-07-06 23:02:20,F1,0.0000,OK
2026-07-06 23:02:30,F1,0.0000,OK
2026-07-06 23:02:41,F1,0.0000,OK
2026-07-06 23:02:51,F1,0.0000,OK
2026-07-06 23:03:01,F1,0.0000,OK
2026-07-06 23:03:12,F1,0.0000,OK
2026-07-06 23:03:22,F1,0.0000,OK
2026-07-06 23:03:32,F1,0.0000,OK
2026-07-06 23:03:43,F1,0.0000,OK
2026-07-06 23:03:53,F1,0.0000,OK
2026-07-06 23:04:03,F1,0.0000,OK
2026-07-06 23:04:13,F1,0.0000,OK
2026-07-06 23:04:24,F1,0.0000,OK
2026-07-06 23:04:34,F1,0.0000,OK
2026-07-06 23:04:44,F1,0.0000,OK
2026-07-06 23:04:55,F1,0.0000,OK
2026-07-06 23:05:05,F1,0.0000,OK
2026-07-06 23:05:15,F1,0.0000,OK
2026-07-06 23:05:26,F1,0.0000,OK
2026-07-06 23:05:36,F1,0.0000,OK
2026-07-06 23:05:46,F1,0.0000,OK
2026-07-06 23:05:57,F1,0.0000,OK
2026-07-06 23:06:07,F1,0.0000,OK
2026-07-06 23:06:17,F1,0.0000,OK
2026-07-06 23:06:27,F1,0.0000,OK
2026-07-06 23:06:38,F1,0.0000,OK
2026-07-06 23:06:48,F1,0.0000,OK
2026-07-06 23:06:58,F1,0.0000,OK
2026-07-06 23:07:09,F1,0.0000,OK
2026-07-06 23:07:19,F1,0.0000,OK
2026-07-06 23:07:29,F1,0.0000,OK
2026-07-06 23:07:40,F1,0.0000,OK
2026-07-06 23:07:50,F1,0.0000,OK
2026-07-06 23:08:00,F1,0.0000,OK
2026-07-06 23:08:11,F1,0.0000,OK
2026-07-06 23:08:21,F1,0.0000,OK
2026-07-06 23:08:31,F1,0.0000,OK
2026-07-06 23:08:41,F1,0.0000,OK
2026-07-06 23:08:52,F1,0.0000,OK
2026-07-06 23:09:02,F1,0.0000,OK
2026-07-06 23:09:12,F1,0.0000,OK
2026-07-06 23:09:23,F1,0.0000,OK
2026-07-06 23:09:33,F1,0.0000,OK
2026-07-06 23:09:43,F1,0.0000,OK
2026-07-06 23:09:54,F1,0.0000,OK
2026-07-06 23:10:04,F1,0.0000,OK
2026-07-06 23:10:15,F1,0.0000,OK
2026-07-06 23:10:26,F1,0.0000,OK
2026-07-06 23:10:36,F1,0.0000,OK
2026-07-06 23:10:47,F1,0.0000,OK
2026-07-06 23:10:57,F1,0.0000,OK
2026-07-06 23:11:07,F1,0.0000,OK
2026-07-06 23:11:18,F1,0.0000,OK
2026-07-06 23:11:28,F1,0.0000,OK
2026-07-06 23:11:38,F1,0.0000,OK
2026-07-06 23:11:49,F1,0.0000,OK
2026-07-06 23:11:59,F1,0.0000,OK
2026-07-06 23:12:09,F1,0.0000,OK
2026-07-06 23:12:20,F1,0.0000,OK
2026-07-06 23:12:30,F1,0.0000,OK
2026-07-06 23:12:40,F1,0.0000,OK
2026-07-06 23:12:51,F1,0.0000,OK
2026-07-06 23:13:01,F1,0.0000,OK
2026-07-06 23:13:11,F1,0.0000,OK
2026-07-06 23:13:22,F1,0.0000,OK
2026-07-06 23:13:32,F1,0.0000,OK
2026-07-06 23:13:42,F1,0.0000,OK
2026-07-06 23:13:52,F1,0.0000,OK
2026-07-06 23:14:03,F1,0.0000,OK
2026-07-06 23:14:13,F1,0.0000,OK
2026-07-06 23:14:23,F1,0.0000,OK
2026-07-06 23:14:34,F1,0.0000,OK
2026-07-06 23:14:44,F1,0.0000,OK
2026-07-06 23:14:54,F1,0.0000,OK
2026-07-06 23:15:05,F1,0.0000,OK
2026-07-06 23:15:15,F1,0.0000,OK
2026-07-06 23:15:25,F1,0.0000,OK
2026-07-06 23:15:36,F1,0.0000,OK
2026-07-06 23:15:46,F1,0.0000,OK
2026-07-06 23:15:56,F1,0.0000,OK
2026-07-06 23:16:07,F1,0.0000,OK
2026-07-06 23:16:17,F1,0.0000,OK
2026-07-06 23:16:27,F1,0.0000,OK
2026-07-06 23:16:38,F1,0.0000,OK
2026-07-06 23:16:48,F1,0.0000,OK
2026-07-06 23:16:58,F1,0.0000,OK
2026-07-06 23:17:09,F1,0.0000,OK
2026-07-06 23:17:19,F1,0.0000,OK
2026-07-06 23:17:29,F1,0.0000,OK
2026-07-06 23:17:39,F1,0.0000,OK
2026-07-06 23:17:50,F1,0.0000,OK
2026-07-06 23:18:00,F1,0.0000,OK
2026-07-06 23:18:10,F1,0.0000,OK
2026-07-06 23:18:21,F1,0.0000,OK
2026-07-06 23:18:31,F1,0.0000,OK
2026-07-06 23:18:42,F1,0.0000,OK
2026-07-06 23:18:52,F1,0.0000,OK
2026-07-06 23:19:02,F1,0.0000,OK
2026-07-06 23:19:12,F1,0.0000,OK
2026-07-06 23:19:23,F1,0.0000,OK
2026-07-06 23:19:33,F1,0.0000,OK
2026-07-06 23:19:43,F1,0.0000,OK
2026-07-06 23:19:54,F1,0.0000,OK
2026-07-06 23:20:04,F1,0.0000,OK
2026-07-06 23:20:14,F1,0.0000,OK
2026-07-06 23:20:25,F1,0.0000,OK
2026-07-06 23:20:35,F1,0.0000,OK
2026-07-06 23:20:45,F1,0.0000,OK
2026-07-06 23:20:56,F1,0.0000,OK
2026-07-06 23:21:06,F1,0.0000,OK
2026-07-06 23:21:16,F1,0.0000,OK
2026-07-06 23:21:26,F1,0.0000,OK
2026-07-06 23:21:37,F1,0.0000,OK
2026-07-06 23:21:47,F1,0.0000,OK
2026-07-06 23:21:57,F1,0.0000,OK
2026-07-06 23:22:08,F1,0.0000,OK
2026-07-06 23:22:18,F1,0.0000,OK
2026-07-06 23:22:28,F1,0.0000,OK
2026-07-06 23:22:39,F1,0.0000,OK
2026-07-06 23:22:49,F1,0.0000,OK
2026-07-06 23:22:59,F1,0.0000,OK
2026-07-06 23:23:10,F1,0.0000,OK
2026-07-06 23:23:20,F1,0.0000,OK
2026-07-06 23:23:30,F1,0.0000,OK
2026-07-06 23:23:41,F1,0.0000,OK
2026-07-06 23:23:51,F1,0.0000,OK
2026-07-06 23:24:01,F1,0.0000,OK
2026-07-06 23:24:12,F1,0.0000,OK
2026-07-06 23:24:22,F1,0.0000,OK
2026-07-06 23:24:32,F1,0.0000,OK
2026-07-06 23:24:42,F1,0.0000,OK
2026-07-06 23:24:53,F1,0.0000,OK
2026-07-06 23:25:03,F1,0.0000,OK
2026-07-06 23:25:13,F1,0.0000,OK
2026-07-06 23:25:24,F1,0.0000,OK
2026-07-06 23:25:34,F1,0.0000,OK
2026-07-06 23:25:44,F1,0.0000,OK
2026-07-06 23:25:55,F1,0.0000,OK
2026-07-06 23:26:05,F1,0.0000,OK
2026-07-06 23:26:15,F1,0.0000,OK
2026-07-06 23:26:26,F1,0.0000,OK
2026-07-06 23:26:36,F1,0.0000,OK
2026-07-06 23:26:46,F1,0.0000,OK
2026-07-06 23:26:57,F1,0.0000,OK
2026-07-06 23:27:07,F1,0.0000,OK
2026-07-06 23:27:17,F1,0.0000,OK
2026-07-06 23:27:28,F1,0.0000,OK
2026-07-06 23:27:38,F1,0.0000,OK
2026-07-06 23:27:48,F1,0.0000,OK
2026-07-06 23:27:58,F1,0.0000,OK
2026-07-06 23:28:09,F1,0.0000,OK
2026-07-06 23:28:19,F1,0.0000,OK
2026-07-06 23:28:29,F1,0.0000,OK
2026-07-06 23:28:40,F1,0.0000,OK
2026-07-06 23:28:50,F1,0.0000,OK
2026-07-06 23:29:00,F1,0.0000,OK
2026-07-06 23:29:11,F1,0.0000,OK
2026-07-06 23:29:21,F1,0.0000,OK
2026-07-06 23:29:31,F1,0.0000,OK
2026-07-06 23:29:42,F1,0.0000,OK
2026-07-06 23:29:52,F1,0.0000,OK
2026-07-06 23:30:02,F1,0.0000,OK
2026-07-06 23:30:13,F1,0.0000,OK
2026-07-06 23:30:23,F1,0.0000,OK
2026-07-06 23:30:33,F1,0.0000,OK
2026-07-06 23:30:44,F1,0.0000,OK
2026-07-06 23:30:54,F1,0.0000,OK
2026-07-06 23:31:04,F1,0.0000,OK
2026-07-06 23:31:15,F1,0.0000,OK
2026-07-06 23:31:25,F1,0.0000,OK
2026-07-06 23:31:35,F1,0.0000,OK
2026-07-06 23:31:45,F1,0.0000,OK
2026-07-06 23:31:56,F1,0.0000,OK
2026-07-06 23:32:06,F1,0.0000,OK
2026-07-06 23:32:16,F1,0.0000,OK
2026-07-06 23:32:27,F1,0.0000,OK
2026-07-06 23:32:37,F1,0.0000,OK
2026-07-06 23:32:47,F1,0.0000,OK
2026-07-06 23:32:58,F1,0.0000,OK
2026-07-06 23:33:08,F1,0.0000,OK
2026-07-06 23:33:18,F1,0.0000,OK
2026-07-06 23:33:29,F1,0.0000,OK
2026-07-06 23:33:39,F1,0.0000,OK
2026-07-06 23:33:49,F1,0.0000,OK
2026-07-06 23:34:00,F1,0.0000,OK
2026-07-06 23:34:10,F1,0.0000,OK
2026-07-06 23:34:20,F1,0.0000,OK
2026-07-06 23:34:31,F1,0.0000,OK
2026-07-06 23:34:41,F1,0.0000,OK
2026-07-06 23:34:51,F1,0.0000,OK
2026-07-06 23:35:02,F1,0.0000,OK
2026-07-06 23:35:12,F1,0.0000,OK
2026-07-06 23:35:22,F1,0.0000,OK
2026-07-06 23:35:33,F1,0.0000,OK
2026-07-06 23:35:43,F1,0.0000,OK
2026-07-06 23:35:53,F1,0.0000,OK
2026-07-06 23:36:04,F1,0.0000,OK
2026-07-06 23:36:14,F1,0.0000,OK
2026-07-06 23:36:24,F1,0.0000,OK
2026-07-06 23:36:34,F1,0.0000,OK
2026-07-06 23:36:45,F1,0.0000,OK
2026-07-06 23:36:55,F1,0.0000,OK
2026-07-06 23:37:05,F1,0.0000,OK
2026-07-06 23:37:16,F1,0.0000,OK
2026-07-06 23:37:26,F1,0.0000,OK
2026-07-06 23:37:36,F1,0.0000,OK
2026-07-06 23:37:47,F1,0.0000,OK
2026-07-06 23:37:57,F1,0.0000,OK
2026-07-06 23:38:07,F1,0.0000,OK
2026-07-06 23:38:18,F1,0.0000,OK
2026-07-06 23:38:28,F1,0.0000,OK
2026-07-06 23:38:38,F1,0.0000,OK
2026-07-06 23:38:48,F1,0.0000,OK
2026-07-06 23:38:59,F1,0.0000,OK
2026-07-06 23:39:09,F1,0.0000,OK
2026-07-06 23:39:19,F1,0.0000,OK
2026-07-06 23:39:30,F1,0.0000,OK
2026-07-06 23:39:40,F1,0.0000,OK
2026-07-06 23:39:50,F1,0.0000,OK
2026-07-06 23:40:01,F1,0.0000,OK
2026-07-06 23:40:11,F1,0.0000,OK
2026-07-06 23:40:21,F1,0.0000,OK
2026-07-06 23:40:32,F1,0.0000,OK
2026-07-06 23:40:42,F1,0.0000,OK
2026-07-06 23:40:52,F1,0.0000,OK
2026-07-06 23:41:03,F1,0.0000,OK
2026-07-06 23:41:13,F1,0.0000,OK
2026-07-06 23:41:23,F1,0.0000,OK
2026-07-06 23:41:34,F1,0.0000,OK
2026-07-06 23:41:44,F1,0.0000,OK
2026-07-06 23:41:54,F1,0.0000,OK
2026-07-06 23:42:05,F1,0.0000,OK
2026-07-06 23:42:15,F1,0.0000,OK
2026-07-06 23:42:25,F1,0.0000,OK
2026-07-06 23:42:36,F1,0.0000,OK
2026-07-06 23:42:46,F1,0.0000,OK
2026-07-06 23:42:56,F1,0.0000,OK
2026-07-06 23:43:06,F1,0.0000,OK
2026-07-06 23:43:17,F1,0.0000,OK
2026-07-06 23:43:27,F1,0.0000,OK
2026-07-06 23:43:37,F1,0.0000,OK
2026-07-06 23:43:48,F1,0.0000,OK
2026-07-06 23:43:58,F1,0.0000,OK
2026-07-06 23:44:08,F1,0.0000,OK
2026-07-06 23:44:19,F1,0.0000,OK
2026-07-06 23:44:29,F1,0.0000,OK
2026-07-06 23:44:39,F1,0.0000,OK
2026-07-06 23:44:50,F1,0.0000,OK
2026-07-06 23:45:00,F1,0.0000,OK
2026-07-06 23:45:10,F1,0.0000,OK
2026-07-06 23:45:21,F1,0.0000,OK
2026-07-06 23:45:31,F1,0.0000,OK
2026-07-06 23:45:41,F1,0.0000,OK
2026-07-06 23:45:51,F1,0.0000,OK
2026-07-06 23:46:02,F1,0.0000,OK
2026-07-06 23:46:12,F1,0.0000,OK
2026-07-06 23:46:22,F1,0.0000,OK
2026-07-06 23:46:33,F1,0.0000,OK
2026-07-06 23:46:43,F1,0.0000,OK
2026-07-06 23:46:53,F1,0.0000,OK
2026-07-06 23:47:04,F1,0.0000,OK
2026-07-06 23:47:14,F1,0.0000,OK
2026-07-06 23:47:24,F1,0.0000,OK
2026-07-06 23:47:35,F1,0.0000,OK
2026-07-06 23:47:45,F1,0.0000,OK
2026-07-06 23:47:55,F1,0.0000,OK
2026-07-06 23:48:06,F1,0.0000,OK
2026-07-06 23:48:16,F1,0.0000,OK
2026-07-06 23:48:26,F1,0.0000,OK
2026-07-06 23:48:37,F1,0.0000,OK
2026-07-06 23:48:47,F1,0.0000,OK
2026-07-06 23:48:57,F1,0.0000,OK
2026-07-06 23:49:08,F1,0.0000,OK
2026-07-06 23:49:18,F1,0.0000,OK
2026-07-06 23:49:28,F1,0.0000,OK
2026-07-06 23:49:39,F1,0.0000,OK
2026-07-06 23:49:49,F1,0.0000,OK
2026-07-06 23:49:59,F1,0.0000,OK
2026-07-06 23:50:10,F1,0.0000,OK
2026-07-06 23:50:20,F1,0.0000,OK
2026-07-06 23:50:30,F1,0.0000,OK
2026-07-06 23:50:41,F1,0.0000,OK
2026-07-06 23:50:51,F1,0.0000,OK
2026-07-06 23:51:01,F1,0.0000,OK
2026-07-06 23:51:12,F1,0.0000,OK
2026-07-06 23:51:22,F1,0.0000,OK
2026-07-06 23:51:32,F1,0.0000,OK
2026-07-06 23:51:43,F1,0.0000,OK
2026-07-06 23:51:53,F1,0.0000,OK
2026-07-06 23:52:03,F1,0.0000,OK
2026-07-06 23:52:13,F1,0.0000,OK
2026-07-06 23:52:24,F1,0.0000,OK
2026-07-06 23:52:34,F1,0.0000,OK
2026-07-06 23:52:44,F1,0.0000,OK
2026-07-06 23:52:55,F1,0.0000,OK
2026-07-06 23:53:05,F1,0.0000,OK
2026-07-06 23:53:15,F1,0.0000,OK
2026-07-06 23:53:26,F1,0.0000,OK
2026-07-06 23:53:36,F1,0.0000,OK
2026-07-06 23:53:46,F1,0.0000,OK
2026-07-06 23:53:57,F1,0.0000,OK
2026-07-06 23:54:07,F1,0.0000,OK
2026-07-06 23:54:17,F1,0.0000,OK
2026-07-06 23:54:28,F1,0.0000,OK
2026-07-06 23:54:38,F1,0.0000,OK
2026-07-06 23:54:48,F1,0.0000,OK
2026-07-06 23:54:58,F1,0.0000,OK
2026-07-06 23:55:09,F1,0.0000,OK
2026-07-06 23:55:19,F1,0.0000,OK
2026-07-06 23:55:29,F1,0.0000,OK
2026-07-06 23:55:40,F1,0.0000,OK
2026-07-06 23:55:50,F1,0.0000,OK
2026-07-06 23:56:00,F1,0.0000,OK
2026-07-06 23:56:11,F1,0.0000,OK
2026-07-06 23:56:21,F1,0.0000,OK
2026-07-06 23:56:31,F1,0.0000,OK
2026-07-06 23:56:42,F1,0.0000,OK
2026-07-06 23:56:52,F1,0.0000,OK
2026-07-06 23:57:02,F1,0.0000,OK
2026-07-06 23:57:13,F1,0.0000,OK
2026-07-06 23:57:23,F1,0.0000,OK
2026-07-06 23:57:33,F1,0.0000,OK
2026-07-06 23:57:43,F1,0.0000,OK
2026-07-06 23:57:54,F1,0.0000,OK
2026-07-06 23:58:04,F1,0.0000,OK
2026-07-06 23:58:14,F1,0.0000,OK
2026-07-06 23:58:25,F1,0.0000,OK
2026-07-06 23:58:35,F1,0.0000,OK
2026-07-06 23:58:45,F1,0.0000,OK
2026-07-06 23:58:56,F1,0.0000,OK
2026-07-06 23:59:06,F1,0.0000,OK
2026-07-06 23:59:16,F1,0.0000,OK
2026-07-06 23:59:27,F1,0.0000,OK
2026-07-06 23:59:37,F1,0.0000,OK
2026-07-06 23:59:47,F1,0.0000,OK
2026-07-06 23:59:58,F1,0.0000,OK
2026-07-07 00:00:08,F1,0.0000,OK
2026-07-07 00:00:18,F1,0.0000,OK
2026-07-07 00:00:29,F1,0.0000,OK
2026-07-07 00:00:39,F1,0.0000,OK
2026-07-07 00:00:49,F1,0.0000,OK
2026-07-07 00:01:00,F1,0.0000,OK
2026-07-07 00:01:10,F1,0.0000,OK
2026-07-07 00:01:20,F1,0.0000,OK
2026-07-07 00:01:30,F1,0.0000,OK
2026-07-07 00:01:41,F1,0.0000,OK
2026-07-07 00:01:51,F1,0.0000,OK
2026-07-07 00:02:01,F1,0.0000,OK
2026-07-07 00:02:12,F1,0.0000,OK
2026-07-07 00:02:22,F1,0.0000,OK
2026-07-07 00:02:32,F1,0.0000,OK
2026-07-07 00:02:43,F1,0.0000,OK
2026-07-07 00:02:53,F1,0.0000,OK
2026-07-07 00:03:03,F1,0.0000,OK
2026-07-07 00:03:14,F1,0.0000,OK
2026-07-07 00:03:24,F1,0.0000,OK
2026-07-07 00:03:34,F1,0.0000,OK
2026-07-07 00:03:45,F1,0.0000,OK
2026-07-07 00:03:55,F1,0.0000,OK
2026-07-07 00:04:05,F1,0.0000,OK
2026-07-07 00:04:16,F1,0.0000,OK
2026-07-07 00:04:26,F1,0.0000,OK
2026-07-07 00:04:36,F1,0.0000,OK
2026-07-07 00:04:47,F1,0.0000,OK
2026-07-07 00:04:57,F1,0.0000,OK
2026-07-07 00:05:07,F1,0.0000,OK
2026-07-07 00:05:18,F1,0.0000,OK
2026-07-07 00:05:28,F1,0.0000,OK
2026-07-07 00:05:38,F1,0.0000,OK
2026-07-07 00:05:48,F1,0.0000,OK
2026-07-07 00:05:59,F1,0.0000,OK
2026-07-07 00:06:09,F1,0.0000,OK
2026-07-07 00:06:19,F1,0.0000,OK
2026-07-07 00:06:30,F1,0.0000,OK
2026-07-07 00:06:40,F1,0.0000,OK
2026-07-07 00:06:50,F1,0.0000,OK
2026-07-07 00:07:01,F1,0.0000,OK
2026-07-07 00:07:11,F1,0.0000,OK
2026-07-07 00:07:21,F1,0.0000,OK
2026-07-07 00:07:32,F1,0.0000,OK
2026-07-07 00:07:42,F1,0.0000,OK
2026-07-07 00:07:52,F1,0.0000,OK
2026-07-07 00:08:03,F1,0.0000,OK
2026-07-07 00:08:13,F1,0.0000,OK
2026-07-07 00:08:23,F1,0.0000,OK
2026-07-07 00:08:34,F1,0.0000,OK
2026-07-07 00:08:44,F1,0.0000,OK
2026-07-07 00:08:54,F1,0.0000,OK
2026-07-07 00:09:05,F1,0.0000,OK
2026-07-07 00:09:15,F1,0.0000,OK
2026-07-07 00:09:25,F1,0.0000,OK
2026-07-07 00:09:35,F1,0.0000,OK
2026-07-07 00:09:46,F1,0.0000,OK
2026-07-07 00:09:56,F1,0.0000,OK
2026-07-07 00:10:06,F1,0.0000,OK
2026-07-07 00:10:17,F1,0.0000,OK
2026-07-07 00:10:27,F1,0.0000,OK
2026-07-07 00:10:37,F1,0.0000,OK
2026-07-07 00:10:48,F1,0.0000,OK
2026-07-07 00:10:58,F1,0.0000,OK
2026-07-07 00:11:08,F1,0.0000,OK
2026-07-07 00:11:19,F1,0.0000,OK
2026-07-07 00:11:29,F1,0.0000,OK
2026-07-07 00:11:39,F1,0.0000,OK
2026-07-07 00:11:50,F1,0.0000,OK
2026-07-07 00:12:00,F1,0.0000,OK
2026-07-07 00:12:10,F1,0.0000,OK
2026-07-07 00:12:21,F1,0.0000,OK
2026-07-07 00:12:31,F1,0.0000,OK
2026-07-07 00:12:41,F1,0.0000,OK
2026-07-07 00:12:52,F1,0.0000,OK
2026-07-07 00:13:02,F1,0.0000,OK
2026-07-07 00:13:12,F1,0.0000,OK
2026-07-07 00:13:23,F1,0.0000,OK
2026-07-07 00:13:33,F1,0.0000,OK
2026-07-07 00:13:43,F1,0.0000,OK
2026-07-07 00:13:54,F1,0.0000,OK
2026-07-07 00:14:04,F1,0.0000,OK
2026-07-07 00:14:14,F1,0.0000,OK
2026-07-07 00:14:25,F1,0.0000,OK
2026-07-07 00:14:35,F1,0.0000,OK
2026-07-07 00:14:45,F1,0.0000,OK
2026-07-07 00:14:55,F1,0.0000,OK
2026-07-07 00:15:06,F1,0.0000,OK
2026-07-07 00:15:16,F1,0.0000,OK
2026-07-07 00:15:26,F1,0.0000,OK
2026-07-07 00:15:37,F1,0.0000,OK
2026-07-07 00:15:47,F1,0.0000,OK
2026-07-07 00:15:57,F1,0.0000,OK
2026-07-07 00:16:08,F1,0.0000,OK
2026-07-07 00:16:18,F1,0.0000,OK
2026-07-07 00:16:28,F1,0.0000,OK
2026-07-07 00:16:39,F1,0.0000,OK
2026-07-07 00:16:49,F1,0.0000,OK
2026-07-07 00:16:59,F1,0.0000,OK
2026-07-07 00:17:10,F1,0.0000,OK
2026-07-07 00:17:20,F1,0.0000,OK
2026-07-07 00:17:30,F1,0.0000,OK
2026-07-07 00:17:41,F1,0.0000,OK
2026-07-07 00:17:51,F1,0.0000,OK
2026-07-07 00:18:01,F1,0.0000,OK
2026-07-07 00:18:12,F1,0.0000,OK
2026-07-07 00:18:22,F1,0.0000,OK
2026-07-07 00:18:32,F1,0.0000,OK
2026-07-07 00:18:42,F1,0.0000,OK
2026-07-07 00:18:53,F1,0.0000,OK
2026-07-07 00:19:03,F1,0.0000,OK
2026-07-07 00:19:13,F1,0.0000,OK
2026-07-07 00:19:24,F1,0.0000,OK
2026-07-07 00:19:34,F1,0.0000,OK
2026-07-07 00:19:44,F1,0.0000,OK
2026-07-07 00:19:55,F1,0.0000,OK
2026-07-07 00:20:05,F1,0.0000,OK
2026-07-07 00:20:15,F1,0.0000,OK
2026-07-07 00:20:26,F1,0.0000,OK
2026-07-07 00:20:36,F1,0.0000,OK
2026-07-07 00:20:46,F1,0.0000,OK
2026-07-07 00:20:57,F1,0.0000,OK
2026-07-07 00:21:07,F1,0.0000,OK
2026-07-07 00:21:17,F1,0.0000,OK
2026-07-07 00:21:27,F1,0.0000,OK
2026-07-07 00:21:38,F1,0.0000,OK
2026-07-07 00:21:48,F1,0.0000,OK
2026-07-07 00:21:58,F1,0.0000,OK
2026-07-07 00:22:09,F1,0.0000,OK
2026-07-07 00:22:19,F1,0.0000,OK
2026-07-07 00:22:29,F1,0.0000,OK
2026-07-07 00:22:40,F1,0.0000,OK
2026-07-07 00:22:50,F1,0.0000,OK
2026-07-07 00:23:00,F1,0.0000,OK
2026-07-07 00:23:11,F1,0.0000,OK
2026-07-07 00:23:21,F1,0.0000,OK
2026-07-07 00:23:31,F1,0.0000,OK
2026-07-07 00:23:42,F1,0.0000,OK
2026-07-07 00:23:52,F1,0.0000,OK
2026-07-07 00:24:02,F1,0.0000,OK
2026-07-07 00:24:13,F1,0.0000,OK
2026-07-07 00:24:23,F1,0.0000,OK
2026-07-07 00:24:33,F1,0.0000,OK
2026-07-07 00:24:44,F1,0.0000,OK
2026-07-07 00:24:54,F1,0.0000,OK
2026-07-07 00:25:04,F1,0.0000,OK
2026-07-07 00:25:15,F1,0.0000,OK
2026-07-07 00:25:25,F1,0.0000,OK
2026-07-07 00:25:35,F1,0.0000,OK
2026-07-07 00:25:46,F1,0.0000,OK
2026-07-07 00:25:56,F1,0.0000,OK
2026-07-07 00:26:06,F1,0.0000,OK
2026-07-07 00:26:17,F1,0.0000,OK
2026-07-07 00:26:27,F1,0.0000,OK
2026-07-07 00:26:37,F1,0.0000,OK
2026-07-07 00:26:47,F1,0.0000,OK
2026-07-07 00:26:58,F1,0.0000,OK
2026-07-07 00:27:08,F1,0.0000,OK
2026-07-07 00:27:18,F1,0.0000,OK
2026-07-07 00:27:29,F1,0.0000,OK
2026-07-07 00:27:39,F1,0.0000,OK
2026-07-07 00:27:49,F1,0.0000,OK
2026-07-07 00:28:00,F1,0.0000,OK
2026-07-07 00:28:10,F1,0.0000,OK
2026-07-07 00:28:20,F1,0.0000,OK
2026-07-07 00:28:31,F1,0.0000,OK
2026-07-07 00:28:41,F1,0.0000,OK
2026-07-07 00:28:51,F1,0.0000,OK
2026-07-07 00:29:02,F1,0.0000,OK
2026-07-07 00:29:12,F1,0.0000,OK
2026-07-07 00:29:22,F1,0.0000,OK
2026-07-07 00:29:33,F1,0.0000,OK
2026-07-07 00:29:43,F1,0.0000,OK
2026-07-07 00:29:53,F1,0.0000,OK
2026-07-07 00:30:03,F1,0.0000,OK
2026-07-07 00:30:14,F1,0.0000,OK
2026-07-07 00:30:24,F1,0.0000,OK
2026-07-07 00:30:34,F1,0.0000,OK
2026-07-07 00:30:45,F1,0.0000,OK
2026-07-07 00:30:55,F1,0.0000,OK
2026-07-07 00:31:06,F1,0.0000,OK
2026-07-07 00:31:16,F1,0.0000,OK
2026-07-07 00:31:26,F1,0.0000,OK
2026-07-07 00:31:36,F1,0.0000,OK
2026-07-07 00:31:47,F1,0.0000,OK
2026-07-07 00:31:57,F1,0.0000,OK
2026-07-07 00:32:07,F1,0.0000,OK
2026-07-07 00:32:18,F1,0.0000,OK
2026-07-07 00:32:28,F1,0.0000,OK
2026-07-07 00:32:38,F1,0.0000,OK
2026-07-07 00:32:49,F1,0.0000,OK
2026-07-07 00:32:59,F1,0.0000,OK
2026-07-07 00:33:09,F1,0.0000,OK
2026-07-07 00:33:20,F1,0.0000,OK
2026-07-07 00:33:30,F1,0.0000,OK
2026-07-07 00:33:40,F1,0.0000,OK
2026-07-07 00:33:51,F1,0.0000,OK
2026-07-07 00:34:01,F1,0.0000,OK
2026-07-07 00:34:11,F1,0.0000,OK
2026-07-07 00:34:22,F1,0.0000,OK
2026-07-07 00:34:32,F1,0.0000,OK
2026-07-07 00:34:42,F1,0.0000,OK
2026-07-07 00:34:53,F1,0.0000,OK
2026-07-07 00:35:03,F1,0.0000,OK
2026-07-07 00:35:13,F1,0.0000,OK
2026-07-07 00:35:24,F1,0.0000,OK
2026-07-07 00:35:34,F1,0.0000,OK
2026-07-07 00:35:44,F1,0.0000,OK
2026-07-07 00:35:54,F1,0.0000,OK
2026-07-07 00:36:05,F1,0.0000,OK
2026-07-07 00:36:15,F1,0.0000,OK
2026-07-07 00:36:25,F1,0.0000,OK
2026-07-07 00:36:36,F1,0.0000,OK
2026-07-07 00:36:46,F1,0.0000,OK
2026-07-07 00:36:56,F1,0.0000,OK
2026-07-07 00:37:07,F1,0.0000,OK
2026-07-07 00:37:17,F1,0.0000,OK
2026-07-07 00:37:27,F1,0.0000,OK
2026-07-07 00:37:38,F1,0.0000,OK
2026-07-07 00:37:48,F1,0.0000,OK
2026-07-07 00:37:58,F1,0.0000,OK
2026-07-07 00:38:08,F1,0.0000,OK
2026-07-07 00:38:19,F1,0.0000,OK
2026-07-07 00:38:29,F1,0.0000,OK
2026-07-07 00:38:39,F1,0.0000,OK
2026-07-07 00:38:50,F1,0.0000,OK
2026-07-07 00:39:00,F1,0.0000,OK
2026-07-07 00:39:10,F1,0.0000,OK
2026-07-07 00:39:21,F1,0.0000,OK
2026-07-07 00:39:31,F1,0.0000,OK
2026-07-07 00:39:41,F1,0.0000,OK
2026-07-07 00:39:52,F1,0.0000,OK
2026-07-07 00:40:02,F1,0.0000,OK
2026-07-07 00:40:12,F1,0.0000,OK
2026-07-07 00:40:23,F1,0.0000,OK
2026-07-07 00:40:33,F1,0.0000,OK
2026-07-07 00:40:43,F1,0.0000,OK
2026-07-07 00:40:54,F1,0.0000,OK
2026-07-07 00:41:04,F1,0.0000,OK
2026-07-07 00:41:14,F1,0.0000,OK
2026-07-07 00:41:25,F1,0.0000,OK
2026-07-07 00:41:35,F1,0.0000,OK
2026-07-07 00:41:45,F1,0.0000,OK
2026-07-07 00:41:56,F1,0.0000,OK
2026-07-07 00:42:07,F1,0.0000,OK
2026-07-07 00:42:17,F1,0.0000,OK
2026-07-07 00:42:27,F1,0.0000,OK
2026-07-07 00:42:38,F1,0.0000,OK
2026-07-07 00:42:48,F1,0.0000,OK
2026-07-07 00:42:58,F1,0.0000,OK
2026-07-07 00:43:09,F1,0.0000,OK
2026-07-07 00:43:19,F1,0.0000,OK
2026-07-07 00:43:29,F1,0.0000,OK
2026-07-07 00:43:40,F1,0.0000,OK
2026-07-07 00:43:50,F1,0.0000,OK
2026-07-07 00:44:00,F1,0.0000,OK
2026-07-07 00:44:10,F1,0.0000,OK
2026-07-07 00:44:21,F1,0.0000,OK
2026-07-07 00:44:31,F1,0.0000,OK
2026-07-07 00:44:41,F1,0.0000,OK
2026-07-07 00:44:52,F1,0.0000,OK
2026-07-07 00:45:02,F1,0.0000,OK
2026-07-07 00:45:12,F1,0.0000,OK
2026-07-07 00:45:23,F1,0.0000,OK
2026-07-07 00:45:33,F1,0.0000,OK
2026-07-07 00:45:43,F1,0.0000,OK
2026-07-07 00:45:54,F1,0.0000,OK
2026-07-07 00:46:04,F1,0.0000,OK
2026-07-07 00:46:14,F1,0.0000,OK
2026-07-07 00:46:24,F1,0.0000,OK
2026-07-07 00:46:35,F1,0.0000,OK
2026-07-07 00:46:45,F1,0.0000,OK
2026-07-07 00:46:55,F1,0.0000,OK
2026-07-07 00:47:06,F1,0.0000,OK
2026-07-07 00:47:16,F1,0.0000,OK
2026-07-07 00:47:26,F1,0.0000,OK
2026-07-07 00:47:37,F1,0.0000,OK
2026-07-07 00:47:47,F1,0.0000,OK
2026-07-07 00:47:57,F1,0.0000,OK
2026-07-07 00:48:08,F1,0.0000,OK
2026-07-07 00:48:18,F1,0.0000,OK
2026-07-07 00:48:28,F1,0.0000,OK
2026-07-07 00:48:39,F1,0.0000,OK
2026-07-07 00:48:49,F1,0.0000,OK
2026-07-07 00:48:59,F1,0.0000,OK
2026-07-07 00:49:10,F1,0.0000,OK
2026-07-07 00:49:20,F1,0.0000,OK
2026-07-07 00:49:30,F1,0.0000,OK
2026-07-07 00:49:40,F1,0.0000,OK
2026-07-07 00:49:51,F1,0.0000,OK
2026-07-07 00:50:01,F1,0.0000,OK
2026-07-07 00:50:11,F1,0.0000,OK
2026-07-07 00:50:22,F1,0.0000,OK
2026-07-07 00:50:32,F1,0.0000,OK
2026-07-07 00:50:42,F1,0.0000,OK
2026-07-07 00:50:53,F1,0.0000,OK
2026-07-07 00:51:03,F1,0.0000,OK
2026-07-07 00:51:13,F1,0.0000,OK
2026-07-07 00:51:24,F1,0.0000,OK
2026-07-07 00:51:34,F1,0.0000,OK
2026-07-07 00:51:44,F1,0.0000,OK
2026-07-07 00:51:55,F1,0.0000,OK
2026-07-07 00:52:05,F1,0.0000,OK
2026-07-07 00:52:15,F1,0.0000,OK
2026-07-07 00:52:25,F1,0.0000,OK
2026-07-07 00:52:36,F1,0.0000,OK
2026-07-07 00:52:46,F1,0.0000,OK
2026-07-07 00:52:56,F1,0.0000,OK
2026-07-07 00:53:07,F1,0.0000,OK
2026-07-07 00:53:17,F1,0.0000,OK
2026-07-07 00:53:27,F1,0.0000,OK
2026-07-07 00:53:38,F1,0.0000,OK
2026-07-07 00:53:48,F1,0.0000,OK
2026-07-07 00:53:58,F1,0.0000,OK
2026-07-07 00:54:09,F1,0.0000,OK
2026-07-07 00:54:19,F1,0.0000,OK
2026-07-07 00:54:29,F1,0.0000,OK
2026-07-07 00:54:40,F1,0.0000,OK
2026-07-07 00:54:50,F1,0.0000,OK
2026-07-07 00:55:00,F1,0.0000,OK
2026-07-07 00:55:10,F1,0.0000,OK
2026-07-07 00:55:21,F1,0.0000,OK
2026-07-07 00:55:31,F1,0.0000,OK
2026-07-07 00:55:41,F1,0.0000,OK
2026-07-07 00:55:52,F1,0.0000,OK
2026-07-07 00:56:02,F1,0.0000,OK
2026-07-07 00:56:12,F1,0.0000,OK
2026-07-07 00:56:23,F1,0.0000,OK
2026-07-07 00:56:33,F1,0.0000,OK
2026-07-07 00:56:43,F1,0.0000,OK
2026-07-07 00:56:54,F1,0.0000,OK
2026-07-07 00:57:04,F1,0.0000,OK
2026-07-07 00:57:14,F1,0.0000,OK
2026-07-07 00:57:25,F1,0.0000,OK
2026-07-07 00:57:35,F1,0.0000,OK
2026-07-07 00:57:45,F1,0.0000,OK
2026-07-07 00:57:56,F1,0.0000,OK
2026-07-07 00:58:06,F1,0.0000,OK
2026-07-07 00:58:16,F1,0.0000,OK
2026-07-07 00:58:27,F1,0.0000,OK
2026-07-07 00:58:37,F1,0.0000,OK
2026-07-07 00:58:47,F1,0.0000,OK
2026-07-07 00:58:58,F1,0.0000,OK
2026-07-07 00:59:08,F1,0.0000,OK
2026-07-07 00:59:18,F1,0.0000,OK
2026-07-07 00:59:28,F1,0.0000,OK
2026-07-07 00:59:39,F1,0.0000,OK
2026-07-07 00:59:49,F1,0.0000,OK
2026-07-07 00:59:59,F1,0.0000,OK
2026-07-07 01:00:10,F1,0.0000,OK
2026-07-07 01:00:20,F1,0.0000,OK
2026-07-07 01:00:30,F1,0.0000,OK
2026-07-07 01:00:41,F1,0.0000,OK
2026-07-07 01:00:51,F1,0.0000,OK
2026-07-07 01:01:01,F1,0.0000,OK
2026-07-07 01:01:12,F1,0.0000,OK
2026-07-07 01:01:22,F1,0.0000,OK
2026-07-07 01:01:32,F1,0.0000,OK
2026-07-07 01:01:43,F1,0.0000,OK
2026-07-07 01:01:53,F1,0.0000,OK
2026-07-07 01:02:03,F1,0.0000,OK
2026-07-07 01:02:13,F1,0.0000,OK
2026-07-07 01:02:24,F1,0.0000,OK
2026-07-07 01:02:34,F1,0.0000,OK
2026-07-07 01:02:45,F1,0.0000,OK
2026-07-07 01:02:55,F1,0.0000,OK
2026-07-07 01:03:05,F1,0.0000,OK
2026-07-07 01:03:15,F1,0.0000,OK
2026-07-07 01:03:26,F1,0.0000,OK
2026-07-07 01:03:36,F1,0.0000,OK
2026-07-07 01:03:46,F1,0.0000,OK
2026-07-07 01:03:57,F1,0.0000,OK
2026-07-07 01:04:07,F1,0.0000,OK
2026-07-07 01:04:17,F1,0.0000,OK
2026-07-07 01:04:28,F1,0.0000,OK
2026-07-07 01:04:38,F1,0.0000,OK
2026-07-07 01:04:48,F1,0.0000,OK
2026-07-07 01:04:59,F1,0.0000,OK
2026-07-07 01:05:09,F1,0.0000,OK
2026-07-07 01:05:19,F1,0.0000,OK
2026-07-07 01:05:30,F1,0.0000,OK
2026-07-07 01:05:40,F1,0.0000,OK
2026-07-07 01:05:50,F1,0.0000,OK
2026-07-07 01:06:01,F1,0.0000,OK
2026-07-07 01:06:11,F1,0.0000,OK
2026-07-07 01:06:21,F1,0.0000,OK
2026-07-07 01:06:31,F1,0.0000,OK
2026-07-07 01:06:42,F1,0.0000,OK
2026-07-07 01:06:52,F1,0.0000,OK
2026-07-07 01:07:02,F1,0.0000,OK
2026-07-07 01:07:13,F1,0.0000,OK
2026-07-07 01:07:23,F1,0.0000,OK
2026-07-07 01:07:33,F1,0.0000,OK
2026-07-07 01:07:44,F1,0.0000,OK
2026-07-07 01:07:54,F1,0.0000,OK
2026-07-07 01:08:04,F1,0.0000,OK
2026-07-07 01:08:15,F1,0.0000,OK
2026-07-07 01:08:25,F1,0.0000,OK
2026-07-07 01:08:35,F1,0.0000,OK
2026-07-07 01:08:46,F1,0.0000,OK
2026-07-07 01:08:56,F1,0.0000,OK
2026-07-07 01:09:06,F1,0.0000,OK
2026-07-07 01:09:17,F1,0.0000,OK
2026-07-07 01:09:27,F1,0.0000,OK
2026-07-07 01:09:37,F1,0.0000,OK
2026-07-07 01:09:48,F1,0.0000,OK
2026-07-07 01:09:58,F1,0.0000,OK
2026-07-07 01:10:08,F1,0.0000,OK
2026-07-07 01:10:19,F1,0.0000,OK
2026-07-07 01:10:29,F1,0.0000,OK
2026-07-07 01:10:39,F1,0.0000,OK
2026-07-07 01:10:49,F1,0.0000,OK
2026-07-07 01:11:00,F1,0.0000,OK
2026-07-07 01:11:10,F1,0.0000,OK
2026-07-07 01:11:20,F1,0.0000,OK
2026-07-07 01:11:31,F1,0.0000,OK
2026-07-07 01:11:41,F1,0.0000,OK
2026-07-07 01:11:51,F1,0.0000,OK
2026-07-07 01:12:02,F1,0.0000,OK
2026-07-07 01:12:12,F1,0.0000,OK
2026-07-07 01:12:22,F1,0.0000,OK
2026-07-07 01:12:33,F1,0.0000,OK
2026-07-07 01:12:43,F1,0.0000,OK
2026-07-07 01:12:53,F1,0.0000,OK
2026-07-07 01:13:04,F1,0.0000,OK
2026-07-07 01:13:14,F1,0.0000,OK
2026-07-07 01:13:24,F1,0.0000,OK
2026-07-07 01:13:35,F1,0.0000,OK
2026-07-07 01:13:45,F1,0.0000,OK
2026-07-07 01:13:55,F1,0.0000,OK
2026-07-07 01:14:06,F1,0.0000,OK
2026-07-07 01:14:16,F1,0.0000,OK
2026-07-07 01:14:26,F1,0.0000,OK
2026-07-07 01:14:37,F1,0.0000,OK
2026-07-07 01:14:47,F1,0.0000,OK
2026-07-07 01:14:57,F1,0.0000,OK
2026-07-07 01:15:07,F1,0.0000,OK
2026-07-07 01:15:18,F1,0.0000,OK
2026-07-07 01:15:28,F1,0.0000,OK
2026-07-07 01:15:38,F1,0.0000,OK
2026-07-07 01:15:49,F1,0.0000,OK
2026-07-07 01:15:59,F1,0.0000,OK
2026-07-07 01:16:09,F1,0.0000,OK
2026-07-07 01:16:20,F1,0.0000,OK
2026-07-07 01:16:30,F1,0.0000,OK
2026-07-07 01:16:40,F1,0.0000,OK
2026-07-07 01:16:51,F1,0.0000,OK
2026-07-07 01:17:01,F1,0.0000,OK
2026-07-07 01:17:11,F1,0.0000,OK
2026-07-07 01:17:22,F1,0.0000,OK
2026-07-07 01:17:32,F1,0.0000,OK
2026-07-07 01:17:42,F1,0.0000,OK
2026-07-07 01:17:52,F1,0.0000,OK
2026-07-07 01:18:03,F1,0.0000,OK
2026-07-07 01:18:13,F1,0.0000,OK
2026-07-07 01:18:23,F1,0.0000,OK
2026-07-07 01:18:34,F1,0.0000,OK
2026-07-07 01:18:44,F1,0.0000,OK
2026-07-07 01:18:54,F1,0.0000,OK
2026-07-07 01:19:05,F1,0.0000,OK
2026-07-07 01:19:15,F1,0.0000,OK
2026-07-07 01:19:25,F1,0.0000,OK
2026-07-07 01:19:36,F1,0.0000,OK
2026-07-07 01:19:46,F1,0.0000,OK
2026-07-07 01:19:56,F1,0.0000,OK
2026-07-07 01:20:07,F1,0.0000,OK
2026-07-07 01:20:17,F1,0.0000,OK
2026-07-07 01:20:27,F1,0.0000,OK
2026-07-07 01:20:38,F1,0.0000,OK
2026-07-07 01:20:48,F1,0.0000,OK
2026-07-07 01:20:58,F1,0.0000,OK
2026-07-07 01:21:09,F1,0.0000,OK
2026-07-07 01:21:19,F1,0.0000,OK
2026-07-07 01:21:29,F1,0.0000,OK
2026-07-07 01:21:39,F1,0.0000,OK
2026-07-07 01:21:50,F1,0.0000,OK
2026-07-07 01:22:00,F1,0.0000,OK
2026-07-07 01:22:10,F1,0.0000,OK
2026-07-07 01:22:21,F1,0.0000,OK
2026-07-07 01:22:31,F1,0.0000,OK
2026-07-07 01:22:41,F1,0.0000,OK
2026-07-07 01:22:52,F1,0.0000,OK
2026-07-07 01:23:02,F1,0.0000,OK
2026-07-07 01:23:12,F1,0.0000,OK
2026-07-07 01:23:23,F1,0.0000,OK
2026-07-07 01:23:33,F1,0.0000,OK
2026-07-07 01:23:43,F1,0.0000,OK
2026-07-07 01:23:53,F1,0.0000,OK
2026-07-07 01:24:04,F1,0.0000,OK
2026-07-07 01:24:14,F1,0.0000,OK
2026-07-07 01:24:24,F1,0.0000,OK
2026-07-07 01:24:35,F1,0.0000,OK
2026-07-07 01:24:45,F1,0.0000,OK
2026-07-07 01:24:55,F1,0.0000,OK
2026-07-07 01:25:06,F1,0.0000,OK
2026-07-07 01:25:16,F1,0.0000,OK
2026-07-07 01:25:26,F1,0.0000,OK
2026-07-07 01:25:37,F1,0.0000,OK
2026-07-07 01:25:47,F1,0.0000,OK
2026-07-07 01:25:57,F1,0.0000,OK
2026-07-07 01:26:08,F1,0.0000,OK
2026-07-07 01:26:18,F1,0.0000,OK
2026-07-07 01:26:28,F1,0.0000,OK
2026-07-07 01:26:39,F1,0.0000,OK
2026-07-07 01:26:49,F1,0.0000,OK
2026-07-07 01:26:59,F1,0.0000,OK
2026-07-07 01:27:10,F1,0.0000,OK
2026-07-07 01:27:20,F1,0.0000,OK
2026-07-07 01:27:30,F1,0.0000,OK
2026-07-07 01:27:41,F1,0.0000,OK
2026-07-07 01:27:51,F1,0.0000,OK
2026-07-07 01:28:01,F1,0.0000,OK
2026-07-07 01:28:12,F1,0.0000,OK
2026-07-07 01:28:22,F1,0.0000,OK
2026-07-07 01:28:32,F1,0.0000,OK
2026-07-07 01:28:43,F1,0.0000,OK
2026-07-07 01:28:53,F1,0.0000,OK
2026-07-07 01:29:03,F1,0.0000,OK
2026-07-07 01:29:13,F1,0.0000,OK
2026-07-07 01:29:24,F1,0.0000,OK
2026-07-07 01:29:34,F1,0.0000,OK
2026-07-07 01:29:44,F1,0.0000,OK
2026-07-07 01:29:55,F1,0.0000,OK
2026-07-07 01:30:05,F1,0.0000,OK
2026-07-07 01:30:15,F1,0.0000,OK
2026-07-07 01:30:26,F1,0.0000,OK
2026-07-07 01:30:36,F1,0.0000,OK
2026-07-07 01:30:46,F1,0.0000,OK
2026-07-07 01:30:57,F1,0.0000,OK
2026-07-07 01:31:07,F1,0.0000,OK
2026-07-07 01:31:17,F1,0.0000,OK
2026-07-07 01:31:27,F1,0.0000,OK
2026-07-07 01:31:38,F1,0.0000,OK
2026-07-07 01:31:48,F1,0.0000,OK
2026-07-07 01:31:58,F1,0.0000,OK
2026-07-07 01:32:09,F1,0.0000,OK
2026-07-07 01:32:19,F1,0.0000,OK
2026-07-07 01:32:29,F1,0.0000,OK
2026-07-07 01:32:40,F1,0.0000,OK
2026-07-07 01:32:50,F1,0.0000,OK
2026-07-07 01:33:00,F1,0.0000,OK
2026-07-07 01:33:11,F1,0.0000,OK
2026-07-07 01:33:21,F1,0.0000,OK
2026-07-07 01:33:31,F1,0.0000,OK
2026-07-07 01:33:42,F1,0.0000,OK
2026-07-07 01:33:52,F1,0.0000,OK
2026-07-07 01:34:02,F1,0.0000,OK
2026-07-07 01:34:13,F1,0.0000,OK
2026-07-07 01:34:23,F1,0.0000,OK
2026-07-07 01:34:33,F1,0.0000,OK
2026-07-07 01:34:44,F1,0.0000,OK
2026-07-07 01:34:54,F1,0.0000,OK
2026-07-07 01:35:04,F1,0.0000,OK
2026-07-07 01:35:15,F1,0.0000,OK
2026-07-07 01:35:25,F1,0.0000,OK
2026-07-07 01:35:35,F1,0.0000,OK
2026-07-07 01:35:46,F1,0.0000,OK
2026-07-07 01:35:56,F1,0.0000,OK
2026-07-07 01:36:06,F1,0.0000,OK
2026-07-07 01:36:17,F1,0.0000,OK
2026-07-07 01:36:27,F1,0.0000,OK
2026-07-07 01:36:37,F1,0.0000,OK
2026-07-07 01:36:47,F1,0.0000,OK
2026-07-07 01:36:58,F1,0.0000,OK
2026-07-07 01:37:08,F1,0.0000,OK
2026-07-07 01:37:18,F1,0.0000,OK
2026-07-07 01:37:29,F1,0.0000,OK
2026-07-07 01:37:39,F1,0.0000,OK
2026-07-07 01:37:49,F1,0.0000,OK
2026-07-07 01:38:00,F1,0.0000,OK
2026-07-07 01:38:10,F1,0.0000,OK
2026-07-07 01:38:20,F1,0.0000,OK
2026-07-07 01:38:31,F1,0.0000,OK
2026-07-07 01:38:41,F1,0.0000,OK
2026-07-07 01:38:51,F1,0.0000,OK
2026-07-07 01:39:02,F1,0.0000,OK
2026-07-07 01:39:12,F1,0.0000,OK
2026-07-07 01:39:22,F1,0.0000,OK
2026-07-07 01:39:33,F1,0.0000,OK
2026-07-07 01:39:43,F1,0.0000,OK
2026-07-07 01:39:53,F1,0.0000,OK
2026-07-07 01:40:03,F1,0.0000,OK
2026-07-07 01:40:14,F1,0.0000,OK
2026-07-07 01:40:24,F1,0.0000,OK
2026-07-07 01:40:34,F1,0.0000,OK
2026-07-07 01:40:45,F1,0.0000,OK
2026-07-07 01:40:55,F1,0.0000,OK
2026-07-07 01:41:05,F1,0.0000,OK
2026-07-07 01:41:16,F1,0.0000,OK
2026-07-07 01:41:26,F1,0.0000,OK
2026-07-07 01:41:36,F1,0.0000,OK
2026-07-07 01:41:47,F1,0.0000,OK
2026-07-07 01:41:57,F1,0.0000,OK
2026-07-07 01:42:07,F1,0.0000,OK
2026-07-07 01:42:18,F1,0.0000,OK
2026-07-07 01:42:28,F1,0.0000,OK
2026-07-07 01:42:38,F1,0.0000,OK
2026-07-07 01:42:49,F1,0.0000,OK
2026-07-07 01:42:59,F1,0.0000,OK
2026-07-07 01:43:09,F1,0.0000,OK
2026-07-07 01:43:20,F1,0.0000,OK
2026-07-07 01:43:30,F1,0.0000,OK
2026-07-07 01:43:40,F1,0.0000,OK
2026-07-07 01:43:51,F1,0.0000,OK
2026-07-07 01:44:01,F1,0.0000,OK
2026-07-07 01:44:11,F1,0.0000,OK
2026-07-07 01:44:22,F1,0.0000,OK
2026-07-07 01:44:32,F1,0.0000,OK
2026-07-07 01:44:42,F1,0.0000,OK
2026-07-07 01:44:52,F1,0.0000,OK
2026-07-07 01:45:03,F1,0.0000,OK
2026-07-07 01:45:13,F1,0.0000,OK
2026-07-07 01:45:23,F1,0.0000,OK
2026-07-07 01:45:34,F1,0.0000,OK
2026-07-07 01:45:44,F1,0.0000,OK
2026-07-07 01:45:54,F1,0.0000,OK
2026-07-07 01:46:05,F1,0.0000,OK
2026-07-07 01:46:15,F1,0.0000,OK
2026-07-07 01:46:25,F1,0.0000,OK
2026-07-07 01:46:36,F1,0.0000,OK
2026-07-07 01:46:46,F1,0.0000,OK
2026-07-07 01:46:56,F1,0.0000,OK
2026-07-07 01:47:07,F1,0.0000,OK
2026-07-07 01:47:17,F1,0.0000,OK
2026-07-07 01:47:27,F1,0.0000,OK
2026-07-07 01:47:38,F1,0.0000,OK
2026-07-07 01:47:48,F1,0.0000,OK
2026-07-07 01:47:58,F1,0.0000,OK
2026-07-07 01:48:09,F1,0.0000,OK
2026-07-07 01:48:19,F1,0.0000,OK
2026-07-07 01:48:29,F1,0.0000,OK
2026-07-07 01:48:40,F1,0.0000,OK
2026-07-07 01:48:50,F1,0.0000,OK
2026-07-07 01:49:00,F1,0.0000,OK
2026-07-07 01:49:11,F1,0.0000,OK
2026-07-07 01:49:21,F1,0.0000,OK
2026-07-07 01:49:31,F1,0.0000,OK
2026-07-07 01:49:42,F1,0.0000,OK
2026-07-07 01:49:52,F1,0.0000,OK
2026-07-07 01:50:02,F1,0.0000,OK
2026-07-07 01:50:13,F1,0.0000,OK
2026-07-07 01:50:23,F1,0.0000,OK
2026-07-07 01:50:33,F1,0.0000,OK
2026-07-07 01:50:44,F1,0.0000,OK
2026-07-07 01:50:54,F1,0.0000,OK
2026-07-07 01:51:04,F1,0.0000,OK
2026-07-07 01:51:15,F1,0.0000,OK
2026-07-07 01:51:25,F1,0.0000,OK
2026-07-07 01:51:35,F1,0.0000,OK
2026-07-07 01:51:45,F1,0.0000,OK
2026-07-07 01:51:56,F1,0.0000,OK
2026-07-07 01:52:06,F1,0.0000,OK
2026-07-07 01:52:16,F1,0.0000,OK
2026-07-07 01:52:27,F1,0.0000,OK
2026-07-07 01:52:37,F1,0.0000,OK
2026-07-07 01:52:47,F1,0.0000,OK
2026-07-07 01:52:58,F1,0.0000,OK
2026-07-07 01:53:08,F1,0.0000,OK
2026-07-07 01:53:18,F1,0.0000,OK
2026-07-07 01:53:29,F1,0.0000,OK
2026-07-07 01:53:39,F1,0.0000,OK
2026-07-07 01:53:49,F1,0.0000,OK
2026-07-07 01:54:00,F1,0.0000,OK
2026-07-07 01:54:10,F1,0.0000,OK
2026-07-07 01:54:20,F1,0.0000,OK
2026-07-07 01:54:31,F1,0.0000,OK
2026-07-07 01:54:41,F1,0.0000,OK
2026-07-07 01:54:51,F1,0.0000,OK
2026-07-07 01:55:02,F1,0.0000,OK
2026-07-07 01:55:12,F1,0.0000,OK
2026-07-07 01:55:22,F1,0.0000,OK
2026-07-07 01:55:33,F1,0.0000,OK
2026-07-07 01:55:43,F1,0.0000,OK
2026-07-07 01:55:53,F1,0.0000,OK
2026-07-07 01:56:04,F1,0.0000,OK
2026-07-07 01:56:14,F1,0.0000,OK
2026-07-07 01:56:24,F1,0.0000,OK
2026-07-07 01:56:34,F1,0.0000,OK
2026-07-07 01:56:45,F1,0.0000,OK
2026-07-07 01:56:55,F1,0.0000,OK
2026-07-07 01:57:05,F1,0.0000,OK
2026-07-07 01:57:16,F1,0.0000,OK
2026-07-07 01:57:26,F1,0.0000,OK
2026-07-07 01:57:36,F1,0.0000,OK
2026-07-07 01:57:47,F1,0.0000,OK
2026-07-07 01:57:57,F1,0.0000,OK
2026-07-07 01:58:07,F1,0.0000,OK
2026-07-07 01:58:18,F1,0.0000,OK
2026-07-07 01:58:28,F1,0.0000,OK
2026-07-07 01:58:38,F1,0.0000,OK
2026-07-07 01:58:49,F1,0.0000,OK
2026-07-07 01:58:59,F1,0.0000,OK
2026-07-07 01:59:09,F1,0.0000,OK
2026-07-07 01:59:19,F1,0.0000,OK
2026-07-07 01:59:30,F1,0.0000,OK
2026-07-07 01:59:40,F1,0.0000,OK
2026-07-07 01:59:50,F1,0.0000,OK
2026-07-07 02:00:01,F1,0.0000,OK
2026-07-07 02:00:11,F1,0.0000,OK
2026-07-07 02:00:21,F1,0.0000,OK
2026-07-07 02:00:32,F1,0.0000,OK
2026-07-07 02:00:42,F1,0.0000,OK
2026-07-07 02:00:52,F1,0.0000,OK
2026-07-07 02:01:03,F1,0.0000,OK
2026-07-07 02:01:13,F1,0.0000,OK
2026-07-07 02:01:23,F1,0.0000,OK
2026-07-07 02:01:34,F1,0.0000,OK
2026-07-07 02:01:44,F1,0.0000,OK
2026-07-07 02:01:54,F1,0.0000,OK
2026-07-07 02:02:05,F1,0.0000,OK
2026-07-07 02:02:15,F1,0.0000,OK
2026-07-07 02:02:25,F1,0.0000,OK
2026-07-07 02:02:36,F1,0.0000,OK
2026-07-07 02:02:46,F1,0.0000,OK
2026-07-07 02:02:56,F1,0.0000,OK
2026-07-07 02:03:07,F1,0.0000,OK
2026-07-07 02:03:17,F1,0.0000,OK
2026-07-07 02:03:27,F1,0.0000,OK
2026-07-07 02:03:37,F1,0.0000,OK
2026-07-07 02:03:48,F1,0.0000,OK
2026-07-07 02:03:58,F1,0.0000,OK
2026-07-07 02:04:08,F1,0.0000,OK
2026-07-07 02:04:19,F1,0.0000,OK
2026-07-07 02:04:29,F1,0.0000,OK
2026-07-07 02:04:39,F1,0.0000,OK
2026-07-07 02:04:50,F1,0.0000,OK
2026-07-07 02:05:00,F1,0.0000,OK
2026-07-07 02:05:10,F1,0.0000,OK
2026-07-07 02:05:21,F1,0.0000,OK
2026-07-07 02:05:31,F1,0.0000,OK
2026-07-07 02:05:41,F1,0.0000,OK
2026-07-07 02:05:52,F1,0.0000,OK
2026-07-07 02:06:02,F1,0.0000,OK
2026-07-07 02:06:12,F1,0.0000,OK
2026-07-07 02:06:23,F1,0.0000,OK
2026-07-07 02:06:33,F1,0.0000,OK
2026-07-07 02:06:43,F1,0.0000,OK
2026-07-07 02:06:54,F1,0.0000,OK
2026-07-07 02:07:04,F1,0.0000,OK
2026-07-07 02:07:14,F1,0.0000,OK
2026-07-07 02:07:25,F1,0.0000,OK
2026-07-07 02:07:35,F1,0.0000,OK
2026-07-07 02:07:45,F1,0.0000,OK
2026-07-07 02:07:55,F1,0.0000,OK
2026-07-07 02:08:06,F1,0.0000,OK
2026-07-07 02:08:16,F1,0.0000,OK
2026-07-07 02:08:26,F1,0.0000,OK
2026-07-07 02:08:37,F1,0.0000,OK
2026-07-07 02:08:47,F1,0.0000,OK
2026-07-07 02:08:57,F1,0.0000,OK
2026-07-07 02:09:08,F1,0.0000,OK
2026-07-07 02:09:18,F1,0.0000,OK
2026-07-07 02:09:28,F1,0.0000,OK
2026-07-07 02:09:39,F1,0.0000,OK
2026-07-07 02:09:49,F1,0.0000,OK
2026-07-07 02:09:59,F1,0.0000,OK
2026-07-07 02:10:09,F1,0.0000,OK
2026-07-07 02:10:20,F1,0.0000,OK
2026-07-07 02:10:30,F1,0.0000,OK
2026-07-07 02:10:40,F1,0.0000,OK
2026-07-07 02:10:51,F1,0.0000,OK
2026-07-07 02:11:01,F1,0.0000,OK
2026-07-07 02:11:11,F1,0.0000,OK
2026-07-07 02:11:22,F1,0.0000,OK
2026-07-07 02:11:32,F1,0.0000,OK
2026-07-07 02:11:42,F1,0.0000,OK
2026-07-07 02:11:53,F1,0.0000,OK
2026-07-07 02:12:03,F1,0.0000,OK
2026-07-07 02:12:13,F1,0.0000,OK
2026-07-07 02:12:24,F1,0.0000,OK
2026-07-07 02:12:34,F1,0.0000,OK
2026-07-07 02:12:44,F1,0.0000,OK
2026-07-07 02:12:54,F1,0.0000,OK
2026-07-07 02:13:05,F1,0.0000,OK
2026-07-07 02:13:15,F1,0.0000,OK
2026-07-07 02:13:26,F1,0.0000,OK
2026-07-07 02:13:36,F1,0.0000,OK
2026-07-07 02:13:46,F1,0.0000,OK
2026-07-07 02:13:56,F1,0.0000,OK
2026-07-07 02:14:07,F1,0.0000,OK
2026-07-07 02:14:17,F1,0.0000,OK
2026-07-07 02:14:27,F1,0.0000,OK
2026-07-07 02:14:38,F1,0.0000,OK
2026-07-07 02:14:48,F1,0.0000,OK
2026-07-07 02:14:58,F1,0.0000,OK
2026-07-07 02:15:09,F1,0.0000,OK
2026-07-07 02:15:19,F1,0.0000,OK
2026-07-07 02:15:29,F1,0.0000,OK
2026-07-07 02:15:40,F1,0.0000,OK
2026-07-07 02:15:50,F1,0.0000,OK
2026-07-07 02:16:00,F1,0.0000,OK
2026-07-07 02:16:11,F1,0.0000,OK
2026-07-07 02:16:21,F1,0.0000,OK
2026-07-07 02:16:31,F1,0.0000,OK
2026-07-07 02:16:42,F1,0.0000,OK
2026-07-07 02:16:52,F1,0.0000,OK
2026-07-07 02:17:02,F1,0.0000,OK
2026-07-07 02:17:12,F1,0.0000,OK
2026-07-07 02:17:23,F1,0.0000,OK
2026-07-07 02:17:33,F1,0.0000,OK
2026-07-07 02:17:43,F1,0.0000,OK
2026-07-07 02:17:54,F1,0.0000,OK
2026-07-07 02:18:04,F1,0.0000,OK
2026-07-07 02:18:14,F1,0.0000,OK
2026-07-07 02:18:25,F1,0.0000,OK
2026-07-07 02:18:35,F1,0.0000,OK
2026-07-07 02:18:45,F1,0.0000,OK
2026-07-07 02:18:56,F1,0.0000,OK
2026-07-07 02:19:06,F1,0.0000,OK
2026-07-07 02:19:16,F1,0.0000,OK
2026-07-07 02:19:27,F1,0.0000,OK
2026-07-07 02:19:37,F1,0.0000,OK
2026-07-07 02:19:47,F1,0.0000,OK
2026-07-07 02:19:58,F1,0.0000,OK
2026-07-07 02:20:08,F1,0.0000,OK
2026-07-07 02:20:18,F1,0.0000,OK
2026-07-07 02:20:29,F1,0.0000,OK
2026-07-07 02:20:39,F1,0.0000,OK
2026-07-07 02:20:49,F1,0.0000,OK
2026-07-07 02:21:00,F1,0.0000,OK
2026-07-07 02:21:10,F1,0.0000,OK
2026-07-07 02:21:20,F1,0.0000,OK
2026-07-07 02:21:31,F1,0.0000,OK
2026-07-07 02:21:41,F1,0.0000,OK
2026-07-07 02:21:51,F1,0.0000,OK
2026-07-07 02:22:01,F1,0.0000,OK
2026-07-07 02:22:12,F1,0.0000,OK
2026-07-07 02:22:22,F1,0.0000,OK
2026-07-07 02:22:32,F1,0.0000,OK
2026-07-07 02:22:43,F1,0.0000,OK
2026-07-07 02:22:53,F1,0.0000,OK
2026-07-07 02:23:04,F1,0.0000,OK
2026-07-07 02:23:14,F1,0.0000,OK
2026-07-07 02:23:24,F1,0.0000,OK
2026-07-07 02:23:35,F1,0.0000,OK
2026-07-07 02:23:45,F1,0.0000,OK
2026-07-07 02:23:55,F1,0.0000,OK
2026-07-07 02:24:05,F1,0.0000,OK
2026-07-07 02:24:16,F1,0.0000,OK
2026-07-07 02:24:26,F1,0.0000,OK
2026-07-07 02:24:36,F1,0.0000,OK
2026-07-07 02:24:47,F1,0.0000,OK
2026-07-07 02:24:57,F1,0.0000,OK
2026-07-07 02:25:07,F1,0.0000,OK
2026-07-07 02:25:18,F1,0.0000,OK
2026-07-07 02:25:28,F1,0.0000,OK
2026-07-07 02:25:38,F1,0.0000,OK
2026-07-07 02:25:49,F1,0.0000,OK
2026-07-07 02:25:59,F1,0.0000,OK
2026-07-07 02:26:09,F1,0.0000,OK
2026-07-07 02:26:20,F1,0.0000,OK
2026-07-07 02:26:30,F1,0.0000,OK
2026-07-07 02:26:40,F1,0.0000,OK
2026-07-07 02:26:51,F1,0.0000,OK
2026-07-07 02:27:01,F1,0.0000,OK
2026-07-07 02:27:11,F1,0.0000,OK
2026-07-07 02:27:22,F1,0.0000,OK
2026-07-07 02:27:32,F1,0.0000,OK
2026-07-07 02:27:42,F1,0.0000,OK
2026-07-07 02:27:53,F1,0.0000,OK
2026-07-07 02:28:03,F1,0.0000,OK
2026-07-07 02:28:13,F1,0.0000,OK
2026-07-07 02:28:24,F1,0.0000,OK
2026-07-07 02:28:34,F1,0.0000,OK
2026-07-07 02:28:44,F1,0.0000,OK
2026-07-07 02:28:55,F1,0.0000,OK
2026-07-07 02:29:05,F1,0.0000,OK
2026-07-07 02:29:15,F1,0.0000,OK
2026-07-07 02:29:26,F1,0.0000,OK
2026-07-07 02:29:36,F1,0.0000,OK
2026-07-07 02:29:46,F1,0.0000,OK
2026-07-07 02:29:56,F1,0.0000,OK
2026-07-07 02:30:07,F1,0.0000,OK
2026-07-07 02:30:17,F1,0.0000,OK
2026-07-07 02:30:28,F1,0.0000,OK
2026-07-07 02:30:39,F1,0.0000,OK
2026-07-07 02:30:49,F1,0.0000,OK
2026-07-07 02:30:59,F1,0.0000,OK
2026-07-07 02:31:10,F1,0.0000,OK
2026-07-07 02:31:20,F1,0.0000,OK
2026-07-07 02:31:30,F1,0.0000,OK
2026-07-07 02:31:41,F1,0.0000,OK
2026-07-07 02:31:51,F1,0.0000,OK
2026-07-07 02:32:01,F1,0.0000,OK
2026-07-07 02:32:12,F1,0.0000,OK
2026-07-07 02:32:22,F1,0.0000,OK
2026-07-07 02:32:32,F1,0.0000,OK
2026-07-07 02:32:43,F1,0.0000,OK
2026-07-07 02:32:53,F1,0.0000,OK
2026-07-07 02:33:03,F1,0.0000,OK
2026-07-07 02:33:14,F1,0.0000,OK
2026-07-07 02:33:24,F1,0.0000,OK
2026-07-07 02:33:34,F1,0.0000,OK
2026-07-07 02:33:45,F1,0.0000,OK
2026-07-07 02:33:55,F1,0.0000,OK
2026-07-07 02:34:05,F1,0.0000,OK
2026-07-07 02:34:16,F1,0.0000,OK
2026-07-07 02:34:26,F1,0.0000,OK
2026-07-07 02:34:36,F1,0.0000,OK
2026-07-07 02:34:46,F1,0.0000,OK
2026-07-07 02:34:57,F1,0.0000,OK
2026-07-07 02:35:07,F1,0.0000,OK
2026-07-07 02:35:17,F1,0.0000,OK
2026-07-07 02:35:28,F1,0.0000,OK
2026-07-07 02:35:38,F1,0.0000,OK
2026-07-07 02:35:48,F1,0.0000,OK
2026-07-07 02:35:59,F1,0.0000,OK
2026-07-07 02:36:09,F1,0.0000,OK
2026-07-07 02:36:19,F1,0.0000,OK
2026-07-07 02:36:30,F1,0.0000,OK
2026-07-07 02:36:40,F1,0.0000,OK
2026-07-07 02:36:50,F1,0.0000,OK
2026-07-07 02:37:01,F1,0.0000,OK
2026-07-07 02:37:11,F1,0.0000,OK
2026-07-07 02:37:21,F1,0.0000,OK
2026-07-07 02:37:32,F1,0.0000,OK
2026-07-07 02:37:42,F1,0.0000,OK
2026-07-07 02:37:52,F1,0.0000,OK
2026-07-07 02:38:03,F1,0.0000,OK
2026-07-07 02:38:13,F1,0.0000,OK
2026-07-07 02:38:23,F1,0.0000,OK
2026-07-07 02:38:34,F1,0.0000,OK
2026-07-07 02:38:44,F1,0.0000,OK
2026-07-07 02:38:54,F1,0.0000,OK
2026-07-07 02:39:04,F1,0.0000,OK
2026-07-07 02:39:15,F1,0.0000,OK
2026-07-07 02:39:25,F1,0.0000,OK
2026-07-07 02:39:35,F1,0.0000,OK
2026-07-07 02:39:46,F1,0.0000,OK
2026-07-07 02:39:56,F1,0.0000,OK
2026-07-07 02:40:06,F1,0.0000,OK
2026-07-07 02:40:17,F1,0.0000,OK
2026-07-07 02:40:27,F1,0.0000,OK
2026-07-07 02:40:37,F1,0.0000,OK
2026-07-07 02:40:48,F1,0.0000,OK
2026-07-07 02:40:58,F1,0.0000,OK
2026-07-07 02:41:08,F1,0.0000,OK
2026-07-07 02:41:19,F1,0.0000,OK
2026-07-07 02:41:29,F1,0.0000,OK
2026-07-07 02:41:39,F1,0.0000,OK
2026-07-07 02:41:50,F1,0.0000,OK
2026-07-07 02:42:00,F1,0.0000,OK
2026-07-07 02:42:10,F1,0.0000,OK
2026-07-07 02:42:20,F1,0.0000,OK
2026-07-07 02:42:31,F1,0.0000,OK
2026-07-07 02:42:41,F1,0.0000,OK
2026-07-07 02:42:51,F1,0.0000,OK
2026-07-07 02:43:02,F1,0.0000,OK
2026-07-07 02:43:12,F1,0.0000,OK
2026-07-07 02:43:22,F1,0.0000,OK
2026-07-07 02:43:33,F1,0.0000,OK
2026-07-07 02:43:43,F1,0.0000,OK
2026-07-07 02:43:53,F1,0.0000,OK
2026-07-07 02:44:04,F1,0.0000,OK
2026-07-07 02:44:14,F1,0.0000,OK
2026-07-07 02:44:24,F1,0.0000,OK
2026-07-07 02:44:35,F1,0.0000,OK
2026-07-07 02:44:45,F1,0.0000,OK
2026-07-07 02:44:55,F1,0.0000,OK
2026-07-07 02:45:05,F1,0.0000,OK
2026-07-07 02:45:16,F1,0.0000,OK
2026-07-07 02:45:26,F1,0.0000,OK
2026-07-07 02:45:36,F1,0.0000,OK
2026-07-07 02:45:47,F1,0.0000,OK
2026-07-07 02:45:57,F1,0.0000,OK
2026-07-07 02:46:07,F1,0.0000,OK
2026-07-07 02:46:18,F1,0.0000,OK
2026-07-07 02:46:28,F1,0.0000,OK
2026-07-07 02:46:38,F1,0.0000,OK
2026-07-07 02:46:49,F1,0.0000,OK
2026-07-07 02:46:59,F1,0.0000,OK
2026-07-07 02:47:09,F1,0.0000,OK
2026-07-07 02:47:20,F1,0.0000,OK
2026-07-07 02:47:30,F1,0.0000,OK
2026-07-07 02:47:40,F1,0.0000,OK
2026-07-07 02:47:51,F1,0.0000,OK
2026-07-07 02:48:01,F1,0.0000,OK
2026-07-07 02:48:11,F1,0.0000,OK
2026-07-07 02:48:21,F1,0.0000,OK
2026-07-07 02:48:32,F1,0.0000,OK
2026-07-07 02:48:42,F1,0.0000,OK
2026-07-07 02:48:53,F1,0.0000,OK
2026-07-07 02:49:03,F1,0.0000,OK
2026-07-07 02:49:13,F1,0.0000,OK
2026-07-07 02:49:24,F1,0.0000,OK
2026-07-07 02:49:34,F1,0.0000,OK
2026-07-07 02:49:44,F1,0.0000,OK
2026-07-07 02:49:55,F1,0.0000,OK
2026-07-07 02:50:05,F1,0.0000,OK
2026-07-07 02:50:15,F1,0.0000,OK
2026-07-07 02:50:25,F1,0.0000,OK
2026-07-07 02:50:36,F1,0.0000,OK
2026-07-07 02:50:46,F1,0.0000,OK
2026-07-07 02:50:56,F1,0.0000,OK
2026-07-07 02:51:07,F1,0.0000,OK
2026-07-07 02:51:17,F1,0.0000,OK
2026-07-07 02:51:27,F1,0.0000,OK
2026-07-07 02:51:38,F1,0.0000,OK
2026-07-07 02:51:48,F1,0.0000,OK
2026-07-07 02:51:58,F1,0.0000,OK
2026-07-07 02:52:09,F1,0.0000,OK
2026-07-07 02:52:19,F1,0.0000,OK
2026-07-07 02:52:29,F1,0.0000,OK
2026-07-07 02:52:40,F1,0.0000,OK
2026-07-07 02:52:50,F1,0.0000,OK
2026-07-07 02:53:00,F1,0.0000,OK
2026-07-07 02:53:10,F1,0.0000,OK
2026-07-07 02:53:21,F1,0.0000,OK
2026-07-07 02:53:31,F1,0.0000,OK
2026-07-07 02:53:41,F1,0.0000,OK
2026-07-07 02:53:52,F1,0.0000,OK
2026-07-07 02:54:02,F1,0.0000,OK
2026-07-07 02:54:12,F1,0.0000,OK
2026-07-07 02:54:23,F1,0.0000,OK
2026-07-07 02:54:33,F1,0.0000,OK
2026-07-07 02:54:43,F1,0.0000,OK
2026-07-07 02:54:54,F1,0.0000,OK
2026-07-07 02:55:04,F1,0.0000,OK
2026-07-07 02:55:14,F1,0.0000,OK
2026-07-07 02:55:25,F1,0.0000,OK
2026-07-07 02:55:35,F1,0.0000,OK
2026-07-07 02:55:45,F1,0.0000,OK
2026-07-07 02:55:55,F1,0.0000,OK
2026-07-07 02:56:06,F1,0.0000,OK
2026-07-07 02:56:16,F1,0.0000,OK
2026-07-07 02:56:26,F1,0.0000,OK
2026-07-07 02:56:37,F1,0.0000,OK
2026-07-07 02:56:47,F1,0.0000,OK
2026-07-07 02:56:57,F1,0.0000,OK
2026-07-07 02:57:08,F1,0.0000,OK
2026-07-07 02:57:18,F1,0.0000,OK
2026-07-07 02:57:28,F1,0.0000,OK
2026-07-07 02:57:39,F1,0.0000,OK
2026-07-07 02:57:49,F1,0.0000,OK
2026-07-07 02:57:59,F1,0.0000,OK
2026-07-07 02:58:09,F1,0.0000,OK
2026-07-07 02:58:20,F1,0.0000,OK
2026-07-07 02:58:30,F1,0.0000,OK
2026-07-07 02:58:40,F1,0.0000,OK
2026-07-07 02:58:51,F1,0.0000,OK
2026-07-07 02:59:01,F1,0.0000,OK
2026-07-07 02:59:11,F1,0.0000,OK
2026-07-07 02:59:22,F1,0.0000,OK
2026-07-07 02:59:32,F1,0.0000,OK
2026-07-07 02:59:42,F1,0.0000,OK
2026-07-07 02:59:53,F1,0.0000,OK
2026-07-07 03:00:03,F1,0.0000,OK
2026-07-07 03:00:13,F1,0.0000,OK
2026-07-07 03:00:24,F1,0.0000,OK
2026-07-07 03:00:34,F1,0.0000,OK
2026-07-07 03:00:44,F1,0.0000,OK
2026-07-07 03:00:55,F1,0.0000,OK
2026-07-07 03:01:05,F1,0.0000,OK
2026-07-07 03:01:15,F1,0.0000,OK
2026-07-07 03:01:26,F1,0.0000,OK
2026-07-07 03:01:36,F1,0.0000,OK
2026-07-07 03:01:46,F1,0.0000,OK
2026-07-07 03:01:57,F1,0.0000,OK
2026-07-07 03:02:07,F1,0.0000,OK
2026-07-07 03:02:17,F1,0.0000,OK
2026-07-07 03:02:28,F1,0.0000,OK
2026-07-07 03:02:38,F1,0.0000,OK
2026-07-07 03:02:48,F1,0.0000,OK
2026-07-07 03:02:59,F1,0.0000,OK
2026-07-07 03:03:09,F1,0.0000,OK
2026-07-07 03:03:19,F1,0.0000,OK
2026-07-07 03:03:30,F1,0.0000,OK
2026-07-07 03:03:40,F1,0.0000,OK
2026-07-07 03:03:50,F1,0.0000,OK
2026-07-07 03:04:01,F1,0.0000,OK
2026-07-07 03:04:11,F1,0.0000,OK
2026-07-07 03:04:21,F1,0.0000,OK
2026-07-07 03:04:31,F1,0.0000,OK
2026-07-07 03:04:42,F1,0.0000,OK
2026-07-07 03:04:52,F1,0.0000,OK
2026-07-07 03:05:02,F1,0.0000,OK
2026-07-07 03:05:13,F1,0.0000,OK
2026-07-07 03:05:23,F1,0.0000,OK
2026-07-07 03:05:33,F1,0.0000,OK
2026-07-07 03:05:44,F1,0.0000,OK
2026-07-07 03:05:54,F1,0.0000,OK
2026-07-07 03:06:04,F1,0.0000,OK
2026-07-07 03:06:15,F1,0.0000,OK
2026-07-07 03:06:25,F1,0.0000,OK
2026-07-07 03:06:35,F1,0.0000,OK
2026-07-07 03:06:46,F1,0.0000,OK
2026-07-07 03:06:56,F1,0.0000,OK
2026-07-07 03:07:06,F1,0.0000,OK
2026-07-07 03:07:17,F1,0.0000,OK
2026-07-07 03:07:27,F1,0.0000,OK
2026-07-07 03:07:37,F1,0.0000,OK
2026-07-07 03:07:48,F1,0.0000,OK
2026-07-07 03:07:58,F1,0.0000,OK
2026-07-07 03:08:08,F1,0.0000,OK
2026-07-07 03:08:19,F1,0.0000,OK
2026-07-07 03:08:29,F1,0.0000,OK
2026-07-07 03:08:39,F1,0.0000,OK
2026-07-07 03:08:50,F1,0.0000,OK
2026-07-07 03:09:00,F1,0.0000,OK
2026-07-07 03:09:10,F1,0.0000,OK
2026-07-07 03:09:21,F1,0.0000,OK
2026-07-07 03:09:31,F1,0.0000,OK
2026-07-07 03:09:41,F1,0.0000,OK
2026-07-07 03:09:52,F1,0.0000,OK
2026-07-07 03:10:02,F1,0.0000,OK
2026-07-07 03:10:12,F1,0.0000,OK
2026-07-07 03:10:23,F1,0.0000,OK
2026-07-07 03:10:33,F1,0.0000,OK
2026-07-07 03:10:43,F1,0.0000,OK
2026-07-07 03:10:54,F1,0.0000,OK
2026-07-07 03:11:04,F1,0.0000,OK
2026-07-07 03:11:14,F1,0.0000,OK
2026-07-07 03:11:25,F1,0.0000,OK
2026-07-07 03:11:35,F1,0.0000,OK
2026-07-07 03:11:45,F1,0.0000,OK
2026-07-07 03:11:56,F1,0.0000,OK
2026-07-07 03:12:06,F1,0.0000,OK
2026-07-07 03:12:16,F1,0.0000,OK
2026-07-07 03:12:27,F1,0.0000,OK
2026-07-07 03:12:37,F1,0.0000,OK
2026-07-07 03:12:47,F1,0.0000,OK
2026-07-07 03:12:57,F1,0.0000,OK
2026-07-07 03:13:08,F1,0.0000,OK
2026-07-07 03:13:18,F1,0.0000,OK
2026-07-07 03:13:28,F1,0.0000,OK
2026-07-07 03:13:39,F1,0.0000,OK
2026-07-07 03:13:49,F1,0.0000,OK
2026-07-07 03:13:59,F1,0.0000,OK
2026-07-07 03:14:10,F1,0.0000,OK
2026-07-07 03:14:20,F1,0.0000,OK
2026-07-07 03:14:30,F1,0.0000,OK
2026-07-07 03:14:41,F1,0.0000,OK
2026-07-07 03:14:51,F1,0.0000,OK
2026-07-07 03:15:01,F1,0.0000,OK
2026-07-07 03:15:12,F1,0.0000,OK
2026-07-07 03:15:22,F1,0.0000,OK
2026-07-07 03:15:32,F1,0.0000,OK
2026-07-07 03:15:43,F1,0.0000,OK
2026-07-07 03:15:53,F1,0.0000,OK
2026-07-07 03:16:03,F1,0.0000,OK
2026-07-07 03:16:13,F1,0.0000,OK
2026-07-07 03:16:24,F1,0.0000,OK
2026-07-07 03:16:34,F1,0.0000,OK
2026-07-07 03:16:44,F1,0.0000,OK
2026-07-07 03:16:55,F1,0.0000,OK
2026-07-07 03:17:05,F1,0.0000,OK
2026-07-07 03:17:15,F1,0.0000,OK
2026-07-07 03:17:26,F1,0.0000,OK
2026-07-07 03:17:36,F1,0.0000,OK
2026-07-07 03:17:46,F1,0.0000,OK
2026-07-07 03:17:57,F1,0.0000,OK
2026-07-07 03:18:07,F1,0.0000,OK
2026-07-07 03:18:17,F1,0.0000,OK
2026-07-07 03:18:28,F1,0.0000,OK
2026-07-07 03:18:38,F1,0.0000,OK
2026-07-07 03:18:48,F1,0.0000,OK
2026-07-07 03:18:59,F1,0.0000,OK
2026-07-07 03:19:09,F1,0.0000,OK
2026-07-07 03:19:19,F1,0.0000,OK
2026-07-07 03:19:30,F1,0.0000,OK
2026-07-07 03:19:40,F1,0.0000,OK
2026-07-07 03:19:50,F1,0.0000,OK
2026-07-07 03:20:00,F1,0.0000,OK
2026-07-07 03:20:11,F1,0.0000,OK
2026-07-07 03:20:21,F1,0.0000,OK
2026-07-07 03:20:31,F1,0.0000,OK
2026-07-07 03:20:42,F1,0.0000,OK
2026-07-07 03:20:52,F1,0.0000,OK
2026-07-07 03:21:02,F1,0.0000,OK
2026-07-07 03:21:13,F1,0.0000,OK
2026-07-07 03:21:23,F1,0.0000,OK
2026-07-07 03:21:33,F1,0.0000,OK
2026-07-07 03:21:44,F1,0.0000,OK
2026-07-07 03:21:54,F1,0.0000,OK
2026-07-07 03:22:04,F1,0.0000,OK
2026-07-07 03:22:15,F1,0.0000,OK
2026-07-07 03:22:25,F1,0.0000,OK
2026-07-07 03:22:35,F1,0.0000,OK
2026-07-07 03:22:46,F1,0.0000,OK
2026-07-07 03:22:56,F1,0.0000,OK
2026-07-07 03:23:06,F1,0.0000,OK
2026-07-07 03:23:17,F1,0.0000,OK
2026-07-07 03:23:27,F1,0.0000,OK
2026-07-07 03:23:37,F1,0.0000,OK
2026-07-07 03:23:48,F1,0.0000,OK
2026-07-07 03:23:58,F1,0.0000,OK
2026-07-07 03:24:08,F1,0.0000,OK
2026-07-07 03:24:19,F1,0.0000,OK
2026-07-07 03:24:29,F1,0.0000,OK
2026-07-07 03:24:39,F1,0.0000,OK
2026-07-07 03:24:50,F1,0.0000,OK
2026-07-07 03:25:00,F1,0.0000,OK
2026-07-07 03:25:10,F1,0.0000,OK
2026-07-07 03:25:21,F1,0.0000,OK
2026-07-07 03:25:31,F1,0.0000,OK
2026-07-07 03:25:41,F1,0.0000,OK
2026-07-07 03:25:52,F1,0.0000,OK
2026-07-07 03:26:02,F1,0.0000,OK
2026-07-07 03:26:12,F1,0.0000,OK
2026-07-07 03:26:23,F1,0.0000,OK
2026-07-07 03:26:33,F1,0.0000,OK
2026-07-07 03:26:43,F1,0.0000,OK
2026-07-07 03:26:54,F1,0.0000,OK
2026-07-07 03:27:04,F1,0.0000,OK
2026-07-07 03:27:14,F1,0.0000,OK
2026-07-07 03:27:25,F1,0.0000,OK
2026-07-07 03:27:35,F1,0.0000,OK
2026-07-07 03:27:45,F1,0.0000,OK
2026-07-07 03:27:56,F1,0.0000,OK
2026-07-07 03:28:06,F1,0.0000,OK
2026-07-07 03:28:16,F1,0.0000,OK
2026-07-07 03:28:26,F1,0.0000,OK
2026-07-07 03:28:37,F1,0.0000,OK
2026-07-07 03:28:47,F1,0.0000,OK
2026-07-07 03:28:57,F1,0.0000,OK
2026-07-07 03:29:08,F1,0.0000,OK
2026-07-07 03:29:18,F1,0.0000,OK
2026-07-07 03:29:28,F1,0.0000,OK
2026-07-07 03:29:39,F1,0.0000,OK
2026-07-07 03:29:49,F1,0.0000,OK
2026-07-07 03:29:59,F1,0.0000,OK
2026-07-07 03:30:10,F1,0.0000,OK
2026-07-07 03:30:20,F1,0.0000,OK
2026-07-07 03:30:30,F1,0.0000,OK
2026-07-07 03:30:41,F1,0.0000,OK
2026-07-07 03:30:51,F1,0.0000,OK
2026-07-07 03:31:01,F1,0.0000,OK
2026-07-07 03:31:12,F1,0.0000,OK
2026-07-07 03:31:22,F1,0.0000,OK
2026-07-07 03:31:32,F1,0.0000,OK
2026-07-07 03:31:43,F1,0.0000,OK
2026-07-07 03:31:53,F1,0.0000,OK
2026-07-07 03:32:03,F1,0.0000,OK
2026-07-07 03:32:14,F1,0.0000,OK
2026-07-07 03:32:24,F1,0.0000,OK
2026-07-07 03:32:34,F1,0.0000,OK
2026-07-07 03:32:45,F1,0.0000,OK
2026-07-07 03:32:55,F1,0.0000,OK
2026-07-07 03:33:05,F1,0.0000,OK
2026-07-07 03:33:15,F1,0.0000,OK
2026-07-07 03:33:26,F1,0.0000,OK
2026-07-07 03:33:36,F1,0.0000,OK
2026-07-07 03:33:46,F1,0.0000,OK
2026-07-07 03:33:57,F1,0.0000,OK
2026-07-07 03:34:07,F1,0.0000,OK
2026-07-07 03:34:17,F1,0.0000,OK
2026-07-07 03:34:28,F1,0.0000,OK
2026-07-07 03:34:38,F1,0.0000,OK
2026-07-07 03:34:48,F1,0.0000,OK
2026-07-07 03:34:59,F1,0.0000,OK
2026-07-07 03:35:09,F1,0.0000,OK
2026-07-07 03:35:19,F1,0.0000,OK
2026-07-07 03:35:30,F1,0.0000,OK
2026-07-07 03:35:40,F1,0.0000,OK
2026-07-07 03:35:50,F1,0.0000,OK
2026-07-07 03:36:01,F1,0.0000,OK
2026-07-07 03:36:11,F1,0.0000,OK
2026-07-07 03:36:21,F1,0.0000,OK
2026-07-07 03:36:32,F1,0.0000,OK
2026-07-07 03:36:42,F1,0.0000,OK
2026-07-07 03:36:52,F1,0.0000,OK
2026-07-07 03:37:03,F1,0.0000,OK
2026-07-07 03:37:13,F1,0.0000,OK
2026-07-07 03:37:23,F1,0.0000,OK
2026-07-07 03:37:34,F1,0.0000,OK
2026-07-07 03:37:44,F1,0.0000,OK
2026-07-07 03:37:54,F1,0.0000,OK
2026-07-07 03:38:05,F1,0.0000,OK
2026-07-07 03:38:15,F1,0.0000,OK
2026-07-07 03:38:25,F1,0.0000,OK
2026-07-07 03:38:35,F1,0.0000,OK
2026-07-07 03:38:46,F1,0.0000,OK
2026-07-07 03:38:56,F1,0.0000,OK
2026-07-07 03:39:06,F1,0.0000,OK
2026-07-07 03:39:17,F1,0.0000,OK
2026-07-07 03:39:27,F1,0.0000,OK
2026-07-07 03:39:37,F1,0.0000,OK
2026-07-07 03:39:48,F1,0.0000,OK
2026-07-07 03:39:58,F1,0.0000,OK
2026-07-07 03:40:08,F1,0.0000,OK
2026-07-07 03:40:19,F1,0.0000,OK
2026-07-07 03:40:29,F1,0.0000,OK
2026-07-07 03:40:39,F1,0.0000,OK
2026-07-07 03:40:49,F1,0.0000,OK
2026-07-07 03:41:00,F1,0.0000,OK
2026-07-07 03:41:10,F1,0.0000,OK
2026-07-07 03:41:20,F1,0.0000,OK
2026-07-07 03:41:31,F1,0.0000,OK
2026-07-07 03:41:41,F1,0.0000,OK
2026-07-07 03:41:51,F1,0.0000,OK
2026-07-07 03:42:02,F1,0.0000,OK
2026-07-07 03:42:12,F1,0.0000,OK
2026-07-07 03:42:22,F1,0.0000,OK
2026-07-07 03:42:33,F1,0.0000,OK
2026-07-07 03:42:43,F1,0.0000,OK
2026-07-07 03:42:53,F1,0.0000,OK
2026-07-07 03:43:04,F1,0.0000,OK
2026-07-07 03:43:14,F1,0.0000,OK
2026-07-07 03:43:24,F1,0.0000,OK
2026-07-07 03:43:35,F1,0.0000,OK
2026-07-07 03:43:45,F1,0.0000,OK
2026-07-07 03:43:55,F1,0.0000,OK
2026-07-07 03:44:06,F1,0.0000,OK
2026-07-07 03:44:16,F1,0.0000,OK
2026-07-07 03:44:26,F1,0.0000,OK
2026-07-07 03:44:37,F1,0.0000,OK
2026-07-07 03:44:47,F1,0.0000,OK
2026-07-07 03:44:57,F1,0.0000,OK
2026-07-07 03:45:07,F1,0.0000,OK
2026-07-07 03:45:18,F1,0.0000,OK
2026-07-07 03:45:28,F1,0.0000,OK
2026-07-07 03:45:38,F1,0.0000,OK
2026-07-07 03:45:49,F1,0.0000,OK
2026-07-07 03:45:59,F1,0.0000,OK
2026-07-07 03:46:09,F1,0.0000,OK
2026-07-07 03:46:20,F1,0.0000,OK
2026-07-07 03:46:30,F1,0.0000,OK
2026-07-07 03:46:40,F1,0.0000,OK
2026-07-07 03:46:51,F1,0.0000,OK
2026-07-07 03:47:01,F1,0.0000,OK
2026-07-07 03:47:11,F1,0.0000,OK
2026-07-07 03:47:22,F1,0.0000,OK
2026-07-07 03:47:32,F1,0.0000,OK
2026-07-07 03:47:42,F1,0.0000,OK
2026-07-07 03:47:53,F1,0.0000,OK
2026-07-07 03:48:03,F1,0.0000,OK
2026-07-07 03:48:13,F1,0.0000,OK
2026-07-07 03:48:24,F1,0.0000,OK
2026-07-07 03:48:34,F1,0.0000,OK
2026-07-07 03:48:44,F1,0.0000,OK
2026-07-07 03:48:55,F1,0.0000,OK
2026-07-07 03:49:05,F1,0.0000,OK
2026-07-07 03:49:15,F1,0.0000,OK
2026-07-07 03:49:25,F1,0.0000,OK
2026-07-07 03:49:36,F1,0.0000,OK
2026-07-07 03:49:46,F1,0.0000,OK
2026-07-07 03:49:56,F1,0.0000,OK
2026-07-07 03:50:07,F1,0.0000,OK
2026-07-07 03:50:17,F1,0.0000,OK
2026-07-07 03:50:27,F1,0.0000,OK
2026-07-07 03:50:38,F1,0.0000,OK
2026-07-07 03:50:48,F1,0.0000,OK
2026-07-07 03:50:58,F1,0.0000,OK
2026-07-07 03:51:09,F1,0.0000,OK
2026-07-07 03:51:19,F1,0.0000,OK
2026-07-07 03:51:29,F1,0.0000,OK
2026-07-07 03:51:40,F1,0.0000,OK
2026-07-07 03:51:50,F1,0.0000,OK
2026-07-07 03:52:00,F1,0.0000,OK
2026-07-07 03:52:11,F1,0.0000,OK
2026-07-07 03:52:21,F1,0.0000,OK
2026-07-07 03:52:31,F1,0.0000,OK
2026-07-07 03:52:41,F1,0.0000,OK
2026-07-07 03:52:52,F1,0.0000,OK
2026-07-07 03:53:02,F1,0.0000,OK
2026-07-07 03:53:12,F1,0.0000,OK
2026-07-07 03:53:23,F1,0.0000,OK
2026-07-07 03:53:33,F1,0.0000,OK
2026-07-07 03:53:43,F1,0.0000,OK
2026-07-07 03:53:54,F1,0.0000,OK
2026-07-07 03:54:04,F1,0.0000,OK
2026-07-07 03:54:14,F1,0.0000,OK
2026-07-07 03:54:25,F1,0.0000,OK
2026-07-07 03:54:35,F1,0.0000,OK
2026-07-07 03:54:45,F1,0.0000,OK
2026-07-07 03:54:56,F1,0.0000,OK
2026-07-07 03:55:06,F1,0.0000,OK
2026-07-07 03:55:16,F1,0.0000,OK
2026-07-07 03:55:26,F1,0.0000,OK
2026-07-07 03:55:37,F1,0.0000,OK
2026-07-07 03:55:47,F1,0.0000,OK
2026-07-07 03:55:57,F1,0.0000,OK
2026-07-07 03:56:08,F1,0.0000,OK
2026-07-07 03:56:18,F1,0.0000,OK
2026-07-07 03:56:28,F1,0.0000,OK
2026-07-07 03:56:39,F1,0.0000,OK
2026-07-07 03:56:49,F1,0.0000,OK
2026-07-07 03:56:59,F1,0.0000,OK
2026-07-07 03:57:10,F1,0.0000,OK
2026-07-07 03:57:20,F1,0.0000,OK
2026-07-07 03:57:30,F1,0.0000,OK
2026-07-07 03:57:41,F1,0.0000,OK
2026-07-07 03:57:51,F1,0.0000,OK
2026-07-07 03:58:01,F1,0.0000,OK
2026-07-07 03:58:12,F1,0.0000,OK
2026-07-07 03:58:22,F1,0.0000,OK
2026-07-07 03:58:32,F1,0.0000,OK
2026-07-07 03:58:43,F1,0.0000,OK
2026-07-07 03:58:53,F1,0.0000,OK
2026-07-07 03:59:03,F1,0.0000,OK
2026-07-07 03:59:13,F1,0.0000,OK
2026-07-07 03:59:24,F1,0.0000,OK
2026-07-07 03:59:34,F1,0.0000,OK
2026-07-07 03:59:44,F1,0.0000,OK
2026-07-07 03:59:55,F1,0.0000,OK
2026-07-07 04:00:05,F1,0.0000,OK
2026-07-07 04:00:15,F1,0.0000,OK
2026-07-07 04:00:26,F1,0.0000,OK
2026-07-07 04:00:36,F1,0.0000,OK
2026-07-07 04:00:46,F1,0.0000,OK
2026-07-07 04:00:57,F1,0.0000,OK
2026-07-07 04:01:07,F1,0.0000,OK
2026-07-07 04:01:17,F1,0.0000,OK
2026-07-07 04:01:28,F1,0.0000,OK
2026-07-07 04:01:38,F1,0.0000,OK
2026-07-07 04:01:48,F1,0.0000,OK
2026-07-07 04:01:59,F1,0.0000,OK
2026-07-07 04:02:09,F1,0.0000,OK
2026-07-07 04:02:19,F1,0.0000,OK
2026-07-07 04:02:30,F1,0.0000,OK
2026-07-07 04:02:40,F1,0.0000,OK
2026-07-07 04:02:50,F1,0.0000,OK
2026-07-07 04:03:01,F1,0.0000,OK
2026-07-07 04:03:11,F1,0.0000,OK
2026-07-07 04:03:21,F1,0.0000,OK
2026-07-07 04:03:32,F1,0.0000,OK
2026-07-07 04:03:42,F1,0.0000,OK
2026-07-07 04:03:52,F1,0.0000,OK
2026-07-07 04:04:03,F1,0.0000,OK
2026-07-07 04:04:13,F1,0.0000,OK
2026-07-07 04:04:23,F1,0.0000,OK
2026-07-07 04:04:34,F1,0.0000,OK
2026-07-07 04:04:44,F1,0.0000,OK
2026-07-07 04:04:54,F1,0.0000,OK
2026-07-07 04:05:05,F1,0.0000,OK
2026-07-07 04:05:15,F1,0.0000,OK
2026-07-07 04:05:25,F1,0.0000,OK
2026-07-07 04:05:36,F1,0.0000,OK
2026-07-07 04:05:46,F1,0.0000,OK
2026-07-07 04:05:56,F1,0.0000,OK
2026-07-07 04:06:07,F1,0.0000,OK
2026-07-07 04:06:17,F1,0.0000,OK
2026-07-07 04:06:27,F1,0.0000,OK
2026-07-07 04:06:37,F1,0.0000,OK
2026-07-07 04:06:48,F1,0.0000,OK
2026-07-07 04:06:58,F1,0.0000,OK
2026-07-07 04:07:08,F1,0.0000,OK
2026-07-07 04:07:19,F1,0.0000,OK
2026-07-07 04:07:29,F1,0.0000,OK
2026-07-07 04:07:39,F1,0.0000,OK
2026-07-07 04:07:50,F1,0.0000,OK
2026-07-07 04:08:00,F1,0.0000,OK
2026-07-07 04:08:10,F1,0.0000,OK
2026-07-07 04:08:21,F1,0.0000,OK
2026-07-07 04:08:31,F1,0.0000,OK
2026-07-07 04:08:41,F1,0.0000,OK
2026-07-07 04:08:52,F1,0.0000,OK
2026-07-07 04:09:02,F1,0.0000,OK
2026-07-07 04:09:12,F1,0.0000,OK
2026-07-07 04:09:23,F1,0.0000,OK
2026-07-07 04:09:33,F1,0.0000,OK
2026-07-07 04:09:43,F1,0.0000,OK
2026-07-07 04:09:54,F1,0.0000,OK
2026-07-07 04:10:04,F1,0.0000,OK
2026-07-07 04:10:14,F1,0.0000,OK
2026-07-07 04:10:25,F1,0.0000,OK
2026-07-07 04:10:35,F1,0.0000,OK
2026-07-07 04:10:45,F1,0.0000,OK
2026-07-07 04:10:55,F1,0.0000,OK
2026-07-07 04:11:06,F1,0.0000,OK
2026-07-07 04:11:16,F1,0.0000,OK
2026-07-07 04:11:26,F1,0.0000,OK
2026-07-07 04:11:37,F1,0.0000,OK
2026-07-07 04:11:47,F1,0.0000,OK
2026-07-07 04:11:57,F1,0.0000,OK
2026-07-07 04:12:08,F1,0.0000,OK
2026-07-07 04:12:18,F1,0.0000,OK
2026-07-07 04:12:28,F1,0.0000,OK
2026-07-07 04:12:39,F1,0.0000,OK
2026-07-07 04:12:49,F1,0.0000,OK
2026-07-07 04:12:59,F1,0.0000,OK
2026-07-07 04:13:10,F1,0.0000,OK
2026-07-07 04:13:20,F1,0.0000,OK
2026-07-07 04:13:30,F1,0.0000,OK
2026-07-07 04:13:41,F1,0.0000,OK
2026-07-07 04:13:51,F1,0.0000,OK
2026-07-07 04:14:01,F1,0.0000,OK
2026-07-07 04:14:12,F1,0.0000,OK
2026-07-07 04:14:22,F1,0.0000,OK
2026-07-07 04:14:32,F1,0.0000,OK
2026-07-07 04:14:43,F1,0.0000,OK
2026-07-07 04:14:53,F1,0.0000,OK
2026-07-07 04:15:03,F1,0.0000,OK
2026-07-07 04:15:14,F1,0.0000,OK
2026-07-07 04:15:24,F1,0.0000,OK
2026-07-07 04:15:34,F1,0.0000,OK
2026-07-07 04:15:45,F1,0.0000,OK
2026-07-07 04:15:55,F1,0.0000,OK
2026-07-07 04:16:05,F1,0.0000,OK
2026-07-07 04:16:15,F1,0.0000,OK
2026-07-07 04:16:26,F1,0.0000,OK
2026-07-07 04:16:36,F1,0.0000,OK
2026-07-07 04:16:46,F1,0.0000,OK
2026-07-07 04:16:57,F1,0.0000,OK
2026-07-07 04:17:07,F1,0.0000,OK
2026-07-07 04:17:17,F1,0.0000,OK
2026-07-07 04:17:28,F1,0.0000,OK
2026-07-07 04:17:38,F1,0.0000,OK
2026-07-07 04:17:48,F1,0.0000,OK
2026-07-07 04:17:59,F1,0.0000,OK
2026-07-07 04:18:09,F1,0.0000,OK
2026-07-07 04:18:19,F1,0.0000,OK
2026-07-07 04:18:30,F1,0.0000,OK
2026-07-07 04:18:40,F1,0.0000,OK
2026-07-07 04:18:50,F1,0.0000,OK
2026-07-07 04:19:01,F1,0.0000,OK
2026-07-07 04:19:11,F1,0.0000,OK
2026-07-07 04:19:21,F1,0.0000,OK
2026-07-07 04:19:31,F1,0.0000,OK
2026-07-07 04:19:42,F1,0.0000,OK
2026-07-07 04:19:52,F1,0.0000,OK
2026-07-07 04:20:02,F1,0.0000,OK
2026-07-07 04:20:13,F1,0.0000,OK
2026-07-07 04:20:23,F1,0.0000,OK
2026-07-07 04:20:33,F1,0.0000,OK
2026-07-07 04:20:44,F1,0.0000,OK
2026-07-07 04:20:54,F1,0.0000,OK
2026-07-07 04:21:04,F1,0.0000,OK
2026-07-07 04:21:15,F1,0.0000,OK
2026-07-07 04:21:25,F1,0.0000,OK
2026-07-07 04:21:35,F1,0.0000,OK
2026-07-07 04:21:46,F1,0.0000,OK
2026-07-07 04:21:56,F1,0.0000,OK
2026-07-07 04:22:06,F1,0.0000,OK
2026-07-07 04:22:17,F1,0.0000,OK
2026-07-07 04:22:27,F1,0.0000,OK
2026-07-07 04:22:37,F1,0.0000,OK
2026-07-07 04:22:48,F1,0.0000,OK
2026-07-07 04:22:58,F1,0.0000,OK
2026-07-07 04:23:08,F1,0.0000,OK
2026-07-07 04:23:19,F1,0.0000,OK
2026-07-07 04:23:29,F1,0.0000,OK
2026-07-07 04:23:39,F1,0.0000,OK
2026-07-07 04:23:49,F1,0.0000,OK
2026-07-07 04:24:00,F1,0.0000,OK
2026-07-07 04:24:10,F1,0.0000,OK
2026-07-07 04:24:20,F1,0.0000,OK
2026-07-07 04:24:31,F1,0.0000,OK
2026-07-07 04:24:41,F1,0.0000,OK
2026-07-07 04:24:51,F1,0.0000,OK
2026-07-07 04:25:02,F1,0.0000,OK
2026-07-07 04:25:12,F1,0.0000,OK
2026-07-07 04:25:22,F1,0.0000,OK
2026-07-07 04:25:33,F1,0.0000,OK
2026-07-07 04:25:43,F1,0.0000,OK
2026-07-07 04:25:53,F1,0.0000,OK
2026-07-07 04:26:04,F1,0.0000,OK
2026-07-07 04:26:14,F1,0.0000,OK
2026-07-07 04:26:24,F1,0.0000,OK
2026-07-07 04:26:34,F1,0.0000,OK
2026-07-07 04:26:45,F1,0.0000,OK
2026-07-07 04:26:55,F1,0.0000,OK
2026-07-07 04:27:06,F1,0.0000,OK
2026-07-07 04:27:16,F1,0.0000,OK
2026-07-07 04:27:26,F1,0.0000,OK
2026-07-07 04:27:37,F1,0.0000,OK
2026-07-07 04:27:47,F1,0.0000,OK
2026-07-07 04:27:57,F1,0.0000,OK
2026-07-07 04:28:08,F1,0.0000,OK
2026-07-07 04:28:18,F1,0.0000,OK
2026-07-07 04:28:28,F1,0.0000,OK
2026-07-07 04:28:39,F1,0.0000,OK
2026-07-07 04:28:49,F1,0.0000,OK
2026-07-07 04:28:59,F1,0.0000,OK
2026-07-07 04:29:10,F1,0.0000,OK
2026-07-07 04:29:20,F1,0.0000,OK
2026-07-07 04:29:30,F1,0.0000,OK
2026-07-07 04:29:41,F1,0.0000,OK
2026-07-07 04:29:51,F1,0.0000,OK
2026-07-07 04:30:01,F1,0.0000,OK
2026-07-07 04:30:12,F1,0.0000,OK
2026-07-07 04:30:22,F1,0.0000,OK
2026-07-07 04:30:32,F1,0.0000,OK
2026-07-07 04:30:43,F1,0.0000,OK
2026-07-07 04:30:53,F1,0.0000,OK
2026-07-07 04:31:03,F1,0.0000,OK
2026-07-07 04:31:13,F1,0.0000,OK
2026-07-07 04:31:24,F1,0.0000,OK
2026-07-07 04:31:34,F1,0.0000,OK
2026-07-07 04:31:44,F1,0.0000,OK
2026-07-07 04:31:55,F1,0.0000,OK
2026-07-07 04:32:05,F1,0.0000,OK
2026-07-07 04:32:15,F1,0.0000,OK
2026-07-07 04:32:26,F1,0.0000,OK
2026-07-07 04:32:36,F1,0.0000,OK
2026-07-07 04:32:46,F1,0.0000,OK
2026-07-07 04:32:57,F1,0.0000,OK
2026-07-07 04:33:07,F1,0.0000,OK
2026-07-07 04:33:17,F1,0.0000,OK
2026-07-07 04:33:28,F1,0.0000,OK
2026-07-07 04:33:38,F1,0.0000,OK
2026-07-07 04:33:48,F1,0.0000,OK
2026-07-07 04:33:59,F1,0.0000,OK
2026-07-07 04:34:09,F1,0.0000,OK
2026-07-07 04:34:19,F1,0.0000,OK
2026-07-07 04:34:30,F1,0.0000,OK
2026-07-07 04:34:40,F1,0.0000,OK
2026-07-07 04:34:50,F1,0.0000,OK
2026-07-07 04:35:00,F1,0.0000,OK
2026-07-07 04:35:11,F1,0.0000,OK
2026-07-07 04:35:21,F1,0.0000,OK
2026-07-07 04:35:31,F1,0.0000,OK
2026-07-07 04:35:42,F1,0.0000,OK
2026-07-07 04:35:52,F1,0.0000,OK
2026-07-07 04:36:02,F1,0.0000,OK
2026-07-07 04:36:13,F1,0.0000,OK
2026-07-07 04:36:23,F1,0.0000,OK
2026-07-07 04:36:33,F1,0.0000,OK
2026-07-07 04:36:44,F1,0.0000,OK
2026-07-07 04:36:54,F1,0.0000,OK
2026-07-07 04:37:04,F1,0.0000,OK
2026-07-07 04:37:15,F1,0.0000,OK
2026-07-07 04:37:25,F1,0.0000,OK
2026-07-07 04:37:35,F1,0.0000,OK
2026-07-07 04:37:46,F1,0.0000,OK
2026-07-07 04:37:56,F1,0.0000,OK
2026-07-07 04:38:06,F1,0.0000,OK
2026-07-07 04:38:17,F1,0.0000,OK
2026-07-07 04:38:27,F1,0.0000,OK
2026-07-07 04:38:37,F1,0.0000,OK
2026-07-07 04:38:48,F1,0.0000,OK
2026-07-07 04:38:58,F1,0.0000,OK
2026-07-07 04:39:08,F1,0.0000,OK
2026-07-07 04:39:19,F1,0.0000,OK
2026-07-07 04:39:29,F1,0.0000,OK
2026-07-07 04:39:39,F1,0.0000,OK
2026-07-07 04:39:50,F1,0.0000,OK
2026-07-07 04:40:00,F1,0.0000,OK
2026-07-07 04:40:10,F1,0.0000,OK
2026-07-07 04:40:20,F1,0.0000,OK
2026-07-07 04:40:31,F1,0.0000,OK
2026-07-07 04:40:41,F1,0.0000,OK
2026-07-07 04:40:51,F1,0.0000,OK
2026-07-07 04:41:02,F1,0.0000,OK
2026-07-07 04:41:12,F1,0.0000,OK
2026-07-07 04:41:22,F1,0.0000,OK
2026-07-07 04:41:33,F1,0.0000,OK
2026-07-07 04:41:43,F1,0.0000,OK
2026-07-07 04:41:53,F1,0.0000,OK
2026-07-07 04:42:04,F1,0.0000,OK
2026-07-07 04:42:14,F1,0.0000,OK
2026-07-07 04:42:24,F1,0.0000,OK
2026-07-07 04:42:35,F1,0.0000,OK
2026-07-07 04:42:45,F1,0.0000,OK
2026-07-07 04:42:55,F1,0.0000,OK
2026-07-07 04:43:06,F1,0.0000,OK
2026-07-07 04:43:16,F1,0.0000,OK
2026-07-07 04:43:26,F1,0.0000,OK
2026-07-07 04:43:37,F1,0.0000,OK
2026-07-07 04:43:47,F1,0.0000,OK
2026-07-07 04:43:57,F1,0.0000,OK
2026-07-07 04:44:08,F1,0.0000,OK
2026-07-07 04:44:18,F1,0.0000,OK
2026-07-07 04:44:28,F1,0.0000,OK
2026-07-07 04:44:39,F1,0.0000,OK
2026-07-07 04:44:49,F1,0.0000,OK
2026-07-07 04:44:59,F1,0.0000,OK
2026-07-07 04:45:10,F1,0.0000,OK
2026-07-07 04:45:20,F1,0.0000,OK
2026-07-07 04:45:30,F1,0.0000,OK
2026-07-07 04:45:41,F1,0.0000,OK
2026-07-07 04:45:51,F1,0.0000,OK
2026-07-07 04:46:01,F1,0.0000,OK
2026-07-07 04:46:11,F1,0.0000,OK
2026-07-07 04:46:22,F1,0.0000,OK
2026-07-07 04:46:32,F1,0.0000,OK
2026-07-07 04:46:42,F1,0.0000,OK
2026-07-07 04:46:53,F1,0.0000,OK
2026-07-07 04:47:03,F1,0.0000,OK
2026-07-07 04:47:13,F1,0.0000,OK
2026-07-07 04:47:24,F1,0.0000,OK
2026-07-07 04:47:34,F1,0.0000,OK
2026-07-07 04:47:44,F1,0.0000,OK
2026-07-07 04:47:55,F1,0.0000,OK
2026-07-07 04:48:05,F1,0.0000,OK
2026-07-07 04:48:15,F1,0.0000,OK
2026-07-07 04:48:26,F1,0.0000,OK
2026-07-07 04:48:36,F1,0.0000,OK
2026-07-07 04:48:46,F1,0.0000,OK
2026-07-07 04:48:57,F1,0.0000,OK
2026-07-07 04:49:07,F1,0.0000,OK
2026-07-07 04:49:17,F1,0.0000,OK
2026-07-07 04:49:28,F1,0.0000,OK
2026-07-07 04:49:38,F1,0.0000,OK
2026-07-07 04:49:48,F1,0.0000,OK
2026-07-07 04:49:59,F1,0.0000,OK
2026-07-07 04:50:09,F1,0.0000,OK
2026-07-07 04:50:19,F1,0.0000,OK
2026-07-07 04:50:30,F1,0.0000,OK
2026-07-07 04:50:40,F1,0.0000,OK
2026-07-07 04:50:50,F1,0.0000,OK
2026-07-07 04:51:01,F1,0.0000,OK
2026-07-07 04:51:11,F1,0.0000,OK
2026-07-07 04:51:21,F1,0.0000,OK
2026-07-07 04:51:32,F1,0.0000,OK
2026-07-07 04:51:42,F1,0.0000,OK
2026-07-07 04:51:52,F1,0.0000,OK
2026-07-07 04:52:02,F1,0.0000,OK
2026-07-07 04:52:13,F1,0.0000,OK
2026-07-07 04:52:23,F1,0.0000,OK
2026-07-07 04:52:33,F1,0.0000,OK
2026-07-07 04:52:44,F1,0.0000,OK
2026-07-07 04:52:54,F1,0.0000,OK
2026-07-07 04:53:04,F1,0.0000,OK
2026-07-07 04:53:15,F1,0.0000,OK
2026-07-07 04:53:25,F1,0.0000,OK
2026-07-07 04:53:35,F1,0.0000,OK
2026-07-07 04:53:46,F1,0.0000,OK
2026-07-07 04:53:56,F1,0.0000,OK
2026-07-07 04:54:06,F1,0.0000,OK
2026-07-07 04:54:17,F1,0.0000,OK
2026-07-07 04:54:27,F1,0.0000,OK
2026-07-07 04:54:37,F1,0.0000,OK
2026-07-07 04:54:48,F1,0.0000,OK
2026-07-07 04:54:58,F1,0.0000,OK
2026-07-07 04:55:08,F1,0.0000,OK
2026-07-07 04:55:18,F1,0.0000,OK
2026-07-07 04:55:29,F1,0.0000,OK
2026-07-07 04:55:39,F1,0.0000,OK
2026-07-07 04:55:49,F1,0.0000,OK
2026-07-07 04:56:00,F1,0.0000,OK
2026-07-07 04:56:10,F1,0.0000,OK
2026-07-07 04:56:20,F1,0.0000,OK
2026-07-07 04:56:31,F1,0.0000,OK
2026-07-07 04:56:41,F1,0.0000,OK
2026-07-07 04:56:51,F1,0.0000,OK
2026-07-07 04:57:02,F1,0.0000,OK
2026-07-07 04:57:12,F1,0.0000,OK
2026-07-07 04:57:22,F1,0.0000,OK
2026-07-07 04:57:33,F1,0.0000,OK
2026-07-07 04:57:43,F1,0.0000,OK
2026-07-07 04:57:53,F1,0.0000,OK
2026-07-07 04:58:03,F1,0.0000,OK
2026-07-07 04:58:14,F1,0.0000,OK
2026-07-07 04:58:24,F1,0.0000,OK
2026-07-07 04:58:34,F1,0.0000,OK
2026-07-07 04:58:45,F1,0.0000,OK
2026-07-07 04:58:55,F1,0.0000,OK
2026-07-07 04:59:05,F1,0.0000,OK
2026-07-07 04:59:16,F1,0.0000,OK
2026-07-07 04:59:26,F1,0.0000,OK
2026-07-07 04:59:36,F1,0.0000,OK
2026-07-07 04:59:47,F1,0.0000,OK
2026-07-07 04:59:57,F1,0.0000,OK
2026-07-07 05:00:07,F1,0.0000,OK
2026-07-07 05:00:18,F1,0.0000,OK
2026-07-07 05:00:28,F1,0.0000,OK
2026-07-07 05:00:38,F1,0.0000,OK
2026-07-07 05:00:49,F1,0.0000,OK
2026-07-07 05:00:59,F1,0.0000,OK
2026-07-07 05:01:09,F1,0.0000,OK
2026-07-07 05:01:20,F1,0.0000,OK
2026-07-07 05:01:30,F1,0.0000,OK
2026-07-07 05:01:40,F1,0.0000,OK
2026-07-07 05:01:51,F1,0.0000,OK
2026-07-07 05:02:01,F1,0.0000,OK
2026-07-07 05:02:11,F1,0.0000,OK
2026-07-07 05:02:22,F1,0.0000,OK
2026-07-07 05:02:32,F1,0.0000,OK
2026-07-07 05:02:42,F1,0.0000,OK
2026-07-07 05:02:53,F1,0.0000,OK
2026-07-07 05:03:03,F1,0.0000,OK
2026-07-07 05:03:13,F1,0.0000,OK
2026-07-07 05:03:24,F1,0.0000,OK
2026-07-07 05:03:34,F1,0.0000,OK
2026-07-07 05:03:44,F1,0.0000,OK
2026-07-07 05:03:54,F1,0.0000,OK
2026-07-07 05:04:05,F1,0.0000,OK
2026-07-07 05:04:15,F1,0.0000,OK
2026-07-07 05:04:25,F1,0.0000,OK
2026-07-07 05:04:36,F1,0.0000,OK
2026-07-07 05:04:46,F1,0.0000,OK
2026-07-07 05:04:56,F1,0.0000,OK
2026-07-07 05:05:07,F1,0.0000,OK
2026-07-07 05:05:17,F1,0.0000,OK
2026-07-07 05:05:27,F1,0.0000,OK
2026-07-07 05:05:38,F1,0.0000,OK
2026-07-07 05:05:48,F1,0.0000,OK
2026-07-07 05:05:58,F1,0.0000,OK
2026-07-07 05:06:09,F1,0.0000,OK
2026-07-07 05:06:19,F1,0.0000,OK
2026-07-07 05:06:29,F1,0.0000,OK
2026-07-07 05:06:40,F1,0.0000,OK
2026-07-07 05:06:50,F1,0.0000,OK
2026-07-07 05:07:00,F1,0.0000,OK
2026-07-07 05:07:11,F1,0.0000,OK
2026-07-07 05:07:21,F1,0.0000,OK
2026-07-07 05:07:31,F1,0.0000,OK
2026-07-07 05:07:42,F1,0.0000,OK
2026-07-07 05:07:52,F1,0.0000,OK
2026-07-07 05:08:02,F1,0.0000,OK
2026-07-07 05:08:13,F1,0.0000,OK
2026-07-07 05:08:23,F1,0.0000,OK
2026-07-07 05:08:33,F1,0.0000,OK
2026-07-07 05:08:44,F1,0.0000,OK
2026-07-07 05:08:54,F1,0.0000,OK
2026-07-07 05:09:04,F1,0.0000,OK
2026-07-07 05:09:14,F1,0.0000,OK
2026-07-07 05:09:25,F1,0.0000,OK
2026-07-07 05:09:35,F1,0.0000,OK
2026-07-07 05:09:45,F1,0.0000,OK
2026-07-07 05:09:56,F1,0.0000,OK
2026-07-07 05:10:06,F1,0.0000,OK
2026-07-07 05:10:16,F1,0.0000,OK
2026-07-07 05:10:27,F1,0.0000,OK
2026-07-07 05:10:37,F1,0.0000,OK
2026-07-07 05:10:47,F1,0.0000,OK
2026-07-07 05:10:58,F1,0.0000,OK
2026-07-07 05:11:08,F1,0.0000,OK
2026-07-07 05:11:18,F1,0.0000,OK
2026-07-07 05:11:29,F1,0.0000,OK
2026-07-07 05:11:39,F1,0.0000,OK
2026-07-07 05:11:49,F1,0.0000,OK
2026-07-07 05:12:00,F1,0.0000,OK
2026-07-07 05:12:10,F1,0.0000,OK
2026-07-07 05:12:20,F1,0.0000,OK
2026-07-07 05:12:31,F1,0.0000,OK
2026-07-07 05:12:41,F1,0.0000,OK
2026-07-07 05:12:51,F1,0.0000,OK
2026-07-07 05:13:02,F1,0.0000,OK
2026-07-07 05:13:12,F1,0.0000,OK
2026-07-07 05:13:22,F1,0.0000,OK
2026-07-07 05:13:33,F1,0.0000,OK
2026-07-07 05:13:43,F1,0.0000,OK
2026-07-07 05:13:53,F1,0.0000,OK
2026-07-07 05:14:03,F1,0.0000,OK
2026-07-07 05:14:14,F1,0.0000,OK
2026-07-07 05:14:24,F1,0.0000,OK
2026-07-07 05:14:34,F1,0.0000,OK
2026-07-07 05:14:45,F1,0.0000,OK
2026-07-07 05:14:55,F1,0.0000,OK
2026-07-07 05:15:05,F1,0.0000,OK
2026-07-07 05:15:16,F1,0.0000,OK
2026-07-07 05:15:26,F1,0.0000,OK
2026-07-07 05:15:36,F1,0.0000,OK
2026-07-07 05:15:47,F1,0.0000,OK
2026-07-07 05:15:57,F1,0.0000,OK
2026-07-07 05:16:07,F1,0.0000,OK
2026-07-07 05:16:18,F1,0.0000,OK
2026-07-07 05:16:28,F1,0.0000,OK
2026-07-07 05:16:38,F1,0.0000,OK
2026-07-07 05:16:49,F1,0.0000,OK
2026-07-07 05:16:59,F1,0.0000,OK
2026-07-07 05:17:09,F1,0.0000,OK
2026-07-07 05:17:19,F1,0.0000,OK
2026-07-07 05:17:30,F1,0.0000,OK
2026-07-07 05:17:40,F1,0.0000,OK
2026-07-07 05:17:50,F1,0.0000,OK
2026-07-07 05:18:01,F1,0.0000,OK
2026-07-07 05:18:11,F1,0.0000,OK
2026-07-07 05:18:21,F1,0.0000,OK
2026-07-07 05:18:32,F1,0.0000,OK
2026-07-07 05:18:42,F1,0.0000,OK
2026-07-07 05:18:52,F1,0.0000,OK
2026-07-07 05:19:03,F1,0.0000,OK
2026-07-07 05:19:13,F1,0.0000,OK
2026-07-07 05:19:23,F1,0.0000,OK
2026-07-07 05:19:34,F1,0.0000,OK
2026-07-07 05:19:44,F1,0.0000,OK
2026-07-07 05:19:54,F1,0.0000,OK
2026-07-07 05:20:05,F1,0.0000,OK
2026-07-07 05:20:15,F1,0.0000,OK
2026-07-07 05:20:25,F1,0.0000,OK
2026-07-07 05:20:36,F1,0.0000,OK
2026-07-07 05:20:46,F1,0.0000,OK
2026-07-07 05:20:56,F1,0.0000,OK
2026-07-07 05:21:07,F1,0.0000,OK
2026-07-07 05:21:17,F1,0.0000,OK
2026-07-07 05:21:27,F1,0.0000,OK
2026-07-07 05:21:38,F1,0.0000,OK
2026-07-07 05:21:48,F1,0.0000,OK
2026-07-07 05:21:58,F1,0.0000,OK
2026-07-07 05:22:09,F1,0.0000,OK
2026-07-07 05:22:19,F1,0.0000,OK
2026-07-07 05:22:29,F1,0.0000,OK
2026-07-07 05:22:40,F1,0.0000,OK
2026-07-07 05:22:50,F1,0.0000,OK
2026-07-07 05:23:00,F1,0.0000,OK
2026-07-07 05:23:11,F1,0.0000,OK
2026-07-07 05:23:21,F1,0.0000,OK
2026-07-07 05:23:31,F1,0.0000,OK
2026-07-07 05:23:41,F1,0.0000,OK
2026-07-07 05:23:52,F1,0.0000,OK
2026-07-07 05:24:02,F1,0.0000,OK
2026-07-07 05:24:12,F1,0.0000,OK
2026-07-07 05:24:23,F1,0.0000,OK
2026-07-07 05:24:33,F1,0.0000,OK
2026-07-07 05:24:43,F1,0.0000,OK
2026-07-07 05:24:54,F1,0.0000,OK
2026-07-07 05:25:04,F1,0.0000,OK
2026-07-07 05:25:14,F1,0.0000,OK
2026-07-07 05:25:25,F1,0.0000,OK
2026-07-07 05:25:35,F1,0.0000,OK
2026-07-07 05:25:45,F1,0.0000,OK
2026-07-07 05:25:56,F1,0.0000,OK
2026-07-07 05:26:06,F1,0.0000,OK
2026-07-07 05:26:16,F1,0.0000,OK
2026-07-07 05:26:27,F1,0.0000,OK
2026-07-07 05:26:37,F1,0.0000,OK
2026-07-07 05:26:47,F1,0.0000,OK
2026-07-07 05:26:57,F1,0.0000,OK
2026-07-07 05:27:08,F1,0.0000,OK
2026-07-07 05:27:18,F1,0.0000,OK
2026-07-07 05:27:28,F1,0.0000,OK
2026-07-07 05:27:39,F1,0.0000,OK
2026-07-07 05:27:49,F1,0.0000,OK
2026-07-07 05:27:59,F1,0.0000,OK
2026-07-07 05:28:10,F1,0.0000,OK
2026-07-07 05:28:20,F1,0.0000,OK
2026-07-07 05:28:30,F1,0.0000,OK
2026-07-07 05:28:41,F1,0.0000,OK
2026-07-07 05:28:51,F1,0.0000,OK
2026-07-07 05:29:01,F1,0.0000,OK
2026-07-07 05:29:12,F1,0.0000,OK
2026-07-07 05:29:22,F1,0.0000,OK
2026-07-07 05:29:32,F1,0.0000,OK
2026-07-07 05:29:43,F1,0.0000,OK
2026-07-07 05:29:53,F1,0.0000,OK
2026-07-07 05:30:03,F1,0.0000,OK
2026-07-07 05:30:14,F1,0.0000,OK
2026-07-07 05:30:24,F1,0.0000,OK
2026-07-07 05:30:34,F1,0.0000,OK
2026-07-07 05:30:44,F1,0.0000,OK
2026-07-07 05:30:55,F1,0.0000,OK
2026-07-07 05:31:05,F1,0.0000,OK
2026-07-07 05:31:15,F1,0.0000,OK
2026-07-07 05:31:26,F1,0.0000,OK
2026-07-07 05:31:36,F1,0.0000,OK
2026-07-07 05:31:46,F1,0.0000,OK
2026-07-07 05:31:57,F1,0.0000,OK
2026-07-07 05:32:07,F1,0.0000,OK
2026-07-07 05:32:17,F1,0.0000,OK
2026-07-07 05:32:28,F1,0.0000,OK
2026-07-07 05:32:38,F1,0.0000,OK
2026-07-07 05:32:48,F1,0.0000,OK
2026-07-07 05:32:59,F1,0.0000,OK
2026-07-07 05:33:09,F1,0.0000,OK
2026-07-07 05:33:19,F1,0.0000,OK
2026-07-07 05:33:30,F1,0.0000,OK
2026-07-07 05:33:40,F1,0.0000,OK
2026-07-07 05:33:50,F1,0.0000,OK
2026-07-07 05:34:01,F1,0.0000,OK
2026-07-07 05:34:11,F1,0.0000,OK
2026-07-07 05:34:21,F1,0.0000,OK
2026-07-07 05:34:31,F1,0.0000,OK
2026-07-07 05:34:42,F1,0.0000,OK
2026-07-07 05:34:52,F1,0.0000,OK
2026-07-07 05:35:02,F1,0.0000,OK
2026-07-07 05:35:13,F1,0.0000,OK
2026-07-07 05:35:23,F1,0.0000,OK
2026-07-07 05:35:33,F1,0.0000,OK
2026-07-07 05:35:44,F1,0.0000,OK
2026-07-07 05:35:54,F1,0.0000,OK
2026-07-07 05:36:04,F1,0.0000,OK
2026-07-07 05:36:15,F1,0.0000,OK
2026-07-07 05:36:25,F1,0.0000,OK
2026-07-07 05:36:35,F1,0.0000,OK
2026-07-07 05:36:46,F1,0.0000,OK
2026-07-07 05:36:56,F1,0.0000,OK
2026-07-07 05:37:06,F1,0.0000,OK
2026-07-07 05:37:17,F1,0.0000,OK
2026-07-07 05:37:27,F1,0.0000,OK
2026-07-07 05:37:37,F1,0.0000,OK
2026-07-07 05:37:47,F1,0.0000,OK
2026-07-07 05:37:58,F1,0.0000,OK
2026-07-07 05:38:08,F1,0.0000,OK
2026-07-07 05:38:18,F1,0.0000,OK
2026-07-07 05:38:29,F1,0.0000,OK
2026-07-07 05:38:39,F1,0.0000,OK
2026-07-07 05:38:49,F1,0.0000,OK
2026-07-07 05:39:00,F1,0.0000,OK
2026-07-07 05:39:10,F1,0.0000,OK
2026-07-07 05:39:20,F1,0.0000,OK
2026-07-07 05:39:31,F1,0.0000,OK
2026-07-07 05:39:41,F1,0.0000,OK
2026-07-07 05:39:51,F1,0.0000,OK
2026-07-07 05:40:02,F1,0.0000,OK
2026-07-07 05:40:12,F1,0.0000,OK
2026-07-07 05:40:22,F1,0.0000,OK
2026-07-07 05:40:33,F1,0.0000,OK
2026-07-07 05:40:43,F1,0.0000,OK
2026-07-07 05:40:53,F1,0.0000,OK
2026-07-07 05:41:03,F1,0.0000,OK
2026-07-07 05:41:14,F1,0.0000,OK
2026-07-07 05:41:24,F1,0.0000,OK
2026-07-07 05:41:34,F1,0.0000,OK
2026-07-07 05:41:45,F1,0.0000,OK
2026-07-07 05:41:55,F1,0.0000,OK
2026-07-07 05:42:05,F1,0.0000,OK
2026-07-07 05:42:16,F1,0.0000,OK
2026-07-07 05:42:26,F1,0.0000,OK
2026-07-07 05:42:36,F1,0.0000,OK
2026-07-07 05:42:47,F1,0.0000,OK
2026-07-07 05:42:57,F1,0.0000,OK
2026-07-07 05:43:07,F1,0.0000,OK
2026-07-07 05:43:18,F1,0.0000,OK
2026-07-07 05:43:28,F1,0.0000,OK
2026-07-07 05:43:38,F1,0.0000,OK
2026-07-07 05:43:49,F1,0.0000,OK
2026-07-07 05:43:59,F1,0.0000,OK
2026-07-07 05:44:09,F1,0.0000,OK
2026-07-07 05:44:20,F1,0.0000,OK
2026-07-07 05:44:30,F1,0.0000,OK
2026-07-07 05:44:40,F1,0.0000,OK
2026-07-07 05:44:51,F1,0.0000,OK
2026-07-07 05:45:01,F1,0.0000,OK
2026-07-07 05:45:12,F1,0.0000,OK
2026-07-07 05:45:22,F1,0.0000,OK
2026-07-07 05:45:32,F1,0.0000,OK
2026-07-07 05:45:43,F1,0.0000,OK
2026-07-07 05:45:53,F1,0.0000,OK
2026-07-07 05:46:03,F1,0.0000,OK
2026-07-07 05:46:13,F1,0.0000,OK
2026-07-07 05:46:24,F1,0.0000,OK
2026-07-07 05:46:34,F1,0.0000,OK
2026-07-07 05:46:44,F1,0.0000,OK
2026-07-07 05:46:55,F1,0.0000,OK
2026-07-07 05:47:05,F1,0.0000,OK
2026-07-07 05:47:15,F1,0.0000,OK
2026-07-07 05:47:26,F1,0.0000,OK
2026-07-07 05:47:36,F1,0.0000,OK
2026-07-07 05:47:46,F1,0.0000,OK
2026-07-07 05:47:57,F1,0.0000,OK
2026-07-07 05:48:07,F1,0.0000,OK
2026-07-07 05:48:17,F1,0.0000,OK
2026-07-07 05:48:28,F1,0.0000,OK
2026-07-07 05:48:38,F1,0.0000,OK
2026-07-07 05:48:48,F1,0.0000,OK
2026-07-07 05:48:59,F1,0.0000,OK
2026-07-07 05:49:09,F1,0.0000,OK
2026-07-07 05:49:19,F1,0.0000,OK
2026-07-07 05:49:30,F1,0.0000,OK
2026-07-07 05:49:40,F1,0.0000,OK
2026-07-07 05:49:50,F1,0.0000,OK
2026-07-07 05:50:01,F1,0.0000,OK
2026-07-07 05:50:11,F1,0.0000,OK
2026-07-07 05:50:21,F1,0.0000,OK
2026-07-07 05:50:32,F1,0.0000,OK
2026-07-07 05:50:42,F1,0.0000,OK
2026-07-07 05:50:52,F1,0.0000,OK
2026-07-07 05:51:02,F1,0.0000,OK
2026-07-07 05:51:13,F1,0.0000,OK
2026-07-07 05:51:23,F1,0.0000,OK
2026-07-07 05:51:33,F1,0.0000,OK
2026-07-07 05:51:44,F1,0.0000,OK
2026-07-07 05:51:54,F1,0.0000,OK
2026-07-07 05:52:04,F1,0.0000,OK
2026-07-07 05:52:15,F1,0.0000,OK
2026-07-07 05:52:25,F1,0.0000,OK
2026-07-07 05:52:35,F1,0.0000,OK
2026-07-07 05:52:46,F1,0.0000,OK
2026-07-07 05:52:56,F1,0.0000,OK
2026-07-07 05:53:06,F1,0.0000,OK
2026-07-07 05:53:17,F1,0.0000,OK
2026-07-07 05:53:27,F1,0.0000,OK
2026-07-07 05:53:37,F1,0.0000,OK
2026-07-07 05:53:48,F1,0.0000,OK
2026-07-07 05:53:58,F1,0.0000,OK
2026-07-07 05:54:08,F1,0.0000,OK
2026-07-07 05:54:19,F1,0.0000,OK
2026-07-07 05:54:29,F1,0.0000,OK
2026-07-07 05:54:39,F1,0.0000,OK
2026-07-07 05:54:50,F1,0.0000,OK
2026-07-07 05:55:00,F1,0.0000,OK
2026-07-07 05:55:10,F1,0.0000,OK
2026-07-07 05:55:20,F1,0.0000,OK
2026-07-07 05:55:31,F1,0.0000,OK
2026-07-07 05:55:41,F1,0.0000,OK
2026-07-07 05:55:52,F1,0.0000,OK
2026-07-07 05:56:02,F1,0.0000,OK
2026-07-07 05:56:12,F1,0.0000,OK
2026-07-07 05:56:22,F1,0.0000,OK
2026-07-07 05:56:33,F1,0.0000,OK
2026-07-07 05:56:43,F1,0.0000,OK
2026-07-07 05:56:53,F1,0.0000,OK
2026-07-07 05:57:04,F1,0.0000,OK
2026-07-07 05:57:14,F1,0.0000,OK
2026-07-07 05:57:24,F1,0.0000,OK
2026-07-07 05:57:35,F1,0.0000,OK
2026-07-07 05:57:45,F1,0.0000,OK
2026-07-07 05:57:55,F1,0.0000,OK
2026-07-07 05:58:06,F1,0.0000,OK
2026-07-07 05:58:16,F1,0.0000,OK
2026-07-07 05:58:26,F1,0.0000,OK
2026-07-07 05:58:37,F1,0.0000,OK
2026-07-07 05:58:47,F1,0.0000,OK
2026-07-07 05:58:57,F1,0.0000,OK
2026-07-07 05:59:08,F1,0.0000,OK
2026-07-07 05:59:18,F1,0.0000,OK
2026-07-07 05:59:28,F1,0.0000,OK
2026-07-07 05:59:39,F1,0.0000,OK
2026-07-07 05:59:49,F1,0.0000,OK
2026-07-07 05:59:59,F1,0.0000,OK
2026-07-07 06:00:10,F1,0.0000,OK
2026-07-07 06:00:20,F1,0.0000,OK
2026-07-07 06:00:30,F1,0.0000,OK
2026-07-07 06:00:41,F1,0.0000,OK
2026-07-07 06:00:51,F1,0.0000,OK
2026-07-07 06:01:01,F1,0.0000,OK
2026-07-07 06:01:11,F1,0.0000,OK
2026-07-07 06:01:22,F1,0.0000,OK
2026-07-07 06:01:32,F1,0.0000,OK
2026-07-07 06:01:43,F1,0.0000,OK
2026-07-07 06:01:53,F1,0.0000,OK
2026-07-07 06:02:03,F1,0.0000,OK
2026-07-07 06:02:14,F1,0.0000,OK
2026-07-07 06:02:24,F1,0.0000,OK
2026-07-07 06:02:34,F1,0.0000,OK
2026-07-07 06:02:45,F1,0.0000,OK
2026-07-07 06:02:55,F1,0.0000,OK
2026-07-07 06:03:05,F1,0.0000,OK
2026-07-07 06:03:15,F1,0.0000,OK
2026-07-07 06:03:26,F1,0.0000,OK
2026-07-07 06:03:36,F1,0.0000,OK
2026-07-07 06:03:46,F1,0.0000,OK
2026-07-07 06:03:57,F1,0.0000,OK
2026-07-07 06:04:07,F1,0.0000,OK
2026-07-07 06:04:17,F1,0.0000,OK
2026-07-07 06:04:28,F1,0.0000,OK
2026-07-07 06:04:38,F1,0.0000,OK
2026-07-07 06:04:48,F1,0.0000,OK
2026-07-07 06:04:59,F1,0.0000,OK
2026-07-07 06:05:09,F1,0.0000,OK
2026-07-07 06:05:19,F1,0.0000,OK
2026-07-07 06:05:30,F1,0.0000,OK
2026-07-07 06:05:40,F1,0.0000,OK
2026-07-07 06:05:50,F1,0.0000,OK
2026-07-07 06:06:01,F1,0.0000,OK
2026-07-07 06:06:11,F1,0.0000,OK
2026-07-07 06:06:21,F1,0.0000,OK
2026-07-07 06:06:32,F1,0.0000,OK
2026-07-07 06:06:42,F1,0.0000,OK
2026-07-07 06:06:52,F1,0.0000,OK
2026-07-07 06:07:03,F1,0.0000,OK
2026-07-07 06:07:13,F1,0.0000,OK
2026-07-07 06:07:23,F1,0.0000,OK
2026-07-07 06:07:33,F1,0.0000,OK
2026-07-07 06:07:44,F1,0.0000,OK
2026-07-07 06:07:54,F1,0.0000,OK
2026-07-07 06:08:04,F1,0.0000,OK
2026-07-07 06:08:15,F1,0.0000,OK
2026-07-07 06:08:25,F1,0.0000,OK
2026-07-07 06:08:36,F1,0.0000,OK
2026-07-07 06:08:46,F1,0.0000,OK
2026-07-07 06:08:56,F1,0.0000,OK
2026-07-07 06:09:07,F1,0.0000,OK
2026-07-07 06:09:17,F1,0.0000,OK
2026-07-07 06:09:27,F1,0.0000,OK
2026-07-07 06:09:37,F1,0.0000,OK
2026-07-07 06:09:48,F1,0.0000,OK
2026-07-07 06:09:58,F1,0.0000,OK
2026-07-07 06:10:08,F1,0.0000,OK
2026-07-07 06:10:19,F1,0.0000,OK
2026-07-07 06:10:29,F1,0.0000,OK
2026-07-07 06:10:40,F1,0.0000,OK
2026-07-07 06:10:50,F1,0.0000,OK
2026-07-07 06:11:00,F1,0.0000,OK
2026-07-07 06:11:11,F1,0.0000,OK
2026-07-07 06:11:21,F1,0.0000,OK
2026-07-07 06:11:31,F1,0.0000,OK
2026-07-07 06:11:41,F1,0.0000,OK
2026-07-07 06:11:52,F1,0.0000,OK
2026-07-07 06:12:02,F1,0.0000,OK
2026-07-07 06:12:12,F1,0.0000,OK
2026-07-07 06:12:23,F1,0.0000,OK
2026-07-07 06:12:33,F1,0.0000,OK
2026-07-07 06:12:43,F1,0.0000,OK
2026-07-07 06:12:54,F1,0.0000,OK
2026-07-07 06:13:04,F1,0.0000,OK
2026-07-07 06:13:14,F1,0.0000,OK
2026-07-07 06:13:25,F1,0.0000,OK
2026-07-07 06:13:35,F1,0.0000,OK
2026-07-07 06:13:45,F1,0.0000,OK
2026-07-07 06:13:56,F1,0.0000,OK
2026-07-07 06:14:06,F1,0.0000,OK
2026-07-07 06:14:16,F1,0.0000,OK
2026-07-07 06:14:27,F1,0.0000,OK
2026-07-07 06:14:37,F1,0.0000,OK
2026-07-07 06:14:47,F1,0.0000,OK
2026-07-07 06:14:58,F1,0.0000,OK
2026-07-07 06:15:08,F1,0.0000,OK
2026-07-07 06:15:18,F1,0.0000,OK
2026-07-07 06:15:29,F1,0.0000,OK
2026-07-07 06:15:39,F1,0.0000,OK
2026-07-07 06:15:49,F1,0.0000,OK
2026-07-07 06:15:59,F1,0.0000,OK
2026-07-07 06:16:10,F1,0.0000,OK
2026-07-07 06:16:20,F1,0.0000,OK
2026-07-07 06:16:30,F1,0.0000,OK
2026-07-07 06:16:41,F1,0.0000,OK
2026-07-07 06:16:51,F1,0.0000,OK
2026-07-07 06:17:01,F1,0.0000,OK
2026-07-07 06:17:12,F1,0.0000,OK
2026-07-07 06:17:22,F1,0.0000,OK
2026-07-07 06:17:32,F1,0.0000,OK
2026-07-07 06:17:43,F1,0.0000,OK
2026-07-07 06:17:53,F1,0.0000,OK
2026-07-07 06:18:03,F1,0.0000,OK
2026-07-07 06:18:14,F1,0.0000,OK
2026-07-07 06:18:24,F1,0.0000,OK
2026-07-07 06:18:34,F1,0.0000,OK
2026-07-07 06:18:45,F1,0.0000,OK
2026-07-07 06:18:55,F1,0.0000,OK
2026-07-07 06:19:05,F1,0.0000,OK
2026-07-07 06:19:15,F1,0.0000,OK
2026-07-07 06:19:26,F1,0.0000,OK
2026-07-07 06:19:36,F1,0.0000,OK
2026-07-07 06:19:46,F1,0.0000,OK
2026-07-07 06:19:57,F1,0.0000,OK
2026-07-07 06:20:07,F1,0.0000,OK
2026-07-07 06:20:17,F1,0.0000,OK
2026-07-07 06:20:28,F1,0.0000,OK
2026-07-07 06:20:38,F1,0.0000,OK
2026-07-07 06:20:48,F1,0.0000,OK
2026-07-07 06:20:59,F1,0.0000,OK
2026-07-07 06:21:09,F1,0.0000,OK
2026-07-07 06:21:19,F1,0.0000,OK
2026-07-07 06:21:30,F1,0.0000,OK
2026-07-07 06:21:40,F1,0.0000,OK
2026-07-07 06:21:50,F1,0.0000,OK
2026-07-07 06:22:01,F1,0.0000,OK
2026-07-07 06:22:11,F1,0.0000,OK
2026-07-07 06:22:21,F1,0.0000,OK
2026-07-07 06:22:32,F1,0.0000,OK
2026-07-07 06:22:42,F1,0.0000,OK
2026-07-07 06:22:52,F1,0.0000,OK
2026-07-07 06:23:03,F1,0.0000,OK
2026-07-07 06:23:13,F1,0.0000,OK
2026-07-07 06:23:23,F1,0.0000,OK
2026-07-07 06:23:34,F1,0.0000,OK
2026-07-07 06:23:44,F1,0.0000,OK
2026-07-07 06:23:54,F1,0.0000,OK
2026-07-07 06:24:05,F1,0.0000,OK
2026-07-07 06:24:15,F1,0.0000,OK
2026-07-07 06:24:25,F1,0.0000,OK
2026-07-07 06:24:36,F1,0.0000,OK
2026-07-07 06:24:46,F1,0.0000,OK
2026-07-07 06:24:56,F1,0.0000,OK
2026-07-07 06:25:07,F1,0.0000,OK
2026-07-07 06:25:17,F1,0.0000,OK
2026-07-07 06:25:27,F1,0.0000,OK
2026-07-07 06:25:38,F1,0.0000,OK
2026-07-07 06:25:48,F1,0.0000,OK
2026-07-07 06:25:58,F1,0.0000,OK
2026-07-07 06:26:09,F1,0.0000,OK
2026-07-07 06:26:19,F1,0.0000,OK
2026-07-07 06:26:29,F1,0.0000,OK
2026-07-07 06:26:40,F1,0.0000,OK
2026-07-07 06:26:50,F1,0.0000,OK
2026-07-07 06:27:00,F1,0.0000,OK
2026-07-07 06:27:10,F1,0.0000,OK
2026-07-07 06:27:21,F1,0.0000,OK
2026-07-07 06:27:31,F1,0.0000,OK
2026-07-07 06:27:41,F1,0.0000,OK
2026-07-07 06:27:52,F1,0.0000,OK
2026-07-07 06:28:02,F1,0.0000,OK
2026-07-07 06:28:12,F1,0.0000,OK
2026-07-07 06:28:23,F1,0.0000,OK
2026-07-07 06:28:33,F1,0.0000,OK
2026-07-07 06:28:43,F1,0.0000,OK
2026-07-07 06:28:54,F1,0.0000,OK
2026-07-07 06:29:04,F1,0.0000,OK
2026-07-07 06:29:14,F1,0.0000,OK
2026-07-07 06:29:25,F1,0.0000,OK
2026-07-07 06:29:35,F1,0.0000,OK
2026-07-07 06:29:45,F1,0.0000,OK
2026-07-07 06:29:56,F1,0.0000,OK
2026-07-07 06:30:06,F1,0.0000,OK
2026-07-07 06:30:16,F1,0.0000,OK
2026-07-07 06:30:27,F1,0.0000,OK
2026-07-07 06:30:37,F1,0.0000,OK
2026-07-07 06:30:47,F1,0.0000,OK
2026-07-07 06:30:58,F1,0.0000,OK
2026-07-07 06:31:08,F1,0.0000,OK
2026-07-07 06:31:18,F1,0.0000,OK
2026-07-07 06:31:28,F1,0.0000,OK
2026-07-07 06:31:39,F1,0.0000,OK
2026-07-07 06:31:49,F1,0.0000,OK
2026-07-07 06:31:59,F1,0.0000,OK
2026-07-07 06:32:10,F1,0.0000,OK
2026-07-07 06:32:20,F1,0.0000,OK
2026-07-07 06:32:30,F1,0.0000,OK
2026-07-07 06:32:41,F1,0.0000,OK
2026-07-07 06:32:51,F1,0.0000,OK
2026-07-07 06:33:01,F1,0.0000,OK
2026-07-07 06:33:12,F1,0.0000,OK
2026-07-07 06:33:22,F1,0.0000,OK
2026-07-07 06:33:33,F1,0.0000,OK
2026-07-07 06:33:43,F1,0.0000,OK
2026-07-07 06:33:53,F1,0.0000,OK
2026-07-07 06:34:04,F1,0.0000,OK
2026-07-07 06:34:14,F1,0.0000,OK
2026-07-07 06:34:24,F1,0.0000,OK
2026-07-07 06:34:35,F1,0.0000,OK
2026-07-07 06:34:45,F1,0.0000,OK
2026-07-07 06:34:55,F1,0.0000,OK
2026-07-07 06:35:06,F1,0.0000,OK
2026-07-07 06:35:16,F1,0.0000,OK
2026-07-07 06:35:26,F1,0.0000,OK
2026-07-07 06:35:37,F1,0.0000,OK
2026-07-07 06:35:47,F1,0.0000,OK
2026-07-07 06:35:57,F1,0.0000,OK
2026-07-07 06:36:08,F1,0.0000,OK
2026-07-07 06:36:18,F1,0.0000,OK
2026-07-07 06:36:28,F1,0.0000,OK
2026-07-07 06:36:39,F1,0.0000,OK
2026-07-07 06:36:49,F1,0.0000,OK
2026-07-07 06:36:59,F1,0.0000,OK
2026-07-07 06:37:10,F1,0.0000,OK
2026-07-07 06:37:20,F1,0.0000,OK
2026-07-07 06:37:30,F1,0.0000,OK
2026-07-07 06:37:41,F1,0.0000,OK
2026-07-07 06:37:51,F1,0.0000,OK
2026-07-07 06:38:01,F1,0.0000,OK
2026-07-07 06:38:12,F1,0.0000,OK
2026-07-07 06:38:22,F1,0.0000,OK
2026-07-07 06:38:32,F1,0.0000,OK
2026-07-07 06:38:43,F1,0.0000,OK
2026-07-07 06:38:53,F1,0.0000,OK
2026-07-07 06:39:03,F1,0.0000,OK
2026-07-07 06:39:14,F1,0.0000,OK
2026-07-07 06:39:24,F1,0.0000,OK
2026-07-07 06:39:34,F1,0.0000,OK
2026-07-07 06:39:45,F1,0.0000,OK
2026-07-07 06:39:55,F1,0.0000,OK
2026-07-07 06:40:05,F1,0.0000,OK
2026-07-07 06:40:16,F1,0.0000,OK
2026-07-07 06:40:26,F1,0.0000,OK
2026-07-07 06:40:36,F1,0.0000,OK
2026-07-07 06:40:47,F1,0.0000,OK
2026-07-07 06:40:57,F1,0.0000,OK
2026-07-07 06:41:07,F1,0.0000,OK
2026-07-07 06:41:18,F1,0.0000,OK
2026-07-07 06:41:28,F1,0.0000,OK
2026-07-07 06:41:38,F1,0.0000,OK
2026-07-07 06:41:49,F1,0.0000,OK
2026-07-07 06:41:59,F1,0.0000,OK
2026-07-07 06:42:09,F1,0.0000,OK
2026-07-07 06:42:20,F1,0.0000,OK
2026-07-07 06:42:30,F1,0.0000,OK
2026-07-07 06:42:40,F1,0.0000,OK
2026-07-07 06:42:51,F1,0.0000,OK
2026-07-07 06:43:01,F1,0.0000,OK
2026-07-07 06:43:11,F1,0.0000,OK
2026-07-07 06:43:22,F1,0.0000,OK
2026-07-07 06:43:32,F1,0.0000,OK
2026-07-07 06:43:42,F1,0.0000,OK
2026-07-07 06:43:52,F1,0.0000,OK
2026-07-07 06:44:03,F1,0.0000,OK
2026-07-07 06:44:13,F1,0.0000,OK
2026-07-07 06:44:23,F1,0.0000,OK
2026-07-07 06:44:34,F1,0.0000,OK
2026-07-07 06:44:44,F1,0.0000,OK
2026-07-07 06:44:54,F1,0.0000,OK
2026-07-07 06:45:05,F1,0.0000,OK
2026-07-07 06:45:15,F1,0.0000,OK
2026-07-07 06:45:25,F1,0.0000,OK
2026-07-07 06:45:36,F1,0.0000,OK
2026-07-07 06:45:46,F1,0.0000,OK
2026-07-07 06:45:56,F1,0.0000,OK
2026-07-07 06:46:07,F1,0.0000,OK
2026-07-07 06:46:17,F1,0.0000,OK
2026-07-07 06:46:27,F1,0.0000,OK
2026-07-07 06:46:37,F1,0.0000,OK
2026-07-07 06:46:48,F1,0.0000,OK
2026-07-07 06:46:58,F1,0.0000,OK
2026-07-07 06:47:08,F1,0.0000,OK
2026-07-07 06:47:19,F1,0.0000,OK
2026-07-07 06:47:29,F1,0.0000,OK
2026-07-07 06:47:39,F1,0.0000,OK
2026-07-07 06:47:50,F1,0.0000,OK
2026-07-07 06:48:00,F1,0.0000,OK
2026-07-07 06:48:10,F1,0.0000,OK
2026-07-07 06:48:21,F1,0.0000,OK
2026-07-07 06:48:31,F1,0.0000,OK
2026-07-07 06:48:41,F1,0.0000,OK
2026-07-07 06:48:52,F1,0.0000,OK
2026-07-07 06:49:02,F1,0.0000,OK
2026-07-07 06:49:12,F1,0.0000,OK
2026-07-07 06:49:23,F1,0.0000,OK
2026-07-07 06:49:33,F1,0.0000,OK
2026-07-07 06:49:43,F1,0.0000,OK
2026-07-07 06:49:53,F1,0.0000,OK
2026-07-07 06:50:04,F1,0.0000,OK
2026-07-07 06:50:14,F1,0.0000,OK
2026-07-07 06:50:24,F1,0.0000,OK
2026-07-07 06:50:35,F1,0.0000,OK
2026-07-07 06:50:45,F1,0.0000,OK
2026-07-07 06:50:56,F1,0.0000,OK
2026-07-07 06:51:06,F1,0.0000,OK
2026-07-07 06:51:16,F1,0.0000,OK
2026-07-07 06:51:26,F1,0.0000,OK
2026-07-07 06:51:37,F1,0.0000,OK
2026-07-07 06:51:47,F1,0.0000,OK
2026-07-07 06:51:57,F1,0.0000,OK
2026-07-07 06:52:08,F1,0.0000,OK
2026-07-07 06:52:18,F1,0.0000,OK
2026-07-07 06:52:28,F1,0.0000,OK
2026-07-07 06:52:39,F1,0.0000,OK
2026-07-07 06:52:49,F1,0.0000,OK
2026-07-07 06:52:59,F1,0.0000,OK
2026-07-07 06:53:10,F1,0.0000,OK
2026-07-07 06:53:20,F1,0.0000,OK
2026-07-07 06:53:30,F1,0.0000,OK
2026-07-07 06:53:41,F1,0.0000,OK
2026-07-07 06:53:51,F1,0.0000,OK
2026-07-07 06:54:01,F1,0.0000,OK
2026-07-07 06:54:11,F1,0.0000,OK
2026-07-07 06:54:22,F1,0.0000,OK
2026-07-07 06:54:32,F1,0.0000,OK
2026-07-07 06:54:42,F1,0.0000,OK
2026-07-07 06:54:53,F1,0.0000,OK
2026-07-07 06:55:03,F1,0.0000,OK
2026-07-07 06:55:13,F1,0.0000,OK
2026-07-07 06:55:24,F1,0.0000,OK
2026-07-07 06:55:34,F1,0.0000,OK
2026-07-07 06:55:44,F1,0.0000,OK
2026-07-07 06:55:55,F1,0.0000,OK
2026-07-07 06:56:05,F1,0.0000,OK
2026-07-07 06:56:15,F1,0.0000,OK
2026-07-07 06:56:26,F1,0.0000,OK
2026-07-07 06:56:36,F1,0.0000,OK
2026-07-07 06:56:46,F1,0.0000,OK
2026-07-07 06:56:56,F1,0.0000,OK
2026-07-07 06:57:07,F1,0.0000,OK
2026-07-07 06:57:17,F1,0.0000,OK
2026-07-07 06:57:27,F1,0.0000,OK
2026-07-07 06:57:38,F1,0.0000,OK
2026-07-07 06:57:48,F1,0.0000,OK
2026-07-07 06:57:58,F1,0.0000,OK
2026-07-07 06:58:09,F1,0.0000,OK
2026-07-07 06:58:19,F1,0.0000,OK
2026-07-07 06:58:29,F1,0.0000,OK
2026-07-07 06:58:40,F1,0.0000,OK
2026-07-07 06:58:50,F1,0.0000,OK
2026-07-07 06:59:00,F1,0.0000,OK
2026-07-07 06:59:11,F1,0.0000,OK
2026-07-07 06:59:21,F1,0.0000,OK
2026-07-07 06:59:31,F1,0.0000,OK
2026-07-07 06:59:42,F1,0.0000,OK
2026-07-07 06:59:52,F1,0.0000,OK
2026-07-07 07:00:02,F1,0.0000,OK
2026-07-07 07:00:13,F1,0.0000,OK
2026-07-07 07:00:23,F1,0.0000,OK
2026-07-07 07:00:33,F1,0.0000,OK
2026-07-07 07:00:44,F1,0.0000,OK
2026-07-07 07:00:54,F1,0.0000,OK
2026-07-07 07:01:04,F1,0.0000,OK
2026-07-07 07:01:15,F1,0.0000,OK
2026-07-07 07:01:25,F1,0.0000,OK
2026-07-07 07:01:35,F1,0.0000,OK
2026-07-07 07:01:46,F1,0.0000,OK
2026-07-07 07:01:56,F1,0.0000,OK
2026-07-07 07:02:06,F1,0.0000,OK
2026-07-07 07:02:17,F1,0.0000,OK
2026-07-07 07:02:27,F1,0.0000,OK
2026-07-07 07:02:37,F1,0.0000,OK
2026-07-07 07:02:47,F1,0.0000,OK
2026-07-07 07:02:58,F1,0.0000,OK
2026-07-07 07:03:08,F1,0.0000,OK
2026-07-07 07:03:18,F1,0.0000,OK
2026-07-07 07:03:29,F1,0.0000,OK
2026-07-07 07:03:39,F1,0.0000,OK
2026-07-07 07:03:49,F1,0.0000,OK
2026-07-07 07:04:00,F1,0.0000,OK
2026-07-07 07:04:10,F1,0.0000,OK
2026-07-07 07:04:20,F1,0.0000,OK
2026-07-07 07:04:31,F1,0.0000,OK
2026-07-07 07:04:41,F1,0.0000,OK
2026-07-07 07:04:51,F1,0.0000,OK
2026-07-07 07:05:02,F1,0.0000,OK
2026-07-07 07:05:12,F1,0.0000,OK
2026-07-07 07:05:22,F1,0.0000,OK
2026-07-07 07:05:32,F1,0.0000,OK
2026-07-07 07:05:43,F1,0.0000,OK
2026-07-07 07:05:53,F1,0.0000,OK
2026-07-07 07:06:03,F1,0.0000,OK
2026-07-07 07:06:14,F1,0.0000,OK
2026-07-07 07:06:24,F1,0.0000,OK
2026-07-07 07:06:34,F1,0.0000,OK
2026-07-07 07:06:45,F1,0.0000,OK
2026-07-07 07:06:55,F1,0.0000,OK
2026-07-07 07:07:05,F1,0.0000,OK
2026-07-07 07:07:16,F1,0.0000,OK
2026-07-07 07:07:26,F1,0.0000,OK
2026-07-07 07:07:36,F1,0.0000,OK
2026-07-07 07:07:47,F1,0.0000,OK
2026-07-07 07:07:57,F1,0.0000,OK
2026-07-07 07:08:07,F1,0.0000,OK
2026-07-07 07:08:18,F1,0.0000,OK
2026-07-07 07:08:28,F1,0.0000,OK
2026-07-07 07:08:38,F1,0.0000,OK
2026-07-07 07:08:49,F1,0.0000,OK
2026-07-07 07:08:59,F1,0.0000,OK
2026-07-07 07:09:09,F1,0.0000,OK
2026-07-07 07:09:19,F1,0.0000,OK
2026-07-07 07:09:30,F1,0.0000,OK
2026-07-07 07:09:40,F1,0.0000,OK
2026-07-07 07:09:50,F1,0.0000,OK
2026-07-07 07:10:01,F1,0.0000,OK
2026-07-07 07:10:11,F1,0.0000,OK
2026-07-07 07:10:21,F1,0.0000,OK
2026-07-07 07:10:32,F1,0.0000,OK
2026-07-07 07:10:42,F1,0.0000,OK
2026-07-07 07:10:52,F1,0.0000,OK
2026-07-07 07:11:03,F1,0.0000,OK
2026-07-07 07:11:13,F1,0.0000,OK
2026-07-07 07:11:23,F1,0.0000,OK
2026-07-07 07:11:33,F1,0.0000,OK
2026-07-07 07:11:44,F1,0.0000,OK
2026-07-07 07:11:54,F1,0.0000,OK
2026-07-07 07:12:04,F1,0.0000,OK
2026-07-07 07:12:15,F1,0.0000,Bajo rango
2026-07-07 07:12:25,F1,0.0000,OK
2026-07-07 07:12:35,F1,0.0000,OK
2026-07-07 07:12:46,F1,0.0000,OK
2026-07-07 07:12:56,F1,0.0000,OK
2026-07-07 07:13:06,F1,0.0000,OK
2026-07-07 07:13:17,F1,0.0000,OK
2026-07-07 07:13:27,F1,0.0000,OK
2026-07-07 07:13:37,F1,0.0000,OK
2026-07-07 07:13:48,F1,0.0000,OK
2026-07-07 07:13:58,F1,0.0000,OK
2026-07-07 07:14:08,F1,0.0000,OK
2026-07-07 07:14:19,F1,0.0000,OK
2026-07-07 07:14:29,F1,0.0000,OK
2026-07-07 07:14:39,F1,0.0000,OK
2026-07-07 07:14:49,F1,0.0000,OK
2026-07-07 07:15:00,F1,0.0000,OK
2026-07-07 07:15:10,F1,0.0000,OK
2026-07-07 07:15:20,F1,0.0000,OK
2026-07-07 07:15:31,F1,0.0000,OK
2026-07-07 07:15:41,F1,0.0000,OK
2026-07-07 07:15:51,F1,0.0000,OK
2026-07-07 07:16:02,F1,0.0000,OK
2026-07-07 07:16:12,F1,0.0000,OK
2026-07-07 07:16:22,F1,0.0000,OK
2026-07-07 07:16:33,F1,0.0000,OK
2026-07-07 07:16:43,F1,0.0000,OK
2026-07-07 07:16:53,F1,0.0000,OK
2026-07-07 07:17:04,F1,0.0000,OK
2026-07-07 07:17:14,F1,0.0000,OK
2026-07-07 07:17:24,F1,0.0000,OK
2026-07-07 07:17:35,F1,0.0000,OK
2026-07-07 07:17:45,F1,0.0000,OK
2026-07-07 07:17:55,F1,0.0000,OK
2026-07-07 07:18:06,F1,0.0000,OK
2026-07-07 07:18:16,F1,0.0000,OK
2026-07-07 07:18:26,F1,0.0000,OK
2026-07-07 07:18:37,F1,0.0000,OK
2026-07-07 07:18:47,F1,0.0000,OK
2026-07-07 07:18:57,F1,0.0000,OK
2026-07-07 07:19:08,F1,0.0000,OK
2026-07-07 07:19:18,F1,0.0000,OK
2026-07-07 07:19:29,F1,0.0000,OK
2026-07-07 07:19:39,F1,0.0000,OK
2026-07-07 07:19:49,F1,0.0000,OK
2026-07-07 07:19:59,F1,0.0000,OK
2026-07-07 07:20:10,F1,0.0000,OK
2026-07-07 07:20:20,F1,0.0000,OK
2026-07-07 07:20:30,F1,0.0000,OK
2026-07-07 07:20:41,F1,0.0000,OK
2026-07-07 07:20:51,F1,0.0000,OK
2026-07-07 07:21:01,F1,0.0000,OK
2026-07-07 07:21:12,F1,0.0000,OK
2026-07-07 07:21:22,F1,0.0000,OK
2026-07-07 07:21:32,F1,0.0000,OK
2026-07-07 07:21:43,F1,0.0000,OK
2026-07-07 07:21:53,F1,0.0000,OK
2026-07-07 07:22:03,F1,0.0000,OK
2026-07-07 07:22:14,F1,0.0000,OK
2026-07-07 07:22:24,F1,0.0000,OK
2026-07-07 07:22:34,F1,0.0000,OK
2026-07-07 07:22:45,F1,0.0000,OK
2026-07-07 07:22:55,F1,0.0000,OK
2026-07-07 07:23:05,F1,0.0000,OK
2026-07-07 07:23:16,F1,0.0000,OK
2026-07-07 07:23:26,F1,0.0000,OK
2026-07-07 07:23:36,F1,0.0000,OK
2026-07-07 07:23:46,F1,0.0000,OK
2026-07-07 07:23:57,F1,0.0000,OK
2026-07-07 07:24:07,F1,0.0000,OK
2026-07-07 07:24:17,F1,0.0000,OK
2026-07-07 07:24:28,F1,0.0000,OK
2026-07-07 07:24:38,F1,0.0000,OK
2026-07-07 07:24:48,F1,0.0000,OK
2026-07-07 07:24:59,F1,0.0000,OK
2026-07-07 07:25:09,F1,0.0000,OK
2026-07-07 07:25:19,F1,0.0000,OK
2026-07-07 07:25:30,F1,0.0000,OK
2026-07-07 07:25:40,F1,0.0000,OK
2026-07-07 07:25:50,F1,0.0000,OK
2026-07-07 07:26:01,F1,0.0000,OK
2026-07-07 07:26:11,F1,0.0000,OK
2026-07-07 07:26:21,F1,0.0000,OK
2026-07-07 07:26:32,F1,0.0000,OK
2026-07-07 07:26:42,F1,0.0000,OK
2026-07-07 07:26:52,F1,0.0000,OK
2026-07-07 07:27:03,F1,0.0000,OK
2026-07-07 07:27:13,F1,0.0000,OK
2026-07-07 07:27:23,F1,0.0000,OK
2026-07-07 07:27:34,F1,0.0000,OK
2026-07-07 07:27:44,F1,0.0000,OK
2026-07-07 07:27:54,F1,0.0000,OK
2026-07-07 07:28:04,F1,0.0000,OK
2026-07-07 07:28:15,F1,0.0000,OK
2026-07-07 07:28:25,F1,0.0000,OK
2026-07-07 07:28:35,F1,0.0000,OK
2026-07-07 07:28:46,F1,0.0000,OK
2026-07-07 07:28:56,F1,0.0000,OK
2026-07-07 07:29:07,F1,0.0000,OK
2026-07-07 07:29:17,F1,0.0000,OK
2026-07-07 07:29:27,F1,0.0000,OK
2026-07-07 07:29:38,F1,0.0000,OK
2026-07-07 07:29:48,F1,0.0000,OK
2026-07-07 07:29:58,F1,0.0000,OK
2026-07-07 07:30:08,F1,0.0000,OK
2026-07-07 07:30:19,F1,0.0000,OK
2026-07-07 07:30:29,F1,0.0000,OK
2026-07-07 07:30:39,F1,0.0000,OK
2026-07-07 07:30:50,F1,0.0000,OK
2026-07-07 07:31:00,F1,0.0000,OK
2026-07-07 07:31:10,F1,0.0000,OK
2026-07-07 07:31:21,F1,0.0000,OK
2026-07-07 07:31:31,F1,0.0000,OK
2026-07-07 07:31:41,F1,0.0000,OK
2026-07-07 07:31:52,F1,0.0000,OK
2026-07-07 07:32:02,F1,0.0000,OK
2026-07-07 07:32:12,F1,0.0000,OK
2026-07-07 07:32:23,F1,0.0000,OK
2026-07-07 07:32:33,F1,0.0000,OK
2026-07-07 07:32:43,F1,0.0000,OK
2026-07-07 07:32:54,F1,0.0000,OK
2026-07-07 07:33:04,F1,0.0000,OK
2026-07-07 07:33:14,F1,0.0000,OK
2026-07-07 07:33:25,F1,0.0000,OK
2026-07-07 07:33:35,F1,0.0000,OK
2026-07-07 07:33:45,F1,0.0000,OK
2026-07-07 07:33:56,F1,0.0000,OK
2026-07-07 07:34:06,F1,0.0000,OK
2026-07-07 07:34:16,F1,0.0000,OK
2026-07-07 07:34:27,F1,0.0000,OK
2026-07-07 07:34:37,F1,0.0000,OK
2026-07-07 07:34:47,F1,0.0000,OK
2026-07-07 07:34:58,F1,0.0000,OK
2026-07-07 07:35:08,F1,0.0000,OK
2026-07-07 07:35:18,F1,0.0000,OK
2026-07-07 07:35:29,F1,0.0000,OK
2026-07-07 07:35:39,F1,0.0000,OK
2026-07-07 07:35:49,F1,0.0000,OK
2026-07-07 07:36:00,F1,0.0000,OK
2026-07-07 07:36:10,F1,0.0000,OK
2026-07-07 07:36:20,F1,0.0000,OK
2026-07-07 07:36:31,F1,0.0000,OK
2026-07-07 07:36:41,F1,0.0000,OK
2026-07-07 07:36:51,F1,0.0000,OK
2026-07-07 07:37:02,F1,0.0000,OK
2026-07-07 07:37:12,F1,0.0000,OK
2026-07-07 07:37:22,F1,0.0000,Bajo rango
2026-07-07 07:37:33,F1,0.0000,OK
2026-07-07 07:37:43,F1,0.0000,OK
2026-07-07 07:37:53,F1,0.0000,OK
2026-07-07 07:38:04,F1,0.0000,OK
2026-07-07 07:38:14,F1,0.0000,OK
2026-07-07 07:38:24,F1,0.0000,OK
2026-07-07 07:38:34,F1,0.0000,OK
2026-07-07 07:38:45,F1,0.0000,OK
2026-07-07 07:38:55,F1,0.0000,OK
2026-07-07 07:39:05,F1,0.0000,OK
2026-07-07 07:39:16,F1,0.0000,OK
2026-07-07 07:39:26,F1,0.0000,OK
2026-07-07 07:39:36,F1,0.0000,OK
2026-07-07 07:39:47,F1,0.0000,OK
2026-07-07 07:39:57,F1,0.0000,OK
2026-07-07 07:40:07,F1,0.0000,OK
2026-07-07 07:40:18,F1,0.0000,OK
2026-07-07 07:40:28,F1,0.0000,OK
2026-07-07 07:40:38,F1,0.0000,OK
2026-07-07 07:40:49,F1,0.0000,OK
2026-07-07 07:40:59,F1,0.0000,OK
2026-07-07 07:41:09,F1,0.0000,OK
2026-07-07 07:41:20,F1,0.0000,OK
2026-07-07 07:41:30,F1,0.0000,OK
2026-07-07 07:41:40,F1,0.0000,OK
2026-07-07 07:41:51,F1,0.0000,OK
2026-07-07 07:42:01,F1,0.0000,Bajo rango
2026-07-07 07:42:11,F1,0.0000,OK
2026-07-07 07:42:22,F1,0.0000,OK
2026-07-07 07:42:32,F1,0.0000,OK
2026-07-07 07:42:42,F1,0.0000,OK
2026-07-07 07:42:53,F1,0.0000,OK
2026-07-07 07:43:03,F1,0.0000,OK
2026-07-07 07:43:13,F1,0.0000,OK
2026-07-07 07:43:24,F1,0.0000,OK
2026-07-07 07:43:34,F1,0.0000,OK
2026-07-07 07:43:44,F1,0.0000,OK
2026-07-07 07:43:55,F1,0.0000,OK
2026-07-07 07:44:05,F1,0.0000,OK
2026-07-07 07:44:16,F1,0.0000,OK
2026-07-07 07:44:26,F1,0.0000,OK
2026-07-07 07:44:36,F1,0.0000,OK
2026-07-07 07:44:47,F1,0.0000,OK
2026-07-07 07:44:57,F1,0.0000,OK
2026-07-07 07:45:07,F1,0.0000,OK
2026-07-07 07:45:18,F1,0.0000,OK
2026-07-07 07:45:28,F1,0.0000,OK
2026-07-07 07:45:38,F1,0.0000,OK
2026-07-07 07:45:49,F1,0.0000,OK
2026-07-07 07:45:59,F1,0.0000,Bajo rango
2026-07-07 07:46:09,F1,0.0000,OK
2026-07-07 07:46:19,F1,0.0000,OK
2026-07-07 07:46:30,F1,0.0000,OK
2026-07-07 07:46:40,F1,0.0000,OK
2026-07-07 07:46:50,F1,0.0000,OK
2026-07-07 07:47:01,F1,0.0000,OK
2026-07-07 07:47:11,F1,0.0000,OK
2026-07-07 07:47:21,F1,0.0000,OK
2026-07-07 07:47:32,F1,0.0000,OK
2026-07-07 07:47:42,F1,0.0000,OK
2026-07-07 07:47:52,F1,0.0000,OK
2026-07-07 07:48:03,F1,0.0000,OK
2026-07-07 07:48:13,F1,0.0000,OK
2026-07-07 07:48:23,F1,0.0000,OK
2026-07-07 07:48:34,F1,0.0000,OK
2026-07-07 07:48:44,F1,0.0000,OK
2026-07-07 07:48:54,F1,0.0000,OK
2026-07-07 07:49:05,F1,0.0000,OK
2026-07-07 07:49:15,F1,0.0000,OK
2026-07-07 07:49:25,F1,0.0000,OK
2026-07-07 07:49:36,F1,0.0000,OK
2026-07-07 07:49:46,F1,0.0000,OK
2026-07-07 07:49:56,F1,0.0000,OK
2026-07-07 07:50:07,F1,0.0000,OK
2026-07-07 07:50:17,F1,0.0000,OK
2026-07-07 07:50:27,F1,0.0000,OK
2026-07-07 07:50:38,F1,0.0000,OK
2026-07-07 07:50:48,F1,0.0000,OK
2026-07-07 07:50:58,F1,0.0000,OK
2026-07-07 07:51:09,F1,0.0000,OK
2026-07-07 07:51:19,F1,0.0000,OK
2026-07-07 07:51:29,F1,0.0000,OK
2026-07-07 07:51:39,F1,0.0000,OK
2026-07-07 07:51:50,F1,0.0000,OK
2026-07-07 07:52:00,F1,0.0000,OK
2026-07-07 07:52:10,F1,0.0000,OK
2026-07-07 07:52:21,F1,0.0000,OK
2026-07-07 07:52:31,F1,0.0000,OK
2026-07-07 07:52:41,F1,0.0000,OK
2026-07-07 07:52:52,F1,0.0000,OK
2026-07-07 07:53:02,F1,0.0000,OK
2026-07-07 07:53:12,F1,0.0000,OK
2026-07-07 07:53:23,F1,0.0000,OK
2026-07-07 07:53:33,F1,0.0000,OK
2026-07-07 07:53:43,F1,0.0000,OK
2026-07-07 07:53:54,F1,0.0000,OK
2026-07-07 07:54:04,F1,0.0000,OK
2026-07-07 07:54:14,F1,0.0000,OK
2026-07-07 07:54:24,F1,0.0000,OK
2026-07-07 07:54:35,F1,0.0000,OK
2026-07-07 07:54:45,F1,0.0000,OK
2026-07-07 07:54:55,F1,0.0000,OK
2026-07-07 07:55:06,F1,0.0000,OK
2026-07-07 07:55:16,F1,0.0000,OK
2026-07-07 07:55:26,F1,0.0000,OK
2026-07-07 07:55:37,F1,0.0000,OK
2026-07-07 07:55:47,F1,0.0000,OK
2026-07-07 07:55:58,F1,0.0000,OK
2026-07-07 07:56:08,F1,0.0000,OK
2026-07-07 07:56:18,F1,0.0000,OK
2026-07-07 07:56:29,F1,0.0000,OK
2026-07-07 07:56:39,F1,0.0000,OK
2026-07-07 07:56:49,F1,0.0000,OK
2026-07-07 07:57:00,F1,0.0000,OK
2026-07-07 07:57:10,F1,0.0000,OK
2026-07-07 07:57:20,F1,0.0000,OK
2026-07-07 07:57:31,F1,0.0000,OK
2026-07-07 07:57:41,F1,0.0000,OK
2026-07-07 07:57:51,F1,0.0000,OK
2026-07-07 07:58:02,F1,0.0000,OK
2026-07-07 07:58:12,F1,0.0000,OK
2026-07-07 07:58:22,F1,0.0000,OK
2026-07-07 07:58:33,F1,0.0000,OK
2026-07-07 07:58:43,F1,0.0000,OK
2026-07-07 07:58:53,F1,0.0000,OK
2026-07-07 07:59:04,F1,0.0000,OK
2026-07-07 07:59:14,F1,0.0000,OK
2026-07-07 07:59:24,F1,0.0000,OK
2026-07-07 07:59:35,F1,0.0000,OK
2026-07-07 07:59:45,F1,0.0000,OK
2026-07-07 07:59:55,F1,0.0000,OK
2026-07-07 08:00:06,F1,0.0000,OK
2026-07-07 08:00:16,F1,0.0000,OK
2026-07-07 08:00:26,F1,0.0000,OK
2026-07-07 08:00:37,F1,0.0000,OK
2026-07-07 08:00:47,F1,0.0000,OK
2026-07-07 08:00:57,F1,0.0000,OK
2026-07-07 08:01:08,F1,0.0000,OK
2026-07-07 08:01:18,F1,0.0000,OK
2026-07-07 08:01:28,F1,0.0000,OK
2026-07-07 08:01:39,F1,0.0000,OK
2026-07-07 08:01:49,F1,0.0000,OK
2026-07-07 08:01:59,F1,0.0000,OK
2026-07-07 08:02:10,F1,0.0000,OK
2026-07-07 08:02:20,F1,0.0000,OK
2026-07-07 08:02:30,F1,0.0000,OK
2026-07-07 08:02:41,F1,0.0000,OK
2026-07-07 08:02:51,F1,0.0000,OK
2026-07-07 08:03:01,F1,0.0000,OK
2026-07-07 08:03:12,F1,0.0000,OK
2026-07-07 08:03:22,F1,0.0000,OK
2026-07-07 08:03:32,F1,0.0000,OK
2026-07-07 08:03:43,F1,0.0000,OK
2026-07-07 08:03:53,F1,0.0000,OK
2026-07-07 08:04:03,F1,0.0000,OK
2026-07-07 08:04:14,F1,0.0000,Bajo rango
2026-07-07 08:04:24,F1,0.0000,OK
2026-07-07 08:04:34,F1,0.0000,OK
2026-07-07 08:04:45,F1,0.0000,OK
2026-07-07 08:04:55,F1,0.0000,OK
2026-07-07 08:05:05,F1,0.0000,OK
2026-07-07 08:05:16,F1,0.0000,OK
2026-07-07 08:05:26,F1,0.0000,OK
2026-07-07 08:05:36,F1,0.0000,OK
2026-07-07 08:05:46,F1,0.0000,OK
2026-07-07 08:05:57,F1,0.0000,OK
2026-07-07 08:06:07,F1,0.0000,OK
2026-07-07 08:06:17,F1,0.0000,OK
2026-07-07 08:06:28,F1,0.0000,OK
2026-07-07 08:06:38,F1,0.0000,OK
2026-07-07 08:06:48,F1,0.0000,OK
2026-07-07 08:06:59,F1,0.0000,OK
2026-07-07 08:07:09,F1,0.0000,OK
2026-07-07 08:07:19,F1,0.0000,OK
2026-07-07 08:07:30,F1,0.0000,OK
2026-07-07 08:07:40,F1,0.0000,OK
2026-07-07 08:07:50,F1,0.0000,OK
2026-07-07 08:08:01,F1,0.0000,OK
2026-07-07 08:08:11,F1,0.0000,OK
2026-07-07 08:08:21,F1,0.0000,OK
2026-07-07 08:08:32,F1,0.0000,OK
2026-07-07 08:08:42,F1,0.0000,OK
2026-07-07 08:08:52,F1,0.0000,OK
2026-07-07 08:09:03,F1,0.0000,OK
2026-07-07 08:09:13,F1,0.0000,OK
2026-07-07 08:09:23,F1,0.0000,OK
2026-07-07 08:09:34,F1,0.0000,OK
2026-07-07 08:09:44,F1,0.0000,OK
2026-07-07 08:09:54,F1,0.0000,OK
2026-07-07 08:10:05,F1,0.0000,OK
2026-07-07 08:10:15,F1,0.0000,OK
2026-07-07 08:10:25,F1,0.0000,OK
2026-07-07 08:10:36,F1,0.0000,OK
2026-07-07 08:10:46,F1,0.0000,OK
2026-07-07 08:10:56,F1,0.0000,OK
2026-07-07 08:11:06,F1,0.0000,OK
2026-07-07 08:11:17,F1,0.0000,OK
2026-07-07 08:11:27,F1,0.0000,OK
2026-07-07 08:11:37,F1,0.0000,Bajo rango
2026-07-07 08:11:48,F1,0.0000,OK
2026-07-07 08:11:58,F1,0.0000,OK
2026-07-07 08:12:08,F1,0.0000,OK
2026-07-07 08:12:19,F1,0.0000,Bajo rango
2026-07-07 08:12:29,F1,0.0000,OK
2026-07-07 08:12:39,F1,0.0000,Bajo rango
2026-07-07 08:12:50,F1,0.0000,OK
2026-07-07 08:13:00,F1,0.0000,OK
2026-07-07 08:13:10,F1,0.0000,OK
2026-07-07 08:13:21,F1,0.0000,OK
2026-07-07 08:13:31,F1,0.0000,OK
2026-07-07 08:13:41,F1,0.0000,OK
2026-07-07 08:13:52,F1,0.0000,OK
2026-07-07 08:14:02,F1,0.0000,OK
2026-07-07 08:14:12,F1,0.0000,OK
2026-07-07 08:14:23,F1,0.0000,OK
2026-07-07 08:14:33,F1,0.0000,OK
2026-07-07 08:14:43,F1,0.0000,OK
2026-07-07 08:14:54,F1,0.0000,OK
2026-07-07 08:15:04,F1,0.0000,Bajo rango
2026-07-07 08:15:14,F1,0.0000,OK
2026-07-07 08:15:24,F1,0.0000,OK
2026-07-07 08:15:35,F1,0.0000,OK
2026-07-07 08:15:45,F1,0.0000,OK
2026-07-07 08:15:55,F1,0.0000,OK
2026-07-07 08:16:06,F1,0.0000,Bajo rango
2026-07-07 08:16:16,F1,0.0000,Bajo rango
2026-07-07 08:16:26,F1,6.6961,OK
2026-07-07 08:16:37,F1,0.2296,OK
2026-07-07 08:16:47,F1,0.0000,OK
2026-07-07 08:16:57,F1,0.0000,OK
2026-07-07 08:17:08,F1,0.0000,OK
2026-07-07 08:17:18,F1,0.0000,OK
2026-07-07 08:17:28,F1,0.0000,OK
2026-07-07 08:17:39,F1,0.0000,OK
2026-07-07 08:17:49,F1,0.0000,OK
2026-07-07 08:17:59,F1,0.0000,OK
2026-07-07 08:18:10,F1,0.0000,OK
2026-07-07 08:18:20,F1,0.0317,OK
2026-07-07 08:18:30,F1,0.0000,OK
2026-07-07 08:18:41,F1,0.0000,OK
2026-07-07 08:18:51,F1,0.0000,OK
2026-07-07 08:19:01,F1,0.0000,OK
2026-07-07 08:19:11,F1,0.0000,OK
2026-07-07 08:19:22,F1,0.0000,OK
2026-07-07 08:19:32,F1,0.0000,OK
2026-07-07 08:19:42,F1,0.0000,OK
2026-07-07 08:19:53,F1,0.0000,OK
2026-07-07 08:20:03,F1,0.0000,OK
2026-07-07 08:20:13,F1,0.0000,OK
2026-07-07 08:20:24,F1,0.0000,OK
2026-07-07 08:20:34,F1,0.0000,OK
2026-07-07 08:20:44,F1,0.0000,OK
2026-07-07 08:20:55,F1,0.0000,OK
2026-07-07 08:21:05,F1,0.0000,OK
2026-07-07 08:21:15,F1,0.0000,OK
2026-07-07 08:21:26,F1,0.0000,OK
2026-07-07 08:21:36,F1,0.0000,OK
2026-07-07 08:21:46,F1,0.0000,OK
2026-07-07 08:21:56,F1,0.0000,OK
2026-07-07 08:22:07,F1,0.0000,OK
2026-07-07 08:22:17,F1,0.0000,OK
2026-07-07 08:22:27,F1,0.0000,OK
2026-07-07 08:22:38,F1,0.0000,OK
2026-07-07 08:22:48,F1,0.0000,OK
2026-07-07 08:22:58,F1,0.0000,OK
2026-07-07 08:23:09,F1,0.0000,OK
2026-07-07 08:23:19,F1,0.0000,OK
2026-07-07 08:23:29,F1,0.0000,OK
2026-07-07 08:23:40,F1,0.0000,OK
2026-07-07 08:23:50,F1,0.0000,OK
2026-07-07 08:24:00,F1,0.0000,OK
2026-07-07 08:24:11,F1,0.0000,OK
2026-07-07 08:24:21,F1,0.0000,OK
2026-07-07 08:24:31,F1,0.0000,OK
2026-07-07 08:24:42,F1,0.0000,OK
2026-07-07 08:24:52,F1,0.0000,OK
2026-07-07 08:25:02,F1,0.0000,OK
2026-07-07 08:25:13,F1,0.0000,OK
2026-07-07 08:25:23,F1,0.0000,OK
2026-07-07 08:25:33,F1,0.0000,OK
2026-07-07 08:25:44,F1,0.0000,OK
2026-07-07 08:25:54,F1,0.0000,OK
2026-07-07 08:26:04,F1,0.0000,OK
2026-07-07 08:26:15,F1,0.0000,OK
2026-07-07 08:26:25,F1,0.0000,OK
2026-07-07 08:26:35,F1,0.0000,OK
2026-07-07 08:26:46,F1,0.0000,OK
2026-07-07 08:26:56,F1,0.0000,OK
2026-07-07 08:27:06,F1,0.0000,OK
2026-07-07 08:27:17,F1,0.0000,OK
2026-07-07 08:27:27,F1,0.0000,OK
2026-07-07 08:27:37,F1,0.0000,OK
2026-07-07 08:27:48,F1,0.0000,OK
2026-07-07 08:27:58,F1,0.0000,OK
2026-07-07 08:28:08,F1,0.0000,OK
2026-07-07 08:28:19,F1,0.0000,OK
2026-07-07 08:28:29,F1,0.0000,OK
2026-07-07 08:28:39,F1,0.0000,OK
2026-07-07 08:28:50,F1,0.0000,OK
2026-07-07 08:29:00,F1,0.0000,OK
2026-07-07 08:29:10,F1,0.0000,OK
2026-07-07 08:29:21,F1,0.0000,OK
2026-07-07 08:29:31,F1,0.0000,OK
2026-07-07 08:29:41,F1,0.0000,OK
2026-07-07 08:29:52,F1,0.0000,OK
2026-07-07 08:30:02,F1,0.0000,OK
2026-07-07 08:30:12,F1,0.0000,OK
2026-07-07 08:30:23,F1,0.0000,OK
2026-07-07 08:30:33,F1,0.0000,OK
2026-07-07 08:30:43,F1,0.0000,OK
2026-07-07 08:30:54,F1,0.0000,OK
2026-07-07 08:31:04,F1,0.0000,OK
2026-07-07 08:31:14,F1,0.0000,OK
2026-07-07 08:31:25,F1,0.0000,OK
2026-07-07 08:31:35,F1,0.0000,OK
2026-07-07 08:31:45,F1,0.0000,OK
2026-07-07 08:31:55,F1,0.0000,OK
2026-07-07 08:32:06,F1,0.0000,OK
2026-07-07 08:32:16,F1,0.0000,OK
2026-07-07 08:32:26,F1,0.0000,OK
2026-07-07 08:32:37,F1,0.0000,OK
2026-07-07 08:32:47,F1,0.0000,OK
2026-07-07 08:32:57,F1,0.0000,OK
2026-07-07 08:33:08,F1,0.0000,OK
2026-07-07 08:33:18,F1,0.0000,OK
2026-07-07 08:33:28,F1,0.0000,OK
2026-07-07 08:33:39,F1,0.0000,OK
2026-07-07 08:33:49,F1,0.0000,OK
2026-07-07 08:33:59,F1,0.0000,OK
2026-07-07 08:34:10,F1,0.0000,OK
2026-07-07 08:34:20,F1,0.0000,OK
2026-07-07 08:34:30,F1,0.0000,OK
2026-07-07 08:34:41,F1,0.0000,OK
2026-07-07 08:34:51,F1,0.0000,OK
2026-07-07 08:35:01,F1,0.0000,OK
2026-07-07 08:35:12,F1,0.0000,OK
2026-07-07 08:35:22,F1,0.0000,OK
2026-07-07 08:35:32,F1,0.0000,OK
2026-07-07 08:35:43,F1,0.0000,OK
2026-07-07 08:35:53,F1,0.0000,OK
2026-07-07 08:36:03,F1,0.0000,OK
2026-07-07 08:36:13,F1,0.0000,OK
2026-07-07 08:36:24,F1,0.0000,OK
2026-07-07 08:36:34,F1,0.0000,OK
2026-07-07 08:36:44,F1,0.0000,OK
2026-07-07 08:36:55,F1,0.0000,OK
2026-07-07 08:37:05,F1,0.0000,OK
2026-07-07 08:37:15,F1,0.0000,OK
2026-07-07 08:37:26,F1,0.0000,OK
2026-07-07 08:37:36,F1,0.0000,OK
2026-07-07 08:37:46,F1,0.0000,OK
2026-07-07 08:37:57,F1,0.0000,OK
2026-07-07 08:38:07,F1,0.0000,OK
2026-07-07 08:38:17,F1,0.0000,OK
2026-07-07 08:38:28,F1,0.0000,OK
2026-07-07 08:38:38,F1,0.0000,OK
2026-07-07 08:38:48,F1,0.0000,OK
2026-07-07 08:38:59,F1,0.0000,OK
2026-07-07 08:39:09,F1,0.0000,OK
2026-07-07 08:39:19,F1,0.0000,OK
2026-07-07 08:39:30,F1,0.0000,OK
2026-07-07 08:39:40,F1,0.0000,OK
2026-07-07 08:39:50,F1,0.0000,OK
2026-07-07 08:40:01,F1,0.0000,OK
2026-07-07 08:40:11,F1,0.0000,OK
2026-07-07 08:40:21,F1,0.0000,OK
2026-07-07 08:40:32,F1,0.0000,OK
2026-07-07 08:40:42,F1,0.0000,OK
2026-07-07 08:40:52,F1,0.0000,OK
2026-07-07 08:41:03,F1,0.0000,OK
2026-07-07 08:41:13,F1,0.0000,OK
2026-07-07 08:41:23,F1,0.0000,OK
2026-07-07 08:41:33,F1,0.0000,OK
2026-07-07 08:41:44,F1,0.0000,OK
2026-07-07 08:41:54,F1,0.0000,OK
2026-07-07 08:42:04,F1,0.0000,OK
2026-07-07 08:42:15,F1,0.0000,OK
2026-07-07 08:42:25,F1,0.0000,OK
2026-07-07 08:42:35,F1,0.0000,OK
2026-07-07 08:42:46,F1,0.0000,OK
2026-07-07 08:42:56,F1,0.0000,OK
2026-07-07 08:43:06,F1,0.0000,OK
2026-07-07 08:43:17,F1,0.0000,OK
2026-07-07 08:43:27,F1,0.0000,OK
2026-07-07 08:43:37,F1,0.0000,OK
2026-07-07 08:43:48,F1,0.0000,OK
2026-07-07 08:43:58,F1,0.0000,OK
2026-07-07 08:44:08,F1,0.0000,OK
2026-07-07 08:44:19,F1,0.0000,OK
2026-07-07 08:44:29,F1,0.0000,OK
2026-07-07 08:44:39,F1,0.0000,Bajo rango
2026-07-07 08:44:50,F1,0.0000,OK
2026-07-07 08:45:00,F1,0.0000,OK
2026-07-07 08:45:10,F1,0.0000,OK
2026-07-07 08:45:21,F1,0.0000,OK
2026-07-07 08:45:31,F1,0.0000,OK
2026-07-07 08:45:41,F1,0.0000,OK
2026-07-07 08:45:52,F1,0.0000,OK
2026-07-07 08:46:02,F1,0.0000,OK
2026-07-07 08:46:12,F1,0.0000,OK
2026-07-07 08:46:23,F1,0.0000,OK
2026-07-07 08:46:33,F1,0.0000,OK
2026-07-07 08:46:43,F1,0.0000,OK
2026-07-07 08:46:53,F1,0.0000,OK
2026-07-07 08:47:04,F1,0.0000,OK
2026-07-07 08:47:14,F1,0.0000,OK
2026-07-07 08:47:24,F1,0.0000,OK
2026-07-07 08:47:35,F1,0.0000,OK
2026-07-07 08:47:45,F1,0.0000,OK
2026-07-07 08:47:55,F1,0.0000,OK
2026-07-07 08:48:06,F1,0.0000,OK
2026-07-07 08:48:16,F1,0.0000,OK
2026-07-07 08:48:26,F1,0.0000,OK
2026-07-07 08:48:37,F1,0.0000,OK
2026-07-07 08:48:47,F1,0.0000,OK
2026-07-07 08:48:57,F1,0.0000,OK
2026-07-07 08:49:08,F1,0.0000,OK
2026-07-07 08:49:18,F1,0.0000,OK
2026-07-07 08:49:28,F1,0.0000,OK
2026-07-07 08:49:39,F1,0.0000,OK
2026-07-07 08:49:49,F1,0.0000,OK
2026-07-07 08:50:00,F1,0.0000,OK
2026-07-07 08:50:10,F1,0.0000,OK
2026-07-07 08:50:20,F1,0.0000,OK
2026-07-07 08:50:31,F1,0.0000,OK
2026-07-07 08:50:41,F1,0.0000,OK
2026-07-07 08:50:51,F1,0.0000,OK
2026-07-07 08:51:02,F1,0.0000,OK
2026-07-07 08:51:12,F1,0.0000,OK
2026-07-07 08:51:22,F1,0.0000,OK
2026-07-07 08:51:33,F1,0.0000,OK
2026-07-07 08:51:43,F1,0.0000,OK
2026-07-07 08:51:53,F1,0.0000,OK
2026-07-07 08:52:04,F1,0.0000,OK
2026-07-07 08:52:14,F1,0.0000,OK
2026-07-07 08:52:25,F1,0.0000,OK
2026-07-07 08:52:36,F1,0.0000,OK
2026-07-07 08:52:47,F1,0.0000,OK
2026-07-07 08:52:58,F1,0.0000,OK
2026-07-07 08:53:08,F1,0.0000,OK
2026-07-07 08:53:19,F1,0.0000,OK
2026-07-07 08:53:31,F1,0.0000,OK
2026-07-07 08:53:42,F1,0.0000,OK
2026-07-07 08:53:54,F1,0.0000,OK
2026-07-07 08:54:04,F1,0.0000,OK
2026-07-07 08:54:14,F1,0.0000,OK
2026-07-07 08:54:25,F1,0.0000,OK
2026-07-07 08:54:35,F1,0.0000,OK
2026-07-07 08:54:45,F1,0.0000,OK
2026-07-07 08:54:55,F1,0.0000,OK
2026-07-07 08:55:06,F1,0.0000,OK
2026-07-07 08:55:16,F1,0.0000,OK
2026-07-07 08:55:26,F1,0.0000,OK
2026-07-07 08:55:37,F1,0.0000,OK
2026-07-07 08:55:47,F1,0.0000,OK
2026-07-07 08:55:57,F1,0.0000,OK
2026-07-07 08:56:08,F1,0.0000,OK
2026-07-07 08:56:18,F1,0.0000,OK
2026-07-07 08:56:28,F1,0.0000,OK
2026-07-07 08:56:39,F1,0.0000,OK
2026-07-07 08:56:49,F1,0.0000,OK
2026-07-07 08:56:59,F1,0.0000,OK
2026-07-07 08:57:10,F1,0.0000,OK
2026-07-07 08:57:20,F1,0.0000,OK
2026-07-07 08:57:30,F1,0.0000,OK
2026-07-07 08:57:41,F1,0.0000,OK
2026-07-07 08:57:51,F1,0.0000,OK
2026-07-07 08:58:01,F1,0.0000,OK
2026-07-07 08:58:12,F1,0.0000,OK
2026-07-07 08:58:22,F1,0.0000,OK
2026-07-07 08:58:32,F1,0.0000,OK
2026-07-07 08:58:43,F1,0.0000,OK
2026-07-07 08:58:53,F1,0.0000,OK
2026-07-07 08:59:03,F1,0.0000,OK
2026-07-07 08:59:14,F1,0.0000,OK
2026-07-07 08:59:24,F1,0.0000,OK
2026-07-07 08:59:34,F1,0.0000,OK
2026-07-07 08:59:45,F1,0.0000,OK
2026-07-07 08:59:55,F1,0.0000,OK
2026-07-07 09:00:05,F1,0.0000,OK
2026-07-07 09:00:15,F1,0.0000,OK
2026-07-07 09:00:26,F1,0.0000,OK
2026-07-07 09:00:36,F1,0.0000,OK
2026-07-07 09:00:46,F1,0.0000,OK
2026-07-07 09:00:57,F1,0.0000,OK
2026-07-07 09:01:07,F1,0.0000,OK
2026-07-07 09:01:17,F1,0.0000,OK
2026-07-07 09:01:28,F1,0.0000,OK
2026-07-07 09:01:38,F1,0.0000,OK
2026-07-07 09:01:48,F1,0.0000,OK
2026-07-07 09:01:59,F1,0.0000,OK
2026-07-07 09:02:09,F1,0.0000,OK
2026-07-07 09:02:19,F1,0.0000,OK
2026-07-07 09:02:30,F1,0.0000,OK
2026-07-07 09:02:40,F1,0.0000,OK
2026-07-07 09:02:50,F1,0.0000,OK
2026-07-07 09:03:01,F1,0.0000,OK
2026-07-07 09:03:11,F1,0.0000,OK
2026-07-07 09:03:21,F1,0.0000,OK
2026-07-07 09:03:31,F1,0.0000,OK
2026-07-07 09:03:42,F1,0.0000,OK
2026-07-07 09:03:52,F1,0.0000,OK
2026-07-07 09:04:02,F1,0.0000,OK
2026-07-07 09:04:13,F1,0.0000,OK
2026-07-07 09:04:23,F1,0.0000,OK
2026-07-07 09:04:33,F1,0.0000,OK
2026-07-07 09:04:44,F1,0.0000,OK
2026-07-07 09:04:54,F1,0.0000,OK
2026-07-07 09:05:04,F1,0.0000,OK
2026-07-07 09:05:15,F1,0.0000,OK
2026-07-07 09:05:25,F1,0.0000,OK
2026-07-07 09:05:35,F1,0.0000,OK
2026-07-07 09:05:46,F1,0.0000,OK
2026-07-07 09:05:56,F1,0.0000,OK
2026-07-07 09:06:06,F1,0.0000,OK
2026-07-07 09:06:17,F1,0.0000,OK
2026-07-07 09:06:27,F1,0.0000,OK
2026-07-07 09:06:37,F1,0.0000,OK
2026-07-07 09:06:47,F1,0.0000,OK
2026-07-07 09:06:58,F1,0.0000,OK
2026-07-07 09:07:08,F1,0.0000,OK
2026-07-07 09:07:18,F1,0.0000,OK
2026-07-07 09:07:29,F1,0.0000,OK
2026-07-07 09:07:39,F1,0.0000,OK
2026-07-07 09:07:49,F1,0.0000,OK
2026-07-07 09:08:00,F1,0.0000,OK
2026-07-07 09:08:10,F1,0.0000,OK
2026-07-07 09:08:20,F1,0.0000,OK
2026-07-07 09:08:31,F1,0.0000,OK
2026-07-07 09:08:41,F1,0.0000,OK
2026-07-07 09:08:51,F1,0.0000,OK
2026-07-07 09:09:02,F1,0.0000,OK
2026-07-07 09:09:12,F1,0.0000,OK
2026-07-07 09:09:22,F1,0.0000,OK
2026-07-07 09:09:33,F1,0.0000,Bajo rango
2026-07-07 09:09:43,F1,0.0000,OK
2026-07-07 09:09:53,F1,0.0000,OK
2026-07-07 09:10:04,F1,0.0000,OK
2026-07-07 09:10:14,F1,0.0000,OK
2026-07-07 09:10:24,F1,0.0000,OK
2026-07-07 09:10:35,F1,0.0000,OK
2026-07-07 09:10:45,F1,0.0000,OK
2026-07-07 09:10:55,F1,0.0000,OK
2026-07-07 09:11:06,F1,0.0000,OK
2026-07-07 09:11:16,F1,0.0000,OK
2026-07-07 09:11:26,F1,0.0000,OK
2026-07-07 09:11:37,F1,0.0000,OK
2026-07-07 09:11:47,F1,0.0000,OK
2026-07-07 09:11:57,F1,0.0000,OK
2026-07-07 09:12:08,F1,0.0000,OK
2026-07-07 09:12:18,F1,0.0000,OK
2026-07-07 09:12:28,F1,0.0000,OK
2026-07-07 09:12:39,F1,0.0000,OK
2026-07-07 09:12:49,F1,0.0000,OK
2026-07-07 09:12:59,F1,0.0000,OK
2026-07-07 09:13:09,F1,0.0000,OK
2026-07-07 09:13:20,F1,0.0000,OK
2026-07-07 09:13:30,F1,0.0000,OK
2026-07-07 09:13:41,F1,0.0000,OK
2026-07-07 09:13:51,F1,0.0000,OK
2026-07-07 09:14:01,F1,0.0000,OK
2026-07-07 09:14:12,F1,0.0000,OK
2026-07-07 09:14:22,F1,0.0000,OK
2026-07-07 09:14:32,F1,0.0000,OK
2026-07-07 09:14:42,F1,0.0000,OK
2026-07-07 09:14:53,F1,0.0000,OK
2026-07-07 09:15:03,F1,0.0000,OK
2026-07-07 09:15:13,F1,0.0000,OK
2026-07-07 09:15:24,F1,0.0000,OK
2026-07-07 09:15:34,F1,0.0000,OK
2026-07-07 09:15:44,F1,0.0000,OK
2026-07-07 09:15:55,F1,0.0000,OK
2026-07-07 09:16:05,F1,0.0000,OK
2026-07-07 09:16:16,F1,0.0000,OK
2026-07-07 09:16:26,F1,0.0000,OK
2026-07-07 09:16:36,F1,0.0000,OK
2026-07-07 09:16:47,F1,0.0000,OK
2026-07-07 09:16:57,F1,0.0000,OK
2026-07-07 09:17:07,F1,0.0000,OK
2026-07-07 09:17:17,F1,0.0000,Bajo rango
2026-07-07 09:17:28,F1,0.0000,OK
2026-07-07 09:17:38,F1,0.0000,OK
2026-07-07 09:17:48,F1,0.0000,OK
2026-07-07 09:17:59,F1,0.0000,OK
2026-07-07 09:18:09,F1,0.0000,OK
2026-07-07 09:18:19,F1,0.0000,OK
2026-07-07 09:18:30,F1,0.0000,Bajo rango
2026-07-07 09:18:40,F1,0.0000,OK
2026-07-07 09:18:50,F1,0.0000,OK
2026-07-07 09:19:01,F1,0.0000,OK
2026-07-07 09:19:11,F1,0.0000,OK
2026-07-07 09:19:21,F1,0.0000,OK
2026-07-07 09:19:32,F1,0.0000,OK
2026-07-07 09:19:42,F1,0.0000,OK
2026-07-07 09:19:52,F1,0.0000,OK
2026-07-07 09:20:03,F1,0.0000,OK
2026-07-07 09:20:13,F1,0.0000,OK
2026-07-07 09:20:23,F1,0.0000,OK
2026-07-07 09:20:34,F1,0.0000,OK
2026-07-07 09:20:44,F1,0.0000,OK
2026-07-07 09:20:54,F1,0.0000,OK
2026-07-07 09:21:05,F1,0.0000,OK
2026-07-07 09:21:15,F1,0.0000,OK
2026-07-07 09:21:25,F1,0.0000,OK
2026-07-07 09:21:35,F1,0.0000,OK
2026-07-07 09:21:46,F1,0.0000,OK
2026-07-07 09:21:56,F1,0.0000,OK
2026-07-07 09:22:06,F1,0.0000,OK
2026-07-07 09:22:17,F1,0.0000,OK
2026-07-07 09:22:27,F1,0.0000,OK
2026-07-07 09:22:37,F1,0.0000,OK
2026-07-07 09:22:48,F1,0.0000,OK
2026-07-07 09:22:58,F1,0.0000,OK
2026-07-07 09:23:08,F1,0.0000,OK
2026-07-07 09:23:19,F1,0.0000,OK
2026-07-07 09:23:29,F1,0.0000,OK
2026-07-07 09:23:39,F1,0.0000,OK
2026-07-07 09:23:50,F1,0.0000,OK
2026-07-07 09:24:00,F1,0.0000,OK
2026-07-07 09:24:10,F1,0.0000,OK
2026-07-07 09:24:21,F1,0.0000,OK
2026-07-07 09:24:31,F1,0.0000,OK
2026-07-07 09:24:41,F1,0.0000,OK
2026-07-07 09:24:52,F1,0.0000,OK
2026-07-07 09:25:02,F1,0.0000,OK
2026-07-07 09:25:12,F1,0.0000,OK
2026-07-07 09:25:22,F1,0.0000,OK
2026-07-07 09:25:33,F1,0.0000,OK
2026-07-07 09:25:43,F1,0.0000,OK
2026-07-07 09:25:53,F1,0.0000,OK
2026-07-07 09:26:04,F1,0.0000,OK
2026-07-07 09:26:14,F1,0.0000,OK
2026-07-07 09:26:24,F1,0.0000,OK
2026-07-07 09:26:35,F1,0.0000,OK
2026-07-07 09:26:45,F1,0.0000,OK
2026-07-07 09:26:55,F1,0.0000,OK
2026-07-07 09:27:06,F1,0.0000,OK
2026-07-07 09:27:16,F1,0.0000,OK
2026-07-07 09:27:26,F1,0.0000,OK
2026-07-07 09:27:37,F1,0.0000,OK
2026-07-07 09:27:47,F1,0.0000,OK
2026-07-07 09:27:57,F1,0.0000,OK
2026-07-07 09:28:08,F1,0.0000,OK
2026-07-07 09:28:18,F1,0.0000,OK
2026-07-07 09:28:28,F1,0.0000,OK
2026-07-07 09:28:39,F1,0.0000,OK
2026-07-07 09:28:49,F1,0.0000,OK
2026-07-07 09:28:59,F1,0.0000,OK
2026-07-07 09:29:10,F1,0.0000,OK
2026-07-07 09:29:20,F1,0.0000,OK
2026-07-07 09:29:30,F1,0.0000,OK
2026-07-07 09:29:41,F1,0.0000,OK
2026-07-07 09:29:51,F1,0.0000,OK
2026-07-07 09:30:01,F1,0.0000,OK
2026-07-07 09:30:12,F1,0.0000,OK
2026-07-07 09:30:22,F1,0.0000,OK
2026-07-07 09:30:32,F1,0.0000,OK
2026-07-07 09:30:42,F1,0.0000,OK
2026-07-07 09:30:53,F1,0.0000,OK
2026-07-07 09:31:03,F1,0.0000,OK
2026-07-07 09:31:13,F1,0.0000,Bajo rango
2026-07-07 09:31:24,F1,0.0000,OK
2026-07-07 09:31:34,F1,0.0000,OK
2026-07-07 09:31:44,F1,0.0000,OK
2026-07-07 09:31:55,F1,0.0000,OK
2026-07-07 09:32:05,F1,0.0000,OK
2026-07-07 09:32:15,F1,0.0000,OK
2026-07-07 09:32:26,F1,0.0000,OK
2026-07-07 09:32:36,F1,0.0000,OK
2026-07-07 09:32:46,F1,0.0000,OK
2026-07-07 09:32:57,F1,0.0000,OK
2026-07-07 09:33:07,F1,0.0000,OK
2026-07-07 09:33:17,F1,0.0000,OK
2026-07-07 09:33:27,F1,0.0000,OK
2026-07-07 09:33:38,F1,0.0000,OK
2026-07-07 09:33:48,F1,0.0000,OK
2026-07-07 09:33:58,F1,0.0000,OK
2026-07-07 09:34:09,F1,0.0000,OK
2026-07-07 09:34:19,F1,0.0000,OK
2026-07-07 09:34:29,F1,0.0000,OK
2026-07-07 09:34:40,F1,0.0000,OK
2026-07-07 09:34:50,F1,0.0000,OK
2026-07-07 09:35:00,F1,0.0000,OK
2026-07-07 09:35:11,F1,0.0000,OK
2026-07-07 09:35:21,F1,0.0000,OK
2026-07-07 09:35:31,F1,0.0000,OK
2026-07-07 09:35:42,F1,0.0000,OK
2026-07-07 09:35:52,F1,0.0000,OK
2026-07-07 09:36:02,F1,0.0000,OK
2026-07-07 09:36:13,F1,0.0000,OK
2026-07-07 09:36:23,F1,0.0000,OK
2026-07-07 09:36:33,F1,0.0000,OK
2026-07-07 09:36:44,F1,0.0000,OK
2026-07-07 09:36:54,F1,0.0000,OK
2026-07-07 09:37:05,F1,0.0000,OK
2026-07-07 09:37:15,F1,0.0000,OK
2026-07-07 09:37:25,F1,0.0000,OK
2026-07-07 09:37:36,F1,0.0000,OK
2026-07-07 09:37:46,F1,0.0000,OK
2026-07-07 09:37:56,F1,0.0000,OK
2026-07-07 09:38:07,F1,0.0000,OK
2026-07-07 09:38:17,F1,0.0000,OK
2026-07-07 09:38:27,F1,0.0000,OK
2026-07-07 09:38:38,F1,0.0000,OK
2026-07-07 09:38:48,F1,0.0000,OK
2026-07-07 09:38:58,F1,0.0000,OK
2026-07-07 09:39:09,F1,0.0000,OK
2026-07-07 09:39:19,F1,0.0000,OK
2026-07-07 09:39:29,F1,0.0000,OK
2026-07-07 09:39:40,F1,0.0000,OK
2026-07-07 09:39:50,F1,0.0000,OK
2026-07-07 09:40:00,F1,0.0000,OK
2026-07-07 09:40:11,F1,0.0000,OK
2026-07-07 09:40:21,F1,0.0000,OK
2026-07-07 09:40:31,F1,0.0000,OK
2026-07-07 09:40:42,F1,0.0000,OK
2026-07-07 09:40:52,F1,0.0000,OK
2026-07-07 09:41:02,F1,0.0000,OK
2026-07-07 09:41:13,F1,0.0000,OK
2026-07-07 09:41:23,F1,0.0000,OK
2026-07-07 09:41:33,F1,0.0000,OK
2026-07-07 09:41:44,F1,0.0000,OK
2026-07-07 09:41:54,F1,0.0000,OK
2026-07-07 09:42:04,F1,0.0000,OK
2026-07-07 09:42:15,F1,0.0000,OK
2026-07-07 09:42:25,F1,0.0000,OK
2026-07-07 09:42:35,F1,0.0000,OK
2026-07-07 09:42:46,F1,0.0000,OK
2026-07-07 09:42:56,F1,0.0000,OK
2026-07-07 09:43:06,F1,0.0000,OK
2026-07-07 09:43:17,F1,0.0000,OK
2026-07-07 09:43:27,F1,0.0000,OK
2026-07-07 09:43:37,F1,0.0000,OK
2026-07-07 09:43:48,F1,0.0000,OK
2026-07-07 09:43:58,F1,0.0000,Bajo rango
2026-07-07 09:44:08,F1,0.0000,OK
2026-07-07 09:44:18,F1,0.0000,OK
2026-07-07 09:44:29,F1,0.0000,Bajo rango
2026-07-07 09:44:39,F1,0.0000,OK
2026-07-07 09:44:49,F1,0.0000,OK
2026-07-07 09:45:00,F1,0.0000,OK
2026-07-07 09:45:10,F1,0.0000,OK
2026-07-07 09:45:20,F1,0.0000,OK
2026-07-07 09:45:31,F1,0.0000,OK
2026-07-07 09:45:41,F1,0.0000,OK
2026-07-07 09:45:51,F1,0.0000,OK
2026-07-07 09:46:02,F1,0.0000,OK
2026-07-07 09:46:12,F1,0.0000,OK
2026-07-07 09:46:22,F1,0.0000,OK
2026-07-07 09:46:33,F1,0.0000,OK
2026-07-07 09:46:43,F1,0.0000,OK
2026-07-07 09:46:53,F1,0.0000,OK
2026-07-07 09:47:04,F1,0.0000,OK
2026-07-07 09:47:14,F1,0.0000,OK
2026-07-07 09:47:24,F1,0.0000,OK
2026-07-07 09:47:35,F1,0.0000,OK
2026-07-07 09:47:45,F1,0.0000,OK
2026-07-07 09:47:55,F1,0.0000,OK
2026-07-07 09:48:06,F1,0.0000,OK
2026-07-07 09:48:16,F1,0.0000,OK
2026-07-07 09:48:26,F1,0.0000,OK
2026-07-07 09:48:37,F1,0.0000,OK
2026-07-07 09:48:47,F1,0.0000,OK
2026-07-07 09:48:57,F1,0.0000,OK
2026-07-07 09:49:07,F1,0.0000,OK
2026-07-07 09:49:18,F1,0.0000,OK
2026-07-07 09:49:28,F1,0.0000,OK
2026-07-07 09:49:38,F1,0.0000,OK
2026-07-07 09:49:49,F1,0.0000,OK
2026-07-07 09:49:59,F1,0.0000,OK
2026-07-07 09:50:09,F1,0.0000,OK
2026-07-07 09:50:20,F1,0.0000,OK
2026-07-07 09:50:30,F1,0.0000,OK
2026-07-07 09:50:40,F1,0.0000,OK
2026-07-07 09:50:51,F1,0.0000,OK
2026-07-07 09:51:01,F1,0.0000,OK
2026-07-07 09:51:11,F1,0.0000,OK
2026-07-07 09:51:22,F1,0.0000,OK
2026-07-07 09:51:32,F1,0.0000,OK
2026-07-07 09:51:42,F1,0.0000,OK
2026-07-07 09:51:53,F1,0.0000,OK
2026-07-07 09:52:03,F1,0.0000,OK
2026-07-07 09:52:13,F1,0.0000,OK
2026-07-07 09:52:24,F1,0.0000,OK
2026-07-07 09:52:34,F1,0.0000,OK
2026-07-07 09:52:44,F1,0.0000,OK
2026-07-07 09:52:55,F1,0.0000,OK
2026-07-07 09:53:05,F1,0.0000,OK
2026-07-07 09:53:15,F1,0.0000,OK
2026-07-07 09:53:26,F1,0.0000,OK
2026-07-07 09:53:36,F1,0.0000,OK
2026-07-07 09:53:46,F1,0.0000,OK
2026-07-07 09:53:57,F1,0.0000,OK
2026-07-07 09:54:07,F1,0.0000,OK
2026-07-07 09:54:17,F1,0.0000,OK
2026-07-07 09:54:28,F1,0.0000,OK
2026-07-07 09:54:38,F1,0.0000,OK
2026-07-07 09:54:48,F1,0.0000,OK
2026-07-07 09:54:59,F1,0.0000,OK
2026-07-07 09:55:09,F1,0.0000,OK
2026-07-07 09:55:19,F1,0.0000,OK
2026-07-07 09:55:30,F1,0.0000,OK
2026-07-07 09:55:40,F1,0.0000,OK
2026-07-07 09:55:50,F1,0.0000,Bajo rango
2026-07-07 09:56:01,F1,0.0000,Bajo rango
2026-07-07 09:56:11,F1,0.0000,OK
2026-07-07 09:56:21,F1,0.0000,OK
2026-07-07 09:56:32,F1,0.0000,OK
2026-07-07 09:56:42,F1,0.0000,OK
2026-07-07 09:56:52,F1,0.0000,OK
2026-07-07 09:57:03,F1,0.0000,OK
2026-07-07 09:57:15,F1,0.0000,OK
2026-07-07 09:57:26,F1,0.0000,OK
2026-07-07 09:57:36,F1,0.0000,OK
2026-07-07 09:57:46,F1,0.0000,Bajo rango
2026-07-07 09:57:57,F1,0.0000,OK
2026-07-07 09:58:07,F1,0.0000,OK
2026-07-07 09:58:17,F1,0.0000,OK
2026-07-07 09:58:28,F1,0.0000,OK
2026-07-07 09:58:38,F1,0.0000,OK
2026-07-07 09:58:48,F1,0.0000,OK
2026-07-07 09:58:59,F1,0.0000,OK
2026-07-07 09:59:09,F1,0.0000,OK
2026-07-07 09:59:19,F1,0.0000,OK
2026-07-07 09:59:30,F1,0.0000,OK
2026-07-07 09:59:40,F1,0.0000,OK
2026-07-07 09:59:50,F1,0.0000,OK
2026-07-07 10:00:01,F1,0.0000,OK
2026-07-07 10:00:11,F1,0.0000,OK
2026-07-07 10:00:21,F1,0.0000,OK
2026-07-07 10:00:32,F1,0.0000,OK
2026-07-07 10:00:42,F1,0.0000,OK
2026-07-07 10:00:52,F1,0.0000,OK
2026-07-07 10:01:03,F1,0.0000,OK
2026-07-07 10:01:13,F1,0.0000,OK
2026-07-07 10:01:23,F1,0.0000,OK
2026-07-07 10:01:34,F1,0.0000,OK
2026-07-07 10:01:44,F1,0.0000,OK
2026-07-07 10:01:54,F1,0.0000,OK
2026-07-07 10:02:05,F1,0.0000,OK
2026-07-07 10:02:15,F1,0.0000,OK
2026-07-07 10:02:25,F1,0.0000,OK
2026-07-07 10:02:36,F1,0.0000,OK
2026-07-07 10:02:46,F1,0.0000,OK
2026-07-07 10:02:56,F1,0.0000,OK
2026-07-07 10:03:07,F1,0.0000,OK
2026-07-07 10:03:17,F1,0.0000,OK
2026-07-07 10:03:27,F1,0.0000,Bajo rango
2026-07-07 10:03:37,F1,0.0000,OK
2026-07-07 10:03:48,F1,0.0000,Bajo rango
2026-07-07 10:03:58,F1,0.0000,OK
2026-07-07 10:04:09,F1,0.0000,Bajo rango
2026-07-07 10:04:19,F1,0.0000,OK
2026-07-07 10:04:29,F1,0.0000,OK
2026-07-07 10:04:40,F1,0.0000,OK
2026-07-07 10:04:50,F1,0.0000,OK
2026-07-07 10:05:00,F1,0.0000,OK
2026-07-07 10:05:11,F1,0.0000,OK
2026-07-07 10:05:21,F1,0.0000,OK
2026-07-07 10:05:31,F1,0.0000,OK
2026-07-07 10:05:42,F1,0.0000,OK
2026-07-07 10:05:52,F1,0.0000,OK
2026-07-07 10:06:02,F1,0.0000,OK
2026-07-07 10:06:13,F1,0.0000,OK
2026-07-07 10:06:23,F1,0.0000,OK
2026-07-07 10:06:33,F1,0.0000,OK
2026-07-07 10:06:44,F1,0.0000,OK
2026-07-07 10:06:54,F1,0.0000,OK
2026-07-07 10:07:04,F1,0.0000,OK
2026-07-07 10:07:15,F1,0.0000,OK
2026-07-07 10:07:25,F1,0.0000,OK
2026-07-07 10:07:35,F1,0.0000,OK
2026-07-07 10:07:46,F1,0.0000,OK
2026-07-07 10:07:56,F1,0.0000,OK
2026-07-07 10:08:06,F1,0.0000,OK
2026-07-07 10:08:17,F1,0.0000,OK
2026-07-07 10:08:27,F1,0.0000,OK
2026-07-07 10:08:37,F1,0.0000,OK
2026-07-07 10:08:48,F1,0.0000,OK
2026-07-07 10:08:58,F1,0.0000,OK
2026-07-07 10:09:08,F1,0.0000,OK
2026-07-07 10:09:19,F1,0.0000,OK
2026-07-07 10:09:29,F1,0.0000,Bajo rango
2026-07-07 10:09:39,F1,0.0000,OK
2026-07-07 10:09:49,F1,0.0000,Bajo rango
2026-07-07 10:10:00,F1,0.0000,OK
2026-07-07 10:10:10,F1,0.0000,OK
2026-07-07 10:10:20,F1,0.0000,OK
2026-07-07 10:10:31,F1,0.0000,OK
2026-07-07 10:10:41,F1,0.0000,OK
2026-07-07 10:10:51,F1,0.0000,OK
2026-07-07 10:11:02,F1,0.0000,OK
2026-07-07 10:11:12,F1,0.0000,OK
2026-07-07 10:11:22,F1,0.0000,OK
2026-07-07 10:11:33,F1,0.0000,OK
2026-07-07 10:11:43,F1,0.0000,OK
2026-07-07 10:11:54,F1,0.0000,OK
2026-07-07 10:12:04,F1,0.0000,Bajo rango
2026-07-07 10:12:14,F1,0.0000,OK
2026-07-07 10:12:25,F1,0.0000,OK
2026-07-07 10:12:35,F1,0.0000,OK
2026-07-07 10:12:45,F1,0.0000,OK
2026-07-07 10:12:56,F1,0.0000,OK
2026-07-07 10:13:06,F1,0.0000,OK
2026-07-07 10:13:16,F1,0.0000,OK
2026-07-07 10:13:27,F1,0.0000,OK
2026-07-07 10:13:37,F1,0.0000,OK
2026-07-07 10:13:47,F1,0.0000,OK
2026-07-07 10:13:58,F1,0.0000,OK
2026-07-07 10:14:08,F1,0.0000,OK
2026-07-07 10:14:18,F1,0.0000,OK
2026-07-07 10:14:28,F1,0.0000,OK
2026-07-07 10:14:39,F1,0.0000,OK
2026-07-07 10:14:49,F1,0.0000,OK
2026-07-07 10:15:00,F1,0.0000,OK
2026-07-07 10:15:10,F1,0.0000,OK
2026-07-07 10:15:20,F1,0.0000,OK
2026-07-07 10:15:30,F1,0.0000,OK
2026-07-07 10:15:41,F1,0.0000,OK
2026-07-07 10:15:51,F1,0.0000,OK
2026-07-07 10:16:01,F1,0.0000,OK
2026-07-07 10:16:12,F1,0.0000,OK
2026-07-07 10:16:22,F1,0.0000,OK
2026-07-07 10:16:33,F1,0.0000,OK
2026-07-07 10:16:43,F1,0.0000,OK
2026-07-07 10:16:53,F1,0.0000,OK
2026-07-07 10:17:04,F1,0.0000,OK
2026-07-07 10:17:14,F1,0.0000,OK
2026-07-07 10:17:24,F1,0.0000,OK
2026-07-07 10:17:34,F1,0.0000,OK
2026-07-07 10:17:45,F1,0.0000,OK
2026-07-07 10:17:55,F1,0.0000,OK
2026-07-07 10:18:05,F1,0.0000,OK
2026-07-07 10:18:16,F1,0.0000,OK
2026-07-07 10:18:26,F1,0.0000,OK
2026-07-07 10:18:36,F1,0.0000,OK
2026-07-07 10:18:47,F1,0.0000,OK
2026-07-07 10:18:57,F1,0.0000,OK
2026-07-07 10:19:07,F1,0.0000,Bajo rango
2026-07-07 10:19:18,F1,0.0000,OK
2026-07-07 10:19:28,F1,0.0000,OK
2026-07-07 10:19:38,F1,0.0000,OK
2026-07-07 10:19:49,F1,0.0000,OK
2026-07-07 10:19:59,F1,0.0000,OK
2026-07-07 10:20:09,F1,0.0000,OK
2026-07-07 10:20:20,F1,0.0000,OK
2026-07-07 10:20:30,F1,0.0000,Bajo rango
2026-07-07 10:20:40,F1,0.0000,OK
2026-07-07 10:20:50,F1,0.0000,OK
2026-07-07 10:21:01,F1,0.0000,OK
2026-07-07 10:21:11,F1,0.0000,OK
2026-07-07 10:21:22,F1,0.0000,OK
2026-07-07 10:21:32,F1,0.0000,Bajo rango
2026-07-07 10:21:42,F1,0.0000,OK
2026-07-07 10:21:53,F1,0.0000,OK
2026-07-07 10:22:03,F1,0.0000,OK
2026-07-07 10:22:13,F1,0.0000,OK
2026-07-07 10:22:24,F1,0.0000,OK
2026-07-07 10:22:34,F1,0.0000,OK
2026-07-07 10:22:44,F1,0.0000,OK
2026-07-07 10:22:55,F1,0.0000,OK
2026-07-07 10:23:05,F1,0.0000,OK
2026-07-07 10:23:15,F1,0.0000,OK
2026-07-07 10:23:26,F1,0.0000,OK
2026-07-07 10:23:36,F1,0.0000,OK
2026-07-07 10:23:46,F1,0.0000,OK
2026-07-07 10:23:57,F1,0.0000,OK
2026-07-07 10:24:07,F1,0.0000,OK
2026-07-07 10:24:17,F1,0.0000,OK
2026-07-07 10:24:28,F1,0.0000,OK
2026-07-07 10:24:38,F1,0.0000,OK
2026-07-07 10:24:48,F1,0.0000,OK
2026-07-07 10:24:59,F1,0.0000,OK
2026-07-07 10:25:09,F1,0.0000,OK
2026-07-07 10:25:19,F1,0.0000,OK
2026-07-07 10:25:29,F1,0.0000,OK
2026-07-07 10:25:40,F1,0.0000,OK
2026-07-07 10:25:50,F1,0.0000,OK
2026-07-07 10:26:00,F1,0.0000,OK
2026-07-07 10:26:11,F1,0.0000,OK
2026-07-07 10:26:21,F1,0.0000,OK
2026-07-07 10:26:31,F1,0.0000,Bajo rango
2026-07-07 10:26:42,F1,0.0000,OK
2026-07-07 10:26:52,F1,0.0000,OK
2026-07-07 10:27:02,F1,0.0000,OK
2026-07-07 10:27:13,F1,0.0000,OK
2026-07-07 10:27:23,F1,0.0000,OK
2026-07-07 10:27:33,F1,0.0000,OK
2026-07-07 10:27:44,F1,0.0000,OK
2026-07-07 10:27:54,F1,0.0000,OK
2026-07-07 10:28:04,F1,0.0000,OK
2026-07-07 10:28:15,F1,0.0000,OK
2026-07-07 10:28:25,F1,0.0000,OK
2026-07-07 10:28:35,F1,0.0000,OK
2026-07-07 10:28:45,F1,0.0000,OK
2026-07-07 10:28:56,F1,0.0000,OK
2026-07-07 10:29:06,F1,0.0000,OK
2026-07-07 10:29:16,F1,0.0000,OK
2026-07-07 10:29:27,F1,0.0000,OK
2026-07-07 10:29:37,F1,0.0000,OK
2026-07-07 10:29:47,F1,0.0000,OK
2026-07-07 10:29:58,F1,0.0000,OK
2026-07-07 10:30:08,F1,0.0000,OK
2026-07-07 10:30:18,F1,0.0000,OK
2026-07-07 10:30:29,F1,0.0000,OK
2026-07-07 10:30:39,F1,0.0000,OK
2026-07-07 10:30:49,F1,0.0000,OK
2026-07-07 10:31:00,F1,0.0000,OK
2026-07-07 10:31:10,F1,0.0000,OK
2026-07-07 10:31:20,F1,0.0000,OK
2026-07-07 10:31:31,F1,0.0000,OK
2026-07-07 10:31:41,F1,0.0000,OK
2026-07-07 10:31:51,F1,0.0000,OK
2026-07-07 10:32:02,F1,0.0000,OK
2026-07-07 10:32:12,F1,0.0000,OK
2026-07-07 10:32:22,F1,0.0000,OK
2026-07-07 10:32:33,F1,0.0000,OK
2026-07-07 10:32:43,F1,0.0000,OK
2026-07-07 10:32:53,F1,0.0000,OK
2026-07-07 10:33:04,F1,0.0000,OK
2026-07-07 10:33:14,F1,0.0000,OK
2026-07-07 10:33:24,F1,0.0000,OK
2026-07-07 10:33:35,F1,0.0000,OK
2026-07-07 10:33:45,F1,0.0000,OK
2026-07-07 10:33:55,F1,0.0000,OK
2026-07-07 10:34:06,F1,0.0000,OK
2026-07-07 10:34:16,F1,0.0000,OK
2026-07-07 10:34:26,F1,0.0000,OK
2026-07-07 10:34:37,F1,0.0000,OK
2026-07-07 10:34:47,F1,0.0000,OK
2026-07-07 10:34:57,F1,0.0000,OK
2026-07-07 10:35:08,F1,0.0000,OK
2026-07-07 10:35:18,F1,0.0000,OK
2026-07-07 10:35:28,F1,0.0000,OK
2026-07-07 10:35:39,F1,0.0000,OK
2026-07-07 10:35:49,F1,0.0000,OK
2026-07-07 10:35:59,F1,0.0000,OK
2026-07-07 10:36:10,F1,0.0000,OK
2026-07-07 10:36:20,F1,0.0000,OK
2026-07-07 10:36:30,F1,0.0000,OK
2026-07-07 10:36:41,F1,0.0000,OK
2026-07-07 10:36:51,F1,0.0000,OK
2026-07-07 10:37:01,F1,0.0000,OK
2026-07-07 10:37:12,F1,0.0000,OK
2026-07-07 10:37:22,F1,0.0000,OK
2026-07-07 10:37:32,F1,0.0000,OK
2026-07-07 10:37:43,F1,0.0000,OK
2026-07-07 10:37:53,F1,0.0000,OK
2026-07-07 10:38:03,F1,0.0000,OK
2026-07-07 10:38:14,F1,0.0000,OK
2026-07-07 10:38:24,F1,0.0000,OK
2026-07-07 10:38:34,F1,0.0000,OK
2026-07-07 10:38:45,F1,0.0000,OK
2026-07-07 10:38:55,F1,0.0000,OK
2026-07-07 10:39:05,F1,0.0000,OK
2026-07-07 10:39:16,F1,0.0000,OK
2026-07-07 10:39:26,F1,0.0000,OK
2026-07-07 10:39:36,F1,0.0000,OK
2026-07-07 10:39:47,F1,0.0000,OK
2026-07-07 10:39:57,F1,0.0000,OK
2026-07-07 10:40:07,F1,0.0000,OK
2026-07-07 10:40:18,F1,0.0000,OK
2026-07-07 10:40:28,F1,0.0000,OK
2026-07-07 10:40:38,F1,0.0000,OK
2026-07-07 10:40:49,F1,0.0000,OK
2026-07-07 10:40:59,F1,0.0000,OK
2026-07-07 10:41:09,F1,0.0000,OK
2026-07-07 10:41:19,F1,0.0000,Bajo rango
2026-07-07 10:41:30,F1,0.0000,OK
2026-07-07 10:41:40,F1,0.0000,OK
2026-07-07 10:41:51,F1,0.0000,OK
2026-07-07 10:42:01,F1,0.0000,OK
2026-07-07 10:42:11,F1,0.0000,OK
2026-07-07 10:42:22,F1,0.0000,OK
2026-07-07 10:42:32,F1,0.0000,OK
2026-07-07 10:42:42,F1,0.0000,OK
2026-07-07 10:42:53,F1,0.0000,OK
2026-07-07 10:43:03,F1,0.0000,OK
2026-07-07 10:43:13,F1,0.0000,OK
2026-07-07 10:43:24,F1,0.0000,Bajo rango
2026-07-07 10:43:34,F1,0.0000,OK
2026-07-07 10:43:44,F1,0.0000,OK
2026-07-07 10:43:54,F1,0.0000,OK
2026-07-07 10:44:05,F1,0.0000,OK
2026-07-07 10:44:15,F1,0.0000,OK
2026-07-07 10:44:25,F1,0.0000,OK
2026-07-07 10:44:36,F1,0.0000,Bajo rango
2026-07-07 10:44:46,F1,0.0000,OK
2026-07-07 10:44:56,F1,0.0000,OK
2026-07-07 10:45:07,F1,0.0000,OK
2026-07-07 10:45:17,F1,0.0000,Bajo rango
2026-07-07 10:45:27,F1,0.0000,OK
2026-07-07 10:45:38,F1,0.0000,OK
2026-07-07 10:45:48,F1,0.0000,OK
2026-07-07 10:45:58,F1,0.0000,OK
2026-07-07 10:46:09,F1,0.0000,OK
2026-07-07 10:46:19,F1,0.0000,OK
2026-07-07 10:46:29,F1,0.0000,OK
2026-07-07 10:46:40,F1,0.0000,OK
2026-07-07 10:46:50,F1,0.0000,OK
2026-07-07 10:47:00,F1,0.0000,OK
2026-07-07 10:47:11,F1,0.0000,OK
2026-07-07 10:47:21,F1,0.0000,OK
2026-07-07 10:47:31,F1,0.0000,OK
2026-07-07 10:47:42,F1,0.0000,OK
2026-07-07 10:47:52,F1,0.0000,OK
2026-07-07 10:48:02,F1,0.0000,OK
2026-07-07 10:48:13,F1,0.0000,OK
2026-07-07 10:48:23,F1,0.0000,OK
2026-07-07 10:48:33,F1,0.0000,OK
2026-07-07 10:48:44,F1,0.0000,OK
2026-07-07 10:48:54,F1,0.0000,OK
2026-07-07 10:49:04,F1,0.0000,OK
2026-07-07 10:49:15,F1,0.0000,OK
2026-07-07 10:49:25,F1,0.0000,OK
2026-07-07 10:49:35,F1,0.0000,OK
2026-07-07 10:49:46,F1,0.0000,OK
2026-07-07 10:49:56,F1,0.0000,OK
2026-07-07 10:50:06,F1,0.0000,OK
2026-07-07 10:50:17,F1,0.0000,OK
2026-07-07 10:50:27,F1,0.0000,OK
2026-07-07 10:50:38,F1,0.0000,OK
2026-07-07 10:50:48,F1,0.0000,OK
2026-07-07 10:50:58,F1,0.0000,OK
2026-07-07 10:51:09,F1,0.0000,OK
2026-07-07 10:51:19,F1,0.0000,Bajo rango
2026-07-07 10:51:29,F1,0.0000,OK
2026-07-07 10:51:40,F1,0.0000,OK
2026-07-07 10:51:50,F1,0.0000,OK
2026-07-07 10:52:00,F1,0.0000,OK
2026-07-07 10:52:11,F1,0.0000,OK
2026-07-07 10:52:21,F1,0.0000,OK
2026-07-07 10:52:31,F1,0.0000,OK
2026-07-07 10:52:42,F1,0.0000,OK
2026-07-07 10:52:52,F1,0.0000,OK
2026-07-07 10:53:02,F1,0.0000,OK
2026-07-07 10:53:13,F1,0.0000,OK
2026-07-07 10:53:23,F1,0.0000,OK
2026-07-07 10:53:33,F1,0.0000,OK
2026-07-07 10:53:43,F1,0.0000,OK
2026-07-07 10:53:54,F1,0.0000,OK
2026-07-07 10:54:04,F1,0.0000,OK
2026-07-07 10:54:15,F1,0.0000,OK
2026-07-07 10:54:25,F1,0.0000,OK
2026-07-07 10:54:35,F1,0.0000,OK
2026-07-07 10:54:46,F1,0.0000,OK
2026-07-07 10:54:56,F1,0.0000,OK
2026-07-07 10:55:06,F1,0.0000,OK
2026-07-07 10:55:17,F1,0.0000,OK
2026-07-07 10:55:27,F1,0.0000,OK
2026-07-07 10:55:37,F1,0.0000,OK
2026-07-07 10:55:48,F1,0.0000,OK
2026-07-07 10:55:58,F1,0.0000,OK
2026-07-07 10:56:08,F1,0.0000,OK
2026-07-07 10:56:19,F1,0.0000,OK
2026-07-07 10:56:29,F1,0.0000,OK
2026-07-07 10:56:39,F1,0.0000,OK
2026-07-07 10:56:49,F1,0.0000,OK
2026-07-07 10:57:00,F1,0.0000,OK
2026-07-07 10:57:10,F1,0.0000,OK
2026-07-07 10:57:21,F1,0.0000,OK
2026-07-07 10:57:31,F1,0.0000,OK
2026-07-07 10:57:41,F1,0.0000,OK
2026-07-07 10:57:51,F1,0.0000,OK
2026-07-07 10:58:02,F1,0.0000,OK
2026-07-07 10:58:12,F1,0.0000,OK
2026-07-07 10:58:22,F1,0.0000,OK
2026-07-07 10:58:33,F1,0.0000,OK
2026-07-07 10:58:43,F1,0.0000,Bajo rango
2026-07-07 10:58:53,F1,0.0000,OK
2026-07-07 10:59:04,F1,0.0000,OK
2026-07-07 10:59:14,F1,0.0000,Bajo rango
2026-07-07 10:59:25,F1,0.0000,OK
2026-07-07 10:59:35,F1,0.0000,OK
2026-07-07 10:59:45,F1,0.0000,Bajo rango
2026-07-07 10:59:56,F1,0.0000,OK
2026-07-07 11:00:06,F1,0.0000,OK
2026-07-07 11:00:16,F1,0.0000,OK
2026-07-07 11:00:27,F1,0.0000,OK
2026-07-07 11:00:37,F1,0.0000,OK
2026-07-07 11:00:47,F1,0.0000,OK
2026-07-07 11:00:58,F1,0.0000,OK
2026-07-07 11:01:08,F1,0.0000,OK
2026-07-07 11:01:18,F1,0.0000,OK
2026-07-07 11:01:29,F1,0.0000,OK
2026-07-07 11:01:39,F1,0.0000,OK
2026-07-07 11:01:49,F1,0.0000,OK
2026-07-07 11:02:00,F1,0.0000,OK
2026-07-07 11:02:10,F1,0.0000,Bajo rango
2026-07-07 11:02:20,F1,0.0000,OK
2026-07-07 11:02:31,F1,0.0000,OK
2026-07-07 11:02:41,F1,0.0000,OK
2026-07-07 11:02:51,F1,0.0000,OK
2026-07-07 11:03:02,F1,0.0000,OK
2026-07-07 11:03:12,F1,0.0000,OK
2026-07-07 11:03:22,F1,0.0000,OK
2026-07-07 11:03:33,F1,0.0000,OK
2026-07-07 11:03:43,F1,0.0000,OK
2026-07-07 11:03:53,F1,0.0000,OK
2026-07-07 11:04:04,F1,0.0000,OK
2026-07-07 11:04:14,F1,0.0000,OK
2026-07-07 11:04:24,F1,0.0000,OK
2026-07-07 11:04:35,F1,0.0000,OK
2026-07-07 11:04:45,F1,0.0000,OK
2026-07-07 11:04:55,F1,0.0000,OK
2026-07-07 11:05:06,F1,0.0000,OK
2026-07-07 11:05:16,F1,0.0000,OK
2026-07-07 11:05:26,F1,0.0000,OK
2026-07-07 11:05:37,F1,0.0000,OK
2026-07-07 11:05:47,F1,0.0000,OK
2026-07-07 11:05:57,F1,0.0000,OK
2026-07-07 11:06:08,F1,0.0000,OK
2026-07-07 11:06:18,F1,0.0000,OK
2026-07-07 11:06:28,F1,0.0000,OK
2026-07-07 11:06:39,F1,0.0000,OK
2026-07-07 11:06:49,F1,0.0000,OK
2026-07-07 11:06:59,F1,0.0000,OK
2026-07-07 11:07:10,F1,0.0000,OK
2026-07-07 11:07:20,F1,0.0000,OK
2026-07-07 11:07:30,F1,0.0000,OK
2026-07-07 11:07:41,F1,0.0000,OK
2026-07-07 11:07:51,F1,0.0000,OK
2026-07-07 11:08:01,F1,0.0000,OK
2026-07-07 11:08:12,F1,0.0000,OK
2026-07-07 11:08:22,F1,0.0000,Bajo rango
2026-07-07 11:08:32,F1,0.0000,Bajo rango
2026-07-07 11:08:43,F1,0.0000,OK
2026-07-07 11:08:53,F1,0.0000,OK
2026-07-07 11:09:03,F1,0.0000,OK
2026-07-07 11:09:13,F1,0.0000,OK
2026-07-07 11:09:24,F1,0.0000,Bajo rango
2026-07-07 11:09:34,F1,0.0000,OK
2026-07-07 11:09:44,F1,0.0000,OK
2026-07-07 11:09:55,F1,0.0000,Bajo rango
2026-07-07 11:10:05,F1,0.0000,OK
2026-07-07 11:10:15,F1,0.0000,OK
2026-07-07 11:10:26,F1,0.0000,Bajo rango
2026-07-07 11:10:36,F1,0.0000,OK
2026-07-07 11:10:46,F1,0.0000,OK
2026-07-07 11:10:57,F1,0.0000,Bajo rango
2026-07-07 11:11:07,F1,0.0000,OK
2026-07-07 11:11:17,F1,0.0000,OK
2026-07-07 11:11:28,F1,0.0000,OK
2026-07-07 11:11:38,F1,0.0000,OK
2026-07-07 11:11:49,F1,0.0000,Bajo rango
2026-07-07 11:11:59,F1,0.0000,OK
2026-07-07 11:12:09,F1,0.0000,OK
2026-07-07 11:12:20,F1,0.0000,Bajo rango
2026-07-07 11:12:30,F1,0.0000,OK
2026-07-07 11:12:40,F1,0.0000,Bajo rango
2026-07-07 11:12:50,F1,0.0000,OK
2026-07-07 11:13:01,F1,0.0000,Bajo rango
2026-07-07 11:13:11,F1,0.0000,OK
2026-07-07 11:13:21,F1,0.0000,OK
2026-07-07 11:13:32,F1,0.0000,OK
2026-07-07 11:13:42,F1,0.0000,OK
2026-07-07 11:13:52,F1,0.0000,OK
2026-07-07 11:14:03,F1,0.0000,OK
2026-07-07 11:14:13,F1,0.0000,Bajo rango
2026-07-07 11:14:23,F1,0.0000,OK
2026-07-07 11:14:34,F1,0.0000,OK
2026-07-07 11:14:44,F1,0.0000,OK
2026-07-07 11:14:54,F1,0.0000,OK
2026-07-07 11:15:05,F1,0.0000,OK
2026-07-07 11:15:15,F1,0.0000,OK
2026-07-07 11:15:25,F1,0.0000,OK
2026-07-07 11:15:36,F1,0.0000,OK
2026-07-07 11:15:46,F1,0.0000,OK
2026-07-07 11:15:56,F1,0.0000,OK
2026-07-07 11:16:07,F1,0.0000,OK
2026-07-07 11:16:17,F1,0.0000,OK
2026-07-07 11:16:27,F1,0.0000,OK
2026-07-07 11:16:38,F1,0.0000,OK
2026-07-07 11:16:48,F1,0.0000,OK
2026-07-07 11:16:58,F1,0.0000,OK
2026-07-07 11:17:09,F1,0.0000,OK
2026-07-07 11:17:19,F1,0.0000,OK
2026-07-07 11:17:29,F1,0.0000,OK
2026-07-07 11:17:40,F1,0.0000,OK
2026-07-07 11:17:50,F1,0.0000,OK
2026-07-07 11:18:00,F1,0.0000,OK
2026-07-07 11:18:11,F1,0.0000,OK
2026-07-07 11:18:21,F1,0.0000,OK
2026-07-07 11:18:31,F1,0.0000,OK
2026-07-07 11:18:42,F1,0.0000,OK
2026-07-07 11:18:52,F1,0.0000,OK
2026-07-07 11:19:02,F1,0.0000,OK
2026-07-07 11:19:13,F1,0.0000,OK
2026-07-07 11:19:23,F1,0.0000,OK
2026-07-07 11:19:33,F1,0.0000,OK
2026-07-07 11:19:44,F1,0.0000,OK
2026-07-07 11:19:54,F1,0.0000,Bajo rango
2026-07-07 11:20:04,F1,0.0000,OK
2026-07-07 11:20:15,F1,0.0000,OK
2026-07-07 11:20:25,F1,0.0000,OK
2026-07-07 11:20:35,F1,0.0000,OK
2026-07-07 11:20:46,F1,0.0000,OK
2026-07-07 11:20:56,F1,0.0000,OK
2026-07-07 11:21:06,F1,0.0000,OK
2026-07-07 11:21:17,F1,0.0000,OK
2026-07-07 11:21:27,F1,0.0000,OK
2026-07-07 11:21:37,F1,0.0000,OK
2026-07-07 11:21:48,F1,0.0000,OK
2026-07-07 11:21:58,F1,0.0000,OK
2026-07-07 11:22:08,F1,0.0000,OK
2026-07-07 11:22:19,F1,0.0000,OK
2026-07-07 11:22:29,F1,0.0000,OK
2026-07-07 11:22:39,F1,0.0000,OK
2026-07-07 11:22:50,F1,0.0000,Bajo rango
2026-07-07 11:23:00,F1,0.0000,OK
2026-07-07 11:23:10,F1,0.0000,OK
2026-07-07 11:23:21,F1,0.0000,OK
2026-07-07 11:23:31,F1,0.0000,OK
2026-07-07 11:23:41,F1,0.0000,OK
2026-07-07 11:23:52,F1,0.0000,OK
2026-07-07 11:24:02,F1,0.0000,OK
2026-07-07 11:24:12,F1,0.0000,OK
2026-07-07 11:24:23,F1,0.0000,OK
2026-07-07 11:24:33,F1,0.0000,OK
2026-07-07 11:24:43,F1,0.0000,OK
2026-07-07 11:24:54,F1,0.0000,OK
2026-07-07 11:25:04,F1,0.0000,OK
2026-07-07 11:25:14,F1,0.0000,OK
2026-07-07 11:25:25,F1,0.0000,OK
2026-07-07 11:25:35,F1,0.0000,OK
2026-07-07 11:25:46,F1,0.0000,OK
2026-07-07 11:25:56,F1,0.0000,OK
2026-07-07 11:26:06,F1,0.0000,OK
2026-07-07 11:26:17,F1,0.0000,OK
2026-07-07 11:26:27,F1,0.0000,OK
2026-07-07 11:26:37,F1,0.0000,OK
2026-07-07 11:26:48,F1,0.0000,OK
2026-07-07 11:26:58,F1,0.0000,OK
2026-07-07 11:27:08,F1,0.0000,OK
2026-07-07 11:27:19,F1,0.0000,OK
2026-07-07 11:27:29,F1,0.0000,OK
2026-07-07 11:27:39,F1,0.0000,OK
2026-07-07 11:27:50,F1,0.0000,OK
2026-07-07 11:28:00,F1,0.0000,OK
2026-07-07 11:28:10,F1,0.0000,OK
2026-07-07 11:28:21,F1,0.0000,OK
2026-07-07 11:28:31,F1,0.0000,Bajo rango
2026-07-07 11:28:41,F1,0.0000,Bajo rango
2026-07-07 11:28:52,F1,0.0000,OK
2026-07-07 11:29:02,F1,0.0000,OK
2026-07-07 11:29:12,F1,0.0000,OK
2026-07-07 11:29:23,F1,0.0000,OK
2026-07-07 11:29:33,F1,0.0000,OK
2026-07-07 11:29:43,F1,0.0000,OK
2026-07-07 11:29:54,F1,0.0000,OK
2026-07-07 11:30:04,F1,0.0000,OK
2026-07-07 11:30:14,F1,0.0000,OK
2026-07-07 11:30:25,F1,0.0000,OK
2026-07-07 11:30:35,F1,0.0000,OK
2026-07-07 11:30:45,F1,0.0000,OK
2026-07-07 11:30:56,F1,0.0000,OK
2026-07-07 11:31:06,F1,0.0000,OK
2026-07-07 11:31:16,F1,0.0000,Bajo rango
2026-07-07 11:31:27,F1,0.0000,OK
2026-07-07 11:31:37,F1,0.0000,OK
2026-07-07 11:31:47,F1,0.0000,OK
2026-07-07 11:31:58,F1,0.0000,OK
2026-07-07 11:32:08,F1,0.0000,Bajo rango
2026-07-07 11:32:18,F1,0.0000,OK
2026-07-07 11:32:29,F1,0.0000,OK
2026-07-07 11:32:39,F1,0.0000,OK
2026-07-07 11:32:49,F1,0.0000,OK
2026-07-07 11:33:00,F1,0.0000,OK
2026-07-07 11:33:10,F1,0.0000,Bajo rango
2026-07-07 11:33:20,F1,0.0000,OK
2026-07-07 11:33:31,F1,0.0000,OK
2026-07-07 11:33:41,F1,0.0000,Bajo rango
2026-07-07 11:33:51,F1,0.0000,OK
2026-07-07 11:34:02,F1,0.0000,OK
2026-07-07 11:34:12,F1,0.0000,Bajo rango
2026-07-07 11:34:22,F1,0.0000,OK
2026-07-07 11:34:33,F1,0.0000,OK
2026-07-07 11:34:43,F1,0.0000,OK
2026-07-07 11:34:53,F1,0.0000,OK
2026-07-07 11:35:04,F1,0.0000,OK
2026-07-07 11:35:14,F1,0.0000,OK
2026-07-07 11:35:24,F1,0.0000,OK
2026-07-07 11:35:35,F1,0.0000,OK
2026-07-07 11:35:45,F1,0.0000,OK
2026-07-07 11:35:55,F1,0.0000,OK
2026-07-07 11:36:06,F1,0.0000,OK
2026-07-07 11:36:16,F1,0.0000,OK
2026-07-07 11:36:26,F1,0.0000,OK
2026-07-07 11:36:37,F1,0.0000,OK
2026-07-07 11:36:47,F1,0.0000,OK
2026-07-07 11:36:57,F1,0.0000,OK
2026-07-07 11:37:08,F1,0.0000,OK
2026-07-07 11:37:18,F1,0.0000,OK
2026-07-07 11:37:28,F1,0.0000,OK
2026-07-07 11:37:39,F1,0.0000,OK
2026-07-07 11:37:49,F1,0.0000,OK
2026-07-07 11:37:59,F1,0.0000,OK
2026-07-07 11:38:10,F1,0.0000,OK
2026-07-07 11:38:20,F1,0.0000,OK
2026-07-07 11:38:30,F1,0.0000,OK
2026-07-07 11:38:41,F1,0.0000,OK
2026-07-07 11:38:51,F1,0.0000,OK
2026-07-07 11:39:01,F1,0.0000,OK
2026-07-07 11:39:12,F1,0.0000,OK
2026-07-07 11:39:22,F1,0.0000,OK
2026-07-07 11:39:32,F1,0.0000,OK
2026-07-07 11:39:43,F1,0.0000,OK
2026-07-07 11:39:53,F1,0.0000,OK
2026-07-07 11:40:03,F1,0.0000,OK
2026-07-07 11:40:14,F1,0.0000,OK
2026-07-07 11:40:24,F1,0.0000,OK
2026-07-07 11:40:34,F1,0.0000,OK
2026-07-07 11:40:45,F1,0.0000,OK
2026-07-07 11:40:55,F1,0.0000,OK
2026-07-07 11:41:05,F1,0.0000,OK
2026-07-07 11:41:16,F1,0.0000,OK
2026-07-07 11:41:26,F1,0.0000,OK
2026-07-07 11:41:36,F1,0.0000,OK
2026-07-07 11:41:47,F1,0.0000,OK
2026-07-07 11:41:57,F1,0.0000,OK
2026-07-07 11:42:07,F1,0.0000,OK
2026-07-07 11:42:18,F1,0.0000,OK
2026-07-07 11:42:28,F1,0.0000,OK
2026-07-07 11:42:38,F1,0.0000,OK
2026-07-07 11:42:49,F1,0.0000,OK
2026-07-07 11:42:59,F1,0.0000,OK
2026-07-07 11:43:09,F1,0.0000,OK
2026-07-07 11:43:20,F1,0.0000,OK
2026-07-07 11:43:30,F1,0.0000,OK
2026-07-07 11:43:40,F1,0.0000,OK
2026-07-07 11:43:51,F1,0.0000,OK
2026-07-07 11:44:01,F1,0.0000,OK
2026-07-07 11:44:11,F1,0.0000,OK
2026-07-07 11:44:22,F1,0.0000,OK
2026-07-07 11:44:32,F1,0.0000,OK
2026-07-07 11:44:42,F1,0.0000,OK
2026-07-07 11:44:53,F1,0.0000,OK
2026-07-07 11:45:03,F1,0.0000,OK
2026-07-07 11:45:13,F1,0.0000,OK
2026-07-07 11:45:24,F1,0.0000,OK
2026-07-07 11:45:34,F1,0.0000,OK
2026-07-07 11:45:44,F1,0.0000,OK
2026-07-07 11:45:55,F1,0.0000,Bajo rango
2026-07-07 11:46:05,F1,0.0000,OK
2026-07-07 11:46:15,F1,0.0000,OK
2026-07-07 11:46:26,F1,0.0000,OK
2026-07-07 11:46:36,F1,0.0000,OK
2026-07-07 11:46:46,F1,0.0000,OK
2026-07-07 11:46:57,F1,0.0000,OK
2026-07-07 11:47:07,F1,0.0000,OK
2026-07-07 11:47:17,F1,0.0000,OK
2026-07-07 11:47:28,F1,0.0000,OK
2026-07-07 11:47:38,F1,0.0000,OK
2026-07-07 11:47:48,F1,0.0000,OK
2026-07-07 11:47:59,F1,0.0000,OK
2026-07-07 11:48:09,F1,0.0000,OK
2026-07-07 11:48:19,F1,0.0000,OK
2026-07-07 11:48:30,F1,0.0000,OK
2026-07-07 11:48:40,F1,0.0000,OK
2026-07-07 11:48:50,F1,0.0000,OK
2026-07-07 11:49:01,F1,0.0000,OK
2026-07-07 11:49:11,F1,0.0000,Bajo rango
2026-07-07 11:49:21,F1,0.0000,OK
2026-07-07 11:49:31,F1,0.0000,OK
2026-07-07 11:49:42,F1,0.0000,OK
2026-07-07 11:49:52,F1,0.0000,OK
2026-07-07 11:50:02,F1,0.0000,OK
2026-07-07 11:50:13,F1,0.0000,Bajo rango
2026-07-07 11:50:23,F1,0.0000,OK
2026-07-07 11:50:33,F1,0.0000,OK
2026-07-07 11:50:44,F1,0.0000,OK
2026-07-07 11:50:54,F1,0.0000,OK
2026-07-07 11:51:04,F1,0.0000,OK
2026-07-07 11:51:15,F1,0.0000,OK
2026-07-07 11:51:25,F1,0.0000,OK
2026-07-07 11:51:35,F1,0.0000,Bajo rango
2026-07-07 11:51:46,F1,0.0000,OK
2026-07-07 11:51:56,F1,0.0000,OK
2026-07-07 11:52:06,F1,0.0000,OK
2026-07-07 11:52:17,F1,0.0000,OK
2026-07-07 11:52:27,F1,0.0000,OK
2026-07-07 11:52:37,F1,0.0000,OK
2026-07-07 11:52:48,F1,0.0000,OK
2026-07-07 11:52:58,F1,0.0000,OK
2026-07-07 11:53:09,F1,0.0000,OK
2026-07-07 11:53:19,F1,0.0000,OK
2026-07-07 11:53:29,F1,0.0000,OK
2026-07-07 11:53:40,F1,0.0000,OK
2026-07-07 11:53:50,F1,0.0000,OK
2026-07-07 11:54:00,F1,0.0000,OK
2026-07-07 11:54:11,F1,0.0000,Bajo rango
2026-07-07 11:54:21,F1,0.0000,OK
2026-07-07 11:54:31,F1,0.0000,OK
2026-07-07 11:54:42,F1,0.0000,OK
2026-07-07 11:54:52,F1,0.0000,OK
2026-07-07 11:55:02,F1,0.0000,OK
2026-07-07 11:55:13,F1,0.0000,OK
2026-07-07 11:55:23,F1,0.0000,OK
2026-07-07 11:55:33,F1,0.0000,OK
2026-07-07 11:55:44,F1,0.0000,OK
2026-07-07 11:55:54,F1,0.0000,OK
2026-07-07 11:56:04,F1,0.0000,OK
2026-07-07 11:56:15,F1,0.0000,OK
2026-07-07 11:56:25,F1,0.0000,OK
2026-07-07 11:56:35,F1,0.0000,OK
2026-07-07 11:56:46,F1,0.0000,OK
2026-07-07 11:56:56,F1,0.0000,OK
2026-07-07 11:57:06,F1,0.0000,OK
2026-07-07 11:57:17,F1,0.0000,OK
2026-07-07 11:57:27,F1,0.0000,OK
2026-07-07 11:57:37,F1,0.0000,OK
2026-07-07 11:57:48,F1,0.0000,Bajo rango
2026-07-07 11:57:58,F1,0.0000,OK
2026-07-07 11:58:08,F1,0.0000,Bajo rango
2026-07-07 11:58:19,F1,0.0000,Bajo rango
2026-07-07 11:58:29,F1,0.0000,Bajo rango
2026-07-07 11:58:39,F1,6.6248,OK
2026-07-07 11:58:50,F1,10.0296,OK
2026-07-07 11:59:00,F1,10.5020,OK
2026-07-07 11:59:10,F1,11.0959,OK
2026-07-07 11:59:21,F1,0.0000,Bajo rango
2026-07-07 11:59:31,F1,0.0000,Bajo rango
2026-07-07 11:59:41,F1,0.0000,Bajo rango
2026-07-07 11:59:52,F1,7.4113,OK
2026-07-07 12:00:02,F1,7.9418,OK
2026-07-07 12:00:12,F1,16.8576,OK
2026-07-07 12:00:23,F1,22.0624,OK
2026-07-07 12:00:33,F1,0.0000,Bajo rango
2026-07-07 12:00:43,F1,0.0000,Bajo rango
2026-07-07 12:00:54,F1,0.0000,Bajo rango
2026-07-07 12:01:04,F1,8.1292,OK
2026-07-07 12:01:14,F1,10.2829,OK
2026-07-07 12:01:25,F1,7.0207,OK
2026-07-07 12:01:35,F1,8.3720,OK
2026-07-07 12:01:45,F1,0.0000,Bajo rango
2026-07-07 12:01:56,F1,0.0000,Bajo rango
2026-07-07 12:02:06,F1,0.0000,Bajo rango
2026-07-07 12:02:16,F1,0.0000,OK
2026-07-07 12:02:27,F1,0.0000,OK
2026-07-07 12:02:37,F1,0.0000,Bajo rango
2026-07-07 12:02:47,F1,0.0000,Bajo rango
2026-07-07 12:02:58,F1,0.0000,OK
2026-07-07 12:03:08,F1,0.0000,OK
2026-07-07 12:03:18,F1,0.0000,OK
2026-07-07 12:03:29,F1,0.0000,OK
2026-07-07 12:03:39,F1,0.0000,OK
2026-07-07 12:03:49,F1,0.0000,Bajo rango
2026-07-07 12:04:00,F1,0.0000,OK
2026-07-07 12:04:10,F1,0.0000,OK
2026-07-07 12:04:20,F1,0.0000,OK
2026-07-07 12:04:31,F1,0.0000,OK
2026-07-07 12:04:41,F1,0.0000,OK
2026-07-07 12:04:51,F1,0.0000,Bajo rango
2026-07-07 12:05:02,F1,0.0000,OK
2026-07-07 12:05:12,F1,0.0000,OK
2026-07-07 12:05:22,F1,0.0000,OK
2026-07-07 12:05:33,F1,0.0000,Bajo rango
2026-07-07 12:05:43,F1,0.0000,OK
2026-07-07 12:05:53,F1,0.0000,OK
2026-07-07 12:06:04,F1,0.0000,OK
2026-07-07 12:06:14,F1,0.0000,OK
2026-07-07 12:06:24,F1,0.0000,OK
2026-07-07 12:06:35,F1,0.0000,OK
2026-07-07 12:06:45,F1,0.0000,OK
2026-07-07 12:06:55,F1,0.0000,OK
2026-07-07 12:07:06,F1,0.0000,OK
2026-07-07 12:07:16,F1,0.0000,OK
2026-07-07 12:07:26,F1,0.0000,OK
2026-07-07 12:07:37,F1,0.0000,OK
2026-07-07 12:07:47,F1,0.0000,OK
2026-07-07 12:07:57,F1,0.0000,OK
2026-07-07 12:08:08,F1,0.0000,OK
2026-07-07 12:08:18,F1,0.0000,Bajo rango
2026-07-07 12:08:28,F1,0.0000,OK
2026-07-07 12:08:39,F1,0.0000,OK
2026-07-07 12:08:49,F1,0.0000,OK
2026-07-07 12:08:59,F1,0.0000,Bajo rango
2026-07-07 12:09:10,F1,0.0000,OK
2026-07-07 12:09:20,F1,0.0000,OK
2026-07-07 12:09:30,F1,0.0000,OK
2026-07-07 12:09:41,F1,0.0000,OK
2026-07-07 12:09:51,F1,0.0000,OK
2026-07-07 12:10:01,F1,0.0000,OK
2026-07-07 12:10:12,F1,0.0000,OK
2026-07-07 12:10:22,F1,0.0000,OK
2026-07-07 12:10:32,F1,0.0000,OK
2026-07-07 12:10:43,F1,0.0000,OK
2026-07-07 12:10:53,F1,0.0000,OK
2026-07-07 12:11:03,F1,0.0000,OK
2026-07-07 12:11:14,F1,0.0000,OK
2026-07-07 12:11:24,F1,0.0000,OK
2026-07-07 12:11:34,F1,0.0000,OK
2026-07-07 12:11:45,F1,0.0000,OK
2026-07-07 12:11:55,F1,0.0000,OK
2026-07-07 12:12:05,F1,0.0000,OK
2026-07-07 12:12:16,F1,0.0000,OK
2026-07-07 12:12:26,F1,0.0000,OK
2026-07-07 12:12:36,F1,0.0000,OK
2026-07-07 12:12:47,F1,0.0000,OK
2026-07-07 12:12:57,F1,0.0000,OK
2026-07-07 12:13:07,F1,0.0000,OK
2026-07-07 12:13:18,F1,0.0000,OK
2026-07-07 12:13:28,F1,0.0000,OK
2026-07-07 12:13:38,F1,0.0000,OK
2026-07-07 12:13:49,F1,0.0000,OK
2026-07-07 12:13:59,F1,0.0000,OK
2026-07-07 12:14:09,F1,0.0000,OK
2026-07-07 12:14:20,F1,0.0000,OK
2026-07-07 12:14:30,F1,0.0000,OK
2026-07-07 12:14:40,F1,0.0000,OK
2026-07-07 12:14:51,F1,0.0000,OK
2026-07-07 12:15:01,F1,0.0000,OK
2026-07-07 12:15:11,F1,0.0000,OK
2026-07-07 12:15:22,F1,0.0000,OK
2026-07-07 12:15:32,F1,0.0000,OK
2026-07-07 12:15:42,F1,0.0000,OK
2026-07-07 12:15:53,F1,0.0000,OK
2026-07-07 12:16:03,F1,0.0000,OK
2026-07-07 12:16:13,F1,0.0000,OK
2026-07-07 12:16:24,F1,0.0000,OK
2026-07-07 12:16:34,F1,0.0000,OK
2026-07-07 12:16:44,F1,0.0000,OK
2026-07-07 12:16:55,F1,0.0000,OK
2026-07-07 12:17:05,F1,0.0000,OK
2026-07-07 12:17:15,F1,0.0000,OK
2026-07-07 12:17:26,F1,0.0000,OK
2026-07-07 12:17:36,F1,0.0000,OK
2026-07-07 12:17:46,F1,0.0000,OK
2026-07-07 12:17:57,F1,0.0000,OK
2026-07-07 12:18:07,F1,0.0000,OK
2026-07-07 12:18:17,F1,0.0000,OK
2026-07-07 12:18:28,F1,0.0000,OK
2026-07-07 12:18:38,F1,0.0000,OK
2026-07-07 12:18:48,F1,0.0000,OK
2026-07-07 12:18:59,F1,0.0000,OK
2026-07-07 12:19:09,F1,0.0000,OK
2026-07-07 12:19:19,F1,0.0000,Bajo rango
2026-07-07 12:19:30,F1,0.0000,Bajo rango
2026-07-07 12:19:40,F1,0.0000,Bajo rango
2026-07-07 12:19:50,F1,0.0000,OK
2026-07-07 12:20:01,F1,0.0000,OK
2026-07-07 12:20:11,F1,0.0000,OK
2026-07-07 12:20:21,F1,0.0000,OK
2026-07-07 12:20:32,F1,0.0000,OK
2026-07-07 12:20:42,F1,0.0000,OK
2026-07-07 12:20:52,F1,0.0000,OK
2026-07-07 12:21:03,F1,0.0000,OK
2026-07-07 12:21:13,F1,0.0000,OK
2026-07-07 12:21:23,F1,0.0000,OK
2026-07-07 12:21:34,F1,0.0000,OK
2026-07-07 12:21:44,F1,0.0000,OK
2026-07-07 12:21:54,F1,0.0000,OK
2026-07-07 12:22:05,F1,0.0000,OK
2026-07-07 12:22:15,F1,0.0000,OK
2026-07-07 12:22:25,F1,0.0000,OK
2026-07-07 12:22:36,F1,6.7066,OK
2026-07-07 12:22:46,F1,7.1395,OK
2026-07-07 12:22:56,F1,6.4321,OK
2026-07-07 12:23:07,F1,0.0000,OK
2026-07-07 12:23:17,F1,0.0000,OK
2026-07-07 12:23:27,F1,0.0000,OK
2026-07-07 12:23:38,F1,0.0000,OK
2026-07-07 12:23:48,F1,0.0000,OK
2026-07-07 12:23:58,F1,0.0000,OK
2026-07-07 12:24:09,F1,0.0000,OK
2026-07-07 12:24:19,F1,0.0000,OK
2026-07-07 12:24:29,F1,0.0000,OK
2026-07-07 12:24:40,F1,0.0000,OK
2026-07-07 12:24:50,F1,0.0000,OK
2026-07-07 12:25:00,F1,0.0000,OK
2026-07-07 12:25:11,F1,0.0000,OK
2026-07-07 12:25:21,F1,0.0000,OK
2026-07-07 12:25:31,F1,0.0000,OK
2026-07-07 12:25:42,F1,0.0000,OK
2026-07-07 12:25:52,F1,0.0000,OK
2026-07-07 12:26:02,F1,0.0000,OK
2026-07-07 12:26:13,F1,0.0000,OK
2026-07-07 12:26:23,F1,0.0000,OK
2026-07-07 12:26:33,F1,0.0000,OK
2026-07-07 12:26:44,F1,0.0000,OK
2026-07-07 12:26:54,F1,0.0000,OK
2026-07-07 12:27:04,F1,0.0000,OK
2026-07-07 12:27:15,F1,0.0000,OK
2026-07-07 12:27:25,F1,0.0000,OK
2026-07-07 12:27:35,F1,0.0000,OK
2026-07-07 12:27:46,F1,0.0000,OK
2026-07-07 12:27:56,F1,0.0000,OK
2026-07-07 12:28:06,F1,0.0000,OK
2026-07-07 12:28:17,F1,0.0000,OK
2026-07-07 12:28:27,F1,0.0000,OK
2026-07-07 12:28:37,F1,0.0000,OK
2026-07-07 12:28:48,F1,0.0000,OK
2026-07-07 12:28:58,F1,0.0000,OK
2026-07-07 12:29:08,F1,0.0000,OK
2026-07-07 12:29:19,F1,0.0000,OK
2026-07-07 12:29:29,F1,0.0000,OK
2026-07-07 12:29:39,F1,0.0000,OK
2026-07-07 12:29:50,F1,0.0000,OK
2026-07-07 12:30:00,F1,0.0000,OK
2026-07-07 12:30:10,F1,0.0000,OK
2026-07-07 12:30:21,F1,0.0000,OK
2026-07-07 12:30:31,F1,0.0000,OK
2026-07-07 12:30:41,F1,0.0000,OK
2026-07-07 12:30:52,F1,0.0000,OK
2026-07-07 12:31:02,F1,0.0000,OK
2026-07-07 12:31:12,F1,0.0000,OK
2026-07-07 12:31:23,F1,0.0000,OK
2026-07-07 12:31:33,F1,0.0000,OK
2026-07-07 12:31:43,F1,0.0000,OK
2026-07-07 12:31:54,F1,0.0000,OK
2026-07-07 12:32:04,F1,0.0000,OK
2026-07-07 12:32:14,F1,0.0000,OK
2026-07-07 12:32:25,F1,0.0000,OK
2026-07-07 12:32:35,F1,0.0000,OK
2026-07-07 12:32:45,F1,0.0000,OK
2026-07-07 12:32:56,F1,0.0000,OK
2026-07-07 12:33:06,F1,0.0000,OK
2026-07-07 12:33:16,F1,0.0000,OK
2026-07-07 12:33:27,F1,0.0000,OK
2026-07-07 12:33:37,F1,0.0000,OK
2026-07-07 12:33:47,F1,0.0000,OK
2026-07-07 12:33:58,F1,0.0000,OK
2026-07-07 12:34:08,F1,0.0000,OK
2026-07-07 12:34:18,F1,0.0000,OK
2026-07-07 12:34:29,F1,0.0000,OK
2026-07-07 12:34:39,F1,0.0000,OK
2026-07-07 12:34:49,F1,0.0000,OK
2026-07-07 12:35:00,F1,0.0000,OK
2026-07-07 12:35:10,F1,0.0000,OK
2026-07-07 12:35:20,F1,0.0000,OK
2026-07-07 12:35:31,F1,0.0000,OK
2026-07-07 12:35:41,F1,0.0000,OK
2026-07-07 12:35:51,F1,0.0000,OK
2026-07-07 12:36:02,F1,0.0000,OK
2026-07-07 12:36:12,F1,0.0000,OK
2026-07-07 12:36:22,F1,0.0000,OK
2026-07-07 12:36:33,F1,0.0000,OK
2026-07-07 12:36:43,F1,0.0000,OK
2026-07-07 12:36:53,F1,0.0000,OK
2026-07-07 12:37:04,F1,0.0000,OK
2026-07-07 12:37:14,F1,0.0000,OK
2026-07-07 12:37:24,F1,0.0000,OK
2026-07-07 12:37:35,F1,0.0000,OK
2026-07-07 12:37:45,F1,0.0000,OK
2026-07-07 12:37:55,F1,0.0000,OK
2026-07-07 12:38:06,F1,0.0000,OK
2026-07-07 12:38:16,F1,0.0000,OK
2026-07-07 12:38:26,F1,0.0000,OK
2026-07-07 12:38:37,F1,0.0000,OK
2026-07-07 12:38:47,F1,0.0000,OK
2026-07-07 12:38:57,F1,0.0000,OK
2026-07-07 12:39:08,F1,0.0000,OK
2026-07-07 12:39:18,F1,0.0000,OK
2026-07-07 12:39:28,F1,0.0000,OK
2026-07-07 12:39:39,F1,0.0000,OK
2026-07-07 12:39:49,F1,0.0000,OK
2026-07-07 12:39:59,F1,0.0000,OK
2026-07-07 12:40:10,F1,0.0000,OK
2026-07-07 12:40:20,F1,0.0000,OK
2026-07-07 12:40:30,F1,0.0000,OK
2026-07-07 12:40:41,F1,0.0000,OK
2026-07-07 12:40:51,F1,0.0000,OK
2026-07-07 12:41:01,F1,0.0000,OK
2026-07-07 12:41:12,F1,0.0000,OK
2026-07-07 12:41:22,F1,0.0000,OK
2026-07-07 12:41:32,F1,0.0000,OK
2026-07-07 12:41:43,F1,0.0000,OK
2026-07-07 12:41:53,F1,0.0000,OK
2026-07-07 12:42:03,F1,0.0000,OK
2026-07-07 12:42:14,F1,0.0000,OK
2026-07-07 12:42:24,F1,0.0000,OK
2026-07-07 12:42:34,F1,0.0000,OK
2026-07-07 12:42:45,F1,0.0000,OK
2026-07-07 12:42:55,F1,0.0000,OK
2026-07-07 12:43:05,F1,0.0000,OK
2026-07-07 12:43:15,F1,0.0000,OK
2026-07-07 12:43:26,F1,0.0000,OK
2026-07-07 12:43:36,F1,0.0000,OK
2026-07-07 12:43:47,F1,0.0000,OK
2026-07-07 12:43:57,F1,0.0000,OK
2026-07-07 12:44:07,F1,0.0000,OK
2026-07-07 12:44:18,F1,0.0000,OK
2026-07-07 12:44:28,F1,0.0000,OK
2026-07-07 12:44:38,F1,0.0000,OK
2026-07-07 12:44:49,F1,0.0000,OK
2026-07-07 12:44:59,F1,0.0000,OK
2026-07-07 12:45:09,F1,0.0000,OK
2026-07-07 12:45:20,F1,0.0000,OK
2026-07-07 12:45:30,F1,0.0000,OK
2026-07-07 12:45:40,F1,0.0000,OK
2026-07-07 12:45:51,F1,0.0000,OK
2026-07-07 12:46:01,F1,0.0000,OK
2026-07-07 12:46:11,F1,0.0000,OK
2026-07-07 12:46:22,F1,0.0000,OK
2026-07-07 12:46:32,F1,0.0000,OK
2026-07-07 12:46:42,F1,0.0000,OK
2026-07-07 12:46:53,F1,0.0000,OK
2026-07-07 12:47:03,F1,0.0000,OK
2026-07-07 12:47:13,F1,0.0000,OK
2026-07-07 12:47:24,F1,0.0000,OK
2026-07-07 12:47:34,F1,0.0000,OK
2026-07-07 12:47:44,F1,0.0000,OK
2026-07-07 12:47:55,F1,0.0000,OK
2026-07-07 12:48:05,F1,0.0000,OK
2026-07-07 12:48:15,F1,0.0000,OK
2026-07-07 12:48:26,F1,0.0000,OK
2026-07-07 12:48:36,F1,0.0000,OK
2026-07-07 12:48:46,F1,0.0000,OK
2026-07-07 12:48:57,F1,0.0000,OK
2026-07-07 12:49:07,F1,0.0000,OK
2026-07-07 12:49:17,F1,0.0000,OK
2026-07-07 12:49:28,F1,0.0000,OK
2026-07-07 12:49:38,F1,0.0000,OK
2026-07-07 12:49:48,F1,0.0000,OK
2026-07-07 12:49:59,F1,0.0000,OK
2026-07-07 12:50:09,F1,0.0000,OK
2026-07-07 12:50:19,F1,0.0000,OK
2026-07-07 12:50:30,F1,0.0000,OK
2026-07-07 12:50:40,F1,0.0000,OK
2026-07-07 12:50:50,F1,0.0000,OK
2026-07-07 12:51:00,F1,0.0000,OK
2026-07-07 12:51:11,F1,0.0000,OK
2026-07-07 12:51:21,F1,0.0000,OK
2026-07-07 12:51:32,F1,0.0000,OK
2026-07-07 12:51:42,F1,0.0000,OK
2026-07-07 12:51:52,F1,0.0000,OK
2026-07-07 12:52:02,F1,0.0000,OK
2026-07-07 12:52:13,F1,0.0000,OK
2026-07-07 12:52:23,F1,0.0000,OK
2026-07-07 12:52:33,F1,0.0000,OK
2026-07-07 12:52:44,F1,0.0000,OK
2026-07-07 12:52:54,F1,0.0000,OK
2026-07-07 12:53:04,F1,0.0000,OK
2026-07-07 12:53:15,F1,0.0000,OK
2026-07-07 12:53:25,F1,0.0000,OK
2026-07-07 12:53:35,F1,0.0000,OK
2026-07-07 12:53:46,F1,0.0000,OK
2026-07-07 12:53:56,F1,0.0000,OK
2026-07-07 12:54:06,F1,0.0000,OK
2026-07-07 12:54:17,F1,0.0000,OK
2026-07-07 12:54:27,F1,0.0000,OK
2026-07-07 12:54:37,F1,0.0000,OK
2026-07-07 12:54:48,F1,0.0000,OK
2026-07-07 12:54:58,F1,0.0000,OK
2026-07-07 12:55:08,F1,0.0000,OK
2026-07-07 12:55:19,F1,0.0000,OK
2026-07-07 12:55:29,F1,0.0000,OK
2026-07-07 12:55:39,F1,0.0000,OK
2026-07-07 12:55:50,F1,0.0000,OK
2026-07-07 12:56:00,F1,0.0000,OK
2026-07-07 12:56:10,F1,0.0000,OK
2026-07-07 12:56:21,F1,0.0000,OK
2026-07-07 12:56:31,F1,0.0000,OK
2026-07-07 12:56:41,F1,0.0000,OK
2026-07-07 12:56:52,F1,0.0000,OK
2026-07-07 12:57:02,F1,0.0000,OK
2026-07-07 12:57:12,F1,0.0000,OK
2026-07-07 12:57:23,F1,0.0000,OK
2026-07-07 12:57:33,F1,0.0000,OK
2026-07-07 12:57:43,F1,0.0000,OK
2026-07-07 12:57:54,F1,0.0000,OK
2026-07-07 12:58:04,F1,0.0000,OK
2026-07-07 12:58:14,F1,0.0000,OK
2026-07-07 12:58:25,F1,0.0000,OK
2026-07-07 12:58:35,F1,0.0000,OK
2026-07-07 12:58:45,F1,0.0000,OK
2026-07-07 12:58:56,F1,0.0000,OK
2026-07-07 12:59:06,F1,0.0000,OK
2026-07-07 12:59:16,F1,0.0000,OK
2026-07-07 12:59:27,F1,0.0000,OK
2026-07-07 12:59:37,F1,0.0000,OK
2026-07-07 12:59:47,F1,0.0000,OK
2026-07-07 12:59:58,F1,0.0000,OK
2026-07-07 13:00:08,F1,0.0000,OK
2026-07-07 13:00:18,F1,0.0000,OK
2026-07-07 13:00:29,F1,0.0000,OK
2026-07-07 13:00:39,F1,0.0000,OK
2026-07-07 13:00:49,F1,0.0000,OK
2026-07-07 13:01:00,F1,0.0000,OK
2026-07-07 13:01:10,F1,0.0000,OK
2026-07-07 13:01:20,F1,0.0000,OK
2026-07-07 13:01:31,F1,0.0000,OK
2026-07-07 13:01:41,F1,0.0000,OK
2026-07-07 13:01:51,F1,0.0000,OK
2026-07-07 13:02:02,F1,0.0000,OK
2026-07-07 13:02:12,F1,0.0000,OK
2026-07-07 13:02:22,F1,0.0000,OK
2026-07-07 13:02:33,F1,0.0000,OK
2026-07-07 13:02:43,F1,0.0000,OK
2026-07-07 13:02:53,F1,0.0000,OK
2026-07-07 13:03:04,F1,0.0000,OK
2026-07-07 13:03:14,F1,0.0000,OK
2026-07-07 13:03:24,F1,0.0000,OK
2026-07-07 13:03:35,F1,0.0000,OK
2026-07-07 13:03:45,F1,0.0000,Bajo rango
2026-07-07 13:03:55,F1,0.0000,OK
2026-07-07 13:04:05,F1,0.0000,OK
2026-07-07 13:04:16,F1,0.0000,OK
2026-07-07 13:04:26,F1,0.0000,OK
2026-07-07 13:04:37,F1,0.0000,OK
2026-07-07 13:04:47,F1,0.0000,OK
2026-07-07 13:04:57,F1,0.0000,OK
2026-07-07 13:05:07,F1,0.0000,OK
2026-07-07 13:05:18,F1,0.0000,OK
2026-07-07 13:05:28,F1,0.0000,OK
2026-07-07 13:05:38,F1,0.0000,OK
2026-07-07 13:05:49,F1,0.0000,OK
2026-07-07 13:05:59,F1,0.0000,Bajo rango
2026-07-07 13:06:09,F1,0.0000,OK
2026-07-07 13:06:20,F1,0.0000,Bajo rango
2026-07-07 13:06:30,F1,0.0000,OK
2026-07-07 13:06:40,F1,0.0000,Bajo rango
2026-07-07 13:06:51,F1,0.0000,OK
2026-07-07 13:07:01,F1,0.0000,OK
2026-07-07 13:07:11,F1,0.0000,OK
2026-07-07 13:07:22,F1,0.0000,OK
2026-07-07 13:07:32,F1,0.0000,OK
2026-07-07 13:07:42,F1,0.0000,OK
2026-07-07 13:07:53,F1,0.0000,OK
2026-07-07 13:08:03,F1,0.0000,OK
2026-07-07 13:08:13,F1,0.0000,OK
2026-07-07 13:08:24,F1,0.0000,OK
2026-07-07 13:08:34,F1,0.0000,OK
2026-07-07 13:08:44,F1,0.0000,OK
2026-07-07 13:08:55,F1,0.0000,OK
2026-07-07 13:09:05,F1,0.0000,OK
2026-07-07 13:09:15,F1,0.0000,OK
2026-07-07 13:09:26,F1,0.0000,OK
2026-07-07 13:09:36,F1,0.0000,OK
2026-07-07 13:09:46,F1,0.0000,OK
2026-07-07 13:09:57,F1,0.0000,OK
2026-07-07 13:10:07,F1,0.0000,OK
2026-07-07 13:10:17,F1,0.0000,Bajo rango
2026-07-07 13:10:28,F1,0.0000,OK
2026-07-07 13:10:38,F1,0.0000,OK
2026-07-07 13:10:48,F1,0.0000,OK
2026-07-07 13:10:59,F1,0.0000,OK
2026-07-07 13:11:09,F1,0.0000,OK
2026-07-07 13:11:19,F1,0.0000,OK
2026-07-07 13:11:30,F1,0.0000,OK
2026-07-07 13:11:40,F1,0.0000,OK
2026-07-07 13:11:50,F1,0.0000,OK
2026-07-07 13:12:01,F1,0.0000,OK
2026-07-07 13:12:11,F1,0.0000,OK
2026-07-07 13:12:21,F1,0.0000,OK
2026-07-07 13:12:32,F1,0.0000,OK
2026-07-07 13:12:42,F1,0.0000,OK
2026-07-07 13:12:52,F1,0.0000,OK
2026-07-07 13:13:03,F1,0.0000,OK
2026-07-07 13:13:13,F1,0.0000,OK
2026-07-07 13:13:23,F1,0.0000,OK
2026-07-07 13:13:34,F1,0.0000,OK
2026-07-07 13:13:44,F1,0.0000,OK
2026-07-07 13:13:54,F1,0.0000,OK
2026-07-07 13:14:05,F1,0.0000,OK
2026-07-07 13:14:15,F1,0.0000,OK
2026-07-07 13:14:25,F1,0.0000,OK
2026-07-07 13:14:36,F1,0.0000,OK
2026-07-07 13:14:46,F1,0.0000,OK
2026-07-07 13:14:56,F1,0.0000,OK
2026-07-07 13:15:07,F1,0.0000,OK
2026-07-07 13:15:17,F1,0.0000,OK
2026-07-07 13:15:27,F1,0.0000,OK
2026-07-07 13:15:38,F1,0.0000,OK
2026-07-07 13:15:48,F1,0.0000,OK
2026-07-07 13:15:58,F1,0.0000,OK
2026-07-07 13:16:09,F1,0.0000,OK
2026-07-07 13:16:19,F1,0.0000,OK
2026-07-07 13:16:29,F1,0.0000,OK
2026-07-07 13:16:40,F1,0.0000,OK
2026-07-07 13:16:50,F1,0.0000,OK
2026-07-07 13:17:00,F1,0.0000,OK
2026-07-07 13:17:11,F1,0.0000,OK
2026-07-07 13:17:21,F1,0.0000,OK
2026-07-07 13:17:31,F1,0.0000,OK
2026-07-07 13:17:42,F1,0.0000,OK
2026-07-07 13:17:52,F1,0.0000,OK
2026-07-07 13:18:02,F1,0.0000,OK
2026-07-07 13:18:13,F1,0.0000,OK
2026-07-07 13:18:23,F1,0.0000,OK
2026-07-07 13:18:33,F1,0.0000,OK
2026-07-07 13:18:44,F1,0.0000,OK
2026-07-07 13:18:54,F1,0.0000,OK
2026-07-07 13:19:04,F1,0.0000,OK
2026-07-07 13:19:15,F1,0.0000,OK
2026-07-07 13:19:25,F1,0.0000,OK
2026-07-07 13:19:35,F1,0.0000,OK
2026-07-07 13:19:45,F1,0.0000,OK
2026-07-07 13:19:56,F1,0.0000,OK
2026-07-07 13:20:06,F1,0.0000,OK
2026-07-07 13:20:16,F1,0.0000,OK
2026-07-07 13:20:27,F1,0.0000,OK
2026-07-07 13:20:37,F1,0.0000,OK
2026-07-07 13:20:47,F1,0.0000,OK
2026-07-07 13:20:58,F1,0.0000,OK
2026-07-07 13:21:08,F1,0.0000,OK
2026-07-07 13:21:18,F1,0.0000,OK
2026-07-07 13:21:29,F1,0.0000,OK
2026-07-07 13:21:39,F1,0.0000,OK
2026-07-07 13:21:49,F1,0.0000,OK
2026-07-07 13:22:00,F1,0.0000,OK
2026-07-07 13:22:10,F1,0.0000,OK
2026-07-07 13:22:20,F1,0.0000,OK
2026-07-07 13:22:31,F1,0.0000,OK
2026-07-07 13:22:41,F1,0.0000,OK
2026-07-07 13:22:51,F1,0.0000,OK
2026-07-07 13:23:02,F1,0.0000,OK
2026-07-07 13:23:12,F1,0.0000,OK
2026-07-07 13:23:22,F1,0.0000,OK
2026-07-07 13:23:33,F1,0.0000,OK
2026-07-07 13:23:43,F1,0.0000,OK
2026-07-07 13:23:53,F1,0.0000,Bajo rango
2026-07-07 13:24:04,F1,0.0000,OK
2026-07-07 13:24:14,F1,0.0000,OK
2026-07-07 13:24:24,F1,0.0000,OK
2026-07-07 13:24:35,F1,0.0000,OK
2026-07-07 13:24:45,F1,0.0000,OK
2026-07-07 13:24:55,F1,0.0000,OK
2026-07-07 13:25:06,F1,0.0000,OK
2026-07-07 13:25:16,F1,0.0000,OK
2026-07-07 13:25:26,F1,0.0000,OK
2026-07-07 13:25:37,F1,0.0000,OK
2026-07-07 13:25:47,F1,0.0000,OK
2026-07-07 13:25:57,F1,0.0000,OK
2026-07-07 13:26:08,F1,0.0000,OK
2026-07-07 13:26:18,F1,0.0000,OK
2026-07-07 13:26:28,F1,0.0000,OK
2026-07-07 13:26:39,F1,0.0000,OK
2026-07-07 13:26:49,F1,0.0000,OK
2026-07-07 13:26:59,F1,0.0000,OK
2026-07-07 13:27:10,F1,0.0000,OK
2026-07-07 13:27:20,F1,0.0000,OK
2026-07-07 13:27:30,F1,0.0000,OK
2026-07-07 13:27:41,F1,0.0000,OK
2026-07-07 13:27:51,F1,0.0000,Bajo rango
2026-07-07 13:28:01,F1,0.0000,OK
2026-07-07 13:28:12,F1,0.0000,OK
2026-07-07 13:28:22,F1,0.0000,OK
2026-07-07 13:28:32,F1,0.0000,OK
2026-07-07 13:28:43,F1,0.0000,OK
2026-07-07 13:28:53,F1,0.0000,OK
2026-07-07 13:29:03,F1,0.0000,OK
2026-07-07 13:29:14,F1,0.0000,OK
2026-07-07 13:29:24,F1,0.0000,OK
2026-07-07 13:29:34,F1,0.0000,OK
2026-07-07 13:29:45,F1,0.0000,OK
2026-07-07 13:29:55,F1,0.0000,OK
2026-07-07 13:30:05,F1,0.0000,OK
2026-07-07 13:30:16,F1,0.0000,OK
2026-07-07 13:30:26,F1,0.0000,OK
2026-07-07 13:30:36,F1,0.0000,OK
2026-07-07 13:30:47,F1,0.0000,OK
2026-07-07 13:30:57,F1,0.0000,OK
2026-07-07 13:31:07,F1,0.0000,OK
2026-07-07 13:31:18,F1,0.0000,OK
2026-07-07 13:31:28,F1,0.0000,OK
2026-07-07 13:31:38,F1,0.0000,OK
2026-07-07 13:31:49,F1,0.0000,OK
2026-07-07 13:31:59,F1,0.0000,OK
2026-07-07 13:32:09,F1,0.0000,OK
2026-07-07 13:32:20,F1,0.0000,OK
2026-07-07 13:32:30,F1,0.0000,OK
2026-07-07 13:32:40,F1,0.0000,OK
2026-07-07 13:32:51,F1,0.0000,OK
2026-07-07 13:33:01,F1,0.0000,OK
2026-07-07 13:33:11,F1,0.0000,OK
2026-07-07 13:33:22,F1,0.0000,OK
2026-07-07 13:33:32,F1,0.0000,OK
2026-07-07 13:33:42,F1,0.0000,OK
2026-07-07 13:33:53,F1,0.0000,OK
2026-07-07 13:34:03,F1,0.0000,OK
2026-07-07 13:34:13,F1,0.0000,OK
2026-07-07 13:34:24,F1,0.0000,OK
2026-07-07 13:34:34,F1,0.0000,Bajo rango
2026-07-07 13:34:44,F1,0.0000,OK
2026-07-07 13:34:55,F1,0.0000,OK
2026-07-07 13:35:05,F1,0.0000,OK
2026-07-07 13:35:15,F1,0.0000,OK
2026-07-07 13:35:26,F1,0.0000,OK
2026-07-07 13:35:36,F1,0.0000,OK
2026-07-07 13:35:46,F1,0.0000,OK
2026-07-07 13:35:57,F1,0.0000,OK
2026-07-07 13:36:07,F1,0.0000,OK
2026-07-07 13:36:17,F1,0.0000,OK
2026-07-07 13:36:28,F1,0.0000,OK
2026-07-07 13:36:38,F1,0.0000,OK
2026-07-07 13:36:48,F1,0.0000,OK
2026-07-07 13:36:59,F1,0.0000,OK
2026-07-07 13:37:09,F1,0.0000,OK
2026-07-07 13:37:19,F1,0.0000,OK
2026-07-07 13:37:30,F1,0.0000,OK
2026-07-07 13:37:40,F1,0.0000,OK
2026-07-07 13:37:50,F1,0.0000,OK
2026-07-07 13:38:01,F1,0.0000,OK
2026-07-07 13:38:11,F1,0.0000,OK
2026-07-07 13:38:21,F1,0.0000,OK
2026-07-07 13:38:32,F1,0.0000,OK
2026-07-07 13:38:42,F1,0.0000,OK
2026-07-07 13:38:52,F1,0.0000,OK
2026-07-07 13:39:03,F1,0.0000,OK
2026-07-07 13:39:13,F1,0.0000,OK
2026-07-07 13:39:23,F1,0.0000,OK
2026-07-07 13:39:34,F1,0.0000,OK
2026-07-07 13:39:44,F1,0.0000,OK
2026-07-07 13:39:54,F1,0.0000,OK
2026-07-07 13:40:05,F1,0.0000,OK
2026-07-07 13:40:15,F1,0.0000,OK
2026-07-07 13:40:25,F1,0.0000,Bajo rango
2026-07-07 13:40:36,F1,0.0000,OK
2026-07-07 13:40:46,F1,0.0000,OK
2026-07-07 13:40:56,F1,0.0000,OK
2026-07-07 13:41:07,F1,0.0000,OK
2026-07-07 13:41:17,F1,0.0000,OK
2026-07-07 13:41:27,F1,0.0000,OK
2026-07-07 13:41:38,F1,0.0000,OK
2026-07-07 13:41:48,F1,0.0000,OK
2026-07-07 13:41:58,F1,0.0000,OK
2026-07-07 13:42:09,F1,0.0000,Bajo rango
2026-07-07 13:42:19,F1,0.0000,Bajo rango
2026-07-07 13:42:29,F1,0.0000,OK
2026-07-07 13:42:40,F1,0.0000,Bajo rango
2026-07-07 13:42:50,F1,0.0000,OK
2026-07-07 13:43:00,F1,0.0000,OK
2026-07-07 13:43:11,F1,0.0000,OK
2026-07-07 13:43:21,F1,0.0000,OK
2026-07-07 13:43:31,F1,0.0000,OK
2026-07-07 13:43:42,F1,0.0000,OK
2026-07-07 13:43:52,F1,0.0000,OK
2026-07-07 13:44:02,F1,0.0000,OK
2026-07-07 13:44:13,F1,0.0000,OK
2026-07-07 13:44:23,F1,0.0000,OK
2026-07-07 13:44:33,F1,0.0000,OK
2026-07-07 13:44:44,F1,0.0000,OK
2026-07-07 13:44:54,F1,0.0000,OK
2026-07-07 13:45:04,F1,0.0000,OK
2026-07-07 13:45:15,F1,0.0000,OK
2026-07-07 13:45:25,F1,0.0000,OK
2026-07-07 13:45:35,F1,0.0000,OK
2026-07-07 13:45:46,F1,0.0000,OK
2026-07-07 13:45:56,F1,0.0000,OK
2026-07-07 13:46:06,F1,0.0000,OK
2026-07-07 13:46:17,F1,0.0000,OK
2026-07-07 13:46:27,F1,0.0000,OK
2026-07-07 13:46:37,F1,0.0000,Bajo rango
2026-07-07 13:46:48,F1,0.0000,OK
2026-07-07 13:46:58,F1,0.0000,Bajo rango
2026-07-07 13:47:08,F1,0.0000,OK
2026-07-07 13:47:19,F1,0.0000,OK
2026-07-07 13:47:29,F1,0.0000,OK
2026-07-07 13:47:39,F1,0.0000,OK
2026-07-07 13:47:50,F1,0.0000,OK
2026-07-07 13:48:00,F1,0.0000,OK
2026-07-07 13:48:10,F1,0.0000,OK
2026-07-07 13:48:21,F1,0.0000,OK
2026-07-07 13:48:31,F1,0.0000,Bajo rango
2026-07-07 13:48:41,F1,0.0000,OK
2026-07-07 13:48:52,F1,0.0000,OK
2026-07-07 13:49:02,F1,0.0000,OK
2026-07-07 13:49:12,F1,0.0000,OK
2026-07-07 13:49:23,F1,0.0000,OK
2026-07-07 13:49:33,F1,0.0000,OK
2026-07-07 13:49:43,F1,0.0000,Bajo rango
2026-07-07 13:49:54,F1,0.0000,OK
2026-07-07 13:50:04,F1,0.0000,OK
2026-07-07 13:50:14,F1,0.0000,OK
2026-07-07 13:50:25,F1,0.0000,OK
2026-07-07 13:50:35,F1,0.0000,Bajo rango
2026-07-07 13:50:45,F1,0.0000,OK
2026-07-07 13:50:56,F1,0.0000,OK
2026-07-07 13:51:06,F1,0.0000,Bajo rango
2026-07-07 13:51:16,F1,0.0000,OK
2026-07-07 13:51:27,F1,0.0000,OK
2026-07-07 13:51:37,F1,0.0000,OK
2026-07-07 13:51:47,F1,0.0000,Bajo rango
2026-07-07 13:51:58,F1,0.0000,OK
2026-07-07 13:52:08,F1,0.0000,OK
2026-07-07 13:52:18,F1,0.0000,OK
2026-07-07 13:52:29,F1,0.0000,OK
2026-07-07 13:52:39,F1,0.0000,OK
2026-07-07 13:52:49,F1,0.0000,OK
2026-07-07 13:53:00,F1,0.0000,OK
2026-07-07 13:53:10,F1,0.0000,OK
2026-07-07 13:53:20,F1,0.0000,OK
2026-07-07 13:53:31,F1,0.0000,OK
2026-07-07 13:53:41,F1,0.0000,OK
2026-07-07 13:53:51,F1,0.0000,OK
2026-07-07 13:54:02,F1,0.0000,OK
2026-07-07 13:54:12,F1,0.0000,Bajo rango
2026-07-07 13:54:23,F1,0.0000,OK
2026-07-07 13:54:33,F1,0.0000,OK
2026-07-07 13:54:43,F1,0.0000,OK
2026-07-07 13:54:53,F1,0.0000,OK
2026-07-07 13:55:04,F1,0.0000,OK
2026-07-07 13:55:14,F1,0.0000,OK
2026-07-07 13:55:25,F1,0.0000,Bajo rango
2026-07-07 13:55:35,F1,0.0000,OK
2026-07-07 13:55:45,F1,0.0000,Bajo rango
2026-07-07 13:55:56,F1,0.0000,OK
2026-07-07 13:56:06,F1,0.0000,OK
2026-07-07 13:56:16,F1,0.0000,OK
2026-07-07 13:56:27,F1,0.0000,OK
2026-07-07 13:56:37,F1,0.0000,Bajo rango
2026-07-07 13:56:47,F1,0.0000,OK
2026-07-07 13:56:57,F1,0.0000,Bajo rango
2026-07-07 13:57:08,F1,0.0000,Bajo rango
2026-07-07 13:57:18,F1,0.0000,OK
2026-07-07 13:57:29,F1,0.0000,OK
2026-07-07 13:57:39,F1,0.0000,OK
2026-07-07 13:57:49,F1,0.0000,OK
2026-07-07 13:57:59,F1,0.0000,OK
2026-07-07 13:58:10,F1,0.0000,Bajo rango
2026-07-07 13:58:20,F1,0.0000,Bajo rango
2026-07-07 13:58:30,F1,0.0000,OK
2026-07-07 13:58:41,F1,0.0000,OK
2026-07-07 13:58:51,F1,0.0000,OK
2026-07-07 13:59:02,F1,0.0000,OK
2026-07-07 13:59:12,F1,0.0000,OK
2026-07-07 13:59:22,F1,0.0000,OK
2026-07-07 13:59:33,F1,0.0000,OK
2026-07-07 13:59:43,F1,0.0000,OK
2026-07-07 13:59:53,F1,0.0000,OK
2026-07-07 14:00:04,F1,0.0000,OK
2026-07-07 14:00:14,F1,0.0000,OK
2026-07-07 14:00:24,F1,0.0000,OK
2026-07-07 14:00:35,F1,0.0000,OK
2026-07-07 14:00:45,F1,0.0000,OK
2026-07-07 14:00:55,F1,0.0000,OK
2026-07-07 14:01:06,F1,0.0000,OK
2026-07-07 14:01:16,F1,0.0000,Bajo rango
2026-07-07 14:01:26,F1,0.0000,OK
2026-07-07 14:01:37,F1,0.0000,OK
2026-07-07 14:01:47,F1,0.0000,OK
2026-07-07 14:01:57,F1,0.0000,OK
2026-07-07 14:02:08,F1,0.0000,OK
2026-07-07 14:02:18,F1,0.0000,OK
2026-07-07 14:02:28,F1,0.0000,OK
2026-07-07 14:02:39,F1,0.0000,OK
2026-07-07 14:02:49,F1,0.0000,OK
2026-07-07 14:02:59,F1,0.0000,Bajo rango
2026-07-07 14:03:10,F1,0.0000,Bajo rango
2026-07-07 14:03:20,F1,0.0000,OK
2026-07-07 14:03:30,F1,0.0000,OK
2026-07-07 14:03:41,F1,0.0000,OK
2026-07-07 14:03:51,F1,0.0000,OK
2026-07-07 14:04:01,F1,0.0000,OK
2026-07-07 14:04:12,F1,0.0000,OK
2026-07-07 14:04:22,F1,0.0000,OK
2026-07-07 14:04:32,F1,0.0000,OK
2026-07-07 14:04:43,F1,0.0000,OK
2026-07-07 14:04:53,F1,0.0000,OK
2026-07-07 14:05:03,F1,0.0000,OK
2026-07-07 14:05:14,F1,0.0000,OK
2026-07-07 14:05:24,F1,0.0000,OK
2026-07-07 14:05:34,F1,0.0000,OK
2026-07-07 14:05:45,F1,0.0000,OK
2026-07-07 14:05:55,F1,0.0000,OK
2026-07-07 14:06:05,F1,0.0000,OK
2026-07-07 14:06:16,F1,0.0000,Bajo rango
2026-07-07 14:06:26,F1,0.0000,OK
2026-07-07 14:06:36,F1,0.0000,OK
2026-07-07 14:06:47,F1,0.0000,OK
2026-07-07 14:06:57,F1,0.0000,OK
2026-07-07 14:07:07,F1,0.0000,OK
2026-07-07 14:07:18,F1,0.0000,OK
2026-07-07 14:07:28,F1,0.0000,Bajo rango
2026-07-07 14:07:38,F1,0.0000,OK
2026-07-07 14:07:49,F1,0.0000,OK
2026-07-07 14:07:59,F1,0.0000,Bajo rango
2026-07-07 14:08:09,F1,0.0000,OK
2026-07-07 14:08:20,F1,0.0000,OK
2026-07-07 14:08:30,F1,0.0000,OK
2026-07-07 14:08:40,F1,0.0000,OK
2026-07-07 14:08:51,F1,0.0000,OK
2026-07-07 14:09:01,F1,0.0000,OK
2026-07-07 14:09:11,F1,0.0000,OK
2026-07-07 14:09:22,F1,0.0000,OK
2026-07-07 14:09:32,F1,0.0000,OK
2026-07-07 14:09:43,F1,0.0000,Bajo rango
2026-07-07 14:09:53,F1,0.0000,OK
2026-07-07 14:10:03,F1,0.0000,OK
2026-07-07 14:10:13,F1,0.0000,OK
2026-07-07 14:10:24,F1,0.0000,OK
2026-07-07 14:10:34,F1,0.0000,OK
2026-07-07 14:10:44,F1,0.0000,OK
2026-07-07 14:10:55,F1,0.0000,OK
2026-07-07 14:11:05,F1,0.0000,OK
2026-07-07 14:11:15,F1,0.0000,Bajo rango
2026-07-07 14:11:26,F1,0.0000,OK
2026-07-07 14:11:36,F1,0.0000,Bajo rango
2026-07-07 14:11:46,F1,0.0000,Bajo rango
2026-07-07 14:11:57,F1,0.0000,OK
2026-07-07 14:12:07,F1,0.0000,OK
2026-07-07 14:12:18,F1,0.0000,OK
2026-07-07 14:12:28,F1,0.0000,Bajo rango
2026-07-07 14:12:38,F1,0.0000,OK
2026-07-07 14:12:49,F1,0.0000,OK
2026-07-07 14:12:59,F1,0.0000,OK
2026-07-07 14:13:09,F1,0.0000,OK
2026-07-07 14:13:19,F1,0.0000,Bajo rango
2026-07-07 14:13:30,F1,0.0000,OK
2026-07-07 14:13:40,F1,0.0000,Bajo rango
2026-07-07 14:13:50,F1,0.0000,OK
2026-07-07 14:14:01,F1,0.0000,OK
2026-07-07 14:14:11,F1,0.0000,Bajo rango
2026-07-07 14:14:21,F1,0.0000,OK
2026-07-07 14:14:32,F1,0.0000,Bajo rango
2026-07-07 14:14:42,F1,0.0000,Bajo rango
2026-07-07 14:14:52,F1,0.0000,OK
2026-07-07 14:15:03,F1,0.0000,Bajo rango
2026-07-07 14:15:13,F1,0.0000,OK
2026-07-07 14:15:23,F1,0.0000,OK
2026-07-07 14:15:34,F1,0.0000,OK
2026-07-07 14:15:44,F1,0.0000,OK
2026-07-07 14:15:54,F1,0.0000,OK
2026-07-07 14:16:05,F1,0.0000,OK
2026-07-07 14:16:15,F1,0.0000,Bajo rango
2026-07-07 14:16:25,F1,0.0000,OK
2026-07-07 14:16:36,F1,0.0000,OK
2026-07-07 14:16:46,F1,0.0000,OK
2026-07-07 14:16:56,F1,0.0000,OK
2026-07-07 14:17:07,F1,0.0000,OK
2026-07-07 14:17:17,F1,0.0000,OK
2026-07-07 14:17:27,F1,0.0000,OK
2026-07-07 14:17:38,F1,0.0000,Bajo rango
2026-07-07 14:17:48,F1,0.0000,OK
2026-07-07 14:17:58,F1,0.0000,OK
2026-07-07 14:18:09,F1,0.0000,Bajo rango
2026-07-07 14:18:19,F1,0.0000,OK
2026-07-07 14:18:29,F1,0.0000,OK
2026-07-07 14:18:40,F1,0.0000,OK
2026-07-07 14:18:50,F1,0.0000,Bajo rango
2026-07-07 14:19:00,F1,0.0000,Bajo rango
2026-07-07 14:19:11,F1,0.0000,Bajo rango
2026-07-07 14:19:21,F1,0.0000,OK
2026-07-07 14:19:31,F1,0.0000,Bajo rango
2026-07-07 14:19:42,F1,0.0000,Bajo rango
2026-07-07 14:19:52,F1,0.0000,Bajo rango
2026-07-07 14:20:02,F1,0.0000,Bajo rango
2026-07-07 14:20:13,F1,0.0000,Bajo rango
2026-07-07 14:20:23,F1,0.0000,Bajo rango
2026-07-07 14:20:33,F1,0.0000,Bajo rango
2026-07-07 14:20:44,F1,0.0000,Bajo rango
2026-07-07 14:20:54,F1,0.0000,Bajo rango
2026-07-07 14:21:04,F1,0.0000,OK
2026-07-07 14:21:15,F1,0.0000,Bajo rango
2026-07-07 14:21:25,F1,0.0000,Bajo rango
2026-07-07 14:21:35,F1,0.0000,Bajo rango
2026-07-07 14:21:46,F1,0.0000,OK
2026-07-07 14:21:56,F1,0.0000,OK
2026-07-07 14:22:06,F1,0.0000,OK
2026-07-07 14:22:17,F1,0.0000,OK
2026-07-07 14:22:27,F1,0.0000,OK
2026-07-07 14:22:37,F1,0.0000,OK
2026-07-07 14:22:48,F1,0.0000,Bajo rango
2026-07-07 14:22:58,F1,0.0000,OK
2026-07-07 14:23:08,F1,0.0000,OK
2026-07-07 14:23:19,F1,0.0000,Bajo rango
2026-07-07 14:23:29,F1,0.0000,Bajo rango
2026-07-07 14:23:39,F1,0.0000,Bajo rango
2026-07-07 14:23:50,F1,0.0000,OK
2026-07-07 14:24:00,F1,0.0000,OK
2026-07-07 14:24:10,F1,0.0000,Bajo rango
2026-07-07 14:24:21,F1,0.0000,OK
2026-07-07 14:24:31,F1,0.0000,Bajo rango
2026-07-07 14:24:41,F1,0.0000,OK
2026-07-07 14:24:52,F1,0.0000,Bajo rango
2026-07-07 14:25:02,F1,0.0000,OK
2026-07-07 14:25:12,F1,0.0000,Bajo rango
2026-07-07 14:25:23,F1,0.0000,OK
2026-07-07 14:25:33,F1,0.0000,OK
2026-07-07 14:25:43,F1,0.0000,OK
2026-07-07 14:25:54,F1,0.0000,OK
2026-07-07 14:26:04,F1,0.0000,Bajo rango
2026-07-07 14:26:14,F1,0.0000,OK
2026-07-07 14:26:25,F1,0.0000,OK
2026-07-07 14:26:35,F1,0.0000,Bajo rango
2026-07-07 14:26:45,F1,0.0000,OK
2026-07-07 14:26:56,F1,0.0000,OK
2026-07-07 14:27:06,F1,0.0000,Bajo rango
2026-07-07 14:27:17,F1,0.0000,Bajo rango
2026-07-07 14:27:27,F1,0.0000,OK
2026-07-07 14:27:37,F1,0.0000,OK
2026-07-07 14:27:48,F1,0.0000,OK
2026-07-07 14:27:58,F1,0.0000,Bajo rango
2026-07-07 14:28:08,F1,0.0000,OK
2026-07-07 14:28:19,F1,0.0000,Bajo rango
2026-07-07 14:28:29,F1,0.0000,OK
2026-07-07 14:28:39,F1,0.0000,OK
2026-07-07 14:28:50,F1,0.0000,OK
2026-07-07 14:29:00,F1,0.0000,Bajo rango
2026-07-07 14:29:10,F1,0.0000,OK
2026-07-07 14:29:21,F1,0.0000,OK
2026-07-07 14:29:31,F1,0.0000,OK
2026-07-07 14:29:41,F1,0.0000,OK
2026-07-07 14:29:51,F1,0.0000,Bajo rango
2026-07-07 14:30:02,F1,0.0000,Bajo rango
2026-07-07 14:30:12,F1,0.0000,OK
2026-07-07 14:30:23,F1,0.0000,Bajo rango
2026-07-07 14:30:33,F1,0.0000,Bajo rango
2026-07-07 14:30:43,F1,0.0000,OK
2026-07-07 14:30:53,F1,0.0000,OK
2026-07-07 14:31:04,F1,0.0000,Bajo rango
2026-07-07 14:31:14,F1,0.0000,Bajo rango
2026-07-07 14:31:24,F1,0.0000,OK
2026-07-07 14:31:35,F1,0.0000,OK
2026-07-07 14:31:45,F1,0.0000,OK
2026-07-07 14:31:55,F1,0.0000,OK
2026-07-07 14:32:06,F1,0.0000,OK
2026-07-07 14:32:16,F1,0.0000,OK
2026-07-07 14:32:26,F1,0.0000,OK
2026-07-07 14:32:37,F1,0.0000,OK
2026-07-07 14:32:47,F1,0.0000,OK
2026-07-07 14:32:57,F1,0.0000,OK
2026-07-07 14:33:08,F1,0.0000,OK
2026-07-07 14:33:18,F1,0.0000,OK
2026-07-07 14:33:28,F1,0.0000,OK
2026-07-07 14:33:39,F1,0.0000,OK
2026-07-07 14:33:49,F1,0.0000,OK
2026-07-07 14:33:59,F1,0.0000,OK
2026-07-07 14:34:10,F1,0.0000,OK
2026-07-07 14:34:20,F1,0.0000,OK
2026-07-07 14:34:30,F1,0.0000,Bajo rango
2026-07-07 14:34:41,F1,0.0000,OK
2026-07-07 14:34:51,F1,0.0000,OK
2026-07-07 14:35:01,F1,0.0000,OK
2026-07-07 14:35:12,F1,0.0000,OK
2026-07-07 14:35:22,F1,0.0000,OK
2026-07-07 14:35:32,F1,0.0000,OK
2026-07-07 14:35:43,F1,0.0000,OK
2026-07-07 14:35:53,F1,0.0000,OK
2026-07-07 14:36:03,F1,0.0000,Bajo rango
2026-07-07 14:36:14,F1,0.0000,OK
2026-07-07 14:36:24,F1,0.0000,OK
2026-07-07 14:36:34,F1,0.0000,OK
2026-07-07 14:36:45,F1,0.0000,OK
2026-07-07 14:36:55,F1,0.0000,OK
2026-07-07 14:37:05,F1,0.0000,OK
2026-07-07 14:37:16,F1,0.0000,Bajo rango
2026-07-07 14:37:26,F1,0.0000,OK
2026-07-07 14:37:36,F1,0.0000,OK
2026-07-07 14:37:47,F1,0.0000,Bajo rango
2026-07-07 14:37:57,F1,0.0000,OK
2026-07-07 14:38:07,F1,0.0000,Bajo rango
2026-07-07 14:38:18,F1,0.0000,Bajo rango
2026-07-07 14:38:28,F1,0.0000,Bajo rango
2026-07-07 14:38:38,F1,0.0000,Bajo rango
2026-07-07 14:38:49,F1,0.0000,OK
2026-07-07 14:38:59,F1,0.0000,OK
2026-07-07 14:39:09,F1,0.0000,OK
2026-07-07 14:39:20,F1,0.0000,Bajo rango
2026-07-07 14:39:30,F1,0.0000,OK
2026-07-07 14:39:40,F1,0.0000,OK
2026-07-07 14:39:51,F1,0.0000,Bajo rango
2026-07-07 14:40:01,F1,0.0000,Bajo rango
2026-07-07 14:40:11,F1,0.0000,Bajo rango
2026-07-07 14:40:22,F1,0.0000,Bajo rango
2026-07-07 14:40:32,F1,0.0000,OK
2026-07-07 14:40:42,F1,0.0000,OK
2026-07-07 14:40:53,F1,0.0000,OK
2026-07-07 14:41:03,F1,0.0000,OK
2026-07-07 14:41:13,F1,0.0000,Bajo rango
2026-07-07 14:41:24,F1,0.0000,OK
2026-07-07 14:41:34,F1,0.0000,OK
2026-07-07 14:41:44,F1,0.0000,Bajo rango
2026-07-07 14:41:55,F1,0.0000,OK
2026-07-07 14:42:05,F1,0.0000,Bajo rango
2026-07-07 14:42:15,F1,0.0000,OK
2026-07-07 14:42:26,F1,0.0000,OK
2026-07-07 14:42:36,F1,0.0000,OK
2026-07-07 14:42:46,F1,0.0000,OK
2026-07-07 14:42:57,F1,0.0000,Bajo rango
2026-07-07 14:43:07,F1,0.0000,Bajo rango
2026-07-07 14:43:17,F1,0.0000,Bajo rango
2026-07-07 14:43:28,F1,0.0000,Bajo rango
2026-07-07 14:43:38,F1,0.0000,OK
2026-07-07 14:43:48,F1,0.0000,Bajo rango
2026-07-07 14:43:59,F1,0.0000,Bajo rango
2026-07-07 14:44:09,F1,0.0000,OK
2026-07-07 14:44:20,F1,0.0000,Bajo rango
2026-07-07 14:44:30,F1,0.0000,OK
2026-07-07 14:44:40,F1,0.0000,Bajo rango
2026-07-07 14:44:50,F1,0.0000,Bajo rango
2026-07-07 14:45:01,F1,0.0000,Bajo rango
2026-07-07 14:45:11,F1,0.0000,OK
2026-07-07 14:45:21,F1,0.0000,OK
2026-07-07 14:45:32,F1,0.0000,Bajo rango
2026-07-07 14:45:42,F1,0.0000,Bajo rango
2026-07-07 14:45:52,F1,0.0000,Bajo rango
2026-07-07 14:46:03,F1,0.0000,Bajo rango
2026-07-07 14:46:13,F1,0.0000,OK
2026-07-07 14:46:23,F1,0.0000,OK
2026-07-07 14:46:34,F1,0.0000,Bajo rango
2026-07-07 14:46:44,F1,0.0000,OK
2026-07-07 14:46:54,F1,0.0000,OK
2026-07-07 14:47:05,F1,0.0000,OK
2026-07-07 14:47:15,F1,0.0000,Bajo rango
2026-07-07 14:47:25,F1,0.0000,Bajo rango
2026-07-07 14:47:36,F1,0.0000,Bajo rango
2026-07-07 14:47:46,F1,0.0000,OK
2026-07-07 14:47:56,F1,0.0000,Bajo rango
2026-07-07 14:48:07,F1,0.0000,OK
2026-07-07 14:48:17,F1,0.0000,Bajo rango
2026-07-07 14:48:27,F1,0.0000,OK
2026-07-07 14:48:38,F1,0.0000,OK
2026-07-07 14:48:48,F1,0.0000,Bajo rango
2026-07-07 14:48:58,F1,0.0000,Bajo rango
2026-07-07 14:49:09,F1,0.0000,OK
2026-07-07 14:49:19,F1,0.0000,OK
2026-07-07 14:49:29,F1,0.0000,Bajo rango
2026-07-07 14:49:40,F1,0.0000,Bajo rango
2026-07-07 14:49:50,F1,0.0000,OK
2026-07-07 14:50:00,F1,0.0000,OK
2026-07-07 14:50:11,F1,0.0000,Bajo rango
2026-07-07 14:50:21,F1,0.0000,Bajo rango
2026-07-07 14:50:31,F1,0.0000,Bajo rango
2026-07-07 14:50:42,F1,0.0000,Bajo rango
2026-07-07 14:50:52,F1,0.0000,Bajo rango
2026-07-07 14:51:02,F1,0.0000,Bajo rango
2026-07-07 14:51:13,F1,2.3649,OK
2026-07-07 14:51:23,F1,0.0000,OK
2026-07-07 14:51:33,F1,0.0000,OK
2026-07-07 14:51:44,F1,0.0000,OK
2026-07-07 14:51:54,F1,0.0000,OK
2026-07-07 14:52:04,F1,0.0000,OK
2026-07-07 14:52:15,F1,0.0000,OK
2026-07-07 14:52:25,F1,0.0000,OK
2026-07-07 14:52:36,F1,0.0000,OK
2026-07-07 14:52:46,F1,0.0000,OK
2026-07-07 14:52:56,F1,0.0000,OK
2026-07-07 14:53:07,F1,0.0000,OK
2026-07-07 14:53:17,F1,0.0000,OK
2026-07-07 14:53:27,F1,0.0000,OK
2026-07-07 14:53:38,F1,0.0000,OK
2026-07-07 14:53:48,F1,0.0000,OK
2026-07-07 14:53:58,F1,0.0000,OK
2026-07-07 14:54:09,F1,0.0000,OK
2026-07-07 14:54:19,F1,0.0000,OK
2026-07-07 14:54:29,F1,0.0000,OK
2026-07-07 14:54:40,F1,0.0000,OK
2026-07-07 14:54:50,F1,9.6732,OK
2026-07-07 14:55:00,F1,10.7052,OK
2026-07-07 14:55:11,F1,0.0000,OK
2026-07-07 14:55:21,F1,0.0000,OK
2026-07-07 14:55:31,F1,0.0000,OK
2026-07-07 14:55:42,F1,0.0000,Bajo rango
2026-07-07 14:55:52,F1,0.0000,OK
2026-07-07 14:56:02,F1,0.0000,OK
2026-07-07 14:56:13,F1,0.0000,Bajo rango
2026-07-07 14:56:23,F1,0.0000,Bajo rango
2026-07-07 14:56:33,F1,0.0000,OK
2026-07-07 14:56:44,F1,0.0000,Bajo rango
2026-07-07 14:56:54,F1,0.0000,OK
2026-07-07 14:57:04,F1,0.0000,OK
2026-07-07 14:57:15,F1,0.0000,OK
2026-07-07 14:57:25,F1,0.0000,Bajo rango
2026-07-07 14:57:35,F1,0.0000,Bajo rango
2026-07-07 14:57:46,F1,0.0000,Bajo rango
2026-07-07 14:57:56,F1,0.0000,Bajo rango
2026-07-07 14:58:06,F1,0.0000,Bajo rango
2026-07-07 14:58:17,F1,0.0000,Bajo rango
2026-07-07 14:58:27,F1,0.0000,Bajo rango
2026-07-07 14:58:37,F1,0.0000,Bajo rango
2026-07-07 14:58:48,F1,0.0000,Bajo rango
2026-07-07 14:58:58,F1,0.0000,OK
2026-07-07 14:59:08,F1,0.0000,OK
2026-07-07 14:59:19,F1,0.0000,Bajo rango
2026-07-07 14:59:29,F1,0.0000,OK
2026-07-07 14:59:39,F1,0.0000,Bajo rango
2026-07-07 14:59:50,F1,0.0000,Bajo rango
2026-07-07 15:00:00,F1,0.0000,OK
2026-07-07 15:00:10,F1,0.0000,Bajo rango
2026-07-07 15:00:21,F1,0.0000,Bajo rango
2026-07-07 15:00:31,F1,0.0000,OK
2026-07-07 15:00:41,F1,0.0000,Bajo rango
2026-07-07 15:00:52,F1,0.0000,OK
2026-07-07 15:01:02,F1,0.0000,Bajo rango
2026-07-07 15:01:12,F1,0.0000,OK
2026-07-07 15:01:23,F1,0.0000,Bajo rango
2026-07-07 15:01:33,F1,0.0000,Bajo rango
2026-07-07 15:01:43,F1,0.0000,Bajo rango
2026-07-07 15:01:54,F1,0.0000,Bajo rango
2026-07-07 15:02:04,F1,0.0000,Bajo rango
2026-07-07 15:02:14,F1,0.0000,Bajo rango
2026-07-07 15:02:25,F1,0.0000,Bajo rango
2026-07-07 15:02:35,F1,0.0000,OK
2026-07-07 15:02:45,F1,0.0000,Bajo rango
2026-07-07 15:02:56,F1,0.0000,OK
2026-07-07 15:03:06,F1,0.0000,Bajo rango
2026-07-07 15:03:16,F1,0.0000,OK
2026-07-07 15:03:27,F1,0.0000,Bajo rango
2026-07-07 15:03:37,F1,0.0000,OK
2026-07-07 15:03:47,F1,0.0000,Bajo rango
2026-07-07 15:03:58,F1,0.0000,Bajo rango
2026-07-07 15:04:08,F1,0.0000,Bajo rango
2026-07-07 15:04:18,F1,0.0000,Bajo rango
2026-07-07 15:04:29,F1,0.0000,OK
2026-07-07 15:04:39,F1,0.0000,Bajo rango
2026-07-07 15:04:49,F1,0.0000,Bajo rango
2026-07-07 15:05:00,F1,0.0000,OK
2026-07-07 15:05:10,F1,0.0000,Bajo rango
2026-07-07 15:05:20,F1,0.0000,Bajo rango
2026-07-07 15:05:31,F1,0.0000,OK
2026-07-07 15:05:41,F1,0.0000,OK
2026-07-07 15:05:51,F1,0.0000,Bajo rango
2026-07-07 15:06:02,F1,0.0000,Bajo rango
2026-07-07 15:06:12,F1,0.0000,OK
2026-07-07 15:06:22,F1,0.0000,OK
2026-07-07 15:06:33,F1,0.0000,OK
2026-07-07 15:06:43,F1,0.0000,Bajo rango
2026-07-07 15:06:53,F1,0.0000,OK
2026-07-07 15:07:04,F1,0.0000,OK
2026-07-07 15:07:14,F1,0.0000,OK
2026-07-07 15:07:24,F1,0.0000,OK
2026-07-07 15:07:35,F1,0.0000,Bajo rango
2026-07-07 15:07:45,F1,0.0000,Bajo rango
2026-07-07 15:07:55,F1,0.0000,Bajo rango
2026-07-07 15:08:06,F1,0.0000,Bajo rango
2026-07-07 15:08:16,F1,0.0000,OK
2026-07-07 15:08:26,F1,0.0000,Bajo rango
2026-07-07 15:08:37,F1,0.0000,Bajo rango
2026-07-07 15:08:47,F1,0.0000,Bajo rango
2026-07-07 15:08:57,F1,0.0000,OK
2026-07-07 15:09:08,F1,0.0000,Bajo rango
2026-07-07 15:09:18,F1,0.0000,OK
2026-07-07 15:09:28,F1,0.0000,OK
2026-07-07 15:09:39,F1,0.0000,OK
2026-07-07 15:09:49,F1,0.0000,Bajo rango
2026-07-07 15:09:59,F1,0.0000,OK
2026-07-07 15:10:10,F1,0.0000,OK
2026-07-07 15:10:20,F1,0.0000,Bajo rango
2026-07-07 15:10:30,F1,0.0000,OK
2026-07-07 15:10:41,F1,0.0000,Bajo rango
2026-07-07 15:10:51,F1,0.0000,Bajo rango
2026-07-07 15:11:01,F1,0.0000,OK
2026-07-07 15:11:12,F1,0.0000,OK
2026-07-07 15:11:22,F1,0.0000,OK
2026-07-07 15:11:32,F1,0.0000,OK
2026-07-07 15:11:42,F1,0.0000,Bajo rango
2026-07-07 15:11:53,F1,0.0000,Bajo rango
2026-07-07 15:12:03,F1,0.0000,Bajo rango
2026-07-07 15:12:13,F1,0.0000,OK
2026-07-07 15:12:24,F1,0.0000,OK
2026-07-07 15:12:34,F1,0.0000,Bajo rango
2026-07-07 15:12:44,F1,0.0000,OK
2026-07-07 15:12:55,F1,0.0000,Bajo rango
2026-07-07 15:13:05,F1,0.0000,Bajo rango
2026-07-07 15:13:16,F1,0.0000,OK
2026-07-07 15:13:26,F1,0.0000,Bajo rango
2026-07-07 15:13:36,F1,0.0000,OK
2026-07-07 15:13:47,F1,0.0000,OK
2026-07-07 15:13:57,F1,0.0000,Bajo rango
2026-07-07 15:14:07,F1,0.0000,OK
2026-07-07 15:14:18,F1,0.0000,OK
2026-07-07 15:14:28,F1,0.0000,OK
2026-07-07 15:14:38,F1,0.0000,OK
2026-07-07 15:14:49,F1,0.0000,OK
2026-07-07 15:14:59,F1,0.0000,OK
2026-07-07 15:15:09,F1,0.0000,OK
2026-07-07 15:15:20,F1,0.0000,OK
2026-07-07 15:15:30,F1,0.0000,OK
2026-07-07 15:15:40,F1,0.0000,Bajo rango
2026-07-07 15:15:51,F1,0.0000,OK
2026-07-07 15:16:01,F1,0.0000,OK
2026-07-07 15:16:11,F1,0.0000,Bajo rango
2026-07-07 15:16:22,F1,0.0000,OK
2026-07-07 15:16:32,F1,0.0000,OK
2026-07-07 15:16:42,F1,0.0000,Bajo rango
2026-07-07 15:16:53,F1,0.0000,OK
2026-07-07 15:17:03,F1,0.0000,Bajo rango
2026-07-07 15:17:13,F1,0.0000,OK
2026-07-07 15:17:24,F1,0.0000,OK
2026-07-07 15:17:34,F1,0.0000,OK
2026-07-07 15:17:44,F1,0.0000,OK
2026-07-07 15:17:55,F1,0.0000,Bajo rango
2026-07-07 15:18:05,F1,0.0000,OK
2026-07-07 15:18:15,F1,0.0000,OK
2026-07-07 15:18:26,F1,0.0000,OK
2026-07-07 15:18:36,F1,0.0000,Bajo rango
2026-07-07 15:18:46,F1,0.0000,Bajo rango
2026-07-07 15:18:56,F1,0.0000,Bajo rango
2026-07-07 15:19:07,F1,0.0000,Bajo rango
2026-07-07 15:19:17,F1,0.0000,Bajo rango
2026-07-07 15:19:27,F1,0.0000,Bajo rango
2026-07-07 15:19:38,F1,0.0000,Bajo rango
2026-07-07 15:19:48,F1,0.0000,OK
2026-07-07 15:19:58,F1,0.0000,Bajo rango
2026-07-07 15:20:09,F1,0.0000,OK
2026-07-07 15:20:19,F1,0.0000,Bajo rango
2026-07-07 15:20:29,F1,0.0000,OK
2026-07-07 15:20:40,F1,0.0000,OK
2026-07-07 15:20:50,F1,0.0000,Bajo rango
2026-07-07 15:21:00,F1,0.0000,Bajo rango
2026-07-07 15:21:11,F1,0.0000,Bajo rango
2026-07-07 15:21:21,F1,0.0000,OK
2026-07-07 15:21:31,F1,0.0000,OK
2026-07-07 15:21:42,F1,0.0000,Bajo rango
2026-07-07 15:21:52,F1,0.0000,Bajo rango
2026-07-07 15:22:02,F1,0.0000,Bajo rango
2026-07-07 15:22:13,F1,0.0000,Bajo rango
2026-07-07 15:22:23,F1,0.0000,OK
2026-07-07 15:22:33,F1,0.0000,OK
2026-07-07 15:22:44,F1,0.0000,OK
2026-07-07 15:22:54,F1,0.0000,Bajo rango
2026-07-07 15:23:04,F1,0.0000,OK
2026-07-07 15:23:15,F1,0.0000,Bajo rango
2026-07-07 15:23:25,F1,0.0000,OK
2026-07-07 15:23:35,F1,0.0000,Bajo rango
2026-07-07 15:23:46,F1,0.0000,OK
2026-07-07 15:23:56,F1,0.0000,OK
2026-07-07 15:24:06,F1,0.0000,OK
2026-07-07 15:24:17,F1,0.0000,Bajo rango
2026-07-07 15:24:27,F1,0.0000,Bajo rango
2026-07-07 15:24:37,F1,0.0000,Bajo rango
2026-07-07 15:24:47,F1,0.0000,OK
2026-07-07 15:24:58,F1,0.0000,Bajo rango
2026-07-07 15:25:08,F1,0.0000,Bajo rango
2026-07-07 15:25:18,F1,0.0000,Bajo rango
2026-07-07 15:25:29,F1,0.0000,Bajo rango
2026-07-07 15:25:39,F1,0.0000,Bajo rango
2026-07-07 15:25:49,F1,0.0000,Bajo rango
2026-07-07 15:26:00,F1,0.0000,OK
2026-07-07 15:26:10,F1,0.0000,Bajo rango
2026-07-07 15:26:20,F1,0.0000,Bajo rango
2026-07-07 15:26:31,F1,0.0000,Bajo rango
2026-07-07 15:26:41,F1,0.0000,Bajo rango
2026-07-07 15:26:51,F1,0.0000,OK
2026-07-07 15:27:02,F1,0.0000,Bajo rango
2026-07-07 15:27:12,F1,0.0000,OK
2026-07-07 15:27:22,F1,0.0000,OK
2026-07-07 15:27:33,F1,0.0000,Bajo rango
2026-07-07 15:27:43,F1,0.0000,OK
2026-07-07 15:27:53,F1,0.0000,OK
2026-07-07 15:28:04,F1,0.0000,OK
2026-07-07 15:28:14,F1,0.0000,OK
2026-07-07 15:28:24,F1,0.0000,OK
2026-07-07 15:28:35,F1,0.0000,Bajo rango
2026-07-07 15:28:45,F1,0.0000,Bajo rango
2026-07-07 15:28:55,F1,0.0000,OK
2026-07-07 15:29:06,F1,0.0000,OK
2026-07-07 15:29:16,F1,0.0000,Bajo rango
2026-07-07 15:29:26,F1,0.0000,Bajo rango
2026-07-07 15:29:37,F1,0.0000,OK
2026-07-07 15:29:47,F1,0.0000,OK
2026-07-07 15:29:57,F1,0.0000,OK
2026-07-07 15:30:08,F1,0.0000,Bajo rango
2026-07-07 15:30:18,F1,0.0000,Bajo rango
2026-07-07 15:30:28,F1,0.0000,OK
2026-07-07 15:30:39,F1,0.0000,Bajo rango
2026-07-07 15:30:49,F1,0.0000,Bajo rango
2026-07-07 15:30:59,F1,0.0000,OK
2026-07-07 15:31:10,F1,0.0000,Bajo rango
2026-07-07 15:31:20,F1,0.0000,Bajo rango
2026-07-07 15:31:30,F1,0.0000,OK
2026-07-07 15:31:41,F1,0.0000,Bajo rango
2026-07-07 15:31:51,F1,0.0000,Bajo rango
2026-07-07 15:32:01,F1,0.0000,Bajo rango
2026-07-07 15:32:12,F1,0.0000,Bajo rango
2026-07-07 15:32:22,F1,0.0000,OK
2026-07-07 15:32:32,F1,0.0000,OK
2026-07-07 15:32:43,F1,0.0000,Bajo rango
2026-07-07 15:32:53,F1,0.0000,Bajo rango
2026-07-07 15:33:03,F1,0.0000,Bajo rango
2026-07-07 15:33:14,F1,0.0000,Bajo rango
2026-07-07 15:33:24,F1,0.0000,Bajo rango
2026-07-07 15:33:34,F1,0.0000,Bajo rango
2026-07-07 15:33:44,F1,0.0000,Bajo rango
2026-07-07 15:33:55,F1,0.0000,Bajo rango
2026-07-07 15:34:05,F1,0.0000,OK
2026-07-07 15:34:15,F1,0.0000,OK
2026-07-07 15:34:26,F1,0.0000,OK
2026-07-07 15:34:36,F1,0.0000,Bajo rango
2026-07-07 15:34:47,F1,0.0000,OK
2026-07-07 15:34:57,F1,0.0000,Bajo rango
2026-07-07 15:35:07,F1,0.0000,Bajo rango
2026-07-07 15:35:18,F1,0.0000,OK
2026-07-07 15:35:28,F1,0.0000,OK
2026-07-07 15:35:38,F1,0.0000,Bajo rango
2026-07-07 15:35:49,F1,0.0000,Bajo rango
2026-07-07 15:35:59,F1,0.0000,OK
2026-07-07 15:36:09,F1,0.0000,OK
2026-07-07 15:36:20,F1,0.0000,Bajo rango
2026-07-07 15:36:30,F1,0.0000,OK
2026-07-07 15:36:40,F1,0.0000,OK
2026-07-07 15:36:51,F1,0.0000,OK
2026-07-07 15:37:01,F1,0.0000,OK
2026-07-07 15:37:11,F1,0.0000,OK
2026-07-07 15:37:22,F1,0.0000,OK
2026-07-07 15:37:32,F1,0.0000,OK
2026-07-07 15:37:42,F1,0.0000,OK
2026-07-07 15:37:53,F1,0.0000,OK
2026-07-07 15:38:03,F1,0.0000,OK
2026-07-07 15:38:13,F1,0.0000,OK
2026-07-07 15:38:24,F1,0.0000,OK
2026-07-07 15:38:34,F1,0.0000,Bajo rango
2026-07-07 15:38:44,F1,0.0000,OK
2026-07-07 15:38:55,F1,0.0000,OK
2026-07-07 15:39:05,F1,0.0000,OK
2026-07-07 15:39:15,F1,0.0000,OK
2026-07-07 15:39:26,F1,0.0000,OK
2026-07-07 15:39:36,F1,0.0000,OK
2026-07-07 15:39:46,F1,0.0000,Bajo rango
2026-07-07 15:39:57,F1,0.0000,OK
2026-07-07 15:40:07,F1,0.0000,OK
2026-07-07 15:40:17,F1,0.0000,OK
2026-07-07 15:40:28,F1,0.0000,OK
2026-07-07 15:40:38,F1,0.0000,OK
2026-07-07 15:40:48,F1,0.0000,OK
2026-07-07 15:40:59,F1,0.0000,OK
2026-07-07 15:41:09,F1,0.0000,OK
2026-07-07 15:41:19,F1,0.0000,Bajo rango
2026-07-07 15:41:30,F1,0.0000,OK
2026-07-07 15:41:40,F1,0.0000,Bajo rango
2026-07-07 15:41:50,F1,0.0000,OK
2026-07-07 15:42:01,F1,0.0000,Bajo rango
2026-07-07 15:42:11,F1,0.0000,Bajo rango
2026-07-07 15:42:21,F1,0.0000,OK
2026-07-07 15:42:32,F1,0.0000,Bajo rango
2026-07-07 15:42:42,F1,0.0000,Bajo rango
2026-07-07 15:42:52,F1,0.0000,OK
2026-07-07 15:43:03,F1,0.0000,Bajo rango
2026-07-07 15:43:13,F1,0.0000,Bajo rango
2026-07-07 15:43:23,F1,0.0000,OK
2026-07-07 15:43:34,F1,0.0000,Bajo rango
2026-07-07 15:43:44,F1,0.0000,Bajo rango
2026-07-07 15:43:54,F1,0.0000,OK
2026-07-07 15:44:05,F1,0.0000,Bajo rango
2026-07-07 15:44:15,F1,0.0000,Bajo rango
2026-07-07 15:44:25,F1,0.0000,Bajo rango
2026-07-07 15:44:36,F1,0.0000,Bajo rango
2026-07-07 15:44:46,F1,0.0000,Bajo rango
2026-07-07 15:44:56,F1,0.0000,Bajo rango
2026-07-07 15:45:07,F1,0.0000,Bajo rango
2026-07-07 15:45:17,F1,0.0000,Bajo rango
2026-07-07 15:45:27,F1,0.0000,OK
2026-07-07 15:45:38,F1,0.0000,Bajo rango
2026-07-07 15:45:48,F1,0.0000,Bajo rango
2026-07-07 15:45:58,F1,0.0000,Bajo rango
2026-07-07 15:46:09,F1,0.0000,Bajo rango
2026-07-07 15:46:19,F1,0.0000,Bajo rango
2026-07-07 15:46:29,F1,0.0000,Bajo rango
2026-07-07 15:46:40,F1,0.0000,OK
2026-07-07 15:46:50,F1,0.0000,OK
2026-07-07 15:47:00,F1,0.0000,Bajo rango
2026-07-07 15:47:11,F1,0.0000,OK
2026-07-07 15:47:21,F1,0.0000,OK
2026-07-07 15:47:31,F1,0.0000,Bajo rango
2026-07-07 15:47:42,F1,0.0000,Bajo rango
2026-07-07 15:47:52,F1,0.0000,OK
2026-07-07 15:48:02,F1,0.0000,OK
2026-07-07 15:48:13,F1,0.0000,Bajo rango
2026-07-07 15:48:23,F1,0.0000,OK
2026-07-07 15:48:33,F1,0.0000,Bajo rango
2026-07-07 15:48:44,F1,0.0000,Bajo rango
2026-07-07 15:48:54,F1,0.0000,Bajo rango
2026-07-07 15:49:04,F1,0.0000,Bajo rango
2026-07-07 15:49:15,F1,0.0000,Bajo rango
2026-07-07 15:49:25,F1,0.0000,Bajo rango
2026-07-07 15:49:35,F1,0.0000,Bajo rango
2026-07-07 15:49:46,F1,0.0000,OK
2026-07-07 15:49:56,F1,0.0000,OK
2026-07-07 15:50:06,F1,0.0000,Bajo rango
2026-07-07 15:50:17,F1,0.0000,Bajo rango
2026-07-07 15:50:27,F1,0.0000,Bajo rango
2026-07-07 15:50:37,F1,0.0000,Bajo rango
2026-07-07 15:50:48,F1,0.0000,OK
2026-07-07 15:50:58,F1,0.0000,Bajo rango
2026-07-07 15:51:08,F1,0.0000,Bajo rango
2026-07-07 15:51:19,F1,0.0000,OK
2026-07-07 15:51:29,F1,0.0000,OK
2026-07-07 15:51:39,F1,0.0000,OK
2026-07-07 15:51:50,F1,0.0000,OK
2026-07-07 15:52:00,F1,0.0000,Bajo rango
2026-07-07 15:52:10,F1,0.0000,OK
2026-07-07 15:52:21,F1,0.0000,OK
2026-07-07 15:52:31,F1,0.0000,OK
2026-07-07 15:52:41,F1,0.0000,OK
2026-07-07 15:52:52,F1,0.0000,Bajo rango
2026-07-07 15:53:02,F1,0.0000,OK
2026-07-07 15:53:12,F1,0.0000,OK
2026-07-07 15:53:23,F1,0.0000,OK
2026-07-07 15:53:33,F1,0.0000,OK
2026-07-07 15:53:43,F1,0.0000,OK
2026-07-07 15:53:54,F1,0.0000,Bajo rango
2026-07-07 15:54:04,F1,0.0000,OK
2026-07-07 15:54:14,F1,0.0000,OK
2026-07-07 15:54:25,F1,0.0000,Bajo rango
2026-07-07 15:54:35,F1,0.0000,OK
2026-07-07 15:54:45,F1,0.0000,Bajo rango
2026-07-07 15:54:56,F1,0.0000,OK
2026-07-07 15:55:06,F1,0.0000,Bajo rango
2026-07-07 15:55:16,F1,0.0000,Bajo rango
2026-07-07 15:55:27,F1,0.0000,OK
2026-07-07 15:55:37,F1,0.0000,OK
2026-07-07 15:55:47,F1,0.0000,OK
2026-07-07 15:55:58,F1,0.0000,OK
2026-07-07 15:56:08,F1,0.0000,OK
2026-07-07 15:56:18,F1,0.0000,Bajo rango
2026-07-07 15:56:29,F1,0.0000,OK
2026-07-07 15:56:39,F1,0.0000,OK
2026-07-07 15:56:49,F1,0.0000,OK
2026-07-07 15:57:00,F1,0.0000,OK
2026-07-07 15:57:10,F1,0.0000,OK
2026-07-07 15:57:20,F1,0.0000,OK
2026-07-07 15:57:31,F1,0.0000,OK
2026-07-07 15:57:41,F1,0.0000,Bajo rango
2026-07-07 15:57:51,F1,0.0000,OK
2026-07-07 15:58:02,F1,0.0000,OK
2026-07-07 15:58:12,F1,0.0000,Bajo rango
2026-07-07 15:58:22,F1,0.0000,OK
2026-07-07 15:58:33,F1,0.0000,Bajo rango
2026-07-07 15:58:43,F1,0.0000,OK
2026-07-07 15:58:53,F1,0.0000,OK
2026-07-07 15:59:04,F1,0.0000,OK
2026-07-07 15:59:14,F1,0.0000,OK
2026-07-07 15:59:24,F1,0.0000,OK
2026-07-07 15:59:35,F1,0.0000,OK
2026-07-07 15:59:45,F1,0.0000,OK
2026-07-07 15:59:55,F1,0.0000,Bajo rango
2026-07-07 16:00:06,F1,0.0000,OK
2026-07-07 16:00:16,F1,0.0000,OK
2026-07-07 16:00:26,F1,0.0000,OK
2026-07-07 16:00:37,F1,0.0000,OK
2026-07-07 16:00:47,F1,0.0000,OK
2026-07-07 16:00:57,F1,0.0000,OK
2026-07-07 16:01:08,F1,0.0000,OK
2026-07-07 16:01:18,F1,0.0000,Bajo rango
2026-07-07 16:01:28,F1,0.0000,Bajo rango
2026-07-07 16:01:39,F1,0.0000,OK
2026-07-07 16:01:49,F1,0.0000,OK
2026-07-07 16:01:59,F1,0.0000,OK
2026-07-07 16:02:10,F1,0.0000,Bajo rango
2026-07-07 16:02:20,F1,0.0000,OK
2026-07-07 16:02:30,F1,0.0000,Bajo rango
2026-07-07 16:02:41,F1,0.0000,Bajo rango
2026-07-07 16:02:51,F1,0.0000,Bajo rango
2026-07-07 16:03:01,F1,0.0000,Bajo rango
2026-07-07 16:03:12,F1,0.0000,Bajo rango
2026-07-07 16:03:22,F1,0.0000,Bajo rango
2026-07-07 16:03:33,F1,0.0000,Bajo rango
2026-07-07 16:03:43,F1,0.0000,Bajo rango
2026-07-07 16:03:53,F1,0.0000,Bajo rango
2026-07-07 16:04:03,F1,0.0000,Bajo rango
2026-07-07 16:04:14,F1,0.0000,OK
2026-07-07 16:04:24,F1,0.0000,Bajo rango
2026-07-07 16:04:35,F1,0.0000,Bajo rango
2026-07-07 16:04:45,F1,0.0000,Bajo rango
2026-07-07 16:04:55,F1,0.0000,Bajo rango
2026-07-07 16:05:06,F1,0.0000,Bajo rango
2026-07-07 16:05:16,F1,0.0000,Bajo rango
2026-07-07 16:05:26,F1,0.0000,Bajo rango
2026-07-07 16:05:37,F1,0.0000,Bajo rango
2026-07-07 16:05:47,F1,0.0000,Bajo rango
2026-07-07 16:05:58,F1,0.0000,OK
2026-07-07 16:06:08,F1,0.0000,OK
2026-07-07 16:06:18,F1,0.0000,OK
2026-07-07 16:06:29,F1,0.0000,OK
2026-07-07 16:06:39,F1,0.0000,OK
2026-07-07 16:06:49,F1,0.0000,Bajo rango
2026-07-07 16:07:00,F1,0.0000,Bajo rango
2026-07-07 16:07:10,F1,0.0000,OK
2026-07-07 16:07:20,F1,0.0000,OK
2026-07-07 16:07:31,F1,0.0000,Bajo rango
2026-07-07 16:07:41,F1,0.0000,OK
2026-07-07 16:07:51,F1,0.0000,Bajo rango
2026-07-07 16:08:02,F1,0.0000,OK
2026-07-07 16:08:12,F1,0.0000,OK
2026-07-07 16:08:22,F1,0.0000,Bajo rango
2026-07-07 16:08:33,F1,0.0000,Bajo rango
2026-07-07 16:08:43,F1,0.0000,OK
2026-07-07 16:08:53,F1,0.0000,Bajo rango
2026-07-07 16:09:04,F1,0.0000,Bajo rango
2026-07-07 16:09:14,F1,0.0000,Bajo rango
2026-07-07 16:09:24,F1,0.0000,Bajo rango
2026-07-07 16:09:34,F1,0.0000,OK
2026-07-07 16:09:45,F1,0.0000,OK
2026-07-07 16:09:55,F1,0.0000,OK
2026-07-07 16:10:05,F1,0.0000,OK
2026-07-07 16:10:16,F1,0.0000,OK
2026-07-07 16:10:26,F1,0.0000,OK
2026-07-07 16:10:37,F1,0.0000,Bajo rango
2026-07-07 16:10:47,F1,0.0000,Bajo rango
2026-07-07 16:10:57,F1,0.0000,Bajo rango
2026-07-07 16:11:08,F1,0.0000,OK
2026-07-07 16:11:18,F1,0.0000,Bajo rango
2026-07-07 16:11:28,F1,0.0000,Bajo rango
2026-07-07 16:11:39,F1,0.0000,Bajo rango
2026-07-07 16:11:49,F1,0.0000,Bajo rango
2026-07-07 16:11:59,F1,0.0000,OK
2026-07-07 16:12:10,F1,0.0000,Bajo rango
2026-07-07 16:12:20,F1,0.0000,Bajo rango
2026-07-07 16:12:30,F1,0.0000,OK
2026-07-07 16:12:41,F1,0.0000,Bajo rango
2026-07-07 16:12:51,F1,0.0000,Bajo rango
2026-07-07 16:13:01,F1,0.0000,OK
2026-07-07 16:13:12,F1,0.0000,Bajo rango
2026-07-07 16:13:22,F1,0.0000,OK
2026-07-07 16:13:32,F1,0.0000,OK
2026-07-07 16:13:43,F1,0.0000,OK
2026-07-07 16:13:53,F1,0.0000,Bajo rango
2026-07-07 16:14:03,F1,0.0000,Bajo rango
2026-07-07 16:14:14,F1,0.0000,OK
2026-07-07 16:14:24,F1,0.0000,OK
2026-07-07 16:14:34,F1,0.0000,Bajo rango
2026-07-07 16:14:45,F1,0.0000,OK
2026-07-07 16:14:55,F1,0.0000,Bajo rango
2026-07-07 16:15:05,F1,0.0000,Bajo rango
2026-07-07 16:15:16,F1,0.0000,Bajo rango
2026-07-07 16:15:26,F1,0.0000,OK
2026-07-07 16:15:36,F1,0.0000,OK
2026-07-07 16:15:47,F1,0.0000,OK
2026-07-07 16:15:57,F1,0.0000,OK
2026-07-07 16:16:07,F1,0.0000,Bajo rango
2026-07-07 16:16:18,F1,0.0000,OK
2026-07-07 16:16:28,F1,0.0000,OK
2026-07-07 16:16:38,F1,0.0000,OK
2026-07-07 16:16:49,F1,0.0000,OK
2026-07-07 16:16:59,F1,0.0000,OK
2026-07-07 16:17:09,F1,0.0000,OK
2026-07-07 16:17:20,F1,0.0000,OK
2026-07-07 16:17:30,F1,0.0000,Bajo rango
2026-07-07 16:17:40,F1,0.0000,OK
2026-07-07 16:17:51,F1,0.0000,Bajo rango
2026-07-07 16:18:01,F1,0.0000,Bajo rango
2026-07-07 16:18:11,F1,0.0000,OK
2026-07-07 16:18:22,F1,0.0000,OK
2026-07-07 16:18:32,F1,0.0000,OK
2026-07-07 16:18:42,F1,0.0000,Bajo rango
2026-07-07 16:18:53,F1,0.0000,Bajo rango
2026-07-07 16:19:03,F1,0.0000,OK
2026-07-07 16:19:13,F1,0.0000,OK
2026-07-07 16:19:24,F1,0.0000,Bajo rango
2026-07-07 16:19:34,F1,0.0000,OK
2026-07-07 16:19:44,F1,0.0000,OK
2026-07-07 16:19:55,F1,0.0000,OK
2026-07-07 16:20:05,F1,0.0000,Bajo rango
2026-07-07 16:20:15,F1,0.0000,Bajo rango
2026-07-07 16:20:26,F1,0.0000,OK
2026-07-07 16:20:36,F1,0.0000,Bajo rango
2026-07-07 16:20:46,F1,0.0000,Bajo rango
2026-07-07 16:20:57,F1,0.0000,Bajo rango
2026-07-07 16:21:07,F1,0.0000,OK
2026-07-07 16:21:17,F1,0.0000,OK
2026-07-07 16:21:28,F1,0.0000,Bajo rango
2026-07-07 16:21:38,F1,0.0000,OK
2026-07-07 16:21:48,F1,0.0000,Bajo rango
2026-07-07 16:21:59,F1,0.0000,Bajo rango
2026-07-07 16:22:09,F1,0.0000,OK
2026-07-07 16:22:19,F1,0.0000,Bajo rango
2026-07-07 16:22:30,F1,0.0000,Bajo rango
2026-07-07 16:22:40,F1,0.0000,Bajo rango
2026-07-07 16:22:50,F1,0.0000,OK
2026-07-07 16:23:01,F1,0.0000,OK
2026-07-07 16:23:11,F1,0.0000,OK
2026-07-07 16:23:21,F1,0.0000,OK
2026-07-07 16:23:32,F1,0.0000,Bajo rango
2026-07-07 16:23:42,F1,0.0000,Bajo rango
2026-07-07 16:23:52,F1,0.0000,OK
2026-07-07 16:24:03,F1,0.0000,Bajo rango
2026-07-07 16:24:13,F1,0.0000,Bajo rango
2026-07-07 16:24:23,F1,0.0000,Bajo rango
2026-07-07 16:24:34,F1,0.0000,Bajo rango
2026-07-07 16:24:44,F1,0.0000,Bajo rango
2026-07-07 16:24:54,F1,0.0000,Bajo rango
2026-07-07 16:25:05,F1,0.0000,Bajo rango
2026-07-07 16:25:15,F1,0.0000,Bajo rango
2026-07-07 16:25:25,F1,0.0000,Bajo rango
2026-07-07 16:25:36,F1,0.0000,Bajo rango
2026-07-07 16:25:46,F1,0.0000,Bajo rango
2026-07-07 16:25:57,F1,0.0000,Bajo rango
2026-07-07 16:26:07,F1,0.0000,OK
2026-07-07 16:26:17,F1,0.0000,OK
2026-07-07 16:26:27,F1,0.0000,Bajo rango
2026-07-07 16:26:38,F1,0.0000,Bajo rango
2026-07-07 16:26:48,F1,0.0000,Bajo rango
2026-07-07 16:26:58,F1,0.0000,Bajo rango
2026-07-07 16:27:09,F1,0.0000,Bajo rango
2026-07-07 16:27:19,F1,0.0000,OK
2026-07-07 16:27:29,F1,0.0000,OK
2026-07-07 16:27:40,F1,0.0000,OK
2026-07-07 16:27:50,F1,0.0000,Bajo rango
2026-07-07 16:28:00,F1,0.0000,Bajo rango
2026-07-07 16:28:11,F1,0.0000,Bajo rango
2026-07-07 16:28:21,F1,0.0000,OK
2026-07-07 16:28:32,F1,0.0000,Bajo rango
2026-07-07 16:28:42,F1,0.0000,Bajo rango
2026-07-07 16:28:52,F1,0.0000,Bajo rango
2026-07-07 16:29:03,F1,0.0000,OK
2026-07-07 16:29:13,F1,0.0000,OK
2026-07-07 16:29:23,F1,0.0000,Bajo rango
2026-07-07 16:29:34,F1,0.0000,OK
2026-07-07 16:29:44,F1,0.0000,Bajo rango
2026-07-07 16:29:54,F1,0.0000,Bajo rango
2026-07-07 16:30:05,F1,0.0000,Bajo rango
2026-07-07 16:30:15,F1,0.0000,Bajo rango
2026-07-07 16:30:25,F1,0.0000,Bajo rango
2026-07-07 16:30:36,F1,0.0000,Bajo rango
2026-07-07 16:30:46,F1,0.0000,OK
2026-07-07 16:30:56,F1,0.0000,OK
2026-07-07 16:31:07,F1,0.0000,Bajo rango
2026-07-07 16:31:17,F1,0.0000,Bajo rango
2026-07-07 16:31:27,F1,0.0000,OK
2026-07-07 16:31:38,F1,0.0000,Bajo rango
2026-07-07 16:31:48,F1,0.0000,Bajo rango
2026-07-07 16:31:58,F1,0.0000,Bajo rango
2026-07-07 16:32:09,F1,0.0000,Bajo rango
2026-07-07 16:32:19,F1,0.0000,Bajo rango
2026-07-07 16:32:29,F1,0.0000,Bajo rango
2026-07-07 16:32:40,F1,0.0000,Bajo rango
2026-07-07 16:32:50,F1,0.0000,Bajo rango
2026-07-07 16:33:00,F1,0.0000,Bajo rango
2026-07-07 16:33:11,F1,0.0000,OK
2026-07-07 16:33:21,F1,0.0000,OK
2026-07-07 16:33:31,F1,0.0000,Bajo rango
2026-07-07 16:33:42,F1,0.0000,OK
2026-07-07 16:33:52,F1,0.0000,Bajo rango
2026-07-07 16:34:02,F1,0.0000,Bajo rango
2026-07-07 16:34:13,F1,0.0000,Bajo rango
2026-07-07 16:34:23,F1,0.0000,Bajo rango
2026-07-07 16:34:33,F1,0.0000,OK
2026-07-07 16:34:44,F1,0.0000,Bajo rango
2026-07-07 16:34:54,F1,0.0000,Bajo rango
2026-07-07 16:35:04,F1,0.0000,Bajo rango
2026-07-07 16:35:15,F1,0.0000,OK
2026-07-07 16:35:25,F1,0.0000,OK
2026-07-07 16:35:35,F1,0.0000,OK
2026-07-07 16:35:46,F1,0.0000,Bajo rango
2026-07-07 16:35:56,F1,0.0000,Bajo rango
2026-07-07 16:36:06,F1,0.0000,Bajo rango
2026-07-07 16:36:17,F1,0.0000,Bajo rango
2026-07-07 16:36:27,F1,0.0000,OK
2026-07-07 16:36:37,F1,0.0000,OK
2026-07-07 16:36:48,F1,0.0000,Bajo rango
2026-07-07 16:36:58,F1,0.0000,Bajo rango
2026-07-07 16:37:08,F1,0.0000,Bajo rango
2026-07-07 16:37:19,F1,0.0000,OK
2026-07-07 16:37:29,F1,0.0000,Bajo rango
2026-07-07 16:37:39,F1,0.0000,OK
2026-07-07 16:37:50,F1,0.0000,Bajo rango
2026-07-07 16:38:00,F1,0.0000,OK
2026-07-07 16:38:10,F1,0.0000,OK
2026-07-07 16:38:21,F1,0.0000,OK
2026-07-07 16:38:31,F1,0.0000,Bajo rango
2026-07-07 16:38:41,F1,0.0000,OK
2026-07-07 16:38:52,F1,0.0000,OK
2026-07-07 16:39:02,F1,0.0000,Bajo rango
2026-07-07 16:39:12,F1,0.0000,OK
2026-07-07 16:39:23,F1,0.0000,OK
2026-07-07 16:39:33,F1,0.0000,Bajo rango
2026-07-07 16:39:43,F1,0.0000,OK
2026-07-07 16:39:54,F1,0.0000,OK
2026-07-07 16:40:04,F1,0.0000,OK
2026-07-07 16:40:14,F1,0.0000,Bajo rango
2026-07-07 16:40:25,F1,0.0000,OK
2026-07-07 16:40:35,F1,0.0000,Bajo rango
2026-07-07 16:40:45,F1,0.0000,OK
2026-07-07 16:40:56,F1,0.0000,Bajo rango
2026-07-07 16:41:06,F1,0.0000,OK
2026-07-07 16:41:16,F1,0.0000,OK
2026-07-07 16:41:27,F1,0.0000,Bajo rango
2026-07-07 16:41:37,F1,0.0000,Bajo rango
2026-07-07 16:41:47,F1,0.0000,Bajo rango
2026-07-07 16:41:58,F1,0.0000,Bajo rango
2026-07-07 16:42:08,F1,0.0000,Bajo rango
2026-07-07 16:42:18,F1,0.0000,Bajo rango
2026-07-07 16:42:29,F1,0.0000,OK
2026-07-07 16:42:39,F1,0.0000,Bajo rango
2026-07-07 16:42:49,F1,0.0000,Bajo rango
2026-07-07 16:43:00,F1,0.0000,OK
2026-07-07 16:43:10,F1,0.0000,Bajo rango
2026-07-07 16:43:20,F1,0.0000,Bajo rango
2026-07-07 16:43:31,F1,0.0000,OK
2026-07-07 16:43:41,F1,0.0000,OK
2026-07-07 16:43:51,F1,0.0000,OK
2026-07-07 16:44:02,F1,0.0000,Bajo rango
2026-07-07 16:44:12,F1,0.0000,OK
2026-07-07 16:44:22,F1,0.0000,OK
2026-07-07 16:44:33,F1,0.0000,Bajo rango
2026-07-07 16:44:43,F1,0.0000,Bajo rango
2026-07-07 16:44:53,F1,0.0000,OK
2026-07-07 16:45:04,F1,0.0000,OK
2026-07-07 16:45:14,F1,0.0000,OK
2026-07-07 16:45:25,F1,0.0000,Bajo rango
2026-07-07 16:45:35,F1,0.0000,Bajo rango
2026-07-07 16:45:45,F1,0.0000,Bajo rango
2026-07-07 16:45:55,F1,0.0000,Bajo rango
2026-07-07 16:46:06,F1,0.0000,Bajo rango
2026-07-07 16:46:16,F1,0.0000,OK
2026-07-07 16:46:26,F1,0.0000,OK
2026-07-07 16:46:37,F1,0.0000,Bajo rango
2026-07-07 16:46:47,F1,0.0000,Bajo rango
2026-07-07 16:46:57,F1,0.0000,Bajo rango
2026-07-07 16:47:08,F1,0.0000,Bajo rango
2026-07-07 16:47:18,F1,0.0000,OK
2026-07-07 16:47:28,F1,0.0000,OK
2026-07-07 16:47:39,F1,0.0000,Bajo rango
2026-07-07 16:47:49,F1,0.0000,OK
2026-07-07 16:48:00,F1,0.0000,OK
2026-07-07 16:48:10,F1,0.0000,Bajo rango
2026-07-07 16:48:20,F1,0.0000,Bajo rango
2026-07-07 16:48:31,F1,0.0000,OK
2026-07-07 16:48:41,F1,0.0000,OK
2026-07-07 16:48:51,F1,0.0000,OK
2026-07-07 16:49:02,F1,0.0000,OK
2026-07-07 16:49:12,F1,0.0000,OK
2026-07-07 16:49:22,F1,0.0000,Bajo rango
2026-07-07 16:49:33,F1,0.0000,OK
2026-07-07 16:49:43,F1,0.0000,OK
2026-07-07 16:49:53,F1,0.0000,OK
2026-07-07 16:50:04,F1,0.0000,Bajo rango
2026-07-07 16:50:14,F1,0.0000,OK
2026-07-07 16:50:24,F1,0.0000,Bajo rango
2026-07-07 16:50:35,F1,0.0000,Bajo rango
2026-07-07 16:50:45,F1,0.0000,Bajo rango
2026-07-07 16:50:55,F1,0.0000,Bajo rango
2026-07-07 16:51:06,F1,8.9184,OK
2026-07-07 16:51:16,F1,0.0000,OK
2026-07-07 16:51:27,F1,0.0000,OK
2026-07-07 16:51:37,F1,0.0000,OK
2026-07-07 16:51:48,F1,0.0000,OK
2026-07-07 16:51:58,F1,0.0000,OK
2026-07-07 16:52:08,F1,0.0000,OK
2026-07-07 16:52:19,F1,0.0000,OK
2026-07-07 16:52:29,F1,0.0000,OK
2026-07-07 16:52:39,F1,0.0000,OK
2026-07-07 16:52:50,F1,0.0000,OK
2026-07-07 16:53:00,F1,0.0000,OK
2026-07-07 16:53:10,F1,0.0000,OK
2026-07-07 16:53:21,F1,0.0000,OK
2026-07-07 16:53:31,F1,0.0000,OK
2026-07-07 16:53:41,F1,0.0000,OK
2026-07-07 16:53:51,F1,0.0000,OK
2026-07-07 16:54:02,F1,0.0000,OK
2026-07-07 16:54:12,F1,0.0000,OK
2026-07-07 16:54:22,F1,0.0000,OK
2026-07-07 16:54:33,F1,0.0000,OK
2026-07-07 16:54:43,F1,0.0000,OK
2026-07-07 16:54:53,F1,0.0000,OK
2026-07-07 16:55:04,F1,0.0000,Bajo rango
2026-07-07 16:55:14,F1,0.0000,OK
2026-07-07 16:55:25,F1,0.0000,OK
2026-07-07 16:55:35,F1,0.0000,OK
2026-07-07 16:55:45,F1,0.0000,Bajo rango
2026-07-07 16:55:56,F1,0.0000,OK
2026-07-07 16:56:06,F1,0.0000,OK
2026-07-07 16:56:16,F1,0.0000,OK
2026-07-07 16:56:26,F1,0.0000,OK
2026-07-07 16:56:37,F1,0.0000,OK
2026-07-07 16:56:47,F1,0.0000,OK
2026-07-07 16:56:58,F1,0.0000,OK
2026-07-07 16:57:08,F1,0.0000,OK
2026-07-07 16:57:18,F1,0.0000,OK
2026-07-07 16:57:28,F1,0.0000,OK
2026-07-07 16:57:39,F1,0.0000,OK
2026-07-07 16:57:49,F1,0.0000,OK
2026-07-07 16:57:59,F1,0.0000,OK
2026-07-07 16:58:10,F1,0.0000,OK
2026-07-07 16:58:20,F1,0.0000,OK
2026-07-07 16:58:30,F1,0.0000,OK
2026-07-07 16:58:41,F1,0.0000,Bajo rango
2026-07-07 16:58:51,F1,0.0000,OK
2026-07-07 16:59:01,F1,0.0000,OK
2026-07-07 16:59:12,F1,0.0000,OK
2026-07-07 16:59:22,F1,0.0000,OK
2026-07-07 16:59:33,F1,0.0000,OK
2026-07-07 16:59:43,F1,0.0000,OK
2026-07-07 16:59:53,F1,0.0000,OK
2026-07-07 17:00:04,F1,0.0000,OK
2026-07-07 17:00:14,F1,0.0000,OK
2026-07-07 17:00:24,F1,0.0000,OK
2026-07-07 17:00:35,F1,0.0000,OK
2026-07-07 17:00:45,F1,0.0000,OK
2026-07-07 17:00:55,F1,0.0000,OK
2026-07-07 17:01:06,F1,0.0000,OK
2026-07-07 17:01:16,F1,0.0000,OK
2026-07-07 17:01:26,F1,0.0000,OK
2026-07-07 17:01:37,F1,0.0000,OK
2026-07-07 17:01:47,F1,0.0000,OK
2026-07-07 17:01:57,F1,0.0000,OK
2026-07-07 17:02:08,F1,0.0000,OK
2026-07-07 17:02:18,F1,0.0000,OK
2026-07-07 17:02:28,F1,0.0000,OK
2026-07-07 17:02:39,F1,0.0000,OK
2026-07-07 17:02:49,F1,0.0000,OK
2026-07-07 17:02:59,F1,0.0000,OK
2026-07-07 17:03:10,F1,0.0000,OK
2026-07-07 17:03:20,F1,0.0000,OK
2026-07-07 17:03:30,F1,0.0000,OK
2026-07-07 17:03:41,F1,0.0000,OK
2026-07-07 17:03:51,F1,0.0000,Bajo rango
2026-07-07 17:04:01,F1,0.0000,OK
2026-07-07 17:04:12,F1,0.0000,Bajo rango
2026-07-07 17:04:22,F1,0.0000,Bajo rango
2026-07-07 17:04:32,F1,0.0000,OK
2026-07-07 17:04:43,F1,0.0000,OK
2026-07-07 17:04:53,F1,0.0000,OK
2026-07-07 17:05:03,F1,0.0000,OK
2026-07-07 17:05:14,F1,0.0000,OK
2026-07-07 17:05:24,F1,0.0000,OK
2026-07-07 17:05:34,F1,0.0000,OK
2026-07-07 17:05:45,F1,0.0000,Bajo rango
2026-07-07 17:05:55,F1,0.0000,OK
2026-07-07 17:06:05,F1,0.0000,OK
2026-07-07 17:06:16,F1,0.0000,OK
2026-07-07 17:06:26,F1,0.0000,OK
2026-07-07 17:06:36,F1,0.0000,OK
2026-07-07 17:06:47,F1,0.0000,OK
2026-07-07 17:06:57,F1,0.0000,OK
2026-07-07 17:07:07,F1,0.0000,OK
2026-07-07 17:07:18,F1,0.0000,OK
2026-07-07 17:07:28,F1,0.0000,OK
2026-07-07 17:07:38,F1,0.0000,OK
2026-07-07 17:07:49,F1,0.0000,OK
2026-07-07 17:07:59,F1,0.0000,OK
2026-07-07 17:08:09,F1,0.0000,OK
2026-07-07 17:08:20,F1,0.0000,OK
2026-07-07 17:08:30,F1,0.0000,OK
2026-07-07 17:08:40,F1,0.0000,OK
2026-07-07 17:08:51,F1,0.0000,OK
2026-07-07 17:09:01,F1,0.0000,OK
2026-07-07 17:09:11,F1,0.0000,OK
2026-07-07 17:09:22,F1,0.0000,OK
2026-07-07 17:09:32,F1,0.0000,OK
2026-07-07 17:09:42,F1,0.0000,OK
2026-07-07 17:09:53,F1,0.0000,OK
2026-07-07 17:10:03,F1,0.0000,OK
2026-07-07 17:10:13,F1,0.0000,Bajo rango
2026-07-07 17:10:24,F1,0.0000,OK
2026-07-07 17:10:34,F1,0.0000,Bajo rango
2026-07-07 17:10:44,F1,0.0000,OK
2026-07-07 17:10:55,F1,0.0000,OK
2026-07-07 17:11:05,F1,0.0000,Bajo rango
2026-07-07 17:11:15,F1,0.0000,OK
2026-07-07 17:11:26,F1,0.0000,OK
2026-07-07 17:11:36,F1,0.0000,Bajo rango
2026-07-07 17:11:46,F1,0.0000,OK
2026-07-07 17:11:57,F1,0.0000,Bajo rango
2026-07-07 17:12:07,F1,0.0000,OK
2026-07-07 17:12:17,F1,0.0000,OK
2026-07-07 17:12:28,F1,0.0000,OK
2026-07-07 17:12:38,F1,0.0000,OK
2026-07-07 17:12:48,F1,0.0000,OK
2026-07-07 17:12:59,F1,0.0000,OK
2026-07-07 17:13:09,F1,0.0000,OK
2026-07-07 17:13:19,F1,0.0000,Bajo rango
2026-07-07 17:13:30,F1,0.0000,OK
2026-07-07 17:13:40,F1,0.0000,OK
2026-07-07 17:13:50,F1,0.0000,OK
2026-07-07 17:14:01,F1,0.0000,OK
2026-07-07 17:14:11,F1,0.0000,OK
2026-07-07 17:14:21,F1,0.0000,Bajo rango
2026-07-07 17:14:32,F1,0.0000,OK
2026-07-07 17:14:42,F1,0.0000,Bajo rango
2026-07-07 17:14:52,F1,0.0000,OK
2026-07-07 17:15:03,F1,0.0000,Bajo rango
2026-07-07 17:15:13,F1,0.0000,OK
2026-07-07 17:15:23,F1,0.0000,OK
2026-07-07 17:15:34,F1,0.0000,OK
2026-07-07 17:15:44,F1,0.0000,Bajo rango
2026-07-07 17:15:54,F1,0.0000,Bajo rango
2026-07-07 17:16:05,F1,0.0000,Bajo rango
2026-07-07 17:16:15,F1,0.0000,Bajo rango
2026-07-07 17:16:25,F1,0.0000,OK
2026-07-07 17:16:36,F1,0.0000,Bajo rango
2026-07-07 17:16:46,F1,0.0000,OK
2026-07-07 17:16:56,F1,0.0000,Bajo rango
2026-07-07 17:17:07,F1,0.0000,OK
2026-07-07 17:17:17,F1,0.0000,Bajo rango
2026-07-07 17:17:27,F1,0.0000,OK
2026-07-07 17:17:38,F1,0.0000,OK
2026-07-07 17:17:48,F1,0.0000,OK
2026-07-07 17:17:58,F1,0.0000,Bajo rango
2026-07-07 17:18:09,F1,0.0000,OK
2026-07-07 17:18:19,F1,0.0000,OK
2026-07-07 17:18:29,F1,0.0000,Bajo rango
2026-07-07 17:18:40,F1,0.0000,OK
2026-07-07 17:18:50,F1,0.0000,Bajo rango
2026-07-07 17:19:00,F1,0.0000,OK
2026-07-07 17:19:11,F1,0.0000,Bajo rango
2026-07-07 17:19:21,F1,0.0000,OK
2026-07-07 17:19:31,F1,0.0000,OK
2026-07-07 17:19:42,F1,0.0000,OK
2026-07-07 17:19:52,F1,0.0000,Bajo rango
2026-07-07 17:20:02,F1,0.0000,OK
2026-07-07 17:20:13,F1,0.0000,Bajo rango
2026-07-07 17:20:23,F1,0.0000,OK
2026-07-07 17:20:33,F1,0.0000,OK
2026-07-07 17:20:44,F1,0.0000,Bajo rango
2026-07-07 17:20:54,F1,0.0000,OK
2026-07-07 17:21:04,F1,0.0000,OK
2026-07-07 17:21:15,F1,0.0000,OK
2026-07-07 17:21:25,F1,0.0000,OK
2026-07-07 17:21:35,F1,0.0000,OK
2026-07-07 17:21:46,F1,0.0000,Bajo rango
2026-07-07 17:21:56,F1,0.0000,OK
2026-07-07 17:22:06,F1,0.0000,OK
2026-07-07 17:22:17,F1,0.0000,OK
2026-07-07 17:22:27,F1,0.0000,OK
2026-07-07 17:22:37,F1,0.0000,OK
2026-07-07 17:22:48,F1,0.0000,OK
2026-07-07 17:22:58,F1,0.0000,OK
2026-07-07 17:23:08,F1,0.0000,OK
2026-07-07 17:23:19,F1,0.0000,Bajo rango
2026-07-07 17:23:29,F1,0.0000,Bajo rango
2026-07-07 17:23:39,F1,0.0000,OK
2026-07-07 17:23:50,F1,0.0000,Bajo rango
2026-07-07 17:24:00,F1,0.0000,OK
2026-07-07 17:24:10,F1,0.0000,OK
2026-07-07 17:24:21,F1,0.0000,OK
2026-07-07 17:24:31,F1,0.0000,OK
2026-07-07 17:24:41,F1,0.0000,Bajo rango
2026-07-07 17:24:52,F1,0.0000,OK
2026-07-07 17:25:02,F1,0.0000,OK
2026-07-07 17:25:12,F1,0.0000,OK
2026-07-07 17:25:23,F1,0.0000,OK
2026-07-07 17:25:33,F1,0.0000,OK
2026-07-07 17:25:43,F1,0.0000,OK
2026-07-07 17:25:54,F1,0.0000,OK
2026-07-07 17:26:04,F1,0.0000,OK
2026-07-07 17:26:14,F1,0.0000,Bajo rango
2026-07-07 17:26:25,F1,0.0000,OK
2026-07-07 17:26:35,F1,0.0000,OK
2026-07-07 17:26:45,F1,0.0000,Bajo rango
2026-07-07 17:26:56,F1,0.0000,Bajo rango
2026-07-07 17:27:06,F1,0.0000,Bajo rango
2026-07-07 17:27:16,F1,0.0000,Bajo rango
2026-07-07 17:27:27,F1,0.0000,OK
2026-07-07 17:27:37,F1,0.0000,OK
2026-07-07 17:27:47,F1,0.0000,OK
2026-07-07 17:27:58,F1,0.0000,OK
2026-07-07 17:28:08,F1,0.0000,OK
2026-07-07 17:28:18,F1,0.0000,OK
2026-07-07 17:28:29,F1,0.0000,OK
2026-07-07 17:28:39,F1,0.0000,OK
2026-07-07 17:28:49,F1,0.0000,OK
2026-07-07 17:29:00,F1,0.0000,OK
2026-07-07 17:29:10,F1,0.0000,OK
2026-07-07 17:29:20,F1,0.0000,Bajo rango
2026-07-07 17:29:31,F1,0.0000,Bajo rango
2026-07-07 17:29:41,F1,0.0000,OK
2026-07-07 17:29:51,F1,0.0000,OK
2026-07-07 17:30:02,F1,0.0000,Bajo rango
2026-07-07 17:30:12,F1,0.0000,OK
2026-07-07 17:30:22,F1,0.0000,Bajo rango
2026-07-07 17:30:33,F1,0.0000,OK
2026-07-07 17:30:43,F1,0.0000,Bajo rango
2026-07-07 17:30:53,F1,0.0000,OK
2026-07-07 17:31:04,F1,0.0000,OK
2026-07-07 17:31:14,F1,0.0000,OK
2026-07-07 17:31:24,F1,0.0000,OK
2026-07-07 17:31:35,F1,0.0000,OK
2026-07-07 17:31:45,F1,0.0000,OK
2026-07-07 17:31:55,F1,0.0000,OK
2026-07-07 17:32:06,F1,0.0000,Bajo rango
2026-07-07 17:32:16,F1,0.0000,OK
2026-07-07 17:32:26,F1,0.0000,OK
2026-07-07 17:32:37,F1,0.0000,OK
2026-07-07 17:32:47,F1,0.0000,OK
2026-07-07 17:32:57,F1,0.0000,Bajo rango
2026-07-07 17:33:08,F1,0.0000,OK
2026-07-07 17:33:18,F1,0.0000,OK
2026-07-07 17:33:29,F1,0.0000,OK
2026-07-07 17:33:39,F1,0.0000,Bajo rango
2026-07-07 17:33:49,F1,0.0000,Bajo rango
2026-07-07 17:33:59,F1,0.0000,OK
2026-07-07 17:34:10,F1,0.0000,OK
2026-07-07 17:34:20,F1,0.0000,OK
2026-07-07 17:34:31,F1,0.0000,Bajo rango
2026-07-07 17:34:41,F1,0.0000,Bajo rango
2026-07-07 17:34:51,F1,0.0000,Bajo rango
2026-07-07 17:35:02,F1,0.0000,Bajo rango
2026-07-07 17:35:12,F1,0.0000,OK
2026-07-07 17:35:22,F1,0.0000,OK
2026-07-07 17:35:33,F1,0.0000,Bajo rango
2026-07-07 17:35:43,F1,0.0000,Bajo rango
2026-07-07 17:35:53,F1,0.0000,OK
2026-07-07 17:36:04,F1,0.0000,OK
2026-07-07 17:36:14,F1,0.0000,OK
2026-07-07 17:36:24,F1,0.0000,Bajo rango
2026-07-07 17:36:35,F1,0.0000,Bajo rango
2026-07-07 17:36:45,F1,0.0000,OK
2026-07-07 17:36:55,F1,0.0000,OK
2026-07-07 17:37:06,F1,0.0000,OK
2026-07-07 17:37:16,F1,0.0000,OK
2026-07-07 17:37:26,F1,0.0000,OK
2026-07-07 17:37:37,F1,0.0000,Bajo rango
2026-07-07 17:37:47,F1,0.0000,OK
2026-07-07 17:37:57,F1,0.0000,Bajo rango
2026-07-07 17:38:08,F1,0.0000,OK
2026-07-07 17:38:18,F1,0.0000,Bajo rango
2026-07-07 17:38:28,F1,0.0000,OK
2026-07-07 17:38:39,F1,0.0000,Bajo rango
2026-07-07 17:38:49,F1,0.0000,Bajo rango
2026-07-07 17:38:59,F1,0.0000,Bajo rango
2026-07-07 17:39:10,F1,0.0000,OK
2026-07-07 17:39:20,F1,0.0000,OK
2026-07-07 17:39:30,F1,0.0000,Bajo rango
2026-07-07 17:39:41,F1,0.0000,Bajo rango
2026-07-07 17:39:51,F1,0.0000,OK
2026-07-07 17:40:01,F1,0.0000,Bajo rango
2026-07-07 17:40:12,F1,0.0000,Bajo rango
2026-07-07 17:40:22,F1,0.0000,Bajo rango
2026-07-07 17:40:32,F1,0.0000,Bajo rango
2026-07-07 17:40:43,F1,0.0000,OK
2026-07-07 17:40:53,F1,0.0000,Bajo rango
2026-07-07 17:41:03,F1,0.0000,OK
2026-07-07 17:41:14,F1,0.0000,OK
2026-07-07 17:41:24,F1,0.0000,OK
2026-07-07 17:41:34,F1,0.0000,OK
2026-07-07 17:41:45,F1,0.0000,OK
2026-07-07 17:41:55,F1,0.0000,OK
2026-07-07 17:42:05,F1,0.0000,OK
2026-07-07 17:42:16,F1,0.0000,OK
2026-07-07 17:42:26,F1,0.0000,Bajo rango
2026-07-07 17:42:36,F1,0.0000,Bajo rango
2026-07-07 17:42:47,F1,0.0000,OK
2026-07-07 17:42:57,F1,0.0000,OK
2026-07-07 17:43:07,F1,0.0000,OK
2026-07-07 17:43:18,F1,0.0000,OK
2026-07-07 17:43:28,F1,0.0000,OK
2026-07-07 17:43:38,F1,0.0000,OK
2026-07-07 17:43:49,F1,0.0000,OK
2026-07-07 17:43:59,F1,0.0000,OK
2026-07-07 17:44:09,F1,0.0000,OK
2026-07-07 17:44:20,F1,0.0000,Bajo rango
2026-07-07 17:44:30,F1,0.0000,OK
2026-07-07 17:44:40,F1,0.0000,OK
2026-07-07 17:44:51,F1,0.0000,OK
2026-07-07 17:45:01,F1,0.0000,OK
2026-07-07 17:45:11,F1,0.0000,OK
2026-07-07 17:45:22,F1,0.0000,Bajo rango
2026-07-07 17:45:32,F1,0.0000,OK
2026-07-07 17:45:42,F1,0.0000,Bajo rango
2026-07-07 17:45:53,F1,0.0000,Bajo rango
2026-07-07 17:46:03,F1,0.0000,Bajo rango
2026-07-07 17:46:14,F1,0.0000,OK
2026-07-07 17:46:24,F1,0.0000,Bajo rango
2026-07-07 17:46:34,F1,0.0000,OK
2026-07-07 17:46:45,F1,0.0000,OK
2026-07-07 17:46:55,F1,0.0000,OK
2026-07-07 17:47:05,F1,0.0000,Bajo rango
2026-07-07 17:47:16,F1,0.0000,Bajo rango
2026-07-07 17:47:26,F1,0.0000,OK
2026-07-07 17:47:36,F1,0.0000,OK
2026-07-07 17:47:47,F1,0.0000,OK
2026-07-07 17:47:57,F1,0.0000,OK
2026-07-07 17:48:07,F1,0.0000,OK
2026-07-07 17:48:18,F1,0.0000,OK
2026-07-07 17:48:28,F1,0.0000,OK
2026-07-07 17:48:38,F1,0.0000,Bajo rango
2026-07-07 17:48:49,F1,0.0000,Bajo rango
2026-07-07 17:48:59,F1,0.0000,Bajo rango
2026-07-07 17:49:09,F1,0.0000,OK
2026-07-07 17:49:20,F1,0.0000,OK
2026-07-07 17:49:30,F1,0.0000,OK
2026-07-07 17:49:40,F1,0.0000,OK
2026-07-07 17:49:51,F1,0.0000,Bajo rango
2026-07-07 17:50:01,F1,0.0000,OK
2026-07-07 17:50:11,F1,0.0000,Bajo rango
2026-07-07 17:50:22,F1,0.0000,OK
2026-07-07 17:50:32,F1,0.0000,Bajo rango
2026-07-07 17:50:42,F1,0.0000,OK
2026-07-07 17:50:53,F1,0.0000,OK
2026-07-07 17:51:03,F1,0.0000,Bajo rango
2026-07-07 17:51:13,F1,0.0000,Bajo rango
2026-07-07 17:51:24,F1,0.0000,Bajo rango
2026-07-07 17:51:34,F1,0.0000,Bajo rango
2026-07-07 17:51:44,F1,0.0000,OK
2026-07-07 17:51:55,F1,0.0000,Bajo rango
2026-07-07 17:52:05,F1,0.0000,OK
2026-07-07 17:52:15,F1,0.0000,OK
2026-07-07 17:52:26,F1,0.0000,Bajo rango
2026-07-07 17:52:36,F1,0.0000,OK
2026-07-07 17:52:46,F1,0.0000,Bajo rango
2026-07-07 17:52:57,F1,0.0000,Bajo rango
2026-07-07 17:53:07,F1,0.0000,OK
2026-07-07 17:53:17,F1,0.0000,Bajo rango
2026-07-07 17:53:28,F1,0.0000,Bajo rango
2026-07-07 17:53:38,F1,0.0000,Bajo rango
2026-07-07 17:53:48,F1,0.0000,OK
2026-07-07 17:53:59,F1,0.0000,OK
2026-07-07 17:54:09,F1,0.0000,Bajo rango
2026-07-07 17:54:19,F1,0.0000,Bajo rango
2026-07-07 17:54:30,F1,0.0000,Bajo rango
2026-07-07 17:54:40,F1,0.0000,Bajo rango
2026-07-07 17:54:50,F1,0.0000,Bajo rango
2026-07-07 17:55:01,F1,0.0000,Bajo rango
2026-07-07 17:55:11,F1,0.0000,Bajo rango
2026-07-07 17:55:21,F1,0.0000,Bajo rango
2026-07-07 17:55:32,F1,0.0000,Bajo rango
2026-07-07 17:55:42,F1,0.0000,Bajo rango
2026-07-07 17:55:53,F1,0.0000,OK
2026-07-07 17:56:03,F1,0.0000,Bajo rango
2026-07-07 17:56:13,F1,0.0000,Bajo rango
2026-07-07 17:56:23,F1,0.0000,OK
2026-07-07 17:56:34,F1,0.0000,Bajo rango
2026-07-07 17:56:44,F1,0.0000,OK
2026-07-07 17:56:54,F1,0.0000,Bajo rango
2026-07-07 17:57:05,F1,0.0000,OK
2026-07-07 17:57:15,F1,0.0000,OK
2026-07-07 17:57:25,F1,0.0000,Bajo rango
2026-07-07 17:57:36,F1,0.0000,OK
2026-07-07 17:57:46,F1,0.0000,OK
2026-07-07 17:57:56,F1,0.0000,Bajo rango
2026-07-07 17:58:07,F1,0.0000,OK
2026-07-07 17:58:17,F1,0.0000,Bajo rango
2026-07-07 17:58:27,F1,0.0000,OK
2026-07-07 17:58:38,F1,0.0000,OK
2026-07-07 17:58:48,F1,0.0000,Bajo rango
2026-07-07 17:58:58,F1,0.0000,OK
2026-07-07 17:59:09,F1,0.0000,Bajo rango
2026-07-07 17:59:19,F1,0.0000,Bajo rango
2026-07-07 17:59:29,F1,0.0000,OK
2026-07-07 17:59:40,F1,0.0000,OK
2026-07-07 17:59:50,F1,0.0000,Bajo rango
2026-07-07 18:00:00,F1,0.0000,OK
2026-07-07 18:00:11,F1,0.0000,Bajo rango
2026-07-07 18:00:21,F1,0.0000,Bajo rango
2026-07-07 18:00:31,F1,0.0000,OK
2026-07-07 18:00:42,F1,0.0000,Bajo rango
2026-07-07 18:00:52,F1,0.0000,OK
2026-07-07 18:01:02,F1,0.0000,OK
2026-07-07 18:01:13,F1,0.0000,OK
2026-07-07 18:01:23,F1,0.0000,OK
2026-07-07 18:01:33,F1,0.0000,OK
2026-07-07 18:01:44,F1,0.0000,Bajo rango
2026-07-07 18:01:54,F1,0.0000,Bajo rango
2026-07-07 18:02:04,F1,0.0000,Bajo rango
2026-07-07 18:02:15,F1,0.0000,OK
2026-07-07 18:02:25,F1,0.0000,Bajo rango
2026-07-07 18:02:35,F1,0.0000,OK
2026-07-07 18:02:46,F1,0.0000,Bajo rango
2026-07-07 18:02:56,F1,0.0000,OK
2026-07-07 18:03:06,F1,0.0000,OK
2026-07-07 18:03:17,F1,0.0000,OK
2026-07-07 18:03:27,F1,0.0000,OK
2026-07-07 18:03:37,F1,0.0000,OK
2026-07-07 18:03:48,F1,0.0000,OK
2026-07-07 18:03:58,F1,0.0000,OK
2026-07-07 18:04:08,F1,0.0000,OK
2026-07-07 18:04:19,F1,0.0000,Bajo rango
2026-07-07 18:04:29,F1,0.0000,OK
2026-07-07 18:04:39,F1,0.0000,OK
2026-07-07 18:04:50,F1,0.0000,Bajo rango
2026-07-07 18:05:00,F1,0.0000,Bajo rango
2026-07-07 18:05:10,F1,0.0000,Bajo rango
2026-07-07 18:05:21,F1,0.0000,Bajo rango
2026-07-07 18:05:31,F1,0.0000,Bajo rango
2026-07-07 18:05:41,F1,0.0000,Bajo rango
2026-07-07 18:05:52,F1,0.0000,OK
2026-07-07 18:06:02,F1,0.0000,OK
2026-07-07 18:06:12,F1,0.0000,OK
2026-07-07 18:06:23,F1,0.0000,OK
2026-07-07 18:06:33,F1,0.0000,OK
2026-07-07 18:06:43,F1,0.0000,Bajo rango
2026-07-07 18:06:54,F1,0.0000,Bajo rango
2026-07-07 18:07:04,F1,0.0000,OK
2026-07-07 18:07:14,F1,0.0000,OK
2026-07-07 18:07:25,F1,0.0000,Bajo rango
2026-07-07 18:07:35,F1,0.0000,OK
2026-07-07 18:07:45,F1,0.0000,Bajo rango
2026-07-07 18:07:56,F1,0.0000,Bajo rango
2026-07-07 18:08:06,F1,0.0000,Bajo rango
2026-07-07 18:08:16,F1,0.0000,OK
2026-07-07 18:08:27,F1,0.0000,Bajo rango
2026-07-07 18:08:37,F1,0.0000,Bajo rango
2026-07-07 18:08:47,F1,0.0000,OK
2026-07-07 18:08:58,F1,0.0000,OK
2026-07-07 18:09:08,F1,0.0000,Bajo rango
2026-07-07 18:09:18,F1,0.0000,OK
2026-07-07 18:09:29,F1,0.0000,OK
2026-07-07 18:09:39,F1,0.0000,Bajo rango
2026-07-07 18:09:49,F1,0.0000,OK
2026-07-07 18:10:00,F1,0.0000,OK
2026-07-07 18:10:10,F1,0.0000,Bajo rango
2026-07-07 18:10:20,F1,0.0000,Bajo rango
2026-07-07 18:10:31,F1,0.0000,Bajo rango
2026-07-07 18:10:41,F1,0.0000,OK
2026-07-07 18:10:51,F1,0.0000,OK
2026-07-07 18:11:02,F1,0.0000,Bajo rango
2026-07-07 18:11:12,F1,0.0000,Bajo rango
2026-07-07 18:11:22,F1,0.0000,Bajo rango
2026-07-07 18:11:33,F1,0.0000,OK
2026-07-07 18:11:43,F1,0.0000,Bajo rango
2026-07-07 18:11:53,F1,0.0000,Bajo rango
2026-07-07 18:12:04,F1,0.0000,Bajo rango
2026-07-07 18:12:14,F1,0.0000,Bajo rango
2026-07-07 18:12:24,F1,0.0000,Bajo rango
2026-07-07 18:12:34,F1,0.0000,OK
2026-07-07 18:12:45,F1,0.0000,Bajo rango
2026-07-07 18:12:55,F1,0.0000,Bajo rango
2026-07-07 18:13:06,F1,0.0000,Bajo rango
2026-07-07 18:13:16,F1,0.0000,Bajo rango
2026-07-07 18:13:26,F1,0.0000,Bajo rango
2026-07-07 18:13:37,F1,0.0000,OK
2026-07-07 18:13:47,F1,0.0000,OK
2026-07-07 18:13:57,F1,0.0000,Bajo rango
2026-07-07 18:14:08,F1,0.0000,OK
2026-07-07 18:14:18,F1,0.0000,OK
2026-07-07 18:14:28,F1,0.0000,OK
2026-07-07 18:14:39,F1,0.0000,Bajo rango
2026-07-07 18:14:49,F1,0.0000,Bajo rango
2026-07-07 18:14:59,F1,0.0000,Bajo rango
2026-07-07 18:15:10,F1,0.0000,Bajo rango
2026-07-07 18:15:20,F1,0.0000,OK
2026-07-07 18:15:30,F1,0.0000,Bajo rango
2026-07-07 18:15:41,F1,0.0000,Bajo rango
2026-07-07 18:15:51,F1,0.0000,OK
2026-07-07 18:16:01,F1,0.0000,OK
2026-07-07 18:16:11,F1,0.0000,OK
2026-07-07 18:16:22,F1,0.0000,OK
2026-07-07 18:16:32,F1,0.0000,OK
2026-07-07 18:16:43,F1,0.0000,OK
2026-07-07 18:16:53,F1,0.0000,OK
2026-07-07 18:17:03,F1,0.0000,OK
2026-07-07 18:17:14,F1,0.0000,OK
2026-07-07 18:17:24,F1,0.0000,OK
2026-07-07 18:17:34,F1,0.0000,OK
2026-07-07 18:17:45,F1,0.0000,OK
2026-07-07 18:17:55,F1,0.0000,OK
2026-07-07 18:18:05,F1,0.0000,OK
2026-07-07 18:18:16,F1,0.0000,Bajo rango
2026-07-07 18:18:26,F1,0.0000,OK
2026-07-07 18:18:36,F1,0.0000,OK
2026-07-07 18:18:47,F1,0.0000,OK
2026-07-07 18:18:57,F1,0.0000,OK
2026-07-07 18:19:07,F1,0.0000,OK
2026-07-07 18:19:18,F1,0.0000,OK
2026-07-07 18:19:28,F1,0.0000,OK
2026-07-07 18:19:38,F1,0.0000,OK
2026-07-07 18:19:49,F1,0.0000,OK
2026-07-07 18:19:59,F1,0.0000,OK
2026-07-07 18:20:09,F1,0.0000,OK
2026-07-07 18:20:20,F1,0.0000,OK
2026-07-07 18:20:30,F1,0.0000,OK
2026-07-07 18:20:40,F1,0.0000,Bajo rango
2026-07-07 18:20:51,F1,0.0000,OK
2026-07-07 18:21:01,F1,0.0000,OK
2026-07-07 18:21:12,F1,0.0000,OK
2026-07-07 18:21:22,F1,0.0000,Bajo rango
2026-07-07 18:21:32,F1,0.0000,OK
2026-07-07 18:21:43,F1,0.0000,OK
2026-07-07 18:21:53,F1,0.0000,OK
2026-07-07 18:22:03,F1,0.0000,OK
2026-07-07 18:22:14,F1,0.0000,OK
2026-07-07 18:22:24,F1,0.0000,OK
2026-07-07 18:22:34,F1,0.0000,OK
2026-07-07 18:22:45,F1,0.0000,Bajo rango
2026-07-07 18:22:55,F1,0.0000,Bajo rango
2026-07-07 18:23:05,F1,0.0000,OK
2026-07-07 18:23:16,F1,0.0000,OK
2026-07-07 18:23:26,F1,0.0000,OK
2026-07-07 18:23:36,F1,0.0000,Bajo rango
2026-07-07 18:23:47,F1,0.0000,Bajo rango
2026-07-07 18:23:57,F1,0.0000,OK
2026-07-07 18:24:07,F1,0.0000,OK
2026-07-07 18:24:18,F1,0.0000,OK
2026-07-07 18:24:28,F1,0.0000,Bajo rango
2026-07-07 18:24:38,F1,0.0000,Bajo rango
2026-07-07 18:24:49,F1,0.0000,Bajo rango
2026-07-07 18:24:59,F1,0.0000,Bajo rango
2026-07-07 18:25:09,F1,0.0000,Bajo rango
2026-07-07 18:25:20,F1,0.0000,Bajo rango
2026-07-07 18:25:30,F1,0.0000,OK
2026-07-07 18:25:40,F1,0.0000,OK
2026-07-07 18:25:50,F1,0.0000,OK
2026-07-07 18:26:01,F1,0.0000,Bajo rango
2026-07-07 18:26:11,F1,0.0000,Bajo rango
2026-07-07 18:26:21,F1,0.0000,OK
2026-07-07 18:26:32,F1,0.0000,OK
2026-07-07 18:26:42,F1,0.0000,Bajo rango
2026-07-07 18:26:52,F1,0.0000,OK
2026-07-07 18:27:03,F1,0.0000,OK
2026-07-07 18:27:13,F1,0.0000,OK
2026-07-07 18:27:23,F1,0.0000,Bajo rango
2026-07-07 18:27:34,F1,0.0000,Bajo rango
2026-07-07 18:27:44,F1,0.0000,OK
2026-07-07 18:27:54,F1,0.0000,OK
2026-07-07 18:28:05,F1,0.0000,OK
2026-07-07 18:28:15,F1,0.0000,OK
2026-07-07 18:28:26,F1,0.0000,OK
2026-07-07 18:28:36,F1,0.0000,Bajo rango
2026-07-07 18:28:46,F1,0.0000,Bajo rango
2026-07-07 18:28:57,F1,0.0000,OK
2026-07-07 18:29:07,F1,0.0000,Bajo rango
2026-07-07 18:29:17,F1,0.0000,Bajo rango
2026-07-07 18:29:28,F1,0.0000,OK
2026-07-07 18:29:38,F1,0.0000,OK
2026-07-07 18:29:48,F1,0.0000,OK
2026-07-07 18:29:59,F1,0.0000,Bajo rango
2026-07-07 18:30:09,F1,0.0000,Bajo rango
2026-07-07 18:30:19,F1,0.0000,Bajo rango
2026-07-07 18:30:30,F1,0.0000,Bajo rango
2026-07-07 18:30:40,F1,0.0000,Bajo rango
2026-07-07 18:30:50,F1,0.0000,OK
2026-07-07 18:31:01,F1,0.0000,OK
2026-07-07 18:31:11,F1,0.0000,OK
2026-07-07 18:31:21,F1,0.0000,OK
2026-07-07 18:31:32,F1,0.0000,Bajo rango
2026-07-07 18:31:42,F1,0.0000,OK
2026-07-07 18:31:52,F1,0.0000,OK
2026-07-07 18:32:03,F1,0.0000,OK
2026-07-07 18:32:13,F1,0.0000,OK
2026-07-07 18:32:24,F1,0.0000,OK
2026-07-07 18:32:34,F1,0.0000,OK
2026-07-07 18:32:44,F1,0.0000,Bajo rango
2026-07-07 18:32:55,F1,0.0000,Bajo rango
2026-07-07 18:33:05,F1,0.0000,OK
2026-07-07 18:33:15,F1,0.0000,OK
2026-07-07 18:33:26,F1,0.0000,OK
2026-07-07 18:33:36,F1,0.0000,OK
2026-07-07 18:33:46,F1,0.0000,OK
2026-07-07 18:33:57,F1,0.0000,OK
2026-07-07 18:34:07,F1,0.0000,OK
2026-07-07 18:34:17,F1,0.0000,OK
2026-07-07 18:34:28,F1,0.0000,OK
2026-07-07 18:34:38,F1,0.0000,Bajo rango
2026-07-07 18:34:48,F1,0.0000,OK
2026-07-07 18:34:59,F1,0.0000,OK
2026-07-07 18:35:09,F1,0.0000,OK
2026-07-07 18:35:19,F1,0.0000,Bajo rango
2026-07-07 18:35:30,F1,0.0000,OK
2026-07-07 18:35:40,F1,0.0000,OK
2026-07-07 18:35:50,F1,0.0000,OK
2026-07-07 18:36:01,F1,0.0000,OK
2026-07-07 18:36:11,F1,0.0000,OK
2026-07-07 18:36:21,F1,0.0000,OK
2026-07-07 18:36:32,F1,0.0000,OK
2026-07-07 18:36:42,F1,0.0000,Bajo rango
2026-07-07 18:36:52,F1,0.0000,OK
2026-07-07 18:37:03,F1,0.0000,OK
2026-07-07 18:37:13,F1,0.0000,OK
2026-07-07 18:37:23,F1,0.0000,OK
2026-07-07 18:37:34,F1,0.0000,OK
2026-07-07 18:37:44,F1,0.0000,OK
2026-07-07 18:37:54,F1,0.0000,OK
2026-07-07 18:38:05,F1,0.0000,OK
2026-07-07 18:38:15,F1,0.0000,OK
2026-07-07 18:38:25,F1,0.0000,OK
2026-07-07 18:38:36,F1,0.0000,OK
2026-07-07 18:38:46,F1,0.0000,OK
2026-07-07 18:38:56,F1,0.0000,OK
2026-07-07 18:39:07,F1,0.0000,OK
2026-07-07 18:39:17,F1,0.0000,OK
2026-07-07 18:39:27,F1,0.0000,OK
2026-07-07 18:39:38,F1,0.0000,Bajo rango
2026-07-07 18:39:48,F1,0.0000,OK
2026-07-07 18:39:58,F1,0.0000,Bajo rango
2026-07-07 18:40:09,F1,0.0000,OK
2026-07-07 18:40:19,F1,0.0000,OK
2026-07-07 18:40:29,F1,0.0000,OK
2026-07-07 18:40:40,F1,0.0000,OK
2026-07-07 18:40:50,F1,0.0000,OK
2026-07-07 18:41:00,F1,0.0000,Bajo rango
2026-07-07 18:41:11,F1,0.0000,OK
2026-07-07 18:41:21,F1,0.0000,OK
2026-07-07 18:41:31,F1,0.0000,Bajo rango
2026-07-07 18:41:42,F1,0.0000,Bajo rango
2026-07-07 18:41:52,F1,0.0000,OK
2026-07-07 18:42:02,F1,0.0000,OK
2026-07-07 18:42:13,F1,0.0000,OK
2026-07-07 18:42:23,F1,0.0000,Bajo rango
2026-07-07 18:42:33,F1,0.0000,OK
2026-07-07 18:42:44,F1,0.0000,OK
2026-07-07 18:42:54,F1,0.0000,Bajo rango
2026-07-07 18:43:04,F1,0.0000,OK
2026-07-07 18:43:15,F1,0.0000,OK
2026-07-07 18:43:25,F1,0.0000,OK
2026-07-07 18:43:35,F1,0.0000,Bajo rango
2026-07-07 18:43:46,F1,0.0000,Bajo rango
2026-07-07 18:43:56,F1,0.0000,OK
2026-07-07 18:44:06,F1,0.0000,OK
2026-07-07 18:44:17,F1,0.0000,OK
2026-07-07 18:44:27,F1,0.0000,OK
2026-07-07 18:44:37,F1,0.0000,Bajo rango
2026-07-07 18:44:48,F1,0.0000,OK
2026-07-07 18:44:58,F1,0.0000,OK
2026-07-07 18:45:08,F1,0.0000,OK
2026-07-07 18:45:19,F1,0.0000,OK
2026-07-07 18:45:29,F1,0.0000,Bajo rango
2026-07-07 18:45:39,F1,0.0000,OK
2026-07-07 18:45:50,F1,0.0000,Bajo rango
2026-07-07 18:46:00,F1,0.0000,OK
2026-07-07 18:46:10,F1,0.0000,OK
2026-07-07 18:46:21,F1,0.0000,OK
2026-07-07 18:46:31,F1,0.0000,OK
2026-07-07 18:46:41,F1,0.0000,OK
2026-07-07 18:46:52,F1,0.0000,Bajo rango
2026-07-07 18:47:02,F1,0.0000,OK
2026-07-07 18:47:12,F1,0.0000,OK
2026-07-07 18:47:23,F1,0.0000,OK
2026-07-07 18:47:33,F1,0.0000,Bajo rango
2026-07-07 18:47:43,F1,0.0000,OK
2026-07-07 18:47:54,F1,0.0000,OK
2026-07-07 18:48:04,F1,0.0000,OK
2026-07-07 18:48:14,F1,0.0000,OK
2026-07-07 18:48:25,F1,0.0000,Bajo rango
2026-07-07 18:48:35,F1,0.0000,OK
2026-07-07 18:48:45,F1,0.0000,OK
2026-07-07 18:48:56,F1,0.0000,OK
2026-07-07 18:49:06,F1,0.0000,Bajo rango
2026-07-07 18:49:16,F1,0.0000,OK
2026-07-07 18:49:27,F1,0.0000,OK
2026-07-07 18:49:37,F1,0.0000,Bajo rango
2026-07-07 18:49:47,F1,0.0000,Bajo rango
2026-07-07 18:49:58,F1,0.0000,OK
2026-07-07 18:50:08,F1,0.0000,OK
2026-07-07 18:50:18,F1,0.0000,OK
2026-07-07 18:50:29,F1,0.0000,OK
2026-07-07 18:50:39,F1,0.0000,OK
2026-07-07 18:50:49,F1,0.0000,Bajo rango
2026-07-07 18:51:00,F1,0.0000,Bajo rango
2026-07-07 18:51:10,F1,0.0000,Bajo rango
2026-07-07 18:51:20,F1,0.0000,OK
2026-07-07 18:51:31,F1,0.0000,OK
2026-07-07 18:51:41,F1,0.0000,Bajo rango
2026-07-07 18:51:51,F1,0.0000,OK
2026-07-07 18:52:02,F1,0.0000,OK
2026-07-07 18:52:12,F1,0.0000,Bajo rango
2026-07-07 18:52:22,F1,0.0000,OK
2026-07-07 18:52:33,F1,0.0000,OK
2026-07-07 18:52:43,F1,0.0000,OK
2026-07-07 18:52:53,F1,0.0000,OK
2026-07-07 18:53:04,F1,0.0000,OK
2026-07-07 18:53:14,F1,0.0000,OK
2026-07-07 18:53:24,F1,0.0000,Bajo rango
2026-07-07 18:53:35,F1,0.0000,OK
2026-07-07 18:53:45,F1,0.0000,Bajo rango
2026-07-07 18:53:55,F1,0.0000,Bajo rango
2026-07-07 18:54:06,F1,0.0000,OK
2026-07-07 18:54:16,F1,0.0000,Bajo rango
2026-07-07 18:54:26,F1,0.0000,OK
2026-07-07 18:54:37,F1,0.0000,OK
2026-07-07 18:54:47,F1,0.0000,Bajo rango
2026-07-07 18:54:57,F1,0.0000,OK
2026-07-07 18:55:08,F1,0.0000,OK
2026-07-07 18:55:18,F1,0.0000,OK
2026-07-07 18:55:28,F1,0.0000,OK
2026-07-07 18:55:39,F1,0.0000,OK
2026-07-07 18:55:49,F1,0.0000,Bajo rango
2026-07-07 18:55:59,F1,0.0000,OK
2026-07-07 18:56:10,F1,0.0000,Bajo rango
2026-07-07 18:56:20,F1,0.0000,OK
2026-07-07 18:56:30,F1,0.0000,OK
2026-07-07 18:56:41,F1,0.0000,OK
2026-07-07 18:56:51,F1,0.0000,OK
2026-07-07 18:57:01,F1,0.0000,OK
2026-07-07 18:57:12,F1,0.0000,OK
2026-07-07 18:57:22,F1,0.0000,OK
2026-07-07 18:57:32,F1,0.0000,OK
2026-07-07 18:57:43,F1,0.0000,OK
2026-07-07 18:57:53,F1,0.0000,OK
2026-07-07 18:58:03,F1,0.0000,Bajo rango
2026-07-07 18:58:14,F1,0.0000,OK
2026-07-07 18:58:24,F1,0.0000,Bajo rango
2026-07-07 18:58:34,F1,0.0000,Bajo rango
2026-07-07 18:58:45,F1,0.0000,OK
2026-07-07 18:58:55,F1,0.0000,OK
2026-07-07 18:59:06,F1,0.0000,OK
2026-07-07 18:59:16,F1,0.0000,OK
2026-07-07 18:59:26,F1,0.0000,Bajo rango
2026-07-07 18:59:37,F1,0.0000,OK
2026-07-07 18:59:47,F1,0.0000,OK
2026-07-07 18:59:57,F1,0.0000,Bajo rango
2026-07-07 19:00:07,F1,0.0000,Bajo rango
2026-07-07 19:00:18,F1,0.0000,OK
2026-07-07 19:00:28,F1,0.0000,Bajo rango
2026-07-07 19:00:38,F1,0.0000,OK
2026-07-07 19:00:49,F1,0.0000,OK
2026-07-07 19:00:59,F1,0.0000,OK
2026-07-07 19:01:10,F1,0.0000,OK
2026-07-07 19:01:20,F1,0.0000,Bajo rango
2026-07-07 19:01:30,F1,0.0000,OK
2026-07-07 19:01:41,F1,0.0000,OK
2026-07-07 19:01:51,F1,0.0000,OK
2026-07-07 19:02:01,F1,0.0000,OK
2026-07-07 19:02:12,F1,0.0000,OK
2026-07-07 19:02:22,F1,0.0000,OK
2026-07-07 19:02:32,F1,0.0000,OK
2026-07-07 19:02:43,F1,0.0000,OK
2026-07-07 19:02:53,F1,0.0000,OK
2026-07-07 19:03:03,F1,0.0000,OK
2026-07-07 19:03:14,F1,0.0000,OK
2026-07-07 19:03:24,F1,0.0000,OK
2026-07-07 19:03:34,F1,0.0000,OK
2026-07-07 19:03:45,F1,0.0000,OK
2026-07-07 19:03:55,F1,0.0000,OK
2026-07-07 19:04:05,F1,0.0000,OK
2026-07-07 19:04:16,F1,0.0000,OK
2026-07-07 19:04:26,F1,0.0000,OK
2026-07-07 19:04:36,F1,0.0000,Bajo rango
2026-07-07 19:04:47,F1,0.0000,OK
2026-07-07 19:04:57,F1,0.0000,OK
2026-07-07 19:05:07,F1,0.0000,OK
2026-07-07 19:05:18,F1,0.0000,OK
2026-07-07 19:05:28,F1,0.0000,OK
2026-07-07 19:05:38,F1,0.0000,Bajo rango
2026-07-07 19:05:49,F1,0.0000,OK
2026-07-07 19:05:59,F1,0.0000,OK
2026-07-07 19:06:09,F1,0.0000,Bajo rango
2026-07-07 19:06:20,F1,0.0000,OK
2026-07-07 19:06:30,F1,0.0000,OK
2026-07-07 19:06:40,F1,0.0000,OK
2026-07-07 19:06:51,F1,0.0000,Bajo rango
2026-07-07 19:07:01,F1,0.0000,OK
2026-07-07 19:07:11,F1,0.0000,OK
2026-07-07 19:07:22,F1,0.0000,Bajo rango
2026-07-07 19:07:32,F1,0.0000,OK
2026-07-07 19:07:42,F1,0.0000,Bajo rango
2026-07-07 19:07:53,F1,0.0000,OK
2026-07-07 19:08:03,F1,0.0000,OK
2026-07-07 19:08:13,F1,0.0000,OK
2026-07-07 19:08:24,F1,0.0000,Bajo rango
2026-07-07 19:08:34,F1,0.0000,OK
2026-07-07 19:08:44,F1,0.0000,Bajo rango
2026-07-07 19:08:55,F1,0.0000,Bajo rango
2026-07-07 19:09:05,F1,0.0000,Bajo rango
2026-07-07 19:09:15,F1,0.0000,OK
2026-07-07 19:09:26,F1,0.0000,OK
2026-07-07 19:09:36,F1,0.0000,Bajo rango
2026-07-07 19:09:46,F1,0.0000,Bajo rango
2026-07-07 19:09:57,F1,0.0000,Bajo rango
2026-07-07 19:10:07,F1,0.0000,OK
2026-07-07 19:10:17,F1,0.0000,Bajo rango
2026-07-07 19:10:28,F1,0.0000,OK
2026-07-07 19:10:38,F1,0.0000,OK
2026-07-07 19:10:48,F1,0.0000,Bajo rango
2026-07-07 19:10:59,F1,0.0000,OK
2026-07-07 19:11:09,F1,0.0000,Bajo rango
2026-07-07 19:11:19,F1,0.0000,Bajo rango
2026-07-07 19:11:30,F1,0.0000,Bajo rango
2026-07-07 19:11:40,F1,0.0000,Bajo rango
2026-07-07 19:11:50,F1,0.0000,OK
2026-07-07 19:12:01,F1,0.0000,OK
2026-07-07 19:12:11,F1,0.0000,OK
2026-07-07 19:12:21,F1,0.0000,OK
2026-07-07 19:12:32,F1,0.0000,OK
2026-07-07 19:12:42,F1,0.0000,Bajo rango
2026-07-07 19:12:52,F1,0.0000,Bajo rango
2026-07-07 19:13:03,F1,0.0000,OK
2026-07-07 19:13:13,F1,0.0000,OK
2026-07-07 19:13:23,F1,0.0000,OK
2026-07-07 19:13:34,F1,0.0000,Bajo rango
2026-07-07 19:13:44,F1,0.0000,OK
2026-07-07 19:13:54,F1,0.0000,OK
2026-07-07 19:14:05,F1,0.0000,OK
2026-07-07 19:14:15,F1,0.0000,Bajo rango
2026-07-07 19:14:25,F1,0.0000,OK
2026-07-07 19:14:36,F1,0.0000,Bajo rango
2026-07-07 19:14:46,F1,0.0000,OK
2026-07-07 19:14:56,F1,0.0000,Bajo rango
2026-07-07 19:15:07,F1,0.0000,Bajo rango
2026-07-07 19:15:17,F1,0.0000,OK
2026-07-07 19:15:27,F1,0.0000,OK
2026-07-07 19:15:38,F1,0.0000,Bajo rango
2026-07-07 19:15:48,F1,0.0000,Bajo rango
2026-07-07 19:15:58,F1,0.0000,OK
2026-07-07 19:16:09,F1,0.0000,OK
2026-07-07 19:16:19,F1,0.0000,OK
2026-07-07 19:16:29,F1,0.0000,OK
2026-07-07 19:16:40,F1,0.0000,Bajo rango
2026-07-07 19:16:50,F1,0.0000,Bajo rango
2026-07-07 19:17:00,F1,0.0000,OK
2026-07-07 19:17:11,F1,0.0000,Bajo rango
2026-07-07 19:17:21,F1,0.0000,Bajo rango
2026-07-07 19:17:31,F1,0.0000,Bajo rango
2026-07-07 19:17:42,F1,0.0000,Bajo rango
2026-07-07 19:17:52,F1,0.0000,OK
2026-07-07 19:18:02,F1,0.0000,Bajo rango
2026-07-07 19:18:13,F1,0.0000,OK
2026-07-07 19:18:23,F1,0.0000,OK
2026-07-07 19:18:33,F1,0.0000,OK
2026-07-07 19:18:44,F1,0.0000,OK
2026-07-07 19:18:54,F1,0.0000,OK
2026-07-07 19:19:04,F1,0.0000,OK
2026-07-07 19:19:15,F1,0.0000,OK
2026-07-07 19:19:25,F1,0.0000,OK
2026-07-07 19:19:35,F1,0.0000,OK
2026-07-07 19:19:46,F1,0.0000,OK
2026-07-07 19:19:56,F1,0.0000,OK
2026-07-07 19:20:06,F1,0.0000,Bajo rango
2026-07-07 19:20:17,F1,0.0000,OK
2026-07-07 19:20:27,F1,0.0000,OK
2026-07-07 19:20:37,F1,0.0000,OK
2026-07-07 19:20:48,F1,0.0000,OK
2026-07-07 19:20:58,F1,0.0000,OK
2026-07-07 19:21:08,F1,0.0000,OK
2026-07-07 19:21:19,F1,0.0000,OK
2026-07-07 19:21:29,F1,0.0000,OK
2026-07-07 19:21:39,F1,0.0000,OK
2026-07-07 19:21:50,F1,0.0000,Bajo rango
2026-07-07 19:22:00,F1,0.0000,OK
2026-07-07 19:22:10,F1,0.0000,OK
2026-07-07 19:22:21,F1,0.0000,Bajo rango
2026-07-07 19:22:31,F1,0.0000,OK
2026-07-07 19:22:41,F1,0.0000,OK
2026-07-07 19:22:52,F1,0.0000,OK
2026-07-07 19:23:02,F1,0.0000,OK
2026-07-07 19:23:12,F1,0.0000,OK
2026-07-07 19:23:23,F1,0.0000,OK
2026-07-07 19:23:33,F1,0.0000,OK
2026-07-07 19:23:43,F1,0.0000,OK
2026-07-07 19:23:54,F1,0.0000,Bajo rango
2026-07-07 19:24:04,F1,0.0000,OK
2026-07-07 19:24:14,F1,0.0000,Bajo rango
2026-07-07 19:24:25,F1,0.0000,OK
2026-07-07 19:24:35,F1,0.0000,Bajo rango
2026-07-07 19:24:45,F1,0.0000,OK
2026-07-07 19:24:56,F1,0.0000,OK
2026-07-07 19:25:06,F1,0.0000,OK
2026-07-07 19:25:16,F1,0.0000,Bajo rango
2026-07-07 19:25:27,F1,0.0000,OK
2026-07-07 19:25:37,F1,0.0000,OK
2026-07-07 19:25:47,F1,0.0000,OK
2026-07-07 19:25:58,F1,0.0000,OK
2026-07-07 19:26:08,F1,0.0000,Bajo rango
2026-07-07 19:26:18,F1,0.0000,OK
2026-07-07 19:26:29,F1,0.0000,OK
2026-07-07 19:26:39,F1,0.0000,Bajo rango
2026-07-07 19:26:49,F1,0.0000,OK
2026-07-07 19:27:00,F1,0.0000,OK
2026-07-07 19:27:10,F1,0.0000,Bajo rango
2026-07-07 19:27:20,F1,0.0000,Bajo rango
2026-07-07 19:27:31,F1,0.0000,OK
2026-07-07 19:27:41,F1,0.0000,OK
2026-07-07 19:27:51,F1,0.0000,OK
2026-07-07 19:28:02,F1,0.0000,OK
2026-07-07 19:28:12,F1,0.0000,Bajo rango
2026-07-07 19:28:22,F1,0.0000,OK
2026-07-07 19:28:33,F1,0.0000,OK
2026-07-07 19:28:43,F1,0.0000,Bajo rango
2026-07-07 19:28:53,F1,0.0000,Bajo rango
2026-07-07 19:29:04,F1,0.0000,Bajo rango
2026-07-07 19:29:14,F1,0.0000,OK
2026-07-07 19:29:24,F1,0.0000,Bajo rango
2026-07-07 19:29:35,F1,0.0000,OK
2026-07-07 19:29:45,F1,0.0000,OK
2026-07-07 19:29:55,F1,0.0000,Bajo rango
2026-07-07 19:30:06,F1,0.0000,Bajo rango
2026-07-07 19:30:16,F1,0.0000,Bajo rango
2026-07-07 19:30:26,F1,0.0000,Bajo rango
2026-07-07 19:30:37,F1,0.0000,Bajo rango
2026-07-07 19:30:47,F1,0.0000,Bajo rango
2026-07-07 19:30:57,F1,0.0000,OK
2026-07-07 19:31:08,F1,0.0000,OK
2026-07-07 19:31:18,F1,0.0000,OK
2026-07-07 19:31:28,F1,0.0000,OK
2026-07-07 19:31:39,F1,0.0000,Bajo rango
2026-07-07 19:31:49,F1,0.0000,Bajo rango
2026-07-07 19:31:59,F1,0.0000,Bajo rango
2026-07-07 19:32:10,F1,0.0000,Bajo rango
2026-07-07 19:32:20,F1,0.0000,Bajo rango
2026-07-07 19:32:30,F1,0.0000,OK
2026-07-07 19:32:41,F1,0.0000,OK
2026-07-07 19:32:51,F1,0.0000,Bajo rango
2026-07-07 19:33:01,F1,0.0000,Bajo rango
2026-07-07 19:33:12,F1,0.0000,OK
2026-07-07 19:33:22,F1,0.0000,OK
2026-07-07 19:33:32,F1,0.0000,Bajo rango
2026-07-07 19:33:43,F1,0.0000,OK
2026-07-07 19:33:53,F1,0.0000,OK
2026-07-07 19:34:03,F1,0.0000,OK
2026-07-07 19:34:14,F1,0.0000,OK
2026-07-07 19:34:24,F1,0.0000,OK
2026-07-07 19:34:35,F1,0.0000,OK
2026-07-07 19:34:45,F1,0.0000,OK
2026-07-07 19:34:55,F1,0.0000,Bajo rango
2026-07-07 19:35:06,F1,0.0000,Bajo rango
2026-07-07 19:35:16,F1,0.0000,OK
2026-07-07 19:35:26,F1,0.0000,OK
2026-07-07 19:35:37,F1,0.0000,Bajo rango
2026-07-07 19:35:47,F1,0.0000,OK
2026-07-07 19:35:57,F1,0.0000,OK
2026-07-07 19:36:08,F1,0.0000,OK
2026-07-07 19:36:18,F1,0.0000,OK
2026-07-07 19:36:28,F1,0.0000,OK
2026-07-07 19:36:39,F1,0.0000,Bajo rango
2026-07-07 19:36:49,F1,0.0000,OK
2026-07-07 19:36:59,F1,0.0000,OK
2026-07-07 19:37:10,F1,0.0000,OK
2026-07-07 19:37:20,F1,0.0000,OK
2026-07-07 19:37:30,F1,0.0000,OK
2026-07-07 19:37:41,F1,0.0000,OK
2026-07-07 19:37:51,F1,0.0000,OK
2026-07-07 19:38:01,F1,0.0000,OK
2026-07-07 19:38:12,F1,0.0000,Bajo rango
2026-07-07 19:38:22,F1,0.0000,OK
2026-07-07 19:38:32,F1,0.0000,Bajo rango
2026-07-07 19:38:43,F1,0.0000,Bajo rango
2026-07-07 19:38:53,F1,0.0000,OK
2026-07-07 19:39:03,F1,0.0000,OK
2026-07-07 19:39:14,F1,0.0000,OK
2026-07-07 19:39:24,F1,0.0000,OK
2026-07-07 19:39:34,F1,0.0000,OK
2026-07-07 19:39:45,F1,0.0000,OK
2026-07-07 19:39:55,F1,0.0000,OK
2026-07-07 19:40:05,F1,0.0000,OK
2026-07-07 19:40:16,F1,0.0000,OK
2026-07-07 19:40:26,F1,0.0000,OK
2026-07-07 19:40:36,F1,0.0000,OK
2026-07-07 19:40:47,F1,0.0000,OK
2026-07-07 19:40:57,F1,0.0000,Bajo rango
2026-07-07 19:41:07,F1,0.0000,OK
2026-07-07 19:41:18,F1,0.0000,OK
2026-07-07 19:41:28,F1,0.0000,OK
2026-07-07 19:41:38,F1,0.0000,OK
2026-07-07 19:41:49,F1,0.0000,OK
2026-07-07 19:41:59,F1,0.0000,OK
2026-07-07 19:42:09,F1,0.0000,Bajo rango
2026-07-07 19:42:20,F1,0.0000,OK
2026-07-07 19:42:30,F1,0.0000,Bajo rango
2026-07-07 19:42:40,F1,0.0000,OK
2026-07-07 19:42:51,F1,0.0000,OK
2026-07-07 19:43:01,F1,0.0000,OK
2026-07-07 19:43:11,F1,0.0000,OK
2026-07-07 19:43:22,F1,0.0000,OK
2026-07-07 19:43:32,F1,0.0000,Bajo rango
2026-07-07 19:43:42,F1,0.0000,OK
2026-07-07 19:43:53,F1,0.0000,OK
2026-07-07 19:44:03,F1,0.0000,OK
2026-07-07 19:44:13,F1,0.0000,OK
2026-07-07 19:44:24,F1,0.0000,OK
2026-07-07 19:44:34,F1,0.0000,OK
2026-07-07 19:44:44,F1,0.0000,OK
2026-07-07 19:44:55,F1,0.0000,OK
2026-07-07 19:45:05,F1,0.0000,OK
2026-07-07 19:45:15,F1,0.0000,OK
2026-07-07 19:45:26,F1,0.0000,OK
2026-07-07 19:45:36,F1,0.0000,OK
2026-07-07 19:45:46,F1,0.0000,OK
2026-07-07 19:45:57,F1,0.0000,Bajo rango
2026-07-07 19:46:07,F1,0.0000,Bajo rango
2026-07-07 19:46:17,F1,0.0000,OK
2026-07-07 19:46:28,F1,0.0000,OK
2026-07-07 19:46:38,F1,0.0000,Bajo rango
2026-07-07 19:46:48,F1,0.0000,Bajo rango
2026-07-07 19:46:59,F1,0.0000,OK
2026-07-07 19:47:09,F1,0.0000,OK
2026-07-07 19:47:19,F1,0.0000,OK
2026-07-07 19:47:30,F1,0.0000,Bajo rango
2026-07-07 19:47:40,F1,0.0000,Bajo rango
2026-07-07 19:47:50,F1,0.0000,OK
2026-07-07 19:48:01,F1,0.0000,OK
2026-07-07 19:48:11,F1,0.0000,OK
2026-07-07 19:48:21,F1,0.0000,Bajo rango
2026-07-07 19:48:32,F1,0.0000,OK
2026-07-07 19:48:42,F1,0.0000,OK
2026-07-07 19:48:52,F1,0.0000,Bajo rango
2026-07-07 19:49:03,F1,0.0000,Bajo rango
2026-07-07 19:49:13,F1,0.0000,OK
2026-07-07 19:49:23,F1,0.0000,OK
2026-07-07 19:49:34,F1,0.0000,OK
2026-07-07 19:49:44,F1,0.0000,OK
2026-07-07 19:49:54,F1,0.0000,OK
2026-07-07 19:50:05,F1,0.0000,Bajo rango
2026-07-07 19:50:15,F1,0.0000,OK
2026-07-07 19:50:25,F1,0.0000,OK
2026-07-07 19:50:36,F1,0.0000,OK
2026-07-07 19:50:46,F1,0.0000,OK
2026-07-07 19:50:56,F1,0.0000,Bajo rango
2026-07-07 19:51:07,F1,0.0000,OK
2026-07-07 19:51:17,F1,0.0000,OK
2026-07-07 19:51:27,F1,0.0000,OK
2026-07-07 19:51:38,F1,0.0000,OK
2026-07-07 19:51:48,F1,0.0000,OK
2026-07-07 19:51:58,F1,0.0000,OK
2026-07-07 19:52:09,F1,0.0000,Bajo rango
2026-07-07 19:52:19,F1,0.0000,OK
2026-07-07 19:52:29,F1,0.0000,OK
2026-07-07 19:52:40,F1,0.0000,OK
2026-07-07 19:52:50,F1,0.0000,Bajo rango
2026-07-07 19:53:00,F1,0.0000,OK
2026-07-07 19:53:10,F1,0.0000,OK
2026-07-07 19:53:21,F1,0.0000,OK
2026-07-07 19:53:31,F1,0.0000,OK
2026-07-07 19:53:42,F1,0.0000,OK
2026-07-07 19:53:52,F1,0.0000,OK
2026-07-07 19:54:02,F1,0.0000,OK
2026-07-07 19:54:13,F1,0.0000,Bajo rango
2026-07-07 19:54:23,F1,0.0000,OK
2026-07-07 19:54:33,F1,0.0000,OK
2026-07-07 19:54:44,F1,0.0000,OK
2026-07-07 19:54:54,F1,0.0000,OK
2026-07-07 19:55:04,F1,0.0000,OK
2026-07-07 19:55:15,F1,0.0000,OK
2026-07-07 19:55:25,F1,0.0000,OK
2026-07-07 19:55:35,F1,0.0000,Bajo rango
2026-07-07 19:55:46,F1,0.0000,OK
2026-07-07 19:55:56,F1,0.0000,Bajo rango
2026-07-07 19:56:06,F1,0.0000,Bajo rango
2026-07-07 19:56:17,F1,0.0000,OK
2026-07-07 19:56:27,F1,0.0000,OK
2026-07-07 19:56:37,F1,0.0000,OK
2026-07-07 19:56:48,F1,0.0000,OK
2026-07-07 19:56:58,F1,0.0000,OK
2026-07-07 19:57:08,F1,0.0000,OK
2026-07-07 19:57:19,F1,0.0000,OK
2026-07-07 19:57:29,F1,0.0000,OK
2026-07-07 19:57:40,F1,0.0000,OK
2026-07-07 19:57:50,F1,0.0000,OK
2026-07-07 19:58:00,F1,0.0000,OK
2026-07-07 19:58:11,F1,0.0000,OK
2026-07-07 19:58:21,F1,0.0000,OK
2026-07-07 19:58:31,F1,0.0000,OK
2026-07-07 19:58:42,F1,0.0000,OK
2026-07-07 19:58:52,F1,0.0000,OK
2026-07-07 19:59:02,F1,0.0000,OK
2026-07-07 19:59:13,F1,0.0000,OK
2026-07-07 19:59:23,F1,0.0000,OK
2026-07-07 19:59:33,F1,0.0000,Bajo rango
2026-07-07 19:59:44,F1,0.0000,OK
2026-07-07 19:59:54,F1,0.0000,OK
2026-07-07 20:00:04,F1,0.0000,OK
2026-07-07 20:00:15,F1,0.0000,OK
2026-07-07 20:00:25,F1,0.0000,OK
2026-07-07 20:00:35,F1,0.0000,OK
2026-07-07 20:00:46,F1,0.0000,OK
2026-07-07 20:00:56,F1,0.0000,OK
2026-07-07 20:01:06,F1,0.0000,OK
2026-07-07 20:01:17,F1,0.0000,OK
2026-07-07 20:01:27,F1,0.0000,OK
2026-07-07 20:01:37,F1,0.0000,OK
2026-07-07 20:01:48,F1,0.0000,OK
2026-07-07 20:01:58,F1,0.0000,OK
2026-07-07 20:02:08,F1,0.0000,OK
2026-07-07 20:02:19,F1,0.0000,Bajo rango
2026-07-07 20:02:29,F1,0.0000,OK
2026-07-07 20:02:39,F1,0.0000,OK
2026-07-07 20:02:50,F1,0.0000,OK
2026-07-07 20:03:00,F1,0.0000,OK
2026-07-07 20:03:10,F1,0.0000,OK
2026-07-07 20:03:21,F1,0.0000,OK
2026-07-07 20:03:31,F1,0.0000,OK
2026-07-07 20:03:41,F1,0.0000,OK
2026-07-07 20:03:52,F1,0.0000,OK
2026-07-07 20:04:02,F1,0.0000,OK
2026-07-07 20:04:12,F1,0.0000,Bajo rango
2026-07-07 20:04:23,F1,0.0000,Bajo rango
2026-07-07 20:04:33,F1,0.0000,OK
2026-07-07 20:04:43,F1,0.0000,OK
2026-07-07 20:04:54,F1,0.0000,OK
2026-07-07 20:05:04,F1,0.0000,OK
2026-07-07 20:05:14,F1,0.0000,OK
2026-07-07 20:05:25,F1,0.0000,OK
2026-07-07 20:05:35,F1,0.0000,OK
2026-07-07 20:05:45,F1,0.0000,OK
2026-07-07 20:05:56,F1,0.0000,OK
2026-07-07 20:06:06,F1,0.0000,OK
2026-07-07 20:06:16,F1,0.0000,OK
2026-07-07 20:06:27,F1,0.0000,Bajo rango
2026-07-07 20:06:37,F1,0.0000,OK
2026-07-07 20:06:47,F1,0.0000,Bajo rango
2026-07-07 20:06:58,F1,0.0000,OK
2026-07-07 20:07:08,F1,0.0000,OK
2026-07-07 20:07:18,F1,0.0000,OK
2026-07-07 20:07:29,F1,0.0000,OK
2026-07-07 20:07:39,F1,0.0000,OK
2026-07-07 20:07:49,F1,0.0000,OK
2026-07-07 20:08:00,F1,0.0000,OK
2026-07-07 20:08:10,F1,0.0000,OK
2026-07-07 20:08:20,F1,0.0000,OK
2026-07-07 20:08:31,F1,0.0000,OK
2026-07-07 20:08:41,F1,0.0000,OK
2026-07-07 20:08:51,F1,0.0000,OK
2026-07-07 20:09:02,F1,0.0000,OK
2026-07-07 20:09:12,F1,0.0000,OK
2026-07-07 20:09:22,F1,0.0000,OK
2026-07-07 20:09:33,F1,0.0000,OK
2026-07-07 20:09:43,F1,0.0000,OK
2026-07-07 20:09:53,F1,0.0000,OK
2026-07-07 20:10:04,F1,0.0000,OK
2026-07-07 20:10:14,F1,0.0000,OK
2026-07-07 20:10:24,F1,0.0000,OK
2026-07-07 20:10:35,F1,0.0000,OK
2026-07-07 20:10:45,F1,0.0000,OK
2026-07-07 20:10:55,F1,0.0000,OK
2026-07-07 20:11:06,F1,0.0000,OK
2026-07-07 20:11:16,F1,0.0000,OK
2026-07-07 20:11:26,F1,0.0000,OK
2026-07-07 20:11:37,F1,0.0000,OK
2026-07-07 20:11:47,F1,0.0000,OK
2026-07-07 20:11:57,F1,0.0000,OK
2026-07-07 20:12:08,F1,0.0000,OK
2026-07-07 20:12:18,F1,0.0000,OK
2026-07-07 20:12:28,F1,0.0000,Bajo rango
2026-07-07 20:12:39,F1,0.0000,OK
2026-07-07 20:12:49,F1,0.0000,OK
2026-07-07 20:12:59,F1,0.0000,OK
2026-07-07 20:13:10,F1,0.0000,OK
2026-07-07 20:13:20,F1,0.0000,Bajo rango
2026-07-07 20:13:30,F1,0.0000,OK
2026-07-07 20:13:41,F1,0.0000,Bajo rango
2026-07-07 20:13:51,F1,0.0000,OK
2026-07-07 20:14:01,F1,0.0000,Bajo rango
2026-07-07 20:14:12,F1,0.0000,OK
2026-07-07 20:14:22,F1,0.0000,OK
2026-07-07 20:14:32,F1,0.0000,OK
2026-07-07 20:14:43,F1,0.0000,Bajo rango
2026-07-07 20:14:53,F1,0.0000,Bajo rango
2026-07-07 20:15:03,F1,0.0000,OK
2026-07-07 20:15:13,F1,0.0000,OK
2026-07-07 20:15:24,F1,0.0000,OK
2026-07-07 20:15:34,F1,0.0000,OK
2026-07-07 20:15:45,F1,0.0000,OK
2026-07-07 20:15:55,F1,0.0000,Bajo rango
2026-07-07 20:16:05,F1,0.0000,OK
2026-07-07 20:16:16,F1,0.0000,OK
2026-07-07 20:16:26,F1,0.0000,Bajo rango
2026-07-07 20:16:36,F1,0.0000,Bajo rango
2026-07-07 20:16:47,F1,0.0000,OK
2026-07-07 20:16:57,F1,0.0000,OK
2026-07-07 20:17:07,F1,0.0000,OK
2026-07-07 20:17:18,F1,0.0000,OK
2026-07-07 20:17:28,F1,0.0000,OK
2026-07-07 20:17:38,F1,0.0000,OK
2026-07-07 20:17:49,F1,0.0000,OK
2026-07-07 20:17:59,F1,0.0000,OK
2026-07-07 20:18:09,F1,0.0000,OK
2026-07-07 20:18:20,F1,0.0000,OK
2026-07-07 20:18:30,F1,0.0000,OK
2026-07-07 20:18:40,F1,0.0000,OK
2026-07-07 20:18:51,F1,0.0000,OK
2026-07-07 20:19:01,F1,0.0000,Bajo rango
2026-07-07 20:19:11,F1,0.0000,OK
2026-07-07 20:19:22,F1,0.0000,OK
2026-07-07 20:19:32,F1,0.0000,OK
2026-07-07 20:19:42,F1,0.0000,OK
2026-07-07 20:19:53,F1,0.0000,OK
2026-07-07 20:20:03,F1,0.0000,Bajo rango
2026-07-07 20:20:13,F1,0.0000,OK
2026-07-07 20:20:24,F1,0.0000,OK
2026-07-07 20:20:34,F1,0.0000,OK
2026-07-07 20:20:44,F1,0.0000,OK
2026-07-07 20:20:55,F1,0.0000,OK
2026-07-07 20:21:05,F1,0.0000,OK
2026-07-07 20:21:15,F1,0.0000,OK
2026-07-07 20:21:26,F1,0.0000,Bajo rango
2026-07-07 20:21:36,F1,0.0000,Bajo rango
2026-07-07 20:21:46,F1,0.0000,OK
2026-07-07 20:21:57,F1,0.0000,OK
2026-07-07 20:22:07,F1,0.0000,Bajo rango
2026-07-07 20:22:17,F1,0.0000,Bajo rango
2026-07-07 20:22:28,F1,0.0000,OK
2026-07-07 20:22:38,F1,0.0000,OK
2026-07-07 20:22:48,F1,0.0000,OK
2026-07-07 20:22:59,F1,0.0000,Bajo rango
2026-07-07 20:23:09,F1,0.0000,Bajo rango
2026-07-07 20:23:19,F1,0.0000,OK
2026-07-07 20:23:30,F1,0.0000,Bajo rango
2026-07-07 20:23:40,F1,0.0000,Bajo rango
2026-07-07 20:23:50,F1,0.0000,OK
2026-07-07 20:24:01,F1,0.0000,OK
2026-07-07 20:24:11,F1,0.0000,OK
2026-07-07 20:24:21,F1,0.0000,OK
2026-07-07 20:24:32,F1,0.0000,OK
2026-07-07 20:24:42,F1,0.0000,OK
2026-07-07 20:24:52,F1,0.0000,OK
2026-07-07 20:25:03,F1,0.0000,OK
2026-07-07 20:25:13,F1,0.0000,OK
2026-07-07 20:25:23,F1,0.0000,Bajo rango
2026-07-07 20:25:34,F1,0.0000,Bajo rango
2026-07-07 20:25:44,F1,0.0000,OK
2026-07-07 20:25:54,F1,0.0000,OK
2026-07-07 20:26:05,F1,0.0000,OK
2026-07-07 20:26:15,F1,0.0000,OK
2026-07-07 20:26:25,F1,0.0000,OK
2026-07-07 20:26:36,F1,0.0000,OK
2026-07-07 20:26:46,F1,0.0000,OK
2026-07-07 20:26:56,F1,0.0000,OK
2026-07-07 20:27:07,F1,0.0000,OK
2026-07-07 20:27:17,F1,0.0000,OK
2026-07-07 20:27:27,F1,0.0000,OK
2026-07-07 20:27:38,F1,0.0000,OK
2026-07-07 20:27:48,F1,0.0000,OK
2026-07-07 20:27:58,F1,0.0000,OK
2026-07-07 20:28:09,F1,0.0000,OK
2026-07-07 20:28:19,F1,0.0000,Bajo rango
2026-07-07 20:28:29,F1,0.0000,OK
2026-07-07 20:28:40,F1,0.0000,Bajo rango
2026-07-07 20:28:50,F1,0.0000,Bajo rango
2026-07-07 20:29:00,F1,0.0000,OK
2026-07-07 20:29:11,F1,0.0000,OK
2026-07-07 20:29:21,F1,0.0000,Bajo rango
2026-07-07 20:29:31,F1,0.0000,Bajo rango
2026-07-07 20:29:42,F1,0.0000,OK
2026-07-07 20:29:52,F1,0.0000,OK
2026-07-07 20:30:02,F1,0.0000,Bajo rango
2026-07-07 20:30:13,F1,0.0000,Bajo rango
2026-07-07 20:30:23,F1,0.0000,OK
2026-07-07 20:30:33,F1,0.0000,OK
2026-07-07 20:30:44,F1,0.0000,OK
2026-07-07 20:30:54,F1,0.0000,OK
2026-07-07 20:31:04,F1,0.0000,OK
2026-07-07 20:31:15,F1,0.0000,Bajo rango
2026-07-07 20:31:25,F1,0.0000,OK
2026-07-07 20:31:35,F1,0.0000,Bajo rango
2026-07-07 20:31:46,F1,0.0000,OK
2026-07-07 20:31:56,F1,0.0000,OK
2026-07-07 20:32:06,F1,0.0000,OK
2026-07-07 20:32:17,F1,0.0000,OK
2026-07-07 20:32:27,F1,0.0000,OK
2026-07-07 20:32:37,F1,0.0000,OK
2026-07-07 20:32:48,F1,0.0000,OK
2026-07-07 20:32:58,F1,0.0000,OK
2026-07-07 20:33:08,F1,0.0000,OK
2026-07-07 20:33:19,F1,0.0000,OK
2026-07-07 20:33:29,F1,0.0000,Bajo rango
2026-07-07 20:33:39,F1,0.0000,Bajo rango
2026-07-07 20:33:50,F1,0.0000,Bajo rango
2026-07-07 20:34:00,F1,0.0000,OK
2026-07-07 20:34:10,F1,0.0000,OK
2026-07-07 20:34:21,F1,0.0000,OK
2026-07-07 20:34:31,F1,0.0000,OK
2026-07-07 20:34:41,F1,0.0000,OK
2026-07-07 20:34:52,F1,0.0000,OK
2026-07-07 20:35:02,F1,0.0000,OK
2026-07-07 20:35:12,F1,0.0000,OK
2026-07-07 20:35:23,F1,0.0000,OK
2026-07-07 20:35:33,F1,0.0000,OK
2026-07-07 20:35:43,F1,0.0000,OK
2026-07-07 20:35:54,F1,0.0000,OK
2026-07-07 20:36:04,F1,0.0000,OK
2026-07-07 20:36:14,F1,0.0000,OK
2026-07-07 20:36:25,F1,0.0000,OK
2026-07-07 20:36:35,F1,0.0000,OK
2026-07-07 20:36:45,F1,0.0000,Bajo rango
2026-07-07 20:36:56,F1,0.0000,OK
2026-07-07 20:37:06,F1,0.0000,OK
2026-07-07 20:37:16,F1,0.0000,OK
2026-07-07 20:37:27,F1,0.0000,OK
2026-07-07 20:37:37,F1,0.0000,OK
2026-07-07 20:37:47,F1,0.0000,OK
2026-07-07 20:37:58,F1,0.0000,Bajo rango
2026-07-07 20:38:08,F1,0.0000,OK
2026-07-07 20:38:18,F1,0.0000,OK
2026-07-07 20:38:29,F1,0.0000,OK
2026-07-07 20:38:39,F1,0.0000,OK
2026-07-07 20:38:49,F1,0.0000,OK
2026-07-07 20:39:00,F1,0.0000,OK
2026-07-07 20:39:10,F1,0.0000,OK
2026-07-07 20:39:20,F1,0.0000,OK
2026-07-07 20:39:31,F1,0.0000,Bajo rango
2026-07-07 20:39:41,F1,0.0000,OK
2026-07-07 20:39:51,F1,0.0000,OK
2026-07-07 20:40:02,F1,0.0000,OK
2026-07-07 20:40:12,F1,0.0000,OK
2026-07-07 20:40:22,F1,0.0000,OK
2026-07-07 20:40:33,F1,0.0000,OK
2026-07-07 20:40:43,F1,0.0000,OK
2026-07-07 20:40:53,F1,0.0000,OK
2026-07-07 20:41:04,F1,0.0000,OK
2026-07-07 20:41:14,F1,0.0000,OK
2026-07-07 20:41:24,F1,0.0000,OK
2026-07-07 20:41:35,F1,0.0000,OK
2026-07-07 20:41:45,F1,0.0000,OK
2026-07-07 20:41:55,F1,0.0000,OK
2026-07-07 20:42:06,F1,0.0000,OK
2026-07-07 20:42:16,F1,0.0000,OK
2026-07-07 20:42:26,F1,0.0000,OK
2026-07-07 20:42:37,F1,0.0000,OK
2026-07-07 20:42:47,F1,0.0000,OK
2026-07-07 20:42:57,F1,0.0000,OK
2026-07-07 20:43:08,F1,0.0000,Bajo rango
2026-07-07 20:43:18,F1,0.0000,OK
2026-07-07 20:43:28,F1,0.0000,Bajo rango
2026-07-07 20:43:39,F1,0.0000,OK
2026-07-07 20:43:49,F1,0.0000,OK
2026-07-07 20:43:59,F1,0.0000,OK
2026-07-07 20:44:10,F1,0.0000,OK
2026-07-07 20:44:20,F1,0.0000,OK
2026-07-07 20:44:30,F1,0.0000,OK
2026-07-07 20:44:41,F1,0.0000,OK
2026-07-07 20:44:51,F1,0.0000,OK
2026-07-07 20:45:01,F1,0.0000,OK
2026-07-07 20:45:12,F1,0.0000,OK
2026-07-07 20:45:22,F1,0.0000,Bajo rango
2026-07-07 20:45:32,F1,0.0000,OK
2026-07-07 20:45:43,F1,0.0000,OK
2026-07-07 20:45:53,F1,0.0000,OK
2026-07-07 20:46:03,F1,0.0000,Bajo rango
2026-07-07 20:46:14,F1,0.0000,OK
2026-07-07 20:46:24,F1,0.0000,OK
2026-07-07 20:46:34,F1,0.0000,OK
2026-07-07 20:46:45,F1,0.0000,OK
2026-07-07 20:46:55,F1,0.0000,OK
2026-07-07 20:47:05,F1,0.0000,OK
2026-07-07 20:47:16,F1,0.0000,OK
2026-07-07 20:47:26,F1,0.0000,Bajo rango
2026-07-07 20:47:36,F1,0.0000,OK
2026-07-07 20:47:47,F1,0.0000,OK
2026-07-07 20:47:57,F1,0.0000,OK
2026-07-07 20:48:07,F1,0.0000,OK
2026-07-07 20:48:18,F1,0.0000,OK
2026-07-07 20:48:28,F1,0.0000,Bajo rango
2026-07-07 20:48:38,F1,0.0000,Bajo rango
2026-07-07 20:48:49,F1,0.0000,Bajo rango
2026-07-07 20:48:59,F1,0.0000,Bajo rango
2026-07-07 20:49:09,F1,0.0000,OK
2026-07-07 20:49:20,F1,0.0000,OK
2026-07-07 20:49:30,F1,0.0000,OK
2026-07-07 20:49:40,F1,0.0000,OK
2026-07-07 20:49:51,F1,0.0000,OK
2026-07-07 20:50:01,F1,0.0000,OK
2026-07-07 20:50:11,F1,0.0000,OK
2026-07-07 20:50:22,F1,0.0000,OK
2026-07-07 20:50:32,F1,0.0000,OK
2026-07-07 20:50:42,F1,0.0000,OK
2026-07-07 20:50:53,F1,0.0000,OK
2026-07-07 20:51:03,F1,0.0000,OK
2026-07-07 20:51:13,F1,0.0000,OK
2026-07-07 20:51:24,F1,0.0000,OK
2026-07-07 20:51:34,F1,0.0000,OK
2026-07-07 20:51:45,F1,0.0000,OK
2026-07-07 20:51:55,F1,0.0000,OK
2026-07-07 20:52:05,F1,0.0000,OK
2026-07-07 20:52:16,F1,0.0000,OK
2026-07-07 20:52:26,F1,0.0000,OK
2026-07-07 20:52:36,F1,0.0000,OK
2026-07-07 20:52:47,F1,0.0000,OK
2026-07-07 20:52:57,F1,0.0000,OK
2026-07-07 20:53:07,F1,0.0000,OK
2026-07-07 20:53:18,F1,0.0000,OK
2026-07-07 20:53:28,F1,0.0000,OK
2026-07-07 20:53:38,F1,0.0000,Bajo rango
2026-07-07 20:53:49,F1,0.0000,OK
2026-07-07 20:53:59,F1,0.0000,OK
2026-07-07 20:54:09,F1,0.0000,OK
2026-07-07 20:54:20,F1,0.0000,OK
2026-07-07 20:54:30,F1,0.0000,Bajo rango
2026-07-07 20:54:40,F1,0.0000,OK
2026-07-07 20:54:51,F1,0.0000,OK
2026-07-07 20:55:01,F1,0.0000,OK
2026-07-07 20:55:11,F1,0.0000,OK
2026-07-07 20:55:22,F1,0.0000,OK
2026-07-07 20:55:32,F1,0.0000,Bajo rango
2026-07-07 20:55:42,F1,0.0000,OK
2026-07-07 20:55:53,F1,0.0000,OK
2026-07-07 20:56:03,F1,0.0000,Bajo rango
2026-07-07 20:56:13,F1,0.0000,OK
2026-07-07 20:56:24,F1,0.0000,OK
2026-07-07 20:56:34,F1,0.0000,OK
2026-07-07 20:56:44,F1,0.0000,OK
2026-07-07 20:56:55,F1,0.0000,OK
2026-07-07 20:57:05,F1,0.0000,OK
2026-07-07 20:57:15,F1,0.0000,OK
2026-07-07 20:57:26,F1,0.0000,OK
2026-07-07 20:57:36,F1,0.0000,Bajo rango
2026-07-07 20:57:46,F1,0.0000,OK
2026-07-07 20:57:57,F1,0.0000,OK
2026-07-07 20:58:07,F1,0.0000,OK
2026-07-07 20:58:17,F1,0.0000,OK
2026-07-07 20:58:28,F1,0.0000,OK
2026-07-07 20:58:38,F1,0.0000,OK
2026-07-07 20:58:48,F1,0.0000,OK
2026-07-07 20:58:59,F1,0.0000,OK
2026-07-07 20:59:09,F1,0.0000,OK
2026-07-07 20:59:19,F1,0.0000,OK
2026-07-07 20:59:30,F1,0.0000,OK
2026-07-07 20:59:40,F1,0.0000,OK
2026-07-07 20:59:50,F1,0.0000,OK
2026-07-07 21:00:01,F1,0.0000,OK
2026-07-07 21:00:11,F1,0.0000,OK
2026-07-07 21:00:21,F1,0.0000,OK
2026-07-07 21:00:32,F1,0.0000,OK
2026-07-07 21:00:42,F1,0.0000,OK
2026-07-07 21:00:52,F1,0.0000,OK
2026-07-07 21:01:03,F1,0.0000,OK
2026-07-07 21:01:13,F1,0.0000,OK
2026-07-07 21:01:23,F1,0.0000,OK
2026-07-07 21:01:33,F1,0.0000,Bajo rango
2026-07-07 21:01:44,F1,0.0000,OK
2026-07-07 21:01:54,F1,0.0000,OK
2026-07-07 21:02:05,F1,0.0000,OK
2026-07-07 21:02:15,F1,0.0000,OK
2026-07-07 21:02:25,F1,0.0000,Bajo rango
2026-07-07 21:02:36,F1,0.0000,OK
2026-07-07 21:02:46,F1,0.0000,OK
2026-07-07 21:02:56,F1,0.0000,OK
2026-07-07 21:03:07,F1,0.0000,OK
2026-07-07 21:03:17,F1,0.0000,OK
2026-07-07 21:03:27,F1,0.0000,OK
2026-07-07 21:03:38,F1,0.0000,OK
2026-07-07 21:03:48,F1,0.0000,Bajo rango
2026-07-07 21:03:58,F1,0.0000,Bajo rango
2026-07-07 21:04:09,F1,0.0000,OK
2026-07-07 21:04:19,F1,0.0000,OK
2026-07-07 21:04:29,F1,0.0000,OK
2026-07-07 21:04:40,F1,0.0000,Bajo rango
2026-07-07 21:04:50,F1,0.0000,OK
2026-07-07 21:05:00,F1,0.0000,OK
2026-07-07 21:05:11,F1,0.0000,OK
2026-07-07 21:05:21,F1,0.0000,OK
2026-07-07 21:05:31,F1,0.0000,OK
2026-07-07 21:05:42,F1,0.0000,OK
2026-07-07 21:05:52,F1,0.0000,OK
2026-07-07 21:06:02,F1,0.0000,Bajo rango
2026-07-07 21:06:13,F1,0.0000,Bajo rango
2026-07-07 21:06:23,F1,0.0000,OK
2026-07-07 21:06:33,F1,0.0000,OK
2026-07-07 21:06:44,F1,0.0000,Bajo rango
2026-07-07 21:06:54,F1,0.0000,OK
2026-07-07 21:07:04,F1,0.0000,OK
2026-07-07 21:07:15,F1,0.0000,OK
2026-07-07 21:07:25,F1,0.0000,OK
2026-07-07 21:07:35,F1,0.0000,OK
2026-07-07 21:07:46,F1,0.0000,OK
2026-07-07 21:07:56,F1,0.0000,OK
2026-07-07 21:08:06,F1,0.0000,OK
2026-07-07 21:08:17,F1,0.0000,OK
2026-07-07 21:08:27,F1,0.0000,OK
2026-07-07 21:08:37,F1,0.0000,OK
2026-07-07 21:08:48,F1,0.0000,OK
2026-07-07 21:08:58,F1,0.0000,OK
2026-07-07 21:09:08,F1,0.0000,OK
2026-07-07 21:09:19,F1,0.0000,OK
2026-07-07 21:09:29,F1,0.0000,OK
2026-07-07 21:09:39,F1,0.0000,OK
2026-07-07 21:09:50,F1,0.0000,OK
2026-07-07 21:10:00,F1,0.0000,OK
2026-07-07 21:10:10,F1,0.0000,OK
2026-07-07 21:10:21,F1,0.0000,OK
2026-07-07 21:10:31,F1,0.0000,OK
2026-07-07 21:10:41,F1,0.0000,OK
2026-07-07 21:10:52,F1,0.0000,OK
2026-07-07 21:11:02,F1,0.0000,OK
2026-07-07 21:11:12,F1,0.0000,OK
2026-07-07 21:11:23,F1,0.0000,OK
2026-07-07 21:11:33,F1,0.0000,Bajo rango
2026-07-07 21:11:43,F1,0.0000,OK
2026-07-07 21:11:54,F1,0.0000,OK
2026-07-07 21:12:04,F1,0.0000,OK
2026-07-07 21:12:14,F1,0.0000,OK
2026-07-07 21:12:25,F1,0.0000,OK
2026-07-07 21:12:35,F1,0.0000,OK
2026-07-07 21:12:45,F1,0.0000,Bajo rango
2026-07-07 21:12:56,F1,0.0000,OK
2026-07-07 21:13:06,F1,0.0000,OK
2026-07-07 21:13:17,F1,0.0000,OK
2026-07-07 21:13:27,F1,0.0000,OK
2026-07-07 21:13:37,F1,0.0000,OK
2026-07-07 21:13:48,F1,0.0000,OK
2026-07-07 21:13:58,F1,0.0000,Bajo rango
2026-07-07 21:14:08,F1,0.0000,OK
2026-07-07 21:14:19,F1,0.0000,OK
2026-07-07 21:14:29,F1,0.0000,OK
2026-07-07 21:14:39,F1,0.0000,OK
2026-07-07 21:14:50,F1,0.0000,OK
2026-07-07 21:15:00,F1,0.0000,OK
2026-07-07 21:15:10,F1,0.0000,OK
2026-07-07 21:15:21,F1,0.0000,OK
2026-07-07 21:15:31,F1,0.0000,OK
2026-07-07 21:15:41,F1,0.0000,OK
2026-07-07 21:15:52,F1,0.0000,OK
2026-07-07 21:16:02,F1,0.0000,OK
2026-07-07 21:16:12,F1,0.0000,OK
2026-07-07 21:16:23,F1,0.0000,OK
2026-07-07 21:16:33,F1,0.0000,OK
2026-07-07 21:16:43,F1,0.0000,OK
2026-07-07 21:16:54,F1,0.0000,OK
2026-07-07 21:17:04,F1,0.0000,OK
2026-07-07 21:17:14,F1,0.0000,Bajo rango
2026-07-07 21:17:25,F1,0.0000,OK
2026-07-07 21:17:35,F1,0.0000,Bajo rango
2026-07-07 21:17:45,F1,0.0000,OK
2026-07-07 21:17:56,F1,0.0000,OK
2026-07-07 21:18:06,F1,0.0000,OK
2026-07-07 21:18:16,F1,0.0000,OK
2026-07-07 21:18:27,F1,0.0000,OK
2026-07-07 21:18:37,F1,0.0000,OK
2026-07-07 21:18:47,F1,0.0000,OK
2026-07-07 21:18:58,F1,0.0000,OK
2026-07-07 21:19:08,F1,0.0000,OK
2026-07-07 21:19:18,F1,0.0000,OK
2026-07-07 21:19:29,F1,0.0000,OK
2026-07-07 21:19:39,F1,0.0000,Bajo rango
2026-07-07 21:19:49,F1,0.0000,OK
2026-07-07 21:20:00,F1,0.0000,Bajo rango
2026-07-07 21:20:10,F1,0.0000,Bajo rango
2026-07-07 21:20:21,F1,0.0000,OK
2026-07-07 21:20:31,F1,0.0000,OK
2026-07-07 21:20:41,F1,0.0000,OK
2026-07-07 21:20:51,F1,0.0000,OK
2026-07-07 21:21:02,F1,0.0000,OK
2026-07-07 21:21:12,F1,0.0000,OK
2026-07-07 21:21:22,F1,0.0000,Bajo rango
2026-07-07 21:21:33,F1,0.0000,OK
2026-07-07 21:21:43,F1,0.0000,OK
2026-07-07 21:21:53,F1,0.0000,OK
2026-07-07 21:22:04,F1,0.0000,OK
2026-07-07 21:22:14,F1,0.0000,OK
2026-07-07 21:22:24,F1,0.0000,OK
2026-07-07 21:22:35,F1,0.0000,OK
2026-07-07 21:22:45,F1,0.0000,OK
2026-07-07 21:22:55,F1,0.0000,OK
2026-07-07 21:23:06,F1,0.0000,OK
2026-07-07 21:23:16,F1,0.0000,OK
2026-07-07 21:23:26,F1,0.0000,OK
2026-07-07 21:23:37,F1,0.0000,OK
2026-07-07 21:23:47,F1,0.0000,OK
2026-07-07 21:23:58,F1,0.0000,OK
2026-07-07 21:24:08,F1,0.0000,OK
2026-07-07 21:24:18,F1,0.0000,OK
2026-07-07 21:24:29,F1,0.0000,OK
2026-07-07 21:24:39,F1,0.0000,OK
2026-07-07 21:24:49,F1,0.0000,OK
2026-07-07 21:25:00,F1,0.0000,OK
2026-07-07 21:25:10,F1,0.0000,OK
2026-07-07 21:25:20,F1,0.0000,OK
2026-07-07 21:25:31,F1,0.0000,OK
2026-07-07 21:25:41,F1,0.0000,OK
2026-07-07 21:25:51,F1,0.0000,OK
2026-07-07 21:26:02,F1,0.0000,OK
2026-07-07 21:26:12,F1,0.0000,OK
2026-07-07 21:26:22,F1,0.0000,Bajo rango
2026-07-07 21:26:33,F1,0.0000,OK
2026-07-07 21:26:43,F1,0.0000,OK
2026-07-07 21:26:53,F1,0.0000,OK
2026-07-07 21:27:04,F1,0.0000,OK
2026-07-07 21:27:14,F1,0.0000,OK
2026-07-07 21:27:24,F1,0.0000,OK
2026-07-07 21:27:35,F1,0.0000,OK
2026-07-07 21:27:45,F1,0.0000,OK
2026-07-07 21:27:55,F1,0.0000,OK
2026-07-07 21:28:06,F1,0.0000,Bajo rango
2026-07-07 21:28:16,F1,0.0000,OK
2026-07-07 21:28:26,F1,0.0000,OK
2026-07-07 21:28:37,F1,0.0000,OK
2026-07-07 21:28:47,F1,0.0000,OK
2026-07-07 21:28:57,F1,0.0000,OK
2026-07-07 21:29:08,F1,0.0000,OK
2026-07-07 21:29:18,F1,0.0000,OK
2026-07-07 21:29:28,F1,0.0000,OK
2026-07-07 21:29:38,F1,0.0000,OK
2026-07-07 21:29:49,F1,0.0000,OK
2026-07-07 21:29:59,F1,0.0000,OK
2026-07-07 21:30:09,F1,0.0000,Bajo rango
2026-07-07 21:30:20,F1,0.0000,OK
2026-07-07 21:30:30,F1,0.0000,OK
2026-07-07 21:30:41,F1,0.0000,OK
2026-07-07 21:30:51,F1,0.0000,OK
2026-07-07 21:31:01,F1,0.0000,Bajo rango
2026-07-07 21:31:12,F1,0.0000,OK
2026-07-07 21:31:22,F1,0.0000,OK
2026-07-07 21:31:32,F1,0.0000,OK
2026-07-07 21:31:43,F1,0.0000,OK
2026-07-07 21:31:53,F1,0.0000,OK
2026-07-07 21:32:03,F1,0.0000,OK
2026-07-07 21:32:14,F1,0.0000,OK
2026-07-07 21:32:24,F1,0.0000,OK
2026-07-07 21:32:34,F1,0.0000,OK
2026-07-07 21:32:45,F1,0.0000,OK
2026-07-07 21:32:55,F1,0.0000,OK
2026-07-07 21:33:05,F1,0.0000,OK
2026-07-07 21:33:16,F1,0.0000,OK
2026-07-07 21:33:26,F1,0.0000,OK
2026-07-07 21:33:36,F1,0.0000,OK
2026-07-07 21:33:47,F1,0.0000,OK
2026-07-07 21:33:57,F1,0.0000,Bajo rango
2026-07-07 21:34:07,F1,0.0000,OK
2026-07-07 21:34:18,F1,0.0000,OK
2026-07-07 21:34:28,F1,0.0000,OK
2026-07-07 21:34:38,F1,0.0000,OK
2026-07-07 21:34:49,F1,0.0000,OK
2026-07-07 21:34:59,F1,0.0000,OK
2026-07-07 21:35:09,F1,0.0000,OK
2026-07-07 21:35:20,F1,0.0000,OK
2026-07-07 21:35:30,F1,0.0000,OK
2026-07-07 21:35:40,F1,0.0000,OK
2026-07-07 21:35:51,F1,0.0000,OK
2026-07-07 21:36:01,F1,0.0000,OK
2026-07-07 21:36:11,F1,0.0000,OK
2026-07-07 21:36:22,F1,0.0000,OK
2026-07-07 21:36:32,F1,0.0000,Bajo rango
2026-07-07 21:36:42,F1,0.0000,OK
2026-07-07 21:36:53,F1,0.0000,OK
2026-07-07 21:37:03,F1,0.0000,OK
2026-07-07 21:37:13,F1,0.0000,OK
2026-07-07 21:37:24,F1,0.0000,OK
2026-07-07 21:37:34,F1,0.0000,OK
2026-07-07 21:37:44,F1,0.0000,OK
2026-07-07 21:37:55,F1,0.0000,OK
2026-07-07 21:38:05,F1,0.0000,OK
2026-07-07 21:38:15,F1,0.0000,OK
2026-07-07 21:38:26,F1,0.0000,OK
2026-07-07 21:38:36,F1,0.0000,OK
2026-07-07 21:38:46,F1,0.0000,OK
2026-07-07 21:38:57,F1,0.0000,OK
2026-07-07 21:39:07,F1,0.0000,OK
2026-07-07 21:39:17,F1,0.0000,OK
2026-07-07 21:39:28,F1,0.0000,OK
2026-07-07 21:39:38,F1,0.0000,OK
2026-07-07 21:39:48,F1,0.0000,Bajo rango
2026-07-07 21:39:59,F1,0.0000,OK
2026-07-07 21:40:09,F1,0.0000,OK
2026-07-07 21:40:19,F1,0.0000,OK
2026-07-07 21:40:30,F1,0.0000,OK
2026-07-07 21:40:40,F1,0.0000,OK
2026-07-07 21:40:50,F1,0.0000,OK
2026-07-07 21:41:01,F1,0.0000,OK
2026-07-07 21:41:11,F1,0.0000,OK
2026-07-07 21:41:21,F1,0.0000,OK
2026-07-07 21:41:32,F1,0.0000,OK
2026-07-07 21:41:42,F1,0.0000,OK
2026-07-07 21:41:53,F1,0.0000,OK
2026-07-07 21:42:03,F1,0.0000,Bajo rango
2026-07-07 21:42:13,F1,0.0000,OK
2026-07-07 21:42:23,F1,0.0000,OK
2026-07-07 21:42:34,F1,0.0000,OK
2026-07-07 21:42:44,F1,0.0000,OK
2026-07-07 21:42:54,F1,0.0000,OK
2026-07-07 21:43:05,F1,0.0000,OK
2026-07-07 21:43:15,F1,0.0000,OK
2026-07-07 21:43:25,F1,0.0000,OK
2026-07-07 21:43:36,F1,0.0000,OK
2026-07-07 21:43:46,F1,0.0000,OK
2026-07-07 21:43:57,F1,0.0000,OK
2026-07-07 21:44:07,F1,0.0000,OK
2026-07-07 21:44:17,F1,0.0000,OK
2026-07-07 21:44:28,F1,0.0000,OK
2026-07-07 21:44:38,F1,0.0000,OK
2026-07-07 21:44:48,F1,0.0000,OK
2026-07-07 21:44:58,F1,0.0000,OK
2026-07-07 21:45:09,F1,0.0000,OK
2026-07-07 21:45:19,F1,0.0000,OK
2026-07-07 21:45:30,F1,0.0000,Bajo rango
2026-07-07 21:45:40,F1,0.0000,OK
2026-07-07 21:45:50,F1,0.0000,OK
2026-07-07 21:46:01,F1,0.0000,Bajo rango
2026-07-07 21:46:11,F1,0.0000,OK
2026-07-07 21:46:21,F1,0.0000,OK
2026-07-07 21:46:32,F1,0.0000,OK
2026-07-07 21:46:42,F1,0.0000,OK
2026-07-07 21:46:52,F1,0.0000,OK
2026-07-07 21:47:03,F1,0.0000,Bajo rango
2026-07-07 21:47:13,F1,0.0000,OK
2026-07-07 21:47:23,F1,0.0000,OK
2026-07-07 21:47:34,F1,0.0000,Bajo rango
2026-07-07 21:47:44,F1,0.0000,OK
2026-07-07 21:47:54,F1,0.0000,OK
2026-07-07 21:48:05,F1,0.0000,Bajo rango
2026-07-07 21:48:15,F1,0.0000,OK
2026-07-07 21:48:25,F1,0.0000,OK
2026-07-07 21:48:36,F1,0.0000,OK
2026-07-07 21:48:46,F1,0.0000,OK
2026-07-07 21:48:56,F1,0.0000,OK
2026-07-07 21:49:07,F1,0.0000,OK
2026-07-07 21:49:17,F1,0.0000,OK
2026-07-07 21:49:27,F1,0.0000,OK
2026-07-07 21:49:38,F1,0.0000,OK
2026-07-07 21:49:48,F1,0.0000,OK
2026-07-07 21:49:58,F1,0.0000,OK
2026-07-07 21:50:09,F1,0.0000,OK
2026-07-07 21:50:19,F1,0.0000,OK
2026-07-07 21:50:29,F1,0.0000,OK
2026-07-07 21:50:40,F1,0.0000,OK
2026-07-07 21:50:50,F1,0.0000,OK
2026-07-07 21:51:00,F1,0.0000,OK
2026-07-07 21:51:11,F1,0.0000,OK
2026-07-07 21:51:21,F1,0.0000,OK
2026-07-07 21:51:31,F1,0.0000,OK
2026-07-07 21:51:42,F1,0.0000,Bajo rango
2026-07-07 21:51:52,F1,0.0000,OK
2026-07-07 21:52:02,F1,0.0000,OK
2026-07-07 21:52:13,F1,0.0000,OK
2026-07-07 21:52:23,F1,0.0000,OK
2026-07-07 21:52:33,F1,0.0000,OK
2026-07-07 21:52:44,F1,0.0000,OK
2026-07-07 21:52:54,F1,0.0000,OK
2026-07-07 21:53:04,F1,0.0000,OK
2026-07-07 21:53:15,F1,0.0000,OK
2026-07-07 21:53:25,F1,0.0000,OK
2026-07-07 21:53:35,F1,0.0000,OK
2026-07-07 21:53:46,F1,0.0000,OK
2026-07-07 21:53:56,F1,0.0000,OK
2026-07-07 21:54:06,F1,0.0000,OK
2026-07-07 21:54:17,F1,0.0000,OK
2026-07-07 21:54:27,F1,0.0000,OK
2026-07-07 21:54:37,F1,0.0000,OK
2026-07-07 21:54:48,F1,0.0000,OK
2026-07-07 21:54:58,F1,0.0000,OK
2026-07-07 21:55:08,F1,0.0000,OK
2026-07-07 21:55:19,F1,0.0000,OK
2026-07-07 21:55:29,F1,0.0000,OK
2026-07-07 21:55:39,F1,0.0000,OK
2026-07-07 21:55:50,F1,0.0000,OK
2026-07-07 21:56:00,F1,0.0000,OK
2026-07-07 21:56:10,F1,0.0000,OK
2026-07-07 21:56:21,F1,0.0000,OK
2026-07-07 21:56:31,F1,0.0000,OK
2026-07-07 21:56:41,F1,0.0000,OK
2026-07-07 21:56:52,F1,0.0000,OK
2026-07-07 21:57:02,F1,0.0000,OK
2026-07-07 21:57:12,F1,0.0000,OK
2026-07-07 21:57:23,F1,0.0000,OK
2026-07-07 21:57:33,F1,0.0000,OK
2026-07-07 21:57:43,F1,0.0000,OK
2026-07-07 21:57:54,F1,0.0000,Bajo rango
2026-07-07 21:58:04,F1,0.0000,OK
2026-07-07 21:58:14,F1,0.0000,OK
2026-07-07 21:58:25,F1,0.0000,OK
2026-07-07 21:58:35,F1,0.0000,OK
2026-07-07 21:58:45,F1,0.0000,OK
2026-07-07 21:58:56,F1,0.0000,OK
2026-07-07 21:59:06,F1,0.0000,OK
2026-07-07 21:59:16,F1,0.0000,OK
2026-07-07 21:59:27,F1,0.0000,OK
2026-07-07 21:59:37,F1,0.0000,OK
2026-07-07 21:59:48,F1,0.0000,OK
2026-07-07 21:59:58,F1,0.0000,OK
2026-07-07 22:00:08,F1,0.0000,OK
2026-07-07 22:00:19,F1,0.0000,OK
2026-07-07 22:00:29,F1,0.0000,OK
2026-07-07 22:00:39,F1,0.0000,OK
2026-07-07 22:00:50,F1,0.0000,OK
2026-07-07 22:01:00,F1,0.0000,OK
2026-07-07 22:01:10,F1,0.0000,OK
2026-07-07 22:01:21,F1,0.0000,OK
2026-07-07 22:01:31,F1,0.0000,OK
2026-07-07 22:01:41,F1,0.0000,OK
2026-07-07 22:01:52,F1,0.0000,Bajo rango
2026-07-07 22:02:02,F1,0.0000,OK
2026-07-07 22:02:12,F1,0.0000,OK
2026-07-07 22:02:23,F1,0.0000,OK
2026-07-07 22:02:33,F1,0.0000,OK
2026-07-07 22:02:43,F1,0.0000,OK
2026-07-07 22:02:54,F1,0.0000,OK
2026-07-07 22:03:04,F1,0.0000,OK
2026-07-07 22:03:14,F1,0.0000,OK
2026-07-07 22:03:25,F1,0.0000,OK
2026-07-07 22:03:35,F1,0.0000,OK
2026-07-07 22:03:45,F1,0.0000,OK
2026-07-07 22:03:56,F1,0.0000,OK
2026-07-07 22:04:06,F1,0.0000,OK
2026-07-07 22:04:16,F1,0.0000,OK
2026-07-07 22:04:27,F1,0.0000,OK
2026-07-07 22:04:37,F1,0.0000,OK
2026-07-07 22:04:47,F1,0.0000,OK
2026-07-07 22:04:58,F1,0.0000,OK
2026-07-07 22:05:08,F1,0.0000,OK
2026-07-07 22:05:18,F1,0.0000,OK
2026-07-07 22:05:29,F1,0.0000,OK
2026-07-07 22:05:39,F1,0.0000,OK
2026-07-07 22:05:49,F1,0.0000,OK
2026-07-07 22:06:00,F1,0.0000,OK
2026-07-07 22:06:10,F1,0.0000,OK
2026-07-07 22:06:20,F1,0.0000,OK
2026-07-07 22:06:31,F1,0.0000,OK
2026-07-07 22:06:41,F1,0.0000,OK
2026-07-07 22:06:51,F1,0.0000,OK
2026-07-07 22:07:02,F1,0.0000,OK
2026-07-07 22:07:12,F1,0.0000,OK
2026-07-07 22:07:22,F1,0.0000,OK
2026-07-07 22:07:33,F1,0.0000,OK
2026-07-07 22:07:43,F1,0.0000,OK
2026-07-07 22:07:53,F1,0.0000,OK
2026-07-07 22:08:04,F1,0.0000,OK
2026-07-07 22:08:14,F1,0.0000,OK
2026-07-07 22:08:24,F1,0.0000,OK
2026-07-07 22:08:35,F1,0.0000,OK
2026-07-07 22:08:45,F1,0.0000,Bajo rango
2026-07-07 22:08:55,F1,0.0000,OK
2026-07-07 22:09:06,F1,0.0000,OK
2026-07-07 22:09:16,F1,0.0000,OK
2026-07-07 22:09:26,F1,0.0000,OK
2026-07-07 22:09:37,F1,0.0000,OK
2026-07-07 22:09:47,F1,0.0000,OK
2026-07-07 22:09:57,F1,0.0000,OK
2026-07-07 22:10:08,F1,0.0000,OK
2026-07-07 22:10:18,F1,0.0000,OK
2026-07-07 22:10:29,F1,0.0000,OK
2026-07-07 22:10:39,F1,0.0000,OK
2026-07-07 22:10:49,F1,0.0000,OK
2026-07-07 22:11:00,F1,0.0000,OK
2026-07-07 22:11:10,F1,0.0000,OK
2026-07-07 22:11:20,F1,0.0000,OK
2026-07-07 22:11:31,F1,0.0000,OK
2026-07-07 22:11:41,F1,0.0000,OK
2026-07-07 22:11:51,F1,0.0000,OK
2026-07-07 22:12:02,F1,0.0000,OK
2026-07-07 22:12:12,F1,0.0000,OK
2026-07-07 22:12:22,F1,0.0000,OK
2026-07-07 22:12:33,F1,0.0000,OK
2026-07-07 22:12:43,F1,0.0000,OK
2026-07-07 22:12:53,F1,0.0000,OK
2026-07-07 22:13:04,F1,0.0000,OK
2026-07-07 22:13:14,F1,0.0000,OK
2026-07-07 22:13:24,F1,0.0000,OK
2026-07-07 22:13:35,F1,0.0000,OK
2026-07-07 22:13:45,F1,0.0000,OK
2026-07-07 22:13:55,F1,0.0000,OK
2026-07-07 22:14:06,F1,0.0000,OK
2026-07-07 22:14:16,F1,0.0000,OK
2026-07-07 22:14:26,F1,0.0000,OK
2026-07-07 22:14:37,F1,0.0000,OK
2026-07-07 22:14:47,F1,0.0000,OK
2026-07-07 22:14:57,F1,0.0000,OK
2026-07-07 22:15:08,F1,0.0000,OK
2026-07-07 22:15:18,F1,0.0000,OK
2026-07-07 22:15:28,F1,0.0000,OK
2026-07-07 22:15:39,F1,0.0000,OK
2026-07-07 22:15:49,F1,0.0000,OK
2026-07-07 22:15:59,F1,0.0000,OK
2026-07-07 22:16:10,F1,0.0000,OK
2026-07-07 22:16:20,F1,0.0000,OK
2026-07-07 22:16:30,F1,0.0000,OK
2026-07-07 22:16:41,F1,0.0000,OK
2026-07-07 22:16:51,F1,0.0000,OK
2026-07-07 22:17:01,F1,0.0000,OK
2026-07-07 22:17:12,F1,0.0000,OK
2026-07-07 22:17:22,F1,0.0000,OK
2026-07-07 22:17:32,F1,0.0000,OK
2026-07-07 22:17:43,F1,0.0000,OK
2026-07-07 22:17:53,F1,0.0000,OK
2026-07-07 22:18:03,F1,0.0000,OK
2026-07-07 22:18:14,F1,0.0000,Bajo rango
2026-07-07 22:18:24,F1,0.0000,OK
2026-07-07 22:18:34,F1,0.0000,Bajo rango
2026-07-07 22:18:45,F1,0.0000,OK
2026-07-07 22:18:55,F1,0.0000,OK
2026-07-07 22:19:05,F1,0.0000,Bajo rango
2026-07-07 22:19:16,F1,0.0000,OK
2026-07-07 22:19:26,F1,0.0000,OK
2026-07-07 22:19:36,F1,0.0000,OK
2026-07-07 22:19:47,F1,0.0000,OK
2026-07-07 22:19:57,F1,0.0000,OK
2026-07-07 22:20:07,F1,0.0000,OK
2026-07-07 22:20:18,F1,0.0000,OK
2026-07-07 22:20:28,F1,0.0000,OK
2026-07-07 22:20:38,F1,0.0000,OK
2026-07-07 22:20:49,F1,0.0000,OK
2026-07-07 22:20:59,F1,0.0000,OK
2026-07-07 22:21:09,F1,0.0000,OK
2026-07-07 22:21:20,F1,0.0000,Bajo rango
2026-07-07 22:21:30,F1,0.0000,OK
2026-07-07 22:21:40,F1,0.0000,OK
2026-07-07 22:21:51,F1,0.0000,OK
2026-07-07 22:22:01,F1,0.0000,OK
2026-07-07 22:22:11,F1,0.0000,OK
2026-07-07 22:22:22,F1,0.0000,OK
2026-07-07 22:22:32,F1,0.0000,OK
2026-07-07 22:22:42,F1,0.0000,OK
2026-07-07 22:22:53,F1,0.0000,OK
2026-07-07 22:23:03,F1,0.0000,OK
2026-07-07 22:23:13,F1,0.0000,OK
2026-07-07 22:23:24,F1,0.0000,OK
2026-07-07 22:23:34,F1,0.0000,OK
2026-07-07 22:23:44,F1,0.0000,OK
2026-07-07 22:23:55,F1,0.0000,OK
2026-07-07 22:24:05,F1,0.0000,Bajo rango
2026-07-07 22:24:15,F1,0.0000,OK
2026-07-07 22:24:26,F1,0.0000,OK
2026-07-07 22:24:36,F1,0.0000,OK
2026-07-07 22:24:46,F1,0.0000,OK
2026-07-07 22:24:57,F1,0.0000,OK
2026-07-07 22:25:07,F1,0.0000,OK
2026-07-07 22:25:17,F1,0.0000,OK
2026-07-07 22:25:28,F1,0.0000,OK
2026-07-07 22:25:38,F1,0.0000,OK
2026-07-07 22:25:48,F1,0.0000,OK
2026-07-07 22:25:59,F1,0.0000,OK
2026-07-07 22:26:09,F1,0.0000,OK
2026-07-07 22:26:19,F1,0.0000,OK
2026-07-07 22:26:30,F1,0.0000,OK
2026-07-07 22:26:40,F1,0.0000,OK
2026-07-07 22:26:50,F1,0.0000,Bajo rango
2026-07-07 22:27:01,F1,0.0000,OK
2026-07-07 22:27:11,F1,0.0000,OK
2026-07-07 22:27:21,F1,0.0000,OK
2026-07-07 22:27:32,F1,0.0000,OK
2026-07-07 22:27:42,F1,0.0000,OK
2026-07-07 22:27:52,F1,0.0000,OK
2026-07-07 22:28:03,F1,0.0000,OK
2026-07-07 22:28:13,F1,0.0000,OK
2026-07-07 22:28:24,F1,0.0000,OK
2026-07-07 22:28:34,F1,0.0000,OK
2026-07-07 22:28:44,F1,0.0000,OK
2026-07-07 22:28:55,F1,0.0000,OK
2026-07-07 22:29:05,F1,0.0000,OK
2026-07-07 22:29:15,F1,0.0000,Bajo rango
2026-07-07 22:29:25,F1,0.0000,Bajo rango
2026-07-07 22:29:36,F1,0.0000,OK
2026-07-07 22:29:46,F1,0.0000,OK
2026-07-07 22:29:56,F1,0.0000,OK
2026-07-07 22:30:07,F1,0.0000,OK
2026-07-07 22:30:17,F1,0.0000,OK
2026-07-07 22:30:28,F1,0.0000,OK
2026-07-07 22:30:38,F1,0.0000,OK
2026-07-07 22:30:48,F1,0.0000,OK
2026-07-07 22:30:58,F1,0.0000,OK
2026-07-07 22:31:09,F1,0.0000,OK
2026-07-07 22:31:19,F1,0.0000,OK
2026-07-07 22:31:29,F1,0.0000,OK
2026-07-07 22:31:40,F1,0.0000,OK
2026-07-07 22:31:50,F1,0.0000,OK
2026-07-07 22:32:00,F1,0.0000,Bajo rango
2026-07-07 22:32:11,F1,0.0000,OK
2026-07-07 22:32:21,F1,0.0000,OK
2026-07-07 22:32:32,F1,0.0000,Bajo rango
2026-07-07 22:32:42,F1,0.0000,OK
2026-07-07 22:32:52,F1,0.0000,OK
2026-07-07 22:33:03,F1,0.0000,OK
2026-07-07 22:33:13,F1,0.0000,OK
2026-07-07 22:33:23,F1,0.0000,OK
2026-07-07 22:33:33,F1,0.0000,OK
2026-07-07 22:33:44,F1,0.0000,OK
2026-07-07 22:33:54,F1,0.0000,OK
2026-07-07 22:34:04,F1,0.0000,Bajo rango
2026-07-07 22:34:15,F1,0.0000,Bajo rango
2026-07-07 22:34:25,F1,0.0000,OK
2026-07-07 22:34:36,F1,0.0000,OK
2026-07-07 22:34:46,F1,0.0000,OK
2026-07-07 22:34:56,F1,0.0000,OK
2026-07-07 22:35:07,F1,0.0000,OK
2026-07-07 22:35:17,F1,0.0000,OK
2026-07-07 22:35:27,F1,0.0000,OK
2026-07-07 22:35:38,F1,0.0000,OK
2026-07-07 22:35:48,F1,0.0000,OK
2026-07-07 22:35:58,F1,0.0000,OK
2026-07-07 22:36:09,F1,0.0000,OK
2026-07-07 22:36:19,F1,0.0000,OK
2026-07-07 22:36:29,F1,0.0000,OK
2026-07-07 22:36:40,F1,0.0000,OK
2026-07-07 22:36:50,F1,0.0000,OK
2026-07-07 22:37:00,F1,0.0000,OK
2026-07-07 22:37:11,F1,0.0000,OK
2026-07-07 22:37:21,F1,0.0000,OK
2026-07-07 22:37:31,F1,0.0000,OK
2026-07-07 22:37:42,F1,0.0000,OK
2026-07-07 22:37:52,F1,0.0000,OK
2026-07-07 22:38:02,F1,0.0000,Bajo rango
2026-07-07 22:38:13,F1,0.0000,OK
2026-07-07 22:38:23,F1,0.0000,OK
2026-07-07 22:38:33,F1,0.0000,OK
2026-07-07 22:38:44,F1,0.0000,OK
2026-07-07 22:38:54,F1,0.0000,OK
2026-07-07 22:39:04,F1,0.0000,OK
2026-07-07 22:39:15,F1,0.0000,OK
2026-07-07 22:39:25,F1,0.0000,OK
2026-07-07 22:39:35,F1,0.0000,OK
2026-07-07 22:39:45,F1,0.0000,OK
2026-07-07 22:39:56,F1,0.0000,OK
2026-07-07 22:40:06,F1,0.0000,OK
2026-07-07 22:40:16,F1,0.0000,OK
2026-07-07 22:40:27,F1,0.0000,OK
2026-07-07 22:40:37,F1,0.0000,OK
2026-07-07 22:40:47,F1,0.0000,OK
2026-07-07 22:40:58,F1,0.0000,OK
2026-07-07 22:41:08,F1,0.0000,OK
2026-07-07 22:41:18,F1,0.0000,OK
2026-07-07 22:41:29,F1,0.0000,OK
2026-07-07 22:41:39,F1,0.0000,OK
2026-07-07 22:41:49,F1,0.0000,OK
2026-07-07 22:42:00,F1,0.0000,OK
2026-07-07 22:42:10,F1,0.0000,OK
2026-07-07 22:42:21,F1,0.0000,OK
2026-07-07 22:42:31,F1,0.0000,OK
2026-07-07 22:42:41,F1,0.0000,OK
2026-07-07 22:42:52,F1,0.0000,OK
2026-07-07 22:43:02,F1,0.0000,OK
2026-07-07 22:43:12,F1,0.0000,OK
2026-07-07 22:43:23,F1,0.0000,OK
2026-07-07 22:43:33,F1,0.0000,OK
2026-07-07 22:43:43,F1,0.0000,OK
2026-07-07 22:43:54,F1,0.0000,OK
2026-07-07 22:44:04,F1,0.0000,OK
2026-07-07 22:44:14,F1,0.0000,OK
2026-07-07 22:44:25,F1,0.0000,OK
2026-07-07 22:44:35,F1,0.0000,OK
2026-07-07 22:44:45,F1,0.0000,OK
2026-07-07 22:44:56,F1,0.0000,OK
2026-07-07 22:45:06,F1,0.0000,OK
2026-07-07 22:45:16,F1,0.0000,OK
2026-07-07 22:45:27,F1,0.0000,OK
2026-07-07 22:45:37,F1,0.0000,OK
2026-07-07 22:45:47,F1,0.0000,OK
2026-07-07 22:45:58,F1,0.0000,OK
2026-07-07 22:46:08,F1,0.0000,OK
2026-07-07 22:46:18,F1,0.0000,OK
2026-07-07 22:46:29,F1,0.0000,OK
2026-07-07 22:46:39,F1,0.0000,OK
2026-07-07 22:46:49,F1,0.0000,OK
2026-07-07 22:47:00,F1,0.0000,OK
2026-07-07 22:47:10,F1,0.0000,OK
2026-07-07 22:47:20,F1,0.0000,OK
2026-07-07 22:47:31,F1,0.0000,OK
2026-07-07 22:47:41,F1,0.0000,OK
2026-07-07 22:47:51,F1,0.0000,OK
2026-07-07 22:48:02,F1,0.0000,OK
2026-07-07 22:48:12,F1,0.0000,OK
2026-07-07 22:48:22,F1,0.0000,OK
2026-07-07 22:48:33,F1,0.0000,OK
2026-07-07 22:48:43,F1,0.0000,OK
2026-07-07 22:48:53,F1,0.0000,Bajo rango
2026-07-07 22:49:04,F1,0.0000,OK
2026-07-07 22:49:14,F1,0.0000,OK
2026-07-07 22:49:24,F1,0.0000,OK
2026-07-07 22:49:35,F1,0.0000,OK
2026-07-07 22:49:45,F1,0.0000,OK
2026-07-07 22:49:55,F1,0.0000,OK
2026-07-07 22:50:06,F1,0.0000,OK
2026-07-07 22:50:16,F1,0.0000,OK
2026-07-07 22:50:26,F1,0.0000,OK
2026-07-07 22:50:37,F1,0.0000,Bajo rango
2026-07-07 22:50:47,F1,0.0000,OK
2026-07-07 22:50:57,F1,0.0000,OK
2026-07-07 22:51:08,F1,0.0000,OK
2026-07-07 22:51:18,F1,0.0000,OK
2026-07-07 22:51:28,F1,0.0000,OK
2026-07-07 22:51:39,F1,0.0000,Bajo rango
2026-07-07 22:51:49,F1,0.0000,OK
2026-07-07 22:51:59,F1,0.0000,OK
2026-07-07 22:52:10,F1,0.0000,OK
2026-07-07 22:52:20,F1,0.0000,OK
2026-07-07 22:52:30,F1,0.0000,OK
2026-07-07 22:52:41,F1,0.0000,OK
2026-07-07 22:52:51,F1,0.0000,OK
2026-07-07 22:53:01,F1,0.0000,OK
2026-07-07 22:53:12,F1,0.0000,OK
2026-07-07 22:53:22,F1,0.0000,OK
2026-07-07 22:53:32,F1,0.0000,OK
2026-07-07 22:53:43,F1,0.0000,OK
2026-07-07 22:53:53,F1,0.0000,OK
2026-07-07 22:54:03,F1,0.0000,OK
2026-07-07 22:54:14,F1,0.0000,OK
2026-07-07 22:54:24,F1,0.0000,OK
2026-07-07 22:54:34,F1,0.0000,OK
2026-07-07 22:54:45,F1,0.0000,OK
2026-07-07 22:54:55,F1,0.0000,OK
2026-07-07 22:55:05,F1,0.0000,OK
2026-07-07 22:55:16,F1,0.0000,OK
2026-07-07 22:55:26,F1,0.0000,OK
2026-07-07 22:55:36,F1,0.0000,OK
2026-07-07 22:55:47,F1,0.0000,OK
2026-07-07 22:55:57,F1,0.0000,OK
2026-07-07 22:56:07,F1,0.0000,OK
2026-07-07 22:56:18,F1,0.0000,OK
2026-07-07 22:56:28,F1,0.0000,OK
2026-07-07 22:56:38,F1,0.0000,OK
2026-07-07 22:56:49,F1,0.0000,OK
2026-07-07 22:56:59,F1,0.0000,OK
2026-07-07 22:57:09,F1,0.0000,OK
2026-07-07 22:57:20,F1,0.0000,OK
2026-07-07 22:57:30,F1,0.0000,OK
2026-07-07 22:57:40,F1,0.0000,OK
2026-07-07 22:57:51,F1,0.0000,OK
2026-07-07 22:58:01,F1,0.0000,OK
2026-07-07 22:58:11,F1,0.0000,OK
2026-07-07 22:58:22,F1,0.0000,OK
2026-07-07 22:58:32,F1,0.0000,OK
2026-07-07 22:58:42,F1,0.0000,OK
2026-07-07 22:58:53,F1,0.0000,Bajo rango
2026-07-07 22:59:03,F1,0.0000,OK
2026-07-07 22:59:13,F1,0.0000,OK
2026-07-07 22:59:24,F1,0.0000,OK
2026-07-07 22:59:34,F1,0.0000,OK
2026-07-07 22:59:44,F1,0.0000,OK
2026-07-07 22:59:55,F1,0.0000,OK
2026-07-07 23:00:05,F1,0.0000,OK
2026-07-07 23:00:15,F1,0.0000,Bajo rango
2026-07-07 23:00:26,F1,0.0000,OK
2026-07-07 23:00:36,F1,0.0000,OK
2026-07-07 23:00:46,F1,0.0000,OK
2026-07-07 23:00:57,F1,0.0000,OK
2026-07-07 23:01:07,F1,0.0000,OK
2026-07-07 23:01:17,F1,0.0000,OK
2026-07-07 23:01:28,F1,0.0000,OK
2026-07-07 23:01:38,F1,0.0000,OK
2026-07-07 23:01:48,F1,0.0000,OK
2026-07-07 23:01:59,F1,0.0000,OK
2026-07-07 23:02:09,F1,0.0000,OK
2026-07-07 23:02:19,F1,0.0000,OK
2026-07-07 23:02:30,F1,0.0000,OK
2026-07-07 23:02:40,F1,0.0000,OK
2026-07-07 23:02:50,F1,0.0000,OK
2026-07-07 23:03:01,F1,0.0000,OK
2026-07-07 23:03:11,F1,0.0000,OK
2026-07-07 23:03:21,F1,0.0000,OK
2026-07-07 23:03:32,F1,0.0000,OK
2026-07-07 23:03:42,F1,0.0000,OK
2026-07-07 23:03:52,F1,0.0000,OK
2026-07-07 23:04:03,F1,0.0000,OK
2026-07-07 23:04:13,F1,0.0000,OK
2026-07-07 23:04:23,F1,0.0000,OK
2026-07-07 23:04:34,F1,0.0000,OK
2026-07-07 23:04:44,F1,0.0000,OK
2026-07-07 23:04:54,F1,0.0000,OK
2026-07-07 23:05:05,F1,0.0000,OK
2026-07-07 23:05:15,F1,0.0000,OK
2026-07-07 23:05:25,F1,0.0000,OK
2026-07-07 23:05:36,F1,0.0000,OK
2026-07-07 23:05:46,F1,0.0000,OK
2026-07-07 23:05:56,F1,0.0000,OK
2026-07-07 23:06:07,F1,0.0000,OK
2026-07-07 23:06:17,F1,0.0000,OK
2026-07-07 23:06:27,F1,0.0000,OK
2026-07-07 23:06:38,F1,0.0000,OK
2026-07-07 23:06:48,F1,0.0000,OK
2026-07-07 23:06:58,F1,0.0000,OK
2026-07-07 23:07:09,F1,0.0000,OK
2026-07-07 23:07:19,F1,0.0000,OK
2026-07-07 23:07:29,F1,0.0000,OK
2026-07-07 23:07:40,F1,0.0000,OK
2026-07-07 23:07:50,F1,0.0000,Bajo rango
2026-07-07 23:08:00,F1,0.0000,OK
2026-07-07 23:08:11,F1,0.0000,OK
2026-07-07 23:08:21,F1,0.0000,OK
2026-07-07 23:08:31,F1,0.0000,OK
2026-07-07 23:08:42,F1,0.0000,Bajo rango
2026-07-07 23:08:52,F1,0.0000,OK
2026-07-07 23:09:02,F1,0.0000,OK
2026-07-07 23:09:13,F1,0.0000,OK
2026-07-07 23:09:23,F1,0.0000,OK
2026-07-07 23:09:33,F1,0.0000,OK
2026-07-07 23:09:44,F1,0.0000,OK
2026-07-07 23:09:54,F1,0.0000,OK
2026-07-07 23:10:04,F1,0.0000,OK
2026-07-07 23:10:15,F1,0.0000,OK
2026-07-07 23:10:25,F1,0.0000,OK
2026-07-07 23:10:35,F1,0.0000,OK
2026-07-07 23:10:46,F1,0.0000,OK
2026-07-07 23:10:56,F1,0.0000,OK
2026-07-07 23:11:06,F1,0.0000,OK
2026-07-07 23:11:17,F1,0.0000,OK
2026-07-07 23:11:27,F1,0.0000,OK
2026-07-07 23:11:37,F1,0.0000,OK
2026-07-07 23:11:48,F1,0.0000,OK
2026-07-07 23:11:58,F1,0.0000,OK
2026-07-07 23:12:08,F1,0.0000,Bajo rango
2026-07-07 23:12:19,F1,0.0000,OK
2026-07-07 23:12:29,F1,0.0000,OK
2026-07-07 23:12:39,F1,0.0000,Bajo rango
2026-07-07 23:12:50,F1,0.0000,OK
2026-07-07 23:13:00,F1,0.0000,OK
2026-07-07 23:13:10,F1,0.0000,Bajo rango
2026-07-07 23:13:21,F1,0.0000,OK
2026-07-07 23:13:31,F1,0.0000,OK
2026-07-07 23:13:41,F1,0.0000,OK
2026-07-07 23:13:52,F1,0.0000,OK
2026-07-07 23:14:02,F1,0.0000,OK
2026-07-07 23:14:12,F1,0.0000,OK
2026-07-07 23:14:23,F1,0.0000,OK
2026-07-07 23:14:33,F1,0.0000,OK
2026-07-07 23:14:43,F1,0.0000,OK
2026-07-07 23:14:54,F1,0.0000,OK
2026-07-07 23:15:04,F1,0.0000,OK
2026-07-07 23:15:14,F1,0.0000,OK
2026-07-07 23:15:25,F1,0.0000,OK
2026-07-07 23:15:35,F1,0.0000,OK
2026-07-07 23:15:45,F1,0.0000,OK
2026-07-07 23:15:56,F1,0.0000,OK
2026-07-07 23:16:06,F1,0.0000,OK
2026-07-07 23:16:16,F1,0.0000,OK
2026-07-07 23:16:27,F1,0.0000,OK
2026-07-07 23:16:37,F1,0.0000,OK
2026-07-07 23:16:47,F1,0.0000,OK
2026-07-07 23:16:58,F1,0.0000,OK
2026-07-07 23:17:08,F1,0.0000,OK
2026-07-07 23:17:18,F1,0.0000,OK
2026-07-07 23:17:29,F1,0.0000,Bajo rango
2026-07-07 23:17:39,F1,0.0000,OK
2026-07-07 23:17:49,F1,0.0000,OK
2026-07-07 23:18:00,F1,0.0000,OK
2026-07-07 23:18:10,F1,0.0000,OK
2026-07-07 23:18:20,F1,0.0000,OK
2026-07-07 23:18:31,F1,0.0000,OK
2026-07-07 23:18:41,F1,0.0000,OK
2026-07-07 23:18:51,F1,0.0000,OK
2026-07-07 23:19:02,F1,0.0000,OK
2026-07-07 23:19:12,F1,0.0000,OK
2026-07-07 23:19:22,F1,0.0000,OK
2026-07-07 23:19:33,F1,0.0000,OK
2026-07-07 23:19:43,F1,0.0000,OK
2026-07-07 23:19:53,F1,0.0000,OK
2026-07-07 23:20:04,F1,0.0000,OK
2026-07-07 23:20:14,F1,0.0000,OK
2026-07-07 23:20:24,F1,0.0000,OK
2026-07-07 23:20:35,F1,0.0000,OK
2026-07-07 23:20:45,F1,0.0000,OK
2026-07-07 23:20:55,F1,0.0000,OK
2026-07-07 23:21:06,F1,0.0000,OK
2026-07-07 23:21:16,F1,0.0000,OK
2026-07-07 23:21:26,F1,0.0000,OK
2026-07-07 23:21:37,F1,0.0000,OK
2026-07-07 23:21:47,F1,0.0000,OK
2026-07-07 23:21:57,F1,0.0000,OK
2026-07-07 23:22:08,F1,0.0000,OK
2026-07-07 23:22:18,F1,0.0000,OK
2026-07-07 23:22:28,F1,0.0000,OK
2026-07-07 23:22:39,F1,0.0000,OK
2026-07-07 23:22:49,F1,0.0000,OK
2026-07-07 23:22:59,F1,0.0000,OK
2026-07-07 23:23:10,F1,0.0000,OK
2026-07-07 23:23:20,F1,0.0000,OK
2026-07-07 23:23:30,F1,0.0000,OK
2026-07-07 23:23:41,F1,0.0000,OK
2026-07-07 23:23:51,F1,0.0000,OK
2026-07-07 23:24:01,F1,0.0000,OK
2026-07-07 23:24:12,F1,0.0000,OK
2026-07-07 23:24:22,F1,0.0000,OK
2026-07-07 23:24:32,F1,0.0000,OK
2026-07-07 23:24:43,F1,0.0000,OK
2026-07-07 23:24:53,F1,0.0000,OK
2026-07-07 23:25:03,F1,0.0000,OK
2026-07-07 23:25:14,F1,0.0000,OK
2026-07-07 23:25:24,F1,0.0000,OK
2026-07-07 23:25:34,F1,0.0000,OK
2026-07-07 23:25:45,F1,0.0000,OK
2026-07-07 23:25:55,F1,0.0000,OK
2026-07-07 23:26:05,F1,0.0000,OK
2026-07-07 23:26:16,F1,0.0000,OK
2026-07-07 23:26:26,F1,0.0000,OK
2026-07-07 23:26:37,F1,0.0000,OK
2026-07-07 23:26:47,F1,0.0000,OK
2026-07-07 23:26:57,F1,0.0000,OK
2026-07-07 23:27:08,F1,0.0000,OK
2026-07-07 23:27:18,F1,0.0000,OK
2026-07-07 23:27:28,F1,0.0000,Bajo rango
2026-07-07 23:27:39,F1,0.0000,OK
2026-07-07 23:27:49,F1,0.0000,OK
2026-07-07 23:27:59,F1,0.0000,OK
2026-07-07 23:28:10,F1,0.0000,OK
2026-07-07 23:28:20,F1,0.0000,OK
2026-07-07 23:28:30,F1,0.0000,OK
2026-07-07 23:28:41,F1,0.0000,Bajo rango
2026-07-07 23:28:51,F1,0.0000,OK
2026-07-07 23:29:01,F1,0.0000,OK
2026-07-07 23:29:12,F1,0.0000,OK
2026-07-07 23:29:22,F1,0.0000,OK
2026-07-07 23:29:32,F1,0.0000,OK
2026-07-07 23:29:42,F1,0.0000,OK
2026-07-07 23:29:53,F1,0.0000,Bajo rango
2026-07-07 23:30:03,F1,0.0000,OK
2026-07-07 23:30:13,F1,0.0000,OK
2026-07-07 23:30:24,F1,0.0000,OK
2026-07-07 23:30:34,F1,0.0000,OK
2026-07-07 23:30:44,F1,0.0000,OK
2026-07-07 23:30:55,F1,0.0000,OK
2026-07-07 23:31:05,F1,0.0000,OK
2026-07-07 23:31:15,F1,0.0000,OK
2026-07-07 23:31:26,F1,0.0000,OK
2026-07-07 23:31:36,F1,0.0000,OK
2026-07-07 23:31:46,F1,0.0000,OK
2026-07-07 23:31:57,F1,0.0000,OK
2026-07-07 23:32:07,F1,0.0000,OK
2026-07-07 23:32:17,F1,0.0000,OK
2026-07-07 23:32:28,F1,0.0000,OK
2026-07-07 23:32:38,F1,0.0000,OK
2026-07-07 23:32:48,F1,0.0000,OK
2026-07-07 23:32:59,F1,0.0000,OK
2026-07-07 23:33:09,F1,0.0000,OK
2026-07-07 23:33:19,F1,0.0000,OK
2026-07-07 23:33:30,F1,0.0000,OK
2026-07-07 23:33:40,F1,0.0000,OK
2026-07-07 23:33:51,F1,0.0000,OK
2026-07-07 23:34:01,F1,0.0000,OK
2026-07-07 23:34:11,F1,0.0000,OK
2026-07-07 23:34:21,F1,0.0000,OK
2026-07-07 23:34:32,F1,0.0000,OK
2026-07-07 23:34:42,F1,0.0000,OK
2026-07-07 23:34:53,F1,0.0000,OK
2026-07-07 23:35:03,F1,0.0000,OK
2026-07-07 23:35:13,F1,0.0000,OK
2026-07-07 23:35:23,F1,0.0000,OK
2026-07-07 23:35:34,F1,0.0000,OK
2026-07-07 23:35:44,F1,0.0000,OK
2026-07-07 23:35:55,F1,0.0000,OK
2026-07-07 23:36:05,F1,0.0000,OK
2026-07-07 23:36:15,F1,0.0000,Bajo rango
2026-07-07 23:36:26,F1,0.0000,OK
2026-07-07 23:36:36,F1,0.0000,OK
2026-07-07 23:36:46,F1,0.0000,Bajo rango
2026-07-07 23:36:56,F1,0.0000,OK
2026-07-07 23:37:07,F1,0.0000,OK
2026-07-07 23:37:17,F1,0.0000,OK
2026-07-07 23:37:28,F1,0.0000,OK
2026-07-07 23:37:38,F1,0.0000,OK
2026-07-07 23:37:48,F1,0.0000,OK
2026-07-07 23:37:58,F1,0.0000,OK
2026-07-07 23:38:09,F1,0.0000,OK
2026-07-07 23:38:19,F1,0.0000,OK
2026-07-07 23:38:29,F1,0.0000,OK
2026-07-07 23:38:40,F1,0.0000,OK
2026-07-07 23:38:50,F1,0.0000,OK
2026-07-07 23:39:00,F1,0.0000,OK
2026-07-07 23:39:11,F1,0.0000,Bajo rango
2026-07-07 23:39:21,F1,0.0000,OK
2026-07-07 23:39:32,F1,0.0000,OK
2026-07-07 23:39:42,F1,0.0000,OK
2026-07-07 23:39:52,F1,0.0000,OK
2026-07-07 23:40:02,F1,0.0000,OK
2026-07-07 23:40:13,F1,0.0000,OK
2026-07-07 23:40:23,F1,0.0000,Bajo rango
2026-07-07 23:40:33,F1,0.0000,OK
2026-07-07 23:40:44,F1,0.0000,OK
2026-07-07 23:40:54,F1,0.0000,OK
2026-07-07 23:41:05,F1,0.0000,OK
2026-07-07 23:41:15,F1,0.0000,OK
2026-07-07 23:41:25,F1,0.0000,OK
2026-07-07 23:41:36,F1,0.0000,OK
2026-07-07 23:41:46,F1,0.0000,OK
2026-07-07 23:41:56,F1,0.0000,OK
2026-07-07 23:42:07,F1,0.0000,OK
2026-07-07 23:42:17,F1,0.0000,Bajo rango
2026-07-07 23:42:27,F1,0.0000,OK
2026-07-07 23:42:38,F1,0.0000,OK
2026-07-07 23:42:48,F1,0.0000,OK
2026-07-07 23:42:58,F1,0.0000,OK
2026-07-07 23:43:09,F1,0.0000,OK
2026-07-07 23:43:19,F1,0.0000,OK
2026-07-07 23:43:29,F1,0.0000,OK
2026-07-07 23:43:40,F1,0.0000,OK
2026-07-07 23:43:50,F1,0.0000,OK
2026-07-07 23:44:00,F1,0.0000,OK
2026-07-07 23:44:11,F1,0.0000,OK
2026-07-07 23:44:21,F1,0.0000,OK
2026-07-07 23:44:31,F1,0.0000,OK
2026-07-07 23:44:42,F1,0.0000,OK
2026-07-07 23:44:52,F1,0.0000,OK
2026-07-07 23:45:02,F1,0.0000,OK
2026-07-07 23:45:13,F1,0.0000,OK
2026-07-07 23:45:23,F1,0.0000,OK
2026-07-07 23:45:33,F1,0.0000,OK
2026-07-07 23:45:44,F1,0.0000,OK
2026-07-07 23:45:54,F1,0.0000,OK
2026-07-07 23:46:04,F1,0.0000,OK
2026-07-07 23:46:15,F1,0.0000,OK
2026-07-07 23:46:25,F1,0.0000,OK
2026-07-07 23:46:35,F1,0.0000,OK
2026-07-07 23:46:46,F1,0.0000,OK
2026-07-07 23:46:56,F1,0.0000,OK
2026-07-07 23:47:06,F1,0.0000,OK
2026-07-07 23:47:17,F1,0.0000,OK
2026-07-07 23:47:27,F1,0.0000,OK
2026-07-07 23:47:37,F1,0.0000,OK
2026-07-07 23:47:48,F1,0.0000,OK
2026-07-07 23:47:58,F1,0.0000,OK
2026-07-07 23:48:08,F1,0.0000,OK
2026-07-07 23:48:19,F1,0.0000,OK
2026-07-07 23:48:29,F1,0.0000,OK
2026-07-07 23:48:39,F1,0.0000,OK
2026-07-07 23:48:50,F1,0.0000,OK
2026-07-07 23:49:00,F1,0.0000,OK
2026-07-07 23:49:10,F1,0.0000,OK
2026-07-07 23:49:21,F1,0.0000,OK
2026-07-07 23:49:31,F1,0.0000,OK
2026-07-07 23:49:41,F1,0.0000,OK
2026-07-07 23:49:52,F1,0.0000,OK
2026-07-07 23:50:02,F1,0.0000,OK
2026-07-07 23:50:12,F1,0.0000,OK
2026-07-07 23:50:23,F1,0.0000,OK
2026-07-07 23:50:33,F1,0.0000,OK
2026-07-07 23:50:43,F1,0.0000,OK
2026-07-07 23:50:54,F1,0.0000,OK
2026-07-07 23:51:04,F1,0.0000,OK
2026-07-07 23:51:14,F1,0.0000,OK
2026-07-07 23:51:25,F1,0.0000,OK
2026-07-07 23:51:35,F1,0.0000,OK
2026-07-07 23:51:45,F1,0.0000,OK
2026-07-07 23:51:56,F1,0.0000,OK
2026-07-07 23:52:06,F1,0.0000,Bajo rango
2026-07-07 23:52:16,F1,0.0000,OK
2026-07-07 23:52:27,F1,0.0000,OK
2026-07-07 23:52:37,F1,0.0000,OK
2026-07-07 23:52:47,F1,0.0000,OK
2026-07-07 23:52:58,F1,0.0000,OK
2026-07-07 23:53:08,F1,0.0000,OK
2026-07-07 23:53:18,F1,0.0000,OK
2026-07-07 23:53:29,F1,0.0000,OK
2026-07-07 23:53:39,F1,0.0000,OK
2026-07-07 23:53:49,F1,0.0000,OK
2026-07-07 23:54:00,F1,0.0000,OK
2026-07-07 23:54:10,F1,0.0000,OK
2026-07-07 23:54:20,F1,0.0000,OK
2026-07-07 23:54:31,F1,0.0000,OK
2026-07-07 23:54:41,F1,0.0000,OK
2026-07-07 23:54:51,F1,0.0000,OK
2026-07-07 23:55:02,F1,0.0000,OK
2026-07-07 23:55:12,F1,0.0000,Bajo rango
2026-07-07 23:55:22,F1,0.0000,OK
2026-07-07 23:55:33,F1,0.0000,OK
2026-07-07 23:55:43,F1,0.0000,OK
2026-07-07 23:55:53,F1,0.0000,OK
2026-07-07 23:56:04,F1,0.0000,OK
2026-07-07 23:56:14,F1,0.0000,OK
2026-07-07 23:56:24,F1,0.0000,OK
2026-07-07 23:56:35,F1,0.0000,OK
2026-07-07 23:56:45,F1,0.0000,OK
2026-07-07 23:56:55,F1,0.0000,Bajo rango
2026-07-07 23:57:06,F1,0.0000,OK
2026-07-07 23:57:16,F1,0.0000,OK
2026-07-07 23:57:26,F1,0.0000,Bajo rango
2026-07-07 23:57:37,F1,0.0000,OK
2026-07-07 23:57:47,F1,0.0000,OK
2026-07-07 23:57:57,F1,0.0000,OK
2026-07-07 23:58:08,F1,0.0000,OK
2026-07-07 23:58:18,F1,0.0000,OK
2026-07-07 23:58:28,F1,0.0000,Bajo rango
2026-07-07 23:58:39,F1,0.0000,OK
2026-07-07 23:58:49,F1,0.0000,OK
2026-07-07 23:58:59,F1,0.0000,OK
2026-07-07 23:59:10,F1,0.0000,OK
2026-07-07 23:59:20,F1,0.0000,OK
2026-07-07 23:59:30,F1,0.0000,OK
2026-07-07 23:59:41,F1,0.0000,OK
2026-07-07 23:59:51,F1,0.0000,OK
2026-07-08 00:00:01,F1,0.0000,OK
2026-07-08 00:00:12,F1,0.0000,OK
2026-07-08 00:00:22,F1,0.0000,Bajo rango
2026-07-08 00:00:32,F1,0.0000,Bajo rango
2026-07-08 00:00:43,F1,0.0000,OK
2026-07-08 00:00:53,F1,0.0000,OK
2026-07-08 00:01:03,F1,0.0000,OK
2026-07-08 00:01:14,F1,0.0000,OK
2026-07-08 00:01:24,F1,0.0000,OK
2026-07-08 00:01:35,F1,0.0000,OK
2026-07-08 00:01:45,F1,0.0000,OK
2026-07-08 00:01:55,F1,0.0000,OK
2026-07-08 00:02:06,F1,0.0000,OK
2026-07-08 00:02:16,F1,0.0000,OK
2026-07-08 00:02:26,F1,0.0000,OK
2026-07-08 00:02:37,F1,0.0000,OK
2026-07-08 00:02:47,F1,0.0000,OK
2026-07-08 00:02:57,F1,0.0000,OK
2026-07-08 00:03:08,F1,0.0000,OK
2026-07-08 00:03:18,F1,0.0000,OK
2026-07-08 00:03:28,F1,0.0000,OK
2026-07-08 00:03:39,F1,0.0000,OK
2026-07-08 00:03:49,F1,0.0000,OK
2026-07-08 00:03:59,F1,0.0000,OK
2026-07-08 00:04:10,F1,0.0000,OK
2026-07-08 00:04:20,F1,0.0000,OK
2026-07-08 00:04:30,F1,0.0000,OK
2026-07-08 00:04:41,F1,0.0000,OK
2026-07-08 00:04:51,F1,0.0000,OK
2026-07-08 00:05:01,F1,0.0000,OK
2026-07-08 00:05:12,F1,0.0000,OK
2026-07-08 00:05:22,F1,0.0000,OK
2026-07-08 00:05:32,F1,0.0000,OK
2026-07-08 00:05:43,F1,0.0000,OK
2026-07-08 00:05:53,F1,0.0000,OK
2026-07-08 00:06:03,F1,0.0000,OK
2026-07-08 00:06:14,F1,0.0000,OK
2026-07-08 00:06:24,F1,0.0000,OK
2026-07-08 00:06:34,F1,0.0000,OK
2026-07-08 00:06:45,F1,0.0000,OK
2026-07-08 00:06:55,F1,0.0000,OK
2026-07-08 00:07:05,F1,0.0000,OK
2026-07-08 00:07:16,F1,0.0000,OK
2026-07-08 00:07:26,F1,0.0000,OK
2026-07-08 00:07:36,F1,0.0000,OK
2026-07-08 00:07:47,F1,0.0000,OK
2026-07-08 00:07:57,F1,0.0000,OK
2026-07-08 00:08:07,F1,0.0000,OK
2026-07-08 00:08:18,F1,0.0000,OK
2026-07-08 00:08:28,F1,0.0000,OK
2026-07-08 00:08:38,F1,0.0000,OK
2026-07-08 00:08:49,F1,0.0000,OK
2026-07-08 00:08:59,F1,0.0000,OK
2026-07-08 00:09:09,F1,0.0000,OK
2026-07-08 00:09:20,F1,0.0000,OK
2026-07-08 00:09:30,F1,0.0000,OK
2026-07-08 00:09:40,F1,0.0000,OK
2026-07-08 00:09:51,F1,0.0000,OK
2026-07-08 00:10:01,F1,0.0000,OK
2026-07-08 00:10:11,F1,0.0000,OK
2026-07-08 00:10:22,F1,0.0000,OK
2026-07-08 00:10:32,F1,0.0000,OK
2026-07-08 00:10:42,F1,0.0000,OK
2026-07-08 00:10:53,F1,0.0000,OK
2026-07-08 00:11:03,F1,0.0000,OK
2026-07-08 00:11:13,F1,0.0000,OK
2026-07-08 00:11:24,F1,0.0000,OK
2026-07-08 00:11:34,F1,0.0000,OK
2026-07-08 00:11:44,F1,0.0000,OK
2026-07-08 00:11:55,F1,0.0000,Bajo rango
2026-07-08 00:12:05,F1,0.0000,OK
2026-07-08 00:12:15,F1,0.0000,OK
2026-07-08 00:12:26,F1,0.0000,OK
2026-07-08 00:12:36,F1,0.0000,OK
2026-07-08 00:12:46,F1,0.0000,OK
2026-07-08 00:12:57,F1,0.0000,OK
2026-07-08 00:13:07,F1,0.0000,OK
2026-07-08 00:13:17,F1,0.0000,OK
2026-07-08 00:13:28,F1,0.0000,OK
2026-07-08 00:13:38,F1,0.0000,OK
2026-07-08 00:13:49,F1,0.0000,OK
2026-07-08 00:13:59,F1,0.0000,Bajo rango
2026-07-08 00:14:09,F1,0.0000,OK
2026-07-08 00:14:20,F1,0.0000,OK
2026-07-08 00:14:30,F1,0.0000,OK
2026-07-08 00:14:40,F1,0.0000,OK
2026-07-08 00:14:51,F1,0.0000,OK
2026-07-08 00:15:01,F1,0.0000,Bajo rango
2026-07-08 00:15:11,F1,0.0000,OK
2026-07-08 00:15:22,F1,0.0000,OK
2026-07-08 00:15:32,F1,0.0000,OK
2026-07-08 00:15:42,F1,0.0000,OK
2026-07-08 00:15:53,F1,0.0000,OK
2026-07-08 00:16:03,F1,0.0000,OK
2026-07-08 00:16:13,F1,0.0000,OK
2026-07-08 00:16:24,F1,0.0000,OK
2026-07-08 00:16:34,F1,0.0000,OK
2026-07-08 00:16:44,F1,0.0000,OK
2026-07-08 00:16:55,F1,0.0000,OK
2026-07-08 00:17:05,F1,0.0000,OK
2026-07-08 00:17:15,F1,0.0000,OK
2026-07-08 00:17:26,F1,0.0000,OK
2026-07-08 00:17:36,F1,0.0000,OK
2026-07-08 00:17:46,F1,0.0000,OK
2026-07-08 00:17:57,F1,0.0000,OK
2026-07-08 00:18:07,F1,0.0000,OK
2026-07-08 00:18:17,F1,0.0000,OK
2026-07-08 00:18:28,F1,0.0000,OK
2026-07-08 00:18:38,F1,0.0000,OK
2026-07-08 00:18:48,F1,0.0000,OK
2026-07-08 00:18:59,F1,0.0000,OK
2026-07-08 00:19:09,F1,0.0000,OK
2026-07-08 00:19:19,F1,0.0000,OK
2026-07-08 00:19:30,F1,0.0000,OK
2026-07-08 00:19:40,F1,0.0000,OK
2026-07-08 00:19:50,F1,0.0000,OK
2026-07-08 00:20:01,F1,0.0000,OK
2026-07-08 00:20:11,F1,0.0000,OK
2026-07-08 00:20:21,F1,0.0000,OK
2026-07-08 00:20:32,F1,0.0000,OK
2026-07-08 00:20:42,F1,0.0000,OK
2026-07-08 00:20:53,F1,0.0000,OK
2026-07-08 00:21:03,F1,0.0000,OK
2026-07-08 00:21:13,F1,0.0000,OK
2026-07-08 00:21:24,F1,0.0000,OK
2026-07-08 00:21:34,F1,0.0000,OK
2026-07-08 00:21:44,F1,0.0000,OK
2026-07-08 00:21:55,F1,0.0000,OK
2026-07-08 00:22:05,F1,0.0000,OK
2026-07-08 00:22:15,F1,0.0000,OK
2026-07-08 00:22:26,F1,0.0000,OK
2026-07-08 00:22:36,F1,0.0000,OK
2026-07-08 00:22:46,F1,0.0000,OK
2026-07-08 00:22:57,F1,0.0000,OK
2026-07-08 00:23:07,F1,0.0000,OK
2026-07-08 00:23:17,F1,0.0000,OK
2026-07-08 00:23:28,F1,0.0000,OK
2026-07-08 00:23:38,F1,0.0000,OK
2026-07-08 00:23:48,F1,0.0000,OK
2026-07-08 00:23:59,F1,0.0000,OK
2026-07-08 00:24:09,F1,0.0000,OK
2026-07-08 00:24:19,F1,0.0000,OK
2026-07-08 00:24:30,F1,0.0000,OK
2026-07-08 00:24:40,F1,0.0000,OK
2026-07-08 00:24:50,F1,0.0000,OK
2026-07-08 00:25:01,F1,0.0000,OK
2026-07-08 00:25:11,F1,0.0000,OK
2026-07-08 00:25:21,F1,0.0000,OK
2026-07-08 00:25:32,F1,0.0000,OK
2026-07-08 00:25:42,F1,0.0000,OK
2026-07-08 00:25:52,F1,0.0000,OK
2026-07-08 00:26:03,F1,0.0000,OK
2026-07-08 00:26:13,F1,0.0000,OK
2026-07-08 00:26:23,F1,0.0000,OK
2026-07-08 00:26:34,F1,0.0000,OK
2026-07-08 00:26:44,F1,0.0000,OK
2026-07-08 00:26:54,F1,0.0000,OK
2026-07-08 00:27:05,F1,0.0000,OK
2026-07-08 00:27:15,F1,0.0000,OK
2026-07-08 00:27:25,F1,0.0000,OK
2026-07-08 00:27:36,F1,0.0000,OK
2026-07-08 00:27:46,F1,0.0000,OK
2026-07-08 00:27:56,F1,0.0000,OK
2026-07-08 00:28:07,F1,0.0000,OK
2026-07-08 00:28:17,F1,0.0000,OK
2026-07-08 00:28:27,F1,0.0000,OK
2026-07-08 00:28:38,F1,0.0000,OK
2026-07-08 00:28:48,F1,0.0000,OK
2026-07-08 00:28:58,F1,0.0000,OK
2026-07-08 00:29:09,F1,0.0000,OK
2026-07-08 00:29:19,F1,0.0000,OK
2026-07-08 00:29:29,F1,0.0000,OK
2026-07-08 00:29:40,F1,0.0000,OK
2026-07-08 00:29:50,F1,0.0000,OK
2026-07-08 00:30:00,F1,0.0000,OK
2026-07-08 00:30:11,F1,0.0000,OK
2026-07-08 00:30:21,F1,0.0000,OK
2026-07-08 00:30:31,F1,0.0000,OK
2026-07-08 00:30:42,F1,0.0000,OK
2026-07-08 00:30:52,F1,0.0000,OK
2026-07-08 00:31:02,F1,0.0000,OK
2026-07-08 00:31:13,F1,0.0000,OK
2026-07-08 00:31:23,F1,0.0000,OK
2026-07-08 00:31:33,F1,0.0000,OK
2026-07-08 00:31:44,F1,0.0000,OK
2026-07-08 00:31:54,F1,0.0000,OK
2026-07-08 00:32:04,F1,0.0000,OK
2026-07-08 00:32:15,F1,0.0000,OK
2026-07-08 00:32:25,F1,0.0000,OK
2026-07-08 00:32:35,F1,0.0000,OK
2026-07-08 00:32:46,F1,0.0000,OK
2026-07-08 00:32:56,F1,0.0000,OK
2026-07-08 00:33:06,F1,0.0000,OK
2026-07-08 00:33:17,F1,0.0000,OK
2026-07-08 00:33:27,F1,0.0000,OK
2026-07-08 00:33:38,F1,0.0000,OK
2026-07-08 00:33:48,F1,0.0000,OK
2026-07-08 00:33:58,F1,0.0000,OK
2026-07-08 00:34:09,F1,0.0000,OK
2026-07-08 00:34:19,F1,0.0000,OK
2026-07-08 00:34:29,F1,0.0000,OK
2026-07-08 00:34:40,F1,0.0000,OK
2026-07-08 00:34:50,F1,0.0000,OK
2026-07-08 00:35:00,F1,0.0000,OK
2026-07-08 00:35:11,F1,0.0000,OK
2026-07-08 00:35:21,F1,0.0000,OK
2026-07-08 00:35:31,F1,0.0000,OK
2026-07-08 00:35:42,F1,0.0000,OK
2026-07-08 00:35:52,F1,0.0000,OK
2026-07-08 00:36:02,F1,0.0000,OK
2026-07-08 00:36:13,F1,0.0000,Bajo rango
2026-07-08 00:36:23,F1,0.0000,OK
2026-07-08 00:36:33,F1,0.0000,OK
2026-07-08 00:36:44,F1,0.0000,OK
2026-07-08 00:36:54,F1,0.0000,OK
2026-07-08 00:37:04,F1,0.0000,OK
2026-07-08 00:37:15,F1,0.0000,OK
2026-07-08 00:37:25,F1,0.0000,Bajo rango
2026-07-08 00:37:35,F1,0.0000,OK
2026-07-08 00:37:46,F1,0.0000,OK
2026-07-08 00:37:56,F1,0.0000,OK
2026-07-08 00:38:06,F1,0.0000,OK
2026-07-08 00:38:17,F1,0.0000,OK
2026-07-08 00:38:27,F1,0.0000,OK
2026-07-08 00:38:37,F1,0.0000,OK
2026-07-08 00:38:48,F1,0.0000,OK
2026-07-08 00:38:58,F1,0.0000,OK
2026-07-08 00:39:08,F1,0.0000,OK
2026-07-08 00:39:19,F1,0.0000,OK
2026-07-08 00:39:29,F1,0.0000,OK
2026-07-08 00:39:39,F1,0.0000,OK
2026-07-08 00:39:50,F1,0.0000,OK
2026-07-08 00:40:00,F1,0.0000,OK
2026-07-08 00:40:10,F1,0.0000,OK
2026-07-08 00:40:21,F1,0.0000,OK
2026-07-08 00:40:31,F1,0.0000,OK
2026-07-08 00:40:41,F1,0.0000,OK
2026-07-08 00:40:52,F1,0.0000,OK
2026-07-08 00:41:02,F1,0.0000,OK
2026-07-08 00:41:12,F1,0.0000,OK
2026-07-08 00:41:23,F1,0.0000,Bajo rango
2026-07-08 00:41:33,F1,0.0000,OK
2026-07-08 00:41:43,F1,0.0000,OK
2026-07-08 00:41:54,F1,0.0000,OK
2026-07-08 00:42:04,F1,0.0000,OK
2026-07-08 00:42:14,F1,0.0000,OK
2026-07-08 00:42:25,F1,0.0000,OK
2026-07-08 00:42:35,F1,0.0000,OK
2026-07-08 00:42:45,F1,0.0000,OK
2026-07-08 00:42:56,F1,0.0000,OK
2026-07-08 00:43:06,F1,0.0000,OK
2026-07-08 00:43:16,F1,0.0000,OK
2026-07-08 00:43:27,F1,0.0000,OK
2026-07-08 00:43:37,F1,0.0000,OK
2026-07-08 00:43:47,F1,0.0000,OK
2026-07-08 00:43:58,F1,0.0000,OK
2026-07-08 00:44:08,F1,0.0000,OK
2026-07-08 00:44:18,F1,0.0000,Bajo rango
2026-07-08 00:44:29,F1,0.0000,OK
2026-07-08 00:44:39,F1,0.0000,OK
2026-07-08 00:44:49,F1,0.0000,OK
2026-07-08 00:45:00,F1,0.0000,OK
2026-07-08 00:45:10,F1,0.0000,OK
2026-07-08 00:45:21,F1,0.0000,OK
2026-07-08 00:45:31,F1,0.0000,OK
2026-07-08 00:45:41,F1,0.0000,OK
2026-07-08 00:45:52,F1,0.0000,OK
2026-07-08 00:46:02,F1,0.0000,OK
2026-07-08 00:46:12,F1,0.0000,OK
2026-07-08 00:46:22,F1,0.0000,OK
2026-07-08 00:46:33,F1,0.0000,OK
2026-07-08 00:46:43,F1,0.0000,OK
2026-07-08 00:46:53,F1,0.0000,OK
2026-07-08 00:47:04,F1,0.0000,OK
2026-07-08 00:47:14,F1,0.0000,Bajo rango
2026-07-08 00:47:24,F1,0.0000,OK
2026-07-08 00:47:35,F1,0.0000,OK
2026-07-08 00:47:45,F1,0.0000,OK
2026-07-08 00:47:55,F1,0.0000,OK
2026-07-08 00:48:06,F1,0.0000,OK
2026-07-08 00:48:16,F1,0.0000,OK
2026-07-08 00:48:26,F1,0.0000,OK
2026-07-08 00:48:37,F1,0.0000,OK
2026-07-08 00:48:47,F1,0.0000,OK
2026-07-08 00:48:57,F1,0.0000,OK
2026-07-08 00:49:08,F1,0.0000,OK
2026-07-08 00:49:18,F1,0.0000,OK
2026-07-08 00:49:28,F1,0.0000,OK
2026-07-08 00:49:39,F1,0.0000,OK
2026-07-08 00:49:49,F1,0.0000,OK
2026-07-08 00:50:00,F1,0.0000,OK
2026-07-08 00:50:10,F1,0.0000,OK
2026-07-08 00:50:20,F1,0.0000,OK
2026-07-08 00:50:31,F1,0.0000,OK
2026-07-08 00:50:41,F1,0.0000,OK
2026-07-08 00:50:51,F1,0.0000,OK
2026-07-08 00:51:02,F1,0.0000,OK
2026-07-08 00:51:12,F1,0.0000,OK
2026-07-08 00:51:22,F1,0.0000,OK
2026-07-08 00:51:33,F1,0.0000,OK
2026-07-08 00:51:43,F1,0.0000,Bajo rango
2026-07-08 00:51:53,F1,0.0000,OK
2026-07-08 00:52:04,F1,0.0000,OK
2026-07-08 00:52:14,F1,0.0000,OK
2026-07-08 00:52:24,F1,0.0000,OK
2026-07-08 00:52:35,F1,0.0000,OK
2026-07-08 00:52:45,F1,0.0000,OK
2026-07-08 00:52:55,F1,0.0000,OK
2026-07-08 00:53:06,F1,0.0000,OK
2026-07-08 00:53:16,F1,0.0000,OK
2026-07-08 00:53:26,F1,0.0000,OK
2026-07-08 00:53:37,F1,0.0000,OK
2026-07-08 00:53:47,F1,0.0000,OK
2026-07-08 00:53:57,F1,0.0000,OK
2026-07-08 00:54:08,F1,0.0000,OK
2026-07-08 00:54:18,F1,0.0000,OK
2026-07-08 00:54:28,F1,0.0000,OK
2026-07-08 00:54:39,F1,0.0000,OK
2026-07-08 00:54:49,F1,0.0000,OK
2026-07-08 00:54:59,F1,0.0000,OK
2026-07-08 00:55:10,F1,0.0000,OK
2026-07-08 00:55:20,F1,0.0000,OK
2026-07-08 00:55:30,F1,0.0000,OK
2026-07-08 00:55:41,F1,0.0000,OK
2026-07-08 00:55:51,F1,0.0000,OK
2026-07-08 00:56:01,F1,0.0000,OK
2026-07-08 00:56:12,F1,0.0000,OK
2026-07-08 00:56:22,F1,0.0000,OK
2026-07-08 00:56:32,F1,0.0000,OK
2026-07-08 00:56:43,F1,0.0000,OK
2026-07-08 00:56:53,F1,0.0000,OK
2026-07-08 00:57:03,F1,0.0000,OK
2026-07-08 00:57:14,F1,0.0000,OK
2026-07-08 00:57:24,F1,0.0000,OK
2026-07-08 00:57:34,F1,0.0000,OK
2026-07-08 00:57:45,F1,0.0000,OK
2026-07-08 00:57:55,F1,0.0000,OK
2026-07-08 00:58:05,F1,0.0000,OK
2026-07-08 00:58:16,F1,0.0000,OK
2026-07-08 00:58:26,F1,0.0000,OK
2026-07-08 00:58:36,F1,0.0000,OK
2026-07-08 00:58:47,F1,0.0000,OK
2026-07-08 00:58:57,F1,0.0000,OK
2026-07-08 00:59:07,F1,0.0000,OK
2026-07-08 00:59:18,F1,0.0000,OK
2026-07-08 00:59:28,F1,0.0000,Bajo rango
2026-07-08 00:59:38,F1,0.0000,OK
2026-07-08 00:59:49,F1,0.0000,OK
2026-07-08 00:59:59,F1,0.0000,OK
2026-07-08 01:00:09,F1,0.0000,OK
2026-07-08 01:00:20,F1,0.0000,OK
2026-07-08 01:00:30,F1,0.0000,OK
2026-07-08 01:00:40,F1,0.0000,OK
2026-07-08 01:00:51,F1,0.0000,OK
2026-07-08 01:01:01,F1,0.0000,OK
2026-07-08 01:01:11,F1,0.0000,OK
2026-07-08 01:01:22,F1,0.0000,OK
2026-07-08 01:01:32,F1,0.0000,OK
2026-07-08 01:01:42,F1,0.0000,OK
2026-07-08 01:01:53,F1,0.0000,OK
2026-07-08 01:02:03,F1,0.0000,OK
2026-07-08 01:02:13,F1,0.0000,OK
2026-07-08 01:02:24,F1,0.0000,OK
2026-07-08 01:02:34,F1,0.0000,OK
2026-07-08 01:02:44,F1,0.0000,OK
2026-07-08 01:02:55,F1,0.0000,OK
2026-07-08 01:03:05,F1,0.0000,OK
2026-07-08 01:03:15,F1,0.0000,OK
2026-07-08 01:03:26,F1,0.0000,OK
2026-07-08 01:03:36,F1,0.0000,OK
2026-07-08 01:03:46,F1,0.0000,OK
2026-07-08 01:03:57,F1,0.0000,OK
2026-07-08 01:04:07,F1,0.0000,OK
2026-07-08 01:04:17,F1,0.0000,OK
2026-07-08 01:04:28,F1,0.0000,OK
2026-07-08 01:04:38,F1,0.0000,OK
2026-07-08 01:04:48,F1,0.0000,OK
2026-07-08 01:04:59,F1,0.0000,OK
2026-07-08 01:05:09,F1,0.0000,OK
2026-07-08 01:05:19,F1,0.0000,Bajo rango
2026-07-08 01:05:30,F1,0.0000,OK
2026-07-08 01:05:40,F1,0.0000,OK
2026-07-08 01:05:50,F1,0.0000,OK
2026-07-08 01:06:01,F1,0.0000,OK
2026-07-08 01:06:11,F1,0.0000,OK
2026-07-08 01:06:21,F1,0.0000,OK
2026-07-08 01:06:32,F1,0.0000,OK
2026-07-08 01:06:42,F1,0.0000,OK
2026-07-08 01:06:52,F1,0.0000,OK
2026-07-08 01:07:03,F1,0.0000,OK
2026-07-08 01:07:13,F1,0.0000,OK
2026-07-08 01:07:23,F1,0.0000,OK
2026-07-08 01:07:34,F1,0.0000,OK
2026-07-08 01:07:44,F1,0.0000,OK
2026-07-08 01:07:54,F1,0.0000,OK
2026-07-08 01:08:05,F1,0.0000,OK
2026-07-08 01:08:15,F1,0.0000,OK
2026-07-08 01:08:25,F1,0.0000,OK
2026-07-08 01:08:36,F1,0.0000,OK
2026-07-08 01:08:46,F1,0.0000,OK
2026-07-08 01:08:56,F1,0.0000,OK
2026-07-08 01:09:07,F1,0.0000,OK
2026-07-08 01:09:17,F1,0.0000,OK
2026-07-08 01:09:27,F1,0.0000,OK
2026-07-08 01:09:38,F1,0.0000,OK
2026-07-08 01:09:48,F1,0.0000,OK
2026-07-08 01:09:58,F1,0.0000,OK
2026-07-08 01:10:09,F1,0.0000,OK
2026-07-08 01:10:19,F1,0.0000,OK
2026-07-08 01:10:29,F1,0.0000,OK
2026-07-08 01:10:40,F1,0.0000,OK
2026-07-08 01:10:50,F1,0.0000,OK
2026-07-08 01:11:00,F1,0.0000,OK
2026-07-08 01:11:11,F1,0.0000,OK
2026-07-08 01:11:21,F1,0.0000,OK
2026-07-08 01:11:31,F1,0.0000,OK
2026-07-08 01:11:42,F1,0.0000,OK
2026-07-08 01:11:52,F1,0.0000,OK
2026-07-08 01:12:02,F1,0.0000,OK
2026-07-08 01:12:13,F1,0.0000,OK
2026-07-08 01:12:23,F1,0.0000,OK
2026-07-08 01:12:33,F1,0.0000,OK
2026-07-08 01:12:44,F1,0.0000,OK
2026-07-08 01:12:54,F1,0.0000,OK
2026-07-08 01:13:04,F1,0.0000,OK
2026-07-08 01:13:15,F1,0.0000,OK
2026-07-08 01:13:25,F1,0.0000,OK
2026-07-08 01:13:35,F1,0.0000,OK
2026-07-08 01:13:46,F1,0.0000,OK
2026-07-08 01:13:56,F1,0.0000,OK
2026-07-08 01:14:06,F1,0.0000,OK
2026-07-08 01:14:17,F1,0.0000,OK
2026-07-08 01:14:27,F1,0.0000,OK
2026-07-08 01:14:37,F1,0.0000,OK
2026-07-08 01:14:48,F1,0.0000,OK
2026-07-08 01:14:58,F1,0.0000,OK
2026-07-08 01:15:08,F1,0.0000,OK
2026-07-08 01:15:19,F1,0.0000,OK
2026-07-08 01:15:29,F1,0.0000,OK
2026-07-08 01:15:39,F1,0.0000,OK
2026-07-08 01:15:50,F1,0.0000,OK
2026-07-08 01:16:00,F1,0.0000,OK
2026-07-08 01:16:10,F1,0.0000,OK
2026-07-08 01:16:21,F1,0.0000,OK
2026-07-08 01:16:31,F1,0.0000,OK
2026-07-08 01:16:41,F1,0.0000,OK
2026-07-08 01:16:52,F1,0.0000,OK
2026-07-08 01:17:02,F1,0.0000,OK
2026-07-08 01:17:12,F1,0.0000,OK
2026-07-08 01:17:23,F1,0.0000,OK
2026-07-08 01:17:33,F1,0.0000,OK
2026-07-08 01:17:43,F1,0.0000,OK
2026-07-08 01:17:54,F1,0.0000,OK
2026-07-08 01:18:04,F1,0.0000,OK
2026-07-08 01:18:14,F1,0.0000,OK
2026-07-08 01:18:25,F1,0.0000,OK
2026-07-08 01:18:35,F1,0.0000,OK
2026-07-08 01:18:45,F1,0.0000,OK
2026-07-08 01:18:56,F1,0.0000,OK
2026-07-08 01:19:06,F1,0.0000,OK
2026-07-08 01:19:16,F1,0.0000,OK
2026-07-08 01:19:27,F1,0.0000,OK
2026-07-08 01:19:37,F1,0.0000,OK
2026-07-08 01:19:47,F1,0.0000,OK
2026-07-08 01:19:58,F1,0.0000,OK
2026-07-08 01:20:08,F1,0.0000,OK
2026-07-08 01:20:18,F1,0.0000,OK
2026-07-08 01:20:29,F1,0.0000,OK
2026-07-08 01:20:39,F1,0.0000,OK
2026-07-08 01:20:49,F1,0.0000,OK
2026-07-08 01:21:00,F1,0.0000,OK
2026-07-08 01:21:10,F1,0.0000,OK
2026-07-08 01:21:20,F1,0.0000,OK
2026-07-08 01:21:31,F1,0.0000,Bajo rango
2026-07-08 01:21:41,F1,0.0000,OK
2026-07-08 01:21:51,F1,0.0000,OK
2026-07-08 01:22:02,F1,0.0000,OK
2026-07-08 01:22:12,F1,0.0000,OK
2026-07-08 01:22:22,F1,0.0000,OK
2026-07-08 01:22:33,F1,0.0000,OK
2026-07-08 01:22:43,F1,0.0000,OK
2026-07-08 01:22:53,F1,0.0000,OK
2026-07-08 01:23:04,F1,0.0000,OK
2026-07-08 01:23:14,F1,0.0000,OK
2026-07-08 01:23:24,F1,0.0000,OK
2026-07-08 01:23:35,F1,0.0000,OK
2026-07-08 01:23:45,F1,0.0000,OK
2026-07-08 01:23:55,F1,0.0000,OK
2026-07-08 01:24:06,F1,0.0000,OK
2026-07-08 01:24:16,F1,0.0000,OK
2026-07-08 01:24:26,F1,0.0000,OK
2026-07-08 01:24:37,F1,0.0000,Bajo rango
2026-07-08 01:24:47,F1,0.0000,OK
2026-07-08 01:24:57,F1,0.0000,OK
2026-07-08 01:25:08,F1,0.0000,OK
2026-07-08 01:25:18,F1,0.0000,OK
2026-07-08 01:25:28,F1,0.0000,OK
2026-07-08 01:25:39,F1,0.0000,OK
2026-07-08 01:25:49,F1,0.0000,OK
2026-07-08 01:25:59,F1,0.0000,OK
2026-07-08 01:26:10,F1,0.0000,OK
2026-07-08 01:26:20,F1,0.0000,OK
2026-07-08 01:26:30,F1,0.0000,OK
2026-07-08 01:26:41,F1,0.0000,OK
2026-07-08 01:26:51,F1,0.0000,OK
2026-07-08 01:27:01,F1,0.0000,OK
2026-07-08 01:27:12,F1,0.0000,OK
2026-07-08 01:27:22,F1,0.0000,OK
2026-07-08 01:27:33,F1,0.0000,OK
2026-07-08 01:27:43,F1,0.0000,OK
2026-07-08 01:27:53,F1,0.0000,OK
2026-07-08 01:28:04,F1,0.0000,OK
2026-07-08 01:28:14,F1,0.0000,OK
2026-07-08 01:28:24,F1,0.0000,OK
2026-07-08 01:28:35,F1,0.0000,OK
2026-07-08 01:28:45,F1,0.0000,OK
2026-07-08 01:28:55,F1,0.0000,OK
2026-07-08 01:29:06,F1,0.0000,OK
2026-07-08 01:29:16,F1,0.0000,OK
2026-07-08 01:29:26,F1,0.0000,OK
2026-07-08 01:29:37,F1,0.0000,OK
2026-07-08 01:29:47,F1,0.0000,OK
2026-07-08 01:29:57,F1,0.0000,OK
2026-07-08 01:30:08,F1,0.0000,OK
2026-07-08 01:30:18,F1,0.0000,OK
2026-07-08 01:30:28,F1,0.0000,OK
2026-07-08 01:30:39,F1,0.0000,OK
2026-07-08 01:30:49,F1,0.0000,OK
2026-07-08 01:30:59,F1,0.0000,OK
2026-07-08 01:31:10,F1,0.0000,OK
2026-07-08 01:31:20,F1,0.0000,OK
2026-07-08 01:31:30,F1,0.0000,OK
2026-07-08 01:31:41,F1,0.0000,OK
2026-07-08 01:31:51,F1,0.0000,OK
2026-07-08 01:32:01,F1,0.0000,OK
2026-07-08 01:32:12,F1,0.0000,OK
2026-07-08 01:32:22,F1,0.0000,OK
2026-07-08 01:32:32,F1,0.0000,OK
2026-07-08 01:32:43,F1,0.0000,OK
2026-07-08 01:32:53,F1,0.0000,OK
2026-07-08 01:33:03,F1,0.0000,OK
2026-07-08 01:33:14,F1,0.0000,OK
2026-07-08 01:33:24,F1,0.0000,OK
2026-07-08 01:33:34,F1,0.0000,OK
2026-07-08 01:33:45,F1,0.0000,OK
2026-07-08 01:33:55,F1,0.0000,OK
2026-07-08 01:34:05,F1,0.0000,OK
2026-07-08 01:34:16,F1,0.0000,Bajo rango
2026-07-08 01:34:26,F1,0.0000,OK
2026-07-08 01:34:36,F1,0.0000,OK
2026-07-08 01:34:47,F1,0.0000,OK
2026-07-08 01:34:57,F1,0.0000,OK
2026-07-08 01:35:07,F1,0.0000,OK
2026-07-08 01:35:18,F1,0.0000,OK
2026-07-08 01:35:28,F1,0.0000,OK
2026-07-08 01:35:38,F1,0.0000,OK
2026-07-08 01:35:49,F1,0.0000,OK
2026-07-08 01:35:59,F1,0.0000,OK
2026-07-08 01:36:09,F1,0.0000,OK
2026-07-08 01:36:20,F1,0.0000,OK
2026-07-08 01:36:30,F1,0.0000,OK
2026-07-08 01:36:40,F1,0.0000,Bajo rango
2026-07-08 01:36:51,F1,0.0000,OK
2026-07-08 01:37:01,F1,0.0000,OK
2026-07-08 01:37:11,F1,0.0000,OK
2026-07-08 01:37:22,F1,0.0000,OK
2026-07-08 01:37:32,F1,0.0000,OK
2026-07-08 01:37:42,F1,0.0000,OK
2026-07-08 01:37:53,F1,0.0000,OK
2026-07-08 01:38:03,F1,0.0000,OK
2026-07-08 01:38:13,F1,0.0000,OK
2026-07-08 01:38:24,F1,0.0000,OK
2026-07-08 01:38:34,F1,0.0000,OK
2026-07-08 01:38:44,F1,0.0000,OK
2026-07-08 01:38:55,F1,0.0000,OK
2026-07-08 01:39:05,F1,0.0000,OK
2026-07-08 01:39:15,F1,0.0000,OK
2026-07-08 01:39:26,F1,0.0000,OK
2026-07-08 01:39:36,F1,0.0000,OK
2026-07-08 01:39:46,F1,0.0000,OK
2026-07-08 01:39:57,F1,0.0000,OK
2026-07-08 01:40:07,F1,0.0000,OK
2026-07-08 01:40:17,F1,0.0000,OK
2026-07-08 01:40:28,F1,0.0000,OK
2026-07-08 01:40:38,F1,0.0000,OK
2026-07-08 01:40:48,F1,0.0000,OK
2026-07-08 01:40:59,F1,0.0000,OK
2026-07-08 01:41:09,F1,0.0000,OK
2026-07-08 01:41:19,F1,0.0000,OK
2026-07-08 01:41:30,F1,0.0000,OK
2026-07-08 01:41:40,F1,0.0000,OK
2026-07-08 01:41:50,F1,0.0000,OK
2026-07-08 01:42:01,F1,0.0000,OK
2026-07-08 01:42:11,F1,0.0000,OK
2026-07-08 01:42:21,F1,0.0000,OK
2026-07-08 01:42:32,F1,0.0000,OK
2026-07-08 01:42:42,F1,0.0000,OK
2026-07-08 01:42:52,F1,0.0000,OK
2026-07-08 01:43:03,F1,0.0000,OK
2026-07-08 01:43:13,F1,0.0000,OK
2026-07-08 01:43:23,F1,0.0000,OK
2026-07-08 01:43:34,F1,0.0000,OK
2026-07-08 01:43:44,F1,0.0000,OK
2026-07-08 01:43:54,F1,0.0000,OK
2026-07-08 01:44:05,F1,0.0000,OK
2026-07-08 01:44:15,F1,0.0000,OK
2026-07-08 01:44:25,F1,0.0000,OK
2026-07-08 01:44:36,F1,0.0000,OK
2026-07-08 01:44:46,F1,0.0000,OK
2026-07-08 01:44:56,F1,0.0000,OK
2026-07-08 01:45:07,F1,0.0000,OK
2026-07-08 01:45:17,F1,0.0000,OK
2026-07-08 01:45:27,F1,0.0000,OK
2026-07-08 01:45:38,F1,0.0000,OK
2026-07-08 01:45:48,F1,0.0000,Bajo rango
2026-07-08 01:45:58,F1,0.0000,OK
2026-07-08 01:46:09,F1,0.0000,OK
2026-07-08 01:46:19,F1,0.0000,Bajo rango
2026-07-08 01:46:29,F1,0.0000,OK
2026-07-08 01:46:40,F1,0.0000,OK
2026-07-08 01:46:50,F1,0.0000,OK
2026-07-08 01:47:00,F1,0.0000,OK
2026-07-08 01:47:11,F1,0.0000,OK
2026-07-08 01:47:21,F1,0.0000,OK
2026-07-08 01:47:31,F1,0.0000,OK
2026-07-08 01:47:42,F1,0.0000,OK
2026-07-08 01:47:52,F1,0.0000,OK
2026-07-08 01:48:02,F1,0.0000,OK
2026-07-08 01:48:13,F1,0.0000,OK
2026-07-08 01:48:23,F1,0.0000,OK
2026-07-08 01:48:33,F1,0.0000,OK
2026-07-08 01:48:44,F1,0.0000,OK
2026-07-08 01:48:54,F1,0.0000,OK
2026-07-08 01:49:04,F1,0.0000,OK
2026-07-08 01:49:15,F1,0.0000,OK
2026-07-08 01:49:25,F1,0.0000,OK
2026-07-08 01:49:35,F1,0.0000,OK
2026-07-08 01:49:46,F1,0.0000,Bajo rango
2026-07-08 01:49:56,F1,0.0000,OK
2026-07-08 01:50:06,F1,0.0000,OK
2026-07-08 01:50:17,F1,0.0000,OK
2026-07-08 01:50:27,F1,0.0000,OK
2026-07-08 01:50:37,F1,0.0000,OK
2026-07-08 01:50:48,F1,0.0000,OK
2026-07-08 01:50:58,F1,0.0000,OK
2026-07-08 01:51:08,F1,0.0000,OK
2026-07-08 01:51:19,F1,0.0000,OK
2026-07-08 01:51:29,F1,0.0000,OK
2026-07-08 01:51:39,F1,0.0000,OK
2026-07-08 01:51:50,F1,0.0000,OK
2026-07-08 01:52:00,F1,0.0000,OK
2026-07-08 01:52:10,F1,0.0000,OK
2026-07-08 01:52:21,F1,0.0000,OK
2026-07-08 01:52:31,F1,0.0000,OK
2026-07-08 01:52:42,F1,0.0000,OK
2026-07-08 01:52:52,F1,0.0000,OK
2026-07-08 01:53:02,F1,0.0000,OK
2026-07-08 01:53:13,F1,0.0000,OK
2026-07-08 01:53:23,F1,0.0000,OK
2026-07-08 01:53:33,F1,0.0000,OK
2026-07-08 01:53:44,F1,0.0000,OK
2026-07-08 01:53:54,F1,0.0000,OK
2026-07-08 01:54:04,F1,0.0000,OK
2026-07-08 01:54:15,F1,0.0000,OK
2026-07-08 01:54:25,F1,0.0000,Bajo rango
2026-07-08 01:54:35,F1,0.0000,OK
2026-07-08 01:54:46,F1,0.0000,OK
2026-07-08 01:54:56,F1,0.0000,OK
2026-07-08 01:55:06,F1,0.0000,OK
2026-07-08 01:55:17,F1,0.0000,OK
2026-07-08 01:55:27,F1,0.0000,OK
2026-07-08 01:55:37,F1,0.0000,OK
2026-07-08 01:55:48,F1,0.0000,OK
2026-07-08 01:55:58,F1,0.0000,OK
2026-07-08 01:56:08,F1,0.0000,OK
2026-07-08 01:56:19,F1,0.0000,OK
2026-07-08 01:56:29,F1,0.0000,OK
2026-07-08 01:56:39,F1,0.0000,OK
2026-07-08 01:56:50,F1,0.0000,OK
2026-07-08 01:57:00,F1,0.0000,OK
2026-07-08 01:57:10,F1,0.0000,OK
2026-07-08 01:57:21,F1,0.0000,OK
2026-07-08 01:57:31,F1,0.0000,OK
2026-07-08 01:57:41,F1,0.0000,OK
2026-07-08 01:57:52,F1,0.0000,OK
2026-07-08 01:58:02,F1,0.0000,OK
2026-07-08 01:58:12,F1,0.0000,OK
2026-07-08 01:58:23,F1,0.0000,OK
2026-07-08 01:58:33,F1,0.0000,OK
2026-07-08 01:58:43,F1,0.0000,OK
2026-07-08 01:58:54,F1,0.0000,OK
2026-07-08 01:59:04,F1,0.0000,OK
2026-07-08 01:59:14,F1,0.0000,OK
2026-07-08 01:59:25,F1,0.0000,OK
2026-07-08 01:59:35,F1,0.0000,OK
2026-07-08 01:59:45,F1,0.0000,OK
2026-07-08 01:59:56,F1,0.0000,OK
2026-07-08 02:00:06,F1,0.0000,OK
2026-07-08 02:00:16,F1,0.0000,OK
2026-07-08 02:00:27,F1,0.0000,OK
2026-07-08 02:00:37,F1,0.0000,OK
2026-07-08 02:00:47,F1,0.0000,OK
2026-07-08 02:00:58,F1,0.0000,OK
2026-07-08 02:01:08,F1,0.0000,OK
2026-07-08 02:01:18,F1,0.0000,OK
2026-07-08 02:01:29,F1,0.0000,OK
2026-07-08 02:01:39,F1,0.0000,OK
2026-07-08 02:01:49,F1,0.0000,OK
2026-07-08 02:02:00,F1,0.0000,OK
2026-07-08 02:02:10,F1,0.0000,OK
2026-07-08 02:02:20,F1,0.0000,OK
2026-07-08 02:02:31,F1,0.0000,OK
2026-07-08 02:02:41,F1,0.0000,OK
2026-07-08 02:02:52,F1,0.0000,OK
2026-07-08 02:03:02,F1,0.0000,OK
2026-07-08 02:03:12,F1,0.0000,OK
2026-07-08 02:03:23,F1,0.0000,OK
2026-07-08 02:03:33,F1,0.0000,OK
2026-07-08 02:03:43,F1,0.0000,OK
2026-07-08 02:03:54,F1,0.0000,OK
2026-07-08 02:04:04,F1,0.0000,OK
2026-07-08 02:04:14,F1,0.0000,OK
2026-07-08 02:04:25,F1,0.0000,OK
2026-07-08 02:04:35,F1,0.0000,OK
2026-07-08 02:04:45,F1,0.0000,OK
2026-07-08 02:04:56,F1,0.0000,OK
2026-07-08 02:05:06,F1,0.0000,OK
2026-07-08 02:05:16,F1,0.0000,OK
2026-07-08 02:05:27,F1,0.0000,OK
2026-07-08 02:05:37,F1,0.0000,OK
2026-07-08 02:05:47,F1,0.0000,OK
2026-07-08 02:05:58,F1,0.0000,OK
2026-07-08 02:06:08,F1,0.0000,OK
2026-07-08 02:06:18,F1,0.0000,OK
2026-07-08 02:06:29,F1,0.0000,OK
2026-07-08 02:06:39,F1,0.0000,OK
2026-07-08 02:06:49,F1,0.0000,OK
2026-07-08 02:07:00,F1,0.0000,Bajo rango
2026-07-08 02:07:10,F1,0.0000,OK
2026-07-08 02:07:20,F1,0.0000,OK
2026-07-08 02:07:31,F1,0.0000,OK
2026-07-08 02:07:41,F1,0.0000,OK
2026-07-08 02:07:51,F1,0.0000,OK
2026-07-08 02:08:02,F1,0.0000,OK
2026-07-08 02:08:12,F1,0.0000,OK
2026-07-08 02:08:22,F1,0.0000,OK
2026-07-08 02:08:33,F1,0.0000,OK
2026-07-08 02:08:43,F1,0.0000,OK
2026-07-08 02:08:53,F1,0.0000,OK
2026-07-08 02:09:04,F1,0.0000,OK
2026-07-08 02:09:14,F1,0.0000,OK
2026-07-08 02:09:24,F1,0.0000,OK
2026-07-08 02:09:35,F1,0.0000,OK
2026-07-08 02:09:45,F1,0.0000,OK
2026-07-08 02:09:55,F1,0.0000,OK
2026-07-08 02:10:06,F1,0.0000,OK
2026-07-08 02:10:16,F1,0.0000,OK
2026-07-08 02:10:26,F1,0.0000,OK
2026-07-08 02:10:37,F1,0.0000,OK
2026-07-08 02:10:47,F1,0.0000,OK
2026-07-08 02:10:57,F1,0.0000,OK
2026-07-08 02:11:08,F1,0.0000,OK
2026-07-08 02:11:18,F1,0.0000,OK
2026-07-08 02:11:28,F1,0.0000,OK
2026-07-08 02:11:39,F1,0.0000,OK
2026-07-08 02:11:49,F1,0.0000,OK
2026-07-08 02:11:59,F1,0.0000,OK
2026-07-08 02:12:10,F1,0.0000,OK
2026-07-08 02:12:20,F1,0.0000,OK
2026-07-08 02:12:30,F1,0.0000,OK
2026-07-08 02:12:41,F1,0.0000,OK
2026-07-08 02:12:51,F1,0.0000,OK
2026-07-08 02:13:01,F1,0.0000,OK
2026-07-08 02:13:12,F1,0.0000,OK
2026-07-08 02:13:22,F1,0.0000,OK
2026-07-08 02:13:32,F1,0.0000,OK
2026-07-08 02:13:43,F1,0.0000,OK
2026-07-08 02:13:53,F1,0.0000,OK
2026-07-08 02:14:03,F1,0.0000,OK
2026-07-08 02:14:14,F1,0.0000,OK
2026-07-08 02:14:24,F1,0.0000,OK
2026-07-08 02:14:34,F1,0.0000,OK
2026-07-08 02:14:45,F1,0.0000,OK
2026-07-08 02:14:55,F1,0.0000,OK
2026-07-08 02:15:05,F1,0.0000,OK
2026-07-08 02:15:16,F1,0.0000,OK
2026-07-08 02:15:26,F1,0.0000,OK
2026-07-08 02:15:36,F1,0.0000,OK
2026-07-08 02:15:47,F1,0.0000,OK
2026-07-08 02:15:57,F1,0.0000,OK
2026-07-08 02:16:07,F1,0.0000,OK
2026-07-08 02:16:18,F1,0.0000,OK
2026-07-08 02:16:28,F1,0.0000,OK
2026-07-08 02:16:38,F1,0.0000,OK
2026-07-08 02:16:49,F1,0.0000,OK
2026-07-08 02:16:59,F1,0.0000,OK
2026-07-08 02:17:09,F1,0.0000,OK
2026-07-08 02:17:20,F1,0.0000,Bajo rango
2026-07-08 02:17:30,F1,0.0000,OK
2026-07-08 02:17:40,F1,0.0000,OK
2026-07-08 02:17:51,F1,0.0000,OK
2026-07-08 02:18:01,F1,0.0000,OK
2026-07-08 02:18:11,F1,0.0000,OK
2026-07-08 02:18:22,F1,0.0000,OK
2026-07-08 02:18:32,F1,0.0000,OK
2026-07-08 02:18:42,F1,0.0000,OK
2026-07-08 02:18:53,F1,0.0000,OK
2026-07-08 02:19:03,F1,0.0000,OK
2026-07-08 02:19:13,F1,0.0000,OK
2026-07-08 02:19:24,F1,0.0000,OK
2026-07-08 02:19:34,F1,0.0000,OK
2026-07-08 02:19:44,F1,0.0000,OK
2026-07-08 02:19:55,F1,0.0000,OK
2026-07-08 02:20:05,F1,0.0000,OK
2026-07-08 02:20:15,F1,0.0000,OK
2026-07-08 02:20:26,F1,0.0000,OK
2026-07-08 02:20:36,F1,0.0000,OK
2026-07-08 02:20:46,F1,0.0000,OK
2026-07-08 02:20:57,F1,0.0000,OK
2026-07-08 02:21:07,F1,0.0000,OK
2026-07-08 02:21:17,F1,0.0000,OK
2026-07-08 02:21:28,F1,0.0000,Bajo rango
2026-07-08 02:21:38,F1,0.0000,OK
2026-07-08 02:21:48,F1,0.0000,OK
2026-07-08 02:21:59,F1,0.0000,OK
2026-07-08 02:22:09,F1,0.0000,OK
2026-07-08 02:22:19,F1,0.0000,OK
2026-07-08 02:22:30,F1,0.0000,OK
2026-07-08 02:22:40,F1,0.0000,OK
2026-07-08 02:22:51,F1,0.0000,OK
2026-07-08 02:23:01,F1,0.0000,OK
2026-07-08 02:23:11,F1,0.0000,OK
2026-07-08 02:23:22,F1,0.0000,OK
2026-07-08 02:23:32,F1,0.0000,OK
2026-07-08 02:23:42,F1,0.0000,OK
2026-07-08 02:23:53,F1,0.0000,OK
2026-07-08 02:24:03,F1,0.0000,OK
2026-07-08 02:24:13,F1,0.0000,OK
2026-07-08 02:24:24,F1,0.0000,OK
2026-07-08 02:24:34,F1,0.0000,OK
2026-07-08 02:24:44,F1,0.0000,OK
2026-07-08 02:24:55,F1,0.0000,OK
2026-07-08 02:25:05,F1,0.0000,OK
2026-07-08 02:25:15,F1,0.0000,OK
2026-07-08 02:25:26,F1,0.0000,OK
2026-07-08 02:25:36,F1,0.0000,OK
2026-07-08 02:25:46,F1,0.0000,OK
2026-07-08 02:25:57,F1,0.0000,OK
2026-07-08 02:26:07,F1,0.0000,OK
2026-07-08 02:26:17,F1,0.0000,OK
2026-07-08 02:26:28,F1,0.0000,OK
2026-07-08 02:26:38,F1,0.0000,OK
2026-07-08 02:26:48,F1,0.0000,OK
2026-07-08 02:26:59,F1,0.0000,OK
2026-07-08 02:27:09,F1,0.0000,OK
2026-07-08 02:27:19,F1,0.0000,OK
2026-07-08 02:27:30,F1,0.0000,OK
2026-07-08 02:27:40,F1,0.0000,OK
2026-07-08 02:27:50,F1,0.0000,OK
2026-07-08 02:28:01,F1,0.0000,OK
2026-07-08 02:28:11,F1,0.0000,OK
2026-07-08 02:28:21,F1,0.0000,OK
2026-07-08 02:28:32,F1,0.0000,OK
2026-07-08 02:28:42,F1,0.0000,OK
2026-07-08 02:28:52,F1,0.0000,OK
2026-07-08 02:29:03,F1,0.0000,OK
2026-07-08 02:29:13,F1,0.0000,OK
2026-07-08 02:29:23,F1,0.0000,OK
2026-07-08 02:29:34,F1,0.0000,OK
2026-07-08 02:29:44,F1,0.0000,OK
2026-07-08 02:29:54,F1,0.0000,OK
2026-07-08 02:30:05,F1,0.0000,OK
2026-07-08 02:30:15,F1,0.0000,OK
2026-07-08 02:30:25,F1,0.0000,OK
2026-07-08 02:30:36,F1,0.0000,OK
2026-07-08 02:30:46,F1,0.0000,OK
2026-07-08 02:30:57,F1,0.0000,OK
2026-07-08 02:31:07,F1,0.0000,OK
2026-07-08 02:31:17,F1,0.0000,OK
2026-07-08 02:31:28,F1,0.0000,Bajo rango
2026-07-08 02:31:38,F1,0.0000,OK
2026-07-08 02:31:48,F1,0.0000,OK
2026-07-08 02:31:59,F1,0.0000,OK
2026-07-08 02:32:09,F1,0.0000,OK
2026-07-08 02:32:19,F1,0.0000,OK
2026-07-08 02:32:30,F1,0.0000,OK
2026-07-08 02:32:40,F1,0.0000,OK
2026-07-08 02:32:50,F1,0.0000,OK
2026-07-08 02:33:01,F1,0.0000,OK
2026-07-08 02:33:11,F1,0.0000,OK
2026-07-08 02:33:21,F1,0.0000,OK
2026-07-08 02:33:32,F1,0.0000,OK
2026-07-08 02:33:42,F1,0.0000,OK
2026-07-08 02:33:52,F1,0.0000,OK
2026-07-08 02:34:03,F1,0.0000,OK
2026-07-08 02:34:13,F1,0.0000,OK
2026-07-08 02:34:23,F1,0.0000,OK
2026-07-08 02:34:34,F1,0.0000,OK
2026-07-08 02:34:44,F1,0.0000,OK
2026-07-08 02:34:54,F1,0.0000,OK
2026-07-08 02:35:05,F1,0.0000,OK
2026-07-08 02:35:15,F1,0.0000,OK
2026-07-08 02:35:25,F1,0.0000,OK
2026-07-08 02:35:36,F1,0.0000,OK
2026-07-08 02:35:46,F1,0.0000,OK
2026-07-08 02:35:56,F1,0.0000,OK
2026-07-08 02:36:07,F1,0.0000,OK
2026-07-08 02:36:17,F1,0.0000,OK
2026-07-08 02:36:27,F1,0.0000,OK
2026-07-08 02:36:38,F1,0.0000,OK
2026-07-08 02:36:48,F1,0.0000,OK
2026-07-08 02:36:58,F1,0.0000,OK
2026-07-08 02:37:09,F1,0.0000,OK
2026-07-08 02:37:19,F1,0.0000,OK
2026-07-08 02:37:29,F1,0.0000,OK
2026-07-08 02:37:40,F1,0.0000,OK
2026-07-08 02:37:50,F1,0.0000,OK
2026-07-08 02:38:00,F1,0.0000,OK
2026-07-08 02:38:11,F1,0.0000,OK
2026-07-08 02:38:21,F1,0.0000,OK
2026-07-08 02:38:31,F1,0.0000,OK
2026-07-08 02:38:42,F1,0.0000,OK
2026-07-08 02:38:52,F1,0.0000,OK
2026-07-08 02:39:02,F1,0.0000,OK
2026-07-08 02:39:13,F1,0.0000,OK
2026-07-08 02:39:23,F1,0.0000,OK
2026-07-08 02:39:33,F1,0.0000,OK
2026-07-08 02:39:44,F1,0.0000,OK
2026-07-08 02:39:54,F1,0.0000,OK
2026-07-08 02:40:04,F1,0.0000,OK
2026-07-08 02:40:15,F1,0.0000,OK
2026-07-08 02:40:25,F1,0.0000,OK
2026-07-08 02:40:35,F1,0.0000,OK
2026-07-08 02:40:46,F1,0.0000,OK
2026-07-08 02:40:56,F1,0.0000,OK
2026-07-08 02:41:06,F1,0.0000,OK
2026-07-08 02:41:17,F1,0.0000,OK
2026-07-08 02:41:27,F1,0.0000,OK
2026-07-08 02:41:37,F1,0.0000,OK
2026-07-08 02:41:48,F1,0.0000,OK
2026-07-08 02:41:58,F1,0.0000,OK
2026-07-08 02:42:08,F1,0.0000,OK
2026-07-08 02:42:19,F1,0.0000,OK
2026-07-08 02:42:29,F1,0.0000,OK
2026-07-08 02:42:39,F1,0.0000,OK
2026-07-08 02:42:50,F1,0.0000,OK
2026-07-08 02:43:00,F1,0.0000,OK
2026-07-08 02:43:10,F1,0.0000,OK
2026-07-08 02:43:21,F1,0.0000,OK
2026-07-08 02:43:31,F1,0.0000,OK
2026-07-08 02:43:41,F1,0.0000,OK
2026-07-08 02:43:52,F1,0.0000,OK
2026-07-08 02:44:02,F1,0.0000,OK
2026-07-08 02:44:12,F1,0.0000,OK
2026-07-08 02:44:23,F1,0.0000,OK
2026-07-08 02:44:33,F1,0.0000,OK
2026-07-08 02:44:43,F1,0.0000,OK
2026-07-08 02:44:54,F1,0.0000,OK
2026-07-08 02:45:04,F1,0.0000,OK
2026-07-08 02:45:14,F1,0.0000,OK
2026-07-08 02:45:25,F1,0.0000,OK
2026-07-08 02:45:35,F1,0.0000,OK
2026-07-08 02:45:46,F1,0.0000,OK
2026-07-08 02:45:56,F1,0.0000,OK
2026-07-08 02:46:06,F1,0.0000,OK
2026-07-08 02:46:17,F1,0.0000,OK
2026-07-08 02:46:27,F1,0.0000,OK
2026-07-08 02:46:37,F1,0.0000,OK
2026-07-08 02:46:47,F1,0.0000,OK
2026-07-08 02:46:58,F1,0.0000,OK
2026-07-08 02:47:08,F1,0.0000,OK
2026-07-08 02:47:19,F1,0.0000,OK
2026-07-08 02:47:29,F1,0.0000,OK
2026-07-08 02:47:39,F1,0.0000,OK
2026-07-08 02:47:50,F1,0.0000,OK
2026-07-08 02:48:00,F1,0.0000,OK
2026-07-08 02:48:10,F1,0.0000,OK
2026-07-08 02:48:21,F1,0.0000,OK
2026-07-08 02:48:31,F1,0.0000,OK
2026-07-08 02:48:41,F1,0.0000,OK
2026-07-08 02:48:52,F1,0.0000,OK
2026-07-08 02:49:02,F1,0.0000,OK
2026-07-08 02:49:12,F1,0.0000,OK
2026-07-08 02:49:23,F1,0.0000,OK
2026-07-08 02:49:33,F1,0.0000,OK
2026-07-08 02:49:43,F1,0.0000,OK
2026-07-08 02:49:54,F1,0.0000,OK
2026-07-08 02:50:04,F1,0.0000,OK
2026-07-08 02:50:14,F1,0.0000,OK
2026-07-08 02:50:25,F1,0.0000,OK
2026-07-08 02:50:35,F1,0.0000,OK
2026-07-08 02:50:45,F1,0.0000,OK
2026-07-08 02:50:56,F1,0.0000,OK
2026-07-08 02:51:06,F1,0.0000,OK
2026-07-08 02:51:16,F1,0.0000,OK
2026-07-08 02:51:27,F1,0.0000,OK
2026-07-08 02:51:37,F1,0.0000,OK
2026-07-08 02:51:47,F1,0.0000,OK
2026-07-08 02:51:58,F1,0.0000,OK
2026-07-08 02:52:08,F1,0.0000,OK
2026-07-08 02:52:18,F1,0.0000,OK
2026-07-08 02:52:29,F1,0.0000,OK
2026-07-08 02:52:39,F1,0.0000,OK
2026-07-08 02:52:49,F1,0.0000,OK
2026-07-08 02:53:00,F1,0.0000,OK
2026-07-08 02:53:10,F1,0.0000,OK
2026-07-08 02:53:20,F1,0.0000,OK
2026-07-08 02:53:31,F1,0.0000,OK
2026-07-08 02:53:41,F1,0.0000,OK
2026-07-08 02:53:51,F1,0.0000,OK
2026-07-08 02:54:02,F1,0.0000,OK
2026-07-08 02:54:12,F1,0.0000,OK
2026-07-08 02:54:22,F1,0.0000,OK
2026-07-08 02:54:33,F1,0.0000,OK
2026-07-08 02:54:43,F1,0.0000,OK
2026-07-08 02:54:53,F1,0.0000,OK
2026-07-08 02:55:04,F1,0.0000,OK
2026-07-08 02:55:14,F1,0.0000,OK
2026-07-08 02:55:24,F1,0.0000,OK
2026-07-08 02:55:35,F1,0.0000,OK
2026-07-08 02:55:45,F1,0.0000,OK
2026-07-08 02:55:55,F1,0.0000,OK
2026-07-08 02:56:06,F1,0.0000,OK
2026-07-08 02:56:16,F1,0.0000,OK
2026-07-08 02:56:26,F1,0.0000,OK
2026-07-08 02:56:37,F1,0.0000,OK
2026-07-08 02:56:47,F1,0.0000,OK
2026-07-08 02:56:57,F1,0.0000,OK
2026-07-08 02:57:08,F1,0.0000,OK
2026-07-08 02:57:18,F1,0.0000,Bajo rango
2026-07-08 02:57:28,F1,0.0000,OK
2026-07-08 02:57:39,F1,0.0000,OK
2026-07-08 02:57:49,F1,0.0000,OK
2026-07-08 02:57:59,F1,0.0000,OK
2026-07-08 02:58:10,F1,0.0000,OK
2026-07-08 02:58:20,F1,0.0000,OK
2026-07-08 02:58:30,F1,0.0000,OK
2026-07-08 02:58:41,F1,0.0000,Bajo rango
2026-07-08 02:58:51,F1,0.0000,OK
2026-07-08 02:59:01,F1,0.0000,OK
2026-07-08 02:59:12,F1,0.0000,OK
2026-07-08 02:59:22,F1,0.0000,OK
2026-07-08 02:59:32,F1,0.0000,OK
2026-07-08 02:59:43,F1,0.0000,OK
2026-07-08 02:59:53,F1,0.0000,OK
2026-07-08 03:00:04,F1,0.0000,OK
2026-07-08 03:00:14,F1,0.0000,OK
2026-07-08 03:00:24,F1,0.0000,OK
2026-07-08 03:00:35,F1,0.0000,OK
2026-07-08 03:00:45,F1,0.0000,Bajo rango
2026-07-08 03:00:55,F1,0.0000,OK
2026-07-08 03:01:05,F1,0.0000,OK
2026-07-08 03:01:16,F1,0.0000,OK
2026-07-08 03:01:26,F1,0.0000,OK
2026-07-08 03:01:36,F1,0.0000,OK
2026-07-08 03:01:47,F1,0.0000,OK
2026-07-08 03:01:57,F1,0.0000,OK
2026-07-08 03:02:07,F1,0.0000,OK
2026-07-08 03:02:18,F1,0.0000,OK
2026-07-08 03:02:28,F1,0.0000,OK
2026-07-08 03:02:38,F1,0.0000,OK
2026-07-08 03:02:49,F1,0.0000,OK
2026-07-08 03:02:59,F1,0.0000,OK
2026-07-08 03:03:09,F1,0.0000,OK
2026-07-08 03:03:20,F1,0.0000,OK
2026-07-08 03:03:30,F1,0.0000,OK
2026-07-08 03:03:40,F1,0.0000,OK
2026-07-08 03:03:51,F1,0.0000,OK
2026-07-08 03:04:01,F1,0.0000,OK
2026-07-08 03:04:12,F1,0.0000,OK
2026-07-08 03:04:22,F1,0.0000,OK
2026-07-08 03:04:32,F1,0.0000,OK
2026-07-08 03:04:42,F1,0.0000,OK
2026-07-08 03:04:53,F1,0.0000,OK
2026-07-08 03:05:03,F1,0.0000,OK
2026-07-08 03:05:14,F1,0.0000,OK
2026-07-08 03:05:24,F1,0.0000,OK
2026-07-08 03:05:34,F1,0.0000,OK
2026-07-08 03:05:45,F1,0.0000,OK
2026-07-08 03:05:55,F1,0.0000,OK
2026-07-08 03:06:05,F1,0.0000,OK
2026-07-08 03:06:16,F1,0.0000,OK
2026-07-08 03:06:26,F1,0.0000,OK
2026-07-08 03:06:36,F1,0.0000,OK
2026-07-08 03:06:47,F1,0.0000,OK
2026-07-08 03:06:57,F1,0.0000,OK
2026-07-08 03:07:07,F1,0.0000,OK
2026-07-08 03:07:18,F1,0.0000,OK
2026-07-08 03:07:28,F1,0.0000,OK
2026-07-08 03:07:38,F1,0.0000,OK
2026-07-08 03:07:49,F1,0.0000,OK
2026-07-08 03:07:59,F1,0.0000,OK
2026-07-08 03:08:09,F1,0.0000,OK
2026-07-08 03:08:20,F1,0.0000,OK
2026-07-08 03:08:30,F1,0.0000,OK
2026-07-08 03:08:40,F1,0.0000,OK
2026-07-08 03:08:51,F1,0.0000,OK
2026-07-08 03:09:01,F1,0.0000,OK
2026-07-08 03:09:11,F1,0.0000,OK
2026-07-08 03:09:22,F1,0.0000,OK
2026-07-08 03:09:32,F1,0.0000,OK
2026-07-08 03:09:42,F1,0.0000,OK
2026-07-08 03:09:53,F1,0.0000,OK
2026-07-08 03:10:03,F1,0.0000,OK
2026-07-08 03:10:13,F1,0.0000,OK
2026-07-08 03:10:24,F1,0.0000,OK
2026-07-08 03:10:34,F1,0.0000,OK
2026-07-08 03:10:44,F1,0.0000,OK
2026-07-08 03:10:55,F1,0.0000,OK
2026-07-08 03:11:05,F1,0.0000,OK
2026-07-08 03:11:16,F1,0.0000,OK
2026-07-08 03:11:26,F1,0.0000,OK
2026-07-08 03:11:36,F1,0.0000,OK
2026-07-08 03:11:46,F1,0.0000,OK
2026-07-08 03:11:57,F1,0.0000,OK
2026-07-08 03:12:07,F1,0.0000,Bajo rango
2026-07-08 03:12:17,F1,0.0000,OK
2026-07-08 03:12:28,F1,0.0000,OK
2026-07-08 03:12:38,F1,0.0000,OK
2026-07-08 03:12:49,F1,0.0000,OK
2026-07-08 03:12:59,F1,0.0000,OK
2026-07-08 03:13:09,F1,0.0000,OK
2026-07-08 03:13:19,F1,0.0000,OK
2026-07-08 03:13:30,F1,0.0000,OK
2026-07-08 03:13:40,F1,0.0000,OK
2026-07-08 03:13:50,F1,0.0000,OK
2026-07-08 03:14:01,F1,0.0000,OK
2026-07-08 03:14:11,F1,0.0000,OK
2026-07-08 03:14:21,F1,0.0000,OK
2026-07-08 03:14:32,F1,0.0000,OK
2026-07-08 03:14:42,F1,0.0000,OK
2026-07-08 03:14:53,F1,0.0000,OK
2026-07-08 03:15:03,F1,0.0000,OK
2026-07-08 03:15:13,F1,0.0000,OK
2026-07-08 03:15:24,F1,0.0000,OK
2026-07-08 03:15:34,F1,0.0000,OK
2026-07-08 03:15:44,F1,0.0000,OK
2026-07-08 03:15:55,F1,0.0000,OK
2026-07-08 03:16:05,F1,0.0000,Bajo rango
2026-07-08 03:16:15,F1,0.0000,Bajo rango
2026-07-08 03:16:26,F1,0.0000,OK
2026-07-08 03:16:36,F1,0.0000,OK
2026-07-08 03:16:46,F1,0.0000,Bajo rango
2026-07-08 03:16:57,F1,0.0000,OK
2026-07-08 03:17:07,F1,0.0000,OK
2026-07-08 03:17:17,F1,0.0000,OK
2026-07-08 03:17:28,F1,0.0000,OK
2026-07-08 03:17:38,F1,0.0000,OK
2026-07-08 03:17:48,F1,0.0000,OK
2026-07-08 03:17:59,F1,0.0000,OK
2026-07-08 03:18:09,F1,0.0000,Bajo rango
2026-07-08 03:18:19,F1,0.0000,OK
2026-07-08 03:18:30,F1,0.0000,OK
2026-07-08 03:18:40,F1,0.0000,OK
2026-07-08 03:18:50,F1,0.0000,OK
2026-07-08 03:19:01,F1,0.0000,OK
2026-07-08 03:19:11,F1,0.0000,OK
2026-07-08 03:19:21,F1,0.0000,OK
2026-07-08 03:19:32,F1,0.0000,OK
2026-07-08 03:19:42,F1,0.0000,OK
2026-07-08 03:19:52,F1,0.0000,OK
2026-07-08 03:20:03,F1,0.0000,OK
2026-07-08 03:20:13,F1,0.0000,OK
2026-07-08 03:20:23,F1,0.0000,OK
2026-07-08 03:20:34,F1,0.0000,OK
2026-07-08 03:20:44,F1,0.0000,OK
2026-07-08 03:20:54,F1,0.0000,OK
2026-07-08 03:21:05,F1,0.0000,OK
2026-07-08 03:21:15,F1,0.0000,OK
2026-07-08 03:21:25,F1,0.0000,OK
2026-07-08 03:21:36,F1,0.0000,OK
2026-07-08 03:21:46,F1,0.0000,OK
2026-07-08 03:21:56,F1,0.0000,OK
2026-07-08 03:22:07,F1,0.0000,OK
2026-07-08 03:22:17,F1,0.0000,OK
2026-07-08 03:22:27,F1,0.0000,OK
2026-07-08 03:22:38,F1,0.0000,OK
2026-07-08 03:22:48,F1,0.0000,OK
2026-07-08 03:22:58,F1,0.0000,OK
2026-07-08 03:23:08,F1,0.0000,OK
2026-07-08 03:23:19,F1,0.0000,OK
2026-07-08 03:23:29,F1,0.0000,OK
2026-07-08 03:23:39,F1,0.0000,OK
2026-07-08 03:23:50,F1,0.0000,OK
2026-07-08 03:24:00,F1,0.0000,OK
2026-07-08 03:24:10,F1,0.0000,OK
2026-07-08 03:24:21,F1,0.0000,OK
2026-07-08 03:24:31,F1,0.0000,OK
2026-07-08 03:24:41,F1,0.0000,OK
2026-07-08 03:24:52,F1,0.0000,OK
2026-07-08 03:25:02,F1,0.0000,OK
2026-07-08 03:25:13,F1,0.0000,OK
2026-07-08 03:25:23,F1,0.0000,OK
2026-07-08 03:25:33,F1,0.0000,OK
2026-07-08 03:25:44,F1,0.0000,OK
2026-07-08 03:25:54,F1,0.0000,OK
2026-07-08 03:26:04,F1,0.0000,OK
2026-07-08 03:26:15,F1,0.0000,OK
2026-07-08 03:26:25,F1,0.0000,OK
2026-07-08 03:26:35,F1,0.0000,OK
2026-07-08 03:26:46,F1,0.0000,OK
2026-07-08 03:26:56,F1,0.0000,OK
2026-07-08 03:27:06,F1,0.0000,OK
2026-07-08 03:27:17,F1,0.0000,OK
2026-07-08 03:27:27,F1,0.0000,OK
2026-07-08 03:27:37,F1,0.0000,OK
2026-07-08 03:27:48,F1,0.0000,OK
2026-07-08 03:27:58,F1,0.0000,OK
2026-07-08 03:28:09,F1,0.0000,OK
2026-07-08 03:28:19,F1,0.0000,OK
2026-07-08 03:28:29,F1,0.0000,OK
2026-07-08 03:28:40,F1,0.0000,OK
2026-07-08 03:28:50,F1,0.0000,OK
2026-07-08 03:29:00,F1,0.0000,OK
2026-07-08 03:29:11,F1,0.0000,OK
2026-07-08 03:29:21,F1,0.0000,OK
2026-07-08 03:29:31,F1,0.0000,OK
2026-07-08 03:29:42,F1,0.0000,OK
2026-07-08 03:29:52,F1,0.0000,OK
2026-07-08 03:30:02,F1,0.0000,OK
2026-07-08 03:30:13,F1,0.0000,OK
2026-07-08 03:30:23,F1,0.0000,OK
2026-07-08 03:30:33,F1,0.0000,OK
2026-07-08 03:30:44,F1,0.0000,OK
2026-07-08 03:30:54,F1,0.0000,OK
2026-07-08 03:31:04,F1,0.0000,OK
2026-07-08 03:31:15,F1,0.0000,OK
2026-07-08 03:31:25,F1,0.0000,OK
2026-07-08 03:31:35,F1,0.0000,OK
2026-07-08 03:31:46,F1,0.0000,OK
2026-07-08 03:31:56,F1,0.0000,OK
2026-07-08 03:32:06,F1,0.0000,OK
2026-07-08 03:32:17,F1,0.0000,OK
2026-07-08 03:32:27,F1,0.0000,OK
2026-07-08 03:32:37,F1,0.0000,OK
2026-07-08 03:32:48,F1,0.0000,OK
2026-07-08 03:32:58,F1,0.0000,OK
2026-07-08 03:33:08,F1,0.0000,OK
2026-07-08 03:33:19,F1,0.0000,OK
2026-07-08 03:33:29,F1,0.0000,OK
2026-07-08 03:33:40,F1,0.0000,OK
2026-07-08 03:33:50,F1,0.0000,OK
2026-07-08 03:34:00,F1,0.0000,OK
2026-07-08 03:34:11,F1,0.0000,OK
2026-07-08 03:34:21,F1,0.0000,OK
2026-07-08 03:34:31,F1,0.0000,OK
2026-07-08 03:34:42,F1,0.0000,OK
2026-07-08 03:34:52,F1,0.0000,OK
2026-07-08 03:35:02,F1,0.0000,OK
2026-07-08 03:35:13,F1,0.0000,OK
2026-07-08 03:35:23,F1,0.0000,OK
2026-07-08 03:35:33,F1,0.0000,OK
2026-07-08 03:35:44,F1,0.0000,OK
2026-07-08 03:35:54,F1,0.0000,OK
2026-07-08 03:36:04,F1,0.0000,OK
2026-07-08 03:36:15,F1,0.0000,OK
2026-07-08 03:36:25,F1,0.0000,OK
2026-07-08 03:36:35,F1,0.0000,OK
2026-07-08 03:36:46,F1,0.0000,OK
2026-07-08 03:36:56,F1,0.0000,OK
2026-07-08 03:37:06,F1,0.0000,OK
2026-07-08 03:37:17,F1,0.0000,OK
2026-07-08 03:37:27,F1,0.0000,OK
2026-07-08 03:37:37,F1,0.0000,OK
2026-07-08 03:37:48,F1,0.0000,OK
2026-07-08 03:37:58,F1,0.0000,OK
2026-07-08 03:38:08,F1,0.0000,OK
2026-07-08 03:38:19,F1,0.0000,OK
2026-07-08 03:38:29,F1,0.0000,OK
2026-07-08 03:38:39,F1,0.0000,OK
2026-07-08 03:38:50,F1,0.0000,OK
2026-07-08 03:39:00,F1,0.0000,OK
2026-07-08 03:39:10,F1,0.0000,OK
2026-07-08 03:39:21,F1,0.0000,OK
2026-07-08 03:39:31,F1,0.0000,OK
2026-07-08 03:39:41,F1,0.0000,OK
2026-07-08 03:39:52,F1,0.0000,OK
2026-07-08 03:40:02,F1,0.0000,OK
2026-07-08 03:40:12,F1,0.0000,OK
2026-07-08 03:40:23,F1,0.0000,OK
2026-07-08 03:40:33,F1,0.0000,OK
2026-07-08 03:40:43,F1,0.0000,OK
2026-07-08 03:40:54,F1,0.0000,OK
2026-07-08 03:41:04,F1,0.0000,OK
2026-07-08 03:41:14,F1,0.0000,OK
2026-07-08 03:41:25,F1,0.0000,OK
2026-07-08 03:41:35,F1,0.0000,OK
2026-07-08 03:41:45,F1,0.0000,OK
2026-07-08 03:41:56,F1,0.0000,OK
2026-07-08 03:42:06,F1,0.0000,OK
2026-07-08 03:42:16,F1,0.0000,OK
2026-07-08 03:42:27,F1,0.0000,OK
2026-07-08 03:42:37,F1,0.0000,OK
2026-07-08 03:42:47,F1,0.0000,OK
2026-07-08 03:42:58,F1,0.0000,OK
2026-07-08 03:43:08,F1,0.0000,OK
2026-07-08 03:43:18,F1,0.0000,OK
2026-07-08 03:43:29,F1,0.0000,OK
2026-07-08 03:43:39,F1,0.0000,OK
2026-07-08 03:43:49,F1,0.0000,OK
2026-07-08 03:44:00,F1,0.0000,OK
2026-07-08 03:44:10,F1,0.0000,OK
2026-07-08 03:44:20,F1,0.0000,OK
2026-07-08 03:44:31,F1,0.0000,OK
2026-07-08 03:44:41,F1,0.0000,OK
2026-07-08 03:44:51,F1,0.0000,OK
2026-07-08 03:45:02,F1,0.0000,OK
2026-07-08 03:45:12,F1,0.0000,OK
2026-07-08 03:45:22,F1,0.0000,OK
2026-07-08 03:45:33,F1,0.0000,OK
2026-07-08 03:45:43,F1,0.0000,OK
2026-07-08 03:45:53,F1,0.0000,OK
2026-07-08 03:46:04,F1,0.0000,OK
2026-07-08 03:46:14,F1,0.0000,OK
2026-07-08 03:46:24,F1,0.0000,OK
2026-07-08 03:46:35,F1,0.0000,OK
2026-07-08 03:46:45,F1,0.0000,OK
2026-07-08 03:46:55,F1,0.0000,OK
2026-07-08 03:47:06,F1,0.0000,OK
2026-07-08 03:47:16,F1,0.0000,OK
2026-07-08 03:47:26,F1,0.0000,OK
2026-07-08 03:47:37,F1,0.0000,OK
2026-07-08 03:47:47,F1,0.0000,OK
2026-07-08 03:47:57,F1,0.0000,OK
2026-07-08 03:48:08,F1,0.0000,OK
2026-07-08 03:48:18,F1,0.0000,OK
2026-07-08 03:48:28,F1,0.0000,OK
2026-07-08 03:48:39,F1,0.0000,OK
2026-07-08 03:48:49,F1,0.0000,OK
2026-07-08 03:48:59,F1,0.0000,OK
2026-07-08 03:49:10,F1,0.0000,OK
2026-07-08 03:49:20,F1,0.0000,OK
2026-07-08 03:49:30,F1,0.0000,OK
2026-07-08 03:49:41,F1,0.0000,OK
2026-07-08 03:49:51,F1,0.0000,OK
2026-07-08 03:50:01,F1,0.0000,OK
2026-07-08 03:50:12,F1,0.0000,OK
2026-07-08 03:50:22,F1,0.0000,OK
2026-07-08 03:50:32,F1,0.0000,OK
2026-07-08 03:50:43,F1,0.0000,OK
2026-07-08 03:50:53,F1,0.0000,OK
2026-07-08 03:51:03,F1,0.0000,OK
2026-07-08 03:51:14,F1,0.0000,OK
2026-07-08 03:51:24,F1,0.0000,OK
2026-07-08 03:51:34,F1,0.0000,OK
2026-07-08 03:51:45,F1,0.0000,OK
2026-07-08 03:51:55,F1,0.0000,OK
2026-07-08 03:52:05,F1,0.0000,OK
2026-07-08 03:52:16,F1,0.0000,OK
2026-07-08 03:52:26,F1,0.0000,OK
2026-07-08 03:52:36,F1,0.0000,OK
2026-07-08 03:52:47,F1,0.0000,OK
2026-07-08 03:52:57,F1,0.0000,OK
2026-07-08 03:53:07,F1,0.0000,OK
2026-07-08 03:53:18,F1,0.0000,OK
2026-07-08 03:53:28,F1,0.0000,OK
2026-07-08 03:53:38,F1,0.0000,OK
2026-07-08 03:53:49,F1,0.0000,OK
2026-07-08 03:53:59,F1,0.0000,OK
2026-07-08 03:54:10,F1,0.0000,OK
2026-07-08 03:54:20,F1,0.0000,OK
2026-07-08 03:54:30,F1,0.0000,OK
2026-07-08 03:54:41,F1,0.0000,OK
2026-07-08 03:54:51,F1,0.0000,OK
2026-07-08 03:55:01,F1,0.0000,OK
2026-07-08 03:55:12,F1,0.0000,OK
2026-07-08 03:55:22,F1,0.0000,OK
2026-07-08 03:55:32,F1,0.0000,OK
2026-07-08 03:55:43,F1,0.0000,OK
2026-07-08 03:55:53,F1,0.0000,OK
2026-07-08 03:56:03,F1,0.0000,OK
2026-07-08 03:56:14,F1,0.0000,OK
2026-07-08 03:56:24,F1,0.0000,OK
2026-07-08 03:56:34,F1,0.0000,OK
2026-07-08 03:56:45,F1,0.0000,OK
2026-07-08 03:56:55,F1,0.0000,OK
2026-07-08 03:57:05,F1,0.0000,OK
2026-07-08 03:57:16,F1,0.0000,OK
2026-07-08 03:57:26,F1,0.0000,OK
2026-07-08 03:57:36,F1,0.0000,OK
2026-07-08 03:57:47,F1,0.0000,OK
2026-07-08 03:57:57,F1,0.0000,OK
2026-07-08 03:58:07,F1,0.0000,OK
2026-07-08 03:58:18,F1,0.0000,OK
2026-07-08 03:58:28,F1,0.0000,OK
2026-07-08 03:58:38,F1,0.0000,OK
2026-07-08 03:58:49,F1,0.0000,OK
2026-07-08 03:58:59,F1,0.0000,OK
2026-07-08 03:59:09,F1,0.0000,OK
2026-07-08 03:59:20,F1,0.0000,OK
2026-07-08 03:59:30,F1,0.0000,OK
2026-07-08 03:59:40,F1,0.0000,OK
2026-07-08 03:59:51,F1,0.0000,OK
2026-07-08 04:00:01,F1,0.0000,OK
2026-07-08 04:00:11,F1,0.0000,OK
2026-07-08 04:00:22,F1,0.0000,OK
2026-07-08 04:00:32,F1,0.0000,OK
2026-07-08 04:00:42,F1,0.0000,OK
2026-07-08 04:00:53,F1,0.0000,OK
2026-07-08 04:01:03,F1,0.0000,OK
2026-07-08 04:01:13,F1,0.0000,OK
2026-07-08 04:01:24,F1,0.0000,OK
2026-07-08 04:01:34,F1,0.0000,OK
2026-07-08 04:01:44,F1,0.0000,OK
2026-07-08 04:01:55,F1,0.0000,OK
2026-07-08 04:02:05,F1,0.0000,OK
2026-07-08 04:02:15,F1,0.0000,OK
2026-07-08 04:02:26,F1,0.0000,OK
2026-07-08 04:02:36,F1,0.0000,OK
2026-07-08 04:02:46,F1,0.0000,OK
2026-07-08 04:02:57,F1,0.0000,OK
2026-07-08 04:03:07,F1,0.0000,OK
2026-07-08 04:03:17,F1,0.0000,OK
2026-07-08 04:03:28,F1,0.0000,OK
2026-07-08 04:03:38,F1,0.0000,OK
2026-07-08 04:03:48,F1,0.0000,OK
2026-07-08 04:03:59,F1,0.0000,OK
2026-07-08 04:04:09,F1,0.0000,OK
2026-07-08 04:04:19,F1,0.0000,OK
2026-07-08 04:04:30,F1,0.0000,OK
2026-07-08 04:04:40,F1,0.0000,OK
2026-07-08 04:04:50,F1,0.0000,OK
2026-07-08 04:05:01,F1,0.0000,OK
2026-07-08 04:05:11,F1,0.0000,OK
2026-07-08 04:05:21,F1,0.0000,OK
2026-07-08 04:05:32,F1,0.0000,OK
2026-07-08 04:05:42,F1,0.0000,OK
2026-07-08 04:05:52,F1,0.0000,OK
2026-07-08 04:06:03,F1,0.0000,OK
2026-07-08 04:06:13,F1,0.0000,OK
2026-07-08 04:06:23,F1,0.0000,OK
2026-07-08 04:06:34,F1,0.0000,OK
2026-07-08 04:06:44,F1,0.0000,OK
2026-07-08 04:06:54,F1,0.0000,OK
2026-07-08 04:07:05,F1,0.0000,OK
2026-07-08 04:07:15,F1,0.0000,OK
2026-07-08 04:07:25,F1,0.0000,OK
2026-07-08 04:07:36,F1,0.0000,OK
2026-07-08 04:07:46,F1,0.0000,OK
2026-07-08 04:07:56,F1,0.0000,OK
2026-07-08 04:08:07,F1,0.0000,OK
2026-07-08 04:08:17,F1,0.0000,OK
2026-07-08 04:08:27,F1,0.0000,OK
2026-07-08 04:08:38,F1,0.0000,OK
2026-07-08 04:08:48,F1,0.0000,OK
2026-07-08 04:08:58,F1,0.0000,OK
2026-07-08 04:09:09,F1,0.0000,OK
2026-07-08 04:09:19,F1,0.0000,OK
2026-07-08 04:09:29,F1,0.0000,OK
2026-07-08 04:09:40,F1,0.0000,OK
2026-07-08 04:09:50,F1,0.0000,OK
2026-07-08 04:10:00,F1,0.0000,OK
2026-07-08 04:10:11,F1,0.0000,OK
2026-07-08 04:10:21,F1,0.0000,OK
2026-07-08 04:10:31,F1,0.0000,OK
2026-07-08 04:10:42,F1,0.0000,OK
2026-07-08 04:10:52,F1,0.0000,OK
2026-07-08 04:11:02,F1,0.0000,OK
2026-07-08 04:11:13,F1,0.0000,OK
2026-07-08 04:11:23,F1,0.0000,OK
2026-07-08 04:11:33,F1,0.0000,OK
2026-07-08 04:11:44,F1,0.0000,OK
2026-07-08 04:11:54,F1,0.0000,OK
2026-07-08 04:12:04,F1,0.0000,OK
2026-07-08 04:12:15,F1,0.0000,OK
2026-07-08 04:12:25,F1,0.0000,OK
2026-07-08 04:12:35,F1,0.0000,OK
2026-07-08 04:12:46,F1,0.0000,OK
2026-07-08 04:12:56,F1,0.0000,OK
2026-07-08 04:13:06,F1,0.0000,OK
2026-07-08 04:13:17,F1,0.0000,OK
2026-07-08 04:13:27,F1,0.0000,OK
2026-07-08 04:13:37,F1,0.0000,OK
2026-07-08 04:13:48,F1,0.0000,OK
2026-07-08 04:13:58,F1,0.0000,OK
2026-07-08 04:14:08,F1,0.0000,OK
2026-07-08 04:14:19,F1,0.0000,OK
2026-07-08 04:14:29,F1,0.0000,OK
2026-07-08 04:14:39,F1,0.0000,OK
2026-07-08 04:14:50,F1,0.0000,OK
2026-07-08 04:15:00,F1,0.0000,OK
2026-07-08 04:15:10,F1,0.0000,OK
2026-07-08 04:15:21,F1,0.0000,OK
2026-07-08 04:15:31,F1,0.0000,OK
2026-07-08 04:15:41,F1,0.0000,OK
2026-07-08 04:15:52,F1,0.0000,OK
2026-07-08 04:16:02,F1,0.0000,OK
2026-07-08 04:16:13,F1,0.0000,OK
2026-07-08 04:16:23,F1,0.0000,OK
2026-07-08 04:16:33,F1,0.0000,OK
2026-07-08 04:16:44,F1,0.0000,OK
2026-07-08 04:16:54,F1,0.0000,OK
2026-07-08 04:17:04,F1,0.0000,OK
2026-07-08 04:17:15,F1,0.0000,OK
2026-07-08 04:17:25,F1,0.0000,OK
2026-07-08 04:17:35,F1,0.0000,OK
2026-07-08 04:17:46,F1,0.0000,OK
2026-07-08 04:17:56,F1,0.0000,OK
2026-07-08 04:18:06,F1,0.0000,OK
2026-07-08 04:18:17,F1,0.0000,OK
2026-07-08 04:18:27,F1,0.0000,OK
2026-07-08 04:18:37,F1,0.0000,OK
2026-07-08 04:18:48,F1,0.0000,OK
2026-07-08 04:18:58,F1,0.0000,OK
2026-07-08 04:19:08,F1,0.0000,OK
2026-07-08 04:19:19,F1,0.0000,OK
2026-07-08 04:19:29,F1,0.0000,OK
2026-07-08 04:19:39,F1,0.0000,Bajo rango
2026-07-08 04:19:50,F1,0.0000,OK
2026-07-08 04:20:00,F1,0.0000,OK
2026-07-08 04:20:10,F1,0.0000,OK
2026-07-08 04:20:21,F1,0.0000,OK
2026-07-08 04:20:31,F1,0.0000,OK
2026-07-08 04:20:41,F1,0.0000,OK
2026-07-08 04:20:52,F1,0.0000,OK
2026-07-08 04:21:02,F1,0.0000,OK
2026-07-08 04:21:12,F1,0.0000,OK
2026-07-08 04:21:23,F1,0.0000,OK
2026-07-08 04:21:33,F1,0.0000,OK
2026-07-08 04:21:43,F1,0.0000,OK
2026-07-08 04:21:54,F1,0.0000,OK
2026-07-08 04:22:04,F1,0.0000,OK
2026-07-08 04:22:14,F1,0.0000,OK
2026-07-08 04:22:25,F1,0.0000,OK
2026-07-08 04:22:35,F1,0.0000,Bajo rango
2026-07-08 04:22:45,F1,0.0000,OK
2026-07-08 04:22:56,F1,0.0000,OK
2026-07-08 04:23:06,F1,0.0000,OK
2026-07-08 04:23:16,F1,0.0000,OK
2026-07-08 04:23:27,F1,0.0000,OK
2026-07-08 04:23:37,F1,0.0000,OK
2026-07-08 04:23:47,F1,0.0000,OK
2026-07-08 04:23:58,F1,0.0000,OK
2026-07-08 04:24:08,F1,0.0000,OK
2026-07-08 04:24:18,F1,0.0000,OK
2026-07-08 04:24:29,F1,0.0000,OK
2026-07-08 04:24:39,F1,0.0000,OK
2026-07-08 04:24:49,F1,0.0000,OK
2026-07-08 04:25:00,F1,0.0000,OK
2026-07-08 04:25:10,F1,0.0000,OK
2026-07-08 04:25:20,F1,0.0000,OK
2026-07-08 04:25:31,F1,0.0000,OK
2026-07-08 04:25:41,F1,0.0000,OK
2026-07-08 04:25:51,F1,0.0000,OK
2026-07-08 04:26:02,F1,0.0000,OK
2026-07-08 04:26:12,F1,0.0000,OK
2026-07-08 04:26:22,F1,0.0000,OK
2026-07-08 04:26:33,F1,0.0000,OK
2026-07-08 04:26:43,F1,0.0000,OK
2026-07-08 04:26:53,F1,0.0000,OK
2026-07-08 04:27:04,F1,0.0000,OK
2026-07-08 04:27:14,F1,0.0000,OK
2026-07-08 04:27:24,F1,0.0000,OK
2026-07-08 04:27:35,F1,0.0000,OK
2026-07-08 04:27:45,F1,0.0000,OK
2026-07-08 04:27:55,F1,0.0000,OK
2026-07-08 04:28:06,F1,0.0000,OK
2026-07-08 04:28:16,F1,0.0000,OK
2026-07-08 04:28:26,F1,0.0000,OK
2026-07-08 04:28:37,F1,0.0000,OK
2026-07-08 04:28:47,F1,0.0000,OK
2026-07-08 04:28:58,F1,0.0000,OK
2026-07-08 04:29:08,F1,0.0000,OK
2026-07-08 04:29:18,F1,0.0000,OK
2026-07-08 04:29:29,F1,0.0000,OK
2026-07-08 04:29:39,F1,0.0000,OK
2026-07-08 04:29:49,F1,0.0000,OK
2026-07-08 04:30:00,F1,0.0000,OK
2026-07-08 04:30:10,F1,0.0000,OK
2026-07-08 04:30:20,F1,0.0000,OK
2026-07-08 04:30:30,F1,0.0000,OK
2026-07-08 04:30:41,F1,0.0000,OK
2026-07-08 04:30:51,F1,0.0000,OK
2026-07-08 04:31:02,F1,0.0000,OK
2026-07-08 04:31:12,F1,0.0000,OK
2026-07-08 04:31:22,F1,0.0000,OK
2026-07-08 04:31:33,F1,0.0000,OK
2026-07-08 04:31:43,F1,0.0000,OK
2026-07-08 04:31:53,F1,0.0000,OK
2026-07-08 04:32:04,F1,0.0000,OK
2026-07-08 04:32:14,F1,0.0000,OK
2026-07-08 04:32:24,F1,0.0000,OK
2026-07-08 04:32:35,F1,0.0000,OK
2026-07-08 04:32:45,F1,0.0000,OK
2026-07-08 04:32:55,F1,0.0000,OK
2026-07-08 04:33:06,F1,0.0000,OK
2026-07-08 04:33:16,F1,0.0000,OK
2026-07-08 04:33:26,F1,0.0000,OK
2026-07-08 04:33:37,F1,0.0000,OK
2026-07-08 04:33:47,F1,0.0000,OK
2026-07-08 04:33:57,F1,0.0000,OK
2026-07-08 04:34:08,F1,0.0000,OK
2026-07-08 04:34:18,F1,0.0000,OK
2026-07-08 04:34:28,F1,0.0000,OK
2026-07-08 04:34:39,F1,0.0000,OK
2026-07-08 04:34:49,F1,0.0000,OK
2026-07-08 04:34:59,F1,0.0000,OK
2026-07-08 04:35:10,F1,0.0000,OK
2026-07-08 04:35:20,F1,0.0000,OK
2026-07-08 04:35:30,F1,0.0000,OK
2026-07-08 04:35:41,F1,0.0000,OK
2026-07-08 04:35:51,F1,0.0000,OK
2026-07-08 04:36:01,F1,0.0000,OK
2026-07-08 04:36:12,F1,0.0000,OK
2026-07-08 04:36:22,F1,0.0000,OK
2026-07-08 04:36:32,F1,0.0000,OK
2026-07-08 04:36:43,F1,0.0000,OK
2026-07-08 04:36:53,F1,0.0000,OK
2026-07-08 04:37:03,F1,0.0000,OK
2026-07-08 04:37:15,F1,0.0000,OK
2026-07-08 04:37:25,F1,0.0000,OK
2026-07-08 04:37:35,F1,0.0000,OK
2026-07-08 04:37:46,F1,0.0000,OK
2026-07-08 04:37:56,F1,0.0000,OK
2026-07-08 04:38:06,F1,0.0000,OK
2026-07-08 04:38:17,F1,0.0000,OK
2026-07-08 04:38:27,F1,0.0000,OK
2026-07-08 04:38:37,F1,0.0000,OK
2026-07-08 04:38:48,F1,0.0000,OK
2026-07-08 04:38:58,F1,0.0000,OK
2026-07-08 04:39:08,F1,0.0000,OK
2026-07-08 04:39:19,F1,0.0000,OK
2026-07-08 04:39:29,F1,0.0000,OK
2026-07-08 04:39:39,F1,0.0000,OK
2026-07-08 04:39:50,F1,0.0000,OK
2026-07-08 04:40:00,F1,0.0000,OK
2026-07-08 04:40:10,F1,0.0000,OK
2026-07-08 04:40:21,F1,0.0000,OK
2026-07-08 04:40:31,F1,0.0000,OK
2026-07-08 04:40:41,F1,0.0000,OK
2026-07-08 04:40:52,F1,0.0000,OK
2026-07-08 04:41:02,F1,0.0000,OK
2026-07-08 04:41:12,F1,0.0000,OK
2026-07-08 04:41:23,F1,0.0000,OK
2026-07-08 04:41:33,F1,0.0000,OK
2026-07-08 04:41:43,F1,0.0000,OK
2026-07-08 04:41:54,F1,0.0000,OK
2026-07-08 04:42:04,F1,0.0000,OK
2026-07-08 04:42:14,F1,0.0000,Bajo rango
2026-07-08 04:42:25,F1,0.0000,OK
2026-07-08 04:42:35,F1,0.0000,OK
2026-07-08 04:42:45,F1,0.0000,OK
2026-07-08 04:42:56,F1,0.0000,OK
2026-07-08 04:43:06,F1,0.0000,OK
2026-07-08 04:43:16,F1,0.0000,OK
2026-07-08 04:43:27,F1,0.0000,OK
2026-07-08 04:43:37,F1,0.0000,OK
2026-07-08 04:43:47,F1,0.0000,OK
2026-07-08 04:43:58,F1,0.0000,OK
2026-07-08 04:44:08,F1,0.0000,OK
2026-07-08 04:44:18,F1,0.0000,OK
2026-07-08 04:44:29,F1,0.0000,OK
2026-07-08 04:44:39,F1,0.0000,OK
2026-07-08 04:44:49,F1,0.0000,OK
2026-07-08 04:45:00,F1,0.0000,OK
2026-07-08 04:45:10,F1,0.0000,OK
2026-07-08 04:45:20,F1,0.0000,OK
2026-07-08 04:45:31,F1,0.0000,OK
2026-07-08 04:45:41,F1,0.0000,OK
2026-07-08 04:45:51,F1,0.0000,OK
2026-07-08 04:46:02,F1,0.0000,OK
2026-07-08 04:46:12,F1,0.0000,OK
2026-07-08 04:46:23,F1,0.0000,OK
2026-07-08 04:46:33,F1,0.0000,OK
2026-07-08 04:46:43,F1,0.0000,OK
2026-07-08 04:46:54,F1,0.0000,OK
2026-07-08 04:47:04,F1,0.0000,OK
2026-07-08 04:47:14,F1,0.0000,OK
2026-07-08 04:47:25,F1,0.0000,OK
2026-07-08 04:47:35,F1,0.0000,OK
2026-07-08 04:47:45,F1,0.0000,OK
2026-07-08 04:47:56,F1,0.0000,OK
2026-07-08 04:48:06,F1,0.0000,OK
2026-07-08 04:48:16,F1,0.0000,OK
2026-07-08 04:48:27,F1,0.0000,OK
2026-07-08 04:48:37,F1,0.0000,OK
2026-07-08 04:48:47,F1,0.0000,OK
2026-07-08 04:48:58,F1,0.0000,OK
2026-07-08 04:49:08,F1,0.0000,OK
2026-07-08 04:49:18,F1,0.0000,OK
2026-07-08 04:49:29,F1,0.0000,OK
2026-07-08 04:49:39,F1,0.0000,OK
2026-07-08 04:49:49,F1,0.0000,Bajo rango
2026-07-08 04:50:00,F1,0.0000,OK
2026-07-08 04:50:10,F1,0.0000,OK
2026-07-08 04:50:20,F1,0.0000,OK
2026-07-08 04:50:31,F1,0.0000,OK
2026-07-08 04:50:41,F1,0.0000,OK
2026-07-08 04:50:51,F1,0.0000,OK
2026-07-08 04:51:02,F1,0.0000,OK
2026-07-08 04:51:12,F1,0.0000,OK
2026-07-08 04:51:22,F1,0.0000,OK
2026-07-08 04:51:33,F1,0.0000,OK
2026-07-08 04:51:43,F1,0.0000,OK
2026-07-08 04:51:53,F1,0.0000,OK
2026-07-08 04:52:04,F1,0.0000,OK
2026-07-08 04:52:14,F1,0.0000,OK
2026-07-08 04:52:24,F1,0.0000,OK
2026-07-08 04:52:35,F1,0.0000,OK
2026-07-08 04:52:45,F1,0.0000,OK
2026-07-08 04:52:55,F1,0.0000,OK
2026-07-08 04:53:06,F1,0.0000,OK
2026-07-08 04:53:16,F1,0.0000,OK
2026-07-08 04:53:26,F1,0.0000,OK
2026-07-08 04:53:37,F1,0.0000,OK
2026-07-08 04:53:47,F1,0.0000,OK
2026-07-08 04:53:57,F1,0.0000,OK
2026-07-08 04:54:08,F1,0.0000,OK
2026-07-08 04:54:18,F1,0.0000,OK
2026-07-08 04:54:28,F1,0.0000,OK
2026-07-08 04:54:39,F1,0.0000,OK
2026-07-08 04:54:49,F1,0.0000,OK
2026-07-08 04:54:59,F1,0.0000,OK
2026-07-08 04:55:10,F1,0.0000,OK
2026-07-08 04:55:20,F1,0.0000,OK
2026-07-08 04:55:30,F1,0.0000,OK
2026-07-08 04:55:41,F1,0.0000,OK
2026-07-08 04:55:51,F1,0.0000,OK
2026-07-08 04:56:01,F1,0.0000,OK
2026-07-08 04:56:12,F1,0.0000,OK
2026-07-08 04:56:22,F1,0.0000,OK
2026-07-08 04:56:32,F1,0.0000,OK
2026-07-08 04:56:43,F1,0.0000,OK
2026-07-08 04:56:53,F1,0.0000,OK
2026-07-08 04:57:03,F1,0.0000,OK
2026-07-08 04:57:14,F1,0.0000,OK
2026-07-08 04:57:24,F1,0.0000,OK
2026-07-08 04:57:34,F1,0.0000,OK
2026-07-08 04:57:45,F1,0.0000,OK
2026-07-08 04:57:55,F1,0.0000,OK
2026-07-08 04:58:05,F1,0.0000,OK
2026-07-08 04:58:16,F1,0.0000,OK
2026-07-08 04:58:26,F1,0.0000,OK
2026-07-08 04:58:37,F1,0.0000,OK
2026-07-08 04:58:47,F1,0.0000,OK
2026-07-08 04:58:57,F1,0.0000,OK
2026-07-08 04:59:08,F1,0.0000,OK
2026-07-08 04:59:18,F1,0.0000,OK
2026-07-08 04:59:28,F1,0.0000,OK
2026-07-08 04:59:39,F1,0.0000,OK
2026-07-08 04:59:49,F1,0.0000,OK
2026-07-08 04:59:59,F1,0.0000,OK
2026-07-08 05:00:10,F1,0.0000,OK
2026-07-08 05:00:20,F1,0.0000,OK
2026-07-08 05:00:30,F1,0.0000,OK
2026-07-08 05:00:41,F1,0.0000,OK
2026-07-08 05:00:51,F1,0.0000,OK
2026-07-08 05:01:01,F1,0.0000,OK
2026-07-08 05:01:12,F1,0.0000,OK
2026-07-08 05:01:22,F1,0.0000,OK
2026-07-08 05:01:32,F1,0.0000,OK
2026-07-08 05:01:43,F1,0.0000,OK
2026-07-08 05:01:53,F1,0.0000,OK
2026-07-08 05:02:03,F1,0.0000,OK
2026-07-08 05:02:14,F1,0.0000,OK
2026-07-08 05:02:24,F1,0.0000,OK
2026-07-08 05:02:34,F1,0.0000,OK
2026-07-08 05:02:45,F1,0.0000,OK
2026-07-08 05:02:55,F1,0.0000,OK
2026-07-08 05:03:05,F1,0.0000,OK
2026-07-08 05:03:16,F1,0.0000,OK
2026-07-08 05:03:26,F1,0.0000,OK
2026-07-08 05:03:36,F1,0.0000,OK
2026-07-08 05:03:47,F1,0.0000,OK
2026-07-08 05:03:57,F1,0.0000,OK
2026-07-08 05:04:07,F1,0.0000,OK
2026-07-08 05:04:18,F1,0.0000,OK
2026-07-08 05:04:28,F1,0.0000,OK
2026-07-08 05:04:38,F1,0.0000,OK
2026-07-08 05:04:49,F1,0.0000,OK
2026-07-08 05:04:59,F1,0.0000,OK
2026-07-08 05:05:09,F1,0.0000,OK
2026-07-08 05:05:20,F1,0.0000,OK
2026-07-08 05:05:30,F1,0.0000,OK
2026-07-08 05:05:41,F1,0.0000,OK
2026-07-08 05:05:51,F1,0.0000,OK
2026-07-08 05:06:01,F1,0.0000,OK
2026-07-08 05:06:12,F1,0.0000,OK
2026-07-08 05:06:22,F1,0.0000,OK
2026-07-08 05:06:32,F1,0.0000,OK
2026-07-08 05:06:43,F1,0.0000,OK
2026-07-08 05:06:53,F1,0.0000,OK
2026-07-08 05:07:03,F1,0.0000,OK
2026-07-08 05:07:14,F1,0.0000,OK
2026-07-08 05:07:24,F1,0.0000,OK
2026-07-08 05:07:34,F1,0.0000,OK
2026-07-08 05:07:45,F1,0.0000,OK
2026-07-08 05:07:55,F1,0.0000,OK
2026-07-08 05:08:05,F1,0.0000,OK
2026-07-08 05:08:16,F1,0.0000,OK
2026-07-08 05:08:26,F1,0.0000,OK
2026-07-08 05:08:36,F1,0.0000,OK
2026-07-08 05:08:47,F1,0.0000,OK
2026-07-08 05:08:57,F1,0.0000,OK
2026-07-08 05:09:07,F1,0.0000,OK
2026-07-08 05:09:18,F1,0.0000,OK
2026-07-08 05:09:28,F1,0.0000,OK
2026-07-08 05:09:38,F1,0.0000,OK
2026-07-08 05:09:49,F1,0.0000,OK
2026-07-08 05:09:59,F1,0.0000,OK
2026-07-08 05:10:09,F1,0.0000,OK
2026-07-08 05:10:20,F1,0.0000,OK
2026-07-08 05:10:30,F1,0.0000,OK
2026-07-08 05:10:40,F1,0.0000,OK
2026-07-08 05:10:51,F1,0.0000,OK
2026-07-08 05:11:01,F1,0.0000,OK
2026-07-08 05:11:11,F1,0.0000,OK
2026-07-08 05:11:22,F1,0.0000,OK
2026-07-08 05:11:32,F1,0.0000,OK
2026-07-08 05:11:42,F1,0.0000,OK
2026-07-08 05:11:53,F1,0.0000,OK
2026-07-08 05:12:03,F1,0.0000,OK
2026-07-08 05:12:13,F1,0.0000,OK
2026-07-08 05:12:24,F1,0.0000,OK
2026-07-08 05:12:34,F1,0.0000,OK
2026-07-08 05:12:44,F1,0.0000,OK
2026-07-08 05:12:55,F1,0.0000,OK
2026-07-08 05:13:05,F1,0.0000,OK
2026-07-08 05:13:15,F1,0.0000,OK
2026-07-08 05:13:26,F1,0.0000,OK
2026-07-08 05:13:36,F1,0.0000,OK
2026-07-08 05:13:47,F1,0.0000,OK
2026-07-08 05:13:57,F1,0.0000,OK
2026-07-08 05:14:07,F1,0.0000,OK
2026-07-08 05:14:18,F1,0.0000,OK
2026-07-08 05:14:28,F1,0.0000,OK
2026-07-08 05:14:38,F1,0.0000,OK
2026-07-08 05:14:49,F1,0.0000,OK
2026-07-08 05:14:59,F1,0.0000,OK
2026-07-08 05:15:09,F1,0.0000,OK
2026-07-08 05:15:20,F1,0.0000,OK
2026-07-08 05:15:30,F1,0.0000,OK
2026-07-08 05:15:40,F1,0.0000,OK
2026-07-08 05:15:51,F1,0.0000,OK
2026-07-08 05:16:01,F1,0.0000,OK
2026-07-08 05:16:11,F1,0.0000,OK
2026-07-08 05:16:22,F1,0.0000,OK
2026-07-08 05:16:32,F1,0.0000,OK
2026-07-08 05:16:42,F1,0.0000,OK
2026-07-08 05:16:53,F1,0.0000,OK
2026-07-08 05:17:03,F1,0.0000,OK
2026-07-08 05:17:13,F1,0.0000,OK
2026-07-08 05:17:24,F1,0.0000,OK
2026-07-08 05:17:34,F1,0.0000,OK
2026-07-08 05:17:44,F1,0.0000,OK
2026-07-08 05:17:55,F1,0.0000,OK
2026-07-08 05:18:05,F1,0.0000,OK
2026-07-08 05:18:15,F1,0.0000,OK
2026-07-08 05:18:26,F1,0.0000,OK
2026-07-08 05:18:36,F1,0.0000,OK
2026-07-08 05:18:46,F1,0.0000,Bajo rango
2026-07-08 05:18:57,F1,0.0000,OK
2026-07-08 05:19:07,F1,0.0000,OK
2026-07-08 05:19:17,F1,0.0000,OK
2026-07-08 05:19:28,F1,0.0000,OK
2026-07-08 05:19:38,F1,0.0000,OK
2026-07-08 05:19:48,F1,0.0000,OK
2026-07-08 05:19:59,F1,0.0000,OK
2026-07-08 05:20:09,F1,0.0000,OK
2026-07-08 05:20:19,F1,0.0000,OK
2026-07-08 05:20:30,F1,0.0000,OK
2026-07-08 05:20:40,F1,0.0000,OK
2026-07-08 05:20:50,F1,0.0000,OK
2026-07-08 05:21:01,F1,0.0000,OK
2026-07-08 05:21:11,F1,0.0000,OK
2026-07-08 05:21:21,F1,0.0000,OK
2026-07-08 05:21:32,F1,0.0000,OK
2026-07-08 05:21:42,F1,0.0000,OK
2026-07-08 05:21:52,F1,0.0000,OK
2026-07-08 05:22:03,F1,0.0000,OK
2026-07-08 05:22:13,F1,0.0000,OK
2026-07-08 05:22:23,F1,0.0000,OK
2026-07-08 05:22:34,F1,0.0000,OK
2026-07-08 05:22:44,F1,0.0000,OK
2026-07-08 05:22:54,F1,0.0000,OK
2026-07-08 05:23:05,F1,0.0000,OK
2026-07-08 05:23:15,F1,0.0000,OK
2026-07-08 05:23:25,F1,0.0000,OK
2026-07-08 05:23:36,F1,0.0000,OK
2026-07-08 05:23:46,F1,0.0000,OK
2026-07-08 05:23:56,F1,0.0000,OK
2026-07-08 05:24:07,F1,0.0000,OK
2026-07-08 05:24:17,F1,0.0000,OK
2026-07-08 05:24:27,F1,0.0000,OK
2026-07-08 05:24:38,F1,0.0000,OK
2026-07-08 05:24:48,F1,0.0000,OK
2026-07-08 05:24:58,F1,0.0000,OK
2026-07-08 05:25:09,F1,0.0000,OK
2026-07-08 05:25:19,F1,0.0000,OK
2026-07-08 05:25:29,F1,0.0000,OK
2026-07-08 05:25:40,F1,0.0000,OK
2026-07-08 05:25:50,F1,0.0000,OK
2026-07-08 05:26:00,F1,0.0000,OK
2026-07-08 05:26:11,F1,0.0000,OK
2026-07-08 05:26:21,F1,0.0000,OK
2026-07-08 05:26:31,F1,0.0000,OK
2026-07-08 05:26:42,F1,0.0000,OK
2026-07-08 05:26:52,F1,0.0000,OK
2026-07-08 05:27:02,F1,0.0000,OK
2026-07-08 05:27:13,F1,0.0000,OK
2026-07-08 05:27:23,F1,0.0000,OK
2026-07-08 05:27:33,F1,0.0000,OK
2026-07-08 05:27:44,F1,0.0000,OK
2026-07-08 05:27:54,F1,0.0000,OK
2026-07-08 05:28:04,F1,0.0000,OK
2026-07-08 05:28:15,F1,0.0000,OK
2026-07-08 05:28:25,F1,0.0000,OK
2026-07-08 05:28:35,F1,0.0000,OK
2026-07-08 05:28:46,F1,0.0000,OK
2026-07-08 05:28:56,F1,0.0000,OK
2026-07-08 05:29:06,F1,0.0000,OK
2026-07-08 05:29:17,F1,0.0000,OK
2026-07-08 05:29:27,F1,0.0000,OK
2026-07-08 05:29:37,F1,0.0000,OK
2026-07-08 05:29:48,F1,0.0000,OK
2026-07-08 05:29:58,F1,0.0000,OK
2026-07-08 05:30:08,F1,0.0000,OK
2026-07-08 05:30:19,F1,0.0000,OK
2026-07-08 05:30:29,F1,0.0000,OK
2026-07-08 05:30:39,F1,0.0000,OK
2026-07-08 05:30:50,F1,0.0000,OK
2026-07-08 05:31:00,F1,0.0000,OK
2026-07-08 05:31:10,F1,0.0000,OK
2026-07-08 05:31:21,F1,0.0000,OK
2026-07-08 05:31:31,F1,0.0000,OK
2026-07-08 05:31:41,F1,0.0000,OK
2026-07-08 05:31:52,F1,0.0000,OK
2026-07-08 05:32:02,F1,0.0000,OK
2026-07-08 05:32:13,F1,0.0000,OK
2026-07-08 05:32:23,F1,0.0000,OK
2026-07-08 05:32:33,F1,0.0000,OK
2026-07-08 05:32:44,F1,0.0000,OK
2026-07-08 05:32:54,F1,0.0000,OK
2026-07-08 05:33:04,F1,0.0000,OK
2026-07-08 05:33:15,F1,0.0000,OK
2026-07-08 05:33:25,F1,0.0000,OK
2026-07-08 05:33:35,F1,0.0000,OK
2026-07-08 05:33:46,F1,0.0000,OK
2026-07-08 05:33:56,F1,0.0000,OK
2026-07-08 05:34:06,F1,0.0000,OK
2026-07-08 05:34:17,F1,0.0000,OK
2026-07-08 05:34:27,F1,0.0000,OK
2026-07-08 05:34:37,F1,0.0000,OK
2026-07-08 05:34:48,F1,0.0000,OK
2026-07-08 05:34:58,F1,0.0000,OK
2026-07-08 05:35:08,F1,0.0000,OK
2026-07-08 05:35:19,F1,0.0000,OK
2026-07-08 05:35:29,F1,0.0000,OK
2026-07-08 05:35:39,F1,0.0000,OK
2026-07-08 05:35:50,F1,0.0000,OK
2026-07-08 05:36:00,F1,0.0000,OK
2026-07-08 05:36:10,F1,0.0000,OK
2026-07-08 05:36:21,F1,0.0000,OK
2026-07-08 05:36:31,F1,0.0000,OK
2026-07-08 05:36:41,F1,0.0000,OK
2026-07-08 05:36:52,F1,0.0000,OK
2026-07-08 05:37:02,F1,0.0000,OK
2026-07-08 05:37:12,F1,0.0000,OK
2026-07-08 05:37:23,F1,0.0000,OK
2026-07-08 05:37:33,F1,0.0000,OK
2026-07-08 05:37:43,F1,0.0000,OK
2026-07-08 05:37:54,F1,0.0000,OK
2026-07-08 05:38:04,F1,0.0000,OK
2026-07-08 05:38:14,F1,0.0000,OK
2026-07-08 05:38:25,F1,0.0000,OK
2026-07-08 05:38:35,F1,0.0000,OK
2026-07-08 05:38:45,F1,0.0000,OK
2026-07-08 05:38:56,F1,0.0000,OK
2026-07-08 05:39:06,F1,0.0000,OK
2026-07-08 05:39:16,F1,0.0000,OK
2026-07-08 05:39:27,F1,0.0000,OK
2026-07-08 05:39:37,F1,0.0000,OK
2026-07-08 05:39:47,F1,0.0000,OK
2026-07-08 05:39:58,F1,0.0000,OK
2026-07-08 05:40:08,F1,0.0000,OK
2026-07-08 05:40:18,F1,0.0000,OK
2026-07-08 05:40:29,F1,0.0000,OK
2026-07-08 05:40:39,F1,0.0000,OK
2026-07-08 05:40:49,F1,0.0000,OK
2026-07-08 05:41:00,F1,0.0000,OK
2026-07-08 05:41:10,F1,0.0000,OK
2026-07-08 05:41:20,F1,0.0000,OK
2026-07-08 05:41:31,F1,0.0000,OK
2026-07-08 05:41:41,F1,0.0000,OK
2026-07-08 05:41:51,F1,0.0000,OK
2026-07-08 05:42:02,F1,0.0000,OK
2026-07-08 05:42:12,F1,0.0000,OK
2026-07-08 05:42:22,F1,0.0000,OK
2026-07-08 05:42:33,F1,0.0000,OK
2026-07-08 05:42:43,F1,0.0000,OK
2026-07-08 05:42:53,F1,0.0000,OK
2026-07-08 05:43:04,F1,0.0000,OK
2026-07-08 05:43:14,F1,0.0000,OK
2026-07-08 05:43:24,F1,0.0000,OK
2026-07-08 05:43:35,F1,0.0000,OK
2026-07-08 05:43:45,F1,0.0000,OK
2026-07-08 05:43:55,F1,0.0000,OK
2026-07-08 05:44:06,F1,0.0000,OK
2026-07-08 05:44:16,F1,0.0000,OK
2026-07-08 05:44:26,F1,0.0000,OK
2026-07-08 05:44:37,F1,0.0000,OK
2026-07-08 05:44:47,F1,0.0000,OK
2026-07-08 05:44:57,F1,0.0000,OK
2026-07-08 05:45:08,F1,0.0000,OK
2026-07-08 05:45:18,F1,0.0000,OK
2026-07-08 05:45:28,F1,0.0000,OK
2026-07-08 05:45:39,F1,0.0000,OK
2026-07-08 05:45:49,F1,0.0000,OK
2026-07-08 05:45:59,F1,0.0000,OK
2026-07-08 05:46:10,F1,0.0000,OK
2026-07-08 05:46:20,F1,0.0000,OK
2026-07-08 05:46:30,F1,0.0000,OK
2026-07-08 05:46:41,F1,0.0000,OK
2026-07-08 05:46:51,F1,0.0000,OK
2026-07-08 05:47:01,F1,0.0000,OK
2026-07-08 05:47:12,F1,0.0000,OK
2026-07-08 05:47:22,F1,0.0000,OK
2026-07-08 05:47:33,F1,0.0000,OK
2026-07-08 05:47:43,F1,0.0000,OK
2026-07-08 05:47:53,F1,0.0000,OK
2026-07-08 05:48:04,F1,0.0000,OK
2026-07-08 05:48:14,F1,0.0000,OK
2026-07-08 05:48:24,F1,0.0000,OK
2026-07-08 05:48:34,F1,0.0000,OK
2026-07-08 05:48:45,F1,0.0000,OK
2026-07-08 05:48:55,F1,0.0000,OK
2026-07-08 05:49:06,F1,0.0000,OK
2026-07-08 05:49:16,F1,0.0000,OK
2026-07-08 05:49:26,F1,0.0000,OK
2026-07-08 05:49:37,F1,0.0000,OK
2026-07-08 05:49:47,F1,0.0000,OK
2026-07-08 05:49:57,F1,0.0000,OK
2026-07-08 05:50:08,F1,0.0000,OK
2026-07-08 05:50:18,F1,0.0000,OK
2026-07-08 05:50:28,F1,0.0000,OK
2026-07-08 05:50:39,F1,0.0000,OK
2026-07-08 05:50:49,F1,0.0000,OK
2026-07-08 05:50:59,F1,0.0000,OK
2026-07-08 05:51:10,F1,0.0000,OK
2026-07-08 05:51:20,F1,0.0000,OK
2026-07-08 05:51:30,F1,0.0000,OK
2026-07-08 05:51:41,F1,0.0000,OK
2026-07-08 05:51:51,F1,0.0000,OK
2026-07-08 05:52:01,F1,0.0000,OK
2026-07-08 05:52:12,F1,0.0000,OK
2026-07-08 05:52:22,F1,0.0000,OK
2026-07-08 05:52:32,F1,0.0000,OK
2026-07-08 05:52:43,F1,0.0000,OK
2026-07-08 05:52:53,F1,0.0000,OK
2026-07-08 05:53:03,F1,0.0000,OK
2026-07-08 05:53:14,F1,0.0000,OK
2026-07-08 05:53:24,F1,0.0000,OK
2026-07-08 05:53:34,F1,0.0000,OK
2026-07-08 05:53:45,F1,0.0000,OK
2026-07-08 05:53:55,F1,0.0000,OK
2026-07-08 05:54:05,F1,0.0000,OK
2026-07-08 05:54:16,F1,0.0000,OK
2026-07-08 05:54:26,F1,0.0000,OK
2026-07-08 05:54:36,F1,0.0000,OK
2026-07-08 05:54:47,F1,0.0000,OK
2026-07-08 05:54:57,F1,0.0000,OK
2026-07-08 05:55:07,F1,0.0000,OK
2026-07-08 05:55:18,F1,0.0000,OK
2026-07-08 05:55:28,F1,0.0000,OK
2026-07-08 05:55:38,F1,0.0000,OK
2026-07-08 05:55:49,F1,0.0000,OK
2026-07-08 05:55:59,F1,0.0000,OK
2026-07-08 05:56:09,F1,0.0000,OK
2026-07-08 05:56:20,F1,0.0000,OK
2026-07-08 05:56:30,F1,0.0000,OK
2026-07-08 05:56:40,F1,0.0000,OK
2026-07-08 05:56:51,F1,0.0000,OK
2026-07-08 05:57:01,F1,0.0000,OK
2026-07-08 05:57:11,F1,0.0000,OK
2026-07-08 05:57:22,F1,0.0000,OK
2026-07-08 05:57:32,F1,0.0000,OK
2026-07-08 05:57:42,F1,0.0000,OK
2026-07-08 05:57:53,F1,0.0000,OK
2026-07-08 05:58:03,F1,0.0000,OK
2026-07-08 05:58:13,F1,0.0000,OK
2026-07-08 05:58:24,F1,0.0000,OK
2026-07-08 05:58:34,F1,0.0000,OK
2026-07-08 05:58:44,F1,0.0000,OK
2026-07-08 05:58:55,F1,0.0000,OK
2026-07-08 05:59:05,F1,0.0000,OK
2026-07-08 05:59:15,F1,0.0000,OK
2026-07-08 05:59:26,F1,0.0000,OK
2026-07-08 05:59:36,F1,0.0000,OK
2026-07-08 05:59:46,F1,0.0000,OK
2026-07-08 05:59:57,F1,0.0000,OK
2026-07-08 06:00:07,F1,0.0000,OK
2026-07-08 06:00:17,F1,0.0000,OK
2026-07-08 06:00:28,F1,0.0000,OK
2026-07-08 06:00:38,F1,0.0000,OK
2026-07-08 06:00:48,F1,0.0000,OK
2026-07-08 06:00:59,F1,0.0000,OK
2026-07-08 06:01:09,F1,0.0000,OK
2026-07-08 06:01:19,F1,0.0000,OK
2026-07-08 06:01:30,F1,0.0000,OK
2026-07-08 06:01:40,F1,0.0000,OK
2026-07-08 06:01:50,F1,0.0000,OK
2026-07-08 06:02:01,F1,0.0000,OK
2026-07-08 06:02:11,F1,0.0000,OK
2026-07-08 06:02:21,F1,0.0000,OK
2026-07-08 06:02:32,F1,0.0000,OK
2026-07-08 06:02:42,F1,0.0000,OK
2026-07-08 06:02:52,F1,0.0000,OK
2026-07-08 06:03:03,F1,0.0000,OK
2026-07-08 06:03:13,F1,0.0000,OK
2026-07-08 06:03:23,F1,0.0000,OK
2026-07-08 06:03:34,F1,0.0000,OK
2026-07-08 06:03:44,F1,0.0000,OK
2026-07-08 06:03:54,F1,0.0000,OK
2026-07-08 06:04:05,F1,0.0000,OK
2026-07-08 06:04:15,F1,0.0000,OK
2026-07-08 06:04:25,F1,0.0000,OK
2026-07-08 06:04:36,F1,0.0000,OK
2026-07-08 06:04:46,F1,0.0000,OK
2026-07-08 06:04:56,F1,0.0000,OK
2026-07-08 06:05:07,F1,0.0000,OK
2026-07-08 06:05:17,F1,0.0000,OK
2026-07-08 06:05:27,F1,0.0000,OK
2026-07-08 06:05:38,F1,0.0000,Bajo rango
2026-07-08 06:05:48,F1,0.0000,OK
2026-07-08 06:05:58,F1,0.0000,OK
2026-07-08 06:06:09,F1,0.0000,OK
2026-07-08 06:06:19,F1,0.0000,OK
2026-07-08 06:06:29,F1,0.0000,OK
2026-07-08 06:06:40,F1,0.0000,OK
2026-07-08 06:06:50,F1,0.0000,OK
2026-07-08 06:07:00,F1,0.0000,OK
2026-07-08 06:07:11,F1,0.0000,OK
2026-07-08 06:07:21,F1,0.0000,OK
2026-07-08 06:07:31,F1,0.0000,OK
2026-07-08 06:07:42,F1,0.0000,OK
2026-07-08 06:07:52,F1,0.0000,OK
2026-07-08 06:08:02,F1,0.0000,OK
2026-07-08 06:08:13,F1,0.0000,OK
2026-07-08 06:08:23,F1,0.0000,OK
2026-07-08 06:08:33,F1,0.0000,OK
2026-07-08 06:08:44,F1,0.0000,OK
2026-07-08 06:08:54,F1,0.0000,OK
2026-07-08 06:09:04,F1,0.0000,OK
2026-07-08 06:09:15,F1,0.0000,OK
2026-07-08 06:09:25,F1,0.0000,OK
2026-07-08 06:09:35,F1,0.0000,OK
2026-07-08 06:09:46,F1,0.0000,OK
2026-07-08 06:09:56,F1,0.0000,OK
2026-07-08 06:10:06,F1,0.0000,OK
2026-07-08 06:10:17,F1,0.0000,OK
2026-07-08 06:10:27,F1,0.0000,OK
2026-07-08 06:10:37,F1,0.0000,OK
2026-07-08 06:10:48,F1,0.0000,OK
2026-07-08 06:10:58,F1,0.0000,OK
2026-07-08 06:11:08,F1,0.0000,OK
2026-07-08 06:11:19,F1,0.0000,OK
2026-07-08 06:11:29,F1,0.0000,OK
2026-07-08 06:11:39,F1,0.0000,OK
2026-07-08 06:11:50,F1,0.0000,OK
2026-07-08 06:12:00,F1,0.0000,OK
2026-07-08 06:12:10,F1,0.0000,OK
2026-07-08 06:12:21,F1,0.0000,OK
2026-07-08 06:12:31,F1,0.0000,OK
2026-07-08 06:12:41,F1,0.0000,OK
2026-07-08 06:12:52,F1,0.0000,OK
2026-07-08 06:13:02,F1,0.0000,OK
2026-07-08 06:13:12,F1,0.0000,OK
2026-07-08 06:13:23,F1,0.0000,OK
2026-07-08 06:13:33,F1,0.0000,OK
2026-07-08 06:13:43,F1,0.0000,OK
2026-07-08 06:13:54,F1,0.0000,OK
2026-07-08 06:14:04,F1,0.0000,OK
2026-07-08 06:14:15,F1,0.0000,OK
2026-07-08 06:14:25,F1,0.0000,OK
2026-07-08 06:14:35,F1,0.0000,OK
2026-07-08 06:14:46,F1,0.0000,OK
2026-07-08 06:14:56,F1,0.0000,OK
2026-07-08 06:15:06,F1,0.0000,OK
2026-07-08 06:15:17,F1,0.0000,OK
2026-07-08 06:15:27,F1,0.0000,OK
2026-07-08 06:15:37,F1,0.0000,OK
2026-07-08 06:15:48,F1,0.0000,OK
2026-07-08 06:15:58,F1,0.0000,OK
2026-07-08 06:16:08,F1,0.0000,OK
2026-07-08 06:16:19,F1,0.0000,OK
2026-07-08 06:16:29,F1,0.0000,OK
2026-07-08 06:16:39,F1,0.0000,OK
2026-07-08 06:16:50,F1,0.0000,OK
2026-07-08 06:17:00,F1,0.0000,OK
2026-07-08 06:17:10,F1,0.0000,OK
2026-07-08 06:17:21,F1,0.0000,OK
2026-07-08 06:17:31,F1,0.0000,OK
2026-07-08 06:17:41,F1,0.0000,OK
2026-07-08 06:17:52,F1,0.0000,OK
2026-07-08 06:18:02,F1,0.0000,OK
2026-07-08 06:18:12,F1,0.0000,OK
2026-07-08 06:18:23,F1,0.0000,OK
2026-07-08 06:18:33,F1,0.0000,OK
2026-07-08 06:18:43,F1,0.0000,OK
2026-07-08 06:18:54,F1,0.0000,OK
2026-07-08 06:19:04,F1,0.0000,OK
2026-07-08 06:19:14,F1,0.0000,OK
2026-07-08 06:19:25,F1,0.0000,OK
2026-07-08 06:19:35,F1,0.0000,OK
2026-07-08 06:19:45,F1,0.0000,OK
2026-07-08 06:19:56,F1,0.0000,OK
2026-07-08 06:20:06,F1,0.0000,OK
2026-07-08 06:20:16,F1,0.0000,OK
2026-07-08 06:20:27,F1,0.0000,OK
2026-07-08 06:20:37,F1,0.0000,OK
2026-07-08 06:20:47,F1,0.0000,OK
2026-07-08 06:20:58,F1,0.0000,OK
2026-07-08 06:21:08,F1,0.0000,OK
2026-07-08 06:21:18,F1,0.0000,OK
2026-07-08 06:21:29,F1,0.0000,OK
2026-07-08 06:21:39,F1,0.0000,OK
2026-07-08 06:21:49,F1,0.0000,OK
2026-07-08 06:22:00,F1,0.0000,OK
2026-07-08 06:22:10,F1,0.0000,OK
2026-07-08 06:22:20,F1,0.0000,OK
2026-07-08 06:22:31,F1,0.0000,OK
2026-07-08 06:22:41,F1,0.0000,OK
2026-07-08 06:22:52,F1,0.0000,OK
2026-07-08 06:23:02,F1,0.0000,OK
2026-07-08 06:23:12,F1,0.0000,OK
2026-07-08 06:23:23,F1,0.0000,OK
2026-07-08 06:23:33,F1,0.0000,OK
2026-07-08 06:23:43,F1,0.0000,OK
2026-07-08 06:23:53,F1,0.0000,OK
2026-07-08 06:24:04,F1,0.0000,OK
2026-07-08 06:24:14,F1,0.0000,OK
2026-07-08 06:24:24,F1,0.0000,OK
2026-07-08 06:24:35,F1,0.0000,OK
2026-07-08 06:24:45,F1,0.0000,OK
2026-07-08 06:24:55,F1,0.0000,OK
2026-07-08 06:25:06,F1,0.0000,OK
2026-07-08 06:25:16,F1,0.0000,OK
2026-07-08 06:25:26,F1,0.0000,OK
2026-07-08 06:25:37,F1,0.0000,OK
2026-07-08 06:25:47,F1,0.0000,OK
2026-07-08 06:25:57,F1,0.0000,OK
2026-07-08 06:26:08,F1,0.0000,OK
2026-07-08 06:26:18,F1,0.0000,OK
2026-07-08 06:26:28,F1,0.0000,OK
2026-07-08 06:26:39,F1,0.0000,OK
2026-07-08 06:26:49,F1,0.0000,OK
2026-07-08 06:26:59,F1,0.0000,OK
2026-07-08 06:27:10,F1,0.0000,OK
2026-07-08 06:27:20,F1,0.0000,OK
2026-07-08 06:27:30,F1,0.0000,OK
2026-07-08 06:27:41,F1,0.0000,OK
2026-07-08 06:27:51,F1,0.0000,OK
2026-07-08 06:28:01,F1,0.0000,OK
2026-07-08 06:28:12,F1,0.0000,OK
2026-07-08 06:28:22,F1,0.0000,OK
2026-07-08 06:28:32,F1,0.0000,OK
2026-07-08 06:28:43,F1,0.0000,OK
2026-07-08 06:28:53,F1,0.0000,OK
2026-07-08 06:29:03,F1,0.0000,OK
2026-07-08 06:29:14,F1,0.0000,OK
2026-07-08 06:29:24,F1,0.0000,OK
2026-07-08 06:29:34,F1,0.0000,OK
2026-07-08 06:29:45,F1,0.0000,OK
2026-07-08 06:29:55,F1,0.0000,OK
2026-07-08 06:30:05,F1,0.0000,OK
2026-07-08 06:30:16,F1,0.0000,OK
2026-07-08 06:30:26,F1,0.0000,OK
2026-07-08 06:30:36,F1,0.0000,OK
2026-07-08 06:30:47,F1,0.0000,OK
2026-07-08 06:30:57,F1,0.0000,OK
2026-07-08 06:31:07,F1,0.0000,OK
2026-07-08 06:31:18,F1,0.0000,OK
2026-07-08 06:31:28,F1,0.0000,OK
2026-07-08 06:31:38,F1,0.0000,OK
2026-07-08 06:31:49,F1,0.0000,OK
2026-07-08 06:31:59,F1,0.0000,OK
2026-07-08 06:32:09,F1,0.0000,OK
2026-07-08 06:32:20,F1,0.0000,OK
2026-07-08 06:32:30,F1,0.0000,OK
2026-07-08 06:32:40,F1,0.0000,OK
2026-07-08 06:32:51,F1,0.0000,OK
2026-07-08 06:33:01,F1,0.0000,OK
2026-07-08 06:33:11,F1,0.0000,OK
2026-07-08 06:33:22,F1,0.0000,OK
2026-07-08 06:33:32,F1,0.0000,OK
2026-07-08 06:33:42,F1,0.0000,OK
2026-07-08 06:33:53,F1,0.0000,OK
2026-07-08 06:34:03,F1,0.0000,OK
2026-07-08 06:34:13,F1,0.0000,OK
2026-07-08 06:34:24,F1,0.0000,OK
2026-07-08 06:34:34,F1,0.0000,OK
2026-07-08 06:34:44,F1,0.0000,OK
2026-07-08 06:34:55,F1,0.0000,OK
2026-07-08 06:35:05,F1,0.0000,OK
2026-07-08 06:35:15,F1,0.0000,OK
2026-07-08 06:35:26,F1,0.0000,OK
2026-07-08 06:35:36,F1,0.0000,OK
2026-07-08 06:35:46,F1,0.0000,OK
2026-07-08 06:35:57,F1,0.0000,OK
2026-07-08 06:36:07,F1,0.0000,OK
2026-07-08 06:36:17,F1,0.0000,OK
2026-07-08 06:36:28,F1,0.0000,OK
2026-07-08 06:36:38,F1,0.0000,OK
2026-07-08 06:36:49,F1,0.0000,OK
2026-07-08 06:36:59,F1,0.0000,OK
2026-07-08 06:37:09,F1,0.0000,OK
2026-07-08 06:37:20,F1,0.0000,OK
2026-07-08 06:37:30,F1,0.0000,OK
2026-07-08 06:37:40,F1,0.0000,OK
2026-07-08 06:37:51,F1,0.0000,OK
2026-07-08 06:38:01,F1,0.0000,OK
2026-07-08 06:38:11,F1,0.0000,OK
2026-07-08 06:38:22,F1,0.0000,OK
2026-07-08 06:38:32,F1,0.0000,OK
2026-07-08 06:38:42,F1,0.0000,OK
2026-07-08 06:38:53,F1,0.0000,OK
2026-07-08 06:39:03,F1,0.0000,OK
2026-07-08 06:39:13,F1,0.0000,OK
2026-07-08 06:39:24,F1,0.0000,OK
2026-07-08 06:39:34,F1,0.0000,OK
2026-07-08 06:39:44,F1,0.0000,OK
2026-07-08 06:39:55,F1,0.0000,OK
2026-07-08 06:40:05,F1,0.0000,OK
2026-07-08 06:40:15,F1,0.0000,OK
2026-07-08 06:40:26,F1,0.0000,OK
2026-07-08 06:40:36,F1,0.0000,OK
2026-07-08 06:40:46,F1,0.0000,OK
2026-07-08 06:40:57,F1,0.0000,OK
2026-07-08 06:41:07,F1,0.0000,OK
2026-07-08 06:41:17,F1,0.0000,OK
2026-07-08 06:41:28,F1,0.0000,OK
2026-07-08 06:41:38,F1,0.0000,OK
2026-07-08 06:41:48,F1,0.0000,OK
2026-07-08 06:41:59,F1,0.0000,OK
2026-07-08 06:42:09,F1,0.0000,OK
2026-07-08 06:42:19,F1,0.0000,OK
2026-07-08 06:42:30,F1,0.0000,OK
2026-07-08 06:42:40,F1,0.0000,OK
2026-07-08 06:42:50,F1,0.0000,OK
2026-07-08 06:43:01,F1,0.0000,OK
2026-07-08 06:43:11,F1,0.0000,OK
2026-07-08 06:43:22,F1,0.0000,OK
2026-07-08 06:43:32,F1,0.0000,OK
2026-07-08 06:43:42,F1,0.0000,OK
2026-07-08 06:43:53,F1,0.0000,OK
2026-07-08 06:44:03,F1,0.0000,OK
2026-07-08 06:44:13,F1,0.0000,OK
2026-07-08 06:44:24,F1,0.0000,OK
2026-07-08 06:44:34,F1,0.0000,OK
2026-07-08 06:44:44,F1,0.0000,OK
2026-07-08 06:44:55,F1,0.0000,OK
2026-07-08 06:45:05,F1,0.0000,OK
2026-07-08 06:45:15,F1,0.0000,OK
2026-07-08 06:45:25,F1,0.0000,OK
2026-07-08 06:45:36,F1,0.0000,OK
2026-07-08 06:45:46,F1,0.0000,OK
2026-07-08 06:45:56,F1,0.0000,OK
2026-07-08 06:46:07,F1,0.0000,OK
2026-07-08 06:46:17,F1,0.0000,OK
2026-07-08 06:46:27,F1,0.0000,OK
2026-07-08 06:46:38,F1,0.0000,Bajo rango
2026-07-08 06:46:48,F1,0.0000,OK
2026-07-08 06:46:58,F1,0.0000,OK
2026-07-08 06:47:09,F1,0.0000,OK
2026-07-08 06:47:19,F1,0.0000,OK
2026-07-08 06:47:29,F1,0.0000,OK
2026-07-08 06:47:40,F1,0.0000,OK
2026-07-08 06:47:50,F1,0.0000,OK
2026-07-08 06:48:00,F1,0.0000,OK
2026-07-08 06:48:11,F1,0.0000,OK
2026-07-08 06:48:21,F1,0.0000,OK
2026-07-08 06:48:31,F1,0.0000,OK
2026-07-08 06:48:42,F1,0.0000,OK
2026-07-08 06:48:52,F1,0.0000,OK
2026-07-08 06:49:02,F1,0.0000,OK
2026-07-08 06:49:13,F1,0.0000,OK
2026-07-08 06:49:23,F1,0.0000,OK
2026-07-08 06:49:33,F1,0.0000,OK
2026-07-08 06:49:44,F1,0.0000,OK
2026-07-08 06:49:54,F1,0.0000,OK
2026-07-08 06:50:04,F1,0.0000,OK
2026-07-08 06:50:15,F1,0.0000,OK
2026-07-08 06:50:25,F1,0.0000,OK
2026-07-08 06:50:35,F1,0.0000,OK
2026-07-08 06:50:46,F1,0.0000,OK
2026-07-08 06:50:56,F1,0.0000,OK
2026-07-08 06:51:06,F1,0.0000,OK
2026-07-08 06:51:17,F1,0.0000,OK
2026-07-08 06:51:27,F1,0.0000,OK
2026-07-08 06:51:37,F1,0.0000,OK
2026-07-08 06:51:48,F1,0.0000,OK
2026-07-08 06:51:58,F1,0.0000,OK
2026-07-08 06:52:08,F1,0.0000,OK
2026-07-08 06:52:19,F1,0.0000,OK
2026-07-08 06:52:29,F1,0.0000,OK
2026-07-08 06:52:40,F1,0.0000,OK
2026-07-08 06:52:50,F1,0.0000,OK
2026-07-08 06:53:00,F1,0.0000,OK
2026-07-08 06:53:11,F1,0.0000,OK
2026-07-08 06:53:21,F1,0.0000,OK
2026-07-08 06:53:31,F1,0.0000,OK
2026-07-08 06:53:42,F1,0.0000,OK
2026-07-08 06:53:52,F1,0.0000,OK
2026-07-08 06:54:02,F1,0.0000,OK
2026-07-08 06:54:13,F1,0.0000,OK
2026-07-08 06:54:23,F1,0.0000,OK
2026-07-08 06:54:33,F1,0.0000,OK
2026-07-08 06:54:44,F1,0.0000,OK
2026-07-08 06:54:54,F1,0.0000,OK
2026-07-08 06:55:04,F1,0.0000,OK
2026-07-08 06:55:15,F1,0.0000,OK
2026-07-08 06:55:25,F1,0.0000,OK
2026-07-08 06:55:35,F1,0.0000,OK
2026-07-08 06:55:46,F1,0.0000,OK
2026-07-08 06:55:56,F1,0.0000,OK
2026-07-08 06:56:06,F1,0.0000,OK
2026-07-08 06:56:17,F1,0.0000,OK
2026-07-08 06:56:27,F1,0.0000,OK
2026-07-08 06:56:37,F1,0.0000,OK
2026-07-08 06:56:48,F1,0.0000,OK
2026-07-08 06:56:58,F1,0.0000,OK
2026-07-08 06:57:08,F1,0.0000,OK
2026-07-08 06:57:19,F1,0.0000,OK
2026-07-08 06:57:29,F1,0.0000,OK
2026-07-08 06:57:39,F1,0.0000,OK
2026-07-08 06:57:50,F1,0.0000,OK
2026-07-08 06:58:00,F1,0.0000,OK
2026-07-08 06:58:10,F1,0.0000,OK
2026-07-08 06:58:21,F1,0.0000,OK
2026-07-08 06:58:31,F1,0.0000,OK
2026-07-08 06:58:41,F1,0.0000,OK
2026-07-08 06:58:52,F1,0.0000,OK
2026-07-08 06:59:02,F1,0.0000,OK
2026-07-08 06:59:12,F1,0.0000,OK
2026-07-08 06:59:23,F1,0.0000,OK
2026-07-08 06:59:33,F1,0.0000,OK
2026-07-08 06:59:43,F1,0.0000,OK
2026-07-08 06:59:54,F1,0.0000,OK
2026-07-08 07:00:04,F1,0.0000,OK
2026-07-08 07:00:14,F1,0.0000,OK
2026-07-08 07:00:25,F1,0.0000,OK
2026-07-08 07:00:35,F1,0.0000,OK
2026-07-08 07:00:45,F1,0.0000,OK
2026-07-08 07:00:56,F1,0.0000,OK
2026-07-08 07:01:06,F1,0.0000,OK
2026-07-08 07:01:16,F1,0.0000,OK
2026-07-08 07:01:27,F1,0.0000,OK
2026-07-08 07:01:37,F1,0.0000,OK
2026-07-08 07:01:47,F1,0.0000,OK
2026-07-08 07:01:58,F1,0.0000,OK
2026-07-08 07:02:08,F1,0.0000,OK
2026-07-08 07:02:18,F1,0.0000,OK
2026-07-08 07:02:29,F1,0.0000,OK
2026-07-08 07:02:39,F1,0.0000,OK
2026-07-08 07:02:49,F1,0.0000,OK
2026-07-08 07:03:00,F1,0.0000,OK
2026-07-08 07:03:10,F1,0.0000,OK
2026-07-08 07:03:20,F1,0.0000,OK
2026-07-08 07:03:31,F1,0.0000,OK
2026-07-08 07:03:41,F1,0.0000,OK
2026-07-08 07:03:51,F1,0.0000,OK
2026-07-08 07:04:02,F1,0.0000,OK
2026-07-08 07:04:12,F1,0.0000,OK
2026-07-08 07:04:22,F1,0.0000,OK
2026-07-08 07:04:33,F1,0.0000,OK
2026-07-08 07:04:43,F1,0.0000,OK
2026-07-08 07:04:53,F1,0.0000,OK
2026-07-08 07:05:04,F1,0.0000,OK
2026-07-08 07:05:14,F1,0.0000,OK
2026-07-08 07:05:24,F1,0.0000,OK
2026-07-08 07:05:35,F1,0.0000,OK
2026-07-08 07:05:45,F1,0.0000,OK
2026-07-08 07:05:56,F1,0.0000,OK
2026-07-08 07:06:06,F1,0.0000,OK
2026-07-08 07:06:16,F1,0.0000,OK
2026-07-08 07:06:27,F1,0.0000,OK
2026-07-08 07:06:37,F1,0.0000,OK
2026-07-08 07:06:47,F1,0.0000,OK
2026-07-08 07:06:57,F1,0.0000,OK
2026-07-08 07:07:08,F1,0.0000,OK
2026-07-08 07:07:18,F1,0.0000,OK
2026-07-08 07:07:29,F1,0.0000,OK
2026-07-08 07:07:39,F1,0.0000,OK
2026-07-08 07:07:49,F1,0.0000,OK
2026-07-08 07:08:00,F1,0.0000,OK
2026-07-08 07:08:10,F1,0.0000,OK
2026-07-08 07:08:20,F1,0.0000,OK
2026-07-08 07:08:31,F1,0.0000,OK
2026-07-08 07:08:41,F1,0.0000,OK
2026-07-08 07:08:51,F1,0.0000,OK
2026-07-08 07:09:02,F1,0.0000,OK
2026-07-08 07:09:12,F1,0.0000,OK
2026-07-08 07:09:22,F1,0.0000,OK
2026-07-08 07:09:33,F1,0.0000,OK
2026-07-08 07:09:43,F1,0.0000,OK
2026-07-08 07:09:53,F1,0.0000,OK
2026-07-08 07:10:04,F1,0.0000,OK
2026-07-08 07:10:14,F1,0.0000,OK
2026-07-08 07:10:24,F1,0.0000,OK
2026-07-08 07:10:35,F1,0.0000,OK
2026-07-08 07:10:45,F1,0.0000,OK
2026-07-08 07:10:55,F1,0.0000,OK
2026-07-08 07:11:06,F1,0.0000,OK
2026-07-08 07:11:16,F1,0.0000,OK
2026-07-08 07:11:26,F1,0.0000,OK
2026-07-08 07:11:37,F1,0.0000,OK
2026-07-08 07:11:47,F1,0.0000,OK
2026-07-08 07:11:57,F1,0.0000,OK
2026-07-08 07:12:08,F1,0.0000,OK
2026-07-08 07:12:18,F1,0.0000,OK
2026-07-08 07:12:29,F1,0.0000,OK
2026-07-08 07:12:39,F1,0.0000,OK
2026-07-08 07:12:49,F1,0.0000,OK
2026-07-08 07:12:59,F1,0.0000,OK
2026-07-08 07:13:10,F1,0.0000,OK
2026-07-08 07:13:20,F1,0.0000,OK
2026-07-08 07:13:31,F1,0.0000,OK
2026-07-08 07:13:41,F1,0.0000,OK
2026-07-08 07:13:51,F1,0.0000,OK
2026-07-08 07:14:02,F1,0.0000,OK
2026-07-08 07:14:12,F1,0.0000,OK
2026-07-08 07:14:22,F1,0.0000,OK
2026-07-08 07:14:33,F1,0.0000,OK
2026-07-08 07:14:43,F1,0.0000,OK
2026-07-08 07:14:53,F1,0.0000,OK
2026-07-08 07:15:04,F1,0.0000,OK
2026-07-08 07:15:14,F1,0.0000,OK
2026-07-08 07:15:24,F1,0.0000,OK
2026-07-08 07:15:35,F1,0.0000,OK
2026-07-08 07:15:45,F1,0.0000,OK
2026-07-08 07:15:55,F1,0.0000,OK
2026-07-08 07:16:06,F1,0.0000,OK
2026-07-08 07:16:16,F1,0.0000,OK
2026-07-08 07:16:26,F1,0.0000,OK
2026-07-08 07:16:37,F1,0.0000,OK
2026-07-08 07:16:47,F1,0.0000,OK
2026-07-08 07:16:57,F1,0.0000,OK
2026-07-08 07:17:08,F1,0.0000,OK
2026-07-08 07:17:18,F1,0.0000,OK
2026-07-08 07:17:29,F1,0.0000,OK
2026-07-08 07:17:39,F1,0.0000,OK
2026-07-08 07:17:49,F1,0.0000,OK
2026-07-08 07:18:00,F1,0.0000,OK
2026-07-08 07:18:10,F1,0.0000,OK
2026-07-08 07:18:20,F1,0.0000,OK
2026-07-08 07:18:31,F1,0.0000,OK
2026-07-08 07:18:41,F1,0.0000,OK
2026-07-08 07:18:52,F1,0.0000,OK
2026-07-08 07:19:02,F1,0.0000,OK
2026-07-08 07:19:12,F1,0.0000,OK
2026-07-08 07:19:23,F1,0.0000,OK
2026-07-08 07:19:33,F1,0.0000,OK
2026-07-08 07:19:44,F1,0.0000,OK
2026-07-08 07:19:54,F1,0.0000,OK
2026-07-08 07:20:04,F1,0.0000,OK
2026-07-08 07:20:15,F1,0.0000,OK
2026-07-08 07:20:25,F1,0.0000,OK
2026-07-08 07:20:35,F1,0.0000,OK
2026-07-08 07:20:46,F1,0.0000,OK
2026-07-08 07:20:56,F1,0.0000,OK
2026-07-08 07:21:06,F1,0.0000,OK
2026-07-08 07:21:17,F1,0.0000,OK
2026-07-08 07:21:27,F1,0.0000,OK
2026-07-08 07:21:37,F1,0.0000,OK
2026-07-08 07:21:48,F1,0.0000,OK
2026-07-08 07:21:58,F1,0.0000,OK
2026-07-08 07:22:08,F1,0.0000,OK
2026-07-08 07:22:19,F1,0.0000,Bajo rango
2026-07-08 07:22:29,F1,0.0000,OK
2026-07-08 07:22:39,F1,0.0000,OK
2026-07-08 07:22:50,F1,0.0000,OK
2026-07-08 07:23:00,F1,0.0000,OK
2026-07-08 07:23:10,F1,0.0000,OK
2026-07-08 07:23:21,F1,0.0000,OK
2026-07-08 07:23:31,F1,0.0000,OK
2026-07-08 07:23:41,F1,0.0000,OK
2026-07-08 07:23:52,F1,0.0000,OK
2026-07-08 07:24:02,F1,0.0000,OK
2026-07-08 07:24:12,F1,0.0000,OK
2026-07-08 07:24:23,F1,0.0000,OK
2026-07-08 07:24:33,F1,0.0000,OK
2026-07-08 07:24:43,F1,0.0000,OK
2026-07-08 07:24:54,F1,0.0000,OK
2026-07-08 07:25:04,F1,0.0000,OK
2026-07-08 07:25:14,F1,0.0000,OK
2026-07-08 07:25:25,F1,0.0000,OK
2026-07-08 07:25:35,F1,0.0000,OK
2026-07-08 07:25:45,F1,0.0000,OK
2026-07-08 07:25:56,F1,0.0000,OK
2026-07-08 07:26:06,F1,0.0000,OK
2026-07-08 07:26:16,F1,0.0000,OK
2026-07-08 07:26:27,F1,0.0000,OK
2026-07-08 07:26:37,F1,0.0000,OK
2026-07-08 07:26:47,F1,0.0000,OK
2026-07-08 07:26:58,F1,0.0000,OK
2026-07-08 07:27:08,F1,0.0000,OK
2026-07-08 07:27:19,F1,0.0000,OK
2026-07-08 07:27:29,F1,0.0000,OK
2026-07-08 07:27:39,F1,0.0000,OK
2026-07-08 07:27:50,F1,0.0000,OK
2026-07-08 07:28:00,F1,0.0000,OK
2026-07-08 07:28:10,F1,0.0000,OK
2026-07-08 07:28:21,F1,0.0000,OK
2026-07-08 07:28:31,F1,0.0000,OK
2026-07-08 07:28:41,F1,0.0000,OK
2026-07-08 07:28:52,F1,0.0000,OK
2026-07-08 07:29:02,F1,0.0000,OK
2026-07-08 07:29:12,F1,0.0000,OK
2026-07-08 07:29:23,F1,0.0000,OK
2026-07-08 07:29:33,F1,0.0000,OK
2026-07-08 07:29:43,F1,0.0000,OK
2026-07-08 07:29:54,F1,0.0000,OK
2026-07-08 07:30:04,F1,0.0000,OK
2026-07-08 07:30:14,F1,0.0000,OK
2026-07-08 07:30:25,F1,0.0000,OK
2026-07-08 07:30:35,F1,0.0000,OK
2026-07-08 07:30:45,F1,0.0000,OK
2026-07-08 07:30:56,F1,0.0000,OK
2026-07-08 07:31:06,F1,0.0000,OK
2026-07-08 07:31:16,F1,0.0000,OK
2026-07-08 07:31:27,F1,0.0000,OK
2026-07-08 07:31:37,F1,0.0000,OK
2026-07-08 07:31:47,F1,0.0000,OK
2026-07-08 07:31:58,F1,0.0000,OK
2026-07-08 07:32:08,F1,0.0000,OK
2026-07-08 07:32:18,F1,0.0000,OK
2026-07-08 07:32:29,F1,0.0000,OK
2026-07-08 07:32:39,F1,0.0000,OK
2026-07-08 07:32:49,F1,0.0000,OK
2026-07-08 07:33:00,F1,0.0000,OK
2026-07-08 07:33:10,F1,0.0000,OK
2026-07-08 07:33:20,F1,0.0000,OK
2026-07-08 07:33:31,F1,0.0000,OK
2026-07-08 07:33:41,F1,0.0000,OK
2026-07-08 07:33:51,F1,0.0000,OK
2026-07-08 07:34:02,F1,0.0000,OK
2026-07-08 07:34:12,F1,0.0000,OK
2026-07-08 07:34:22,F1,0.0000,OK
2026-07-08 07:34:33,F1,0.0000,OK
2026-07-08 07:34:43,F1,0.0000,OK
2026-07-08 07:34:53,F1,0.0000,OK
2026-07-08 07:35:04,F1,0.0000,OK
2026-07-08 07:35:14,F1,0.0000,OK
2026-07-08 07:35:24,F1,0.0000,OK
2026-07-08 07:35:35,F1,0.0000,OK
2026-07-08 07:35:45,F1,0.0000,OK
2026-07-08 07:35:55,F1,0.0000,OK
2026-07-08 07:36:06,F1,0.0000,OK
2026-07-08 07:36:16,F1,0.0000,OK
2026-07-08 07:36:26,F1,0.0000,OK
2026-07-08 07:36:37,F1,0.0000,OK
2026-07-08 07:36:47,F1,0.0000,OK
2026-07-08 07:36:57,F1,0.0000,OK
2026-07-08 07:37:08,F1,0.0000,OK
2026-07-08 07:37:18,F1,0.0000,OK
2026-07-08 07:37:28,F1,0.0000,OK
2026-07-08 07:37:39,F1,0.0000,OK
2026-07-08 07:37:49,F1,0.0000,OK
2026-07-08 07:37:59,F1,0.0000,OK
2026-07-08 07:38:10,F1,0.0000,OK
2026-07-08 07:38:20,F1,0.0000,OK
2026-07-08 07:38:30,F1,0.0000,OK
2026-07-08 07:38:41,F1,0.0000,OK
2026-07-08 07:38:51,F1,0.0000,OK
2026-07-08 07:39:02,F1,0.0000,OK
2026-07-08 07:39:12,F1,0.0000,OK
2026-07-08 07:39:22,F1,0.0000,OK
2026-07-08 07:39:33,F1,0.0000,OK
2026-07-08 07:39:43,F1,0.0000,OK
2026-07-08 07:39:53,F1,0.0000,OK
2026-07-08 07:40:03,F1,0.0000,OK
2026-07-08 07:40:14,F1,0.0000,OK
2026-07-08 07:40:24,F1,0.0000,Bajo rango
2026-07-08 07:40:34,F1,0.0000,OK
2026-07-08 07:40:45,F1,0.0000,OK
2026-07-08 07:40:55,F1,0.0000,OK
2026-07-08 07:41:05,F1,0.0000,OK
2026-07-08 07:41:16,F1,0.0000,OK
2026-07-08 07:41:26,F1,0.0000,OK
2026-07-08 07:41:36,F1,0.0000,OK
2026-07-08 07:41:47,F1,0.0000,OK
2026-07-08 07:41:57,F1,0.0000,OK
2026-07-08 07:42:07,F1,0.0000,OK
2026-07-08 07:42:18,F1,0.0000,OK
2026-07-08 07:42:28,F1,0.0000,OK
2026-07-08 07:42:38,F1,0.0000,OK
2026-07-08 07:42:49,F1,0.0000,OK
2026-07-08 07:42:59,F1,0.0000,OK
2026-07-08 07:43:09,F1,0.0000,OK
2026-07-08 07:43:20,F1,0.0000,OK
2026-07-08 07:43:30,F1,0.0000,OK
2026-07-08 07:43:40,F1,0.0000,OK
2026-07-08 07:43:51,F1,0.0000,OK
2026-07-08 07:44:01,F1,0.0000,OK
2026-07-08 07:44:11,F1,0.0000,OK
2026-07-08 07:44:22,F1,0.0000,OK
2026-07-08 07:44:32,F1,0.0000,OK
2026-07-08 07:44:42,F1,0.0000,OK
2026-07-08 07:44:53,F1,0.0000,OK
2026-07-08 07:45:03,F1,0.0000,OK
2026-07-08 07:45:13,F1,0.0000,OK
2026-07-08 07:45:24,F1,0.0000,OK
2026-07-08 07:45:34,F1,0.0000,OK
2026-07-08 07:45:44,F1,0.0000,OK
2026-07-08 07:45:55,F1,0.0000,OK
2026-07-08 07:46:05,F1,0.0000,OK
2026-07-08 07:46:15,F1,0.0000,OK
2026-07-08 07:46:26,F1,0.0000,OK
2026-07-08 07:46:36,F1,0.0000,OK
2026-07-08 07:46:46,F1,0.0000,OK
2026-07-08 07:46:57,F1,0.0000,OK
2026-07-08 07:47:07,F1,0.0000,OK
2026-07-08 07:47:17,F1,0.0000,OK
2026-07-08 07:47:28,F1,0.0000,OK
2026-07-08 07:47:38,F1,0.0000,OK
2026-07-08 07:47:48,F1,0.0000,OK
2026-07-08 07:47:59,F1,0.0000,OK
2026-07-08 07:48:09,F1,0.0000,OK
2026-07-08 07:48:19,F1,0.0000,OK
2026-07-08 07:48:30,F1,0.0000,OK
2026-07-08 07:48:40,F1,0.0000,OK
2026-07-08 07:48:50,F1,0.0000,OK
2026-07-08 07:49:01,F1,0.0000,OK
2026-07-08 07:49:11,F1,0.0000,OK
2026-07-08 07:49:22,F1,0.0000,OK
2026-07-08 07:49:32,F1,0.0000,OK
2026-07-08 07:49:42,F1,0.0000,OK
2026-07-08 07:49:53,F1,0.0000,OK
2026-07-08 07:50:03,F1,0.0000,OK
2026-07-08 07:50:13,F1,0.0000,OK
2026-07-08 07:50:24,F1,0.0000,OK
2026-07-08 07:50:34,F1,0.0000,OK
2026-07-08 07:50:44,F1,0.0000,OK
2026-07-08 07:50:54,F1,0.0000,OK
2026-07-08 07:51:05,F1,0.0000,OK
2026-07-08 07:51:15,F1,0.0000,OK
2026-07-08 07:51:26,F1,0.0000,OK
2026-07-08 07:51:36,F1,0.0000,OK
2026-07-08 07:51:46,F1,0.0000,OK
2026-07-08 07:51:57,F1,0.0000,OK
2026-07-08 07:52:07,F1,0.0000,OK
2026-07-08 07:52:17,F1,0.0000,OK
2026-07-08 07:52:28,F1,0.0000,OK
2026-07-08 07:52:38,F1,0.0000,OK
2026-07-08 07:52:48,F1,0.0000,OK
2026-07-08 07:52:59,F1,0.0000,OK
2026-07-08 07:53:09,F1,0.0000,OK
2026-07-08 07:53:19,F1,0.0000,OK
2026-07-08 07:53:29,F1,0.0000,OK
2026-07-08 07:53:40,F1,0.0000,OK
2026-07-08 07:53:50,F1,0.0000,OK
2026-07-08 07:54:01,F1,0.0000,OK
2026-07-08 07:54:11,F1,0.0000,OK
2026-07-08 07:54:21,F1,0.0000,OK
2026-07-08 07:54:32,F1,0.0000,OK
2026-07-08 07:54:42,F1,0.0000,OK
2026-07-08 07:54:52,F1,0.0000,OK
2026-07-08 07:55:03,F1,0.0000,OK
2026-07-08 07:55:13,F1,0.0000,OK
2026-07-08 07:55:23,F1,0.0000,OK
2026-07-08 07:55:34,F1,0.0000,OK
2026-07-08 07:55:44,F1,0.0000,OK
2026-07-08 07:55:54,F1,0.0000,OK
2026-07-08 07:56:05,F1,0.0000,OK
2026-07-08 07:56:15,F1,0.0000,OK
2026-07-08 07:56:25,F1,0.0000,OK
2026-07-08 07:56:36,F1,0.0000,OK
2026-07-08 07:56:46,F1,0.0000,OK
2026-07-08 07:56:56,F1,0.0000,OK
2026-07-08 07:57:07,F1,0.0000,OK
2026-07-08 07:57:17,F1,0.0000,OK
2026-07-08 07:57:27,F1,0.0000,OK
2026-07-08 07:57:38,F1,0.0000,OK
2026-07-08 07:57:48,F1,0.0000,OK
2026-07-08 07:57:58,F1,0.0000,OK
2026-07-08 07:58:09,F1,0.0000,OK
2026-07-08 07:58:19,F1,0.0000,OK
2026-07-08 07:58:29,F1,0.0000,OK
2026-07-08 07:58:40,F1,0.0000,OK
2026-07-08 07:58:50,F1,0.0000,OK
2026-07-08 07:59:00,F1,0.0000,OK
2026-07-08 07:59:11,F1,0.0000,OK
2026-07-08 07:59:21,F1,0.0000,OK
2026-07-08 07:59:31,F1,0.0000,OK
2026-07-08 07:59:42,F1,0.0000,OK
2026-07-08 07:59:52,F1,0.0000,OK
2026-07-08 08:00:02,F1,0.0000,OK
2026-07-08 08:00:13,F1,0.0000,OK
2026-07-08 08:00:23,F1,0.0000,OK
2026-07-08 08:00:33,F1,0.0000,OK
2026-07-08 08:00:44,F1,0.0000,OK
2026-07-08 08:00:54,F1,0.0000,OK
2026-07-08 08:01:04,F1,0.0000,OK
2026-07-08 08:01:15,F1,0.0000,OK
2026-07-08 08:01:25,F1,0.0000,OK
2026-07-08 08:01:35,F1,0.0000,OK
2026-07-08 08:01:46,F1,0.0000,OK
2026-07-08 08:01:56,F1,0.0000,OK
2026-07-08 08:02:06,F1,0.0000,OK
2026-07-08 08:02:17,F1,0.0000,OK
2026-07-08 08:02:27,F1,0.0000,OK
2026-07-08 08:02:37,F1,0.0000,OK
2026-07-08 08:02:48,F1,0.0000,OK
2026-07-08 08:02:58,F1,0.0000,OK
2026-07-08 08:03:08,F1,0.0000,OK
2026-07-08 08:03:19,F1,0.0000,OK
2026-07-08 08:03:29,F1,0.0000,OK
2026-07-08 08:03:39,F1,0.0000,OK
2026-07-08 08:03:50,F1,0.0000,OK
2026-07-08 08:04:00,F1,0.0000,OK
2026-07-08 08:04:10,F1,0.0000,OK
2026-07-08 08:04:21,F1,0.0000,OK
2026-07-08 08:04:31,F1,0.0000,OK
2026-07-08 08:04:42,F1,0.0000,OK
2026-07-08 08:04:52,F1,0.0000,OK
2026-07-08 08:05:02,F1,0.0000,OK
2026-07-08 08:05:13,F1,0.0000,OK
2026-07-08 08:05:23,F1,0.0000,OK
2026-07-08 08:05:33,F1,0.0000,OK
2026-07-08 08:05:44,F1,0.0000,OK
2026-07-08 08:05:54,F1,0.0000,OK
2026-07-08 08:06:04,F1,0.0000,OK
2026-07-08 08:06:15,F1,0.0000,OK
2026-07-08 08:06:25,F1,0.0000,OK
2026-07-08 08:06:35,F1,0.0000,OK
2026-07-08 08:06:46,F1,0.0000,OK
2026-07-08 08:06:56,F1,0.0000,OK
2026-07-08 08:07:06,F1,0.0000,OK
2026-07-08 08:07:17,F1,0.0000,OK
2026-07-08 08:07:27,F1,0.0000,OK
2026-07-08 08:07:37,F1,0.0000,OK
2026-07-08 08:07:48,F1,0.0000,OK
2026-07-08 08:07:58,F1,0.0000,OK
2026-07-08 08:08:08,F1,0.0000,OK
2026-07-08 08:08:19,F1,0.0000,OK
2026-07-08 08:08:29,F1,0.0000,OK
2026-07-08 08:08:39,F1,0.0000,OK
2026-07-08 08:08:50,F1,0.0000,OK
2026-07-08 08:09:00,F1,0.0000,OK
2026-07-08 08:09:10,F1,0.0000,OK
2026-07-08 08:09:21,F1,0.0000,OK
2026-07-08 08:09:31,F1,0.0000,OK
2026-07-08 08:09:41,F1,0.0000,OK
2026-07-08 08:09:52,F1,0.0000,OK
2026-07-08 08:10:02,F1,0.0000,OK
2026-07-08 08:10:12,F1,0.0000,OK
2026-07-08 08:10:23,F1,0.0000,OK
2026-07-08 08:10:33,F1,0.0000,OK
2026-07-08 08:10:43,F1,0.0000,OK
2026-07-08 08:10:54,F1,0.0000,OK
2026-07-08 08:11:04,F1,0.0000,OK
2026-07-08 08:11:14,F1,0.0000,OK
2026-07-08 08:11:25,F1,0.0000,OK
2026-07-08 08:11:35,F1,0.0000,OK
2026-07-08 08:11:45,F1,0.0000,OK
2026-07-08 08:11:56,F1,0.0000,OK
2026-07-08 08:12:06,F1,0.0000,OK
2026-07-08 08:12:16,F1,0.0000,OK
2026-07-08 08:12:27,F1,0.0000,OK
2026-07-08 08:12:37,F1,0.0000,OK
2026-07-08 08:12:47,F1,0.0000,OK
2026-07-08 08:12:58,F1,0.0000,OK
2026-07-08 08:13:08,F1,0.0000,OK
2026-07-08 08:13:18,F1,0.0000,OK
2026-07-08 08:13:29,F1,0.0000,OK
2026-07-08 08:13:39,F1,0.0000,OK
2026-07-08 08:13:49,F1,0.0000,OK
2026-07-08 08:14:00,F1,0.0000,OK
2026-07-08 08:14:10,F1,0.0000,OK
2026-07-08 08:14:20,F1,0.0000,OK
2026-07-08 08:14:31,F1,0.0000,OK
2026-07-08 08:14:41,F1,0.0000,OK
2026-07-08 08:14:51,F1,0.0000,OK
2026-07-08 08:15:02,F1,0.0000,OK
2026-07-08 08:15:12,F1,0.0000,OK
2026-07-08 08:15:22,F1,0.0000,OK
2026-07-08 08:15:33,F1,0.0000,OK
2026-07-08 08:15:43,F1,0.0000,OK
2026-07-08 08:15:53,F1,0.0000,OK
2026-07-08 08:16:04,F1,0.0000,OK
2026-07-08 08:16:14,F1,0.0000,OK
2026-07-08 08:16:24,F1,0.0000,OK
2026-07-08 08:16:35,F1,0.0000,OK
2026-07-08 08:16:45,F1,0.0000,OK
2026-07-08 08:16:55,F1,0.0000,OK
2026-07-08 08:17:06,F1,0.0000,OK
2026-07-08 08:17:16,F1,0.0000,OK
2026-07-08 08:17:26,F1,0.0000,OK
2026-07-08 08:17:37,F1,0.0000,OK
2026-07-08 08:17:47,F1,0.0000,OK
2026-07-08 08:17:57,F1,0.0000,OK
2026-07-08 08:18:08,F1,0.0000,OK
2026-07-08 08:18:18,F1,0.0000,OK
2026-07-08 08:18:29,F1,0.0000,OK
2026-07-08 08:18:39,F1,0.0000,OK
2026-07-08 08:18:49,F1,0.0000,OK
2026-07-08 08:19:00,F1,0.0000,OK
2026-07-08 08:19:10,F1,0.0000,OK
2026-07-08 08:19:20,F1,0.0000,OK
2026-07-08 08:19:31,F1,0.0000,OK
2026-07-08 08:19:41,F1,0.0000,OK
2026-07-08 08:19:51,F1,0.0000,OK
2026-07-08 08:20:02,F1,0.0000,OK
2026-07-08 08:20:12,F1,0.0000,OK
2026-07-08 08:20:22,F1,0.0000,OK
2026-07-08 08:20:33,F1,0.0000,OK
2026-07-08 08:20:43,F1,0.0000,OK
2026-07-08 08:20:53,F1,0.0000,OK
2026-07-08 08:21:04,F1,0.0000,OK
2026-07-08 08:21:14,F1,0.0000,OK
2026-07-08 08:21:24,F1,0.0000,OK
2026-07-08 08:21:35,F1,0.0000,OK
2026-07-08 08:21:45,F1,0.0000,OK
2026-07-08 08:21:55,F1,0.0000,OK
2026-07-08 08:22:06,F1,0.0000,OK
2026-07-08 08:22:16,F1,0.0000,OK
2026-07-08 08:22:26,F1,0.0000,OK
2026-07-08 08:22:37,F1,0.0000,OK
2026-07-08 08:22:47,F1,0.0000,OK
2026-07-08 08:22:57,F1,0.0000,OK
2026-07-08 08:23:08,F1,0.0000,OK
2026-07-08 08:23:18,F1,0.0000,OK
2026-07-08 08:23:28,F1,0.0000,OK
2026-07-08 08:23:39,F1,0.0000,OK
2026-07-08 08:23:49,F1,0.0000,OK
2026-07-08 08:23:59,F1,0.0000,OK
2026-07-08 08:24:10,F1,0.0000,OK
2026-07-08 08:24:20,F1,0.0000,OK
2026-07-08 08:24:30,F1,0.0000,OK
2026-07-08 08:24:41,F1,0.0000,OK
2026-07-08 08:24:51,F1,0.0000,OK
2026-07-08 08:25:01,F1,0.0000,OK
2026-07-08 08:25:12,F1,0.0000,OK
2026-07-08 08:25:22,F1,0.0000,OK
2026-07-08 08:25:32,F1,0.0000,OK
2026-07-08 08:25:43,F1,0.0000,OK
2026-07-08 08:25:53,F1,0.0000,OK
2026-07-08 08:26:03,F1,0.0000,OK
2026-07-08 08:26:14,F1,0.0000,OK
2026-07-08 08:26:24,F1,0.0000,OK
2026-07-08 08:26:34,F1,0.0000,OK
2026-07-08 08:26:45,F1,0.0000,OK
2026-07-08 08:26:55,F1,0.0000,OK
2026-07-08 08:27:05,F1,0.0000,OK
2026-07-08 08:27:16,F1,0.0000,OK
2026-07-08 08:27:26,F1,0.0000,OK
2026-07-08 08:27:36,F1,0.0000,OK
2026-07-08 08:27:47,F1,0.0000,OK
2026-07-08 08:27:57,F1,0.0000,OK
2026-07-08 08:28:07,F1,0.0000,OK
2026-07-08 08:28:18,F1,0.0000,OK
2026-07-08 08:28:28,F1,0.0000,OK
2026-07-08 08:28:38,F1,0.0000,OK
2026-07-08 08:28:49,F1,0.0000,OK
2026-07-08 08:28:59,F1,0.0000,OK
2026-07-08 08:29:09,F1,0.0000,OK
2026-07-08 08:29:20,F1,0.0000,OK
2026-07-08 08:29:30,F1,0.0000,OK
2026-07-08 08:29:40,F1,0.0000,OK
2026-07-08 08:29:51,F1,0.0000,OK
2026-07-08 08:30:01,F1,0.0000,OK
2026-07-08 08:30:11,F1,0.0000,OK
2026-07-08 08:30:22,F1,0.0000,OK
2026-07-08 08:30:32,F1,0.0000,OK
2026-07-08 08:30:42,F1,0.0000,OK
2026-07-08 08:30:53,F1,0.0000,OK
2026-07-08 08:31:03,F1,0.0000,OK
2026-07-08 08:31:13,F1,0.0000,OK
2026-07-08 08:31:24,F1,0.0000,OK
2026-07-08 08:31:34,F1,0.0000,OK
2026-07-08 08:31:45,F1,0.0000,OK
2026-07-08 08:31:55,F1,0.0000,OK
2026-07-08 08:32:05,F1,0.0000,OK
2026-07-08 08:32:16,F1,0.0000,OK
2026-07-08 08:32:26,F1,0.0000,OK
2026-07-08 08:32:36,F1,0.0000,OK
2026-07-08 08:32:47,F1,0.0000,OK
2026-07-08 08:32:57,F1,0.0000,OK
2026-07-08 08:33:07,F1,0.0000,OK
2026-07-08 08:33:18,F1,0.0000,OK
2026-07-08 08:33:28,F1,0.0000,OK
2026-07-08 08:33:38,F1,0.0000,OK
2026-07-08 08:33:49,F1,0.0000,OK
2026-07-08 08:33:59,F1,0.0000,OK
2026-07-08 08:34:10,F1,0.0000,OK
2026-07-08 08:34:20,F1,0.0000,OK
2026-07-08 08:34:30,F1,0.0000,OK
2026-07-08 08:34:41,F1,0.0000,OK
2026-07-08 08:34:51,F1,0.0000,OK
2026-07-08 08:35:01,F1,0.0000,OK
2026-07-08 08:35:11,F1,0.0000,OK
2026-07-08 08:35:22,F1,0.0000,OK
2026-07-08 08:35:32,F1,0.0000,OK
2026-07-08 08:35:43,F1,0.0000,OK
2026-07-08 08:35:53,F1,0.0000,OK
2026-07-08 08:36:03,F1,0.0000,OK
2026-07-08 08:36:14,F1,0.0000,OK
2026-07-08 08:36:24,F1,0.0000,OK
2026-07-08 08:36:34,F1,0.0000,OK
2026-07-08 08:36:45,F1,0.0000,OK
2026-07-08 08:36:55,F1,0.0000,OK
2026-07-08 08:37:05,F1,0.0000,OK
2026-07-08 08:37:16,F1,0.0000,OK
2026-07-08 08:37:26,F1,0.0000,OK
2026-07-08 08:37:36,F1,0.0000,OK
2026-07-08 08:37:47,F1,0.0000,OK
2026-07-08 08:37:57,F1,0.0000,OK
2026-07-08 08:38:07,F1,0.0000,OK
2026-07-08 08:38:18,F1,0.0000,OK
2026-07-08 08:38:28,F1,0.0000,OK
2026-07-08 08:38:38,F1,0.0000,OK
2026-07-08 08:38:49,F1,0.0000,OK
2026-07-08 08:38:59,F1,0.0000,OK
2026-07-08 08:39:09,F1,0.0000,OK
2026-07-08 08:39:20,F1,0.0000,OK
2026-07-08 08:39:30,F1,0.0000,OK
2026-07-08 08:39:40,F1,0.0000,OK
2026-07-08 08:39:51,F1,0.0000,OK
2026-07-08 08:40:01,F1,0.0000,OK
2026-07-08 08:40:11,F1,0.0000,OK
2026-07-08 08:40:22,F1,0.0000,OK
2026-07-08 08:40:32,F1,0.0000,OK
2026-07-08 08:40:42,F1,0.0000,OK
2026-07-08 08:40:53,F1,0.0000,OK
2026-07-08 08:41:03,F1,0.0000,OK
2026-07-08 08:41:13,F1,0.0000,OK
2026-07-08 08:41:24,F1,0.0000,OK
2026-07-08 08:41:34,F1,0.0000,OK
2026-07-08 08:41:44,F1,0.0000,OK
2026-07-08 08:41:55,F1,0.0000,OK
2026-07-08 08:42:05,F1,0.0000,OK
2026-07-08 08:42:15,F1,0.0000,OK
2026-07-08 08:42:26,F1,0.0000,OK
2026-07-08 08:42:36,F1,0.0000,OK
2026-07-08 08:42:46,F1,0.0000,OK
2026-07-08 08:42:57,F1,0.0000,OK
2026-07-08 08:43:07,F1,0.0000,OK
2026-07-08 08:43:17,F1,0.0000,OK
2026-07-08 08:43:28,F1,0.0000,OK
2026-07-08 08:43:38,F1,0.0000,OK
2026-07-08 08:43:48,F1,0.0000,OK
2026-07-08 08:43:59,F1,0.0000,OK
2026-07-08 08:44:09,F1,0.0000,OK
2026-07-08 08:44:19,F1,0.0000,OK
2026-07-08 08:44:30,F1,0.0000,OK
2026-07-08 08:44:40,F1,0.0000,OK
2026-07-08 08:44:50,F1,0.0000,OK
2026-07-08 08:45:01,F1,0.0000,OK
2026-07-08 08:45:11,F1,0.0000,OK
2026-07-08 08:45:21,F1,0.0000,OK
2026-07-08 08:45:32,F1,0.0000,OK
2026-07-08 08:45:42,F1,0.0000,OK
2026-07-08 08:45:52,F1,0.0000,OK
2026-07-08 08:46:03,F1,0.0000,OK
2026-07-08 08:46:13,F1,0.0000,OK
2026-07-08 08:46:23,F1,0.0000,OK
2026-07-08 08:46:34,F1,0.0000,OK
2026-07-08 08:46:44,F1,0.0000,OK
2026-07-08 08:46:54,F1,0.0000,OK
2026-07-08 08:47:05,F1,0.0000,OK
2026-07-08 08:47:15,F1,0.0000,OK
2026-07-08 08:47:25,F1,0.0000,OK
2026-07-08 08:47:36,F1,0.0000,OK
2026-07-08 08:47:46,F1,0.0000,OK
2026-07-08 08:47:57,F1,0.0000,OK
2026-07-08 08:48:07,F1,0.0000,OK
2026-07-08 08:48:17,F1,0.0000,OK
2026-07-08 08:48:27,F1,0.0000,OK
2026-07-08 08:48:38,F1,0.0000,OK
2026-07-08 08:48:48,F1,0.0000,OK
2026-07-08 08:48:58,F1,0.0000,OK
2026-07-08 08:49:09,F1,0.0000,OK
2026-07-08 08:49:19,F1,0.0000,OK
2026-07-08 08:49:29,F1,0.0000,OK
2026-07-08 08:49:40,F1,0.0000,OK
2026-07-08 08:49:50,F1,0.0000,OK
2026-07-08 08:50:00,F1,0.0000,OK
2026-07-08 08:50:11,F1,0.0000,OK
2026-07-08 08:50:21,F1,0.0000,OK
2026-07-08 08:50:31,F1,0.0000,OK
2026-07-08 08:50:42,F1,0.0000,OK
2026-07-08 08:50:52,F1,0.0000,OK
2026-07-08 08:51:02,F1,0.0000,OK
2026-07-08 08:51:13,F1,0.0000,OK
2026-07-08 08:51:23,F1,0.0000,OK
2026-07-08 08:51:33,F1,0.0000,OK
2026-07-08 08:51:44,F1,0.0000,OK
2026-07-08 08:51:54,F1,0.0000,OK
2026-07-08 08:52:04,F1,0.0000,OK
2026-07-08 08:52:15,F1,0.0000,OK
2026-07-08 08:52:25,F1,0.0000,OK
2026-07-08 08:52:35,F1,0.0000,OK
2026-07-08 08:52:46,F1,0.0000,OK
2026-07-08 08:52:56,F1,0.0000,OK
2026-07-08 08:53:06,F1,0.0000,OK
2026-07-08 08:53:17,F1,0.0000,OK
2026-07-08 08:53:27,F1,0.0000,OK
2026-07-08 08:53:37,F1,0.0000,OK
2026-07-08 08:53:48,F1,0.0000,OK
2026-07-08 08:53:58,F1,0.0000,OK
2026-07-08 08:54:08,F1,0.0000,OK
2026-07-08 08:54:19,F1,0.0000,OK
2026-07-08 08:54:29,F1,0.0000,OK
2026-07-08 08:54:39,F1,0.0000,OK
2026-07-08 08:54:50,F1,0.0000,OK
2026-07-08 08:55:00,F1,0.0000,OK
2026-07-08 08:55:10,F1,0.0000,OK
2026-07-08 08:55:21,F1,0.0000,OK
2026-07-08 08:55:31,F1,0.0000,OK
2026-07-08 08:55:41,F1,0.0000,OK
2026-07-08 08:55:52,F1,0.0000,OK
2026-07-08 08:56:02,F1,0.0000,OK
2026-07-08 08:56:13,F1,0.0000,OK
2026-07-08 08:56:23,F1,0.0000,OK
2026-07-08 08:56:33,F1,0.0000,OK
2026-07-08 08:56:44,F1,0.0000,OK
2026-07-08 08:56:54,F1,0.0000,OK
2026-07-08 08:57:04,F1,0.0000,OK
2026-07-08 08:57:15,F1,0.0000,OK
2026-07-08 08:57:25,F1,0.0000,OK
2026-07-08 08:57:35,F1,0.0000,OK
2026-07-08 08:57:46,F1,0.0000,OK
2026-07-08 08:57:56,F1,0.0000,OK
2026-07-08 08:58:06,F1,0.0000,OK
2026-07-08 08:58:17,F1,0.0000,OK
2026-07-08 08:58:27,F1,0.0000,OK
2026-07-08 08:58:37,F1,0.0000,OK
2026-07-08 08:58:48,F1,0.0000,OK
2026-07-08 08:58:58,F1,0.0000,OK
2026-07-08 08:59:08,F1,0.0000,OK
2026-07-08 08:59:19,F1,0.0000,OK
2026-07-08 08:59:29,F1,0.0000,OK
2026-07-08 08:59:39,F1,0.0000,OK
2026-07-08 08:59:49,F1,0.0000,OK
2026-07-08 09:00:00,F1,0.0000,OK
2026-07-08 09:00:10,F1,0.0000,OK
2026-07-08 09:00:21,F1,0.0000,OK
2026-07-08 09:00:31,F1,0.0000,OK
2026-07-08 09:00:41,F1,0.0000,OK
2026-07-08 09:00:52,F1,0.0000,OK
2026-07-08 09:01:02,F1,0.0000,OK
2026-07-08 09:01:12,F1,0.0000,OK
2026-07-08 09:01:23,F1,0.0000,OK
2026-07-08 09:01:33,F1,0.0000,OK
2026-07-08 09:01:43,F1,0.0000,OK
2026-07-08 09:01:54,F1,0.0000,OK
2026-07-08 09:02:04,F1,0.0000,OK
2026-07-08 09:02:14,F1,0.0000,OK
2026-07-08 09:02:25,F1,0.0000,OK
2026-07-08 09:02:35,F1,0.0000,OK
2026-07-08 09:02:45,F1,0.0000,OK
2026-07-08 09:02:56,F1,0.0000,OK
2026-07-08 09:03:06,F1,0.0000,OK
2026-07-08 09:03:16,F1,0.0000,OK
2026-07-08 09:03:27,F1,0.0000,OK
2026-07-08 09:03:37,F1,0.0000,OK
2026-07-08 09:03:47,F1,0.0000,OK
2026-07-08 09:03:58,F1,0.0000,OK
2026-07-08 09:04:08,F1,0.0000,OK
2026-07-08 09:04:18,F1,0.0000,OK
2026-07-08 09:04:29,F1,0.0000,OK
2026-07-08 09:04:39,F1,0.0000,OK
2026-07-08 09:04:49,F1,0.0000,OK
2026-07-08 09:05:00,F1,0.0000,OK
2026-07-08 09:05:10,F1,0.0000,OK
2026-07-08 09:05:20,F1,0.0000,OK
2026-07-08 09:05:31,F1,0.0000,OK
2026-07-08 09:05:41,F1,0.0000,OK
2026-07-08 09:05:51,F1,0.0000,OK
2026-07-08 09:06:02,F1,0.0000,OK
2026-07-08 09:06:12,F1,0.0000,OK
2026-07-08 09:06:22,F1,0.0000,OK
2026-07-08 09:06:33,F1,0.0000,OK
2026-07-08 09:06:43,F1,0.0000,OK
2026-07-08 09:06:53,F1,0.0000,Bajo rango
2026-07-08 09:07:04,F1,0.0000,OK
2026-07-08 09:07:14,F1,0.0000,OK
2026-07-08 09:07:24,F1,0.0000,OK
2026-07-08 09:07:35,F1,0.0000,OK
2026-07-08 09:07:45,F1,0.0000,OK
2026-07-08 09:07:55,F1,0.0000,OK
2026-07-08 09:08:06,F1,0.0000,OK
2026-07-08 09:08:16,F1,0.0000,OK
2026-07-08 09:08:26,F1,0.0000,OK
2026-07-08 09:08:37,F1,0.0000,OK
2026-07-08 09:08:47,F1,0.0000,OK
2026-07-08 09:08:57,F1,0.0000,OK
2026-07-08 09:09:08,F1,0.0000,OK
2026-07-08 09:09:18,F1,0.0000,OK
2026-07-08 09:09:29,F1,0.0000,OK
2026-07-08 09:09:39,F1,0.0000,OK
2026-07-08 09:09:49,F1,0.0000,OK
2026-07-08 09:10:00,F1,0.0000,OK
2026-07-08 09:10:10,F1,0.0000,OK
2026-07-08 09:10:20,F1,0.0000,OK
2026-07-08 09:10:31,F1,0.0000,OK
2026-07-08 09:10:41,F1,0.0000,OK
2026-07-08 09:10:51,F1,0.0000,OK
2026-07-08 09:11:02,F1,0.0000,OK
2026-07-08 09:11:12,F1,0.0000,OK
2026-07-08 09:11:22,F1,0.0000,OK
2026-07-08 09:11:33,F1,0.0000,OK
2026-07-08 09:11:43,F1,0.0000,OK
2026-07-08 09:11:53,F1,0.0000,OK
2026-07-08 09:12:04,F1,0.0000,OK
2026-07-08 09:12:14,F1,0.0000,OK
2026-07-08 09:12:24,F1,0.0000,OK
2026-07-08 09:12:34,F1,0.0000,OK
2026-07-08 09:12:45,F1,0.0000,OK
2026-07-08 09:12:55,F1,0.0000,OK
2026-07-08 09:13:05,F1,0.0000,OK
2026-07-08 09:13:16,F1,0.0000,OK
2026-07-08 09:13:26,F1,0.0000,OK
2026-07-08 09:13:37,F1,0.0000,OK
2026-07-08 09:13:47,F1,0.0000,OK
2026-07-08 09:13:57,F1,0.0000,OK
2026-07-08 09:14:08,F1,0.0000,OK
2026-07-08 09:14:18,F1,0.0000,OK
2026-07-08 09:14:28,F1,0.0000,OK
2026-07-08 09:14:39,F1,0.0000,OK
2026-07-08 09:14:49,F1,0.0000,OK
2026-07-08 09:14:59,F1,0.0000,OK
2026-07-08 09:15:10,F1,0.0000,OK
2026-07-08 09:15:20,F1,0.0000,Bajo rango
2026-07-08 09:15:30,F1,0.0000,OK
2026-07-08 09:15:41,F1,0.0000,OK
2026-07-08 09:15:51,F1,0.0000,OK
2026-07-08 09:16:01,F1,0.0000,OK
2026-07-08 09:16:12,F1,0.0000,OK
2026-07-08 09:16:22,F1,0.0000,OK
2026-07-08 09:16:32,F1,0.0000,OK
2026-07-08 09:16:43,F1,0.0000,OK
2026-07-08 09:16:53,F1,0.0000,OK
2026-07-08 09:17:03,F1,0.0000,OK
2026-07-08 09:17:14,F1,0.0000,OK
2026-07-08 09:17:24,F1,0.0000,OK
2026-07-08 09:17:34,F1,0.0000,OK
2026-07-08 09:17:45,F1,0.0000,OK
2026-07-08 09:17:55,F1,0.0000,OK
2026-07-08 09:18:05,F1,0.0000,OK
2026-07-08 09:18:16,F1,0.0000,OK
2026-07-08 09:18:26,F1,0.0000,OK
2026-07-08 09:18:36,F1,0.0000,OK
2026-07-08 09:18:47,F1,0.0000,OK
2026-07-08 09:18:57,F1,0.0000,OK
2026-07-08 09:19:07,F1,0.0000,OK
2026-07-08 09:19:18,F1,0.0000,OK
2026-07-08 09:19:28,F1,0.0000,OK
2026-07-08 09:19:38,F1,0.0000,OK
2026-07-08 09:19:49,F1,0.0000,OK
2026-07-08 09:19:59,F1,0.0000,OK
2026-07-08 09:20:09,F1,0.0000,OK
2026-07-08 09:20:20,F1,0.0000,OK
2026-07-08 09:20:30,F1,0.0000,OK
2026-07-08 09:20:40,F1,0.0000,OK
2026-07-08 09:20:51,F1,0.0000,OK
2026-07-08 09:21:01,F1,0.0000,Bajo rango
2026-07-08 09:21:11,F1,0.0000,OK
2026-07-08 09:21:22,F1,0.0000,OK
2026-07-08 09:21:32,F1,0.0000,OK
2026-07-08 09:21:42,F1,0.0000,OK
2026-07-08 09:21:53,F1,0.0000,OK
2026-07-08 09:22:03,F1,0.0000,OK
2026-07-08 09:22:13,F1,0.0000,OK
2026-07-08 09:22:24,F1,0.0000,OK
2026-07-08 09:22:34,F1,0.0000,OK
2026-07-08 09:22:44,F1,0.0000,OK
2026-07-08 09:22:55,F1,0.0000,OK
2026-07-08 09:23:05,F1,0.0000,OK
2026-07-08 09:23:15,F1,0.0000,OK
2026-07-08 09:23:26,F1,0.0000,OK
2026-07-08 09:23:36,F1,0.0000,OK
2026-07-08 09:23:46,F1,0.0000,OK
2026-07-08 09:23:57,F1,0.0000,OK
2026-07-08 09:24:07,F1,0.0000,OK
2026-07-08 09:24:17,F1,0.0000,OK
2026-07-08 09:24:28,F1,0.0000,OK
2026-07-08 09:24:38,F1,0.0000,OK
2026-07-08 09:24:49,F1,0.0000,OK
2026-07-08 09:24:59,F1,0.0000,OK
2026-07-08 09:25:09,F1,0.0000,OK
2026-07-08 09:25:20,F1,0.0000,OK
2026-07-08 09:25:30,F1,0.0000,OK
2026-07-08 09:25:40,F1,0.0000,OK
2026-07-08 09:25:50,F1,0.0000,OK
2026-07-08 09:26:01,F1,0.0000,OK
2026-07-08 09:26:11,F1,0.0000,OK
2026-07-08 09:26:21,F1,0.0000,OK
2026-07-08 09:26:32,F1,0.0000,OK
2026-07-08 09:26:42,F1,0.0000,OK
2026-07-08 09:26:53,F1,0.0000,OK
2026-07-08 09:27:03,F1,0.0000,OK
2026-07-08 09:27:13,F1,0.0000,OK
2026-07-08 09:27:24,F1,0.0000,OK
2026-07-08 09:27:34,F1,26.8449,OK
2026-07-08 09:27:44,F1,0.0000,OK
2026-07-08 09:27:55,F1,0.0000,Bajo rango
2026-07-08 09:28:05,F1,0.0000,Bajo rango
2026-07-08 09:28:15,F1,0.0000,Bajo rango
2026-07-08 09:28:26,F1,0.0000,Bajo rango
2026-07-08 09:28:36,F1,0.0000,Bajo rango
2026-07-08 09:28:46,F1,0.0000,OK
2026-07-08 09:28:57,F1,0.0000,Bajo rango
2026-07-08 09:29:07,F1,0.0000,Bajo rango
2026-07-08 09:29:17,F1,0.0000,Bajo rango
2026-07-08 09:29:28,F1,0.0000,OK
2026-07-08 09:29:38,F1,0.0000,Bajo rango
2026-07-08 09:29:48,F1,0.0000,Bajo rango
2026-07-08 09:29:59,F1,0.0000,Bajo rango
2026-07-08 09:30:09,F1,0.0000,Bajo rango
2026-07-08 09:30:19,F1,0.0000,Bajo rango
2026-07-08 09:30:30,F1,0.0000,OK
2026-07-08 09:30:40,F1,0.0000,OK
2026-07-08 09:30:50,F1,0.0000,Bajo rango
2026-07-08 09:31:01,F1,0.0000,Bajo rango
2026-07-08 09:31:11,F1,0.0000,Bajo rango
2026-07-08 09:31:21,F1,0.0000,Bajo rango
2026-07-08 09:31:32,F1,0.0000,Bajo rango
2026-07-08 09:31:42,F1,0.0000,Bajo rango
2026-07-08 09:31:52,F1,0.0000,OK
2026-07-08 09:32:03,F1,0.0000,Bajo rango
2026-07-08 09:32:13,F1,0.0000,Bajo rango
2026-07-08 09:32:23,F1,0.0000,Bajo rango
2026-07-08 09:32:34,F1,0.0000,Bajo rango
2026-07-08 09:32:44,F1,0.0000,Bajo rango
2026-07-08 09:32:54,F1,0.0000,Bajo rango
2026-07-08 09:33:05,F1,0.0000,OK
2026-07-08 09:33:15,F1,0.0000,OK
2026-07-08 09:33:25,F1,0.0000,OK
2026-07-08 09:33:36,F1,0.0000,Bajo rango
2026-07-08 09:33:46,F1,0.0000,OK
2026-07-08 09:33:56,F1,0.0000,Bajo rango
2026-07-08 09:34:07,F1,0.0000,OK
2026-07-08 09:34:17,F1,0.0000,OK
2026-07-08 09:34:27,F1,0.0000,Bajo rango
2026-07-08 09:34:38,F1,0.0000,OK
2026-07-08 09:34:48,F1,0.0000,Bajo rango
2026-07-08 09:34:58,F1,0.0000,Bajo rango
2026-07-08 09:35:09,F1,0.0000,Bajo rango
2026-07-08 09:35:19,F1,0.0000,OK
2026-07-08 09:35:29,F1,0.0000,Bajo rango
2026-07-08 09:35:40,F1,0.0000,Bajo rango
2026-07-08 09:35:50,F1,0.0000,Bajo rango
2026-07-08 09:36:00,F1,0.0000,OK
2026-07-08 09:36:11,F1,0.0000,OK
2026-07-08 09:36:21,F1,0.0000,Bajo rango
2026-07-08 09:36:31,F1,0.0000,OK
2026-07-08 09:36:42,F1,0.0000,Bajo rango
2026-07-08 09:36:52,F1,0.0000,OK
2026-07-08 09:37:02,F1,0.0000,OK
2026-07-08 09:37:13,F1,0.0000,OK
2026-07-08 09:37:23,F1,0.0000,OK
2026-07-08 09:37:33,F1,0.0000,Bajo rango
2026-07-08 09:37:44,F1,0.0000,OK
2026-07-08 09:37:54,F1,1.7050,OK
2026-07-08 09:38:04,F1,0.0000,Bajo rango
2026-07-08 09:38:15,F1,0.0000,Bajo rango
2026-07-08 09:38:25,F1,0.0000,Bajo rango
2026-07-08 09:38:35,F1,0.0000,Bajo rango
2026-07-08 09:38:46,F1,8.9184,OK
2026-07-08 09:38:56,F1,6.4031,OK
2026-07-08 09:39:06,F1,0.0000,Bajo rango
2026-07-08 09:39:17,F1,0.0000,Bajo rango
2026-07-08 09:39:27,F1,0.0000,Bajo rango
2026-07-08 09:39:37,F1,0.0000,OK
2026-07-08 09:39:48,F1,0.0000,OK
2026-07-08 09:39:58,F1,0.0000,OK
2026-07-08 09:40:08,F1,0.0000,Bajo rango
2026-07-08 09:40:19,F1,0.0000,OK
2026-07-08 09:40:29,F1,0.0000,Bajo rango
2026-07-08 09:40:40,F1,0.0000,OK
2026-07-08 09:40:50,F1,0.0000,OK
2026-07-08 09:41:00,F1,0.0000,OK
2026-07-08 09:41:11,F1,0.0000,OK
2026-07-08 09:41:21,F1,0.0000,Bajo rango
2026-07-08 09:41:31,F1,0.0000,OK
2026-07-08 09:41:42,F1,0.0000,Bajo rango
2026-07-08 09:41:52,F1,0.0000,Bajo rango
2026-07-08 09:42:02,F1,0.0000,OK
2026-07-08 09:42:13,F1,0.0000,OK
2026-07-08 09:42:23,F1,0.0000,OK
2026-07-08 09:42:33,F1,0.0000,OK
2026-07-08 09:42:44,F1,0.0000,OK
2026-07-08 09:42:54,F1,0.0000,OK
2026-07-08 09:43:04,F1,0.0000,OK
2026-07-08 09:43:15,F1,0.0000,OK
2026-07-08 09:43:25,F1,0.0000,OK
2026-07-08 09:43:35,F1,0.0000,OK
2026-07-08 09:43:46,F1,0.0000,OK
2026-07-08 09:43:56,F1,0.0000,OK
2026-07-08 09:44:06,F1,0.0000,Bajo rango
2026-07-08 09:44:17,F1,0.0000,Bajo rango
2026-07-08 09:44:27,F1,0.0000,OK
2026-07-08 09:44:37,F1,0.0000,OK
2026-07-08 09:44:48,F1,0.0000,Bajo rango
2026-07-08 09:44:58,F1,0.0000,Bajo rango
2026-07-08 09:45:08,F1,0.0000,OK
2026-07-08 09:45:19,F1,0.0000,OK
2026-07-08 09:45:29,F1,0.0000,OK
2026-07-08 09:45:39,F1,0.0000,OK
2026-07-08 09:45:50,F1,0.0000,OK
2026-07-08 09:46:00,F1,0.0000,OK
2026-07-08 09:46:10,F1,0.0000,OK
2026-07-08 09:46:21,F1,0.0000,OK
2026-07-08 09:46:31,F1,0.0000,OK
2026-07-08 09:46:41,F1,0.0000,OK
2026-07-08 09:46:52,F1,0.0000,Bajo rango
2026-07-08 09:47:02,F1,0.0000,OK
2026-07-08 09:47:12,F1,0.0000,OK
2026-07-08 09:47:23,F1,0.0000,OK
2026-07-08 09:47:33,F1,0.0000,OK
2026-07-08 09:47:43,F1,0.0000,OK
2026-07-08 09:47:54,F1,0.0000,OK
2026-07-08 09:48:04,F1,0.0000,OK
2026-07-08 09:48:14,F1,0.0000,OK
2026-07-08 09:48:25,F1,0.0000,OK
2026-07-08 09:48:35,F1,0.0000,Bajo rango
2026-07-08 09:48:45,F1,0.0000,OK
2026-07-08 09:48:56,F1,0.0000,OK
2026-07-08 09:49:06,F1,0.0000,OK
2026-07-08 09:49:16,F1,0.0000,OK
2026-07-08 09:49:27,F1,0.0000,OK
2026-07-08 09:49:37,F1,0.0000,OK
2026-07-08 09:49:47,F1,0.0000,OK
2026-07-08 09:49:58,F1,0.0000,OK
2026-07-08 09:50:08,F1,0.0000,OK
2026-07-08 09:50:18,F1,0.0000,OK
2026-07-08 09:50:29,F1,0.0000,OK
2026-07-08 09:50:39,F1,0.0000,OK
2026-07-08 09:50:49,F1,0.0000,OK
2026-07-08 09:51:00,F1,0.0000,OK
2026-07-08 09:51:10,F1,0.0000,OK
2026-07-08 09:51:20,F1,0.0000,Bajo rango
2026-07-08 09:51:31,F1,0.0000,OK
2026-07-08 09:51:41,F1,0.0000,OK
2026-07-08 09:51:51,F1,0.0000,OK
2026-07-08 09:52:02,F1,0.0000,OK
2026-07-08 09:52:12,F1,0.0000,OK
2026-07-08 09:52:22,F1,0.0000,OK
2026-07-08 09:52:33,F1,0.0000,OK
2026-07-08 09:52:43,F1,0.0000,OK
2026-07-08 09:52:53,F1,0.0000,OK
2026-07-08 09:53:04,F1,0.0000,OK
2026-07-08 09:53:14,F1,0.0000,OK
2026-07-08 09:53:24,F1,0.0000,OK
2026-07-08 09:53:35,F1,0.0000,OK
2026-07-08 09:53:45,F1,0.0000,OK
2026-07-08 09:53:55,F1,0.0000,OK
2026-07-08 09:54:06,F1,0.0000,OK
2026-07-08 09:54:16,F1,0.0000,OK
2026-07-08 09:54:26,F1,0.0000,OK
2026-07-08 09:54:37,F1,0.0000,OK
2026-07-08 09:54:47,F1,0.0000,OK
2026-07-08 09:54:57,F1,0.0000,OK
2026-07-08 09:55:08,F1,0.0000,OK
2026-07-08 09:55:18,F1,0.0000,OK
2026-07-08 09:55:28,F1,0.0000,OK
2026-07-08 09:55:39,F1,0.0000,OK
2026-07-08 09:55:49,F1,0.0000,OK
2026-07-08 09:55:59,F1,0.0000,OK
2026-07-08 09:56:10,F1,0.0000,OK
2026-07-08 09:56:20,F1,0.0000,OK
2026-07-08 09:56:30,F1,0.0000,OK
2026-07-08 09:56:41,F1,0.0000,OK
2026-07-08 09:56:51,F1,0.0000,OK
2026-07-08 09:57:01,F1,0.0000,OK
2026-07-08 09:57:13,F1,0.0000,OK
2026-07-08 09:57:24,F1,0.0000,OK
2026-07-08 09:57:34,F1,0.0000,OK
2026-07-08 09:57:44,F1,0.0000,OK
2026-07-08 09:57:55,F1,0.0000,OK
2026-07-08 09:58:05,F1,0.0000,OK
2026-07-08 09:58:15,F1,0.0000,OK
2026-07-08 09:58:26,F1,0.0000,OK
2026-07-08 09:58:36,F1,0.0000,OK
2026-07-08 09:58:46,F1,0.0000,OK
2026-07-08 09:58:57,F1,0.0000,OK
2026-07-08 09:59:07,F1,0.0000,OK
2026-07-08 09:59:17,F1,0.0000,OK
2026-07-08 09:59:28,F1,0.0000,OK
2026-07-08 09:59:38,F1,0.0000,OK
2026-07-08 09:59:48,F1,0.0000,OK
2026-07-08 09:59:59,F1,0.0000,OK
2026-07-08 10:00:09,F1,0.0000,OK
2026-07-08 10:00:19,F1,0.0000,OK
2026-07-08 10:00:30,F1,0.0000,OK
2026-07-08 10:00:40,F1,0.0000,OK
2026-07-08 10:00:50,F1,0.0000,OK
2026-07-08 10:01:01,F1,0.0000,OK
2026-07-08 10:01:11,F1,5.8963,OK
2026-07-08 10:01:21,F1,13.3763,OK
2026-07-08 10:01:32,F1,12.9461,OK
2026-07-08 10:01:42,F1,12.8985,OK
2026-07-08 10:01:52,F1,0.1821,OK
2026-07-08 10:02:03,F1,0.0000,OK
2026-07-08 10:02:13,F1,0.0000,OK
2026-07-08 10:02:23,F1,0.0000,OK
2026-07-08 10:02:34,F1,0.0000,OK
2026-07-08 10:02:44,F1,0.0000,OK
2026-07-08 10:02:54,F1,0.0000,OK
2026-07-08 10:03:05,F1,0.0000,OK
2026-07-08 10:03:15,F1,0.0000,OK
2026-07-08 10:03:25,F1,0.0000,OK
2026-07-08 10:03:36,F1,0.0000,OK
2026-07-08 10:03:46,F1,0.0000,OK
2026-07-08 10:03:56,F1,0.0000,OK
2026-07-08 10:04:07,F1,0.0000,OK
2026-07-08 10:04:17,F1,0.0000,OK
2026-07-08 10:04:27,F1,0.0000,OK
2026-07-08 10:04:38,F1,0.0000,OK
2026-07-08 10:04:48,F1,0.0000,OK
2026-07-08 10:04:58,F1,0.0000,OK
2026-07-08 10:05:09,F1,0.0000,OK
2026-07-08 10:05:19,F1,0.0000,OK
2026-07-08 10:05:29,F1,0.0000,OK
2026-07-08 10:05:40,F1,0.0000,OK
2026-07-08 10:05:50,F1,0.0000,OK
2026-07-08 10:06:00,F1,0.0000,OK
2026-07-08 10:06:11,F1,0.0000,OK
2026-07-08 10:06:21,F1,0.0000,OK
2026-07-08 10:06:31,F1,0.0000,OK
2026-07-08 10:06:42,F1,0.0000,OK
2026-07-08 10:06:52,F1,0.0000,OK
2026-07-08 10:07:03,F1,0.0000,OK
2026-07-08 10:07:13,F1,0.0000,OK
2026-07-08 10:07:23,F1,0.0000,OK
2026-07-08 10:07:34,F1,0.0000,OK
2026-07-08 10:07:44,F1,0.0000,OK
2026-07-08 10:07:54,F1,0.0000,OK
2026-07-08 10:08:05,F1,0.0000,OK
2026-07-08 10:08:15,F1,0.0000,OK
2026-07-08 10:08:25,F1,0.0000,OK
2026-07-08 10:08:36,F1,0.0000,OK
2026-07-08 10:08:46,F1,0.0000,OK
2026-07-08 10:08:56,F1,0.0000,OK
2026-07-08 10:09:07,F1,0.0000,OK
2026-07-08 10:09:17,F1,0.0000,OK
2026-07-08 10:09:27,F1,0.0000,OK
2026-07-08 10:09:38,F1,0.0000,OK
2026-07-08 10:09:48,F1,0.0000,OK
2026-07-08 10:09:58,F1,0.0000,OK
2026-07-08 10:10:09,F1,0.0000,OK
2026-07-08 10:10:19,F1,0.0000,OK
2026-07-08 10:10:29,F1,0.0000,OK
2026-07-08 10:10:39,F1,0.0000,OK
2026-07-08 10:10:50,F1,0.0000,OK
2026-07-08 10:11:00,F1,0.0000,OK
2026-07-08 10:11:11,F1,0.0000,OK
2026-07-08 10:11:21,F1,0.0000,OK
2026-07-08 10:11:31,F1,0.0000,OK
2026-07-08 10:11:42,F1,0.0000,OK
2026-07-08 10:11:52,F1,0.0000,OK
2026-07-08 10:12:02,F1,0.0000,OK
2026-07-08 10:12:13,F1,0.0000,OK
2026-07-08 10:12:23,F1,0.0000,OK
2026-07-08 10:12:33,F1,0.0000,OK
2026-07-08 10:12:43,F1,0.0000,OK
2026-07-08 10:12:54,F1,0.0000,OK
2026-07-08 10:13:04,F1,0.0000,OK
2026-07-08 10:13:14,F1,0.0000,OK
2026-07-08 10:13:25,F1,0.0000,OK
2026-07-08 10:13:35,F1,0.0000,OK
2026-07-08 10:13:45,F1,0.0000,OK
2026-07-08 10:13:56,F1,0.0000,OK
2026-07-08 10:14:06,F1,0.0000,OK
2026-07-08 10:14:16,F1,0.0000,OK
2026-07-08 10:14:27,F1,0.0000,OK
2026-07-08 10:14:37,F1,0.0000,OK
2026-07-08 10:14:47,F1,0.0000,OK
2026-07-08 10:14:58,F1,0.0000,OK
2026-07-08 10:15:08,F1,0.0000,OK
2026-07-08 10:15:18,F1,0.0000,OK
2026-07-08 10:15:29,F1,0.0000,OK
2026-07-08 10:15:39,F1,0.0000,OK
2026-07-08 10:15:49,F1,0.0000,OK
2026-07-08 10:16:00,F1,0.0000,OK
2026-07-08 10:16:10,F1,0.0000,OK
2026-07-08 10:16:20,F1,0.0000,OK
2026-07-08 10:16:31,F1,0.0000,OK
2026-07-08 10:16:41,F1,0.0000,OK
2026-07-08 10:16:51,F1,0.0000,OK
2026-07-08 10:17:02,F1,0.0000,OK
2026-07-08 10:17:12,F1,0.0000,Bajo rango
2026-07-08 10:17:22,F1,0.0000,OK
2026-07-08 10:17:33,F1,0.0000,OK
2026-07-08 10:17:43,F1,0.0000,OK
2026-07-08 10:17:53,F1,0.0000,OK
2026-07-08 10:18:04,F1,0.0000,OK
2026-07-08 10:18:14,F1,0.0000,OK
2026-07-08 10:18:24,F1,0.0000,OK
2026-07-08 10:18:35,F1,0.0000,OK
2026-07-08 10:18:45,F1,0.0000,OK
2026-07-08 10:18:55,F1,0.0000,OK
2026-07-08 10:19:06,F1,0.0000,OK
2026-07-08 10:19:16,F1,0.0000,OK
2026-07-08 10:19:26,F1,0.0000,OK
2026-07-08 10:19:37,F1,0.0000,OK
2026-07-08 10:19:47,F1,0.0000,OK
2026-07-08 10:19:57,F1,0.0000,OK
2026-07-08 10:20:08,F1,0.0000,OK
2026-07-08 10:20:18,F1,0.0000,OK
2026-07-08 10:20:28,F1,0.0000,OK
2026-07-08 10:20:39,F1,0.0000,OK
2026-07-08 10:20:49,F1,0.0000,OK
2026-07-08 10:20:59,F1,0.0000,OK
2026-07-08 10:21:10,F1,0.0000,OK
2026-07-08 10:21:20,F1,0.0000,OK
2026-07-08 10:21:30,F1,0.0000,OK
2026-07-08 10:21:41,F1,0.0000,OK
2026-07-08 10:21:51,F1,0.0000,OK
2026-07-08 10:22:01,F1,0.0000,OK
2026-07-08 10:22:12,F1,0.0000,OK
2026-07-08 10:22:22,F1,0.0000,OK
2026-07-08 10:22:32,F1,0.0000,OK
2026-07-08 10:22:43,F1,0.0000,OK
2026-07-08 10:22:53,F1,0.0000,OK
2026-07-08 10:23:03,F1,0.0000,OK
2026-07-08 10:23:14,F1,0.0000,OK
2026-07-08 10:23:24,F1,0.0000,OK
2026-07-08 10:23:34,F1,0.0000,OK
2026-07-08 10:23:45,F1,0.0000,OK
2026-07-08 10:23:55,F1,0.0000,OK
2026-07-08 10:24:06,F1,0.0000,OK
2026-07-08 10:24:16,F1,0.0000,OK
2026-07-08 10:24:26,F1,0.0000,OK
2026-07-08 10:24:37,F1,0.0000,OK
2026-07-08 10:24:47,F1,0.0000,OK
2026-07-08 10:24:57,F1,0.0000,Bajo rango
2026-07-08 10:25:08,F1,0.0000,OK
2026-07-08 10:25:18,F1,0.0000,OK
2026-07-08 10:25:28,F1,0.0000,OK
2026-07-08 10:25:39,F1,0.0000,OK
2026-07-08 10:25:49,F1,0.0000,OK
2026-07-08 10:25:59,F1,0.0000,OK
2026-07-08 10:26:10,F1,0.0000,OK
2026-07-08 10:26:20,F1,0.0000,OK
2026-07-08 10:26:30,F1,0.0000,OK
2026-07-08 10:26:41,F1,0.0000,OK
2026-07-08 10:26:51,F1,0.0000,OK
2026-07-08 10:27:01,F1,0.0000,OK
2026-07-08 10:27:12,F1,0.0000,OK
2026-07-08 10:27:22,F1,0.0000,OK
2026-07-08 10:27:32,F1,0.0000,OK
2026-07-08 10:27:43,F1,0.0000,OK
2026-07-08 10:27:53,F1,0.0000,OK
2026-07-08 10:28:03,F1,0.0000,OK
2026-07-08 10:28:14,F1,0.0000,OK
2026-07-08 10:28:24,F1,0.0000,OK
2026-07-08 10:28:34,F1,0.0000,OK
2026-07-08 10:28:45,F1,0.0000,OK
2026-07-08 10:28:55,F1,0.0000,OK
2026-07-08 10:29:05,F1,0.0000,OK
2026-07-08 10:29:16,F1,0.0000,OK
2026-07-08 10:29:26,F1,0.0000,OK
2026-07-08 10:29:36,F1,0.0000,OK
2026-07-08 10:29:47,F1,0.0000,OK
2026-07-08 10:29:57,F1,0.0000,OK
2026-07-08 10:30:07,F1,0.0000,Bajo rango
2026-07-08 10:30:18,F1,0.0000,Bajo rango
2026-07-08 10:30:28,F1,0.0000,OK
2026-07-08 10:30:38,F1,0.0000,Bajo rango
2026-07-08 10:30:49,F1,0.0000,OK
2026-07-08 10:30:59,F1,0.0000,OK
2026-07-08 10:31:09,F1,0.0000,OK
2026-07-08 10:31:20,F1,0.0000,OK
2026-07-08 10:31:30,F1,0.0000,OK
2026-07-08 10:31:40,F1,0.0000,OK
2026-07-08 10:31:51,F1,0.0000,Bajo rango
2026-07-08 10:32:01,F1,0.0000,OK
2026-07-08 10:32:11,F1,0.0000,OK
2026-07-08 10:32:22,F1,0.0000,Bajo rango
2026-07-08 10:32:32,F1,0.0000,OK
2026-07-08 10:32:42,F1,0.0000,OK
2026-07-08 10:32:53,F1,0.0000,OK
2026-07-08 10:33:03,F1,0.0000,Bajo rango
2026-07-08 10:33:13,F1,0.0000,OK
2026-07-08 10:33:24,F1,0.0000,OK
2026-07-08 10:33:34,F1,0.0000,OK
2026-07-08 10:33:44,F1,0.0000,Bajo rango
2026-07-08 10:33:55,F1,0.0000,Bajo rango
2026-07-08 10:34:05,F1,0.0000,OK
2026-07-08 10:34:15,F1,0.0000,OK
2026-07-08 10:34:26,F1,0.0000,OK
2026-07-08 10:34:36,F1,0.0000,OK
2026-07-08 10:34:46,F1,0.0000,OK
2026-07-08 10:34:57,F1,0.0000,OK
2026-07-08 10:35:07,F1,0.0000,OK
2026-07-08 10:35:17,F1,0.0000,OK
2026-07-08 10:35:28,F1,0.0000,OK
2026-07-08 10:35:38,F1,0.0000,OK
2026-07-08 10:35:48,F1,0.0000,OK
2026-07-08 10:35:59,F1,0.0000,OK
2026-07-08 10:36:09,F1,0.0000,OK
2026-07-08 10:36:19,F1,0.0000,OK
2026-07-08 10:36:30,F1,0.0000,OK
2026-07-08 10:36:40,F1,0.0000,OK
2026-07-08 10:36:50,F1,0.0000,Bajo rango
2026-07-08 10:37:01,F1,0.0000,OK
2026-07-08 10:37:11,F1,0.0000,OK
2026-07-08 10:37:21,F1,0.0000,OK
2026-07-08 10:37:32,F1,0.0000,OK
2026-07-08 10:37:42,F1,0.0000,OK
2026-07-08 10:37:52,F1,0.0000,OK
2026-07-08 10:38:03,F1,0.0000,OK
2026-07-08 10:38:13,F1,0.0000,OK
2026-07-08 10:38:23,F1,0.0000,OK
2026-07-08 10:38:34,F1,0.0000,OK
2026-07-08 10:38:44,F1,0.0000,OK
2026-07-08 10:38:54,F1,0.0000,OK
2026-07-08 10:39:05,F1,0.0000,OK
2026-07-08 10:39:15,F1,0.0000,OK
2026-07-08 10:39:25,F1,0.0000,OK
2026-07-08 10:39:36,F1,0.0000,OK
2026-07-08 10:39:46,F1,0.0000,OK
2026-07-08 10:39:56,F1,0.0000,OK
2026-07-08 10:40:07,F1,0.0000,OK
2026-07-08 10:40:17,F1,0.0000,OK
2026-07-08 10:40:27,F1,0.0000,Bajo rango
2026-07-08 10:40:38,F1,0.0000,OK
2026-07-08 10:40:48,F1,0.0000,OK
2026-07-08 10:40:58,F1,0.0000,OK
2026-07-08 10:41:09,F1,0.0000,OK
2026-07-08 10:41:19,F1,0.0000,OK
2026-07-08 10:41:29,F1,0.0000,OK
2026-07-08 10:41:40,F1,0.0000,OK
2026-07-08 10:41:50,F1,0.0000,OK
2026-07-08 10:42:00,F1,0.0000,OK
2026-07-08 10:42:11,F1,0.0000,Bajo rango
2026-07-08 10:42:21,F1,0.0000,OK
2026-07-08 10:42:31,F1,0.0000,OK
2026-07-08 10:42:42,F1,0.0000,OK
2026-07-08 10:42:52,F1,0.0000,OK
2026-07-08 10:43:02,F1,0.0000,OK
2026-07-08 10:43:13,F1,0.0000,OK
2026-07-08 10:43:23,F1,0.0000,OK
2026-07-08 10:43:33,F1,0.0000,OK
2026-07-08 10:43:44,F1,0.0000,OK
2026-07-08 10:43:54,F1,0.0000,OK
2026-07-08 10:44:05,F1,0.0000,Bajo rango
2026-07-08 10:44:15,F1,0.0000,OK
2026-07-08 10:44:25,F1,0.0000,OK
2026-07-08 10:44:35,F1,0.0000,Bajo rango
2026-07-08 10:44:46,F1,0.0000,OK
2026-07-08 10:44:56,F1,0.0000,Bajo rango
2026-07-08 10:45:06,F1,0.0000,Bajo rango
2026-07-08 10:45:17,F1,0.0000,OK
2026-07-08 10:45:27,F1,0.0000,OK
2026-07-08 10:45:37,F1,0.0000,OK
2026-07-08 10:45:48,F1,0.0000,OK
2026-07-08 10:45:58,F1,0.0000,OK
2026-07-08 10:46:08,F1,0.0000,OK
2026-07-08 10:46:19,F1,0.0000,OK
2026-07-08 10:46:29,F1,0.0000,OK
2026-07-08 10:46:39,F1,0.0000,OK
2026-07-08 10:46:50,F1,0.0000,OK
2026-07-08 10:47:00,F1,0.0000,OK
2026-07-08 10:47:10,F1,0.0000,Bajo rango
2026-07-08 10:47:21,F1,0.0000,OK
2026-07-08 10:47:31,F1,0.0000,OK
2026-07-08 10:47:41,F1,0.0000,OK
2026-07-08 10:47:52,F1,0.0000,OK
2026-07-08 10:48:02,F1,0.0000,OK
2026-07-08 10:48:12,F1,0.0000,OK
2026-07-08 10:48:23,F1,0.0000,Bajo rango
2026-07-08 10:48:33,F1,0.0000,OK
2026-07-08 10:48:43,F1,0.0000,Bajo rango
2026-07-08 10:48:54,F1,0.0000,OK
2026-07-08 10:49:04,F1,0.0000,OK
2026-07-08 10:49:14,F1,0.0000,Bajo rango
2026-07-08 10:49:25,F1,0.0000,OK
2026-07-08 10:49:35,F1,0.0000,OK
2026-07-08 10:49:45,F1,0.0000,OK
2026-07-08 10:49:56,F1,0.0000,OK
2026-07-08 10:50:06,F1,0.0000,OK
2026-07-08 10:50:16,F1,0.0000,OK
2026-07-08 10:50:27,F1,0.0000,OK
2026-07-08 10:50:37,F1,0.0000,Bajo rango
2026-07-08 10:50:47,F1,0.0000,OK
2026-07-08 10:50:58,F1,0.0000,OK
2026-07-08 10:51:08,F1,0.0000,OK
2026-07-08 10:51:18,F1,0.0000,Bajo rango
2026-07-08 10:51:29,F1,0.0000,OK
2026-07-08 10:51:39,F1,0.0000,OK
2026-07-08 10:51:49,F1,0.0000,OK
2026-07-08 10:52:00,F1,0.0000,OK
2026-07-08 10:52:10,F1,0.0000,OK
2026-07-08 10:52:20,F1,0.0000,OK
2026-07-08 10:52:31,F1,0.0000,OK
2026-07-08 10:52:41,F1,0.0000,OK
2026-07-08 10:52:51,F1,0.0000,OK
2026-07-08 10:53:02,F1,0.0000,OK
2026-07-08 10:53:12,F1,0.0000,OK
2026-07-08 10:53:22,F1,0.0000,OK
2026-07-08 10:53:33,F1,0.0000,Bajo rango
2026-07-08 10:53:43,F1,0.0000,OK
2026-07-08 10:53:53,F1,0.0000,OK
2026-07-08 10:54:04,F1,0.0000,OK
2026-07-08 10:54:14,F1,0.0000,OK
2026-07-08 10:54:24,F1,0.0000,OK
2026-07-08 10:54:35,F1,0.0000,OK
2026-07-08 10:54:45,F1,0.0000,OK
2026-07-08 10:54:55,F1,0.0000,OK
2026-07-08 10:55:06,F1,0.0000,Bajo rango
2026-07-08 10:55:16,F1,0.0000,OK
2026-07-08 10:55:26,F1,0.0000,OK
2026-07-08 10:55:37,F1,0.0000,Bajo rango
2026-07-08 10:55:47,F1,0.0000,Bajo rango
2026-07-08 10:55:57,F1,0.0000,OK
2026-07-08 10:56:08,F1,0.0000,OK
2026-07-08 10:56:18,F1,0.0000,OK
2026-07-08 10:56:29,F1,0.0000,OK
2026-07-08 10:56:39,F1,0.0000,OK
2026-07-08 10:56:49,F1,0.0000,Bajo rango
2026-07-08 10:57:00,F1,0.0000,OK
2026-07-08 10:57:10,F1,0.0000,OK
2026-07-08 10:57:20,F1,0.0000,OK
2026-07-08 10:57:31,F1,0.0000,OK
2026-07-08 10:57:41,F1,0.0000,OK
2026-07-08 10:57:51,F1,0.0000,OK
2026-07-08 10:58:02,F1,0.0000,OK
2026-07-08 10:58:12,F1,0.0000,OK
2026-07-08 10:58:22,F1,0.0000,OK
2026-07-08 10:58:33,F1,0.0000,OK
2026-07-08 10:58:43,F1,0.0000,Bajo rango
2026-07-08 10:58:53,F1,0.0000,OK
2026-07-08 10:59:04,F1,0.0000,OK
2026-07-08 10:59:14,F1,0.0000,OK
2026-07-08 10:59:24,F1,0.0000,OK
2026-07-08 10:59:35,F1,0.0000,OK
2026-07-08 10:59:45,F1,0.0000,OK
2026-07-08 10:59:55,F1,0.0000,OK
2026-07-08 11:00:06,F1,0.0000,OK
2026-07-08 11:00:16,F1,0.0000,OK
2026-07-08 11:00:27,F1,0.0000,OK
2026-07-08 11:00:37,F1,0.0000,OK
2026-07-08 11:00:47,F1,0.0000,Bajo rango
2026-07-08 11:00:58,F1,0.0000,OK
2026-07-08 11:01:08,F1,0.0000,Bajo rango
2026-07-08 11:01:18,F1,0.0000,Bajo rango
2026-07-08 11:01:29,F1,0.0000,OK
2026-07-08 11:01:39,F1,0.0000,OK
2026-07-08 11:01:49,F1,0.0000,OK
2026-07-08 11:02:00,F1,0.0000,OK
2026-07-08 11:02:10,F1,0.0000,OK
2026-07-08 11:02:20,F1,0.0000,OK
2026-07-08 11:02:31,F1,0.0000,OK
2026-07-08 11:02:41,F1,0.0000,Bajo rango
2026-07-08 11:02:51,F1,0.0000,OK
2026-07-08 11:03:02,F1,0.0000,OK
2026-07-08 11:03:12,F1,0.0000,OK
2026-07-08 11:03:22,F1,0.0000,Bajo rango
2026-07-08 11:03:32,F1,0.0000,OK
2026-07-08 11:03:43,F1,0.0000,OK
2026-07-08 11:03:53,F1,0.0000,OK
2026-07-08 11:04:03,F1,0.0000,OK
2026-07-08 11:04:14,F1,0.0000,OK
2026-07-08 11:04:24,F1,0.0000,OK
2026-07-08 11:04:34,F1,0.0000,OK
2026-07-08 11:04:45,F1,0.0000,Bajo rango
2026-07-08 11:04:55,F1,0.0000,OK
2026-07-08 11:05:05,F1,0.0000,Bajo rango
2026-07-08 11:05:16,F1,0.0000,Bajo rango
2026-07-08 11:05:26,F1,0.0000,OK
2026-07-08 11:05:36,F1,0.0000,OK
2026-07-08 11:05:47,F1,0.0000,OK
2026-07-08 11:05:57,F1,0.0000,Bajo rango
2026-07-08 11:06:07,F1,0.0000,Bajo rango
2026-07-08 11:06:18,F1,0.0000,Bajo rango
2026-07-08 11:06:28,F1,0.0000,OK
2026-07-08 11:06:38,F1,0.0000,OK
2026-07-08 11:06:49,F1,0.0000,Bajo rango
2026-07-08 11:06:59,F1,0.0000,OK
2026-07-08 11:07:09,F1,0.0000,Bajo rango
2026-07-08 11:07:20,F1,0.0000,OK
2026-07-08 11:07:30,F1,0.0000,OK
2026-07-08 11:07:40,F1,0.0000,OK
2026-07-08 11:07:51,F1,0.0000,OK
2026-07-08 11:08:01,F1,0.0000,OK
2026-07-08 11:08:11,F1,0.0000,OK
2026-07-08 11:08:22,F1,0.0000,OK
2026-07-08 11:08:32,F1,0.0000,OK
2026-07-08 11:08:42,F1,0.0000,OK
2026-07-08 11:08:53,F1,0.0000,OK
2026-07-08 11:09:03,F1,0.0000,OK
2026-07-08 11:09:13,F1,0.0000,OK
2026-07-08 11:09:24,F1,0.0000,OK
2026-07-08 11:09:34,F1,0.0000,OK
2026-07-08 11:09:44,F1,0.0000,OK
2026-07-08 11:09:55,F1,0.0000,OK
2026-07-08 11:10:05,F1,0.0000,OK
2026-07-08 11:10:16,F1,0.0000,OK
2026-07-08 11:10:26,F1,0.0000,OK
2026-07-08 11:10:36,F1,0.0000,OK
2026-07-08 11:10:47,F1,0.0000,OK
2026-07-08 11:10:57,F1,0.0000,OK
2026-07-08 11:11:07,F1,0.0000,OK
2026-07-08 11:11:18,F1,0.0000,OK
2026-07-08 11:11:28,F1,0.0000,OK
2026-07-08 11:11:38,F1,0.0000,OK
2026-07-08 11:11:49,F1,0.0000,OK
2026-07-08 11:11:59,F1,0.0000,OK
2026-07-08 11:12:09,F1,0.0000,Bajo rango
2026-07-08 11:12:20,F1,0.0000,OK
2026-07-08 11:12:30,F1,0.0000,OK
2026-07-08 11:12:40,F1,0.0000,OK
2026-07-08 11:12:51,F1,0.0000,OK
2026-07-08 11:13:01,F1,0.0000,OK
2026-07-08 11:13:11,F1,0.0000,Bajo rango
2026-07-08 11:13:22,F1,0.0000,OK
2026-07-08 11:13:32,F1,0.0000,OK
2026-07-08 11:13:42,F1,0.0000,OK
2026-07-08 11:13:53,F1,0.0000,OK
2026-07-08 11:14:03,F1,0.0000,OK
2026-07-08 11:14:13,F1,0.0000,Bajo rango
2026-07-08 11:14:24,F1,0.0000,OK
2026-07-08 11:14:34,F1,0.0000,OK
2026-07-08 11:14:44,F1,0.0000,Bajo rango
2026-07-08 11:14:55,F1,0.0000,OK
2026-07-08 11:15:05,F1,0.0000,Bajo rango
2026-07-08 11:15:15,F1,0.0000,OK
2026-07-08 11:15:26,F1,0.0000,Bajo rango
2026-07-08 11:15:36,F1,0.0000,OK
2026-07-08 11:15:46,F1,0.0000,OK
2026-07-08 11:15:57,F1,0.0000,OK
2026-07-08 11:16:07,F1,0.0000,Bajo rango
2026-07-08 11:16:17,F1,0.0000,Bajo rango
2026-07-08 11:16:28,F1,0.0000,OK
2026-07-08 11:16:38,F1,0.0000,OK
2026-07-08 11:16:48,F1,0.0000,OK
2026-07-08 11:16:59,F1,0.0000,OK
2026-07-08 11:17:09,F1,0.0000,Bajo rango
2026-07-08 11:17:19,F1,0.0000,OK
2026-07-08 11:17:30,F1,0.0000,OK
2026-07-08 11:17:40,F1,0.0000,OK
2026-07-08 11:17:50,F1,0.0000,Bajo rango
2026-07-08 11:18:01,F1,0.0000,OK
2026-07-08 11:18:11,F1,0.0000,OK
2026-07-08 11:18:21,F1,0.0000,OK
2026-07-08 11:18:32,F1,0.0000,OK
2026-07-08 11:18:42,F1,0.0000,Bajo rango
2026-07-08 11:18:52,F1,0.0000,OK
2026-07-08 11:19:03,F1,0.0000,Bajo rango
2026-07-08 11:19:13,F1,0.0000,OK
2026-07-08 11:19:23,F1,0.0000,Bajo rango
2026-07-08 11:19:34,F1,0.0000,OK
2026-07-08 11:19:44,F1,0.0000,OK
2026-07-08 11:19:54,F1,0.0000,OK
2026-07-08 11:20:05,F1,0.0000,OK
2026-07-08 11:20:15,F1,0.0000,OK
2026-07-08 11:20:25,F1,0.0000,OK
2026-07-08 11:20:36,F1,0.0000,OK
2026-07-08 11:20:46,F1,0.0000,OK
2026-07-08 11:20:56,F1,0.0000,OK
2026-07-08 11:21:07,F1,0.0000,OK
2026-07-08 11:21:17,F1,0.0000,OK
2026-07-08 11:21:27,F1,0.0000,OK
2026-07-08 11:21:38,F1,0.0000,OK
2026-07-08 11:21:48,F1,0.0000,OK
2026-07-08 11:21:58,F1,0.0000,OK
2026-07-08 11:22:09,F1,0.0000,OK
2026-07-08 11:22:19,F1,0.0000,OK
2026-07-08 11:22:30,F1,0.0000,OK
2026-07-08 11:22:40,F1,0.0000,OK
2026-07-08 11:22:50,F1,0.0000,OK
2026-07-08 11:23:01,F1,0.0000,OK
2026-07-08 11:23:11,F1,0.0000,OK
2026-07-08 11:23:21,F1,0.0000,OK
2026-07-08 11:23:32,F1,0.0000,OK
2026-07-08 11:23:42,F1,0.0000,OK
2026-07-08 11:23:52,F1,0.0000,OK
2026-07-08 11:24:03,F1,0.0000,OK
2026-07-08 11:24:13,F1,0.0000,OK
2026-07-08 11:24:23,F1,0.0000,OK
2026-07-08 11:24:34,F1,0.0000,OK
2026-07-08 11:24:44,F1,0.0000,OK
2026-07-08 11:24:54,F1,0.0000,OK
2026-07-08 11:25:05,F1,0.0000,OK
2026-07-08 11:25:15,F1,0.0000,OK
2026-07-08 11:25:25,F1,0.0000,OK
2026-07-08 11:25:36,F1,0.0000,OK
2026-07-08 11:25:46,F1,0.0000,OK
2026-07-08 11:25:56,F1,0.0000,OK
2026-07-08 11:26:07,F1,0.0000,OK
2026-07-08 11:26:17,F1,0.0000,OK
2026-07-08 11:26:27,F1,0.0000,OK
2026-07-08 11:26:38,F1,0.0000,OK
2026-07-08 11:26:48,F1,0.0000,OK
2026-07-08 11:26:58,F1,0.0000,OK
2026-07-08 11:27:09,F1,0.0000,OK
2026-07-08 11:27:19,F1,0.0000,OK
2026-07-08 11:27:29,F1,0.0000,Bajo rango
2026-07-08 11:27:40,F1,0.0000,Bajo rango
2026-07-08 11:27:50,F1,0.0000,Bajo rango
2026-07-08 11:28:00,F1,0.0000,OK
2026-07-08 11:28:11,F1,0.0000,Bajo rango
2026-07-08 11:28:21,F1,0.0000,OK
2026-07-08 11:28:31,F1,0.0000,OK
2026-07-08 11:28:42,F1,0.0000,OK
2026-07-08 11:28:52,F1,0.0000,OK
2026-07-08 11:29:02,F1,0.0000,OK
2026-07-08 11:29:13,F1,0.0000,OK
2026-07-08 11:29:23,F1,0.0000,OK
2026-07-08 11:29:33,F1,0.0000,OK
2026-07-08 11:29:44,F1,0.0000,OK
2026-07-08 11:29:54,F1,0.0000,OK
2026-07-08 11:30:04,F1,0.0000,OK
2026-07-08 11:30:15,F1,0.0000,OK
2026-07-08 11:30:25,F1,0.0000,OK
2026-07-08 11:30:35,F1,0.0000,OK
2026-07-08 11:30:46,F1,0.0000,OK
2026-07-08 11:30:56,F1,0.0000,OK
2026-07-08 11:31:06,F1,0.0000,OK
2026-07-08 11:31:17,F1,0.0000,OK
2026-07-08 11:31:27,F1,6.6380,OK
2026-07-08 11:31:37,F1,6.8914,OK
2026-07-08 11:31:48,F1,6.7304,OK
2026-07-08 11:31:58,F1,6.7779,OK
2026-07-08 11:32:08,F1,6.4295,OK
2026-07-08 11:32:19,F1,6.3345,OK
2026-07-08 11:32:29,F1,6.5746,OK
2026-07-08 11:32:40,F1,6.3107,OK
2026-07-08 11:32:50,F1,6.5298,OK
2026-07-08 11:33:00,F1,6.5192,OK
2026-07-08 11:33:10,F1,6.5456,OK
2026-07-08 11:33:21,F1,6.6908,OK
2026-07-08 11:33:31,F1,6.5694,OK
2026-07-08 11:33:41,F1,6.6934,OK
2026-07-08 11:33:52,F1,6.7911,OK
2026-07-08 11:34:02,F1,6.6063,OK
2026-07-08 11:34:13,F1,6.4955,OK
2026-07-08 11:34:23,F1,6.5113,OK
2026-07-08 11:34:33,F1,6.6855,OK
2026-07-08 11:34:44,F1,6.7409,OK
2026-07-08 11:34:54,F1,6.4057,OK
2026-07-08 11:35:04,F1,6.5694,OK
2026-07-08 11:35:15,F1,6.5403,OK
2026-07-08 11:35:25,F1,6.6380,OK
2026-07-08 11:35:35,F1,6.6142,OK
2026-07-08 11:35:46,F1,6.3952,OK
2026-07-08 11:35:56,F1,6.7013,OK
2026-07-08 11:36:06,F1,6.5351,OK
2026-07-08 11:36:17,F1,6.6565,OK
2026-07-08 11:36:27,F1,6.7541,OK
2026-07-08 11:36:37,F1,6.3767,OK
2026-07-08 11:36:48,F1,6.4955,OK
2026-07-08 11:36:58,F1,6.1603,OK
2026-07-08 11:37:08,F1,6.2262,OK
2026-07-08 11:37:19,F1,6.2500,OK
2026-07-08 11:37:29,F1,5.9649,OK
2026-07-08 11:37:39,F1,5.9386,OK
2026-07-08 11:37:50,F1,5.9280,OK
2026-07-08 11:38:00,F1,6.1550,OK
2026-07-08 11:38:10,F1,6.0864,OK
2026-07-08 11:38:21,F1,6.1207,OK
2026-07-08 11:38:31,F1,6.1444,OK
2026-07-08 11:38:41,F1,6.2394,OK
2026-07-08 11:38:52,F1,5.9702,OK
2026-07-08 11:39:02,F1,6.1523,OK
2026-07-08 11:39:12,F1,6.0441,OK
2026-07-08 11:39:23,F1,6.0441,OK
2026-07-08 11:39:33,F1,6.1180,OK
2026-07-08 11:39:43,F1,6.1075,OK
2026-07-08 11:39:54,F1,6.0573,OK
2026-07-08 11:40:04,F1,6.1391,OK
2026-07-08 11:40:14,F1,6.2025,OK
2026-07-08 11:40:25,F1,6.1471,OK
2026-07-08 11:40:35,F1,6.0362,OK
2026-07-08 11:40:46,F1,6.0837,OK
2026-07-08 11:40:56,F1,5.9702,OK
2026-07-08 11:41:06,F1,5.8990,OK
2026-07-08 11:41:17,F1,5.9016,OK
2026-07-08 11:41:27,F1,5.8910,OK
2026-07-08 11:41:37,F1,5.8462,OK
2026-07-08 11:41:47,F1,5.7644,OK
2026-07-08 11:41:58,F1,5.7617,OK
2026-07-08 11:42:08,F1,5.7459,OK
2026-07-08 11:42:19,F1,5.5374,OK
2026-07-08 11:42:29,F1,5.5347,OK
2026-07-08 11:42:39,F1,5.4740,OK
2026-07-08 11:42:50,F1,5.2787,OK
2026-07-08 11:43:00,F1,5.6825,OK
2026-07-08 11:43:10,F1,5.4001,OK
2026-07-08 11:43:21,F1,5.2972,OK
2026-07-08 11:43:31,F1,5.2682,OK
2026-07-08 11:43:41,F1,5.2655,OK
2026-07-08 11:43:52,F1,5.1283,OK
2026-07-08 11:44:02,F1,5.2127,OK
2026-07-08 11:44:12,F1,5.3157,OK
2026-07-08 11:44:23,F1,5.2418,OK
2026-07-08 11:44:33,F1,5.3368,OK
2026-07-08 11:44:43,F1,5.3104,OK
2026-07-08 11:44:54,F1,5.2391,OK
2026-07-08 11:45:04,F1,5.1811,OK
2026-07-08 11:45:14,F1,5.2972,OK
2026-07-08 11:45:25,F1,5.3843,OK
2026-07-08 11:45:35,F1,5.3605,OK
2026-07-08 11:45:45,F1,5.2550,OK
2026-07-08 11:45:56,F1,5.2365,OK
2026-07-08 11:46:06,F1,5.1811,OK
2026-07-08 11:46:16,F1,5.1520,OK
2026-07-08 11:46:27,F1,5.1019,OK
2026-07-08 11:46:37,F1,5.1811,OK
2026-07-08 11:46:47,F1,5.2814,OK
2026-07-08 11:46:58,F1,5.1626,OK
2026-07-08 11:47:08,F1,5.1599,OK
2026-07-08 11:47:18,F1,5.0016,OK
2026-07-08 11:47:29,F1,4.9963,OK
2026-07-08 11:47:39,F1,4.9910,OK
2026-07-08 11:47:49,F1,4.7614,OK
2026-07-08 11:48:00,F1,4.8591,OK
2026-07-08 11:48:10,F1,4.8881,OK
2026-07-08 11:48:20,F1,4.8432,OK
2026-07-08 11:48:31,F1,4.7957,OK
2026-07-08 11:48:41,F1,4.8564,OK
2026-07-08 11:48:51,F1,4.9356,OK
2026-07-08 11:49:02,F1,4.7060,OK
2026-07-08 11:49:12,F1,4.7852,OK
2026-07-08 11:49:22,F1,4.7878,OK
2026-07-08 11:49:33,F1,4.8723,OK
2026-07-08 11:49:43,F1,4.7561,OK
2026-07-08 11:49:53,F1,4.8274,OK
2026-07-08 11:50:04,F1,4.9989,OK
2026-07-08 11:50:14,F1,4.8406,OK
2026-07-08 11:50:24,F1,5.1652,OK
2026-07-08 11:50:34,F1,4.8379,OK
2026-07-08 11:50:45,F1,5.1177,OK
2026-07-08 11:50:55,F1,5.4608,OK
2026-07-08 11:51:05,F1,5.1467,OK
2026-07-08 11:51:16,F1,4.9435,OK
2026-07-08 11:51:26,F1,4.9330,OK
2026-07-08 11:51:37,F1,4.8696,OK
2026-07-08 11:51:47,F1,4.8221,OK
2026-07-08 11:51:57,F1,4.9330,OK
2026-07-08 11:52:08,F1,4.8221,OK
2026-07-08 11:52:18,F1,4.6875,OK
2026-07-08 11:52:28,F1,4.7931,OK
2026-07-08 11:52:39,F1,4.6110,OK
2026-07-08 11:52:49,F1,4.6928,OK
2026-07-08 11:52:59,F1,4.6585,OK
2026-07-08 11:53:10,F1,4.5503,OK
2026-07-08 11:53:20,F1,4.4526,OK
2026-07-08 11:53:30,F1,4.4711,OK
2026-07-08 11:53:41,F1,4.4737,OK
2026-07-08 11:53:51,F1,4.3893,OK
2026-07-08 11:54:01,F1,4.2573,OK
2026-07-08 11:54:12,F1,4.3285,OK
2026-07-08 11:54:22,F1,4.4764,OK
2026-07-08 11:54:32,F1,4.3101,OK
2026-07-08 11:54:43,F1,4.3866,OK
2026-07-08 11:54:53,F1,4.2995,OK
2026-07-08 11:55:03,F1,4.1702,OK
2026-07-08 11:55:14,F1,4.1596,OK
2026-07-08 11:55:24,F1,0.0000,OK
2026-07-08 11:55:34,F1,0.0000,OK
2026-07-08 11:55:45,F1,0.0000,OK
2026-07-08 11:55:55,F1,0.0000,OK
2026-07-08 11:56:05,F1,1.3936,OK
2026-07-08 11:56:16,F1,4.5159,OK
2026-07-08 11:56:26,F1,4.3285,OK
2026-07-08 11:56:36,F1,4.5054,OK
2026-07-08 11:56:47,F1,4.1359,OK
2026-07-08 11:56:57,F1,4.0039,OK
2026-07-08 11:57:07,F1,3.9564,OK
2026-07-08 11:57:18,F1,3.9802,OK
2026-07-08 11:57:28,F1,3.9326,OK
2026-07-08 11:57:38,F1,3.8851,OK
2026-07-08 11:57:49,F1,4.2098,OK
2026-07-08 11:57:59,F1,3.9458,OK
2026-07-08 11:58:09,F1,3.8772,OK
2026-07-08 11:58:20,F1,3.7452,OK
2026-07-08 11:58:30,F1,3.7505,OK
2026-07-08 11:58:40,F1,3.6740,OK
2026-07-08 11:58:51,F1,3.9036,OK
2026-07-08 11:59:01,F1,3.5842,OK
2026-07-08 11:59:11,F1,3.6845,OK
2026-07-08 11:59:22,F1,3.6476,OK
2026-07-08 11:59:32,F1,3.6925,OK
2026-07-08 11:59:42,F1,3.8007,OK
2026-07-08 11:59:53,F1,3.6502,OK
2026-07-08 12:00:03,F1,3.7321,OK
2026-07-08 12:00:13,F1,3.9485,OK
2026-07-08 12:00:24,F1,3.7452,OK
2026-07-08 12:00:34,F1,3.8218,OK
2026-07-08 12:00:44,F1,3.7743,OK
2026-07-08 12:00:55,F1,3.8482,OK
2026-07-08 12:01:05,F1,3.9538,OK
2026-07-08 12:01:16,F1,3.8482,OK
2026-07-08 12:01:26,F1,3.7532,OK
2026-07-08 12:01:36,F1,3.8931,OK
2026-07-08 12:01:47,F1,3.6845,OK
2026-07-08 12:01:57,F1,3.7268,OK
2026-07-08 12:02:07,F1,3.7479,OK
2026-07-08 12:02:18,F1,3.8799,OK
2026-07-08 12:02:28,F1,3.8904,OK
2026-07-08 12:02:38,F1,3.8931,OK
2026-07-08 12:02:49,F1,3.8614,OK
2026-07-08 12:02:59,F1,3.8561,OK
2026-07-08 12:03:09,F1,3.9828,OK
2026-07-08 12:03:20,F1,3.9828,OK
2026-07-08 12:03:30,F1,3.5262,OK
2026-07-08 12:03:40,F1,3.7004,OK
2026-07-08 12:03:51,F1,3.6106,OK
2026-07-08 12:04:01,F1,3.6054,OK
2026-07-08 12:04:11,F1,3.6080,OK
2026-07-08 12:04:22,F1,3.6529,OK
2026-07-08 12:04:32,F1,3.4681,OK
2026-07-08 12:04:42,F1,3.5974,OK
2026-07-08 12:04:53,F1,3.6159,OK
2026-07-08 12:05:03,F1,3.6186,OK
2026-07-08 12:05:13,F1,3.9564,OK
2026-07-08 12:05:24,F1,3.5631,OK
2026-07-08 12:05:34,F1,3.7505,OK
2026-07-08 12:05:44,F1,3.5605,OK
2026-07-08 12:05:55,F1,3.6001,OK
2026-07-08 12:06:05,F1,3.4840,OK
2026-07-08 12:06:15,F1,3.4232,OK
2026-07-08 12:06:26,F1,3.4628,OK
2026-07-08 12:06:36,F1,3.3995,OK
2026-07-08 12:06:46,F1,3.3916,OK
2026-07-08 12:06:57,F1,3.5315,OK
2026-07-08 12:07:07,F1,3.4549,OK
2026-07-08 12:07:17,F1,3.5156,OK
2026-07-08 12:07:28,F1,3.6529,OK
2026-07-08 12:07:38,F1,3.5367,OK
2026-07-08 12:07:48,F1,3.3837,OK
2026-07-08 12:07:59,F1,3.5315,OK
2026-07-08 12:08:09,F1,3.3863,OK
2026-07-08 12:08:19,F1,3.0907,OK
2026-07-08 12:08:30,F1,3.3467,OK
2026-07-08 12:08:40,F1,3.2596,OK
2026-07-08 12:08:50,F1,3.2464,OK
2026-07-08 12:09:01,F1,3.1725,OK
2026-07-08 12:09:11,F1,2.9904,OK
2026-07-08 12:09:21,F1,3.2015,OK
2026-07-08 12:09:32,F1,3.3467,OK
2026-07-08 12:09:42,F1,3.2939,OK
2026-07-08 12:09:52,F1,3.3177,OK
2026-07-08 12:10:03,F1,3.3625,OK
2026-07-08 12:10:13,F1,3.1751,OK
2026-07-08 12:10:23,F1,3.4206,OK
2026-07-08 12:10:34,F1,3.5341,OK
2026-07-08 12:10:44,F1,3.2596,OK
2026-07-08 12:10:54,F1,3.3731,OK
2026-07-08 12:11:05,F1,3.4840,OK
2026-07-08 12:11:15,F1,3.3995,OK
2026-07-08 12:11:25,F1,3.3098,OK
2026-07-08 12:11:36,F1,3.4417,OK
2026-07-08 12:11:46,F1,3.4840,OK
2026-07-08 12:11:56,F1,3.4021,OK
2026-07-08 12:12:07,F1,3.3678,OK
2026-07-08 12:12:17,F1,3.2649,OK
2026-07-08 12:12:27,F1,3.4259,OK
2026-07-08 12:12:38,F1,3.3810,OK
2026-07-08 12:12:48,F1,3.2306,OK
2026-07-08 12:12:58,F1,3.1276,OK
2026-07-08 12:13:09,F1,3.1356,OK
2026-07-08 12:13:19,F1,3.1672,OK
2026-07-08 12:13:29,F1,3.1593,OK
2026-07-08 12:13:40,F1,3.0010,OK
2026-07-08 12:13:50,F1,3.0062,OK
2026-07-08 12:14:00,F1,2.9059,OK
2026-07-08 12:14:11,F1,2.8109,OK
2026-07-08 12:14:21,F1,2.7634,OK
2026-07-08 12:14:31,F1,2.9402,OK
2026-07-08 12:14:42,F1,2.9930,OK
2026-07-08 12:14:52,F1,3.0221,OK
2026-07-08 12:15:02,F1,3.1197,OK
2026-07-08 12:15:13,F1,2.9165,OK
2026-07-08 12:15:23,F1,2.9666,OK
2026-07-08 12:15:33,F1,2.9376,OK
2026-07-08 12:15:44,F1,2.9165,OK
2026-07-08 12:15:54,F1,2.9587,OK
2026-07-08 12:16:04,F1,3.0669,OK
2026-07-08 12:16:15,F1,2.8848,OK
2026-07-08 12:16:25,F1,2.8690,OK
2026-07-08 12:16:35,F1,2.8690,OK
2026-07-08 12:16:46,F1,2.8320,OK
2026-07-08 12:16:56,F1,2.8716,OK
2026-07-08 12:17:06,F1,2.8136,OK
2026-07-08 12:17:17,F1,2.8531,OK
2026-07-08 12:17:27,F1,2.8347,OK
2026-07-08 12:17:37,F1,2.8294,OK
2026-07-08 12:17:48,F1,2.7977,OK
2026-07-08 12:17:58,F1,2.8030,OK
2026-07-08 12:18:08,F1,2.8611,OK
2026-07-08 12:18:19,F1,2.7819,OK
2026-07-08 12:18:29,F1,2.7502,OK
2026-07-08 12:18:39,F1,2.8004,OK
2026-07-08 12:18:50,F1,2.7740,OK
2026-07-08 12:19:00,F1,2.8558,OK
2026-07-08 12:19:10,F1,2.7317,OK
2026-07-08 12:19:21,F1,2.8004,OK
2026-07-08 12:19:31,F1,2.7634,OK
2026-07-08 12:19:41,F1,2.7212,OK
2026-07-08 12:19:52,F1,2.6684,OK
2026-07-08 12:20:02,F1,2.7185,OK
2026-07-08 12:20:12,F1,2.7819,OK
2026-07-08 12:20:23,F1,2.7344,OK
2026-07-08 12:20:33,F1,2.6526,OK
2026-07-08 12:20:43,F1,2.6921,OK
2026-07-08 12:20:54,F1,2.6420,OK
2026-07-08 12:21:04,F1,2.6842,OK
2026-07-08 12:21:14,F1,2.7265,OK
2026-07-08 12:21:25,F1,2.5998,OK
2026-07-08 12:21:35,F1,2.7449,OK
2026-07-08 12:21:46,F1,2.7581,OK
2026-07-08 12:21:56,F1,2.6974,OK
2026-07-08 12:22:06,F1,2.7423,OK
2026-07-08 12:22:17,F1,2.6446,OK
2026-07-08 12:22:27,F1,2.6816,OK
2026-07-08 12:22:37,F1,2.7133,OK
2026-07-08 12:22:48,F1,2.7634,OK
2026-07-08 12:22:58,F1,2.7449,OK
2026-07-08 12:23:08,F1,2.8188,OK
2026-07-08 12:23:19,F1,2.9086,OK
2026-07-08 12:23:29,F1,2.8136,OK
2026-07-08 12:23:39,F1,2.9033,OK
2026-07-08 12:23:50,F1,2.8901,OK
2026-07-08 12:24:00,F1,2.7924,OK
2026-07-08 12:24:10,F1,2.7001,OK
2026-07-08 12:24:21,F1,2.7977,OK
2026-07-08 12:24:31,F1,2.7951,OK
2026-07-08 12:24:41,F1,2.7344,OK
2026-07-08 12:24:52,F1,2.7529,OK
2026-07-08 12:25:02,F1,2.7106,OK
2026-07-08 12:25:12,F1,2.6816,OK
2026-07-08 12:25:23,F1,2.3332,OK
2026-07-08 12:25:33,F1,2.7291,OK
2026-07-08 12:25:43,F1,2.5523,OK
2026-07-08 12:25:54,F1,2.6262,OK
2026-07-08 12:26:04,F1,2.6077,OK
2026-07-08 12:26:14,F1,2.7819,OK
2026-07-08 12:26:25,F1,2.6394,OK
2026-07-08 12:26:35,F1,2.5074,OK
2026-07-08 12:26:45,F1,2.6156,OK
2026-07-08 12:26:55,F1,2.5945,OK
2026-07-08 12:27:06,F1,2.5787,OK
2026-07-08 12:27:16,F1,2.5945,OK
2026-07-08 12:27:26,F1,2.5549,OK
2026-07-08 12:27:37,F1,2.5259,OK
2026-07-08 12:27:47,F1,2.4467,OK
2026-07-08 12:27:58,F1,2.5127,OK
2026-07-08 12:28:08,F1,2.6605,OK
2026-07-08 12:28:18,F1,2.4731,OK
2026-07-08 12:28:29,F1,2.4916,OK
2026-07-08 12:28:39,F1,2.4863,OK
2026-07-08 12:28:49,F1,2.5866,OK
2026-07-08 12:29:00,F1,2.6050,OK
2026-07-08 12:29:10,F1,2.6446,OK
2026-07-08 12:29:20,F1,2.5153,OK
2026-07-08 12:29:31,F1,2.6341,OK
2026-07-08 12:29:41,F1,2.6473,OK
2026-07-08 12:29:51,F1,2.5074,OK
2026-07-08 12:30:02,F1,2.5866,OK
2026-07-08 12:30:12,F1,2.6420,OK
2026-07-08 12:30:22,F1,2.6499,OK
2026-07-08 12:30:33,F1,2.6578,OK
2026-07-08 12:30:43,F1,2.4968,OK
2026-07-08 12:30:53,F1,2.4045,OK
2026-07-08 12:31:04,F1,2.4889,OK
2026-07-08 12:31:14,F1,2.4440,OK
2026-07-08 12:31:24,F1,2.6684,OK
2026-07-08 12:31:35,F1,2.5443,OK
2026-07-08 12:31:45,F1,3.1620,OK
2026-07-08 12:31:55,F1,5.3711,OK
2026-07-08 12:32:06,F1,0.0000,Bajo rango
2026-07-08 12:32:16,F1,0.0000,Bajo rango
2026-07-08 12:32:26,F1,0.0000,Bajo rango
2026-07-08 12:32:37,F1,50.0000,Alto rango
2026-07-08 12:32:47,F1,3.3731,OK
2026-07-08 12:32:57,F1,2.9719,OK
2026-07-08 12:33:08,F1,2.9482,OK
2026-07-08 12:33:18,F1,3.1567,OK
2026-07-08 12:33:28,F1,2.9957,OK
2026-07-08 12:33:39,F1,2.9719,OK
2026-07-08 12:33:49,F1,2.9482,OK
2026-07-08 12:33:59,F1,2.9402,OK
2026-07-08 12:34:10,F1,2.9851,OK
2026-07-08 12:34:20,F1,2.9033,OK
2026-07-08 12:34:30,F1,2.9059,OK
2026-07-08 12:34:41,F1,50.0000,Alto rango
2026-07-08 12:34:51,F1,50.0000,Alto rango
2026-07-08 12:35:01,F1,0.6414,OK
2026-07-08 12:35:12,F1,1.8449,OK
2026-07-08 12:35:22,F1,1.1296,OK
2026-07-08 12:35:32,F1,1.6258,OK
2026-07-08 12:35:43,F1,1.7420,OK
2026-07-08 12:35:53,F1,2.0745,OK
2026-07-08 12:36:03,F1,2.1326,OK
2026-07-08 12:36:14,F1,2.2514,OK
2026-07-08 12:36:24,F1,2.2540,OK
2026-07-08 12:36:34,F1,2.7291,OK
2026-07-08 12:36:45,F1,2.6235,OK
2026-07-08 12:36:55,F1,2.2857,OK
2026-07-08 12:37:05,F1,2.3913,OK
2026-07-08 12:37:16,F1,2.3279,OK
2026-07-08 12:37:26,F1,2.3807,OK
2026-07-08 12:37:36,F1,2.4018,OK
2026-07-08 12:37:47,F1,2.3517,OK
2026-07-08 12:37:57,F1,2.3596,OK
2026-07-08 12:38:07,F1,2.3200,OK
2026-07-08 12:38:18,F1,2.2910,OK
2026-07-08 12:38:28,F1,2.2672,OK
2026-07-08 12:38:38,F1,2.3332,OK
2026-07-08 12:38:49,F1,2.3279,OK
2026-07-08 12:38:59,F1,2.2567,OK
2026-07-08 12:39:09,F1,2.1564,OK
2026-07-08 12:39:20,F1,2.3701,OK
2026-07-08 12:39:30,F1,2.1854,OK
2026-07-08 12:39:40,F1,2.2197,OK
2026-07-08 12:39:51,F1,2.2487,OK
2026-07-08 12:40:01,F1,2.2910,OK
2026-07-08 12:40:11,F1,2.3332,OK
2026-07-08 12:40:22,F1,2.3042,OK
2026-07-08 12:40:32,F1,2.1880,OK
2026-07-08 12:40:42,F1,2.2461,OK
2026-07-08 12:40:53,F1,2.3121,OK
2026-07-08 12:41:03,F1,2.3094,OK
2026-07-08 12:41:13,F1,2.2883,OK
2026-07-08 12:41:24,F1,2.2672,OK
2026-07-08 12:41:34,F1,2.1775,OK
2026-07-08 12:41:44,F1,2.3517,OK
2026-07-08 12:41:55,F1,2.1484,OK
2026-07-08 12:42:05,F1,2.1801,OK
2026-07-08 12:42:15,F1,2.2012,OK
2026-07-08 12:42:26,F1,2.0904,OK
2026-07-08 12:42:36,F1,2.2223,OK
2026-07-08 12:42:46,F1,2.1669,OK
2026-07-08 12:42:57,F1,2.1062,OK
2026-07-08 12:43:07,F1,2.1273,OK
2026-07-08 12:43:17,F1,2.5707,OK
2026-07-08 12:43:28,F1,2.6235,OK
2026-07-08 12:43:38,F1,2.5179,OK
2026-07-08 12:43:49,F1,2.5707,OK
2026-07-08 12:43:59,F1,2.5707,OK
2026-07-08 12:44:09,F1,2.0957,OK
2026-07-08 12:44:20,F1,2.0006,OK
2026-07-08 12:44:30,F1,2.2065,OK
2026-07-08 12:44:40,F1,2.2091,OK
2026-07-08 12:44:51,F1,2.5179,OK
2026-07-08 12:45:01,F1,2.5707,OK
2026-07-08 12:45:11,F1,2.7819,OK
2026-07-08 12:45:21,F1,2.5707,OK
2026-07-08 12:45:32,F1,2.3569,OK
2026-07-08 12:45:42,F1,2.3068,OK
2026-07-08 12:45:53,F1,2.2408,OK
2026-07-08 12:46:03,F1,2.7291,OK
2026-07-08 12:46:13,F1,2.7291,OK
2026-07-08 12:46:24,F1,2.7291,OK
2026-07-08 12:46:34,F1,2.3517,OK
2026-07-08 12:46:44,F1,2.5417,OK
2026-07-08 12:46:55,F1,2.4863,OK
2026-07-08 12:47:05,F1,2.5206,OK
2026-07-08 12:47:15,F1,2.3675,OK
2026-07-08 12:47:26,F1,2.3754,OK
2026-07-08 12:47:36,F1,2.5443,OK
2026-07-08 12:47:46,F1,2.2355,OK
2026-07-08 12:47:57,F1,2.4995,OK
2026-07-08 12:48:07,F1,2.3464,OK
2026-07-08 12:48:17,F1,2.3649,OK
2026-07-08 12:48:28,F1,2.3886,OK
2026-07-08 12:48:38,F1,2.3886,OK
2026-07-08 12:48:48,F1,2.2698,OK
2026-07-08 12:48:59,F1,2.7291,OK
2026-07-08 12:49:09,F1,2.7291,OK
2026-07-08 12:49:19,F1,2.7291,OK
2026-07-08 12:49:30,F1,2.6235,OK
2026-07-08 12:49:40,F1,2.6235,OK
2026-07-08 12:49:50,F1,2.2672,OK
2026-07-08 12:50:01,F1,2.3147,OK
2026-07-08 12:50:11,F1,2.0983,OK
2026-07-08 12:50:22,F1,2.2197,OK
2026-07-08 12:50:32,F1,2.1220,OK
2026-07-08 12:50:42,F1,2.0376,OK
2026-07-08 12:50:53,F1,2.0798,OK
2026-07-08 12:51:03,F1,2.2012,OK
2026-07-08 12:51:13,F1,1.9795,OK
2026-07-08 12:51:24,F1,2.0086,OK
2026-07-08 12:51:34,F1,2.1168,OK
2026-07-08 12:51:44,F1,2.1590,OK
2026-07-08 12:51:54,F1,2.1986,OK
2026-07-08 12:52:05,F1,2.0270,OK
2026-07-08 12:52:15,F1,2.2329,OK
2026-07-08 12:52:25,F1,2.2171,OK
2026-07-08 12:52:36,F1,2.2487,OK
2026-07-08 12:52:46,F1,2.0904,OK
2026-07-08 12:52:56,F1,2.0930,OK
2026-07-08 12:53:07,F1,2.2171,OK
2026-07-08 12:53:17,F1,2.1986,OK
2026-07-08 12:53:27,F1,2.1009,OK
2026-07-08 12:53:38,F1,2.3411,OK
2026-07-08 12:53:48,F1,2.2197,OK
2026-07-08 12:53:58,F1,2.0983,OK
2026-07-08 12:54:09,F1,2.1933,OK
2026-07-08 12:54:19,F1,1.9980,OK
2026-07-08 12:54:29,F1,1.9003,OK
2026-07-08 12:54:40,F1,1.9690,OK
2026-07-08 12:54:50,F1,1.8476,OK
2026-07-08 12:55:00,F1,1.9769,OK
2026-07-08 12:55:11,F1,1.8845,OK
2026-07-08 12:55:21,F1,1.8344,OK
2026-07-08 12:55:31,F1,1.8396,OK
2026-07-08 12:55:42,F1,1.9003,OK
2026-07-08 12:55:52,F1,1.8080,OK
2026-07-08 12:56:02,F1,2.0217,OK
2026-07-08 12:56:13,F1,1.9954,OK
2026-07-08 12:56:23,F1,1.8819,OK
2026-07-08 12:56:33,F1,1.9954,OK
2026-07-08 12:56:44,F1,2.0508,OK
2026-07-08 12:56:54,F1,2.0534,OK
2026-07-08 12:57:04,F1,1.9927,OK
2026-07-08 12:57:15,F1,2.6789,OK
2026-07-08 12:57:25,F1,2.0349,OK
2026-07-08 12:57:35,F1,2.1088,OK
2026-07-08 12:57:46,F1,2.1009,OK
2026-07-08 12:57:56,F1,2.1352,OK
2026-07-08 12:58:06,F1,2.1247,OK
2026-07-08 12:58:17,F1,2.0640,OK
2026-07-08 12:58:27,F1,2.2329,OK
2026-07-08 12:58:37,F1,2.1141,OK
2026-07-08 12:58:48,F1,2.1168,OK
2026-07-08 12:58:58,F1,2.1775,OK
2026-07-08 12:59:08,F1,2.3121,OK
2026-07-08 12:59:19,F1,2.2223,OK
2026-07-08 12:59:29,F1,2.2171,OK
2026-07-08 12:59:39,F1,2.3279,OK
2026-07-08 12:59:50,F1,2.2303,OK
2026-07-08 13:00:00,F1,2.2725,OK
2026-07-08 13:00:10,F1,2.2883,OK
2026-07-08 13:00:21,F1,2.0508,OK
2026-07-08 13:00:31,F1,2.3596,OK
2026-07-08 13:00:42,F1,2.1722,OK
2026-07-08 13:00:52,F1,1.9505,OK
2026-07-08 13:01:02,F1,2.0561,OK
2026-07-08 13:01:13,F1,2.0086,OK
2026-07-08 13:01:23,F1,2.0930,OK
2026-07-08 13:01:33,F1,2.0904,OK
2026-07-08 13:01:44,F1,2.0508,OK
2026-07-08 13:01:54,F1,2.1036,OK
2026-07-08 13:02:04,F1,2.0825,OK
2026-07-08 13:02:14,F1,1.9716,OK
2026-07-08 13:02:25,F1,2.0429,OK
2026-07-08 13:02:35,F1,2.1141,OK
2026-07-08 13:02:45,F1,2.1141,OK
2026-07-08 13:02:56,F1,2.1300,OK
2026-07-08 13:03:06,F1,1.9003,OK
2026-07-08 13:03:17,F1,2.1115,OK
2026-07-08 13:03:27,F1,1.9742,OK
2026-07-08 13:03:37,F1,2.0006,OK
2026-07-08 13:03:47,F1,1.9241,OK
2026-07-08 13:03:58,F1,2.0561,OK
2026-07-08 13:04:08,F1,1.9848,OK
2026-07-08 13:04:18,F1,2.0429,OK
2026-07-08 13:04:29,F1,2.0349,OK
2026-07-08 13:04:39,F1,2.1379,OK
2026-07-08 13:04:49,F1,2.0138,OK
2026-07-08 13:05:00,F1,1.9742,OK
2026-07-08 13:05:10,F1,1.9637,OK
2026-07-08 13:05:21,F1,1.8977,OK
2026-07-08 13:05:31,F1,1.9874,OK
2026-07-08 13:05:41,F1,1.9505,OK
2026-07-08 13:05:51,F1,1.9637,OK
2026-07-08 13:06:02,F1,2.0481,OK
2026-07-08 13:06:12,F1,1.8449,OK
2026-07-08 13:06:22,F1,2.0957,OK
2026-07-08 13:06:33,F1,2.0297,OK
2026-07-08 13:06:43,F1,1.9030,OK
2026-07-08 13:06:53,F1,1.9267,OK
2026-07-08 13:07:04,F1,1.9373,OK
2026-07-08 13:07:14,F1,1.9109,OK
2026-07-08 13:07:25,F1,2.0587,OK
2026-07-08 13:07:35,F1,1.9505,OK
2026-07-08 13:07:45,F1,1.9874,OK
2026-07-08 13:07:56,F1,1.9003,OK
2026-07-08 13:08:06,F1,1.8317,OK
2026-07-08 13:08:16,F1,1.9742,OK
2026-07-08 13:08:27,F1,1.9426,OK
2026-07-08 13:08:37,F1,1.9399,OK
2026-07-08 13:08:47,F1,1.9927,OK
2026-07-08 13:08:58,F1,1.9822,OK
2026-07-08 13:09:08,F1,1.9003,OK
2026-07-08 13:09:18,F1,2.0983,OK
2026-07-08 13:09:29,F1,1.9188,OK
2026-07-08 13:09:39,F1,1.9109,OK
2026-07-08 13:09:49,F1,1.9215,OK
2026-07-08 13:10:00,F1,2.0402,OK
2026-07-08 13:10:10,F1,2.0033,OK
2026-07-08 13:10:20,F1,1.9769,OK
2026-07-08 13:10:31,F1,1.9584,OK
2026-07-08 13:10:41,F1,2.1326,OK
2026-07-08 13:10:51,F1,2.0376,OK
2026-07-08 13:11:02,F1,2.0798,OK
2026-07-08 13:11:12,F1,2.0165,OK
2026-07-08 13:11:22,F1,2.0877,OK
2026-07-08 13:11:33,F1,2.2065,OK
2026-07-08 13:11:43,F1,2.0825,OK
2026-07-08 13:11:53,F1,2.0217,OK
2026-07-08 13:12:04,F1,2.0693,OK
2026-07-08 13:12:14,F1,2.0059,OK
2026-07-08 13:12:24,F1,2.1854,OK
2026-07-08 13:12:35,F1,2.1247,OK
2026-07-08 13:12:45,F1,1.9716,OK
2026-07-08 13:12:55,F1,2.3886,OK
2026-07-08 13:13:06,F1,2.1168,OK
2026-07-08 13:13:16,F1,2.1036,OK
2026-07-08 13:13:26,F1,2.1194,OK
2026-07-08 13:13:37,F1,1.9901,OK
2026-07-08 13:13:47,F1,1.9742,OK
2026-07-08 13:13:57,F1,1.6997,OK
2026-07-08 13:14:08,F1,1.9215,OK
2026-07-08 13:14:18,F1,1.8951,OK
2026-07-08 13:14:28,F1,2.0138,OK
2026-07-08 13:14:39,F1,2.0640,OK
2026-07-08 13:14:49,F1,1.9558,OK
2026-07-08 13:14:59,F1,1.9610,OK
2026-07-08 13:15:10,F1,2.0455,OK
2026-07-08 13:15:20,F1,1.9109,OK
2026-07-08 13:15:30,F1,1.8792,OK
2026-07-08 13:15:41,F1,1.9030,OK
2026-07-08 13:15:51,F1,1.9030,OK
2026-07-08 13:16:01,F1,2.0006,OK
2026-07-08 13:16:12,F1,1.9795,OK
2026-07-08 13:16:22,F1,1.9399,OK
2026-07-08 13:16:32,F1,1.7895,OK
2026-07-08 13:16:43,F1,1.9003,OK
2026-07-08 13:16:53,F1,2.0191,OK
2026-07-08 13:17:03,F1,2.0429,OK
2026-07-08 13:17:14,F1,2.0112,OK
2026-07-08 13:17:24,F1,2.1511,OK
2026-07-08 13:17:34,F1,2.0561,OK
2026-07-08 13:17:45,F1,2.0429,OK
2026-07-08 13:17:55,F1,1.9769,OK
2026-07-08 13:18:05,F1,1.9505,OK
2026-07-08 13:18:16,F1,1.9848,OK
2026-07-08 13:18:26,F1,2.0191,OK
2026-07-08 13:18:36,F1,1.9505,OK
2026-07-08 13:18:47,F1,2.1880,OK
2026-07-08 13:18:57,F1,1.8344,OK
2026-07-08 13:19:07,F1,1.9215,OK
2026-07-08 13:19:18,F1,1.9320,OK
2026-07-08 13:19:28,F1,1.8845,OK
2026-07-08 13:19:38,F1,2.1009,OK
2026-07-08 13:19:49,F1,1.9584,OK
2026-07-08 13:19:59,F1,1.8845,OK
2026-07-08 13:20:09,F1,2.0244,OK
2026-07-08 13:20:20,F1,1.7209,OK
2026-07-08 13:20:30,F1,2.0693,OK
2026-07-08 13:20:40,F1,1.9162,OK
2026-07-08 13:20:51,F1,1.8951,OK
2026-07-08 13:21:01,F1,1.9135,OK
2026-07-08 13:21:11,F1,1.9822,OK
2026-07-08 13:21:22,F1,1.9610,OK
2026-07-08 13:21:32,F1,1.9927,OK
2026-07-08 13:21:42,F1,2.0033,OK
2026-07-08 13:21:53,F1,2.1326,OK
2026-07-08 13:22:03,F1,1.8370,OK
2026-07-08 13:22:13,F1,2.0798,OK
2026-07-08 13:22:24,F1,1.9822,OK
2026-07-08 13:22:34,F1,2.1537,OK
2026-07-08 13:22:44,F1,2.0006,OK
2026-07-08 13:22:55,F1,1.9637,OK
2026-07-08 13:23:05,F1,2.0323,OK
2026-07-08 13:23:15,F1,1.9083,OK
2026-07-08 13:23:26,F1,1.8713,OK
2026-07-08 13:23:36,F1,1.9690,OK
2026-07-08 13:23:46,F1,1.9954,OK
2026-07-08 13:23:57,F1,1.9267,OK
2026-07-08 13:24:07,F1,2.0270,OK
2026-07-08 13:24:17,F1,1.9267,OK
2026-07-08 13:24:28,F1,2.0455,OK
2026-07-08 13:24:38,F1,2.0587,OK
2026-07-08 13:24:48,F1,1.9927,OK
2026-07-08 13:24:59,F1,2.0244,OK
2026-07-08 13:25:09,F1,2.0429,OK
2026-07-08 13:25:19,F1,2.0429,OK
2026-07-08 13:25:30,F1,2.0270,OK
2026-07-08 13:25:40,F1,2.0086,OK
2026-07-08 13:25:50,F1,2.0297,OK
2026-07-08 13:26:01,F1,2.1590,OK
2026-07-08 13:26:11,F1,2.1088,OK
2026-07-08 13:26:21,F1,2.1880,OK
2026-07-08 13:26:32,F1,2.1458,OK
2026-07-08 13:26:42,F1,2.1141,OK
2026-07-08 13:26:52,F1,2.1907,OK
2026-07-08 13:27:03,F1,2.1748,OK
2026-07-08 13:27:13,F1,2.3147,OK
2026-07-08 13:27:23,F1,2.0112,OK
2026-07-08 13:27:34,F1,2.0798,OK
2026-07-08 13:27:44,F1,2.0323,OK
2026-07-08 13:27:54,F1,2.1827,OK
2026-07-08 13:28:05,F1,2.3042,OK
2026-07-08 13:28:15,F1,2.1484,OK
2026-07-08 13:28:25,F1,2.1141,OK
2026-07-08 13:28:36,F1,2.2144,OK
2026-07-08 13:28:46,F1,2.1590,OK
2026-07-08 13:28:56,F1,2.2144,OK
2026-07-08 13:29:07,F1,2.2382,OK
2026-07-08 13:29:17,F1,2.1273,OK
2026-07-08 13:29:27,F1,2.2197,OK
2026-07-08 13:29:38,F1,2.1643,OK
2026-07-08 13:29:48,F1,2.1458,OK
2026-07-08 13:29:58,F1,2.1696,OK
2026-07-08 13:30:09,F1,2.1986,OK
2026-07-08 13:30:19,F1,2.2303,OK
2026-07-08 13:30:29,F1,2.0983,OK
2026-07-08 13:30:40,F1,2.1352,OK
2026-07-08 13:30:50,F1,2.0640,OK
2026-07-08 13:31:01,F1,2.0561,OK
2026-07-08 13:31:11,F1,2.1722,OK
2026-07-08 13:31:21,F1,2.1405,OK
2026-07-08 13:31:32,F1,2.1564,OK
2026-07-08 13:31:42,F1,2.1247,OK
2026-07-08 13:31:52,F1,2.1775,OK
2026-07-08 13:32:03,F1,2.0851,OK
2026-07-08 13:32:13,F1,2.1168,OK
2026-07-08 13:32:23,F1,2.0033,OK
2026-07-08 13:32:34,F1,2.2197,OK
2026-07-08 13:32:44,F1,2.2962,OK
2026-07-08 13:32:54,F1,2.1273,OK
2026-07-08 13:33:05,F1,2.0481,OK
2026-07-08 13:33:15,F1,2.0508,OK
2026-07-08 13:33:25,F1,2.1458,OK
2026-07-08 13:33:36,F1,2.0957,OK
2026-07-08 13:33:46,F1,2.1247,OK
2026-07-08 13:33:56,F1,2.0957,OK
2026-07-08 13:34:07,F1,2.0983,OK
2026-07-08 13:34:17,F1,2.0323,OK
2026-07-08 13:34:27,F1,1.9901,OK
2026-07-08 13:34:38,F1,2.0983,OK
2026-07-08 13:34:48,F1,2.0561,OK
2026-07-08 13:34:58,F1,2.0904,OK
2026-07-08 13:35:09,F1,2.0033,OK
2026-07-08 13:35:19,F1,2.1036,OK
2026-07-08 13:35:29,F1,2.1009,OK
2026-07-08 13:35:40,F1,2.0587,OK
2026-07-08 13:35:50,F1,2.0719,OK
2026-07-08 13:36:00,F1,1.9901,OK
2026-07-08 13:36:11,F1,2.1379,OK
2026-07-08 13:36:21,F1,2.2171,OK
2026-07-08 13:36:31,F1,2.0059,OK
2026-07-08 13:36:42,F1,2.0719,OK
2026-07-08 13:36:52,F1,2.1141,OK
2026-07-08 13:37:03,F1,2.0904,OK
2026-07-08 13:37:13,F1,2.0719,OK
2026-07-08 13:37:23,F1,2.1009,OK
2026-07-08 13:37:34,F1,2.1088,OK
2026-07-08 13:37:44,F1,2.0930,OK
2026-07-08 13:37:54,F1,2.2619,OK
2026-07-08 13:38:05,F1,2.0719,OK
2026-07-08 13:38:15,F1,2.0904,OK
2026-07-08 13:38:25,F1,2.1696,OK
2026-07-08 13:38:36,F1,2.0877,OK
2026-07-08 13:38:46,F1,2.0376,OK
2026-07-08 13:38:56,F1,2.1405,OK
2026-07-08 13:39:07,F1,2.2962,OK
2026-07-08 13:39:17,F1,2.0798,OK
2026-07-08 13:39:27,F1,2.1115,OK
2026-07-08 13:39:38,F1,2.1458,OK
2026-07-08 13:39:48,F1,2.1484,OK
2026-07-08 13:39:58,F1,2.1405,OK
2026-07-08 13:40:09,F1,2.1880,OK
2026-07-08 13:40:19,F1,2.1933,OK
2026-07-08 13:40:29,F1,2.1326,OK
2026-07-08 13:40:40,F1,2.0086,OK
2026-07-08 13:40:50,F1,2.1247,OK
2026-07-08 13:41:00,F1,2.0851,OK
2026-07-08 13:41:11,F1,2.2171,OK
2026-07-08 13:41:21,F1,2.1696,OK
2026-07-08 13:41:31,F1,2.2065,OK
2026-07-08 13:41:42,F1,2.0904,OK
2026-07-08 13:41:52,F1,2.0904,OK
2026-07-08 13:42:02,F1,1.8951,OK
2026-07-08 13:42:13,F1,1.9531,OK
2026-07-08 13:42:23,F1,1.7129,OK
2026-07-08 13:42:33,F1,1.6206,OK
2026-07-08 13:42:44,F1,1.4939,OK
2026-07-08 13:42:54,F1,1.3250,OK
2026-07-08 13:43:04,F1,1.2458,OK
2026-07-08 13:43:15,F1,1.1534,OK
2026-07-08 13:43:25,F1,1.1006,OK
2026-07-08 13:43:35,F1,1.1217,OK
2026-07-08 13:43:46,F1,1.1296,OK
2026-07-08 13:43:56,F1,1.0610,OK
2026-07-08 13:44:06,F1,1.1376,OK
2026-07-08 13:44:17,F1,1.1508,OK
2026-07-08 13:44:27,F1,1.1217,OK
2026-07-08 13:44:37,F1,1.0821,OK
2026-07-08 13:44:48,F1,1.0769,OK
2026-07-08 13:44:58,F1,0.9871,OK
2026-07-08 13:45:09,F1,1.1508,OK
2026-07-08 13:45:19,F1,1.2247,OK
2026-07-08 13:45:29,F1,1.0082,OK
2026-07-08 13:45:40,F1,1.0082,OK
2026-07-08 13:45:50,F1,1.0373,OK
2026-07-08 13:46:00,F1,1.2009,OK
2026-07-08 13:46:11,F1,1.1640,OK
2026-07-08 13:46:21,F1,1.0505,OK
2026-07-08 13:46:31,F1,1.1613,OK
2026-07-08 13:46:42,F1,1.1798,OK
2026-07-08 13:46:52,F1,1.0795,OK
2026-07-08 13:47:02,F1,1.0452,OK
2026-07-08 13:47:13,F1,1.0901,OK
2026-07-08 13:47:23,F1,1.1138,OK
2026-07-08 13:47:34,F1,1.0135,OK
2026-07-08 13:47:44,F1,1.0557,OK
2026-07-08 13:47:54,F1,1.0663,OK
2026-07-08 13:48:05,F1,1.1112,OK
2026-07-08 13:48:15,F1,1.0531,OK
2026-07-08 13:48:25,F1,1.1613,OK
2026-07-08 13:48:36,F1,1.0848,OK
2026-07-08 13:48:46,F1,1.1244,OK
2026-07-08 13:48:57,F1,1.0637,OK
2026-07-08 13:49:07,F1,1.1085,OK
2026-07-08 13:49:17,F1,1.2009,OK
2026-07-08 13:49:28,F1,1.4622,OK
2026-07-08 13:49:38,F1,1.6971,OK
2026-07-08 13:49:48,F1,2.0270,OK
2026-07-08 13:49:59,F1,2.2012,OK
2026-07-08 13:50:09,F1,2.4704,OK
2026-07-08 13:50:19,F1,2.3807,OK
2026-07-08 13:50:30,F1,2.6948,OK
2026-07-08 13:50:40,F1,2.5496,OK
2026-07-08 13:50:50,F1,2.7212,OK
2026-07-08 13:51:01,F1,2.6974,OK
2026-07-08 13:51:11,F1,2.8901,OK
2026-07-08 13:51:21,F1,2.5628,OK
2026-07-08 13:51:32,F1,2.3992,OK
2026-07-08 13:51:42,F1,2.3464,OK
2026-07-08 13:51:52,F1,2.4124,OK
2026-07-08 13:52:03,F1,2.3279,OK
2026-07-08 13:52:13,F1,2.4071,OK
2026-07-08 13:52:23,F1,2.2989,OK
2026-07-08 13:52:34,F1,2.2593,OK
2026-07-08 13:52:44,F1,2.4203,OK
2026-07-08 13:52:54,F1,2.2435,OK
2026-07-08 13:53:05,F1,2.3253,OK
2026-07-08 13:53:15,F1,2.4282,OK
2026-07-08 13:53:26,F1,2.2698,OK
2026-07-08 13:53:36,F1,2.2619,OK
2026-07-08 13:53:46,F1,2.4150,OK
2026-07-08 13:53:57,F1,2.3253,OK
2026-07-08 13:54:07,F1,2.3728,OK
2026-07-08 13:54:17,F1,2.3253,OK
2026-07-08 13:54:28,F1,2.5021,OK
2026-07-08 13:54:38,F1,2.5021,OK
2026-07-08 13:54:48,F1,2.1168,OK
2026-07-08 13:54:59,F1,2.0165,OK
2026-07-08 13:55:09,F1,2.0587,OK
2026-07-08 13:55:19,F1,1.8502,OK
2026-07-08 13:55:30,F1,1.6021,OK
2026-07-08 13:55:40,F1,1.4569,OK
2026-07-08 13:55:50,F1,1.3540,OK
2026-07-08 13:56:01,F1,1.2880,OK
2026-07-08 13:56:11,F1,1.2774,OK
2026-07-08 13:56:21,F1,1.2299,OK
2026-07-08 13:56:32,F1,1.1719,OK
2026-07-08 13:56:42,F1,1.1112,OK
2026-07-08 13:56:52,F1,1.1164,OK
2026-07-08 13:57:03,F1,1.0346,OK
2026-07-08 13:57:13,F1,1.0293,OK
2026-07-08 13:57:23,F1,0.9238,OK
2026-07-08 13:57:34,F1,1.0293,OK
2026-07-08 13:57:44,F1,1.0821,OK
2026-07-08 13:57:54,F1,1.0346,OK
2026-07-08 13:58:05,F1,0.9924,OK
2026-07-08 13:58:15,F1,1.0293,OK
2026-07-08 13:58:25,F1,1.1349,OK
2026-07-08 13:58:36,F1,0.9581,OK
2026-07-08 13:58:46,F1,1.0320,OK
2026-07-08 13:58:56,F1,1.0267,OK
2026-07-08 13:59:07,F1,1.0030,OK
2026-07-08 13:59:17,F1,0.9502,OK
2026-07-08 13:59:27,F1,1.0716,OK
2026-07-08 13:59:38,F1,1.0478,OK
2026-07-08 13:59:48,F1,1.1349,OK
2026-07-08 13:59:58,F1,1.0241,OK
2026-07-08 14:00:09,F1,1.1112,OK
2026-07-08 14:00:19,F1,1.0531,OK
2026-07-08 14:00:29,F1,1.0505,OK
2026-07-08 14:00:40,F1,1.0584,OK
2026-07-08 14:00:50,F1,1.1455,OK
2026-07-08 14:01:00,F1,1.0689,OK
2026-07-08 14:01:11,F1,1.0874,OK
2026-07-08 14:01:21,F1,1.0188,OK
2026-07-08 14:01:31,F1,1.0953,OK
2026-07-08 14:01:42,F1,1.1217,OK
2026-07-08 14:01:52,F1,1.0821,OK
2026-07-08 14:02:02,F1,1.1640,OK
2026-07-08 14:02:13,F1,1.1296,OK
2026-07-08 14:02:23,F1,1.1138,OK
2026-07-08 14:02:33,F1,1.2273,OK
2026-07-08 14:02:44,F1,1.0663,OK
2026-07-08 14:02:54,F1,1.0742,OK
2026-07-08 14:03:05,F1,1.2511,OK
2026-07-08 14:03:15,F1,1.2273,OK
2026-07-08 14:03:25,F1,1.2062,OK
2026-07-08 14:03:36,F1,1.1745,OK
2026-07-08 14:03:46,F1,1.4041,OK
2026-07-08 14:03:56,F1,1.8080,OK
2026-07-08 14:04:07,F1,2.4150,OK
2026-07-08 14:04:17,F1,2.8373,OK
2026-07-08 14:04:27,F1,2.8188,OK
2026-07-08 14:04:38,F1,2.8875,OK
2026-07-08 14:04:48,F1,2.9402,OK
2026-07-08 14:04:58,F1,2.9482,OK
2026-07-08 14:05:09,F1,2.8215,OK
2026-07-08 14:05:19,F1,2.7608,OK
2026-07-08 14:05:29,F1,2.4018,OK
2026-07-08 14:05:40,F1,2.3279,OK
2026-07-08 14:05:50,F1,2.3411,OK
2026-07-08 14:06:00,F1,2.2804,OK
2026-07-08 14:06:10,F1,2.1352,OK
2026-07-08 14:06:21,F1,2.3174,OK
2026-07-08 14:06:31,F1,2.0640,OK
2026-07-08 14:06:41,F1,2.1880,OK
2026-07-08 14:06:52,F1,2.2171,OK
2026-07-08 14:07:02,F1,2.1537,OK
2026-07-08 14:07:12,F1,2.2065,OK
2026-07-08 14:07:23,F1,2.2830,OK
2026-07-08 14:07:33,F1,2.1907,OK
2026-07-08 14:07:44,F1,2.3781,OK
2026-07-08 14:07:54,F1,2.0745,OK
2026-07-08 14:08:04,F1,1.9294,OK
2026-07-08 14:08:15,F1,1.7024,OK
2026-07-08 14:08:25,F1,1.5097,OK
2026-07-08 14:08:35,F1,1.3777,OK
2026-07-08 14:08:46,F1,1.2722,OK
2026-07-08 14:08:56,F1,1.2563,OK
2026-07-08 14:09:06,F1,1.1217,OK
2026-07-08 14:09:17,F1,0.9924,OK
2026-07-08 14:09:27,F1,1.0637,OK
2026-07-08 14:09:38,F1,0.8604,OK
2026-07-08 14:09:48,F1,1.0373,OK
2026-07-08 14:09:58,F1,1.0109,OK
2026-07-08 14:10:09,F1,1.0584,OK
2026-07-08 14:10:19,F1,0.9845,OK
2026-07-08 14:10:29,F1,1.0505,OK
2026-07-08 14:10:40,F1,1.0953,OK
2026-07-08 14:10:50,F1,0.9845,OK
2026-07-08 14:11:00,F1,1.0135,OK
2026-07-08 14:11:11,F1,1.1270,OK
2026-07-08 14:11:21,F1,0.8763,OK
2026-07-08 14:11:31,F1,1.0293,OK
2026-07-08 14:11:42,F1,0.9950,OK
2026-07-08 14:11:52,F1,1.2009,OK
2026-07-08 14:12:02,F1,1.1033,OK
2026-07-08 14:12:13,F1,1.2088,OK
2026-07-08 14:12:23,F1,1.1376,OK
2026-07-08 14:12:33,F1,1.0821,OK
2026-07-08 14:12:44,F1,1.1323,OK
2026-07-08 14:12:54,F1,1.0663,OK
2026-07-08 14:13:04,F1,1.0953,OK
2026-07-08 14:13:15,F1,1.1376,OK
2026-07-08 14:13:25,F1,1.1138,OK
2026-07-08 14:13:35,F1,1.1719,OK
2026-07-08 14:13:46,F1,1.0901,OK
2026-07-08 14:13:56,F1,1.1772,OK
2026-07-08 14:14:06,F1,1.2009,OK
2026-07-08 14:14:17,F1,1.1560,OK
2026-07-08 14:14:27,F1,1.2247,OK
2026-07-08 14:14:37,F1,1.1613,OK
2026-07-08 14:14:48,F1,1.2643,OK
2026-07-08 14:14:58,F1,1.2774,OK
2026-07-08 14:15:08,F1,1.0531,OK
2026-07-08 14:15:19,F1,1.0953,OK
2026-07-08 14:15:29,F1,1.0610,OK
2026-07-08 14:15:39,F1,1.3645,OK
2026-07-08 14:15:50,F1,1.0874,OK
2026-07-08 14:16:00,F1,1.2959,OK
2026-07-08 14:16:10,F1,1.3725,OK
2026-07-08 14:16:21,F1,1.2273,OK
2026-07-08 14:16:31,F1,1.2537,OK
2026-07-08 14:16:41,F1,1.1560,OK
2026-07-08 14:16:52,F1,1.2326,OK
2026-07-08 14:17:02,F1,1.1904,OK
2026-07-08 14:17:12,F1,1.2669,OK
2026-07-08 14:17:23,F1,1.2247,OK
2026-07-08 14:17:33,F1,1.2695,OK
2026-07-08 14:17:43,F1,1.3830,OK
2026-07-08 14:17:54,F1,1.3540,OK
2026-07-08 14:18:04,F1,1.3883,OK
2026-07-08 14:18:14,F1,1.2854,OK
2026-07-08 14:18:25,F1,1.3645,OK
2026-07-08 14:18:35,F1,1.5308,OK
2026-07-08 14:18:45,F1,1.6786,OK
2026-07-08 14:18:56,F1,1.8660,OK
2026-07-08 14:19:06,F1,2.1458,OK
2026-07-08 14:19:16,F1,2.8188,OK
2026-07-08 14:19:27,F1,2.9640,OK
2026-07-08 14:19:37,F1,2.8268,OK
2026-07-08 14:19:47,F1,2.7449,OK
2026-07-08 14:19:58,F1,2.9059,OK
2026-07-08 14:20:08,F1,2.4836,OK
2026-07-08 14:20:18,F1,2.4625,OK
2026-07-08 14:20:29,F1,2.4995,OK
2026-07-08 14:20:39,F1,2.0376,OK
2026-07-08 14:20:49,F1,2.4045,OK
2026-07-08 14:21:00,F1,2.4572,OK
2026-07-08 14:21:10,F1,2.2936,OK
2026-07-08 14:21:20,F1,2.4229,OK
2026-07-08 14:21:31,F1,2.3965,OK
2026-07-08 14:21:41,F1,2.3279,OK
2026-07-08 14:21:51,F1,2.4335,OK
2026-07-08 14:22:02,F1,2.4863,OK
2026-07-08 14:22:12,F1,2.3807,OK
2026-07-08 14:22:22,F1,1.9267,OK
2026-07-08 14:22:33,F1,2.4177,OK
2026-07-08 14:22:43,F1,2.3438,OK
2026-07-08 14:22:53,F1,2.5153,OK
2026-07-08 14:23:04,F1,2.2461,OK
2026-07-08 14:23:14,F1,2.2012,OK
2026-07-08 14:23:24,F1,2.1194,OK
2026-07-08 14:23:35,F1,2.1194,OK
2026-07-08 14:23:45,F1,1.9109,OK
2026-07-08 14:23:55,F1,1.6734,OK
2026-07-08 14:24:06,F1,1.6602,OK
2026-07-08 14:24:16,F1,1.7077,OK
2026-07-08 14:24:26,F1,1.6074,OK
2026-07-08 14:24:37,F1,1.6258,OK
2026-07-08 14:24:47,F1,1.4648,OK
2026-07-08 14:24:57,F1,1.5889,OK
2026-07-08 14:25:08,F1,1.3830,OK
2026-07-08 14:25:18,F1,1.2959,OK
2026-07-08 14:25:28,F1,1.3962,OK
2026-07-08 14:25:39,F1,1.4622,OK
2026-07-08 14:25:49,F1,1.5282,OK
2026-07-08 14:25:59,F1,1.3804,OK
2026-07-08 14:26:10,F1,1.4015,OK
2026-07-08 14:26:20,F1,1.4015,OK
2026-07-08 14:26:30,F1,1.3144,OK
2026-07-08 14:26:41,F1,1.1534,OK
2026-07-08 14:26:51,F1,1.1613,OK
2026-07-08 14:27:01,F1,1.4094,OK
2026-07-08 14:27:12,F1,1.7050,OK
2026-07-08 14:27:22,F1,1.2194,OK
2026-07-08 14:27:32,F1,1.1402,OK
2026-07-08 14:27:43,F1,1.2748,OK
2026-07-08 14:27:53,F1,1.3355,OK
2026-07-08 14:28:03,F1,1.1745,OK
2026-07-08 14:28:14,F1,1.2722,OK
2026-07-08 14:28:24,F1,3.6898,OK
2026-07-08 14:28:34,F1,0.0000,Bajo rango
2026-07-08 14:28:45,F1,0.0000,Bajo rango
2026-07-08 14:28:55,F1,0.0000,Bajo rango
2026-07-08 14:29:05,F1,3.5790,OK
2026-07-08 14:29:16,F1,3.9168,OK
2026-07-08 14:29:26,F1,3.8535,OK
2026-07-08 14:29:37,F1,3.8139,OK
2026-07-08 14:29:47,F1,3.3863,OK
2026-07-08 14:29:57,F1,2.7133,OK
2026-07-08 14:30:08,F1,2.4177,OK
2026-07-08 14:30:18,F1,2.3174,OK
2026-07-08 14:30:28,F1,2.4335,OK
2026-07-08 14:30:39,F1,2.3042,OK
2026-07-08 14:30:49,F1,2.3886,OK
2026-07-08 14:30:59,F1,2.3807,OK
2026-07-08 14:31:10,F1,2.3385,OK
2026-07-08 14:31:20,F1,2.4520,OK
2026-07-08 14:31:30,F1,2.1141,OK
2026-07-08 14:31:41,F1,7.2635,OK
2026-07-08 14:31:51,F1,50.0000,Alto rango
2026-07-08 14:32:01,F1,50.0000,Alto rango
2026-07-08 14:32:12,F1,35.9481,OK
2026-07-08 14:32:22,F1,0.0000,Bajo rango
2026-07-08 14:32:32,F1,0.0000,OK
2026-07-08 14:32:43,F1,0.2930,OK
2026-07-08 14:32:53,F1,0.9317,OK
2026-07-08 14:33:03,F1,1.2062,OK
2026-07-08 14:33:14,F1,1.4226,OK
2026-07-08 14:33:24,F1,1.6153,OK
2026-07-08 14:33:34,F1,1.8000,OK
2026-07-08 14:33:45,F1,1.9399,OK
2026-07-08 14:33:55,F1,1.9003,OK
2026-07-08 14:34:05,F1,2.1484,OK
2026-07-08 14:34:16,F1,1.9901,OK
2026-07-08 14:34:26,F1,1.9716,OK
2026-07-08 14:34:36,F1,2.1141,OK
2026-07-08 14:34:47,F1,1.8713,OK
2026-07-08 14:34:57,F1,1.9769,OK
2026-07-08 14:35:07,F1,1.9663,OK
2026-07-08 14:35:18,F1,1.8687,OK
2026-07-08 14:35:28,F1,1.9188,OK
2026-07-08 14:35:38,F1,1.8344,OK
2026-07-08 14:35:49,F1,1.7156,OK
2026-07-08 14:35:59,F1,1.7895,OK
2026-07-08 14:36:09,F1,1.9505,OK
2026-07-08 14:36:20,F1,1.8291,OK
2026-07-08 14:36:30,F1,1.8449,OK
2026-07-08 14:36:41,F1,2.3068,OK
2026-07-08 14:36:51,F1,2.0957,OK
2026-07-08 14:37:01,F1,1.8291,OK
2026-07-08 14:37:12,F1,1.7842,OK
2026-07-08 14:37:22,F1,1.8634,OK
2026-07-08 14:37:32,F1,1.8555,OK
2026-07-08 14:37:43,F1,1.9162,OK
2026-07-08 14:37:53,F1,1.8212,OK
2026-07-08 14:38:03,F1,1.9663,OK
2026-07-08 14:38:14,F1,1.9769,OK
2026-07-08 14:38:24,F1,2.0904,OK
2026-07-08 14:38:34,F1,2.3675,OK
2026-07-08 14:38:45,F1,2.6420,OK
2026-07-08 14:38:55,F1,2.9482,OK
2026-07-08 14:39:05,F1,2.8611,OK
2026-07-08 14:39:16,F1,3.0432,OK
2026-07-08 14:39:26,F1,2.9297,OK
2026-07-08 14:39:36,F1,2.6446,OK
2026-07-08 14:39:47,F1,2.5470,OK
2026-07-08 14:39:57,F1,2.6763,OK
2026-07-08 14:40:07,F1,2.6578,OK
2026-07-08 14:40:18,F1,2.6077,OK
2026-07-08 14:40:28,F1,2.5338,OK
2026-07-08 14:40:38,F1,2.4361,OK
2026-07-08 14:40:49,F1,2.5259,OK
2026-07-08 14:40:59,F1,2.4124,OK
2026-07-08 14:41:09,F1,2.4256,OK
2026-07-08 14:41:20,F1,2.4995,OK
2026-07-08 14:41:30,F1,2.3147,OK
2026-07-08 14:41:40,F1,2.4916,OK
2026-07-08 14:41:50,F1,2.4414,OK
2026-07-08 14:42:01,F1,2.5602,OK
2026-07-08 14:42:11,F1,2.6420,OK
2026-07-08 14:42:22,F1,2.6789,OK
2026-07-08 14:42:32,F1,2.4863,OK
2026-07-08 14:42:42,F1,2.5496,OK
2026-07-08 14:42:53,F1,2.7212,OK
2026-07-08 14:43:03,F1,2.7053,OK
2026-07-08 14:43:13,F1,2.7159,OK
2026-07-08 14:43:23,F1,2.6499,OK
2026-07-08 14:43:34,F1,2.5918,OK
2026-07-08 14:43:44,F1,2.6182,OK
2026-07-08 14:43:54,F1,2.5496,OK
2026-07-08 14:44:05,F1,2.3332,OK
2026-07-08 14:44:15,F1,2.1194,OK
2026-07-08 14:44:25,F1,1.9663,OK
2026-07-08 14:44:36,F1,1.8502,OK
2026-07-08 14:44:46,F1,1.8792,OK
2026-07-08 14:44:57,F1,1.8344,OK
2026-07-08 14:45:07,F1,1.7393,OK
2026-07-08 14:45:17,F1,1.3382,OK
2026-07-08 14:45:28,F1,1.7446,OK
2026-07-08 14:45:38,F1,1.7789,OK
2026-07-08 14:45:48,F1,0.0000,OK
2026-07-08 14:45:59,F1,0.0000,OK
2026-07-08 14:46:09,F1,0.0000,OK
2026-07-08 14:46:19,F1,0.0000,OK
2026-07-08 14:46:30,F1,14.4663,OK
2026-07-08 14:46:40,F1,12.2572,OK
2026-07-08 14:46:50,F1,9.8606,OK
2026-07-08 14:47:01,F1,7.8046,OK
2026-07-08 14:47:11,F1,5.2814,OK
2026-07-08 14:47:21,F1,4.2705,OK
2026-07-08 14:47:32,F1,3.7611,OK
2026-07-08 14:47:42,F1,3.3177,OK
2026-07-08 14:47:52,F1,2.9482,OK
2026-07-08 14:48:03,F1,2.7740,OK
2026-07-08 14:48:13,F1,2.5681,OK
2026-07-08 14:48:23,F1,2.4599,OK
2026-07-08 14:48:34,F1,2.3147,OK
2026-07-08 14:48:44,F1,2.2514,OK
2026-07-08 14:48:54,F1,2.2144,OK
2026-07-08 14:49:05,F1,2.1168,OK
2026-07-08 14:49:15,F1,2.1669,OK
2026-07-08 14:49:25,F1,1.9320,OK
2026-07-08 14:49:36,F1,2.0693,OK
2026-07-08 14:49:46,F1,1.9954,OK
2026-07-08 14:49:56,F1,1.9452,OK
2026-07-08 14:50:07,F1,1.7974,OK
2026-07-08 14:50:17,F1,1.7314,OK
2026-07-08 14:50:27,F1,1.7631,OK
2026-07-08 14:50:38,F1,1.7657,OK
2026-07-08 14:50:48,F1,1.8317,OK
2026-07-08 14:50:58,F1,1.8106,OK
2026-07-08 14:51:09,F1,2.0561,OK
2026-07-08 14:51:19,F1,1.8080,OK
2026-07-08 14:51:29,F1,1.8212,OK
2026-07-08 14:51:40,F1,1.8080,OK
2026-07-08 14:51:50,F1,1.8027,OK
2026-07-08 14:52:00,F1,1.7420,OK
2026-07-08 14:52:11,F1,1.7684,OK
2026-07-08 14:52:21,F1,1.8370,OK
2026-07-08 14:52:31,F1,1.6074,OK
2026-07-08 14:52:42,F1,1.7710,OK
2026-07-08 14:52:52,F1,1.8238,OK
2026-07-08 14:53:02,F1,1.7631,OK
2026-07-08 14:53:13,F1,1.9003,OK
2026-07-08 14:53:23,F1,1.9663,OK
2026-07-08 14:53:33,F1,1.8951,OK
2026-07-08 14:53:44,F1,1.8871,OK
2026-07-08 14:53:54,F1,2.0613,OK
2026-07-08 14:54:04,F1,1.8871,OK
2026-07-08 14:54:15,F1,1.9030,OK
2026-07-08 14:54:25,F1,1.9505,OK
2026-07-08 14:54:35,F1,2.0798,OK
2026-07-08 14:54:46,F1,2.0904,OK
2026-07-08 14:54:56,F1,2.1168,OK
2026-07-08 14:55:06,F1,1.9452,OK
2026-07-08 14:55:17,F1,1.9927,OK
2026-07-08 14:55:27,F1,2.1036,OK
2026-07-08 14:55:37,F1,2.1326,OK
2026-07-08 14:55:48,F1,2.1326,OK
2026-07-08 14:55:58,F1,2.0033,OK
2026-07-08 14:56:08,F1,2.0086,OK
2026-07-08 14:56:19,F1,2.0666,OK
2026-07-08 14:56:29,F1,2.2144,OK
2026-07-08 14:56:39,F1,2.2223,OK
2026-07-08 14:56:50,F1,2.1590,OK
2026-07-08 14:57:00,F1,1.8581,OK
2026-07-08 14:57:10,F1,2.2619,OK
2026-07-08 14:57:21,F1,2.1801,OK
2026-07-08 14:57:31,F1,2.1062,OK
2026-07-08 14:57:41,F1,1.9742,OK
2026-07-08 14:57:52,F1,2.1933,OK
2026-07-08 14:58:02,F1,2.1300,OK
2026-07-08 14:58:12,F1,2.1168,OK
2026-07-08 14:58:23,F1,2.1168,OK
2026-07-08 14:58:33,F1,2.1696,OK
2026-07-08 14:58:43,F1,2.0851,OK
2026-07-08 14:58:54,F1,2.3279,OK
2026-07-08 14:59:04,F1,2.1564,OK
2026-07-08 14:59:14,F1,2.1458,OK
2026-07-08 14:59:25,F1,2.1352,OK
2026-07-08 14:59:35,F1,2.0957,OK
2026-07-08 14:59:45,F1,2.1537,OK
2026-07-08 14:59:56,F1,2.2435,OK
2026-07-08 15:00:06,F1,2.2223,OK
2026-07-08 15:00:16,F1,2.2672,OK
2026-07-08 15:00:27,F1,2.1564,OK
2026-07-08 15:00:37,F1,2.2329,OK
2026-07-08 15:00:47,F1,2.3754,OK
2026-07-08 15:00:58,F1,2.4335,OK
2026-07-08 15:01:08,F1,2.3358,OK
2026-07-08 15:01:18,F1,2.2804,OK
2026-07-08 15:01:29,F1,2.1669,OK
2026-07-08 15:01:39,F1,2.2514,OK
2026-07-08 15:01:49,F1,2.0086,OK
2026-07-08 15:02:00,F1,2.2039,OK
2026-07-08 15:02:10,F1,2.1590,OK
2026-07-08 15:02:21,F1,2.1775,OK
2026-07-08 15:02:31,F1,2.2962,OK
2026-07-08 15:02:41,F1,2.2329,OK
2026-07-08 15:02:52,F1,2.3569,OK
2026-07-08 15:03:02,F1,2.2830,OK
2026-07-08 15:03:12,F1,2.2118,OK
2026-07-08 15:03:23,F1,2.2118,OK
2026-07-08 15:03:33,F1,2.3147,OK
2026-07-08 15:03:44,F1,2.3965,OK
2026-07-08 15:03:54,F1,2.3754,OK
2026-07-08 15:04:04,F1,2.5153,OK
2026-07-08 15:04:15,F1,2.4467,OK
2026-07-08 15:04:25,F1,2.5232,OK
2026-07-08 15:04:35,F1,2.5945,OK
2026-07-08 15:04:46,F1,2.5443,OK
2026-07-08 15:04:56,F1,2.5918,OK
2026-07-08 15:05:06,F1,2.4810,OK
2026-07-08 15:05:17,F1,2.6130,OK
2026-07-08 15:05:27,F1,2.5602,OK
2026-07-08 15:05:37,F1,2.5338,OK
2026-07-08 15:05:48,F1,2.5391,OK
2026-07-08 15:05:58,F1,2.3596,OK
2026-07-08 15:06:08,F1,2.6552,OK
2026-07-08 15:06:19,F1,2.5259,OK
2026-07-08 15:06:29,F1,2.5259,OK
2026-07-08 15:06:40,F1,2.3569,OK
2026-07-08 15:06:50,F1,2.2619,OK
2026-07-08 15:07:00,F1,2.6341,OK
2026-07-08 15:07:11,F1,2.4995,OK
2026-07-08 15:07:21,F1,2.5391,OK
2026-07-08 15:07:31,F1,2.4625,OK
2026-07-08 15:07:42,F1,2.6710,OK
2026-07-08 15:07:52,F1,2.4889,OK
2026-07-08 15:08:02,F1,2.5338,OK
2026-07-08 15:08:13,F1,2.3807,OK
2026-07-08 15:08:23,F1,2.4731,OK
2026-07-08 15:08:33,F1,2.4678,OK
2026-07-08 15:08:44,F1,2.5760,OK
2026-07-08 15:08:54,F1,2.5628,OK
2026-07-08 15:09:04,F1,2.5681,OK
2026-07-08 15:09:15,F1,2.5232,OK
2026-07-08 15:09:25,F1,2.4097,OK
2026-07-08 15:09:35,F1,2.4704,OK
2026-07-08 15:09:46,F1,2.5232,OK
2026-07-08 15:09:56,F1,2.5918,OK
2026-07-08 15:10:07,F1,2.6209,OK
2026-07-08 15:10:17,F1,2.5787,OK
2026-07-08 15:10:27,F1,2.4916,OK
2026-07-08 15:10:38,F1,2.3622,OK
2026-07-08 15:10:48,F1,2.5021,OK
2026-07-08 15:10:58,F1,2.4678,OK
2026-07-08 15:11:09,F1,2.4652,OK
2026-07-08 15:11:19,F1,2.7423,OK
2026-07-08 15:11:29,F1,2.5496,OK
2026-07-08 15:11:40,F1,2.5232,OK
2026-07-08 15:11:50,F1,2.4678,OK
2026-07-08 15:12:00,F1,2.5918,OK
2026-07-08 15:12:11,F1,2.4625,OK
2026-07-08 15:12:21,F1,2.4071,OK
2026-07-08 15:12:31,F1,2.5048,OK
2026-07-08 15:12:42,F1,2.3754,OK
2026-07-08 15:12:52,F1,2.3569,OK
2026-07-08 15:13:02,F1,2.4282,OK
2026-07-08 15:13:13,F1,2.4942,OK
2026-07-08 15:13:23,F1,2.4678,OK
2026-07-08 15:13:33,F1,2.4863,OK
2026-07-08 15:13:44,F1,2.4282,OK
2026-07-08 15:13:54,F1,2.3860,OK
2026-07-08 15:14:05,F1,2.4942,OK
2026-07-08 15:14:15,F1,2.5048,OK
2026-07-08 15:14:25,F1,2.6156,OK
2026-07-08 15:14:35,F1,2.4863,OK
2026-07-08 15:14:46,F1,2.5100,OK
2026-07-08 15:14:56,F1,2.4889,OK
2026-07-08 15:15:06,F1,2.5734,OK
2026-07-08 15:15:17,F1,2.5021,OK
2026-07-08 15:15:27,F1,2.5127,OK
2026-07-08 15:15:37,F1,2.4704,OK
2026-07-08 15:15:48,F1,2.5892,OK
2026-07-08 15:15:58,F1,2.4863,OK
2026-07-08 15:16:09,F1,2.4625,OK
2026-07-08 15:16:19,F1,2.4784,OK
2026-07-08 15:16:29,F1,2.4282,OK
2026-07-08 15:16:40,F1,2.5549,OK
2026-07-08 15:16:50,F1,2.5391,OK
2026-07-08 15:17:00,F1,2.5153,OK
2026-07-08 15:17:11,F1,2.4652,OK
2026-07-08 15:17:21,F1,2.4229,OK
2026-07-08 15:17:31,F1,2.3781,OK
2026-07-08 15:17:41,F1,2.4731,OK
2026-07-08 15:17:52,F1,2.2329,OK
2026-07-08 15:18:02,F1,2.4097,OK
2026-07-08 15:18:12,F1,2.5127,OK
2026-07-08 15:18:23,F1,2.4097,OK
2026-07-08 15:18:33,F1,2.4150,OK
2026-07-08 15:18:43,F1,2.6209,OK
2026-07-08 15:18:54,F1,2.7898,OK
2026-07-08 15:19:04,F1,2.3649,OK
2026-07-08 15:19:14,F1,2.3992,OK
2026-07-08 15:19:25,F1,2.5417,OK
2026-07-08 15:19:35,F1,2.5575,OK
2026-07-08 15:19:45,F1,2.6341,OK
2026-07-08 15:19:56,F1,2.5470,OK
2026-07-08 15:20:06,F1,2.6763,OK
2026-07-08 15:20:17,F1,2.5839,OK
2026-07-08 15:20:27,F1,2.6103,OK
2026-07-08 15:20:37,F1,2.5470,OK
2026-07-08 15:20:48,F1,2.7951,OK
2026-07-08 15:20:58,F1,2.5628,OK
2026-07-08 15:21:08,F1,2.6446,OK
2026-07-08 15:21:18,F1,2.5523,OK
2026-07-08 15:21:29,F1,2.5918,OK
2026-07-08 15:21:39,F1,2.4388,OK
2026-07-08 15:21:49,F1,2.4388,OK
2026-07-08 15:22:00,F1,2.4071,OK
2026-07-08 15:22:10,F1,2.5311,OK
2026-07-08 15:22:21,F1,2.5628,OK
2026-07-08 15:22:31,F1,2.5549,OK
2026-07-08 15:22:41,F1,2.6526,OK
2026-07-08 15:22:52,F1,2.5813,OK
2026-07-08 15:23:02,F1,2.5048,OK
2026-07-08 15:23:12,F1,2.6473,OK
2026-07-08 15:23:22,F1,2.6103,OK
2026-07-08 15:23:33,F1,2.4836,OK
2026-07-08 15:23:43,F1,2.8822,OK
2026-07-08 15:23:54,F1,2.6842,OK
2026-07-08 15:24:04,F1,2.7133,OK
2026-07-08 15:24:14,F1,2.7766,OK
2026-07-08 15:24:25,F1,2.6024,OK
2026-07-08 15:24:35,F1,2.5048,OK
2026-07-08 15:24:45,F1,2.6526,OK
2026-07-08 15:24:56,F1,2.5813,OK
2026-07-08 15:25:06,F1,2.5971,OK
2026-07-08 15:25:16,F1,2.7713,OK
2026-07-08 15:25:27,F1,2.6209,OK
2026-07-08 15:25:37,F1,2.6974,OK
2026-07-08 15:25:47,F1,2.5496,OK
2026-07-08 15:25:58,F1,2.5259,OK
2026-07-08 15:26:08,F1,2.5945,OK
2026-07-08 15:26:18,F1,2.4757,OK
2026-07-08 15:26:29,F1,2.5391,OK
2026-07-08 15:26:39,F1,2.5523,OK
2026-07-08 15:26:49,F1,2.5285,OK
2026-07-08 15:27:00,F1,2.6552,OK
2026-07-08 15:27:10,F1,2.6763,OK
2026-07-08 15:27:20,F1,2.5417,OK
2026-07-08 15:27:31,F1,2.6921,OK
2026-07-08 15:27:41,F1,2.5575,OK
2026-07-08 15:27:51,F1,2.5918,OK
2026-07-08 15:28:02,F1,2.0851,OK
2026-07-08 15:28:12,F1,2.4836,OK
2026-07-08 15:28:23,F1,2.6974,OK
2026-07-08 15:28:33,F1,2.6526,OK
2026-07-08 15:28:43,F1,2.5153,OK
2026-07-08 15:28:53,F1,2.7238,OK
2026-07-08 15:29:04,F1,2.6103,OK
2026-07-08 15:29:14,F1,2.5787,OK
2026-07-08 15:29:25,F1,2.5760,OK
2026-07-08 15:29:35,F1,2.6050,OK
2026-07-08 15:29:45,F1,2.6262,OK
2026-07-08 15:29:56,F1,2.7951,OK
2026-07-08 15:30:06,F1,2.4731,OK
2026-07-08 15:30:16,F1,2.4942,OK
2026-07-08 15:30:26,F1,2.6578,OK
2026-07-08 15:30:37,F1,2.6394,OK
2026-07-08 15:30:47,F1,2.4942,OK
2026-07-08 15:30:57,F1,2.6895,OK
2026-07-08 15:31:08,F1,2.5839,OK
2026-07-08 15:31:18,F1,2.7740,OK
2026-07-08 15:31:28,F1,2.6103,OK
2026-07-08 15:31:39,F1,2.7740,OK
2026-07-08 15:31:49,F1,2.7819,OK
2026-07-08 15:31:59,F1,2.6394,OK
2026-07-08 15:32:10,F1,2.5575,OK
2026-07-08 15:32:20,F1,2.4203,OK
2026-07-08 15:32:30,F1,2.5417,OK
2026-07-08 15:32:41,F1,2.5575,OK
2026-07-08 15:32:51,F1,2.5998,OK
2026-07-08 15:33:01,F1,2.3226,OK
2026-07-08 15:33:12,F1,2.7344,OK
2026-07-08 15:33:22,F1,2.7529,OK
2026-07-08 15:33:32,F1,2.6895,OK
2026-07-08 15:33:43,F1,2.7845,OK
2026-07-08 15:33:53,F1,2.7819,OK
2026-07-08 15:34:04,F1,2.7951,OK
2026-07-08 15:34:14,F1,2.6789,OK
2026-07-08 15:34:24,F1,2.9323,OK
2026-07-08 15:34:34,F1,2.7660,OK
2026-07-08 15:34:45,F1,2.8690,OK
2026-07-08 15:34:55,F1,3.1171,OK
2026-07-08 15:35:05,F1,2.8505,OK
2026-07-08 15:35:16,F1,2.8980,OK
2026-07-08 15:35:26,F1,2.9455,OK
2026-07-08 15:35:36,F1,3.2860,OK
2026-07-08 15:35:47,F1,3.0326,OK
2026-07-08 15:35:57,F1,2.9508,OK
2026-07-08 15:36:08,F1,3.2200,OK
2026-07-08 15:36:18,F1,2.9693,OK
2026-07-08 15:36:28,F1,2.9983,OK
2026-07-08 15:36:39,F1,2.9693,OK
2026-07-08 15:36:49,F1,2.9957,OK
2026-07-08 15:36:59,F1,3.1646,OK
2026-07-08 15:37:10,F1,2.9693,OK
2026-07-08 15:37:20,F1,3.0326,OK
2026-07-08 15:37:30,F1,3.0141,OK
2026-07-08 15:37:41,F1,3.1197,OK
2026-07-08 15:37:51,F1,3.0722,OK
2026-07-08 15:38:02,F1,2.9930,OK
2026-07-08 15:38:12,F1,3.0010,OK
2026-07-08 15:38:22,F1,3.2622,OK
2026-07-08 15:38:33,F1,3.0590,OK
2026-07-08 15:38:43,F1,3.1329,OK
2026-07-08 15:38:53,F1,3.0722,OK
2026-07-08 15:39:04,F1,3.0590,OK
2026-07-08 15:39:14,F1,3.0273,OK
2026-07-08 15:39:24,F1,2.9112,OK
2026-07-08 15:39:35,F1,2.9825,OK
2026-07-08 15:39:45,F1,2.8558,OK
2026-07-08 15:39:55,F1,2.8743,OK
2026-07-08 15:40:06,F1,2.8373,OK
2026-07-08 15:40:16,F1,2.8531,OK
2026-07-08 15:40:26,F1,3.0036,OK
2026-07-08 15:40:37,F1,2.8083,OK
2026-07-08 15:40:47,F1,2.8716,OK
2026-07-08 15:40:57,F1,2.9007,OK
2026-07-08 15:41:08,F1,3.0933,OK
2026-07-08 15:41:18,F1,2.7529,OK
2026-07-08 15:41:28,F1,2.8822,OK
2026-07-08 15:41:39,F1,2.8188,OK
2026-07-08 15:41:49,F1,2.9350,OK
2026-07-08 15:41:59,F1,2.9587,OK
2026-07-08 15:42:10,F1,3.0036,OK
2026-07-08 15:42:20,F1,2.8399,OK
2026-07-08 15:42:30,F1,2.8215,OK
2026-07-08 15:42:41,F1,2.9297,OK
2026-07-08 15:42:51,F1,2.7344,OK
2026-07-08 15:43:01,F1,2.7977,OK
2026-07-08 15:43:11,F1,2.8452,OK
2026-07-08 15:43:22,F1,2.7344,OK
2026-07-08 15:43:32,F1,2.7159,OK
2026-07-08 15:43:42,F1,2.7027,OK
2026-07-08 15:43:53,F1,2.8558,OK
2026-07-08 15:44:03,F1,2.9270,OK
2026-07-08 15:44:13,F1,2.7660,OK
2026-07-08 15:44:24,F1,2.7027,OK
2026-07-08 15:44:34,F1,2.7845,OK
2026-07-08 15:44:45,F1,2.8294,OK
2026-07-08 15:44:55,F1,2.8241,OK
2026-07-08 15:45:05,F1,2.9033,OK
2026-07-08 15:45:15,F1,2.7344,OK
2026-07-08 15:45:26,F1,2.9746,OK
2026-07-08 15:45:36,F1,2.9270,OK
2026-07-08 15:45:47,F1,2.7845,OK
2026-07-08 15:45:57,F1,2.9165,OK
2026-07-08 15:46:07,F1,2.8056,OK
2026-07-08 15:46:18,F1,2.8743,OK
2026-07-08 15:46:28,F1,3.2622,OK
2026-07-08 15:46:38,F1,2.7291,OK
2026-07-08 15:46:49,F1,2.6605,OK
2026-07-08 15:46:59,F1,2.7608,OK
2026-07-08 15:47:09,F1,2.6526,OK
2026-07-08 15:47:20,F1,2.8479,OK
2026-07-08 15:47:30,F1,2.9033,OK
2026-07-08 15:47:40,F1,2.8241,OK
2026-07-08 15:47:51,F1,2.7766,OK
2026-07-08 15:48:01,F1,2.8769,OK
2026-07-08 15:48:11,F1,2.7291,OK
2026-07-08 15:48:22,F1,3.1382,OK
2026-07-08 15:48:32,F1,2.7845,OK
2026-07-08 15:48:42,F1,2.9007,OK
2026-07-08 15:48:53,F1,2.7476,OK
2026-07-08 15:49:03,F1,2.7423,OK
2026-07-08 15:49:13,F1,2.8637,OK
2026-07-08 15:49:24,F1,2.7634,OK
2026-07-08 15:49:34,F1,2.9666,OK
2026-07-08 15:49:44,F1,2.7529,OK
2026-07-08 15:49:55,F1,2.9191,OK
2026-07-08 15:50:05,F1,2.6552,OK
2026-07-08 15:50:15,F1,2.8215,OK
2026-07-08 15:50:26,F1,2.8399,OK
2026-07-08 15:50:36,F1,2.8056,OK
2026-07-08 15:50:46,F1,2.8901,OK
2026-07-08 15:50:57,F1,2.7397,OK
2026-07-08 15:51:07,F1,2.7898,OK
2026-07-08 15:51:17,F1,2.8030,OK
2026-07-08 15:51:28,F1,2.7344,OK
2026-07-08 15:51:38,F1,2.7977,OK
2026-07-08 15:51:49,F1,2.5839,OK
2026-07-08 15:51:59,F1,2.7265,OK
2026-07-08 15:52:09,F1,2.8373,OK
2026-07-08 15:52:20,F1,2.9033,OK
2026-07-08 15:52:30,F1,2.8320,OK
2026-07-08 15:52:40,F1,2.9086,OK
2026-07-08 15:52:51,F1,2.8611,OK
2026-07-08 15:53:01,F1,2.8927,OK
2026-07-08 15:53:11,F1,3.0485,OK
2026-07-08 15:53:22,F1,3.0089,OK
2026-07-08 15:53:32,F1,2.8056,OK
2026-07-08 15:53:42,F1,2.8954,OK
2026-07-08 15:53:53,F1,2.9033,OK
2026-07-08 15:54:03,F1,2.8558,OK
2026-07-08 15:54:13,F1,2.8690,OK
2026-07-08 15:54:24,F1,2.8452,OK
2026-07-08 15:54:34,F1,2.9402,OK
2026-07-08 15:54:44,F1,2.8637,OK
2026-07-08 15:54:55,F1,3.0405,OK
2026-07-08 15:55:05,F1,3.0669,OK
2026-07-08 15:55:16,F1,2.9798,OK
2026-07-08 15:55:26,F1,2.9798,OK
2026-07-08 15:55:36,F1,3.0300,OK
2026-07-08 15:55:47,F1,2.9798,OK
2026-07-08 15:55:57,F1,3.1804,OK
2026-07-08 15:56:07,F1,3.0907,OK
2026-07-08 15:56:18,F1,3.0194,OK
2026-07-08 15:56:28,F1,2.7819,OK
2026-07-08 15:56:38,F1,2.9455,OK
2026-07-08 15:56:49,F1,3.1936,OK
2026-07-08 15:56:59,F1,3.1963,OK
2026-07-08 15:57:09,F1,3.0300,OK
2026-07-08 15:57:20,F1,3.1356,OK
2026-07-08 15:57:30,F1,3.0537,OK
2026-07-08 15:57:40,F1,3.1065,OK
2026-07-08 15:57:51,F1,2.9561,OK
2026-07-08 15:58:01,F1,3.2913,OK
2026-07-08 15:58:11,F1,3.1831,OK
2026-07-08 15:58:22,F1,3.0168,OK
2026-07-08 15:58:32,F1,3.0907,OK
2026-07-08 15:58:42,F1,3.1883,OK
2026-07-08 15:58:53,F1,3.2543,OK
2026-07-08 15:59:03,F1,3.1382,OK
2026-07-08 15:59:13,F1,3.1382,OK
2026-07-08 15:59:24,F1,3.1408,OK
2026-07-08 15:59:34,F1,3.1382,OK
2026-07-08 15:59:44,F1,3.0458,OK
2026-07-08 15:59:55,F1,3.2675,OK
2026-07-08 16:00:05,F1,3.2200,OK
2026-07-08 16:00:15,F1,3.2332,OK
2026-07-08 16:00:26,F1,3.1435,OK
2026-07-08 16:00:36,F1,3.1593,OK
2026-07-08 16:00:46,F1,3.4074,OK
2026-07-08 16:00:57,F1,3.6951,OK
2026-07-08 16:01:07,F1,3.6793,OK
2026-07-08 16:01:17,F1,4.0065,OK
2026-07-08 16:01:28,F1,3.9881,OK
2026-07-08 16:01:38,F1,4.0092,OK
2026-07-08 16:01:48,F1,4.1174,OK
2026-07-08 16:01:59,F1,4.1939,OK
2026-07-08 16:02:09,F1,4.0382,OK
2026-07-08 16:02:19,F1,4.0910,OK
2026-07-08 16:02:30,F1,3.8851,OK
2026-07-08 16:02:40,F1,3.8086,OK
2026-07-08 16:02:50,F1,3.7558,OK
2026-07-08 16:03:01,F1,4.0593,OK
2026-07-08 16:03:11,F1,4.2335,OK
2026-07-08 16:03:21,F1,3.9194,OK
2026-07-08 16:03:32,F1,4.0488,OK
2026-07-08 16:03:42,F1,4.0936,OK
2026-07-08 16:03:52,F1,4.2599,OK
2026-07-08 16:04:03,F1,4.2388,OK
2026-07-08 16:04:13,F1,4.2283,OK
2026-07-08 16:04:23,F1,4.2467,OK
2026-07-08 16:04:34,F1,4.3285,OK
2026-07-08 16:04:44,F1,4.5107,OK
2026-07-08 16:04:54,F1,4.7482,OK
2026-07-08 16:05:05,F1,4.3734,OK
2026-07-08 16:05:15,F1,4.7852,OK
2026-07-08 16:05:25,F1,4.7429,OK
2026-07-08 16:05:36,F1,4.5582,OK
2026-07-08 16:05:46,F1,4.7376,OK
2026-07-08 16:05:56,F1,4.7350,OK
2026-07-08 16:06:07,F1,4.8195,OK
2026-07-08 16:06:17,F1,4.7984,OK
2026-07-08 16:06:27,F1,4.8696,OK
2026-07-08 16:06:38,F1,4.9224,OK
2026-07-08 16:06:48,F1,5.0016,OK
2026-07-08 16:06:58,F1,4.7403,OK
2026-07-08 16:07:09,F1,5.0728,OK
2026-07-08 16:07:19,F1,5.0966,OK
2026-07-08 16:07:29,F1,5.0808,OK
2026-07-08 16:07:40,F1,5.0966,OK
2026-07-08 16:07:50,F1,5.1995,OK
2026-07-08 16:08:01,F1,4.9831,OK
2026-07-08 16:08:11,F1,5.0913,OK
2026-07-08 16:08:21,F1,4.6901,OK
2026-07-08 16:08:32,F1,4.7535,OK
2026-07-08 16:08:42,F1,4.5978,OK
2026-07-08 16:08:52,F1,4.9224,OK
2026-07-08 16:09:03,F1,4.6901,OK
2026-07-08 16:09:13,F1,5.0676,OK
2026-07-08 16:09:23,F1,5.0016,OK
2026-07-08 16:09:34,F1,4.9488,OK
2026-07-08 16:09:44,F1,4.8907,OK
2026-07-08 16:09:54,F1,4.9488,OK
2026-07-08 16:10:05,F1,5.0676,OK
2026-07-08 16:10:15,F1,5.2682,OK
2026-07-08 16:10:25,F1,5.2391,OK
2026-07-08 16:10:36,F1,4.9303,OK
2026-07-08 16:10:46,F1,5.1811,OK
2026-07-08 16:10:56,F1,5.3975,OK
2026-07-08 16:11:07,F1,4.9039,OK
2026-07-08 16:11:17,F1,1.8687,OK
2026-07-08 16:11:27,F1,4.5661,OK
2026-07-08 16:11:38,F1,4.1200,OK
2026-07-08 16:11:48,F1,3.1593,OK
2026-07-08 16:11:58,F1,3.2200,OK
2026-07-08 16:12:09,F1,2.8083,OK
2026-07-08 16:12:19,F1,2.7977,OK
2026-07-08 16:12:29,F1,2.7740,OK
2026-07-08 16:12:40,F1,2.5179,OK
2026-07-08 16:12:50,F1,2.4678,OK
2026-07-08 16:13:01,F1,2.4229,OK
2026-07-08 16:13:11,F1,2.1748,OK
2026-07-08 16:13:21,F1,2.1696,OK
2026-07-08 16:13:32,F1,2.2567,OK
2026-07-08 16:13:42,F1,1.8660,OK
2026-07-08 16:13:52,F1,1.9927,OK
2026-07-08 16:14:03,F1,1.9267,OK
2026-07-08 16:14:13,F1,1.9716,OK
2026-07-08 16:14:23,F1,1.9637,OK
2026-07-08 16:14:34,F1,1.8819,OK
2026-07-08 16:14:44,F1,1.8423,OK
2026-07-08 16:14:54,F1,2.1247,OK
2026-07-08 16:15:05,F1,1.9927,OK
2026-07-08 16:15:15,F1,2.0349,OK
2026-07-08 16:15:25,F1,2.2408,OK
2026-07-08 16:15:36,F1,0.0000,Bajo rango
2026-07-08 16:15:46,F1,0.0000,Bajo rango
2026-07-08 16:15:56,F1,30.4397,OK
2026-07-08 16:16:07,F1,1.0109,OK
2026-07-08 16:16:17,F1,4.1755,OK
2026-07-08 16:16:27,F1,5.0676,OK
2026-07-08 16:16:38,F1,5.4556,OK
2026-07-08 16:16:48,F1,5.6905,OK
2026-07-08 16:16:58,F1,5.6007,OK
2026-07-08 16:17:09,F1,5.6799,OK
2026-07-08 16:17:19,F1,5.7168,OK
2026-07-08 16:17:29,F1,5.6641,OK
2026-07-08 16:17:40,F1,5.8251,OK
2026-07-08 16:17:50,F1,5.8567,OK
2026-07-08 16:18:00,F1,5.6298,OK
2026-07-08 16:18:11,F1,5.8647,OK
2026-07-08 16:18:21,F1,5.9069,OK
2026-07-08 16:18:31,F1,5.9544,OK
2026-07-08 16:18:42,F1,5.7564,OK
2026-07-08 16:18:52,F1,5.8488,OK
2026-07-08 16:19:02,F1,6.0758,OK
2026-07-08 16:19:13,F1,6.0362,OK
2026-07-08 16:19:23,F1,6.4321,OK
2026-07-08 16:19:33,F1,6.0441,OK
2026-07-08 16:19:44,F1,6.0626,OK
2026-07-08 16:19:54,F1,6.0837,OK
2026-07-08 16:20:04,F1,6.0494,OK
2026-07-08 16:20:15,F1,5.9254,OK
2026-07-08 16:20:25,F1,5.9254,OK
2026-07-08 16:20:36,F1,5.8277,OK
2026-07-08 16:20:46,F1,5.9359,OK
2026-07-08 16:20:56,F1,5.6931,OK
2026-07-08 16:21:07,F1,5.6509,OK
2026-07-08 16:21:17,F1,5.3632,OK
2026-07-08 16:21:27,F1,5.7696,OK
2026-07-08 16:21:38,F1,5.7987,OK
2026-07-08 16:21:48,F1,5.7591,OK
2026-07-08 16:21:58,F1,5.5453,OK
2026-07-08 16:22:09,F1,5.6535,OK
2026-07-08 16:22:19,F1,5.7221,OK
2026-07-08 16:22:29,F1,5.3289,OK
2026-07-08 16:22:40,F1,5.8013,OK
2026-07-08 16:22:50,F1,5.5928,OK
2026-07-08 16:23:00,F1,5.6218,OK
2026-07-08 16:23:11,F1,6.0969,OK
2026-07-08 16:23:21,F1,5.6350,OK
2026-07-08 16:23:32,F1,5.6403,OK
2026-07-08 16:23:42,F1,5.5189,OK
2026-07-08 16:23:52,F1,5.5057,OK
2026-07-08 16:24:03,F1,5.4529,OK
2026-07-08 16:24:13,F1,5.3896,OK
2026-07-08 16:24:23,F1,5.5981,OK
2026-07-08 16:24:34,F1,5.5664,OK
2026-07-08 16:24:44,F1,5.4661,OK
2026-07-08 16:24:54,F1,5.4635,OK
2026-07-08 16:25:05,F1,5.4740,OK
2026-07-08 16:25:15,F1,5.6113,OK
2026-07-08 16:25:25,F1,5.6429,OK
2026-07-08 16:25:36,F1,5.5638,OK
2026-07-08 16:25:46,F1,5.5189,OK
2026-07-08 16:25:56,F1,5.5163,OK
2026-07-08 16:26:07,F1,5.4424,OK
2026-07-08 16:26:17,F1,5.4001,OK
2026-07-08 16:26:27,F1,5.5057,OK
2026-07-08 16:26:38,F1,5.4054,OK
2026-07-08 16:26:48,F1,5.5110,OK
2026-07-08 16:26:58,F1,5.5215,OK
2026-07-08 16:27:09,F1,5.4978,OK
2026-07-08 16:27:19,F1,5.3632,OK
2026-07-08 16:27:30,F1,5.2919,OK
2026-07-08 16:27:40,F1,5.3051,OK
2026-07-08 16:27:50,F1,5.3421,OK
2026-07-08 16:28:01,F1,5.1863,OK
2026-07-08 16:28:11,F1,5.4160,OK
2026-07-08 16:28:21,F1,5.4556,OK
2026-07-08 16:28:32,F1,5.4160,OK
2026-07-08 16:28:42,F1,5.3209,OK
2026-07-08 16:28:52,F1,5.1705,OK
2026-07-08 16:29:03,F1,5.1784,OK
2026-07-08 16:29:13,F1,5.2286,OK
2026-07-08 16:29:23,F1,5.2655,OK
2026-07-08 16:29:34,F1,5.2259,OK
2026-07-08 16:29:44,F1,5.2286,OK
2026-07-08 16:29:54,F1,5.3394,OK
2026-07-08 16:30:05,F1,5.1969,OK
2026-07-08 16:30:15,F1,5.4899,OK
2026-07-08 16:30:25,F1,5.4872,OK
2026-07-08 16:30:36,F1,5.1811,OK
2026-07-08 16:30:46,F1,5.3051,OK
2026-07-08 16:30:56,F1,5.1863,OK
2026-07-08 16:31:07,F1,5.2682,OK
2026-07-08 16:31:17,F1,5.2576,OK
2026-07-08 16:31:27,F1,5.2127,OK
2026-07-08 16:31:38,F1,5.3368,OK
2026-07-08 16:31:48,F1,5.4239,OK
2026-07-08 16:31:59,F1,5.1336,OK
2026-07-08 16:32:09,F1,5.1969,OK
2026-07-08 16:32:19,F1,5.3553,OK
2026-07-08 16:32:30,F1,5.2180,OK
2026-07-08 16:32:40,F1,5.1072,OK
2026-07-08 16:32:50,F1,5.4292,OK
2026-07-08 16:33:01,F1,5.1784,OK
2026-07-08 16:33:11,F1,5.2391,OK
2026-07-08 16:33:21,F1,5.2840,OK
2026-07-08 16:33:32,F1,5.1943,OK
2026-07-08 16:33:42,F1,5.3157,OK
2026-07-08 16:33:52,F1,5.1599,OK
2026-07-08 16:34:03,F1,5.0596,OK
2026-07-08 16:34:13,F1,5.2312,OK
2026-07-08 16:34:23,F1,5.1309,OK
2026-07-08 16:34:34,F1,5.3315,OK
2026-07-08 16:34:44,F1,5.1758,OK
2026-07-08 16:34:54,F1,5.2866,OK
2026-07-08 16:35:05,F1,5.4503,OK
2026-07-08 16:35:15,F1,5.5453,OK
2026-07-08 16:35:25,F1,5.3579,OK
2026-07-08 16:35:36,F1,5.3896,OK
2026-07-08 16:35:46,F1,5.4292,OK
2026-07-08 16:35:56,F1,5.3843,OK
2026-07-08 16:36:07,F1,5.5875,OK
2026-07-08 16:36:17,F1,5.5400,OK
2026-07-08 16:36:27,F1,5.6588,OK
2026-07-08 16:36:38,F1,5.8066,OK
2026-07-08 16:36:48,F1,5.5743,OK
2026-07-08 16:36:58,F1,6.0019,OK
2026-07-08 16:37:09,F1,5.6509,OK
2026-07-08 16:37:19,F1,5.3473,OK
2026-07-08 16:37:29,F1,5.6720,OK
2026-07-08 16:37:40,F1,5.5479,OK
2026-07-08 16:37:50,F1,5.4529,OK
2026-07-08 16:38:00,F1,5.4767,OK
2026-07-08 16:38:11,F1,5.4767,OK
2026-07-08 16:38:21,F1,5.6799,OK
2026-07-08 16:38:31,F1,5.3473,OK
2026-07-08 16:38:42,F1,5.5849,OK
2026-07-08 16:38:52,F1,5.4107,OK
2026-07-08 16:39:02,F1,5.4424,OK
2026-07-08 16:39:13,F1,5.6218,OK
2026-07-08 16:39:23,F1,5.7168,OK
2026-07-08 16:39:33,F1,5.6034,OK
2026-07-08 16:39:44,F1,5.8462,OK
2026-07-08 16:39:54,F1,5.5849,OK
2026-07-08 16:40:04,F1,5.5031,OK
2026-07-08 16:40:15,F1,5.4371,OK
2026-07-08 16:40:25,F1,5.3289,OK
2026-07-08 16:40:36,F1,5.3922,OK
2026-07-08 16:40:46,F1,5.9438,OK
2026-07-08 16:40:56,F1,5.4318,OK
2026-07-08 16:41:07,F1,5.5928,OK
2026-07-08 16:41:17,F1,5.6403,OK
2026-07-08 16:41:27,F1,5.5295,OK
2026-07-08 16:41:38,F1,5.5031,OK
2026-07-08 16:41:48,F1,5.4872,OK
2026-07-08 16:41:58,F1,5.5796,OK
2026-07-08 16:42:09,F1,5.4925,OK
2026-07-08 16:42:19,F1,5.3685,OK
2026-07-08 16:42:29,F1,5.5796,OK
2026-07-08 16:42:40,F1,5.6298,OK
2026-07-08 16:42:50,F1,5.4397,OK
2026-07-08 16:43:00,F1,5.4925,OK
2026-07-08 16:43:11,F1,5.5796,OK
2026-07-08 16:43:21,F1,5.7591,OK
2026-07-08 16:43:31,F1,5.7432,OK
2026-07-08 16:43:42,F1,5.3711,OK
2026-07-08 16:43:52,F1,5.5770,OK
2026-07-08 16:44:03,F1,5.4635,OK
2026-07-08 16:44:13,F1,5.2893,OK
2026-07-08 16:44:23,F1,5.3843,OK
2026-07-08 16:44:34,F1,5.5242,OK
2026-07-08 16:44:44,F1,5.4872,OK
2026-07-08 16:44:54,F1,5.4424,OK
2026-07-08 16:45:05,F1,5.3077,OK
2026-07-08 16:45:15,F1,5.4160,OK
2026-07-08 16:45:25,F1,5.2550,OK
2026-07-08 16:45:36,F1,5.2444,OK
2026-07-08 16:45:46,F1,5.2576,OK
2026-07-08 16:45:56,F1,5.2761,OK
2026-07-08 16:46:07,F1,5.3447,OK
2026-07-08 16:46:17,F1,5.3473,OK
2026-07-08 16:46:27,F1,5.5611,OK
2026-07-08 16:46:38,F1,5.2946,OK
2026-07-08 16:46:48,F1,5.4186,OK
2026-07-08 16:46:58,F1,5.5295,OK
2026-07-08 16:47:09,F1,5.5506,OK
2026-07-08 16:47:19,F1,5.3394,OK
2026-07-08 16:47:29,F1,5.3658,OK
2026-07-08 16:47:40,F1,5.2946,OK
2026-07-08 16:47:50,F1,5.3843,OK
2026-07-08 16:48:00,F1,5.3948,OK
2026-07-08 16:48:11,F1,5.1679,OK
2026-07-08 16:48:21,F1,5.2286,OK
2026-07-08 16:48:31,F1,5.2682,OK
2026-07-08 16:48:42,F1,5.2708,OK
2026-07-08 16:48:52,F1,5.1626,OK
2026-07-08 16:49:03,F1,5.4476,OK
2026-07-08 16:49:13,F1,5.4503,OK
2026-07-08 16:49:23,F1,5.1336,OK
2026-07-08 16:49:34,F1,5.1652,OK
2026-07-08 16:49:44,F1,5.2259,OK
2026-07-08 16:49:54,F1,5.2761,OK
2026-07-08 16:50:05,F1,5.3711,OK
2026-07-08 16:50:15,F1,5.2101,OK
2026-07-08 16:50:25,F1,5.1204,OK
2026-07-08 16:50:36,F1,5.3922,OK
2026-07-08 16:50:46,F1,5.2022,OK
2026-07-08 16:50:56,F1,5.1467,OK
2026-07-08 16:51:07,F1,5.4160,OK
2026-07-08 16:51:17,F1,5.3104,OK
2026-07-08 16:51:27,F1,5.1467,OK
2026-07-08 16:51:38,F1,5.1652,OK
2026-07-08 16:51:48,F1,5.2866,OK
2026-07-08 16:51:58,F1,5.5321,OK
2026-07-08 16:52:09,F1,5.2444,OK
2026-07-08 16:52:19,F1,5.5057,OK
2026-07-08 16:52:30,F1,5.3737,OK
2026-07-08 16:52:40,F1,5.4714,OK
2026-07-08 16:52:50,F1,5.4635,OK
2026-07-08 16:53:01,F1,5.3817,OK
2026-07-08 16:53:11,F1,5.5796,OK
2026-07-08 16:53:21,F1,5.5004,OK
2026-07-08 16:53:32,F1,5.4371,OK
2026-07-08 16:53:42,F1,5.2761,OK
2026-07-08 16:53:52,F1,5.4819,OK
2026-07-08 16:54:03,F1,5.3790,OK
2026-07-08 16:54:13,F1,5.3262,OK
2026-07-08 16:54:23,F1,5.5031,OK
2026-07-08 16:54:34,F1,5.3711,OK
2026-07-08 16:54:44,F1,5.3368,OK
2026-07-08 16:54:54,F1,5.1309,OK
2026-07-08 16:55:05,F1,5.3685,OK
2026-07-08 16:55:15,F1,5.3869,OK
2026-07-08 16:55:25,F1,5.4080,OK
2026-07-08 16:55:36,F1,5.3104,OK
2026-07-08 16:55:46,F1,5.5875,OK
2026-07-08 16:55:56,F1,5.5875,OK
2026-07-08 16:56:07,F1,5.0781,OK
2026-07-08 16:56:17,F1,5.5743,OK
2026-07-08 16:56:27,F1,5.5611,OK
2026-07-08 16:56:38,F1,5.4688,OK
2026-07-08 16:56:48,F1,5.5031,OK
2026-07-08 16:56:58,F1,5.6535,OK
2026-07-08 16:57:09,F1,5.6614,OK
2026-07-08 16:57:19,F1,5.7960,OK
2026-07-08 16:57:29,F1,5.7776,OK
2026-07-08 16:57:40,F1,5.8567,OK
2026-07-08 16:57:50,F1,5.8383,OK
2026-07-08 16:58:00,F1,5.7670,OK
2026-07-08 16:58:11,F1,5.9781,OK
2026-07-08 16:58:21,F1,5.7195,OK
2026-07-08 16:58:31,F1,5.6905,OK
2026-07-08 16:58:42,F1,5.8277,OK
2026-07-08 16:58:52,F1,5.7248,OK
2026-07-08 16:59:03,F1,5.8435,OK
2026-07-08 16:59:13,F1,5.8330,OK
2026-07-08 16:59:23,F1,5.9887,OK
2026-07-08 16:59:34,F1,6.1128,OK
2026-07-08 16:59:44,F1,5.7459,OK
2026-07-08 16:59:54,F1,5.6271,OK
2026-07-08 17:00:05,F1,5.7617,OK
2026-07-08 17:00:15,F1,5.5268,OK
2026-07-08 17:00:25,F1,5.8039,OK
2026-07-08 17:00:36,F1,5.5954,OK
2026-07-08 17:00:46,F1,5.6007,OK
2026-07-08 17:00:56,F1,5.7274,OK
2026-07-08 17:01:07,F1,5.5295,OK
2026-07-08 17:01:17,F1,5.7591,OK
2026-07-08 17:01:28,F1,5.9940,OK
2026-07-08 17:01:38,F1,5.6773,OK
2026-07-08 17:01:48,F1,5.8699,OK
2026-07-08 17:01:59,F1,5.5928,OK
2026-07-08 17:02:09,F1,5.8383,OK
2026-07-08 17:02:19,F1,5.6561,OK
2026-07-08 17:02:30,F1,5.7485,OK
2026-07-08 17:02:40,F1,5.5400,OK
2026-07-08 17:02:50,F1,5.7723,OK
2026-07-08 17:03:01,F1,5.7723,OK
2026-07-08 17:03:11,F1,5.7696,OK
2026-07-08 17:03:21,F1,5.7881,OK
2026-07-08 17:03:32,F1,5.7776,OK
2026-07-08 17:03:42,F1,5.6034,OK
2026-07-08 17:03:52,F1,5.7485,OK
2026-07-08 17:04:03,F1,5.7353,OK
2026-07-08 17:04:13,F1,5.7248,OK
2026-07-08 17:04:23,F1,5.5902,OK
2026-07-08 17:04:34,F1,5.7459,OK
2026-07-08 17:04:44,F1,5.9306,OK
2026-07-08 17:04:54,F1,5.7063,OK
2026-07-08 17:05:05,F1,5.6086,OK
2026-07-08 17:05:15,F1,5.7037,OK
2026-07-08 17:05:25,F1,5.6166,OK
2026-07-08 17:05:36,F1,5.7538,OK
2026-07-08 17:05:46,F1,5.5532,OK
2026-07-08 17:05:57,F1,5.9465,OK
2026-07-08 17:06:07,F1,5.7459,OK
2026-07-08 17:06:17,F1,5.6984,OK
2026-07-08 17:06:28,F1,5.3896,OK
2026-07-08 17:06:38,F1,5.5295,OK
2026-07-08 17:06:48,F1,5.7168,OK
2026-07-08 17:06:59,F1,5.6350,OK
2026-07-08 17:07:09,F1,5.5558,OK
2026-07-08 17:07:19,F1,5.6509,OK
2026-07-08 17:07:30,F1,5.8277,OK
2026-07-08 17:07:40,F1,5.6561,OK
2026-07-08 17:07:50,F1,5.4476,OK
2026-07-08 17:08:01,F1,5.9095,OK
2026-07-08 17:08:11,F1,5.6245,OK
2026-07-08 17:08:21,F1,5.6746,OK
2026-07-08 17:08:32,F1,5.6429,OK
2026-07-08 17:08:42,F1,5.5743,OK
2026-07-08 17:08:52,F1,5.6878,OK
2026-07-08 17:09:03,F1,5.7591,OK
2026-07-08 17:09:13,F1,5.6773,OK
2026-07-08 17:09:24,F1,5.6298,OK
2026-07-08 17:09:34,F1,5.2734,OK
2026-07-08 17:09:44,F1,5.6060,OK
2026-07-08 17:09:55,F1,5.6641,OK
2026-07-08 17:10:05,F1,5.9993,OK
2026-07-08 17:10:15,F1,5.6271,OK
2026-07-08 17:10:26,F1,5.8699,OK
2026-07-08 17:10:36,F1,5.6614,OK
2026-07-08 17:10:47,F1,5.7485,OK
2026-07-08 17:10:57,F1,5.7538,OK
2026-07-08 17:11:07,F1,5.9069,OK
2026-07-08 17:11:18,F1,5.9887,OK
2026-07-08 17:11:28,F1,6.0309,OK
2026-07-08 17:11:38,F1,6.0916,OK
2026-07-08 17:11:49,F1,5.9702,OK
2026-07-08 17:11:59,F1,6.0283,OK
2026-07-08 17:12:09,F1,6.0547,OK
2026-07-08 17:12:20,F1,6.0441,OK
2026-07-08 17:12:30,F1,5.9887,OK
2026-07-08 17:12:41,F1,6.2500,OK
2026-07-08 17:12:51,F1,6.3740,OK
2026-07-08 17:13:01,F1,6.3582,OK
2026-07-08 17:13:12,F1,6.2896,OK
2026-07-08 17:13:22,F1,6.2526,OK
2026-07-08 17:13:32,F1,5.8673,OK
2026-07-08 17:13:43,F1,6.0389,OK
2026-07-08 17:13:53,F1,6.0705,OK
2026-07-08 17:14:03,F1,6.2790,OK
2026-07-08 17:14:14,F1,6.2870,OK
2026-07-08 17:14:24,F1,5.7512,OK
2026-07-08 17:14:34,F1,5.8303,OK
2026-07-08 17:14:45,F1,5.9781,OK
2026-07-08 17:14:55,F1,5.7089,OK
2026-07-08 17:15:05,F1,5.8699,OK
2026-07-08 17:15:16,F1,6.0125,OK
2026-07-08 17:15:26,F1,5.8673,OK
2026-07-08 17:15:36,F1,5.8673,OK
2026-07-08 17:15:47,F1,5.9095,OK
2026-07-08 17:15:57,F1,6.1999,OK
2026-07-08 17:16:07,F1,6.1180,OK
2026-07-08 17:16:18,F1,6.1840,OK
2026-07-08 17:16:28,F1,6.2078,OK
2026-07-08 17:16:38,F1,5.9781,OK
2026-07-08 17:16:49,F1,6.1497,OK
2026-07-08 17:16:59,F1,6.0336,OK
2026-07-08 17:17:09,F1,6.0441,OK
2026-07-08 17:17:20,F1,6.2394,OK
2026-07-08 17:17:30,F1,6.3556,OK
2026-07-08 17:17:40,F1,5.9095,OK
2026-07-08 17:17:51,F1,6.2870,OK
2026-07-08 17:18:01,F1,6.3450,OK
2026-07-08 17:18:12,F1,6.1048,OK
2026-07-08 17:18:22,F1,5.9597,OK
2026-07-08 17:18:32,F1,5.8673,OK
2026-07-08 17:18:43,F1,6.0837,OK
2026-07-08 17:18:53,F1,5.9570,OK
2026-07-08 17:19:03,F1,5.9834,OK
2026-07-08 17:19:14,F1,6.1444,OK
2026-07-08 17:19:24,F1,5.8937,OK
2026-07-08 17:19:34,F1,5.9887,OK
2026-07-08 17:19:45,F1,6.0019,OK
2026-07-08 17:19:55,F1,5.9386,OK
2026-07-08 17:20:05,F1,5.9465,OK
2026-07-08 17:20:16,F1,5.9649,OK
2026-07-08 17:20:26,F1,5.9148,OK
2026-07-08 17:20:36,F1,5.8963,OK
2026-07-08 17:20:47,F1,6.0573,OK
2026-07-08 17:20:57,F1,5.7037,OK
2026-07-08 17:21:07,F1,5.8303,OK
2026-07-08 17:21:18,F1,5.8620,OK
2026-07-08 17:21:28,F1,5.8541,OK
2026-07-08 17:21:39,F1,6.0336,OK
2026-07-08 17:21:49,F1,5.6324,OK
2026-07-08 17:21:59,F1,5.8409,OK
2026-07-08 17:22:10,F1,5.8171,OK
2026-07-08 17:22:20,F1,5.8594,OK
2026-07-08 17:22:30,F1,5.9808,OK
2026-07-08 17:22:41,F1,5.8752,OK
2026-07-08 17:22:51,F1,6.0943,OK
2026-07-08 17:23:01,F1,6.0257,OK
2026-07-08 17:23:12,F1,5.8990,OK
2026-07-08 17:23:22,F1,5.9755,OK
2026-07-08 17:23:32,F1,6.3661,OK
2026-07-08 17:23:43,F1,6.2236,OK
2026-07-08 17:23:53,F1,5.8910,OK
2026-07-08 17:24:03,F1,5.7723,OK
2026-07-08 17:24:14,F1,5.9834,OK
2026-07-08 17:24:24,F1,5.9095,OK
2026-07-08 17:24:34,F1,5.9122,OK
2026-07-08 17:24:45,F1,6.0494,OK
2026-07-08 17:24:55,F1,5.7327,OK
2026-07-08 17:25:05,F1,5.9122,OK
2026-07-08 17:25:16,F1,5.9544,OK
2026-07-08 17:25:26,F1,5.9570,OK
2026-07-08 17:25:36,F1,6.0864,OK
2026-07-08 17:25:47,F1,6.2315,OK
2026-07-08 17:25:57,F1,6.2579,OK
2026-07-08 17:26:07,F1,6.0415,OK
2026-07-08 17:26:18,F1,6.0547,OK
2026-07-08 17:26:28,F1,6.1391,OK
2026-07-08 17:26:38,F1,6.2579,OK
2026-07-08 17:26:49,F1,6.5667,OK
2026-07-08 17:26:59,F1,6.4057,OK
2026-07-08 17:27:09,F1,6.3793,OK
2026-07-08 17:27:20,F1,6.4981,OK
2026-07-08 17:27:30,F1,6.3345,OK
2026-07-08 17:27:40,F1,6.7673,OK
2026-07-08 17:27:51,F1,6.6037,OK
2026-07-08 17:28:01,F1,6.2130,OK
2026-07-08 17:28:11,F1,6.3133,OK
2026-07-08 17:28:22,F1,6.4348,OK
2026-07-08 17:28:32,F1,6.3081,OK
2026-07-08 17:28:43,F1,6.4611,OK
2026-07-08 17:28:53,F1,6.5087,OK
2026-07-08 17:29:03,F1,5.8805,OK
2026-07-08 17:29:13,F1,6.1761,OK
2026-07-08 17:29:24,F1,6.0652,OK
2026-07-08 17:29:34,F1,6.2025,OK
2026-07-08 17:29:45,F1,6.2342,OK
2026-07-08 17:29:55,F1,6.3028,OK
2026-07-08 17:30:05,F1,6.2764,OK
2026-07-08 17:30:16,F1,6.1101,OK
2026-07-08 17:30:26,F1,6.2157,OK
2026-07-08 17:30:36,F1,6.0758,OK
2026-07-08 17:30:47,F1,6.0837,OK
2026-07-08 17:30:57,F1,6.2685,OK
2026-07-08 17:31:07,F1,6.0705,OK
2026-07-08 17:31:18,F1,6.2289,OK
2026-07-08 17:31:28,F1,6.3345,OK
2026-07-08 17:31:38,F1,5.8039,OK
2026-07-08 17:31:49,F1,6.0045,OK
2026-07-08 17:31:59,F1,5.9438,OK
2026-07-08 17:32:09,F1,6.0600,OK
2026-07-08 17:32:20,F1,6.0072,OK
2026-07-08 17:32:30,F1,6.0943,OK
2026-07-08 17:32:40,F1,6.3397,OK
2026-07-08 17:32:51,F1,6.2262,OK
2026-07-08 17:33:01,F1,6.1497,OK
2026-07-08 17:33:11,F1,5.7696,OK
2026-07-08 17:33:22,F1,5.5690,OK
2026-07-08 17:33:32,F1,6.2104,OK
2026-07-08 17:33:42,F1,6.1128,OK
2026-07-08 17:33:53,F1,5.8198,OK
2026-07-08 17:34:03,F1,6.0890,OK
2026-07-08 17:34:14,F1,6.2606,OK
2026-07-08 17:34:24,F1,6.0177,OK
2026-07-08 17:34:34,F1,5.9913,OK
2026-07-08 17:34:45,F1,6.0045,OK
2026-07-08 17:34:55,F1,5.9887,OK
2026-07-08 17:35:05,F1,5.8488,OK
2026-07-08 17:35:16,F1,5.9254,OK
2026-07-08 17:35:26,F1,6.0652,OK
2026-07-08 17:35:36,F1,6.0758,OK
2026-07-08 17:35:47,F1,5.9676,OK
2026-07-08 17:35:57,F1,6.3714,OK
2026-07-08 17:36:07,F1,6.0626,OK
2026-07-08 17:36:18,F1,6.4559,OK
2026-07-08 17:36:28,F1,6.2447,OK
2026-07-08 17:36:38,F1,6.2104,OK
2026-07-08 17:36:49,F1,6.1260,OK
2026-07-08 17:36:59,F1,6.1523,OK
2026-07-08 17:37:09,F1,6.0969,OK
2026-07-08 17:37:20,F1,6.1154,OK
2026-07-08 17:37:30,F1,6.1840,OK
2026-07-08 17:37:40,F1,6.1655,OK
2026-07-08 17:37:51,F1,6.1022,OK
2026-07-08 17:38:01,F1,6.1180,OK
2026-07-08 17:38:11,F1,6.2236,OK
2026-07-08 17:38:22,F1,6.1286,OK
2026-07-08 17:38:32,F1,6.1444,OK
2026-07-08 17:38:42,F1,6.2025,OK
2026-07-08 17:38:53,F1,6.2447,OK
2026-07-08 17:39:03,F1,6.3001,OK
2026-07-08 17:39:13,F1,6.4400,OK
2026-07-08 17:39:24,F1,6.3133,OK
2026-07-08 17:39:34,F1,6.4057,OK
2026-07-08 17:39:44,F1,6.4400,OK
2026-07-08 17:39:55,F1,6.4453,OK
2026-07-08 17:40:05,F1,6.5641,OK
2026-07-08 17:40:15,F1,6.6855,OK
2026-07-08 17:40:26,F1,6.8861,OK
2026-07-08 17:40:36,F1,6.7356,OK
2026-07-08 17:40:46,F1,6.8887,OK
2026-07-08 17:40:57,F1,6.6723,OK
2026-07-08 17:41:07,F1,6.9178,OK
2026-07-08 17:41:17,F1,6.8623,OK
2026-07-08 17:41:28,F1,6.8016,OK
2026-07-08 17:41:38,F1,6.7277,OK
2026-07-08 17:41:49,F1,6.7937,OK
2026-07-08 17:41:59,F1,6.6987,OK
2026-07-08 17:42:09,F1,6.7119,OK
2026-07-08 17:42:20,F1,6.5351,OK
2026-07-08 17:42:30,F1,6.5641,OK
2026-07-08 17:42:40,F1,6.6116,OK
2026-07-08 17:42:51,F1,6.7330,OK
2026-07-08 17:43:01,F1,6.5931,OK
2026-07-08 17:43:11,F1,6.4216,OK
2026-07-08 17:43:22,F1,6.4981,OK
2026-07-08 17:43:32,F1,6.4875,OK
2026-07-08 17:43:42,F1,6.7752,OK
2026-07-08 17:43:53,F1,6.7805,OK
2026-07-08 17:44:03,F1,6.6406,OK
2026-07-08 17:44:13,F1,7.0207,OK
2026-07-08 17:44:24,F1,6.0204,OK
2026-07-08 17:44:34,F1,6.6327,OK
2026-07-08 17:44:44,F1,6.5720,OK
2026-07-08 17:44:55,F1,6.5826,OK
2026-07-08 17:45:05,F1,6.6406,OK
2026-07-08 17:45:15,F1,6.7541,OK
2026-07-08 17:45:26,F1,6.6538,OK
2026-07-08 17:45:36,F1,6.7963,OK
2026-07-08 17:45:46,F1,6.4427,OK
2026-07-08 17:45:57,F1,6.3503,OK
2026-07-08 17:46:07,F1,6.4770,OK
2026-07-08 17:46:17,F1,6.4506,OK
2026-07-08 17:46:28,F1,6.8175,OK
2026-07-08 17:46:38,F1,6.2975,OK
2026-07-08 17:46:48,F1,6.5694,OK
2026-07-08 17:46:59,F1,6.5746,OK
2026-07-08 17:47:09,F1,6.5482,OK
2026-07-08 17:47:19,F1,6.4268,OK
2026-07-08 17:47:30,F1,6.5166,OK
2026-07-08 17:47:40,F1,6.2632,OK
2026-07-08 17:47:51,F1,6.4084,OK
2026-07-08 17:48:01,F1,6.6459,OK
2026-07-08 17:48:11,F1,6.2130,OK
2026-07-08 17:48:22,F1,6.6485,OK
2026-07-08 17:48:32,F1,6.4110,OK
2026-07-08 17:48:42,F1,6.3081,OK
2026-07-08 17:48:53,F1,6.2685,OK
2026-07-08 17:49:03,F1,6.0679,OK
2026-07-08 17:49:13,F1,6.6855,OK
2026-07-08 17:49:24,F1,6.6855,OK
2026-07-08 17:49:34,F1,6.2922,OK
2026-07-08 17:49:44,F1,6.2553,OK
2026-07-08 17:49:55,F1,6.1840,OK
2026-07-08 17:50:05,F1,6.4110,OK
2026-07-08 17:50:15,F1,6.2553,OK
2026-07-08 17:50:26,F1,6.4796,OK
2026-07-08 17:50:36,F1,6.4585,OK
2026-07-08 17:50:46,F1,6.2975,OK
2026-07-08 17:50:57,F1,6.2368,OK
2026-07-08 17:51:07,F1,6.5377,OK
2026-07-08 17:51:17,F1,6.7172,OK
2026-07-08 17:51:28,F1,6.4057,OK
2026-07-08 17:51:38,F1,6.4453,OK
2026-07-08 17:51:48,F1,6.8729,OK
2026-07-08 17:51:59,F1,6.7040,OK
2026-07-08 17:52:09,F1,6.7356,OK
2026-07-08 17:52:19,F1,6.9125,OK
2026-07-08 17:52:30,F1,6.8386,OK
2026-07-08 17:52:40,F1,6.5430,OK
2026-07-08 17:52:50,F1,6.6961,OK
2026-07-08 17:53:01,F1,6.9019,OK
2026-07-08 17:53:11,F1,7.2266,OK
2026-07-08 17:53:22,F1,7.3823,OK
2026-07-08 17:53:32,F1,7.0999,OK
2026-07-08 17:53:42,F1,7.1817,OK
2026-07-08 17:53:53,F1,6.9837,OK
2026-07-08 17:54:03,F1,7.0999,OK
2026-07-08 17:54:13,F1,6.9811,OK
2026-07-08 17:54:24,F1,7.2002,OK
2026-07-08 17:54:34,F1,6.7990,OK
2026-07-08 17:54:45,F1,7.1870,OK
2026-07-08 17:54:55,F1,7.1104,OK
2026-07-08 17:55:05,F1,7.2186,OK
2026-07-08 17:55:16,F1,7.1764,OK
2026-07-08 17:55:26,F1,7.0154,OK
2026-07-08 17:55:36,F1,6.9283,OK
2026-07-08 17:55:47,F1,7.2371,OK
2026-07-08 17:55:57,F1,7.0101,OK
2026-07-08 17:56:07,F1,6.9310,OK
2026-07-08 17:56:18,F1,7.1421,OK
2026-07-08 17:56:28,F1,7.1052,OK
2026-07-08 17:56:38,F1,6.9019,OK
2026-07-08 17:56:49,F1,7.0788,OK
2026-07-08 17:56:59,F1,6.8914,OK
2026-07-08 17:57:09,F1,7.2820,OK
2026-07-08 17:57:20,F1,6.8966,OK
2026-07-08 17:57:30,F1,6.7330,OK
2026-07-08 17:57:40,F1,7.2714,OK
2026-07-08 17:57:51,F1,7.1236,OK
2026-07-08 17:58:01,F1,6.6301,OK
2026-07-08 17:58:11,F1,6.9019,OK
2026-07-08 17:58:22,F1,7.1289,OK
2026-07-08 17:58:32,F1,6.9785,OK
2026-07-08 17:58:43,F1,6.9837,OK
2026-07-08 17:58:53,F1,6.9019,OK
2026-07-08 17:59:03,F1,6.7462,OK
2026-07-08 17:59:14,F1,7.0312,OK
2026-07-08 17:59:24,F1,7.1527,OK
2026-07-08 17:59:34,F1,6.8359,OK
2026-07-08 17:59:45,F1,6.7963,OK
2026-07-08 17:59:55,F1,6.9178,OK
2026-07-08 18:00:05,F1,7.0339,OK
2026-07-08 18:00:16,F1,6.9098,OK
2026-07-08 18:00:26,F1,6.7383,OK
2026-07-08 18:00:36,F1,6.6037,OK
2026-07-08 18:00:47,F1,6.7805,OK
2026-07-08 18:00:57,F1,6.9996,OK
2026-07-08 18:01:07,F1,6.7409,OK
2026-07-08 18:01:18,F1,6.7515,OK
2026-07-08 18:01:28,F1,6.8623,OK
2026-07-08 18:01:38,F1,6.7356,OK
2026-07-08 18:01:49,F1,7.0128,OK
2026-07-08 18:01:59,F1,6.8518,OK
2026-07-08 18:02:10,F1,6.7383,OK
2026-07-08 18:02:20,F1,7.0524,OK
2026-07-08 18:02:30,F1,6.6565,OK
2026-07-08 18:02:41,F1,6.7779,OK
2026-07-08 18:02:51,F1,7.1738,OK
2026-07-08 18:03:01,F1,6.7356,OK
2026-07-08 18:03:12,F1,6.7092,OK
2026-07-08 18:03:22,F1,6.7673,OK
2026-07-08 18:03:32,F1,6.7383,OK
2026-07-08 18:03:43,F1,7.1289,OK
2026-07-08 18:03:53,F1,6.8650,OK
2026-07-08 18:04:03,F1,7.1289,OK
2026-07-08 18:04:14,F1,7.2239,OK
2026-07-08 18:04:24,F1,7.1421,OK
2026-07-08 18:04:34,F1,7.3348,OK
2026-07-08 18:04:45,F1,7.3348,OK
2026-07-08 18:04:55,F1,7.3084,OK
2026-07-08 18:05:05,F1,7.2503,OK
2026-07-08 18:05:16,F1,7.2134,OK
2026-07-08 18:05:26,F1,7.4799,OK
2026-07-08 18:05:36,F1,7.6726,OK
2026-07-08 18:05:47,F1,7.5829,OK
2026-07-08 18:05:57,F1,7.4826,OK
2026-07-08 18:06:08,F1,7.7096,OK
2026-07-08 18:06:18,F1,7.5090,OK
2026-07-08 18:06:28,F1,7.4113,OK
2026-07-08 18:06:39,F1,7.5063,OK
2026-07-08 18:06:49,F1,7.8125,OK
2026-07-08 18:06:59,F1,7.4166,OK
2026-07-08 18:07:10,F1,7.5855,OK
2026-07-08 18:07:20,F1,7.4298,OK
2026-07-08 18:07:30,F1,7.5301,OK
2026-07-08 18:07:41,F1,7.4008,OK
2026-07-08 18:07:51,F1,7.6964,OK
2026-07-08 18:08:01,F1,7.3902,OK
2026-07-08 18:08:12,F1,7.3770,OK
2026-07-08 18:08:22,F1,7.4667,OK
2026-07-08 18:08:32,F1,7.4351,OK
2026-07-08 18:08:43,F1,7.5380,OK
2026-07-08 18:08:53,F1,7.5327,OK
2026-07-08 18:09:03,F1,7.4404,OK
2026-07-08 18:09:14,F1,7.5697,OK
2026-07-08 18:09:24,F1,7.4298,OK
2026-07-08 18:09:34,F1,7.5301,OK
2026-07-08 18:09:45,F1,7.6198,OK
2026-07-08 18:09:55,F1,7.3189,OK
2026-07-08 18:10:06,F1,7.5802,OK
2026-07-08 18:10:16,F1,7.3057,OK
2026-07-08 18:10:26,F1,7.4377,OK
2026-07-08 18:10:37,F1,7.3612,OK
2026-07-08 18:10:47,F1,7.2793,OK
2026-07-08 18:10:57,F1,7.3717,OK
2026-07-08 18:11:08,F1,7.3691,OK
2026-07-08 18:11:18,F1,7.2160,OK
2026-07-08 18:11:28,F1,7.0999,OK
2026-07-08 18:11:39,F1,7.3691,OK
2026-07-08 18:11:49,F1,7.4008,OK
2026-07-08 18:12:00,F1,7.2239,OK
2026-07-08 18:12:10,F1,7.0946,OK
2026-07-08 18:12:20,F1,7.2767,OK
2026-07-08 18:12:31,F1,7.0524,OK
2026-07-08 18:12:41,F1,7.1131,OK
2026-07-08 18:12:51,F1,7.2556,OK
2026-07-08 18:13:02,F1,7.2820,OK
2026-07-08 18:13:12,F1,7.2266,OK
2026-07-08 18:13:22,F1,7.2688,OK
2026-07-08 18:13:33,F1,7.2160,OK
2026-07-08 18:13:43,F1,7.0471,OK
2026-07-08 18:13:53,F1,7.0972,OK
2026-07-08 18:14:04,F1,7.0920,OK
2026-07-08 18:14:14,F1,7.0972,OK
2026-07-08 18:14:24,F1,6.7832,OK
2026-07-08 18:14:35,F1,7.1606,OK
2026-07-08 18:14:45,F1,6.9573,OK
2026-07-08 18:14:55,F1,7.1421,OK
2026-07-08 18:15:06,F1,7.0893,OK
2026-07-08 18:15:16,F1,6.9864,OK
2026-07-08 18:15:26,F1,7.3902,OK
2026-07-08 18:15:37,F1,7.1342,OK
2026-07-08 18:15:47,F1,7.2714,OK
2026-07-08 18:15:58,F1,7.2424,OK
2026-07-08 18:16:08,F1,7.3401,OK
2026-07-08 18:16:18,F1,7.3796,OK
2026-07-08 18:16:29,F1,7.5011,OK
2026-07-08 18:16:39,F1,7.9234,OK
2026-07-08 18:16:49,F1,7.4667,OK
2026-07-08 18:17:00,F1,7.8574,OK
2026-07-08 18:17:10,F1,7.7518,OK
2026-07-08 18:17:20,F1,7.8838,OK
2026-07-08 18:17:31,F1,7.6673,OK
2026-07-08 18:17:41,F1,8.0606,OK
2026-07-08 18:17:51,F1,7.9102,OK
2026-07-08 18:18:02,F1,7.9999,OK
2026-07-08 18:18:12,F1,7.9339,OK
2026-07-08 18:18:23,F1,7.7412,OK
2026-07-08 18:18:33,F1,8.0844,OK
2026-07-08 18:18:43,F1,8.0105,OK
2026-07-08 18:18:53,F1,7.9867,OK
2026-07-08 18:19:04,F1,7.8864,OK
2026-07-08 18:19:14,F1,7.8442,OK
2026-07-08 18:19:25,F1,7.7096,OK
2026-07-08 18:19:35,F1,7.8600,OK
2026-07-08 18:19:45,F1,7.9497,OK
2026-07-08 18:19:56,F1,7.6198,OK
2026-07-08 18:20:06,F1,7.8600,OK
2026-07-08 18:20:16,F1,7.6911,OK
2026-07-08 18:20:27,F1,7.6383,OK
2026-07-08 18:20:37,F1,7.7914,OK
2026-07-08 18:20:47,F1,7.5750,OK
2026-07-08 18:20:58,F1,7.5776,OK
2026-07-08 18:21:08,F1,7.4192,OK
2026-07-08 18:21:19,F1,7.3242,OK
2026-07-08 18:21:29,F1,7.2028,OK
2026-07-08 18:21:39,F1,7.1500,OK
2026-07-08 18:21:50,F1,7.3216,OK
2026-07-08 18:22:00,F1,7.1843,OK
2026-07-08 18:22:10,F1,7.3506,OK
2026-07-08 18:22:21,F1,7.1078,OK
2026-07-08 18:22:31,F1,7.4852,OK
2026-07-08 18:22:41,F1,7.2635,OK
2026-07-08 18:22:52,F1,7.2582,OK
2026-07-08 18:23:02,F1,7.5274,OK
2026-07-08 18:23:12,F1,7.3374,OK
2026-07-08 18:23:23,F1,7.2846,OK
2026-07-08 18:23:33,F1,7.2688,OK
2026-07-08 18:23:43,F1,7.2081,OK
2026-07-08 18:23:54,F1,7.3744,OK
2026-07-08 18:24:04,F1,7.5776,OK
2026-07-08 18:24:15,F1,7.3928,OK
2026-07-08 18:24:25,F1,7.3823,OK
2026-07-08 18:24:35,F1,7.3401,OK
2026-07-08 18:24:46,F1,7.3137,OK
2026-07-08 18:24:56,F1,7.4166,OK
2026-07-08 18:25:06,F1,7.3585,OK
2026-07-08 18:25:17,F1,7.4799,OK
2026-07-08 18:25:27,F1,7.2978,OK
2026-07-08 18:25:37,F1,7.4113,OK
2026-07-08 18:25:48,F1,7.3717,OK
2026-07-08 18:25:58,F1,7.2054,OK
2026-07-08 18:26:08,F1,7.3295,OK
2026-07-08 18:26:19,F1,7.1131,OK
2026-07-08 18:26:29,F1,7.2925,OK
2026-07-08 18:26:39,F1,7.2793,OK
2026-07-08 18:26:49,F1,7.2134,OK
2026-07-08 18:27:00,F1,7.3823,OK
2026-07-08 18:27:10,F1,7.3559,OK
2026-07-08 18:27:21,F1,7.2186,OK
2026-07-08 18:27:31,F1,7.4377,OK
2026-07-08 18:27:41,F1,7.5327,OK
2026-07-08 18:27:52,F1,7.9788,OK
2026-07-08 18:28:02,F1,7.4615,OK
2026-07-08 18:28:12,F1,7.8178,OK
2026-07-08 18:28:23,F1,7.8099,OK
2026-07-08 18:28:33,F1,7.8495,OK
2026-07-08 18:28:43,F1,7.8151,OK
2026-07-08 18:28:54,F1,8.0236,OK
2026-07-08 18:29:04,F1,7.8125,OK
2026-07-08 18:29:15,F1,7.8257,OK
2026-07-08 18:29:25,F1,8.0632,OK
2026-07-08 18:29:35,F1,7.9234,OK
2026-07-08 18:29:46,F1,8.0949,OK
2026-07-08 18:29:56,F1,8.1081,OK
2026-07-08 18:30:06,F1,8.0184,OK
2026-07-08 18:30:17,F1,8.0316,OK
2026-07-08 18:30:27,F1,8.0553,OK
2026-07-08 18:30:37,F1,7.9867,OK
2026-07-08 18:30:48,F1,8.1477,OK
2026-07-08 18:30:58,F1,8.1107,OK
2026-07-08 18:31:09,F1,7.8468,OK
2026-07-08 18:31:19,F1,8.1978,OK
2026-07-08 18:31:29,F1,7.8547,OK
2026-07-08 18:31:40,F1,7.9973,OK
2026-07-08 18:31:50,F1,7.8785,OK
2026-07-08 18:32:00,F1,7.7808,OK
2026-07-08 18:32:11,F1,7.7597,OK
2026-07-08 18:32:21,F1,7.7887,OK
2026-07-08 18:32:31,F1,7.8099,OK
2026-07-08 18:32:42,F1,7.8442,OK
2026-07-08 18:32:52,F1,7.9339,OK
2026-07-08 18:33:02,F1,7.8785,OK
2026-07-08 18:33:13,F1,7.8415,OK
2026-07-08 18:33:23,F1,8.1978,OK
2026-07-08 18:33:33,F1,7.8389,OK
2026-07-08 18:33:44,F1,7.8415,OK
2026-07-08 18:33:54,F1,7.8336,OK
2026-07-08 18:34:05,F1,7.8099,OK
2026-07-08 18:34:15,F1,7.7676,OK
2026-07-08 18:34:25,F1,7.8415,OK
2026-07-08 18:34:36,F1,7.6647,OK
2026-07-08 18:34:46,F1,7.6885,OK
2026-07-08 18:34:56,F1,7.8363,OK
2026-07-08 18:35:07,F1,7.6700,OK
2026-07-08 18:35:17,F1,8.1530,OK
2026-07-08 18:35:27,F1,7.6700,OK
2026-07-08 18:35:38,F1,7.7439,OK
2026-07-08 18:35:48,F1,7.6805,OK
2026-07-08 18:35:58,F1,7.6673,OK
2026-07-08 18:36:09,F1,7.7544,OK
2026-07-08 18:36:19,F1,7.5274,OK
2026-07-08 18:36:29,F1,7.6885,OK
2026-07-08 18:36:40,F1,7.7465,OK
2026-07-08 18:36:50,F1,7.8310,OK
2026-07-08 18:37:00,F1,7.5248,OK
2026-07-08 18:37:11,F1,7.5961,OK
2026-07-08 18:37:21,F1,7.4879,OK
2026-07-08 18:37:32,F1,7.5723,OK
2026-07-08 18:37:42,F1,7.5301,OK
2026-07-08 18:37:52,F1,7.5882,OK
2026-07-08 18:38:03,F1,7.3664,OK
2026-07-08 18:38:13,F1,7.3823,OK
2026-07-08 18:38:24,F1,7.4060,OK
2026-07-08 18:38:34,F1,7.5301,OK
2026-07-08 18:38:44,F1,7.5670,OK
2026-07-08 18:38:55,F1,7.6383,OK
2026-07-08 18:39:05,F1,7.7043,OK
2026-07-08 18:39:16,F1,7.6885,OK
2026-07-08 18:39:26,F1,7.7016,OK
2026-07-08 18:39:36,F1,7.9234,OK
2026-07-08 18:39:47,F1,7.8732,OK
2026-07-08 18:39:57,F1,7.8758,OK
2026-07-08 18:40:07,F1,7.6489,OK
2026-07-08 18:40:18,F1,7.9049,OK
2026-07-08 18:40:28,F1,7.9445,OK
2026-07-08 18:40:38,F1,8.1583,OK
2026-07-08 18:40:49,F1,8.2849,OK
2026-07-08 18:40:59,F1,8.3404,OK
2026-07-08 18:41:09,F1,8.4301,OK
2026-07-08 18:41:20,F1,8.3061,OK
2026-07-08 18:41:30,F1,8.0976,OK
2026-07-08 18:41:41,F1,8.2586,OK
2026-07-08 18:41:51,F1,8.5753,OK
2026-07-08 18:42:01,F1,8.0976,OK
2026-07-08 18:42:12,F1,8.0553,OK
2026-07-08 18:42:22,F1,8.1899,OK
2026-07-08 18:42:32,F1,8.2876,OK
2026-07-08 18:42:43,F1,8.1213,OK
2026-07-08 18:42:53,F1,8.1266,OK
2026-07-08 18:43:03,F1,8.1371,OK
2026-07-08 18:43:14,F1,8.0738,OK
2026-07-08 18:43:24,F1,8.0316,OK
2026-07-08 18:43:34,F1,8.1107,OK
2026-07-08 18:43:45,F1,8.0025,OK
2026-07-08 18:43:55,F1,7.8283,OK
2026-07-08 18:44:05,F1,7.9445,OK
2026-07-08 18:44:16,F1,8.0131,OK
2026-07-08 18:44:26,F1,8.0896,OK
2026-07-08 18:44:36,F1,7.9022,OK
2026-07-08 18:44:47,F1,8.1503,OK
2026-07-08 18:44:57,F1,8.1846,OK
2026-07-08 18:45:08,F1,8.1715,OK
2026-07-08 18:45:18,F1,7.8626,OK
2026-07-08 18:45:28,F1,8.1978,OK
2026-07-08 18:45:39,F1,8.2876,OK
2026-07-08 18:45:49,F1,7.9577,OK
2026-07-08 18:45:59,F1,8.0025,OK
2026-07-08 18:46:10,F1,7.8046,OK
2026-07-08 18:46:20,F1,7.7703,OK
2026-07-08 18:46:30,F1,7.8389,OK
2026-07-08 18:46:41,F1,8.0078,OK
2026-07-08 18:46:51,F1,8.3034,OK
2026-07-08 18:47:01,F1,7.9445,OK
2026-07-08 18:47:12,F1,7.9049,OK
2026-07-08 18:47:22,F1,7.9735,OK
2026-07-08 18:47:33,F1,7.9154,OK
2026-07-08 18:47:43,F1,7.8732,OK
2026-07-08 18:47:53,F1,7.9102,OK
2026-07-08 18:48:04,F1,7.7518,OK
2026-07-08 18:48:14,F1,8.1134,OK
2026-07-08 18:48:24,F1,7.7201,OK
2026-07-08 18:48:35,F1,7.8415,OK
2026-07-08 18:48:45,F1,7.6647,OK
2026-07-08 18:48:55,F1,7.6541,OK
2026-07-08 18:49:06,F1,7.6040,OK
2026-07-08 18:49:16,F1,7.6251,OK
2026-07-08 18:49:27,F1,7.6753,OK
2026-07-08 18:49:37,F1,7.5565,OK
2026-07-08 18:49:47,F1,7.7835,OK
2026-07-08 18:49:58,F1,7.7307,OK
2026-07-08 18:50:08,F1,7.8521,OK
2026-07-08 18:50:18,F1,7.6726,OK
2026-07-08 18:50:29,F1,8.0632,OK
2026-07-08 18:50:39,F1,7.9656,OK
2026-07-08 18:50:49,F1,8.0553,OK
2026-07-08 18:51:00,F1,8.1530,OK
2026-07-08 18:51:10,F1,8.3140,OK
2026-07-08 18:51:20,F1,8.1239,OK
2026-07-08 18:51:31,F1,8.2533,OK
2026-07-08 18:51:41,F1,8.2031,OK
2026-07-08 18:51:51,F1,8.2058,OK
2026-07-08 18:52:02,F1,8.1662,OK
2026-07-08 18:52:12,F1,8.3483,OK
2026-07-08 18:52:22,F1,8.5172,OK
2026-07-08 18:52:33,F1,8.3351,OK
2026-07-08 18:52:43,F1,8.7495,OK
2026-07-08 18:52:53,F1,8.5014,OK
2026-07-08 18:53:04,F1,8.2480,OK
2026-07-08 18:53:14,F1,8.3641,OK
2026-07-08 18:53:24,F1,8.4671,OK
2026-07-08 18:53:35,F1,8.5146,OK
2026-07-08 18:53:45,F1,8.2981,OK
2026-07-08 18:53:55,F1,8.4011,OK
2026-07-08 18:54:06,F1,8.0949,OK
2026-07-08 18:54:16,F1,8.3113,OK
2026-07-08 18:54:27,F1,7.9999,OK
2026-07-08 18:54:37,F1,8.0632,OK
2026-07-08 18:54:47,F1,7.9497,OK
2026-07-08 18:54:58,F1,8.1820,OK
2026-07-08 18:55:08,F1,8.0580,OK
2026-07-08 18:55:18,F1,8.2533,OK
2026-07-08 18:55:29,F1,8.0289,OK
2026-07-08 18:55:39,F1,8.0131,OK
2026-07-08 18:55:49,F1,8.2454,OK
2026-07-08 18:56:00,F1,8.2005,OK
2026-07-08 18:56:10,F1,7.9102,OK
2026-07-08 18:56:20,F1,7.7571,OK
2026-07-08 18:56:31,F1,8.1820,OK
2026-07-08 18:56:41,F1,7.9709,OK
2026-07-08 18:56:51,F1,8.0316,OK
2026-07-08 18:57:02,F1,8.0184,OK
2026-07-08 18:57:12,F1,8.1662,OK
2026-07-08 18:57:22,F1,8.0078,OK
2026-07-08 18:57:33,F1,8.1583,OK
2026-07-08 18:57:43,F1,8.3932,OK
2026-07-08 18:57:54,F1,8.3298,OK
2026-07-08 18:58:04,F1,8.3008,OK
2026-07-08 18:58:14,F1,8.0896,OK
2026-07-08 18:58:25,F1,8.0606,OK
2026-07-08 18:58:35,F1,8.2163,OK
2026-07-08 18:58:45,F1,8.0131,OK
2026-07-08 18:58:56,F1,8.2717,OK
2026-07-08 18:59:06,F1,8.0395,OK
2026-07-08 18:59:17,F1,8.0263,OK
2026-07-08 18:59:27,F1,7.9577,OK
2026-07-08 18:59:37,F1,7.8785,OK
2026-07-08 18:59:48,F1,8.0316,OK
2026-07-08 18:59:58,F1,7.7571,OK
2026-07-08 19:00:08,F1,8.2348,OK
2026-07-08 19:00:19,F1,7.9154,OK
2026-07-08 19:00:29,F1,7.8864,OK
2026-07-08 19:00:39,F1,7.8468,OK
2026-07-08 19:00:50,F1,7.8363,OK
2026-07-08 19:01:00,F1,7.7887,OK
2026-07-08 19:01:11,F1,7.8231,OK
2026-07-08 19:01:21,F1,7.8178,OK
2026-07-08 19:01:31,F1,8.0421,OK
2026-07-08 19:01:42,F1,8.3351,OK
2026-07-08 19:01:52,F1,7.9497,OK
2026-07-08 19:02:02,F1,8.2005,OK
2026-07-08 19:02:13,F1,8.1688,OK
2026-07-08 19:02:23,F1,7.9735,OK
2026-07-08 19:02:33,F1,8.1028,OK
2026-07-08 19:02:44,F1,8.0474,OK
2026-07-08 19:02:54,F1,8.1028,OK
2026-07-08 19:03:04,F1,8.4354,OK
2026-07-08 19:03:15,F1,8.3298,OK
2026-07-08 19:03:25,F1,8.4301,OK
2026-07-08 19:03:35,F1,8.6017,OK
2026-07-08 19:03:46,F1,8.4987,OK
2026-07-08 19:03:56,F1,8.7838,OK
2026-07-08 19:04:06,F1,8.8313,OK
2026-07-08 19:04:17,F1,8.6492,OK
2026-07-08 19:04:27,F1,8.9158,OK
2026-07-08 19:04:37,F1,8.6597,OK
2026-07-08 19:04:48,F1,8.6888,OK
2026-07-08 19:04:58,F1,8.4855,OK
2026-07-08 19:05:09,F1,8.5515,OK
2026-07-08 19:05:19,F1,8.7020,OK
2026-07-08 19:05:29,F1,8.6782,OK
2026-07-08 19:05:40,F1,8.4829,OK
2026-07-08 19:05:50,F1,8.6756,OK
2026-07-08 19:06:00,F1,8.5304,OK
2026-07-08 19:06:11,F1,8.5436,OK
2026-07-08 19:06:21,F1,8.3668,OK
2026-07-08 19:06:31,F1,8.6017,OK
2026-07-08 19:06:42,F1,8.5172,OK
2026-07-08 19:06:52,F1,8.5594,OK
2026-07-08 19:07:02,F1,8.3113,OK
2026-07-08 19:07:13,F1,8.2770,OK
2026-07-08 19:07:23,F1,8.4697,OK
2026-07-08 19:07:33,F1,8.3377,OK
2026-07-08 19:07:44,F1,8.3826,OK
2026-07-08 19:07:54,F1,8.1319,OK
2026-07-08 19:08:05,F1,7.7676,OK
2026-07-08 19:08:15,F1,8.2586,OK
2026-07-08 19:08:25,F1,8.1530,OK
2026-07-08 19:08:36,F1,7.9550,OK
2026-07-08 19:08:46,F1,7.9313,OK
2026-07-08 19:08:56,F1,7.9075,OK
2026-07-08 19:09:07,F1,8.0105,OK
2026-07-08 19:09:17,F1,8.0025,OK
2026-07-08 19:09:27,F1,8.0105,OK
2026-07-08 19:09:38,F1,8.2533,OK
2026-07-08 19:09:48,F1,8.2981,OK
2026-07-08 19:09:58,F1,8.0105,OK
2026-07-08 19:10:09,F1,8.0025,OK
2026-07-08 19:10:19,F1,8.0289,OK
2026-07-08 19:10:29,F1,7.9999,OK
2026-07-08 19:10:40,F1,7.7597,OK
2026-07-08 19:10:50,F1,8.0421,OK
2026-07-08 19:11:00,F1,7.9365,OK
2026-07-08 19:11:11,F1,7.5248,OK
2026-07-08 19:11:21,F1,7.6779,OK
2026-07-08 19:11:32,F1,8.0606,OK
2026-07-08 19:11:42,F1,7.9629,OK
2026-07-08 19:11:52,F1,7.9629,OK
2026-07-08 19:12:03,F1,8.0105,OK
2026-07-08 19:12:13,F1,7.9577,OK
2026-07-08 19:12:23,F1,8.0105,OK
2026-07-08 19:12:34,F1,8.2506,OK
2026-07-08 19:12:44,F1,8.0791,OK
2026-07-08 19:12:54,F1,8.1160,OK
2026-07-08 19:13:05,F1,8.4196,OK
2026-07-08 19:13:15,F1,8.5040,OK
2026-07-08 19:13:26,F1,8.4935,OK
2026-07-08 19:13:36,F1,8.3668,OK
2026-07-08 19:13:46,F1,8.7204,OK
2026-07-08 19:13:57,F1,8.6729,OK
2026-07-08 19:14:07,F1,8.8867,OK
2026-07-08 19:14:17,F1,8.8524,OK
2026-07-08 19:14:28,F1,8.9421,OK
2026-07-08 19:14:38,F1,8.8603,OK
2026-07-08 19:14:48,F1,9.0952,OK
2026-07-08 19:14:59,F1,9.0556,OK
2026-07-08 19:15:09,F1,8.8102,OK
2026-07-08 19:15:19,F1,9.1612,OK
2026-07-08 19:15:30,F1,8.8894,OK
2026-07-08 19:15:40,F1,8.7811,OK
2026-07-08 19:15:50,F1,8.8788,OK
2026-07-08 19:16:01,F1,8.7495,OK
2026-07-08 19:16:11,F1,8.6808,OK
2026-07-08 19:16:22,F1,8.6017,OK
2026-07-08 19:16:32,F1,8.8762,OK
2026-07-08 19:16:42,F1,8.5964,OK
2026-07-08 19:16:53,F1,8.6465,OK
2026-07-08 19:17:03,F1,8.5410,OK
2026-07-08 19:17:13,F1,8.3298,OK
2026-07-08 19:17:24,F1,8.6201,OK
2026-07-08 19:17:34,F1,8.2929,OK
2026-07-08 19:17:44,F1,8.5911,OK
2026-07-08 19:17:55,F1,8.3958,OK
2026-07-08 19:18:05,F1,8.2691,OK
2026-07-08 19:18:15,F1,8.4169,OK
2026-07-08 19:18:26,F1,8.3061,OK
2026-07-08 19:18:36,F1,8.4697,OK
2026-07-08 19:18:46,F1,8.5225,OK
2026-07-08 19:18:57,F1,8.3457,OK
2026-07-08 19:19:07,F1,8.2506,OK
2026-07-08 19:19:17,F1,8.3483,OK
2026-07-08 19:19:28,F1,8.4248,OK
2026-07-08 19:19:38,F1,8.1451,OK
2026-07-08 19:19:49,F1,8.2242,OK
2026-07-08 19:19:59,F1,8.1846,OK
2026-07-08 19:20:09,F1,7.9999,OK
2026-07-08 19:20:20,F1,8.3430,OK
2026-07-08 19:20:30,F1,8.3377,OK
2026-07-08 19:20:40,F1,8.4697,OK
2026-07-08 19:20:51,F1,8.2480,OK
2026-07-08 19:21:01,F1,7.9181,OK
2026-07-08 19:21:11,F1,8.1503,OK
2026-07-08 19:21:22,F1,8.2322,OK
2026-07-08 19:21:32,F1,8.3166,OK
2026-07-08 19:21:42,F1,8.2427,OK
2026-07-08 19:21:53,F1,8.3932,OK
2026-07-08 19:22:03,F1,7.9445,OK
2026-07-08 19:22:13,F1,8.0764,OK
2026-07-08 19:22:24,F1,8.0263,OK
2026-07-08 19:22:34,F1,8.1345,OK
2026-07-08 19:22:44,F1,7.9313,OK
2026-07-08 19:22:55,F1,8.0157,OK
2026-07-08 19:23:05,F1,7.9603,OK
2026-07-08 19:23:15,F1,8.0712,OK
2026-07-08 19:23:26,F1,8.3800,OK
2026-07-08 19:23:36,F1,8.6017,OK
2026-07-08 19:23:47,F1,8.3694,OK
2026-07-08 19:23:57,F1,8.6333,OK
2026-07-08 19:24:07,F1,8.6281,OK
2026-07-08 19:24:18,F1,8.8735,OK
2026-07-08 19:24:28,F1,8.5462,OK
2026-07-08 19:24:38,F1,9.0477,OK
2026-07-08 19:24:49,F1,9.0240,OK
2026-07-08 19:24:59,F1,8.9474,OK
2026-07-08 19:25:09,F1,8.9105,OK
2026-07-08 19:25:20,F1,8.8841,OK
2026-07-08 19:25:30,F1,9.1718,OK
2026-07-08 19:25:41,F1,8.8207,OK
2026-07-08 19:25:51,F1,9.0134,OK
2026-07-08 19:26:01,F1,8.8762,OK
2026-07-08 19:26:12,F1,9.0477,OK
2026-07-08 19:26:22,F1,8.7811,OK
2026-07-08 19:26:32,F1,8.9369,OK
2026-07-08 19:26:43,F1,8.6518,OK
2026-07-08 19:26:53,F1,8.8524,OK
2026-07-08 19:27:03,F1,8.7363,OK
2026-07-08 19:27:14,F1,8.5119,OK
2026-07-08 19:27:24,F1,9.0820,OK
2026-07-08 19:27:34,F1,8.7072,OK
2026-07-08 19:27:45,F1,8.7020,OK
2026-07-08 19:27:55,F1,8.5858,OK
2026-07-08 19:28:05,F1,9.0160,OK
2026-07-08 19:28:16,F1,9.1190,OK
2026-07-08 19:28:26,F1,9.0266,OK
2026-07-08 19:28:36,F1,8.6703,OK
2026-07-08 19:28:47,F1,8.9026,OK
2026-07-08 19:28:57,F1,8.8550,OK
2026-07-08 19:29:07,F1,8.6782,OK
2026-07-08 19:29:18,F1,8.7363,OK
2026-07-08 19:29:28,F1,8.5489,OK
2026-07-08 19:29:39,F1,8.7706,OK
2026-07-08 19:29:49,F1,8.5330,OK
2026-07-08 19:29:59,F1,8.8075,OK
2026-07-08 19:30:10,F1,8.7284,OK
2026-07-08 19:30:20,F1,8.6413,OK
2026-07-08 19:30:31,F1,8.7284,OK
2026-07-08 19:30:41,F1,8.6861,OK
2026-07-08 19:30:51,F1,8.5647,OK
2026-07-08 19:31:02,F1,8.3377,OK
2026-07-08 19:31:12,F1,8.6624,OK
2026-07-08 19:31:22,F1,8.7284,OK
2026-07-08 19:31:33,F1,8.4275,OK
2026-07-08 19:31:43,F1,8.3351,OK
2026-07-08 19:31:53,F1,8.4354,OK
2026-07-08 19:32:04,F1,8.4855,OK
2026-07-08 19:32:14,F1,8.5225,OK
2026-07-08 19:32:24,F1,8.4961,OK
2026-07-08 19:32:35,F1,8.2427,OK
2026-07-08 19:32:45,F1,8.5251,OK
2026-07-08 19:32:55,F1,8.5832,OK
2026-07-08 19:33:06,F1,8.5806,OK
2026-07-08 19:33:16,F1,8.5621,OK
2026-07-08 19:33:26,F1,8.5278,OK
2026-07-08 19:33:37,F1,8.5225,OK
2026-07-08 19:33:47,F1,8.9342,OK
2026-07-08 19:33:57,F1,8.4776,OK
2026-07-08 19:34:08,F1,8.8550,OK
2026-07-08 19:34:18,F1,8.8234,OK
2026-07-08 19:34:29,F1,8.5911,OK
2026-07-08 19:34:39,F1,8.8894,OK
2026-07-08 19:34:49,F1,9.0372,OK
2026-07-08 19:35:00,F1,9.2958,OK
2026-07-08 19:35:10,F1,9.4410,OK
2026-07-08 19:35:20,F1,9.3671,OK
2026-07-08 19:35:31,F1,9.1718,OK
2026-07-08 19:35:41,F1,9.0319,OK
2026-07-08 19:35:51,F1,9.2246,OK
2026-07-08 19:36:02,F1,9.1902,OK
2026-07-08 19:36:12,F1,9.1401,OK
2026-07-08 19:36:22,F1,9.3037,OK
2026-07-08 19:36:33,F1,9.2589,OK
2026-07-08 19:36:43,F1,9.1982,OK
2026-07-08 19:36:53,F1,9.2668,OK
2026-07-08 19:37:04,F1,9.1295,OK
2026-07-08 19:37:14,F1,9.2536,OK
2026-07-08 19:37:24,F1,9.0187,OK
2026-07-08 19:37:35,F1,9.0899,OK
2026-07-08 19:37:45,F1,8.7495,OK
2026-07-08 19:37:55,F1,8.6439,OK
2026-07-08 19:38:06,F1,8.7891,OK
2026-07-08 19:38:16,F1,8.8577,OK
2026-07-08 19:38:26,F1,8.7917,OK
2026-07-08 19:38:37,F1,8.7785,OK
2026-07-08 19:38:47,F1,8.9316,OK
2026-07-08 19:38:58,F1,8.9448,OK
2026-07-08 19:39:08,F1,8.8999,OK
2026-07-08 19:39:18,F1,8.9131,OK
2026-07-08 19:39:29,F1,8.7996,OK
2026-07-08 19:39:39,F1,8.7257,OK
2026-07-08 19:39:49,F1,8.8023,OK
2026-07-08 19:40:00,F1,8.8682,OK
2026-07-08 19:40:10,F1,8.9131,OK
2026-07-08 19:40:20,F1,8.8471,OK
2026-07-08 19:40:31,F1,9.0873,OK
2026-07-08 19:40:41,F1,8.7811,OK
2026-07-08 19:40:51,F1,8.8471,OK
2026-07-08 19:41:02,F1,8.8260,OK
2026-07-08 19:41:12,F1,8.8498,OK
2026-07-08 19:41:22,F1,8.5594,OK
2026-07-08 19:41:33,F1,8.7548,OK
2026-07-08 19:41:43,F1,8.8155,OK
2026-07-08 19:41:54,F1,8.7020,OK
2026-07-08 19:42:04,F1,8.6201,OK
2026-07-08 19:42:14,F1,8.5357,OK
2026-07-08 19:42:25,F1,8.8498,OK
2026-07-08 19:42:35,F1,8.6149,OK
2026-07-08 19:42:45,F1,8.6201,OK
2026-07-08 19:42:56,F1,8.6465,OK
2026-07-08 19:43:06,F1,8.4222,OK
2026-07-08 19:43:16,F1,8.5753,OK
2026-07-08 19:43:27,F1,8.6386,OK
2026-07-08 19:43:37,F1,8.4090,OK
2026-07-08 19:43:47,F1,8.4222,OK
2026-07-08 19:43:58,F1,8.8762,OK
2026-07-08 19:44:08,F1,8.7996,OK
2026-07-08 19:44:18,F1,8.8709,OK
2026-07-08 19:44:29,F1,9.0583,OK
2026-07-08 19:44:39,F1,9.0873,OK
2026-07-08 19:44:49,F1,9.0847,OK
2026-07-08 19:45:00,F1,9.3460,OK
2026-07-08 19:45:10,F1,9.6205,OK
2026-07-08 19:45:20,F1,9.2879,OK
2026-07-08 19:45:31,F1,9.3644,OK
2026-07-08 19:45:41,F1,9.5439,OK
2026-07-08 19:45:51,F1,9.2773,OK
2026-07-08 19:46:02,F1,9.7603,OK
2026-07-08 19:46:12,F1,9.8580,OK
2026-07-08 19:46:22,F1,9.5809,OK
2026-07-08 19:46:33,F1,9.6864,OK
2026-07-08 19:46:43,F1,9.3776,OK
2026-07-08 19:46:54,F1,9.6231,OK
2026-07-08 19:47:04,F1,9.6627,OK
2026-07-08 19:47:14,F1,9.7524,OK
2026-07-08 19:47:25,F1,9.7102,OK
2026-07-08 19:47:35,F1,9.7155,OK
2026-07-08 19:47:45,F1,9.6996,OK
2026-07-08 19:47:56,F1,9.6257,OK
2026-07-08 19:48:06,F1,9.8079,OK
2026-07-08 19:48:16,F1,9.4410,OK
2026-07-08 19:48:27,F1,9.2641,OK
2026-07-08 19:48:37,F1,9.3433,OK
2026-07-08 19:48:48,F1,9.5888,OK
2026-07-08 19:48:58,F1,9.5677,OK
2026-07-08 19:49:08,F1,9.5545,OK
2026-07-08 19:49:19,F1,9.7102,OK
2026-07-08 19:49:29,F1,9.5413,OK
2026-07-08 19:49:39,F1,9.4832,OK
2026-07-08 19:49:50,F1,9.4595,OK
2026-07-08 19:50:00,F1,9.3961,OK
2026-07-08 19:50:10,F1,9.3565,OK
2026-07-08 19:50:21,F1,9.2483,OK
2026-07-08 19:50:31,F1,9.2061,OK
2026-07-08 19:50:41,F1,9.0213,OK
2026-07-08 19:50:52,F1,9.2457,OK
2026-07-08 19:51:02,F1,9.0609,OK
2026-07-08 19:51:13,F1,9.1427,OK
2026-07-08 19:51:23,F1,8.9342,OK
2026-07-08 19:51:33,F1,9.2193,OK
2026-07-08 19:51:44,F1,9.0319,OK
2026-07-08 19:51:54,F1,8.8207,OK
2026-07-08 19:52:04,F1,8.6413,OK
2026-07-08 19:52:15,F1,8.5489,OK
2026-07-08 19:52:25,F1,8.5278,OK
2026-07-08 19:52:35,F1,8.5885,OK
2026-07-08 19:52:46,F1,8.6940,OK
2026-07-08 19:52:56,F1,8.5885,OK
2026-07-08 19:53:06,F1,8.9448,OK
2026-07-08 19:53:17,F1,8.9976,OK
2026-07-08 19:53:27,F1,8.9395,OK
2026-07-08 19:53:37,F1,8.6703,OK
2026-07-08 19:53:48,F1,8.6360,OK
2026-07-08 19:53:58,F1,8.8049,OK
2026-07-08 19:54:08,F1,8.7600,OK
2026-07-08 19:54:19,F1,9.0477,OK
2026-07-08 19:54:29,F1,8.9923,OK
2026-07-08 19:54:39,F1,8.7574,OK
2026-07-08 19:54:50,F1,9.2298,OK
2026-07-08 19:55:00,F1,9.0266,OK
2026-07-08 19:55:11,F1,9.0055,OK
2026-07-08 19:55:21,F1,9.0688,OK
2026-07-08 19:55:31,F1,9.2034,OK
2026-07-08 19:55:42,F1,9.1982,OK
2026-07-08 19:55:52,F1,9.2246,OK
2026-07-08 19:56:02,F1,9.2905,OK
2026-07-08 19:56:13,F1,9.3117,OK
2026-07-08 19:56:23,F1,9.4225,OK
2026-07-08 19:56:33,F1,9.5782,OK
2026-07-08 19:56:44,F1,9.7208,OK
2026-07-08 19:56:54,F1,9.6917,OK
2026-07-08 19:57:04,F1,9.8554,OK
2026-07-08 19:57:15,F1,9.7683,OK
2026-07-08 19:57:25,F1,9.6759,OK
2026-07-08 19:57:35,F1,9.6917,OK
2026-07-08 19:57:46,F1,9.6653,OK
2026-07-08 19:57:56,F1,9.8052,OK
2026-07-08 19:58:06,F1,9.6970,OK
2026-07-08 19:58:17,F1,9.2589,OK
2026-07-08 19:58:27,F1,9.4911,OK
2026-07-08 19:58:38,F1,9.2193,OK
2026-07-08 19:58:48,F1,9.3776,OK
2026-07-08 19:58:58,F1,9.2351,OK
2026-07-08 19:59:09,F1,9.4067,OK
2026-07-08 19:59:19,F1,9.1137,OK
2026-07-08 19:59:29,F1,9.4727,OK
2026-07-08 19:59:40,F1,9.3671,OK
2026-07-08 19:59:50,F1,9.4647,OK
2026-07-08 20:00:00,F1,9.2246,OK
2026-07-08 20:00:11,F1,9.4806,OK
2026-07-08 20:00:21,F1,9.2562,OK
2026-07-08 20:00:31,F1,9.1559,OK
2026-07-08 20:00:42,F1,9.1375,OK
2026-07-08 20:00:52,F1,8.9923,OK
2026-07-08 20:01:02,F1,9.1507,OK
2026-07-08 20:01:13,F1,9.2562,OK
2026-07-08 20:01:23,F1,9.0240,OK
2026-07-08 20:01:34,F1,9.1243,OK
2026-07-08 20:01:44,F1,9.0530,OK
2026-07-08 20:01:54,F1,9.0477,OK
2026-07-08 20:02:05,F1,8.9791,OK
2026-07-08 20:02:15,F1,8.9791,OK
2026-07-08 20:02:25,F1,8.8445,OK
2026-07-08 20:02:36,F1,8.8366,OK
2026-07-08 20:02:46,F1,8.8894,OK
2026-07-08 20:02:56,F1,9.0768,OK
2026-07-08 20:03:07,F1,9.0240,OK
2026-07-08 20:03:17,F1,8.9289,OK
2026-07-08 20:03:27,F1,9.0715,OK
2026-07-08 20:03:38,F1,9.0187,OK
2026-07-08 20:03:48,F1,8.9421,OK
2026-07-08 20:03:59,F1,9.0160,OK
2026-07-08 20:04:09,F1,8.7495,OK
2026-07-08 20:04:19,F1,8.7864,OK
2026-07-08 20:04:30,F1,8.8155,OK
2026-07-08 20:04:40,F1,8.9976,OK
2026-07-08 20:04:50,F1,9.2483,OK
2026-07-08 20:05:01,F1,9.2747,OK
2026-07-08 20:05:11,F1,9.2404,OK
2026-07-08 20:05:21,F1,8.9184,OK
2026-07-08 20:05:32,F1,9.1295,OK
2026-07-08 20:05:42,F1,9.1955,OK
2026-07-08 20:05:52,F1,9.0741,OK
2026-07-08 20:06:03,F1,9.1718,OK
2026-07-08 20:06:13,F1,9.3618,OK
2026-07-08 20:06:23,F1,9.3644,OK
2026-07-08 20:06:34,F1,9.5202,OK
2026-07-08 20:06:44,F1,9.4304,OK
2026-07-08 20:06:54,F1,9.4647,OK
2026-07-08 20:07:05,F1,9.6046,OK
2026-07-08 20:07:15,F1,9.3908,OK
2026-07-08 20:07:26,F1,9.6099,OK
2026-07-08 20:07:36,F1,9.2985,OK
2026-07-08 20:07:46,F1,9.3618,OK
2026-07-08 20:07:57,F1,9.2351,OK
2026-07-08 20:08:07,F1,9.4779,OK
2026-07-08 20:08:17,F1,9.5202,OK
2026-07-08 20:08:28,F1,9.5439,OK
2026-07-08 20:08:38,F1,9.4172,OK
2026-07-08 20:08:48,F1,9.2853,OK
2026-07-08 20:08:59,F1,9.2087,OK
2026-07-08 20:09:09,F1,9.1876,OK
2026-07-08 20:09:20,F1,9.3724,OK
2026-07-08 20:09:30,F1,9.5492,OK
2026-07-08 20:09:40,F1,9.0952,OK
2026-07-08 20:09:51,F1,9.2351,OK
2026-07-08 20:10:01,F1,8.9158,OK
2026-07-08 20:10:11,F1,9.3671,OK
2026-07-08 20:10:22,F1,9.2378,OK
2026-07-08 20:10:32,F1,9.2166,OK
2026-07-08 20:10:42,F1,9.1401,OK
2026-07-08 20:10:53,F1,9.0609,OK
2026-07-08 20:11:03,F1,9.2853,OK
2026-07-08 20:11:13,F1,9.1955,OK
2026-07-08 20:11:24,F1,9.2246,OK
2026-07-08 20:11:34,F1,9.3460,OK
2026-07-08 20:11:45,F1,9.2510,OK
2026-07-08 20:11:55,F1,9.1665,OK
2026-07-08 20:12:05,F1,9.3301,OK
2026-07-08 20:12:16,F1,8.8973,OK
2026-07-08 20:12:26,F1,9.0926,OK
2026-07-08 20:12:36,F1,9.2246,OK
2026-07-08 20:12:47,F1,9.2325,OK
2026-07-08 20:12:57,F1,9.2589,OK
2026-07-08 20:13:07,F1,9.2747,OK
2026-07-08 20:13:18,F1,9.1902,OK
2026-07-08 20:13:28,F1,9.1507,OK
2026-07-08 20:13:38,F1,9.0451,OK
2026-07-08 20:13:49,F1,9.0952,OK
2026-07-08 20:13:59,F1,9.3724,OK
2026-07-08 20:14:09,F1,8.8867,OK
2026-07-08 20:14:20,F1,8.9501,OK
2026-07-08 20:14:30,F1,8.8762,OK
2026-07-08 20:14:40,F1,9.0345,OK
2026-07-08 20:14:51,F1,8.9553,OK
2026-07-08 20:15:01,F1,9.1533,OK
2026-07-08 20:15:12,F1,9.0583,OK
2026-07-08 20:15:22,F1,8.9501,OK
2026-07-08 20:15:32,F1,9.3433,OK
2026-07-08 20:15:43,F1,9.0794,OK
2026-07-08 20:15:53,F1,9.1480,OK
2026-07-08 20:16:03,F1,9.3354,OK
2026-07-08 20:16:14,F1,9.3697,OK
2026-07-08 20:16:24,F1,9.3512,OK
2026-07-08 20:16:34,F1,9.6706,OK
2026-07-08 20:16:45,F1,9.6574,OK
2026-07-08 20:16:55,F1,9.3618,OK
2026-07-08 20:17:05,F1,9.3380,OK
2026-07-08 20:17:16,F1,9.5175,OK
2026-07-08 20:17:26,F1,9.8395,OK
2026-07-08 20:17:36,F1,10.0005,OK
2026-07-08 20:17:47,F1,9.6996,OK
2026-07-08 20:17:57,F1,9.3803,OK
2026-07-08 20:18:07,F1,9.5624,OK
2026-07-08 20:18:18,F1,9.7340,OK
2026-07-08 20:18:28,F1,9.8844,OK
2026-07-08 20:18:38,F1,9.4542,OK
2026-07-08 20:18:49,F1,9.5122,OK
2026-07-08 20:18:59,F1,9.5175,OK
2026-07-08 20:19:10,F1,9.5624,OK
2026-07-08 20:19:20,F1,9.8765,OK
2026-07-08 20:19:30,F1,9.6125,OK
2026-07-08 20:19:41,F1,9.4199,OK
2026-07-08 20:19:51,F1,9.4990,OK
2026-07-08 20:20:01,F1,9.0926,OK
2026-07-08 20:20:12,F1,9.3169,OK
2026-07-08 20:20:22,F1,9.2219,OK
2026-07-08 20:20:32,F1,9.0662,OK
2026-07-08 20:20:43,F1,9.3117,OK
2026-07-08 20:20:53,F1,9.0266,OK
2026-07-08 20:21:03,F1,9.2615,OK
2026-07-08 20:21:14,F1,8.9448,OK
2026-07-08 20:21:24,F1,8.9685,OK
2026-07-08 20:21:35,F1,9.4463,OK
2026-07-08 20:21:45,F1,9.1269,OK
2026-07-08 20:21:55,F1,8.9501,OK
2026-07-08 20:22:06,F1,8.8920,OK
2026-07-08 20:22:16,F1,8.9685,OK
2026-07-08 20:22:26,F1,9.0108,OK
2026-07-08 20:22:37,F1,9.1876,OK
2026-07-08 20:22:47,F1,9.0451,OK
2026-07-08 20:22:57,F1,9.0609,OK
2026-07-08 20:23:08,F1,9.0424,OK
2026-07-08 20:23:18,F1,9.0081,OK
2026-07-08 20:23:28,F1,8.8471,OK
2026-07-08 20:23:39,F1,8.8894,OK
2026-07-08 20:23:49,F1,8.7970,OK
2026-07-08 20:23:59,F1,8.9527,OK
2026-07-08 20:24:10,F1,8.6914,OK
2026-07-08 20:24:20,F1,8.6571,OK
2026-07-08 20:24:31,F1,8.7653,OK
2026-07-08 20:24:41,F1,8.6756,OK
2026-07-08 20:24:51,F1,8.7811,OK
2026-07-08 20:25:02,F1,8.7072,OK
2026-07-08 20:25:12,F1,8.7996,OK
2026-07-08 20:25:22,F1,8.9158,OK
2026-07-08 20:25:33,F1,9.1559,OK
2026-07-08 20:25:43,F1,9.4700,OK
2026-07-08 20:25:53,F1,9.0847,OK
2026-07-08 20:26:04,F1,9.1929,OK
2026-07-08 20:26:14,F1,9.5914,OK
2026-07-08 20:26:24,F1,9.6178,OK
2026-07-08 20:26:35,F1,9.7260,OK
2026-07-08 20:26:45,F1,9.6416,OK
2026-07-08 20:26:55,F1,9.4515,OK
2026-07-08 20:27:06,F1,9.6099,OK
2026-07-08 20:27:16,F1,9.4885,OK
2026-07-08 20:27:26,F1,9.7630,OK
2026-07-08 20:27:37,F1,9.4146,OK
2026-07-08 20:27:47,F1,9.6178,OK
2026-07-08 20:27:58,F1,10.1061,OK
2026-07-08 20:28:08,F1,10.3041,OK
2026-07-08 20:28:18,F1,10.8346,OK
2026-07-08 20:28:29,F1,10.7475,OK
2026-07-08 20:28:39,F1,11.4073,OK
2026-07-08 20:28:49,F1,11.5023,OK
2026-07-08 20:29:00,F1,12.1833,OK
2026-07-08 20:29:10,F1,12.0144,OK
2026-07-08 20:29:20,F1,11.8190,OK
2026-07-08 20:29:31,F1,12.1331,OK
2026-07-08 20:29:41,F1,11.9193,OK
2026-07-08 20:29:51,F1,11.2912,OK
2026-07-08 20:30:02,F1,10.8319,OK
2026-07-08 20:30:12,F1,10.6736,OK
2026-07-08 20:30:23,F1,10.3384,OK
2026-07-08 20:30:33,F1,10.3410,OK
2026-07-08 20:30:43,F1,10.2513,OK
2026-07-08 20:30:54,F1,9.8976,OK
2026-07-08 20:31:04,F1,10.0823,OK
2026-07-08 20:31:14,F1,10.2856,OK
2026-07-08 20:31:25,F1,9.9952,OK
2026-07-08 20:31:35,F1,10.3357,OK
2026-07-08 20:31:45,F1,10.4703,OK
2026-07-08 20:31:56,F1,10.7132,OK
2026-07-08 20:32:06,F1,10.2486,OK
2026-07-08 20:32:16,F1,10.2433,OK
2026-07-08 20:32:27,F1,10.2909,OK
2026-07-08 20:32:37,F1,10.3516,OK
2026-07-08 20:32:48,F1,10.6208,OK
2026-07-08 20:32:58,F1,10.0560,OK
2026-07-08 20:33:08,F1,10.3780,OK
2026-07-08 20:33:19,F1,10.6129,OK
2026-07-08 20:33:29,F1,10.6366,OK
2026-07-08 20:33:39,F1,10.3568,OK
2026-07-08 20:33:50,F1,10.6023,OK
2026-07-08 20:34:00,F1,9.8026,OK
2026-07-08 20:34:10,F1,10.4571,OK
2026-07-08 20:34:21,F1,10.4360,OK
2026-07-08 20:34:31,F1,10.1457,OK
2026-07-08 20:34:41,F1,10.0428,OK
2026-07-08 20:34:52,F1,10.1958,OK
2026-07-08 20:35:02,F1,10.3014,OK
2026-07-08 20:35:12,F1,10.7580,OK
2026-07-08 20:35:23,F1,10.1457,OK
2026-07-08 20:35:33,F1,10.3384,OK
2026-07-08 20:35:44,F1,10.0771,OK
2026-07-08 20:35:54,F1,10.4888,OK
2026-07-08 20:36:04,F1,10.4096,OK
2026-07-08 20:36:15,F1,10.6419,OK
2026-07-08 20:36:25,F1,10.7686,OK
2026-07-08 20:36:35,F1,9.9398,OK
2026-07-08 20:36:46,F1,9.2034,OK
2026-07-08 20:36:56,F1,8.5014,OK
2026-07-08 20:37:06,F1,7.8072,OK
2026-07-08 20:37:17,F1,7.6277,OK
2026-07-08 20:37:27,F1,6.9442,OK
2026-07-08 20:37:38,F1,6.7462,OK
2026-07-08 20:37:48,F1,6.4823,OK
2026-07-08 20:37:58,F1,6.5746,OK
2026-07-08 20:38:09,F1,5.7538,OK
2026-07-08 20:38:19,F1,6.2949,OK
2026-07-08 20:38:29,F1,6.4638,OK
2026-07-08 20:38:40,F1,6.3952,OK
2026-07-08 20:38:50,F1,6.8623,OK
2026-07-08 20:39:00,F1,6.4955,OK
2026-07-08 20:39:11,F1,6.5298,OK
2026-07-08 20:39:21,F1,6.7963,OK
2026-07-08 20:39:32,F1,6.6169,OK
2026-07-08 20:39:42,F1,6.9257,OK
2026-07-08 20:39:52,F1,6.5192,OK
2026-07-08 20:40:03,F1,6.6934,OK
2026-07-08 20:40:13,F1,6.4796,OK
2026-07-08 20:40:23,F1,6.7145,OK
2026-07-08 20:40:34,F1,6.3925,OK
2026-07-08 20:40:44,F1,6.5087,OK
2026-07-08 20:40:54,F1,6.7726,OK
2026-07-08 20:41:05,F1,7.0101,OK
2026-07-08 20:41:15,F1,7.2186,OK
2026-07-08 20:41:25,F1,7.8468,OK
2026-07-08 20:41:36,F1,7.6409,OK
2026-07-08 20:41:46,F1,8.1002,OK
2026-07-08 20:41:57,F1,8.2823,OK
2026-07-08 20:42:07,F1,8.3905,OK
2026-07-08 20:42:17,F1,8.5779,OK
2026-07-08 20:42:28,F1,8.5594,OK
2026-07-08 20:42:38,F1,8.5304,OK
2026-07-08 20:42:48,F1,8.3773,OK
2026-07-08 20:42:59,F1,8.7178,OK
2026-07-08 20:43:09,F1,9.0319,OK
2026-07-08 20:43:19,F1,9.5228,OK
2026-07-08 20:43:30,F1,10.1536,OK
2026-07-08 20:43:40,F1,10.7290,OK
2026-07-08 20:43:50,F1,11.0853,OK
2026-07-08 20:44:01,F1,11.6448,OK
2026-07-08 20:44:11,F1,12.0223,OK
2026-07-08 20:44:21,F1,12.2255,OK
2026-07-08 20:44:32,F1,12.2915,OK
2026-07-08 20:44:42,F1,12.5264,OK
2026-07-08 20:44:53,F1,12.3311,OK
2026-07-08 20:45:03,F1,12.4103,OK
2026-07-08 20:45:13,F1,12.2308,OK
2026-07-08 20:45:24,F1,11.3809,OK
2026-07-08 20:45:34,F1,11.2833,OK
2026-07-08 20:45:45,F1,11.0879,OK
2026-07-08 20:45:55,F1,11.0589,OK
2026-07-08 20:46:06,F1,11.3862,OK
2026-07-08 20:46:16,F1,11.3572,OK
2026-07-08 20:46:26,F1,11.3809,OK
2026-07-08 20:46:37,F1,10.9137,OK
2026-07-08 20:46:47,F1,11.2305,OK
2026-07-08 20:46:58,F1,11.8085,OK
2026-07-08 20:47:08,F1,11.4363,OK
2026-07-08 20:47:18,F1,11.3862,OK
2026-07-08 20:47:29,F1,11.2305,OK
2026-07-08 20:47:39,F1,11.2041,OK
2026-07-08 20:47:49,F1,11.8032,OK
2026-07-08 20:48:00,F1,11.2674,OK
2026-07-08 20:48:10,F1,11.3228,OK
2026-07-08 20:48:21,F1,12.0381,OK
2026-07-08 20:48:31,F1,11.5657,OK
2026-07-08 20:48:41,F1,10.8794,OK
2026-07-08 20:48:52,F1,11.5894,OK
2026-07-08 20:49:02,F1,10.8293,OK
2026-07-08 20:49:12,F1,11.2621,OK
2026-07-08 20:49:23,F1,11.3255,OK
2026-07-08 20:49:33,F1,11.5129,OK
2026-07-08 20:49:44,F1,11.4891,OK
2026-07-08 20:49:54,F1,11.4548,OK
2026-07-08 20:50:04,F1,11.5630,OK
2026-07-08 20:50:15,F1,11.5419,OK
2026-07-08 20:50:25,F1,11.5789,OK
2026-07-08 20:50:35,F1,11.1170,OK
2026-07-08 20:50:46,F1,11.1513,OK
2026-07-08 20:50:56,F1,10.4149,OK
2026-07-08 20:51:06,F1,9.8263,OK
2026-07-08 20:51:17,F1,9.3275,OK
2026-07-08 20:51:27,F1,8.0500,OK
2026-07-08 20:51:38,F1,7.4641,OK
2026-07-08 20:51:48,F1,6.8122,OK
2026-07-08 20:51:58,F1,6.7119,OK
2026-07-08 20:52:09,F1,6.5060,OK
2026-07-08 20:52:19,F1,6.2051,OK
2026-07-08 20:52:29,F1,5.8752,OK
2026-07-08 20:52:40,F1,5.8171,OK
2026-07-08 20:52:50,F1,5.8699,OK
2026-07-08 20:53:01,F1,5.7142,OK
2026-07-08 20:53:11,F1,6.2553,OK
2026-07-08 20:53:21,F1,5.9993,OK
2026-07-08 20:53:32,F1,6.1497,OK
2026-07-08 20:53:42,F1,6.2262,OK
2026-07-08 20:53:52,F1,5.8620,OK
2026-07-08 20:54:03,F1,6.1233,OK
2026-07-08 20:54:13,F1,6.3160,OK
2026-07-08 20:54:23,F1,6.0230,OK
2026-07-08 20:54:34,F1,5.6746,OK
2026-07-08 20:54:44,F1,6.0705,OK
2026-07-08 20:54:54,F1,6.0679,OK
2026-07-08 20:55:05,F1,5.9016,OK
2026-07-08 20:55:15,F1,5.7828,OK
2026-07-08 20:55:26,F1,6.4902,OK
2026-07-08 20:55:36,F1,7.5433,OK
2026-07-08 20:55:46,F1,7.9234,OK
2026-07-08 20:55:57,F1,8.0210,OK
2026-07-08 20:56:07,F1,8.1503,OK
2026-07-08 20:56:17,F1,8.9897,OK
2026-07-08 20:56:28,F1,10.8478,OK
2026-07-08 20:56:38,F1,11.7478,OK
2026-07-08 20:56:48,F1,11.5683,OK
2026-07-08 20:56:59,F1,11.6290,OK
2026-07-08 20:57:09,F1,11.3862,OK
2026-07-08 20:57:20,F1,11.4838,OK
2026-07-08 20:57:30,F1,11.8243,OK
2026-07-08 20:57:40,F1,11.7478,OK
2026-07-08 20:57:51,F1,11.3651,OK
2026-07-08 20:58:01,F1,11.6317,OK
2026-07-08 20:58:11,F1,11.4838,OK
2026-07-08 20:58:22,F1,11.7742,OK
2026-07-08 20:58:32,F1,11.5023,OK
2026-07-08 20:58:42,F1,11.3044,OK
2026-07-08 20:58:53,F1,11.2595,OK
2026-07-08 20:59:03,F1,11.6211,OK
2026-07-08 20:59:13,F1,11.5102,OK
2026-07-08 20:59:24,F1,11.3783,OK
2026-07-08 20:59:34,F1,11.2226,OK
2026-07-08 20:59:45,F1,11.3096,OK
2026-07-08 20:59:55,F1,11.5630,OK
2026-07-08 21:00:05,F1,11.3624,OK
2026-07-08 21:00:16,F1,11.4733,OK
2026-07-08 21:00:26,F1,11.4311,OK
2026-07-08 21:00:36,F1,11.2674,OK
2026-07-08 21:00:47,F1,11.2489,OK
2026-07-08 21:00:57,F1,11.3651,OK
2026-07-08 21:01:07,F1,11.1091,OK
2026-07-08 21:01:18,F1,11.1064,OK
2026-07-08 21:01:28,F1,11.2965,OK
2026-07-08 21:01:38,F1,10.8504,OK
2026-07-08 21:01:49,F1,11.2780,OK
2026-07-08 21:01:59,F1,10.9190,OK
2026-07-08 21:02:09,F1,10.9665,OK
2026-07-08 21:02:20,F1,10.5917,OK
2026-07-08 21:02:30,F1,10.9613,OK
2026-07-08 21:02:40,F1,10.7290,OK
2026-07-08 21:02:51,F1,10.8055,OK
2026-07-08 21:03:01,F1,10.6023,OK
2026-07-08 21:03:11,F1,10.5865,OK
2026-07-08 21:03:22,F1,10.5046,OK
2026-07-08 21:03:32,F1,10.4070,OK
2026-07-08 21:03:43,F1,10.6340,OK
2026-07-08 21:03:53,F1,10.7184,OK
2026-07-08 21:04:03,F1,10.4492,OK
2026-07-08 21:04:14,F1,10.4809,OK
2026-07-08 21:04:24,F1,10.6736,OK
2026-07-08 21:04:34,F1,10.5733,OK
2026-07-08 21:04:45,F1,10.3463,OK
2026-07-08 21:04:55,F1,10.6340,OK
2026-07-08 21:05:05,F1,10.4307,OK
2026-07-08 21:05:16,F1,10.7527,OK
2026-07-08 21:05:26,F1,10.4360,OK
2026-07-08 21:05:37,F1,10.3938,OK
2026-07-08 21:05:47,F1,10.5099,OK
2026-07-08 21:05:57,F1,10.4598,OK
2026-07-08 21:06:08,F1,10.6261,OK
2026-07-08 21:06:18,F1,11.0747,OK
2026-07-08 21:06:28,F1,10.7448,OK
2026-07-08 21:06:39,F1,11.0536,OK
2026-07-08 21:06:49,F1,10.9771,OK
2026-07-08 21:06:59,F1,11.2806,OK
2026-07-08 21:07:10,F1,11.0695,OK
2026-07-08 21:07:20,F1,11.3598,OK
2026-07-08 21:07:30,F1,11.1407,OK
2026-07-08 21:07:41,F1,11.4311,OK
2026-07-08 21:07:51,F1,11.3176,OK
2026-07-08 21:08:02,F1,11.1935,OK
2026-07-08 21:08:12,F1,11.4918,OK
2026-07-08 21:08:22,F1,11.5182,OK
2026-07-08 21:08:33,F1,11.4680,OK
2026-07-08 21:08:43,F1,11.5366,OK
2026-07-08 21:08:53,F1,11.8613,OK
2026-07-08 21:09:04,F1,11.4680,OK
2026-07-08 21:09:14,F1,11.4020,OK
2026-07-08 21:09:24,F1,11.5973,OK
2026-07-08 21:09:35,F1,11.5498,OK
2026-07-08 21:09:45,F1,11.1618,OK
2026-07-08 21:09:55,F1,11.2991,OK
2026-07-08 21:10:06,F1,11.2912,OK
2026-07-08 21:10:16,F1,11.1486,OK
2026-07-08 21:10:26,F1,11.2120,OK
2026-07-08 21:10:37,F1,11.1803,OK
2026-07-08 21:10:47,F1,11.0642,OK
2026-07-08 21:10:57,F1,11.2621,OK
2026-07-08 21:11:08,F1,10.9085,OK
2026-07-08 21:11:18,F1,10.9745,OK
2026-07-08 21:11:29,F1,11.4099,OK
2026-07-08 21:11:39,F1,11.1513,OK
2026-07-08 21:11:49,F1,11.0299,OK
2026-07-08 21:12:00,F1,10.9454,OK
2026-07-08 21:12:10,F1,10.8240,OK
2026-07-08 21:12:20,F1,10.8530,OK
2026-07-08 21:12:31,F1,10.7079,OK
2026-07-08 21:12:41,F1,10.7475,OK
2026-07-08 21:12:51,F1,10.7897,OK
2026-07-08 21:13:02,F1,10.7844,OK
2026-07-08 21:13:12,F1,10.8029,OK
2026-07-08 21:13:22,F1,10.6868,OK
2026-07-08 21:13:33,F1,10.8346,OK
2026-07-08 21:13:43,F1,10.9850,OK
2026-07-08 21:13:54,F1,10.9824,OK
2026-07-08 21:14:04,F1,11.0220,OK
2026-07-08 21:14:14,F1,10.8478,OK
2026-07-08 21:14:25,F1,10.8135,OK
2026-07-08 21:14:35,F1,10.9137,OK
2026-07-08 21:14:45,F1,10.6815,OK
2026-07-08 21:14:56,F1,10.4994,OK
2026-07-08 21:15:06,F1,10.6366,OK
2026-07-08 21:15:16,F1,10.5627,OK
2026-07-08 21:15:27,F1,10.6419,OK
2026-07-08 21:15:37,F1,10.4096,OK
2026-07-08 21:15:48,F1,10.6498,OK
2026-07-08 21:15:58,F1,10.5073,OK
2026-07-08 21:16:08,F1,10.5654,OK
2026-07-08 21:16:19,F1,10.6208,OK
2026-07-08 21:16:29,F1,10.8478,OK
2026-07-08 21:16:39,F1,10.6551,OK
2026-07-08 21:16:50,F1,10.7422,OK
2026-07-08 21:17:00,F1,10.9507,OK
2026-07-08 21:17:10,F1,10.9322,OK
2026-07-08 21:17:21,F1,11.0563,OK
2026-07-08 21:17:31,F1,10.9243,OK
2026-07-08 21:17:41,F1,11.1196,OK
2026-07-08 21:17:52,F1,11.3281,OK
2026-07-08 21:18:02,F1,11.1513,OK
2026-07-08 21:18:12,F1,11.1803,OK
2026-07-08 21:18:23,F1,11.3334,OK
2026-07-08 21:18:33,F1,11.3044,OK
2026-07-08 21:18:44,F1,11.4627,OK
2026-07-08 21:18:54,F1,11.2542,OK
2026-07-08 21:19:04,F1,11.4126,OK
2026-07-08 21:19:15,F1,11.3862,OK
2026-07-08 21:19:25,F1,11.0985,OK
2026-07-08 21:19:35,F1,11.4918,OK
2026-07-08 21:19:46,F1,11.3044,OK
2026-07-08 21:19:56,F1,11.1196,OK
2026-07-08 21:20:06,F1,11.3994,OK
2026-07-08 21:20:17,F1,11.3862,OK
2026-07-08 21:20:27,F1,11.0932,OK
2026-07-08 21:20:37,F1,11.3044,OK
2026-07-08 21:20:48,F1,11.1830,OK
2026-07-08 21:20:58,F1,11.0035,OK
2026-07-08 21:21:08,F1,10.9322,OK
2026-07-08 21:21:19,F1,10.8240,OK
2026-07-08 21:21:29,F1,10.8240,OK
2026-07-08 21:21:40,F1,10.8847,OK
2026-07-08 21:21:50,F1,11.1064,OK
2026-07-08 21:22:00,F1,11.0932,OK
2026-07-08 21:22:11,F1,10.9665,OK
2026-07-08 21:22:21,F1,11.0325,OK
2026-07-08 21:22:31,F1,11.0431,OK
2026-07-08 21:22:42,F1,11.2226,OK
2026-07-08 21:22:52,F1,10.8003,OK
2026-07-08 21:23:02,F1,11.0061,OK
2026-07-08 21:23:13,F1,10.9718,OK
2026-07-08 21:23:23,F1,11.1091,OK
2026-07-08 21:23:33,F1,11.1724,OK
2026-07-08 21:23:44,F1,11.1117,OK
2026-07-08 21:23:54,F1,10.9137,OK
2026-07-08 21:24:05,F1,10.9401,OK
2026-07-08 21:24:15,F1,10.9745,OK
2026-07-08 21:24:25,F1,11.2146,OK
2026-07-08 21:24:36,F1,11.1671,OK
2026-07-08 21:24:46,F1,10.9296,OK
2026-07-08 21:24:56,F1,11.0431,OK
2026-07-08 21:25:07,F1,11.0325,OK
2026-07-08 21:25:17,F1,10.6894,OK
2026-07-08 21:25:27,F1,10.7844,OK
2026-07-08 21:25:38,F1,10.7897,OK
2026-07-08 21:25:48,F1,10.6340,OK
2026-07-08 21:25:58,F1,10.5178,OK
2026-07-08 21:26:09,F1,10.7607,OK
2026-07-08 21:26:19,F1,10.9190,OK
2026-07-08 21:26:29,F1,10.6920,OK
2026-07-08 21:26:40,F1,10.8029,OK
2026-07-08 21:26:50,F1,10.9217,OK
2026-07-08 21:27:01,F1,10.8847,OK
2026-07-08 21:27:11,F1,10.9005,OK
2026-07-08 21:27:21,F1,11.1223,OK
2026-07-08 21:27:32,F1,10.9533,OK
2026-07-08 21:27:42,F1,11.2912,OK
2026-07-08 21:27:52,F1,11.2226,OK
2026-07-08 21:28:03,F1,11.4073,OK
2026-07-08 21:28:13,F1,11.4654,OK
2026-07-08 21:28:23,F1,10.9929,OK
2026-07-08 21:28:34,F1,11.2120,OK
2026-07-08 21:28:44,F1,11.2885,OK
2026-07-08 21:28:55,F1,11.3730,OK
2026-07-08 21:29:05,F1,11.3334,OK
2026-07-08 21:29:15,F1,11.2226,OK
2026-07-08 21:29:26,F1,11.1143,OK
2026-07-08 21:29:36,F1,11.2965,OK
2026-07-08 21:29:46,F1,11.0695,OK
2026-07-08 21:29:57,F1,11.1803,OK
2026-07-08 21:30:07,F1,11.1909,OK
2026-07-08 21:30:17,F1,11.3466,OK
2026-07-08 21:30:28,F1,11.1750,OK
2026-07-08 21:30:38,F1,10.8953,OK
2026-07-08 21:30:48,F1,11.2489,OK
2026-07-08 21:30:59,F1,10.9613,OK
2026-07-08 21:31:09,F1,11.0035,OK
2026-07-08 21:31:19,F1,10.8214,OK
2026-07-08 21:31:30,F1,11.0193,OK
2026-07-08 21:31:40,F1,10.9929,OK
2026-07-08 21:31:51,F1,10.8662,OK
2026-07-08 21:32:01,F1,10.9137,OK
2026-07-08 21:32:11,F1,11.1830,OK
2026-07-08 21:32:22,F1,10.9137,OK
2026-07-08 21:32:32,F1,11.0140,OK
2026-07-08 21:32:43,F1,10.6841,OK
2026-07-08 21:32:53,F1,10.7633,OK
2026-07-08 21:33:03,F1,10.7395,OK
2026-07-08 21:33:14,F1,10.9929,OK
2026-07-08 21:33:24,F1,10.7211,OK
2026-07-08 21:33:34,F1,10.4466,OK
2026-07-08 21:33:45,F1,10.6498,OK
2026-07-08 21:33:55,F1,10.5706,OK
2026-07-08 21:34:05,F1,10.6419,OK
2026-07-08 21:34:16,F1,10.7475,OK
2026-07-08 21:34:26,F1,10.6551,OK
2026-07-08 21:34:36,F1,10.4492,OK
2026-07-08 21:34:47,F1,10.8161,OK
2026-07-08 21:34:57,F1,10.7791,OK
2026-07-08 21:35:07,F1,10.4571,OK
2026-07-08 21:35:18,F1,10.4413,OK
2026-07-08 21:35:28,F1,10.6815,OK
2026-07-08 21:35:39,F1,10.5390,OK
2026-07-08 21:35:49,F1,10.5469,OK
2026-07-08 21:35:59,F1,10.8003,OK
2026-07-08 21:36:10,F1,10.3938,OK
2026-07-08 21:36:20,F1,10.6076,OK
2026-07-08 21:36:30,F1,10.6181,OK
2026-07-08 21:36:41,F1,10.5442,OK
2026-07-08 21:36:51,F1,10.6894,OK
2026-07-08 21:37:01,F1,11.0088,OK
2026-07-08 21:37:12,F1,10.9375,OK
2026-07-08 21:37:22,F1,10.8425,OK
2026-07-08 21:37:32,F1,11.2648,OK
2026-07-08 21:37:43,F1,10.8900,OK
2026-07-08 21:37:53,F1,10.9137,OK
2026-07-08 21:38:04,F1,10.9718,OK
2026-07-08 21:38:14,F1,11.0774,OK
2026-07-08 21:38:24,F1,10.7395,OK
2026-07-08 21:38:35,F1,10.9771,OK
2026-07-08 21:38:45,F1,11.2067,OK
2026-07-08 21:38:55,F1,11.1117,OK
2026-07-08 21:39:06,F1,10.9217,OK
2026-07-08 21:39:16,F1,11.0352,OK
2026-07-08 21:39:26,F1,11.0879,OK
2026-07-08 21:39:37,F1,11.1407,OK
2026-07-08 21:39:47,F1,11.0959,OK
2026-07-08 21:39:57,F1,11.0378,OK
2026-07-08 21:40:08,F1,10.8557,OK
2026-07-08 21:40:18,F1,11.0431,OK
2026-07-08 21:40:29,F1,10.6788,OK
2026-07-08 21:40:39,F1,10.6788,OK
2026-07-08 21:40:49,F1,10.7052,OK
2026-07-08 21:41:00,F1,10.6445,OK
2026-07-08 21:41:10,F1,10.8398,OK
2026-07-08 21:41:20,F1,10.7264,OK
2026-07-08 21:41:31,F1,10.7448,OK
2026-07-08 21:41:41,F1,10.7607,OK
2026-07-08 21:41:51,F1,10.7580,OK
2026-07-08 21:42:02,F1,10.6155,OK
2026-07-08 21:42:12,F1,10.8187,OK
2026-07-08 21:42:23,F1,10.5574,OK
2026-07-08 21:42:33,F1,10.5944,OK
2026-07-08 21:42:43,F1,10.5548,OK
2026-07-08 21:42:54,F1,10.5416,OK
2026-07-08 21:43:04,F1,10.7290,OK
2026-07-08 21:43:14,F1,10.4703,OK
2026-07-08 21:43:25,F1,10.4307,OK
2026-07-08 21:43:35,F1,10.6261,OK
2026-07-08 21:43:45,F1,10.5574,OK
2026-07-08 21:43:56,F1,10.6181,OK
2026-07-08 21:44:06,F1,10.6208,OK
2026-07-08 21:44:16,F1,10.3806,OK
2026-07-08 21:44:27,F1,10.1404,OK
2026-07-08 21:44:37,F1,10.0850,OK
2026-07-08 21:44:48,F1,10.0322,OK
2026-07-08 21:44:58,F1,9.9530,OK
2026-07-08 21:45:08,F1,10.2381,OK
2026-07-08 21:45:19,F1,10.2090,OK
2026-07-08 21:45:29,F1,10.1299,OK
2026-07-08 21:45:39,F1,10.0903,OK
2026-07-08 21:45:50,F1,9.8844,OK
2026-07-08 21:46:00,F1,10.1536,OK
2026-07-08 21:46:10,F1,10.3278,OK
2026-07-08 21:46:21,F1,10.0560,OK
2026-07-08 21:46:31,F1,9.7815,OK
2026-07-08 21:46:41,F1,9.9636,OK
2026-07-08 21:46:52,F1,10.0322,OK
2026-07-08 21:47:02,F1,10.1167,OK
2026-07-08 21:47:12,F1,10.4360,OK
2026-07-08 21:47:23,F1,10.5073,OK
2026-07-08 21:47:33,F1,10.1826,OK
2026-07-08 21:47:44,F1,10.4123,OK
2026-07-08 21:47:54,F1,10.3700,OK
2026-07-08 21:48:04,F1,10.5020,OK
2026-07-08 21:48:15,F1,10.6815,OK
2026-07-08 21:48:25,F1,10.7343,OK
2026-07-08 21:48:35,F1,10.9085,OK
2026-07-08 21:48:46,F1,10.6313,OK
2026-07-08 21:48:56,F1,10.6049,OK
2026-07-08 21:49:06,F1,10.6181,OK
2026-07-08 21:49:17,F1,10.6683,OK
2026-07-08 21:49:27,F1,10.9428,OK
2026-07-08 21:49:38,F1,10.6181,OK
2026-07-08 21:49:48,F1,10.6551,OK
2026-07-08 21:49:58,F1,10.4492,OK
2026-07-08 21:50:09,F1,10.5891,OK
2026-07-08 21:50:19,F1,10.4413,OK
2026-07-08 21:50:29,F1,10.1536,OK
2026-07-08 21:50:40,F1,10.4360,OK
2026-07-08 21:50:50,F1,10.6181,OK
2026-07-08 21:51:01,F1,10.5390,OK
2026-07-08 21:51:11,F1,10.3410,OK
2026-07-08 21:51:21,F1,10.4228,OK
2026-07-08 21:51:32,F1,10.4730,OK
2026-07-08 21:51:42,F1,10.1378,OK
2026-07-08 21:51:52,F1,10.4862,OK
2026-07-08 21:52:03,F1,10.4255,OK
2026-07-08 21:52:13,F1,10.1826,OK
2026-07-08 21:52:23,F1,10.0982,OK
2026-07-08 21:52:34,F1,10.5020,OK
2026-07-08 21:52:44,F1,10.3542,OK
2026-07-08 21:52:55,F1,10.3542,OK
2026-07-08 21:53:05,F1,10.3331,OK
2026-07-08 21:53:15,F1,10.3173,OK
2026-07-08 21:53:26,F1,10.0639,OK
2026-07-08 21:53:36,F1,9.9583,OK
2026-07-08 21:53:46,F1,10.0137,OK
2026-07-08 21:53:57,F1,10.1958,OK
2026-07-08 21:54:07,F1,10.1193,OK
2026-07-08 21:54:17,F1,10.1853,OK
2026-07-08 21:54:28,F1,9.7102,OK
2026-07-08 21:54:38,F1,9.6152,OK
2026-07-08 21:54:48,F1,9.5492,OK
2026-07-08 21:54:59,F1,9.7102,OK
2026-07-08 21:55:09,F1,9.4700,OK
2026-07-08 21:55:20,F1,9.4357,OK
2026-07-08 21:55:30,F1,9.8448,OK
2026-07-08 21:55:40,F1,9.6020,OK
2026-07-08 21:55:51,F1,9.5149,OK
2026-07-08 21:56:01,F1,9.7498,OK
2026-07-08 21:56:11,F1,9.6469,OK
2026-07-08 21:56:22,F1,9.6416,OK
2026-07-08 21:56:32,F1,9.6205,OK
2026-07-08 21:56:42,F1,9.8791,OK
2026-07-08 21:56:53,F1,9.7551,OK
2026-07-08 21:57:03,F1,9.9002,OK
2026-07-08 21:57:13,F1,9.9821,OK
2026-07-08 21:57:24,F1,9.8976,OK
2026-07-08 21:57:34,F1,10.4043,OK
2026-07-08 21:57:45,F1,10.0005,OK
2026-07-08 21:57:55,F1,9.9108,OK
2026-07-08 21:58:05,F1,10.1483,OK
2026-07-08 21:58:16,F1,10.3489,OK
2026-07-08 21:58:26,F1,10.1325,OK
2026-07-08 21:58:37,F1,10.4413,OK
2026-07-08 21:58:47,F1,10.4783,OK
2026-07-08 21:58:57,F1,10.3648,OK
2026-07-08 21:59:08,F1,10.5469,OK
2026-07-08 21:59:18,F1,10.4123,OK
2026-07-08 21:59:28,F1,10.3410,OK
2026-07-08 21:59:39,F1,10.2777,OK
2026-07-08 21:59:49,F1,10.2381,OK
2026-07-08 21:59:59,F1,10.2038,OK
2026-07-08 22:00:10,F1,10.1061,OK
2026-07-08 22:00:20,F1,10.1272,OK
2026-07-08 22:00:30,F1,10.1642,OK
2026-07-08 22:00:41,F1,10.0216,OK
2026-07-08 22:00:51,F1,10.1299,OK
2026-07-08 22:01:02,F1,9.8237,OK
2026-07-08 22:01:12,F1,10.1721,OK
2026-07-08 22:01:22,F1,10.1958,OK
2026-07-08 22:01:33,F1,9.7234,OK
2026-07-08 22:01:43,F1,9.8870,OK
2026-07-08 22:01:53,F1,9.9715,OK
2026-07-08 22:02:04,F1,10.1747,OK
2026-07-08 22:02:14,F1,10.1272,OK
2026-07-08 22:02:24,F1,9.9741,OK
2026-07-08 22:02:35,F1,10.1272,OK
2026-07-08 22:02:45,F1,9.9689,OK
2026-07-08 22:02:55,F1,9.8818,OK
2026-07-08 22:03:06,F1,9.9134,OK
2026-07-08 22:03:16,F1,9.8950,OK
2026-07-08 22:03:26,F1,10.0164,OK
2026-07-08 22:03:37,F1,10.0850,OK
2026-07-08 22:03:47,F1,9.9398,OK
2026-07-08 22:03:58,F1,9.8633,OK
2026-07-08 22:04:08,F1,9.7947,OK
2026-07-08 22:04:18,F1,10.0560,OK
2026-07-08 22:04:29,F1,9.7735,OK
2026-07-08 22:04:39,F1,9.5756,OK
2026-07-08 22:04:49,F1,9.8211,OK
2026-07-08 22:05:00,F1,9.6548,OK
2026-07-08 22:05:10,F1,9.8184,OK
2026-07-08 22:05:20,F1,9.5149,OK
2026-07-08 22:05:31,F1,9.7603,OK
2026-07-08 22:05:41,F1,9.6653,OK
2026-07-08 22:05:51,F1,9.7392,OK
2026-07-08 22:06:02,F1,9.5914,OK
2026-07-08 22:06:12,F1,9.4040,OK
2026-07-08 22:06:23,F1,9.6152,OK
2026-07-08 22:06:33,F1,9.7049,OK
2026-07-08 22:06:43,F1,9.4806,OK
2026-07-08 22:06:54,F1,9.8342,OK
2026-07-08 22:07:04,F1,9.9477,OK
2026-07-08 22:07:14,F1,9.8765,OK
2026-07-08 22:07:25,F1,10.1589,OK
2026-07-08 22:07:35,F1,10.2196,OK
2026-07-08 22:07:45,F1,10.1589,OK
2026-07-08 22:07:56,F1,10.4571,OK
2026-07-08 22:08:06,F1,10.3067,OK
2026-07-08 22:08:17,F1,10.0348,OK
2026-07-08 22:08:27,F1,10.0955,OK
2026-07-08 22:08:37,F1,10.2777,OK
2026-07-08 22:08:48,F1,10.4598,OK
2026-07-08 22:08:58,F1,10.4466,OK
2026-07-08 22:09:08,F1,10.3621,OK
2026-07-08 22:09:19,F1,10.5363,OK
2026-07-08 22:09:29,F1,10.3463,OK
2026-07-08 22:09:39,F1,10.3727,OK
2026-07-08 22:09:50,F1,10.4017,OK
2026-07-08 22:10:00,F1,10.2354,OK
2026-07-08 22:10:11,F1,10.2856,OK
2026-07-08 22:10:21,F1,10.1694,OK
2026-07-08 22:10:31,F1,10.2645,OK
2026-07-08 22:10:42,F1,10.2381,OK
2026-07-08 22:10:52,F1,9.9187,OK
2026-07-08 22:11:02,F1,10.1008,OK
2026-07-08 22:11:13,F1,10.2750,OK
2026-07-08 22:11:23,F1,10.0005,OK
2026-07-08 22:11:33,F1,10.0850,OK
2026-07-08 22:11:44,F1,9.9583,OK
2026-07-08 22:11:54,F1,10.0296,OK
2026-07-08 22:12:04,F1,9.9425,OK
2026-07-08 22:12:15,F1,10.1615,OK
2026-07-08 22:12:25,F1,9.9319,OK
2026-07-08 22:12:36,F1,9.9636,OK
2026-07-08 22:12:46,F1,9.7999,OK
2026-07-08 22:12:56,F1,9.8844,OK
2026-07-08 22:13:07,F1,9.9530,OK
2026-07-08 22:13:17,F1,9.9873,OK
2026-07-08 22:13:27,F1,9.9821,OK
2026-07-08 22:13:38,F1,10.0454,OK
2026-07-08 22:13:48,F1,10.0058,OK
2026-07-08 22:13:58,F1,10.1351,OK
2026-07-08 22:14:09,F1,9.9082,OK
2026-07-08 22:14:19,F1,9.8501,OK
2026-07-08 22:14:29,F1,9.7471,OK
2026-07-08 22:14:40,F1,9.7735,OK
2026-07-08 22:14:50,F1,9.7524,OK
2026-07-08 22:15:00,F1,9.8474,OK
2026-07-08 22:15:11,F1,9.6231,OK
2026-07-08 22:15:21,F1,9.7498,OK
2026-07-08 22:15:31,F1,9.7128,OK
2026-07-08 22:15:42,F1,9.7471,OK
2026-07-08 22:15:52,F1,9.5809,OK
2026-07-08 22:16:03,F1,9.5993,OK
2026-07-08 22:16:13,F1,9.5017,OK
2026-07-08 22:16:23,F1,9.6469,OK
2026-07-08 22:16:34,F1,9.8818,OK
2026-07-08 22:16:44,F1,9.5518,OK
2026-07-08 22:16:54,F1,9.7577,OK
2026-07-08 22:17:05,F1,10.0560,OK
2026-07-08 22:17:15,F1,10.0982,OK
2026-07-08 22:17:25,F1,10.2381,OK
2026-07-08 22:17:36,F1,10.1721,OK
2026-07-08 22:17:46,F1,10.5654,OK
2026-07-08 22:17:57,F1,10.4967,OK
2026-07-08 22:18:07,F1,10.5785,OK
2026-07-08 22:18:17,F1,10.5601,OK
2026-07-08 22:18:28,F1,10.4651,OK
2026-07-08 22:18:38,F1,10.4439,OK
2026-07-08 22:18:48,F1,10.4888,OK
2026-07-08 22:18:59,F1,10.5495,OK
2026-07-08 22:19:09,F1,10.3621,OK
2026-07-08 22:19:19,F1,10.4756,OK
2026-07-08 22:19:30,F1,10.3489,OK
2026-07-08 22:19:40,F1,9.9689,OK
2026-07-08 22:19:50,F1,9.9240,OK
2026-07-08 22:20:01,F1,10.2249,OK
2026-07-08 22:20:11,F1,10.0454,OK
2026-07-08 22:20:22,F1,9.9451,OK
2026-07-08 22:20:32,F1,9.8686,OK
2026-07-08 22:20:42,F1,9.7683,OK
2026-07-08 22:20:53,F1,9.8184,OK
2026-07-08 22:21:03,F1,9.9425,OK
2026-07-08 22:21:13,F1,9.7419,OK
2026-07-08 22:21:24,F1,9.7524,OK
2026-07-08 22:21:34,F1,10.0164,OK
2026-07-08 22:21:44,F1,9.5043,OK
2026-07-08 22:21:55,F1,9.7867,OK
2026-07-08 22:22:05,F1,9.3592,OK
2026-07-08 22:22:15,F1,9.5782,OK
2026-07-08 22:22:26,F1,9.6838,OK
2026-07-08 22:22:36,F1,9.6944,OK
2026-07-08 22:22:46,F1,9.4727,OK
2026-07-08 22:22:57,F1,9.4278,OK
2026-07-08 22:23:07,F1,9.6389,OK
2026-07-08 22:23:18,F1,9.6257,OK
2026-07-08 22:23:28,F1,9.6627,OK
2026-07-08 22:23:38,F1,9.7947,OK
2026-07-08 22:23:49,F1,9.7392,OK
2026-07-08 22:23:59,F1,9.7102,OK
2026-07-08 22:24:10,F1,9.6574,OK
2026-07-08 22:24:20,F1,9.7999,OK
2026-07-08 22:24:30,F1,9.9900,OK
2026-07-08 22:24:41,F1,9.8659,OK
2026-07-08 22:24:51,F1,9.7260,OK
2026-07-08 22:25:01,F1,9.6785,OK
2026-07-08 22:25:12,F1,9.7445,OK
2026-07-08 22:25:22,F1,9.6812,OK
2026-07-08 22:25:32,F1,9.4172,OK
2026-07-08 22:25:43,F1,9.5941,OK
2026-07-08 22:25:53,F1,9.5756,OK
2026-07-08 22:26:03,F1,9.4595,OK
2026-07-08 22:26:14,F1,9.8105,OK
2026-07-08 22:26:24,F1,9.7419,OK
2026-07-08 22:26:35,F1,9.6205,OK
2026-07-08 22:26:45,F1,9.6099,OK
2026-07-08 22:26:55,F1,9.8263,OK
2026-07-08 22:27:06,F1,9.7208,OK
2026-07-08 22:27:16,F1,9.7603,OK
2026-07-08 22:27:26,F1,9.9477,OK
2026-07-08 22:27:37,F1,10.0955,OK
2026-07-08 22:27:47,F1,10.1325,OK
2026-07-08 22:27:57,F1,10.2565,OK
2026-07-08 22:28:08,F1,10.1510,OK
2026-07-08 22:28:18,F1,10.1774,OK
2026-07-08 22:28:29,F1,10.2565,OK
2026-07-08 22:28:39,F1,10.3964,OK
2026-07-08 22:28:49,F1,10.4413,OK
2026-07-08 22:29:00,F1,10.3780,OK
2026-07-08 22:29:10,F1,10.1483,OK
2026-07-08 22:29:20,F1,10.1299,OK
2026-07-08 22:29:31,F1,10.2143,OK
2026-07-08 22:29:41,F1,10.1853,OK
2026-07-08 22:29:51,F1,10.3621,OK
2026-07-08 22:30:02,F1,10.2961,OK
2026-07-08 22:30:12,F1,10.2354,OK
2026-07-08 22:30:23,F1,10.1668,OK
2026-07-08 22:30:33,F1,10.1589,OK
2026-07-08 22:30:43,F1,10.0296,OK
2026-07-08 22:30:54,F1,9.9134,OK
2026-07-08 22:31:04,F1,9.8474,OK
2026-07-08 22:31:14,F1,10.1483,OK
2026-07-08 22:31:25,F1,10.1351,OK
2026-07-08 22:31:35,F1,9.9926,OK
2026-07-08 22:31:45,F1,10.0032,OK
2026-07-08 22:31:56,F1,10.0216,OK
2026-07-08 22:32:06,F1,9.8184,OK
2026-07-08 22:32:17,F1,9.9557,OK
2026-07-08 22:32:27,F1,9.7603,OK
2026-07-08 22:32:37,F1,9.6627,OK
2026-07-08 22:32:48,F1,9.8448,OK
2026-07-08 22:32:58,F1,9.7049,OK
2026-07-08 22:33:08,F1,9.5941,OK
2026-07-08 22:33:19,F1,9.6337,OK
2026-07-08 22:33:29,F1,9.7709,OK
2026-07-08 22:33:39,F1,9.5017,OK
2026-07-08 22:33:50,F1,9.6653,OK
2026-07-08 22:34:00,F1,9.6627,OK
2026-07-08 22:34:10,F1,9.6601,OK
2026-07-08 22:34:21,F1,9.7287,OK
2026-07-08 22:34:31,F1,9.7366,OK
2026-07-08 22:34:41,F1,9.8712,OK
2026-07-08 22:34:52,F1,9.6521,OK
2026-07-08 22:35:02,F1,9.7471,OK
2026-07-08 22:35:13,F1,9.9873,OK
2026-07-08 22:35:23,F1,9.9345,OK
2026-07-08 22:35:33,F1,9.4067,OK
2026-07-08 22:35:44,F1,9.7340,OK
2026-07-08 22:35:54,F1,9.9372,OK
2026-07-08 22:36:04,F1,9.9530,OK
2026-07-08 22:36:15,F1,9.5835,OK
2026-07-08 22:36:25,F1,9.8738,OK
2026-07-08 22:36:35,F1,9.7551,OK
2026-07-08 22:36:46,F1,9.8079,OK
2026-07-08 22:36:56,F1,10.0058,OK
2026-07-08 22:37:06,F1,9.9530,OK
2026-07-08 22:37:17,F1,9.6812,OK
2026-07-08 22:37:27,F1,10.0823,OK
2026-07-08 22:37:37,F1,9.8897,OK
2026-07-08 22:37:48,F1,10.0428,OK
2026-07-08 22:37:58,F1,10.2460,OK
2026-07-08 22:38:09,F1,9.9900,OK
2026-07-08 22:38:19,F1,10.3964,OK
2026-07-08 22:38:29,F1,10.4360,OK
2026-07-08 22:38:40,F1,10.7686,OK
2026-07-08 22:38:50,F1,10.7712,OK
2026-07-08 22:39:00,F1,10.6023,OK
2026-07-08 22:39:11,F1,10.6630,OK
2026-07-08 22:39:21,F1,10.5284,OK
2026-07-08 22:39:31,F1,10.1694,OK
2026-07-08 22:39:42,F1,10.5733,OK
2026-07-08 22:39:52,F1,10.2090,OK
2026-07-08 22:40:03,F1,10.2750,OK
2026-07-08 22:40:13,F1,10.1615,OK
2026-07-08 22:40:23,F1,10.2117,OK
2026-07-08 22:40:34,F1,10.3991,OK
2026-07-08 22:40:44,F1,10.3093,OK
2026-07-08 22:40:54,F1,10.2829,OK
2026-07-08 22:41:05,F1,10.7132,OK
2026-07-08 22:41:15,F1,10.2724,OK
2026-07-08 22:41:25,F1,10.3674,OK
2026-07-08 22:41:36,F1,10.1431,OK
2026-07-08 22:41:46,F1,10.1721,OK
2026-07-08 22:41:56,F1,9.9847,OK
2026-07-08 22:42:07,F1,9.6785,OK
2026-07-08 22:42:17,F1,9.9979,OK
2026-07-08 22:42:28,F1,10.0111,OK
2026-07-08 22:42:38,F1,9.8474,OK
2026-07-08 22:42:48,F1,10.0480,OK
2026-07-08 22:42:59,F1,10.0533,OK
2026-07-08 22:43:09,F1,9.9477,OK
2026-07-08 22:43:19,F1,10.1008,OK
2026-07-08 22:43:30,F1,9.9345,OK
2026-07-08 22:43:40,F1,9.6442,OK
2026-07-08 22:43:50,F1,9.5650,OK
2026-07-08 22:44:01,F1,9.5228,OK
2026-07-08 22:44:11,F1,9.5650,OK
2026-07-08 22:44:22,F1,9.3988,OK
2026-07-08 22:44:32,F1,9.7234,OK
2026-07-08 22:44:42,F1,9.5334,OK
2026-07-08 22:44:53,F1,9.4727,OK
2026-07-08 22:45:03,F1,9.6548,OK
2026-07-08 22:45:13,F1,9.5149,OK
2026-07-08 22:45:24,F1,9.7260,OK
2026-07-08 22:45:34,F1,9.6891,OK
2026-07-08 22:45:44,F1,9.6363,OK
2026-07-08 22:45:55,F1,9.5413,OK
2026-07-08 22:46:05,F1,9.5492,OK
2026-07-08 22:46:16,F1,9.6944,OK
2026-07-08 22:46:26,F1,9.7128,OK
2026-07-08 22:46:36,F1,9.7392,OK
2026-07-08 22:46:47,F1,9.8369,OK
2026-07-08 22:46:57,F1,9.7947,OK
2026-07-08 22:47:07,F1,9.8342,OK
2026-07-08 22:47:18,F1,9.8079,OK
2026-07-08 22:47:28,F1,10.0507,OK
2026-07-08 22:47:38,F1,10.1087,OK
2026-07-08 22:47:49,F1,10.4307,OK
2026-07-08 22:47:59,F1,10.0876,OK
2026-07-08 22:48:09,F1,9.9873,OK
2026-07-08 22:48:20,F1,10.1694,OK
2026-07-08 22:48:30,F1,10.3727,OK
2026-07-08 22:48:41,F1,10.2275,OK
2026-07-08 22:48:51,F1,10.3041,OK
2026-07-08 22:49:01,F1,10.2882,OK
2026-07-08 22:49:12,F1,10.3410,OK
2026-07-08 22:49:22,F1,10.2961,OK
2026-07-08 22:49:32,F1,10.4783,OK
2026-07-08 22:49:43,F1,10.3357,OK
2026-07-08 22:49:53,F1,10.3832,OK
2026-07-08 22:50:03,F1,10.2909,OK
2026-07-08 22:50:14,F1,10.3252,OK
2026-07-08 22:50:24,F1,10.1246,OK
2026-07-08 22:50:34,F1,10.1114,OK
2026-07-08 22:50:45,F1,10.1536,OK
2026-07-08 22:50:55,F1,9.9715,OK
2026-07-08 22:51:06,F1,9.8580,OK
2026-07-08 22:51:16,F1,9.9240,OK
2026-07-08 22:51:26,F1,10.2090,OK
2026-07-08 22:51:37,F1,9.7815,OK
2026-07-08 22:51:47,F1,9.7049,OK
2026-07-08 22:51:57,F1,9.8316,OK
2026-07-08 22:52:08,F1,9.9372,OK
2026-07-08 22:52:18,F1,9.7709,OK
2026-07-08 22:52:28,F1,10.1246,OK
2026-07-08 22:52:39,F1,9.8527,OK
2026-07-08 22:52:49,F1,9.9161,OK
2026-07-08 22:53:00,F1,9.4172,OK
2026-07-08 22:53:10,F1,9.8237,OK
2026-07-08 22:53:20,F1,9.8659,OK
2026-07-08 22:53:31,F1,9.7208,OK
2026-07-08 22:53:41,F1,9.7366,OK
2026-07-08 22:53:51,F1,9.9002,OK
2026-07-08 22:54:02,F1,10.0401,OK
2026-07-08 22:54:12,F1,9.9609,OK
2026-07-08 22:54:22,F1,9.6891,OK
2026-07-08 22:54:33,F1,9.6416,OK
2026-07-08 22:54:43,F1,9.6073,OK
2026-07-08 22:54:53,F1,9.5835,OK
2026-07-08 22:55:04,F1,9.8422,OK
2026-07-08 22:55:14,F1,9.5413,OK
2026-07-08 22:55:25,F1,9.8131,OK
2026-07-08 22:55:35,F1,9.8316,OK
2026-07-08 22:55:45,F1,9.7498,OK
2026-07-08 22:55:56,F1,9.6759,OK
2026-07-08 22:56:06,F1,9.8606,OK
2026-07-08 22:56:16,F1,10.0296,OK
2026-07-08 22:56:27,F1,10.0348,OK
2026-07-08 22:56:37,F1,10.3093,OK
2026-07-08 22:56:47,F1,10.1668,OK
2026-07-08 22:56:58,F1,10.2328,OK
2026-07-08 22:57:08,F1,10.2513,OK
2026-07-08 22:57:18,F1,10.5522,OK
2026-07-08 22:57:29,F1,10.4255,OK
2026-07-08 22:57:39,F1,10.4070,OK
2026-07-08 22:57:50,F1,10.2381,OK
2026-07-08 22:58:00,F1,10.3410,OK
2026-07-08 22:58:10,F1,10.5258,OK
2026-07-08 22:58:21,F1,10.7871,OK
2026-07-08 22:58:31,F1,10.7818,OK
2026-07-08 22:58:41,F1,10.9085,OK
2026-07-08 22:58:52,F1,10.6762,OK
2026-07-08 22:59:02,F1,10.5601,OK
2026-07-08 22:59:12,F1,10.4571,OK
2026-07-08 22:59:23,F1,11.0246,OK
2026-07-08 22:59:33,F1,10.5495,OK
2026-07-08 22:59:43,F1,10.2645,OK
2026-07-08 22:59:54,F1,10.2777,OK
2026-07-08 23:00:04,F1,10.4492,OK
2026-07-08 23:00:15,F1,10.3595,OK
2026-07-08 23:00:25,F1,10.4677,OK
2026-07-08 23:00:35,F1,10.3173,OK
2026-07-08 23:00:46,F1,10.4307,OK
2026-07-08 23:00:56,F1,9.9029,OK
2026-07-08 23:01:06,F1,10.2486,OK
2026-07-08 23:01:17,F1,10.3489,OK
2026-07-08 23:01:27,F1,10.2565,OK
2026-07-08 23:01:37,F1,9.7762,OK
2026-07-08 23:01:48,F1,9.9530,OK
2026-07-08 23:01:58,F1,9.9477,OK
2026-07-08 23:02:08,F1,9.8211,OK
2026-07-08 23:02:19,F1,9.9609,OK
2026-07-08 23:02:29,F1,9.9689,OK
2026-07-08 23:02:40,F1,9.9689,OK
2026-07-08 23:02:50,F1,9.7234,OK
2026-07-08 23:03:00,F1,10.1299,OK
2026-07-08 23:03:11,F1,9.8474,OK
2026-07-08 23:03:21,F1,9.7049,OK
2026-07-08 23:03:31,F1,9.9530,OK
2026-07-08 23:03:42,F1,9.9002,OK
2026-07-08 23:03:52,F1,9.9847,OK
2026-07-08 23:04:02,F1,9.8184,OK
2026-07-08 23:04:13,F1,9.6944,OK
2026-07-08 23:04:23,F1,9.6944,OK
2026-07-08 23:04:34,F1,9.8844,OK
2026-07-08 23:04:44,F1,9.8131,OK
2026-07-08 23:04:54,F1,9.9557,OK
2026-07-08 23:05:05,F1,10.0216,OK
2026-07-08 23:05:15,F1,10.1985,OK
2026-07-08 23:05:25,F1,10.2882,OK
2026-07-08 23:05:36,F1,10.1378,OK
2026-07-08 23:05:46,F1,10.2090,OK
2026-07-08 23:05:57,F1,10.0929,OK
2026-07-08 23:06:07,F1,9.9689,OK
2026-07-08 23:06:17,F1,10.2777,OK
2026-07-08 23:06:28,F1,10.1800,OK
2026-07-08 23:06:38,F1,10.5284,OK
2026-07-08 23:06:48,F1,10.3885,OK
2026-07-08 23:06:59,F1,10.3674,OK
2026-07-08 23:07:09,F1,10.3648,OK
2026-07-08 23:07:19,F1,10.2671,OK
2026-07-08 23:07:30,F1,10.1694,OK
2026-07-08 23:07:40,F1,10.2961,OK
2026-07-08 23:07:51,F1,10.3542,OK
2026-07-08 23:08:01,F1,10.1668,OK
2026-07-08 23:08:11,F1,10.3093,OK
2026-07-08 23:08:22,F1,10.2592,OK
2026-07-08 23:08:32,F1,10.2117,OK
2026-07-08 23:08:42,F1,10.3304,OK
2026-07-08 23:08:53,F1,10.0454,OK
2026-07-08 23:09:03,F1,10.3991,OK
2026-07-08 23:09:13,F1,10.6181,OK
2026-07-08 23:09:24,F1,10.0823,OK
2026-07-08 23:09:34,F1,10.1642,OK
2026-07-08 23:09:45,F1,10.2882,OK
2026-07-08 23:09:55,F1,10.1219,OK
2026-07-08 23:10:05,F1,10.1008,OK
2026-07-08 23:10:16,F1,10.3304,OK
2026-07-08 23:10:26,F1,10.1193,OK
2026-07-08 23:10:36,F1,10.2486,OK
2026-07-08 23:10:47,F1,10.0692,OK
2026-07-08 23:10:57,F1,10.1457,OK
2026-07-08 23:11:07,F1,10.2803,OK
2026-07-08 23:11:18,F1,9.8765,OK
2026-07-08 23:11:28,F1,10.1800,OK
2026-07-08 23:11:38,F1,10.0612,OK
2026-07-08 23:11:49,F1,10.0058,OK
2026-07-08 23:11:59,F1,9.8448,OK
2026-07-08 23:12:09,F1,9.9689,OK
2026-07-08 23:12:20,F1,9.7920,OK
2026-07-08 23:12:30,F1,9.8897,OK
2026-07-08 23:12:41,F1,9.9900,OK
2026-07-08 23:12:51,F1,10.0322,OK
2026-07-08 23:13:01,F1,9.8369,OK
2026-07-08 23:13:12,F1,9.9794,OK
2026-07-08 23:13:22,F1,9.9952,OK
2026-07-08 23:13:32,F1,10.1114,OK
2026-07-08 23:13:43,F1,10.0428,OK
2026-07-08 23:13:53,F1,10.1510,OK
2026-07-08 23:14:03,F1,9.9451,OK
2026-07-08 23:14:14,F1,9.7392,OK
2026-07-08 23:14:24,F1,9.8474,OK
2026-07-08 23:14:34,F1,9.7419,OK
2026-07-08 23:14:45,F1,9.8950,OK
2026-07-08 23:14:55,F1,10.0876,OK
2026-07-08 23:15:06,F1,9.7894,OK
2026-07-08 23:15:16,F1,9.5809,OK
2026-07-08 23:15:26,F1,9.7049,OK
2026-07-08 23:15:37,F1,9.9425,OK
2026-07-08 23:15:47,F1,9.8554,OK
2026-07-08 23:15:57,F1,9.8316,OK
2026-07-08 23:16:08,F1,9.8052,OK
2026-07-08 23:16:18,F1,9.7920,OK
2026-07-08 23:16:29,F1,9.8211,OK
2026-07-08 23:16:39,F1,9.8686,OK
2026-07-08 23:16:49,F1,9.7894,OK
2026-07-08 23:17:00,F1,9.7683,OK
2026-07-08 23:17:10,F1,10.0137,OK
2026-07-08 23:17:20,F1,10.0823,OK
2026-07-08 23:17:31,F1,10.3146,OK
2026-07-08 23:17:41,F1,10.2671,OK
2026-07-08 23:17:51,F1,10.2460,OK
2026-07-08 23:18:02,F1,10.9507,OK
2026-07-08 23:18:12,F1,10.2724,OK
2026-07-08 23:18:23,F1,10.1035,OK
2026-07-08 23:18:33,F1,10.3120,OK
2026-07-08 23:18:43,F1,10.0480,OK
2026-07-08 23:18:54,F1,10.0454,OK
2026-07-08 23:19:04,F1,10.0058,OK
2026-07-08 23:19:14,F1,10.4070,OK
2026-07-08 23:19:25,F1,10.2407,OK
2026-07-08 23:19:35,F1,10.1299,OK
2026-07-08 23:19:45,F1,10.1985,OK
2026-07-08 23:19:56,F1,10.0744,OK
2026-07-08 23:20:06,F1,10.2038,OK
2026-07-08 23:20:17,F1,9.9002,OK
2026-07-08 23:20:27,F1,10.1721,OK
2026-07-08 23:20:37,F1,10.0612,OK
2026-07-08 23:20:48,F1,9.7709,OK
2026-07-08 23:20:58,F1,9.8474,OK
2026-07-08 23:21:08,F1,9.9451,OK
2026-07-08 23:21:19,F1,9.8870,OK
2026-07-08 23:21:29,F1,10.0560,OK
2026-07-08 23:21:39,F1,9.9425,OK
2026-07-08 23:21:50,F1,10.0137,OK
2026-07-08 23:22:00,F1,9.9477,OK
2026-07-08 23:22:10,F1,9.6099,OK
2026-07-08 23:22:21,F1,9.8237,OK
2026-07-08 23:22:31,F1,9.6495,OK
2026-07-08 23:22:42,F1,9.8211,OK
2026-07-08 23:22:52,F1,9.4938,OK
2026-07-08 23:23:02,F1,9.3011,OK
2026-07-08 23:23:13,F1,9.3117,OK
2026-07-08 23:23:23,F1,9.3697,OK
2026-07-08 23:23:33,F1,9.3618,OK
2026-07-08 23:23:44,F1,9.6099,OK
2026-07-08 23:23:54,F1,9.3037,OK
2026-07-08 23:24:05,F1,9.1480,OK
2026-07-08 23:24:15,F1,9.3301,OK
2026-07-08 23:24:25,F1,9.2536,OK
2026-07-08 23:24:36,F1,9.0688,OK
2026-07-08 23:24:46,F1,9.1876,OK
2026-07-08 23:24:56,F1,9.2721,OK
2026-07-08 23:25:07,F1,8.9553,OK
2026-07-08 23:25:17,F1,8.9527,OK
2026-07-08 23:25:27,F1,9.1005,OK
2026-07-08 23:25:38,F1,9.1797,OK
2026-07-08 23:25:48,F1,9.1691,OK
2026-07-08 23:25:58,F1,9.2747,OK
2026-07-08 23:26:09,F1,9.2193,OK
2026-07-08 23:26:19,F1,9.2061,OK
2026-07-08 23:26:30,F1,9.2430,OK
2026-07-08 23:26:40,F1,9.4383,OK
2026-07-08 23:26:50,F1,9.6099,OK
2026-07-08 23:27:01,F1,9.6205,OK
2026-07-08 23:27:11,F1,9.6310,OK
2026-07-08 23:27:21,F1,9.5782,OK
2026-07-08 23:27:32,F1,9.8369,OK
2026-07-08 23:27:42,F1,9.8026,OK
2026-07-08 23:27:53,F1,9.9029,OK
2026-07-08 23:28:03,F1,9.9873,OK
2026-07-08 23:28:13,F1,10.3806,OK
2026-07-08 23:28:24,F1,9.9609,OK
2026-07-08 23:28:34,F1,9.8686,OK
2026-07-08 23:28:44,F1,9.6706,OK
2026-07-08 23:28:55,F1,9.8211,OK
2026-07-08 23:29:05,F1,9.6310,OK
2026-07-08 23:29:15,F1,9.7788,OK
2026-07-08 23:29:26,F1,9.7920,OK
2026-07-08 23:29:36,F1,9.6864,OK
2026-07-08 23:29:46,F1,9.6812,OK
2026-07-08 23:29:57,F1,9.7313,OK
2026-07-08 23:30:07,F1,9.7392,OK
2026-07-08 23:30:18,F1,9.6706,OK
2026-07-08 23:30:28,F1,9.6337,OK
2026-07-08 23:30:38,F1,9.7947,OK
2026-07-08 23:30:49,F1,9.7735,OK
2026-07-08 23:30:59,F1,9.3011,OK
2026-07-08 23:31:09,F1,9.6363,OK
2026-07-08 23:31:20,F1,9.4990,OK
2026-07-08 23:31:30,F1,9.3908,OK
2026-07-08 23:31:40,F1,9.2958,OK
2026-07-08 23:31:51,F1,9.4753,OK
2026-07-08 23:32:01,F1,9.1507,OK
2026-07-08 23:32:11,F1,9.3592,OK
2026-07-08 23:32:22,F1,9.3935,OK
2026-07-08 23:32:32,F1,9.4489,OK
2026-07-08 23:32:43,F1,9.2641,OK
2026-07-08 23:32:53,F1,9.3539,OK
2026-07-08 23:33:03,F1,9.1770,OK
2026-07-08 23:33:14,F1,9.4172,OK
2026-07-08 23:33:24,F1,9.2641,OK
2026-07-08 23:33:34,F1,9.4595,OK
2026-07-08 23:33:45,F1,9.2562,OK
2026-07-08 23:33:55,F1,9.3592,OK
2026-07-08 23:34:05,F1,8.9923,OK
2026-07-08 23:34:16,F1,9.4093,OK
2026-07-08 23:34:26,F1,9.1612,OK
2026-07-08 23:34:37,F1,9.3776,OK
2026-07-08 23:34:47,F1,9.3882,OK
2026-07-08 23:34:57,F1,9.4331,OK
2026-07-08 23:35:08,F1,9.0741,OK
2026-07-08 23:35:18,F1,9.5360,OK
2026-07-08 23:35:28,F1,9.4410,OK
2026-07-08 23:35:39,F1,9.2879,OK
2026-07-08 23:35:49,F1,9.2272,OK
2026-07-08 23:36:00,F1,9.2853,OK
2026-07-08 23:36:10,F1,9.5466,OK
2026-07-08 23:36:20,F1,9.2932,OK
2026-07-08 23:36:31,F1,9.4093,OK
2026-07-08 23:36:41,F1,9.4067,OK
2026-07-08 23:36:51,F1,9.4463,OK
2026-07-08 23:37:02,F1,9.6020,OK
2026-07-08 23:37:12,F1,9.7260,OK
2026-07-08 23:37:22,F1,9.5809,OK
2026-07-08 23:37:33,F1,9.6469,OK
2026-07-08 23:37:43,F1,9.7260,OK
2026-07-08 23:37:53,F1,9.6601,OK
2026-07-08 23:38:04,F1,9.9055,OK
2026-07-08 23:38:14,F1,9.8105,OK
2026-07-08 23:38:25,F1,9.9161,OK
2026-07-08 23:38:35,F1,9.7841,OK
2026-07-08 23:38:45,F1,9.6864,OK
2026-07-08 23:38:56,F1,9.7603,OK
2026-07-08 23:39:06,F1,9.8527,OK
2026-07-08 23:39:16,F1,9.8633,OK
2026-07-08 23:39:27,F1,9.7419,OK
2026-07-08 23:39:37,F1,9.4093,OK
2026-07-08 23:39:47,F1,9.4225,OK
2026-07-08 23:39:58,F1,9.4278,OK
2026-07-08 23:40:08,F1,9.3354,OK
2026-07-08 23:40:18,F1,9.2087,OK
2026-07-08 23:40:29,F1,9.2747,OK
2026-07-08 23:40:39,F1,9.5307,OK
2026-07-08 23:40:50,F1,9.4199,OK
2026-07-08 23:41:00,F1,9.3486,OK
2026-07-08 23:41:10,F1,9.2641,OK
2026-07-08 23:41:21,F1,9.4595,OK
2026-07-08 23:41:31,F1,9.2140,OK
2026-07-08 23:41:41,F1,8.8498,OK
2026-07-08 23:41:52,F1,9.1612,OK
2026-07-08 23:42:02,F1,9.2140,OK
2026-07-08 23:42:12,F1,9.2668,OK
2026-07-08 23:42:23,F1,9.1797,OK
2026-07-08 23:42:33,F1,9.0688,OK
2026-07-08 23:42:44,F1,9.0768,OK
2026-07-08 23:42:54,F1,8.9237,OK
2026-07-08 23:43:04,F1,8.9263,OK
2026-07-08 23:43:15,F1,9.1216,OK
2026-07-08 23:43:25,F1,8.9923,OK
2026-07-08 23:43:35,F1,9.0424,OK
2026-07-08 23:43:46,F1,9.0847,OK
2026-07-08 23:43:56,F1,9.1929,OK
2026-07-08 23:44:06,F1,9.1718,OK
2026-07-08 23:44:17,F1,9.1744,OK
2026-07-08 23:44:27,F1,9.1322,OK
2026-07-08 23:44:37,F1,8.9421,OK
2026-07-08 23:44:48,F1,8.9448,OK
2026-07-08 23:44:58,F1,8.9923,OK
2026-07-08 23:45:09,F1,8.9738,OK
2026-07-08 23:45:19,F1,9.2457,OK
2026-07-08 23:45:29,F1,9.3249,OK
2026-07-08 23:45:40,F1,9.3961,OK
2026-07-08 23:45:50,F1,9.0160,OK
2026-07-08 23:46:00,F1,9.2853,OK
2026-07-08 23:46:11,F1,9.3644,OK
2026-07-08 23:46:21,F1,9.5756,OK
2026-07-08 23:46:31,F1,9.6627,OK
2026-07-08 23:46:42,F1,9.8897,OK
2026-07-08 23:46:52,F1,9.7445,OK
2026-07-08 23:47:03,F1,9.8290,OK
2026-07-08 23:47:13,F1,9.6944,OK
2026-07-08 23:47:23,F1,10.0216,OK
2026-07-08 23:47:34,F1,10.3041,OK
2026-07-08 23:47:44,F1,9.9029,OK
2026-07-08 23:47:54,F1,9.8897,OK
2026-07-08 23:48:05,F1,9.8342,OK
2026-07-08 23:48:15,F1,9.7630,OK
2026-07-08 23:48:25,F1,9.7102,OK
2026-07-08 23:48:36,F1,9.7999,OK
2026-07-08 23:48:46,F1,9.9636,OK
2026-07-08 23:48:57,F1,9.8052,OK
2026-07-08 23:49:07,F1,9.7656,OK
2026-07-08 23:49:17,F1,9.8342,OK
2026-07-08 23:49:28,F1,9.9689,OK
2026-07-08 23:49:38,F1,9.8079,OK
2026-07-08 23:49:48,F1,9.6891,OK
2026-07-08 23:49:59,F1,9.9794,OK
2026-07-08 23:50:09,F1,9.4014,OK
2026-07-08 23:50:20,F1,9.4172,OK
2026-07-08 23:50:30,F1,9.5439,OK
2026-07-08 23:50:40,F1,9.2800,OK
2026-07-08 23:50:51,F1,9.3301,OK
2026-07-08 23:51:01,F1,9.0926,OK
2026-07-08 23:51:11,F1,9.2246,OK
2026-07-08 23:51:22,F1,9.3407,OK
2026-07-08 23:51:32,F1,9.4489,OK
2026-07-08 23:51:42,F1,9.0187,OK
2026-07-08 23:51:53,F1,9.2457,OK
2026-07-08 23:52:03,F1,9.3117,OK
2026-07-08 23:52:13,F1,9.2536,OK
2026-07-08 23:52:24,F1,9.1031,OK
2026-07-08 23:52:34,F1,9.0477,OK
2026-07-08 23:52:45,F1,9.2272,OK
2026-07-08 23:52:55,F1,9.3486,OK
2026-07-08 23:53:05,F1,9.1612,OK
2026-07-08 23:53:16,F1,9.2325,OK
2026-07-08 23:53:26,F1,9.1929,OK
2026-07-08 23:53:36,F1,9.1005,OK
2026-07-08 23:53:47,F1,9.0398,OK
2026-07-08 23:53:57,F1,9.2351,OK
2026-07-08 23:54:07,F1,9.1348,OK
2026-07-08 23:54:18,F1,9.1295,OK
2026-07-08 23:54:28,F1,8.9105,OK
2026-07-08 23:54:39,F1,8.9501,OK
2026-07-08 23:54:49,F1,9.0108,OK
2026-07-08 23:54:59,F1,9.1401,OK
2026-07-08 23:55:10,F1,8.8682,OK
2026-07-08 23:55:20,F1,8.9342,OK
2026-07-08 23:55:31,F1,8.9184,OK
2026-07-08 23:55:41,F1,9.0794,OK
2026-07-08 23:55:51,F1,9.1586,OK
2026-07-08 23:56:02,F1,9.2615,OK
2026-07-08 23:56:12,F1,9.0768,OK
2026-07-08 23:56:22,F1,9.2721,OK
2026-07-08 23:56:33,F1,9.5993,OK
2026-07-08 23:56:43,F1,9.5360,OK
2026-07-08 23:56:54,F1,9.8448,OK
2026-07-08 23:57:04,F1,9.6627,OK
2026-07-08 23:57:14,F1,10.1008,OK
2026-07-08 23:57:25,F1,9.8580,OK
2026-07-08 23:57:35,F1,9.7498,OK
2026-07-08 23:57:45,F1,9.7603,OK
2026-07-08 23:57:56,F1,9.8950,OK
2026-07-08 23:58:06,F1,9.8527,OK
2026-07-08 23:58:16,F1,9.8158,OK
2026-07-08 23:58:27,F1,9.5809,OK
2026-07-08 23:58:37,F1,9.7155,OK
2026-07-08 23:58:47,F1,10.0929,OK
2026-07-08 23:58:58,F1,9.5070,OK
2026-07-08 23:59:08,F1,9.7208,OK
2026-07-08 23:59:19,F1,9.5624,OK
2026-07-08 23:59:29,F1,9.3988,OK
2026-07-08 23:59:39,F1,9.6020,OK
2026-07-08 23:59:50,F1,9.7656,OK
2026-07-09 00:00:00,F1,9.6970,OK
2026-07-09 00:00:10,F1,9.3090,OK
2026-07-09 00:00:21,F1,9.5122,OK
2026-07-09 00:00:31,F1,9.5835,OK
2026-07-09 00:00:41,F1,9.7181,OK
2026-07-09 00:00:52,F1,9.5043,OK
2026-07-09 00:01:02,F1,9.5518,OK
2026-07-09 00:01:13,F1,9.2589,OK
2026-07-09 00:01:23,F1,9.1691,OK
2026-07-09 00:01:33,F1,9.4595,OK
2026-07-09 00:01:44,F1,9.3090,OK
2026-07-09 00:01:54,F1,9.1401,OK
2026-07-09 00:02:04,F1,9.2272,OK
2026-07-09 00:02:15,F1,9.3301,OK
2026-07-09 00:02:25,F1,9.1084,OK
2026-07-09 00:02:35,F1,9.0029,OK
2026-07-09 00:02:46,F1,9.3460,OK
2026-07-09 00:02:56,F1,9.1375,OK
2026-07-09 00:03:07,F1,9.2853,OK
2026-07-09 00:03:17,F1,9.2826,OK
2026-07-09 00:03:27,F1,9.1111,OK
2026-07-09 00:03:38,F1,9.0134,OK
2026-07-09 00:03:48,F1,9.0715,OK
2026-07-09 00:03:58,F1,9.2457,OK
2026-07-09 00:04:09,F1,9.2325,OK
2026-07-09 00:04:19,F1,9.2061,OK
2026-07-09 00:04:29,F1,9.4515,OK
2026-07-09 00:04:40,F1,9.3539,OK
2026-07-09 00:04:50,F1,9.3882,OK
2026-07-09 00:05:00,F1,9.5149,OK
2026-07-09 00:05:11,F1,9.8131,OK
2026-07-09 00:05:21,F1,9.9029,OK
2026-07-09 00:05:32,F1,10.0190,OK
2026-07-09 00:05:42,F1,9.8290,OK
2026-07-09 00:05:52,F1,9.6231,OK
2026-07-09 00:06:03,F1,9.6996,OK
2026-07-09 00:06:13,F1,10.0164,OK
2026-07-09 00:06:23,F1,9.8211,OK
2026-07-09 00:06:34,F1,9.9794,OK
2026-07-09 00:06:44,F1,10.1985,OK
2026-07-09 00:06:54,F1,9.8474,OK
2026-07-09 00:07:05,F1,9.9345,OK
2026-07-09 00:07:15,F1,10.2988,OK
2026-07-09 00:07:25,F1,10.1853,OK
2026-07-09 00:07:36,F1,9.9002,OK
2026-07-09 00:07:46,F1,9.8026,OK
2026-07-09 00:07:57,F1,9.9794,OK
2026-07-09 00:08:07,F1,9.9425,OK
2026-07-09 00:08:17,F1,9.9451,OK
2026-07-09 00:08:28,F1,9.9926,OK
2026-07-09 00:08:38,F1,9.7445,OK
2026-07-09 00:08:48,F1,9.6337,OK
2026-07-09 00:08:59,F1,9.7920,OK
2026-07-09 00:09:09,F1,9.7340,OK
2026-07-09 00:09:19,F1,9.3196,OK
2026-07-09 00:09:30,F1,9.7234,OK
2026-07-09 00:09:40,F1,9.7234,OK
2026-07-09 00:09:51,F1,9.8184,OK
2026-07-09 00:10:01,F1,9.8580,OK
2026-07-09 00:10:11,F1,9.4489,OK
2026-07-09 00:10:22,F1,9.8184,OK
2026-07-09 00:10:32,F1,9.6891,OK
2026-07-09 00:10:42,F1,9.9082,OK
2026-07-09 00:10:53,F1,9.6205,OK
2026-07-09 00:11:03,F1,9.4938,OK
2026-07-09 00:11:13,F1,9.8290,OK
2026-07-09 00:11:24,F1,9.8131,OK
2026-07-09 00:11:34,F1,9.5756,OK
2026-07-09 00:11:45,F1,9.7603,OK
2026-07-09 00:11:55,F1,9.9134,OK
2026-07-09 00:12:05,F1,9.4674,OK
2026-07-09 00:12:16,F1,9.7076,OK
2026-07-09 00:12:26,F1,9.6785,OK
2026-07-09 00:12:36,F1,9.5835,OK
2026-07-09 00:12:47,F1,9.5598,OK
2026-07-09 00:12:57,F1,9.3222,OK
2026-07-09 00:13:07,F1,9.3222,OK
2026-07-09 00:13:18,F1,9.3592,OK
2026-07-09 00:13:28,F1,9.6205,OK
2026-07-09 00:13:38,F1,9.3988,OK
2026-07-09 00:13:49,F1,9.4120,OK
2026-07-09 00:13:59,F1,9.3222,OK
2026-07-09 00:14:10,F1,9.4172,OK
2026-07-09 00:14:20,F1,9.3697,OK
2026-07-09 00:14:30,F1,9.3328,OK
2026-07-09 00:14:41,F1,9.4885,OK
2026-07-09 00:14:51,F1,9.6310,OK
2026-07-09 00:15:01,F1,9.4674,OK
2026-07-09 00:15:12,F1,9.1770,OK
2026-07-09 00:15:22,F1,9.7234,OK
2026-07-09 00:15:33,F1,9.8290,OK
2026-07-09 00:15:43,F1,9.6046,OK
2026-07-09 00:15:53,F1,9.8290,OK
2026-07-09 00:16:04,F1,10.1562,OK
2026-07-09 00:16:14,F1,9.9372,OK
2026-07-09 00:16:24,F1,10.0955,OK
2026-07-09 00:16:35,F1,10.2882,OK
2026-07-09 00:16:45,F1,10.3331,OK
2026-07-09 00:16:55,F1,10.2486,OK
2026-07-09 00:17:06,F1,10.1378,OK
2026-07-09 00:17:16,F1,10.3146,OK
2026-07-09 00:17:26,F1,10.1219,OK
2026-07-09 00:17:37,F1,10.0850,OK
2026-07-09 00:17:47,F1,9.9768,OK
2026-07-09 00:17:58,F1,9.9979,OK
2026-07-09 00:18:08,F1,9.7894,OK
2026-07-09 00:18:18,F1,9.9425,OK
2026-07-09 00:18:29,F1,9.8870,OK
2026-07-09 00:18:39,F1,9.8079,OK
2026-07-09 00:18:49,F1,9.5730,OK
2026-07-09 00:19:00,F1,9.8474,OK
2026-07-09 00:19:10,F1,9.6574,OK
2026-07-09 00:19:20,F1,9.6732,OK
2026-07-09 00:19:31,F1,9.8448,OK
2026-07-09 00:19:41,F1,9.6996,OK
2026-07-09 00:19:51,F1,9.8369,OK
2026-07-09 00:20:02,F1,9.7445,OK
2026-07-09 00:20:12,F1,9.7656,OK
2026-07-09 00:20:23,F1,9.5993,OK
2026-07-09 00:20:33,F1,9.6495,OK
2026-07-09 00:20:43,F1,9.4093,OK
2026-07-09 00:20:54,F1,9.3090,OK
2026-07-09 00:21:04,F1,9.3037,OK
2026-07-09 00:21:14,F1,9.4067,OK
2026-07-09 00:21:25,F1,9.4727,OK
2026-07-09 00:21:35,F1,9.6073,OK
2026-07-09 00:21:45,F1,9.5571,OK
2026-07-09 00:21:56,F1,9.4410,OK
2026-07-09 00:22:06,F1,9.2985,OK
2026-07-09 00:22:17,F1,9.0899,OK
2026-07-09 00:22:27,F1,9.2747,OK
2026-07-09 00:22:37,F1,9.2958,OK
2026-07-09 00:22:48,F1,9.1718,OK
2026-07-09 00:22:58,F1,9.1876,OK
2026-07-09 00:23:08,F1,9.3618,OK
2026-07-09 00:23:19,F1,9.1137,OK
2026-07-09 00:23:29,F1,9.0820,OK
2026-07-09 00:23:39,F1,9.3222,OK
2026-07-09 00:23:50,F1,9.0741,OK
2026-07-09 00:24:00,F1,9.0662,OK
2026-07-09 00:24:10,F1,9.3750,OK
2026-07-09 00:24:21,F1,9.5175,OK
2026-07-09 00:24:31,F1,9.1982,OK
2026-07-09 00:24:42,F1,9.5888,OK
2026-07-09 00:24:52,F1,9.8554,OK
2026-07-09 00:25:02,F1,9.7498,OK
2026-07-09 00:25:13,F1,9.7102,OK
2026-07-09 00:25:23,F1,9.8131,OK
2026-07-09 00:25:33,F1,10.0586,OK
2026-07-09 00:25:44,F1,9.8844,OK
2026-07-09 00:25:54,F1,9.9900,OK
2026-07-09 00:26:04,F1,9.9504,OK
2026-07-09 00:26:15,F1,10.1219,OK
2026-07-09 00:26:25,F1,9.8897,OK
2026-07-09 00:26:35,F1,10.0850,OK
2026-07-09 00:26:46,F1,10.1800,OK
2026-07-09 00:26:56,F1,10.0982,OK
2026-07-09 00:27:07,F1,9.8448,OK
2026-07-09 00:27:17,F1,9.8791,OK
2026-07-09 00:27:27,F1,9.8342,OK
2026-07-09 00:27:38,F1,9.8131,OK
2026-07-09 00:27:48,F1,9.4964,OK
2026-07-09 00:27:58,F1,9.6944,OK
2026-07-09 00:28:09,F1,9.5835,OK
2026-07-09 00:28:19,F1,9.6996,OK
2026-07-09 00:28:30,F1,9.6601,OK
2026-07-09 00:28:40,F1,9.3908,OK
2026-07-09 00:28:50,F1,9.4410,OK
2026-07-09 00:29:01,F1,9.2826,OK
2026-07-09 00:29:11,F1,9.4621,OK
2026-07-09 00:29:21,F1,9.4515,OK
2026-07-09 00:29:32,F1,9.1850,OK
2026-07-09 00:29:42,F1,9.1322,OK
2026-07-09 00:29:53,F1,9.1269,OK
2026-07-09 00:30:03,F1,9.1084,OK
2026-07-09 00:30:13,F1,9.1190,OK
2026-07-09 00:30:24,F1,9.0398,OK
2026-07-09 00:30:34,F1,8.7732,OK
2026-07-09 00:30:44,F1,8.8524,OK
2026-07-09 00:30:55,F1,8.7917,OK
2026-07-09 00:31:05,F1,8.8498,OK
2026-07-09 00:31:15,F1,8.8920,OK
2026-07-09 00:31:26,F1,8.8709,OK
2026-07-09 00:31:36,F1,8.7442,OK
2026-07-09 00:31:46,F1,8.7442,OK
2026-07-09 00:31:57,F1,8.6043,OK
2026-07-09 00:32:07,F1,8.7495,OK
2026-07-09 00:32:17,F1,8.7521,OK
2026-07-09 00:32:28,F1,8.6993,OK
2026-07-09 00:32:38,F1,8.7785,OK
2026-07-09 00:32:48,F1,8.9633,OK
2026-07-09 00:32:59,F1,8.7996,OK
2026-07-09 00:33:09,F1,8.7521,OK
2026-07-09 00:33:20,F1,9.0952,OK
2026-07-09 00:33:30,F1,8.7548,OK
2026-07-09 00:33:40,F1,8.7943,OK
2026-07-09 00:33:51,F1,8.8867,OK
2026-07-09 00:34:01,F1,8.7917,OK
2026-07-09 00:34:11,F1,8.5779,OK
2026-07-09 00:34:22,F1,8.9316,OK
2026-07-09 00:34:32,F1,8.8894,OK
2026-07-09 00:34:43,F1,8.9791,OK
2026-07-09 00:34:53,F1,8.9659,OK
2026-07-09 00:35:03,F1,8.8498,OK
2026-07-09 00:35:14,F1,9.0055,OK
2026-07-09 00:35:24,F1,9.1084,OK
2026-07-09 00:35:34,F1,9.3143,OK
2026-07-09 00:35:45,F1,9.2615,OK
2026-07-09 00:35:55,F1,9.3882,OK
2026-07-09 00:36:05,F1,9.4832,OK
2026-07-09 00:36:16,F1,9.3961,OK
2026-07-09 00:36:26,F1,9.4146,OK
2026-07-09 00:36:37,F1,9.2219,OK
2026-07-09 00:36:47,F1,9.3275,OK
2026-07-09 00:36:57,F1,9.0398,OK
2026-07-09 00:37:08,F1,9.2378,OK
2026-07-09 00:37:18,F1,9.2378,OK
2026-07-09 00:37:28,F1,9.1190,OK
2026-07-09 00:37:39,F1,9.2483,OK
2026-07-09 00:37:49,F1,8.9844,OK
2026-07-09 00:37:59,F1,8.7389,OK
2026-07-09 00:38:10,F1,8.8920,OK
2026-07-09 00:38:20,F1,8.9765,OK
2026-07-09 00:38:31,F1,8.9923,OK
2026-07-09 00:38:41,F1,8.8102,OK
2026-07-09 00:38:51,F1,8.7811,OK
2026-07-09 00:39:02,F1,9.2061,OK
2026-07-09 00:39:12,F1,8.9765,OK
2026-07-09 00:39:22,F1,8.8603,OK
2026-07-09 00:39:33,F1,8.9131,OK
2026-07-09 00:39:43,F1,8.9448,OK
2026-07-09 00:39:53,F1,8.9316,OK
2026-07-09 00:40:04,F1,9.0609,OK
2026-07-09 00:40:14,F1,8.9052,OK
2026-07-09 00:40:25,F1,9.0820,OK
2026-07-09 00:40:35,F1,9.0213,OK
2026-07-09 00:40:45,F1,8.8102,OK
2026-07-09 00:40:56,F1,8.5832,OK
2026-07-09 00:41:06,F1,8.8709,OK
2026-07-09 00:41:16,F1,8.8920,OK
2026-07-09 00:41:27,F1,8.8867,OK
2026-07-09 00:41:37,F1,8.8102,OK
2026-07-09 00:41:47,F1,8.7284,OK
2026-07-09 00:41:58,F1,8.8867,OK
2026-07-09 00:42:08,F1,8.6307,OK
2026-07-09 00:42:18,F1,8.5990,OK
2026-07-09 00:42:29,F1,8.7152,OK
2026-07-09 00:42:39,F1,8.5067,OK
2026-07-09 00:42:50,F1,8.4196,OK
2026-07-09 00:43:00,F1,8.5278,OK
2026-07-09 00:43:10,F1,8.5119,OK
2026-07-09 00:43:21,F1,8.7363,OK
2026-07-09 00:43:31,F1,8.7653,OK
2026-07-09 00:43:41,F1,8.9527,OK
2026-07-09 00:43:52,F1,8.9897,OK
2026-07-09 00:44:02,F1,9.2404,OK
2026-07-09 00:44:12,F1,9.2378,OK
2026-07-09 00:44:23,F1,9.1586,OK
2026-07-09 00:44:33,F1,9.3169,OK
2026-07-09 00:44:43,F1,9.3275,OK
2026-07-09 00:44:54,F1,9.3935,OK
2026-07-09 00:45:04,F1,9.5307,OK
2026-07-09 00:45:15,F1,9.6495,OK
2026-07-09 00:45:25,F1,9.5518,OK
2026-07-09 00:45:35,F1,9.6601,OK
2026-07-09 00:45:46,F1,9.9187,OK
2026-07-09 00:45:56,F1,9.8554,OK
2026-07-09 00:46:06,F1,9.8606,OK
2026-07-09 00:46:17,F1,9.9530,OK
2026-07-09 00:46:27,F1,10.0348,OK
2026-07-09 00:46:37,F1,9.8474,OK
2026-07-09 00:46:48,F1,9.7023,OK
2026-07-09 00:46:58,F1,9.8606,OK
2026-07-09 00:47:09,F1,9.9108,OK
2026-07-09 00:47:19,F1,9.5043,OK
2026-07-09 00:47:29,F1,9.4172,OK
2026-07-09 00:47:40,F1,9.3671,OK
2026-07-09 00:47:50,F1,9.4199,OK
2026-07-09 00:48:00,F1,9.1929,OK
2026-07-09 00:48:11,F1,9.2800,OK
2026-07-09 00:48:21,F1,9.3908,OK
2026-07-09 00:48:31,F1,9.4331,OK
2026-07-09 00:48:42,F1,9.2510,OK
2026-07-09 00:48:52,F1,9.2272,OK
2026-07-09 00:49:02,F1,9.5703,OK
2026-07-09 00:49:13,F1,9.3196,OK
2026-07-09 00:49:23,F1,9.3354,OK
2026-07-09 00:49:34,F1,9.6231,OK
2026-07-09 00:49:44,F1,9.3592,OK
2026-07-09 00:49:54,F1,9.2562,OK
2026-07-09 00:50:05,F1,9.2510,OK
2026-07-09 00:50:15,F1,9.2826,OK
2026-07-09 00:50:25,F1,9.4093,OK
2026-07-09 00:50:36,F1,9.4859,OK
2026-07-09 00:50:46,F1,9.6020,OK
2026-07-09 00:50:57,F1,9.6205,OK
2026-07-09 00:51:07,F1,9.8844,OK
2026-07-09 00:51:17,F1,10.0454,OK
2026-07-09 00:51:28,F1,10.0005,OK
2026-07-09 00:51:38,F1,9.8950,OK
2026-07-09 00:51:48,F1,9.8527,OK
2026-07-09 00:51:59,F1,9.7181,OK
2026-07-09 00:52:09,F1,9.6838,OK
2026-07-09 00:52:19,F1,9.6416,OK
2026-07-09 00:52:30,F1,10.0586,OK
2026-07-09 00:52:40,F1,9.4806,OK
2026-07-09 00:52:51,F1,9.4278,OK
2026-07-09 00:53:01,F1,9.4568,OK
2026-07-09 00:53:11,F1,9.4753,OK
2026-07-09 00:53:22,F1,9.3935,OK
2026-07-09 00:53:32,F1,9.6891,OK
2026-07-09 00:53:42,F1,9.6706,OK
2026-07-09 00:53:53,F1,9.8184,OK
2026-07-09 00:54:03,F1,9.8105,OK
2026-07-09 00:54:13,F1,10.0507,OK
2026-07-09 00:54:24,F1,9.7973,OK
2026-07-09 00:54:34,F1,9.8976,OK
2026-07-09 00:54:45,F1,10.0586,OK
2026-07-09 00:54:55,F1,10.4677,OK
2026-07-09 00:55:05,F1,10.6102,OK
2026-07-09 00:55:16,F1,10.4598,OK
2026-07-09 00:55:26,F1,10.5152,OK
2026-07-09 00:55:36,F1,10.6630,OK
2026-07-09 00:55:47,F1,10.8900,OK
2026-07-09 00:55:57,F1,10.5785,OK
2026-07-09 00:56:07,F1,10.9164,OK
2026-07-09 00:56:18,F1,10.8979,OK
2026-07-09 00:56:28,F1,11.1777,OK
2026-07-09 00:56:39,F1,10.7923,OK
2026-07-09 00:56:49,F1,10.6445,OK
2026-07-09 00:56:59,F1,10.3516,OK
2026-07-09 00:57:10,F1,10.3014,OK
2026-07-09 00:57:20,F1,10.2856,OK
2026-07-09 00:57:30,F1,10.3014,OK
2026-07-09 00:57:41,F1,10.1219,OK
2026-07-09 00:57:51,F1,10.2565,OK
2026-07-09 00:58:01,F1,9.9662,OK
2026-07-09 00:58:12,F1,10.1299,OK
2026-07-09 00:58:22,F1,10.1642,OK
2026-07-09 00:58:33,F1,9.8712,OK
2026-07-09 00:58:43,F1,9.8633,OK
2026-07-09 00:58:53,F1,9.9187,OK
2026-07-09 00:59:04,F1,9.5888,OK
2026-07-09 00:59:14,F1,9.6337,OK
2026-07-09 00:59:24,F1,9.5835,OK
2026-07-09 00:59:35,F1,9.8290,OK
2026-07-09 00:59:45,F1,9.6125,OK
2026-07-09 00:59:56,F1,9.5043,OK
2026-07-09 01:00:06,F1,9.8342,OK
2026-07-09 01:00:16,F1,9.8342,OK
2026-07-09 01:00:27,F1,9.7023,OK
2026-07-09 01:00:37,F1,9.6521,OK
2026-07-09 01:00:47,F1,9.5624,OK
2026-07-09 01:00:58,F1,9.9451,OK
2026-07-09 01:01:08,F1,9.6732,OK
2026-07-09 01:01:18,F1,9.7313,OK
2026-07-09 01:01:29,F1,9.7445,OK
2026-07-09 01:01:39,F1,9.5571,OK
2026-07-09 01:01:50,F1,9.4885,OK
2026-07-09 01:02:00,F1,9.3671,OK
2026-07-09 01:02:10,F1,9.5756,OK
2026-07-09 01:02:21,F1,9.3565,OK
2026-07-09 01:02:31,F1,9.5334,OK
2026-07-09 01:02:41,F1,9.2721,OK
2026-07-09 01:02:52,F1,9.5888,OK
2026-07-09 01:03:02,F1,9.5466,OK
2026-07-09 01:03:12,F1,9.6073,OK
2026-07-09 01:03:23,F1,9.6205,OK
2026-07-09 01:03:33,F1,9.7788,OK
2026-07-09 01:03:44,F1,9.6706,OK
2026-07-09 01:03:54,F1,9.6046,OK
2026-07-09 01:04:04,F1,9.9952,OK
2026-07-09 01:04:15,F1,9.5624,OK
2026-07-09 01:04:25,F1,9.8554,OK
2026-07-09 01:04:35,F1,9.9477,OK
2026-07-09 01:04:46,F1,10.0243,OK
2026-07-09 01:04:56,F1,9.9266,OK
2026-07-09 01:05:06,F1,10.0903,OK
2026-07-09 01:05:17,F1,10.5337,OK
2026-07-09 01:05:27,F1,10.3014,OK
2026-07-09 01:05:37,F1,10.4571,OK
2026-07-09 01:05:48,F1,10.6076,OK
2026-07-09 01:05:58,F1,10.6234,OK
2026-07-09 01:06:09,F1,10.4730,OK
2026-07-09 01:06:19,F1,10.5706,OK
2026-07-09 01:06:29,F1,10.6868,OK
2026-07-09 01:06:40,F1,10.8451,OK
2026-07-09 01:06:50,F1,10.7950,OK
2026-07-09 01:07:00,F1,10.4360,OK
2026-07-09 01:07:11,F1,10.5680,OK
2026-07-09 01:07:21,F1,10.2196,OK
2026-07-09 01:07:32,F1,10.6313,OK
2026-07-09 01:07:42,F1,10.6393,OK
2026-07-09 01:07:52,F1,10.3674,OK
2026-07-09 01:08:03,F1,10.4809,OK
2026-07-09 01:08:13,F1,10.4492,OK
2026-07-09 01:08:23,F1,10.3278,OK
2026-07-09 01:08:34,F1,10.3093,OK
2026-07-09 01:08:44,F1,10.1747,OK
2026-07-09 01:08:54,F1,10.2750,OK
2026-07-09 01:09:05,F1,10.3991,OK
2026-07-09 01:09:15,F1,10.3463,OK
2026-07-09 01:09:25,F1,10.1853,OK
2026-07-09 01:09:36,F1,9.7524,OK
2026-07-09 01:09:46,F1,9.8791,OK
2026-07-09 01:09:57,F1,9.9847,OK
2026-07-09 01:10:07,F1,10.0560,OK
2026-07-09 01:10:17,F1,9.7551,OK
2026-07-09 01:10:28,F1,9.7973,OK
2026-07-09 01:10:38,F1,9.9821,OK
2026-07-09 01:10:48,F1,9.9108,OK
2026-07-09 01:10:59,F1,9.8395,OK
2026-07-09 01:11:09,F1,9.5518,OK
2026-07-09 01:11:20,F1,9.9134,OK
2026-07-09 01:11:30,F1,9.7947,OK
2026-07-09 01:11:40,F1,10.0216,OK
2026-07-09 01:11:51,F1,9.6099,OK
2026-07-09 01:12:01,F1,9.5228,OK
2026-07-09 01:12:11,F1,9.8131,OK
2026-07-09 01:12:22,F1,9.5914,OK
2026-07-09 01:12:32,F1,9.6891,OK
2026-07-09 01:12:42,F1,9.6469,OK
2026-07-09 01:12:53,F1,9.5175,OK
2026-07-09 01:13:03,F1,9.6627,OK
2026-07-09 01:13:13,F1,9.7815,OK
2026-07-09 01:13:24,F1,9.8342,OK
2026-07-09 01:13:34,F1,9.8976,OK
2026-07-09 01:13:45,F1,9.9161,OK
2026-07-09 01:13:55,F1,10.1642,OK
2026-07-09 01:14:05,F1,10.0454,OK
2026-07-09 01:14:16,F1,10.2196,OK
2026-07-09 01:14:26,F1,10.2196,OK
2026-07-09 01:14:36,F1,10.2777,OK
2026-07-09 01:14:47,F1,10.1510,OK
2026-07-09 01:14:57,F1,10.4492,OK
2026-07-09 01:15:07,F1,10.4228,OK
2026-07-09 01:15:18,F1,10.6894,OK
2026-07-09 01:15:28,F1,10.8319,OK
2026-07-09 01:15:39,F1,10.6261,OK
2026-07-09 01:15:49,F1,10.6155,OK
2026-07-09 01:15:59,F1,10.7000,OK
2026-07-09 01:16:10,F1,10.5680,OK
2026-07-09 01:16:20,F1,10.7000,OK
2026-07-09 01:16:30,F1,10.6234,OK
2026-07-09 01:16:41,F1,10.4730,OK
2026-07-09 01:16:51,F1,10.5601,OK
2026-07-09 01:17:01,F1,10.6709,OK
2026-07-09 01:17:12,F1,10.3436,OK
2026-07-09 01:17:22,F1,10.4941,OK
2026-07-09 01:17:33,F1,10.5680,OK
2026-07-09 01:17:43,F1,10.3173,OK
2026-07-09 01:17:53,F1,10.2671,OK
2026-07-09 01:18:04,F1,10.3568,OK
2026-07-09 01:18:14,F1,10.1589,OK
2026-07-09 01:18:24,F1,10.1932,OK
2026-07-09 01:18:35,F1,10.0348,OK
2026-07-09 01:18:45,F1,10.0955,OK
2026-07-09 01:18:55,F1,10.1167,OK
2026-07-09 01:19:06,F1,9.9741,OK
2026-07-09 01:19:16,F1,10.3648,OK
2026-07-09 01:19:26,F1,10.0850,OK
2026-07-09 01:19:37,F1,10.1826,OK
2026-07-09 01:19:47,F1,10.2064,OK
2026-07-09 01:19:57,F1,10.2381,OK
2026-07-09 01:20:08,F1,9.6680,OK
2026-07-09 01:20:18,F1,10.0955,OK
2026-07-09 01:20:29,F1,9.9900,OK
2026-07-09 01:20:39,F1,9.8184,OK
2026-07-09 01:20:49,F1,9.8712,OK
2026-07-09 01:21:00,F1,9.9108,OK
2026-07-09 01:21:10,F1,9.7815,OK
2026-07-09 01:21:20,F1,9.8290,OK
2026-07-09 01:21:31,F1,9.7313,OK
2026-07-09 01:21:41,F1,9.6178,OK
2026-07-09 01:21:51,F1,9.7894,OK
2026-07-09 01:22:02,F1,9.7471,OK
2026-07-09 01:22:12,F1,9.4700,OK
2026-07-09 01:22:22,F1,9.5677,OK
2026-07-09 01:22:33,F1,9.6864,OK
2026-07-09 01:22:43,F1,9.7815,OK
2026-07-09 01:22:54,F1,9.6864,OK
2026-07-09 01:23:04,F1,9.7762,OK
2026-07-09 01:23:14,F1,9.7524,OK
2026-07-09 01:23:25,F1,9.6917,OK
2026-07-09 01:23:35,F1,9.8158,OK
2026-07-09 01:23:45,F1,10.2486,OK
2026-07-09 01:23:56,F1,10.2433,OK
2026-07-09 01:24:06,F1,10.0639,OK
2026-07-09 01:24:16,F1,10.1879,OK
2026-07-09 01:24:27,F1,10.2143,OK
2026-07-09 01:24:37,F1,10.1932,OK
2026-07-09 01:24:48,F1,10.1457,OK
2026-07-09 01:24:58,F1,10.3304,OK
2026-07-09 01:25:08,F1,9.8950,OK
2026-07-09 01:25:19,F1,9.9979,OK
2026-07-09 01:25:29,F1,9.8184,OK
2026-07-09 01:25:39,F1,10.0137,OK
2026-07-09 01:25:50,F1,10.0744,OK
2026-07-09 01:26:00,F1,10.0718,OK
2026-07-09 01:26:10,F1,10.1800,OK
2026-07-09 01:26:21,F1,10.0084,OK
2026-07-09 01:26:31,F1,9.7155,OK
2026-07-09 01:26:41,F1,9.7313,OK
2026-07-09 01:26:52,F1,9.7023,OK
2026-07-09 01:27:02,F1,9.6020,OK
2026-07-09 01:27:13,F1,10.0454,OK
2026-07-09 01:27:23,F1,9.9161,OK
2026-07-09 01:27:33,F1,9.7524,OK
2026-07-09 01:27:44,F1,10.0190,OK
2026-07-09 01:27:54,F1,9.7999,OK
2026-07-09 01:28:04,F1,9.9002,OK
2026-07-09 01:28:15,F1,9.8580,OK
2026-07-09 01:28:25,F1,9.9530,OK
2026-07-09 01:28:35,F1,9.6257,OK
2026-07-09 01:28:46,F1,9.7445,OK
2026-07-09 01:28:56,F1,9.4436,OK
2026-07-09 01:29:06,F1,9.6759,OK
2026-07-09 01:29:17,F1,9.3249,OK
2026-07-09 01:29:27,F1,9.4172,OK
2026-07-09 01:29:38,F1,9.5043,OK
2026-07-09 01:29:48,F1,9.3486,OK
2026-07-09 01:29:58,F1,9.2853,OK
2026-07-09 01:30:09,F1,9.4938,OK
2026-07-09 01:30:19,F1,9.3275,OK
2026-07-09 01:30:29,F1,9.3222,OK
2026-07-09 01:30:40,F1,9.6680,OK
2026-07-09 01:30:50,F1,9.4436,OK
2026-07-09 01:31:01,F1,9.6231,OK
2026-07-09 01:31:11,F1,9.4304,OK
2026-07-09 01:31:21,F1,9.6601,OK
2026-07-09 01:31:32,F1,9.4436,OK
2026-07-09 01:31:42,F1,9.3908,OK
2026-07-09 01:31:52,F1,9.4568,OK
2026-07-09 01:32:03,F1,9.4225,OK
2026-07-09 01:32:13,F1,9.4859,OK
2026-07-09 01:32:23,F1,9.3829,OK
2026-07-09 01:32:34,F1,9.4938,OK
2026-07-09 01:32:44,F1,9.8448,OK
2026-07-09 01:32:54,F1,9.8923,OK
2026-07-09 01:33:05,F1,10.1642,OK
2026-07-09 01:33:15,F1,10.1246,OK
2026-07-09 01:33:25,F1,9.7999,OK
2026-07-09 01:33:36,F1,9.9768,OK
2026-07-09 01:33:46,F1,10.2486,OK
2026-07-09 01:33:57,F1,9.8606,OK
2026-07-09 01:34:07,F1,9.9002,OK
2026-07-09 01:34:17,F1,10.1668,OK
2026-07-09 01:34:28,F1,9.9425,OK
2026-07-09 01:34:38,F1,10.3120,OK
2026-07-09 01:34:48,F1,10.2460,OK
2026-07-09 01:34:59,F1,9.9609,OK
2026-07-09 01:35:09,F1,10.0507,OK
2026-07-09 01:35:20,F1,10.1747,OK
2026-07-09 01:35:30,F1,10.2170,OK
2026-07-09 01:35:40,F1,10.3331,OK
2026-07-09 01:35:51,F1,10.2011,OK
2026-07-09 01:36:01,F1,10.2354,OK
2026-07-09 01:36:11,F1,10.2064,OK
2026-07-09 01:36:22,F1,9.9504,OK
2026-07-09 01:36:32,F1,9.9213,OK
2026-07-09 01:36:42,F1,9.8527,OK
2026-07-09 01:36:53,F1,10.1536,OK
2026-07-09 01:37:03,F1,10.0322,OK
2026-07-09 01:37:14,F1,9.7445,OK
2026-07-09 01:37:24,F1,9.7498,OK
2026-07-09 01:37:34,F1,9.6152,OK
2026-07-09 01:37:45,F1,10.0348,OK
2026-07-09 01:37:55,F1,9.6521,OK
2026-07-09 01:38:05,F1,9.7419,OK
2026-07-09 01:38:16,F1,9.6706,OK
2026-07-09 01:38:26,F1,9.4383,OK
2026-07-09 01:38:37,F1,9.7894,OK
2026-07-09 01:38:47,F1,9.5545,OK
2026-07-09 01:38:57,F1,9.6416,OK
2026-07-09 01:39:08,F1,9.4067,OK
2026-07-09 01:39:18,F1,9.4832,OK
2026-07-09 01:39:28,F1,9.5941,OK
2026-07-09 01:39:39,F1,9.5571,OK
2026-07-09 01:39:49,F1,9.7445,OK
2026-07-09 01:39:59,F1,9.5967,OK
2026-07-09 01:40:10,F1,9.7603,OK
2026-07-09 01:40:20,F1,9.6284,OK
2026-07-09 01:40:30,F1,9.5149,OK
2026-07-09 01:40:41,F1,9.4621,OK
2026-07-09 01:40:51,F1,9.3539,OK
2026-07-09 01:41:02,F1,9.3776,OK
2026-07-09 01:41:12,F1,9.3829,OK
2026-07-09 01:41:22,F1,9.4806,OK
2026-07-09 01:41:33,F1,9.3117,OK
2026-07-09 01:41:43,F1,9.4014,OK
2026-07-09 01:41:53,F1,9.3724,OK
2026-07-09 01:42:04,F1,9.4647,OK
2026-07-09 01:42:14,F1,9.3512,OK
2026-07-09 01:42:24,F1,9.5967,OK
2026-07-09 01:42:35,F1,9.3407,OK
2026-07-09 01:42:45,F1,9.4014,OK
2026-07-09 01:42:56,F1,9.6627,OK
2026-07-09 01:43:06,F1,9.9055,OK
2026-07-09 01:43:16,F1,9.5914,OK
2026-07-09 01:43:27,F1,10.0586,OK
2026-07-09 01:43:37,F1,10.1299,OK
2026-07-09 01:43:47,F1,9.5941,OK
2026-07-09 01:43:58,F1,9.7683,OK
2026-07-09 01:44:08,F1,9.6257,OK
2026-07-09 01:44:18,F1,10.0586,OK
2026-07-09 01:44:29,F1,9.8976,OK
2026-07-09 01:44:39,F1,10.1483,OK
2026-07-09 01:44:50,F1,10.3041,OK
2026-07-09 01:45:00,F1,10.1167,OK
2026-07-09 01:45:10,F1,10.2064,OK
2026-07-09 01:45:21,F1,10.0771,OK
2026-07-09 01:45:31,F1,10.0296,OK
2026-07-09 01:45:41,F1,10.1747,OK
2026-07-09 01:45:52,F1,10.0823,OK
2026-07-09 01:46:02,F1,10.1299,OK
2026-07-09 01:46:12,F1,9.8184,OK
2026-07-09 01:46:23,F1,9.6601,OK
2026-07-09 01:46:33,F1,9.9213,OK
2026-07-09 01:46:44,F1,9.6917,OK
2026-07-09 01:46:54,F1,9.6627,OK
2026-07-09 01:47:04,F1,9.7208,OK
2026-07-09 01:47:15,F1,9.7788,OK
2026-07-09 01:47:25,F1,9.5149,OK
2026-07-09 01:47:35,F1,9.7577,OK
2026-07-09 01:47:46,F1,9.6680,OK
2026-07-09 01:47:56,F1,9.8738,OK
2026-07-09 01:48:06,F1,9.9425,OK
2026-07-09 01:48:17,F1,9.7471,OK
2026-07-09 01:48:27,F1,9.8369,OK
2026-07-09 01:48:37,F1,9.6073,OK
2026-07-09 01:48:48,F1,9.5466,OK
2026-07-09 01:48:58,F1,9.4251,OK
2026-07-09 01:49:09,F1,9.6680,OK
2026-07-09 01:49:19,F1,9.4410,OK
2026-07-09 01:49:29,F1,9.4040,OK
2026-07-09 01:49:40,F1,9.3380,OK
2026-07-09 01:49:50,F1,9.6680,OK
2026-07-09 01:50:00,F1,9.2879,OK
2026-07-09 01:50:11,F1,9.2747,OK
2026-07-09 01:50:21,F1,9.1322,OK
2026-07-09 01:50:31,F1,9.1797,OK
2026-07-09 01:50:42,F1,8.9210,OK
2026-07-09 01:50:52,F1,8.7759,OK
2026-07-09 01:51:03,F1,8.8656,OK
2026-07-09 01:51:13,F1,8.7046,OK
2026-07-09 01:51:23,F1,8.7548,OK
2026-07-09 01:51:34,F1,8.9078,OK
2026-07-09 01:51:44,F1,8.9949,OK
2026-07-09 01:51:54,F1,9.0451,OK
2026-07-09 01:52:05,F1,8.8128,OK
2026-07-09 01:52:15,F1,8.9580,OK
2026-07-09 01:52:25,F1,9.0847,OK
2026-07-09 01:52:36,F1,9.4093,OK
2026-07-09 01:52:46,F1,9.2298,OK
2026-07-09 01:52:57,F1,9.1480,OK
2026-07-09 01:53:07,F1,9.1507,OK
2026-07-09 01:53:17,F1,9.3539,OK
2026-07-09 01:53:28,F1,9.2615,OK
2026-07-09 01:53:38,F1,9.5703,OK
2026-07-09 01:53:48,F1,9.5413,OK
2026-07-09 01:53:59,F1,9.4990,OK
2026-07-09 01:54:09,F1,9.5809,OK
2026-07-09 01:54:19,F1,9.6178,OK
2026-07-09 01:54:30,F1,9.7366,OK
2026-07-09 01:54:40,F1,9.9504,OK
2026-07-09 01:54:50,F1,9.8131,OK
2026-07-09 01:55:01,F1,10.0692,OK
2026-07-09 01:55:11,F1,10.1299,OK
2026-07-09 01:55:22,F1,9.9847,OK
2026-07-09 01:55:32,F1,10.0560,OK
2026-07-09 01:55:42,F1,9.9319,OK
2026-07-09 01:55:53,F1,9.8474,OK
2026-07-09 01:56:03,F1,9.7366,OK
2026-07-09 01:56:13,F1,9.6917,OK
2026-07-09 01:56:24,F1,9.5730,OK
2026-07-09 01:56:34,F1,9.6257,OK
2026-07-09 01:56:45,F1,9.5624,OK
2026-07-09 01:56:55,F1,9.7287,OK
2026-07-09 01:57:05,F1,9.7603,OK
2026-07-09 01:57:16,F1,9.6653,OK
2026-07-09 01:57:26,F1,9.7128,OK
2026-07-09 01:57:36,F1,9.3750,OK
2026-07-09 01:57:47,F1,9.6917,OK
2026-07-09 01:57:57,F1,9.2932,OK
2026-07-09 01:58:07,F1,9.2747,OK
2026-07-09 01:58:18,F1,9.3961,OK
2026-07-09 01:58:28,F1,9.2773,OK
2026-07-09 01:58:38,F1,9.1665,OK
2026-07-09 01:58:49,F1,9.1982,OK
2026-07-09 01:58:59,F1,9.2061,OK
2026-07-09 01:59:10,F1,9.3169,OK
2026-07-09 01:59:20,F1,8.9897,OK
2026-07-09 01:59:30,F1,9.0398,OK
2026-07-09 01:59:41,F1,9.1507,OK
2026-07-09 01:59:51,F1,9.0979,OK
2026-07-09 02:00:01,F1,8.9580,OK
2026-07-09 02:00:12,F1,9.0134,OK
2026-07-09 02:00:22,F1,8.8894,OK
2026-07-09 02:00:32,F1,9.2826,OK
2026-07-09 02:00:43,F1,9.1612,OK
2026-07-09 02:00:53,F1,9.2325,OK
2026-07-09 02:01:04,F1,8.9078,OK
2026-07-09 02:01:14,F1,8.8234,OK
2026-07-09 02:01:24,F1,8.9580,OK
2026-07-09 02:01:35,F1,8.8841,OK
2026-07-09 02:01:45,F1,9.0134,OK
2026-07-09 02:01:55,F1,8.9817,OK
2026-07-09 02:02:06,F1,8.9448,OK
2026-07-09 02:02:16,F1,9.0504,OK
2026-07-09 02:02:26,F1,9.1058,OK
2026-07-09 02:02:37,F1,8.9923,OK
2026-07-09 02:02:47,F1,9.2087,OK
2026-07-09 02:02:57,F1,9.1955,OK
2026-07-09 02:03:08,F1,9.3275,OK
2026-07-09 02:03:18,F1,9.2747,OK
2026-07-09 02:03:29,F1,9.0873,OK
2026-07-09 02:03:39,F1,9.2958,OK
2026-07-09 02:03:49,F1,9.3275,OK
2026-07-09 02:04:00,F1,9.4199,OK
2026-07-09 02:04:10,F1,9.5571,OK
2026-07-09 02:04:20,F1,9.3882,OK
2026-07-09 02:04:31,F1,9.5677,OK
2026-07-09 02:04:41,F1,9.7234,OK
2026-07-09 02:04:51,F1,9.7709,OK
2026-07-09 02:05:02,F1,9.8342,OK
2026-07-09 02:05:12,F1,9.8369,OK
2026-07-09 02:05:23,F1,9.6759,OK
2026-07-09 02:05:33,F1,9.7366,OK
2026-07-09 02:05:43,F1,9.5175,OK
2026-07-09 02:05:54,F1,9.7260,OK
2026-07-09 02:06:04,F1,9.2958,OK
2026-07-09 02:06:14,F1,9.4146,OK
2026-07-09 02:06:25,F1,9.4014,OK
2026-07-09 02:06:35,F1,9.1929,OK
2026-07-09 02:06:45,F1,9.2483,OK
2026-07-09 02:06:56,F1,9.2985,OK
2026-07-09 02:07:06,F1,9.5307,OK
2026-07-09 02:07:17,F1,9.2325,OK
2026-07-09 02:07:27,F1,9.2853,OK
2026-07-09 02:07:37,F1,9.4146,OK
2026-07-09 02:07:48,F1,9.0477,OK
2026-07-09 02:07:58,F1,9.2721,OK
2026-07-09 02:08:08,F1,9.3222,OK
2026-07-09 02:08:19,F1,9.2879,OK
2026-07-09 02:08:29,F1,9.1612,OK
2026-07-09 02:08:39,F1,9.1612,OK
2026-07-09 02:08:50,F1,9.1902,OK
2026-07-09 02:09:00,F1,9.2483,OK
2026-07-09 02:09:11,F1,8.9923,OK
2026-07-09 02:09:21,F1,9.0055,OK
2026-07-09 02:09:31,F1,9.0662,OK
2026-07-09 02:09:42,F1,8.7600,OK
2026-07-09 02:09:52,F1,8.8207,OK
2026-07-09 02:10:02,F1,8.9131,OK
2026-07-09 02:10:13,F1,8.9395,OK
2026-07-09 02:10:23,F1,8.7838,OK
2026-07-09 02:10:33,F1,8.8102,OK
2026-07-09 02:10:44,F1,8.5410,OK
2026-07-09 02:10:54,F1,8.8023,OK
2026-07-09 02:11:05,F1,8.4486,OK
2026-07-09 02:11:15,F1,8.4539,OK
2026-07-09 02:11:25,F1,8.7284,OK
2026-07-09 02:11:36,F1,8.6333,OK
2026-07-09 02:11:46,F1,8.5832,OK
2026-07-09 02:11:56,F1,8.6677,OK
2026-07-09 02:12:07,F1,8.9052,OK
2026-07-09 02:12:17,F1,9.1902,OK
2026-07-09 02:12:27,F1,9.0345,OK
2026-07-09 02:12:38,F1,8.9580,OK
2026-07-09 02:12:48,F1,9.0451,OK
2026-07-09 02:12:59,F1,9.1005,OK
2026-07-09 02:13:09,F1,9.4331,OK
2026-07-09 02:13:19,F1,9.2800,OK
2026-07-09 02:13:30,F1,9.1243,OK
2026-07-09 02:13:40,F1,9.2351,OK
2026-07-09 02:13:50,F1,9.2562,OK
2026-07-09 02:14:01,F1,9.4014,OK
2026-07-09 02:14:11,F1,9.4463,OK
2026-07-09 02:14:21,F1,9.5492,OK
2026-07-09 02:14:32,F1,9.5439,OK
2026-07-09 02:14:42,F1,9.4251,OK
2026-07-09 02:14:53,F1,9.6073,OK
2026-07-09 02:15:03,F1,9.3644,OK
2026-07-09 02:15:13,F1,9.2721,OK
2026-07-09 02:15:24,F1,9.0768,OK
2026-07-09 02:15:34,F1,9.0134,OK
2026-07-09 02:15:44,F1,9.3301,OK
2026-07-09 02:15:55,F1,9.2958,OK
2026-07-09 02:16:05,F1,9.2747,OK
2026-07-09 02:16:15,F1,9.4067,OK
2026-07-09 02:16:26,F1,9.4383,OK
2026-07-09 02:16:36,F1,9.2589,OK
2026-07-09 02:16:47,F1,9.0134,OK
2026-07-09 02:16:57,F1,8.9210,OK
2026-07-09 02:17:07,F1,8.7363,OK
2026-07-09 02:17:18,F1,8.7495,OK
2026-07-09 02:17:28,F1,8.5568,OK
2026-07-09 02:17:38,F1,8.7046,OK
2026-07-09 02:17:49,F1,9.0530,OK
2026-07-09 02:17:59,F1,8.7653,OK
2026-07-09 02:18:09,F1,8.6518,OK
2026-07-09 02:18:20,F1,8.4829,OK
2026-07-09 02:18:30,F1,8.6122,OK
2026-07-09 02:18:41,F1,8.7679,OK
2026-07-09 02:18:51,F1,8.6782,OK
2026-07-09 02:19:01,F1,8.6782,OK
2026-07-09 02:19:12,F1,8.7257,OK
2026-07-09 02:19:22,F1,8.6729,OK
2026-07-09 02:19:33,F1,8.7020,OK
2026-07-09 02:19:43,F1,8.7442,OK
2026-07-09 02:19:53,F1,8.7891,OK
2026-07-09 02:20:04,F1,8.4354,OK
2026-07-09 02:20:14,F1,8.5911,OK
2026-07-09 02:20:24,F1,8.6439,OK
2026-07-09 02:20:35,F1,8.6756,OK
2026-07-09 02:20:45,F1,8.6703,OK
2026-07-09 02:20:55,F1,8.7653,OK
2026-07-09 02:21:06,F1,8.8155,OK
2026-07-09 02:21:16,F1,8.6307,OK
2026-07-09 02:21:26,F1,8.8920,OK
2026-07-09 02:21:37,F1,8.8366,OK
2026-07-09 02:21:47,F1,8.9448,OK
2026-07-09 02:21:58,F1,9.2246,OK
2026-07-09 02:22:08,F1,9.1348,OK
2026-07-09 02:22:18,F1,9.0108,OK
2026-07-09 02:22:29,F1,9.0530,OK
2026-07-09 02:22:39,F1,9.2219,OK
2026-07-09 02:22:49,F1,9.4067,OK
2026-07-09 02:23:00,F1,9.3380,OK
2026-07-09 02:23:10,F1,9.5096,OK
2026-07-09 02:23:20,F1,9.1929,OK
2026-07-09 02:23:31,F1,9.3117,OK
2026-07-09 02:23:41,F1,9.3724,OK
2026-07-09 02:23:52,F1,9.6521,OK
2026-07-09 02:24:02,F1,9.7788,OK
2026-07-09 02:24:12,F1,9.6178,OK
2026-07-09 02:24:23,F1,9.6046,OK
2026-07-09 02:24:33,F1,9.3935,OK
2026-07-09 02:24:43,F1,9.3856,OK
2026-07-09 02:24:54,F1,9.5703,OK
2026-07-09 02:25:04,F1,9.5492,OK
2026-07-09 02:25:14,F1,9.4727,OK
2026-07-09 02:25:25,F1,9.3090,OK
2026-07-09 02:25:35,F1,9.2246,OK
2026-07-09 02:25:46,F1,9.2166,OK
2026-07-09 02:25:56,F1,9.2510,OK
2026-07-09 02:26:06,F1,9.2853,OK
2026-07-09 02:26:17,F1,9.3592,OK
2026-07-09 02:26:27,F1,9.1902,OK
2026-07-09 02:26:37,F1,9.3328,OK
2026-07-09 02:26:48,F1,9.4674,OK
2026-07-09 02:26:58,F1,9.3196,OK
2026-07-09 02:27:09,F1,9.4251,OK
2026-07-09 02:27:19,F1,9.0134,OK
2026-07-09 02:27:29,F1,9.3011,OK
2026-07-09 02:27:40,F1,9.2166,OK
2026-07-09 02:27:50,F1,9.3037,OK
2026-07-09 02:28:00,F1,9.2773,OK
2026-07-09 02:28:11,F1,9.4410,OK
2026-07-09 02:28:21,F1,9.3697,OK
2026-07-09 02:28:31,F1,9.1823,OK
2026-07-09 02:28:42,F1,9.2879,OK
2026-07-09 02:28:52,F1,9.2272,OK
2026-07-09 02:29:02,F1,9.1797,OK
2026-07-09 02:29:13,F1,9.2378,OK
2026-07-09 02:29:23,F1,8.9237,OK
2026-07-09 02:29:34,F1,8.9659,OK
2026-07-09 02:29:44,F1,8.7627,OK
2026-07-09 02:29:54,F1,8.8577,OK
2026-07-09 02:30:05,F1,8.8287,OK
2026-07-09 02:30:15,F1,8.7521,OK
2026-07-09 02:30:25,F1,8.6967,OK
2026-07-09 02:30:36,F1,8.7442,OK
2026-07-09 02:30:46,F1,8.7548,OK
2026-07-09 02:30:56,F1,8.8550,OK
2026-07-09 02:31:07,F1,8.8682,OK
2026-07-09 02:31:17,F1,9.2166,OK
2026-07-09 02:31:28,F1,9.1770,OK
2026-07-09 02:31:38,F1,9.2985,OK
2026-07-09 02:31:48,F1,9.0741,OK
2026-07-09 02:31:59,F1,9.1823,OK
2026-07-09 02:32:09,F1,9.2615,OK
2026-07-09 02:32:19,F1,9.2958,OK
2026-07-09 02:32:30,F1,9.4304,OK
2026-07-09 02:32:40,F1,9.3222,OK
2026-07-09 02:32:50,F1,9.3275,OK
2026-07-09 02:33:01,F1,9.3328,OK
2026-07-09 02:33:11,F1,9.4806,OK
2026-07-09 02:33:21,F1,9.4964,OK
2026-07-09 02:33:32,F1,9.5439,OK
2026-07-09 02:33:42,F1,9.5598,OK
2026-07-09 02:33:53,F1,9.8501,OK
2026-07-09 02:34:03,F1,9.3644,OK
2026-07-09 02:34:13,F1,8.9976,OK
2026-07-09 02:34:24,F1,8.9712,OK
2026-07-09 02:34:34,F1,9.2985,OK
2026-07-09 02:34:44,F1,9.1322,OK
2026-07-09 02:34:55,F1,9.1084,OK
2026-07-09 02:35:05,F1,9.0240,OK
2026-07-09 02:35:15,F1,8.9158,OK
2026-07-09 02:35:26,F1,8.9421,OK
2026-07-09 02:35:36,F1,9.1084,OK
2026-07-09 02:35:46,F1,8.9791,OK
2026-07-09 02:35:57,F1,8.8498,OK
2026-07-09 02:36:07,F1,8.9052,OK
2026-07-09 02:36:18,F1,8.9369,OK
2026-07-09 02:36:28,F1,8.8577,OK
2026-07-09 02:36:38,F1,8.8102,OK
2026-07-09 02:36:49,F1,8.8181,OK
2026-07-09 02:36:59,F1,8.7785,OK
2026-07-09 02:37:09,F1,8.8946,OK
2026-07-09 02:37:20,F1,8.9897,OK
2026-07-09 02:37:30,F1,8.9263,OK
2026-07-09 02:37:40,F1,8.7627,OK
2026-07-09 02:37:51,F1,8.8498,OK
2026-07-09 02:38:01,F1,8.7732,OK
2026-07-09 02:38:11,F1,8.7389,OK
2026-07-09 02:38:22,F1,8.9131,OK
2026-07-09 02:38:32,F1,8.8630,OK
2026-07-09 02:38:43,F1,8.5674,OK
2026-07-09 02:38:53,F1,8.4196,OK
2026-07-09 02:39:03,F1,8.5832,OK
2026-07-09 02:39:14,F1,8.5067,OK
2026-07-09 02:39:24,F1,8.4618,OK
2026-07-09 02:39:34,F1,8.5911,OK
2026-07-09 02:39:45,F1,8.3773,OK
2026-07-09 02:39:55,F1,8.4723,OK
2026-07-09 02:40:06,F1,8.2797,OK
2026-07-09 02:40:16,F1,8.3404,OK
2026-07-09 02:40:26,F1,8.2638,OK
2026-07-09 02:40:37,F1,8.4011,OK
2026-07-09 02:40:47,F1,8.2612,OK
2026-07-09 02:40:57,F1,8.4222,OK
2026-07-09 02:41:08,F1,8.6888,OK
2026-07-09 02:41:18,F1,9.0847,OK
2026-07-09 02:41:29,F1,9.0609,OK
2026-07-09 02:41:39,F1,8.6967,OK
2026-07-09 02:41:49,F1,8.6439,OK
2026-07-09 02:42:00,F1,8.5278,OK
2026-07-09 02:42:10,F1,8.9421,OK
2026-07-09 02:42:20,F1,9.1005,OK
2026-07-09 02:42:31,F1,9.1322,OK
2026-07-09 02:42:41,F1,9.0609,OK
2026-07-09 02:42:51,F1,9.1744,OK
2026-07-09 02:43:02,F1,9.4014,OK
2026-07-09 02:43:12,F1,9.1612,OK
2026-07-09 02:43:23,F1,9.3143,OK
2026-07-09 02:43:33,F1,9.4515,OK
2026-07-09 02:43:43,F1,9.5149,OK
2026-07-09 02:43:54,F1,9.2589,OK
2026-07-09 02:44:04,F1,9.3697,OK
2026-07-09 02:44:14,F1,9.7999,OK
2026-07-09 02:44:25,F1,10.4175,OK
2026-07-09 02:44:35,F1,10.8161,OK
2026-07-09 02:44:46,F1,11.8058,OK
2026-07-09 02:44:56,F1,11.3440,OK
2026-07-09 02:45:06,F1,11.7953,OK
2026-07-09 02:45:17,F1,11.4865,OK
2026-07-09 02:45:27,F1,10.3225,OK
2026-07-09 02:45:37,F1,9.8554,OK
2026-07-09 02:45:48,F1,9.5888,OK
2026-07-09 02:45:58,F1,9.4990,OK
2026-07-09 02:46:08,F1,9.7867,OK
2026-07-09 02:46:19,F1,9.6785,OK
2026-07-09 02:46:29,F1,9.8897,OK
2026-07-09 02:46:40,F1,10.1404,OK
2026-07-09 02:46:50,F1,9.9636,OK
2026-07-09 02:47:00,F1,9.6310,OK
2026-07-09 02:47:11,F1,9.8052,OK
2026-07-09 02:47:21,F1,9.3037,OK
2026-07-09 02:47:31,F1,9.5571,OK
2026-07-09 02:47:42,F1,9.9873,OK
2026-07-09 02:47:52,F1,9.5650,OK
2026-07-09 02:48:02,F1,9.4647,OK
2026-07-09 02:48:13,F1,9.6521,OK
2026-07-09 02:48:23,F1,9.9161,OK
2026-07-09 02:48:33,F1,9.7947,OK
2026-07-09 02:48:44,F1,9.9451,OK
2026-07-09 02:48:54,F1,9.7340,OK
2026-07-09 02:49:05,F1,9.9082,OK
2026-07-09 02:49:15,F1,9.8105,OK
2026-07-09 02:49:25,F1,9.5809,OK
2026-07-09 02:49:36,F1,9.8316,OK
2026-07-09 02:49:46,F1,9.8712,OK
2026-07-09 02:49:56,F1,10.0929,OK
2026-07-09 02:50:07,F1,9.5070,OK
2026-07-09 02:50:17,F1,9.8712,OK
2026-07-09 02:50:27,F1,9.9504,OK
2026-07-09 02:50:38,F1,10.4466,OK
2026-07-09 02:50:48,F1,9.9161,OK
2026-07-09 02:50:59,F1,10.4255,OK
2026-07-09 02:51:09,F1,10.0375,OK
2026-07-09 02:51:19,F1,10.3014,OK
2026-07-09 02:51:30,F1,10.7659,OK
2026-07-09 02:51:40,F1,10.5152,OK
2026-07-09 02:51:50,F1,10.3832,OK
2026-07-09 02:52:01,F1,10.5046,OK
2026-07-09 02:52:11,F1,10.6551,OK
2026-07-09 02:52:21,F1,10.6604,OK
2026-07-09 02:52:32,F1,10.9639,OK
2026-07-09 02:52:42,F1,10.7607,OK
2026-07-09 02:52:53,F1,10.5046,OK
2026-07-09 02:53:03,F1,10.7395,OK
2026-07-09 02:53:13,F1,10.9217,OK
2026-07-09 02:53:24,F1,10.6841,OK
2026-07-09 02:53:34,F1,10.7369,OK
2026-07-09 02:53:44,F1,10.7132,OK
2026-07-09 02:53:55,F1,10.4598,OK
2026-07-09 02:54:05,F1,10.4149,OK
2026-07-09 02:54:15,F1,10.4439,OK
2026-07-09 02:54:26,F1,10.3146,OK
2026-07-09 02:54:36,F1,10.7369,OK
2026-07-09 02:54:47,F1,10.6472,OK
2026-07-09 02:54:57,F1,10.6313,OK
2026-07-09 02:55:07,F1,10.3912,OK
2026-07-09 02:55:18,F1,10.3991,OK
2026-07-09 02:55:28,F1,10.1536,OK
2026-07-09 02:55:38,F1,10.0401,OK
2026-07-09 02:55:49,F1,10.2935,OK
2026-07-09 02:55:59,F1,10.4492,OK
2026-07-09 02:56:09,F1,10.0533,OK
2026-07-09 02:56:20,F1,10.2249,OK
2026-07-09 02:56:30,F1,10.3832,OK
2026-07-09 02:56:41,F1,9.7577,OK
2026-07-09 02:56:51,F1,9.8052,OK
2026-07-09 02:57:01,F1,9.7947,OK
2026-07-09 02:57:12,F1,10.0533,OK
2026-07-09 02:57:22,F1,9.6099,OK
2026-07-09 02:57:32,F1,9.5043,OK
2026-07-09 02:57:43,F1,9.5492,OK
2026-07-09 02:57:53,F1,9.6205,OK
2026-07-09 02:58:03,F1,9.7155,OK
2026-07-09 02:58:14,F1,9.9398,OK
2026-07-09 02:58:24,F1,9.7551,OK
2026-07-09 02:58:35,F1,9.9029,OK
2026-07-09 02:58:45,F1,9.8105,OK
2026-07-09 02:58:55,F1,9.7498,OK
2026-07-09 02:59:06,F1,9.6310,OK
2026-07-09 02:59:16,F1,9.1586,OK
2026-07-09 02:59:26,F1,9.2140,OK
2026-07-09 02:59:37,F1,9.3671,OK
2026-07-09 02:59:47,F1,9.2958,OK
2026-07-09 02:59:57,F1,9.4172,OK
2026-07-09 03:00:08,F1,9.7155,OK
2026-07-09 03:00:18,F1,9.7920,OK
2026-07-09 03:00:28,F1,9.7683,OK
2026-07-09 03:00:39,F1,9.9900,OK
2026-07-09 03:00:49,F1,9.8052,OK
2026-07-09 03:00:59,F1,9.7920,OK
2026-07-09 03:01:10,F1,9.6917,OK
2026-07-09 03:01:20,F1,9.8052,OK
2026-07-09 03:01:31,F1,9.9900,OK
2026-07-09 03:01:41,F1,10.0823,OK
2026-07-09 03:01:52,F1,10.1668,OK
2026-07-09 03:02:02,F1,10.2645,OK
2026-07-09 03:02:12,F1,10.0903,OK
2026-07-09 03:02:23,F1,10.3542,OK
2026-07-09 03:02:33,F1,10.2143,OK
2026-07-09 03:02:43,F1,10.2354,OK
2026-07-09 03:02:54,F1,10.2433,OK
2026-07-09 03:03:04,F1,10.0507,OK
2026-07-09 03:03:14,F1,10.0744,OK
2026-07-09 03:03:25,F1,10.0216,OK
2026-07-09 03:03:35,F1,10.3938,OK
2026-07-09 03:03:45,F1,10.0533,OK
2026-07-09 03:03:56,F1,9.7128,OK
2026-07-09 03:04:06,F1,9.9873,OK
2026-07-09 03:04:17,F1,10.2117,OK
2026-07-09 03:04:27,F1,10.2170,OK
2026-07-09 03:04:37,F1,10.0771,OK
2026-07-09 03:04:48,F1,10.1404,OK
2026-07-09 03:04:58,F1,10.3252,OK
2026-07-09 03:05:08,F1,10.0190,OK
2026-07-09 03:05:19,F1,10.2882,OK
2026-07-09 03:05:29,F1,9.8580,OK
2026-07-09 03:05:39,F1,9.8791,OK
2026-07-09 03:05:50,F1,9.8211,OK
2026-07-09 03:06:00,F1,10.0718,OK
2026-07-09 03:06:10,F1,10.1774,OK
2026-07-09 03:06:21,F1,9.9082,OK
2026-07-09 03:06:31,F1,9.7287,OK
2026-07-09 03:06:42,F1,9.8738,OK
2026-07-09 03:06:52,F1,9.7656,OK
2026-07-09 03:07:02,F1,9.7287,OK
2026-07-09 03:07:13,F1,9.4357,OK
2026-07-09 03:07:23,F1,9.5861,OK
2026-07-09 03:07:33,F1,9.5466,OK
2026-07-09 03:07:44,F1,9.7102,OK
2026-07-09 03:07:54,F1,9.5650,OK
2026-07-09 03:08:05,F1,9.6231,OK
2026-07-09 03:08:15,F1,9.3882,OK
2026-07-09 03:08:25,F1,9.4515,OK
2026-07-09 03:08:36,F1,9.2826,OK
2026-07-09 03:08:46,F1,9.4964,OK
2026-07-09 03:08:56,F1,9.2351,OK
2026-07-09 03:09:07,F1,9.4542,OK
2026-07-09 03:09:17,F1,9.4727,OK
2026-07-09 03:09:28,F1,9.3328,OK
2026-07-09 03:09:38,F1,9.0952,OK
2026-07-09 03:09:48,F1,8.9580,OK
2026-07-09 03:09:59,F1,9.4172,OK
2026-07-09 03:10:09,F1,9.7366,OK
2026-07-09 03:10:19,F1,9.4093,OK
2026-07-09 03:10:30,F1,9.6785,OK
2026-07-09 03:10:40,F1,9.4885,OK
2026-07-09 03:10:50,F1,9.9794,OK
2026-07-09 03:11:01,F1,9.8527,OK
2026-07-09 03:11:11,F1,9.9821,OK
2026-07-09 03:11:22,F1,10.1721,OK
2026-07-09 03:11:32,F1,10.0375,OK
2026-07-09 03:11:42,F1,10.0005,OK
2026-07-09 03:11:53,F1,9.9926,OK
2026-07-09 03:12:03,F1,10.0982,OK
2026-07-09 03:12:13,F1,9.9689,OK
2026-07-09 03:12:24,F1,10.0586,OK
2026-07-09 03:12:34,F1,9.9952,OK
2026-07-09 03:12:44,F1,10.1325,OK
2026-07-09 03:12:55,F1,10.1087,OK
2026-07-09 03:13:05,F1,10.0480,OK
2026-07-09 03:13:15,F1,9.9530,OK
2026-07-09 03:13:26,F1,9.8659,OK
2026-07-09 03:13:36,F1,9.9108,OK
2026-07-09 03:13:47,F1,10.0428,OK
2026-07-09 03:13:57,F1,9.6759,OK
2026-07-09 03:14:07,F1,9.5413,OK
2026-07-09 03:14:18,F1,9.4172,OK
2026-07-09 03:14:28,F1,9.8791,OK
2026-07-09 03:14:38,F1,9.9609,OK
2026-07-09 03:14:49,F1,9.5914,OK
2026-07-09 03:14:59,F1,9.5122,OK
2026-07-09 03:15:09,F1,9.5730,OK
2026-07-09 03:15:20,F1,9.6442,OK
2026-07-09 03:15:30,F1,9.8263,OK
2026-07-09 03:15:41,F1,9.5861,OK
2026-07-09 03:15:51,F1,9.5360,OK
2026-07-09 03:16:01,F1,9.6337,OK
2026-07-09 03:16:12,F1,9.3117,OK
2026-07-09 03:16:22,F1,9.4515,OK
2026-07-09 03:16:32,F1,9.4120,OK
2026-07-09 03:16:43,F1,9.2668,OK
2026-07-09 03:16:53,F1,9.7392,OK
2026-07-09 03:17:03,F1,9.5518,OK
2026-07-09 03:17:14,F1,9.5070,OK
2026-07-09 03:17:24,F1,9.3249,OK
2026-07-09 03:17:34,F1,9.4542,OK
2026-07-09 03:17:45,F1,9.1797,OK
2026-07-09 03:17:55,F1,9.3407,OK
2026-07-09 03:18:06,F1,9.2615,OK
2026-07-09 03:18:16,F1,9.3143,OK
2026-07-09 03:18:26,F1,9.3380,OK
2026-07-09 03:18:37,F1,9.3328,OK
2026-07-09 03:18:47,F1,9.4410,OK
2026-07-09 03:18:57,F1,9.3380,OK
2026-07-09 03:19:08,F1,9.5043,OK
2026-07-09 03:19:18,F1,9.9636,OK
2026-07-09 03:19:29,F1,9.8263,OK
2026-07-09 03:19:39,F1,9.7735,OK
2026-07-09 03:19:49,F1,9.8211,OK
2026-07-09 03:20:00,F1,9.8818,OK
2026-07-09 03:20:10,F1,10.2196,OK
2026-07-09 03:20:20,F1,9.8342,OK
2026-07-09 03:20:31,F1,9.9979,OK
2026-07-09 03:20:41,F1,9.9002,OK
2026-07-09 03:20:51,F1,10.1404,OK
2026-07-09 03:21:02,F1,10.3832,OK
2026-07-09 03:21:12,F1,10.1457,OK
2026-07-09 03:21:23,F1,10.1378,OK
2026-07-09 03:21:33,F1,10.0876,OK
2026-07-09 03:21:43,F1,9.9741,OK
2026-07-09 03:21:54,F1,10.0348,OK
2026-07-09 03:22:04,F1,9.9240,OK
2026-07-09 03:22:14,F1,9.6442,OK
2026-07-09 03:22:25,F1,9.6574,OK
2026-07-09 03:22:35,F1,9.8131,OK
2026-07-09 03:22:46,F1,9.6099,OK
2026-07-09 03:22:56,F1,9.6891,OK
2026-07-09 03:23:06,F1,9.7102,OK
2026-07-09 03:23:17,F1,9.7947,OK
2026-07-09 03:23:27,F1,9.6389,OK
2026-07-09 03:23:38,F1,9.6284,OK
2026-07-09 03:23:48,F1,9.3961,OK
2026-07-09 03:23:58,F1,9.4489,OK
2026-07-09 03:24:09,F1,9.3882,OK
2026-07-09 03:24:19,F1,9.7947,OK
2026-07-09 03:24:29,F1,9.6680,OK
2026-07-09 03:24:40,F1,9.7313,OK
2026-07-09 03:24:50,F1,9.5149,OK
2026-07-09 03:25:01,F1,9.6653,OK
2026-07-09 03:25:11,F1,9.5993,OK
2026-07-09 03:25:21,F1,9.5835,OK
2026-07-09 03:25:32,F1,9.5122,OK
2026-07-09 03:25:42,F1,9.5202,OK
2026-07-09 03:25:52,F1,9.6284,OK
2026-07-09 03:26:03,F1,9.6627,OK
2026-07-09 03:26:13,F1,9.3882,OK
2026-07-09 03:26:23,F1,9.3328,OK
2026-07-09 03:26:34,F1,9.2430,OK
2026-07-09 03:26:44,F1,9.2351,OK
2026-07-09 03:26:55,F1,9.3829,OK
2026-07-09 03:27:05,F1,9.2061,OK
2026-07-09 03:27:15,F1,9.4199,OK
2026-07-09 03:27:26,F1,9.1770,OK
2026-07-09 03:27:36,F1,9.1902,OK
2026-07-09 03:27:46,F1,9.0794,OK
2026-07-09 03:27:57,F1,9.0926,OK
2026-07-09 03:28:07,F1,9.3644,OK
2026-07-09 03:28:17,F1,9.4806,OK
2026-07-09 03:28:28,F1,9.6548,OK
2026-07-09 03:28:38,F1,9.8184,OK
2026-07-09 03:28:48,F1,9.4383,OK
2026-07-09 03:28:59,F1,9.5571,OK
2026-07-09 03:29:09,F1,9.7471,OK
2026-07-09 03:29:20,F1,9.6442,OK
2026-07-09 03:29:30,F1,9.8316,OK
2026-07-09 03:29:40,F1,10.0243,OK
2026-07-09 03:29:51,F1,9.8633,OK
2026-07-09 03:30:01,F1,10.5363,OK
2026-07-09 03:30:11,F1,10.1826,OK
2026-07-09 03:30:22,F1,9.9636,OK
2026-07-09 03:30:32,F1,10.0665,OK
2026-07-09 03:30:42,F1,10.1140,OK
2026-07-09 03:30:53,F1,10.1985,OK
2026-07-09 03:31:03,F1,10.2988,OK
2026-07-09 03:31:13,F1,10.0243,OK
2026-07-09 03:31:24,F1,10.1299,OK
2026-07-09 03:31:34,F1,9.8606,OK
2026-07-09 03:31:45,F1,9.8633,OK
2026-07-09 03:31:55,F1,9.6363,OK
2026-07-09 03:32:05,F1,9.8765,OK
2026-07-09 03:32:16,F1,9.9715,OK
2026-07-09 03:32:26,F1,9.5650,OK
2026-07-09 03:32:36,F1,9.5914,OK
2026-07-09 03:32:47,F1,9.3882,OK
2026-07-09 03:32:57,F1,9.4278,OK
2026-07-09 03:33:07,F1,9.4700,OK
2026-07-09 03:33:18,F1,9.3961,OK
2026-07-09 03:33:28,F1,9.5624,OK
2026-07-09 03:33:38,F1,9.5703,OK
2026-07-09 03:33:49,F1,9.6864,OK
2026-07-09 03:33:59,F1,9.7208,OK
2026-07-09 03:34:10,F1,9.3882,OK
2026-07-09 03:34:20,F1,9.5281,OK
2026-07-09 03:34:30,F1,9.1480,OK
2026-07-09 03:34:41,F1,9.5413,OK
2026-07-09 03:34:51,F1,9.5307,OK
2026-07-09 03:35:01,F1,9.3856,OK
2026-07-09 03:35:12,F1,9.4938,OK
2026-07-09 03:35:22,F1,9.2721,OK
2026-07-09 03:35:32,F1,9.4172,OK
2026-07-09 03:35:43,F1,9.3644,OK
2026-07-09 03:35:53,F1,9.3882,OK
2026-07-09 03:36:04,F1,9.3486,OK
2026-07-09 03:36:14,F1,9.3803,OK
2026-07-09 03:36:24,F1,9.1295,OK
2026-07-09 03:36:35,F1,9.1902,OK
2026-07-09 03:36:45,F1,9.4014,OK
2026-07-09 03:36:55,F1,9.4779,OK
2026-07-09 03:37:06,F1,9.5070,OK
2026-07-09 03:37:16,F1,9.5360,OK
2026-07-09 03:37:26,F1,9.8395,OK
2026-07-09 03:37:37,F1,9.7762,OK
2026-07-09 03:37:47,F1,9.7366,OK
2026-07-09 03:37:58,F1,9.8976,OK
2026-07-09 03:38:08,F1,9.8633,OK
2026-07-09 03:38:18,F1,9.5650,OK
2026-07-09 03:38:29,F1,9.9530,OK
2026-07-09 03:38:39,F1,9.7603,OK
2026-07-09 03:38:49,F1,9.8448,OK
2026-07-09 03:39:00,F1,10.0692,OK
2026-07-09 03:39:10,F1,9.9187,OK
2026-07-09 03:39:21,F1,9.7762,OK
2026-07-09 03:39:31,F1,9.7260,OK
2026-07-09 03:39:41,F1,10.1694,OK
2026-07-09 03:39:52,F1,9.9741,OK
2026-07-09 03:40:02,F1,10.1114,OK
2026-07-09 03:40:12,F1,10.0507,OK
2026-07-09 03:40:23,F1,10.0903,OK
2026-07-09 03:40:33,F1,9.9293,OK
2026-07-09 03:40:43,F1,9.8844,OK
2026-07-09 03:40:54,F1,9.9372,OK
2026-07-09 03:41:04,F1,9.7762,OK
2026-07-09 03:41:14,F1,9.8554,OK
2026-07-09 03:41:25,F1,10.0480,OK
2026-07-09 03:41:35,F1,9.5017,OK
2026-07-09 03:41:45,F1,9.8158,OK
2026-07-09 03:41:56,F1,9.6178,OK
2026-07-09 03:42:06,F1,9.8290,OK
2026-07-09 03:42:17,F1,9.8606,OK
2026-07-09 03:42:27,F1,9.8395,OK
2026-07-09 03:42:37,F1,9.6891,OK
2026-07-09 03:42:48,F1,9.5993,OK
2026-07-09 03:42:58,F1,9.6310,OK
2026-07-09 03:43:08,F1,9.3328,OK
2026-07-09 03:43:19,F1,9.3460,OK
2026-07-09 03:43:29,F1,9.3090,OK
2026-07-09 03:43:40,F1,9.4172,OK
2026-07-09 03:43:50,F1,9.5730,OK
2026-07-09 03:44:00,F1,9.4357,OK
2026-07-09 03:44:11,F1,9.4515,OK
2026-07-09 03:44:21,F1,9.5677,OK
2026-07-09 03:44:31,F1,9.2773,OK
2026-07-09 03:44:42,F1,9.2219,OK
2026-07-09 03:44:52,F1,9.3328,OK
2026-07-09 03:45:02,F1,9.6178,OK
2026-07-09 03:45:13,F1,9.6601,OK
2026-07-09 03:45:23,F1,9.5281,OK
2026-07-09 03:45:34,F1,9.3380,OK
2026-07-09 03:45:44,F1,9.3249,OK
2026-07-09 03:45:54,F1,9.0741,OK
2026-07-09 03:46:05,F1,9.1718,OK
2026-07-09 03:46:15,F1,9.3117,OK
2026-07-09 03:46:25,F1,9.5070,OK
2026-07-09 03:46:36,F1,9.3961,OK
2026-07-09 03:46:46,F1,9.5360,OK
2026-07-09 03:46:57,F1,9.2932,OK
2026-07-09 03:47:07,F1,9.5914,OK
2026-07-09 03:47:17,F1,9.9715,OK
2026-07-09 03:47:28,F1,9.9609,OK
2026-07-09 03:47:38,F1,9.7867,OK
2026-07-09 03:47:48,F1,9.6363,OK
2026-07-09 03:47:59,F1,9.8765,OK
2026-07-09 03:48:09,F1,9.7155,OK
2026-07-09 03:48:19,F1,9.8131,OK
2026-07-09 03:48:30,F1,9.6891,OK
2026-07-09 03:48:40,F1,9.8870,OK
2026-07-09 03:48:51,F1,10.0480,OK
2026-07-09 03:49:01,F1,9.9187,OK
2026-07-09 03:49:11,F1,9.8079,OK
2026-07-09 03:49:22,F1,9.8738,OK
2026-07-09 03:49:32,F1,9.6442,OK
2026-07-09 03:49:42,F1,9.4964,OK
2026-07-09 03:49:53,F1,9.6363,OK
2026-07-09 03:50:03,F1,9.5993,OK
2026-07-09 03:50:13,F1,9.5782,OK
2026-07-09 03:50:24,F1,9.6310,OK
2026-07-09 03:50:34,F1,9.6205,OK
2026-07-09 03:50:45,F1,9.2958,OK
2026-07-09 03:50:55,F1,9.3196,OK
2026-07-09 03:51:05,F1,9.2800,OK
2026-07-09 03:51:16,F1,9.5466,OK
2026-07-09 03:51:26,F1,9.5967,OK
2026-07-09 03:51:36,F1,9.5439,OK
2026-07-09 03:51:47,F1,9.4146,OK
2026-07-09 03:51:57,F1,9.0504,OK
2026-07-09 03:52:08,F1,9.1533,OK
2026-07-09 03:52:18,F1,9.2219,OK
2026-07-09 03:52:28,F1,8.9210,OK
2026-07-09 03:52:39,F1,8.7996,OK
2026-07-09 03:52:49,F1,8.8207,OK
2026-07-09 03:52:59,F1,8.9606,OK
2026-07-09 03:53:10,F1,9.0319,OK
2026-07-09 03:53:20,F1,9.1823,OK
2026-07-09 03:53:30,F1,9.1243,OK
2026-07-09 03:53:41,F1,9.2061,OK
2026-07-09 03:53:51,F1,9.1111,OK
2026-07-09 03:54:02,F1,8.9078,OK
2026-07-09 03:54:12,F1,8.9897,OK
2026-07-09 03:54:22,F1,8.9474,OK
2026-07-09 03:54:33,F1,8.9105,OK
2026-07-09 03:54:43,F1,9.1427,OK
2026-07-09 03:54:53,F1,8.9897,OK
2026-07-09 03:55:04,F1,9.0504,OK
2026-07-09 03:55:14,F1,8.9923,OK
2026-07-09 03:55:25,F1,8.9237,OK
2026-07-09 03:55:35,F1,8.6492,OK
2026-07-09 03:55:45,F1,9.1586,OK
2026-07-09 03:55:56,F1,9.0108,OK
2026-07-09 03:56:06,F1,9.3328,OK
2026-07-09 03:56:16,F1,9.3090,OK
2026-07-09 03:56:27,F1,9.4225,OK
2026-07-09 03:56:37,F1,9.4146,OK
2026-07-09 03:56:47,F1,9.4251,OK
2026-07-09 03:56:58,F1,9.4990,OK
2026-07-09 03:57:08,F1,9.6178,OK
2026-07-09 03:57:19,F1,9.5413,OK
2026-07-09 03:57:29,F1,9.5386,OK
2026-07-09 03:57:39,F1,9.9821,OK
2026-07-09 03:57:50,F1,9.6548,OK
2026-07-09 03:58:00,F1,9.6152,OK
2026-07-09 03:58:10,F1,9.7735,OK
2026-07-09 03:58:21,F1,9.7102,OK
2026-07-09 03:58:31,F1,9.8474,OK
2026-07-09 03:58:41,F1,9.7603,OK
2026-07-09 03:58:52,F1,9.8844,OK
2026-07-09 03:59:02,F1,9.8316,OK
2026-07-09 03:59:13,F1,9.5281,OK
2026-07-09 03:59:23,F1,9.5677,OK
2026-07-09 03:59:33,F1,9.2747,OK
2026-07-09 03:59:44,F1,9.4172,OK
2026-07-09 03:59:54,F1,9.3512,OK
2026-07-09 04:00:04,F1,9.2826,OK
2026-07-09 04:00:15,F1,9.2351,OK
2026-07-09 04:00:25,F1,9.1797,OK
2026-07-09 04:00:35,F1,8.9369,OK
2026-07-09 04:00:46,F1,9.0820,OK
2026-07-09 04:00:56,F1,9.2114,OK
2026-07-09 04:01:07,F1,9.0424,OK
2026-07-09 04:01:17,F1,9.3222,OK
2026-07-09 04:01:27,F1,9.3750,OK
2026-07-09 04:01:38,F1,9.4515,OK
2026-07-09 04:01:48,F1,9.0979,OK
2026-07-09 04:01:58,F1,8.9105,OK
2026-07-09 04:02:09,F1,9.1005,OK
2026-07-09 04:02:19,F1,8.8524,OK
2026-07-09 04:02:29,F1,8.9712,OK
2026-07-09 04:02:40,F1,9.0926,OK
2026-07-09 04:02:50,F1,9.0688,OK
2026-07-09 04:03:01,F1,8.8735,OK
2026-07-09 04:03:11,F1,9.2325,OK
2026-07-09 04:03:21,F1,8.8524,OK
2026-07-09 04:03:32,F1,8.7891,OK
2026-07-09 04:03:42,F1,8.8920,OK
2026-07-09 04:03:52,F1,8.9765,OK
2026-07-09 04:04:03,F1,9.1770,OK
2026-07-09 04:04:13,F1,8.8049,OK
2026-07-09 04:04:23,F1,8.9078,OK
2026-07-09 04:04:34,F1,8.9105,OK
2026-07-09 04:04:44,F1,9.2166,OK
2026-07-09 04:04:55,F1,8.9976,OK
2026-07-09 04:05:05,F1,9.2087,OK
2026-07-09 04:05:16,F1,9.2853,OK
2026-07-09 04:05:26,F1,9.2932,OK
2026-07-09 04:05:36,F1,8.9131,OK
2026-07-09 04:05:47,F1,9.1348,OK
2026-07-09 04:05:57,F1,9.4964,OK
2026-07-09 04:06:07,F1,9.4885,OK
2026-07-09 04:06:18,F1,9.3196,OK
2026-07-09 04:06:28,F1,9.4146,OK
2026-07-09 04:06:39,F1,9.3935,OK
2026-07-09 04:06:49,F1,9.7920,OK
2026-07-09 04:06:59,F1,9.6337,OK
2026-07-09 04:07:10,F1,9.6732,OK
2026-07-09 04:07:20,F1,9.9900,OK
2026-07-09 04:07:30,F1,10.1985,OK
2026-07-09 04:07:41,F1,9.8369,OK
2026-07-09 04:07:51,F1,9.5941,OK
2026-07-09 04:08:02,F1,9.7867,OK
2026-07-09 04:08:12,F1,9.7709,OK
2026-07-09 04:08:22,F1,9.9477,OK
2026-07-09 04:08:33,F1,9.8026,OK
2026-07-09 04:08:43,F1,9.5650,OK
2026-07-09 04:08:53,F1,9.6521,OK
2026-07-09 04:09:04,F1,9.7076,OK
2026-07-09 04:09:14,F1,9.8290,OK
2026-07-09 04:09:25,F1,9.4911,OK
2026-07-09 04:09:35,F1,9.5571,OK
2026-07-09 04:09:45,F1,9.4542,OK
2026-07-09 04:09:56,F1,9.4304,OK
2026-07-09 04:10:06,F1,9.5386,OK
2026-07-09 04:10:16,F1,9.2272,OK
2026-07-09 04:10:27,F1,9.2747,OK
2026-07-09 04:10:37,F1,9.3090,OK
2026-07-09 04:10:47,F1,9.0029,OK
2026-07-09 04:10:58,F1,9.1586,OK
2026-07-09 04:11:08,F1,9.2800,OK
2026-07-09 04:11:19,F1,9.2958,OK
2026-07-09 04:11:29,F1,8.8339,OK
2026-07-09 04:11:39,F1,9.1823,OK
2026-07-09 04:11:50,F1,9.0029,OK
2026-07-09 04:12:00,F1,9.0345,OK
2026-07-09 04:12:10,F1,9.0688,OK
2026-07-09 04:12:21,F1,8.7811,OK
2026-07-09 04:12:31,F1,8.7125,OK
2026-07-09 04:12:41,F1,8.7943,OK
2026-07-09 04:12:52,F1,8.8973,OK
2026-07-09 04:13:02,F1,8.6782,OK
2026-07-09 04:13:13,F1,8.9923,OK
2026-07-09 04:13:23,F1,8.9105,OK
2026-07-09 04:13:33,F1,8.8498,OK
2026-07-09 04:13:44,F1,8.7284,OK
2026-07-09 04:13:54,F1,8.6228,OK
2026-07-09 04:14:04,F1,8.8392,OK
2026-07-09 04:14:15,F1,8.9316,OK
2026-07-09 04:14:25,F1,8.9184,OK
2026-07-09 04:14:35,F1,9.1322,OK
2026-07-09 04:14:46,F1,8.8313,OK
2026-07-09 04:14:56,F1,9.2087,OK
2026-07-09 04:15:06,F1,9.1348,OK
2026-07-09 04:15:17,F1,8.9949,OK
2026-07-09 04:15:27,F1,9.2615,OK
2026-07-09 04:15:37,F1,9.2457,OK
2026-07-09 04:15:48,F1,9.3037,OK
2026-07-09 04:15:58,F1,9.2694,OK
2026-07-09 04:16:09,F1,9.2879,OK
2026-07-09 04:16:19,F1,9.4885,OK
2026-07-09 04:16:29,F1,9.8369,OK
2026-07-09 04:16:40,F1,9.5571,OK
2026-07-09 04:16:50,F1,9.7551,OK
2026-07-09 04:17:00,F1,9.8765,OK
2026-07-09 04:17:11,F1,9.8184,OK
2026-07-09 04:17:21,F1,9.8105,OK
2026-07-09 04:17:32,F1,9.3882,OK
2026-07-09 04:17:42,F1,9.5413,OK
2026-07-09 04:17:52,F1,9.4251,OK
2026-07-09 04:18:03,F1,9.3011,OK
2026-07-09 04:18:13,F1,9.1243,OK
2026-07-09 04:18:23,F1,9.1902,OK
2026-07-09 04:18:34,F1,9.3380,OK
2026-07-09 04:18:44,F1,9.1190,OK
2026-07-09 04:18:54,F1,9.1507,OK
2026-07-09 04:19:05,F1,9.0636,OK
2026-07-09 04:19:15,F1,9.0477,OK
2026-07-09 04:19:26,F1,9.2246,OK
2026-07-09 04:19:36,F1,9.2219,OK
2026-07-09 04:19:46,F1,9.2800,OK
2026-07-09 04:19:57,F1,9.2404,OK
2026-07-09 04:20:07,F1,8.9712,OK
2026-07-09 04:20:17,F1,9.1454,OK
2026-07-09 04:20:28,F1,8.9923,OK
2026-07-09 04:20:38,F1,8.9501,OK
2026-07-09 04:20:48,F1,8.8550,OK
2026-07-09 04:20:59,F1,8.9527,OK
2026-07-09 04:21:09,F1,8.7336,OK
2026-07-09 04:21:20,F1,8.7231,OK
2026-07-09 04:21:30,F1,8.6940,OK
2026-07-09 04:21:40,F1,9.1454,OK
2026-07-09 04:21:51,F1,8.8181,OK
2026-07-09 04:22:01,F1,8.9369,OK
2026-07-09 04:22:11,F1,8.7310,OK
2026-07-09 04:22:22,F1,8.8339,OK
2026-07-09 04:22:32,F1,8.7521,OK
2026-07-09 04:22:42,F1,8.6360,OK
2026-07-09 04:22:53,F1,8.6043,OK
2026-07-09 04:23:03,F1,8.5119,OK
2026-07-09 04:23:14,F1,8.6096,OK
2026-07-09 04:23:24,F1,8.8762,OK
2026-07-09 04:23:34,F1,8.7521,OK
2026-07-09 04:23:45,F1,8.7310,OK
2026-07-09 04:23:55,F1,8.7891,OK
2026-07-09 04:24:05,F1,8.6940,OK
2026-07-09 04:24:16,F1,8.7811,OK
2026-07-09 04:24:26,F1,8.8656,OK
2026-07-09 04:24:36,F1,8.9342,OK
2026-07-09 04:24:47,F1,9.2668,OK
2026-07-09 04:24:57,F1,9.0029,OK
2026-07-09 04:25:07,F1,8.9923,OK
2026-07-09 04:25:18,F1,9.0556,OK
2026-07-09 04:25:28,F1,9.0292,OK
2026-07-09 04:25:39,F1,9.0240,OK
2026-07-09 04:25:49,F1,9.1401,OK
2026-07-09 04:25:59,F1,9.2166,OK
2026-07-09 04:26:10,F1,8.9474,OK
2026-07-09 04:26:20,F1,9.2641,OK
2026-07-09 04:26:30,F1,9.0556,OK
2026-07-09 04:26:41,F1,9.1612,OK
2026-07-09 04:26:51,F1,9.1005,OK
2026-07-09 04:27:02,F1,8.6650,OK
2026-07-09 04:27:12,F1,8.6465,OK
2026-07-09 04:27:22,F1,9.1031,OK
2026-07-09 04:27:33,F1,9.0556,OK
2026-07-09 04:27:43,F1,9.0398,OK
2026-07-09 04:27:54,F1,9.0213,OK
2026-07-09 04:28:04,F1,9.0345,OK
2026-07-09 04:28:14,F1,9.0424,OK
2026-07-09 04:28:25,F1,8.6993,OK
2026-07-09 04:28:35,F1,8.8366,OK
2026-07-09 04:28:45,F1,8.8946,OK
2026-07-09 04:28:56,F1,9.1797,OK
2026-07-09 04:29:06,F1,8.9580,OK
2026-07-09 04:29:16,F1,8.7838,OK
2026-07-09 04:29:27,F1,8.6597,OK
2026-07-09 04:29:37,F1,8.7046,OK
2026-07-09 04:29:48,F1,8.4935,OK
2026-07-09 04:29:58,F1,8.7072,OK
2026-07-09 04:30:08,F1,8.8313,OK
2026-07-09 04:30:19,F1,8.5911,OK
2026-07-09 04:30:29,F1,8.4380,OK
2026-07-09 04:30:39,F1,8.4829,OK
2026-07-09 04:30:50,F1,8.3958,OK
2026-07-09 04:31:00,F1,8.5383,OK
2026-07-09 04:31:10,F1,8.3984,OK
2026-07-09 04:31:21,F1,8.4512,OK
2026-07-09 04:31:31,F1,8.5938,OK
2026-07-09 04:31:42,F1,8.4275,OK
2026-07-09 04:31:52,F1,8.4855,OK
2026-07-09 04:32:02,F1,8.6017,OK
2026-07-09 04:32:13,F1,8.5911,OK
2026-07-09 04:32:23,F1,8.4565,OK
2026-07-09 04:32:33,F1,8.5753,OK
2026-07-09 04:32:44,F1,8.8366,OK
2026-07-09 04:32:54,F1,8.8999,OK
2026-07-09 04:33:05,F1,8.9527,OK
2026-07-09 04:33:15,F1,8.8973,OK
2026-07-09 04:33:25,F1,9.0240,OK
2026-07-09 04:33:36,F1,8.9712,OK
2026-07-09 04:33:46,F1,9.3011,OK
2026-07-09 04:33:56,F1,9.2879,OK
2026-07-09 04:34:07,F1,9.4093,OK
2026-07-09 04:34:17,F1,9.1559,OK
2026-07-09 04:34:28,F1,9.2800,OK
2026-07-09 04:34:38,F1,9.2430,OK
2026-07-09 04:34:48,F1,9.2272,OK
2026-07-09 04:34:59,F1,9.3433,OK
2026-07-09 04:35:09,F1,9.6495,OK
2026-07-09 04:35:19,F1,9.3249,OK
2026-07-09 04:35:30,F1,9.5228,OK
2026-07-09 04:35:40,F1,9.5439,OK
2026-07-09 04:35:50,F1,9.5466,OK
2026-07-09 04:36:01,F1,9.3460,OK
2026-07-09 04:36:11,F1,9.1559,OK
2026-07-09 04:36:21,F1,8.9897,OK
2026-07-09 04:36:32,F1,9.2008,OK
2026-07-09 04:36:42,F1,9.0134,OK
2026-07-09 04:36:53,F1,8.9052,OK
2026-07-09 04:37:03,F1,8.6122,OK
2026-07-09 04:37:13,F1,8.8181,OK
2026-07-09 04:37:24,F1,8.8366,OK
2026-07-09 04:37:34,F1,8.9316,OK
2026-07-09 04:37:44,F1,8.7838,OK
2026-07-09 04:37:55,F1,9.0662,OK
2026-07-09 04:38:05,F1,9.0398,OK
2026-07-09 04:38:15,F1,8.7785,OK
2026-07-09 04:38:26,F1,8.5568,OK
2026-07-09 04:38:36,F1,8.4433,OK
2026-07-09 04:38:47,F1,8.7046,OK
2026-07-09 04:38:57,F1,8.5568,OK
2026-07-09 04:39:07,F1,8.3852,OK
2026-07-09 04:39:18,F1,8.5885,OK
2026-07-09 04:39:28,F1,8.3641,OK
2026-07-09 04:39:39,F1,8.6017,OK
2026-07-09 04:39:49,F1,8.5621,OK
2026-07-09 04:39:59,F1,8.4618,OK
2026-07-09 04:40:10,F1,8.3034,OK
2026-07-09 04:40:20,F1,8.4935,OK
2026-07-09 04:40:31,F1,8.2480,OK
2026-07-09 04:40:41,F1,8.0210,OK
2026-07-09 04:40:51,F1,7.9445,OK
2026-07-09 04:41:02,F1,8.1556,OK
2026-07-09 04:41:12,F1,8.3800,OK
2026-07-09 04:41:22,F1,8.0949,OK
2026-07-09 04:41:33,F1,8.1899,OK
2026-07-09 04:41:43,F1,8.1292,OK
2026-07-09 04:41:53,F1,8.2717,OK
2026-07-09 04:42:04,F1,8.4327,OK
2026-07-09 04:42:14,F1,8.3166,OK
2026-07-09 04:42:25,F1,8.4354,OK
2026-07-09 04:42:35,F1,8.5014,OK
2026-07-09 04:42:45,F1,8.4855,OK
2026-07-09 04:42:56,F1,8.3404,OK
2026-07-09 04:43:06,F1,8.7310,OK
2026-07-09 04:43:16,F1,8.4433,OK
2026-07-09 04:43:27,F1,8.5568,OK
2026-07-09 04:43:37,F1,8.6967,OK
2026-07-09 04:43:47,F1,8.7548,OK
2026-07-09 04:43:58,F1,8.6993,OK
2026-07-09 04:44:08,F1,8.9395,OK
2026-07-09 04:44:18,F1,9.0556,OK
2026-07-09 04:44:29,F1,9.1665,OK
2026-07-09 04:44:39,F1,8.7442,OK
2026-07-09 04:44:50,F1,9.0187,OK
2026-07-09 04:45:00,F1,8.7178,OK
2026-07-09 04:45:10,F1,8.7152,OK
2026-07-09 04:45:21,F1,8.7864,OK
2026-07-09 04:45:31,F1,8.8102,OK
2026-07-09 04:45:41,F1,8.8128,OK
2026-07-09 04:45:52,F1,8.7416,OK
2026-07-09 04:46:02,F1,8.9817,OK
2026-07-09 04:46:12,F1,9.0292,OK
2026-07-09 04:46:23,F1,8.9527,OK
2026-07-09 04:46:33,F1,8.7970,OK
2026-07-09 04:46:44,F1,8.7363,OK
2026-07-09 04:46:54,F1,8.6201,OK
2026-07-09 04:47:04,F1,8.6122,OK
2026-07-09 04:47:15,F1,8.6281,OK
2026-07-09 04:47:25,F1,8.7125,OK
2026-07-09 04:47:35,F1,8.4644,OK
2026-07-09 04:47:46,F1,8.4275,OK
2026-07-09 04:47:56,F1,8.3905,OK
2026-07-09 04:48:06,F1,8.3615,OK
2026-07-09 04:48:17,F1,8.5542,OK
2026-07-09 04:48:27,F1,8.4750,OK
2026-07-09 04:48:37,F1,8.2559,OK
2026-07-09 04:48:48,F1,8.3298,OK
2026-07-09 04:48:58,F1,8.3509,OK
2026-07-09 04:49:09,F1,8.2031,OK
2026-07-09 04:49:19,F1,8.1873,OK
2026-07-09 04:49:29,F1,8.4882,OK
2026-07-09 04:49:40,F1,8.4064,OK
2026-07-09 04:49:50,F1,8.3800,OK
2026-07-09 04:50:00,F1,8.4961,OK
2026-07-09 04:50:11,F1,8.1688,OK
2026-07-09 04:50:21,F1,8.5832,OK
2026-07-09 04:50:32,F1,8.1846,OK
2026-07-09 04:50:42,F1,8.1873,OK
2026-07-09 04:50:52,F1,8.0131,OK
2026-07-09 04:51:03,F1,8.6571,OK
2026-07-09 04:51:13,F1,8.3800,OK
2026-07-09 04:51:23,F1,8.5198,OK
2026-07-09 04:51:34,F1,8.1503,OK
2026-07-09 04:51:44,F1,8.3008,OK
2026-07-09 04:51:54,F1,8.5858,OK
2026-07-09 04:52:05,F1,8.8287,OK
2026-07-09 04:52:15,F1,8.9685,OK
2026-07-09 04:52:26,F1,9.2536,OK
2026-07-09 04:52:36,F1,9.1929,OK
2026-07-09 04:52:46,F1,9.2193,OK
2026-07-09 04:52:57,F1,9.1031,OK
2026-07-09 04:53:07,F1,8.9633,OK
2026-07-09 04:53:17,F1,9.3380,OK
2026-07-09 04:53:28,F1,9.1850,OK
2026-07-09 04:53:38,F1,9.4515,OK
2026-07-09 04:53:48,F1,9.3407,OK
2026-07-09 04:53:59,F1,9.4067,OK
2026-07-09 04:54:09,F1,9.0530,OK
2026-07-09 04:54:20,F1,9.0873,OK
2026-07-09 04:54:30,F1,9.0002,OK
2026-07-09 04:54:40,F1,8.9791,OK
2026-07-09 04:54:51,F1,8.9659,OK
2026-07-09 04:55:01,F1,8.7389,OK
2026-07-09 04:55:11,F1,8.8339,OK
2026-07-09 04:55:22,F1,8.7521,OK
2026-07-09 04:55:32,F1,8.7284,OK
2026-07-09 04:55:42,F1,8.5726,OK
2026-07-09 04:55:53,F1,8.5594,OK
2026-07-09 04:56:03,F1,8.8155,OK
2026-07-09 04:56:14,F1,8.5251,OK
2026-07-09 04:56:24,F1,8.6254,OK
2026-07-09 04:56:34,F1,8.6967,OK
2026-07-09 04:56:45,F1,8.4671,OK
2026-07-09 04:56:55,F1,8.3932,OK
2026-07-09 04:57:05,F1,8.3140,OK
2026-07-09 04:57:16,F1,8.4248,OK
2026-07-09 04:57:26,F1,8.1239,OK
2026-07-09 04:57:37,F1,8.0844,OK
2026-07-09 04:57:47,F1,8.1239,OK
2026-07-09 04:57:57,F1,8.1134,OK
2026-07-09 04:58:08,F1,7.9445,OK
2026-07-09 04:58:18,F1,7.9445,OK
2026-07-09 04:58:28,F1,7.9973,OK
2026-07-09 04:58:39,F1,8.2058,OK
2026-07-09 04:58:49,F1,7.9709,OK
2026-07-09 04:58:59,F1,8.0870,OK
2026-07-09 04:59:10,F1,7.9867,OK
2026-07-09 04:59:20,F1,7.6937,OK
2026-07-09 04:59:31,F1,8.1477,OK
2026-07-09 04:59:41,F1,8.0606,OK
2026-07-09 04:59:51,F1,8.2717,OK
2026-07-09 05:00:02,F1,8.1794,OK
2026-07-09 05:00:12,F1,8.0712,OK
2026-07-09 05:00:22,F1,8.1371,OK
2026-07-09 05:00:33,F1,8.3193,OK
2026-07-09 05:00:43,F1,8.1662,OK
2026-07-09 05:00:53,F1,8.3140,OK
2026-07-09 05:01:04,F1,8.5753,OK
2026-07-09 05:01:14,F1,8.4987,OK
2026-07-09 05:01:25,F1,8.4380,OK
2026-07-09 05:01:35,F1,8.4090,OK
2026-07-09 05:01:45,F1,8.4116,OK
2026-07-09 05:01:56,F1,8.4459,OK
2026-07-09 05:02:06,F1,8.8102,OK
2026-07-09 05:02:16,F1,8.7125,OK
2026-07-09 05:02:27,F1,8.9078,OK
2026-07-09 05:02:37,F1,8.7706,OK
2026-07-09 05:02:47,F1,8.9712,OK
2026-07-09 05:02:58,F1,8.8577,OK
2026-07-09 05:03:08,F1,9.1559,OK
2026-07-09 05:03:18,F1,9.0477,OK
2026-07-09 05:03:29,F1,8.8155,OK
2026-07-09 05:03:39,F1,8.9765,OK
2026-07-09 05:03:50,F1,8.9369,OK
2026-07-09 05:04:00,F1,8.8946,OK
2026-07-09 05:04:10,F1,8.9237,OK
2026-07-09 05:04:21,F1,8.9553,OK
2026-07-09 05:04:31,F1,9.1111,OK
2026-07-09 05:04:41,F1,8.7231,OK
2026-07-09 05:04:52,F1,9.0292,OK
2026-07-09 05:05:02,F1,8.6835,OK
2026-07-09 05:05:13,F1,8.7627,OK
2026-07-09 05:05:23,F1,8.6413,OK
2026-07-09 05:05:33,F1,8.3773,OK
2026-07-09 05:05:44,F1,8.6017,OK
2026-07-09 05:05:54,F1,8.4671,OK
2026-07-09 05:06:04,F1,8.4882,OK
2026-07-09 05:06:15,F1,8.3325,OK
2026-07-09 05:06:25,F1,8.5674,OK
2026-07-09 05:06:35,F1,8.5225,OK
2026-07-09 05:06:46,F1,8.6228,OK
2026-07-09 05:06:56,F1,8.6307,OK
2026-07-09 05:07:06,F1,8.8339,OK
2026-07-09 05:07:17,F1,8.5357,OK
2026-07-09 05:07:27,F1,8.5542,OK
2026-07-09 05:07:37,F1,8.4829,OK
2026-07-09 05:07:48,F1,8.5938,OK
2026-07-09 05:07:58,F1,8.5198,OK
2026-07-09 05:08:09,F1,8.5568,OK
2026-07-09 05:08:19,F1,8.4803,OK
2026-07-09 05:08:29,F1,8.5753,OK
2026-07-09 05:08:40,F1,8.6703,OK
2026-07-09 05:08:50,F1,8.3404,OK
2026-07-09 05:09:01,F1,8.3879,OK
2026-07-09 05:09:11,F1,8.4037,OK
2026-07-09 05:09:21,F1,8.3747,OK
2026-07-09 05:09:32,F1,8.3932,OK
2026-07-09 05:09:42,F1,8.5806,OK
2026-07-09 05:09:52,F1,8.7204,OK
2026-07-09 05:10:03,F1,9.0979,OK
2026-07-09 05:10:13,F1,8.7864,OK
2026-07-09 05:10:23,F1,8.8841,OK
2026-07-09 05:10:34,F1,8.7468,OK
2026-07-09 05:10:44,F1,9.0345,OK
2026-07-09 05:10:55,F1,9.1744,OK
2026-07-09 05:11:05,F1,9.2087,OK
2026-07-09 05:11:15,F1,9.2905,OK
2026-07-09 05:11:26,F1,9.1982,OK
2026-07-09 05:11:36,F1,9.3196,OK
2026-07-09 05:11:46,F1,9.2641,OK
2026-07-09 05:11:57,F1,9.3512,OK
2026-07-09 05:12:07,F1,9.2589,OK
2026-07-09 05:12:17,F1,9.0741,OK
2026-07-09 05:12:28,F1,9.2747,OK
2026-07-09 05:12:38,F1,9.3618,OK
2026-07-09 05:12:49,F1,9.4595,OK
2026-07-09 05:12:59,F1,9.4911,OK
2026-07-09 05:13:09,F1,9.2773,OK
2026-07-09 05:13:20,F1,9.2298,OK
2026-07-09 05:13:30,F1,9.3169,OK
2026-07-09 05:13:40,F1,9.2510,OK
2026-07-09 05:13:51,F1,9.0055,OK
2026-07-09 05:14:01,F1,9.0398,OK
2026-07-09 05:14:12,F1,8.9158,OK
2026-07-09 05:14:22,F1,8.8075,OK
2026-07-09 05:14:32,F1,8.9158,OK
2026-07-09 05:14:43,F1,9.0292,OK
2026-07-09 05:14:53,F1,8.8524,OK
2026-07-09 05:15:03,F1,8.9501,OK
2026-07-09 05:15:14,F1,8.8471,OK
2026-07-09 05:15:24,F1,8.8445,OK
2026-07-09 05:15:34,F1,8.8920,OK
2026-07-09 05:15:45,F1,8.9369,OK
2026-07-09 05:15:55,F1,8.6624,OK
2026-07-09 05:16:06,F1,8.7891,OK
2026-07-09 05:16:16,F1,8.5964,OK
2026-07-09 05:16:26,F1,8.7284,OK
2026-07-09 05:16:37,F1,8.8155,OK
2026-07-09 05:16:47,F1,8.8418,OK
2026-07-09 05:16:57,F1,8.5647,OK
2026-07-09 05:17:08,F1,8.7204,OK
2026-07-09 05:17:18,F1,8.8313,OK
2026-07-09 05:17:29,F1,8.6175,OK
2026-07-09 05:17:39,F1,8.7495,OK
2026-07-09 05:17:49,F1,8.5172,OK
2026-07-09 05:18:00,F1,8.5383,OK
2026-07-09 05:18:10,F1,8.4723,OK
2026-07-09 05:18:20,F1,8.6307,OK
2026-07-09 05:18:31,F1,8.5542,OK
2026-07-09 05:18:41,F1,8.7732,OK
2026-07-09 05:18:51,F1,8.7970,OK
2026-07-09 05:19:02,F1,8.9553,OK
2026-07-09 05:19:12,F1,9.0213,OK
2026-07-09 05:19:22,F1,8.8550,OK
2026-07-09 05:19:33,F1,9.3724,OK
2026-07-09 05:19:43,F1,9.1559,OK
2026-07-09 05:19:54,F1,9.2985,OK
2026-07-09 05:20:04,F1,9.2087,OK
2026-07-09 05:20:14,F1,9.2589,OK
2026-07-09 05:20:25,F1,8.9949,OK
2026-07-09 05:20:35,F1,9.3407,OK
2026-07-09 05:20:45,F1,9.2668,OK
2026-07-09 05:20:56,F1,9.2668,OK
2026-07-09 05:21:06,F1,9.1295,OK
2026-07-09 05:21:17,F1,9.3724,OK
2026-07-09 05:21:27,F1,9.7181,OK
2026-07-09 05:21:37,F1,9.3380,OK
2026-07-09 05:21:48,F1,9.3328,OK
2026-07-09 05:21:58,F1,9.5386,OK
2026-07-09 05:22:08,F1,9.5202,OK
2026-07-09 05:22:19,F1,9.2510,OK
2026-07-09 05:22:29,F1,8.9580,OK
2026-07-09 05:22:40,F1,8.9184,OK
2026-07-09 05:22:50,F1,8.8313,OK
2026-07-09 05:23:00,F1,9.0609,OK
2026-07-09 05:23:11,F1,8.9237,OK
2026-07-09 05:23:21,F1,9.0952,OK
2026-07-09 05:23:31,F1,8.9870,OK
2026-07-09 05:23:42,F1,8.8946,OK
2026-07-09 05:23:52,F1,9.1243,OK
2026-07-09 05:24:02,F1,9.1005,OK
2026-07-09 05:24:13,F1,8.9712,OK
2026-07-09 05:24:23,F1,8.9448,OK
2026-07-09 05:24:33,F1,9.2641,OK
2026-07-09 05:24:44,F1,8.9606,OK
2026-07-09 05:24:54,F1,8.4987,OK
2026-07-09 05:25:05,F1,8.6333,OK
2026-07-09 05:25:15,F1,8.6069,OK
2026-07-09 05:25:25,F1,8.9897,OK
2026-07-09 05:25:36,F1,9.4146,OK
2026-07-09 05:25:46,F1,9.6838,OK
2026-07-09 05:25:56,F1,9.9557,OK
2026-07-09 05:26:07,F1,10.0296,OK
2026-07-09 05:26:17,F1,9.9662,OK
2026-07-09 05:26:27,F1,9.5360,OK
2026-07-09 05:26:38,F1,9.5756,OK
2026-07-09 05:26:48,F1,9.5334,OK
2026-07-09 05:26:58,F1,9.4225,OK
2026-07-09 05:27:09,F1,9.2087,OK
2026-07-09 05:27:19,F1,9.3117,OK
2026-07-09 05:27:30,F1,9.3407,OK
2026-07-09 05:27:40,F1,9.0029,OK
2026-07-09 05:27:50,F1,9.1955,OK
2026-07-09 05:28:01,F1,9.2457,OK
2026-07-09 05:28:11,F1,9.3064,OK
2026-07-09 05:28:21,F1,9.3354,OK
2026-07-09 05:28:32,F1,9.5413,OK
2026-07-09 05:28:42,F1,9.1955,OK
2026-07-09 05:28:53,F1,9.4146,OK
2026-07-09 05:29:03,F1,9.5202,OK
2026-07-09 05:29:13,F1,9.3433,OK
2026-07-09 05:29:24,F1,9.2589,OK
2026-07-09 05:29:34,F1,9.4885,OK
2026-07-09 05:29:44,F1,9.4595,OK
2026-07-09 05:29:55,F1,9.6785,OK
2026-07-09 05:30:05,F1,9.8316,OK
2026-07-09 05:30:15,F1,9.7841,OK
2026-07-09 05:30:26,F1,9.8791,OK
2026-07-09 05:30:36,F1,9.8105,OK
2026-07-09 05:30:46,F1,9.5941,OK
2026-07-09 05:30:57,F1,9.6178,OK
2026-07-09 05:31:07,F1,9.6864,OK
2026-07-09 05:31:18,F1,9.5017,OK
2026-07-09 05:31:28,F1,9.7260,OK
2026-07-09 05:31:38,F1,9.4647,OK
2026-07-09 05:31:49,F1,9.6178,OK
2026-07-09 05:31:59,F1,9.4542,OK
2026-07-09 05:32:09,F1,9.7419,OK
2026-07-09 05:32:20,F1,9.5703,OK
2026-07-09 05:32:30,F1,9.7023,OK
2026-07-09 05:32:40,F1,9.4700,OK
2026-07-09 05:32:51,F1,9.3354,OK
2026-07-09 05:33:01,F1,9.4251,OK
2026-07-09 05:33:12,F1,9.1823,OK
2026-07-09 05:33:22,F1,8.9210,OK
2026-07-09 05:33:32,F1,9.2457,OK
2026-07-09 05:33:43,F1,9.1691,OK
2026-07-09 05:33:53,F1,8.9316,OK
2026-07-09 05:34:03,F1,9.2773,OK
2026-07-09 05:34:14,F1,9.2325,OK
2026-07-09 05:34:24,F1,9.2061,OK
2026-07-09 05:34:35,F1,9.2562,OK
2026-07-09 05:34:45,F1,9.1111,OK
2026-07-09 05:34:55,F1,8.9606,OK
2026-07-09 05:35:06,F1,9.1533,OK
2026-07-09 05:35:16,F1,9.2562,OK
2026-07-09 05:35:26,F1,9.0847,OK
2026-07-09 05:35:37,F1,9.2140,OK
2026-07-09 05:35:47,F1,9.0345,OK
2026-07-09 05:35:57,F1,8.9738,OK
2026-07-09 05:36:08,F1,8.9897,OK
2026-07-09 05:36:18,F1,8.9184,OK
2026-07-09 05:36:29,F1,9.1031,OK
2026-07-09 05:36:39,F1,9.1031,OK
2026-07-09 05:36:49,F1,8.8603,OK
2026-07-09 05:37:00,F1,8.8656,OK
2026-07-09 05:37:10,F1,8.9659,OK
2026-07-09 05:37:20,F1,9.4278,OK
2026-07-09 05:37:31,F1,9.0134,OK
2026-07-09 05:37:41,F1,9.0424,OK
2026-07-09 05:37:51,F1,9.1401,OK
2026-07-09 05:38:02,F1,9.4568,OK
2026-07-09 05:38:12,F1,9.3433,OK
2026-07-09 05:38:23,F1,9.3143,OK
2026-07-09 05:38:33,F1,9.2826,OK
2026-07-09 05:38:43,F1,9.4093,OK
2026-07-09 05:38:54,F1,9.6838,OK
2026-07-09 05:39:04,F1,9.7049,OK
2026-07-09 05:39:14,F1,9.6257,OK
2026-07-09 05:39:25,F1,9.6996,OK
2026-07-09 05:39:35,F1,9.9398,OK
2026-07-09 05:39:45,F1,9.9055,OK
2026-07-09 05:39:56,F1,9.5703,OK
2026-07-09 05:40:06,F1,9.8079,OK
2026-07-09 05:40:17,F1,9.6310,OK
2026-07-09 05:40:27,F1,9.7709,OK
2026-07-09 05:40:37,F1,9.6416,OK
2026-07-09 05:40:48,F1,9.6970,OK
2026-07-09 05:40:58,F1,9.4542,OK
2026-07-09 05:41:08,F1,9.5914,OK
2026-07-09 05:41:19,F1,9.6389,OK
2026-07-09 05:41:29,F1,9.4832,OK
2026-07-09 05:41:39,F1,9.3618,OK
2026-07-09 05:41:50,F1,9.5281,OK
2026-07-09 05:42:00,F1,9.3064,OK
2026-07-09 05:42:10,F1,9.4067,OK
2026-07-09 05:42:21,F1,9.4436,OK
2026-07-09 05:42:31,F1,9.4040,OK
2026-07-09 05:42:41,F1,9.5439,OK
2026-07-09 05:42:52,F1,9.3988,OK
2026-07-09 05:43:02,F1,9.2351,OK
2026-07-09 05:43:13,F1,9.3829,OK
2026-07-09 05:43:23,F1,8.9606,OK
2026-07-09 05:43:33,F1,9.2298,OK
2026-07-09 05:43:44,F1,9.3776,OK
2026-07-09 05:43:54,F1,9.1533,OK
2026-07-09 05:44:05,F1,9.3407,OK
2026-07-09 05:44:15,F1,9.4436,OK
2026-07-09 05:44:25,F1,9.4489,OK
2026-07-09 05:44:36,F1,9.4357,OK
2026-07-09 05:44:46,F1,9.0794,OK
2026-07-09 05:44:56,F1,9.3856,OK
2026-07-09 05:45:07,F1,9.1770,OK
2026-07-09 05:45:17,F1,9.2562,OK
2026-07-09 05:45:27,F1,9.2747,OK
2026-07-09 05:45:38,F1,9.2246,OK
2026-07-09 05:45:48,F1,9.2272,OK
2026-07-09 05:45:59,F1,9.2325,OK
2026-07-09 05:46:09,F1,9.0688,OK
2026-07-09 05:46:19,F1,9.3961,OK
2026-07-09 05:46:30,F1,9.3539,OK
2026-07-09 05:46:40,F1,9.3935,OK
2026-07-09 05:46:50,F1,9.5043,OK
2026-07-09 05:47:01,F1,9.5967,OK
2026-07-09 05:47:11,F1,9.5941,OK
2026-07-09 05:47:21,F1,9.5492,OK
2026-07-09 05:47:32,F1,9.5202,OK
2026-07-09 05:47:42,F1,9.6125,OK
2026-07-09 05:47:53,F1,9.8369,OK
2026-07-09 05:48:03,F1,9.7155,OK
2026-07-09 05:48:13,F1,9.7894,OK
2026-07-09 05:48:24,F1,9.6152,OK
2026-07-09 05:48:34,F1,10.0692,OK
2026-07-09 05:48:44,F1,9.9134,OK
2026-07-09 05:48:55,F1,10.2961,OK
2026-07-09 05:49:05,F1,10.0771,OK
2026-07-09 05:49:15,F1,9.9873,OK
2026-07-09 05:49:26,F1,9.8844,OK
2026-07-09 05:49:36,F1,9.8950,OK
2026-07-09 05:49:46,F1,9.5782,OK
2026-07-09 05:49:57,F1,9.5545,OK
2026-07-09 05:50:07,F1,9.5413,OK
2026-07-09 05:50:17,F1,9.7234,OK
2026-07-09 05:50:28,F1,9.8659,OK
2026-07-09 05:50:38,F1,9.6944,OK
2026-07-09 05:50:49,F1,9.7128,OK
2026-07-09 05:50:59,F1,9.7234,OK
2026-07-09 05:51:09,F1,9.6706,OK
2026-07-09 05:51:20,F1,9.4885,OK
2026-07-09 05:51:30,F1,9.4304,OK
2026-07-09 05:51:40,F1,9.3090,OK
2026-07-09 05:51:51,F1,9.5122,OK
2026-07-09 05:52:01,F1,9.5017,OK
2026-07-09 05:52:11,F1,9.4463,OK
2026-07-09 05:52:22,F1,9.2747,OK
2026-07-09 05:52:32,F1,9.1902,OK
2026-07-09 05:52:42,F1,9.2114,OK
2026-07-09 05:52:53,F1,9.3618,OK
2026-07-09 05:53:03,F1,9.3011,OK
2026-07-09 05:53:14,F1,9.6838,OK
2026-07-09 05:53:24,F1,9.2615,OK
2026-07-09 05:53:34,F1,9.0899,OK
2026-07-09 05:53:45,F1,9.1401,OK
2026-07-09 05:53:55,F1,9.1058,OK
2026-07-09 05:54:05,F1,9.0768,OK
2026-07-09 05:54:16,F1,8.9553,OK
2026-07-09 05:54:26,F1,8.8128,OK
2026-07-09 05:54:36,F1,8.8339,OK
2026-07-09 05:54:47,F1,8.7811,OK
2026-07-09 05:54:57,F1,8.8973,OK
2026-07-09 05:55:08,F1,8.7416,OK
2026-07-09 05:55:18,F1,8.8102,OK
2026-07-09 05:55:28,F1,8.8260,OK
2026-07-09 05:55:39,F1,8.6782,OK
2026-07-09 05:55:49,F1,8.9184,OK
2026-07-09 05:55:59,F1,9.0504,OK
2026-07-09 05:56:10,F1,8.9369,OK
2026-07-09 05:56:20,F1,9.0688,OK
2026-07-09 05:56:31,F1,8.8155,OK
2026-07-09 05:56:41,F1,9.1190,OK
2026-07-09 05:56:51,F1,8.8709,OK
2026-07-09 05:57:02,F1,9.2034,OK
2026-07-09 05:57:12,F1,9.0952,OK
2026-07-09 05:57:22,F1,9.1454,OK
2026-07-09 05:57:33,F1,9.5861,OK
2026-07-09 05:57:43,F1,9.4779,OK
2026-07-09 05:57:53,F1,9.5254,OK
2026-07-09 05:58:04,F1,9.5756,OK
2026-07-09 05:58:14,F1,9.3803,OK
2026-07-09 05:58:25,F1,9.5281,OK
2026-07-09 05:58:35,F1,9.6389,OK
2026-07-09 05:58:45,F1,9.4727,OK
2026-07-09 05:58:56,F1,9.3724,OK
2026-07-09 05:59:06,F1,9.4753,OK
2026-07-09 05:59:16,F1,9.4172,OK
2026-07-09 05:59:27,F1,9.5307,OK
2026-07-09 05:59:37,F1,9.2510,OK
2026-07-09 05:59:48,F1,9.1876,OK
2026-07-09 05:59:58,F1,9.3301,OK
2026-07-09 06:00:08,F1,9.1718,OK
2026-07-09 06:00:19,F1,8.8287,OK
2026-07-09 06:00:29,F1,9.2298,OK
2026-07-09 06:00:39,F1,8.8550,OK
2026-07-09 06:00:50,F1,8.9263,OK
2026-07-09 06:01:00,F1,8.9712,OK
2026-07-09 06:01:10,F1,9.0187,OK
2026-07-09 06:01:21,F1,9.1797,OK
2026-07-09 06:01:31,F1,9.1295,OK
2026-07-09 06:01:42,F1,8.9580,OK
2026-07-09 06:01:52,F1,9.1401,OK
2026-07-09 06:02:02,F1,9.0055,OK
2026-07-09 06:02:13,F1,9.0715,OK
2026-07-09 06:02:23,F1,9.0319,OK
2026-07-09 06:02:33,F1,8.7970,OK
2026-07-09 06:02:44,F1,8.8867,OK
2026-07-09 06:02:54,F1,9.0292,OK
2026-07-09 06:03:05,F1,9.0583,OK
2026-07-09 06:03:15,F1,8.7864,OK
2026-07-09 06:03:25,F1,8.9184,OK
2026-07-09 06:03:36,F1,9.1612,OK
2026-07-09 06:03:46,F1,8.7943,OK
2026-07-09 06:03:56,F1,9.0002,OK
2026-07-09 06:04:07,F1,8.8471,OK
2026-07-09 06:04:17,F1,9.0108,OK
2026-07-09 06:04:28,F1,8.7152,OK
2026-07-09 06:04:38,F1,8.8498,OK
2026-07-09 06:04:48,F1,8.8313,OK
2026-07-09 06:04:59,F1,8.9078,OK
2026-07-09 06:05:09,F1,9.0134,OK
2026-07-09 06:05:19,F1,8.8102,OK
2026-07-09 06:05:30,F1,9.2298,OK
2026-07-09 06:05:40,F1,9.1427,OK
2026-07-09 06:05:50,F1,9.0926,OK
2026-07-09 06:06:01,F1,9.2879,OK
2026-07-09 06:06:11,F1,9.1375,OK
2026-07-09 06:06:22,F1,9.2166,OK
2026-07-09 06:06:32,F1,9.2404,OK
2026-07-09 06:06:42,F1,9.4304,OK
2026-07-09 06:06:53,F1,9.3486,OK
2026-07-09 06:07:03,F1,9.5307,OK
2026-07-09 06:07:13,F1,9.5941,OK
2026-07-09 06:07:24,F1,9.6838,OK
2026-07-09 06:07:34,F1,9.5967,OK
2026-07-09 06:07:45,F1,9.4278,OK
2026-07-09 06:07:55,F1,9.3565,OK
2026-07-09 06:08:05,F1,9.3011,OK
2026-07-09 06:08:16,F1,9.3724,OK
2026-07-09 06:08:26,F1,9.3380,OK
2026-07-09 06:08:36,F1,9.2800,OK
2026-07-09 06:08:47,F1,9.2747,OK
2026-07-09 06:08:57,F1,9.1718,OK
2026-07-09 06:09:08,F1,9.4621,OK
2026-07-09 06:09:18,F1,9.7102,OK
2026-07-09 06:09:28,F1,9.3328,OK
2026-07-09 06:09:39,F1,9.3908,OK
2026-07-09 06:09:49,F1,9.3803,OK
2026-07-09 06:09:59,F1,9.4172,OK
2026-07-09 06:10:10,F1,9.5281,OK
2026-07-09 06:10:20,F1,9.4146,OK
2026-07-09 06:10:30,F1,9.1269,OK
2026-07-09 06:10:41,F1,9.0794,OK
2026-07-09 06:10:51,F1,8.8762,OK
2026-07-09 06:11:01,F1,9.1243,OK
2026-07-09 06:11:12,F1,9.1401,OK
2026-07-09 06:11:22,F1,9.0319,OK
2026-07-09 06:11:33,F1,9.2879,OK
2026-07-09 06:11:43,F1,9.2193,OK
2026-07-09 06:11:53,F1,8.9501,OK
2026-07-09 06:12:04,F1,8.8894,OK
2026-07-09 06:12:14,F1,8.7468,OK
2026-07-09 06:12:24,F1,8.9870,OK
2026-07-09 06:12:35,F1,8.5040,OK
2026-07-09 06:12:45,F1,9.0504,OK
2026-07-09 06:12:56,F1,8.5462,OK
2026-07-09 06:13:06,F1,8.7336,OK
2026-07-09 06:13:16,F1,8.7600,OK
2026-07-09 06:13:27,F1,8.8894,OK
2026-07-09 06:13:37,F1,9.0134,OK
2026-07-09 06:13:47,F1,8.9606,OK
2026-07-09 06:13:58,F1,8.8920,OK
2026-07-09 06:14:08,F1,8.7891,OK
2026-07-09 06:14:18,F1,8.6703,OK
2026-07-09 06:14:29,F1,8.8366,OK
2026-07-09 06:14:39,F1,9.0213,OK
2026-07-09 06:14:50,F1,8.7838,OK
2026-07-09 06:15:00,F1,8.9369,OK
2026-07-09 06:15:10,F1,8.9685,OK
2026-07-09 06:15:21,F1,8.8894,OK
2026-07-09 06:15:31,F1,9.1586,OK
2026-07-09 06:15:41,F1,9.2061,OK
2026-07-09 06:15:52,F1,9.2351,OK
2026-07-09 06:16:02,F1,9.1982,OK
2026-07-09 06:16:12,F1,9.6046,OK
2026-07-09 06:16:23,F1,9.2773,OK
2026-07-09 06:16:33,F1,9.2298,OK
2026-07-09 06:16:44,F1,9.1322,OK
2026-07-09 06:16:54,F1,9.1744,OK
2026-07-09 06:17:04,F1,9.1639,OK
2026-07-09 06:17:15,F1,9.0372,OK
2026-07-09 06:17:25,F1,9.1163,OK
2026-07-09 06:17:35,F1,9.2853,OK
2026-07-09 06:17:46,F1,9.2378,OK
2026-07-09 06:17:56,F1,9.0662,OK
2026-07-09 06:18:06,F1,9.2272,OK
2026-07-09 06:18:17,F1,9.4014,OK
2026-07-09 06:18:27,F1,8.9659,OK
2026-07-09 06:18:37,F1,9.0873,OK
2026-07-09 06:18:48,F1,9.0926,OK
2026-07-09 06:18:58,F1,9.1216,OK
2026-07-09 06:19:09,F1,8.9976,OK
2026-07-09 06:19:19,F1,8.9870,OK
2026-07-09 06:19:29,F1,9.1163,OK
2026-07-09 06:19:40,F1,8.8656,OK
2026-07-09 06:19:50,F1,9.0556,OK
2026-07-09 06:20:01,F1,8.8577,OK
2026-07-09 06:20:11,F1,8.8155,OK
2026-07-09 06:20:21,F1,8.7284,OK
2026-07-09 06:20:32,F1,8.8946,OK
2026-07-09 06:20:42,F1,8.6492,OK
2026-07-09 06:20:52,F1,8.7442,OK
2026-07-09 06:21:03,F1,8.6492,OK
2026-07-09 06:21:13,F1,8.6782,OK
2026-07-09 06:21:23,F1,8.6729,OK
2026-07-09 06:21:34,F1,8.6729,OK
2026-07-09 06:21:44,F1,8.6650,OK
2026-07-09 06:21:55,F1,8.6756,OK
2026-07-09 06:22:05,F1,8.4327,OK
2026-07-09 06:22:15,F1,8.5568,OK
2026-07-09 06:22:26,F1,8.6861,OK
2026-07-09 06:22:36,F1,8.6940,OK
2026-07-09 06:22:46,F1,8.8155,OK
2026-07-09 06:22:57,F1,8.8524,OK
2026-07-09 06:23:07,F1,9.1480,OK
2026-07-09 06:23:17,F1,9.0873,OK
2026-07-09 06:23:28,F1,8.9210,OK
2026-07-09 06:23:38,F1,8.9184,OK
2026-07-09 06:23:48,F1,8.8814,OK
2026-07-09 06:23:59,F1,8.7864,OK
2026-07-09 06:24:09,F1,9.1269,OK
2026-07-09 06:24:20,F1,8.8471,OK
2026-07-09 06:24:30,F1,8.9158,OK
2026-07-09 06:24:40,F1,9.1902,OK
2026-07-09 06:24:51,F1,9.5993,OK
2026-07-09 06:25:01,F1,9.1586,OK
2026-07-09 06:25:11,F1,9.4515,OK
2026-07-09 06:25:22,F1,9.4542,OK
2026-07-09 06:25:32,F1,9.6205,OK
2026-07-09 06:25:42,F1,9.3856,OK
2026-07-09 06:25:53,F1,9.1084,OK
2026-07-09 06:26:03,F1,9.2087,OK
2026-07-09 06:26:14,F1,9.2430,OK
2026-07-09 06:26:24,F1,9.4067,OK
2026-07-09 06:26:34,F1,9.1665,OK
2026-07-09 06:26:45,F1,9.2510,OK
2026-07-09 06:26:55,F1,9.4647,OK
2026-07-09 06:27:05,F1,9.2404,OK
2026-07-09 06:27:16,F1,9.1454,OK
2026-07-09 06:27:26,F1,9.0609,OK
2026-07-09 06:27:36,F1,8.9817,OK
2026-07-09 06:27:47,F1,8.6650,OK
2026-07-09 06:27:57,F1,8.7627,OK
2026-07-09 06:28:08,F1,8.6967,OK
2026-07-09 06:28:18,F1,8.7706,OK
2026-07-09 06:28:28,F1,8.8841,OK
2026-07-09 06:28:39,F1,8.9052,OK
2026-07-09 06:28:49,F1,8.6254,OK
2026-07-09 06:28:59,F1,8.7627,OK
2026-07-09 06:29:10,F1,8.9342,OK
2026-07-09 06:29:20,F1,8.8102,OK
2026-07-09 06:29:30,F1,8.7257,OK
2026-07-09 06:29:41,F1,8.4961,OK
2026-07-09 06:29:51,F1,8.5410,OK
2026-07-09 06:30:02,F1,8.4327,OK
2026-07-09 06:30:12,F1,8.5726,OK
2026-07-09 06:30:22,F1,8.5330,OK
2026-07-09 06:30:33,F1,8.4275,OK
2026-07-09 06:30:43,F1,8.5304,OK
2026-07-09 06:30:53,F1,8.4539,OK
2026-07-09 06:31:04,F1,8.6228,OK
2026-07-09 06:31:14,F1,8.5330,OK
2026-07-09 06:31:25,F1,8.6228,OK
2026-07-09 06:31:35,F1,8.4143,OK
2026-07-09 06:31:45,F1,8.4064,OK
2026-07-09 06:31:56,F1,8.3562,OK
2026-07-09 06:32:06,F1,8.5436,OK
2026-07-09 06:32:16,F1,8.6492,OK
2026-07-09 06:32:27,F1,8.6756,OK
2026-07-09 06:32:37,F1,8.5225,OK
2026-07-09 06:32:47,F1,8.7521,OK
2026-07-09 06:32:58,F1,8.4327,OK
2026-07-09 06:33:08,F1,8.6967,OK
2026-07-09 06:33:18,F1,8.6861,OK
2026-07-09 06:33:29,F1,8.8603,OK
2026-07-09 06:33:39,F1,8.9553,OK
2026-07-09 06:33:49,F1,8.9976,OK
2026-07-09 06:34:00,F1,9.2325,OK
2026-07-09 06:34:10,F1,8.9976,OK
2026-07-09 06:34:21,F1,9.2193,OK
2026-07-09 06:34:31,F1,9.0794,OK
2026-07-09 06:34:41,F1,9.1084,OK
2026-07-09 06:34:52,F1,9.4515,OK
2026-07-09 06:35:02,F1,9.3565,OK
2026-07-09 06:35:13,F1,9.0609,OK
2026-07-09 06:35:23,F1,8.9501,OK
2026-07-09 06:35:33,F1,9.1507,OK
2026-07-09 06:35:44,F1,8.7442,OK
2026-07-09 06:35:54,F1,8.7178,OK
2026-07-09 06:36:04,F1,8.5990,OK
2026-07-09 06:36:15,F1,8.6624,OK
2026-07-09 06:36:25,F1,8.7679,OK
2026-07-09 06:36:35,F1,8.7679,OK
2026-07-09 06:36:46,F1,8.7284,OK
2026-07-09 06:36:56,F1,8.8656,OK
2026-07-09 06:37:07,F1,8.6122,OK
2026-07-09 06:37:17,F1,8.5278,OK
2026-07-09 06:37:27,F1,8.6677,OK
2026-07-09 06:37:38,F1,8.6413,OK
2026-07-09 06:37:48,F1,8.7152,OK
2026-07-09 06:37:58,F1,8.7336,OK
2026-07-09 06:38:09,F1,8.6201,OK
2026-07-09 06:38:19,F1,8.5357,OK
2026-07-09 06:38:29,F1,8.5911,OK
2026-07-09 06:38:40,F1,8.7759,OK
2026-07-09 06:38:50,F1,8.8023,OK
2026-07-09 06:39:01,F1,8.6228,OK
2026-07-09 06:39:11,F1,8.5198,OK
2026-07-09 06:39:21,F1,8.8471,OK
2026-07-09 06:39:32,F1,8.4275,OK
2026-07-09 06:39:42,F1,8.2163,OK
2026-07-09 06:39:52,F1,8.5146,OK
2026-07-09 06:40:03,F1,8.4776,OK
2026-07-09 06:40:13,F1,8.2691,OK
2026-07-09 06:40:23,F1,8.7548,OK
2026-07-09 06:40:34,F1,8.6940,OK
2026-07-09 06:40:44,F1,8.6808,OK
2026-07-09 06:40:55,F1,8.4987,OK
2026-07-09 06:41:05,F1,8.5594,OK
2026-07-09 06:41:15,F1,8.6808,OK
2026-07-09 06:41:26,F1,9.0319,OK
2026-07-09 06:41:36,F1,8.6808,OK
2026-07-09 06:41:46,F1,8.9421,OK
2026-07-09 06:41:57,F1,8.9501,OK
2026-07-09 06:42:07,F1,8.9817,OK
2026-07-09 06:42:17,F1,9.1243,OK
2026-07-09 06:42:28,F1,9.0424,OK
2026-07-09 06:42:38,F1,9.0715,OK
2026-07-09 06:42:49,F1,9.1058,OK
2026-07-09 06:42:59,F1,9.1665,OK
2026-07-09 06:43:09,F1,9.1850,OK
2026-07-09 06:43:20,F1,9.2378,OK
2026-07-09 06:43:30,F1,9.3750,OK
2026-07-09 06:43:40,F1,9.5149,OK
2026-07-09 06:43:51,F1,9.2800,OK
2026-07-09 06:44:01,F1,9.4700,OK
2026-07-09 06:44:12,F1,9.3803,OK
2026-07-09 06:44:22,F1,9.4172,OK
2026-07-09 06:44:32,F1,9.3354,OK
2026-07-09 06:44:43,F1,9.1744,OK
2026-07-09 06:44:53,F1,9.1137,OK
2026-07-09 06:45:03,F1,9.0160,OK
2026-07-09 06:45:14,F1,9.1929,OK
2026-07-09 06:45:24,F1,8.9844,OK
2026-07-09 06:45:34,F1,9.1084,OK
2026-07-09 06:45:45,F1,9.2826,OK
2026-07-09 06:45:55,F1,8.7627,OK
2026-07-09 06:46:06,F1,8.6281,OK
2026-07-09 06:46:16,F1,8.7943,OK
2026-07-09 06:46:26,F1,8.5330,OK
2026-07-09 06:46:37,F1,8.7811,OK
2026-07-09 06:46:47,F1,8.8946,OK
2026-07-09 06:46:57,F1,8.6069,OK
2026-07-09 06:47:08,F1,8.6993,OK
2026-07-09 06:47:18,F1,8.7072,OK
2026-07-09 06:47:29,F1,8.6914,OK
2026-07-09 06:47:39,F1,8.7020,OK
2026-07-09 06:47:49,F1,8.6624,OK
2026-07-09 06:48:00,F1,8.6386,OK
2026-07-09 06:48:10,F1,8.7521,OK
2026-07-09 06:48:20,F1,8.7864,OK
2026-07-09 06:48:31,F1,8.5779,OK
2026-07-09 06:48:41,F1,8.5938,OK
2026-07-09 06:48:51,F1,8.3984,OK
2026-07-09 06:49:02,F1,8.6518,OK
2026-07-09 06:49:12,F1,8.2744,OK
2026-07-09 06:49:23,F1,8.2058,OK
2026-07-09 06:49:33,F1,8.1688,OK
2026-07-09 06:49:43,F1,8.2005,OK
2026-07-09 06:49:54,F1,8.5726,OK
2026-07-09 06:50:04,F1,8.4961,OK
2026-07-09 06:50:14,F1,8.5225,OK
2026-07-09 06:50:25,F1,8.6518,OK
2026-07-09 06:50:35,F1,8.6967,OK
2026-07-09 06:50:45,F1,9.0160,OK
2026-07-09 06:50:56,F1,8.9791,OK
2026-07-09 06:51:06,F1,9.2166,OK
2026-07-09 06:51:17,F1,9.0108,OK
2026-07-09 06:51:27,F1,9.1322,OK
2026-07-09 06:51:37,F1,9.2747,OK
2026-07-09 06:51:48,F1,9.0187,OK
2026-07-09 06:51:58,F1,9.0187,OK
2026-07-09 06:52:08,F1,9.1612,OK
2026-07-09 06:52:19,F1,9.2668,OK
2026-07-09 06:52:29,F1,9.4067,OK
2026-07-09 06:52:40,F1,9.6231,OK
2026-07-09 06:52:50,F1,9.3512,OK
2026-07-09 06:53:00,F1,9.4489,OK
2026-07-09 06:53:11,F1,9.5281,OK
2026-07-09 06:53:21,F1,9.2932,OK
2026-07-09 06:53:31,F1,9.4040,OK
2026-07-09 06:53:42,F1,9.2483,OK
2026-07-09 06:53:52,F1,9.0477,OK
2026-07-09 06:54:02,F1,9.0187,OK
2026-07-09 06:54:13,F1,9.0292,OK
2026-07-09 06:54:23,F1,8.9791,OK
2026-07-09 06:54:34,F1,8.9580,OK
2026-07-09 06:54:44,F1,8.7389,OK
2026-07-09 06:54:54,F1,8.6729,OK
2026-07-09 06:55:05,F1,8.6149,OK
2026-07-09 06:55:15,F1,8.6888,OK
2026-07-09 06:55:25,F1,8.4459,OK
2026-07-09 06:55:36,F1,8.8471,OK
2026-07-09 06:55:46,F1,8.4618,OK
2026-07-09 06:55:56,F1,8.6703,OK
2026-07-09 06:56:07,F1,8.7125,OK
2026-07-09 06:56:17,F1,8.5938,OK
2026-07-09 06:56:28,F1,8.4987,OK
2026-07-09 06:56:38,F1,8.4116,OK
2026-07-09 06:56:48,F1,8.3509,OK
2026-07-09 06:56:59,F1,8.0606,OK
2026-07-09 06:57:09,F1,8.3826,OK
2026-07-09 06:57:19,F1,8.4459,OK
2026-07-09 06:57:30,F1,8.1530,OK
2026-07-09 06:57:40,F1,8.5040,OK
2026-07-09 06:57:51,F1,8.3984,OK
2026-07-09 06:58:01,F1,8.3588,OK
2026-07-09 06:58:11,F1,8.3984,OK
2026-07-09 06:58:22,F1,8.3773,OK
2026-07-09 06:58:32,F1,8.1952,OK
2026-07-09 06:58:42,F1,8.0685,OK
2026-07-09 06:58:53,F1,8.0052,OK
2026-07-09 06:59:03,F1,8.4855,OK
2026-07-09 06:59:13,F1,8.4829,OK
2026-07-09 06:59:24,F1,8.4354,OK
2026-07-09 06:59:34,F1,8.4539,OK
2026-07-09 06:59:45,F1,8.4723,OK
2026-07-09 06:59:55,F1,8.4222,OK
2026-07-09 07:00:05,F1,8.5278,OK
2026-07-09 07:00:16,F1,8.4433,OK
2026-07-09 07:00:26,F1,8.6756,OK
2026-07-09 07:00:36,F1,8.3720,OK
2026-07-09 07:00:47,F1,8.7099,OK
2026-07-09 07:00:57,F1,8.6888,OK
2026-07-09 07:01:08,F1,8.7495,OK
2026-07-09 07:01:18,F1,8.9421,OK
2026-07-09 07:01:28,F1,8.7495,OK
2026-07-09 07:01:39,F1,8.9738,OK
2026-07-09 07:01:49,F1,9.0029,OK
2026-07-09 07:01:59,F1,8.9052,OK
2026-07-09 07:02:10,F1,9.1084,OK
2026-07-09 07:02:20,F1,8.8207,OK
2026-07-09 07:02:30,F1,8.6439,OK
2026-07-09 07:02:41,F1,9.2615,OK
2026-07-09 07:02:51,F1,8.9527,OK
2026-07-09 07:03:02,F1,9.1797,OK
2026-07-09 07:03:12,F1,8.7996,OK
2026-07-09 07:03:22,F1,8.6993,OK
2026-07-09 07:03:33,F1,8.3404,OK
2026-07-09 07:03:43,F1,8.4882,OK
2026-07-09 07:03:53,F1,8.5938,OK
2026-07-09 07:04:04,F1,8.8841,OK
2026-07-09 07:04:14,F1,8.6729,OK
2026-07-09 07:04:24,F1,8.7416,OK
2026-07-09 07:04:35,F1,8.6888,OK
2026-07-09 07:04:45,F1,8.6281,OK
2026-07-09 07:04:56,F1,8.4037,OK
2026-07-09 07:05:06,F1,8.4459,OK
2026-07-09 07:05:16,F1,8.1662,OK
2026-07-09 07:05:27,F1,8.3905,OK
2026-07-09 07:05:37,F1,8.1239,OK
2026-07-09 07:05:47,F1,8.1371,OK
2026-07-09 07:05:58,F1,8.1873,OK
2026-07-09 07:06:08,F1,7.9999,OK
2026-07-09 07:06:19,F1,7.9788,OK
2026-07-09 07:06:29,F1,7.8864,OK
2026-07-09 07:06:39,F1,7.9893,OK
2026-07-09 07:06:50,F1,8.1451,OK
2026-07-09 07:07:00,F1,8.1741,OK
2026-07-09 07:07:10,F1,8.0685,OK
2026-07-09 07:07:21,F1,7.9524,OK
2026-07-09 07:07:31,F1,7.8864,OK
2026-07-09 07:07:42,F1,8.1583,OK
2026-07-09 07:07:52,F1,7.9286,OK
2026-07-09 07:08:02,F1,7.9418,OK
2026-07-09 07:08:13,F1,8.0263,OK
2026-07-09 07:08:23,F1,8.1345,OK
2026-07-09 07:08:33,F1,8.1371,OK
2026-07-09 07:08:44,F1,8.0078,OK
2026-07-09 07:08:54,F1,8.1239,OK
2026-07-09 07:09:04,F1,8.1028,OK
2026-07-09 07:09:15,F1,8.2163,OK
2026-07-09 07:09:25,F1,8.0580,OK
2026-07-09 07:09:36,F1,8.0368,OK
2026-07-09 07:09:46,F1,7.9814,OK
2026-07-09 07:09:56,F1,8.2955,OK
2026-07-09 07:10:07,F1,8.2981,OK
2026-07-09 07:10:17,F1,8.4169,OK
2026-07-09 07:10:27,F1,8.4222,OK
2026-07-09 07:10:38,F1,8.2665,OK
2026-07-09 07:10:48,F1,8.3984,OK
2026-07-09 07:10:59,F1,8.3351,OK
2026-07-09 07:11:09,F1,8.4723,OK
2026-07-09 07:11:19,F1,8.7600,OK
2026-07-09 07:11:30,F1,8.7600,OK
2026-07-09 07:11:40,F1,8.4301,OK
2026-07-09 07:11:50,F1,8.7917,OK
2026-07-09 07:12:01,F1,8.4591,OK
2026-07-09 07:12:11,F1,8.1873,OK
2026-07-09 07:12:22,F1,8.3245,OK
2026-07-09 07:12:32,F1,8.3404,OK
2026-07-09 07:12:42,F1,8.6439,OK
2026-07-09 07:12:53,F1,8.5225,OK
2026-07-09 07:13:03,F1,8.3166,OK
2026-07-09 07:13:13,F1,8.2849,OK
2026-07-09 07:13:24,F1,8.2242,OK
2026-07-09 07:13:34,F1,8.0870,OK
2026-07-09 07:13:45,F1,8.0342,OK
2026-07-09 07:13:55,F1,7.9920,OK
2026-07-09 07:14:05,F1,7.9893,OK
2026-07-09 07:14:16,F1,7.8732,OK
2026-07-09 07:14:26,F1,7.9128,OK
2026-07-09 07:14:36,F1,8.4380,OK
2026-07-09 07:14:47,F1,8.7996,OK
2026-07-09 07:14:57,F1,9.3539,OK
2026-07-09 07:15:07,F1,9.6495,OK
2026-07-09 07:15:18,F1,9.9161,OK
2026-07-09 07:15:28,F1,10.2460,OK
2026-07-09 07:15:38,F1,10.5073,OK
2026-07-09 07:15:49,F1,10.6498,OK
2026-07-09 07:15:59,F1,10.8082,OK
2026-07-09 07:16:10,F1,10.4202,OK
2026-07-09 07:16:20,F1,9.6627,OK
2026-07-09 07:16:30,F1,9.8079,OK
2026-07-09 07:16:41,F1,9.2325,OK
2026-07-09 07:16:51,F1,9.2562,OK
2026-07-09 07:17:01,F1,8.7020,OK
2026-07-09 07:17:12,F1,9.3275,OK
2026-07-09 07:17:22,F1,8.9026,OK
2026-07-09 07:17:32,F1,9.1401,OK
2026-07-09 07:17:43,F1,9.2747,OK
2026-07-09 07:17:53,F1,9.2483,OK
2026-07-09 07:18:04,F1,9.7603,OK
2026-07-09 07:18:14,F1,9.3671,OK
2026-07-09 07:18:24,F1,9.7947,OK
2026-07-09 07:18:35,F1,9.4595,OK
2026-07-09 07:18:45,F1,9.6680,OK
2026-07-09 07:18:55,F1,9.8474,OK
2026-07-09 07:19:06,F1,10.3173,OK
2026-07-09 07:19:16,F1,10.3991,OK
2026-07-09 07:19:26,F1,9.9504,OK
2026-07-09 07:19:37,F1,9.9979,OK
2026-07-09 07:19:47,F1,9.9477,OK
2026-07-09 07:19:58,F1,9.9952,OK
2026-07-09 07:20:08,F1,10.3753,OK
2026-07-09 07:20:18,F1,10.3041,OK
2026-07-09 07:20:29,F1,10.2196,OK
2026-07-09 07:20:39,F1,10.3331,OK
2026-07-09 07:20:49,F1,10.0692,OK
2026-07-09 07:21:00,F1,10.0084,OK
2026-07-09 07:21:10,F1,10.3568,OK
2026-07-09 07:21:21,F1,10.0533,OK
2026-07-09 07:21:31,F1,10.3199,OK
2026-07-09 07:21:41,F1,9.8844,OK
2026-07-09 07:21:52,F1,10.1879,OK
2026-07-09 07:22:02,F1,10.5917,OK
2026-07-09 07:22:12,F1,10.4255,OK
2026-07-09 07:22:23,F1,10.3278,OK
2026-07-09 07:22:33,F1,10.1562,OK
2026-07-09 07:22:43,F1,9.8105,OK
2026-07-09 07:22:54,F1,10.2618,OK
2026-07-09 07:23:04,F1,10.0296,OK
2026-07-09 07:23:15,F1,9.9055,OK
2026-07-09 07:23:25,F1,10.1008,OK
2026-07-09 07:23:35,F1,9.9002,OK
2026-07-09 07:23:46,F1,9.7762,OK
2026-07-09 07:23:56,F1,9.8131,OK
2026-07-09 07:24:06,F1,10.2011,OK
2026-07-09 07:24:17,F1,9.9425,OK
2026-07-09 07:24:27,F1,10.0718,OK
2026-07-09 07:24:38,F1,9.8686,OK
2026-07-09 07:24:48,F1,9.5809,OK
2026-07-09 07:24:58,F1,9.4700,OK
2026-07-09 07:25:09,F1,9.8686,OK
2026-07-09 07:25:19,F1,9.7603,OK
2026-07-09 07:25:29,F1,9.7894,OK
2026-07-09 07:25:40,F1,9.6310,OK
2026-07-09 07:25:50,F1,9.0292,OK
2026-07-09 07:26:00,F1,8.7996,OK
2026-07-09 07:26:11,F1,8.4354,OK
2026-07-09 07:26:21,F1,7.9920,OK
2026-07-09 07:26:32,F1,6.8650,OK
2026-07-09 07:26:42,F1,6.4136,OK
2026-07-09 07:26:52,F1,6.1286,OK
2026-07-09 07:27:03,F1,5.6746,OK
2026-07-09 07:27:13,F1,5.5954,OK
2026-07-09 07:27:23,F1,5.6350,OK
2026-07-09 07:27:34,F1,6.2896,OK
2026-07-09 07:27:44,F1,5.8805,OK
2026-07-09 07:27:54,F1,6.2685,OK
2026-07-09 07:28:05,F1,6.0441,OK
2026-07-09 07:28:15,F1,5.9913,OK
2026-07-09 07:28:26,F1,5.9386,OK
2026-07-09 07:28:36,F1,5.8277,OK
2026-07-09 07:28:46,F1,5.9201,OK
2026-07-09 07:28:57,F1,6.3793,OK
2026-07-09 07:29:07,F1,6.3582,OK
2026-07-09 07:29:17,F1,6.3133,OK
2026-07-09 07:29:28,F1,6.1260,OK
2026-07-09 07:29:38,F1,6.3424,OK
2026-07-09 07:29:49,F1,6.4189,OK
2026-07-09 07:29:59,F1,6.2817,OK
2026-07-09 07:30:09,F1,6.1286,OK
2026-07-09 07:30:20,F1,6.2843,OK
2026-07-09 07:30:30,F1,6.3661,OK
2026-07-09 07:30:40,F1,6.3265,OK
2026-07-09 07:30:51,F1,6.0019,OK
2026-07-09 07:31:01,F1,6.1391,OK
2026-07-09 07:31:11,F1,6.3371,OK
2026-07-09 07:31:22,F1,6.3186,OK
2026-07-09 07:31:32,F1,6.4321,OK
2026-07-09 07:31:43,F1,6.0520,OK
2026-07-09 07:31:53,F1,6.3793,OK
2026-07-09 07:32:03,F1,6.3213,OK
2026-07-09 07:32:14,F1,6.2289,OK
2026-07-09 07:32:24,F1,6.2738,OK
2026-07-09 07:32:34,F1,6.3503,OK
2026-07-09 07:32:45,F1,6.4955,OK
2026-07-09 07:32:55,F1,6.3107,OK
2026-07-09 07:33:05,F1,6.5113,OK
2026-07-09 07:33:16,F1,6.4480,OK
2026-07-09 07:33:26,F1,6.2685,OK
2026-07-09 07:33:37,F1,6.6406,OK
2026-07-09 07:33:47,F1,7.0392,OK
2026-07-09 07:33:57,F1,7.6515,OK
2026-07-09 07:34:08,F1,8.6703,OK
2026-07-09 07:34:18,F1,9.6389,OK
2026-07-09 07:34:28,F1,10.1272,OK
2026-07-09 07:34:39,F1,10.6340,OK
2026-07-09 07:34:49,F1,11.0088,OK
2026-07-09 07:35:00,F1,11.1434,OK
2026-07-09 07:35:10,F1,11.1803,OK
2026-07-09 07:35:20,F1,11.0906,OK
2026-07-09 07:35:31,F1,11.0404,OK
2026-07-09 07:35:41,F1,10.6313,OK
2026-07-09 07:35:51,F1,11.2199,OK
2026-07-09 07:36:02,F1,11.1750,OK
2026-07-09 07:36:12,F1,11.5076,OK
2026-07-09 07:36:22,F1,11.0325,OK
2026-07-09 07:36:33,F1,11.6844,OK
2026-07-09 07:36:43,F1,11.4258,OK
2026-07-09 07:36:54,F1,11.7214,OK
2026-07-09 07:37:04,F1,11.1750,OK
2026-07-09 07:37:14,F1,11.6528,OK
2026-07-09 07:37:25,F1,11.6132,OK
2026-07-09 07:37:35,F1,11.7715,OK
2026-07-09 07:37:45,F1,11.3149,OK
2026-07-09 07:37:56,F1,11.4363,OK
2026-07-09 07:38:06,F1,12.3786,OK
2026-07-09 07:38:17,F1,12.1094,OK
2026-07-09 07:38:27,F1,12.2836,OK
2026-07-09 07:38:37,F1,12.2255,OK
2026-07-09 07:38:48,F1,11.8085,OK
2026-07-09 07:38:58,F1,12.3786,OK
2026-07-09 07:39:08,F1,12.3997,OK
2026-07-09 07:39:19,F1,12.2809,OK
2026-07-09 07:39:29,F1,11.8877,OK
2026-07-09 07:39:40,F1,12.1067,OK
2026-07-09 07:39:50,F1,11.4073,OK
2026-07-09 07:40:00,F1,11.7557,OK
2026-07-09 07:40:11,F1,11.6765,OK
2026-07-09 07:40:21,F1,12.1463,OK
2026-07-09 07:40:31,F1,11.8032,OK
2026-07-09 07:40:42,F1,11.7768,OK
2026-07-09 07:40:52,F1,11.6976,OK
2026-07-09 07:41:02,F1,11.3123,OK
2026-07-09 07:41:13,F1,10.4571,OK
2026-07-09 07:41:23,F1,9.5888,OK
2026-07-09 07:41:34,F1,9.1031,OK
2026-07-09 07:41:44,F1,8.9949,OK
2026-07-09 07:41:54,F1,8.0368,OK
2026-07-09 07:42:05,F1,7.3031,OK
2026-07-09 07:42:15,F1,6.7779,OK
2026-07-09 07:42:25,F1,6.0520,OK
2026-07-09 07:42:36,F1,5.8330,OK
2026-07-09 07:42:46,F1,5.6456,OK
2026-07-09 07:42:57,F1,5.2761,OK
2026-07-09 07:43:07,F1,5.1309,OK
2026-07-09 07:43:17,F1,4.7852,OK
2026-07-09 07:43:28,F1,4.5740,OK
2026-07-09 07:43:38,F1,5.0860,OK
2026-07-09 07:43:48,F1,5.3764,OK
2026-07-09 07:43:59,F1,4.9303,OK
2026-07-09 07:44:09,F1,5.1494,OK
2026-07-09 07:44:19,F1,5.0966,OK
2026-07-09 07:44:30,F1,5.0148,OK
2026-07-09 07:44:40,F1,4.6664,OK
2026-07-09 07:44:50,F1,5.0755,OK
2026-07-09 07:45:01,F1,5.0148,OK
2026-07-09 07:45:11,F1,4.6796,OK
2026-07-09 07:45:22,F1,5.0623,OK
2026-07-09 07:45:32,F1,5.0069,OK
2026-07-09 07:45:42,F1,4.8115,OK
2026-07-09 07:45:53,F1,5.1547,OK
2026-07-09 07:46:03,F1,5.0201,OK
2026-07-09 07:46:13,F1,5.5031,OK
2026-07-09 07:46:24,F1,5.9227,OK
2026-07-09 07:46:34,F1,5.8620,OK
2026-07-09 07:46:45,F1,6.1919,OK
2026-07-09 07:46:55,F1,6.3028,OK
2026-07-09 07:47:05,F1,6.3767,OK
2026-07-09 07:47:16,F1,6.5905,OK
2026-07-09 07:47:26,F1,6.3609,OK
2026-07-09 07:47:36,F1,6.5773,OK
2026-07-09 07:47:47,F1,6.5905,OK
2026-07-09 07:47:57,F1,7.0101,OK
2026-07-09 07:48:07,F1,7.4324,OK
2026-07-09 07:48:18,F1,8.5093,OK
2026-07-09 07:48:28,F1,10.1351,OK
2026-07-09 07:48:39,F1,11.4258,OK
2026-07-09 07:48:49,F1,12.0671,OK
2026-07-09 07:48:59,F1,12.0487,OK
2026-07-09 07:49:10,F1,12.2229,OK
2026-07-09 07:49:20,F1,12.4340,OK
2026-07-09 07:49:30,F1,12.6980,OK
2026-07-09 07:49:41,F1,12.3733,OK
2026-07-09 07:49:51,F1,11.9537,OK
2026-07-09 07:50:02,F1,11.7874,OK
2026-07-09 07:50:12,F1,11.7135,OK
2026-07-09 07:50:22,F1,11.5815,OK
2026-07-09 07:50:33,F1,11.6924,OK
2026-07-09 07:50:43,F1,12.0539,OK
2026-07-09 07:50:53,F1,10.9296,OK
2026-07-09 07:51:04,F1,11.1539,OK
2026-07-09 07:51:14,F1,10.9269,OK
2026-07-09 07:51:25,F1,11.5947,OK
2026-07-09 07:51:35,F1,10.1985,OK
2026-07-09 07:51:45,F1,10.8240,OK
2026-07-09 07:51:56,F1,11.3308,OK
2026-07-09 07:52:06,F1,10.7079,OK
2026-07-09 07:52:16,F1,11.5736,OK
2026-07-09 07:52:27,F1,11.1170,OK
2026-07-09 07:52:37,F1,11.6554,OK
2026-07-09 07:52:48,F1,11.2912,OK
2026-07-09 07:52:58,F1,11.4363,OK
2026-07-09 07:53:08,F1,10.9876,OK
2026-07-09 07:53:19,F1,11.8903,OK
2026-07-09 07:53:29,F1,11.0457,OK
2026-07-09 07:53:39,F1,10.7923,OK
2026-07-09 07:53:50,F1,10.1932,OK
2026-07-09 07:54:00,F1,8.7416,OK
2026-07-09 07:54:11,F1,8.8075,OK
2026-07-09 07:54:21,F1,7.7412,OK
2026-07-09 07:54:31,F1,7.4984,OK
2026-07-09 07:54:42,F1,7.8072,OK
2026-07-09 07:54:52,F1,6.7647,OK
2026-07-09 07:55:02,F1,6.2790,OK
2026-07-09 07:55:13,F1,6.1603,OK
2026-07-09 07:55:23,F1,6.1339,OK
2026-07-09 07:55:34,F1,6.1048,OK
2026-07-09 07:55:44,F1,5.8435,OK
2026-07-09 07:55:54,F1,6.0177,OK
2026-07-09 07:56:05,F1,6.5826,OK
2026-07-09 07:56:15,F1,6.2658,OK
2026-07-09 07:56:25,F1,6.7198,OK
2026-07-09 07:56:36,F1,6.8518,OK
2026-07-09 07:56:46,F1,6.8148,OK
2026-07-09 07:56:56,F1,7.0999,OK
2026-07-09 07:57:07,F1,6.9705,OK
2026-07-09 07:57:17,F1,6.6961,OK
2026-07-09 07:57:28,F1,6.7858,OK
2026-07-09 07:57:38,F1,6.8175,OK
2026-07-09 07:57:48,F1,6.8069,OK
2026-07-09 07:57:59,F1,6.7488,OK
2026-07-09 07:58:09,F1,6.8808,OK
2026-07-09 07:58:19,F1,6.6459,OK
2026-07-09 07:58:30,F1,6.5166,OK
2026-07-09 07:58:40,F1,6.3292,OK
2026-07-09 07:58:50,F1,6.7224,OK
2026-07-09 07:59:01,F1,6.3872,OK
2026-07-09 07:59:11,F1,6.8148,OK
2026-07-09 07:59:21,F1,6.8333,OK
2026-07-09 07:59:32,F1,6.8650,OK
2026-07-09 07:59:42,F1,6.7805,OK
2026-07-09 07:59:53,F1,6.5588,OK
2026-07-09 08:00:03,F1,6.5773,OK
2026-07-09 08:00:13,F1,6.4638,OK
2026-07-09 08:00:24,F1,7.4245,OK
2026-07-09 08:00:34,F1,8.3509,OK
2026-07-09 08:00:44,F1,9.9372,OK
2026-07-09 08:00:55,F1,11.3096,OK
2026-07-09 08:01:05,F1,12.3944,OK
2026-07-09 08:01:15,F1,12.4789,OK
2026-07-09 08:01:26,F1,12.8563,OK
2026-07-09 08:01:36,F1,12.7851,OK
2026-07-09 08:01:46,F1,12.1701,OK
2026-07-09 08:01:57,F1,12.0012,OK
2026-07-09 08:02:07,F1,11.4495,OK
2026-07-09 08:02:18,F1,11.8349,OK
2026-07-09 08:02:28,F1,11.1645,OK
2026-07-09 08:02:38,F1,11.4443,OK
2026-07-09 08:02:49,F1,11.3440,OK
2026-07-09 08:02:59,F1,10.8425,OK
2026-07-09 08:03:09,F1,10.6472,OK
2026-07-09 08:03:20,F1,11.1249,OK
2026-07-09 08:03:30,F1,11.1724,OK
2026-07-09 08:03:40,F1,10.5944,OK
2026-07-09 08:03:51,F1,11.3598,OK
2026-07-09 08:04:01,F1,12.0328,OK
2026-07-09 08:04:11,F1,11.5973,OK
2026-07-09 08:04:22,F1,11.3624,OK
2026-07-09 08:04:32,F1,11.8877,OK
2026-07-09 08:04:43,F1,11.9035,OK
2026-07-09 08:04:53,F1,12.1490,OK
2026-07-09 08:05:03,F1,11.8349,OK
2026-07-09 08:05:14,F1,12.3918,OK
2026-07-09 08:05:24,F1,12.3733,OK
2026-07-09 08:05:34,F1,12.4947,OK
2026-07-09 08:05:45,F1,9.7287,OK
2026-07-09 08:05:55,F1,9.2034,OK
2026-07-09 08:06:06,F1,8.8894,OK
2026-07-09 08:06:16,F1,8.1767,OK
2026-07-09 08:06:26,F1,7.7914,OK
2026-07-09 08:06:37,F1,7.6673,OK
2026-07-09 08:06:47,F1,7.1606,OK
2026-07-09 08:06:57,F1,6.7700,OK
2026-07-09 08:07:08,F1,7.0524,OK
2026-07-09 08:07:18,F1,6.8676,OK
2026-07-09 08:07:29,F1,6.8069,OK
2026-07-09 08:07:39,F1,6.9600,OK
2026-07-09 08:07:49,F1,6.6591,OK
2026-07-09 08:08:00,F1,6.1867,OK
2026-07-09 08:08:10,F1,6.3186,OK
2026-07-09 08:08:20,F1,6.4875,OK
2026-07-09 08:08:31,F1,5.9518,OK
2026-07-09 08:08:41,F1,5.8039,OK
2026-07-09 08:08:52,F1,6.2975,OK
2026-07-09 08:09:02,F1,6.6934,OK
2026-07-09 08:09:12,F1,6.7515,OK
2026-07-09 08:09:23,F1,6.5614,OK
2026-07-09 08:09:33,F1,6.7462,OK
2026-07-09 08:09:43,F1,6.9837,OK
2026-07-09 08:09:54,F1,6.6195,OK
2026-07-09 08:10:04,F1,6.7752,OK
2026-07-09 08:10:15,F1,7.0761,OK
2026-07-09 08:10:25,F1,6.9547,OK
2026-07-09 08:10:35,F1,6.9310,OK
2026-07-09 08:10:46,F1,6.7858,OK
2026-07-09 08:10:56,F1,6.5588,OK
2026-07-09 08:11:06,F1,6.5746,OK
2026-07-09 08:11:17,F1,6.6829,OK
2026-07-09 08:11:27,F1,6.2711,OK
2026-07-09 08:11:37,F1,6.5641,OK
2026-07-09 08:11:48,F1,6.8702,OK
2026-07-09 08:11:58,F1,6.9204,OK
2026-07-09 08:12:09,F1,6.7673,OK
2026-07-09 08:12:19,F1,6.9178,OK
2026-07-09 08:12:29,F1,7.0576,OK
2026-07-09 08:12:40,F1,7.0312,OK
2026-07-09 08:12:50,F1,7.0207,OK
2026-07-09 08:13:00,F1,6.9310,OK
2026-07-09 08:13:11,F1,7.1395,OK
2026-07-09 08:13:21,F1,8.7284,OK
2026-07-09 08:13:31,F1,10.9586,OK
2026-07-09 08:13:42,F1,12.3891,OK
2026-07-09 08:13:52,F1,13.2760,OK
2026-07-09 08:14:03,F1,13.2443,OK
2026-07-09 08:14:13,F1,13.5557,OK
2026-07-09 08:14:23,F1,12.9856,OK
2026-07-09 08:14:34,F1,13.4027,OK
2026-07-09 08:14:44,F1,12.8220,OK
2026-07-09 08:14:54,F1,12.9988,OK
2026-07-09 08:15:05,F1,11.8534,OK
2026-07-09 08:15:15,F1,11.5498,OK
2026-07-09 08:15:25,F1,12.1701,OK
2026-07-09 08:15:36,F1,11.9880,OK
2026-07-09 08:15:46,F1,11.1803,OK
2026-07-09 08:15:57,F1,11.1143,OK
2026-07-09 08:16:07,F1,12.1437,OK
2026-07-09 08:16:17,F1,11.4047,OK
2026-07-09 08:16:28,F1,12.0935,OK
2026-07-09 08:16:38,F1,11.1803,OK
2026-07-09 08:16:48,F1,11.9114,OK
2026-07-09 08:16:59,F1,11.7319,OK
2026-07-09 08:17:09,F1,11.0220,OK
2026-07-09 08:17:19,F1,11.0220,OK
2026-07-09 08:17:30,F1,11.7319,OK
2026-07-09 08:17:40,F1,11.1724,OK
2026-07-09 08:17:50,F1,11.0140,OK
2026-07-09 08:18:01,F1,12.2334,OK
2026-07-09 08:18:11,F1,10.0929,OK
2026-07-09 08:18:22,F1,9.3539,OK
2026-07-09 08:18:32,F1,8.4776,OK
2026-07-09 08:18:42,F1,7.6066,OK
2026-07-09 08:18:53,F1,6.9758,OK
2026-07-09 08:19:03,F1,7.0708,OK
2026-07-09 08:19:13,F1,6.9758,OK
2026-07-09 08:19:24,F1,6.6591,OK
2026-07-09 08:19:34,F1,6.7568,OK
2026-07-09 08:19:45,F1,6.6353,OK
2026-07-09 08:19:55,F1,7.0867,OK
2026-07-09 08:20:05,F1,7.1817,OK
2026-07-09 08:20:16,F1,6.7541,OK
2026-07-09 08:20:26,F1,6.5271,OK
2026-07-09 08:20:36,F1,6.3978,OK
2026-07-09 08:20:47,F1,6.4743,OK
2026-07-09 08:20:57,F1,6.6961,OK
2026-07-09 08:21:07,F1,6.4638,OK
2026-07-09 08:21:18,F1,6.1682,OK
2026-07-09 08:21:28,F1,6.3820,OK
2026-07-09 08:21:38,F1,6.6406,OK
2026-07-09 08:21:49,F1,6.2447,OK
2026-07-09 08:21:59,F1,6.8386,OK
2026-07-09 08:22:10,F1,6.6908,OK
2026-07-09 08:22:20,F1,6.5931,OK
2026-07-09 08:22:30,F1,7.1052,OK
2026-07-09 08:22:41,F1,7.2793,OK
2026-07-09 08:22:51,F1,7.3796,OK
2026-07-09 08:23:01,F1,7.3057,OK
2026-07-09 08:23:12,F1,7.4747,OK
2026-07-09 08:23:22,F1,7.7492,OK
2026-07-09 08:23:33,F1,7.5116,OK
2026-07-09 08:23:43,F1,7.5565,OK
2026-07-09 08:23:53,F1,7.6409,OK
2026-07-09 08:24:04,F1,7.6145,OK
2026-07-09 08:24:14,F1,7.5538,OK
2026-07-09 08:24:24,F1,7.7465,OK
2026-07-09 08:24:35,F1,7.8521,OK
2026-07-09 08:24:45,F1,7.7967,OK
2026-07-09 08:24:55,F1,7.4298,OK
2026-07-09 08:25:06,F1,8.0210,OK
2026-07-09 08:25:16,F1,8.0210,OK
2026-07-09 08:25:27,F1,7.6885,OK
2026-07-09 08:25:37,F1,7.8151,OK
2026-07-09 08:25:47,F1,7.5565,OK
2026-07-09 08:25:58,F1,7.7069,OK
2026-07-09 08:26:08,F1,7.9629,OK
2026-07-09 08:26:18,F1,7.6594,OK
2026-07-09 08:26:29,F1,7.8706,OK
2026-07-09 08:26:39,F1,7.6858,OK
2026-07-09 08:26:50,F1,7.7465,OK
2026-07-09 08:27:00,F1,7.7439,OK
2026-07-09 08:27:10,F1,8.2031,OK
2026-07-09 08:27:21,F1,7.8521,OK
2026-07-09 08:27:31,F1,7.3796,OK
2026-07-09 08:27:41,F1,7.3744,OK
2026-07-09 08:27:52,F1,7.3057,OK
2026-07-09 08:28:02,F1,8.4169,OK
2026-07-09 08:28:12,F1,10.1853,OK
2026-07-09 08:28:23,F1,10.9032,OK
2026-07-09 08:28:33,F1,12.5528,OK
2026-07-09 08:28:44,F1,13.1440,OK
2026-07-09 08:28:54,F1,13.0727,OK
2026-07-09 08:29:04,F1,12.6320,OK
2026-07-09 08:29:15,F1,12.6980,OK
2026-07-09 08:29:25,F1,11.8243,OK
2026-07-09 08:29:35,F1,11.6079,OK
2026-07-09 08:29:46,F1,11.3017,OK
2026-07-09 08:29:56,F1,11.0800,OK
2026-07-09 08:30:06,F1,10.4175,OK
2026-07-09 08:30:17,F1,10.3938,OK
2026-07-09 08:30:27,F1,10.0269,OK
2026-07-09 08:30:38,F1,10.5495,OK
2026-07-09 08:30:48,F1,10.2090,OK
2026-07-09 08:30:58,F1,10.4387,OK
2026-07-09 08:31:09,F1,10.7211,OK
2026-07-09 08:31:19,F1,9.5254,OK
2026-07-09 08:31:29,F1,10.4994,OK
2026-07-09 08:31:40,F1,11.0906,OK
2026-07-09 08:31:50,F1,10.7290,OK
2026-07-09 08:32:00,F1,10.7158,OK
2026-07-09 08:32:11,F1,11.1091,OK
2026-07-09 08:32:21,F1,11.2542,OK
2026-07-09 08:32:32,F1,10.6683,OK
2026-07-09 08:32:42,F1,10.0876,OK
2026-07-09 08:32:52,F1,8.4935,OK
2026-07-09 08:33:03,F1,8.2770,OK
2026-07-09 08:33:13,F1,8.2269,OK
2026-07-09 08:33:23,F1,7.9365,OK
2026-07-09 08:33:34,F1,7.8204,OK
2026-07-09 08:33:44,F1,7.6594,OK
2026-07-09 08:33:54,F1,7.8547,OK
2026-07-09 08:34:05,F1,7.5670,OK
2026-07-09 08:34:15,F1,7.6621,OK
2026-07-09 08:34:26,F1,7.6304,OK
2026-07-09 08:34:36,F1,7.5802,OK
2026-07-09 08:34:46,F1,7.5143,OK
2026-07-09 08:34:57,F1,7.3348,OK
2026-07-09 08:35:07,F1,7.8336,OK
2026-07-09 08:35:17,F1,7.7861,OK
2026-07-09 08:35:28,F1,7.6568,OK
2026-07-09 08:35:38,F1,7.4034,OK
2026-07-09 08:35:49,F1,7.8283,OK
2026-07-09 08:35:59,F1,7.7069,OK
2026-07-09 08:36:09,F1,7.5855,OK
2026-07-09 08:36:20,F1,7.6937,OK
2026-07-09 08:36:30,F1,7.5538,OK
2026-07-09 08:36:40,F1,7.7280,OK
2026-07-09 08:36:51,F1,7.6700,OK
2026-07-09 08:37:01,F1,7.6885,OK
2026-07-09 08:37:11,F1,7.5433,OK
2026-07-09 08:37:22,F1,7.6040,OK
2026-07-09 08:37:32,F1,7.7808,OK
2026-07-09 08:37:43,F1,7.6093,OK
2026-07-09 08:37:53,F1,7.5222,OK
2026-07-09 08:38:03,F1,7.5961,OK
2026-07-09 08:38:14,F1,7.3664,OK
2026-07-09 08:38:24,F1,7.3216,OK
2026-07-09 08:38:34,F1,7.1263,OK
2026-07-09 08:38:45,F1,7.4351,OK
2026-07-09 08:38:55,F1,7.6093,OK
2026-07-09 08:39:05,F1,7.2186,OK
2026-07-09 08:39:16,F1,7.3717,OK
2026-07-09 08:39:26,F1,7.1791,OK
2026-07-09 08:39:37,F1,7.1817,OK
2026-07-09 08:39:47,F1,7.3137,OK
2026-07-09 08:39:57,F1,7.2266,OK
2026-07-09 08:40:08,F1,7.3744,OK
2026-07-09 08:40:18,F1,7.3110,OK
2026-07-09 08:40:28,F1,7.3057,OK
2026-07-09 08:40:39,F1,7.2688,OK
2026-07-09 08:40:49,F1,7.3084,OK
2026-07-09 08:41:00,F1,6.9705,OK
2026-07-09 08:41:10,F1,6.7594,OK
2026-07-09 08:41:20,F1,6.9996,OK
2026-07-09 08:41:31,F1,7.3057,OK
2026-07-09 08:41:41,F1,7.0920,OK
2026-07-09 08:41:51,F1,7.4060,OK
2026-07-09 08:42:02,F1,7.3796,OK
2026-07-09 08:42:12,F1,7.3664,OK
2026-07-09 08:42:22,F1,7.6409,OK
2026-07-09 08:42:33,F1,7.7148,OK
2026-07-09 08:42:43,F1,7.9234,OK
2026-07-09 08:42:54,F1,7.9841,OK
2026-07-09 08:43:04,F1,7.8178,OK
2026-07-09 08:43:14,F1,7.8917,OK
2026-07-09 08:43:25,F1,8.3747,OK
2026-07-09 08:43:35,F1,8.4671,OK
2026-07-09 08:43:45,F1,7.9999,OK
2026-07-09 08:43:56,F1,8.2849,OK
2026-07-09 08:44:06,F1,8.3615,OK
2026-07-09 08:44:17,F1,8.3905,OK
2026-07-09 08:44:27,F1,8.4327,OK
2026-07-09 08:44:37,F1,8.5251,OK
2026-07-09 08:44:48,F1,8.1451,OK
2026-07-09 08:44:58,F1,8.4196,OK
2026-07-09 08:45:08,F1,8.2506,OK
2026-07-09 08:45:19,F1,7.6673,OK
2026-07-09 08:45:29,F1,7.9973,OK
2026-07-09 08:45:40,F1,8.5726,OK
2026-07-09 08:45:50,F1,9.8079,OK
2026-07-09 08:46:00,F1,11.2041,OK
2026-07-09 08:46:11,F1,12.6240,OK
2026-07-09 08:46:21,F1,13.3631,OK
2026-07-09 08:46:31,F1,13.6323,OK
2026-07-09 08:46:42,F1,12.8880,OK
2026-07-09 08:46:52,F1,11.8534,OK
2026-07-09 08:47:02,F1,11.9695,OK
2026-07-09 08:47:13,F1,10.7395,OK
2026-07-09 08:47:23,F1,10.3621,OK
2026-07-09 08:47:34,F1,10.7475,OK
2026-07-09 08:47:44,F1,10.3595,OK
2026-07-09 08:47:54,F1,10.5337,OK
2026-07-09 08:48:05,F1,10.3938,OK
2026-07-09 08:48:15,F1,10.4228,OK
2026-07-09 08:48:25,F1,10.3357,OK
2026-07-09 08:48:36,F1,9.5782,OK
2026-07-09 08:48:46,F1,10.9745,OK
2026-07-09 08:48:57,F1,10.5310,OK
2026-07-09 08:49:07,F1,9.8290,OK
2026-07-09 08:49:17,F1,10.3542,OK
2026-07-09 08:49:28,F1,10.1219,OK
2026-07-09 08:49:38,F1,10.1299,OK
2026-07-09 08:49:48,F1,10.8108,OK
2026-07-09 08:49:59,F1,10.4598,OK
2026-07-09 08:50:09,F1,9.7867,OK
2026-07-09 08:50:20,F1,10.5363,OK
2026-07-09 08:50:30,F1,9.8765,OK
2026-07-09 08:50:40,F1,9.8712,OK
2026-07-09 08:50:51,F1,9.1797,OK
2026-07-09 08:51:01,F1,8.1187,OK
2026-07-09 08:51:11,F1,8.0368,OK
2026-07-09 08:51:22,F1,7.7676,OK
2026-07-09 08:51:32,F1,7.6515,OK
2026-07-09 08:51:42,F1,7.6911,OK
2026-07-09 08:51:53,F1,7.4905,OK
2026-07-09 08:52:03,F1,7.2266,OK
2026-07-09 08:52:14,F1,7.0471,OK
2026-07-09 08:52:24,F1,7.0629,OK
2026-07-09 08:52:34,F1,7.0471,OK
2026-07-09 08:52:45,F1,7.3453,OK
2026-07-09 08:52:55,F1,6.9653,OK
2026-07-09 08:53:05,F1,7.2292,OK
2026-07-09 08:53:16,F1,7.1870,OK
2026-07-09 08:53:26,F1,7.1104,OK
2026-07-09 08:53:36,F1,6.9442,OK
2026-07-09 08:53:47,F1,7.3902,OK
2026-07-09 08:53:57,F1,7.3506,OK
2026-07-09 08:54:08,F1,7.5222,OK
2026-07-09 08:54:18,F1,7.6990,OK
2026-07-09 08:54:28,F1,7.5301,OK
2026-07-09 08:54:39,F1,7.6251,OK
2026-07-09 08:54:49,F1,7.7201,OK
2026-07-09 08:54:59,F1,7.9946,OK
2026-07-09 08:55:10,F1,7.4720,OK
2026-07-09 08:55:20,F1,7.3005,OK
2026-07-09 08:55:31,F1,7.4773,OK
2026-07-09 08:55:41,F1,7.4166,OK
2026-07-09 08:55:51,F1,7.4535,OK
2026-07-09 08:56:02,F1,7.6409,OK
2026-07-09 08:56:12,F1,7.1896,OK
2026-07-09 08:56:22,F1,7.6937,OK
2026-07-09 08:56:33,F1,7.6172,OK
2026-07-09 08:56:43,F1,7.1843,OK
2026-07-09 08:56:53,F1,7.0101,OK
2026-07-09 08:57:04,F1,6.8412,OK
2026-07-09 08:57:14,F1,7.0972,OK
2026-07-09 08:57:25,F1,7.1896,OK
2026-07-09 08:57:35,F1,7.1817,OK
2026-07-09 08:57:45,F1,7.1315,OK
2026-07-09 08:57:56,F1,6.5456,OK
2026-07-09 08:58:06,F1,7.1711,OK
2026-07-09 08:58:16,F1,7.3585,OK
2026-07-09 08:58:27,F1,7.1764,OK
2026-07-09 08:58:37,F1,7.2925,OK
2026-07-09 08:58:48,F1,7.0972,OK
2026-07-09 08:58:58,F1,7.2371,OK
2026-07-09 08:59:08,F1,7.0708,OK
2026-07-09 08:59:19,F1,7.0867,OK
2026-07-09 08:59:29,F1,7.1078,OK
2026-07-09 08:59:40,F1,7.4166,OK
2026-07-09 08:59:50,F1,7.4694,OK
2026-07-09 09:00:00,F1,7.2741,OK
2026-07-09 09:00:11,F1,7.0075,OK
2026-07-09 09:00:21,F1,6.9705,OK
2026-07-09 09:00:31,F1,6.7752,OK
2026-07-09 09:00:42,F1,7.0946,OK
2026-07-09 09:00:52,F1,7.1210,OK
2026-07-09 09:01:03,F1,7.2873,OK
2026-07-09 09:01:13,F1,7.1263,OK
2026-07-09 09:01:23,F1,7.3981,OK
2026-07-09 09:01:34,F1,7.4087,OK
2026-07-09 09:01:44,F1,9.0108,OK
2026-07-09 09:01:54,F1,10.7633,OK
2026-07-09 09:02:05,F1,12.5185,OK
2026-07-09 09:02:15,F1,13.4053,OK
2026-07-09 09:02:26,F1,13.3683,OK
2026-07-09 09:02:36,F1,13.0754,OK
2026-07-09 09:02:46,F1,12.8933,OK
2026-07-09 09:02:57,F1,12.5633,OK
2026-07-09 09:03:07,F1,12.1833,OK
2026-07-09 09:03:17,F1,11.8164,OK
2026-07-09 09:03:28,F1,11.5551,OK
2026-07-09 09:03:38,F1,11.1566,OK
2026-07-09 09:03:49,F1,10.9032,OK
2026-07-09 09:03:59,F1,11.8639,OK
2026-07-09 09:04:09,F1,11.8534,OK
2026-07-09 09:04:20,F1,11.1750,OK
2026-07-09 09:04:30,F1,11.9853,OK
2026-07-09 09:04:40,F1,11.2226,OK
2026-07-09 09:04:51,F1,11.0721,OK
2026-07-09 09:05:01,F1,11.4786,OK
2026-07-09 09:05:11,F1,11.4020,OK
2026-07-09 09:05:22,F1,10.9137,OK
2026-07-09 09:05:32,F1,10.8715,OK
2026-07-09 09:05:43,F1,11.4152,OK
2026-07-09 09:05:53,F1,11.5815,OK
2026-07-09 09:06:03,F1,11.7161,OK
2026-07-09 09:06:14,F1,11.0404,OK
2026-07-09 09:06:24,F1,10.0929,OK
2026-07-09 09:06:34,F1,9.2114,OK
2026-07-09 09:06:45,F1,8.6703,OK
2026-07-09 09:06:55,F1,8.3536,OK
2026-07-09 09:07:06,F1,7.9603,OK
2026-07-09 09:07:16,F1,7.8811,OK
2026-07-09 09:07:26,F1,7.6304,OK
2026-07-09 09:07:37,F1,7.0840,OK
2026-07-09 09:07:47,F1,7.1078,OK
2026-07-09 09:07:57,F1,7.0576,OK
2026-07-09 09:08:08,F1,6.3107,OK
2026-07-09 09:08:18,F1,6.6697,OK
2026-07-09 09:08:28,F1,6.6274,OK
2026-07-09 09:08:39,F1,6.1893,OK
2026-07-09 09:08:49,F1,6.4559,OK
2026-07-09 09:09:00,F1,6.2711,OK
2026-07-09 09:09:10,F1,5.9491,OK
2026-07-09 09:09:20,F1,6.4981,OK
2026-07-09 09:09:31,F1,6.5694,OK
2026-07-09 09:09:41,F1,6.6670,OK
2026-07-09 09:09:51,F1,6.2817,OK
2026-07-09 09:10:02,F1,6.5007,OK
2026-07-09 09:10:12,F1,6.6829,OK
2026-07-09 09:10:22,F1,6.8043,OK
2026-07-09 09:10:33,F1,6.7937,OK
2026-07-09 09:10:43,F1,6.5746,OK
2026-07-09 09:10:54,F1,6.8729,OK
2026-07-09 09:11:04,F1,7.0339,OK
2026-07-09 09:11:14,F1,6.7805,OK
2026-07-09 09:11:25,F1,7.2002,OK
2026-07-09 09:11:35,F1,7.0840,OK
2026-07-09 09:11:45,F1,7.0075,OK
2026-07-09 09:11:56,F1,7.3691,OK
2026-07-09 09:12:06,F1,7.4852,OK
2026-07-09 09:12:17,F1,7.3189,OK
2026-07-09 09:12:27,F1,7.5512,OK
2026-07-09 09:12:37,F1,7.5248,OK
2026-07-09 09:12:48,F1,7.4272,OK
2026-07-09 09:12:58,F1,7.4166,OK
2026-07-09 09:13:08,F1,7.5538,OK
2026-07-09 09:13:19,F1,7.7703,OK
2026-07-09 09:13:29,F1,7.7069,OK
2026-07-09 09:13:40,F1,7.6383,OK
2026-07-09 09:13:50,F1,7.7808,OK
2026-07-09 09:14:00,F1,8.1371,OK
2026-07-09 09:14:11,F1,7.8178,OK
2026-07-09 09:14:21,F1,8.0474,OK
2026-07-09 09:14:31,F1,7.9181,OK
2026-07-09 09:14:42,F1,8.0316,OK
2026-07-09 09:14:52,F1,7.7360,OK
2026-07-09 09:15:02,F1,7.6990,OK
2026-07-09 09:15:13,F1,7.5934,OK
2026-07-09 09:15:23,F1,7.7148,OK
2026-07-09 09:15:34,F1,7.7887,OK
2026-07-09 09:15:44,F1,7.8310,OK
2026-07-09 09:15:54,F1,9.3117,OK
2026-07-09 09:16:05,F1,10.7580,OK
2026-07-09 09:16:15,F1,12.5396,OK
2026-07-09 09:16:25,F1,12.9909,OK
2026-07-09 09:16:36,F1,12.7798,OK
2026-07-09 09:16:46,F1,12.5633,OK
2026-07-09 09:16:57,F1,12.5501,OK
2026-07-09 09:17:07,F1,12.8748,OK
2026-07-09 09:17:17,F1,12.2757,OK
2026-07-09 09:17:28,F1,11.5472,OK
2026-07-09 09:17:38,F1,11.0695,OK
2026-07-09 09:17:48,F1,10.6287,OK
2026-07-09 09:17:59,F1,11.3044,OK
2026-07-09 09:18:09,F1,10.9058,OK
2026-07-09 09:18:19,F1,10.6472,OK
2026-07-09 09:18:30,F1,10.6736,OK
2026-07-09 09:18:40,F1,10.9375,OK
2026-07-09 09:18:51,F1,10.8451,OK
2026-07-09 09:19:01,F1,10.7343,OK
2026-07-09 09:19:11,F1,10.8636,OK
2026-07-09 09:19:22,F1,11.2648,OK
2026-07-09 09:19:32,F1,10.8900,OK
2026-07-09 09:19:42,F1,10.8478,OK
2026-07-09 09:19:53,F1,11.2859,OK
2026-07-09 09:20:03,F1,11.3888,OK
2026-07-09 09:20:13,F1,11.1777,OK
2026-07-09 09:20:24,F1,10.8425,OK
2026-07-09 09:20:34,F1,10.9111,OK
2026-07-09 09:20:44,F1,10.5574,OK
2026-07-09 09:20:55,F1,9.1876,OK
2026-07-09 09:21:05,F1,9.1955,OK
2026-07-09 09:21:16,F1,8.5542,OK
2026-07-09 09:21:26,F1,8.0157,OK
2026-07-09 09:21:36,F1,7.7386,OK
2026-07-09 09:21:47,F1,7.7201,OK
2026-07-09 09:21:57,F1,7.8732,OK
2026-07-09 09:22:07,F1,7.7333,OK
2026-07-09 09:22:18,F1,7.5644,OK
2026-07-09 09:22:28,F1,7.8389,OK
2026-07-09 09:22:38,F1,7.6093,OK
2026-07-09 09:22:49,F1,7.5934,OK
2026-07-09 09:22:59,F1,7.6436,OK
2026-07-09 09:23:10,F1,6.9917,OK
2026-07-09 09:23:20,F1,7.5063,OK
2026-07-09 09:23:30,F1,7.1659,OK
2026-07-09 09:23:41,F1,8.0685,OK
2026-07-09 09:23:51,F1,7.8257,OK
2026-07-09 09:24:01,F1,7.4324,OK
2026-07-09 09:24:12,F1,8.3272,OK
2026-07-09 09:24:22,F1,8.4486,OK
2026-07-09 09:24:33,F1,7.9286,OK
2026-07-09 09:24:43,F1,7.8785,OK
2026-07-09 09:24:53,F1,7.9392,OK
2026-07-09 09:25:04,F1,7.8600,OK
2026-07-09 09:25:14,F1,8.1345,OK
2026-07-09 09:25:24,F1,8.0263,OK
2026-07-09 09:25:35,F1,8.0263,OK
2026-07-09 09:25:45,F1,8.1002,OK
2026-07-09 09:25:55,F1,7.8917,OK
2026-07-09 09:26:06,F1,7.9313,OK
2026-07-09 09:26:16,F1,8.1952,OK
2026-07-09 09:26:27,F1,7.6515,OK
2026-07-09 09:26:37,F1,7.5222,OK
2026-07-09 09:26:47,F1,7.8890,OK
2026-07-09 09:26:58,F1,7.8653,OK
2026-07-09 09:27:08,F1,8.0025,OK
2026-07-09 09:27:18,F1,7.9022,OK
2026-07-09 09:27:29,F1,7.8758,OK
2026-07-09 09:27:39,F1,7.9181,OK
2026-07-09 09:27:49,F1,7.9049,OK
2026-07-09 09:28:00,F1,7.8811,OK
2026-07-09 09:28:10,F1,7.9893,OK
2026-07-09 09:28:21,F1,7.9339,OK
2026-07-09 09:28:31,F1,7.8072,OK
2026-07-09 09:28:41,F1,7.9445,OK
2026-07-09 09:28:52,F1,8.0448,OK
2026-07-09 09:29:02,F1,7.8389,OK
2026-07-09 09:29:12,F1,7.9841,OK
2026-07-09 09:29:23,F1,8.0632,OK
2026-07-09 09:29:33,F1,7.7676,OK
2026-07-09 09:29:43,F1,7.6858,OK
2026-07-09 09:29:54,F1,7.5618,OK
2026-07-09 09:30:04,F1,7.4008,OK
2026-07-09 09:30:14,F1,7.4958,OK
2026-07-09 09:30:25,F1,7.5670,OK
2026-07-09 09:30:35,F1,7.4588,OK
2026-07-09 09:30:46,F1,7.4351,OK
2026-07-09 09:30:56,F1,7.4430,OK
2026-07-09 09:31:06,F1,7.3770,OK
2026-07-09 09:31:17,F1,7.5591,OK
2026-07-09 09:31:27,F1,7.5908,OK
2026-07-09 09:31:37,F1,7.4615,OK
2026-07-09 09:31:48,F1,7.6225,OK
2026-07-09 09:31:58,F1,7.8019,OK
2026-07-09 09:32:08,F1,7.6858,OK
2026-07-09 09:32:19,F1,8.7204,OK
2026-07-09 09:32:29,F1,9.8131,OK
2026-07-09 09:32:40,F1,10.6313,OK
2026-07-09 09:32:50,F1,11.9748,OK
2026-07-09 09:33:00,F1,13.0595,OK
2026-07-09 09:33:11,F1,13.1783,OK
2026-07-09 09:33:21,F1,13.0648,OK
2026-07-09 09:33:31,F1,12.6795,OK
2026-07-09 09:33:42,F1,12.5264,OK
2026-07-09 09:33:52,F1,11.5551,OK
2026-07-09 09:34:03,F1,11.1434,OK
2026-07-09 09:34:13,F1,11.2067,OK
2026-07-09 09:34:23,F1,10.9296,OK
2026-07-09 09:34:34,F1,10.7211,OK
2026-07-09 09:34:44,F1,11.2120,OK
2026-07-09 09:34:54,F1,10.8293,OK
2026-07-09 09:35:05,F1,11.5577,OK
2026-07-09 09:35:15,F1,11.8164,OK
2026-07-09 09:35:26,F1,11.0114,OK
2026-07-09 09:35:36,F1,11.7953,OK
2026-07-09 09:35:46,F1,11.6317,OK
2026-07-09 09:35:57,F1,11.2146,OK
2026-07-09 09:36:07,F1,12.2044,OK
2026-07-09 09:36:17,F1,11.8560,OK
2026-07-09 09:36:28,F1,11.4311,OK
2026-07-09 09:36:38,F1,11.4838,OK
2026-07-09 09:36:49,F1,11.4205,OK
2026-07-09 09:36:59,F1,10.9665,OK
2026-07-09 09:37:09,F1,11.4152,OK
2026-07-09 09:37:20,F1,10.6894,OK
2026-07-09 09:37:30,F1,9.5149,OK
2026-07-09 09:37:41,F1,9.1507,OK
2026-07-09 09:37:51,F1,8.6413,OK
2026-07-09 09:38:01,F1,8.6782,OK
2026-07-09 09:38:12,F1,8.5753,OK
2026-07-09 09:38:22,F1,8.1292,OK
2026-07-09 09:38:32,F1,7.7861,OK
2026-07-09 09:38:43,F1,7.5327,OK
2026-07-09 09:38:53,F1,7.5090,OK
2026-07-09 09:39:03,F1,7.1210,OK
2026-07-09 09:39:14,F1,6.6274,OK
2026-07-09 09:39:24,F1,7.0629,OK
2026-07-09 09:39:34,F1,6.8254,OK
2026-07-09 09:39:45,F1,7.1236,OK
2026-07-09 09:39:55,F1,6.8597,OK
2026-07-09 09:40:06,F1,6.6327,OK
2026-07-09 09:40:16,F1,6.7172,OK
2026-07-09 09:40:26,F1,6.9573,OK
2026-07-09 09:40:37,F1,6.9389,OK
2026-07-09 09:40:47,F1,6.8175,OK
2026-07-09 09:40:57,F1,7.7993,OK
2026-07-09 09:41:08,F1,7.1263,OK
2026-07-09 09:41:18,F1,7.0656,OK
2026-07-09 09:41:29,F1,7.4087,OK
2026-07-09 09:41:39,F1,7.5327,OK
2026-07-09 09:41:49,F1,7.2371,OK
2026-07-09 09:42:00,F1,7.2107,OK
2026-07-09 09:42:10,F1,7.0735,OK
2026-07-09 09:42:20,F1,6.9943,OK
2026-07-09 09:42:31,F1,7.1711,OK
2026-07-09 09:42:41,F1,6.7436,OK
2026-07-09 09:42:51,F1,7.0286,OK
2026-07-09 09:43:02,F1,7.0735,OK
2026-07-09 09:43:12,F1,7.2741,OK
2026-07-09 09:43:23,F1,7.0788,OK
2026-07-09 09:43:33,F1,6.9811,OK
2026-07-09 09:43:43,F1,7.1764,OK
2026-07-09 09:43:54,F1,7.1289,OK
2026-07-09 09:44:04,F1,7.5591,OK
2026-07-09 09:44:14,F1,7.3691,OK
2026-07-09 09:44:25,F1,7.6700,OK
2026-07-09 09:44:35,F1,7.2820,OK
2026-07-09 09:44:45,F1,7.4245,OK
2026-07-09 09:44:56,F1,7.8310,OK
2026-07-09 09:45:06,F1,7.4509,OK
2026-07-09 09:45:17,F1,7.6515,OK
2026-07-09 09:45:27,F1,7.7492,OK
2026-07-09 09:45:37,F1,8.4037,OK
2026-07-09 09:45:48,F1,9.1982,OK
2026-07-09 09:45:58,F1,10.6313,OK
2026-07-09 09:46:08,F1,12.6821,OK
2026-07-09 09:46:19,F1,13.4686,OK
2026-07-09 09:46:29,F1,13.8487,OK
2026-07-09 09:46:40,F1,13.5637,OK
2026-07-09 09:46:50,F1,12.7560,OK
2026-07-09 09:47:00,F1,12.7428,OK
2026-07-09 09:47:11,F1,11.9352,OK
2026-07-09 09:47:21,F1,11.0246,OK
2026-07-09 09:47:31,F1,10.5152,OK
2026-07-09 09:47:42,F1,10.3964,OK
2026-07-09 09:47:52,F1,10.7739,OK
2026-07-09 09:48:02,F1,10.2829,OK
2026-07-09 09:48:13,F1,10.7950,OK
2026-07-09 09:48:23,F1,11.2094,OK
2026-07-09 09:48:34,F1,11.4205,OK
2026-07-09 09:48:44,F1,11.1275,OK
2026-07-09 09:48:54,F1,11.0088,OK
2026-07-09 09:49:05,F1,11.2384,OK
2026-07-09 09:49:15,F1,11.3017,OK
2026-07-09 09:49:25,F1,10.9164,OK
2026-07-09 09:49:36,F1,11.8824,OK
2026-07-09 09:49:46,F1,10.5838,OK
2026-07-09 09:49:57,F1,11.2489,OK
2026-07-09 09:50:07,F1,11.6950,OK
2026-07-09 09:50:17,F1,0.0000,Bajo rango
2026-07-09 09:50:28,F1,34.1401,OK
2026-07-09 09:50:38,F1,0.0000,Bajo rango
2026-07-09 09:50:48,F1,0.0000,Bajo rango
2026-07-09 09:50:59,F1,0.0000,Bajo rango
2026-07-09 09:51:09,F1,29.2758,OK
2026-07-09 09:51:20,F1,2.1801,OK
2026-07-09 09:51:30,F1,8.3113,OK
2026-07-09 09:51:40,F1,7.8204,OK
2026-07-09 09:51:51,F1,7.6014,OK
2026-07-09 09:52:01,F1,8.0712,OK
2026-07-09 09:52:11,F1,7.7544,OK
2026-07-09 09:52:22,F1,7.8442,OK
2026-07-09 09:52:32,F1,8.0184,OK
2026-07-09 09:52:42,F1,7.9788,OK
2026-07-09 09:52:53,F1,8.0263,OK
2026-07-09 09:53:03,F1,7.6093,OK
2026-07-09 09:53:14,F1,7.5459,OK
2026-07-09 09:53:24,F1,7.7016,OK
2026-07-09 09:53:34,F1,7.7544,OK
2026-07-09 09:53:45,F1,7.0418,OK
2026-07-09 09:53:55,F1,7.0999,OK
2026-07-09 09:54:05,F1,6.9969,OK
2026-07-09 09:54:16,F1,7.2266,OK
2026-07-09 09:54:26,F1,7.2582,OK
2026-07-09 09:54:37,F1,7.2688,OK
2026-07-09 09:54:47,F1,7.2239,OK
2026-07-09 09:54:57,F1,7.3242,OK
2026-07-09 09:55:08,F1,7.2318,OK
2026-07-09 09:55:18,F1,7.3717,OK
2026-07-09 09:55:28,F1,7.4060,OK
2026-07-09 09:55:39,F1,7.2952,OK
2026-07-09 09:55:49,F1,7.3137,OK
2026-07-09 09:56:00,F1,7.4483,OK
2026-07-09 09:56:10,F1,7.4324,OK
2026-07-09 09:56:20,F1,7.4615,OK
2026-07-09 09:56:31,F1,7.1474,OK
2026-07-09 09:56:41,F1,7.1104,OK
2026-07-09 09:56:51,F1,7.4799,OK
2026-07-09 09:57:02,F1,7.5301,OK
2026-07-09 09:57:12,F1,7.6515,OK
2026-07-09 09:57:22,F1,7.7333,OK
2026-07-09 09:57:33,F1,7.7518,OK
2026-07-09 09:57:43,F1,7.4720,OK
2026-07-09 09:57:53,F1,7.3902,OK
2026-07-09 09:58:04,F1,7.6304,OK
2026-07-09 09:58:14,F1,7.4245,OK
2026-07-09 09:58:25,F1,7.4588,OK
2026-07-09 09:58:35,F1,7.3269,OK
2026-07-09 09:58:45,F1,7.4087,OK
2026-07-09 09:58:56,F1,7.5090,OK
2026-07-09 09:59:06,F1,7.0629,OK
2026-07-09 09:59:16,F1,7.1210,OK
2026-07-09 09:59:27,F1,7.1421,OK
2026-07-09 09:59:37,F1,7.1632,OK
2026-07-09 09:59:48,F1,7.3717,OK
2026-07-09 09:59:58,F1,7.1659,OK
2026-07-09 10:00:08,F1,7.2635,OK
2026-07-09 10:00:19,F1,7.1896,OK
2026-07-09 10:00:29,F1,8.0844,OK
2026-07-09 10:00:39,F1,9.6759,OK
2026-07-09 10:00:50,F1,11.2331,OK
2026-07-09 10:01:00,F1,12.1701,OK
2026-07-09 10:01:11,F1,12.4551,OK
2026-07-09 10:01:21,F1,12.4023,OK
2026-07-09 10:01:31,F1,11.9141,OK
2026-07-09 10:01:42,F1,11.4759,OK
2026-07-09 10:01:52,F1,11.7531,OK
2026-07-09 10:02:02,F1,11.2542,OK
2026-07-09 10:02:13,F1,10.4492,OK
2026-07-09 10:02:23,F1,9.8501,OK
2026-07-09 10:02:33,F1,10.5627,OK
2026-07-09 10:02:44,F1,10.3199,OK
2026-07-09 10:02:54,F1,9.8580,OK
2026-07-09 10:03:04,F1,10.1562,OK
2026-07-09 10:03:15,F1,9.6521,OK
2026-07-09 10:03:25,F1,10.5178,OK
2026-07-09 10:03:36,F1,9.8712,OK
2026-07-09 10:03:46,F1,10.4730,OK
2026-07-09 10:03:56,F1,10.2143,OK
2026-07-09 10:04:07,F1,10.4624,OK
2026-07-09 10:04:17,F1,10.0850,OK
2026-07-09 10:04:27,F1,10.9137,OK
2026-07-09 10:04:38,F1,10.3331,OK
2026-07-09 10:04:48,F1,10.0032,OK
2026-07-09 10:04:58,F1,10.2856,OK
2026-07-09 10:05:09,F1,10.1483,OK
2026-07-09 10:05:19,F1,10.1061,OK
2026-07-09 10:05:29,F1,10.1879,OK
2026-07-09 10:05:40,F1,9.7788,OK
2026-07-09 10:05:50,F1,10.0823,OK
2026-07-09 10:06:01,F1,10.0190,OK
2026-07-09 10:06:11,F1,10.5099,OK
2026-07-09 10:06:21,F1,9.8554,OK
2026-07-09 10:06:32,F1,8.5964,OK
2026-07-09 10:06:42,F1,7.8785,OK
2026-07-09 10:06:52,F1,7.7492,OK
2026-07-09 10:07:03,F1,7.5090,OK
2026-07-09 10:07:13,F1,7.2054,OK
2026-07-09 10:07:24,F1,7.0418,OK
2026-07-09 10:07:34,F1,6.9151,OK
2026-07-09 10:07:44,F1,6.6301,OK
2026-07-09 10:07:55,F1,6.5456,OK
2026-07-09 10:08:05,F1,6.4691,OK
2026-07-09 10:08:15,F1,5.9095,OK
2026-07-09 10:08:26,F1,6.1576,OK
2026-07-09 10:08:36,F1,6.1761,OK
2026-07-09 10:08:47,F1,6.3028,OK
2026-07-09 10:08:57,F1,5.9597,OK
2026-07-09 10:09:07,F1,6.4031,OK
2026-07-09 10:09:18,F1,6.4506,OK
2026-07-09 10:09:28,F1,6.4136,OK
2026-07-09 10:09:38,F1,6.8887,OK
2026-07-09 10:09:49,F1,6.7224,OK
2026-07-09 10:09:59,F1,7.0735,OK
2026-07-09 10:10:09,F1,6.9573,OK
2026-07-09 10:10:20,F1,7.1764,OK
2026-07-09 10:10:30,F1,7.2002,OK
2026-07-09 10:10:41,F1,7.0497,OK
2026-07-09 10:10:51,F1,7.2741,OK
2026-07-09 10:11:01,F1,7.1632,OK
2026-07-09 10:11:12,F1,8.1926,OK
2026-07-09 10:11:22,F1,7.5433,OK
2026-07-09 10:11:32,F1,7.6251,OK
2026-07-09 10:11:43,F1,7.5274,OK
2026-07-09 10:11:53,F1,7.5011,OK
2026-07-09 10:12:03,F1,7.9814,OK
2026-07-09 10:12:14,F1,7.4166,OK
2026-07-09 10:12:24,F1,7.1896,OK
2026-07-09 10:12:35,F1,7.5908,OK
2026-07-09 10:12:45,F1,7.4008,OK
2026-07-09 10:12:55,F1,7.4562,OK
2026-07-09 10:13:06,F1,7.6568,OK
2026-07-09 10:13:21,F1,7.6172,OK
2026-07-09 10:13:31,F1,7.4747,OK
2026-07-09 10:13:42,F1,7.7887,OK
2026-07-09 10:13:52,F1,7.5987,OK
2026-07-09 10:14:02,F1,7.4641,OK
2026-07-09 10:14:13,F1,7.4298,OK
2026-07-09 10:14:23,F1,7.7597,OK
2026-07-09 10:14:33,F1,7.2398,OK
2026-07-09 10:14:44,F1,7.3163,OK
2026-07-09 10:14:54,F1,7.3269,OK
2026-07-09 10:15:05,F1,7.4060,OK
2026-07-09 10:15:15,F1,7.3374,OK
2026-07-09 10:15:25,F1,7.2635,OK
2026-07-09 10:15:36,F1,7.4747,OK
2026-07-09 10:15:46,F1,7.4905,OK
2026-07-09 10:15:57,F1,6.9573,OK
2026-07-09 10:16:07,F1,7.4272,OK
2026-07-09 10:16:17,F1,7.6119,OK
2026-07-09 10:16:28,F1,7.5037,OK
2026-07-09 10:16:38,F1,7.6489,OK
2026-07-09 10:16:48,F1,7.8283,OK
2026-07-09 10:16:59,F1,8.6993,OK
2026-07-09 10:17:09,F1,9.5861,OK
2026-07-09 10:17:20,F1,11.5551,OK
2026-07-09 10:17:30,F1,13.1704,OK
2026-07-09 10:17:40,F1,13.2205,OK
2026-07-09 10:17:51,F1,13.1387,OK
2026-07-09 10:18:01,F1,12.5422,OK
2026-07-09 10:18:12,F1,11.9088,OK
2026-07-09 10:18:22,F1,12.5554,OK
2026-07-09 10:18:32,F1,11.1064,OK
2026-07-09 10:18:43,F1,10.2513,OK
2026-07-09 10:18:53,F1,10.5785,OK
2026-07-09 10:19:03,F1,9.9557,OK
2026-07-09 10:19:14,F1,10.2671,OK
2026-07-09 10:19:24,F1,10.6577,OK
2026-07-09 10:19:35,F1,9.8026,OK
2026-07-09 10:19:45,F1,10.1140,OK
2026-07-09 10:19:55,F1,9.9715,OK
2026-07-09 10:20:06,F1,9.6785,OK
2026-07-09 10:20:16,F1,10.6181,OK
2026-07-09 10:20:26,F1,9.9900,OK
2026-07-09 10:20:37,F1,10.2539,OK
2026-07-09 10:20:47,F1,10.1035,OK
2026-07-09 10:20:58,F1,10.2935,OK
2026-07-09 10:21:08,F1,10.1694,OK
2026-07-09 10:21:18,F1,10.2513,OK
2026-07-09 10:21:29,F1,10.1642,OK
2026-07-09 10:21:39,F1,10.2302,OK
2026-07-09 10:21:49,F1,8.2876,OK
2026-07-09 10:22:00,F1,7.6805,OK
2026-07-09 10:22:10,F1,6.9072,OK
2026-07-09 10:22:20,F1,6.6380,OK
2026-07-09 10:22:31,F1,6.7383,OK
2026-07-09 10:22:41,F1,6.5878,OK
2026-07-09 10:22:51,F1,6.5509,OK
2026-07-09 10:23:02,F1,6.8729,OK
2026-07-09 10:23:12,F1,6.4004,OK
2026-07-09 10:23:23,F1,6.3767,OK
2026-07-09 10:23:33,F1,6.3424,OK
2026-07-09 10:23:43,F1,6.3846,OK
2026-07-09 10:23:54,F1,6.6485,OK
2026-07-09 10:24:04,F1,6.8966,OK
2026-07-09 10:24:15,F1,6.8148,OK
2026-07-09 10:24:25,F1,6.5984,OK
2026-07-09 10:24:35,F1,6.9098,OK
2026-07-09 10:24:46,F1,7.0814,OK
2026-07-09 10:24:56,F1,7.4852,OK
2026-07-09 10:25:07,F1,7.4219,OK
2026-07-09 10:25:17,F1,7.5406,OK
2026-07-09 10:25:27,F1,7.4087,OK
2026-07-09 10:25:38,F1,7.6409,OK
2026-07-09 10:25:48,F1,7.4087,OK
2026-07-09 10:25:58,F1,7.4166,OK
2026-07-09 10:26:09,F1,7.7465,OK
2026-07-09 10:26:19,F1,7.3533,OK
2026-07-09 10:26:29,F1,7.7650,OK
2026-07-09 10:26:40,F1,7.6040,OK
2026-07-09 10:26:50,F1,7.3057,OK
2026-07-09 10:27:01,F1,7.4192,OK
2026-07-09 10:27:11,F1,7.5459,OK
2026-07-09 10:27:21,F1,7.4298,OK
2026-07-09 10:27:32,F1,7.5565,OK
2026-07-09 10:27:42,F1,7.2846,OK
2026-07-09 10:27:52,F1,7.0550,OK
2026-07-09 10:28:03,F1,7.1447,OK
2026-07-09 10:28:13,F1,7.3796,OK
2026-07-09 10:28:24,F1,6.9283,OK
2026-07-09 10:28:34,F1,6.7990,OK
2026-07-09 10:28:44,F1,6.8122,OK
2026-07-09 10:28:55,F1,6.5562,OK
2026-07-09 10:29:05,F1,6.9653,OK
2026-07-09 10:29:15,F1,6.9943,OK
2026-07-09 10:29:26,F1,6.9758,OK
2026-07-09 10:29:36,F1,7.1052,OK
2026-07-09 10:29:46,F1,6.6776,OK
2026-07-09 10:29:57,F1,7.9313,OK
2026-07-09 10:30:07,F1,9.7234,OK
2026-07-09 10:30:18,F1,9.5809,OK
2026-07-09 10:30:28,F1,9.3486,OK
2026-07-09 10:30:38,F1,9.0662,OK
2026-07-09 10:30:49,F1,8.6888,OK
2026-07-09 10:30:59,F1,8.4776,OK
2026-07-09 10:31:09,F1,8.5832,OK
2026-07-09 10:31:20,F1,8.3113,OK
2026-07-09 10:31:30,F1,8.6703,OK
2026-07-09 10:31:41,F1,8.4116,OK
2026-07-09 10:31:51,F1,8.5014,OK
2026-07-09 10:32:01,F1,8.3483,OK
2026-07-09 10:32:12,F1,8.4697,OK
2026-07-09 10:32:22,F1,8.6756,OK
2026-07-09 10:32:32,F1,8.4143,OK
2026-07-09 10:32:43,F1,8.5515,OK
2026-07-09 10:32:53,F1,8.2929,OK
2026-07-09 10:33:04,F1,8.5014,OK
2026-07-09 10:33:14,F1,8.4750,OK
2026-07-09 10:33:24,F1,8.3008,OK
2026-07-09 10:33:35,F1,8.1398,OK
2026-07-09 10:33:45,F1,8.3245,OK
2026-07-09 10:33:55,F1,8.0764,OK
2026-07-09 10:34:06,F1,8.4750,OK
2026-07-09 10:34:16,F1,8.3351,OK
2026-07-09 10:34:26,F1,8.1794,OK
2026-07-09 10:34:37,F1,8.1978,OK
2026-07-09 10:34:47,F1,8.4803,OK
2026-07-09 10:34:58,F1,8.4935,OK
2026-07-09 10:35:08,F1,8.7706,OK
2026-07-09 10:35:18,F1,8.5674,OK
2026-07-09 10:35:29,F1,8.4116,OK
2026-07-09 10:35:39,F1,8.4829,OK
2026-07-09 10:35:50,F1,8.6729,OK
2026-07-09 10:36:00,F1,8.5410,OK
2026-07-09 10:36:10,F1,8.4565,OK
2026-07-09 10:36:21,F1,8.5330,OK
2026-07-09 10:36:31,F1,8.5357,OK
2026-07-09 10:36:41,F1,8.6413,OK
2026-07-09 10:36:52,F1,8.7706,OK
2026-07-09 10:37:02,F1,8.6940,OK
2026-07-09 10:37:12,F1,8.6703,OK
2026-07-09 10:37:23,F1,8.6914,OK
2026-07-09 10:37:33,F1,8.7363,OK
2026-07-09 10:37:44,F1,8.9870,OK
2026-07-09 10:37:54,F1,8.9052,OK
2026-07-09 10:38:04,F1,9.0213,OK
2026-07-09 10:38:15,F1,9.0134,OK
2026-07-09 10:38:25,F1,8.8920,OK
2026-07-09 10:38:36,F1,8.8841,OK
2026-07-09 10:38:46,F1,8.9606,OK
2026-07-09 10:38:56,F1,8.9421,OK
2026-07-09 10:39:07,F1,8.9685,OK
2026-07-09 10:39:17,F1,8.9765,OK
2026-07-09 10:39:27,F1,8.7099,OK
2026-07-09 10:39:38,F1,8.6861,OK
2026-07-09 10:39:48,F1,9.0134,OK
2026-07-09 10:39:59,F1,8.7363,OK
2026-07-09 10:40:09,F1,8.7706,OK
2026-07-09 10:40:19,F1,8.7653,OK
2026-07-09 10:40:30,F1,8.6888,OK
2026-07-09 10:40:40,F1,8.7257,OK
2026-07-09 10:40:50,F1,8.8577,OK
2026-07-09 10:41:01,F1,8.7416,OK
2026-07-09 10:41:11,F1,8.6096,OK
2026-07-09 10:41:22,F1,8.8656,OK
2026-07-09 10:41:32,F1,9.0055,OK
2026-07-09 10:41:42,F1,8.1160,OK
2026-07-09 10:41:53,F1,8.3800,OK
2026-07-09 10:42:03,F1,9.0926,OK
2026-07-09 10:42:13,F1,8.7864,OK
2026-07-09 10:42:24,F1,8.6149,OK
2026-07-09 10:42:34,F1,8.9580,OK
2026-07-09 10:42:45,F1,8.8656,OK
2026-07-09 10:42:55,F1,8.5779,OK
2026-07-09 10:43:05,F1,9.1454,OK
2026-07-09 10:43:16,F1,8.8814,OK
2026-07-09 10:43:26,F1,8.7943,OK
2026-07-09 10:43:36,F1,8.7495,OK
2026-07-09 10:43:47,F1,9.1533,OK
2026-07-09 10:43:57,F1,9.1902,OK
2026-07-09 10:44:07,F1,9.1955,OK
2026-07-09 10:44:18,F1,8.9527,OK
2026-07-09 10:44:28,F1,9.5914,OK
2026-07-09 10:44:39,F1,9.0108,OK
2026-07-09 10:44:49,F1,8.9738,OK
2026-07-09 10:44:59,F1,8.9289,OK
2026-07-09 10:45:10,F1,9.2430,OK
2026-07-09 10:45:20,F1,8.9738,OK
2026-07-09 10:45:31,F1,9.1375,OK
2026-07-09 10:45:41,F1,9.2932,OK
2026-07-09 10:45:51,F1,9.2905,OK
2026-07-09 10:46:02,F1,9.2008,OK
2026-07-09 10:46:12,F1,9.2747,OK
2026-07-09 10:46:22,F1,9.0240,OK
2026-07-09 10:46:33,F1,8.8577,OK
2026-07-09 10:46:43,F1,9.0319,OK
2026-07-09 10:46:54,F1,8.9289,OK
2026-07-09 10:47:04,F1,8.9289,OK
2026-07-09 10:47:14,F1,9.1031,OK
2026-07-09 10:47:25,F1,9.4331,OK
2026-07-09 10:47:35,F1,8.9421,OK
2026-07-09 10:47:45,F1,9.1559,OK
2026-07-09 10:47:56,F1,9.0530,OK
2026-07-09 10:48:06,F1,8.9421,OK
2026-07-09 10:48:17,F1,8.9263,OK
2026-07-09 10:48:27,F1,8.8418,OK
2026-07-09 10:48:37,F1,8.9738,OK
2026-07-09 10:48:48,F1,8.7574,OK
2026-07-09 10:48:58,F1,8.7099,OK
2026-07-09 10:49:08,F1,8.6703,OK
2026-07-09 10:49:19,F1,8.7970,OK
2026-07-09 10:49:29,F1,8.5330,OK
2026-07-09 10:49:40,F1,8.5647,OK
2026-07-09 10:49:50,F1,8.3641,OK
2026-07-09 10:50:00,F1,8.6149,OK
2026-07-09 10:50:11,F1,8.4433,OK
2026-07-09 10:50:21,F1,8.5093,OK
2026-07-09 10:50:31,F1,8.8075,OK
2026-07-09 10:50:42,F1,8.6571,OK
2026-07-09 10:50:52,F1,8.8682,OK
2026-07-09 10:51:03,F1,8.7152,OK
2026-07-09 10:51:13,F1,8.8630,OK
2026-07-09 10:51:23,F1,9.4357,OK
2026-07-09 10:51:34,F1,8.3457,OK
2026-07-09 10:51:44,F1,8.6360,OK
2026-07-09 10:51:54,F1,8.3562,OK
2026-07-09 10:52:05,F1,8.3773,OK
2026-07-09 10:52:15,F1,8.5014,OK
2026-07-09 10:52:25,F1,8.6201,OK
2026-07-09 10:52:36,F1,8.4037,OK
2026-07-09 10:52:46,F1,0.0000,Bajo rango
2026-07-09 10:52:57,F1,0.0000,Bajo rango
2026-07-09 10:53:07,F1,0.0000,Bajo rango
2026-07-09 10:53:17,F1,0.0000,Bajo rango
2026-07-09 10:53:28,F1,0.0000,Bajo rango
2026-07-09 10:53:38,F1,0.0000,Bajo rango
2026-07-09 10:53:49,F1,0.0000,Bajo rango
2026-07-09 10:53:59,F1,0.0000,Bajo rango
2026-07-09 10:54:10,F1,0.0000,Bajo rango
2026-07-09 10:54:20,F1,0.0000,Bajo rango
2026-07-09 10:54:31,F1,0.0000,Bajo rango
2026-07-09 10:54:41,F1,0.0000,Bajo rango
2026-07-09 10:54:51,F1,0.0000,Bajo rango
2026-07-09 10:55:02,F1,0.0000,Bajo rango
2026-07-09 10:55:12,F1,0.0000,Bajo rango
2026-07-09 10:55:22,F1,0.0000,Bajo rango
2026-07-09 10:55:33,F1,0.0000,Bajo rango
2026-07-09 10:55:43,F1,0.0000,Bajo rango
2026-07-09 10:55:54,F1,0.0000,Bajo rango
2026-07-09 10:56:04,F1,0.0000,Bajo rango
2026-07-09 10:56:14,F1,0.0000,OK
2026-07-09 10:56:25,F1,0.0000,Bajo rango
2026-07-09 10:56:35,F1,0.0000,Bajo rango
2026-07-09 10:56:45,F1,0.0000,Bajo rango
2026-07-09 10:56:56,F1,0.0000,Bajo rango
2026-07-09 10:57:06,F1,0.0000,Bajo rango
2026-07-09 10:57:17,F1,0.0000,OK
2026-07-09 10:57:27,F1,0.0000,Bajo rango
2026-07-09 10:57:37,F1,0.0000,Bajo rango
2026-07-09 10:57:48,F1,0.0000,Bajo rango
2026-07-09 10:57:58,F1,0.0000,Bajo rango
2026-07-09 10:58:08,F1,0.0000,Bajo rango
2026-07-09 10:58:19,F1,0.0000,Bajo rango
2026-07-09 10:58:29,F1,0.0000,Bajo rango
2026-07-09 10:58:40,F1,0.0000,Bajo rango
2026-07-09 10:58:50,F1,0.0000,Bajo rango
2026-07-09 10:59:00,F1,0.0000,Bajo rango
2026-07-09 10:59:11,F1,0.0000,Bajo rango
2026-07-09 10:59:21,F1,0.0000,Bajo rango
2026-07-09 10:59:31,F1,0.0000,Bajo rango
2026-07-09 10:59:42,F1,0.0000,Bajo rango
2026-07-09 10:59:52,F1,0.0000,Bajo rango
2026-07-09 11:00:03,F1,0.0000,Bajo rango
2026-07-09 11:00:13,F1,0.0000,Bajo rango
2026-07-09 11:00:23,F1,0.0000,Bajo rango
2026-07-09 11:00:34,F1,0.0000,Bajo rango
2026-07-09 11:00:44,F1,0.0000,Bajo rango
2026-07-09 11:00:54,F1,0.0000,Bajo rango
2026-07-09 11:01:05,F1,0.0000,Bajo rango
2026-07-09 11:01:15,F1,0.0000,Bajo rango
2026-07-09 11:01:26,F1,0.0000,Bajo rango
2026-07-09 11:01:36,F1,0.0000,Bajo rango
2026-07-09 11:01:46,F1,0.0000,Bajo rango
2026-07-09 11:01:57,F1,0.0000,Bajo rango
2026-07-09 11:02:07,F1,0.0000,Bajo rango
2026-07-09 11:02:17,F1,0.0000,Bajo rango
2026-07-09 11:02:28,F1,0.0000,Bajo rango
2026-07-09 11:02:38,F1,0.0000,Bajo rango
2026-07-09 11:02:48,F1,0.0000,Bajo rango
2026-07-09 11:02:59,F1,0.0000,Bajo rango
2026-07-09 11:03:09,F1,0.0000,Bajo rango
2026-07-09 11:03:20,F1,0.0000,Bajo rango
2026-07-09 11:03:30,F1,0.0000,Bajo rango
2026-07-09 11:03:40,F1,0.0000,Bajo rango
2026-07-09 11:03:51,F1,0.0000,Bajo rango
2026-07-09 11:04:01,F1,0.0000,Bajo rango
2026-07-09 11:04:11,F1,0.0000,Bajo rango
2026-07-09 11:04:22,F1,0.0000,Bajo rango
2026-07-09 11:04:32,F1,0.0000,Bajo rango
2026-07-09 11:04:43,F1,0.0000,Bajo rango
2026-07-09 11:04:53,F1,0.0000,Bajo rango
2026-07-09 11:05:03,F1,0.0000,Bajo rango
2026-07-09 11:05:14,F1,0.0000,Bajo rango
2026-07-09 11:05:24,F1,0.0000,Bajo rango
2026-07-09 11:05:34,F1,0.0000,Bajo rango
2026-07-09 11:05:45,F1,0.0000,Bajo rango
2026-07-09 11:05:55,F1,0.0000,Bajo rango
2026-07-09 11:06:06,F1,0.0000,Bajo rango
2026-07-09 11:06:16,F1,0.0000,Bajo rango
2026-07-09 11:06:26,F1,0.0000,Bajo rango
2026-07-09 11:06:37,F1,0.0000,Bajo rango
2026-07-09 11:06:47,F1,0.0000,Bajo rango
2026-07-09 11:06:57,F1,0.0000,Bajo rango
2026-07-09 11:07:08,F1,0.0000,Bajo rango
2026-07-09 11:07:18,F1,0.0000,Bajo rango
2026-07-09 11:07:29,F1,0.0000,Bajo rango
2026-07-09 11:07:39,F1,0.0000,Bajo rango
2026-07-09 11:07:49,F1,0.0000,Bajo rango
2026-07-09 11:08:00,F1,0.0000,Bajo rango
2026-07-09 11:08:10,F1,0.0000,Bajo rango
2026-07-09 11:08:20,F1,0.0000,Bajo rango
2026-07-09 11:08:31,F1,0.0000,Bajo rango
2026-07-09 11:08:41,F1,0.0000,Bajo rango
2026-07-09 11:08:51,F1,0.0000,Bajo rango
2026-07-09 11:09:02,F1,0.0000,Bajo rango
2026-07-09 11:09:12,F1,0.0000,Bajo rango
2026-07-09 11:09:23,F1,0.0000,Bajo rango
2026-07-09 11:09:33,F1,0.0000,Bajo rango
2026-07-09 11:09:43,F1,0.0000,Bajo rango
2026-07-09 11:09:54,F1,0.0000,Bajo rango
2026-07-09 11:10:04,F1,0.0000,Bajo rango
2026-07-09 11:10:14,F1,0.0000,Bajo rango
2026-07-09 11:10:25,F1,0.0000,Bajo rango
2026-07-09 11:10:35,F1,0.0000,Bajo rango
2026-07-09 11:10:46,F1,0.0000,Bajo rango
2026-07-09 11:10:56,F1,0.0000,Bajo rango
2026-07-09 11:11:07,F1,0.0000,Bajo rango
2026-07-09 11:11:17,F1,0.0000,Bajo rango
2026-07-09 11:11:27,F1,0.0000,Bajo rango
2026-07-09 11:11:38,F1,0.0000,Bajo rango
2026-07-09 11:11:48,F1,0.0000,Bajo rango
2026-07-09 11:11:58,F1,0.0000,Bajo rango
2026-07-09 11:12:09,F1,0.0000,Bajo rango
2026-07-09 11:12:19,F1,0.0000,Bajo rango
2026-07-09 11:12:29,F1,0.0000,Bajo rango
2026-07-09 11:12:40,F1,0.0000,Bajo rango
2026-07-09 11:12:50,F1,0.0000,Bajo rango
2026-07-09 11:13:01,F1,0.0000,Bajo rango
2026-07-09 11:13:11,F1,0.0000,Bajo rango
2026-07-09 11:13:21,F1,0.0000,Bajo rango
2026-07-09 11:13:32,F1,0.0000,Bajo rango
2026-07-09 11:13:42,F1,0.0000,Bajo rango
2026-07-09 11:13:52,F1,0.0000,Bajo rango
2026-07-09 11:14:03,F1,0.0000,Bajo rango
2026-07-09 11:14:13,F1,0.0000,Bajo rango
2026-07-09 11:14:24,F1,0.0000,Bajo rango
2026-07-09 11:14:34,F1,0.0000,Bajo rango
2026-07-09 11:14:44,F1,0.0000,Bajo rango
2026-07-09 11:14:55,F1,0.0000,Bajo rango
2026-07-09 11:15:05,F1,0.0000,Bajo rango
2026-07-09 11:15:15,F1,0.0000,Bajo rango
2026-07-09 11:15:26,F1,0.0000,Bajo rango
2026-07-09 11:15:36,F1,0.0000,Bajo rango
2026-07-09 11:15:47,F1,0.0000,Bajo rango
2026-07-09 11:15:57,F1,0.0000,Bajo rango
2026-07-09 11:16:07,F1,0.0000,Bajo rango
2026-07-09 11:16:18,F1,0.0000,Bajo rango
2026-07-09 11:16:28,F1,0.0000,Bajo rango
2026-07-09 11:16:38,F1,0.0000,Bajo rango
2026-07-09 11:16:49,F1,0.0000,Bajo rango
2026-07-09 11:16:59,F1,0.0000,Bajo rango
2026-07-09 11:17:09,F1,0.0000,Bajo rango
2026-07-09 11:17:20,F1,0.0000,Bajo rango
2026-07-09 11:17:30,F1,0.0000,Bajo rango
2026-07-09 11:17:41,F1,0.0000,Bajo rango
2026-07-09 11:17:51,F1,0.0000,Bajo rango
2026-07-09 11:18:01,F1,0.0000,Bajo rango
2026-07-09 11:18:12,F1,0.0000,Bajo rango
2026-07-09 11:18:22,F1,0.0000,Bajo rango
2026-07-09 11:18:32,F1,0.0000,Bajo rango
2026-07-09 11:18:43,F1,0.0000,Bajo rango
2026-07-09 11:18:53,F1,0.0000,Bajo rango
2026-07-09 11:19:04,F1,0.0000,Bajo rango
2026-07-09 11:19:14,F1,0.0000,Bajo rango
2026-07-09 11:19:24,F1,0.0000,Bajo rango
2026-07-09 11:19:35,F1,0.0000,Bajo rango
2026-07-09 11:19:45,F1,0.0000,Bajo rango
2026-07-09 11:19:55,F1,0.0000,Bajo rango
2026-07-09 11:20:06,F1,0.0000,Bajo rango
2026-07-09 11:20:16,F1,0.0000,Bajo rango
2026-07-09 11:20:26,F1,0.0000,Bajo rango
2026-07-09 11:20:37,F1,0.0000,Bajo rango
2026-07-09 11:20:47,F1,0.0000,Bajo rango
2026-07-09 11:20:58,F1,0.0000,Bajo rango
2026-07-09 11:21:08,F1,0.0000,Bajo rango
2026-07-09 11:21:18,F1,0.0000,Bajo rango
2026-07-09 11:21:29,F1,0.0000,Bajo rango
2026-07-09 11:21:39,F1,0.0000,Bajo rango
2026-07-09 11:21:50,F1,0.0000,Bajo rango
2026-07-09 11:22:00,F1,0.0000,Bajo rango
2026-07-09 11:22:10,F1,0.0000,Bajo rango
2026-07-09 11:22:21,F1,0.0000,Bajo rango
2026-07-09 11:22:31,F1,0.0000,Bajo rango
2026-07-09 11:22:41,F1,0.0000,Bajo rango
2026-07-09 11:22:52,F1,0.0000,Bajo rango
2026-07-09 11:23:02,F1,0.0000,Bajo rango
2026-07-09 11:23:12,F1,0.0000,Bajo rango
2026-07-09 11:23:23,F1,0.0000,Bajo rango
2026-07-09 11:23:33,F1,0.0000,Bajo rango
2026-07-09 11:23:46,F1,0.0000,Bajo rango
2026-07-09 11:23:56,F1,0.0000,Bajo rango
2026-07-09 11:24:06,F1,0.0000,Bajo rango
2026-07-09 11:24:17,F1,0.0000,Bajo rango
2026-07-09 11:24:27,F1,0.0000,Bajo rango
2026-07-09 11:24:38,F1,0.0000,Bajo rango
2026-07-09 11:24:48,F1,0.0000,Bajo rango
2026-07-09 11:24:58,F1,0.0000,Bajo rango
2026-07-09 11:25:09,F1,0.0000,Bajo rango
2026-07-09 11:25:19,F1,0.0000,Bajo rango
2026-07-09 11:25:29,F1,0.0000,Bajo rango
2026-07-09 11:25:40,F1,0.0000,Bajo rango
2026-07-09 11:25:50,F1,0.0000,Bajo rango
2026-07-09 11:26:01,F1,0.0000,Bajo rango
2026-07-09 11:26:12,F1,0.0000,Bajo rango
2026-07-09 11:26:23,F1,0.0000,Bajo rango
2026-07-09 11:26:33,F1,0.0000,Bajo rango
2026-07-09 11:26:44,F1,0.0000,Bajo rango
2026-07-09 11:26:54,F1,0.0000,Bajo rango
2026-07-09 11:27:04,F1,0.0000,Bajo rango
2026-07-09 11:27:15,F1,0.0000,Bajo rango
2026-07-09 11:27:25,F1,0.0000,Bajo rango
2026-07-09 11:27:35,F1,0.0000,Bajo rango
2026-07-09 11:27:46,F1,0.0000,Bajo rango
2026-07-09 11:27:56,F1,0.0000,Bajo rango
2026-07-09 11:28:07,F1,0.0000,Bajo rango
2026-07-09 11:28:17,F1,0.0000,Bajo rango
2026-07-09 11:28:27,F1,0.0000,Bajo rango
2026-07-09 11:28:38,F1,0.0000,Bajo rango
2026-07-09 11:28:48,F1,0.0000,Bajo rango
2026-07-09 11:28:58,F1,0.0000,Bajo rango
2026-07-09 11:29:09,F1,0.0000,Bajo rango
2026-07-09 11:29:19,F1,0.0000,Bajo rango
2026-07-09 11:29:30,F1,0.0000,Bajo rango
2026-07-09 11:29:40,F1,0.0000,Bajo rango
2026-07-09 11:29:50,F1,0.0000,Bajo rango
2026-07-09 11:30:01,F1,0.0000,Bajo rango
2026-07-09 11:30:11,F1,0.0000,Bajo rango
2026-07-09 11:30:21,F1,0.0000,Bajo rango
2026-07-09 11:30:32,F1,0.0000,Bajo rango
2026-07-09 11:30:42,F1,0.0000,Bajo rango
2026-07-09 11:30:52,F1,0.0000,Bajo rango
2026-07-09 11:31:03,F1,0.0000,Bajo rango
2026-07-09 11:31:13,F1,0.0000,Bajo rango
2026-07-09 11:31:24,F1,0.0000,Bajo rango
2026-07-09 11:31:34,F1,0.0000,Bajo rango
2026-07-09 11:31:44,F1,0.0000,Bajo rango
2026-07-09 11:31:55,F1,0.0000,Bajo rango
2026-07-09 11:32:05,F1,0.0000,Bajo rango
2026-07-09 11:32:15,F1,0.0000,Bajo rango
2026-07-09 11:32:26,F1,0.0000,Bajo rango
2026-07-09 11:32:36,F1,0.0000,Bajo rango
2026-07-09 11:32:47,F1,0.0000,Bajo rango
2026-07-09 11:32:57,F1,0.0000,Bajo rango
2026-07-09 11:33:07,F1,0.0000,Bajo rango
2026-07-09 11:33:18,F1,0.0000,Bajo rango
2026-07-09 11:33:28,F1,0.0000,Bajo rango
2026-07-09 11:33:39,F1,0.0000,Bajo rango
2026-07-09 11:33:49,F1,0.0000,Bajo rango
2026-07-09 11:33:59,F1,0.0000,Bajo rango
2026-07-09 11:34:10,F1,0.0000,Bajo rango
2026-07-09 11:34:20,F1,0.0000,Bajo rango
2026-07-09 11:34:30,F1,0.0000,Bajo rango
2026-07-09 11:34:41,F1,0.0000,Bajo rango
2026-07-09 11:34:51,F1,0.0000,Bajo rango
2026-07-09 11:35:02,F1,0.0000,Bajo rango
2026-07-09 11:35:12,F1,0.0000,Bajo rango
2026-07-09 11:35:22,F1,0.0000,Bajo rango
2026-07-09 11:35:33,F1,0.0000,Bajo rango
2026-07-09 11:35:43,F1,0.0000,Bajo rango
2026-07-09 11:35:53,F1,0.0000,Bajo rango
2026-07-09 11:36:04,F1,0.0000,Bajo rango
2026-07-09 11:36:14,F1,0.0000,Bajo rango
2026-07-09 11:36:25,F1,0.0000,Bajo rango
2026-07-09 11:36:35,F1,0.0000,Bajo rango
2026-07-09 11:36:45,F1,0.0000,Bajo rango
2026-07-09 11:36:56,F1,0.0000,Bajo rango
2026-07-09 11:37:06,F1,0.0000,Bajo rango
2026-07-09 11:37:17,F1,0.0000,Bajo rango
2026-07-09 11:37:27,F1,0.0000,Bajo rango
2026-07-09 11:37:38,F1,0.0000,Bajo rango
2026-07-09 11:37:48,F1,0.0000,Bajo rango
2026-07-09 11:37:58,F1,0.0000,Bajo rango
2026-07-09 11:38:09,F1,0.0000,Bajo rango
2026-07-09 11:38:19,F1,0.0000,Bajo rango
2026-07-09 11:38:30,F1,0.0000,Bajo rango
2026-07-09 11:38:40,F1,0.0000,Bajo rango
2026-07-09 11:38:50,F1,0.0000,Bajo rango
2026-07-09 11:39:01,F1,0.0000,Bajo rango
2026-07-09 11:39:11,F1,0.0000,Bajo rango
2026-07-09 11:39:21,F1,0.0000,Bajo rango
2026-07-09 11:39:32,F1,0.0000,Bajo rango
2026-07-09 11:39:42,F1,0.0000,Bajo rango
2026-07-09 11:39:53,F1,0.0000,Bajo rango
2026-07-09 11:40:03,F1,0.0000,Bajo rango
2026-07-09 11:40:13,F1,0.0000,Bajo rango
2026-07-09 11:40:24,F1,0.0000,Bajo rango
2026-07-09 11:40:34,F1,0.0000,Bajo rango
2026-07-09 11:40:44,F1,0.0000,Bajo rango
2026-07-09 11:40:55,F1,0.0000,Bajo rango
2026-07-09 11:41:05,F1,0.0000,Bajo rango
2026-07-09 11:41:15,F1,0.0000,Bajo rango
2026-07-09 11:41:26,F1,0.0000,Bajo rango
2026-07-09 11:41:36,F1,0.0000,Bajo rango
2026-07-09 11:41:46,F1,0.0000,Bajo rango
2026-07-09 11:41:57,F1,0.0000,Bajo rango
2026-07-09 11:42:07,F1,0.0000,Bajo rango
2026-07-09 11:42:18,F1,0.0000,Bajo rango
2026-07-09 11:42:28,F1,0.0000,Bajo rango
2026-07-09 11:42:39,F1,0.0000,Bajo rango
2026-07-09 11:42:49,F1,0.0000,Bajo rango
2026-07-09 11:42:59,F1,0.0000,Bajo rango
2026-07-09 11:43:10,F1,0.0000,Bajo rango
2026-07-09 11:43:20,F1,0.0000,Bajo rango
2026-07-09 11:43:30,F1,0.0000,Bajo rango
2026-07-09 11:43:41,F1,0.0000,Bajo rango
2026-07-09 11:43:51,F1,0.0000,Bajo rango
2026-07-09 11:44:02,F1,0.0000,Bajo rango
2026-07-09 11:44:12,F1,0.0000,Bajo rango
2026-07-09 11:44:22,F1,0.0000,Bajo rango
2026-07-09 11:44:33,F1,0.0000,Bajo rango
2026-07-09 11:44:43,F1,0.0000,Bajo rango
2026-07-09 11:44:53,F1,0.0000,Bajo rango
2026-07-09 11:45:04,F1,0.0000,Bajo rango
2026-07-09 11:45:14,F1,0.0000,Bajo rango
2026-07-09 11:45:24,F1,0.0000,Bajo rango
2026-07-09 11:45:35,F1,0.0000,Bajo rango
2026-07-09 11:45:45,F1,0.0000,Bajo rango
2026-07-09 11:45:56,F1,0.0000,Bajo rango
2026-07-09 11:46:06,F1,0.0000,Bajo rango
2026-07-09 11:46:16,F1,0.0000,Bajo rango
2026-07-09 11:46:27,F1,0.0000,Bajo rango
2026-07-09 11:46:37,F1,0.0000,Bajo rango
2026-07-09 11:46:47,F1,0.0000,Bajo rango
2026-07-09 11:46:58,F1,0.0000,Bajo rango
2026-07-09 11:47:08,F1,0.0000,Bajo rango
2026-07-09 11:47:19,F1,0.0000,Bajo rango
2026-07-09 11:47:29,F1,0.0000,Bajo rango
2026-07-09 11:47:39,F1,0.0000,Bajo rango
2026-07-09 11:47:50,F1,0.0000,Bajo rango
2026-07-09 11:48:00,F1,0.0000,Bajo rango
2026-07-09 11:48:10,F1,0.0000,Bajo rango
2026-07-09 11:48:21,F1,0.0000,Bajo rango
2026-07-09 11:48:31,F1,0.0000,Bajo rango
2026-07-09 11:48:42,F1,0.0000,Bajo rango
2026-07-09 11:48:52,F1,0.0000,Bajo rango
2026-07-09 11:49:02,F1,0.0000,Bajo rango
2026-07-09 11:49:13,F1,0.0000,Bajo rango
2026-07-09 11:49:23,F1,0.0000,Bajo rango
2026-07-09 11:49:33,F1,0.0000,Bajo rango
2026-07-09 11:49:44,F1,0.0000,OK
2026-07-09 11:49:54,F1,0.0000,Bajo rango
2026-07-09 11:50:05,F1,0.0000,Bajo rango
2026-07-09 11:50:15,F1,0.0000,Bajo rango
2026-07-09 11:50:25,F1,0.0000,OK
2026-07-09 11:50:36,F1,0.0000,OK
2026-07-09 11:50:46,F1,0.0000,Bajo rango
2026-07-09 11:50:56,F1,0.0000,Bajo rango
2026-07-09 11:51:07,F1,0.0000,Bajo rango
2026-07-09 11:51:17,F1,0.0000,Bajo rango
2026-07-09 11:51:28,F1,0.0000,OK
2026-07-09 11:51:38,F1,0.0000,Bajo rango
2026-07-09 11:51:48,F1,0.0000,Bajo rango
2026-07-09 11:51:59,F1,0.0000,Bajo rango
2026-07-09 11:52:09,F1,0.0000,Bajo rango
2026-07-09 11:52:19,F1,0.0000,Bajo rango
2026-07-09 11:52:30,F1,0.0000,Bajo rango
2026-07-09 11:52:40,F1,0.0000,Bajo rango
2026-07-09 11:52:51,F1,0.0000,Bajo rango
2026-07-09 11:53:01,F1,0.0000,Bajo rango
2026-07-09 11:53:11,F1,0.0000,Bajo rango
2026-07-09 11:53:22,F1,0.0000,Bajo rango
2026-07-09 11:53:32,F1,0.0000,Bajo rango
2026-07-09 11:53:42,F1,0.0000,Bajo rango
2026-07-09 11:53:53,F1,0.0000,Bajo rango
2026-07-09 11:54:03,F1,0.0000,Bajo rango
2026-07-09 11:54:14,F1,0.0000,Bajo rango
2026-07-09 11:54:24,F1,0.0000,Bajo rango
2026-07-09 11:54:34,F1,0.0000,Bajo rango
2026-07-09 11:54:45,F1,0.0000,OK
2026-07-09 11:54:55,F1,0.0000,Bajo rango
2026-07-09 11:55:05,F1,0.0000,Bajo rango
2026-07-09 11:55:16,F1,0.0000,Bajo rango
2026-07-09 11:55:26,F1,0.0000,Bajo rango
2026-07-09 11:55:37,F1,0.0000,OK
2026-07-09 11:55:47,F1,0.0000,Bajo rango
2026-07-09 11:55:57,F1,0.0000,Bajo rango
2026-07-09 11:56:08,F1,0.0000,Bajo rango
2026-07-09 11:56:18,F1,0.0000,Bajo rango
2026-07-09 11:56:28,F1,0.0000,Bajo rango
2026-07-09 11:56:39,F1,0.0000,Bajo rango
2026-07-09 11:56:49,F1,0.0000,Bajo rango
2026-07-09 11:56:59,F1,0.0000,OK
2026-07-09 11:57:10,F1,0.0000,Bajo rango
2026-07-09 11:57:20,F1,0.0000,Bajo rango
2026-07-09 11:57:31,F1,0.0000,Bajo rango
2026-07-09 11:57:41,F1,0.0000,Bajo rango
2026-07-09 11:57:51,F1,0.0000,Bajo rango
2026-07-09 11:58:02,F1,0.0000,Bajo rango
2026-07-09 11:58:12,F1,0.0000,OK
2026-07-09 11:58:22,F1,0.0000,Bajo rango
2026-07-09 11:58:33,F1,0.0000,Bajo rango
2026-07-09 11:58:43,F1,0.0000,Bajo rango
2026-07-09 11:58:54,F1,0.0000,Bajo rango
2026-07-09 11:59:04,F1,0.0000,Bajo rango
2026-07-09 11:59:14,F1,0.0000,Bajo rango
2026-07-09 11:59:25,F1,0.0000,Bajo rango
2026-07-09 11:59:35,F1,0.0000,Bajo rango
2026-07-09 11:59:45,F1,0.0000,Bajo rango
2026-07-09 11:59:56,F1,0.0000,Bajo rango
2026-07-09 12:00:06,F1,0.0000,Bajo rango
2026-07-09 12:00:17,F1,0.0000,Bajo rango
2026-07-09 12:00:27,F1,0.0000,OK
2026-07-09 12:00:37,F1,0.0000,Bajo rango
2026-07-09 12:00:48,F1,0.0000,Bajo rango
2026-07-09 12:00:58,F1,0.0000,Bajo rango
2026-07-09 12:01:08,F1,0.0000,Bajo rango
2026-07-09 12:01:19,F1,0.0000,OK
2026-07-09 12:01:29,F1,0.0000,Bajo rango
2026-07-09 12:01:40,F1,0.0000,Bajo rango
2026-07-09 12:01:50,F1,0.0000,Bajo rango
2026-07-09 12:02:00,F1,0.0000,Bajo rango
2026-07-09 12:02:11,F1,0.0000,Bajo rango
2026-07-09 12:02:21,F1,0.0000,Bajo rango
2026-07-09 12:02:31,F1,0.0000,Bajo rango
2026-07-09 12:02:42,F1,0.0000,Bajo rango
2026-07-09 12:02:52,F1,0.0000,Bajo rango
2026-07-09 12:03:02,F1,0.0000,Bajo rango
2026-07-09 12:03:13,F1,0.0000,Bajo rango
2026-07-09 12:03:23,F1,0.0000,Bajo rango
2026-07-09 12:03:34,F1,0.0765,OK
2026-07-09 12:03:44,F1,0.0000,Bajo rango
2026-07-09 12:03:54,F1,0.0000,Bajo rango
2026-07-09 12:04:05,F1,0.0000,Bajo rango
2026-07-09 12:04:15,F1,0.0000,Bajo rango
2026-07-09 12:04:25,F1,0.0000,Bajo rango
2026-07-09 12:04:36,F1,0.0000,Bajo rango
2026-07-09 12:04:46,F1,0.0000,Bajo rango
2026-07-09 12:04:57,F1,0.0000,Bajo rango
2026-07-09 12:05:07,F1,0.0000,Bajo rango
2026-07-09 12:05:17,F1,0.0000,Bajo rango
2026-07-09 12:05:28,F1,0.0000,Bajo rango
2026-07-09 12:05:38,F1,0.0000,Bajo rango
2026-07-09 12:05:48,F1,0.0000,Bajo rango
2026-07-09 12:05:59,F1,0.0000,Bajo rango
2026-07-09 12:06:09,F1,0.0000,Bajo rango
2026-07-09 12:06:20,F1,0.0000,Bajo rango
2026-07-09 12:06:30,F1,0.0000,Bajo rango
2026-07-09 12:06:40,F1,0.0000,Bajo rango
2026-07-09 12:06:51,F1,0.0000,Bajo rango
2026-07-09 12:07:01,F1,0.0000,Bajo rango
2026-07-09 12:07:11,F1,0.0000,Bajo rango
2026-07-09 12:07:22,F1,0.0000,Bajo rango
2026-07-09 12:07:32,F1,0.0000,Bajo rango
2026-07-09 12:07:43,F1,0.0000,Bajo rango
2026-07-09 12:07:53,F1,0.0000,Bajo rango
2026-07-09 12:08:03,F1,0.0000,Bajo rango
2026-07-09 12:08:14,F1,0.0000,Bajo rango
2026-07-09 12:08:24,F1,0.0000,Bajo rango
2026-07-09 12:08:34,F1,0.0000,Bajo rango
2026-07-09 12:08:45,F1,0.0000,Bajo rango
2026-07-09 12:08:55,F1,0.0000,Bajo rango
2026-07-09 12:09:06,F1,0.0000,Bajo rango
2026-07-09 12:09:16,F1,0.0000,Bajo rango
2026-07-09 12:09:26,F1,0.0000,Bajo rango
2026-07-09 12:09:37,F1,0.0000,Bajo rango
2026-07-09 12:09:47,F1,0.0000,Bajo rango
2026-07-09 12:09:57,F1,0.0000,Bajo rango
2026-07-09 12:10:08,F1,47.2023,OK
2026-07-09 12:10:18,F1,47.7328,OK
2026-07-09 12:10:29,F1,0.0000,Bajo rango
2026-07-09 12:10:39,F1,0.0000,Bajo rango
2026-07-09 12:10:49,F1,0.0000,Bajo rango
2026-07-09 12:11:00,F1,0.0000,Bajo rango
2026-07-09 12:11:10,F1,0.0000,Bajo rango
2026-07-09 12:11:20,F1,0.0000,Bajo rango
2026-07-09 12:11:31,F1,18.3673,OK
2026-07-09 12:11:41,F1,14.8807,OK
2026-07-09 12:11:52,F1,13.5320,OK
2026-07-09 12:12:04,F1,12.7375,OK
2026-07-09 12:12:21,F1,11.5630,OK
2026-07-09 12:12:33,F1,10.8319,OK
2026-07-09 12:12:49,F1,45.7216,OK
2026-07-09 12:12:59,F1,45.1937,OK
