timestamp,fermentador,flow_filt_sccm,status,is_spike
2026-07-09 12:20:26,F3,23.4004,OK,0
2026-07-09 12:20:36,F3,23.4004,OK,0
2026-07-09 12:20:46,F3,23.4004,OK,0
2026-07-09 12:20:56,F3,23.4004,OK,0
2026-07-09 12:21:07,F3,23.4004,OK,0
2026-07-09 12:21:17,F3,23.4004,OK,0
2026-07-09 12:21:27,F3,23.4004,OK,0
2026-07-09 12:21:37,F3,23.4004,OK,0
2026-07-09 12:21:47,F3,23.4004,OK,0
2026-07-09 12:21:58,F3,23.4004,OK,0
2026-07-09 12:22:08,F3,23.4004,OK,0
2026-07-09 12:22:18,F3,23.4004,OK,0
2026-07-09 12:22:28,F3,23.4004,OK,0
2026-07-09 12:22:39,F3,23.4003,OK,0
2026-07-09 12:22:49,F3,23.4003,OK,0
2026-07-09 12:22:59,F3,23.4003,OK,0
2026-07-09 12:23:09,F3,23.4003,OK,0
2026-07-09 12:23:20,F3,23.4002,OK,0
2026-07-09 12:23:30,F3,23.4002,OK,0
2026-07-09 12:23:40,F3,23.4001,OK,0
2026-07-09 12:23:50,F3,23.4001,OK,0
2026-07-09 12:24:01,F3,23.4000,OK,0
2026-07-09 12:24:11,F3,23.4000,OK,0
2026-07-09 12:24:21,F3,23.3999,OK,0
2026-07-09 12:24:31,F3,23.3998,OK,0
2026-07-09 12:24:42,F3,23.3997,OK,0
2026-07-09 12:24:52,F3,23.3997,OK,0
2026-07-09 12:25:02,F3,23.3996,OK,0
2026-07-09 12:25:12,F3,23.3995,OK,0
2026-07-09 12:25:22,F3,23.3994,OK,0
2026-07-09 12:25:33,F3,23.3992,OK,0
2026-07-09 12:25:43,F3,23.3991,OK,0
2026-07-09 12:25:53,F3,23.3990,OK,0
2026-07-09 12:26:03,F3,23.3988,OK,0
2026-07-09 12:26:14,F3,23.3987,OK,0
2026-07-09 12:26:24,F3,23.3985,OK,0
2026-07-09 12:26:34,F3,23.3983,OK,0
2026-07-09 12:26:44,F3,23.3981,OK,0
2026-07-09 12:26:55,F3,23.3979,OK,0
2026-07-09 12:27:05,F3,23.3977,OK,0
2026-07-09 12:27:15,F3,23.3975,OK,0
2026-07-09 12:27:25,F3,23.3972,OK,0
2026-07-09 12:27:36,F3,23.3970,OK,0
2026-07-09 12:27:46,F3,23.3967,OK,0
2026-07-09 12:27:56,F3,23.3964,OK,0
2026-07-09 12:28:06,F3,23.3961,OK,0
2026-07-09 12:28:17,F3,23.3957,OK,0
2026-07-09 12:28:27,F3,23.3954,OK,0
2026-07-09 12:28:37,F3,23.3950,OK,0
2026-07-09 12:28:47,F3,23.3946,OK,0
2026-07-09 12:28:58,F3,23.3942,OK,0
2026-07-09 12:29:08,F3,23.3937,OK,0
2026-07-09 12:29:18,F3,23.3932,OK,0
2026-07-09 12:29:28,F3,23.3927,OK,0
2026-07-09 12:29:38,F3,23.3922,OK,0
2026-07-09 12:29:49,F3,23.3916,OK,0
2026-07-09 12:29:59,F3,23.3910,OK,0
2026-07-09 12:30:09,F3,23.3904,OK,0
2026-07-09 12:30:19,F3,23.3897,OK,1
2026-07-09 12:30:30,F3,23.3891,Bajo rango,1
2026-07-09 12:30:40,F3,23.3883,Bajo rango,1
2026-07-09 12:30:50,F3,23.3876,Bajo rango,1
2026-07-09 12:31:00,F3,23.3868,OK,1
2026-07-09 12:31:11,F3,23.3860,OK,0
2026-07-09 12:31:21,F3,23.3851,OK,0
2026-07-09 12:31:31,F3,23.3842,OK,0
2026-07-09 12:31:41,F3,23.3832,OK,0
2026-07-09 12:31:52,F3,23.3822,OK,0
2026-07-09 12:32:02,F3,23.3812,OK,0
2026-07-09 12:32:12,F3,23.3801,OK,0
2026-07-09 12:32:22,F3,23.3789,OK,0
2026-07-09 12:32:33,F3,23.3777,OK,0
2026-07-09 12:32:43,F3,23.3765,OK,0
2026-07-09 12:32:53,F3,23.3752,OK,0
2026-07-09 12:33:03,F3,23.3739,OK,0
2026-07-09 12:33:14,F3,23.3725,OK,0
2026-07-09 12:33:24,F3,23.3711,OK,0
2026-07-09 12:33:34,F3,23.3696,OK,0
2026-07-09 12:33:44,F3,23.3681,OK,0
2026-07-09 12:33:55,F3,23.3665,OK,0
2026-07-09 12:34:05,F3,23.3648,OK,0
2026-07-09 12:34:15,F3,23.3631,OK,0
2026-07-09 12:34:25,F3,23.3613,OK,0
2026-07-09 12:34:36,F3,23.3595,OK,0
2026-07-09 12:34:46,F3,23.3576,OK,0
2026-07-09 12:34:56,F3,23.3556,OK,0
2026-07-09 12:35:06,F3,23.3535,OK,0
2026-07-09 12:35:17,F3,23.3514,OK,0
2026-07-09 12:35:27,F3,23.3492,OK,0
2026-07-09 12:35:37,F3,23.3469,OK,0
2026-07-09 12:35:47,F3,23.3445,OK,0
2026-07-09 12:35:57,F3,23.3421,OK,0
2026-07-09 12:36:08,F3,23.3395,OK,0
2026-07-09 12:36:18,F3,23.3369,OK,0
2026-07-09 12:36:28,F3,23.3342,OK,0
2026-07-09 12:36:38,F3,23.3314,OK,0
2026-07-09 12:36:49,F3,23.3285,OK,0
2026-07-09 12:36:59,F3,23.3255,OK,0
2026-07-09 12:37:09,F3,23.3224,OK,0
2026-07-09 12:37:19,F3,23.3192,OK,0
2026-07-09 12:37:30,F3,23.3159,OK,0
2026-07-09 12:37:40,F3,23.3126,OK,0
2026-07-09 12:37:50,F3,23.3091,OK,0
2026-07-09 12:38:00,F3,23.3055,OK,0
2026-07-09 12:38:10,F3,23.3019,OK,0
2026-07-09 12:38:21,F3,23.2981,OK,0
2026-07-09 12:38:31,F3,23.2943,OK,0
2026-07-09 12:38:41,F3,23.2903,OK,0
2026-07-09 12:38:51,F3,23.2863,OK,0
2026-07-09 12:39:02,F3,23.2821,OK,0
2026-07-09 12:39:12,F3,23.2779,OK,0
2026-07-09 12:39:22,F3,23.2735,OK,0
2026-07-09 12:39:32,F3,23.2691,OK,0
2026-07-09 12:39:43,F3,23.2645,OK,0
2026-07-09 12:39:53,F3,23.2599,OK,0
2026-07-09 12:40:03,F3,23.2551,OK,0
2026-07-09 12:40:14,F3,23.2502,OK,0
2026-07-09 12:40:24,F3,23.2453,OK,0
2026-07-09 12:40:34,F3,23.2402,OK,0
2026-07-09 12:40:44,F3,23.2350,OK,0
2026-07-09 12:40:54,F3,23.2297,OK,0
2026-07-09 12:41:05,F3,23.2243,OK,0
2026-07-09 12:41:15,F3,23.2188,OK,0
2026-07-09 12:41:25,F3,23.2132,OK,0
2026-07-09 12:41:35,F3,23.2074,OK,0
2026-07-09 12:41:46,F3,23.2016,OK,0
2026-07-09 12:41:56,F3,23.1956,OK,0
2026-07-09 12:42:06,F3,23.1895,OK,0
2026-07-09 12:42:16,F3,23.1834,OK,0
2026-07-09 12:42:27,F3,23.1771,OK,0
2026-07-09 12:42:37,F3,23.1706,OK,0
2026-07-09 12:42:47,F3,23.1641,OK,0
2026-07-09 12:42:57,F3,23.1575,OK,0
2026-07-09 12:43:08,F3,23.1507,OK,0
2026-07-09 12:43:18,F3,23.1438,OK,0
2026-07-09 12:43:28,F3,23.1368,OK,0
2026-07-09 12:43:38,F3,23.1297,OK,0
2026-07-09 12:43:49,F3,23.1225,OK,0
2026-07-09 12:43:59,F3,23.1151,OK,0
2026-07-09 12:44:09,F3,23.1076,OK,0
2026-07-09 12:44:19,F3,23.1000,OK,0
2026-07-09 12:44:30,F3,23.0923,OK,0
2026-07-09 12:44:40,F3,23.0845,OK,0
2026-07-09 12:44:50,F3,23.0765,OK,0
2026-07-09 12:45:00,F3,23.0684,OK,0
2026-07-09 12:45:10,F3,23.0602,OK,0
2026-07-09 12:45:21,F3,23.0518,OK,0
2026-07-09 12:45:31,F3,23.0434,OK,0
2026-07-09 12:45:41,F3,23.0348,OK,0
2026-07-09 12:45:51,F3,23.0261,OK,0
2026-07-09 12:46:02,F3,23.0172,OK,0
2026-07-09 12:46:12,F3,23.0082,OK,0
2026-07-09 12:46:22,F3,22.9991,OK,0
2026-07-09 12:46:32,F3,22.9899,OK,0
2026-07-09 12:46:43,F3,22.9805,OK,0
2026-07-09 12:46:53,F3,22.9710,OK,0
2026-07-09 12:47:03,F3,22.9614,OK,0
2026-07-09 12:47:14,F3,22.9517,OK,0
2026-07-09 12:47:24,F3,22.9418,OK,0
2026-07-09 12:47:34,F3,22.9318,OK,0
2026-07-09 12:47:44,F3,22.9217,OK,0
2026-07-09 12:47:54,F3,22.9114,OK,0
2026-07-09 12:48:05,F3,22.9011,OK,0
2026-07-09 12:48:15,F3,22.8905,OK,0
2026-07-09 12:48:25,F3,22.8799,OK,0
2026-07-09 12:48:35,F3,22.8691,OK,0
2026-07-09 12:48:46,F3,22.8582,OK,0
2026-07-09 12:48:56,F3,22.8472,OK,0
2026-07-09 12:49:06,F3,22.8361,OK,0
2026-07-09 12:49:16,F3,22.8248,OK,0
2026-07-09 12:49:27,F3,22.8134,OK,0
2026-07-09 12:49:37,F3,22.8018,OK,0
2026-07-09 12:49:47,F3,22.7902,OK,0
2026-07-09 12:49:57,F3,22.7784,OK,0
2026-07-09 12:50:08,F3,22.7665,OK,0
2026-07-09 12:50:18,F3,22.7545,OK,0
2026-07-09 12:50:28,F3,22.7423,OK,0
2026-07-09 12:50:38,F3,22.7300,OK,0
2026-07-09 12:50:48,F3,22.7176,OK,0
2026-07-09 12:50:59,F3,22.7051,OK,0
2026-07-09 12:51:09,F3,22.6925,OK,0
2026-07-09 12:51:19,F3,22.6797,OK,0
2026-07-09 12:51:29,F3,22.6668,OK,0
2026-07-09 12:51:40,F3,22.6538,OK,0
2026-07-09 12:51:50,F3,22.6407,OK,0
2026-07-09 12:52:00,F3,22.6274,OK,0
2026-07-09 12:52:10,F3,22.6140,OK,0
2026-07-09 12:52:21,F3,22.6006,OK,0
2026-07-09 12:52:31,F3,22.5870,OK,0
2026-07-09 12:52:41,F3,22.5732,OK,0
2026-07-09 12:52:51,F3,22.5594,OK,0
2026-07-09 12:53:02,F3,22.5454,OK,0
2026-07-09 12:53:12,F3,22.5314,OK,0
2026-07-09 12:53:22,F3,22.5172,OK,0
2026-07-09 12:53:32,F3,22.5029,OK,0
2026-07-09 12:53:43,F3,22.4885,OK,0
2026-07-09 12:53:53,F3,22.4739,OK,0
2026-07-09 12:54:03,F3,22.4593,OK,0
2026-07-09 12:54:13,F3,22.4445,OK,0
2026-07-09 12:54:24,F3,22.4296,OK,0
2026-07-09 12:54:34,F3,22.4146,OK,0
2026-07-09 12:54:44,F3,22.3995,OK,0
2026-07-09 12:54:54,F3,22.3843,OK,0
2026-07-09 12:55:04,F3,22.3690,OK,0
2026-07-09 12:55:15,F3,22.3535,OK,0
2026-07-09 12:55:25,F3,22.3380,OK,0
2026-07-09 12:55:35,F3,22.3223,OK,0
2026-07-09 12:55:45,F3,22.3065,OK,0
2026-07-09 12:55:56,F3,22.2907,OK,0
2026-07-09 12:56:06,F3,22.2747,OK,0
2026-07-09 12:56:16,F3,22.2585,OK,0
2026-07-09 12:56:26,F3,22.2423,OK,0
2026-07-09 12:56:37,F3,22.2260,OK,0
2026-07-09 12:56:47,F3,22.2095,OK,0
2026-07-09 12:56:57,F3,22.1930,OK,0
2026-07-09 12:57:07,F3,22.1763,OK,0
2026-07-09 12:57:18,F3,22.1596,OK,0
2026-07-09 12:57:28,F3,22.1427,OK,0
2026-07-09 12:57:38,F3,22.1257,OK,0
2026-07-09 12:57:48,F3,22.1086,OK,0
2026-07-09 12:57:59,F3,22.0914,OK,0
2026-07-09 12:58:09,F3,22.0741,OK,0
2026-07-09 12:58:19,F3,22.0567,OK,0
2026-07-09 12:58:29,F3,22.0392,OK,0
2026-07-09 12:58:40,F3,22.0216,OK,0
2026-07-09 12:58:50,F3,22.0038,OK,0
2026-07-09 12:59:00,F3,21.9860,OK,0
2026-07-09 12:59:10,F3,21.9681,OK,0
2026-07-09 12:59:21,F3,21.9501,OK,0
2026-07-09 12:59:31,F3,21.9319,OK,0
2026-07-09 12:59:41,F3,21.9137,OK,0
2026-07-09 12:59:51,F3,21.8954,OK,1
2026-07-09 13:00:01,F3,21.8770,OK,0
2026-07-09 13:00:12,F3,21.8584,OK,0
2026-07-09 13:00:22,F3,21.8398,OK,0
2026-07-09 13:00:32,F3,21.8211,OK,0
2026-07-09 13:00:42,F3,21.8023,OK,0
2026-07-09 13:00:53,F3,21.7834,OK,0
2026-07-09 13:01:03,F3,21.7644,OK,0
2026-07-09 13:01:13,F3,21.7453,OK,0
2026-07-09 13:01:23,F3,21.7261,OK,0
2026-07-09 13:01:34,F3,21.7069,OK,0
2026-07-09 13:01:44,F3,21.6875,OK,0
2026-07-09 13:01:54,F3,21.6681,OK,0
2026-07-09 13:02:04,F3,21.6485,OK,0
2026-07-09 13:02:15,F3,21.6289,OK,0
2026-07-09 13:02:25,F3,21.6092,OK,0
2026-07-09 13:02:35,F3,21.5894,OK,0
2026-07-09 13:02:45,F3,21.5696,OK,0
2026-07-09 13:02:56,F3,21.5496,OK,0
2026-07-09 13:03:06,F3,21.5296,OK,0
2026-07-09 13:03:16,F3,21.5095,OK,0
2026-07-09 13:03:26,F3,21.4893,OK,0
2026-07-09 13:03:37,F3,21.4690,OK,0
2026-07-09 13:03:47,F3,21.4486,OK,0
2026-07-09 13:03:57,F3,21.4282,OK,0
2026-07-09 13:04:07,F3,21.4077,OK,0
2026-07-09 13:04:17,F3,21.3871,OK,0
2026-07-09 13:04:28,F3,21.3665,OK,0
2026-07-09 13:04:38,F3,21.3457,OK,0
2026-07-09 13:04:48,F3,21.3249,OK,0
2026-07-09 13:04:58,F3,21.3041,OK,0
2026-07-09 13:05:09,F3,21.2831,OK,0
2026-07-09 13:05:19,F3,21.2621,OK,0
2026-07-09 13:05:29,F3,21.2410,OK,0
2026-07-09 13:05:39,F3,21.2199,OK,0
2026-07-09 13:05:50,F3,21.1987,OK,0
2026-07-09 13:06:00,F3,21.1774,OK,0
2026-07-09 13:06:10,F3,21.1561,OK,0
2026-07-09 13:06:20,F3,21.1347,OK,0
2026-07-09 13:06:31,F3,21.1132,OK,0
2026-07-09 13:06:41,F3,21.0917,OK,0
2026-07-09 13:06:51,F3,21.0701,OK,0
2026-07-09 13:07:01,F3,21.0485,OK,0
2026-07-09 13:07:12,F3,21.0268,OK,0
2026-07-09 13:07:22,F3,21.0050,OK,0
2026-07-09 13:07:32,F3,20.9832,OK,0
2026-07-09 13:07:42,F3,20.9613,OK,0
2026-07-09 13:07:53,F3,20.9394,OK,0
2026-07-09 13:08:03,F3,20.9175,OK,0
2026-07-09 13:08:13,F3,20.8954,OK,0
2026-07-09 13:08:23,F3,20.8734,OK,0
2026-07-09 13:08:34,F3,20.8513,OK,0
2026-07-09 13:08:44,F3,20.8291,OK,0
2026-07-09 13:08:54,F3,20.8069,OK,0
2026-07-09 13:09:04,F3,20.7846,OK,0
2026-07-09 13:09:15,F3,20.7623,OK,0
2026-07-09 13:09:25,F3,20.7399,OK,0
2026-07-09 13:09:35,F3,20.7175,OK,0
2026-07-09 13:09:45,F3,20.6951,OK,0
2026-07-09 13:09:55,F3,20.6726,OK,0
2026-07-09 13:10:06,F3,20.6501,OK,0
2026-07-09 13:10:16,F3,20.6275,OK,0
2026-07-09 13:10:26,F3,20.6049,OK,0
2026-07-09 13:10:36,F3,20.5822,OK,0
2026-07-09 13:10:47,F3,20.5595,OK,0
2026-07-09 13:10:57,F3,20.5368,OK,0
2026-07-09 13:11:07,F3,20.5140,OK,0
2026-07-09 13:11:17,F3,20.4912,OK,0
2026-07-09 13:11:28,F3,20.4684,OK,0
2026-07-09 13:11:38,F3,20.4455,OK,0
2026-07-09 13:11:48,F3,20.4225,OK,0
2026-07-09 13:11:58,F3,20.3996,OK,0
2026-07-09 13:12:09,F3,20.3766,OK,0
2026-07-09 13:12:19,F3,20.3536,OK,0
2026-07-09 13:12:29,F3,20.3305,OK,0
2026-07-09 13:12:39,F3,20.3074,OK,0
2026-07-09 13:12:50,F3,20.2843,OK,0
2026-07-09 13:13:00,F3,20.2611,OK,0
2026-07-09 13:13:10,F3,20.2379,OK,0
2026-07-09 13:13:20,F3,20.2147,OK,0
2026-07-09 13:13:31,F3,20.1915,OK,0
2026-07-09 13:13:41,F3,20.1682,OK,0
2026-07-09 13:13:51,F3,20.1449,OK,0
2026-07-09 13:14:01,F3,20.1216,OK,0
2026-07-09 13:14:11,F3,20.0983,OK,0
2026-07-09 13:14:22,F3,20.0749,OK,0
2026-07-09 13:14:32,F3,20.0515,OK,0
2026-07-09 13:14:42,F3,20.0281,OK,0
2026-07-09 13:14:52,F3,20.0047,OK,0
2026-07-09 13:15:03,F3,19.9812,OK,0
2026-07-09 13:15:13,F3,19.9577,OK,0
2026-07-09 13:15:23,F3,19.9343,OK,0
2026-07-09 13:15:33,F3,19.9108,OK,0
2026-07-09 13:15:44,F3,19.8872,OK,0
2026-07-09 13:15:54,F3,19.8637,OK,0
2026-07-09 13:16:04,F3,19.8402,OK,0
2026-07-09 13:16:14,F3,19.8166,OK,0
2026-07-09 13:16:25,F3,19.7931,OK,0
2026-07-09 13:16:35,F3,19.7695,OK,0
2026-07-09 13:16:45,F3,19.7459,OK,0
2026-07-09 13:16:55,F3,19.7223,OK,0
2026-07-09 13:17:05,F3,19.6987,OK,0
2026-07-09 13:17:16,F3,19.6751,OK,0
2026-07-09 13:17:26,F3,19.6515,OK,0
2026-07-09 13:17:36,F3,19.6279,OK,0
2026-07-09 13:17:46,F3,19.6042,OK,0
2026-07-09 13:17:57,F3,19.5806,OK,0
2026-07-09 13:18:07,F3,19.5570,OK,0
2026-07-09 13:18:17,F3,19.5333,OK,0
2026-07-09 13:18:27,F3,19.5097,OK,0
2026-07-09 13:18:38,F3,19.4860,OK,0
2026-07-09 13:18:48,F3,19.4624,OK,0
2026-07-09 13:18:58,F3,19.4388,OK,0
2026-07-09 13:19:08,F3,19.4151,OK,0
2026-07-09 13:19:19,F3,19.3915,OK,0
2026-07-09 13:19:29,F3,19.3678,OK,0
2026-07-09 13:19:39,F3,19.3442,OK,0
2026-07-09 13:19:49,F3,19.3206,OK,0
2026-07-09 13:20:00,F3,19.2969,OK,0
2026-07-09 13:20:10,F3,19.2733,OK,0
2026-07-09 13:20:20,F3,19.2497,OK,0
2026-07-09 13:20:30,F3,19.2260,OK,0
2026-07-09 13:20:41,F3,19.2024,OK,0
2026-07-09 13:20:51,F3,19.1788,OK,0
2026-07-09 13:21:01,F3,19.1552,OK,0
2026-07-09 13:21:11,F3,19.1316,OK,0
2026-07-09 13:21:22,F3,19.1080,OK,0
2026-07-09 13:21:32,F3,19.0844,OK,0
2026-07-09 13:21:42,F3,19.0609,OK,0
2026-07-09 13:21:52,F3,19.0373,OK,0
2026-07-09 13:22:02,F3,19.0137,OK,0
2026-07-09 13:22:13,F3,18.9902,OK,0
2026-07-09 13:22:23,F3,18.9667,OK,0
2026-07-09 13:22:33,F3,18.9431,OK,0
2026-07-09 13:22:43,F3,18.9196,OK,0
2026-07-09 13:22:54,F3,18.8961,OK,0
2026-07-09 13:23:04,F3,18.8727,OK,0
2026-07-09 13:23:14,F3,18.8492,OK,0
2026-07-09 13:23:24,F3,18.8258,OK,0
2026-07-09 13:23:35,F3,18.8023,OK,0
2026-07-09 13:23:45,F3,18.7789,OK,0
2026-07-09 13:23:55,F3,18.7555,OK,0
2026-07-09 13:24:05,F3,18.7321,OK,0
2026-07-09 13:24:15,F3,18.7088,OK,0
2026-07-09 13:24:26,F3,18.6854,OK,0
2026-07-09 13:24:36,F3,18.6621,OK,0
2026-07-09 13:24:46,F3,18.6388,OK,0
2026-07-09 13:24:56,F3,18.6155,OK,0
2026-07-09 13:25:07,F3,18.5922,OK,0
2026-07-09 13:25:17,F3,18.5690,OK,0
2026-07-09 13:25:27,F3,18.5457,OK,0
2026-07-09 13:25:37,F3,18.5225,OK,0
2026-07-09 13:25:48,F3,18.4994,OK,0
2026-07-09 13:25:58,F3,18.4762,OK,0
2026-07-09 13:26:08,F3,18.4531,OK,0
2026-07-09 13:26:18,F3,18.4300,OK,0
2026-07-09 13:26:29,F3,18.4069,OK,0
2026-07-09 13:26:39,F3,18.3838,OK,0
2026-07-09 13:26:49,F3,18.3608,OK,0
2026-07-09 13:26:59,F3,18.3378,OK,0
2026-07-09 13:27:10,F3,18.3148,OK,0
2026-07-09 13:27:20,F3,18.2918,OK,0
2026-07-09 13:27:30,F3,18.2689,OK,0
2026-07-09 13:27:40,F3,18.2460,OK,0
2026-07-09 13:27:51,F3,18.2232,OK,0
2026-07-09 13:28:01,F3,18.2004,OK,0
2026-07-09 13:28:11,F3,18.1776,OK,0
2026-07-09 13:28:21,F3,18.1548,OK,0
2026-07-09 13:28:31,F3,18.1321,OK,0
2026-07-09 13:28:42,F3,18.1094,OK,0
2026-07-09 13:28:52,F3,18.0867,OK,0
2026-07-09 13:29:02,F3,18.0641,OK,0
2026-07-09 13:29:12,F3,18.0416,OK,0
2026-07-09 13:29:23,F3,18.0190,OK,0
2026-07-09 13:29:33,F3,17.9965,OK,0
2026-07-09 13:29:43,F3,17.9741,OK,0
2026-07-09 13:29:53,F3,17.9516,OK,0
2026-07-09 13:30:04,F3,17.9293,OK,0
2026-07-09 13:30:14,F3,17.9069,OK,0
2026-07-09 13:30:24,F3,17.8846,OK,0
2026-07-09 13:30:34,F3,17.8624,OK,0
2026-07-09 13:30:45,F3,17.8402,OK,0
2026-07-09 13:30:55,F3,17.8180,OK,0
2026-07-09 13:31:05,F3,17.7959,OK,0
2026-07-09 13:31:15,F3,17.7739,OK,0
2026-07-09 13:31:26,F3,17.7519,OK,0
2026-07-09 13:31:36,F3,17.7299,OK,0
2026-07-09 13:31:46,F3,17.7080,OK,0
2026-07-09 13:31:56,F3,17.6861,OK,0
2026-07-09 13:32:07,F3,17.6643,OK,0
2026-07-09 13:32:17,F3,17.6425,OK,0
2026-07-09 13:32:27,F3,17.6208,OK,0
2026-07-09 13:32:37,F3,17.5991,OK,0
2026-07-09 13:32:48,F3,17.5775,OK,0
2026-07-09 13:32:58,F3,17.5560,OK,0
2026-07-09 13:33:08,F3,17.5345,OK,0
2026-07-09 13:33:18,F3,17.5130,OK,0
2026-07-09 13:33:29,F3,17.4916,OK,0
2026-07-09 13:33:39,F3,17.4703,OK,0
2026-07-09 13:33:49,F3,17.4490,OK,0
2026-07-09 13:33:59,F3,17.4277,OK,0
2026-07-09 13:34:10,F3,17.4066,OK,0
2026-07-09 13:34:20,F3,17.3854,OK,0
2026-07-09 13:34:30,F3,17.3644,OK,0
2026-07-09 13:34:40,F3,17.3434,OK,0
2026-07-09 13:34:50,F3,17.3224,OK,0
2026-07-09 13:35:01,F3,17.3015,OK,0
2026-07-09 13:35:11,F3,17.2807,OK,0
2026-07-09 13:35:21,F3,17.2599,OK,0
2026-07-09 13:35:31,F3,17.2392,OK,0
2026-07-09 13:35:42,F3,17.2186,OK,0
2026-07-09 13:35:52,F3,17.1980,OK,0
2026-07-09 13:36:02,F3,17.1775,OK,0
2026-07-09 13:36:12,F3,17.1570,OK,0
2026-07-09 13:36:23,F3,17.1366,OK,0
2026-07-09 13:36:33,F3,17.1162,OK,0
2026-07-09 13:36:43,F3,17.0960,OK,0
2026-07-09 13:36:53,F3,17.0757,OK,0
2026-07-09 13:37:04,F3,17.0556,OK,0
2026-07-09 13:37:14,F3,17.0355,OK,0
2026-07-09 13:37:24,F3,17.0155,OK,0
2026-07-09 13:37:34,F3,16.9955,OK,0
2026-07-09 13:37:45,F3,16.9756,OK,0
2026-07-09 13:37:55,F3,16.9558,OK,0
2026-07-09 13:38:05,F3,16.9360,OK,0
2026-07-09 13:38:15,F3,16.9163,OK,0
2026-07-09 13:38:26,F3,16.8967,OK,0
2026-07-09 13:38:36,F3,16.8771,OK,0
2026-07-09 13:38:46,F3,16.8576,OK,0
2026-07-09 13:38:56,F3,16.8382,OK,0
2026-07-09 13:39:07,F3,16.8189,OK,0
2026-07-09 13:39:17,F3,16.7996,OK,0
2026-07-09 13:39:27,F3,16.7804,OK,0
2026-07-09 13:39:37,F3,16.7612,OK,0
2026-07-09 13:39:48,F3,16.7422,OK,0
2026-07-09 13:39:58,F3,16.7232,OK,0
2026-07-09 13:40:08,F3,16.7043,OK,0
2026-07-09 13:40:18,F3,16.6855,OK,0
2026-07-09 13:40:29,F3,16.6667,OK,0
2026-07-09 13:40:39,F3,16.6480,OK,0
2026-07-09 13:40:49,F3,16.6294,OK,0
2026-07-09 13:40:59,F3,16.6109,OK,0
2026-07-09 13:41:09,F3,16.5925,OK,0
2026-07-09 13:41:20,F3,16.5741,OK,0
2026-07-09 13:41:30,F3,16.5559,OK,0
2026-07-09 13:41:40,F3,16.5377,OK,0
2026-07-09 13:41:50,F3,16.5196,OK,0
2026-07-09 13:42:01,F3,16.5015,OK,0
2026-07-09 13:42:11,F3,16.4836,OK,1
2026-07-09 13:42:21,F3,16.4658,OK,0
2026-07-09 13:42:31,F3,16.4480,OK,0
2026-07-09 13:42:42,F3,16.4303,OK,0
2026-07-09 13:42:52,F3,16.4127,OK,0
2026-07-09 13:43:02,F3,16.3952,OK,0
2026-07-09 13:43:12,F3,16.3778,OK,0
2026-07-09 13:43:23,F3,16.3604,OK,0
2026-07-09 13:43:33,F3,16.3432,OK,0
2026-07-09 13:43:43,F3,16.3260,OK,0
2026-07-09 13:43:53,F3,16.3089,OK,0
2026-07-09 13:44:03,F3,16.2920,OK,0
2026-07-09 13:44:14,F3,16.2751,OK,0
2026-07-09 13:44:24,F3,16.2582,OK,0
2026-07-09 13:44:34,F3,16.2415,OK,0
2026-07-09 13:44:44,F3,16.2249,OK,0
2026-07-09 13:44:55,F3,16.2084,OK,0
2026-07-09 13:45:05,F3,16.1919,OK,0
2026-07-09 13:45:15,F3,16.1755,OK,0
2026-07-09 13:45:25,F3,16.1593,OK,0
2026-07-09 13:45:36,F3,16.1431,OK,0
2026-07-09 13:45:46,F3,16.1270,OK,0
2026-07-09 13:45:56,F3,16.1110,OK,0
2026-07-09 13:46:06,F3,16.0951,OK,0
2026-07-09 13:46:17,F3,16.0793,OK,0
2026-07-09 13:46:27,F3,16.0636,OK,0
2026-07-09 13:46:37,F3,16.0479,OK,0
2026-07-09 13:46:47,F3,16.0324,OK,0
2026-07-09 13:46:58,F3,16.0169,OK,0
2026-07-09 13:47:08,F3,16.0016,OK,0
2026-07-09 13:47:18,F3,15.9863,OK,0
2026-07-09 13:47:28,F3,15.9711,OK,0
2026-07-09 13:47:39,F3,15.9561,OK,0
2026-07-09 13:47:49,F3,15.9411,OK,0
2026-07-09 13:47:59,F3,15.9262,OK,0
2026-07-09 13:48:09,F3,15.9114,OK,0
2026-07-09 13:48:19,F3,15.8966,OK,0
2026-07-09 13:48:30,F3,15.8820,OK,0
2026-07-09 13:48:40,F3,15.8675,OK,0
2026-07-09 13:48:50,F3,15.8530,OK,0
2026-07-09 13:49:00,F3,15.8387,OK,0
2026-07-09 13:49:11,F3,15.8244,OK,0
2026-07-09 13:49:21,F3,15.8102,OK,0
2026-07-09 13:49:31,F3,15.7962,OK,0
2026-07-09 13:49:41,F3,15.7822,OK,0
2026-07-09 13:49:52,F3,15.7683,OK,0
2026-07-09 13:50:02,F3,15.7544,OK,0
2026-07-09 13:50:12,F3,15.7407,OK,0
2026-07-09 13:50:22,F3,15.7271,OK,0
2026-07-09 13:50:33,F3,15.7135,OK,0
2026-07-09 13:50:43,F3,15.7001,OK,0
2026-07-09 13:50:53,F3,15.6867,OK,0
2026-07-09 13:51:03,F3,15.6734,OK,0
2026-07-09 13:51:14,F3,15.6602,OK,0
2026-07-09 13:51:24,F3,15.6471,OK,0
2026-07-09 13:51:34,F3,15.6341,OK,0
2026-07-09 13:51:44,F3,15.6211,OK,0
2026-07-09 13:51:54,F3,15.6083,OK,0
2026-07-09 13:52:05,F3,15.5955,OK,0
2026-07-09 13:52:15,F3,15.5828,OK,0
2026-07-09 13:52:25,F3,15.5702,OK,0
2026-07-09 13:52:35,F3,15.5577,OK,0
2026-07-09 13:52:46,F3,15.5453,OK,0
2026-07-09 13:52:56,F3,15.5330,OK,0
2026-07-09 13:53:06,F3,15.5207,OK,0
2026-07-09 13:53:16,F3,15.5085,OK,0
2026-07-09 13:53:27,F3,15.4964,OK,0
2026-07-09 13:53:37,F3,15.4844,OK,1
2026-07-09 13:53:47,F3,15.4725,OK,0
2026-07-09 13:53:57,F3,15.4606,OK,0
2026-07-09 13:54:07,F3,15.4489,OK,0
2026-07-09 13:54:18,F3,15.4372,OK,0
2026-07-09 13:54:28,F3,15.4256,OK,0
2026-07-09 13:54:38,F3,15.4140,OK,0
2026-07-09 13:54:48,F3,15.4026,OK,0
2026-07-09 13:54:59,F3,15.3912,OK,0
2026-07-09 13:55:09,F3,15.3799,OK,0
2026-07-09 13:55:19,F3,15.3687,OK,0
2026-07-09 13:55:29,F3,15.3576,OK,0
2026-07-09 13:55:40,F3,15.3465,OK,0
2026-07-09 13:55:50,F3,15.3355,OK,0
2026-07-09 13:56:00,F3,15.3246,OK,0
2026-07-09 13:56:10,F3,15.3138,OK,0
2026-07-09 13:56:21,F3,15.3030,OK,0
2026-07-09 13:56:31,F3,15.2924,OK,0
2026-07-09 13:56:41,F3,15.2818,OK,0
2026-07-09 13:56:51,F3,15.2712,OK,0
2026-07-09 13:57:02,F3,15.2608,OK,0
2026-07-09 13:57:12,F3,15.2504,OK,0
2026-07-09 13:57:22,F3,15.2401,OK,0
2026-07-09 13:57:32,F3,15.2298,OK,0
2026-07-09 13:57:42,F3,15.2197,OK,0
2026-07-09 13:57:53,F3,15.2096,OK,0
2026-07-09 13:58:03,F3,15.1996,OK,0
2026-07-09 13:58:13,F3,15.1897,OK,0
2026-07-09 13:58:23,F3,15.1798,OK,0
2026-07-09 13:58:34,F3,15.1700,OK,0
2026-07-09 13:58:44,F3,15.1603,OK,0
2026-07-09 13:58:54,F3,15.1507,OK,0
2026-07-09 13:59:04,F3,15.1411,OK,0
2026-07-09 13:59:15,F3,15.1316,OK,0
2026-07-09 13:59:25,F3,15.1222,OK,0
2026-07-09 13:59:35,F3,15.1129,OK,0
2026-07-09 13:59:45,F3,15.1036,OK,0
2026-07-09 13:59:56,F3,15.0944,OK,0
2026-07-09 14:00:06,F3,15.0853,OK,0
2026-07-09 14:00:16,F3,15.0763,OK,0
2026-07-09 14:00:26,F3,15.0674,OK,0
2026-07-09 14:00:37,F3,15.0585,OK,0
2026-07-09 14:00:47,F3,15.0497,OK,0
2026-07-09 14:00:57,F3,15.0410,OK,0
2026-07-09 14:01:07,F3,15.0323,OK,0
2026-07-09 14:01:18,F3,15.0237,OK,0
2026-07-09 14:01:28,F3,15.0152,OK,0
2026-07-09 14:01:38,F3,15.0068,OK,0
2026-07-09 14:01:48,F3,14.9984,OK,0
2026-07-09 14:01:59,F3,14.9902,OK,0
2026-07-09 14:02:09,F3,14.9820,OK,0
2026-07-09 14:02:19,F3,14.9738,OK,0
2026-07-09 14:02:29,F3,14.9658,OK,0
2026-07-09 14:02:40,F3,14.9578,OK,0
2026-07-09 14:02:50,F3,14.9498,OK,0
2026-07-09 14:03:00,F3,14.9420,OK,0
2026-07-09 14:03:10,F3,14.9342,OK,0
2026-07-09 14:03:20,F3,14.9265,OK,0
2026-07-09 14:03:31,F3,14.9189,OK,0
2026-07-09 14:03:41,F3,14.9113,OK,0
2026-07-09 14:03:51,F3,14.9038,OK,0
2026-07-09 14:04:01,F3,14.8964,OK,0
2026-07-09 14:04:12,F3,14.8891,OK,0
2026-07-09 14:04:22,F3,14.8818,OK,0
2026-07-09 14:04:32,F3,14.8746,OK,0
2026-07-09 14:04:42,F3,14.8675,OK,0
2026-07-09 14:04:53,F3,14.8604,OK,0
2026-07-09 14:05:03,F3,14.8534,OK,0
2026-07-09 14:05:13,F3,14.8465,OK,0
2026-07-09 14:05:23,F3,14.8396,OK,0
2026-07-09 14:05:34,F3,14.8328,OK,0
2026-07-09 14:05:44,F3,14.8261,OK,0
2026-07-09 14:05:54,F3,14.8195,OK,0
2026-07-09 14:06:04,F3,14.8129,OK,0
2026-07-09 14:06:15,F3,14.8064,OK,0
2026-07-09 14:06:25,F3,14.7999,OK,0
2026-07-09 14:06:35,F3,14.7935,OK,0
2026-07-09 14:06:45,F3,14.7872,OK,0
2026-07-09 14:06:56,F3,14.7810,OK,0
2026-07-09 14:07:06,F3,14.7748,OK,0
2026-07-09 14:07:16,F3,14.7686,OK,0
2026-07-09 14:07:26,F3,14.7626,OK,0
2026-07-09 14:07:37,F3,14.7566,OK,0
2026-07-09 14:07:47,F3,14.7506,OK,0
2026-07-09 14:07:57,F3,14.7448,OK,0
2026-07-09 14:08:07,F3,14.7390,OK,0
2026-07-09 14:08:18,F3,14.7332,OK,0
2026-07-09 14:08:28,F3,14.7275,OK,0
2026-07-09 14:08:38,F3,14.7219,OK,0
2026-07-09 14:08:48,F3,14.7163,OK,0
2026-07-09 14:08:58,F3,14.7108,OK,0
2026-07-09 14:09:09,F3,14.7053,OK,0
2026-07-09 14:09:19,F3,14.7000,OK,0
2026-07-09 14:09:29,F3,14.6946,OK,0
2026-07-09 14:09:39,F3,14.6894,OK,0
2026-07-09 14:09:50,F3,14.6841,OK,0
2026-07-09 14:10:00,F3,14.6790,OK,0
2026-07-09 14:10:10,F3,14.6739,OK,0
2026-07-09 14:10:20,F3,14.6688,OK,0
2026-07-09 14:10:31,F3,14.6638,OK,0
2026-07-09 14:10:41,F3,14.6589,OK,0
2026-07-09 14:10:51,F3,14.6540,OK,0
2026-07-09 14:11:01,F3,14.6492,OK,0
2026-07-09 14:11:12,F3,14.6445,OK,0
2026-07-09 14:11:22,F3,14.6397,OK,0
2026-07-09 14:11:32,F3,14.6351,OK,0
2026-07-09 14:11:42,F3,14.6305,OK,0
2026-07-09 14:11:53,F3,14.6259,OK,0
2026-07-09 14:12:03,F3,14.6215,OK,0
2026-07-09 14:12:13,F3,14.6170,OK,0
2026-07-09 14:12:23,F3,14.6126,OK,0
2026-07-09 14:12:33,F3,14.6083,OK,0
2026-07-09 14:12:44,F3,14.6040,OK,0
2026-07-09 14:12:54,F3,14.5997,OK,0
2026-07-09 14:13:04,F3,14.5956,OK,0
2026-07-09 14:13:14,F3,14.5914,OK,0
2026-07-09 14:13:25,F3,14.5873,OK,0
2026-07-09 14:13:35,F3,14.5833,OK,0
2026-07-09 14:13:45,F3,14.5793,OK,0
2026-07-09 14:13:55,F3,14.5753,OK,0
2026-07-09 14:14:06,F3,14.5714,OK,0
2026-07-09 14:14:16,F3,14.5675,OK,0
2026-07-09 14:14:26,F3,14.5637,OK,0
2026-07-09 14:14:36,F3,14.5599,OK,0
2026-07-09 14:14:47,F3,14.5562,OK,0
2026-07-09 14:14:57,F3,14.5525,OK,0
2026-07-09 14:15:07,F3,14.5489,OK,0
2026-07-09 14:15:17,F3,14.5453,OK,0
2026-07-09 14:15:28,F3,14.5417,OK,0
2026-07-09 14:15:38,F3,14.5382,OK,0
2026-07-09 14:15:48,F3,14.5347,OK,0
2026-07-09 14:15:58,F3,14.5312,OK,0
2026-07-09 14:16:09,F3,14.5278,OK,0
2026-07-09 14:16:19,F3,14.5245,OK,0
2026-07-09 14:16:29,F3,14.5212,OK,0
2026-07-09 14:16:39,F3,14.5179,OK,0
2026-07-09 14:16:50,F3,14.5146,OK,0
2026-07-09 14:17:00,F3,14.5114,OK,0
2026-07-09 14:17:10,F3,14.5083,OK,0
2026-07-09 14:17:20,F3,14.5052,OK,0
2026-07-09 14:17:30,F3,14.5021,OK,0
2026-07-09 14:17:41,F3,14.4990,OK,0
2026-07-09 14:17:51,F3,14.4960,OK,0
2026-07-09 14:18:01,F3,14.4930,OK,0
2026-07-09 14:18:11,F3,14.4901,OK,0
2026-07-09 14:18:22,F3,14.4872,OK,0
2026-07-09 14:18:32,F3,14.4843,OK,0
2026-07-09 14:18:42,F3,14.4815,OK,0
2026-07-09 14:18:52,F3,14.4787,OK,0
2026-07-09 14:19:03,F3,14.4760,OK,0
2026-07-09 14:19:13,F3,14.4733,OK,0
2026-07-09 14:19:23,F3,14.4706,OK,0
2026-07-09 14:19:33,F3,14.4679,OK,0
2026-07-09 14:19:44,F3,14.4653,OK,0
2026-07-09 14:19:54,F3,14.4628,OK,0
2026-07-09 14:20:04,F3,14.4602,OK,0
2026-07-09 14:20:14,F3,14.4578,OK,0
2026-07-09 14:20:25,F3,14.4553,OK,0
2026-07-09 14:20:35,F3,14.4529,OK,0
2026-07-09 14:20:45,F3,14.4505,OK,0
2026-07-09 14:20:55,F3,14.4481,OK,0
2026-07-09 14:21:06,F3,14.4458,OK,0
2026-07-09 14:21:16,F3,14.4435,OK,0
2026-07-09 14:21:26,F3,14.4413,OK,0
2026-07-09 14:21:36,F3,14.4390,OK,0
2026-07-09 14:21:46,F3,14.4368,OK,0
2026-07-09 14:21:57,F3,14.4347,OK,0
2026-07-09 14:22:07,F3,14.4326,OK,0
2026-07-09 14:22:17,F3,14.4305,OK,0
2026-07-09 14:22:27,F3,14.4284,OK,0
2026-07-09 14:22:38,F3,14.4264,OK,0
2026-07-09 14:22:48,F3,14.4244,OK,0
2026-07-09 14:22:58,F3,14.4224,OK,0
2026-07-09 14:23:08,F3,14.4204,OK,0
2026-07-09 14:23:19,F3,14.4185,OK,0
2026-07-09 14:23:29,F3,14.4166,OK,0
2026-07-09 14:23:39,F3,14.4148,OK,0
2026-07-09 14:23:49,F3,14.4130,OK,0
2026-07-09 14:24:00,F3,14.4112,OK,0
2026-07-09 14:24:10,F3,14.4094,OK,0
2026-07-09 14:24:20,F3,14.4076,OK,0
2026-07-09 14:24:30,F3,14.4059,OK,0
2026-07-09 14:24:41,F3,14.4042,OK,0
2026-07-09 14:24:51,F3,14.4025,OK,0
2026-07-09 14:25:01,F3,14.4009,OK,0
2026-07-09 14:25:11,F3,14.3993,OK,0
2026-07-09 14:25:22,F3,14.3977,OK,0
2026-07-09 14:25:32,F3,14.3961,OK,0
2026-07-09 14:25:42,F3,14.3945,OK,0
2026-07-09 14:25:52,F3,14.3930,OK,0
2026-07-09 14:26:02,F3,14.3915,OK,0
2026-07-09 14:26:13,F3,14.3900,OK,0
2026-07-09 14:26:23,F3,14.3885,OK,0
2026-07-09 14:26:33,F3,14.3871,OK,1
2026-07-09 14:26:43,F3,14.3856,OK,0
2026-07-09 14:26:54,F3,14.3842,OK,0
2026-07-09 14:27:04,F3,14.3828,OK,0
2026-07-09 14:27:14,F3,14.3815,OK,0
2026-07-09 14:27:24,F3,14.3801,OK,0
2026-07-09 14:27:35,F3,14.3788,OK,0
2026-07-09 14:27:45,F3,14.3775,OK,0
2026-07-09 14:27:55,F3,14.3762,OK,0
2026-07-09 14:28:05,F3,14.3749,OK,0
2026-07-09 14:28:16,F3,14.3736,OK,0
2026-07-09 14:28:26,F3,14.3724,OK,0
2026-07-09 14:28:36,F3,14.3712,OK,0
2026-07-09 14:28:46,F3,14.3699,OK,0
2026-07-09 14:28:57,F3,14.3687,OK,0
2026-07-09 14:29:07,F3,14.3675,OK,0
2026-07-09 14:29:17,F3,14.3664,OK,0
2026-07-09 14:29:27,F3,14.3652,OK,0
2026-07-09 14:29:38,F3,14.3640,OK,0
2026-07-09 14:29:48,F3,14.3629,OK,0
2026-07-09 14:29:58,F3,14.3617,OK,0
2026-07-09 14:30:08,F3,14.3606,OK,0
2026-07-09 14:30:18,F3,14.3595,OK,0
2026-07-09 14:30:29,F3,14.3584,OK,0
2026-07-09 14:30:39,F3,14.3573,OK,0
2026-07-09 14:30:49,F3,14.3562,OK,0
2026-07-09 14:30:59,F3,14.3551,OK,0
2026-07-09 14:31:10,F3,14.3540,OK,0
2026-07-09 14:31:20,F3,14.3529,OK,0
2026-07-09 14:31:30,F3,14.3519,OK,0
2026-07-09 14:31:40,F3,14.3508,OK,0
2026-07-09 14:31:51,F3,14.3497,OK,0
2026-07-09 14:32:01,F3,14.3487,OK,0
2026-07-09 14:32:11,F3,14.3476,OK,0
2026-07-09 14:32:21,F3,14.3465,OK,0
2026-07-09 14:32:32,F3,14.3455,OK,0
2026-07-09 14:32:42,F3,14.3444,OK,0
2026-07-09 14:32:52,F3,14.3434,OK,0
2026-07-09 14:33:02,F3,14.3423,OK,0
2026-07-09 14:33:13,F3,14.3413,OK,0
2026-07-09 14:33:23,F3,14.3402,OK,0
2026-07-09 14:33:33,F3,14.3392,OK,0
2026-07-09 14:33:43,F3,14.3382,OK,0
2026-07-09 14:33:54,F3,14.3371,OK,0
2026-07-09 14:34:04,F3,14.3361,OK,0
2026-07-09 14:34:14,F3,14.3350,OK,0
2026-07-09 14:34:24,F3,14.3340,OK,0
2026-07-09 14:34:35,F3,14.3329,OK,0
2026-07-09 14:34:45,F3,14.3319,OK,0
2026-07-09 14:34:55,F3,14.3308,OK,0
2026-07-09 14:35:05,F3,14.3297,OK,0
2026-07-09 14:35:16,F3,14.3287,OK,0
2026-07-09 14:35:26,F3,14.3276,OK,0
2026-07-09 14:35:36,F3,14.3265,OK,0
2026-07-09 14:35:46,F3,14.3255,OK,0
2026-07-09 14:35:57,F3,14.3244,OK,0
2026-07-09 14:36:07,F3,14.3233,OK,0
2026-07-09 14:36:17,F3,14.3222,OK,0
2026-07-09 14:36:27,F3,14.3211,OK,0
2026-07-09 14:36:37,F3,14.3201,OK,0
2026-07-09 14:36:48,F3,14.3190,OK,0
2026-07-09 14:36:58,F3,14.3179,OK,0
2026-07-09 14:37:08,F3,14.3167,OK,0
2026-07-09 14:37:18,F3,14.3156,OK,0
2026-07-09 14:37:29,F3,14.3145,OK,0
2026-07-09 14:37:39,F3,14.3134,OK,0
2026-07-09 14:37:49,F3,14.3122,OK,0
2026-07-09 14:37:59,F3,14.3111,OK,0
2026-07-09 14:38:10,F3,14.3099,OK,0
2026-07-09 14:38:20,F3,14.3088,OK,0
2026-07-09 14:38:30,F3,14.3076,OK,0
2026-07-09 14:38:40,F3,14.3064,OK,0
2026-07-09 14:38:51,F3,14.3052,OK,0
2026-07-09 14:39:01,F3,14.3040,OK,0
2026-07-09 14:39:11,F3,14.3028,OK,0
2026-07-09 14:39:21,F3,14.3016,OK,0
2026-07-09 14:39:31,F3,14.3004,OK,0
2026-07-09 14:39:42,F3,14.2992,OK,0
2026-07-09 14:39:52,F3,14.2980,OK,0
2026-07-09 14:40:02,F3,14.2967,OK,0
2026-07-09 14:40:12,F3,14.2955,OK,0
2026-07-09 14:40:23,F3,14.2942,OK,0
2026-07-09 14:40:33,F3,14.2929,OK,0
2026-07-09 14:40:43,F3,14.2916,OK,0
2026-07-09 14:40:53,F3,14.2903,OK,0
2026-07-09 14:41:04,F3,14.2890,OK,0
2026-07-09 14:41:14,F3,14.2877,OK,0
2026-07-09 14:41:24,F3,14.2864,OK,0
2026-07-09 14:41:34,F3,14.2850,OK,0
2026-07-09 14:41:44,F3,14.2837,OK,0
2026-07-09 14:41:55,F3,14.2823,OK,0
2026-07-09 14:42:05,F3,14.2809,OK,0
2026-07-09 14:42:15,F3,14.2795,OK,0
2026-07-09 14:42:25,F3,14.2781,OK,0
2026-07-09 14:42:36,F3,14.2767,OK,0
2026-07-09 14:42:46,F3,14.2753,OK,0
2026-07-09 14:42:56,F3,14.2738,OK,0
2026-07-09 14:43:06,F3,14.2723,OK,0
2026-07-09 14:43:17,F3,14.2708,OK,0
2026-07-09 14:43:27,F3,14.2693,OK,0
2026-07-09 14:43:37,F3,14.2678,OK,0
2026-07-09 14:43:47,F3,14.2663,OK,0
2026-07-09 14:43:57,F3,14.2647,OK,0
2026-07-09 14:44:08,F3,14.2632,OK,0
2026-07-09 14:44:18,F3,14.2616,OK,0
2026-07-09 14:44:28,F3,14.2600,OK,0
2026-07-09 14:44:38,F3,14.2584,OK,0
2026-07-09 14:44:49,F3,14.2568,OK,1
2026-07-09 14:44:59,F3,14.2551,OK,0
2026-07-09 14:45:09,F3,14.2535,OK,0
2026-07-09 14:45:19,F3,14.2518,OK,0
2026-07-09 14:45:30,F3,14.2501,OK,0
2026-07-09 14:45:40,F3,14.2484,OK,0
2026-07-09 14:45:50,F3,14.2466,OK,0
2026-07-09 14:46:00,F3,14.2449,OK,0
2026-07-09 14:46:11,F3,14.2431,OK,0
2026-07-09 14:46:21,F3,14.2413,OK,0
2026-07-09 14:46:31,F3,14.2395,OK,0
2026-07-09 14:46:41,F3,14.2377,OK,0
2026-07-09 14:46:52,F3,14.2359,OK,0
2026-07-09 14:47:02,F3,14.2340,OK,0
2026-07-09 14:47:12,F3,14.2321,OK,0
2026-07-09 14:47:22,F3,14.2302,OK,0
2026-07-09 14:47:33,F3,14.2283,OK,0
2026-07-09 14:47:43,F3,14.2264,OK,0
2026-07-09 14:47:53,F3,14.2244,OK,0
2026-07-09 14:48:03,F3,14.2225,OK,0
2026-07-09 14:48:13,F3,14.2205,OK,0
2026-07-09 14:48:24,F3,14.2185,OK,0
2026-07-09 14:48:34,F3,14.2164,OK,0
2026-07-09 14:48:44,F3,14.2144,OK,0
2026-07-09 14:48:54,F3,14.2123,OK,0
2026-07-09 14:49:05,F3,14.2102,OK,0
2026-07-09 14:49:15,F3,14.2081,OK,0
2026-07-09 14:49:25,F3,14.2060,OK,0
2026-07-09 14:49:35,F3,14.2038,OK,0
2026-07-09 14:49:46,F3,14.2016,OK,0
2026-07-09 14:49:56,F3,14.1994,OK,0
2026-07-09 14:50:06,F3,14.1972,OK,0
2026-07-09 14:50:16,F3,14.1950,OK,0
2026-07-09 14:50:27,F3,14.1927,OK,0
2026-07-09 14:50:37,F3,14.1905,OK,0
2026-07-09 14:50:47,F3,14.1882,OK,0
2026-07-09 14:50:57,F3,14.1859,OK,0
2026-07-09 14:51:08,F3,14.1835,OK,0
2026-07-09 14:51:18,F3,14.1812,OK,0
2026-07-09 14:51:28,F3,14.1788,OK,0
2026-07-09 14:51:38,F3,14.1764,OK,0
2026-07-09 14:51:49,F3,14.1740,OK,0
2026-07-09 14:51:59,F3,14.1715,OK,0
2026-07-09 14:52:09,F3,14.1691,OK,0
2026-07-09 14:52:19,F3,14.1666,OK,0
2026-07-09 14:52:30,F3,14.1641,OK,0
2026-07-09 14:52:40,F3,14.1616,OK,0
2026-07-09 14:52:50,F3,14.1591,OK,0
2026-07-09 14:53:00,F3,14.1565,OK,0
2026-07-09 14:53:10,F3,14.1539,OK,0
2026-07-09 14:53:21,F3,14.1514,OK,0
2026-07-09 14:53:31,F3,14.1487,OK,0
2026-07-09 14:53:41,F3,14.1461,OK,0
2026-07-09 14:53:51,F3,14.1435,OK,0
2026-07-09 14:54:02,F3,14.1408,OK,0
2026-07-09 14:54:12,F3,14.1382,OK,0
2026-07-09 14:54:22,F3,14.1355,OK,0
2026-07-09 14:54:32,F3,14.1328,OK,0
2026-07-09 14:54:43,F3,14.1301,OK,0
2026-07-09 14:54:53,F3,14.1273,OK,0
2026-07-09 14:55:03,F3,14.1246,OK,0
2026-07-09 14:55:13,F3,14.1218,OK,0
2026-07-09 14:55:24,F3,14.1190,OK,0
2026-07-09 14:55:34,F3,14.1163,OK,0
2026-07-09 14:55:44,F3,14.1135,OK,0
2026-07-09 14:55:54,F3,14.1106,OK,0
2026-07-09 14:56:05,F3,14.1078,OK,0
2026-07-09 14:56:15,F3,14.1050,OK,0
2026-07-09 14:56:25,F3,14.1021,OK,0
2026-07-09 14:56:35,F3,14.0992,OK,0
2026-07-09 14:56:46,F3,14.0964,OK,0
2026-07-09 14:56:56,F3,14.0935,OK,0
2026-07-09 14:57:06,F3,14.0906,OK,0
2026-07-09 14:57:16,F3,14.0877,OK,0
2026-07-09 14:57:27,F3,14.0848,OK,0
2026-07-09 14:57:37,F3,14.0818,OK,0
2026-07-09 14:57:47,F3,14.0789,OK,0
2026-07-09 14:57:57,F3,14.0760,OK,0
2026-07-09 14:58:08,F3,14.0730,OK,0
2026-07-09 14:58:18,F3,14.0700,OK,0
2026-07-09 14:58:28,F3,14.0670,OK,0
2026-07-09 14:58:38,F3,14.0641,OK,0
2026-07-09 14:58:49,F3,14.0611,OK,0
2026-07-09 14:58:59,F3,14.0581,OK,0
2026-07-09 14:59:09,F3,14.0550,OK,0
2026-07-09 14:59:19,F3,14.0520,OK,0
2026-07-09 14:59:30,F3,14.0490,OK,0
2026-07-09 14:59:40,F3,14.0459,OK,0
2026-07-09 14:59:50,F3,14.0428,OK,0
2026-07-09 15:00:00,F3,14.0398,OK,0
2026-07-09 15:00:11,F3,14.0367,OK,0
2026-07-09 15:00:21,F3,14.0336,OK,0
2026-07-09 15:00:31,F3,14.0305,OK,0
2026-07-09 15:00:41,F3,14.0273,OK,0
2026-07-09 15:00:51,F3,14.0242,OK,0
2026-07-09 15:01:02,F3,14.0210,OK,0
2026-07-09 15:01:12,F3,14.0179,OK,0
2026-07-09 15:01:22,F3,14.0147,OK,0
2026-07-09 15:01:32,F3,14.0115,OK,0
2026-07-09 15:01:43,F3,14.0083,OK,0
2026-07-09 15:01:53,F3,14.0051,OK,0
2026-07-09 15:02:03,F3,14.0019,OK,0
2026-07-09 15:02:13,F3,13.9987,OK,0
2026-07-09 15:02:24,F3,13.9954,OK,0
2026-07-09 15:02:34,F3,13.9921,OK,0
2026-07-09 15:02:44,F3,13.9889,OK,0
2026-07-09 15:02:54,F3,13.9856,OK,0
2026-07-09 15:03:05,F3,13.9823,OK,0
2026-07-09 15:03:15,F3,13.9790,OK,0
2026-07-09 15:03:25,F3,13.9756,OK,0
2026-07-09 15:03:35,F3,13.9723,OK,0
2026-07-09 15:03:45,F3,13.9689,OK,0
2026-07-09 15:03:56,F3,13.9656,OK,0
2026-07-09 15:04:06,F3,13.9622,OK,0
2026-07-09 15:04:16,F3,13.9588,OK,0
2026-07-09 15:04:26,F3,13.9554,OK,0
2026-07-09 15:04:37,F3,13.9519,OK,0
2026-07-09 15:04:47,F3,13.9485,OK,0
2026-07-09 15:04:57,F3,13.9450,OK,0
2026-07-09 15:05:07,F3,13.9416,OK,0
2026-07-09 15:05:18,F3,13.9381,OK,0
2026-07-09 15:05:28,F3,13.9346,OK,0
2026-07-09 15:05:38,F3,13.9311,OK,0
2026-07-09 15:05:48,F3,13.9275,OK,0
2026-07-09 15:05:59,F3,13.9240,OK,0
2026-07-09 15:06:09,F3,13.9204,OK,0
2026-07-09 15:06:19,F3,13.9168,OK,0
2026-07-09 15:06:29,F3,13.9133,OK,0
2026-07-09 15:06:40,F3,13.9096,OK,0
2026-07-09 15:06:50,F3,13.9060,OK,0
2026-07-09 15:07:00,F3,13.9024,OK,0
2026-07-09 15:07:10,F3,13.8988,OK,0
2026-07-09 15:07:21,F3,13.8951,OK,0
2026-07-09 15:07:31,F3,13.8914,OK,0
2026-07-09 15:07:41,F3,13.8877,OK,0
2026-07-09 15:07:51,F3,13.8840,OK,0
2026-07-09 15:08:02,F3,13.8803,OK,0
2026-07-09 15:08:12,F3,13.8766,OK,0
2026-07-09 15:08:22,F3,13.8728,OK,0
2026-07-09 15:08:32,F3,13.8691,OK,0
2026-07-09 15:08:43,F3,13.8653,OK,0
2026-07-09 15:08:53,F3,13.8615,OK,0
2026-07-09 15:09:03,F3,13.8578,OK,0
2026-07-09 15:09:13,F3,13.8539,OK,0
2026-07-09 15:09:24,F3,13.8501,OK,0
2026-07-09 15:09:34,F3,13.8463,OK,0
2026-07-09 15:09:44,F3,13.8425,OK,1
2026-07-09 15:09:54,F3,13.8386,OK,0
2026-07-09 15:10:05,F3,13.8347,OK,0
2026-07-09 15:10:15,F3,13.8309,OK,0
2026-07-09 15:10:25,F3,13.8270,OK,0
2026-07-09 15:10:35,F3,13.8231,OK,0
2026-07-09 15:10:46,F3,13.8192,OK,0
2026-07-09 15:10:56,F3,13.8152,OK,0
2026-07-09 15:11:06,F3,13.8113,OK,0
2026-07-09 15:11:16,F3,13.8074,OK,0
2026-07-09 15:11:26,F3,13.8034,OK,0
2026-07-09 15:11:37,F3,13.7995,OK,0
2026-07-09 15:11:47,F3,13.7955,OK,0
2026-07-09 15:11:57,F3,13.7915,OK,0
2026-07-09 15:12:07,F3,13.7876,OK,0
2026-07-09 15:12:18,F3,13.7836,OK,0
2026-07-09 15:12:28,F3,13.7796,OK,0
2026-07-09 15:12:38,F3,13.7756,OK,0
2026-07-09 15:12:48,F3,13.7716,OK,0
2026-07-09 15:12:59,F3,13.7675,OK,0
2026-07-09 15:13:09,F3,13.7635,OK,0
2026-07-09 15:13:19,F3,13.7595,OK,0
2026-07-09 15:13:29,F3,13.7555,OK,0
2026-07-09 15:13:40,F3,13.7514,OK,0
2026-07-09 15:13:50,F3,13.7474,OK,0
2026-07-09 15:14:00,F3,13.7433,OK,0
2026-07-09 15:14:10,F3,13.7393,OK,0
2026-07-09 15:14:20,F3,13.7352,OK,0
2026-07-09 15:14:31,F3,13.7311,OK,0
2026-07-09 15:14:41,F3,13.7271,OK,0
2026-07-09 15:14:51,F3,13.7230,OK,0
2026-07-09 15:15:01,F3,13.7189,OK,0
2026-07-09 15:15:12,F3,13.7148,OK,0
2026-07-09 15:15:22,F3,13.7108,OK,0
2026-07-09 15:15:32,F3,13.7067,OK,0
2026-07-09 15:15:42,F3,13.7026,OK,0
2026-07-09 15:15:53,F3,13.6985,OK,0
2026-07-09 15:16:03,F3,13.6944,OK,0
2026-07-09 15:16:13,F3,13.6903,OK,0
2026-07-09 15:16:23,F3,13.6862,OK,0
2026-07-09 15:16:34,F3,13.6821,OK,0
2026-07-09 15:16:44,F3,13.6779,OK,0
2026-07-09 15:16:54,F3,13.6738,OK,0
2026-07-09 15:17:04,F3,13.6697,OK,0
2026-07-09 15:17:14,F3,13.6656,OK,0
2026-07-09 15:17:25,F3,13.6615,OK,0
2026-07-09 15:17:35,F3,13.6573,OK,0
2026-07-09 15:17:45,F3,13.6532,OK,0
2026-07-09 15:17:55,F3,13.6491,OK,0
2026-07-09 15:18:06,F3,13.6449,OK,0
2026-07-09 15:18:16,F3,13.6408,OK,0
2026-07-09 15:18:26,F3,13.6367,OK,0
2026-07-09 15:18:36,F3,13.6326,OK,0
2026-07-09 15:18:47,F3,13.6284,OK,0
2026-07-09 15:18:57,F3,13.6243,OK,0
2026-07-09 15:19:07,F3,13.6202,OK,0
2026-07-09 15:19:18,F3,13.6161,OK,0
2026-07-09 15:19:28,F3,13.6120,OK,0
2026-07-09 15:19:38,F3,13.6079,OK,0
2026-07-09 15:19:48,F3,13.6038,OK,0
2026-07-09 15:19:58,F3,13.5998,OK,0
2026-07-09 15:20:09,F3,13.5957,OK,0
2026-07-09 15:20:19,F3,13.5917,OK,1
2026-07-09 15:20:29,F3,13.5876,OK,0
2026-07-09 15:20:39,F3,13.5836,OK,0
2026-07-09 15:20:50,F3,13.5796,OK,0
2026-07-09 15:21:00,F3,13.5756,OK,0
2026-07-09 15:21:10,F3,13.5716,OK,0
2026-07-09 15:21:20,F3,13.5677,OK,0
2026-07-09 15:21:31,F3,13.5637,OK,0
2026-07-09 15:21:41,F3,13.5598,OK,0
2026-07-09 15:21:51,F3,13.5559,OK,0
2026-07-09 15:22:01,F3,13.5520,OK,0
2026-07-09 15:22:12,F3,13.5481,OK,0
2026-07-09 15:22:22,F3,13.5443,OK,0
2026-07-09 15:22:32,F3,13.5405,OK,0
2026-07-09 15:22:42,F3,13.5367,OK,0
2026-07-09 15:22:53,F3,13.5329,OK,0
2026-07-09 15:23:03,F3,13.5291,OK,0
2026-07-09 15:23:13,F3,13.5254,OK,0
2026-07-09 15:23:23,F3,13.5217,OK,0
2026-07-09 15:23:34,F3,13.5180,OK,0
2026-07-09 15:23:44,F3,13.5144,OK,0
2026-07-09 15:23:54,F3,13.5108,OK,0
2026-07-09 15:24:04,F3,13.5072,OK,0
2026-07-09 15:24:15,F3,13.5036,OK,0
2026-07-09 15:24:25,F3,13.5001,OK,0
2026-07-09 15:24:35,F3,13.4966,OK,0
2026-07-09 15:24:45,F3,13.4931,OK,0
2026-07-09 15:24:56,F3,13.4896,OK,0
2026-07-09 15:25:06,F3,13.4862,OK,0
2026-07-09 15:25:16,F3,13.4828,OK,0
2026-07-09 15:25:26,F3,13.4795,OK,0
2026-07-09 15:25:37,F3,13.4761,OK,0
2026-07-09 15:25:47,F3,13.4728,OK,0
2026-07-09 15:25:57,F3,13.4696,OK,0
2026-07-09 15:26:07,F3,13.4663,OK,0
2026-07-09 15:26:17,F3,13.4631,OK,0
2026-07-09 15:26:28,F3,13.4599,OK,0
2026-07-09 15:26:38,F3,13.4568,OK,0
2026-07-09 15:26:48,F3,13.4537,OK,0
2026-07-09 15:26:58,F3,13.4506,OK,0
2026-07-09 15:27:09,F3,13.4475,OK,0
2026-07-09 15:27:19,F3,13.4445,OK,0
2026-07-09 15:27:29,F3,13.4415,OK,0
2026-07-09 15:27:39,F3,13.4386,OK,0
2026-07-09 15:27:50,F3,13.4356,OK,0
2026-07-09 15:28:00,F3,13.4327,OK,0
2026-07-09 15:28:10,F3,13.4299,OK,0
2026-07-09 15:28:20,F3,13.4271,OK,0
2026-07-09 15:28:31,F3,13.4243,OK,0
2026-07-09 15:28:41,F3,13.4215,OK,0
2026-07-09 15:28:51,F3,13.4188,OK,0
2026-07-09 15:29:01,F3,13.4161,OK,0
2026-07-09 15:29:12,F3,13.4134,OK,0
2026-07-09 15:29:22,F3,13.4108,OK,0
2026-07-09 15:29:32,F3,13.4082,OK,0
2026-07-09 15:29:42,F3,13.4056,OK,0
2026-07-09 15:29:53,F3,13.4031,OK,0
2026-07-09 15:30:03,F3,13.4006,OK,0
2026-07-09 15:30:13,F3,13.3982,OK,0
2026-07-09 15:30:23,F3,13.3958,OK,0
2026-07-09 15:30:34,F3,13.3934,OK,0
2026-07-09 15:30:44,F3,13.3910,OK,0
2026-07-09 15:30:54,F3,13.3887,OK,0
2026-07-09 15:31:04,F3,13.3865,OK,0
2026-07-09 15:31:15,F3,13.3842,OK,0
2026-07-09 15:31:25,F3,13.3820,OK,0
2026-07-09 15:31:35,F3,13.3799,OK,0
2026-07-09 15:31:45,F3,13.3778,OK,0
2026-07-09 15:31:56,F3,13.3757,OK,0
2026-07-09 15:32:06,F3,13.3736,OK,0
2026-07-09 15:32:16,F3,13.3716,OK,0
2026-07-09 15:32:26,F3,13.3697,OK,0
2026-07-09 15:32:36,F3,13.3678,OK,0
2026-07-09 15:32:47,F3,13.3659,OK,0
2026-07-09 15:32:57,F3,13.3641,OK,0
2026-07-09 15:33:07,F3,13.3623,OK,0
2026-07-09 15:33:17,F3,13.3605,OK,0
2026-07-09 15:33:28,F3,13.3588,OK,0
2026-07-09 15:33:38,F3,13.3571,OK,0
2026-07-09 15:33:48,F3,13.3555,OK,0
2026-07-09 15:33:58,F3,13.3540,OK,0
2026-07-09 15:34:08,F3,13.3524,OK,0
2026-07-09 15:34:19,F3,13.3509,OK,0
2026-07-09 15:34:29,F3,13.3495,OK,0
2026-07-09 15:34:39,F3,13.3481,OK,0
2026-07-09 15:34:49,F3,13.3468,OK,0
2026-07-09 15:35:00,F3,13.3455,OK,0
2026-07-09 15:35:10,F3,13.3442,OK,0
2026-07-09 15:35:20,F3,13.3430,OK,0
2026-07-09 15:35:30,F3,13.3419,OK,0
2026-07-09 15:35:41,F3,13.3408,OK,0
2026-07-09 15:35:51,F3,13.3397,OK,0
2026-07-09 15:36:01,F3,13.3387,OK,0
2026-07-09 15:36:11,F3,13.3378,OK,0
2026-07-09 15:36:22,F3,13.3369,OK,0
2026-07-09 15:36:32,F3,13.3360,OK,0
2026-07-09 15:36:42,F3,13.3352,OK,0
2026-07-09 15:36:52,F3,13.3344,OK,0
2026-07-09 15:37:03,F3,13.3337,OK,0
2026-07-09 15:37:13,F3,13.3331,OK,0
2026-07-09 15:37:23,F3,13.3325,OK,0
2026-07-09 15:37:33,F3,13.3319,OK,0
2026-07-09 15:37:44,F3,13.3314,OK,0
2026-07-09 15:37:54,F3,13.3309,OK,0
2026-07-09 15:38:04,F3,13.3305,OK,0
2026-07-09 15:38:14,F3,13.3301,OK,0
2026-07-09 15:38:25,F3,13.3298,OK,0
2026-07-09 15:38:35,F3,13.3295,OK,0
2026-07-09 15:38:45,F3,13.3293,OK,0
2026-07-09 15:38:55,F3,13.3291,OK,0
2026-07-09 15:39:05,F3,13.3290,OK,0
2026-07-09 15:39:16,F3,13.3289,OK,0
2026-07-09 15:39:26,F3,13.3288,OK,0
2026-07-09 15:39:36,F3,13.3288,OK,0
2026-07-09 15:39:46,F3,13.3289,OK,0
2026-07-09 15:39:57,F3,13.3290,OK,0
2026-07-09 15:40:07,F3,13.3291,OK,0
2026-07-09 15:40:17,F3,13.3293,OK,0
2026-07-09 15:40:27,F3,13.3295,OK,0
2026-07-09 15:40:38,F3,13.3298,OK,0
2026-07-09 15:40:48,F3,13.3301,OK,0
2026-07-09 15:40:58,F3,13.3304,OK,0
2026-07-09 15:41:08,F3,13.3308,OK,0
2026-07-09 15:41:19,F3,13.3312,OK,0
2026-07-09 15:41:29,F3,13.3317,OK,0
2026-07-09 15:41:39,F3,13.3322,OK,0
2026-07-09 15:41:49,F3,13.3328,OK,0
2026-07-09 15:42:00,F3,13.3334,OK,0
2026-07-09 15:42:10,F3,13.3341,OK,0
2026-07-09 15:42:20,F3,13.3347,OK,0
2026-07-09 15:42:30,F3,13.3355,OK,0
2026-07-09 15:42:41,F3,13.3362,OK,0
2026-07-09 15:42:51,F3,13.3370,OK,0
2026-07-09 15:43:01,F3,13.3379,OK,0
2026-07-09 15:43:11,F3,13.3387,OK,0
2026-07-09 15:43:22,F3,13.3396,OK,0
2026-07-09 15:43:32,F3,13.3406,OK,0
2026-07-09 15:43:42,F3,13.3416,OK,0
2026-07-09 15:43:52,F3,13.3426,OK,0
2026-07-09 15:44:03,F3,13.3437,OK,0
2026-07-09 15:44:13,F3,13.3448,OK,0
2026-07-09 15:44:23,F3,13.3459,OK,0
2026-07-09 15:44:33,F3,13.3470,OK,0
2026-07-09 15:44:44,F3,13.3482,OK,0
2026-07-09 15:44:54,F3,13.3495,OK,0
2026-07-09 15:45:04,F3,13.3507,OK,0
2026-07-09 15:45:14,F3,13.3520,OK,0
2026-07-09 15:45:25,F3,13.3534,OK,0
2026-07-09 15:45:35,F3,13.3547,OK,0
2026-07-09 15:45:45,F3,13.3561,OK,0
2026-07-09 15:45:55,F3,13.3576,OK,0
2026-07-09 15:46:05,F3,13.3590,OK,0
2026-07-09 15:46:16,F3,13.3605,OK,0
2026-07-09 15:46:26,F3,13.3620,OK,0
2026-07-09 15:46:36,F3,13.3636,OK,0
2026-07-09 15:46:46,F3,13.3652,OK,0
2026-07-09 15:46:57,F3,13.3668,OK,0
2026-07-09 15:47:07,F3,13.3684,OK,0
2026-07-09 15:47:17,F3,13.3701,OK,0
2026-07-09 15:47:27,F3,13.3718,OK,0
2026-07-09 15:47:38,F3,13.3736,OK,0
2026-07-09 15:47:48,F3,13.3753,OK,0
2026-07-09 15:47:58,F3,13.3771,OK,0
2026-07-09 15:48:08,F3,13.3789,OK,0
2026-07-09 15:48:18,F3,13.3808,OK,0
2026-07-09 15:48:29,F3,13.3827,OK,0
2026-07-09 15:48:39,F3,13.3846,OK,0
2026-07-09 15:48:49,F3,13.3865,OK,0
2026-07-09 15:48:59,F3,13.3885,OK,0
2026-07-09 15:49:10,F3,13.3905,OK,0
2026-07-09 15:49:20,F3,13.3925,OK,0
2026-07-09 15:49:30,F3,13.3945,OK,0
2026-07-09 15:49:40,F3,13.3966,OK,0
2026-07-09 15:49:51,F3,13.3987,OK,0
2026-07-09 15:50:01,F3,13.4008,OK,0
2026-07-09 15:50:11,F3,13.4029,OK,0
2026-07-09 15:50:21,F3,13.4051,OK,0
2026-07-09 15:50:32,F3,13.4073,OK,0
2026-07-09 15:50:42,F3,13.4095,OK,0
2026-07-09 15:50:52,F3,13.4117,OK,0
2026-07-09 15:51:02,F3,13.4140,OK,0
2026-07-09 15:51:13,F3,13.4163,OK,0
2026-07-09 15:51:23,F3,13.4185,OK,0
2026-07-09 15:51:33,F3,13.4209,OK,0
2026-07-09 15:51:43,F3,13.4232,OK,0
2026-07-09 15:51:54,F3,13.4255,OK,0
2026-07-09 15:52:04,F3,13.4279,OK,0
2026-07-09 15:52:14,F3,13.4303,OK,0
2026-07-09 15:52:24,F3,13.4327,OK,0
2026-07-09 15:52:34,F3,13.4351,OK,0
2026-07-09 15:52:45,F3,13.4376,OK,0
2026-07-09 15:52:55,F3,13.4400,OK,0
2026-07-09 15:53:05,F3,13.4425,OK,0
2026-07-09 15:53:15,F3,13.4450,OK,0
2026-07-09 15:53:26,F3,13.4474,OK,0
2026-07-09 15:53:36,F3,13.4499,OK,0
2026-07-09 15:53:46,F3,13.4525,OK,0
2026-07-09 15:53:56,F3,13.4550,OK,0
2026-07-09 15:54:07,F3,13.4575,OK,0
2026-07-09 15:54:17,F3,13.4601,OK,0
2026-07-09 15:54:27,F3,13.4626,OK,0
2026-07-09 15:54:37,F3,13.4652,OK,0
2026-07-09 15:54:48,F3,13.4677,OK,0
2026-07-09 15:54:58,F3,13.4703,OK,0
2026-07-09 15:55:08,F3,13.4729,OK,0
2026-07-09 15:55:18,F3,13.4755,OK,0
2026-07-09 15:55:29,F3,13.4780,OK,0
2026-07-09 15:55:39,F3,13.4806,OK,0
2026-07-09 15:55:49,F3,13.4832,OK,0
2026-07-09 15:55:59,F3,13.4858,OK,0
2026-07-09 15:56:10,F3,13.4884,OK,0
2026-07-09 15:56:20,F3,13.4911,OK,0
2026-07-09 15:56:30,F3,13.4937,OK,0
2026-07-09 15:56:40,F3,13.4963,OK,0
2026-07-09 15:56:51,F3,13.4989,OK,0
2026-07-09 15:57:01,F3,13.5015,OK,0
2026-07-09 15:57:11,F3,13.5041,OK,0
2026-07-09 15:57:21,F3,13.5068,OK,0
2026-07-09 15:57:32,F3,13.5094,OK,0
2026-07-09 15:57:42,F3,13.5120,OK,0
2026-07-09 15:57:52,F3,13.5146,OK,0
2026-07-09 15:58:02,F3,13.5173,OK,0
2026-07-09 15:58:13,F3,13.5199,OK,0
2026-07-09 15:58:23,F3,13.5226,OK,0
2026-07-09 15:58:33,F3,13.5252,OK,0
2026-07-09 15:58:43,F3,13.5278,OK,0
2026-07-09 15:58:54,F3,13.5305,OK,0
2026-07-09 15:59:04,F3,13.5331,OK,0
2026-07-09 15:59:14,F3,13.5358,OK,0
2026-07-09 15:59:24,F3,13.5384,OK,0
2026-07-09 15:59:34,F3,13.5411,OK,0
2026-07-09 15:59:45,F3,13.5437,OK,0
2026-07-09 15:59:55,F3,13.5464,OK,0
2026-07-09 16:00:05,F3,13.5491,OK,0
2026-07-09 16:00:15,F3,13.5517,OK,0
2026-07-09 16:00:26,F3,13.5544,OK,0
2026-07-09 16:00:36,F3,13.5571,OK,0
2026-07-09 16:00:46,F3,13.5597,OK,0
2026-07-09 16:00:57,F3,13.5624,OK,0
2026-07-09 16:01:08,F3,13.5651,OK,0
2026-07-09 16:01:18,F3,13.5678,OK,0
2026-07-09 16:01:28,F3,13.5705,OK,0
2026-07-09 16:01:38,F3,13.5732,OK,0
2026-07-09 16:01:49,F3,13.5759,OK,0
2026-07-09 16:01:59,F3,13.5786,OK,0
2026-07-09 16:02:09,F3,13.5813,OK,0
2026-07-09 16:02:19,F3,13.5840,OK,0
2026-07-09 16:02:30,F3,13.5867,OK,0
2026-07-09 16:02:40,F3,13.5894,OK,0
2026-07-09 16:02:50,F3,13.5921,OK,0
2026-07-09 16:03:00,F3,13.5949,OK,0
2026-07-09 16:03:11,F3,13.5976,OK,0
2026-07-09 16:03:21,F3,13.6003,OK,0
2026-07-09 16:03:31,F3,13.6031,OK,0
2026-07-09 16:03:41,F3,13.6058,OK,0
2026-07-09 16:03:52,F3,13.6086,OK,0
2026-07-09 16:04:02,F3,13.6113,OK,0
2026-07-09 16:04:12,F3,13.6141,OK,0
2026-07-09 16:04:22,F3,13.6169,OK,0
2026-07-09 16:04:32,F3,13.6196,OK,0
2026-07-09 16:04:43,F3,13.6224,OK,0
2026-07-09 16:04:53,F3,13.6252,OK,0
2026-07-09 16:05:03,F3,13.6280,OK,0
2026-07-09 16:05:14,F3,13.6308,OK,0
2026-07-09 16:05:24,F3,13.6336,OK,0
2026-07-09 16:05:34,F3,13.6363,OK,0
2026-07-09 16:05:44,F3,13.6391,OK,0
2026-07-09 16:05:54,F3,13.6419,OK,0
2026-07-09 16:06:05,F3,13.6448,OK,0
2026-07-09 16:06:15,F3,13.6476,OK,0
2026-07-09 16:06:25,F3,13.6504,OK,0
2026-07-09 16:06:35,F3,13.6532,OK,0
2026-07-09 16:06:46,F3,13.6560,OK,0
2026-07-09 16:06:56,F3,13.6588,OK,0
2026-07-09 16:07:06,F3,13.6617,OK,0
2026-07-09 16:07:16,F3,13.6645,OK,0
2026-07-09 16:07:27,F3,13.6673,OK,0
2026-07-09 16:07:37,F3,13.6702,OK,0
2026-07-09 16:07:47,F3,13.6730,OK,0
2026-07-09 16:07:57,F3,13.6759,OK,0
2026-07-09 16:08:08,F3,13.6787,OK,0
2026-07-09 16:08:18,F3,13.6815,OK,0
2026-07-09 16:08:28,F3,13.6844,OK,0
2026-07-09 16:08:38,F3,13.6872,OK,0
2026-07-09 16:08:49,F3,13.6901,OK,0
2026-07-09 16:08:59,F3,13.6929,OK,0
2026-07-09 16:09:09,F3,13.6958,OK,0
2026-07-09 16:09:19,F3,13.6986,OK,0
2026-07-09 16:09:30,F3,13.7015,OK,0
2026-07-09 16:09:40,F3,13.7043,OK,0
2026-07-09 16:09:50,F3,13.7072,OK,0
2026-07-09 16:10:00,F3,13.7101,OK,0
2026-07-09 16:10:11,F3,13.7129,OK,0
2026-07-09 16:10:21,F3,13.7158,OK,0
2026-07-09 16:10:31,F3,13.7186,OK,0
2026-07-09 16:10:41,F3,13.7215,OK,0
2026-07-09 16:10:52,F3,13.7244,OK,0
2026-07-09 16:11:02,F3,13.7272,OK,0
2026-07-09 16:11:12,F3,13.7301,OK,0
2026-07-09 16:11:22,F3,13.7329,OK,0
2026-07-09 16:11:33,F3,13.7358,OK,0
2026-07-09 16:11:43,F3,13.7386,OK,0
2026-07-09 16:11:53,F3,13.7415,OK,0
2026-07-09 16:12:03,F3,13.7443,OK,0
2026-07-09 16:12:13,F3,13.7471,OK,0
2026-07-09 16:12:24,F3,13.7500,OK,0
2026-07-09 16:12:34,F3,13.7528,OK,0
2026-07-09 16:12:44,F3,13.7556,OK,0
2026-07-09 16:12:54,F3,13.7585,OK,0
2026-07-09 16:13:05,F3,13.7613,OK,0
2026-07-09 16:13:15,F3,13.7641,OK,0
2026-07-09 16:13:25,F3,13.7670,OK,0
2026-07-09 16:13:35,F3,13.7698,OK,0
2026-07-09 16:13:46,F3,13.7726,OK,0
2026-07-09 16:13:56,F3,13.7754,OK,0
2026-07-09 16:14:06,F3,13.7782,OK,0
2026-07-09 16:14:16,F3,13.7810,OK,0
2026-07-09 16:14:27,F3,13.7838,OK,0
2026-07-09 16:14:37,F3,13.7866,OK,0
2026-07-09 16:14:47,F3,13.7894,OK,0
2026-07-09 16:14:57,F3,13.7922,OK,0
2026-07-09 16:15:08,F3,13.7950,OK,0
2026-07-09 16:15:18,F3,13.7978,OK,0
2026-07-09 16:15:28,F3,13.8006,OK,0
2026-07-09 16:15:38,F3,13.8034,OK,0
2026-07-09 16:15:49,F3,13.8062,OK,0
2026-07-09 16:15:59,F3,13.8090,OK,0
2026-07-09 16:16:09,F3,13.8118,OK,0
2026-07-09 16:16:19,F3,13.8145,OK,0
2026-07-09 16:16:29,F3,13.8173,OK,0
2026-07-09 16:16:40,F3,13.8201,OK,0
2026-07-09 16:16:50,F3,13.8229,OK,0
2026-07-09 16:17:00,F3,13.8256,OK,0
2026-07-09 16:17:10,F3,13.8284,OK,0
2026-07-09 16:17:21,F3,13.8312,OK,0
2026-07-09 16:17:31,F3,13.8340,OK,0
2026-07-09 16:17:41,F3,13.8367,OK,0
2026-07-09 16:17:51,F3,13.8395,OK,0
2026-07-09 16:18:02,F3,13.8422,OK,0
2026-07-09 16:18:12,F3,13.8450,OK,0
2026-07-09 16:18:22,F3,13.8477,OK,0
2026-07-09 16:18:32,F3,13.8505,OK,0
2026-07-09 16:18:43,F3,13.8532,OK,0
2026-07-09 16:18:53,F3,13.8560,OK,0
2026-07-09 16:19:03,F3,13.8587,OK,0
2026-07-09 16:19:13,F3,13.8615,OK,0
2026-07-09 16:19:24,F3,13.8642,OK,0
2026-07-09 16:19:34,F3,13.8669,OK,0
2026-07-09 16:19:44,F3,13.8696,OK,0
2026-07-09 16:19:55,F3,13.8724,OK,0
2026-07-09 16:20:05,F3,13.8751,OK,0
2026-07-09 16:20:15,F3,13.8778,OK,0
2026-07-09 16:20:25,F3,13.8805,OK,0
2026-07-09 16:20:35,F3,13.8831,OK,0
2026-07-09 16:20:46,F3,13.8858,OK,0
2026-07-09 16:20:56,F3,13.8885,OK,0
2026-07-09 16:21:06,F3,13.8911,OK,0
2026-07-09 16:21:16,F3,13.8938,OK,0
2026-07-09 16:21:27,F3,13.8964,OK,0
2026-07-09 16:21:37,F3,13.8991,OK,0
2026-07-09 16:21:47,F3,13.9017,OK,0
2026-07-09 16:21:57,F3,13.9043,OK,0
2026-07-09 16:22:08,F3,13.9069,OK,0
2026-07-09 16:22:18,F3,13.9095,OK,0
2026-07-09 16:22:28,F3,13.9121,OK,0
2026-07-09 16:22:38,F3,13.9146,OK,0
2026-07-09 16:22:49,F3,13.9172,OK,0
2026-07-09 16:22:59,F3,13.9197,OK,0
2026-07-09 16:23:09,F3,13.9222,OK,0
2026-07-09 16:23:19,F3,13.9248,OK,0
2026-07-09 16:23:30,F3,13.9273,OK,0
2026-07-09 16:23:40,F3,13.9298,OK,0
2026-07-09 16:23:50,F3,13.9322,OK,0
2026-07-09 16:24:00,F3,13.9347,OK,0
2026-07-09 16:24:11,F3,13.9371,OK,0
2026-07-09 16:24:21,F3,13.9396,OK,0
2026-07-09 16:24:31,F3,13.9420,OK,0
2026-07-09 16:24:41,F3,13.9444,OK,0
2026-07-09 16:24:52,F3,13.9468,OK,0
2026-07-09 16:25:02,F3,13.9492,OK,0
2026-07-09 16:25:12,F3,13.9515,OK,0
2026-07-09 16:25:22,F3,13.9539,OK,0
2026-07-09 16:25:33,F3,13.9562,OK,0
2026-07-09 16:25:43,F3,13.9585,OK,0
2026-07-09 16:25:53,F3,13.9608,OK,0
2026-07-09 16:26:03,F3,13.9631,OK,0
2026-07-09 16:26:14,F3,13.9653,OK,0
2026-07-09 16:26:24,F3,13.9676,OK,0
2026-07-09 16:26:34,F3,13.9698,OK,0
2026-07-09 16:26:44,F3,13.9720,OK,0
2026-07-09 16:26:55,F3,13.9742,OK,0
2026-07-09 16:27:05,F3,13.9764,OK,0
2026-07-09 16:27:15,F3,13.9785,OK,0
2026-07-09 16:27:25,F3,13.9806,OK,0
2026-07-09 16:27:36,F3,13.9827,OK,0
2026-07-09 16:27:46,F3,13.9848,OK,0
2026-07-09 16:27:56,F3,13.9869,OK,0
2026-07-09 16:28:06,F3,13.9890,OK,0
2026-07-09 16:28:17,F3,13.9910,OK,0
2026-07-09 16:28:27,F3,13.9930,OK,0
2026-07-09 16:28:37,F3,13.9950,OK,0
2026-07-09 16:28:47,F3,13.9970,OK,0
2026-07-09 16:28:58,F3,13.9989,OK,0
2026-07-09 16:29:08,F3,14.0009,OK,0
2026-07-09 16:29:18,F3,14.0028,OK,0
2026-07-09 16:29:28,F3,14.0047,OK,0
2026-07-09 16:29:38,F3,14.0066,OK,0
2026-07-09 16:29:49,F3,14.0084,OK,0
2026-07-09 16:29:59,F3,14.0103,OK,0
2026-07-09 16:30:09,F3,14.0121,OK,0
2026-07-09 16:30:19,F3,14.0139,OK,0
2026-07-09 16:30:30,F3,14.0157,OK,0
2026-07-09 16:30:40,F3,14.0175,OK,0
2026-07-09 16:30:50,F3,14.0192,OK,0
2026-07-09 16:31:00,F3,14.0210,OK,0
2026-07-09 16:31:11,F3,14.0227,OK,0
2026-07-09 16:31:21,F3,14.0244,OK,0
2026-07-09 16:31:31,F3,14.0261,OK,0
2026-07-09 16:31:41,F3,14.0278,OK,0
2026-07-09 16:31:52,F3,14.0294,OK,0
2026-07-09 16:32:02,F3,14.0311,OK,0
2026-07-09 16:32:12,F3,14.0327,OK,0
2026-07-09 16:32:22,F3,14.0343,OK,0
2026-07-09 16:32:33,F3,14.0359,OK,0
2026-07-09 16:32:43,F3,14.0374,OK,0
2026-07-09 16:32:53,F3,14.0390,OK,0
2026-07-09 16:33:03,F3,14.0405,OK,0
2026-07-09 16:33:14,F3,14.0420,OK,0
2026-07-09 16:33:24,F3,14.0435,OK,0
2026-07-09 16:33:34,F3,14.0450,OK,0
2026-07-09 16:33:44,F3,14.0464,OK,0
2026-07-09 16:33:55,F3,14.0479,OK,0
2026-07-09 16:34:05,F3,14.0493,OK,0
2026-07-09 16:34:15,F3,14.0507,OK,0
2026-07-09 16:34:25,F3,14.0521,OK,0
2026-07-09 16:34:36,F3,14.0535,OK,0
2026-07-09 16:34:46,F3,14.0548,OK,0
2026-07-09 16:34:56,F3,14.0562,OK,0
2026-07-09 16:35:06,F3,14.0575,OK,0
2026-07-09 16:35:16,F3,14.0588,OK,0
2026-07-09 16:35:27,F3,14.0601,OK,0
2026-07-09 16:35:37,F3,14.0613,OK,0
2026-07-09 16:35:47,F3,14.0626,OK,0
2026-07-09 16:35:57,F3,14.0638,OK,0
2026-07-09 16:36:08,F3,14.0650,OK,0
2026-07-09 16:36:18,F3,14.0662,OK,0
2026-07-09 16:36:28,F3,14.0674,OK,0
2026-07-09 16:36:38,F3,14.0685,OK,0
2026-07-09 16:36:49,F3,14.0697,OK,0
2026-07-09 16:36:59,F3,14.0708,OK,0
2026-07-09 16:37:09,F3,14.0719,OK,0
2026-07-09 16:37:19,F3,14.0730,OK,0
2026-07-09 16:37:30,F3,14.0741,OK,0
2026-07-09 16:37:40,F3,14.0751,OK,0
2026-07-09 16:37:50,F3,14.0762,OK,0
2026-07-09 16:38:00,F3,14.0772,OK,0
2026-07-09 16:38:11,F3,14.0782,OK,0
2026-07-09 16:38:21,F3,14.0792,OK,0
2026-07-09 16:38:31,F3,14.0801,OK,0
2026-07-09 16:38:41,F3,14.0811,OK,0
2026-07-09 16:38:51,F3,14.0820,OK,0
2026-07-09 16:39:02,F3,14.0829,OK,0
2026-07-09 16:39:12,F3,14.0838,OK,0
2026-07-09 16:39:22,F3,14.0847,OK,0
2026-07-09 16:39:32,F3,14.0855,OK,0
2026-07-09 16:39:43,F3,14.0864,OK,0
2026-07-09 16:39:53,F3,14.0872,OK,0
2026-07-09 16:40:03,F3,14.0880,OK,0
2026-07-09 16:40:13,F3,14.0887,OK,0
2026-07-09 16:40:24,F3,14.0895,OK,1
2026-07-09 16:40:34,F3,14.0903,OK,1
2026-07-09 16:40:44,F3,14.0910,OK,0
2026-07-09 16:40:54,F3,14.0917,OK,0
2026-07-09 16:41:05,F3,14.0924,OK,0
2026-07-09 16:41:15,F3,14.0930,OK,0
2026-07-09 16:41:25,F3,14.0937,OK,0
2026-07-09 16:41:35,F3,14.0943,OK,0
2026-07-09 16:41:46,F3,14.0949,OK,0
2026-07-09 16:41:56,F3,14.0955,OK,0
2026-07-09 16:42:06,F3,14.0961,OK,0
2026-07-09 16:42:16,F3,14.0967,OK,0
2026-07-09 16:42:27,F3,14.0972,OK,0
2026-07-09 16:42:37,F3,14.0977,OK,0
2026-07-09 16:42:47,F3,14.0983,OK,0
2026-07-09 16:42:57,F3,14.0988,OK,0
2026-07-09 16:43:08,F3,14.0992,OK,0
2026-07-09 16:43:18,F3,14.0997,OK,0
2026-07-09 16:43:28,F3,14.1001,OK,0
2026-07-09 16:43:38,F3,14.1006,OK,0
2026-07-09 16:43:49,F3,14.1010,OK,0
2026-07-09 16:43:59,F3,14.1014,OK,0
2026-07-09 16:44:09,F3,14.1018,OK,0
2026-07-09 16:44:19,F3,14.1021,OK,0
2026-07-09 16:44:30,F3,14.1025,OK,0
2026-07-09 16:44:40,F3,14.1028,OK,0
2026-07-09 16:44:50,F3,14.1031,OK,0
2026-07-09 16:45:00,F3,14.1034,OK,0
2026-07-09 16:45:11,F3,14.1037,OK,0
2026-07-09 16:45:21,F3,14.1039,OK,0
2026-07-09 16:45:31,F3,14.1042,OK,0
2026-07-09 16:45:41,F3,14.1044,OK,0
2026-07-09 16:45:51,F3,14.1046,OK,0
2026-07-09 16:46:02,F3,14.1048,OK,0
2026-07-09 16:46:12,F3,14.1050,OK,0
2026-07-09 16:46:22,F3,14.1052,OK,0
2026-07-09 16:46:32,F3,14.1053,OK,0
2026-07-09 16:46:43,F3,14.1054,OK,0
2026-07-09 16:46:53,F3,14.1056,OK,0
2026-07-09 16:47:03,F3,14.1057,OK,0
2026-07-09 16:47:13,F3,14.1057,OK,0
2026-07-09 16:47:24,F3,14.1058,OK,0
2026-07-09 16:47:34,F3,14.1059,OK,0
2026-07-09 16:47:44,F3,14.1059,OK,0
2026-07-09 16:47:54,F3,14.1059,OK,0
2026-07-09 16:48:05,F3,14.1059,OK,0
2026-07-09 16:48:15,F3,14.1059,OK,0
2026-07-09 16:48:25,F3,14.1059,OK,0
2026-07-09 16:48:35,F3,14.1058,OK,0
2026-07-09 16:48:46,F3,14.1058,OK,0
2026-07-09 16:48:56,F3,14.1057,OK,0
2026-07-09 16:49:06,F3,14.1056,OK,0
2026-07-09 16:49:16,F3,14.1055,OK,1
2026-07-09 16:49:27,F3,14.1054,OK,0
2026-07-09 16:49:37,F3,14.1053,OK,0
2026-07-09 16:49:47,F3,14.1051,OK,0
2026-07-09 16:49:57,F3,14.1050,OK,0
2026-07-09 16:50:07,F3,14.1048,OK,0
2026-07-09 16:50:18,F3,14.1046,OK,0
2026-07-09 16:50:28,F3,14.1044,OK,0
2026-07-09 16:50:38,F3,14.1042,OK,0
2026-07-09 16:50:48,F3,14.1039,OK,0
2026-07-09 16:50:59,F3,14.1037,OK,0
2026-07-09 16:51:09,F3,14.1035,OK,0
2026-07-09 16:51:19,F3,14.1032,OK,0
2026-07-09 16:51:29,F3,14.1029,OK,0
2026-07-09 16:51:40,F3,14.1026,OK,0
2026-07-09 16:51:50,F3,14.1023,OK,0
2026-07-09 16:52:00,F3,14.1020,Bajo rango,1
2026-07-09 16:52:10,F3,14.1017,Bajo rango,1
2026-07-09 16:52:21,F3,14.1014,Bajo rango,1
2026-07-09 16:52:31,F3,14.1011,Bajo rango,1
2026-07-09 16:52:41,F3,14.1007,OK,1
2026-07-09 16:52:51,F3,14.1004,OK,0
2026-07-09 16:53:02,F3,14.1000,OK,0
2026-07-09 16:53:12,F3,14.0997,OK,0
2026-07-09 16:53:22,F3,14.0994,OK,0
2026-07-09 16:53:32,F3,14.0990,OK,0
2026-07-09 16:53:43,F3,14.0988,Bajo rango,0
2026-07-09 16:53:53,F3,14.0985,OK,0
2026-07-09 16:54:03,F3,14.0982,OK,0
2026-07-09 16:54:13,F3,14.0980,OK,0
2026-07-09 16:54:23,F3,14.0977,OK,0
2026-07-09 16:54:34,F3,14.0975,OK,0
2026-07-09 16:54:44,F3,14.0973,OK,0
2026-07-09 16:54:54,F3,14.0971,OK,0
2026-07-09 16:55:04,F3,14.0969,OK,0
2026-07-09 16:55:15,F3,14.0967,OK,0
2026-07-09 16:55:25,F3,14.0966,OK,0
2026-07-09 16:55:35,F3,14.0964,OK,0
2026-07-09 16:55:45,F3,14.0963,OK,0
2026-07-09 16:55:56,F3,14.0961,OK,0
2026-07-09 16:56:06,F3,14.0960,OK,0
2026-07-09 16:56:16,F3,14.0959,OK,0
2026-07-09 16:56:26,F3,14.0958,OK,0
2026-07-09 16:56:37,F3,14.0957,OK,0
2026-07-09 16:56:47,F3,14.0956,OK,0
2026-07-09 16:56:57,F3,14.0955,OK,0
2026-07-09 16:57:07,F3,14.0954,OK,0
2026-07-09 16:57:18,F3,14.0953,OK,0
2026-07-09 16:57:28,F3,14.0953,OK,0
2026-07-09 16:57:38,F3,14.0952,OK,0
2026-07-09 16:57:48,F3,14.0952,OK,0
2026-07-09 16:57:59,F3,14.0951,OK,0
2026-07-09 16:58:09,F3,14.0951,OK,0
2026-07-09 16:58:19,F3,14.0950,OK,0
2026-07-09 16:58:29,F3,14.0950,OK,0
2026-07-09 16:58:39,F3,14.0950,OK,0
2026-07-09 16:58:50,F3,14.0949,OK,0
2026-07-09 16:59:00,F3,14.0949,OK,0
2026-07-09 16:59:10,F3,14.0949,OK,0
2026-07-09 16:59:20,F3,14.0949,OK,0
2026-07-09 16:59:31,F3,14.0949,OK,0
2026-07-09 16:59:41,F3,14.0948,OK,0
2026-07-09 16:59:51,F3,14.0948,OK,0
2026-07-09 17:00:01,F3,14.0948,OK,0
2026-07-09 17:00:12,F3,14.0948,OK,0
2026-07-09 17:00:22,F3,14.0947,OK,0
2026-07-09 17:00:32,F3,14.0947,OK,0
2026-07-09 17:00:42,F3,14.0947,OK,0
2026-07-09 17:00:53,F3,14.0946,OK,0
2026-07-09 17:01:03,F3,14.0946,OK,0
2026-07-09 17:01:13,F3,14.0945,OK,0
2026-07-09 17:01:23,F3,14.0945,OK,0
2026-07-09 17:01:34,F3,14.0944,OK,0
2026-07-09 17:01:44,F3,14.0943,OK,0
2026-07-09 17:01:54,F3,14.0942,OK,0
2026-07-09 17:02:04,F3,14.0941,OK,0
2026-07-09 17:02:15,F3,14.0940,OK,0
2026-07-09 17:02:25,F3,14.0939,OK,0
2026-07-09 17:02:35,F3,14.0937,OK,0
2026-07-09 17:02:45,F3,14.0935,OK,0
2026-07-09 17:02:56,F3,14.0934,OK,0
2026-07-09 17:03:06,F3,14.0932,OK,0
2026-07-09 17:03:16,F3,14.0929,OK,0
2026-07-09 17:03:26,F3,14.0927,OK,0
2026-07-09 17:03:36,F3,14.0925,OK,0
2026-07-09 17:03:47,F3,14.0922,OK,0
2026-07-09 17:03:57,F3,14.0919,OK,0
2026-07-09 17:04:07,F3,14.0916,OK,0
2026-07-09 17:04:17,F3,14.0912,OK,0
2026-07-09 17:04:28,F3,14.0909,OK,0
2026-07-09 17:04:38,F3,14.0905,OK,0
2026-07-09 17:04:48,F3,14.0901,OK,0
2026-07-09 17:04:58,F3,14.0896,OK,0
2026-07-09 17:05:09,F3,14.0892,OK,1
2026-07-09 17:05:19,F3,14.0887,OK,0
2026-07-09 17:05:29,F3,14.0882,OK,0
2026-07-09 17:05:39,F3,14.0876,OK,0
2026-07-09 17:05:50,F3,14.0871,OK,0
2026-07-09 17:06:00,F3,14.0865,OK,0
2026-07-09 17:06:10,F3,14.0859,OK,0
2026-07-09 17:06:20,F3,14.0852,OK,0
2026-07-09 17:06:31,F3,14.0846,OK,0
2026-07-09 17:06:41,F3,14.0839,OK,0
2026-07-09 17:06:51,F3,14.0832,OK,0
2026-07-09 17:07:01,F3,14.0824,OK,0
2026-07-09 17:07:12,F3,14.0816,OK,0
2026-07-09 17:07:22,F3,14.0808,OK,0
2026-07-09 17:07:32,F3,14.0800,OK,0
2026-07-09 17:07:42,F3,14.0791,OK,0
2026-07-09 17:07:53,F3,14.0783,OK,0
2026-07-09 17:08:03,F3,14.0774,OK,0
2026-07-09 17:08:13,F3,14.0764,OK,0
2026-07-09 17:08:23,F3,14.0755,OK,0
2026-07-09 17:08:34,F3,14.0745,OK,0
2026-07-09 17:08:44,F3,14.0735,OK,0
2026-07-09 17:08:54,F3,14.0724,OK,0
2026-07-09 17:09:04,F3,14.0714,OK,0
2026-07-09 17:09:15,F3,14.0703,OK,0
2026-07-09 17:09:25,F3,14.0692,OK,0
2026-07-09 17:09:35,F3,14.0680,OK,0
2026-07-09 17:09:45,F3,14.0668,OK,0
2026-07-09 17:09:56,F3,14.0656,OK,0
2026-07-09 17:10:06,F3,14.0644,OK,0
2026-07-09 17:10:16,F3,14.0632,OK,0
2026-07-09 17:10:26,F3,14.0619,OK,0
2026-07-09 17:10:36,F3,14.0606,OK,0
2026-07-09 17:10:47,F3,14.0593,OK,0
2026-07-09 17:10:57,F3,14.0579,OK,0
2026-07-09 17:11:07,F3,14.0565,OK,0
2026-07-09 17:11:17,F3,14.0551,OK,0
2026-07-09 17:11:28,F3,14.0537,OK,0
2026-07-09 17:11:38,F3,14.0522,OK,0
2026-07-09 17:11:48,F3,14.0507,OK,0
2026-07-09 17:11:58,F3,14.0492,OK,0
2026-07-09 17:12:09,F3,14.0476,OK,0
2026-07-09 17:12:19,F3,14.0460,OK,0
2026-07-09 17:12:29,F3,14.0444,OK,0
2026-07-09 17:12:39,F3,14.0428,OK,0
2026-07-09 17:12:50,F3,14.0411,OK,0
2026-07-09 17:13:00,F3,14.0394,OK,0
2026-07-09 17:13:10,F3,14.0376,OK,0
2026-07-09 17:13:20,F3,14.0359,OK,0
2026-07-09 17:13:31,F3,14.0341,OK,0
2026-07-09 17:13:41,F3,14.0323,OK,0
2026-07-09 17:13:51,F3,14.0304,OK,0
2026-07-09 17:14:01,F3,14.0285,OK,0
2026-07-09 17:14:11,F3,14.0266,OK,0
2026-07-09 17:14:22,F3,14.0247,OK,0
2026-07-09 17:14:32,F3,14.0227,OK,0
2026-07-09 17:14:42,F3,14.0207,OK,0
2026-07-09 17:14:52,F3,14.0187,OK,0
2026-07-09 17:15:03,F3,14.0166,OK,0
2026-07-09 17:15:13,F3,14.0145,OK,0
2026-07-09 17:15:23,F3,14.0124,OK,0
2026-07-09 17:15:33,F3,14.0102,OK,0
2026-07-09 17:15:44,F3,14.0080,OK,0
2026-07-09 17:15:54,F3,14.0058,OK,0
2026-07-09 17:16:04,F3,14.0036,OK,0
2026-07-09 17:16:14,F3,14.0013,OK,0
2026-07-09 17:16:25,F3,13.9990,OK,0
2026-07-09 17:16:35,F3,13.9967,OK,0
2026-07-09 17:16:45,F3,13.9944,OK,0
2026-07-09 17:16:55,F3,13.9920,OK,0
2026-07-09 17:17:06,F3,13.9896,OK,0
2026-07-09 17:17:16,F3,13.9872,OK,0
2026-07-09 17:17:26,F3,13.9847,OK,0
2026-07-09 17:17:36,F3,13.9822,OK,0
2026-07-09 17:17:46,F3,13.9797,OK,0
2026-07-09 17:17:57,F3,13.9772,OK,0
2026-07-09 17:18:07,F3,13.9746,OK,0
2026-07-09 17:18:17,F3,13.9720,OK,0
2026-07-09 17:18:27,F3,13.9694,OK,0
2026-07-09 17:18:38,F3,13.9668,OK,0
2026-07-09 17:18:48,F3,13.9641,OK,0
2026-07-09 17:18:58,F3,13.9614,OK,0
2026-07-09 17:19:08,F3,13.9587,OK,0
2026-07-09 17:19:19,F3,13.9560,OK,0
2026-07-09 17:19:29,F3,13.9533,OK,0
2026-07-09 17:19:39,F3,13.9505,OK,0
2026-07-09 17:19:49,F3,13.9477,OK,0
2026-07-09 17:20:00,F3,13.9449,OK,0
2026-07-09 17:20:10,F3,13.9420,OK,0
2026-07-09 17:20:20,F3,13.9392,OK,0
2026-07-09 17:20:30,F3,13.9363,OK,0
2026-07-09 17:20:41,F3,13.9334,OK,0
2026-07-09 17:20:51,F3,13.9305,OK,0
2026-07-09 17:21:01,F3,13.9276,OK,0
2026-07-09 17:21:11,F3,13.9246,OK,1
2026-07-09 17:21:22,F3,13.9216,OK,0
2026-07-09 17:21:32,F3,13.9186,OK,0
2026-07-09 17:21:42,F3,13.9156,OK,0
2026-07-09 17:21:52,F3,13.9126,OK,0
2026-07-09 17:22:03,F3,13.9096,OK,0
2026-07-09 17:22:13,F3,13.9065,OK,0
2026-07-09 17:22:23,F3,13.9034,OK,0
2026-07-09 17:22:33,F3,13.9003,OK,0
2026-07-09 17:22:43,F3,13.8972,OK,0
2026-07-09 17:22:54,F3,13.8941,OK,0
2026-07-09 17:23:04,F3,13.8909,OK,0
2026-07-09 17:23:14,F3,13.8877,OK,0
2026-07-09 17:23:24,F3,13.8846,OK,0
2026-07-09 17:23:35,F3,13.8814,OK,0
2026-07-09 17:23:45,F3,13.8781,OK,0
2026-07-09 17:23:55,F3,13.8749,OK,0
2026-07-09 17:24:05,F3,13.8717,OK,0
2026-07-09 17:24:16,F3,13.8684,OK,0
2026-07-09 17:24:26,F3,13.8651,OK,0
2026-07-09 17:24:36,F3,13.8618,OK,0
2026-07-09 17:24:46,F3,13.8585,OK,0
2026-07-09 17:24:57,F3,13.8552,OK,0
2026-07-09 17:25:07,F3,13.8519,OK,0
2026-07-09 17:25:17,F3,13.8485,OK,0
2026-07-09 17:25:27,F3,13.8452,OK,0
2026-07-09 17:25:38,F3,13.8418,OK,0
2026-07-09 17:25:48,F3,13.8384,OK,1
2026-07-09 17:25:58,F3,13.8350,OK,0
2026-07-09 17:26:08,F3,13.8316,OK,0
2026-07-09 17:26:19,F3,13.8282,OK,0
2026-07-09 17:26:29,F3,13.8247,OK,0
2026-07-09 17:26:39,F3,13.8213,OK,0
2026-07-09 17:26:49,F3,13.8178,OK,1
2026-07-09 17:26:59,F3,13.8144,OK,0
2026-07-09 17:27:10,F3,13.8109,OK,0
2026-07-09 17:27:20,F3,13.8074,OK,0
2026-07-09 17:27:30,F3,13.8039,OK,0
2026-07-09 17:27:40,F3,13.8004,OK,0
2026-07-09 17:27:51,F3,13.7969,OK,0
2026-07-09 17:28:01,F3,13.7934,OK,0
2026-07-09 17:28:11,F3,13.7898,OK,0
2026-07-09 17:28:21,F3,13.7863,OK,0
2026-07-09 17:28:32,F3,13.7828,OK,0
2026-07-09 17:28:42,F3,13.7792,OK,0
2026-07-09 17:28:52,F3,13.7756,OK,0
2026-07-09 17:29:02,F3,13.7721,OK,0
2026-07-09 17:29:13,F3,13.7685,OK,0
2026-07-09 17:29:23,F3,13.7649,OK,0
2026-07-09 17:29:33,F3,13.7613,OK,0
2026-07-09 17:29:43,F3,13.7577,OK,0
2026-07-09 17:29:54,F3,13.7541,OK,0
2026-07-09 17:30:04,F3,13.7505,OK,0
2026-07-09 17:30:14,F3,13.7469,OK,0
2026-07-09 17:30:24,F3,13.7433,OK,0
2026-07-09 17:30:35,F3,13.7397,OK,0
2026-07-09 17:30:45,F3,13.7361,OK,0
2026-07-09 17:30:55,F3,13.7325,OK,0
2026-07-09 17:31:05,F3,13.7289,OK,0
2026-07-09 17:31:15,F3,13.7252,OK,0
2026-07-09 17:31:26,F3,13.7216,OK,0
2026-07-09 17:31:36,F3,13.7180,OK,0
2026-07-09 17:31:46,F3,13.7144,OK,0
2026-07-09 17:31:56,F3,13.7108,OK,0
2026-07-09 17:32:07,F3,13.7072,OK,0
2026-07-09 17:32:17,F3,13.7036,OK,0
2026-07-09 17:32:27,F3,13.7000,OK,0
2026-07-09 17:32:37,F3,13.6963,OK,0
2026-07-09 17:32:48,F3,13.6927,OK,0
2026-07-09 17:32:58,F3,13.6892,OK,0
2026-07-09 17:33:08,F3,13.6856,OK,0
2026-07-09 17:33:18,F3,13.6820,OK,0
2026-07-09 17:33:29,F3,13.6784,OK,0
2026-07-09 17:33:39,F3,13.6748,OK,0
2026-07-09 17:33:49,F3,13.6713,OK,0
2026-07-09 17:34:00,F3,13.6677,OK,0
2026-07-09 17:34:10,F3,13.6641,OK,0
2026-07-09 17:34:20,F3,13.6606,OK,0
2026-07-09 17:34:30,F3,13.6570,OK,0
2026-07-09 17:34:40,F3,13.6535,OK,0
2026-07-09 17:34:51,F3,13.6500,OK,0
2026-07-09 17:35:01,F3,13.6465,OK,0
2026-07-09 17:35:11,F3,13.6430,OK,0
2026-07-09 17:35:21,F3,13.6395,OK,0
2026-07-09 17:35:32,F3,13.6360,OK,0
2026-07-09 17:35:42,F3,13.6325,OK,0
2026-07-09 17:35:52,F3,13.6290,OK,0
2026-07-09 17:36:02,F3,13.6255,OK,0
2026-07-09 17:36:13,F3,13.6221,OK,0
2026-07-09 17:36:23,F3,13.6186,OK,0
2026-07-09 17:36:33,F3,13.6152,OK,0
2026-07-09 17:36:43,F3,13.6117,OK,0
2026-07-09 17:36:54,F3,13.6083,OK,0
2026-07-09 17:37:04,F3,13.6049,OK,0
2026-07-09 17:37:14,F3,13.6015,OK,0
2026-07-09 17:37:24,F3,13.5981,OK,0
2026-07-09 17:37:35,F3,13.5947,OK,0
2026-07-09 17:37:45,F3,13.5913,OK,1
2026-07-09 17:37:55,F3,13.5879,OK,0
2026-07-09 17:38:05,F3,13.5846,OK,0
2026-07-09 17:38:16,F3,13.5812,OK,0
2026-07-09 17:38:26,F3,13.5779,OK,0
2026-07-09 17:38:36,F3,13.5746,OK,0
2026-07-09 17:38:46,F3,13.5712,OK,0
2026-07-09 17:38:57,F3,13.5679,OK,0
2026-07-09 17:39:07,F3,13.5646,OK,0
2026-07-09 17:39:17,F3,13.5613,OK,0
2026-07-09 17:39:27,F3,13.5580,OK,0
2026-07-09 17:39:37,F3,13.5548,OK,0
2026-07-09 17:39:48,F3,13.5515,OK,0
2026-07-09 17:39:58,F3,13.5482,OK,0
2026-07-09 17:40:08,F3,13.5450,OK,0
2026-07-09 17:40:18,F3,13.5418,OK,0
2026-07-09 17:40:29,F3,13.5385,OK,0
2026-07-09 17:40:39,F3,13.5353,OK,0
2026-07-09 17:40:49,F3,13.5321,OK,0
2026-07-09 17:40:59,F3,13.5290,OK,0
2026-07-09 17:41:10,F3,13.5258,OK,0
2026-07-09 17:41:20,F3,13.5226,OK,0
2026-07-09 17:41:30,F3,13.5195,OK,0
2026-07-09 17:41:40,F3,13.5163,OK,0
2026-07-09 17:41:51,F3,13.5132,OK,0
2026-07-09 17:42:01,F3,13.5101,OK,0
2026-07-09 17:42:11,F3,13.5070,OK,0
2026-07-09 17:42:21,F3,13.5039,OK,0
2026-07-09 17:42:32,F3,13.5008,OK,0
2026-07-09 17:42:42,F3,13.4978,OK,0
2026-07-09 17:42:52,F3,13.4947,OK,0
2026-07-09 17:43:02,F3,13.4917,OK,0
2026-07-09 17:43:13,F3,13.4887,OK,0
2026-07-09 17:43:23,F3,13.4856,OK,0
2026-07-09 17:43:33,F3,13.4827,OK,0
2026-07-09 17:43:43,F3,13.4797,OK,0
2026-07-09 17:43:54,F3,13.4767,OK,0
2026-07-09 17:44:04,F3,13.4738,OK,0
2026-07-09 17:44:14,F3,13.4708,OK,0
2026-07-09 17:44:24,F3,13.4679,OK,0
2026-07-09 17:44:35,F3,13.4650,OK,0
2026-07-09 17:44:45,F3,13.4621,OK,0
2026-07-09 17:44:55,F3,13.4593,OK,0
2026-07-09 17:45:05,F3,13.4564,OK,0
2026-07-09 17:45:16,F3,13.4536,OK,0
2026-07-09 17:45:26,F3,13.4508,OK,0
2026-07-09 17:45:36,F3,13.4480,OK,0
2026-07-09 17:45:46,F3,13.4452,OK,0
2026-07-09 17:45:57,F3,13.4424,OK,1
2026-07-09 17:46:07,F3,13.4397,OK,0
2026-07-09 17:46:17,F3,13.4370,OK,0
2026-07-09 17:46:27,F3,13.4342,OK,0
2026-07-09 17:46:38,F3,13.4315,OK,0
2026-07-09 17:46:48,F3,13.4289,OK,0
2026-07-09 17:46:58,F3,13.4262,OK,1
2026-07-09 17:47:08,F3,13.4236,OK,0
2026-07-09 17:47:19,F3,13.4210,OK,0
2026-07-09 17:47:29,F3,13.4184,OK,0
2026-07-09 17:47:39,F3,13.4158,OK,0
2026-07-09 17:47:49,F3,13.4132,OK,0
2026-07-09 17:48:00,F3,13.4107,OK,0
2026-07-09 17:48:10,F3,13.4082,OK,0
2026-07-09 17:48:20,F3,13.4057,OK,0
2026-07-09 17:48:30,F3,13.4032,OK,0
2026-07-09 17:48:41,F3,13.4008,OK,0
2026-07-09 17:48:51,F3,13.3983,OK,0
2026-07-09 17:49:01,F3,13.3959,OK,0
2026-07-09 17:49:11,F3,13.3935,OK,0
2026-07-09 17:49:22,F3,13.3912,OK,0
2026-07-09 17:49:32,F3,13.3888,OK,0
2026-07-09 17:49:42,F3,13.3865,OK,0
2026-07-09 17:49:52,F3,13.3842,OK,0
2026-07-09 17:50:03,F3,13.3819,OK,0
2026-07-09 17:50:13,F3,13.3797,OK,0
2026-07-09 17:50:23,F3,13.3775,OK,0
2026-07-09 17:50:33,F3,13.3753,OK,0
2026-07-09 17:50:44,F3,13.3731,OK,0
2026-07-09 17:50:54,F3,13.3710,OK,0
2026-07-09 17:51:04,F3,13.3688,OK,0
2026-07-09 17:51:14,F3,13.3667,OK,0
2026-07-09 17:51:25,F3,13.3646,OK,0
2026-07-09 17:51:35,F3,13.3626,OK,0
2026-07-09 17:51:45,F3,13.3606,OK,0
2026-07-09 17:51:55,F3,13.3585,OK,0
2026-07-09 17:52:06,F3,13.3565,OK,0
2026-07-09 17:52:16,F3,13.3546,OK,0
2026-07-09 17:52:26,F3,13.3526,OK,0
2026-07-09 17:52:36,F3,13.3507,OK,0
2026-07-09 17:52:47,F3,13.3488,OK,0
2026-07-09 17:52:57,F3,13.3469,OK,0
2026-07-09 17:53:07,F3,13.3450,OK,0
2026-07-09 17:53:17,F3,13.3432,OK,0
2026-07-09 17:53:28,F3,13.3414,OK,0
2026-07-09 17:53:38,F3,13.3396,OK,0
2026-07-09 17:53:48,F3,13.3378,OK,0
2026-07-09 17:53:58,F3,13.3360,OK,0
2026-07-09 17:54:09,F3,13.3343,OK,0
2026-07-09 17:54:19,F3,13.3325,OK,0
2026-07-09 17:54:29,F3,13.3308,OK,0
2026-07-09 17:54:39,F3,13.3291,OK,0
2026-07-09 17:54:50,F3,13.3275,OK,0
2026-07-09 17:55:00,F3,13.3258,OK,0
2026-07-09 17:55:10,F3,13.3242,OK,0
2026-07-09 17:55:20,F3,13.3226,OK,0
2026-07-09 17:55:30,F3,13.3210,OK,0
2026-07-09 17:55:41,F3,13.3194,OK,0
2026-07-09 17:55:51,F3,13.3178,OK,0
2026-07-09 17:56:01,F3,13.3163,OK,0
2026-07-09 17:56:11,F3,13.3147,OK,0
2026-07-09 17:56:22,F3,13.3132,OK,0
2026-07-09 17:56:32,F3,13.3117,OK,0
2026-07-09 17:56:42,F3,13.3102,OK,0
2026-07-09 17:56:52,F3,13.3088,OK,0
2026-07-09 17:57:03,F3,13.3073,OK,0
2026-07-09 17:57:13,F3,13.3059,OK,1
2026-07-09 17:57:23,F3,13.3045,OK,0
2026-07-09 17:57:33,F3,13.3031,OK,0
2026-07-09 17:57:44,F3,13.3017,OK,0
2026-07-09 17:57:54,F3,13.3003,OK,0
2026-07-09 17:58:04,F3,13.2990,OK,0
2026-07-09 17:58:14,F3,13.2977,OK,0
2026-07-09 17:58:25,F3,13.2964,OK,0
2026-07-09 17:58:35,F3,13.2951,OK,0
2026-07-09 17:58:45,F3,13.2938,OK,0
2026-07-09 17:58:55,F3,13.2925,OK,0
2026-07-09 17:59:06,F3,13.2913,OK,0
2026-07-09 17:59:16,F3,13.2900,OK,0
2026-07-09 17:59:26,F3,13.2888,OK,0
2026-07-09 17:59:36,F3,13.2876,OK,0
2026-07-09 17:59:47,F3,13.2865,OK,0
2026-07-09 17:59:57,F3,13.2853,OK,0
2026-07-09 18:00:07,F3,13.2842,OK,0
2026-07-09 18:00:17,F3,13.2830,OK,1
2026-07-09 18:00:28,F3,13.2819,OK,0
2026-07-09 18:00:38,F3,13.2809,OK,0
2026-07-09 18:00:48,F3,13.2798,OK,0
2026-07-09 18:00:58,F3,13.2787,OK,0
2026-07-09 18:01:09,F3,13.2777,OK,0
2026-07-09 18:01:19,F3,13.2767,OK,0
2026-07-09 18:01:29,F3,13.2757,OK,0
2026-07-09 18:01:39,F3,13.2747,OK,0
2026-07-09 18:01:50,F3,13.2737,OK,0
2026-07-09 18:02:00,F3,13.2728,OK,0
2026-07-09 18:02:10,F3,13.2719,OK,0
2026-07-09 18:02:20,F3,13.2709,OK,0
2026-07-09 18:02:31,F3,13.2700,OK,0
2026-07-09 18:02:41,F3,13.2692,OK,0
2026-07-09 18:02:51,F3,13.2683,OK,0
2026-07-09 18:03:01,F3,13.2675,OK,0
2026-07-09 18:03:12,F3,13.2666,OK,0
2026-07-09 18:03:22,F3,13.2658,OK,0
2026-07-09 18:03:32,F3,13.2650,OK,0
2026-07-09 18:03:42,F3,13.2642,OK,0
2026-07-09 18:03:53,F3,13.2634,OK,0
2026-07-09 18:04:03,F3,13.2627,OK,0
2026-07-09 18:04:13,F3,13.2619,OK,0
2026-07-09 18:04:23,F3,13.2612,OK,0
2026-07-09 18:04:34,F3,13.2605,OK,0
2026-07-09 18:04:44,F3,13.2598,OK,0
2026-07-09 18:04:54,F3,13.2591,OK,0
2026-07-09 18:05:04,F3,13.2584,OK,0
2026-07-09 18:05:15,F3,13.2577,OK,0
2026-07-09 18:05:25,F3,13.2570,OK,0
2026-07-09 18:05:35,F3,13.2564,OK,0
2026-07-09 18:05:45,F3,13.2558,OK,0
2026-07-09 18:05:56,F3,13.2551,OK,0
2026-07-09 18:06:06,F3,13.2545,OK,0
2026-07-09 18:06:16,F3,13.2539,OK,0
2026-07-09 18:06:26,F3,13.2533,OK,0
2026-07-09 18:06:37,F3,13.2527,OK,0
2026-07-09 18:06:47,F3,13.2522,OK,0
2026-07-09 18:06:57,F3,13.2516,OK,0
2026-07-09 18:07:07,F3,13.2510,OK,0
2026-07-09 18:07:18,F3,13.2505,OK,0
2026-07-09 18:07:28,F3,13.2500,OK,0
2026-07-09 18:07:38,F3,13.2495,OK,0
2026-07-09 18:07:48,F3,13.2489,OK,0
2026-07-09 18:07:59,F3,13.2484,OK,0
2026-07-09 18:08:09,F3,13.2479,OK,0
2026-07-09 18:08:19,F3,13.2474,OK,0
2026-07-09 18:08:29,F3,13.2470,OK,0
2026-07-09 18:08:40,F3,13.2465,OK,0
2026-07-09 18:08:50,F3,13.2460,OK,0
2026-07-09 18:09:00,F3,13.2456,OK,0
2026-07-09 18:09:10,F3,13.2451,OK,0
2026-07-09 18:09:21,F3,13.2447,OK,0
2026-07-09 18:09:31,F3,13.2443,OK,0
2026-07-09 18:09:41,F3,13.2438,OK,0
2026-07-09 18:09:51,F3,13.2434,OK,0
2026-07-09 18:10:01,F3,13.2430,OK,0
2026-07-09 18:10:12,F3,13.2426,OK,0
2026-07-09 18:10:22,F3,13.2422,OK,0
2026-07-09 18:10:32,F3,13.2418,OK,0
2026-07-09 18:10:43,F3,13.2415,OK,0
2026-07-09 18:10:53,F3,13.2411,OK,0
2026-07-09 18:11:03,F3,13.2408,OK,0
2026-07-09 18:11:13,F3,13.2405,OK,0
2026-07-09 18:11:24,F3,13.2401,OK,0
2026-07-09 18:11:34,F3,13.2398,OK,0
2026-07-09 18:11:44,F3,13.2396,OK,0
2026-07-09 18:11:54,F3,13.2393,OK,0
2026-07-09 18:12:05,F3,13.2390,OK,0
2026-07-09 18:12:15,F3,13.2388,OK,0
2026-07-09 18:12:25,F3,13.2385,OK,0
2026-07-09 18:12:35,F3,13.2383,OK,0
2026-07-09 18:12:46,F3,13.2381,OK,0
2026-07-09 18:12:56,F3,13.2379,OK,0
2026-07-09 18:13:06,F3,13.2377,OK,0
2026-07-09 18:13:16,F3,13.2375,OK,0
2026-07-09 18:13:27,F3,13.2374,OK,0
2026-07-09 18:13:37,F3,13.2372,OK,0
2026-07-09 18:13:47,F3,13.2371,OK,0
2026-07-09 18:13:57,F3,13.2370,OK,0
2026-07-09 18:14:07,F3,13.2369,OK,0
2026-07-09 18:14:18,F3,13.2368,OK,0
2026-07-09 18:14:28,F3,13.2367,OK,0
2026-07-09 18:14:38,F3,13.2367,OK,0
2026-07-09 18:14:48,F3,13.2366,OK,0
2026-07-09 18:14:59,F3,13.2366,OK,0
2026-07-09 18:15:09,F3,13.2365,OK,0
2026-07-09 18:15:19,F3,13.2365,OK,0
2026-07-09 18:15:29,F3,13.2365,OK,0
2026-07-09 18:15:40,F3,13.2365,OK,0
2026-07-09 18:15:50,F3,13.2365,OK,0
2026-07-09 18:16:00,F3,13.2365,OK,0
2026-07-09 18:16:10,F3,13.2366,OK,0
2026-07-09 18:16:21,F3,13.2366,OK,1
2026-07-09 18:16:31,F3,13.2367,OK,0
2026-07-09 18:16:41,F3,13.2368,OK,0
2026-07-09 18:16:51,F3,13.2368,OK,0
2026-07-09 18:17:02,F3,13.2369,OK,0
2026-07-09 18:17:12,F3,13.2370,OK,0
2026-07-09 18:17:22,F3,13.2372,OK,0
2026-07-09 18:17:32,F3,13.2373,OK,0
2026-07-09 18:17:43,F3,13.2374,OK,0
2026-07-09 18:17:53,F3,13.2376,OK,0
2026-07-09 18:18:03,F3,13.2377,OK,0
2026-07-09 18:18:13,F3,13.2379,OK,0
2026-07-09 18:18:24,F3,13.2381,OK,0
2026-07-09 18:18:34,F3,13.2383,OK,0
2026-07-09 18:18:44,F3,13.2385,OK,0
2026-07-09 18:18:54,F3,13.2387,OK,0
2026-07-09 18:19:05,F3,13.2389,OK,0
2026-07-09 18:19:15,F3,13.2391,OK,0
2026-07-09 18:19:25,F3,13.2394,OK,0
2026-07-09 18:19:35,F3,13.2396,OK,0
2026-07-09 18:19:46,F3,13.2399,OK,0
2026-07-09 18:19:56,F3,13.2402,OK,0
2026-07-09 18:20:06,F3,13.2404,OK,0
2026-07-09 18:20:16,F3,13.2407,OK,0
2026-07-09 18:20:27,F3,13.2410,OK,0
2026-07-09 18:20:37,F3,13.2413,OK,0
2026-07-09 18:20:47,F3,13.2416,OK,0
2026-07-09 18:20:57,F3,13.2419,OK,0
2026-07-09 18:21:08,F3,13.2422,OK,0
2026-07-09 18:21:18,F3,13.2425,OK,0
2026-07-09 18:21:28,F3,13.2428,OK,0
2026-07-09 18:21:38,F3,13.2431,OK,0
2026-07-09 18:21:49,F3,13.2434,OK,0
2026-07-09 18:21:59,F3,13.2437,OK,0
2026-07-09 18:22:09,F3,13.2441,OK,0
2026-07-09 18:22:19,F3,13.2444,OK,0
2026-07-09 18:22:30,F3,13.2447,OK,0
2026-07-09 18:22:40,F3,13.2450,OK,0
2026-07-09 18:22:50,F3,13.2453,OK,0
2026-07-09 18:23:00,F3,13.2457,OK,0
2026-07-09 18:23:11,F3,13.2460,OK,0
2026-07-09 18:23:21,F3,13.2463,OK,0
2026-07-09 18:23:31,F3,13.2466,OK,0
2026-07-09 18:23:41,F3,13.2469,OK,0
2026-07-09 18:23:52,F3,13.2472,OK,0
2026-07-09 18:24:02,F3,13.2476,OK,0
2026-07-09 18:24:12,F3,13.2479,OK,0
2026-07-09 18:24:22,F3,13.2482,OK,0
2026-07-09 18:24:33,F3,13.2485,OK,0
2026-07-09 18:24:43,F3,13.2488,OK,0
2026-07-09 18:24:53,F3,13.2491,OK,0
2026-07-09 18:25:03,F3,13.2493,OK,0
2026-07-09 18:25:14,F3,13.2496,OK,0
2026-07-09 18:25:24,F3,13.2499,OK,0
2026-07-09 18:25:34,F3,13.2502,OK,0
2026-07-09 18:25:44,F3,13.2505,OK,0
2026-07-09 18:25:55,F3,13.2507,OK,0
2026-07-09 18:26:05,F3,13.2510,OK,0
2026-07-09 18:26:15,F3,13.2512,OK,0
2026-07-09 18:26:25,F3,13.2515,OK,0
2026-07-09 18:26:36,F3,13.2517,OK,0
2026-07-09 18:26:46,F3,13.2520,OK,0
2026-07-09 18:26:56,F3,13.2522,OK,0
2026-07-09 18:27:06,F3,13.2524,OK,0
2026-07-09 18:27:17,F3,13.2526,OK,0
2026-07-09 18:27:27,F3,13.2528,OK,0
2026-07-09 18:27:37,F3,13.2530,OK,0
2026-07-09 18:27:47,F3,13.2532,OK,0
2026-07-09 18:27:58,F3,13.2534,OK,0
2026-07-09 18:28:08,F3,13.2535,OK,0
2026-07-09 18:28:18,F3,13.2537,OK,0
2026-07-09 18:28:28,F3,13.2538,OK,0
2026-07-09 18:28:39,F3,13.2540,OK,0
2026-07-09 18:28:49,F3,13.2541,OK,0
2026-07-09 18:28:59,F3,13.2542,OK,0
2026-07-09 18:29:09,F3,13.2543,OK,0
2026-07-09 18:29:19,F3,13.2544,OK,0
2026-07-09 18:29:30,F3,13.2545,OK,0
2026-07-09 18:29:40,F3,13.2546,OK,0
2026-07-09 18:29:50,F3,13.2547,OK,0
2026-07-09 18:30:00,F3,13.2547,OK,0
2026-07-09 18:30:11,F3,13.2548,OK,0
2026-07-09 18:30:21,F3,13.2548,OK,0
2026-07-09 18:30:31,F3,13.2548,OK,0
2026-07-09 18:30:41,F3,13.2549,OK,0
2026-07-09 18:30:52,F3,13.2549,OK,0
2026-07-09 18:31:02,F3,13.2549,OK,0
2026-07-09 18:31:12,F3,13.2548,OK,1
2026-07-09 18:31:22,F3,13.2548,OK,0
2026-07-09 18:31:33,F3,13.2548,OK,0
2026-07-09 18:31:43,F3,13.2547,OK,0
2026-07-09 18:31:53,F3,13.2547,OK,0
2026-07-09 18:32:03,F3,13.2546,OK,0
2026-07-09 18:32:14,F3,13.2545,OK,0
2026-07-09 18:32:24,F3,13.2544,OK,0
2026-07-09 18:32:34,F3,13.2543,OK,0
2026-07-09 18:32:44,F3,13.2541,OK,0
2026-07-09 18:32:55,F3,13.2540,OK,0
2026-07-09 18:33:05,F3,13.2538,OK,0
2026-07-09 18:33:15,F3,13.2537,OK,0
2026-07-09 18:33:25,F3,13.2535,OK,0
2026-07-09 18:33:36,F3,13.2533,OK,0
2026-07-09 18:33:46,F3,13.2531,OK,0
2026-07-09 18:33:56,F3,13.2528,OK,0
2026-07-09 18:34:06,F3,13.2526,OK,0
2026-07-09 18:34:17,F3,13.2523,OK,0
2026-07-09 18:34:27,F3,13.2521,OK,0
2026-07-09 18:34:37,F3,13.2518,OK,0
2026-07-09 18:34:47,F3,13.2515,OK,0
2026-07-09 18:34:57,F3,13.2512,OK,0
2026-07-09 18:35:08,F3,13.2508,OK,0
2026-07-09 18:35:18,F3,13.2505,OK,0
2026-07-09 18:35:28,F3,13.2501,OK,0
2026-07-09 18:35:39,F3,13.2497,OK,0
2026-07-09 18:35:49,F3,13.2493,OK,0
2026-07-09 18:35:59,F3,13.2489,OK,0
2026-07-09 18:36:09,F3,13.2485,OK,0
2026-07-09 18:36:20,F3,13.2481,OK,0
2026-07-09 18:36:30,F3,13.2476,OK,0
2026-07-09 18:36:40,F3,13.2471,OK,0
2026-07-09 18:36:50,F3,13.2466,OK,0
2026-07-09 18:37:01,F3,13.2461,OK,0
2026-07-09 18:37:11,F3,13.2456,OK,0
2026-07-09 18:37:21,F3,13.2451,OK,0
2026-07-09 18:37:32,F3,13.2446,OK,1
2026-07-09 18:37:42,F3,13.2440,OK,1
2026-07-09 18:37:52,F3,13.2434,OK,0
2026-07-09 18:38:02,F3,13.2428,OK,0
2026-07-09 18:38:13,F3,13.2422,OK,0
2026-07-09 18:38:23,F3,13.2416,OK,0
2026-07-09 18:38:33,F3,13.2410,OK,0
2026-07-09 18:38:43,F3,13.2403,OK,0
2026-07-09 18:38:54,F3,13.2397,OK,0
2026-07-09 18:39:04,F3,13.2390,OK,0
2026-07-09 18:39:14,F3,13.2383,OK,0
2026-07-09 18:39:25,F3,13.2376,OK,0
2026-07-09 18:39:35,F3,13.2368,OK,0
2026-07-09 18:39:45,F3,13.2361,OK,0
2026-07-09 18:39:55,F3,13.2353,OK,0
2026-07-09 18:40:06,F3,13.2345,OK,0
2026-07-09 18:40:16,F3,13.2337,OK,0
2026-07-09 18:40:26,F3,13.2329,OK,0
2026-07-09 18:40:36,F3,13.2320,OK,0
2026-07-09 18:40:47,F3,13.2312,OK,0
2026-07-09 18:40:57,F3,13.2303,OK,0
2026-07-09 18:41:07,F3,13.2294,OK,0
2026-07-09 18:41:17,F3,13.2284,OK,0
2026-07-09 18:41:28,F3,13.2275,OK,0
2026-07-09 18:41:38,F3,13.2265,OK,0
2026-07-09 18:41:48,F3,13.2255,OK,0
2026-07-09 18:41:58,F3,13.2245,OK,0
2026-07-09 18:42:09,F3,13.2235,OK,0
2026-07-09 18:42:19,F3,13.2224,OK,1
2026-07-09 18:42:29,F3,13.2214,OK,0
2026-07-09 18:42:39,F3,13.2203,OK,0
2026-07-09 18:42:50,F3,13.2191,OK,0
2026-07-09 18:43:00,F3,13.2180,OK,0
2026-07-09 18:43:10,F3,13.2168,OK,0
2026-07-09 18:43:20,F3,13.2157,OK,0
2026-07-09 18:43:31,F3,13.2144,OK,0
2026-07-09 18:43:41,F3,13.2132,OK,0
2026-07-09 18:43:51,F3,13.2120,OK,0
2026-07-09 18:44:01,F3,13.2107,OK,0
2026-07-09 18:44:12,F3,13.2094,OK,0
2026-07-09 18:44:22,F3,13.2081,OK,0
2026-07-09 18:44:32,F3,13.2068,OK,0
2026-07-09 18:44:42,F3,13.2054,OK,0
2026-07-09 18:44:53,F3,13.2041,OK,0
2026-07-09 18:45:03,F3,13.2027,OK,0
2026-07-09 18:45:13,F3,13.2013,OK,0
2026-07-09 18:45:23,F3,13.1998,OK,0
2026-07-09 18:45:34,F3,13.1984,OK,0
2026-07-09 18:45:44,F3,13.1969,OK,0
2026-07-09 18:45:54,F3,13.1954,OK,0
2026-07-09 18:46:04,F3,13.1939,OK,0
2026-07-09 18:46:15,F3,13.1923,OK,0
2026-07-09 18:46:25,F3,13.1908,OK,0
2026-07-09 18:46:35,F3,13.1892,OK,0
2026-07-09 18:46:45,F3,13.1876,OK,0
2026-07-09 18:46:56,F3,13.1860,OK,0
2026-07-09 18:47:06,F3,13.1843,OK,0
2026-07-09 18:47:16,F3,13.1827,OK,0
2026-07-09 18:47:26,F3,13.1810,OK,0
2026-07-09 18:47:37,F3,13.1793,OK,0
2026-07-09 18:47:47,F3,13.1776,OK,0
2026-07-09 18:47:57,F3,13.1759,OK,0
2026-07-09 18:48:07,F3,13.1741,OK,0
2026-07-09 18:48:18,F3,13.1724,OK,0
2026-07-09 18:48:28,F3,13.1706,OK,0
2026-07-09 18:48:38,F3,13.1688,OK,0
2026-07-09 18:48:48,F3,13.1670,OK,0
2026-07-09 18:48:58,F3,13.1652,OK,0
2026-07-09 18:49:09,F3,13.1634,OK,0
2026-07-09 18:49:19,F3,13.1615,OK,0
2026-07-09 18:49:29,F3,13.1597,OK,0
2026-07-09 18:49:39,F3,13.1578,OK,0
2026-07-09 18:49:50,F3,13.1560,OK,0
2026-07-09 18:50:00,F3,13.1541,OK,0
2026-07-09 18:50:10,F3,13.1522,OK,0
2026-07-09 18:50:20,F3,13.1503,OK,0
2026-07-09 18:50:31,F3,13.1484,OK,0
2026-07-09 18:50:41,F3,13.1465,OK,0
2026-07-09 18:50:51,F3,13.1445,OK,0
2026-07-09 18:51:01,F3,13.1426,OK,0
2026-07-09 18:51:12,F3,13.1407,OK,0
2026-07-09 18:51:22,F3,13.1387,OK,0
2026-07-09 18:51:32,F3,13.1368,OK,0
2026-07-09 18:51:42,F3,13.1348,OK,0
2026-07-09 18:51:53,F3,13.1329,OK,0
2026-07-09 18:52:03,F3,13.1309,OK,0
2026-07-09 18:52:13,F3,13.1289,OK,0
2026-07-09 18:52:23,F3,13.1270,OK,0
2026-07-09 18:52:34,F3,13.1250,OK,0
2026-07-09 18:52:44,F3,13.1230,OK,0
2026-07-09 18:52:54,F3,13.1210,OK,0
2026-07-09 18:53:04,F3,13.1190,OK,0
2026-07-09 18:53:14,F3,13.1170,OK,0
2026-07-09 18:53:25,F3,13.1150,OK,0
2026-07-09 18:53:35,F3,13.1130,OK,0
2026-07-09 18:53:45,F3,13.1110,OK,0
2026-07-09 18:53:55,F3,13.1089,OK,0
2026-07-09 18:54:06,F3,13.1069,OK,0
2026-07-09 18:54:16,F3,13.1049,OK,0
2026-07-09 18:54:26,F3,13.1028,OK,0
2026-07-09 18:54:36,F3,13.1008,OK,0
2026-07-09 18:54:47,F3,13.0988,OK,0
2026-07-09 18:54:57,F3,13.0967,OK,0
2026-07-09 18:55:07,F3,13.0947,OK,0
2026-07-09 18:55:17,F3,13.0926,OK,0
2026-07-09 18:55:28,F3,13.0906,OK,0
2026-07-09 18:55:38,F3,13.0885,OK,0
2026-07-09 18:55:48,F3,13.0864,OK,0
2026-07-09 18:55:58,F3,13.0844,OK,0
2026-07-09 18:56:09,F3,13.0823,OK,0
2026-07-09 18:56:19,F3,13.0802,OK,0
2026-07-09 18:56:29,F3,13.0781,OK,0
2026-07-09 18:56:39,F3,13.0760,OK,0
2026-07-09 18:56:50,F3,13.0739,OK,0
2026-07-09 18:57:00,F3,13.0718,OK,0
2026-07-09 18:57:10,F3,13.0697,OK,0
2026-07-09 18:57:20,F3,13.0676,OK,0
2026-07-09 18:57:31,F3,13.0655,OK,0
2026-07-09 18:57:41,F3,13.0634,OK,0
2026-07-09 18:57:51,F3,13.0612,OK,0
2026-07-09 18:58:01,F3,13.0591,OK,0
2026-07-09 18:58:12,F3,13.0570,OK,0
2026-07-09 18:58:22,F3,13.0548,OK,0
2026-07-09 18:58:32,F3,13.0527,OK,0
2026-07-09 18:58:42,F3,13.0505,OK,0
2026-07-09 18:58:53,F3,13.0484,OK,0
2026-07-09 18:59:03,F3,13.0462,OK,0
2026-07-09 18:59:13,F3,13.0441,OK,0
2026-07-09 18:59:23,F3,13.0419,OK,0
2026-07-09 18:59:34,F3,13.0397,OK,0
2026-07-09 18:59:44,F3,13.0375,OK,0
2026-07-09 18:59:54,F3,13.0354,OK,0
2026-07-09 19:00:04,F3,13.0332,OK,0
2026-07-09 19:00:15,F3,13.0310,OK,0
2026-07-09 19:00:25,F3,13.0288,OK,0
2026-07-09 19:00:35,F3,13.0266,OK,0
2026-07-09 19:00:45,F3,13.0243,OK,0
2026-07-09 19:00:56,F3,13.0221,OK,0
2026-07-09 19:01:06,F3,13.0199,OK,0
2026-07-09 19:01:16,F3,13.0177,OK,0
2026-07-09 19:01:26,F3,13.0154,OK,0
2026-07-09 19:01:37,F3,13.0132,OK,0
2026-07-09 19:01:47,F3,13.0109,OK,0
2026-07-09 19:01:57,F3,13.0086,OK,0
2026-07-09 19:02:07,F3,13.0064,OK,0
2026-07-09 19:02:18,F3,13.0041,OK,0
2026-07-09 19:02:28,F3,13.0018,OK,0
2026-07-09 19:02:38,F3,12.9995,OK,0
2026-07-09 19:02:48,F3,12.9972,OK,0
2026-07-09 19:02:59,F3,12.9949,OK,0
2026-07-09 19:03:09,F3,12.9926,OK,0
2026-07-09 19:03:19,F3,12.9903,OK,0
2026-07-09 19:03:29,F3,12.9879,OK,0
2026-07-09 19:03:40,F3,12.9856,OK,0
2026-07-09 19:03:50,F3,12.9832,OK,0
2026-07-09 19:04:00,F3,12.9809,OK,0
2026-07-09 19:04:10,F3,12.9785,OK,0
2026-07-09 19:04:21,F3,12.9761,OK,0
2026-07-09 19:04:31,F3,12.9737,OK,0
2026-07-09 19:04:41,F3,12.9713,OK,0
2026-07-09 19:04:51,F3,12.9689,OK,0
2026-07-09 19:05:02,F3,12.9665,OK,0
2026-07-09 19:05:12,F3,12.9640,OK,0
2026-07-09 19:05:22,F3,12.9616,OK,0
2026-07-09 19:05:32,F3,12.9591,OK,0
2026-07-09 19:05:43,F3,12.9567,OK,0
2026-07-09 19:05:53,F3,12.9542,OK,0
2026-07-09 19:06:03,F3,12.9517,OK,0
2026-07-09 19:06:13,F3,12.9492,OK,0
2026-07-09 19:06:23,F3,12.9467,OK,0
2026-07-09 19:06:34,F3,12.9441,OK,0
2026-07-09 19:06:44,F3,12.9416,OK,0
2026-07-09 19:06:54,F3,12.9390,OK,0
2026-07-09 19:07:04,F3,12.9365,OK,0
2026-07-09 19:07:15,F3,12.9339,OK,0
2026-07-09 19:07:25,F3,12.9313,OK,0
2026-07-09 19:07:35,F3,12.9287,OK,0
2026-07-09 19:07:45,F3,12.9261,OK,0
2026-07-09 19:07:56,F3,12.9235,OK,0
2026-07-09 19:08:06,F3,12.9208,OK,0
2026-07-09 19:08:16,F3,12.9182,OK,0
2026-07-09 19:08:26,F3,12.9155,OK,0
2026-07-09 19:08:37,F3,12.9129,OK,0
2026-07-09 19:08:47,F3,12.9102,OK,0
2026-07-09 19:08:57,F3,12.9076,OK,0
2026-07-09 19:09:07,F3,12.9049,OK,0
2026-07-09 19:09:18,F3,12.9022,OK,0
2026-07-09 19:09:28,F3,12.8995,OK,0
2026-07-09 19:09:38,F3,12.8968,OK,0
2026-07-09 19:09:48,F3,12.8941,OK,0
2026-07-09 19:09:59,F3,12.8914,OK,0
2026-07-09 19:10:09,F3,12.8887,OK,0
2026-07-09 19:10:19,F3,12.8860,OK,0
2026-07-09 19:10:29,F3,12.8833,OK,0
2026-07-09 19:10:40,F3,12.8806,OK,0
2026-07-09 19:10:50,F3,12.8778,OK,0
2026-07-09 19:11:00,F3,12.8751,OK,0
2026-07-09 19:11:10,F3,12.8724,OK,0
2026-07-09 19:11:21,F3,12.8696,OK,0
2026-07-09 19:11:31,F3,12.8669,OK,0
2026-07-09 19:11:41,F3,12.8641,OK,0
2026-07-09 19:11:51,F3,12.8613,OK,0
2026-07-09 19:12:02,F3,12.8586,OK,0
2026-07-09 19:12:12,F3,12.8558,OK,0
2026-07-09 19:12:22,F3,12.8530,OK,0
2026-07-09 19:12:32,F3,12.8503,OK,0
2026-07-09 19:12:43,F3,12.8475,OK,0
2026-07-09 19:12:53,F3,12.8447,OK,0
2026-07-09 19:13:03,F3,12.8419,OK,0
2026-07-09 19:13:13,F3,12.8391,OK,0
2026-07-09 19:13:24,F3,12.8363,OK,0
2026-07-09 19:13:34,F3,12.8335,OK,0
2026-07-09 19:13:44,F3,12.8307,OK,0
2026-07-09 19:13:54,F3,12.8279,OK,0
2026-07-09 19:14:05,F3,12.8250,OK,0
2026-07-09 19:14:15,F3,12.8222,OK,0
2026-07-09 19:14:25,F3,12.8194,OK,0
2026-07-09 19:14:35,F3,12.8165,OK,0
2026-07-09 19:14:46,F3,12.8137,OK,0
2026-07-09 19:14:56,F3,12.8108,OK,0
2026-07-09 19:15:06,F3,12.8080,OK,0
2026-07-09 19:15:16,F3,12.8051,OK,0
2026-07-09 19:15:26,F3,12.8022,OK,0
2026-07-09 19:15:37,F3,12.7994,OK,0
2026-07-09 19:15:47,F3,12.7965,OK,0
2026-07-09 19:15:57,F3,12.7936,OK,0
2026-07-09 19:16:07,F3,12.7907,OK,0
2026-07-09 19:16:18,F3,12.7878,OK,0
2026-07-09 19:16:28,F3,12.7849,OK,0
2026-07-09 19:16:38,F3,12.7820,OK,0
2026-07-09 19:16:48,F3,12.7790,OK,0
2026-07-09 19:16:59,F3,12.7761,OK,0
2026-07-09 19:17:09,F3,12.7732,OK,0
2026-07-09 19:17:19,F3,12.7702,OK,0
2026-07-09 19:17:29,F3,12.7673,OK,0
2026-07-09 19:17:40,F3,12.7644,OK,0
2026-07-09 19:17:50,F3,12.7614,OK,0
2026-07-09 19:18:00,F3,12.7584,OK,0
2026-07-09 19:18:10,F3,12.7555,OK,0
2026-07-09 19:18:21,F3,12.7525,OK,0
2026-07-09 19:18:31,F3,12.7495,OK,0
2026-07-09 19:18:41,F3,12.7465,OK,0
2026-07-09 19:18:51,F3,12.7435,OK,0
2026-07-09 19:19:02,F3,12.7405,OK,0
2026-07-09 19:19:12,F3,12.7375,OK,0
2026-07-09 19:19:22,F3,12.7345,OK,0
2026-07-09 19:19:32,F3,12.7315,OK,0
2026-07-09 19:19:43,F3,12.7285,OK,0
2026-07-09 19:19:53,F3,12.7255,OK,0
2026-07-09 19:20:03,F3,12.7224,OK,0
2026-07-09 19:20:13,F3,12.7194,OK,0
2026-07-09 19:20:24,F3,12.7163,OK,0
2026-07-09 19:20:34,F3,12.7133,OK,0
2026-07-09 19:20:44,F3,12.7102,OK,0
2026-07-09 19:20:54,F3,12.7072,OK,0
2026-07-09 19:21:05,F3,12.7041,OK,0
2026-07-09 19:21:15,F3,12.7010,OK,0
2026-07-09 19:21:25,F3,12.6979,OK,0
2026-07-09 19:21:35,F3,12.6948,OK,0
2026-07-09 19:21:46,F3,12.6917,OK,0
2026-07-09 19:21:56,F3,12.6886,OK,0
2026-07-09 19:22:06,F3,12.6855,OK,0
2026-07-09 19:22:16,F3,12.6823,OK,0
2026-07-09 19:22:27,F3,12.6792,OK,0
2026-07-09 19:22:37,F3,12.6761,OK,0
2026-07-09 19:22:47,F3,12.6729,OK,0
2026-07-09 19:22:57,F3,12.6698,OK,0
2026-07-09 19:23:08,F3,12.6666,OK,0
2026-07-09 19:23:18,F3,12.6635,OK,0
2026-07-09 19:23:28,F3,12.6603,OK,0
2026-07-09 19:23:38,F3,12.6571,OK,0
2026-07-09 19:23:49,F3,12.6539,OK,0
2026-07-09 19:23:59,F3,12.6507,OK,0
2026-07-09 19:24:09,F3,12.6475,OK,0
2026-07-09 19:24:19,F3,12.6443,OK,0
2026-07-09 19:24:29,F3,12.6411,OK,0
2026-07-09 19:24:40,F3,12.6379,OK,0
2026-07-09 19:24:50,F3,12.6346,OK,0
2026-07-09 19:25:00,F3,12.6314,OK,0
2026-07-09 19:25:10,F3,12.6282,OK,0
2026-07-09 19:25:21,F3,12.6249,OK,0
2026-07-09 19:25:31,F3,12.6217,OK,0
2026-07-09 19:25:41,F3,12.6184,OK,0
2026-07-09 19:25:51,F3,12.6152,OK,0
2026-07-09 19:26:02,F3,12.6119,OK,0
2026-07-09 19:26:12,F3,12.6087,OK,0
2026-07-09 19:26:22,F3,12.6054,OK,0
2026-07-09 19:26:32,F3,12.6022,OK,0
2026-07-09 19:26:43,F3,12.5989,OK,0
2026-07-09 19:26:53,F3,12.5957,OK,0
2026-07-09 19:27:03,F3,12.5924,OK,0
2026-07-09 19:27:13,F3,12.5892,OK,0
2026-07-09 19:27:24,F3,12.5860,OK,0
2026-07-09 19:27:34,F3,12.5827,OK,0
2026-07-09 19:27:44,F3,12.5795,OK,0
2026-07-09 19:27:54,F3,12.5763,OK,0
2026-07-09 19:28:05,F3,12.5730,OK,0
2026-07-09 19:28:15,F3,12.5698,OK,0
2026-07-09 19:28:25,F3,12.5666,OK,0
2026-07-09 19:28:35,F3,12.5634,OK,0
2026-07-09 19:28:46,F3,12.5602,OK,0
2026-07-09 19:28:56,F3,12.5570,OK,0
2026-07-09 19:29:06,F3,12.5539,OK,0
2026-07-09 19:29:16,F3,12.5507,OK,0
2026-07-09 19:29:27,F3,12.5475,OK,0
2026-07-09 19:29:37,F3,12.5444,OK,0
2026-07-09 19:29:47,F3,12.5412,OK,0
2026-07-09 19:29:57,F3,12.5381,OK,0
2026-07-09 19:30:08,F3,12.5349,OK,0
2026-07-09 19:30:18,F3,12.5318,OK,0
2026-07-09 19:30:28,F3,12.5287,OK,0
2026-07-09 19:30:38,F3,12.5256,OK,0
2026-07-09 19:30:49,F3,12.5225,OK,0
2026-07-09 19:30:59,F3,12.5194,OK,0
2026-07-09 19:31:09,F3,12.5163,OK,0
2026-07-09 19:31:19,F3,12.5132,OK,0
2026-07-09 19:31:30,F3,12.5101,OK,0
2026-07-09 19:31:40,F3,12.5071,OK,0
2026-07-09 19:31:50,F3,12.5040,OK,0
2026-07-09 19:32:00,F3,12.5009,OK,0
2026-07-09 19:32:11,F3,12.4979,OK,0
2026-07-09 19:32:21,F3,12.4948,OK,0
2026-07-09 19:32:31,F3,12.4918,OK,0
2026-07-09 19:32:41,F3,12.4888,OK,0
2026-07-09 19:32:52,F3,12.4857,OK,0
2026-07-09 19:33:02,F3,12.4827,OK,0
2026-07-09 19:33:12,F3,12.4797,OK,0
2026-07-09 19:33:22,F3,12.4767,OK,0
2026-07-09 19:33:33,F3,12.4737,OK,0
2026-07-09 19:33:43,F3,12.4707,OK,0
2026-07-09 19:33:53,F3,12.4677,OK,0
2026-07-09 19:34:03,F3,12.4647,OK,0
2026-07-09 19:34:14,F3,12.4617,OK,0
2026-07-09 19:34:24,F3,12.4587,OK,0
2026-07-09 19:34:34,F3,12.4557,OK,0
2026-07-09 19:34:44,F3,12.4527,OK,0
2026-07-09 19:34:54,F3,12.4497,OK,0
2026-07-09 19:35:05,F3,12.4468,OK,0
2026-07-09 19:35:15,F3,12.4438,OK,0
2026-07-09 19:35:25,F3,12.4408,OK,0
2026-07-09 19:35:36,F3,12.4378,OK,0
2026-07-09 19:35:46,F3,12.4349,OK,0
2026-07-09 19:35:56,F3,12.4319,OK,0
2026-07-09 19:36:06,F3,12.4289,OK,0
2026-07-09 19:36:17,F3,12.4260,OK,0
2026-07-09 19:36:27,F3,12.4230,OK,0
2026-07-09 19:36:37,F3,12.4200,OK,0
2026-07-09 19:36:47,F3,12.4170,OK,0
2026-07-09 19:36:58,F3,12.4141,OK,0
2026-07-09 19:37:08,F3,12.4111,OK,0
2026-07-09 19:37:18,F3,12.4081,OK,0
2026-07-09 19:37:28,F3,12.4052,OK,0
2026-07-09 19:37:39,F3,12.4022,OK,0
2026-07-09 19:37:49,F3,12.3992,OK,0
2026-07-09 19:37:59,F3,12.3962,OK,0
2026-07-09 19:38:09,F3,12.3932,OK,0
2026-07-09 19:38:20,F3,12.3903,OK,0
2026-07-09 19:38:30,F3,12.3873,OK,0
2026-07-09 19:38:40,F3,12.3843,OK,0
2026-07-09 19:38:50,F3,12.3813,OK,0
2026-07-09 19:39:01,F3,12.3783,OK,0
2026-07-09 19:39:11,F3,12.3753,OK,0
2026-07-09 19:39:21,F3,12.3723,OK,0
2026-07-09 19:39:31,F3,12.3693,OK,0
2026-07-09 19:39:42,F3,12.3663,OK,0
2026-07-09 19:39:52,F3,12.3633,OK,0
2026-07-09 19:40:02,F3,12.3603,OK,0
2026-07-09 19:40:12,F3,12.3572,OK,0
2026-07-09 19:40:23,F3,12.3542,OK,0
2026-07-09 19:40:33,F3,12.3512,OK,0
2026-07-09 19:40:43,F3,12.3481,OK,0
2026-07-09 19:40:53,F3,12.3451,OK,0
2026-07-09 19:41:04,F3,12.3421,OK,0
2026-07-09 19:41:14,F3,12.3390,OK,0
2026-07-09 19:41:24,F3,12.3359,OK,0
2026-07-09 19:41:34,F3,12.3329,OK,0
2026-07-09 19:41:45,F3,12.3298,OK,0
2026-07-09 19:41:55,F3,12.3268,OK,0
2026-07-09 19:42:05,F3,12.3237,OK,0
2026-07-09 19:42:15,F3,12.3206,OK,0
2026-07-09 19:42:26,F3,12.3175,OK,0
2026-07-09 19:42:36,F3,12.3144,OK,0
2026-07-09 19:42:46,F3,12.3114,OK,0
2026-07-09 19:42:56,F3,12.3083,OK,0
2026-07-09 19:43:07,F3,12.3052,OK,0
2026-07-09 19:43:17,F3,12.3021,OK,0
2026-07-09 19:43:27,F3,12.2990,OK,0
2026-07-09 19:43:37,F3,12.2959,OK,0
2026-07-09 19:43:48,F3,12.2928,OK,0
2026-07-09 19:43:58,F3,12.2897,OK,0
2026-07-09 19:44:08,F3,12.2867,OK,0
2026-07-09 19:44:18,F3,12.2836,OK,0
2026-07-09 19:44:29,F3,12.2805,OK,0
2026-07-09 19:44:39,F3,12.2774,OK,0
2026-07-09 19:44:49,F3,12.2743,OK,0
2026-07-09 19:44:59,F3,12.2712,OK,0
2026-07-09 19:45:10,F3,12.2681,OK,0
2026-07-09 19:45:20,F3,12.2650,OK,0
2026-07-09 19:45:30,F3,12.2619,OK,0
2026-07-09 19:45:40,F3,12.2588,OK,0
2026-07-09 19:45:50,F3,12.2557,OK,0
2026-07-09 19:46:01,F3,12.2526,OK,0
2026-07-09 19:46:11,F3,12.2495,OK,0
2026-07-09 19:46:21,F3,12.2463,OK,0
2026-07-09 19:46:31,F3,12.2432,OK,0
2026-07-09 19:46:42,F3,12.2401,OK,0
2026-07-09 19:46:52,F3,12.2370,OK,0
2026-07-09 19:47:02,F3,12.2339,OK,0
2026-07-09 19:47:12,F3,12.2308,OK,0
2026-07-09 19:47:23,F3,12.2277,OK,0
2026-07-09 19:47:33,F3,12.2246,OK,0
2026-07-09 19:47:43,F3,12.2214,OK,0
2026-07-09 19:47:53,F3,12.2183,OK,0
2026-07-09 19:48:04,F3,12.2152,OK,0
2026-07-09 19:48:14,F3,12.2121,OK,0
2026-07-09 19:48:24,F3,12.2090,OK,0
2026-07-09 19:48:34,F3,12.2058,OK,0
2026-07-09 19:48:45,F3,12.2027,OK,0
2026-07-09 19:48:55,F3,12.1996,OK,0
2026-07-09 19:49:05,F3,12.1965,OK,0
2026-07-09 19:49:15,F3,12.1934,OK,0
2026-07-09 19:49:26,F3,12.1902,OK,0
2026-07-09 19:49:36,F3,12.1871,OK,0
2026-07-09 19:49:46,F3,12.1840,OK,0
2026-07-09 19:49:56,F3,12.1809,OK,0
2026-07-09 19:50:07,F3,12.1778,OK,0
2026-07-09 19:50:17,F3,12.1747,OK,0
2026-07-09 19:50:27,F3,12.1716,OK,0
2026-07-09 19:50:37,F3,12.1684,OK,0
2026-07-09 19:50:48,F3,12.1653,OK,0
2026-07-09 19:50:58,F3,12.1622,OK,0
2026-07-09 19:51:08,F3,12.1591,OK,0
2026-07-09 19:51:18,F3,12.1560,OK,0
2026-07-09 19:51:29,F3,12.1529,OK,0
2026-07-09 19:51:39,F3,12.1499,OK,0
2026-07-09 19:51:49,F3,12.1468,OK,0
2026-07-09 19:51:59,F3,12.1437,OK,0
2026-07-09 19:52:10,F3,12.1406,OK,0
2026-07-09 19:52:20,F3,12.1375,OK,0
2026-07-09 19:52:30,F3,12.1345,OK,0
2026-07-09 19:52:40,F3,12.1314,OK,0
2026-07-09 19:52:51,F3,12.1283,OK,0
2026-07-09 19:53:01,F3,12.1253,OK,0
2026-07-09 19:53:11,F3,12.1222,OK,0
2026-07-09 19:53:21,F3,12.1192,OK,0
2026-07-09 19:53:32,F3,12.1161,OK,0
2026-07-09 19:53:42,F3,12.1131,OK,0
2026-07-09 19:53:52,F3,12.1100,OK,0
2026-07-09 19:54:03,F3,12.1070,OK,0
2026-07-09 19:54:13,F3,12.1040,OK,0
2026-07-09 19:54:23,F3,12.1009,OK,0
2026-07-09 19:54:33,F3,12.0979,OK,0
2026-07-09 19:54:44,F3,12.0949,OK,0
2026-07-09 19:54:54,F3,12.0919,OK,0
2026-07-09 19:55:04,F3,12.0888,OK,0
2026-07-09 19:55:14,F3,12.0858,OK,0
2026-07-09 19:55:25,F3,12.0828,OK,0
2026-07-09 19:55:35,F3,12.0798,OK,0
2026-07-09 19:55:45,F3,12.0768,OK,0
2026-07-09 19:55:55,F3,12.0738,OK,1
2026-07-09 19:56:06,F3,12.0708,OK,0
2026-07-09 19:56:16,F3,12.0678,OK,0
2026-07-09 19:56:26,F3,12.0648,OK,0
2026-07-09 19:56:36,F3,12.0618,OK,0
2026-07-09 19:56:47,F3,12.0588,OK,0
2026-07-09 19:56:57,F3,12.0558,OK,0
2026-07-09 19:57:07,F3,12.0529,OK,0
2026-07-09 19:57:17,F3,12.0499,OK,0
2026-07-09 19:57:28,F3,12.0469,OK,0
2026-07-09 19:57:38,F3,12.0440,OK,0
2026-07-09 19:57:48,F3,12.0410,OK,0
2026-07-09 19:57:58,F3,12.0380,OK,0
2026-07-09 19:58:09,F3,12.0351,OK,0
2026-07-09 19:58:19,F3,12.0321,OK,0
2026-07-09 19:58:29,F3,12.0292,OK,0
2026-07-09 19:58:39,F3,12.0263,OK,0
2026-07-09 19:58:50,F3,12.0234,OK,0
2026-07-09 19:59:00,F3,12.0204,OK,0
2026-07-09 19:59:10,F3,12.0175,OK,0
2026-07-09 19:59:20,F3,12.0146,OK,0
2026-07-09 19:59:30,F3,12.0117,OK,0
2026-07-09 19:59:41,F3,12.0088,OK,0
2026-07-09 19:59:51,F3,12.0060,OK,0
2026-07-09 20:00:01,F3,12.0031,OK,0
2026-07-09 20:00:11,F3,12.0002,OK,0
2026-07-09 20:00:22,F3,11.9974,OK,0
2026-07-09 20:00:32,F3,11.9945,OK,0
2026-07-09 20:00:42,F3,11.9917,OK,0
2026-07-09 20:00:52,F3,11.9888,OK,0
2026-07-09 20:01:03,F3,11.9860,OK,0
2026-07-09 20:01:13,F3,11.9832,OK,0
2026-07-09 20:01:23,F3,11.9804,OK,0
2026-07-09 20:01:33,F3,11.9776,OK,0
2026-07-09 20:01:44,F3,11.9748,OK,0
2026-07-09 20:01:54,F3,11.9720,OK,0
2026-07-09 20:02:04,F3,11.9692,OK,0
2026-07-09 20:02:14,F3,11.9665,OK,0
2026-07-09 20:02:25,F3,11.9637,OK,0
2026-07-09 20:02:35,F3,11.9610,OK,0
2026-07-09 20:02:45,F3,11.9583,OK,0
2026-07-09 20:02:55,F3,11.9555,OK,0
2026-07-09 20:03:06,F3,11.9528,OK,0
2026-07-09 20:03:16,F3,11.9501,OK,0
2026-07-09 20:03:26,F3,11.9474,OK,0
2026-07-09 20:03:36,F3,11.9447,OK,0
2026-07-09 20:03:47,F3,11.9421,OK,0
2026-07-09 20:03:57,F3,11.9394,OK,0
2026-07-09 20:04:07,F3,11.9367,OK,0
2026-07-09 20:04:17,F3,11.9341,OK,0
2026-07-09 20:04:28,F3,11.9314,OK,0
2026-07-09 20:04:38,F3,11.9288,OK,0
2026-07-09 20:04:48,F3,11.9262,OK,0
2026-07-09 20:04:58,F3,11.9236,OK,0
2026-07-09 20:05:09,F3,11.9210,OK,0
2026-07-09 20:05:19,F3,11.9184,OK,0
2026-07-09 20:05:29,F3,11.9158,OK,0
2026-07-09 20:05:39,F3,11.9132,OK,0
2026-07-09 20:05:50,F3,11.9107,OK,0
2026-07-09 20:06:00,F3,11.9081,OK,0
2026-07-09 20:06:10,F3,11.9055,OK,0
2026-07-09 20:06:20,F3,11.9030,OK,0
2026-07-09 20:06:30,F3,11.9005,OK,0
2026-07-09 20:06:41,F3,11.8979,OK,0
2026-07-09 20:06:51,F3,11.8954,OK,0
2026-07-09 20:07:01,F3,11.8929,OK,0
2026-07-09 20:07:11,F3,11.8904,OK,0
2026-07-09 20:07:22,F3,11.8879,OK,0
2026-07-09 20:07:32,F3,11.8854,OK,0
2026-07-09 20:07:42,F3,11.8829,OK,0
2026-07-09 20:07:53,F3,11.8804,OK,0
2026-07-09 20:08:03,F3,11.8779,OK,0
2026-07-09 20:08:13,F3,11.8755,OK,0
2026-07-09 20:08:23,F3,11.8730,OK,0
2026-07-09 20:08:34,F3,11.8705,OK,0
2026-07-09 20:08:44,F3,11.8681,OK,0
2026-07-09 20:08:54,F3,11.8656,OK,0
2026-07-09 20:09:04,F3,11.8631,OK,0
2026-07-09 20:09:14,F3,11.8607,OK,0
2026-07-09 20:09:25,F3,11.8582,OK,0
2026-07-09 20:09:35,F3,11.8558,OK,0
2026-07-09 20:09:45,F3,11.8533,OK,0
2026-07-09 20:09:55,F3,11.8509,OK,0
2026-07-09 20:10:06,F3,11.8485,OK,0
2026-07-09 20:10:16,F3,11.8460,OK,0
2026-07-09 20:10:26,F3,11.8436,OK,0
2026-07-09 20:10:36,F3,11.8411,OK,0
2026-07-09 20:10:47,F3,11.8387,OK,0
2026-07-09 20:10:57,F3,11.8363,OK,0
2026-07-09 20:11:07,F3,11.8338,OK,0
2026-07-09 20:11:17,F3,11.8314,OK,0
2026-07-09 20:11:28,F3,11.8290,OK,0
2026-07-09 20:11:38,F3,11.8265,OK,0
2026-07-09 20:11:48,F3,11.8241,OK,0
2026-07-09 20:11:58,F3,11.8217,OK,0
2026-07-09 20:12:09,F3,11.8193,OK,0
2026-07-09 20:12:19,F3,11.8168,OK,0
2026-07-09 20:12:29,F3,11.8144,OK,0
2026-07-09 20:12:39,F3,11.8120,OK,0
2026-07-09 20:12:50,F3,11.8096,OK,0
2026-07-09 20:13:00,F3,11.8072,OK,0
2026-07-09 20:13:10,F3,11.8048,OK,0
2026-07-09 20:13:20,F3,11.8024,OK,0
2026-07-09 20:13:31,F3,11.8000,OK,0
2026-07-09 20:13:41,F3,11.7976,OK,0
2026-07-09 20:13:51,F3,11.7952,OK,0
2026-07-09 20:14:01,F3,11.7928,OK,1
2026-07-09 20:14:12,F3,11.7905,OK,0
2026-07-09 20:14:22,F3,11.7881,OK,0
2026-07-09 20:14:32,F3,11.7857,OK,0
2026-07-09 20:14:42,F3,11.7833,OK,0
2026-07-09 20:14:52,F3,11.7810,OK,0
2026-07-09 20:15:03,F3,11.7786,OK,0
2026-07-09 20:15:13,F3,11.7763,OK,0
2026-07-09 20:15:23,F3,11.7739,OK,0
2026-07-09 20:15:33,F3,11.7716,OK,0
2026-07-09 20:15:44,F3,11.7692,OK,0
2026-07-09 20:15:54,F3,11.7669,OK,0
2026-07-09 20:16:04,F3,11.7646,OK,0
2026-07-09 20:16:14,F3,11.7622,OK,0
2026-07-09 20:16:25,F3,11.7599,OK,0
2026-07-09 20:16:35,F3,11.7576,OK,0
2026-07-09 20:16:45,F3,11.7553,OK,0
2026-07-09 20:16:55,F3,11.7529,OK,0
2026-07-09 20:17:06,F3,11.7506,OK,0
2026-07-09 20:17:16,F3,11.7483,OK,0
2026-07-09 20:17:26,F3,11.7460,OK,0
2026-07-09 20:17:36,F3,11.7437,OK,0
2026-07-09 20:17:47,F3,11.7414,OK,0
2026-07-09 20:17:57,F3,11.7391,OK,0
2026-07-09 20:18:07,F3,11.7368,OK,0
2026-07-09 20:18:17,F3,11.7345,OK,0
2026-07-09 20:18:28,F3,11.7323,OK,0
2026-07-09 20:18:38,F3,11.7300,OK,0
2026-07-09 20:18:48,F3,11.7277,OK,0
2026-07-09 20:18:59,F3,11.7254,OK,0
2026-07-09 20:19:09,F3,11.7232,OK,0
2026-07-09 20:19:19,F3,11.7209,OK,0
2026-07-09 20:19:29,F3,11.7187,OK,0
2026-07-09 20:19:39,F3,11.7164,OK,0
2026-07-09 20:19:50,F3,11.7141,OK,0
2026-07-09 20:20:00,F3,11.7119,OK,0
2026-07-09 20:20:10,F3,11.7097,OK,0
2026-07-09 20:20:21,F3,11.7074,OK,0
2026-07-09 20:20:31,F3,11.7052,OK,0
2026-07-09 20:20:41,F3,11.7029,OK,0
2026-07-09 20:20:51,F3,11.7007,OK,0
2026-07-09 20:21:01,F3,11.6985,OK,0
2026-07-09 20:21:12,F3,11.6963,OK,0
2026-07-09 20:21:22,F3,11.6941,OK,0
2026-07-09 20:21:32,F3,11.6919,OK,0
2026-07-09 20:21:42,F3,11.6897,OK,0
2026-07-09 20:21:53,F3,11.6875,OK,0
2026-07-09 20:22:03,F3,11.6853,OK,0
2026-07-09 20:22:13,F3,11.6831,OK,0
2026-07-09 20:22:23,F3,11.6809,OK,0
2026-07-09 20:22:34,F3,11.6787,OK,0
2026-07-09 20:22:44,F3,11.6765,OK,0
2026-07-09 20:22:54,F3,11.6744,OK,0
2026-07-09 20:23:04,F3,11.6722,OK,0
2026-07-09 20:23:15,F3,11.6701,OK,0
2026-07-09 20:23:25,F3,11.6679,OK,0
2026-07-09 20:23:35,F3,11.6658,OK,0
2026-07-09 20:23:45,F3,11.6636,OK,0
2026-07-09 20:23:56,F3,11.6615,OK,0
2026-07-09 20:24:06,F3,11.6593,OK,0
2026-07-09 20:24:16,F3,11.6572,OK,0
2026-07-09 20:24:26,F3,11.6551,OK,0
2026-07-09 20:24:37,F3,11.6530,OK,0
2026-07-09 20:24:47,F3,11.6509,OK,0
2026-07-09 20:24:57,F3,11.6488,OK,0
2026-07-09 20:25:07,F3,11.6467,OK,0
2026-07-09 20:25:18,F3,11.6446,OK,0
2026-07-09 20:25:28,F3,11.6425,OK,0
2026-07-09 20:25:38,F3,11.6404,OK,0
2026-07-09 20:25:48,F3,11.6383,OK,0
2026-07-09 20:25:59,F3,11.6363,OK,0
2026-07-09 20:26:09,F3,11.6342,OK,0
2026-07-09 20:26:19,F3,11.6321,OK,0
2026-07-09 20:26:29,F3,11.6301,OK,0
2026-07-09 20:26:40,F3,11.6280,OK,0
2026-07-09 20:26:50,F3,11.6260,OK,0
2026-07-09 20:27:00,F3,11.6239,OK,0
2026-07-09 20:27:10,F3,11.6219,OK,0
2026-07-09 20:27:20,F3,11.6199,OK,0
2026-07-09 20:27:31,F3,11.6178,OK,0
2026-07-09 20:27:41,F3,11.6158,OK,0
2026-07-09 20:27:51,F3,11.6138,OK,0
2026-07-09 20:28:01,F3,11.6118,OK,0
2026-07-09 20:28:12,F3,11.6098,OK,0
2026-07-09 20:28:22,F3,11.6079,OK,0
2026-07-09 20:28:32,F3,11.6059,OK,0
2026-07-09 20:28:42,F3,11.6039,OK,0
2026-07-09 20:28:53,F3,11.6020,OK,0
2026-07-09 20:29:03,F3,11.6001,OK,0
2026-07-09 20:29:13,F3,11.5981,OK,0
2026-07-09 20:29:23,F3,11.5962,OK,0
2026-07-09 20:29:34,F3,11.5943,OK,0
2026-07-09 20:29:44,F3,11.5924,OK,0
2026-07-09 20:29:54,F3,11.5905,OK,0
2026-07-09 20:30:04,F3,11.5887,OK,0
2026-07-09 20:30:15,F3,11.5868,OK,0
2026-07-09 20:30:25,F3,11.5849,OK,0
2026-07-09 20:30:35,F3,11.5831,OK,0
2026-07-09 20:30:45,F3,11.5813,OK,0
2026-07-09 20:30:56,F3,11.5795,OK,0
2026-07-09 20:31:06,F3,11.5776,OK,0
2026-07-09 20:31:16,F3,11.5758,OK,0
2026-07-09 20:31:26,F3,11.5741,OK,0
2026-07-09 20:31:37,F3,11.5723,OK,0
2026-07-09 20:31:47,F3,11.5705,OK,0
2026-07-09 20:31:57,F3,11.5688,OK,0
2026-07-09 20:32:07,F3,11.5670,OK,0
2026-07-09 20:32:18,F3,11.5653,OK,0
2026-07-09 20:32:28,F3,11.5636,OK,0
2026-07-09 20:32:38,F3,11.5618,OK,0
2026-07-09 20:32:48,F3,11.5601,OK,0
2026-07-09 20:32:59,F3,11.5584,OK,0
2026-07-09 20:33:09,F3,11.5567,OK,0
2026-07-09 20:33:19,F3,11.5551,OK,0
2026-07-09 20:33:29,F3,11.5534,OK,0
2026-07-09 20:33:40,F3,11.5517,OK,0
2026-07-09 20:33:50,F3,11.5501,OK,0
2026-07-09 20:34:00,F3,11.5484,OK,0
2026-07-09 20:34:10,F3,11.5468,OK,0
2026-07-09 20:34:21,F3,11.5452,OK,0
2026-07-09 20:34:31,F3,11.5435,OK,0
2026-07-09 20:34:41,F3,11.5419,OK,0
2026-07-09 20:34:51,F3,11.5403,OK,0
2026-07-09 20:35:02,F3,11.5387,OK,0
2026-07-09 20:35:12,F3,11.5371,OK,0
2026-07-09 20:35:22,F3,11.5355,OK,0
2026-07-09 20:35:32,F3,11.5339,OK,0
2026-07-09 20:35:43,F3,11.5323,OK,0
2026-07-09 20:35:53,F3,11.5308,OK,0
2026-07-09 20:36:03,F3,11.5292,OK,0
2026-07-09 20:36:13,F3,11.5276,OK,0
2026-07-09 20:36:24,F3,11.5260,OK,0
2026-07-09 20:36:34,F3,11.5245,OK,0
2026-07-09 20:36:44,F3,11.5229,OK,0
2026-07-09 20:36:54,F3,11.5214,OK,0
2026-07-09 20:37:04,F3,11.5198,OK,0
2026-07-09 20:37:15,F3,11.5183,OK,0
2026-07-09 20:37:25,F3,11.5167,OK,0
2026-07-09 20:37:35,F3,11.5152,OK,0
2026-07-09 20:37:45,F3,11.5136,OK,0
2026-07-09 20:37:56,F3,11.5121,OK,0
2026-07-09 20:38:06,F3,11.5105,OK,0
2026-07-09 20:38:16,F3,11.5090,OK,0
2026-07-09 20:38:26,F3,11.5074,OK,0
2026-07-09 20:38:37,F3,11.5059,OK,0
2026-07-09 20:38:47,F3,11.5044,OK,0
2026-07-09 20:38:57,F3,11.5028,OK,0
2026-07-09 20:39:08,F3,11.5013,OK,0
2026-07-09 20:39:18,F3,11.4998,OK,0
2026-07-09 20:39:28,F3,11.4982,OK,0
2026-07-09 20:39:38,F3,11.4967,OK,0
2026-07-09 20:39:49,F3,11.4952,OK,0
2026-07-09 20:39:59,F3,11.4936,OK,0
2026-07-09 20:40:10,F3,11.4921,OK,0
2026-07-09 20:40:20,F3,11.4906,OK,0
2026-07-09 20:40:30,F3,11.4891,OK,0
2026-07-09 20:40:41,F3,11.4876,OK,0
2026-07-09 20:40:51,F3,11.4860,OK,0
2026-07-09 20:41:01,F3,11.4845,OK,0
2026-07-09 20:41:11,F3,11.4830,OK,0
2026-07-09 20:41:22,F3,11.4815,OK,0
2026-07-09 20:41:32,F3,11.4800,OK,0
2026-07-09 20:41:42,F3,11.4785,OK,0
2026-07-09 20:41:52,F3,11.4770,OK,0
2026-07-09 20:42:03,F3,11.4755,OK,0
2026-07-09 20:42:13,F3,11.4740,OK,0
2026-07-09 20:42:23,F3,11.4726,OK,0
2026-07-09 20:42:33,F3,11.4711,OK,0
2026-07-09 20:42:44,F3,11.4696,OK,0
2026-07-09 20:42:54,F3,11.4682,OK,0
2026-07-09 20:43:04,F3,11.4668,OK,0
2026-07-09 20:43:14,F3,11.4653,OK,0
2026-07-09 20:43:25,F3,11.4639,OK,0
2026-07-09 20:43:35,F3,11.4625,OK,0
2026-07-09 20:43:45,F3,11.4611,OK,0
2026-07-09 20:43:55,F3,11.4596,OK,0
2026-07-09 20:44:06,F3,11.4582,OK,0
2026-07-09 20:44:16,F3,11.4568,OK,0
2026-07-09 20:44:26,F3,11.4555,OK,0
2026-07-09 20:44:36,F3,11.4541,OK,0
2026-07-09 20:44:47,F3,11.4527,OK,0
2026-07-09 20:44:57,F3,11.4513,OK,0
2026-07-09 20:45:07,F3,11.4500,OK,0
2026-07-09 20:45:17,F3,11.4486,OK,0
2026-07-09 20:45:28,F3,11.4473,OK,0
2026-07-09 20:45:38,F3,11.4459,OK,0
2026-07-09 20:45:48,F3,11.4446,OK,0
2026-07-09 20:45:58,F3,11.4433,OK,0
2026-07-09 20:46:09,F3,11.4419,OK,0
2026-07-09 20:46:19,F3,11.4406,OK,0
2026-07-09 20:46:29,F3,11.4393,OK,0
2026-07-09 20:46:39,F3,11.4380,OK,0
2026-07-09 20:46:50,F3,11.4367,OK,0
2026-07-09 20:47:00,F3,11.4354,OK,0
2026-07-09 20:47:10,F3,11.4341,OK,0
2026-07-09 20:47:20,F3,11.4328,OK,0
2026-07-09 20:47:31,F3,11.4315,OK,0
2026-07-09 20:47:41,F3,11.4302,OK,0
2026-07-09 20:47:51,F3,11.4289,OK,0
2026-07-09 20:48:01,F3,11.4276,OK,0
2026-07-09 20:48:12,F3,11.4263,OK,0
2026-07-09 20:48:22,F3,11.4251,OK,0
2026-07-09 20:48:32,F3,11.4238,OK,0
2026-07-09 20:48:42,F3,11.4225,OK,0
2026-07-09 20:48:53,F3,11.4213,OK,0
2026-07-09 20:49:03,F3,11.4200,OK,0
2026-07-09 20:49:13,F3,11.4188,OK,0
2026-07-09 20:49:23,F3,11.4175,OK,0
2026-07-09 20:49:34,F3,11.4163,OK,0
2026-07-09 20:49:44,F3,11.4150,OK,0
2026-07-09 20:49:54,F3,11.4138,OK,0
2026-07-09 20:50:04,F3,11.4125,OK,0
2026-07-09 20:50:15,F3,11.4113,OK,0
2026-07-09 20:50:25,F3,11.4100,OK,0
2026-07-09 20:50:35,F3,11.4088,OK,0
2026-07-09 20:50:45,F3,11.4075,OK,0
2026-07-09 20:50:55,F3,11.4063,OK,0
2026-07-09 20:51:06,F3,11.4051,OK,0
2026-07-09 20:51:16,F3,11.4038,OK,0
2026-07-09 20:51:26,F3,11.4026,OK,0
2026-07-09 20:51:36,F3,11.4014,OK,0
2026-07-09 20:51:47,F3,11.4001,OK,0
2026-07-09 20:51:57,F3,11.3989,OK,0
2026-07-09 20:52:07,F3,11.3977,OK,0
2026-07-09 20:52:17,F3,11.3965,OK,0
2026-07-09 20:52:28,F3,11.3952,OK,0
2026-07-09 20:52:38,F3,11.3940,OK,0
2026-07-09 20:52:48,F3,11.3928,OK,0
2026-07-09 20:52:59,F3,11.3916,OK,0
2026-07-09 20:53:09,F3,11.3904,OK,0
2026-07-09 20:53:19,F3,11.3892,OK,0
2026-07-09 20:53:29,F3,11.3880,OK,0
2026-07-09 20:53:39,F3,11.3868,OK,0
2026-07-09 20:53:50,F3,11.3856,OK,0
2026-07-09 20:54:00,F3,11.3844,OK,0
2026-07-09 20:54:10,F3,11.3832,OK,0
2026-07-09 20:54:20,F3,11.3821,OK,0
2026-07-09 20:54:31,F3,11.3809,OK,0
2026-07-09 20:54:41,F3,11.3797,OK,0
2026-07-09 20:54:51,F3,11.3786,OK,0
2026-07-09 20:55:01,F3,11.3774,OK,0
2026-07-09 20:55:12,F3,11.3763,OK,0
2026-07-09 20:55:22,F3,11.3752,OK,0
2026-07-09 20:55:32,F3,11.3741,OK,0
2026-07-09 20:55:42,F3,11.3730,OK,0
2026-07-09 20:55:53,F3,11.3719,OK,0
2026-07-09 20:56:03,F3,11.3708,OK,0
2026-07-09 20:56:13,F3,11.3697,OK,0
2026-07-09 20:56:23,F3,11.3686,OK,0
2026-07-09 20:56:34,F3,11.3676,OK,0
2026-07-09 20:56:44,F3,11.3666,OK,0
2026-07-09 20:56:54,F3,11.3655,OK,0
2026-07-09 20:57:04,F3,11.3645,OK,0
2026-07-09 20:57:15,F3,11.3635,OK,0
2026-07-09 20:57:25,F3,11.3625,OK,0
2026-07-09 20:57:35,F3,11.3615,OK,0
2026-07-09 20:57:45,F3,11.3605,OK,0
2026-07-09 20:57:56,F3,11.3596,OK,0
2026-07-09 20:58:06,F3,11.3586,OK,0
2026-07-09 20:58:16,F3,11.3577,OK,0
2026-07-09 20:58:27,F3,11.3567,OK,0
2026-07-09 20:58:37,F3,11.3558,OK,0
2026-07-09 20:58:47,F3,11.3549,OK,0
2026-07-09 20:58:57,F3,11.3540,OK,0
2026-07-09 20:59:08,F3,11.3531,OK,0
2026-07-09 20:59:18,F3,11.3522,OK,0
2026-07-09 20:59:28,F3,11.3513,OK,0
2026-07-09 20:59:38,F3,11.3505,OK,0
2026-07-09 20:59:49,F3,11.3496,OK,0
2026-07-09 20:59:59,F3,11.3488,OK,0
2026-07-09 21:00:09,F3,11.3480,OK,0
2026-07-09 21:00:19,F3,11.3472,OK,0
2026-07-09 21:00:30,F3,11.3464,OK,0
2026-07-09 21:00:40,F3,11.3456,OK,0
2026-07-09 21:00:50,F3,11.3448,OK,0
2026-07-09 21:01:00,F3,11.3440,OK,0
2026-07-09 21:01:11,F3,11.3433,OK,0
2026-07-09 21:01:21,F3,11.3425,OK,0
2026-07-09 21:01:31,F3,11.3418,OK,0
2026-07-09 21:01:41,F3,11.3411,OK,0
2026-07-09 21:01:52,F3,11.3404,OK,0
2026-07-09 21:02:02,F3,11.3397,OK,0
2026-07-09 21:02:12,F3,11.3390,OK,0
2026-07-09 21:02:22,F3,11.3383,OK,0
2026-07-09 21:02:33,F3,11.3377,OK,0
2026-07-09 21:02:43,F3,11.3370,OK,0
2026-07-09 21:02:53,F3,11.3364,OK,0
2026-07-09 21:03:03,F3,11.3358,OK,0
2026-07-09 21:03:13,F3,11.3352,OK,0
2026-07-09 21:03:24,F3,11.3346,OK,0
2026-07-09 21:03:34,F3,11.3340,OK,0
2026-07-09 21:03:44,F3,11.3335,OK,0
2026-07-09 21:03:54,F3,11.3329,OK,0
2026-07-09 21:04:05,F3,11.3324,OK,0
2026-07-09 21:04:15,F3,11.3319,OK,0
2026-07-09 21:04:25,F3,11.3313,OK,0
2026-07-09 21:04:35,F3,11.3308,OK,1
2026-07-09 21:04:46,F3,11.3304,OK,0
2026-07-09 21:04:56,F3,11.3299,OK,0
2026-07-09 21:05:06,F3,11.3294,OK,0
2026-07-09 21:05:16,F3,11.3290,OK,0
2026-07-09 21:05:27,F3,11.3285,OK,0
2026-07-09 21:05:37,F3,11.3281,OK,0
2026-07-09 21:05:47,F3,11.3277,OK,0
2026-07-09 21:05:57,F3,11.3273,OK,0
2026-07-09 21:06:08,F3,11.3270,OK,0
2026-07-09 21:06:18,F3,11.3266,OK,0
2026-07-09 21:06:28,F3,11.3263,OK,0
2026-07-09 21:06:38,F3,11.3259,OK,0
2026-07-09 21:06:49,F3,11.3256,OK,0
2026-07-09 21:06:59,F3,11.3253,OK,0
2026-07-09 21:07:09,F3,11.3250,OK,0
2026-07-09 21:07:19,F3,11.3247,OK,0
2026-07-09 21:07:30,F3,11.3245,OK,0
2026-07-09 21:07:40,F3,11.3242,OK,0
2026-07-09 21:07:50,F3,11.3240,OK,0
2026-07-09 21:08:00,F3,11.3238,OK,0
2026-07-09 21:08:11,F3,11.3236,OK,0
2026-07-09 21:08:21,F3,11.3234,OK,0
2026-07-09 21:08:31,F3,11.3233,OK,0
2026-07-09 21:08:41,F3,11.3231,OK,0
2026-07-09 21:08:51,F3,11.3230,OK,0
2026-07-09 21:09:02,F3,11.3229,OK,0
2026-07-09 21:09:12,F3,11.3227,OK,0
2026-07-09 21:09:22,F3,11.3227,OK,0
2026-07-09 21:09:32,F3,11.3226,OK,0
2026-07-09 21:09:43,F3,11.3225,OK,0
2026-07-09 21:09:53,F3,11.3225,OK,0
2026-07-09 21:10:03,F3,11.3224,OK,0
2026-07-09 21:10:13,F3,11.3224,OK,0
2026-07-09 21:10:24,F3,11.3224,OK,0
2026-07-09 21:10:34,F3,11.3224,OK,0
2026-07-09 21:10:44,F3,11.3224,OK,0
2026-07-09 21:10:54,F3,11.3224,OK,0
2026-07-09 21:11:05,F3,11.3225,OK,0
2026-07-09 21:11:15,F3,11.3225,OK,0
2026-07-09 21:11:25,F3,11.3226,OK,0
2026-07-09 21:11:35,F3,11.3226,OK,0
2026-07-09 21:11:46,F3,11.3227,OK,0
2026-07-09 21:11:56,F3,11.3228,OK,0
2026-07-09 21:12:06,F3,11.3229,OK,0
2026-07-09 21:12:16,F3,11.3230,OK,0
2026-07-09 21:12:27,F3,11.3232,OK,0
2026-07-09 21:12:37,F3,11.3233,OK,0
2026-07-09 21:12:47,F3,11.3235,OK,0
2026-07-09 21:12:57,F3,11.3236,OK,0
2026-07-09 21:13:08,F3,11.3238,OK,0
2026-07-09 21:13:18,F3,11.3240,OK,0
2026-07-09 21:13:28,F3,11.3241,OK,0
2026-07-09 21:13:38,F3,11.3243,OK,0
2026-07-09 21:13:49,F3,11.3245,OK,0
2026-07-09 21:13:59,F3,11.3247,OK,0
2026-07-09 21:14:09,F3,11.3249,OK,0
2026-07-09 21:14:19,F3,11.3252,OK,0
2026-07-09 21:14:30,F3,11.3254,OK,0
2026-07-09 21:14:40,F3,11.3256,OK,0
2026-07-09 21:14:50,F3,11.3258,OK,0
2026-07-09 21:15:00,F3,11.3261,OK,0
2026-07-09 21:15:11,F3,11.3263,OK,0
2026-07-09 21:15:21,F3,11.3266,OK,0
2026-07-09 21:15:31,F3,11.3268,OK,0
2026-07-09 21:15:41,F3,11.3271,OK,0
2026-07-09 21:15:52,F3,11.3273,OK,0
2026-07-09 21:16:02,F3,11.3276,OK,0
2026-07-09 21:16:12,F3,11.3278,OK,0
2026-07-09 21:16:22,F3,11.3281,OK,0
2026-07-09 21:16:33,F3,11.3283,OK,0
2026-07-09 21:16:43,F3,11.3286,OK,0
2026-07-09 21:16:53,F3,11.3288,OK,0
2026-07-09 21:17:03,F3,11.3291,OK,0
2026-07-09 21:17:14,F3,11.3293,OK,0
2026-07-09 21:17:24,F3,11.3296,OK,0
2026-07-09 21:17:34,F3,11.3299,OK,0
2026-07-09 21:17:44,F3,11.3301,OK,0
2026-07-09 21:17:55,F3,11.3304,OK,0
2026-07-09 21:18:05,F3,11.3306,OK,0
2026-07-09 21:18:15,F3,11.3309,OK,0
2026-07-09 21:18:25,F3,11.3311,OK,0
2026-07-09 21:18:36,F3,11.3314,OK,0
2026-07-09 21:18:46,F3,11.3316,OK,0
2026-07-09 21:18:56,F3,11.3318,OK,0
2026-07-09 21:19:06,F3,11.3321,OK,0
2026-07-09 21:19:17,F3,11.3323,OK,0
2026-07-09 21:19:27,F3,11.3326,OK,0
2026-07-09 21:19:37,F3,11.3328,OK,0
2026-07-09 21:19:47,F3,11.3330,OK,0
2026-07-09 21:19:58,F3,11.3333,OK,0
2026-07-09 21:20:08,F3,11.3335,OK,0
2026-07-09 21:20:18,F3,11.3337,OK,0
2026-07-09 21:20:28,F3,11.3340,OK,0
2026-07-09 21:20:39,F3,11.3342,OK,0
2026-07-09 21:20:49,F3,11.3344,OK,0
2026-07-09 21:20:59,F3,11.3347,OK,0
2026-07-09 21:21:09,F3,11.3349,OK,0
2026-07-09 21:21:20,F3,11.3351,OK,0
2026-07-09 21:21:30,F3,11.3353,OK,0
2026-07-09 21:21:40,F3,11.3356,OK,0
2026-07-09 21:21:50,F3,11.3358,OK,0
2026-07-09 21:22:01,F3,11.3360,OK,0
2026-07-09 21:22:11,F3,11.3362,OK,0
2026-07-09 21:22:21,F3,11.3365,OK,0
2026-07-09 21:22:31,F3,11.3367,OK,0
2026-07-09 21:22:42,F3,11.3369,OK,0
2026-07-09 21:22:52,F3,11.3372,OK,0
2026-07-09 21:23:02,F3,11.3374,OK,0
2026-07-09 21:23:12,F3,11.3376,OK,0
2026-07-09 21:23:23,F3,11.3378,OK,0
2026-07-09 21:23:33,F3,11.3380,OK,0
2026-07-09 21:23:43,F3,11.3383,OK,0
2026-07-09 21:23:53,F3,11.3385,OK,0
2026-07-09 21:24:03,F3,11.3387,OK,0
2026-07-09 21:24:14,F3,11.3389,OK,0
2026-07-09 21:24:24,F3,11.3391,OK,0
2026-07-09 21:24:34,F3,11.3394,OK,0
2026-07-09 21:24:44,F3,11.3396,OK,0
2026-07-09 21:24:55,F3,11.3398,OK,0
2026-07-09 21:25:05,F3,11.3400,OK,0
2026-07-09 21:25:15,F3,11.3402,OK,0
2026-07-09 21:25:25,F3,11.3404,OK,0
2026-07-09 21:25:36,F3,11.3406,OK,0
2026-07-09 21:25:46,F3,11.3408,OK,0
2026-07-09 21:25:56,F3,11.3410,OK,0
2026-07-09 21:26:06,F3,11.3412,OK,0
2026-07-09 21:26:17,F3,11.3414,OK,0
2026-07-09 21:26:27,F3,11.3416,OK,0
2026-07-09 21:26:37,F3,11.3418,OK,0
2026-07-09 21:26:47,F3,11.3419,OK,0
2026-07-09 21:26:58,F3,11.3421,OK,0
2026-07-09 21:27:08,F3,11.3423,OK,0
2026-07-09 21:27:18,F3,11.3425,OK,0
2026-07-09 21:27:28,F3,11.3426,OK,0
2026-07-09 21:27:39,F3,11.3428,OK,0
2026-07-09 21:27:49,F3,11.3429,OK,0
2026-07-09 21:27:59,F3,11.3431,OK,0
2026-07-09 21:28:09,F3,11.3432,OK,0
2026-07-09 21:28:20,F3,11.3433,OK,0
2026-07-09 21:28:30,F3,11.3435,OK,0
2026-07-09 21:28:40,F3,11.3436,OK,0
2026-07-09 21:28:50,F3,11.3437,OK,0
2026-07-09 21:29:01,F3,11.3438,OK,0
2026-07-09 21:29:11,F3,11.3439,OK,0
2026-07-09 21:29:21,F3,11.3440,OK,0
2026-07-09 21:29:31,F3,11.3441,OK,0
2026-07-09 21:29:42,F3,11.3442,OK,0
2026-07-09 21:29:52,F3,11.3442,OK,0
2026-07-09 21:30:02,F3,11.3443,OK,0
2026-07-09 21:30:12,F3,11.3444,OK,0
2026-07-09 21:30:23,F3,11.3444,OK,0
2026-07-09 21:30:33,F3,11.3445,OK,0
2026-07-09 21:30:43,F3,11.3445,OK,0
2026-07-09 21:30:53,F3,11.3446,OK,0
2026-07-09 21:31:03,F3,11.3446,OK,0
2026-07-09 21:31:14,F3,11.3446,OK,0
2026-07-09 21:31:24,F3,11.3446,OK,0
2026-07-09 21:31:34,F3,11.3447,OK,0
2026-07-09 21:31:44,F3,11.3447,OK,0
2026-07-09 21:31:55,F3,11.3447,OK,0
2026-07-09 21:32:05,F3,11.3447,OK,0
2026-07-09 21:32:15,F3,11.3447,OK,0
2026-07-09 21:32:26,F3,11.3447,OK,0
2026-07-09 21:32:36,F3,11.3446,OK,0
2026-07-09 21:32:46,F3,11.3446,OK,0
2026-07-09 21:32:56,F3,11.3446,OK,0
2026-07-09 21:33:07,F3,11.3446,OK,0
2026-07-09 21:33:17,F3,11.3445,OK,0
2026-07-09 21:33:27,F3,11.3445,OK,0
2026-07-09 21:33:37,F3,11.3445,OK,0
2026-07-09 21:33:48,F3,11.3444,OK,0
2026-07-09 21:33:58,F3,11.3444,OK,0
2026-07-09 21:34:08,F3,11.3444,OK,0
2026-07-09 21:34:18,F3,11.3443,OK,0
2026-07-09 21:34:29,F3,11.3443,OK,0
2026-07-09 21:34:39,F3,11.3443,OK,0
2026-07-09 21:34:49,F3,11.3442,OK,0
2026-07-09 21:34:59,F3,11.3442,OK,0
2026-07-09 21:35:10,F3,11.3442,OK,0
2026-07-09 21:35:20,F3,11.3441,OK,0
2026-07-09 21:35:30,F3,11.3441,OK,0
2026-07-09 21:35:40,F3,11.3441,OK,0
2026-07-09 21:35:51,F3,11.3441,OK,0
2026-07-09 21:36:01,F3,11.3440,OK,0
2026-07-09 21:36:11,F3,11.3440,OK,0
2026-07-09 21:36:22,F3,11.3440,OK,0
2026-07-09 21:36:32,F3,11.3440,OK,0
2026-07-09 21:36:42,F3,11.3439,OK,0
2026-07-09 21:36:52,F3,11.3439,OK,0
2026-07-09 21:37:03,F3,11.3439,OK,0
2026-07-09 21:37:13,F3,11.3439,OK,0
2026-07-09 21:37:23,F3,11.3439,OK,0
2026-07-09 21:37:33,F3,11.3438,OK,0
2026-07-09 21:37:44,F3,11.3438,OK,0
2026-07-09 21:37:54,F3,11.3438,OK,0
2026-07-09 21:38:04,F3,11.3438,OK,0
2026-07-09 21:38:14,F3,11.3438,OK,0
2026-07-09 21:38:24,F3,11.3437,OK,0
2026-07-09 21:38:35,F3,11.3437,OK,0
2026-07-09 21:38:45,F3,11.3437,OK,0
2026-07-09 21:38:55,F3,11.3437,OK,0
2026-07-09 21:39:05,F3,11.3437,OK,0
2026-07-09 21:39:16,F3,11.3436,OK,0
2026-07-09 21:39:26,F3,11.3436,OK,0
2026-07-09 21:39:36,F3,11.3436,OK,0
2026-07-09 21:39:46,F3,11.3435,OK,0
2026-07-09 21:39:57,F3,11.3435,OK,0
2026-07-09 21:40:07,F3,11.3435,OK,0
2026-07-09 21:40:17,F3,11.3434,OK,0
2026-07-09 21:40:27,F3,11.3434,OK,0
2026-07-09 21:40:38,F3,11.3433,OK,0
2026-07-09 21:40:48,F3,11.3433,OK,0
2026-07-09 21:40:58,F3,11.3432,OK,0
2026-07-09 21:41:08,F3,11.3432,OK,0
2026-07-09 21:41:19,F3,11.3431,OK,0
2026-07-09 21:41:29,F3,11.3431,OK,0
2026-07-09 21:41:39,F3,11.3430,OK,0
2026-07-09 21:41:49,F3,11.3429,OK,0
2026-07-09 21:42:00,F3,11.3428,OK,0
2026-07-09 21:42:10,F3,11.3428,OK,0
2026-07-09 21:42:20,F3,11.3427,OK,0
2026-07-09 21:42:30,F3,11.3426,OK,0
2026-07-09 21:42:41,F3,11.3425,OK,0
2026-07-09 21:42:51,F3,11.3424,OK,0
2026-07-09 21:43:01,F3,11.3423,OK,0
2026-07-09 21:43:11,F3,11.3422,OK,0
2026-07-09 21:43:22,F3,11.3420,OK,0
2026-07-09 21:43:32,F3,11.3419,OK,0
2026-07-09 21:43:42,F3,11.3418,OK,1
2026-07-09 21:43:52,F3,11.3416,OK,0
2026-07-09 21:44:03,F3,11.3415,OK,0
2026-07-09 21:44:13,F3,11.3413,OK,1
2026-07-09 21:44:23,F3,11.3411,OK,0
2026-07-09 21:44:33,F3,11.3410,OK,0
2026-07-09 21:44:44,F3,11.3408,OK,0
2026-07-09 21:44:54,F3,11.3406,OK,0
2026-07-09 21:45:04,F3,11.3404,OK,0
2026-07-09 21:45:15,F3,11.3402,OK,0
2026-07-09 21:45:25,F3,11.3400,OK,0
2026-07-09 21:45:35,F3,11.3398,OK,0
2026-07-09 21:45:45,F3,11.3396,OK,0
2026-07-09 21:45:56,F3,11.3393,OK,0
2026-07-09 21:46:06,F3,11.3391,OK,0
2026-07-09 21:46:16,F3,11.3389,OK,0
2026-07-09 21:46:26,F3,11.3386,OK,0
2026-07-09 21:46:36,F3,11.3384,OK,0
2026-07-09 21:46:47,F3,11.3381,OK,0
2026-07-09 21:46:57,F3,11.3379,OK,0
2026-07-09 21:47:07,F3,11.3376,OK,0
2026-07-09 21:47:17,F3,11.3373,OK,0
2026-07-09 21:47:28,F3,11.3370,OK,0
2026-07-09 21:47:38,F3,11.3368,OK,0
2026-07-09 21:47:48,F3,11.3365,OK,0
2026-07-09 21:47:58,F3,11.3362,OK,0
2026-07-09 21:48:09,F3,11.3359,OK,0
2026-07-09 21:48:19,F3,11.3356,OK,0
2026-07-09 21:48:29,F3,11.3353,OK,0
2026-07-09 21:48:39,F3,11.3349,OK,0
2026-07-09 21:48:50,F3,11.3346,OK,0
2026-07-09 21:49:00,F3,11.3343,OK,0
2026-07-09 21:49:10,F3,11.3340,OK,0
2026-07-09 21:49:20,F3,11.3336,OK,0
2026-07-09 21:49:31,F3,11.3333,OK,0
2026-07-09 21:49:41,F3,11.3329,OK,0
2026-07-09 21:49:51,F3,11.3326,OK,0
2026-07-09 21:50:01,F3,11.3322,OK,0
2026-07-09 21:50:12,F3,11.3318,OK,0
2026-07-09 21:50:22,F3,11.3314,OK,0
2026-07-09 21:50:32,F3,11.3311,OK,0
2026-07-09 21:50:42,F3,11.3307,OK,0
2026-07-09 21:50:53,F3,11.3303,OK,0
2026-07-09 21:51:03,F3,11.3299,OK,0
2026-07-09 21:51:13,F3,11.3295,OK,0
2026-07-09 21:51:23,F3,11.3290,OK,0
2026-07-09 21:51:34,F3,11.3286,OK,0
2026-07-09 21:51:44,F3,11.3282,OK,0
2026-07-09 21:51:54,F3,11.3277,OK,0
2026-07-09 21:52:04,F3,11.3273,OK,0
2026-07-09 21:52:15,F3,11.3268,OK,0
2026-07-09 21:52:25,F3,11.3264,OK,0
2026-07-09 21:52:35,F3,11.3259,OK,0
2026-07-09 21:52:45,F3,11.3254,OK,0
2026-07-09 21:52:56,F3,11.3249,OK,0
2026-07-09 21:53:06,F3,11.3244,OK,0
2026-07-09 21:53:16,F3,11.3239,OK,0
2026-07-09 21:53:26,F3,11.3234,OK,0
2026-07-09 21:53:37,F3,11.3229,OK,0
2026-07-09 21:53:47,F3,11.3224,OK,0
2026-07-09 21:53:57,F3,11.3219,OK,0
2026-07-09 21:54:07,F3,11.3213,OK,0
2026-07-09 21:54:18,F3,11.3208,OK,0
2026-07-09 21:54:28,F3,11.3202,OK,0
2026-07-09 21:54:38,F3,11.3196,OK,0
2026-07-09 21:54:48,F3,11.3190,OK,0
2026-07-09 21:54:58,F3,11.3185,OK,0
2026-07-09 21:55:09,F3,11.3179,OK,0
2026-07-09 21:55:19,F3,11.3173,OK,0
2026-07-09 21:55:29,F3,11.3166,OK,0
2026-07-09 21:55:40,F3,11.3160,OK,0
2026-07-09 21:55:50,F3,11.3154,OK,0
2026-07-09 21:56:00,F3,11.3147,OK,1
2026-07-09 21:56:10,F3,11.3141,OK,1
2026-07-09 21:56:20,F3,11.3134,OK,0
2026-07-09 21:56:31,F3,11.3127,OK,0
2026-07-09 21:56:41,F3,11.3121,OK,0
2026-07-09 21:56:51,F3,11.3114,OK,0
2026-07-09 21:57:01,F3,11.3107,OK,0
2026-07-09 21:57:12,F3,11.3100,OK,0
2026-07-09 21:57:22,F3,11.3092,OK,0
2026-07-09 21:57:32,F3,11.3085,OK,0
2026-07-09 21:57:42,F3,11.3078,OK,0
2026-07-09 21:57:53,F3,11.3070,OK,0
2026-07-09 21:58:03,F3,11.3063,OK,0
2026-07-09 21:58:13,F3,11.3055,OK,0
2026-07-09 21:58:23,F3,11.3047,OK,0
2026-07-09 21:58:34,F3,11.3040,OK,0
2026-07-09 21:58:44,F3,11.3032,OK,0
2026-07-09 21:58:54,F3,11.3024,OK,0
2026-07-09 21:59:04,F3,11.3016,OK,0
2026-07-09 21:59:15,F3,11.3008,OK,0
2026-07-09 21:59:25,F3,11.3000,OK,0
2026-07-09 21:59:35,F3,11.2992,OK,0
2026-07-09 21:59:45,F3,11.2984,OK,0
2026-07-09 21:59:56,F3,11.2976,OK,0
2026-07-09 22:00:06,F3,11.2968,OK,0
2026-07-09 22:00:16,F3,11.2960,OK,0
2026-07-09 22:00:26,F3,11.2951,OK,0
2026-07-09 22:00:37,F3,11.2943,OK,0
2026-07-09 22:00:47,F3,11.2935,OK,0
2026-07-09 22:00:57,F3,11.2926,OK,0
2026-07-09 22:01:07,F3,11.2918,OK,0
2026-07-09 22:01:18,F3,11.2910,OK,0
2026-07-09 22:01:28,F3,11.2901,OK,0
2026-07-09 22:01:38,F3,11.2893,OK,0
2026-07-09 22:01:48,F3,11.2884,OK,0
2026-07-09 22:01:59,F3,11.2876,OK,0
2026-07-09 22:02:09,F3,11.2867,OK,0
2026-07-09 22:02:19,F3,11.2858,OK,0
2026-07-09 22:02:29,F3,11.2850,OK,0
2026-07-09 22:02:40,F3,11.2841,OK,0
2026-07-09 22:02:50,F3,11.2832,OK,0
2026-07-09 22:03:00,F3,11.2824,OK,0
2026-07-09 22:03:11,F3,11.2815,OK,0
2026-07-09 22:03:21,F3,11.2806,OK,0
2026-07-09 22:03:31,F3,11.2798,OK,0
2026-07-09 22:03:41,F3,11.2789,OK,0
2026-07-09 22:03:52,F3,11.2780,OK,0
2026-07-09 22:04:02,F3,11.2771,OK,0
2026-07-09 22:04:12,F3,11.2762,OK,0
2026-07-09 22:04:22,F3,11.2753,OK,0
2026-07-09 22:04:33,F3,11.2744,OK,0
2026-07-09 22:04:43,F3,11.2736,OK,0
2026-07-09 22:04:53,F3,11.2727,OK,0
2026-07-09 22:05:03,F3,11.2718,OK,0
2026-07-09 22:05:14,F3,11.2709,OK,0
2026-07-09 22:05:24,F3,11.2700,OK,0
2026-07-09 22:05:34,F3,11.2691,OK,0
2026-07-09 22:05:44,F3,11.2682,OK,0
2026-07-09 22:05:55,F3,11.2673,OK,0
2026-07-09 22:06:05,F3,11.2664,OK,0
2026-07-09 22:06:15,F3,11.2655,OK,0
2026-07-09 22:06:25,F3,11.2645,OK,0
2026-07-09 22:06:36,F3,11.2636,OK,0
2026-07-09 22:06:46,F3,11.2627,OK,0
2026-07-09 22:06:56,F3,11.2618,OK,0
2026-07-09 22:07:06,F3,11.2609,OK,0
2026-07-09 22:07:17,F3,11.2600,OK,0
2026-07-09 22:07:27,F3,11.2590,OK,0
2026-07-09 22:07:37,F3,11.2581,OK,0
2026-07-09 22:07:47,F3,11.2572,OK,0
2026-07-09 22:07:58,F3,11.2562,OK,0
2026-07-09 22:08:08,F3,11.2553,OK,0
2026-07-09 22:08:18,F3,11.2544,OK,0
2026-07-09 22:08:28,F3,11.2534,OK,0
2026-07-09 22:08:39,F3,11.2525,OK,0
2026-07-09 22:08:49,F3,11.2515,OK,0
2026-07-09 22:08:59,F3,11.2506,OK,0
2026-07-09 22:09:09,F3,11.2496,OK,0
2026-07-09 22:09:20,F3,11.2487,OK,0
2026-07-09 22:09:30,F3,11.2477,OK,0
2026-07-09 22:09:40,F3,11.2468,OK,0
2026-07-09 22:09:50,F3,11.2458,OK,0
2026-07-09 22:10:01,F3,11.2449,OK,0
2026-07-09 22:10:11,F3,11.2439,OK,0
2026-07-09 22:10:21,F3,11.2430,OK,0
2026-07-09 22:10:31,F3,11.2420,OK,0
2026-07-09 22:10:42,F3,11.2411,OK,0
2026-07-09 22:10:52,F3,11.2401,OK,0
2026-07-09 22:11:02,F3,11.2392,OK,0
2026-07-09 22:11:12,F3,11.2382,OK,0
2026-07-09 22:11:23,F3,11.2373,OK,0
2026-07-09 22:11:33,F3,11.2364,OK,0
2026-07-09 22:11:43,F3,11.2354,OK,0
2026-07-09 22:11:53,F3,11.2345,OK,0
2026-07-09 22:12:04,F3,11.2336,OK,0
2026-07-09 22:12:14,F3,11.2327,OK,0
2026-07-09 22:12:24,F3,11.2317,OK,0
2026-07-09 22:12:34,F3,11.2308,OK,0
2026-07-09 22:12:44,F3,11.2299,OK,1
2026-07-09 22:12:55,F3,11.2290,OK,0
2026-07-09 22:13:05,F3,11.2281,OK,0
2026-07-09 22:13:15,F3,11.2272,OK,0
2026-07-09 22:13:25,F3,11.2263,OK,0
2026-07-09 22:13:36,F3,11.2254,OK,0
2026-07-09 22:13:46,F3,11.2245,OK,0
2026-07-09 22:13:56,F3,11.2237,OK,0
2026-07-09 22:14:06,F3,11.2228,OK,0
2026-07-09 22:14:17,F3,11.2219,OK,0
2026-07-09 22:14:27,F3,11.2211,OK,0
2026-07-09 22:14:37,F3,11.2202,OK,0
2026-07-09 22:14:47,F3,11.2193,OK,0
2026-07-09 22:14:58,F3,11.2185,OK,0
2026-07-09 22:15:08,F3,11.2176,OK,0
2026-07-09 22:15:18,F3,11.2168,OK,0
2026-07-09 22:15:28,F3,11.2160,OK,0
2026-07-09 22:15:39,F3,11.2151,OK,0
2026-07-09 22:15:49,F3,11.2143,OK,0
2026-07-09 22:15:59,F3,11.2135,OK,0
2026-07-09 22:16:09,F3,11.2126,OK,0
2026-07-09 22:16:20,F3,11.2118,OK,0
2026-07-09 22:16:30,F3,11.2110,OK,0
2026-07-09 22:16:40,F3,11.2102,OK,0
2026-07-09 22:16:50,F3,11.2093,OK,0
2026-07-09 22:17:01,F3,11.2085,OK,0
2026-07-09 22:17:11,F3,11.2077,OK,0
2026-07-09 22:17:21,F3,11.2069,OK,0
2026-07-09 22:17:31,F3,11.2061,OK,0
2026-07-09 22:17:42,F3,11.2053,OK,0
2026-07-09 22:17:52,F3,11.2045,OK,0
2026-07-09 22:18:02,F3,11.2037,OK,0
2026-07-09 22:18:12,F3,11.2030,OK,0
2026-07-09 22:18:23,F3,11.2022,OK,0
2026-07-09 22:18:33,F3,11.2014,OK,0
2026-07-09 22:18:43,F3,11.2006,OK,0
2026-07-09 22:18:53,F3,11.1998,OK,0
2026-07-09 22:19:04,F3,11.1991,OK,0
2026-07-09 22:19:14,F3,11.1983,OK,0
2026-07-09 22:19:24,F3,11.1975,OK,0
2026-07-09 22:19:34,F3,11.1968,OK,0
2026-07-09 22:19:45,F3,11.1960,OK,0
2026-07-09 22:19:55,F3,11.1953,OK,0
2026-07-09 22:20:05,F3,11.1945,OK,0
2026-07-09 22:20:15,F3,11.1938,OK,0
2026-07-09 22:20:26,F3,11.1930,OK,0
2026-07-09 22:20:36,F3,11.1923,OK,0
2026-07-09 22:20:46,F3,11.1916,OK,0
2026-07-09 22:20:56,F3,11.1909,OK,0
2026-07-09 22:21:07,F3,11.1901,OK,0
2026-07-09 22:21:17,F3,11.1894,OK,0
2026-07-09 22:21:27,F3,11.1887,OK,0
2026-07-09 22:21:37,F3,11.1880,OK,0
2026-07-09 22:21:48,F3,11.1873,OK,0
2026-07-09 22:21:58,F3,11.1866,OK,0
2026-07-09 22:22:08,F3,11.1859,OK,0
2026-07-09 22:22:18,F3,11.1852,OK,0
2026-07-09 22:22:28,F3,11.1845,OK,0
2026-07-09 22:22:39,F3,11.1839,OK,0
2026-07-09 22:22:49,F3,11.1832,OK,0
2026-07-09 22:22:59,F3,11.1825,OK,0
2026-07-09 22:23:09,F3,11.1819,OK,0
2026-07-09 22:23:20,F3,11.1812,OK,0
2026-07-09 22:23:30,F3,11.1805,OK,1
2026-07-09 22:23:40,F3,11.1799,OK,0
2026-07-09 22:23:50,F3,11.1793,OK,0
2026-07-09 22:24:01,F3,11.1786,OK,0
2026-07-09 22:24:11,F3,11.1780,OK,0
2026-07-09 22:24:21,F3,11.1774,OK,0
2026-07-09 22:24:31,F3,11.1767,OK,0
2026-07-09 22:24:42,F3,11.1761,OK,0
2026-07-09 22:24:52,F3,11.1755,OK,0
2026-07-09 22:25:02,F3,11.1749,OK,0
2026-07-09 22:25:12,F3,11.1743,OK,0
2026-07-09 22:25:23,F3,11.1737,OK,0
2026-07-09 22:25:33,F3,11.1730,OK,0
2026-07-09 22:25:43,F3,11.1724,OK,0
2026-07-09 22:25:53,F3,11.1718,OK,0
2026-07-09 22:26:04,F3,11.1712,OK,0
2026-07-09 22:26:14,F3,11.1706,OK,0
2026-07-09 22:26:24,F3,11.1700,OK,0
2026-07-09 22:26:34,F3,11.1694,OK,0
2026-07-09 22:26:45,F3,11.1688,OK,0
2026-07-09 22:26:55,F3,11.1682,OK,0
2026-07-09 22:27:05,F3,11.1677,OK,0
2026-07-09 22:27:15,F3,11.1671,OK,0
2026-07-09 22:27:26,F3,11.1665,OK,0
2026-07-09 22:27:36,F3,11.1659,OK,0
2026-07-09 22:27:46,F3,11.1653,OK,0
2026-07-09 22:27:56,F3,11.1647,OK,0
2026-07-09 22:28:07,F3,11.1641,OK,0
2026-07-09 22:28:17,F3,11.1635,OK,0
2026-07-09 22:28:27,F3,11.1629,OK,0
2026-07-09 22:28:37,F3,11.1623,OK,0
2026-07-09 22:28:48,F3,11.1618,OK,0
2026-07-09 22:28:58,F3,11.1612,OK,0
2026-07-09 22:29:08,F3,11.1606,OK,0
2026-07-09 22:29:18,F3,11.1600,OK,0
2026-07-09 22:29:29,F3,11.1594,OK,0
2026-07-09 22:29:39,F3,11.1588,OK,0
2026-07-09 22:29:49,F3,11.1582,OK,0
2026-07-09 22:29:59,F3,11.1576,OK,0
2026-07-09 22:30:10,F3,11.1570,OK,0
2026-07-09 22:30:20,F3,11.1564,OK,0
2026-07-09 22:30:30,F3,11.1558,OK,0
2026-07-09 22:30:40,F3,11.1552,OK,0
2026-07-09 22:30:51,F3,11.1546,OK,0
2026-07-09 22:31:01,F3,11.1540,OK,0
2026-07-09 22:31:11,F3,11.1534,OK,0
2026-07-09 22:31:21,F3,11.1528,OK,0
2026-07-09 22:31:32,F3,11.1522,OK,1
2026-07-09 22:31:42,F3,11.1516,OK,1
2026-07-09 22:31:52,F3,11.1510,OK,0
2026-07-09 22:32:02,F3,11.1503,OK,0
2026-07-09 22:32:13,F3,11.1497,OK,0
2026-07-09 22:32:23,F3,11.1491,OK,0
2026-07-09 22:32:33,F3,11.1484,OK,0
2026-07-09 22:32:43,F3,11.1478,OK,0
2026-07-09 22:32:54,F3,11.1471,OK,0
2026-07-09 22:33:04,F3,11.1465,OK,0
2026-07-09 22:33:14,F3,11.1458,OK,0
2026-07-09 22:33:24,F3,11.1452,OK,0
2026-07-09 22:33:35,F3,11.1445,OK,0
2026-07-09 22:33:45,F3,11.1438,OK,0
2026-07-09 22:33:55,F3,11.1432,OK,0
2026-07-09 22:34:05,F3,11.1425,OK,0
2026-07-09 22:34:16,F3,11.1418,OK,0
2026-07-09 22:34:26,F3,11.1412,OK,0
2026-07-09 22:34:36,F3,11.1405,OK,0
2026-07-09 22:34:46,F3,11.1398,OK,0
2026-07-09 22:34:57,F3,11.1391,OK,0
2026-07-09 22:35:07,F3,11.1384,OK,0
2026-07-09 22:35:17,F3,11.1378,OK,0
2026-07-09 22:35:27,F3,11.1371,OK,0
2026-07-09 22:35:38,F3,11.1364,OK,0
2026-07-09 22:35:48,F3,11.1357,OK,0
2026-07-09 22:35:58,F3,11.1350,OK,0
2026-07-09 22:36:08,F3,11.1343,OK,0
2026-07-09 22:36:18,F3,11.1337,OK,0
2026-07-09 22:36:29,F3,11.1330,OK,0
2026-07-09 22:36:39,F3,11.1323,OK,0
2026-07-09 22:36:49,F3,11.1316,OK,0
2026-07-09 22:36:59,F3,11.1309,OK,0
2026-07-09 22:37:10,F3,11.1302,OK,0
2026-07-09 22:37:20,F3,11.1296,OK,0
2026-07-09 22:37:30,F3,11.1289,OK,0
2026-07-09 22:37:40,F3,11.1282,OK,0
2026-07-09 22:37:51,F3,11.1275,OK,0
2026-07-09 22:38:01,F3,11.1268,OK,0
2026-07-09 22:38:11,F3,11.1261,OK,0
2026-07-09 22:38:21,F3,11.1254,OK,0
2026-07-09 22:38:32,F3,11.1247,OK,0
2026-07-09 22:38:42,F3,11.1240,OK,0
2026-07-09 22:38:52,F3,11.1233,OK,0
2026-07-09 22:39:02,F3,11.1226,OK,0
2026-07-09 22:39:13,F3,11.1219,OK,0
2026-07-09 22:39:23,F3,11.1212,OK,0
2026-07-09 22:39:33,F3,11.1205,OK,0
2026-07-09 22:39:43,F3,11.1198,OK,0
2026-07-09 22:39:54,F3,11.1191,OK,0
2026-07-09 22:40:04,F3,11.1184,OK,0
2026-07-09 22:40:14,F3,11.1177,OK,0
2026-07-09 22:40:24,F3,11.1170,OK,0
2026-07-09 22:40:35,F3,11.1162,OK,0
2026-07-09 22:40:45,F3,11.1155,OK,0
2026-07-09 22:40:55,F3,11.1148,OK,0
2026-07-09 22:41:05,F3,11.1141,OK,0
2026-07-09 22:41:16,F3,11.1134,OK,0
2026-07-09 22:41:26,F3,11.1126,OK,0
2026-07-09 22:41:36,F3,11.1119,OK,0
2026-07-09 22:41:46,F3,11.1112,OK,0
2026-07-09 22:41:57,F3,11.1105,OK,0
2026-07-09 22:42:07,F3,11.1097,OK,0
2026-07-09 22:42:17,F3,11.1090,OK,0
2026-07-09 22:42:27,F3,11.1083,OK,0
2026-07-09 22:42:37,F3,11.1075,OK,0
2026-07-09 22:42:48,F3,11.1068,OK,0
2026-07-09 22:42:58,F3,11.1061,OK,0
2026-07-09 22:43:08,F3,11.1053,OK,0
2026-07-09 22:43:19,F3,11.1046,OK,0
2026-07-09 22:43:29,F3,11.1039,OK,0
2026-07-09 22:43:39,F3,11.1031,OK,0
2026-07-09 22:43:49,F3,11.1024,OK,0
2026-07-09 22:44:00,F3,11.1017,OK,0
2026-07-09 22:44:10,F3,11.1009,OK,0
2026-07-09 22:44:20,F3,11.1002,OK,0
2026-07-09 22:44:30,F3,11.0995,OK,0
2026-07-09 22:44:41,F3,11.0987,OK,0
2026-07-09 22:44:51,F3,11.0980,OK,0
2026-07-09 22:45:01,F3,11.0973,OK,0
2026-07-09 22:45:11,F3,11.0965,OK,0
2026-07-09 22:45:22,F3,11.0958,OK,0
2026-07-09 22:45:32,F3,11.0951,OK,0
2026-07-09 22:45:42,F3,11.0943,OK,0
2026-07-09 22:45:52,F3,11.0936,OK,0
2026-07-09 22:46:03,F3,11.0929,OK,0
2026-07-09 22:46:13,F3,11.0922,OK,0
2026-07-09 22:46:23,F3,11.0914,OK,0
2026-07-09 22:46:33,F3,11.0907,OK,0
2026-07-09 22:46:44,F3,11.0900,OK,0
2026-07-09 22:46:54,F3,11.0893,OK,0
2026-07-09 22:47:04,F3,11.0886,OK,0
2026-07-09 22:47:14,F3,11.0878,OK,0
2026-07-09 22:47:25,F3,11.0871,OK,0
2026-07-09 22:47:35,F3,11.0864,OK,0
2026-07-09 22:47:45,F3,11.0857,OK,0
2026-07-09 22:47:55,F3,11.0850,OK,0
2026-07-09 22:48:06,F3,11.0843,OK,0
2026-07-09 22:48:16,F3,11.0835,OK,0
2026-07-09 22:48:26,F3,11.0828,OK,0
2026-07-09 22:48:36,F3,11.0821,OK,0
2026-07-09 22:48:47,F3,11.0814,OK,0
2026-07-09 22:48:57,F3,11.0807,OK,0
2026-07-09 22:49:07,F3,11.0799,OK,0
2026-07-09 22:49:17,F3,11.0792,OK,1
2026-07-09 22:49:28,F3,11.0785,OK,0
2026-07-09 22:49:38,F3,11.0777,OK,0
2026-07-09 22:49:48,F3,11.0770,OK,0
2026-07-09 22:49:58,F3,11.0763,OK,0
2026-07-09 22:50:09,F3,11.0755,OK,0
2026-07-09 22:50:19,F3,11.0748,OK,0
2026-07-09 22:50:29,F3,11.0740,OK,0
2026-07-09 22:50:39,F3,11.0733,OK,0
2026-07-09 22:50:50,F3,11.0725,OK,0
2026-07-09 22:51:00,F3,11.0717,OK,0
2026-07-09 22:51:10,F3,11.0710,OK,0
2026-07-09 22:51:20,F3,11.0702,OK,0
2026-07-09 22:51:31,F3,11.0694,OK,0
2026-07-09 22:51:41,F3,11.0686,OK,0
2026-07-09 22:51:51,F3,11.0678,OK,0
2026-07-09 22:52:01,F3,11.0670,OK,0
2026-07-09 22:52:12,F3,11.0662,OK,0
2026-07-09 22:52:22,F3,11.0654,OK,0
2026-07-09 22:52:32,F3,11.0646,OK,0
2026-07-09 22:52:42,F3,11.0638,OK,0
2026-07-09 22:52:53,F3,11.0630,OK,0
2026-07-09 22:53:03,F3,11.0622,OK,0
2026-07-09 22:53:13,F3,11.0614,OK,0
2026-07-09 22:53:23,F3,11.0605,OK,0
2026-07-09 22:53:34,F3,11.0597,OK,0
2026-07-09 22:53:44,F3,11.0589,OK,0
2026-07-09 22:53:54,F3,11.0580,OK,0
2026-07-09 22:54:04,F3,11.0572,OK,0
2026-07-09 22:54:15,F3,11.0563,OK,0
2026-07-09 22:54:25,F3,11.0555,OK,0
2026-07-09 22:54:35,F3,11.0546,OK,0
2026-07-09 22:54:45,F3,11.0537,OK,0
2026-07-09 22:54:56,F3,11.0529,OK,0
2026-07-09 22:55:06,F3,11.0520,OK,0
2026-07-09 22:55:16,F3,11.0511,OK,0
2026-07-09 22:55:26,F3,11.0502,OK,0
2026-07-09 22:55:37,F3,11.0493,OK,0
2026-07-09 22:55:47,F3,11.0484,OK,0
2026-07-09 22:55:57,F3,11.0476,OK,0
2026-07-09 22:56:07,F3,11.0467,OK,0
2026-07-09 22:56:18,F3,11.0457,OK,0
2026-07-09 22:56:28,F3,11.0448,OK,0
2026-07-09 22:56:38,F3,11.0439,OK,0
2026-07-09 22:56:48,F3,11.0430,OK,0
2026-07-09 22:56:59,F3,11.0421,OK,0
2026-07-09 22:57:09,F3,11.0412,OK,0
2026-07-09 22:57:19,F3,11.0403,OK,0
2026-07-09 22:57:29,F3,11.0394,OK,0
2026-07-09 22:57:40,F3,11.0385,OK,0
2026-07-09 22:57:50,F3,11.0376,OK,0
2026-07-09 22:58:00,F3,11.0366,OK,0
2026-07-09 22:58:10,F3,11.0357,OK,0
2026-07-09 22:58:21,F3,11.0348,OK,0
2026-07-09 22:58:31,F3,11.0339,OK,0
2026-07-09 22:58:41,F3,11.0330,OK,0
2026-07-09 22:58:51,F3,11.0321,OK,0
2026-07-09 22:59:02,F3,11.0312,OK,0
2026-07-09 22:59:12,F3,11.0303,OK,0
2026-07-09 22:59:22,F3,11.0294,OK,0
2026-07-09 22:59:32,F3,11.0285,OK,0
2026-07-09 22:59:43,F3,11.0276,OK,0
2026-07-09 22:59:53,F3,11.0267,OK,0
2026-07-09 23:00:03,F3,11.0258,OK,0
2026-07-09 23:00:13,F3,11.0249,OK,0
2026-07-09 23:00:24,F3,11.0240,OK,0
2026-07-09 23:00:34,F3,11.0231,OK,0
2026-07-09 23:00:44,F3,11.0222,OK,0
2026-07-09 23:00:54,F3,11.0213,OK,0
2026-07-09 23:01:05,F3,11.0204,OK,0
2026-07-09 23:01:15,F3,11.0195,OK,0
2026-07-09 23:01:25,F3,11.0186,OK,0
2026-07-09 23:01:35,F3,11.0178,OK,0
2026-07-09 23:01:46,F3,11.0169,OK,0
2026-07-09 23:01:56,F3,11.0160,OK,0
2026-07-09 23:02:06,F3,11.0151,OK,0
2026-07-09 23:02:16,F3,11.0142,OK,0
2026-07-09 23:02:27,F3,11.0133,OK,0
2026-07-09 23:02:37,F3,11.0125,OK,0
2026-07-09 23:02:47,F3,11.0116,OK,0
2026-07-09 23:02:57,F3,11.0107,OK,0
2026-07-09 23:03:08,F3,11.0098,OK,0
2026-07-09 23:03:18,F3,11.0089,OK,0
2026-07-09 23:03:28,F3,11.0081,OK,0
2026-07-09 23:03:38,F3,11.0072,OK,0
2026-07-09 23:03:49,F3,11.0063,OK,0
2026-07-09 23:03:59,F3,11.0054,OK,0
2026-07-09 23:04:09,F3,11.0045,OK,0
2026-07-09 23:04:19,F3,11.0036,OK,0
2026-07-09 23:04:29,F3,11.0028,OK,0
2026-07-09 23:04:40,F3,11.0019,OK,0
2026-07-09 23:04:50,F3,11.0010,OK,0
2026-07-09 23:05:00,F3,11.0001,OK,0
2026-07-09 23:05:10,F3,10.9992,OK,0
2026-07-09 23:05:21,F3,10.9983,OK,0
2026-07-09 23:05:31,F3,10.9974,OK,0
2026-07-09 23:05:41,F3,10.9965,OK,0
2026-07-09 23:05:51,F3,10.9956,OK,0
2026-07-09 23:06:02,F3,10.9947,OK,0
2026-07-09 23:06:12,F3,10.9938,OK,0
2026-07-09 23:06:22,F3,10.9928,OK,0
2026-07-09 23:06:32,F3,10.9919,OK,0
2026-07-09 23:06:43,F3,10.9910,OK,0
2026-07-09 23:06:53,F3,10.9901,OK,0
2026-07-09 23:07:03,F3,10.9891,OK,0
2026-07-09 23:07:13,F3,10.9882,OK,0
2026-07-09 23:07:24,F3,10.9872,OK,0
2026-07-09 23:07:34,F3,10.9863,OK,0
2026-07-09 23:07:44,F3,10.9853,OK,0
2026-07-09 23:07:54,F3,10.9843,OK,0
2026-07-09 23:08:05,F3,10.9834,OK,0
2026-07-09 23:08:15,F3,10.9824,OK,0
2026-07-09 23:08:25,F3,10.9814,OK,0
2026-07-09 23:08:35,F3,10.9804,OK,0
2026-07-09 23:08:46,F3,10.9794,OK,0
2026-07-09 23:08:56,F3,10.9785,OK,0
2026-07-09 23:09:06,F3,10.9775,OK,0
2026-07-09 23:09:16,F3,10.9765,OK,0
2026-07-09 23:09:26,F3,10.9755,OK,0
2026-07-09 23:09:37,F3,10.9745,OK,0
2026-07-09 23:09:47,F3,10.9735,OK,0
2026-07-09 23:09:57,F3,10.9725,OK,0
2026-07-09 23:10:07,F3,10.9715,OK,0
2026-07-09 23:10:18,F3,10.9705,OK,0
2026-07-09 23:10:28,F3,10.9695,OK,0
2026-07-09 23:10:38,F3,10.9685,OK,0
2026-07-09 23:10:48,F3,10.9675,OK,0
2026-07-09 23:10:59,F3,10.9665,OK,0
2026-07-09 23:11:09,F3,10.9655,OK,0
2026-07-09 23:11:19,F3,10.9644,OK,0
2026-07-09 23:11:29,F3,10.9634,OK,0
2026-07-09 23:11:40,F3,10.9624,OK,0
2026-07-09 23:11:50,F3,10.9614,OK,0
2026-07-09 23:12:00,F3,10.9604,OK,0
2026-07-09 23:12:10,F3,10.9594,OK,0
2026-07-09 23:12:21,F3,10.9584,OK,0
2026-07-09 23:12:31,F3,10.9574,OK,0
2026-07-09 23:12:41,F3,10.9564,OK,0
2026-07-09 23:12:51,F3,10.9553,OK,0
2026-07-09 23:13:02,F3,10.9543,OK,0
2026-07-09 23:13:12,F3,10.9533,OK,0
2026-07-09 23:13:22,F3,10.9523,OK,0
2026-07-09 23:13:32,F3,10.9513,OK,0
2026-07-09 23:13:43,F3,10.9502,OK,0
2026-07-09 23:13:53,F3,10.9492,OK,0
2026-07-09 23:14:03,F3,10.9482,OK,0
2026-07-09 23:14:13,F3,10.9472,OK,0
2026-07-09 23:14:24,F3,10.9461,OK,0
2026-07-09 23:14:34,F3,10.9451,OK,0
2026-07-09 23:14:44,F3,10.9441,OK,0
2026-07-09 23:14:54,F3,10.9430,OK,0
2026-07-09 23:15:04,F3,10.9420,OK,0
2026-07-09 23:15:15,F3,10.9410,OK,0
2026-07-09 23:15:25,F3,10.9399,OK,0
2026-07-09 23:15:35,F3,10.9389,OK,0
2026-07-09 23:15:45,F3,10.9378,OK,0
2026-07-09 23:15:56,F3,10.9368,OK,0
2026-07-09 23:16:06,F3,10.9357,OK,0
2026-07-09 23:16:16,F3,10.9347,OK,0
2026-07-09 23:16:27,F3,10.9336,OK,0
2026-07-09 23:16:37,F3,10.9326,OK,0
2026-07-09 23:16:47,F3,10.9315,OK,0
2026-07-09 23:16:57,F3,10.9305,OK,0
2026-07-09 23:17:08,F3,10.9294,OK,0
2026-07-09 23:17:18,F3,10.9283,OK,0
2026-07-09 23:17:28,F3,10.9273,OK,0
2026-07-09 23:17:38,F3,10.9262,OK,0
2026-07-09 23:17:49,F3,10.9251,OK,0
2026-07-09 23:17:59,F3,10.9241,OK,0
2026-07-09 23:18:09,F3,10.9230,OK,0
2026-07-09 23:18:19,F3,10.9219,OK,0
2026-07-09 23:18:29,F3,10.9208,OK,0
2026-07-09 23:18:40,F3,10.9197,OK,0
2026-07-09 23:18:50,F3,10.9186,OK,0
2026-07-09 23:19:00,F3,10.9175,OK,0
2026-07-09 23:19:10,F3,10.9164,OK,0
2026-07-09 23:19:21,F3,10.9153,OK,0
2026-07-09 23:19:31,F3,10.9142,OK,0
2026-07-09 23:19:41,F3,10.9131,OK,0
2026-07-09 23:19:51,F3,10.9120,OK,0
2026-07-09 23:20:02,F3,10.9109,OK,0
2026-07-09 23:20:12,F3,10.9098,OK,0
2026-07-09 23:20:22,F3,10.9086,OK,0
2026-07-09 23:20:32,F3,10.9075,OK,0
2026-07-09 23:20:43,F3,10.9064,OK,0
2026-07-09 23:20:53,F3,10.9052,OK,0
2026-07-09 23:21:03,F3,10.9041,OK,0
2026-07-09 23:21:13,F3,10.9030,OK,0
2026-07-09 23:21:24,F3,10.9018,OK,0
2026-07-09 23:21:34,F3,10.9007,OK,0
2026-07-09 23:21:44,F3,10.8995,OK,0
2026-07-09 23:21:54,F3,10.8984,OK,0
2026-07-09 23:22:05,F3,10.8972,OK,0
2026-07-09 23:22:15,F3,10.8960,OK,0
2026-07-09 23:22:25,F3,10.8949,OK,0
2026-07-09 23:22:35,F3,10.8937,OK,0
2026-07-09 23:22:46,F3,10.8926,OK,0
2026-07-09 23:22:56,F3,10.8914,OK,0
2026-07-09 23:23:06,F3,10.8902,OK,0
2026-07-09 23:23:16,F3,10.8891,OK,0
2026-07-09 23:23:26,F3,10.8879,OK,0
2026-07-09 23:23:37,F3,10.8867,OK,0
2026-07-09 23:23:47,F3,10.8856,OK,0
2026-07-09 23:23:57,F3,10.8844,OK,0
2026-07-09 23:24:07,F3,10.8832,OK,0
2026-07-09 23:24:18,F3,10.8820,OK,0
2026-07-09 23:24:28,F3,10.8809,OK,0
2026-07-09 23:24:38,F3,10.8797,OK,0
2026-07-09 23:24:48,F3,10.8785,OK,0
2026-07-09 23:24:59,F3,10.8773,OK,0
2026-07-09 23:25:09,F3,10.8762,OK,0
2026-07-09 23:25:19,F3,10.8750,OK,0
2026-07-09 23:25:29,F3,10.8738,OK,0
2026-07-09 23:25:40,F3,10.8727,OK,0
2026-07-09 23:25:50,F3,10.8715,OK,0
2026-07-09 23:26:00,F3,10.8703,OK,0
2026-07-09 23:26:10,F3,10.8691,OK,0
2026-07-09 23:26:21,F3,10.8680,OK,0
2026-07-09 23:26:31,F3,10.8668,OK,0
2026-07-09 23:26:41,F3,10.8656,OK,0
2026-07-09 23:26:51,F3,10.8644,OK,0
2026-07-09 23:27:02,F3,10.8633,OK,0
2026-07-09 23:27:12,F3,10.8621,OK,0
2026-07-09 23:27:22,F3,10.8609,OK,0
2026-07-09 23:27:32,F3,10.8597,OK,0
2026-07-09 23:27:43,F3,10.8586,OK,0
2026-07-09 23:27:53,F3,10.8574,OK,0
2026-07-09 23:28:03,F3,10.8562,OK,0
2026-07-09 23:28:13,F3,10.8551,OK,0
2026-07-09 23:28:24,F3,10.8539,OK,0
2026-07-09 23:28:34,F3,10.8527,OK,0
2026-07-09 23:28:44,F3,10.8515,OK,0
2026-07-09 23:28:54,F3,10.8504,OK,0
2026-07-09 23:29:05,F3,10.8492,OK,0
2026-07-09 23:29:15,F3,10.8481,OK,0
2026-07-09 23:29:25,F3,10.8469,OK,0
2026-07-09 23:29:35,F3,10.8457,OK,0
2026-07-09 23:29:46,F3,10.8446,OK,0
2026-07-09 23:29:56,F3,10.8434,OK,0
2026-07-09 23:30:06,F3,10.8423,OK,0
2026-07-09 23:30:16,F3,10.8411,OK,0
2026-07-09 23:30:27,F3,10.8400,OK,0
2026-07-09 23:30:37,F3,10.8388,OK,0
2026-07-09 23:30:47,F3,10.8377,OK,0
2026-07-09 23:30:57,F3,10.8365,OK,0
2026-07-09 23:31:08,F3,10.8354,OK,0
2026-07-09 23:31:18,F3,10.8342,OK,0
2026-07-09 23:31:28,F3,10.8331,OK,0
2026-07-09 23:31:38,F3,10.8320,OK,0
2026-07-09 23:31:48,F3,10.8308,OK,0
2026-07-09 23:31:59,F3,10.8297,OK,0
2026-07-09 23:32:09,F3,10.8286,OK,0
2026-07-09 23:32:19,F3,10.8275,OK,0
2026-07-09 23:32:29,F3,10.8264,OK,0
2026-07-09 23:32:40,F3,10.8252,OK,0
2026-07-09 23:32:50,F3,10.8241,OK,0
2026-07-09 23:33:00,F3,10.8230,OK,0
2026-07-09 23:33:10,F3,10.8219,OK,0
2026-07-09 23:33:21,F3,10.8208,OK,0
2026-07-09 23:33:31,F3,10.8198,OK,0
2026-07-09 23:33:41,F3,10.8187,OK,0
2026-07-09 23:33:51,F3,10.8176,OK,0
2026-07-09 23:34:02,F3,10.8165,OK,0
2026-07-09 23:34:12,F3,10.8155,OK,0
2026-07-09 23:34:22,F3,10.8144,OK,0
2026-07-09 23:34:33,F3,10.8134,OK,0
2026-07-09 23:34:43,F3,10.8124,OK,0
2026-07-09 23:34:53,F3,10.8113,OK,0
2026-07-09 23:35:03,F3,10.8103,OK,0
2026-07-09 23:35:13,F3,10.8093,OK,0
2026-07-09 23:35:24,F3,10.8083,OK,0
2026-07-09 23:35:34,F3,10.8073,OK,0
2026-07-09 23:35:44,F3,10.8064,OK,0
2026-07-09 23:35:54,F3,10.8054,OK,0
2026-07-09 23:36:05,F3,10.8044,OK,0
2026-07-09 23:36:15,F3,10.8035,OK,0
2026-07-09 23:36:25,F3,10.8025,OK,0
2026-07-09 23:36:35,F3,10.8016,OK,0
2026-07-09 23:36:46,F3,10.8007,OK,0
2026-07-09 23:36:56,F3,10.7998,OK,0
2026-07-09 23:37:06,F3,10.7989,OK,0
2026-07-09 23:37:16,F3,10.7980,OK,0
2026-07-09 23:37:27,F3,10.7971,OK,0
2026-07-09 23:37:37,F3,10.7962,OK,0
2026-07-09 23:37:47,F3,10.7953,OK,0
2026-07-09 23:37:57,F3,10.7945,OK,0
2026-07-09 23:38:08,F3,10.7936,OK,0
2026-07-09 23:38:18,F3,10.7927,OK,0
2026-07-09 23:38:28,F3,10.7919,OK,0
2026-07-09 23:38:38,F3,10.7910,OK,0
2026-07-09 23:38:49,F3,10.7902,OK,0
2026-07-09 23:38:59,F3,10.7894,OK,0
2026-07-09 23:39:09,F3,10.7886,OK,0
2026-07-09 23:39:19,F3,10.7877,OK,0
2026-07-09 23:39:30,F3,10.7869,OK,0
2026-07-09 23:39:40,F3,10.7861,OK,0
2026-07-09 23:39:50,F3,10.7853,OK,0
2026-07-09 23:40:00,F3,10.7845,OK,0
2026-07-09 23:40:11,F3,10.7837,OK,0
2026-07-09 23:40:21,F3,10.7829,OK,0
2026-07-09 23:40:31,F3,10.7821,OK,0
2026-07-09 23:40:41,F3,10.7813,OK,0
2026-07-09 23:40:52,F3,10.7806,OK,0
2026-07-09 23:41:02,F3,10.7798,OK,0
2026-07-09 23:41:12,F3,10.7790,OK,0
2026-07-09 23:41:23,F3,10.7783,OK,0
2026-07-09 23:41:33,F3,10.7775,OK,0
2026-07-09 23:41:43,F3,10.7767,OK,0
2026-07-09 23:41:54,F3,10.7760,OK,0
2026-07-09 23:42:04,F3,10.7752,OK,0
2026-07-09 23:42:14,F3,10.7745,OK,0
2026-07-09 23:42:24,F3,10.7737,OK,0
2026-07-09 23:42:35,F3,10.7730,OK,0
2026-07-09 23:42:45,F3,10.7723,OK,0
2026-07-09 23:42:55,F3,10.7715,OK,0
2026-07-09 23:43:05,F3,10.7708,OK,0
2026-07-09 23:43:16,F3,10.7701,OK,0
2026-07-09 23:43:26,F3,10.7694,OK,0
2026-07-09 23:43:36,F3,10.7686,OK,0
2026-07-09 23:43:46,F3,10.7679,OK,0
2026-07-09 23:43:57,F3,10.7672,OK,0
2026-07-09 23:44:07,F3,10.7665,OK,0
2026-07-09 23:44:17,F3,10.7658,OK,0
2026-07-09 23:44:28,F3,10.7651,OK,0
2026-07-09 23:44:38,F3,10.7644,OK,0
2026-07-09 23:44:48,F3,10.7637,OK,0
2026-07-09 23:44:58,F3,10.7630,OK,0
2026-07-09 23:45:09,F3,10.7623,OK,0
2026-07-09 23:45:19,F3,10.7617,OK,0
2026-07-09 23:45:29,F3,10.7610,OK,0
2026-07-09 23:45:39,F3,10.7603,OK,0
2026-07-09 23:45:50,F3,10.7596,OK,0
2026-07-09 23:46:00,F3,10.7590,OK,0
2026-07-09 23:46:10,F3,10.7583,OK,0
2026-07-09 23:46:21,F3,10.7577,OK,0
2026-07-09 23:46:31,F3,10.7570,OK,0
2026-07-09 23:46:41,F3,10.7564,OK,0
2026-07-09 23:46:51,F3,10.7557,OK,0
2026-07-09 23:47:02,F3,10.7551,OK,0
2026-07-09 23:47:12,F3,10.7544,OK,0
2026-07-09 23:47:22,F3,10.7538,OK,0
2026-07-09 23:47:32,F3,10.7532,OK,0
2026-07-09 23:47:43,F3,10.7525,OK,0
2026-07-09 23:47:53,F3,10.7519,OK,0
2026-07-09 23:48:03,F3,10.7513,OK,0
2026-07-09 23:48:13,F3,10.7507,OK,0
2026-07-09 23:48:24,F3,10.7501,OK,0
2026-07-09 23:48:34,F3,10.7494,OK,0
2026-07-09 23:48:44,F3,10.7488,OK,0
2026-07-09 23:48:54,F3,10.7482,OK,0
2026-07-09 23:49:05,F3,10.7476,OK,0
2026-07-09 23:49:15,F3,10.7470,OK,0
2026-07-09 23:49:25,F3,10.7464,OK,0
2026-07-09 23:49:35,F3,10.7458,OK,0
2026-07-09 23:49:46,F3,10.7452,OK,0
2026-07-09 23:49:56,F3,10.7446,OK,0
2026-07-09 23:50:06,F3,10.7439,OK,0
2026-07-09 23:50:16,F3,10.7433,OK,0
2026-07-09 23:50:27,F3,10.7427,OK,0
2026-07-09 23:50:37,F3,10.7421,OK,0
2026-07-09 23:50:47,F3,10.7415,OK,0
2026-07-09 23:50:57,F3,10.7409,OK,0
2026-07-09 23:51:08,F3,10.7403,OK,0
2026-07-09 23:51:18,F3,10.7396,OK,0
2026-07-09 23:51:28,F3,10.7390,OK,0
2026-07-09 23:51:38,F3,10.7384,OK,0
2026-07-09 23:51:49,F3,10.7377,OK,0
2026-07-09 23:51:59,F3,10.7371,OK,0
2026-07-09 23:52:09,F3,10.7365,OK,0
2026-07-09 23:52:19,F3,10.7358,OK,0
2026-07-09 23:52:30,F3,10.7351,OK,0
2026-07-09 23:52:40,F3,10.7345,OK,0
2026-07-09 23:52:50,F3,10.7338,OK,0
2026-07-09 23:53:00,F3,10.7331,OK,0
2026-07-09 23:53:11,F3,10.7325,OK,0
2026-07-09 23:53:21,F3,10.7318,OK,0
2026-07-09 23:53:31,F3,10.7311,OK,0
2026-07-09 23:53:41,F3,10.7304,OK,0
2026-07-09 23:53:52,F3,10.7297,OK,0
2026-07-09 23:54:02,F3,10.7290,OK,0
2026-07-09 23:54:12,F3,10.7282,OK,0
2026-07-09 23:54:22,F3,10.7275,OK,0
2026-07-09 23:54:33,F3,10.7267,OK,0
2026-07-09 23:54:43,F3,10.7260,OK,0
2026-07-09 23:54:53,F3,10.7252,OK,0
2026-07-09 23:55:03,F3,10.7244,OK,0
2026-07-09 23:55:14,F3,10.7236,OK,0
2026-07-09 23:55:24,F3,10.7228,OK,0
2026-07-09 23:55:34,F3,10.7220,OK,0
2026-07-09 23:55:44,F3,10.7212,OK,0
2026-07-09 23:55:55,F3,10.7204,OK,0
2026-07-09 23:56:05,F3,10.7195,OK,0
2026-07-09 23:56:15,F3,10.7187,OK,0
2026-07-09 23:56:25,F3,10.7178,OK,0
2026-07-09 23:56:36,F3,10.7169,OK,0
2026-07-09 23:56:46,F3,10.7160,OK,0
2026-07-09 23:56:56,F3,10.7151,OK,0
2026-07-09 23:57:06,F3,10.7142,OK,0
2026-07-09 23:57:17,F3,10.7133,OK,0
2026-07-09 23:57:27,F3,10.7124,OK,0
2026-07-09 23:57:37,F3,10.7115,OK,0
2026-07-09 23:57:47,F3,10.7105,OK,0
2026-07-09 23:57:58,F3,10.7096,OK,0
2026-07-09 23:58:08,F3,10.7086,OK,0
2026-07-09 23:58:18,F3,10.7077,OK,0
2026-07-09 23:58:28,F3,10.7067,OK,0
2026-07-09 23:58:38,F3,10.7058,OK,0
2026-07-09 23:58:49,F3,10.7048,OK,0
2026-07-09 23:58:59,F3,10.7038,OK,0
2026-07-09 23:59:09,F3,10.7028,OK,0
2026-07-09 23:59:19,F3,10.7018,OK,0
2026-07-09 23:59:30,F3,10.7008,OK,0
2026-07-09 23:59:40,F3,10.6998,OK,0
2026-07-09 23:59:50,F3,10.6988,OK,0
2026-07-10 00:00:00,F3,10.6978,OK,0
2026-07-10 00:00:11,F3,10.6967,OK,0
2026-07-10 00:00:21,F3,10.6957,OK,0
2026-07-10 00:00:31,F3,10.6946,OK,0
2026-07-10 00:00:41,F3,10.6936,OK,0
2026-07-10 00:00:52,F3,10.6926,OK,0
2026-07-10 00:01:02,F3,10.6915,OK,0
2026-07-10 00:01:12,F3,10.6904,OK,0
2026-07-10 00:01:22,F3,10.6894,OK,0
2026-07-10 00:01:33,F3,10.6883,OK,0
2026-07-10 00:01:43,F3,10.6872,OK,0
2026-07-10 00:01:53,F3,10.6861,OK,0
2026-07-10 00:02:03,F3,10.6850,OK,0
2026-07-10 00:02:14,F3,10.6840,OK,0
2026-07-10 00:02:24,F3,10.6829,OK,0
2026-07-10 00:02:34,F3,10.6817,OK,0
2026-07-10 00:02:44,F3,10.6806,OK,0
2026-07-10 00:02:55,F3,10.6795,OK,0
2026-07-10 00:03:05,F3,10.6784,OK,0
2026-07-10 00:03:15,F3,10.6773,OK,0
2026-07-10 00:03:25,F3,10.6761,OK,0
2026-07-10 00:03:36,F3,10.6750,OK,0
2026-07-10 00:03:46,F3,10.6738,OK,0
2026-07-10 00:03:56,F3,10.6727,OK,0
2026-07-10 00:04:06,F3,10.6715,OK,0
2026-07-10 00:04:17,F3,10.6704,OK,0
2026-07-10 00:04:27,F3,10.6692,OK,0
2026-07-10 00:04:37,F3,10.6680,OK,0
2026-07-10 00:04:47,F3,10.6668,OK,0
2026-07-10 00:04:58,F3,10.6656,OK,0
2026-07-10 00:05:08,F3,10.6644,OK,0
2026-07-10 00:05:18,F3,10.6632,OK,0
2026-07-10 00:05:28,F3,10.6620,OK,0
2026-07-10 00:05:39,F3,10.6608,OK,0
2026-07-10 00:05:49,F3,10.6595,OK,0
2026-07-10 00:05:59,F3,10.6583,OK,0
2026-07-10 00:06:09,F3,10.6571,OK,0
2026-07-10 00:06:20,F3,10.6558,OK,0
2026-07-10 00:06:30,F3,10.6546,OK,0
2026-07-10 00:06:40,F3,10.6533,OK,0
2026-07-10 00:06:50,F3,10.6520,OK,0
2026-07-10 00:07:01,F3,10.6508,OK,0
2026-07-10 00:07:11,F3,10.6495,OK,1
2026-07-10 00:07:21,F3,10.6482,OK,0
2026-07-10 00:07:31,F3,10.6469,OK,0
2026-07-10 00:07:41,F3,10.6456,OK,0
2026-07-10 00:07:52,F3,10.6443,OK,0
2026-07-10 00:08:02,F3,10.6430,OK,0
2026-07-10 00:08:12,F3,10.6417,OK,0
2026-07-10 00:08:23,F3,10.6404,OK,0
2026-07-10 00:08:33,F3,10.6391,OK,0
2026-07-10 00:08:43,F3,10.6377,OK,0
2026-07-10 00:08:53,F3,10.6364,OK,0
2026-07-10 00:09:04,F3,10.6351,OK,0
2026-07-10 00:09:14,F3,10.6338,OK,0
2026-07-10 00:09:24,F3,10.6324,OK,0
2026-07-10 00:09:34,F3,10.6311,OK,0
2026-07-10 00:09:45,F3,10.6298,OK,0
2026-07-10 00:09:55,F3,10.6284,OK,0
2026-07-10 00:10:05,F3,10.6271,OK,0
2026-07-10 00:10:15,F3,10.6258,OK,0
2026-07-10 00:10:26,F3,10.6245,OK,0
2026-07-10 00:10:36,F3,10.6231,OK,0
2026-07-10 00:10:46,F3,10.6218,OK,0
2026-07-10 00:10:56,F3,10.6205,OK,0
2026-07-10 00:11:06,F3,10.6191,OK,0
2026-07-10 00:11:17,F3,10.6178,OK,0
2026-07-10 00:11:27,F3,10.6165,OK,0
2026-07-10 00:11:37,F3,10.6152,OK,0
2026-07-10 00:11:47,F3,10.6138,OK,0
2026-07-10 00:11:58,F3,10.6125,OK,0
2026-07-10 00:12:08,F3,10.6112,OK,0
2026-07-10 00:12:18,F3,10.6099,OK,0
2026-07-10 00:12:28,F3,10.6086,OK,0
2026-07-10 00:12:39,F3,10.6072,OK,0
2026-07-10 00:12:49,F3,10.6059,OK,0
2026-07-10 00:12:59,F3,10.6046,OK,0
2026-07-10 00:13:09,F3,10.6033,OK,0
2026-07-10 00:13:20,F3,10.6019,OK,0
2026-07-10 00:13:30,F3,10.6006,OK,0
2026-07-10 00:13:40,F3,10.5993,OK,0
2026-07-10 00:13:50,F3,10.5980,OK,0
2026-07-10 00:14:01,F3,10.5966,OK,0
2026-07-10 00:14:11,F3,10.5953,OK,0
2026-07-10 00:14:21,F3,10.5940,OK,0
2026-07-10 00:14:31,F3,10.5926,OK,0
2026-07-10 00:14:42,F3,10.5913,OK,0
2026-07-10 00:14:52,F3,10.5899,OK,0
2026-07-10 00:15:02,F3,10.5886,OK,0
2026-07-10 00:15:12,F3,10.5872,OK,0
2026-07-10 00:15:22,F3,10.5859,OK,0
2026-07-10 00:15:33,F3,10.5845,OK,0
2026-07-10 00:15:43,F3,10.5832,OK,0
2026-07-10 00:15:53,F3,10.5818,OK,0
2026-07-10 00:16:03,F3,10.5805,OK,0
2026-07-10 00:16:14,F3,10.5791,OK,0
2026-07-10 00:16:24,F3,10.5777,OK,0
2026-07-10 00:16:34,F3,10.5764,OK,0
2026-07-10 00:16:44,F3,10.5750,OK,0
2026-07-10 00:16:55,F3,10.5736,OK,0
2026-07-10 00:17:05,F3,10.5723,OK,0
2026-07-10 00:17:15,F3,10.5709,OK,0
2026-07-10 00:17:25,F3,10.5695,OK,0
2026-07-10 00:17:36,F3,10.5681,OK,0
2026-07-10 00:17:46,F3,10.5667,OK,0
2026-07-10 00:17:56,F3,10.5653,OK,0
2026-07-10 00:18:06,F3,10.5639,OK,0
2026-07-10 00:18:17,F3,10.5625,OK,0
2026-07-10 00:18:27,F3,10.5611,OK,0
2026-07-10 00:18:37,F3,10.5597,OK,0
2026-07-10 00:18:47,F3,10.5583,OK,0
2026-07-10 00:18:58,F3,10.5569,OK,0
2026-07-10 00:19:08,F3,10.5555,OK,0
2026-07-10 00:19:18,F3,10.5541,OK,0
2026-07-10 00:19:28,F3,10.5527,OK,0
2026-07-10 00:19:39,F3,10.5512,OK,0
2026-07-10 00:19:49,F3,10.5498,OK,0
2026-07-10 00:19:59,F3,10.5484,OK,0
2026-07-10 00:20:09,F3,10.5470,OK,0
2026-07-10 00:20:20,F3,10.5456,OK,0
2026-07-10 00:20:30,F3,10.5442,OK,0
2026-07-10 00:20:40,F3,10.5428,OK,0
2026-07-10 00:20:50,F3,10.5414,OK,0
2026-07-10 00:21:01,F3,10.5399,OK,0
2026-07-10 00:21:11,F3,10.5385,OK,0
2026-07-10 00:21:21,F3,10.5372,OK,0
2026-07-10 00:21:31,F3,10.5358,OK,0
2026-07-10 00:21:42,F3,10.5344,OK,0
2026-07-10 00:21:52,F3,10.5330,OK,0
2026-07-10 00:22:02,F3,10.5316,OK,0
2026-07-10 00:22:12,F3,10.5302,OK,0
2026-07-10 00:22:23,F3,10.5289,OK,0
2026-07-10 00:22:33,F3,10.5275,OK,0
2026-07-10 00:22:43,F3,10.5262,OK,0
2026-07-10 00:22:53,F3,10.5248,OK,0
2026-07-10 00:23:03,F3,10.5235,OK,0
2026-07-10 00:23:14,F3,10.5221,OK,0
2026-07-10 00:23:24,F3,10.5208,OK,0
2026-07-10 00:23:34,F3,10.5195,OK,0
2026-07-10 00:23:44,F3,10.5182,OK,0
2026-07-10 00:23:55,F3,10.5169,OK,0
2026-07-10 00:24:05,F3,10.5156,OK,0
2026-07-10 00:24:15,F3,10.5143,OK,0
2026-07-10 00:24:25,F3,10.5131,OK,0
2026-07-10 00:24:36,F3,10.5118,OK,0
2026-07-10 00:24:46,F3,10.5105,OK,0
2026-07-10 00:24:56,F3,10.5093,OK,0
2026-07-10 00:25:06,F3,10.5081,OK,0
2026-07-10 00:25:17,F3,10.5068,OK,0
2026-07-10 00:25:27,F3,10.5056,OK,0
2026-07-10 00:25:37,F3,10.5044,OK,0
2026-07-10 00:25:47,F3,10.5032,OK,0
2026-07-10 00:25:58,F3,10.5020,OK,0
2026-07-10 00:26:08,F3,10.5008,OK,0
2026-07-10 00:26:18,F3,10.4996,OK,0
2026-07-10 00:26:28,F3,10.4985,OK,0
2026-07-10 00:26:39,F3,10.4973,OK,0
2026-07-10 00:26:49,F3,10.4962,OK,0
2026-07-10 00:26:59,F3,10.4950,OK,0
2026-07-10 00:27:09,F3,10.4939,OK,0
2026-07-10 00:27:20,F3,10.4927,OK,0
2026-07-10 00:27:30,F3,10.4916,OK,0
2026-07-10 00:27:40,F3,10.4905,OK,0
2026-07-10 00:27:50,F3,10.4894,OK,0
2026-07-10 00:28:01,F3,10.4883,OK,0
2026-07-10 00:28:11,F3,10.4872,OK,0
2026-07-10 00:28:21,F3,10.4861,OK,0
2026-07-10 00:28:31,F3,10.4850,OK,0
2026-07-10 00:28:42,F3,10.4839,OK,0
2026-07-10 00:28:52,F3,10.4828,OK,1
2026-07-10 00:29:02,F3,10.4817,OK,0
2026-07-10 00:29:12,F3,10.4807,OK,0
2026-07-10 00:29:23,F3,10.4796,OK,0
2026-07-10 00:29:33,F3,10.4785,OK,0
2026-07-10 00:29:43,F3,10.4775,OK,0
2026-07-10 00:29:53,F3,10.4764,OK,0
2026-07-10 00:30:04,F3,10.4753,OK,0
2026-07-10 00:30:14,F3,10.4743,OK,0
2026-07-10 00:30:24,F3,10.4732,OK,0
2026-07-10 00:30:34,F3,10.4722,OK,0
2026-07-10 00:30:45,F3,10.4711,OK,0
2026-07-10 00:30:55,F3,10.4701,OK,0
2026-07-10 00:31:05,F3,10.4690,OK,0
2026-07-10 00:31:15,F3,10.4680,OK,0
2026-07-10 00:31:26,F3,10.4670,OK,0
2026-07-10 00:31:36,F3,10.4659,OK,0
2026-07-10 00:31:46,F3,10.4649,OK,0
2026-07-10 00:31:56,F3,10.4638,OK,0
2026-07-10 00:32:06,F3,10.4628,OK,0
2026-07-10 00:32:17,F3,10.4618,OK,0
2026-07-10 00:32:27,F3,10.4608,OK,0
2026-07-10 00:32:37,F3,10.4597,OK,0
2026-07-10 00:32:47,F3,10.4587,OK,0
2026-07-10 00:32:58,F3,10.4577,OK,0
2026-07-10 00:33:08,F3,10.4567,OK,0
2026-07-10 00:33:18,F3,10.4557,OK,0
2026-07-10 00:33:28,F3,10.4547,OK,0
2026-07-10 00:33:39,F3,10.4537,OK,0
2026-07-10 00:33:49,F3,10.4527,OK,0
2026-07-10 00:33:59,F3,10.4517,OK,0
2026-07-10 00:34:09,F3,10.4507,OK,0
2026-07-10 00:34:20,F3,10.4498,OK,0
2026-07-10 00:34:30,F3,10.4488,OK,0
2026-07-10 00:34:40,F3,10.4478,OK,0
2026-07-10 00:34:51,F3,10.4469,OK,0
2026-07-10 00:35:01,F3,10.4459,OK,0
2026-07-10 00:35:11,F3,10.4450,OK,0
2026-07-10 00:35:21,F3,10.4440,OK,0
2026-07-10 00:35:31,F3,10.4431,OK,0
2026-07-10 00:35:42,F3,10.4422,OK,0
2026-07-10 00:35:52,F3,10.4412,OK,0
2026-07-10 00:36:02,F3,10.4403,OK,0
2026-07-10 00:36:12,F3,10.4394,OK,0
2026-07-10 00:36:23,F3,10.4385,OK,0
2026-07-10 00:36:33,F3,10.4375,OK,0
2026-07-10 00:36:43,F3,10.4366,OK,0
2026-07-10 00:36:53,F3,10.4357,OK,0
2026-07-10 00:37:04,F3,10.4348,OK,0
2026-07-10 00:37:14,F3,10.4339,OK,0
2026-07-10 00:37:24,F3,10.4330,OK,1
2026-07-10 00:37:34,F3,10.4321,OK,0
2026-07-10 00:37:45,F3,10.4312,OK,0
2026-07-10 00:37:55,F3,10.4303,OK,0
2026-07-10 00:38:05,F3,10.4294,OK,0
2026-07-10 00:38:15,F3,10.4285,OK,0
2026-07-10 00:38:26,F3,10.4277,OK,0
2026-07-10 00:38:36,F3,10.4268,OK,0
2026-07-10 00:38:46,F3,10.4259,OK,0
2026-07-10 00:38:56,F3,10.4250,OK,0
2026-07-10 00:39:07,F3,10.4241,OK,0
2026-07-10 00:39:17,F3,10.4232,OK,0
2026-07-10 00:39:27,F3,10.4223,OK,0
2026-07-10 00:39:37,F3,10.4214,OK,0
2026-07-10 00:39:48,F3,10.4205,OK,0
2026-07-10 00:39:58,F3,10.4196,OK,0
2026-07-10 00:40:08,F3,10.4187,OK,0
2026-07-10 00:40:18,F3,10.4178,OK,0
2026-07-10 00:40:29,F3,10.4169,OK,0
2026-07-10 00:40:39,F3,10.4160,OK,0
2026-07-10 00:40:49,F3,10.4151,OK,0
2026-07-10 00:40:59,F3,10.4142,OK,0
2026-07-10 00:41:10,F3,10.4133,OK,0
2026-07-10 00:41:20,F3,10.4124,OK,0
2026-07-10 00:41:30,F3,10.4115,OK,0
2026-07-10 00:41:40,F3,10.4106,OK,0
2026-07-10 00:41:51,F3,10.4097,OK,0
2026-07-10 00:42:01,F3,10.4088,OK,0
2026-07-10 00:42:11,F3,10.4079,OK,0
2026-07-10 00:42:21,F3,10.4069,OK,0
2026-07-10 00:42:31,F3,10.4060,OK,0
2026-07-10 00:42:42,F3,10.4051,OK,0
2026-07-10 00:42:52,F3,10.4042,OK,0
2026-07-10 00:43:02,F3,10.4033,OK,0
2026-07-10 00:43:12,F3,10.4024,OK,0
2026-07-10 00:43:23,F3,10.4015,OK,0
2026-07-10 00:43:33,F3,10.4005,OK,0
2026-07-10 00:43:43,F3,10.3996,OK,0
2026-07-10 00:43:54,F3,10.3987,OK,0
2026-07-10 00:44:04,F3,10.3978,OK,0
2026-07-10 00:44:14,F3,10.3969,OK,0
2026-07-10 00:44:24,F3,10.3960,OK,0
2026-07-10 00:44:34,F3,10.3951,OK,0
2026-07-10 00:44:45,F3,10.3942,OK,0
2026-07-10 00:44:55,F3,10.3933,OK,0
2026-07-10 00:45:05,F3,10.3924,OK,0
2026-07-10 00:45:15,F3,10.3915,OK,0
2026-07-10 00:45:26,F3,10.3906,OK,0
2026-07-10 00:45:36,F3,10.3898,OK,0
2026-07-10 00:45:46,F3,10.3889,OK,0
2026-07-10 00:45:56,F3,10.3880,OK,0
2026-07-10 00:46:07,F3,10.3871,OK,0
2026-07-10 00:46:17,F3,10.3862,OK,0
2026-07-10 00:46:27,F3,10.3854,OK,0
2026-07-10 00:46:37,F3,10.3845,OK,0
2026-07-10 00:46:48,F3,10.3837,OK,0
2026-07-10 00:46:58,F3,10.3828,OK,0
2026-07-10 00:47:08,F3,10.3819,OK,0
2026-07-10 00:47:18,F3,10.3811,OK,0
2026-07-10 00:47:29,F3,10.3802,OK,0
2026-07-10 00:47:39,F3,10.3794,OK,0
2026-07-10 00:47:49,F3,10.3785,OK,0
2026-07-10 00:47:59,F3,10.3777,OK,0
2026-07-10 00:48:10,F3,10.3769,OK,0
2026-07-10 00:48:20,F3,10.3760,OK,0
2026-07-10 00:48:30,F3,10.3752,OK,0
2026-07-10 00:48:40,F3,10.3744,OK,0
2026-07-10 00:48:51,F3,10.3735,OK,0
2026-07-10 00:49:01,F3,10.3727,OK,0
2026-07-10 00:49:11,F3,10.3719,OK,0
2026-07-10 00:49:21,F3,10.3711,OK,0
2026-07-10 00:49:32,F3,10.3702,OK,0
2026-07-10 00:49:42,F3,10.3694,OK,0
2026-07-10 00:49:52,F3,10.3686,OK,0
2026-07-10 00:50:02,F3,10.3678,OK,0
2026-07-10 00:50:13,F3,10.3670,OK,0
2026-07-10 00:50:23,F3,10.3662,OK,0
2026-07-10 00:50:33,F3,10.3654,OK,0
2026-07-10 00:50:43,F3,10.3646,OK,0
2026-07-10 00:50:54,F3,10.3638,OK,0
2026-07-10 00:51:04,F3,10.3630,OK,0
2026-07-10 00:51:14,F3,10.3622,OK,0
2026-07-10 00:51:24,F3,10.3614,OK,0
2026-07-10 00:51:35,F3,10.3606,OK,0
2026-07-10 00:51:45,F3,10.3599,OK,0
2026-07-10 00:51:55,F3,10.3591,OK,0
2026-07-10 00:52:05,F3,10.3583,OK,0
2026-07-10 00:52:16,F3,10.3575,OK,0
2026-07-10 00:52:26,F3,10.3568,OK,0
2026-07-10 00:52:36,F3,10.3560,OK,0
2026-07-10 00:52:46,F3,10.3552,OK,0
2026-07-10 00:52:57,F3,10.3545,OK,0
2026-07-10 00:53:07,F3,10.3537,OK,0
2026-07-10 00:53:17,F3,10.3530,OK,0
2026-07-10 00:53:28,F3,10.3522,OK,1
2026-07-10 00:53:38,F3,10.3515,OK,0
2026-07-10 00:53:48,F3,10.3507,OK,0
2026-07-10 00:53:58,F3,10.3500,OK,0
2026-07-10 00:54:09,F3,10.3492,OK,0
2026-07-10 00:54:19,F3,10.3485,OK,0
2026-07-10 00:54:29,F3,10.3478,OK,0
2026-07-10 00:54:39,F3,10.3471,OK,0
2026-07-10 00:54:50,F3,10.3464,OK,0
2026-07-10 00:55:00,F3,10.3457,OK,0
2026-07-10 00:55:10,F3,10.3450,OK,0
2026-07-10 00:55:20,F3,10.3443,OK,0
2026-07-10 00:55:31,F3,10.3436,OK,0
2026-07-10 00:55:41,F3,10.3429,OK,0
2026-07-10 00:55:51,F3,10.3422,OK,0
2026-07-10 00:56:01,F3,10.3416,OK,0
2026-07-10 00:56:12,F3,10.3409,OK,0
2026-07-10 00:56:22,F3,10.3403,OK,0
2026-07-10 00:56:32,F3,10.3396,OK,0
2026-07-10 00:56:42,F3,10.3390,OK,0
2026-07-10 00:56:53,F3,10.3384,OK,0
2026-07-10 00:57:03,F3,10.3378,OK,0
2026-07-10 00:57:13,F3,10.3372,OK,0
2026-07-10 00:57:23,F3,10.3366,OK,0
2026-07-10 00:57:34,F3,10.3360,OK,0
2026-07-10 00:57:44,F3,10.3354,OK,0
2026-07-10 00:57:54,F3,10.3349,OK,0
2026-07-10 00:58:04,F3,10.3343,OK,0
2026-07-10 00:58:15,F3,10.3338,OK,0
2026-07-10 00:58:25,F3,10.3332,OK,0
2026-07-10 00:58:35,F3,10.3327,OK,0
2026-07-10 00:58:45,F3,10.3322,OK,0
2026-07-10 00:58:56,F3,10.3317,OK,0
2026-07-10 00:59:06,F3,10.3312,OK,0
2026-07-10 00:59:16,F3,10.3307,OK,0
2026-07-10 00:59:26,F3,10.3302,OK,0
2026-07-10 00:59:37,F3,10.3297,OK,0
2026-07-10 00:59:47,F3,10.3293,OK,0
2026-07-10 00:59:57,F3,10.3288,OK,0
2026-07-10 01:00:07,F3,10.3284,OK,0
2026-07-10 01:00:18,F3,10.3279,OK,0
2026-07-10 01:00:28,F3,10.3275,OK,0
2026-07-10 01:00:38,F3,10.3271,OK,0
2026-07-10 01:00:48,F3,10.3267,OK,0
2026-07-10 01:00:59,F3,10.3263,OK,0
2026-07-10 01:01:09,F3,10.3259,OK,0
2026-07-10 01:01:19,F3,10.3255,OK,0
2026-07-10 01:01:29,F3,10.3251,OK,0
2026-07-10 01:01:40,F3,10.3247,OK,0
2026-07-10 01:01:50,F3,10.3244,OK,0
2026-07-10 01:02:00,F3,10.3240,OK,0
2026-07-10 01:02:10,F3,10.3237,OK,0
2026-07-10 01:02:21,F3,10.3233,OK,0
2026-07-10 01:02:31,F3,10.3230,OK,0
2026-07-10 01:02:41,F3,10.3226,OK,0
2026-07-10 01:02:51,F3,10.3223,OK,0
2026-07-10 01:03:02,F3,10.3220,OK,0
2026-07-10 01:03:12,F3,10.3217,OK,0
2026-07-10 01:03:22,F3,10.3214,OK,0
2026-07-10 01:03:32,F3,10.3211,OK,0
2026-07-10 01:03:43,F3,10.3208,OK,0
2026-07-10 01:03:53,F3,10.3205,OK,0
2026-07-10 01:04:03,F3,10.3202,OK,0
2026-07-10 01:04:13,F3,10.3199,OK,0
2026-07-10 01:04:24,F3,10.3196,OK,0
2026-07-10 01:04:34,F3,10.3193,OK,0
2026-07-10 01:04:44,F3,10.3191,OK,0
2026-07-10 01:04:54,F3,10.3188,OK,0
2026-07-10 01:05:05,F3,10.3186,OK,0
2026-07-10 01:05:15,F3,10.3183,OK,0
2026-07-10 01:05:25,F3,10.3180,OK,0
2026-07-10 01:05:35,F3,10.3178,OK,0
2026-07-10 01:05:46,F3,10.3176,OK,0
2026-07-10 01:05:56,F3,10.3173,OK,0
2026-07-10 01:06:06,F3,10.3171,OK,0
2026-07-10 01:06:16,F3,10.3169,OK,0
2026-07-10 01:06:27,F3,10.3167,OK,0
2026-07-10 01:06:37,F3,10.3165,OK,0
2026-07-10 01:06:47,F3,10.3163,OK,0
2026-07-10 01:06:57,F3,10.3161,OK,0
2026-07-10 01:07:08,F3,10.3160,OK,0
2026-07-10 01:07:18,F3,10.3158,OK,0
2026-07-10 01:07:28,F3,10.3156,OK,0
2026-07-10 01:07:38,F3,10.3155,OK,0
2026-07-10 01:07:49,F3,10.3154,OK,0
2026-07-10 01:07:59,F3,10.3152,OK,0
2026-07-10 01:08:09,F3,10.3151,OK,0
2026-07-10 01:08:19,F3,10.3150,OK,0
2026-07-10 01:08:30,F3,10.3149,OK,0
2026-07-10 01:08:40,F3,10.3148,OK,0
2026-07-10 01:08:50,F3,10.3147,OK,0
2026-07-10 01:09:00,F3,10.3146,OK,0
2026-07-10 01:09:11,F3,10.3145,OK,0
2026-07-10 01:09:21,F3,10.3145,OK,0
2026-07-10 01:09:31,F3,10.3144,OK,0
2026-07-10 01:09:41,F3,10.3143,OK,0
2026-07-10 01:09:52,F3,10.3143,OK,0
2026-07-10 01:10:02,F3,10.3143,OK,0
2026-07-10 01:10:12,F3,10.3142,OK,0
2026-07-10 01:10:22,F3,10.3142,OK,0
2026-07-10 01:10:33,F3,10.3142,OK,0
2026-07-10 01:10:43,F3,10.3141,OK,0
2026-07-10 01:10:53,F3,10.3141,OK,0
2026-07-10 01:11:03,F3,10.3141,OK,0
2026-07-10 01:11:14,F3,10.3141,OK,0
2026-07-10 01:11:24,F3,10.3141,OK,0
2026-07-10 01:11:34,F3,10.3141,OK,0
2026-07-10 01:11:44,F3,10.3141,OK,0
2026-07-10 01:11:55,F3,10.3141,OK,0
2026-07-10 01:12:05,F3,10.3141,OK,0
2026-07-10 01:12:15,F3,10.3142,OK,0
2026-07-10 01:12:25,F3,10.3142,OK,0
2026-07-10 01:12:36,F3,10.3142,OK,0
2026-07-10 01:12:46,F3,10.3142,OK,0
2026-07-10 01:12:56,F3,10.3143,OK,0
2026-07-10 01:13:06,F3,10.3143,OK,0
2026-07-10 01:13:17,F3,10.3143,OK,0
2026-07-10 01:13:27,F3,10.3143,OK,0
2026-07-10 01:13:37,F3,10.3144,OK,0
2026-07-10 01:13:47,F3,10.3144,OK,0
2026-07-10 01:13:58,F3,10.3145,OK,0
2026-07-10 01:14:08,F3,10.3145,OK,0
2026-07-10 01:14:18,F3,10.3145,OK,0
2026-07-10 01:14:28,F3,10.3146,OK,0
2026-07-10 01:14:39,F3,10.3146,OK,0
2026-07-10 01:14:49,F3,10.3146,OK,0
2026-07-10 01:14:59,F3,10.3147,OK,0
2026-07-10 01:15:09,F3,10.3147,OK,0
2026-07-10 01:15:20,F3,10.3147,OK,0
2026-07-10 01:15:30,F3,10.3148,OK,0
2026-07-10 01:15:40,F3,10.3148,OK,0
2026-07-10 01:15:50,F3,10.3148,OK,0
2026-07-10 01:16:01,F3,10.3148,OK,0
2026-07-10 01:16:11,F3,10.3149,OK,0
2026-07-10 01:16:21,F3,10.3149,OK,0
2026-07-10 01:16:31,F3,10.3149,OK,0
2026-07-10 01:16:42,F3,10.3149,OK,0
2026-07-10 01:16:52,F3,10.3150,OK,0
2026-07-10 01:17:02,F3,10.3150,OK,0
2026-07-10 01:17:12,F3,10.3150,OK,0
2026-07-10 01:17:23,F3,10.3150,OK,0
2026-07-10 01:17:33,F3,10.3150,OK,0
2026-07-10 01:17:43,F3,10.3150,OK,0
2026-07-10 01:17:53,F3,10.3151,OK,0
2026-07-10 01:18:04,F3,10.3151,OK,0
2026-07-10 01:18:14,F3,10.3151,OK,0
2026-07-10 01:18:24,F3,10.3151,OK,0
2026-07-10 01:18:34,F3,10.3152,OK,0
2026-07-10 01:18:45,F3,10.3152,OK,0
2026-07-10 01:18:55,F3,10.3153,OK,0
2026-07-10 01:19:05,F3,10.3153,OK,0
2026-07-10 01:19:16,F3,10.3153,OK,0
2026-07-10 01:19:26,F3,10.3154,OK,0
2026-07-10 01:19:36,F3,10.3154,OK,0
2026-07-10 01:19:46,F3,10.3155,OK,0
2026-07-10 01:19:57,F3,10.3156,OK,0
2026-07-10 01:20:07,F3,10.3156,OK,0
2026-07-10 01:20:17,F3,10.3157,OK,0
2026-07-10 01:20:27,F3,10.3158,OK,0
2026-07-10 01:20:38,F3,10.3159,OK,0
2026-07-10 01:20:48,F3,10.3159,OK,0
2026-07-10 01:20:58,F3,10.3160,OK,0
2026-07-10 01:21:08,F3,10.3161,OK,0
2026-07-10 01:21:19,F3,10.3162,OK,0
2026-07-10 01:21:29,F3,10.3163,OK,0
2026-07-10 01:21:39,F3,10.3164,OK,0
2026-07-10 01:21:49,F3,10.3165,OK,0
2026-07-10 01:22:00,F3,10.3166,OK,0
2026-07-10 01:22:10,F3,10.3167,OK,0
2026-07-10 01:22:20,F3,10.3169,OK,0
2026-07-10 01:22:30,F3,10.3170,OK,0
2026-07-10 01:22:41,F3,10.3171,OK,0
2026-07-10 01:22:51,F3,10.3172,OK,0
2026-07-10 01:23:01,F3,10.3173,OK,0
2026-07-10 01:23:11,F3,10.3175,OK,0
2026-07-10 01:23:22,F3,10.3176,OK,0
2026-07-10 01:23:32,F3,10.3177,OK,0
2026-07-10 01:23:42,F3,10.3179,OK,0
2026-07-10 01:23:52,F3,10.3180,OK,0
2026-07-10 01:24:03,F3,10.3181,OK,0
2026-07-10 01:24:13,F3,10.3183,OK,0
2026-07-10 01:24:23,F3,10.3184,OK,0
2026-07-10 01:24:33,F3,10.3186,OK,0
2026-07-10 01:24:43,F3,10.3187,OK,0
2026-07-10 01:24:54,F3,10.3189,OK,0
2026-07-10 01:25:04,F3,10.3190,OK,0
2026-07-10 01:25:14,F3,10.3192,OK,0
2026-07-10 01:25:24,F3,10.3194,OK,0
2026-07-10 01:25:35,F3,10.3195,OK,0
2026-07-10 01:25:45,F3,10.3197,OK,0
2026-07-10 01:25:55,F3,10.3199,OK,0
2026-07-10 01:26:05,F3,10.3200,OK,0
2026-07-10 01:26:16,F3,10.3202,OK,0
2026-07-10 01:26:26,F3,10.3204,OK,0
2026-07-10 01:26:36,F3,10.3205,OK,0
2026-07-10 01:26:46,F3,10.3207,OK,0
2026-07-10 01:26:57,F3,10.3209,OK,0
2026-07-10 01:27:07,F3,10.3211,OK,0
2026-07-10 01:27:17,F3,10.3212,OK,0
2026-07-10 01:27:27,F3,10.3214,OK,0
2026-07-10 01:27:38,F3,10.3216,OK,0
2026-07-10 01:27:48,F3,10.3218,OK,0
2026-07-10 01:27:58,F3,10.3220,OK,0
2026-07-10 01:28:08,F3,10.3222,OK,0
2026-07-10 01:28:19,F3,10.3224,OK,0
2026-07-10 01:28:29,F3,10.3226,OK,0
2026-07-10 01:28:39,F3,10.3228,OK,0
2026-07-10 01:28:49,F3,10.3230,OK,0
2026-07-10 01:29:00,F3,10.3232,OK,0
2026-07-10 01:29:10,F3,10.3234,OK,0
2026-07-10 01:29:20,F3,10.3236,OK,0
2026-07-10 01:29:30,F3,10.3238,OK,0
2026-07-10 01:29:41,F3,10.3240,OK,0
2026-07-10 01:29:51,F3,10.3242,OK,0
2026-07-10 01:30:01,F3,10.3244,OK,0
2026-07-10 01:30:11,F3,10.3247,OK,0
2026-07-10 01:30:22,F3,10.3249,OK,0
2026-07-10 01:30:32,F3,10.3252,OK,0
2026-07-10 01:30:42,F3,10.3254,OK,0
2026-07-10 01:30:52,F3,10.3257,OK,0
2026-07-10 01:31:03,F3,10.3259,OK,0
2026-07-10 01:31:13,F3,10.3262,OK,0
2026-07-10 01:31:23,F3,10.3264,OK,0
2026-07-10 01:31:33,F3,10.3267,OK,0
2026-07-10 01:31:44,F3,10.3270,OK,0
2026-07-10 01:31:54,F3,10.3273,OK,0
2026-07-10 01:32:04,F3,10.3276,OK,0
2026-07-10 01:32:14,F3,10.3279,OK,0
2026-07-10 01:32:25,F3,10.3282,OK,0
2026-07-10 01:32:35,F3,10.3285,OK,0
2026-07-10 01:32:45,F3,10.3288,OK,0
2026-07-10 01:32:55,F3,10.3291,OK,0
2026-07-10 01:33:06,F3,10.3295,OK,0
2026-07-10 01:33:16,F3,10.3298,OK,0
2026-07-10 01:33:26,F3,10.3301,OK,0
2026-07-10 01:33:36,F3,10.3304,OK,0
2026-07-10 01:33:47,F3,10.3308,OK,0
2026-07-10 01:33:57,F3,10.3311,OK,0
2026-07-10 01:34:07,F3,10.3315,OK,0
2026-07-10 01:34:17,F3,10.3318,OK,0
2026-07-10 01:34:28,F3,10.3322,OK,0
2026-07-10 01:34:38,F3,10.3325,OK,0
2026-07-10 01:34:48,F3,10.3329,OK,0
2026-07-10 01:34:58,F3,10.3332,OK,0
2026-07-10 01:35:09,F3,10.3336,OK,0
2026-07-10 01:35:19,F3,10.3339,OK,0
2026-07-10 01:35:29,F3,10.3343,OK,0
2026-07-10 01:35:39,F3,10.3347,OK,0
2026-07-10 01:35:50,F3,10.3350,OK,0
2026-07-10 01:36:00,F3,10.3354,OK,0
2026-07-10 01:36:10,F3,10.3357,OK,0
2026-07-10 01:36:20,F3,10.3361,OK,0
2026-07-10 01:36:31,F3,10.3364,OK,0
2026-07-10 01:36:41,F3,10.3368,OK,0
2026-07-10 01:36:51,F3,10.3371,OK,0
2026-07-10 01:37:01,F3,10.3375,OK,0
2026-07-10 01:37:12,F3,10.3378,OK,0
2026-07-10 01:37:22,F3,10.3381,OK,0
2026-07-10 01:37:32,F3,10.3385,OK,0
2026-07-10 01:37:42,F3,10.3388,OK,0
2026-07-10 01:37:53,F3,10.3391,OK,0
2026-07-10 01:38:03,F3,10.3395,OK,0
2026-07-10 01:38:13,F3,10.3398,OK,0
2026-07-10 01:38:23,F3,10.3401,OK,0
2026-07-10 01:38:34,F3,10.3404,OK,0
2026-07-10 01:38:44,F3,10.3407,OK,0
2026-07-10 01:38:54,F3,10.3410,OK,0
2026-07-10 01:39:04,F3,10.3413,OK,0
2026-07-10 01:39:15,F3,10.3416,OK,0
2026-07-10 01:39:25,F3,10.3419,OK,0
2026-07-10 01:39:35,F3,10.3421,OK,0
2026-07-10 01:39:45,F3,10.3424,OK,0
2026-07-10 01:39:56,F3,10.3427,OK,0
2026-07-10 01:40:06,F3,10.3430,OK,0
2026-07-10 01:40:16,F3,10.3432,OK,0
2026-07-10 01:40:26,F3,10.3435,OK,0
2026-07-10 01:40:37,F3,10.3437,OK,0
2026-07-10 01:40:47,F3,10.3440,OK,0
2026-07-10 01:40:57,F3,10.3442,OK,0
2026-07-10 01:41:07,F3,10.3445,OK,0
2026-07-10 01:41:18,F3,10.3447,OK,0
2026-07-10 01:41:28,F3,10.3449,OK,0
2026-07-10 01:41:38,F3,10.3452,OK,0
2026-07-10 01:41:48,F3,10.3454,OK,0
2026-07-10 01:41:59,F3,10.3456,OK,0
2026-07-10 01:42:09,F3,10.3458,OK,0
2026-07-10 01:42:19,F3,10.3461,OK,0
2026-07-10 01:42:29,F3,10.3463,OK,0
2026-07-10 01:42:40,F3,10.3465,OK,0
2026-07-10 01:42:50,F3,10.3467,OK,0
2026-07-10 01:43:00,F3,10.3469,OK,0
2026-07-10 01:43:10,F3,10.3471,OK,0
2026-07-10 01:43:21,F3,10.3473,OK,0
2026-07-10 01:43:31,F3,10.3475,OK,0
2026-07-10 01:43:41,F3,10.3477,OK,0
2026-07-10 01:43:51,F3,10.3479,OK,0
2026-07-10 01:44:02,F3,10.3481,OK,0
2026-07-10 01:44:12,F3,10.3482,OK,0
2026-07-10 01:44:22,F3,10.3484,OK,0
2026-07-10 01:44:32,F3,10.3486,OK,0
2026-07-10 01:44:43,F3,10.3487,OK,0
2026-07-10 01:44:53,F3,10.3489,OK,0
2026-07-10 01:45:03,F3,10.3490,OK,0
2026-07-10 01:45:13,F3,10.3492,OK,0
2026-07-10 01:45:24,F3,10.3493,OK,0
2026-07-10 01:45:34,F3,10.3494,OK,0
2026-07-10 01:45:44,F3,10.3496,OK,0
2026-07-10 01:45:54,F3,10.3497,OK,0
2026-07-10 01:46:05,F3,10.3498,OK,0
2026-07-10 01:46:15,F3,10.3499,OK,0
2026-07-10 01:46:25,F3,10.3499,OK,0
2026-07-10 01:46:35,F3,10.3500,OK,0
2026-07-10 01:46:46,F3,10.3501,OK,0
2026-07-10 01:46:56,F3,10.3501,OK,0
2026-07-10 01:47:06,F3,10.3502,OK,0
2026-07-10 01:47:16,F3,10.3502,OK,0
2026-07-10 01:47:27,F3,10.3502,OK,0
2026-07-10 01:47:37,F3,10.3502,OK,0
2026-07-10 01:47:47,F3,10.3502,OK,0
2026-07-10 01:47:57,F3,10.3502,OK,0
2026-07-10 01:48:08,F3,10.3501,OK,0
2026-07-10 01:48:18,F3,10.3501,OK,0
2026-07-10 01:48:28,F3,10.3500,OK,0
2026-07-10 01:48:38,F3,10.3499,OK,0
2026-07-10 01:48:49,F3,10.3498,OK,0
2026-07-10 01:48:59,F3,10.3497,OK,0
2026-07-10 01:49:09,F3,10.3496,OK,0
2026-07-10 01:49:19,F3,10.3495,OK,0
2026-07-10 01:49:30,F3,10.3493,OK,0
2026-07-10 01:49:40,F3,10.3492,OK,0
2026-07-10 01:49:50,F3,10.3490,OK,0
2026-07-10 01:50:00,F3,10.3488,OK,0
2026-07-10 01:50:11,F3,10.3486,OK,0
2026-07-10 01:50:21,F3,10.3484,OK,0
2026-07-10 01:50:31,F3,10.3481,OK,0
2026-07-10 01:50:41,F3,10.3479,OK,0
2026-07-10 01:50:52,F3,10.3476,OK,0
2026-07-10 01:51:02,F3,10.3473,OK,0
2026-07-10 01:51:12,F3,10.3471,OK,0
2026-07-10 01:51:22,F3,10.3467,OK,0
2026-07-10 01:51:33,F3,10.3464,OK,0
2026-07-10 01:51:43,F3,10.3461,OK,0
2026-07-10 01:51:53,F3,10.3457,OK,0
2026-07-10 01:52:03,F3,10.3454,OK,0
2026-07-10 01:52:14,F3,10.3450,OK,0
2026-07-10 01:52:24,F3,10.3446,OK,0
2026-07-10 01:52:34,F3,10.3442,OK,0
2026-07-10 01:52:44,F3,10.3438,OK,0
2026-07-10 01:52:55,F3,10.3433,OK,0
2026-07-10 01:53:05,F3,10.3429,OK,0
2026-07-10 01:53:15,F3,10.3424,OK,0
2026-07-10 01:53:25,F3,10.3420,OK,0
2026-07-10 01:53:36,F3,10.3415,OK,0
2026-07-10 01:53:46,F3,10.3410,OK,0
2026-07-10 01:53:56,F3,10.3405,OK,0
2026-07-10 01:54:06,F3,10.3400,OK,0
2026-07-10 01:54:17,F3,10.3395,OK,0
2026-07-10 01:54:27,F3,10.3390,OK,0
2026-07-10 01:54:37,F3,10.3384,OK,0
2026-07-10 01:54:47,F3,10.3379,OK,0
2026-07-10 01:54:58,F3,10.3374,OK,0
2026-07-10 01:55:08,F3,10.3368,OK,0
2026-07-10 01:55:18,F3,10.3362,OK,0
2026-07-10 01:55:28,F3,10.3356,OK,0
2026-07-10 01:55:39,F3,10.3351,OK,0
2026-07-10 01:55:49,F3,10.3345,OK,0
2026-07-10 01:55:59,F3,10.3339,OK,0
2026-07-10 01:56:09,F3,10.3332,OK,0
2026-07-10 01:56:19,F3,10.3326,OK,0
2026-07-10 01:56:30,F3,10.3320,OK,0
2026-07-10 01:56:40,F3,10.3313,OK,0
2026-07-10 01:56:50,F3,10.3307,OK,0
2026-07-10 01:57:00,F3,10.3300,OK,0
2026-07-10 01:57:11,F3,10.3294,OK,0
2026-07-10 01:57:21,F3,10.3287,OK,0
2026-07-10 01:57:31,F3,10.3280,OK,0
2026-07-10 01:57:42,F3,10.3273,OK,0
2026-07-10 01:57:52,F3,10.3266,OK,0
2026-07-10 01:58:02,F3,10.3259,OK,0
2026-07-10 01:58:12,F3,10.3252,OK,0
2026-07-10 01:58:23,F3,10.3245,OK,0
2026-07-10 01:58:33,F3,10.3238,OK,0
2026-07-10 01:58:43,F3,10.3230,OK,0
2026-07-10 01:58:53,F3,10.3223,OK,0
2026-07-10 01:59:04,F3,10.3216,OK,0
2026-07-10 01:59:14,F3,10.3208,OK,0
2026-07-10 01:59:24,F3,10.3200,OK,0
2026-07-10 01:59:34,F3,10.3193,OK,0
2026-07-10 01:59:45,F3,10.3185,OK,0
2026-07-10 01:59:55,F3,10.3177,OK,0
2026-07-10 02:00:05,F3,10.3169,OK,0
2026-07-10 02:00:15,F3,10.3161,OK,0
2026-07-10 02:00:25,F3,10.3152,OK,0
2026-07-10 02:00:36,F3,10.3144,OK,0
2026-07-10 02:00:46,F3,10.3136,OK,0
2026-07-10 02:00:56,F3,10.3127,OK,0
2026-07-10 02:01:06,F3,10.3119,OK,0
2026-07-10 02:01:17,F3,10.3110,OK,0
2026-07-10 02:01:27,F3,10.3102,OK,0
2026-07-10 02:01:37,F3,10.3093,OK,0
2026-07-10 02:01:48,F3,10.3084,OK,0
2026-07-10 02:01:58,F3,10.3075,OK,0
2026-07-10 02:02:08,F3,10.3066,OK,0
2026-07-10 02:02:18,F3,10.3057,OK,0
2026-07-10 02:02:29,F3,10.3047,OK,0
2026-07-10 02:02:39,F3,10.3038,OK,0
2026-07-10 02:02:49,F3,10.3029,OK,0
2026-07-10 02:02:59,F3,10.3019,OK,0
2026-07-10 02:03:09,F3,10.3009,OK,0
2026-07-10 02:03:20,F3,10.3000,OK,0
2026-07-10 02:03:30,F3,10.2990,OK,0
2026-07-10 02:03:40,F3,10.2980,OK,0
2026-07-10 02:03:50,F3,10.2971,OK,1
2026-07-10 02:04:01,F3,10.2961,OK,1
2026-07-10 02:04:11,F3,10.2951,OK,1
2026-07-10 02:04:21,F3,10.2941,OK,0
2026-07-10 02:04:31,F3,10.2931,OK,0
2026-07-10 02:04:42,F3,10.2921,OK,0
2026-07-10 02:04:52,F3,10.2911,OK,0
2026-07-10 02:05:02,F3,10.2901,OK,0
2026-07-10 02:05:12,F3,10.2891,OK,0
2026-07-10 02:05:23,F3,10.2881,OK,0
2026-07-10 02:05:33,F3,10.2871,OK,0
2026-07-10 02:05:43,F3,10.2861,OK,0
2026-07-10 02:05:53,F3,10.2851,OK,0
2026-07-10 02:06:04,F3,10.2841,OK,0
2026-07-10 02:06:14,F3,10.2831,OK,0
2026-07-10 02:06:24,F3,10.2821,OK,0
2026-07-10 02:06:34,F3,10.2811,OK,0
2026-07-10 02:06:45,F3,10.2801,OK,0
2026-07-10 02:06:55,F3,10.2791,OK,0
2026-07-10 02:07:05,F3,10.2781,OK,0
2026-07-10 02:07:15,F3,10.2771,OK,0
2026-07-10 02:07:26,F3,10.2761,OK,0
2026-07-10 02:07:36,F3,10.2752,OK,0
2026-07-10 02:07:46,F3,10.2742,OK,0
2026-07-10 02:07:56,F3,10.2732,OK,0
2026-07-10 02:08:07,F3,10.2723,OK,0
2026-07-10 02:08:17,F3,10.2713,OK,0
2026-07-10 02:08:27,F3,10.2703,OK,0
2026-07-10 02:08:37,F3,10.2694,OK,1
2026-07-10 02:08:48,F3,10.2684,OK,0
2026-07-10 02:08:58,F3,10.2675,OK,0
2026-07-10 02:09:08,F3,10.2666,OK,0
2026-07-10 02:09:18,F3,10.2656,OK,0
2026-07-10 02:09:28,F3,10.2647,OK,0
2026-07-10 02:09:39,F3,10.2638,OK,0
2026-07-10 02:09:49,F3,10.2628,OK,0
2026-07-10 02:09:59,F3,10.2619,OK,0
2026-07-10 02:10:09,F3,10.2610,OK,0
2026-07-10 02:10:20,F3,10.2601,OK,0
2026-07-10 02:10:30,F3,10.2591,OK,0
2026-07-10 02:10:40,F3,10.2582,OK,0
2026-07-10 02:10:50,F3,10.2573,OK,0
2026-07-10 02:11:01,F3,10.2564,OK,0
2026-07-10 02:11:11,F3,10.2555,OK,0
2026-07-10 02:11:21,F3,10.2546,OK,0
2026-07-10 02:11:31,F3,10.2537,OK,0
2026-07-10 02:11:42,F3,10.2528,OK,0
2026-07-10 02:11:52,F3,10.2519,OK,0
2026-07-10 02:12:02,F3,10.2510,OK,0
2026-07-10 02:12:12,F3,10.2501,OK,0
2026-07-10 02:12:23,F3,10.2492,OK,0
2026-07-10 02:12:33,F3,10.2483,OK,0
2026-07-10 02:12:43,F3,10.2475,OK,0
2026-07-10 02:12:53,F3,10.2466,OK,0
2026-07-10 02:13:04,F3,10.2457,OK,0
2026-07-10 02:13:14,F3,10.2448,OK,0
2026-07-10 02:13:24,F3,10.2439,OK,0
2026-07-10 02:13:34,F3,10.2430,OK,0
2026-07-10 02:13:45,F3,10.2422,OK,0
2026-07-10 02:13:55,F3,10.2413,OK,0
2026-07-10 02:14:05,F3,10.2404,OK,0
2026-07-10 02:14:15,F3,10.2396,OK,0
2026-07-10 02:14:26,F3,10.2387,OK,0
2026-07-10 02:14:36,F3,10.2378,OK,0
2026-07-10 02:14:46,F3,10.2369,OK,0
2026-07-10 02:14:56,F3,10.2361,OK,0
2026-07-10 02:15:06,F3,10.2352,OK,0
2026-07-10 02:15:17,F3,10.2344,OK,0
2026-07-10 02:15:27,F3,10.2335,OK,0
2026-07-10 02:15:37,F3,10.2326,OK,0
2026-07-10 02:15:47,F3,10.2318,OK,0
2026-07-10 02:15:58,F3,10.2309,OK,0
2026-07-10 02:16:08,F3,10.2301,OK,0
2026-07-10 02:16:18,F3,10.2292,OK,0
2026-07-10 02:16:28,F3,10.2284,OK,0
2026-07-10 02:16:39,F3,10.2276,OK,0
2026-07-10 02:16:49,F3,10.2267,OK,0
2026-07-10 02:16:59,F3,10.2259,OK,0
2026-07-10 02:17:10,F3,10.2251,OK,0
2026-07-10 02:17:20,F3,10.2242,OK,0
2026-07-10 02:17:30,F3,10.2234,OK,0
2026-07-10 02:17:40,F3,10.2226,OK,1
2026-07-10 02:17:50,F3,10.2218,OK,1
2026-07-10 02:18:01,F3,10.2210,OK,0
2026-07-10 02:18:11,F3,10.2202,OK,0
2026-07-10 02:18:21,F3,10.2194,OK,0
2026-07-10 02:18:31,F3,10.2186,OK,0
2026-07-10 02:18:42,F3,10.2178,OK,0
2026-07-10 02:18:52,F3,10.2171,OK,0
2026-07-10 02:19:02,F3,10.2163,OK,0
2026-07-10 02:19:12,F3,10.2155,OK,0
2026-07-10 02:19:23,F3,10.2148,OK,0
2026-07-10 02:19:33,F3,10.2140,OK,0
2026-07-10 02:19:43,F3,10.2132,OK,0
2026-07-10 02:19:54,F3,10.2125,OK,0
2026-07-10 02:20:04,F3,10.2117,OK,0
2026-07-10 02:20:14,F3,10.2110,OK,0
2026-07-10 02:20:24,F3,10.2102,OK,0
2026-07-10 02:20:34,F3,10.2095,OK,0
2026-07-10 02:20:45,F3,10.2087,OK,0
2026-07-10 02:20:55,F3,10.2080,OK,0
2026-07-10 02:21:05,F3,10.2072,OK,0
2026-07-10 02:21:15,F3,10.2065,OK,0
2026-07-10 02:21:26,F3,10.2057,OK,0
2026-07-10 02:21:36,F3,10.2050,OK,0
2026-07-10 02:21:46,F3,10.2043,OK,0
2026-07-10 02:21:56,F3,10.2035,OK,0
2026-07-10 02:22:07,F3,10.2028,OK,0
2026-07-10 02:22:17,F3,10.2020,OK,0
2026-07-10 02:22:27,F3,10.2013,OK,0
2026-07-10 02:22:37,F3,10.2006,OK,0
2026-07-10 02:22:48,F3,10.1998,OK,0
2026-07-10 02:22:58,F3,10.1991,OK,0
2026-07-10 02:23:08,F3,10.1984,OK,0
2026-07-10 02:23:18,F3,10.1976,OK,0
2026-07-10 02:23:29,F3,10.1969,OK,0
2026-07-10 02:23:39,F3,10.1961,OK,0
2026-07-10 02:23:49,F3,10.1954,OK,0
2026-07-10 02:23:59,F3,10.1946,OK,0
2026-07-10 02:24:10,F3,10.1939,OK,0
2026-07-10 02:24:20,F3,10.1931,OK,0
2026-07-10 02:24:30,F3,10.1924,OK,0
2026-07-10 02:24:40,F3,10.1916,OK,0
2026-07-10 02:24:51,F3,10.1909,OK,0
2026-07-10 02:25:01,F3,10.1901,OK,0
2026-07-10 02:25:11,F3,10.1893,OK,0
2026-07-10 02:25:21,F3,10.1885,OK,0
2026-07-10 02:25:32,F3,10.1878,OK,0
2026-07-10 02:25:42,F3,10.1870,OK,0
2026-07-10 02:25:52,F3,10.1862,OK,0
2026-07-10 02:26:02,F3,10.1854,OK,0
2026-07-10 02:26:13,F3,10.1846,OK,0
2026-07-10 02:26:23,F3,10.1838,OK,0
2026-07-10 02:26:33,F3,10.1830,OK,0
2026-07-10 02:26:43,F3,10.1821,OK,0
2026-07-10 02:26:53,F3,10.1813,OK,0
2026-07-10 02:27:04,F3,10.1805,OK,0
2026-07-10 02:27:14,F3,10.1796,OK,0
2026-07-10 02:27:24,F3,10.1787,OK,0
2026-07-10 02:27:35,F3,10.1779,OK,0
2026-07-10 02:27:45,F3,10.1770,OK,0
2026-07-10 02:27:55,F3,10.1761,OK,0
2026-07-10 02:28:05,F3,10.1752,OK,0
2026-07-10 02:28:16,F3,10.1743,OK,0
2026-07-10 02:28:26,F3,10.1733,OK,0
2026-07-10 02:28:36,F3,10.1724,OK,0
2026-07-10 02:28:46,F3,10.1715,OK,0
2026-07-10 02:28:57,F3,10.1705,OK,0
2026-07-10 02:29:07,F3,10.1696,OK,0
2026-07-10 02:29:17,F3,10.1686,OK,0
2026-07-10 02:29:27,F3,10.1676,OK,0
2026-07-10 02:29:38,F3,10.1666,OK,0
2026-07-10 02:29:48,F3,10.1656,OK,0
2026-07-10 02:29:58,F3,10.1646,OK,0
2026-07-10 02:30:08,F3,10.1636,OK,0
2026-07-10 02:30:19,F3,10.1626,OK,0
2026-07-10 02:30:29,F3,10.1616,OK,0
2026-07-10 02:30:39,F3,10.1606,OK,0
2026-07-10 02:30:49,F3,10.1595,OK,0
2026-07-10 02:31:00,F3,10.1585,OK,0
2026-07-10 02:31:10,F3,10.1574,OK,0
2026-07-10 02:31:20,F3,10.1563,OK,0
2026-07-10 02:31:30,F3,10.1553,OK,0
2026-07-10 02:31:40,F3,10.1542,OK,0
2026-07-10 02:31:51,F3,10.1531,OK,0
2026-07-10 02:32:01,F3,10.1520,OK,0
2026-07-10 02:32:11,F3,10.1509,OK,0
2026-07-10 02:32:22,F3,10.1498,OK,0
2026-07-10 02:32:32,F3,10.1487,OK,0
2026-07-10 02:32:42,F3,10.1475,OK,0
2026-07-10 02:32:52,F3,10.1464,OK,0
2026-07-10 02:33:03,F3,10.1452,OK,0
2026-07-10 02:33:13,F3,10.1441,OK,0
2026-07-10 02:33:23,F3,10.1429,OK,0
2026-07-10 02:33:33,F3,10.1418,OK,0
2026-07-10 02:33:44,F3,10.1406,OK,0
2026-07-10 02:33:54,F3,10.1394,OK,0
2026-07-10 02:34:04,F3,10.1382,OK,0
2026-07-10 02:34:14,F3,10.1370,OK,0
2026-07-10 02:34:25,F3,10.1358,OK,0
2026-07-10 02:34:35,F3,10.1346,OK,0
2026-07-10 02:34:45,F3,10.1333,OK,0
2026-07-10 02:34:55,F3,10.1321,OK,0
2026-07-10 02:35:06,F3,10.1308,OK,0
2026-07-10 02:35:16,F3,10.1296,OK,0
2026-07-10 02:35:26,F3,10.1283,OK,0
2026-07-10 02:35:36,F3,10.1270,OK,0
2026-07-10 02:35:47,F3,10.1257,OK,0
2026-07-10 02:35:57,F3,10.1244,OK,0
2026-07-10 02:36:07,F3,10.1231,OK,0
2026-07-10 02:36:17,F3,10.1218,OK,0
2026-07-10 02:36:28,F3,10.1204,OK,0
2026-07-10 02:36:38,F3,10.1191,OK,0
2026-07-10 02:36:48,F3,10.1178,OK,0
2026-07-10 02:36:58,F3,10.1164,OK,0
2026-07-10 02:37:09,F3,10.1150,OK,0
2026-07-10 02:37:19,F3,10.1136,OK,0
2026-07-10 02:37:29,F3,10.1123,OK,0
2026-07-10 02:37:39,F3,10.1109,OK,0
2026-07-10 02:37:50,F3,10.1094,OK,0
2026-07-10 02:38:00,F3,10.1080,OK,0
2026-07-10 02:38:10,F3,10.1066,OK,0
2026-07-10 02:38:20,F3,10.1052,OK,0
2026-07-10 02:38:31,F3,10.1037,OK,0
2026-07-10 02:38:41,F3,10.1023,OK,0
2026-07-10 02:38:51,F3,10.1008,OK,0
2026-07-10 02:39:01,F3,10.0994,OK,0
2026-07-10 02:39:12,F3,10.0979,OK,0
2026-07-10 02:39:22,F3,10.0964,OK,0
2026-07-10 02:39:32,F3,10.0949,OK,0
2026-07-10 02:39:42,F3,10.0934,OK,0
2026-07-10 02:39:53,F3,10.0919,OK,0
2026-07-10 02:40:03,F3,10.0904,OK,0
2026-07-10 02:40:13,F3,10.0889,OK,0
2026-07-10 02:40:23,F3,10.0874,OK,0
2026-07-10 02:40:34,F3,10.0859,OK,0
2026-07-10 02:40:44,F3,10.0844,OK,0
2026-07-10 02:40:54,F3,10.0829,OK,0
2026-07-10 02:41:05,F3,10.0814,OK,0
2026-07-10 02:41:15,F3,10.0799,OK,0
2026-07-10 02:41:25,F3,10.0784,OK,0
2026-07-10 02:41:35,F3,10.0769,OK,0
2026-07-10 02:41:46,F3,10.0754,OK,0
2026-07-10 02:41:56,F3,10.0739,OK,0
2026-07-10 02:42:06,F3,10.0724,OK,0
2026-07-10 02:42:16,F3,10.0708,OK,0
2026-07-10 02:42:27,F3,10.0693,OK,0
2026-07-10 02:42:37,F3,10.0678,OK,0
2026-07-10 02:42:47,F3,10.0663,OK,0
2026-07-10 02:42:57,F3,10.0648,OK,0
2026-07-10 02:43:08,F3,10.0634,OK,0
2026-07-10 02:43:18,F3,10.0619,OK,0
2026-07-10 02:43:28,F3,10.0604,OK,0
2026-07-10 02:43:38,F3,10.0589,OK,0
2026-07-10 02:43:49,F3,10.0574,OK,0
2026-07-10 02:43:59,F3,10.0559,OK,0
2026-07-10 02:44:09,F3,10.0544,OK,0
2026-07-10 02:44:19,F3,10.0529,OK,0
2026-07-10 02:44:30,F3,10.0515,OK,0
2026-07-10 02:44:40,F3,10.0500,OK,0
2026-07-10 02:44:50,F3,10.0485,OK,0
2026-07-10 02:45:00,F3,10.0470,OK,0
2026-07-10 02:45:11,F3,10.0456,OK,0
2026-07-10 02:45:21,F3,10.0441,OK,0
2026-07-10 02:45:31,F3,10.0426,OK,0
2026-07-10 02:45:41,F3,10.0411,OK,0
2026-07-10 02:45:52,F3,10.0397,OK,0
2026-07-10 02:46:02,F3,10.0382,OK,0
2026-07-10 02:46:12,F3,10.0367,OK,0
2026-07-10 02:46:22,F3,10.0353,OK,0
2026-07-10 02:46:33,F3,10.0338,OK,0
2026-07-10 02:46:43,F3,10.0323,OK,0
2026-07-10 02:46:53,F3,10.0309,OK,0
2026-07-10 02:47:03,F3,10.0294,OK,0
2026-07-10 02:47:14,F3,10.0279,OK,0
2026-07-10 02:47:24,F3,10.0265,OK,0
2026-07-10 02:47:34,F3,10.0250,OK,0
2026-07-10 02:47:44,F3,10.0236,OK,0
2026-07-10 02:47:55,F3,10.0221,OK,0
2026-07-10 02:48:05,F3,10.0206,OK,0
2026-07-10 02:48:15,F3,10.0192,OK,0
2026-07-10 02:48:25,F3,10.0177,OK,0
2026-07-10 02:48:36,F3,10.0163,OK,0
2026-07-10 02:48:46,F3,10.0148,OK,0
2026-07-10 02:48:56,F3,10.0134,OK,0
2026-07-10 02:49:06,F3,10.0119,OK,0
2026-07-10 02:49:17,F3,10.0105,OK,0
2026-07-10 02:49:27,F3,10.0090,OK,0
2026-07-10 02:49:37,F3,10.0075,OK,0
2026-07-10 02:49:47,F3,10.0061,OK,0
2026-07-10 02:49:58,F3,10.0046,OK,0
2026-07-10 02:50:08,F3,10.0032,OK,0
2026-07-10 02:50:18,F3,10.0017,OK,0
2026-07-10 02:50:28,F3,10.0002,OK,0
2026-07-10 02:50:39,F3,9.9988,OK,0
2026-07-10 02:50:49,F3,9.9973,OK,0
2026-07-10 02:50:59,F3,9.9959,OK,0
2026-07-10 02:51:09,F3,9.9944,OK,0
2026-07-10 02:51:20,F3,9.9930,OK,0
2026-07-10 02:51:30,F3,9.9915,OK,0
2026-07-10 02:51:40,F3,9.9901,OK,0
2026-07-10 02:51:50,F3,9.9886,OK,0
2026-07-10 02:52:01,F3,9.9872,OK,0
2026-07-10 02:52:11,F3,9.9857,OK,0
2026-07-10 02:52:21,F3,9.9843,OK,1
2026-07-10 02:52:31,F3,9.9828,OK,0
2026-07-10 02:52:42,F3,9.9814,OK,0
2026-07-10 02:52:52,F3,9.9799,OK,0
2026-07-10 02:53:02,F3,9.9785,OK,0
2026-07-10 02:53:12,F3,9.9771,OK,0
2026-07-10 02:53:23,F3,9.9756,OK,0
2026-07-10 02:53:33,F3,9.9742,OK,0
2026-07-10 02:53:43,F3,9.9728,OK,0
2026-07-10 02:53:53,F3,9.9714,OK,0
2026-07-10 02:54:04,F3,9.9700,OK,0
2026-07-10 02:54:14,F3,9.9686,OK,0
2026-07-10 02:54:24,F3,9.9672,OK,0
2026-07-10 02:54:34,F3,9.9658,OK,0
2026-07-10 02:54:45,F3,9.9644,OK,0
2026-07-10 02:54:55,F3,9.9630,OK,0
2026-07-10 02:55:05,F3,9.9616,OK,0
2026-07-10 02:55:15,F3,9.9602,OK,0
2026-07-10 02:55:26,F3,9.9589,OK,0
2026-07-10 02:55:36,F3,9.9575,OK,0
2026-07-10 02:55:46,F3,9.9561,OK,0
2026-07-10 02:55:56,F3,9.9548,OK,0
2026-07-10 02:56:07,F3,9.9534,OK,0
2026-07-10 02:56:17,F3,9.9520,OK,0
2026-07-10 02:56:27,F3,9.9507,OK,0
2026-07-10 02:56:37,F3,9.9493,OK,0
2026-07-10 02:56:48,F3,9.9480,OK,0
2026-07-10 02:56:58,F3,9.9467,OK,0
2026-07-10 02:57:08,F3,9.9453,OK,0
2026-07-10 02:57:18,F3,9.9440,OK,0
2026-07-10 02:57:29,F3,9.9427,OK,0
2026-07-10 02:57:39,F3,9.9413,OK,0
2026-07-10 02:57:49,F3,9.9400,OK,0
2026-07-10 02:57:59,F3,9.9387,OK,0
2026-07-10 02:58:10,F3,9.9374,OK,0
2026-07-10 02:58:20,F3,9.9360,OK,0
2026-07-10 02:58:30,F3,9.9347,OK,0
2026-07-10 02:58:40,F3,9.9334,OK,0
2026-07-10 02:58:51,F3,9.9321,OK,0
2026-07-10 02:59:01,F3,9.9308,OK,0
2026-07-10 02:59:11,F3,9.9295,OK,0
2026-07-10 02:59:21,F3,9.9282,OK,0
2026-07-10 02:59:32,F3,9.9269,OK,0
2026-07-10 02:59:42,F3,9.9256,OK,0
2026-07-10 02:59:52,F3,9.9243,OK,0
2026-07-10 03:00:02,F3,9.9230,OK,0
2026-07-10 03:00:12,F3,9.9218,OK,0
2026-07-10 03:00:23,F3,9.9205,OK,0
2026-07-10 03:00:33,F3,9.9192,OK,0
2026-07-10 03:00:43,F3,9.9179,OK,0
2026-07-10 03:00:53,F3,9.9166,OK,0
2026-07-10 03:01:04,F3,9.9153,OK,0
2026-07-10 03:01:14,F3,9.9141,OK,0
2026-07-10 03:01:24,F3,9.9128,OK,0
2026-07-10 03:01:34,F3,9.9115,OK,0
2026-07-10 03:01:45,F3,9.9102,OK,0
2026-07-10 03:01:55,F3,9.9090,OK,0
2026-07-10 03:02:05,F3,9.9077,OK,0
2026-07-10 03:02:15,F3,9.9064,OK,0
2026-07-10 03:02:26,F3,9.9051,OK,0
2026-07-10 03:02:36,F3,9.9039,OK,0
2026-07-10 03:02:46,F3,9.9026,OK,0
2026-07-10 03:02:56,F3,9.9013,OK,0
2026-07-10 03:03:07,F3,9.9001,OK,0
2026-07-10 03:03:17,F3,9.8988,OK,0
2026-07-10 03:03:27,F3,9.8975,OK,0
2026-07-10 03:03:37,F3,9.8963,OK,0
2026-07-10 03:03:48,F3,9.8950,OK,0
2026-07-10 03:03:58,F3,9.8937,OK,0
2026-07-10 03:04:08,F3,9.8925,OK,0
2026-07-10 03:04:18,F3,9.8912,OK,0
2026-07-10 03:04:29,F3,9.8900,OK,0
2026-07-10 03:04:39,F3,9.8888,OK,0
2026-07-10 03:04:49,F3,9.8875,OK,0
2026-07-10 03:04:59,F3,9.8863,OK,0
2026-07-10 03:05:10,F3,9.8851,OK,0
2026-07-10 03:05:20,F3,9.8838,OK,0
2026-07-10 03:05:30,F3,9.8826,OK,0
2026-07-10 03:05:40,F3,9.8814,OK,0
2026-07-10 03:05:50,F3,9.8802,OK,0
2026-07-10 03:06:01,F3,9.8790,OK,0
2026-07-10 03:06:11,F3,9.8778,OK,0
2026-07-10 03:06:21,F3,9.8767,OK,0
2026-07-10 03:06:31,F3,9.8755,OK,0
2026-07-10 03:06:42,F3,9.8743,OK,0
2026-07-10 03:06:52,F3,9.8731,OK,0
2026-07-10 03:07:02,F3,9.8720,OK,0
2026-07-10 03:07:12,F3,9.8708,OK,0
2026-07-10 03:07:23,F3,9.8697,OK,0
2026-07-10 03:07:33,F3,9.8685,OK,0
2026-07-10 03:07:43,F3,9.8674,OK,0
2026-07-10 03:07:53,F3,9.8663,OK,0
2026-07-10 03:08:04,F3,9.8651,OK,0
2026-07-10 03:08:14,F3,9.8640,OK,0
2026-07-10 03:08:24,F3,9.8629,OK,0
2026-07-10 03:08:34,F3,9.8618,OK,0
2026-07-10 03:08:45,F3,9.8607,OK,0
2026-07-10 03:08:55,F3,9.8596,OK,0
2026-07-10 03:09:05,F3,9.8585,OK,0
2026-07-10 03:09:15,F3,9.8575,OK,0
2026-07-10 03:09:26,F3,9.8564,OK,0
2026-07-10 03:09:36,F3,9.8553,OK,0
2026-07-10 03:09:46,F3,9.8543,OK,0
2026-07-10 03:09:56,F3,9.8532,OK,0
2026-07-10 03:10:07,F3,9.8521,OK,0
2026-07-10 03:10:17,F3,9.8511,OK,0
2026-07-10 03:10:27,F3,9.8500,OK,0
2026-07-10 03:10:37,F3,9.8490,OK,0
2026-07-10 03:10:48,F3,9.8480,OK,0
2026-07-10 03:10:58,F3,9.8469,OK,0
2026-07-10 03:11:08,F3,9.8459,OK,0
2026-07-10 03:11:18,F3,9.8449,OK,0
2026-07-10 03:11:29,F3,9.8439,OK,0
2026-07-10 03:11:39,F3,9.8429,OK,0
2026-07-10 03:11:49,F3,9.8419,OK,0
2026-07-10 03:11:59,F3,9.8409,OK,0
2026-07-10 03:12:10,F3,9.8399,OK,0
2026-07-10 03:12:20,F3,9.8389,OK,0
2026-07-10 03:12:30,F3,9.8379,OK,0
2026-07-10 03:12:40,F3,9.8369,OK,0
2026-07-10 03:12:51,F3,9.8359,OK,0
2026-07-10 03:13:01,F3,9.8349,OK,0
2026-07-10 03:13:11,F3,9.8340,OK,0
2026-07-10 03:13:21,F3,9.8330,OK,0
2026-07-10 03:13:32,F3,9.8321,OK,0
2026-07-10 03:13:42,F3,9.8311,OK,0
2026-07-10 03:13:52,F3,9.8301,OK,0
2026-07-10 03:14:02,F3,9.8292,OK,0
2026-07-10 03:14:13,F3,9.8283,OK,0
2026-07-10 03:14:23,F3,9.8273,OK,0
2026-07-10 03:14:33,F3,9.8264,OK,0
2026-07-10 03:14:43,F3,9.8255,OK,0
2026-07-10 03:14:54,F3,9.8245,OK,0
2026-07-10 03:15:04,F3,9.8236,OK,0
2026-07-10 03:15:14,F3,9.8227,OK,0
2026-07-10 03:15:24,F3,9.8218,OK,0
2026-07-10 03:15:35,F3,9.8209,OK,0
2026-07-10 03:15:45,F3,9.8200,OK,0
2026-07-10 03:15:55,F3,9.8191,OK,0
2026-07-10 03:16:05,F3,9.8182,OK,0
2026-07-10 03:16:16,F3,9.8173,OK,0
2026-07-10 03:16:26,F3,9.8165,OK,0
2026-07-10 03:16:36,F3,9.8156,OK,0
2026-07-10 03:16:46,F3,9.8147,OK,0
2026-07-10 03:16:57,F3,9.8139,OK,0
2026-07-10 03:17:07,F3,9.8130,OK,0
2026-07-10 03:17:17,F3,9.8122,OK,0
2026-07-10 03:17:27,F3,9.8113,OK,0
2026-07-10 03:17:38,F3,9.8105,OK,0
2026-07-10 03:17:48,F3,9.8097,OK,0
2026-07-10 03:17:58,F3,9.8089,OK,0
2026-07-10 03:18:08,F3,9.8081,OK,0
2026-07-10 03:18:18,F3,9.8073,OK,0
2026-07-10 03:18:29,F3,9.8065,OK,0
2026-07-10 03:18:39,F3,9.8057,OK,0
2026-07-10 03:18:49,F3,9.8049,OK,0
2026-07-10 03:18:59,F3,9.8042,OK,0
2026-07-10 03:19:10,F3,9.8034,OK,0
2026-07-10 03:19:20,F3,9.8027,OK,0
2026-07-10 03:19:30,F3,9.8020,OK,0
2026-07-10 03:19:40,F3,9.8013,OK,0
2026-07-10 03:19:51,F3,9.8006,OK,0
2026-07-10 03:20:01,F3,9.7999,OK,0
2026-07-10 03:20:11,F3,9.7992,OK,0
2026-07-10 03:20:21,F3,9.7985,OK,0
2026-07-10 03:20:32,F3,9.7978,OK,0
2026-07-10 03:20:42,F3,9.7972,OK,0
2026-07-10 03:20:52,F3,9.7965,OK,0
2026-07-10 03:21:02,F3,9.7959,OK,0
2026-07-10 03:21:13,F3,9.7953,OK,0
2026-07-10 03:21:23,F3,9.7946,OK,0
2026-07-10 03:21:33,F3,9.7940,OK,0
2026-07-10 03:21:43,F3,9.7934,OK,0
2026-07-10 03:21:54,F3,9.7928,OK,0
2026-07-10 03:22:04,F3,9.7922,OK,0
2026-07-10 03:22:14,F3,9.7916,OK,0
2026-07-10 03:22:24,F3,9.7910,OK,0
2026-07-10 03:22:35,F3,9.7905,OK,0
2026-07-10 03:22:45,F3,9.7899,OK,0
2026-07-10 03:22:55,F3,9.7894,OK,0
2026-07-10 03:23:05,F3,9.7888,OK,0
2026-07-10 03:23:16,F3,9.7883,OK,0
2026-07-10 03:23:26,F3,9.7877,OK,0
2026-07-10 03:23:36,F3,9.7872,OK,0
2026-07-10 03:23:46,F3,9.7867,OK,0
2026-07-10 03:23:57,F3,9.7861,OK,0
2026-07-10 03:24:07,F3,9.7856,OK,0
2026-07-10 03:24:17,F3,9.7851,OK,0
2026-07-10 03:24:27,F3,9.7846,OK,0
2026-07-10 03:24:38,F3,9.7841,OK,0
2026-07-10 03:24:48,F3,9.7836,OK,0
2026-07-10 03:24:58,F3,9.7832,OK,0
2026-07-10 03:25:09,F3,9.7827,OK,0
2026-07-10 03:25:19,F3,9.7822,OK,0
2026-07-10 03:25:29,F3,9.7817,OK,0
2026-07-10 03:25:39,F3,9.7813,OK,0
2026-07-10 03:25:50,F3,9.7808,OK,0
2026-07-10 03:26:00,F3,9.7803,OK,0
2026-07-10 03:26:10,F3,9.7799,OK,0
2026-07-10 03:26:20,F3,9.7794,OK,0
2026-07-10 03:26:30,F3,9.7790,OK,0
2026-07-10 03:26:41,F3,9.7785,OK,0
2026-07-10 03:26:51,F3,9.7781,OK,0
2026-07-10 03:27:01,F3,9.7777,OK,0
2026-07-10 03:27:12,F3,9.7772,OK,0
2026-07-10 03:27:22,F3,9.7768,OK,0
2026-07-10 03:27:32,F3,9.7764,OK,0
2026-07-10 03:27:42,F3,9.7759,OK,0
2026-07-10 03:27:53,F3,9.7755,OK,0
2026-07-10 03:28:03,F3,9.7751,OK,0
2026-07-10 03:28:13,F3,9.7746,OK,0
2026-07-10 03:28:23,F3,9.7742,OK,0
2026-07-10 03:28:34,F3,9.7738,OK,0
2026-07-10 03:28:44,F3,9.7733,OK,0
2026-07-10 03:28:54,F3,9.7729,OK,0
2026-07-10 03:29:04,F3,9.7725,OK,0
2026-07-10 03:29:15,F3,9.7721,OK,0
2026-07-10 03:29:25,F3,9.7717,OK,0
2026-07-10 03:29:35,F3,9.7713,OK,0
2026-07-10 03:29:46,F3,9.7709,OK,0
2026-07-10 03:29:56,F3,9.7705,OK,0
2026-07-10 03:30:06,F3,9.7701,OK,0
2026-07-10 03:30:16,F3,9.7697,OK,0
2026-07-10 03:30:27,F3,9.7693,OK,0
2026-07-10 03:30:37,F3,9.7689,OK,0
2026-07-10 03:30:47,F3,9.7686,OK,0
2026-07-10 03:30:57,F3,9.7682,OK,0
2026-07-10 03:31:08,F3,9.7678,OK,0
2026-07-10 03:31:18,F3,9.7675,OK,0
2026-07-10 03:31:28,F3,9.7671,OK,0
2026-07-10 03:31:38,F3,9.7668,OK,0
2026-07-10 03:31:49,F3,9.7665,OK,0
2026-07-10 03:31:59,F3,9.7661,OK,0
2026-07-10 03:32:09,F3,9.7658,OK,0
2026-07-10 03:32:19,F3,9.7655,OK,0
2026-07-10 03:32:30,F3,9.7652,OK,0
2026-07-10 03:32:40,F3,9.7649,OK,0
2026-07-10 03:32:50,F3,9.7646,OK,0
2026-07-10 03:33:01,F3,9.7643,OK,0
2026-07-10 03:33:11,F3,9.7640,OK,0
2026-07-10 03:33:21,F3,9.7637,OK,0
2026-07-10 03:33:31,F3,9.7634,OK,0
2026-07-10 03:33:42,F3,9.7631,OK,0
2026-07-10 03:33:52,F3,9.7628,OK,0
2026-07-10 03:34:02,F3,9.7625,OK,0
2026-07-10 03:34:12,F3,9.7623,OK,0
2026-07-10 03:34:22,F3,9.7620,OK,0
2026-07-10 03:34:33,F3,9.7617,OK,0
2026-07-10 03:34:43,F3,9.7614,OK,0
2026-07-10 03:34:53,F3,9.7612,OK,0
2026-07-10 03:35:03,F3,9.7609,OK,0
2026-07-10 03:35:14,F3,9.7606,OK,0
2026-07-10 03:35:24,F3,9.7604,OK,0
2026-07-10 03:35:34,F3,9.7601,OK,0
2026-07-10 03:35:44,F3,9.7598,OK,0
2026-07-10 03:35:55,F3,9.7596,OK,0
2026-07-10 03:36:05,F3,9.7593,OK,0
2026-07-10 03:36:15,F3,9.7591,OK,0
2026-07-10 03:36:25,F3,9.7588,OK,0
2026-07-10 03:36:36,F3,9.7585,OK,0
2026-07-10 03:36:46,F3,9.7583,OK,0
2026-07-10 03:36:56,F3,9.7580,OK,0
2026-07-10 03:37:06,F3,9.7577,OK,0
2026-07-10 03:37:17,F3,9.7575,OK,0
2026-07-10 03:37:27,F3,9.7572,OK,0
2026-07-10 03:37:37,F3,9.7569,OK,0
2026-07-10 03:37:47,F3,9.7567,OK,0
2026-07-10 03:37:58,F3,9.7564,OK,0
2026-07-10 03:38:08,F3,9.7561,OK,0
2026-07-10 03:38:18,F3,9.7558,OK,0
2026-07-10 03:38:28,F3,9.7556,OK,0
2026-07-10 03:38:39,F3,9.7553,OK,0
2026-07-10 03:38:49,F3,9.7550,OK,0
2026-07-10 03:38:59,F3,9.7547,OK,0
2026-07-10 03:39:09,F3,9.7544,OK,0
2026-07-10 03:39:20,F3,9.7541,OK,0
2026-07-10 03:39:30,F3,9.7538,OK,0
2026-07-10 03:39:40,F3,9.7535,OK,0
2026-07-10 03:39:50,F3,9.7532,OK,0
2026-07-10 03:40:01,F3,9.7528,OK,0
2026-07-10 03:40:11,F3,9.7525,OK,0
2026-07-10 03:40:21,F3,9.7522,OK,0
2026-07-10 03:40:31,F3,9.7519,OK,0
2026-07-10 03:40:42,F3,9.7515,OK,0
2026-07-10 03:40:52,F3,9.7512,OK,0
2026-07-10 03:41:02,F3,9.7508,OK,0
2026-07-10 03:41:12,F3,9.7505,OK,0
2026-07-10 03:41:23,F3,9.7501,OK,0
2026-07-10 03:41:33,F3,9.7498,OK,0
2026-07-10 03:41:43,F3,9.7494,OK,0
2026-07-10 03:41:53,F3,9.7490,OK,0
2026-07-10 03:42:04,F3,9.7487,OK,0
2026-07-10 03:42:14,F3,9.7483,OK,0
2026-07-10 03:42:24,F3,9.7479,OK,0
2026-07-10 03:42:34,F3,9.7475,OK,0
2026-07-10 03:42:45,F3,9.7471,OK,0
2026-07-10 03:42:55,F3,9.7468,OK,0
2026-07-10 03:43:05,F3,9.7464,OK,0
2026-07-10 03:43:16,F3,9.7460,OK,0
2026-07-10 03:43:26,F3,9.7456,OK,0
2026-07-10 03:43:36,F3,9.7452,OK,0
2026-07-10 03:43:46,F3,9.7447,OK,0
2026-07-10 03:43:57,F3,9.7443,OK,0
2026-07-10 03:44:07,F3,9.7439,OK,0
2026-07-10 03:44:17,F3,9.7435,OK,0
2026-07-10 03:44:27,F3,9.7431,OK,0
2026-07-10 03:44:38,F3,9.7426,OK,0
2026-07-10 03:44:48,F3,9.7422,OK,0
2026-07-10 03:44:58,F3,9.7418,OK,0
2026-07-10 03:45:08,F3,9.7413,OK,0
2026-07-10 03:45:19,F3,9.7409,OK,0
2026-07-10 03:45:29,F3,9.7404,OK,0
2026-07-10 03:45:39,F3,9.7400,OK,0
2026-07-10 03:45:49,F3,9.7395,OK,0
2026-07-10 03:46:00,F3,9.7390,OK,0
2026-07-10 03:46:10,F3,9.7386,OK,0
2026-07-10 03:46:20,F3,9.7381,OK,0
2026-07-10 03:46:30,F3,9.7376,OK,0
2026-07-10 03:46:41,F3,9.7371,OK,0
2026-07-10 03:46:51,F3,9.7366,OK,0
2026-07-10 03:47:01,F3,9.7361,OK,0
2026-07-10 03:47:11,F3,9.7356,OK,0
2026-07-10 03:47:22,F3,9.7351,OK,0
2026-07-10 03:47:32,F3,9.7345,OK,0
2026-07-10 03:47:42,F3,9.7340,OK,0
2026-07-10 03:47:52,F3,9.7335,OK,0
2026-07-10 03:48:03,F3,9.7329,OK,0
2026-07-10 03:48:13,F3,9.7324,OK,0
2026-07-10 03:48:23,F3,9.7318,OK,0
2026-07-10 03:48:33,F3,9.7312,OK,0
2026-07-10 03:48:44,F3,9.7306,OK,0
2026-07-10 03:48:54,F3,9.7300,OK,0
2026-07-10 03:49:04,F3,9.7294,OK,0
2026-07-10 03:49:14,F3,9.7288,OK,0
2026-07-10 03:49:25,F3,9.7282,OK,0
2026-07-10 03:49:35,F3,9.7276,OK,0
2026-07-10 03:49:45,F3,9.7269,OK,0
2026-07-10 03:49:55,F3,9.7263,OK,0
2026-07-10 03:50:06,F3,9.7257,OK,0
2026-07-10 03:50:16,F3,9.7250,OK,0
2026-07-10 03:50:26,F3,9.7243,OK,0
2026-07-10 03:50:36,F3,9.7237,OK,0
2026-07-10 03:50:47,F3,9.7230,OK,0
2026-07-10 03:50:57,F3,9.7223,OK,0
2026-07-10 03:51:07,F3,9.7216,OK,0
2026-07-10 03:51:17,F3,9.7209,OK,0
2026-07-10 03:51:28,F3,9.7201,OK,0
2026-07-10 03:51:38,F3,9.7194,OK,0
2026-07-10 03:51:48,F3,9.7187,OK,0
2026-07-10 03:51:58,F3,9.7179,OK,0
2026-07-10 03:52:09,F3,9.7172,OK,0
2026-07-10 03:52:19,F3,9.7164,OK,0
2026-07-10 03:52:29,F3,9.7156,OK,0
2026-07-10 03:52:39,F3,9.7148,OK,0
2026-07-10 03:52:50,F3,9.7140,OK,0
2026-07-10 03:53:01,F3,9.7132,OK,0
2026-07-10 03:53:11,F3,9.7124,OK,1
2026-07-10 03:53:21,F3,9.7116,OK,0
2026-07-10 03:53:32,F3,9.7108,OK,0
2026-07-10 03:53:42,F3,9.7099,OK,0
2026-07-10 03:53:52,F3,9.7091,OK,0
2026-07-10 03:54:02,F3,9.7082,OK,0
2026-07-10 03:54:13,F3,9.7073,OK,0
2026-07-10 03:54:23,F3,9.7064,OK,0
2026-07-10 03:54:33,F3,9.7055,OK,0
2026-07-10 03:54:44,F3,9.7046,OK,0
2026-07-10 03:54:54,F3,9.7037,OK,0
2026-07-10 03:55:04,F3,9.7028,OK,0
2026-07-10 03:55:14,F3,9.7019,OK,0
2026-07-10 03:55:25,F3,9.7010,OK,0
2026-07-10 03:55:35,F3,9.7000,OK,0
2026-07-10 03:55:45,F3,9.6991,OK,0
2026-07-10 03:55:55,F3,9.6981,OK,0
2026-07-10 03:56:06,F3,9.6972,OK,0
2026-07-10 03:56:16,F3,9.6962,OK,0
2026-07-10 03:56:26,F3,9.6953,OK,0
2026-07-10 03:56:36,F3,9.6943,OK,0
2026-07-10 03:56:47,F3,9.6933,OK,0
2026-07-10 03:56:57,F3,9.6923,OK,0
2026-07-10 03:57:07,F3,9.6914,OK,0
2026-07-10 03:57:17,F3,9.6904,OK,0
2026-07-10 03:57:28,F3,9.6894,OK,0
2026-07-10 03:57:38,F3,9.6884,OK,0
2026-07-10 03:57:48,F3,9.6874,OK,0
2026-07-10 03:57:58,F3,9.6864,OK,0
2026-07-10 03:58:09,F3,9.6854,OK,0
2026-07-10 03:58:19,F3,9.6844,OK,0
2026-07-10 03:58:29,F3,9.6834,OK,0
2026-07-10 03:58:39,F3,9.6823,OK,0
2026-07-10 03:58:50,F3,9.6813,OK,0
2026-07-10 03:59:00,F3,9.6803,OK,0
2026-07-10 03:59:10,F3,9.6793,OK,0
2026-07-10 03:59:20,F3,9.6783,OK,0
2026-07-10 03:59:31,F3,9.6772,OK,0
2026-07-10 03:59:41,F3,9.6762,OK,0
2026-07-10 03:59:51,F3,9.6752,OK,0
2026-07-10 04:00:01,F3,9.6742,OK,0
2026-07-10 04:00:12,F3,9.6731,OK,0
2026-07-10 04:00:22,F3,9.6721,OK,0
2026-07-10 04:00:32,F3,9.6710,OK,0
2026-07-10 04:00:42,F3,9.6700,OK,0
2026-07-10 04:00:53,F3,9.6689,OK,0
2026-07-10 04:01:03,F3,9.6679,OK,0
2026-07-10 04:01:13,F3,9.6668,OK,0
2026-07-10 04:01:23,F3,9.6658,OK,0
2026-07-10 04:01:34,F3,9.6647,OK,0
2026-07-10 04:01:44,F3,9.6637,OK,0
2026-07-10 04:01:54,F3,9.6626,OK,0
2026-07-10 04:02:04,F3,9.6616,OK,0
2026-07-10 04:02:15,F3,9.6605,OK,0
2026-07-10 04:02:25,F3,9.6594,OK,0
2026-07-10 04:02:35,F3,9.6584,OK,0
2026-07-10 04:02:45,F3,9.6573,OK,0
2026-07-10 04:02:56,F3,9.6562,OK,0
2026-07-10 04:03:06,F3,9.6551,OK,0
2026-07-10 04:03:16,F3,9.6541,OK,0
2026-07-10 04:03:26,F3,9.6530,OK,0
2026-07-10 04:03:37,F3,9.6519,OK,0
2026-07-10 04:03:47,F3,9.6508,OK,0
2026-07-10 04:03:57,F3,9.6497,OK,0
2026-07-10 04:04:07,F3,9.6487,OK,0
2026-07-10 04:04:17,F3,9.6476,OK,0
2026-07-10 04:04:28,F3,9.6465,OK,0
2026-07-10 04:04:38,F3,9.6454,OK,0
2026-07-10 04:04:48,F3,9.6443,OK,0
2026-07-10 04:04:58,F3,9.6432,OK,0
2026-07-10 04:05:09,F3,9.6421,OK,0
2026-07-10 04:05:19,F3,9.6410,OK,0
2026-07-10 04:05:29,F3,9.6398,OK,0
2026-07-10 04:05:40,F3,9.6387,OK,0
2026-07-10 04:05:50,F3,9.6376,OK,0
2026-07-10 04:06:00,F3,9.6365,OK,0
2026-07-10 04:06:10,F3,9.6354,OK,0
2026-07-10 04:06:21,F3,9.6342,OK,0
2026-07-10 04:06:31,F3,9.6331,OK,0
2026-07-10 04:06:41,F3,9.6320,OK,0
2026-07-10 04:06:51,F3,9.6309,OK,0
2026-07-10 04:07:02,F3,9.6297,OK,0
2026-07-10 04:07:12,F3,9.6286,OK,0
2026-07-10 04:07:22,F3,9.6275,OK,0
2026-07-10 04:07:32,F3,9.6263,OK,0
2026-07-10 04:07:43,F3,9.6252,OK,0
2026-07-10 04:07:53,F3,9.6241,OK,0
2026-07-10 04:08:03,F3,9.6229,OK,0
2026-07-10 04:08:13,F3,9.6218,OK,0
2026-07-10 04:08:23,F3,9.6206,OK,0
2026-07-10 04:08:34,F3,9.6195,OK,0
2026-07-10 04:08:44,F3,9.6184,OK,0
2026-07-10 04:08:54,F3,9.6172,OK,0
2026-07-10 04:09:05,F3,9.6161,OK,0
2026-07-10 04:09:15,F3,9.6150,OK,0
2026-07-10 04:09:25,F3,9.6138,OK,0
2026-07-10 04:09:35,F3,9.6127,OK,0
2026-07-10 04:09:46,F3,9.6116,OK,0
2026-07-10 04:09:56,F3,9.6104,OK,0
2026-07-10 04:10:06,F3,9.6093,OK,0
2026-07-10 04:10:16,F3,9.6082,OK,0
2026-07-10 04:10:26,F3,9.6071,OK,0
2026-07-10 04:10:37,F3,9.6059,OK,0
2026-07-10 04:10:47,F3,9.6048,OK,0
2026-07-10 04:10:57,F3,9.6037,OK,0
2026-07-10 04:11:07,F3,9.6026,OK,0
2026-07-10 04:11:18,F3,9.6015,OK,0
2026-07-10 04:11:28,F3,9.6003,OK,0
2026-07-10 04:11:38,F3,9.5992,OK,0
2026-07-10 04:11:48,F3,9.5981,OK,0
2026-07-10 04:11:59,F3,9.5970,OK,0
2026-07-10 04:12:09,F3,9.5959,OK,0
2026-07-10 04:12:19,F3,9.5948,OK,0
2026-07-10 04:12:29,F3,9.5937,OK,0
2026-07-10 04:12:40,F3,9.5926,OK,0
2026-07-10 04:12:50,F3,9.5915,OK,0
2026-07-10 04:13:00,F3,9.5904,OK,0
2026-07-10 04:13:10,F3,9.5893,OK,0
2026-07-10 04:13:21,F3,9.5882,OK,0
2026-07-10 04:13:31,F3,9.5871,OK,0
2026-07-10 04:13:41,F3,9.5860,OK,0
2026-07-10 04:13:51,F3,9.5849,OK,0
2026-07-10 04:14:02,F3,9.5839,OK,0
2026-07-10 04:14:12,F3,9.5828,OK,0
2026-07-10 04:14:22,F3,9.5817,OK,0
2026-07-10 04:14:32,F3,9.5806,OK,0
2026-07-10 04:14:42,F3,9.5796,OK,0
2026-07-10 04:14:53,F3,9.5785,OK,0
2026-07-10 04:15:03,F3,9.5774,OK,0
2026-07-10 04:15:13,F3,9.5764,OK,0
2026-07-10 04:15:23,F3,9.5753,OK,0
2026-07-10 04:15:34,F3,9.5742,OK,0
2026-07-10 04:15:44,F3,9.5732,OK,0
2026-07-10 04:15:54,F3,9.5721,OK,0
2026-07-10 04:16:04,F3,9.5711,OK,0
2026-07-10 04:16:15,F3,9.5700,OK,0
2026-07-10 04:16:25,F3,9.5690,OK,0
2026-07-10 04:16:35,F3,9.5679,OK,0
2026-07-10 04:16:45,F3,9.5669,OK,0
2026-07-10 04:16:56,F3,9.5658,OK,0
2026-07-10 04:17:06,F3,9.5648,OK,0
2026-07-10 04:17:16,F3,9.5637,OK,0
2026-07-10 04:17:26,F3,9.5627,OK,0
2026-07-10 04:17:37,F3,9.5617,OK,0
2026-07-10 04:17:47,F3,9.5606,OK,0
2026-07-10 04:17:57,F3,9.5596,OK,0
2026-07-10 04:18:07,F3,9.5586,OK,0
2026-07-10 04:18:18,F3,9.5575,OK,0
2026-07-10 04:18:28,F3,9.5565,OK,0
2026-07-10 04:18:38,F3,9.5554,OK,0
2026-07-10 04:18:48,F3,9.5544,OK,0
2026-07-10 04:18:59,F3,9.5534,OK,1
2026-07-10 04:19:09,F3,9.5523,OK,1
2026-07-10 04:19:19,F3,9.5513,OK,0
2026-07-10 04:19:29,F3,9.5502,OK,0
2026-07-10 04:19:40,F3,9.5492,OK,0
2026-07-10 04:19:50,F3,9.5481,OK,0
2026-07-10 04:20:00,F3,9.5471,OK,0
2026-07-10 04:20:10,F3,9.5460,OK,0
2026-07-10 04:20:21,F3,9.5450,OK,0
2026-07-10 04:20:31,F3,9.5439,OK,0
2026-07-10 04:20:41,F3,9.5429,OK,0
2026-07-10 04:20:51,F3,9.5418,OK,0
2026-07-10 04:21:02,F3,9.5408,OK,0
2026-07-10 04:21:12,F3,9.5397,OK,0
2026-07-10 04:21:22,F3,9.5387,OK,0
2026-07-10 04:21:32,F3,9.5376,OK,0
2026-07-10 04:21:43,F3,9.5366,OK,0
2026-07-10 04:21:53,F3,9.5356,OK,0
2026-07-10 04:22:03,F3,9.5345,OK,0
2026-07-10 04:22:13,F3,9.5335,OK,0
2026-07-10 04:22:24,F3,9.5325,OK,0
2026-07-10 04:22:34,F3,9.5314,OK,0
2026-07-10 04:22:44,F3,9.5304,OK,0
2026-07-10 04:22:54,F3,9.5294,OK,0
2026-07-10 04:23:05,F3,9.5284,OK,0
2026-07-10 04:23:15,F3,9.5274,OK,0
2026-07-10 04:23:25,F3,9.5264,OK,0
2026-07-10 04:23:35,F3,9.5254,OK,1
2026-07-10 04:23:46,F3,9.5244,OK,0
2026-07-10 04:23:56,F3,9.5234,OK,0
2026-07-10 04:24:06,F3,9.5224,OK,0
2026-07-10 04:24:16,F3,9.5214,OK,0
2026-07-10 04:24:27,F3,9.5204,OK,0
2026-07-10 04:24:37,F3,9.5195,OK,0
2026-07-10 04:24:47,F3,9.5185,OK,0
2026-07-10 04:24:57,F3,9.5175,OK,0
2026-07-10 04:25:08,F3,9.5165,OK,0
2026-07-10 04:25:18,F3,9.5156,OK,0
2026-07-10 04:25:28,F3,9.5146,OK,0
2026-07-10 04:25:38,F3,9.5136,OK,0
2026-07-10 04:25:49,F3,9.5127,OK,0
2026-07-10 04:25:59,F3,9.5117,OK,0
2026-07-10 04:26:09,F3,9.5107,OK,0
2026-07-10 04:26:19,F3,9.5098,OK,0
2026-07-10 04:26:30,F3,9.5088,OK,0
2026-07-10 04:26:40,F3,9.5079,OK,0
2026-07-10 04:26:50,F3,9.5069,OK,0
2026-07-10 04:27:00,F3,9.5059,OK,0
2026-07-10 04:27:10,F3,9.5050,OK,0
2026-07-10 04:27:21,F3,9.5040,OK,0
2026-07-10 04:27:31,F3,9.5031,OK,0
2026-07-10 04:27:41,F3,9.5021,OK,0
2026-07-10 04:27:51,F3,9.5011,OK,0
2026-07-10 04:28:02,F3,9.5002,OK,0
2026-07-10 04:28:12,F3,9.4992,OK,0
2026-07-10 04:28:22,F3,9.4983,OK,0
2026-07-10 04:28:32,F3,9.4973,OK,0
2026-07-10 04:28:43,F3,9.4963,OK,0
2026-07-10 04:28:53,F3,9.4954,OK,0
2026-07-10 04:29:03,F3,9.4944,OK,0
2026-07-10 04:29:13,F3,9.4934,OK,0
2026-07-10 04:29:24,F3,9.4925,OK,0
2026-07-10 04:29:34,F3,9.4915,OK,0
2026-07-10 04:29:44,F3,9.4905,OK,0
2026-07-10 04:29:54,F3,9.4896,OK,0
2026-07-10 04:30:05,F3,9.4886,OK,0
2026-07-10 04:30:15,F3,9.4876,OK,0
2026-07-10 04:30:25,F3,9.4866,OK,0
2026-07-10 04:30:35,F3,9.4856,OK,0
2026-07-10 04:30:46,F3,9.4846,OK,0
2026-07-10 04:30:56,F3,9.4836,OK,0
2026-07-10 04:31:06,F3,9.4827,OK,0
2026-07-10 04:31:16,F3,9.4817,OK,0
2026-07-10 04:31:27,F3,9.4806,OK,0
2026-07-10 04:31:37,F3,9.4796,OK,0
2026-07-10 04:31:47,F3,9.4786,OK,0
2026-07-10 04:31:57,F3,9.4776,OK,0
2026-07-10 04:32:08,F3,9.4766,OK,1
2026-07-10 04:32:18,F3,9.4756,OK,1
2026-07-10 04:32:28,F3,9.4745,OK,0
2026-07-10 04:32:38,F3,9.4735,OK,0
2026-07-10 04:32:49,F3,9.4725,OK,0
2026-07-10 04:32:59,F3,9.4714,OK,0
2026-07-10 04:33:09,F3,9.4704,OK,0
2026-07-10 04:33:19,F3,9.4694,OK,0
2026-07-10 04:33:30,F3,9.4683,OK,0
2026-07-10 04:33:40,F3,9.4673,OK,0
2026-07-10 04:33:50,F3,9.4662,OK,0
2026-07-10 04:34:00,F3,9.4651,OK,0
2026-07-10 04:34:11,F3,9.4641,OK,0
2026-07-10 04:34:21,F3,9.4630,OK,0
2026-07-10 04:34:31,F3,9.4620,OK,0
2026-07-10 04:34:41,F3,9.4609,OK,0
2026-07-10 04:34:52,F3,9.4598,OK,0
2026-07-10 04:35:02,F3,9.4588,OK,0
2026-07-10 04:35:12,F3,9.4577,OK,0
2026-07-10 04:35:22,F3,9.4567,OK,0
2026-07-10 04:35:33,F3,9.4556,OK,0
2026-07-10 04:35:43,F3,9.4545,OK,0
2026-07-10 04:35:53,F3,9.4535,OK,0
2026-07-10 04:36:03,F3,9.4524,OK,0
2026-07-10 04:36:14,F3,9.4514,OK,0
2026-07-10 04:36:24,F3,9.4503,OK,1
2026-07-10 04:36:34,F3,9.4492,OK,0
2026-07-10 04:36:45,F3,9.4482,OK,1
2026-07-10 04:36:55,F3,9.4471,OK,0
2026-07-10 04:37:05,F3,9.4461,OK,0
2026-07-10 04:37:15,F3,9.4451,OK,0
2026-07-10 04:37:25,F3,9.4440,OK,0
2026-07-10 04:37:36,F3,9.4430,OK,0
2026-07-10 04:37:46,F3,9.4420,OK,0
2026-07-10 04:37:56,F3,9.4409,OK,0
2026-07-10 04:38:06,F3,9.4399,OK,0
2026-07-10 04:38:17,F3,9.4389,OK,0
2026-07-10 04:38:27,F3,9.4379,OK,0
2026-07-10 04:38:37,F3,9.4368,OK,0
2026-07-10 04:38:47,F3,9.4358,OK,0
2026-07-10 04:38:58,F3,9.4348,OK,0
2026-07-10 04:39:08,F3,9.4338,OK,0
2026-07-10 04:39:18,F3,9.4328,OK,0
2026-07-10 04:39:28,F3,9.4318,OK,0
2026-07-10 04:39:39,F3,9.4308,OK,0
2026-07-10 04:39:49,F3,9.4298,OK,0
2026-07-10 04:39:59,F3,9.4288,OK,0
2026-07-10 04:40:09,F3,9.4278,OK,0
2026-07-10 04:40:20,F3,9.4268,OK,0
2026-07-10 04:40:30,F3,9.4258,OK,0
2026-07-10 04:40:40,F3,9.4248,OK,0
2026-07-10 04:40:50,F3,9.4238,OK,0
2026-07-10 04:41:01,F3,9.4228,OK,0
2026-07-10 04:41:11,F3,9.4218,OK,0
2026-07-10 04:41:21,F3,9.4208,OK,0
2026-07-10 04:41:31,F3,9.4198,OK,0
2026-07-10 04:41:42,F3,9.4189,OK,0
2026-07-10 04:41:52,F3,9.4179,OK,0
2026-07-10 04:42:02,F3,9.4169,OK,0
2026-07-10 04:42:12,F3,9.4159,OK,0
2026-07-10 04:42:23,F3,9.4149,OK,0
2026-07-10 04:42:33,F3,9.4139,OK,0
2026-07-10 04:42:43,F3,9.4129,OK,0
2026-07-10 04:42:53,F3,9.4119,OK,0
2026-07-10 04:43:04,F3,9.4109,OK,0
2026-07-10 04:43:14,F3,9.4099,OK,0
2026-07-10 04:43:24,F3,9.4090,OK,0
2026-07-10 04:43:34,F3,9.4080,OK,0
2026-07-10 04:43:45,F3,9.4070,OK,0
2026-07-10 04:43:55,F3,9.4060,OK,0
2026-07-10 04:44:05,F3,9.4050,OK,0
2026-07-10 04:44:15,F3,9.4040,OK,0
2026-07-10 04:44:26,F3,9.4030,OK,0
2026-07-10 04:44:36,F3,9.4020,OK,0
2026-07-10 04:44:46,F3,9.4010,OK,0
2026-07-10 04:44:56,F3,9.4000,OK,0
2026-07-10 04:45:07,F3,9.3990,OK,0
2026-07-10 04:45:17,F3,9.3980,OK,0
2026-07-10 04:45:27,F3,9.3970,OK,0
2026-07-10 04:45:37,F3,9.3959,OK,0
2026-07-10 04:45:48,F3,9.3949,OK,0
2026-07-10 04:45:58,F3,9.3939,OK,0
2026-07-10 04:46:08,F3,9.3929,OK,0
2026-07-10 04:46:18,F3,9.3919,OK,0
2026-07-10 04:46:29,F3,9.3909,OK,0
2026-07-10 04:46:39,F3,9.3898,OK,0
2026-07-10 04:46:49,F3,9.3888,OK,0
2026-07-10 04:46:59,F3,9.3878,OK,0
2026-07-10 04:47:10,F3,9.3868,OK,0
2026-07-10 04:47:20,F3,9.3857,OK,0
2026-07-10 04:47:30,F3,9.3847,OK,0
2026-07-10 04:47:40,F3,9.3837,OK,0
2026-07-10 04:47:51,F3,9.3826,OK,0
2026-07-10 04:48:01,F3,9.3816,OK,0
2026-07-10 04:48:11,F3,9.3806,OK,0
2026-07-10 04:48:22,F3,9.3796,OK,0
2026-07-10 04:48:32,F3,9.3785,OK,0
2026-07-10 04:48:42,F3,9.3775,OK,0
2026-07-10 04:48:52,F3,9.3765,OK,0
2026-07-10 04:49:03,F3,9.3754,OK,0
2026-07-10 04:49:13,F3,9.3744,OK,0
2026-07-10 04:49:23,F3,9.3734,OK,0
2026-07-10 04:49:33,F3,9.3723,OK,0
2026-07-10 04:49:44,F3,9.3713,OK,0
2026-07-10 04:49:54,F3,9.3703,OK,0
2026-07-10 04:50:04,F3,9.3693,OK,0
2026-07-10 04:50:14,F3,9.3682,OK,0
2026-07-10 04:50:25,F3,9.3672,OK,0
2026-07-10 04:50:35,F3,9.3662,OK,0
2026-07-10 04:50:45,F3,9.3652,OK,0
2026-07-10 04:50:55,F3,9.3641,OK,0
2026-07-10 04:51:06,F3,9.3631,OK,0
2026-07-10 04:51:16,F3,9.3621,OK,0
2026-07-10 04:51:26,F3,9.3611,OK,0
2026-07-10 04:51:36,F3,9.3600,OK,0
2026-07-10 04:51:46,F3,9.3590,OK,0
2026-07-10 04:51:57,F3,9.3580,OK,0
2026-07-10 04:52:07,F3,9.3570,OK,0
2026-07-10 04:52:17,F3,9.3560,OK,0
2026-07-10 04:52:27,F3,9.3550,OK,0
2026-07-10 04:52:38,F3,9.3539,OK,0
2026-07-10 04:52:48,F3,9.3529,OK,0
2026-07-10 04:52:58,F3,9.3519,OK,0
2026-07-10 04:53:08,F3,9.3509,OK,0
2026-07-10 04:53:19,F3,9.3499,OK,0
2026-07-10 04:53:29,F3,9.3489,OK,0
2026-07-10 04:53:39,F3,9.3479,OK,0
2026-07-10 04:53:49,F3,9.3469,OK,0
2026-07-10 04:54:00,F3,9.3459,OK,0
2026-07-10 04:54:10,F3,9.3449,OK,0
2026-07-10 04:54:20,F3,9.3438,OK,0
2026-07-10 04:54:30,F3,9.3428,OK,0
2026-07-10 04:54:41,F3,9.3418,OK,0
2026-07-10 04:54:51,F3,9.3408,OK,0
2026-07-10 04:55:01,F3,9.3398,OK,0
2026-07-10 04:55:11,F3,9.3388,OK,0
2026-07-10 04:55:22,F3,9.3378,OK,0
2026-07-10 04:55:32,F3,9.3368,OK,0
2026-07-10 04:55:42,F3,9.3358,OK,0
2026-07-10 04:55:52,F3,9.3348,OK,0
2026-07-10 04:56:03,F3,9.3337,OK,0
2026-07-10 04:56:13,F3,9.3327,OK,0
2026-07-10 04:56:23,F3,9.3317,OK,0
2026-07-10 04:56:33,F3,9.3307,OK,0
2026-07-10 04:56:44,F3,9.3297,OK,0
2026-07-10 04:56:54,F3,9.3286,OK,0
2026-07-10 04:57:04,F3,9.3276,OK,0
2026-07-10 04:57:14,F3,9.3266,OK,0
2026-07-10 04:57:25,F3,9.3256,OK,0
2026-07-10 04:57:35,F3,9.3245,OK,0
2026-07-10 04:57:45,F3,9.3235,OK,0
2026-07-10 04:57:56,F3,9.3225,OK,0
2026-07-10 04:58:06,F3,9.3214,OK,0
2026-07-10 04:58:16,F3,9.3204,OK,0
2026-07-10 04:58:26,F3,9.3193,OK,0
2026-07-10 04:58:36,F3,9.3183,OK,0
2026-07-10 04:58:47,F3,9.3172,OK,0
2026-07-10 04:58:57,F3,9.3162,OK,0
2026-07-10 04:59:07,F3,9.3151,OK,0
2026-07-10 04:59:17,F3,9.3140,OK,0
2026-07-10 04:59:28,F3,9.3130,OK,0
2026-07-10 04:59:38,F3,9.3119,OK,0
2026-07-10 04:59:48,F3,9.3108,OK,0
2026-07-10 04:59:58,F3,9.3098,OK,0
2026-07-10 05:00:09,F3,9.3087,OK,0
2026-07-10 05:00:19,F3,9.3076,OK,0
2026-07-10 05:00:29,F3,9.3065,OK,0
2026-07-10 05:00:39,F3,9.3055,OK,0
2026-07-10 05:00:50,F3,9.3044,OK,0
2026-07-10 05:01:00,F3,9.3033,OK,0
2026-07-10 05:01:10,F3,9.3022,OK,0
2026-07-10 05:01:20,F3,9.3012,OK,0
2026-07-10 05:01:31,F3,9.3001,OK,0
2026-07-10 05:01:41,F3,9.2990,OK,0
2026-07-10 05:01:51,F3,9.2979,OK,0
2026-07-10 05:02:01,F3,9.2969,OK,0
2026-07-10 05:02:12,F3,9.2958,OK,0
2026-07-10 05:02:22,F3,9.2947,OK,0
2026-07-10 05:02:32,F3,9.2937,OK,0
2026-07-10 05:02:42,F3,9.2926,OK,0
2026-07-10 05:02:53,F3,9.2915,OK,0
2026-07-10 05:03:03,F3,9.2905,OK,0
2026-07-10 05:03:13,F3,9.2894,OK,0
2026-07-10 05:03:23,F3,9.2883,OK,0
2026-07-10 05:03:34,F3,9.2873,OK,0
2026-07-10 05:03:44,F3,9.2862,OK,0
2026-07-10 05:03:54,F3,9.2852,OK,0
2026-07-10 05:04:04,F3,9.2841,OK,0
2026-07-10 05:04:15,F3,9.2831,OK,0
2026-07-10 05:04:25,F3,9.2820,OK,0
2026-07-10 05:04:35,F3,9.2810,OK,0
2026-07-10 05:04:45,F3,9.2799,OK,0
2026-07-10 05:04:56,F3,9.2789,OK,0
2026-07-10 05:05:06,F3,9.2778,OK,0
2026-07-10 05:05:16,F3,9.2768,OK,0
2026-07-10 05:05:26,F3,9.2757,OK,0
2026-07-10 05:05:37,F3,9.2747,OK,0
2026-07-10 05:05:47,F3,9.2737,OK,0
2026-07-10 05:05:57,F3,9.2726,OK,0
2026-07-10 05:06:07,F3,9.2716,OK,0
2026-07-10 05:06:18,F3,9.2705,OK,0
2026-07-10 05:06:28,F3,9.2695,OK,0
2026-07-10 05:06:38,F3,9.2684,OK,0
2026-07-10 05:06:49,F3,9.2674,OK,0
2026-07-10 05:06:59,F3,9.2663,OK,0
2026-07-10 05:07:09,F3,9.2653,OK,0
2026-07-10 05:07:19,F3,9.2642,OK,0
2026-07-10 05:07:30,F3,9.2632,OK,0
2026-07-10 05:07:40,F3,9.2621,OK,0
2026-07-10 05:07:50,F3,9.2611,OK,0
2026-07-10 05:08:00,F3,9.2600,OK,0
2026-07-10 05:08:11,F3,9.2590,OK,0
2026-07-10 05:08:21,F3,9.2579,OK,0
2026-07-10 05:08:31,F3,9.2569,OK,0
2026-07-10 05:08:42,F3,9.2558,OK,0
2026-07-10 05:08:52,F3,9.2548,OK,0
2026-07-10 05:09:02,F3,9.2537,OK,0
2026-07-10 05:09:12,F3,9.2526,OK,0
2026-07-10 05:09:23,F3,9.2516,OK,0
2026-07-10 05:09:33,F3,9.2505,OK,0
2026-07-10 05:09:43,F3,9.2494,OK,0
2026-07-10 05:09:53,F3,9.2484,OK,0
2026-07-10 05:10:04,F3,9.2473,OK,0
2026-07-10 05:10:14,F3,9.2462,OK,0
2026-07-10 05:10:24,F3,9.2451,OK,0
2026-07-10 05:10:34,F3,9.2441,OK,0
2026-07-10 05:10:45,F3,9.2430,OK,0
2026-07-10 05:10:55,F3,9.2419,OK,0
2026-07-10 05:11:05,F3,9.2408,OK,0
2026-07-10 05:11:15,F3,9.2397,OK,0
2026-07-10 05:11:26,F3,9.2386,OK,0
2026-07-10 05:11:36,F3,9.2376,OK,0
2026-07-10 05:11:46,F3,9.2365,OK,0
2026-07-10 05:11:57,F3,9.2354,OK,0
2026-07-10 05:12:07,F3,9.2343,OK,0
2026-07-10 05:12:17,F3,9.2332,OK,0
2026-07-10 05:12:27,F3,9.2321,OK,0
2026-07-10 05:12:38,F3,9.2310,OK,0
2026-07-10 05:12:48,F3,9.2299,OK,0
2026-07-10 05:12:58,F3,9.2288,OK,0
2026-07-10 05:13:08,F3,9.2277,OK,0
2026-07-10 05:13:19,F3,9.2267,OK,0
2026-07-10 05:13:29,F3,9.2256,OK,0
2026-07-10 05:13:39,F3,9.2245,OK,0
2026-07-10 05:13:49,F3,9.2234,OK,0
2026-07-10 05:14:00,F3,9.2223,OK,0
2026-07-10 05:14:10,F3,9.2213,OK,0
2026-07-10 05:14:20,F3,9.2202,OK,0
2026-07-10 05:14:30,F3,9.2191,OK,0
2026-07-10 05:14:41,F3,9.2181,OK,0
2026-07-10 05:14:51,F3,9.2170,OK,0
2026-07-10 05:15:01,F3,9.2160,OK,0
2026-07-10 05:15:11,F3,9.2149,OK,0
2026-07-10 05:15:22,F3,9.2139,OK,0
2026-07-10 05:15:32,F3,9.2128,OK,0
2026-07-10 05:15:42,F3,9.2118,OK,0
2026-07-10 05:15:52,F3,9.2108,OK,0
2026-07-10 05:16:03,F3,9.2097,OK,0
2026-07-10 05:16:13,F3,9.2087,OK,0
2026-07-10 05:16:23,F3,9.2077,OK,0
2026-07-10 05:16:33,F3,9.2067,OK,0
2026-07-10 05:16:44,F3,9.2057,OK,0
2026-07-10 05:16:54,F3,9.2047,OK,0
2026-07-10 05:17:04,F3,9.2037,OK,0
2026-07-10 05:17:14,F3,9.2027,OK,0
2026-07-10 05:17:25,F3,9.2017,OK,0
2026-07-10 05:17:35,F3,9.2007,OK,0
2026-07-10 05:17:45,F3,9.1997,OK,0
2026-07-10 05:17:55,F3,9.1987,OK,0
2026-07-10 05:18:06,F3,9.1977,OK,0
2026-07-10 05:18:16,F3,9.1967,OK,0
2026-07-10 05:18:26,F3,9.1957,OK,0
2026-07-10 05:18:36,F3,9.1948,OK,0
2026-07-10 05:18:47,F3,9.1938,OK,0
2026-07-10 05:18:57,F3,9.1928,OK,0
2026-07-10 05:19:07,F3,9.1918,OK,0
2026-07-10 05:19:17,F3,9.1909,OK,0
2026-07-10 05:19:28,F3,9.1899,OK,0
2026-07-10 05:19:38,F3,9.1889,OK,0
2026-07-10 05:19:48,F3,9.1879,OK,0
2026-07-10 05:19:59,F3,9.1869,OK,0
2026-07-10 05:20:09,F3,9.1860,OK,0
2026-07-10 05:20:19,F3,9.1850,OK,0
2026-07-10 05:20:29,F3,9.1840,OK,0
2026-07-10 05:20:40,F3,9.1830,OK,0
2026-07-10 05:20:50,F3,9.1820,OK,0
2026-07-10 05:21:00,F3,9.1810,OK,0
2026-07-10 05:21:10,F3,9.1800,OK,0
2026-07-10 05:21:20,F3,9.1790,OK,0
2026-07-10 05:21:31,F3,9.1780,OK,0
2026-07-10 05:21:41,F3,9.1770,OK,0
2026-07-10 05:21:51,F3,9.1760,OK,0
2026-07-10 05:22:02,F3,9.1750,OK,0
2026-07-10 05:22:12,F3,9.1740,OK,0
2026-07-10 05:22:22,F3,9.1730,OK,0
2026-07-10 05:22:32,F3,9.1719,OK,0
2026-07-10 05:22:43,F3,9.1709,OK,0
2026-07-10 05:22:53,F3,9.1699,OK,0
2026-07-10 05:23:03,F3,9.1689,OK,0
2026-07-10 05:23:13,F3,9.1678,OK,0
2026-07-10 05:23:24,F3,9.1668,OK,0
2026-07-10 05:23:34,F3,9.1658,OK,0
2026-07-10 05:23:44,F3,9.1647,OK,0
2026-07-10 05:23:54,F3,9.1637,OK,0
2026-07-10 05:24:05,F3,9.1627,OK,0
2026-07-10 05:24:15,F3,9.1616,OK,0
2026-07-10 05:24:25,F3,9.1606,OK,0
2026-07-10 05:24:35,F3,9.1595,OK,0
2026-07-10 05:24:45,F3,9.1585,OK,0
2026-07-10 05:24:56,F3,9.1574,OK,0
2026-07-10 05:25:06,F3,9.1564,OK,0
2026-07-10 05:25:16,F3,9.1553,OK,0
2026-07-10 05:25:27,F3,9.1543,OK,0
2026-07-10 05:25:37,F3,9.1532,OK,0
2026-07-10 05:25:47,F3,9.1522,OK,0
2026-07-10 05:25:57,F3,9.1511,OK,0
2026-07-10 05:26:08,F3,9.1501,OK,0
2026-07-10 05:26:18,F3,9.1490,OK,0
2026-07-10 05:26:28,F3,9.1480,OK,0
2026-07-10 05:26:38,F3,9.1470,OK,0
2026-07-10 05:26:48,F3,9.1459,OK,0
2026-07-10 05:26:59,F3,9.1449,OK,0
2026-07-10 05:27:09,F3,9.1438,OK,0
2026-07-10 05:27:19,F3,9.1428,OK,0
2026-07-10 05:27:30,F3,9.1417,OK,0
2026-07-10 05:27:40,F3,9.1407,OK,0
2026-07-10 05:27:50,F3,9.1397,OK,0
2026-07-10 05:28:00,F3,9.1386,OK,0
2026-07-10 05:28:10,F3,9.1376,OK,0
2026-07-10 05:28:21,F3,9.1366,OK,0
2026-07-10 05:28:31,F3,9.1355,OK,0
2026-07-10 05:28:41,F3,9.1345,OK,0
2026-07-10 05:28:51,F3,9.1335,OK,0
2026-07-10 05:29:02,F3,9.1324,OK,0
2026-07-10 05:29:12,F3,9.1314,OK,0
2026-07-10 05:29:22,F3,9.1304,OK,0
2026-07-10 05:29:32,F3,9.1293,OK,0
2026-07-10 05:29:43,F3,9.1283,OK,0
2026-07-10 05:29:53,F3,9.1272,OK,0
2026-07-10 05:30:03,F3,9.1262,OK,0
2026-07-10 05:30:13,F3,9.1251,OK,0
2026-07-10 05:30:24,F3,9.1241,OK,0
2026-07-10 05:30:34,F3,9.1231,OK,0
2026-07-10 05:30:44,F3,9.1220,OK,0
2026-07-10 05:30:54,F3,9.1209,OK,0
2026-07-10 05:31:05,F3,9.1199,OK,0
2026-07-10 05:31:15,F3,9.1188,OK,0
2026-07-10 05:31:25,F3,9.1177,OK,0
2026-07-10 05:31:35,F3,9.1167,OK,0
2026-07-10 05:31:46,F3,9.1156,OK,0
2026-07-10 05:31:56,F3,9.1145,OK,0
2026-07-10 05:32:06,F3,9.1134,OK,0
2026-07-10 05:32:16,F3,9.1123,OK,0
2026-07-10 05:32:27,F3,9.1112,OK,0
2026-07-10 05:32:37,F3,9.1101,OK,0
2026-07-10 05:32:47,F3,9.1090,OK,0
2026-07-10 05:32:57,F3,9.1078,OK,0
2026-07-10 05:33:08,F3,9.1067,OK,0
2026-07-10 05:33:18,F3,9.1056,OK,0
2026-07-10 05:33:28,F3,9.1044,OK,0
2026-07-10 05:33:38,F3,9.1032,OK,0
2026-07-10 05:33:49,F3,9.1021,OK,0
2026-07-10 05:33:59,F3,9.1009,OK,0
2026-07-10 05:34:09,F3,9.0997,OK,0
2026-07-10 05:34:19,F3,9.0985,OK,0
2026-07-10 05:34:30,F3,9.0973,OK,0
2026-07-10 05:34:40,F3,9.0961,OK,0
2026-07-10 05:34:50,F3,9.0948,OK,0
2026-07-10 05:35:00,F3,9.0936,OK,0
2026-07-10 05:35:11,F3,9.0924,OK,0
2026-07-10 05:35:21,F3,9.0911,OK,0
2026-07-10 05:35:31,F3,9.0898,OK,0
2026-07-10 05:35:41,F3,9.0886,OK,0
2026-07-10 05:35:52,F3,9.0873,OK,0
2026-07-10 05:36:02,F3,9.0860,OK,0
2026-07-10 05:36:12,F3,9.0847,OK,0
2026-07-10 05:36:22,F3,9.0834,OK,0
2026-07-10 05:36:33,F3,9.0820,OK,0
2026-07-10 05:36:43,F3,9.0807,OK,0
2026-07-10 05:36:53,F3,9.0794,OK,0
2026-07-10 05:37:03,F3,9.0780,OK,0
2026-07-10 05:37:14,F3,9.0767,OK,0
2026-07-10 05:37:24,F3,9.0753,OK,0
2026-07-10 05:37:34,F3,9.0739,OK,0
2026-07-10 05:37:44,F3,9.0725,OK,0
2026-07-10 05:37:55,F3,9.0711,OK,0
2026-07-10 05:38:05,F3,9.0697,OK,0
2026-07-10 05:38:15,F3,9.0683,OK,0
2026-07-10 05:38:25,F3,9.0669,OK,0
2026-07-10 05:38:36,F3,9.0655,OK,0
2026-07-10 05:38:46,F3,9.0641,OK,0
2026-07-10 05:38:56,F3,9.0627,OK,0
2026-07-10 05:39:06,F3,9.0612,OK,0
2026-07-10 05:39:17,F3,9.0598,OK,0
2026-07-10 05:39:27,F3,9.0583,OK,0
2026-07-10 05:39:37,F3,9.0569,OK,0
2026-07-10 05:39:47,F3,9.0554,OK,0
2026-07-10 05:39:57,F3,9.0540,OK,0
2026-07-10 05:40:08,F3,9.0525,OK,0
2026-07-10 05:40:18,F3,9.0510,OK,0
2026-07-10 05:40:28,F3,9.0496,OK,0
2026-07-10 05:40:38,F3,9.0481,OK,0
2026-07-10 05:40:49,F3,9.0466,OK,0
2026-07-10 05:40:59,F3,9.0451,OK,0
2026-07-10 05:41:09,F3,9.0436,OK,0
2026-07-10 05:41:19,F3,9.0421,OK,0
2026-07-10 05:41:30,F3,9.0406,OK,0
2026-07-10 05:41:40,F3,9.0391,OK,0
2026-07-10 05:41:50,F3,9.0376,OK,0
2026-07-10 05:42:00,F3,9.0361,OK,0
2026-07-10 05:42:11,F3,9.0346,OK,0
2026-07-10 05:42:21,F3,9.0331,OK,0
2026-07-10 05:42:31,F3,9.0316,OK,0
2026-07-10 05:42:41,F3,9.0300,OK,0
2026-07-10 05:42:52,F3,9.0285,OK,0
2026-07-10 05:43:02,F3,9.0270,OK,0
2026-07-10 05:43:12,F3,9.0255,OK,0
2026-07-10 05:43:22,F3,9.0239,OK,0
2026-07-10 05:43:33,F3,9.0224,OK,0
2026-07-10 05:43:43,F3,9.0209,OK,0
2026-07-10 05:43:53,F3,9.0193,OK,0
2026-07-10 05:44:03,F3,9.0178,OK,0
2026-07-10 05:44:14,F3,9.0162,OK,0
2026-07-10 05:44:24,F3,9.0147,OK,0
2026-07-10 05:44:34,F3,9.0132,OK,0
2026-07-10 05:44:44,F3,9.0116,OK,0
2026-07-10 05:44:55,F3,9.0101,OK,0
2026-07-10 05:45:05,F3,9.0085,OK,0
2026-07-10 05:45:15,F3,9.0070,OK,0
2026-07-10 05:45:25,F3,9.0054,OK,0
2026-07-10 05:45:36,F3,9.0039,OK,0
2026-07-10 05:45:46,F3,9.0023,OK,0
2026-07-10 05:45:56,F3,9.0007,OK,0
2026-07-10 05:46:06,F3,8.9992,OK,0
2026-07-10 05:46:17,F3,8.9976,OK,0
2026-07-10 05:46:27,F3,8.9961,OK,0
2026-07-10 05:46:37,F3,8.9945,OK,0
2026-07-10 05:46:47,F3,8.9930,OK,0
2026-07-10 05:46:58,F3,8.9914,OK,1
2026-07-10 05:47:08,F3,8.9898,OK,0
2026-07-10 05:47:18,F3,8.9883,OK,0
2026-07-10 05:47:28,F3,8.9867,OK,0
2026-07-10 05:47:39,F3,8.9851,OK,0
2026-07-10 05:47:49,F3,8.9836,OK,0
2026-07-10 05:47:59,F3,8.9820,OK,0
2026-07-10 05:48:10,F3,8.9804,OK,0
2026-07-10 05:48:20,F3,8.9789,OK,0
2026-07-10 05:48:30,F3,8.9773,OK,0
2026-07-10 05:48:40,F3,8.9757,OK,0
2026-07-10 05:48:50,F3,8.9741,OK,0
2026-07-10 05:49:01,F3,8.9726,OK,0
2026-07-10 05:49:11,F3,8.9710,OK,0
2026-07-10 05:49:21,F3,8.9694,OK,0
2026-07-10 05:49:32,F3,8.9678,OK,0
2026-07-10 05:49:42,F3,8.9663,OK,0
2026-07-10 05:49:52,F3,8.9647,OK,0
2026-07-10 05:50:02,F3,8.9631,OK,0
2026-07-10 05:50:13,F3,8.9615,OK,0
2026-07-10 05:50:23,F3,8.9599,OK,0
2026-07-10 05:50:33,F3,8.9584,OK,0
2026-07-10 05:50:43,F3,8.9568,OK,0
2026-07-10 05:50:54,F3,8.9552,OK,0
2026-07-10 05:51:04,F3,8.9536,OK,0
2026-07-10 05:51:14,F3,8.9520,OK,0
2026-07-10 05:51:24,F3,8.9504,OK,1
2026-07-10 05:51:35,F3,8.9488,OK,1
2026-07-10 05:51:45,F3,8.9472,OK,1
2026-07-10 05:51:55,F3,8.9455,OK,1
2026-07-10 05:52:05,F3,8.9439,OK,0
2026-07-10 05:52:16,F3,8.9423,OK,0
2026-07-10 05:52:26,F3,8.9407,OK,0
2026-07-10 05:52:36,F3,8.9391,OK,0
2026-07-10 05:52:46,F3,8.9374,OK,0
2026-07-10 05:52:57,F3,8.9358,OK,0
2026-07-10 05:53:07,F3,8.9342,OK,0
2026-07-10 05:53:17,F3,8.9325,OK,0
2026-07-10 05:53:27,F3,8.9309,OK,0
2026-07-10 05:53:38,F3,8.9293,OK,0
2026-07-10 05:53:48,F3,8.9276,OK,0
2026-07-10 05:53:58,F3,8.9260,OK,0
2026-07-10 05:54:08,F3,8.9244,OK,0
2026-07-10 05:54:18,F3,8.9227,OK,0
2026-07-10 05:54:29,F3,8.9211,OK,0
2026-07-10 05:54:39,F3,8.9195,OK,0
2026-07-10 05:54:49,F3,8.9179,OK,0
2026-07-10 05:54:59,F3,8.9162,OK,0
2026-07-10 05:55:10,F3,8.9146,OK,0
2026-07-10 05:55:20,F3,8.9130,OK,0
2026-07-10 05:55:30,F3,8.9114,OK,0
2026-07-10 05:55:40,F3,8.9097,OK,0
2026-07-10 05:55:51,F3,8.9081,OK,0
2026-07-10 05:56:01,F3,8.9065,OK,0
2026-07-10 05:56:11,F3,8.9049,OK,0
2026-07-10 05:56:22,F3,8.9033,OK,0
2026-07-10 05:56:32,F3,8.9017,OK,0
2026-07-10 05:56:42,F3,8.9001,OK,0
2026-07-10 05:56:52,F3,8.8985,OK,0
2026-07-10 05:57:02,F3,8.8969,OK,0
2026-07-10 05:57:13,F3,8.8953,OK,0
2026-07-10 05:57:23,F3,8.8937,OK,0
2026-07-10 05:57:33,F3,8.8921,OK,0
2026-07-10 05:57:44,F3,8.8905,OK,0
2026-07-10 05:57:54,F3,8.8889,OK,0
2026-07-10 05:58:04,F3,8.8873,OK,0
2026-07-10 05:58:14,F3,8.8857,OK,0
2026-07-10 05:58:25,F3,8.8841,OK,0
2026-07-10 05:58:35,F3,8.8825,OK,0
2026-07-10 05:58:45,F3,8.8809,OK,0
2026-07-10 05:58:55,F3,8.8794,OK,0
2026-07-10 05:59:06,F3,8.8778,OK,0
2026-07-10 05:59:16,F3,8.8762,OK,0
2026-07-10 05:59:26,F3,8.8746,OK,0
2026-07-10 05:59:36,F3,8.8730,OK,0
2026-07-10 05:59:47,F3,8.8715,OK,0
2026-07-10 05:59:57,F3,8.8699,OK,0
2026-07-10 06:00:07,F3,8.8683,OK,0
2026-07-10 06:00:17,F3,8.8668,OK,0
2026-07-10 06:00:28,F3,8.8652,OK,0
2026-07-10 06:00:38,F3,8.8636,OK,0
2026-07-10 06:00:48,F3,8.8621,OK,0
2026-07-10 06:00:58,F3,8.8605,OK,0
2026-07-10 06:01:09,F3,8.8590,OK,0
2026-07-10 06:01:19,F3,8.8574,OK,0
2026-07-10 06:01:29,F3,8.8559,OK,0
2026-07-10 06:01:39,F3,8.8543,OK,0
2026-07-10 06:01:50,F3,8.8528,OK,0
2026-07-10 06:02:00,F3,8.8512,OK,0
2026-07-10 06:02:10,F3,8.8497,OK,0
2026-07-10 06:02:20,F3,8.8482,OK,0
2026-07-10 06:02:31,F3,8.8466,OK,0
2026-07-10 06:02:41,F3,8.8451,OK,0
2026-07-10 06:02:51,F3,8.8436,OK,0
2026-07-10 06:03:01,F3,8.8420,OK,0
2026-07-10 06:03:12,F3,8.8405,OK,0
2026-07-10 06:03:22,F3,8.8390,OK,0
2026-07-10 06:03:32,F3,8.8374,OK,0
2026-07-10 06:03:42,F3,8.8359,OK,0
2026-07-10 06:03:53,F3,8.8344,OK,0
2026-07-10 06:04:03,F3,8.8329,OK,0
2026-07-10 06:04:13,F3,8.8314,OK,0
2026-07-10 06:04:23,F3,8.8299,OK,0
2026-07-10 06:04:34,F3,8.8284,OK,0
2026-07-10 06:04:44,F3,8.8269,OK,0
2026-07-10 06:04:54,F3,8.8254,OK,0
2026-07-10 06:05:04,F3,8.8239,OK,0
2026-07-10 06:05:15,F3,8.8224,OK,0
2026-07-10 06:05:25,F3,8.8209,OK,0
2026-07-10 06:05:35,F3,8.8194,OK,0
2026-07-10 06:05:45,F3,8.8179,OK,0
2026-07-10 06:05:56,F3,8.8165,OK,0
2026-07-10 06:06:06,F3,8.8150,OK,0
2026-07-10 06:06:16,F3,8.8135,OK,0
2026-07-10 06:06:26,F3,8.8121,OK,0
2026-07-10 06:06:37,F3,8.8106,OK,0
2026-07-10 06:06:47,F3,8.8092,OK,0
2026-07-10 06:06:57,F3,8.8077,OK,0
2026-07-10 06:07:07,F3,8.8063,OK,0
2026-07-10 06:07:18,F3,8.8049,OK,0
2026-07-10 06:07:28,F3,8.8034,OK,0
2026-07-10 06:07:38,F3,8.8020,OK,0
2026-07-10 06:07:48,F3,8.8006,OK,0
2026-07-10 06:07:59,F3,8.7992,OK,0
2026-07-10 06:08:09,F3,8.7978,OK,0
2026-07-10 06:08:19,F3,8.7964,OK,0
2026-07-10 06:08:29,F3,8.7950,OK,0
2026-07-10 06:08:40,F3,8.7936,OK,0
2026-07-10 06:08:50,F3,8.7922,OK,0
2026-07-10 06:09:00,F3,8.7908,OK,0
2026-07-10 06:09:10,F3,8.7895,OK,0
2026-07-10 06:09:21,F3,8.7881,OK,0
2026-07-10 06:09:31,F3,8.7867,OK,0
2026-07-10 06:09:41,F3,8.7854,OK,0
2026-07-10 06:09:51,F3,8.7840,OK,0
2026-07-10 06:10:02,F3,8.7827,OK,0
2026-07-10 06:10:12,F3,8.7814,OK,0
2026-07-10 06:10:22,F3,8.7800,OK,0
2026-07-10 06:10:33,F3,8.7787,OK,0
2026-07-10 06:10:43,F3,8.7774,OK,0
2026-07-10 06:10:53,F3,8.7760,OK,0
2026-07-10 06:11:03,F3,8.7747,OK,0
2026-07-10 06:11:13,F3,8.7734,OK,0
2026-07-10 06:11:24,F3,8.7721,OK,0
2026-07-10 06:11:34,F3,8.7707,OK,0
2026-07-10 06:11:44,F3,8.7694,OK,0
2026-07-10 06:11:55,F3,8.7681,OK,0
2026-07-10 06:12:05,F3,8.7668,OK,0
2026-07-10 06:12:15,F3,8.7655,OK,0
2026-07-10 06:12:25,F3,8.7642,OK,0
2026-07-10 06:12:35,F3,8.7629,OK,0
2026-07-10 06:12:46,F3,8.7616,OK,0
2026-07-10 06:12:56,F3,8.7603,OK,0
2026-07-10 06:13:06,F3,8.7589,OK,0
2026-07-10 06:13:17,F3,8.7576,OK,0
2026-07-10 06:13:27,F3,8.7563,OK,0
2026-07-10 06:13:37,F3,8.7550,OK,0
2026-07-10 06:13:47,F3,8.7537,OK,0
2026-07-10 06:13:58,F3,8.7524,OK,0
2026-07-10 06:14:08,F3,8.7510,OK,0
2026-07-10 06:14:18,F3,8.7497,OK,0
2026-07-10 06:14:28,F3,8.7484,OK,0
2026-07-10 06:14:39,F3,8.7471,OK,0
2026-07-10 06:14:49,F3,8.7457,OK,0
2026-07-10 06:14:59,F3,8.7444,OK,1
2026-07-10 06:15:09,F3,8.7430,OK,0
2026-07-10 06:15:20,F3,8.7417,OK,0
2026-07-10 06:15:30,F3,8.7403,OK,0
2026-07-10 06:15:40,F3,8.7390,OK,0
2026-07-10 06:15:50,F3,8.7376,OK,0
2026-07-10 06:16:01,F3,8.7363,OK,0
2026-07-10 06:16:11,F3,8.7349,OK,0
2026-07-10 06:16:21,F3,8.7335,OK,0
2026-07-10 06:16:31,F3,8.7322,OK,0
2026-07-10 06:16:42,F3,8.7308,OK,0
2026-07-10 06:16:52,F3,8.7295,OK,0
2026-07-10 06:17:02,F3,8.7281,OK,0
2026-07-10 06:17:12,F3,8.7267,OK,0
2026-07-10 06:17:23,F3,8.7254,OK,0
2026-07-10 06:17:33,F3,8.7240,OK,0
2026-07-10 06:17:43,F3,8.7226,OK,0
2026-07-10 06:17:53,F3,8.7213,OK,0
2026-07-10 06:18:04,F3,8.7199,OK,0
2026-07-10 06:18:14,F3,8.7185,OK,0
2026-07-10 06:18:24,F3,8.7172,OK,0
2026-07-10 06:18:34,F3,8.7158,OK,0
2026-07-10 06:18:45,F3,8.7145,OK,0
2026-07-10 06:18:55,F3,8.7131,OK,0
2026-07-10 06:19:05,F3,8.7118,OK,0
2026-07-10 06:19:15,F3,8.7105,OK,0
2026-07-10 06:19:26,F3,8.7091,OK,0
2026-07-10 06:19:36,F3,8.7078,OK,0
2026-07-10 06:19:46,F3,8.7065,OK,0
2026-07-10 06:19:56,F3,8.7051,OK,0
2026-07-10 06:20:07,F3,8.7038,OK,0
2026-07-10 06:20:17,F3,8.7025,OK,0
2026-07-10 06:20:27,F3,8.7012,OK,0
2026-07-10 06:20:37,F3,8.6999,OK,0
2026-07-10 06:20:48,F3,8.6986,OK,0
2026-07-10 06:20:58,F3,8.6973,OK,0
2026-07-10 06:21:08,F3,8.6960,OK,0
2026-07-10 06:21:18,F3,8.6947,OK,0
2026-07-10 06:21:29,F3,8.6934,OK,0
2026-07-10 06:21:39,F3,8.6922,OK,0
2026-07-10 06:21:49,F3,8.6909,OK,0
2026-07-10 06:21:59,F3,8.6896,OK,0
2026-07-10 06:22:10,F3,8.6884,OK,0
2026-07-10 06:22:20,F3,8.6871,OK,0
2026-07-10 06:22:30,F3,8.6859,OK,0
2026-07-10 06:22:40,F3,8.6846,OK,0
2026-07-10 06:22:51,F3,8.6834,OK,0
2026-07-10 06:23:01,F3,8.6821,OK,0
2026-07-10 06:23:11,F3,8.6809,OK,0
2026-07-10 06:23:21,F3,8.6797,OK,0
2026-07-10 06:23:32,F3,8.6784,OK,0
2026-07-10 06:23:42,F3,8.6772,OK,0
2026-07-10 06:23:52,F3,8.6760,OK,0
2026-07-10 06:24:02,F3,8.6748,OK,0
2026-07-10 06:24:13,F3,8.6736,OK,0
2026-07-10 06:24:23,F3,8.6724,OK,0
2026-07-10 06:24:33,F3,8.6712,OK,0
2026-07-10 06:24:43,F3,8.6700,OK,0
2026-07-10 06:24:54,F3,8.6688,OK,0
2026-07-10 06:25:04,F3,8.6676,OK,0
2026-07-10 06:25:14,F3,8.6664,OK,0
2026-07-10 06:25:24,F3,8.6653,OK,0
2026-07-10 06:25:35,F3,8.6641,OK,0
2026-07-10 06:25:45,F3,8.6629,OK,0
2026-07-10 06:25:55,F3,8.6617,OK,0
2026-07-10 06:26:05,F3,8.6606,OK,0
2026-07-10 06:26:16,F3,8.6594,OK,0
2026-07-10 06:26:26,F3,8.6582,OK,0
2026-07-10 06:26:36,F3,8.6571,OK,0
2026-07-10 06:26:46,F3,8.6559,OK,0
2026-07-10 06:26:57,F3,8.6548,OK,0
2026-07-10 06:27:07,F3,8.6536,OK,0
2026-07-10 06:27:17,F3,8.6525,OK,0
2026-07-10 06:27:27,F3,8.6513,OK,0
2026-07-10 06:27:38,F3,8.6502,OK,0
2026-07-10 06:27:48,F3,8.6490,OK,0
2026-07-10 06:27:58,F3,8.6479,OK,0
2026-07-10 06:28:08,F3,8.6468,OK,0
2026-07-10 06:28:19,F3,8.6456,OK,0
2026-07-10 06:28:29,F3,8.6445,OK,0
2026-07-10 06:28:39,F3,8.6434,OK,0
2026-07-10 06:28:49,F3,8.6423,OK,0
2026-07-10 06:29:00,F3,8.6411,OK,0
2026-07-10 06:29:10,F3,8.6400,OK,0
2026-07-10 06:29:20,F3,8.6389,OK,0
2026-07-10 06:29:31,F3,8.6378,OK,0
2026-07-10 06:29:41,F3,8.6367,OK,0
2026-07-10 06:29:51,F3,8.6356,OK,0
2026-07-10 06:30:01,F3,8.6345,OK,0
2026-07-10 06:30:12,F3,8.6334,OK,0
2026-07-10 06:30:22,F3,8.6324,OK,0
2026-07-10 06:30:32,F3,8.6313,OK,0
2026-07-10 06:30:42,F3,8.6302,OK,0
2026-07-10 06:30:53,F3,8.6291,OK,0
2026-07-10 06:31:03,F3,8.6281,OK,1
2026-07-10 06:31:13,F3,8.6270,OK,1
2026-07-10 06:31:23,F3,8.6260,OK,0
2026-07-10 06:31:34,F3,8.6250,OK,0
2026-07-10 06:31:44,F3,8.6239,OK,0
2026-07-10 06:31:54,F3,8.6229,OK,0
2026-07-10 06:32:04,F3,8.6219,OK,0
2026-07-10 06:32:14,F3,8.6208,OK,0
2026-07-10 06:32:25,F3,8.6198,OK,0
2026-07-10 06:32:35,F3,8.6188,OK,0
2026-07-10 06:32:45,F3,8.6178,OK,0
2026-07-10 06:32:56,F3,8.6168,OK,0
2026-07-10 06:33:06,F3,8.6158,OK,0
2026-07-10 06:33:16,F3,8.6148,OK,0
2026-07-10 06:33:26,F3,8.6138,OK,0
2026-07-10 06:33:37,F3,8.6129,OK,0
2026-07-10 06:33:47,F3,8.6119,OK,0
2026-07-10 06:33:57,F3,8.6109,OK,0
2026-07-10 06:34:07,F3,8.6099,OK,0
2026-07-10 06:34:18,F3,8.6089,OK,0
2026-07-10 06:34:28,F3,8.6080,OK,0
2026-07-10 06:34:38,F3,8.6070,OK,0
2026-07-10 06:34:48,F3,8.6060,OK,0
2026-07-10 06:34:59,F3,8.6051,OK,0
2026-07-10 06:35:09,F3,8.6041,OK,0
2026-07-10 06:35:19,F3,8.6031,OK,0
2026-07-10 06:35:29,F3,8.6022,OK,0
2026-07-10 06:35:40,F3,8.6012,OK,0
2026-07-10 06:35:50,F3,8.6002,OK,0
2026-07-10 06:36:00,F3,8.5993,OK,0
2026-07-10 06:36:10,F3,8.5983,OK,0
2026-07-10 06:36:21,F3,8.5974,OK,0
2026-07-10 06:36:31,F3,8.5964,OK,0
2026-07-10 06:36:41,F3,8.5955,OK,0
2026-07-10 06:36:52,F3,8.5945,OK,0
2026-07-10 06:37:02,F3,8.5936,OK,0
2026-07-10 06:37:12,F3,8.5927,OK,0
2026-07-10 06:37:22,F3,8.5917,OK,0
2026-07-10 06:37:33,F3,8.5908,OK,0
2026-07-10 06:37:43,F3,8.5898,OK,0
2026-07-10 06:37:53,F3,8.5889,OK,0
2026-07-10 06:38:03,F3,8.5880,OK,0
2026-07-10 06:38:14,F3,8.5870,OK,0
2026-07-10 06:38:24,F3,8.5861,OK,0
2026-07-10 06:38:34,F3,8.5852,OK,0
2026-07-10 06:38:44,F3,8.5842,OK,0
2026-07-10 06:38:55,F3,8.5833,OK,0
2026-07-10 06:39:05,F3,8.5824,OK,0
2026-07-10 06:39:15,F3,8.5814,OK,0
2026-07-10 06:39:25,F3,8.5805,OK,0
2026-07-10 06:39:36,F3,8.5796,OK,0
2026-07-10 06:39:46,F3,8.5786,OK,0
2026-07-10 06:39:56,F3,8.5777,OK,0
2026-07-10 06:40:06,F3,8.5767,OK,0
2026-07-10 06:40:17,F3,8.5758,OK,0
2026-07-10 06:40:27,F3,8.5748,OK,0
2026-07-10 06:40:37,F3,8.5739,OK,0
2026-07-10 06:40:47,F3,8.5729,OK,0
2026-07-10 06:40:57,F3,8.5720,OK,0
2026-07-10 06:41:08,F3,8.5710,OK,0
2026-07-10 06:41:18,F3,8.5701,OK,0
2026-07-10 06:41:28,F3,8.5691,OK,0
2026-07-10 06:41:38,F3,8.5681,OK,0
2026-07-10 06:41:49,F3,8.5672,OK,0
2026-07-10 06:41:59,F3,8.5662,OK,0
2026-07-10 06:42:09,F3,8.5652,OK,0
2026-07-10 06:42:19,F3,8.5642,OK,0
2026-07-10 06:42:30,F3,8.5632,OK,0
2026-07-10 06:42:40,F3,8.5623,OK,0
2026-07-10 06:42:50,F3,8.5613,OK,0
2026-07-10 06:43:01,F3,8.5603,OK,0
2026-07-10 06:43:11,F3,8.5593,OK,0
2026-07-10 06:43:21,F3,8.5583,OK,0
2026-07-10 06:43:31,F3,8.5573,OK,0
2026-07-10 06:43:42,F3,8.5563,OK,0
2026-07-10 06:43:52,F3,8.5554,OK,0
2026-07-10 06:44:02,F3,8.5544,OK,0
2026-07-10 06:44:12,F3,8.5534,OK,0
2026-07-10 06:44:22,F3,8.5524,OK,0
2026-07-10 06:44:33,F3,8.5514,OK,0
2026-07-10 06:44:43,F3,8.5504,OK,0
2026-07-10 06:44:53,F3,8.5494,OK,0
2026-07-10 06:45:04,F3,8.5484,OK,0
2026-07-10 06:45:14,F3,8.5474,OK,0
2026-07-10 06:45:24,F3,8.5464,OK,0
2026-07-10 06:45:34,F3,8.5454,OK,0
2026-07-10 06:45:45,F3,8.5444,OK,0
2026-07-10 06:45:55,F3,8.5435,OK,0
2026-07-10 06:46:05,F3,8.5425,OK,0
2026-07-10 06:46:15,F3,8.5415,OK,1
2026-07-10 06:46:26,F3,8.5405,OK,0
2026-07-10 06:46:36,F3,8.5395,OK,0
2026-07-10 06:46:46,F3,8.5385,OK,0
2026-07-10 06:46:56,F3,8.5375,OK,0
2026-07-10 06:47:07,F3,8.5365,OK,0
2026-07-10 06:47:17,F3,8.5355,OK,0
2026-07-10 06:47:27,F3,8.5345,OK,0
2026-07-10 06:47:37,F3,8.5335,OK,0
2026-07-10 06:47:48,F3,8.5325,OK,0
2026-07-10 06:47:58,F3,8.5315,OK,0
2026-07-10 06:48:08,F3,8.5305,OK,0
2026-07-10 06:48:18,F3,8.5295,OK,0
2026-07-10 06:48:29,F3,8.5285,OK,0
2026-07-10 06:48:39,F3,8.5275,OK,0
2026-07-10 06:48:49,F3,8.5265,OK,0
2026-07-10 06:48:59,F3,8.5255,OK,0
2026-07-10 06:49:10,F3,8.5244,OK,0
2026-07-10 06:49:20,F3,8.5234,OK,0
2026-07-10 06:49:30,F3,8.5224,OK,0
2026-07-10 06:49:40,F3,8.5214,OK,0
2026-07-10 06:49:51,F3,8.5204,OK,0
2026-07-10 06:50:01,F3,8.5193,OK,0
2026-07-10 06:50:11,F3,8.5183,OK,0
2026-07-10 06:50:21,F3,8.5172,OK,0
2026-07-10 06:50:32,F3,8.5162,OK,0
2026-07-10 06:50:42,F3,8.5152,OK,0
2026-07-10 06:50:52,F3,8.5141,OK,0
2026-07-10 06:51:02,F3,8.5131,OK,0
2026-07-10 06:51:13,F3,8.5120,OK,0
2026-07-10 06:51:23,F3,8.5109,OK,0
2026-07-10 06:51:33,F3,8.5099,OK,0
2026-07-10 06:51:44,F3,8.5088,OK,0
2026-07-10 06:51:54,F3,8.5077,OK,0
2026-07-10 06:52:04,F3,8.5066,OK,0
2026-07-10 06:52:14,F3,8.5055,OK,0
2026-07-10 06:52:25,F3,8.5044,OK,0
2026-07-10 06:52:35,F3,8.5033,OK,0
2026-07-10 06:52:45,F3,8.5022,OK,0
2026-07-10 06:52:55,F3,8.5011,OK,0
2026-07-10 06:53:06,F3,8.5000,OK,0
2026-07-10 06:53:16,F3,8.4989,OK,0
2026-07-10 06:53:26,F3,8.4978,OK,0
2026-07-10 06:53:36,F3,8.4966,OK,0
2026-07-10 06:53:47,F3,8.4955,OK,0
2026-07-10 06:53:57,F3,8.4943,OK,0
2026-07-10 06:54:07,F3,8.4932,OK,0
2026-07-10 06:54:17,F3,8.4920,OK,0
2026-07-10 06:54:28,F3,8.4908,OK,0
2026-07-10 06:54:38,F3,8.4897,OK,0
2026-07-10 06:54:48,F3,8.4885,OK,0
2026-07-10 06:54:58,F3,8.4873,OK,0
2026-07-10 06:55:09,F3,8.4861,OK,0
2026-07-10 06:55:19,F3,8.4849,OK,0
2026-07-10 06:55:29,F3,8.4837,OK,0
2026-07-10 06:55:39,F3,8.4825,OK,0
2026-07-10 06:55:50,F3,8.4813,OK,0
2026-07-10 06:56:00,F3,8.4801,OK,0
2026-07-10 06:56:10,F3,8.4789,OK,0
2026-07-10 06:56:20,F3,8.4777,OK,0
2026-07-10 06:56:31,F3,8.4764,OK,0
2026-07-10 06:56:41,F3,8.4752,OK,0
2026-07-10 06:56:51,F3,8.4740,OK,0
2026-07-10 06:57:01,F3,8.4727,OK,0
2026-07-10 06:57:12,F3,8.4715,OK,0
2026-07-10 06:57:22,F3,8.4703,OK,0
2026-07-10 06:57:32,F3,8.4690,OK,0
2026-07-10 06:57:42,F3,8.4678,OK,0
2026-07-10 06:57:53,F3,8.4666,OK,0
2026-07-10 06:58:03,F3,8.4653,OK,0
2026-07-10 06:58:13,F3,8.4641,OK,0
2026-07-10 06:58:23,F3,8.4628,OK,0
2026-07-10 06:58:34,F3,8.4616,OK,0
2026-07-10 06:58:44,F3,8.4603,OK,0
2026-07-10 06:58:54,F3,8.4591,OK,0
2026-07-10 06:59:04,F3,8.4578,OK,0
2026-07-10 06:59:15,F3,8.4566,OK,0
2026-07-10 06:59:25,F3,8.4553,OK,0
2026-07-10 06:59:35,F3,8.4541,OK,0
2026-07-10 06:59:45,F3,8.4528,OK,0
2026-07-10 06:59:56,F3,8.4515,OK,0
2026-07-10 07:00:06,F3,8.4503,OK,0
2026-07-10 07:00:16,F3,8.4490,OK,0
2026-07-10 07:00:26,F3,8.4478,OK,0
2026-07-10 07:00:37,F3,8.4465,OK,0
2026-07-10 07:00:47,F3,8.4452,OK,0
2026-07-10 07:00:57,F3,8.4440,OK,0
2026-07-10 07:01:08,F3,8.4427,OK,0
2026-07-10 07:01:18,F3,8.4414,OK,0
2026-07-10 07:01:28,F3,8.4402,OK,0
2026-07-10 07:01:38,F3,8.4389,OK,0
2026-07-10 07:01:48,F3,8.4377,OK,0
2026-07-10 07:01:59,F3,8.4364,OK,0
2026-07-10 07:02:09,F3,8.4351,OK,0
2026-07-10 07:02:19,F3,8.4339,OK,0
2026-07-10 07:02:30,F3,8.4326,OK,0
2026-07-10 07:02:40,F3,8.4314,OK,0
2026-07-10 07:02:50,F3,8.4301,OK,0
2026-07-10 07:03:00,F3,8.4289,OK,0
2026-07-10 07:03:11,F3,8.4276,OK,0
2026-07-10 07:03:21,F3,8.4263,OK,0
2026-07-10 07:03:31,F3,8.4251,OK,0
2026-07-10 07:03:41,F3,8.4238,OK,0
2026-07-10 07:03:52,F3,8.4226,OK,0
2026-07-10 07:04:02,F3,8.4213,OK,0
2026-07-10 07:04:12,F3,8.4201,OK,0
2026-07-10 07:04:22,F3,8.4188,OK,0
2026-07-10 07:04:33,F3,8.4176,OK,0
2026-07-10 07:04:43,F3,8.4163,OK,0
2026-07-10 07:04:53,F3,8.4151,OK,0
2026-07-10 07:05:03,F3,8.4138,OK,0
2026-07-10 07:05:14,F3,8.4126,OK,0
2026-07-10 07:05:24,F3,8.4113,OK,0
2026-07-10 07:05:34,F3,8.4101,OK,0
2026-07-10 07:05:44,F3,8.4088,OK,0
2026-07-10 07:05:55,F3,8.4076,OK,0
2026-07-10 07:06:05,F3,8.4063,OK,0
2026-07-10 07:06:15,F3,8.4051,OK,0
2026-07-10 07:06:25,F3,8.4038,OK,0
2026-07-10 07:06:36,F3,8.4026,OK,0
2026-07-10 07:06:46,F3,8.4014,OK,0
2026-07-10 07:06:56,F3,8.4001,OK,0
2026-07-10 07:07:06,F3,8.3989,OK,0
2026-07-10 07:07:17,F3,8.3976,OK,0
2026-07-10 07:07:27,F3,8.3964,OK,0
2026-07-10 07:07:37,F3,8.3952,OK,0
2026-07-10 07:07:47,F3,8.3939,OK,0
2026-07-10 07:07:57,F3,8.3927,OK,0
2026-07-10 07:08:08,F3,8.3915,OK,0
2026-07-10 07:08:18,F3,8.3902,OK,0
2026-07-10 07:08:28,F3,8.3890,OK,0
2026-07-10 07:08:39,F3,8.3878,OK,0
2026-07-10 07:08:49,F3,8.3865,OK,0
2026-07-10 07:08:59,F3,8.3853,OK,0
2026-07-10 07:09:09,F3,8.3841,OK,0
2026-07-10 07:09:20,F3,8.3829,OK,0
2026-07-10 07:09:30,F3,8.3817,OK,0
2026-07-10 07:09:40,F3,8.3805,OK,0
2026-07-10 07:09:50,F3,8.3793,OK,0
2026-07-10 07:10:01,F3,8.3781,OK,0
2026-07-10 07:10:11,F3,8.3769,OK,0
2026-07-10 07:10:21,F3,8.3757,OK,0
2026-07-10 07:10:31,F3,8.3745,OK,0
2026-07-10 07:10:42,F3,8.3733,OK,0
2026-07-10 07:10:52,F3,8.3722,OK,0
2026-07-10 07:11:02,F3,8.3710,OK,0
2026-07-10 07:11:12,F3,8.3698,OK,0
2026-07-10 07:11:23,F3,8.3687,OK,0
2026-07-10 07:11:33,F3,8.3675,OK,0
2026-07-10 07:11:43,F3,8.3664,OK,0
2026-07-10 07:11:53,F3,8.3653,OK,0
2026-07-10 07:12:04,F3,8.3641,OK,0
2026-07-10 07:12:14,F3,8.3630,OK,0
2026-07-10 07:12:24,F3,8.3619,OK,0
2026-07-10 07:12:34,F3,8.3607,OK,0
2026-07-10 07:12:45,F3,8.3596,OK,0
2026-07-10 07:12:55,F3,8.3585,OK,0
2026-07-10 07:13:05,F3,8.3574,OK,0
2026-07-10 07:13:15,F3,8.3563,OK,0
2026-07-10 07:13:26,F3,8.3552,OK,0
2026-07-10 07:13:36,F3,8.3541,OK,0
2026-07-10 07:13:46,F3,8.3530,OK,0
2026-07-10 07:13:56,F3,8.3519,OK,0
2026-07-10 07:14:07,F3,8.3508,OK,0
2026-07-10 07:14:17,F3,8.3497,OK,0
2026-07-10 07:14:27,F3,8.3487,OK,0
2026-07-10 07:14:38,F3,8.3476,OK,0
2026-07-10 07:14:48,F3,8.3465,OK,0
2026-07-10 07:14:58,F3,8.3454,OK,0
2026-07-10 07:15:08,F3,8.3443,OK,0
2026-07-10 07:15:18,F3,8.3433,OK,0
2026-07-10 07:15:29,F3,8.3422,OK,0
2026-07-10 07:15:39,F3,8.3411,OK,0
2026-07-10 07:15:49,F3,8.3400,OK,0
2026-07-10 07:16:00,F3,8.3390,OK,0
2026-07-10 07:16:10,F3,8.3379,OK,0
2026-07-10 07:16:20,F3,8.3368,OK,0
2026-07-10 07:16:30,F3,8.3357,OK,0
2026-07-10 07:16:41,F3,8.3347,OK,0
2026-07-10 07:16:51,F3,8.3336,OK,0
2026-07-10 07:17:01,F3,8.3325,OK,0
2026-07-10 07:17:11,F3,8.3314,OK,0
2026-07-10 07:17:22,F3,8.3304,OK,0
2026-07-10 07:17:32,F3,8.3293,OK,0
2026-07-10 07:17:42,F3,8.3282,OK,0
2026-07-10 07:17:52,F3,8.3271,OK,0
2026-07-10 07:18:03,F3,8.3260,OK,0
2026-07-10 07:18:13,F3,8.3249,OK,0
2026-07-10 07:18:23,F3,8.3238,OK,0
2026-07-10 07:18:33,F3,8.3228,OK,0
2026-07-10 07:18:44,F3,8.3217,OK,0
2026-07-10 07:18:54,F3,8.3206,OK,0
2026-07-10 07:19:04,F3,8.3195,OK,0
2026-07-10 07:19:14,F3,8.3184,OK,0
2026-07-10 07:19:25,F3,8.3173,OK,0
2026-07-10 07:19:35,F3,8.3162,OK,0
2026-07-10 07:19:45,F3,8.3151,OK,0
2026-07-10 07:19:55,F3,8.3140,OK,0
2026-07-10 07:20:06,F3,8.3129,OK,0
2026-07-10 07:20:16,F3,8.3118,OK,0
2026-07-10 07:20:26,F3,8.3106,OK,0
2026-07-10 07:20:36,F3,8.3095,OK,0
2026-07-10 07:20:47,F3,8.3084,OK,0
2026-07-10 07:20:57,F3,8.3073,OK,0
2026-07-10 07:21:07,F3,8.3062,OK,0
2026-07-10 07:21:17,F3,8.3051,OK,0
2026-07-10 07:21:28,F3,8.3040,OK,0
2026-07-10 07:21:38,F3,8.3029,OK,0
2026-07-10 07:21:48,F3,8.3018,OK,0
2026-07-10 07:21:58,F3,8.3006,OK,0
2026-07-10 07:22:09,F3,8.2995,OK,0
2026-07-10 07:22:19,F3,8.2984,OK,0
2026-07-10 07:22:29,F3,8.2973,OK,0
2026-07-10 07:22:39,F3,8.2962,OK,0
2026-07-10 07:22:50,F3,8.2951,OK,0
2026-07-10 07:23:00,F3,8.2940,OK,0
2026-07-10 07:23:10,F3,8.2929,OK,0
2026-07-10 07:23:20,F3,8.2918,OK,0
2026-07-10 07:23:31,F3,8.2907,OK,0
2026-07-10 07:23:41,F3,8.2896,OK,0
2026-07-10 07:23:51,F3,8.2885,OK,0
2026-07-10 07:24:01,F3,8.2874,OK,0
2026-07-10 07:24:12,F3,8.2863,OK,0
2026-07-10 07:24:22,F3,8.2852,OK,0
2026-07-10 07:24:32,F3,8.2841,OK,0
2026-07-10 07:24:42,F3,8.2830,OK,0
2026-07-10 07:24:53,F3,8.2819,OK,0
2026-07-10 07:25:03,F3,8.2808,OK,0
2026-07-10 07:25:13,F3,8.2797,OK,0
2026-07-10 07:25:23,F3,8.2786,OK,0
2026-07-10 07:25:34,F3,8.2775,OK,0
2026-07-10 07:25:44,F3,8.2764,OK,0
2026-07-10 07:25:54,F3,8.2753,OK,0
2026-07-10 07:26:04,F3,8.2742,OK,0
2026-07-10 07:26:15,F3,8.2731,OK,0
2026-07-10 07:26:25,F3,8.2720,OK,0
2026-07-10 07:26:35,F3,8.2710,OK,0
2026-07-10 07:26:46,F3,8.2699,OK,0
2026-07-10 07:26:56,F3,8.2688,OK,0
2026-07-10 07:27:06,F3,8.2677,OK,0
2026-07-10 07:27:16,F3,8.2666,OK,0
2026-07-10 07:27:27,F3,8.2655,OK,0
2026-07-10 07:27:37,F3,8.2645,OK,0
2026-07-10 07:27:47,F3,8.2634,OK,0
2026-07-10 07:27:57,F3,8.2623,OK,0
2026-07-10 07:28:08,F3,8.2612,OK,0
2026-07-10 07:28:18,F3,8.2602,OK,0
2026-07-10 07:28:28,F3,8.2591,OK,0
2026-07-10 07:28:38,F3,8.2580,OK,0
2026-07-10 07:28:49,F3,8.2570,OK,0
2026-07-10 07:28:59,F3,8.2559,OK,0
2026-07-10 07:29:09,F3,8.2548,OK,0
2026-07-10 07:29:19,F3,8.2538,OK,0
2026-07-10 07:29:30,F3,8.2527,OK,0
2026-07-10 07:29:40,F3,8.2516,OK,0
2026-07-10 07:29:50,F3,8.2506,OK,0
2026-07-10 07:30:00,F3,8.2495,OK,0
2026-07-10 07:30:11,F3,8.2484,OK,0
2026-07-10 07:30:21,F3,8.2474,OK,0
2026-07-10 07:30:31,F3,8.2463,OK,0
2026-07-10 07:30:41,F3,8.2452,OK,0
2026-07-10 07:30:52,F3,8.2442,OK,0
2026-07-10 07:31:02,F3,8.2431,OK,0
2026-07-10 07:31:12,F3,8.2421,OK,0
2026-07-10 07:31:22,F3,8.2410,OK,0
2026-07-10 07:31:33,F3,8.2400,OK,0
2026-07-10 07:31:43,F3,8.2389,OK,0
2026-07-10 07:31:53,F3,8.2379,OK,0
2026-07-10 07:32:03,F3,8.2368,OK,0
2026-07-10 07:32:14,F3,8.2358,OK,0
2026-07-10 07:32:24,F3,8.2347,OK,0
2026-07-10 07:32:34,F3,8.2337,OK,0
2026-07-10 07:32:44,F3,8.2326,OK,0
2026-07-10 07:32:55,F3,8.2316,OK,0
2026-07-10 07:33:05,F3,8.2306,OK,0
2026-07-10 07:33:15,F3,8.2295,OK,0
2026-07-10 07:33:26,F3,8.2285,OK,0
2026-07-10 07:33:36,F3,8.2275,OK,0
2026-07-10 07:33:46,F3,8.2264,OK,0
2026-07-10 07:33:56,F3,8.2254,OK,0
2026-07-10 07:34:07,F3,8.2244,OK,0
2026-07-10 07:34:17,F3,8.2234,OK,0
2026-07-10 07:34:27,F3,8.2224,OK,0
2026-07-10 07:34:37,F3,8.2214,OK,0
2026-07-10 07:34:48,F3,8.2204,OK,0
2026-07-10 07:34:58,F3,8.2194,OK,0
2026-07-10 07:35:08,F3,8.2184,OK,0
2026-07-10 07:35:18,F3,8.2174,OK,0
2026-07-10 07:35:29,F3,8.2164,OK,0
2026-07-10 07:35:39,F3,8.2154,OK,0
2026-07-10 07:35:49,F3,8.2144,OK,0
2026-07-10 07:35:59,F3,8.2134,OK,0
2026-07-10 07:36:10,F3,8.2125,OK,0
2026-07-10 07:36:20,F3,8.2115,OK,0
2026-07-10 07:36:30,F3,8.2105,OK,0
2026-07-10 07:36:40,F3,8.2095,OK,0
2026-07-10 07:36:51,F3,8.2086,OK,0
2026-07-10 07:37:01,F3,8.2076,OK,0
2026-07-10 07:37:11,F3,8.2067,OK,0
2026-07-10 07:37:21,F3,8.2057,OK,0
2026-07-10 07:37:31,F3,8.2048,OK,0
2026-07-10 07:37:42,F3,8.2038,OK,0
2026-07-10 07:37:52,F3,8.2028,OK,0
2026-07-10 07:38:02,F3,8.2019,OK,0
2026-07-10 07:38:12,F3,8.2009,OK,0
2026-07-10 07:38:23,F3,8.2000,OK,0
2026-07-10 07:38:33,F3,8.1991,OK,0
2026-07-10 07:38:43,F3,8.1981,OK,0
2026-07-10 07:38:53,F3,8.1972,OK,0
2026-07-10 07:39:04,F3,8.1962,OK,0
2026-07-10 07:39:14,F3,8.1953,OK,0
2026-07-10 07:39:24,F3,8.1943,OK,0
2026-07-10 07:39:35,F3,8.1934,OK,0
2026-07-10 07:39:45,F3,8.1925,OK,0
2026-07-10 07:39:55,F3,8.1915,OK,0
2026-07-10 07:40:05,F3,8.1906,OK,0
2026-07-10 07:40:16,F3,8.1896,OK,0
2026-07-10 07:40:26,F3,8.1887,OK,0
2026-07-10 07:40:36,F3,8.1877,OK,0
2026-07-10 07:40:46,F3,8.1868,OK,0
2026-07-10 07:40:57,F3,8.1858,OK,0
2026-07-10 07:41:07,F3,8.1849,OK,0
2026-07-10 07:41:17,F3,8.1839,OK,0
2026-07-10 07:41:27,F3,8.1830,OK,0
2026-07-10 07:41:38,F3,8.1820,OK,0
2026-07-10 07:41:48,F3,8.1811,OK,0
2026-07-10 07:41:58,F3,8.1801,OK,0
2026-07-10 07:42:08,F3,8.1791,OK,0
2026-07-10 07:42:19,F3,8.1782,OK,0
2026-07-10 07:42:29,F3,8.1772,OK,0
2026-07-10 07:42:39,F3,8.1762,OK,0
2026-07-10 07:42:49,F3,8.1753,OK,0
2026-07-10 07:43:00,F3,8.1743,OK,0
2026-07-10 07:43:10,F3,8.1733,OK,0
2026-07-10 07:43:20,F3,8.1723,OK,0
2026-07-10 07:43:30,F3,8.1714,OK,0
2026-07-10 07:43:40,F3,8.1704,OK,0
2026-07-10 07:43:51,F3,8.1694,OK,0
2026-07-10 07:44:01,F3,8.1684,OK,0
2026-07-10 07:44:11,F3,8.1674,OK,0
2026-07-10 07:44:22,F3,8.1664,OK,0
2026-07-10 07:44:32,F3,8.1654,OK,0
2026-07-10 07:44:42,F3,8.1644,OK,1
2026-07-10 07:44:52,F3,8.1634,OK,1
2026-07-10 07:45:03,F3,8.1624,OK,0
2026-07-10 07:45:13,F3,8.1614,OK,0
2026-07-10 07:45:23,F3,8.1604,OK,0
2026-07-10 07:45:33,F3,8.1594,OK,0
2026-07-10 07:45:44,F3,8.1584,OK,0
2026-07-10 07:45:54,F3,8.1573,OK,0
2026-07-10 07:46:04,F3,8.1563,OK,0
2026-07-10 07:46:15,F3,8.1553,OK,0
2026-07-10 07:46:25,F3,8.1543,OK,0
2026-07-10 07:46:35,F3,8.1532,OK,0
2026-07-10 07:46:45,F3,8.1522,OK,0
2026-07-10 07:46:56,F3,8.1512,OK,0
2026-07-10 07:47:06,F3,8.1501,OK,0
2026-07-10 07:47:16,F3,8.1491,OK,0
2026-07-10 07:47:26,F3,8.1480,OK,0
2026-07-10 07:47:37,F3,8.1470,OK,0
2026-07-10 07:47:47,F3,8.1459,OK,0
2026-07-10 07:47:57,F3,8.1448,OK,0
2026-07-10 07:48:07,F3,8.1438,OK,0
2026-07-10 07:48:18,F3,8.1427,OK,0
2026-07-10 07:48:28,F3,8.1416,OK,0
2026-07-10 07:48:38,F3,8.1405,OK,0
2026-07-10 07:48:48,F3,8.1394,OK,0
2026-07-10 07:48:58,F3,8.1383,OK,0
2026-07-10 07:49:09,F3,8.1372,OK,0
2026-07-10 07:49:19,F3,8.1361,OK,0
2026-07-10 07:49:29,F3,8.1349,OK,0
2026-07-10 07:49:39,F3,8.1338,OK,0
2026-07-10 07:49:50,F3,8.1327,OK,0
2026-07-10 07:50:00,F3,8.1315,OK,0
2026-07-10 07:50:10,F3,8.1304,OK,0
2026-07-10 07:50:21,F3,8.1292,OK,0
2026-07-10 07:50:31,F3,8.1281,OK,0
2026-07-10 07:50:41,F3,8.1269,OK,0
2026-07-10 07:50:51,F3,8.1258,OK,0
2026-07-10 07:51:02,F3,8.1246,OK,0
2026-07-10 07:51:12,F3,8.1234,OK,0
2026-07-10 07:51:22,F3,8.1222,OK,0
2026-07-10 07:51:32,F3,8.1210,OK,0
2026-07-10 07:51:43,F3,8.1198,OK,0
2026-07-10 07:51:53,F3,8.1187,OK,0
2026-07-10 07:52:04,F3,8.1175,OK,0
2026-07-10 07:52:14,F3,8.1163,OK,0
2026-07-10 07:52:24,F3,8.1151,OK,0
2026-07-10 07:52:34,F3,8.1139,OK,0
2026-07-10 07:52:45,F3,8.1127,OK,0
2026-07-10 07:52:55,F3,8.1115,OK,0
2026-07-10 07:53:05,F3,8.1103,OK,0
2026-07-10 07:53:15,F3,8.1091,OK,0
2026-07-10 07:53:26,F3,8.1079,OK,0
2026-07-10 07:53:36,F3,8.1067,OK,0
2026-07-10 07:53:46,F3,8.1055,OK,0
2026-07-10 07:53:56,F3,8.1043,OK,0
2026-07-10 07:54:07,F3,8.1031,OK,0
2026-07-10 07:54:17,F3,8.1019,OK,0
2026-07-10 07:54:27,F3,8.1007,OK,0
2026-07-10 07:54:37,F3,8.0996,OK,0
2026-07-10 07:54:48,F3,8.0984,OK,0
2026-07-10 07:54:58,F3,8.0972,OK,0
2026-07-10 07:55:08,F3,8.0961,OK,0
2026-07-10 07:55:18,F3,8.0949,OK,0
2026-07-10 07:55:29,F3,8.0938,OK,0
2026-07-10 07:55:39,F3,8.0926,OK,0
2026-07-10 07:55:49,F3,8.0915,OK,0
2026-07-10 07:55:59,F3,8.0903,OK,0
2026-07-10 07:56:10,F3,8.0892,OK,0
2026-07-10 07:56:20,F3,8.0881,OK,0
2026-07-10 07:56:30,F3,8.0870,OK,0
2026-07-10 07:56:40,F3,8.0859,OK,0
2026-07-10 07:56:51,F3,8.0848,OK,0
2026-07-10 07:57:01,F3,8.0837,OK,0
2026-07-10 07:57:11,F3,8.0826,OK,0
2026-07-10 07:57:21,F3,8.0815,OK,0
2026-07-10 07:57:32,F3,8.0804,OK,0
2026-07-10 07:57:42,F3,8.0793,OK,0
2026-07-10 07:57:52,F3,8.0782,OK,0
2026-07-10 07:58:03,F3,8.0772,OK,0
2026-07-10 07:58:13,F3,8.0761,OK,0
2026-07-10 07:58:23,F3,8.0751,OK,0
2026-07-10 07:58:33,F3,8.0740,OK,0
2026-07-10 07:58:44,F3,8.0730,OK,0
2026-07-10 07:58:54,F3,8.0719,OK,0
2026-07-10 07:59:04,F3,8.0709,OK,0
2026-07-10 07:59:14,F3,8.0699,OK,0
2026-07-10 07:59:25,F3,8.0688,OK,0
2026-07-10 07:59:35,F3,8.0678,OK,0
2026-07-10 07:59:45,F3,8.0668,OK,0
2026-07-10 07:59:56,F3,8.0658,OK,0
2026-07-10 08:00:06,F3,8.0648,OK,1
2026-07-10 08:00:16,F3,8.0638,OK,0
2026-07-10 08:00:26,F3,8.0628,OK,0
2026-07-10 08:00:37,F3,8.0618,OK,0
2026-07-10 08:00:47,F3,8.0608,OK,0
2026-07-10 08:00:57,F3,8.0598,OK,0
2026-07-10 08:01:07,F3,8.0588,OK,0
2026-07-10 08:01:18,F3,8.0579,OK,0
2026-07-10 08:01:28,F3,8.0569,OK,0
2026-07-10 08:01:38,F3,8.0559,OK,0
2026-07-10 08:01:48,F3,8.0550,OK,0
2026-07-10 08:01:59,F3,8.0540,OK,0
2026-07-10 08:02:09,F3,8.0531,OK,0
2026-07-10 08:02:19,F3,8.0521,OK,0
2026-07-10 08:02:30,F3,8.0512,OK,0
2026-07-10 08:02:40,F3,8.0502,OK,0
2026-07-10 08:02:50,F3,8.0493,OK,0
2026-07-10 08:03:00,F3,8.0483,OK,0
2026-07-10 08:03:11,F3,8.0474,OK,0
2026-07-10 08:03:21,F3,8.0465,OK,0
2026-07-10 08:03:31,F3,8.0456,OK,0
2026-07-10 08:03:41,F3,8.0446,OK,0
2026-07-10 08:03:51,F3,8.0437,OK,0
2026-07-10 08:04:02,F3,8.0428,OK,0
2026-07-10 08:04:12,F3,8.0419,OK,0
2026-07-10 08:04:22,F3,8.0410,OK,0
2026-07-10 08:04:33,F3,8.0401,OK,0
2026-07-10 08:04:43,F3,8.0392,OK,0
2026-07-10 08:04:53,F3,8.0384,OK,0
2026-07-10 08:05:03,F3,8.0375,OK,0
2026-07-10 08:05:14,F3,8.0366,OK,0
2026-07-10 08:05:24,F3,8.0358,OK,0
2026-07-10 08:05:34,F3,8.0349,OK,0
2026-07-10 08:05:44,F3,8.0341,OK,0
2026-07-10 08:05:55,F3,8.0332,OK,0
2026-07-10 08:06:05,F3,8.0324,OK,0
2026-07-10 08:06:15,F3,8.0316,OK,0
2026-07-10 08:06:25,F3,8.0308,OK,0
2026-07-10 08:06:36,F3,8.0300,OK,0
2026-07-10 08:06:46,F3,8.0292,OK,0
2026-07-10 08:06:56,F3,8.0284,OK,0
2026-07-10 08:07:06,F3,8.0276,OK,0
2026-07-10 08:07:17,F3,8.0268,OK,0
2026-07-10 08:07:27,F3,8.0261,OK,0
2026-07-10 08:07:37,F3,8.0253,OK,0
2026-07-10 08:07:47,F3,8.0246,OK,0
2026-07-10 08:07:58,F3,8.0238,OK,0
2026-07-10 08:08:08,F3,8.0231,OK,0
2026-07-10 08:08:18,F3,8.0224,OK,0
2026-07-10 08:08:29,F3,8.0217,OK,0
2026-07-10 08:08:39,F3,8.0209,OK,0
2026-07-10 08:08:49,F3,8.0202,OK,0
2026-07-10 08:08:59,F3,8.0196,OK,0
2026-07-10 08:09:10,F3,8.0189,OK,0
2026-07-10 08:09:20,F3,8.0182,OK,0
2026-07-10 08:09:30,F3,8.0175,OK,0
2026-07-10 08:09:40,F3,8.0169,OK,0
2026-07-10 08:09:51,F3,8.0162,OK,0
2026-07-10 08:10:01,F3,8.0156,OK,0
2026-07-10 08:10:11,F3,8.0149,OK,0
2026-07-10 08:10:21,F3,8.0143,OK,0
2026-07-10 08:10:32,F3,8.0137,OK,0
2026-07-10 08:10:42,F3,8.0131,OK,0
2026-07-10 08:10:52,F3,8.0125,OK,0
2026-07-10 08:11:02,F3,8.0119,OK,0
2026-07-10 08:11:13,F3,8.0113,OK,0
2026-07-10 08:11:23,F3,8.0107,OK,0
2026-07-10 08:11:33,F3,8.0101,OK,0
2026-07-10 08:11:44,F3,8.0096,OK,0
2026-07-10 08:11:54,F3,8.0090,OK,0
2026-07-10 08:12:04,F3,8.0084,OK,0
2026-07-10 08:12:14,F3,8.0079,OK,0
2026-07-10 08:12:25,F3,8.0073,OK,0
2026-07-10 08:12:35,F3,8.0068,OK,0
2026-07-10 08:12:45,F3,8.0063,OK,0
2026-07-10 08:12:55,F3,8.0057,OK,0
2026-07-10 08:13:05,F3,8.0052,OK,0
2026-07-10 08:13:16,F3,8.0047,OK,0
2026-07-10 08:13:26,F3,8.0042,OK,0
2026-07-10 08:13:36,F3,8.0037,OK,0
2026-07-10 08:13:46,F3,8.0032,OK,0
2026-07-10 08:13:57,F3,8.0028,OK,0
2026-07-10 08:14:07,F3,8.0023,OK,0
2026-07-10 08:14:17,F3,8.0018,OK,0
2026-07-10 08:14:27,F3,8.0014,OK,0
2026-07-10 08:14:38,F3,8.0009,OK,0
2026-07-10 08:14:48,F3,8.0005,OK,0
2026-07-10 08:14:58,F3,8.0000,OK,0
2026-07-10 08:15:08,F3,7.9996,OK,1
2026-07-10 08:15:19,F3,7.9992,OK,0
2026-07-10 08:15:29,F3,7.9988,OK,0
2026-07-10 08:15:39,F3,7.9984,OK,0
2026-07-10 08:15:49,F3,7.9980,OK,0
2026-07-10 08:16:00,F3,7.9976,OK,0
2026-07-10 08:16:10,F3,7.9972,OK,0
2026-07-10 08:16:20,F3,7.9968,OK,0
2026-07-10 08:16:30,F3,7.9964,OK,0
2026-07-10 08:16:41,F3,7.9961,OK,0
2026-07-10 08:16:51,F3,7.9957,OK,0
2026-07-10 08:17:01,F3,7.9953,OK,0
2026-07-10 08:17:11,F3,7.9950,OK,0
2026-07-10 08:17:22,F3,7.9946,OK,0
2026-07-10 08:17:32,F3,7.9943,OK,0
2026-07-10 08:17:42,F3,7.9940,OK,0
2026-07-10 08:17:52,F3,7.9936,OK,0
2026-07-10 08:18:03,F3,7.9933,OK,0
2026-07-10 08:18:13,F3,7.9930,OK,0
2026-07-10 08:18:23,F3,7.9927,OK,0
2026-07-10 08:18:33,F3,7.9924,OK,0
2026-07-10 08:18:44,F3,7.9921,OK,0
2026-07-10 08:18:54,F3,7.9918,OK,0
2026-07-10 08:19:04,F3,7.9914,OK,0
2026-07-10 08:19:14,F3,7.9912,OK,0
2026-07-10 08:19:25,F3,7.9909,OK,0
2026-07-10 08:19:35,F3,7.9906,OK,0
2026-07-10 08:19:45,F3,7.9903,OK,0
2026-07-10 08:19:55,F3,7.9900,OK,0
2026-07-10 08:20:06,F3,7.9897,OK,0
2026-07-10 08:20:16,F3,7.9894,OK,0
2026-07-10 08:20:26,F3,7.9891,OK,0
2026-07-10 08:20:36,F3,7.9888,OK,0
2026-07-10 08:20:47,F3,7.9885,OK,0
2026-07-10 08:20:57,F3,7.9883,OK,0
2026-07-10 08:21:07,F3,7.9880,OK,0
2026-07-10 08:21:17,F3,7.9877,OK,0
2026-07-10 08:21:28,F3,7.9874,OK,0
2026-07-10 08:21:38,F3,7.9871,OK,0
2026-07-10 08:21:48,F3,7.9868,OK,1
2026-07-10 08:21:59,F3,7.9866,OK,0
2026-07-10 08:22:09,F3,7.9863,OK,0
2026-07-10 08:22:19,F3,7.9860,OK,0
2026-07-10 08:22:29,F3,7.9857,OK,0
2026-07-10 08:22:40,F3,7.9854,OK,0
2026-07-10 08:22:50,F3,7.9851,OK,0
2026-07-10 08:23:00,F3,7.9848,OK,0
2026-07-10 08:23:10,F3,7.9845,OK,0
2026-07-10 08:23:21,F3,7.9843,OK,0
2026-07-10 08:23:31,F3,7.9840,OK,0
2026-07-10 08:23:41,F3,7.9837,OK,0
2026-07-10 08:23:52,F3,7.9834,OK,0
2026-07-10 08:24:02,F3,7.9831,OK,0
2026-07-10 08:24:12,F3,7.9829,OK,0
2026-07-10 08:24:22,F3,7.9826,OK,0
2026-07-10 08:24:33,F3,7.9823,OK,0
2026-07-10 08:24:43,F3,7.9821,OK,0
2026-07-10 08:24:53,F3,7.9818,OK,0
2026-07-10 08:25:03,F3,7.9815,OK,0
2026-07-10 08:25:14,F3,7.9813,OK,0
2026-07-10 08:25:24,F3,7.9810,OK,0
2026-07-10 08:25:34,F3,7.9807,OK,0
2026-07-10 08:25:44,F3,7.9805,OK,0
2026-07-10 08:25:55,F3,7.9802,OK,0
2026-07-10 08:26:05,F3,7.9800,OK,0
2026-07-10 08:26:15,F3,7.9797,OK,0
2026-07-10 08:26:26,F3,7.9795,OK,0
2026-07-10 08:26:36,F3,7.9792,OK,0
2026-07-10 08:26:46,F3,7.9789,OK,0
2026-07-10 08:26:56,F3,7.9787,OK,1
2026-07-10 08:27:07,F3,7.9784,OK,0
2026-07-10 08:27:17,F3,7.9782,OK,0
2026-07-10 08:27:27,F3,7.9779,OK,0
2026-07-10 08:27:37,F3,7.9777,OK,0
2026-07-10 08:27:48,F3,7.9774,OK,0
2026-07-10 08:27:58,F3,7.9772,OK,0
2026-07-10 08:28:08,F3,7.9769,OK,0
2026-07-10 08:28:18,F3,7.9767,OK,0
2026-07-10 08:28:29,F3,7.9764,OK,0
2026-07-10 08:28:39,F3,7.9762,OK,0
2026-07-10 08:28:49,F3,7.9759,OK,0
2026-07-10 08:28:59,F3,7.9757,OK,0
2026-07-10 08:29:10,F3,7.9754,OK,0
2026-07-10 08:29:20,F3,7.9752,OK,0
2026-07-10 08:29:30,F3,7.9749,OK,0
2026-07-10 08:29:40,F3,7.9746,OK,0
2026-07-10 08:29:51,F3,7.9744,OK,0
2026-07-10 08:30:01,F3,7.9741,OK,0
2026-07-10 08:30:11,F3,7.9739,OK,0
2026-07-10 08:30:21,F3,7.9736,OK,0
2026-07-10 08:30:32,F3,7.9734,OK,0
2026-07-10 08:30:42,F3,7.9731,OK,0
2026-07-10 08:30:52,F3,7.9729,OK,0
2026-07-10 08:31:03,F3,7.9726,OK,0
2026-07-10 08:31:13,F3,7.9723,OK,0
2026-07-10 08:31:23,F3,7.9721,OK,0
2026-07-10 08:31:33,F3,7.9718,OK,0
2026-07-10 08:31:44,F3,7.9716,OK,0
2026-07-10 08:31:54,F3,7.9713,OK,0
2026-07-10 08:32:04,F3,7.9710,OK,0
2026-07-10 08:32:14,F3,7.9708,OK,0
2026-07-10 08:32:25,F3,7.9705,OK,0
2026-07-10 08:32:35,F3,7.9702,OK,0
2026-07-10 08:32:45,F3,7.9699,OK,0
2026-07-10 08:32:55,F3,7.9697,OK,0
2026-07-10 08:33:06,F3,7.9694,OK,0
2026-07-10 08:33:16,F3,7.9691,OK,0
2026-07-10 08:33:26,F3,7.9688,OK,0
2026-07-10 08:33:36,F3,7.9685,OK,0
2026-07-10 08:33:47,F3,7.9683,OK,0
2026-07-10 08:33:57,F3,7.9680,OK,0
2026-07-10 08:34:07,F3,7.9677,OK,0
2026-07-10 08:34:18,F3,7.9674,OK,0
2026-07-10 08:34:28,F3,7.9671,OK,0
2026-07-10 08:34:38,F3,7.9668,OK,0
2026-07-10 08:34:48,F3,7.9665,OK,0
2026-07-10 08:34:59,F3,7.9662,OK,0
2026-07-10 08:35:09,F3,7.9658,OK,0
2026-07-10 08:35:19,F3,7.9655,OK,0
2026-07-10 08:35:29,F3,7.9652,OK,0
2026-07-10 08:35:40,F3,7.9649,OK,0
2026-07-10 08:35:50,F3,7.9646,OK,0
2026-07-10 08:36:00,F3,7.9642,OK,0
2026-07-10 08:36:11,F3,7.9639,OK,0
2026-07-10 08:36:21,F3,7.9636,OK,0
2026-07-10 08:36:31,F3,7.9633,OK,0
2026-07-10 08:36:41,F3,7.9629,OK,0
2026-07-10 08:36:52,F3,7.9626,OK,0
2026-07-10 08:37:02,F3,7.9622,OK,0
2026-07-10 08:37:12,F3,7.9619,OK,0
2026-07-10 08:37:22,F3,7.9615,OK,0
2026-07-10 08:37:33,F3,7.9612,OK,0
2026-07-10 08:37:43,F3,7.9608,OK,0
2026-07-10 08:37:53,F3,7.9605,OK,0
2026-07-10 08:38:03,F3,7.9601,OK,0
2026-07-10 08:38:14,F3,7.9597,OK,0
2026-07-10 08:38:24,F3,7.9594,OK,0
2026-07-10 08:38:34,F3,7.9590,OK,0
2026-07-10 08:38:45,F3,7.9586,OK,0
2026-07-10 08:38:55,F3,7.9582,OK,0
2026-07-10 08:39:05,F3,7.9578,OK,0
2026-07-10 08:39:15,F3,7.9574,OK,0
2026-07-10 08:39:26,F3,7.9570,OK,0
2026-07-10 08:39:36,F3,7.9566,OK,0
2026-07-10 08:39:46,F3,7.9562,OK,0
2026-07-10 08:39:56,F3,7.9558,OK,0
2026-07-10 08:40:07,F3,7.9554,OK,0
2026-07-10 08:40:17,F3,7.9549,OK,0
2026-07-10 08:40:27,F3,7.9545,OK,0
2026-07-10 08:40:37,F3,7.9541,OK,0
2026-07-10 08:40:48,F3,7.9536,OK,0
2026-07-10 08:40:58,F3,7.9532,OK,0
2026-07-10 08:41:08,F3,7.9527,OK,0
2026-07-10 08:41:18,F3,7.9522,OK,0
2026-07-10 08:41:29,F3,7.9518,OK,0
2026-07-10 08:41:39,F3,7.9513,OK,0
2026-07-10 08:41:49,F3,7.9508,OK,0
2026-07-10 08:41:59,F3,7.9503,OK,0
2026-07-10 08:42:10,F3,7.9498,OK,0
2026-07-10 08:42:20,F3,7.9493,OK,0
2026-07-10 08:42:30,F3,7.9488,OK,0
2026-07-10 08:42:40,F3,7.9483,OK,0
2026-07-10 08:42:51,F3,7.9477,OK,0
2026-07-10 08:43:01,F3,7.9472,OK,0
2026-07-10 08:43:11,F3,7.9467,OK,0
2026-07-10 08:43:21,F3,7.9461,OK,0
2026-07-10 08:43:32,F3,7.9456,OK,0
2026-07-10 08:43:42,F3,7.9450,OK,0
2026-07-10 08:43:52,F3,7.9444,OK,0
2026-07-10 08:44:02,F3,7.9438,OK,0
2026-07-10 08:44:13,F3,7.9432,OK,0
2026-07-10 08:44:23,F3,7.9426,OK,0
2026-07-10 08:44:33,F3,7.9420,OK,0
2026-07-10 08:44:43,F3,7.9414,OK,0
2026-07-10 08:44:54,F3,7.9407,OK,0
2026-07-10 08:45:04,F3,7.9401,OK,0
2026-07-10 08:45:14,F3,7.9394,OK,0
2026-07-10 08:45:24,F3,7.9388,OK,0
2026-07-10 08:45:35,F3,7.9381,OK,0
2026-07-10 08:45:45,F3,7.9374,OK,0
2026-07-10 08:45:55,F3,7.9367,OK,0
2026-07-10 08:46:05,F3,7.9360,OK,0
2026-07-10 08:46:16,F3,7.9353,OK,0
2026-07-10 08:46:26,F3,7.9345,OK,0
2026-07-10 08:46:36,F3,7.9338,OK,0
2026-07-10 08:46:47,F3,7.9331,OK,0
2026-07-10 08:46:57,F3,7.9323,OK,0
2026-07-10 08:47:07,F3,7.9315,OK,0
2026-07-10 08:47:17,F3,7.9307,OK,0
2026-07-10 08:47:28,F3,7.9299,OK,0
2026-07-10 08:47:38,F3,7.9291,OK,0
2026-07-10 08:47:48,F3,7.9283,OK,0
2026-07-10 08:47:58,F3,7.9274,OK,0
2026-07-10 08:48:09,F3,7.9266,OK,0
2026-07-10 08:48:19,F3,7.9257,OK,0
2026-07-10 08:48:29,F3,7.9249,OK,0
2026-07-10 08:48:39,F3,7.9240,OK,0
2026-07-10 08:48:50,F3,7.9231,OK,0
2026-07-10 08:49:00,F3,7.9221,OK,0
2026-07-10 08:49:10,F3,7.9212,OK,0
2026-07-10 08:49:20,F3,7.9203,OK,0
2026-07-10 08:49:31,F3,7.9193,OK,0
2026-07-10 08:49:41,F3,7.9183,OK,0
2026-07-10 08:49:51,F3,7.9173,OK,0
2026-07-10 08:50:01,F3,7.9163,OK,0
2026-07-10 08:50:12,F3,7.9153,OK,0
2026-07-10 08:50:22,F3,7.9142,OK,0
2026-07-10 08:50:32,F3,7.9132,OK,0
2026-07-10 08:50:42,F3,7.9121,OK,0
2026-07-10 08:50:53,F3,7.9110,OK,0
2026-07-10 08:51:03,F3,7.9099,OK,0
2026-07-10 08:51:13,F3,7.9088,OK,0
2026-07-10 08:51:23,F3,7.9077,OK,0
2026-07-10 08:51:34,F3,7.9065,OK,0
2026-07-10 08:51:44,F3,7.9053,OK,0
2026-07-10 08:51:54,F3,7.9041,OK,0
2026-07-10 08:52:05,F3,7.9029,OK,0
2026-07-10 08:52:15,F3,7.9017,OK,0
2026-07-10 08:52:25,F3,7.9005,OK,0
2026-07-10 08:52:35,F3,7.8992,OK,0
2026-07-10 08:52:46,F3,7.8980,OK,0
2026-07-10 08:52:56,F3,7.8967,OK,0
2026-07-10 08:53:06,F3,7.8954,OK,0
2026-07-10 08:53:16,F3,7.8940,OK,0
2026-07-10 08:53:26,F3,7.8927,OK,0
2026-07-10 08:53:37,F3,7.8914,OK,0
2026-07-10 08:53:47,F3,7.8900,OK,0
2026-07-10 08:53:57,F3,7.8886,OK,0
2026-07-10 08:54:08,F3,7.8872,OK,0
2026-07-10 08:54:18,F3,7.8858,OK,0
2026-07-10 08:54:28,F3,7.8843,OK,0
2026-07-10 08:54:38,F3,7.8829,OK,0
2026-07-10 08:54:48,F3,7.8814,OK,0
2026-07-10 08:54:59,F3,7.8799,OK,0
2026-07-10 08:55:09,F3,7.8784,OK,0
2026-07-10 08:55:19,F3,7.8769,OK,0
2026-07-10 08:55:29,F3,7.8754,OK,0
2026-07-10 08:55:40,F3,7.8738,OK,0
2026-07-10 08:55:50,F3,7.8722,OK,0
2026-07-10 08:56:00,F3,7.8706,OK,0
2026-07-10 08:56:11,F3,7.8690,OK,0
2026-07-10 08:56:21,F3,7.8674,OK,0
2026-07-10 08:56:31,F3,7.8658,OK,0
2026-07-10 08:56:41,F3,7.8641,OK,0
2026-07-10 08:56:52,F3,7.8624,OK,0
2026-07-10 08:57:02,F3,7.8607,OK,0
2026-07-10 08:57:12,F3,7.8590,OK,0
2026-07-10 08:57:22,F3,7.8573,OK,0
2026-07-10 08:57:33,F3,7.8556,OK,0
2026-07-10 08:57:43,F3,7.8538,OK,0
2026-07-10 08:57:53,F3,7.8521,OK,0
2026-07-10 08:58:03,F3,7.8503,OK,0
2026-07-10 08:58:14,F3,7.8485,OK,0
2026-07-10 08:58:24,F3,7.8467,OK,0
2026-07-10 08:58:34,F3,7.8449,OK,0
2026-07-10 08:58:44,F3,7.8431,OK,0
2026-07-10 08:58:55,F3,7.8412,OK,0
2026-07-10 08:59:05,F3,7.8394,OK,0
2026-07-10 08:59:15,F3,7.8375,OK,0
2026-07-10 08:59:26,F3,7.8356,OK,0
2026-07-10 08:59:36,F3,7.8338,OK,0
2026-07-10 08:59:46,F3,7.8319,OK,0
2026-07-10 08:59:56,F3,7.8299,OK,0
2026-07-10 09:00:07,F3,7.8280,OK,0
2026-07-10 09:00:17,F3,7.8261,OK,0
2026-07-10 09:00:27,F3,7.8241,OK,0
2026-07-10 09:00:37,F3,7.8222,OK,0
2026-07-10 09:00:48,F3,7.8202,OK,0
2026-07-10 09:00:58,F3,7.8182,OK,0
2026-07-10 09:01:08,F3,7.8162,OK,0
2026-07-10 09:01:18,F3,7.8142,OK,0
2026-07-10 09:01:29,F3,7.8122,OK,0
2026-07-10 09:01:39,F3,7.8101,OK,0
2026-07-10 09:01:49,F3,7.8081,OK,0
2026-07-10 09:01:59,F3,7.8060,OK,0
2026-07-10 09:02:10,F3,7.8039,OK,0
2026-07-10 09:02:20,F3,7.8019,OK,0
2026-07-10 09:02:30,F3,7.7998,OK,0
2026-07-10 09:02:40,F3,7.7976,OK,0
2026-07-10 09:02:51,F3,7.7955,OK,0
2026-07-10 09:03:01,F3,7.7934,OK,0
2026-07-10 09:03:11,F3,7.7913,OK,0
2026-07-10 09:03:21,F3,7.7891,OK,0
2026-07-10 09:03:32,F3,7.7869,OK,0
2026-07-10 09:03:42,F3,7.7848,OK,0
2026-07-10 09:03:52,F3,7.7826,OK,0
2026-07-10 09:04:02,F3,7.7804,OK,0
2026-07-10 09:04:13,F3,7.7782,OK,0
2026-07-10 09:04:23,F3,7.7760,OK,0
2026-07-10 09:04:33,F3,7.7737,OK,0
2026-07-10 09:04:43,F3,7.7715,OK,0
2026-07-10 09:04:54,F3,7.7693,OK,0
2026-07-10 09:05:04,F3,7.7670,OK,0
2026-07-10 09:05:14,F3,7.7648,OK,0
2026-07-10 09:05:24,F3,7.7625,OK,0
2026-07-10 09:05:35,F3,7.7602,OK,0
2026-07-10 09:05:45,F3,7.7579,OK,0
2026-07-10 09:05:55,F3,7.7557,OK,0
2026-07-10 09:06:05,F3,7.7534,OK,0
2026-07-10 09:06:16,F3,7.7511,OK,0
2026-07-10 09:06:26,F3,7.7488,OK,0
2026-07-10 09:06:36,F3,7.7464,OK,0
2026-07-10 09:06:46,F3,7.7441,OK,0
2026-07-10 09:06:57,F3,7.7418,OK,0
2026-07-10 09:07:07,F3,7.7395,OK,0
2026-07-10 09:07:17,F3,7.7371,OK,0
2026-07-10 09:07:27,F3,7.7348,OK,0
2026-07-10 09:07:38,F3,7.7325,OK,0
2026-07-10 09:07:48,F3,7.7301,OK,0
2026-07-10 09:07:58,F3,7.7278,OK,0
2026-07-10 09:08:08,F3,7.7254,OK,0
2026-07-10 09:08:19,F3,7.7231,OK,0
2026-07-10 09:08:29,F3,7.7207,OK,0
2026-07-10 09:08:39,F3,7.7183,OK,0
2026-07-10 09:08:49,F3,7.7160,OK,0
2026-07-10 09:09:00,F3,7.7136,OK,0
2026-07-10 09:09:10,F3,7.7112,OK,0
2026-07-10 09:09:20,F3,7.7089,OK,0
2026-07-10 09:09:30,F3,7.7065,OK,0
2026-07-10 09:09:41,F3,7.7041,OK,0
2026-07-10 09:09:51,F3,7.7017,OK,0
2026-07-10 09:10:01,F3,7.6994,OK,0
2026-07-10 09:10:12,F3,7.6970,OK,0
2026-07-10 09:10:22,F3,7.6946,OK,0
2026-07-10 09:10:32,F3,7.6922,OK,0
2026-07-10 09:10:42,F3,7.6899,OK,0
2026-07-10 09:10:53,F3,7.6875,OK,0
2026-07-10 09:11:03,F3,7.6851,OK,0
2026-07-10 09:11:13,F3,7.6828,OK,0
2026-07-10 09:11:23,F3,7.6804,OK,0
2026-07-10 09:11:34,F3,7.6781,OK,0
2026-07-10 09:11:44,F3,7.6757,OK,0
2026-07-10 09:11:54,F3,7.6734,OK,0
2026-07-10 09:12:04,F3,7.6710,OK,0
2026-07-10 09:12:15,F3,7.6687,OK,0
2026-07-10 09:12:25,F3,7.6663,OK,0
2026-07-10 09:12:35,F3,7.6640,OK,0
2026-07-10 09:12:45,F3,7.6617,OK,0
2026-07-10 09:12:56,F3,7.6594,OK,0
2026-07-10 09:13:06,F3,7.6570,OK,0
2026-07-10 09:13:16,F3,7.6547,OK,0
2026-07-10 09:13:26,F3,7.6524,OK,0
2026-07-10 09:13:37,F3,7.6501,OK,0
2026-07-10 09:13:47,F3,7.6478,OK,0
2026-07-10 09:13:57,F3,7.6456,OK,0
2026-07-10 09:14:07,F3,7.6433,OK,0
2026-07-10 09:14:18,F3,7.6410,OK,0
2026-07-10 09:14:28,F3,7.6387,OK,0
2026-07-10 09:14:38,F3,7.6365,OK,0
2026-07-10 09:14:48,F3,7.6342,OK,0
2026-07-10 09:14:59,F3,7.6319,OK,0
2026-07-10 09:15:09,F3,7.6297,OK,0
2026-07-10 09:15:19,F3,7.6274,OK,0
2026-07-10 09:15:29,F3,7.6252,OK,0
2026-07-10 09:15:40,F3,7.6230,OK,0
2026-07-10 09:15:50,F3,7.6207,OK,0
2026-07-10 09:16:00,F3,7.6185,OK,0
2026-07-10 09:16:10,F3,7.6163,OK,0
2026-07-10 09:16:21,F3,7.6141,OK,0
2026-07-10 09:16:31,F3,7.6119,OK,1
2026-07-10 09:16:41,F3,7.6097,OK,0
2026-07-10 09:16:51,F3,7.6075,OK,0
2026-07-10 09:17:02,F3,7.6053,OK,0
2026-07-10 09:17:12,F3,7.6031,OK,0
2026-07-10 09:17:22,F3,7.6009,OK,0
2026-07-10 09:17:32,F3,7.5987,OK,0
2026-07-10 09:17:43,F3,7.5966,OK,0
2026-07-10 09:17:53,F3,7.5944,OK,0
2026-07-10 09:18:03,F3,7.5923,OK,0
2026-07-10 09:18:13,F3,7.5901,OK,0
2026-07-10 09:18:24,F3,7.5880,OK,0
2026-07-10 09:18:34,F3,7.5859,OK,0
2026-07-10 09:18:44,F3,7.5837,OK,0
2026-07-10 09:18:54,F3,7.5816,OK,0
2026-07-10 09:19:05,F3,7.5795,OK,0
2026-07-10 09:19:15,F3,7.5774,OK,0
2026-07-10 09:19:25,F3,7.5753,OK,0
2026-07-10 09:19:35,F3,7.5732,OK,0
2026-07-10 09:19:46,F3,7.5711,OK,0
2026-07-10 09:19:56,F3,7.5690,OK,0
2026-07-10 09:20:06,F3,7.5670,OK,0
2026-07-10 09:20:16,F3,7.5649,OK,0
2026-07-10 09:20:27,F3,7.5628,OK,0
2026-07-10 09:20:37,F3,7.5608,OK,0
2026-07-10 09:20:47,F3,7.5588,OK,0
2026-07-10 09:20:58,F3,7.5567,OK,0
2026-07-10 09:21:08,F3,7.5547,OK,0
2026-07-10 09:21:18,F3,7.5527,OK,0
2026-07-10 09:21:28,F3,7.5506,OK,0
2026-07-10 09:21:38,F3,7.5486,OK,0
2026-07-10 09:21:49,F3,7.5466,OK,0
2026-07-10 09:21:59,F3,7.5446,OK,0
2026-07-10 09:22:09,F3,7.5426,OK,0
2026-07-10 09:22:20,F3,7.5406,OK,0
2026-07-10 09:22:30,F3,7.5387,OK,0
2026-07-10 09:22:40,F3,7.5367,OK,0
2026-07-10 09:22:50,F3,7.5347,OK,0
2026-07-10 09:23:01,F3,7.5328,OK,0
2026-07-10 09:23:11,F3,7.5308,OK,0
2026-07-10 09:23:21,F3,7.5289,OK,0
2026-07-10 09:23:31,F3,7.5269,OK,0
2026-07-10 09:23:42,F3,7.5250,OK,0
2026-07-10 09:23:52,F3,7.5231,OK,0
2026-07-10 09:24:02,F3,7.5211,OK,0
2026-07-10 09:24:12,F3,7.5192,OK,0
2026-07-10 09:24:23,F3,7.5173,OK,0
2026-07-10 09:24:33,F3,7.5154,OK,0
2026-07-10 09:24:43,F3,7.5135,OK,0
2026-07-10 09:24:53,F3,7.5117,OK,0
2026-07-10 09:25:04,F3,7.5098,OK,0
2026-07-10 09:25:14,F3,7.5079,OK,0
2026-07-10 09:25:24,F3,7.5061,OK,0
2026-07-10 09:25:34,F3,7.5042,OK,0
2026-07-10 09:25:45,F3,7.5024,OK,0
2026-07-10 09:25:55,F3,7.5005,OK,0
2026-07-10 09:26:05,F3,7.4987,OK,0
2026-07-10 09:26:15,F3,7.4969,OK,0
2026-07-10 09:26:26,F3,7.4950,OK,0
2026-07-10 09:26:36,F3,7.4932,OK,0
2026-07-10 09:26:46,F3,7.4914,OK,0
2026-07-10 09:26:57,F3,7.4896,OK,0
2026-07-10 09:27:07,F3,7.4878,OK,0
2026-07-10 09:27:17,F3,7.4861,OK,0
2026-07-10 09:27:27,F3,7.4843,OK,0
2026-07-10 09:27:38,F3,7.4825,OK,0
2026-07-10 09:27:48,F3,7.4808,OK,0
2026-07-10 09:27:58,F3,7.4790,OK,0
2026-07-10 09:28:08,F3,7.4772,OK,0
2026-07-10 09:28:19,F3,7.4755,OK,0
2026-07-10 09:28:29,F3,7.4738,OK,0
2026-07-10 09:28:39,F3,7.4720,OK,0
2026-07-10 09:28:50,F3,7.4703,OK,0
2026-07-10 09:29:00,F3,7.4686,OK,0
2026-07-10 09:29:10,F3,7.4669,OK,0
2026-07-10 09:29:20,F3,7.4652,OK,0
2026-07-10 09:29:31,F3,7.4635,OK,0
2026-07-10 09:29:41,F3,7.4618,OK,0
2026-07-10 09:29:51,F3,7.4601,OK,0
2026-07-10 09:30:01,F3,7.4585,OK,0
2026-07-10 09:30:12,F3,7.4568,OK,0
2026-07-10 09:30:22,F3,7.4551,OK,0
2026-07-10 09:30:32,F3,7.4535,OK,0
2026-07-10 09:30:42,F3,7.4518,OK,0
2026-07-10 09:30:53,F3,7.4502,OK,0
2026-07-10 09:31:03,F3,7.4486,OK,0
2026-07-10 09:31:13,F3,7.4469,OK,0
2026-07-10 09:31:24,F3,7.4453,OK,0
2026-07-10 09:31:34,F3,7.4437,OK,0
2026-07-10 09:31:44,F3,7.4421,OK,0
2026-07-10 09:31:54,F3,7.4405,OK,0
2026-07-10 09:32:05,F3,7.4389,OK,0
2026-07-10 09:32:15,F3,7.4373,OK,0
2026-07-10 09:32:25,F3,7.4357,OK,0
2026-07-10 09:32:35,F3,7.4342,OK,0
2026-07-10 09:32:46,F3,7.4326,OK,0
2026-07-10 09:32:56,F3,7.4311,OK,0
2026-07-10 09:33:06,F3,7.4295,OK,0
2026-07-10 09:33:16,F3,7.4280,OK,0
2026-07-10 09:33:27,F3,7.4265,OK,0
2026-07-10 09:33:37,F3,7.4249,OK,0
2026-07-10 09:33:47,F3,7.4234,OK,0
2026-07-10 09:33:57,F3,7.4219,OK,0
2026-07-10 09:34:08,F3,7.4204,OK,0
2026-07-10 09:34:18,F3,7.4189,OK,0
2026-07-10 09:34:28,F3,7.4175,OK,0
2026-07-10 09:34:38,F3,7.4160,OK,0
2026-07-10 09:34:49,F3,7.4145,OK,0
2026-07-10 09:34:59,F3,7.4131,OK,0
2026-07-10 09:35:09,F3,7.4116,OK,0
2026-07-10 09:35:19,F3,7.4102,OK,0
2026-07-10 09:35:30,F3,7.4087,OK,0
2026-07-10 09:35:40,F3,7.4073,OK,0
2026-07-10 09:35:50,F3,7.4059,OK,0
2026-07-10 09:36:00,F3,7.4045,OK,0
2026-07-10 09:36:11,F3,7.4031,OK,0
2026-07-10 09:36:21,F3,7.4017,OK,0
2026-07-10 09:36:31,F3,7.4003,OK,0
2026-07-10 09:36:42,F3,7.3989,OK,0
2026-07-10 09:36:52,F3,7.3976,OK,0
2026-07-10 09:37:02,F3,7.3962,OK,0
2026-07-10 09:37:12,F3,7.3948,OK,0
2026-07-10 09:37:23,F3,7.3935,OK,0
2026-07-10 09:37:33,F3,7.3922,OK,0
2026-07-10 09:37:43,F3,7.3908,OK,0
2026-07-10 09:37:53,F3,7.3895,OK,0
2026-07-10 09:38:04,F3,7.3882,OK,0
2026-07-10 09:38:14,F3,7.3869,OK,0
2026-07-10 09:38:24,F3,7.3856,OK,0
2026-07-10 09:38:34,F3,7.3843,OK,0
2026-07-10 09:38:45,F3,7.3830,OK,0
2026-07-10 09:38:55,F3,7.3817,OK,0
2026-07-10 09:39:05,F3,7.3805,OK,0
2026-07-10 09:39:15,F3,7.3792,OK,0
2026-07-10 09:39:26,F3,7.3780,OK,0
2026-07-10 09:39:36,F3,7.3767,OK,0
2026-07-10 09:39:46,F3,7.3755,OK,0
2026-07-10 09:39:57,F3,7.3743,OK,0
2026-07-10 09:40:07,F3,7.3731,OK,0
2026-07-10 09:40:17,F3,7.3719,OK,0
2026-07-10 09:40:27,F3,7.3707,OK,0
2026-07-10 09:40:38,F3,7.3695,OK,0
2026-07-10 09:40:48,F3,7.3683,OK,0
2026-07-10 09:40:58,F3,7.3671,OK,0
2026-07-10 09:41:08,F3,7.3659,OK,1
2026-07-10 09:41:19,F3,7.3648,OK,0
2026-07-10 09:41:29,F3,7.3636,OK,0
2026-07-10 09:41:39,F3,7.3625,OK,0
2026-07-10 09:41:49,F3,7.3614,OK,0
2026-07-10 09:42:00,F3,7.3602,OK,1
2026-07-10 09:42:10,F3,7.3591,Bajo rango,1
2026-07-10 09:42:20,F3,7.3580,Bajo rango,1
2026-07-10 09:42:30,F3,7.3569,Bajo rango,1
2026-07-10 09:42:41,F3,7.3558,OK,1
2026-07-10 09:42:51,F3,7.3547,OK,1
2026-07-10 09:43:01,F3,7.3536,OK,0
2026-07-10 09:43:11,F3,7.3525,OK,0
2026-07-10 09:43:22,F3,7.3514,OK,0
2026-07-10 09:43:32,F3,7.3503,OK,0
2026-07-10 09:43:42,F3,7.3493,OK,0
2026-07-10 09:43:52,F3,7.3483,OK,0
2026-07-10 09:44:03,F3,7.3472,OK,0
2026-07-10 09:44:13,F3,7.3462,OK,0
2026-07-10 09:44:23,F3,7.3452,OK,0
2026-07-10 09:44:33,F3,7.3442,OK,0
2026-07-10 09:44:44,F3,7.3433,OK,0
2026-07-10 09:44:54,F3,7.3423,OK,0
2026-07-10 09:45:04,F3,7.3414,OK,0
2026-07-10 09:45:14,F3,7.3405,OK,0
2026-07-10 09:45:25,F3,7.3397,OK,0
2026-07-10 09:45:35,F3,7.3388,OK,0
2026-07-10 09:45:45,F3,7.3380,OK,0
2026-07-10 09:45:56,F3,7.3372,OK,0
2026-07-10 09:46:06,F3,7.3365,OK,0
2026-07-10 09:46:16,F3,7.3357,OK,0
2026-07-10 09:46:26,F3,7.3351,OK,0
2026-07-10 09:46:37,F3,7.3344,OK,0
2026-07-10 09:46:47,F3,7.3338,OK,0
2026-07-10 09:46:57,F3,7.3332,OK,0
2026-07-10 09:47:07,F3,7.3326,OK,0
2026-07-10 09:47:18,F3,7.3321,OK,0
2026-07-10 09:47:28,F3,7.3316,OK,0
2026-07-10 09:47:38,F3,7.3312,OK,0
2026-07-10 09:47:48,F3,7.3308,OK,0
2026-07-10 09:47:59,F3,7.3304,OK,0
2026-07-10 09:48:09,F3,7.3301,OK,0
2026-07-10 09:48:19,F3,7.3298,OK,0
2026-07-10 09:48:29,F3,7.3296,OK,0
2026-07-10 09:48:40,F3,7.3294,OK,0
2026-07-10 09:48:50,F3,7.3292,OK,0
2026-07-10 09:49:00,F3,7.3291,OK,0
2026-07-10 09:49:10,F3,7.3290,OK,0
2026-07-10 09:49:21,F3,7.3290,OK,0
2026-07-10 09:49:31,F3,7.3290,OK,0
2026-07-10 09:49:41,F3,7.3291,OK,0
2026-07-10 09:49:51,F3,7.3291,OK,0
2026-07-10 09:50:02,F3,7.3293,OK,0
2026-07-10 09:50:12,F3,7.3294,OK,0
2026-07-10 09:50:22,F3,7.3296,OK,0
2026-07-10 09:50:33,F3,7.3298,OK,0
2026-07-10 09:50:43,F3,7.3301,OK,0
2026-07-10 09:50:53,F3,7.3304,OK,0
2026-07-10 09:51:03,F3,7.3308,OK,0
2026-07-10 09:51:14,F3,7.3312,OK,0
2026-07-10 09:51:24,F3,7.3316,OK,0
2026-07-10 09:51:34,F3,7.3320,OK,0
2026-07-10 09:51:45,F3,7.3325,OK,0
2026-07-10 09:51:55,F3,7.3331,OK,0
2026-07-10 09:52:05,F3,7.3336,OK,0
2026-07-10 09:52:15,F3,7.3342,OK,0
2026-07-10 09:52:26,F3,7.3348,OK,0
2026-07-10 09:52:36,F3,7.3355,OK,0
2026-07-10 09:52:46,F3,7.3362,OK,0
2026-07-10 09:52:56,F3,7.3369,OK,0
2026-07-10 09:53:07,F3,7.3376,OK,0
2026-07-10 09:53:17,F3,7.3384,OK,0
2026-07-10 09:53:27,F3,7.3392,OK,0
2026-07-10 09:53:37,F3,7.3401,OK,0
2026-07-10 09:53:48,F3,7.3410,OK,0
2026-07-10 09:53:58,F3,7.3419,OK,0
2026-07-10 09:54:08,F3,7.3428,OK,0
2026-07-10 09:54:18,F3,7.3437,OK,0
2026-07-10 09:54:29,F3,7.3447,OK,0
2026-07-10 09:54:39,F3,7.3457,OK,0
2026-07-10 09:54:49,F3,7.3467,OK,0
2026-07-10 09:54:59,F3,7.3478,OK,0
2026-07-10 09:55:10,F3,7.3489,OK,0
2026-07-10 09:55:20,F3,7.3500,OK,0
2026-07-10 09:55:30,F3,7.3511,OK,0
2026-07-10 09:55:41,F3,7.3522,OK,0
2026-07-10 09:55:51,F3,7.3534,OK,0
2026-07-10 09:56:01,F3,7.3546,OK,0
2026-07-10 09:56:11,F3,7.3558,OK,0
2026-07-10 09:56:22,F3,7.3570,OK,0
2026-07-10 09:56:32,F3,7.3582,OK,0
2026-07-10 09:56:42,F3,7.3594,OK,0
2026-07-10 09:56:52,F3,7.3607,OK,0
2026-07-10 09:57:03,F3,7.3620,OK,0
2026-07-10 09:57:13,F3,7.3633,OK,0
2026-07-10 09:57:23,F3,7.3646,OK,0
2026-07-10 09:57:33,F3,7.3659,OK,0
2026-07-10 09:57:44,F3,7.3672,OK,0
2026-07-10 09:57:54,F3,7.3685,OK,0
2026-07-10 09:58:04,F3,7.3699,OK,0
2026-07-10 09:58:14,F3,7.3712,OK,0
2026-07-10 09:58:25,F3,7.3726,OK,1
2026-07-10 09:58:35,F3,7.3740,OK,0
2026-07-10 09:58:45,F3,7.3753,OK,0
2026-07-10 09:58:55,F3,7.3767,OK,0
2026-07-10 09:59:06,F3,7.3781,OK,0
2026-07-10 09:59:16,F3,7.3795,OK,0
2026-07-10 09:59:26,F3,7.3809,OK,0
2026-07-10 09:59:36,F3,7.3823,OK,0
2026-07-10 09:59:47,F3,7.3838,OK,0
2026-07-10 09:59:57,F3,7.3852,OK,0
2026-07-10 10:00:07,F3,7.3866,OK,0
2026-07-10 10:00:17,F3,7.3880,OK,0
2026-07-10 10:00:28,F3,7.3895,OK,0
2026-07-10 10:00:38,F3,7.3909,OK,0
2026-07-10 10:00:48,F3,7.3923,OK,0
2026-07-10 10:00:58,F3,7.3938,OK,0
2026-07-10 10:01:09,F3,7.3952,OK,0
2026-07-10 10:01:19,F3,7.3966,OK,0
2026-07-10 10:01:29,F3,7.3981,OK,0
2026-07-10 10:01:40,F3,7.3995,OK,0
2026-07-10 10:01:50,F3,7.4010,OK,0
2026-07-10 10:02:00,F3,7.4024,OK,0
2026-07-10 10:02:10,F3,7.4038,OK,0
2026-07-10 10:02:21,F3,7.4053,OK,0
2026-07-10 10:02:31,F3,7.4067,OK,0
2026-07-10 10:02:41,F3,7.4082,OK,0
2026-07-10 10:02:51,F3,7.4096,OK,0
2026-07-10 10:03:02,F3,7.4110,OK,0
2026-07-10 10:03:12,F3,7.4125,OK,0
2026-07-10 10:03:22,F3,7.4139,OK,0
2026-07-10 10:03:32,F3,7.4153,OK,0
2026-07-10 10:03:43,F3,7.4167,OK,0
2026-07-10 10:03:53,F3,7.4181,OK,0
2026-07-10 10:04:03,F3,7.4195,OK,0
2026-07-10 10:04:13,F3,7.4209,OK,0
2026-07-10 10:04:24,F3,7.4223,OK,0
2026-07-10 10:04:34,F3,7.4237,OK,0
2026-07-10 10:04:44,F3,7.4251,OK,0
2026-07-10 10:04:54,F3,7.4264,OK,0
2026-07-10 10:05:05,F3,7.4278,OK,0
2026-07-10 10:05:15,F3,7.4291,OK,0
2026-07-10 10:05:25,F3,7.4305,OK,0
2026-07-10 10:05:36,F3,7.4318,OK,0
2026-07-10 10:05:46,F3,7.4331,OK,0
2026-07-10 10:05:56,F3,7.4344,OK,0
2026-07-10 10:06:06,F3,7.4357,OK,0
2026-07-10 10:06:17,F3,7.4369,OK,0
2026-07-10 10:06:27,F3,7.4382,OK,0
2026-07-10 10:06:37,F3,7.4395,OK,0
2026-07-10 10:06:47,F3,7.4407,OK,0
2026-07-10 10:06:58,F3,7.4419,OK,0
2026-07-10 10:07:08,F3,7.4431,OK,0
2026-07-10 10:07:18,F3,7.4443,OK,0
2026-07-10 10:07:29,F3,7.4455,OK,0
2026-07-10 10:07:39,F3,7.4467,OK,0
2026-07-10 10:07:49,F3,7.4478,OK,0
2026-07-10 10:07:59,F3,7.4489,OK,0
2026-07-10 10:08:10,F3,7.4501,OK,0
2026-07-10 10:08:20,F3,7.4512,OK,0
2026-07-10 10:08:30,F3,7.4522,OK,0
2026-07-10 10:08:40,F3,7.4533,OK,0
2026-07-10 10:08:51,F3,7.4544,OK,0
2026-07-10 10:09:01,F3,7.4554,OK,0
2026-07-10 10:09:11,F3,7.4564,OK,0
2026-07-10 10:09:21,F3,7.4574,OK,0
2026-07-10 10:09:32,F3,7.4584,OK,0
2026-07-10 10:09:42,F3,7.4593,OK,0
2026-07-10 10:09:52,F3,7.4602,OK,0
2026-07-10 10:10:02,F3,7.4612,OK,0
2026-07-10 10:10:13,F3,7.4620,OK,0
2026-07-10 10:10:23,F3,7.4629,OK,0
2026-07-10 10:10:33,F3,7.4638,OK,0
2026-07-10 10:10:43,F3,7.4646,OK,0
2026-07-10 10:10:54,F3,7.4654,OK,0
2026-07-10 10:11:04,F3,7.4662,OK,0
2026-07-10 10:11:14,F3,7.4670,OK,0
2026-07-10 10:11:25,F3,7.4677,OK,0
2026-07-10 10:11:35,F3,7.4684,OK,0
2026-07-10 10:11:45,F3,7.4691,OK,0
2026-07-10 10:11:55,F3,7.4698,OK,0
2026-07-10 10:12:06,F3,7.4704,OK,0
2026-07-10 10:12:16,F3,7.4711,OK,0
2026-07-10 10:12:26,F3,7.4717,OK,0
2026-07-10 10:12:36,F3,7.4723,OK,0
2026-07-10 10:12:47,F3,7.4728,OK,0
2026-07-10 10:12:57,F3,7.4733,OK,0
2026-07-10 10:13:07,F3,7.4738,OK,0
2026-07-10 10:13:17,F3,7.4743,OK,0
2026-07-10 10:13:28,F3,7.4748,OK,0
2026-07-10 10:13:38,F3,7.4752,OK,0
2026-07-10 10:13:48,F3,7.4756,OK,0
2026-07-10 10:13:58,F3,7.4760,OK,0
2026-07-10 10:14:09,F3,7.4764,OK,0
2026-07-10 10:14:19,F3,7.4767,OK,0
2026-07-10 10:14:29,F3,7.4770,OK,0
2026-07-10 10:14:40,F3,7.4773,OK,0
2026-07-10 10:14:50,F3,7.4776,OK,0
2026-07-10 10:15:00,F3,7.4778,OK,0
2026-07-10 10:15:10,F3,7.4780,OK,0
2026-07-10 10:15:21,F3,7.4782,OK,0
2026-07-10 10:15:31,F3,7.4783,OK,0
2026-07-10 10:15:41,F3,7.4785,OK,0
2026-07-10 10:15:51,F3,7.4786,OK,0
2026-07-10 10:16:02,F3,7.4787,OK,0
2026-07-10 10:16:12,F3,7.4787,OK,0
2026-07-10 10:16:22,F3,7.4787,OK,0
2026-07-10 10:16:32,F3,7.4787,OK,0
2026-07-10 10:16:43,F3,7.4787,OK,0
2026-07-10 10:16:53,F3,7.4787,OK,0
2026-07-10 10:17:03,F3,7.4786,OK,0
2026-07-10 10:17:13,F3,7.4785,OK,0
2026-07-10 10:17:24,F3,7.4784,OK,0
2026-07-10 10:17:34,F3,7.4782,OK,0
2026-07-10 10:17:44,F3,7.4780,OK,0
2026-07-10 10:17:54,F3,7.4778,OK,0
2026-07-10 10:18:05,F3,7.4776,OK,0
2026-07-10 10:18:15,F3,7.4773,OK,0
2026-07-10 10:18:25,F3,7.4770,OK,0
2026-07-10 10:18:35,F3,7.4767,OK,0
2026-07-10 10:18:46,F3,7.4764,OK,0
2026-07-10 10:18:56,F3,7.4760,OK,0
2026-07-10 10:19:06,F3,7.4756,OK,0
2026-07-10 10:19:16,F3,7.4752,OK,0
2026-07-10 10:19:27,F3,7.4747,OK,0
2026-07-10 10:19:37,F3,7.4743,OK,0
2026-07-10 10:19:47,F3,7.4738,OK,0
2026-07-10 10:19:57,F3,7.4733,OK,0
2026-07-10 10:20:08,F3,7.4727,OK,0
2026-07-10 10:20:18,F3,7.4722,OK,0
2026-07-10 10:20:28,F3,7.4716,OK,0
2026-07-10 10:20:38,F3,7.4710,OK,0
2026-07-10 10:20:49,F3,7.4703,OK,0
2026-07-10 10:20:59,F3,7.4697,OK,0
2026-07-10 10:21:09,F3,7.4690,OK,0
2026-07-10 10:21:19,F3,7.4683,OK,0
2026-07-10 10:21:30,F3,7.4676,OK,0
2026-07-10 10:21:40,F3,7.4668,OK,0
2026-07-10 10:21:50,F3,7.4661,OK,0
2026-07-10 10:22:00,F3,7.4653,OK,0
2026-07-10 10:22:11,F3,7.4645,OK,0
2026-07-10 10:22:21,F3,7.4637,OK,0
2026-07-10 10:22:31,F3,7.4628,OK,0
2026-07-10 10:22:41,F3,7.4620,OK,0
2026-07-10 10:22:52,F3,7.4611,OK,0
2026-07-10 10:23:02,F3,7.4602,OK,0
2026-07-10 10:23:12,F3,7.4592,OK,0
2026-07-10 10:23:22,F3,7.4583,OK,0
2026-07-10 10:23:33,F3,7.4573,OK,0
2026-07-10 10:23:43,F3,7.4563,OK,0
2026-07-10 10:23:53,F3,7.4553,OK,0
2026-07-10 10:24:04,F3,7.4543,OK,0
2026-07-10 10:24:14,F3,7.4533,OK,0
2026-07-10 10:24:24,F3,7.4522,OK,0
2026-07-10 10:24:34,F3,7.4512,OK,0
2026-07-10 10:24:45,F3,7.4501,OK,0
2026-07-10 10:24:55,F3,7.4489,OK,0
2026-07-10 10:25:05,F3,7.4478,OK,0
2026-07-10 10:25:15,F3,7.4467,OK,0
2026-07-10 10:25:26,F3,7.4455,OK,0
2026-07-10 10:25:36,F3,7.4443,OK,0
2026-07-10 10:25:46,F3,7.4431,OK,0
2026-07-10 10:25:56,F3,7.4419,OK,0
2026-07-10 10:26:07,F3,7.4407,OK,0
2026-07-10 10:26:17,F3,7.4394,OK,0
2026-07-10 10:26:27,F3,7.4382,OK,0
2026-07-10 10:26:37,F3,7.4369,OK,0
2026-07-10 10:26:48,F3,7.4356,OK,0
2026-07-10 10:26:58,F3,7.4343,OK,1
2026-07-10 10:27:08,F3,7.4330,OK,0
2026-07-10 10:27:18,F3,7.4316,OK,0
2026-07-10 10:27:29,F3,7.4303,OK,0
2026-07-10 10:27:39,F3,7.4289,OK,0
2026-07-10 10:27:49,F3,7.4275,OK,0
2026-07-10 10:28:00,F3,7.4261,OK,0
2026-07-10 10:28:10,F3,7.4247,OK,0
2026-07-10 10:28:20,F3,7.4233,OK,0
2026-07-10 10:28:30,F3,7.4218,OK,0
2026-07-10 10:28:41,F3,7.4204,OK,0
2026-07-10 10:28:51,F3,7.4189,OK,0
2026-07-10 10:29:01,F3,7.4174,OK,0
2026-07-10 10:29:11,F3,7.4159,OK,0
2026-07-10 10:29:22,F3,7.4144,OK,0
2026-07-10 10:29:32,F3,7.4129,OK,0
2026-07-10 10:29:42,F3,7.4114,OK,0
2026-07-10 10:29:52,F3,7.4098,OK,0
2026-07-10 10:30:03,F3,7.4083,OK,0
2026-07-10 10:30:13,F3,7.4067,OK,0
2026-07-10 10:30:23,F3,7.4051,OK,0
2026-07-10 10:30:34,F3,7.4035,OK,0
2026-07-10 10:30:44,F3,7.4019,OK,0
2026-07-10 10:30:54,F3,7.4003,OK,0
2026-07-10 10:31:04,F3,7.3986,OK,0
2026-07-10 10:31:15,F3,7.3970,OK,0
2026-07-10 10:31:25,F3,7.3953,OK,0
2026-07-10 10:31:35,F3,7.3936,OK,0
2026-07-10 10:31:45,F3,7.3920,OK,0
2026-07-10 10:31:56,F3,7.3903,OK,0
2026-07-10 10:32:06,F3,7.3885,OK,0
2026-07-10 10:32:16,F3,7.3868,OK,0
2026-07-10 10:32:27,F3,7.3851,OK,0
2026-07-10 10:32:37,F3,7.3833,OK,0
2026-07-10 10:32:47,F3,7.3816,OK,0
2026-07-10 10:32:57,F3,7.3798,OK,0
2026-07-10 10:33:08,F3,7.3780,OK,0
2026-07-10 10:33:18,F3,7.3762,OK,0
2026-07-10 10:33:28,F3,7.3744,OK,0
2026-07-10 10:33:38,F3,7.3726,OK,0
2026-07-10 10:33:49,F3,7.3707,OK,0
2026-07-10 10:33:59,F3,7.3689,OK,0
2026-07-10 10:34:09,F3,7.3670,OK,0
2026-07-10 10:34:19,F3,7.3652,OK,0
2026-07-10 10:34:30,F3,7.3633,OK,0
2026-07-10 10:34:40,F3,7.3614,OK,0
2026-07-10 10:34:50,F3,7.3595,OK,0
2026-07-10 10:35:00,F3,7.3576,OK,0
2026-07-10 10:35:11,F3,7.3557,OK,0
2026-07-10 10:35:21,F3,7.3537,OK,0
2026-07-10 10:35:32,F3,7.3518,OK,0
2026-07-10 10:35:42,F3,7.3498,OK,0
2026-07-10 10:35:52,F3,7.3478,OK,0
2026-07-10 10:36:02,F3,7.3459,OK,0
2026-07-10 10:36:13,F3,7.3439,OK,0
2026-07-10 10:36:23,F3,7.3419,OK,0
2026-07-10 10:36:33,F3,7.3399,OK,0
2026-07-10 10:36:43,F3,7.3378,OK,0
2026-07-10 10:36:54,F3,7.3358,OK,0
2026-07-10 10:37:04,F3,7.3338,OK,0
2026-07-10 10:37:14,F3,7.3317,OK,0
2026-07-10 10:37:24,F3,7.3297,OK,0
2026-07-10 10:37:35,F3,7.3276,OK,0
2026-07-10 10:37:45,F3,7.3255,OK,0
2026-07-10 10:37:55,F3,7.3234,OK,0
2026-07-10 10:38:05,F3,7.3213,OK,0
2026-07-10 10:38:16,F3,7.3192,OK,0
2026-07-10 10:38:26,F3,7.3171,OK,0
2026-07-10 10:38:36,F3,7.3150,OK,0
2026-07-10 10:38:47,F3,7.3128,OK,0
2026-07-10 10:38:57,F3,7.3107,OK,0
2026-07-10 10:39:07,F3,7.3085,OK,0
2026-07-10 10:39:17,F3,7.3064,OK,0
2026-07-10 10:39:28,F3,7.3042,OK,0
2026-07-10 10:39:38,F3,7.3020,OK,0
2026-07-10 10:39:48,F3,7.2998,OK,0
2026-07-10 10:39:58,F3,7.2976,OK,0
2026-07-10 10:40:09,F3,7.2954,OK,0
2026-07-10 10:40:19,F3,7.2932,OK,0
2026-07-10 10:40:29,F3,7.2910,OK,0
2026-07-10 10:40:39,F3,7.2887,OK,0
2026-07-10 10:40:50,F3,7.2865,OK,0
2026-07-10 10:41:00,F3,7.2843,OK,0
2026-07-10 10:41:10,F3,7.2820,OK,0
2026-07-10 10:41:21,F3,7.2798,OK,0
2026-07-10 10:41:31,F3,7.2775,OK,0
2026-07-10 10:41:41,F3,7.2752,OK,0
2026-07-10 10:41:51,F3,7.2730,OK,0
2026-07-10 10:42:02,F3,7.2707,OK,0
2026-07-10 10:42:12,F3,7.2684,OK,0
2026-07-10 10:42:22,F3,7.2661,OK,0
2026-07-10 10:42:32,F3,7.2638,OK,0
2026-07-10 10:42:42,F3,7.2615,OK,0
2026-07-10 10:42:53,F3,7.2592,OK,0
2026-07-10 10:43:03,F3,7.2569,OK,0
2026-07-10 10:43:13,F3,7.2546,OK,0
2026-07-10 10:43:24,F3,7.2523,OK,0
2026-07-10 10:43:34,F3,7.2500,OK,0
2026-07-10 10:43:44,F3,7.2477,OK,0
2026-07-10 10:43:54,F3,7.2454,OK,0
2026-07-10 10:44:05,F3,7.2431,OK,0
2026-07-10 10:44:15,F3,7.2407,OK,0
2026-07-10 10:44:25,F3,7.2384,OK,0
2026-07-10 10:44:35,F3,7.2361,OK,0
2026-07-10 10:44:46,F3,7.2337,OK,0
2026-07-10 10:44:56,F3,7.2314,OK,0
2026-07-10 10:45:06,F3,7.2290,OK,0
2026-07-10 10:45:16,F3,7.2267,OK,0
2026-07-10 10:45:27,F3,7.2243,OK,0
2026-07-10 10:45:37,F3,7.2220,OK,0
2026-07-10 10:45:47,F3,7.2196,OK,0
2026-07-10 10:45:57,F3,7.2173,OK,0
2026-07-10 10:46:08,F3,7.2149,OK,0
2026-07-10 10:46:18,F3,7.2126,OK,0
2026-07-10 10:46:28,F3,7.2102,OK,0
2026-07-10 10:46:38,F3,7.2078,OK,0
2026-07-10 10:46:49,F3,7.2055,OK,0
2026-07-10 10:46:59,F3,7.2031,OK,0
2026-07-10 10:47:09,F3,7.2007,OK,0
2026-07-10 10:47:20,F3,7.1983,OK,0
2026-07-10 10:47:30,F3,7.1959,OK,0
2026-07-10 10:47:40,F3,7.1936,OK,0
2026-07-10 10:47:51,F3,7.1912,OK,0
2026-07-10 10:48:01,F3,7.1888,OK,0
2026-07-10 10:48:11,F3,7.1864,OK,0
2026-07-10 10:48:22,F3,7.1840,OK,0
2026-07-10 10:48:32,F3,7.1817,OK,0
2026-07-10 10:48:42,F3,7.1793,OK,1
2026-07-10 10:48:52,F3,7.1769,OK,0
2026-07-10 10:49:03,F3,7.1745,OK,0
2026-07-10 10:49:13,F3,7.1721,OK,0
2026-07-10 10:49:23,F3,7.1698,OK,0
2026-07-10 10:49:33,F3,7.1674,OK,0
2026-07-10 10:49:44,F3,7.1650,OK,0
2026-07-10 10:49:54,F3,7.1626,OK,0
2026-07-10 10:50:04,F3,7.1603,OK,0
2026-07-10 10:50:14,F3,7.1579,OK,0
2026-07-10 10:50:25,F3,7.1555,OK,0
2026-07-10 10:50:35,F3,7.1531,OK,0
2026-07-10 10:50:45,F3,7.1507,OK,0
2026-07-10 10:50:55,F3,7.1484,OK,0
2026-07-10 10:51:06,F3,7.1460,OK,0
2026-07-10 10:51:16,F3,7.1436,OK,0
2026-07-10 10:51:26,F3,7.1412,OK,0
2026-07-10 10:51:37,F3,7.1389,OK,0
2026-07-10 10:51:47,F3,7.1365,OK,0
2026-07-10 10:51:57,F3,7.1341,OK,0
2026-07-10 10:52:07,F3,7.1317,OK,0
2026-07-10 10:52:18,F3,7.1294,OK,0
2026-07-10 10:52:28,F3,7.1270,OK,0
2026-07-10 10:52:38,F3,7.1246,OK,0
2026-07-10 10:52:48,F3,7.1222,OK,0
2026-07-10 10:52:59,F3,7.1199,OK,0
2026-07-10 10:53:09,F3,7.1175,OK,0
2026-07-10 10:53:19,F3,7.1151,OK,0
2026-07-10 10:53:29,F3,7.1128,OK,0
2026-07-10 10:53:40,F3,7.1104,OK,0
2026-07-10 10:53:50,F3,7.1080,OK,0
2026-07-10 10:54:00,F3,7.1056,OK,0
2026-07-10 10:54:10,F3,7.1033,OK,0
2026-07-10 10:54:21,F3,7.1009,OK,0
2026-07-10 10:54:31,F3,7.0985,OK,0
2026-07-10 10:54:41,F3,7.0962,OK,0
2026-07-10 10:54:52,F3,7.0938,OK,0
2026-07-10 10:55:02,F3,7.0915,OK,0
2026-07-10 10:55:12,F3,7.0891,OK,0
2026-07-10 10:55:22,F3,7.0867,OK,0
2026-07-10 10:55:33,F3,7.0844,OK,0
2026-07-10 10:55:43,F3,7.0820,OK,0
2026-07-10 10:55:53,F3,7.0797,OK,0
2026-07-10 10:56:03,F3,7.0773,OK,0
2026-07-10 10:56:14,F3,7.0750,OK,0
2026-07-10 10:56:24,F3,7.0726,OK,0
2026-07-10 10:56:34,F3,7.0703,OK,0
2026-07-10 10:56:44,F3,7.0679,OK,0
2026-07-10 10:56:55,F3,7.0656,OK,0
2026-07-10 10:57:05,F3,7.0633,OK,0
2026-07-10 10:57:15,F3,7.0609,OK,0
2026-07-10 10:57:25,F3,7.0586,OK,0
2026-07-10 10:57:36,F3,7.0563,OK,0
2026-07-10 10:57:46,F3,7.0540,OK,1
2026-07-10 10:57:56,F3,7.0516,OK,0
2026-07-10 10:58:07,F3,7.0493,OK,0
2026-07-10 10:58:17,F3,7.0470,OK,0
2026-07-10 10:58:27,F3,7.0447,OK,0
2026-07-10 10:58:37,F3,7.0424,OK,0
2026-07-10 10:58:48,F3,7.0401,OK,0
2026-07-10 10:58:58,F3,7.0378,OK,0
2026-07-10 10:59:08,F3,7.0355,OK,0
2026-07-10 10:59:18,F3,7.0332,OK,0
2026-07-10 10:59:29,F3,7.0309,OK,0
2026-07-10 10:59:39,F3,7.0286,OK,0
2026-07-10 10:59:49,F3,7.0263,OK,0
2026-07-10 10:59:59,F3,7.0241,OK,0
2026-07-10 11:00:10,F3,7.0218,OK,0
2026-07-10 11:00:20,F3,7.0195,OK,0
2026-07-10 11:00:30,F3,7.0173,OK,0
2026-07-10 11:00:40,F3,7.0150,OK,0
2026-07-10 11:00:51,F3,7.0127,OK,0
2026-07-10 11:01:01,F3,7.0105,OK,0
2026-07-10 11:01:11,F3,7.0083,OK,0
2026-07-10 11:01:21,F3,7.0060,OK,0
2026-07-10 11:01:32,F3,7.0038,OK,0
2026-07-10 11:01:42,F3,7.0015,OK,0
2026-07-10 11:01:52,F3,6.9993,OK,0
2026-07-10 11:02:02,F3,6.9971,OK,0
2026-07-10 11:02:13,F3,6.9949,OK,0
2026-07-10 11:02:23,F3,6.9927,OK,0
2026-07-10 11:02:33,F3,6.9905,OK,0
2026-07-10 11:02:44,F3,6.9883,OK,0
2026-07-10 11:02:54,F3,6.9861,OK,0
2026-07-10 11:03:04,F3,6.9839,OK,0
2026-07-10 11:03:14,F3,6.9817,OK,0
2026-07-10 11:03:25,F3,6.9795,OK,0
2026-07-10 11:03:35,F3,6.9774,OK,0
2026-07-10 11:03:45,F3,6.9752,OK,0
2026-07-10 11:03:55,F3,6.9731,OK,0
2026-07-10 11:04:06,F3,6.9709,OK,0
2026-07-10 11:04:16,F3,6.9688,OK,0
2026-07-10 11:04:26,F3,6.9667,OK,0
2026-07-10 11:04:37,F3,6.9646,OK,0
2026-07-10 11:04:47,F3,6.9624,OK,0
2026-07-10 11:04:57,F3,6.9603,OK,0
2026-07-10 11:05:07,F3,6.9583,OK,0
2026-07-10 11:05:18,F3,6.9562,OK,0
2026-07-10 11:05:28,F3,6.9541,OK,0
2026-07-10 11:05:38,F3,6.9520,OK,0
2026-07-10 11:05:48,F3,6.9500,OK,0
2026-07-10 11:05:59,F3,6.9480,OK,0
2026-07-10 11:06:09,F3,6.9459,OK,0
2026-07-10 11:06:19,F3,6.9439,OK,0
2026-07-10 11:06:30,F3,6.9419,OK,0
2026-07-10 11:06:40,F3,6.9399,OK,0
2026-07-10 11:06:50,F3,6.9379,OK,0
2026-07-10 11:07:00,F3,6.9359,OK,0
2026-07-10 11:07:11,F3,6.9339,OK,0
2026-07-10 11:07:21,F3,6.9320,OK,0
2026-07-10 11:07:31,F3,6.9300,OK,0
2026-07-10 11:07:42,F3,6.9281,OK,0
2026-07-10 11:07:52,F3,6.9262,OK,0
2026-07-10 11:08:02,F3,6.9242,OK,0
2026-07-10 11:08:12,F3,6.9223,OK,0
2026-07-10 11:08:23,F3,6.9204,OK,0
2026-07-10 11:08:33,F3,6.9185,OK,0
2026-07-10 11:08:43,F3,6.9166,OK,0
2026-07-10 11:08:53,F3,6.9147,OK,0
2026-07-10 11:09:04,F3,6.9129,OK,0
2026-07-10 11:09:14,F3,6.9110,OK,0
2026-07-10 11:09:24,F3,6.9092,OK,0
2026-07-10 11:09:35,F3,6.9073,OK,0
2026-07-10 11:09:45,F3,6.9055,OK,0
2026-07-10 11:09:55,F3,6.9037,OK,0
2026-07-10 11:10:05,F3,6.9019,OK,0
2026-07-10 11:10:16,F3,6.9001,OK,0
2026-07-10 11:10:26,F3,6.8983,OK,0
2026-07-10 11:10:36,F3,6.8965,OK,0
2026-07-10 11:10:46,F3,6.8947,OK,0
2026-07-10 11:10:57,F3,6.8929,OK,0
2026-07-10 11:11:07,F3,6.8912,OK,0
2026-07-10 11:11:17,F3,6.8894,OK,0
2026-07-10 11:11:28,F3,6.8877,OK,1
2026-07-10 11:11:38,F3,6.8860,OK,0
2026-07-10 11:11:48,F3,6.8843,OK,0
2026-07-10 11:11:58,F3,6.8826,OK,0
2026-07-10 11:12:09,F3,6.8809,OK,0
2026-07-10 11:12:19,F3,6.8792,OK,0
2026-07-10 11:12:29,F3,6.8775,OK,0
2026-07-10 11:12:39,F3,6.8759,OK,0
2026-07-10 11:12:50,F3,6.8742,OK,0
2026-07-10 11:13:00,F3,6.8726,OK,0
2026-07-10 11:13:10,F3,6.8709,OK,0
2026-07-10 11:13:20,F3,6.8693,OK,0
2026-07-10 11:13:31,F3,6.8677,OK,0
2026-07-10 11:13:41,F3,6.8661,OK,0
2026-07-10 11:13:51,F3,6.8645,OK,0
2026-07-10 11:14:01,F3,6.8629,OK,0
2026-07-10 11:14:12,F3,6.8613,OK,0
2026-07-10 11:14:22,F3,6.8598,OK,0
2026-07-10 11:14:32,F3,6.8582,OK,0
2026-07-10 11:14:42,F3,6.8567,OK,0
2026-07-10 11:14:53,F3,6.8551,OK,0
2026-07-10 11:15:03,F3,6.8536,OK,0
2026-07-10 11:15:13,F3,6.8521,OK,0
2026-07-10 11:15:24,F3,6.8505,OK,0
2026-07-10 11:15:34,F3,6.8490,OK,0
2026-07-10 11:15:44,F3,6.8475,OK,0
2026-07-10 11:15:54,F3,6.8460,OK,0
2026-07-10 11:16:05,F3,6.8446,OK,0
2026-07-10 11:16:15,F3,6.8431,OK,0
2026-07-10 11:16:25,F3,6.8416,OK,0
2026-07-10 11:16:35,F3,6.8402,OK,0
2026-07-10 11:16:46,F3,6.8387,OK,0
2026-07-10 11:16:56,F3,6.8373,OK,1
2026-07-10 11:17:06,F3,6.8358,OK,0
2026-07-10 11:17:16,F3,6.8344,OK,0
2026-07-10 11:17:27,F3,6.8330,OK,0
2026-07-10 11:17:37,F3,6.8315,OK,0
2026-07-10 11:17:47,F3,6.8301,OK,0
2026-07-10 11:17:58,F3,6.8287,OK,0
2026-07-10 11:18:08,F3,6.8273,OK,0
2026-07-10 11:18:18,F3,6.8259,OK,0
2026-07-10 11:18:28,F3,6.8245,OK,0
2026-07-10 11:18:39,F3,6.8232,OK,0
2026-07-10 11:18:49,F3,6.8218,OK,0
2026-07-10 11:18:59,F3,6.8204,OK,0
2026-07-10 11:19:09,F3,6.8191,OK,0
2026-07-10 11:19:20,F3,6.8177,OK,0
2026-07-10 11:19:30,F3,6.8163,OK,0
2026-07-10 11:19:40,F3,6.8150,OK,0
2026-07-10 11:19:50,F3,6.8137,OK,0
2026-07-10 11:20:01,F3,6.8123,OK,0
2026-07-10 11:20:11,F3,6.8110,OK,0
2026-07-10 11:20:21,F3,6.8097,OK,0
2026-07-10 11:20:31,F3,6.8084,OK,0
2026-07-10 11:20:42,F3,6.8070,OK,0
2026-07-10 11:20:52,F3,6.8057,OK,0
2026-07-10 11:21:02,F3,6.8044,OK,0
2026-07-10 11:21:13,F3,6.8031,OK,0
2026-07-10 11:21:23,F3,6.8018,OK,0
2026-07-10 11:21:33,F3,6.8006,OK,0
2026-07-10 11:21:43,F3,6.7993,OK,0
2026-07-10 11:21:54,F3,6.7980,OK,0
2026-07-10 11:22:04,F3,6.7967,OK,0
2026-07-10 11:22:14,F3,6.7955,OK,0
2026-07-10 11:22:24,F3,6.7942,OK,0
2026-07-10 11:22:35,F3,6.7930,OK,0
2026-07-10 11:22:45,F3,6.7917,OK,0
2026-07-10 11:22:55,F3,6.7905,OK,0
2026-07-10 11:23:05,F3,6.7892,OK,0
2026-07-10 11:23:16,F3,6.7880,OK,0
2026-07-10 11:23:26,F3,6.7868,OK,0
2026-07-10 11:23:36,F3,6.7855,OK,0
2026-07-10 11:23:46,F3,6.7843,OK,0
2026-07-10 11:23:57,F3,6.7831,OK,0
2026-07-10 11:24:07,F3,6.7819,OK,0
2026-07-10 11:24:17,F3,6.7807,OK,0
2026-07-10 11:24:27,F3,6.7795,OK,0
2026-07-10 11:24:38,F3,6.7783,OK,0
2026-07-10 11:24:48,F3,6.7771,OK,0
2026-07-10 11:24:58,F3,6.7759,OK,0
2026-07-10 11:25:08,F3,6.7748,OK,0
2026-07-10 11:25:19,F3,6.7736,OK,0
2026-07-10 11:25:29,F3,6.7724,OK,0
2026-07-10 11:25:39,F3,6.7713,OK,0
2026-07-10 11:25:49,F3,6.7701,OK,0
2026-07-10 11:26:00,F3,6.7690,OK,0
2026-07-10 11:26:10,F3,6.7679,OK,0
2026-07-10 11:26:20,F3,6.7667,OK,0
2026-07-10 11:26:31,F3,6.7656,OK,0
2026-07-10 11:26:41,F3,6.7645,OK,0
2026-07-10 11:26:51,F3,6.7634,OK,0
2026-07-10 11:27:01,F3,6.7623,OK,0
2026-07-10 11:27:12,F3,6.7612,OK,0
2026-07-10 11:27:22,F3,6.7601,OK,0
2026-07-10 11:27:32,F3,6.7590,OK,0
2026-07-10 11:27:42,F3,6.7580,OK,0
2026-07-10 11:27:53,F3,6.7569,OK,0
2026-07-10 11:28:03,F3,6.7558,OK,0
2026-07-10 11:28:13,F3,6.7548,OK,0
2026-07-10 11:28:24,F3,6.7538,OK,0
2026-07-10 11:28:34,F3,6.7527,OK,0
2026-07-10 11:28:44,F3,6.7517,OK,0
2026-07-10 11:28:54,F3,6.7507,OK,0
2026-07-10 11:29:05,F3,6.7497,OK,0
2026-07-10 11:29:15,F3,6.7487,OK,0
2026-07-10 11:29:25,F3,6.7477,OK,0
2026-07-10 11:29:36,F3,6.7467,OK,0
2026-07-10 11:29:46,F3,6.7457,OK,0
2026-07-10 11:29:56,F3,6.7448,OK,0
2026-07-10 11:30:06,F3,6.7438,OK,0
2026-07-10 11:30:17,F3,6.7429,OK,0
2026-07-10 11:30:27,F3,6.7419,OK,0
2026-07-10 11:30:37,F3,6.7410,OK,0
2026-07-10 11:30:47,F3,6.7401,OK,0
2026-07-10 11:30:58,F3,6.7392,OK,0
2026-07-10 11:31:08,F3,6.7383,OK,0
2026-07-10 11:31:18,F3,6.7374,OK,0
2026-07-10 11:31:29,F3,6.7365,OK,0
2026-07-10 11:31:39,F3,6.7356,OK,0
2026-07-10 11:31:49,F3,6.7348,OK,0
2026-07-10 11:31:59,F3,6.7339,OK,0
2026-07-10 11:32:10,F3,6.7331,OK,0
2026-07-10 11:32:20,F3,6.7323,OK,0
2026-07-10 11:32:30,F3,6.7314,OK,0
2026-07-10 11:32:40,F3,6.7306,OK,0
2026-07-10 11:32:51,F3,6.7298,OK,0
2026-07-10 11:33:01,F3,6.7290,OK,0
2026-07-10 11:33:11,F3,6.7283,OK,0
2026-07-10 11:33:21,F3,6.7275,OK,0
2026-07-10 11:33:32,F3,6.7267,OK,0
2026-07-10 11:33:42,F3,6.7260,OK,0
2026-07-10 11:33:52,F3,6.7253,OK,0
2026-07-10 11:34:02,F3,6.7245,OK,0
2026-07-10 11:34:13,F3,6.7238,OK,0
2026-07-10 11:34:23,F3,6.7231,OK,0
2026-07-10 11:34:33,F3,6.7224,OK,0
2026-07-10 11:34:44,F3,6.7217,OK,0
2026-07-10 11:34:54,F3,6.7211,OK,0
2026-07-10 11:35:04,F3,6.7204,OK,0
2026-07-10 11:35:14,F3,6.7197,OK,0
2026-07-10 11:35:25,F3,6.7191,OK,0
2026-07-10 11:35:35,F3,6.7185,OK,0
2026-07-10 11:35:45,F3,6.7178,OK,1
2026-07-10 11:35:55,F3,6.7172,OK,0
2026-07-10 11:36:06,F3,6.7166,OK,0
2026-07-10 11:36:16,F3,6.7161,OK,0
2026-07-10 11:36:26,F3,6.7155,OK,0
2026-07-10 11:36:37,F3,6.7149,OK,0
2026-07-10 11:36:47,F3,6.7144,OK,0
2026-07-10 11:36:57,F3,6.7138,OK,0
2026-07-10 11:37:07,F3,6.7133,OK,0
2026-07-10 11:37:18,F3,6.7128,OK,0
2026-07-10 11:37:28,F3,6.7123,OK,0
2026-07-10 11:37:38,F3,6.7118,OK,0
2026-07-10 11:37:48,F3,6.7113,OK,0
2026-07-10 11:37:59,F3,6.7108,OK,0
2026-07-10 11:38:09,F3,6.7103,OK,0
2026-07-10 11:38:19,F3,6.7098,OK,0
2026-07-10 11:38:29,F3,6.7094,OK,0
2026-07-10 11:38:40,F3,6.7089,OK,0
2026-07-10 11:38:50,F3,6.7085,OK,0
2026-07-10 11:39:00,F3,6.7081,OK,0
2026-07-10 11:39:10,F3,6.7076,OK,0
2026-07-10 11:39:21,F3,6.7072,OK,0
2026-07-10 11:39:31,F3,6.7068,OK,0
2026-07-10 11:39:42,F3,6.7064,OK,0
2026-07-10 11:39:52,F3,6.7060,OK,0
2026-07-10 11:40:02,F3,6.7057,OK,0
2026-07-10 11:40:13,F3,6.7053,OK,0
2026-07-10 11:40:23,F3,6.7049,OK,0
2026-07-10 11:40:33,F3,6.7046,OK,0
2026-07-10 11:40:44,F3,6.7042,OK,0
2026-07-10 11:40:54,F3,6.7039,OK,0
2026-07-10 11:41:04,F3,6.7035,OK,0
2026-07-10 11:41:14,F3,6.7032,OK,0
2026-07-10 11:41:25,F3,6.7029,OK,0
2026-07-10 11:41:35,F3,6.7025,OK,0
2026-07-10 11:41:45,F3,6.7022,OK,0
2026-07-10 11:41:55,F3,6.7019,OK,0
2026-07-10 11:42:06,F3,6.7016,OK,0
2026-07-10 11:42:16,F3,6.7013,OK,0
2026-07-10 11:42:26,F3,6.7011,OK,0
2026-07-10 11:42:36,F3,6.7008,OK,0
2026-07-10 11:42:47,F3,6.7005,OK,0
2026-07-10 11:42:57,F3,6.7003,OK,0
2026-07-10 11:43:07,F3,6.7000,OK,0
2026-07-10 11:43:18,F3,6.6998,OK,0
2026-07-10 11:43:28,F3,6.6995,OK,0
2026-07-10 11:43:38,F3,6.6993,OK,0
2026-07-10 11:43:48,F3,6.6991,OK,0
2026-07-10 11:43:59,F3,6.6988,OK,0
2026-07-10 11:44:09,F3,6.6986,OK,0
2026-07-10 11:44:19,F3,6.6984,OK,1
2026-07-10 11:44:29,F3,6.6982,OK,0
2026-07-10 11:44:40,F3,6.6980,OK,0
2026-07-10 11:44:50,F3,6.6978,OK,0
2026-07-10 11:45:00,F3,6.6977,OK,0
2026-07-10 11:45:10,F3,6.6975,OK,1
2026-07-10 11:45:21,F3,6.6973,OK,0
2026-07-10 11:45:31,F3,6.6971,OK,0
2026-07-10 11:45:41,F3,6.6970,OK,0
2026-07-10 11:45:52,F3,6.6968,OK,0
2026-07-10 11:46:02,F3,6.6967,OK,0
2026-07-10 11:46:12,F3,6.6965,OK,0
2026-07-10 11:46:22,F3,6.6964,OK,0
2026-07-10 11:46:33,F3,6.6962,OK,0
2026-07-10 11:46:43,F3,6.6961,OK,0
2026-07-10 11:46:53,F3,6.6960,OK,0
2026-07-10 11:47:03,F3,6.6958,OK,0
2026-07-10 11:47:14,F3,6.6957,OK,0
2026-07-10 11:47:24,F3,6.6956,OK,0
2026-07-10 11:47:34,F3,6.6955,OK,0
2026-07-10 11:47:44,F3,6.6953,OK,0
2026-07-10 11:47:55,F3,6.6952,OK,0
2026-07-10 11:48:05,F3,6.6951,OK,0
2026-07-10 11:48:15,F3,6.6950,OK,0
2026-07-10 11:48:26,F3,6.6949,OK,0
2026-07-10 11:48:36,F3,6.6948,OK,0
2026-07-10 11:48:46,F3,6.6946,OK,0
2026-07-10 11:48:56,F3,6.6945,OK,0
2026-07-10 11:49:07,F3,6.6944,OK,0
2026-07-10 11:49:17,F3,6.6943,OK,0
2026-07-10 11:49:27,F3,6.6942,OK,0
2026-07-10 11:49:37,F3,6.6941,OK,0
2026-07-10 11:49:48,F3,6.6940,OK,0
2026-07-10 11:49:58,F3,6.6938,OK,1
2026-07-10 11:50:08,F3,6.6937,OK,0
2026-07-10 11:50:19,F3,6.6936,OK,0
2026-07-10 11:50:29,F3,6.6935,OK,0
2026-07-10 11:50:39,F3,6.6934,OK,0
2026-07-10 11:50:49,F3,6.6933,OK,0
2026-07-10 11:51:00,F3,6.6931,OK,0
2026-07-10 11:51:10,F3,6.6930,OK,0
2026-07-10 11:51:20,F3,6.6929,OK,0
2026-07-10 11:51:30,F3,6.6928,OK,0
2026-07-10 11:51:41,F3,6.6926,OK,0
2026-07-10 11:51:51,F3,6.6925,OK,0
2026-07-10 11:52:01,F3,6.6924,OK,0
2026-07-10 11:52:11,F3,6.6922,OK,0
2026-07-10 11:52:22,F3,6.6921,OK,0
2026-07-10 11:52:32,F3,6.6920,OK,0
2026-07-10 11:52:42,F3,6.6918,OK,0
2026-07-10 11:52:53,F3,6.6917,OK,0
2026-07-10 11:53:03,F3,6.6916,OK,0
2026-07-10 11:53:13,F3,6.6914,OK,0
2026-07-10 11:53:23,F3,6.6913,OK,0
2026-07-10 11:53:34,F3,6.6911,OK,0
2026-07-10 11:53:44,F3,6.6910,OK,0
2026-07-10 11:53:54,F3,6.6908,OK,0
2026-07-10 11:54:04,F3,6.6907,OK,0
2026-07-10 11:54:15,F3,6.6905,OK,0
2026-07-10 11:54:25,F3,6.6903,OK,0
2026-07-10 11:54:35,F3,6.6902,OK,0
2026-07-10 11:54:45,F3,6.6900,OK,0
2026-07-10 11:54:56,F3,6.6898,OK,0
2026-07-10 11:55:06,F3,6.6896,OK,0
2026-07-10 11:55:16,F3,6.6895,OK,0
2026-07-10 11:55:26,F3,6.6893,OK,0
2026-07-10 11:55:37,F3,6.6891,OK,0
2026-07-10 11:55:47,F3,6.6889,OK,0
2026-07-10 11:55:57,F3,6.6887,OK,0
2026-07-10 11:56:07,F3,6.6885,OK,0
2026-07-10 11:56:18,F3,6.6883,OK,0
2026-07-10 11:56:28,F3,6.6881,OK,0
2026-07-10 11:56:38,F3,6.6879,OK,0
2026-07-10 11:56:48,F3,6.6876,OK,0
2026-07-10 11:56:59,F3,6.6874,OK,0
2026-07-10 11:57:09,F3,6.6872,OK,0
2026-07-10 11:57:19,F3,6.6869,OK,0
2026-07-10 11:57:30,F3,6.6867,OK,0
2026-07-10 11:57:40,F3,6.6864,OK,0
2026-07-10 11:57:50,F3,6.6861,OK,0
2026-07-10 11:58:00,F3,6.6859,OK,0
2026-07-10 11:58:11,F3,6.6856,OK,0
2026-07-10 11:58:21,F3,6.6853,OK,0
2026-07-10 11:58:31,F3,6.6850,OK,0
2026-07-10 11:58:41,F3,6.6847,OK,0
2026-07-10 11:58:52,F3,6.6844,OK,0
2026-07-10 11:59:02,F3,6.6841,OK,0
2026-07-10 11:59:12,F3,6.6838,OK,0
2026-07-10 11:59:22,F3,6.6834,OK,0
2026-07-10 11:59:33,F3,6.6831,OK,0
2026-07-10 11:59:43,F3,6.6827,OK,0
2026-07-10 11:59:53,F3,6.6824,OK,0
2026-07-10 12:00:03,F3,6.6820,OK,0
2026-07-10 12:00:14,F3,6.6816,OK,0
2026-07-10 12:00:24,F3,6.6812,OK,0
2026-07-10 12:00:34,F3,6.6808,OK,0
2026-07-10 12:00:45,F3,6.6804,OK,0
2026-07-10 12:00:55,F3,6.6800,OK,0
2026-07-10 12:01:05,F3,6.6796,OK,0
2026-07-10 12:01:15,F3,6.6792,OK,0
2026-07-10 12:01:26,F3,6.6787,OK,0
2026-07-10 12:01:36,F3,6.6783,OK,0
2026-07-10 12:01:46,F3,6.6778,OK,0
2026-07-10 12:01:56,F3,6.6774,OK,0
2026-07-10 12:02:07,F3,6.6769,OK,0
2026-07-10 12:02:17,F3,6.6764,OK,0
2026-07-10 12:02:27,F3,6.6760,OK,0
2026-07-10 12:02:37,F3,6.6755,OK,0
2026-07-10 12:02:48,F3,6.6750,OK,0
2026-07-10 12:02:58,F3,6.6744,OK,0
2026-07-10 12:03:08,F3,6.6739,OK,0
2026-07-10 12:03:19,F3,6.6734,OK,0
2026-07-10 12:03:29,F3,6.6729,OK,0
2026-07-10 12:03:39,F3,6.6723,OK,0
2026-07-10 12:03:49,F3,6.6718,OK,0
2026-07-10 12:04:00,F3,6.6712,OK,0
2026-07-10 12:04:10,F3,6.6706,OK,0
2026-07-10 12:04:20,F3,6.6701,OK,0
2026-07-10 12:04:30,F3,6.6695,OK,0
2026-07-10 12:04:41,F3,6.6689,OK,0
2026-07-10 12:04:51,F3,6.6683,OK,0
2026-07-10 12:05:01,F3,6.6677,OK,0
2026-07-10 12:05:11,F3,6.6671,OK,0
2026-07-10 12:05:22,F3,6.6665,OK,0
2026-07-10 12:05:32,F3,6.6658,OK,0
2026-07-10 12:05:42,F3,6.6652,OK,0
2026-07-10 12:05:52,F3,6.6646,OK,0
2026-07-10 12:06:03,F3,6.6639,OK,0
2026-07-10 12:06:13,F3,6.6633,OK,0
2026-07-10 12:06:23,F3,6.6626,OK,0
2026-07-10 12:06:34,F3,6.6619,OK,0
2026-07-10 12:06:44,F3,6.6613,OK,0
2026-07-10 12:06:54,F3,6.6606,OK,0
2026-07-10 12:07:04,F3,6.6599,OK,0
2026-07-10 12:07:15,F3,6.6592,OK,0
2026-07-10 12:07:25,F3,6.6585,OK,0
2026-07-10 12:07:35,F3,6.6578,OK,0
2026-07-10 12:07:45,F3,6.6571,OK,0
2026-07-10 12:07:56,F3,6.6563,OK,0
2026-07-10 12:08:06,F3,6.6556,OK,0
2026-07-10 12:08:16,F3,6.6548,OK,0
2026-07-10 12:08:26,F3,6.6541,OK,0
2026-07-10 12:08:37,F3,6.6533,OK,0
2026-07-10 12:08:47,F3,6.6526,OK,0
2026-07-10 12:08:57,F3,6.6518,OK,0
2026-07-10 12:09:07,F3,6.6510,OK,0
2026-07-10 12:09:18,F3,6.6502,OK,0
2026-07-10 12:09:28,F3,6.6494,OK,0
2026-07-10 12:09:38,F3,6.6486,OK,0
2026-07-10 12:09:49,F3,6.6477,OK,0
2026-07-10 12:09:59,F3,6.6469,OK,0
2026-07-10 12:10:09,F3,6.6461,OK,1
2026-07-10 12:10:19,F3,6.6452,OK,0
2026-07-10 12:10:30,F3,6.6443,OK,0
2026-07-10 12:10:40,F3,6.6435,OK,0
2026-07-10 12:10:50,F3,6.6426,OK,0
2026-07-10 12:11:00,F3,6.6417,OK,0
2026-07-10 12:11:11,F3,6.6408,OK,0
2026-07-10 12:11:21,F3,6.6398,OK,0
2026-07-10 12:11:31,F3,6.6389,OK,0
2026-07-10 12:11:41,F3,6.6380,OK,0
2026-07-10 12:11:52,F3,6.6370,OK,0
2026-07-10 12:12:02,F3,6.6361,OK,0
2026-07-10 12:12:12,F3,6.6351,OK,0
2026-07-10 12:12:23,F3,6.6341,OK,0
2026-07-10 12:12:33,F3,6.6331,OK,0
2026-07-10 12:12:43,F3,6.6321,OK,0
2026-07-10 12:12:53,F3,6.6311,OK,0
2026-07-10 12:13:04,F3,6.6301,OK,0
2026-07-10 12:13:14,F3,6.6290,OK,0
2026-07-10 12:13:24,F3,6.6280,OK,0
2026-07-10 12:13:34,F3,6.6269,OK,0
2026-07-10 12:13:45,F3,6.6258,OK,0
2026-07-10 12:13:55,F3,6.6247,OK,0
2026-07-10 12:14:05,F3,6.6236,OK,0
2026-07-10 12:14:15,F3,6.6225,OK,0
2026-07-10 12:14:26,F3,6.6214,OK,0
2026-07-10 12:14:36,F3,6.6203,OK,0
2026-07-10 12:14:46,F3,6.6191,OK,0
2026-07-10 12:14:57,F3,6.6180,OK,0
2026-07-10 12:15:07,F3,6.6168,OK,0
2026-07-10 12:15:17,F3,6.6156,OK,0
2026-07-10 12:15:27,F3,6.6144,OK,0
2026-07-10 12:15:38,F3,6.6132,OK,0
2026-07-10 12:15:48,F3,6.6120,OK,0
2026-07-10 12:15:58,F3,6.6108,OK,0
2026-07-10 12:16:08,F3,6.6096,OK,0
2026-07-10 12:16:19,F3,6.6083,OK,0
2026-07-10 12:16:29,F3,6.6071,OK,0
2026-07-10 12:16:39,F3,6.6058,OK,0
2026-07-10 12:16:50,F3,6.6045,OK,0
2026-07-10 12:17:00,F3,6.6032,OK,0
2026-07-10 12:17:10,F3,6.6019,OK,0
2026-07-10 12:17:21,F3,6.6006,OK,0
2026-07-10 12:17:31,F3,6.5993,OK,0
2026-07-10 12:17:42,F3,6.5980,OK,0
2026-07-10 12:17:52,F3,6.5966,OK,0
2026-07-10 12:18:02,F3,6.5953,OK,0
2026-07-10 12:18:12,F3,6.5939,OK,0
2026-07-10 12:18:23,F3,6.5925,OK,0
2026-07-10 12:18:33,F3,6.5911,OK,0
2026-07-10 12:18:43,F3,6.5897,OK,0
2026-07-10 12:18:53,F3,6.5883,OK,0
2026-07-10 12:19:04,F3,6.5869,OK,0
2026-07-10 12:19:14,F3,6.5854,OK,0
2026-07-10 12:19:24,F3,6.5840,OK,0
2026-07-10 12:19:35,F3,6.5825,OK,0
2026-07-10 12:19:45,F3,6.5811,OK,0
2026-07-10 12:19:55,F3,6.5796,OK,0
2026-07-10 12:20:05,F3,6.5781,OK,0
2026-07-10 12:20:16,F3,6.5766,OK,0
2026-07-10 12:20:26,F3,6.5751,OK,0
2026-07-10 12:20:36,F3,6.5735,OK,0
2026-07-10 12:20:46,F3,6.5720,OK,0
2026-07-10 12:20:57,F3,6.5704,OK,0
2026-07-10 12:21:07,F3,6.5689,OK,0
2026-07-10 12:21:17,F3,6.5673,OK,0
2026-07-10 12:21:27,F3,6.5657,OK,0
2026-07-10 12:21:38,F3,6.5641,OK,0
2026-07-10 12:21:48,F3,6.5625,OK,0
2026-07-10 12:21:58,F3,6.5609,OK,0
2026-07-10 12:22:08,F3,6.5593,OK,0
2026-07-10 12:22:19,F3,6.5577,OK,0
2026-07-10 12:22:29,F3,6.5560,OK,0
2026-07-10 12:22:39,F3,6.5544,OK,0
2026-07-10 12:22:49,F3,6.5527,OK,0
2026-07-10 12:23:00,F3,6.5510,OK,0
2026-07-10 12:23:10,F3,6.5494,OK,0
2026-07-10 12:23:20,F3,6.5477,OK,0
2026-07-10 12:23:31,F3,6.5460,OK,0
2026-07-10 12:23:41,F3,6.5443,OK,0
2026-07-10 12:23:51,F3,6.5426,OK,0
2026-07-10 12:24:01,F3,6.5408,OK,0
2026-07-10 12:24:12,F3,6.5391,OK,0
2026-07-10 12:24:22,F3,6.5374,OK,0
2026-07-10 12:24:32,F3,6.5357,OK,0
2026-07-10 12:24:43,F3,6.5339,OK,0
2026-07-10 12:24:53,F3,6.5322,OK,0
2026-07-10 12:25:03,F3,6.5304,OK,0
2026-07-10 12:25:13,F3,6.5286,OK,0
2026-07-10 12:25:24,F3,6.5269,OK,0
2026-07-10 12:25:34,F3,6.5251,OK,0
2026-07-10 12:25:44,F3,6.5233,OK,0
2026-07-10 12:25:54,F3,6.5215,OK,0
2026-07-10 12:26:05,F3,6.5197,OK,0
2026-07-10 12:26:15,F3,6.5179,OK,0
2026-07-10 12:26:25,F3,6.5161,OK,0
2026-07-10 12:26:35,F3,6.5143,OK,0
2026-07-10 12:26:46,F3,6.5125,OK,0
2026-07-10 12:26:56,F3,6.5107,OK,0
2026-07-10 12:27:06,F3,6.5089,OK,0
2026-07-10 12:27:17,F3,6.5070,OK,0
2026-07-10 12:27:27,F3,6.5052,OK,0
2026-07-10 12:27:37,F3,6.5034,OK,0
2026-07-10 12:27:47,F3,6.5015,OK,0
2026-07-10 12:27:58,F3,6.4997,OK,0
2026-07-10 12:28:08,F3,6.4978,OK,0
2026-07-10 12:28:18,F3,6.4960,OK,0
2026-07-10 12:28:28,F3,6.4941,OK,0
2026-07-10 12:28:39,F3,6.4923,OK,0
2026-07-10 12:28:49,F3,6.4904,OK,0
2026-07-10 12:28:59,F3,6.4886,OK,0
2026-07-10 12:29:09,F3,6.4867,OK,0
2026-07-10 12:29:20,F3,6.4848,OK,0
2026-07-10 12:29:30,F3,6.4830,OK,0
2026-07-10 12:29:40,F3,6.4811,OK,0
2026-07-10 12:29:50,F3,6.4793,OK,0
2026-07-10 12:30:01,F3,6.4774,OK,0
2026-07-10 12:30:11,F3,6.4755,OK,0
2026-07-10 12:30:21,F3,6.4737,OK,0
2026-07-10 12:30:32,F3,6.4718,OK,0
2026-07-10 12:30:42,F3,6.4700,OK,0
2026-07-10 12:30:52,F3,6.4681,OK,0
2026-07-10 12:31:02,F3,6.4663,OK,0
2026-07-10 12:31:13,F3,6.4644,OK,0
2026-07-10 12:31:23,F3,6.4626,OK,0
2026-07-10 12:31:33,F3,6.4608,OK,0
2026-07-10 12:31:43,F3,6.4589,OK,0
2026-07-10 12:31:54,F3,6.4571,OK,0
2026-07-10 12:32:04,F3,6.4553,OK,0
2026-07-10 12:32:14,F3,6.4535,OK,0
2026-07-10 12:32:24,F3,6.4516,OK,0
2026-07-10 12:32:35,F3,6.4498,OK,0
2026-07-10 12:32:45,F3,6.4480,OK,0
2026-07-10 12:32:55,F3,6.4462,OK,0
2026-07-10 12:33:05,F3,6.4444,OK,0
2026-07-10 12:33:16,F3,6.4426,OK,1
2026-07-10 12:33:26,F3,6.4409,OK,0
2026-07-10 12:33:36,F3,6.4391,OK,0
2026-07-10 12:33:46,F3,6.4373,OK,0
2026-07-10 12:33:57,F3,6.4356,OK,0
2026-07-10 12:34:07,F3,6.4338,OK,0
2026-07-10 12:34:17,F3,6.4321,OK,0
2026-07-10 12:34:28,F3,6.4303,OK,0
2026-07-10 12:34:38,F3,6.4286,OK,0
2026-07-10 12:34:48,F3,6.4269,OK,0
2026-07-10 12:34:58,F3,6.4251,OK,0
2026-07-10 12:35:09,F3,6.4234,OK,0
2026-07-10 12:35:19,F3,6.4217,OK,0
2026-07-10 12:35:30,F3,6.4200,OK,0
2026-07-10 12:35:41,F3,6.4183,OK,0
2026-07-10 12:35:51,F3,6.4167,OK,0
2026-07-10 12:36:01,F3,6.4150,OK,0
2026-07-10 12:36:12,F3,6.4133,OK,0
2026-07-10 12:36:22,F3,6.4117,OK,0
2026-07-10 12:36:32,F3,6.4100,OK,0
2026-07-10 12:36:43,F3,6.4084,OK,0
2026-07-10 12:36:53,F3,6.4067,OK,0
2026-07-10 12:37:03,F3,6.4051,OK,0
2026-07-10 12:37:13,F3,6.4035,OK,0
2026-07-10 12:37:24,F3,6.4019,OK,0
2026-07-10 12:37:34,F3,6.4003,OK,0
2026-07-10 12:37:44,F3,6.3987,OK,0
2026-07-10 12:37:54,F3,6.3971,OK,0
2026-07-10 12:38:05,F3,6.3956,OK,0
2026-07-10 12:38:15,F3,6.3940,OK,0
2026-07-10 12:38:25,F3,6.3925,OK,0
2026-07-10 12:38:36,F3,6.3909,OK,0
2026-07-10 12:38:46,F3,6.3894,OK,1
2026-07-10 12:38:56,F3,6.3879,Bajo rango,1
2026-07-10 12:39:06,F3,6.3864,Bajo rango,1
2026-07-10 12:39:17,F3,6.3849,Bajo rango,1
2026-07-10 12:39:27,F3,6.3834,OK,1
2026-07-10 12:39:37,F3,6.3819,OK,1
2026-07-10 12:39:47,F3,6.3804,OK,0
2026-07-10 12:39:58,F3,6.3790,OK,0
2026-07-10 12:40:08,F3,6.3775,OK,0
2026-07-10 12:40:18,F3,6.3761,OK,0
2026-07-10 12:40:28,F3,6.3747,OK,0
2026-07-10 12:40:39,F3,6.3732,OK,0
2026-07-10 12:40:49,F3,6.3719,OK,0
2026-07-10 12:40:59,F3,6.3705,OK,0
2026-07-10 12:41:09,F3,6.3691,OK,0
2026-07-10 12:41:20,F3,6.3678,OK,0
2026-07-10 12:41:30,F3,6.3665,OK,0
2026-07-10 12:41:40,F3,6.3652,OK,0
2026-07-10 12:41:50,F3,6.3639,OK,0
2026-07-10 12:42:01,F3,6.3626,OK,0
2026-07-10 12:42:11,F3,6.3614,OK,0
2026-07-10 12:42:21,F3,6.3602,OK,0
2026-07-10 12:42:31,F3,6.3591,OK,0
2026-07-10 12:42:42,F3,6.3579,OK,0
2026-07-10 12:42:52,F3,6.3568,OK,0
2026-07-10 12:43:02,F3,6.3558,OK,0
2026-07-10 12:43:13,F3,6.3547,OK,0
2026-07-10 12:43:23,F3,6.3537,OK,0
2026-07-10 12:43:33,F3,6.3527,OK,0
2026-07-10 12:43:43,F3,6.3518,OK,0
2026-07-10 12:43:54,F3,6.3509,OK,0
2026-07-10 12:44:04,F3,6.3501,OK,0
2026-07-10 12:44:14,F3,6.3493,OK,0
2026-07-10 12:44:25,F3,6.3485,OK,0
2026-07-10 12:44:35,F3,6.3477,OK,1
2026-07-10 12:44:45,F3,6.3470,OK,0
2026-07-10 12:44:55,F3,6.3464,OK,0
2026-07-10 12:45:06,F3,6.3458,OK,0
2026-07-10 12:45:16,F3,6.3452,OK,0
2026-07-10 12:45:26,F3,6.3447,OK,0
2026-07-10 12:45:36,F3,6.3442,OK,0
2026-07-10 12:45:47,F3,6.3438,OK,0
2026-07-10 12:45:57,F3,6.3434,OK,0
2026-07-10 12:46:07,F3,6.3431,OK,0
2026-07-10 12:46:17,F3,6.3428,OK,0
2026-07-10 12:46:28,F3,6.3425,OK,0
2026-07-10 12:46:38,F3,6.3423,OK,0
2026-07-10 12:46:48,F3,6.3422,OK,0
2026-07-10 12:46:59,F3,6.3420,OK,0
2026-07-10 12:47:09,F3,6.3420,OK,0
2026-07-10 12:47:19,F3,6.3419,OK,0
2026-07-10 12:47:29,F3,6.3419,OK,0
2026-07-10 12:47:40,F3,6.3420,OK,0
2026-07-10 12:47:50,F3,6.3421,OK,0
2026-07-10 12:48:00,F3,6.3422,OK,0
2026-07-10 12:48:11,F3,6.3424,OK,0
2026-07-10 12:48:21,F3,6.3426,OK,0
2026-07-10 12:48:31,F3,6.3428,OK,0
2026-07-10 12:48:41,F3,6.3431,OK,0
2026-07-10 12:48:52,F3,6.3434,OK,0
2026-07-10 12:49:02,F3,6.3438,OK,0
2026-07-10 12:49:12,F3,6.3442,OK,0
2026-07-10 12:49:22,F3,6.3446,OK,0
2026-07-10 12:49:33,F3,6.3451,OK,0
2026-07-10 12:49:43,F3,6.3456,OK,0
2026-07-10 12:49:53,F3,6.3462,OK,0
2026-07-10 12:50:04,F3,6.3467,OK,0
2026-07-10 12:50:14,F3,6.3474,OK,0
2026-07-10 12:50:24,F3,6.3480,OK,0
2026-07-10 12:50:34,F3,6.3487,OK,0
2026-07-10 12:50:45,F3,6.3494,OK,0
2026-07-10 12:50:55,F3,6.3501,OK,0
2026-07-10 12:51:05,F3,6.3509,OK,0
2026-07-10 12:51:15,F3,6.3517,OK,0
2026-07-10 12:51:26,F3,6.3525,OK,0
2026-07-10 12:51:36,F3,6.3534,OK,1
2026-07-10 12:51:46,F3,6.3543,OK,0
2026-07-10 12:51:57,F3,6.3552,OK,0
2026-07-10 12:52:07,F3,6.3561,OK,0
2026-07-10 12:52:17,F3,6.3571,OK,0
2026-07-10 12:52:27,F3,6.3581,OK,0
2026-07-10 12:52:38,F3,6.3591,OK,0
2026-07-10 12:52:48,F3,6.3601,OK,0
2026-07-10 12:52:58,F3,6.3612,OK,0
2026-07-10 12:53:08,F3,6.3623,OK,0
2026-07-10 12:53:19,F3,6.3634,OK,0
2026-07-10 12:53:29,F3,6.3645,OK,0
2026-07-10 12:53:39,F3,6.3657,OK,0
2026-07-10 12:53:50,F3,6.3669,OK,0
2026-07-10 12:54:00,F3,6.3680,OK,0
2026-07-10 12:54:10,F3,6.3692,OK,0
2026-07-10 12:54:20,F3,6.3705,OK,0
2026-07-10 12:54:31,F3,6.3717,OK,0
2026-07-10 12:54:41,F3,6.3730,OK,0
2026-07-10 12:54:51,F3,6.3742,OK,0
2026-07-10 12:55:01,F3,6.3755,OK,0
2026-07-10 12:55:12,F3,6.3768,OK,0
2026-07-10 12:55:22,F3,6.3781,OK,0
2026-07-10 12:55:32,F3,6.3794,OK,0
2026-07-10 12:55:43,F3,6.3808,OK,0
2026-07-10 12:55:53,F3,6.3821,OK,0
2026-07-10 12:56:03,F3,6.3835,OK,0
2026-07-10 12:56:13,F3,6.3848,OK,0
2026-07-10 12:56:24,F3,6.3862,OK,0
2026-07-10 12:56:34,F3,6.3876,OK,0
2026-07-10 12:56:44,F3,6.3890,OK,0
2026-07-10 12:56:54,F3,6.3904,OK,0
2026-07-10 12:57:05,F3,6.3918,OK,0
2026-07-10 12:57:15,F3,6.3932,OK,0
2026-07-10 12:57:25,F3,6.3946,OK,0
2026-07-10 12:57:36,F3,6.3960,OK,0
2026-07-10 12:57:46,F3,6.3975,OK,0
2026-07-10 12:57:56,F3,6.3989,OK,0
2026-07-10 12:58:06,F3,6.4003,OK,0
2026-07-10 12:58:17,F3,6.4017,OK,0
2026-07-10 12:58:27,F3,6.4032,OK,0
2026-07-10 12:58:37,F3,6.4046,OK,0
2026-07-10 12:58:48,F3,6.4060,OK,0
2026-07-10 12:58:58,F3,6.4075,OK,0
2026-07-10 12:59:08,F3,6.4089,OK,0
2026-07-10 12:59:18,F3,6.4104,OK,0
2026-07-10 12:59:29,F3,6.4118,OK,0
2026-07-10 12:59:39,F3,6.4132,OK,0
2026-07-10 12:59:49,F3,6.4146,OK,0
2026-07-10 12:59:59,F3,6.4161,OK,0
2026-07-10 13:00:10,F3,6.4175,OK,0
2026-07-10 13:00:20,F3,6.4189,OK,0
2026-07-10 13:00:30,F3,6.4203,OK,0
2026-07-10 13:00:41,F3,6.4217,OK,0
2026-07-10 13:00:51,F3,6.4232,OK,0
2026-07-10 13:01:01,F3,6.4246,OK,0
2026-07-10 13:01:11,F3,6.4260,OK,0
2026-07-10 13:01:22,F3,6.4273,OK,0
2026-07-10 13:01:32,F3,6.4287,OK,0
2026-07-10 13:01:42,F3,6.4301,OK,0
2026-07-10 13:01:52,F3,6.4315,OK,0
2026-07-10 13:02:03,F3,6.4328,OK,0
2026-07-10 13:02:13,F3,6.4342,OK,0
2026-07-10 13:02:23,F3,6.4355,OK,0
2026-07-10 13:02:34,F3,6.4369,OK,0
2026-07-10 13:02:44,F3,6.4382,OK,0
2026-07-10 13:02:54,F3,6.4395,OK,0
2026-07-10 13:03:04,F3,6.4409,OK,0
2026-07-10 13:03:15,F3,6.4422,OK,0
2026-07-10 13:03:25,F3,6.4435,OK,0
2026-07-10 13:03:35,F3,6.4448,OK,0
2026-07-10 13:03:46,F3,6.4460,OK,0
2026-07-10 13:03:56,F3,6.4473,OK,0
2026-07-10 13:04:06,F3,6.4485,OK,0
2026-07-10 13:04:16,F3,6.4498,OK,0
2026-07-10 13:04:27,F3,6.4510,OK,0
2026-07-10 13:04:37,F3,6.4522,OK,0
2026-07-10 13:04:47,F3,6.4534,OK,0
2026-07-10 13:04:58,F3,6.4546,OK,0
2026-07-10 13:05:08,F3,6.4558,OK,0
2026-07-10 13:05:18,F3,6.4570,OK,0
2026-07-10 13:05:28,F3,6.4581,OK,0
2026-07-10 13:05:39,F3,6.4593,OK,0
2026-07-10 13:05:49,F3,6.4604,OK,0
2026-07-10 13:05:59,F3,6.4615,OK,0
2026-07-10 13:06:09,F3,6.4626,OK,0
2026-07-10 13:06:20,F3,6.4637,OK,0
2026-07-10 13:06:30,F3,6.4648,OK,0
2026-07-10 13:06:40,F3,6.4658,OK,0
2026-07-10 13:06:51,F3,6.4669,OK,0
2026-07-10 13:07:01,F3,6.4679,OK,0
2026-07-10 13:07:11,F3,6.4689,OK,0
2026-07-10 13:07:21,F3,6.4699,OK,1
2026-07-10 13:07:32,F3,6.4708,OK,0
2026-07-10 13:07:42,F3,6.4718,OK,0
2026-07-10 13:07:52,F3,6.4727,OK,0
2026-07-10 13:08:02,F3,6.4737,OK,0
2026-07-10 13:08:13,F3,6.4746,OK,0
2026-07-10 13:08:23,F3,6.4754,OK,0
2026-07-10 13:08:33,F3,6.4763,OK,0
2026-07-10 13:08:44,F3,6.4772,OK,0
2026-07-10 13:08:54,F3,6.4780,OK,0
2026-07-10 13:09:04,F3,6.4788,OK,0
2026-07-10 13:09:14,F3,6.4796,OK,0
2026-07-10 13:09:25,F3,6.4804,OK,0
2026-07-10 13:09:35,F3,6.4811,OK,0
2026-07-10 13:09:45,F3,6.4818,OK,0
2026-07-10 13:09:55,F3,6.4826,OK,0
2026-07-10 13:10:06,F3,6.4833,OK,0
2026-07-10 13:10:16,F3,6.4839,OK,0
2026-07-10 13:10:26,F3,6.4846,OK,0
2026-07-10 13:10:36,F3,6.4852,OK,0
2026-07-10 13:10:47,F3,6.4858,OK,0
2026-07-10 13:10:57,F3,6.4864,OK,0
2026-07-10 13:11:07,F3,6.4869,OK,0
2026-07-10 13:11:18,F3,6.4875,OK,0
2026-07-10 13:11:28,F3,6.4880,OK,0
2026-07-10 13:11:38,F3,6.4885,OK,0
2026-07-10 13:11:48,F3,6.4889,OK,0
2026-07-10 13:11:59,F3,6.4894,OK,0
2026-07-10 13:12:09,F3,6.4898,OK,0
2026-07-10 13:12:19,F3,6.4902,OK,0
2026-07-10 13:12:29,F3,6.4905,OK,0
2026-07-10 13:12:40,F3,6.4909,OK,0
2026-07-10 13:12:50,F3,6.4912,OK,0
2026-07-10 13:13:00,F3,6.4915,OK,0
2026-07-10 13:13:10,F3,6.4917,OK,0
2026-07-10 13:13:21,F3,6.4920,OK,0
2026-07-10 13:13:31,F3,6.4922,OK,0
2026-07-10 13:13:41,F3,6.4924,OK,0
2026-07-10 13:13:51,F3,6.4925,OK,0
2026-07-10 13:14:02,F3,6.4927,OK,0
2026-07-10 13:14:12,F3,6.4928,OK,0
2026-07-10 13:14:22,F3,6.4928,OK,0
2026-07-10 13:14:33,F3,6.4929,OK,0
2026-07-10 13:14:43,F3,6.4929,OK,0
2026-07-10 13:14:53,F3,6.4929,OK,0
2026-07-10 13:15:03,F3,6.4929,OK,0
2026-07-10 13:15:14,F3,6.4928,OK,0
2026-07-10 13:15:24,F3,6.4927,OK,0
2026-07-10 13:15:34,F3,6.4926,OK,0
2026-07-10 13:15:44,F3,6.4924,OK,0
2026-07-10 13:15:55,F3,6.4923,OK,0
2026-07-10 13:16:05,F3,6.4921,OK,0
2026-07-10 13:16:15,F3,6.4918,OK,0
2026-07-10 13:16:25,F3,6.4916,OK,0
2026-07-10 13:16:36,F3,6.4913,OK,0
2026-07-10 13:16:46,F3,6.4910,OK,0
2026-07-10 13:16:56,F3,6.4906,OK,0
2026-07-10 13:17:07,F3,6.4902,OK,0
2026-07-10 13:17:17,F3,6.4898,OK,0
2026-07-10 13:17:27,F3,6.4894,OK,0
2026-07-10 13:17:37,F3,6.4890,OK,0
2026-07-10 13:17:48,F3,6.4885,OK,0
2026-07-10 13:17:58,F3,6.4880,OK,0
2026-07-10 13:18:08,F3,6.4874,OK,0
2026-07-10 13:18:18,F3,6.4869,OK,0
2026-07-10 13:18:29,F3,6.4863,OK,0
2026-07-10 13:18:39,F3,6.4857,OK,0
2026-07-10 13:18:49,F3,6.4850,OK,0
2026-07-10 13:18:59,F3,6.4843,OK,0
2026-07-10 13:19:10,F3,6.4836,OK,0
2026-07-10 13:19:20,F3,6.4829,OK,0
2026-07-10 13:19:30,F3,6.4821,OK,0
2026-07-10 13:19:41,F3,6.4814,OK,0
2026-07-10 13:19:51,F3,6.4806,OK,0
2026-07-10 13:20:01,F3,6.4797,OK,0
2026-07-10 13:20:11,F3,6.4788,OK,0
2026-07-10 13:20:22,F3,6.4780,OK,0
2026-07-10 13:20:32,F3,6.4770,OK,0
2026-07-10 13:20:42,F3,6.4761,OK,0
2026-07-10 13:20:52,F3,6.4751,OK,0
2026-07-10 13:21:03,F3,6.4741,OK,0
2026-07-10 13:21:13,F3,6.4731,OK,0
2026-07-10 13:21:23,F3,6.4720,OK,0
2026-07-10 13:21:33,F3,6.4709,OK,0
2026-07-10 13:21:44,F3,6.4698,OK,0
2026-07-10 13:21:54,F3,6.4686,OK,0
2026-07-10 13:22:04,F3,6.4675,OK,0
2026-07-10 13:22:15,F3,6.4663,OK,0
2026-07-10 13:22:25,F3,6.4650,OK,0
2026-07-10 13:22:35,F3,6.4638,OK,0
2026-07-10 13:22:45,F3,6.4625,OK,0
2026-07-10 13:22:56,F3,6.4611,OK,0
2026-07-10 13:23:06,F3,6.4598,OK,0
2026-07-10 13:23:16,F3,6.4584,OK,0
2026-07-10 13:23:26,F3,6.4570,OK,0
2026-07-10 13:23:37,F3,6.4556,OK,0
2026-07-10 13:23:47,F3,6.4541,OK,0
2026-07-10 13:23:57,F3,6.4526,OK,0
2026-07-10 13:24:07,F3,6.4511,OK,0
2026-07-10 13:24:18,F3,6.4495,OK,0
2026-07-10 13:24:28,F3,6.4479,OK,0
2026-07-10 13:24:38,F3,6.4463,OK,0
2026-07-10 13:24:49,F3,6.4446,OK,0
2026-07-10 13:24:59,F3,6.4429,OK,0
2026-07-10 13:25:09,F3,6.4412,OK,0
2026-07-10 13:25:19,F3,6.4395,OK,0
2026-07-10 13:25:30,F3,6.4377,OK,0
2026-07-10 13:25:40,F3,6.4359,OK,0
2026-07-10 13:25:50,F3,6.4341,OK,0
2026-07-10 13:26:00,F3,6.4322,OK,0
2026-07-10 13:26:11,F3,6.4303,OK,0
2026-07-10 13:26:21,F3,6.4284,OK,0
2026-07-10 13:26:31,F3,6.4264,OK,0
2026-07-10 13:26:41,F3,6.4244,OK,0
2026-07-10 13:26:52,F3,6.4224,OK,0
2026-07-10 13:27:02,F3,6.4204,OK,0
2026-07-10 13:27:12,F3,6.4183,OK,0
2026-07-10 13:27:22,F3,6.4162,OK,0
2026-07-10 13:27:33,F3,6.4141,OK,0
2026-07-10 13:27:43,F3,6.4119,OK,0
2026-07-10 13:27:53,F3,6.4097,OK,0
2026-07-10 13:28:04,F3,6.4075,OK,0
2026-07-10 13:28:14,F3,6.4052,OK,0
2026-07-10 13:28:24,F3,6.4029,OK,0
2026-07-10 13:28:34,F3,6.4006,OK,0
2026-07-10 13:28:45,F3,6.3983,OK,0
2026-07-10 13:28:55,F3,6.3959,OK,0
2026-07-10 13:29:05,F3,6.3935,OK,0
2026-07-10 13:29:15,F3,6.3910,OK,0
2026-07-10 13:29:26,F3,6.3886,OK,0
2026-07-10 13:29:36,F3,6.3861,OK,0
2026-07-10 13:29:46,F3,6.3836,OK,0
2026-07-10 13:29:57,F3,6.3810,OK,0
2026-07-10 13:30:07,F3,6.3784,OK,0
2026-07-10 13:30:17,F3,6.3758,OK,0
2026-07-10 13:30:27,F3,6.3732,OK,0
2026-07-10 13:30:38,F3,6.3705,OK,0
2026-07-10 13:30:48,F3,6.3679,OK,0
2026-07-10 13:30:58,F3,6.3651,OK,0
2026-07-10 13:31:09,F3,6.3624,OK,0
2026-07-10 13:31:19,F3,6.3596,OK,0
2026-07-10 13:31:29,F3,6.3568,OK,0
2026-07-10 13:31:39,F3,6.3540,OK,0
2026-07-10 13:31:50,F3,6.3512,OK,0
2026-07-10 13:32:00,F3,6.3483,OK,0
2026-07-10 13:32:10,F3,6.3454,OK,0
2026-07-10 13:32:21,F3,6.3425,OK,0
2026-07-10 13:32:31,F3,6.3396,OK,0
2026-07-10 13:32:41,F3,6.3366,OK,0
2026-07-10 13:32:51,F3,6.3336,OK,0
2026-07-10 13:33:02,F3,6.3306,OK,0
2026-07-10 13:33:12,F3,6.3275,OK,0
2026-07-10 13:33:22,F3,6.3245,OK,0
2026-07-10 13:33:32,F3,6.3214,OK,0
2026-07-10 13:33:43,F3,6.3183,OK,0
2026-07-10 13:33:53,F3,6.3151,OK,0
2026-07-10 13:34:03,F3,6.3120,OK,0
2026-07-10 13:34:14,F3,6.3088,OK,0
2026-07-10 13:34:24,F3,6.3056,OK,0
2026-07-10 13:34:34,F3,6.3024,OK,0
2026-07-10 13:34:44,F3,6.2991,OK,0
2026-07-10 13:34:55,F3,6.2958,OK,0
2026-07-10 13:35:05,F3,6.2926,OK,0
2026-07-10 13:35:15,F3,6.2893,OK,0
2026-07-10 13:35:25,F3,6.2859,OK,0
2026-07-10 13:35:36,F3,6.2826,OK,0
2026-07-10 13:35:46,F3,6.2792,OK,0
2026-07-10 13:35:56,F3,6.2758,OK,0
2026-07-10 13:36:06,F3,6.2724,OK,0
2026-07-10 13:36:17,F3,6.2690,OK,0
2026-07-10 13:36:27,F3,6.2655,OK,0
2026-07-10 13:36:37,F3,6.2621,OK,0
2026-07-10 13:36:48,F3,6.2586,OK,0
2026-07-10 13:36:58,F3,6.2551,OK,0
2026-07-10 13:37:08,F3,6.2516,OK,0
2026-07-10 13:37:18,F3,6.2480,OK,0
2026-07-10 13:37:29,F3,6.2445,OK,0
2026-07-10 13:37:39,F3,6.2409,OK,0
2026-07-10 13:37:49,F3,6.2373,OK,0
2026-07-10 13:38:00,F3,6.2337,OK,0
2026-07-10 13:38:10,F3,6.2301,OK,0
2026-07-10 13:38:20,F3,6.2264,OK,0
2026-07-10 13:38:30,F3,6.2228,OK,0
2026-07-10 13:38:41,F3,6.2191,OK,0
2026-07-10 13:38:51,F3,6.2154,OK,0
2026-07-10 13:39:01,F3,6.2117,OK,0
2026-07-10 13:39:11,F3,6.2080,OK,0
2026-07-10 13:39:22,F3,6.2042,OK,0
2026-07-10 13:39:32,F3,6.2005,OK,0
2026-07-10 13:39:42,F3,6.1967,OK,0
2026-07-10 13:39:52,F3,6.1929,OK,0
2026-07-10 13:40:03,F3,6.1891,OK,0
2026-07-10 13:40:13,F3,6.1853,OK,0
2026-07-10 13:40:23,F3,6.1815,OK,0
2026-07-10 13:40:33,F3,6.1776,OK,0
2026-07-10 13:40:44,F3,6.1738,OK,0
2026-07-10 13:40:54,F3,6.1699,OK,0
2026-07-10 13:41:04,F3,6.1660,OK,0
2026-07-10 13:41:14,F3,6.1621,OK,0
2026-07-10 13:41:25,F3,6.1582,OK,0
2026-07-10 13:41:35,F3,6.1543,OK,0
2026-07-10 13:41:45,F3,6.1504,OK,0
2026-07-10 13:41:56,F3,6.1464,OK,0
2026-07-10 13:42:06,F3,6.1425,OK,0
2026-07-10 13:42:16,F3,6.1385,OK,0
2026-07-10 13:42:26,F3,6.1345,OK,0
2026-07-10 13:42:37,F3,6.1305,OK,0
2026-07-10 13:42:47,F3,6.1265,OK,0
2026-07-10 13:42:57,F3,6.1225,OK,0
2026-07-10 13:43:07,F3,6.1185,OK,0
2026-07-10 13:43:18,F3,6.1144,OK,0
2026-07-10 13:43:28,F3,6.1104,OK,0
2026-07-10 13:43:38,F3,6.1063,OK,0
2026-07-10 13:43:48,F3,6.1023,OK,0
2026-07-10 13:43:59,F3,6.0982,OK,0
2026-07-10 13:44:09,F3,6.0941,OK,0
2026-07-10 13:44:19,F3,6.0900,OK,0
2026-07-10 13:44:29,F3,6.0859,OK,0
2026-07-10 13:44:40,F3,6.0818,OK,0
2026-07-10 13:44:50,F3,6.0777,OK,0
2026-07-10 13:45:00,F3,6.0735,OK,0
2026-07-10 13:45:10,F3,6.0694,OK,0
2026-07-10 13:45:21,F3,6.0653,OK,0
2026-07-10 13:45:31,F3,6.0611,OK,0
2026-07-10 13:45:41,F3,6.0570,OK,0
2026-07-10 13:45:52,F3,6.0528,OK,0
2026-07-10 13:46:02,F3,6.0486,OK,0
2026-07-10 13:46:12,F3,6.0445,OK,0
2026-07-10 13:46:22,F3,6.0403,OK,0
2026-07-10 13:46:33,F3,6.0361,OK,0
2026-07-10 13:46:43,F3,6.0319,OK,0
2026-07-10 13:46:53,F3,6.0277,OK,0
2026-07-10 13:47:03,F3,6.0235,OK,0
2026-07-10 13:47:14,F3,6.0193,OK,0
2026-07-10 13:47:24,F3,6.0151,OK,0
2026-07-10 13:47:34,F3,6.0109,OK,0
2026-07-10 13:47:45,F3,6.0067,OK,0
2026-07-10 13:47:55,F3,6.0024,OK,0
2026-07-10 13:48:05,F3,5.9982,OK,0
2026-07-10 13:48:15,F3,5.9940,OK,0
2026-07-10 13:48:26,F3,5.9898,OK,0
2026-07-10 13:48:36,F3,5.9855,OK,0
2026-07-10 13:48:46,F3,5.9813,OK,0
2026-07-10 13:48:56,F3,5.9771,OK,0
2026-07-10 13:49:07,F3,5.9728,OK,0
2026-07-10 13:49:17,F3,5.9686,OK,0
2026-07-10 13:49:27,F3,5.9643,OK,0
2026-07-10 13:49:37,F3,5.9601,OK,0
2026-07-10 13:49:48,F3,5.9559,OK,0
2026-07-10 13:49:58,F3,5.9516,OK,0
2026-07-10 13:50:08,F3,5.9474,OK,0
2026-07-10 13:50:18,F3,5.9431,OK,0
2026-07-10 13:50:29,F3,5.9389,OK,0
2026-07-10 13:50:39,F3,5.9346,OK,0
2026-07-10 13:50:49,F3,5.9304,OK,0
2026-07-10 13:50:59,F3,5.9261,OK,0
2026-07-10 13:51:10,F3,5.9219,OK,0
2026-07-10 13:51:20,F3,5.9177,OK,0
2026-07-10 13:51:30,F3,5.9134,OK,0
2026-07-10 13:51:41,F3,5.9092,OK,0
2026-07-10 13:51:51,F3,5.9049,OK,0
2026-07-10 13:52:01,F3,5.9007,OK,0
2026-07-10 13:52:11,F3,5.8965,OK,0
2026-07-10 13:52:22,F3,5.8922,OK,0
2026-07-10 13:52:32,F3,5.8880,OK,0
2026-07-10 13:52:42,F3,5.8838,OK,0
2026-07-10 13:52:52,F3,5.8795,OK,0
2026-07-10 13:53:03,F3,5.8753,OK,0
2026-07-10 13:53:13,F3,5.8711,OK,0
2026-07-10 13:53:23,F3,5.8669,OK,0
2026-07-10 13:53:33,F3,5.8626,OK,0
2026-07-10 13:53:44,F3,5.8584,OK,0
2026-07-10 13:53:54,F3,5.8542,OK,0
2026-07-10 13:54:04,F3,5.8500,OK,0
2026-07-10 13:54:14,F3,5.8458,OK,0
2026-07-10 13:54:25,F3,5.8416,OK,0
2026-07-10 13:54:35,F3,5.8374,OK,0
2026-07-10 13:54:45,F3,5.8332,OK,0
2026-07-10 13:54:56,F3,5.8291,OK,0
2026-07-10 13:55:06,F3,5.8249,OK,0
2026-07-10 13:55:16,F3,5.8207,OK,0
2026-07-10 13:55:26,F3,5.8165,OK,0
2026-07-10 13:55:37,F3,5.8124,OK,0
2026-07-10 13:55:47,F3,5.8082,OK,0
2026-07-10 13:55:57,F3,5.8041,OK,0
2026-07-10 13:56:07,F3,5.8000,OK,0
2026-07-10 13:56:18,F3,5.7958,OK,0
2026-07-10 13:56:28,F3,5.7917,OK,0
2026-07-10 13:56:38,F3,5.7876,OK,0
2026-07-10 13:56:49,F3,5.7835,OK,0
2026-07-10 13:56:59,F3,5.7794,OK,0
2026-07-10 13:57:09,F3,5.7753,OK,0
2026-07-10 13:57:19,F3,5.7712,OK,0
2026-07-10 13:57:30,F3,5.7671,OK,0
2026-07-10 13:57:40,F3,5.7631,OK,0
2026-07-10 13:57:50,F3,5.7590,OK,0
2026-07-10 13:58:01,F3,5.7549,OK,0
2026-07-10 13:58:11,F3,5.7509,OK,0
2026-07-10 13:58:21,F3,5.7469,OK,0
2026-07-10 13:58:32,F3,5.7428,OK,0
2026-07-10 13:58:42,F3,5.7388,OK,0
2026-07-10 13:58:52,F3,5.7348,OK,0
2026-07-10 13:59:02,F3,5.7308,OK,0
2026-07-10 13:59:13,F3,5.7268,OK,0
2026-07-10 13:59:23,F3,5.7228,OK,0
2026-07-10 13:59:33,F3,5.7188,OK,0
2026-07-10 13:59:43,F3,5.7149,OK,0
2026-07-10 13:59:54,F3,5.7109,OK,0
2026-07-10 14:00:04,F3,5.7070,OK,0
2026-07-10 14:00:14,F3,5.7030,OK,0
2026-07-10 14:00:24,F3,5.6991,OK,0
2026-07-10 14:00:35,F3,5.6952,OK,0
2026-07-10 14:00:45,F3,5.6912,OK,0
2026-07-10 14:00:55,F3,5.6873,OK,0
2026-07-10 14:01:05,F3,5.6834,OK,0
2026-07-10 14:01:16,F3,5.6796,OK,0
2026-07-10 14:01:26,F3,5.6757,OK,0
2026-07-10 14:01:36,F3,5.6718,OK,0
2026-07-10 14:01:47,F3,5.6680,OK,0
2026-07-10 14:01:57,F3,5.6641,OK,0
2026-07-10 14:02:07,F3,5.6603,OK,0
2026-07-10 14:02:17,F3,5.6564,OK,0
2026-07-10 14:02:28,F3,5.6526,OK,0
2026-07-10 14:02:38,F3,5.6488,OK,0
2026-07-10 14:02:48,F3,5.6450,OK,0
2026-07-10 14:02:58,F3,5.6412,OK,0
2026-07-10 14:03:09,F3,5.6374,OK,0
2026-07-10 14:03:19,F3,5.6337,OK,0
2026-07-10 14:03:29,F3,5.6299,OK,0
2026-07-10 14:03:39,F3,5.6262,OK,0
2026-07-10 14:03:50,F3,5.6224,OK,0
2026-07-10 14:04:00,F3,5.6187,OK,0
2026-07-10 14:04:10,F3,5.6149,OK,0
2026-07-10 14:04:20,F3,5.6112,OK,0
2026-07-10 14:04:31,F3,5.6075,OK,0
2026-07-10 14:04:41,F3,5.6038,OK,0
2026-07-10 14:04:51,F3,5.6001,OK,0
2026-07-10 14:05:01,F3,5.5965,OK,0
2026-07-10 14:05:12,F3,5.5928,OK,0
2026-07-10 14:05:22,F3,5.5891,OK,0
2026-07-10 14:05:32,F3,5.5855,OK,0
2026-07-10 14:05:43,F3,5.5818,OK,0
2026-07-10 14:05:53,F3,5.5782,OK,0
2026-07-10 14:06:03,F3,5.5746,OK,0
2026-07-10 14:06:13,F3,5.5710,OK,0
2026-07-10 14:06:24,F3,5.5674,OK,0
2026-07-10 14:06:34,F3,5.5638,OK,0
2026-07-10 14:06:44,F3,5.5603,OK,0
2026-07-10 14:06:54,F3,5.5567,OK,0
2026-07-10 14:07:05,F3,5.5531,OK,0
2026-07-10 14:07:15,F3,5.5496,OK,0
2026-07-10 14:07:25,F3,5.5461,OK,0
2026-07-10 14:07:36,F3,5.5426,OK,0
2026-07-10 14:07:46,F3,5.5391,OK,0
2026-07-10 14:07:56,F3,5.5356,OK,0
2026-07-10 14:08:06,F3,5.5321,OK,0
2026-07-10 14:08:17,F3,5.5286,OK,0
2026-07-10 14:08:27,F3,5.5251,OK,0
2026-07-10 14:08:37,F3,5.5217,OK,0
2026-07-10 14:08:47,F3,5.5182,OK,0
2026-07-10 14:08:58,F3,5.5148,OK,0
2026-07-10 14:09:08,F3,5.5114,OK,0
2026-07-10 14:09:18,F3,5.5080,OK,0
2026-07-10 14:09:28,F3,5.5046,OK,0
2026-07-10 14:09:39,F3,5.5012,OK,0
2026-07-10 14:09:49,F3,5.4978,OK,0
2026-07-10 14:09:59,F3,5.4944,OK,0
2026-07-10 14:10:10,F3,5.4911,OK,0
2026-07-10 14:10:20,F3,5.4877,OK,0
2026-07-10 14:10:30,F3,5.4844,OK,0
2026-07-10 14:10:40,F3,5.4811,OK,0
2026-07-10 14:10:51,F3,5.4777,OK,0
2026-07-10 14:11:01,F3,5.4744,OK,0
2026-07-10 14:11:11,F3,5.4711,OK,0
2026-07-10 14:11:21,F3,5.4679,OK,0
2026-07-10 14:11:32,F3,5.4646,OK,0
2026-07-10 14:11:42,F3,5.4613,OK,0
2026-07-10 14:11:52,F3,5.4581,OK,0
2026-07-10 14:12:02,F3,5.4549,OK,0
2026-07-10 14:12:13,F3,5.4516,OK,0
2026-07-10 14:12:23,F3,5.4484,OK,0
2026-07-10 14:12:33,F3,5.4452,OK,0
2026-07-10 14:12:44,F3,5.4421,OK,0
2026-07-10 14:12:54,F3,5.4389,OK,0
2026-07-10 14:13:04,F3,5.4357,OK,0
2026-07-10 14:13:14,F3,5.4326,OK,0
2026-07-10 14:13:25,F3,5.4295,OK,0
2026-07-10 14:13:35,F3,5.4264,OK,0
2026-07-10 14:13:45,F3,5.4233,OK,0
2026-07-10 14:13:55,F3,5.4202,OK,0
2026-07-10 14:14:06,F3,5.4171,OK,0
2026-07-10 14:14:16,F3,5.4141,OK,0
2026-07-10 14:14:26,F3,5.4111,OK,0
2026-07-10 14:14:36,F3,5.4080,OK,0
2026-07-10 14:14:47,F3,5.4050,OK,0
2026-07-10 14:14:57,F3,5.4020,OK,0
2026-07-10 14:15:07,F3,5.3991,OK,0
2026-07-10 14:15:17,F3,5.3961,OK,0
2026-07-10 14:15:28,F3,5.3932,OK,0
2026-07-10 14:15:38,F3,5.3903,OK,0
2026-07-10 14:15:48,F3,5.3874,OK,0
2026-07-10 14:15:59,F3,5.3845,OK,0
2026-07-10 14:16:09,F3,5.3816,OK,0
2026-07-10 14:16:19,F3,5.3788,OK,0
2026-07-10 14:16:29,F3,5.3759,OK,0
2026-07-10 14:16:40,F3,5.3731,OK,0
2026-07-10 14:16:50,F3,5.3703,OK,0
2026-07-10 14:17:00,F3,5.3675,OK,0
2026-07-10 14:17:10,F3,5.3648,OK,0
2026-07-10 14:17:21,F3,5.3620,OK,0
2026-07-10 14:17:31,F3,5.3593,OK,0
2026-07-10 14:17:41,F3,5.3566,OK,0
2026-07-10 14:17:51,F3,5.3539,OK,0
2026-07-10 14:18:02,F3,5.3512,OK,0
2026-07-10 14:18:12,F3,5.3486,OK,0
2026-07-10 14:18:22,F3,5.3459,OK,0
2026-07-10 14:18:33,F3,5.3433,OK,0
2026-07-10 14:18:43,F3,5.3407,OK,0
2026-07-10 14:18:53,F3,5.3381,OK,0
2026-07-10 14:19:03,F3,5.3355,OK,0
2026-07-10 14:19:14,F3,5.3330,OK,0
2026-07-10 14:19:24,F3,5.3305,OK,0
2026-07-10 14:19:34,F3,5.3280,OK,0
2026-07-10 14:19:44,F3,5.3255,OK,0
2026-07-10 14:19:55,F3,5.3230,OK,0
2026-07-10 14:20:05,F3,5.3205,OK,0
2026-07-10 14:20:15,F3,5.3181,OK,0
2026-07-10 14:20:25,F3,5.3157,OK,0
2026-07-10 14:20:36,F3,5.3133,OK,0
2026-07-10 14:20:46,F3,5.3109,OK,0
2026-07-10 14:20:56,F3,5.3085,OK,0
2026-07-10 14:21:07,F3,5.3062,OK,0
2026-07-10 14:21:17,F3,5.3039,OK,0
2026-07-10 14:21:27,F3,5.3016,OK,0
2026-07-10 14:21:37,F3,5.2993,OK,0
2026-07-10 14:21:48,F3,5.2970,OK,0
2026-07-10 14:21:58,F3,5.2947,OK,0
2026-07-10 14:22:08,F3,5.2925,OK,0
2026-07-10 14:22:18,F3,5.2903,OK,0
2026-07-10 14:22:29,F3,5.2881,OK,0
2026-07-10 14:22:39,F3,5.2859,OK,0
2026-07-10 14:22:49,F3,5.2837,OK,0
2026-07-10 14:23:00,F3,5.2816,OK,0
2026-07-10 14:23:10,F3,5.2795,OK,0
2026-07-10 14:23:20,F3,5.2774,OK,0
2026-07-10 14:23:30,F3,5.2753,OK,0
2026-07-10 14:23:41,F3,5.2732,OK,0
2026-07-10 14:23:51,F3,5.2711,OK,0
2026-07-10 14:24:01,F3,5.2691,OK,0
2026-07-10 14:24:11,F3,5.2671,OK,0
2026-07-10 14:24:22,F3,5.2650,OK,0
2026-07-10 14:24:32,F3,5.2631,OK,0
2026-07-10 14:24:42,F3,5.2611,OK,0
2026-07-10 14:24:53,F3,5.2591,OK,0
2026-07-10 14:25:03,F3,5.2572,OK,0
2026-07-10 14:25:13,F3,5.2552,OK,0
2026-07-10 14:25:23,F3,5.2533,OK,0
2026-07-10 14:25:34,F3,5.2514,OK,0
2026-07-10 14:25:44,F3,5.2496,OK,0
2026-07-10 14:25:54,F3,5.2477,OK,0
2026-07-10 14:26:05,F3,5.2458,OK,0
2026-07-10 14:26:15,F3,5.2440,OK,0
2026-07-10 14:26:25,F3,5.2422,OK,0
2026-07-10 14:26:35,F3,5.2404,OK,0
2026-07-10 14:26:46,F3,5.2386,OK,0
2026-07-10 14:26:56,F3,5.2368,OK,0
2026-07-10 14:27:06,F3,5.2351,OK,0
2026-07-10 14:27:16,F3,5.2333,OK,0
2026-07-10 14:27:27,F3,5.2316,OK,0
2026-07-10 14:27:37,F3,5.2299,OK,0
2026-07-10 14:27:47,F3,5.2282,OK,0
2026-07-10 14:27:58,F3,5.2265,OK,0
2026-07-10 14:28:08,F3,5.2249,OK,0
2026-07-10 14:28:18,F3,5.2232,OK,0
2026-07-10 14:28:28,F3,5.2216,OK,0
2026-07-10 14:28:39,F3,5.2200,OK,0
2026-07-10 14:28:49,F3,5.2184,OK,0
2026-07-10 14:28:59,F3,5.2168,OK,0
2026-07-10 14:29:09,F3,5.2152,OK,0
2026-07-10 14:29:20,F3,5.2137,OK,0
2026-07-10 14:29:30,F3,5.2121,OK,0
2026-07-10 14:29:40,F3,5.2106,OK,0
2026-07-10 14:29:51,F3,5.2091,OK,0
2026-07-10 14:30:01,F3,5.2076,OK,0
2026-07-10 14:30:11,F3,5.2061,OK,0
2026-07-10 14:30:21,F3,5.2047,OK,0
2026-07-10 14:30:32,F3,5.2032,OK,0
2026-07-10 14:30:42,F3,5.2018,OK,0
2026-07-10 14:30:52,F3,5.2004,OK,0
2026-07-10 14:31:02,F3,5.1990,OK,0
2026-07-10 14:31:13,F3,5.1976,OK,0
2026-07-10 14:31:23,F3,5.1962,OK,0
2026-07-10 14:31:33,F3,5.1949,OK,0
2026-07-10 14:31:43,F3,5.1935,OK,0
2026-07-10 14:31:54,F3,5.1922,OK,0
2026-07-10 14:32:04,F3,5.1909,OK,0
2026-07-10 14:32:14,F3,5.1896,OK,0
2026-07-10 14:32:25,F3,5.1883,OK,0
2026-07-10 14:32:35,F3,5.1871,OK,0
2026-07-10 14:32:45,F3,5.1858,OK,0
2026-07-10 14:32:55,F3,5.1846,OK,0
2026-07-10 14:33:06,F3,5.1833,OK,0
2026-07-10 14:33:16,F3,5.1821,OK,0
2026-07-10 14:33:26,F3,5.1809,OK,0
2026-07-10 14:33:37,F3,5.1798,OK,0
2026-07-10 14:33:47,F3,5.1786,OK,0
2026-07-10 14:33:57,F3,5.1774,OK,0
2026-07-10 14:34:07,F3,5.1763,OK,0
2026-07-10 14:34:18,F3,5.1752,OK,0
2026-07-10 14:34:28,F3,5.1741,OK,0
2026-07-10 14:34:38,F3,5.1730,OK,0
2026-07-10 14:34:49,F3,5.1719,OK,0
2026-07-10 14:34:59,F3,5.1708,OK,0
2026-07-10 14:35:09,F3,5.1697,OK,0
2026-07-10 14:35:19,F3,5.1687,OK,0
2026-07-10 14:35:30,F3,5.1677,OK,0
2026-07-10 14:35:40,F3,5.1667,OK,0
2026-07-10 14:35:50,F3,5.1657,OK,0
2026-07-10 14:36:01,F3,5.1647,OK,0
2026-07-10 14:36:11,F3,5.1637,OK,0
2026-07-10 14:36:21,F3,5.1627,OK,0
2026-07-10 14:36:31,F3,5.1618,OK,0
2026-07-10 14:36:42,F3,5.1608,OK,0
2026-07-10 14:36:52,F3,5.1599,OK,0
2026-07-10 14:37:02,F3,5.1590,OK,0
2026-07-10 14:37:12,F3,5.1581,OK,0
2026-07-10 14:37:23,F3,5.1572,OK,0
2026-07-10 14:37:33,F3,5.1563,OK,0
2026-07-10 14:37:43,F3,5.1555,OK,0
2026-07-10 14:37:53,F3,5.1546,OK,0
2026-07-10 14:38:04,F3,5.1538,OK,0
2026-07-10 14:38:14,F3,5.1530,OK,0
2026-07-10 14:38:24,F3,5.1521,OK,0
2026-07-10 14:38:35,F3,5.1513,OK,0
2026-07-10 14:38:45,F3,5.1505,OK,0
2026-07-10 14:38:55,F3,5.1498,OK,0
2026-07-10 14:39:05,F3,5.1490,OK,0
2026-07-10 14:39:16,F3,5.1482,OK,0
2026-07-10 14:39:26,F3,5.1475,OK,0
2026-07-10 14:39:36,F3,5.1467,OK,0
2026-07-10 14:39:46,F3,5.1460,OK,0
2026-07-10 14:39:57,F3,5.1453,OK,0
2026-07-10 14:40:07,F3,5.1446,OK,0
2026-07-10 14:40:17,F3,5.1439,OK,0
2026-07-10 14:40:28,F3,5.1432,OK,0
2026-07-10 14:40:38,F3,5.1425,OK,0
2026-07-10 14:40:48,F3,5.1418,OK,0
2026-07-10 14:40:59,F3,5.1412,OK,0
2026-07-10 14:41:09,F3,5.1405,OK,0
2026-07-10 14:41:19,F3,5.1399,OK,0
2026-07-10 14:41:29,F3,5.1392,OK,0
2026-07-10 14:41:40,F3,5.1386,OK,0
2026-07-10 14:41:50,F3,5.1380,OK,0
2026-07-10 14:42:00,F3,5.1374,OK,0
2026-07-10 14:42:10,F3,5.1368,OK,0
2026-07-10 14:42:21,F3,5.1362,OK,0
2026-07-10 14:42:31,F3,5.1356,OK,0
2026-07-10 14:42:41,F3,5.1350,OK,0
2026-07-10 14:42:51,F3,5.1344,OK,0
2026-07-10 14:43:02,F3,5.1338,OK,0
2026-07-10 14:43:12,F3,5.1333,OK,0
2026-07-10 14:43:22,F3,5.1327,OK,0
2026-07-10 14:43:33,F3,5.1322,OK,0
2026-07-10 14:43:43,F3,5.1316,OK,0
2026-07-10 14:43:53,F3,5.1311,OK,0
2026-07-10 14:44:03,F3,5.1306,OK,0
2026-07-10 14:44:14,F3,5.1300,OK,0
2026-07-10 14:44:24,F3,5.1295,OK,0
2026-07-10 14:44:34,F3,5.1290,OK,0
2026-07-10 14:44:44,F3,5.1285,OK,0
2026-07-10 14:44:55,F3,5.1280,OK,0
2026-07-10 14:45:05,F3,5.1275,OK,0
2026-07-10 14:45:15,F3,5.1270,OK,0
2026-07-10 14:45:25,F3,5.1265,OK,0
2026-07-10 14:45:36,F3,5.1260,OK,0
2026-07-10 14:45:46,F3,5.1255,OK,0
2026-07-10 14:45:56,F3,5.1251,OK,0
2026-07-10 14:46:06,F3,5.1246,OK,0
2026-07-10 14:46:17,F3,5.1242,OK,0
2026-07-10 14:46:27,F3,5.1237,OK,0
2026-07-10 14:46:37,F3,5.1232,OK,0
2026-07-10 14:46:47,F3,5.1228,OK,0
2026-07-10 14:46:58,F3,5.1224,OK,0
2026-07-10 14:47:08,F3,5.1219,OK,0
2026-07-10 14:47:18,F3,5.1215,OK,0
2026-07-10 14:47:29,F3,5.1211,OK,0
2026-07-10 14:47:39,F3,5.1206,OK,0
2026-07-10 14:47:49,F3,5.1202,OK,0
2026-07-10 14:47:59,F3,5.1198,OK,0
2026-07-10 14:48:10,F3,5.1194,OK,0
2026-07-10 14:48:20,F3,5.1190,OK,0
2026-07-10 14:48:30,F3,5.1186,OK,0
2026-07-10 14:48:40,F3,5.1182,OK,0
2026-07-10 14:48:51,F3,5.1178,OK,0
2026-07-10 14:49:01,F3,5.1174,OK,0
2026-07-10 14:49:11,F3,5.1170,OK,0
2026-07-10 14:49:21,F3,5.1166,OK,0
2026-07-10 14:49:32,F3,5.1162,OK,0
2026-07-10 14:49:42,F3,5.1158,OK,0
2026-07-10 14:49:52,F3,5.1154,OK,0
2026-07-10 14:50:02,F3,5.1151,OK,0
2026-07-10 14:50:13,F3,5.1147,OK,0
2026-07-10 14:50:23,F3,5.1143,OK,0
2026-07-10 14:50:33,F3,5.1140,OK,0
2026-07-10 14:50:43,F3,5.1136,OK,0
2026-07-10 14:50:54,F3,5.1133,OK,0
2026-07-10 14:51:04,F3,5.1129,OK,0
2026-07-10 14:51:14,F3,5.1126,OK,0
2026-07-10 14:51:24,F3,5.1122,OK,0
2026-07-10 14:51:35,F3,5.1119,OK,0
2026-07-10 14:51:45,F3,5.1116,OK,0
2026-07-10 14:51:55,F3,5.1112,OK,0
2026-07-10 14:52:06,F3,5.1109,OK,0
2026-07-10 14:52:16,F3,5.1106,OK,0
2026-07-10 14:52:26,F3,5.1103,OK,0
2026-07-10 14:52:36,F3,5.1100,OK,0
2026-07-10 14:52:47,F3,5.1097,OK,0
2026-07-10 14:52:57,F3,5.1094,OK,0
2026-07-10 14:53:07,F3,5.1091,OK,0
2026-07-10 14:53:18,F3,5.1088,OK,0
2026-07-10 14:53:28,F3,5.1085,OK,0
2026-07-10 14:53:38,F3,5.1082,OK,0
2026-07-10 14:53:48,F3,5.1080,OK,0
2026-07-10 14:53:59,F3,5.1077,OK,0
2026-07-10 14:54:09,F3,5.1074,OK,0
2026-07-10 14:54:19,F3,5.1072,OK,0
2026-07-10 14:54:29,F3,5.1069,OK,0
2026-07-10 14:54:40,F3,5.1067,OK,0
2026-07-10 14:54:50,F3,5.1064,OK,0
2026-07-10 14:55:00,F3,5.1062,OK,0
2026-07-10 14:55:10,F3,5.1059,OK,0
2026-07-10 14:55:21,F3,5.1057,OK,0
2026-07-10 14:55:31,F3,5.1055,OK,0
2026-07-10 14:55:41,F3,5.1052,OK,0
2026-07-10 14:55:51,F3,5.1050,OK,0
2026-07-10 14:56:02,F3,5.1048,OK,0
2026-07-10 14:56:12,F3,5.1046,OK,0
2026-07-10 14:56:22,F3,5.1044,OK,0
2026-07-10 14:56:33,F3,5.1041,OK,0
2026-07-10 14:56:43,F3,5.1039,OK,0
2026-07-10 14:56:53,F3,5.1037,OK,0
2026-07-10 14:57:03,F3,5.1035,OK,0
2026-07-10 14:57:14,F3,5.1033,OK,0
2026-07-10 14:57:24,F3,5.1031,OK,0
2026-07-10 14:57:34,F3,5.1029,OK,0
2026-07-10 14:57:44,F3,5.1028,OK,0
2026-07-10 14:57:55,F3,5.1026,OK,0
2026-07-10 14:58:05,F3,5.1024,OK,0
2026-07-10 14:58:15,F3,5.1022,OK,0
2026-07-10 14:58:26,F3,5.1020,OK,0
2026-07-10 14:58:36,F3,5.1019,OK,0
2026-07-10 14:58:46,F3,5.1017,OK,0
2026-07-10 14:58:56,F3,5.1015,OK,0
2026-07-10 14:59:07,F3,5.1014,OK,0
2026-07-10 14:59:17,F3,5.1012,OK,0
2026-07-10 14:59:27,F3,5.1011,OK,0
2026-07-10 14:59:37,F3,5.1009,OK,0
2026-07-10 14:59:48,F3,5.1008,OK,0
2026-07-10 14:59:58,F3,5.1006,OK,0
2026-07-10 15:00:08,F3,5.1005,OK,0
2026-07-10 15:00:18,F3,5.1003,OK,0
2026-07-10 15:00:29,F3,5.1002,OK,0
2026-07-10 15:00:39,F3,5.1001,OK,0
2026-07-10 15:00:49,F3,5.1000,OK,0
2026-07-10 15:01:00,F3,5.0998,OK,0
2026-07-10 15:01:10,F3,5.0997,OK,0
2026-07-10 15:01:20,F3,5.0996,OK,0
2026-07-10 15:01:30,F3,5.0995,OK,0
2026-07-10 15:01:41,F3,5.0994,OK,0
2026-07-10 15:01:51,F3,5.0993,OK,1
2026-07-10 15:02:01,F3,5.0993,OK,1
2026-07-10 15:02:12,F3,5.0992,OK,0
2026-07-10 15:02:22,F3,5.0991,OK,0
2026-07-10 15:02:32,F3,5.0990,OK,0
2026-07-10 15:02:43,F3,5.0990,OK,0
2026-07-10 15:02:53,F3,5.0989,OK,0
2026-07-10 15:03:03,F3,5.0989,OK,0
2026-07-10 15:03:13,F3,5.0988,OK,0
2026-07-10 15:03:24,F3,5.0988,OK,0
2026-07-10 15:03:34,F3,5.0987,OK,0
2026-07-10 15:03:44,F3,5.0987,OK,0
2026-07-10 15:03:54,F3,5.0987,OK,0
2026-07-10 15:04:05,F3,5.0986,OK,0
2026-07-10 15:04:15,F3,5.0986,OK,0
2026-07-10 15:04:25,F3,5.0986,OK,0
2026-07-10 15:04:35,F3,5.0986,OK,0
2026-07-10 15:04:46,F3,5.0986,OK,0
2026-07-10 15:04:56,F3,5.0986,OK,0
2026-07-10 15:05:06,F3,5.0986,OK,0
2026-07-10 15:05:16,F3,5.0986,OK,0
2026-07-10 15:05:27,F3,5.0986,OK,0
2026-07-10 15:05:37,F3,5.0986,OK,0
2026-07-10 15:05:47,F3,5.0986,OK,0
2026-07-10 15:05:58,F3,5.0986,OK,0
2026-07-10 15:06:08,F3,5.0987,OK,0
2026-07-10 15:06:18,F3,5.0987,OK,0
2026-07-10 15:06:28,F3,5.0987,OK,0
2026-07-10 15:06:39,F3,5.0988,OK,0
2026-07-10 15:06:49,F3,5.0988,OK,0
2026-07-10 15:06:59,F3,5.0988,OK,0
2026-07-10 15:07:09,F3,5.0989,OK,0
2026-07-10 15:07:20,F3,5.0990,OK,0
2026-07-10 15:07:30,F3,5.0990,OK,0
2026-07-10 15:07:40,F3,5.0991,OK,0
2026-07-10 15:07:51,F3,5.0991,OK,0
2026-07-10 15:08:01,F3,5.0992,OK,0
2026-07-10 15:08:11,F3,5.0993,OK,0
2026-07-10 15:08:21,F3,5.0994,OK,0
2026-07-10 15:08:32,F3,5.0994,OK,0
2026-07-10 15:08:42,F3,5.0995,OK,0
2026-07-10 15:08:52,F3,5.0996,OK,0
2026-07-10 15:09:02,F3,5.0997,OK,0
2026-07-10 15:09:13,F3,5.0998,OK,0
2026-07-10 15:09:23,F3,5.0999,OK,0
2026-07-10 15:09:33,F3,5.1000,OK,0
2026-07-10 15:09:44,F3,5.1001,OK,0
2026-07-10 15:09:54,F3,5.1002,OK,0
2026-07-10 15:10:04,F3,5.1003,OK,0
2026-07-10 15:10:14,F3,5.1005,OK,0
2026-07-10 15:10:25,F3,5.1006,OK,1
2026-07-10 15:10:35,F3,5.1007,OK,0
2026-07-10 15:10:45,F3,5.1008,OK,0
2026-07-10 15:10:56,F3,5.1010,OK,0
2026-07-10 15:11:06,F3,5.1011,OK,0
2026-07-10 15:11:16,F3,5.1012,OK,0
2026-07-10 15:11:26,F3,5.1014,OK,0
2026-07-10 15:11:37,F3,5.1015,OK,0
2026-07-10 15:11:47,F3,5.1017,OK,0
2026-07-10 15:11:57,F3,5.1019,OK,0
2026-07-10 15:12:07,F3,5.1020,OK,0
2026-07-10 15:12:18,F3,5.1022,OK,0
2026-07-10 15:12:28,F3,5.1023,OK,0
2026-07-10 15:12:38,F3,5.1025,OK,0
2026-07-10 15:12:48,F3,5.1027,OK,0
2026-07-10 15:12:59,F3,5.1029,OK,0
2026-07-10 15:13:09,F3,5.1031,OK,0
2026-07-10 15:13:19,F3,5.1032,OK,0
2026-07-10 15:13:30,F3,5.1034,OK,0
2026-07-10 15:13:40,F3,5.1036,OK,0
2026-07-10 15:13:50,F3,5.1038,OK,0
2026-07-10 15:14:00,F3,5.1040,OK,0
2026-07-10 15:14:11,F3,5.1042,OK,0
2026-07-10 15:14:21,F3,5.1044,OK,0
2026-07-10 15:14:31,F3,5.1046,OK,0
2026-07-10 15:14:41,F3,5.1048,OK,0
2026-07-10 15:14:52,F3,5.1051,OK,0
2026-07-10 15:15:02,F3,5.1053,OK,0
2026-07-10 15:15:12,F3,5.1055,OK,0
2026-07-10 15:15:23,F3,5.1057,OK,0
2026-07-10 15:15:33,F3,5.1059,OK,0
2026-07-10 15:15:43,F3,5.1062,OK,0
2026-07-10 15:15:54,F3,5.1064,OK,0
2026-07-10 15:16:04,F3,5.1066,OK,0
2026-07-10 15:16:14,F3,5.1069,OK,0
2026-07-10 15:16:24,F3,5.1071,OK,0
2026-07-10 15:16:35,F3,5.1073,OK,0
2026-07-10 15:16:45,F3,5.1076,OK,0
2026-07-10 15:16:55,F3,5.1078,OK,0
2026-07-10 15:17:05,F3,5.1081,OK,0
2026-07-10 15:17:16,F3,5.1083,OK,0
2026-07-10 15:17:26,F3,5.1086,OK,0
2026-07-10 15:17:36,F3,5.1088,OK,0
2026-07-10 15:17:46,F3,5.1091,OK,0
2026-07-10 15:17:57,F3,5.1093,OK,0
2026-07-10 15:18:07,F3,5.1096,OK,0
2026-07-10 15:18:17,F3,5.1098,OK,0
2026-07-10 15:18:28,F3,5.1101,OK,0
2026-07-10 15:18:38,F3,5.1103,OK,0
2026-07-10 15:18:48,F3,5.1106,OK,0
2026-07-10 15:18:58,F3,5.1108,OK,0
2026-07-10 15:19:09,F3,5.1111,OK,0
2026-07-10 15:19:19,F3,5.1113,OK,0
2026-07-10 15:19:29,F3,5.1116,OK,0
2026-07-10 15:19:39,F3,5.1118,OK,0
2026-07-10 15:19:50,F3,5.1121,OK,0
2026-07-10 15:20:00,F3,5.1123,OK,0
2026-07-10 15:20:10,F3,5.1126,OK,0
2026-07-10 15:20:21,F3,5.1128,OK,0
2026-07-10 15:20:31,F3,5.1131,OK,0
2026-07-10 15:20:41,F3,5.1133,OK,0
2026-07-10 15:20:51,F3,5.1136,OK,0
2026-07-10 15:21:02,F3,5.1138,OK,0
2026-07-10 15:21:12,F3,5.1141,OK,0
2026-07-10 15:21:22,F3,5.1143,OK,0
2026-07-10 15:21:32,F3,5.1145,OK,0
2026-07-10 15:21:43,F3,5.1148,OK,0
2026-07-10 15:21:53,F3,5.1150,OK,0
2026-07-10 15:22:03,F3,5.1152,OK,0
2026-07-10 15:22:13,F3,5.1155,OK,0
2026-07-10 15:22:24,F3,5.1157,OK,0
2026-07-10 15:22:34,F3,5.1159,OK,0
2026-07-10 15:22:44,F3,5.1161,OK,0
2026-07-10 15:22:54,F3,5.1163,OK,0
2026-07-10 15:23:05,F3,5.1165,OK,0
2026-07-10 15:23:15,F3,5.1167,OK,0
2026-07-10 15:23:25,F3,5.1169,OK,0
2026-07-10 15:23:36,F3,5.1171,OK,0
2026-07-10 15:23:46,F3,5.1173,OK,0
2026-07-10 15:23:56,F3,5.1174,OK,0
2026-07-10 15:24:06,F3,5.1176,OK,0
2026-07-10 15:24:17,F3,5.1178,OK,0
2026-07-10 15:24:27,F3,5.1179,OK,0
2026-07-10 15:24:37,F3,5.1181,OK,0
2026-07-10 15:24:47,F3,5.1182,OK,0
2026-07-10 15:24:58,F3,5.1184,OK,0
2026-07-10 15:25:08,F3,5.1185,OK,0
2026-07-10 15:25:18,F3,5.1186,OK,0
2026-07-10 15:25:29,F3,5.1187,OK,0
2026-07-10 15:25:39,F3,5.1188,OK,0
2026-07-10 15:25:49,F3,5.1189,OK,0
2026-07-10 15:25:59,F3,5.1190,OK,0
2026-07-10 15:26:10,F3,5.1191,OK,0
2026-07-10 15:26:20,F3,5.1192,OK,0
2026-07-10 15:26:30,F3,5.1193,OK,0
2026-07-10 15:26:40,F3,5.1193,OK,0
2026-07-10 15:26:51,F3,5.1194,OK,0
2026-07-10 15:27:01,F3,5.1194,OK,0
2026-07-10 15:27:11,F3,5.1195,OK,0
2026-07-10 15:27:21,F3,5.1195,OK,0
2026-07-10 15:27:32,F3,5.1195,OK,0
2026-07-10 15:27:42,F3,5.1195,OK,0
2026-07-10 15:27:52,F3,5.1195,OK,0
2026-07-10 15:28:02,F3,5.1195,OK,0
2026-07-10 15:28:13,F3,5.1195,OK,0
2026-07-10 15:28:23,F3,5.1195,OK,0
2026-07-10 15:28:33,F3,5.1194,OK,0
2026-07-10 15:28:43,F3,5.1194,OK,0
2026-07-10 15:28:54,F3,5.1193,OK,0
2026-07-10 15:29:04,F3,5.1193,OK,0
2026-07-10 15:29:14,F3,5.1192,OK,0
2026-07-10 15:29:25,F3,5.1191,OK,0
2026-07-10 15:29:35,F3,5.1190,OK,0
2026-07-10 15:29:45,F3,5.1189,OK,0
2026-07-10 15:29:55,F3,5.1188,OK,0
2026-07-10 15:30:06,F3,5.1186,OK,0
2026-07-10 15:30:16,F3,5.1185,OK,0
2026-07-10 15:30:26,F3,5.1184,OK,0
2026-07-10 15:30:36,F3,5.1182,OK,0
2026-07-10 15:30:47,F3,5.1180,OK,0
2026-07-10 15:30:57,F3,5.1178,OK,0
2026-07-10 15:31:07,F3,5.1176,OK,0
2026-07-10 15:31:17,F3,5.1174,OK,0
2026-07-10 15:31:28,F3,5.1172,OK,0
2026-07-10 15:31:38,F3,5.1169,OK,0
2026-07-10 15:31:48,F3,5.1167,OK,0
2026-07-10 15:31:58,F3,5.1164,OK,0
2026-07-10 15:32:09,F3,5.1162,OK,0
2026-07-10 15:32:19,F3,5.1159,OK,0
2026-07-10 15:32:29,F3,5.1156,OK,0
2026-07-10 15:32:39,F3,5.1153,OK,0
2026-07-10 15:32:50,F3,5.1149,OK,0
2026-07-10 15:33:00,F3,5.1146,OK,0
2026-07-10 15:33:10,F3,5.1143,OK,0
2026-07-10 15:33:20,F3,5.1139,OK,0
2026-07-10 15:33:31,F3,5.1135,OK,0
2026-07-10 15:33:41,F3,5.1131,OK,0
2026-07-10 15:33:51,F3,5.1127,OK,0
2026-07-10 15:34:02,F3,5.1123,OK,0
2026-07-10 15:34:12,F3,5.1119,OK,0
2026-07-10 15:34:22,F3,5.1115,OK,0
2026-07-10 15:34:32,F3,5.1110,OK,0
2026-07-10 15:34:43,F3,5.1106,OK,0
2026-07-10 15:34:53,F3,5.1101,OK,0
2026-07-10 15:35:03,F3,5.1096,OK,0
2026-07-10 15:35:13,F3,5.1091,OK,0
2026-07-10 15:35:24,F3,5.1086,OK,0
2026-07-10 15:35:34,F3,5.1081,OK,0
2026-07-10 15:35:44,F3,5.1075,OK,0
2026-07-10 15:35:55,F3,5.1070,OK,0
2026-07-10 15:36:05,F3,5.1064,OK,0
2026-07-10 15:36:15,F3,5.1058,OK,0
2026-07-10 15:36:25,F3,5.1052,OK,0
2026-07-10 15:36:36,F3,5.1046,OK,0
2026-07-10 15:36:46,F3,5.1040,OK,0
2026-07-10 15:36:56,F3,5.1033,OK,0
2026-07-10 15:37:06,F3,5.1027,OK,0
2026-07-10 15:37:17,F3,5.1020,OK,0
2026-07-10 15:37:27,F3,5.1013,OK,0
2026-07-10 15:37:37,F3,5.1006,OK,0
2026-07-10 15:37:48,F3,5.0999,OK,0
2026-07-10 15:37:58,F3,5.0991,OK,0
2026-07-10 15:38:08,F3,5.0984,OK,0
2026-07-10 15:38:18,F3,5.0976,OK,0
2026-07-10 15:38:29,F3,5.0969,OK,0
2026-07-10 15:38:39,F3,5.0961,OK,0
2026-07-10 15:38:49,F3,5.0953,OK,0
2026-07-10 15:38:59,F3,5.0944,OK,0
2026-07-10 15:39:10,F3,5.0936,OK,0
2026-07-10 15:39:20,F3,5.0928,OK,0
2026-07-10 15:39:30,F3,5.0919,OK,0
2026-07-10 15:39:41,F3,5.0910,OK,1
2026-07-10 15:39:51,F3,5.0901,OK,0
2026-07-10 15:40:01,F3,5.0892,OK,0
2026-07-10 15:40:11,F3,5.0883,OK,0
2026-07-10 15:40:22,F3,5.0873,OK,0
2026-07-10 15:40:32,F3,5.0864,OK,0
2026-07-10 15:40:42,F3,5.0854,OK,0
2026-07-10 15:40:53,F3,5.0844,OK,0
2026-07-10 15:41:03,F3,5.0834,OK,1
2026-07-10 15:41:13,F3,5.0824,OK,0
2026-07-10 15:41:23,F3,5.0813,OK,0
2026-07-10 15:41:34,F3,5.0803,OK,0
2026-07-10 15:41:44,F3,5.0792,OK,0
2026-07-10 15:41:54,F3,5.0781,OK,0
2026-07-10 15:42:04,F3,5.0770,OK,0
2026-07-10 15:42:15,F3,5.0759,OK,0
2026-07-10 15:42:25,F3,5.0747,OK,0
2026-07-10 15:42:35,F3,5.0736,OK,0
2026-07-10 15:42:45,F3,5.0724,OK,0
2026-07-10 15:42:56,F3,5.0712,OK,0
2026-07-10 15:43:06,F3,5.0700,OK,0
2026-07-10 15:43:16,F3,5.0688,OK,0
2026-07-10 15:43:26,F3,5.0675,OK,0
2026-07-10 15:43:37,F3,5.0663,OK,0
2026-07-10 15:43:47,F3,5.0650,OK,0
2026-07-10 15:43:57,F3,5.0637,OK,0
2026-07-10 15:44:07,F3,5.0624,OK,0
2026-07-10 15:44:18,F3,5.0611,OK,0
2026-07-10 15:44:28,F3,5.0598,OK,0
2026-07-10 15:44:38,F3,5.0584,OK,0
2026-07-10 15:44:48,F3,5.0570,OK,0
2026-07-10 15:44:59,F3,5.0557,OK,0
2026-07-10 15:45:09,F3,5.0542,OK,0
2026-07-10 15:45:19,F3,5.0528,OK,0
2026-07-10 15:45:30,F3,5.0514,OK,0
2026-07-10 15:45:40,F3,5.0499,OK,0
2026-07-10 15:45:50,F3,5.0485,OK,0
2026-07-10 15:46:00,F3,5.0470,OK,0
2026-07-10 15:46:11,F3,5.0455,OK,0
2026-07-10 15:46:21,F3,5.0440,OK,0
2026-07-10 15:46:31,F3,5.0425,OK,0
2026-07-10 15:46:41,F3,5.0409,OK,0
2026-07-10 15:46:52,F3,5.0394,OK,0
2026-07-10 15:47:02,F3,5.0378,OK,0
2026-07-10 15:47:12,F3,5.0362,OK,0
2026-07-10 15:47:22,F3,5.0346,OK,0
2026-07-10 15:47:33,F3,5.0330,OK,0
2026-07-10 15:47:43,F3,5.0314,OK,0
2026-07-10 15:47:53,F3,5.0297,OK,0
2026-07-10 15:48:04,F3,5.0281,OK,0
2026-07-10 15:48:14,F3,5.0264,OK,0
2026-07-10 15:48:24,F3,5.0248,OK,0
2026-07-10 15:48:34,F3,5.0231,OK,0
2026-07-10 15:48:45,F3,5.0214,OK,0
2026-07-10 15:48:55,F3,5.0197,OK,0
2026-07-10 15:49:05,F3,5.0180,OK,0
2026-07-10 15:49:15,F3,5.0162,OK,0
2026-07-10 15:49:26,F3,5.0145,OK,0
2026-07-10 15:49:36,F3,5.0128,OK,0
2026-07-10 15:49:46,F3,5.0110,OK,0
2026-07-10 15:49:57,F3,5.0092,OK,0
2026-07-10 15:50:07,F3,5.0075,OK,0
2026-07-10 15:50:17,F3,5.0057,OK,0
2026-07-10 15:50:27,F3,5.0039,OK,0
2026-07-10 15:50:38,F3,5.0021,OK,0
2026-07-10 15:50:48,F3,5.0003,OK,0
2026-07-10 15:50:58,F3,4.9984,OK,0
2026-07-10 15:51:08,F3,4.9966,OK,0
2026-07-10 15:51:19,F3,4.9948,OK,0
2026-07-10 15:51:29,F3,4.9929,OK,0
2026-07-10 15:51:39,F3,4.9911,OK,0
2026-07-10 15:51:49,F3,4.9892,OK,0
2026-07-10 15:52:00,F3,4.9873,OK,0
2026-07-10 15:52:10,F3,4.9855,OK,0
2026-07-10 15:52:20,F3,4.9836,OK,0
2026-07-10 15:52:30,F3,4.9817,OK,0
2026-07-10 15:52:41,F3,4.9798,OK,0
2026-07-10 15:52:51,F3,4.9779,OK,0
2026-07-10 15:53:01,F3,4.9760,OK,0
2026-07-10 15:53:12,F3,4.9741,OK,0
2026-07-10 15:53:22,F3,4.9722,OK,0
2026-07-10 15:53:32,F3,4.9703,OK,0
2026-07-10 15:53:42,F3,4.9683,OK,0
2026-07-10 15:53:53,F3,4.9664,OK,0
2026-07-10 15:54:03,F3,4.9645,OK,0
