policy,candidate,family,medium,horizon_h,n_full_samples,n_small_samples,sample_volume_ml,hybrid_score,dopt_score,new_logdet,new_min_eigenvalue,new_max_eigenvalue,new_min_relative_eigenvalue,new_condition_number,new_trace_inv,new_rank_1e-8,combined_logdet,combined_min_eigenvalue,combined_max_eigenvalue,combined_min_relative_eigenvalue,combined_condition_number,combined_trace_inv,combined_rank_1e-8,var_ratio_mu0,var_reduction_mu0,var_ratio_qN,var_reduction_qN,var_ratio_betaG0,var_reduction_betaG0,var_ratio_betaF0,var_reduction_betaF0,var_ratio_qEG,var_reduction_qEG,var_ratio_qEF,var_reduction_qEF,var_ratio_iG,var_reduction_iG,var_ratio_iE,var_reduction_iE,var_ratio_Kd0,var_reduction_Kd0,var_ratio_gammaG0,var_reduction_gammaG0,var_ratio_gammaF0,var_reduction_gammaF0,var_ratio_kPyrS_N,var_reduction_kPyrS_N,var_ratio_kPyrO2,var_reduction_kPyrO2,var_ratio_kPyrDrain,var_reduction_kPyrDrain,var_ratio_kAldS_N,var_reduction_kAldS_N,var_ratio_kAcAld,var_reduction_kAcAld,var_ratio_kAcStress,var_reduction_kAcStress,var_ratio_k_EA_growth,var_reduction_k_EA_growth,var_ratio_k_EA_stationary,var_reduction_k_EA_stationary,var_ratio_k_IAA_growth,var_reduction_k_IAA_growth,var_ratio_k_IAA_stationary,var_reduction_k_IAA_stationary,var_ratio_k_EO_growth,var_reduction_k_EO_growth,var_ratio_k_EO_stationary,var_reduction_k_EO_stationary,var_ratio_alpha_EA_loss,var_reduction_alpha_EA_loss,var_ratio_alpha_IAA_loss,var_reduction_alpha_IAA_loss,var_ratio_alpha_EO_loss,var_reduction_alpha_EO_loss,new_param_mean_var_reduction,new_param_worst_var_reduction
full10_small10,natural_control_18C,natural_baseline,natural,216.0,10,10,580.0,95.24758370927907,124.02327166879006,61.35182870519609,-2.2260783369777958e-14,12484.622072243033,-1.783056246393729e-18,1000000000000.0,1020845.6570213233,25,124.02327166879006,0.10021775553239504,164299.47168505282,6.099700413188387e-07,1639424.7786954637,22.635499474953885,26,0.956417926274469,0.04358207372553102,0.9330416246007298,0.06695837539927019,0.8996977422404592,0.10030225775954082,0.9038031411628151,0.09619685883718487,0.8195046012169654,0.18049539878303456,0.8555452414553129,0.14445475854468715,0.9500991934211976,0.04990080657880236,0.841692339313539,0.15830766068646096,0.9850262883891201,0.014973711610879903,0.9283356466654091,0.07166435333459087,0.9842912852152349,0.0157087147847651,3.293768181942238e-06,0.999996706231818,0.00010351247617247196,0.9998964875238275,1.417389674245545e-05,0.9999858261032576,5.862177901268824e-08,0.999999941378221,5.275074036108903e-05,0.999947249259639,4.2055749194520084e-07,0.9999995794425081,0.09991338286278799,0.900086617137212,0.006815289165315299,0.9931847108346847,0.16608000400035744,0.8339199959996426,0.005753292512283377,0.9942467074877166,0.15035834225069014,0.8496416577493099,0.005934701965937028,0.994065298034063,0.7475787515013873,0.2524212484986127,0.6701850743963612,0.3298149256036388,0.5337004235080514,0.46629957649194864,0.7830570515035432,0.2524212484986127
full10_small10,natural_cold_hot_switch,natural_temperature,natural,216.0,10,10,580.0,92.84841919490087,123.51655754785267,62.84787813293912,6.909253012386008e-15,12162.040655166918,5.680998122178355e-19,1000000000000.0,1013823.2565798422,25,123.51655754785267,0.03925232270447438,163608.06851304846,2.3991679054229426e-07,4168111.7763356906,38.23762074555012,26,0.8643185155948014,0.13568148440519856,0.8254355550833781,0.17456444491662193,0.9047640897478246,0.09523591025217537,0.9232467507814542,0.07675324921854576,0.8587967783882742,0.14120322161172583,0.9034876821045018,0.09651231789549819,0.961196965580635,0.038803034419364946,0.8863678998813718,0.11363210011862823,0.9855786628655295,0.014421337134470469,0.9311956477635008,0.06880435223649917,0.9781630023643494,0.021836997635650612,8.540736143821567e-06,0.9999914592638561,0.0002834268896577724,0.9997165731103422,1.4927837651850053e-05,0.9999850721623481,4.8959695754984026e-08,0.9999999510403043,5.6916022748289873e-05,0.9999430839772517,5.060136199089906e-07,0.9999994939863801,0.06433694910428737,0.9356630508957127,0.009750420757502142,0.9902495792424979,0.10947630633279878,0.8905236936672012,0.008283700367404653,0.9917162996325953,0.09815536555920573,0.9018446344407942,0.008428559105490214,0.9915714408945098,0.7586323979051374,0.24136760209486263,0.6856363062007859,0.31436369379921414,0.5434043138865587,0.45659568611344126,0.7921671144313147,0.24136760209486263
full10_small10,natural_glucose_pulse_after_growth,natural_sugar_pulse,natural,216.0,10,10,580.0,98.0025038093181,127.22274204942289,74.10257573011455,0.00011292119971402656,18225.909135057263,6.195641538496663e-09,161403785.83662286,9078.323289103311,25,127.22274204942289,0.08283843933195165,169404.35966418602,4.889982731032666e-07,2044996.9969297212,23.771553709464957,26,0.9509220030047362,0.04907799699526383,0.9253312926800019,0.07466870731999808,0.8674324955758371,0.13256750442416287,0.9309202904193234,0.06907970958067655,0.8382080118038083,0.16179198819619167,0.919531902720665,0.08046809727933502,0.9760845474695986,0.023915452530401393,0.8706501362150038,0.12934986378499624,0.9814273311426156,0.0185726688573844,0.9100056966286062,0.0899943033713938,0.9587175419396251,0.041282458060374894,3.9448812872106254e-06,0.9999960551187128,0.00013091397027522312,0.9998690860297248,1.102922504509149e-05,0.9999889707749549,5.2908663237274405e-08,0.9999999470913368,4.982085465262209e-05,0.9999501791453473,3.5808869374903835e-07,0.9999996419113063,0.076714948449422,0.9232850515505779,0.005618443633817402,0.9943815563661826,0.12971478394777278,0.8702852160522272,0.004700630097676298,0.9952993699023237,0.1169023976633136,0.8830976023366864,0.004699690426898927,0.9953003095731011,0.5194673269122312,0.4805326730877688,0.44050480333886727,0.5594951966611328,0.3275728203690976,0.6724271796309025,0.8521867251106872,0.4805326730877688
full10_small10,synthetic_natural_like_control,synthetic_baseline,synthetic,216.0,10,10,580.0,92.77525284858511,125.75751529520518,64.8824347412465,-1.6221420048727264e-13,12578.715677382046,-1.2895927107960006e-17,1000000000000.0,1001108.3228845872,25,125.75751529520518,0.012662250384565945,164424.92504765606,7.700931218850175e-08,12985442.559884464,87.5026900849248,26,0.9457594595348987,0.054240540465101295,0.9236080914281307,0.07639190857186928,0.898127201095917,0.10187279890408296,0.9015586254975813,0.09844137450241874,0.8180981512465976,0.18190184875340243,0.8507699448969397,0.1492300551030603,0.9452092246061357,0.054790775393864344,0.8416837178139758,0.15831628218602423,0.9844475287109453,0.015552471289054681,0.9276712424090358,0.07232875759096424,0.9839435412207544,0.016056458779245553,1.6192264421347462e-05,0.9999838077355786,0.00042375733117598066,0.999576242668824,0.0005080687572976308,0.9994919312427024,3.201337898916266e-08,0.999999967986621,4.89917215401991e-06,0.9999951008278459,3.302563798849773e-07,0.9999996697436201,0.0999055098052382,0.9000944901947618,0.006489838460347625,0.9935101615396523,0.16609462582190684,0.8339053741780932,0.005490515944711581,0.9945094840552884,0.15040517391520802,0.849594826084792,0.005673498719861022,0.994326501280139,0.7470899010896954,0.2529100989103046,0.6695794351429253,0.3304205648570747,0.5331403420409893,0.46685965795901074,0.7832841754209621,0.2529100989103046
full10_small10,synthetic_high_sugar_reference,synthetic_baseline,synthetic,216.0,10,10,580.0,97.08006511515674,130.2678560991824,86.06313843536722,0.0005453394060675709,19822.05510253665,2.7511749071759124e-08,36348107.035713784,1945.5897404283855,26,130.2678560991824,0.011845990424025813,170286.28290691454,6.956514771363773e-08,14375014.398251,91.44464622477504,26,0.9377638746265954,0.062236125373404616,0.9164488784434692,0.08355112155653077,0.819130131945026,0.18086986805497396,0.898679688083402,0.10132031191659796,0.855189052094017,0.14481094790598303,0.9143412678836078,0.08565873211639219,0.8505154267594022,0.14948457324059783,0.9049430832359044,0.09505691676409556,0.9770501990726876,0.022949800927312358,0.8347877189367782,0.16521228106322183,0.8727789081700947,0.12722109182990526,2.1141045996434844e-05,0.9999788589540035,0.0005057499834202647,0.9994942500165798,0.0004862359984267285,0.9995137640015733,2.722099479162124e-08,0.9999999727790052,3.6576766262108136e-06,0.9999963423233738,2.6447466464184834e-07,0.9999997355253354,0.07600851253375882,0.9239914874662412,0.00491942734274754,0.9950805726572525,0.12774404774186812,0.8722559522581319,0.004084574953385122,0.9959154250466149,0.11412512281824796,0.8858748771817521,0.004072613235020812,0.9959273867649792,0.3988487097663053,0.6011512902336946,0.36641319945804457,0.6335868005419554,0.30763772891608415,0.6923622710839159,0.8723765582802951,0.6011512902336946
full10_small10,synthetic_glucose_rich_fructose_pulse,sugar_separation,synthetic,216.0,10,10,580.0,98.07387686810861,131.3956997967528,85.30615342497352,0.00030419228590929586,18927.105693949452,1.6071780378261372e-08,62220860.19496609,3375.0268425050936,26,131.3956997967528,0.010980109712174698,168531.03947665886,6.515185420010072e-08,15348757.334345428,96.99463238709711,26,0.8997281752847467,0.10027182471525331,0.8816197287002239,0.11838027129977613,0.7193737890902796,0.2806262109097204,0.6932874030532411,0.3067125969467589,0.8554888242021453,0.14451117579785466,0.7999196277266389,0.20008037227336106,0.6997812068466792,0.3002187931533208,0.8734486013405269,0.12655139865947307,0.9799460197769754,0.020053980223024626,0.7220246211345681,0.2779753788654319,0.7331573968207813,0.2668426031792187,2.6751938909559376e-05,0.9999732480610904,0.0005765155856115882,0.9994234844143884,0.0004896157530017965,0.9995103842469982,2.366112032938853e-08,0.9999999763388797,3.3223630433864664e-06,0.9999966776369567,2.770292684818313e-07,0.9999997229707315,0.062438347237770774,0.9375616527622292,0.005520050027941715,0.9944799499720582,0.10624702016028638,0.8937529798397136,0.004621689814141915,0.9953783101858581,0.09504144000570246,0.9049585599942975,0.004599832971513539,0.9954001670284864,0.36562847338207777,0.6343715266179222,0.31721466865184444,0.6827853313481556,0.24590937383924497,0.7540906261607551,0.8902523185924693,0.6343715266179222
full10_small10,synthetic_fructose_rich_glucose_pulse,sugar_separation,synthetic,216.0,10,10,580.0,99.3898940108998,131.81308519647303,85.54711751584317,0.006422626856081311,12706.307167746145,5.054676210240368e-07,1978366.0879683655,231.0822150853434,26,131.81308519647303,0.016483376052954763,162971.39680850622,1.0114275496038713e-07,9887015.638358407,66.32106757164148,26,0.8995487307967911,0.1004512692032089,0.8846486834568374,0.11535131654316255,0.7476629718904327,0.25233702810956726,0.45648347949487783,0.5435165205051222,0.7562130682402626,0.24378693175973742,0.4399336217390879,0.5600663782609121,0.48486433251837335,0.5151356674816266,0.6982062948713542,0.3017937051286458,0.9886998899862635,0.011300110013736542,0.7408541002335991,0.2591458997664009,0.679189512061534,0.320810487938466,1.5458515073979175e-05,0.999984541484926,0.00039339920210843525,0.9996066007978915,0.0003195340453314346,0.9996804659546685,2.060354805709777e-08,0.9999999793964519,2.8851649979391998e-06,0.9999971148350021,2.9380422273227805e-07,0.9999997061957773,0.05422928708938636,0.9457707129106137,0.006535324571671293,0.9934646754283287,0.09286002878812075,0.9071399712118793,0.005500148081827574,0.9944998519181725,0.0829378198127157,0.9170621801872842,0.005476625874038346,0.9945233741259617,0.44255167825420266,0.5574483217457973,0.3858964459517352,0.6141035540482648,0.2984372829046655,0.7015627170953345,0.8750520163365834,0.5574483217457973
full10_small10,synthetic_low_yan_ladder,nitrogen_saturation,synthetic,216.0,10,10,580.0,79.62810512063048,110.11596889830612,46.828068755060876,0.00025954225696697523,6853.091359269969,3.787228906789639e-08,26404530.18847706,4205.936452137358,26,110.11596889830612,0.04185648096456888,158020.51066971762,2.6488005124887924e-07,3775293.742526528,54.474110080199694,26,0.9603151091922703,0.039684890807729745,0.9786076617294238,0.021392338270576183,0.8481515073711647,0.15184849262883526,0.9288286459373108,0.07117135406268915,0.7964288204829635,0.20357117951703652,0.9069429160168118,0.09305708398318824,0.9233632824600689,0.07663671753993107,0.8723504575775805,0.12764954242241955,0.9879757795879556,0.012024220412044428,0.8747943263802932,0.1252056736197068,0.9400219410585303,0.05997805894146968,3.9787585726937035e-05,0.999960212414273,5.510506947569615e-05,0.9999448949305243,0.00013757963717756918,0.9998624203628225,6.458746547655123e-07,0.9999993541253452,0.0002857848288212459,0.9997142151711788,1.474706632652515e-06,0.9999985252933673,0.9256986533475513,0.0743013466524487,0.007008138894414219,0.9929918611055858,0.9570663510402013,0.042933648959798676,0.004179627338425404,0.9958203726615746,0.9512337042142623,0.04876629578573766,0.004483491103401121,0.9955165088965989,0.4642238897940564,0.5357761102059436,0.3704316274296814,0.6295683725703186,0.2736196228939679,0.7263803771060321,0.640160694037144,0.042933648959798676
full10_small10,synthetic_low_sugar_saturation_scan,sugar_saturation,synthetic,168.0,8,8,464.0,73.30452477570381,110.29757933444546,30.373550211565345,-6.841235888916192e-15,3064.5012600875116,-2.2324141216769577e-18,1000000000000.0,3729534.0368283726,25,110.29757933444546,0.0016837796117840388,154789.83781189722,1.087784337515872e-08,91929986.99389794,601.5909927516585,26,0.9720306740705384,0.027969325929461553,0.9580534926963664,0.041946507303633584,0.9366001195319134,0.06339988046808664,0.9435652832349427,0.05643471676505729,0.9218014546094921,0.07819854539050786,0.9044761200827517,0.09552387991724831,0.9367291355938556,0.06327086440614438,0.9278150695172223,0.07218493048277774,0.9948695565727256,0.005130443427274423,0.9687342143417451,0.031265785658254885,0.9804614689036494,0.01953853109635062,0.00011211222288802798,0.999887887777112,0.0024916830141457932,0.9975083169858542,0.004483073241752381,0.9955169267582477,6.728681322007891e-08,0.9999999327131868,2.5695116493551134e-05,0.9999743048835065,1.8446558474101536e-06,0.9999981553441526,0.20076396581589154,0.7992360341841085,0.022664540177810825,0.9773354598221892,0.3113547881623978,0.6886452118376022,0.018154870238187338,0.9818451297618127,0.28761411037579737,0.7123858896242026,0.019325404638994854,0.9806745953610051,0.9513663173397386,0.04863368266026136,0.9153403493844302,0.08465965061556979,0.8184598157718973,0.1815401842281027,0.6777207543929558,0.04863368266026136
full10_small10,synthetic_ethanol_inhibition_challenge,ethanol_inhibition,synthetic,216.0,10,10,580.0,88.9846277666285,122.34336062526715,76.64463653027724,0.0005133088687696556,11694.197562273639,4.389432161002894e-08,22781990.091664173,2048.0559841884183,26,122.34336062526715,0.010441365165056449,162925.91395296576,6.408658335389613e-08,15603890.044782754,104.94380890227134,26,0.9474773350793501,0.05252266492064994,0.9212826846885134,0.07871731531148662,0.9621586456670099,0.037841354332990074,0.9003139385417084,0.09968606145829162,0.9453426653187411,0.054657334681258885,0.9003102950337021,0.09968970496629792,0.9377349457962757,0.0622650542037243,0.87897900620347,0.12102099379652997,0.9676323577059143,0.03236764229408573,0.9601168181067311,0.03988318189326889,0.9811936104859913,0.018806389514008703,4.315163811298518e-05,0.999956848361887,0.00041639421852459544,0.9995836057814754,0.0006900730498976411,0.9993099269501023,6.957150084347023e-08,0.9999999304284991,1.0492454707524989e-05,0.9999895075452925,1.4087312784384014e-07,0.9999998591268722,0.16905909595289928,0.8309409040471007,0.006064176478314247,0.9939358235216857,0.26587377624100644,0.7341262237589936,0.0048600671075408825,0.9951399328924592,0.24149355708639814,0.7585064429136019,0.004916174747489783,0.9950838252525103,0.6047837767919189,0.39521622320808114,0.5486099391408679,0.45139006085913214,0.46765496738796075,0.5323450326120392,0.7896976214307062,0.39521622320808114
full10_small10,synthetic_late_ethanol_death_probe,death,synthetic,216.0,10,10,580.0,93.56202200534413,125.27996119855352,83.73953418544748,0.0019782390252576147,12501.105213750452,1.5824513044508036e-07,6319309.777099612,553.6734517938871,26,125.27996119855352,0.02352560417479662,164512.10174926496,1.4300227110740037e-07,6992895.932743337,51.55096172666894,26,0.9488404460713433,0.051159553928656676,0.9240368968984274,0.07596310310157262,0.8862059724285625,0.11379402757143753,0.9037091281458701,0.09629087185412988,0.8208431082796249,0.17915689172037508,0.8240674398399902,0.1759325601600098,0.9108484106396718,0.08915158936032819,0.8475849312240038,0.1524150687759962,0.9794375484779098,0.02056245152209024,0.9297857369911615,0.07021426300883848,0.9802500251317827,0.01974997486821728,9.06365664538741e-06,0.9999909363433546,0.0001696480286742133,0.9998303519713257,0.00033214659097816074,0.9996678534090219,5.628971150360505e-08,0.9999999437102884,9.264525903930154e-06,0.9999907354740961,2.7751623748657365e-07,0.9999997224837626,0.17055607751191226,0.8294439224880877,0.004428676523375867,0.9955713234766241,0.27014336084280915,0.7298566391571908,0.0037267309195939554,0.996273269080406,0.24761131886202675,0.7523886811379732,0.0038556341200462366,0.9961443658799538,0.5790329749510359,0.4209670250489641,0.4778101438551084,0.5221898561448917,0.35373354373148297,0.646266456268517,0.8080992724218606,0.4209670250489641
full10_small10,synthetic_high_biomass_low_N_maintenance,maintenance,synthetic,216.0,10,10,580.0,95.80287522161345,124.14436980680115,71.38105210467945,0.001604026536045393,18261.490205399285,8.783656306269783e-08,11384780.609940294,697.6197772235009,26,124.14436980680115,0.12423051188310832,164290.96894553019,7.561615387653858e-07,1322468.7434284724,20.686046372515154,26,0.9218367706150882,0.07816322938491183,0.9768889365192275,0.02311106348077252,0.9022008037676458,0.09779919623235422,0.9019075709642383,0.09809242903576165,0.9037584104269359,0.09624158957306406,0.8900091063389035,0.10999089366109649,0.9452721490342191,0.05472785096578092,0.8065675085742349,0.19343249142576513,0.9665442805379634,0.033455719462036626,0.9356813104380088,0.06431868956199116,0.9788489797131277,0.021151020286872324,1.2443453133301822e-05,0.9999875565468667,1.2414342059888821e-06,0.999998758565794,3.7086387677651546e-06,0.9999962913612322,1.720995956551148e-06,0.9999982790040435,9.540261077689008e-05,0.9999045973892231,4.1649326963619035e-08,0.999999958350673,0.8933926412918942,0.10660735870810578,0.0008995841014920381,0.999100415898508,0.9373676122678418,0.06263238773215818,0.0007383543338663319,0.9992616456661336,0.9294945054277023,0.07050549457229771,0.0007183064861793996,0.9992816935138206,0.3746551031764746,0.6253448968235253,0.30307772783315123,0.6969222721668488,0.23476263780432696,0.7652373621956731,0.6658907348197244,0.06263238773215818
full10_small10,synthetic_viable_biomass_step,biomass_input,synthetic,216.0,10,10,580.0,103.56834985878609,133.70542806678483,96.37027062953942,0.005904973591733452,15051.664725519797,3.92313654297766e-07,2548980.870395605,193.96548917855915,26,133.70542806678483,0.0515346963939869,166143.34576267982,3.101821271108828e-07,3223912.3811364016,27.039964899425375,26,0.8747346649299982,0.12526533507000182,0.8686485281902473,0.1313514718097527,0.8815624042380295,0.11843759576197055,0.8744319716063215,0.12556802839367853,0.817390357646931,0.18260964235306898,0.8181210838178995,0.1818789161821005,0.8870171301494987,0.11298286985050132,0.8478161204000207,0.15218387959997925,0.9776360759522826,0.022363924047717365,0.9124272668772639,0.08757273312273606,0.9584141839222822,0.04158581607771783,5.100438420369025e-06,0.9999948995615796,0.00012365369489266648,0.9998763463051074,0.00010447088121823282,0.9998955291187818,2.1954288609813762e-08,0.9999999780457114,2.0448277451569684e-06,0.9999979551722549,1.4160091262430235e-07,0.9999998583990873,0.0694336357002695,0.9305663642997305,0.0039464827416820746,0.9960535172583179,0.11805445049193497,0.881945549508065,0.0034113134850013668,0.9965886865149987,0.10608146265012941,0.8939185373498706,0.003426281385796889,0.9965737186142031,0.5589128968662627,0.44108710313373733,0.47213460474906405,0.527865395250936,0.3473312416096854,0.6526687583903146,0.8470241312628651,0.44108710313373733
full10_small10,synthetic_pyruvate_peak_lowN_warm_shift,secondary_pyruvate,synthetic,216.0,10,10,580.0,74.6448229914781,107.2215650543916,31.42506321083541,1.1211894769035022e-06,5851.956359198937,1.9159224848644968e-10,5219417841.27412,650967.5634440904,25,107.2215650543916,0.01486399000218823,156719.28093430112,9.484467969464088e-08,10543553.97919599,109.2710946650205,26,0.95267048359926,0.04732951640074001,0.9794377611265086,0.0205622388734914,0.7892447541863425,0.21075524581365745,0.9032992968553846,0.09670070314461543,0.7609022226220424,0.23909777737795757,0.8765885250390653,0.12341147496093474,0.8892588353773901,0.11074116462260986,0.8530743512509814,0.1469256487490186,0.9893439546614947,0.010656045338505282,0.8370361912182963,0.1629638087817037,0.9130932010833808,0.08690679891661923,3.3018219977491194e-05,0.9999669817800225,8.008935440289422e-05,0.9999199106455972,0.0007013502522894533,0.9992986497477105,7.982272480341376e-07,0.9999992017727519,0.0003654630748135047,0.9996345369251864,1.9282309152720607e-06,0.9999980717690847,0.828561433230253,0.171438566769747,0.004226519568407009,0.995773480431593,0.8958536051915363,0.10414639480846366,0.002858424165142461,0.9971415758348575,0.8830823997617738,0.11691760023822617,0.0029842196775544936,0.9970157803224455,0.5549754177317717,0.4450245822682283,0.4835458166123472,0.5164541833876528,0.403220967784464,0.596779032215536,0.6309385277246382,0.10414639480846366
full10_small10,synthetic_acetaldehyde_redox_proxy_ethanol,secondary_acetaldehyde,synthetic,216.0,10,10,580.0,83.88513643158446,116.22264956301906,63.820173142625904,0.00033487852747680083,9177.740204230002,3.6488124530094674e-08,27406177.02001154,3055.374348291803,26,116.22264956301906,0.016965279159266447,160384.60542405827,1.0577872554794211e-07,9453696.807367658,71.77999728662053,26,0.966828269463065,0.03317173053693501,0.9680424566790975,0.031957543320902504,0.9463875441503247,0.05361245584967533,0.9557612004994629,0.04423879950053711,0.9832382790540213,0.01676172094597872,0.9771042694449519,0.02289573055504812,0.95033059484625,0.04966940515374996,0.9741351271847927,0.02586487281520733,0.9693045727192687,0.03069542728073127,0.9640694110556018,0.035930588944398156,0.9658962983560394,0.03410370164396059,1.86438590068969e-05,0.9999813561409931,0.00013998721379064296,0.9998600127862094,0.0005502921445460668,0.999449707855454,1.6967641845728654e-07,0.9999998303235815,3.9753384657932856e-05,0.9999602466153421,3.1950962085575017e-07,0.9999996804903791,0.3722762992828326,0.6277237007171674,0.004814809216760354,0.9951851907832396,0.5137907609172268,0.48620923908277325,0.003644541982600314,0.9963554580173997,0.48185819684327963,0.5181418031567204,0.003779990358008711,0.9962200096419913,0.6476823045214389,0.35231769547856107,0.6021111990601675,0.3978888009398325,0.5406107152201947,0.45938928477980534,0.7117628281548375,0.35231769547856107
full10_small10,synthetic_fast_CO2_aroma_strip_highN,co2_aroma_loss,synthetic,168.0,8,8,464.0,88.71889101488775,124.55708676568044,75.0979773239833,0.0003061353793734873,13840.547704017823,2.2118733009721727e-08,45210546.171902135,3622.489371249628,26,124.55708676568044,0.0031373724759809476,164408.7352334619,1.9082760240968038e-08,52403320.45115458,325.2826279771876,26,0.9125893564026805,0.08741064359731954,0.8862096975042497,0.11379030249575028,0.8242165412995978,0.17578345870040224,0.9260471224346424,0.07395287756535762,0.8054962576919558,0.19450374230804424,0.9154527281518796,0.08454727184812039,0.9443580708447945,0.055641929155205494,0.8673298562763798,0.13267014372362018,0.978309617884978,0.021690382115022055,0.8528873529669119,0.14711264703308813,0.9169275551228712,0.08307244487712884,6.209826622210216e-05,0.999937901733778,0.0019164105516415902,0.9980835894483584,0.0018354912394250582,0.9981645087605749,3.399280236281447e-08,0.9999999660071976,7.038363123272262e-06,0.9999929616368767,6.036965441753487e-07,0.9999993963034558,0.08959472705295836,0.9104052729470417,0.0072559124976352895,0.9927440875023648,0.1489107029901847,0.8510892970098153,0.0060017682910311725,0.9939982317089688,0.1332897143731733,0.8667102856268267,0.0060165883279582055,0.9939834116720418,0.3450449073366264,0.6549550926633736,0.3213484009753755,0.6786515990246245,0.2741431734448127,0.7258568265551872,0.8789442238773251,0.6549550926633736
full10_small10,natural_aroma_matrix_cold_hot,natural_aroma_matrix,natural,216.0,10,10,580.0,90.78643692189982,121.99130619162591,61.15675417436569,-3.3615649980651976e-13,11438.201267154218,-2.938893030076522e-17,1000000000000.0001,1085501.9273369592,25,121.99130619162591,0.030027157907405573,162854.5081033095,1.8438026835804472e-07,5423573.839572237,46.84123711614353,26,0.8889159127914792,0.11108408720852081,0.8526584150486083,0.1473415849513917,0.9072955688114083,0.09270443118859173,0.9277297101206985,0.07227028987930151,0.8690308808104377,0.13096911918956233,0.9158035180593465,0.08419648194065354,0.9639572526319099,0.0360427473680901,0.8978657910028371,0.10213420899716286,0.9860964597339341,0.013903540266065884,0.9314170737729333,0.06858292622706674,0.9750586388189716,0.02494136118102841,1.2163344442949428e-05,0.999987836655557,0.00036975621995524396,0.9996302437800447,1.912866662968468e-05,0.9999808713333703,5.476298490388328e-08,0.9999999452370151,6.585770923167552e-05,0.9999341422907684,5.953711233587424e-07,0.9999994046288766,0.07259867348339415,0.9274013265166059,0.01123699259770101,0.9887630074022989,0.12273621367634524,0.8772637863236548,0.009473172327120898,0.9905268276728791,0.11012961895885096,0.889870381041149,0.009608850025836344,0.9903911499741637,0.7474668027594904,0.2525331972405096,0.6690228550288764,0.3309771449711236,0.5226817300917433,0.47731826990825665,0.793179876179117,0.2525331972405096
full10_small10,natural_CO2_strip_reference_highN,natural_co2_aroma,natural,168.0,8,8,464.0,89.08642073894023,119.32872696661512,53.731060369416255,1.693846577984033e-13,8588.460171642833,1.9722354696092484e-17,1000000000000.0001,1434666.688259991,25,119.32872696661512,0.04756450760036362,160537.31869043206,2.962831819315694e-07,3375149.387422751,35.44984155831905,26,0.9345511476631758,0.06544885233682418,0.9029492221267514,0.09705077787324856,0.9000231567772624,0.09997684322273759,0.8730082749360856,0.12699172506391443,0.7744082082180542,0.22559179178194577,0.797843254318834,0.20215674568116604,0.9250503378001854,0.07494966219981458,0.7853026812874575,0.2146973187125425,0.989426728516185,0.010573271483815039,0.9248905259685587,0.0751094740314413,0.9886388257159177,0.011361174284082343,4.8892556639492645e-06,0.999995110744336,0.0002005558751642445,0.9997994441248358,4.9263234762769865e-05,0.9999507367652373,6.689982153384014e-08,0.9999999331001784,7.207008142925123e-05,0.9999279299185707,9.818406016385788e-07,0.9999990181593984,0.1264902535225985,0.8735097464774015,0.009259998384864392,0.9907400016151356,0.20629359211107073,0.7937064078889293,0.007693008195998937,0.9923069918040011,0.18775653058172975,0.8122434694182703,0.007863828858527048,0.9921361711414729,0.6689160264221707,0.33108397357782926,0.5622101225177605,0.4377898774822395,0.4054814463782685,0.5945185536217314,0.8016329219186347,0.33108397357782926
full10_small10,synthetic_lit_SM70_18C_lowN_phase,literature_nitrogen_low,synthetic,216.0,10,10,580.0,76.62932029732114,109.96439636423698,31.430278009427635,-2.2902625905120653e-14,7006.320406373474,-3.268852204402001e-18,1000000000000.0001,1893847.183758002,24,109.96439636423698,0.010276713885037227,157954.0711471404,6.506140557443477e-08,15370095.238042936,119.59952430434755,26,0.951749101997563,0.04825089800243698,0.9717095412266773,0.028290458773322702,0.7777801950110543,0.22221980498894567,0.8915007522455883,0.10849924775441167,0.7385047254992821,0.26149527450071786,0.8683661187311505,0.13163388126884945,0.8808648273689214,0.11913517263107865,0.8293653852958426,0.17063461470415742,0.9891147380347597,0.010885261965240312,0.8336203543095205,0.16637964569047947,0.9173284179201181,0.0826715820798819,1.7214801903642452e-05,0.9999827851980964,0.00012215977007898633,0.999877840229921,0.001030892930674107,0.9989691070693258,3.7694532834433466e-07,0.9999996230546716,0.00014113398174389063,0.9998588660182561,1.4649750290242915e-06,0.9999985350249709,0.6221419184638307,0.3778580815361693,0.0041427875917379045,0.9958572124082621,0.745685747534558,0.25431425246544204,0.002930641636299378,0.9970693583637006,0.7206604391498126,0.2793395608501874,0.0030549587568485196,0.9969450412431515,0.6802790050710265,0.31972099492897355,0.626953767852141,0.37304623214785904,0.5571968319551941,0.4428031680448059,0.6397101184574343,0.25431425246544204
full10_small10,synthetic_lit_SM230_18C_midN_reference,literature_nitrogen_mid,synthetic,216.0,10,10,580.0,94.48947289376618,127.40125673367497,79.58453705947173,0.00034158424669690404,16601.998841430424,2.0574886792816642e-08,48602940.56874871,3110.6128431400116,26,127.40125673367497,0.013322478035905277,167246.0682857018,7.965794456313831e-08,12553675.662662651,82.65822309223653,26,0.9408778904262555,0.05912210957374453,0.9197609743118242,0.08023902568817576,0.8219749742440543,0.1780250257559457,0.8982608304158134,0.1017391695841866,0.8237873668024381,0.17621263319756186,0.9004849280043592,0.0995150719956408,0.8675410478522537,0.13245895214774628,0.87823889551535,0.12176110448465005,0.9821708269933981,0.017829173006601917,0.8459411885224549,0.15405881147754508,0.8930292234031723,0.10697077659682774,1.6183579950048235e-05,0.99998381642005,0.0003963970433865622,0.9996036029566134,0.000488520185934669,0.9995114798140653,3.366306650575311e-08,0.9999999663369334,5.138372591405011e-06,0.9999948616274086,3.318182088411506e-07,0.9999996681817912,0.09971116189212798,0.900288838107872,0.0056057645057775345,0.9943942354942225,0.16475164834557204,0.835248351654428,0.004607853594142228,0.9953921464058578,0.1479838397555267,0.8520161602444734,0.004626109790531106,0.9953738902094689,0.48501304302890635,0.5149869569710936,0.44534610245173734,0.5546538975482627,0.37631465697581556,0.6236853430241844,0.8423667590426421,0.5149869569710936
full10_small10,synthetic_lit_SM410_18C_highN_ester,literature_nitrogen_high,synthetic,216.0,10,10,580.0,104.14485192798169,136.13350981078253,96.93203442891678,0.0010801105927896084,25725.020761845524,4.19867724418552e-08,23817024.787624154,999.2954933759914,26,136.13350981078253,0.02198953135870426,175990.5234582551,1.2494724674149953e-07,8003377.633993624,52.36241507523906,26,0.6680674140615469,0.3319325859384531,0.6350043112633285,0.36499568873667154,0.8284889788901335,0.1715110211098665,0.8832672975053287,0.11673270249467127,0.8358070278746182,0.16419297212538175,0.8923402833684214,0.10765971663157858,0.8801921730341142,0.11980782696588577,0.8705021410476157,0.1294978589523843,0.9752957483454161,0.024704251654583897,0.8525945005322539,0.14740549946774606,0.8974209096536434,0.1025790903463566,1.386978451861122e-05,0.9999861302154814,0.00036661308497517626,0.9996333869150248,0.000165531641362279,0.9998344683586378,1.2935952272813433e-08,0.9999999870640477,1.333966614380383e-06,0.9999986660333856,1.543151356063033e-07,0.9999998456848644,0.03195645671036329,0.9680435432896367,0.0055744244465556906,0.9944255755534444,0.055494312980503405,0.9445056870194966,0.004725413313514853,0.9952745866864852,0.04923061487496448,0.9507693851250355,0.0046951720681362615,0.9953048279318637,0.47889152335525553,0.5211084766447445,0.45660152339798604,0.5433984766020139,0.38409558831238216,0.6159044116876178,0.8662484983871445,0.5211084766447445
full10_small10,synthetic_lit_SM410_24C_highN_strip,literature_temp_strip,synthetic,168.0,8,8,464.0,90.23483928310225,127.88560444587256,83.90515221341573,0.000652791646749303,17860.695616555306,3.654906061689009e-08,27360484.322212074,2390.7685211858184,26,127.88560444587256,0.0013275761921111105,168612.87292542466,7.873516233237308e-09,127008057.18525022,753.5985979912357,25,0.9468011707332036,0.05319882926679642,0.966536218012973,0.03346378198702704,0.8639167368726041,0.13608326312739594,0.9212393178634937,0.07876068213650633,0.8298380347943712,0.17016196520562876,0.9121864899800184,0.08781351001998161,0.9455716158004294,0.054428384199570634,0.8677568503322773,0.13224314966772266,0.9735201794907892,0.026479820509210827,0.8830775898401351,0.11692241015986493,0.9369349521071029,0.06306504789289713,0.00017000596356145064,0.9998299940364386,0.00564305145388755,0.9943569485461125,0.0031503903872298813,0.9968496096127701,2.09760230197663e-08,0.999999979023977,3.41824930346276e-06,0.9999965817506965,4.00536031725581e-07,0.9999995994639683,0.05039495461365108,0.9496050453863489,0.007273276120916769,0.9927267238790832,0.08641377224242298,0.913586227757577,0.006122127757519831,0.9938778722424801,0.07692208870699643,0.9230779112930035,0.006088467963833037,0.993911532036167,0.33406140567272025,0.6659385943272798,0.30513884817099163,0.6948611518290084,0.24524411622548895,0.7547558837745111,0.898394283976375,0.6659385943272798
full10_small10,synthetic_lit_SM70_warm_shift_Nrescue,literature_nitrogen_timing,synthetic,216.0,10,10,580.0,83.01195127666237,114.18789909071909,55.57989270545543,0.00015310362010548202,7995.574739532096,1.9148544675406498e-08,52223289.91322006,6698.454640938065,26,114.18789909071909,0.02977289347784277,158855.52584398055,1.8742120124347532e-07,5335575.662546945,50.534824109100484,26,0.9600140032753471,0.03998599672465286,0.9773211140089153,0.022678885991084696,0.7984183817701653,0.20158161822983467,0.89930285303341,0.10069714696659005,0.7795344247678376,0.22046557523216237,0.8779517045332432,0.12204829546675677,0.8646821149897659,0.13531788501023412,0.8629211589801236,0.13707884101987644,0.9876188059542547,0.012381194045745336,0.8345306218521183,0.16546937814788165,0.9014053369035401,0.09859466309645992,1.3907703065143004e-05,0.9999860922969348,7.520208554313862e-05,0.9999247979144569,0.0003170705916343955,0.9996829294083656,2.464337985484081e-07,0.9999997535662014,8.365965037030867e-05,0.9999163403496297,1.1297267262702075e-06,0.9999988702732737,0.5904199877262318,0.40958001227376817,0.006707708308029857,0.9932922916919702,0.7194741772208385,0.2805258227791615,0.004461832322616709,0.9955381676773833,0.6924991075022865,0.3075008924977135,0.004698242308329076,0.995301757691671,0.459830321328631,0.540169678671369,0.39428602318603745,0.6057139768139626,0.32033809030265303,0.679661909697347,0.7097454291288409,0.2805258227791615
full10_small10,natural_lit_midN_24C_matrix_transfer,natural_literature_transfer,natural,216.0,10,10,580.0,95.95300858872666,124.7313719337233,63.08244141984046,-1.9642612481745293e-14,12601.415727654698,-1.5587623570451843e-18,1000000000000.0,1004541.642356318,25,124.7313719337233,0.10015027948028439,164435.39504659962,6.090554862102691e-07,1641886.531918969,22.48859695916425,26,0.9562898374740131,0.04371016252598692,0.9325812055307792,0.06741879446922083,0.8937712776606583,0.10622872233934166,0.8886729009683023,0.11132709903169768,0.807260495881016,0.192739504118984,0.8295679264288637,0.17043207357113632,0.92997734361683,0.07002265638316996,0.8271169878804543,0.1728830121195457,0.9844204050905355,0.015579594909464478,0.925174790678471,0.07482520932152903,0.9828126953026507,0.017187304697349304,3.296599015865842e-06,0.9999967034009841,0.00010378606282974012,0.9998962139371702,1.39680948874688e-05,0.9999860319051125,5.834318151396041e-08,0.9999999416568185,5.2561554746622954e-05,0.9999474384452534,4.125887797951986e-07,0.9999995874112202,0.09679414400312793,0.9032058559968721,0.006336716189283593,0.9936632838107164,0.16138632389432256,0.8386136761056775,0.0053786163854535945,0.9946213836145464,0.14609922181663407,0.853900778183366,0.0055228177253754855,0.9944771822746246,0.7021066868526854,0.2978933131473146,0.6062016034223452,0.3937983965776548,0.4552968116829314,0.5447031883170685,0.8013476439894831,0.2978933131473146
full12_small8,natural_control_18C,natural_baseline,natural,216.0,12,8,664.0,96.86221808920934,125.6469795449988,63.31355691247603,1.6067617336433662e-14,13259.46694309139,1.2117845615811434e-18,1000000000000.0001,931311.5808777947,25,125.6469795449988,0.10021777748972825,165054.13972553617,6.071812415997414e-07,1646954.7006513218,22.59410272508114,26,0.9563625560520089,0.04363744394799107,0.932902344192837,0.06709765580716298,0.8979874116454386,0.1020125883545614,0.9028975251714486,0.09710247482855139,0.8182398107555333,0.18176018924446669,0.8537919146275131,0.14620808537248686,0.9484889536047973,0.05151104639520265,0.8412812974176617,0.15871870258233833,0.9826806888466825,0.01731931115331753,0.9280897450500157,0.07191025494998426,0.9842160587285628,0.01578394127143723,3.293762608539554e-06,0.9999967062373915,0.00010351235435314656,0.9998964876456469,1.4173882561141822e-05,0.9999858261174388,5.8620241775609063e-08,0.9999999413797582,5.275065637774238e-05,0.9999472493436222,4.2055493179820016e-07,0.9999995794450682,0.09446069290959504,0.905539307090405,0.005347228407296568,0.9946527715927034,0.1577080903974796,0.8422919096025204,0.004555811453344657,0.9954441885466554,0.14268792900938748,0.8573120709906126,0.0047316333886494024,0.9952683666113507,0.7470218341042291,0.25297816589577093,0.6693974064908843,0.3306025935091157,0.5328479644353931,0.46715203556460694,0.785562567108403,0.25297816589577093
full12_small8,natural_cold_hot_switch,natural_temperature,natural,216.0,12,8,664.0,94.63788255106066,125.3137243056325,64.98351936379537,3.166342273301712e-13,12770.994342775899,2.4793232134605088e-17,1000000000000.0,936747.9886082219,25,125.3137243056325,0.03925235868122028,164242.96893091325,2.389895831567152e-07,4184282.790870677,38.206293299851346,26,0.8641009907520748,0.1358990092479252,0.825310969924236,0.17468903007576397,0.9027478515840299,0.09725214841597007,0.9231016634192974,0.07689833658070255,0.8581288428750226,0.14187115712497744,0.9027010143081561,0.09729898569184392,0.9603703560180342,0.03962964398196578,0.8863117248135174,0.11368827518648261,0.9832699192143479,0.01673008078565208,0.9310883088686077,0.06891169113139228,0.9781072320172203,0.021892767982779726,8.540707987797516e-06,0.9999914592920122,0.000283426037471888,0.9997165739625281,1.4927805065797031e-05,0.9999850721949342,4.89589805915784e-08,0.9999999510410195,5.6915473687044395e-05,0.999943084526313,5.060125060210726e-07,0.999999493987494,0.06120775520125087,0.9387922447987491,0.007355394298621907,0.9926446057013781,0.10439820207144895,0.8956017979285511,0.006269685689395001,0.993730314310605,0.09355695187881247,0.9064430481211876,0.006414166838931374,0.9935858331610686,0.7583366569675276,0.2416633430324724,0.685177364848103,0.314822635151897,0.5427617619480783,0.45723823805192165,0.7940422398883307,0.2416633430324724
full12_small8,natural_glucose_pulse_after_growth,natural_sugar_pulse,natural,216.0,12,8,664.0,99.69731879377933,128.93464738549193,76.1013651475694,0.00011313275590624515,19747.772039148753,5.728887070499212e-09,174553973.17037016,9045.221519908899,25,128.93464738549193,0.0828384914156288,170864.1328628254,4.848208341193169e-07,2062617.6303180382,23.738891539403433,26,0.950769577286952,0.049230422713048005,0.9248317243209682,0.07516827567903184,0.8533394074981978,0.1466605925018022,0.9241327902614168,0.07586720973858319,0.8372660888335062,0.16273391116649383,0.9190736174275311,0.08092638257246887,0.9751835976705455,0.02481640232945448,0.8702619860190883,0.12973801398091167,0.9788279753944045,0.02117202460559553,0.9098665928492523,0.09013340715074769,0.9586458319125419,0.041354168087458065,3.944873946632509e-06,0.9999960551260534,0.00013091366258962458,0.9998690863374103,1.102920167315308e-05,0.9999889707983268,5.2907958948164856e-08,0.9999999470920411,4.982071239649202e-05,0.9999501792876035,3.5807942935832456e-07,0.9999996419205707,0.07268443862930632,0.9273155613706937,0.0043763936720622,0.9956236063279378,0.1233142211109292,0.8766857788890708,0.003669549447006134,0.9963304505529939,0.11106436201110499,0.888935637988895,0.003664111198966693,0.9963358888010333,0.5186601467363005,0.48133985326369955,0.43956297915967435,0.5604370208403257,0.3266417563833724,0.6733582436166277,0.8542101693508591,0.48133985326369955
full12_small8,synthetic_natural_like_control,synthetic_baseline,synthetic,216.0,12,8,664.0,94.3689322105258,127.35986331503487,66.81301032193181,1.0340668176604198e-13,13326.393623554995,7.759539804022151e-18,1000000000000.0,913893.9538794521,25,127.35986331503487,0.012662253041503958,165141.13181831373,7.667534370198465e-08,13042002.183736103,87.46129172692358,26,0.9457033968121807,0.05429660318781926,0.9234828007708624,0.07651719922913758,0.8968911955328099,0.10310880446719006,0.9003018850505323,0.09969811494946768,0.8170212146557576,0.1829787853442424,0.8488590908984922,0.1511409091015078,0.9432847829831053,0.05671521701689475,0.8413129678511648,0.15868703214883517,0.9820301090530221,0.017969890946977873,0.9274571535593139,0.07254284644068609,0.9838796184416879,0.01612038155831208,1.619213806525766e-05,0.9999838078619347,0.0004237540473390579,0.9995762459526609,0.0005080648275878197,0.9994919351724122,3.20122526505548e-08,0.9999999679877474,4.89916830087261e-06,0.9999951008316992,3.3025406080017926e-07,0.9999996697459392,0.09447011090027402,0.905529889099726,0.005134653091394513,0.9948653469086055,0.15775738023502398,0.842242619764976,0.004387421603742276,0.9956125783962577,0.14277086068912773,0.8572291393108723,0.004565494861123401,0.9954345051388765,0.7464810402120222,0.2535189597879778,0.6687276269950032,0.3312723730049968,0.5322471563658676,0.4677528436341324,0.7857684568749144,0.2535189597879778
full12_small8,synthetic_high_sugar_reference,synthetic_baseline,synthetic,216.0,12,8,664.0,98.79478306662456,132.0031858155099,88.05985591722352,0.0005456722216369155,21738.778538600658,2.510132851613478e-08,39838528.839508,1943.1025672877984,26,132.0031858155099,0.011846001149829036,172052.0258015531,6.885127387859041e-08,14524059.522317046,91.41143583903639,26,0.9374154247217414,0.06258457527825856,0.9157387090457626,0.0842612909542374,0.7995956970686692,0.20040430293133082,0.8837155903272397,0.11628440967276032,0.8546029945988415,0.14539700540115852,0.9120626294551658,0.08793737054483419,0.846964828923613,0.15303517107638698,0.9036480024044179,0.0963519975955821,0.974522100100203,0.025477899899796985,0.8346880641790965,0.16531193582090353,0.8727454627784774,0.12725453722152258,2.1140754510512267e-05,0.9999788592454895,0.0005057427442792438,0.9994942572557207,0.00048622904596107644,0.9995137709540389,2.7219046230290075e-08,0.9999999727809538,3.657668138759877e-06,0.9999963423318612,2.6445677945852036e-07,0.9999997355432205,0.07198534075845486,0.9280146592415451,0.0037875245353601243,0.9962124754646399,0.12136483277554787,0.8786351672244521,0.003137967703665688,0.9968620322963343,0.10833889033111065,0.8916611096688893,0.003116588126867155,0.9968834118731329,0.3979125406702158,0.6020874593297842,0.3654283708486917,0.6345716291513084,0.30667795789926106,0.6933220421007389,0.8743860058387188,0.6020874593297842
full12_small8,synthetic_glucose_rich_fructose_pulse,sugar_separation,synthetic,216.0,12,8,664.0,99.88221762289832,133.22207932294586,87.412344049849,0.00030503562734096113,20604.247510027955,1.4804502187837835e-08,67547019.6371424,3363.8872554624936,26,133.22207932294586,0.010980117462626149,170059.28156955546,6.456641096731437e-08,15487929.172743281,96.967258769281,26,0.8994874341225383,0.10051256587746171,0.8811177685537801,0.1188822314462199,0.6940174328233985,0.30598256717660155,0.6685743794310057,0.3314256205689943,0.8552062915556913,0.14479370844430872,0.7962817026181607,0.20371829738183933,0.6958621786601735,0.3041378213398265,0.8711470491062865,0.1288529508937135,0.9788768932736631,0.021123106726336882,0.7219298090950342,0.27807019090496576,0.7331560612077117,0.2668439387922883,2.6751575589465652e-05,0.9999732484244105,0.0005765075579969385,0.999423492442003,0.000489608943522457,0.9995103910564775,2.3659759754293478e-08,0.9999999763402403,3.3223480464688217e-06,0.9999966776519535,2.7699181411727e-07,0.9999997230081858,0.059535743373241905,0.9404642566267581,0.004171121887665396,0.9958288781123346,0.1015491999633932,0.8984508000366068,0.0034829549635281886,0.9965170450364718,0.09079442251085065,0.9092055774891493,0.0034573951066499855,0.99654260489335,0.36462704549607855,0.6353729545039215,0.31618219555642063,0.6838178044435794,0.24487539752517756,0.7551246024748224,0.8919382658433758,0.6353729545039215
full12_small8,synthetic_fructose_rich_glucose_pulse,sugar_separation,synthetic,216.0,12,8,664.0,101.25612730215778,133.689574526068,87.74381336900035,0.006431300220252028,13706.533593869448,4.692142018408338e-07,2131222.7892437465,230.67974075145236,26,133.689574526068,0.016483386109692227,163811.17444631044,1.0062430823420231e-07,9937956.519139566,66.29174908818513,26,0.8994820304699183,0.10051796953008174,0.8845633469646205,0.11543665303537953,0.742213639372615,0.257786360627385,0.43686904277737104,0.563130957222629,0.7554847320249216,0.2445152679750784,0.43453678760837633,0.5654632123916237,0.47978473104886726,0.5202152689511328,0.6957171920596865,0.3042828079403135,0.9878879720221154,0.012112027977884576,0.7408114699529998,0.25918853004700015,0.6790578392806049,0.3209421607193951,1.5458386557263453e-05,0.9999845416134427,0.0003933964868526379,0.9996066035131473,0.0003195318649147035,0.9996804681350853,2.0596164390465857e-08,0.9999999794038356,2.885159853259019e-06,0.9999971148401468,2.9378828391973665e-07,0.9999997062117161,0.05129930539359415,0.9487006946064058,0.004797823053467011,0.995202176946533,0.08805323173571757,0.9119467682642824,0.004029366034820817,0.9959706339651792,0.07860299577225531,0.9213970042277447,0.004004011434747074,0.995995988565253,0.4416153405551526,0.5583846594448474,0.38486984469139834,0.6151301553086017,0.29733078890259373,0.7026692110974062,0.8768540103161925,0.5583846594448474
full12_small8,synthetic_low_yan_ladder,nitrogen_saturation,synthetic,216.0,12,8,664.0,81.01258357774995,111.50910518621615,48.702337923782764,0.00026045189418072846,7636.794236016849,3.41048725592708e-08,29321323.463739723,4184.335417745032,26,111.50910518621615,0.04185666904827403,158708.56438985336,2.6373289437271245e-07,3791715.1077361647,54.449397307981236,26,0.9582803260724397,0.041719673927560263,0.9772748847563988,0.022725115243601213,0.8286661427434733,0.17133385725652672,0.9242352027250067,0.0757647972749933,0.7913092426898776,0.20869075731012243,0.9066332765592547,0.09336672344074526,0.9224854779333365,0.07751452206666354,0.8714772319286497,0.12852276807135032,0.9861894982086276,0.013810501791372443,0.8733666863167728,0.12663331368322717,0.9399179500853989,0.06008204991460109,3.9787522341407246e-05,0.9999602124776585,5.510499769946237e-05,0.9999448950023005,0.00013757943929885462,0.9998624205607012,6.458536084506874e-07,0.9999993541463915,0.00028578304996987796,0.9997142169500302,1.474697414220956e-06,0.9999985253025858,0.9211412387745259,0.07885876122547408,0.006241010624076539,0.9937589893759234,0.9542928003812036,0.045707199618796435,0.0036083125240275985,0.9963916874759724,0.9480950291526995,0.0519049708473005,0.003895596713374193,0.9961044032866259,0.4615100999220967,0.5384899000779033,0.3677937391363233,0.6322062608636767,0.27109131615069465,0.7289086838493053,0.642003963533963,0.045707199618796435
full12_small8,synthetic_low_sugar_saturation_scan,sugar_saturation,synthetic,168.0,10,6,548.0,81.58265877669305,115.9148422756234,36.51546329620511,2.0841321777339855e-14,3388.6319624111657,6.1503645153929046e-18,1000000000000.0,3354808.5176895787,25,115.9148422756234,0.006174024734687059,154819.25591006054,3.9878920089073075e-08,25075904.70771054,171.9065696335535,26,0.9713960981583859,0.0286039018416141,0.9569598270137115,0.04304017298628848,0.9454850860208481,0.05451491397915187,0.9367987731797536,0.06320122682024643,0.9260246145662927,0.0739753854337073,0.9134012497098248,0.08659875029017516,0.9478274817697643,0.05217251823023572,0.930397740249345,0.06960225975065504,0.9931417791252665,0.006858220874733534,0.9674114894446956,0.03258851055530443,0.973540852229991,0.026459147770009017,3.4842880967838504e-05,0.9999651571190321,0.000722403425349456,0.9992775965746505,0.001185365424868688,0.9988146345751313,4.992082807159864e-08,0.999999950079172,1.3257915800520728e-05,0.9999867420841995,1.0184623212711082e-06,0.9999989815376787,0.1752633795434387,0.8247366204565613,0.013876345617876823,0.9861236543821231,0.2767185090331948,0.7232814909668053,0.011403377066733946,0.988596622933266,0.2550089354536071,0.7449910645463929,0.012481767542908358,0.9875182324570917,0.9508922451207982,0.049107754879201826,0.9143339089219109,0.08566609107808909,0.8169136661071369,0.1830863338928631,0.6884630535649339,0.049107754879201826
full12_small8,synthetic_ethanol_inhibition_challenge,ethanol_inhibition,synthetic,216.0,12,8,664.0,90.66689852238022,124.03961338340459,78.64766285825782,0.0005146842463222042,13076.689319460402,3.935891063468672e-08,25407207.25940792,2042.3269434606045,26,124.03961338340459,0.010441366093554394,164071.03462252815,6.363930182787253e-08,15713560.194370694,104.89009136529607,26,0.9471295343448298,0.052870465655170173,0.9211280520602493,0.07887194793975072,0.9613571944056236,0.038642805594376384,0.8922284887664809,0.10777151123351913,0.9421788525650973,0.05782114743490274,0.8947149410347258,0.10528505896527418,0.9358220745413012,0.06417792545869883,0.8698855067705096,0.13011449322949042,0.9650930020182111,0.03490699798178887,0.9587354278815828,0.041264572118417164,0.9811893219772192,0.018810678022780802,4.315119733355255e-05,0.9999568488026664,0.0004163899150650784,0.9995836100849349,0.0006900659210514263,0.9993099340789485,6.956627898226452e-08,0.999999930433721,1.049244517131177e-05,0.9999895075548287,1.408725216022275e-07,0.9999998591274784,0.1613068887439521,0.8386931112560478,0.004609451328128198,0.9953905486718718,0.2550679355584541,0.7449320644415459,0.0036907437691964724,0.9963092562308036,0.2313772344626073,0.7686227655373927,0.003726889434055388,0.9962731105659446,0.6038172907171486,0.3961827092828514,0.5474743406185527,0.4525256593814473,0.46647000747130285,0.5335299925286972,0.7929498713253554,0.3961827092828514
full12_small8,synthetic_late_ethanol_death_probe,death,synthetic,216.0,12,8,664.0,95.06328528513917,126.79138955474346,85.30387532914077,0.001978260318012017,13453.435823261789,1.4704498865572223e-07,6800639.784748524,553.5650588937484,26,126.79138955474346,0.023525604822666954,165354.49846566806,1.422737514912634e-07,7028703.394114177,51.49955049778077,26,0.9488296984310368,0.051170301568963183,0.9240216964147667,0.07597830358523328,0.8862047151835489,0.11379528481645107,0.9036777131210255,0.09632228687897448,0.8207616035117067,0.17923839648829332,0.8240626371763864,0.1759373628236136,0.9108134578340426,0.08918654216595745,0.8475179513873347,0.15248204861266534,0.9794367742493041,0.020563225750695913,0.9297753406700427,0.07022465932995725,0.9802428148561957,0.019757185143804312,9.063625540011372e-06,0.99999093637446,0.00016964743874346851,0.9998303525612565,0.0003321454363385419,0.9996678545636615,5.6289567999283514e-08,0.999999943710432,9.264523960851513e-06,0.9999907354760391,2.775162331233504e-07,0.9999997224837669,0.16271780121860568,0.8372821987813943,0.0037137938762446115,0.9962862061237554,0.2594429121126638,0.7405570878873362,0.0031786973176902746,0.9968213026823097,0.23766389684043543,0.7623361031595646,0.003303041245328884,0.9966969587546711,0.5769524248860171,0.42304757511398294,0.47524330936296827,0.5247566906370318,0.3514995928341053,0.6485004071658946,0.8114795443877951,0.42304757511398294
full12_small8,synthetic_high_biomass_low_N_maintenance,maintenance,synthetic,216.0,12,8,664.0,98.10290860725019,126.32405880281459,75.18330832594926,0.008150523765133,19740.426488965677,4.128848872484546e-07,2421982.5691954843,195.0484442660128,26,126.32405880281459,0.13239676319796675,165064.81252443086,8.020895621128884e-07,1246743.5648529949,19.71109030507405,26,0.923669060174749,0.07633093982525097,0.9768926964544223,0.023107303545577662,0.9023687846896848,0.09763121531031516,0.9017741114977639,0.09822588850223612,0.904553377069337,0.09544662293066297,0.8899003973736249,0.11009960262637508,0.9467177979928035,0.053282202007196466,0.8061994650345919,0.19380053496540806,0.9660428661045576,0.033957133895442415,0.9243558459756199,0.07564415402438007,0.9486711048217613,0.05132889517823869,1.1427036947521607e-05,0.9999885729630524,8.012432651931807e-07,0.9999991987567348,2.0469959573424534e-06,0.9999979530040427,1.7882741256512569e-06,0.9999982117258743,8.938012177505287e-05,0.9999106198782249,2.7884966252310432e-08,0.9999999721150338,0.8892773669533734,0.11072263304662655,0.000843761203104809,0.9991562387968952,0.9348380948126972,0.0651619051873028,0.0006939985162870615,0.999306001483713,0.9266263583160707,0.07337364168392935,0.000669316657540394,0.9993306833424596,0.36798336048656916,0.6320166395134308,0.2975658177390548,0.7024341822609452,0.2309065266985067,0.7690934733014934,0.6682278173281868,0.0651619051873028
full12_small8,synthetic_viable_biomass_step,biomass_input,synthetic,216.0,12,8,664.0,105.27016909973803,135.41436067948726,98.32761542677696,0.0059076975902903495,15952.047478168693,3.7034102351910485e-07,2700213.95549881,193.8341094705948,26,135.41436067948726,0.051534718997302456,166738.36945652665,3.090753445969075e-07,3235457.0414026016,27.020648960110183,26,0.8747021245890617,0.1252978754109383,0.8685311832814502,0.13146881671854982,0.8814866015998063,0.1185133984001937,0.8659116310982926,0.1340883689017074,0.8163944978462834,0.18360550215371663,0.8120152633881331,0.18798473661186688,0.8799399623284133,0.12006003767158668,0.8468068721327107,0.15319312786728934,0.9739147922039435,0.026085207796056498,0.9120861276933756,0.0879138723066244,0.9583865077199805,0.04161349228001954,5.100420753517802e-06,0.9999948995792465,0.00012365330009519765,0.9998763466999048,0.00010447055374223274,0.9998955294462578,2.19539763775522e-08,0.9999999780460236,2.0448230012009397e-06,0.9999979551769989,1.4160041070551042e-07,0.9999998583995893,0.06716794908016753,0.9328320509198325,0.0033388177162256404,0.9966611822837743,0.1144763776242742,0.8855236223757258,0.0029087009842887093,0.9970912990157113,0.1028536909624926,0.8971463090375074,0.0029209463806707105,0.9970790536193292,0.5576123214145773,0.4423876785854227,0.47065183561331253,0.5293481643866875,0.34608722185650853,0.6539127781434915,0.8483618138130974,0.4423876785854227
full12_small8,synthetic_pyruvate_peak_lowN_warm_shift,secondary_pyruvate,synthetic,216.0,12,8,664.0,76.0101360273738,108.59342875239398,33.34194668648993,1.1214428223935204e-06,6496.99916668044,1.7260935296787295e-10,5793428819.503922,626679.9631006855,25,108.59342875239398,0.014863990162878121,157235.9311757421,9.453303740265759e-08,10578312.38131662,109.20163595288146,26,0.9504427439673654,0.04955725603263461,0.9784332648901022,0.021566735109897817,0.7650955497638505,0.23490445023614948,0.8960471839265841,0.10395281607341589,0.7554386415386143,0.24456135846138571,0.8763383722573181,0.12366162774268186,0.887434145064471,0.11256585493552895,0.8523561182194348,0.1476438817805652,0.9879907620015288,0.0120092379984712,0.8353719912584155,0.16462800874158445,0.9130128053794241,0.08698719462057591,3.301807074675269e-05,0.9999669819292533,8.00890280270276e-05,0.999919910971973,0.000701347361287004,0.999298652638713,7.981988345809202e-07,0.9999992018011654,0.00036546202410453504,0.9996345379758954,1.928207611897973e-06,0.9999980717923881,0.8120222394205225,0.18797776057947746,0.003324754532276336,0.9966752454677237,0.8848829045626498,0.11511709543735016,0.0022040078965377577,0.9977959921034623,0.8709786315659332,0.12902136843406675,0.00230690009998831,0.9976930999000116,0.5531906677138105,0.44680933228618946,0.4816872550633151,0.5183127449366849,0.4013614298757779,0.5986385701242221,0.6352430744579519,0.11511709543735016
full12_small8,synthetic_acetaldehyde_redox_proxy_ethanol,secondary_acetaldehyde,synthetic,216.0,12,8,664.0,85.39771350473985,117.74589074380833,65.74245305514768,0.000334999783557432,10129.188420898201,3.307271714545972e-08,30236402.881620564,3053.217796056943,26,117.74589074380833,0.016965279311801362,161246.7127122951,1.0521317939716211e-07,9504512.702017756,71.6973781085199,26,0.9667829075469827,0.033217092453017294,0.9680018227375208,0.03199817726247922,0.9440391908678339,0.055960809132166056,0.9554091650589764,0.04459083494102356,0.9830120933792784,0.016987906620721582,0.9768206820947675,0.023179317905232533,0.9494578594739371,0.05054214052606287,0.9741260290482452,0.02587397095175481,0.969200806522679,0.030799193477320963,0.9640154584138436,0.03598454158615638,0.9658857939032771,0.03411420609672289,1.8643787631371237e-05,0.9999813562123686,0.00013998665291792422,0.9998600133470821,0.0005502899350904271,0.9994497100649096,1.696763580705851e-07,0.9999998303236419,3.975337369313894e-05,0.9999602466263069,3.195094503333025e-07,0.9999996804905497,0.3570222307431488,0.6429777692568512,0.0037310978887327402,0.9962689021112673,0.4973927548996403,0.5026072451003597,0.0028346508622136626,0.9971653491377863,0.4655429253822639,0.5344570746177362,0.0029447715142242774,0.9970552284857758,0.646097240379645,0.353902759620355,0.6001505091941084,0.3998494908058916,0.5386623481218896,0.4613376518781104,0.7168710361937264,0.353902759620355
full12_small8,synthetic_fast_CO2_aroma_strip_highN,co2_aroma_loss,synthetic,168.0,10,6,548.0,99.00669838472213,131.72670736549765,92.31131317287938,0.005056289738724576,18105.906028331963,2.792619011063317e-07,3580867.981054244,270.94456265442693,26,131.72670736549765,0.014748310235572982,168638.69640290784,8.745507733489973e-08,11434441.89261429,74.7804526999038,26,0.9086376211455669,0.0913623788544331,0.8791896307585784,0.12081036924142163,0.8022290842445011,0.19777091575549888,0.920970095970373,0.07902990402962695,0.8142473544260316,0.18575264557396842,0.9193276823176783,0.08067231768232175,0.9544917045594179,0.0455082954405821,0.8723301503571721,0.1276698496428279,0.972286797916156,0.02771320208384398,0.8191715672054158,0.18082843279458416,0.8767837576897032,0.12321624231029682,1.4889914617096219e-05,0.9999851100853829,0.0004256808227918919,0.9995743191772081,0.0003734872699180111,0.999626512730082,2.6367090950617674e-08,0.999999973632909,3.870374933136088e-06,0.9999961296250669,3.242215444010903e-07,0.9999996757784556,0.06885953760015535,0.9311404623998446,0.0034498953366872815,0.9965501046633127,0.11631354730319952,0.8836864526968005,0.0028555016292105594,0.9971444983707894,0.10360847291898873,0.8963915270810112,0.0027967393392817276,0.9972032606607183,0.33814310476875264,0.6618568952312474,0.31437973469599695,0.6856202653040031,0.2683040914173762,0.7316959085826238,0.8892077436721704,0.6618568952312474
full12_small8,natural_aroma_matrix_cold_hot,natural_aroma_matrix,natural,216.0,12,8,664.0,92.61836784611268,123.8309667469496,63.351355073450904,2.8730437784793404e-14,12035.259960818552,2.3871888001029408e-18,1000000000000.0,1001198.2845012568,25,123.8309667469496,0.030027194259183487,163488.6257263322,1.836653414008555e-07,5444685.38469361,46.803441338758596,26,0.8887038865760989,0.11129611342390111,0.8525032220218094,0.1474967779781906,0.9044260252959992,0.09557397470400075,0.9277214497149402,0.0722785502850598,0.8682384756388941,0.1317615243611059,0.9152525838604559,0.08474741613954406,0.9634798677153182,0.03652013228468176,0.8978291950552133,0.1021708049447867,0.9838540423162029,0.01614595768379712,0.9312894761179124,0.06871052388208765,0.9749956086366404,0.025004391363359635,1.216329444260925e-05,0.9999878367055574,0.000369754808116621,0.9996302451918834,1.912861222592539e-05,0.999980871387774,5.476210372254022e-08,0.9999999452378963,6.585699566475556e-05,0.9999341430043353,5.953699760070595e-07,0.999999404630024,0.06873062337183566,0.9312693766281643,0.008392161430595657,0.9916078385694044,0.11652900873704021,0.8834709912629598,0.007093132524288291,0.9929068674757117,0.10449665194770515,0.8955033480522948,0.007226199348071798,0.9927738006519282,0.7472046152020023,0.2527953847979977,0.668590670737464,0.33140932926253597,0.5220232180726405,0.4779767819273595,0.795422478751156,0.2527953847979977
full12_small8,natural_CO2_strip_reference_highN,natural_co2_aroma,natural,168.0,10,6,548.0,96.26362553932539,124.59942275061886,61.51972229991184,8.790822562023532e-14,9077.714916712484,9.683959721889074e-18,1000000000000.0,1243317.4909469648,25,124.59942275061886,0.12219679409848665,161011.3873236042,7.589326204170446e-07,1317640.0290324658,21.366637710355747,26,0.9337046280286997,0.06629537197130031,0.9019145953461752,0.09808540465382476,0.8929364413954234,0.10706355860457661,0.8642568990513698,0.13574310094863018,0.776355157929242,0.22364484207075797,0.7811799000770767,0.21882009992292328,0.8956073640989676,0.10439263590103243,0.7876698633139312,0.21233013668606882,0.9864008540999117,0.01359914590008826,0.9192454014532438,0.08075459854675615,0.9766203180582008,0.02337968194179918,2.4767264032686163e-06,0.9999975232735967,8.38647954538199e-05,0.9999161352045461,1.342537740557158e-05,0.9999865746225944,6.112625282070306e-08,0.9999999388737472,6.125004408748682e-05,0.9999387499559125,5.506782251503246e-07,0.9999994493217749,0.10328608263485699,0.896713917365143,0.005244202210723944,0.994755797789276,0.17206795794759883,0.8279320420524012,0.004563579776795748,0.9954364202232042,0.1566046094017861,0.8433953905982139,0.004738850924786615,0.9952611490752133,0.6625068836556632,0.33749311634433676,0.5541167415348947,0.44588325846510535,0.398494302313103,0.601505697686897,0.8125740898979525,0.33749311634433676
full12_small8,synthetic_lit_SM70_18C_lowN_phase,literature_nitrogen_low,synthetic,216.0,12,8,664.0,77.97911792725769,111.32153898880162,33.242843852839236,4.3115564237954806e-14,7720.071980352182,5.584865574788062e-18,1000000000000.0,1683616.711951998,24,111.32153898880162,0.0102767138960915,158538.08340399576,6.482173667953203e-08,15426923.918188663,119.51326158663322,26,0.9496534562754823,0.050346543724517745,0.97071351282677,0.029286487173230014,0.754494175608566,0.24550582439143398,0.8854828828521382,0.11451711714786184,0.7328605430932137,0.2671394569067863,0.8681522248046966,0.13184777519530344,0.8795059142294929,0.12049408577050713,0.8285840531290409,0.17141594687095907,0.9876782490072973,0.012321750992702718,0.831938410211509,0.16806158978849095,0.9172363353871275,0.08276366461287255,1.7214677633743817e-05,0.9999827853223663,0.00012215897708717826,0.9998778410229128,0.001030886194541181,0.9989691138054588,3.769209137256347e-07,0.9999996230790863,0.00014113386936803515,0.999858866130632,1.464950804152105e-06,0.9999985350491959,0.6032574683958126,0.3967425316041874,0.003251734137375002,0.996748265862625,0.730305271643296,0.26969472835670405,0.0022882894980732387,0.9977117105019268,0.7043871246802968,0.29561287531970315,0.002387791843960549,0.9976122081560395,0.6789099623985198,0.32109003760148025,0.625368589082871,0.37463141091712904,0.5556399961214069,0.4443600038785931,0.6449146521252923,0.26969472835670405
full12_small8,synthetic_lit_SM230_18C_midN_reference,literature_nitrogen_mid,synthetic,216.0,12,8,664.0,96.14313973161346,129.0719673570048,81.49279797460035,0.000342261517614304,18155.01241312772,1.885217755989073e-08,53044270.181688026,3103.5466201015465,26,129.0719673570048,0.0133224920501677,168679.71985868196,7.898099464078515e-08,12661273.823508017,82.61646578099774,26,0.9403236087807614,0.05967639121923862,0.9190775558693948,0.08092244413060523,0.8033943563837437,0.19660564361625632,0.8848337219316613,0.11516627806833868,0.8230444339849823,0.17695556601501772,0.8985753173054049,0.10142468269459515,0.8641689709672677,0.13583102903273225,0.877227420316655,0.12277257968334498,0.9798159110614029,0.020184088938597133,0.845797932597772,0.15420206740222797,0.8929949498594103,0.1070050501405897,1.6183413906279572e-05,0.9999838165860937,0.00039639273455701273,0.999603607265443,0.0004885148950928546,0.9995114851049072,3.366112713400767e-08,0.9999999663388729,5.138354642101267e-06,0.9999948616453579,3.318014587242256e-07,0.9999996681985412,0.09424207370874924,0.9057579262912507,0.004315937036331701,0.9956840629636683,0.15635299771795505,0.8436470022820449,0.0035450043499608255,0.9964549956500391,0.14029835212256622,0.8597016478774338,0.003550005227553336,0.9964499947724467,0.4841307294163696,0.5158692705836304,0.44439284305037535,0.5556071569496246,0.37536466806159113,0.6246353319384088,0.8448910835593133,0.5158692705836304
full12_small8,synthetic_lit_SM410_18C_highN_ester,literature_nitrogen_high,synthetic,216.0,12,8,664.0,105.94870151193531,137.95925541108616,99.02682984041701,0.0010824240953913222,27860.844768149283,3.8851086691698496e-08,25739305.773747507,996.5212648512187,26,137.95925541108616,0.021989558805929687,177929.39548801043,1.2358586812268145e-07,8091540.037630502,52.34689491178511,26,0.667769650417408,0.332230349582592,0.6349226787451513,0.3650773212548487,0.8195136208331496,0.1804863791668504,0.8677414981299426,0.1322585018700574,0.8352524208698914,0.16474757913010862,0.8870696962130391,0.1129303037869609,0.8767269257070338,0.12327307429296619,0.8647306813735741,0.13526931862642588,0.9720861565321033,0.027913843467896715,0.852246761699111,0.14775323830088904,0.8974153701424276,0.10258462985757244,1.386965369939782e-05,0.9999861303463006,0.0003666096882434079,0.9996333903117566,0.00016553010290536568,0.9998344698970947,1.2935776232731202e-08,0.9999999870642238,1.3339577757533192e-06,0.9999986660422242,1.54304531592713e-07,0.9999998456954684,0.030701699545192997,0.969298300454807,0.004266708348495181,0.9957332916515048,0.05337449306204445,0.9466255069379556,0.0036017635743844784,0.9963982364256155,0.04733644650753124,0.9526635534924688,0.0035697619352971083,0.9964302380647029,0.47826585995976517,0.5217341400402349,0.4559112753986987,0.5440887246013013,0.3833914940752731,0.6166085059247268,0.8672344553937282,0.5217341400402349
full12_small8,synthetic_lit_SM410_24C_highN_strip,literature_temp_strip,synthetic,168.0,10,6,548.0,103.95068432056487,136.32101415056573,99.12333369376363,0.0008957464858383587,20775.070939211895,4.311641045459356e-08,23193025.334358774,1176.7755192966492,26,136.32101415056573,0.01783051414309878,171906.10015184444,1.0372240500685613e-07,9641118.521440947,63.09799776975006,26,0.9435082257984803,0.05649177420151974,0.9615317137417548,0.038468286258245166,0.8521834051128415,0.14781659488715848,0.9165055436481734,0.08349445635182662,0.8305345295163897,0.16946547048361027,0.8968553003397707,0.10314469966022932,0.9421108417270807,0.057889158272919294,0.862385736050222,0.13761426394977805,0.9567746341861386,0.04322536581386138,0.8867099424453379,0.11329005755466215,0.944872127930976,0.05512787206902403,1.4041084569626369e-05,0.9999859589154304,0.00043719301121825994,0.9995628069887817,0.00022209875660576136,0.9997779012433943,1.61964224044539e-08,0.9999999838035776,1.8253030056473014e-06,0.9999981746969944,2.0637177954188568e-07,0.9999997936282204,0.038937685436771695,0.9610623145632283,0.0034131383707801293,0.9965868616292198,0.0675314579447709,0.9324685420552291,0.0028614170703020513,0.9971385829296979,0.05996461738956765,0.9400353826104324,0.0027794614761066268,0.9972205385238934,0.327932077998699,0.672067922001301,0.2987822305032097,0.7012177694967903,0.24008211369776608,0.7599178863022339,0.9052467062215672,0.672067922001301
full12_small8,synthetic_lit_SM70_warm_shift_Nrescue,literature_nitrogen_timing,synthetic,216.0,12,8,664.0,84.51417556704726,115.69930631797506,57.54837782942172,0.00015366731829807533,8848.950993131642,1.7365597167093417e-08,57585120.18780036,6670.1898826650195,26,115.69930631797506,0.02977289409590343,159596.3415593014,1.865512317200622e-07,5360457.772268128,50.41141470082004,26,0.9580268456732379,0.041973154326762074,0.9760187003161919,0.023981299683808133,0.7739964215189143,0.22600357848108565,0.8894627658274026,0.11053723417259742,0.7756105002688176,0.22438949973118238,0.8775321854733471,0.1224678145266529,0.862194583567938,0.137805416432062,0.8626384874108795,0.13736151258912055,0.9859982945285051,0.01400170547149493,0.8333752817690464,0.1666247182309536,0.9013410983551868,0.09865890164481317,1.3907647915746658e-05,0.9999860923520842,7.520188752320125e-05,0.9999247981124768,0.0003170697590542367,0.9996829302409458,2.4641545943281827e-07,0.9999997535845405,8.365943726215539e-05,0.9999163405627378,1.1297075465454782e-06,0.9999988702924535,0.5636441105685722,0.4363558894314278,0.005301869254373587,0.9946981307456264,0.6967595140505208,0.30324048594947917,0.0035129479952197094,0.9964870520047803,0.6686349775111504,0.3313650224888496,0.003696781532074756,0.9963032184679252,0.4581540667302992,0.5418459332697008,0.39253597928701556,0.6074640207129844,0.3185686349182606,0.6814313650817394,0.7171914844552458,0.30324048594947917
full12_small8,natural_lit_midN_24C_matrix_transfer,natural_literature_transfer,natural,216.0,12,8,664.0,97.57404355675503,126.36078129606663,65.04022057921618,5.480169493132865e-16,13324.608087230132,4.112818521382914e-20,1000000000000.0,915508.6963756331,25,126.36078129606663,0.10015030268859809,165132.5317149326,6.064843895295388e-07,1648847.0556937477,22.449781600077948,26,0.9562397773917564,0.04376022260824364,0.9324289452741035,0.06757105472589653,0.8928404563717937,0.10715954362820634,0.8856318046341112,0.11436819536588883,0.8055162034263693,0.19448379657363069,0.8260738879900407,0.17392611200995933,0.9267781680601294,0.07322183193987064,0.8259605995196306,0.17403940048036937,0.9820535171845659,0.017946482815434095,0.9247858230166637,0.07521417698333632,0.9827303605633578,0.01726963943664217,3.296592007423299e-06,0.9999967034079926,0.0001037859375083125,0.9998962140624917,1.3968080769940889e-05,0.9999860319192301,5.834086124361212e-08,0.9999999416591387,5.2561460611642876e-05,0.9999474385393884,4.1258640975355795e-07,0.9999995874135903,0.091723791548165,0.908276208451835,0.0050261710031376285,0.9949738289968624,0.15358935932193557,0.8464106406780645,0.004311091721971487,0.9956889082780285,0.13897332048887887,0.8610266795111211,0.00445320334376842,0.9955467966562316,0.7013710955827783,0.2986289044172217,0.6051805121626491,0.3948194878373509,0.4542341538966075,0.5457658461033925,0.8037349388075533,0.2986289044172217
full14_small6,natural_control_18C,natural_baseline,natural,216.0,14,6,748.0,102.64324308478587,130.42211651939607,70.63768075630405,-2.9878801037534075e-13,13177.505011844667,-2.2674095749291965e-17,1000000000000.0,859317.6759549706,25,130.42211651939607,0.16405471514771053,164721.87744231668,9.959497651133816e-07,1004066.7060011378,16.35785158803816,26,0.9555161342278022,0.04448386577219776,0.9315732634089006,0.06842673659109944,0.890828623962076,0.10917137603792404,0.8898775074264283,0.11012249257357165,0.82743294841464,0.17256705158536,0.8595217236203156,0.14047827637968435,0.947506074364669,0.05249392563533095,0.8495696666009915,0.15043033339900846,0.9779031666847651,0.02209683331523493,0.9157905515971138,0.08420944840288624,0.9471941592251145,0.05280584077488548,2.2035148261935516e-06,0.9999977964851738,5.975683502059347e-05,0.9999402431649794,5.030059410863125e-06,0.9999949699405891,4.7642925933519926e-08,0.9999999523570741,3.642930184806741e-05,0.9999635706981519,1.3400776221764893e-07,0.9999998659922378,0.07819313290532902,0.921806867094671,0.0037752061386391164,0.9962247938613609,0.13276039529489142,0.8672396047051085,0.003341633254654483,0.9966583667453455,0.12016407258013209,0.8798359274198679,0.0035237800081498972,0.9964762199918501,0.7401115905193183,0.2598884094806817,0.6607789792411667,0.3392210207588333,0.5257364743275207,0.4742635256724793,0.793779833856417,0.2598884094806817
full14_small6,natural_cold_hot_switch,natural_temperature,natural,216.0,14,6,748.0,101.42307376889029,130.98372764793103,73.16745237592198,9.616372629266775e-14,12929.562682831482,7.437508031138497e-18,1000000000000.0,864928.5616009178,25,130.98372764793103,0.06779385500940326,164116.94675721787,4.130825996275225e-07,2420823.343567854,25.237903848642347,26,0.8626741853470812,0.13732581465291882,0.8236116040715753,0.1763883959284247,0.8935233444644013,0.10647665553559871,0.9089329361435683,0.09106706385643171,0.864231054059009,0.13576894594099098,0.9043178041228245,0.09568219587717552,0.9589710301545743,0.0410289698454257,0.8909923160336208,0.10900768396637917,0.9783512814513365,0.02164871854866346,0.919763002922408,0.08023699707759202,0.9434125368284215,0.05658746317157848,5.36985956200765e-06,0.999994630140438,0.0001668084694799801,0.99983319153052,5.420085215798711e-06,0.9999945799147842,3.697825651266776e-08,0.9999999630217434,3.4944933893180734e-05,0.9999650550661068,1.3073719112647988e-07,0.9999998692628089,0.04815406845450032,0.9518459315454997,0.004611301323674011,0.995388698676326,0.08352021920875664,0.9164797807912434,0.004109596912918727,0.9958904030870813,0.07508898003951306,0.924911019960487,0.004327243351054575,0.9956727566489454,0.7467224778425741,0.25327752215742594,0.6690361286107337,0.3309638713892663,0.5272270022873066,0.47277299771269343,0.803378900572535,0.25327752215742594
full14_small6,natural_glucose_pulse_after_growth,natural_sugar_pulse,natural,216.0,14,6,748.0,105.84545996004564,134.23347218969982,89.82399188620386,0.00010384042989563388,17907.155244103407,5.798823346317232e-09,172448778.01547256,9511.460361134501,25,134.23347218969982,0.12451544061115531,169082.635047901,7.364176727898768e-07,1357925.043014729,18.201591477176702,26,0.9498954158084723,0.050104584191527746,0.9230157957700077,0.0769842042299923,0.8513325275366964,0.14866747246330358,0.9245814772179022,0.07541852278209782,0.8449822961408376,0.15501770385916236,0.9193590469240411,0.08064095307595887,0.9757568118945628,0.02424318810543724,0.8750461267917126,0.12495387320828744,0.9578632378425493,0.04213676215745066,0.9180320735904816,0.08196792640951844,0.9651563268937348,0.03484367310626524,2.951169541620293e-06,0.9999970488304584,8.915465174635869e-05,0.9999108453482537,4.863896731439793e-06,0.9999951361032685,4.219950531550187e-08,0.9999999578004947,3.373279464698184e-05,0.999966267205353,1.0993907036749921e-07,0.9999998900609296,0.05578461601398153,0.9442153839860185,0.003015012956469421,0.9969849870435306,0.09660763776034068,0.9033923622396594,0.0025982613096467533,0.9974017386903532,0.08679121137348696,0.913208788626513,0.0025591663823587244,0.9974408336176412,0.4969798241581666,0.5030201758418333,0.41761763024444537,0.5823823697555546,0.31138842600996597,0.688611573990034,0.8660567610052201,0.5030201758418333
full14_small6,synthetic_natural_like_control,synthetic_baseline,synthetic,216.0,14,6,748.0,108.03346922473186,135.78457885086235,77.57210244334138,9.169839174883513e-14,13246.507601830668,6.922457941756845e-18,1000000000000.0,845742.1327309986,25,135.78457885086235,0.1641365063887593,164771.83918153774,9.96144166406503e-07,1003870.7585945181,9.461573911759231,26,0.94389622925143,0.05610377074856998,0.921126566847871,0.07887343315212902,0.8898568006787501,0.11014319932124994,0.8875032272536598,0.11249677274634018,0.8257916934389723,0.1742083065610277,0.8549566077987591,0.14504339220124085,0.9423754767385635,0.05762452326143652,0.8493414505066328,0.1506585494933672,0.9772863812331251,0.022713618766874943,0.9149753028064422,0.08502469719355776,0.9467515739416927,0.05324842605830726,6.64143824284042e-07,0.9999993358561757,9.748794002013867e-06,0.9999902512059979,7.782922425284675e-06,0.9999922170775747,2.4642585529374768e-08,0.9999999753574145,2.3619111481086608e-06,0.9999976380888519,1.1204505086608217e-07,0.9999998879549491,0.0797777669874305,0.9202222330125696,0.0037529225843040033,0.996247077415696,0.13526117166135823,0.8647388283386418,0.0033214048173609008,0.9966785951826391,0.12245896614875759,0.8775410338512424,0.003504946490310148,0.9964950535096898,0.7402651084034884,0.25973489159651164,0.6609648259889034,0.3390351740110966,0.5258640477147134,0.4741359522852866,0.7931660332042886,0.25973489159651164
full14_small6,synthetic_high_sugar_reference,synthetic_baseline,synthetic,216.0,14,6,748.0,114.46921843363161,142.22713248825875,107.23570178780983,0.0005975565604367979,25404.661094386764,2.3521532454878127e-08,42514236.77085334,1671.1140124109613,26,142.22713248825875,0.17436875412319164,176488.04225169838,9.879918882805425e-07,1012154.0590179905,7.8039273513194996,26,0.9357372544499485,0.06426274555005151,0.9132447121767413,0.0867552878232587,0.7887797647150073,0.21122023528499267,0.8829096867259095,0.11709031327409047,0.860336524735201,0.13966347526479905,0.9087520497224402,0.09124795027755983,0.8603443721228797,0.13965562787712027,0.9017933609351716,0.0982066390648284,0.954279384284955,0.04572061571504504,0.8497079181006671,0.15029208189933285,0.8911977088651604,0.10880229113483963,5.160744123429955e-07,0.9999994839255877,6.828486566274787e-06,0.9999931715134337,4.161201798074214e-06,0.999995838798202,2.1847659681467624e-08,0.9999999781523403,1.9037059255545068e-06,0.9999980962940744,8.49158018654222e-08,0.9999999150841982,0.05121849792709696,0.948781502072903,0.002280370646512547,0.9977196293534875,0.0879229626536738,0.9120770373463262,0.0018903022582287372,0.9981096977417713,0.0778025886077695,0.9221974113922305,0.0018007088851151399,0.9981992911148848,0.38173912323677345,0.6182608767632265,0.3498001580118537,0.6501998419881463,0.29551808703658455,0.7044819129634154,0.8863659283740604,0.6182608767632265
full14_small6,synthetic_glucose_rich_fructose_pulse,sugar_separation,synthetic,216.0,14,6,748.0,116.48471971815466,143.85917504882653,104.09796787912647,0.00030464646776712695,26532.07487031915,1.1482195390151273e-08,87091358.92755657,3266.192231640579,26,143.85917504882653,0.20865319331072835,175002.26107082254,1.1922885569249157e-06,838723.1381127606,6.710469958346602,26,0.9312281327089771,0.06877186729102291,0.9147077020952309,0.08529229790476911,0.6660041946216315,0.3339958053783685,0.6518266282545003,0.34817337174549967,0.8484970796526314,0.15150292034736856,0.784987056849909,0.215012943150091,0.7031388362614863,0.2968611637385137,0.8558494175170779,0.14415058248292212,0.9120094634556105,0.08799053654438949,0.7292613567089381,0.2707386432910619,0.74477558871955,0.25522441128045004,6.289593170170237e-07,0.999999371040683,7.117116038194799e-06,0.9999928828839618,3.705163077277359e-06,0.9999962948369228,2.457763927614797e-08,0.9999999754223607,2.0330024309898046e-06,0.999997966997569,8.688163415686271e-08,0.9999999131183659,0.04114375070426229,0.9588562492957378,0.0023858205168822157,0.9976141794831178,0.0715493978872795,0.9284506021127205,0.002000355896163418,0.9979996441038366,0.06346465723763921,0.9365353427623608,0.0019010410874315995,0.9980989589125684,0.34032927006000147,0.6596707299399985,0.2937346814505427,0.7062653185494573,0.22970110818868522,0.7702988918113147,0.9048897997351861,0.6596707299399985
full14_small6,synthetic_fructose_rich_glucose_pulse,sugar_separation,synthetic,216.0,14,6,748.0,118.07901148318298,144.53778923623116,105.8512023965088,0.018158648286708393,23223.583228608717,7.819055357632787e-07,1278926.870653016,58.49129937737862,26,144.53778923623116,0.3215456454847381,171926.8684849678,1.8702466247319104e-06,534688.8409133445,4.942864515317943,26,0.9319582592081539,0.0680417407918461,0.9209346146384475,0.0790653853615525,0.6875990636069028,0.3124009363930972,0.42182561362917265,0.5781743863708273,0.7521842077312169,0.24781579226878314,0.39698335760630094,0.6030166423936991,0.3863750627824018,0.6136249372175981,0.6936336719583891,0.3063663280416109,0.9610938722769825,0.03890612772301749,0.631296533845216,0.368703466154784,0.48329850431937493,0.5167014956806251,4.860759265403721e-07,0.9999995139240735,6.218017440411944e-06,0.9999937819825596,3.0464774881447427e-06,0.9999969535225118,2.118518397459005e-08,0.9999999788148161,1.7603089387604907e-06,0.9999982396910613,9.019067884451607e-08,0.9999999098093212,0.03567967865711927,0.9643203213428807,0.002604325495875714,0.9973956745041243,0.06236201132280219,0.9376379886771978,0.0022122376651504895,0.9977877623348496,0.05541699445234447,0.9445830055476555,0.00213859126438729,0.9978614087356127,0.42309348352224824,0.5769065164777518,0.36643846226958005,0.63356153773042,0.28395837935999085,0.7160416206400091,0.8878267259537168,0.5769065164777518
full14_small6,synthetic_low_yan_ladder,nitrogen_saturation,synthetic,216.0,14,6,748.0,91.57515163715652,121.56456536440194,75.07125607322361,0.004819557081982782,11146.973368206549,4.3236463592253177e-07,2312862.6092795744,250.49567762737192,26,121.56456536440194,0.054454612444149966,162453.34994614898,3.352015360852879e-07,2983279.8849273836,31.40349255775003,26,0.9554158320741591,0.044584167925840856,0.9761535642248408,0.023846435775159214,0.8203191827810978,0.17968081721890217,0.9128617057353934,0.08713829426460662,0.7794615989254291,0.2205384010745709,0.8835179939168125,0.11648200608318748,0.9030674577501062,0.09693254224989378,0.8590984054502131,0.1409015945497869,0.981383376141062,0.01861662385893803,0.8688437897014595,0.13115621029854052,0.9387626067784126,0.06123739322158739,4.874229931457214e-05,0.9999512577006854,6.300675524829026e-05,0.9999369932447517,0.00011061446153169473,0.9998893855384683,2.0840879646248917e-07,0.9999997915912036,3.744404763086672e-05,0.9999625559523692,2.7337244756233914e-07,0.9999997266275524,0.5824050366217448,0.4175949633782552,0.003072864119522014,0.996927135880478,0.7150154925010687,0.28498450749893134,0.002117915485349307,0.9978820845146507,0.6870737614705651,0.3129262385294349,0.0021706030071156064,0.9978293969928844,0.4232529663038279,0.5767470336961721,0.32804782343890565,0.6719521765610943,0.2418210206471055,0.7581789793528945,0.7286349817258834,0.28498450749893134
full14_small6,synthetic_low_sugar_saturation_scan,sugar_saturation,synthetic,168.0,12,4,632.0,83.91517843857802,118.22739006897437,37.890660913108675,3.7974941806766806e-14,3804.0206854692215,9.982843140634142e-18,1000000000000.0,3049133.355062588,25,118.22739006897437,0.006235420894200574,154851.28034686606,4.026715749610377e-08,24834134.37108789,169.87223222244288,26,0.9740797436795565,0.02592025632044348,0.9582242116028045,0.041775788397195535,0.94843127410464,0.05156872589535999,0.9337455640310699,0.0662544359689301,0.9324753889662502,0.06752461103374985,0.9196163212297409,0.08038367877025909,0.9513147315392944,0.048685268460705644,0.9354930777878527,0.06450692221214727,0.9914103638103198,0.008589636189680228,0.9626528162236125,0.03734718377638746,0.9597740833354809,0.040225916664519135,3.430759619827554e-05,0.9999656924038017,0.0007196987669959754,0.999280301233004,0.0011693244502672703,0.9988306755497327,5.8400831540540465e-08,0.9999999415991685,1.0143939339102823e-05,0.9999898560606609,6.51311022708189e-07,0.9999993486889773,0.16819240550572898,0.831807594494271,0.011444646648369552,0.9885553533516305,0.2668862238982876,0.7331137761017124,0.009491231651065326,0.9905087683489346,0.2457629545735937,0.7542370454264062,0.010545640804381714,0.9894543591956183,0.9507596363223905,0.04924036367760953,0.9140457853901107,0.08595421460988928,0.8164715368158879,0.1835284631841121,0.6914899221036203,0.04924036367760953
full14_small6,synthetic_ethanol_inhibition_challenge,ethanol_inhibition,synthetic,216.0,14,6,748.0,104.89487017529102,132.70227027645785,92.97266413713132,0.004966714762738651,14019.558561579452,3.542704102217537e-07,2822702.5773167317,209.1295186030714,26,132.70227027645785,0.16076906008219588,165371.07631994912,9.721715771574858e-07,1028625.011774034,11.008425004736972,26,0.9465677716247771,0.05343222837522288,0.9204884168941115,0.07951158310588846,0.9524562037612231,0.047543796238776914,0.8963680204101633,0.10363197958983672,0.9403275097578729,0.05967249024212706,0.891459429658717,0.10854057034128295,0.9215499270832611,0.07845007291673889,0.8720206108040348,0.1279793891959652,0.9501784700162229,0.04982152998377709,0.9502112615283217,0.04978873847167831,0.966589764527431,0.03341023547256905,2.158795437824919e-06,0.9999978412045621,1.359159741208154e-05,0.9999864084025879,1.5967649570554363e-05,0.9999840323504294,5.4501919285755344e-08,0.9999999454980807,5.357968753408899e-06,0.9999946420312466,6.824608463506261e-08,0.9999999317539153,0.1242937680514196,0.8757062319485804,0.0029049778067906863,0.9970950221932093,0.20256850859554923,0.7974314914044508,0.0024024523193947544,0.9975975476806053,0.18246819236156867,0.8175318076384314,0.002378460842642995,0.997621539157357,0.5769460490909848,0.4230539509090152,0.5182058973672875,0.4817941026327125,0.4422758903761191,0.557724109623881,0.8132318524521277,0.4230539509090152
full14_small6,synthetic_late_ethanol_death_probe,death,synthetic,216.0,14,6,748.0,105.14696647458855,132.91104136356554,96.42655570990152,0.0058357188953304965,13245.1213044026,4.405938429111055e-07,2269664.036593813,179.53111119621767,26,132.91104136356554,0.16443142098439606,165094.0495783164,9.959863568940684e-07,1004029.8173545749,12.18501216474135,26,0.9506141691495733,0.04938583085042669,0.9229310515907487,0.07706894840925127,0.8844274781980861,0.11557252180191391,0.8980377366752903,0.1019622633247097,0.83194580839607,0.16805419160392998,0.8229643300041856,0.17703566999581444,0.9035289999637119,0.09647100003628806,0.854817335058562,0.14518266494143806,0.8644588868606915,0.1355411131393085,0.9183551849100161,0.08164481508998389,0.9450494321836113,0.05495056781638874,1.517972452387542e-06,0.9999984820275476,1.7892496718789683e-05,0.9999821075032812,2.7488411866001392e-05,0.999972511588134,5.106924673939894e-08,0.9999999489307533,5.23626943941239e-06,0.9999947637305606,1.1885384490575342e-07,0.9999998811461551,0.14655996157890122,0.8534400384210987,0.0031381118369936626,0.9968618881630064,0.23669854796583956,0.7633014520341604,0.002734801127687848,0.9972651988723121,0.21596535977367534,0.7840346402263246,0.002805984762760836,0.9971940152372392,0.5694573923155557,0.4305426076844443,0.4695090115890171,0.530490988410983,0.3490159983206447,0.6509840016793553,0.81855540687324,0.4305426076844443
full14_small6,synthetic_high_biomass_low_N_maintenance,maintenance,synthetic,216.0,14,6,748.0,98.74916314236698,127.52867361118848,77.58696906080134,0.013721261492342632,20240.01443062885,6.779274559991664e-07,1475084.0833347656,143.7491286685675,26,127.52867361118848,0.10064113800491523,165322.4465386566,6.087566456463173e-07,1642692.5392137596,22.563183899611953,26,0.9198790311689167,0.08012096883108333,0.9751668353709948,0.0248331646290052,0.8976819808304344,0.10231801916956562,0.9017288398016609,0.09827116019833915,0.9011444661724357,0.09885553382756429,0.8878837065215928,0.11211629347840724,0.9447286399128609,0.055271360087139065,0.7995448377152146,0.20045516228478544,0.9656540881733559,0.03434591182664415,0.9081898826180412,0.09181011738195877,0.9177924177141314,0.08220758228586855,2.0672172404884935e-05,0.9999793278275951,8.350637507321837e-07,0.9999991649362493,1.5239007916555336e-06,0.9999984760992083,2.6690469824593745e-06,0.9999973309530176,0.00011712231988975063,0.9998828776801103,2.228989529265071e-08,0.9999999777101047,0.8803450525963019,0.11965494740369809,0.0008311765632368224,0.9991688234367632,0.9291903048932021,0.07080969510679791,0.0006841978274776712,0.9993158021725224,0.919988570026987,0.08001142997301303,0.0006532083916135597,0.9993467916083865,0.3455816829116201,0.6544183170883799,0.2806396948860503,0.7193603051139497,0.22052291945570904,0.779477080544291,0.6746769134398197,0.07080969510679791
full14_small6,synthetic_viable_biomass_step,biomass_input,synthetic,216.0,14,6,748.0,115.35477665614323,143.0424669701917,111.50453079410518,0.00982805978983014,16559.254296733176,5.935085972904607e-07,1684895.5593318965,104.5536621576295,26,143.0424669701917,0.1698474874470029,166125.4906309711,1.022404730314987e-06,978086.2415336396,7.535922209574903,26,0.8732886576761165,0.12671134232388348,0.8670429603439579,0.1329570396560421,0.8646161787545701,0.13538382124542991,0.8454403729785314,0.15455962702146864,0.8261390842153006,0.17386091578469942,0.8165562238480518,0.18344377615194818,0.8737397475059615,0.1262602524940385,0.8547720580792952,0.14522794192070476,0.8820513245041396,0.11794867549586041,0.8981909462445372,0.10180905375546279,0.9149196574024057,0.08508034259759434,2.2121286198690748e-07,0.999999778787138,2.2685592688861775e-06,0.9999977314407311,1.1851229449075328e-06,0.9999988148770551,2.0580163792992753e-08,0.9999999794198362,1.3873821093527279e-06,0.9999986126178907,4.1416014937756465e-08,0.999999958583985,0.06391757384747108,0.9360824261525289,0.002985549414034477,0.9970144505859655,0.10940384491686041,0.8905961550831396,0.002628434026153576,0.9973715659738465,0.09831188016284047,0.9016881198371596,0.002634739715919783,0.9973652602840802,0.5538890349078347,0.4461109650921653,0.4666833995253064,0.5333166004746936,0.3433091176632468,0.6566908823367532,0.8505668179111097,0.4461109650921653
full14_small6,synthetic_pyruvate_peak_lowN_warm_shift,secondary_pyruvate,synthetic,216.0,14,6,748.0,87.70263329326649,116.82945330497441,52.41763098208653,1.2045110317413704e-06,10337.990903779839,1.1651306747628978e-10,8582728286.709113,498578.04743696447,25,116.82945330497441,0.08293690059592049,160703.9158053989,5.160851257436143e-07,1937664.8349613347,31.710115348828857,26,0.9414979165960544,0.05850208340394558,0.9773018805772173,0.02269811942278266,0.7528023267247526,0.24719767327524744,0.8946467723251338,0.10535322767486621,0.7659744932676686,0.23402550673233136,0.8887805389401968,0.11121946105980318,0.8981914666280384,0.10180853337196161,0.8604227980528032,0.1395772019471968,0.984494398622285,0.01550560137771495,0.8378889808316938,0.16211101916830617,0.9108036900045744,0.0891963099954256,1.5817403847498307e-05,0.9999841825961525,2.197549170216553e-05,0.9999780245082979,0.00011012558582259387,0.9998898744141774,4.690521840782701e-07,0.9999995309478159,0.00011121298483227377,0.9998887870151677,5.494181926500561e-07,0.9999994505818074,0.6630858331373746,0.33691416686262543,0.0020617355635594134,0.9979382644364406,0.779024626500305,0.22097537349969498,0.001478899760806179,0.9985211002391938,0.7554858643935385,0.2445141356064615,0.0015015133136775766,0.9984984866863225,0.504566719308361,0.49543328069163906,0.43012514087061426,0.5698748591293857,0.3589006924391399,0.6410993075608601,0.6821506556645089,0.22097537349969498
full14_small6,synthetic_acetaldehyde_redox_proxy_ethanol,secondary_acetaldehyde,synthetic,216.0,14,6,748.0,97.09126934720106,124.91928161818953,83.26060108654626,0.0012320202104142183,13888.761589679154,8.870626819094814e-08,11273160.514963958,825.0554618672954,26,124.91928161818953,0.16029557411677606,165028.9783422132,9.713177390238599e-07,1029529.2259410034,16.050783725855553,26,0.9652559842951924,0.03474401570480756,0.9653435839232788,0.03465641607672121,0.930093602438084,0.06990639756191597,0.948388311563262,0.051611688436738024,0.9676483786028905,0.032351621397109454,0.9567311455482665,0.04326885445173345,0.9479329403644953,0.05206705963550473,0.9470851088968979,0.0529148911031021,0.869096743334042,0.13090325666595803,0.95799850576893,0.042001494231070025,0.9694432973763137,0.03055670262368626,3.801945344773715e-06,0.9999961980546552,1.6057736612181108e-05,0.9999839422633878,4.4951545105480296e-05,0.9999550484548945,1.4292119361487643e-07,0.9999998570788063,1.96546993173021e-05,0.9999803453006827,1.3897929890781641e-07,0.999999861020701,0.2959488001426953,0.7040511998573047,0.0025527972458333024,0.9974472027541667,0.4280997667144437,0.5719002332855563,0.0020107682225134413,0.9979892317774866,0.39617490714775255,0.6038250928522475,0.002033503402957215,0.9979664965970427,0.626473411356798,0.373526588643202,0.5819985115164983,0.4180014884835017,0.5268205224870202,0.47317947751297984,0.7398061107349883,0.373526588643202
full14_small6,synthetic_fast_CO2_aroma_strip_highN,co2_aroma_loss,synthetic,168.0,12,4,632.0,101.71003349238796,134.45350915786125,97.01006523894175,0.00748044549085666,24634.261617673823,3.03660227651793e-07,3293154.3512728293,204.203440561588,26,134.45350915786125,0.015123637974634582,175078.27523754875,8.638215080720101e-08,11576465.631562369,72.9754070845761,26,0.9149416924043248,0.08505830759567523,0.8788249249081274,0.12117507509187264,0.7809222447668677,0.21907775523313233,0.919573274977725,0.08042672502227499,0.8230163699652597,0.17698363003474027,0.9266693396123796,0.07333066038762037,0.9549393070748949,0.04506069292510506,0.8760078038271683,0.12399219617283175,0.9669138905871419,0.033086109412858056,0.8160279896672287,0.18397201033277133,0.8759920394747671,0.12400796052523289,1.4434071661290882e-05,0.9999855659283388,0.0004175336600956484,0.9995824663399043,0.0003618050513431047,0.9996381949486569,3.0430369854638976e-08,0.9999999695696301,2.9620822802317915e-06,0.9999970379177198,2.0545728082764166e-07,0.9999997945427191,0.06549721963170559,0.9345027803682944,0.00282833860855768,0.9971716613914423,0.11094975242822058,0.8890502475717794,0.0023339788047244746,0.9976660211952755,0.09874163494033238,0.9012583650596676,0.002265012725737521,0.9977349872742625,0.3370450190752812,0.6629549809247188,0.313252625129446,0.6867473748705539,0.26735905633884777,0.7326409436611523,0.8908840177070533,0.6629549809247188
full14_small6,natural_aroma_matrix_cold_hot,natural_aroma_matrix,natural,216.0,14,6,748.0,100.31110390684191,130.1506011774843,72.43818553276944,4.49207641983197e-14,12329.089978350414,3.643477683851727e-18,1000000000000.0,914578.9381273306,25,130.1506011774843,0.058883476996969025,163477.90101452364,3.601922745003786e-07,2776294.97019917,27.79430999299378,26,0.8871826915713387,0.11281730842866133,0.85081188618699,0.14918811381301,0.8949154313306744,0.10508456866932558,0.9134101034170011,0.08658989658299887,0.8744109313770818,0.1255890686229182,0.916401057154722,0.08359894284527802,0.9629953426312039,0.0370046573687961,0.9020533433762106,0.09794665662378943,0.9788629015056263,0.02113709849437373,0.9207146615705863,0.07928533842941365,0.941189487652482,0.058810512347517996,6.761268163943675e-06,0.9999932387318361,0.00019168192236718263,0.9998083180776328,6.0051508789311565e-06,0.9999939948491211,4.0723332640043235e-08,0.9999999592766674,3.909437428466302e-05,0.9999609056257154,1.439578534259387e-07,0.9999998560421466,0.05097032982701203,0.949029670172988,0.004842586719347061,0.995157413280653,0.0884056225057215,0.9115943774942785,0.004321108485547323,0.9956788915144527,0.07962776634099472,0.9203722336590052,0.004545202715872984,0.995454797284127,0.7333038516364462,0.2666961483635538,0.6491064347936589,0.3508935652063411,0.5032714593971729,0.4967285406028271,0.8074151272041898,0.2666961483635538
full14_small6,natural_CO2_strip_reference_highN,natural_co2_aroma,natural,168.0,12,4,632.0,98.39481190316569,126.95508550710288,64.27360443215017,1.5294308137558523e-13,10482.32942763927,1.459056237751055e-17,1000000000000.0001,1049611.1251971365,25,126.95508550710288,0.11006939602227342,162271.1406391139,6.783054311984188e-07,1474262.1155682278,21.30082066089693,26,0.9348991980608403,0.06510080193915968,0.902604098552258,0.09739590144774202,0.8824369438136355,0.11756305618636453,0.8550114010384173,0.14498859896158267,0.7840138882275473,0.21598611177245275,0.7543568311230539,0.24564316887694615,0.8563612226560596,0.14363877734394037,0.7927130971418401,0.20728690285815987,0.9833046857480562,0.016695314251943816,0.91619813579149,0.08380186420850999,0.9654608589317664,0.034539141068233636,2.6290448406210786e-06,0.9999973709551594,9.438832352673798e-05,0.9999056116764733,1.319265097585778e-05,0.9999868073490241,6.209753135255762e-08,0.9999999379024687,5.150584207486598e-05,0.9999484941579251,3.4858050034960367e-07,0.9999996514194996,0.09847290054393262,0.9015270994560673,0.004409397584211576,0.9955906024157885,0.16482028807809668,0.8351797119219033,0.0038995549374797166,0.9961004450625203,0.15000176011809915,0.8499982398819008,0.0040752061988644835,0.9959247938011355,0.661184101249641,0.338815898750359,0.5524103497098257,0.4475896502901743,0.3970173162440975,0.6029826837559025,0.8148779337193797,0.338815898750359
full14_small6,synthetic_lit_SM70_18C_lowN_phase,literature_nitrogen_low,synthetic,216.0,14,6,748.0,89.92384802087818,118.6491889164663,47.99695393340367,-7.759876197713212e-14,11196.76740576807,-6.930461191607565e-18,1000000000000.0,1163380.5734576362,25,118.6491889164663,0.10127923001877555,161547.05734064197,6.269333015779777e-07,1595066.0101848496,24.77390174671694,26,0.9407644156885335,0.05923558431146647,0.9705042905939321,0.029495709406067938,0.7397339180906466,0.2602660819093534,0.8769478302881921,0.12305216971180788,0.746253929205726,0.253746070794274,0.8730379836906196,0.12696201630938042,0.8736954227633603,0.12630457723663968,0.8340418234407128,0.16595817655928724,0.9847133668980521,0.015286633101947888,0.8313758744700559,0.1686241255299441,0.9095268499224617,0.09047315007753831,5.321024776204299e-06,0.9999946789752238,1.806215759024628e-05,0.9999819378424097,9.689296316879634e-05,0.9999031070368312,2.6219823859433514e-07,0.9999997378017614,6.031041372331711e-05,0.9999396895862767,5.133881808232869e-07,0.9999994866118191,0.5112068747925879,0.48879312520741214,0.002159730954853072,0.9978402690451469,0.6510251022552234,0.34897489774477664,0.0016026027264723706,0.9983973972735276,0.6211792227310494,0.3788207772689506,0.001641271897243425,0.9983587281027566,0.6555131622516235,0.3444868377483765,0.6001154272835871,0.39988457271641287,0.5348407738073677,0.4651592261926323,0.6746050006816443,0.3444868377483765
full14_small6,synthetic_lit_SM230_18C_midN_reference,literature_nitrogen_mid,synthetic,216.0,14,6,748.0,111.02333909507792,138.7835219871232,99.85045834829766,0.00035537358188858384,21771.149416028828,1.6323142848256922e-08,61262712.04609262,2805.6839164707885,26,138.7835219871232,0.17108469813989305,172883.56369181466,9.895949301743438e-07,1010514.4736582503,8.713314703280785,26,0.9385238720661295,0.06147612793387047,0.9170192914506528,0.08298070854934725,0.7934438457063472,0.20655615429365282,0.8854085386828527,0.11459146131714726,0.8271038743140878,0.17289612568591217,0.8943082572482018,0.10569174275179816,0.8758255071058892,0.12417449289411076,0.8729396490268694,0.12706035097313062,0.9774986280315426,0.022501371968457362,0.8575374610305521,0.14246253896944794,0.9083052840241383,0.09169471597586165,6.888641072686038e-07,0.9999993111358927,9.419727227554943e-06,0.9999905802727724,7.666055506883031e-06,0.9999923339444932,2.5919284664253868e-08,0.9999999740807153,2.4793813763570864e-06,0.9999975206186237,1.076433790225234e-07,0.999999892356621,0.06611111281599079,0.9338888871840092,0.0024590876052799924,0.99754091239472,0.11223851499122121,0.8877614850087788,0.0020420729879028635,0.9979579270120972,0.0998584764008031,0.9001415235991969,0.0019783681274320552,0.998021631872568,0.4676838627233011,0.5323161372766989,0.42812363542847054,0.5718763645715295,0.36336745116255065,0.6366325488374494,0.859648620975663,0.5323161372766989
full14_small6,synthetic_lit_SM410_18C_highN_ester,literature_nitrogen_high,synthetic,216.0,14,6,748.0,120.32363780985783,148.18135528825337,117.82022718647569,0.001049177807258125,30294.966288988042,3.4632083668615666e-08,28874959.115042254,953.0831936992903,26,148.18135528825337,0.16999667706150845,181209.59563599876,9.381218277369039e-07,1065959.6338488031,7.2348449232897885,26,0.665991866352685,0.33400813364731496,0.6341925252337253,0.36580747476627473,0.8120895534826493,0.18791044651735067,0.8666426680731133,0.1333573319268867,0.8336360744290859,0.16636392557091406,0.8726301624740224,0.12736983752597764,0.8587195010133084,0.1412804989866916,0.8609845212749558,0.13901547872504416,0.9328547314926654,0.0671452685073346,0.8638558158985252,0.13614418410147477,0.9141189274785217,0.08588107252147825,2.1921197100667324e-07,0.999999780788029,3.3657058288808505e-06,0.9999966342941711,9.265883808402383e-07,0.9999990734116192,1.1564711824207155e-08,0.9999999884352881,8.562300704776208e-07,0.9999991437699295,4.6762403198406236e-08,0.9999999532375968,0.022348268910344093,0.9776517310896559,0.0025034431869696123,0.9974965568130304,0.03928998163153455,0.9607100183684655,0.002100322597136083,0.9978996774028639,0.03473237964050597,0.965267620359494,0.002020879092002759,0.9979791209079972,0.4665122927154564,0.5334877072845436,0.44346743468233113,0.5565325653176689,0.37444302525964585,0.6255569747403542,0.8738710062992362,0.5334877072845436
full14_small6,synthetic_lit_SM410_24C_highN_strip,literature_temp_strip,synthetic,168.0,12,4,632.0,106.69726369960544,138.89606347748233,101.540731746834,0.0008206985769842304,26237.82176464844,3.127921914958655e-08,31970107.540655084,1272.3444810882734,26,138.89606347748233,0.020014795717873506,177555.14418894995,1.1272439224049874e-07,8871194.424951868,57.0082155805511,26,0.9592212319405098,0.04077876805949021,0.9675367145987714,0.03246328540122856,0.8466643134068524,0.15333568659314756,0.9182811608188849,0.08171883918111511,0.8497452166204588,0.15025478337954123,0.8972954836099665,0.10270451639003353,0.9535330428448342,0.0464669571551658,0.8727324181804684,0.12726758181953157,0.9414327941248556,0.05856720587514441,0.9016208533145594,0.09837914668544057,0.9566765105516165,0.04332348944838349,1.2626944265771164e-05,0.9999873730557343,0.0003912840702378363,0.9996087159297622,0.00019596187777617008,0.9998040381222238,2.047060611981382e-08,0.9999999795293939,1.4860656197773837e-06,0.9999985139343802,1.3117199694148378e-07,0.9999998688280031,0.037251949228501384,0.9627480507714986,0.0028387459494272184,0.9971612540505728,0.06473288302685695,0.935267116973143,0.0023725477804910724,0.9976274522195089,0.0574520933189405,0.9425479066810595,0.0022835696335222564,0.9977164303664777,0.3270398247051329,0.6729601752948671,0.2978488465648339,0.7021511534351661,0.23932149658500781,0.7606785034149922,0.9062596750881515,0.6729601752948671
full14_small6,synthetic_lit_SM70_warm_shift_Nrescue,literature_nitrogen_timing,synthetic,216.0,14,6,748.0,96.74683138543159,124.73243481405689,77.94147615168428,0.002185977585961684,13448.346846203789,1.6254619329503268e-07,6152097.319098272,485.0982196145366,26,124.73243481405689,0.14769946402873024,164159.5964323918,8.997309157589179e-07,1111443.4132303942,17.553696242618702,26,0.9528423537419224,0.04715764625807761,0.9744348529180155,0.02556514708198454,0.7633335588186118,0.23666644118138824,0.8882851652432965,0.11171483475670352,0.7892852079511091,0.21071479204889088,0.884769615856053,0.11523038414394704,0.8773025224858034,0.12269747751419657,0.8660588858639484,0.1339411141360516,0.9816912516875745,0.01830874831242546,0.841244720112959,0.15875527988704097,0.9057613738608049,0.09423862613919509,6.319979273407301e-06,0.9999936800207266,2.1132067107278675e-05,0.9999788679328927,5.506162500512074e-05,0.9999449383749949,1.4900501398880604e-07,0.999999850994986,2.5082258132556317e-05,0.9999749177418674,3.07245711371864e-07,0.9999996927542887,0.3647274442536674,0.6352725557463326,0.0026431802509066554,0.9973568197490933,0.5066185741682984,0.49338142583170164,0.0019626086063100324,0.99803739139369,0.47290465704422135,0.5270953429557786,0.0019612436574882102,0.9980387563425118,0.4231007036045263,0.5768992963954738,0.3543789204945412,0.6456210795054588,0.2885752017527692,0.7114247982472308,0.7802820069694024,0.49338142583170164
full14_small6,natural_lit_midN_24C_matrix_transfer,natural_literature_transfer,natural,216.0,14,6,748.0,103.1646972295295,130.94043152307717,71.62301610872161,4.573490715113575e-14,13293.433538680634,3.440413420510087e-18,1000000000000.0,848180.3603757222,25,130.94043152307717,0.16434684915419792,164777.23346774583,9.973880838724474e-07,1002618.7560988413,16.27532613829888,26,0.9553952236742334,0.04460477632576665,0.9311761183457484,0.06882388165425157,0.8866542624908649,0.11334573750913512,0.8741249183118929,0.12587508168810713,0.8160997788615214,0.1839002211384786,0.8336666874169688,0.1663333125830312,0.9258361812792059,0.07416381872079414,0.8361723221964655,0.16382767780353447,0.9774044616824291,0.022595538317570885,0.9124403993550108,0.08755960064498924,0.9455088293153942,0.05449117068460585,2.2163544485483014e-06,0.9999977836455515,6.033897984685068e-05,0.9999396610201532,5.0001321832224564e-06,0.9999949998678168,4.739972953753105e-08,0.9999999526002704,3.628661731951938e-05,0.9999637133826805,1.3112959376080062e-07,0.9999998688704063,0.07919555852373149,0.9208044414762685,0.003873319537856021,0.996126680462144,0.13471236669522083,0.8652876333047792,0.003455743288799736,0.9965442567112003,0.12216797181220107,0.8778320281877989,0.0036245225816229003,0.9963754774183771,0.6901643863557498,0.30983561364425016,0.5908363389853396,0.4091636610146604,0.442070533609727,0.557929466390273,0.8118057128057127,0.30983561364425016
