mode,batch,time_h,state,obs,pred,qgas_g_l_h_raw,scale_factor
instant,25170,0.49777777777777776,CO2_flow_L_min,0.0,0.3873640569436204,0.1997939493809645,1.938817757713972
instant,25170,1.9983333333333335,CO2_flow_L_min,0.0,0.3951639557280974,0.2038169674049348,1.938817757713972
instant,25170,3.998611111111111,CO2_flow_L_min,0.0,0.40128207047338,0.20697255782643803,1.938817757713972
instant,25170,5.999166666666667,CO2_flow_L_min,0.0,0.40249527988016015,0.20759830483228897,1.938817757713972
instant,25170,7.999722222222223,CO2_flow_L_min,0.0,0.4145413972977449,0.21381143000594538,1.938817757713972
instant,25170,10.0,CO2_flow_L_min,0.0,0.42636418656733555,0.2199093673817257,1.938817757713972
instant,25170,12.000555555555556,CO2_flow_L_min,0.0,0.43792046914103916,0.2258698464044315,1.938817757713972
instant,25170,14.000833333333333,CO2_flow_L_min,0.0,0.45880043287022665,0.23663927723211625,1.938817757713972
instant,25170,16.00138888888889,CO2_flow_L_min,0.0,0.4815676682800741,0.24838212171518512,1.938817757713972
instant,25170,18.001666666666665,CO2_flow_L_min,0.0,0.5063115894100586,0.2611444976690549,1.938817757713972
instant,25170,20.001666666666665,CO2_flow_L_min,0.0,0.5218657742414023,0.2691670076597223,1.938817757713972
instant,25170,22.001944444444444,CO2_flow_L_min,0.0,0.5367525136911552,0.2768452638498789,1.938817757713972
instant,25170,24.0025,CO2_flow_L_min,0.0,0.5507542128507373,0.28406703552175144,1.938817757713972
instant,25170,26.00277777777778,CO2_flow_L_min,0.0,0.5695216053435523,0.2937468480869836,1.938817757713972
instant,25170,28.003055555555555,CO2_flow_L_min,0.0,0.5874336581293244,0.30298549504825956,1.938817757713972
instant,25170,30.003333333333334,CO2_flow_L_min,0.0,0.6028572731298549,0.31094065996211734,1.938817757713972
instant,25170,32.00388888888889,CO2_flow_L_min,0.02010594867169857,0.6059661887220709,0.3125441709573341,1.938817757713972
instant,25170,34.00416666666666,CO2_flow_L_min,0.06976939365267754,0.6013635893910249,0.31017025040047225,1.938817757713972
instant,25170,35.97138888888889,CO2_flow_L_min,0.09141644090414047,0.6091129405648955,0.3141671970670882,1.938817757713972
instant,25170,38.330555555555556,CO2_flow_L_min,0.0,0.6379824012501027,0.3290574365289171,1.938817757713972
instant,25170,40.005833333333335,CO2_flow_L_min,0.0,0.6598783024842636,0.3403508658092317,1.938817757713972
instant,25170,42.00611111111111,CO2_flow_L_min,0.0,0.6866696150949281,0.35416924172624087,1.938817757713972
instant,25170,44.00694444444444,CO2_flow_L_min,0.0,0.707726407215944,0.3650298767896641,1.938817757713972
instant,25170,46.007222222222225,CO2_flow_L_min,0.10981453210115433,0.7271444898554255,0.3750453011699199,1.938817757713972
instant,25170,48.0075,CO2_flow_L_min,0.19227386265993118,0.742868162452772,0.38315522926129764,1.938817757713972
instant,25170,49.999722222222225,CO2_flow_L_min,0.26944872736930847,0.7456630967639982,0.38459679554575427,1.938817757713972
instant,25170,51.992222222222225,CO2_flow_L_min,0.3240592032670975,0.7328916780628335,0.37800957575660643,1.938817757713972
instant,25170,53.992777777777775,CO2_flow_L_min,0.37912435829639435,0.7137907979449334,0.36815775753289587,1.938817757713972
instant,25170,55.99319444444444,CO2_flow_L_min,0.4144144058227539,0.6930574410950774,0.3574639433425914,1.938817757713972
instant,25170,57.99361111111111,CO2_flow_L_min,0.44397418200969696,0.6731339558856898,0.3471878433171413,1.938817757713972
instant,25170,59.994166666666665,CO2_flow_L_min,0.507400631904602,0.6540033168990221,0.3373206761166385,1.938817757713972
instant,25170,61.99472222222222,CO2_flow_L_min,0.5540836751461029,0.652864182064636,0.3367331351629549,1.938817757713972
instant,25170,63.99527777777778,CO2_flow_L_min,0.5873410999774933,0.6516451108890479,0.33610436478433736,1.938817757713972
instant,25170,65.99555555555557,CO2_flow_L_min,0.605966329574585,0.6502497035826041,0.33538464406747687,1.938817757713972
instant,25170,67.99583333333334,CO2_flow_L_min,0.6478050649166107,0.6356386695609392,0.32784859073624856,1.938817757713972
instant,25170,69.9961111111111,CO2_flow_L_min,0.6928205788135529,0.6214594579563119,0.3205352620088772,1.938817757713972
instant,25170,71.99666666666667,CO2_flow_L_min,0.7214046716690063,0.6077056634869682,0.31344135418044855,1.938817757713972
instant,25170,73.9975,CO2_flow_L_min,0.755364716053009,0.5943459224545522,0.3065506905379986,1.938817757713972
instant,25170,75.99833333333333,CO2_flow_L_min,0.7820552587509155,0.5813532029422719,0.29984932860721053,1.938817757713972
instant,25170,77.9988888888889,CO2_flow_L_min,0.8426351249217987,0.5687026562117742,0.2933244519496882,1.938817757713972
instant,25170,79.99916666666667,CO2_flow_L_min,0.8671332597732544,0.5511834102341467,0.2842884061903982,1.938817757713972
instant,25170,81.99972222222223,CO2_flow_L_min,0.8808037042617798,0.5342130366873576,0.275535456884426,1.938817757713972
instant,25170,84.0,CO2_flow_L_min,0.9216566383838654,0.5177740121636472,0.26705656583945564,1.938817757713972
instant,25170,86.0,CO2_flow_L_min,0.9671140015125275,0.5159303566239036,0.2661056484402271,1.938817757713972
instant,25170,88.00055555555556,CO2_flow_L_min,1.0167601704597473,0.513762877972717,0.2649877101283033,1.938817757713972
instant,25170,90.00097222222223,CO2_flow_L_min,1.0506026148796082,0.511245423870264,0.2636892620960234,1.938817757713972
instant,25170,92.00222222222223,CO2_flow_L_min,1.0576554536819458,0.5018607888925539,0.25884887163623344,1.938817757713972
instant,25170,94.00222222222223,CO2_flow_L_min,1.0318894982337952,0.49254891489646824,0.2540460097070828,1.938817757713972
instant,25170,96.0038888888889,CO2_flow_L_min,1.0453163385391235,0.48328205456748946,0.2492663648476788,1.938817757713972
instant,25170,98.00444444444443,CO2_flow_L_min,1.0063957571983337,0.4740596206762277,0.24450963417788352,1.938817757713972
instant,25170,100.00583333333333,CO2_flow_L_min,1.0273829698562622,0.4648600429361739,0.23976469221340466,1.938817757713972
instant,25170,102.00694444444446,CO2_flow_L_min,1.03029066324234,0.4556569257705816,0.2350179246902706,1.938817757713972
instant,25170,104.00777777777779,CO2_flow_L_min,1.0509377121925354,0.44090608042171064,0.22740975971953944,1.938817757713972
instant,25170,106.00055555555555,CO2_flow_L_min,1.0386885404586792,0.42659827197325123,0.22003010353910013,1.938817757713972
instant,25170,107.99444444444444,CO2_flow_L_min,0.986695259809494,0.4126531899006236,0.2128375337283769,1.938817757713972
instant,25170,109.99444444444444,CO2_flow_L_min,1.0487924218177795,0.4093347782007864,0.2111259692006464,1.938817757713972
instant,25170,111.99555555555557,CO2_flow_L_min,1.0423717498779297,0.40556714662813426,0.2091827068400342,1.938817757713972
instant,25170,113.99694444444444,CO2_flow_L_min,1.037216603755951,0.40131213431543394,0.2069880641018135,1.938817757713972
instant,25170,115.99777777777777,CO2_flow_L_min,1.0339342951774597,0.3887784330989755,0.20052345381722608,1.938817757713972
instant,25170,117.99833333333333,CO2_flow_L_min,0.9775261580944061,0.3764657892503762,0.19417286011154591,1.938817757713972
instant,25170,119.9988888888889,CO2_flow_L_min,0.949872225522995,0.3643781825918293,0.18793833569043725,1.938817757713972
instant,25170,122.00027777777777,CO2_flow_L_min,0.9661630988121033,0.3561572054503009,0.18369813461490056,1.938817757713972
instant,25170,124.0011111111111,CO2_flow_L_min,0.9199035465717316,0.34736745600039515,0.17916457316234322,1.938817757713972
instant,25170,126.00166666666667,CO2_flow_L_min,0.868619829416275,0.33846709789597595,0.17457396217324567,1.938817757713972
instant,25170,128.00194444444446,CO2_flow_L_min,0.8611688017845154,0.32800179423834364,0.16917618632969667,1.938817757713972
instant,25170,130.0022222222222,CO2_flow_L_min,0.8477236330509186,0.3176108201895651,0.16381674808056987,1.938817757713972
instant,25170,132.0025,CO2_flow_L_min,0.8022134602069855,0.30729951734375177,0.1584984025038452,1.938817757713972
instant,25170,134.0027777777778,CO2_flow_L_min,0.8443529903888702,0.2989955310252775,0.15421538710157998,1.938817757713972
instant,25170,136.00333333333333,CO2_flow_L_min,0.8295652866363525,0.2905307629111601,0.14984944394862573,1.938817757713972
instant,25170,138.00361111111113,CO2_flow_L_min,0.8142173290252686,0.28191732498238,0.1454068201411483,1.938817757713972
instant,25170,140.00416666666666,CO2_flow_L_min,0.79200679063797,0.27288686599616097,0.14074910594893528,1.938817757713972
instant,25170,142.0052777777778,CO2_flow_L_min,0.7756664454936981,0.2637556367807218,0.13603941666580963,1.938817757713972
instant,25170,144.00555555555556,CO2_flow_L_min,0.7196485996246338,0.2545228769561949,0.1312773601043858,1.938817757713972
instant,25170,146.00583333333333,CO2_flow_L_min,0.73886638879776,0.24424970607373866,0.12597868216439767,1.938817757713972
instant,25170,148.00611111111112,CO2_flow_L_min,0.7094215154647827,0.23398612637168945,0.12068495114650622,1.938817757713972
instant,25170,150.00611111111112,CO2_flow_L_min,0.6570267081260681,0.22368541628977437,0.11537206908684297,1.938817757713972
instant,25170,152.00666666666666,CO2_flow_L_min,0.7023055553436279,0.21176294119246522,0.109222715930842,1.938817757713972
instant,25170,154.00666666666666,CO2_flow_L_min,0.6335598230361938,0.19996729948480577,0.10313878067662424,1.938817757713972
instant,25170,156.00694444444446,CO2_flow_L_min,0.6580243706703186,0.18820316832941983,0.09707109787942476,1.938817757713972
instant,25170,158.00722222222223,CO2_flow_L_min,0.6091253161430359,0.1785205467576149,0.09207701242024187,1.938817757713972
instant,25170,160.00722222222223,CO2_flow_L_min,0.6478431820869446,0.1677902281135998,0.08654254761491276,1.938817757713972
instant,25170,162.00722222222223,CO2_flow_L_min,0.6133309304714203,0.1556111329537057,0.08026083541610647,1.938817757713972
instant,25170,164.0077777777778,CO2_flow_L_min,0.5906752347946167,0.1413666614119419,0.07291384703357834,1.938817757713972
instant,25170,166.00055555555556,CO2_flow_L_min,0.6082608699798584,0.12507545171632845,0.06451119565966987,1.938817757713972
instant,25170,167.99333333333334,CO2_flow_L_min,0.5536117553710938,0.10694705609440248,0.05516096377232587,1.938817757713972
instant,25170,169.99388888888888,CO2_flow_L_min,0.5794588029384613,0.08824946914000222,0.04551715538445228,1.938817757713972
instant,25170,171.99555555555554,CO2_flow_L_min,0.5429856479167938,0.07167022157427924,0.03696594034644309,1.938817757713972
instant,25170,173.99638888888887,CO2_flow_L_min,0.5531306266784668,0.05871827890813487,0.030285610225361574,1.938817757713972
instant,25170,175.9972222222222,CO2_flow_L_min,0.503053218126297,0.04935003688679197,0.025453674895664143,1.938817757713972
instant,25170,177.9975,CO2_flow_L_min,0.5171032249927521,0.04259687980884701,0.021970543461017338,1.938817757713972
instant,25170,179.9975,CO2_flow_L_min,0.5095526278018951,0.0374761152153306,0.01932936453992358,1.938817757713972
instant,25170,181.99805555555554,CO2_flow_L_min,0.48540203273296356,0.03332586922621468,0.01718875799111138,1.938817757713972
instant,25170,183.99861111111113,CO2_flow_L_min,0.507699579000473,0.029787403489322014,0.015363694380664147,1.938817757713972
instant,25170,185.99888888888887,CO2_flow_L_min,0.4587230831384659,0.026674789115730065,0.013758275634519599,1.938817757713972
instant,25170,187.99944444444446,CO2_flow_L_min,0.4637443870306015,0.02387689933227403,0.012315184981814324,1.938817757713972
instant,25170,189.9997222222222,CO2_flow_L_min,0.46611180901527405,0.021349109245183382,0.0110114058736267,1.938817757713972
instant,25170,192.0002777777778,CO2_flow_L_min,0.4360964149236679,0.019060456445164256,0.00983096857315673,1.938817757713972
instant,25170,194.00138888888887,CO2_flow_L_min,0.4581541270017624,0.01698940287745723,0.008762764220547038,1.938817757713972
instant,25170,196.0027777777778,CO2_flow_L_min,0.4118622839450836,0.015118967864391538,0.007798034551848784,1.938817757713972
instant,25170,198.00305555555553,CO2_flow_L_min,0.4316452443599701,0.013434807306712019,0.00692938119287332,1.938817757713972
instant,25170,200.0038888888889,CO2_flow_L_min,0.401793971657753,0.011953099611277815,0.006165148613746718,1.938817757713972
instant,25170,202.005,CO2_flow_L_min,0.40858079493045807,0.010629187422132851,0.005482303522258611,1.938817757713972
instant,25170,204.00555555555556,CO2_flow_L_min,0.37395724654197693,0.009448052933717479,0.004873100061172083,1.938817757713972
instant,25170,206.00583333333333,CO2_flow_L_min,0.3972831219434738,0.00837714617340874,0.00432074966307617,1.938817757713972
instant,25170,208.00666666666666,CO2_flow_L_min,0.37339621782302856,0.0074206650771081115,0.0038274175319384816,1.938817757713972
instant,25170,210.0077777777778,CO2_flow_L_min,0.3867792338132858,0.006567988258082496,0.0033876253876623775,1.938817757713972
instant,25170,211.99972222222223,CO2_flow_L_min,0.3688569664955139,0.005809803327376893,0.0029965701027141072,1.938817757713972
instant,25170,213.9922222222222,CO2_flow_L_min,0.37109674513339996,0.005135091224985884,0.0026485682857787444,1.938817757713972
instant,25170,215.9922222222222,CO2_flow_L_min,0.3616567403078079,0.0045335791142433225,0.0023383214312977982,1.938817757713972
instant,25170,217.99277777777777,CO2_flow_L_min,0.34436510503292084,0.0040051015885660705,0.0020657442261558506,1.938817757713972
instant,25170,219.99333333333334,CO2_flow_L_min,0.34849607944488525,0.003537606759783065,0.001824620568750205,1.938817757713972
instant,25170,221.99416666666667,CO2_flow_L_min,0.32139265537261963,0.003124250787710798,0.0016114205552741328,1.938817757713972
instant,25170,223.99444444444444,CO2_flow_L_min,0.3353331834077835,0.002764705682657507,0.0014259750157834979,1.938817757713972
instant,25170,225.995,CO2_flow_L_min,0.3156689554452896,0.002447457649894533,0.0012623453855612967,1.938817757713972
instant,25170,227.99555555555554,CO2_flow_L_min,0.31158891320228577,0.002167491047557025,0.0011179447057018282,1.938817757713972
instant,25170,229.9961111111111,CO2_flow_L_min,0.33792784810066223,0.0019140657686663063,0.000987233462789793,1.938817757713972
instant,25170,231.99694444444447,CO2_flow_L_min,0.36408500373363495,0.001689658979544368,0.000871489325297194,1.938817757713972
instant,25170,233.9972222222222,CO2_flow_L_min,0.3085409998893738,0.0014911714833335421,0.000769113794940561,1.938817757713972
instant,25170,235.9975,CO2_flow_L_min,0.29279355704784393,0.0013170496011987798,0.0006793055179934453,1.938817757713972
instant,25170,237.99805555555554,CO2_flow_L_min,0.3260100781917572,0.0011632981607341902,0.0006000038714860008,1.938817757713972
instant,25170,239.99861111111113,CO2_flow_L_min,0.3097006678581238,0.0010275722765084184,0.0005299994145504485,1.938817757713972
instant,25170,241.99944444444446,CO2_flow_L_min,0.31147246062755585,0.0009094540379816985,0.0004690765980264286,1.938817757713972
instant,25170,243.9997222222222,CO2_flow_L_min,0.3079918324947357,0.0008053484555876267,0.0004153812045425041,1.938817757713972
instant,25170,246.00111111111113,CO2_flow_L_min,0.2541520893573761,0.0007134733627437267,0.00036799403136526424,1.938817757713972
instant,25170,248.00138888888887,CO2_flow_L_min,0.29114674031734467,0.0006339733927109486,0.00032698967718268484,1.938817757713972
instant,25170,250.00166666666667,CO2_flow_L_min,0.3009909838438034,0.000563802137188671,0.00029079687090004827,1.938817757713972
instant,25170,252.0022222222222,CO2_flow_L_min,0.18855221569538116,0.0005017818552578499,0.0002588081593854868,1.938817757713972
instant,25170,254.00333333333333,CO2_flow_L_min,0.31672607362270355,0.0004447548247949431,0.00022939485829722654,1.938817757713972
instant,25170,256.0038888888889,CO2_flow_L_min,0.2440953105688095,0.0003940747277420335,0.00020325516731736586,1.938817757713972
instant,25170,258.00416666666666,CO2_flow_L_min,0.2801497280597687,0.00034905156943619635,0.00018003320221687946,1.938817757713972
instant,25170,260.00444444444446,CO2_flow_L_min,0.26816558837890625,0.00030929239799558947,0.00015952628696792577,1.938817757713972
instant,25170,262.0052777777778,CO2_flow_L_min,0.24895182251930237,0.00027402271705842594,0.00014133495320443196,1.938817757713972
instant,25170,264.0058333333333,CO2_flow_L_min,0.30818894505500793,0.00024275743649695237,0.0001252090019967548,1.938817757713972
instant,25170,266.00666666666666,CO2_flow_L_min,0.19077855348587036,0.00021564228144912493,0.00011122359519926473,1.938817757713972
instant,25170,268.00666666666666,CO2_flow_L_min,0.27154241502285004,0.00019167263088837948,9.886057115258605e-05,1.938817757713972
instant,25170,270.00694444444446,CO2_flow_L_min,0.1460215523838997,0.00017045493908923926,8.791694753725583e-05,1.938817757713972
instant,25170,272.0077777777778,CO2_flow_L_min,0.24887815862894058,0.00015133694239012488,7.805630095350672e-05,1.938817757713972
instant,25170,274.0,CO2_flow_L_min,0.2517445385456085,0.00013443838286714024,6.934039175794135e-05,1.938817757713972
instant,25170,275.99194444444447,CO2_flow_L_min,0.21002890169620514,0.00011943500266753947,6.160197480776291e-05,1.938817757713972
instant,25170,277.9925,CO2_flow_L_min,0.22749736160039902,0.00010600506845505979,5.4675107050829065e-05,1.938817757713972
instant,25170,279.99277777777775,CO2_flow_L_min,0.14897896349430084,9.408062844034e-05,4.852474043319518e-05,1.938817757713972
instant,25170,281.99333333333334,CO2_flow_L_min,0.18359868973493576,8.349218819001933e-05,4.3063453415272814e-05,1.938817757713972
instant,25170,283.9941666666667,CO2_flow_L_min,0.2330804392695427,7.42136165225617e-05,3.827776810238511e-05,1.938817757713972
instant,25170,285.9945833333333,CO2_flow_L_min,0.2391098439693451,6.599136203157286e-05,3.4036908197798945e-05,1.938817757713972
instant,25170,287.9952777777778,CO2_flow_L_min,0.1702709123492241,5.869975104238915e-05,3.027605395547906e-05,1.938817757713972
instant,25170,289.9961111111111,CO2_flow_L_min,0.237287238240242,5.2329784683102905e-05,2.6990563953160864e-05,1.938817757713972
instant,25170,291.99694444444447,CO2_flow_L_min,0.15782906115055084,4.6683163144295104e-05,2.4078159465249818e-05,1.938817757713972
instant,25170,293.9975,CO2_flow_L_min,0.2147100493311882,4.1674079145255455e-05,2.1494582963997955e-05,1.938817757713972
instant,25170,295.99805555555554,CO2_flow_L_min,0.10364668443799019,3.7235212568250117e-05,1.9205112197937335e-05,1.938817757713972
instant,25170,297.99888888888887,CO2_flow_L_min,0.21209334582090378,3.3290475191089875e-05,1.7170502518164535e-05,1.938817757713972
instant,25170,299.99944444444446,CO2_flow_L_min,0.2150188684463501,2.9783001225337864e-05,1.5361423788718806e-05,1.938817757713972
instant,25170,301.99944444444446,CO2_flow_L_min,0.18467075377702713,2.6585854908278433e-05,1.3712405306017713e-05,1.938817757713972
instant,25170,303.9997222222222,CO2_flow_L_min,0.16795704513788223,2.3731127729331066e-05,1.2239999161815006e-05,1.938817757713972
instant,25170,306.00083333333333,CO2_flow_L_min,0.17765527963638306,2.1181472333056588e-05,1.0924942403060776e-05,1.938817757713972
instant,25170,308.00166666666667,CO2_flow_L_min,0.14285282045602798,1.8928709110779104e-05,9.763016165633656e-06,1.938817757713972
instant,25170,310.0025,CO2_flow_L_min,0.12291436269879341,1.69205675323284e-05,8.727260447768522e-06,1.938817757713972
instant,25170,312.0025,CO2_flow_L_min,0.19325070828199387,1.5130396847566853e-05,7.803929372612542e-06,1.938817757713972
instant,25170,314.00333333333333,CO2_flow_L_min,0.18606183677911758,1.3539186695361968e-05,6.983217809664483e-06,1.938817757713972
instant,25170,316.0036111111111,CO2_flow_L_min,0.11333898454904556,1.2120332536250512e-05,6.251403716531561e-06,1.938817757713972
instant,25170,318.0038888888889,CO2_flow_L_min,0.12730340659618378,1.0854231480362454e-05,5.598376349286433e-06,1.938817757713972
instant,25170,320.00458333333336,CO2_flow_L_min,0.15322154760360718,9.71467440497365e-06,5.0106176128838745e-06,1.938817757713972
instant,25170,322.005,CO2_flow_L_min,0.15288059413433075,8.696369476217651e-06,4.4853980945952324e-06,1.938817757713972
instant,25170,324.0052777777778,CO2_flow_L_min,0.09755769744515419,7.78637651848453e-06,4.0160435334909035e-06,1.938817757713972
instant,25170,326.0055555555556,CO2_flow_L_min,0.0,6.958999778026768e-06,3.5893006190700512e-06,1.938817757713972
instant,25170,328.00638888888886,CO2_flow_L_min,0.11417782679200172,6.217213261704948e-06,3.206703279340479e-06,1.938817757713972
instant,25170,330.00666666666666,CO2_flow_L_min,0.08088314905762672,5.552863446087034e-06,2.864046104381839e-06,1.938817757713972
instant,25170,332.00722222222225,CO2_flow_L_min,0.058217285200953484,4.974205528845665e-06,2.565586945474787e-06,1.938817757713972
instant,25170,334.0075,CO2_flow_L_min,0.11389579251408577,4.457996839652546e-06,2.299337739153419e-06,1.938817757713972
instant,25170,335.9997222222222,CO2_flow_L_min,0.14201034605503082,3.998777263764623e-06,2.0624822770756525e-06,1.938817757713972
instant,25170,337.9922222222222,CO2_flow_L_min,0.08606862649321556,3.593869929631223e-06,1.853639887159222e-06,1.938817757713972
instant,25170,339.9926388888889,CO2_flow_L_min,0.10622508823871613,3.2308509089807876e-06,1.6664025776152527e-06,1.938817757713972
instant,25170,341.99333333333334,CO2_flow_L_min,0.11300522834062576,2.906274090756816e-06,1.4989929193672932e-06,1.938817757713972
instant,25170,343.99361111111114,CO2_flow_L_min,0.10256433114409447,2.6141745013624645e-06,1.3483343088650036e-06,1.938817757713972
instant,25170,345.9941666666667,CO2_flow_L_min,0.0,2.3525590886400392e-06,1.2133987731853162e-06,1.938817757713972
instant,25170,347.9941666666667,CO2_flow_L_min,0.0,2.1182025656982933e-06,1.0925227795498587e-06,1.938817757713972
instant,25170,349.99555555555554,CO2_flow_L_min,0.08526002615690231,1.8993444627873412e-06,9.796405336346965e-07,1.938817757713972
instant,25170,351.99666666666667,CO2_flow_L_min,0.0,1.7018644899175287e-06,8.777846618880617e-07,1.938817757713972
instant,25170,353.99694444444447,CO2_flow_L_min,0.0,1.5238595363806787e-06,7.859735812289218e-07,1.938817757713972
instant,25170,355.99777777777774,CO2_flow_L_min,0.0,1.3709870722315856e-06,7.071252915736102e-07,1.938817757713972
instant,25170,357.99833333333333,CO2_flow_L_min,0.020015770569443703,1.2341695462442515e-06,6.36557789577624e-07,1.938817757713972
instant,25170,359.99861111111113,CO2_flow_L_min,0.0,1.1116273754506274e-06,5.733532050796403e-07,1.938817757713972
instant,25170,361.99916666666667,CO2_flow_L_min,0.06933164969086647,1.0000038636958732e-06,5.157802272633202e-07,1.938817757713972
instant,25170,363.99944444444446,CO2_flow_L_min,0.048734547570347786,8.997748064845362e-07,4.640842610939596e-07,1.938817757713972
instant,25170,366.0002777777778,CO2_flow_L_min,0.07116474211215973,8.097223490970303e-07,4.1763716361447016e-07,1.938817757713972
instant,25170,368.00083333333333,CO2_flow_L_min,0.05656919442117214,7.305263250672544e-07,3.7678957816468833e-07,1.938817757713972
instant,25170,370.00138888888887,CO2_flow_L_min,0.06970534846186638,6.594750481030279e-07,3.401428759764425e-07,1.938817757713972
instant,25170,372.00138888888887,CO2_flow_L_min,0.0,5.956966802281672e-07,3.072473819976475e-07,1.938817757713972
instant,25170,374.00194444444446,CO2_flow_L_min,0.04881179705262184,5.374963745384228e-07,2.7722893108436135e-07,1.938817757713972
instant,25170,376.0025,CO2_flow_L_min,0.048261480405926704,4.851105398698731e-07,2.502094577686657e-07,1.938817757713972
instant,25170,378.0025,CO2_flow_L_min,0.0,4.379575193691652e-07,2.2588895610568045e-07,1.938817757713972
instant,25170,379.8611111111111,CO2_flow_L_min,0.0,3.983496393963956e-07,2.0546007370289567e-07,1.938817757713972
instant,25171,0.5075000000000003,CO2_flow_L_min,0.8966177105903625,1.1948670976556948,0.33964527979238457,3.5179852886107614
instant,25171,2.0,CO2_flow_L_min,1.0077099800109863,1.226511372428493,0.348640278968545,3.5179852886107614
instant,25171,3.99305555555555,CO2_flow_L_min,1.087964653968811,1.2654562174105284,0.3597104915439405,3.5179852886107614
instant,25171,5.994444444444447,CO2_flow_L_min,1.2940880060195923,1.3003841592007386,0.3696388849068369,3.5179852886107614
instant,25171,7.994722222222222,CO2_flow_L_min,1.4111799001693726,1.3529263550830688,0.3845741934916772,3.5179852886107614
instant,25171,9.995555555555562,CO2_flow_L_min,1.4755344986915588,1.4056895715940574,0.39957232798695375,3.5179852886107614
instant,25171,11.996388888888895,CO2_flow_L_min,1.4894561767578125,1.4569834196177944,0.4141527891929166,3.5179852886107614
instant,25171,13.996388888888895,CO2_flow_L_min,1.5801073908805847,1.5422846492601905,0.4383999712145563,3.5179852886107614
instant,25171,15.996944444444452,CO2_flow_L_min,1.6058717966079712,1.6127258158134712,0.45842312673522584,3.5179852886107614
instant,25171,17.99722222222222,CO2_flow_L_min,1.7284287214279175,1.6389444284467873,0.4658758618896897,3.5179852886107614
instant,25171,19.997777777777785,CO2_flow_L_min,1.685668408870697,1.597439951971133,0.4540780648352159,3.5179852886107614
instant,25171,21.998333333333335,CO2_flow_L_min,1.7897506356239319,1.5558506961271277,0.4422561689396737,3.5179852886107614
instant,25171,23.999166666666667,CO2_flow_L_min,1.6657332181930542,1.5159757754863727,0.4309215790055295,3.5179852886107614
instant,25171,26.0,CO2_flow_L_min,1.7469052076339722,1.4530569801138442,0.4130366846098014,3.5179852886107614
instant,25171,28.00055555555555,CO2_flow_L_min,1.645696759223938,1.392189191683698,0.39573479633096137,3.5179852886107614
instant,25171,30.001666666666665,CO2_flow_L_min,1.6147007942199707,1.3333428259653435,0.3790075047448181,3.5179852886107614
instant,25171,32.0025,CO2_flow_L_min,1.4993385076522827,1.2985746520815542,0.3691245259852568,3.5179852886107614
instant,25171,34.00305555555555,CO2_flow_L_min,1.485105574131012,1.2650687714663225,0.3596003586376261,3.5179852886107614
instant,25171,36.003888888888895,CO2_flow_L_min,1.4768308997154236,1.2327264371827058,0.350406933529135,3.5179852886107614
instant,25171,38.004444444444445,CO2_flow_L_min,1.2267774939537048,1.2014754878012497,0.3415237385133318,3.5179852886107614
instant,25171,40.004999999999995,CO2_flow_L_min,1.2437371611595154,1.1712375393746792,0.3329284926706434,3.5179852886107614
instant,25171,42.00527777777778,CO2_flow_L_min,1.2025887966156006,1.1419165730685017,0.32459390230123447,3.5179852886107614
instant,25171,44.00555555555556,CO2_flow_L_min,0.7370048761367798,1.1012887103708806,0.3130452858732036,3.5179852886107614
instant,25171,46.00638888888889,CO2_flow_L_min,0.864924430847168,1.0620107153023082,0.301880374184763,3.5179852886107614
instant,25171,48.007222222222225,CO2_flow_L_min,0.9298628568649292,1.0241339192824468,0.2911137583769923,3.5179852886107614
instant,25171,50.007222222222225,CO2_flow_L_min,0.9515603482723236,1.011008319808635,0.2873827594111055,3.5179852886107614
instant,25171,52.00805555555556,CO2_flow_L_min,1.0021700263023376,0.9978849534430914,0.28365239521429386,3.5179852886107614
instant,25171,54.00027777777777,CO2_flow_L_min,0.8588043451309204,0.9847843753796871,0.27992850867451313,3.5179852886107614
instant,25171,55.99194444444444,CO2_flow_L_min,0.9227873086929321,0.9546008687481832,0.27134873810832544,3.5179852886107614
instant,25171,57.992222222222225,CO2_flow_L_min,0.946250319480896,0.925180131968662,0.26298578762221375,3.5179852886107614
instant,25171,59.992777777777775,CO2_flow_L_min,0.8144015371799469,0.8966159039868697,0.25486630284941864,3.5179852886107614
instant,25171,61.99333333333334,CO2_flow_L_min,0.870048463344574,0.8746633143399686,0.2486262001070987,3.5179852886107614
instant,25171,63.99333333333334,CO2_flow_L_min,0.8795121312141418,0.8532071285501057,0.2425272019505897,3.5179852886107614
instant,25171,65.99361111111111,CO2_flow_L_min,0.8749131262302399,0.8321902797136678,0.23655308690682345,3.5179852886107614
instant,25171,67.99416666666667,CO2_flow_L_min,0.7442700564861298,0.806168704520259,0.22915636035493822,3.5179852886107614
instant,25171,69.99472222222222,CO2_flow_L_min,0.5520975887775421,0.7808506103613706,0.22195960082303967,3.5179852886107614
instant,25171,71.99527777777777,CO2_flow_L_min,0.6200417876243591,0.7562284943860459,0.2149606755986969,3.5179852886107614
instant,25171,73.99555555555555,CO2_flow_L_min,0.6285392045974731,0.7575921308966443,0.215348294192502,3.5179852886107614
instant,25171,75.9961111111111,CO2_flow_L_min,0.6049787700176239,0.7578156958931814,0.2154118433486798,3.5179852886107614
instant,25171,77.99638888888889,CO2_flow_L_min,0.599564254283905,0.7567788780654389,0.21511712414359976,3.5179852886107614
instant,25171,79.99666666666667,CO2_flow_L_min,0.6129176914691925,0.736351241211274,0.20931049472979923,3.5179852886107614
instant,25171,81.99694444444445,CO2_flow_L_min,0.5946856141090393,0.7161860136397814,0.20357845610053715,3.5179852886107614
instant,25171,83.99777777777778,CO2_flow_L_min,0.563105046749115,0.696295852009122,0.19792460595652078,3.5179852886107614
instant,25171,85.99833333333333,CO2_flow_L_min,0.5567769110202789,0.6725043753376243,0.19116179294859803,3.5179852886107614
instant,25171,87.99888888888889,CO2_flow_L_min,0.5214395523071289,0.6492877955706607,0.18456239645819042,3.5179852886107614
instant,25171,89.99944444444445,CO2_flow_L_min,0.4976239949464798,0.6266339061984619,0.17812294674089363,3.5179852886107614
instant,25171,91.99972222222222,CO2_flow_L_min,0.5244962275028229,0.6121619677069743,0.1740092460559193,3.5179852886107614
instant,25171,94.00027777777778,CO2_flow_L_min,0.508849710226059,0.5975566453241544,0.16985763051900857,3.5179852886107614
instant,25171,96.00166666666667,CO2_flow_L_min,0.49044395983219147,0.5828041829086615,0.1656641898973968,3.5179852886107614
instant,25171,98.0025,CO2_flow_L_min,0.46785973012447357,0.5679079451470691,0.1614298806153717,3.5179852886107614
instant,25171,100.00333333333333,CO2_flow_L_min,0.4553823918104172,0.5528570806155452,0.15715161811659145,3.5179852886107614
instant,25171,102.00444444444445,CO2_flow_L_min,0.4589790999889374,0.5372166144866247,0.1527057592383422,3.5179852886107614
instant,25171,104.00527777777778,CO2_flow_L_min,0.43708813190460205,0.5211764153249981,0.1481462748045796,3.5179852886107614
instant,25171,106.00583333333333,CO2_flow_L_min,0.44966933131217957,0.5050013725659748,0.14354846059216975,3.5179852886107614
instant,25171,108.00638888888889,CO2_flow_L_min,0.42858435213565826,0.48867572952270827,0.13890783770607648,3.5179852886107614
instant,25171,110.00694444444444,CO2_flow_L_min,0.40800541639328003,0.47217815577982153,0.13421834289883652,3.5179852886107614
instant,25171,112.00750000000001,CO2_flow_L_min,0.36780761182308197,0.4554754590716484,0.12947054114928203,3.5179852886107614
instant,25171,113.99944444444444,CO2_flow_L_min,0.40204471349716187,0.43859045220800025,0.12467091708083802,3.5179852886107614
instant,25171,115.99194444444444,CO2_flow_L_min,0.4123866707086563,0.4275888574436855,0.12154367411028563,3.5179852886107614
instant,25171,117.99305555555556,CO2_flow_L_min,0.4027434438467026,0.41475342495066336,0.11789515615468872,3.5179852886107614
instant,25171,119.99388888888889,CO2_flow_L_min,0.37688834965229034,0.3997868692005206,0.11364085873093427,3.5179852886107614
instant,25171,121.99402777777777,CO2_flow_L_min,0.35268230736255646,0.37783850875304226,0.1074019581537958,3.5179852886107614
instant,25171,123.99444444444444,CO2_flow_L_min,0.33847102522850037,0.3542384669751996,0.10069356120448332,3.5179852886107614
instant,25171,125.99527777777777,CO2_flow_L_min,0.29679641127586365,0.3283422021787409,0.09333245458465289,3.5179852886107614
instant,25171,127.9961111111111,CO2_flow_L_min,0.28761163353919983,0.2969992514444713,0.08442310785266392,3.5179852886107614
instant,25171,129.9961111111111,CO2_flow_L_min,0.3137179762125015,0.26397174203088325,0.0750349192435437,3.5179852886107614
instant,25171,131.9961111111111,CO2_flow_L_min,0.31062687933444977,0.22956569660783607,0.06525487680435715,3.5179852886107614
instant,25171,133.99694444444447,CO2_flow_L_min,0.25456178188323975,0.19594701440893167,0.05569864519993782,3.5179852886107614
instant,25171,135.9975,CO2_flow_L_min,0.22689730674028397,0.16506411703684085,0.04692007029455885,3.5179852886107614
instant,25171,137.99833333333333,CO2_flow_L_min,0.2280840054154396,0.1399400207152871,0.039778455347250434,3.5179852886107614
instant,25171,139.99861111111113,CO2_flow_L_min,0.26110588014125824,0.12121031209780699,0.03445446815545737,3.5179852886107614
instant,25171,141.99944444444446,CO2_flow_L_min,0.29015325009822845,0.10708084183511266,0.03043811529905472,3.5179852886107614
instant,25171,144.00083333333333,CO2_flow_L_min,0.254693403840065,0.09585831762036627,0.027248072335805687,3.5179852886107614
instant,25171,146.00138888888887,CO2_flow_L_min,0.2017449289560318,0.08637118961600836,0.024551322001154816,3.5179852886107614
instant,25171,148.00166666666667,CO2_flow_L_min,0.20070771872997284,0.07803349239124033,0.022181301509096262,3.5179852886107614
instant,25171,150.00194444444446,CO2_flow_L_min,0.19978489726781845,0.070517765102297,0.02004492893435157,3.5179852886107614
instant,25171,152.00222222222223,CO2_flow_L_min,0.17563484609127045,0.06365682695034867,0.01809468253219629,3.5179852886107614
instant,25171,154.0025,CO2_flow_L_min,0.1340184435248375,0.0573581409908154,0.016304258342554327,3.5179852886107614
instant,25171,156.0027777777778,CO2_flow_L_min,0.07704564556479454,0.05157642204053404,0.014660783888866507,3.5179852886107614
instant,25171,158.00305555555556,CO2_flow_L_min,0.0969294123351574,0.04628850565297538,0.013157674593703185,3.5179852886107614
instant,25171,160.00333333333333,CO2_flow_L_min,0.047401063144207,0.041463550203375575,0.011786163614046654,3.5179852886107614
instant,25171,162.0038888888889,CO2_flow_L_min,0.0,0.03707318247536719,0.010538185760864068,3.5179852886107614
instant,25171,164.00416666666666,CO2_flow_L_min,0.09385086223483086,0.03309120223842844,0.009406293524182423,3.5179852886107614
instant,25171,166.00472222222223,CO2_flow_L_min,0.17001202702522278,0.029489103101159354,0.008382383859485804,3.5179852886107614
instant,25171,168.0052777777778,CO2_flow_L_min,0.12270576879382133,0.026240149975187463,0.007458857221529086,3.5179852886107614
instant,25171,170.00611111111112,CO2_flow_L_min,0.09362838417291641,0.02330918259381218,0.006625719177756109,3.5179852886107614
instant,25171,172.00611111111112,CO2_flow_L_min,0.06864945963025093,0.020678229185913242,0.0058778611874408925,3.5179852886107614
instant,25171,174.00694444444446,CO2_flow_L_min,0.0,0.018320483366821207,0.005207663439108893,3.5179852886107614
instant,25171,176.0077777777778,CO2_flow_L_min,0.0,0.0162325186848304,0.004614151951511019,3.5179852886107614
instant,25171,177.9997222222222,CO2_flow_L_min,0.0832299292087555,0.014380814624607696,0.004087798397328325,3.5179852886107614
instant,25171,179.9922222222222,CO2_flow_L_min,0.0,0.012732743538396542,0.003619328250069133,3.5179852886107614
instant,25171,181.99305555555554,CO2_flow_L_min,0.0,0.011277771341632456,0.0032057471582224847,3.5179852886107614
instant,25171,183.99333333333334,CO2_flow_L_min,0.0,0.009988362586047362,0.002839228071357776,3.5179852886107614
instant,25171,185.99444444444444,CO2_flow_L_min,0.0,0.008845483513674014,0.0025143605751595,3.5179852886107614
instant,25171,187.9947222222222,CO2_flow_L_min,0.0,0.00781313658593487,0.0022209122395222543,3.5179852886107614
instant,25171,189.99555555555554,CO2_flow_L_min,0.0,0.0068963261342694935,0.001960305563697461,3.5179852886107614
instant,25171,191.9961111111111,CO2_flow_L_min,0.0,0.0060835155391781165,0.001729261222004846,3.5179852886107614
instant,25171,193.99638888888887,CO2_flow_L_min,0.0,0.005371427345032772,0.0015268475858675145,3.5179852886107614
instant,25171,195.99666666666667,CO2_flow_L_min,0.0,0.004742309947587211,0.0013480186977870877,3.5179852886107614
instant,25171,197.99680555555557,CO2_flow_L_min,0.0,0.004186743766291673,0.0011900970080363814,3.5179852886107614
instant,25171,199.9972222222222,CO2_flow_L_min,0.0,0.0036969294687096907,0.0010508655282551206,3.5179852886107614
instant,25171,201.99777777777777,CO2_flow_L_min,0.0,0.0032646492135759196,0.0009279883074397723,3.5179852886107614
instant,25171,203.99833333333333,CO2_flow_L_min,0.0,0.0028832189129332254,0.0008195653694935709,3.5179852886107614
instant,25171,205.99861111111113,CO2_flow_L_min,0.0,0.0025426982750012097,0.0007227711506449509,3.5179852886107614
instant,25171,207.99916666666667,CO2_flow_L_min,0.0,0.0022417372691510657,0.0006372218998210533,3.5179852886107614
instant,25171,210.0,CO2_flow_L_min,0.0,0.001975879925375522,0.0005616509914843303,3.5179852886107614
instant,25171,212.0002777777778,CO2_flow_L_min,0.0,0.001742387557381631,0.0004952799441835338,3.5179852886107614
instant,25171,214.00111111111113,CO2_flow_L_min,0.0,0.0015364135463121762,0.0004367310890372995,3.5179852886107614
instant,25171,216.00166666666667,CO2_flow_L_min,0.0,0.0013548228756165425,0.0003851132862899369,3.5179852886107614
instant,25171,217.8938888888889,CO2_flow_L_min,0.0,0.0012051497757965296,0.000342568168121146,3.5179852886107614
old_lag_threshold,25170,0.49777777777777776,CO2_flow_L_min,0.0,0.4923094036232061,0.1884003049463096,2.613103008317872
old_lag_threshold,25170,1.9983333333333335,CO2_flow_L_min,0.0,0.4925847588725997,0.18850567976257868,2.613103008317872
old_lag_threshold,25170,3.998611111111111,CO2_flow_L_min,0.0,0.49334713630519866,0.18879743153438874,2.613103008317872
old_lag_threshold,25170,5.999166666666667,CO2_flow_L_min,0.0,0.49429552691440953,0.18916036809149805,2.613103008317872
old_lag_threshold,25170,7.999722222222223,CO2_flow_L_min,0.0,0.49551391134728634,0.18962662771807937,2.613103008317872
old_lag_threshold,25170,10.0,CO2_flow_L_min,0.0,0.4973405958349317,0.1903256757394665,2.613103008317872
old_lag_threshold,25170,12.000555555555556,CO2_flow_L_min,0.0,0.49973755120732066,0.19124295889468812,2.613103008317872
old_lag_threshold,25170,14.000833333333333,CO2_flow_L_min,0.0,0.5028893842415453,0.19244912375852696,2.613103008317872
old_lag_threshold,25170,16.00138888888889,CO2_flow_L_min,0.0,0.5071079293538269,0.19406350524247667,2.613103008317872
old_lag_threshold,25170,18.001666666666665,CO2_flow_L_min,0.0,0.5124548729667221,0.1961097099255202,2.613103008317872
old_lag_threshold,25170,20.001666666666665,CO2_flow_L_min,0.0,0.518733326737447,0.19851239123993442,2.613103008317872
old_lag_threshold,25170,22.001944444444444,CO2_flow_L_min,0.0,0.5255971640658924,0.2011390911084803,2.613103008317872
old_lag_threshold,25170,24.0025,CO2_flow_L_min,0.0,0.5329808131544518,0.2039647160704723,2.613103008317872
old_lag_threshold,25170,26.00277777777778,CO2_flow_L_min,0.0,0.5409456482175562,0.20701275322696835,2.613103008317872
old_lag_threshold,25170,28.003055555555555,CO2_flow_L_min,0.0,0.5496024482674031,0.21032559624245267,2.613103008317872
old_lag_threshold,25170,30.003333333333334,CO2_flow_L_min,0.0,0.5588421126249858,0.2138614937283809,2.613103008317872
old_lag_threshold,25170,32.00388888888889,CO2_flow_L_min,0.02010594867169857,0.5682768856697931,0.2174720567313605,2.613103008317872
old_lag_threshold,25170,34.00416666666666,CO2_flow_L_min,0.06976939365267754,0.5772832580094975,0.22091867644403004,2.613103008317872
old_lag_threshold,25170,35.97138888888889,CO2_flow_L_min,0.09141644090414047,0.5857344150503312,0.22415282259668168,2.613103008317872
old_lag_threshold,25170,38.330555555555556,CO2_flow_L_min,0.0,0.5966216645823047,0.22831922916286673,2.613103008317872
old_lag_threshold,25170,40.005833333333335,CO2_flow_L_min,0.0,0.605215661428109,0.23160803822184697,2.613103008317872
old_lag_threshold,25170,42.00611111111111,CO2_flow_L_min,0.0,0.6164289975277105,0.23589923380958613,2.613103008317872
old_lag_threshold,25170,44.00694444444444,CO2_flow_L_min,0.0,0.6285303916397458,0.2405302774666922,2.613103008317872
old_lag_threshold,25170,46.007222222222225,CO2_flow_L_min,0.10981453210115433,0.6412592129165593,0.2454014292109196,2.613103008317872
old_lag_threshold,25170,48.0075,CO2_flow_L_min,0.19227386265993118,0.6544620565746588,0.2504539830582318,2.613103008317872
old_lag_threshold,25170,49.999722222222225,CO2_flow_L_min,0.26944872736930847,0.6676627766705893,0.2555057242463559,2.613103008317872
old_lag_threshold,25170,51.992222222222225,CO2_flow_L_min,0.3240592032670975,0.6801020850826845,0.26026608324196354,2.613103008317872
old_lag_threshold,25170,53.992777777777775,CO2_flow_L_min,0.37912435829639435,0.6911691567814467,0.26450130537577693,2.613103008317872
old_lag_threshold,25170,55.99319444444444,CO2_flow_L_min,0.4144144058227539,0.7006842800979811,0.268142617366252,2.613103008317872
old_lag_threshold,25170,57.99361111111111,CO2_flow_L_min,0.44397418200969696,0.7086884483209321,0.2712057068033973,2.613103008317872
old_lag_threshold,25170,59.994166666666665,CO2_flow_L_min,0.507400631904602,0.7152886183317894,0.27373150467276863,2.613103008317872
old_lag_threshold,25170,61.99472222222222,CO2_flow_L_min,0.5540836751461029,0.7210053211571198,0.2759192113215817,2.613103008317872
old_lag_threshold,25170,63.99527777777778,CO2_flow_L_min,0.5873410999774933,0.7264255975748474,0.2779934795002467,2.613103008317872
old_lag_threshold,25170,65.99555555555557,CO2_flow_L_min,0.605966329574585,0.7315525173181401,0.27995548395509334,2.613103008317872
old_lag_threshold,25170,67.99583333333334,CO2_flow_L_min,0.6478050649166107,0.7360700163668483,0.28168427116108113,2.613103008317872
old_lag_threshold,25170,69.9961111111111,CO2_flow_L_min,0.6928205788135529,0.7396083025002412,0.283038326520602,2.613103008317872
old_lag_threshold,25170,71.99666666666667,CO2_flow_L_min,0.7214046716690063,0.7422322511707926,0.2840424770122585,2.613103008317872
old_lag_threshold,25170,73.9975,CO2_flow_L_min,0.755364716053009,0.7440016395261636,0.2847195985607542,2.613103008317872
old_lag_threshold,25170,75.99833333333333,CO2_flow_L_min,0.7820552587509155,0.7449720737795333,0.28509097092926805,2.613103008317872
old_lag_threshold,25170,77.9988888888889,CO2_flow_L_min,0.8426351249217987,0.7451957641877034,0.28517657429333676,2.613103008317872
old_lag_threshold,25170,79.99916666666667,CO2_flow_L_min,0.8671332597732544,0.7445946312968612,0.2849465286774813,2.613103008317872
old_lag_threshold,25170,81.99972222222223,CO2_flow_L_min,0.8808037042617798,0.743066660651198,0.28436179449716026,2.613103008317872
old_lag_threshold,25170,84.0,CO2_flow_L_min,0.9216566383838654,0.7406800459412833,0.28344846857685874,2.613103008317872
old_lag_threshold,25170,86.0,CO2_flow_L_min,0.9671140015125275,0.7378443062655363,0.2823632684654508,2.613103008317872
old_lag_threshold,25170,88.00055555555556,CO2_flow_L_min,1.0167601704597473,0.7350143769174273,0.2812802918896706,2.613103008317872
old_lag_threshold,25170,90.00097222222223,CO2_flow_L_min,1.0506026148796082,0.732172585573923,0.2801927758849595,2.613103008317872
old_lag_threshold,25170,92.00222222222223,CO2_flow_L_min,1.0576554536819458,0.7291382290637568,0.2790315677349144,2.613103008317872
old_lag_threshold,25170,94.00222222222223,CO2_flow_L_min,1.0318894982337952,0.7257148840531905,0.2777214988246306,2.613103008317872
old_lag_threshold,25170,96.0038888888889,CO2_flow_L_min,1.0453163385391235,0.7219167604514833,0.27626800709865684,2.613103008317872
old_lag_threshold,25170,98.00444444444443,CO2_flow_L_min,1.0063957571983337,0.717766730280766,0.2746798453777039,2.613103008317872
old_lag_threshold,25170,100.00583333333333,CO2_flow_L_min,1.0273829698562622,0.7132771654129656,0.27296174821371555,2.613103008317872
old_lag_threshold,25170,102.00694444444446,CO2_flow_L_min,1.03029066324234,0.7084653956883965,0.2711203475076383,2.613103008317872
old_lag_threshold,25170,104.00777777777779,CO2_flow_L_min,1.0509377121925354,0.7032069714909376,0.26910801803546647,2.613103008317872
old_lag_threshold,25170,106.00055555555555,CO2_flow_L_min,1.0386885404586792,0.6973853144335576,0.2668801467885815,2.613103008317872
old_lag_threshold,25170,107.99444444444444,CO2_flow_L_min,0.986695259809494,0.6910211319750871,0.26444465823791496,2.613103008317872
old_lag_threshold,25170,109.99444444444444,CO2_flow_L_min,1.0487924218177795,0.6843908568029992,0.26190733952105505,2.613103008317872
old_lag_threshold,25170,111.99555555555557,CO2_flow_L_min,1.0423717498779297,0.6778352036446431,0.25939857766303087,2.613103008317872
old_lag_threshold,25170,113.99694444444444,CO2_flow_L_min,1.037216603755951,0.6713272584362444,0.25690807300719337,2.613103008317872
old_lag_threshold,25170,115.99777777777777,CO2_flow_L_min,1.0339342951774597,0.6646486811508062,0.25435226970966573,2.613103008317872
old_lag_threshold,25170,117.99833333333333,CO2_flow_L_min,0.9775261580944061,0.6575587649522322,0.2516390524442132,2.613103008317872
old_lag_threshold,25170,119.9988888888889,CO2_flow_L_min,0.949872225522995,0.6500860472434775,0.24877934209794364,2.613103008317872
old_lag_threshold,25170,122.00027777777777,CO2_flow_L_min,0.9661630988121033,0.6423477995057852,0.24581801691747415,2.613103008317872
old_lag_threshold,25170,124.0011111111111,CO2_flow_L_min,0.9199035465717316,0.6344588104481977,0.24279900502530008,2.613103008317872
old_lag_threshold,25170,126.00166666666667,CO2_flow_L_min,0.868619829416275,0.626406504761496,0.23971749401671366,2.613103008317872
old_lag_threshold,25170,128.00194444444446,CO2_flow_L_min,0.8611688017845154,0.6181553503985362,0.2365598862466812,2.613103008317872
old_lag_threshold,25170,130.0022222222222,CO2_flow_L_min,0.8477236330509186,0.6096668558715329,0.23331145153133198,2.613103008317872
old_lag_threshold,25170,132.0025,CO2_flow_L_min,0.8022134602069855,0.6009548743052621,0.22997749127850634,2.613103008317872
old_lag_threshold,25170,134.0027777777778,CO2_flow_L_min,0.8443529903888702,0.5920809759913176,0.2265815676254021,2.613103008317872
old_lag_threshold,25170,136.00333333333333,CO2_flow_L_min,0.8295652866363525,0.5831071955775613,0.22314742041222624,2.613103008317872
old_lag_threshold,25170,138.00361111111113,CO2_flow_L_min,0.8142173290252686,0.5740315240142013,0.2196742808021646,2.613103008317872
old_lag_threshold,25170,140.00416666666666,CO2_flow_L_min,0.79200679063797,0.5648407479051714,0.21615709220310275,2.613103008317872
old_lag_threshold,25170,142.0052777777778,CO2_flow_L_min,0.7756664454936981,0.5555231980368136,0.21259138896113383,2.613103008317872
old_lag_threshold,25170,144.00555555555556,CO2_flow_L_min,0.7196485996246338,0.5460849673272108,0.20897950275551558,2.613103008317872
old_lag_threshold,25170,146.00583333333333,CO2_flow_L_min,0.73886638879776,0.536498006524809,0.2053106995082325,2.613103008317872
old_lag_threshold,25170,148.00611111111112,CO2_flow_L_min,0.7094215154647827,0.5267374470177835,0.20157546233007445,2.613103008317872
old_lag_threshold,25170,150.00611111111112,CO2_flow_L_min,0.6570267081260681,0.5168113375244034,0.19777687135919278,2.613103008317872
old_lag_threshold,25170,152.00666666666666,CO2_flow_L_min,0.7023055553436279,0.5066802877087219,0.19389985243439992,2.613103008317872
old_lag_threshold,25170,154.00666666666666,CO2_flow_L_min,0.6335598230361938,0.4963129397495525,0.189932405331791,2.613103008317872
old_lag_threshold,25170,156.00694444444446,CO2_flow_L_min,0.6580243706703186,0.4857193161190687,0.18587836551906153,2.613103008317872
old_lag_threshold,25170,158.00722222222223,CO2_flow_L_min,0.6091253161430359,0.4749653760610468,0.18176297472742775,2.613103008317872
old_lag_threshold,25170,160.00722222222223,CO2_flow_L_min,0.6478431820869446,0.4640952255806255,0.17760311174237892,2.613103008317872
old_lag_threshold,25170,162.00722222222223,CO2_flow_L_min,0.6133309304714203,0.4530452166096229,0.17337441928906616,2.613103008317872
old_lag_threshold,25170,164.0077777777778,CO2_flow_L_min,0.5906752347946167,0.441724265734193,0.169042040948299,2.613103008317872
old_lag_threshold,25170,166.00055555555556,CO2_flow_L_min,0.6082608699798584,0.4300772566271464,0.16458488442979494,2.613103008317872
old_lag_threshold,25170,167.99333333333334,CO2_flow_L_min,0.5536117553710938,0.41796278521031816,0.15994883626090675,2.613103008317872
old_lag_threshold,25170,169.99388888888888,CO2_flow_L_min,0.5794588029384613,0.4052735706920198,0.15509284149992458,2.613103008317872
old_lag_threshold,25170,171.99555555555554,CO2_flow_L_min,0.5429856479167938,0.3921080706451787,0.15005457855930054,2.613103008317872
old_lag_threshold,25170,173.99638888888887,CO2_flow_L_min,0.5531306266784668,0.37865771882058263,0.14490730660646067,2.613103008317872
old_lag_threshold,25170,175.9972222222222,CO2_flow_L_min,0.503053218126297,0.36513398149441406,0.13973195099165306,2.613103008317872
old_lag_threshold,25170,177.9975,CO2_flow_L_min,0.5171032249927521,0.3517190845459042,0.13459824715150273,2.613103008317872
old_lag_threshold,25170,179.9975,CO2_flow_L_min,0.5095526278018951,0.33852556198166794,0.12954926036367254,2.613103008317872
old_lag_threshold,25170,181.99805555555554,CO2_flow_L_min,0.48540203273296356,0.3256113072005985,0.12460714566709856,2.613103008317872
old_lag_threshold,25170,183.99861111111113,CO2_flow_L_min,0.507699579000473,0.3130121494528059,0.11978561444246343,2.613103008317872
old_lag_threshold,25170,185.99888888888887,CO2_flow_L_min,0.4587230831384659,0.30074549497805214,0.11509132782777304,2.613103008317872
old_lag_threshold,25170,187.99944444444446,CO2_flow_L_min,0.4637443870306015,0.2888149246956791,0.11052565619355259,2.613103008317872
old_lag_threshold,25170,189.9997222222222,CO2_flow_L_min,0.46611180901527405,0.2772260244083889,0.10609073715270302,2.613103008317872
old_lag_threshold,25170,192.0002777777778,CO2_flow_L_min,0.4360964149236679,0.2659757399709144,0.10178540192417844,2.613103008317872
old_lag_threshold,25170,194.00138888888887,CO2_flow_L_min,0.4581541270017624,0.25510713970892435,0.09762613218724356,2.613103008317872
old_lag_threshold,25170,196.0027777777778,CO2_flow_L_min,0.4118622839450836,0.24468050099137958,0.09363599529468504,2.613103008317872
old_lag_threshold,25170,198.00305555555553,CO2_flow_L_min,0.4316452443599701,0.23468545274769848,0.08981102237480187,2.613103008317872
old_lag_threshold,25170,200.0038888888889,CO2_flow_L_min,0.401793971657753,0.22509608862442118,0.08614129940836962,2.613103008317872
old_lag_threshold,25170,202.005,CO2_flow_L_min,0.40858079493045807,0.21589730023050802,0.08262104461373193,2.613103008317872
old_lag_threshold,25170,204.00555555555556,CO2_flow_L_min,0.37395724654197693,0.20707682870355348,0.07924556668619608,2.613103008317872
old_lag_threshold,25170,206.00583333333333,CO2_flow_L_min,0.3972831219434738,0.19861786738605475,0.07600843393996576,2.613103008317872
old_lag_threshold,25170,208.00666666666666,CO2_flow_L_min,0.37339621782302856,0.1905022427085899,0.07290269159011131,2.613103008317872
old_lag_threshold,25170,210.0077777777778,CO2_flow_L_min,0.3867792338132858,0.18271716821017797,0.06992344642693522,2.613103008317872
old_lag_threshold,25170,211.99972222222223,CO2_flow_L_min,0.3688569664955139,0.175283737973422,0.06707877087717912,2.613103008317872
old_lag_threshold,25170,213.9922222222222,CO2_flow_L_min,0.37109674513339996,0.16815077202878753,0.06434907904263251,2.613103008317872
old_lag_threshold,25170,215.9922222222222,CO2_flow_L_min,0.3616567403078079,0.16128285035225506,0.06172081614803137,2.613103008317872
old_lag_threshold,25170,217.99277777777777,CO2_flow_L_min,0.34436510503292084,0.15469364896902496,0.05919921582754812,2.613103008317872
old_lag_threshold,25170,219.99333333333334,CO2_flow_L_min,0.34849607944488525,0.14837364902146224,0.05678063534011793,2.613103008317872
old_lag_threshold,25170,221.99416666666667,CO2_flow_L_min,0.32139265537261963,0.1423110280532597,0.05446055038789662,2.613103008317872
old_lag_threshold,25170,223.99444444444444,CO2_flow_L_min,0.3353331834077835,0.13649770992924573,0.05223587034064653,2.613103008317872
old_lag_threshold,25170,225.995,CO2_flow_L_min,0.3156689554452896,0.13092110400300094,0.05010177692431595,2.613103008317872
old_lag_threshold,25170,227.99555555555554,CO2_flow_L_min,0.31158891320228577,0.12557232998453635,0.04805487176924219,2.613103008317872
old_lag_threshold,25170,229.9961111111111,CO2_flow_L_min,0.33792784810066223,0.12044207981454505,0.04609159280409578,2.613103008317872
old_lag_threshold,25170,231.99694444444447,CO2_flow_L_min,0.36408500373363495,0.11552075663245569,0.04420826743711862,2.613103008317872
old_lag_threshold,25170,233.9972222222222,CO2_flow_L_min,0.3085409998893738,0.1108018046480934,0.0424023868540183,2.613103008317872
old_lag_threshold,25170,235.9975,CO2_flow_L_min,0.29279355704784393,0.10627561895508736,0.04067027538401556,2.613103008317872
old_lag_threshold,25170,237.99805555555554,CO2_flow_L_min,0.3260100781917572,0.10193373478146966,0.03900869367070504,2.613103008317872
old_lag_threshold,25170,239.99861111111113,CO2_flow_L_min,0.3097006678581238,0.0977692380308326,0.037414995780732506,2.613103008317872
old_lag_threshold,25170,241.99944444444446,CO2_flow_L_min,0.31147246062755585,0.09377433842135027,0.03588620047615936,2.613103008317872
old_lag_threshold,25170,243.9997222222222,CO2_flow_L_min,0.3079918324947357,0.08994371426967855,0.0344202712190737,2.613103008317872
old_lag_threshold,25170,246.00111111111113,CO2_flow_L_min,0.2541520893573761,0.08626757014187109,0.03301345942631016,2.613103008317872
old_lag_threshold,25170,248.00138888888887,CO2_flow_L_min,0.29114674031734467,0.08274359286562395,0.031664879877386976,2.613103008317872
old_lag_threshold,25170,250.00166666666667,CO2_flow_L_min,0.3009909838438034,0.07936356789756735,0.030371388975077532,2.613103008317872
old_lag_threshold,25170,252.0022222222222,CO2_flow_L_min,0.18855221569538116,0.07612117399005323,0.029130567661415915,2.613103008317872
old_lag_threshold,25170,254.00333333333333,CO2_flow_L_min,0.31672607362270355,0.07301040215874827,0.02794011637748147,2.613103008317872
old_lag_threshold,25170,256.0038888888889,CO2_flow_L_min,0.2440953105688095,0.07002756646451803,0.02679862456306181,2.613103008317872
old_lag_threshold,25170,258.00416666666666,CO2_flow_L_min,0.2801497280597687,0.06716698336793078,0.025703917202700734,2.613103008317872
old_lag_threshold,25170,260.00444444444446,CO2_flow_L_min,0.26816558837890625,0.06442325333459639,0.024653927965919514,2.613103008317872
old_lag_threshold,25170,262.0052777777778,CO2_flow_L_min,0.24895182251930237,0.061790887216449764,0.02364655622826989,2.613103008317872
old_lag_threshold,25170,264.0058333333333,CO2_flow_L_min,0.30818894505500793,0.05926642414658333,0.022680477561707296,2.613103008317872
old_lag_threshold,25170,266.00666666666666,CO2_flow_L_min,0.19077855348587036,0.056844768629488174,0.02175374198741624,2.613103008317872
old_lag_threshold,25170,268.00666666666666,CO2_flow_L_min,0.27154241502285004,0.05452301051944453,0.02086523583107523,2.613103008317872
old_lag_threshold,25170,270.00694444444446,CO2_flow_L_min,0.1460215523838997,0.05229577901418912,0.020012903757610914,2.613103008317872
old_lag_threshold,25170,272.0077777777778,CO2_flow_L_min,0.24887815862894058,0.050158947518206654,0.019195166573435382,2.613103008317872
old_lag_threshold,25170,274.0,CO2_flow_L_min,0.2517445385456085,0.048118066724595475,0.018414148455468057,2.613103008317872
old_lag_threshold,25170,275.99194444444447,CO2_flow_L_min,0.21002890169620514,0.046160493193720044,0.017665010926390865,2.613103008317872
old_lag_threshold,25170,277.9925,CO2_flow_L_min,0.22749736160039902,0.04427460895408024,0.016943307941993856,2.613103008317872
old_lag_threshold,25170,279.99277777777775,CO2_flow_L_min,0.14897896349430084,0.04246601836074753,0.016251184214924656,2.613103008317872
old_lag_threshold,25170,281.99333333333334,CO2_flow_L_min,0.18359868973493576,0.040731071673525306,0.015587243037826146,2.613103008317872
old_lag_threshold,25170,283.9941666666667,CO2_flow_L_min,0.2330804392695427,0.039066779861509845,0.01495034054805908,2.613103008317872
old_lag_threshold,25170,285.9945833333333,CO2_flow_L_min,0.2391098439693451,0.037470817376277936,0.014339586788964343,2.613103008317872
old_lag_threshold,25170,287.9952777777778,CO2_flow_L_min,0.1702709123492241,0.03593984525267289,0.013753703982686997,2.613103008317872
old_lag_threshold,25170,289.9961111111111,CO2_flow_L_min,0.237287238240242,0.0344713253311013,0.01319172080908187,2.613103008317872
old_lag_threshold,25170,291.99694444444447,CO2_flow_L_min,0.15782906115055084,0.03306280986266608,0.012652700546982856,2.613103008317872
old_lag_threshold,25170,293.9975,CO2_flow_L_min,0.2147100493311882,0.03171203070663477,0.012135775208895685,2.613103008317872
old_lag_threshold,25170,295.99805555555554,CO2_flow_L_min,0.10364668443799019,0.03041643755373481,0.011639968825153483,2.613103008317872
old_lag_threshold,25170,297.99888888888887,CO2_flow_L_min,0.21209334582090378,0.029173606813175573,0.011164353919578335,2.613103008317872
old_lag_threshold,25170,299.99944444444446,CO2_flow_L_min,0.2150188684463501,0.0279817208194191,0.010708234895581757,2.613103008317872
old_lag_threshold,25170,301.99944444444446,CO2_flow_L_min,0.18467075377702713,0.026838840149626703,0.01027086956166478,2.613103008317872
old_lag_threshold,25170,303.9997222222222,CO2_flow_L_min,0.16795704513788223,0.025742490007244784,0.00985131084588049,2.613103008317872
old_lag_threshold,25170,306.00083333333333,CO2_flow_L_min,0.17765527963638306,0.024690496079872847,0.009448726667597699,2.613103008317872
old_lag_threshold,25170,308.00166666666667,CO2_flow_L_min,0.14285282045602798,0.023681630150931908,0.009062647004557407,2.613103008317872
old_lag_threshold,25170,310.0025,CO2_flow_L_min,0.12291436269879341,0.02271398698476516,0.008692342748243513,2.613103008317872
old_lag_threshold,25170,312.0025,CO2_flow_L_min,0.19325070828199387,0.02178626074425501,0.008337314172042318,2.613103008317872
old_lag_threshold,25170,314.00333333333333,CO2_flow_L_min,0.18606183677911758,0.02089606331312137,0.007996647375402455,2.613103008317872
old_lag_threshold,25170,316.0036111111111,CO2_flow_L_min,0.11333898454904556,0.02004247195593505,0.00766998923966528,2.613103008317872
old_lag_threshold,25170,318.0038888888889,CO2_flow_L_min,0.12730340659618378,0.01922374928162786,0.007356674888221391,2.613103008317872
old_lag_threshold,25170,320.00458333333336,CO2_flow_L_min,0.15322154760360718,0.018438310737126463,0.0070560979335428965,2.613103008317872
old_lag_threshold,25170,322.005,CO2_flow_L_min,0.15288059413433075,0.017685065848967712,0.006767841065841522,2.613103008317872
old_lag_threshold,25170,324.0052777777778,CO2_flow_L_min,0.09755769744515419,0.016962641766799687,0.006491378913424089,2.613103008317872
old_lag_threshold,25170,326.0055555555556,CO2_flow_L_min,0.0,0.0162697282648553,0.0062262100701987195,2.613103008317872
old_lag_threshold,25170,328.00638888888886,CO2_flow_L_min,0.11417782679200172,0.015604939089847506,0.005971804035346025,2.613103008317872
old_lag_threshold,25170,330.00666666666666,CO2_flow_L_min,0.08088314905762672,0.014967486908693829,0.005727859506896677,2.613103008317872
old_lag_threshold,25170,332.00722222222225,CO2_flow_L_min,0.058217285200953484,0.014355991109687017,0.005493848142989347,2.613103008317872
old_lag_threshold,25170,334.0075,CO2_flow_L_min,0.11389579251408577,0.013769557686728502,0.005269427819300685,2.613103008317872
old_lag_threshold,25170,335.9997222222222,CO2_flow_L_min,0.14201034605503082,0.013209298207417014,0.005055023918065982,2.613103008317872
old_lag_threshold,25170,337.9922222222222,CO2_flow_L_min,0.08606862649321556,0.012671761323759764,0.004849315654003603,2.613103008317872
old_lag_threshold,25170,339.9926388888889,CO2_flow_L_min,0.10622508823871613,0.012154092456089647,0.004651210617186339,2.613103008317872
old_lag_threshold,25170,341.99333333333334,CO2_flow_L_min,0.11300522834062576,0.01165750396293751,0.00446117276120767,2.613103008317872
old_lag_threshold,25170,343.99361111111114,CO2_flow_L_min,0.10256433114409447,0.011181302083186635,0.004278936592853396,2.613103008317872
old_lag_threshold,25170,345.9941666666667,CO2_flow_L_min,0.0,0.0107244906429633,0.004104120889542337,2.613103008317872
old_lag_threshold,25170,347.9941666666667,CO2_flow_L_min,0.0,0.010286461362051238,0.003936492870471617,2.613103008317872
old_lag_threshold,25170,349.99555555555554,CO2_flow_L_min,0.08526002615690231,0.009866037157435425,0.003775602081521643,2.613103008317872
old_lag_threshold,25170,351.99666666666667,CO2_flow_L_min,0.0,0.009462851172941107,0.003621308131680814,2.613103008317872
old_lag_threshold,25170,353.99694444444447,CO2_flow_L_min,0.0,0.009076299512250948,0.0034733799178064614,2.613103008317872
old_lag_threshold,25170,355.99777777777774,CO2_flow_L_min,0.0,0.008705437407695107,0.0033314558897925123,2.613103008317872
old_lag_threshold,25170,357.99833333333333,CO2_flow_L_min,0.020015770569443703,0.008349777273443772,0.0031953494549833146,2.613103008317872
old_lag_threshold,25170,359.99861111111113,CO2_flow_L_min,0.0,0.008008693998176934,0.003064821391534946,2.613103008317872
old_lag_threshold,25170,361.99916666666667,CO2_flow_L_min,0.06933164969086647,0.007681499275022462,0.0029396082935005535,2.613103008317872
old_lag_threshold,25170,363.99944444444446,CO2_flow_L_min,0.048734547570347786,0.0073677147456999315,0.0028195270994857326,2.613103008317872
old_lag_threshold,25170,366.0002777777778,CO2_flow_L_min,0.07116474211215973,0.00706666626303617,0.0027043198222733602,2.613103008317872
old_lag_threshold,25170,368.00083333333333,CO2_flow_L_min,0.05656919442117214,0.00677795802770023,0.0025938349946883236,2.613103008317872
old_lag_threshold,25170,370.00138888888887,CO2_flow_L_min,0.06970534846186638,0.006501044950368319,0.0024878640182474953,2.613103008317872
old_lag_threshold,25170,372.00138888888887,CO2_flow_L_min,0.0,0.006235517370589483,0.0023862501213082533,2.613103008317872
old_lag_threshold,25170,374.00194444444446,CO2_flow_L_min,0.04881179705262184,0.00598076567446317,0.002288760012684367,2.613103008317872
old_lag_threshold,25170,376.0025,CO2_flow_L_min,0.048261480405926704,0.005736421843924444,0.0021952528567242132,2.613103008317872
old_lag_threshold,25170,378.0025,CO2_flow_L_min,0.0,0.005502124400907779,0.002105590320547544,2.613103008317872
old_lag_threshold,25170,379.8611111111111,CO2_flow_L_min,0.0,0.0052929775753999455,0.0020255525934307446,2.613103008317872
old_lag_threshold,25171,0.5075000000000003,CO2_flow_L_min,0.8966177105903625,1.003901364542934,0.2559439165345856,3.922348997919148
old_lag_threshold,25171,2.0,CO2_flow_L_min,1.0077099800109863,1.0047420301763652,0.2561582436212057,3.922348997919148
old_lag_threshold,25171,3.99305555555555,CO2_flow_L_min,1.087964653968811,1.0074453278618651,0.25684744738327125,3.922348997919148
old_lag_threshold,25171,5.994444444444447,CO2_flow_L_min,1.2940880060195923,1.011745546756902,0.25794378503637616,3.922348997919148
old_lag_threshold,25171,7.994722222222222,CO2_flow_L_min,1.4111799001693726,1.0177921945374075,0.25948537345283607,3.922348997919148
old_lag_threshold,25171,9.995555555555562,CO2_flow_L_min,1.4755344986915588,1.0259968875067524,0.2615771539072774,3.922348997919148
old_lag_threshold,25171,11.996388888888895,CO2_flow_L_min,1.4894561767578125,1.0362491395841114,0.2641909580544346,3.922348997919148
old_lag_threshold,25171,13.996388888888895,CO2_flow_L_min,1.5801073908805847,1.0490971625125407,0.2674665520760899,3.922348997919148
old_lag_threshold,25171,15.996944444444452,CO2_flow_L_min,1.6058717966079712,1.065116307229733,0.27155062127179136,3.922348997919148
old_lag_threshold,25171,17.99722222222222,CO2_flow_L_min,1.7284287214279175,1.0828513910251163,0.27607216787684663,3.922348997919148
old_lag_threshold,25171,19.997777777777785,CO2_flow_L_min,1.685668408870697,1.0995439766036141,0.2803279303261732,3.922348997919148
old_lag_threshold,25171,21.998333333333335,CO2_flow_L_min,1.7897506356239319,1.1136415838714575,0.2839221049585994,3.922348997919148
old_lag_threshold,25171,23.999166666666667,CO2_flow_L_min,1.6657332181930542,1.1253045922341411,0.28689558038591884,3.922348997919148
old_lag_threshold,25171,26.0,CO2_flow_L_min,1.7469052076339722,1.134210572842109,0.2891661536094368,3.922348997919148
old_lag_threshold,25171,28.00055555555555,CO2_flow_L_min,1.645696759223938,1.1399265796978115,0.2906234453646414,3.922348997919148
old_lag_threshold,25171,30.001666666666665,CO2_flow_L_min,1.6147007942199707,1.142677399477083,0.2913247648496568,3.922348997919148
old_lag_threshold,25171,32.0025,CO2_flow_L_min,1.4993385076522827,1.1431212540314204,0.2914379252427205,3.922348997919148
old_lag_threshold,25171,34.00305555555555,CO2_flow_L_min,1.485105574131012,1.141988857624735,0.29114922160944207,3.922348997919148
old_lag_threshold,25171,36.003888888888895,CO2_flow_L_min,1.4768308997154236,1.139399771479839,0.29048913599587994,3.922348997919148
old_lag_threshold,25171,38.004444444444445,CO2_flow_L_min,1.2267774939537048,1.1354657678238664,0.2894861646493579,3.922348997919148
old_lag_threshold,25171,40.004999999999995,CO2_flow_L_min,1.2437371611595154,1.1302895551624355,0.28816649302804703,3.922348997919148
old_lag_threshold,25171,42.00527777777778,CO2_flow_L_min,1.2025887966156006,1.1239676176889117,0.2865547197062754,3.922348997919148
old_lag_threshold,25171,44.00555555555556,CO2_flow_L_min,0.7370048761367798,1.116338833058807,0.28460976666049803,3.922348997919148
old_lag_threshold,25171,46.00638888888889,CO2_flow_L_min,0.864924430847168,1.1071960251562207,0.2822788144919285,3.922348997919148
old_lag_threshold,25171,48.007222222222225,CO2_flow_L_min,0.9298628568649292,1.0966639124780484,0.27959366008986997,3.922348997919148
old_lag_threshold,25171,50.007222222222225,CO2_flow_L_min,0.9515603482723236,1.0853453694232738,0.27670800584013866,3.922348997919148
old_lag_threshold,25171,52.00805555555556,CO2_flow_L_min,1.0021700263023376,1.0738868939718569,0.273786675928523,3.922348997919148
old_lag_threshold,25171,54.00027777777777,CO2_flow_L_min,0.8588043451309204,1.0623485401047084,0.27084498107340693,3.922348997919148
old_lag_threshold,25171,55.99194444444444,CO2_flow_L_min,0.9227873086929321,1.050343351152908,0.2677842669558796,3.922348997919148
old_lag_threshold,25171,57.992222222222225,CO2_flow_L_min,0.946250319480896,1.037417769941063,0.2644888995067561,3.922348997919148
old_lag_threshold,25171,59.992777777777775,CO2_flow_L_min,0.8144015371799469,1.023695733713786,0.26099047643564316,3.922348997919148
old_lag_threshold,25171,61.99333333333334,CO2_flow_L_min,0.870048463344574,1.0093669552276963,0.25733736487068776,3.922348997919148
old_lag_threshold,25171,63.99333333333334,CO2_flow_L_min,0.8795121312141418,0.994638288505718,0.2535823020933082,3.922348997919148
old_lag_threshold,25171,65.99361111111111,CO2_flow_L_min,0.8749131262302399,0.9795409828704995,0.24973325509539243,3.922348997919148
old_lag_threshold,25171,67.99416666666667,CO2_flow_L_min,0.7442700564861298,0.9639998110337337,0.2457710447349654,3.922348997919148
old_lag_threshold,25171,69.99472222222222,CO2_flow_L_min,0.5520975887775421,0.9479220909956186,0.24167204180415927,3.922348997919148
old_lag_threshold,25171,71.99527777777777,CO2_flow_L_min,0.6200417876243591,0.931362085148754,0.2374500804601662,3.922348997919148
old_lag_threshold,25171,73.99555555555555,CO2_flow_L_min,0.6285392045974731,0.9148869800443352,0.23324976449818552,3.922348997919148
old_lag_threshold,25171,75.9961111111111,CO2_flow_L_min,0.6049787700176239,0.8991237329555888,0.2292309362151569,3.922348997919148
old_lag_threshold,25171,77.99638888888889,CO2_flow_L_min,0.599564254283905,0.8839916018245115,0.22537301048261627,3.922348997919148
old_lag_threshold,25171,79.99666666666667,CO2_flow_L_min,0.6129176914691925,0.8690357029848504,0.22156001504350684,3.922348997919148
old_lag_threshold,25171,81.99694444444445,CO2_flow_L_min,0.5946856141090393,0.853764854797999,0.2176667234993447,3.922348997919148
old_lag_threshold,25171,83.99777777777778,CO2_flow_L_min,0.563105046749115,0.8382007584597185,0.2136986685540715,3.922348997919148
old_lag_threshold,25171,85.99833333333333,CO2_flow_L_min,0.5567769110202789,0.8222892417113437,0.20964203903007553,3.922348997919148
old_lag_threshold,25171,87.99888888888889,CO2_flow_L_min,0.5214395523071289,0.8059555956140826,0.20547778793821034,3.922348997919148
old_lag_threshold,25171,89.99944444444445,CO2_flow_L_min,0.4976239949464798,0.7892431275353383,0.20121695646002968,3.922348997919148
old_lag_threshold,25171,91.99972222222222,CO2_flow_L_min,0.5244962275028229,0.7723507199973358,0.19691024954869565,3.922348997919148
old_lag_threshold,25171,94.00027777777778,CO2_flow_L_min,0.508849710226059,0.7554843510868986,0.19261018116636022,3.922348997919148
old_lag_threshold,25171,96.00166666666667,CO2_flow_L_min,0.49044395983219147,0.7386319229015228,0.18831366696165375,3.922348997919148
old_lag_threshold,25171,98.0025,CO2_flow_L_min,0.46785973012447357,0.7217976974040663,0.18402179351888076,3.922348997919148
old_lag_threshold,25171,100.00333333333333,CO2_flow_L_min,0.4553823918104172,0.7049695814086808,0.17973147768917946,3.922348997919148
old_lag_threshold,25171,102.00444444444445,CO2_flow_L_min,0.4589790999889374,0.6881329155980905,0.17543898209036296,3.922348997919148
old_lag_threshold,25171,104.00527777777778,CO2_flow_L_min,0.43708813190460205,0.6712620861260882,0.1711377764911283,3.922348997919148
old_lag_threshold,25171,106.00583333333333,CO2_flow_L_min,0.44966933131217957,0.6543494674091507,0.16682591675454955,3.922348997919148
old_lag_threshold,25171,108.00638888888889,CO2_flow_L_min,0.42858435213565826,0.6373880364065677,0.16250161236154903,3.922348997919148
old_lag_threshold,25171,110.00694444444444,CO2_flow_L_min,0.40800541639328003,0.6203725340310041,0.15816352251166813,3.922348997919148
old_lag_threshold,25171,112.00750000000001,CO2_flow_L_min,0.36780761182308197,0.6032967239302952,0.1538100572514968,3.922348997919148
old_lag_threshold,25171,113.99944444444444,CO2_flow_L_min,0.40204471349716187,0.5862269145257712,0.14945812186441632,3.922348997919148
old_lag_threshold,25171,115.99194444444444,CO2_flow_L_min,0.4123866707086563,0.5692036975396035,0.1451180651802205,3.922348997919148
old_lag_threshold,25171,117.99305555555556,CO2_flow_L_min,0.4027434438467026,0.5522668339495613,0.1408000242310272,3.922348997919148
old_lag_threshold,25171,119.99388888888889,CO2_flow_L_min,0.37688834965229034,0.5353983507621142,0.13649941681531888,3.922348997919148
old_lag_threshold,25171,121.99402777777777,CO2_flow_L_min,0.35268230736255646,0.5183993863131852,0.132165543297703,3.922348997919148
old_lag_threshold,25171,123.99444444444444,CO2_flow_L_min,0.33847102522850037,0.5010614290066063,0.12774524379967853,3.922348997919148
old_lag_threshold,25171,125.99527777777777,CO2_flow_L_min,0.29679641127586365,0.48330983786669574,0.12321948865924405,3.922348997919148
old_lag_threshold,25171,127.9961111111111,CO2_flow_L_min,0.28761163353919983,0.46499053714898775,0.1185489963783617,3.922348997919148
old_lag_threshold,25171,129.9961111111111,CO2_flow_L_min,0.3137179762125015,0.4461698868094715,0.11375068537913628,3.922348997919148
old_lag_threshold,25171,131.9961111111111,CO2_flow_L_min,0.31062687933444977,0.42794659945810437,0.10910467163557731,3.922348997919148
old_lag_threshold,25171,133.99694444444447,CO2_flow_L_min,0.25456178188323975,0.410460488923876,0.10464660058083308,3.922348997919148
old_lag_threshold,25171,135.9975,CO2_flow_L_min,0.22689730674028397,0.39369114974442343,0.10037126985724146,3.922348997919148
old_lag_threshold,25171,137.99833333333333,CO2_flow_L_min,0.2280840054154396,0.37760473389371774,0.09627004993539368,3.922348997919148
old_lag_threshold,25171,139.99861111111113,CO2_flow_L_min,0.26110588014125824,0.3621798123449288,0.09233747750061747,3.922348997919148
old_lag_threshold,25171,141.99944444444446,CO2_flow_L_min,0.29015325009822845,0.34738096538610475,0.08856452232333084,3.922348997919148
old_lag_threshold,25171,144.00083333333333,CO2_flow_L_min,0.254693403840065,0.33318294714345487,0.08494474798652855,3.922348997919148
old_lag_threshold,25171,146.00138888888887,CO2_flow_L_min,0.2017449289560318,0.3195707773969103,0.08147433529409197,3.922348997919148
old_lag_threshold,25171,148.00166666666667,CO2_flow_L_min,0.20070771872997284,0.3065165073410162,0.07814615871857063,3.922348997919148
old_lag_threshold,25171,150.00194444444446,CO2_flow_L_min,0.19978489726781845,0.29399549620229415,0.07495393611284008,3.922348997919148
old_lag_threshold,25171,152.00222222222223,CO2_flow_L_min,0.17563484609127045,0.281985960681199,0.07189211384065922,3.922348997919148
old_lag_threshold,25171,154.0025,CO2_flow_L_min,0.1340184435248375,0.2704670073128768,0.06895536512848875,3.922348997919148
old_lag_threshold,25171,156.0027777777778,CO2_flow_L_min,0.07704564556479454,0.2594185961176113,0.06613858079819922,3.922348997919148
old_lag_threshold,25171,158.00305555555556,CO2_flow_L_min,0.0969294123351574,0.24882150573649048,0.06343686037843475,3.922348997919148
old_lag_threshold,25171,160.00333333333333,CO2_flow_L_min,0.047401063144207,0.2386572999913865,0.0608455035791045,3.922348997919148
old_lag_threshold,25171,162.0038888888889,CO2_flow_L_min,0.0,0.22890697001025492,0.058359664102223624,3.922348997919148
old_lag_threshold,25171,164.00416666666666,CO2_flow_L_min,0.09385086223483086,0.219556260822979,0.055975707653616785,3.922348997919148
old_lag_threshold,25171,166.00472222222223,CO2_flow_L_min,0.17001202702522278,0.21058630267583664,0.0536888234034134,3.922348997919148
old_lag_threshold,25171,168.0052777777778,CO2_flow_L_min,0.12270576879382133,0.20198281164217877,0.051495369674991444,3.922348997919148
old_lag_threshold,25171,170.00611111111112,CO2_flow_L_min,0.09362838417291641,0.193729693671719,0.0493912433020353,3.922348997919148
old_lag_threshold,25171,172.00611111111112,CO2_flow_L_min,0.06864945963025093,0.18581703084833204,0.047373915719103564,3.922348997919148
old_lag_threshold,25171,174.00694444444446,CO2_flow_L_min,0.0,0.17822445470762394,0.04543819400113914,3.922348997919148
old_lag_threshold,25171,176.0077777777778,CO2_flow_L_min,0.0,0.17094211499775516,0.04358156683366063,3.922348997919148
old_lag_threshold,25171,177.9997222222222,CO2_flow_L_min,0.0832299292087555,0.16398772587928076,0.04180855042890833,3.922348997919148
old_lag_threshold,25171,179.9922222222222,CO2_flow_L_min,0.0,0.15731443788600244,0.04010720054983878,3.922348997919148
old_lag_threshold,25171,181.99305555555554,CO2_flow_L_min,0.0,0.1508864918456015,0.03846840042169846,3.922348997919148
old_lag_threshold,25171,183.99333333333334,CO2_flow_L_min,0.0,0.14472287129057418,0.03689698988217299,3.922348997919148
old_lag_threshold,25171,185.99444444444444,CO2_flow_L_min,0.0,0.13880861895106442,0.03538915558628363,3.922348997919148
old_lag_threshold,25171,187.9947222222222,CO2_flow_L_min,0.0,0.133138372088591,0.03394353030778813,3.922348997919148
old_lag_threshold,25171,189.99555555555554,CO2_flow_L_min,0.0,0.12769827210035992,0.03255658080606936,3.922348997919148
old_lag_threshold,25171,191.9961111111111,CO2_flow_L_min,0.0,0.12248116669002675,0.031226483608420473,3.922348997919148
old_lag_threshold,25171,193.99638888888887,CO2_flow_L_min,0.0,0.11747788622816979,0.029950900924546282,3.922348997919148
old_lag_threshold,25171,195.99666666666667,CO2_flow_L_min,0.0,0.1126789867014176,0.028727425010164856,3.922348997919148
old_lag_threshold,25171,197.99680555555557,CO2_flow_L_min,0.0,0.10807643225521253,0.027554007130050982,3.922348997919148
old_lag_threshold,25171,199.9972222222222,CO2_flow_L_min,0.0,0.10366127615510028,0.026428366320817905,3.922348997919148
old_lag_threshold,25171,201.99777777777777,CO2_flow_L_min,0.0,0.09942620080309181,0.02534863696622574,3.922348997919148
old_lag_threshold,25171,203.99833333333333,CO2_flow_L_min,0.0,0.0953641492059521,0.024313019891025477,3.922348997919148
old_lag_threshold,25171,205.99861111111113,CO2_flow_L_min,0.0,0.09146858225979501,0.02331984795547774,3.922348997919148
old_lag_threshold,25171,207.99916666666667,CO2_flow_L_min,0.0,0.08773163870112757,0.022367116936221187,3.922348997919148
old_lag_threshold,25171,210.0,CO2_flow_L_min,0.0,0.08414688038402439,0.021453185432674472,3.922348997919148
old_lag_threshold,25171,212.0002777777778,CO2_flow_L_min,0.0,0.08070953198239073,0.020576835978952428,3.922348997919148
old_lag_threshold,25171,214.00111111111113,CO2_flow_L_min,0.0,0.0774117004323911,0.019736056244219702,3.922348997919148
old_lag_threshold,25171,216.00166666666667,CO2_flow_L_min,0.0,0.07424904995557163,0.018929740824939752,3.922348997919148
old_lag_threshold,25171,217.8938888888889,CO2_flow_L_min,0.0,0.07137665474449217,0.01819742577275972,3.922348997919148
solubility_fixed,25170,0.49777777777777776,CO2_flow_L_min,0.0,0.0,0.0,2.05626511446677
solubility_fixed,25170,1.9983333333333335,CO2_flow_L_min,0.0,0.0,0.0,2.05626511446677
solubility_fixed,25170,3.998611111111111,CO2_flow_L_min,0.0,0.0,0.0,2.05626511446677
solubility_fixed,25170,5.999166666666667,CO2_flow_L_min,0.0,4.372819581168692e-17,2.1265835569566864e-17,2.05626511446677
solubility_fixed,25170,7.999722222222223,CO2_flow_L_min,0.0,2.3749830347173157e-05,1.1549984571581838e-05,2.05626511446677
solubility_fixed,25170,10.0,CO2_flow_L_min,0.0,0.3852700184634435,0.18736398130420628,2.05626511446677
solubility_fixed,25170,12.000555555555556,CO2_flow_L_min,0.0,0.44812072027183203,0.21792944748179446,2.05626511446677
solubility_fixed,25170,14.000833333333333,CO2_flow_L_min,0.0,0.49454198193923943,0.24050497110509209,2.05626511446677
solubility_fixed,25170,16.00138888888889,CO2_flow_L_min,0.0,0.5186023957860982,0.2522059982136992,2.05626511446677
solubility_fixed,25170,18.001666666666665,CO2_flow_L_min,0.0,0.54351912686049,0.2643234683293429,2.05626511446677
solubility_fixed,25170,20.001666666666665,CO2_flow_L_min,0.0,0.5375546147430291,0.26142281506459714,2.05626511446677
solubility_fixed,25170,22.001944444444444,CO2_flow_L_min,0.0,0.5523740876284501,0.2686298005749572,2.05626511446677
solubility_fixed,25170,24.0025,CO2_flow_L_min,0.0,0.5673810953222158,0.2759279877533442,2.05626511446677
solubility_fixed,25170,26.00277777777778,CO2_flow_L_min,0.0,0.5973059204639958,0.29048098723344284,2.05626511446677
solubility_fixed,25170,28.003055555555555,CO2_flow_L_min,0.0,0.6170357260584569,0.3000759589399864,2.05626511446677
solubility_fixed,25170,30.003333333333334,CO2_flow_L_min,0.0,0.6344140067250105,0.308527340303357,2.05626511446677
solubility_fixed,25170,32.00388888888889,CO2_flow_L_min,0.02010594867169857,0.6308366107845373,0.30678758606869894,2.05626511446677
solubility_fixed,25170,34.00416666666666,CO2_flow_L_min,0.06976939365267754,0.6280081857592797,0.30541207033127854,2.05626511446677
solubility_fixed,25170,35.97138888888889,CO2_flow_L_min,0.09141644090414047,0.6236273801950878,0.3032816030421285,2.05626511446677
solubility_fixed,25170,38.330555555555556,CO2_flow_L_min,0.0,0.6673280051359187,0.32453403038400036,2.05626511446677
solubility_fixed,25170,40.005833333333335,CO2_flow_L_min,0.0,0.6909001753339084,0.33599761551811,2.05626511446677
solubility_fixed,25170,42.00611111111111,CO2_flow_L_min,0.0,0.7186767103685274,0.34950586153133,2.05626511446677
solubility_fixed,25170,44.00694444444444,CO2_flow_L_min,0.0,0.7344632717136634,0.3571831601608065,2.05626511446677
solubility_fixed,25170,46.007222222222225,CO2_flow_L_min,0.10981453210115433,0.755281862518863,0.3673076283817237,2.05626511446677
solubility_fixed,25170,48.0075,CO2_flow_L_min,0.19227386265993118,0.773462445548408,0.3761491843180844,2.05626511446677
solubility_fixed,25170,49.999722222222225,CO2_flow_L_min,0.26944872736930847,0.7708574151546234,0.37488230954816437,2.05626511446677
solubility_fixed,25170,51.992222222222225,CO2_flow_L_min,0.3240592032670975,0.7655114879949507,0.3722824856625858,2.05626511446677
solubility_fixed,25170,53.992777777777775,CO2_flow_L_min,0.37912435829639435,0.7477153167314534,0.36362787632340426,2.05626511446677
solubility_fixed,25170,55.99319444444444,CO2_flow_L_min,0.4144144058227539,0.7227087584736857,0.3514667215764628,2.05626511446677
solubility_fixed,25170,57.99361111111111,CO2_flow_L_min,0.44397418200969696,0.7009775348367338,0.3408984230219317,2.05626511446677
solubility_fixed,25170,59.994166666666665,CO2_flow_L_min,0.507400631904602,0.6802069119297752,0.3307972824827922,2.05626511446677
solubility_fixed,25170,61.99472222222222,CO2_flow_L_min,0.5540836751461029,0.7091321792369613,0.34486417838239364,2.05626511446677
solubility_fixed,25170,63.99527777777778,CO2_flow_L_min,0.5873410999774933,0.7090866846318595,0.3448420535091068,2.05626511446677
solubility_fixed,25170,65.99555555555557,CO2_flow_L_min,0.605966329574585,0.7075819125176304,0.34411025482048324,2.05626511446677
solubility_fixed,25170,67.99583333333334,CO2_flow_L_min,0.6478050649166107,0.6680282890979794,0.3248745915096713,2.05626511446677
solubility_fixed,25170,69.9961111111111,CO2_flow_L_min,0.6928205788135529,0.6517310378339541,0.31694893486677705,2.05626511446677
solubility_fixed,25170,71.99666666666667,CO2_flow_L_min,0.7214046716690063,0.6369140251134652,0.3097431457804163,2.05626511446677
solubility_fixed,25170,73.9975,CO2_flow_L_min,0.755364716053009,0.622572916592044,0.30276879776443094,2.05626511446677
solubility_fixed,25170,75.99833333333333,CO2_flow_L_min,0.7820552587509155,0.6086368972719799,0.2959914521673006,2.05626511446677
solubility_fixed,25170,77.9988888888889,CO2_flow_L_min,0.8426351249217987,0.5950800405563696,0.28939850040235965,2.05626511446677
solubility_fixed,25170,79.99916666666667,CO2_flow_L_min,0.8671332597732544,0.5646787722473506,0.27461379774163164,2.05626511446677
solubility_fixed,25170,81.99972222222223,CO2_flow_L_min,0.8808037042617798,0.545664167377208,0.26536664145990213,2.05626511446677
solubility_fixed,25170,84.0,CO2_flow_L_min,0.9216566383838654,0.5277091580573081,0.25663478621731783,2.05626511446677
solubility_fixed,25170,86.0,CO2_flow_L_min,0.9671140015125275,0.5605459786426458,0.27260394328481635,2.05626511446677
solubility_fixed,25170,88.00055555555556,CO2_flow_L_min,1.0167601704597473,0.5551740959601789,0.2699914967453729,2.05626511446677
solubility_fixed,25170,90.00097222222223,CO2_flow_L_min,1.0506026148796082,0.5526096405170443,0.2687443543292066,2.05626511446677
solubility_fixed,25170,92.00222222222223,CO2_flow_L_min,1.0576554536819458,0.5312102497764936,0.25833743228885486,2.05626511446677
solubility_fixed,25170,94.00222222222223,CO2_flow_L_min,1.0318894982337952,0.5208387735098342,0.25329359032816057,2.05626511446677
solubility_fixed,25170,96.0038888888889,CO2_flow_L_min,1.0453163385391235,0.511012719019312,0.24851499712955427,2.05626511446677
solubility_fixed,25170,98.00444444444443,CO2_flow_L_min,1.0063957571983337,0.5012678898877522,0.2437759053349212,2.05626511446677
solubility_fixed,25170,100.00583333333333,CO2_flow_L_min,1.0273829698562622,0.49155036689500453,0.23905009302386243,2.05626511446677
solubility_fixed,25170,102.00694444444446,CO2_flow_L_min,1.03029066324234,0.48165916792369257,0.2342398188516641,2.05626511446677
solubility_fixed,25170,104.00777777777779,CO2_flow_L_min,1.0509377121925354,0.45360670266504977,0.22059738283440114,2.05626511446677
solubility_fixed,25170,106.00055555555555,CO2_flow_L_min,1.0386885404586792,0.43780223524070505,0.21291137614530595,2.05626511446677
solubility_fixed,25170,107.99444444444444,CO2_flow_L_min,0.986695259809494,0.4150044690650252,0.20182439810181968,2.05626511446677
solubility_fixed,25170,109.99444444444444,CO2_flow_L_min,1.0487924218177795,0.4499462809853946,0.21881725163735732,2.05626511446677
solubility_fixed,25170,111.99555555555557,CO2_flow_L_min,1.0423717498779297,0.44786827511800525,0.21780667870453382,2.05626511446677
solubility_fixed,25170,113.99694444444444,CO2_flow_L_min,1.037216603755951,0.4436244472339115,0.21574282621088575,2.05626511446677
solubility_fixed,25170,115.99777777777777,CO2_flow_L_min,1.0339342951774597,0.39770930620802314,0.19341343847636933,2.05626511446677
solubility_fixed,25170,117.99833333333333,CO2_flow_L_min,0.9775261580944061,0.38298519143943344,0.1862528273931978,2.05626511446677
solubility_fixed,25170,119.9988888888889,CO2_flow_L_min,0.949872225522995,0.3699052900565788,0.17989182788451016,2.05626511446677
solubility_fixed,25170,122.00027777777777,CO2_flow_L_min,0.9661630988121033,0.3792811337571815,0.1844514751958609,2.05626511446677
solubility_fixed,25170,124.0011111111111,CO2_flow_L_min,0.9199035465717316,0.3707568944476434,0.18030597895144856,2.05626511446677
solubility_fixed,25170,126.00166666666667,CO2_flow_L_min,0.868619829416275,0.3614518184754706,0.17578074730368712,2.05626511446677
solubility_fixed,25170,128.00194444444446,CO2_flow_L_min,0.8611688017845154,0.3449130235816275,0.1677376234975762,2.05626511446677
solubility_fixed,25170,130.0022222222222,CO2_flow_L_min,0.8477236330509186,0.3336750562427831,0.16227239079981745,2.05626511446677
solubility_fixed,25170,132.0025,CO2_flow_L_min,0.8022134602069855,0.32280359923331997,0.15698539889737384,2.05626511446677
solubility_fixed,25170,134.0027777777778,CO2_flow_L_min,0.8443529903888702,0.3225985409507862,0.15688567523767108,2.05626511446677
solubility_fixed,25170,136.00333333333333,CO2_flow_L_min,0.8295652866363525,0.31414795244011207,0.1527759967476649,2.05626511446677
solubility_fixed,25170,138.00361111111113,CO2_flow_L_min,0.8142173290252686,0.30515585377999277,0.1484029717924411,2.05626511446677
solubility_fixed,25170,140.00416666666666,CO2_flow_L_min,0.79200679063797,0.29428349760454353,0.14311554260884157,2.05626511446677
solubility_fixed,25170,142.0052777777778,CO2_flow_L_min,0.7756664454936981,0.28466922717204746,0.13843994393975204,2.05626511446677
solubility_fixed,25170,144.00555555555556,CO2_flow_L_min,0.7196485996246338,0.2749452873092741,0.1337110109853577,2.05626511446677
solubility_fixed,25170,146.00583333333333,CO2_flow_L_min,0.73886638879776,0.2583831986153987,0.12565655897070577,2.05626511446677
solubility_fixed,25170,148.00611111111112,CO2_flow_L_min,0.7094215154647827,0.2473299108290262,0.12028113937689582,2.05626511446677
solubility_fixed,25170,150.00611111111112,CO2_flow_L_min,0.6570267081260681,0.2363706524203515,0.11495144801970102,2.05626511446677
solubility_fixed,25170,152.00666666666666,CO2_flow_L_min,0.7023055553436279,0.21186657359893885,0.10303465837569296,2.05626511446677
solubility_fixed,25170,154.00666666666666,CO2_flow_L_min,0.6335598230361938,0.198707432479321,0.09663512310806757,2.05626511446677
solubility_fixed,25170,156.00694444444446,CO2_flow_L_min,0.6580243706703186,0.18646050968971056,0.09067921659414206,2.05626511446677
solubility_fixed,25170,158.00722222222223,CO2_flow_L_min,0.6091253161430359,0.19971623869164754,0.09712572434680335,2.05626511446677
solubility_fixed,25170,160.00722222222223,CO2_flow_L_min,0.6478431820869446,0.19000935335107472,0.09240508532400399,2.05626511446677
solubility_fixed,25170,162.00722222222223,CO2_flow_L_min,0.6133309304714203,0.17790536134064724,0.08651868870847503,2.05626511446677
solubility_fixed,25170,164.0077777777778,CO2_flow_L_min,0.5906752347946167,0.16075525684731196,0.07817827366535805,2.05626511446677
solubility_fixed,25170,166.00055555555556,CO2_flow_L_min,0.6082608699798584,0.1444269753372346,0.07023752643621897,2.05626511446677
solubility_fixed,25170,167.99333333333334,CO2_flow_L_min,0.5536117553710938,0.13083065673319305,0.06362538362039956,2.05626511446677
solubility_fixed,25170,169.99388888888888,CO2_flow_L_min,0.5794588029384613,0.09152920955947659,0.04451235831193485,2.05626511446677
solubility_fixed,25170,171.99555555555554,CO2_flow_L_min,0.5429856479167938,0.07226432560067993,0.035143486650756846,2.05626511446677
solubility_fixed,25170,173.99638888888887,CO2_flow_L_min,0.5531306266784668,0.05709430846298889,0.02776602494556961,2.05626511446677
solubility_fixed,25170,175.9972222222222,CO2_flow_L_min,0.503053218126297,0.04565315243448078,0.022201977805920974,2.05626511446677
solubility_fixed,25170,177.9975,CO2_flow_L_min,0.5171032249927521,0.03730410023778687,0.01814167831537645,2.05626511446677
solubility_fixed,25170,179.9975,CO2_flow_L_min,0.5095526278018951,0.031085653438369356,0.015117531888114766,2.05626511446677
solubility_fixed,25170,181.99805555555554,CO2_flow_L_min,0.48540203273296356,0.03599089472889847,0.017503042032705796,2.05626511446677
solubility_fixed,25170,183.99861111111113,CO2_flow_L_min,0.507699579000473,0.03369980472969101,0.016388842320281267,2.05626511446677
solubility_fixed,25170,185.99888888888887,CO2_flow_L_min,0.4587230831384659,0.03053841502844078,0.014851399663199554,2.05626511446677
solubility_fixed,25170,187.99944444444446,CO2_flow_L_min,0.4637443870306015,0.03746149315552217,0.018218221420945844,2.05626511446677
solubility_fixed,25170,189.9997222222222,CO2_flow_L_min,0.46611180901527405,0.03644349094853998,0.017723147998836956,2.05626511446677
solubility_fixed,25170,192.0002777777778,CO2_flow_L_min,0.4360964149236679,0.03170101778026494,0.015416795021825596,2.05626511446677
solubility_fixed,25170,194.00138888888887,CO2_flow_L_min,0.4581541270017624,0.029545563157464223,0.014368557317632638,2.05626511446677
solubility_fixed,25170,196.0027777777778,CO2_flow_L_min,0.4118622839450836,0.02756768174731921,0.01340667677206013,2.05626511446677
solubility_fixed,25170,198.00305555555553,CO2_flow_L_min,0.4316452443599701,0.025706180503480395,0.012501394067635346,2.05626511446677
solubility_fixed,25170,200.0038888888889,CO2_flow_L_min,0.401793971657753,0.008657723680517964,0.004210412178666505,2.05626511446677
solubility_fixed,25170,202.005,CO2_flow_L_min,0.40858079493045807,0.0039013953635057804,0.001897321184927795,2.05626511446677
solubility_fixed,25170,204.00555555555556,CO2_flow_L_min,0.37395724654197693,0.001867515594243102,0.0009082075949760911,2.05626511446677
solubility_fixed,25170,206.00583333333333,CO2_flow_L_min,0.3972831219434738,0.004430336369549922,0.0021545550417504384,2.05626511446677
solubility_fixed,25170,208.00666666666666,CO2_flow_L_min,0.37339621782302856,0.007862082789950705,0.003823477203711399,2.05626511446677
solubility_fixed,25170,210.0077777777778,CO2_flow_L_min,0.3867792338132858,0.010607710655309474,0.005158727141106152,2.05626511446677
solubility_fixed,25170,211.99972222222223,CO2_flow_L_min,0.3688569664955139,0.015153292833768962,0.007369328364887671,2.05626511446677
solubility_fixed,25170,213.9922222222222,CO2_flow_L_min,0.37109674513339996,0.01685738235082844,0.008198058816554834,2.05626511446677
solubility_fixed,25170,215.9922222222222,CO2_flow_L_min,0.3616567403078079,0.01712744520586556,0.008329395409845798,2.05626511446677
solubility_fixed,25170,217.99277777777777,CO2_flow_L_min,0.34436510503292084,0.01045034863925043,0.005082199063597114,2.05626511446677
solubility_fixed,25170,219.99333333333334,CO2_flow_L_min,0.34849607944488525,0.007777748638780947,0.003782463936221507,2.05626511446677
solubility_fixed,25170,221.99416666666667,CO2_flow_L_min,0.32139265537261963,0.006310862901570112,0.003069090097950061,2.05626511446677
solubility_fixed,25170,223.99444444444444,CO2_flow_L_min,0.3353331834077835,0.0018026809665441193,0.0008766773087095775,2.05626511446677
solubility_fixed,25170,225.995,CO2_flow_L_min,0.3156689554452896,0.0005654650032225946,0.0002749961564996111,2.05626511446677
solubility_fixed,25170,227.99555555555554,CO2_flow_L_min,0.31158891320228577,0.00017881088117885466,8.695905986092841e-05,2.05626511446677
solubility_fixed,25170,229.9961111111111,CO2_flow_L_min,0.33792784810066223,0.0005280068256163392,0.00025677954749198854,2.05626511446677
solubility_fixed,25170,231.99694444444447,CO2_flow_L_min,0.36408500373363495,0.001465757849661687,0.0007128253255620625,2.05626511446677
solubility_fixed,25170,233.9972222222222,CO2_flow_L_min,0.3085409998893738,0.003582473358883328,0.0017422234777407747,2.05626511446677
solubility_fixed,25170,235.9975,CO2_flow_L_min,0.29279355704784393,0.004195097828501697,0.002040154160563857,2.05626511446677
solubility_fixed,25170,237.99805555555554,CO2_flow_L_min,0.3260100781917572,0.004684265597876082,0.002278045552064333,2.05626511446677
solubility_fixed,25170,239.99861111111113,CO2_flow_L_min,0.3097006678581238,0.0050408607288602554,0.0024514644018397646,2.05626511446677
solubility_fixed,25170,241.99944444444446,CO2_flow_L_min,0.31147246062755585,0.002027249219653043,0.0009858890302570488,2.05626511446677
solubility_fixed,25170,243.9997222222222,CO2_flow_L_min,0.3079918324947357,0.0008951706349218285,0.0004353381422579665,2.05626511446677
solubility_fixed,25170,246.00111111111113,CO2_flow_L_min,0.2541520893573761,0.0004090221456833238,0.00019891508288773905,2.05626511446677
solubility_fixed,25170,248.00138888888887,CO2_flow_L_min,0.29114674031734467,3.754980695044889e-05,1.8261170063270896e-05,2.05626511446677
solubility_fixed,25170,250.00166666666667,CO2_flow_L_min,0.3009909838438034,3.30967761046681e-06,1.6095578275299752e-06,2.05626511446677
solubility_fixed,25170,252.0022222222222,CO2_flow_L_min,0.18855221569538116,2.8031103328727127e-07,1.363204731311903e-07,2.05626511446677
solubility_fixed,25170,254.00333333333333,CO2_flow_L_min,0.31672607362270355,1.311570201838369e-06,6.37841002413001e-07,2.05626511446677
solubility_fixed,25170,256.0038888888889,CO2_flow_L_min,0.2440953105688095,6.022904908121053e-06,2.9290507657534765e-06,2.05626511446677
solubility_fixed,25170,258.00416666666666,CO2_flow_L_min,0.2801497280597687,2.711677747152035e-05,1.3187393629713093e-05,2.05626511446677
solubility_fixed,25170,260.00444444444446,CO2_flow_L_min,0.26816558837890625,7.359922088353005e-05,3.5792671074233426e-05,2.05626511446677
solubility_fixed,25170,262.0052777777778,CO2_flow_L_min,0.24895182251930237,0.0001968017561435922,9.570835723419195e-05,2.05626511446677
solubility_fixed,25170,264.0058333333333,CO2_flow_L_min,0.30818894505500793,0.0005105352167884984,0.00024828277890659553,2.05626511446677
solubility_fixed,25170,266.00666666666666,CO2_flow_L_min,0.19077855348587036,0.00022748354941839815,0.0001106294844074078,2.05626511446677
solubility_fixed,25170,268.00666666666666,CO2_flow_L_min,0.27154241502285004,0.00010179539030573151,4.9504993101110433e-05,2.05626511446677
solubility_fixed,25170,270.00694444444446,CO2_flow_L_min,0.1460215523838997,4.571497963305565e-05,2.2232045523424853e-05,2.05626511446677
solubility_fixed,25170,272.0077777777778,CO2_flow_L_min,0.24887815862894058,8.827985934049315e-05,4.293213881780309e-05,2.05626511446677
solubility_fixed,25170,274.0,CO2_flow_L_min,0.2517445385456085,0.00016859549133674625,8.19911256338492e-05,2.05626511446677
solubility_fixed,25170,275.99194444444447,CO2_flow_L_min,0.21002890169620514,0.0003183930429740858,0.00015484046329145227,2.05626511446677
solubility_fixed,25170,277.9925,CO2_flow_L_min,0.22749736160039902,0.0008088734550362577,0.0003933702173642208,2.05626511446677
solubility_fixed,25170,279.99277777777775,CO2_flow_L_min,0.14897896349430084,0.001932170967004923,0.0009396507062300538,2.05626511446677
solubility_fixed,25170,281.99333333333334,CO2_flow_L_min,0.18359868973493576,0.004089460830951977,0.0019887809223532223,2.05626511446677
solubility_fixed,25170,283.9941666666667,CO2_flow_L_min,0.2330804392695427,0.0032770991230867815,0.0015937143027087719,2.05626511446677
solubility_fixed,25170,285.9945833333333,CO2_flow_L_min,0.2391098439693451,0.00272663084195504,0.0013260113313073975,2.05626511446677
solubility_fixed,25170,287.9952777777778,CO2_flow_L_min,0.1702709123492241,0.002333597996073073,0.001134872142534121,2.05626511446677
solubility_fixed,25170,289.9961111111111,CO2_flow_L_min,0.237287238240242,0.0007174391789084931,0.000348904026947196,2.05626511446677
solubility_fixed,25170,291.99694444444447,CO2_flow_L_min,0.15782906115055084,0.0002294489509935011,0.00011158529577690264,2.05626511446677
solubility_fixed,25170,293.9975,CO2_flow_L_min,0.2147100493311882,7.39212868363447e-05,3.594929774194703e-05,2.05626511446677
solubility_fixed,25170,295.99805555555554,CO2_flow_L_min,0.10364668443799019,2.016628338830484e-05,9.807238982184627e-06,2.05626511446677
solubility_fixed,25170,297.99888888888887,CO2_flow_L_min,0.21209334582090378,5.445707695142925e-06,2.6483490172691586e-06,2.05626511446677
solubility_fixed,25170,299.99944444444446,CO2_flow_L_min,0.2150188684463501,1.4546588879201243e-06,7.074276938736793e-07,2.05626511446677
solubility_fixed,25170,301.99944444444446,CO2_flow_L_min,0.18467075377702713,3.3312545680846018e-06,1.6200511036479172e-06,2.05626511446677
solubility_fixed,25170,303.9997222222222,CO2_flow_L_min,0.16795704513788223,7.597508204790139e-06,3.694809658218766e-06,2.05626511446677
solubility_fixed,25170,306.00083333333333,CO2_flow_L_min,0.17765527963638306,1.724111498579032e-05,8.384675139645736e-06,2.05626511446677
solubility_fixed,25170,308.00166666666667,CO2_flow_L_min,0.14285282045602798,1.7245400496086878e-05,8.386759263072432e-06,2.05626511446677
solubility_fixed,25170,310.0025,CO2_flow_L_min,0.12291436269879341,1.7247180599957186e-05,8.387624960718997e-06,2.05626511446677
solubility_fixed,25170,312.0025,CO2_flow_L_min,0.19325070828199387,1.723969095319904e-05,8.383982606089989e-06,2.05626511446677
solubility_fixed,25170,314.00333333333333,CO2_flow_L_min,0.18606183677911758,1.243181498981426e-05,6.04582303242453e-06,2.05626511446677
solubility_fixed,25170,316.0036111111111,CO2_flow_L_min,0.11333898454904556,8.960598985656767e-06,4.35770607720514e-06,2.05626511446677
solubility_fixed,25170,318.0038888888889,CO2_flow_L_min,0.12730340659618378,6.462899050445088e-06,3.143028107113048e-06,2.05626511446677
solubility_fixed,25170,320.00458333333336,CO2_flow_L_min,0.15322154760360718,8.977062140904609e-06,4.365712416043462e-06,2.05626511446677
solubility_fixed,25170,322.005,CO2_flow_L_min,0.15288059413433075,1.245646382102996e-05,6.057810217852266e-06,2.05626511446677
solubility_fixed,25170,324.0052777777778,CO2_flow_L_min,0.09755769744515419,1.7325471394818434e-05,8.425699231546448e-06,2.05626511446677
solubility_fixed,25170,326.0055555555556,CO2_flow_L_min,0.0,8.762410203731108e-05,4.261323183515358e-05,2.05626511446677
solubility_fixed,25170,328.00638888888886,CO2_flow_L_min,0.11417782679200172,0.00042896632974721497,0.00020861431083435677,2.05626511446677
solubility_fixed,25170,330.00666666666666,CO2_flow_L_min,0.08088314905762672,0.0019098361134999636,0.0009287888512348865,2.05626511446677
solubility_fixed,25170,332.00722222222225,CO2_flow_L_min,0.058217285200953484,0.0012695656081534795,0.00061741338664042,2.05626511446677
solubility_fixed,25170,334.0075,CO2_flow_L_min,0.11389579251408577,0.0008687747008783999,0.0004225013082049443,2.05626511446677
solubility_fixed,25170,335.9997222222222,CO2_flow_L_min,0.14201034605503082,0.0006093080813871554,0.0002963178614957736,2.05626511446677
solubility_fixed,25170,337.9922222222222,CO2_flow_L_min,0.08606862649321556,0.0001674124771200389,8.141580379991625e-05,2.05626511446677
solubility_fixed,25170,339.9926388888889,CO2_flow_L_min,0.10622508823871613,4.586754499329608e-05,2.2306240897925475e-05,2.05626511446677
solubility_fixed,25170,341.99333333333334,CO2_flow_L_min,0.11300522834062576,1.2471543125919317e-05,6.065143564502592e-06,2.05626511446677
solubility_fixed,25170,343.99361111111114,CO2_flow_L_min,0.10256433114409447,5.489317770212692e-06,2.6695574085232583e-06,2.05626511446677
solubility_fixed,25170,345.9941666666667,CO2_flow_L_min,0.0,2.4098235225260936e-06,1.1719420348922314e-06,2.05626511446677
solubility_fixed,25170,347.9941666666667,CO2_flow_L_min,0.0,1.0536225187158438e-06,5.123962427330625e-07,2.05626511446677
solubility_fixed,25170,349.99555555555554,CO2_flow_L_min,0.08526002615690231,1.2343230205874617e-05,6.002742603098365e-06,2.05626511446677
solubility_fixed,25170,351.99666666666667,CO2_flow_L_min,0.0,0.0001397577973547594,6.796681827236142e-05,2.05626511446677
solubility_fixed,25170,353.99694444444447,CO2_flow_L_min,0.0,0.0014554610851825354,0.0007078178173343008,2.05626511446677
solubility_fixed,25170,355.99777777777774,CO2_flow_L_min,0.0,0.0006254058267958554,0.00030414649472766816,2.05626511446677
solubility_fixed,25170,357.99833333333333,CO2_flow_L_min,0.020015770569443703,0.00027495426806377197,0.00013371537849343567,2.05626511446677
solubility_fixed,25170,359.99861111111113,CO2_flow_L_min,0.0,0.00012204068478642834,5.935065664821916e-05,2.05626511446677
solubility_fixed,25170,361.99916666666667,CO2_flow_L_min,0.06933164969086647,0.00016652010278152762,8.098182554865235e-05,2.05626511446677
solubility_fixed,25170,363.99944444444446,CO2_flow_L_min,0.048734547570347786,0.00022642742095710936,0.00011011586947815649,2.05626511446677
solubility_fixed,25170,366.0002777777778,CO2_flow_L_min,0.07116474211215973,0.0003054519384071889,0.00014854696325789616,2.05626511446677
solubility_fixed,25170,368.00083333333333,CO2_flow_L_min,0.05656919442117214,9.861451661177155e-05,4.7958075015703526e-05,2.05626511446677
solubility_fixed,25170,370.00138888888887,CO2_flow_L_min,0.06970534846186638,3.175179488859679e-05,1.5441488874760518e-05,2.05626511446677
solubility_fixed,25170,372.00138888888887,CO2_flow_L_min,0.0,1.0167123693304285e-05,4.944461500501028e-06,2.05626511446677
solubility_fixed,25170,374.00194444444446,CO2_flow_L_min,0.04881179705262184,1.016081788642797e-05,4.9413948692422715e-06,2.05626511446677
solubility_fixed,25170,376.0025,CO2_flow_L_min,0.048261480405926704,1.0154481914595235e-05,4.938313568203724e-06,2.05626511446677
solubility_fixed,25170,378.0025,CO2_flow_L_min,0.0,1.0148119670919584e-05,4.935219490678949e-06,2.05626511446677
solubility_fixed,25170,379.8611111111111,CO2_flow_L_min,0.0,1.014217867863561e-05,4.932330275547021e-06,2.05626511446677
solubility_fixed,25171,0.5075000000000003,CO2_flow_L_min,0.8966177105903625,0.0,0.0,3.6170297010531107
solubility_fixed,25171,2.0,CO2_flow_L_min,1.0077099800109863,0.0,0.0,3.6170297010531107
solubility_fixed,25171,3.99305555555555,CO2_flow_L_min,1.087964653968811,8.365151247816571e-11,2.3127128995874788e-11,3.6170297010531107
solubility_fixed,25171,5.994444444444447,CO2_flow_L_min,1.2940880060195923,1.0327814581183905,0.2855330322053182,3.6170297010531107
solubility_fixed,25171,7.994722222222222,CO2_flow_L_min,1.4111799001693726,1.3443283242862798,0.3716663769431791,3.6170297010531107
solubility_fixed,25171,9.995555555555562,CO2_flow_L_min,1.4755344986915588,1.4096734772593795,0.38973234774625937,3.6170297010531107
solubility_fixed,25171,11.996388888888895,CO2_flow_L_min,1.4894561767578125,1.463198260163555,0.4045303414947186,3.6170297010531107
solubility_fixed,25171,13.996388888888895,CO2_flow_L_min,1.5801073908805847,1.607490043469637,0.4444226827890329,3.6170297010531107
solubility_fixed,25171,15.996944444444452,CO2_flow_L_min,1.6058717966079712,1.6903231144269508,0.46732353730322074,3.6170297010531107
solubility_fixed,25171,17.99722222222222,CO2_flow_L_min,1.7284287214279175,1.739427942726175,0.48089954644821814,3.6170297010531107
solubility_fixed,25171,19.997777777777785,CO2_flow_L_min,1.685668408870697,1.6400091916569086,0.4534132498772167,3.6170297010531107
solubility_fixed,25171,21.998333333333335,CO2_flow_L_min,1.7897506356239319,1.5944797152166175,0.44082571806152965,3.6170297010531107
solubility_fixed,25171,23.999166666666667,CO2_flow_L_min,1.6657332181930542,1.552623107625727,0.4292536240920763,3.6170297010531107
solubility_fixed,25171,26.0,CO2_flow_L_min,1.7469052076339722,1.44888272771741,0.40057252703663526,3.6170297010531107
solubility_fixed,25171,28.00055555555555,CO2_flow_L_min,1.645696759223938,1.400353835754568,0.3871557469784807,3.6170297010531107
solubility_fixed,25171,30.001666666666665,CO2_flow_L_min,1.6147007942199707,1.3379940469988887,0.3699151396543211,3.6170297010531107
solubility_fixed,25171,32.0025,CO2_flow_L_min,1.4993385076522827,1.3250144973330635,0.36632668428110526,3.6170297010531107
solubility_fixed,25171,34.00305555555555,CO2_flow_L_min,1.485105574131012,1.2911414607495328,0.35696180774341235,3.6170297010531107
solubility_fixed,25171,36.003888888888895,CO2_flow_L_min,1.4768308997154236,1.2574728336680807,0.34765344428937456,3.6170297010531107
solubility_fixed,25171,38.004444444444445,CO2_flow_L_min,1.2267774939537048,1.2249149123337144,0.3386521575913729,3.6170297010531107
solubility_fixed,25171,40.004999999999995,CO2_flow_L_min,1.2437371611595154,1.1934225235027147,0.3299454586052323,3.6170297010531107
solubility_fixed,25171,42.00527777777778,CO2_flow_L_min,1.2025887966156006,1.1627233731483573,0.32145806621654954,3.6170297010531107
solubility_fixed,25171,44.00555555555556,CO2_flow_L_min,0.7370048761367798,1.1042439652340699,0.305290267567492,3.6170297010531107
solubility_fixed,25171,46.00638888888889,CO2_flow_L_min,0.864924430847168,1.0620338623364043,0.2936204427702624,3.6170297010531107
solubility_fixed,25171,48.007222222222225,CO2_flow_L_min,0.9298628568649292,1.0224873177587168,0.2826870117934105,3.6170297010531107
solubility_fixed,25171,50.007222222222225,CO2_flow_L_min,0.9515603482723236,1.0431980354342152,0.28841290275567394,3.6170297010531107
solubility_fixed,25171,52.00805555555556,CO2_flow_L_min,1.0021700263023376,1.0313603680283314,0.28514014350726713,3.6170297010531107
solubility_fixed,25171,54.00027777777777,CO2_flow_L_min,0.8588043451309204,1.0179901564129357,0.2814436818466114,3.6170297010531107
solubility_fixed,25171,55.99194444444444,CO2_flow_L_min,0.9227873086929321,0.9475046518145241,0.2619565583159726,3.6170297010531107
solubility_fixed,25171,57.992222222222225,CO2_flow_L_min,0.946250319480896,0.9145892761280184,0.25285644623314335,3.6170297010531107
solubility_fixed,25171,59.992777777777775,CO2_flow_L_min,0.8144015371799469,0.8843059280441294,0.244484010675019,3.6170297010531107
solubility_fixed,25171,61.99333333333334,CO2_flow_L_min,0.870048463344574,0.8767849522807856,0.2424046869246074,3.6170297010531107
solubility_fixed,25171,63.99333333333334,CO2_flow_L_min,0.8795121312141418,0.8551724074337858,0.23642946785446614,3.6170297010531107
solubility_fixed,25171,65.99361111111111,CO2_flow_L_min,0.8749131262302399,0.8333490125202906,0.23039595507818422,3.6170297010531107
solubility_fixed,25171,67.99416666666667,CO2_flow_L_min,0.7442700564861298,0.7897640808928578,0.21834603145860684,3.6170297010531107
solubility_fixed,25171,69.99472222222222,CO2_flow_L_min,0.5520975887775421,0.7622240224732553,0.2107320330411805,3.6170297010531107
solubility_fixed,25171,71.99527777777777,CO2_flow_L_min,0.6200417876243591,0.7361037788682785,0.20351057074647724,3.6170297010531107
solubility_fixed,25171,73.99555555555555,CO2_flow_L_min,0.6285392045974731,0.8234060526849795,0.22764702552628802,3.6170297010531107
solubility_fixed,25171,75.9961111111111,CO2_flow_L_min,0.6049787700176239,0.8274769102847008,0.22877249530015695,3.6170297010531107
solubility_fixed,25171,77.99638888888889,CO2_flow_L_min,0.599564254283905,0.826563474726022,0.2285199578221227,3.6170297010531107
solubility_fixed,25171,79.99666666666667,CO2_flow_L_min,0.6129176914691925,0.7382902756234422,0.2041150713826006,3.6170297010531107
solubility_fixed,25171,81.99694444444445,CO2_flow_L_min,0.5946856141090393,0.7143572645446259,0.19749831314258723,3.6170297010531107
solubility_fixed,25171,83.99777777777778,CO2_flow_L_min,0.563105046749115,0.6936021127304465,0.1917601374764774,3.6170297010531107
solubility_fixed,25171,85.99833333333333,CO2_flow_L_min,0.5567769110202789,0.651079325565307,0.18000386487723422,3.6170297010531107
solubility_fixed,25171,87.99888888888889,CO2_flow_L_min,0.5214395523071289,0.6257233207636935,0.17299369164193262,3.6170297010531107
solubility_fixed,25171,89.99944444444445,CO2_flow_L_min,0.4976239949464798,0.6016999456896931,0.1663519504732035,3.6170297010531107
solubility_fixed,25171,91.99972222222222,CO2_flow_L_min,0.5244962275028229,0.6238966487141993,0.17248867172214527,3.6170297010531107
solubility_fixed,25171,94.00027777777778,CO2_flow_L_min,0.508849710226059,0.6125315309247417,0.16934655823987319,3.6170297010531107
solubility_fixed,25171,96.00166666666667,CO2_flow_L_min,0.49044395983219147,0.5975779924904447,0.1652123543017791,3.6170297010531107
solubility_fixed,25171,98.0025,CO2_flow_L_min,0.46785973012447357,0.5824371579208215,0.16102636861158284,3.6170297010531107
solubility_fixed,25171,100.00333333333333,CO2_flow_L_min,0.4553823918104172,0.5671424377701046,0.15679783818335227,3.6170297010531107
solubility_fixed,25171,102.00444444444445,CO2_flow_L_min,0.4589790999889374,0.5514865015222369,0.15246944236086027,3.6170297010531107
solubility_fixed,25171,104.00527777777778,CO2_flow_L_min,0.43708813190460205,0.535224343678088,0.14797344448740787,3.6170297010531107
solubility_fixed,25171,106.00583333333333,CO2_flow_L_min,0.44966933131217957,0.5187948450583608,0.1434311819190514,3.6170297010531107
solubility_fixed,25171,108.00638888888889,CO2_flow_L_min,0.42858435213565826,0.502220563310187,0.13884889116723698,3.6170297010531107
solubility_fixed,25171,110.00694444444444,CO2_flow_L_min,0.40800541639328003,0.4854853832141332,0.13422211685814536,3.6170297010531107
solubility_fixed,25171,112.00750000000001,CO2_flow_L_min,0.36780761182308197,0.46856153819042307,0.1295431823670123,3.6170297010531107
solubility_fixed,25171,113.99944444444444,CO2_flow_L_min,0.40204471349716187,0.4507411992126033,0.12461639424231669,3.6170297010531107
solubility_fixed,25171,115.99194444444444,CO2_flow_L_min,0.4123866707086563,0.4992449699701147,0.13802622904223258,3.6170297010531107
solubility_fixed,25171,117.99305555555556,CO2_flow_L_min,0.4027434438467026,0.48923547574519993,0.1352589047313483,3.6170297010531107
solubility_fixed,25171,119.99388888888889,CO2_flow_L_min,0.37688834965229034,0.4746219297598551,0.1312186984866802,3.6170297010531107
solubility_fixed,25171,121.99402777777777,CO2_flow_L_min,0.35268230736255646,0.3950805672063489,0.10922790241156156,3.6170297010531107
solubility_fixed,25171,123.99444444444444,CO2_flow_L_min,0.33847102522850037,0.36947898157310777,0.10214983345741747,3.6170297010531107
solubility_fixed,25171,125.99527777777777,CO2_flow_L_min,0.29679641127586365,0.34453319381816516,0.09525307290616196,3.6170297010531107
solubility_fixed,25171,127.9961111111111,CO2_flow_L_min,0.28761163353919983,0.25407967270064213,0.07024539296060134,3.6170297010531107
solubility_fixed,25171,129.9961111111111,CO2_flow_L_min,0.3137179762125015,0.21793309459209556,0.060251950524111975,3.6170297010531107
solubility_fixed,25171,131.9961111111111,CO2_flow_L_min,0.31062687933444977,0.18306007458391615,0.050610608624700425,3.6170297010531107
solubility_fixed,25171,133.99694444444447,CO2_flow_L_min,0.25456178188323975,0.1907100800177539,0.05272560520092716,3.6170297010531107
solubility_fixed,25171,135.9975,CO2_flow_L_min,0.22689730674028397,0.1606004295236235,0.044401191805769284,3.6170297010531107
solubility_fixed,25171,137.99833333333333,CO2_flow_L_min,0.2280840054154396,0.13268531069413034,0.03668350045770941,3.6170297010531107
solubility_fixed,25171,139.99861111111113,CO2_flow_L_min,0.26110588014125824,0.15280378589220886,0.04224565417522547,3.6170297010531107
solubility_fixed,25171,141.99944444444446,CO2_flow_L_min,0.29015325009822845,0.1390626622622176,0.03844664649055247,3.6170297010531107
solubility_fixed,25171,144.00083333333333,CO2_flow_L_min,0.254693403840065,0.11937188501867592,0.033002738402706615,3.6170297010531107
solubility_fixed,25171,146.00138888888887,CO2_flow_L_min,0.2017449289560318,0.09438945964688762,0.026095848651562302,3.6170297010531107
solubility_fixed,25171,148.00166666666667,CO2_flow_L_min,0.20070771872997284,0.08413074053543264,0.02325962115017681,3.6170297010531107
solubility_fixed,25171,150.00194444444446,CO2_flow_L_min,0.19978489726781845,0.07610846968758193,0.0210417043756712,3.6170297010531107
solubility_fixed,25171,152.00222222222223,CO2_flow_L_min,0.17563484609127045,0.07788995803146924,0.021534232358885887,3.6170297010531107
solubility_fixed,25171,154.0025,CO2_flow_L_min,0.1340184435248375,0.07256944506487506,0.020063270435337097,3.6170297010531107
solubility_fixed,25171,156.0027777777778,CO2_flow_L_min,0.07704564556479454,0.06678239535773887,0.018463325125114387,3.6170297010531107
solubility_fixed,25171,158.00305555555556,CO2_flow_L_min,0.0969294123351574,0.055704030058545975,0.015400490087855113,3.6170297010531107
solubility_fixed,25171,160.00333333333333,CO2_flow_L_min,0.047401063144207,0.049766578673529495,0.013758963234125444,3.6170297010531107
solubility_fixed,25171,162.0038888888889,CO2_flow_L_min,0.0,0.045049734502505295,0.012454897588866608,3.6170297010531107
solubility_fixed,25171,164.00416666666666,CO2_flow_L_min,0.09385086223483086,0.040899454483847714,0.01130746990325783,3.6170297010531107
solubility_fixed,25171,166.00472222222223,CO2_flow_L_min,0.17001202702522278,0.0371694767894684,0.010276243177833563,3.6170297010531107
solubility_fixed,25171,168.0052777777778,CO2_flow_L_min,0.12270576879382133,0.033828782431727905,0.009352641594808728,3.6170297010531107
solubility_fixed,25171,170.00611111111112,CO2_flow_L_min,0.09362838417291641,0.035772429540779915,0.009890001602797082,3.6170297010531107
solubility_fixed,25171,172.00611111111112,CO2_flow_L_min,0.06864945963025093,0.03454548698031091,0.009550788861438675,3.6170297010531107
solubility_fixed,25171,174.00694444444446,CO2_flow_L_min,0.0,0.03244713594376318,0.008970657867231802,3.6170297010531107
solubility_fixed,25171,176.0077777777778,CO2_flow_L_min,0.0,0.01787185951262196,0.004941032004082938,3.6170297010531107
solubility_fixed,25171,177.9997222222222,CO2_flow_L_min,0.0832299292087555,0.011879606910808332,0.0032843542609975094,3.6170297010531107
solubility_fixed,25171,179.9922222222222,CO2_flow_L_min,0.0,0.008543268243468145,0.0023619568954550588,3.6170297010531107
solubility_fixed,25171,181.99305555555554,CO2_flow_L_min,0.0,0.002240016308321399,0.0006192971840041044,3.6170297010531107
solubility_fixed,25171,183.99333333333334,CO2_flow_L_min,0.0,0.0006041882590245896,0.00016703989432231595,3.6170297010531107
solubility_fixed,25171,185.99444444444444,CO2_flow_L_min,0.0,0.00015699500916145295,4.340440143904357e-05,3.6170297010531107
solubility_fixed,25171,187.9947222222222,CO2_flow_L_min,0.0,0.0004950115596462926,0.0001368558183257849,3.6170297010531107
solubility_fixed,25171,189.99555555555554,CO2_flow_L_min,0.0,0.0014701302647968694,0.00040644683242961366,3.6170297010531107
solubility_fixed,25171,191.9961111111111,CO2_flow_L_min,0.0,0.003930636134907473,0.0010867027533014325,3.6170297010531107
solubility_fixed,25171,193.99638888888887,CO2_flow_L_min,0.0,0.0030922985840578774,0.0008549276173091816,3.6170297010531107
solubility_fixed,25171,195.99666666666667,CO2_flow_L_min,0.0,0.0024283259381334284,0.0006713591368703478,3.6170297010531107
solubility_fixed,25171,197.99680555555557,CO2_flow_L_min,0.0,0.0019027440132349822,0.0005260515313659138,3.6170297010531107
solubility_fixed,25171,199.9972222222222,CO2_flow_L_min,0.0,0.0012612168343384355,0.00034868854794618576,3.6170297010531107
solubility_fixed,25171,201.99777777777777,CO2_flow_L_min,0.0,0.0008349742930803048,0.00023084529630409148,3.6170297010531107
solubility_fixed,25171,203.99833333333333,CO2_flow_L_min,0.0,0.0005500629750950439,0.00015207588008881739,3.6170297010531107
solubility_fixed,25171,205.99861111111113,CO2_flow_L_min,0.0,0.0013739801411781448,0.00037986421310781763,3.6170297010531107
solubility_fixed,25171,207.99916666666667,CO2_flow_L_min,0.0,0.0032078150734712167,0.0008868644547036067,3.6170297010531107
solubility_fixed,25171,210.0,CO2_flow_L_min,0.0,0.006647940299605667,0.001837955684375524,3.6170297010531107
solubility_fixed,25171,212.0002777777778,CO2_flow_L_min,0.0,0.007438036470688266,0.0020563935287903927,3.6170297010531107
solubility_fixed,25171,214.00111111111113,CO2_flow_L_min,0.0,0.008162911945922868,0.002256799811056627,3.6170297010531107
solubility_fixed,25171,216.00166666666667,CO2_flow_L_min,0.0,0.008676411058235129,0.0023987668820383092,3.6170297010531107
solubility_fixed,25171,217.8938888888889,CO2_flow_L_min,0.0,0.0026648125442346954,0.0007367405756880642,3.6170297010531107
solubility_scaled,25170,0.49777777777777776,CO2_flow_L_min,0.0,3.2596687782680418e-21,1.5413046239556793e-21,2.1148764025000255
solubility_scaled,25170,1.9983333333333335,CO2_flow_L_min,0.0,2.716788054130531e-13,1.2846084295606953e-13,2.1148764025000255
solubility_scaled,25170,3.998611111111111,CO2_flow_L_min,0.0,0.008430084195233641,0.0039860883526187715,2.1148764025000255
solubility_scaled,25170,5.999166666666667,CO2_flow_L_min,0.0,0.16143389358028146,0.07633254283297508,2.1148764025000255
solubility_scaled,25170,7.999722222222223,CO2_flow_L_min,0.0,0.2719234088826998,0.128576501473682,2.1148764025000255
solubility_scaled,25170,10.0,CO2_flow_L_min,0.0,0.3432269240754532,0.162291717695521,2.1148764025000255
solubility_scaled,25170,12.000555555555556,CO2_flow_L_min,0.0,0.3962986386521139,0.18738619343600582,2.1148764025000255
solubility_scaled,25170,14.000833333333333,CO2_flow_L_min,0.0,0.43803507783534995,0.20712088768759368,2.1148764025000255
solubility_scaled,25170,16.00138888888889,CO2_flow_L_min,0.0,0.47243311717678915,0.22338568656698768,2.1148764025000255
solubility_scaled,25170,18.001666666666665,CO2_flow_L_min,0.0,0.5032716238859997,0.23796739293656835,2.1148764025000255
solubility_scaled,25170,20.001666666666665,CO2_flow_L_min,0.0,0.5234015281675682,0.24748563440816107,2.1148764025000255
solubility_scaled,25170,22.001944444444444,CO2_flow_L_min,0.0,0.5420689103051061,0.2563123356354625,2.1148764025000255
solubility_scaled,25170,24.0025,CO2_flow_L_min,0.0,0.5595295336895887,0.2645684320030054,2.1148764025000255
solubility_scaled,25170,26.00277777777778,CO2_flow_L_min,0.0,0.5804174889922782,0.27444511097961016,2.1148764025000255
solubility_scaled,25170,28.003055555555555,CO2_flow_L_min,0.0,0.6009533430826277,0.2841553021123278,2.1148764025000255
solubility_scaled,25170,30.003333333333334,CO2_flow_L_min,0.0,0.6206096728306761,0.2934496181890557,2.1148764025000255
solubility_scaled,25170,32.00388888888889,CO2_flow_L_min,0.02010594867169857,0.6333247130747274,0.29946180889155755,2.1148764025000255
solubility_scaled,25170,34.00416666666666,CO2_flow_L_min,0.06976939365267754,0.640453834420987,0.30283274883766137,2.1148764025000255
solubility_scaled,25170,35.97138888888889,CO2_flow_L_min,0.09141644090414047,0.6433863407600987,0.3042193576889612,2.1148764025000255
solubility_scaled,25170,38.330555555555556,CO2_flow_L_min,0.0,0.6603859300208754,0.31225745827993723,2.1148764025000255
solubility_scaled,25170,40.005833333333335,CO2_flow_L_min,0.0,0.6774579022287441,0.3203297844866544,2.1148764025000255
solubility_scaled,25170,42.00611111111111,CO2_flow_L_min,0.0,0.7004575701598016,0.3312049675015432,2.1148764025000255
solubility_scaled,25170,44.00694444444444,CO2_flow_L_min,0.0,0.7223281567470956,0.3415462747105321,2.1148764025000255
solubility_scaled,25170,46.007222222222225,CO2_flow_L_min,0.10981453210115433,0.744276252606675,0.3519242314713311,2.1148764025000255
solubility_scaled,25170,48.0075,CO2_flow_L_min,0.19227386265993118,0.7652032356364364,0.36181936435239376,2.1148764025000255
solubility_scaled,25170,49.999722222222225,CO2_flow_L_min,0.26944872736930847,0.7786183959289518,0.3681626004283446,2.1148764025000255
solubility_scaled,25170,51.992222222222225,CO2_flow_L_min,0.3240592032670975,0.787172974330332,0.3722075547298195,2.1148764025000255
solubility_scaled,25170,53.992777777777775,CO2_flow_L_min,0.37912435829639435,0.7853030010941296,0.3713233549562574,2.1148764025000255
solubility_scaled,25170,55.99319444444444,CO2_flow_L_min,0.4144144058227539,0.7747418308154247,0.3663296020039712,2.1148764025000255
solubility_scaled,25170,57.99361111111111,CO2_flow_L_min,0.44397418200969696,0.7594739066522614,0.3591103034458546,2.1148764025000255
solubility_scaled,25170,59.994166666666665,CO2_flow_L_min,0.507400631904602,0.7417337509446292,0.35072203277118946,2.1148764025000255
solubility_scaled,25170,61.99472222222222,CO2_flow_L_min,0.5540836751461029,0.7336649244801607,0.34690676183860436,2.1148764025000255
solubility_scaled,25170,63.99527777777778,CO2_flow_L_min,0.5873410999774933,0.728223963452094,0.34433405308757054,2.1148764025000255
solubility_scaled,25170,65.99555555555557,CO2_flow_L_min,0.605966329574585,0.7243677549049119,0.34251068007975616,2.1148764025000255
solubility_scaled,25170,67.99583333333334,CO2_flow_L_min,0.6478050649166107,0.713036033579627,0.3371525790995336,2.1148764025000255
solubility_scaled,25170,69.9961111111111,CO2_flow_L_min,0.6928205788135529,0.6999897466617564,0.3309837614313009,2.1148764025000255
solubility_scaled,25170,71.99666666666667,CO2_flow_L_min,0.7214046716690063,0.6860516036043399,0.3243932377293295,2.1148764025000255
solubility_scaled,25170,73.9975,CO2_flow_L_min,0.755364716053009,0.6717604644422778,0.31763580304181377,2.1148764025000255
solubility_scaled,25170,75.99833333333333,CO2_flow_L_min,0.7820552587509155,0.6574262952428593,0.31085802199395973,2.1148764025000255
solubility_scaled,25170,77.9988888888889,CO2_flow_L_min,0.8426351249217987,0.6432227200210121,0.3041419911161945,2.1148764025000255
solubility_scaled,25170,79.99916666666667,CO2_flow_L_min,0.8671332597732544,0.6255031078670155,0.29576343427332175,2.1148764025000255
solubility_scaled,25170,81.99972222222223,CO2_flow_L_min,0.8808037042617798,0.607300588718959,0.287156539266815,2.1148764025000255
solubility_scaled,25170,84.0,CO2_flow_L_min,0.9216566383838654,0.5890206074468172,0.2785130170020941,2.1148764025000255
solubility_scaled,25170,86.0,CO2_flow_L_min,0.9671140015125275,0.581802558734951,0.2751000285629902,2.1148764025000255
solubility_scaled,25170,88.00055555555556,CO2_flow_L_min,1.0167601704597473,0.5755439602522457,0.2721407074058262,2.1148764025000255
solubility_scaled,25170,90.00097222222223,CO2_flow_L_min,1.0506026148796082,0.5714507036563024,0.27020524839219084,2.1148764025000255
solubility_scaled,25170,92.00222222222223,CO2_flow_L_min,1.0576554536819458,0.562497869477582,0.26597198248211823,2.1148764025000255
solubility_scaled,25170,94.00222222222223,CO2_flow_L_min,1.0318894982337952,0.553062504888532,0.2615105564725905,2.1148764025000255
solubility_scaled,25170,96.0038888888889,CO2_flow_L_min,1.0453163385391235,0.543362311837695,0.25692390874255283,2.1148764025000255
solubility_scaled,25170,98.00444444444443,CO2_flow_L_min,1.0063957571983337,0.5335256644079954,0.2522727398051759,2.1148764025000255
solubility_scaled,25170,100.00583333333333,CO2_flow_L_min,1.0273829698562622,0.5236206186130505,0.2475892293252084,2.1148764025000255
solubility_scaled,25170,102.00694444444446,CO2_flow_L_min,1.03029066324234,0.5136661891081692,0.24288236820882633,2.1148764025000255
solubility_scaled,25170,104.00777777777779,CO2_flow_L_min,1.0509377121925354,0.49846540905951975,0.23569481813229212,2.1148764025000255
solubility_scaled,25170,106.00055555555555,CO2_flow_L_min,1.0386885404586792,0.48298222540850944,0.22837373609047285,2.1148764025000255
solubility_scaled,25170,107.99444444444444,CO2_flow_L_min,0.986695259809494,0.46850114564344214,0.22152648972281325,2.1148764025000255
solubility_scaled,25170,109.99444444444444,CO2_flow_L_min,1.0487924218177795,0.46373230296313245,0.21927158599667948,2.1148764025000255
solubility_scaled,25170,111.99555555555557,CO2_flow_L_min,1.0423717498779297,0.4593055907311191,0.2171784555296789,2.1148764025000255
solubility_scaled,25170,113.99694444444444,CO2_flow_L_min,1.037216603755951,0.4549114949880651,0.21510074747172353,2.1148764025000255
solubility_scaled,25170,115.99777777777777,CO2_flow_L_min,1.0339342951774597,0.441595747543034,0.20880451785315557,2.1148764025000255
solubility_scaled,25170,117.99833333333333,CO2_flow_L_min,0.9775261580944061,0.4281937256037806,0.20246749412760326,2.1148764025000255
solubility_scaled,25170,119.9988888888889,CO2_flow_L_min,0.949872225522995,0.4148050670666235,0.1961367891647363,2.1148764025000255
solubility_scaled,25170,122.00027777777777,CO2_flow_L_min,0.9661630988121033,0.40520704281375597,0.19159845101810913,2.1148764025000255
solubility_scaled,25170,124.0011111111111,CO2_flow_L_min,0.9199035465717316,0.39632823340505896,0.18740018704476238,2.1148764025000255
solubility_scaled,25170,126.00166666666667,CO2_flow_L_min,0.868619829416275,0.3871614237932512,0.18306574480455792,2.1148764025000255
solubility_scaled,25170,128.00194444444446,CO2_flow_L_min,0.8611688017845154,0.3757575945141214,0.17767354823664067,2.1148764025000255
solubility_scaled,25170,130.0022222222222,CO2_flow_L_min,0.8477236330509186,0.364382491918355,0.172294934818703,2.1148764025000255
solubility_scaled,25170,132.0025,CO2_flow_L_min,0.8022134602069855,0.3530622643616456,0.16694226856202363,2.1148764025000255
solubility_scaled,25170,134.0027777777778,CO2_flow_L_min,0.8443529903888702,0.34481338269154027,0.16304186016919545,2.1148764025000255
solubility_scaled,25170,136.00333333333333,CO2_flow_L_min,0.8295652866363525,0.33622502741692195,0.15898093478156244,2.1148764025000255
solubility_scaled,25170,138.00361111111113,CO2_flow_L_min,0.8142173290252686,0.3273652239786675,0.15479165760783203,2.1148764025000255
solubility_scaled,25170,140.00416666666666,CO2_flow_L_min,0.79200679063797,0.31779316996514445,0.15026559925179392,2.1148764025000255
solubility_scaled,25170,142.0052777777778,CO2_flow_L_min,0.7756664454936981,0.30811286452106246,0.14568835519505435,2.1148764025000255
solubility_scaled,25170,144.00555555555556,CO2_flow_L_min,0.7196485996246338,0.2983184668570225,0.14105716367366716,2.1148764025000255
solubility_scaled,25170,146.00583333333333,CO2_flow_L_min,0.73886638879776,0.2865001739009763,0.13546899173980115,2.1148764025000255
solubility_scaled,25170,148.00611111111112,CO2_flow_L_min,0.7094215154647827,0.27495691028667174,0.13001086491940675,2.1148764025000255
solubility_scaled,25170,150.00611111111112,CO2_flow_L_min,0.6570267081260681,0.2635617113443022,0.12462274912743937,2.1148764025000255
solubility_scaled,25170,152.00666666666666,CO2_flow_L_min,0.7023055553436279,0.248421930150122,0.11746404180237621,2.1148764025000255
solubility_scaled,25170,154.00666666666666,CO2_flow_L_min,0.6335598230361938,0.23415559112621548,0.11071833363378437,2.1148764025000255
solubility_scaled,25170,156.00694444444446,CO2_flow_L_min,0.6580243706703186,0.2204776467829739,0.10425084251842999,2.1148764025000255
solubility_scaled,25170,158.00722222222223,CO2_flow_L_min,0.6091253161430359,0.21433962071436385,0.10134853292655303,2.1148764025000255
solubility_scaled,25170,160.00722222222223,CO2_flow_L_min,0.6478431820869446,0.20625125361859922,0.09752402238484796,2.1148764025000255
solubility_scaled,25170,162.00722222222223,CO2_flow_L_min,0.6133309304714203,0.19646000764934607,0.09289432111356857,2.1148764025000255
solubility_scaled,25170,164.0077777777778,CO2_flow_L_min,0.5906752347946167,0.18401761186543317,0.08701104785504407,2.1148764025000255
solubility_scaled,25170,166.00055555555556,CO2_flow_L_min,0.6082608699798584,0.16996097869981208,0.08036449718711637,2.1148764025000255
solubility_scaled,25170,167.99333333333334,CO2_flow_L_min,0.5536117553710938,0.15635969356054735,0.07393325367653274,2.1148764025000255
solubility_scaled,25170,169.99388888888888,CO2_flow_L_min,0.5794588029384613,0.134750963928586,0.06371576313835407,2.1148764025000255
solubility_scaled,25170,171.99555555555554,CO2_flow_L_min,0.5429856479167938,0.11395913701274765,0.05388453759190605,2.1148764025000255
solubility_scaled,25170,173.99638888888887,CO2_flow_L_min,0.5531306266784668,0.0948597521573884,0.04485356782327957,2.1148764025000255
solubility_scaled,25170,175.9972222222222,CO2_flow_L_min,0.503053218126297,0.07837563914662113,0.03705920547128531,2.1148764025000255
solubility_scaled,25170,177.9975,CO2_flow_L_min,0.5171032249927521,0.06486953955095213,0.0306729695760324,2.1148764025000255
solubility_scaled,25170,179.9975,CO2_flow_L_min,0.5095526278018951,0.05411889925476482,0.02558962745567074,2.1148764025000255
solubility_scaled,25170,181.99805555555554,CO2_flow_L_min,0.48540203273296356,0.04803997751860675,0.022715264807824237,2.1148764025000255
solubility_scaled,25170,183.99861111111113,CO2_flow_L_min,0.507699579000473,0.04270800426324842,0.020194089930155104,2.1148764025000255
solubility_scaled,25170,185.99888888888887,CO2_flow_L_min,0.4587230831384659,0.038056147477176935,0.017994501916135722,2.1148764025000255
solubility_scaled,25170,187.99944444444446,CO2_flow_L_min,0.4637443870306015,0.03637687085857653,0.017200471297317853,2.1148764025000255
solubility_scaled,25170,189.9997222222222,CO2_flow_L_min,0.46611180901527405,0.03419517784475686,0.01616887767263101,2.1148764025000255
solubility_scaled,25170,192.0002777777778,CO2_flow_L_min,0.4360964149236679,0.03117134472848542,0.014739085788482641,2.1148764025000255
solubility_scaled,25170,194.00138888888887,CO2_flow_L_min,0.4581541270017624,0.028801384718357366,0.013618471833299969,2.1148764025000255
solubility_scaled,25170,196.0027777777778,CO2_flow_L_min,0.4118622839450836,0.026528096729483575,0.012543568360838645,2.1148764025000255
solubility_scaled,25170,198.00305555555553,CO2_flow_L_min,0.4316452443599701,0.02438535952501589,0.011530394634972336,2.1148764025000255
solubility_scaled,25170,200.0038888888889,CO2_flow_L_min,0.401793971657753,0.01705481295735726,0.008064212611761387,2.1148764025000255
solubility_scaled,25170,202.005,CO2_flow_L_min,0.40858079493045807,0.01225154832579612,0.0057930327802198705,2.1148764025000255
solubility_scaled,25170,204.00555555555556,CO2_flow_L_min,0.37395724654197693,0.00899333450502894,0.004252416119636017,2.1148764025000255
solubility_scaled,25170,206.00583333333333,CO2_flow_L_min,0.3972831219434738,0.010242227952230488,0.004842943984869757,2.1148764025000255
solubility_scaled,25170,208.00666666666666,CO2_flow_L_min,0.37339621782302856,0.010798115607761932,0.005105790388032759,2.1148764025000255
solubility_scaled,25170,210.0077777777778,CO2_flow_L_min,0.3867792338132858,0.010873559429424225,0.005141463310371441,2.1148764025000255
solubility_scaled,25170,211.99972222222223,CO2_flow_L_min,0.3688569664955139,0.011597948647025695,0.00548398413889133,2.1148764025000255
solubility_scaled,25170,213.9922222222222,CO2_flow_L_min,0.37109674513339996,0.01170369534379726,0.0055339854990873955,2.1148764025000255
solubility_scaled,25170,215.9922222222222,CO2_flow_L_min,0.3616567403078079,0.01154239928745052,0.005457718131331971,2.1148764025000255
solubility_scaled,25170,217.99277777777777,CO2_flow_L_min,0.34436510503292084,0.00942533930162085,0.004456685643888703,2.1148764025000255
solubility_scaled,25170,219.99333333333334,CO2_flow_L_min,0.34849607944488525,0.00791928329789825,0.003744560811467163,2.1148764025000255
solubility_scaled,25170,221.99416666666667,CO2_flow_L_min,0.32139265537261963,0.006800299800429699,0.0032154596800035066,2.1148764025000255
solubility_scaled,25170,223.99444444444444,CO2_flow_L_min,0.3353331834077835,0.003995264944625329,0.001889124555885379,2.1148764025000255
solubility_scaled,25170,225.995,CO2_flow_L_min,0.3156689554452896,0.002393432766298324,0.0011317128336526016,2.1148764025000255
solubility_scaled,25170,227.99555555555554,CO2_flow_L_min,0.31158891320228577,0.001446570528127755,0.0006839976683354845,2.1148764025000255
solubility_scaled,25170,229.9961111111111,CO2_flow_L_min,0.33792784810066223,0.0022262449184064486,0.0010526595860518245,2.1148764025000255
solubility_scaled,25170,231.99694444444447,CO2_flow_L_min,0.36408500373363495,0.0031564421520503543,0.001492494856115033,2.1148764025000255
solubility_scaled,25170,233.9972222222222,CO2_flow_L_min,0.3085409998893738,0.004123897584013169,0.0019499473251194494,2.1148764025000255
solubility_scaled,25170,235.9975,CO2_flow_L_min,0.29279355704784393,0.004085773555905709,0.0019319207264669733,2.1148764025000255
solubility_scaled,25170,237.99805555555554,CO2_flow_L_min,0.3260100781917572,0.004019875124219847,0.0019007612546378101,2.1148764025000255
solubility_scaled,25170,239.99861111111113,CO2_flow_L_min,0.3097006678581238,0.003936965097782429,0.001861558005530955,2.1148764025000255
solubility_scaled,25170,241.99944444444446,CO2_flow_L_min,0.31147246062755585,0.0025885824186248955,0.0012239875652141634,2.1148764025000255
solubility_scaled,25170,243.9997222222222,CO2_flow_L_min,0.3079918324947357,0.0017437619464493632,0.0008245219173981219,2.1148764025000255
solubility_scaled,25170,246.00111111111113,CO2_flow_L_min,0.2541520893573761,0.0011888016460053434,0.000562114005622288,2.1148764025000255
solubility_scaled,25170,248.00138888888887,CO2_flow_L_min,0.29114674031734467,0.00040247662191512435,0.00019030739642248172,2.1148764025000255
solubility_scaled,25170,250.00166666666667,CO2_flow_L_min,0.3009909838438034,0.00013244436735709216,6.26251100066783e-05,2.1148764025000255
solubility_scaled,25170,252.0022222222222,CO2_flow_L_min,0.18855221569538116,4.25870067366904e-05,2.0136877354320893e-05,2.1148764025000255
solubility_scaled,25170,254.00333333333333,CO2_flow_L_min,0.31672607362270355,8.85962076371345e-05,4.1891907977413554e-05,2.1148764025000255
solubility_scaled,25170,256.0038888888889,CO2_flow_L_min,0.2440953105688095,0.00018102671816869006,8.559683107471236e-05,2.1148764025000255
solubility_scaled,25170,258.00416666666666,CO2_flow_L_min,0.2801497280597687,0.0003608288384813504,0.00017061462223267964,2.1148764025000255
solubility_scaled,25170,260.00444444444446,CO2_flow_L_min,0.26816558837890625,0.0005597112658034355,0.0002646543623739869,2.1148764025000255
solubility_scaled,25170,262.0052777777778,CO2_flow_L_min,0.24895182251930237,0.0008453934011145231,0.00039973655203451677,2.1148764025000255
solubility_scaled,25170,264.0058333333333,CO2_flow_L_min,0.30818894505500793,0.0012315596105326612,0.000582331718807216,2.1148764025000255
solubility_scaled,25170,266.00666666666666,CO2_flow_L_min,0.19077855348587036,0.0008271644331595344,0.00039111715095110596,2.1148764025000255
solubility_scaled,25170,268.00666666666666,CO2_flow_L_min,0.27154241502285004,0.0005599593152639743,0.00026477165029693383,2.1148764025000255
solubility_scaled,25170,270.00694444444446,CO2_flow_L_min,0.1460215523838997,0.0003815872504811962,0.00018043004784114877,2.1148764025000255
solubility_scaled,25170,272.0077777777778,CO2_flow_L_min,0.24887815862894058,0.0005048813069064342,0.00023872851685782052,2.1148764025000255
solubility_scaled,25170,274.0,CO2_flow_L_min,0.2517445385456085,0.0006608177850335413,0.00031246165698022786,2.1148764025000255
solubility_scaled,25170,275.99194444444447,CO2_flow_L_min,0.21002890169620514,0.00084950216781618,0.00040167934486004547,2.1148764025000255
solubility_scaled,25170,277.9925,CO2_flow_L_min,0.22749736160039902,0.0012302271203039681,0.0005817016629670174,2.1148764025000255
solubility_scaled,25170,279.99277777777775,CO2_flow_L_min,0.14897896349430084,0.001716336935810698,0.0008115542514833451,2.1148764025000255
solubility_scaled,25170,281.99333333333334,CO2_flow_L_min,0.18359868973493576,0.0022931888237280452,0.0010843134005454097,2.1148764025000255
solubility_scaled,25170,283.9941666666667,CO2_flow_L_min,0.2330804392695427,0.0020458226582440752,0.0009673485674272403,2.1148764025000255
solubility_scaled,25170,285.9945833333333,CO2_flow_L_min,0.2391098439693451,0.0018422578295240266,0.0008710947965310254,2.1148764025000255
solubility_scaled,25170,287.9952777777778,CO2_flow_L_min,0.1702709123492241,0.0016737972875864988,0.0007914397671693151,2.1148764025000255
solubility_scaled,25170,289.9961111111111,CO2_flow_L_min,0.237287238240242,0.0009632676859262978,0.00045547233152140967,2.1148764025000255
solubility_scaled,25170,291.99694444444447,CO2_flow_L_min,0.15782906115055084,0.0005596485339011451,0.00026462470016667483,2.1148764025000255
solubility_scaled,25170,293.9975,CO2_flow_L_min,0.2147100493311882,0.0003267380721166646,0.0001544951145752172,2.1148764025000255
solubility_scaled,25170,295.99805555555554,CO2_flow_L_min,0.10364668443799019,0.00017720593116357487,8.379020681969746e-05,2.1148764025000255
solubility_scaled,25170,297.99888888888887,CO2_flow_L_min,0.21209334582090378,9.584608312963453e-05,4.5319945419190225e-05,2.1148764025000255
solubility_scaled,25170,299.99944444444446,CO2_flow_L_min,0.2150188684463501,5.164313536730711e-05,2.4418985102987118e-05,2.1148764025000255
solubility_scaled,25170,301.99944444444446,CO2_flow_L_min,0.18467075377702713,7.578026065080691e-05,3.583200444301425e-05,2.1148764025000255
solubility_scaled,25170,303.9997222222222,CO2_flow_L_min,0.16795704513788223,0.0001107077760328746,5.23471612345787e-05,2.1148764025000255
solubility_scaled,25170,306.00083333333333,CO2_flow_L_min,0.17765527963638306,0.0001606262110419903,7.59506375181603e-05,2.1148764025000255
solubility_scaled,25170,308.00166666666667,CO2_flow_L_min,0.14285282045602798,0.00015924707562589877,7.529852592692913e-05,2.1148764025000255
solubility_scaled,25170,310.0025,CO2_flow_L_min,0.12291436269879341,0.0001578703746887259,7.464756545683005e-05,2.1148764025000255
solubility_scaled,25170,312.0025,CO2_flow_L_min,0.19325070828199387,0.000156469072200076,7.398497236770513e-05,2.1148764025000255
solubility_scaled,25170,314.00333333333333,CO2_flow_L_min,0.18606183677911758,0.00013338204981471323,6.306848459656574e-05,2.1148764025000255
solubility_scaled,25170,316.0036111111111,CO2_flow_L_min,0.11333898454904556,0.00011378348066796163,5.3801480092858645e-05,2.1148764025000255
solubility_scaled,25170,318.0038888888889,CO2_flow_L_min,0.12730340659618378,9.717329399566723e-05,4.5947504960950575e-05,2.1148764025000255
solubility_scaled,25170,320.00458333333336,CO2_flow_L_min,0.15322154760360718,0.00011253488319596693,5.3211092176799474e-05,2.1148764025000255
solubility_scaled,25170,322.005,CO2_flow_L_min,0.15288059413433075,0.00013011504443134636,6.15237109258657e-05,2.1148764025000255
solubility_scaled,25170,324.0052777777778,CO2_flow_L_min,0.09755769744515419,0.00015041735566619674,7.112347345139708e-05,2.1148764025000255
solubility_scaled,25170,326.0055555555556,CO2_flow_L_min,0.0,0.0003138707462524641,0.0001484109170074587,2.1148764025000255
solubility_scaled,25170,328.00638888888886,CO2_flow_L_min,0.11417782679200172,0.0006334301057579409,0.0002995116428596745,2.1148764025000255
solubility_scaled,25170,330.00666666666666,CO2_flow_L_min,0.08088314905762672,0.0012076991844336817,0.0005710495341505742,2.1148764025000255
solubility_scaled,25170,332.00722222222225,CO2_flow_L_min,0.058217285200953484,0.0009867103772997657,0.0004665569941266361,2.1148764025000255
solubility_scaled,25170,334.0075,CO2_flow_L_min,0.11389579251408577,0.0008133422490229224,0.00038458145736623613,2.1148764025000255
solubility_scaled,25170,335.9997222222222,CO2_flow_L_min,0.14201034605503082,0.0006790430157840597,0.00032107929096062223,2.1148764025000255
solubility_scaled,25170,337.9922222222222,CO2_flow_L_min,0.08606862649321556,0.0003692494701388791,0.00017459624103913782,2.1148764025000255
solubility_scaled,25170,339.9926388888889,CO2_flow_L_min,0.10622508823871613,0.00020049127116573176,9.48004672654762e-05,2.1148764025000255
solubility_scaled,25170,341.99333333333334,CO2_flow_L_min,0.11300522834062576,0.00010864826345779193,5.1373339514950975e-05,2.1148764025000255
solubility_scaled,25170,343.99361111111114,CO2_flow_L_min,0.10256433114409447,7.375937108589118e-05,3.487644526115057e-05,2.1148764025000255
solubility_scaled,25170,345.9941666666667,CO2_flow_L_min,0.0,5.006357155416781e-05,2.367210277394317e-05,2.1148764025000255
solubility_scaled,25170,347.9941666666667,CO2_flow_L_min,0.0,3.394005370552996e-05,1.6048244552451833e-05,2.1148764025000255
solubility_scaled,25170,349.99555555555554,CO2_flow_L_min,0.08526002615690231,0.00010650176149078989,5.03583856554892e-05,2.1148764025000255
solubility_scaled,25170,351.99666666666667,CO2_flow_L_min,0.0,0.0003239666282837558,0.00015318466265961937,2.1148764025000255
solubility_scaled,25170,353.99694444444447,CO2_flow_L_min,0.0,0.0009227873839550293,0.0004363315902830961,2.1148764025000255
solubility_scaled,25170,355.99777777777774,CO2_flow_L_min,0.0,0.0006195323192389688,0.00029294020137848756,2.1148764025000255
solubility_scaled,25170,357.99833333333333,CO2_flow_L_min,0.020015770569443703,0.0004181310558770425,0.00019770945261045222,2.1148764025000255
solubility_scaled,25170,359.99861111111113,CO2_flow_L_min,0.0,0.00028345769713222335,0.00013403038437477668,2.1148764025000255
solubility_scaled,25170,361.99916666666667,CO2_flow_L_min,0.06933164969086647,0.0003223543180024221,0.00015242229646203554,2.1148764025000255
solubility_scaled,25170,363.99944444444446,CO2_flow_L_min,0.048734547570347786,0.0003655515028816652,0.00017284769098068405,2.1148764025000255
solubility_scaled,25170,366.0002777777778,CO2_flow_L_min,0.07116474211215973,0.00041178314359397475,0.0001947079002381416,2.1148764025000255
solubility_scaled,25170,368.00083333333333,CO2_flow_L_min,0.05656919442117214,0.0002414760354704718,0.00011417973891288377,2.1148764025000255
solubility_scaled,25170,370.00138888888887,CO2_flow_L_min,0.06970534846186638,0.00014155091542266765,6.693105812488063e-05,2.1148764025000255
solubility_scaled,25170,372.00138888888887,CO2_flow_L_min,0.0,8.286389814710448e-05,3.918143776589019e-05,2.1148764025000255
solubility_scaled,25170,374.00194444444446,CO2_flow_L_min,0.04881179705262184,8.243853694296164e-05,3.8980309603677015e-05,2.1148764025000255
solubility_scaled,25170,376.0025,CO2_flow_L_min,0.048261480405926704,8.201721714346876e-05,3.8781092382758175e-05,2.1148764025000255
solubility_scaled,25170,378.0025,CO2_flow_L_min,0.0,8.15999093505741e-05,3.8583772202533294e-05,2.1148764025000255
solubility_scaled,25170,379.8611111111111,CO2_flow_L_min,0.0,8.121516052060266e-05,3.8401847230692565e-05,2.1148764025000255
solubility_scaled,25171,0.5075000000000003,CO2_flow_L_min,0.8966177105903625,8.063913276436762e-19,2.244997999246627e-19,3.591946754136457
solubility_scaled,25171,2.0,CO2_flow_L_min,1.0077099800109863,1.0245082221673507e-06,2.8522366624380924e-07,3.591946754136457
solubility_scaled,25171,3.99305555555555,CO2_flow_L_min,1.087964653968811,0.41465828050745646,0.11544109890547218,3.591946754136457
solubility_scaled,25171,5.994444444444447,CO2_flow_L_min,1.2940880060195923,0.7612619011053655,0.21193574215116145,3.591946754136457
solubility_scaled,25171,7.994722222222222,CO2_flow_L_min,1.4111799001693726,0.9949117752105306,0.2769839987368405,3.591946754136457
solubility_scaled,25171,9.995555555555562,CO2_flow_L_min,1.4755344986915588,1.1562571344358807,0.32190263764471017,3.591946754136457
solubility_scaled,25171,11.996388888888895,CO2_flow_L_min,1.4894561767578125,1.2742286644351974,0.35474597805989355,3.591946754136457
solubility_scaled,25171,13.996388888888895,CO2_flow_L_min,1.5801073908805847,1.3855049343799424,0.38572535430387606,3.591946754136457
solubility_scaled,25171,15.996944444444452,CO2_flow_L_min,1.6058717966079712,1.4851465209042365,0.41346562812880056,3.591946754136457
solubility_scaled,25171,17.99722222222222,CO2_flow_L_min,1.7284287214279175,1.5672593558421464,0.4363258876366425,3.591946754136457
solubility_scaled,25171,19.997777777777785,CO2_flow_L_min,1.685668408870697,1.5985691582410309,0.4450425542639605,3.591946754136457
solubility_scaled,25171,21.998333333333335,CO2_flow_L_min,1.7897506356239319,1.6004067186616489,0.44555413212031425,3.591946754136457
solubility_scaled,25171,23.999166666666667,CO2_flow_L_min,1.6657332181930542,1.5847618309781282,0.4411985865751293,3.591946754136457
solubility_scaled,25171,26.0,CO2_flow_L_min,1.7469052076339722,1.545771223789065,0.43034357956697644,3.591946754136457
solubility_scaled,25171,28.00055555555555,CO2_flow_L_min,1.645696759223938,1.4926139573983426,0.41554456665580036,3.591946754136457
solubility_scaled,25171,30.001666666666665,CO2_flow_L_min,1.6147007942199707,1.4380177324707233,0.40034494687726474,3.591946754136457
solubility_scaled,25171,32.0025,CO2_flow_L_min,1.4993385076522827,1.3945591242335076,0.3882460458601021,3.591946754136457
solubility_scaled,25171,34.00305555555555,CO2_flow_L_min,1.485105574131012,1.3545542474723198,0.3771086656316456,3.591946754136457
solubility_scaled,25171,36.003888888888895,CO2_flow_L_min,1.4768308997154236,1.317112194002383,0.3666847768513292,3.591946754136457
solubility_scaled,25171,38.004444444444445,CO2_flow_L_min,1.2267774939537048,1.2816678630980667,0.3568170551587682,3.591946754136457
solubility_scaled,25171,40.004999999999995,CO2_flow_L_min,1.2437371611595154,1.2478488681691777,0.3474018279174559,3.591946754136457
solubility_scaled,25171,42.00527777777778,CO2_flow_L_min,1.2025887966156006,1.2153856783617094,0.33836405758578714,3.591946754136457
solubility_scaled,25171,44.00555555555556,CO2_flow_L_min,0.7370048761367798,1.1760908667435777,0.32742435989319746,3.591946754136457
solubility_scaled,25171,46.00638888888889,CO2_flow_L_min,0.864924430847168,1.1360539957608518,0.3162780724554397,3.591946754136457
solubility_scaled,25171,48.007222222222225,CO2_flow_L_min,0.9298628568649292,1.0961764609622322,0.30517614430110473,3.591946754136457
solubility_scaled,25171,50.007222222222225,CO2_flow_L_min,0.9515603482723236,1.0733744551262556,0.29882805303006404,3.591946754136457
solubility_scaled,25171,52.00805555555556,CO2_flow_L_min,1.0021700263023376,1.0543659025024419,0.2935360612704636,3.591946754136457
solubility_scaled,25171,54.00027777777777,CO2_flow_L_min,0.8588043451309204,1.0376232397914928,0.28887489453917276,3.591946754136457
solubility_scaled,25171,55.99194444444444,CO2_flow_L_min,0.9227873086929321,1.0117446538938162,0.28167028164565616,3.591946754136457
solubility_scaled,25171,57.992222222222225,CO2_flow_L_min,0.946250319480896,0.982747099570857,0.2735973461853613,3.591946754136457
solubility_scaled,25171,59.992777777777775,CO2_flow_L_min,0.8144015371799469,0.9533927297135121,0.265425073079269,3.591946754136457
solubility_scaled,25171,61.99333333333334,CO2_flow_L_min,0.870048463344574,0.9287197565745144,0.2585561034569926,3.591946754136457
solubility_scaled,25171,63.99333333333334,CO2_flow_L_min,0.8795121312141418,0.9050145830581909,0.2519565697949123,3.591946754136457
solubility_scaled,25171,65.99361111111111,CO2_flow_L_min,0.8749131262302399,0.8820934579894962,0.24557531566237292,3.591946754136457
solubility_scaled,25171,67.99416666666667,CO2_flow_L_min,0.7442700564861298,0.8552239492363898,0.23809482928763373,3.591946754136457
solubility_scaled,25171,69.99472222222222,CO2_flow_L_min,0.5520975887775421,0.828524759129267,0.23066175971989133,3.591946754136457
solubility_scaled,25171,71.99527777777777,CO2_flow_L_min,0.6200417876243591,0.802199830704693,0.22333288481542388,3.591946754136457
solubility_scaled,25171,73.99555555555555,CO2_flow_L_min,0.6285392045974731,0.7996924509039515,0.2226348288662776,3.591946754136457
solubility_scaled,25171,75.9961111111111,CO2_flow_L_min,0.6049787700176239,0.7983687687400123,0.22226631500609445,3.591946754136457
solubility_scaled,25171,77.99638888888889,CO2_flow_L_min,0.599564254283905,0.797350475671645,0.22198282164217012,3.591946754136457
solubility_scaled,25171,79.99666666666667,CO2_flow_L_min,0.6129176914691925,0.7782805957545244,0.21667375632956215,3.591946754136457
solubility_scaled,25171,81.99694444444445,CO2_flow_L_min,0.5946856141090393,0.7585990824046962,0.2111944119247034,3.591946754136457
solubility_scaled,25171,83.99777777777778,CO2_flow_L_min,0.563105046749115,0.7385950133953987,0.2056252678425254,3.591946754136457
solubility_scaled,25171,85.99833333333333,CO2_flow_L_min,0.5567769110202789,0.7139829346331917,0.1987732512490545,3.591946754136457
solubility_scaled,25171,87.99888888888889,CO2_flow_L_min,0.5214395523071289,0.6895341990962043,0.1919667095015098,3.591946754136457
solubility_scaled,25171,89.99944444444445,CO2_flow_L_min,0.4976239949464798,0.6653988517785487,0.18524741521078528,3.591946754136457
solubility_scaled,25171,91.99972222222222,CO2_flow_L_min,0.5244962275028229,0.6509421284959915,0.18122265530422238,3.591946754136457
solubility_scaled,25171,94.00027777777778,CO2_flow_L_min,0.508849710226059,0.6348208077552306,0.17673447052748656,3.591946754136457
solubility_scaled,25171,96.00166666666667,CO2_flow_L_min,0.49044395983219147,0.620080739387149,0.1726308271894813,3.591946754136457
solubility_scaled,25171,98.0025,CO2_flow_L_min,0.46785973012447357,0.6052168859932171,0.16849272203054075,3.591946754136457
solubility_scaled,25171,100.00333333333333,CO2_flow_L_min,0.4553823918104172,0.5902176851176129,0.16431693605644987,3.591946754136457
solubility_scaled,25171,102.00444444444445,CO2_flow_L_min,0.4589790999889374,0.5750240325085804,0.1600870146102214,3.591946754136457
solubility_scaled,25171,104.00527777777778,CO2_flow_L_min,0.43708813190460205,0.5594452685457029,0.1557498779461166,3.591946754136457
solubility_scaled,25171,106.00583333333333,CO2_flow_L_min,0.44966933131217957,0.54355938238605,0.1513272382894015,3.591946754136457
solubility_scaled,25171,108.00638888888889,CO2_flow_L_min,0.42858435213565826,0.5274321719797447,0.14683741382645998,3.591946754136457
solubility_scaled,25171,110.00694444444444,CO2_flow_L_min,0.40800541639328003,0.5110964628787765,0.14228954320945933,3.591946754136457
solubility_scaled,25171,112.00750000000001,CO2_flow_L_min,0.36780761182308197,0.49456129807980265,0.13768614401376353,3.591946754136457
solubility_scaled,25171,113.99944444444444,CO2_flow_L_min,0.40204471349716187,0.4796664574928059,0.133539412002816,3.591946754136457
solubility_scaled,25171,115.99194444444444,CO2_flow_L_min,0.4123866707086563,0.47598591685977537,0.13251474741701944,3.591946754136457
solubility_scaled,25171,117.99305555555556,CO2_flow_L_min,0.4027434438467026,0.46889517043746726,0.13054067961822968,3.591946754136457
solubility_scaled,25171,119.99388888888889,CO2_flow_L_min,0.37688834965229034,0.4589874731111013,0.12778237110072274,3.591946754136457
solubility_scaled,25171,121.99402777777777,CO2_flow_L_min,0.35268230736255646,0.4339578995973725,0.12081412373321795,3.591946754136457
solubility_scaled,25171,123.99444444444444,CO2_flow_L_min,0.33847102522850037,0.4098292502807572,0.11409669416975658,3.591946754136457
solubility_scaled,25171,125.99527777777777,CO2_flow_L_min,0.29679641127586365,0.3854968096751697,0.10732252899663244,3.591946754136457
solubility_scaled,25171,127.9961111111111,CO2_flow_L_min,0.28761163353919983,0.3475062898622469,0.09674594687743115,3.591946754136457
solubility_scaled,25171,129.9961111111111,CO2_flow_L_min,0.3137179762125015,0.3115868496382297,0.08674595448259605,3.591946754136457
solubility_scaled,25171,131.9961111111111,CO2_flow_L_min,0.31062687933444977,0.2762478134173722,0.07690754688923143,3.591946754136457
solubility_scaled,25171,133.99694444444447,CO2_flow_L_min,0.25456178188323975,0.24950992647562917,0.06946370410092954,3.591946754136457
solubility_scaled,25171,135.9975,CO2_flow_L_min,0.22689730674028397,0.22015590591108433,0.06129152823814957,3.591946754136457
solubility_scaled,25171,137.99833333333333,CO2_flow_L_min,0.2280840054154396,0.1908185796205077,0.05312400007064764,3.591946754136457
solubility_scaled,25171,139.99861111111113,CO2_flow_L_min,0.26110588014125824,0.1725784427074482,0.04804593567783494,3.591946754136457
solubility_scaled,25171,141.99944444444446,CO2_flow_L_min,0.29015325009822845,0.15476254307301482,0.04308597918240061,3.591946754136457
solubility_scaled,25171,144.00083333333333,CO2_flow_L_min,0.254693403840065,0.13634289376245542,0.03795793843698937,3.591946754136457
solubility_scaled,25171,146.00138888888887,CO2_flow_L_min,0.2017449289560318,0.11877012543335308,0.0330656698339357,3.591946754136457
solubility_scaled,25171,148.00166666666667,CO2_flow_L_min,0.20070771872997284,0.10462777146708965,0.029128430522139884,3.591946754136457
solubility_scaled,25171,150.00194444444446,CO2_flow_L_min,0.19978489726781845,0.0929392576566737,0.025874341692188392,3.591946754136457
solubility_scaled,25171,152.00222222222223,CO2_flow_L_min,0.17563484609127045,0.08539163587800036,0.023773079536789914,3.591946754136457
solubility_scaled,25171,154.0025,CO2_flow_L_min,0.1340184435248375,0.07818977543144437,0.021768077531049604,3.591946754136457
solubility_scaled,25171,156.0027777777778,CO2_flow_L_min,0.07704564556479454,0.07141376330925209,0.01988163193872865,3.591946754136457
solubility_scaled,25171,158.00305555555556,CO2_flow_L_min,0.0969294123351574,0.06354496613053665,0.017690954371013094,3.591946754136457
solubility_scaled,25171,160.00333333333333,CO2_flow_L_min,0.047401063144207,0.05679133181555965,0.01581073877282819,3.591946754136457
solubility_scaled,25171,162.0038888888889,CO2_flow_L_min,0.0,0.050893858656468345,0.014168878922790097,3.591946754136457
solubility_scaled,25171,164.00416666666666,CO2_flow_L_min,0.09385086223483086,0.04568594719036144,0.012718993436567474,3.591946754136457
solubility_scaled,25171,166.00472222222223,CO2_flow_L_min,0.17001202702522278,0.041056682101172304,0.011430203427679366,3.591946754136457
solubility_scaled,25171,168.0052777777778,CO2_flow_L_min,0.12270576879382133,0.03693262180513193,0.010282062717828604,3.591946754136457
solubility_scaled,25171,170.00611111111112,CO2_flow_L_min,0.09362838417291641,0.034711019193037866,0.009663567299004345,3.591946754136457
solubility_scaled,25171,172.00611111111112,CO2_flow_L_min,0.06864945963025093,0.0322833655640321,0.008987707160985845,3.591946754136457
solubility_scaled,25171,174.00694444444446,CO2_flow_L_min,0.0,0.02982938331322301,0.008304517119824155,3.591946754136457
solubility_scaled,25171,176.0077777777778,CO2_flow_L_min,0.0,0.02339313850516123,0.0065126629391768906,3.591946754136457
solubility_scaled,25171,177.9997222222222,CO2_flow_L_min,0.0832299292087555,0.01904591046941321,0.0053023922048621944,3.591946754136457
solubility_scaled,25171,179.9922222222222,CO2_flow_L_min,0.0,0.015587337710184057,0.004339523600185277,3.591946754136457
solubility_scaled,25171,181.99305555555554,CO2_flow_L_min,0.0,0.009348746870499613,0.002602696395689516,3.591946754136457
solubility_scaled,25171,183.99333333333334,CO2_flow_L_min,0.0,0.005639040580602946,0.0015699120745899342,3.591946754136457
solubility_scaled,25171,185.99444444444444,CO2_flow_L_min,0.0,0.003379945402183673,0.0009409787041779936,3.591946754136457
solubility_scaled,25171,187.9947222222222,CO2_flow_L_min,0.0,0.005440341482183232,0.0015145941336458229,3.591946754136457
solubility_scaled,25171,189.99555555555554,CO2_flow_L_min,0.0,0.007706481689443523,0.0021454888440561658,3.591946754136457
solubility_scaled,25171,191.9961111111111,CO2_flow_L_min,0.0,0.009769079472654566,0.0027197172289384784,3.591946754136457
solubility_scaled,25171,193.99638888888887,CO2_flow_L_min,0.0,0.008026720998711987,0.002234643648174484,3.591946754136457
solubility_scaled,25171,195.99666666666667,CO2_flow_L_min,0.0,0.006682491947334402,0.0018604095229526713,3.591946754136457
solubility_scaled,25171,197.99680555555557,CO2_flow_L_min,0.0,0.00561870704014954,0.0015642512054720972,3.591946754136457
solubility_scaled,25171,199.9972222222222,CO2_flow_L_min,0.0,0.00446877365540006,0.001244109103302786,3.591946754136457
solubility_scaled,25171,201.99777777777777,CO2_flow_L_min,0.0,0.0035844167204497793,0.000997903634379322,3.591946754136457
solubility_scaled,25171,203.99833333333333,CO2_flow_L_min,0.0,0.0028906030777404467,0.0008047455253649435,3.591946754136457
solubility_scaled,25171,205.99861111111113,CO2_flow_L_min,0.0,0.004029272546001163,0.001121751746837863,3.591946754136457
solubility_scaled,25171,207.99916666666667,CO2_flow_L_min,0.0,0.0052735246270470435,0.0014681522271938177,3.591946754136457
solubility_scaled,25171,210.0,CO2_flow_L_min,0.0,0.006503937251848972,0.0018106997951345158,3.591946754136457
solubility_scaled,25171,212.0002777777778,CO2_flow_L_min,0.0,0.006332837216819433,0.0017630654489871234,3.591946754136457
solubility_scaled,25171,214.00111111111113,CO2_flow_L_min,0.0,0.006239810591438925,0.001737166784071398,3.591946754136457
solubility_scaled,25171,216.00166666666667,CO2_flow_L_min,0.0,0.006126002306088189,0.0017054824933118884,3.591946754136457
solubility_scaled,25171,217.8938888888889,CO2_flow_L_min,0.0,0.0036074193035433647,0.0010043075664718831,3.591946754136457
solubility_o2_literature,25170,0.49777777777777776,CO2_flow_L_min,0.0,5.485794954852427e-24,2.3938506461031516e-24,2.2916195560414434
solubility_o2_literature,25170,1.9983333333333335,CO2_flow_L_min,0.0,5.019552158839827e-24,2.190395061696292e-24,2.2916195560414434
solubility_o2_literature,25170,3.998611111111111,CO2_flow_L_min,0.0,4.546100350468532e-24,1.9837936617723283e-24,2.2916195560414434
solubility_o2_literature,25170,5.999166666666667,CO2_flow_L_min,0.0,4.385731727133667e-24,1.913813187521233e-24,2.2916195560414434
solubility_o2_literature,25170,7.999722222222223,CO2_flow_L_min,0.0,7.308478879876594e-23,3.189219982264989e-23,2.2916195560414434
solubility_o2_literature,25170,10.0,CO2_flow_L_min,0.0,3.4254222736332834e-21,1.4947604477378336e-21,2.2916195560414434
solubility_o2_literature,25170,12.000555555555556,CO2_flow_L_min,0.0,2.9490672652436765e-17,1.2868921708531375e-17,2.2916195560414434
solubility_o2_literature,25170,14.000833333333333,CO2_flow_L_min,0.0,2.489078939909832e-06,1.0861658661219845e-06,2.2916195560414434
solubility_o2_literature,25170,16.00138888888889,CO2_flow_L_min,0.0,0.13810992246754328,0.06026738692443136,2.2916195560414434
solubility_o2_literature,25170,18.001666666666665,CO2_flow_L_min,0.0,0.2780978649143393,0.12135429032327125,2.2916195560414434
solubility_o2_literature,25170,20.001666666666665,CO2_flow_L_min,0.0,0.37615729435216755,0.1641447391913271,2.2916195560414434
solubility_o2_literature,25170,22.001944444444444,CO2_flow_L_min,0.0,0.4496958262536578,0.19623494007463652,2.2916195560414434
solubility_o2_literature,25170,24.0025,CO2_flow_L_min,0.0,0.5059378908922026,0.22077743644593548,2.2916195560414434
solubility_o2_literature,25170,26.00277777777778,CO2_flow_L_min,0.0,0.5538239570590753,0.24167360397977836,2.2916195560414434
solubility_o2_literature,25170,28.003055555555555,CO2_flow_L_min,0.0,0.593698829122771,0.2590739058573622,2.2916195560414434
solubility_o2_literature,25170,30.003333333333334,CO2_flow_L_min,0.0,0.627466409723256,0.27380915303722797,2.2916195560414434
solubility_o2_literature,25170,32.00388888888889,CO2_flow_L_min,0.02010594867169857,0.6514907173193523,0.28429270277512425,2.2916195560414434
solubility_o2_literature,25170,34.00416666666666,CO2_flow_L_min,0.06976939365267754,0.6678031587811757,0.29141100538291037,2.2916195560414434
solubility_o2_literature,25170,35.97138888888889,CO2_flow_L_min,0.09141644090414047,0.6771315372918613,0.29548165423301853,2.2916195560414434
solubility_o2_literature,25170,38.330555555555556,CO2_flow_L_min,0.0,0.6985723361508216,0.3048378315279956,2.2916195560414434
solubility_o2_literature,25170,40.005833333333335,CO2_flow_L_min,0.0,0.7171671209556341,0.31295208625050863,2.2916195560414434
solubility_o2_literature,25170,42.00611111111111,CO2_flow_L_min,0.0,0.741255595759635,0.32346363680020435,2.2916195560414434
solubility_o2_literature,25170,44.00694444444444,CO2_flow_L_min,0.0,0.7645090471716868,0.3336108060154208,2.2916195560414434
solubility_o2_literature,25170,46.007222222222225,CO2_flow_L_min,0.10981453210115433,0.7879646170039681,0.3438461741726025,2.2916195560414434
solubility_o2_literature,25170,48.0075,CO2_flow_L_min,0.19227386265993118,0.8106871923678826,0.35376168362268134,2.2916195560414434
solubility_o2_literature,25170,49.999722222222225,CO2_flow_L_min,0.26944872736930847,0.8264741866666089,0.3606506954820481,2.2916195560414434
solubility_o2_literature,25170,51.992222222222225,CO2_flow_L_min,0.3240592032670975,0.8386320494269849,0.36595605375075546,2.2916195560414434
solubility_o2_literature,25170,53.992777777777775,CO2_flow_L_min,0.37912435829639435,0.8413296293534266,0.36713320373593955,2.2916195560414434
solubility_o2_literature,25170,55.99319444444444,CO2_flow_L_min,0.4144144058227539,0.8353668139787472,0.36453119444562804,2.2916195560414434
solubility_o2_literature,25170,57.99361111111111,CO2_flow_L_min,0.44397418200969696,0.8238364630475423,0.3594996651497608,2.2916195560414434
solubility_o2_literature,25170,59.994166666666665,CO2_flow_L_min,0.507400631904602,0.8087272152746267,0.35290640330877027,2.2916195560414434
solubility_o2_literature,25170,61.99472222222222,CO2_flow_L_min,0.5540836751461029,0.8007339868403542,0.3494183773782882,2.2916195560414434
solubility_o2_literature,25170,63.99527777777778,CO2_flow_L_min,0.5873410999774933,0.794677441900761,0.346775467073379,2.2916195560414434
solubility_o2_literature,25170,65.99555555555557,CO2_flow_L_min,0.605966329574585,0.7899778376010462,0.3447246884930841,2.2916195560414434
solubility_o2_literature,25170,67.99583333333334,CO2_flow_L_min,0.6478050649166107,0.7789577714395312,0.3399158334924961,2.2916195560414434
solubility_o2_literature,25170,69.9961111111111,CO2_flow_L_min,0.6928205788135529,0.7661380183749247,0.33432164442616114,2.2916195560414434
solubility_o2_literature,25170,71.99666666666667,CO2_flow_L_min,0.7214046716690063,0.7521776585626718,0.32822972581975507,2.2916195560414434
solubility_o2_literature,25170,73.9975,CO2_flow_L_min,0.755364716053009,0.7375752835166298,0.3218576493520249,2.2916195560414434
solubility_o2_literature,25170,75.99833333333333,CO2_flow_L_min,0.7820552587509155,0.7226664502044367,0.31535184289174717,2.2916195560414434
solubility_o2_literature,25170,77.9988888888889,CO2_flow_L_min,0.8426351249217987,0.7076741298609175,0.3088096049779562,2.2916195560414434
solubility_o2_literature,25170,79.99916666666667,CO2_flow_L_min,0.8671332597732544,0.689511175369619,0.30088378917514763,2.2916195560414434
solubility_o2_literature,25170,81.99972222222223,CO2_flow_L_min,0.8808037042617798,0.6706291217684244,0.29264417821903776,2.2916195560414434
solubility_o2_literature,25170,84.0,CO2_flow_L_min,0.9216566383838654,0.6514213847719786,0.2842624479506745,2.2916195560414434
solubility_o2_literature,25170,86.0,CO2_flow_L_min,0.9671140015125275,0.6415959373979372,0.27997489186478824,2.2916195560414434
solubility_o2_literature,25170,88.00055555555556,CO2_flow_L_min,1.0167601704597473,0.632804301628885,0.2761384628441532,2.2916195560414434
solubility_o2_literature,25170,90.00097222222223,CO2_flow_L_min,1.0506026148796082,0.6268150416552675,0.27352491385526106,2.2916195560414434
solubility_o2_literature,25170,92.00222222222223,CO2_flow_L_min,1.0576554536819458,0.6170266094273654,0.26925351016519544,2.2916195560414434
solubility_o2_literature,25170,94.00222222222223,CO2_flow_L_min,1.0318894982337952,0.6068671482013409,0.2648201995839338,2.2916195560414434
solubility_o2_literature,25170,96.0038888888889,CO2_flow_L_min,1.0453163385391235,0.5964700385664303,0.26028318574692916,2.2916195560414434
solubility_o2_literature,25170,98.00444444444443,CO2_flow_L_min,1.0063957571983337,0.5859264740432206,0.2556822630085045,2.2916195560414434
solubility_o2_literature,25170,100.00583333333333,CO2_flow_L_min,1.0273829698562622,0.575292213296092,0.2510417629224002,2.2916195560414434
solubility_o2_literature,25170,102.00694444444446,CO2_flow_L_min,1.03029066324234,0.5645880580536783,0.246370762793171,2.2916195560414434
solubility_o2_literature,25170,104.00777777777779,CO2_flow_L_min,1.0509377121925354,0.5492542304531438,0.23967950046731523,2.2916195560414434
solubility_o2_literature,25170,106.00055555555555,CO2_flow_L_min,1.0386885404586792,0.5333354876533113,0.23273299717104792,2.2916195560414434
solubility_o2_literature,25170,107.99444444444444,CO2_flow_L_min,0.986695259809494,0.518406582572138,0.22621843194061256,2.2916195560414434
solubility_o2_literature,25170,109.99444444444444,CO2_flow_L_min,1.0487924218177795,0.5113705586964252,0.223148103858814,2.2916195560414434
solubility_o2_literature,25170,111.99555555555557,CO2_flow_L_min,1.0423717498779297,0.5051881914808884,0.22045028815932843,2.2916195560414434
solubility_o2_literature,25170,113.99694444444444,CO2_flow_L_min,1.037216603755951,0.499457133126983,0.21794941128437045,2.2916195560414434
solubility_o2_literature,25170,115.99777777777777,CO2_flow_L_min,1.0339342951774597,0.4862602659274487,0.21219065993982764,2.2916195560414434
solubility_o2_literature,25170,117.99833333333333,CO2_flow_L_min,0.9775261580944061,0.47261561158685234,0.20623650655314324,2.2916195560414434
solubility_o2_literature,25170,119.9988888888889,CO2_flow_L_min,0.949872225522995,0.4587122388030221,0.20016945552489707,2.2916195560414434
solubility_o2_literature,25170,122.00027777777777,CO2_flow_L_min,0.9661630988121033,0.4476352778514209,0.19533577319643255,2.2916195560414434
solubility_o2_literature,25170,124.0011111111111,CO2_flow_L_min,0.9199035465717316,0.4376945052654092,0.19099789234714212,2.2916195560414434
solubility_o2_literature,25170,126.00166666666667,CO2_flow_L_min,0.868619829416275,0.42761557736181066,0.18659972430174065,2.2916195560414434
solubility_o2_literature,25170,128.00194444444446,CO2_flow_L_min,0.8611688017845154,0.4156165985460514,0.18136369863416152,2.2916195560414434
solubility_o2_literature,25170,130.0022222222222,CO2_flow_L_min,0.8477236330509186,0.4035329253078274,0.17609071464065024,2.2916195560414434
solubility_o2_literature,25170,132.0025,CO2_flow_L_min,0.8022134602069855,0.3914216065836387,0.1708056669143558,2.2916195560414434
solubility_o2_literature,25170,134.0027777777778,CO2_flow_L_min,0.8443529903888702,0.3819827944361291,0.16668682785024244,2.2916195560414434
solubility_o2_literature,25170,136.00333333333333,CO2_flow_L_min,0.8295652866363525,0.37241856026742265,0.16251325805175995,2.2916195560414434
solubility_o2_literature,25170,138.00361111111113,CO2_flow_L_min,0.8142173290252686,0.36271097387224666,0.1582771332684888,2.2916195560414434
solubility_o2_literature,25170,140.00416666666666,CO2_flow_L_min,0.79200679063797,0.3524195996812684,0.15378625948280875,2.2916195560414434
solubility_o2_literature,25170,142.0052777777778,CO2_flow_L_min,0.7756664454936981,0.34201620132315846,0.14924650141926663,2.2916195560414434
solubility_o2_literature,25170,144.00555555555556,CO2_flow_L_min,0.7196485996246338,0.33149436443990193,0.14465506002773304,2.2916195560414434
solubility_o2_literature,25170,146.00583333333333,CO2_flow_L_min,0.73886638879776,0.31915354186028333,0.1392698631057203,2.2916195560414434
solubility_o2_literature,25170,148.00611111111112,CO2_flow_L_min,0.7094215154647827,0.3068995754946285,0.13392256785623202,2.2916195560414434
solubility_o2_literature,25170,150.00611111111112,CO2_flow_L_min,0.6570267081260681,0.29469230766152055,0.1285956505671359,2.2916195560414434
solubility_o2_literature,25170,152.00666666666666,CO2_flow_L_min,0.7023055553436279,0.27910320736661004,0.12179299423013064,2.2916195560414434
solubility_o2_literature,25170,154.00666666666666,CO2_flow_L_min,0.6335598230361938,0.2639848666997538,0.11519576449930578,2.2916195560414434
solubility_o2_literature,25170,156.00694444444446,CO2_flow_L_min,0.6580243706703186,0.24924776903294757,0.10876489877032625,2.2916195560414434
solubility_o2_literature,25170,158.00722222222223,CO2_flow_L_min,0.6091253161430359,0.24119650357364514,0.10525154707192731,2.2916195560414434
solubility_o2_literature,25170,160.00722222222223,CO2_flow_L_min,0.6478431820869446,0.23196843845097254,0.10122467223646674,2.2916195560414434
solubility_o2_literature,25170,162.00722222222223,CO2_flow_L_min,0.6133309304714203,0.22148395407488866,0.09664953045586733,2.2916195560414434
solubility_o2_literature,25170,164.0077777777778,CO2_flow_L_min,0.5906752347946167,0.2087187255564276,0.09107913440788117,2.2916195560414434
solubility_o2_literature,25170,166.00055555555556,CO2_flow_L_min,0.6082608699798584,0.1944144329348987,0.0848371329448468,2.2916195560414434
solubility_o2_literature,25170,167.99333333333334,CO2_flow_L_min,0.5536117553710938,0.18060590942446675,0.07881147154130873,2.2916195560414434
solubility_o2_literature,25170,169.99388888888888,CO2_flow_L_min,0.5794588029384613,0.15926161258381405,0.06949740508364463,2.2916195560414434
solubility_o2_literature,25170,171.99555555555554,CO2_flow_L_min,0.5429856479167938,0.13795485962100199,0.06019972174583202,2.2916195560414434
solubility_o2_literature,25170,173.99638888888887,CO2_flow_L_min,0.5531306266784668,0.11766117846775637,0.05134411519467261,2.2916195560414434
solubility_o2_literature,25170,175.9972222222222,CO2_flow_L_min,0.503053218126297,0.09939147250501094,0.04337171597396399,2.2916195560414434
solubility_o2_literature,25170,177.9975,CO2_flow_L_min,0.5171032249927521,0.0836950817791227,0.036522241031883174,2.2916195560414434
solubility_o2_literature,25170,179.9975,CO2_flow_L_min,0.5095526278018951,0.07058959667339502,0.03080336632985097,2.2916195560414434
solubility_o2_literature,25170,181.99805555555554,CO2_flow_L_min,0.48540203273296356,0.06192045256059831,0.027020389312596045,2.2916195560414434
solubility_o2_literature,25170,183.99861111111113,CO2_flow_L_min,0.507699579000473,0.05449832109016017,0.023781574453091543,2.2916195560414434
solubility_o2_literature,25170,185.99888888888887,CO2_flow_L_min,0.4587230831384659,0.048132885021683884,0.021003872520982018,2.2916195560414434
solubility_o2_literature,25170,187.99944444444446,CO2_flow_L_min,0.4637443870306015,0.04477403898273903,0.019538164118341684,2.2916195560414434
solubility_o2_literature,25170,189.9997222222222,CO2_flow_L_min,0.46611180901527405,0.041463687952175525,0.01809361760893686,2.2916195560414434
solubility_o2_literature,25170,192.0002777777778,CO2_flow_L_min,0.4360964149236679,0.037593305724589784,0.016404688826067042,2.2916195560414434
solubility_o2_literature,25170,194.00138888888887,CO2_flow_L_min,0.4581541270017624,0.034606113343223825,0.01510115989889815,2.2916195560414434
solubility_o2_literature,25170,196.0027777777778,CO2_flow_L_min,0.4118622839450836,0.03181759033308985,0.013884324843191569,2.2916195560414434
solubility_o2_literature,25170,198.00305555555553,CO2_flow_L_min,0.4316452443599701,0.029226495800903876,0.012753642167109924,2.2916195560414434
solubility_o2_literature,25170,200.0038888888889,CO2_flow_L_min,0.401793971657753,0.02177566007146711,0.009502301555273209,2.2916195560414434
solubility_o2_literature,25170,202.005,CO2_flow_L_min,0.40858079493045807,0.016193709812575275,0.00706649136846623,2.2916195560414434
solubility_o2_literature,25170,204.00555555555556,CO2_flow_L_min,0.37395724654197693,0.01202049762083162,0.005245415884648801,2.2916195560414434
solubility_o2_literature,25170,206.00583333333333,CO2_flow_L_min,0.3972831219434738,0.01269561276339857,0.0055400176394589,2.2916195560414434
solubility_o2_literature,25170,208.00666666666666,CO2_flow_L_min,0.37339621782302856,0.01286317180770118,0.005613135816453362,2.2916195560414434
solubility_o2_literature,25170,210.0077777777778,CO2_flow_L_min,0.3867792338132858,0.012694769610019136,0.005539649710420587,2.2916195560414434
solubility_o2_literature,25170,211.99972222222223,CO2_flow_L_min,0.3688569664955139,0.013267185676066938,0.005789436401470037,2.2916195560414434
solubility_o2_literature,25170,213.9922222222222,CO2_flow_L_min,0.37109674513339996,0.01329321996705162,0.0058007970528993055,2.2916195560414434
solubility_o2_literature,25170,215.9922222222222,CO2_flow_L_min,0.3616567403078079,0.013098351802799826,0.005715761924036812,2.2916195560414434
solubility_o2_literature,25170,217.99277777777777,CO2_flow_L_min,0.34436510503292084,0.010962986028603424,0.004783946794179462,2.2916195560414434
solubility_o2_literature,25170,219.99333333333334,CO2_flow_L_min,0.34849607944488525,0.009323525718281237,0.004068531224435328,2.2916195560414434
solubility_o2_literature,25170,221.99416666666667,CO2_flow_L_min,0.32139265537261963,0.008043080441221541,0.003509779980720362,2.2916195560414434
solubility_o2_literature,25170,223.99444444444444,CO2_flow_L_min,0.3353331834077835,0.004861076343496774,0.0021212405570031987,2.2916195560414434
solubility_o2_literature,25170,225.995,CO2_flow_L_min,0.3156689554452896,0.0029128789415938353,0.0012711005777178647,2.2916195560414434
solubility_o2_literature,25170,227.99555555555554,CO2_flow_L_min,0.31158891320228577,0.0017321981330763936,0.0007558838152300474,2.2916195560414434
solubility_o2_literature,25170,229.9961111111111,CO2_flow_L_min,0.33792784810066223,0.0026451165734644165,0.0011542564150716212,2.2916195560414434
solubility_o2_literature,25170,231.99694444444447,CO2_flow_L_min,0.36408500373363495,0.0036963994560254387,0.0016130074672650377,2.2916195560414434
solubility_o2_literature,25170,233.9972222222222,CO2_flow_L_min,0.3085409998893738,0.0047544463974164425,0.0020747101694442247,2.2916195560414434
solubility_o2_literature,25170,235.9975,CO2_flow_L_min,0.29279355704784393,0.004695620273282102,0.0020490400602940144,2.2916195560414434
solubility_o2_literature,25170,237.99805555555554,CO2_flow_L_min,0.3260100781917572,0.004611206465910543,0.002012204187101618,2.2916195560414434
solubility_o2_literature,25170,239.99861111111113,CO2_flow_L_min,0.3097006678581238,0.004511536840673359,0.001968711092894762,2.2916195560414434
solubility_o2_literature,25170,241.99944444444446,CO2_flow_L_min,0.31147246062755585,0.0029872027838382786,0.0013035334665228594,2.2916195560414434
solubility_o2_literature,25170,243.9997222222222,CO2_flow_L_min,0.3079918324947357,0.002002552827130767,0.0008738591978984452,2.2916195560414434
solubility_o2_literature,25170,246.00111111111113,CO2_flow_L_min,0.2541520893573761,0.0013488300903596693,0.0005885925029762122,2.2916195560414434
solubility_o2_literature,25170,248.00138888888887,CO2_flow_L_min,0.29114674031734467,0.00043284075886844094,0.00018887985037801497,2.2916195560414434
solubility_o2_literature,25170,250.00166666666667,CO2_flow_L_min,0.3009909838438034,0.00013260037337141454,5.7863170621771606e-05,2.2916195560414434
solubility_o2_literature,25170,252.0022222222222,CO2_flow_L_min,0.18855221569538116,3.942637478427183e-05,1.720458995051394e-05,2.2916195560414434
solubility_o2_literature,25170,254.00333333333333,CO2_flow_L_min,0.31672607362270355,8.607584253900543e-05,3.756113981139755e-05,2.2916195560414434
solubility_o2_literature,25170,256.0038888888889,CO2_flow_L_min,0.2440953105688095,0.0001842798488670937,8.041467807397305e-05,2.2916195560414434
solubility_o2_literature,25170,258.00416666666666,CO2_flow_L_min,0.2801497280597687,0.00038359339359704363,0.00016738964920497756,2.2916195560414434
solubility_o2_literature,25170,260.00444444444446,CO2_flow_L_min,0.26816558837890625,0.0006104812484518478,0.00026639729393232995,2.2916195560414434
solubility_o2_literature,25170,262.0052777777778,CO2_flow_L_min,0.24895182251930237,0.0009419015764283125,0.0004110200464754973,2.2916195560414434
solubility_o2_literature,25170,264.0058333333333,CO2_flow_L_min,0.30818894505500793,0.0013935551678438997,0.0006081093016378054,2.2916195560414434
solubility_o2_literature,25170,266.00666666666666,CO2_flow_L_min,0.19077855348587036,0.0009221686329724075,0.00040240913049518866,2.2916195560414434
solubility_o2_literature,25170,268.00666666666666,CO2_flow_L_min,0.27154241502285004,0.0006129069040834189,0.0002674557836040454,2.2916195560414434
solubility_o2_literature,25170,270.00694444444446,CO2_flow_L_min,0.1460215523838997,0.0004091361512529331,0.00017853580895411678,2.2916195560414434
solubility_o2_literature,25170,272.0077777777778,CO2_flow_L_min,0.24887815862894058,0.000550728637854249,0.00024032289146876576,2.2916195560414434
solubility_o2_literature,25170,274.0,CO2_flow_L_min,0.2517445385456085,0.0007319583048633507,0.00031940655373343893,2.2916195560414434
solubility_o2_literature,25170,275.99194444444447,CO2_flow_L_min,0.21002890169620514,0.0009533548756041775,0.0004160179524960103,2.2916195560414434
solubility_o2_literature,25170,277.9925,CO2_flow_L_min,0.22749736160039902,0.0014017761369253027,0.0006116967073482035,2.2916195560414434
solubility_o2_literature,25170,279.99277777777775,CO2_flow_L_min,0.14897896349430084,0.001973045330502061,0.0008609829346675286,2.2916195560414434
solubility_o2_literature,25170,281.99333333333334,CO2_flow_L_min,0.18359868973493576,0.0026439038401475596,0.0011537272114725073,2.2916195560414434
solubility_o2_literature,25170,283.9941666666667,CO2_flow_L_min,0.2330804392695427,0.002358136719112001,0.0010290262678616078,2.2916195560414434
solubility_o2_literature,25170,285.9945833333333,CO2_flow_L_min,0.2391098439693451,0.002121753838992999,0.0009258752542058633,2.2916195560414434
solubility_o2_literature,25170,287.9952777777778,CO2_flow_L_min,0.1702709123492241,0.001925504816555607,0.0008402375566569762,2.2916195560414434
solubility_o2_literature,25170,289.9961111111111,CO2_flow_L_min,0.237287238240242,0.001090636756600624,0.00047592400480496694,2.2916195560414434
solubility_o2_literature,25170,291.99694444444447,CO2_flow_L_min,0.15782906115055084,0.0006183637538557928,0.00026983700336540934,2.2916195560414434
solubility_o2_literature,25170,293.9975,CO2_flow_L_min,0.2147100493311882,0.0003505684619351976,0.0001529784736785767,2.2916195560414434
solubility_o2_literature,25170,295.99805555555554,CO2_flow_L_min,0.10364668443799019,0.00018317470872972313,7.993242519109069e-05,2.2916195560414434
solubility_o2_literature,25170,297.99888888888887,CO2_flow_L_min,0.21209334582090378,9.521987906613167e-05,4.155134686955413e-05,2.2916195560414434
solubility_o2_literature,25170,299.99944444444446,CO2_flow_L_min,0.2150188684463501,4.923593753944484e-05,2.148521442385283e-05,2.2916195560414434
solubility_o2_literature,25170,301.99944444444446,CO2_flow_L_min,0.18467075377702713,7.419161155812055e-05,3.2375186955674074e-05,2.2916195560414434
solubility_o2_literature,25170,303.9997222222222,CO2_flow_L_min,0.16795704513788223,0.00011126244583219547,4.855188355277909e-05,2.2916195560414434
solubility_o2_literature,25170,306.00083333333333,CO2_flow_L_min,0.17765527963638306,0.00016562766167066772,7.227537452018165e-05,2.2916195560414434
solubility_o2_literature,25170,308.00166666666667,CO2_flow_L_min,0.14285282045602798,0.000164288889035779,7.169117081526943e-05,2.2916195560414434
solubility_o2_literature,25170,310.0025,CO2_flow_L_min,0.12291436269879341,0.0001629498057393564,7.110683154617376e-05,2.2916195560414434
solubility_o2_literature,25170,312.0025,CO2_flow_L_min,0.19325070828199387,0.00016158054927901182,7.050932553487499e-05,2.2916195560414434
solubility_o2_literature,25170,314.00333333333333,CO2_flow_L_min,0.18606183677911758,0.00013644020352764354,5.9538767317613194e-05,2.2916195560414434
solubility_o2_literature,25170,316.0036111111111,CO2_flow_L_min,0.11333898454904556,0.0001152802518974548,5.030514406003349e-05,2.2916195560414434
solubility_o2_literature,25170,318.0038888888889,CO2_flow_L_min,0.12730340659618378,9.750335081047646e-05,4.254779138772244e-05,2.2916195560414434
solubility_o2_literature,25170,320.00458333333336,CO2_flow_L_min,0.15322154760360718,0.00011412624643055871,4.9801567685912506e-05,2.2916195560414434
solubility_o2_literature,25170,322.005,CO2_flow_L_min,0.15288059413433075,0.00013335451019490298,5.819225527349763e-05,2.2916195560414434
solubility_o2_literature,25170,324.0052777777778,CO2_flow_L_min,0.09755769744515419,0.00015579411143653934,6.798428256811483e-05,2.2916195560414434
solubility_o2_literature,25170,326.0055555555556,CO2_flow_L_min,0.0,0.00034099353054641235,0.00014880023590628042,2.2916195560414434
solubility_o2_literature,25170,328.00638888888886,CO2_flow_L_min,0.11417782679200172,0.0007164944947272139,0.00031265857058965343,2.2916195560414434
solubility_o2_literature,25170,330.00666666666666,CO2_flow_L_min,0.08088314905762672,0.0014032415868423076,0.0006123361895489646,2.2916195560414434
solubility_o2_literature,25170,332.00722222222225,CO2_flow_L_min,0.058217285200953484,0.0011385494767438685,0.000496831803403967,2.2916195560414434
solubility_o2_literature,25170,334.0075,CO2_flow_L_min,0.11389579251408577,0.0009314903878684152,0.0004064768889812919,2.2916195560414434
solubility_o2_literature,25170,335.9997222222222,CO2_flow_L_min,0.14201034605503082,0.0007717042906025133,0.0003367506131495752,2.2916195560414434
solubility_o2_literature,25170,337.9922222222222,CO2_flow_L_min,0.08606862649321556,0.0004064770897160261,0.00017737546733899274,2.2916195560414434
solubility_o2_literature,25170,339.9926388888889,CO2_flow_L_min,0.10622508823871613,0.000212808837657004,9.286394728827118e-05,2.2916195560414434
solubility_o2_literature,25170,341.99333333333334,CO2_flow_L_min,0.11300522834062576,0.00011090482836679785,4.8395829087082625e-05,2.2916195560414434
solubility_o2_literature,25170,343.99361111111114,CO2_flow_L_min,0.10256433114409447,7.341887446800103e-05,3.203798565710672e-05,2.2916195560414434
solubility_o2_literature,25170,345.9941666666667,CO2_flow_L_min,0.0,4.857140261133871e-05,2.1195229584809977e-05,2.2916195560414434
solubility_o2_literature,25170,347.9941666666667,CO2_flow_L_min,0.0,3.208267005513406e-05,1.3999998372571863e-05,2.2916195560414434
solubility_o2_literature,25170,349.99555555555554,CO2_flow_L_min,0.08526002615690231,0.00010883454212749443,4.749241288353109e-05,2.2916195560414434
solubility_o2_literature,25170,351.99666666666667,CO2_flow_L_min,0.0,0.00035582341227695337,0.00015527159005904311,2.2916195560414434
solubility_o2_literature,25170,353.99694444444447,CO2_flow_L_min,0.0,0.0010703986953447043,0.00046709266925340655,2.2916195560414434
solubility_o2_literature,25170,355.99777777777774,CO2_flow_L_min,0.0,0.0007060704961400706,0.00030810982315046255,2.2916195560414434
solubility_o2_literature,25170,357.99833333333333,CO2_flow_L_min,0.020015770569443703,0.0004669920593994375,0.00020378254242432904,2.2916195560414434
solubility_o2_literature,25170,359.99861111111113,CO2_flow_L_min,0.0,0.00030970805641368065,0.00013514811199668417,2.2916195560414434
solubility_o2_literature,25170,361.99916666666667,CO2_flow_L_min,0.06933164969086647,0.00035532546581651864,0.00015505429986393984,2.2916195560414434
solubility_o2_literature,25170,363.99944444444446,CO2_flow_L_min,0.048734547570347786,0.00040634940791970135,0.00017731975050065972,2.2916195560414434
solubility_o2_literature,25170,366.0002777777778,CO2_flow_L_min,0.07116474211215973,0.00046136358576657734,0.00020132643071153546,2.2916195560414434
solubility_o2_literature,25170,368.00083333333333,CO2_flow_L_min,0.05656919442117214,0.00026229638511611204,0.00011445895738872306,2.2916195560414434
solubility_o2_literature,25170,370.00138888888887,CO2_flow_L_min,0.06970534846186638,0.0001487192766691424,6.489701847633075e-05,2.2916195560414434
solubility_o2_literature,25170,372.00138888888887,CO2_flow_L_min,0.0,8.408436565951733e-05,3.66921138536473e-05,2.2916195560414434
solubility_o2_literature,25170,374.00194444444446,CO2_flow_L_min,0.04881179705262184,8.368088078035788e-05,3.651604410502968e-05,2.2916195560414434
solubility_o2_literature,25170,376.0025,CO2_flow_L_min,0.048261480405926704,8.328093954693509e-05,3.6341520706340564e-05,2.2916195560414434
solubility_o2_literature,25170,378.0025,CO2_flow_L_min,0.0,8.288452403294138e-05,3.616853583503039e-05,2.2916195560414434
solubility_o2_literature,25170,379.8611111111111,CO2_flow_L_min,0.0,8.251878919475597e-05,3.600893917020825e-05,2.2916195560414434
solubility_o2_literature,25171,0.5075000000000003,CO2_flow_L_min,0.8966177105903625,4.7483327895128256e-21,1.321080275005683e-21,3.594280286633149
solubility_o2_literature,25171,2.0,CO2_flow_L_min,1.0077099800109863,5.185890123676131e-09,1.4428173960061087e-09,3.594280286633149
solubility_o2_literature,25171,3.99305555555555,CO2_flow_L_min,1.087964653968811,0.27433099475320505,0.07632431888337168,3.594280286633149
solubility_o2_literature,25171,5.994444444444447,CO2_flow_L_min,1.2940880060195923,0.5810688110668523,0.1616648576984389,3.594280286633149
solubility_o2_literature,25171,7.994722222222222,CO2_flow_L_min,1.4111799001693726,0.8143111935485141,0.22655751043592082,3.594280286633149
solubility_o2_literature,25171,9.995555555555562,CO2_flow_L_min,1.4755344986915588,0.9925496170582901,0.27614697182896547,3.594280286633149
solubility_o2_literature,25171,11.996388888888895,CO2_flow_L_min,1.4894561767578125,1.1325616459083603,0.31510109273343806,3.594280286633149
solubility_o2_literature,25171,13.996388888888895,CO2_flow_L_min,1.5801073908805847,1.2613982395218375,0.3509459861026643,3.594280286633149
solubility_o2_literature,25171,15.996944444444452,CO2_flow_L_min,1.6058717966079712,1.3760158090367682,0.3828348652034914,3.594280286633149
solubility_o2_literature,25171,17.99722222222222,CO2_flow_L_min,1.7284287214279175,1.472838588248853,0.4097728810204997,3.594280286633149
solubility_o2_literature,25171,19.997777777777785,CO2_flow_L_min,1.685668408870697,1.5257773693419374,0.4245014989554893,3.594280286633149
solubility_o2_literature,25171,21.998333333333335,CO2_flow_L_min,1.7897506356239319,1.5496408538888164,0.4311407932352441,3.594280286633149
solubility_o2_literature,25171,23.999166666666667,CO2_flow_L_min,1.6657332181930542,1.5534284900639141,0.43219458867495525,3.594280286633149
solubility_o2_literature,25171,26.0,CO2_flow_L_min,1.7469052076339722,1.5330283116164765,0.42651885478093915,3.594280286633149
solubility_o2_literature,25171,28.00055555555555,CO2_flow_L_min,1.645696759223938,1.4962304083228637,0.4162809488973993,3.594280286633149
solubility_o2_literature,25171,30.001666666666665,CO2_flow_L_min,1.6147007942199707,1.4530144239525733,0.40425740567763224,3.594280286633149
solubility_o2_literature,25171,32.0025,CO2_flow_L_min,1.4993385076522827,1.4152934625304092,0.3937626867314094,3.594280286633149
solubility_o2_literature,25171,34.00305555555555,CO2_flow_L_min,1.485105574131012,1.3784406079043434,0.38350949229826553,3.594280286633149
solubility_o2_literature,25171,36.003888888888895,CO2_flow_L_min,1.4768308997154236,1.342567579317457,0.3735289048854543,3.594280286633149
solubility_o2_literature,25171,38.004444444444445,CO2_flow_L_min,1.2267774939537048,1.3077280814682222,0.36383586620430297,3.594280286633149
solubility_o2_literature,25171,40.004999999999995,CO2_flow_L_min,1.2437371611595154,1.2739333300867963,0.35443349669319224,3.594280286633149
solubility_o2_literature,25171,42.00527777777778,CO2_flow_L_min,1.2025887966156006,1.2411556217757038,0.34531408871797387,3.594280286633149
solubility_o2_literature,25171,44.00555555555556,CO2_flow_L_min,0.7370048761367798,1.2029204402931497,0.3346763035611658,3.594280286633149
solubility_o2_literature,25171,46.00638888888889,CO2_flow_L_min,0.864924430847168,1.1637737244119328,0.3237849114716839,3.594280286633149
solubility_o2_literature,25171,48.007222222222225,CO2_flow_L_min,0.9298628568649292,1.1244555708137502,0.31284582201213235,3.594280286633149
solubility_o2_literature,25171,50.007222222222225,CO2_flow_L_min,0.9515603482723236,1.0986812505868007,0.3056748953810618,3.594280286633149
solubility_o2_literature,25171,52.00805555555556,CO2_flow_L_min,1.0021700263023376,1.076706643421646,0.29956112421889713,3.594280286633149
solubility_o2_literature,25171,54.00027777777777,CO2_flow_L_min,0.8588043451309204,1.0573653112117052,0.29417998233024983,3.594280286633149
solubility_o2_literature,25171,55.99194444444444,CO2_flow_L_min,0.9227873086929321,1.0320757703907955,0.28714393093632834,3.594280286633149
solubility_o2_literature,25171,57.992222222222225,CO2_flow_L_min,0.946250319480896,1.0035317412283549,0.27920241639485155,3.594280286633149
solubility_o2_literature,25171,59.992777777777775,CO2_flow_L_min,0.8144015371799469,0.9745644564516504,0.2711431437542532,3.594280286633149
solubility_o2_literature,25171,61.99333333333334,CO2_flow_L_min,0.870048463344574,0.9492103502854112,0.2640891290018342,3.594280286633149
solubility_o2_literature,25171,63.99333333333334,CO2_flow_L_min,0.8795121312141418,0.9247957767733008,0.25729651085157296,3.594280286633149
solubility_o2_literature,25171,65.99361111111111,CO2_flow_L_min,0.8749131262302399,0.901189797117014,0.2507288595350978,3.594280286633149
solubility_o2_literature,25171,67.99416666666667,CO2_flow_L_min,0.7442700564861298,0.8745959352332225,0.24332992017505628,3.594280286633149
solubility_o2_literature,25171,69.99472222222222,CO2_flow_L_min,0.5520975887775421,0.848036734644841,0.23594062427424597,3.594280286633149
solubility_o2_literature,25171,71.99527777777777,CO2_flow_L_min,0.6200417876243591,0.8217088650447416,0.2286156892384307,3.594280286633149
solubility_o2_literature,25171,73.99555555555555,CO2_flow_L_min,0.6285392045974731,0.8144765936620355,0.22660352802507114,3.594280286633149
solubility_o2_literature,25171,75.9961111111111,CO2_flow_L_min,0.6049787700176239,0.8095851533051176,0.22524263238899378,3.594280286633149
solubility_o2_literature,25171,77.99638888888889,CO2_flow_L_min,0.599564254283905,0.8060145032291542,0.22424920678185836,3.594280286633149
solubility_o2_literature,25171,79.99666666666667,CO2_flow_L_min,0.6129176914691925,0.7887262943020326,0.21943928447518263,3.594280286633149
solubility_o2_literature,25171,81.99694444444445,CO2_flow_L_min,0.5946856141090393,0.7704248311786415,0.21434745477245942,3.594280286633149
solubility_o2_literature,25171,83.99777777777778,CO2_flow_L_min,0.563105046749115,0.7514505275171361,0.20906842749902466,3.594280286633149
solubility_o2_literature,25171,85.99833333333333,CO2_flow_L_min,0.5567769110202789,0.7284519212062172,0.20266975948294116,3.594280286633149
solubility_o2_literature,25171,87.99888888888889,CO2_flow_L_min,0.5214395523071289,0.7050750623207198,0.19616585410515688,3.594280286633149
solubility_o2_literature,25171,89.99944444444445,CO2_flow_L_min,0.4976239949464798,0.68159922200623,0.1896344101324109,3.594280286633149
solubility_o2_literature,25171,91.99972222222222,CO2_flow_L_min,0.5244962275028229,0.6656927266084234,0.18520890790962607,3.594280286633149
solubility_o2_literature,25171,94.00027777777778,CO2_flow_L_min,0.508849710226059,0.6484271525785288,0.18040528307989204,3.594280286633149
solubility_o2_literature,25171,96.00166666666667,CO2_flow_L_min,0.49044395983219147,0.6330710676680712,0.17613291596162203,3.594280286633149
solubility_o2_literature,25171,98.0025,CO2_flow_L_min,0.46785973012447357,0.6178087028826444,0.1718866236392936,3.594280286633149
solubility_o2_literature,25171,100.00333333333333,CO2_flow_L_min,0.4553823918104172,0.6025647257700111,0.16764544713190643,3.594280286633149
solubility_o2_literature,25171,102.00444444444445,CO2_flow_L_min,0.4589790999889374,0.587248695777491,0.16338422408553488,3.594280286633149
solubility_o2_literature,25171,104.00527777777778,CO2_flow_L_min,0.43708813190460205,0.5716772669476738,0.1590519440216439,3.594280286633149
solubility_o2_literature,25171,106.00583333333333,CO2_flow_L_min,0.44966933131217957,0.555869250706668,0.15465384065174406,3.594280286633149
solubility_o2_literature,25171,108.00638888888889,CO2_flow_L_min,0.42858435213565826,0.5398533273681044,0.15019789340741657,3.594280286633149
solubility_o2_literature,25171,110.00694444444444,CO2_flow_L_min,0.40800541639328003,0.5236444502280668,0.14568826259194648,3.594280286633149
solubility_o2_literature,25171,112.00750000000001,CO2_flow_L_min,0.36780761182308197,0.507244958176109,0.14112559893075502,3.594280286633149
solubility_o2_literature,25171,113.99944444444444,CO2_flow_L_min,0.40204471349716187,0.4925351036535284,0.13703302591209385,3.594280286633149
solubility_o2_literature,25171,115.99194444444444,CO2_flow_L_min,0.4123866707086563,0.48649110201919815,0.13535146488948593,3.594280286633149
solubility_o2_literature,25171,117.99305555555556,CO2_flow_L_min,0.4027434438467026,0.47856916862017473,0.1331474260368443,3.594280286633149
solubility_o2_literature,25171,119.99388888888889,CO2_flow_L_min,0.37688834965229034,0.4687520943564175,0.13041612144152206,3.594280286633149
solubility_o2_literature,25171,121.99402777777777,CO2_flow_L_min,0.35268230736255646,0.4467654217780154,0.12429899344230375,3.594280286633149
solubility_o2_literature,25171,123.99444444444444,CO2_flow_L_min,0.33847102522850037,0.424539029433302,0.11811517065381069,3.594280286633149
solubility_o2_literature,25171,125.99527777777777,CO2_flow_L_min,0.29679641127586365,0.4015837991806891,0.11172857071668792,3.594280286633149
solubility_o2_literature,25171,127.9961111111111,CO2_flow_L_min,0.28761163353919983,0.36717488537156096,0.10215532904794765,3.594280286633149
solubility_o2_literature,25171,129.9961111111111,CO2_flow_L_min,0.3137179762125015,0.3332439183955339,0.09271506165917064,3.594280286633149
solubility_o2_literature,25171,131.9961111111111,CO2_flow_L_min,0.31062687933444977,0.29914247132980626,0.08322736333120542,3.594280286633149
solubility_o2_literature,25171,133.99694444444447,CO2_flow_L_min,0.25456178188323975,0.27165859887151556,0.0755808053928885,3.594280286633149
solubility_o2_literature,25171,135.9975,CO2_flow_L_min,0.22689730674028397,0.24240202451293766,0.06744104665805059,3.594280286633149
solubility_o2_literature,25171,137.99833333333333,CO2_flow_L_min,0.2280840054154396,0.21310818597778172,0.059290920290861734,3.594280286633149
solubility_o2_literature,25171,139.99861111111113,CO2_flow_L_min,0.26110588014125824,0.19269198230266915,0.053610727860950565,3.594280286633149
solubility_o2_literature,25171,141.99944444444446,CO2_flow_L_min,0.29015325009822845,0.17324591503882644,0.048200446604877926,3.594280286633149
solubility_o2_literature,25171,144.00083333333333,CO2_flow_L_min,0.254693403840065,0.15318192631312072,0.04261824735338323,3.594280286633149
solubility_o2_literature,25171,146.00138888888887,CO2_flow_L_min,0.2017449289560318,0.1346725291664892,0.037468566284973914,3.594280286633149
solubility_o2_literature,25171,148.00166666666667,CO2_flow_L_min,0.20070771872997284,0.11905917043867806,0.033124620492578145,3.594280286633149
solubility_o2_literature,25171,150.00194444444446,CO2_flow_L_min,0.19978489726781845,0.10576075337998517,0.029424737345415505,3.594280286633149
solubility_o2_literature,25171,152.00222222222223,CO2_flow_L_min,0.17563484609127045,0.09626960975291399,0.026784113111860873,3.594280286633149
solubility_o2_literature,25171,154.0025,CO2_flow_L_min,0.1340184435248375,0.0876297222721474,0.024380325206700092,3.594280286633149
solubility_o2_literature,25171,156.0027777777778,CO2_flow_L_min,0.07704564556479454,0.07974609671484814,0.022186944354734305,3.594280286633149
solubility_o2_literature,25171,158.00305555555556,CO2_flow_L_min,0.0969294123351574,0.07124416414226208,0.019821538238743823,3.594280286633149
solubility_o2_literature,25171,160.00333333333333,CO2_flow_L_min,0.047401063144207,0.06377136416828381,0.01774245720497775,3.594280286633149
solubility_o2_literature,25171,162.0038888888889,CO2_flow_L_min,0.0,0.05715471298570656,0.015901573730424008,3.594280286633149
solubility_o2_literature,25171,164.00416666666666,CO2_flow_L_min,0.09385086223483086,0.051266024727941,0.014263223966866297,3.594280286633149
solubility_o2_literature,25171,166.00472222222223,CO2_flow_L_min,0.17001202702522278,0.04600877547800607,0.012800553047882534,3.594280286633149
solubility_o2_literature,25171,168.0052777777778,CO2_flow_L_min,0.12270576879382133,0.04131191317560353,0.011493792882330114,3.594280286633149
solubility_o2_literature,25171,170.00611111111112,CO2_flow_L_min,0.09362838417291641,0.038382410108741015,0.010678747078095782,3.594280286633149
solubility_o2_literature,25171,172.00611111111112,CO2_flow_L_min,0.06864945963025093,0.03549136590928888,0.009874401292875942,3.594280286633149
solubility_o2_literature,25171,174.00694444444446,CO2_flow_L_min,0.0,0.03270419637064217,0.009098955496672462,3.594280286633149
solubility_o2_literature,25171,176.0077777777778,CO2_flow_L_min,0.0,0.026408780814982474,0.007347446139132413,3.594280286633149
solubility_o2_literature,25171,177.9997222222222,CO2_flow_L_min,0.0832299292087555,0.021814044900525638,0.006069099558443003,3.594280286633149
solubility_o2_literature,25171,179.9922222222222,CO2_flow_L_min,0.0,0.017891208663285512,0.0049776887823193795,3.594280286633149
solubility_o2_literature,25171,181.99305555555554,CO2_flow_L_min,0.0,0.011126303258772828,0.0030955580454175183,3.594280286633149
solubility_o2_literature,25171,183.99333333333334,CO2_flow_L_min,0.0,0.006732576266828158,0.0018731361301638299,3.594280286633149
solubility_o2_literature,25171,185.99444444444444,CO2_flow_L_min,0.0,0.003962673154213313,0.0011024941958339167,3.594280286633149
solubility_o2_literature,25171,187.9947222222222,CO2_flow_L_min,0.0,0.0061375286682143265,0.0017075820967661652,3.594280286633149
solubility_o2_literature,25171,189.99555555555554,CO2_flow_L_min,0.0,0.008373232920701494,0.002329599322523872,3.594280286633149
solubility_o2_literature,25171,191.9961111111111,CO2_flow_L_min,0.0,0.010322486689883252,0.0028719203475231973,3.594280286633149
solubility_o2_literature,25171,193.99638888888887,CO2_flow_L_min,0.0,0.008528317190208115,0.0023727468394505206,3.594280286633149
solubility_o2_literature,25171,195.99666666666667,CO2_flow_L_min,0.0,0.007106316660826708,0.0019771181138139257,3.594280286633149
solubility_o2_literature,25171,197.99680555555557,CO2_flow_L_min,0.0,0.0059635278886293365,0.0016591716318861487,3.594280286633149
solubility_o2_literature,25171,199.9972222222222,CO2_flow_L_min,0.0,0.0047279494369204976,0.0013154092223979796,3.594280286633149
solubility_o2_literature,25171,201.99777777777777,CO2_flow_L_min,0.0,0.0037697105711086464,0.0010488081814676248,3.594280286633149
solubility_o2_literature,25171,203.99833333333333,CO2_flow_L_min,0.0,0.0030163784589700236,0.0008392162598414214,3.594280286633149
solubility_o2_literature,25171,205.99861111111113,CO2_flow_L_min,0.0,0.004206689985311737,0.001170384513683057,3.594280286633149
solubility_o2_literature,25171,207.99916666666667,CO2_flow_L_min,0.0,0.005489240131638016,0.001527215379404905,3.594280286633149
solubility_o2_literature,25171,210.0,CO2_flow_L_min,0.0,0.006743426746328131,0.0018761549485738255,3.594280286633149
solubility_o2_literature,25171,212.0002777777778,CO2_flow_L_min,0.0,0.006585356736462833,0.0018321767395139622,3.594280286633149
solubility_o2_literature,25171,214.00111111111113,CO2_flow_L_min,0.0,0.006503533725732393,0.001809411956523962,3.594280286633149
solubility_o2_literature,25171,216.00166666666667,CO2_flow_L_min,0.0,0.0063994586388827455,0.0017804562050104545,3.594280286633149
solubility_o2_literature,25171,217.8938888888889,CO2_flow_L_min,0.0,0.0037866837277874058,0.0010535304499957308,3.594280286633149
solubility_o2_slow_transition,25170,0.49777777777777776,CO2_flow_L_min,0.0,1.196928214418251e-19,3.249968699615897e-20,3.682891513877386
solubility_o2_slow_transition,25170,1.9983333333333335,CO2_flow_L_min,0.0,1.4622101294076272e-19,3.970277495000653e-20,3.682891513877386
solubility_o2_slow_transition,25170,3.998611111111111,CO2_flow_L_min,0.0,1.825802091569489e-19,4.95752341520173e-20,3.682891513877386
solubility_o2_slow_transition,25170,5.999166666666667,CO2_flow_L_min,0.0,2.097710875796938e-19,5.69582586913739e-20,3.682891513877386
solubility_o2_slow_transition,25170,7.999722222222223,CO2_flow_L_min,0.0,1.8325682194659676e-18,4.975895196914505e-19,3.682891513877386
solubility_o2_slow_transition,25170,10.0,CO2_flow_L_min,0.0,1.7365171215546697e-17,4.7150917017548704e-18,3.682891513877386
solubility_o2_slow_transition,25170,12.000555555555556,CO2_flow_L_min,0.0,2.5287062649239225e-16,6.866089471806555e-17,3.682891513877386
solubility_o2_slow_transition,25170,14.000833333333333,CO2_flow_L_min,0.0,8.80565612680308e-15,2.3909626698540446e-15,3.682891513877386
solubility_o2_slow_transition,25170,16.00138888888889,CO2_flow_L_min,0.0,3.534724115069734e-13,9.597687311045282e-14,3.682891513877386
solubility_o2_slow_transition,25170,18.001666666666665,CO2_flow_L_min,0.0,1.6628387015568626e-11,4.515035795355831e-12,3.682891513877386
solubility_o2_slow_transition,25170,20.001666666666665,CO2_flow_L_min,0.0,3.176283249520232e-10,8.624427946225895e-11,3.682891513877386
solubility_o2_slow_transition,25170,22.001944444444444,CO2_flow_L_min,0.0,6.903371679576874e-09,1.874443396870231e-09,3.682891513877386
solubility_o2_slow_transition,25170,24.0025,CO2_flow_L_min,0.0,1.7146187697577023e-07,4.655632030693552e-08,3.682891513877386
solubility_o2_slow_transition,25170,26.00277777777778,CO2_flow_L_min,0.0,8.13520815313361e-06,2.208918759208516e-06,3.682891513877386
solubility_o2_slow_transition,25170,28.003055555555555,CO2_flow_L_min,0.0,0.00045682087540355795,0.00012403864563542688,3.682891513877386
solubility_o2_slow_transition,25170,30.003333333333334,CO2_flow_L_min,0.0,0.015638588645519327,0.004246280018456167,3.682891513877386
solubility_o2_slow_transition,25170,32.00388888888889,CO2_flow_L_min,0.02010594867169857,0.051238662395097556,0.013912617898742546,3.682891513877386
solubility_o2_slow_transition,25170,34.00416666666666,CO2_flow_L_min,0.06976939365267754,0.07692683046373103,0.0208876178333968,3.682891513877386
solubility_o2_slow_transition,25170,35.97138888888889,CO2_flow_L_min,0.09141644090414047,0.09107153580378889,0.02472827001844207,3.682891513877386
solubility_o2_slow_transition,25170,38.330555555555556,CO2_flow_L_min,0.0,0.11527249692405211,0.03129945492276856,3.682891513877386
solubility_o2_slow_transition,25170,40.005833333333335,CO2_flow_L_min,0.0,0.12960302193130457,0.03519056193834425,3.682891513877386
solubility_o2_slow_transition,25170,42.00611111111111,CO2_flow_L_min,0.0,0.14586087313724236,0.039604987708062714,3.682891513877386
solubility_o2_slow_transition,25170,44.00694444444444,CO2_flow_L_min,0.0,0.1598541310147177,0.04340451800232954,3.682891513877386
solubility_o2_slow_transition,25170,46.007222222222225,CO2_flow_L_min,0.10981453210115433,0.17901613652504686,0.04860749654191601,3.682891513877386
solubility_o2_slow_transition,25170,48.0075,CO2_flow_L_min,0.19227386265993118,0.20574299396894277,0.0558645274219154,3.682891513877386
solubility_o2_slow_transition,25170,49.999722222222225,CO2_flow_L_min,0.26944872736930847,0.23532474084566615,0.0638967343889839,3.682891513877386
solubility_o2_slow_transition,25170,51.992222222222225,CO2_flow_L_min,0.3240592032670975,0.28656644375016416,0.07781017786442046,3.682891513877386
solubility_o2_slow_transition,25170,53.992777777777775,CO2_flow_L_min,0.37912435829639435,0.36405666034161943,0.0988507695569715,3.682891513877386
solubility_o2_slow_transition,25170,55.99319444444444,CO2_flow_L_min,0.4144144058227539,0.48176478145715784,0.1308115592440981,3.682891513877386
solubility_o2_slow_transition,25170,57.99361111111111,CO2_flow_L_min,0.44397418200969696,0.6504612470132268,0.17661699905149109,3.682891513877386
solubility_o2_slow_transition,25170,59.994166666666665,CO2_flow_L_min,0.507400631904602,0.8406015994766404,0.22824500703026313,3.682891513877386
solubility_o2_slow_transition,25170,61.99472222222222,CO2_flow_L_min,0.5540836751461029,1.0055238309619454,0.2730256449784261,3.682891513877386
solubility_o2_slow_transition,25170,63.99527777777778,CO2_flow_L_min,0.5873410999774933,1.1094504752269383,0.30124440838033195,3.682891513877386
solubility_o2_slow_transition,25170,65.99555555555557,CO2_flow_L_min,0.605966329574585,1.168871129779113,0.31737864810156013,3.682891513877386
solubility_o2_slow_transition,25170,67.99583333333334,CO2_flow_L_min,0.6478050649166107,1.1879415058068774,0.32255674687419733,3.682891513877386
solubility_o2_slow_transition,25170,69.9961111111111,CO2_flow_L_min,0.6928205788135529,1.1873799548993256,0.32240427132463634,3.682891513877386
solubility_o2_slow_transition,25170,71.99666666666667,CO2_flow_L_min,0.7214046716690063,1.1757682384973527,0.3192513909429528,3.682891513877386
solubility_o2_slow_transition,25170,73.9975,CO2_flow_L_min,0.755364716053009,1.1581308340939729,0.3144623809118615,3.682891513877386
solubility_o2_slow_transition,25170,75.99833333333333,CO2_flow_L_min,0.7820552587509155,1.137335705988478,0.30881596748177886,3.682891513877386
solubility_o2_slow_transition,25170,77.9988888888889,CO2_flow_L_min,0.8426351249217987,1.1150112418338265,0.30275429988431324,3.682891513877386
solubility_o2_slow_transition,25170,79.99916666666667,CO2_flow_L_min,0.8671332597732544,1.0858683082955476,0.29484124205231727,3.682891513877386
solubility_o2_slow_transition,25170,81.99972222222223,CO2_flow_L_min,0.8808037042617798,1.0551176895211245,0.286491656228637,3.682891513877386
solubility_o2_slow_transition,25170,84.0,CO2_flow_L_min,0.9216566383838654,1.0238326754745901,0.27799696831055676,3.682891513877386
solubility_o2_slow_transition,25170,86.0,CO2_flow_L_min,0.9671140015125275,1.0106749443858507,0.274424305081363,3.682891513877386
solubility_o2_slow_transition,25170,88.00055555555556,CO2_flow_L_min,1.0167601704597473,0.999688775831284,0.27144127706840904,3.682891513877386
solubility_o2_slow_transition,25170,90.00097222222223,CO2_flow_L_min,1.0506026148796082,0.9926093847721065,0.2695190398717656,3.682891513877386
solubility_o2_slow_transition,25170,92.00222222222223,CO2_flow_L_min,1.0576554536819458,0.9775184925909081,0.26542147356433166,3.682891513877386
solubility_o2_slow_transition,25170,94.00222222222223,CO2_flow_L_min,1.0318894982337952,0.9613222925087369,0.2610237876642331,3.682891513877386
solubility_o2_slow_transition,25170,96.0038888888889,CO2_flow_L_min,1.0453163385391235,0.9445350679368268,0.25646562337710854,3.682891513877386
solubility_o2_slow_transition,25170,98.00444444444443,CO2_flow_L_min,1.0063957571983337,0.9274480414843187,0.2518260551497733,3.682891513877386
solubility_o2_slow_transition,25170,100.00583333333333,CO2_flow_L_min,1.0273829698562622,0.910213324727875,0.24714638519710103,3.682891513877386
solubility_o2_slow_transition,25170,102.00694444444446,CO2_flow_L_min,1.03029066324234,0.8928818370818931,0.24244043945292806,3.682891513877386
solubility_o2_slow_transition,25170,104.00777777777779,CO2_flow_L_min,1.0509377121925354,0.8668713728402575,0.2353779277977174,3.682891513877386
solubility_o2_slow_transition,25170,106.00055555555555,CO2_flow_L_min,1.0386885404586792,0.8401489747380627,0.22812210774396263,3.682891513877386
solubility_o2_slow_transition,25170,107.99444444444444,CO2_flow_L_min,0.986695259809494,0.8151652869246693,0.22133839236183606,3.682891513877386
solubility_o2_slow_transition,25170,109.99444444444444,CO2_flow_L_min,1.0487924218177795,0.8059202022849377,0.21882811352117634,3.682891513877386
solubility_o2_slow_transition,25170,111.99555555555557,CO2_flow_L_min,1.0423717498779297,0.7977053218860873,0.2165975616931097,3.682891513877386
solubility_o2_slow_transition,25170,113.99694444444444,CO2_flow_L_min,1.037216603755951,0.7897689650773405,0.21444263620077791,3.682891513877386
solubility_o2_slow_transition,25170,115.99777777777777,CO2_flow_L_min,1.0339342951774597,0.7672927244769387,0.20833975738512184,3.682891513877386
solubility_o2_slow_transition,25170,117.99833333333333,CO2_flow_L_min,0.9775261580944061,0.7443593867087875,0.20211276490333496,3.682891513877386
solubility_o2_slow_transition,25170,119.9988888888889,CO2_flow_L_min,0.949872225522995,0.7212820574000077,0.1958466750058121,3.682891513877386
solubility_o2_slow_transition,25170,122.00027777777777,CO2_flow_L_min,0.9661630988121033,0.7041788471607967,0.19120271246312925,3.682891513877386
solubility_o2_slow_transition,25170,124.0011111111111,CO2_flow_L_min,0.9199035465717316,0.6884928113342283,0.1869435493117135,3.682891513877386
solubility_o2_slow_transition,25170,126.00166666666667,CO2_flow_L_min,0.868619829416275,0.6723662063462333,0.18256476027401614,3.682891513877386
solubility_o2_slow_transition,25170,128.00194444444446,CO2_flow_L_min,0.8611688017845154,0.6526019908838585,0.17719826620599868,3.682891513877386
solubility_o2_slow_transition,25170,130.0022222222222,CO2_flow_L_min,0.8477236330509186,0.6328463894158285,0.17183411105953575,3.682891513877386
solubility_o2_slow_transition,25170,132.0025,CO2_flow_L_min,0.8022134602069855,0.613164184233199,0.16648988489689542,3.682891513877386
solubility_o2_slow_transition,25170,134.0027777777778,CO2_flow_L_min,0.8443529903888702,0.5984836761914829,0.16250374846404128,3.682891513877386
solubility_o2_slow_transition,25170,136.00333333333333,CO2_flow_L_min,0.8295652866363525,0.5833064448551863,0.15838273884996285,3.682891513877386
solubility_o2_slow_transition,25170,138.00361111111113,CO2_flow_L_min,0.8142173290252686,0.5677179222882851,0.15415005306267787,3.682891513877386
solubility_o2_slow_transition,25170,140.00416666666666,CO2_flow_L_min,0.79200679063797,0.5509853860835716,0.1496067380772475,3.682891513877386
solubility_o2_slow_transition,25170,142.0052777777778,CO2_flow_L_min,0.7756664454936981,0.5340743509541346,0.1450149560316143,3.682891513877386
solubility_o2_slow_transition,25170,144.00555555555556,CO2_flow_L_min,0.7196485996246338,0.5169710030328221,0.14037095610469114,3.682891513877386
solubility_o2_slow_transition,25170,146.00583333333333,CO2_flow_L_min,0.73886638879776,0.49657614840890135,0.13483322724488858,3.682891513877386
solubility_o2_slow_transition,25170,148.00611111111112,CO2_flow_L_min,0.7094215154647827,0.47660305030653044,0.12941001615460507,3.682891513877386
solubility_o2_slow_transition,25170,150.00611111111112,CO2_flow_L_min,0.6570267081260681,0.45684450709175534,0.1240450622480554,3.682891513877386
solubility_o2_slow_transition,25170,152.00666666666666,CO2_flow_L_min,0.7023055553436279,0.43100638698999066,0.11702934647027458,3.682891513877386
solubility_o2_slow_transition,25170,154.00666666666666,CO2_flow_L_min,0.6335598230361938,0.40655832285780347,0.1103910667272886,3.682891513877386
solubility_o2_slow_transition,25170,156.00694444444446,CO2_flow_L_min,0.6580243706703186,0.38302357323088837,0.10400077541997353,3.682891513877386
solubility_o2_slow_transition,25170,158.00722222222223,CO2_flow_L_min,0.6091253161430359,0.37159255103452343,0.10089695817385264,3.682891513877386
solubility_o2_slow_transition,25170,160.00722222222223,CO2_flow_L_min,0.6478431820869446,0.3568715629676925,0.0968998303705054,3.682891513877386
solubility_o2_slow_transition,25170,162.00722222222223,CO2_flow_L_min,0.6133309304714203,0.33926956547744574,0.09212043422920684,3.682891513877386
solubility_o2_slow_transition,25170,164.0077777777778,CO2_flow_L_min,0.5906752347946167,0.3172171349155579,0.08613263076587029,3.682891513877386
solubility_o2_slow_transition,25170,166.00055555555556,CO2_flow_L_min,0.6082608699798584,0.29233186780010095,0.07937563914076061,3.682891513877386
solubility_o2_slow_transition,25170,167.99333333333334,CO2_flow_L_min,0.5536117553710938,0.2682315083463681,0.07283177018265499,3.682891513877386
solubility_o2_slow_transition,25170,169.99388888888888,CO2_flow_L_min,0.5794588029384613,0.2307307768485844,0.06264935472010921,3.682891513877386
solubility_o2_slow_transition,25170,171.99555555555554,CO2_flow_L_min,0.5429856479167938,0.19467085926672706,0.05285815738345645,3.682891513877386
solubility_o2_slow_transition,25170,173.99638888888887,CO2_flow_L_min,0.5531306266784668,0.16166286499687943,0.043895635912087755,3.682891513877386
solubility_o2_slow_transition,25170,175.9972222222222,CO2_flow_L_min,0.503053218126297,0.13336987770499598,0.03621336039968845,3.682891513877386
solubility_o2_slow_transition,25170,177.9975,CO2_flow_L_min,0.5171032249927521,0.11039554165574401,0.0299752358275464,3.682891513877386
solubility_o2_slow_transition,25170,179.9975,CO2_flow_L_min,0.5095526278018951,0.0922757735531228,0.025055251615591013,3.682891513877386
solubility_o2_slow_transition,25170,181.99805555555554,CO2_flow_L_min,0.48540203273296356,0.08192947718575506,0.022245965398937008,3.682891513877386
solubility_o2_slow_transition,25170,183.99861111111113,CO2_flow_L_min,0.507699579000473,0.07286090290724688,0.019783613672219785,3.682891513877386
solubility_o2_slow_transition,25170,185.99888888888887,CO2_flow_L_min,0.4587230831384659,0.06495774357627461,0.017637702151016236,3.682891513877386
solubility_o2_slow_transition,25170,187.99944444444446,CO2_flow_L_min,0.4637443870306015,0.061857857063695,0.016796003040168407,3.682891513877386
solubility_o2_slow_transition,25170,189.9997222222222,CO2_flow_L_min,0.46611180901527405,0.057914146876303835,0.015725184045763875,3.682891513877386
solubility_o2_slow_transition,25170,192.0002777777778,CO2_flow_L_min,0.4360964149236679,0.05259148945132353,0.014279945323709704,3.682891513877386
solubility_o2_slow_transition,25170,194.00138888888887,CO2_flow_L_min,0.4581541270017624,0.04842321565282359,0.01314815151908809,3.682891513877386
solubility_o2_slow_transition,25170,196.0027777777778,CO2_flow_L_min,0.4118622839450836,0.04445885613925955,0.012071725700237314,3.682891513877386
solubility_o2_slow_transition,25170,198.00305555555553,CO2_flow_L_min,0.4316452443599701,0.04074851146101415,0.011064271458301442,3.682891513877386
solubility_o2_slow_transition,25170,200.0038888888889,CO2_flow_L_min,0.401793971657753,0.028968433869118983,0.007865676672789288,3.682891513877386
solubility_o2_slow_transition,25170,202.005,CO2_flow_L_min,0.40858079493045807,0.021336044898395766,0.005793286285517805,3.682891513877386
solubility_o2_slow_transition,25170,204.00555555555556,CO2_flow_L_min,0.37395724654197693,0.01613333276593711,0.004380615802867288,3.682891513877386
solubility_o2_slow_transition,25170,206.00583333333333,CO2_flow_L_min,0.3972831219434738,0.017998278396510674,0.004886996624443575,3.682891513877386
solubility_o2_slow_transition,25170,208.00666666666666,CO2_flow_L_min,0.37339621782302856,0.018692593649946618,0.005075521116902752,3.682891513877386
solubility_o2_slow_transition,25170,210.0077777777778,CO2_flow_L_min,0.3867792338132858,0.018609830993693965,0.005053048921905751,3.682891513877386
solubility_o2_slow_transition,25170,211.99972222222223,CO2_flow_L_min,0.3688569664955139,0.019553684355003917,0.005309329444357593,3.682891513877386
solubility_o2_slow_transition,25170,213.9922222222222,CO2_flow_L_min,0.37109674513339996,0.019512002855925293,0.0052980118427063995,3.682891513877386
solubility_o2_slow_transition,25170,215.9922222222222,CO2_flow_L_min,0.3616567403078079,0.019074093799948913,0.005179108243638573,3.682891513877386
solubility_o2_slow_transition,25170,217.99277777777777,CO2_flow_L_min,0.34436510503292084,0.015674916337702967,0.00425614392350109,3.682891513877386
solubility_o2_slow_transition,25170,219.99333333333334,CO2_flow_L_min,0.34849607944488525,0.013251462048508456,0.003598113601385228,3.682891513877386
solubility_o2_slow_transition,25170,221.99416666666667,CO2_flow_L_min,0.32139265537261963,0.011439983159805732,0.0031062503787307057,3.682891513877386
solubility_o2_slow_transition,25170,223.99444444444444,CO2_flow_L_min,0.3353331834077835,0.007058494081084659,0.001916563128315828,3.682891513877386
solubility_o2_slow_transition,25170,225.995,CO2_flow_L_min,0.3156689554452896,0.004472413834634238,0.0012143756659086693,3.682891513877386
solubility_o2_slow_transition,25170,227.99555555555554,CO2_flow_L_min,0.31158891320228577,0.002873712656324849,0.0007802870775575398,3.682891513877386
solubility_o2_slow_transition,25170,229.9961111111111,CO2_flow_L_min,0.33792784810066223,0.004146781005947175,0.0011259579573065948,3.682891513877386
solubility_o2_slow_transition,25170,231.99694444444447,CO2_flow_L_min,0.36408500373363495,0.005568140000440388,0.0015118935704348765,3.682891513877386
solubility_o2_slow_transition,25170,233.9972222222222,CO2_flow_L_min,0.3085409998893738,0.006975788426648972,0.0018941064107817801,3.682891513877386
solubility_o2_slow_transition,25170,235.9975,CO2_flow_L_min,0.29279355704784393,0.006849182860089662,0.0018597297352586886,3.682891513877386
solubility_o2_slow_transition,25170,237.99805555555554,CO2_flow_L_min,0.3260100781917572,0.006687506364161172,0.0018158303981972296,3.682891513877386
solubility_o2_slow_transition,25170,239.99861111111113,CO2_flow_L_min,0.3097006678581238,0.006506791384152354,0.0017667616218491151,3.682891513877386
solubility_o2_slow_transition,25170,241.99944444444446,CO2_flow_L_min,0.31147246062755585,0.00444738639777925,0.0012075800715337921,3.682891513877386
solubility_o2_slow_transition,25170,243.9997222222222,CO2_flow_L_min,0.3079918324947357,0.0031167884561760133,0.0008462884243078413,3.682891513877386
solubility_o2_slow_transition,25170,246.00111111111113,CO2_flow_L_min,0.2541520893573761,0.00221132060362227,0.0006004305571559366,3.682891513877386
solubility_o2_slow_transition,25170,248.00138888888887,CO2_flow_L_min,0.29114674031734467,0.0008602187717760695,0.0002335715750884072,3.682891513877386
solubility_o2_slow_transition,25170,250.00166666666667,CO2_flow_L_min,0.3009909838438034,0.00032820230727532957,8.911538828625305e-05,3.682891513877386
solubility_o2_slow_transition,25170,252.0022222222222,CO2_flow_L_min,0.18855221569538116,0.00012292017602946018,3.337599697582418e-05,3.682891513877386
solubility_o2_slow_transition,25170,254.00333333333333,CO2_flow_L_min,0.31672607362270355,0.0002323615030765714,6.30921389351322e-05,3.682891513877386
solubility_o2_slow_transition,25170,256.0038888888889,CO2_flow_L_min,0.2440953105688095,0.00043122814734540055,0.00011708956012429459,3.682891513877386
solubility_o2_slow_transition,25170,258.00416666666666,CO2_flow_L_min,0.2801497280597687,0.0007806775153496885,0.00021197407319983291,3.682891513877386
solubility_o2_slow_transition,25170,260.00444444444446,CO2_flow_L_min,0.26816558837890625,0.0011345041958990005,0.0003080471394892061,3.682891513877386
solubility_o2_slow_transition,25170,262.0052777777778,CO2_flow_L_min,0.24895182251930237,0.0016087379297567367,0.0004368138251411704,3.682891513877386
solubility_o2_slow_transition,25170,264.0058333333333,CO2_flow_L_min,0.30818894505500793,0.002210380655379836,0.0006001753369739432,3.682891513877386
solubility_o2_slow_transition,25170,266.00666666666666,CO2_flow_L_min,0.19077855348587036,0.0015493313569232543,0.00042068340896962844,3.682891513877386
solubility_o2_slow_transition,25170,268.00666666666666,CO2_flow_L_min,0.27154241502285004,0.001095811811622722,0.00029754115957356564,3.682891513877386
solubility_o2_slow_transition,25170,270.00694444444446,CO2_flow_L_min,0.1460215523838997,0.0007808647019097474,0.00021202489917701784,3.682891513877386
solubility_o2_slow_transition,25170,272.0077777777778,CO2_flow_L_min,0.24887815862894058,0.0009893165406790784,0.000268624947802906,3.682891513877386
solubility_o2_slow_transition,25170,274.0,CO2_flow_L_min,0.2517445385456085,0.0012421638006448782,0.0003372794979065553,3.682891513877386
solubility_o2_slow_transition,25170,275.99194444444447,CO2_flow_L_min,0.21002890169620514,0.0015340152328969826,0.0004165246864092273,3.682891513877386
solubility_o2_slow_transition,25170,277.9925,CO2_flow_L_min,0.22749736160039902,0.0021032235436645595,0.0005710794183699058,3.682891513877386
solubility_o2_slow_transition,25170,279.99277777777775,CO2_flow_L_min,0.14897896349430084,0.002798161635694573,0.0007597730275656801,3.682891513877386
solubility_o2_slow_transition,25170,281.99333333333334,CO2_flow_L_min,0.18359868973493576,0.0035981357450240435,0.000976986623544577,3.682891513877386
solubility_o2_slow_transition,25170,283.9941666666667,CO2_flow_L_min,0.2330804392695427,0.0032394615291464596,0.0008795973264322199,3.682891513877386
solubility_o2_slow_transition,25170,285.9945833333333,CO2_flow_L_min,0.2391098439693451,0.002940072846823774,0.0007983055802065793,3.682891513877386
solubility_o2_slow_transition,25170,287.9952777777778,CO2_flow_L_min,0.1702709123492241,0.002689152795339082,0.0007301743168937155,3.682891513877386
solubility_o2_slow_transition,25170,289.9961111111111,CO2_flow_L_min,0.237287238240242,0.0016472810001129602,0.00044727926247783653,3.682891513877386
solubility_o2_slow_transition,25170,291.99694444444447,CO2_flow_L_min,0.15782906115055084,0.0010202121060502848,0.000277013890364692,3.682891513877386
solubility_o2_slow_transition,25170,293.9975,CO2_flow_L_min,0.2147100493311882,0.0006358524033885146,0.000172650321355538,3.682891513877386
solubility_o2_slow_transition,25170,295.99805555555554,CO2_flow_L_min,0.10364668443799019,0.0003723611491651178,0.00010110565238265521,3.682891513877386
solubility_o2_slow_transition,25170,297.99888888888887,CO2_flow_L_min,0.21209334582090378,0.00021782449101730975,5.9144965361193024e-05,3.682891513877386
solubility_o2_slow_transition,25170,299.99944444444446,CO2_flow_L_min,0.2150188684463501,0.00012711150216805875,3.451405008512848e-05,3.682891513877386
solubility_o2_slow_transition,25170,301.99944444444446,CO2_flow_L_min,0.18467075377702713,0.0001770076245591333,4.806213375880243e-05,3.682891513877386
solubility_o2_slow_transition,25170,303.9997222222222,CO2_flow_L_min,0.16795704513788223,0.00024540175607830377,6.663290383483012e-05,3.682891513877386
solubility_o2_slow_transition,25170,306.00083333333333,CO2_flow_L_min,0.17765527963638306,0.00033785632985362704,9.173670432065711e-05,3.682891513877386
solubility_o2_slow_transition,25170,308.00166666666667,CO2_flow_L_min,0.14285282045602798,0.0003342693910277217,9.076275794933732e-05,3.682891513877386
solubility_o2_slow_transition,25170,310.0025,CO2_flow_L_min,0.12291436269879341,0.00033071451939392757,8.979751864744664e-05,3.682891513877386
solubility_o2_slow_transition,25170,312.0025,CO2_flow_L_min,0.19325070828199387,0.00032714253225733634,8.882763204526688e-05,3.682891513877386
solubility_o2_slow_transition,25170,314.00333333333333,CO2_flow_L_min,0.18606183677911758,0.0002839776584338008,7.71072559057886e-05,3.682891513877386
solubility_o2_slow_transition,25170,316.0036111111111,CO2_flow_L_min,0.11333898454904556,0.000246727734830203,6.699294125295738e-05,3.682891513877386
solubility_o2_slow_transition,25170,318.0038888888889,CO2_flow_L_min,0.12730340659618378,0.00021462428901521672,5.827602800856278e-05,3.682891513877386
solubility_o2_slow_transition,25170,320.00458333333336,CO2_flow_L_min,0.15322154760360718,0.00024318666823112684,6.60314503739203e-05,3.682891513877386
solubility_o2_slow_transition,25170,322.005,CO2_flow_L_min,0.15288059413433075,0.00027511090147913083,7.46997027858394e-05,3.682891513877386
solubility_o2_slow_transition,25170,324.0052777777778,CO2_flow_L_min,0.09755769744515419,0.0003111235896932767,8.447807613146948e-05,3.682891513877386
solubility_o2_slow_transition,25170,326.0055555555556,CO2_flow_L_min,0.0,0.0005872261167151392,0.0001594470308187008,3.682891513877386
solubility_o2_slow_transition,25170,328.00638888888886,CO2_flow_L_min,0.11417782679200172,0.0010773760104844615,0.0002925353642443269,3.682891513877386
solubility_o2_slow_transition,25170,330.00666666666666,CO2_flow_L_min,0.08088314905762672,0.0018893129710872883,0.0005129971827756067,3.682891513877386
solubility_o2_slow_transition,25170,332.00722222222225,CO2_flow_L_min,0.058217285200953484,0.0015780856844937134,0.0004284909502621456,3.682891513877386
solubility_o2_slow_transition,25170,334.0075,CO2_flow_L_min,0.11389579251408577,0.0013282567928163107,0.00036065596496973875,3.682891513877386
solubility_o2_slow_transition,25170,335.9997222222222,CO2_flow_L_min,0.14201034605503082,0.0011310448745236862,0.00030710784454601286,3.682891513877386
solubility_o2_slow_transition,25170,337.9922222222222,CO2_flow_L_min,0.08606862649321556,0.0006628075859669658,0.00017996934839635152,3.682891513877386
solubility_o2_slow_transition,25170,339.9926388888889,CO2_flow_L_min,0.10622508823871613,0.0003885303069831909,0.0001054959956108352,3.682891513877386
solubility_o2_slow_transition,25170,341.99333333333334,CO2_flow_L_min,0.11300522834062576,0.00022763005485770758,6.180742875536301e-05,3.682891513877386
solubility_o2_slow_transition,25170,343.99361111111114,CO2_flow_L_min,0.10256433114409447,0.00016229595396359447,4.4067535889138264e-05,3.682891513877386
solubility_o2_slow_transition,25170,345.9941666666667,CO2_flow_L_min,0.0,0.00011573977035327977,3.142633170625972e-05,3.682891513877386
solubility_o2_slow_transition,25170,347.9941666666667,CO2_flow_L_min,0.0,8.24804283948617e-05,2.239556285708385e-05,3.682891513877386
solubility_o2_slow_transition,25170,349.99555555555554,CO2_flow_L_min,0.08526002615690231,0.00022227703814604424,6.0353946704237474e-05,3.682891513877386
solubility_o2_slow_transition,25170,351.99666666666667,CO2_flow_L_min,0.0,0.0005826533604004672,0.00015820540958238647,3.682891513877386
solubility_o2_slow_transition,25170,353.99694444444447,CO2_flow_L_min,0.0,0.001447828259381116,0.00039312270098796026,3.682891513877386
solubility_o2_slow_transition,25170,355.99777777777774,CO2_flow_L_min,0.0,0.001019346884965227,0.00027677896053257566,3.682891513877386
solubility_o2_slow_transition,25170,357.99833333333333,CO2_flow_L_min,0.020015770569443703,0.0007213683938173255,0.0001958701175690786,3.682891513877386
solubility_o2_slow_transition,25170,359.99861111111113,CO2_flow_L_min,0.0,0.0005127912932948021,0.00013923605714764327,3.682891513877386
solubility_o2_slow_transition,25170,361.99916666666667,CO2_flow_L_min,0.06933164969086647,0.000571757976035463,0.00015524703181753793,3.682891513877386
solubility_o2_slow_transition,25170,363.99944444444446,CO2_flow_L_min,0.048734547570347786,0.0006359853264703096,0.00017268641339932865,3.682891513877386
solubility_o2_slow_transition,25170,366.0002777777778,CO2_flow_L_min,0.07116474211215973,0.0007031784326521156,0.00019093107413088096,3.682891513877386
solubility_o2_slow_transition,25170,368.00083333333333,CO2_flow_L_min,0.05656919442117214,0.0004407602766100846,0.00011967777898134384,3.682891513877386
solubility_o2_slow_transition,25170,370.00138888888887,CO2_flow_L_min,0.06970534846186638,0.000276440858348842,7.506082036551824e-05,3.682891513877386
solubility_o2_slow_transition,25170,372.00138888888887,CO2_flow_L_min,0.0,0.00017330219503747298,4.70560141086042e-05,3.682891513877386
solubility_o2_slow_transition,25170,374.00194444444446,CO2_flow_L_min,0.04881179705262184,0.0001722341544281694,4.676601354647004e-05,3.682891513877386
solubility_o2_slow_transition,25170,376.0025,CO2_flow_L_min,0.048261480405926704,0.00017117855841179613,4.64793920121686e-05,3.682891513877386
solubility_o2_slow_transition,25170,378.0025,CO2_flow_L_min,0.0,0.0001701352477324599,4.619610626361887e-05,3.682891513877386
solubility_o2_slow_transition,25170,379.8611111111111,CO2_flow_L_min,0.0,0.0001691752931418812,4.593545384229135e-05,3.682891513877386
solubility_o2_slow_transition,25171,0.5075000000000003,CO2_flow_L_min,0.8966177105903625,6.786002266116493e-17,1.890731148706242e-17,3.589088946231147
solubility_o2_slow_transition,25171,2.0,CO2_flow_L_min,1.0077099800109863,2.275104139426502e-06,6.33894610445795e-07,3.589088946231147
solubility_o2_slow_transition,25171,3.99305555555555,CO2_flow_L_min,1.087964653968811,0.41696517910841935,0.11617577200093321,3.589088946231147
solubility_o2_slow_transition,25171,5.994444444444447,CO2_flow_L_min,1.2940880060195923,0.776008189630248,0.2162131396729868,3.589088946231147
solubility_o2_slow_transition,25171,7.994722222222222,CO2_flow_L_min,1.4111799001693726,1.0157099789897879,0.2829993890389289,3.589088946231147
solubility_o2_slow_transition,25171,9.995555555555562,CO2_flow_L_min,1.4755344986915588,1.1773650674911957,0.3280400918254006,3.589088946231147
solubility_o2_slow_transition,25171,11.996388888888895,CO2_flow_L_min,1.4894561767578125,1.2930666059214844,0.3602771135776158,3.589088946231147
solubility_o2_slow_transition,25171,13.996388888888895,CO2_flow_L_min,1.5801073908805847,1.4006496498078933,0.3902521421985644,3.589088946231147
solubility_o2_slow_transition,25171,15.996944444444452,CO2_flow_L_min,1.6058717966079712,1.4975095111981054,0.41723945369774673,3.589088946231147
solubility_o2_slow_transition,25171,17.99722222222222,CO2_flow_L_min,1.7284287214279175,1.576968776502972,0.43937857214681886,3.589088946231147
solubility_o2_slow_transition,25171,19.997777777777785,CO2_flow_L_min,1.685668408870697,1.6060872461281654,0.4474916253648981,3.589088946231147
solubility_o2_slow_transition,25171,21.998333333333335,CO2_flow_L_min,1.7897506356239319,1.6049448578054872,0.4471733305720433,3.589088946231147
solubility_o2_slow_transition,25171,23.999166666666667,CO2_flow_L_min,1.6657332181930542,1.5865737858469817,0.4420547413607626,3.589088946231147
solubility_o2_slow_transition,25171,26.0,CO2_flow_L_min,1.7469052076339722,1.54600316776633,0.43075086489282094,3.589088946231147
solubility_o2_slow_transition,25171,28.00055555555555,CO2_flow_L_min,1.645696759223938,1.4911002572212706,0.4154536930011318,3.589088946231147
solubility_o2_slow_transition,25171,30.001666666666665,CO2_flow_L_min,1.6147007942199707,1.4354785504890577,0.39995624850602657,3.589088946231147
solubility_o2_slow_transition,25171,32.0025,CO2_flow_L_min,1.4993385076522827,1.3908960526685132,0.38753457312031064,3.589088946231147
solubility_o2_slow_transition,25171,34.00305555555555,CO2_flow_L_min,1.485105574131012,1.3504590714535945,0.3762679308551807,3.589088946231147
solubility_o2_slow_transition,25171,36.003888888888895,CO2_flow_L_min,1.4768308997154236,1.3129307025241337,0.36581169265889163,3.589088946231147
solubility_o2_slow_transition,25171,38.004444444444445,CO2_flow_L_min,1.2267774939537048,1.277565371039904,0.3559581247997372,3.589088946231147
solubility_o2_slow_transition,25171,40.004999999999995,CO2_flow_L_min,1.2437371611595154,1.2438984609085424,0.34657777490155073,3.589088946231147
solubility_o2_slow_transition,25171,42.00527777777778,CO2_flow_L_min,1.2025887966156006,1.211615585511652,0.3375830478606424,3.589088946231147
solubility_o2_slow_transition,25171,44.00555555555556,CO2_flow_L_min,0.7370048761367798,1.1728290689513639,0.3267762617538179,3.589088946231147
solubility_o2_slow_transition,25171,46.00638888888889,CO2_flow_L_min,0.864924430847168,1.1330762246915342,0.3157002352592465,3.589088946231147
solubility_o2_slow_transition,25171,48.007222222222225,CO2_flow_L_min,0.9298628568649292,1.0933987816695663,0.30464521722642995,3.589088946231147
solubility_o2_slow_transition,25171,50.007222222222225,CO2_flow_L_min,0.9515603482723236,1.0700701629024085,0.29814534522084624,3.589088946231147
solubility_o2_slow_transition,25171,52.00805555555556,CO2_flow_L_min,1.0021700263023376,1.0509820174364972,0.29282696338303876,3.589088946231147
solubility_o2_slow_transition,25171,54.00027777777777,CO2_flow_L_min,0.8588043451309204,1.0343278430737615,0.288186740024901,3.589088946231147
solubility_o2_slow_transition,25171,55.99194444444444,CO2_flow_L_min,0.9227873086929321,1.009181050190275,0.2811802842752064,3.589088946231147
solubility_o2_slow_transition,25171,57.992222222222225,CO2_flow_L_min,0.946250319480896,0.9805731164537209,0.2732094777097701,3.589088946231147
solubility_o2_slow_transition,25171,59.992777777777775,CO2_flow_L_min,0.8144015371799469,0.9514428249465494,0.2650931306524589,3.589088946231147
solubility_o2_slow_transition,25171,61.99333333333334,CO2_flow_L_min,0.870048463344574,0.9266887084834038,0.2581960832864025,3.589088946231147
solubility_o2_slow_transition,25171,63.99333333333334,CO2_flow_L_min,0.8795121312141418,0.9030005833385099,0.25159604480873576,3.589088946231147
solubility_o2_slow_transition,25171,65.99361111111111,CO2_flow_L_min,0.8749131262302399,0.8801434573945897,0.24522754118947546,3.589088946231147
solubility_o2_slow_transition,25171,67.99416666666667,CO2_flow_L_min,0.7442700564861298,0.8536069803574574,0.23783388852868034,3.589088946231147
solubility_o2_slow_transition,25171,69.99472222222222,CO2_flow_L_min,0.5520975887775421,0.8271300137617745,0.2304568168003561,3.589088946231147
solubility_o2_slow_transition,25171,71.99527777777777,CO2_flow_L_min,0.6200417876243591,0.8009744173708184,0.22316928595818464,3.589088946231147
solubility_o2_slow_transition,25171,73.99555555555555,CO2_flow_L_min,0.6285392045974731,0.7972949526747625,0.22214410526437103,3.589088946231147
solubility_o2_slow_transition,25171,75.9961111111111,CO2_flow_L_min,0.6049787700176239,0.7953801968872027,0.22161061171872615,3.589088946231147
solubility_o2_slow_transition,25171,77.99638888888889,CO2_flow_L_min,0.599564254283905,0.7940567451671795,0.22124186863660975,3.589088946231147
solubility_o2_slow_transition,25171,79.99666666666667,CO2_flow_L_min,0.6129176914691925,0.7758350520657832,0.2161648996970323,3.589088946231147
solubility_o2_slow_transition,25171,81.99694444444445,CO2_flow_L_min,0.5946856141090393,0.7566145875102626,0.2108096508181479,3.589088946231147
solubility_o2_slow_transition,25171,83.99777777777778,CO2_flow_L_min,0.563105046749115,0.7368644039339528,0.20530681043938015,3.589088946231147
solubility_o2_slow_transition,25171,85.99833333333333,CO2_flow_L_min,0.5567769110202789,0.7126735055571464,0.1985666881578722,3.589088946231147
solubility_o2_slow_transition,25171,87.99888888888889,CO2_flow_L_min,0.5214395523071289,0.688495326770633,0.19183010983709736,3.589088946231147
solubility_o2_slow_transition,25171,89.99944444444445,CO2_flow_L_min,0.4976239949464798,0.6645524326522703,0.18515908705748507,3.589088946231147
solubility_o2_slow_transition,25171,91.99972222222222,CO2_flow_L_min,0.5244962275028229,0.6496714418329134,0.18101291206926604,3.589088946231147
solubility_o2_slow_transition,25171,94.00027777777778,CO2_flow_L_min,0.508849710226059,0.6332534225417726,0.1764384867660478,3.589088946231147
solubility_o2_slow_transition,25171,96.00166666666667,CO2_flow_L_min,0.49044395983219147,0.6183719603357958,0.17229218043903305,3.589088946231147
solubility_o2_slow_transition,25171,98.0025,CO2_flow_L_min,0.46785973012447357,0.603420009856454,0.16812623451143419,3.589088946231147
solubility_o2_slow_transition,25171,100.00333333333333,CO2_flow_L_min,0.4553823918104172,0.5883626726193514,0.16393092548937327,3.589088946231147
solubility_o2_slow_transition,25171,102.00444444444445,CO2_flow_L_min,0.4589790999889374,0.5731239782278927,0.1596850863308145,3.589088946231147
solubility_o2_slow_transition,25171,104.00527777777778,CO2_flow_L_min,0.43708813190460205,0.5574965504220298,0.155330937397762,3.589088946231147
solubility_o2_slow_transition,25171,106.00583333333333,CO2_flow_L_min,0.44966933131217957,0.5415647167264641,0.1508919742140004,3.589088946231147
solubility_o2_slow_transition,25171,108.00638888888889,CO2_flow_L_min,0.42858435213565826,0.5253968448191985,0.146387245535085,3.589088946231147
solubility_o2_slow_transition,25171,110.00694444444444,CO2_flow_L_min,0.40800541639328003,0.5090252482615472,0.14182575463783575,3.589088946231147
solubility_o2_slow_transition,25171,112.00750000000001,CO2_flow_L_min,0.36780761182308197,0.49245724041152916,0.13720953918644221,3.589088946231147
solubility_o2_slow_transition,25171,113.99944444444444,CO2_flow_L_min,0.40204471349716187,0.47755131440905535,0.13305641670166057,3.589088946231147
solubility_o2_slow_transition,25171,115.99194444444444,CO2_flow_L_min,0.4123866707086563,0.47290577702817327,0.13176206667287116,3.589088946231147
solubility_o2_slow_transition,25171,117.99305555555556,CO2_flow_L_min,0.4027434438467026,0.4650727337871292,0.1295796066228717,3.589088946231147
solubility_o2_slow_transition,25171,119.99388888888889,CO2_flow_L_min,0.37688834965229034,0.4545900107746664,0.12665888686097487,3.589088946231147
solubility_o2_slow_transition,25171,121.99402777777777,CO2_flow_L_min,0.35268230736255646,0.4300011799110993,0.11980789173883184,3.589088946231147
solubility_o2_slow_transition,25171,123.99444444444444,CO2_flow_L_min,0.33847102522850037,0.40617729899474786,0.11317002868409518,3.589088946231147
solubility_o2_slow_transition,25171,125.99527777777777,CO2_flow_L_min,0.29679641127586365,0.3820006272400566,0.10643387025590163,3.589088946231147
solubility_o2_slow_transition,25171,127.9961111111111,CO2_flow_L_min,0.28761163353919983,0.34497230817929125,0.0961169570738953,3.589088946231147
solubility_o2_slow_transition,25171,129.9961111111111,CO2_flow_L_min,0.3137179762125015,0.3097514756139935,0.08630364982714048,3.589088946231147
solubility_o2_slow_transition,25171,131.9961111111111,CO2_flow_L_min,0.31062687933444977,0.2748681340912035,0.07658437509046376,3.589088946231147
solubility_o2_slow_transition,25171,133.99694444444447,CO2_flow_L_min,0.25456178188323975,0.24773044099832492,0.06902321026578716,3.589088946231147
solubility_o2_slow_transition,25171,135.9975,CO2_flow_L_min,0.22689730674028397,0.21798732624479464,0.060736117023151556,3.589088946231147
solubility_o2_slow_transition,25171,137.99833333333333,CO2_flow_L_min,0.2280840054154396,0.18842990111369587,0.05250076103897161,3.589088946231147
solubility_o2_slow_transition,25171,139.99861111111113,CO2_flow_L_min,0.26110588014125824,0.16952259012349188,0.04723276370776635,3.589088946231147
solubility_o2_slow_transition,25171,141.99944444444446,CO2_flow_L_min,0.29015325009822845,0.15135268452302575,0.04217022391767669,3.589088946231147
solubility_o2_slow_transition,25171,144.00083333333333,CO2_flow_L_min,0.254693403840065,0.1328866148323993,0.03702516622552409,3.589088946231147
solubility_o2_slow_transition,25171,146.00138888888887,CO2_flow_L_min,0.2017449289560318,0.11574329901093114,0.03224865717871706,3.589088946231147
solubility_o2_slow_transition,25171,148.00166666666667,CO2_flow_L_min,0.20070771872997284,0.10205154337933763,0.028433829561816948,3.589088946231147
solubility_o2_slow_transition,25171,150.00194444444446,CO2_flow_L_min,0.19978489726781845,0.09076859150975727,0.025290148243629382,3.589088946231147
solubility_o2_slow_transition,25171,152.00222222222223,CO2_flow_L_min,0.17563484609127045,0.08335598206719785,0.023224830400129487,3.589088946231147
solubility_o2_slow_transition,25171,154.0025,CO2_flow_L_min,0.1340184435248375,0.07625650563689815,0.021246758377769952,3.589088946231147
solubility_o2_slow_transition,25171,156.0027777777778,CO2_flow_L_min,0.07704564556479454,0.06956992610894255,0.019383728615028326,3.589088946231147
solubility_o2_slow_transition,25171,158.00305555555556,CO2_flow_L_min,0.0969294123351574,0.061924049171200236,0.017253417259615655,3.589088946231147
solubility_o2_slow_transition,25171,160.00333333333333,CO2_flow_L_min,0.047401063144207,0.05536957180178895,0.01542719409613177,3.589088946231147
solubility_o2_slow_transition,25171,162.0038888888889,CO2_flow_L_min,0.0,0.04964232707780408,0.01383145634491249,3.589088946231147
solubility_o2_slow_transition,25171,164.00416666666666,CO2_flow_L_min,0.09385086223483086,0.044577996080451564,0.012420421100809525,3.589088946231147
solubility_o2_slow_transition,25171,166.00472222222223,CO2_flow_L_min,0.17001202702522278,0.0400699525537281,0.011164379917584658,3.589088946231147
solubility_o2_slow_transition,25171,168.0052777777778,CO2_flow_L_min,0.12270576879382133,0.0360485189980092,0.010043919094249044,3.589088946231147
solubility_o2_slow_transition,25171,170.00611111111112,CO2_flow_L_min,0.09362838417291641,0.03376854751836677,0.009408668334571829,3.589088946231147
solubility_o2_slow_transition,25171,172.00611111111112,CO2_flow_L_min,0.06864945963025093,0.03130432190407274,0.008722080275258986,3.589088946231147
solubility_o2_slow_transition,25171,174.00694444444446,CO2_flow_L_min,0.0,0.02883726078384803,0.008034702180933589,3.589088946231147
solubility_o2_slow_transition,25171,176.0077777777778,CO2_flow_L_min,0.0,0.02284685286002742,0.0063656413096194195,3.589088946231147
solubility_o2_slow_transition,25171,177.9997222222222,CO2_flow_L_min,0.0832299292087555,0.01881915654624678,0.005243435542607134,3.589088946231147
solubility_o2_slow_transition,25171,179.9922222222222,CO2_flow_L_min,0.0,0.015591944306980111,0.00434426244112813,3.589088946231147
solubility_o2_slow_transition,25171,181.99305555555554,CO2_flow_L_min,0.0,0.009851138112684435,0.002744746162679802,3.589088946231147
solubility_o2_slow_transition,25171,183.99333333333334,CO2_flow_L_min,0.0,0.00632877809944773,0.0017633383274308352,3.589088946231147
solubility_o2_slow_transition,25171,185.99444444444444,CO2_flow_L_min,0.0,0.004076723251100464,0.001135865762084658,3.589088946231147
solubility_o2_slow_transition,25171,187.9947222222222,CO2_flow_L_min,0.0,0.006110314933461036,0.0017024696308731479,3.589088946231147
solubility_o2_slow_transition,25171,189.99555555555554,CO2_flow_L_min,0.0,0.008158321207599729,0.002273089725504482,3.589088946231147
solubility_o2_slow_transition,25171,191.9961111111111,CO2_flow_L_min,0.0,0.009892543749688398,0.00275628269399019,3.589088946231147
solubility_o2_slow_transition,25171,193.99638888888887,CO2_flow_L_min,0.0,0.00819375276708184,0.0022829617459567244,3.589088946231147
solubility_o2_slow_transition,25171,195.99666666666667,CO2_flow_L_min,0.0,0.006880982490336706,0.0019171947514876528,3.589088946231147
solubility_o2_slow_transition,25171,197.99680555555557,CO2_flow_L_min,0.0,0.005838295138354043,0.0016266788663693488,3.589088946231147
solubility_o2_slow_transition,25171,199.9972222222222,CO2_flow_L_min,0.0,0.004726083485865046,0.001316791964943594,3.589088946231147
solubility_o2_slow_transition,25171,201.99777777777777,CO2_flow_L_min,0.0,0.00386053219670451,0.0010756301263467995,3.589088946231147
solubility_o2_slow_transition,25171,203.99833333333333,CO2_flow_L_min,0.0,0.0031726522096991276,0.0008839714638531559,3.589088946231147
solubility_o2_slow_transition,25171,205.99861111111113,CO2_flow_L_min,0.0,0.004192161889724556,0.001168029534104104,3.589088946231147
solubility_o2_slow_transition,25171,207.99916666666667,CO2_flow_L_min,0.0,0.005247313431635669,0.0014620182197339524,3.589088946231147
solubility_o2_slow_transition,25171,210.0,CO2_flow_L_min,0.0,0.006249449059898162,0.0017412354927733463,3.589088946231147
solubility_o2_slow_transition,25171,212.0002777777778,CO2_flow_L_min,0.0,0.006036769533762487,0.00168197824690347,3.589088946231147
solubility_o2_slow_transition,25171,214.00111111111113,CO2_flow_L_min,0.0,0.005904894533523205,0.0016452349390014013,3.589088946231147
solubility_o2_slow_transition,25171,216.00166666666667,CO2_flow_L_min,0.0,0.005761048421681956,0.001605156213175367,3.589088946231147
solubility_o2_slow_transition,25171,217.8938888888889,CO2_flow_L_min,0.0,0.003578971383876325,0.000997181022118316,3.589088946231147
solubility_o2_qfit,25170,0.49777777777777776,CO2_flow_L_min,0.0,1.1948336066030178e-19,3.244329651855606e-20,3.682836625185818
solubility_o2_qfit,25170,1.9983333333333335,CO2_flow_L_min,0.0,1.45952679661359e-19,3.9630506187331875e-20,3.682836625185818
solubility_o2_qfit,25170,3.998611111111111,CO2_flow_L_min,0.0,1.8222343850708345e-19,4.947909914355469e-20,3.682836625185818
solubility_o2_qfit,25170,5.999166666666667,CO2_flow_L_min,0.0,2.09334879324574e-19,5.684066403950569e-20,3.682836625185818
solubility_o2_qfit,25170,7.999722222222223,CO2_flow_L_min,0.0,1.828720673855908e-18,4.965522123218376e-19,3.682836625185818
solubility_o2_qfit,25170,10.0,CO2_flow_L_min,0.0,1.732835785543943e-17,4.705166049706353e-18,3.682836625185818
solubility_o2_qfit,25170,12.000555555555556,CO2_flow_L_min,0.0,2.523292976732929e-16,6.851493111252569e-17,3.682836625185818
solubility_o2_qfit,25170,14.000833333333333,CO2_flow_L_min,0.0,8.787131239414768e-15,2.3859682450538823e-15,3.682836625185818
solubility_o2_qfit,25170,16.00138888888889,CO2_flow_L_min,0.0,3.527415286707351e-13,9.577984705008126e-14,3.682836625185818
solubility_o2_qfit,25170,18.001666666666665,CO2_flow_L_min,0.0,1.659458610078847e-11,4.505925130455981e-12,3.682836625185818
solubility_o2_qfit,25170,20.001666666666665,CO2_flow_L_min,0.0,3.169758155482304e-10,8.60683890728488e-11,3.682836625185818
solubility_o2_qfit,25170,22.001944444444444,CO2_flow_L_min,0.0,6.889037672388912e-09,1.8705792228948863e-09,3.682836625185818
solubility_o2_qfit,25170,24.0025,CO2_flow_L_min,0.0,1.711020039231623e-07,4.6459297909944445e-08,3.682836625185818
solubility_o2_qfit,25170,26.00277777777778,CO2_flow_L_min,0.0,8.118165903307796e-06,2.204324201565198e-06,3.682836625185818
solubility_o2_qfit,25170,28.003055555555555,CO2_flow_L_min,0.0,0.0004558848336427228,0.00012378633103761997,3.682836625185818
solubility_o2_qfit,25170,30.003333333333334,CO2_flow_L_min,0.0,0.015622711036944192,0.004242032060315992,3.682836625185818
solubility_o2_qfit,25170,32.00388888888889,CO2_flow_L_min,0.02010594867169857,0.051231553063783505,0.01391089485572785,3.682836625185818
solubility_o2_qfit,25170,34.00416666666666,CO2_flow_L_min,0.06976939365267754,0.0769287592125144,0.020888452853548168,3.682836625185818
solubility_o2_qfit,25170,35.97138888888889,CO2_flow_L_min,0.09141644090414047,0.09107600859102466,0.02472985306168161,3.682836625185818
solubility_o2_qfit,25170,38.330555555555556,CO2_flow_L_min,0.0,0.11528025972191054,0.03130202923842544,3.682836625185818
solubility_o2_qfit,25170,40.005833333333335,CO2_flow_L_min,0.0,0.1296112637288898,0.035193324309451345,3.682836625185818
solubility_o2_qfit,25170,42.00611111111111,CO2_flow_L_min,0.0,0.14586933136567343,0.03960787463883592,3.682836625185818
solubility_o2_qfit,25170,44.00694444444444,CO2_flow_L_min,0.0,0.15986192344582378,0.04340728077715311,3.682836625185818
solubility_o2_qfit,25170,46.007222222222225,CO2_flow_L_min,0.10981453210115433,0.1790249109876008,0.0486106035123315,3.682836625185818
solubility_o2_qfit,25170,48.0075,CO2_flow_L_min,0.19227386265993118,0.20575434827208955,0.05586844305419283,3.682836625185818
solubility_o2_qfit,25170,49.999722222222225,CO2_flow_L_min,0.26944872736930847,0.23533892322034108,0.06390153763838684,3.682836625185818
solubility_o2_qfit,25170,51.992222222222225,CO2_flow_L_min,0.3240592032670975,0.28658727695733094,0.07781699437804172,3.682836625185818
solubility_o2_qfit,25170,53.992777777777775,CO2_flow_L_min,0.37912435829639435,0.3640884421210967,0.09886087252179605,3.682836625185818
solubility_o2_qfit,25170,55.99319444444444,CO2_flow_L_min,0.4144144058227539,0.4818136817610641,0.13082678673989623,3.682836625185818
solubility_o2_qfit,25170,57.99361111111111,CO2_flow_L_min,0.44397418200969696,0.6505333453839697,0.17663920819489162,3.682836625185818
solubility_o2_qfit,25170,59.994166666666665,CO2_flow_L_min,0.507400631904602,0.8406911626699209,0.2282727278534936,3.682836625185818
solubility_o2_qfit,25170,61.99472222222222,CO2_flow_L_min,0.5540836751461029,1.0056152699833925,0.2730545425518717,3.682836625185818
solubility_o2_qfit,25170,63.99527777777778,CO2_flow_L_min,0.5873410999774933,1.1095251069592498,0.3012691628435374,3.682836625185818
solubility_o2_qfit,25170,65.99555555555557,CO2_flow_L_min,0.605966329574585,1.1689233691827798,0.31739756284296256,3.682836625185818
solubility_o2_qfit,25170,67.99583333333334,CO2_flow_L_min,0.6478050649166107,1.1879688840237632,0.3225689882357527,3.682836625185818
solubility_o2_qfit,25170,69.9961111111111,CO2_flow_L_min,0.6928205788135529,1.1873875982464361,0.32241115180788843,3.682836625185818
solubility_o2_qfit,25170,71.99666666666667,CO2_flow_L_min,0.7214046716690063,1.1757615509076,0.3192543331590977,3.682836625185818
solubility_o2_qfit,25170,73.9975,CO2_flow_L_min,0.755364716053009,1.1581143517055865,0.31446259217299755,3.682836625185818
solubility_o2_qfit,25170,75.99833333333333,CO2_flow_L_min,0.7820552587509155,1.1373128514687874,0.30881436436551246,3.682836625185818
solubility_o2_qfit,25170,77.9988888888889,CO2_flow_L_min,0.8426351249217987,1.1149844443425052,0.3027515357910422,3.682836625185818
solubility_o2_qfit,25170,79.99916666666667,CO2_flow_L_min,0.8671332597732544,1.0858372323948913,0.29483719830773253,3.682836625185818
solubility_o2_qfit,25170,81.99972222222223,CO2_flow_L_min,0.8808037042617798,1.0550839006935169,0.2864867514019258,3.682836625185818
solubility_o2_qfit,25170,84.0,CO2_flow_L_min,0.9216566383838654,1.0237973795069228,0.27799152764623847,3.682836625185818
solubility_o2_qfit,25170,86.0,CO2_flow_L_min,0.9671140015125275,1.0106447914404941,0.27442020765433817,3.682836625185818
solubility_o2_qfit,25170,88.00055555555556,CO2_flow_L_min,1.0167601704597473,0.9996628673530198,0.271438287682007,3.682836625185818
solubility_o2_qfit,25170,90.00097222222223,CO2_flow_L_min,1.0506026148796082,0.9925863099042557,0.26951679124625155,3.682836625185818
solubility_o2_qfit,25170,92.00222222222223,CO2_flow_L_min,1.0576554536819458,0.9774946663330534,0.2654189598442298,3.682836625185818
solubility_o2_qfit,25170,94.00222222222223,CO2_flow_L_min,1.0318894982337952,0.9612978322671887,0.26102103625590134,3.682836625185818
solubility_o2_qfit,25170,96.0038888888889,CO2_flow_L_min,1.0453163385391235,0.9445101867493139,0.2564626897348884,3.682836625185818
solubility_o2_qfit,25170,98.00444444444443,CO2_flow_L_min,1.0063957571983337,0.927422944250996,0.25182299369693134,3.682836625185818
solubility_o2_qfit,25170,100.00583333333333,CO2_flow_L_min,1.0273829698562622,0.910188172098296,0.2471432389571102,3.682836625185818
solubility_o2_qfit,25170,102.00694444444446,CO2_flow_L_min,1.03029066324234,0.8928567319439484,0.24243723597130765,3.682836625185818
solubility_o2_qfit,25170,104.00777777777779,CO2_flow_L_min,1.0509377121925354,0.8668438069330637,0.23537395088475505,3.682836625185818
solubility_o2_qfit,25170,106.00055555555555,CO2_flow_L_min,1.0386885404586792,0.8401199741574654,0.22811763313423578,3.682836625185818
solubility_o2_qfit,25170,107.99444444444444,CO2_flow_L_min,0.986695259809494,0.8151350572320378,0.2213334829075971,3.682836625185818
solubility_o2_qfit,25170,109.99444444444444,CO2_flow_L_min,1.0487924218177795,0.8058953570086583,0.2188246286836025,3.682836625185818
solubility_o2_qfit,25170,111.99555555555557,CO2_flow_L_min,1.0423717498779297,0.7976839129487221,0.21659497668009503,3.682836625185818
solubility_o2_qfit,25170,113.99694444444444,CO2_flow_L_min,1.037216603755951,0.7897496531120263,0.2144405884613954,3.682836625185818
solubility_o2_qfit,25170,115.99777777777777,CO2_flow_L_min,1.0339342951774597,0.7672700012436852,0.20833669242793862,3.682836625185818
solubility_o2_qfit,25170,117.99833333333333,CO2_flow_L_min,0.9775261580944061,0.7443347137267655,0.20210907772462214,3.682836625185818
solubility_o2_qfit,25170,119.9988888888889,CO2_flow_L_min,0.949872225522995,0.7212563704675544,0.19584261912002773,3.682836625185818
solubility_o2_qfit,25170,122.00027777777777,CO2_flow_L_min,0.9661630988121033,0.7041554590241315,0.1911992115557402,3.682836625185818
solubility_o2_qfit,25170,124.0011111111111,CO2_flow_L_min,0.9199035465717316,0.6884705258707079,0.18694028433476087,3.682836625185818
solubility_o2_qfit,25170,126.00166666666667,CO2_flow_L_min,0.868619829416275,0.6723445344764115,0.18256159664494712,3.682836625185818
solubility_o2_qfit,25170,128.00194444444446,CO2_flow_L_min,0.8611688017845154,0.6525796974920357,0.1771948538333844,3.682836625185818
solubility_o2_qfit,25170,130.0022222222222,CO2_flow_L_min,0.8477236330509186,0.6328238674546112,0.17183055667658947,3.682836625185818
solubility_o2_qfit,25170,132.0025,CO2_flow_L_min,0.8022134602069855,0.6131416782522224,0.1664862552031578,3.682836625185818
solubility_o2_qfit,25170,134.0027777777778,CO2_flow_L_min,0.8443529903888702,0.5984627948337138,0.162500500494919,3.682836625185818
solubility_o2_qfit,25170,136.00333333333333,CO2_flow_L_min,0.8295652866363525,0.5832864557149379,0.15837967172532616,3.682836625185818
solubility_o2_qfit,25170,138.00361111111113,CO2_flow_L_min,0.8142173290252686,0.5676984300881566,0.15414705778850923,3.682836625185818
solubility_o2_qfit,25170,140.00416666666666,CO2_flow_L_min,0.79200679063797,0.5509659462426172,0.1496036893069668,3.682836625185818
solubility_o2_qfit,25170,142.0052777777778,CO2_flow_L_min,0.7756664454936981,0.5340549986284412,0.14501186258879878,3.682836625185818
solubility_o2_qfit,25170,144.00555555555556,CO2_flow_L_min,0.7196485996246338,0.5169517544266227,0.1403678216110224,3.682836625185818
solubility_o2_qfit,25170,146.00583333333333,CO2_flow_L_min,0.73886638879776,0.496556091263619,0.13482979067488915,3.682836625185818
solubility_o2_qfit,25170,148.00611111111112,CO2_flow_L_min,0.7094215154647827,0.47658277209621586,0.12940643873176694,3.682836625185818
solubility_o2_qfit,25170,150.00611111111112,CO2_flow_L_min,0.6570267081260681,0.4568242836860674,0.1240414197474802,3.682836625185818
solubility_o2_qfit,25170,152.00666666666666,CO2_flow_L_min,0.7023055553436279,0.4309845045235393,0.11702514892356757,3.682836625185818
solubility_o2_qfit,25170,154.00666666666666,CO2_flow_L_min,0.6335598230361938,0.4065360256417312,0.1103866576273172,3.682836625185818
solubility_o2_qfit,25170,156.00694444444446,CO2_flow_L_min,0.6580243706703186,0.3830014452894163,0.10399631704273386,3.682836625185818
solubility_o2_qfit,25170,158.00722222222223,CO2_flow_L_min,0.6091253161430359,0.37157426039052116,0.10089349547830495,3.682836625185818
solubility_o2_qfit,25170,160.00722222222223,CO2_flow_L_min,0.6478431820869446,0.35685465159201046,0.09689668261458798,3.682836625185818
solubility_o2_qfit,25170,162.00722222222223,CO2_flow_L_min,0.6133309304714203,0.33925274418916557,0.09211723970298263,3.682836625185818
solubility_o2_qfit,25170,164.0077777777778,CO2_flow_L_min,0.5906752347946167,0.31719921127835,0.08612904767730382,3.682836625185818
solubility_o2_qfit,25170,166.00055555555556,CO2_flow_L_min,0.6082608699798584,0.29231265722353295,0.07937160590412677,3.682836625185818
solubility_o2_qfit,25170,167.99333333333334,CO2_flow_L_min,0.5536117553710938,0.2682111444453994,0.07282732625476342,3.682836625185818
solubility_o2_qfit,25170,169.99388888888888,CO2_flow_L_min,0.5794588029384613,0.230706744709263,0.06264376299820866,3.682836625185818
solubility_o2_qfit,25170,171.99555555555554,CO2_flow_L_min,0.5429856479167938,0.19464537313541036,0.05285202493216476,3.682836625185818
solubility_o2_qfit,25170,173.99638888888887,CO2_flow_L_min,0.5531306266784668,0.16163764755837615,0.04388944284223325,3.682836625185818
solubility_o2_qfit,25170,175.9972222222222,CO2_flow_L_min,0.503053218126297,0.13334635520121882,0.03620751305917373,3.682836625185818
solubility_o2_qfit,25170,177.9975,CO2_flow_L_min,0.5171032249927521,0.11037466498212462,0.029970013936351483,3.682836625185818
solubility_o2_qfit,25170,179.9975,CO2_flow_L_min,0.5095526278018951,0.09225793188538936,0.02505078049198951,3.682836625185818
solubility_o2_qfit,25170,181.99805555555554,CO2_flow_L_min,0.48540203273296356,0.08191582072272156,0.022242588813884325,3.682836625185818
solubility_o2_qfit,25170,183.99861111111113,CO2_flow_L_min,0.507699579000473,0.07285009859522172,0.019780974832557516,3.682836625185818
solubility_o2_qfit,25170,185.99888888888887,CO2_flow_L_min,0.4587230831384659,0.0649489844890102,0.017635586668396725,3.682836625185818
solubility_o2_qfit,25170,187.99944444444446,CO2_flow_L_min,0.4637443870306015,0.061851759248899955,0.01679459762779437,3.682836625185818
solubility_o2_qfit,25170,189.9997222222222,CO2_flow_L_min,0.46611180901527405,0.05790940899965904,0.0157241319377661,3.682836625185818
solubility_o2_qfit,25170,192.0002777777778,CO2_flow_L_min,0.4360964149236679,0.052587378725188254,0.014279041966064665,3.682836625185818
solubility_o2_qfit,25170,194.00138888888887,CO2_flow_L_min,0.4581541270017624,0.04841959032931196,0.013147363094573587,3.682836625185818
solubility_o2_qfit,25170,196.0027777777778,CO2_flow_L_min,0.4118622839450836,0.044455615397157595,0.0120710256580862,3.682836625185818
solubility_o2_qfit,25170,198.00305555555553,CO2_flow_L_min,0.4316452443599701,0.040745603852635426,0.011063646856878861,3.682836625185818
solubility_o2_qfit,25170,200.0038888888889,CO2_flow_L_min,0.401793971657753,0.028964062018754327,0.007864606814398926,3.682836625185818
solubility_o2_qfit,25170,202.005,CO2_flow_L_min,0.40858079493045807,0.021331956711364515,0.005792262563449502,3.682836625185818
solubility_o2_qfit,25170,204.00555555555556,CO2_flow_L_min,0.37395724654197693,0.0161299295511493,0.004379757016871598,3.682836625185818
solubility_o2_qfit,25170,206.00583333333333,CO2_flow_L_min,0.3972831219434738,0.01799606065189025,0.004886467276017778,3.682836625185818
solubility_o2_qfit,25170,208.00666666666666,CO2_flow_L_min,0.37339621782302856,0.018691149465992186,0.005075204623025906,3.682836625185818
solubility_o2_qfit,25170,210.0077777777778,CO2_flow_L_min,0.3867792338132858,0.018608827824367714,0.005052851841731862,3.682836625185818
solubility_o2_qfit,25170,211.99972222222223,CO2_flow_L_min,0.3688569664955139,0.019553164813703488,0.005309267503202625,3.682836625185818
solubility_o2_qfit,25170,213.9922222222222,CO2_flow_L_min,0.37109674513339996,0.01951170498866657,0.005298009923989529,3.682836625185818
solubility_o2_qfit,25170,215.9922222222222,CO2_flow_L_min,0.3616567403078079,0.019073886436125956,0.005179129127174786,3.682836625185818
solubility_o2_qfit,25170,217.99277777777777,CO2_flow_L_min,0.34436510503292084,0.015674255194836045,0.004256027836707309,3.682836625185818
solubility_o2_qfit,25170,219.99333333333334,CO2_flow_L_min,0.34849607944488525,0.013250690196193167,0.003597957646444499,3.682836625185818
solubility_o2_qfit,25170,221.99416666666667,CO2_flow_L_min,0.32139265537261963,0.011439229205312729,0.0031060919528939357,3.682836625185818
solubility_o2_qfit,25170,223.99444444444444,CO2_flow_L_min,0.3353331834077835,0.007057601048800642,0.0019163492077101166,3.682836625185818
solubility_o2_qfit,25170,225.995,CO2_flow_L_min,0.3156689554452896,0.0044716630505509435,0.0012141899045889188,3.682836625185818
solubility_o2_qfit,25170,227.99555555555554,CO2_flow_L_min,0.31158891320228577,0.0028731359727246115,0.0007801421200919135,3.682836625185818
solubility_o2_qfit,25170,229.9961111111111,CO2_flow_L_min,0.33792784810066223,0.004146188026753514,0.001125813726951387,3.682836625185818
solubility_o2_qfit,25170,231.99694444444447,CO2_flow_L_min,0.36408500373363495,0.005567644946722263,0.0015117816817196846,3.682836625185818
solubility_o2_qfit,25170,233.9972222222222,CO2_flow_L_min,0.3085409998893738,0.00697548200333547,0.0018940514373166149,3.682836625185818
solubility_o2_qfit,25170,235.9975,CO2_flow_L_min,0.29279355704784393,0.00684894298675611,0.0018596923197510959,3.682836625185818
solubility_o2_qfit,25170,237.99805555555554,CO2_flow_L_min,0.3260100781917572,0.0066873180804106844,0.0018158063365282394,3.682836625185818
solubility_o2_qfit,25170,239.99861111111113,CO2_flow_L_min,0.3097006678581238,0.006506643499650686,0.0017667477984642864,3.682836625185818
solubility_o2_qfit,25170,241.99944444444446,CO2_flow_L_min,0.31147246062755585,0.004447124650692866,0.001207526997065336,3.682836625185818
solubility_o2_qfit,25170,243.9997222222222,CO2_flow_L_min,0.3079918324947357,0.0031165215787823646,0.0008462285721471884,3.682836625185818
solubility_o2_qfit,25170,246.00111111111113,CO2_flow_L_min,0.2541520893573761,0.002211084314598684,0.0006003753464049259,3.682836625185818
solubility_o2_qfit,25170,248.00138888888887,CO2_flow_L_min,0.29114674031734467,0.0008600699767095593,0.00023353465392078436,3.682836625185818
solubility_o2_qfit,25170,250.00166666666667,CO2_flow_L_min,0.3009909838438034,0.00032812626619409735,8.909606903280476e-05,3.682836625185818
solubility_o2_qfit,25170,252.0022222222222,CO2_flow_L_min,0.18855221569538116,0.0001228847919504765,3.336688657598987e-05,3.682836625185818
solubility_o2_qfit,25170,254.00333333333333,CO2_flow_L_min,0.31672607362270355,0.00023230305046740052,6.307720762814985e-05,3.682836625185818
solubility_o2_qfit,25170,256.0038888888889,CO2_flow_L_min,0.2440953105688095,0.00043113622174223014,0.00011706634467405329,3.682836625185818
solubility_o2_qfit,25170,258.00416666666666,CO2_flow_L_min,0.2801497280597687,0.0007805434688460027,0.00021194083481957887,3.682836625185818
solubility_o2_qfit,25170,260.00444444444446,CO2_flow_L_min,0.26816558837890625,0.0011343448263580974,0.00030800845701399096,3.682836625185818
solubility_o2_qfit,25170,262.0052777777778,CO2_flow_L_min,0.24895182251930237,0.0016085646406372451,0.0004367732822131595,3.682836625185818
solubility_o2_qfit,25170,264.0058333333333,CO2_flow_L_min,0.30818894505500793,0.0022102159454908243,0.000600139558289341,3.682836625185818
solubility_o2_qfit,25170,266.00666666666666,CO2_flow_L_min,0.19077855348587036,0.0015491826232145731,0.00042064929316173755,3.682836625185818
solubility_o2_qfit,25170,268.00666666666666,CO2_flow_L_min,0.27154241502285004,0.0010956851798504062,0.0002975112097988119,3.682836625185818
solubility_o2_qfit,25170,270.00694444444446,CO2_flow_L_min,0.1460215523838997,0.0007807600855906864,0.00021199965272727597,3.682836625185818
solubility_o2_qfit,25170,272.0077777777778,CO2_flow_L_min,0.24887815862894058,0.000989204154894035,0.0002685984352738223,3.682836625185818
solubility_o2_qfit,25170,274.0,CO2_flow_L_min,0.2517445385456085,0.0012420479013989165,0.00033725305458974817,3.682836625185818
solubility_o2_qfit,25170,275.99194444444447,CO2_flow_L_min,0.21002890169620514,0.0015339039307447151,0.00041650067240420197,3.682836625185818
solubility_o2_qfit,25170,277.9925,CO2_flow_L_min,0.22749736160039902,0.0021031339152441605,0.0005710635929004988,3.682836625185818
solubility_o2_qfit,25170,279.99277777777775,CO2_flow_L_min,0.14897896349430084,0.002798123263018607,0.0007597739318337064,3.682836625185818
solubility_o2_qfit,25170,281.99333333333334,CO2_flow_L_min,0.18359868973493576,0.003598181062589233,0.0009770134895429109,3.682836625185818
solubility_o2_qfit,25170,283.9941666666667,CO2_flow_L_min,0.2330804392695427,0.003239480689620225,0.0008796156385179797,3.682836625185818
solubility_o2_qfit,25170,285.9945833333333,CO2_flow_L_min,0.2391098439693451,0.0029400746745298382,0.0007983179743634424,3.682836625185818
solubility_o2_qfit,25170,287.9952777777778,CO2_flow_L_min,0.1702709123492241,0.002689143202389286,0.0007301825945791459,3.682836625185818
solubility_o2_qfit,25170,289.9961111111111,CO2_flow_L_min,0.237287238240242,0.0016472176362194596,0.00044726872350367945,3.682836625185818
solubility_o2_qfit,25170,291.99694444444447,CO2_flow_L_min,0.15782906115055084,0.0010201423189900483,0.0002769990696881855,3.682836625185818
solubility_o2_qfit,25170,293.9975,CO2_flow_L_min,0.2147100493311882,0.0006357914970936316,0.00017263635664575608,3.682836625185818
solubility_o2_qfit,25170,295.99805555555554,CO2_flow_L_min,0.10364668443799019,0.0003723143105515491,0.00010109444117216684,3.682836625185818
solubility_o2_qfit,25170,297.99888888888887,CO2_flow_L_min,0.21209334582090378,0.00021779071479738175,5.913667560162083e-05,3.682836625185818
solubility_o2_qfit,25170,299.99944444444446,CO2_flow_L_min,0.2150188684463501,0.00012708810428861957,3.4508211257459004e-05,3.682836625185818
solubility_o2_qfit,25170,301.99944444444446,CO2_flow_L_min,0.18467075377702713,0.00017697849158060548,4.805493960017192e-05,3.682836625185818
solubility_o2_qfit,25170,303.9997222222222,CO2_flow_L_min,0.16795704513788223,0.00024536623561985057,6.662425206208288e-05,3.682836625185818
solubility_o2_qfit,25170,306.00083333333333,CO2_flow_L_min,0.17765527963638306,0.0003378143210120063,9.172666490329634e-05,3.682836625185818
solubility_o2_qfit,25170,308.00166666666667,CO2_flow_L_min,0.14285282045602798,0.000334228246818545,9.075293878986051e-05,3.682836625185818
solubility_o2_qfit,25170,310.0025,CO2_flow_L_min,0.12291436269879341,0.00033067421772252245,8.97879138762606e-05,3.682836625185818
solubility_o2_qfit,25170,312.0025,CO2_flow_L_min,0.19325070828199387,0.0003271030545169208,8.881823654081228e-05,3.682836625185818
solubility_o2_qfit,25170,314.00333333333333,CO2_flow_L_min,0.18606183677911758,0.0002839415460110078,7.709859950593967e-05,3.682836625185818
solubility_o2_qfit,25170,316.0036111111111,CO2_flow_L_min,0.11333898454904556,0.00024669475036787384,6.69849834447725e-05,3.682836625185818
solubility_o2_qfit,25170,318.0038888888889,CO2_flow_L_min,0.12730340659618378,0.0002145941951435362,5.826872516581124e-05,3.682836625185818
solubility_o2_qfit,25170,320.00458333333336,CO2_flow_L_min,0.15322154760360718,0.00024315463703815428,6.602373707682075e-05,3.682836625185818
solubility_o2_qfit,25170,322.005,CO2_flow_L_min,0.15288059413433075,0.0002750770247813525,7.469161757004996e-05,3.682836625185818
solubility_o2_qfit,25170,324.0052777777778,CO2_flow_L_min,0.09755769744515419,0.0003110879934278691,8.44696697378405e-05,3.682836625185818
solubility_o2_qfit,25170,326.0055555555556,CO2_flow_L_min,0.0,0.0005871823624136502,0.00015943752660600954,3.682836625185818
solubility_o2_qfit,25170,328.00638888888886,CO2_flow_L_min,0.11417782679200172,0.0010773403836010459,0.00029253005040555895,3.682836625185818
solubility_o2_qfit,25170,330.00666666666666,CO2_flow_L_min,0.08088314905762672,0.0018893298251532417,0.0005130094048247159,3.682836625185818
solubility_o2_qfit,25170,332.00722222222225,CO2_flow_L_min,0.058217285200953484,0.0015780822204284127,0.0004284963958586652,3.682836625185818
solubility_o2_qfit,25170,334.0075,CO2_flow_L_min,0.11389579251408577,0.0013282407453038337,0.00036065698277800123,3.682836625185818
solubility_o2_qfit,25170,335.9997222222222,CO2_flow_L_min,0.14201034605503082,0.0011310211047637412,0.0003071059674569939,3.682836625185818
solubility_o2_qfit,25170,337.9922222222222,CO2_flow_L_min,0.08606862649321556,0.0006627723239731023,0.00017996245596141861,3.682836625185818
solubility_o2_qfit,25170,339.9926388888889,CO2_flow_L_min,0.10622508823871613,0.000388497870532027,0.00010548876045035675,3.682836625185818
solubility_o2_qfit,25170,341.99333333333334,CO2_flow_L_min,0.11300522834062576,0.0002276043722401788,6.180137633140189e-05,3.682836625185818
solubility_o2_qfit,25170,343.99361111111114,CO2_flow_L_min,0.10256433114409447,0.0001622747398512462,4.406243240373407e-05,3.682836625185818
solubility_o2_qfit,25170,345.9941666666667,CO2_flow_L_min,0.0,0.00011572257799435915,3.1422131843418485e-05,3.682836625185818
solubility_o2_qfit,25170,347.9941666666667,CO2_flow_L_min,0.0,8.24667036528423e-05,2.239216996183789e-05,3.682836625185818
solubility_o2_qfit,25170,349.99555555555554,CO2_flow_L_min,0.08526002615690231,0.00022225244097979837,6.0348167350101935e-05,3.682836625185818
solubility_o2_qfit,25170,351.99666666666667,CO2_flow_L_min,0.0,0.0005826226006449113,0.00015819941527151372,3.682836625185818
solubility_o2_qfit,25170,353.99694444444447,CO2_flow_L_min,0.0,0.001447840081947755,0.0003931317702355868,3.682836625185818
solubility_o2_qfit,25170,355.99777777777774,CO2_flow_L_min,0.0,0.0010193327686011408,0.0002767792526093145,3.682836625185818
solubility_o2_qfit,25170,357.99833333333333,CO2_flow_L_min,0.020015770569443703,0.0007213437990478272,0.00019586635858750094,3.682836625185818
solubility_o2_qfit,25170,359.99861111111113,CO2_flow_L_min,0.0,0.0005127640051966742,0.00013923072277766398,3.682836625185818
solubility_o2_qfit,25170,361.99916666666667,CO2_flow_L_min,0.06933164969086647,0.0005717322657502122,0.00015524236449705815,3.682836625185818
solubility_o2_qfit,25170,363.99944444444446,CO2_flow_L_min,0.048734547570347786,0.0006359619346692735,0.00017268263553156827,3.682836625185818
solubility_o2_qfit,25170,366.0002777777778,CO2_flow_L_min,0.07116474211215973,0.0007031582563638095,0.00019092844128765327,3.682836625185818
solubility_o2_qfit,25170,368.00083333333333,CO2_flow_L_min,0.05656919442117214,0.00044073586264904463,0.00011967293353036187,3.682836625185818
solubility_o2_qfit,25170,370.00138888888887,CO2_flow_L_min,0.06970534846186638,0.000276418421183884,7.505584670618867e-05,3.682836625185818
solubility_o2_qfit,25170,372.00138888888887,CO2_flow_L_min,0.0,0.0001732837426249571,4.705170504711543e-05,3.682836625185818
solubility_o2_qfit,25170,374.00194444444446,CO2_flow_L_min,0.04881179705262184,0.00017221591072146084,4.676175683268917e-05,3.682836625185818
solubility_o2_qfit,25170,376.0025,CO2_flow_L_min,0.048261480405926704,0.00017116051978323648,4.647518671143892e-05,3.682836625185818
solubility_o2_qfit,25170,378.0025,CO2_flow_L_min,0.0,0.00017011741063268084,4.6191951461897265e-05,3.682836625185818
solubility_o2_qfit,25170,379.8611111111111,CO2_flow_L_min,0.0,0.00016915764045182647,4.5931345228568644e-05,3.682836625185818
solubility_o2_qfit,25171,0.5075000000000003,CO2_flow_L_min,0.8966177105903625,6.773307574294811e-17,1.887193135448229e-17,3.5890908286321612
solubility_o2_qfit,25171,2.0,CO2_flow_L_min,1.0077099800109863,2.27077670595441e-06,6.32688559408742e-07,3.5890908286321612
solubility_o2_qfit,25171,3.99305555555555,CO2_flow_L_min,1.087964653968811,0.41707000859091264,0.11620491887909737,3.5890908286321612
solubility_o2_qfit,25171,5.994444444444447,CO2_flow_L_min,1.2940880060195923,0.7761711065998239,0.21625841854095137,3.5890908286321612
solubility_o2_qfit,25171,7.994722222222222,CO2_flow_L_min,1.4111799001693726,1.015872707610788,0.28304458040086644,3.5890908286321612
solubility_o2_qfit,25171,9.995555555555562,CO2_flow_L_min,1.4755344986915588,1.1775054211734397,0.32807902541218187,3.5890908286321612
solubility_o2_qfit,25171,11.996388888888895,CO2_flow_L_min,1.4894561767578125,1.293180979158323,0.3603087915306862,3.5890908286321612
solubility_o2_qfit,25171,13.996388888888895,CO2_flow_L_min,1.5801073908805847,1.4007477103480697,0.3902792593526837,3.5890908286321612
solubility_o2_qfit,25171,15.996944444444452,CO2_flow_L_min,1.6058717966079712,1.4975950683506911,0.41726307297757625,3.5890908286321612
solubility_o2_qfit,25171,17.99722222222222,CO2_flow_L_min,1.7284287214279175,1.577041864726691,0.4393987056960934,3.5890908286321612
solubility_o2_qfit,25171,19.997777777777785,CO2_flow_L_min,1.685668408870697,1.6061374433257227,0.44750537671342183,3.5890908286321612
solubility_o2_qfit,25171,21.998333333333335,CO2_flow_L_min,1.7897506356239319,1.6049732191009507,0.44718099812275364,3.5890908286321612
solubility_o2_qfit,25171,23.999166666666667,CO2_flow_L_min,1.6657332181930542,1.5865846756625772,0.4420575436557677,3.5890908286321612
solubility_o2_qfit,25171,26.0,CO2_flow_L_min,1.7469052076339722,1.5459970194784838,0.43074892592441827,3.5890908286321612
solubility_o2_qfit,25171,28.00055555555555,CO2_flow_L_min,1.645696759223938,1.4910811242579796,0.4154481442383128,3.5890908286321612
solubility_o2_qfit,25171,30.001666666666665,CO2_flow_L_min,1.6147007942199707,1.4354511964446015,0.3999484172964401,3.5890908286321612
solubility_o2_qfit,25171,32.0025,CO2_flow_L_min,1.4993385076522827,1.3908674998804058,0.38752641442916047,3.5890908286321612
solubility_o2_qfit,25171,34.00305555555555,CO2_flow_L_min,1.485105574131012,1.3504310117624614,0.3762599154608534,3.5890908286321612
solubility_o2_qfit,25171,36.003888888888895,CO2_flow_L_min,1.4768308997154236,1.3129037563642874,0.36580399300305483,3.5890908286321612
solubility_o2_qfit,25171,38.004444444444445,CO2_flow_L_min,1.2267774939537048,1.2775396825872405,0.3559507807368931,3.5890908286321612
solubility_o2_qfit,25171,40.004999999999995,CO2_flow_L_min,1.2437371611595154,1.2438739804459515,0.3465707723312214,3.5890908286321612
solubility_o2_qfit,25171,42.00527777777778,CO2_flow_L_min,1.2025887966156006,1.2115921922137083,0.33757635291594396,3.5890908286321612
solubility_o2_qfit,25171,44.00555555555556,CO2_flow_L_min,0.7370048761367798,1.1728042119721191,0.32676916466309847,3.5890908286321612
solubility_o2_qfit,25171,46.00638888888889,CO2_flow_L_min,0.864924430847168,1.1330502466814492,0.31569283163370543,3.5890908286321612
solubility_o2_qfit,25171,48.007222222222225,CO2_flow_L_min,0.9298628568649292,1.093372183478238,0.30463764660281195,3.5890908286321612
solubility_o2_qfit,25171,50.007222222222225,CO2_flow_L_min,0.9515603482723236,1.0700483429738452,0.29813910933584575,3.5890908286321612
solubility_o2_qfit,25171,52.00805555555556,CO2_flow_L_min,1.0021700263023376,1.0509641534489056,0.29282183249997007,3.5890908286321612
solubility_o2_qfit,25171,54.00027777777777,CO2_flow_L_min,0.8588043451309204,1.0343129463300345,0.2881824383152269,3.5890908286321612
solubility_o2_qfit,25171,55.99194444444444,CO2_flow_L_min,0.9227873086929321,1.0091640907408475,0.2811754115248875,3.5890908286321612
solubility_o2_qfit,25171,57.992222222222225,CO2_flow_L_min,0.946250319480896,0.9805547233564142,0.2732042096939947,3.5890908286321612
solubility_o2_qfit,25171,59.992777777777775,CO2_flow_L_min,0.8144015371799469,0.9514234540132945,0.2650875944468342,3.5890908286321612
solubility_o2_qfit,25171,61.99333333333334,CO2_flow_L_min,0.870048463344574,0.926670239103975,0.2581908018909453,3.5890908286321612
solubility_o2_qfit,25171,63.99333333333334,CO2_flow_L_min,0.8795121312141418,0.9029829376838823,0.25159099638278537,3.5890908286321612
solubility_o2_qfit,25171,65.99361111111111,CO2_flow_L_min,0.8749131262302399,0.88012652085102,0.2452226936776758,3.5890908286321612
solubility_o2_qfit,25171,67.99416666666667,CO2_flow_L_min,0.7442700564861298,0.853589177499273,0.2378288035203011,3.5890908286321612
solubility_o2_qfit,25171,69.99472222222222,CO2_flow_L_min,0.5520975887775421,0.8271117224085914,0.23045159955559333,3.5890908286321612
solubility_o2_qfit,25171,71.99527777777777,CO2_flow_L_min,0.6200417876243591,0.8009559320052188,0.22316401847942954,3.5890908286321612
solubility_o2_qfit,25171,73.99555555555555,CO2_flow_L_min,0.6285392045974731,0.7972838879985498,0.22214090589131252,3.5890908286321612
solubility_o2_qfit,25171,75.9961111111111,CO2_flow_L_min,0.6049787700176239,0.7953739027177852,0.22160874179406326,3.5890908286321612
solubility_o2_qfit,25171,77.99638888888889,CO2_flow_L_min,0.599564254283905,0.7940533492231644,0.22124080641497337,3.5890908286321612
solubility_o2_qfit,25171,79.99666666666667,CO2_flow_L_min,0.6129176914691925,0.7758276323285263,0.2161627190204607,3.5890908286321612
solubility_o2_qfit,25171,81.99694444444445,CO2_flow_L_min,0.5946856141090393,0.7566045561291797,0.2108067452886193,3.5890908286321612
solubility_o2_qfit,25171,83.99777777777778,CO2_flow_L_min,0.563105046749115,0.7368527159257009,0.2053034462230433,3.5890908286321612
solubility_o2_qfit,25171,85.99833333333333,CO2_flow_L_min,0.5567769110202789,0.7126593739303375,0.1985626466304669,3.5890908286321612
solubility_o2_qfit,25171,87.99888888888889,CO2_flow_L_min,0.5214395523071289,0.6884797855930397,0.19182567911089235,3.5890908286321612
solubility_o2_qfit,25171,89.99944444444445,CO2_flow_L_min,0.4976239949464798,0.6645361425174389,0.1851544511540546,3.5890908286321612
solubility_o2_qfit,25171,91.99972222222222,CO2_flow_L_min,0.5244962275028229,0.649657752772514,0.1810090030572186,3.5890908286321612
solubility_o2_qfit,25171,94.00027777777778,CO2_flow_L_min,0.508849710226059,0.6332414998158338,0.17643507229299307,3.5890908286321612
solubility_o2_qfit,25171,96.00166666666667,CO2_flow_L_min,0.49044395983219147,0.6183608353699822,0.17228899041422302,3.5890908286321612
solubility_o2_qfit,25171,98.0025,CO2_flow_L_min,0.46785973012447357,0.6034093198821936,0.16812316786983042,3.5890908286321612
solubility_o2_qfit,25171,100.00333333333333,CO2_flow_L_min,0.4553823918104172,0.5883521989681714,0.16392792132050843,3.5890908286321612
solubility_o2_qfit,25171,102.00444444444445,CO2_flow_L_min,0.4589790999889374,0.5731135702184663,0.15968210267804386,3.5890908286321612
solubility_o2_qfit,25171,104.00527777777778,CO2_flow_L_min,0.43708813190460205,0.5574860635234934,0.15532793404839992,3.5890908286321612
solubility_o2_qfit,25171,106.00583333333333,CO2_flow_L_min,0.44966933131217957,0.5415540938301235,0.15088893530078626,3.5890908286321612
solubility_o2_qfit,25171,108.00638888888889,CO2_flow_L_min,0.42858435213565826,0.5253860724808951,0.14638416734667176,3.5890908286321612
solubility_o2_qfit,25171,110.00694444444444,CO2_flow_L_min,0.40800541639328003,0.5090143278135314,0.14182263757518834,3.5890908286321612
solubility_o2_qfit,25171,112.00750000000001,CO2_flow_L_min,0.36780761182308197,0.4924461744791554,0.13720638400974422,3.5890908286321612
solubility_o2_qfit,25171,113.99944444444444,CO2_flow_L_min,0.40204471349716187,0.4775400190975651,0.13305319979309646,3.5890908286321612
solubility_o2_qfit,25171,115.99194444444444,CO2_flow_L_min,0.4123866707086563,0.47289848632336834,0.13175996621506364,3.5890908286321612
solubility_o2_qfit,25171,117.99305555555556,CO2_flow_L_min,0.4027434438467026,0.465066820943319,0.12957789121223234,3.5890908286321612
solubility_o2_qfit,25171,119.99388888888889,CO2_flow_L_min,0.37688834965229034,0.454584113119628,0.12665717721411765,3.5890908286321612
solubility_o2_qfit,25171,121.99402777777777,CO2_flow_L_min,0.35268230736255646,0.4299906366342442,0.11980489131229871,3.5890908286321612
solubility_o2_qfit,25171,123.99444444444444,CO2_flow_L_min,0.33847102522850037,0.4061642866198214,0.11316634379370519,3.5890908286321612
solubility_o2_qfit,25171,125.99527777777777,CO2_flow_L_min,0.29679641127586365,0.3819860767397176,0.10642976034275965,3.5890908286321612
solubility_o2_qfit,25171,127.9961111111111,CO2_flow_L_min,0.28761163353919983,0.3449525722226241,0.09611140778905532,3.5890908286321612
solubility_o2_qfit,25171,129.9961111111111,CO2_flow_L_min,0.3137179762125015,0.30972924635637283,0.08629741100043818,3.5890908286321612
solubility_o2_qfit,25171,131.9961111111111,CO2_flow_L_min,0.31062687933444977,0.274844544107464,0.07657776223295247,3.5890908286321612
solubility_o2_qfit,25171,133.99694444444447,CO2_flow_L_min,0.25456178188323975,0.2477086890048977,0.06901711347865275,3.5890908286321612
solubility_o2_qfit,25171,135.9975,CO2_flow_L_min,0.22689730674028397,0.21796590307152888,0.0607301161989812,3.5890908286321612
solubility_o2_qfit,25171,137.99833333333333,CO2_flow_L_min,0.2280840054154396,0.18840875804969834,0.05249484257869919,3.5890908286321612
solubility_o2_qfit,25171,139.99861111111113,CO2_flow_L_min,0.26110588014125824,0.16950511240918684,0.047227869257849615,3.5890908286321612
solubility_o2_qfit,25171,141.99944444444446,CO2_flow_L_min,0.29015325009822845,0.15133756110663524,0.04216598808236667,3.5890908286321612
solubility_o2_qfit,25171,144.00083333333333,CO2_flow_L_min,0.254693403840065,0.13287346704356698,0.037021483542172266,3.5890908286321612
solubility_o2_qfit,25171,146.00138888888887,CO2_flow_L_min,0.2017449289560318,0.11573080154944583,0.0322451581961084,3.5890908286321612
solubility_o2_qfit,25171,148.00166666666667,CO2_flow_L_min,0.20070771872997284,0.10204042004618313,0.0284307154425155,3.5890908286321612
solubility_o2_qfit,25171,150.00194444444446,CO2_flow_L_min,0.19978489726781845,0.09075896282803562,0.025287452216032322,3.5890908286321612
solubility_o2_qfit,25171,152.00222222222223,CO2_flow_L_min,0.17563484609127045,0.08334838132971868,0.02322270048581735,3.5890908286321612
solubility_o2_qfit,25171,154.0025,CO2_flow_L_min,0.1340184435248375,0.07625017822305763,0.02124498427701183,3.5890908286321612
solubility_o2_qfit,25171,156.0027777777778,CO2_flow_L_min,0.07704564556479454,0.06956446880937217,0.01938219792444871,3.5890908286321612
solubility_o2_qfit,25171,158.00305555555556,CO2_flow_L_min,0.0969294123351574,0.06191882815036369,0.017251953518814006,3.5890908286321612
solubility_o2_qfit,25171,160.00333333333333,CO2_flow_L_min,0.047401063144207,0.05536482359745089,0.015425863050267519,3.5890908286321612
solubility_o2_qfit,25171,162.0038888888889,CO2_flow_L_min,0.0,0.049638110874029445,0.013830274363089059,3.5890908286321612
solubility_o2_qfit,25171,164.00416666666666,CO2_flow_L_min,0.09385086223483086,0.04457429664282763,0.012419383841510454,3.5890908286321612
solubility_o2_qfit,25171,166.00472222222223,CO2_flow_L_min,0.17001202702522278,0.040066727334638244,0.01116347544481288,3.5890908286321612
solubility_o2_qfit,25171,168.0052777777778,CO2_flow_L_min,0.12270576879382133,0.036045719649115085,0.010043133865980335,3.5890908286321612
solubility_o2_qfit,25171,170.00611111111112,CO2_flow_L_min,0.09362838417291641,0.03376643837219807,0.009408075745206704,3.5890908286321612
solubility_o2_qfit,25171,172.00611111111112,CO2_flow_L_min,0.06864945963025093,0.03130259881061987,0.008721595608810381,3.5890908286321612
solubility_o2_qfit,25171,174.00694444444446,CO2_flow_L_min,0.0,0.028835782988477054,0.008034286220465104,3.5890908286321612
solubility_o2_qfit,25171,176.0077777777778,CO2_flow_L_min,0.0,0.022844822566646376,0.006365072286385344,3.5890908286321612
solubility_o2_qfit,25171,177.9997222222222,CO2_flow_L_min,0.0832299292087555,0.01881711384516947,0.0052428636508875595,3.5890908286321612
solubility_o2_qfit,25171,179.9922222222222,CO2_flow_L_min,0.0,0.015590137517097293,0.004343756751076387,3.5890908286321612
solubility_o2_qfit,25171,181.99305555555554,CO2_flow_L_min,0.0,0.00984934783913312,0.002744245913354833,3.5890908286321612
solubility_o2_qfit,25171,183.99333333333334,CO2_flow_L_min,0.0,0.00632734591576367,0.001762938364581619,3.5890908286321612
solubility_o2_qfit,25171,185.99444444444444,CO2_flow_L_min,0.0,0.004075652918611617,0.0011355669480688205,3.5890908286321612
solubility_o2_qfit,25171,187.9947222222222,CO2_flow_L_min,0.0,0.006109250998377394,0.0017021723021441871,3.5890908286321612
solubility_o2_qfit,25171,189.99555555555554,CO2_flow_L_min,0.0,0.008157517895102698,0.002272864712708207,3.5890908286321612
solubility_o2_qfit,25171,191.9961111111111,CO2_flow_L_min,0.0,0.009892113564690974,0.0027561613893346236,3.5890908286321612
solubility_o2_qfit,25171,193.99638888888887,CO2_flow_L_min,0.0,0.008193275062554625,0.0022828274495569575,3.5890908286321612
solubility_o2_qfit,25171,195.99666666666667,CO2_flow_L_min,0.0,0.006880513957026775,0.0019170632022285734,3.5890908286321612
solubility_o2_qfit,25171,197.99680555555557,CO2_flow_L_min,0.0,0.0058378572752446,0.0016265560148750724,3.5890908286321612
solubility_o2_qfit,25171,199.9972222222222,CO2_flow_L_min,0.0,0.004725671747344356,0.0013166765548659456,3.5890908286321612
solubility_o2_qfit,25171,201.99777777777777,CO2_flow_L_min,0.0,0.0038601575902149224,0.00107552518855759,3.5890908286321612
solubility_o2_qfit,25171,203.99833333333333,CO2_flow_L_min,0.0,0.003172316602005591,0.0008838774925109913,3.5890908286321612
solubility_o2_qfit,25171,205.99861111111113,CO2_flow_L_min,0.0,0.004191893595044004,0.001167954168672175,3.5890908286321612
solubility_o2_qfit,25171,207.99916666666667,CO2_flow_L_min,0.0,0.005247170920122624,0.001461977746080718,3.5890908286321612
solubility_o2_qfit,25171,210.0,CO2_flow_L_min,0.0,0.006249464929912032,0.001741239001269234,3.5890908286321612
solubility_o2_qfit,25171,212.0002777777778,CO2_flow_L_min,0.0,0.006036800104841093,0.0016819858825199414,3.5890908286321612
solubility_o2_qfit,25171,214.00111111111113,CO2_flow_L_min,0.0,0.00590494186712319,0.0016452472642977448,3.5890908286321612
solubility_o2_qfit,25171,216.00166666666667,CO2_flow_L_min,0.0,0.005761108181249524,0.0016051720216412413,3.5890908286321612
solubility_o2_qfit,25171,217.8938888888889,CO2_flow_L_min,0.0,0.003578843766214819,0.0009971449420182973,3.5890908286321612
