timestamp,fermentador,flow_sccm,status
2026-03-29 19:58:49,F1,9.4779,OK
2026-03-29 19:58:59,F1,9.4753,OK
2026-03-29 19:59:09,F1,9.3486,OK
2026-03-29 19:59:19,F1,8.9210,OK
2026-03-29 19:59:29,F1,8.8550,OK
2026-03-29 19:59:40,F1,9.1902,OK
2026-03-29 19:59:50,F1,9.1823,OK
2026-03-29 20:00:00,F1,9.1612,OK
2026-03-29 20:00:10,F1,9.1137,OK
2026-03-29 20:00:21,F1,8.9870,OK
2026-03-29 20:00:31,F1,9.2351,OK
2026-03-29 20:00:41,F1,9.3169,OK
2026-03-29 20:00:51,F1,9.2879,OK
2026-03-29 20:01:02,F1,9.2694,OK
2026-03-29 20:01:12,F1,9.5202,OK
2026-03-29 20:01:22,F1,9.5202,OK
2026-03-29 20:01:32,F1,9.6046,OK
2026-03-29 20:01:42,F1,9.4357,OK
2026-03-29 20:01:53,F1,9.5281,OK
2026-03-29 20:02:03,F1,9.5677,OK
2026-03-29 20:02:13,F1,9.4990,OK
2026-03-29 20:02:23,F1,9.7340,OK
2026-03-29 20:02:34,F1,9.5334,OK
2026-03-29 20:02:44,F1,9.4700,OK
2026-03-29 20:02:54,F1,9.2879,OK
2026-03-29 20:03:04,F1,9.8369,OK
2026-03-29 20:03:15,F1,9.5334,OK
2026-03-29 20:03:25,F1,9.6891,OK
2026-03-29 20:03:35,F1,9.7762,OK
2026-03-29 20:03:45,F1,10.2328,OK
2026-03-29 20:03:56,F1,9.8026,OK
2026-03-29 20:04:06,F1,9.7181,OK
2026-03-29 20:04:16,F1,9.7208,OK
2026-03-29 20:04:26,F1,9.5175,OK
2026-03-29 20:04:37,F1,9.4885,OK
2026-03-29 20:04:47,F1,9.4859,OK
2026-03-29 20:04:57,F1,9.4885,OK
2026-03-29 20:05:07,F1,9.4832,OK
2026-03-29 20:05:17,F1,9.3856,OK
2026-03-29 20:05:28,F1,9.2641,OK
2026-03-29 20:05:38,F1,9.5017,OK
2026-03-29 20:05:48,F1,9.7471,OK
2026-03-29 20:05:58,F1,9.3908,OK
2026-03-29 20:06:09,F1,9.4093,OK
2026-03-29 20:06:19,F1,9.5386,OK
2026-03-29 20:06:29,F1,9.5730,OK
2026-03-29 20:06:39,F1,9.4753,OK
2026-03-29 20:06:50,F1,9.6363,OK
2026-03-29 20:07:00,F1,9.5730,OK
2026-03-29 20:07:10,F1,9.4568,OK
2026-03-29 20:07:20,F1,9.7234,OK
2026-03-29 20:07:31,F1,9.4674,OK
2026-03-29 20:07:41,F1,9.2562,OK
2026-03-29 20:07:51,F1,9.4120,OK
2026-03-29 20:08:01,F1,9.4990,OK
2026-03-29 20:08:12,F1,9.2879,OK
2026-03-29 20:08:22,F1,9.5545,OK
2026-03-29 20:08:32,F1,9.2114,OK
2026-03-29 20:08:42,F1,9.3856,OK
2026-03-29 20:08:53,F1,9.1084,OK
2026-03-29 20:09:03,F1,8.8181,OK
2026-03-29 20:09:13,F1,9.0583,OK
2026-03-29 20:09:23,F1,9.1797,OK
2026-03-29 20:09:33,F1,9.1005,OK
2026-03-29 20:09:44,F1,8.8946,OK
2026-03-29 20:09:54,F1,8.9078,OK
2026-03-29 20:10:04,F1,9.1559,OK
2026-03-29 20:10:14,F1,9.1639,OK
2026-03-29 20:10:25,F1,9.0055,OK
2026-03-29 20:10:35,F1,8.9870,OK
2026-03-29 20:10:45,F1,9.1797,OK
2026-03-29 20:10:55,F1,9.1031,OK
2026-03-29 20:11:06,F1,8.5225,OK
2026-03-29 20:11:16,F1,8.6914,OK
2026-03-29 20:11:26,F1,8.8656,OK
2026-03-29 20:11:36,F1,8.4248,OK
2026-03-29 20:11:47,F1,8.5357,OK
2026-03-29 20:11:57,F1,8.4723,OK
2026-03-29 20:12:07,F1,8.1134,OK
2026-03-29 20:12:17,F1,8.2084,OK
2026-03-29 20:12:28,F1,7.9392,OK
2026-03-29 20:12:38,F1,8.0791,OK
2026-03-29 20:12:48,F1,8.0976,OK
2026-03-29 20:12:58,F1,7.8758,OK
2026-03-29 20:13:08,F1,7.8389,OK
2026-03-29 20:13:19,F1,7.9999,OK
2026-03-29 20:13:29,F1,8.1477,OK
2026-03-29 20:13:39,F1,8.1371,OK
2026-03-29 20:13:49,F1,8.3879,OK
2026-03-29 20:14:00,F1,8.2823,OK
2026-03-29 20:14:10,F1,8.3720,OK
2026-03-29 20:14:20,F1,7.8890,OK
2026-03-29 20:14:30,F1,7.9577,OK
2026-03-29 20:14:41,F1,7.9709,OK
2026-03-29 20:14:51,F1,7.6357,OK
2026-03-29 20:15:01,F1,7.2160,OK
2026-03-29 20:15:11,F1,7.0286,OK
2026-03-29 20:15:21,F1,7.0920,OK
2026-03-29 20:15:32,F1,7.5987,OK
2026-03-29 20:15:42,F1,7.8389,OK
2026-03-29 20:15:52,F1,7.8626,OK
2026-03-29 20:16:02,F1,8.0078,OK
2026-03-29 20:16:13,F1,8.3245,OK
2026-03-29 20:16:23,F1,8.2638,OK
2026-03-29 20:16:33,F1,7.6198,OK
2026-03-29 20:16:43,F1,8.1662,OK
2026-03-29 20:16:54,F1,7.9946,OK
2026-03-29 20:17:04,F1,8.1609,OK
2026-03-29 20:17:14,F1,8.1424,OK
2026-03-29 20:17:24,F1,7.5459,OK
2026-03-29 20:17:34,F1,5.3579,OK
2026-03-29 20:17:45,F1,7.7096,OK
2026-03-29 20:17:55,F1,7.7228,OK
2026-03-29 20:18:05,F1,7.8389,OK
2026-03-29 20:18:15,F1,7.9788,OK
2026-03-29 20:18:26,F1,7.9102,OK
2026-03-29 20:18:36,F1,7.8442,OK
2026-03-29 20:18:46,F1,7.6225,OK
2026-03-29 20:18:56,F1,7.5063,OK
2026-03-29 20:19:07,F1,7.4799,OK
2026-03-29 20:19:17,F1,7.4404,OK
2026-03-29 20:19:27,F1,7.4087,OK
2026-03-29 20:19:37,F1,7.4272,OK
2026-03-29 20:19:48,F1,7.4509,OK
2026-03-29 20:19:58,F1,7.7122,OK
2026-03-29 20:20:08,F1,7.6515,OK
2026-03-29 20:20:18,F1,7.5776,OK
2026-03-29 20:20:29,F1,7.5090,OK
2026-03-29 20:20:39,F1,7.4641,OK
2026-03-29 20:20:49,F1,7.3005,OK
2026-03-29 20:20:59,F1,7.2134,OK
2026-03-29 20:21:10,F1,7.2662,OK
2026-03-29 20:21:20,F1,7.2767,OK
2026-03-29 20:21:30,F1,7.0814,OK
2026-03-29 20:21:40,F1,6.9653,OK
2026-03-29 20:21:50,F1,7.1817,OK
2026-03-29 20:22:01,F1,7.2899,OK
2026-03-29 20:22:11,F1,7.0629,OK
2026-03-29 20:22:21,F1,7.0444,OK
2026-03-29 20:22:31,F1,6.9046,OK
2026-03-29 20:22:42,F1,6.9969,OK
2026-03-29 20:22:52,F1,6.9758,OK
2026-03-29 20:23:02,F1,7.0867,OK
2026-03-29 20:23:12,F1,6.8518,OK
2026-03-29 20:23:23,F1,6.8676,OK
2026-03-29 20:23:33,F1,6.8518,OK
2026-03-29 20:23:43,F1,6.7383,OK
2026-03-29 20:23:53,F1,7.0814,OK
2026-03-29 20:24:03,F1,7.0735,OK
2026-03-29 20:24:14,F1,7.1843,OK
2026-03-29 20:24:24,F1,7.2635,OK
2026-03-29 20:24:34,F1,7.2873,OK
2026-03-29 20:24:44,F1,7.4667,OK
2026-03-29 20:24:55,F1,7.5143,OK
2026-03-29 20:25:05,F1,7.5248,OK
2026-03-29 20:25:15,F1,7.4641,OK
2026-03-29 20:25:25,F1,7.5855,OK
2026-03-29 20:25:36,F1,7.7122,OK
2026-03-29 20:25:46,F1,7.6673,OK
2026-03-29 20:25:56,F1,7.7914,OK
2026-03-29 20:26:06,F1,7.5327,OK
2026-03-29 20:26:17,F1,7.8732,OK
2026-03-29 20:26:27,F1,7.9709,OK
2026-03-29 20:26:37,F1,8.0105,OK
2026-03-29 20:26:47,F1,8.1688,OK
2026-03-29 20:26:58,F1,7.9577,OK
2026-03-29 20:27:08,F1,7.8838,OK
2026-03-29 20:27:18,F1,8.1292,OK
2026-03-29 20:27:28,F1,8.0949,OK
2026-03-29 20:27:39,F1,8.1688,OK
2026-03-29 20:27:49,F1,8.1028,OK
2026-03-29 20:27:59,F1,8.2480,OK
2026-03-29 20:28:09,F1,8.0500,OK
2026-03-29 20:28:19,F1,8.0052,OK
2026-03-29 20:28:30,F1,8.0632,OK
2026-03-29 20:28:40,F1,7.7228,OK
2026-03-29 20:28:50,F1,7.8943,OK
2026-03-29 20:29:00,F1,7.7624,OK
2026-03-29 20:29:11,F1,7.6647,OK
2026-03-29 20:29:21,F1,7.5565,OK
2026-03-29 20:29:31,F1,7.7571,OK
2026-03-29 20:29:41,F1,7.4535,OK
2026-03-29 20:29:52,F1,7.4166,OK
2026-03-29 20:30:02,F1,7.3744,OK
2026-03-29 20:30:12,F1,7.5697,OK
2026-03-29 20:30:22,F1,7.5486,OK
2026-03-29 20:30:32,F1,7.4747,OK
2026-03-29 20:30:43,F1,7.5802,OK
2026-03-29 20:30:53,F1,7.4852,OK
2026-03-29 20:31:03,F1,7.6225,OK
2026-03-29 20:31:13,F1,7.5195,OK
2026-03-29 20:31:24,F1,7.2925,OK
2026-03-29 20:31:34,F1,7.2345,OK
2026-03-29 20:31:44,F1,7.2503,OK
2026-03-29 20:31:54,F1,7.1896,OK
2026-03-29 20:32:05,F1,7.2767,OK
2026-03-29 20:32:15,F1,7.1395,OK
2026-03-29 20:32:25,F1,7.2054,OK
2026-03-29 20:32:35,F1,7.2767,OK
2026-03-29 20:32:45,F1,7.1949,OK
2026-03-29 20:32:56,F1,7.0128,OK
2026-03-29 20:33:06,F1,7.1210,OK
2026-03-29 20:33:16,F1,7.2186,OK
2026-03-29 20:33:26,F1,7.0418,OK
2026-03-29 20:33:37,F1,7.1210,OK
2026-03-29 20:33:47,F1,7.6119,OK
2026-03-29 20:33:57,F1,7.1843,OK
2026-03-29 20:34:07,F1,7.3796,OK
2026-03-29 20:34:18,F1,7.4720,OK
2026-03-29 20:34:28,F1,7.2793,OK
2026-03-29 20:34:38,F1,7.4219,OK
2026-03-29 20:34:48,F1,7.5644,OK
2026-03-29 20:34:59,F1,7.6383,OK
2026-03-29 20:35:09,F1,7.5644,OK
2026-03-29 20:35:19,F1,7.6436,OK
2026-03-29 20:35:29,F1,7.4826,OK
2026-03-29 20:35:40,F1,8.0474,OK
2026-03-29 20:35:50,F1,7.8917,OK
2026-03-29 20:36:00,F1,8.1794,OK
2026-03-29 20:36:10,F1,8.1609,OK
2026-03-29 20:36:20,F1,8.3879,OK
2026-03-29 20:36:31,F1,8.3061,OK
2026-03-29 20:36:41,F1,8.0949,OK
2026-03-29 20:36:51,F1,8.4011,OK
2026-03-29 20:37:02,F1,8.4855,OK
2026-03-29 20:37:12,F1,8.3087,OK
2026-03-29 20:37:22,F1,7.9603,OK
2026-03-29 20:37:32,F1,8.1134,OK
2026-03-29 20:37:43,F1,7.7861,OK
2026-03-29 20:37:53,F1,7.9128,OK
2026-03-29 20:38:03,F1,7.9524,OK
2026-03-29 20:38:13,F1,7.8547,OK
2026-03-29 20:38:23,F1,7.7360,OK
2026-03-29 20:38:34,F1,7.5090,OK
2026-03-29 20:38:44,F1,7.2318,OK
2026-03-29 20:38:54,F1,7.1685,OK
2026-03-29 20:39:04,F1,7.4219,OK
2026-03-29 20:39:15,F1,7.3242,OK
2026-03-29 20:39:25,F1,7.5433,OK
2026-03-29 20:39:35,F1,7.3453,OK
2026-03-29 20:39:45,F1,7.5697,OK
2026-03-29 20:39:56,F1,7.3928,OK
2026-03-29 20:40:06,F1,7.2609,OK
2026-03-29 20:40:16,F1,7.1342,OK
2026-03-29 20:40:26,F1,7.1711,OK
2026-03-29 20:40:36,F1,7.2978,OK
2026-03-29 20:40:47,F1,7.5037,OK
2026-03-29 20:40:57,F1,7.3163,OK
2026-03-29 20:41:07,F1,7.0972,OK
2026-03-29 20:41:17,F1,6.9521,OK
2026-03-29 20:41:28,F1,7.1474,OK
2026-03-29 20:41:38,F1,6.9943,OK
2026-03-29 20:41:48,F1,6.9996,OK
2026-03-29 20:41:58,F1,7.0181,OK
2026-03-29 20:42:09,F1,6.9019,OK
2026-03-29 20:42:19,F1,6.7462,OK
2026-03-29 20:42:29,F1,6.8095,OK
2026-03-29 20:42:39,F1,6.8175,OK
2026-03-29 20:42:49,F1,7.1949,OK
2026-03-29 20:43:00,F1,7.1025,OK
2026-03-29 20:43:10,F1,6.6327,OK
2026-03-29 20:43:20,F1,6.5298,OK
2026-03-29 20:43:31,F1,6.5799,OK
2026-03-29 20:43:41,F1,7.0999,OK
2026-03-29 20:43:51,F1,6.9705,OK
2026-03-29 20:44:01,F1,6.7040,OK
2026-03-29 20:44:12,F1,6.6380,OK
2026-03-29 20:44:22,F1,6.7119,OK
2026-03-29 20:44:32,F1,6.7541,OK
2026-03-29 20:44:42,F1,6.5905,OK
2026-03-29 20:44:53,F1,6.8650,OK
2026-03-29 20:45:03,F1,7.0444,OK
2026-03-29 20:45:13,F1,7.3295,OK
2026-03-29 20:45:23,F1,7.4008,OK
2026-03-29 20:45:34,F1,7.2925,OK
2026-03-29 20:45:44,F1,7.3137,OK
2026-03-29 20:45:54,F1,7.5063,OK
2026-03-29 20:46:04,F1,7.6436,OK
2026-03-29 20:46:15,F1,7.5855,OK
2026-03-29 20:46:25,F1,7.6040,OK
2026-03-29 20:46:35,F1,7.6726,OK
2026-03-29 20:46:45,F1,7.5327,OK
2026-03-29 20:46:55,F1,7.6964,OK
2026-03-29 20:47:06,F1,7.8890,OK
2026-03-29 20:47:16,F1,7.7148,OK
2026-03-29 20:47:26,F1,7.7439,OK
2026-03-29 20:47:36,F1,7.7228,OK
2026-03-29 20:47:47,F1,7.6489,OK
2026-03-29 20:47:57,F1,7.6885,OK
2026-03-29 20:48:07,F1,7.3796,OK
2026-03-29 20:48:17,F1,7.5723,OK
2026-03-29 20:48:28,F1,7.4667,OK
2026-03-29 20:48:38,F1,7.5538,OK
2026-03-29 20:48:48,F1,7.5116,OK
2026-03-29 20:48:58,F1,7.6805,OK
2026-03-29 20:49:09,F1,7.7729,OK
2026-03-29 20:49:19,F1,7.9788,OK
2026-03-29 20:49:29,F1,7.8521,OK
2026-03-29 20:49:39,F1,7.5802,OK
2026-03-29 20:49:49,F1,7.3928,OK
2026-03-29 20:50:00,F1,7.2477,OK
2026-03-29 20:50:10,F1,7.4799,OK
2026-03-29 20:50:20,F1,7.3796,OK
2026-03-29 20:50:30,F1,7.5459,OK
2026-03-29 20:50:41,F1,7.6119,OK
2026-03-29 20:50:51,F1,7.2952,OK
2026-03-29 20:51:01,F1,7.3664,OK
2026-03-29 20:51:11,F1,7.3796,OK
2026-03-29 20:51:22,F1,7.1923,OK
2026-03-29 20:51:32,F1,7.4535,OK
2026-03-29 20:51:42,F1,7.3269,OK
2026-03-29 20:51:52,F1,7.3744,OK
2026-03-29 20:52:03,F1,7.4720,OK
2026-03-29 20:52:13,F1,7.2952,OK
2026-03-29 20:52:23,F1,7.1553,OK
2026-03-29 20:52:33,F1,7.0972,OK
2026-03-29 20:52:43,F1,6.9125,OK
2026-03-29 20:52:54,F1,6.8940,OK
2026-03-29 20:53:04,F1,6.8914,OK
2026-03-29 20:53:14,F1,6.9521,OK
2026-03-29 20:53:24,F1,6.9837,OK
2026-03-29 20:53:35,F1,6.9943,OK
2026-03-29 20:53:45,F1,7.0550,OK
2026-03-29 20:53:55,F1,6.8650,OK
2026-03-29 20:54:05,F1,7.1632,OK
2026-03-29 20:54:16,F1,6.8465,OK
2026-03-29 20:54:26,F1,6.9917,OK
2026-03-29 20:54:36,F1,7.0972,OK
2026-03-29 20:54:46,F1,7.2424,OK
2026-03-29 20:54:57,F1,7.1975,OK
2026-03-29 20:55:07,F1,7.3928,OK
2026-03-29 20:55:17,F1,7.2688,OK
2026-03-29 20:55:27,F1,7.3084,OK
2026-03-29 20:55:37,F1,7.3295,OK
2026-03-29 20:55:48,F1,7.4008,OK
2026-03-29 20:55:58,F1,7.6647,OK
2026-03-29 20:56:08,F1,7.2134,OK
2026-03-29 20:56:18,F1,7.3110,OK
2026-03-29 20:56:29,F1,7.5459,OK
2026-03-29 20:56:39,F1,7.4192,OK
2026-03-29 20:56:49,F1,7.4351,OK
2026-03-29 20:56:59,F1,7.3480,OK
2026-03-29 20:57:10,F1,7.5697,OK
2026-03-29 20:57:20,F1,7.6805,OK
2026-03-29 20:57:30,F1,7.7439,OK
2026-03-29 20:57:40,F1,7.9603,OK
2026-03-29 20:57:50,F1,7.8521,OK
2026-03-29 20:58:01,F1,8.0078,OK
2026-03-29 20:58:11,F1,7.7993,OK
2026-03-29 20:58:21,F1,8.1345,OK
2026-03-29 20:58:31,F1,8.2005,OK
2026-03-29 20:58:42,F1,8.1583,OK
2026-03-29 20:58:52,F1,8.0791,OK
2026-03-29 20:59:02,F1,7.8125,OK
2026-03-29 20:59:12,F1,8.0078,OK
2026-03-29 20:59:23,F1,7.6673,OK
2026-03-29 20:59:33,F1,7.6885,OK
2026-03-29 20:59:43,F1,7.7597,OK
2026-03-29 20:59:53,F1,8.0738,OK
2026-03-29 21:00:03,F1,7.8151,OK
2026-03-29 21:00:14,F1,7.6066,OK
2026-03-29 21:00:24,F1,7.4272,OK
2026-03-29 21:00:34,F1,7.5618,OK
2026-03-29 21:00:44,F1,7.5274,OK
2026-03-29 21:00:55,F1,7.5143,OK
2026-03-29 21:01:05,F1,7.6885,OK
2026-03-29 21:01:15,F1,7.6990,OK
2026-03-29 21:01:25,F1,7.6779,OK
2026-03-29 21:01:36,F1,7.4087,OK
2026-03-29 21:01:46,F1,7.1553,OK
2026-03-29 21:01:56,F1,7.1870,OK
2026-03-29 21:02:06,F1,7.2028,OK
2026-03-29 21:02:16,F1,7.4456,OK
2026-03-29 21:02:27,F1,7.4298,OK
2026-03-29 21:02:37,F1,7.3770,OK
2026-03-29 21:02:47,F1,6.9996,OK
2026-03-29 21:02:57,F1,6.9098,OK
2026-03-29 21:03:08,F1,6.9573,OK
2026-03-29 21:03:18,F1,7.0682,OK
2026-03-29 21:03:28,F1,6.9969,OK
2026-03-29 21:03:38,F1,6.8439,OK
2026-03-29 21:03:49,F1,6.7515,OK
2026-03-29 21:03:59,F1,7.0260,OK
2026-03-29 21:04:09,F1,7.1025,OK
2026-03-29 21:04:19,F1,7.3823,OK
2026-03-29 21:04:29,F1,6.9943,OK
2026-03-29 21:04:40,F1,7.0603,OK
2026-03-29 21:04:50,F1,7.1263,OK
2026-03-29 21:05:00,F1,7.0392,OK
2026-03-29 21:05:10,F1,7.3189,OK
2026-03-29 21:05:21,F1,7.2266,OK
2026-03-29 21:05:31,F1,7.4192,OK
2026-03-29 21:05:41,F1,7.4456,OK
2026-03-29 21:05:51,F1,7.6779,OK
2026-03-29 21:06:02,F1,7.7016,OK
2026-03-29 21:06:12,F1,7.6779,OK
2026-03-29 21:06:22,F1,7.6489,OK
2026-03-29 21:06:32,F1,7.5512,OK
2026-03-29 21:06:43,F1,7.6673,OK
2026-03-29 21:06:53,F1,7.7201,OK
2026-03-29 21:07:03,F1,7.5301,OK
2026-03-29 21:07:13,F1,7.5512,OK
2026-03-29 21:07:24,F1,7.5011,OK
2026-03-29 21:07:34,F1,7.8389,OK
2026-03-29 21:07:44,F1,7.7386,OK
2026-03-29 21:07:54,F1,7.7016,OK
2026-03-29 21:08:04,F1,7.5908,OK
2026-03-29 21:08:15,F1,7.6489,OK
2026-03-29 21:08:25,F1,7.3928,OK
2026-03-29 21:08:35,F1,7.7597,OK
2026-03-29 21:08:45,F1,7.6515,OK
2026-03-29 21:08:56,F1,7.4984,OK
2026-03-29 21:09:06,F1,7.4324,OK
2026-03-29 21:09:16,F1,7.3216,OK
2026-03-29 21:09:26,F1,7.1975,OK
2026-03-29 21:09:37,F1,7.3321,OK
2026-03-29 21:09:47,F1,7.0154,OK
2026-03-29 21:09:57,F1,7.1052,OK
2026-03-29 21:10:07,F1,6.8729,OK
2026-03-29 21:10:18,F1,6.9653,OK
2026-03-29 21:10:28,F1,6.9019,OK
2026-03-29 21:10:38,F1,6.8122,OK
2026-03-29 21:10:48,F1,7.0128,OK
2026-03-29 21:10:59,F1,6.8966,OK
2026-03-29 21:11:09,F1,7.2002,OK
2026-03-29 21:11:19,F1,7.1764,OK
2026-03-29 21:11:29,F1,6.9178,OK
2026-03-29 21:11:39,F1,7.0181,OK
2026-03-29 21:11:50,F1,6.6565,OK
2026-03-29 21:12:00,F1,6.6010,OK
2026-03-29 21:12:10,F1,6.5166,OK
2026-03-29 21:12:20,F1,6.6380,OK
2026-03-29 21:12:31,F1,6.4770,OK
2026-03-29 21:12:41,F1,6.6485,OK
2026-03-29 21:12:51,F1,7.1395,OK
2026-03-29 21:13:01,F1,7.0101,OK
2026-03-29 21:13:12,F1,6.8702,OK
2026-03-29 21:13:22,F1,6.7963,OK
2026-03-29 21:13:32,F1,6.7858,OK
2026-03-29 21:13:42,F1,6.8412,OK
2026-03-29 21:13:53,F1,6.9442,OK
2026-03-29 21:14:03,F1,6.8491,OK
2026-03-29 21:14:13,F1,7.0207,OK
2026-03-29 21:14:23,F1,7.0154,OK
2026-03-29 21:14:34,F1,6.9811,OK
2026-03-29 21:14:44,F1,7.1870,OK
2026-03-29 21:14:54,F1,7.0603,OK
2026-03-29 21:15:04,F1,7.1421,OK
2026-03-29 21:15:15,F1,7.5011,OK
2026-03-29 21:15:25,F1,7.5591,OK
2026-03-29 21:15:35,F1,7.6937,OK
2026-03-29 21:15:45,F1,7.6673,OK
2026-03-29 21:15:56,F1,8.1055,OK
2026-03-29 21:16:06,F1,7.9418,OK
2026-03-29 21:16:16,F1,7.9075,OK
2026-03-29 21:16:26,F1,7.8547,OK
2026-03-29 21:16:37,F1,7.9735,OK
2026-03-29 21:16:47,F1,8.2559,OK
2026-03-29 21:16:57,F1,8.2586,OK
2026-03-29 21:17:07,F1,7.9761,OK
2026-03-29 21:17:17,F1,7.8442,OK
2026-03-29 21:17:28,F1,7.7386,OK
2026-03-29 21:17:38,F1,7.8758,OK
2026-03-29 21:17:48,F1,7.9260,OK
2026-03-29 21:17:58,F1,7.6964,OK
2026-03-29 21:18:09,F1,7.7333,OK
2026-03-29 21:18:19,F1,7.6172,OK
2026-03-29 21:18:29,F1,7.6832,OK
2026-03-29 21:18:39,F1,7.3163,OK
2026-03-29 21:18:50,F1,7.3453,OK
2026-03-29 21:19:00,F1,7.2925,OK
2026-03-29 21:19:10,F1,7.1236,OK
2026-03-29 21:19:20,F1,7.2292,OK
2026-03-29 21:19:31,F1,7.4483,OK
2026-03-29 21:19:41,F1,7.2582,OK
2026-03-29 21:19:51,F1,7.4272,OK
2026-03-29 21:20:01,F1,7.5538,OK
2026-03-29 21:20:12,F1,7.2952,OK
2026-03-29 21:20:22,F1,7.3163,OK
2026-03-29 21:20:32,F1,7.2899,OK
2026-03-29 21:20:42,F1,7.5063,OK
2026-03-29 21:20:52,F1,7.3533,OK
2026-03-29 21:21:03,F1,7.0022,OK
2026-03-29 21:21:13,F1,7.1447,OK
2026-03-29 21:21:23,F1,6.9336,OK
2026-03-29 21:21:33,F1,6.9336,OK
2026-03-29 21:21:44,F1,6.2289,OK
2026-03-29 21:21:54,F1,7.1553,OK
2026-03-29 21:22:04,F1,7.1289,OK
2026-03-29 21:22:14,F1,7.1025,OK
2026-03-29 21:22:25,F1,7.1975,OK
2026-03-29 21:22:35,F1,7.0603,OK
2026-03-29 21:22:45,F1,7.1315,OK
2026-03-29 21:22:55,F1,6.9917,OK
2026-03-29 21:23:06,F1,6.8782,OK
2026-03-29 21:23:16,F1,7.0154,OK
2026-03-29 21:23:26,F1,7.0550,OK
2026-03-29 21:23:36,F1,7.2266,OK
2026-03-29 21:23:46,F1,6.5482,OK
2026-03-29 21:23:57,F1,7.0603,OK
2026-03-29 21:24:07,F1,7.3717,OK
2026-03-29 21:24:17,F1,7.2820,OK
2026-03-29 21:24:28,F1,7.4351,OK
2026-03-29 21:24:38,F1,7.4720,OK
2026-03-29 21:24:48,F1,7.4140,OK
2026-03-29 21:24:58,F1,7.4773,OK
2026-03-29 21:25:09,F1,7.5750,OK
2026-03-29 21:25:19,F1,7.5934,OK
2026-03-29 21:25:29,F1,7.5011,OK
2026-03-29 21:25:39,F1,7.7571,OK
2026-03-29 21:25:50,F1,7.8758,OK
2026-03-29 21:26:00,F1,8.1451,OK
2026-03-29 21:26:10,F1,8.0236,OK
2026-03-29 21:26:20,F1,7.7096,OK
2026-03-29 21:26:30,F1,7.7122,OK
2026-03-29 21:26:41,F1,7.9788,OK
2026-03-29 21:26:51,F1,8.1688,OK
2026-03-29 21:27:01,F1,8.0025,OK
2026-03-29 21:27:11,F1,7.9709,OK
2026-03-29 21:27:22,F1,7.9392,OK
2026-03-29 21:27:32,F1,7.7755,OK
2026-03-29 21:27:42,F1,7.5169,OK
2026-03-29 21:27:52,F1,7.4034,OK
2026-03-29 21:28:03,F1,7.6330,OK
2026-03-29 21:28:13,F1,7.8336,OK
2026-03-29 21:28:23,F1,7.7571,OK
2026-03-29 21:28:33,F1,7.7228,OK
2026-03-29 21:28:44,F1,7.5248,OK
2026-03-29 21:28:54,F1,7.5882,OK
2026-03-29 21:29:04,F1,7.8442,OK
2026-03-29 21:29:14,F1,7.6541,OK
2026-03-29 21:29:25,F1,7.5987,OK
2026-03-29 21:29:35,F1,6.9732,OK
2026-03-29 21:29:45,F1,6.6353,OK
2026-03-29 21:29:55,F1,6.8676,OK
2026-03-29 21:30:05,F1,6.5219,OK
2026-03-29 21:30:16,F1,6.4611,OK
2026-03-29 21:30:26,F1,6.5192,OK
2026-03-29 21:30:36,F1,6.4506,OK
2026-03-29 21:30:46,F1,6.4743,OK
2026-03-29 21:30:57,F1,6.3952,OK
2026-03-29 21:31:07,F1,6.5773,OK
2026-03-29 21:31:17,F1,6.7647,OK
2026-03-29 21:31:27,F1,6.7858,OK
2026-03-29 21:31:38,F1,6.9573,OK
2026-03-29 21:31:48,F1,7.1183,OK
2026-03-29 21:31:58,F1,6.6116,OK
2026-03-29 21:32:08,F1,6.6116,OK
2026-03-29 21:32:18,F1,6.7647,OK
2026-03-29 21:32:29,F1,6.7383,OK
2026-03-29 21:32:39,F1,6.6485,OK
2026-03-29 21:32:49,F1,6.5219,OK
2026-03-29 21:32:59,F1,6.4110,OK
2026-03-29 21:33:10,F1,6.6591,OK
2026-03-29 21:33:20,F1,6.3160,OK
2026-03-29 21:33:30,F1,6.4875,OK
2026-03-29 21:33:40,F1,6.5852,OK
2026-03-29 21:33:51,F1,6.7647,OK
2026-03-29 21:34:01,F1,6.7990,OK
2026-03-29 21:34:11,F1,6.8412,OK
2026-03-29 21:34:21,F1,6.9125,OK
2026-03-29 21:34:32,F1,6.8676,OK
2026-03-29 21:34:42,F1,6.8280,OK
2026-03-29 21:34:52,F1,6.5931,OK
2026-03-29 21:35:02,F1,6.7198,OK
2026-03-29 21:35:13,F1,6.8834,OK
2026-03-29 21:35:23,F1,7.3348,OK
2026-03-29 21:35:33,F1,7.2582,OK
2026-03-29 21:35:43,F1,7.0181,OK
2026-03-29 21:35:54,F1,7.3585,OK
2026-03-29 21:36:04,F1,7.2873,OK
2026-03-29 21:36:14,F1,7.1395,OK
2026-03-29 21:36:24,F1,7.1685,OK
2026-03-29 21:36:35,F1,7.1923,OK
2026-03-29 21:36:45,F1,7.1421,OK
2026-03-29 21:36:55,F1,7.0576,OK
2026-03-29 21:37:05,F1,7.2793,OK
2026-03-29 21:37:15,F1,7.2028,OK
2026-03-29 21:37:26,F1,6.8597,OK
2026-03-29 21:37:36,F1,6.8597,OK
2026-03-29 21:37:46,F1,6.9415,OK
2026-03-29 21:37:56,F1,6.7937,OK
2026-03-29 21:38:07,F1,6.6538,OK
2026-03-29 21:38:17,F1,6.4374,OK
2026-03-29 21:38:27,F1,6.4136,OK
2026-03-29 21:38:37,F1,6.4664,OK
2026-03-29 21:38:48,F1,6.4981,OK
2026-03-29 21:38:58,F1,6.6195,OK
2026-03-29 21:39:08,F1,6.3397,OK
2026-03-29 21:39:18,F1,6.4691,OK
2026-03-29 21:39:29,F1,6.4453,OK
2026-03-29 21:39:39,F1,6.2236,OK
2026-03-29 21:39:49,F1,6.5377,OK
2026-03-29 21:39:59,F1,6.6512,OK
2026-03-29 21:40:10,F1,6.7304,OK
2026-03-29 21:40:20,F1,6.1999,OK
2026-03-29 21:40:30,F1,6.2949,OK
2026-03-29 21:40:40,F1,6.3582,OK
2026-03-29 21:40:51,F1,6.3609,OK
2026-03-29 21:41:01,F1,6.3899,OK
2026-03-29 21:41:11,F1,6.0415,OK
2026-03-29 21:41:21,F1,5.8383,OK
2026-03-29 21:41:31,F1,5.9597,OK
2026-03-29 21:41:42,F1,5.7274,OK
2026-03-29 21:41:52,F1,5.8488,OK
2026-03-29 21:42:02,F1,5.5163,OK
2026-03-29 21:42:12,F1,5.8198,OK
2026-03-29 21:42:23,F1,5.9438,OK
2026-03-29 21:42:33,F1,5.7617,OK
2026-03-29 21:42:43,F1,5.7617,OK
2026-03-29 21:42:53,F1,5.8356,OK
2026-03-29 21:43:04,F1,6.0652,OK
2026-03-29 21:43:14,F1,6.0309,OK
2026-03-29 21:43:24,F1,6.2447,OK
2026-03-29 21:43:34,F1,6.5060,OK
2026-03-29 21:43:44,F1,6.4374,OK
2026-03-29 21:43:55,F1,6.6433,OK
2026-03-29 21:44:05,F1,6.6116,OK
2026-03-29 21:44:15,F1,6.6855,OK
2026-03-29 21:44:26,F1,6.6670,OK
2026-03-29 21:44:36,F1,6.8227,OK
2026-03-29 21:44:46,F1,6.6987,OK
2026-03-29 21:44:56,F1,6.9362,OK
2026-03-29 21:45:07,F1,7.1078,OK
2026-03-29 21:45:17,F1,7.1923,OK
2026-03-29 21:45:27,F1,7.3321,OK
2026-03-29 21:45:37,F1,7.2318,OK
2026-03-29 21:45:47,F1,7.1949,OK
2026-03-29 21:45:58,F1,7.1289,OK
2026-03-29 21:46:08,F1,7.0022,OK
2026-03-29 21:46:18,F1,4.0356,OK
2026-03-29 21:46:28,F1,7.0207,OK
2026-03-29 21:46:39,F1,7.1342,OK
2026-03-29 21:46:49,F1,7.0207,OK
2026-03-29 21:46:59,F1,7.0603,OK
2026-03-29 21:47:09,F1,6.9257,OK
2026-03-29 21:47:20,F1,7.1368,OK
2026-03-29 21:47:30,F1,7.0682,OK
2026-03-29 21:47:40,F1,6.9785,OK
2026-03-29 21:47:50,F1,6.8808,OK
2026-03-29 21:48:01,F1,7.0260,OK
2026-03-29 21:48:11,F1,7.1289,OK
2026-03-29 21:48:21,F1,6.7805,OK
2026-03-29 21:48:31,F1,6.7277,OK
2026-03-29 21:48:42,F1,6.9442,OK
2026-03-29 21:48:52,F1,6.8650,OK
2026-03-29 21:49:02,F1,6.9521,OK
2026-03-29 21:49:12,F1,6.8597,OK
2026-03-29 21:49:22,F1,6.6406,OK
2026-03-29 21:49:33,F1,6.8544,OK
2026-03-29 21:49:43,F1,6.7462,OK
2026-03-29 21:49:53,F1,6.7488,OK
2026-03-29 21:50:03,F1,6.4480,OK
2026-03-29 21:50:14,F1,6.9389,OK
2026-03-29 21:50:24,F1,6.8069,OK
2026-03-29 21:50:34,F1,6.5641,OK
2026-03-29 21:50:44,F1,6.7409,OK
2026-03-29 21:50:55,F1,6.9811,OK
2026-03-29 21:51:05,F1,6.8307,OK
2026-03-29 21:51:15,F1,6.8518,OK
2026-03-29 21:51:25,F1,6.9336,OK
2026-03-29 21:51:36,F1,7.0576,OK
2026-03-29 21:51:46,F1,6.9230,OK
2026-03-29 21:51:56,F1,6.9415,OK
2026-03-29 21:52:06,F1,7.1342,OK
2026-03-29 21:52:17,F1,7.0128,OK
2026-03-29 21:52:27,F1,7.0128,OK
2026-03-29 21:52:37,F1,7.0418,OK
2026-03-29 21:52:47,F1,6.8491,OK
2026-03-29 21:52:57,F1,6.9415,OK
2026-03-29 21:53:08,F1,7.0603,OK
2026-03-29 21:53:18,F1,7.4509,OK
2026-03-29 21:53:28,F1,7.6489,OK
2026-03-29 21:53:38,F1,7.6594,OK
2026-03-29 21:53:49,F1,7.4166,OK
2026-03-29 21:53:59,F1,7.3559,OK
2026-03-29 21:54:09,F1,7.2292,OK
2026-03-29 21:54:19,F1,7.1025,OK
2026-03-29 21:54:30,F1,6.9732,OK
2026-03-29 21:54:40,F1,7.0788,OK
2026-03-29 21:54:50,F1,7.2028,OK
2026-03-29 21:55:00,F1,7.2741,OK
2026-03-29 21:55:11,F1,7.0920,OK
2026-03-29 21:55:21,F1,7.0629,OK
2026-03-29 21:55:31,F1,7.1791,OK
2026-03-29 21:55:41,F1,7.2609,OK
2026-03-29 21:55:52,F1,7.0365,OK
2026-03-29 21:56:02,F1,6.8993,OK
2026-03-29 21:56:12,F1,6.8201,OK
2026-03-29 21:56:22,F1,7.0181,OK
2026-03-29 21:56:32,F1,6.7356,OK
2026-03-29 21:56:43,F1,6.4268,OK
2026-03-29 21:56:53,F1,6.6538,OK
2026-03-29 21:57:03,F1,6.4585,OK
2026-03-29 21:57:13,F1,6.5562,OK
2026-03-29 21:57:24,F1,6.3054,OK
2026-03-29 21:57:34,F1,6.4453,OK
2026-03-29 21:57:44,F1,6.4295,OK
2026-03-29 21:57:54,F1,6.3925,OK
2026-03-29 21:58:05,F1,6.4321,OK
2026-03-29 21:58:15,F1,6.4348,OK
2026-03-29 21:58:25,F1,6.6248,OK
2026-03-29 21:58:35,F1,6.5351,OK
2026-03-29 21:58:46,F1,6.4796,OK
2026-03-29 21:58:56,F1,6.5166,OK
2026-03-29 21:59:06,F1,6.9362,OK
2026-03-29 21:59:16,F1,6.7541,OK
2026-03-29 21:59:26,F1,6.7145,OK
2026-03-29 21:59:37,F1,6.4717,OK
2026-03-29 21:59:47,F1,6.3556,OK
2026-03-29 21:59:57,F1,6.7304,OK
2026-03-29 22:00:07,F1,6.8729,OK
2026-03-29 22:00:18,F1,6.8280,OK
2026-03-29 22:00:28,F1,7.0788,OK
2026-03-29 22:00:38,F1,7.0893,OK
2026-03-29 22:00:48,F1,6.9521,OK
2026-03-29 22:00:59,F1,6.8650,OK
2026-03-29 22:01:09,F1,6.8966,OK
2026-03-29 22:01:19,F1,6.9679,OK
2026-03-29 22:01:29,F1,7.0392,OK
2026-03-29 22:01:39,F1,6.9626,OK
2026-03-29 22:01:50,F1,6.9653,OK
2026-03-29 22:02:00,F1,6.6327,OK
2026-03-29 22:02:10,F1,6.7277,OK
2026-03-29 22:02:20,F1,6.7541,OK
2026-03-29 22:02:31,F1,6.6881,OK
2026-03-29 22:02:41,F1,6.5773,OK
2026-03-29 22:02:51,F1,6.6855,OK
2026-03-29 22:03:01,F1,6.5430,OK
2026-03-29 22:03:12,F1,6.4849,OK
2026-03-29 22:03:22,F1,6.5614,OK
2026-03-29 22:03:32,F1,6.7488,OK
2026-03-29 22:03:42,F1,6.8571,OK
2026-03-29 22:03:53,F1,6.9653,OK
2026-03-29 22:04:03,F1,6.7752,OK
2026-03-29 22:04:13,F1,6.8175,OK
2026-03-29 22:04:23,F1,6.6327,OK
2026-03-29 22:04:34,F1,6.5931,OK
2026-03-29 22:04:44,F1,6.4110,OK
2026-03-29 22:04:54,F1,6.6195,OK
2026-03-29 22:05:04,F1,6.6037,OK
2026-03-29 22:05:15,F1,6.6459,OK
2026-03-29 22:05:25,F1,6.1919,OK
2026-03-29 22:05:35,F1,6.3609,OK
2026-03-29 22:05:45,F1,6.4691,OK
2026-03-29 22:05:56,F1,6.6538,OK
2026-03-29 22:06:06,F1,6.7224,OK
2026-03-29 22:06:16,F1,6.7066,OK
2026-03-29 22:06:26,F1,6.6749,OK
2026-03-29 22:06:36,F1,6.6353,OK
2026-03-29 22:06:47,F1,6.4453,OK
2026-03-29 22:06:57,F1,6.6274,OK
2026-03-29 22:07:07,F1,6.6090,OK
2026-03-29 22:07:17,F1,6.7752,OK
2026-03-29 22:07:28,F1,7.0022,OK
2026-03-29 22:07:38,F1,7.1342,OK
2026-03-29 22:07:48,F1,7.0814,OK
2026-03-29 22:07:58,F1,7.2609,OK
2026-03-29 22:08:09,F1,7.2530,OK
2026-03-29 22:08:19,F1,7.4404,OK
2026-03-29 22:08:29,F1,7.2741,OK
2026-03-29 22:08:39,F1,7.3057,OK
2026-03-29 22:08:50,F1,7.2477,OK
2026-03-29 22:09:00,F1,7.2503,OK
2026-03-29 22:09:10,F1,7.4192,OK
2026-03-29 22:09:20,F1,7.5697,OK
2026-03-29 22:09:31,F1,7.1659,OK
2026-03-29 22:09:41,F1,7.3269,OK
2026-03-29 22:09:51,F1,7.3506,OK
2026-03-29 22:10:01,F1,7.0867,OK
2026-03-29 22:10:12,F1,7.0233,OK
2026-03-29 22:10:22,F1,7.1527,OK
2026-03-29 22:10:32,F1,7.0075,OK
2026-03-29 22:10:42,F1,6.8439,OK
2026-03-29 22:10:52,F1,7.0471,OK
2026-03-29 22:11:03,F1,6.9864,OK
2026-03-29 22:11:13,F1,6.8095,OK
2026-03-29 22:11:23,F1,6.8095,OK
2026-03-29 22:11:33,F1,6.7013,OK
2026-03-29 22:11:44,F1,6.6195,OK
2026-03-29 22:11:54,F1,6.3477,OK
2026-03-29 22:12:04,F1,6.3186,OK
2026-03-29 22:12:14,F1,6.1576,OK
2026-03-29 22:12:25,F1,6.0916,OK
2026-03-29 22:12:35,F1,6.0494,OK
2026-03-29 22:12:45,F1,6.3054,OK
2026-03-29 22:12:55,F1,6.1972,OK
2026-03-29 22:13:06,F1,6.2078,OK
2026-03-29 22:13:16,F1,6.3371,OK
2026-03-29 22:13:26,F1,5.9729,OK
2026-03-29 22:13:36,F1,6.5087,OK
2026-03-29 22:13:46,F1,6.6591,OK
2026-03-29 22:13:57,F1,6.4691,OK
2026-03-29 22:14:07,F1,6.2870,OK
2026-03-29 22:14:17,F1,6.3793,OK
2026-03-29 22:14:27,F1,6.5060,OK
2026-03-29 22:14:38,F1,6.4902,OK
2026-03-29 22:14:48,F1,6.4664,OK
2026-03-29 22:14:58,F1,7.0207,OK
2026-03-29 22:15:08,F1,6.6934,OK
2026-03-29 22:15:19,F1,6.7990,OK
2026-03-29 22:15:29,F1,6.9415,OK
2026-03-29 22:15:39,F1,6.8122,OK
2026-03-29 22:15:49,F1,7.0893,OK
2026-03-29 22:16:00,F1,7.3348,OK
2026-03-29 22:16:10,F1,7.1368,OK
2026-03-29 22:16:20,F1,7.0840,OK
2026-03-29 22:16:30,F1,7.1315,OK
2026-03-29 22:16:40,F1,7.2371,OK
2026-03-29 22:16:51,F1,7.1183,OK
2026-03-29 22:17:01,F1,6.9547,OK
2026-03-29 22:17:11,F1,7.1131,OK
2026-03-29 22:17:21,F1,7.1870,OK
2026-03-29 22:17:32,F1,6.8861,OK
2026-03-29 22:17:42,F1,7.0101,OK
2026-03-29 22:17:52,F1,7.1368,OK
2026-03-29 22:18:02,F1,7.0524,OK
2026-03-29 22:18:13,F1,6.9785,OK
2026-03-29 22:18:23,F1,7.1711,OK
2026-03-29 22:18:33,F1,7.2134,OK
2026-03-29 22:18:43,F1,6.5694,OK
2026-03-29 22:18:54,F1,6.9046,OK
2026-03-29 22:19:04,F1,7.0392,OK
2026-03-29 22:19:14,F1,6.7172,OK
2026-03-29 22:19:24,F1,6.6538,OK
2026-03-29 22:19:35,F1,6.7963,OK
2026-03-29 22:19:45,F1,6.7541,OK
2026-03-29 22:19:55,F1,6.5377,OK
2026-03-29 22:20:05,F1,6.6353,OK
2026-03-29 22:20:15,F1,6.6380,OK
2026-03-29 22:20:26,F1,6.6565,OK
2026-03-29 22:20:36,F1,6.2553,OK
2026-03-29 22:20:46,F1,6.3952,OK
2026-03-29 22:20:56,F1,6.5430,OK
2026-03-29 22:21:07,F1,6.7013,OK
2026-03-29 22:21:17,F1,6.2183,OK
2026-03-29 22:21:27,F1,6.2210,OK
2026-03-29 22:21:37,F1,6.2949,OK
2026-03-29 22:21:48,F1,6.7515,OK
2026-03-29 22:21:58,F1,6.8623,OK
2026-03-29 22:22:08,F1,6.9125,OK
2026-03-29 22:22:18,F1,7.1131,OK
2026-03-29 22:22:29,F1,7.0022,OK
2026-03-29 22:22:39,F1,6.9310,OK
2026-03-29 22:22:49,F1,6.9521,OK
2026-03-29 22:22:59,F1,6.9283,OK
2026-03-29 22:23:10,F1,6.9521,OK
2026-03-29 22:23:20,F1,6.7092,OK
2026-03-29 22:23:30,F1,6.7356,OK
2026-03-29 22:23:40,F1,6.8175,OK
2026-03-29 22:23:51,F1,6.8122,OK
2026-03-29 22:24:01,F1,6.7673,OK
2026-03-29 22:24:11,F1,6.8333,OK
2026-03-29 22:24:21,F1,7.1923,OK
2026-03-29 22:24:32,F1,7.0550,OK
2026-03-29 22:24:42,F1,7.0761,OK
2026-03-29 22:24:52,F1,6.9257,OK
2026-03-29 22:25:02,F1,6.9573,OK
2026-03-29 22:25:12,F1,6.7990,OK
2026-03-29 22:25:23,F1,6.9204,OK
2026-03-29 22:25:33,F1,6.8914,OK
2026-03-29 22:25:43,F1,6.8043,OK
2026-03-29 22:25:53,F1,6.2632,OK
2026-03-29 22:26:04,F1,6.4875,OK
2026-03-29 22:26:14,F1,6.4928,OK
2026-03-29 22:26:24,F1,6.3872,OK
2026-03-29 22:26:34,F1,6.3292,OK
2026-03-29 22:26:45,F1,6.0415,OK
2026-03-29 22:26:55,F1,6.0943,OK
2026-03-29 22:27:05,F1,6.2130,OK
2026-03-29 22:27:15,F1,6.4004,OK
2026-03-29 22:27:26,F1,6.2421,OK
2026-03-29 22:27:36,F1,6.3793,OK
2026-03-29 22:27:46,F1,6.0098,OK
2026-03-29 22:27:56,F1,5.8779,OK
2026-03-29 22:28:06,F1,6.0679,OK
2026-03-29 22:28:17,F1,6.0204,OK
2026-03-29 22:28:27,F1,6.1682,OK
2026-03-29 22:28:37,F1,6.1814,OK
2026-03-29 22:28:47,F1,6.0996,OK
2026-03-29 22:28:58,F1,6.2447,OK
2026-03-29 22:29:08,F1,6.2104,OK
2026-03-29 22:29:18,F1,6.4770,OK
2026-03-29 22:29:28,F1,6.2896,OK
2026-03-29 22:29:39,F1,6.5139,OK
2026-03-29 22:29:49,F1,6.6037,OK
2026-03-29 22:29:59,F1,6.5219,OK
2026-03-29 22:30:09,F1,6.6987,OK
2026-03-29 22:30:20,F1,6.7990,OK
2026-03-29 22:30:30,F1,6.8887,OK
2026-03-29 22:30:40,F1,6.9204,OK
2026-03-29 22:30:50,F1,6.9336,OK
2026-03-29 22:31:01,F1,7.0339,OK
2026-03-29 22:31:11,F1,7.0207,OK
2026-03-29 22:31:21,F1,7.1764,OK
2026-03-29 22:31:31,F1,7.3242,OK
2026-03-29 22:31:42,F1,7.4113,OK
2026-03-29 22:31:52,F1,7.2081,OK
2026-03-29 22:32:02,F1,7.2556,OK
2026-03-29 22:32:12,F1,7.1843,OK
2026-03-29 22:32:22,F1,7.0814,OK
2026-03-29 22:32:33,F1,6.9626,OK
2026-03-29 22:32:43,F1,6.8755,OK
2026-03-29 22:32:53,F1,7.0075,OK
2026-03-29 22:33:03,F1,6.9494,OK
2026-03-29 22:33:14,F1,6.7726,OK
2026-03-29 22:33:24,F1,6.5905,OK
2026-03-29 22:33:34,F1,6.6776,OK
2026-03-29 22:33:44,F1,7.0022,OK
2026-03-29 22:33:55,F1,6.9415,OK
2026-03-29 22:34:05,F1,7.0392,OK
2026-03-29 22:34:15,F1,6.8359,OK
2026-03-29 22:34:25,F1,6.7515,OK
2026-03-29 22:34:35,F1,6.5694,OK
2026-03-29 22:34:46,F1,6.7937,OK
2026-03-29 22:34:56,F1,6.8122,OK
2026-03-29 22:35:06,F1,7.1078,OK
2026-03-29 22:35:16,F1,6.8571,OK
2026-03-29 22:35:27,F1,6.7330,OK
2026-03-29 22:35:37,F1,6.7383,OK
2026-03-29 22:35:47,F1,6.5641,OK
2026-03-29 22:35:57,F1,6.7990,OK
2026-03-29 22:36:08,F1,6.8887,OK
2026-03-29 22:36:18,F1,6.8333,OK
2026-03-29 22:36:28,F1,6.6934,OK
2026-03-29 22:36:38,F1,6.5351,OK
2026-03-29 22:36:49,F1,6.5166,OK
2026-03-29 22:36:59,F1,6.5931,OK
2026-03-29 22:37:09,F1,6.8043,OK
2026-03-29 22:37:19,F1,6.7726,OK
2026-03-29 22:37:29,F1,7.1421,OK
2026-03-29 22:37:40,F1,7.2134,OK
2026-03-29 22:37:50,F1,7.2450,OK
2026-03-29 22:38:00,F1,7.1342,OK
2026-03-29 22:38:10,F1,7.0286,OK
2026-03-29 22:38:21,F1,6.9969,OK
2026-03-29 22:38:31,F1,7.1685,OK
2026-03-29 22:38:41,F1,7.2925,OK
2026-03-29 22:38:51,F1,7.2582,OK
2026-03-29 22:39:02,F1,7.1553,OK
2026-03-29 22:39:12,F1,7.3453,OK
2026-03-29 22:39:22,F1,7.3401,OK
2026-03-29 22:39:32,F1,7.4773,OK
2026-03-29 22:39:43,F1,7.1949,OK
2026-03-29 22:39:53,F1,7.5908,OK
2026-03-29 22:40:03,F1,7.3770,OK
2026-03-29 22:40:13,F1,7.0471,OK
2026-03-29 22:40:23,F1,7.1659,OK
2026-03-29 22:40:34,F1,7.4060,OK
2026-03-29 22:40:44,F1,7.2978,OK
2026-03-29 22:40:54,F1,7.0814,OK
2026-03-29 22:41:04,F1,7.0471,OK
2026-03-29 22:41:15,F1,6.9415,OK
2026-03-29 22:41:25,F1,7.0761,OK
2026-03-29 22:41:35,F1,7.1104,OK
2026-03-29 22:41:45,F1,7.2107,OK
2026-03-29 22:41:56,F1,7.1078,OK
2026-03-29 22:42:06,F1,6.9864,OK
2026-03-29 22:42:16,F1,6.9072,OK
2026-03-29 22:42:26,F1,6.6380,OK
2026-03-29 22:42:37,F1,6.7383,OK
2026-03-29 22:42:47,F1,6.7383,OK
2026-03-29 22:42:57,F1,6.6908,OK
2026-03-29 22:43:07,F1,6.5641,OK
2026-03-29 22:43:18,F1,6.4136,OK
2026-03-29 22:43:28,F1,6.5641,OK
2026-03-29 22:43:38,F1,6.6749,OK
2026-03-29 22:43:48,F1,6.3292,OK
2026-03-29 22:43:59,F1,6.6037,OK
2026-03-29 22:44:09,F1,6.5641,OK
2026-03-29 22:44:19,F1,7.0312,OK
2026-03-29 22:44:29,F1,6.9626,OK
2026-03-29 22:44:39,F1,7.0497,OK
2026-03-29 22:44:50,F1,6.7568,OK
2026-03-29 22:45:00,F1,6.9125,OK
2026-03-29 22:45:10,F1,6.9890,OK
2026-03-29 22:45:20,F1,6.9098,OK
2026-03-29 22:45:31,F1,7.1949,OK
2026-03-29 22:45:41,F1,7.4298,OK
2026-03-29 22:45:51,F1,7.1659,OK
2026-03-29 22:46:01,F1,7.0761,OK
2026-03-29 22:46:12,F1,7.2662,OK
2026-03-29 22:46:22,F1,7.1791,OK
2026-03-29 22:46:32,F1,7.2160,OK
2026-03-29 22:46:42,F1,7.2318,OK
2026-03-29 22:46:53,F1,7.2134,OK
2026-03-29 22:47:03,F1,7.3348,OK
2026-03-29 22:47:13,F1,7.3585,OK
2026-03-29 22:47:23,F1,7.3638,OK
2026-03-29 22:47:34,F1,7.4852,OK
2026-03-29 22:47:44,F1,7.0920,OK
2026-03-29 22:47:54,F1,7.0735,OK
2026-03-29 22:48:04,F1,7.1553,OK
2026-03-29 22:48:15,F1,6.9679,OK
2026-03-29 22:48:25,F1,7.1104,OK
2026-03-29 22:48:35,F1,6.8333,OK
2026-03-29 22:48:45,F1,6.8597,OK
2026-03-29 22:48:56,F1,6.7884,OK
2026-03-29 22:49:06,F1,6.9837,OK
2026-03-29 22:49:17,F1,6.7990,OK
2026-03-29 22:49:27,F1,6.8307,OK
2026-03-29 22:49:37,F1,6.6802,OK
2026-03-29 22:49:47,F1,6.5746,OK
2026-03-29 22:49:57,F1,6.5007,OK
2026-03-29 22:50:08,F1,6.5535,OK
2026-03-29 22:50:18,F1,6.3503,OK
2026-03-29 22:50:28,F1,6.4427,OK
2026-03-29 22:50:39,F1,6.4480,OK
2026-03-29 22:50:49,F1,6.6723,OK
2026-03-29 22:50:59,F1,6.5931,OK
2026-03-29 22:51:09,F1,6.5720,OK
2026-03-29 22:51:19,F1,6.5377,OK
2026-03-29 22:51:30,F1,6.6565,OK
2026-03-29 22:51:40,F1,6.4163,OK
2026-03-29 22:51:50,F1,6.6433,OK
2026-03-29 22:52:00,F1,6.6433,OK
2026-03-29 22:52:11,F1,6.6908,OK
2026-03-29 22:52:21,F1,6.8307,OK
2026-03-29 22:52:31,F1,6.6406,OK
2026-03-29 22:52:41,F1,6.7198,OK
2026-03-29 22:52:52,F1,6.8887,OK
2026-03-29 22:53:02,F1,6.9890,OK
2026-03-29 22:53:12,F1,7.3823,OK
2026-03-29 22:53:22,F1,7.2028,OK
2026-03-29 22:53:33,F1,7.2292,OK
2026-03-29 22:53:43,F1,7.1368,OK
2026-03-29 22:53:53,F1,7.1131,OK
2026-03-29 22:54:03,F1,7.3796,OK
2026-03-29 22:54:13,F1,7.6568,OK
2026-03-29 22:54:24,F1,7.6805,OK
2026-03-29 22:54:34,F1,7.6357,OK
2026-03-29 22:54:44,F1,7.5882,OK
2026-03-29 22:54:54,F1,7.7043,OK
2026-03-29 22:55:05,F1,7.7650,OK
2026-03-29 22:55:15,F1,7.6436,OK
2026-03-29 22:55:25,F1,7.9207,OK
2026-03-29 22:55:35,F1,7.7016,OK
2026-03-29 22:55:46,F1,7.5776,OK
2026-03-29 22:55:56,F1,7.3928,OK
2026-03-29 22:56:06,F1,7.1975,OK
2026-03-29 22:56:16,F1,7.4509,OK
2026-03-29 22:56:27,F1,7.5723,OK
2026-03-29 22:56:37,F1,7.4826,OK
2026-03-29 22:56:47,F1,7.2398,OK
2026-03-29 22:56:57,F1,7.0656,OK
2026-03-29 22:57:08,F1,7.1553,OK
2026-03-29 22:57:18,F1,6.9811,OK
2026-03-29 22:57:28,F1,7.0128,OK
2026-03-29 22:57:38,F1,6.7172,OK
2026-03-29 22:57:49,F1,6.8280,OK
2026-03-29 22:57:59,F1,6.9257,OK
2026-03-29 22:58:09,F1,7.0181,OK
2026-03-29 22:58:19,F1,7.1949,OK
2026-03-29 22:58:29,F1,6.9336,OK
2026-03-29 22:58:40,F1,6.7911,OK
2026-03-29 22:58:50,F1,6.7594,OK
2026-03-29 22:59:00,F1,6.7700,OK
2026-03-29 22:59:10,F1,6.8201,OK
2026-03-29 22:59:21,F1,6.6142,OK
2026-03-29 22:59:31,F1,6.5007,OK
2026-03-29 22:59:41,F1,6.6644,OK
2026-03-29 22:59:51,F1,6.7937,OK
2026-03-29 23:00:02,F1,6.7779,OK
2026-03-29 23:00:12,F1,6.4427,OK
2026-03-29 23:00:22,F1,6.6353,OK
2026-03-29 23:00:32,F1,6.6908,OK
2026-03-29 23:00:43,F1,6.8016,OK
2026-03-29 23:00:53,F1,6.8095,OK
2026-03-29 23:01:03,F1,6.9072,OK
2026-03-29 23:01:13,F1,7.0972,OK
2026-03-29 23:01:24,F1,7.0761,OK
2026-03-29 23:01:34,F1,6.9098,OK
2026-03-29 23:01:44,F1,7.0920,OK
2026-03-29 23:01:54,F1,7.0946,OK
2026-03-29 23:02:05,F1,7.3348,OK
2026-03-29 23:02:15,F1,7.5380,OK
2026-03-29 23:02:25,F1,7.4931,OK
2026-03-29 23:02:35,F1,7.5486,OK
2026-03-29 23:02:45,F1,7.3480,OK
2026-03-29 23:02:56,F1,7.2002,OK
2026-03-29 23:03:06,F1,7.5380,OK
2026-03-29 23:03:16,F1,7.3533,OK
2026-03-29 23:03:26,F1,7.1632,OK
2026-03-29 23:03:37,F1,7.0418,OK
2026-03-29 23:03:47,F1,7.1236,OK
2026-03-29 23:03:57,F1,6.7990,OK
2026-03-29 23:04:07,F1,6.9864,OK
2026-03-29 23:04:18,F1,7.0075,OK
2026-03-29 23:04:28,F1,6.8940,OK
2026-03-29 23:04:38,F1,6.7937,OK
2026-03-29 23:04:48,F1,6.7462,OK
2026-03-29 23:04:59,F1,7.1553,OK
2026-03-29 23:05:09,F1,6.9336,OK
2026-03-29 23:05:19,F1,6.8623,OK
2026-03-29 23:05:29,F1,6.7488,OK
2026-03-29 23:05:40,F1,6.9758,OK
2026-03-29 23:05:50,F1,6.5060,OK
2026-03-29 23:06:00,F1,6.7304,OK
2026-03-29 23:06:10,F1,6.7832,OK
2026-03-29 23:06:21,F1,6.6433,OK
2026-03-29 23:06:31,F1,5.8647,OK
2026-03-29 23:06:41,F1,6.3265,OK
2026-03-29 23:06:51,F1,6.1497,OK
2026-03-29 23:07:02,F1,6.3133,OK
2026-03-29 23:07:12,F1,6.3477,OK
2026-03-29 23:07:22,F1,6.3054,OK
2026-03-29 23:07:32,F1,6.3529,OK
2026-03-29 23:07:43,F1,6.3265,OK
2026-03-29 23:07:53,F1,6.2975,OK
2026-03-29 23:08:03,F1,6.1128,OK
2026-03-29 23:08:13,F1,6.0547,OK
2026-03-29 23:08:24,F1,6.1418,OK
2026-03-29 23:08:34,F1,6.5826,OK
2026-03-29 23:08:44,F1,6.4849,OK
2026-03-29 23:08:54,F1,6.3213,OK
2026-03-29 23:09:04,F1,6.4823,OK
2026-03-29 23:09:15,F1,6.6406,OK
2026-03-29 23:09:25,F1,6.8412,OK
2026-03-29 23:09:35,F1,6.8914,OK
2026-03-29 23:09:45,F1,6.9072,OK
2026-03-29 23:09:56,F1,7.2371,OK
2026-03-29 23:10:06,F1,7.3269,OK
2026-03-29 23:10:16,F1,7.0260,OK
2026-03-29 23:10:26,F1,6.9573,OK
2026-03-29 23:10:37,F1,6.9758,OK
2026-03-29 23:10:47,F1,6.9257,OK
2026-03-29 23:10:57,F1,6.9521,OK
2026-03-29 23:11:07,F1,7.0233,OK
2026-03-29 23:11:17,F1,7.1052,OK
2026-03-29 23:11:28,F1,7.0101,OK
2026-03-29 23:11:38,F1,6.7198,OK
2026-03-29 23:11:48,F1,6.8122,OK
2026-03-29 23:11:58,F1,7.2213,OK
2026-03-29 23:12:09,F1,6.9890,OK
2026-03-29 23:12:19,F1,6.9969,OK
2026-03-29 23:12:29,F1,6.7911,OK
2026-03-29 23:12:39,F1,6.5826,OK
2026-03-29 23:12:49,F1,6.4110,OK
2026-03-29 23:13:00,F1,6.4348,OK
2026-03-29 23:13:10,F1,6.5087,OK
2026-03-29 23:13:20,F1,6.3477,OK
2026-03-29 23:13:30,F1,6.2711,OK
2026-03-29 23:13:41,F1,6.3160,OK
2026-03-29 23:13:51,F1,6.2606,OK
2026-03-29 23:14:01,F1,6.3872,OK
2026-03-29 23:14:11,F1,6.4189,OK
2026-03-29 23:14:22,F1,6.3133,OK
2026-03-29 23:14:32,F1,5.9755,OK
2026-03-29 23:14:42,F1,6.0943,OK
2026-03-29 23:14:52,F1,6.0204,OK
2026-03-29 23:15:03,F1,6.2817,OK
2026-03-29 23:15:13,F1,6.1180,OK
2026-03-29 23:15:23,F1,6.0151,OK
2026-03-29 23:15:33,F1,5.8963,OK
2026-03-29 23:15:43,F1,5.7723,OK
2026-03-29 23:15:54,F1,5.9887,OK
2026-03-29 23:16:04,F1,6.2447,OK
2026-03-29 23:16:14,F1,6.3397,OK
2026-03-29 23:16:24,F1,6.2104,OK
2026-03-29 23:16:35,F1,5.8409,OK
2026-03-29 23:16:45,F1,5.9491,OK
2026-03-29 23:16:55,F1,5.4001,OK
2026-03-29 23:17:05,F1,4.6585,OK
2026-03-29 23:17:16,F1,4.7772,OK
2026-03-29 23:17:26,F1,5.1388,OK
2026-03-29 23:17:36,F1,5.6482,OK
2026-03-29 23:17:46,F1,5.9993,OK
2026-03-29 23:17:57,F1,6.2843,OK
2026-03-29 23:18:07,F1,6.2738,OK
2026-03-29 23:18:17,F1,6.0864,OK
2026-03-29 23:18:27,F1,6.1787,OK
2026-03-29 23:18:37,F1,6.1101,OK
2026-03-29 23:18:48,F1,6.3503,OK
2026-03-29 23:18:58,F1,6.4559,OK
2026-03-29 23:19:08,F1,6.1260,OK
2026-03-29 23:19:18,F1,5.8620,OK
2026-03-29 23:19:29,F1,5.7063,OK
2026-03-29 23:19:39,F1,5.7828,OK
2026-03-29 23:19:49,F1,5.6350,OK
2026-03-29 23:19:59,F1,5.5954,OK
2026-03-29 23:20:10,F1,5.6166,OK
2026-03-29 23:20:20,F1,5.5770,OK
2026-03-29 23:20:30,F1,5.3632,OK
2026-03-29 23:20:40,F1,5.3077,OK
2026-03-29 23:20:51,F1,5.3843,OK
2026-03-29 23:21:01,F1,5.6377,OK
2026-03-29 23:21:11,F1,5.3790,OK
2026-03-29 23:21:21,F1,5.0148,OK
2026-03-29 23:21:32,F1,5.1731,OK
2026-03-29 23:21:42,F1,5.2734,OK
2026-03-29 23:21:52,F1,5.0966,OK
2026-03-29 23:22:02,F1,5.1415,OK
2026-03-29 23:22:13,F1,5.0755,OK
2026-03-29 23:22:23,F1,5.0834,OK
2026-03-29 23:22:33,F1,5.2629,OK
2026-03-29 23:22:43,F1,4.9620,OK
2026-03-29 23:22:54,F1,4.9989,OK
2026-03-29 23:23:04,F1,5.2101,OK
2026-03-29 23:23:14,F1,5.0465,OK
2026-03-29 23:23:24,F1,5.2444,OK
2026-03-29 23:23:35,F1,5.4767,OK
2026-03-29 23:23:45,F1,5.6429,OK
2026-03-29 23:23:55,F1,5.6984,OK
2026-03-29 23:24:05,F1,5.6166,OK
2026-03-29 23:24:15,F1,5.6535,OK
2026-03-29 23:24:26,F1,5.5427,OK
2026-03-29 23:24:36,F1,5.9095,OK
2026-03-29 23:24:46,F1,5.7934,OK
2026-03-29 23:24:56,F1,5.6086,OK
2026-03-29 23:25:07,F1,5.6482,OK
2026-03-29 23:25:17,F1,5.6852,OK
2026-03-29 23:25:27,F1,5.5664,OK
2026-03-29 23:25:37,F1,5.9254,OK
2026-03-29 23:25:48,F1,5.4925,OK
2026-03-29 23:25:58,F1,5.5400,OK
2026-03-29 23:26:08,F1,5.4239,OK
2026-03-29 23:26:18,F1,5.5954,OK
2026-03-29 23:26:29,F1,5.5400,OK
2026-03-29 23:26:39,F1,5.4503,OK
2026-03-29 23:26:49,F1,5.3843,OK
2026-03-29 23:26:59,F1,5.5215,OK
2026-03-29 23:27:09,F1,5.4635,OK
2026-03-29 23:27:20,F1,5.6350,OK
2026-03-29 23:27:30,F1,5.5558,OK
2026-03-29 23:27:40,F1,5.5427,OK
2026-03-29 23:27:50,F1,5.6034,OK
2026-03-29 23:28:01,F1,5.3579,OK
2026-03-29 23:28:11,F1,5.0808,OK
2026-03-29 23:28:21,F1,5.0623,OK
2026-03-29 23:28:31,F1,5.3051,OK
2026-03-29 23:28:42,F1,5.2233,OK
2026-03-29 23:28:52,F1,5.4160,OK
2026-03-29 23:29:02,F1,5.2893,OK
2026-03-29 23:29:12,F1,5.3051,OK
2026-03-29 23:29:23,F1,5.1811,OK
2026-03-29 23:29:33,F1,5.1599,OK
2026-03-29 23:29:43,F1,5.0570,OK
2026-03-29 23:29:53,F1,5.0333,OK
2026-03-29 23:30:04,F1,5.3658,OK
2026-03-29 23:30:14,F1,5.1362,OK
2026-03-29 23:30:24,F1,5.1784,OK
2026-03-29 23:30:34,F1,4.7667,OK
2026-03-29 23:30:45,F1,4.9699,OK
2026-03-29 23:30:55,F1,5.1177,OK
2026-03-29 23:31:05,F1,5.2048,OK
2026-03-29 23:31:15,F1,5.2154,OK
2026-03-29 23:31:26,F1,5.5400,OK
2026-03-29 23:31:36,F1,5.2708,OK
2026-03-29 23:31:46,F1,5.4133,OK
2026-03-29 23:31:56,F1,5.4476,OK
2026-03-29 23:32:06,F1,5.3394,OK
2026-03-29 23:32:17,F1,5.5479,OK
2026-03-29 23:32:27,F1,5.7248,OK
2026-03-29 23:32:37,F1,5.7696,OK
2026-03-29 23:32:47,F1,5.7089,OK
2026-03-29 23:32:58,F1,5.8488,OK
2026-03-29 23:33:08,F1,5.7195,OK
2026-03-29 23:33:18,F1,5.7617,OK
2026-03-29 23:33:28,F1,5.8673,OK
2026-03-29 23:33:39,F1,5.8699,OK
2026-03-29 23:33:49,F1,5.6535,OK
2026-03-29 23:33:59,F1,5.7644,OK
2026-03-29 23:34:09,F1,5.5954,OK
2026-03-29 23:34:20,F1,5.5796,OK
2026-03-29 23:34:30,F1,5.5242,OK
2026-03-29 23:34:40,F1,5.4608,OK
2026-03-29 23:34:50,F1,5.5981,OK
2026-03-29 23:35:01,F1,5.8092,OK
2026-03-29 23:35:11,F1,5.8594,OK
2026-03-29 23:35:21,F1,5.8673,OK
2026-03-29 23:35:31,F1,5.8039,OK
2026-03-29 23:35:42,F1,5.7908,OK
2026-03-29 23:35:52,F1,5.4714,OK
2026-03-29 23:36:02,F1,5.4450,OK
2026-03-29 23:36:12,F1,5.5981,OK
2026-03-29 23:36:22,F1,5.5611,OK
2026-03-29 23:36:33,F1,5.5506,OK
2026-03-29 23:36:43,F1,5.4239,OK
2026-03-29 23:36:53,F1,5.4186,OK
2026-03-29 23:37:03,F1,5.3632,OK
2026-03-29 23:37:14,F1,5.3368,OK
2026-03-29 23:37:24,F1,5.2523,OK
2026-03-29 23:37:34,F1,5.1309,OK
2026-03-29 23:37:44,F1,5.2127,OK
2026-03-29 23:37:55,F1,5.4529,OK
2026-03-29 23:38:05,F1,5.3843,OK
2026-03-29 23:38:15,F1,5.3500,OK
2026-03-29 23:38:25,F1,5.5268,OK
2026-03-29 23:38:36,F1,5.3262,OK
2026-03-29 23:38:46,F1,5.5347,OK
2026-03-29 23:38:56,F1,5.5347,OK
2026-03-29 23:39:06,F1,5.6535,OK
2026-03-29 23:39:17,F1,5.3605,OK
2026-03-29 23:39:27,F1,5.5479,OK
2026-03-29 23:39:37,F1,5.7512,OK
2026-03-29 23:39:47,F1,5.6509,OK
2026-03-29 23:39:58,F1,5.6799,OK
2026-03-29 23:40:08,F1,5.5822,OK
2026-03-29 23:40:18,F1,5.6377,OK
2026-03-29 23:40:28,F1,5.9465,OK
2026-03-29 23:40:38,F1,5.9333,OK
2026-03-29 23:40:49,F1,5.9544,OK
2026-03-29 23:40:59,F1,5.8858,OK
2026-03-29 23:41:09,F1,5.8119,OK
2026-03-29 23:41:19,F1,5.9254,OK
2026-03-29 23:41:30,F1,6.0230,OK
2026-03-29 23:41:40,F1,6.0732,OK
2026-03-29 23:41:50,F1,5.9544,OK
2026-03-29 23:42:00,F1,5.6641,OK
2026-03-29 23:42:11,F1,5.7512,OK
2026-03-29 23:42:21,F1,5.7723,OK
2026-03-29 23:42:31,F1,5.6561,OK
2026-03-29 23:42:41,F1,5.4978,OK
2026-03-29 23:42:51,F1,5.4344,OK
2026-03-29 23:43:02,F1,5.4661,OK
2026-03-29 23:43:12,F1,5.2972,OK
2026-03-29 23:43:22,F1,5.3737,OK
2026-03-29 23:43:32,F1,5.4133,OK
2026-03-29 23:43:43,F1,5.3948,OK
2026-03-29 23:43:53,F1,5.4978,OK
2026-03-29 23:44:03,F1,5.7168,OK
2026-03-29 23:44:13,F1,5.7037,OK
2026-03-29 23:44:24,F1,5.5822,OK
2026-03-29 23:44:34,F1,5.6825,OK
2026-03-29 23:44:44,F1,5.5374,OK
2026-03-29 23:44:54,F1,5.5638,OK
2026-03-29 23:45:05,F1,5.6509,OK
2026-03-29 23:45:15,F1,5.6509,OK
2026-03-29 23:45:25,F1,5.6693,OK
2026-03-29 23:45:35,F1,5.4080,OK
2026-03-29 23:45:46,F1,5.5347,OK
2026-03-29 23:45:56,F1,5.5770,OK
2026-03-29 23:46:06,F1,5.6245,OK
2026-03-29 23:46:16,F1,5.5321,OK
2026-03-29 23:46:26,F1,5.3473,OK
2026-03-29 23:46:37,F1,5.2946,OK
2026-03-29 23:46:47,F1,5.3104,OK
2026-03-29 23:46:57,F1,5.2048,OK
2026-03-29 23:47:07,F1,5.5664,OK
2026-03-29 23:47:18,F1,5.5954,OK
2026-03-29 23:47:28,F1,5.7670,OK
2026-03-29 23:47:38,F1,6.0996,OK
2026-03-29 23:47:48,F1,5.8858,OK
2026-03-29 23:47:59,F1,5.1863,OK
2026-03-29 23:48:09,F1,6.0600,OK
2026-03-29 23:48:19,F1,6.1180,OK
2026-03-29 23:48:29,F1,6.2474,OK
2026-03-29 23:48:40,F1,6.0415,OK
2026-03-29 23:48:50,F1,5.8409,OK
2026-03-29 23:49:00,F1,5.9597,OK
2026-03-29 23:49:10,F1,5.9966,OK
2026-03-29 23:49:21,F1,5.9518,OK
2026-03-29 23:49:31,F1,6.0943,OK
2026-03-29 23:49:41,F1,5.7881,OK
2026-03-29 23:49:51,F1,5.7116,OK
2026-03-29 23:50:02,F1,5.6799,OK
2026-03-29 23:50:12,F1,5.6535,OK
2026-03-29 23:50:22,F1,5.7037,OK
2026-03-29 23:50:32,F1,5.5189,OK
2026-03-29 23:50:43,F1,5.5558,OK
2026-03-29 23:50:53,F1,5.3922,OK
2026-03-29 23:51:03,F1,5.1652,OK
2026-03-29 23:51:13,F1,5.2840,OK
2026-03-29 23:51:23,F1,5.2734,OK
2026-03-29 23:51:34,F1,5.0992,OK
2026-03-29 23:51:44,F1,5.1811,OK
2026-03-29 23:51:54,F1,5.1573,OK
2026-03-29 23:52:04,F1,4.8775,OK
2026-03-29 23:52:15,F1,4.9198,OK
2026-03-29 23:52:25,F1,5.0702,OK
2026-03-29 23:52:35,F1,5.1283,OK
2026-03-29 23:52:45,F1,5.1441,OK
2026-03-29 23:52:55,F1,4.8300,OK
2026-03-29 23:53:06,F1,4.7825,OK
2026-03-29 23:53:16,F1,5.1072,OK
2026-03-29 23:53:26,F1,5.0913,OK
2026-03-29 23:53:36,F1,5.1652,OK
2026-03-29 23:53:47,F1,5.1045,OK
2026-03-29 23:53:57,F1,5.4292,OK
2026-03-29 23:54:07,F1,5.3817,OK
2026-03-29 23:54:17,F1,5.7010,OK
2026-03-29 23:54:28,F1,5.7802,OK
2026-03-29 23:54:38,F1,5.7037,OK
2026-03-29 23:54:48,F1,5.8066,OK
2026-03-29 23:54:58,F1,5.9649,OK
2026-03-29 23:55:09,F1,5.8963,OK
2026-03-29 23:55:19,F1,5.8171,OK
2026-03-29 23:55:29,F1,5.7195,OK
2026-03-29 23:55:39,F1,5.6931,OK
2026-03-29 23:55:50,F1,5.5611,OK
2026-03-29 23:56:00,F1,5.6192,OK
2026-03-29 23:56:10,F1,5.6720,OK
2026-03-29 23:56:20,F1,5.8620,OK
2026-03-29 23:56:31,F1,5.6403,OK
2026-03-29 23:56:41,F1,5.7010,OK
2026-03-29 23:56:51,F1,5.8383,OK
2026-03-29 23:57:01,F1,5.6482,OK
2026-03-29 23:57:12,F1,5.9227,OK
2026-03-29 23:57:22,F1,5.6034,OK
2026-03-29 23:57:32,F1,5.7564,OK
2026-03-29 23:57:42,F1,5.7353,OK
2026-03-29 23:57:52,F1,5.6271,OK
2026-03-29 23:58:03,F1,5.6720,OK
2026-03-29 23:58:13,F1,5.5374,OK
2026-03-29 23:58:23,F1,5.4424,OK
2026-03-29 23:58:33,F1,5.3579,OK
2026-03-29 23:58:44,F1,5.3975,OK
2026-03-29 23:58:54,F1,5.2655,OK
2026-03-29 23:59:04,F1,5.2655,OK
2026-03-29 23:59:14,F1,5.2127,OK
2026-03-29 23:59:25,F1,5.0253,OK
2026-03-29 23:59:35,F1,5.0966,OK
2026-03-29 23:59:45,F1,5.2312,OK
2026-03-29 23:59:55,F1,5.2233,OK
2026-03-30 00:00:06,F1,4.9752,OK
2026-03-30 00:00:16,F1,5.1679,OK
2026-03-30 00:00:26,F1,5.1943,OK
2026-03-30 00:00:36,F1,5.1362,OK
2026-03-30 00:00:47,F1,5.0333,OK
2026-03-30 00:00:57,F1,5.2312,OK
2026-03-30 00:01:07,F1,5.2761,OK
2026-03-30 00:01:17,F1,5.3051,OK
2026-03-30 00:01:28,F1,5.3500,OK
2026-03-30 00:01:38,F1,5.4819,OK
2026-03-30 00:01:48,F1,5.2523,OK
2026-03-30 00:01:58,F1,5.4239,OK
2026-03-30 00:02:09,F1,5.3183,OK
2026-03-30 00:02:19,F1,5.6773,OK
2026-03-30 00:02:29,F1,5.8303,OK
2026-03-30 00:02:39,F1,5.6324,OK
2026-03-30 00:02:49,F1,5.6931,OK
2026-03-30 00:03:00,F1,5.8013,OK
2026-03-30 00:03:10,F1,5.8145,OK
2026-03-30 00:03:20,F1,5.9227,OK
2026-03-30 00:03:30,F1,5.9491,OK
2026-03-30 00:03:41,F1,5.6852,OK
2026-03-30 00:03:51,F1,6.0309,OK
2026-03-30 00:04:01,F1,6.0652,OK
2026-03-30 00:04:11,F1,6.0283,OK
2026-03-30 00:04:22,F1,5.9412,OK
2026-03-30 00:04:32,F1,5.8937,OK
2026-03-30 00:04:42,F1,5.8330,OK
2026-03-30 00:04:52,F1,5.6482,OK
2026-03-30 00:05:03,F1,5.7670,OK
2026-03-30 00:05:13,F1,5.7485,OK
2026-03-30 00:05:23,F1,5.6957,OK
2026-03-30 00:05:33,F1,5.7300,OK
2026-03-30 00:05:44,F1,5.7406,OK
2026-03-30 00:05:54,F1,5.6166,OK
2026-03-30 00:06:04,F1,5.3790,OK
2026-03-30 00:06:14,F1,5.1705,OK
2026-03-30 00:06:24,F1,5.3025,OK
2026-03-30 00:06:35,F1,5.6350,OK
2026-03-30 00:06:45,F1,5.5822,OK
2026-03-30 00:06:55,F1,5.5136,OK
2026-03-30 00:07:05,F1,5.2101,OK
2026-03-30 00:07:16,F1,4.9989,OK
2026-03-30 00:07:26,F1,5.4265,OK
2026-03-30 00:07:36,F1,5.2550,OK
2026-03-30 00:07:46,F1,5.2233,OK
2026-03-30 00:07:57,F1,5.2048,OK
2026-03-30 00:08:07,F1,5.1336,OK
2026-03-30 00:08:17,F1,5.0095,OK
2026-03-30 00:08:27,F1,5.1177,OK
2026-03-30 00:08:38,F1,5.0385,OK
2026-03-30 00:08:48,F1,4.9884,OK
2026-03-30 00:08:58,F1,5.3500,OK
2026-03-30 00:09:08,F1,5.8990,OK
2026-03-30 00:09:19,F1,5.4344,OK
2026-03-30 00:09:29,F1,5.3579,OK
2026-03-30 00:09:39,F1,5.2972,OK
2026-03-30 00:09:49,F1,5.3579,OK
2026-03-30 00:09:59,F1,5.3289,OK
2026-03-30 00:10:10,F1,5.5110,OK
2026-03-30 00:10:20,F1,5.4107,OK
2026-03-30 00:10:30,F1,5.6350,OK
2026-03-30 00:10:40,F1,5.7855,OK
2026-03-30 00:10:51,F1,5.7828,OK
2026-03-30 00:11:01,F1,5.8910,OK
2026-03-30 00:11:11,F1,6.1391,OK
2026-03-30 00:11:21,F1,6.2394,OK
2026-03-30 00:11:32,F1,6.0098,OK
2026-03-30 00:11:42,F1,5.9438,OK
2026-03-30 00:11:52,F1,6.0916,OK
2026-03-30 00:12:02,F1,6.0547,OK
2026-03-30 00:12:13,F1,5.9887,OK
2026-03-30 00:12:23,F1,5.8409,OK
2026-03-30 00:12:33,F1,5.6773,OK
2026-03-30 00:12:43,F1,5.5875,OK
2026-03-30 00:12:54,F1,5.6614,OK
2026-03-30 00:13:04,F1,5.5400,OK
2026-03-30 00:13:14,F1,5.6060,OK
2026-03-30 00:13:24,F1,5.6403,OK
2026-03-30 00:13:35,F1,5.6007,OK
2026-03-30 00:13:45,F1,5.3157,OK
2026-03-30 00:13:55,F1,5.4661,OK
2026-03-30 00:14:05,F1,5.6245,OK
2026-03-30 00:14:15,F1,5.4503,OK
2026-03-30 00:14:26,F1,5.6218,OK
2026-03-30 00:14:36,F1,5.4714,OK
2026-03-30 00:14:46,F1,5.4080,OK
2026-03-30 00:14:57,F1,5.3051,OK
2026-03-30 00:15:07,F1,5.4371,OK
2026-03-30 00:15:17,F1,5.2602,OK
2026-03-30 00:15:27,F1,5.4582,OK
2026-03-30 00:15:38,F1,5.2550,OK
2026-03-30 00:15:48,F1,5.1705,OK
2026-03-30 00:15:58,F1,4.8749,OK
2026-03-30 00:16:08,F1,5.0755,OK
2026-03-30 00:16:19,F1,5.1547,OK
2026-03-30 00:16:29,F1,5.2365,OK
2026-03-30 00:16:39,F1,5.1151,OK
2026-03-30 00:16:49,F1,5.2761,OK
2026-03-30 00:17:00,F1,5.3341,OK
2026-03-30 00:17:10,F1,5.3975,OK
2026-03-30 00:17:20,F1,5.4028,OK
2026-03-30 00:17:30,F1,5.5347,OK
2026-03-30 00:17:41,F1,5.3948,OK
2026-03-30 00:17:51,F1,5.5031,OK
2026-03-30 00:18:01,F1,5.6456,OK
2026-03-30 00:18:11,F1,5.6614,OK
2026-03-30 00:18:22,F1,5.7485,OK
2026-03-30 00:18:32,F1,5.6429,OK
2026-03-30 00:18:42,F1,5.7696,OK
2026-03-30 00:18:52,F1,5.9254,OK
2026-03-30 00:19:02,F1,5.8963,OK
2026-03-30 00:19:13,F1,5.8013,OK
2026-03-30 00:19:23,F1,5.7670,OK
2026-03-30 00:19:33,F1,5.9227,OK
2026-03-30 00:19:43,F1,6.0045,OK
2026-03-30 00:19:54,F1,5.8462,OK
2026-03-30 00:20:04,F1,5.6561,OK
2026-03-30 00:20:14,F1,5.7432,OK
2026-03-30 00:20:24,F1,5.6245,OK
2026-03-30 00:20:35,F1,5.6905,OK
2026-03-30 00:20:45,F1,5.5427,OK
2026-03-30 00:20:55,F1,5.5822,OK
2026-03-30 00:21:05,F1,5.5822,OK
2026-03-30 00:21:16,F1,5.4899,OK
2026-03-30 00:21:26,F1,5.6852,OK
2026-03-30 00:21:36,F1,5.5506,OK
2026-03-30 00:21:46,F1,5.4371,OK
2026-03-30 00:21:57,F1,5.5796,OK
2026-03-30 00:22:07,F1,5.3183,OK
2026-03-30 00:22:17,F1,5.2312,OK
2026-03-30 00:22:27,F1,5.3473,OK
2026-03-30 00:22:38,F1,5.3315,OK
2026-03-30 00:22:48,F1,5.1520,OK
2026-03-30 00:22:58,F1,5.1415,OK
2026-03-30 00:23:08,F1,4.9831,OK
2026-03-30 00:23:18,F1,5.0834,OK
2026-03-30 00:23:29,F1,4.8379,OK
2026-03-30 00:23:39,F1,4.9488,OK
2026-03-30 00:23:49,F1,4.9963,OK
2026-03-30 00:23:59,F1,4.9092,OK
2026-03-30 00:24:10,F1,4.9778,OK
2026-03-30 00:24:20,F1,5.1943,OK
2026-03-30 00:24:30,F1,5.3421,OK
2026-03-30 00:24:40,F1,5.0992,OK
2026-03-30 00:24:51,F1,5.2497,OK
2026-03-30 00:25:01,F1,5.1995,OK
2026-03-30 00:25:11,F1,4.9646,OK
2026-03-30 00:25:21,F1,5.2523,OK
2026-03-30 00:25:31,F1,5.3922,OK
2026-03-30 00:25:42,F1,5.4292,OK
2026-03-30 00:25:52,F1,5.4925,OK
2026-03-30 00:26:02,F1,5.5347,OK
2026-03-30 00:26:12,F1,5.8066,OK
2026-03-30 00:26:23,F1,5.7459,OK
2026-03-30 00:26:33,F1,5.7037,OK
2026-03-30 00:26:43,F1,5.6878,OK
2026-03-30 00:26:53,F1,5.6350,OK
2026-03-30 00:27:04,F1,5.7696,OK
2026-03-30 00:27:14,F1,5.6482,OK
2026-03-30 00:27:24,F1,5.6086,OK
2026-03-30 00:27:34,F1,5.7485,OK
2026-03-30 00:27:45,F1,5.8145,OK
2026-03-30 00:27:55,F1,5.7195,OK
2026-03-30 00:28:05,F1,5.6799,OK
2026-03-30 00:28:15,F1,5.4397,OK
2026-03-30 00:28:26,F1,5.2682,OK
2026-03-30 00:28:36,F1,5.3236,OK
2026-03-30 00:28:46,F1,5.2470,OK
2026-03-30 00:28:56,F1,5.2391,OK
2026-03-30 00:29:07,F1,5.3658,OK
2026-03-30 00:29:17,F1,5.5453,OK
2026-03-30 00:29:27,F1,5.6482,OK
2026-03-30 00:29:37,F1,5.7168,OK
2026-03-30 00:29:48,F1,5.3658,OK
2026-03-30 00:29:58,F1,5.2655,OK
2026-03-30 00:30:08,F1,5.1626,OK
2026-03-30 00:30:18,F1,5.2946,OK
2026-03-30 00:30:28,F1,5.2576,OK
2026-03-30 00:30:39,F1,5.0570,OK
2026-03-30 00:30:49,F1,5.0623,OK
2026-03-30 00:30:59,F1,5.0359,OK
2026-03-30 00:31:09,F1,5.0412,OK
2026-03-30 00:31:20,F1,4.8960,OK
2026-03-30 00:31:30,F1,5.1309,OK
2026-03-30 00:31:40,F1,5.1863,OK
2026-03-30 00:31:50,F1,5.2022,OK
2026-03-30 00:32:01,F1,5.1388,OK
2026-03-30 00:32:11,F1,5.2998,OK
2026-03-30 00:32:21,F1,5.3368,OK
2026-03-30 00:32:31,F1,5.4767,OK
2026-03-30 00:32:42,F1,5.4635,OK
2026-03-30 00:32:52,F1,5.7564,OK
2026-03-30 00:33:02,F1,5.7300,OK
2026-03-30 00:33:12,F1,5.8831,OK
2026-03-30 00:33:23,F1,5.6905,OK
2026-03-30 00:33:33,F1,5.8013,OK
2026-03-30 00:33:43,F1,5.7116,OK
2026-03-30 00:33:53,F1,5.8039,OK
2026-03-30 00:34:04,F1,5.7881,OK
2026-03-30 00:34:14,F1,5.9122,OK
2026-03-30 00:34:24,F1,5.2708,OK
2026-03-30 00:34:34,F1,5.8435,OK
2026-03-30 00:34:45,F1,5.7855,OK
2026-03-30 00:34:55,F1,5.7089,OK
2026-03-30 00:35:05,F1,5.6746,OK
2026-03-30 00:35:15,F1,5.6192,OK
2026-03-30 00:35:25,F1,5.5031,OK
2026-03-30 00:35:36,F1,5.7327,OK
2026-03-30 00:35:46,F1,5.6034,OK
2026-03-30 00:35:56,F1,5.5770,OK
2026-03-30 00:36:06,F1,5.4344,OK
2026-03-30 00:36:17,F1,5.4503,OK
2026-03-30 00:36:27,F1,5.5532,OK
2026-03-30 00:36:37,F1,5.6245,OK
2026-03-30 00:36:47,F1,5.5849,OK
2026-03-30 00:36:58,F1,5.2470,OK
2026-03-30 00:37:08,F1,5.0887,OK
2026-03-30 00:37:18,F1,5.3605,OK
2026-03-30 00:37:28,F1,5.1916,OK
2026-03-30 00:37:39,F1,5.1731,OK
2026-03-30 00:37:49,F1,5.1626,OK
2026-03-30 00:37:59,F1,5.1283,OK
2026-03-30 00:38:09,F1,4.9726,OK
2026-03-30 00:38:20,F1,5.1336,OK
2026-03-30 00:38:30,F1,4.8300,OK
2026-03-30 00:38:40,F1,5.0095,OK
2026-03-30 00:38:50,F1,4.5793,OK
2026-03-30 00:39:00,F1,4.7113,OK
2026-03-30 00:39:11,F1,4.7878,OK
2026-03-30 00:39:21,F1,4.8406,OK
2026-03-30 00:39:31,F1,4.9224,OK
2026-03-30 00:39:41,F1,4.9066,OK
2026-03-30 00:39:52,F1,4.7482,OK
2026-03-30 00:40:02,F1,4.8643,OK
2026-03-30 00:40:12,F1,5.2101,OK
2026-03-30 00:40:22,F1,5.2075,OK
2026-03-30 00:40:33,F1,5.1626,OK
2026-03-30 00:40:43,F1,5.0834,OK
2026-03-30 00:40:53,F1,5.0333,OK
2026-03-30 00:41:03,F1,5.0940,OK
2026-03-30 00:41:14,F1,5.0649,OK
2026-03-30 00:41:24,F1,5.1283,OK
2026-03-30 00:41:34,F1,5.2708,OK
2026-03-30 00:41:44,F1,5.5743,OK
2026-03-30 00:41:55,F1,5.4001,OK
2026-03-30 00:42:05,F1,5.3764,OK
2026-03-30 00:42:15,F1,5.2602,OK
2026-03-30 00:42:25,F1,5.1731,OK
2026-03-30 00:42:36,F1,5.1995,OK
2026-03-30 00:42:46,F1,5.3605,OK
2026-03-30 00:42:56,F1,5.4846,OK
2026-03-30 00:43:06,F1,5.2946,OK
2026-03-30 00:43:17,F1,5.0728,OK
2026-03-30 00:43:27,F1,4.9937,OK
2026-03-30 00:43:37,F1,5.0755,OK
2026-03-30 00:43:47,F1,5.1256,OK
2026-03-30 00:43:58,F1,4.9382,OK
2026-03-30 00:44:08,F1,5.1599,OK
2026-03-30 00:44:18,F1,5.0623,OK
2026-03-30 00:44:29,F1,5.1494,OK
2026-03-30 00:44:39,F1,5.0596,OK
2026-03-30 00:44:49,F1,4.9462,OK
2026-03-30 00:44:59,F1,4.9092,OK
2026-03-30 00:45:10,F1,4.9462,OK
2026-03-30 00:45:20,F1,5.0201,OK
2026-03-30 00:45:30,F1,4.8300,OK
2026-03-30 00:45:40,F1,4.8353,OK
2026-03-30 00:45:51,F1,4.7984,OK
2026-03-30 00:46:01,F1,4.3761,OK
2026-03-30 00:46:11,F1,4.4790,OK
2026-03-30 00:46:21,F1,4.6426,OK
2026-03-30 00:46:32,F1,4.6083,OK
2026-03-30 00:46:42,F1,4.6294,OK
2026-03-30 00:46:52,F1,4.5239,OK
2026-03-30 00:47:03,F1,4.6875,OK
2026-03-30 00:47:13,F1,4.8934,OK
2026-03-30 00:47:23,F1,4.8406,OK
2026-03-30 00:47:33,F1,4.9330,OK
2026-03-30 00:47:44,F1,4.9198,OK
2026-03-30 00:47:54,F1,4.7588,OK
2026-03-30 00:48:04,F1,4.8881,OK
2026-03-30 00:48:14,F1,5.0676,OK
2026-03-30 00:48:25,F1,5.1626,OK
2026-03-30 00:48:35,F1,5.0359,OK
2026-03-30 00:48:45,F1,5.1283,OK
2026-03-30 00:48:55,F1,5.1652,OK
2026-03-30 00:49:05,F1,5.3500,OK
2026-03-30 00:49:16,F1,5.4265,OK
2026-03-30 00:49:26,F1,5.4265,OK
2026-03-30 00:49:36,F1,5.5242,OK
2026-03-30 00:49:46,F1,5.3790,OK
2026-03-30 00:49:57,F1,5.5321,OK
2026-03-30 00:50:07,F1,5.4819,OK
2026-03-30 00:50:17,F1,5.3869,OK
2026-03-30 00:50:27,F1,5.3632,OK
2026-03-30 00:50:38,F1,5.3447,OK
2026-03-30 00:50:48,F1,5.2338,OK
2026-03-30 00:50:58,F1,5.1811,OK
2026-03-30 00:51:08,F1,5.0385,OK
2026-03-30 00:51:19,F1,4.8670,OK
2026-03-30 00:51:29,F1,5.0781,OK
2026-03-30 00:51:39,F1,4.8723,OK
2026-03-30 00:51:49,F1,4.8934,OK
2026-03-30 00:52:00,F1,4.5450,OK
2026-03-30 00:52:10,F1,4.7640,OK
2026-03-30 00:52:20,F1,4.7165,OK
2026-03-30 00:52:30,F1,4.6769,OK
2026-03-30 00:52:41,F1,4.6162,OK
2026-03-30 00:52:51,F1,4.7429,OK
2026-03-30 00:53:01,F1,4.8353,OK
2026-03-30 00:53:11,F1,4.6796,OK
2026-03-30 00:53:21,F1,4.7060,OK
2026-03-30 00:53:32,F1,4.7060,OK
2026-03-30 00:53:42,F1,4.8168,OK
2026-03-30 00:53:52,F1,4.6215,OK
2026-03-30 00:54:02,F1,4.5503,OK
2026-03-30 00:54:13,F1,4.6796,OK
2026-03-30 00:54:23,F1,4.9039,OK
2026-03-30 00:54:33,F1,4.7957,OK
2026-03-30 00:54:44,F1,4.7931,OK
2026-03-30 00:54:54,F1,4.7060,OK
2026-03-30 00:55:04,F1,5.0148,OK
2026-03-30 00:55:14,F1,5.2207,OK
2026-03-30 00:55:24,F1,5.1283,OK
2026-03-30 00:55:35,F1,4.9066,OK
2026-03-30 00:55:45,F1,5.2787,OK
2026-03-30 00:55:55,F1,5.0676,OK
2026-03-30 00:56:05,F1,5.0253,OK
2026-03-30 00:56:16,F1,5.2207,OK
2026-03-30 00:56:26,F1,5.0966,OK
2026-03-30 00:56:36,F1,5.2682,OK
2026-03-30 00:56:46,F1,5.2312,OK
2026-03-30 00:56:57,F1,5.1837,OK
2026-03-30 00:57:07,F1,5.2866,OK
2026-03-30 00:57:17,F1,5.4212,OK
2026-03-30 00:57:27,F1,5.3711,OK
2026-03-30 00:57:38,F1,5.2655,OK
2026-03-30 00:57:48,F1,5.5321,OK
2026-03-30 00:57:58,F1,5.1362,OK
2026-03-30 00:58:08,F1,5.1388,OK
2026-03-30 00:58:18,F1,5.2444,OK
2026-03-30 00:58:29,F1,5.1151,OK
2026-03-30 00:58:39,F1,5.0544,OK
2026-03-30 00:58:49,F1,5.1256,OK
2026-03-30 00:58:59,F1,5.0834,OK
2026-03-30 00:59:10,F1,5.1415,OK
2026-03-30 00:59:20,F1,5.3869,OK
2026-03-30 00:59:30,F1,5.2893,OK
2026-03-30 00:59:40,F1,4.9752,OK
2026-03-30 00:59:51,F1,5.1837,OK
2026-03-30 01:00:01,F1,5.2629,OK
2026-03-30 01:00:11,F1,5.3315,OK
2026-03-30 01:00:21,F1,5.4582,OK
2026-03-30 01:00:32,F1,5.3553,OK
2026-03-30 01:00:42,F1,5.3236,OK
2026-03-30 01:00:52,F1,5.2497,OK
2026-03-30 01:01:02,F1,5.0992,OK
2026-03-30 01:01:13,F1,5.3447,OK
2026-03-30 01:01:23,F1,5.1441,OK
2026-03-30 01:01:33,F1,5.0174,OK
2026-03-30 01:01:43,F1,4.8195,OK
2026-03-30 01:01:54,F1,4.8511,OK
2026-03-30 01:02:04,F1,4.8564,OK
2026-03-30 01:02:14,F1,5.0042,OK
2026-03-30 01:02:24,F1,4.9435,OK
2026-03-30 01:02:35,F1,4.9778,OK
2026-03-30 01:02:45,F1,4.9118,OK
2026-03-30 01:02:55,F1,5.2814,OK
2026-03-30 01:03:05,F1,5.3104,OK
2026-03-30 01:03:15,F1,5.1943,OK
2026-03-30 01:03:26,F1,5.1494,OK
2026-03-30 01:03:36,F1,5.2312,OK
2026-03-30 01:03:46,F1,5.2523,OK
2026-03-30 01:03:56,F1,5.2972,OK
2026-03-30 01:04:07,F1,5.4503,OK
2026-03-30 01:04:17,F1,5.4133,OK
2026-03-30 01:04:27,F1,5.4371,OK
2026-03-30 01:04:37,F1,5.4635,OK
2026-03-30 01:04:48,F1,5.6298,OK
2026-03-30 01:04:58,F1,5.7037,OK
2026-03-30 01:05:08,F1,5.7512,OK
2026-03-30 01:05:18,F1,5.6693,OK
2026-03-30 01:05:29,F1,5.4899,OK
2026-03-30 01:05:39,F1,5.5690,OK
2026-03-30 01:05:49,F1,5.7406,OK
2026-03-30 01:05:59,F1,5.6218,OK
2026-03-30 01:06:09,F1,5.6641,OK
2026-03-30 01:06:20,F1,5.3605,OK
2026-03-30 01:06:30,F1,5.3922,OK
2026-03-30 01:06:40,F1,5.2338,OK
2026-03-30 01:06:51,F1,5.1256,OK
2026-03-30 01:07:01,F1,4.9963,OK
2026-03-30 01:07:11,F1,4.9171,OK
2026-03-30 01:07:21,F1,5.0623,OK
2026-03-30 01:07:31,F1,4.7482,OK
2026-03-30 01:07:42,F1,4.9778,OK
2026-03-30 01:07:52,F1,4.9884,OK
2026-03-30 01:08:02,F1,5.0201,OK
2026-03-30 01:08:12,F1,4.6664,OK
2026-03-30 01:08:23,F1,4.7693,OK
2026-03-30 01:08:33,F1,4.7245,OK
2026-03-30 01:08:43,F1,4.7139,OK
2026-03-30 01:08:53,F1,4.6321,OK
2026-03-30 01:09:04,F1,4.7693,OK
2026-03-30 01:09:14,F1,4.8142,OK
2026-03-30 01:09:24,F1,4.7429,OK
2026-03-30 01:09:34,F1,4.6901,OK
2026-03-30 01:09:45,F1,4.6558,OK
2026-03-30 01:09:55,F1,4.7113,OK
2026-03-30 01:10:05,F1,4.9092,OK
2026-03-30 01:10:15,F1,4.7852,OK
2026-03-30 01:10:26,F1,5.0755,OK
2026-03-30 01:10:36,F1,5.1731,OK
2026-03-30 01:10:46,F1,5.1811,OK
2026-03-30 01:10:56,F1,5.0253,OK
2026-03-30 01:11:07,F1,5.1336,OK
2026-03-30 01:11:17,F1,5.3104,OK
2026-03-30 01:11:27,F1,5.0676,OK
2026-03-30 01:11:37,F1,5.3315,OK
2026-03-30 01:11:47,F1,5.4450,OK
2026-03-30 01:11:58,F1,5.4925,OK
2026-03-30 01:12:08,F1,5.5215,OK
2026-03-30 01:12:18,F1,5.6852,OK
2026-03-30 01:12:28,F1,5.9306,OK
2026-03-30 01:12:39,F1,5.5796,OK
2026-03-30 01:12:49,F1,5.6166,OK
2026-03-30 01:12:59,F1,5.4107,OK
2026-03-30 01:13:09,F1,5.4529,OK
2026-03-30 01:13:20,F1,5.3553,OK
2026-03-30 01:13:30,F1,5.2180,OK
2026-03-30 01:13:41,F1,5.0781,OK
2026-03-30 01:13:51,F1,4.9673,OK
2026-03-30 01:14:01,F1,5.0544,OK
2026-03-30 01:14:11,F1,5.0174,OK
2026-03-30 01:14:21,F1,4.9989,OK
2026-03-30 01:14:32,F1,4.8591,OK
2026-03-30 01:14:42,F1,4.9910,OK
2026-03-30 01:14:52,F1,5.2048,OK
2026-03-30 01:15:02,F1,5.0808,OK
2026-03-30 01:15:13,F1,5.0016,OK
2026-03-30 01:15:23,F1,4.9435,OK
2026-03-30 01:15:33,F1,4.7852,OK
2026-03-30 01:15:43,F1,4.8986,OK
2026-03-30 01:15:54,F1,5.0438,OK
2026-03-30 01:16:04,F1,4.9224,OK
2026-03-30 01:16:14,F1,4.9963,OK
2026-03-30 01:16:24,F1,4.8881,OK
2026-03-30 01:16:35,F1,4.8723,OK
2026-03-30 01:16:45,F1,4.7482,OK
2026-03-30 01:16:55,F1,4.7957,OK
2026-03-30 01:17:05,F1,4.6136,OK
2026-03-30 01:17:16,F1,4.6215,OK
2026-03-30 01:17:26,F1,4.7667,OK
2026-03-30 01:17:36,F1,4.8089,OK
2026-03-30 01:17:46,F1,4.7086,OK
2026-03-30 01:17:57,F1,4.7429,OK
2026-03-30 01:18:07,F1,4.9435,OK
2026-03-30 01:18:17,F1,5.1124,OK
2026-03-30 01:18:27,F1,5.0148,OK
2026-03-30 01:18:37,F1,5.0227,OK
2026-03-30 01:18:48,F1,5.0306,OK
2026-03-30 01:18:58,F1,5.1573,OK
2026-03-30 01:19:08,F1,5.1520,OK
2026-03-30 01:19:18,F1,4.9884,OK
2026-03-30 01:19:29,F1,5.0253,OK
2026-03-30 01:19:39,F1,5.2497,OK
2026-03-30 01:19:49,F1,5.3473,OK
2026-03-30 01:19:59,F1,5.3157,OK
2026-03-30 01:20:10,F1,5.3341,OK
2026-03-30 01:20:20,F1,5.3790,OK
2026-03-30 01:20:30,F1,5.3790,OK
2026-03-30 01:20:40,F1,4.8696,OK
2026-03-30 01:20:51,F1,5.0333,OK
2026-03-30 01:21:01,F1,4.9118,OK
2026-03-30 01:21:11,F1,4.8617,OK
2026-03-30 01:21:21,F1,4.5978,OK
2026-03-30 01:21:32,F1,4.6479,OK
2026-03-30 01:21:42,F1,4.6162,OK
2026-03-30 01:21:52,F1,4.5133,OK
2026-03-30 01:22:02,F1,4.7086,OK
2026-03-30 01:22:13,F1,2.1432,OK
2026-03-30 01:22:23,F1,0.9370,OK
2026-03-30 01:22:33,F1,0.9343,OK
2026-03-30 01:22:43,F1,0.9264,OK
2026-03-30 01:22:53,F1,0.8815,OK
2026-03-30 01:23:04,F1,0.9871,OK
2026-03-30 01:23:14,F1,0.8974,OK
2026-03-30 01:23:24,F1,0.9343,OK
2026-03-30 01:23:35,F1,0.8552,OK
2026-03-30 01:23:45,F1,0.8604,OK
2026-03-30 01:23:55,F1,0.8552,OK
2026-03-30 01:24:05,F1,0.8393,OK
2026-03-30 01:24:15,F1,0.8631,OK
2026-03-30 01:24:26,F1,0.8420,OK
2026-03-30 01:24:36,F1,0.8472,OK
2026-03-30 01:24:46,F1,0.7997,OK
2026-03-30 01:24:56,F1,0.8604,OK
2026-03-30 01:25:07,F1,0.8710,OK
2026-03-30 01:25:17,F1,0.9106,OK
2026-03-30 01:25:27,F1,0.8763,OK
2026-03-30 01:25:37,F1,0.8446,OK
2026-03-30 01:25:48,F1,0.7417,OK
2026-03-30 01:25:58,F1,0.9027,OK
2026-03-30 01:26:08,F1,0.9950,OK
2026-03-30 01:26:18,F1,0.9634,OK
2026-03-30 01:26:28,F1,0.9660,OK
2026-03-30 01:26:39,F1,1.0874,OK
2026-03-30 01:26:49,F1,1.0135,OK
2026-03-30 01:26:59,F1,1.0135,OK
2026-03-30 01:27:09,F1,0.9581,OK
2026-03-30 01:27:20,F1,1.2062,OK
2026-03-30 01:27:30,F1,1.1033,OK
2026-03-30 01:27:40,F1,1.0373,OK
2026-03-30 01:27:50,F1,1.0320,OK
2026-03-30 01:28:01,F1,1.0267,OK
2026-03-30 01:28:11,F1,1.1112,OK
2026-03-30 01:28:21,F1,1.1217,OK
2026-03-30 01:28:31,F1,0.9766,OK
2026-03-30 01:28:42,F1,0.9053,OK
2026-03-30 01:28:52,F1,0.9423,OK
2026-03-30 01:29:02,F1,0.8683,OK
2026-03-30 01:29:12,F1,0.9343,OK
2026-03-30 01:29:22,F1,0.8552,OK
2026-03-30 01:29:33,F1,0.8683,OK
2026-03-30 01:29:43,F1,0.8736,OK
2026-03-30 01:29:53,F1,0.7918,OK
2026-03-30 01:30:03,F1,0.8842,OK
2026-03-30 01:30:14,F1,0.9370,OK
2026-03-30 01:30:24,F1,0.9079,OK
2026-03-30 01:30:34,F1,0.7469,OK
2026-03-30 01:30:44,F1,0.8156,OK
2026-03-30 01:30:55,F1,0.8156,OK
2026-03-30 01:31:05,F1,0.7812,OK
2026-03-30 01:31:15,F1,0.8578,OK
2026-03-30 01:31:25,F1,0.7496,OK
2026-03-30 01:31:36,F1,0.7100,OK
2026-03-30 01:31:46,F1,0.7443,OK
2026-03-30 01:31:56,F1,0.7258,OK
2026-03-30 01:32:06,F1,0.7839,OK
2026-03-30 01:32:17,F1,0.8288,OK
2026-03-30 01:32:27,F1,0.7153,OK
2026-03-30 01:32:37,F1,0.8024,OK
2026-03-30 01:32:47,F1,0.7839,OK
2026-03-30 01:32:58,F1,0.8288,OK
2026-03-30 01:33:08,F1,0.8393,OK
2026-03-30 01:33:18,F1,0.7153,OK
2026-03-30 01:33:28,F1,0.7681,OK
2026-03-30 01:33:39,F1,0.8552,OK
2026-03-30 01:33:49,F1,0.8182,OK
2026-03-30 01:33:59,F1,0.8024,OK
2026-03-30 01:34:09,F1,0.7839,OK
2026-03-30 01:34:19,F1,0.8420,OK
2026-03-30 01:34:30,F1,0.7865,OK
2026-03-30 01:34:40,F1,0.7812,OK
2026-03-30 01:34:50,F1,0.8763,OK
2026-03-30 01:35:00,F1,0.9106,OK
2026-03-30 01:35:11,F1,0.9686,OK
2026-03-30 01:35:21,F1,1.0056,OK
2026-03-30 01:35:31,F1,0.9000,OK
2026-03-30 01:35:41,F1,0.9079,OK
2026-03-30 01:35:52,F1,0.9713,OK
2026-03-30 01:36:02,F1,0.8367,OK
2026-03-30 01:36:12,F1,0.8683,OK
2026-03-30 01:36:22,F1,0.8340,OK
2026-03-30 01:36:33,F1,0.8024,OK
2026-03-30 01:36:43,F1,0.7839,OK
2026-03-30 01:36:53,F1,0.8525,OK
2026-03-30 01:37:03,F1,0.8710,OK
2026-03-30 01:37:14,F1,0.7812,OK
2026-03-30 01:37:24,F1,0.7997,OK
2026-03-30 01:37:34,F1,0.8050,OK
2026-03-30 01:37:44,F1,0.7918,OK
2026-03-30 01:37:55,F1,0.8340,OK
2026-03-30 01:38:05,F1,0.7733,OK
2026-03-30 01:38:15,F1,0.8947,OK
2026-03-30 01:38:25,F1,0.8789,OK
2026-03-30 01:38:36,F1,0.8683,OK
2026-03-30 01:38:46,F1,0.7311,OK
2026-03-30 01:38:56,F1,0.7707,OK
2026-03-30 01:39:06,F1,0.7311,OK
2026-03-30 01:39:17,F1,0.6071,OK
2026-03-30 01:39:27,F1,0.7575,OK
2026-03-30 01:39:37,F1,0.6968,OK
2026-03-30 01:39:47,F1,0.7258,OK
2026-03-30 01:39:58,F1,0.7628,OK
2026-03-30 01:40:08,F1,0.7205,OK
2026-03-30 01:40:18,F1,0.7258,OK
2026-03-30 01:40:28,F1,0.7205,OK
2026-03-30 01:40:39,F1,0.6889,OK
2026-03-30 01:40:49,F1,0.7892,OK
2026-03-30 01:40:59,F1,0.8895,OK
2026-03-30 01:41:09,F1,0.8261,OK
2026-03-30 01:41:19,F1,0.8288,OK
2026-03-30 01:41:30,F1,0.8208,OK
2026-03-30 01:41:40,F1,0.7575,OK
2026-03-30 01:41:50,F1,0.8763,OK
2026-03-30 01:42:00,F1,0.9159,OK
2026-03-30 01:42:11,F1,0.8895,OK
2026-03-30 01:42:21,F1,0.8921,OK
2026-03-30 01:42:31,F1,1.0293,OK
2026-03-30 01:42:41,F1,0.9554,OK
2026-03-30 01:42:52,F1,0.9000,OK
2026-03-30 01:43:02,F1,0.9686,OK
2026-03-30 01:43:12,F1,0.9713,OK
2026-03-30 01:43:22,F1,0.8261,OK
2026-03-30 01:43:33,F1,0.9211,OK
2026-03-30 01:43:43,F1,0.8499,OK
2026-03-30 01:43:53,F1,0.7496,OK
2026-03-30 01:44:03,F1,0.8182,OK
2026-03-30 01:44:14,F1,0.7601,OK
2026-03-30 01:44:24,F1,0.8050,OK
2026-03-30 01:44:34,F1,0.7997,OK
2026-03-30 01:44:44,F1,0.6915,OK
2026-03-30 01:44:55,F1,0.7522,OK
2026-03-30 01:45:05,F1,0.7021,OK
2026-03-30 01:45:15,F1,0.7839,OK
2026-03-30 01:45:25,F1,0.7443,OK
2026-03-30 01:45:36,F1,0.7285,OK
2026-03-30 01:45:46,F1,0.7654,OK
2026-03-30 01:45:56,F1,0.7153,OK
2026-03-30 01:46:06,F1,0.7021,OK
2026-03-30 01:46:17,F1,0.6994,OK
2026-03-30 01:46:27,F1,0.7443,OK
2026-03-30 01:46:37,F1,0.7205,OK
2026-03-30 01:46:47,F1,0.7760,OK
2026-03-30 01:46:58,F1,0.6783,OK
2026-03-30 01:47:08,F1,0.7443,OK
2026-03-30 01:47:18,F1,0.7047,OK
2026-03-30 01:47:28,F1,0.8499,OK
2026-03-30 01:47:39,F1,0.7232,OK
2026-03-30 01:47:49,F1,0.7575,OK
2026-03-30 01:47:59,F1,0.6519,OK
2026-03-30 01:48:09,F1,0.7285,OK
2026-03-30 01:48:19,F1,0.7205,OK
2026-03-30 01:48:30,F1,0.7628,OK
2026-03-30 01:48:40,F1,0.7469,OK
2026-03-30 01:48:50,F1,0.7126,OK
2026-03-30 01:49:00,F1,0.7971,OK
2026-03-30 01:49:11,F1,0.7496,OK
2026-03-30 01:49:21,F1,0.8208,OK
2026-03-30 01:49:31,F1,0.9079,OK
2026-03-30 01:49:41,F1,0.8842,OK
2026-03-30 01:49:52,F1,0.9053,OK
2026-03-30 01:50:02,F1,0.8129,OK
2026-03-30 01:50:12,F1,0.7997,OK
2026-03-30 01:50:22,F1,0.8103,OK
2026-03-30 01:50:33,F1,0.9211,OK
2026-03-30 01:50:43,F1,0.9159,OK
2026-03-30 01:50:53,F1,0.8921,OK
2026-03-30 01:51:03,F1,0.9370,OK
2026-03-30 01:51:14,F1,0.8763,OK
2026-03-30 01:51:24,F1,0.7971,OK
2026-03-30 01:51:34,F1,0.8789,OK
2026-03-30 01:51:44,F1,0.8921,OK
2026-03-30 01:51:55,F1,0.8446,OK
2026-03-30 01:52:05,F1,0.8525,OK
2026-03-30 01:52:15,F1,0.7549,OK
2026-03-30 01:52:25,F1,0.9264,OK
2026-03-30 01:52:36,F1,0.7839,OK
2026-03-30 01:52:46,F1,0.8261,OK
2026-03-30 01:52:56,F1,0.8235,OK
2026-03-30 01:53:06,F1,0.8420,OK
2026-03-30 01:53:16,F1,0.7786,OK
2026-03-30 01:53:27,F1,0.8314,OK
2026-03-30 01:53:37,F1,0.8314,OK
2026-03-30 01:53:47,F1,0.7865,OK
2026-03-30 01:53:57,F1,0.8156,OK
2026-03-30 01:54:08,F1,0.8367,OK
2026-03-30 01:54:18,F1,0.7760,OK
2026-03-30 01:54:28,F1,0.7443,OK
2026-03-30 01:54:38,F1,0.6572,OK
2026-03-30 01:54:49,F1,0.6572,OK
2026-03-30 01:54:59,F1,0.6334,OK
2026-03-30 01:55:09,F1,0.6387,OK
2026-03-30 01:55:19,F1,0.7179,OK
2026-03-30 01:55:30,F1,0.6229,OK
2026-03-30 01:55:40,F1,0.6440,OK
2026-03-30 01:55:50,F1,0.6757,OK
2026-03-30 01:56:00,F1,0.6493,OK
2026-03-30 01:56:11,F1,0.6889,OK
2026-03-30 01:56:21,F1,0.7522,OK
2026-03-30 01:56:31,F1,0.7153,OK
2026-03-30 01:56:41,F1,0.6968,OK
2026-03-30 01:56:52,F1,0.7786,OK
2026-03-30 01:57:02,F1,0.7997,OK
2026-03-30 01:57:12,F1,0.7390,OK
2026-03-30 01:57:22,F1,0.7496,OK
2026-03-30 01:57:33,F1,0.8499,OK
2026-03-30 01:57:43,F1,0.7681,OK
2026-03-30 01:57:53,F1,0.8340,OK
2026-03-30 01:58:03,F1,0.7892,OK
2026-03-30 01:58:13,F1,0.8525,OK
2026-03-30 01:58:24,F1,0.7839,OK
2026-03-30 01:58:34,F1,0.8895,OK
2026-03-30 01:58:44,F1,0.8103,OK
2026-03-30 01:58:54,F1,0.8235,OK
2026-03-30 01:59:05,F1,0.7654,OK
2026-03-30 01:59:15,F1,0.7179,OK
2026-03-30 01:59:25,F1,0.7153,OK
2026-03-30 01:59:35,F1,0.7285,OK
2026-03-30 01:59:46,F1,0.7628,OK
2026-03-30 01:59:56,F1,0.8024,OK
2026-03-30 02:00:06,F1,0.6783,OK
2026-03-30 02:00:16,F1,0.6598,OK
2026-03-30 02:00:27,F1,0.6783,OK
2026-03-30 02:00:37,F1,0.7628,OK
2026-03-30 02:00:47,F1,0.7812,OK
2026-03-30 02:00:57,F1,0.7311,OK
2026-03-30 02:01:08,F1,0.6678,OK
2026-03-30 02:01:18,F1,0.7205,OK
2026-03-30 02:01:28,F1,0.7601,OK
2026-03-30 02:01:38,F1,0.6994,OK
2026-03-30 02:01:49,F1,0.7417,OK
2026-03-30 02:01:59,F1,0.6546,OK
2026-03-30 02:02:09,F1,0.6519,OK
2026-03-30 02:02:19,F1,0.6704,OK
2026-03-30 02:02:30,F1,0.6651,OK
2026-03-30 02:02:40,F1,0.6994,OK
2026-03-30 02:02:50,F1,0.7522,OK
2026-03-30 02:03:00,F1,0.7258,OK
2026-03-30 02:03:11,F1,0.6202,OK
2026-03-30 02:03:21,F1,0.6387,OK
2026-03-30 02:03:31,F1,0.7073,OK
2026-03-30 02:03:41,F1,0.7311,OK
2026-03-30 02:03:52,F1,0.6546,OK
2026-03-30 02:04:02,F1,0.7469,OK
2026-03-30 02:04:12,F1,0.6704,OK
2026-03-30 02:04:22,F1,0.7205,OK
2026-03-30 02:04:33,F1,0.7654,OK
2026-03-30 02:04:43,F1,0.7760,OK
2026-03-30 02:04:53,F1,0.8261,OK
2026-03-30 02:05:03,F1,0.8235,OK
2026-03-30 02:05:13,F1,0.7443,OK
2026-03-30 02:05:24,F1,0.7681,OK
2026-03-30 02:05:34,F1,0.7918,OK
2026-03-30 02:05:44,F1,0.8182,OK
2026-03-30 02:05:54,F1,0.8076,OK
2026-03-30 02:06:05,F1,0.7021,OK
2026-03-30 02:06:15,F1,0.8208,OK
2026-03-30 02:06:25,F1,0.8499,OK
2026-03-30 02:06:35,F1,0.7021,OK
2026-03-30 02:06:46,F1,0.7469,OK
2026-03-30 02:06:56,F1,0.6862,OK
2026-03-30 02:07:06,F1,0.7153,OK
2026-03-30 02:07:16,F1,0.7443,OK
2026-03-30 02:07:27,F1,0.7179,OK
2026-03-30 02:07:37,F1,0.8103,OK
2026-03-30 02:07:47,F1,0.8604,OK
2026-03-30 02:07:57,F1,0.7205,OK
2026-03-30 02:08:08,F1,0.7892,OK
2026-03-30 02:08:18,F1,0.8129,OK
2026-03-30 02:08:28,F1,0.7997,OK
2026-03-30 02:08:38,F1,0.7628,OK
2026-03-30 02:08:49,F1,0.8076,OK
2026-03-30 02:08:59,F1,0.7628,OK
2026-03-30 02:09:09,F1,0.7364,OK
2026-03-30 02:09:19,F1,0.8340,OK
2026-03-30 02:09:29,F1,0.7021,OK
2026-03-30 02:09:40,F1,0.6466,OK
2026-03-30 02:09:50,F1,0.6546,OK
2026-03-30 02:10:00,F1,0.7179,OK
2026-03-30 02:10:10,F1,0.7628,OK
2026-03-30 02:10:21,F1,0.7469,OK
2026-03-30 02:10:31,F1,0.7707,OK
2026-03-30 02:10:41,F1,0.7496,OK
2026-03-30 02:10:51,F1,0.6836,OK
2026-03-30 02:11:02,F1,0.6889,OK
2026-03-30 02:11:12,F1,0.7100,OK
2026-03-30 02:11:22,F1,0.6361,OK
2026-03-30 02:11:33,F1,0.7417,OK
2026-03-30 02:11:43,F1,0.7839,OK
2026-03-30 02:11:53,F1,0.7918,OK
2026-03-30 02:12:03,F1,0.8182,OK
2026-03-30 02:12:14,F1,0.7786,OK
2026-03-30 02:12:24,F1,0.6598,OK
2026-03-30 02:12:34,F1,0.8578,OK
2026-03-30 02:12:44,F1,0.8446,OK
2026-03-30 02:12:55,F1,0.8604,OK
2026-03-30 02:13:05,F1,0.7417,OK
2026-03-30 02:13:15,F1,0.8024,OK
2026-03-30 02:13:25,F1,0.7865,OK
2026-03-30 02:13:36,F1,0.8103,OK
2026-03-30 02:13:46,F1,0.8921,OK
2026-03-30 02:13:56,F1,0.7628,OK
2026-03-30 02:14:06,F1,0.7205,OK
2026-03-30 02:14:17,F1,0.7654,OK
2026-03-30 02:14:27,F1,0.8103,OK
2026-03-30 02:14:37,F1,0.7073,OK
2026-03-30 02:14:47,F1,0.7839,OK
2026-03-30 02:14:58,F1,0.7021,OK
2026-03-30 02:15:08,F1,0.7390,OK
2026-03-30 02:15:18,F1,0.6730,OK
2026-03-30 02:15:28,F1,0.0000,OK
2026-03-30 02:15:39,F1,0.6625,OK
2026-03-30 02:15:49,F1,0.7549,OK
2026-03-30 02:15:59,F1,0.6994,OK
2026-03-30 02:16:09,F1,0.7733,OK
2026-03-30 02:16:20,F1,0.6625,OK
2026-03-30 02:16:30,F1,0.6889,OK
2026-03-30 02:16:40,F1,0.6994,OK
2026-03-30 02:16:50,F1,0.6704,OK
2026-03-30 02:17:01,F1,0.6678,OK
2026-03-30 02:17:11,F1,0.6044,OK
2026-03-30 02:17:21,F1,0.6097,OK
2026-03-30 02:17:31,F1,0.5516,OK
2026-03-30 02:17:42,F1,0.6387,OK
2026-03-30 02:17:52,F1,0.6783,OK
2026-03-30 02:18:02,F1,0.7997,OK
2026-03-30 02:18:12,F1,0.7496,OK
2026-03-30 02:18:23,F1,0.7205,OK
2026-03-30 02:18:33,F1,0.7337,OK
2026-03-30 02:18:43,F1,0.7232,OK
2026-03-30 02:18:53,F1,0.7786,OK
2026-03-30 02:19:03,F1,0.7839,OK
2026-03-30 02:19:14,F1,0.7681,OK
2026-03-30 02:19:24,F1,0.7337,OK
2026-03-30 02:19:34,F1,0.8472,OK
2026-03-30 02:19:44,F1,0.7681,OK
2026-03-30 02:19:55,F1,0.7839,OK
2026-03-30 02:20:05,F1,0.8103,OK
2026-03-30 02:20:15,F1,0.8024,OK
2026-03-30 02:20:25,F1,0.7311,OK
2026-03-30 02:20:36,F1,0.7390,OK
2026-03-30 02:20:46,F1,0.7733,OK
2026-03-30 02:20:56,F1,0.7628,OK
2026-03-30 02:21:06,F1,0.8367,OK
2026-03-30 02:21:17,F1,0.7126,OK
2026-03-30 02:21:27,F1,0.7126,OK
2026-03-30 02:21:37,F1,0.7918,OK
2026-03-30 02:21:47,F1,0.6889,OK
2026-03-30 02:21:58,F1,0.6915,OK
2026-03-30 02:22:08,F1,0.6598,OK
2026-03-30 02:22:18,F1,0.7047,OK
2026-03-30 02:22:28,F1,0.6598,OK
2026-03-30 02:22:39,F1,0.6704,OK
2026-03-30 02:22:49,F1,0.7707,OK
2026-03-30 02:22:59,F1,0.7707,OK
2026-03-30 02:23:09,F1,0.5701,OK
2026-03-30 02:23:20,F1,0.6176,OK
2026-03-30 02:23:30,F1,0.6202,OK
2026-03-30 02:23:40,F1,0.7337,OK
2026-03-30 02:23:50,F1,0.7126,OK
2026-03-30 02:24:01,F1,0.6942,OK
2026-03-30 02:24:11,F1,0.6651,OK
2026-03-30 02:24:21,F1,0.6440,OK
2026-03-30 02:24:31,F1,0.5833,OK
2026-03-30 02:24:41,F1,0.5754,OK
2026-03-30 02:24:52,F1,0.5780,OK
2026-03-30 02:25:02,F1,0.5675,OK
2026-03-30 02:25:12,F1,0.5780,OK
2026-03-30 02:25:22,F1,0.6414,OK
2026-03-30 02:25:33,F1,0.7390,OK
2026-03-30 02:25:43,F1,0.7575,OK
2026-03-30 02:25:53,F1,0.6440,OK
2026-03-30 02:26:03,F1,0.5939,OK
2026-03-30 02:26:14,F1,0.6018,OK
2026-03-30 02:26:24,F1,0.7100,OK
2026-03-30 02:26:34,F1,0.6097,OK
2026-03-30 02:26:44,F1,0.6598,OK
2026-03-30 02:26:55,F1,0.6519,OK
2026-03-30 02:27:05,F1,0.6862,OK
2026-03-30 02:27:15,F1,0.7337,OK
2026-03-30 02:27:25,F1,0.7469,OK
2026-03-30 02:27:36,F1,0.7997,OK
2026-03-30 02:27:46,F1,0.7549,OK
2026-03-30 02:27:56,F1,0.8129,OK
2026-03-30 02:28:06,F1,0.6994,OK
2026-03-30 02:28:17,F1,0.9000,OK
2026-03-30 02:28:27,F1,0.7496,OK
2026-03-30 02:28:37,F1,0.8261,OK
2026-03-30 02:28:47,F1,0.7364,OK
2026-03-30 02:28:58,F1,0.7496,OK
2026-03-30 02:29:08,F1,0.6994,OK
2026-03-30 02:29:18,F1,0.7179,OK
2026-03-30 02:29:28,F1,0.7021,OK
2026-03-30 02:29:39,F1,0.6282,OK
2026-03-30 02:29:49,F1,0.6942,OK
2026-03-30 02:29:59,F1,0.6044,OK
2026-03-30 02:30:09,F1,0.6361,OK
2026-03-30 02:30:20,F1,0.7390,OK
2026-03-30 02:30:30,F1,0.6387,OK
2026-03-30 02:30:40,F1,0.6625,OK
2026-03-30 02:30:50,F1,0.6783,OK
2026-03-30 02:31:01,F1,0.5780,OK
2026-03-30 02:31:11,F1,0.6704,OK
2026-03-30 02:31:21,F1,0.6466,OK
2026-03-30 02:31:31,F1,0.5675,OK
2026-03-30 02:31:42,F1,0.6915,OK
2026-03-30 02:31:52,F1,0.7126,OK
2026-03-30 02:32:02,F1,0.5912,OK
2026-03-30 02:32:12,F1,0.5648,OK
2026-03-30 02:32:22,F1,0.5886,OK
2026-03-30 02:32:33,F1,0.4830,OK
2026-03-30 02:32:43,F1,0.6071,OK
2026-03-30 02:32:53,F1,0.6308,OK
2026-03-30 02:33:03,F1,0.5305,OK
2026-03-30 02:33:14,F1,0.6414,OK
2026-03-30 02:33:24,F1,0.5147,OK
2026-03-30 02:33:34,F1,0.5859,OK
2026-03-30 02:33:44,F1,0.6466,OK
2026-03-30 02:33:55,F1,0.4856,OK
2026-03-30 02:34:05,F1,0.5384,OK
2026-03-30 02:34:15,F1,0.7337,OK
2026-03-30 02:34:25,F1,0.7390,OK
2026-03-30 02:34:36,F1,0.7073,OK
2026-03-30 02:34:46,F1,0.7469,OK
2026-03-30 02:34:56,F1,0.7522,OK
2026-03-30 02:35:06,F1,0.7575,OK
2026-03-30 02:35:17,F1,0.7549,OK
2026-03-30 02:35:27,F1,0.7575,OK
2026-03-30 02:35:37,F1,0.7417,OK
2026-03-30 02:35:47,F1,0.8129,OK
2026-03-30 02:35:58,F1,0.6810,OK
2026-03-30 02:36:08,F1,0.7760,OK
2026-03-30 02:36:18,F1,0.6387,OK
2026-03-30 02:36:28,F1,0.7100,OK
2026-03-30 02:36:39,F1,0.6440,OK
2026-03-30 02:36:49,F1,0.7469,OK
2026-03-30 02:36:59,F1,0.6176,OK
2026-03-30 02:37:09,F1,0.6255,OK
2026-03-30 02:37:20,F1,0.6176,OK
2026-03-30 02:37:30,F1,0.6071,OK
2026-03-30 02:37:40,F1,0.5675,OK
2026-03-30 02:37:50,F1,0.5147,OK
2026-03-30 02:38:01,F1,0.5886,OK
2026-03-30 02:38:11,F1,0.6704,OK
2026-03-30 02:38:21,F1,0.4408,OK
2026-03-30 02:38:31,F1,0.5226,OK
2026-03-30 02:38:42,F1,0.5463,OK
2026-03-30 02:38:52,F1,0.5490,OK
2026-03-30 02:39:02,F1,0.5411,OK
2026-03-30 02:39:12,F1,0.5648,OK
2026-03-30 02:39:22,F1,0.5437,OK
2026-03-30 02:39:33,F1,0.5173,OK
2026-03-30 02:39:43,F1,0.5463,OK
2026-03-30 02:39:53,F1,0.4619,OK
2026-03-30 02:40:03,F1,0.5226,OK
2026-03-30 02:40:14,F1,0.4962,OK
2026-03-30 02:40:24,F1,0.5173,OK
2026-03-30 02:40:34,F1,0.5332,OK
2026-03-30 02:40:44,F1,0.6071,OK
2026-03-30 02:40:55,F1,0.5437,OK
2026-03-30 02:41:05,F1,0.5912,OK
2026-03-30 02:41:15,F1,0.4804,OK
2026-03-30 02:41:25,F1,0.6282,OK
2026-03-30 02:41:36,F1,0.5094,OK
2026-03-30 02:41:46,F1,0.5569,OK
2026-03-30 02:41:56,F1,0.6097,OK
2026-03-30 02:42:06,F1,0.6730,OK
2026-03-30 02:42:17,F1,0.6176,OK
2026-03-30 02:42:27,F1,0.7232,OK
2026-03-30 02:42:37,F1,0.6915,OK
2026-03-30 02:42:47,F1,0.7073,OK
2026-03-30 02:42:58,F1,0.7944,OK
2026-03-30 02:43:08,F1,0.6942,OK
2026-03-30 02:43:18,F1,0.7073,OK
2026-03-30 02:43:28,F1,0.7469,OK
2026-03-30 02:43:38,F1,0.6361,OK
2026-03-30 02:43:49,F1,0.6968,OK
2026-03-30 02:43:59,F1,0.6334,OK
2026-03-30 02:44:09,F1,0.6651,OK
2026-03-30 02:44:19,F1,0.6229,OK
2026-03-30 02:44:30,F1,0.6810,OK
2026-03-30 02:44:40,F1,0.5939,OK
2026-03-30 02:44:50,F1,0.6255,OK
2026-03-30 02:45:00,F1,0.5807,OK
2026-03-30 02:45:11,F1,0.5675,OK
2026-03-30 02:45:21,F1,0.5200,OK
2026-03-30 02:45:31,F1,0.6334,OK
2026-03-30 02:45:41,F1,0.5886,OK
2026-03-30 02:45:52,F1,0.5727,OK
2026-03-30 02:46:02,F1,0.5939,OK
2026-03-30 02:46:12,F1,0.5754,OK
2026-03-30 02:46:22,F1,0.5807,OK
2026-03-30 02:46:33,F1,0.6071,OK
2026-03-30 02:46:43,F1,0.5094,OK
2026-03-30 02:46:53,F1,0.5991,OK
2026-03-30 02:47:03,F1,0.6519,OK
2026-03-30 02:47:14,F1,0.5569,OK
2026-03-30 02:47:24,F1,0.5384,OK
2026-03-30 02:47:34,F1,0.6071,OK
2026-03-30 02:47:44,F1,0.7073,OK
2026-03-30 02:47:55,F1,0.5859,OK
2026-03-30 02:48:05,F1,0.6097,OK
2026-03-30 02:48:15,F1,0.6493,OK
2026-03-30 02:48:25,F1,0.6625,OK
2026-03-30 02:48:36,F1,0.6810,OK
2026-03-30 02:48:46,F1,0.6440,OK
2026-03-30 02:48:56,F1,0.7153,OK
2026-03-30 02:49:06,F1,0.5991,OK
2026-03-30 02:49:17,F1,0.6255,OK
2026-03-30 02:49:27,F1,0.6493,OK
2026-03-30 02:49:37,F1,0.6651,OK
2026-03-30 02:49:47,F1,0.6097,OK
2026-03-30 02:49:57,F1,0.6625,OK
2026-03-30 02:50:08,F1,0.7073,OK
2026-03-30 02:50:18,F1,0.7760,OK
2026-03-30 02:50:28,F1,0.7073,OK
2026-03-30 02:50:38,F1,0.6942,OK
2026-03-30 02:50:49,F1,0.7337,OK
2026-03-30 02:50:59,F1,0.6546,OK
2026-03-30 02:51:09,F1,0.6546,OK
2026-03-30 02:51:19,F1,0.6387,OK
2026-03-30 02:51:30,F1,0.6572,OK
2026-03-30 02:51:40,F1,0.6229,OK
2026-03-30 02:51:50,F1,0.5754,OK
2026-03-30 02:52:00,F1,0.6071,OK
2026-03-30 02:52:11,F1,0.5595,OK
2026-03-30 02:52:21,F1,0.5965,OK
2026-03-30 02:52:31,F1,0.5463,OK
2026-03-30 02:52:42,F1,0.6387,OK
2026-03-30 02:52:52,F1,0.5965,OK
2026-03-30 02:53:02,F1,0.5041,OK
2026-03-30 02:53:12,F1,0.5754,OK
2026-03-30 02:53:23,F1,0.5648,OK
2026-03-30 02:53:33,F1,0.5173,OK
2026-03-30 02:53:43,F1,0.5648,OK
2026-03-30 02:53:53,F1,0.6440,OK
2026-03-30 02:54:04,F1,0.5780,OK
2026-03-30 02:54:14,F1,0.6044,OK
2026-03-30 02:54:24,F1,0.6783,OK
2026-03-30 02:54:34,F1,0.5912,OK
2026-03-30 02:54:45,F1,0.6097,OK
2026-03-30 02:54:55,F1,0.5701,OK
2026-03-30 02:55:05,F1,0.5543,OK
2026-03-30 02:55:15,F1,0.6704,OK
2026-03-30 02:55:26,F1,0.5727,OK
2026-03-30 02:55:36,F1,0.6493,OK
2026-03-30 02:55:46,F1,0.6440,OK
2026-03-30 02:55:56,F1,0.6598,OK
2026-03-30 02:56:07,F1,0.7179,OK
2026-03-30 02:56:17,F1,0.6810,OK
2026-03-30 02:56:27,F1,0.6334,OK
2026-03-30 02:56:37,F1,0.6889,OK
2026-03-30 02:56:48,F1,0.7100,OK
2026-03-30 02:56:58,F1,0.6704,OK
2026-03-30 02:57:08,F1,0.6889,OK
2026-03-30 02:57:18,F1,0.6783,OK
2026-03-30 02:57:29,F1,0.7126,OK
2026-03-30 02:57:39,F1,0.6387,OK
2026-03-30 02:57:49,F1,0.6097,OK
2026-03-30 02:57:59,F1,0.6414,OK
2026-03-30 02:58:10,F1,0.6546,OK
2026-03-30 02:58:20,F1,0.6968,OK
2026-03-30 02:58:30,F1,0.5859,OK
2026-03-30 02:58:40,F1,0.5701,OK
2026-03-30 02:58:50,F1,0.6651,OK
2026-03-30 02:59:01,F1,0.6466,OK
2026-03-30 02:59:11,F1,0.5912,OK
2026-03-30 02:59:21,F1,0.5886,OK
2026-03-30 02:59:31,F1,0.6915,OK
2026-03-30 02:59:42,F1,0.6255,OK
2026-03-30 02:59:52,F1,0.6915,OK
2026-03-30 03:00:02,F1,0.5727,OK
2026-03-30 03:00:12,F1,0.6097,OK
2026-03-30 03:00:23,F1,0.6282,OK
2026-03-30 03:00:33,F1,0.5358,OK
2026-03-30 03:00:43,F1,0.4751,OK
2026-03-30 03:00:53,F1,0.4883,OK
2026-03-30 03:01:04,F1,0.5015,OK
2026-03-30 03:01:14,F1,0.5516,OK
2026-03-30 03:01:24,F1,0.5120,OK
2026-03-30 03:01:34,F1,0.4751,OK
2026-03-30 03:01:45,F1,0.5305,OK
2026-03-30 03:01:55,F1,0.5780,OK
2026-03-30 03:02:05,F1,0.5252,OK
2026-03-30 03:02:15,F1,0.4988,OK
2026-03-30 03:02:26,F1,0.4962,OK
2026-03-30 03:02:36,F1,0.4355,OK
2026-03-30 03:02:46,F1,0.4751,OK
2026-03-30 03:02:56,F1,0.5543,OK
2026-03-30 03:03:07,F1,0.5516,OK
2026-03-30 03:03:17,F1,0.6071,OK
2026-03-30 03:03:27,F1,0.6387,OK
2026-03-30 03:03:37,F1,0.6334,OK
2026-03-30 03:03:47,F1,0.5807,OK
2026-03-30 03:03:58,F1,0.6044,OK
2026-03-30 03:04:08,F1,0.6572,OK
2026-03-30 03:04:18,F1,0.6862,OK
2026-03-30 03:04:28,F1,0.5965,OK
2026-03-30 03:04:39,F1,0.6361,OK
2026-03-30 03:04:49,F1,0.6044,OK
2026-03-30 03:04:59,F1,0.6968,OK
2026-03-30 03:05:09,F1,0.7021,OK
2026-03-30 03:05:20,F1,0.6387,OK
2026-03-30 03:05:30,F1,0.7337,OK
2026-03-30 03:05:40,F1,0.7021,OK
2026-03-30 03:05:50,F1,0.6414,OK
2026-03-30 03:06:01,F1,0.5780,OK
2026-03-30 03:06:11,F1,0.3194,OK
2026-03-30 03:06:21,F1,0.5279,OK
2026-03-30 03:06:31,F1,0.5490,OK
2026-03-30 03:06:42,F1,0.6730,OK
2026-03-30 03:06:52,F1,0.5622,OK
2026-03-30 03:07:02,F1,0.4672,OK
2026-03-30 03:07:12,F1,0.5543,OK
2026-03-30 03:07:23,F1,0.4249,OK
2026-03-30 03:07:33,F1,0.4381,OK
2026-03-30 03:07:43,F1,0.5569,OK
2026-03-30 03:07:53,F1,0.4461,OK
2026-03-30 03:08:03,F1,0.4434,OK
2026-03-30 03:08:14,F1,0.4276,OK
2026-03-30 03:08:24,F1,0.4672,OK
2026-03-30 03:08:34,F1,0.3801,OK
2026-03-30 03:08:44,F1,0.2956,OK
2026-03-30 03:08:55,F1,0.3853,OK
2026-03-30 03:09:05,F1,0.3009,OK
2026-03-30 03:09:15,F1,0.2191,OK
2026-03-30 03:09:25,F1,0.3326,OK
2026-03-30 03:09:36,F1,0.3590,OK
2026-03-30 03:09:46,F1,0.1610,OK
2026-03-30 03:09:56,F1,0.2111,OK
2026-03-30 03:10:06,F1,0.1848,OK
2026-03-30 03:10:17,F1,0.2270,OK
2026-03-30 03:10:27,F1,0.2217,OK
2026-03-30 03:10:37,F1,0.2428,OK
2026-03-30 03:10:47,F1,0.1848,OK
2026-03-30 03:10:58,F1,0.2745,OK
2026-03-30 03:11:08,F1,0.3062,OK
2026-03-30 03:11:18,F1,0.2639,OK
2026-03-30 03:11:28,F1,0.2771,OK
2026-03-30 03:11:39,F1,0.3141,OK
2026-03-30 03:11:49,F1,0.3009,OK
2026-03-30 03:11:59,F1,0.2851,OK
2026-03-30 03:12:09,F1,0.2191,OK
2026-03-30 03:12:20,F1,0.3273,OK
2026-03-30 03:12:30,F1,0.2930,OK
2026-03-30 03:12:40,F1,0.2507,OK
2026-03-30 03:12:50,F1,0.2032,OK
2026-03-30 03:13:01,F1,0.1874,OK
2026-03-30 03:13:11,F1,0.2851,OK
2026-03-30 03:13:21,F1,0.2243,OK
2026-03-30 03:13:31,F1,0.2428,OK
2026-03-30 03:13:41,F1,0.1584,OK
2026-03-30 03:13:52,F1,0.1716,OK
2026-03-30 03:14:02,F1,0.1557,OK
2026-03-30 03:14:12,F1,0.1768,OK
2026-03-30 03:14:22,F1,0.0950,OK
2026-03-30 03:14:33,F1,0.0845,OK
2026-03-30 03:14:43,F1,0.0713,OK
2026-03-30 03:14:53,F1,0.0000,OK
2026-03-30 03:15:03,F1,0.0000,OK
2026-03-30 03:15:14,F1,0.0000,OK
2026-03-30 03:15:24,F1,0.0000,OK
2026-03-30 03:15:34,F1,0.0000,OK
2026-03-30 03:15:44,F1,0.0000,OK
2026-03-30 03:15:55,F1,0.0000,OK
2026-03-30 03:16:05,F1,0.0000,OK
2026-03-30 03:16:15,F1,0.0000,OK
2026-03-30 03:16:25,F1,0.0000,OK
2026-03-30 03:16:36,F1,0.0000,OK
2026-03-30 03:16:46,F1,0.0000,OK
2026-03-30 03:16:56,F1,0.0000,OK
2026-03-30 03:17:06,F1,0.0000,OK
2026-03-30 03:17:17,F1,0.0000,OK
2026-03-30 03:17:27,F1,0.0000,OK
2026-03-30 03:17:37,F1,0.0000,OK
2026-03-30 03:17:47,F1,0.0000,OK
2026-03-30 03:17:58,F1,0.0000,OK
2026-03-30 03:18:08,F1,0.0000,OK
2026-03-30 03:18:18,F1,0.0000,OK
2026-03-30 03:18:28,F1,0.0000,OK
2026-03-30 03:18:39,F1,0.0000,OK
2026-03-30 03:18:49,F1,0.0000,OK
2026-03-30 03:18:59,F1,0.0000,OK
2026-03-30 03:19:09,F1,0.0000,OK
2026-03-30 03:19:20,F1,0.0000,OK
2026-03-30 03:19:30,F1,0.0000,OK
2026-03-30 03:19:40,F1,0.0132,OK
2026-03-30 03:19:50,F1,0.0554,OK
2026-03-30 03:20:01,F1,0.1003,OK
2026-03-30 03:20:11,F1,0.0000,OK
2026-03-30 03:20:21,F1,0.0158,OK
2026-03-30 03:20:31,F1,0.0000,OK
2026-03-30 03:20:41,F1,0.0238,OK
2026-03-30 03:20:52,F1,0.0000,OK
2026-03-30 03:21:02,F1,0.0000,OK
2026-03-30 03:21:12,F1,0.0000,OK
2026-03-30 03:21:22,F1,0.0000,OK
2026-03-30 03:21:33,F1,0.0000,OK
2026-03-30 03:21:43,F1,0.0000,OK
2026-03-30 03:21:53,F1,0.0000,OK
2026-03-30 03:22:03,F1,0.0000,OK
2026-03-30 03:22:14,F1,0.0000,OK
2026-03-30 03:22:24,F1,0.0000,OK
2026-03-30 03:22:34,F1,0.0000,OK
2026-03-30 03:22:44,F1,0.0000,OK
2026-03-30 03:22:55,F1,0.0000,OK
2026-03-30 03:23:05,F1,0.0000,OK
2026-03-30 03:23:15,F1,0.0000,OK
2026-03-30 03:23:25,F1,0.0000,OK
2026-03-30 03:23:36,F1,0.0000,OK
2026-03-30 03:23:46,F1,0.0000,OK
2026-03-30 03:23:56,F1,0.0000,OK
2026-03-30 03:24:06,F1,0.0000,OK
2026-03-30 03:24:17,F1,0.0000,OK
2026-03-30 03:24:27,F1,0.0000,OK
2026-03-30 03:24:37,F1,0.0000,OK
2026-03-30 03:24:47,F1,0.0000,OK
2026-03-30 03:24:57,F1,0.0000,OK
2026-03-30 03:25:08,F1,0.0000,OK
2026-03-30 03:25:18,F1,0.0000,OK
2026-03-30 03:25:28,F1,0.0000,OK
2026-03-30 03:25:38,F1,0.0000,OK
2026-03-30 03:25:49,F1,0.0000,OK
2026-03-30 03:25:59,F1,0.0000,OK
2026-03-30 03:26:09,F1,0.0000,OK
2026-03-30 03:26:19,F1,0.0000,OK
2026-03-30 03:26:30,F1,0.0000,OK
2026-03-30 03:26:40,F1,0.0000,OK
2026-03-30 03:26:50,F1,0.0000,OK
2026-03-30 03:27:00,F1,0.0000,OK
2026-03-30 03:27:11,F1,0.0000,OK
2026-03-30 03:27:21,F1,0.0000,OK
2026-03-30 03:27:31,F1,0.0000,OK
2026-03-30 03:27:41,F1,0.0000,OK
2026-03-30 03:27:52,F1,0.0000,OK
2026-03-30 03:28:02,F1,0.0000,OK
2026-03-30 03:28:12,F1,0.0000,OK
2026-03-30 03:28:22,F1,0.0000,OK
2026-03-30 03:28:33,F1,0.0000,OK
2026-03-30 03:28:43,F1,0.0000,OK
2026-03-30 03:28:53,F1,0.0000,OK
2026-03-30 03:29:03,F1,0.0000,OK
2026-03-30 03:29:13,F1,0.0000,OK
2026-03-30 03:29:24,F1,0.0000,OK
2026-03-30 03:29:34,F1,0.0000,OK
2026-03-30 03:29:44,F1,0.0000,OK
2026-03-30 03:29:54,F1,0.0000,OK
2026-03-30 03:30:05,F1,0.0000,OK
2026-03-30 03:30:15,F1,0.0000,OK
2026-03-30 03:30:25,F1,0.0000,OK
2026-03-30 03:30:36,F1,0.0000,OK
2026-03-30 03:30:46,F1,0.0000,OK
2026-03-30 03:30:56,F1,0.0000,OK
2026-03-30 03:31:06,F1,0.0000,OK
2026-03-30 03:31:16,F1,0.0000,OK
2026-03-30 03:31:27,F1,0.0000,OK
2026-03-30 03:31:37,F1,0.0000,OK
2026-03-30 03:31:47,F1,0.0000,OK
2026-03-30 03:31:57,F1,0.0000,OK
2026-03-30 03:32:08,F1,0.0000,OK
2026-03-30 03:32:18,F1,0.0000,OK
2026-03-30 03:32:28,F1,0.0000,OK
2026-03-30 03:32:38,F1,0.0000,OK
2026-03-30 03:32:49,F1,0.0000,OK
2026-03-30 03:32:59,F1,0.0000,OK
2026-03-30 03:33:09,F1,0.0000,OK
2026-03-30 03:33:19,F1,0.0000,OK
2026-03-30 03:33:30,F1,0.0000,OK
2026-03-30 03:33:40,F1,0.0000,OK
2026-03-30 03:33:50,F1,0.0000,OK
2026-03-30 03:34:00,F1,0.0000,OK
2026-03-30 03:34:11,F1,0.0000,OK
2026-03-30 03:34:21,F1,0.0000,OK
2026-03-30 03:34:31,F1,0.0000,OK
2026-03-30 03:34:41,F1,0.0000,OK
2026-03-30 03:34:52,F1,0.0000,OK
2026-03-30 03:35:02,F1,0.0000,OK
2026-03-30 03:35:12,F1,0.0000,OK
2026-03-30 03:35:22,F1,0.0000,OK
2026-03-30 03:35:33,F1,0.0000,OK
2026-03-30 03:35:43,F1,0.0000,OK
2026-03-30 03:35:53,F1,0.0000,OK
2026-03-30 03:36:03,F1,0.0000,OK
2026-03-30 03:36:13,F1,0.0000,OK
2026-03-30 03:36:24,F1,0.0000,OK
2026-03-30 03:36:34,F1,0.0000,OK
2026-03-30 03:36:44,F1,0.0000,OK
2026-03-30 03:36:54,F1,0.0000,OK
2026-03-30 03:37:05,F1,0.0000,OK
2026-03-30 03:37:15,F1,0.0000,OK
2026-03-30 03:37:25,F1,0.0000,OK
2026-03-30 03:37:35,F1,0.0000,OK
2026-03-30 03:37:46,F1,0.0000,OK
2026-03-30 03:37:56,F1,0.0000,OK
2026-03-30 03:38:06,F1,0.0000,OK
2026-03-30 03:38:16,F1,0.0000,OK
2026-03-30 03:38:27,F1,0.0000,OK
2026-03-30 03:38:37,F1,0.0000,OK
2026-03-30 03:38:47,F1,0.0000,OK
2026-03-30 03:38:57,F1,0.0000,OK
2026-03-30 03:39:08,F1,0.0000,OK
2026-03-30 03:39:18,F1,0.0000,OK
2026-03-30 03:39:28,F1,0.0000,OK
2026-03-30 03:39:38,F1,0.0000,OK
2026-03-30 03:39:49,F1,0.0000,OK
2026-03-30 03:39:59,F1,0.0000,OK
2026-03-30 03:40:09,F1,0.0000,OK
2026-03-30 03:40:19,F1,0.0000,OK
2026-03-30 03:40:29,F1,0.0000,OK
2026-03-30 03:40:40,F1,0.0000,OK
2026-03-30 03:40:50,F1,0.0000,OK
2026-03-30 03:41:00,F1,0.0000,OK
2026-03-30 03:41:10,F1,0.0000,OK
2026-03-30 03:41:21,F1,0.0000,OK
2026-03-30 03:41:31,F1,0.0000,OK
2026-03-30 03:41:41,F1,0.0000,OK
2026-03-30 03:41:51,F1,0.0000,OK
2026-03-30 03:42:02,F1,0.0000,OK
2026-03-30 03:42:12,F1,0.0000,OK
2026-03-30 03:42:22,F1,0.0000,OK
2026-03-30 03:42:32,F1,0.0000,OK
2026-03-30 03:42:43,F1,0.0000,OK
2026-03-30 03:42:53,F1,0.0000,OK
2026-03-30 03:43:03,F1,0.0000,OK
2026-03-30 03:43:13,F1,0.0000,OK
2026-03-30 03:43:24,F1,0.0000,OK
2026-03-30 03:43:34,F1,0.0000,OK
2026-03-30 03:43:44,F1,0.0000,OK
2026-03-30 03:43:54,F1,0.0000,OK
2026-03-30 03:44:05,F1,0.0000,OK
2026-03-30 03:44:15,F1,0.0000,OK
2026-03-30 03:44:25,F1,0.0000,OK
2026-03-30 03:44:35,F1,0.0000,OK
2026-03-30 03:44:46,F1,0.0000,OK
2026-03-30 03:44:56,F1,0.0000,OK
2026-03-30 03:45:06,F1,0.0000,OK
2026-03-30 03:45:16,F1,0.0000,OK
2026-03-30 03:45:27,F1,0.0000,OK
2026-03-30 03:45:37,F1,0.0000,OK
2026-03-30 03:45:47,F1,0.0000,OK
2026-03-30 03:45:57,F1,0.0000,OK
2026-03-30 03:46:08,F1,0.0000,OK
2026-03-30 03:46:18,F1,0.0000,OK
2026-03-30 03:46:28,F1,0.0000,OK
2026-03-30 03:46:38,F1,0.0000,OK
2026-03-30 03:46:48,F1,0.0000,OK
2026-03-30 03:46:59,F1,0.0000,OK
2026-03-30 03:47:09,F1,0.0000,OK
2026-03-30 03:47:19,F1,0.0000,OK
2026-03-30 03:47:29,F1,0.0000,OK
2026-03-30 03:47:40,F1,0.0000,OK
2026-03-30 03:47:50,F1,0.0000,OK
2026-03-30 03:48:00,F1,0.0000,OK
2026-03-30 03:48:10,F1,0.0000,OK
2026-03-30 03:48:21,F1,0.0000,OK
2026-03-30 03:48:31,F1,0.0106,OK
2026-03-30 03:48:41,F1,0.0000,OK
2026-03-30 03:48:51,F1,0.0132,OK
2026-03-30 03:49:02,F1,0.0000,OK
2026-03-30 03:49:12,F1,0.0000,OK
2026-03-30 03:49:22,F1,0.0000,OK
2026-03-30 03:49:32,F1,0.0000,OK
2026-03-30 03:49:43,F1,0.0000,OK
2026-03-30 03:49:53,F1,0.0026,OK
2026-03-30 03:50:03,F1,0.0000,OK
2026-03-30 03:50:13,F1,0.0000,OK
2026-03-30 03:50:24,F1,0.0000,OK
2026-03-30 03:50:34,F1,0.0000,OK
2026-03-30 03:50:44,F1,0.0000,OK
2026-03-30 03:50:54,F1,0.0000,OK
2026-03-30 03:51:04,F1,0.0000,OK
2026-03-30 03:51:15,F1,0.0000,OK
2026-03-30 03:51:25,F1,0.0000,OK
2026-03-30 03:51:35,F1,0.0000,OK
2026-03-30 03:51:45,F1,0.0000,OK
2026-03-30 03:51:56,F1,0.0000,OK
2026-03-30 03:52:06,F1,0.0000,OK
2026-03-30 03:52:16,F1,0.0000,OK
2026-03-30 03:52:26,F1,0.0000,OK
2026-03-30 03:52:37,F1,0.0000,OK
2026-03-30 03:52:47,F1,0.0000,OK
2026-03-30 03:52:57,F1,0.0000,OK
2026-03-30 03:53:07,F1,0.0000,OK
2026-03-30 03:53:18,F1,0.0000,OK
2026-03-30 03:53:28,F1,0.0000,OK
2026-03-30 03:53:38,F1,0.0000,OK
2026-03-30 03:53:48,F1,0.0000,OK
2026-03-30 03:53:59,F1,0.0000,OK
2026-03-30 03:54:09,F1,0.0000,OK
2026-03-30 03:54:19,F1,0.0000,OK
2026-03-30 03:54:29,F1,0.0000,OK
2026-03-30 03:54:40,F1,0.0000,OK
2026-03-30 03:54:50,F1,0.0000,OK
2026-03-30 03:55:00,F1,0.0000,OK
2026-03-30 03:55:10,F1,0.0000,OK
2026-03-30 03:55:20,F1,0.0000,OK
2026-03-30 03:55:31,F1,0.0000,OK
2026-03-30 03:55:41,F1,0.0000,OK
2026-03-30 03:55:51,F1,0.0000,OK
2026-03-30 03:56:01,F1,0.0000,OK
2026-03-30 03:56:12,F1,0.0000,OK
2026-03-30 03:56:22,F1,0.0000,OK
2026-03-30 03:56:32,F1,0.0000,OK
2026-03-30 03:56:42,F1,0.0000,OK
2026-03-30 03:56:53,F1,0.0000,OK
2026-03-30 03:57:03,F1,0.0000,OK
2026-03-30 03:57:13,F1,0.0000,OK
2026-03-30 03:57:23,F1,0.0000,OK
2026-03-30 03:57:34,F1,0.0000,OK
2026-03-30 03:57:44,F1,0.0000,OK
2026-03-30 03:57:54,F1,0.0000,OK
2026-03-30 03:58:04,F1,0.0000,OK
2026-03-30 03:58:15,F1,0.0000,OK
2026-03-30 03:58:25,F1,0.0000,OK
2026-03-30 03:58:35,F1,0.0000,OK
2026-03-30 03:58:45,F1,0.0000,OK
2026-03-30 03:58:56,F1,0.0000,OK
2026-03-30 03:59:06,F1,0.0000,OK
2026-03-30 03:59:16,F1,0.0000,OK
2026-03-30 03:59:26,F1,0.0000,OK
2026-03-30 03:59:37,F1,0.0000,OK
2026-03-30 03:59:47,F1,0.0000,OK
2026-03-30 03:59:57,F1,0.0000,OK
2026-03-30 04:00:07,F1,0.0000,OK
2026-03-30 04:00:17,F1,0.0026,OK
2026-03-30 04:00:28,F1,0.0000,OK
2026-03-30 04:00:38,F1,0.0000,OK
2026-03-30 04:00:48,F1,0.0343,OK
2026-03-30 04:00:59,F1,0.0053,OK
2026-03-30 04:01:09,F1,0.0000,OK
2026-03-30 04:01:19,F1,0.0000,OK
2026-03-30 04:01:29,F1,0.0000,OK
2026-03-30 04:01:40,F1,0.0000,OK
2026-03-30 04:01:50,F1,0.0000,OK
2026-03-30 04:02:00,F1,0.0845,OK
2026-03-30 04:02:10,F1,0.0158,OK
2026-03-30 04:02:21,F1,0.0000,OK
2026-03-30 04:02:31,F1,0.0475,OK
2026-03-30 04:02:41,F1,0.0000,OK
2026-03-30 04:02:51,F1,0.0000,OK
2026-03-30 04:03:01,F1,0.0000,OK
2026-03-30 04:03:12,F1,0.0000,OK
2026-03-30 04:03:22,F1,0.0000,OK
2026-03-30 04:03:32,F1,0.0000,OK
2026-03-30 04:03:42,F1,0.0000,OK
2026-03-30 04:03:53,F1,0.0000,OK
2026-03-30 04:04:03,F1,0.0000,OK
2026-03-30 04:04:13,F1,0.0000,OK
2026-03-30 04:04:23,F1,0.0000,OK
2026-03-30 04:04:34,F1,0.0000,OK
2026-03-30 04:04:44,F1,0.0000,OK
2026-03-30 04:04:54,F1,0.0000,OK
2026-03-30 04:05:04,F1,0.0000,OK
2026-03-30 04:05:15,F1,0.0000,OK
2026-03-30 04:05:25,F1,0.0000,OK
2026-03-30 04:05:35,F1,0.0000,OK
2026-03-30 04:05:45,F1,0.0000,OK
2026-03-30 04:05:56,F1,0.0000,OK
2026-03-30 04:06:06,F1,0.0000,OK
2026-03-30 04:06:16,F1,0.0000,OK
2026-03-30 04:06:26,F1,0.0000,OK
2026-03-30 04:06:37,F1,0.0000,OK
2026-03-30 04:06:47,F1,0.0000,OK
2026-03-30 04:06:57,F1,0.0000,OK
2026-03-30 04:07:07,F1,0.0000,OK
2026-03-30 04:07:18,F1,0.0000,OK
2026-03-30 04:07:28,F1,0.0000,OK
2026-03-30 04:07:38,F1,0.0000,OK
2026-03-30 04:07:48,F1,0.0000,OK
2026-03-30 04:07:59,F1,0.0000,OK
2026-03-30 04:08:09,F1,0.0000,OK
2026-03-30 04:08:19,F1,0.0000,OK
2026-03-30 04:08:29,F1,0.0000,OK
2026-03-30 04:08:40,F1,0.0000,OK
2026-03-30 04:08:50,F1,0.0000,OK
2026-03-30 04:09:00,F1,0.0000,OK
2026-03-30 04:09:10,F1,0.0000,OK
2026-03-30 04:09:21,F1,0.0000,OK
2026-03-30 04:09:31,F1,0.0000,OK
2026-03-30 04:09:41,F1,0.0211,OK
2026-03-30 04:09:51,F1,0.0000,OK
2026-03-30 04:10:01,F1,0.0000,OK
2026-03-30 04:10:12,F1,0.0000,OK
2026-03-30 04:10:22,F1,0.0000,OK
2026-03-30 04:10:32,F1,0.0000,OK
2026-03-30 04:10:42,F1,0.0000,OK
2026-03-30 04:10:53,F1,0.0000,OK
2026-03-30 04:11:03,F1,0.0000,OK
2026-03-30 04:11:13,F1,0.0422,OK
2026-03-30 04:11:23,F1,0.0238,OK
2026-03-30 04:11:34,F1,0.0000,OK
2026-03-30 04:11:44,F1,0.0000,OK
2026-03-30 04:11:54,F1,0.0000,OK
2026-03-30 04:12:04,F1,0.0000,OK
2026-03-30 04:12:15,F1,0.0000,OK
2026-03-30 04:12:25,F1,0.0000,OK
2026-03-30 04:12:35,F1,0.0000,OK
2026-03-30 04:12:45,F1,0.0000,OK
2026-03-30 04:12:56,F1,0.0000,OK
2026-03-30 04:13:06,F1,0.0845,OK
2026-03-30 04:13:16,F1,0.0264,OK
2026-03-30 04:13:26,F1,0.0000,OK
2026-03-30 04:13:37,F1,0.0422,OK
2026-03-30 04:13:47,F1,0.0370,OK
2026-03-30 04:13:57,F1,0.0000,OK
2026-03-30 04:14:07,F1,0.1478,OK
2026-03-30 04:14:18,F1,0.0026,OK
2026-03-30 04:14:28,F1,0.0422,OK
2026-03-30 04:14:38,F1,0.0000,OK
2026-03-30 04:14:48,F1,0.1003,OK
2026-03-30 04:14:59,F1,0.1478,OK
2026-03-30 04:15:09,F1,0.0000,OK
2026-03-30 04:15:19,F1,0.0554,OK
2026-03-30 04:15:29,F1,0.0581,OK
2026-03-30 04:15:40,F1,0.0000,OK
2026-03-30 04:15:50,F1,0.0000,OK
2026-03-30 04:16:00,F1,0.0370,OK
2026-03-30 04:16:10,F1,0.0000,OK
2026-03-30 04:16:21,F1,0.0000,OK
2026-03-30 04:16:31,F1,0.0000,OK
2026-03-30 04:16:41,F1,0.0000,OK
2026-03-30 04:16:51,F1,0.0000,OK
2026-03-30 04:17:02,F1,0.0000,OK
2026-03-30 04:17:12,F1,0.0000,OK
2026-03-30 04:17:22,F1,0.0000,OK
2026-03-30 04:17:33,F1,0.0000,OK
2026-03-30 04:17:43,F1,0.0000,OK
2026-03-30 04:17:53,F1,0.0000,OK
2026-03-30 04:18:03,F1,0.0000,OK
2026-03-30 04:18:14,F1,0.0000,OK
2026-03-30 04:18:24,F1,0.0000,OK
2026-03-30 04:18:34,F1,0.0000,OK
2026-03-30 04:18:44,F1,0.0000,OK
2026-03-30 04:18:55,F1,0.0000,OK
2026-03-30 04:19:05,F1,0.0000,OK
2026-03-30 04:19:15,F1,0.0000,OK
2026-03-30 04:19:25,F1,0.0000,OK
2026-03-30 04:19:36,F1,0.0000,OK
2026-03-30 04:19:46,F1,0.0000,OK
2026-03-30 04:19:56,F1,0.0000,OK
2026-03-30 04:20:06,F1,0.0000,OK
2026-03-30 04:20:17,F1,0.0000,OK
2026-03-30 04:20:27,F1,0.0000,OK
2026-03-30 04:20:37,F1,0.0000,OK
2026-03-30 04:20:47,F1,0.0000,OK
2026-03-30 04:20:58,F1,0.0000,OK
2026-03-30 04:21:08,F1,0.0000,OK
2026-03-30 04:21:18,F1,0.0000,OK
2026-03-30 04:21:28,F1,0.0000,OK
2026-03-30 04:21:39,F1,0.0000,OK
2026-03-30 04:21:49,F1,0.0000,OK
2026-03-30 04:21:59,F1,0.0000,OK
2026-03-30 04:22:09,F1,0.0000,OK
2026-03-30 04:22:20,F1,0.0528,OK
2026-03-30 04:22:30,F1,0.0000,OK
2026-03-30 04:22:40,F1,0.0000,OK
2026-03-30 04:22:50,F1,0.0053,OK
2026-03-30 04:23:00,F1,0.0211,OK
2026-03-30 04:23:11,F1,0.0000,OK
2026-03-30 04:23:21,F1,0.0000,OK
2026-03-30 04:23:31,F1,0.0000,OK
2026-03-30 04:23:41,F1,0.0000,OK
2026-03-30 04:23:52,F1,0.0158,OK
2026-03-30 04:24:02,F1,0.0000,OK
2026-03-30 04:24:12,F1,0.0000,OK
2026-03-30 04:24:22,F1,0.0000,OK
2026-03-30 04:24:33,F1,0.0000,OK
2026-03-30 04:24:43,F1,0.0000,OK
2026-03-30 04:24:53,F1,0.0000,OK
2026-03-30 04:25:03,F1,0.0290,OK
2026-03-30 04:25:14,F1,0.0000,OK
2026-03-30 04:25:24,F1,0.0000,OK
2026-03-30 04:25:34,F1,0.0633,OK
2026-03-30 04:25:44,F1,0.0106,OK
2026-03-30 04:25:55,F1,0.0581,OK
2026-03-30 04:26:05,F1,0.0924,OK
2026-03-30 04:26:15,F1,0.0211,OK
2026-03-30 04:26:25,F1,0.0000,OK
2026-03-30 04:26:36,F1,0.0238,OK
2026-03-30 04:26:46,F1,0.0079,OK
2026-03-30 04:26:56,F1,0.0132,OK
2026-03-30 04:27:06,F1,0.0000,OK
2026-03-30 04:27:17,F1,0.1293,OK
2026-03-30 04:27:27,F1,0.0818,OK
2026-03-30 04:27:37,F1,0.0000,OK
2026-03-30 04:27:47,F1,0.0079,OK
2026-03-30 04:27:57,F1,0.1504,OK
2026-03-30 04:28:08,F1,0.0554,OK
2026-03-30 04:28:18,F1,0.0000,OK
2026-03-30 04:28:28,F1,0.1161,OK
2026-03-30 04:28:38,F1,0.0000,OK
2026-03-30 04:28:49,F1,0.0343,OK
2026-03-30 04:28:59,F1,0.0000,OK
2026-03-30 04:29:09,F1,0.0607,OK
2026-03-30 04:29:19,F1,0.0000,OK
2026-03-30 04:29:30,F1,0.0000,OK
2026-03-30 04:29:40,F1,0.0000,OK
2026-03-30 04:29:50,F1,0.0000,OK
2026-03-30 04:30:00,F1,0.0000,OK
2026-03-30 04:30:11,F1,0.0000,OK
2026-03-30 04:30:21,F1,0.0000,OK
2026-03-30 04:30:31,F1,0.0000,OK
2026-03-30 04:30:41,F1,0.0000,OK
2026-03-30 04:30:52,F1,0.0000,OK
2026-03-30 04:31:02,F1,0.0000,OK
2026-03-30 04:31:12,F1,0.0000,OK
2026-03-30 04:31:22,F1,0.0000,OK
2026-03-30 04:31:33,F1,0.0000,OK
2026-03-30 04:31:43,F1,0.0000,OK
2026-03-30 04:31:53,F1,0.0000,OK
2026-03-30 04:32:03,F1,0.0000,OK
2026-03-30 04:32:13,F1,0.0000,OK
2026-03-30 04:32:24,F1,0.0000,OK
2026-03-30 04:32:34,F1,0.0000,OK
2026-03-30 04:32:44,F1,0.0000,OK
2026-03-30 04:32:54,F1,0.0000,OK
2026-03-30 04:33:05,F1,0.0000,OK
2026-03-30 04:33:15,F1,0.0000,OK
2026-03-30 04:33:25,F1,0.0000,OK
2026-03-30 04:33:35,F1,0.0000,OK
2026-03-30 04:33:46,F1,0.0000,OK
2026-03-30 04:33:56,F1,0.0000,OK
2026-03-30 04:34:06,F1,0.0000,OK
2026-03-30 04:34:17,F1,0.0000,OK
2026-03-30 04:34:27,F1,0.0000,OK
2026-03-30 04:34:37,F1,0.0000,OK
2026-03-30 04:34:47,F1,0.0000,OK
2026-03-30 04:34:58,F1,0.0000,OK
2026-03-30 04:35:08,F1,0.0000,OK
2026-03-30 04:35:18,F1,0.0000,OK
2026-03-30 04:35:28,F1,0.0000,OK
2026-03-30 04:35:39,F1,0.0000,OK
2026-03-30 04:35:49,F1,0.0000,OK
2026-03-30 04:35:59,F1,0.0000,OK
2026-03-30 04:36:09,F1,0.0000,OK
2026-03-30 04:36:20,F1,0.0000,OK
2026-03-30 04:36:30,F1,0.0000,OK
2026-03-30 04:36:40,F1,0.0000,OK
2026-03-30 04:36:50,F1,0.0000,OK
2026-03-30 04:37:01,F1,0.0000,OK
2026-03-30 04:37:11,F1,0.0000,OK
2026-03-30 04:37:21,F1,0.0000,OK
2026-03-30 04:37:31,F1,0.0000,OK
2026-03-30 04:37:41,F1,0.0000,OK
2026-03-30 04:37:52,F1,0.0000,OK
2026-03-30 04:38:02,F1,0.0000,OK
2026-03-30 04:38:12,F1,0.0000,OK
2026-03-30 04:38:22,F1,0.0000,OK
2026-03-30 04:38:33,F1,0.0000,OK
2026-03-30 04:38:43,F1,0.0000,OK
2026-03-30 04:38:53,F1,0.0000,OK
2026-03-30 04:39:04,F1,0.0000,OK
2026-03-30 04:39:14,F1,0.0000,OK
2026-03-30 04:39:24,F1,0.0000,OK
2026-03-30 04:39:34,F1,0.0000,OK
2026-03-30 04:39:45,F1,0.0000,OK
2026-03-30 04:39:55,F1,0.0000,OK
2026-03-30 04:40:05,F1,0.0000,OK
2026-03-30 04:40:15,F1,0.0000,OK
2026-03-30 04:40:25,F1,0.0000,OK
2026-03-30 04:40:36,F1,0.0000,OK
2026-03-30 04:40:46,F1,0.0000,OK
2026-03-30 04:40:56,F1,0.0132,OK
2026-03-30 04:41:06,F1,0.0000,OK
2026-03-30 04:41:17,F1,0.0000,OK
2026-03-30 04:41:27,F1,0.0000,OK
2026-03-30 04:41:37,F1,0.0290,OK
2026-03-30 04:41:47,F1,0.0000,OK
2026-03-30 04:41:58,F1,0.0000,OK
2026-03-30 04:42:08,F1,0.0132,OK
2026-03-30 04:42:18,F1,0.0370,OK
2026-03-30 04:42:28,F1,0.0000,OK
2026-03-30 04:42:39,F1,0.0000,OK
2026-03-30 04:42:49,F1,0.0554,OK
2026-03-30 04:42:59,F1,0.0000,OK
2026-03-30 04:43:09,F1,0.0501,OK
2026-03-30 04:43:20,F1,0.0818,OK
2026-03-30 04:43:30,F1,0.0422,OK
2026-03-30 04:43:40,F1,0.0106,OK
2026-03-30 04:43:50,F1,0.0000,OK
2026-03-30 04:44:01,F1,0.0475,OK
2026-03-30 04:44:11,F1,0.0845,OK
2026-03-30 04:44:21,F1,0.0343,OK
2026-03-30 04:44:31,F1,0.0000,OK
2026-03-30 04:44:41,F1,0.0449,OK
2026-03-30 04:44:52,F1,0.0053,OK
2026-03-30 04:45:02,F1,0.0000,OK
2026-03-30 04:45:12,F1,0.0000,OK
2026-03-30 04:45:22,F1,0.0000,OK
2026-03-30 04:45:33,F1,0.0000,OK
2026-03-30 04:45:43,F1,0.0000,OK
2026-03-30 04:45:53,F1,0.0000,OK
2026-03-30 04:46:03,F1,0.0000,OK
2026-03-30 04:46:14,F1,0.0000,OK
2026-03-30 04:46:24,F1,0.0000,OK
2026-03-30 04:46:34,F1,0.0000,OK
2026-03-30 04:46:44,F1,0.0000,OK
2026-03-30 04:46:55,F1,0.0000,OK
2026-03-30 04:47:05,F1,0.0000,OK
2026-03-30 04:47:15,F1,0.0000,OK
2026-03-30 04:47:25,F1,0.0000,OK
2026-03-30 04:47:36,F1,0.0000,OK
2026-03-30 04:47:46,F1,0.0000,OK
2026-03-30 04:47:56,F1,0.0000,OK
2026-03-30 04:48:06,F1,0.0000,OK
2026-03-30 04:48:17,F1,0.0000,OK
2026-03-30 04:48:27,F1,0.0000,OK
2026-03-30 04:48:37,F1,0.0000,OK
2026-03-30 04:48:47,F1,0.0000,OK
2026-03-30 04:48:58,F1,0.0000,OK
2026-03-30 04:49:08,F1,0.0000,OK
2026-03-30 04:49:18,F1,0.0000,OK
2026-03-30 04:49:28,F1,0.0000,OK
2026-03-30 04:49:39,F1,0.0000,OK
2026-03-30 04:49:49,F1,0.0000,OK
2026-03-30 04:49:59,F1,0.0000,OK
2026-03-30 04:50:09,F1,0.0000,OK
2026-03-30 04:50:20,F1,0.0000,OK
2026-03-30 04:50:30,F1,0.0000,OK
2026-03-30 04:50:40,F1,0.0000,OK
2026-03-30 04:50:50,F1,0.0000,OK
2026-03-30 04:51:01,F1,0.0000,OK
2026-03-30 04:51:11,F1,0.0000,OK
2026-03-30 04:51:21,F1,0.0000,OK
2026-03-30 04:51:31,F1,0.0000,OK
2026-03-30 04:51:42,F1,0.0000,OK
2026-03-30 04:51:52,F1,0.0000,OK
2026-03-30 04:52:02,F1,0.0000,OK
2026-03-30 04:52:12,F1,0.0000,OK
2026-03-30 04:52:23,F1,0.0000,OK
2026-03-30 04:52:33,F1,0.0000,OK
2026-03-30 04:52:43,F1,0.0000,OK
2026-03-30 04:52:53,F1,0.0000,OK
2026-03-30 04:53:04,F1,0.0000,OK
2026-03-30 04:53:14,F1,0.0000,OK
2026-03-30 04:53:24,F1,0.0000,OK
2026-03-30 04:53:34,F1,0.0000,OK
2026-03-30 04:53:44,F1,0.0000,OK
2026-03-30 04:53:55,F1,0.0000,OK
2026-03-30 04:54:05,F1,0.0000,OK
2026-03-30 04:54:15,F1,0.0000,OK
2026-03-30 04:54:25,F1,0.0000,OK
2026-03-30 04:54:36,F1,0.0000,OK
2026-03-30 04:54:46,F1,0.0000,OK
2026-03-30 04:54:56,F1,0.0000,OK
2026-03-30 04:55:06,F1,0.0000,OK
2026-03-30 04:55:17,F1,0.0000,OK
2026-03-30 04:55:27,F1,0.0000,OK
2026-03-30 04:55:37,F1,0.0000,OK
2026-03-30 04:55:47,F1,0.0000,OK
2026-03-30 04:55:58,F1,0.0000,OK
2026-03-30 04:56:08,F1,0.0000,OK
2026-03-30 04:56:18,F1,0.0000,OK
2026-03-30 04:56:28,F1,0.0000,OK
2026-03-30 04:56:39,F1,0.0000,OK
2026-03-30 04:56:49,F1,0.0449,OK
2026-03-30 04:56:59,F1,0.0000,OK
2026-03-30 04:57:09,F1,0.0000,OK
2026-03-30 04:57:20,F1,0.0422,OK
2026-03-30 04:57:30,F1,0.1135,OK
2026-03-30 04:57:40,F1,0.0000,OK
2026-03-30 04:57:50,F1,0.0871,OK
2026-03-30 04:58:01,F1,0.0079,OK
2026-03-30 04:58:11,F1,0.0106,OK
2026-03-30 04:58:21,F1,0.0000,OK
2026-03-30 04:58:31,F1,0.0845,OK
2026-03-30 04:58:41,F1,0.0079,OK
2026-03-30 04:58:52,F1,0.0396,OK
2026-03-30 04:59:02,F1,0.0607,OK
2026-03-30 04:59:12,F1,0.0818,OK
2026-03-30 04:59:22,F1,0.0000,OK
2026-03-30 04:59:33,F1,0.0000,OK
2026-03-30 04:59:43,F1,0.0000,OK
2026-03-30 04:59:53,F1,0.0396,OK
2026-03-30 05:00:03,F1,0.0000,OK
2026-03-30 05:00:14,F1,0.0106,OK
2026-03-30 05:00:24,F1,0.0607,OK
2026-03-30 05:00:34,F1,0.0765,OK
2026-03-30 05:00:44,F1,0.0000,OK
2026-03-30 05:00:55,F1,0.0000,OK
2026-03-30 05:01:05,F1,0.1029,OK
2026-03-30 05:01:15,F1,0.0607,OK
2026-03-30 05:01:25,F1,0.0422,OK
2026-03-30 05:01:36,F1,0.0554,OK
2026-03-30 05:01:46,F1,0.0475,OK
2026-03-30 05:01:56,F1,0.0000,OK
2026-03-30 05:02:06,F1,0.0501,OK
2026-03-30 05:02:17,F1,0.0106,OK
2026-03-30 05:02:27,F1,0.0000,OK
2026-03-30 05:02:37,F1,0.0000,OK
2026-03-30 05:02:47,F1,0.0000,OK
2026-03-30 05:02:58,F1,0.0000,OK
2026-03-30 05:03:08,F1,0.0000,OK
2026-03-30 05:03:18,F1,0.0000,OK
2026-03-30 05:03:28,F1,0.0000,OK
2026-03-30 05:03:38,F1,0.0000,OK
2026-03-30 05:03:49,F1,0.0000,OK
2026-03-30 05:03:59,F1,0.0000,OK
2026-03-30 05:04:09,F1,0.0000,OK
2026-03-30 05:04:19,F1,0.0000,OK
2026-03-30 05:04:30,F1,0.0000,OK
2026-03-30 05:04:40,F1,0.0000,OK
2026-03-30 05:04:50,F1,0.0000,OK
2026-03-30 05:05:00,F1,0.0000,OK
2026-03-30 05:05:11,F1,0.0000,OK
2026-03-30 05:05:21,F1,0.0000,OK
2026-03-30 05:05:31,F1,0.0000,OK
2026-03-30 05:05:41,F1,0.0000,OK
2026-03-30 05:05:52,F1,0.0000,OK
2026-03-30 05:06:02,F1,0.0000,OK
2026-03-30 05:06:12,F1,0.0000,OK
2026-03-30 05:06:22,F1,0.0000,OK
2026-03-30 05:06:33,F1,0.0000,OK
2026-03-30 05:06:43,F1,0.0000,OK
2026-03-30 05:06:53,F1,0.0000,OK
2026-03-30 05:07:03,F1,0.0000,OK
2026-03-30 05:07:14,F1,0.0000,OK
2026-03-30 05:07:24,F1,0.0000,OK
2026-03-30 05:07:34,F1,0.0000,OK
2026-03-30 05:07:44,F1,0.0000,OK
2026-03-30 05:07:55,F1,0.0000,OK
2026-03-30 05:08:05,F1,0.0000,OK
2026-03-30 05:08:15,F1,0.0000,OK
2026-03-30 05:08:26,F1,0.0000,OK
2026-03-30 05:08:36,F1,0.0000,OK
2026-03-30 05:08:46,F1,0.0000,OK
2026-03-30 05:08:56,F1,0.0000,OK
2026-03-30 05:09:07,F1,0.0000,OK
2026-03-30 05:09:17,F1,0.0000,OK
2026-03-30 05:09:28,F1,0.0000,OK
2026-03-30 05:09:38,F1,0.0000,OK
2026-03-30 05:09:48,F1,0.0000,OK
2026-03-30 05:09:58,F1,0.0000,OK
2026-03-30 05:10:09,F1,0.0000,OK
2026-03-30 05:10:19,F1,0.0000,OK
2026-03-30 05:10:29,F1,0.0000,OK
2026-03-30 05:10:39,F1,0.0000,OK
2026-03-30 05:10:50,F1,0.0000,OK
2026-03-30 05:11:00,F1,0.0000,OK
2026-03-30 05:11:10,F1,0.0000,OK
2026-03-30 05:11:20,F1,0.0000,OK
2026-03-30 05:11:31,F1,0.0000,OK
2026-03-30 05:11:41,F1,0.0000,OK
2026-03-30 05:11:51,F1,0.0000,OK
2026-03-30 05:12:01,F1,0.0000,OK
2026-03-30 05:12:12,F1,0.0000,OK
2026-03-30 05:12:22,F1,0.0000,OK
2026-03-30 05:12:32,F1,0.0000,OK
2026-03-30 05:12:42,F1,0.0000,OK
2026-03-30 05:12:53,F1,0.0000,OK
2026-03-30 05:13:03,F1,0.0000,OK
2026-03-30 05:13:13,F1,0.0000,OK
2026-03-30 05:13:23,F1,0.0000,OK
2026-03-30 05:13:34,F1,0.0000,OK
2026-03-30 05:13:44,F1,0.0000,OK
2026-03-30 05:13:54,F1,0.0000,OK
2026-03-30 05:14:04,F1,0.0000,OK
2026-03-30 05:14:15,F1,0.0000,OK
2026-03-30 05:14:25,F1,0.0000,OK
2026-03-30 05:14:35,F1,0.0000,OK
2026-03-30 05:14:45,F1,0.0000,OK
2026-03-30 05:14:56,F1,0.0000,OK
2026-03-30 05:15:06,F1,0.0000,OK
2026-03-30 05:15:16,F1,0.0000,OK
2026-03-30 05:15:26,F1,0.0000,OK
2026-03-30 05:15:37,F1,0.0000,OK
2026-03-30 05:15:47,F1,0.0000,OK
2026-03-30 05:15:57,F1,0.0000,OK
2026-03-30 05:16:07,F1,0.0000,OK
2026-03-30 05:16:17,F1,0.0000,OK
2026-03-30 05:16:28,F1,0.0000,OK
2026-03-30 05:16:38,F1,0.0000,OK
2026-03-30 05:16:48,F1,0.0000,OK
2026-03-30 05:16:58,F1,0.0633,OK
2026-03-30 05:17:09,F1,0.0449,OK
2026-03-30 05:17:19,F1,0.0000,OK
2026-03-30 05:17:29,F1,0.0026,OK
2026-03-30 05:17:39,F1,0.0000,OK
2026-03-30 05:17:50,F1,0.0000,OK
2026-03-30 05:18:00,F1,0.0000,OK
2026-03-30 05:18:10,F1,0.0000,OK
2026-03-30 05:18:20,F1,0.0264,OK
2026-03-30 05:18:31,F1,0.0106,OK
2026-03-30 05:18:41,F1,0.0264,OK
2026-03-30 05:18:51,F1,0.0000,OK
2026-03-30 05:19:01,F1,0.0000,OK
2026-03-30 05:19:12,F1,0.0660,OK
2026-03-30 05:19:22,F1,0.0000,OK
2026-03-30 05:19:32,F1,0.0370,OK
2026-03-30 05:19:42,F1,0.0000,OK
2026-03-30 05:19:53,F1,0.0317,OK
2026-03-30 05:20:03,F1,0.0000,OK
2026-03-30 05:20:13,F1,0.0000,OK
2026-03-30 05:20:23,F1,0.0370,OK
2026-03-30 05:20:34,F1,0.0000,OK
2026-03-30 05:20:44,F1,0.0000,OK
2026-03-30 05:20:54,F1,0.0079,OK
2026-03-30 05:21:04,F1,0.0000,OK
2026-03-30 05:21:14,F1,0.0000,OK
2026-03-30 05:21:25,F1,0.0000,OK
2026-03-30 05:21:35,F1,0.0000,OK
2026-03-30 05:21:45,F1,0.0000,OK
2026-03-30 05:21:55,F1,0.0000,OK
2026-03-30 05:22:06,F1,0.0000,OK
2026-03-30 05:22:16,F1,0.0000,OK
2026-03-30 05:22:26,F1,0.0000,OK
2026-03-30 05:22:36,F1,0.0000,OK
2026-03-30 05:22:47,F1,0.0000,OK
2026-03-30 05:22:57,F1,0.0000,OK
2026-03-30 05:23:07,F1,0.0000,OK
2026-03-30 05:23:17,F1,0.0000,OK
2026-03-30 05:23:28,F1,0.0000,OK
2026-03-30 05:23:38,F1,0.0000,OK
2026-03-30 05:23:48,F1,0.0000,OK
2026-03-30 05:23:58,F1,0.0000,OK
2026-03-30 05:24:09,F1,0.0000,OK
2026-03-30 05:24:19,F1,0.0000,OK
2026-03-30 05:24:29,F1,0.0000,OK
2026-03-30 05:24:39,F1,0.0000,OK
2026-03-30 05:24:50,F1,0.0000,OK
2026-03-30 05:25:00,F1,0.0000,OK
2026-03-30 05:25:10,F1,0.0000,OK
2026-03-30 05:25:20,F1,0.0000,OK
2026-03-30 05:25:31,F1,0.0000,OK
2026-03-30 05:25:41,F1,0.0000,OK
2026-03-30 05:25:51,F1,0.0000,OK
2026-03-30 05:26:01,F1,0.0000,OK
2026-03-30 05:26:12,F1,0.0000,OK
2026-03-30 05:26:22,F1,0.0000,OK
2026-03-30 05:26:32,F1,0.0000,OK
2026-03-30 05:26:42,F1,0.0000,OK
2026-03-30 05:26:53,F1,0.0000,OK
2026-03-30 05:27:03,F1,0.0000,OK
2026-03-30 05:27:13,F1,0.0000,OK
2026-03-30 05:27:23,F1,0.0000,OK
2026-03-30 05:27:34,F1,0.0000,OK
2026-03-30 05:27:44,F1,0.0000,OK
2026-03-30 05:27:54,F1,0.0000,OK
2026-03-30 05:28:04,F1,0.0000,OK
2026-03-30 05:28:15,F1,0.0000,OK
2026-03-30 05:28:25,F1,0.0000,OK
2026-03-30 05:28:35,F1,0.0000,OK
2026-03-30 05:28:45,F1,0.0000,OK
2026-03-30 05:28:56,F1,0.0000,OK
2026-03-30 05:29:06,F1,0.0000,OK
2026-03-30 05:29:16,F1,0.0000,OK
2026-03-30 05:29:26,F1,0.0000,OK
2026-03-30 05:29:37,F1,0.0000,OK
2026-03-30 05:29:47,F1,0.0000,OK
2026-03-30 05:29:57,F1,0.0000,OK
2026-03-30 05:30:07,F1,0.0000,OK
2026-03-30 05:30:18,F1,0.0000,OK
2026-03-30 05:30:28,F1,0.0000,OK
2026-03-30 05:30:38,F1,0.0000,OK
2026-03-30 05:30:48,F1,0.0000,OK
2026-03-30 05:30:59,F1,0.0000,OK
2026-03-30 05:31:09,F1,0.0000,OK
2026-03-30 05:31:19,F1,0.0000,OK
2026-03-30 05:31:29,F1,0.0000,OK
2026-03-30 05:31:40,F1,0.0000,OK
2026-03-30 05:31:50,F1,0.0000,OK
2026-03-30 05:32:00,F1,0.0000,OK
2026-03-30 05:32:10,F1,0.0000,OK
2026-03-30 05:32:21,F1,0.0000,OK
2026-03-30 05:32:31,F1,0.0000,OK
2026-03-30 05:32:41,F1,0.0000,OK
2026-03-30 05:32:51,F1,0.0000,OK
2026-03-30 05:33:02,F1,0.0000,OK
2026-03-30 05:33:12,F1,0.0000,OK
2026-03-30 05:33:22,F1,0.0000,OK
2026-03-30 05:33:32,F1,0.0000,OK
2026-03-30 05:33:42,F1,0.0000,OK
2026-03-30 05:33:53,F1,0.0000,OK
2026-03-30 05:34:03,F1,0.0000,OK
2026-03-30 05:34:13,F1,0.0000,OK
2026-03-30 05:34:23,F1,0.0000,OK
2026-03-30 05:34:34,F1,0.0000,OK
2026-03-30 05:34:44,F1,0.0000,OK
2026-03-30 05:34:54,F1,0.0000,OK
2026-03-30 05:35:04,F1,0.0000,OK
2026-03-30 05:35:15,F1,0.0000,OK
2026-03-30 05:35:25,F1,0.0000,OK
2026-03-30 05:35:35,F1,0.0000,OK
2026-03-30 05:35:45,F1,0.0000,OK
2026-03-30 05:35:56,F1,0.0000,OK
2026-03-30 05:36:06,F1,0.0000,OK
2026-03-30 05:36:16,F1,0.0000,OK
2026-03-30 05:36:26,F1,0.0000,OK
2026-03-30 05:36:37,F1,0.0000,OK
2026-03-30 05:36:47,F1,0.0000,OK
2026-03-30 05:36:57,F1,0.0000,OK
2026-03-30 05:37:07,F1,0.0000,OK
2026-03-30 05:37:18,F1,0.0000,OK
2026-03-30 05:37:28,F1,0.0000,OK
2026-03-30 05:37:38,F1,0.0000,OK
2026-03-30 05:37:48,F1,0.0000,OK
2026-03-30 05:37:59,F1,0.0000,OK
2026-03-30 05:38:09,F1,0.0000,OK
2026-03-30 05:38:19,F1,0.0000,OK
2026-03-30 05:38:29,F1,0.0000,OK
2026-03-30 05:38:39,F1,0.0000,OK
2026-03-30 05:38:50,F1,0.0000,OK
2026-03-30 05:39:00,F1,0.0000,OK
2026-03-30 05:39:10,F1,0.0000,OK
2026-03-30 05:39:20,F1,0.0343,OK
2026-03-30 05:39:31,F1,0.0000,OK
2026-03-30 05:39:41,F1,0.0264,OK
2026-03-30 05:39:51,F1,0.0000,OK
2026-03-30 05:40:01,F1,0.0000,OK
2026-03-30 05:40:12,F1,0.0343,OK
2026-03-30 05:40:22,F1,0.0000,OK
2026-03-30 05:40:32,F1,0.0000,OK
2026-03-30 05:40:42,F1,0.0000,OK
2026-03-30 05:40:53,F1,0.0000,OK
2026-03-30 05:41:03,F1,0.0132,OK
2026-03-30 05:41:13,F1,0.0000,OK
2026-03-30 05:41:23,F1,0.0449,OK
2026-03-30 05:41:34,F1,0.0370,OK
2026-03-30 05:41:44,F1,0.0000,OK
2026-03-30 05:41:54,F1,0.0000,OK
2026-03-30 05:42:04,F1,0.0000,OK
2026-03-30 05:42:15,F1,0.0000,OK
2026-03-30 05:42:25,F1,0.0000,OK
2026-03-30 05:42:35,F1,0.0000,OK
2026-03-30 05:42:45,F1,0.0000,OK
2026-03-30 05:42:56,F1,0.0000,OK
2026-03-30 05:43:06,F1,0.0000,OK
2026-03-30 05:43:16,F1,0.0000,OK
2026-03-30 05:43:26,F1,0.0000,OK
2026-03-30 05:43:37,F1,0.0000,OK
2026-03-30 05:43:47,F1,0.0000,OK
2026-03-30 05:43:57,F1,0.0000,OK
2026-03-30 05:44:07,F1,0.0000,OK
2026-03-30 05:44:17,F1,0.0000,OK
2026-03-30 05:44:28,F1,0.0000,OK
2026-03-30 05:44:38,F1,0.0000,OK
2026-03-30 05:44:48,F1,0.0000,OK
2026-03-30 05:44:59,F1,0.0000,OK
2026-03-30 05:45:09,F1,0.0000,OK
2026-03-30 05:45:19,F1,0.0000,OK
2026-03-30 05:45:29,F1,0.0000,OK
2026-03-30 05:45:40,F1,0.0000,OK
2026-03-30 05:45:50,F1,0.0000,OK
2026-03-30 05:46:00,F1,0.0000,OK
2026-03-30 05:46:11,F1,0.0000,OK
2026-03-30 05:46:21,F1,0.0000,OK
2026-03-30 05:46:31,F1,0.0000,OK
2026-03-30 05:46:41,F1,0.0000,OK
2026-03-30 05:46:52,F1,0.0000,OK
2026-03-30 05:47:02,F1,0.0000,OK
2026-03-30 05:47:12,F1,0.0000,OK
2026-03-30 05:47:22,F1,0.0000,OK
2026-03-30 05:47:33,F1,0.0000,OK
2026-03-30 05:47:43,F1,0.0000,OK
2026-03-30 05:47:53,F1,0.0000,OK
2026-03-30 05:48:03,F1,0.0000,OK
2026-03-30 05:48:14,F1,0.0000,OK
2026-03-30 05:48:24,F1,0.0000,OK
2026-03-30 05:48:34,F1,0.0000,OK
2026-03-30 05:48:44,F1,0.0000,OK
2026-03-30 05:48:55,F1,0.0000,OK
2026-03-30 05:49:05,F1,0.0000,OK
2026-03-30 05:49:15,F1,0.0000,OK
2026-03-30 05:49:25,F1,0.0000,OK
2026-03-30 05:49:36,F1,0.0000,OK
2026-03-30 05:49:46,F1,0.0000,OK
2026-03-30 05:49:56,F1,0.0000,OK
2026-03-30 05:50:06,F1,0.0000,OK
2026-03-30 05:50:17,F1,0.0000,OK
2026-03-30 05:50:27,F1,0.0000,OK
2026-03-30 05:50:37,F1,0.0000,OK
2026-03-30 05:50:47,F1,0.0000,OK
2026-03-30 05:50:58,F1,0.0000,OK
2026-03-30 05:51:08,F1,0.0000,OK
2026-03-30 05:51:18,F1,0.0000,OK
2026-03-30 05:51:28,F1,0.0000,OK
2026-03-30 05:51:39,F1,0.0000,OK
2026-03-30 05:51:49,F1,0.0000,OK
2026-03-30 05:51:59,F1,0.0000,OK
2026-03-30 05:52:09,F1,0.0000,OK
2026-03-30 05:52:20,F1,0.0000,OK
2026-03-30 05:52:30,F1,0.0000,OK
2026-03-30 05:52:40,F1,0.0000,OK
2026-03-30 05:52:50,F1,0.0000,OK
2026-03-30 05:53:01,F1,0.0000,OK
2026-03-30 05:53:11,F1,0.0000,OK
2026-03-30 05:53:21,F1,0.0000,OK
2026-03-30 05:53:31,F1,0.0000,OK
2026-03-30 05:53:42,F1,0.0000,OK
2026-03-30 05:53:52,F1,0.0000,OK
2026-03-30 05:54:02,F1,0.0000,OK
2026-03-30 05:54:12,F1,0.0000,OK
2026-03-30 05:54:23,F1,0.0000,OK
2026-03-30 05:54:33,F1,0.0000,OK
2026-03-30 05:54:43,F1,0.0000,OK
2026-03-30 05:54:53,F1,0.0000,OK
2026-03-30 05:55:04,F1,0.0000,OK
2026-03-30 05:55:14,F1,0.0000,OK
2026-03-30 05:55:24,F1,0.0000,OK
2026-03-30 05:55:34,F1,0.0000,OK
2026-03-30 05:55:45,F1,0.0000,OK
2026-03-30 05:55:55,F1,0.0000,OK
2026-03-30 05:56:05,F1,0.0000,OK
2026-03-30 05:56:15,F1,0.0000,OK
2026-03-30 05:56:25,F1,0.0000,OK
2026-03-30 05:56:36,F1,0.0000,OK
2026-03-30 05:56:46,F1,0.0000,OK
2026-03-30 05:56:56,F1,0.0000,OK
2026-03-30 05:57:06,F1,0.0000,OK
2026-03-30 05:57:17,F1,0.0000,OK
2026-03-30 05:57:27,F1,0.0000,OK
2026-03-30 05:57:37,F1,0.0000,OK
2026-03-30 05:57:47,F1,0.0000,OK
2026-03-30 05:57:58,F1,0.0000,OK
2026-03-30 05:58:08,F1,0.0000,OK
2026-03-30 05:58:18,F1,0.0000,OK
2026-03-30 05:58:28,F1,0.0000,OK
2026-03-30 05:58:39,F1,0.0000,OK
2026-03-30 05:58:49,F1,0.0000,OK
2026-03-30 05:58:59,F1,0.0000,OK
2026-03-30 05:59:09,F1,0.0000,OK
2026-03-30 05:59:20,F1,0.0000,OK
2026-03-30 05:59:30,F1,0.0000,OK
2026-03-30 05:59:40,F1,0.0000,OK
2026-03-30 05:59:50,F1,0.0000,OK
2026-03-30 06:00:01,F1,0.0000,OK
2026-03-30 06:00:11,F1,0.0000,OK
2026-03-30 06:00:21,F1,0.0000,OK
2026-03-30 06:00:31,F1,0.0000,OK
2026-03-30 06:00:42,F1,0.0000,OK
2026-03-30 06:00:52,F1,0.0000,OK
2026-03-30 06:01:02,F1,0.0000,OK
2026-03-30 06:01:12,F1,0.0000,OK
2026-03-30 06:01:23,F1,0.0000,OK
2026-03-30 06:01:33,F1,0.0000,OK
2026-03-30 06:01:43,F1,0.0000,OK
2026-03-30 06:01:53,F1,0.0000,OK
2026-03-30 06:02:04,F1,0.0000,OK
2026-03-30 06:02:14,F1,0.0000,OK
2026-03-30 06:02:24,F1,0.0000,OK
2026-03-30 06:02:34,F1,0.0000,OK
2026-03-30 06:02:44,F1,0.0000,OK
2026-03-30 06:02:55,F1,0.0000,OK
2026-03-30 06:03:05,F1,0.0000,OK
2026-03-30 06:03:15,F1,0.0000,OK
2026-03-30 06:03:25,F1,0.0000,OK
2026-03-30 06:03:36,F1,0.0000,OK
2026-03-30 06:03:46,F1,0.0000,OK
2026-03-30 06:03:56,F1,0.0000,OK
2026-03-30 06:04:06,F1,0.0000,OK
2026-03-30 06:04:17,F1,0.0000,OK
2026-03-30 06:04:27,F1,0.0000,OK
2026-03-30 06:04:37,F1,0.0000,OK
2026-03-30 06:04:47,F1,0.0000,OK
2026-03-30 06:04:58,F1,0.0000,OK
2026-03-30 06:05:08,F1,0.0000,OK
2026-03-30 06:05:18,F1,0.0000,OK
2026-03-30 06:05:28,F1,0.0000,OK
2026-03-30 06:05:39,F1,0.0000,OK
2026-03-30 06:05:49,F1,0.0000,OK
2026-03-30 06:05:59,F1,0.0000,OK
2026-03-30 06:06:09,F1,0.0000,OK
2026-03-30 06:06:20,F1,0.0000,OK
2026-03-30 06:06:30,F1,0.0000,OK
2026-03-30 06:06:40,F1,0.0000,OK
2026-03-30 06:06:50,F1,0.0000,OK
2026-03-30 06:07:00,F1,0.0000,OK
2026-03-30 06:07:11,F1,0.0000,OK
2026-03-30 06:07:21,F1,0.0000,OK
2026-03-30 06:07:31,F1,0.0000,OK
2026-03-30 06:07:42,F1,0.0000,OK
2026-03-30 06:07:52,F1,0.0000,OK
2026-03-30 06:08:02,F1,0.0000,OK
2026-03-30 06:08:12,F1,0.0000,OK
2026-03-30 06:08:22,F1,0.0000,OK
2026-03-30 06:08:33,F1,0.0000,OK
2026-03-30 06:08:43,F1,0.0000,OK
2026-03-30 06:08:53,F1,0.0000,OK
2026-03-30 06:09:03,F1,0.0000,OK
2026-03-30 06:09:14,F1,0.0000,OK
2026-03-30 06:09:24,F1,0.0000,OK
2026-03-30 06:09:34,F1,0.0000,OK
2026-03-30 06:09:44,F1,0.0000,OK
2026-03-30 06:09:55,F1,0.0000,OK
2026-03-30 06:10:05,F1,0.0000,OK
2026-03-30 06:10:15,F1,0.0000,OK
2026-03-30 06:10:25,F1,0.0000,OK
2026-03-30 06:10:36,F1,0.0000,OK
2026-03-30 06:10:46,F1,0.0000,OK
2026-03-30 06:10:56,F1,0.0000,OK
2026-03-30 06:11:06,F1,0.0000,OK
2026-03-30 06:11:17,F1,0.0000,OK
2026-03-30 06:11:27,F1,0.0000,OK
2026-03-30 06:11:37,F1,0.0000,OK
2026-03-30 06:11:47,F1,0.0000,OK
2026-03-30 06:11:58,F1,0.0000,OK
2026-03-30 06:12:08,F1,0.0000,OK
2026-03-30 06:12:18,F1,0.0000,OK
2026-03-30 06:12:28,F1,0.0000,OK
2026-03-30 06:12:39,F1,0.0000,OK
2026-03-30 06:12:49,F1,0.0000,OK
2026-03-30 06:12:59,F1,0.0000,OK
2026-03-30 06:13:09,F1,0.0000,OK
2026-03-30 06:13:20,F1,0.0000,OK
2026-03-30 06:13:30,F1,0.0000,OK
2026-03-30 06:13:40,F1,0.0000,OK
2026-03-30 06:13:50,F1,0.0000,OK
2026-03-30 06:14:01,F1,0.0000,OK
2026-03-30 06:14:11,F1,0.0000,OK
2026-03-30 06:14:21,F1,0.0000,OK
2026-03-30 06:14:31,F1,0.0000,OK
2026-03-30 06:14:41,F1,0.0000,OK
2026-03-30 06:14:52,F1,0.0000,OK
2026-03-30 06:15:02,F1,0.0000,OK
2026-03-30 06:15:12,F1,0.0000,OK
2026-03-30 06:15:22,F1,0.0000,OK
2026-03-30 06:15:33,F1,0.0000,OK
2026-03-30 06:15:43,F1,0.0000,OK
2026-03-30 06:15:53,F1,0.0000,OK
2026-03-30 06:16:03,F1,0.0000,OK
2026-03-30 06:16:14,F1,0.0000,OK
2026-03-30 06:16:24,F1,0.0000,OK
2026-03-30 06:16:34,F1,0.0000,OK
2026-03-30 06:16:44,F1,0.0000,OK
2026-03-30 06:16:55,F1,0.0000,OK
2026-03-30 06:17:05,F1,0.0000,OK
2026-03-30 06:17:15,F1,0.0000,OK
2026-03-30 06:17:25,F1,0.0000,OK
2026-03-30 06:17:36,F1,0.0000,OK
2026-03-30 06:17:46,F1,0.0000,OK
2026-03-30 06:17:56,F1,0.0000,OK
2026-03-30 06:18:06,F1,0.0000,OK
2026-03-30 06:18:17,F1,0.0000,OK
2026-03-30 06:18:27,F1,0.0000,OK
2026-03-30 06:18:37,F1,0.0000,OK
2026-03-30 06:18:47,F1,0.0000,OK
2026-03-30 06:18:58,F1,0.0000,OK
2026-03-30 06:19:08,F1,0.0000,OK
2026-03-30 06:19:18,F1,0.0000,OK
2026-03-30 06:19:28,F1,0.0000,OK
2026-03-30 06:19:38,F1,0.0000,OK
2026-03-30 06:19:49,F1,0.0000,OK
2026-03-30 06:19:59,F1,0.0000,OK
2026-03-30 06:20:09,F1,0.0000,OK
2026-03-30 06:20:19,F1,0.0000,OK
2026-03-30 06:20:30,F1,0.0000,OK
2026-03-30 06:20:40,F1,0.0000,OK
2026-03-30 06:20:50,F1,0.0000,OK
2026-03-30 06:21:00,F1,0.0000,OK
2026-03-30 06:21:11,F1,0.0000,OK
2026-03-30 06:21:21,F1,0.0000,OK
2026-03-30 06:21:31,F1,0.0000,OK
2026-03-30 06:21:41,F1,0.0000,OK
2026-03-30 06:21:52,F1,0.0000,OK
2026-03-30 06:22:02,F1,0.0000,OK
2026-03-30 06:22:12,F1,0.0000,OK
2026-03-30 06:22:22,F1,0.0000,OK
2026-03-30 06:22:33,F1,0.0000,OK
2026-03-30 06:22:43,F1,0.0000,OK
2026-03-30 06:22:53,F1,0.0000,OK
2026-03-30 06:23:03,F1,0.0000,OK
2026-03-30 06:23:14,F1,0.0000,OK
2026-03-30 06:23:24,F1,0.0000,OK
2026-03-30 06:23:34,F1,0.0000,OK
2026-03-30 06:23:44,F1,0.0000,OK
2026-03-30 06:23:55,F1,0.0000,OK
2026-03-30 06:24:05,F1,0.0000,OK
2026-03-30 06:24:15,F1,0.0000,OK
2026-03-30 06:24:25,F1,0.0000,OK
2026-03-30 06:24:35,F1,0.0000,OK
2026-03-30 06:24:46,F1,0.0000,OK
2026-03-30 06:24:56,F1,0.0000,OK
2026-03-30 06:25:06,F1,0.0000,OK
2026-03-30 06:25:16,F1,0.0000,OK
2026-03-30 06:25:27,F1,0.0000,OK
2026-03-30 06:25:37,F1,0.0000,OK
2026-03-30 06:25:47,F1,0.0000,OK
2026-03-30 06:25:57,F1,0.0000,OK
2026-03-30 06:26:08,F1,0.0000,OK
2026-03-30 06:26:18,F1,0.0000,OK
2026-03-30 06:26:28,F1,0.0000,OK
2026-03-30 06:26:38,F1,0.0000,OK
2026-03-30 06:26:49,F1,0.0000,OK
2026-03-30 06:26:59,F1,0.0000,OK
2026-03-30 06:27:09,F1,0.0000,OK
2026-03-30 06:27:19,F1,0.0000,OK
2026-03-30 06:27:30,F1,0.0000,OK
2026-03-30 06:27:40,F1,0.0000,OK
2026-03-30 06:27:50,F1,0.0000,OK
2026-03-30 06:28:00,F1,0.0000,OK
2026-03-30 06:28:11,F1,0.0000,OK
2026-03-30 06:28:21,F1,0.0000,OK
2026-03-30 06:28:31,F1,0.0000,OK
2026-03-30 06:28:41,F1,0.0000,OK
2026-03-30 06:28:52,F1,0.0000,OK
2026-03-30 06:29:02,F1,0.0000,OK
2026-03-30 06:29:12,F1,0.0000,OK
2026-03-30 06:29:22,F1,0.0000,OK
2026-03-30 06:29:33,F1,0.0000,OK
2026-03-30 06:29:43,F1,0.0000,OK
2026-03-30 06:29:53,F1,0.0000,OK
2026-03-30 06:30:03,F1,0.0000,OK
2026-03-30 06:30:13,F1,0.0000,OK
2026-03-30 06:30:24,F1,0.0000,OK
2026-03-30 06:30:34,F1,0.0000,OK
2026-03-30 06:30:44,F1,0.0000,OK
2026-03-30 06:30:54,F1,0.0000,OK
2026-03-30 06:31:05,F1,0.0000,OK
2026-03-30 06:31:15,F1,0.0000,OK
2026-03-30 06:31:25,F1,0.0000,OK
2026-03-30 06:31:35,F1,0.0000,OK
2026-03-30 06:31:46,F1,0.0000,OK
2026-03-30 06:31:56,F1,0.0000,OK
2026-03-30 06:32:06,F1,0.0000,OK
2026-03-30 06:32:16,F1,0.0000,OK
2026-03-30 06:32:27,F1,0.0000,OK
2026-03-30 06:32:37,F1,0.0000,OK
2026-03-30 06:32:47,F1,0.0000,OK
2026-03-30 06:32:57,F1,0.0000,OK
2026-03-30 06:33:08,F1,0.0000,OK
2026-03-30 06:33:18,F1,0.0000,OK
2026-03-30 06:33:28,F1,0.0000,OK
2026-03-30 06:33:38,F1,0.0000,OK
2026-03-30 06:33:49,F1,0.0000,OK
2026-03-30 06:33:59,F1,0.0000,OK
2026-03-30 06:34:09,F1,0.0000,OK
2026-03-30 06:34:19,F1,0.0000,OK
2026-03-30 06:34:30,F1,0.0000,OK
2026-03-30 06:34:40,F1,0.0000,OK
2026-03-30 06:34:50,F1,0.0000,OK
2026-03-30 06:35:00,F1,0.0000,OK
2026-03-30 06:35:11,F1,0.0000,OK
2026-03-30 06:35:21,F1,0.0000,OK
2026-03-30 06:35:31,F1,0.0000,OK
2026-03-30 06:35:41,F1,0.0000,OK
2026-03-30 06:35:52,F1,0.0000,OK
2026-03-30 06:36:02,F1,0.0000,OK
2026-03-30 06:36:12,F1,0.0000,OK
2026-03-30 06:36:22,F1,0.0000,OK
2026-03-30 06:36:33,F1,0.0000,OK
2026-03-30 06:36:43,F1,0.0000,OK
2026-03-30 06:36:53,F1,0.0000,OK
2026-03-30 06:37:03,F1,0.0000,OK
2026-03-30 06:37:13,F1,0.0000,OK
2026-03-30 06:37:24,F1,0.0000,OK
2026-03-30 06:37:34,F1,0.0000,OK
2026-03-30 06:37:44,F1,0.0000,OK
2026-03-30 06:37:54,F1,0.0000,OK
2026-03-30 06:38:05,F1,0.0000,OK
2026-03-30 06:38:15,F1,0.0000,OK
2026-03-30 06:38:25,F1,0.0000,OK
2026-03-30 06:38:35,F1,0.0000,OK
2026-03-30 06:38:46,F1,0.0000,OK
2026-03-30 06:38:56,F1,0.0000,OK
2026-03-30 06:39:06,F1,0.0000,OK
2026-03-30 06:39:16,F1,0.0000,OK
2026-03-30 06:39:27,F1,0.0000,OK
2026-03-30 06:39:37,F1,0.0000,OK
2026-03-30 06:39:47,F1,0.0000,OK
2026-03-30 06:39:57,F1,0.0000,OK
2026-03-30 06:40:08,F1,0.0000,OK
2026-03-30 06:40:18,F1,0.0000,OK
2026-03-30 06:40:28,F1,0.0000,OK
2026-03-30 06:40:38,F1,0.0000,OK
2026-03-30 06:40:49,F1,0.0000,OK
2026-03-30 06:40:59,F1,0.0000,OK
2026-03-30 06:41:09,F1,0.0000,OK
2026-03-30 06:41:19,F1,0.0000,OK
2026-03-30 06:41:30,F1,0.0000,OK
2026-03-30 06:41:40,F1,0.0000,OK
2026-03-30 06:41:50,F1,0.0000,OK
2026-03-30 06:42:00,F1,0.0000,OK
2026-03-30 06:42:10,F1,0.0000,OK
2026-03-30 06:42:21,F1,0.0000,OK
2026-03-30 06:42:31,F1,0.0000,OK
2026-03-30 06:42:41,F1,0.0000,OK
2026-03-30 06:42:51,F1,0.0000,OK
2026-03-30 06:43:02,F1,0.0000,OK
2026-03-30 06:43:12,F1,0.0000,OK
2026-03-30 06:43:22,F1,0.0000,OK
2026-03-30 06:43:32,F1,0.0000,OK
2026-03-30 06:43:43,F1,0.0000,OK
2026-03-30 06:43:53,F1,0.0000,OK
2026-03-30 06:44:03,F1,0.0000,OK
2026-03-30 06:44:13,F1,0.0000,OK
2026-03-30 06:44:24,F1,0.0000,OK
2026-03-30 06:44:34,F1,0.0000,OK
2026-03-30 06:44:44,F1,0.0000,OK
2026-03-30 06:44:54,F1,0.0000,OK
2026-03-30 06:45:05,F1,0.0000,OK
2026-03-30 06:45:15,F1,0.0000,OK
2026-03-30 06:45:25,F1,0.0000,OK
2026-03-30 06:45:35,F1,0.0000,OK
2026-03-30 06:45:46,F1,0.0000,OK
2026-03-30 06:45:56,F1,0.0000,OK
2026-03-30 06:46:06,F1,0.0000,OK
2026-03-30 06:46:16,F1,0.0000,OK
2026-03-30 06:46:26,F1,0.0000,OK
2026-03-30 06:46:37,F1,0.0000,OK
2026-03-30 06:46:47,F1,0.0000,OK
2026-03-30 06:46:57,F1,0.0000,OK
2026-03-30 06:47:08,F1,0.0000,OK
2026-03-30 06:47:18,F1,0.0000,OK
2026-03-30 06:47:28,F1,0.0000,OK
2026-03-30 06:47:38,F1,0.0000,OK
2026-03-30 06:47:49,F1,0.0000,OK
2026-03-30 06:47:59,F1,0.0000,OK
2026-03-30 06:48:09,F1,0.0000,OK
2026-03-30 06:48:19,F1,0.0000,OK
2026-03-30 06:48:30,F1,0.0000,OK
2026-03-30 06:48:40,F1,0.0000,OK
2026-03-30 06:48:50,F1,0.0000,OK
2026-03-30 06:49:00,F1,0.0000,OK
2026-03-30 06:49:11,F1,0.0000,OK
2026-03-30 06:49:21,F1,0.0000,OK
2026-03-30 06:49:31,F1,0.0000,OK
2026-03-30 06:49:41,F1,0.0000,OK
2026-03-30 06:49:52,F1,0.0000,OK
2026-03-30 06:50:02,F1,0.0000,OK
2026-03-30 06:50:12,F1,0.0000,OK
2026-03-30 06:50:22,F1,0.0000,OK
2026-03-30 06:50:33,F1,0.0000,OK
2026-03-30 06:50:43,F1,0.0000,OK
2026-03-30 06:50:53,F1,0.0000,OK
2026-03-30 06:51:03,F1,0.0000,OK
2026-03-30 06:51:14,F1,0.0000,OK
2026-03-30 06:51:24,F1,0.0000,OK
2026-03-30 06:51:34,F1,0.0000,OK
2026-03-30 06:51:44,F1,0.0000,OK
2026-03-30 06:51:55,F1,0.0000,OK
2026-03-30 06:52:05,F1,0.0000,OK
2026-03-30 06:52:15,F1,0.0000,OK
2026-03-30 06:52:25,F1,0.0000,OK
2026-03-30 06:52:35,F1,0.0000,OK
2026-03-30 06:52:46,F1,0.0000,OK
2026-03-30 06:52:56,F1,0.0000,OK
2026-03-30 06:53:06,F1,0.0000,OK
2026-03-30 06:53:16,F1,0.0000,OK
2026-03-30 06:53:27,F1,0.0000,OK
2026-03-30 06:53:37,F1,0.0000,OK
2026-03-30 06:53:47,F1,0.0000,OK
2026-03-30 06:53:57,F1,0.0000,OK
2026-03-30 06:54:08,F1,0.0000,OK
2026-03-30 06:54:18,F1,0.0000,OK
2026-03-30 06:54:28,F1,0.0000,OK
2026-03-30 06:54:38,F1,0.0000,OK
2026-03-30 06:54:49,F1,0.0000,OK
2026-03-30 06:54:59,F1,0.0000,OK
2026-03-30 06:55:09,F1,0.0000,OK
2026-03-30 06:55:19,F1,0.0000,OK
2026-03-30 06:55:30,F1,0.0000,OK
2026-03-30 06:55:40,F1,0.0000,OK
2026-03-30 06:55:50,F1,0.0000,OK
2026-03-30 06:56:00,F1,0.0000,OK
2026-03-30 06:56:11,F1,0.0000,OK
2026-03-30 06:56:21,F1,0.0000,OK
2026-03-30 06:56:31,F1,0.0000,OK
2026-03-30 06:56:41,F1,0.0000,OK
2026-03-30 06:56:52,F1,0.0000,OK
2026-03-30 06:57:02,F1,0.0000,OK
2026-03-30 06:57:12,F1,0.0000,OK
2026-03-30 06:57:22,F1,0.0000,OK
2026-03-30 06:57:33,F1,0.0000,OK
2026-03-30 06:57:43,F1,0.0000,OK
2026-03-30 06:57:53,F1,0.0000,OK
2026-03-30 06:58:03,F1,0.0000,OK
2026-03-30 06:58:14,F1,0.0000,OK
2026-03-30 06:58:24,F1,0.0000,OK
2026-03-30 06:58:34,F1,0.0000,OK
2026-03-30 06:58:44,F1,0.0000,OK
2026-03-30 06:58:55,F1,0.0000,OK
2026-03-30 06:59:05,F1,0.0000,OK
2026-03-30 06:59:15,F1,0.0000,OK
2026-03-30 06:59:25,F1,0.0000,OK
2026-03-30 06:59:36,F1,0.0000,OK
2026-03-30 06:59:46,F1,0.0000,OK
2026-03-30 06:59:56,F1,0.0000,OK
2026-03-30 07:00:06,F1,0.0000,OK
2026-03-30 07:00:16,F1,0.0000,OK
2026-03-30 07:00:27,F1,0.0000,OK
2026-03-30 07:00:37,F1,0.0000,OK
2026-03-30 07:00:47,F1,0.0000,OK
2026-03-30 07:00:57,F1,0.0000,OK
2026-03-30 07:01:08,F1,0.0000,OK
2026-03-30 07:01:18,F1,0.0000,OK
2026-03-30 07:01:28,F1,0.0000,OK
2026-03-30 07:01:38,F1,0.0000,OK
2026-03-30 07:01:49,F1,0.0000,OK
2026-03-30 07:01:59,F1,0.0000,OK
2026-03-30 07:02:09,F1,0.0000,OK
2026-03-30 07:02:19,F1,0.0000,OK
2026-03-30 07:02:30,F1,0.0000,OK
2026-03-30 07:02:40,F1,0.0000,OK
2026-03-30 07:02:50,F1,0.0000,OK
2026-03-30 07:03:00,F1,0.0000,OK
2026-03-30 07:03:11,F1,0.0000,OK
2026-03-30 07:03:21,F1,0.0000,OK
2026-03-30 07:03:31,F1,0.0000,OK
2026-03-30 07:03:41,F1,0.0000,OK
2026-03-30 07:03:52,F1,0.0000,OK
2026-03-30 07:04:02,F1,0.0000,OK
2026-03-30 07:04:12,F1,0.0000,OK
2026-03-30 07:04:22,F1,0.0000,OK
2026-03-30 07:04:32,F1,0.0000,OK
2026-03-30 07:04:43,F1,0.0000,OK
2026-03-30 07:04:53,F1,0.0000,OK
2026-03-30 07:05:03,F1,0.0000,OK
2026-03-30 07:05:13,F1,0.0000,OK
2026-03-30 07:05:24,F1,0.0000,OK
2026-03-30 07:05:34,F1,0.0000,OK
2026-03-30 07:05:44,F1,0.0000,OK
2026-03-30 07:05:54,F1,0.0000,OK
2026-03-30 07:06:05,F1,0.0000,OK
2026-03-30 07:06:15,F1,0.0000,OK
2026-03-30 07:06:25,F1,0.0000,OK
2026-03-30 07:06:35,F1,0.0000,OK
2026-03-30 07:06:46,F1,0.0000,OK
2026-03-30 07:06:56,F1,0.0000,OK
2026-03-30 07:07:06,F1,0.0000,OK
2026-03-30 07:07:16,F1,0.0000,OK
2026-03-30 07:07:27,F1,0.0000,OK
2026-03-30 07:07:37,F1,0.0000,OK
2026-03-30 07:07:47,F1,0.0000,OK
2026-03-30 07:07:57,F1,0.0000,OK
2026-03-30 07:08:08,F1,0.0000,OK
2026-03-30 07:08:18,F1,0.0000,OK
2026-03-30 07:08:28,F1,0.0000,OK
2026-03-30 07:08:38,F1,0.0000,OK
2026-03-30 07:08:49,F1,0.0000,OK
2026-03-30 07:08:59,F1,0.0000,OK
2026-03-30 07:09:09,F1,0.0000,OK
2026-03-30 07:09:19,F1,0.0000,OK
2026-03-30 07:09:30,F1,0.0000,OK
2026-03-30 07:09:40,F1,0.0000,OK
2026-03-30 07:09:50,F1,0.0000,OK
2026-03-30 07:10:00,F1,0.0000,OK
2026-03-30 07:10:11,F1,0.0000,OK
2026-03-30 07:10:21,F1,0.0000,OK
2026-03-30 07:10:31,F1,0.0000,OK
2026-03-30 07:10:41,F1,0.0000,OK
2026-03-30 07:10:52,F1,0.0000,OK
2026-03-30 07:11:02,F1,0.0000,OK
2026-03-30 07:11:12,F1,0.0000,OK
2026-03-30 07:11:22,F1,0.0000,OK
2026-03-30 07:11:33,F1,0.0000,OK
2026-03-30 07:11:43,F1,0.0000,OK
2026-03-30 07:11:53,F1,0.0000,OK
2026-03-30 07:12:03,F1,0.0000,OK
2026-03-30 07:12:14,F1,0.0000,OK
2026-03-30 07:12:24,F1,0.0000,OK
2026-03-30 07:12:34,F1,0.0000,OK
2026-03-30 07:12:44,F1,0.0000,OK
2026-03-30 07:12:54,F1,0.0000,OK
2026-03-30 07:13:05,F1,0.0000,OK
2026-03-30 07:13:15,F1,0.0000,OK
2026-03-30 07:13:25,F1,0.0000,OK
2026-03-30 07:13:35,F1,0.0000,OK
2026-03-30 07:13:46,F1,0.0000,OK
2026-03-30 07:13:56,F1,0.0000,OK
2026-03-30 07:14:06,F1,0.0000,OK
2026-03-30 07:14:16,F1,0.0000,OK
2026-03-30 07:14:27,F1,0.0000,OK
2026-03-30 07:14:37,F1,0.0000,OK
2026-03-30 07:14:47,F1,0.0000,OK
2026-03-30 07:14:57,F1,0.0000,OK
2026-03-30 07:15:08,F1,0.0000,OK
2026-03-30 07:15:18,F1,0.0000,OK
2026-03-30 07:15:28,F1,0.0000,OK
2026-03-30 07:15:38,F1,0.0000,OK
2026-03-30 07:15:49,F1,0.0000,OK
2026-03-30 07:15:59,F1,0.0000,OK
2026-03-30 07:16:09,F1,0.0000,OK
2026-03-30 07:16:19,F1,0.0000,OK
2026-03-30 07:16:30,F1,0.0000,OK
2026-03-30 07:16:40,F1,0.0000,OK
2026-03-30 07:16:50,F1,0.0000,OK
2026-03-30 07:17:00,F1,0.0000,OK
2026-03-30 07:17:10,F1,0.0000,OK
2026-03-30 07:17:21,F1,0.0000,OK
2026-03-30 07:17:31,F1,0.0000,OK
2026-03-30 07:17:41,F1,0.0000,OK
2026-03-30 07:17:51,F1,0.0000,OK
2026-03-30 07:18:02,F1,0.0000,OK
2026-03-30 07:18:12,F1,0.0000,OK
2026-03-30 07:18:22,F1,0.0000,OK
2026-03-30 07:18:32,F1,0.0000,OK
2026-03-30 07:18:43,F1,0.0000,OK
2026-03-30 07:18:53,F1,0.0000,OK
2026-03-30 07:19:03,F1,0.0000,OK
2026-03-30 07:19:13,F1,0.0000,OK
2026-03-30 07:19:24,F1,0.0000,OK
2026-03-30 07:19:34,F1,0.0000,OK
2026-03-30 07:19:45,F1,0.0000,OK
2026-03-30 07:19:55,F1,0.0000,OK
2026-03-30 07:20:05,F1,0.0000,OK
2026-03-30 07:20:15,F1,0.0000,OK
2026-03-30 07:20:25,F1,0.0000,OK
2026-03-30 07:20:36,F1,0.0000,OK
2026-03-30 07:20:46,F1,0.0000,OK
2026-03-30 07:20:56,F1,0.0000,OK
2026-03-30 07:21:06,F1,0.0000,OK
2026-03-30 07:21:17,F1,0.0000,OK
2026-03-30 07:21:27,F1,0.0000,OK
2026-03-30 07:21:37,F1,0.0000,OK
2026-03-30 07:21:47,F1,0.0000,OK
2026-03-30 07:21:58,F1,0.0000,OK
2026-03-30 07:22:08,F1,0.0000,OK
2026-03-30 07:22:18,F1,0.0000,OK
2026-03-30 07:22:28,F1,0.0000,OK
2026-03-30 07:22:39,F1,0.0000,OK
2026-03-30 07:22:49,F1,0.0000,OK
2026-03-30 07:22:59,F1,0.0000,OK
2026-03-30 07:23:09,F1,0.0000,OK
2026-03-30 07:23:20,F1,0.0000,OK
2026-03-30 07:23:30,F1,0.0000,OK
2026-03-30 07:23:40,F1,0.0000,OK
2026-03-30 07:23:50,F1,0.0000,OK
2026-03-30 07:24:01,F1,0.0000,OK
2026-03-30 07:24:11,F1,0.0000,OK
2026-03-30 07:24:21,F1,0.0000,OK
2026-03-30 07:24:31,F1,0.0000,OK
2026-03-30 07:24:42,F1,0.0000,OK
2026-03-30 07:24:52,F1,0.0000,OK
2026-03-30 07:25:02,F1,0.0000,OK
2026-03-30 07:25:12,F1,0.0000,OK
2026-03-30 07:25:23,F1,0.0000,OK
2026-03-30 07:25:33,F1,0.0000,OK
2026-03-30 07:25:43,F1,0.0000,OK
2026-03-30 07:25:53,F1,0.0000,OK
2026-03-30 07:26:04,F1,0.0000,OK
2026-03-30 07:26:14,F1,0.0000,OK
2026-03-30 07:26:24,F1,0.0000,OK
2026-03-30 07:26:34,F1,0.0000,OK
2026-03-30 07:26:45,F1,0.0000,OK
2026-03-30 07:26:55,F1,0.0000,OK
2026-03-30 07:27:05,F1,0.0000,OK
2026-03-30 07:27:15,F1,0.0000,OK
2026-03-30 07:27:26,F1,0.0000,OK
2026-03-30 07:27:36,F1,0.0000,OK
2026-03-30 07:27:46,F1,0.0000,OK
2026-03-30 07:27:56,F1,0.0000,OK
2026-03-30 07:28:07,F1,0.0000,OK
2026-03-30 07:28:17,F1,0.0000,OK
2026-03-30 07:28:27,F1,0.0000,OK
2026-03-30 07:28:37,F1,0.0000,OK
2026-03-30 07:28:48,F1,0.0000,OK
2026-03-30 07:28:58,F1,0.0000,OK
2026-03-30 07:29:08,F1,0.0000,OK
2026-03-30 07:29:18,F1,0.0000,OK
2026-03-30 07:29:28,F1,0.0000,OK
2026-03-30 07:29:39,F1,0.0000,OK
2026-03-30 07:29:49,F1,0.0000,OK
2026-03-30 07:29:59,F1,0.0000,OK
2026-03-30 07:30:09,F1,0.0000,OK
2026-03-30 07:30:20,F1,0.0000,OK
2026-03-30 07:30:30,F1,0.0000,OK
2026-03-30 07:30:40,F1,0.0000,OK
2026-03-30 07:30:50,F1,0.0000,OK
2026-03-30 07:31:01,F1,0.0000,OK
2026-03-30 07:31:11,F1,0.0000,OK
2026-03-30 07:31:21,F1,0.0000,OK
2026-03-30 07:31:31,F1,0.0000,OK
2026-03-30 07:31:42,F1,0.0000,OK
2026-03-30 07:31:52,F1,0.0000,OK
2026-03-30 07:32:02,F1,0.0000,OK
2026-03-30 07:32:12,F1,0.0000,OK
2026-03-30 07:32:23,F1,0.0000,OK
2026-03-30 07:32:33,F1,0.0000,OK
2026-03-30 07:32:43,F1,0.0000,OK
2026-03-30 07:32:53,F1,0.0000,OK
2026-03-30 07:33:04,F1,0.0000,OK
2026-03-30 07:33:14,F1,0.0000,OK
2026-03-30 07:33:24,F1,0.0000,OK
2026-03-30 07:33:34,F1,0.0000,OK
2026-03-30 07:33:45,F1,0.0000,OK
2026-03-30 07:33:55,F1,0.0000,OK
2026-03-30 07:34:05,F1,0.0000,OK
2026-03-30 07:34:15,F1,0.0000,OK
2026-03-30 07:34:25,F1,0.0000,OK
2026-03-30 07:34:36,F1,0.0000,OK
2026-03-30 07:34:46,F1,0.0000,OK
2026-03-30 07:34:56,F1,0.0000,OK
2026-03-30 07:35:06,F1,0.0000,OK
2026-03-30 07:35:17,F1,0.0000,OK
2026-03-30 07:35:27,F1,0.0000,OK
2026-03-30 07:35:37,F1,0.0000,OK
2026-03-30 07:35:47,F1,0.0000,OK
2026-03-30 07:35:58,F1,0.0000,OK
2026-03-30 07:36:08,F1,0.0000,OK
2026-03-30 07:36:18,F1,0.0000,OK
2026-03-30 07:36:28,F1,0.0000,OK
2026-03-30 07:36:39,F1,0.0000,OK
2026-03-30 07:36:49,F1,0.0000,OK
2026-03-30 07:36:59,F1,0.0000,OK
2026-03-30 07:37:09,F1,0.0000,OK
2026-03-30 07:37:20,F1,0.0000,OK
2026-03-30 07:37:30,F1,0.0000,OK
2026-03-30 07:37:40,F1,0.0000,OK
2026-03-30 07:37:50,F1,0.0000,OK
2026-03-30 07:38:01,F1,0.0000,OK
2026-03-30 07:38:11,F1,0.0000,OK
2026-03-30 07:38:21,F1,0.0000,OK
2026-03-30 07:38:31,F1,0.0000,OK
2026-03-30 07:38:42,F1,0.0000,OK
2026-03-30 07:38:52,F1,0.0000,OK
2026-03-30 07:39:02,F1,0.0000,OK
2026-03-30 07:39:12,F1,0.0000,OK
2026-03-30 07:39:23,F1,0.0000,OK
2026-03-30 07:39:33,F1,0.0000,OK
2026-03-30 07:39:43,F1,0.0000,OK
2026-03-30 07:39:53,F1,0.0000,OK
2026-03-30 07:40:03,F1,0.0000,OK
2026-03-30 07:40:14,F1,0.0000,OK
2026-03-30 07:40:24,F1,0.0000,OK
2026-03-30 07:40:34,F1,0.0000,OK
2026-03-30 07:40:44,F1,0.0000,OK
2026-03-30 07:40:55,F1,0.0000,OK
2026-03-30 07:41:05,F1,0.0000,OK
2026-03-30 07:41:15,F1,0.0000,OK
2026-03-30 07:41:25,F1,0.0000,OK
2026-03-30 07:41:36,F1,0.0000,OK
2026-03-30 07:41:46,F1,0.0000,OK
2026-03-30 07:41:56,F1,0.0000,OK
2026-03-30 07:42:06,F1,0.0000,OK
2026-03-30 07:42:17,F1,0.0000,OK
2026-03-30 07:42:27,F1,0.0000,OK
2026-03-30 07:42:37,F1,0.0000,OK
2026-03-30 07:42:47,F1,0.0000,OK
2026-03-30 07:42:58,F1,0.0000,OK
2026-03-30 07:43:08,F1,0.0000,OK
2026-03-30 07:43:18,F1,0.0000,OK
2026-03-30 07:43:28,F1,0.0000,OK
2026-03-30 07:43:39,F1,0.0000,OK
2026-03-30 07:43:49,F1,0.0000,OK
2026-03-30 07:43:59,F1,0.0000,OK
2026-03-30 07:44:09,F1,0.0000,OK
2026-03-30 07:44:20,F1,0.0000,OK
2026-03-30 07:44:30,F1,0.0000,OK
2026-03-30 07:44:40,F1,0.0000,OK
2026-03-30 07:44:50,F1,0.0000,OK
2026-03-30 07:45:01,F1,0.0000,OK
2026-03-30 07:45:11,F1,0.0000,OK
2026-03-30 07:45:21,F1,0.0000,OK
2026-03-30 07:45:31,F1,0.0000,OK
2026-03-30 07:45:42,F1,0.0000,OK
2026-03-30 07:45:52,F1,0.0000,OK
2026-03-30 07:46:02,F1,0.0000,OK
2026-03-30 07:46:12,F1,0.0000,OK
2026-03-30 07:46:23,F1,0.0000,OK
2026-03-30 07:46:33,F1,0.0000,OK
2026-03-30 07:46:43,F1,0.0000,OK
2026-03-30 07:46:53,F1,0.0000,OK
2026-03-30 07:47:04,F1,0.0000,OK
2026-03-30 07:47:14,F1,0.0000,OK
2026-03-30 07:47:24,F1,0.0000,OK
2026-03-30 07:47:34,F1,0.0000,OK
2026-03-30 07:47:45,F1,0.0000,OK
2026-03-30 07:47:55,F1,0.0000,OK
2026-03-30 07:48:05,F1,0.0000,OK
2026-03-30 07:48:15,F1,0.0000,OK
2026-03-30 07:48:25,F1,0.0000,OK
2026-03-30 07:48:36,F1,0.0000,OK
2026-03-30 07:48:46,F1,0.0000,OK
2026-03-30 07:48:56,F1,0.0000,OK
2026-03-30 07:49:06,F1,0.0000,OK
2026-03-30 07:49:17,F1,0.0000,OK
2026-03-30 07:49:27,F1,0.0000,OK
2026-03-30 07:49:37,F1,0.0000,OK
2026-03-30 07:49:47,F1,0.0000,OK
2026-03-30 07:49:58,F1,0.0000,OK
2026-03-30 07:50:08,F1,0.0000,OK
2026-03-30 07:50:18,F1,0.0000,OK
2026-03-30 07:50:28,F1,0.0000,OK
2026-03-30 07:50:39,F1,0.0000,OK
2026-03-30 07:50:49,F1,0.0000,OK
2026-03-30 07:50:59,F1,0.0000,OK
2026-03-30 07:51:09,F1,0.0000,OK
2026-03-30 07:51:20,F1,0.0000,OK
2026-03-30 07:51:30,F1,0.0000,OK
2026-03-30 07:51:40,F1,0.0000,OK
2026-03-30 07:51:50,F1,0.0000,OK
2026-03-30 07:52:01,F1,0.0000,OK
2026-03-30 07:52:11,F1,0.0000,OK
2026-03-30 07:52:21,F1,0.0000,OK
2026-03-30 07:52:31,F1,0.0000,OK
2026-03-30 07:52:42,F1,0.0000,OK
2026-03-30 07:52:52,F1,0.0000,OK
2026-03-30 07:53:02,F1,0.0000,OK
2026-03-30 07:53:12,F1,0.0000,OK
2026-03-30 07:53:23,F1,0.0000,OK
2026-03-30 07:53:33,F1,0.0000,OK
2026-03-30 07:53:43,F1,0.0000,OK
2026-03-30 07:53:54,F1,0.0000,OK
2026-03-30 07:54:04,F1,0.0000,OK
2026-03-30 07:54:14,F1,0.0000,OK
2026-03-30 07:54:24,F1,0.0000,OK
2026-03-30 07:54:35,F1,0.0000,OK
2026-03-30 07:54:45,F1,0.0000,OK
2026-03-30 07:54:55,F1,0.0000,OK
2026-03-30 07:55:05,F1,0.0000,OK
2026-03-30 07:55:16,F1,0.0000,OK
2026-03-30 07:55:26,F1,0.0000,OK
2026-03-30 07:55:36,F1,0.0000,OK
2026-03-30 07:55:46,F1,0.0000,OK
2026-03-30 07:55:57,F1,0.0000,OK
2026-03-30 07:56:07,F1,0.0000,OK
2026-03-30 07:56:17,F1,0.0000,OK
2026-03-30 07:56:27,F1,0.0000,OK
2026-03-30 07:56:38,F1,0.0000,OK
2026-03-30 07:56:48,F1,0.0000,OK
2026-03-30 07:56:58,F1,0.0000,OK
2026-03-30 07:57:08,F1,0.0000,OK
2026-03-30 07:57:19,F1,0.0000,OK
2026-03-30 07:57:29,F1,0.0000,OK
2026-03-30 07:57:39,F1,0.0000,OK
2026-03-30 07:57:49,F1,0.0000,OK
2026-03-30 07:58:00,F1,0.0000,Bajo rango
2026-03-30 07:58:10,F1,0.0000,OK
2026-03-30 07:58:20,F1,0.0000,OK
2026-03-30 07:58:30,F1,0.0000,OK
2026-03-30 07:58:41,F1,0.0000,OK
2026-03-30 07:58:51,F1,0.0000,Bajo rango
2026-03-30 07:59:01,F1,0.0000,Bajo rango
2026-03-30 07:59:11,F1,0.0000,OK
2026-03-30 07:59:22,F1,0.0000,OK
2026-03-30 07:59:32,F1,0.0000,OK
2026-03-30 07:59:42,F1,0.0000,OK
2026-03-30 07:59:52,F1,0.0000,Bajo rango
2026-03-30 08:00:02,F1,0.0000,Bajo rango
2026-03-30 08:00:13,F1,0.0000,OK
2026-03-30 08:00:23,F1,0.0000,OK
2026-03-30 08:00:33,F1,0.0000,OK
2026-03-30 08:00:43,F1,0.0000,OK
2026-03-30 08:00:54,F1,0.0000,OK
2026-03-30 08:01:04,F1,0.0000,OK
2026-03-30 08:01:14,F1,0.0000,OK
2026-03-30 08:01:24,F1,0.0000,Bajo rango
2026-03-30 08:01:35,F1,0.0000,OK
2026-03-30 08:01:45,F1,0.0000,OK
2026-03-30 08:01:55,F1,0.0000,OK
2026-03-30 08:02:05,F1,0.0000,OK
2026-03-30 08:02:16,F1,0.0000,OK
2026-03-30 08:02:26,F1,0.0000,OK
2026-03-30 08:02:36,F1,0.0000,OK
2026-03-30 08:02:46,F1,0.0000,OK
2026-03-30 08:02:57,F1,0.0000,OK
2026-03-30 08:03:07,F1,0.0000,OK
2026-03-30 08:03:17,F1,0.0000,OK
2026-03-30 08:03:27,F1,0.0000,OK
2026-03-30 08:03:38,F1,0.0000,OK
2026-03-30 08:03:48,F1,0.0000,OK
2026-03-30 08:03:58,F1,0.0000,OK
2026-03-30 08:04:08,F1,0.0000,OK
2026-03-30 08:04:18,F1,0.0000,OK
2026-03-30 08:04:29,F1,0.0000,OK
2026-03-30 08:04:39,F1,0.0000,OK
2026-03-30 08:04:49,F1,0.0000,OK
2026-03-30 08:04:59,F1,0.0000,OK
2026-03-30 08:05:10,F1,0.0000,OK
2026-03-30 08:05:20,F1,0.0000,OK
2026-03-30 08:05:30,F1,0.0000,OK
2026-03-30 08:05:40,F1,0.0000,OK
2026-03-30 08:05:51,F1,0.0000,OK
2026-03-30 08:06:01,F1,0.0000,OK
2026-03-30 08:06:11,F1,0.0000,OK
2026-03-30 08:06:21,F1,0.0000,OK
2026-03-30 08:06:32,F1,0.0000,OK
2026-03-30 08:06:42,F1,0.0000,OK
2026-03-30 08:06:52,F1,0.0000,OK
2026-03-30 08:07:02,F1,0.0000,OK
2026-03-30 08:07:13,F1,0.0000,OK
2026-03-30 08:07:23,F1,0.0000,OK
2026-03-30 08:07:33,F1,0.0000,OK
2026-03-30 08:07:43,F1,0.0000,OK
2026-03-30 08:07:54,F1,0.0000,OK
2026-03-30 08:08:04,F1,0.0000,OK
2026-03-30 08:08:14,F1,0.0000,OK
2026-03-30 08:08:24,F1,0.0000,OK
2026-03-30 08:08:35,F1,0.0000,OK
2026-03-30 08:08:45,F1,0.0000,OK
2026-03-30 08:08:55,F1,0.0000,OK
2026-03-30 08:09:05,F1,0.0000,OK
2026-03-30 08:09:16,F1,0.0000,OK
2026-03-30 08:09:26,F1,0.0000,OK
2026-03-30 08:09:36,F1,0.0000,OK
2026-03-30 08:09:46,F1,0.0000,OK
2026-03-30 08:09:57,F1,0.0000,OK
2026-03-30 08:10:07,F1,0.0000,OK
2026-03-30 08:10:17,F1,0.0000,OK
2026-03-30 08:10:27,F1,0.0000,OK
2026-03-30 08:10:37,F1,0.0000,OK
2026-03-30 08:10:48,F1,0.0000,OK
2026-03-30 08:10:58,F1,0.0000,OK
2026-03-30 08:11:08,F1,0.0000,OK
2026-03-30 08:11:18,F1,0.0000,OK
2026-03-30 08:11:29,F1,0.0000,OK
2026-03-30 08:11:39,F1,0.0000,OK
2026-03-30 08:11:49,F1,0.0000,OK
2026-03-30 08:11:59,F1,0.0000,OK
2026-03-30 08:12:10,F1,0.0000,OK
2026-03-30 08:12:20,F1,0.0000,OK
2026-03-30 08:12:30,F1,0.0000,OK
2026-03-30 08:12:40,F1,0.0000,OK
2026-03-30 08:12:51,F1,0.0000,OK
2026-03-30 08:13:01,F1,0.0000,OK
2026-03-30 08:13:11,F1,0.0000,OK
2026-03-30 08:13:21,F1,0.0000,OK
2026-03-30 08:13:32,F1,0.0000,OK
2026-03-30 08:13:42,F1,0.0000,OK
2026-03-30 08:13:52,F1,0.0000,OK
2026-03-30 08:14:02,F1,0.0000,OK
2026-03-30 08:14:13,F1,0.0000,OK
2026-03-30 08:14:23,F1,0.0000,OK
2026-03-30 08:14:33,F1,0.0000,OK
2026-03-30 08:14:43,F1,0.0000,OK
2026-03-30 08:14:54,F1,0.0000,OK
2026-03-30 08:15:04,F1,0.0000,OK
2026-03-30 08:15:14,F1,0.0000,OK
2026-03-30 08:15:24,F1,0.0000,OK
2026-03-30 08:15:35,F1,0.0000,OK
2026-03-30 08:15:45,F1,0.0000,OK
2026-03-30 08:15:55,F1,0.0000,OK
2026-03-30 08:16:05,F1,0.0000,OK
2026-03-30 08:16:16,F1,0.0000,OK
2026-03-30 08:16:26,F1,0.0000,OK
2026-03-30 08:16:36,F1,0.0000,OK
2026-03-30 08:16:46,F1,0.0000,OK
2026-03-30 08:16:57,F1,0.0000,OK
2026-03-30 08:17:07,F1,0.0000,OK
2026-03-30 08:17:17,F1,0.0000,OK
2026-03-30 08:17:27,F1,0.0000,OK
2026-03-30 08:17:37,F1,0.0000,OK
2026-03-30 08:17:48,F1,0.0000,OK
2026-03-30 08:17:58,F1,0.0000,OK
2026-03-30 08:18:08,F1,0.0000,OK
2026-03-30 08:18:18,F1,0.0000,OK
2026-03-30 08:18:29,F1,0.0000,OK
2026-03-30 08:18:39,F1,0.0000,OK
2026-03-30 08:18:49,F1,0.0000,OK
2026-03-30 08:18:59,F1,0.0000,OK
2026-03-30 08:19:10,F1,0.0000,OK
2026-03-30 08:19:20,F1,0.0000,OK
2026-03-30 08:19:30,F1,0.0000,OK
2026-03-30 08:19:40,F1,0.0000,OK
2026-03-30 08:19:51,F1,0.0000,OK
2026-03-30 08:20:01,F1,0.0000,OK
2026-03-30 08:20:11,F1,0.0000,OK
2026-03-30 08:20:21,F1,0.0000,OK
2026-03-30 08:20:32,F1,0.0000,OK
2026-03-30 08:20:42,F1,0.0000,OK
2026-03-30 08:20:52,F1,0.0000,OK
2026-03-30 08:21:02,F1,0.0000,OK
2026-03-30 08:21:13,F1,0.0000,OK
2026-03-30 08:21:23,F1,0.0000,OK
2026-03-30 08:21:33,F1,0.0000,OK
2026-03-30 08:21:43,F1,0.0000,OK
2026-03-30 08:21:54,F1,0.0000,OK
2026-03-30 08:22:04,F1,0.0000,OK
2026-03-30 08:22:14,F1,0.0000,OK
2026-03-30 08:22:24,F1,0.0000,OK
2026-03-30 08:22:35,F1,0.0000,Bajo rango
2026-03-30 08:22:45,F1,0.0000,OK
2026-03-30 08:22:55,F1,0.0000,OK
2026-03-30 08:23:05,F1,0.0000,OK
2026-03-30 08:23:16,F1,0.0000,OK
2026-03-30 08:23:26,F1,0.0000,Bajo rango
2026-03-30 08:23:36,F1,0.0000,OK
2026-03-30 08:23:46,F1,0.0000,OK
2026-03-30 08:23:57,F1,0.0000,OK
2026-03-30 08:24:07,F1,0.0000,OK
2026-03-30 08:24:17,F1,0.0000,OK
2026-03-30 08:24:27,F1,0.0000,OK
2026-03-30 08:24:38,F1,0.0000,OK
2026-03-30 08:24:48,F1,0.0000,OK
2026-03-30 08:24:58,F1,0.0000,OK
2026-03-30 08:25:08,F1,0.0000,Bajo rango
2026-03-30 08:25:19,F1,0.0000,OK
2026-03-30 08:25:29,F1,0.0000,OK
2026-03-30 08:25:39,F1,0.0000,OK
2026-03-30 08:25:49,F1,0.0000,OK
2026-03-30 08:26:00,F1,0.0000,OK
2026-03-30 08:26:10,F1,0.0000,OK
2026-03-30 08:26:20,F1,0.0000,OK
2026-03-30 08:26:30,F1,0.0000,OK
2026-03-30 08:26:41,F1,0.0000,OK
2026-03-30 08:26:51,F1,0.0000,OK
2026-03-30 08:27:01,F1,0.0000,OK
2026-03-30 08:27:11,F1,0.0000,OK
2026-03-30 08:27:21,F1,0.0000,OK
2026-03-30 08:27:32,F1,0.0000,OK
2026-03-30 08:27:42,F1,0.0000,OK
2026-03-30 08:27:52,F1,0.0000,OK
2026-03-30 08:28:02,F1,0.0000,OK
2026-03-30 08:28:13,F1,0.0000,OK
2026-03-30 08:28:23,F1,0.0000,OK
2026-03-30 08:28:33,F1,0.0000,OK
2026-03-30 08:28:43,F1,0.0000,OK
2026-03-30 08:28:54,F1,0.0000,OK
2026-03-30 08:29:04,F1,0.0000,OK
2026-03-30 08:29:14,F1,0.0000,OK
2026-03-30 08:29:24,F1,0.0000,OK
2026-03-30 08:29:35,F1,0.0000,OK
2026-03-30 08:29:45,F1,0.0000,OK
2026-03-30 08:29:55,F1,0.0000,OK
2026-03-30 08:30:05,F1,0.0000,OK
2026-03-30 08:30:16,F1,0.0000,OK
2026-03-30 08:30:26,F1,0.0000,OK
2026-03-30 08:30:36,F1,0.0000,OK
2026-03-30 08:30:46,F1,0.0000,OK
2026-03-30 08:30:57,F1,0.0000,OK
2026-03-30 08:31:07,F1,0.0000,OK
2026-03-30 08:31:17,F1,0.0000,OK
2026-03-30 08:31:27,F1,0.0000,OK
2026-03-30 08:31:38,F1,0.0000,OK
2026-03-30 08:31:48,F1,0.0000,OK
2026-03-30 08:31:58,F1,0.0000,OK
2026-03-30 08:32:08,F1,0.0000,OK
2026-03-30 08:32:19,F1,0.0000,OK
2026-03-30 08:32:29,F1,0.0000,OK
2026-03-30 08:32:39,F1,0.0000,OK
2026-03-30 08:32:49,F1,0.0000,OK
2026-03-30 08:33:00,F1,0.0000,OK
2026-03-30 08:33:10,F1,0.0000,OK
2026-03-30 08:33:20,F1,0.0000,OK
2026-03-30 08:33:30,F1,0.0000,OK
2026-03-30 08:33:41,F1,0.0000,OK
2026-03-30 08:33:51,F1,0.0000,OK
2026-03-30 08:34:01,F1,0.0000,OK
2026-03-30 08:34:11,F1,0.0000,OK
2026-03-30 08:34:22,F1,0.0000,OK
2026-03-30 08:34:32,F1,0.0000,OK
2026-03-30 08:34:42,F1,0.0000,OK
2026-03-30 08:34:52,F1,0.0000,OK
2026-03-30 08:35:03,F1,0.0000,OK
2026-03-30 08:35:13,F1,0.0000,OK
2026-03-30 08:35:23,F1,0.0000,OK
2026-03-30 08:35:33,F1,0.0000,OK
2026-03-30 08:35:44,F1,0.0000,OK
2026-03-30 08:35:54,F1,0.0000,OK
2026-03-30 08:36:04,F1,0.0000,OK
2026-03-30 08:36:14,F1,0.0000,OK
2026-03-30 08:36:24,F1,0.0000,OK
2026-03-30 08:36:35,F1,0.0000,OK
2026-03-30 08:36:45,F1,0.0000,OK
2026-03-30 08:36:55,F1,0.0000,OK
2026-03-30 08:37:05,F1,0.0000,OK
2026-03-30 08:37:16,F1,0.0000,OK
2026-03-30 08:37:26,F1,0.0000,OK
2026-03-30 08:37:36,F1,0.0000,OK
2026-03-30 08:37:46,F1,0.0000,OK
2026-03-30 08:37:57,F1,0.0000,OK
2026-03-30 08:38:07,F1,0.0000,OK
2026-03-30 08:38:17,F1,0.0000,OK
2026-03-30 08:38:27,F1,0.0000,OK
2026-03-30 08:38:38,F1,0.0000,OK
2026-03-30 08:38:48,F1,0.0000,OK
2026-03-30 08:38:58,F1,0.0000,OK
2026-03-30 08:39:08,F1,0.0000,OK
2026-03-30 08:39:19,F1,0.0000,OK
2026-03-30 08:39:29,F1,0.0000,OK
2026-03-30 08:39:39,F1,0.0000,OK
2026-03-30 08:39:49,F1,0.0000,OK
2026-03-30 08:40:00,F1,0.0000,OK
2026-03-30 08:40:10,F1,0.0000,OK
2026-03-30 08:40:20,F1,0.0000,OK
2026-03-30 08:40:30,F1,0.0000,OK
2026-03-30 08:40:41,F1,0.0000,OK
2026-03-30 08:40:51,F1,0.0000,OK
2026-03-30 08:41:01,F1,0.0000,OK
2026-03-30 08:41:11,F1,0.0000,OK
2026-03-30 08:41:22,F1,0.0000,OK
2026-03-30 08:41:32,F1,0.0000,OK
2026-03-30 08:41:42,F1,0.0000,OK
2026-03-30 08:41:52,F1,0.0000,OK
2026-03-30 08:42:03,F1,0.0000,OK
2026-03-30 08:42:13,F1,0.0713,OK
2026-03-30 08:42:23,F1,0.0185,OK
2026-03-30 08:42:33,F1,0.0000,OK
2026-03-30 08:42:44,F1,0.0290,OK
2026-03-30 08:42:54,F1,0.0845,OK
2026-03-30 08:43:04,F1,0.1109,OK
2026-03-30 08:43:14,F1,0.0686,OK
2026-03-30 08:43:25,F1,0.1082,OK
2026-03-30 08:43:35,F1,0.0871,OK
2026-03-30 08:43:45,F1,0.1504,OK
2026-03-30 08:43:55,F1,0.1161,OK
2026-03-30 08:44:05,F1,0.1610,OK
2026-03-30 08:44:16,F1,0.1663,OK
2026-03-30 08:44:26,F1,0.1504,OK
2026-03-30 08:44:36,F1,0.2296,OK
2026-03-30 08:44:46,F1,0.2375,OK
2026-03-30 08:44:57,F1,0.3774,OK
2026-03-30 08:45:07,F1,0.3827,OK
2026-03-30 08:45:17,F1,0.4329,OK
2026-03-30 08:45:27,F1,0.4249,OK
2026-03-30 08:45:38,F1,0.4065,OK
2026-03-30 08:45:48,F1,0.3906,OK
2026-03-30 08:45:58,F1,0.4091,OK
2026-03-30 08:46:08,F1,0.3985,OK
2026-03-30 08:46:19,F1,0.4012,OK
2026-03-30 08:46:29,F1,0.4672,OK
2026-03-30 08:46:39,F1,0.3167,OK
2026-03-30 08:46:49,F1,0.4249,OK
2026-03-30 08:47:00,F1,0.0290,OK
2026-03-30 08:47:10,F1,0.5384,OK
2026-03-30 08:47:20,F1,0.4672,OK
2026-03-30 08:47:30,F1,0.5147,OK
2026-03-30 08:47:41,F1,0.4355,OK
2026-03-30 08:47:51,F1,0.6044,OK
2026-03-30 08:48:01,F1,0.5595,OK
2026-03-30 08:48:11,F1,0.5279,OK
2026-03-30 08:48:22,F1,0.4936,OK
2026-03-30 08:48:32,F1,0.5120,OK
2026-03-30 08:48:42,F1,0.5490,OK
2026-03-30 08:48:52,F1,0.4381,OK
2026-03-30 08:49:03,F1,0.5384,OK
2026-03-30 08:49:13,F1,0.4249,OK
2026-03-30 08:49:27,F1,0.5675,OK
2026-03-30 08:49:38,F1,0.5279,OK
2026-03-30 08:49:49,F1,0.4830,OK
2026-03-30 08:50:01,F1,0.4830,OK
2026-03-30 08:50:12,F1,0.4909,OK
2026-03-30 08:50:24,F1,0.5094,OK
2026-03-30 08:50:35,F1,0.4698,OK
2026-03-30 08:50:49,F1,0.4698,OK
2026-03-30 08:50:59,F1,0.5358,OK
2026-03-30 08:51:11,F1,0.5015,OK
2026-03-30 08:51:22,F1,0.5463,OK
2026-03-30 08:51:33,F1,0.4249,OK
2026-03-30 08:51:44,F1,0.4170,OK
2026-03-30 08:51:55,F1,0.4249,OK
2026-03-30 08:52:07,F1,0.3669,OK
2026-03-30 08:52:18,F1,0.4619,OK
2026-03-30 08:52:28,F1,0.3114,OK
2026-03-30 08:52:40,F1,0.3220,OK
2026-03-30 08:52:51,F1,0.3669,OK
2026-03-30 08:53:02,F1,0.2507,OK
2026-03-30 08:53:13,F1,0.2930,OK
2026-03-30 08:53:25,F1,0.2719,OK
2026-03-30 08:53:36,F1,0.1240,OK
2026-03-30 08:53:47,F1,0.0528,OK
2026-03-30 08:53:58,F1,0.0000,OK
2026-03-30 08:54:09,F1,0.0053,OK
2026-03-30 08:54:20,F1,0.0000,OK
2026-03-30 08:54:31,F1,0.0000,OK
2026-03-30 08:54:42,F1,0.0000,OK
2026-03-30 08:54:54,F1,0.0000,OK
2026-03-30 08:55:05,F1,0.0000,OK
2026-03-30 08:55:16,F1,0.0000,OK
2026-03-30 08:55:27,F1,0.0000,OK
2026-03-30 08:55:38,F1,0.0000,OK
2026-03-30 08:55:49,F1,0.0000,OK
2026-03-30 08:56:00,F1,0.0000,OK
2026-03-30 08:56:11,F1,0.0000,OK
2026-03-30 08:56:22,F1,0.0000,OK
2026-03-30 08:56:34,F1,0.0264,OK
2026-03-30 08:56:45,F1,0.0000,OK
2026-03-30 08:56:56,F1,0.0000,OK
2026-03-30 08:57:07,F1,0.0000,OK
2026-03-30 08:57:18,F1,0.0000,OK
2026-03-30 08:57:29,F1,0.0000,OK
2026-03-30 08:57:40,F1,0.0000,OK
2026-03-30 08:57:52,F1,0.0000,OK
2026-03-30 08:58:03,F1,0.0000,OK
2026-03-30 08:58:14,F1,0.0000,OK
2026-03-30 08:58:25,F1,0.0000,OK
2026-03-30 08:58:36,F1,0.0000,OK
2026-03-30 08:58:48,F1,0.0026,OK
2026-03-30 08:58:58,F1,0.0185,OK
2026-03-30 08:59:09,F1,0.0370,OK
2026-03-30 08:59:21,F1,0.1610,OK
2026-03-30 08:59:32,F1,0.2349,OK
2026-03-30 08:59:43,F1,0.1425,OK
2026-03-30 08:59:54,F1,0.0977,OK
2026-03-30 09:00:06,F1,0.0343,OK
2026-03-30 09:00:17,F1,0.0528,OK
2026-03-30 09:00:28,F1,0.0792,OK
2026-03-30 09:00:39,F1,0.0000,OK
2026-03-30 09:00:50,F1,0.0924,OK
2026-03-30 09:01:01,F1,0.0000,OK
2026-03-30 09:01:12,F1,0.0000,OK
2026-03-30 09:01:23,F1,0.0000,OK
2026-03-30 09:01:35,F1,0.0000,OK
2026-03-30 09:01:46,F1,0.0000,OK
2026-03-30 09:01:57,F1,0.0000,OK
2026-03-30 09:02:08,F1,0.0000,OK
2026-03-30 09:02:19,F1,0.0000,OK
2026-03-30 09:02:30,F1,0.0132,OK
2026-03-30 09:02:41,F1,0.0000,OK
2026-03-30 09:02:52,F1,0.1135,OK
2026-03-30 09:03:03,F1,0.2402,OK
2026-03-30 09:03:15,F1,0.0000,OK
2026-03-30 09:03:25,F1,0.0370,OK
2026-03-30 09:03:36,F1,0.0079,OK
2026-03-30 09:03:48,F1,0.0000,OK
2026-03-30 09:03:59,F1,0.0000,OK
2026-03-30 09:04:10,F1,0.0000,OK
2026-03-30 09:04:21,F1,0.0000,OK
2026-03-30 09:04:32,F1,0.1610,OK
2026-03-30 09:04:44,F1,0.0000,OK
2026-03-30 09:04:54,F1,0.0501,OK
2026-03-30 09:05:05,F1,0.0000,OK
2026-03-30 09:05:17,F1,0.0000,OK
2026-03-30 09:05:28,F1,0.1425,OK
2026-03-30 09:05:39,F1,0.0000,OK
2026-03-30 09:05:50,F1,0.0000,OK
2026-03-30 09:06:01,F1,0.0000,OK
2026-03-30 09:06:13,F1,0.0000,OK
2026-03-30 09:06:24,F1,0.0000,OK
2026-03-30 09:06:34,F1,0.1636,OK
2026-03-30 09:06:46,F1,0.0396,OK
2026-03-30 09:06:57,F1,0.0871,OK
2026-03-30 09:07:08,F1,0.0000,OK
2026-03-30 09:07:19,F1,0.0000,OK
2026-03-30 09:07:30,F1,0.0000,OK
2026-03-30 09:07:42,F1,0.0000,OK
2026-03-30 09:07:53,F1,0.0000,OK
2026-03-30 09:08:03,F1,0.0000,OK
2026-03-30 09:08:15,F1,0.0238,OK
2026-03-30 09:08:26,F1,0.0000,OK
2026-03-30 09:08:37,F1,0.0000,OK
2026-03-30 09:08:48,F1,0.0000,OK
2026-03-30 09:08:59,F1,0.0000,OK
2026-03-30 09:09:11,F1,0.0000,OK
2026-03-30 09:09:22,F1,0.0000,OK
2026-03-30 09:09:33,F1,0.0000,OK
2026-03-30 09:09:44,F1,0.0000,OK
2026-03-30 09:09:55,F1,0.0000,OK
2026-03-30 09:10:06,F1,0.0000,Bajo rango
2026-03-30 09:10:17,F1,0.0000,OK
2026-03-30 09:10:29,F1,0.0000,OK
2026-03-30 09:10:40,F1,0.0000,OK
2026-03-30 09:10:51,F1,0.0000,OK
2026-03-30 09:11:02,F1,0.0000,OK
2026-03-30 09:11:13,F1,0.0000,OK
2026-03-30 09:11:25,F1,0.0000,OK
2026-03-30 09:11:36,F1,0.0660,OK
2026-03-30 09:11:46,F1,0.0000,OK
2026-03-30 09:11:58,F1,0.0000,OK
2026-03-30 09:12:09,F1,0.0000,OK
2026-03-30 09:12:20,F1,0.0000,OK
2026-03-30 09:12:31,F1,0.1161,OK
2026-03-30 09:12:42,F1,0.0000,OK
2026-03-30 09:12:54,F1,0.0000,OK
2026-03-30 09:13:04,F1,0.0000,OK
2026-03-30 09:13:15,F1,0.0000,OK
2026-03-30 09:13:27,F1,0.1399,OK
2026-03-30 09:13:38,F1,0.0000,OK
2026-03-30 09:13:49,F1,0.0000,OK
2026-03-30 09:14:00,F1,0.0000,OK
2026-03-30 09:14:11,F1,0.0000,OK
2026-03-30 09:14:22,F1,0.0000,OK
2026-03-30 09:14:33,F1,0.0000,OK
2026-03-30 09:14:44,F1,0.0000,OK
2026-03-30 09:14:56,F1,0.0000,OK
2026-03-30 09:15:07,F1,0.0000,OK
2026-03-30 09:15:18,F1,0.0000,OK
2026-03-30 09:15:28,F1,0.0000,OK
2026-03-30 09:15:38,F1,0.0000,OK
2026-03-30 09:15:49,F1,0.0000,OK
2026-03-30 09:15:59,F1,0.0000,OK
2026-03-30 09:16:09,F1,0.0000,Bajo rango
2026-03-30 09:16:19,F1,0.0000,Bajo rango
2026-03-30 09:16:30,F1,0.0000,OK
2026-03-30 09:16:40,F1,0.0000,Bajo rango
2026-03-30 09:16:50,F1,0.0000,Bajo rango
2026-03-30 09:17:00,F1,0.0000,Bajo rango
2026-03-30 09:17:11,F1,0.0000,Bajo rango
2026-03-30 09:17:21,F1,0.0000,Bajo rango
2026-03-30 09:17:31,F1,0.0000,OK
2026-03-30 09:17:41,F1,0.0000,OK
2026-03-30 09:17:52,F1,0.0000,OK
2026-03-30 09:18:02,F1,0.1346,OK
2026-03-30 09:18:12,F1,0.0000,OK
2026-03-30 09:18:22,F1,0.0000,OK
2026-03-30 09:18:33,F1,0.0000,Bajo rango
2026-03-30 09:18:43,F1,0.0000,OK
2026-03-30 09:18:53,F1,0.0000,OK
2026-03-30 09:19:03,F1,0.0000,OK
2026-03-30 09:19:14,F1,0.0000,OK
2026-03-30 09:19:24,F1,0.0000,OK
2026-03-30 09:19:34,F1,0.0000,OK
2026-03-30 09:19:44,F1,0.0000,OK
2026-03-30 09:19:55,F1,0.0000,OK
2026-03-30 09:20:05,F1,0.0000,OK
2026-03-30 09:20:15,F1,14.1232,OK
2026-03-30 09:20:25,F1,21.8328,OK
2026-03-30 09:20:36,F1,21.8249,OK
2026-03-30 09:20:46,F1,48.7278,OK
2026-03-30 09:20:56,F1,45.5817,OK
2026-03-30 09:21:06,F1,46.0040,OK
2026-03-30 09:21:16,F1,12.0830,OK
2026-03-30 09:21:27,F1,9.6548,OK
2026-03-30 09:21:37,F1,8.4222,OK
2026-03-30 09:21:47,F1,7.8178,OK
2026-03-30 09:21:57,F1,7.5882,OK
2026-03-30 09:22:08,F1,6.7436,OK
2026-03-30 09:22:18,F1,6.7409,OK
2026-03-30 09:22:28,F1,2.5048,OK
2026-03-30 09:22:38,F1,0.4381,OK
2026-03-30 09:22:49,F1,0.0528,OK
2026-03-30 09:22:59,F1,0.0000,OK
2026-03-30 09:23:09,F1,0.0000,Bajo rango
2026-03-30 09:23:19,F1,0.0000,Bajo rango
2026-03-30 09:23:30,F1,0.0422,OK
2026-03-30 09:23:40,F1,0.0000,Bajo rango
2026-03-30 09:23:50,F1,0.0000,Bajo rango
2026-03-30 09:24:00,F1,0.0000,Bajo rango
2026-03-30 09:24:11,F1,0.0000,OK
2026-03-30 09:24:21,F1,0.0000,OK
2026-03-30 09:24:31,F1,0.0000,OK
2026-03-30 09:24:41,F1,1.1112,OK
2026-03-30 09:24:52,F1,0.0000,OK
2026-03-30 09:25:02,F1,0.0000,OK
2026-03-30 09:25:12,F1,0.0000,OK
2026-03-30 09:25:22,F1,0.0000,OK
2026-03-30 09:25:33,F1,0.0000,OK
2026-03-30 09:25:43,F1,0.0000,OK
2026-03-30 09:25:53,F1,0.0000,OK
2026-03-30 09:26:03,F1,0.0000,OK
2026-03-30 09:26:14,F1,0.0000,OK
2026-03-30 09:26:24,F1,18.7975,OK
2026-03-30 09:26:34,F1,26.6179,OK
2026-03-30 09:26:44,F1,21.0198,OK
2026-03-30 09:26:55,F1,29.4605,OK
2026-03-30 09:27:05,F1,3.3678,OK
2026-03-30 09:27:15,F1,0.5859,OK
2026-03-30 09:27:25,F1,0.3642,OK
2026-03-30 09:27:35,F1,0.2455,OK
2026-03-30 09:27:46,F1,0.2587,OK
2026-03-30 09:27:56,F1,0.2719,OK
2026-03-30 09:28:06,F1,0.2217,OK
2026-03-30 09:28:16,F1,0.2745,OK
2026-03-30 09:28:27,F1,0.2455,OK
2026-03-30 09:28:37,F1,0.2745,OK
2026-03-30 09:28:47,F1,0.3405,OK
2026-03-30 09:28:57,F1,0.3721,OK
2026-03-30 09:29:08,F1,0.2191,OK
2026-03-30 09:29:18,F1,0.3220,OK
2026-03-30 09:29:28,F1,0.2455,OK
2026-03-30 09:29:38,F1,1.1217,OK
2026-03-30 09:29:49,F1,0.0607,OK
2026-03-30 09:29:59,F1,0.0000,OK
2026-03-30 09:30:09,F1,0.0000,OK
2026-03-30 09:30:19,F1,0.0686,OK
2026-03-30 09:30:30,F1,0.0000,OK
2026-03-30 09:30:40,F1,0.0000,OK
2026-03-30 09:30:50,F1,0.0000,OK
2026-03-30 09:31:00,F1,0.0000,OK
2026-03-30 09:31:11,F1,0.4038,OK
2026-03-30 09:31:21,F1,0.0000,OK
2026-03-30 09:31:31,F1,0.0000,OK
2026-03-30 09:31:41,F1,0.0000,OK
2026-03-30 09:31:52,F1,0.0000,OK
2026-03-30 09:32:02,F1,0.0000,OK
2026-03-30 09:32:12,F1,0.0000,OK
2026-03-30 09:32:22,F1,0.0000,OK
2026-03-30 09:32:33,F1,0.0000,OK
2026-03-30 09:32:43,F1,0.0000,OK
2026-03-30 09:32:53,F1,0.0000,OK
2026-03-30 09:33:03,F1,0.0000,OK
2026-03-30 09:33:14,F1,0.0000,OK
2026-03-30 09:33:24,F1,0.0000,OK
2026-03-30 09:33:34,F1,0.0000,OK
2026-03-30 09:33:44,F1,0.0000,OK
2026-03-30 09:33:55,F1,0.0000,OK
2026-03-30 09:34:05,F1,0.0000,OK
2026-03-30 09:34:15,F1,0.0000,OK
2026-03-30 09:34:25,F1,0.0000,OK
2026-03-30 09:34:36,F1,0.0000,OK
2026-03-30 09:34:46,F1,0.0000,OK
2026-03-30 09:34:56,F1,0.6150,OK
2026-03-30 09:35:06,F1,0.0000,OK
2026-03-30 09:35:17,F1,0.0000,OK
2026-03-30 09:35:27,F1,0.0000,OK
2026-03-30 09:35:37,F1,0.0000,OK
2026-03-30 09:35:47,F1,0.0000,OK
2026-03-30 09:35:58,F1,0.6150,OK
2026-03-30 09:36:08,F1,0.6150,OK
2026-03-30 09:36:18,F1,0.5622,OK
2026-03-30 09:36:28,F1,0.6150,OK
2026-03-30 09:36:39,F1,0.0000,OK
2026-03-30 09:36:49,F1,0.0000,OK
2026-03-30 09:36:59,F1,0.0000,OK
2026-03-30 09:37:09,F1,0.0000,OK
2026-03-30 09:37:20,F1,0.0000,OK
2026-03-30 09:37:30,F1,0.0000,OK
2026-03-30 09:37:40,F1,0.0000,OK
2026-03-30 09:37:50,F1,0.0000,OK
2026-03-30 09:38:01,F1,0.0000,OK
2026-03-30 09:38:11,F1,0.0000,OK
2026-03-30 09:38:21,F1,0.0000,OK
2026-03-30 09:38:31,F1,0.0000,OK
2026-03-30 09:38:42,F1,0.0000,OK
2026-03-30 09:38:52,F1,0.0000,OK
2026-03-30 09:39:02,F1,0.0000,OK
2026-03-30 09:39:12,F1,0.0000,OK
2026-03-30 09:39:23,F1,0.0000,OK
2026-03-30 09:39:33,F1,0.0000,OK
2026-03-30 09:39:43,F1,0.0000,OK
2026-03-30 09:39:53,F1,0.0000,OK
2026-03-30 09:40:04,F1,0.0000,OK
2026-03-30 09:40:14,F1,0.0000,OK
2026-03-30 09:40:24,F1,0.0000,OK
2026-03-30 09:40:34,F1,0.0000,OK
2026-03-30 09:40:45,F1,0.0000,OK
2026-03-30 09:40:55,F1,0.0000,OK
2026-03-30 09:41:05,F1,0.0000,OK
2026-03-30 09:41:15,F1,0.0000,Bajo rango
2026-03-30 09:41:26,F1,0.0000,OK
2026-03-30 09:41:36,F1,0.0000,OK
2026-03-30 09:41:46,F1,0.0000,OK
2026-03-30 09:41:56,F1,0.0000,OK
2026-03-30 09:42:07,F1,0.0000,OK
2026-03-30 09:42:17,F1,0.0000,OK
2026-03-30 09:42:27,F1,0.0000,OK
2026-03-30 09:42:37,F1,0.0000,OK
2026-03-30 09:42:48,F1,0.0000,OK
2026-03-30 09:42:58,F1,0.0000,OK
2026-03-30 09:43:08,F1,0.0000,OK
2026-03-30 09:43:18,F1,0.0000,OK
2026-03-30 09:43:29,F1,0.0000,OK
2026-03-30 09:43:39,F1,0.0000,OK
2026-03-30 09:43:49,F1,0.0000,OK
2026-03-30 09:43:59,F1,0.0000,Bajo rango
2026-03-30 09:44:10,F1,0.0000,OK
2026-03-30 09:44:20,F1,0.0000,OK
2026-03-30 09:44:30,F1,0.0000,Bajo rango
2026-03-30 09:44:40,F1,0.0000,Bajo rango
2026-03-30 09:44:51,F1,0.0000,OK
2026-03-30 09:45:01,F1,0.0000,OK
2026-03-30 09:45:11,F1,0.0000,Bajo rango
2026-03-30 09:45:21,F1,0.0000,OK
2026-03-30 09:45:32,F1,0.0000,OK
2026-03-30 09:45:42,F1,0.0000,Bajo rango
2026-03-30 09:45:52,F1,0.0000,Bajo rango
2026-03-30 09:46:02,F1,0.0000,Bajo rango
2026-03-30 09:46:13,F1,0.0000,OK
2026-03-30 09:46:23,F1,0.0000,OK
2026-03-30 09:46:33,F1,0.0000,Bajo rango
2026-03-30 09:46:43,F1,0.0000,Bajo rango
2026-03-30 09:46:54,F1,0.0000,Bajo rango
2026-03-30 09:47:04,F1,0.0000,Bajo rango
2026-03-30 09:47:14,F1,0.0000,Bajo rango
2026-03-30 09:47:24,F1,0.0000,Bajo rango
2026-03-30 09:47:35,F1,0.0000,OK
2026-03-30 09:47:45,F1,0.0000,OK
2026-03-30 09:47:55,F1,0.0000,OK
2026-03-30 09:48:05,F1,0.0000,OK
2026-03-30 09:48:16,F1,0.0000,Bajo rango
2026-03-30 09:48:26,F1,0.0000,Bajo rango
2026-03-30 09:48:36,F1,0.0000,Bajo rango
2026-03-30 09:48:46,F1,0.0000,Bajo rango
2026-03-30 09:48:56,F1,0.0000,Bajo rango
2026-03-30 09:49:07,F1,0.0000,OK
2026-03-30 09:49:17,F1,0.0000,Bajo rango
2026-03-30 09:49:27,F1,0.0000,Bajo rango
2026-03-30 09:49:37,F1,0.0000,OK
2026-03-30 09:49:48,F1,0.0000,Bajo rango
2026-03-30 09:49:58,F1,0.0000,Bajo rango
2026-03-30 09:50:08,F1,0.0000,Bajo rango
2026-03-30 09:50:18,F1,0.0000,Bajo rango
2026-03-30 09:50:29,F1,0.0000,Bajo rango
2026-03-30 09:50:39,F1,0.0000,Bajo rango
2026-03-30 09:50:49,F1,0.0000,Bajo rango
2026-03-30 09:50:59,F1,0.0000,Bajo rango
2026-03-30 09:51:10,F1,0.0000,Bajo rango
2026-03-30 09:51:20,F1,0.0000,Bajo rango
2026-03-30 09:51:30,F1,0.0000,Bajo rango
2026-03-30 09:51:40,F1,0.0000,Bajo rango
2026-03-30 09:51:51,F1,0.0000,Bajo rango
2026-03-30 09:52:01,F1,0.0000,Bajo rango
2026-03-30 09:52:11,F1,0.0000,Bajo rango
2026-03-30 09:52:21,F1,0.0000,Bajo rango
2026-03-30 09:52:32,F1,0.0000,Bajo rango
2026-03-30 09:52:42,F1,0.0000,Bajo rango
2026-03-30 09:52:52,F1,0.0000,Bajo rango
2026-03-30 09:53:02,F1,0.0000,Bajo rango
2026-03-30 09:53:13,F1,0.0000,Bajo rango
2026-03-30 09:53:23,F1,0.0000,Bajo rango
2026-03-30 09:53:33,F1,0.0000,Bajo rango
2026-03-30 09:53:43,F1,0.0000,Bajo rango
2026-03-30 09:53:54,F1,0.0000,Bajo rango
2026-03-30 09:54:04,F1,0.0000,Bajo rango
2026-03-30 09:54:15,F1,0.0000,Bajo rango
2026-03-30 09:54:25,F1,0.0000,Bajo rango
2026-03-30 09:54:35,F1,0.0000,Bajo rango
2026-03-30 09:54:45,F1,0.0000,Bajo rango
2026-03-30 09:54:56,F1,0.0000,Bajo rango
2026-03-30 09:55:06,F1,0.0000,Bajo rango
2026-03-30 09:55:16,F1,0.0000,Bajo rango
2026-03-30 09:55:26,F1,0.0000,Bajo rango
2026-03-30 09:55:37,F1,0.0000,Bajo rango
2026-03-30 09:55:47,F1,0.0000,Bajo rango
2026-03-30 09:55:57,F1,0.0000,Bajo rango
2026-03-30 09:56:07,F1,0.0000,Bajo rango
2026-03-30 09:56:18,F1,0.0000,Bajo rango
2026-03-30 09:56:28,F1,0.0000,Bajo rango
2026-03-30 09:56:38,F1,0.0000,Bajo rango
2026-03-30 09:56:48,F1,0.0000,Bajo rango
2026-03-30 09:56:59,F1,0.0000,Bajo rango
2026-03-30 09:57:09,F1,0.0000,Bajo rango
2026-03-30 09:57:19,F1,0.0000,Bajo rango
2026-03-30 09:57:29,F1,0.0000,Bajo rango
2026-03-30 09:57:40,F1,0.0000,Bajo rango
2026-03-30 09:57:50,F1,0.0000,Bajo rango
2026-03-30 09:58:00,F1,0.0000,Bajo rango
2026-03-30 09:58:10,F1,0.0000,Bajo rango
2026-03-30 09:58:21,F1,0.0000,Bajo rango
2026-03-30 09:58:31,F1,0.0000,Bajo rango
2026-03-30 09:58:41,F1,0.0000,Bajo rango
2026-03-30 09:58:51,F1,0.0000,Bajo rango
2026-03-30 09:59:02,F1,0.0000,Bajo rango
2026-03-30 09:59:12,F1,0.0000,Bajo rango
2026-03-30 09:59:22,F1,0.0000,Bajo rango
2026-03-30 09:59:32,F1,0.0000,Bajo rango
2026-03-30 09:59:43,F1,0.0000,Bajo rango
2026-03-30 09:59:53,F1,0.0000,Bajo rango
2026-03-30 10:00:03,F1,0.0000,Bajo rango
2026-03-30 10:00:13,F1,0.0000,Bajo rango
2026-03-30 10:00:24,F1,0.0000,Bajo rango
2026-03-30 10:00:34,F1,0.0000,Bajo rango
2026-03-30 10:00:44,F1,0.0000,Bajo rango
2026-03-30 10:00:54,F1,0.0000,Bajo rango
2026-03-30 10:01:05,F1,0.0000,Bajo rango
2026-03-30 10:01:15,F1,0.0000,Bajo rango
2026-03-30 10:01:25,F1,0.0000,Bajo rango
2026-03-30 10:01:35,F1,0.0000,Bajo rango
2026-03-30 10:01:46,F1,0.0000,Bajo rango
2026-03-30 10:01:56,F1,0.0000,Bajo rango
2026-03-30 10:02:06,F1,0.0000,Bajo rango
2026-03-30 10:02:16,F1,0.0000,Bajo rango
2026-03-30 10:02:27,F1,0.0000,Bajo rango
2026-03-30 10:02:37,F1,0.0000,Bajo rango
2026-03-30 10:02:47,F1,0.0000,Bajo rango
2026-03-30 10:02:57,F1,0.0000,Bajo rango
2026-03-30 10:03:08,F1,0.0000,Bajo rango
2026-03-30 10:03:18,F1,0.0000,Bajo rango
2026-03-30 10:03:28,F1,0.0000,Bajo rango
2026-03-30 10:03:38,F1,0.0000,Bajo rango
2026-03-30 10:03:49,F1,0.0000,Bajo rango
2026-03-30 10:03:59,F1,0.0000,Bajo rango
2026-03-30 10:04:09,F1,0.0000,Bajo rango
2026-03-30 10:04:19,F1,0.0000,Bajo rango
2026-03-30 10:04:30,F1,0.0000,Bajo rango
2026-03-30 10:04:40,F1,0.0000,Bajo rango
2026-03-30 10:04:50,F1,0.0000,Bajo rango
2026-03-30 10:05:00,F1,0.0000,Bajo rango
2026-03-30 10:05:11,F1,0.0000,Bajo rango
2026-03-30 10:05:21,F1,0.0000,Bajo rango
2026-03-30 10:05:31,F1,0.0000,Bajo rango
2026-03-30 10:05:41,F1,0.0000,Bajo rango
2026-03-30 10:05:51,F1,0.0000,Bajo rango
2026-03-30 10:06:02,F1,0.0000,Bajo rango
2026-03-30 10:06:12,F1,0.0000,Bajo rango
2026-03-30 10:06:22,F1,0.0000,Bajo rango
2026-03-30 10:06:32,F1,0.0000,Bajo rango
2026-03-30 10:06:43,F1,0.0000,Bajo rango
2026-03-30 10:06:53,F1,0.0000,Bajo rango
2026-03-30 10:07:03,F1,0.0000,Bajo rango
2026-03-30 10:07:13,F1,0.0000,Bajo rango
2026-03-30 10:07:24,F1,0.0000,Bajo rango
2026-03-30 10:07:34,F1,0.0000,Bajo rango
2026-03-30 10:07:44,F1,0.0000,Bajo rango
2026-03-30 10:07:54,F1,0.0000,Bajo rango
2026-03-30 10:08:05,F1,0.0000,Bajo rango
2026-03-30 10:08:15,F1,0.0000,Bajo rango
2026-03-30 10:08:25,F1,0.0000,Bajo rango
2026-03-30 10:08:35,F1,0.0000,Bajo rango
2026-03-30 10:08:46,F1,0.0000,Bajo rango
2026-03-30 10:08:56,F1,0.0000,Bajo rango
2026-03-30 10:09:06,F1,0.0000,Bajo rango
2026-03-30 10:09:16,F1,0.0000,Bajo rango
2026-03-30 10:09:27,F1,0.0000,Bajo rango
2026-03-30 10:09:37,F1,0.0000,Bajo rango
2026-03-30 10:09:47,F1,0.0000,Bajo rango
2026-03-30 10:09:57,F1,0.0000,Bajo rango
2026-03-30 10:10:08,F1,0.0000,Bajo rango
2026-03-30 10:10:18,F1,0.0000,Bajo rango
2026-03-30 10:10:28,F1,0.0000,Bajo rango
2026-03-30 10:10:38,F1,0.0000,Bajo rango
2026-03-30 10:10:48,F1,0.0000,Bajo rango
2026-03-30 10:10:59,F1,0.0000,Bajo rango
2026-03-30 10:11:09,F1,0.0000,Bajo rango
2026-03-30 10:11:19,F1,0.0000,Bajo rango
2026-03-30 10:11:30,F1,0.0000,Bajo rango
2026-03-30 10:11:40,F1,0.0000,Bajo rango
2026-03-30 10:11:50,F1,0.0000,Bajo rango
2026-03-30 10:12:00,F1,0.0000,Bajo rango
2026-03-30 10:12:10,F1,0.0000,Bajo rango
2026-03-30 10:12:21,F1,0.0000,Bajo rango
2026-03-30 10:12:31,F1,0.0000,Bajo rango
2026-03-30 10:12:41,F1,0.0000,Bajo rango
2026-03-30 10:12:51,F1,0.0000,Bajo rango
2026-03-30 10:13:02,F1,0.0000,Bajo rango
2026-03-30 10:13:12,F1,0.0000,Bajo rango
2026-03-30 10:13:22,F1,0.0000,Bajo rango
2026-03-30 10:13:32,F1,0.0000,Bajo rango
2026-03-30 10:13:43,F1,0.0000,Bajo rango
2026-03-30 10:13:53,F1,0.0000,Bajo rango
2026-03-30 10:14:03,F1,0.0000,Bajo rango
2026-03-30 10:14:13,F1,0.0000,Bajo rango
2026-03-30 10:14:24,F1,0.0000,Bajo rango
2026-03-30 10:14:34,F1,0.0000,Bajo rango
2026-03-30 10:14:44,F1,0.0000,Bajo rango
2026-03-30 10:14:54,F1,0.0000,Bajo rango
2026-03-30 10:15:05,F1,0.0000,Bajo rango
2026-03-30 10:15:15,F1,0.0000,Bajo rango
2026-03-30 10:15:25,F1,0.0000,Bajo rango
2026-03-30 10:15:35,F1,0.0000,Bajo rango
2026-03-30 10:15:46,F1,0.0000,Bajo rango
2026-03-30 10:15:56,F1,0.0000,Bajo rango
2026-03-30 10:16:07,F1,0.0000,Bajo rango
2026-03-30 10:16:17,F1,0.0000,Bajo rango
2026-03-30 10:16:27,F1,0.0000,Bajo rango
2026-03-30 10:16:37,F1,0.0000,Bajo rango
2026-03-30 10:16:48,F1,0.0000,Bajo rango
2026-03-30 10:16:58,F1,0.0000,Bajo rango
2026-03-30 10:17:08,F1,0.0000,Bajo rango
2026-03-30 10:17:18,F1,0.0000,Bajo rango
2026-03-30 10:17:28,F1,0.0000,Bajo rango
2026-03-30 10:17:39,F1,0.0000,Bajo rango
2026-03-30 10:17:49,F1,0.0000,Bajo rango
2026-03-30 10:17:59,F1,0.0000,Bajo rango
2026-03-30 10:18:09,F1,0.0000,Bajo rango
2026-03-30 10:18:20,F1,0.0000,Bajo rango
2026-03-30 10:18:30,F1,0.0000,Bajo rango
2026-03-30 10:18:41,F1,0.0000,Bajo rango
2026-03-30 10:18:51,F1,0.0000,Bajo rango
2026-03-30 10:19:01,F1,0.0000,Bajo rango
2026-03-30 10:19:11,F1,0.0000,Bajo rango
2026-03-30 10:19:22,F1,0.0000,Bajo rango
2026-03-30 10:19:32,F1,0.0000,Bajo rango
2026-03-30 10:19:42,F1,0.0000,Bajo rango
2026-03-30 10:19:52,F1,0.0000,Bajo rango
2026-03-30 10:20:03,F1,0.0000,Bajo rango
2026-03-30 10:20:13,F1,0.0000,Bajo rango
2026-03-30 10:20:23,F1,0.0000,Bajo rango
2026-03-30 10:20:33,F1,0.0000,Bajo rango
2026-03-30 10:20:44,F1,0.0000,Bajo rango
2026-03-30 10:20:54,F1,0.0000,Bajo rango
2026-03-30 10:21:04,F1,0.0000,Bajo rango
2026-03-30 10:21:14,F1,0.0000,Bajo rango
2026-03-30 10:21:25,F1,0.0000,Bajo rango
2026-03-30 10:21:35,F1,0.0000,Bajo rango
2026-03-30 10:21:45,F1,0.0000,Bajo rango
2026-03-30 10:21:55,F1,0.0000,Bajo rango
2026-03-30 10:22:06,F1,0.0000,Bajo rango
2026-03-30 10:22:16,F1,0.0000,Bajo rango
2026-03-30 10:22:26,F1,0.0000,Bajo rango
2026-03-30 10:22:36,F1,0.0000,Bajo rango
2026-03-30 10:22:46,F1,0.0000,Bajo rango
2026-03-30 10:22:57,F1,0.0000,Bajo rango
2026-03-30 10:23:07,F1,0.0000,Bajo rango
2026-03-30 10:23:17,F1,0.0000,Bajo rango
2026-03-30 10:23:27,F1,0.0000,Bajo rango
2026-03-30 10:23:38,F1,0.0000,Bajo rango
2026-03-30 10:23:48,F1,0.0000,Bajo rango
2026-03-30 10:23:58,F1,0.0000,Bajo rango
2026-03-30 10:24:08,F1,0.0000,Bajo rango
2026-03-30 10:24:19,F1,0.0000,OK
2026-03-30 10:24:29,F1,0.0000,OK
2026-03-30 10:24:39,F1,0.0000,Bajo rango
2026-03-30 10:24:49,F1,0.0000,OK
2026-03-30 10:25:00,F1,0.0000,OK
2026-03-30 10:25:10,F1,0.0000,Bajo rango
2026-03-30 10:25:20,F1,0.0000,Bajo rango
2026-03-30 10:25:30,F1,0.0000,Bajo rango
2026-03-30 10:25:41,F1,0.0000,Bajo rango
2026-03-30 10:25:51,F1,0.0000,OK
2026-03-30 10:26:01,F1,0.0000,OK
2026-03-30 10:26:11,F1,0.0000,OK
2026-03-30 10:26:22,F1,0.0000,OK
2026-03-30 10:26:32,F1,0.0000,OK
2026-03-30 10:26:42,F1,0.0000,OK
2026-03-30 10:26:52,F1,0.0000,OK
2026-03-30 10:27:03,F1,0.0000,OK
2026-03-30 10:27:13,F1,0.0000,OK
2026-03-30 10:27:23,F1,0.0000,OK
2026-03-30 10:27:33,F1,0.0000,OK
2026-03-30 10:27:44,F1,0.0000,Bajo rango
2026-03-30 10:27:54,F1,0.0000,Bajo rango
2026-03-30 10:28:04,F1,0.0000,OK
2026-03-30 10:28:14,F1,0.0000,OK
2026-03-30 10:28:25,F1,0.0000,OK
2026-03-30 10:28:35,F1,0.0000,OK
2026-03-30 10:28:45,F1,0.0000,Bajo rango
2026-03-30 10:28:55,F1,0.0000,Bajo rango
2026-03-30 10:29:06,F1,0.0000,OK
2026-03-30 10:29:16,F1,0.0000,OK
2026-03-30 10:29:26,F1,0.0000,OK
2026-03-30 10:29:36,F1,0.0000,OK
2026-03-30 10:29:47,F1,0.0000,OK
2026-03-30 10:29:57,F1,0.0000,OK
2026-03-30 10:30:07,F1,0.0000,OK
2026-03-30 10:30:17,F1,0.0000,OK
2026-03-30 10:30:28,F1,0.0000,OK
2026-03-30 10:30:38,F1,0.0000,OK
2026-03-30 10:30:48,F1,0.0000,Bajo rango
2026-03-30 10:30:58,F1,0.0000,OK
2026-03-30 10:31:09,F1,0.0000,OK
2026-03-30 10:31:19,F1,0.0000,OK
2026-03-30 10:31:29,F1,0.0000,OK
2026-03-30 10:31:39,F1,0.0000,OK
2026-03-30 10:31:50,F1,0.0000,OK
2026-03-30 10:32:00,F1,0.0000,OK
2026-03-30 10:32:10,F1,0.0000,OK
2026-03-30 10:32:20,F1,0.0000,OK
2026-03-30 10:32:31,F1,0.0000,OK
2026-03-30 10:32:41,F1,0.0000,OK
2026-03-30 10:32:51,F1,0.0000,OK
2026-03-30 10:33:01,F1,0.0000,OK
2026-03-30 10:33:12,F1,0.0000,OK
2026-03-30 10:33:22,F1,0.0000,Bajo rango
2026-03-30 10:33:32,F1,0.0000,Bajo rango
2026-03-30 10:33:42,F1,0.0000,OK
2026-03-30 10:33:53,F1,0.0000,OK
2026-03-30 10:34:03,F1,0.0000,OK
2026-03-30 10:34:13,F1,0.0000,Bajo rango
2026-03-30 10:34:23,F1,0.0000,Bajo rango
2026-03-30 10:34:34,F1,0.0000,OK
2026-03-30 10:34:44,F1,0.0000,Bajo rango
2026-03-30 10:34:54,F1,0.0000,OK
2026-03-30 10:35:04,F1,0.0000,Bajo rango
2026-03-30 10:35:15,F1,0.0000,OK
2026-03-30 10:35:25,F1,0.0000,Bajo rango
2026-03-30 10:35:35,F1,0.0000,OK
2026-03-30 10:35:45,F1,0.0000,Bajo rango
2026-03-30 10:35:56,F1,0.0000,Bajo rango
2026-03-30 10:36:06,F1,0.0000,Bajo rango
2026-03-30 10:36:16,F1,0.0000,Bajo rango
2026-03-30 10:36:26,F1,0.0000,Bajo rango
2026-03-30 10:36:36,F1,0.0000,Bajo rango
2026-03-30 10:36:47,F1,0.0000,Bajo rango
2026-03-30 10:36:57,F1,0.0000,Bajo rango
2026-03-30 10:37:07,F1,0.0000,Bajo rango
2026-03-30 10:37:18,F1,0.0000,Bajo rango
2026-03-30 10:37:28,F1,0.0000,Bajo rango
2026-03-30 10:37:38,F1,0.0000,Bajo rango
2026-03-30 10:37:48,F1,0.0000,Bajo rango
2026-03-30 10:37:59,F1,0.0000,Bajo rango
2026-03-30 10:38:09,F1,0.0000,Bajo rango
2026-03-30 10:38:19,F1,0.0000,Bajo rango
2026-03-30 10:38:29,F1,0.0000,Bajo rango
2026-03-30 10:38:40,F1,0.0000,Bajo rango
2026-03-30 10:38:50,F1,0.0000,Bajo rango
2026-03-30 10:39:00,F1,0.0000,Bajo rango
2026-03-30 10:39:10,F1,0.0000,Bajo rango
2026-03-30 10:39:21,F1,0.0000,Bajo rango
2026-03-30 10:39:31,F1,0.0000,Bajo rango
2026-03-30 10:39:41,F1,0.0000,Bajo rango
2026-03-30 10:39:51,F1,0.0000,Bajo rango
2026-03-30 10:40:01,F1,0.0000,Bajo rango
2026-03-30 10:40:12,F1,0.0000,Bajo rango
2026-03-30 10:40:22,F1,0.0000,Bajo rango
2026-03-30 10:40:32,F1,0.0000,Bajo rango
2026-03-30 10:40:43,F1,0.0000,Bajo rango
2026-03-30 10:40:53,F1,0.0000,Bajo rango
2026-03-30 10:41:03,F1,0.0000,Bajo rango
2026-03-30 10:41:13,F1,0.0000,Bajo rango
2026-03-30 10:41:24,F1,0.0000,Bajo rango
2026-03-30 10:41:34,F1,0.0000,Bajo rango
2026-03-30 10:41:44,F1,0.0000,Bajo rango
2026-03-30 10:41:54,F1,0.0000,Bajo rango
2026-03-30 10:42:05,F1,0.0000,Bajo rango
2026-03-30 10:42:15,F1,0.0000,Bajo rango
2026-03-30 10:42:25,F1,0.0000,Bajo rango
2026-03-30 10:42:35,F1,0.0000,Bajo rango
2026-03-30 10:42:46,F1,0.0000,Bajo rango
2026-03-30 10:42:56,F1,0.0000,Bajo rango
2026-03-30 10:43:06,F1,0.0000,Bajo rango
2026-03-30 10:43:16,F1,0.0000,Bajo rango
2026-03-30 10:43:26,F1,0.0000,Bajo rango
2026-03-30 10:43:37,F1,0.0000,Bajo rango
2026-03-30 10:43:47,F1,0.0000,Bajo rango
2026-03-30 10:43:57,F1,0.0000,Bajo rango
2026-03-30 10:44:08,F1,0.0000,Bajo rango
2026-03-30 10:44:18,F1,0.0000,Bajo rango
2026-03-30 10:44:28,F1,0.0000,Bajo rango
2026-03-30 10:44:38,F1,0.0000,Bajo rango
2026-03-30 10:44:48,F1,0.0000,Bajo rango
2026-03-30 10:44:59,F1,0.0000,Bajo rango
2026-03-30 10:45:09,F1,0.0000,Bajo rango
2026-03-30 10:45:19,F1,0.0000,Bajo rango
2026-03-30 10:45:29,F1,0.0000,Bajo rango
2026-03-30 10:45:40,F1,0.0000,Bajo rango
2026-03-30 10:45:50,F1,0.0000,Bajo rango
2026-03-30 10:46:00,F1,0.0000,Bajo rango
2026-03-30 10:46:10,F1,0.0000,Bajo rango
2026-03-30 10:46:21,F1,0.0000,Bajo rango
2026-03-30 10:46:31,F1,0.0000,Bajo rango
2026-03-30 10:46:41,F1,0.0000,Bajo rango
2026-03-30 10:46:51,F1,0.0000,Bajo rango
2026-03-30 10:47:02,F1,0.0000,Bajo rango
2026-03-30 10:47:12,F1,0.0000,Bajo rango
2026-03-30 10:47:22,F1,0.0000,Bajo rango
2026-03-30 10:47:32,F1,0.0000,Bajo rango
2026-03-30 10:47:43,F1,0.0000,Bajo rango
2026-03-30 10:47:53,F1,0.0000,Bajo rango
2026-03-30 10:48:03,F1,0.0000,Bajo rango
2026-03-30 10:48:13,F1,0.0000,Bajo rango
2026-03-30 10:48:24,F1,0.0000,Bajo rango
2026-03-30 10:48:34,F1,0.0000,Bajo rango
2026-03-30 10:48:44,F1,0.0000,Bajo rango
2026-03-30 10:48:54,F1,0.0000,Bajo rango
2026-03-30 10:49:05,F1,0.0000,Bajo rango
2026-03-30 10:49:15,F1,0.0000,Bajo rango
2026-03-30 10:49:25,F1,0.0000,Bajo rango
2026-03-30 10:49:35,F1,0.0000,Bajo rango
2026-03-30 10:49:46,F1,0.0000,Bajo rango
2026-03-30 10:49:56,F1,0.0000,Bajo rango
2026-03-30 10:50:06,F1,0.0000,Bajo rango
2026-03-30 10:50:16,F1,0.0000,Bajo rango
2026-03-30 10:50:27,F1,0.0000,Bajo rango
2026-03-30 10:50:37,F1,0.0000,Bajo rango
2026-03-30 10:50:47,F1,0.0000,Bajo rango
2026-03-30 10:50:57,F1,0.0000,Bajo rango
2026-03-30 10:51:08,F1,0.0000,Bajo rango
2026-03-30 10:51:18,F1,0.0000,Bajo rango
2026-03-30 10:51:28,F1,0.0000,Bajo rango
2026-03-30 10:51:38,F1,0.0000,Bajo rango
2026-03-30 10:51:49,F1,0.0000,Bajo rango
2026-03-30 10:51:59,F1,0.0000,Bajo rango
2026-03-30 10:52:09,F1,0.0000,Bajo rango
2026-03-30 10:52:19,F1,0.0000,Bajo rango
2026-03-30 10:52:29,F1,0.0000,Bajo rango
2026-03-30 10:52:40,F1,0.0000,Bajo rango
2026-03-30 10:52:50,F1,0.0000,Bajo rango
2026-03-30 10:53:00,F1,0.0000,Bajo rango
2026-03-30 10:53:10,F1,0.0000,Bajo rango
2026-03-30 10:53:21,F1,0.0000,Bajo rango
2026-03-30 10:53:31,F1,0.0000,Bajo rango
2026-03-30 10:53:41,F1,0.0000,Bajo rango
2026-03-30 10:53:51,F1,0.0000,Bajo rango
2026-03-30 10:54:02,F1,0.0000,Bajo rango
2026-03-30 10:54:12,F1,0.0000,Bajo rango
2026-03-30 10:54:22,F1,0.0000,Bajo rango
2026-03-30 10:54:32,F1,0.0000,Bajo rango
2026-03-30 10:54:43,F1,0.0000,Bajo rango
2026-03-30 10:54:53,F1,0.0000,Bajo rango
2026-03-30 10:55:03,F1,0.0000,Bajo rango
2026-03-30 10:55:13,F1,0.0000,Bajo rango
2026-03-30 10:55:24,F1,0.0000,Bajo rango
2026-03-30 10:55:34,F1,0.0000,Bajo rango
2026-03-30 10:55:44,F1,0.0000,Bajo rango
2026-03-30 10:55:54,F1,0.0000,Bajo rango
2026-03-30 10:56:05,F1,0.0000,OK
2026-03-30 10:56:15,F1,0.0000,Bajo rango
2026-03-30 10:56:25,F1,0.0000,OK
2026-03-30 10:56:35,F1,0.0000,Bajo rango
2026-03-30 10:56:46,F1,0.0000,Bajo rango
2026-03-30 10:56:56,F1,0.0000,Bajo rango
2026-03-30 10:57:06,F1,0.0000,Bajo rango
2026-03-30 10:57:16,F1,0.0000,Bajo rango
2026-03-30 10:57:27,F1,0.0000,Bajo rango
2026-03-30 10:57:37,F1,0.0000,Bajo rango
2026-03-30 10:57:47,F1,0.0000,Bajo rango
2026-03-30 10:57:57,F1,0.0000,Bajo rango
2026-03-30 10:58:08,F1,0.0000,Bajo rango
2026-03-30 10:58:18,F1,0.0000,Bajo rango
2026-03-30 10:58:28,F1,0.0000,Bajo rango
2026-03-30 10:58:38,F1,0.0000,Bajo rango
2026-03-30 10:58:49,F1,0.0000,Bajo rango
2026-03-30 10:58:59,F1,0.0000,Bajo rango
2026-03-30 10:59:09,F1,0.0000,Bajo rango
2026-03-30 10:59:19,F1,0.0000,Bajo rango
2026-03-30 10:59:30,F1,0.0000,Bajo rango
2026-03-30 10:59:40,F1,0.0000,Bajo rango
2026-03-30 10:59:50,F1,0.0000,Bajo rango
2026-03-30 11:00:00,F1,0.0000,Bajo rango
2026-03-30 11:00:11,F1,0.0000,Bajo rango
2026-03-30 11:00:21,F1,0.0000,Bajo rango
2026-03-30 11:00:31,F1,0.0000,Bajo rango
2026-03-30 11:00:41,F1,0.0000,Bajo rango
2026-03-30 11:00:52,F1,0.0000,Bajo rango
2026-03-30 11:01:02,F1,0.0000,Bajo rango
2026-03-30 11:01:12,F1,0.0000,Bajo rango
2026-03-30 11:01:22,F1,0.0000,Bajo rango
2026-03-30 11:01:32,F1,0.0000,Bajo rango
2026-03-30 11:01:43,F1,0.0000,Bajo rango
2026-03-30 11:01:53,F1,0.0000,Bajo rango
2026-03-30 11:02:03,F1,0.0000,Bajo rango
2026-03-30 11:02:13,F1,0.0000,Bajo rango
2026-03-30 11:02:24,F1,0.0000,Bajo rango
2026-03-30 11:02:34,F1,0.0000,Bajo rango
2026-03-30 11:02:44,F1,0.0000,Bajo rango
2026-03-30 11:02:55,F1,0.0000,Bajo rango
2026-03-30 11:03:05,F1,0.0000,Bajo rango
2026-03-30 11:03:15,F1,0.0000,Bajo rango
2026-03-30 11:03:25,F1,0.0000,Bajo rango
2026-03-30 11:03:36,F1,0.0000,Bajo rango
2026-03-30 11:03:46,F1,0.0000,Bajo rango
2026-03-30 11:03:56,F1,0.0000,Bajo rango
2026-03-30 11:04:06,F1,0.0000,Bajo rango
2026-03-30 11:04:17,F1,0.0000,Bajo rango
2026-03-30 11:04:27,F1,0.0000,Bajo rango
2026-03-30 11:04:37,F1,0.0000,Bajo rango
2026-03-30 11:04:47,F1,0.0000,Bajo rango
2026-03-30 11:04:58,F1,0.0000,Bajo rango
2026-03-30 11:05:08,F1,0.0000,Bajo rango
2026-03-30 11:05:18,F1,0.0000,Bajo rango
2026-03-30 11:05:28,F1,0.0000,Bajo rango
2026-03-30 11:05:38,F1,0.0000,Bajo rango
2026-03-30 11:05:49,F1,0.0000,Bajo rango
2026-03-30 11:05:59,F1,0.0000,Bajo rango
2026-03-30 11:06:09,F1,0.0000,Bajo rango
2026-03-30 11:06:19,F1,0.0000,Bajo rango
2026-03-30 11:06:30,F1,0.0000,Bajo rango
2026-03-30 11:06:40,F1,0.0000,Bajo rango
2026-03-30 11:06:50,F1,0.0000,Bajo rango
2026-03-30 11:07:00,F1,0.0000,Bajo rango
2026-03-30 11:07:11,F1,0.0000,Bajo rango
2026-03-30 11:07:21,F1,0.0000,Bajo rango
2026-03-30 11:07:31,F1,0.0000,Bajo rango
2026-03-30 11:07:41,F1,0.0000,Bajo rango
2026-03-30 11:07:52,F1,0.0000,Bajo rango
2026-03-30 11:08:02,F1,0.0000,Bajo rango
2026-03-30 11:08:12,F1,0.0000,Bajo rango
2026-03-30 11:08:22,F1,0.0000,Bajo rango
2026-03-30 11:08:33,F1,0.0000,Bajo rango
2026-03-30 11:08:43,F1,0.0000,Bajo rango
2026-03-30 11:08:53,F1,0.0000,Bajo rango
2026-03-30 11:09:03,F1,0.0000,Bajo rango
2026-03-30 11:09:14,F1,0.0000,Bajo rango
2026-03-30 11:09:24,F1,0.0000,Bajo rango
2026-03-30 11:09:34,F1,0.0000,Bajo rango
2026-03-30 11:09:44,F1,0.0000,Bajo rango
2026-03-30 11:09:55,F1,0.0000,Bajo rango
2026-03-30 11:10:05,F1,0.0000,Bajo rango
2026-03-30 11:10:15,F1,0.0000,Bajo rango
2026-03-30 11:10:25,F1,0.0000,Bajo rango
2026-03-30 11:10:35,F1,0.0000,Bajo rango
2026-03-30 11:10:46,F1,0.0000,Bajo rango
2026-03-30 11:10:56,F1,0.0000,Bajo rango
2026-03-30 11:11:06,F1,0.0000,Bajo rango
2026-03-30 11:11:16,F1,0.0000,Bajo rango
2026-03-30 11:11:27,F1,0.0000,Bajo rango
2026-03-30 11:11:37,F1,0.0000,Bajo rango
2026-03-30 11:11:47,F1,0.0000,Bajo rango
2026-03-30 11:11:57,F1,0.0000,Bajo rango
2026-03-30 11:12:08,F1,0.0000,Bajo rango
2026-03-30 11:12:18,F1,0.0000,Bajo rango
2026-03-30 11:12:28,F1,0.0000,Bajo rango
2026-03-30 11:12:38,F1,0.0000,Bajo rango
2026-03-30 11:12:49,F1,0.0000,Bajo rango
2026-03-30 11:12:59,F1,0.0000,Bajo rango
2026-03-30 11:13:09,F1,0.0000,Bajo rango
2026-03-30 11:13:19,F1,0.0000,Bajo rango
2026-03-30 11:13:30,F1,0.0000,Bajo rango
2026-03-30 11:13:40,F1,0.0000,Bajo rango
2026-03-30 11:13:50,F1,0.0000,Bajo rango
2026-03-30 11:14:00,F1,0.0000,Bajo rango
2026-03-30 11:14:11,F1,0.0000,Bajo rango
2026-03-30 11:14:21,F1,0.0000,Bajo rango
2026-03-30 11:14:31,F1,0.0000,Bajo rango
2026-03-30 11:14:41,F1,0.0000,Bajo rango
2026-03-30 11:14:52,F1,0.0000,Bajo rango
2026-03-30 11:15:02,F1,0.0000,Bajo rango
2026-03-30 11:15:12,F1,0.0000,Bajo rango
2026-03-30 11:15:22,F1,0.0000,Bajo rango
2026-03-30 11:15:33,F1,0.0000,Bajo rango
2026-03-30 11:15:43,F1,0.0000,Bajo rango
2026-03-30 11:15:53,F1,0.0000,Bajo rango
2026-03-30 11:16:03,F1,0.0000,Bajo rango
2026-03-30 11:16:13,F1,0.0000,Bajo rango
2026-03-30 11:16:24,F1,0.0000,Bajo rango
2026-03-30 11:16:34,F1,0.0000,Bajo rango
2026-03-30 11:16:44,F1,0.0000,Bajo rango
2026-03-30 11:16:54,F1,0.0000,Bajo rango
2026-03-30 11:17:05,F1,0.0000,Bajo rango
2026-03-30 11:17:15,F1,0.0000,Bajo rango
2026-03-30 11:17:25,F1,0.0000,Bajo rango
2026-03-30 11:17:35,F1,0.0000,Bajo rango
2026-03-30 11:17:46,F1,0.0000,Bajo rango
2026-03-30 11:17:56,F1,0.0000,Bajo rango
2026-03-30 11:18:06,F1,0.0000,Bajo rango
2026-03-30 11:18:16,F1,0.0000,Bajo rango
2026-03-30 11:18:27,F1,0.0000,Bajo rango
2026-03-30 11:18:37,F1,0.0000,Bajo rango
2026-03-30 11:18:47,F1,0.0000,Bajo rango
2026-03-30 11:18:57,F1,0.0000,Bajo rango
2026-03-30 11:19:08,F1,0.0000,Bajo rango
2026-03-30 11:19:18,F1,0.0000,Bajo rango
2026-03-30 11:19:28,F1,0.0000,Bajo rango
2026-03-30 11:19:38,F1,0.0000,Bajo rango
2026-03-30 11:19:49,F1,0.0000,Bajo rango
2026-03-30 11:19:59,F1,0.0000,Bajo rango
2026-03-30 11:20:09,F1,0.0000,Bajo rango
2026-03-30 11:20:19,F1,0.0000,Bajo rango
2026-03-30 11:20:30,F1,0.0000,Bajo rango
2026-03-30 11:20:40,F1,0.0000,Bajo rango
2026-03-30 11:20:50,F1,0.0000,Bajo rango
2026-03-30 11:21:00,F1,0.0000,Bajo rango
2026-03-30 11:21:11,F1,0.0000,Bajo rango
2026-03-30 11:21:21,F1,0.0000,Bajo rango
2026-03-30 11:21:31,F1,0.0000,Bajo rango
2026-03-30 11:21:41,F1,0.0000,Bajo rango
2026-03-30 11:21:52,F1,0.0000,Bajo rango
2026-03-30 11:22:02,F1,0.0000,Bajo rango
2026-03-30 11:22:12,F1,0.0000,Bajo rango
2026-03-30 11:22:22,F1,0.0000,Bajo rango
2026-03-30 11:22:33,F1,0.0000,Bajo rango
2026-03-30 11:22:43,F1,0.0000,Bajo rango
2026-03-30 11:22:53,F1,0.0000,Bajo rango
2026-03-30 11:23:03,F1,0.0000,Bajo rango
2026-03-30 11:23:14,F1,0.0000,Bajo rango
2026-03-30 11:23:24,F1,0.0000,Bajo rango
2026-03-30 11:23:34,F1,0.0000,Bajo rango
2026-03-30 11:23:44,F1,0.0000,Bajo rango
2026-03-30 11:23:55,F1,0.0000,Bajo rango
2026-03-30 11:24:05,F1,0.0000,Bajo rango
2026-03-30 11:24:15,F1,0.0000,Bajo rango
2026-03-30 11:24:26,F1,0.0000,Bajo rango
2026-03-30 11:24:36,F1,0.0000,Bajo rango
2026-03-30 11:24:46,F1,0.0000,Bajo rango
2026-03-30 11:24:56,F1,0.0000,Bajo rango
2026-03-30 11:25:07,F1,0.0000,Bajo rango
2026-03-30 11:25:17,F1,0.0000,Bajo rango
2026-03-30 11:25:27,F1,0.0000,Bajo rango
2026-03-30 11:25:37,F1,0.0000,Bajo rango
2026-03-30 11:25:48,F1,0.0000,Bajo rango
2026-03-30 11:25:58,F1,0.0000,Bajo rango
2026-03-30 11:26:08,F1,0.0000,Bajo rango
2026-03-30 11:26:18,F1,0.0000,Bajo rango
2026-03-30 11:26:29,F1,0.0000,Bajo rango
2026-03-30 11:26:39,F1,0.0000,Bajo rango
2026-03-30 11:26:49,F1,0.0000,Bajo rango
2026-03-30 11:26:59,F1,0.0000,Bajo rango
2026-03-30 11:27:10,F1,0.0000,Bajo rango
2026-03-30 11:27:20,F1,0.0000,Bajo rango
2026-03-30 11:27:30,F1,0.0000,Bajo rango
2026-03-30 11:27:40,F1,0.0000,Bajo rango
2026-03-30 11:27:50,F1,0.0000,Bajo rango
2026-03-30 11:28:01,F1,0.0000,Bajo rango
2026-03-30 11:28:11,F1,0.0000,Bajo rango
2026-03-30 11:28:21,F1,0.0000,Bajo rango
2026-03-30 11:28:31,F1,0.0000,Bajo rango
2026-03-30 11:28:42,F1,0.0000,Bajo rango
2026-03-30 11:28:52,F1,0.0000,Bajo rango
2026-03-30 11:29:02,F1,0.0000,Bajo rango
2026-03-30 11:29:12,F1,0.0000,Bajo rango
2026-03-30 11:29:23,F1,0.0000,OK
2026-03-30 11:29:33,F1,0.0000,Bajo rango
2026-03-30 11:29:43,F1,0.0000,Bajo rango
2026-03-30 11:29:53,F1,0.0000,Bajo rango
2026-03-30 11:30:04,F1,0.0000,Bajo rango
2026-03-30 11:30:14,F1,0.0000,Bajo rango
2026-03-30 11:30:24,F1,0.0000,Bajo rango
2026-03-30 11:30:34,F1,0.0000,OK
2026-03-30 11:30:45,F1,0.0000,Bajo rango
2026-03-30 11:30:55,F1,0.0000,Bajo rango
2026-03-30 11:31:05,F1,0.0000,Bajo rango
2026-03-30 11:31:15,F1,0.0000,Bajo rango
2026-03-30 11:31:26,F1,0.0000,Bajo rango
2026-03-30 11:31:36,F1,0.0000,Bajo rango
2026-03-30 11:31:46,F1,0.0000,Bajo rango
2026-03-30 11:31:56,F1,0.0000,OK
2026-03-30 11:32:07,F1,0.0000,OK
2026-03-30 11:32:17,F1,0.0000,Bajo rango
2026-03-30 11:32:27,F1,0.0000,Bajo rango
2026-03-30 11:32:37,F1,0.0000,Bajo rango
2026-03-30 11:32:47,F1,0.0000,Bajo rango
2026-03-30 11:32:58,F1,0.0000,Bajo rango
2026-03-30 11:33:08,F1,0.0000,OK
2026-03-30 11:33:18,F1,0.0000,Bajo rango
2026-03-30 11:33:28,F1,0.0000,Bajo rango
2026-03-30 11:33:39,F1,0.0000,Bajo rango
2026-03-30 11:33:49,F1,0.0000,Bajo rango
2026-03-30 11:33:59,F1,0.0000,OK
2026-03-30 11:34:09,F1,0.0000,OK
2026-03-30 11:34:20,F1,0.0000,Bajo rango
2026-03-30 11:34:30,F1,0.0000,Bajo rango
2026-03-30 11:34:40,F1,0.0000,Bajo rango
2026-03-30 11:34:50,F1,0.0000,Bajo rango
2026-03-30 11:35:01,F1,0.0000,Bajo rango
2026-03-30 11:35:11,F1,0.0000,Bajo rango
2026-03-30 11:35:21,F1,0.0000,Bajo rango
2026-03-30 11:35:32,F1,0.0000,Bajo rango
2026-03-30 11:35:42,F1,0.0000,Bajo rango
2026-03-30 11:35:52,F1,0.0000,Bajo rango
2026-03-30 11:36:02,F1,0.0000,Bajo rango
2026-03-30 11:36:13,F1,0.0000,Bajo rango
2026-03-30 11:36:23,F1,0.0000,Bajo rango
2026-03-30 11:36:33,F1,0.0000,Bajo rango
2026-03-30 11:36:43,F1,0.0000,Bajo rango
2026-03-30 11:36:54,F1,0.0000,Bajo rango
2026-03-30 11:37:04,F1,0.0000,Bajo rango
2026-03-30 11:37:14,F1,0.0000,Bajo rango
2026-03-30 11:37:24,F1,0.0000,Bajo rango
2026-03-30 11:37:34,F1,0.0000,Bajo rango
2026-03-30 11:37:45,F1,0.0000,Bajo rango
2026-03-30 11:37:55,F1,0.0000,Bajo rango
2026-03-30 11:38:05,F1,0.0000,Bajo rango
2026-03-30 11:38:16,F1,0.0000,Bajo rango
2026-03-30 11:38:26,F1,0.0000,Bajo rango
2026-03-30 11:38:36,F1,0.0000,Bajo rango
2026-03-30 11:38:46,F1,0.0000,Bajo rango
2026-03-30 11:38:57,F1,0.0000,Bajo rango
2026-03-30 11:39:07,F1,0.0000,Bajo rango
2026-03-30 11:39:17,F1,0.0000,Bajo rango
2026-03-30 11:39:27,F1,0.0000,Bajo rango
2026-03-30 11:39:38,F1,0.0000,Bajo rango
2026-03-30 11:39:48,F1,0.0000,Bajo rango
2026-03-30 11:39:58,F1,0.0000,Bajo rango
2026-03-30 11:40:08,F1,0.0000,Bajo rango
2026-03-30 11:40:19,F1,0.0000,Bajo rango
2026-03-30 11:40:29,F1,0.0000,Bajo rango
2026-03-30 11:40:40,F1,0.0000,Bajo rango
2026-03-30 11:40:50,F1,0.0000,Bajo rango
2026-03-30 11:41:01,F1,0.0000,Bajo rango
2026-03-30 11:41:11,F1,0.0000,Bajo rango
2026-03-30 11:41:21,F1,0.0000,Bajo rango
2026-03-30 11:41:31,F1,0.0000,Bajo rango
2026-03-30 11:41:41,F1,0.0000,Bajo rango
2026-03-30 11:41:52,F1,0.0000,Bajo rango
2026-03-30 11:42:02,F1,0.0000,Bajo rango
2026-03-30 11:42:12,F1,0.0000,Bajo rango
2026-03-30 11:42:22,F1,0.0000,Bajo rango
2026-03-30 11:42:33,F1,0.0000,Bajo rango
2026-03-30 11:42:43,F1,0.0000,Bajo rango
2026-03-30 11:42:53,F1,0.0000,Bajo rango
2026-03-30 11:43:04,F1,0.0000,Bajo rango
2026-03-30 11:43:14,F1,0.0000,Bajo rango
2026-03-30 11:43:24,F1,0.0000,Bajo rango
2026-03-30 11:43:34,F1,0.0000,Bajo rango
2026-03-30 11:43:45,F1,0.0000,Bajo rango
2026-03-30 11:43:55,F1,0.0000,Bajo rango
2026-03-30 11:44:05,F1,0.0000,Bajo rango
2026-03-30 11:44:15,F1,0.0000,Bajo rango
2026-03-30 11:44:26,F1,0.0000,Bajo rango
2026-03-30 11:44:36,F1,0.0000,Bajo rango
2026-03-30 11:44:46,F1,0.0000,Bajo rango
2026-03-30 11:44:56,F1,0.0000,Bajo rango
2026-03-30 11:45:07,F1,0.0000,Bajo rango
2026-03-30 11:45:17,F1,0.0000,Bajo rango
2026-03-30 11:45:27,F1,0.0000,Bajo rango
2026-03-30 11:45:38,F1,0.0000,OK
2026-03-30 11:45:48,F1,0.0000,Bajo rango
2026-03-30 11:45:58,F1,0.0000,Bajo rango
2026-03-30 11:46:08,F1,0.0000,OK
2026-03-30 11:46:19,F1,0.0000,Bajo rango
2026-03-30 11:46:29,F1,0.0000,Bajo rango
2026-03-30 11:46:39,F1,0.0000,OK
2026-03-30 11:46:49,F1,0.0000,OK
2026-03-30 11:47:00,F1,0.0000,Bajo rango
2026-03-30 11:47:10,F1,0.0000,OK
2026-03-30 11:47:20,F1,0.0000,Bajo rango
2026-03-30 11:47:30,F1,0.0000,OK
2026-03-30 11:47:41,F1,0.0000,Bajo rango
2026-03-30 11:47:51,F1,0.0000,Bajo rango
2026-03-30 11:48:01,F1,0.0000,OK
2026-03-30 11:48:11,F1,0.0000,OK
2026-03-30 11:48:22,F1,0.0000,Bajo rango
2026-03-30 11:48:32,F1,0.0000,Bajo rango
2026-03-30 11:48:42,F1,0.0000,Bajo rango
2026-03-30 11:48:52,F1,0.0000,Bajo rango
2026-03-30 11:49:03,F1,0.0000,OK
2026-03-30 11:49:13,F1,0.0000,OK
2026-03-30 11:49:23,F1,0.0000,Bajo rango
2026-03-30 11:49:33,F1,0.0000,Bajo rango
2026-03-30 11:49:44,F1,0.0000,Bajo rango
2026-03-30 11:49:54,F1,0.0000,Bajo rango
2026-03-30 11:50:04,F1,0.0000,Bajo rango
2026-03-30 11:50:14,F1,0.0000,OK
2026-03-30 11:50:25,F1,0.0000,Bajo rango
2026-03-30 11:50:35,F1,0.0000,OK
2026-03-30 11:50:45,F1,0.0000,Bajo rango
2026-03-30 11:50:55,F1,0.0000,Bajo rango
2026-03-30 11:51:06,F1,0.0000,Bajo rango
2026-03-30 11:51:16,F1,0.0000,Bajo rango
2026-03-30 11:51:26,F1,0.0000,Bajo rango
2026-03-30 11:51:37,F1,0.0000,Bajo rango
2026-03-30 11:51:47,F1,0.0000,Bajo rango
2026-03-30 11:51:57,F1,0.0000,Bajo rango
2026-03-30 11:52:08,F1,0.0000,Bajo rango
2026-03-30 11:52:18,F1,0.0000,Bajo rango
2026-03-30 11:52:28,F1,0.0000,Bajo rango
2026-03-30 11:52:38,F1,0.0000,Bajo rango
2026-03-30 11:52:49,F1,0.0000,Bajo rango
2026-03-30 11:52:59,F1,0.0000,Bajo rango
2026-03-30 11:53:09,F1,0.0000,Bajo rango
2026-03-30 11:53:19,F1,0.0000,Bajo rango
2026-03-30 11:53:30,F1,0.0000,Bajo rango
2026-03-30 11:53:40,F1,0.0000,Bajo rango
2026-03-30 11:53:50,F1,0.0000,Bajo rango
2026-03-30 11:54:00,F1,0.0000,Bajo rango
2026-03-30 11:54:11,F1,0.0000,Bajo rango
2026-03-30 11:54:21,F1,0.0000,Bajo rango
2026-03-30 11:54:31,F1,0.0000,Bajo rango
2026-03-30 11:54:41,F1,0.0000,Bajo rango
2026-03-30 11:54:52,F1,0.0000,Bajo rango
2026-03-30 11:55:02,F1,0.0000,Bajo rango
2026-03-30 11:55:12,F1,0.0000,Bajo rango
2026-03-30 11:55:22,F1,0.0000,Bajo rango
2026-03-30 11:55:33,F1,0.0000,Bajo rango
2026-03-30 11:55:43,F1,0.0000,Bajo rango
2026-03-30 11:55:53,F1,0.0000,Bajo rango
2026-03-30 11:56:03,F1,0.0000,Bajo rango
2026-03-30 11:56:14,F1,0.0000,Bajo rango
2026-03-30 11:56:24,F1,0.0000,Bajo rango
2026-03-30 11:56:34,F1,0.0000,Bajo rango
2026-03-30 11:56:44,F1,0.0000,Bajo rango
2026-03-30 11:56:55,F1,0.0000,Bajo rango
2026-03-30 11:57:05,F1,0.0000,Bajo rango
2026-03-30 11:57:15,F1,0.0000,Bajo rango
2026-03-30 11:57:25,F1,0.0000,Bajo rango
2026-03-30 11:57:36,F1,0.0000,Bajo rango
2026-03-30 11:57:46,F1,0.0000,Bajo rango
2026-03-30 11:57:56,F1,0.0000,Bajo rango
2026-03-30 11:58:06,F1,0.0000,Bajo rango
2026-03-30 11:58:17,F1,0.0000,Bajo rango
2026-03-30 11:58:27,F1,0.0000,Bajo rango
2026-03-30 11:58:37,F1,0.0000,Bajo rango
2026-03-30 11:58:47,F1,0.0000,Bajo rango
2026-03-30 11:58:58,F1,0.0000,Bajo rango
2026-03-30 11:59:08,F1,0.0000,Bajo rango
2026-03-30 11:59:18,F1,0.0000,Bajo rango
2026-03-30 11:59:28,F1,0.0000,Bajo rango
2026-03-30 11:59:39,F1,0.0000,Bajo rango
2026-03-30 11:59:49,F1,0.0000,Bajo rango
2026-03-30 11:59:59,F1,0.0000,Bajo rango
2026-03-30 12:00:10,F1,0.0000,Bajo rango
2026-03-30 12:00:20,F1,0.0000,Bajo rango
2026-03-30 12:00:31,F1,0.0000,Bajo rango
2026-03-30 12:00:41,F1,0.0000,Bajo rango
2026-03-30 12:00:52,F1,0.0000,Bajo rango
2026-03-30 12:01:02,F1,0.0000,Bajo rango
2026-03-30 12:01:12,F1,0.0000,Bajo rango
2026-03-30 12:01:23,F1,0.0000,Bajo rango
2026-03-30 12:01:33,F1,0.0000,Bajo rango
2026-03-30 12:01:44,F1,0.0000,Bajo rango
2026-03-30 12:01:55,F1,0.0000,Bajo rango
2026-03-30 12:02:06,F1,0.0000,Bajo rango
2026-03-30 12:02:17,F1,0.0000,Bajo rango
2026-03-30 12:02:28,F1,0.0000,Bajo rango
2026-03-30 12:02:38,F1,0.0000,Bajo rango
2026-03-30 12:02:48,F1,0.0000,Bajo rango
2026-03-30 12:02:59,F1,0.0000,Bajo rango
2026-03-30 12:03:09,F1,0.0000,Bajo rango
2026-03-30 12:03:19,F1,0.0000,Bajo rango
2026-03-30 12:03:29,F1,0.0000,Bajo rango
2026-03-30 12:03:40,F1,0.0000,Bajo rango
2026-03-30 12:03:50,F1,0.0000,Bajo rango
2026-03-30 12:04:01,F1,0.0000,Bajo rango
2026-03-30 12:04:11,F1,0.0000,Bajo rango
