timestamp,fermentador,flow_filt_sccm,status,is_spike
2026-04-06 14:47:43,F3,0.6135,OK,0
2026-04-06 14:47:54,F3,0.6151,OK,0
2026-04-06 14:48:04,F3,0.6167,OK,0
2026-04-06 14:48:14,F3,0.6183,OK,0
2026-04-06 14:48:24,F3,0.6200,OK,0
2026-04-06 14:48:35,F3,0.6216,OK,1
2026-04-06 14:48:45,F3,0.6233,OK,1
2026-04-06 14:48:55,F3,0.6250,OK,0
2026-04-06 14:49:05,F3,0.6268,OK,0
2026-04-06 14:49:15,F3,0.6285,OK,0
2026-04-06 14:49:26,F3,0.6302,OK,0
2026-04-06 14:49:36,F3,0.6320,OK,0
2026-04-06 14:49:46,F3,0.6338,OK,0
2026-04-06 14:49:56,F3,0.6356,OK,0
2026-04-06 14:50:07,F3,0.6374,OK,0
2026-04-06 14:50:17,F3,0.6392,OK,0
2026-04-06 14:50:27,F3,0.6411,OK,0
2026-04-06 14:50:37,F3,0.6429,OK,0
2026-04-06 14:50:48,F3,0.6448,OK,0
2026-04-06 14:50:58,F3,0.6467,OK,0
2026-04-06 14:51:08,F3,0.6486,OK,0
2026-04-06 14:51:18,F3,0.6505,OK,0
2026-04-06 14:51:29,F3,0.6524,OK,0
2026-04-06 14:51:39,F3,0.6543,OK,0
2026-04-06 14:51:49,F3,0.6563,OK,0
2026-04-06 14:51:59,F3,0.6582,OK,0
2026-04-06 14:52:10,F3,0.6602,OK,0
2026-04-06 14:52:20,F3,0.6622,OK,0
2026-04-06 14:52:30,F3,0.6642,OK,0
2026-04-06 14:52:40,F3,0.6661,OK,0
2026-04-06 14:52:50,F3,0.6682,OK,0
2026-04-06 14:53:01,F3,0.6702,OK,0
2026-04-06 14:53:11,F3,0.6722,OK,0
2026-04-06 14:53:21,F3,0.6742,OK,0
2026-04-06 14:53:31,F3,0.6763,OK,0
2026-04-06 14:53:42,F3,0.6783,OK,1
2026-04-06 14:53:52,F3,0.6803,OK,1
2026-04-06 14:54:02,F3,0.6824,OK,1
2026-04-06 14:54:12,F3,0.6845,OK,0
2026-04-06 14:54:23,F3,0.6865,OK,0
2026-04-06 14:54:33,F3,0.6886,OK,0
2026-04-06 14:54:43,F3,0.6907,OK,0
2026-04-06 14:54:53,F3,0.6927,OK,0
2026-04-06 14:55:04,F3,0.6948,OK,0
2026-04-06 14:55:14,F3,0.6969,OK,0
2026-04-06 14:55:24,F3,0.6990,OK,0
2026-04-06 14:55:34,F3,0.7010,OK,0
2026-04-06 14:55:45,F3,0.7031,OK,0
2026-04-06 14:55:55,F3,0.7052,OK,0
2026-04-06 14:56:05,F3,0.7073,OK,0
2026-04-06 14:56:15,F3,0.7094,OK,0
2026-04-06 14:56:25,F3,0.7114,OK,0
2026-04-06 14:56:36,F3,0.7135,OK,0
2026-04-06 14:56:46,F3,0.7156,OK,0
2026-04-06 14:56:56,F3,0.7177,OK,0
2026-04-06 14:57:07,F3,0.7197,OK,0
2026-04-06 14:57:17,F3,0.7218,OK,0
2026-04-06 14:57:27,F3,0.7239,OK,0
2026-04-06 14:57:37,F3,0.7260,OK,0
2026-04-06 14:57:48,F3,0.7280,OK,0
2026-04-06 14:57:58,F3,0.7301,OK,0
2026-04-06 14:58:08,F3,0.7321,OK,0
2026-04-06 14:58:18,F3,0.7342,OK,0
2026-04-06 14:58:28,F3,0.7362,OK,0
2026-04-06 14:58:39,F3,0.7383,OK,0
2026-04-06 14:58:49,F3,0.7403,OK,0
2026-04-06 14:58:59,F3,0.7424,OK,0
2026-04-06 14:59:09,F3,0.7444,OK,0
2026-04-06 14:59:20,F3,0.7464,OK,0
2026-04-06 14:59:30,F3,0.7485,OK,0
2026-04-06 14:59:40,F3,0.7505,OK,0
2026-04-06 14:59:50,F3,0.7525,OK,0
2026-04-06 15:00:01,F3,0.7545,OK,0
2026-04-06 15:00:11,F3,0.7565,OK,0
2026-04-06 15:00:21,F3,0.7585,OK,0
2026-04-06 15:00:31,F3,0.7605,OK,0
2026-04-06 15:00:42,F3,0.7625,OK,0
2026-04-06 15:00:52,F3,0.7645,OK,0
2026-04-06 15:01:02,F3,0.7665,OK,0
2026-04-06 15:01:12,F3,0.7684,OK,0
2026-04-06 15:01:23,F3,0.7704,OK,0
2026-04-06 15:01:33,F3,0.7723,OK,0
2026-04-06 15:01:43,F3,0.7743,OK,0
2026-04-06 15:01:53,F3,0.7762,OK,0
2026-04-06 15:02:04,F3,0.7782,OK,0
2026-04-06 15:02:14,F3,0.7801,OK,0
2026-04-06 15:02:24,F3,0.7820,OK,0
2026-04-06 15:02:34,F3,0.7839,OK,0
2026-04-06 15:02:45,F3,0.7858,OK,0
2026-04-06 15:02:55,F3,0.7877,OK,0
2026-04-06 15:03:05,F3,0.7896,OK,0
2026-04-06 15:03:15,F3,0.7914,OK,0
2026-04-06 15:03:25,F3,0.7933,OK,0
2026-04-06 15:03:36,F3,0.7952,OK,0
2026-04-06 15:03:46,F3,0.7970,OK,0
2026-04-06 15:03:56,F3,0.7988,OK,0
2026-04-06 15:04:06,F3,0.8007,OK,0
2026-04-06 15:04:17,F3,0.8025,OK,0
2026-04-06 15:04:27,F3,0.8043,OK,0
2026-04-06 15:04:37,F3,0.8061,OK,0
2026-04-06 15:04:47,F3,0.8079,OK,0
2026-04-06 15:04:58,F3,0.8096,OK,0
2026-04-06 15:05:08,F3,0.8114,OK,0
2026-04-06 15:05:18,F3,0.8131,OK,0
2026-04-06 15:05:28,F3,0.8149,OK,0
2026-04-06 15:05:39,F3,0.8166,OK,0
2026-04-06 15:05:49,F3,0.8183,OK,0
2026-04-06 15:05:59,F3,0.8200,OK,0
2026-04-06 15:06:09,F3,0.8217,OK,0
2026-04-06 15:06:20,F3,0.8234,OK,0
2026-04-06 15:06:30,F3,0.8251,OK,0
2026-04-06 15:06:40,F3,0.8267,OK,0
2026-04-06 15:06:50,F3,0.8284,OK,0
2026-04-06 15:07:00,F3,0.8300,OK,0
2026-04-06 15:07:11,F3,0.8317,OK,0
2026-04-06 15:07:21,F3,0.8333,OK,0
2026-04-06 15:07:31,F3,0.8349,OK,0
2026-04-06 15:07:41,F3,0.8364,OK,0
2026-04-06 15:07:52,F3,0.8380,OK,0
2026-04-06 15:08:02,F3,0.8396,OK,0
2026-04-06 15:08:12,F3,0.8411,OK,0
2026-04-06 15:08:22,F3,0.8427,OK,0
2026-04-06 15:08:33,F3,0.8442,OK,0
2026-04-06 15:08:43,F3,0.8457,OK,0
2026-04-06 15:08:53,F3,0.8472,OK,0
2026-04-06 15:09:03,F3,0.8487,OK,0
2026-04-06 15:09:14,F3,0.8501,OK,0
2026-04-06 15:09:24,F3,0.8516,OK,0
2026-04-06 15:09:34,F3,0.8530,OK,0
2026-04-06 15:09:44,F3,0.8545,OK,0
2026-04-06 15:09:54,F3,0.8559,OK,0
2026-04-06 15:10:05,F3,0.8573,OK,0
2026-04-06 15:10:15,F3,0.8587,OK,0
2026-04-06 15:10:25,F3,0.8600,OK,0
2026-04-06 15:10:35,F3,0.8614,OK,0
2026-04-06 15:10:46,F3,0.8627,OK,0
2026-04-06 15:10:56,F3,0.8641,OK,0
2026-04-06 15:11:06,F3,0.8654,OK,0
2026-04-06 15:11:16,F3,0.8667,OK,0
2026-04-06 15:11:27,F3,0.8680,OK,0
2026-04-06 15:11:37,F3,0.8693,OK,0
2026-04-06 15:11:47,F3,0.8705,OK,0
2026-04-06 15:11:57,F3,0.8718,OK,0
2026-04-06 15:12:08,F3,0.8730,OK,0
2026-04-06 15:12:18,F3,0.8742,OK,0
2026-04-06 15:12:28,F3,0.8754,OK,0
2026-04-06 15:12:38,F3,0.8766,OK,0
2026-04-06 15:12:49,F3,0.8778,OK,0
2026-04-06 15:12:59,F3,0.8789,OK,0
2026-04-06 15:13:09,F3,0.8801,OK,0
2026-04-06 15:13:19,F3,0.8812,OK,0
2026-04-06 15:13:30,F3,0.8823,OK,0
2026-04-06 15:13:40,F3,0.8834,OK,0
2026-04-06 15:13:50,F3,0.8845,OK,0
2026-04-06 15:14:00,F3,0.8855,OK,0
2026-04-06 15:14:11,F3,0.8866,OK,0
2026-04-06 15:14:21,F3,0.8876,OK,0
2026-04-06 15:14:31,F3,0.8887,OK,0
2026-04-06 15:14:41,F3,0.8897,OK,0
2026-04-06 15:14:51,F3,0.8907,OK,0
2026-04-06 15:15:02,F3,0.8916,OK,0
2026-04-06 15:15:12,F3,0.8926,OK,0
2026-04-06 15:15:22,F3,0.8935,OK,0
2026-04-06 15:15:32,F3,0.8945,OK,0
2026-04-06 15:15:43,F3,0.8954,OK,0
2026-04-06 15:15:53,F3,0.8963,OK,0
2026-04-06 15:16:03,F3,0.8972,OK,0
2026-04-06 15:16:13,F3,0.8980,OK,1
2026-04-06 15:16:24,F3,0.8989,OK,0
2026-04-06 15:16:34,F3,0.8997,OK,0
2026-04-06 15:16:44,F3,0.9006,OK,1
2026-04-06 15:16:54,F3,0.9014,OK,0
2026-04-06 15:17:05,F3,0.9022,OK,0
2026-04-06 15:17:15,F3,0.9029,OK,1
2026-04-06 15:17:25,F3,0.9037,OK,0
2026-04-06 15:17:35,F3,0.9044,OK,0
2026-04-06 15:17:46,F3,0.9052,OK,1
2026-04-06 15:17:56,F3,0.9059,OK,0
2026-04-06 15:18:06,F3,0.9066,OK,0
2026-04-06 15:18:16,F3,0.9073,OK,1
2026-04-06 15:18:27,F3,0.9079,OK,0
2026-04-06 15:18:37,F3,0.9086,OK,0
2026-04-06 15:18:47,F3,0.9092,OK,0
2026-04-06 15:18:57,F3,0.9098,OK,0
2026-04-06 15:19:07,F3,0.9104,OK,0
2026-04-06 15:19:18,F3,0.9110,OK,0
2026-04-06 15:19:28,F3,0.9116,OK,0
2026-04-06 15:19:38,F3,0.9121,OK,0
2026-04-06 15:19:48,F3,0.9127,OK,0
2026-04-06 15:19:59,F3,0.9132,OK,0
2026-04-06 15:20:09,F3,0.9137,OK,0
2026-04-06 15:20:19,F3,0.9142,OK,0
2026-04-06 15:20:29,F3,0.9147,OK,0
2026-04-06 15:20:40,F3,0.9151,OK,0
2026-04-06 15:20:50,F3,0.9155,OK,0
2026-04-06 15:21:00,F3,0.9160,OK,0
2026-04-06 15:21:10,F3,0.9164,OK,0
2026-04-06 15:21:21,F3,0.9168,OK,0
2026-04-06 15:21:31,F3,0.9171,OK,0
2026-04-06 15:21:41,F3,0.9175,OK,0
2026-04-06 15:21:51,F3,0.9178,OK,0
2026-04-06 15:22:02,F3,0.9182,OK,0
2026-04-06 15:22:12,F3,0.9185,OK,0
2026-04-06 15:22:22,F3,0.9188,OK,0
2026-04-06 15:22:32,F3,0.9191,OK,0
2026-04-06 15:22:43,F3,0.9193,OK,0
2026-04-06 15:22:53,F3,0.9196,OK,0
2026-04-06 15:23:03,F3,0.9198,OK,0
2026-04-06 15:23:13,F3,0.9200,OK,0
2026-04-06 15:23:24,F3,0.9202,OK,0
2026-04-06 15:23:34,F3,0.9204,OK,0
2026-04-06 15:23:44,F3,0.9206,OK,0
2026-04-06 15:23:54,F3,0.9207,OK,0
2026-04-06 15:24:04,F3,0.9209,OK,0
2026-04-06 15:24:15,F3,0.9210,OK,0
2026-04-06 15:24:25,F3,0.9211,OK,0
2026-04-06 15:24:35,F3,0.9212,OK,0
2026-04-06 15:24:45,F3,0.9213,OK,0
2026-04-06 15:24:56,F3,0.9214,OK,0
2026-04-06 15:25:06,F3,0.9214,OK,0
2026-04-06 15:25:16,F3,0.9214,OK,0
2026-04-06 15:25:26,F3,0.9215,OK,0
2026-04-06 15:25:37,F3,0.9215,OK,0
2026-04-06 15:25:47,F3,0.9215,OK,0
2026-04-06 15:25:57,F3,0.9214,OK,0
2026-04-06 15:26:07,F3,0.9214,OK,0
2026-04-06 15:26:18,F3,0.9213,OK,0
2026-04-06 15:26:28,F3,0.9213,OK,0
2026-04-06 15:26:38,F3,0.9212,OK,0
2026-04-06 15:26:48,F3,0.9211,OK,0
2026-04-06 15:26:59,F3,0.9210,OK,0
2026-04-06 15:27:09,F3,0.9208,OK,0
2026-04-06 15:27:19,F3,0.9207,OK,0
2026-04-06 15:27:29,F3,0.9205,OK,0
2026-04-06 15:27:39,F3,0.9204,OK,0
2026-04-06 15:27:50,F3,0.9202,OK,0
2026-04-06 15:28:00,F3,0.9200,OK,0
2026-04-06 15:28:10,F3,0.9198,OK,0
2026-04-06 15:28:20,F3,0.9195,OK,0
2026-04-06 15:28:31,F3,0.9193,OK,0
2026-04-06 15:28:41,F3,0.9190,OK,0
2026-04-06 15:28:51,F3,0.9188,OK,0
2026-04-06 15:29:01,F3,0.9185,OK,0
2026-04-06 15:29:12,F3,0.9182,OK,0
2026-04-06 15:29:22,F3,0.9179,OK,0
2026-04-06 15:29:32,F3,0.9175,OK,0
2026-04-06 15:29:42,F3,0.9172,OK,0
2026-04-06 15:29:52,F3,0.9168,OK,0
2026-04-06 15:30:03,F3,0.9165,OK,0
2026-04-06 15:30:13,F3,0.9161,OK,0
2026-04-06 15:30:23,F3,0.9157,OK,0
2026-04-06 15:30:33,F3,0.9153,OK,0
2026-04-06 15:30:44,F3,0.9148,OK,0
2026-04-06 15:30:54,F3,0.9144,OK,0
2026-04-06 15:31:04,F3,0.9140,OK,0
2026-04-06 15:31:14,F3,0.9135,OK,0
2026-04-06 15:31:25,F3,0.9130,OK,0
2026-04-06 15:31:35,F3,0.9125,OK,0
2026-04-06 15:31:45,F3,0.9120,OK,0
2026-04-06 15:31:55,F3,0.9115,OK,0
2026-04-06 15:32:06,F3,0.9110,OK,0
2026-04-06 15:32:16,F3,0.9104,OK,0
2026-04-06 15:32:26,F3,0.9099,OK,0
2026-04-06 15:32:36,F3,0.9093,OK,0
2026-04-06 15:32:47,F3,0.9087,OK,0
2026-04-06 15:32:57,F3,0.9082,OK,0
2026-04-06 15:33:07,F3,0.9076,OK,0
2026-04-06 15:33:17,F3,0.9069,OK,0
2026-04-06 15:33:28,F3,0.9063,OK,0
2026-04-06 15:33:38,F3,0.9057,OK,0
2026-04-06 15:33:48,F3,0.9050,OK,0
2026-04-06 15:33:58,F3,0.9044,OK,0
2026-04-06 15:34:08,F3,0.9037,OK,0
2026-04-06 15:34:19,F3,0.9030,OK,0
2026-04-06 15:34:29,F3,0.9023,OK,0
2026-04-06 15:34:39,F3,0.9016,OK,0
2026-04-06 15:34:50,F3,0.9009,OK,0
2026-04-06 15:35:00,F3,0.9002,OK,0
2026-04-06 15:35:10,F3,0.8995,OK,0
2026-04-06 15:35:20,F3,0.8987,OK,0
2026-04-06 15:35:31,F3,0.8980,OK,0
2026-04-06 15:35:41,F3,0.8972,OK,0
2026-04-06 15:35:51,F3,0.8965,OK,0
2026-04-06 15:36:01,F3,0.8957,OK,0
2026-04-06 15:36:12,F3,0.8949,OK,0
2026-04-06 15:36:22,F3,0.8941,OK,0
2026-04-06 15:36:32,F3,0.8933,OK,0
2026-04-06 15:36:42,F3,0.8925,OK,0
2026-04-06 15:36:53,F3,0.8917,OK,0
2026-04-06 15:37:03,F3,0.8908,OK,0
2026-04-06 15:37:13,F3,0.8900,OK,0
2026-04-06 15:37:23,F3,0.8891,OK,0
2026-04-06 15:37:34,F3,0.8883,OK,0
2026-04-06 15:37:44,F3,0.8874,OK,0
2026-04-06 15:37:54,F3,0.8866,OK,0
2026-04-06 15:38:04,F3,0.8857,OK,0
2026-04-06 15:38:15,F3,0.8848,OK,0
2026-04-06 15:38:25,F3,0.8839,OK,0
2026-04-06 15:38:35,F3,0.8830,OK,0
2026-04-06 15:38:45,F3,0.8821,OK,0
2026-04-06 15:38:56,F3,0.8812,OK,0
2026-04-06 15:39:06,F3,0.8803,OK,0
2026-04-06 15:39:16,F3,0.8794,OK,0
2026-04-06 15:39:26,F3,0.8785,OK,0
2026-04-06 15:39:37,F3,0.8776,OK,0
2026-04-06 15:39:47,F3,0.8767,OK,0
2026-04-06 15:39:57,F3,0.8757,OK,0
2026-04-06 15:40:07,F3,0.8748,OK,0
2026-04-06 15:40:18,F3,0.8739,OK,0
2026-04-06 15:40:28,F3,0.8730,OK,0
2026-04-06 15:40:38,F3,0.8720,OK,0
2026-04-06 15:40:48,F3,0.8711,OK,0
2026-04-06 15:40:59,F3,0.8701,OK,0
2026-04-06 15:41:09,F3,0.8692,OK,0
2026-04-06 15:41:19,F3,0.8682,OK,0
2026-04-06 15:41:29,F3,0.8673,OK,0
2026-04-06 15:41:40,F3,0.8663,Bajo rango,1
2026-04-06 15:41:50,F3,0.8654,OK,0
2026-04-06 15:42:00,F3,0.8644,OK,0
2026-04-06 15:42:10,F3,0.8635,OK,0
2026-04-06 15:42:20,F3,0.8625,OK,1
2026-04-06 15:42:31,F3,0.8616,OK,1
2026-04-06 15:42:41,F3,0.8606,Bajo rango,1
2026-04-06 15:42:51,F3,0.8597,OK,0
2026-04-06 15:43:01,F3,0.8587,OK,1
2026-04-06 15:43:12,F3,0.8578,OK,0
2026-04-06 15:43:22,F3,0.8568,OK,0
2026-04-06 15:43:32,F3,0.8559,OK,0
2026-04-06 15:43:42,F3,0.8549,OK,0
2026-04-06 15:43:53,F3,0.8540,OK,0
2026-04-06 15:44:03,F3,0.8530,OK,0
2026-04-06 15:44:13,F3,0.8521,OK,0
2026-04-06 15:44:23,F3,0.8512,OK,0
2026-04-06 15:44:34,F3,0.8502,OK,0
2026-04-06 15:44:44,F3,0.8493,OK,0
2026-04-06 15:44:54,F3,0.8484,OK,0
2026-04-06 15:45:04,F3,0.8474,OK,0
2026-04-06 15:45:15,F3,0.8465,OK,0
2026-04-06 15:45:25,F3,0.8456,OK,0
2026-04-06 15:45:35,F3,0.8447,OK,0
2026-04-06 15:45:45,F3,0.8438,OK,0
2026-04-06 15:45:55,F3,0.8429,OK,0
2026-04-06 15:46:06,F3,0.8420,OK,0
2026-04-06 15:46:16,F3,0.8411,OK,0
2026-04-06 15:46:26,F3,0.8402,OK,0
2026-04-06 15:46:36,F3,0.8394,OK,0
2026-04-06 15:46:47,F3,0.8385,OK,0
2026-04-06 15:46:57,F3,0.8376,OK,0
2026-04-06 15:47:07,F3,0.8368,OK,0
2026-04-06 15:47:17,F3,0.8359,OK,0
2026-04-06 15:47:28,F3,0.8351,OK,0
2026-04-06 15:47:38,F3,0.8343,Bajo rango,1
2026-04-06 15:47:48,F3,0.8335,OK,1
2026-04-06 15:47:58,F3,0.8327,OK,0
2026-04-06 15:48:09,F3,0.8319,OK,1
2026-04-06 15:48:19,F3,0.8311,OK,1
2026-04-06 15:48:29,F3,0.8303,OK,1
2026-04-06 15:48:39,F3,0.8295,OK,0
2026-04-06 15:48:50,F3,0.8287,OK,0
2026-04-06 15:49:00,F3,0.8280,OK,0
2026-04-06 15:49:10,F3,0.8272,OK,0
2026-04-06 15:49:20,F3,0.8265,OK,0
2026-04-06 15:49:31,F3,0.8258,OK,0
2026-04-06 15:49:41,F3,0.8251,OK,0
2026-04-06 15:49:51,F3,0.8244,OK,0
2026-04-06 15:50:01,F3,0.8237,OK,0
2026-04-06 15:50:12,F3,0.8230,OK,0
2026-04-06 15:50:22,F3,0.8224,OK,0
2026-04-06 15:50:32,F3,0.8217,OK,0
2026-04-06 15:50:42,F3,0.8211,OK,0
2026-04-06 15:50:53,F3,0.8205,OK,0
2026-04-06 15:51:03,F3,0.8199,OK,0
2026-04-06 15:51:13,F3,0.8193,OK,0
2026-04-06 15:51:23,F3,0.8187,OK,0
2026-04-06 15:51:34,F3,0.8181,OK,0
2026-04-06 15:51:44,F3,0.8176,OK,0
2026-04-06 15:51:54,F3,0.8170,OK,0
2026-04-06 15:52:04,F3,0.8165,OK,0
2026-04-06 15:52:14,F3,0.8160,OK,0
2026-04-06 15:52:25,F3,0.8154,OK,0
2026-04-06 15:52:35,F3,0.8149,OK,0
2026-04-06 15:52:45,F3,0.8145,OK,0
2026-04-06 15:52:55,F3,0.8140,OK,0
2026-04-06 15:53:06,F3,0.8135,OK,0
2026-04-06 15:53:16,F3,0.8131,OK,0
2026-04-06 15:53:26,F3,0.8126,OK,0
2026-04-06 15:53:36,F3,0.8122,OK,0
2026-04-06 15:53:47,F3,0.8118,OK,0
2026-04-06 15:53:57,F3,0.8113,OK,0
2026-04-06 15:54:07,F3,0.8109,OK,0
2026-04-06 15:54:17,F3,0.8106,OK,0
2026-04-06 15:54:28,F3,0.8102,OK,0
2026-04-06 15:54:38,F3,0.8098,OK,0
2026-04-06 15:54:48,F3,0.8095,OK,0
2026-04-06 15:54:58,F3,0.8091,OK,0
2026-04-06 15:55:09,F3,0.8088,OK,0
2026-04-06 15:55:19,F3,0.8084,OK,0
2026-04-06 15:55:29,F3,0.8081,OK,0
2026-04-06 15:55:39,F3,0.8078,OK,0
2026-04-06 15:55:50,F3,0.8075,OK,0
2026-04-06 15:56:00,F3,0.8072,OK,0
2026-04-06 15:56:10,F3,0.8069,OK,0
2026-04-06 15:56:20,F3,0.8067,OK,0
2026-04-06 15:56:30,F3,0.8064,OK,0
2026-04-06 15:56:41,F3,0.8062,OK,0
2026-04-06 15:56:51,F3,0.8059,OK,0
2026-04-06 15:57:01,F3,0.8057,OK,0
2026-04-06 15:57:11,F3,0.8055,OK,0
2026-04-06 15:57:22,F3,0.8052,OK,0
2026-04-06 15:57:32,F3,0.8050,OK,0
2026-04-06 15:57:42,F3,0.8048,OK,0
2026-04-06 15:57:52,F3,0.8046,OK,0
2026-04-06 15:58:03,F3,0.8045,OK,0
2026-04-06 15:58:13,F3,0.8043,OK,0
2026-04-06 15:58:23,F3,0.8041,OK,0
2026-04-06 15:58:33,F3,0.8039,OK,0
2026-04-06 15:58:44,F3,0.8038,OK,0
2026-04-06 15:58:54,F3,0.8036,OK,0
2026-04-06 15:59:04,F3,0.8035,OK,0
2026-04-06 15:59:14,F3,0.8034,OK,0
2026-04-06 15:59:25,F3,0.8032,OK,0
2026-04-06 15:59:35,F3,0.8031,OK,0
2026-04-06 15:59:45,F3,0.8030,OK,0
2026-04-06 15:59:55,F3,0.8029,OK,0
2026-04-06 16:00:06,F3,0.8028,OK,0
2026-04-06 16:00:16,F3,0.8027,OK,0
2026-04-06 16:00:26,F3,0.8026,OK,0
2026-04-06 16:00:36,F3,0.8026,OK,0
2026-04-06 16:00:46,F3,0.8025,OK,0
2026-04-06 16:00:57,F3,0.8024,OK,0
2026-04-06 16:01:07,F3,0.8024,OK,0
2026-04-06 16:01:17,F3,0.8023,OK,0
2026-04-06 16:01:27,F3,0.8023,OK,0
2026-04-06 16:01:38,F3,0.8022,OK,0
2026-04-06 16:01:48,F3,0.8022,OK,0
2026-04-06 16:01:58,F3,0.8022,OK,0
2026-04-06 16:02:08,F3,0.8021,OK,0
2026-04-06 16:02:19,F3,0.8021,OK,0
2026-04-06 16:02:29,F3,0.8021,OK,0
2026-04-06 16:02:39,F3,0.8021,OK,0
2026-04-06 16:02:49,F3,0.8021,OK,0
2026-04-06 16:03:00,F3,0.8021,OK,0
2026-04-06 16:03:10,F3,0.8021,OK,0
2026-04-06 16:03:20,F3,0.8021,OK,0
2026-04-06 16:03:30,F3,0.8022,OK,0
2026-04-06 16:03:40,F3,0.8022,OK,0
2026-04-06 16:03:51,F3,0.8022,OK,0
2026-04-06 16:04:01,F3,0.8022,OK,0
2026-04-06 16:04:11,F3,0.8023,OK,0
2026-04-06 16:04:21,F3,0.8023,OK,0
2026-04-06 16:04:32,F3,0.8024,OK,0
2026-04-06 16:04:42,F3,0.8024,OK,0
2026-04-06 16:04:52,F3,0.8025,OK,0
2026-04-06 16:05:02,F3,0.8025,OK,0
2026-04-06 16:05:13,F3,0.8026,OK,0
2026-04-06 16:05:23,F3,0.8026,OK,0
2026-04-06 16:05:33,F3,0.8027,OK,0
2026-04-06 16:05:43,F3,0.8028,OK,0
2026-04-06 16:05:54,F3,0.8028,OK,0
2026-04-06 16:06:04,F3,0.8029,OK,0
2026-04-06 16:06:14,F3,0.8030,OK,0
2026-04-06 16:06:24,F3,0.8031,OK,0
2026-04-06 16:06:35,F3,0.8032,OK,0
2026-04-06 16:06:45,F3,0.8032,OK,0
2026-04-06 16:06:55,F3,0.8033,OK,0
2026-04-06 16:07:05,F3,0.8034,OK,0
2026-04-06 16:07:15,F3,0.8035,OK,0
2026-04-06 16:07:26,F3,0.8036,OK,0
2026-04-06 16:07:36,F3,0.8037,OK,0
2026-04-06 16:07:46,F3,0.8038,OK,0
2026-04-06 16:07:56,F3,0.8039,OK,0
2026-04-06 16:08:07,F3,0.8040,OK,0
2026-04-06 16:08:17,F3,0.8041,OK,0
2026-04-06 16:08:27,F3,0.8042,OK,0
2026-04-06 16:08:37,F3,0.8043,OK,0
2026-04-06 16:08:48,F3,0.8044,OK,0
2026-04-06 16:08:58,F3,0.8045,OK,0
2026-04-06 16:09:08,F3,0.8046,OK,0
2026-04-06 16:09:18,F3,0.8047,OK,0
2026-04-06 16:09:29,F3,0.8048,OK,0
2026-04-06 16:09:39,F3,0.8050,OK,0
2026-04-06 16:09:49,F3,0.8051,OK,0
2026-04-06 16:09:59,F3,0.8052,OK,0
2026-04-06 16:10:10,F3,0.8053,OK,0
2026-04-06 16:10:20,F3,0.8054,OK,0
2026-04-06 16:10:30,F3,0.8055,OK,0
2026-04-06 16:10:40,F3,0.8056,OK,0
2026-04-06 16:10:51,F3,0.8057,OK,0
2026-04-06 16:11:01,F3,0.8058,OK,0
2026-04-06 16:11:11,F3,0.8059,OK,0
2026-04-06 16:11:21,F3,0.8060,OK,0
2026-04-06 16:11:32,F3,0.8062,OK,0
2026-04-06 16:11:42,F3,0.8063,OK,0
2026-04-06 16:11:52,F3,0.8064,OK,0
2026-04-06 16:12:02,F3,0.8065,OK,0
2026-04-06 16:12:13,F3,0.8066,OK,0
2026-04-06 16:12:23,F3,0.8067,OK,0
2026-04-06 16:12:33,F3,0.8068,OK,0
2026-04-06 16:12:43,F3,0.8069,OK,0
2026-04-06 16:12:54,F3,0.8070,OK,0
2026-04-06 16:13:04,F3,0.8071,OK,0
2026-04-06 16:13:14,F3,0.8072,OK,0
2026-04-06 16:13:24,F3,0.8073,OK,0
2026-04-06 16:13:35,F3,0.8074,OK,0
2026-04-06 16:13:45,F3,0.8075,OK,0
2026-04-06 16:13:55,F3,0.8076,OK,0
2026-04-06 16:14:05,F3,0.8076,OK,0
2026-04-06 16:14:16,F3,0.8077,OK,0
2026-04-06 16:14:26,F3,0.8078,OK,0
2026-04-06 16:14:36,F3,0.8079,OK,0
2026-04-06 16:14:46,F3,0.8080,OK,0
2026-04-06 16:14:57,F3,0.8080,OK,0
2026-04-06 16:15:07,F3,0.8081,OK,0
2026-04-06 16:15:17,F3,0.8082,OK,0
2026-04-06 16:15:27,F3,0.8083,OK,0
2026-04-06 16:15:37,F3,0.8083,OK,0
2026-04-06 16:15:48,F3,0.8084,OK,0
2026-04-06 16:15:58,F3,0.8084,OK,0
2026-04-06 16:16:08,F3,0.8085,OK,0
2026-04-06 16:16:18,F3,0.8085,OK,0
2026-04-06 16:16:29,F3,0.8085,OK,0
2026-04-06 16:16:39,F3,0.8086,OK,0
2026-04-06 16:16:49,F3,0.8086,OK,0
2026-04-06 16:16:59,F3,0.8086,OK,0
2026-04-06 16:17:10,F3,0.8086,OK,0
2026-04-06 16:17:20,F3,0.8086,OK,0
2026-04-06 16:17:30,F3,0.8086,OK,0
2026-04-06 16:17:40,F3,0.8086,OK,0
2026-04-06 16:17:51,F3,0.8086,OK,0
2026-04-06 16:18:01,F3,0.8085,OK,0
2026-04-06 16:18:11,F3,0.8085,OK,0
2026-04-06 16:18:21,F3,0.8084,OK,0
2026-04-06 16:18:32,F3,0.8084,OK,0
2026-04-06 16:18:42,F3,0.8083,OK,0
2026-04-06 16:18:52,F3,0.8082,OK,0
2026-04-06 16:19:02,F3,0.8082,OK,0
2026-04-06 16:19:13,F3,0.8081,OK,0
2026-04-06 16:19:23,F3,0.8080,OK,0
2026-04-06 16:19:33,F3,0.8078,OK,0
2026-04-06 16:19:43,F3,0.8077,OK,0
2026-04-06 16:19:54,F3,0.8076,OK,0
2026-04-06 16:20:04,F3,0.8075,OK,0
2026-04-06 16:20:14,F3,0.8073,OK,0
2026-04-06 16:20:24,F3,0.8072,OK,0
2026-04-06 16:20:34,F3,0.8070,OK,0
2026-04-06 16:20:45,F3,0.8068,OK,0
2026-04-06 16:20:55,F3,0.8067,OK,0
2026-04-06 16:21:05,F3,0.8065,OK,0
2026-04-06 16:21:15,F3,0.8063,OK,0
2026-04-06 16:21:26,F3,0.8061,OK,0
2026-04-06 16:21:36,F3,0.8058,OK,0
2026-04-06 16:21:46,F3,0.8056,OK,0
2026-04-06 16:21:56,F3,0.8054,OK,0
2026-04-06 16:22:07,F3,0.8052,OK,0
2026-04-06 16:22:17,F3,0.8049,OK,0
2026-04-06 16:22:27,F3,0.8047,OK,0
2026-04-06 16:22:37,F3,0.8044,OK,0
2026-04-06 16:22:47,F3,0.8041,OK,0
2026-04-06 16:22:58,F3,0.8038,OK,0
2026-04-06 16:23:08,F3,0.8035,OK,0
2026-04-06 16:23:18,F3,0.8033,OK,0
2026-04-06 16:23:28,F3,0.8029,OK,0
2026-04-06 16:23:39,F3,0.8026,OK,0
2026-04-06 16:23:49,F3,0.8023,OK,0
2026-04-06 16:23:59,F3,0.8020,OK,0
2026-04-06 16:24:09,F3,0.8016,OK,0
2026-04-06 16:24:20,F3,0.8013,OK,0
2026-04-06 16:24:30,F3,0.8009,OK,0
2026-04-06 16:24:40,F3,0.8006,OK,0
2026-04-06 16:24:50,F3,0.8002,OK,0
2026-04-06 16:25:01,F3,0.7998,OK,0
2026-04-06 16:25:11,F3,0.7995,OK,0
2026-04-06 16:25:21,F3,0.7991,OK,0
2026-04-06 16:25:31,F3,0.7987,OK,0
2026-04-06 16:25:42,F3,0.7983,OK,0
2026-04-06 16:25:52,F3,0.7979,OK,0
2026-04-06 16:26:02,F3,0.7974,OK,0
2026-04-06 16:26:12,F3,0.7970,OK,0
2026-04-06 16:26:23,F3,0.7966,OK,0
2026-04-06 16:26:33,F3,0.7961,OK,0
2026-04-06 16:26:43,F3,0.7957,OK,0
2026-04-06 16:26:53,F3,0.7952,OK,0
2026-04-06 16:27:04,F3,0.7948,OK,0
2026-04-06 16:27:14,F3,0.7943,OK,0
2026-04-06 16:27:24,F3,0.7938,OK,0
2026-04-06 16:27:34,F3,0.7934,OK,0
2026-04-06 16:27:45,F3,0.7929,OK,0
2026-04-06 16:27:55,F3,0.7924,OK,0
2026-04-06 16:28:05,F3,0.7919,OK,0
2026-04-06 16:28:15,F3,0.7914,OK,0
2026-04-06 16:28:26,F3,0.7909,OK,0
2026-04-06 16:28:36,F3,0.7903,OK,0
2026-04-06 16:28:46,F3,0.7898,OK,0
2026-04-06 16:28:56,F3,0.7893,OK,0
2026-04-06 16:29:07,F3,0.7887,OK,0
2026-04-06 16:29:17,F3,0.7882,OK,0
2026-04-06 16:29:27,F3,0.7877,OK,0
2026-04-06 16:29:37,F3,0.7871,OK,0
2026-04-06 16:29:48,F3,0.7865,OK,0
2026-04-06 16:29:58,F3,0.7860,OK,0
2026-04-06 16:30:08,F3,0.7854,OK,0
2026-04-06 16:30:18,F3,0.7848,OK,0
2026-04-06 16:30:29,F3,0.7843,OK,0
2026-04-06 16:30:39,F3,0.7837,OK,0
2026-04-06 16:30:49,F3,0.7831,OK,0
2026-04-06 16:30:59,F3,0.7825,OK,0
2026-04-06 16:31:09,F3,0.7819,OK,0
2026-04-06 16:31:20,F3,0.7813,OK,0
2026-04-06 16:31:30,F3,0.7807,OK,0
2026-04-06 16:31:40,F3,0.7801,OK,0
2026-04-06 16:31:50,F3,0.7794,OK,0
2026-04-06 16:32:01,F3,0.7788,OK,0
2026-04-06 16:32:11,F3,0.7782,OK,0
2026-04-06 16:32:21,F3,0.7775,OK,0
2026-04-06 16:32:31,F3,0.7769,OK,0
2026-04-06 16:32:42,F3,0.7763,OK,0
2026-04-06 16:32:52,F3,0.7756,OK,0
2026-04-06 16:33:02,F3,0.7750,OK,0
2026-04-06 16:33:12,F3,0.7743,OK,0
2026-04-06 16:33:23,F3,0.7736,OK,0
2026-04-06 16:33:33,F3,0.7730,OK,0
2026-04-06 16:33:43,F3,0.7723,OK,0
2026-04-06 16:33:53,F3,0.7716,OK,0
2026-04-06 16:34:04,F3,0.7710,OK,0
2026-04-06 16:34:14,F3,0.7703,OK,0
2026-04-06 16:34:24,F3,0.7696,OK,0
2026-04-06 16:34:34,F3,0.7689,OK,0
2026-04-06 16:34:45,F3,0.7682,OK,0
2026-04-06 16:34:55,F3,0.7675,OK,0
2026-04-06 16:35:05,F3,0.7668,OK,0
2026-04-06 16:35:15,F3,0.7661,OK,0
2026-04-06 16:35:26,F3,0.7654,OK,0
2026-04-06 16:35:36,F3,0.7647,OK,0
2026-04-06 16:35:46,F3,0.7640,OK,0
2026-04-06 16:35:56,F3,0.7633,OK,0
2026-04-06 16:36:07,F3,0.7625,OK,0
2026-04-06 16:36:17,F3,0.7618,OK,0
2026-04-06 16:36:27,F3,0.7611,OK,0
2026-04-06 16:36:37,F3,0.7603,OK,0
2026-04-06 16:36:48,F3,0.7596,OK,0
2026-04-06 16:36:58,F3,0.7589,OK,0
2026-04-06 16:37:08,F3,0.7581,OK,0
2026-04-06 16:37:18,F3,0.7574,OK,0
2026-04-06 16:37:29,F3,0.7566,OK,0
2026-04-06 16:37:39,F3,0.7559,OK,0
2026-04-06 16:37:49,F3,0.7551,OK,0
2026-04-06 16:37:59,F3,0.7544,OK,0
2026-04-06 16:38:10,F3,0.7536,OK,0
2026-04-06 16:38:20,F3,0.7529,OK,0
2026-04-06 16:38:30,F3,0.7521,OK,0
2026-04-06 16:38:40,F3,0.7514,OK,0
2026-04-06 16:38:51,F3,0.7506,OK,0
2026-04-06 16:39:01,F3,0.7498,OK,0
2026-04-06 16:39:11,F3,0.7491,OK,0
2026-04-06 16:39:21,F3,0.7483,OK,0
2026-04-06 16:39:32,F3,0.7475,OK,0
2026-04-06 16:39:42,F3,0.7467,OK,0
2026-04-06 16:39:52,F3,0.7460,OK,0
2026-04-06 16:40:02,F3,0.7452,OK,0
2026-04-06 16:40:13,F3,0.7444,OK,0
2026-04-06 16:40:23,F3,0.7436,OK,0
2026-04-06 16:40:33,F3,0.7428,OK,0
2026-04-06 16:40:43,F3,0.7421,OK,0
2026-04-06 16:40:54,F3,0.7413,OK,0
2026-04-06 16:41:04,F3,0.7405,OK,0
2026-04-06 16:41:14,F3,0.7397,OK,0
2026-04-06 16:41:24,F3,0.7389,OK,0
2026-04-06 16:41:34,F3,0.7381,OK,0
2026-04-06 16:41:45,F3,0.7373,OK,0
2026-04-06 16:41:55,F3,0.7365,OK,0
2026-04-06 16:42:05,F3,0.7358,OK,0
2026-04-06 16:42:15,F3,0.7350,OK,0
2026-04-06 16:42:26,F3,0.7342,OK,0
2026-04-06 16:42:36,F3,0.7334,OK,0
2026-04-06 16:42:46,F3,0.7326,OK,0
2026-04-06 16:42:56,F3,0.7318,OK,0
2026-04-06 16:43:07,F3,0.7310,OK,0
2026-04-06 16:43:17,F3,0.7302,OK,0
2026-04-06 16:43:27,F3,0.7294,OK,0
2026-04-06 16:43:37,F3,0.7286,OK,0
2026-04-06 16:43:48,F3,0.7278,OK,0
2026-04-06 16:43:58,F3,0.7269,OK,0
2026-04-06 16:44:08,F3,0.7261,OK,0
2026-04-06 16:44:18,F3,0.7253,OK,0
2026-04-06 16:44:28,F3,0.7245,OK,0
2026-04-06 16:44:39,F3,0.7237,OK,0
2026-04-06 16:44:49,F3,0.7229,OK,0
2026-04-06 16:44:59,F3,0.7220,OK,0
2026-04-06 16:45:09,F3,0.7212,OK,0
2026-04-06 16:45:20,F3,0.7204,OK,0
2026-04-06 16:45:30,F3,0.7195,OK,0
2026-04-06 16:45:40,F3,0.7187,OK,0
2026-04-06 16:45:50,F3,0.7179,OK,0
2026-04-06 16:46:01,F3,0.7170,OK,0
2026-04-06 16:46:11,F3,0.7162,OK,0
2026-04-06 16:46:21,F3,0.7153,OK,0
2026-04-06 16:46:31,F3,0.7145,OK,0
2026-04-06 16:46:42,F3,0.7136,OK,0
2026-04-06 16:46:52,F3,0.7127,OK,0
2026-04-06 16:47:02,F3,0.7119,OK,0
2026-04-06 16:47:12,F3,0.7110,OK,0
2026-04-06 16:47:23,F3,0.7101,OK,0
2026-04-06 16:47:33,F3,0.7092,OK,0
2026-04-06 16:47:43,F3,0.7084,OK,0
2026-04-06 16:47:53,F3,0.7075,OK,0
2026-04-06 16:48:04,F3,0.7066,OK,0
2026-04-06 16:48:14,F3,0.7057,OK,0
2026-04-06 16:48:24,F3,0.7048,OK,0
2026-04-06 16:48:34,F3,0.7039,OK,0
2026-04-06 16:48:45,F3,0.7030,OK,0
2026-04-06 16:48:55,F3,0.7021,OK,0
2026-04-06 16:49:05,F3,0.7012,OK,0
2026-04-06 16:49:15,F3,0.7002,OK,0
2026-04-06 16:49:25,F3,0.6993,OK,0
2026-04-06 16:49:36,F3,0.6984,OK,0
2026-04-06 16:49:46,F3,0.6975,OK,0
2026-04-06 16:49:56,F3,0.6965,OK,0
2026-04-06 16:50:06,F3,0.6956,OK,0
2026-04-06 16:50:17,F3,0.6947,OK,0
2026-04-06 16:50:27,F3,0.6937,OK,0
2026-04-06 16:50:37,F3,0.6928,OK,0
2026-04-06 16:50:47,F3,0.6919,OK,0
2026-04-06 16:50:58,F3,0.6909,OK,0
2026-04-06 16:51:08,F3,0.6900,OK,0
2026-04-06 16:51:18,F3,0.6890,OK,0
2026-04-06 16:51:28,F3,0.6881,OK,0
2026-04-06 16:51:39,F3,0.6872,OK,0
2026-04-06 16:51:49,F3,0.6862,OK,0
2026-04-06 16:51:59,F3,0.6853,OK,0
2026-04-06 16:52:09,F3,0.6843,OK,0
2026-04-06 16:52:20,F3,0.6834,OK,0
2026-04-06 16:52:30,F3,0.6824,OK,0
2026-04-06 16:52:40,F3,0.6815,OK,0
2026-04-06 16:52:50,F3,0.6805,OK,0
2026-04-06 16:53:01,F3,0.6796,OK,0
2026-04-06 16:53:11,F3,0.6786,OK,0
2026-04-06 16:53:21,F3,0.6777,OK,0
2026-04-06 16:53:31,F3,0.6767,OK,0
2026-04-06 16:53:42,F3,0.6758,OK,0
2026-04-06 16:53:52,F3,0.6748,OK,0
2026-04-06 16:54:02,F3,0.6739,OK,0
2026-04-06 16:54:12,F3,0.6729,OK,0
2026-04-06 16:54:23,F3,0.6720,OK,0
2026-04-06 16:54:33,F3,0.6710,OK,0
2026-04-06 16:54:43,F3,0.6701,OK,0
2026-04-06 16:54:53,F3,0.6692,OK,0
2026-04-06 16:55:04,F3,0.6682,OK,0
2026-04-06 16:55:14,F3,0.6673,OK,0
2026-04-06 16:55:24,F3,0.6663,OK,0
2026-04-06 16:55:34,F3,0.6654,OK,0
2026-04-06 16:55:45,F3,0.6645,OK,0
2026-04-06 16:55:55,F3,0.6635,OK,0
2026-04-06 16:56:05,F3,0.6626,OK,0
2026-04-06 16:56:15,F3,0.6617,OK,0
2026-04-06 16:56:26,F3,0.6608,OK,0
2026-04-06 16:56:36,F3,0.6598,OK,0
2026-04-06 16:56:46,F3,0.6589,OK,0
2026-04-06 16:56:56,F3,0.6580,OK,0
2026-04-06 16:57:07,F3,0.6571,OK,0
2026-04-06 16:57:17,F3,0.6562,OK,0
2026-04-06 16:57:27,F3,0.6553,OK,0
2026-04-06 16:57:37,F3,0.6543,OK,0
2026-04-06 16:57:48,F3,0.6534,OK,0
2026-04-06 16:57:58,F3,0.6525,OK,0
2026-04-06 16:58:08,F3,0.6516,OK,0
2026-04-06 16:58:18,F3,0.6507,OK,0
2026-04-06 16:58:28,F3,0.6498,OK,0
2026-04-06 16:58:39,F3,0.6489,OK,0
2026-04-06 16:58:49,F3,0.6480,OK,0
2026-04-06 16:58:59,F3,0.6472,OK,0
2026-04-06 16:59:09,F3,0.6463,OK,0
2026-04-06 16:59:20,F3,0.6454,OK,0
2026-04-06 16:59:30,F3,0.6445,OK,0
2026-04-06 16:59:40,F3,0.6436,OK,0
2026-04-06 16:59:50,F3,0.6428,OK,0
2026-04-06 17:00:01,F3,0.6419,OK,0
2026-04-06 17:00:11,F3,0.6410,OK,0
2026-04-06 17:00:21,F3,0.6402,OK,0
2026-04-06 17:00:31,F3,0.6393,OK,0
2026-04-06 17:00:42,F3,0.6385,OK,0
2026-04-06 17:00:52,F3,0.6376,OK,0
2026-04-06 17:01:02,F3,0.6368,OK,0
2026-04-06 17:01:12,F3,0.6359,OK,0
2026-04-06 17:01:23,F3,0.6351,OK,0
2026-04-06 17:01:33,F3,0.6343,OK,0
2026-04-06 17:01:43,F3,0.6334,OK,0
2026-04-06 17:01:53,F3,0.6326,OK,0
2026-04-06 17:02:04,F3,0.6318,OK,0
2026-04-06 17:02:14,F3,0.6310,OK,0
2026-04-06 17:02:24,F3,0.6302,OK,0
2026-04-06 17:02:34,F3,0.6294,OK,0
2026-04-06 17:02:45,F3,0.6286,OK,0
2026-04-06 17:02:55,F3,0.6278,OK,0
2026-04-06 17:03:05,F3,0.6270,OK,0
2026-04-06 17:03:15,F3,0.6262,OK,0
2026-04-06 17:03:25,F3,0.6254,OK,0
2026-04-06 17:03:36,F3,0.6247,OK,0
2026-04-06 17:03:46,F3,0.6239,OK,0
2026-04-06 17:03:56,F3,0.6231,OK,0
2026-04-06 17:04:06,F3,0.6224,OK,0
2026-04-06 17:04:17,F3,0.6216,OK,0
2026-04-06 17:04:27,F3,0.6209,OK,0
2026-04-06 17:04:37,F3,0.6202,OK,0
2026-04-06 17:04:47,F3,0.6194,OK,0
2026-04-06 17:04:58,F3,0.6187,OK,0
2026-04-06 17:05:08,F3,0.6180,OK,0
2026-04-06 17:05:18,F3,0.6173,OK,0
2026-04-06 17:05:28,F3,0.6166,OK,0
2026-04-06 17:05:39,F3,0.6159,OK,0
2026-04-06 17:05:49,F3,0.6152,OK,0
2026-04-06 17:05:59,F3,0.6145,OK,0
2026-04-06 17:06:09,F3,0.6138,OK,0
2026-04-06 17:06:20,F3,0.6132,OK,0
2026-04-06 17:06:30,F3,0.6125,OK,0
2026-04-06 17:06:40,F3,0.6119,OK,0
2026-04-06 17:06:50,F3,0.6112,OK,0
2026-04-06 17:07:01,F3,0.6106,OK,0
2026-04-06 17:07:11,F3,0.6099,OK,0
2026-04-06 17:07:21,F3,0.6093,OK,0
2026-04-06 17:07:31,F3,0.6087,OK,0
2026-04-06 17:07:41,F3,0.6081,OK,0
2026-04-06 17:07:52,F3,0.6074,OK,0
2026-04-06 17:08:02,F3,0.6068,OK,0
2026-04-06 17:08:12,F3,0.6062,OK,0
2026-04-06 17:08:22,F3,0.6057,OK,0
2026-04-06 17:08:33,F3,0.6051,OK,0
2026-04-06 17:08:43,F3,0.6045,OK,0
2026-04-06 17:08:53,F3,0.6039,OK,0
2026-04-06 17:09:03,F3,0.6034,OK,0
2026-04-06 17:09:14,F3,0.6028,OK,0
2026-04-06 17:09:24,F3,0.6023,OK,0
2026-04-06 17:09:34,F3,0.6017,OK,0
2026-04-06 17:09:44,F3,0.6012,OK,0
2026-04-06 17:09:55,F3,0.6007,OK,0
2026-04-06 17:10:05,F3,0.6002,OK,0
2026-04-06 17:10:15,F3,0.5996,OK,0
2026-04-06 17:10:25,F3,0.5991,OK,0
2026-04-06 17:10:36,F3,0.5986,OK,0
2026-04-06 17:10:46,F3,0.5981,OK,0
2026-04-06 17:10:56,F3,0.5976,OK,0
2026-04-06 17:11:06,F3,0.5972,OK,0
2026-04-06 17:11:17,F3,0.5967,OK,0
2026-04-06 17:11:27,F3,0.5962,OK,0
2026-04-06 17:11:37,F3,0.5957,OK,0
2026-04-06 17:11:47,F3,0.5953,OK,0
2026-04-06 17:11:58,F3,0.5948,OK,0
2026-04-06 17:12:08,F3,0.5943,OK,0
2026-04-06 17:12:18,F3,0.5939,OK,0
2026-04-06 17:12:28,F3,0.5934,OK,0
2026-04-06 17:12:39,F3,0.5930,OK,0
2026-04-06 17:12:49,F3,0.5926,OK,0
2026-04-06 17:12:59,F3,0.5921,OK,0
2026-04-06 17:13:09,F3,0.5917,OK,0
2026-04-06 17:13:20,F3,0.5913,OK,0
2026-04-06 17:13:30,F3,0.5908,OK,0
2026-04-06 17:13:40,F3,0.5904,OK,0
2026-04-06 17:13:50,F3,0.5900,OK,0
2026-04-06 17:14:01,F3,0.5896,OK,0
2026-04-06 17:14:11,F3,0.5891,OK,0
2026-04-06 17:14:21,F3,0.5887,OK,0
2026-04-06 17:14:31,F3,0.5883,OK,0
2026-04-06 17:14:41,F3,0.5879,OK,0
2026-04-06 17:14:52,F3,0.5875,OK,0
2026-04-06 17:15:02,F3,0.5871,OK,0
2026-04-06 17:15:12,F3,0.5867,OK,0
2026-04-06 17:15:22,F3,0.5863,OK,0
2026-04-06 17:15:33,F3,0.5859,OK,0
2026-04-06 17:15:43,F3,0.5855,OK,0
2026-04-06 17:15:53,F3,0.5851,OK,0
2026-04-06 17:16:03,F3,0.5847,OK,0
2026-04-06 17:16:14,F3,0.5844,OK,0
2026-04-06 17:16:24,F3,0.5840,OK,0
2026-04-06 17:16:34,F3,0.5836,OK,0
2026-04-06 17:16:44,F3,0.5832,OK,0
2026-04-06 17:16:55,F3,0.5828,OK,0
2026-04-06 17:17:05,F3,0.5825,OK,0
2026-04-06 17:17:15,F3,0.5821,OK,0
2026-04-06 17:17:25,F3,0.5818,OK,0
2026-04-06 17:17:36,F3,0.5814,OK,0
2026-04-06 17:17:46,F3,0.5810,OK,0
2026-04-06 17:17:56,F3,0.5807,OK,0
2026-04-06 17:18:06,F3,0.5803,OK,0
2026-04-06 17:18:17,F3,0.5800,OK,0
2026-04-06 17:18:27,F3,0.5796,OK,0
2026-04-06 17:18:37,F3,0.5793,OK,0
2026-04-06 17:18:47,F3,0.5790,OK,0
2026-04-06 17:18:57,F3,0.5786,OK,0
2026-04-06 17:19:08,F3,0.5783,OK,0
2026-04-06 17:19:18,F3,0.5780,OK,0
2026-04-06 17:19:28,F3,0.5777,OK,0
2026-04-06 17:19:38,F3,0.5773,OK,0
2026-04-06 17:19:49,F3,0.5770,OK,0
2026-04-06 17:19:59,F3,0.5767,OK,0
2026-04-06 17:20:09,F3,0.5764,OK,0
2026-04-06 17:20:19,F3,0.5761,OK,0
2026-04-06 17:20:30,F3,0.5758,OK,0
2026-04-06 17:20:40,F3,0.5755,OK,0
2026-04-06 17:20:50,F3,0.5752,OK,0
2026-04-06 17:21:00,F3,0.5749,OK,0
2026-04-06 17:21:11,F3,0.5746,OK,0
2026-04-06 17:21:21,F3,0.5744,OK,0
2026-04-06 17:21:31,F3,0.5741,OK,0
2026-04-06 17:21:41,F3,0.5738,OK,0
2026-04-06 17:21:52,F3,0.5735,OK,0
2026-04-06 17:22:02,F3,0.5733,OK,0
2026-04-06 17:22:12,F3,0.5730,OK,0
2026-04-06 17:22:22,F3,0.5728,OK,0
2026-04-06 17:22:33,F3,0.5725,OK,0
2026-04-06 17:22:43,F3,0.5722,OK,0
2026-04-06 17:22:53,F3,0.5720,OK,0
2026-04-06 17:23:03,F3,0.5718,OK,0
2026-04-06 17:23:14,F3,0.5715,OK,0
2026-04-06 17:23:24,F3,0.5713,OK,0
2026-04-06 17:23:34,F3,0.5710,OK,0
2026-04-06 17:23:44,F3,0.5708,OK,0
2026-04-06 17:23:54,F3,0.5706,OK,0
2026-04-06 17:24:05,F3,0.5704,OK,0
2026-04-06 17:24:15,F3,0.5701,OK,0
2026-04-06 17:24:25,F3,0.5699,OK,0
2026-04-06 17:24:35,F3,0.5697,OK,0
2026-04-06 17:24:46,F3,0.5695,OK,0
2026-04-06 17:24:56,F3,0.5693,OK,0
2026-04-06 17:25:06,F3,0.5691,OK,0
2026-04-06 17:25:16,F3,0.5689,OK,0
2026-04-06 17:25:27,F3,0.5687,OK,0
2026-04-06 17:25:37,F3,0.5685,OK,0
2026-04-06 17:25:47,F3,0.5684,OK,0
2026-04-06 17:25:57,F3,0.5682,OK,0
2026-04-06 17:26:08,F3,0.5680,OK,0
2026-04-06 17:26:18,F3,0.5678,OK,0
2026-04-06 17:26:28,F3,0.5677,OK,0
2026-04-06 17:26:38,F3,0.5675,OK,0
2026-04-06 17:26:49,F3,0.5673,OK,0
2026-04-06 17:26:59,F3,0.5672,OK,0
2026-04-06 17:27:09,F3,0.5670,OK,0
2026-04-06 17:27:19,F3,0.5669,OK,0
2026-04-06 17:27:30,F3,0.5667,OK,0
2026-04-06 17:27:40,F3,0.5666,OK,0
2026-04-06 17:27:50,F3,0.5665,OK,0
2026-04-06 17:28:00,F3,0.5663,OK,0
2026-04-06 17:28:11,F3,0.5662,OK,0
2026-04-06 17:28:21,F3,0.5661,OK,0
2026-04-06 17:28:31,F3,0.5660,OK,0
2026-04-06 17:28:41,F3,0.5659,OK,0
2026-04-06 17:28:52,F3,0.5657,OK,0
2026-04-06 17:29:02,F3,0.5656,OK,0
2026-04-06 17:29:12,F3,0.5655,OK,0
2026-04-06 17:29:22,F3,0.5654,OK,0
2026-04-06 17:29:33,F3,0.5653,OK,0
2026-04-06 17:29:43,F3,0.5653,OK,0
2026-04-06 17:29:53,F3,0.5652,OK,0
2026-04-06 17:30:03,F3,0.5651,OK,0
2026-04-06 17:30:13,F3,0.5650,OK,0
2026-04-06 17:30:24,F3,0.5649,OK,0
2026-04-06 17:30:34,F3,0.5649,OK,0
2026-04-06 17:30:44,F3,0.5648,OK,0
2026-04-06 17:30:54,F3,0.5648,OK,0
2026-04-06 17:31:05,F3,0.5647,OK,0
2026-04-06 17:31:15,F3,0.5647,OK,0
2026-04-06 17:31:25,F3,0.5646,OK,0
2026-04-06 17:31:35,F3,0.5646,OK,0
2026-04-06 17:31:46,F3,0.5645,OK,0
2026-04-06 17:31:56,F3,0.5645,OK,0
2026-04-06 17:32:06,F3,0.5645,OK,0
2026-04-06 17:32:16,F3,0.5645,OK,0
2026-04-06 17:32:27,F3,0.5645,OK,0
2026-04-06 17:32:37,F3,0.5645,OK,0
2026-04-06 17:32:47,F3,0.5645,OK,0
2026-04-06 17:32:57,F3,0.5645,OK,0
2026-04-06 17:33:08,F3,0.5645,OK,0
2026-04-06 17:33:18,F3,0.5645,OK,0
2026-04-06 17:33:28,F3,0.5645,OK,0
2026-04-06 17:33:38,F3,0.5645,OK,0
2026-04-06 17:33:49,F3,0.5645,OK,0
2026-04-06 17:33:59,F3,0.5646,OK,0
2026-04-06 17:34:09,F3,0.5646,OK,0
2026-04-06 17:34:19,F3,0.5646,OK,0
2026-04-06 17:34:30,F3,0.5647,OK,0
2026-04-06 17:34:40,F3,0.5647,OK,0
2026-04-06 17:34:50,F3,0.5648,OK,0
2026-04-06 17:35:00,F3,0.5648,OK,0
2026-04-06 17:35:11,F3,0.5649,OK,0
2026-04-06 17:35:21,F3,0.5649,OK,0
2026-04-06 17:35:31,F3,0.5650,OK,0
2026-04-06 17:35:41,F3,0.5650,OK,0
2026-04-06 17:35:52,F3,0.5651,OK,0
2026-04-06 17:36:02,F3,0.5652,OK,0
2026-04-06 17:36:12,F3,0.5652,OK,0
2026-04-06 17:36:22,F3,0.5653,OK,0
2026-04-06 17:36:33,F3,0.5654,OK,0
2026-04-06 17:36:43,F3,0.5655,OK,0
2026-04-06 17:36:53,F3,0.5655,OK,0
2026-04-06 17:37:03,F3,0.5656,OK,0
2026-04-06 17:37:14,F3,0.5657,OK,0
2026-04-06 17:37:24,F3,0.5658,OK,0
2026-04-06 17:37:34,F3,0.5658,OK,0
2026-04-06 17:37:44,F3,0.5659,OK,0
2026-04-06 17:37:55,F3,0.5660,OK,0
2026-04-06 17:38:05,F3,0.5660,OK,0
2026-04-06 17:38:15,F3,0.5661,OK,0
2026-04-06 17:38:25,F3,0.5662,OK,0
2026-04-06 17:38:35,F3,0.5662,OK,0
2026-04-06 17:38:46,F3,0.5663,OK,0
2026-04-06 17:38:56,F3,0.5664,OK,0
2026-04-06 17:39:06,F3,0.5664,OK,0
2026-04-06 17:39:16,F3,0.5665,OK,0
2026-04-06 17:39:27,F3,0.5665,OK,0
2026-04-06 17:39:37,F3,0.5666,OK,0
2026-04-06 17:39:47,F3,0.5666,OK,0
2026-04-06 17:39:57,F3,0.5667,OK,0
2026-04-06 17:40:08,F3,0.5667,OK,0
2026-04-06 17:40:18,F3,0.5668,OK,0
2026-04-06 17:40:28,F3,0.5668,OK,0
2026-04-06 17:40:38,F3,0.5669,OK,0
2026-04-06 17:40:49,F3,0.5669,OK,0
2026-04-06 17:40:59,F3,0.5670,OK,0
2026-04-06 17:41:09,F3,0.5670,OK,0
2026-04-06 17:41:19,F3,0.5670,OK,0
2026-04-06 17:41:30,F3,0.5671,OK,0
2026-04-06 17:41:40,F3,0.5671,OK,0
2026-04-06 17:41:50,F3,0.5671,OK,0
2026-04-06 17:42:00,F3,0.5672,OK,0
2026-04-06 17:42:11,F3,0.5672,OK,0
2026-04-06 17:42:21,F3,0.5672,OK,0
2026-04-06 17:42:31,F3,0.5673,OK,0
2026-04-06 17:42:41,F3,0.5673,OK,0
2026-04-06 17:42:52,F3,0.5673,OK,0
2026-04-06 17:43:02,F3,0.5673,OK,0
2026-04-06 17:43:12,F3,0.5674,OK,0
2026-04-06 17:43:22,F3,0.5674,OK,0
2026-04-06 17:43:33,F3,0.5674,OK,0
2026-04-06 17:43:43,F3,0.5674,OK,0
2026-04-06 17:43:53,F3,0.5674,OK,0
2026-04-06 17:44:03,F3,0.5674,OK,0
2026-04-06 17:44:14,F3,0.5674,OK,0
2026-04-06 17:44:24,F3,0.5675,OK,0
2026-04-06 17:44:34,F3,0.5675,OK,0
2026-04-06 17:44:44,F3,0.5675,OK,0
2026-04-06 17:44:55,F3,0.5675,OK,0
2026-04-06 17:45:05,F3,0.5675,OK,0
2026-04-06 17:45:15,F3,0.5675,OK,0
2026-04-06 17:45:25,F3,0.5675,OK,0
2026-04-06 17:45:35,F3,0.5675,OK,0
2026-04-06 17:45:46,F3,0.5675,OK,0
2026-04-06 17:45:56,F3,0.5675,OK,0
2026-04-06 17:46:06,F3,0.5675,OK,0
2026-04-06 17:46:16,F3,0.5675,OK,0
2026-04-06 17:46:27,F3,0.5675,OK,0
2026-04-06 17:46:37,F3,0.5675,OK,0
2026-04-06 17:46:47,F3,0.5675,OK,0
2026-04-06 17:46:57,F3,0.5675,OK,0
2026-04-06 17:47:08,F3,0.5675,OK,0
2026-04-06 17:47:18,F3,0.5675,OK,0
2026-04-06 17:47:28,F3,0.5675,OK,0
2026-04-06 17:47:38,F3,0.5675,OK,0
2026-04-06 17:47:49,F3,0.5675,OK,0
2026-04-06 17:47:59,F3,0.5676,OK,0
2026-04-06 17:48:09,F3,0.5676,OK,0
2026-04-06 17:48:19,F3,0.5676,OK,0
2026-04-06 17:48:30,F3,0.5676,OK,0
2026-04-06 17:48:40,F3,0.5676,OK,0
2026-04-06 17:48:50,F3,0.5676,OK,0
2026-04-06 17:49:00,F3,0.5676,OK,0
2026-04-06 17:49:11,F3,0.5676,OK,0
2026-04-06 17:49:21,F3,0.5676,OK,0
2026-04-06 17:49:31,F3,0.5677,OK,0
2026-04-06 17:49:41,F3,0.5677,OK,0
2026-04-06 17:49:52,F3,0.5677,OK,0
2026-04-06 17:50:02,F3,0.5677,OK,0
2026-04-06 17:50:12,F3,0.5677,OK,0
2026-04-06 17:50:22,F3,0.5678,OK,0
2026-04-06 17:50:33,F3,0.5678,OK,0
2026-04-06 17:50:43,F3,0.5678,OK,0
2026-04-06 17:50:53,F3,0.5678,OK,0
2026-04-06 17:51:03,F3,0.5679,OK,0
2026-04-06 17:51:13,F3,0.5679,OK,0
2026-04-06 17:51:24,F3,0.5679,OK,0
2026-04-06 17:51:34,F3,0.5680,OK,0
2026-04-06 17:51:44,F3,0.5680,OK,0
2026-04-06 17:51:54,F3,0.5680,OK,0
2026-04-06 17:52:05,F3,0.5681,OK,0
2026-04-06 17:52:15,F3,0.5681,OK,0
2026-04-06 17:52:25,F3,0.5681,OK,0
2026-04-06 17:52:35,F3,0.5682,OK,0
2026-04-06 17:52:46,F3,0.5682,OK,0
2026-04-06 17:52:56,F3,0.5683,OK,0
2026-04-06 17:53:06,F3,0.5683,OK,0
2026-04-06 17:53:16,F3,0.5683,OK,0
2026-04-06 17:53:27,F3,0.5684,OK,0
2026-04-06 17:53:37,F3,0.5684,OK,0
2026-04-06 17:53:47,F3,0.5685,OK,0
2026-04-06 17:53:57,F3,0.5685,OK,0
2026-04-06 17:54:08,F3,0.5686,OK,0
2026-04-06 17:54:18,F3,0.5686,OK,0
2026-04-06 17:54:28,F3,0.5687,OK,0
2026-04-06 17:54:38,F3,0.5687,OK,0
2026-04-06 17:54:49,F3,0.5688,OK,0
2026-04-06 17:54:59,F3,0.5689,OK,0
2026-04-06 17:55:09,F3,0.5689,OK,0
2026-04-06 17:55:19,F3,0.5690,OK,0
2026-04-06 17:55:30,F3,0.5690,OK,0
2026-04-06 17:55:40,F3,0.5691,OK,0
2026-04-06 17:55:50,F3,0.5691,OK,0
2026-04-06 17:56:00,F3,0.5692,OK,0
2026-04-06 17:56:11,F3,0.5692,OK,0
2026-04-06 17:56:21,F3,0.5693,OK,0
2026-04-06 17:56:31,F3,0.5694,OK,0
2026-04-06 17:56:41,F3,0.5694,OK,0
2026-04-06 17:56:52,F3,0.5695,OK,0
2026-04-06 17:57:02,F3,0.5695,OK,0
2026-04-06 17:57:12,F3,0.5696,OK,0
2026-04-06 17:57:22,F3,0.5697,OK,0
2026-04-06 17:57:33,F3,0.5697,OK,0
2026-04-06 17:57:43,F3,0.5698,OK,0
2026-04-06 17:57:53,F3,0.5699,OK,0
2026-04-06 17:58:03,F3,0.5699,OK,0
2026-04-06 17:58:14,F3,0.5700,OK,0
2026-04-06 17:58:24,F3,0.5700,OK,0
2026-04-06 17:58:34,F3,0.5701,OK,0
2026-04-06 17:58:44,F3,0.5702,OK,0
2026-04-06 17:58:55,F3,0.5702,OK,0
2026-04-06 17:59:05,F3,0.5703,OK,0
2026-04-06 17:59:15,F3,0.5703,OK,0
2026-04-06 17:59:25,F3,0.5704,OK,0
2026-04-06 17:59:36,F3,0.5705,OK,0
2026-04-06 17:59:46,F3,0.5705,OK,0
2026-04-06 17:59:56,F3,0.5706,OK,0
2026-04-06 18:00:06,F3,0.5707,OK,0
2026-04-06 18:00:16,F3,0.5707,OK,0
2026-04-06 18:00:27,F3,0.5708,OK,0
2026-04-06 18:00:37,F3,0.5708,OK,0
2026-04-06 18:00:47,F3,0.5709,OK,0
2026-04-06 18:00:57,F3,0.5709,OK,0
2026-04-06 18:01:08,F3,0.5710,OK,0
2026-04-06 18:01:18,F3,0.5711,OK,0
2026-04-06 18:01:28,F3,0.5711,OK,0
2026-04-06 18:01:38,F3,0.5712,OK,0
2026-04-06 18:01:49,F3,0.5712,OK,0
2026-04-06 18:01:59,F3,0.5713,OK,0
2026-04-06 18:02:09,F3,0.5714,OK,0
2026-04-06 18:02:19,F3,0.5714,OK,0
2026-04-06 18:02:30,F3,0.5715,OK,0
2026-04-06 18:02:40,F3,0.5715,OK,0
2026-04-06 18:02:50,F3,0.5716,OK,0
2026-04-06 18:03:00,F3,0.5716,OK,0
2026-04-06 18:03:11,F3,0.5717,OK,0
2026-04-06 18:03:21,F3,0.5717,OK,0
2026-04-06 18:03:31,F3,0.5718,OK,0
2026-04-06 18:03:41,F3,0.5718,OK,0
2026-04-06 18:03:52,F3,0.5719,OK,0
2026-04-06 18:04:02,F3,0.5719,OK,0
2026-04-06 18:04:12,F3,0.5719,OK,0
2026-04-06 18:04:22,F3,0.5720,OK,0
2026-04-06 18:04:32,F3,0.5720,OK,0
2026-04-06 18:04:43,F3,0.5720,OK,0
2026-04-06 18:04:53,F3,0.5721,OK,0
2026-04-06 18:05:03,F3,0.5721,OK,0
2026-04-06 18:05:13,F3,0.5721,OK,0
2026-04-06 18:05:24,F3,0.5721,OK,0
2026-04-06 18:05:34,F3,0.5722,OK,0
2026-04-06 18:05:44,F3,0.5722,OK,0
2026-04-06 18:05:54,F3,0.5722,OK,0
2026-04-06 18:06:05,F3,0.5722,OK,0
2026-04-06 18:06:15,F3,0.5722,OK,0
2026-04-06 18:06:25,F3,0.5722,OK,0
2026-04-06 18:06:35,F3,0.5722,OK,0
2026-04-06 18:06:46,F3,0.5722,OK,0
2026-04-06 18:06:56,F3,0.5722,OK,0
2026-04-06 18:07:06,F3,0.5722,OK,0
2026-04-06 18:07:16,F3,0.5721,OK,0
2026-04-06 18:07:27,F3,0.5721,OK,0
2026-04-06 18:07:37,F3,0.5721,OK,0
2026-04-06 18:07:47,F3,0.5721,OK,0
2026-04-06 18:07:57,F3,0.5721,OK,0
2026-04-06 18:08:08,F3,0.5720,OK,0
2026-04-06 18:08:18,F3,0.5720,OK,0
2026-04-06 18:08:28,F3,0.5720,OK,0
2026-04-06 18:08:38,F3,0.5719,OK,0
2026-04-06 18:08:49,F3,0.5719,OK,0
2026-04-06 18:08:59,F3,0.5718,OK,0
2026-04-06 18:09:09,F3,0.5718,OK,0
2026-04-06 18:09:19,F3,0.5717,OK,0
2026-04-06 18:09:30,F3,0.5717,OK,0
2026-04-06 18:09:40,F3,0.5716,OK,0
2026-04-06 18:09:50,F3,0.5716,OK,0
2026-04-06 18:10:00,F3,0.5715,OK,0
2026-04-06 18:10:11,F3,0.5714,OK,0
2026-04-06 18:10:21,F3,0.5714,OK,0
2026-04-06 18:10:31,F3,0.5713,OK,0
2026-04-06 18:10:41,F3,0.5712,OK,0
2026-04-06 18:10:52,F3,0.5711,OK,0
2026-04-06 18:11:02,F3,0.5710,OK,0
2026-04-06 18:11:12,F3,0.5710,OK,0
2026-04-06 18:11:22,F3,0.5709,OK,0
2026-04-06 18:11:32,F3,0.5708,OK,0
2026-04-06 18:11:43,F3,0.5707,OK,0
2026-04-06 18:11:53,F3,0.5706,OK,0
2026-04-06 18:12:03,F3,0.5705,OK,0
2026-04-06 18:12:13,F3,0.5704,OK,0
2026-04-06 18:12:24,F3,0.5703,OK,0
2026-04-06 18:12:34,F3,0.5702,OK,0
2026-04-06 18:12:44,F3,0.5700,OK,0
2026-04-06 18:12:54,F3,0.5699,OK,0
2026-04-06 18:13:05,F3,0.5698,OK,0
2026-04-06 18:13:15,F3,0.5697,OK,0
2026-04-06 18:13:25,F3,0.5696,OK,0
2026-04-06 18:13:35,F3,0.5694,OK,0
2026-04-06 18:13:46,F3,0.5693,OK,0
2026-04-06 18:13:56,F3,0.5692,OK,0
2026-04-06 18:14:06,F3,0.5691,OK,0
2026-04-06 18:14:16,F3,0.5689,OK,0
2026-04-06 18:14:27,F3,0.5688,OK,0
2026-04-06 18:14:37,F3,0.5686,OK,0
2026-04-06 18:14:47,F3,0.5685,OK,0
2026-04-06 18:14:58,F3,0.5684,OK,0
2026-04-06 18:15:08,F3,0.5682,OK,0
2026-04-06 18:15:18,F3,0.5681,OK,0
2026-04-06 18:15:28,F3,0.5679,OK,0
2026-04-06 18:15:39,F3,0.5678,OK,0
2026-04-06 18:15:49,F3,0.5676,OK,0
2026-04-06 18:15:59,F3,0.5674,OK,0
2026-04-06 18:16:09,F3,0.5673,OK,0
2026-04-06 18:16:20,F3,0.5671,OK,0
2026-04-06 18:16:30,F3,0.5670,OK,0
2026-04-06 18:16:40,F3,0.5668,OK,0
2026-04-06 18:16:50,F3,0.5667,OK,0
2026-04-06 18:17:01,F3,0.5665,OK,0
2026-04-06 18:17:11,F3,0.5663,OK,0
2026-04-06 18:17:21,F3,0.5662,OK,0
2026-04-06 18:17:31,F3,0.5660,OK,0
2026-04-06 18:17:42,F3,0.5659,OK,0
2026-04-06 18:17:52,F3,0.5657,OK,0
2026-04-06 18:18:02,F3,0.5655,OK,0
2026-04-06 18:18:12,F3,0.5654,OK,0
2026-04-06 18:18:23,F3,0.5652,OK,0
2026-04-06 18:18:33,F3,0.5651,OK,0
2026-04-06 18:18:43,F3,0.5649,OK,0
2026-04-06 18:18:53,F3,0.5648,OK,0
2026-04-06 18:19:03,F3,0.5646,OK,0
2026-04-06 18:19:14,F3,0.5644,OK,0
2026-04-06 18:19:24,F3,0.5643,OK,0
2026-04-06 18:19:34,F3,0.5641,OK,0
2026-04-06 18:19:44,F3,0.5640,OK,0
2026-04-06 18:19:55,F3,0.5638,OK,0
2026-04-06 18:20:05,F3,0.5637,OK,0
2026-04-06 18:20:15,F3,0.5635,OK,0
2026-04-06 18:20:25,F3,0.5634,OK,0
2026-04-06 18:20:36,F3,0.5632,OK,0
2026-04-06 18:20:46,F3,0.5631,OK,0
2026-04-06 18:20:56,F3,0.5629,OK,0
2026-04-06 18:21:06,F3,0.5628,OK,0
2026-04-06 18:21:17,F3,0.5626,OK,0
2026-04-06 18:21:27,F3,0.5625,OK,0
2026-04-06 18:21:37,F3,0.5624,OK,0
2026-04-06 18:21:47,F3,0.5622,OK,0
2026-04-06 18:21:58,F3,0.5621,OK,0
2026-04-06 18:22:08,F3,0.5619,OK,0
2026-04-06 18:22:18,F3,0.5618,OK,0
2026-04-06 18:22:28,F3,0.5617,OK,0
2026-04-06 18:22:39,F3,0.5615,OK,0
2026-04-06 18:22:49,F3,0.5614,OK,0
2026-04-06 18:22:59,F3,0.5612,OK,0
2026-04-06 18:23:09,F3,0.5611,OK,0
2026-04-06 18:23:20,F3,0.5610,OK,0
2026-04-06 18:23:30,F3,0.5608,OK,0
2026-04-06 18:23:40,F3,0.5607,OK,0
2026-04-06 18:23:50,F3,0.5605,OK,0
2026-04-06 18:24:01,F3,0.5604,OK,0
2026-04-06 18:24:11,F3,0.5603,OK,0
2026-04-06 18:24:21,F3,0.5601,OK,0
2026-04-06 18:24:31,F3,0.5600,OK,0
2026-04-06 18:24:42,F3,0.5599,OK,0
2026-04-06 18:24:52,F3,0.5597,OK,0
2026-04-06 18:25:02,F3,0.5596,OK,0
2026-04-06 18:25:12,F3,0.5595,OK,0
2026-04-06 18:25:23,F3,0.5594,OK,0
2026-04-06 18:25:33,F3,0.5592,OK,0
2026-04-06 18:25:43,F3,0.5591,OK,0
2026-04-06 18:25:53,F3,0.5590,OK,0
2026-04-06 18:26:03,F3,0.5588,OK,0
2026-04-06 18:26:14,F3,0.5587,OK,0
2026-04-06 18:26:24,F3,0.5586,OK,0
2026-04-06 18:26:34,F3,0.5584,OK,0
2026-04-06 18:26:44,F3,0.5583,OK,0
2026-04-06 18:26:55,F3,0.5582,OK,0
2026-04-06 18:27:05,F3,0.5580,OK,0
2026-04-06 18:27:15,F3,0.5579,OK,0
2026-04-06 18:27:25,F3,0.5578,OK,0
2026-04-06 18:27:36,F3,0.5577,OK,0
2026-04-06 18:27:46,F3,0.5575,OK,0
2026-04-06 18:27:56,F3,0.5574,OK,0
2026-04-06 18:28:06,F3,0.5573,OK,0
2026-04-06 18:28:17,F3,0.5571,OK,0
2026-04-06 18:28:27,F3,0.5570,OK,0
2026-04-06 18:28:37,F3,0.5568,OK,0
2026-04-06 18:28:47,F3,0.5567,OK,0
2026-04-06 18:28:58,F3,0.5566,OK,0
2026-04-06 18:29:08,F3,0.5564,OK,0
2026-04-06 18:29:18,F3,0.5563,OK,0
2026-04-06 18:29:28,F3,0.5561,OK,0
2026-04-06 18:29:39,F3,0.5560,OK,0
2026-04-06 18:29:49,F3,0.5558,OK,0
2026-04-06 18:29:59,F3,0.5557,OK,0
2026-04-06 18:30:09,F3,0.5555,OK,0
2026-04-06 18:30:20,F3,0.5554,OK,0
2026-04-06 18:30:30,F3,0.5552,OK,0
2026-04-06 18:30:40,F3,0.5550,OK,0
2026-04-06 18:30:50,F3,0.5549,OK,0
2026-04-06 18:31:01,F3,0.5547,OK,0
2026-04-06 18:31:11,F3,0.5545,OK,0
2026-04-06 18:31:21,F3,0.5544,OK,0
2026-04-06 18:31:31,F3,0.5542,OK,0
2026-04-06 18:31:42,F3,0.5540,OK,0
2026-04-06 18:31:52,F3,0.5539,OK,0
2026-04-06 18:32:02,F3,0.5537,OK,0
2026-04-06 18:32:12,F3,0.5535,OK,0
2026-04-06 18:32:22,F3,0.5533,OK,0
2026-04-06 18:32:33,F3,0.5531,OK,0
2026-04-06 18:32:43,F3,0.5529,OK,0
2026-04-06 18:32:53,F3,0.5528,OK,0
2026-04-06 18:33:03,F3,0.5526,OK,0
2026-04-06 18:33:14,F3,0.5524,OK,0
2026-04-06 18:33:24,F3,0.5522,OK,0
2026-04-06 18:33:34,F3,0.5520,OK,0
2026-04-06 18:33:44,F3,0.5518,OK,0
2026-04-06 18:33:55,F3,0.5516,OK,0
2026-04-06 18:34:05,F3,0.5514,OK,0
2026-04-06 18:34:15,F3,0.5512,OK,0
2026-04-06 18:34:25,F3,0.5510,OK,0
2026-04-06 18:34:36,F3,0.5508,OK,0
2026-04-06 18:34:46,F3,0.5506,OK,0
2026-04-06 18:34:56,F3,0.5504,OK,0
2026-04-06 18:35:06,F3,0.5502,OK,0
2026-04-06 18:35:17,F3,0.5500,OK,0
2026-04-06 18:35:27,F3,0.5498,OK,0
2026-04-06 18:35:37,F3,0.5496,OK,0
2026-04-06 18:35:47,F3,0.5494,OK,0
2026-04-06 18:35:58,F3,0.5491,OK,0
2026-04-06 18:36:08,F3,0.5489,OK,0
2026-04-06 18:36:18,F3,0.5487,OK,0
2026-04-06 18:36:28,F3,0.5485,OK,0
2026-04-06 18:36:39,F3,0.5483,OK,0
2026-04-06 18:36:49,F3,0.5481,OK,0
2026-04-06 18:36:59,F3,0.5478,OK,0
2026-04-06 18:37:09,F3,0.5476,OK,0
2026-04-06 18:37:19,F3,0.5474,OK,0
2026-04-06 18:37:30,F3,0.5472,OK,0
2026-04-06 18:37:40,F3,0.5469,OK,0
2026-04-06 18:37:50,F3,0.5467,OK,0
2026-04-06 18:38:00,F3,0.5465,OK,0
2026-04-06 18:38:11,F3,0.5462,OK,0
2026-04-06 18:38:21,F3,0.5460,OK,0
2026-04-06 18:38:31,F3,0.5458,OK,0
2026-04-06 18:38:41,F3,0.5455,OK,0
2026-04-06 18:38:52,F3,0.5453,OK,0
2026-04-06 18:39:02,F3,0.5451,OK,0
2026-04-06 18:39:12,F3,0.5448,OK,0
2026-04-06 18:39:22,F3,0.5446,OK,0
2026-04-06 18:39:33,F3,0.5444,OK,0
2026-04-06 18:39:43,F3,0.5441,OK,0
2026-04-06 18:39:53,F3,0.5439,OK,0
2026-04-06 18:40:03,F3,0.5437,OK,0
2026-04-06 18:40:14,F3,0.5434,OK,0
2026-04-06 18:40:24,F3,0.5432,OK,0
2026-04-06 18:40:34,F3,0.5429,OK,0
2026-04-06 18:40:44,F3,0.5427,OK,0
2026-04-06 18:40:55,F3,0.5425,OK,0
2026-04-06 18:41:05,F3,0.5422,OK,0
2026-04-06 18:41:15,F3,0.5420,OK,0
2026-04-06 18:41:25,F3,0.5418,OK,0
2026-04-06 18:41:35,F3,0.5415,OK,0
2026-04-06 18:41:46,F3,0.5413,OK,0
2026-04-06 18:41:56,F3,0.5411,OK,0
2026-04-06 18:42:06,F3,0.5409,OK,0
2026-04-06 18:42:16,F3,0.5406,OK,0
2026-04-06 18:42:27,F3,0.5404,OK,0
2026-04-06 18:42:37,F3,0.5402,OK,0
2026-04-06 18:42:47,F3,0.5400,OK,0
2026-04-06 18:42:57,F3,0.5398,OK,0
2026-04-06 18:43:08,F3,0.5395,OK,0
2026-04-06 18:43:18,F3,0.5393,OK,0
2026-04-06 18:43:28,F3,0.5391,OK,0
2026-04-06 18:43:38,F3,0.5389,OK,0
2026-04-06 18:43:49,F3,0.5387,OK,0
2026-04-06 18:43:59,F3,0.5385,OK,0
2026-04-06 18:44:09,F3,0.5383,OK,0
2026-04-06 18:44:19,F3,0.5381,OK,0
2026-04-06 18:44:30,F3,0.5379,OK,0
2026-04-06 18:44:40,F3,0.5377,OK,0
2026-04-06 18:44:50,F3,0.5375,OK,0
2026-04-06 18:45:00,F3,0.5373,OK,0
2026-04-06 18:45:11,F3,0.5371,OK,0
2026-04-06 18:45:21,F3,0.5369,OK,0
2026-04-06 18:45:31,F3,0.5367,OK,0
2026-04-06 18:45:41,F3,0.5365,OK,0
2026-04-06 18:45:52,F3,0.5363,OK,0
2026-04-06 18:46:02,F3,0.5361,OK,0
2026-04-06 18:46:12,F3,0.5359,OK,0
2026-04-06 18:46:22,F3,0.5357,OK,0
2026-04-06 18:46:33,F3,0.5356,OK,0
2026-04-06 18:46:43,F3,0.5354,OK,0
2026-04-06 18:46:53,F3,0.5352,OK,0
2026-04-06 18:47:03,F3,0.5350,OK,0
2026-04-06 18:47:13,F3,0.5349,OK,0
2026-04-06 18:47:24,F3,0.5347,OK,0
2026-04-06 18:47:34,F3,0.5345,OK,0
2026-04-06 18:47:44,F3,0.5343,OK,0
2026-04-06 18:47:54,F3,0.5342,OK,0
2026-04-06 18:48:05,F3,0.5340,OK,0
2026-04-06 18:48:15,F3,0.5338,OK,0
2026-04-06 18:48:25,F3,0.5337,OK,0
2026-04-06 18:48:35,F3,0.5335,OK,0
2026-04-06 18:48:46,F3,0.5334,OK,0
2026-04-06 18:48:56,F3,0.5332,OK,0
2026-04-06 18:49:06,F3,0.5330,OK,0
2026-04-06 18:49:16,F3,0.5329,OK,0
2026-04-06 18:49:27,F3,0.5327,OK,0
2026-04-06 18:49:37,F3,0.5326,OK,0
2026-04-06 18:49:47,F3,0.5324,OK,0
2026-04-06 18:49:57,F3,0.5323,OK,0
2026-04-06 18:50:08,F3,0.5321,OK,0
2026-04-06 18:50:18,F3,0.5320,OK,0
2026-04-06 18:50:28,F3,0.5318,OK,0
2026-04-06 18:50:38,F3,0.5317,OK,0
2026-04-06 18:50:49,F3,0.5315,OK,0
2026-04-06 18:50:59,F3,0.5314,OK,0
2026-04-06 18:51:09,F3,0.5313,OK,0
2026-04-06 18:51:19,F3,0.5311,OK,0
2026-04-06 18:51:30,F3,0.5310,OK,0
2026-04-06 18:51:40,F3,0.5309,OK,0
2026-04-06 18:51:50,F3,0.5307,OK,0
2026-04-06 18:52:00,F3,0.5306,OK,0
2026-04-06 18:52:11,F3,0.5305,OK,0
2026-04-06 18:52:21,F3,0.5303,OK,0
2026-04-06 18:52:31,F3,0.5302,OK,0
2026-04-06 18:52:41,F3,0.5301,OK,0
2026-04-06 18:52:52,F3,0.5299,OK,0
2026-04-06 18:53:02,F3,0.5298,OK,0
2026-04-06 18:53:12,F3,0.5297,OK,0
2026-04-06 18:53:22,F3,0.5295,OK,0
2026-04-06 18:53:33,F3,0.5294,OK,0
2026-04-06 18:53:43,F3,0.5293,OK,0
2026-04-06 18:53:53,F3,0.5291,OK,0
2026-04-06 18:54:03,F3,0.5290,OK,0
2026-04-06 18:54:14,F3,0.5289,OK,0
2026-04-06 18:54:24,F3,0.5287,OK,0
2026-04-06 18:54:34,F3,0.5286,OK,0
2026-04-06 18:54:44,F3,0.5285,OK,0
2026-04-06 18:54:55,F3,0.5283,OK,0
2026-04-06 18:55:05,F3,0.5282,OK,0
2026-04-06 18:55:15,F3,0.5280,OK,0
2026-04-06 18:55:25,F3,0.5279,OK,0
2026-04-06 18:55:35,F3,0.5278,OK,0
2026-04-06 18:55:46,F3,0.5276,OK,0
2026-04-06 18:55:56,F3,0.5275,OK,0
2026-04-06 18:56:06,F3,0.5273,OK,0
2026-04-06 18:56:16,F3,0.5272,OK,0
2026-04-06 18:56:27,F3,0.5270,OK,0
2026-04-06 18:56:37,F3,0.5268,OK,0
2026-04-06 18:56:47,F3,0.5267,OK,0
2026-04-06 18:56:57,F3,0.5265,OK,0
2026-04-06 18:57:08,F3,0.5264,OK,0
2026-04-06 18:57:18,F3,0.5262,OK,0
2026-04-06 18:57:28,F3,0.5260,OK,0
2026-04-06 18:57:38,F3,0.5259,OK,0
2026-04-06 18:57:49,F3,0.5257,OK,0
2026-04-06 18:57:59,F3,0.5255,OK,0
2026-04-06 18:58:09,F3,0.5253,OK,0
2026-04-06 18:58:19,F3,0.5252,OK,0
2026-04-06 18:58:30,F3,0.5250,OK,0
2026-04-06 18:58:40,F3,0.5248,OK,0
2026-04-06 18:58:50,F3,0.5246,OK,0
2026-04-06 18:59:00,F3,0.5244,OK,0
2026-04-06 18:59:11,F3,0.5243,OK,0
2026-04-06 18:59:21,F3,0.5241,OK,0
2026-04-06 18:59:31,F3,0.5239,OK,0
2026-04-06 18:59:41,F3,0.5237,OK,0
2026-04-06 18:59:52,F3,0.5235,OK,0
2026-04-06 19:00:02,F3,0.5233,OK,0
2026-04-06 19:00:12,F3,0.5231,OK,0
2026-04-06 19:00:22,F3,0.5229,OK,0
2026-04-06 19:00:33,F3,0.5227,OK,0
2026-04-06 19:00:43,F3,0.5225,OK,0
2026-04-06 19:00:53,F3,0.5223,OK,0
2026-04-06 19:01:03,F3,0.5221,OK,0
2026-04-06 19:01:14,F3,0.5219,OK,0
2026-04-06 19:01:24,F3,0.5217,OK,0
2026-04-06 19:01:34,F3,0.5215,OK,0
2026-04-06 19:01:44,F3,0.5213,OK,0
2026-04-06 19:01:55,F3,0.5211,OK,0
2026-04-06 19:02:05,F3,0.5209,OK,0
2026-04-06 19:02:15,F3,0.5207,OK,0
2026-04-06 19:02:25,F3,0.5205,OK,0
2026-04-06 19:02:35,F3,0.5203,OK,0
2026-04-06 19:02:46,F3,0.5201,OK,0
2026-04-06 19:02:56,F3,0.5199,OK,0
2026-04-06 19:03:06,F3,0.5197,OK,0
2026-04-06 19:03:16,F3,0.5195,OK,0
2026-04-06 19:03:27,F3,0.5193,OK,0
2026-04-06 19:03:37,F3,0.5191,OK,0
2026-04-06 19:03:47,F3,0.5189,OK,0
2026-04-06 19:03:57,F3,0.5187,OK,0
2026-04-06 19:04:08,F3,0.5186,OK,0
2026-04-06 19:04:18,F3,0.5184,OK,0
2026-04-06 19:04:28,F3,0.5182,OK,0
2026-04-06 19:04:38,F3,0.5180,OK,0
2026-04-06 19:04:49,F3,0.5178,OK,0
2026-04-06 19:04:59,F3,0.5176,OK,0
2026-04-06 19:05:09,F3,0.5175,OK,0
2026-04-06 19:05:19,F3,0.5173,OK,0
2026-04-06 19:05:30,F3,0.5171,OK,0
2026-04-06 19:05:40,F3,0.5169,OK,0
2026-04-06 19:05:50,F3,0.5168,OK,0
2026-04-06 19:06:00,F3,0.5166,OK,0
2026-04-06 19:06:11,F3,0.5164,OK,0
2026-04-06 19:06:21,F3,0.5163,OK,0
2026-04-06 19:06:31,F3,0.5161,OK,0
2026-04-06 19:06:41,F3,0.5160,OK,0
2026-04-06 19:06:52,F3,0.5158,OK,0
2026-04-06 19:07:02,F3,0.5156,OK,0
2026-04-06 19:07:12,F3,0.5155,OK,0
2026-04-06 19:07:23,F3,0.5153,OK,0
2026-04-06 19:07:33,F3,0.5152,OK,0
2026-04-06 19:07:43,F3,0.5150,OK,0
2026-04-06 19:07:53,F3,0.5149,OK,0
2026-04-06 19:08:04,F3,0.5147,OK,0
2026-04-06 19:08:14,F3,0.5146,OK,0
2026-04-06 19:08:24,F3,0.5145,OK,0
2026-04-06 19:08:34,F3,0.5143,OK,0
2026-04-06 19:08:45,F3,0.5142,OK,0
2026-04-06 19:08:55,F3,0.5140,OK,0
2026-04-06 19:09:05,F3,0.5139,OK,0
2026-04-06 19:09:15,F3,0.5138,OK,0
2026-04-06 19:09:26,F3,0.5137,OK,0
2026-04-06 19:09:36,F3,0.5135,OK,0
2026-04-06 19:09:46,F3,0.5134,OK,0
2026-04-06 19:09:56,F3,0.5133,OK,0
2026-04-06 19:10:07,F3,0.5132,OK,0
2026-04-06 19:10:17,F3,0.5130,OK,0
2026-04-06 19:10:27,F3,0.5129,OK,0
2026-04-06 19:10:37,F3,0.5128,OK,0
2026-04-06 19:10:48,F3,0.5127,OK,0
2026-04-06 19:10:58,F3,0.5126,OK,0
2026-04-06 19:11:08,F3,0.5125,OK,0
2026-04-06 19:11:18,F3,0.5124,OK,0
2026-04-06 19:11:29,F3,0.5122,OK,0
2026-04-06 19:11:39,F3,0.5121,OK,0
2026-04-06 19:11:49,F3,0.5120,OK,0
2026-04-06 19:11:59,F3,0.5119,OK,0
2026-04-06 19:12:10,F3,0.5118,OK,0
2026-04-06 19:12:20,F3,0.5118,OK,0
2026-04-06 19:12:30,F3,0.5117,OK,0
2026-04-06 19:12:40,F3,0.5116,OK,0
2026-04-06 19:12:51,F3,0.5115,OK,0
2026-04-06 19:13:01,F3,0.5114,OK,0
2026-04-06 19:13:11,F3,0.5113,OK,0
2026-04-06 19:13:21,F3,0.5113,OK,0
2026-04-06 19:13:31,F3,0.5112,OK,0
2026-04-06 19:13:42,F3,0.5111,OK,0
2026-04-06 19:13:52,F3,0.5111,OK,0
2026-04-06 19:14:02,F3,0.5110,OK,0
2026-04-06 19:14:12,F3,0.5109,OK,0
2026-04-06 19:14:23,F3,0.5109,OK,0
2026-04-06 19:14:33,F3,0.5108,OK,0
2026-04-06 19:14:43,F3,0.5108,OK,0
2026-04-06 19:14:53,F3,0.5107,OK,0
2026-04-06 19:15:04,F3,0.5107,OK,0
2026-04-06 19:15:14,F3,0.5107,OK,0
2026-04-06 19:15:24,F3,0.5106,OK,0
2026-04-06 19:15:34,F3,0.5106,OK,0
2026-04-06 19:15:45,F3,0.5106,OK,0
2026-04-06 19:15:55,F3,0.5105,OK,0
2026-04-06 19:16:05,F3,0.5105,OK,0
2026-04-06 19:16:15,F3,0.5105,OK,0
2026-04-06 19:16:26,F3,0.5105,OK,0
2026-04-06 19:16:36,F3,0.5105,OK,0
2026-04-06 19:16:46,F3,0.5105,OK,0
2026-04-06 19:16:56,F3,0.5104,OK,0
2026-04-06 19:17:07,F3,0.5104,OK,0
2026-04-06 19:17:17,F3,0.5104,OK,0
2026-04-06 19:17:27,F3,0.5104,OK,0
2026-04-06 19:17:37,F3,0.5104,OK,0
2026-04-06 19:17:48,F3,0.5104,OK,0
2026-04-06 19:17:58,F3,0.5104,OK,0
2026-04-06 19:18:08,F3,0.5105,OK,0
2026-04-06 19:18:18,F3,0.5105,OK,0
2026-04-06 19:18:29,F3,0.5105,OK,0
2026-04-06 19:18:39,F3,0.5105,OK,0
2026-04-06 19:18:49,F3,0.5105,OK,0
2026-04-06 19:18:59,F3,0.5105,OK,0
2026-04-06 19:19:10,F3,0.5105,OK,0
2026-04-06 19:19:20,F3,0.5106,OK,0
2026-04-06 19:19:30,F3,0.5106,OK,0
2026-04-06 19:19:40,F3,0.5106,OK,0
2026-04-06 19:19:51,F3,0.5107,OK,0
2026-04-06 19:20:01,F3,0.5107,OK,0
2026-04-06 19:20:11,F3,0.5107,OK,0
2026-04-06 19:20:21,F3,0.5107,OK,0
2026-04-06 19:20:32,F3,0.5108,OK,0
2026-04-06 19:20:42,F3,0.5108,OK,0
2026-04-06 19:20:52,F3,0.5109,OK,0
2026-04-06 19:21:02,F3,0.5109,OK,0
2026-04-06 19:21:12,F3,0.5109,OK,0
2026-04-06 19:21:23,F3,0.5110,OK,0
2026-04-06 19:21:33,F3,0.5110,OK,0
2026-04-06 19:21:43,F3,0.5111,OK,0
2026-04-06 19:21:54,F3,0.5111,OK,0
2026-04-06 19:22:04,F3,0.5112,OK,0
2026-04-06 19:22:14,F3,0.5112,OK,0
2026-04-06 19:22:24,F3,0.5113,OK,0
2026-04-06 19:22:34,F3,0.5113,OK,0
2026-04-06 19:22:45,F3,0.5114,OK,0
2026-04-06 19:22:55,F3,0.5114,OK,0
2026-04-06 19:23:05,F3,0.5115,OK,0
2026-04-06 19:23:15,F3,0.5116,OK,0
2026-04-06 19:23:26,F3,0.5116,OK,0
2026-04-06 19:23:36,F3,0.5117,OK,0
2026-04-06 19:23:46,F3,0.5117,OK,0
2026-04-06 19:23:56,F3,0.5118,OK,0
2026-04-06 19:24:07,F3,0.5118,OK,0
2026-04-06 19:24:17,F3,0.5119,OK,0
2026-04-06 19:24:27,F3,0.5120,OK,0
2026-04-06 19:24:38,F3,0.5120,OK,0
2026-04-06 19:24:48,F3,0.5121,OK,0
2026-04-06 19:24:58,F3,0.5121,OK,0
2026-04-06 19:25:08,F3,0.5122,OK,0
2026-04-06 19:25:19,F3,0.5122,OK,0
2026-04-06 19:25:29,F3,0.5123,OK,0
2026-04-06 19:25:39,F3,0.5123,OK,0
2026-04-06 19:25:49,F3,0.5124,OK,0
2026-04-06 19:26:00,F3,0.5124,OK,0
2026-04-06 19:26:10,F3,0.5125,OK,0
2026-04-06 19:26:20,F3,0.5125,OK,0
2026-04-06 19:26:30,F3,0.5125,OK,0
2026-04-06 19:26:41,F3,0.5126,OK,0
2026-04-06 19:26:51,F3,0.5126,OK,0
2026-04-06 19:27:01,F3,0.5126,OK,0
2026-04-06 19:27:11,F3,0.5127,OK,0
2026-04-06 19:27:22,F3,0.5127,OK,0
2026-04-06 19:27:32,F3,0.5127,OK,0
2026-04-06 19:27:42,F3,0.5127,OK,0
2026-04-06 19:27:52,F3,0.5128,OK,0
2026-04-06 19:28:03,F3,0.5128,OK,0
2026-04-06 19:28:13,F3,0.5128,OK,0
2026-04-06 19:28:23,F3,0.5128,OK,0
2026-04-06 19:28:33,F3,0.5128,OK,0
2026-04-06 19:28:43,F3,0.5128,OK,0
2026-04-06 19:28:54,F3,0.5128,OK,0
2026-04-06 19:29:04,F3,0.5129,OK,0
2026-04-06 19:29:14,F3,0.5129,OK,0
2026-04-06 19:29:24,F3,0.5129,OK,0
2026-04-06 19:29:35,F3,0.5129,OK,0
2026-04-06 19:29:45,F3,0.5129,OK,0
2026-04-06 19:29:55,F3,0.5128,OK,0
2026-04-06 19:30:05,F3,0.5128,OK,0
2026-04-06 19:30:16,F3,0.5128,OK,0
2026-04-06 19:30:26,F3,0.5128,OK,0
2026-04-06 19:30:36,F3,0.5128,OK,0
2026-04-06 19:30:46,F3,0.5128,OK,0
2026-04-06 19:30:57,F3,0.5128,OK,0
2026-04-06 19:31:07,F3,0.5128,OK,0
2026-04-06 19:31:17,F3,0.5127,OK,0
2026-04-06 19:31:27,F3,0.5127,OK,0
2026-04-06 19:31:38,F3,0.5127,OK,0
2026-04-06 19:31:48,F3,0.5127,OK,0
2026-04-06 19:31:58,F3,0.5127,OK,0
2026-04-06 19:32:08,F3,0.5126,OK,0
2026-04-06 19:32:19,F3,0.5126,OK,0
2026-04-06 19:32:29,F3,0.5126,OK,0
2026-04-06 19:32:39,F3,0.5126,OK,0
2026-04-06 19:32:49,F3,0.5125,OK,0
2026-04-06 19:33:00,F3,0.5125,OK,0
2026-04-06 19:33:10,F3,0.5125,OK,0
2026-04-06 19:33:20,F3,0.5125,OK,0
2026-04-06 19:33:30,F3,0.5124,OK,0
2026-04-06 19:33:41,F3,0.5124,OK,0
2026-04-06 19:33:51,F3,0.5124,OK,0
2026-04-06 19:34:01,F3,0.5124,OK,0
2026-04-06 19:34:11,F3,0.5124,OK,0
2026-04-06 19:34:21,F3,0.5123,OK,0
2026-04-06 19:34:32,F3,0.5123,OK,0
2026-04-06 19:34:42,F3,0.5123,OK,0
2026-04-06 19:34:52,F3,0.5123,OK,0
2026-04-06 19:35:02,F3,0.5123,OK,0
2026-04-06 19:35:13,F3,0.5122,OK,0
2026-04-06 19:35:23,F3,0.5122,OK,0
2026-04-06 19:35:33,F3,0.5122,OK,0
2026-04-06 19:35:43,F3,0.5122,OK,0
2026-04-06 19:35:54,F3,0.5122,OK,0
2026-04-06 19:36:04,F3,0.5122,OK,0
2026-04-06 19:36:14,F3,0.5122,OK,0
2026-04-06 19:36:24,F3,0.5122,OK,0
2026-04-06 19:36:35,F3,0.5122,OK,0
2026-04-06 19:36:45,F3,0.5122,OK,0
2026-04-06 19:36:55,F3,0.5122,OK,0
2026-04-06 19:37:05,F3,0.5122,OK,0
2026-04-06 19:37:16,F3,0.5122,OK,0
2026-04-06 19:37:26,F3,0.5122,OK,0
2026-04-06 19:37:36,F3,0.5122,OK,0
2026-04-06 19:37:46,F3,0.5122,OK,0
2026-04-06 19:37:57,F3,0.5122,OK,0
2026-04-06 19:38:07,F3,0.5122,OK,0
2026-04-06 19:38:17,F3,0.5122,OK,0
2026-04-06 19:38:27,F3,0.5122,OK,0
2026-04-06 19:38:38,F3,0.5122,OK,0
2026-04-06 19:38:48,F3,0.5122,OK,0
2026-04-06 19:38:58,F3,0.5122,OK,0
2026-04-06 19:39:08,F3,0.5122,OK,0
2026-04-06 19:39:18,F3,0.5122,OK,0
2026-04-06 19:39:29,F3,0.5122,OK,0
2026-04-06 19:39:39,F3,0.5122,OK,0
2026-04-06 19:39:49,F3,0.5122,OK,0
2026-04-06 19:39:59,F3,0.5123,OK,0
2026-04-06 19:40:10,F3,0.5123,OK,0
2026-04-06 19:40:20,F3,0.5123,OK,0
2026-04-06 19:40:30,F3,0.5123,OK,0
2026-04-06 19:40:40,F3,0.5123,OK,0
2026-04-06 19:40:51,F3,0.5123,OK,0
2026-04-06 19:41:01,F3,0.5123,OK,0
2026-04-06 19:41:11,F3,0.5124,OK,0
2026-04-06 19:41:21,F3,0.5124,OK,0
2026-04-06 19:41:32,F3,0.5124,OK,0
2026-04-06 19:41:42,F3,0.5124,OK,0
2026-04-06 19:41:52,F3,0.5125,OK,0
2026-04-06 19:42:02,F3,0.5125,OK,0
2026-04-06 19:42:13,F3,0.5125,OK,0
2026-04-06 19:42:23,F3,0.5125,OK,0
2026-04-06 19:42:33,F3,0.5126,OK,0
2026-04-06 19:42:43,F3,0.5126,OK,0
2026-04-06 19:42:54,F3,0.5127,OK,0
2026-04-06 19:43:04,F3,0.5127,OK,0
2026-04-06 19:43:14,F3,0.5127,OK,0
2026-04-06 19:43:24,F3,0.5128,OK,0
2026-04-06 19:43:35,F3,0.5128,OK,0
2026-04-06 19:43:45,F3,0.5129,OK,0
2026-04-06 19:43:55,F3,0.5129,OK,0
2026-04-06 19:44:05,F3,0.5130,OK,0
2026-04-06 19:44:16,F3,0.5131,OK,0
2026-04-06 19:44:26,F3,0.5131,OK,0
2026-04-06 19:44:36,F3,0.5132,OK,0
2026-04-06 19:44:46,F3,0.5133,OK,0
2026-04-06 19:44:57,F3,0.5133,OK,0
2026-04-06 19:45:07,F3,0.5134,OK,0
2026-04-06 19:45:17,F3,0.5135,OK,0
2026-04-06 19:45:27,F3,0.5136,OK,0
2026-04-06 19:45:38,F3,0.5136,OK,0
2026-04-06 19:45:48,F3,0.5137,OK,0
2026-04-06 19:45:58,F3,0.5138,OK,0
2026-04-06 19:46:08,F3,0.5139,OK,0
2026-04-06 19:46:19,F3,0.5140,OK,0
2026-04-06 19:46:29,F3,0.5141,OK,0
2026-04-06 19:46:39,F3,0.5142,OK,0
2026-04-06 19:46:49,F3,0.5143,OK,0
2026-04-06 19:46:59,F3,0.5144,OK,0
2026-04-06 19:47:10,F3,0.5145,OK,0
2026-04-06 19:47:20,F3,0.5146,OK,0
2026-04-06 19:47:30,F3,0.5147,OK,0
2026-04-06 19:47:40,F3,0.5148,OK,0
2026-04-06 19:47:51,F3,0.5149,OK,0
2026-04-06 19:48:01,F3,0.5150,OK,0
2026-04-06 19:48:11,F3,0.5151,OK,0
2026-04-06 19:48:21,F3,0.5153,OK,0
2026-04-06 19:48:32,F3,0.5154,OK,0
2026-04-06 19:48:42,F3,0.5155,OK,0
2026-04-06 19:48:52,F3,0.5156,OK,0
2026-04-06 19:49:02,F3,0.5158,OK,0
2026-04-06 19:49:13,F3,0.5159,OK,0
2026-04-06 19:49:23,F3,0.5160,OK,0
2026-04-06 19:49:33,F3,0.5161,OK,0
2026-04-06 19:49:43,F3,0.5163,OK,0
2026-04-06 19:49:54,F3,0.5164,OK,0
2026-04-06 19:50:04,F3,0.5165,OK,0
2026-04-06 19:50:14,F3,0.5167,OK,0
2026-04-06 19:50:24,F3,0.5168,OK,0
2026-04-06 19:50:35,F3,0.5169,OK,0
2026-04-06 19:50:45,F3,0.5171,OK,0
2026-04-06 19:50:55,F3,0.5172,OK,0
2026-04-06 19:51:05,F3,0.5174,OK,0
2026-04-06 19:51:16,F3,0.5175,OK,0
2026-04-06 19:51:26,F3,0.5177,OK,0
2026-04-06 19:51:36,F3,0.5178,OK,0
2026-04-06 19:51:46,F3,0.5179,OK,0
2026-04-06 19:51:57,F3,0.5181,OK,0
2026-04-06 19:52:07,F3,0.5182,OK,0
2026-04-06 19:52:17,F3,0.5184,OK,0
2026-04-06 19:52:27,F3,0.5185,OK,0
2026-04-06 19:52:37,F3,0.5187,OK,0
2026-04-06 19:52:48,F3,0.5188,OK,0
2026-04-06 19:52:58,F3,0.5190,OK,0
2026-04-06 19:53:08,F3,0.5191,OK,0
2026-04-06 19:53:18,F3,0.5193,OK,0
2026-04-06 19:53:29,F3,0.5194,OK,0
2026-04-06 19:53:39,F3,0.5195,OK,0
2026-04-06 19:53:49,F3,0.5197,OK,0
2026-04-06 19:53:59,F3,0.5198,OK,0
2026-04-06 19:54:10,F3,0.5200,OK,0
2026-04-06 19:54:20,F3,0.5201,OK,0
2026-04-06 19:54:30,F3,0.5202,OK,0
2026-04-06 19:54:40,F3,0.5204,OK,0
2026-04-06 19:54:51,F3,0.5205,OK,0
2026-04-06 19:55:01,F3,0.5206,OK,0
2026-04-06 19:55:11,F3,0.5208,OK,0
2026-04-06 19:55:21,F3,0.5209,OK,0
2026-04-06 19:55:32,F3,0.5210,OK,0
2026-04-06 19:55:42,F3,0.5211,OK,0
2026-04-06 19:55:52,F3,0.5213,OK,0
2026-04-06 19:56:02,F3,0.5214,OK,0
2026-04-06 19:56:13,F3,0.5215,OK,0
2026-04-06 19:56:23,F3,0.5216,OK,0
2026-04-06 19:56:33,F3,0.5217,OK,0
2026-04-06 19:56:43,F3,0.5218,OK,0
2026-04-06 19:56:54,F3,0.5219,OK,0
2026-04-06 19:57:04,F3,0.5221,OK,0
2026-04-06 19:57:14,F3,0.5222,OK,0
2026-04-06 19:57:24,F3,0.5223,OK,0
2026-04-06 19:57:35,F3,0.5224,OK,0
2026-04-06 19:57:45,F3,0.5225,OK,0
2026-04-06 19:57:55,F3,0.5226,OK,0
2026-04-06 19:58:05,F3,0.5226,OK,0
2026-04-06 19:58:16,F3,0.5227,OK,0
2026-04-06 19:58:26,F3,0.5228,OK,0
2026-04-06 19:58:36,F3,0.5229,OK,0
2026-04-06 19:58:46,F3,0.5230,OK,0
2026-04-06 19:58:57,F3,0.5231,OK,0
2026-04-06 19:59:07,F3,0.5232,OK,0
2026-04-06 19:59:17,F3,0.5232,OK,0
2026-04-06 19:59:27,F3,0.5233,OK,0
2026-04-06 19:59:37,F3,0.5234,OK,0
2026-04-06 19:59:48,F3,0.5235,OK,0
2026-04-06 19:59:58,F3,0.5235,OK,0
2026-04-06 20:00:08,F3,0.5236,OK,0
2026-04-06 20:00:18,F3,0.5237,OK,0
2026-04-06 20:00:29,F3,0.5237,OK,0
2026-04-06 20:00:39,F3,0.5238,OK,0
2026-04-06 20:00:49,F3,0.5238,OK,0
2026-04-06 20:00:59,F3,0.5239,OK,0
2026-04-06 20:01:10,F3,0.5240,OK,0
2026-04-06 20:01:20,F3,0.5240,OK,0
2026-04-06 20:01:30,F3,0.5241,OK,0
2026-04-06 20:01:40,F3,0.5241,OK,0
2026-04-06 20:01:51,F3,0.5242,OK,0
2026-04-06 20:02:01,F3,0.5242,OK,0
2026-04-06 20:02:11,F3,0.5243,OK,0
2026-04-06 20:02:21,F3,0.5243,OK,0
2026-04-06 20:02:32,F3,0.5244,OK,0
2026-04-06 20:02:42,F3,0.5244,OK,0
2026-04-06 20:02:52,F3,0.5245,OK,0
2026-04-06 20:03:02,F3,0.5246,OK,0
2026-04-06 20:03:13,F3,0.5246,OK,0
2026-04-06 20:03:23,F3,0.5247,OK,0
2026-04-06 20:03:33,F3,0.5247,OK,0
2026-04-06 20:03:43,F3,0.5248,OK,0
2026-04-06 20:03:54,F3,0.5248,OK,0
2026-04-06 20:04:04,F3,0.5249,OK,0
2026-04-06 20:04:14,F3,0.5249,OK,0
2026-04-06 20:04:24,F3,0.5250,OK,0
2026-04-06 20:04:34,F3,0.5250,OK,0
2026-04-06 20:04:45,F3,0.5251,OK,0
2026-04-06 20:04:55,F3,0.5251,OK,0
2026-04-06 20:05:05,F3,0.5252,OK,0
2026-04-06 20:05:15,F3,0.5252,OK,0
2026-04-06 20:05:26,F3,0.5253,OK,0
2026-04-06 20:05:36,F3,0.5253,OK,0
2026-04-06 20:05:46,F3,0.5254,OK,0
2026-04-06 20:05:56,F3,0.5255,OK,0
2026-04-06 20:06:07,F3,0.5255,OK,0
2026-04-06 20:06:17,F3,0.5256,OK,0
2026-04-06 20:06:27,F3,0.5256,OK,0
2026-04-06 20:06:37,F3,0.5257,OK,0
2026-04-06 20:06:48,F3,0.5257,OK,0
2026-04-06 20:06:58,F3,0.5258,OK,0
2026-04-06 20:07:08,F3,0.5258,OK,0
2026-04-06 20:07:18,F3,0.5259,OK,0
2026-04-06 20:07:29,F3,0.5259,OK,0
2026-04-06 20:07:39,F3,0.5260,OK,0
2026-04-06 20:07:49,F3,0.5260,OK,0
2026-04-06 20:07:59,F3,0.5261,OK,0
2026-04-06 20:08:10,F3,0.5261,OK,0
2026-04-06 20:08:20,F3,0.5262,OK,0
2026-04-06 20:08:30,F3,0.5263,OK,0
2026-04-06 20:08:40,F3,0.5263,OK,0
2026-04-06 20:08:51,F3,0.5264,OK,0
2026-04-06 20:09:01,F3,0.5264,OK,0
2026-04-06 20:09:11,F3,0.5265,OK,0
2026-04-06 20:09:21,F3,0.5265,OK,0
2026-04-06 20:09:31,F3,0.5266,OK,0
2026-04-06 20:09:42,F3,0.5266,OK,0
2026-04-06 20:09:52,F3,0.5267,OK,0
2026-04-06 20:10:02,F3,0.5267,OK,0
2026-04-06 20:10:13,F3,0.5268,OK,0
2026-04-06 20:10:23,F3,0.5268,OK,0
2026-04-06 20:10:33,F3,0.5269,OK,0
2026-04-06 20:10:43,F3,0.5270,OK,0
2026-04-06 20:10:54,F3,0.5270,OK,0
2026-04-06 20:11:04,F3,0.5271,OK,0
2026-04-06 20:11:14,F3,0.5271,OK,0
2026-04-06 20:11:24,F3,0.5272,OK,0
2026-04-06 20:11:35,F3,0.5273,OK,0
2026-04-06 20:11:45,F3,0.5273,OK,0
2026-04-06 20:11:55,F3,0.5274,OK,0
2026-04-06 20:12:05,F3,0.5275,OK,0
2026-04-06 20:12:15,F3,0.5275,OK,0
2026-04-06 20:12:26,F3,0.5276,OK,0
2026-04-06 20:12:36,F3,0.5277,OK,0
2026-04-06 20:12:46,F3,0.5278,OK,0
2026-04-06 20:12:56,F3,0.5278,OK,0
2026-04-06 20:13:07,F3,0.5279,OK,0
2026-04-06 20:13:17,F3,0.5280,OK,0
2026-04-06 20:13:27,F3,0.5281,OK,0
2026-04-06 20:13:37,F3,0.5282,OK,0
2026-04-06 20:13:48,F3,0.5283,OK,0
2026-04-06 20:13:58,F3,0.5283,OK,0
2026-04-06 20:14:08,F3,0.5284,OK,0
2026-04-06 20:14:18,F3,0.5285,OK,0
2026-04-06 20:14:29,F3,0.5286,OK,0
2026-04-06 20:14:39,F3,0.5287,OK,0
2026-04-06 20:14:49,F3,0.5288,OK,0
2026-04-06 20:14:59,F3,0.5289,OK,0
2026-04-06 20:15:10,F3,0.5290,OK,0
2026-04-06 20:15:20,F3,0.5291,OK,0
2026-04-06 20:15:30,F3,0.5292,OK,0
2026-04-06 20:15:40,F3,0.5293,OK,0
2026-04-06 20:15:51,F3,0.5294,OK,0
2026-04-06 20:16:01,F3,0.5295,OK,0
2026-04-06 20:16:11,F3,0.5296,OK,0
2026-04-06 20:16:21,F3,0.5297,OK,0
2026-04-06 20:16:31,F3,0.5299,OK,0
2026-04-06 20:16:42,F3,0.5300,OK,0
2026-04-06 20:16:52,F3,0.5301,OK,0
2026-04-06 20:17:02,F3,0.5302,OK,0
2026-04-06 20:17:12,F3,0.5303,OK,0
2026-04-06 20:17:23,F3,0.5304,OK,0
2026-04-06 20:17:33,F3,0.5305,OK,0
2026-04-06 20:17:43,F3,0.5306,OK,0
2026-04-06 20:17:53,F3,0.5308,OK,0
2026-04-06 20:18:04,F3,0.5309,OK,0
2026-04-06 20:18:14,F3,0.5310,OK,0
2026-04-06 20:18:24,F3,0.5311,OK,0
2026-04-06 20:18:34,F3,0.5312,OK,0
2026-04-06 20:18:45,F3,0.5313,OK,0
2026-04-06 20:18:55,F3,0.5314,OK,0
2026-04-06 20:19:05,F3,0.5316,OK,0
2026-04-06 20:19:15,F3,0.5317,OK,0
2026-04-06 20:19:26,F3,0.5318,OK,0
2026-04-06 20:19:36,F3,0.5319,OK,0
2026-04-06 20:19:46,F3,0.5320,OK,0
2026-04-06 20:19:56,F3,0.5321,OK,0
2026-04-06 20:20:07,F3,0.5322,OK,0
2026-04-06 20:20:17,F3,0.5323,OK,0
2026-04-06 20:20:27,F3,0.5324,OK,0
2026-04-06 20:20:37,F3,0.5325,OK,0
2026-04-06 20:20:48,F3,0.5326,OK,0
2026-04-06 20:20:58,F3,0.5327,OK,0
2026-04-06 20:21:08,F3,0.5328,OK,0
2026-04-06 20:21:18,F3,0.5329,OK,0
2026-04-06 20:21:29,F3,0.5330,OK,0
2026-04-06 20:21:39,F3,0.5331,OK,0
2026-04-06 20:21:49,F3,0.5332,OK,0
2026-04-06 20:21:59,F3,0.5333,OK,0
2026-04-06 20:22:09,F3,0.5334,OK,0
2026-04-06 20:22:20,F3,0.5335,OK,0
2026-04-06 20:22:30,F3,0.5335,OK,0
2026-04-06 20:22:40,F3,0.5336,OK,0
2026-04-06 20:22:50,F3,0.5337,OK,0
2026-04-06 20:23:01,F3,0.5338,OK,0
2026-04-06 20:23:11,F3,0.5338,OK,0
2026-04-06 20:23:21,F3,0.5339,OK,0
2026-04-06 20:23:31,F3,0.5340,OK,0
2026-04-06 20:23:42,F3,0.5340,OK,0
2026-04-06 20:23:52,F3,0.5341,OK,0
2026-04-06 20:24:02,F3,0.5342,OK,0
2026-04-06 20:24:12,F3,0.5342,OK,0
2026-04-06 20:24:23,F3,0.5343,OK,0
2026-04-06 20:24:33,F3,0.5343,OK,0
2026-04-06 20:24:43,F3,0.5344,OK,0
2026-04-06 20:24:53,F3,0.5344,OK,0
2026-04-06 20:25:04,F3,0.5345,OK,0
2026-04-06 20:25:14,F3,0.5345,OK,0
2026-04-06 20:25:24,F3,0.5346,OK,0
2026-04-06 20:25:34,F3,0.5346,OK,0
2026-04-06 20:25:45,F3,0.5347,OK,0
2026-04-06 20:25:55,F3,0.5347,OK,0
2026-04-06 20:26:05,F3,0.5347,OK,0
2026-04-06 20:26:15,F3,0.5348,OK,0
2026-04-06 20:26:26,F3,0.5348,OK,0
2026-04-06 20:26:36,F3,0.5348,OK,0
2026-04-06 20:26:46,F3,0.5349,OK,0
2026-04-06 20:26:56,F3,0.5349,OK,0
2026-04-06 20:27:07,F3,0.5349,OK,0
2026-04-06 20:27:17,F3,0.5350,OK,0
2026-04-06 20:27:27,F3,0.5350,OK,0
2026-04-06 20:27:37,F3,0.5350,OK,0
2026-04-06 20:27:48,F3,0.5350,OK,0
2026-04-06 20:27:58,F3,0.5351,OK,0
2026-04-06 20:28:08,F3,0.5351,OK,0
2026-04-06 20:28:19,F3,0.5351,OK,0
2026-04-06 20:28:29,F3,0.5351,OK,0
2026-04-06 20:28:39,F3,0.5352,OK,0
2026-04-06 20:28:49,F3,0.5352,OK,0
2026-04-06 20:29:00,F3,0.5352,OK,0
2026-04-06 20:29:10,F3,0.5352,OK,0
2026-04-06 20:29:20,F3,0.5353,OK,0
2026-04-06 20:29:30,F3,0.5353,OK,0
2026-04-06 20:29:41,F3,0.5353,OK,0
2026-04-06 20:29:51,F3,0.5353,OK,0
2026-04-06 20:30:01,F3,0.5354,OK,0
2026-04-06 20:30:11,F3,0.5354,OK,0
2026-04-06 20:30:22,F3,0.5354,OK,0
2026-04-06 20:30:32,F3,0.5355,OK,0
2026-04-06 20:30:42,F3,0.5355,OK,0
2026-04-06 20:30:52,F3,0.5355,OK,0
2026-04-06 20:31:03,F3,0.5355,OK,0
2026-04-06 20:31:13,F3,0.5356,OK,0
2026-04-06 20:31:23,F3,0.5356,OK,0
2026-04-06 20:31:33,F3,0.5356,OK,0
2026-04-06 20:31:44,F3,0.5357,OK,0
2026-04-06 20:31:54,F3,0.5357,OK,0
2026-04-06 20:32:04,F3,0.5358,OK,0
2026-04-06 20:32:14,F3,0.5358,OK,0
2026-04-06 20:32:25,F3,0.5358,OK,0
2026-04-06 20:32:35,F3,0.5359,OK,0
2026-04-06 20:32:45,F3,0.5359,OK,0
2026-04-06 20:32:55,F3,0.5359,OK,0
2026-04-06 20:33:06,F3,0.5360,OK,0
2026-04-06 20:33:16,F3,0.5360,OK,0
2026-04-06 20:33:26,F3,0.5361,OK,0
2026-04-06 20:33:36,F3,0.5361,OK,0
2026-04-06 20:33:46,F3,0.5362,OK,0
2026-04-06 20:33:57,F3,0.5362,OK,0
2026-04-06 20:34:07,F3,0.5362,OK,0
2026-04-06 20:34:17,F3,0.5363,OK,0
2026-04-06 20:34:27,F3,0.5363,OK,0
2026-04-06 20:34:38,F3,0.5364,OK,0
2026-04-06 20:34:48,F3,0.5364,OK,0
2026-04-06 20:34:58,F3,0.5365,OK,0
2026-04-06 20:35:08,F3,0.5365,OK,0
2026-04-06 20:35:19,F3,0.5366,OK,0
2026-04-06 20:35:29,F3,0.5367,OK,0
2026-04-06 20:35:39,F3,0.5367,OK,0
2026-04-06 20:35:49,F3,0.5368,OK,0
2026-04-06 20:36:00,F3,0.5368,OK,0
2026-04-06 20:36:10,F3,0.5369,OK,0
2026-04-06 20:36:20,F3,0.5370,OK,0
2026-04-06 20:36:30,F3,0.5370,OK,0
2026-04-06 20:36:41,F3,0.5371,OK,0
2026-04-06 20:36:51,F3,0.5372,OK,0
2026-04-06 20:37:01,F3,0.5373,OK,0
2026-04-06 20:37:11,F3,0.5373,OK,0
2026-04-06 20:37:22,F3,0.5374,OK,0
2026-04-06 20:37:32,F3,0.5375,OK,0
2026-04-06 20:37:42,F3,0.5376,OK,0
2026-04-06 20:37:52,F3,0.5377,OK,0
2026-04-06 20:38:03,F3,0.5378,OK,0
2026-04-06 20:38:13,F3,0.5379,OK,0
2026-04-06 20:38:23,F3,0.5380,OK,0
2026-04-06 20:38:33,F3,0.5381,OK,0
2026-04-06 20:38:44,F3,0.5382,OK,0
2026-04-06 20:38:54,F3,0.5383,OK,0
2026-04-06 20:39:04,F3,0.5384,OK,0
2026-04-06 20:39:14,F3,0.5385,OK,0
2026-04-06 20:39:25,F3,0.5386,OK,0
2026-04-06 20:39:35,F3,0.5387,OK,0
2026-04-06 20:39:45,F3,0.5388,OK,0
2026-04-06 20:39:55,F3,0.5390,OK,0
2026-04-06 20:40:05,F3,0.5391,OK,0
2026-04-06 20:40:16,F3,0.5392,OK,0
2026-04-06 20:40:26,F3,0.5393,OK,0
2026-04-06 20:40:36,F3,0.5395,OK,0
2026-04-06 20:40:46,F3,0.5396,OK,0
2026-04-06 20:40:57,F3,0.5397,OK,0
2026-04-06 20:41:07,F3,0.5398,OK,0
2026-04-06 20:41:17,F3,0.5400,OK,0
2026-04-06 20:41:27,F3,0.5401,OK,0
2026-04-06 20:41:38,F3,0.5402,OK,0
2026-04-06 20:41:48,F3,0.5404,OK,0
2026-04-06 20:41:58,F3,0.5405,OK,0
2026-04-06 20:42:08,F3,0.5407,OK,0
2026-04-06 20:42:19,F3,0.5408,OK,0
2026-04-06 20:42:29,F3,0.5410,OK,0
2026-04-06 20:42:39,F3,0.5411,OK,0
2026-04-06 20:42:50,F3,0.5413,OK,0
2026-04-06 20:43:00,F3,0.5414,OK,0
2026-04-06 20:43:10,F3,0.5416,OK,0
2026-04-06 20:43:20,F3,0.5417,OK,0
2026-04-06 20:43:30,F3,0.5419,OK,0
2026-04-06 20:43:41,F3,0.5420,OK,0
2026-04-06 20:43:51,F3,0.5422,OK,0
2026-04-06 20:44:01,F3,0.5424,OK,0
2026-04-06 20:44:11,F3,0.5426,OK,0
2026-04-06 20:44:22,F3,0.5427,OK,0
2026-04-06 20:44:32,F3,0.5429,OK,0
2026-04-06 20:44:42,F3,0.5431,OK,0
2026-04-06 20:44:52,F3,0.5433,OK,0
2026-04-06 20:45:03,F3,0.5435,OK,0
2026-04-06 20:45:13,F3,0.5436,OK,0
2026-04-06 20:45:23,F3,0.5438,OK,0
2026-04-06 20:45:33,F3,0.5440,OK,0
2026-04-06 20:45:44,F3,0.5442,OK,0
2026-04-06 20:45:54,F3,0.5444,OK,0
2026-04-06 20:46:04,F3,0.5446,OK,0
2026-04-06 20:46:14,F3,0.5448,OK,0
2026-04-06 20:46:25,F3,0.5450,OK,0
2026-04-06 20:46:35,F3,0.5452,OK,0
2026-04-06 20:46:45,F3,0.5455,OK,0
2026-04-06 20:46:55,F3,0.5457,OK,0
2026-04-06 20:47:06,F3,0.5459,OK,0
2026-04-06 20:47:16,F3,0.5461,OK,0
2026-04-06 20:47:26,F3,0.5463,OK,0
2026-04-06 20:47:36,F3,0.5465,OK,0
2026-04-06 20:47:47,F3,0.5468,OK,0
2026-04-06 20:47:57,F3,0.5470,OK,0
2026-04-06 20:48:07,F3,0.5472,OK,0
2026-04-06 20:48:17,F3,0.5474,OK,0
2026-04-06 20:48:28,F3,0.5477,OK,0
2026-04-06 20:48:38,F3,0.5479,OK,0
2026-04-06 20:48:48,F3,0.5481,OK,0
2026-04-06 20:48:58,F3,0.5484,OK,0
2026-04-06 20:49:09,F3,0.5486,OK,0
2026-04-06 20:49:19,F3,0.5488,OK,0
2026-04-06 20:49:29,F3,0.5490,OK,0
2026-04-06 20:49:39,F3,0.5493,OK,0
2026-04-06 20:49:50,F3,0.5495,OK,0
2026-04-06 20:50:00,F3,0.5497,OK,0
2026-04-06 20:50:10,F3,0.5499,OK,0
2026-04-06 20:50:20,F3,0.5501,OK,0
2026-04-06 20:50:31,F3,0.5504,OK,0
2026-04-06 20:50:41,F3,0.5506,OK,0
2026-04-06 20:50:51,F3,0.5508,OK,0
2026-04-06 20:51:01,F3,0.5510,OK,0
2026-04-06 20:51:12,F3,0.5512,OK,0
2026-04-06 20:51:22,F3,0.5514,OK,0
2026-04-06 20:51:32,F3,0.5516,OK,0
2026-04-06 20:51:42,F3,0.5518,OK,0
2026-04-06 20:51:53,F3,0.5520,OK,0
2026-04-06 20:52:03,F3,0.5522,OK,0
2026-04-06 20:52:13,F3,0.5524,OK,0
2026-04-06 20:52:23,F3,0.5526,OK,0
2026-04-06 20:52:34,F3,0.5528,OK,0
2026-04-06 20:52:44,F3,0.5530,OK,0
2026-04-06 20:52:54,F3,0.5532,OK,0
2026-04-06 20:53:04,F3,0.5534,OK,0
2026-04-06 20:53:14,F3,0.5536,OK,0
2026-04-06 20:53:25,F3,0.5538,OK,0
2026-04-06 20:53:35,F3,0.5540,OK,0
2026-04-06 20:53:45,F3,0.5542,OK,0
2026-04-06 20:53:55,F3,0.5543,OK,0
2026-04-06 20:54:06,F3,0.5545,OK,0
2026-04-06 20:54:16,F3,0.5547,OK,0
2026-04-06 20:54:26,F3,0.5549,OK,0
2026-04-06 20:54:36,F3,0.5551,OK,0
2026-04-06 20:54:47,F3,0.5552,OK,0
2026-04-06 20:54:57,F3,0.5554,OK,0
2026-04-06 20:55:07,F3,0.5556,OK,0
2026-04-06 20:55:17,F3,0.5557,OK,0
2026-04-06 20:55:28,F3,0.5559,OK,0
2026-04-06 20:55:38,F3,0.5561,OK,0
2026-04-06 20:55:48,F3,0.5562,OK,0
2026-04-06 20:55:59,F3,0.5564,OK,0
2026-04-06 20:56:09,F3,0.5565,OK,0
2026-04-06 20:56:19,F3,0.5567,OK,0
2026-04-06 20:56:30,F3,0.5568,OK,0
2026-04-06 20:56:40,F3,0.5570,OK,0
2026-04-06 20:56:50,F3,0.5571,OK,0
2026-04-06 20:57:00,F3,0.5573,OK,0
2026-04-06 20:57:11,F3,0.5574,OK,0
2026-04-06 20:57:21,F3,0.5576,OK,0
2026-04-06 20:57:31,F3,0.5577,OK,0
2026-04-06 20:57:41,F3,0.5579,OK,0
2026-04-06 20:57:52,F3,0.5580,OK,0
2026-04-06 20:58:02,F3,0.5581,OK,0
2026-04-06 20:58:12,F3,0.5583,OK,0
2026-04-06 20:58:22,F3,0.5584,OK,0
2026-04-06 20:58:33,F3,0.5585,OK,0
2026-04-06 20:58:43,F3,0.5587,OK,0
2026-04-06 20:58:53,F3,0.5588,OK,0
2026-04-06 20:59:03,F3,0.5589,OK,0
2026-04-06 20:59:13,F3,0.5591,OK,0
2026-04-06 20:59:24,F3,0.5592,OK,0
2026-04-06 20:59:34,F3,0.5593,OK,0
2026-04-06 20:59:44,F3,0.5595,OK,0
2026-04-06 20:59:54,F3,0.5596,OK,0
2026-04-06 21:00:05,F3,0.5597,OK,0
2026-04-06 21:00:15,F3,0.5599,OK,0
2026-04-06 21:00:25,F3,0.5600,OK,0
2026-04-06 21:00:35,F3,0.5601,OK,0
2026-04-06 21:00:46,F3,0.5603,OK,0
2026-04-06 21:00:56,F3,0.5604,OK,0
2026-04-06 21:01:06,F3,0.5605,OK,0
2026-04-06 21:01:16,F3,0.5606,OK,0
2026-04-06 21:01:27,F3,0.5608,OK,0
2026-04-06 21:01:37,F3,0.5609,OK,0
2026-04-06 21:01:47,F3,0.5610,OK,0
2026-04-06 21:01:57,F3,0.5612,OK,0
2026-04-06 21:02:08,F3,0.5613,OK,0
2026-04-06 21:02:18,F3,0.5614,OK,0
2026-04-06 21:02:28,F3,0.5616,OK,0
2026-04-06 21:02:38,F3,0.5617,OK,0
2026-04-06 21:02:49,F3,0.5618,OK,0
2026-04-06 21:02:59,F3,0.5620,OK,0
2026-04-06 21:03:09,F3,0.5621,OK,0
2026-04-06 21:03:19,F3,0.5622,OK,0
2026-04-06 21:03:30,F3,0.5623,OK,0
2026-04-06 21:03:40,F3,0.5625,OK,0
2026-04-06 21:03:50,F3,0.5626,OK,0
2026-04-06 21:04:00,F3,0.5627,OK,0
2026-04-06 21:04:11,F3,0.5629,OK,0
2026-04-06 21:04:21,F3,0.5630,OK,0
2026-04-06 21:04:31,F3,0.5631,OK,0
2026-04-06 21:04:41,F3,0.5633,OK,0
2026-04-06 21:04:51,F3,0.5634,OK,0
2026-04-06 21:05:02,F3,0.5635,OK,0
2026-04-06 21:05:12,F3,0.5636,OK,0
2026-04-06 21:05:22,F3,0.5638,OK,0
2026-04-06 21:05:32,F3,0.5639,OK,0
2026-04-06 21:05:43,F3,0.5640,OK,0
2026-04-06 21:05:53,F3,0.5642,OK,0
2026-04-06 21:06:03,F3,0.5643,OK,0
2026-04-06 21:06:13,F3,0.5644,OK,0
2026-04-06 21:06:24,F3,0.5646,OK,0
2026-04-06 21:06:34,F3,0.5647,OK,0
2026-04-06 21:06:44,F3,0.5648,OK,0
2026-04-06 21:06:54,F3,0.5650,OK,0
2026-04-06 21:07:05,F3,0.5651,OK,0
2026-04-06 21:07:15,F3,0.5652,OK,0
2026-04-06 21:07:25,F3,0.5654,OK,0
2026-04-06 21:07:35,F3,0.5655,OK,0
2026-04-06 21:07:46,F3,0.5656,OK,0
2026-04-06 21:07:56,F3,0.5658,OK,0
2026-04-06 21:08:06,F3,0.5659,OK,0
2026-04-06 21:08:16,F3,0.5661,OK,0
2026-04-06 21:08:27,F3,0.5662,OK,0
2026-04-06 21:08:37,F3,0.5663,OK,0
2026-04-06 21:08:47,F3,0.5665,OK,0
2026-04-06 21:08:57,F3,0.5666,OK,0
2026-04-06 21:09:08,F3,0.5668,OK,0
2026-04-06 21:09:18,F3,0.5669,OK,0
2026-04-06 21:09:28,F3,0.5671,OK,0
2026-04-06 21:09:38,F3,0.5672,OK,0
2026-04-06 21:09:48,F3,0.5673,OK,0
2026-04-06 21:09:59,F3,0.5675,OK,0
2026-04-06 21:10:09,F3,0.5676,OK,0
2026-04-06 21:10:19,F3,0.5678,OK,0
2026-04-06 21:10:29,F3,0.5679,OK,0
2026-04-06 21:10:40,F3,0.5681,OK,0
2026-04-06 21:10:50,F3,0.5682,OK,0
2026-04-06 21:11:00,F3,0.5683,OK,0
2026-04-06 21:11:10,F3,0.5685,OK,0
2026-04-06 21:11:21,F3,0.5686,OK,0
2026-04-06 21:11:31,F3,0.5687,OK,0
2026-04-06 21:11:41,F3,0.5689,OK,0
2026-04-06 21:11:51,F3,0.5690,OK,0
2026-04-06 21:12:02,F3,0.5691,OK,0
2026-04-06 21:12:12,F3,0.5692,OK,0
2026-04-06 21:12:22,F3,0.5694,OK,0
2026-04-06 21:12:32,F3,0.5695,OK,0
2026-04-06 21:12:43,F3,0.5696,OK,0
2026-04-06 21:12:53,F3,0.5697,OK,0
2026-04-06 21:13:03,F3,0.5698,OK,0
2026-04-06 21:13:13,F3,0.5699,OK,0
2026-04-06 21:13:24,F3,0.5700,OK,0
2026-04-06 21:13:34,F3,0.5701,OK,0
2026-04-06 21:13:44,F3,0.5702,OK,0
2026-04-06 21:13:54,F3,0.5703,OK,0
2026-04-06 21:14:05,F3,0.5704,OK,0
2026-04-06 21:14:15,F3,0.5705,OK,0
2026-04-06 21:14:25,F3,0.5705,OK,0
2026-04-06 21:14:35,F3,0.5706,OK,0
2026-04-06 21:14:46,F3,0.5707,OK,0
2026-04-06 21:14:56,F3,0.5708,OK,0
2026-04-06 21:15:06,F3,0.5708,OK,0
2026-04-06 21:15:16,F3,0.5709,OK,0
2026-04-06 21:15:27,F3,0.5710,OK,0
2026-04-06 21:15:37,F3,0.5711,OK,0
2026-04-06 21:15:47,F3,0.5711,OK,0
2026-04-06 21:15:57,F3,0.5712,OK,0
2026-04-06 21:16:07,F3,0.5713,OK,0
2026-04-06 21:16:18,F3,0.5713,OK,0
2026-04-06 21:16:28,F3,0.5714,OK,0
2026-04-06 21:16:38,F3,0.5714,OK,0
2026-04-06 21:16:48,F3,0.5715,OK,0
2026-04-06 21:16:59,F3,0.5716,OK,0
2026-04-06 21:17:09,F3,0.5716,OK,0
2026-04-06 21:17:19,F3,0.5717,OK,0
2026-04-06 21:17:29,F3,0.5717,OK,0
2026-04-06 21:17:40,F3,0.5718,OK,0
2026-04-06 21:17:50,F3,0.5718,OK,0
2026-04-06 21:18:00,F3,0.5719,OK,0
2026-04-06 21:18:10,F3,0.5719,OK,0
2026-04-06 21:18:21,F3,0.5720,OK,0
2026-04-06 21:18:31,F3,0.5720,OK,0
2026-04-06 21:18:41,F3,0.5721,OK,0
2026-04-06 21:18:51,F3,0.5721,OK,0
2026-04-06 21:19:02,F3,0.5721,OK,0
2026-04-06 21:19:12,F3,0.5722,OK,0
2026-04-06 21:19:22,F3,0.5722,OK,0
2026-04-06 21:19:32,F3,0.5723,OK,0
2026-04-06 21:19:43,F3,0.5723,OK,0
2026-04-06 21:19:53,F3,0.5723,OK,0
2026-04-06 21:20:03,F3,0.5724,OK,0
2026-04-06 21:20:13,F3,0.5724,OK,0
2026-04-06 21:20:24,F3,0.5724,OK,0
2026-04-06 21:20:34,F3,0.5725,OK,0
2026-04-06 21:20:44,F3,0.5725,OK,0
2026-04-06 21:20:54,F3,0.5725,OK,0
2026-04-06 21:21:05,F3,0.5725,OK,0
2026-04-06 21:21:15,F3,0.5726,OK,0
2026-04-06 21:21:25,F3,0.5726,OK,0
2026-04-06 21:21:35,F3,0.5726,OK,0
2026-04-06 21:21:46,F3,0.5726,OK,0
2026-04-06 21:21:56,F3,0.5727,OK,0
2026-04-06 21:22:06,F3,0.5727,OK,0
2026-04-06 21:22:16,F3,0.5727,OK,0
2026-04-06 21:22:26,F3,0.5727,OK,0
2026-04-06 21:22:37,F3,0.5728,OK,0
2026-04-06 21:22:47,F3,0.5728,OK,0
2026-04-06 21:22:57,F3,0.5728,OK,0
2026-04-06 21:23:07,F3,0.5728,OK,0
2026-04-06 21:23:18,F3,0.5729,OK,0
2026-04-06 21:23:28,F3,0.5729,OK,0
2026-04-06 21:23:38,F3,0.5729,OK,0
2026-04-06 21:23:48,F3,0.5729,OK,0
2026-04-06 21:23:59,F3,0.5730,OK,0
2026-04-06 21:24:09,F3,0.5730,OK,0
2026-04-06 21:24:19,F3,0.5730,OK,0
2026-04-06 21:24:29,F3,0.5730,OK,0
2026-04-06 21:24:40,F3,0.5731,OK,0
2026-04-06 21:24:50,F3,0.5731,OK,0
2026-04-06 21:25:00,F3,0.5731,OK,0
2026-04-06 21:25:10,F3,0.5732,OK,0
2026-04-06 21:25:21,F3,0.5732,OK,0
2026-04-06 21:25:31,F3,0.5732,OK,0
2026-04-06 21:25:41,F3,0.5733,OK,0
2026-04-06 21:25:51,F3,0.5733,OK,0
2026-04-06 21:26:02,F3,0.5733,OK,0
2026-04-06 21:26:12,F3,0.5734,OK,0
2026-04-06 21:26:22,F3,0.5734,OK,0
2026-04-06 21:26:32,F3,0.5734,OK,0
2026-04-06 21:26:42,F3,0.5735,OK,0
2026-04-06 21:26:53,F3,0.5735,OK,0
2026-04-06 21:27:03,F3,0.5735,OK,0
2026-04-06 21:27:13,F3,0.5736,OK,0
2026-04-06 21:27:23,F3,0.5736,OK,0
2026-04-06 21:27:34,F3,0.5737,OK,0
2026-04-06 21:27:44,F3,0.5737,OK,0
2026-04-06 21:27:54,F3,0.5737,OK,0
2026-04-06 21:28:04,F3,0.5738,OK,0
2026-04-06 21:28:15,F3,0.5738,OK,0
2026-04-06 21:28:25,F3,0.5738,OK,0
2026-04-06 21:28:35,F3,0.5739,OK,0
2026-04-06 21:28:45,F3,0.5739,OK,0
2026-04-06 21:28:56,F3,0.5740,OK,0
2026-04-06 21:29:06,F3,0.5740,OK,0
2026-04-06 21:29:16,F3,0.5740,OK,0
2026-04-06 21:29:26,F3,0.5741,OK,0
2026-04-06 21:29:37,F3,0.5741,OK,0
2026-04-06 21:29:47,F3,0.5742,OK,0
2026-04-06 21:29:57,F3,0.5742,OK,0
2026-04-06 21:30:07,F3,0.5743,OK,0
2026-04-06 21:30:18,F3,0.5743,OK,0
2026-04-06 21:30:28,F3,0.5744,OK,0
2026-04-06 21:30:38,F3,0.5744,OK,0
2026-04-06 21:30:48,F3,0.5745,OK,0
2026-04-06 21:30:59,F3,0.5745,OK,0
2026-04-06 21:31:09,F3,0.5746,OK,0
2026-04-06 21:31:19,F3,0.5746,OK,0
2026-04-06 21:31:29,F3,0.5747,OK,0
2026-04-06 21:31:40,F3,0.5747,OK,0
2026-04-06 21:31:50,F3,0.5748,OK,0
2026-04-06 21:32:00,F3,0.5749,OK,0
2026-04-06 21:32:10,F3,0.5749,OK,0
2026-04-06 21:32:21,F3,0.5750,OK,0
2026-04-06 21:32:31,F3,0.5751,OK,0
2026-04-06 21:32:41,F3,0.5751,OK,0
2026-04-06 21:32:51,F3,0.5752,OK,0
2026-04-06 21:33:02,F3,0.5753,OK,0
2026-04-06 21:33:12,F3,0.5753,OK,0
2026-04-06 21:33:22,F3,0.5754,OK,0
2026-04-06 21:33:32,F3,0.5755,OK,0
2026-04-06 21:33:43,F3,0.5756,OK,0
2026-04-06 21:33:53,F3,0.5756,OK,0
2026-04-06 21:34:03,F3,0.5757,OK,0
2026-04-06 21:34:13,F3,0.5758,OK,0
2026-04-06 21:34:23,F3,0.5759,OK,0
2026-04-06 21:34:34,F3,0.5760,OK,0
2026-04-06 21:34:44,F3,0.5760,OK,0
2026-04-06 21:34:54,F3,0.5761,OK,0
2026-04-06 21:35:04,F3,0.5762,OK,0
2026-04-06 21:35:15,F3,0.5763,OK,0
2026-04-06 21:35:25,F3,0.5764,OK,0
2026-04-06 21:35:35,F3,0.5765,OK,0
2026-04-06 21:35:45,F3,0.5766,OK,0
2026-04-06 21:35:56,F3,0.5766,OK,0
2026-04-06 21:36:06,F3,0.5767,OK,0
2026-04-06 21:36:16,F3,0.5768,OK,0
2026-04-06 21:36:26,F3,0.5769,OK,0
2026-04-06 21:36:37,F3,0.5770,OK,0
2026-04-06 21:36:47,F3,0.5771,OK,0
2026-04-06 21:36:57,F3,0.5772,OK,0
2026-04-06 21:37:07,F3,0.5773,OK,0
2026-04-06 21:37:18,F3,0.5774,OK,0
2026-04-06 21:37:28,F3,0.5775,OK,0
2026-04-06 21:37:38,F3,0.5776,OK,0
2026-04-06 21:37:48,F3,0.5777,OK,0
2026-04-06 21:37:59,F3,0.5778,OK,0
2026-04-06 21:38:09,F3,0.5779,OK,0
2026-04-06 21:38:19,F3,0.5780,OK,0
2026-04-06 21:38:29,F3,0.5781,OK,0
2026-04-06 21:38:39,F3,0.5782,OK,0
2026-04-06 21:38:50,F3,0.5783,OK,0
2026-04-06 21:39:00,F3,0.5784,OK,0
2026-04-06 21:39:10,F3,0.5785,OK,0
2026-04-06 21:39:20,F3,0.5786,OK,0
2026-04-06 21:39:31,F3,0.5787,OK,0
2026-04-06 21:39:41,F3,0.5788,OK,0
2026-04-06 21:39:51,F3,0.5789,OK,0
2026-04-06 21:40:01,F3,0.5791,OK,0
2026-04-06 21:40:12,F3,0.5792,OK,0
2026-04-06 21:40:22,F3,0.5793,OK,0
2026-04-06 21:40:32,F3,0.5794,OK,0
2026-04-06 21:40:42,F3,0.5795,OK,0
2026-04-06 21:40:53,F3,0.5796,OK,0
2026-04-06 21:41:03,F3,0.5797,OK,0
2026-04-06 21:41:13,F3,0.5798,OK,0
2026-04-06 21:41:23,F3,0.5799,OK,0
2026-04-06 21:41:34,F3,0.5800,OK,0
2026-04-06 21:41:44,F3,0.5801,OK,0
2026-04-06 21:41:54,F3,0.5802,OK,0
2026-04-06 21:42:04,F3,0.5803,OK,0
2026-04-06 21:42:15,F3,0.5804,OK,0
2026-04-06 21:42:25,F3,0.5805,OK,0
2026-04-06 21:42:35,F3,0.5806,OK,0
2026-04-06 21:42:45,F3,0.5806,OK,0
2026-04-06 21:42:55,F3,0.5807,OK,0
2026-04-06 21:43:06,F3,0.5808,OK,0
2026-04-06 21:43:16,F3,0.5809,OK,0
2026-04-06 21:43:26,F3,0.5809,OK,0
2026-04-06 21:43:36,F3,0.5810,OK,0
2026-04-06 21:43:47,F3,0.5811,OK,0
2026-04-06 21:43:57,F3,0.5811,OK,0
2026-04-06 21:44:07,F3,0.5812,OK,0
2026-04-06 21:44:17,F3,0.5812,OK,0
2026-04-06 21:44:28,F3,0.5813,OK,0
2026-04-06 21:44:38,F3,0.5813,OK,0
2026-04-06 21:44:48,F3,0.5813,OK,0
2026-04-06 21:44:58,F3,0.5814,OK,0
2026-04-06 21:45:09,F3,0.5814,OK,0
2026-04-06 21:45:19,F3,0.5814,OK,0
2026-04-06 21:45:29,F3,0.5815,OK,0
2026-04-06 21:45:39,F3,0.5815,OK,0
2026-04-06 21:45:50,F3,0.5815,OK,0
2026-04-06 21:46:00,F3,0.5815,OK,0
2026-04-06 21:46:10,F3,0.5816,OK,0
2026-04-06 21:46:20,F3,0.5816,OK,0
2026-04-06 21:46:31,F3,0.5816,OK,0
2026-04-06 21:46:41,F3,0.5816,OK,0
2026-04-06 21:46:51,F3,0.5816,OK,0
2026-04-06 21:47:01,F3,0.5816,OK,0
2026-04-06 21:47:11,F3,0.5816,OK,0
2026-04-06 21:47:22,F3,0.5816,OK,0
2026-04-06 21:47:32,F3,0.5816,OK,0
2026-04-06 21:47:42,F3,0.5816,OK,0
2026-04-06 21:47:52,F3,0.5816,OK,0
2026-04-06 21:48:03,F3,0.5816,OK,0
2026-04-06 21:48:13,F3,0.5816,OK,0
2026-04-06 21:48:23,F3,0.5816,OK,0
2026-04-06 21:48:33,F3,0.5816,OK,0
2026-04-06 21:48:44,F3,0.5816,OK,0
2026-04-06 21:48:54,F3,0.5816,OK,0
2026-04-06 21:49:04,F3,0.5816,OK,0
2026-04-06 21:49:14,F3,0.5816,OK,0
2026-04-06 21:49:25,F3,0.5815,OK,0
2026-04-06 21:49:35,F3,0.5815,OK,0
2026-04-06 21:49:45,F3,0.5815,OK,0
2026-04-06 21:49:55,F3,0.5815,OK,0
2026-04-06 21:50:06,F3,0.5815,OK,0
2026-04-06 21:50:16,F3,0.5814,OK,0
2026-04-06 21:50:26,F3,0.5814,OK,0
2026-04-06 21:50:36,F3,0.5814,OK,0
2026-04-06 21:50:47,F3,0.5814,OK,0
2026-04-06 21:50:57,F3,0.5813,OK,0
2026-04-06 21:51:07,F3,0.5813,OK,0
2026-04-06 21:51:17,F3,0.5813,OK,0
2026-04-06 21:51:28,F3,0.5812,OK,0
2026-04-06 21:51:38,F3,0.5812,OK,0
2026-04-06 21:51:48,F3,0.5812,OK,0
2026-04-06 21:51:58,F3,0.5811,OK,0
2026-04-06 21:52:08,F3,0.5811,OK,0
2026-04-06 21:52:19,F3,0.5810,OK,0
2026-04-06 21:52:29,F3,0.5810,OK,0
2026-04-06 21:52:39,F3,0.5810,OK,0
2026-04-06 21:52:49,F3,0.5809,OK,0
2026-04-06 21:53:00,F3,0.5809,OK,0
2026-04-06 21:53:10,F3,0.5809,OK,0
2026-04-06 21:53:20,F3,0.5808,OK,0
2026-04-06 21:53:30,F3,0.5808,OK,0
2026-04-06 21:53:41,F3,0.5807,OK,0
2026-04-06 21:53:51,F3,0.5807,OK,0
2026-04-06 21:54:01,F3,0.5807,OK,0
2026-04-06 21:54:11,F3,0.5806,OK,0
2026-04-06 21:54:22,F3,0.5806,OK,0
2026-04-06 21:54:32,F3,0.5805,OK,0
2026-04-06 21:54:42,F3,0.5805,OK,0
2026-04-06 21:54:52,F3,0.5805,OK,0
2026-04-06 21:55:03,F3,0.5804,OK,0
2026-04-06 21:55:13,F3,0.5804,OK,0
2026-04-06 21:55:23,F3,0.5804,OK,0
2026-04-06 21:55:33,F3,0.5803,OK,0
2026-04-06 21:55:44,F3,0.5803,OK,0
2026-04-06 21:55:54,F3,0.5803,OK,0
2026-04-06 21:56:04,F3,0.5802,OK,0
2026-04-06 21:56:14,F3,0.5802,OK,0
2026-04-06 21:56:25,F3,0.5802,OK,0
2026-04-06 21:56:35,F3,0.5802,OK,0
2026-04-06 21:56:45,F3,0.5801,OK,0
2026-04-06 21:56:55,F3,0.5801,OK,0
2026-04-06 21:57:06,F3,0.5801,OK,0
2026-04-06 21:57:16,F3,0.5800,OK,0
2026-04-06 21:57:26,F3,0.5800,OK,0
2026-04-06 21:57:36,F3,0.5800,OK,0
2026-04-06 21:57:46,F3,0.5800,OK,0
2026-04-06 21:57:57,F3,0.5799,OK,0
2026-04-06 21:58:07,F3,0.5799,OK,0
2026-04-06 21:58:17,F3,0.5799,OK,0
2026-04-06 21:58:27,F3,0.5799,OK,0
2026-04-06 21:58:38,F3,0.5798,OK,0
2026-04-06 21:58:48,F3,0.5798,OK,0
2026-04-06 21:58:58,F3,0.5798,OK,0
2026-04-06 21:59:08,F3,0.5797,OK,0
2026-04-06 21:59:19,F3,0.5797,OK,0
2026-04-06 21:59:29,F3,0.5797,OK,0
2026-04-06 21:59:39,F3,0.5797,OK,0
2026-04-06 21:59:49,F3,0.5797,OK,0
2026-04-06 22:00:00,F3,0.5796,OK,0
2026-04-06 22:00:10,F3,0.5796,OK,0
2026-04-06 22:00:20,F3,0.5796,OK,0
2026-04-06 22:00:30,F3,0.5796,OK,0
2026-04-06 22:00:41,F3,0.5796,OK,0
2026-04-06 22:00:51,F3,0.5795,OK,0
2026-04-06 22:01:01,F3,0.5795,OK,0
2026-04-06 22:01:11,F3,0.5795,OK,0
2026-04-06 22:01:22,F3,0.5795,OK,0
2026-04-06 22:01:32,F3,0.5795,OK,0
2026-04-06 22:01:42,F3,0.5795,OK,0
2026-04-06 22:01:52,F3,0.5795,OK,0
2026-04-06 22:02:03,F3,0.5795,OK,0
2026-04-06 22:02:13,F3,0.5795,OK,0
2026-04-06 22:02:23,F3,0.5795,OK,0
2026-04-06 22:02:33,F3,0.5795,OK,0
2026-04-06 22:02:44,F3,0.5795,OK,0
2026-04-06 22:02:54,F3,0.5795,OK,0
2026-04-06 22:03:04,F3,0.5795,OK,0
2026-04-06 22:03:14,F3,0.5795,OK,0
2026-04-06 22:03:25,F3,0.5795,OK,0
2026-04-06 22:03:35,F3,0.5795,OK,0
2026-04-06 22:03:45,F3,0.5795,OK,0
2026-04-06 22:03:55,F3,0.5795,OK,0
2026-04-06 22:04:06,F3,0.5795,OK,0
2026-04-06 22:04:16,F3,0.5795,OK,0
2026-04-06 22:04:26,F3,0.5796,OK,0
2026-04-06 22:04:36,F3,0.5796,OK,0
2026-04-06 22:04:46,F3,0.5796,OK,0
2026-04-06 22:04:57,F3,0.5796,OK,0
2026-04-06 22:05:07,F3,0.5797,OK,0
2026-04-06 22:05:17,F3,0.5797,OK,0
2026-04-06 22:05:28,F3,0.5797,OK,0
2026-04-06 22:05:38,F3,0.5797,OK,0
2026-04-06 22:05:48,F3,0.5798,OK,0
2026-04-06 22:05:58,F3,0.5798,OK,0
2026-04-06 22:06:09,F3,0.5798,OK,0
2026-04-06 22:06:19,F3,0.5799,OK,0
2026-04-06 22:06:29,F3,0.5799,OK,0
2026-04-06 22:06:39,F3,0.5799,OK,0
2026-04-06 22:06:50,F3,0.5800,OK,0
2026-04-06 22:07:00,F3,0.5800,OK,0
2026-04-06 22:07:10,F3,0.5800,OK,0
2026-04-06 22:07:20,F3,0.5801,OK,0
2026-04-06 22:07:31,F3,0.5801,OK,0
2026-04-06 22:07:41,F3,0.5801,OK,0
2026-04-06 22:07:51,F3,0.5802,OK,0
2026-04-06 22:08:02,F3,0.5802,OK,0
2026-04-06 22:08:12,F3,0.5802,OK,0
2026-04-06 22:08:22,F3,0.5803,OK,0
2026-04-06 22:08:32,F3,0.5803,OK,0
2026-04-06 22:08:43,F3,0.5803,OK,0
2026-04-06 22:08:53,F3,0.5804,OK,0
2026-04-06 22:09:03,F3,0.5804,OK,0
2026-04-06 22:09:13,F3,0.5804,OK,0
2026-04-06 22:09:24,F3,0.5805,OK,0
2026-04-06 22:09:34,F3,0.5805,OK,0
2026-04-06 22:09:44,F3,0.5805,OK,0
2026-04-06 22:09:54,F3,0.5805,OK,0
2026-04-06 22:10:05,F3,0.5806,OK,0
2026-04-06 22:10:15,F3,0.5806,OK,0
2026-04-06 22:10:25,F3,0.5806,OK,0
2026-04-06 22:10:35,F3,0.5806,OK,0
2026-04-06 22:10:46,F3,0.5806,OK,0
2026-04-06 22:10:56,F3,0.5807,OK,0
2026-04-06 22:11:06,F3,0.5807,OK,0
2026-04-06 22:11:16,F3,0.5807,OK,0
2026-04-06 22:11:27,F3,0.5807,OK,0
2026-04-06 22:11:37,F3,0.5807,OK,0
2026-04-06 22:11:47,F3,0.5807,OK,0
2026-04-06 22:11:57,F3,0.5807,OK,0
2026-04-06 22:12:08,F3,0.5807,OK,0
2026-04-06 22:12:18,F3,0.5807,OK,0
2026-04-06 22:12:28,F3,0.5807,OK,0
2026-04-06 22:12:38,F3,0.5807,OK,0
2026-04-06 22:12:49,F3,0.5807,OK,0
2026-04-06 22:12:59,F3,0.5807,OK,0
2026-04-06 22:13:09,F3,0.5807,OK,0
2026-04-06 22:13:19,F3,0.5807,OK,0
2026-04-06 22:13:29,F3,0.5807,OK,0
2026-04-06 22:13:40,F3,0.5807,OK,0
2026-04-06 22:13:50,F3,0.5807,OK,0
2026-04-06 22:14:00,F3,0.5806,OK,0
2026-04-06 22:14:10,F3,0.5806,OK,0
2026-04-06 22:14:21,F3,0.5806,OK,0
2026-04-06 22:14:31,F3,0.5806,OK,0
2026-04-06 22:14:41,F3,0.5806,OK,0
2026-04-06 22:14:51,F3,0.5806,OK,0
2026-04-06 22:15:02,F3,0.5805,OK,0
2026-04-06 22:15:12,F3,0.5805,OK,0
2026-04-06 22:15:22,F3,0.5805,OK,0
2026-04-06 22:15:32,F3,0.5805,OK,0
2026-04-06 22:15:43,F3,0.5804,OK,0
2026-04-06 22:15:53,F3,0.5804,OK,0
2026-04-06 22:16:03,F3,0.5804,OK,0
2026-04-06 22:16:13,F3,0.5804,OK,0
2026-04-06 22:16:24,F3,0.5803,OK,0
2026-04-06 22:16:34,F3,0.5803,OK,0
2026-04-06 22:16:44,F3,0.5803,OK,0
2026-04-06 22:16:54,F3,0.5802,OK,0
2026-04-06 22:17:05,F3,0.5802,OK,0
2026-04-06 22:17:15,F3,0.5802,OK,0
2026-04-06 22:17:25,F3,0.5802,OK,0
2026-04-06 22:17:35,F3,0.5801,OK,0
2026-04-06 22:17:46,F3,0.5801,OK,0
2026-04-06 22:17:56,F3,0.5801,OK,0
2026-04-06 22:18:06,F3,0.5801,OK,0
2026-04-06 22:18:16,F3,0.5800,OK,0
2026-04-06 22:18:27,F3,0.5800,OK,0
2026-04-06 22:18:37,F3,0.5800,OK,0
2026-04-06 22:18:47,F3,0.5800,OK,0
2026-04-06 22:18:57,F3,0.5799,OK,0
2026-04-06 22:19:07,F3,0.5799,OK,0
2026-04-06 22:19:18,F3,0.5799,OK,0
2026-04-06 22:19:28,F3,0.5799,OK,0
2026-04-06 22:19:38,F3,0.5798,OK,0
2026-04-06 22:19:48,F3,0.5798,OK,0
2026-04-06 22:19:59,F3,0.5798,OK,0
2026-04-06 22:20:09,F3,0.5798,OK,0
2026-04-06 22:20:19,F3,0.5798,OK,0
2026-04-06 22:20:30,F3,0.5797,OK,0
2026-04-06 22:20:40,F3,0.5797,OK,0
2026-04-06 22:20:50,F3,0.5797,OK,0
2026-04-06 22:21:00,F3,0.5797,OK,0
2026-04-06 22:21:11,F3,0.5797,OK,0
2026-04-06 22:21:21,F3,0.5796,OK,0
2026-04-06 22:21:31,F3,0.5796,OK,0
2026-04-06 22:21:41,F3,0.5796,OK,0
2026-04-06 22:21:51,F3,0.5796,OK,0
2026-04-06 22:22:02,F3,0.5796,OK,0
2026-04-06 22:22:12,F3,0.5795,OK,0
2026-04-06 22:22:22,F3,0.5795,OK,0
2026-04-06 22:22:32,F3,0.5795,OK,0
2026-04-06 22:22:43,F3,0.5795,OK,0
2026-04-06 22:22:53,F3,0.5795,OK,0
2026-04-06 22:23:03,F3,0.5795,OK,0
2026-04-06 22:23:13,F3,0.5794,OK,0
2026-04-06 22:23:24,F3,0.5794,OK,0
2026-04-06 22:23:34,F3,0.5794,OK,0
2026-04-06 22:23:44,F3,0.5794,OK,0
2026-04-06 22:23:54,F3,0.5794,OK,0
2026-04-06 22:24:05,F3,0.5794,OK,0
2026-04-06 22:24:15,F3,0.5794,OK,0
2026-04-06 22:24:25,F3,0.5794,OK,0
2026-04-06 22:24:35,F3,0.5793,OK,0
2026-04-06 22:24:46,F3,0.5793,OK,0
2026-04-06 22:24:56,F3,0.5793,OK,0
2026-04-06 22:25:06,F3,0.5793,OK,0
2026-04-06 22:25:16,F3,0.5793,OK,0
2026-04-06 22:25:27,F3,0.5793,OK,0
2026-04-06 22:25:37,F3,0.5793,OK,0
2026-04-06 22:25:47,F3,0.5793,OK,0
2026-04-06 22:25:57,F3,0.5794,OK,0
2026-04-06 22:26:07,F3,0.5794,OK,0
2026-04-06 22:26:18,F3,0.5794,OK,0
2026-04-06 22:26:28,F3,0.5794,OK,0
2026-04-06 22:26:38,F3,0.5794,OK,0
2026-04-06 22:26:48,F3,0.5794,OK,0
2026-04-06 22:26:59,F3,0.5794,OK,0
2026-04-06 22:27:09,F3,0.5794,OK,0
2026-04-06 22:27:19,F3,0.5795,OK,0
2026-04-06 22:27:29,F3,0.5795,OK,0
2026-04-06 22:27:40,F3,0.5795,OK,0
2026-04-06 22:27:50,F3,0.5795,OK,0
2026-04-06 22:28:00,F3,0.5796,OK,0
2026-04-06 22:28:10,F3,0.5796,OK,0
2026-04-06 22:28:21,F3,0.5796,OK,0
2026-04-06 22:28:31,F3,0.5796,OK,0
2026-04-06 22:28:41,F3,0.5797,OK,0
2026-04-06 22:28:51,F3,0.5797,OK,0
2026-04-06 22:29:02,F3,0.5797,OK,0
2026-04-06 22:29:12,F3,0.5798,OK,0
2026-04-06 22:29:22,F3,0.5798,OK,0
2026-04-06 22:29:32,F3,0.5798,OK,0
2026-04-06 22:29:43,F3,0.5799,OK,0
2026-04-06 22:29:53,F3,0.5799,OK,0
2026-04-06 22:30:03,F3,0.5799,OK,0
2026-04-06 22:30:13,F3,0.5800,OK,0
2026-04-06 22:30:24,F3,0.5800,OK,0
2026-04-06 22:30:34,F3,0.5801,OK,0
2026-04-06 22:30:44,F3,0.5801,OK,0
2026-04-06 22:30:54,F3,0.5802,OK,0
2026-04-06 22:31:05,F3,0.5802,OK,0
2026-04-06 22:31:15,F3,0.5803,OK,0
2026-04-06 22:31:25,F3,0.5803,OK,0
2026-04-06 22:31:35,F3,0.5804,OK,0
2026-04-06 22:31:45,F3,0.5804,OK,0
2026-04-06 22:31:56,F3,0.5805,OK,0
2026-04-06 22:32:06,F3,0.5805,OK,0
2026-04-06 22:32:16,F3,0.5806,OK,0
2026-04-06 22:32:26,F3,0.5806,OK,0
2026-04-06 22:32:37,F3,0.5807,OK,0
2026-04-06 22:32:47,F3,0.5807,OK,0
2026-04-06 22:32:57,F3,0.5808,OK,0
2026-04-06 22:33:07,F3,0.5809,OK,0
2026-04-06 22:33:18,F3,0.5809,OK,0
2026-04-06 22:33:28,F3,0.5810,OK,0
2026-04-06 22:33:38,F3,0.5810,OK,0
2026-04-06 22:33:48,F3,0.5811,OK,0
2026-04-06 22:33:59,F3,0.5811,OK,0
2026-04-06 22:34:09,F3,0.5812,OK,0
2026-04-06 22:34:19,F3,0.5812,OK,0
2026-04-06 22:34:29,F3,0.5813,OK,0
2026-04-06 22:34:40,F3,0.5813,OK,0
2026-04-06 22:34:50,F3,0.5814,OK,0
2026-04-06 22:35:00,F3,0.5814,OK,0
2026-04-06 22:35:10,F3,0.5815,OK,0
2026-04-06 22:35:21,F3,0.5815,OK,0
2026-04-06 22:35:31,F3,0.5816,OK,0
2026-04-06 22:35:41,F3,0.5816,OK,0
2026-04-06 22:35:51,F3,0.5816,OK,0
2026-04-06 22:36:01,F3,0.5817,OK,0
2026-04-06 22:36:12,F3,0.5817,OK,0
2026-04-06 22:36:22,F3,0.5817,OK,0
2026-04-06 22:36:32,F3,0.5818,OK,0
2026-04-06 22:36:42,F3,0.5818,OK,0
2026-04-06 22:36:53,F3,0.5818,OK,0
2026-04-06 22:37:03,F3,0.5818,OK,0
2026-04-06 22:37:13,F3,0.5819,OK,0
2026-04-06 22:37:23,F3,0.5819,OK,0
2026-04-06 22:37:34,F3,0.5819,OK,0
2026-04-06 22:37:44,F3,0.5819,OK,0
2026-04-06 22:37:54,F3,0.5819,OK,0
2026-04-06 22:38:04,F3,0.5819,OK,0
2026-04-06 22:38:15,F3,0.5819,OK,0
2026-04-06 22:38:25,F3,0.5820,OK,0
2026-04-06 22:38:35,F3,0.5820,OK,0
2026-04-06 22:38:45,F3,0.5820,OK,0
2026-04-06 22:38:56,F3,0.5820,OK,0
2026-04-06 22:39:06,F3,0.5820,OK,0
2026-04-06 22:39:16,F3,0.5820,OK,0
2026-04-06 22:39:26,F3,0.5820,OK,0
2026-04-06 22:39:37,F3,0.5820,OK,0
2026-04-06 22:39:47,F3,0.5820,OK,0
2026-04-06 22:39:57,F3,0.5820,OK,0
2026-04-06 22:40:07,F3,0.5820,OK,0
2026-04-06 22:40:18,F3,0.5820,OK,0
2026-04-06 22:40:28,F3,0.5820,OK,0
2026-04-06 22:40:38,F3,0.5820,OK,0
2026-04-06 22:40:48,F3,0.5820,OK,0
2026-04-06 22:40:58,F3,0.5820,OK,0
2026-04-06 22:41:09,F3,0.5820,OK,0
2026-04-06 22:41:19,F3,0.5820,OK,0
2026-04-06 22:41:29,F3,0.5820,OK,0
2026-04-06 22:41:40,F3,0.5820,OK,0
2026-04-06 22:41:50,F3,0.5820,OK,0
2026-04-06 22:42:00,F3,0.5820,OK,0
2026-04-06 22:42:10,F3,0.5820,OK,0
2026-04-06 22:42:20,F3,0.5820,OK,0
2026-04-06 22:42:31,F3,0.5820,OK,0
2026-04-06 22:42:41,F3,0.5820,OK,0
2026-04-06 22:42:51,F3,0.5820,OK,0
2026-04-06 22:43:01,F3,0.5820,OK,0
2026-04-06 22:43:12,F3,0.5820,OK,0
2026-04-06 22:43:22,F3,0.5820,OK,0
2026-04-06 22:43:32,F3,0.5820,OK,0
2026-04-06 22:43:42,F3,0.5819,OK,0
2026-04-06 22:43:53,F3,0.5819,OK,0
2026-04-06 22:44:03,F3,0.5819,OK,0
2026-04-06 22:44:13,F3,0.5819,OK,0
2026-04-06 22:44:23,F3,0.5819,OK,0
2026-04-06 22:44:34,F3,0.5819,OK,0
2026-04-06 22:44:44,F3,0.5819,OK,0
2026-04-06 22:44:54,F3,0.5819,OK,0
2026-04-06 22:45:04,F3,0.5819,OK,0
2026-04-06 22:45:15,F3,0.5819,OK,0
2026-04-06 22:45:25,F3,0.5819,OK,0
2026-04-06 22:45:35,F3,0.5818,OK,0
2026-04-06 22:45:45,F3,0.5818,OK,0
2026-04-06 22:45:56,F3,0.5818,OK,0
2026-04-06 22:46:06,F3,0.5818,OK,0
2026-04-06 22:46:16,F3,0.5818,OK,0
2026-04-06 22:46:26,F3,0.5818,OK,0
2026-04-06 22:46:37,F3,0.5818,OK,0
2026-04-06 22:46:47,F3,0.5818,OK,0
2026-04-06 22:46:57,F3,0.5818,OK,0
2026-04-06 22:47:07,F3,0.5818,OK,0
2026-04-06 22:47:18,F3,0.5818,OK,0
2026-04-06 22:47:28,F3,0.5818,OK,0
2026-04-06 22:47:38,F3,0.5818,OK,0
2026-04-06 22:47:48,F3,0.5818,OK,0
2026-04-06 22:47:59,F3,0.5818,OK,0
2026-04-06 22:48:09,F3,0.5818,OK,0
2026-04-06 22:48:19,F3,0.5818,OK,0
2026-04-06 22:48:29,F3,0.5818,OK,0
2026-04-06 22:48:39,F3,0.5818,OK,0
2026-04-06 22:48:50,F3,0.5818,OK,0
2026-04-06 22:49:00,F3,0.5818,OK,0
2026-04-06 22:49:10,F3,0.5818,OK,0
2026-04-06 22:49:21,F3,0.5818,OK,0
2026-04-06 22:49:32,F3,0.5818,OK,0
2026-04-06 22:49:42,F3,0.5818,OK,0
2026-04-06 22:49:52,F3,0.5818,OK,0
2026-04-06 22:50:02,F3,0.5819,OK,0
2026-04-06 22:50:13,F3,0.5819,OK,0
2026-04-06 22:50:23,F3,0.5819,OK,0
2026-04-06 22:50:33,F3,0.5819,OK,0
2026-04-06 22:50:43,F3,0.5819,OK,0
2026-04-06 22:50:54,F3,0.5819,OK,0
2026-04-06 22:51:04,F3,0.5819,OK,0
2026-04-06 22:51:14,F3,0.5820,OK,0
2026-04-06 22:51:24,F3,0.5820,OK,0
2026-04-06 22:51:35,F3,0.5820,OK,0
2026-04-06 22:51:45,F3,0.5820,OK,0
2026-04-06 22:51:55,F3,0.5820,OK,0
2026-04-06 22:52:05,F3,0.5821,OK,0
2026-04-06 22:52:16,F3,0.5821,OK,0
2026-04-06 22:52:26,F3,0.5821,OK,0
2026-04-06 22:52:36,F3,0.5821,OK,0
2026-04-06 22:52:46,F3,0.5822,OK,0
2026-04-06 22:52:56,F3,0.5822,OK,0
2026-04-06 22:53:07,F3,0.5822,OK,0
2026-04-06 22:53:17,F3,0.5822,OK,0
2026-04-06 22:53:27,F3,0.5822,OK,0
2026-04-06 22:53:37,F3,0.5823,OK,0
2026-04-06 22:53:48,F3,0.5823,OK,0
2026-04-06 22:53:58,F3,0.5823,OK,0
2026-04-06 22:54:08,F3,0.5824,OK,0
2026-04-06 22:54:18,F3,0.5824,OK,0
2026-04-06 22:54:29,F3,0.5824,OK,0
2026-04-06 22:54:39,F3,0.5825,OK,0
2026-04-06 22:54:49,F3,0.5825,OK,0
2026-04-06 22:54:59,F3,0.5825,OK,0
2026-04-06 22:55:10,F3,0.5826,OK,0
2026-04-06 22:55:20,F3,0.5826,OK,0
2026-04-06 22:55:30,F3,0.5826,OK,0
2026-04-06 22:55:40,F3,0.5827,OK,0
2026-04-06 22:55:51,F3,0.5827,OK,0
2026-04-06 22:56:01,F3,0.5828,OK,0
2026-04-06 22:56:11,F3,0.5828,OK,0
2026-04-06 22:56:21,F3,0.5829,OK,0
2026-04-06 22:56:32,F3,0.5829,OK,0
2026-04-06 22:56:42,F3,0.5830,OK,0
2026-04-06 22:56:52,F3,0.5830,OK,0
2026-04-06 22:57:02,F3,0.5831,OK,0
2026-04-06 22:57:13,F3,0.5831,OK,0
2026-04-06 22:57:23,F3,0.5832,OK,0
2026-04-06 22:57:33,F3,0.5832,OK,0
2026-04-06 22:57:43,F3,0.5832,OK,0
2026-04-06 22:57:53,F3,0.5833,OK,0
2026-04-06 22:58:04,F3,0.5833,OK,0
2026-04-06 22:58:14,F3,0.5834,OK,0
2026-04-06 22:58:24,F3,0.5834,OK,0
2026-04-06 22:58:34,F3,0.5835,OK,0
2026-04-06 22:58:45,F3,0.5835,OK,0
2026-04-06 22:58:55,F3,0.5835,OK,0
2026-04-06 22:59:05,F3,0.5836,OK,0
2026-04-06 22:59:15,F3,0.5836,OK,0
2026-04-06 22:59:26,F3,0.5836,OK,0
2026-04-06 22:59:36,F3,0.5837,OK,0
2026-04-06 22:59:46,F3,0.5837,OK,0
2026-04-06 22:59:56,F3,0.5837,OK,0
2026-04-06 23:00:07,F3,0.5838,OK,0
2026-04-06 23:00:17,F3,0.5838,OK,0
2026-04-06 23:00:27,F3,0.5838,OK,0
2026-04-06 23:00:37,F3,0.5838,OK,0
2026-04-06 23:00:48,F3,0.5838,OK,0
2026-04-06 23:00:58,F3,0.5838,OK,0
2026-04-06 23:01:08,F3,0.5838,OK,0
2026-04-06 23:01:18,F3,0.5839,OK,0
2026-04-06 23:01:29,F3,0.5839,OK,0
2026-04-06 23:01:39,F3,0.5839,OK,0
2026-04-06 23:01:49,F3,0.5839,OK,0
2026-04-06 23:01:59,F3,0.5839,OK,0
2026-04-06 23:02:10,F3,0.5839,OK,0
2026-04-06 23:02:20,F3,0.5839,OK,0
2026-04-06 23:02:30,F3,0.5839,OK,0
2026-04-06 23:02:40,F3,0.5839,OK,0
2026-04-06 23:02:51,F3,0.5839,OK,0
2026-04-06 23:03:01,F3,0.5838,OK,0
2026-04-06 23:03:11,F3,0.5838,OK,0
2026-04-06 23:03:21,F3,0.5838,OK,0
2026-04-06 23:03:32,F3,0.5838,OK,0
2026-04-06 23:03:42,F3,0.5838,OK,0
2026-04-06 23:03:52,F3,0.5838,OK,0
2026-04-06 23:04:02,F3,0.5838,OK,0
2026-04-06 23:04:13,F3,0.5838,OK,0
2026-04-06 23:04:23,F3,0.5838,OK,0
2026-04-06 23:04:33,F3,0.5838,OK,0
2026-04-06 23:04:43,F3,0.5838,OK,0
2026-04-06 23:04:54,F3,0.5837,OK,0
2026-04-06 23:05:04,F3,0.5837,OK,0
2026-04-06 23:05:14,F3,0.5837,OK,0
2026-04-06 23:05:24,F3,0.5837,OK,0
2026-04-06 23:05:35,F3,0.5837,OK,0
2026-04-06 23:05:45,F3,0.5837,OK,0
2026-04-06 23:05:55,F3,0.5837,OK,0
2026-04-06 23:06:05,F3,0.5836,OK,0
2026-04-06 23:06:15,F3,0.5836,OK,0
2026-04-06 23:06:26,F3,0.5836,OK,0
2026-04-06 23:06:36,F3,0.5836,OK,0
2026-04-06 23:06:46,F3,0.5836,OK,0
2026-04-06 23:06:56,F3,0.5836,OK,0
2026-04-06 23:07:07,F3,0.5836,OK,0
2026-04-06 23:07:17,F3,0.5835,OK,0
2026-04-06 23:07:27,F3,0.5835,OK,0
2026-04-06 23:07:37,F3,0.5835,OK,0
2026-04-06 23:07:48,F3,0.5835,OK,0
2026-04-06 23:07:58,F3,0.5835,OK,0
2026-04-06 23:08:08,F3,0.5835,OK,0
2026-04-06 23:08:18,F3,0.5835,OK,0
2026-04-06 23:08:29,F3,0.5835,OK,0
2026-04-06 23:08:39,F3,0.5834,OK,0
2026-04-06 23:08:49,F3,0.5834,OK,0
2026-04-06 23:08:59,F3,0.5834,OK,0
2026-04-06 23:09:10,F3,0.5834,OK,0
2026-04-06 23:09:20,F3,0.5834,OK,0
2026-04-06 23:09:30,F3,0.5834,OK,0
2026-04-06 23:09:40,F3,0.5834,OK,0
2026-04-06 23:09:51,F3,0.5834,OK,0
2026-04-06 23:10:01,F3,0.5834,OK,0
2026-04-06 23:10:11,F3,0.5834,OK,0
2026-04-06 23:10:21,F3,0.5834,OK,0
2026-04-06 23:10:31,F3,0.5834,OK,0
2026-04-06 23:10:42,F3,0.5834,OK,0
2026-04-06 23:10:52,F3,0.5834,OK,0
2026-04-06 23:11:02,F3,0.5834,OK,0
2026-04-06 23:11:12,F3,0.5834,OK,0
2026-04-06 23:11:23,F3,0.5834,OK,0
2026-04-06 23:11:33,F3,0.5834,OK,0
2026-04-06 23:11:43,F3,0.5835,OK,0
2026-04-06 23:11:53,F3,0.5835,OK,0
2026-04-06 23:12:04,F3,0.5835,OK,0
2026-04-06 23:12:14,F3,0.5835,OK,0
2026-04-06 23:12:24,F3,0.5835,OK,0
2026-04-06 23:12:34,F3,0.5836,OK,0
2026-04-06 23:12:45,F3,0.5836,OK,0
2026-04-06 23:12:55,F3,0.5836,OK,0
2026-04-06 23:13:05,F3,0.5836,OK,0
2026-04-06 23:13:15,F3,0.5837,OK,0
2026-04-06 23:13:26,F3,0.5837,OK,0
2026-04-06 23:13:36,F3,0.5837,OK,0
2026-04-06 23:13:46,F3,0.5838,OK,0
2026-04-06 23:13:56,F3,0.5838,OK,0
2026-04-06 23:14:07,F3,0.5838,OK,0
2026-04-06 23:14:17,F3,0.5839,OK,0
2026-04-06 23:14:27,F3,0.5839,OK,0
2026-04-06 23:14:37,F3,0.5840,OK,0
2026-04-06 23:14:48,F3,0.5840,OK,0
2026-04-06 23:14:58,F3,0.5841,OK,0
2026-04-06 23:15:08,F3,0.5841,OK,0
2026-04-06 23:15:18,F3,0.5842,OK,0
2026-04-06 23:15:29,F3,0.5842,OK,0
2026-04-06 23:15:39,F3,0.5843,OK,0
2026-04-06 23:15:49,F3,0.5843,OK,0
2026-04-06 23:15:59,F3,0.5844,OK,0
2026-04-06 23:16:10,F3,0.5845,OK,0
2026-04-06 23:16:20,F3,0.5845,OK,0
2026-04-06 23:16:30,F3,0.5846,OK,0
2026-04-06 23:16:40,F3,0.5847,OK,0
2026-04-06 23:16:51,F3,0.5847,OK,0
2026-04-06 23:17:01,F3,0.5848,OK,0
2026-04-06 23:17:11,F3,0.5849,OK,0
2026-04-06 23:17:21,F3,0.5850,OK,0
2026-04-06 23:17:32,F3,0.5850,OK,0
2026-04-06 23:17:42,F3,0.5851,OK,0
2026-04-06 23:17:52,F3,0.5852,OK,0
2026-04-06 23:18:02,F3,0.5853,OK,0
2026-04-06 23:18:13,F3,0.5854,OK,0
2026-04-06 23:18:23,F3,0.5855,OK,0
2026-04-06 23:18:33,F3,0.5856,OK,0
2026-04-06 23:18:43,F3,0.5857,OK,0
2026-04-06 23:18:53,F3,0.5858,OK,0
2026-04-06 23:19:04,F3,0.5859,OK,0
2026-04-06 23:19:14,F3,0.5860,OK,0
2026-04-06 23:19:24,F3,0.5861,OK,0
2026-04-06 23:19:35,F3,0.5863,OK,0
2026-04-06 23:19:45,F3,0.5864,OK,0
2026-04-06 23:19:55,F3,0.5865,OK,0
2026-04-06 23:20:05,F3,0.5866,OK,0
2026-04-06 23:20:15,F3,0.5867,OK,0
2026-04-06 23:20:26,F3,0.5869,OK,0
2026-04-06 23:20:36,F3,0.5870,OK,0
2026-04-06 23:20:46,F3,0.5871,OK,0
2026-04-06 23:20:57,F3,0.5873,OK,0
2026-04-06 23:21:07,F3,0.5874,OK,0
2026-04-06 23:21:17,F3,0.5876,OK,0
2026-04-06 23:21:27,F3,0.5877,OK,0
2026-04-06 23:21:37,F3,0.5879,OK,0
2026-04-06 23:21:48,F3,0.5880,OK,0
2026-04-06 23:21:58,F3,0.5882,OK,0
2026-04-06 23:22:08,F3,0.5883,OK,0
2026-04-06 23:22:18,F3,0.5885,OK,0
2026-04-06 23:22:29,F3,0.5886,OK,0
2026-04-06 23:22:39,F3,0.5888,OK,0
2026-04-06 23:22:49,F3,0.5889,OK,0
2026-04-06 23:22:59,F3,0.5891,OK,0
2026-04-06 23:23:10,F3,0.5893,OK,0
2026-04-06 23:23:20,F3,0.5894,OK,0
2026-04-06 23:23:30,F3,0.5896,OK,0
2026-04-06 23:23:40,F3,0.5898,OK,0
2026-04-06 23:23:51,F3,0.5899,OK,0
2026-04-06 23:24:01,F3,0.5901,OK,0
2026-04-06 23:24:11,F3,0.5903,OK,0
2026-04-06 23:24:21,F3,0.5905,OK,0
2026-04-06 23:24:32,F3,0.5906,OK,0
2026-04-06 23:24:42,F3,0.5908,OK,0
2026-04-06 23:24:52,F3,0.5910,OK,0
2026-04-06 23:25:02,F3,0.5912,OK,0
2026-04-06 23:25:13,F3,0.5914,OK,0
2026-04-06 23:25:23,F3,0.5916,OK,0
2026-04-06 23:25:33,F3,0.5918,OK,0
2026-04-06 23:25:43,F3,0.5920,OK,0
2026-04-06 23:25:54,F3,0.5922,OK,0
2026-04-06 23:26:04,F3,0.5924,OK,0
2026-04-06 23:26:14,F3,0.5926,OK,0
2026-04-06 23:26:24,F3,0.5928,OK,0
2026-04-06 23:26:35,F3,0.5930,OK,0
2026-04-06 23:26:45,F3,0.5932,OK,0
2026-04-06 23:26:55,F3,0.5934,OK,0
2026-04-06 23:27:05,F3,0.5936,OK,0
2026-04-06 23:27:16,F3,0.5939,OK,0
2026-04-06 23:27:26,F3,0.5941,OK,0
2026-04-06 23:27:36,F3,0.5943,OK,0
2026-04-06 23:27:46,F3,0.5945,OK,0
2026-04-06 23:27:56,F3,0.5948,OK,0
2026-04-06 23:28:07,F3,0.5950,OK,0
2026-04-06 23:28:17,F3,0.5952,OK,0
2026-04-06 23:28:27,F3,0.5954,OK,0
2026-04-06 23:28:37,F3,0.5957,OK,0
2026-04-06 23:28:48,F3,0.5959,OK,0
2026-04-06 23:28:58,F3,0.5961,OK,0
2026-04-06 23:29:08,F3,0.5964,OK,0
2026-04-06 23:29:18,F3,0.5966,OK,0
2026-04-06 23:29:29,F3,0.5969,OK,0
2026-04-06 23:29:39,F3,0.5971,OK,0
2026-04-06 23:29:49,F3,0.5973,OK,0
2026-04-06 23:29:59,F3,0.5976,OK,0
2026-04-06 23:30:10,F3,0.5978,OK,0
2026-04-06 23:30:20,F3,0.5981,OK,0
2026-04-06 23:30:30,F3,0.5983,OK,0
2026-04-06 23:30:40,F3,0.5986,OK,0
2026-04-06 23:30:51,F3,0.5988,OK,0
2026-04-06 23:31:01,F3,0.5991,OK,0
2026-04-06 23:31:11,F3,0.5993,OK,0
2026-04-06 23:31:21,F3,0.5995,OK,0
2026-04-06 23:31:32,F3,0.5998,OK,0
2026-04-06 23:31:42,F3,0.6000,OK,0
2026-04-06 23:31:52,F3,0.6003,OK,0
2026-04-06 23:32:02,F3,0.6005,OK,0
2026-04-06 23:32:13,F3,0.6007,OK,0
2026-04-06 23:32:23,F3,0.6010,OK,0
2026-04-06 23:32:33,F3,0.6012,OK,0
2026-04-06 23:32:43,F3,0.6015,OK,0
2026-04-06 23:32:54,F3,0.6017,OK,0
2026-04-06 23:33:04,F3,0.6019,OK,0
2026-04-06 23:33:14,F3,0.6021,OK,0
2026-04-06 23:33:24,F3,0.6024,OK,0
2026-04-06 23:33:35,F3,0.6026,OK,0
2026-04-06 23:33:45,F3,0.6028,OK,0
2026-04-06 23:33:55,F3,0.6030,OK,0
2026-04-06 23:34:05,F3,0.6033,OK,0
2026-04-06 23:34:16,F3,0.6035,OK,0
2026-04-06 23:34:26,F3,0.6037,OK,0
2026-04-06 23:34:36,F3,0.6039,OK,0
2026-04-06 23:34:46,F3,0.6041,OK,0
2026-04-06 23:34:56,F3,0.6043,OK,0
2026-04-06 23:35:07,F3,0.6045,OK,0
2026-04-06 23:35:17,F3,0.6047,OK,0
2026-04-06 23:35:27,F3,0.6049,OK,0
2026-04-06 23:35:37,F3,0.6051,OK,0
2026-04-06 23:35:48,F3,0.6053,OK,0
2026-04-06 23:35:58,F3,0.6055,OK,0
2026-04-06 23:36:08,F3,0.6057,OK,0
2026-04-06 23:36:18,F3,0.6059,OK,0
2026-04-06 23:36:29,F3,0.6061,OK,0
2026-04-06 23:36:39,F3,0.6063,OK,0
2026-04-06 23:36:49,F3,0.6064,OK,0
2026-04-06 23:36:59,F3,0.6066,OK,0
2026-04-06 23:37:10,F3,0.6068,OK,0
2026-04-06 23:37:20,F3,0.6069,OK,0
2026-04-06 23:37:30,F3,0.6071,OK,0
2026-04-06 23:37:40,F3,0.6073,OK,0
2026-04-06 23:37:51,F3,0.6074,OK,0
2026-04-06 23:38:01,F3,0.6076,OK,0
2026-04-06 23:38:11,F3,0.6078,OK,0
2026-04-06 23:38:22,F3,0.6079,OK,0
2026-04-06 23:38:32,F3,0.6081,OK,0
2026-04-06 23:38:42,F3,0.6082,OK,0
2026-04-06 23:38:52,F3,0.6084,OK,0
2026-04-06 23:39:03,F3,0.6085,OK,0
2026-04-06 23:39:13,F3,0.6086,OK,0
2026-04-06 23:39:23,F3,0.6088,OK,0
2026-04-06 23:39:33,F3,0.6089,OK,0
2026-04-06 23:39:43,F3,0.6091,OK,0
2026-04-06 23:39:54,F3,0.6092,OK,0
2026-04-06 23:40:04,F3,0.6093,OK,0
2026-04-06 23:40:14,F3,0.6095,OK,0
2026-04-06 23:40:24,F3,0.6096,OK,0
2026-04-06 23:40:35,F3,0.6098,OK,0
2026-04-06 23:40:45,F3,0.6099,OK,0
2026-04-06 23:40:55,F3,0.6100,OK,0
2026-04-06 23:41:05,F3,0.6102,OK,0
2026-04-06 23:41:16,F3,0.6103,OK,0
2026-04-06 23:41:26,F3,0.6104,OK,0
2026-04-06 23:41:36,F3,0.6106,OK,0
2026-04-06 23:41:46,F3,0.6107,OK,0
2026-04-06 23:41:57,F3,0.6108,OK,0
2026-04-06 23:42:07,F3,0.6109,OK,0
2026-04-06 23:42:17,F3,0.6111,OK,0
2026-04-06 23:42:27,F3,0.6112,OK,0
2026-04-06 23:42:38,F3,0.6113,OK,0
2026-04-06 23:42:48,F3,0.6115,OK,0
2026-04-06 23:42:58,F3,0.6116,OK,0
2026-04-06 23:43:08,F3,0.6117,OK,0
2026-04-06 23:43:19,F3,0.6118,OK,0
2026-04-06 23:43:29,F3,0.6120,OK,0
2026-04-06 23:43:39,F3,0.6121,OK,0
2026-04-06 23:43:49,F3,0.6122,OK,0
2026-04-06 23:44:00,F3,0.6123,OK,0
2026-04-06 23:44:10,F3,0.6125,OK,0
2026-04-06 23:44:20,F3,0.6126,OK,0
2026-04-06 23:44:30,F3,0.6127,OK,0
2026-04-06 23:44:41,F3,0.6128,OK,0
2026-04-06 23:44:51,F3,0.6130,OK,0
2026-04-06 23:45:01,F3,0.6131,OK,0
2026-04-06 23:45:11,F3,0.6132,OK,0
2026-04-06 23:45:21,F3,0.6133,OK,0
2026-04-06 23:45:32,F3,0.6135,OK,0
2026-04-06 23:45:42,F3,0.6136,OK,0
2026-04-06 23:45:52,F3,0.6137,OK,0
2026-04-06 23:46:02,F3,0.6138,OK,0
2026-04-06 23:46:13,F3,0.6139,OK,0
2026-04-06 23:46:23,F3,0.6141,OK,0
2026-04-06 23:46:33,F3,0.6142,OK,0
2026-04-06 23:46:43,F3,0.6143,OK,0
2026-04-06 23:46:54,F3,0.6144,OK,0
2026-04-06 23:47:04,F3,0.6145,OK,0
2026-04-06 23:47:14,F3,0.6147,OK,0
2026-04-06 23:47:24,F3,0.6148,OK,0
2026-04-06 23:47:35,F3,0.6149,OK,0
2026-04-06 23:47:45,F3,0.6150,OK,0
2026-04-06 23:47:55,F3,0.6152,OK,0
2026-04-06 23:48:05,F3,0.6153,OK,0
2026-04-06 23:48:16,F3,0.6154,OK,0
2026-04-06 23:48:26,F3,0.6155,OK,0
2026-04-06 23:48:36,F3,0.6157,OK,0
2026-04-06 23:48:46,F3,0.6158,OK,0
2026-04-06 23:48:57,F3,0.6159,OK,0
2026-04-06 23:49:07,F3,0.6161,OK,0
2026-04-06 23:49:17,F3,0.6162,OK,0
2026-04-06 23:49:27,F3,0.6163,OK,0
2026-04-06 23:49:38,F3,0.6165,OK,0
2026-04-06 23:49:48,F3,0.6166,OK,0
2026-04-06 23:49:58,F3,0.6167,OK,0
2026-04-06 23:50:08,F3,0.6169,OK,0
2026-04-06 23:50:19,F3,0.6170,OK,0
2026-04-06 23:50:29,F3,0.6171,OK,0
2026-04-06 23:50:39,F3,0.6173,OK,0
2026-04-06 23:50:49,F3,0.6174,OK,0
2026-04-06 23:51:00,F3,0.6176,OK,0
2026-04-06 23:51:10,F3,0.6177,OK,0
2026-04-06 23:51:20,F3,0.6178,OK,0
2026-04-06 23:51:30,F3,0.6180,OK,0
2026-04-06 23:51:41,F3,0.6181,OK,0
2026-04-06 23:51:51,F3,0.6183,OK,0
2026-04-06 23:52:01,F3,0.6184,OK,0
2026-04-06 23:52:11,F3,0.6186,OK,0
2026-04-06 23:52:22,F3,0.6187,OK,0
2026-04-06 23:52:32,F3,0.6188,OK,0
2026-04-06 23:52:42,F3,0.6190,OK,0
2026-04-06 23:52:52,F3,0.6191,OK,0
2026-04-06 23:53:03,F3,0.6193,OK,0
2026-04-06 23:53:13,F3,0.6194,OK,0
2026-04-06 23:53:23,F3,0.6196,OK,0
2026-04-06 23:53:33,F3,0.6197,OK,0
2026-04-06 23:53:43,F3,0.6199,OK,0
2026-04-06 23:53:54,F3,0.6200,OK,0
2026-04-06 23:54:04,F3,0.6202,OK,0
2026-04-06 23:54:14,F3,0.6203,OK,0
2026-04-06 23:54:24,F3,0.6205,OK,0
2026-04-06 23:54:35,F3,0.6206,OK,0
2026-04-06 23:54:45,F3,0.6208,OK,0
2026-04-06 23:54:55,F3,0.6209,OK,0
2026-04-06 23:55:05,F3,0.6211,OK,0
2026-04-06 23:55:16,F3,0.6212,OK,0
2026-04-06 23:55:26,F3,0.6214,OK,0
2026-04-06 23:55:36,F3,0.6216,OK,0
2026-04-06 23:55:46,F3,0.6217,OK,0
2026-04-06 23:55:57,F3,0.6219,OK,0
2026-04-06 23:56:07,F3,0.6220,OK,0
2026-04-06 23:56:17,F3,0.6222,OK,0
2026-04-06 23:56:27,F3,0.6224,OK,0
2026-04-06 23:56:38,F3,0.6225,OK,0
2026-04-06 23:56:48,F3,0.6227,OK,0
2026-04-06 23:56:58,F3,0.6229,OK,0
2026-04-06 23:57:08,F3,0.6231,OK,0
2026-04-06 23:57:19,F3,0.6232,OK,0
2026-04-06 23:57:29,F3,0.6234,OK,0
2026-04-06 23:57:39,F3,0.6236,OK,0
2026-04-06 23:57:49,F3,0.6238,OK,0
2026-04-06 23:58:00,F3,0.6240,OK,0
2026-04-06 23:58:10,F3,0.6241,OK,0
2026-04-06 23:58:20,F3,0.6243,OK,0
2026-04-06 23:58:30,F3,0.6245,OK,0
2026-04-06 23:58:41,F3,0.6247,OK,0
2026-04-06 23:58:51,F3,0.6249,OK,0
2026-04-06 23:59:01,F3,0.6251,OK,0
2026-04-06 23:59:11,F3,0.6253,OK,0
2026-04-06 23:59:22,F3,0.6255,OK,0
2026-04-06 23:59:32,F3,0.6257,OK,0
2026-04-06 23:59:42,F3,0.6258,OK,0
2026-04-06 23:59:52,F3,0.6260,OK,0
2026-04-07 00:00:03,F3,0.6262,OK,0
2026-04-07 00:00:13,F3,0.6264,OK,0
2026-04-07 00:00:23,F3,0.6266,OK,0
2026-04-07 00:00:33,F3,0.6268,OK,0
2026-04-07 00:00:43,F3,0.6270,OK,0
2026-04-07 00:00:54,F3,0.6272,OK,0
2026-04-07 00:01:04,F3,0.6274,OK,0
2026-04-07 00:01:14,F3,0.6276,OK,0
2026-04-07 00:01:24,F3,0.6278,OK,0
2026-04-07 00:01:35,F3,0.6280,OK,0
2026-04-07 00:01:45,F3,0.6282,OK,0
2026-04-07 00:01:55,F3,0.6284,OK,0
2026-04-07 00:02:05,F3,0.6286,OK,0
2026-04-07 00:02:16,F3,0.6288,OK,0
2026-04-07 00:02:26,F3,0.6290,OK,0
2026-04-07 00:02:36,F3,0.6293,OK,0
2026-04-07 00:02:46,F3,0.6295,OK,0
2026-04-07 00:02:57,F3,0.6297,OK,0
2026-04-07 00:03:07,F3,0.6299,OK,0
2026-04-07 00:03:17,F3,0.6301,OK,0
2026-04-07 00:03:27,F3,0.6303,OK,0
2026-04-07 00:03:38,F3,0.6305,OK,0
2026-04-07 00:03:48,F3,0.6307,OK,0
2026-04-07 00:03:58,F3,0.6309,OK,0
2026-04-07 00:04:08,F3,0.6311,OK,0
2026-04-07 00:04:19,F3,0.6313,OK,0
2026-04-07 00:04:29,F3,0.6316,OK,0
2026-04-07 00:04:39,F3,0.6318,OK,0
2026-04-07 00:04:49,F3,0.6320,OK,0
2026-04-07 00:05:00,F3,0.6322,OK,0
2026-04-07 00:05:10,F3,0.6324,OK,0
2026-04-07 00:05:20,F3,0.6326,OK,0
2026-04-07 00:05:30,F3,0.6328,OK,0
2026-04-07 00:05:41,F3,0.6330,OK,0
2026-04-07 00:05:51,F3,0.6332,OK,0
2026-04-07 00:06:01,F3,0.6334,OK,0
2026-04-07 00:06:11,F3,0.6336,OK,0
2026-04-07 00:06:22,F3,0.6337,OK,0
2026-04-07 00:06:32,F3,0.6339,OK,0
2026-04-07 00:06:42,F3,0.6341,OK,0
2026-04-07 00:06:52,F3,0.6343,OK,0
2026-04-07 00:07:03,F3,0.6345,OK,0
2026-04-07 00:07:13,F3,0.6346,OK,0
2026-04-07 00:07:23,F3,0.6348,OK,0
2026-04-07 00:07:33,F3,0.6350,OK,0
2026-04-07 00:07:44,F3,0.6351,OK,0
2026-04-07 00:07:54,F3,0.6353,OK,0
2026-04-07 00:08:04,F3,0.6355,OK,0
2026-04-07 00:08:14,F3,0.6356,OK,0
2026-04-07 00:08:25,F3,0.6358,OK,0
2026-04-07 00:08:35,F3,0.6359,OK,0
2026-04-07 00:08:45,F3,0.6361,OK,0
2026-04-07 00:08:55,F3,0.6362,OK,0
2026-04-07 00:09:06,F3,0.6364,OK,0
2026-04-07 00:09:16,F3,0.6365,OK,0
2026-04-07 00:09:26,F3,0.6366,OK,0
2026-04-07 00:09:36,F3,0.6368,OK,0
2026-04-07 00:09:47,F3,0.6369,OK,0
2026-04-07 00:09:57,F3,0.6370,OK,0
2026-04-07 00:10:07,F3,0.6372,OK,0
2026-04-07 00:10:17,F3,0.6373,OK,0
2026-04-07 00:10:27,F3,0.6374,OK,0
2026-04-07 00:10:38,F3,0.6376,OK,0
2026-04-07 00:10:48,F3,0.6377,OK,0
2026-04-07 00:10:58,F3,0.6378,OK,0
2026-04-07 00:11:09,F3,0.6379,OK,0
2026-04-07 00:11:19,F3,0.6380,OK,0
2026-04-07 00:11:29,F3,0.6382,OK,0
2026-04-07 00:11:39,F3,0.6383,OK,0
2026-04-07 00:11:50,F3,0.6384,OK,0
2026-04-07 00:12:00,F3,0.6385,OK,0
2026-04-07 00:12:10,F3,0.6386,OK,0
2026-04-07 00:12:20,F3,0.6387,OK,0
2026-04-07 00:12:31,F3,0.6388,OK,0
2026-04-07 00:12:41,F3,0.6390,OK,0
2026-04-07 00:12:51,F3,0.6391,OK,0
2026-04-07 00:13:01,F3,0.6392,OK,0
2026-04-07 00:13:12,F3,0.6393,OK,0
2026-04-07 00:13:22,F3,0.6394,OK,0
2026-04-07 00:13:32,F3,0.6395,OK,0
2026-04-07 00:13:42,F3,0.6396,OK,0
2026-04-07 00:13:53,F3,0.6397,OK,0
2026-04-07 00:14:03,F3,0.6398,OK,0
2026-04-07 00:14:13,F3,0.6399,OK,0
2026-04-07 00:14:23,F3,0.6400,OK,0
2026-04-07 00:14:34,F3,0.6401,OK,0
2026-04-07 00:14:44,F3,0.6402,OK,0
2026-04-07 00:14:54,F3,0.6403,OK,0
2026-04-07 00:15:04,F3,0.6404,OK,0
2026-04-07 00:15:14,F3,0.6404,OK,0
2026-04-07 00:15:25,F3,0.6405,OK,0
2026-04-07 00:15:35,F3,0.6406,OK,0
2026-04-07 00:15:45,F3,0.6407,OK,0
2026-04-07 00:15:55,F3,0.6408,OK,0
2026-04-07 00:16:06,F3,0.6409,OK,0
2026-04-07 00:16:16,F3,0.6410,OK,0
2026-04-07 00:16:26,F3,0.6410,OK,0
2026-04-07 00:16:36,F3,0.6411,OK,0
2026-04-07 00:16:47,F3,0.6412,OK,0
2026-04-07 00:16:57,F3,0.6413,OK,0
2026-04-07 00:17:07,F3,0.6414,OK,0
2026-04-07 00:17:17,F3,0.6415,OK,0
2026-04-07 00:17:28,F3,0.6415,OK,0
2026-04-07 00:17:38,F3,0.6416,OK,0
2026-04-07 00:17:48,F3,0.6417,OK,0
2026-04-07 00:17:58,F3,0.6418,OK,0
2026-04-07 00:18:09,F3,0.6419,OK,0
2026-04-07 00:18:19,F3,0.6419,OK,0
2026-04-07 00:18:29,F3,0.6420,OK,0
2026-04-07 00:18:39,F3,0.6421,OK,0
2026-04-07 00:18:50,F3,0.6422,OK,0
2026-04-07 00:19:00,F3,0.6423,OK,0
2026-04-07 00:19:10,F3,0.6424,OK,0
2026-04-07 00:19:20,F3,0.6425,OK,0
2026-04-07 00:19:31,F3,0.6425,OK,0
2026-04-07 00:19:41,F3,0.6426,OK,0
2026-04-07 00:19:51,F3,0.6427,OK,0
2026-04-07 00:20:01,F3,0.6428,OK,0
2026-04-07 00:20:12,F3,0.6429,OK,0
2026-04-07 00:20:22,F3,0.6430,OK,0
2026-04-07 00:20:32,F3,0.6431,OK,0
2026-04-07 00:20:42,F3,0.6432,OK,0
2026-04-07 00:20:53,F3,0.6433,OK,0
2026-04-07 00:21:03,F3,0.6434,OK,0
2026-04-07 00:21:13,F3,0.6434,OK,0
2026-04-07 00:21:23,F3,0.6435,OK,0
2026-04-07 00:21:34,F3,0.6436,OK,0
2026-04-07 00:21:44,F3,0.6437,OK,0
2026-04-07 00:21:54,F3,0.6438,OK,0
2026-04-07 00:22:04,F3,0.6439,OK,0
2026-04-07 00:22:15,F3,0.6440,OK,0
2026-04-07 00:22:25,F3,0.6441,OK,0
2026-04-07 00:22:35,F3,0.6442,OK,0
2026-04-07 00:22:45,F3,0.6443,OK,0
2026-04-07 00:22:56,F3,0.6444,OK,0
2026-04-07 00:23:06,F3,0.6445,OK,0
2026-04-07 00:23:16,F3,0.6445,OK,0
2026-04-07 00:23:26,F3,0.6446,OK,0
2026-04-07 00:23:36,F3,0.6447,OK,0
2026-04-07 00:23:47,F3,0.6448,OK,0
2026-04-07 00:23:57,F3,0.6449,OK,0
2026-04-07 00:24:07,F3,0.6450,OK,0
2026-04-07 00:24:17,F3,0.6451,OK,0
2026-04-07 00:24:28,F3,0.6452,OK,0
2026-04-07 00:24:38,F3,0.6453,OK,0
2026-04-07 00:24:48,F3,0.6454,OK,0
2026-04-07 00:24:58,F3,0.6455,OK,0
2026-04-07 00:25:09,F3,0.6456,OK,0
2026-04-07 00:25:19,F3,0.6457,OK,0
2026-04-07 00:25:29,F3,0.6458,OK,0
2026-04-07 00:25:39,F3,0.6459,OK,0
2026-04-07 00:25:50,F3,0.6460,OK,0
2026-04-07 00:26:00,F3,0.6461,OK,0
2026-04-07 00:26:10,F3,0.6462,OK,0
2026-04-07 00:26:20,F3,0.6463,OK,0
2026-04-07 00:26:31,F3,0.6464,OK,0
2026-04-07 00:26:41,F3,0.6465,OK,0
2026-04-07 00:26:51,F3,0.6466,OK,0
2026-04-07 00:27:01,F3,0.6467,OK,0
2026-04-07 00:27:12,F3,0.6468,OK,0
2026-04-07 00:27:22,F3,0.6469,OK,0
2026-04-07 00:27:32,F3,0.6470,OK,0
2026-04-07 00:27:42,F3,0.6471,OK,0
2026-04-07 00:27:53,F3,0.6472,OK,0
2026-04-07 00:28:03,F3,0.6473,OK,0
2026-04-07 00:28:13,F3,0.6475,OK,0
2026-04-07 00:28:23,F3,0.6476,OK,0
2026-04-07 00:28:34,F3,0.6477,OK,0
2026-04-07 00:28:44,F3,0.6478,OK,0
2026-04-07 00:28:54,F3,0.6479,OK,0
2026-04-07 00:29:04,F3,0.6480,OK,0
2026-04-07 00:29:14,F3,0.6481,OK,0
2026-04-07 00:29:25,F3,0.6483,OK,0
2026-04-07 00:29:35,F3,0.6484,OK,0
2026-04-07 00:29:45,F3,0.6485,OK,0
2026-04-07 00:29:55,F3,0.6486,OK,0
2026-04-07 00:30:06,F3,0.6487,OK,0
2026-04-07 00:30:16,F3,0.6489,OK,0
2026-04-07 00:30:26,F3,0.6490,OK,0
2026-04-07 00:30:36,F3,0.6491,OK,0
2026-04-07 00:30:47,F3,0.6492,OK,0
2026-04-07 00:30:57,F3,0.6493,OK,0
2026-04-07 00:31:07,F3,0.6494,OK,0
2026-04-07 00:31:18,F3,0.6496,OK,0
2026-04-07 00:31:28,F3,0.6497,OK,0
2026-04-07 00:31:38,F3,0.6498,OK,0
2026-04-07 00:31:48,F3,0.6499,OK,0
2026-04-07 00:31:58,F3,0.6501,OK,0
2026-04-07 00:32:09,F3,0.6502,OK,0
2026-04-07 00:32:19,F3,0.6503,OK,0
2026-04-07 00:32:29,F3,0.6504,OK,0
2026-04-07 00:32:39,F3,0.6506,OK,0
2026-04-07 00:32:50,F3,0.6507,OK,0
2026-04-07 00:33:00,F3,0.6508,OK,0
2026-04-07 00:33:10,F3,0.6509,OK,0
2026-04-07 00:33:20,F3,0.6511,OK,0
2026-04-07 00:33:31,F3,0.6512,OK,0
2026-04-07 00:33:41,F3,0.6513,OK,0
2026-04-07 00:33:51,F3,0.6515,OK,0
2026-04-07 00:34:01,F3,0.6516,OK,0
2026-04-07 00:34:12,F3,0.6518,OK,0
2026-04-07 00:34:22,F3,0.6519,OK,0
2026-04-07 00:34:32,F3,0.6520,OK,0
2026-04-07 00:34:42,F3,0.6522,OK,0
2026-04-07 00:34:53,F3,0.6523,OK,0
2026-04-07 00:35:03,F3,0.6525,OK,0
2026-04-07 00:35:13,F3,0.6526,OK,0
2026-04-07 00:35:23,F3,0.6527,OK,0
2026-04-07 00:35:34,F3,0.6529,OK,0
2026-04-07 00:35:44,F3,0.6530,OK,0
2026-04-07 00:35:54,F3,0.6532,OK,0
2026-04-07 00:36:04,F3,0.6533,OK,0
2026-04-07 00:36:15,F3,0.6535,OK,0
2026-04-07 00:36:25,F3,0.6536,OK,0
2026-04-07 00:36:35,F3,0.6537,OK,0
2026-04-07 00:36:45,F3,0.6539,OK,0
2026-04-07 00:36:56,F3,0.6540,OK,0
2026-04-07 00:37:06,F3,0.6541,OK,0
2026-04-07 00:37:16,F3,0.6543,OK,0
2026-04-07 00:37:26,F3,0.6544,OK,0
2026-04-07 00:37:37,F3,0.6545,OK,0
2026-04-07 00:37:47,F3,0.6547,OK,0
2026-04-07 00:37:57,F3,0.6548,OK,0
2026-04-07 00:38:07,F3,0.6549,OK,0
2026-04-07 00:38:18,F3,0.6550,OK,0
2026-04-07 00:38:28,F3,0.6551,OK,0
2026-04-07 00:38:38,F3,0.6552,OK,0
2026-04-07 00:38:48,F3,0.6553,OK,0
2026-04-07 00:38:59,F3,0.6554,OK,0
2026-04-07 00:39:09,F3,0.6555,OK,0
2026-04-07 00:39:19,F3,0.6556,OK,0
2026-04-07 00:39:29,F3,0.6557,OK,0
2026-04-07 00:39:40,F3,0.6558,OK,0
2026-04-07 00:39:50,F3,0.6559,OK,0
2026-04-07 00:40:00,F3,0.6560,OK,0
2026-04-07 00:40:10,F3,0.6561,OK,0
2026-04-07 00:40:21,F3,0.6562,OK,0
2026-04-07 00:40:31,F3,0.6563,OK,0
2026-04-07 00:40:41,F3,0.6563,OK,0
2026-04-07 00:40:51,F3,0.6564,OK,0
2026-04-07 00:41:02,F3,0.6565,OK,0
2026-04-07 00:41:12,F3,0.6566,OK,0
2026-04-07 00:41:22,F3,0.6566,OK,0
2026-04-07 00:41:32,F3,0.6567,OK,0
2026-04-07 00:41:42,F3,0.6568,OK,0
2026-04-07 00:41:53,F3,0.6568,OK,0
2026-04-07 00:42:03,F3,0.6569,OK,0
2026-04-07 00:42:13,F3,0.6570,OK,0
2026-04-07 00:42:23,F3,0.6570,OK,0
2026-04-07 00:42:34,F3,0.6571,OK,0
2026-04-07 00:42:44,F3,0.6571,OK,0
2026-04-07 00:42:54,F3,0.6572,OK,0
2026-04-07 00:43:04,F3,0.6572,OK,0
2026-04-07 00:43:15,F3,0.6573,OK,0
2026-04-07 00:43:25,F3,0.6573,OK,0
2026-04-07 00:43:35,F3,0.6574,OK,0
2026-04-07 00:43:45,F3,0.6574,OK,0
2026-04-07 00:43:56,F3,0.6575,OK,0
2026-04-07 00:44:06,F3,0.6575,OK,0
2026-04-07 00:44:16,F3,0.6576,OK,0
2026-04-07 00:44:26,F3,0.6576,OK,0
2026-04-07 00:44:37,F3,0.6576,OK,0
2026-04-07 00:44:47,F3,0.6577,OK,0
2026-04-07 00:44:57,F3,0.6577,OK,0
2026-04-07 00:45:07,F3,0.6577,OK,0
2026-04-07 00:45:18,F3,0.6578,OK,0
2026-04-07 00:45:28,F3,0.6578,OK,0
2026-04-07 00:45:38,F3,0.6578,OK,0
2026-04-07 00:45:48,F3,0.6579,OK,0
2026-04-07 00:45:59,F3,0.6579,OK,0
2026-04-07 00:46:09,F3,0.6579,OK,0
2026-04-07 00:46:19,F3,0.6579,OK,0
2026-04-07 00:46:29,F3,0.6579,OK,0
2026-04-07 00:46:40,F3,0.6580,OK,0
2026-04-07 00:46:50,F3,0.6580,OK,0
2026-04-07 00:47:00,F3,0.6580,OK,0
2026-04-07 00:47:10,F3,0.6580,OK,0
2026-04-07 00:47:21,F3,0.6581,OK,0
2026-04-07 00:47:31,F3,0.6581,OK,0
2026-04-07 00:47:41,F3,0.6581,OK,0
2026-04-07 00:47:51,F3,0.6581,OK,0
2026-04-07 00:48:02,F3,0.6581,OK,0
2026-04-07 00:48:12,F3,0.6582,OK,0
2026-04-07 00:48:22,F3,0.6582,OK,0
2026-04-07 00:48:32,F3,0.6582,OK,0
2026-04-07 00:48:43,F3,0.6582,OK,0
2026-04-07 00:48:53,F3,0.6582,OK,0
2026-04-07 00:49:03,F3,0.6583,OK,0
2026-04-07 00:49:13,F3,0.6583,OK,0
2026-04-07 00:49:24,F3,0.6583,OK,0
2026-04-07 00:49:34,F3,0.6583,OK,0
2026-04-07 00:49:44,F3,0.6584,OK,0
2026-04-07 00:49:54,F3,0.6584,OK,0
2026-04-07 00:50:05,F3,0.6584,OK,0
2026-04-07 00:50:15,F3,0.6584,OK,0
2026-04-07 00:50:25,F3,0.6585,OK,0
2026-04-07 00:50:35,F3,0.6585,OK,0
2026-04-07 00:50:46,F3,0.6585,OK,0
2026-04-07 00:50:56,F3,0.6585,OK,0
2026-04-07 00:51:06,F3,0.6586,OK,0
2026-04-07 00:51:16,F3,0.6586,OK,0
2026-04-07 00:51:27,F3,0.6586,OK,0
2026-04-07 00:51:37,F3,0.6587,OK,0
2026-04-07 00:51:47,F3,0.6587,OK,0
2026-04-07 00:51:57,F3,0.6587,OK,0
2026-04-07 00:52:08,F3,0.6587,OK,0
2026-04-07 00:52:18,F3,0.6588,OK,0
2026-04-07 00:52:28,F3,0.6588,OK,0
2026-04-07 00:52:38,F3,0.6588,OK,0
2026-04-07 00:52:48,F3,0.6589,OK,0
2026-04-07 00:52:59,F3,0.6589,OK,0
2026-04-07 00:53:09,F3,0.6589,OK,0
2026-04-07 00:53:19,F3,0.6590,OK,0
2026-04-07 00:53:29,F3,0.6590,OK,0
2026-04-07 00:53:40,F3,0.6591,OK,0
2026-04-07 00:53:50,F3,0.6591,OK,0
2026-04-07 00:54:00,F3,0.6591,OK,0
2026-04-07 00:54:10,F3,0.6592,OK,0
2026-04-07 00:54:21,F3,0.6592,OK,0
2026-04-07 00:54:31,F3,0.6592,OK,0
2026-04-07 00:54:41,F3,0.6593,OK,0
2026-04-07 00:54:51,F3,0.6593,OK,0
2026-04-07 00:55:02,F3,0.6594,OK,0
2026-04-07 00:55:12,F3,0.6594,OK,0
2026-04-07 00:55:22,F3,0.6594,OK,0
2026-04-07 00:55:32,F3,0.6595,OK,0
2026-04-07 00:55:43,F3,0.6595,OK,0
2026-04-07 00:55:53,F3,0.6596,OK,0
2026-04-07 00:56:03,F3,0.6596,OK,0
2026-04-07 00:56:13,F3,0.6597,OK,0
2026-04-07 00:56:24,F3,0.6598,OK,0
2026-04-07 00:56:34,F3,0.6598,OK,0
2026-04-07 00:56:44,F3,0.6599,OK,0
2026-04-07 00:56:54,F3,0.6599,OK,0
2026-04-07 00:57:05,F3,0.6600,OK,0
2026-04-07 00:57:15,F3,0.6601,OK,0
2026-04-07 00:57:25,F3,0.6601,OK,0
2026-04-07 00:57:35,F3,0.6602,OK,0
2026-04-07 00:57:46,F3,0.6602,OK,0
2026-04-07 00:57:56,F3,0.6603,OK,0
2026-04-07 00:58:06,F3,0.6604,OK,0
2026-04-07 00:58:16,F3,0.6605,OK,0
2026-04-07 00:58:27,F3,0.6605,OK,0
2026-04-07 00:58:37,F3,0.6606,OK,0
2026-04-07 00:58:47,F3,0.6607,OK,0
2026-04-07 00:58:57,F3,0.6608,OK,0
2026-04-07 00:59:07,F3,0.6608,OK,0
2026-04-07 00:59:18,F3,0.6609,OK,0
2026-04-07 00:59:28,F3,0.6610,OK,0
2026-04-07 00:59:38,F3,0.6611,OK,0
2026-04-07 00:59:48,F3,0.6612,OK,0
2026-04-07 00:59:59,F3,0.6612,OK,0
2026-04-07 01:00:09,F3,0.6613,OK,0
2026-04-07 01:00:19,F3,0.6614,OK,0
2026-04-07 01:00:29,F3,0.6615,OK,0
2026-04-07 01:00:40,F3,0.6616,OK,0
2026-04-07 01:00:50,F3,0.6617,OK,0
2026-04-07 01:01:00,F3,0.6618,OK,0
2026-04-07 01:01:10,F3,0.6619,OK,0
2026-04-07 01:01:21,F3,0.6619,OK,0
2026-04-07 01:01:31,F3,0.6620,OK,0
2026-04-07 01:01:41,F3,0.6621,OK,0
2026-04-07 01:01:51,F3,0.6622,OK,0
2026-04-07 01:02:02,F3,0.6623,OK,0
2026-04-07 01:02:12,F3,0.6624,OK,0
2026-04-07 01:02:22,F3,0.6625,OK,0
2026-04-07 01:02:32,F3,0.6626,OK,0
2026-04-07 01:02:43,F3,0.6627,OK,0
2026-04-07 01:02:53,F3,0.6628,OK,0
2026-04-07 01:03:03,F3,0.6629,OK,0
2026-04-07 01:03:13,F3,0.6630,OK,0
2026-04-07 01:03:24,F3,0.6631,OK,0
2026-04-07 01:03:34,F3,0.6632,OK,0
2026-04-07 01:03:44,F3,0.6634,OK,0
2026-04-07 01:03:54,F3,0.6635,OK,0
2026-04-07 01:04:05,F3,0.6636,OK,0
2026-04-07 01:04:15,F3,0.6637,OK,0
2026-04-07 01:04:25,F3,0.6638,OK,0
2026-04-07 01:04:35,F3,0.6640,OK,0
2026-04-07 01:04:46,F3,0.6641,OK,0
2026-04-07 01:04:56,F3,0.6642,OK,0
2026-04-07 01:05:06,F3,0.6643,OK,0
2026-04-07 01:05:16,F3,0.6645,OK,0
2026-04-07 01:05:27,F3,0.6646,OK,0
2026-04-07 01:05:37,F3,0.6647,OK,0
2026-04-07 01:05:47,F3,0.6649,OK,0
2026-04-07 01:05:57,F3,0.6650,OK,0
2026-04-07 01:06:08,F3,0.6651,OK,0
2026-04-07 01:06:18,F3,0.6653,OK,0
2026-04-07 01:06:28,F3,0.6654,OK,0
2026-04-07 01:06:38,F3,0.6656,OK,0
2026-04-07 01:06:48,F3,0.6657,OK,0
2026-04-07 01:06:59,F3,0.6658,OK,0
2026-04-07 01:07:09,F3,0.6660,OK,0
2026-04-07 01:07:19,F3,0.6661,OK,0
2026-04-07 01:07:29,F3,0.6663,OK,0
2026-04-07 01:07:40,F3,0.6664,OK,0
2026-04-07 01:07:50,F3,0.6666,OK,0
2026-04-07 01:08:00,F3,0.6667,OK,0
2026-04-07 01:08:10,F3,0.6669,OK,0
2026-04-07 01:08:21,F3,0.6670,OK,0
2026-04-07 01:08:31,F3,0.6672,OK,0
2026-04-07 01:08:41,F3,0.6674,OK,0
2026-04-07 01:08:51,F3,0.6675,OK,0
2026-04-07 01:09:02,F3,0.6677,OK,0
2026-04-07 01:09:12,F3,0.6678,OK,0
2026-04-07 01:09:22,F3,0.6680,OK,0
2026-04-07 01:09:32,F3,0.6682,OK,0
2026-04-07 01:09:43,F3,0.6683,OK,0
2026-04-07 01:09:53,F3,0.6685,OK,0
2026-04-07 01:10:03,F3,0.6686,OK,0
2026-04-07 01:10:13,F3,0.6688,OK,0
2026-04-07 01:10:24,F3,0.6690,OK,0
2026-04-07 01:10:34,F3,0.6691,OK,0
2026-04-07 01:10:44,F3,0.6693,OK,0
2026-04-07 01:10:54,F3,0.6695,OK,0
2026-04-07 01:11:05,F3,0.6697,OK,0
2026-04-07 01:11:15,F3,0.6698,OK,0
2026-04-07 01:11:25,F3,0.6700,OK,0
2026-04-07 01:11:35,F3,0.6702,OK,0
2026-04-07 01:11:46,F3,0.6703,OK,0
2026-04-07 01:11:56,F3,0.6705,OK,0
2026-04-07 01:12:06,F3,0.6707,OK,0
2026-04-07 01:12:16,F3,0.6708,OK,0
2026-04-07 01:12:26,F3,0.6710,OK,0
2026-04-07 01:12:37,F3,0.6712,OK,0
2026-04-07 01:12:47,F3,0.6713,OK,0
2026-04-07 01:12:57,F3,0.6715,OK,0
2026-04-07 01:13:07,F3,0.6717,OK,0
2026-04-07 01:13:18,F3,0.6718,OK,0
2026-04-07 01:13:28,F3,0.6720,OK,0
2026-04-07 01:13:38,F3,0.6721,OK,0
2026-04-07 01:13:48,F3,0.6723,OK,0
2026-04-07 01:13:59,F3,0.6725,OK,0
2026-04-07 01:14:09,F3,0.6726,OK,0
2026-04-07 01:14:19,F3,0.6727,OK,0
2026-04-07 01:14:29,F3,0.6729,OK,0
2026-04-07 01:14:40,F3,0.6730,OK,0
2026-04-07 01:14:50,F3,0.6732,OK,0
2026-04-07 01:15:00,F3,0.6733,OK,0
2026-04-07 01:15:10,F3,0.6734,OK,0
2026-04-07 01:15:21,F3,0.6736,OK,0
2026-04-07 01:15:31,F3,0.6737,OK,0
2026-04-07 01:15:41,F3,0.6738,OK,0
2026-04-07 01:15:51,F3,0.6739,OK,0
2026-04-07 01:16:02,F3,0.6740,OK,0
2026-04-07 01:16:12,F3,0.6742,OK,0
2026-04-07 01:16:22,F3,0.6743,OK,0
2026-04-07 01:16:32,F3,0.6744,OK,0
2026-04-07 01:16:43,F3,0.6745,OK,0
2026-04-07 01:16:53,F3,0.6746,OK,0
2026-04-07 01:17:03,F3,0.6747,OK,0
2026-04-07 01:17:13,F3,0.6748,OK,0
2026-04-07 01:17:24,F3,0.6749,OK,0
2026-04-07 01:17:34,F3,0.6750,OK,0
2026-04-07 01:17:44,F3,0.6751,OK,0
2026-04-07 01:17:54,F3,0.6752,OK,0
2026-04-07 01:18:05,F3,0.6753,OK,0
2026-04-07 01:18:15,F3,0.6754,OK,0
2026-04-07 01:18:25,F3,0.6754,OK,0
2026-04-07 01:18:35,F3,0.6755,OK,0
2026-04-07 01:18:45,F3,0.6756,OK,0
2026-04-07 01:18:56,F3,0.6757,OK,0
2026-04-07 01:19:06,F3,0.6758,OK,0
2026-04-07 01:19:16,F3,0.6759,OK,0
2026-04-07 01:19:26,F3,0.6759,OK,0
2026-04-07 01:19:37,F3,0.6760,OK,0
2026-04-07 01:19:47,F3,0.6761,OK,0
2026-04-07 01:19:57,F3,0.6762,OK,0
2026-04-07 01:20:07,F3,0.6762,OK,0
2026-04-07 01:20:18,F3,0.6763,OK,0
2026-04-07 01:20:28,F3,0.6764,OK,0
2026-04-07 01:20:38,F3,0.6764,OK,0
2026-04-07 01:20:48,F3,0.6765,OK,0
2026-04-07 01:20:59,F3,0.6766,OK,0
2026-04-07 01:21:09,F3,0.6766,OK,0
2026-04-07 01:21:19,F3,0.6767,OK,0
2026-04-07 01:21:29,F3,0.6768,OK,0
2026-04-07 01:21:40,F3,0.6768,OK,0
2026-04-07 01:21:50,F3,0.6769,OK,0
2026-04-07 01:22:00,F3,0.6769,OK,0
2026-04-07 01:22:10,F3,0.6770,OK,0
2026-04-07 01:22:21,F3,0.6770,OK,0
2026-04-07 01:22:31,F3,0.6771,OK,0
2026-04-07 01:22:41,F3,0.6772,OK,0
2026-04-07 01:22:51,F3,0.6772,OK,0
2026-04-07 01:23:02,F3,0.6773,OK,0
2026-04-07 01:23:12,F3,0.6773,OK,0
2026-04-07 01:23:22,F3,0.6774,OK,0
2026-04-07 01:23:32,F3,0.6774,OK,0
2026-04-07 01:23:43,F3,0.6774,OK,0
2026-04-07 01:23:53,F3,0.6775,OK,0
2026-04-07 01:24:03,F3,0.6775,OK,0
2026-04-07 01:24:14,F3,0.6776,OK,0
2026-04-07 01:24:24,F3,0.6776,OK,0
2026-04-07 01:24:34,F3,0.6777,OK,0
2026-04-07 01:24:44,F3,0.6777,OK,0
2026-04-07 01:24:55,F3,0.6778,OK,0
2026-04-07 01:25:05,F3,0.6778,OK,0
2026-04-07 01:25:15,F3,0.6779,OK,0
2026-04-07 01:25:25,F3,0.6779,OK,0
2026-04-07 01:25:35,F3,0.6779,OK,0
2026-04-07 01:25:46,F3,0.6780,OK,0
2026-04-07 01:25:56,F3,0.6780,OK,0
2026-04-07 01:26:06,F3,0.6781,OK,0
2026-04-07 01:26:16,F3,0.6781,OK,0
2026-04-07 01:26:27,F3,0.6782,OK,0
2026-04-07 01:26:37,F3,0.6782,OK,0
2026-04-07 01:26:47,F3,0.6783,OK,0
2026-04-07 01:26:57,F3,0.6783,OK,0
2026-04-07 01:27:08,F3,0.6784,OK,0
2026-04-07 01:27:18,F3,0.6784,OK,0
2026-04-07 01:27:28,F3,0.6785,OK,0
2026-04-07 01:27:38,F3,0.6785,OK,0
2026-04-07 01:27:49,F3,0.6786,OK,0
2026-04-07 01:27:59,F3,0.6786,OK,0
2026-04-07 01:28:09,F3,0.6787,OK,0
2026-04-07 01:28:19,F3,0.6788,OK,0
2026-04-07 01:28:30,F3,0.6788,OK,0
2026-04-07 01:28:40,F3,0.6789,OK,0
2026-04-07 01:28:50,F3,0.6789,OK,0
2026-04-07 01:29:00,F3,0.6790,OK,0
2026-04-07 01:29:11,F3,0.6790,OK,0
2026-04-07 01:29:21,F3,0.6791,OK,0
2026-04-07 01:29:31,F3,0.6791,OK,0
2026-04-07 01:29:41,F3,0.6792,OK,0
2026-04-07 01:29:52,F3,0.6793,OK,0
2026-04-07 01:30:02,F3,0.6793,OK,0
2026-04-07 01:30:12,F3,0.6794,OK,0
2026-04-07 01:30:23,F3,0.6794,OK,0
2026-04-07 01:30:33,F3,0.6795,OK,0
2026-04-07 01:30:43,F3,0.6796,OK,0
2026-04-07 01:30:53,F3,0.6796,OK,0
2026-04-07 01:31:03,F3,0.6797,OK,0
2026-04-07 01:31:14,F3,0.6797,OK,0
2026-04-07 01:31:24,F3,0.6798,OK,0
2026-04-07 01:31:34,F3,0.6799,OK,0
2026-04-07 01:31:44,F3,0.6799,OK,0
2026-04-07 01:31:55,F3,0.6800,OK,0
2026-04-07 01:32:05,F3,0.6801,OK,0
2026-04-07 01:32:15,F3,0.6801,OK,0
2026-04-07 01:32:25,F3,0.6802,OK,0
2026-04-07 01:32:36,F3,0.6803,OK,0
2026-04-07 01:32:46,F3,0.6803,OK,0
2026-04-07 01:32:56,F3,0.6804,OK,0
2026-04-07 01:33:06,F3,0.6805,OK,0
2026-04-07 01:33:17,F3,0.6806,OK,0
2026-04-07 01:33:27,F3,0.6806,OK,0
2026-04-07 01:33:37,F3,0.6807,OK,0
2026-04-07 01:33:47,F3,0.6808,OK,0
2026-04-07 01:33:58,F3,0.6809,OK,0
2026-04-07 01:34:08,F3,0.6810,OK,0
2026-04-07 01:34:18,F3,0.6811,OK,0
2026-04-07 01:34:28,F3,0.6811,OK,0
2026-04-07 01:34:39,F3,0.6812,OK,0
2026-04-07 01:34:49,F3,0.6813,OK,0
2026-04-07 01:34:59,F3,0.6814,OK,0
2026-04-07 01:35:09,F3,0.6815,OK,0
2026-04-07 01:35:19,F3,0.6816,OK,0
2026-04-07 01:35:30,F3,0.6817,OK,0
2026-04-07 01:35:40,F3,0.6818,OK,0
2026-04-07 01:35:50,F3,0.6819,OK,0
2026-04-07 01:36:00,F3,0.6820,OK,0
2026-04-07 01:36:11,F3,0.6821,OK,0
2026-04-07 01:36:21,F3,0.6822,OK,0
2026-04-07 01:36:31,F3,0.6823,OK,0
2026-04-07 01:36:41,F3,0.6824,OK,0
2026-04-07 01:36:52,F3,0.6825,OK,0
2026-04-07 01:37:02,F3,0.6826,OK,0
2026-04-07 01:37:12,F3,0.6827,OK,0
2026-04-07 01:37:22,F3,0.6828,OK,0
2026-04-07 01:37:33,F3,0.6829,OK,0
2026-04-07 01:37:43,F3,0.6830,OK,0
2026-04-07 01:37:53,F3,0.6831,OK,0
2026-04-07 01:38:03,F3,0.6832,OK,0
2026-04-07 01:38:14,F3,0.6833,OK,0
2026-04-07 01:38:24,F3,0.6834,OK,0
2026-04-07 01:38:34,F3,0.6835,OK,0
2026-04-07 01:38:44,F3,0.6836,OK,0
2026-04-07 01:38:55,F3,0.6837,OK,0
2026-04-07 01:39:05,F3,0.6839,OK,0
2026-04-07 01:39:15,F3,0.6840,OK,0
2026-04-07 01:39:25,F3,0.6841,OK,0
2026-04-07 01:39:36,F3,0.6842,OK,0
2026-04-07 01:39:46,F3,0.6843,OK,0
2026-04-07 01:39:56,F3,0.6844,OK,0
2026-04-07 01:40:06,F3,0.6846,OK,0
2026-04-07 01:40:17,F3,0.6847,OK,0
2026-04-07 01:40:27,F3,0.6848,OK,0
2026-04-07 01:40:37,F3,0.6849,OK,0
2026-04-07 01:40:47,F3,0.6851,OK,0
2026-04-07 01:40:58,F3,0.6852,OK,0
2026-04-07 01:41:08,F3,0.6853,OK,0
2026-04-07 01:41:18,F3,0.6855,OK,0
2026-04-07 01:41:28,F3,0.6856,OK,0
2026-04-07 01:41:39,F3,0.6857,OK,0
2026-04-07 01:41:49,F3,0.6859,OK,0
2026-04-07 01:41:59,F3,0.6860,OK,0
2026-04-07 01:42:09,F3,0.6862,OK,0
2026-04-07 01:42:19,F3,0.6863,OK,0
2026-04-07 01:42:30,F3,0.6864,OK,0
2026-04-07 01:42:40,F3,0.6866,OK,0
2026-04-07 01:42:50,F3,0.6867,OK,0
2026-04-07 01:43:00,F3,0.6869,OK,0
2026-04-07 01:43:11,F3,0.6870,OK,0
2026-04-07 01:43:21,F3,0.6872,OK,0
2026-04-07 01:43:31,F3,0.6873,OK,0
2026-04-07 01:43:41,F3,0.6875,OK,0
2026-04-07 01:43:52,F3,0.6876,OK,0
2026-04-07 01:44:02,F3,0.6878,OK,0
2026-04-07 01:44:12,F3,0.6879,OK,0
2026-04-07 01:44:22,F3,0.6881,OK,0
2026-04-07 01:44:33,F3,0.6882,OK,0
2026-04-07 01:44:43,F3,0.6884,OK,0
2026-04-07 01:44:53,F3,0.6886,OK,0
2026-04-07 01:45:03,F3,0.6887,OK,0
2026-04-07 01:45:14,F3,0.6889,OK,0
2026-04-07 01:45:24,F3,0.6890,OK,0
2026-04-07 01:45:34,F3,0.6892,OK,0
2026-04-07 01:45:44,F3,0.6893,OK,0
2026-04-07 01:45:55,F3,0.6895,OK,0
2026-04-07 01:46:05,F3,0.6896,OK,0
2026-04-07 01:46:15,F3,0.6898,OK,0
2026-04-07 01:46:25,F3,0.6900,OK,0
2026-04-07 01:46:36,F3,0.6901,OK,0
2026-04-07 01:46:46,F3,0.6903,OK,0
2026-04-07 01:46:56,F3,0.6904,OK,0
2026-04-07 01:47:06,F3,0.6906,OK,0
2026-04-07 01:47:17,F3,0.6907,OK,0
2026-04-07 01:47:27,F3,0.6909,OK,0
2026-04-07 01:47:37,F3,0.6910,OK,0
2026-04-07 01:47:47,F3,0.6912,OK,0
2026-04-07 01:47:58,F3,0.6913,OK,0
2026-04-07 01:48:08,F3,0.6915,OK,0
2026-04-07 01:48:18,F3,0.6916,OK,0
2026-04-07 01:48:28,F3,0.6918,OK,0
2026-04-07 01:48:39,F3,0.6919,OK,0
2026-04-07 01:48:49,F3,0.6921,OK,0
2026-04-07 01:48:59,F3,0.6922,OK,0
2026-04-07 01:49:09,F3,0.6923,OK,0
2026-04-07 01:49:20,F3,0.6925,OK,0
2026-04-07 01:49:30,F3,0.6926,OK,0
2026-04-07 01:49:40,F3,0.6927,OK,0
2026-04-07 01:49:50,F3,0.6929,OK,0
2026-04-07 01:50:01,F3,0.6930,OK,0
2026-04-07 01:50:11,F3,0.6931,OK,0
2026-04-07 01:50:21,F3,0.6932,OK,0
2026-04-07 01:50:31,F3,0.6934,OK,0
2026-04-07 01:50:42,F3,0.6935,OK,0
2026-04-07 01:50:52,F3,0.6936,OK,0
2026-04-07 01:51:02,F3,0.6937,OK,0
2026-04-07 01:51:12,F3,0.6938,OK,0
2026-04-07 01:51:23,F3,0.6939,OK,0
2026-04-07 01:51:33,F3,0.6940,OK,0
2026-04-07 01:51:43,F3,0.6941,OK,0
2026-04-07 01:51:53,F3,0.6942,OK,0
2026-04-07 01:52:04,F3,0.6943,OK,0
2026-04-07 01:52:14,F3,0.6944,OK,0
2026-04-07 01:52:24,F3,0.6945,OK,0
2026-04-07 01:52:34,F3,0.6946,OK,0
2026-04-07 01:52:45,F3,0.6947,OK,0
2026-04-07 01:52:55,F3,0.6948,OK,0
2026-04-07 01:53:05,F3,0.6949,OK,0
2026-04-07 01:53:15,F3,0.6950,OK,0
2026-04-07 01:53:26,F3,0.6951,OK,0
2026-04-07 01:53:36,F3,0.6952,OK,0
2026-04-07 01:53:46,F3,0.6952,OK,0
2026-04-07 01:53:56,F3,0.6953,OK,0
2026-04-07 01:54:07,F3,0.6954,OK,0
2026-04-07 01:54:17,F3,0.6955,OK,0
2026-04-07 01:54:27,F3,0.6956,OK,0
2026-04-07 01:54:37,F3,0.6956,OK,0
2026-04-07 01:54:47,F3,0.6957,OK,0
2026-04-07 01:54:58,F3,0.6958,OK,0
2026-04-07 01:55:08,F3,0.6959,OK,0
2026-04-07 01:55:18,F3,0.6960,OK,0
2026-04-07 01:55:28,F3,0.6960,OK,0
2026-04-07 01:55:39,F3,0.6961,OK,0
2026-04-07 01:55:49,F3,0.6962,OK,0
2026-04-07 01:55:59,F3,0.6963,OK,0
2026-04-07 01:56:09,F3,0.6963,OK,0
2026-04-07 01:56:20,F3,0.6964,OK,0
2026-04-07 01:56:30,F3,0.6965,OK,0
2026-04-07 01:56:40,F3,0.6966,OK,0
2026-04-07 01:56:50,F3,0.6966,OK,0
2026-04-07 01:57:01,F3,0.6967,OK,0
2026-04-07 01:57:11,F3,0.6968,OK,0
2026-04-07 01:57:21,F3,0.6969,OK,0
2026-04-07 01:57:31,F3,0.6969,OK,0
2026-04-07 01:57:42,F3,0.6970,OK,0
2026-04-07 01:57:52,F3,0.6971,OK,0
2026-04-07 01:58:02,F3,0.6972,OK,0
2026-04-07 01:58:12,F3,0.6972,OK,0
2026-04-07 01:58:23,F3,0.6973,OK,0
2026-04-07 01:58:33,F3,0.6974,OK,0
2026-04-07 01:58:43,F3,0.6975,OK,0
2026-04-07 01:58:53,F3,0.6975,OK,0
2026-04-07 01:59:04,F3,0.6976,OK,0
2026-04-07 01:59:14,F3,0.6977,OK,0
2026-04-07 01:59:24,F3,0.6978,OK,0
2026-04-07 01:59:34,F3,0.6978,OK,0
2026-04-07 01:59:45,F3,0.6979,OK,0
2026-04-07 01:59:55,F3,0.6980,OK,0
2026-04-07 02:00:05,F3,0.6980,OK,0
2026-04-07 02:00:15,F3,0.6981,OK,0
2026-04-07 02:00:26,F3,0.6982,OK,0
2026-04-07 02:00:36,F3,0.6983,OK,0
2026-04-07 02:00:46,F3,0.6983,OK,0
2026-04-07 02:00:56,F3,0.6984,OK,0
2026-04-07 02:01:07,F3,0.6985,OK,0
2026-04-07 02:01:17,F3,0.6986,OK,0
2026-04-07 02:01:27,F3,0.6987,OK,0
2026-04-07 02:01:37,F3,0.6987,OK,0
2026-04-07 02:01:48,F3,0.6988,OK,0
2026-04-07 02:01:58,F3,0.6989,OK,0
2026-04-07 02:02:08,F3,0.6990,OK,0
2026-04-07 02:02:18,F3,0.6991,OK,0
2026-04-07 02:02:28,F3,0.6991,OK,0
2026-04-07 02:02:39,F3,0.6992,OK,0
2026-04-07 02:02:49,F3,0.6993,OK,0
2026-04-07 02:02:59,F3,0.6994,OK,0
2026-04-07 02:03:09,F3,0.6995,OK,0
2026-04-07 02:03:20,F3,0.6996,OK,0
2026-04-07 02:03:30,F3,0.6997,OK,0
2026-04-07 02:03:40,F3,0.6998,OK,0
2026-04-07 02:03:50,F3,0.6999,OK,0
2026-04-07 02:04:01,F3,0.7000,OK,0
2026-04-07 02:04:11,F3,0.7001,OK,0
2026-04-07 02:04:21,F3,0.7002,OK,0
2026-04-07 02:04:31,F3,0.7003,OK,0
2026-04-07 02:04:42,F3,0.7004,OK,0
2026-04-07 02:04:52,F3,0.7005,OK,0
2026-04-07 02:05:02,F3,0.7006,OK,0
2026-04-07 02:05:12,F3,0.7007,OK,0
2026-04-07 02:05:23,F3,0.7008,OK,0
2026-04-07 02:05:33,F3,0.7009,OK,0
2026-04-07 02:05:43,F3,0.7010,OK,0
2026-04-07 02:05:53,F3,0.7011,OK,0
2026-04-07 02:06:04,F3,0.7012,OK,0
2026-04-07 02:06:14,F3,0.7013,OK,0
2026-04-07 02:06:24,F3,0.7015,OK,0
2026-04-07 02:06:34,F3,0.7016,OK,0
2026-04-07 02:06:45,F3,0.7017,OK,0
2026-04-07 02:06:55,F3,0.7018,OK,0
2026-04-07 02:07:05,F3,0.7019,OK,0
2026-04-07 02:07:15,F3,0.7020,OK,0
2026-04-07 02:07:26,F3,0.7021,OK,0
2026-04-07 02:07:36,F3,0.7023,OK,0
2026-04-07 02:07:46,F3,0.7024,OK,0
2026-04-07 02:07:56,F3,0.7025,OK,0
2026-04-07 02:08:07,F3,0.7026,OK,0
2026-04-07 02:08:17,F3,0.7028,OK,0
2026-04-07 02:08:27,F3,0.7029,OK,0
2026-04-07 02:08:37,F3,0.7030,OK,0
2026-04-07 02:08:47,F3,0.7031,OK,0
2026-04-07 02:08:58,F3,0.7033,OK,0
2026-04-07 02:09:08,F3,0.7034,OK,0
2026-04-07 02:09:18,F3,0.7035,OK,0
2026-04-07 02:09:28,F3,0.7037,OK,0
2026-04-07 02:09:39,F3,0.7038,OK,0
2026-04-07 02:09:49,F3,0.7039,OK,0
2026-04-07 02:09:59,F3,0.7041,OK,0
2026-04-07 02:10:09,F3,0.7042,OK,0
2026-04-07 02:10:20,F3,0.7044,OK,0
2026-04-07 02:10:30,F3,0.7045,OK,0
2026-04-07 02:10:40,F3,0.7047,OK,0
2026-04-07 02:10:50,F3,0.7048,OK,0
2026-04-07 02:11:01,F3,0.7050,OK,0
2026-04-07 02:11:11,F3,0.7051,OK,0
2026-04-07 02:11:21,F3,0.7053,OK,0
2026-04-07 02:11:31,F3,0.7054,OK,0
2026-04-07 02:11:42,F3,0.7056,OK,0
2026-04-07 02:11:52,F3,0.7058,OK,0
2026-04-07 02:12:02,F3,0.7059,OK,0
2026-04-07 02:12:12,F3,0.7061,OK,0
2026-04-07 02:12:23,F3,0.7063,OK,0
2026-04-07 02:12:33,F3,0.7064,OK,0
2026-04-07 02:12:43,F3,0.7066,OK,0
2026-04-07 02:12:53,F3,0.7068,OK,0
2026-04-07 02:13:04,F3,0.7069,OK,0
2026-04-07 02:13:14,F3,0.7071,OK,0
2026-04-07 02:13:24,F3,0.7073,OK,0
2026-04-07 02:13:34,F3,0.7075,OK,0
2026-04-07 02:13:45,F3,0.7076,OK,0
2026-04-07 02:13:55,F3,0.7078,OK,0
2026-04-07 02:14:05,F3,0.7080,OK,0
2026-04-07 02:14:15,F3,0.7082,OK,0
2026-04-07 02:14:26,F3,0.7084,OK,0
2026-04-07 02:14:36,F3,0.7085,OK,0
2026-04-07 02:14:46,F3,0.7087,OK,0
2026-04-07 02:14:56,F3,0.7089,OK,0
2026-04-07 02:15:07,F3,0.7091,OK,0
2026-04-07 02:15:17,F3,0.7093,OK,0
2026-04-07 02:15:27,F3,0.7095,OK,0
2026-04-07 02:15:37,F3,0.7096,OK,0
2026-04-07 02:15:48,F3,0.7098,OK,0
2026-04-07 02:15:58,F3,0.7100,OK,0
2026-04-07 02:16:08,F3,0.7102,OK,0
2026-04-07 02:16:18,F3,0.7104,OK,0
2026-04-07 02:16:28,F3,0.7106,OK,0
2026-04-07 02:16:39,F3,0.7108,OK,0
2026-04-07 02:16:49,F3,0.7110,OK,0
2026-04-07 02:16:59,F3,0.7112,OK,0
2026-04-07 02:17:09,F3,0.7114,OK,0
2026-04-07 02:17:20,F3,0.7116,OK,0
2026-04-07 02:17:30,F3,0.7118,OK,0
2026-04-07 02:17:40,F3,0.7121,OK,0
2026-04-07 02:17:51,F3,0.7123,OK,0
2026-04-07 02:18:01,F3,0.7125,OK,0
2026-04-07 02:18:11,F3,0.7127,OK,0
2026-04-07 02:18:21,F3,0.7129,OK,0
2026-04-07 02:18:32,F3,0.7131,OK,0
2026-04-07 02:18:42,F3,0.7134,OK,0
2026-04-07 02:18:52,F3,0.7136,OK,0
2026-04-07 02:19:02,F3,0.7138,OK,0
2026-04-07 02:19:13,F3,0.7140,OK,0
2026-04-07 02:19:23,F3,0.7143,OK,0
2026-04-07 02:19:33,F3,0.7145,OK,0
2026-04-07 02:19:43,F3,0.7147,OK,0
2026-04-07 02:19:54,F3,0.7149,OK,0
2026-04-07 02:20:04,F3,0.7152,OK,0
2026-04-07 02:20:14,F3,0.7154,OK,0
2026-04-07 02:20:24,F3,0.7156,OK,0
2026-04-07 02:20:35,F3,0.7159,OK,0
2026-04-07 02:20:45,F3,0.7161,OK,0
2026-04-07 02:20:55,F3,0.7164,OK,0
2026-04-07 02:21:05,F3,0.7166,OK,0
2026-04-07 02:21:16,F3,0.7168,OK,0
2026-04-07 02:21:26,F3,0.7171,OK,0
2026-04-07 02:21:36,F3,0.7173,OK,0
2026-04-07 02:21:46,F3,0.7176,OK,0
2026-04-07 02:21:57,F3,0.7178,OK,0
2026-04-07 02:22:07,F3,0.7180,OK,0
2026-04-07 02:22:17,F3,0.7183,OK,0
2026-04-07 02:22:27,F3,0.7185,OK,0
2026-04-07 02:22:38,F3,0.7188,OK,0
2026-04-07 02:22:48,F3,0.7190,OK,0
2026-04-07 02:22:58,F3,0.7193,OK,0
2026-04-07 02:23:08,F3,0.7195,OK,0
2026-04-07 02:23:19,F3,0.7198,OK,0
2026-04-07 02:23:29,F3,0.7200,OK,0
2026-04-07 02:23:39,F3,0.7203,OK,0
2026-04-07 02:23:49,F3,0.7205,OK,0
2026-04-07 02:23:59,F3,0.7208,OK,0
2026-04-07 02:24:10,F3,0.7210,OK,0
2026-04-07 02:24:20,F3,0.7213,OK,0
2026-04-07 02:24:30,F3,0.7215,OK,0
2026-04-07 02:24:40,F3,0.7218,OK,0
2026-04-07 02:24:51,F3,0.7221,OK,0
2026-04-07 02:25:01,F3,0.7223,OK,0
2026-04-07 02:25:11,F3,0.7226,OK,0
2026-04-07 02:25:21,F3,0.7228,OK,0
2026-04-07 02:25:32,F3,0.7231,OK,0
2026-04-07 02:25:42,F3,0.7233,OK,0
2026-04-07 02:25:52,F3,0.7236,OK,0
2026-04-07 02:26:02,F3,0.7238,OK,0
2026-04-07 02:26:13,F3,0.7241,OK,0
2026-04-07 02:26:23,F3,0.7243,OK,0
2026-04-07 02:26:33,F3,0.7246,OK,0
2026-04-07 02:26:43,F3,0.7248,OK,0
2026-04-07 02:26:54,F3,0.7251,OK,0
2026-04-07 02:27:04,F3,0.7253,OK,0
2026-04-07 02:27:14,F3,0.7256,OK,0
2026-04-07 02:27:24,F3,0.7258,OK,0
2026-04-07 02:27:35,F3,0.7260,OK,0
2026-04-07 02:27:45,F3,0.7263,OK,0
2026-04-07 02:27:55,F3,0.7265,OK,0
2026-04-07 02:28:05,F3,0.7267,OK,0
2026-04-07 02:28:16,F3,0.7270,OK,0
2026-04-07 02:28:26,F3,0.7272,OK,0
2026-04-07 02:28:36,F3,0.7274,OK,0
2026-04-07 02:28:46,F3,0.7276,OK,0
2026-04-07 02:28:57,F3,0.7278,OK,0
2026-04-07 02:29:07,F3,0.7280,OK,0
2026-04-07 02:29:17,F3,0.7282,OK,0
2026-04-07 02:29:27,F3,0.7284,OK,0
2026-04-07 02:29:38,F3,0.7286,OK,0
2026-04-07 02:29:48,F3,0.7288,OK,0
2026-04-07 02:29:58,F3,0.7290,OK,0
2026-04-07 02:30:08,F3,0.7292,OK,0
2026-04-07 02:30:19,F3,0.7294,OK,0
2026-04-07 02:30:29,F3,0.7296,OK,0
2026-04-07 02:30:39,F3,0.7298,OK,0
2026-04-07 02:30:49,F3,0.7299,OK,0
2026-04-07 02:31:00,F3,0.7301,OK,0
2026-04-07 02:31:10,F3,0.7303,OK,0
2026-04-07 02:31:20,F3,0.7305,OK,0
2026-04-07 02:31:30,F3,0.7306,OK,0
2026-04-07 02:31:40,F3,0.7308,OK,0
2026-04-07 02:31:51,F3,0.7310,OK,0
2026-04-07 02:32:01,F3,0.7312,OK,0
2026-04-07 02:32:11,F3,0.7313,OK,0
2026-04-07 02:32:21,F3,0.7315,OK,0
2026-04-07 02:32:32,F3,0.7317,OK,0
2026-04-07 02:32:42,F3,0.7318,OK,0
2026-04-07 02:32:52,F3,0.7320,OK,0
2026-04-07 02:33:02,F3,0.7321,OK,0
2026-04-07 02:33:13,F3,0.7323,OK,0
2026-04-07 02:33:23,F3,0.7325,OK,0
2026-04-07 02:33:33,F3,0.7326,OK,0
2026-04-07 02:33:43,F3,0.7328,OK,0
2026-04-07 02:33:54,F3,0.7329,OK,0
2026-04-07 02:34:04,F3,0.7331,OK,0
2026-04-07 02:34:14,F3,0.7332,OK,0
2026-04-07 02:34:24,F3,0.7334,OK,0
2026-04-07 02:34:35,F3,0.7335,OK,0
2026-04-07 02:34:45,F3,0.7337,OK,0
2026-04-07 02:34:55,F3,0.7338,OK,0
2026-04-07 02:35:05,F3,0.7340,OK,0
2026-04-07 02:35:16,F3,0.7341,OK,0
2026-04-07 02:35:26,F3,0.7343,OK,0
2026-04-07 02:35:36,F3,0.7344,OK,0
2026-04-07 02:35:46,F3,0.7346,OK,0
2026-04-07 02:35:57,F3,0.7347,OK,0
2026-04-07 02:36:07,F3,0.7349,OK,0
2026-04-07 02:36:17,F3,0.7350,OK,0
2026-04-07 02:36:27,F3,0.7351,OK,0
2026-04-07 02:36:38,F3,0.7353,OK,0
2026-04-07 02:36:48,F3,0.7354,OK,0
2026-04-07 02:36:58,F3,0.7355,OK,0
2026-04-07 02:37:08,F3,0.7357,OK,0
2026-04-07 02:37:19,F3,0.7358,OK,0
2026-04-07 02:37:29,F3,0.7360,OK,0
2026-04-07 02:37:39,F3,0.7361,OK,0
2026-04-07 02:37:50,F3,0.7362,OK,0
2026-04-07 02:38:00,F3,0.7364,OK,0
2026-04-07 02:38:10,F3,0.7365,OK,0
2026-04-07 02:38:20,F3,0.7366,OK,0
2026-04-07 02:38:31,F3,0.7368,OK,0
2026-04-07 02:38:41,F3,0.7369,OK,0
2026-04-07 02:38:51,F3,0.7370,OK,0
2026-04-07 02:39:01,F3,0.7372,OK,0
2026-04-07 02:39:12,F3,0.7373,OK,0
2026-04-07 02:39:22,F3,0.7374,OK,0
2026-04-07 02:39:32,F3,0.7376,OK,0
2026-04-07 02:39:42,F3,0.7377,OK,0
2026-04-07 02:39:53,F3,0.7379,OK,0
2026-04-07 02:40:03,F3,0.7380,OK,0
2026-04-07 02:40:13,F3,0.7381,OK,0
2026-04-07 02:40:23,F3,0.7383,OK,0
2026-04-07 02:40:34,F3,0.7384,OK,0
2026-04-07 02:40:44,F3,0.7386,OK,0
2026-04-07 02:40:54,F3,0.7387,OK,0
2026-04-07 02:41:04,F3,0.7388,OK,0
2026-04-07 02:41:15,F3,0.7390,OK,0
2026-04-07 02:41:25,F3,0.7391,OK,0
2026-04-07 02:41:35,F3,0.7393,OK,0
2026-04-07 02:41:45,F3,0.7394,OK,0
2026-04-07 02:41:56,F3,0.7396,OK,0
2026-04-07 02:42:06,F3,0.7397,OK,0
2026-04-07 02:42:16,F3,0.7398,OK,0
2026-04-07 02:42:26,F3,0.7400,OK,0
2026-04-07 02:42:36,F3,0.7401,OK,0
2026-04-07 02:42:47,F3,0.7403,OK,0
2026-04-07 02:42:57,F3,0.7404,OK,0
2026-04-07 02:43:07,F3,0.7406,OK,0
2026-04-07 02:43:18,F3,0.7407,OK,0
2026-04-07 02:43:28,F3,0.7409,OK,0
2026-04-07 02:43:38,F3,0.7410,OK,0
2026-04-07 02:43:48,F3,0.7411,OK,0
2026-04-07 02:43:58,F3,0.7413,OK,0
2026-04-07 02:44:09,F3,0.7414,OK,0
2026-04-07 02:44:19,F3,0.7416,OK,0
2026-04-07 02:44:29,F3,0.7417,OK,0
2026-04-07 02:44:40,F3,0.7419,OK,0
2026-04-07 02:44:50,F3,0.7420,OK,0
2026-04-07 02:45:00,F3,0.7422,OK,0
2026-04-07 02:45:10,F3,0.7423,OK,0
2026-04-07 02:45:21,F3,0.7425,OK,0
2026-04-07 02:45:31,F3,0.7426,OK,0
2026-04-07 02:45:41,F3,0.7428,OK,0
2026-04-07 02:45:51,F3,0.7429,OK,0
2026-04-07 02:46:02,F3,0.7431,OK,0
2026-04-07 02:46:12,F3,0.7432,OK,0
2026-04-07 02:46:22,F3,0.7434,OK,0
2026-04-07 02:46:32,F3,0.7435,OK,0
2026-04-07 02:46:43,F3,0.7437,OK,0
2026-04-07 02:46:53,F3,0.7438,OK,0
2026-04-07 02:47:03,F3,0.7440,OK,0
2026-04-07 02:47:13,F3,0.7441,OK,0
2026-04-07 02:47:23,F3,0.7443,OK,0
2026-04-07 02:47:34,F3,0.7445,OK,0
2026-04-07 02:47:44,F3,0.7446,OK,0
2026-04-07 02:47:54,F3,0.7448,OK,0
2026-04-07 02:48:04,F3,0.7450,OK,0
2026-04-07 02:48:15,F3,0.7451,OK,0
2026-04-07 02:48:25,F3,0.7453,OK,0
2026-04-07 02:48:35,F3,0.7454,OK,0
2026-04-07 02:48:45,F3,0.7456,OK,0
2026-04-07 02:48:56,F3,0.7458,OK,0
2026-04-07 02:49:06,F3,0.7459,OK,0
2026-04-07 02:49:16,F3,0.7461,OK,0
2026-04-07 02:49:26,F3,0.7463,OK,0
2026-04-07 02:49:37,F3,0.7464,OK,0
2026-04-07 02:49:47,F3,0.7466,OK,0
2026-04-07 02:49:57,F3,0.7468,OK,0
2026-04-07 02:50:07,F3,0.7470,OK,0
2026-04-07 02:50:18,F3,0.7471,OK,0
2026-04-07 02:50:28,F3,0.7473,OK,0
2026-04-07 02:50:38,F3,0.7475,OK,0
2026-04-07 02:50:48,F3,0.7476,OK,0
2026-04-07 02:50:59,F3,0.7478,OK,0
2026-04-07 02:51:09,F3,0.7480,OK,0
2026-04-07 02:51:19,F3,0.7482,OK,0
2026-04-07 02:51:29,F3,0.7483,OK,0
2026-04-07 02:51:40,F3,0.7485,OK,0
2026-04-07 02:51:50,F3,0.7487,OK,0
2026-04-07 02:52:00,F3,0.7489,OK,0
2026-04-07 02:52:10,F3,0.7490,OK,0
2026-04-07 02:52:21,F3,0.7492,OK,0
2026-04-07 02:52:31,F3,0.7494,OK,0
2026-04-07 02:52:41,F3,0.7496,OK,0
2026-04-07 02:52:51,F3,0.7497,OK,0
2026-04-07 02:53:02,F3,0.7499,OK,0
2026-04-07 02:53:12,F3,0.7501,OK,0
2026-04-07 02:53:22,F3,0.7503,OK,0
2026-04-07 02:53:32,F3,0.7505,OK,0
2026-04-07 02:53:43,F3,0.7506,OK,0
2026-04-07 02:53:53,F3,0.7508,OK,0
2026-04-07 02:54:03,F3,0.7510,OK,0
2026-04-07 02:54:13,F3,0.7512,OK,0
2026-04-07 02:54:23,F3,0.7514,OK,0
2026-04-07 02:54:34,F3,0.7516,OK,0
2026-04-07 02:54:44,F3,0.7518,OK,0
2026-04-07 02:54:54,F3,0.7520,OK,0
2026-04-07 02:55:04,F3,0.7522,OK,0
2026-04-07 02:55:15,F3,0.7523,OK,0
2026-04-07 02:55:25,F3,0.7525,OK,0
2026-04-07 02:55:35,F3,0.7527,OK,0
2026-04-07 02:55:45,F3,0.7529,OK,0
2026-04-07 02:55:56,F3,0.7531,OK,0
2026-04-07 02:56:06,F3,0.7533,OK,0
2026-04-07 02:56:16,F3,0.7535,OK,0
2026-04-07 02:56:26,F3,0.7537,OK,0
2026-04-07 02:56:37,F3,0.7539,OK,0
2026-04-07 02:56:47,F3,0.7541,OK,0
2026-04-07 02:56:57,F3,0.7543,OK,0
2026-04-07 02:57:07,F3,0.7545,OK,0
2026-04-07 02:57:18,F3,0.7547,OK,0
2026-04-07 02:57:28,F3,0.7549,OK,0
2026-04-07 02:57:38,F3,0.7551,OK,0
2026-04-07 02:57:48,F3,0.7553,OK,0
2026-04-07 02:57:59,F3,0.7555,OK,0
2026-04-07 02:58:09,F3,0.7557,OK,0
2026-04-07 02:58:19,F3,0.7559,OK,0
2026-04-07 02:58:30,F3,0.7561,OK,0
2026-04-07 02:58:40,F3,0.7563,OK,0
2026-04-07 02:58:50,F3,0.7565,OK,0
2026-04-07 02:59:01,F3,0.7567,OK,0
2026-04-07 02:59:11,F3,0.7569,OK,0
2026-04-07 02:59:21,F3,0.7571,OK,0
2026-04-07 02:59:31,F3,0.7573,OK,0
2026-04-07 02:59:42,F3,0.7575,OK,0
2026-04-07 02:59:52,F3,0.7577,OK,0
2026-04-07 03:00:02,F3,0.7579,OK,0
2026-04-07 03:00:12,F3,0.7581,OK,0
2026-04-07 03:00:23,F3,0.7583,OK,0
2026-04-07 03:00:33,F3,0.7585,OK,0
2026-04-07 03:00:43,F3,0.7587,OK,0
2026-04-07 03:00:53,F3,0.7590,OK,0
2026-04-07 03:01:04,F3,0.7592,OK,0
2026-04-07 03:01:14,F3,0.7594,OK,0
2026-04-07 03:01:24,F3,0.7596,OK,0
2026-04-07 03:01:34,F3,0.7598,OK,0
2026-04-07 03:01:45,F3,0.7600,OK,0
2026-04-07 03:01:55,F3,0.7602,OK,0
2026-04-07 03:02:05,F3,0.7604,OK,0
2026-04-07 03:02:15,F3,0.7607,OK,0
2026-04-07 03:02:26,F3,0.7609,OK,0
2026-04-07 03:02:36,F3,0.7611,OK,0
2026-04-07 03:02:46,F3,0.7613,OK,0
2026-04-07 03:02:56,F3,0.7615,OK,0
2026-04-07 03:03:07,F3,0.7618,OK,0
2026-04-07 03:03:17,F3,0.7620,OK,0
2026-04-07 03:03:27,F3,0.7622,OK,0
2026-04-07 03:03:37,F3,0.7624,OK,0
2026-04-07 03:03:47,F3,0.7626,OK,0
2026-04-07 03:03:58,F3,0.7629,OK,0
2026-04-07 03:04:08,F3,0.7631,OK,0
2026-04-07 03:04:18,F3,0.7633,OK,0
2026-04-07 03:04:28,F3,0.7635,OK,0
2026-04-07 03:04:39,F3,0.7637,OK,0
2026-04-07 03:04:49,F3,0.7640,OK,0
2026-04-07 03:04:59,F3,0.7642,OK,0
2026-04-07 03:05:09,F3,0.7644,OK,0
2026-04-07 03:05:20,F3,0.7646,OK,0
2026-04-07 03:05:30,F3,0.7648,OK,0
2026-04-07 03:05:40,F3,0.7650,OK,0
2026-04-07 03:05:50,F3,0.7652,OK,0
2026-04-07 03:06:01,F3,0.7655,OK,0
2026-04-07 03:06:11,F3,0.7657,OK,0
2026-04-07 03:06:21,F3,0.7659,OK,0
2026-04-07 03:06:31,F3,0.7661,OK,0
2026-04-07 03:06:42,F3,0.7663,OK,0
2026-04-07 03:06:52,F3,0.7664,OK,0
2026-04-07 03:07:02,F3,0.7666,OK,0
2026-04-07 03:07:12,F3,0.7668,OK,0
2026-04-07 03:07:23,F3,0.7670,OK,0
2026-04-07 03:07:33,F3,0.7672,OK,0
2026-04-07 03:07:43,F3,0.7674,OK,0
2026-04-07 03:07:53,F3,0.7676,OK,0
2026-04-07 03:08:03,F3,0.7677,OK,0
2026-04-07 03:08:14,F3,0.7679,OK,0
2026-04-07 03:08:24,F3,0.7681,OK,0
2026-04-07 03:08:34,F3,0.7683,OK,0
2026-04-07 03:08:44,F3,0.7684,OK,0
2026-04-07 03:08:55,F3,0.7686,OK,0
2026-04-07 03:09:05,F3,0.7687,OK,0
2026-04-07 03:09:15,F3,0.7689,OK,0
2026-04-07 03:09:25,F3,0.7691,OK,0
2026-04-07 03:09:36,F3,0.7692,OK,0
2026-04-07 03:09:46,F3,0.7694,OK,0
2026-04-07 03:09:56,F3,0.7695,OK,0
2026-04-07 03:10:06,F3,0.7697,OK,0
2026-04-07 03:10:17,F3,0.7698,OK,0
2026-04-07 03:10:27,F3,0.7699,OK,0
2026-04-07 03:10:37,F3,0.7701,OK,0
2026-04-07 03:10:47,F3,0.7702,OK,0
2026-04-07 03:10:58,F3,0.7704,OK,0
2026-04-07 03:11:08,F3,0.7705,OK,0
2026-04-07 03:11:18,F3,0.7706,OK,0
2026-04-07 03:11:28,F3,0.7707,OK,0
2026-04-07 03:11:39,F3,0.7709,OK,0
2026-04-07 03:11:49,F3,0.7710,OK,0
2026-04-07 03:11:59,F3,0.7711,OK,0
2026-04-07 03:12:09,F3,0.7712,OK,0
2026-04-07 03:12:20,F3,0.7713,OK,0
2026-04-07 03:12:30,F3,0.7714,OK,0
2026-04-07 03:12:40,F3,0.7715,OK,0
2026-04-07 03:12:50,F3,0.7716,OK,0
2026-04-07 03:13:01,F3,0.7718,OK,0
2026-04-07 03:13:11,F3,0.7719,OK,0
2026-04-07 03:13:21,F3,0.7720,OK,0
2026-04-07 03:13:31,F3,0.7721,OK,0
2026-04-07 03:13:42,F3,0.7721,OK,0
2026-04-07 03:13:52,F3,0.7722,OK,0
2026-04-07 03:14:02,F3,0.7723,OK,0
2026-04-07 03:14:12,F3,0.7724,OK,0
2026-04-07 03:14:23,F3,0.7725,OK,0
2026-04-07 03:14:33,F3,0.7726,OK,0
2026-04-07 03:14:43,F3,0.7727,OK,0
2026-04-07 03:14:53,F3,0.7728,OK,0
2026-04-07 03:15:04,F3,0.7729,OK,0
2026-04-07 03:15:14,F3,0.7729,OK,0
2026-04-07 03:15:24,F3,0.7730,OK,0
2026-04-07 03:15:34,F3,0.7731,OK,0
2026-04-07 03:15:45,F3,0.7732,OK,0
2026-04-07 03:15:55,F3,0.7733,OK,0
2026-04-07 03:16:05,F3,0.7734,OK,0
2026-04-07 03:16:15,F3,0.7734,OK,0
2026-04-07 03:16:26,F3,0.7735,OK,0
2026-04-07 03:16:36,F3,0.7736,OK,0
2026-04-07 03:16:46,F3,0.7737,OK,0
2026-04-07 03:16:56,F3,0.7738,OK,0
2026-04-07 03:17:07,F3,0.7738,OK,0
2026-04-07 03:17:17,F3,0.7739,OK,0
2026-04-07 03:17:27,F3,0.7740,OK,0
2026-04-07 03:17:37,F3,0.7741,OK,0
2026-04-07 03:17:47,F3,0.7742,OK,0
2026-04-07 03:17:58,F3,0.7743,OK,0
2026-04-07 03:18:08,F3,0.7743,OK,0
2026-04-07 03:18:18,F3,0.7744,OK,0
2026-04-07 03:18:28,F3,0.7745,OK,0
2026-04-07 03:18:39,F3,0.7746,OK,0
2026-04-07 03:18:49,F3,0.7747,OK,0
2026-04-07 03:18:59,F3,0.7747,OK,0
2026-04-07 03:19:10,F3,0.7748,OK,0
2026-04-07 03:19:20,F3,0.7749,OK,0
2026-04-07 03:19:30,F3,0.7750,OK,0
2026-04-07 03:19:40,F3,0.7750,OK,0
2026-04-07 03:19:50,F3,0.7751,OK,0
2026-04-07 03:20:01,F3,0.7752,OK,0
2026-04-07 03:20:11,F3,0.7753,OK,0
2026-04-07 03:20:21,F3,0.7754,OK,0
2026-04-07 03:20:31,F3,0.7754,OK,0
2026-04-07 03:20:42,F3,0.7755,OK,0
2026-04-07 03:20:52,F3,0.7756,OK,0
2026-04-07 03:21:02,F3,0.7757,OK,0
2026-04-07 03:21:12,F3,0.7757,OK,0
2026-04-07 03:21:23,F3,0.7758,OK,0
2026-04-07 03:21:33,F3,0.7759,OK,0
2026-04-07 03:21:43,F3,0.7760,OK,0
2026-04-07 03:21:53,F3,0.7760,OK,0
2026-04-07 03:22:04,F3,0.7761,OK,0
2026-04-07 03:22:14,F3,0.7762,OK,0
2026-04-07 03:22:24,F3,0.7763,OK,0
2026-04-07 03:22:34,F3,0.7764,OK,0
2026-04-07 03:22:45,F3,0.7764,OK,0
2026-04-07 03:22:55,F3,0.7765,OK,0
2026-04-07 03:23:05,F3,0.7766,OK,0
2026-04-07 03:23:15,F3,0.7767,OK,0
2026-04-07 03:23:26,F3,0.7768,OK,0
2026-04-07 03:23:36,F3,0.7768,OK,0
2026-04-07 03:23:46,F3,0.7769,OK,0
2026-04-07 03:23:56,F3,0.7770,OK,0
2026-04-07 03:24:07,F3,0.7771,OK,0
2026-04-07 03:24:17,F3,0.7772,OK,0
2026-04-07 03:24:27,F3,0.7773,OK,0
2026-04-07 03:24:37,F3,0.7774,OK,0
2026-04-07 03:24:48,F3,0.7775,OK,0
2026-04-07 03:24:58,F3,0.7776,OK,0
2026-04-07 03:25:08,F3,0.7776,OK,0
2026-04-07 03:25:18,F3,0.7777,OK,0
2026-04-07 03:25:29,F3,0.7778,OK,0
2026-04-07 03:25:39,F3,0.7779,OK,0
2026-04-07 03:25:49,F3,0.7780,OK,0
2026-04-07 03:25:59,F3,0.7781,OK,0
2026-04-07 03:26:10,F3,0.7782,OK,0
2026-04-07 03:26:20,F3,0.7783,OK,0
2026-04-07 03:26:30,F3,0.7784,OK,0
2026-04-07 03:26:40,F3,0.7785,OK,0
2026-04-07 03:26:51,F3,0.7786,OK,0
2026-04-07 03:27:01,F3,0.7787,OK,0
2026-04-07 03:27:11,F3,0.7788,OK,0
2026-04-07 03:27:21,F3,0.7789,OK,0
2026-04-07 03:27:32,F3,0.7790,OK,0
2026-04-07 03:27:42,F3,0.7791,OK,0
2026-04-07 03:27:52,F3,0.7792,OK,0
2026-04-07 03:28:02,F3,0.7792,OK,0
2026-04-07 03:28:13,F3,0.7793,OK,0
2026-04-07 03:28:23,F3,0.7794,OK,0
2026-04-07 03:28:33,F3,0.7795,OK,0
2026-04-07 03:28:43,F3,0.7796,OK,0
2026-04-07 03:28:54,F3,0.7797,OK,0
2026-04-07 03:29:04,F3,0.7798,OK,0
2026-04-07 03:29:14,F3,0.7799,OK,0
2026-04-07 03:29:24,F3,0.7800,OK,0
2026-04-07 03:29:34,F3,0.7801,OK,0
2026-04-07 03:29:45,F3,0.7802,OK,0
2026-04-07 03:29:55,F3,0.7803,OK,0
2026-04-07 03:30:05,F3,0.7804,OK,0
2026-04-07 03:30:15,F3,0.7805,OK,0
2026-04-07 03:30:26,F3,0.7806,OK,0
2026-04-07 03:30:36,F3,0.7807,OK,0
2026-04-07 03:30:46,F3,0.7808,OK,0
2026-04-07 03:30:56,F3,0.7809,OK,0
2026-04-07 03:31:07,F3,0.7810,OK,0
2026-04-07 03:31:17,F3,0.7811,OK,0
2026-04-07 03:31:27,F3,0.7812,OK,0
2026-04-07 03:31:37,F3,0.7813,OK,0
2026-04-07 03:31:48,F3,0.7814,OK,0
2026-04-07 03:31:58,F3,0.7816,OK,0
2026-04-07 03:32:08,F3,0.7817,OK,0
2026-04-07 03:32:18,F3,0.7818,OK,0
2026-04-07 03:32:29,F3,0.7819,OK,0
2026-04-07 03:32:39,F3,0.7820,OK,0
2026-04-07 03:32:49,F3,0.7821,OK,0
2026-04-07 03:32:59,F3,0.7822,OK,0
2026-04-07 03:33:10,F3,0.7823,OK,0
2026-04-07 03:33:20,F3,0.7824,OK,0
2026-04-07 03:33:30,F3,0.7826,OK,0
2026-04-07 03:33:40,F3,0.7827,OK,0
2026-04-07 03:33:51,F3,0.7828,OK,0
2026-04-07 03:34:01,F3,0.7829,OK,0
2026-04-07 03:34:11,F3,0.7830,OK,0
2026-04-07 03:34:21,F3,0.7831,OK,0
2026-04-07 03:34:31,F3,0.7833,OK,0
2026-04-07 03:34:42,F3,0.7834,OK,0
2026-04-07 03:34:52,F3,0.7835,OK,0
2026-04-07 03:35:02,F3,0.7836,OK,0
2026-04-07 03:35:12,F3,0.7837,OK,0
2026-04-07 03:35:23,F3,0.7838,OK,0
2026-04-07 03:35:33,F3,0.7840,OK,0
2026-04-07 03:35:43,F3,0.7841,OK,0
2026-04-07 03:35:54,F3,0.7842,OK,0
2026-04-07 03:36:04,F3,0.7843,OK,0
2026-04-07 03:36:14,F3,0.7844,OK,0
2026-04-07 03:36:24,F3,0.7846,OK,0
2026-04-07 03:36:34,F3,0.7847,OK,0
2026-04-07 03:36:45,F3,0.7848,OK,0
2026-04-07 03:36:55,F3,0.7849,OK,0
2026-04-07 03:37:05,F3,0.7850,OK,0
2026-04-07 03:37:15,F3,0.7852,OK,0
2026-04-07 03:37:26,F3,0.7853,OK,0
2026-04-07 03:37:36,F3,0.7854,OK,0
2026-04-07 03:37:46,F3,0.7856,OK,0
2026-04-07 03:37:56,F3,0.7857,OK,0
2026-04-07 03:38:07,F3,0.7858,OK,0
2026-04-07 03:38:17,F3,0.7859,OK,0
2026-04-07 03:38:27,F3,0.7861,OK,0
2026-04-07 03:38:38,F3,0.7862,OK,0
2026-04-07 03:38:48,F3,0.7863,OK,0
2026-04-07 03:38:58,F3,0.7865,OK,0
2026-04-07 03:39:08,F3,0.7866,OK,0
2026-04-07 03:39:19,F3,0.7868,OK,0
2026-04-07 03:39:29,F3,0.7869,OK,0
2026-04-07 03:39:39,F3,0.7870,OK,0
2026-04-07 03:39:49,F3,0.7872,OK,0
2026-04-07 03:40:00,F3,0.7873,OK,0
2026-04-07 03:40:10,F3,0.7875,OK,0
2026-04-07 03:40:20,F3,0.7876,OK,0
2026-04-07 03:40:30,F3,0.7877,OK,0
2026-04-07 03:40:41,F3,0.7879,OK,0
2026-04-07 03:40:51,F3,0.7880,OK,0
2026-04-07 03:41:01,F3,0.7882,OK,0
2026-04-07 03:41:11,F3,0.7883,OK,0
2026-04-07 03:41:21,F3,0.7885,OK,0
2026-04-07 03:41:32,F3,0.7886,OK,0
2026-04-07 03:41:42,F3,0.7888,OK,0
2026-04-07 03:41:52,F3,0.7889,OK,0
2026-04-07 03:42:02,F3,0.7891,OK,0
2026-04-07 03:42:13,F3,0.7892,OK,0
2026-04-07 03:42:23,F3,0.7894,OK,0
2026-04-07 03:42:33,F3,0.7895,OK,0
2026-04-07 03:42:43,F3,0.7896,OK,0
2026-04-07 03:42:54,F3,0.7898,OK,0
2026-04-07 03:43:04,F3,0.7899,OK,0
2026-04-07 03:43:14,F3,0.7901,OK,0
2026-04-07 03:43:25,F3,0.7902,OK,0
2026-04-07 03:43:35,F3,0.7904,OK,0
2026-04-07 03:43:45,F3,0.7905,OK,0
2026-04-07 03:43:55,F3,0.7907,OK,0
2026-04-07 03:44:06,F3,0.7909,OK,0
2026-04-07 03:44:16,F3,0.7910,OK,0
2026-04-07 03:44:26,F3,0.7912,OK,0
2026-04-07 03:44:36,F3,0.7913,OK,0
2026-04-07 03:44:47,F3,0.7915,OK,0
2026-04-07 03:44:57,F3,0.7916,OK,0
2026-04-07 03:45:07,F3,0.7918,OK,0
2026-04-07 03:45:17,F3,0.7919,OK,0
2026-04-07 03:45:28,F3,0.7921,OK,0
2026-04-07 03:45:38,F3,0.7922,OK,0
2026-04-07 03:45:48,F3,0.7924,OK,0
2026-04-07 03:45:58,F3,0.7926,OK,0
2026-04-07 03:46:08,F3,0.7927,OK,0
2026-04-07 03:46:19,F3,0.7929,OK,0
2026-04-07 03:46:29,F3,0.7930,OK,0
2026-04-07 03:46:39,F3,0.7932,OK,0
2026-04-07 03:46:49,F3,0.7933,OK,0
2026-04-07 03:47:00,F3,0.7935,OK,0
2026-04-07 03:47:10,F3,0.7936,OK,0
2026-04-07 03:47:20,F3,0.7938,OK,0
2026-04-07 03:47:30,F3,0.7939,OK,0
2026-04-07 03:47:41,F3,0.7941,OK,0
2026-04-07 03:47:51,F3,0.7942,OK,0
2026-04-07 03:48:01,F3,0.7944,OK,0
2026-04-07 03:48:11,F3,0.7945,OK,0
2026-04-07 03:48:22,F3,0.7946,OK,0
2026-04-07 03:48:32,F3,0.7948,OK,0
2026-04-07 03:48:42,F3,0.7949,OK,0
2026-04-07 03:48:52,F3,0.7950,OK,0
2026-04-07 03:49:03,F3,0.7951,OK,0
2026-04-07 03:49:13,F3,0.7953,OK,0
2026-04-07 03:49:23,F3,0.7954,OK,0
2026-04-07 03:49:33,F3,0.7955,OK,0
2026-04-07 03:49:44,F3,0.7956,OK,0
2026-04-07 03:49:54,F3,0.7957,OK,0
2026-04-07 03:50:04,F3,0.7958,OK,0
2026-04-07 03:50:14,F3,0.7959,OK,0
2026-04-07 03:50:25,F3,0.7960,OK,0
2026-04-07 03:50:35,F3,0.7962,OK,0
2026-04-07 03:50:45,F3,0.7963,OK,0
2026-04-07 03:50:55,F3,0.7963,OK,0
2026-04-07 03:51:06,F3,0.7964,OK,0
2026-04-07 03:51:16,F3,0.7965,OK,0
2026-04-07 03:51:26,F3,0.7966,OK,0
2026-04-07 03:51:37,F3,0.7967,OK,0
2026-04-07 03:51:47,F3,0.7968,OK,0
2026-04-07 03:51:57,F3,0.7969,OK,0
2026-04-07 03:52:07,F3,0.7970,OK,0
2026-04-07 03:52:18,F3,0.7971,OK,0
2026-04-07 03:52:28,F3,0.7971,OK,0
2026-04-07 03:52:38,F3,0.7972,OK,0
2026-04-07 03:52:48,F3,0.7973,OK,0
2026-04-07 03:52:58,F3,0.7974,OK,0
2026-04-07 03:53:09,F3,0.7975,OK,0
2026-04-07 03:53:19,F3,0.7975,OK,0
2026-04-07 03:53:29,F3,0.7976,OK,0
2026-04-07 03:53:39,F3,0.7977,OK,0
2026-04-07 03:53:50,F3,0.7978,OK,0
2026-04-07 03:54:00,F3,0.7978,OK,0
2026-04-07 03:54:10,F3,0.7979,OK,0
2026-04-07 03:54:20,F3,0.7980,OK,0
2026-04-07 03:54:31,F3,0.7980,OK,0
2026-04-07 03:54:41,F3,0.7981,OK,0
2026-04-07 03:54:51,F3,0.7982,OK,0
2026-04-07 03:55:01,F3,0.7982,OK,0
2026-04-07 03:55:12,F3,0.7983,OK,0
2026-04-07 03:55:22,F3,0.7984,OK,0
2026-04-07 03:55:32,F3,0.7984,OK,0
2026-04-07 03:55:42,F3,0.7985,OK,0
2026-04-07 03:55:53,F3,0.7986,OK,0
2026-04-07 03:56:03,F3,0.7986,OK,0
2026-04-07 03:56:13,F3,0.7987,OK,0
2026-04-07 03:56:23,F3,0.7987,OK,0
2026-04-07 03:56:34,F3,0.7988,OK,0
2026-04-07 03:56:44,F3,0.7988,OK,0
2026-04-07 03:56:54,F3,0.7989,OK,0
2026-04-07 03:57:04,F3,0.7989,OK,0
2026-04-07 03:57:15,F3,0.7990,OK,0
2026-04-07 03:57:25,F3,0.7990,OK,0
2026-04-07 03:57:35,F3,0.7991,OK,0
2026-04-07 03:57:45,F3,0.7991,OK,0
2026-04-07 03:57:56,F3,0.7992,OK,0
2026-04-07 03:58:06,F3,0.7992,OK,0
2026-04-07 03:58:16,F3,0.7993,OK,0
2026-04-07 03:58:26,F3,0.7993,OK,0
2026-04-07 03:58:37,F3,0.7994,OK,0
2026-04-07 03:58:47,F3,0.7994,OK,0
2026-04-07 03:58:57,F3,0.7995,OK,0
2026-04-07 03:59:07,F3,0.7995,OK,0
2026-04-07 03:59:18,F3,0.7996,OK,0
2026-04-07 03:59:28,F3,0.7996,OK,0
2026-04-07 03:59:38,F3,0.7997,OK,0
2026-04-07 03:59:48,F3,0.7998,OK,0
2026-04-07 03:59:59,F3,0.7998,OK,0
2026-04-07 04:00:09,F3,0.7999,OK,0
2026-04-07 04:00:19,F3,0.7999,OK,0
2026-04-07 04:00:29,F3,0.8000,OK,0
2026-04-07 04:00:40,F3,0.8000,OK,0
2026-04-07 04:00:50,F3,0.8001,OK,0
2026-04-07 04:01:00,F3,0.8001,OK,0
2026-04-07 04:01:10,F3,0.8002,OK,0
2026-04-07 04:01:20,F3,0.8002,OK,0
2026-04-07 04:01:31,F3,0.8003,OK,0
2026-04-07 04:01:41,F3,0.8004,OK,0
2026-04-07 04:01:51,F3,0.8004,OK,0
2026-04-07 04:02:01,F3,0.8005,OK,0
2026-04-07 04:02:12,F3,0.8005,OK,0
2026-04-07 04:02:22,F3,0.8006,OK,0
2026-04-07 04:02:32,F3,0.8006,OK,0
2026-04-07 04:02:43,F3,0.8007,OK,0
2026-04-07 04:02:53,F3,0.8008,OK,0
2026-04-07 04:03:03,F3,0.8008,OK,0
2026-04-07 04:03:13,F3,0.8009,OK,0
2026-04-07 04:03:23,F3,0.8009,OK,0
2026-04-07 04:03:34,F3,0.8010,OK,0
2026-04-07 04:03:44,F3,0.8011,OK,0
2026-04-07 04:03:54,F3,0.8011,OK,0
2026-04-07 04:04:04,F3,0.8012,OK,0
2026-04-07 04:04:15,F3,0.8012,OK,0
2026-04-07 04:04:25,F3,0.8013,OK,0
2026-04-07 04:04:35,F3,0.8014,OK,0
2026-04-07 04:04:45,F3,0.8014,OK,0
2026-04-07 04:04:56,F3,0.8015,OK,0
2026-04-07 04:05:06,F3,0.8015,OK,0
2026-04-07 04:05:16,F3,0.8016,OK,0
2026-04-07 04:05:26,F3,0.8017,OK,0
2026-04-07 04:05:37,F3,0.8017,OK,0
2026-04-07 04:05:47,F3,0.8018,OK,0
2026-04-07 04:05:57,F3,0.8019,OK,0
2026-04-07 04:06:07,F3,0.8019,OK,0
2026-04-07 04:06:18,F3,0.8020,OK,0
2026-04-07 04:06:28,F3,0.8021,OK,0
2026-04-07 04:06:38,F3,0.8021,OK,0
2026-04-07 04:06:48,F3,0.8022,OK,0
2026-04-07 04:06:59,F3,0.8023,OK,0
2026-04-07 04:07:09,F3,0.8024,OK,0
2026-04-07 04:07:19,F3,0.8024,OK,0
2026-04-07 04:07:29,F3,0.8025,OK,0
2026-04-07 04:07:40,F3,0.8026,OK,0
2026-04-07 04:07:50,F3,0.8027,OK,0
2026-04-07 04:08:00,F3,0.8027,OK,0
2026-04-07 04:08:10,F3,0.8028,OK,0
2026-04-07 04:08:21,F3,0.8029,OK,0
2026-04-07 04:08:31,F3,0.8030,OK,0
2026-04-07 04:08:41,F3,0.8030,OK,0
2026-04-07 04:08:51,F3,0.8031,OK,0
2026-04-07 04:09:01,F3,0.8032,OK,0
2026-04-07 04:09:12,F3,0.8033,OK,0
2026-04-07 04:09:22,F3,0.8034,OK,0
2026-04-07 04:09:32,F3,0.8035,OK,0
2026-04-07 04:09:42,F3,0.8035,OK,0
2026-04-07 04:09:53,F3,0.8036,OK,0
2026-04-07 04:10:03,F3,0.8037,OK,0
2026-04-07 04:10:13,F3,0.8038,OK,0
2026-04-07 04:10:23,F3,0.8039,OK,0
2026-04-07 04:10:34,F3,0.8040,OK,0
2026-04-07 04:10:44,F3,0.8041,OK,0
2026-04-07 04:10:54,F3,0.8042,OK,0
2026-04-07 04:11:04,F3,0.8042,OK,0
2026-04-07 04:11:15,F3,0.8043,OK,0
2026-04-07 04:11:25,F3,0.8044,OK,0
2026-04-07 04:11:35,F3,0.8045,OK,0
2026-04-07 04:11:45,F3,0.8046,OK,0
2026-04-07 04:11:56,F3,0.8047,OK,0
2026-04-07 04:12:06,F3,0.8048,OK,0
2026-04-07 04:12:16,F3,0.8049,OK,0
2026-04-07 04:12:26,F3,0.8050,OK,0
2026-04-07 04:12:37,F3,0.8051,OK,0
2026-04-07 04:12:47,F3,0.8051,OK,0
2026-04-07 04:12:57,F3,0.8052,OK,0
2026-04-07 04:13:07,F3,0.8053,OK,0
2026-04-07 04:13:18,F3,0.8054,OK,0
2026-04-07 04:13:28,F3,0.8055,OK,0
2026-04-07 04:13:38,F3,0.8056,OK,0
2026-04-07 04:13:48,F3,0.8057,OK,0
2026-04-07 04:13:58,F3,0.8058,OK,0
2026-04-07 04:14:09,F3,0.8059,OK,0
2026-04-07 04:14:19,F3,0.8060,OK,0
2026-04-07 04:14:29,F3,0.8061,OK,0
2026-04-07 04:14:40,F3,0.8062,OK,0
2026-04-07 04:14:50,F3,0.8063,OK,0
2026-04-07 04:15:00,F3,0.8064,OK,0
2026-04-07 04:15:10,F3,0.8066,OK,0
2026-04-07 04:15:21,F3,0.8067,OK,0
2026-04-07 04:15:31,F3,0.8068,OK,0
2026-04-07 04:15:41,F3,0.8069,OK,0
2026-04-07 04:15:51,F3,0.8070,OK,0
2026-04-07 04:16:01,F3,0.8071,OK,0
2026-04-07 04:16:12,F3,0.8072,OK,0
2026-04-07 04:16:22,F3,0.8073,OK,0
2026-04-07 04:16:32,F3,0.8074,OK,0
2026-04-07 04:16:42,F3,0.8076,OK,0
2026-04-07 04:16:53,F3,0.8077,OK,0
2026-04-07 04:17:03,F3,0.8078,OK,0
2026-04-07 04:17:13,F3,0.8079,OK,0
2026-04-07 04:17:23,F3,0.8080,OK,0
2026-04-07 04:17:34,F3,0.8081,OK,0
2026-04-07 04:17:44,F3,0.8082,OK,0
2026-04-07 04:17:54,F3,0.8084,OK,0
2026-04-07 04:18:04,F3,0.8085,OK,0
2026-04-07 04:18:15,F3,0.8086,OK,0
2026-04-07 04:18:25,F3,0.8087,OK,0
2026-04-07 04:18:35,F3,0.8088,OK,0
2026-04-07 04:18:45,F3,0.8089,OK,0
2026-04-07 04:18:56,F3,0.8091,OK,0
2026-04-07 04:19:06,F3,0.8092,OK,0
2026-04-07 04:19:16,F3,0.8093,OK,0
2026-04-07 04:19:26,F3,0.8094,OK,0
2026-04-07 04:19:37,F3,0.8095,OK,0
2026-04-07 04:19:47,F3,0.8097,OK,0
2026-04-07 04:19:57,F3,0.8098,OK,0
2026-04-07 04:20:07,F3,0.8099,OK,0
2026-04-07 04:20:18,F3,0.8100,OK,0
2026-04-07 04:20:28,F3,0.8102,OK,0
2026-04-07 04:20:38,F3,0.8103,OK,0
2026-04-07 04:20:48,F3,0.8104,OK,0
2026-04-07 04:20:59,F3,0.8105,OK,0
2026-04-07 04:21:09,F3,0.8107,OK,0
2026-04-07 04:21:19,F3,0.8108,OK,0
2026-04-07 04:21:29,F3,0.8109,OK,0
2026-04-07 04:21:39,F3,0.8111,OK,0
2026-04-07 04:21:50,F3,0.8112,OK,0
2026-04-07 04:22:00,F3,0.8113,OK,0
2026-04-07 04:22:10,F3,0.8115,OK,0
2026-04-07 04:22:20,F3,0.8116,OK,0
2026-04-07 04:22:31,F3,0.8118,OK,0
2026-04-07 04:22:41,F3,0.8119,OK,0
2026-04-07 04:22:51,F3,0.8120,OK,0
2026-04-07 04:23:01,F3,0.8122,OK,0
2026-04-07 04:23:12,F3,0.8123,OK,0
2026-04-07 04:23:22,F3,0.8125,OK,0
2026-04-07 04:23:32,F3,0.8126,OK,0
2026-04-07 04:23:42,F3,0.8128,OK,0
2026-04-07 04:23:53,F3,0.8129,OK,0
2026-04-07 04:24:03,F3,0.8131,OK,0
2026-04-07 04:24:13,F3,0.8132,OK,0
2026-04-07 04:24:23,F3,0.8134,OK,0
2026-04-07 04:24:34,F3,0.8135,OK,0
2026-04-07 04:24:44,F3,0.8137,OK,0
2026-04-07 04:24:54,F3,0.8138,OK,0
2026-04-07 04:25:04,F3,0.8140,OK,0
2026-04-07 04:25:15,F3,0.8141,OK,0
2026-04-07 04:25:25,F3,0.8143,OK,0
2026-04-07 04:25:35,F3,0.8145,OK,0
2026-04-07 04:25:45,F3,0.8146,OK,0
2026-04-07 04:25:56,F3,0.8148,OK,0
2026-04-07 04:26:06,F3,0.8149,OK,0
2026-04-07 04:26:16,F3,0.8151,OK,0
2026-04-07 04:26:26,F3,0.8153,OK,0
2026-04-07 04:26:37,F3,0.8154,OK,0
2026-04-07 04:26:47,F3,0.8156,OK,0
2026-04-07 04:26:57,F3,0.8157,OK,0
2026-04-07 04:27:07,F3,0.8159,OK,0
2026-04-07 04:27:18,F3,0.8161,OK,0
2026-04-07 04:27:28,F3,0.8162,OK,0
2026-04-07 04:27:38,F3,0.8164,OK,0
2026-04-07 04:27:48,F3,0.8166,OK,0
2026-04-07 04:27:59,F3,0.8167,OK,0
2026-04-07 04:28:09,F3,0.8169,OK,0
2026-04-07 04:28:19,F3,0.8171,OK,0
2026-04-07 04:28:29,F3,0.8172,OK,0
2026-04-07 04:28:40,F3,0.8174,OK,0
2026-04-07 04:28:50,F3,0.8176,OK,0
2026-04-07 04:29:00,F3,0.8177,OK,0
2026-04-07 04:29:10,F3,0.8179,OK,0
2026-04-07 04:29:21,F3,0.8181,OK,0
2026-04-07 04:29:31,F3,0.8182,OK,0
2026-04-07 04:29:41,F3,0.8184,OK,0
2026-04-07 04:29:51,F3,0.8186,OK,0
2026-04-07 04:30:02,F3,0.8187,OK,0
2026-04-07 04:30:12,F3,0.8189,OK,0
2026-04-07 04:30:22,F3,0.8191,OK,0
2026-04-07 04:30:32,F3,0.8192,OK,0
2026-04-07 04:30:43,F3,0.8194,OK,0
2026-04-07 04:30:53,F3,0.8195,OK,0
2026-04-07 04:31:03,F3,0.8197,OK,0
2026-04-07 04:31:13,F3,0.8198,OK,0
2026-04-07 04:31:23,F3,0.8200,OK,0
2026-04-07 04:31:34,F3,0.8201,OK,0
2026-04-07 04:31:44,F3,0.8203,OK,0
2026-04-07 04:31:54,F3,0.8204,OK,0
2026-04-07 04:32:04,F3,0.8205,OK,0
2026-04-07 04:32:15,F3,0.8207,OK,0
2026-04-07 04:32:25,F3,0.8208,OK,0
2026-04-07 04:32:35,F3,0.8209,OK,0
2026-04-07 04:32:46,F3,0.8211,OK,0
2026-04-07 04:32:56,F3,0.8212,OK,0
2026-04-07 04:33:06,F3,0.8213,OK,0
2026-04-07 04:33:16,F3,0.8214,OK,0
2026-04-07 04:33:26,F3,0.8216,OK,0
2026-04-07 04:33:37,F3,0.8217,OK,0
2026-04-07 04:33:47,F3,0.8218,OK,0
2026-04-07 04:33:57,F3,0.8219,OK,0
2026-04-07 04:34:07,F3,0.8220,OK,0
2026-04-07 04:34:18,F3,0.8221,OK,0
2026-04-07 04:34:28,F3,0.8222,OK,0
2026-04-07 04:34:38,F3,0.8223,OK,0
2026-04-07 04:34:48,F3,0.8224,OK,0
2026-04-07 04:34:59,F3,0.8225,OK,0
2026-04-07 04:35:09,F3,0.8226,OK,0
2026-04-07 04:35:19,F3,0.8227,OK,0
2026-04-07 04:35:29,F3,0.8228,OK,0
2026-04-07 04:35:40,F3,0.8229,OK,0
2026-04-07 04:35:50,F3,0.8230,OK,0
2026-04-07 04:36:00,F3,0.8231,OK,0
2026-04-07 04:36:10,F3,0.8232,OK,0
2026-04-07 04:36:21,F3,0.8233,OK,0
2026-04-07 04:36:31,F3,0.8233,OK,0
2026-04-07 04:36:41,F3,0.8234,OK,0
2026-04-07 04:36:51,F3,0.8235,OK,0
2026-04-07 04:37:02,F3,0.8236,OK,0
2026-04-07 04:37:12,F3,0.8237,OK,0
2026-04-07 04:37:22,F3,0.8238,OK,0
2026-04-07 04:37:32,F3,0.8238,OK,0
2026-04-07 04:37:43,F3,0.8239,OK,0
2026-04-07 04:37:53,F3,0.8240,OK,0
2026-04-07 04:38:03,F3,0.8241,OK,0
2026-04-07 04:38:13,F3,0.8241,OK,0
2026-04-07 04:38:24,F3,0.8242,OK,0
2026-04-07 04:38:34,F3,0.8243,OK,0
2026-04-07 04:38:44,F3,0.8243,OK,0
2026-04-07 04:38:54,F3,0.8244,OK,0
2026-04-07 04:39:05,F3,0.8245,OK,0
2026-04-07 04:39:15,F3,0.8245,OK,0
2026-04-07 04:39:25,F3,0.8246,OK,0
2026-04-07 04:39:35,F3,0.8247,OK,0
2026-04-07 04:39:46,F3,0.8247,OK,0
2026-04-07 04:39:56,F3,0.8248,OK,0
2026-04-07 04:40:06,F3,0.8249,OK,0
2026-04-07 04:40:16,F3,0.8249,OK,0
2026-04-07 04:40:27,F3,0.8250,OK,0
2026-04-07 04:40:37,F3,0.8250,OK,0
2026-04-07 04:40:47,F3,0.8251,OK,0
2026-04-07 04:40:57,F3,0.8251,OK,0
2026-04-07 04:41:08,F3,0.8252,OK,0
2026-04-07 04:41:18,F3,0.8252,OK,0
2026-04-07 04:41:28,F3,0.8253,OK,0
2026-04-07 04:41:38,F3,0.8254,OK,0
2026-04-07 04:41:49,F3,0.8254,OK,0
2026-04-07 04:41:59,F3,0.8255,OK,0
2026-04-07 04:42:09,F3,0.8255,OK,0
2026-04-07 04:42:19,F3,0.8256,OK,0
2026-04-07 04:42:30,F3,0.8256,OK,0
2026-04-07 04:42:40,F3,0.8257,OK,0
2026-04-07 04:42:50,F3,0.8257,OK,0
2026-04-07 04:43:00,F3,0.8258,OK,0
2026-04-07 04:43:11,F3,0.8258,OK,0
2026-04-07 04:43:21,F3,0.8259,OK,0
2026-04-07 04:43:31,F3,0.8260,OK,0
2026-04-07 04:43:41,F3,0.8260,OK,0
2026-04-07 04:43:51,F3,0.8261,OK,0
2026-04-07 04:44:02,F3,0.8261,OK,0
2026-04-07 04:44:12,F3,0.8262,OK,0
2026-04-07 04:44:22,F3,0.8263,OK,0
2026-04-07 04:44:32,F3,0.8263,OK,0
2026-04-07 04:44:43,F3,0.8264,OK,0
2026-04-07 04:44:53,F3,0.8264,OK,0
2026-04-07 04:45:03,F3,0.8265,OK,0
2026-04-07 04:45:13,F3,0.8266,OK,0
2026-04-07 04:45:24,F3,0.8266,OK,0
2026-04-07 04:45:34,F3,0.8267,OK,0
2026-04-07 04:45:44,F3,0.8267,OK,0
2026-04-07 04:45:54,F3,0.8268,OK,0
2026-04-07 04:46:05,F3,0.8269,OK,0
2026-04-07 04:46:15,F3,0.8269,OK,0
2026-04-07 04:46:25,F3,0.8270,OK,0
2026-04-07 04:46:35,F3,0.8271,OK,0
2026-04-07 04:46:46,F3,0.8271,OK,0
2026-04-07 04:46:56,F3,0.8272,OK,0
2026-04-07 04:47:06,F3,0.8273,OK,0
2026-04-07 04:47:16,F3,0.8273,OK,0
2026-04-07 04:47:27,F3,0.8274,OK,0
2026-04-07 04:47:37,F3,0.8275,OK,0
2026-04-07 04:47:47,F3,0.8275,OK,0
2026-04-07 04:47:57,F3,0.8276,OK,0
2026-04-07 04:48:08,F3,0.8277,OK,0
2026-04-07 04:48:18,F3,0.8277,OK,0
2026-04-07 04:48:28,F3,0.8278,OK,0
2026-04-07 04:48:38,F3,0.8279,OK,0
2026-04-07 04:48:48,F3,0.8280,OK,0
2026-04-07 04:48:59,F3,0.8280,OK,0
2026-04-07 04:49:09,F3,0.8281,OK,0
2026-04-07 04:49:19,F3,0.8282,OK,0
2026-04-07 04:49:29,F3,0.8283,OK,0
2026-04-07 04:49:40,F3,0.8284,OK,0
2026-04-07 04:49:50,F3,0.8284,OK,0
2026-04-07 04:50:00,F3,0.8285,OK,0
2026-04-07 04:50:11,F3,0.8286,OK,0
2026-04-07 04:50:21,F3,0.8287,OK,0
2026-04-07 04:50:31,F3,0.8288,OK,0
2026-04-07 04:50:41,F3,0.8289,OK,0
2026-04-07 04:50:51,F3,0.8290,OK,0
2026-04-07 04:51:02,F3,0.8291,OK,0
2026-04-07 04:51:12,F3,0.8291,OK,0
2026-04-07 04:51:22,F3,0.8292,OK,0
2026-04-07 04:51:32,F3,0.8293,OK,0
2026-04-07 04:51:43,F3,0.8294,OK,0
2026-04-07 04:51:53,F3,0.8295,OK,0
2026-04-07 04:52:03,F3,0.8296,OK,0
2026-04-07 04:52:13,F3,0.8297,OK,0
2026-04-07 04:52:24,F3,0.8298,OK,0
2026-04-07 04:52:34,F3,0.8300,OK,0
2026-04-07 04:52:44,F3,0.8301,OK,0
2026-04-07 04:52:54,F3,0.8302,OK,0
2026-04-07 04:53:05,F3,0.8303,OK,0
2026-04-07 04:53:15,F3,0.8304,OK,0
2026-04-07 04:53:25,F3,0.8305,OK,0
2026-04-07 04:53:35,F3,0.8306,OK,0
2026-04-07 04:53:46,F3,0.8307,OK,0
2026-04-07 04:53:56,F3,0.8308,OK,0
2026-04-07 04:54:06,F3,0.8309,OK,0
2026-04-07 04:54:16,F3,0.8311,OK,0
2026-04-07 04:54:27,F3,0.8312,OK,0
2026-04-07 04:54:37,F3,0.8313,OK,0
2026-04-07 04:54:47,F3,0.8314,OK,0
2026-04-07 04:54:57,F3,0.8315,OK,0
2026-04-07 04:55:08,F3,0.8316,OK,0
2026-04-07 04:55:18,F3,0.8318,OK,0
2026-04-07 04:55:28,F3,0.8319,OK,0
2026-04-07 04:55:38,F3,0.8320,OK,0
2026-04-07 04:55:49,F3,0.8321,OK,0
2026-04-07 04:55:59,F3,0.8322,OK,0
2026-04-07 04:56:09,F3,0.8324,OK,0
2026-04-07 04:56:19,F3,0.8325,OK,0
2026-04-07 04:56:30,F3,0.8326,OK,0
2026-04-07 04:56:40,F3,0.8327,OK,0
2026-04-07 04:56:50,F3,0.8329,OK,0
2026-04-07 04:57:00,F3,0.8330,OK,0
2026-04-07 04:57:11,F3,0.8331,OK,0
2026-04-07 04:57:21,F3,0.8333,OK,0
2026-04-07 04:57:31,F3,0.8334,OK,0
2026-04-07 04:57:41,F3,0.8335,OK,0
2026-04-07 04:57:52,F3,0.8337,OK,0
2026-04-07 04:58:02,F3,0.8338,OK,0
2026-04-07 04:58:12,F3,0.8340,OK,0
2026-04-07 04:58:22,F3,0.8341,OK,0
2026-04-07 04:58:33,F3,0.8342,OK,0
2026-04-07 04:58:43,F3,0.8344,OK,0
2026-04-07 04:58:53,F3,0.8345,OK,0
2026-04-07 04:59:03,F3,0.8347,OK,0
2026-04-07 04:59:14,F3,0.8348,OK,0
2026-04-07 04:59:24,F3,0.8350,OK,0
2026-04-07 04:59:34,F3,0.8351,OK,0
2026-04-07 04:59:44,F3,0.8353,OK,0
2026-04-07 04:59:55,F3,0.8354,OK,0
2026-04-07 05:00:05,F3,0.8356,OK,0
2026-04-07 05:00:15,F3,0.8357,OK,0
2026-04-07 05:00:25,F3,0.8359,OK,0
2026-04-07 05:00:35,F3,0.8360,OK,0
2026-04-07 05:00:46,F3,0.8362,OK,0
2026-04-07 05:00:56,F3,0.8364,OK,0
2026-04-07 05:01:06,F3,0.8365,OK,0
2026-04-07 05:01:16,F3,0.8367,OK,0
2026-04-07 05:01:27,F3,0.8368,OK,0
2026-04-07 05:01:37,F3,0.8370,OK,0
2026-04-07 05:01:47,F3,0.8371,OK,0
2026-04-07 05:01:58,F3,0.8373,OK,0
2026-04-07 05:02:08,F3,0.8375,OK,0
2026-04-07 05:02:18,F3,0.8376,OK,0
2026-04-07 05:02:28,F3,0.8378,OK,0
2026-04-07 05:02:39,F3,0.8379,OK,0
2026-04-07 05:02:49,F3,0.8381,OK,0
2026-04-07 05:02:59,F3,0.8383,OK,0
2026-04-07 05:03:09,F3,0.8384,OK,0
2026-04-07 05:03:20,F3,0.8386,OK,0
2026-04-07 05:03:30,F3,0.8387,OK,0
2026-04-07 05:03:40,F3,0.8389,OK,0
2026-04-07 05:03:50,F3,0.8391,OK,0
2026-04-07 05:04:01,F3,0.8392,OK,0
2026-04-07 05:04:11,F3,0.8394,OK,0
2026-04-07 05:04:21,F3,0.8396,OK,0
2026-04-07 05:04:31,F3,0.8398,OK,0
2026-04-07 05:04:42,F3,0.8399,OK,0
2026-04-07 05:04:52,F3,0.8401,OK,0
2026-04-07 05:05:02,F3,0.8403,OK,0
2026-04-07 05:05:12,F3,0.8404,OK,0
2026-04-07 05:05:23,F3,0.8406,OK,0
2026-04-07 05:05:33,F3,0.8408,OK,0
2026-04-07 05:05:43,F3,0.8410,OK,0
2026-04-07 05:05:53,F3,0.8412,OK,0
2026-04-07 05:06:03,F3,0.8413,OK,0
2026-04-07 05:06:14,F3,0.8415,OK,0
2026-04-07 05:06:24,F3,0.8417,OK,0
2026-04-07 05:06:34,F3,0.8419,OK,0
2026-04-07 05:06:44,F3,0.8421,OK,0
2026-04-07 05:06:55,F3,0.8422,OK,0
2026-04-07 05:07:05,F3,0.8424,OK,0
2026-04-07 05:07:15,F3,0.8426,OK,0
2026-04-07 05:07:25,F3,0.8428,OK,0
2026-04-07 05:07:36,F3,0.8430,OK,0
2026-04-07 05:07:46,F3,0.8431,OK,0
2026-04-07 05:07:56,F3,0.8433,OK,0
2026-04-07 05:08:06,F3,0.8435,OK,0
2026-04-07 05:08:17,F3,0.8437,OK,0
2026-04-07 05:08:27,F3,0.8439,OK,0
2026-04-07 05:08:37,F3,0.8441,OK,0
2026-04-07 05:08:47,F3,0.8442,OK,0
2026-04-07 05:08:58,F3,0.8444,OK,0
2026-04-07 05:09:08,F3,0.8446,OK,0
2026-04-07 05:09:18,F3,0.8448,OK,0
2026-04-07 05:09:28,F3,0.8450,OK,0
2026-04-07 05:09:39,F3,0.8451,OK,0
2026-04-07 05:09:49,F3,0.8453,OK,0
2026-04-07 05:09:59,F3,0.8455,OK,0
2026-04-07 05:10:09,F3,0.8457,OK,0
2026-04-07 05:10:20,F3,0.8459,OK,0
2026-04-07 05:10:30,F3,0.8461,OK,0
2026-04-07 05:10:40,F3,0.8463,OK,0
2026-04-07 05:10:50,F3,0.8464,OK,0
2026-04-07 05:11:01,F3,0.8466,OK,0
2026-04-07 05:11:11,F3,0.8468,OK,0
2026-04-07 05:11:21,F3,0.8470,OK,0
2026-04-07 05:11:31,F3,0.8472,OK,0
2026-04-07 05:11:42,F3,0.8474,OK,0
2026-04-07 05:11:52,F3,0.8476,OK,0
2026-04-07 05:12:02,F3,0.8478,OK,0
2026-04-07 05:12:12,F3,0.8479,OK,0
2026-04-07 05:12:23,F3,0.8481,OK,0
2026-04-07 05:12:33,F3,0.8483,OK,0
2026-04-07 05:12:43,F3,0.8485,OK,0
2026-04-07 05:12:53,F3,0.8487,OK,0
2026-04-07 05:13:03,F3,0.8489,OK,0
2026-04-07 05:13:14,F3,0.8491,OK,0
2026-04-07 05:13:24,F3,0.8493,OK,0
2026-04-07 05:13:34,F3,0.8494,OK,0
2026-04-07 05:13:44,F3,0.8496,OK,0
2026-04-07 05:13:55,F3,0.8498,OK,0
2026-04-07 05:14:05,F3,0.8500,OK,0
2026-04-07 05:14:15,F3,0.8501,OK,0
2026-04-07 05:14:25,F3,0.8503,OK,0
2026-04-07 05:14:36,F3,0.8505,OK,0
2026-04-07 05:14:46,F3,0.8507,OK,0
2026-04-07 05:14:56,F3,0.8508,OK,0
2026-04-07 05:15:06,F3,0.8510,OK,0
2026-04-07 05:15:17,F3,0.8511,OK,0
2026-04-07 05:15:27,F3,0.8513,OK,0
2026-04-07 05:15:37,F3,0.8515,OK,0
2026-04-07 05:15:47,F3,0.8516,OK,0
2026-04-07 05:15:58,F3,0.8518,OK,0
2026-04-07 05:16:08,F3,0.8519,OK,0
2026-04-07 05:16:18,F3,0.8520,OK,0
2026-04-07 05:16:28,F3,0.8522,OK,0
2026-04-07 05:16:39,F3,0.8523,OK,0
2026-04-07 05:16:49,F3,0.8525,OK,0
2026-04-07 05:16:59,F3,0.8526,OK,0
2026-04-07 05:17:09,F3,0.8527,OK,0
2026-04-07 05:17:20,F3,0.8529,OK,0
2026-04-07 05:17:30,F3,0.8530,OK,0
2026-04-07 05:17:40,F3,0.8531,OK,0
2026-04-07 05:17:50,F3,0.8532,OK,0
2026-04-07 05:18:01,F3,0.8534,OK,0
2026-04-07 05:18:11,F3,0.8535,OK,0
2026-04-07 05:18:21,F3,0.8536,OK,0
2026-04-07 05:18:31,F3,0.8537,OK,0
2026-04-07 05:18:42,F3,0.8538,OK,0
2026-04-07 05:18:52,F3,0.8540,OK,0
2026-04-07 05:19:02,F3,0.8541,OK,0
2026-04-07 05:19:12,F3,0.8542,OK,0
2026-04-07 05:19:22,F3,0.8543,OK,0
2026-04-07 05:19:33,F3,0.8544,OK,0
2026-04-07 05:19:43,F3,0.8545,OK,0
2026-04-07 05:19:53,F3,0.8546,OK,0
2026-04-07 05:20:03,F3,0.8547,OK,0
2026-04-07 05:20:14,F3,0.8549,OK,0
2026-04-07 05:20:24,F3,0.8550,OK,0
2026-04-07 05:20:34,F3,0.8551,OK,0
2026-04-07 05:20:45,F3,0.8552,OK,0
2026-04-07 05:20:55,F3,0.8553,OK,0
2026-04-07 05:21:05,F3,0.8554,OK,0
2026-04-07 05:21:15,F3,0.8555,OK,0
2026-04-07 05:21:26,F3,0.8556,OK,0
2026-04-07 05:21:36,F3,0.8557,OK,0
2026-04-07 05:21:46,F3,0.8558,OK,0
2026-04-07 05:21:56,F3,0.8559,OK,0
2026-04-07 05:22:06,F3,0.8560,OK,0
2026-04-07 05:22:17,F3,0.8561,OK,0
2026-04-07 05:22:27,F3,0.8562,OK,0
2026-04-07 05:22:37,F3,0.8563,OK,0
2026-04-07 05:22:47,F3,0.8564,OK,0
2026-04-07 05:22:58,F3,0.8565,OK,0
2026-04-07 05:23:08,F3,0.8566,OK,0
2026-04-07 05:23:18,F3,0.8567,OK,0
2026-04-07 05:23:28,F3,0.8568,OK,0
2026-04-07 05:23:39,F3,0.8569,OK,0
2026-04-07 05:23:49,F3,0.8570,OK,0
2026-04-07 05:23:59,F3,0.8570,OK,0
2026-04-07 05:24:09,F3,0.8571,OK,0
2026-04-07 05:24:20,F3,0.8572,OK,0
2026-04-07 05:24:30,F3,0.8573,OK,0
2026-04-07 05:24:40,F3,0.8574,OK,0
2026-04-07 05:24:50,F3,0.8575,OK,0
2026-04-07 05:25:01,F3,0.8576,OK,0
2026-04-07 05:25:11,F3,0.8577,OK,0
2026-04-07 05:25:21,F3,0.8578,OK,0
2026-04-07 05:25:31,F3,0.8579,OK,0
2026-04-07 05:25:42,F3,0.8580,OK,0
2026-04-07 05:25:52,F3,0.8580,OK,0
2026-04-07 05:26:02,F3,0.8581,OK,0
2026-04-07 05:26:12,F3,0.8582,OK,0
2026-04-07 05:26:23,F3,0.8583,OK,0
2026-04-07 05:26:33,F3,0.8584,OK,0
2026-04-07 05:26:43,F3,0.8585,OK,0
2026-04-07 05:26:53,F3,0.8586,OK,0
2026-04-07 05:27:04,F3,0.8587,OK,0
2026-04-07 05:27:14,F3,0.8588,OK,0
2026-04-07 05:27:24,F3,0.8589,OK,0
2026-04-07 05:27:34,F3,0.8590,OK,0
2026-04-07 05:27:44,F3,0.8591,OK,0
2026-04-07 05:27:55,F3,0.8592,OK,0
2026-04-07 05:28:05,F3,0.8593,OK,0
2026-04-07 05:28:15,F3,0.8594,OK,0
2026-04-07 05:28:25,F3,0.8595,OK,0
2026-04-07 05:28:36,F3,0.8596,OK,0
2026-04-07 05:28:46,F3,0.8597,OK,0
2026-04-07 05:28:56,F3,0.8598,OK,0
2026-04-07 05:29:06,F3,0.8599,OK,0
2026-04-07 05:29:17,F3,0.8600,OK,0
2026-04-07 05:29:27,F3,0.8601,OK,0
2026-04-07 05:29:37,F3,0.8602,OK,0
2026-04-07 05:29:47,F3,0.8603,OK,0
2026-04-07 05:29:58,F3,0.8604,OK,0
2026-04-07 05:30:08,F3,0.8605,OK,0
2026-04-07 05:30:18,F3,0.8606,OK,0
2026-04-07 05:30:28,F3,0.8607,OK,0
2026-04-07 05:30:39,F3,0.8608,OK,0
2026-04-07 05:30:49,F3,0.8609,OK,0
2026-04-07 05:30:59,F3,0.8610,OK,0
2026-04-07 05:31:09,F3,0.8611,OK,0
2026-04-07 05:31:20,F3,0.8612,OK,0
2026-04-07 05:31:30,F3,0.8613,OK,0
2026-04-07 05:31:40,F3,0.8614,OK,0
2026-04-07 05:31:50,F3,0.8615,OK,0
2026-04-07 05:32:01,F3,0.8616,OK,0
2026-04-07 05:32:11,F3,0.8617,OK,0
2026-04-07 05:32:21,F3,0.8618,OK,0
2026-04-07 05:32:31,F3,0.8619,OK,0
2026-04-07 05:32:42,F3,0.8620,OK,0
2026-04-07 05:32:52,F3,0.8621,OK,0
2026-04-07 05:33:02,F3,0.8622,OK,0
2026-04-07 05:33:12,F3,0.8623,OK,0
2026-04-07 05:33:23,F3,0.8625,OK,0
2026-04-07 05:33:33,F3,0.8626,OK,0
2026-04-07 05:33:43,F3,0.8627,OK,0
2026-04-07 05:33:53,F3,0.8628,OK,0
2026-04-07 05:34:04,F3,0.8629,OK,0
2026-04-07 05:34:14,F3,0.8631,OK,0
2026-04-07 05:34:24,F3,0.8632,OK,0
2026-04-07 05:34:34,F3,0.8633,OK,0
2026-04-07 05:34:45,F3,0.8634,OK,0
2026-04-07 05:34:55,F3,0.8636,OK,0
2026-04-07 05:35:05,F3,0.8637,OK,0
2026-04-07 05:35:15,F3,0.8638,OK,0
2026-04-07 05:35:26,F3,0.8639,OK,0
2026-04-07 05:35:36,F3,0.8641,OK,0
2026-04-07 05:35:46,F3,0.8642,OK,0
2026-04-07 05:35:56,F3,0.8643,OK,0
2026-04-07 05:36:07,F3,0.8645,OK,0
2026-04-07 05:36:17,F3,0.8646,OK,0
2026-04-07 05:36:27,F3,0.8647,OK,0
2026-04-07 05:36:37,F3,0.8649,OK,0
2026-04-07 05:36:48,F3,0.8650,OK,0
2026-04-07 05:36:58,F3,0.8652,OK,0
2026-04-07 05:37:08,F3,0.8653,OK,0
2026-04-07 05:37:18,F3,0.8654,OK,0
2026-04-07 05:37:29,F3,0.8656,OK,0
2026-04-07 05:37:39,F3,0.8657,OK,0
2026-04-07 05:37:49,F3,0.8659,OK,0
2026-04-07 05:37:59,F3,0.8660,OK,0
2026-04-07 05:38:10,F3,0.8661,OK,0
2026-04-07 05:38:20,F3,0.8663,OK,0
2026-04-07 05:38:30,F3,0.8664,OK,0
2026-04-07 05:38:40,F3,0.8666,OK,0
2026-04-07 05:38:51,F3,0.8667,OK,0
2026-04-07 05:39:01,F3,0.8669,OK,0
2026-04-07 05:39:11,F3,0.8670,OK,0
2026-04-07 05:39:21,F3,0.8672,OK,0
2026-04-07 05:39:32,F3,0.8673,OK,0
2026-04-07 05:39:42,F3,0.8675,OK,0
2026-04-07 05:39:52,F3,0.8676,OK,0
2026-04-07 05:40:02,F3,0.8678,OK,0
2026-04-07 05:40:13,F3,0.8679,OK,0
2026-04-07 05:40:23,F3,0.8681,OK,0
2026-04-07 05:40:33,F3,0.8683,OK,0
2026-04-07 05:40:43,F3,0.8684,OK,0
2026-04-07 05:40:54,F3,0.8686,OK,0
2026-04-07 05:41:04,F3,0.8687,OK,0
2026-04-07 05:41:14,F3,0.8689,OK,0
2026-04-07 05:41:24,F3,0.8691,OK,0
2026-04-07 05:41:35,F3,0.8692,OK,0
2026-04-07 05:41:45,F3,0.8694,OK,0
2026-04-07 05:41:55,F3,0.8696,OK,0
2026-04-07 05:42:05,F3,0.8697,OK,0
2026-04-07 05:42:16,F3,0.8699,OK,0
2026-04-07 05:42:26,F3,0.8701,OK,0
2026-04-07 05:42:36,F3,0.8702,OK,0
2026-04-07 05:42:46,F3,0.8704,OK,0
2026-04-07 05:42:57,F3,0.8706,OK,0
2026-04-07 05:43:07,F3,0.8708,OK,0
2026-04-07 05:43:17,F3,0.8709,OK,0
2026-04-07 05:43:27,F3,0.8711,OK,0
2026-04-07 05:43:38,F3,0.8713,OK,0
2026-04-07 05:43:48,F3,0.8715,OK,0
2026-04-07 05:43:58,F3,0.8716,OK,0
2026-04-07 05:44:08,F3,0.8718,OK,0
2026-04-07 05:44:19,F3,0.8720,OK,0
2026-04-07 05:44:29,F3,0.8722,OK,0
2026-04-07 05:44:39,F3,0.8724,OK,0
2026-04-07 05:44:49,F3,0.8725,OK,0
2026-04-07 05:45:00,F3,0.8727,OK,0
2026-04-07 05:45:10,F3,0.8729,OK,0
2026-04-07 05:45:20,F3,0.8731,OK,0
2026-04-07 05:45:30,F3,0.8733,OK,0
2026-04-07 05:45:41,F3,0.8734,OK,0
2026-04-07 05:45:51,F3,0.8736,OK,0
2026-04-07 05:46:01,F3,0.8738,OK,0
2026-04-07 05:46:11,F3,0.8740,OK,0
2026-04-07 05:46:22,F3,0.8742,OK,0
2026-04-07 05:46:32,F3,0.8744,OK,0
2026-04-07 05:46:42,F3,0.8746,OK,0
2026-04-07 05:46:52,F3,0.8747,OK,0
2026-04-07 05:47:03,F3,0.8749,OK,0
2026-04-07 05:47:13,F3,0.8751,OK,0
2026-04-07 05:47:23,F3,0.8753,OK,0
2026-04-07 05:47:33,F3,0.8755,OK,0
2026-04-07 05:47:44,F3,0.8757,OK,0
2026-04-07 05:47:54,F3,0.8759,OK,0
2026-04-07 05:48:04,F3,0.8761,OK,0
2026-04-07 05:48:14,F3,0.8763,OK,0
2026-04-07 05:48:25,F3,0.8765,OK,0
2026-04-07 05:48:35,F3,0.8767,OK,0
2026-04-07 05:48:45,F3,0.8769,OK,0
2026-04-07 05:48:55,F3,0.8771,OK,0
2026-04-07 05:49:06,F3,0.8774,OK,0
2026-04-07 05:49:16,F3,0.8776,OK,0
2026-04-07 05:49:26,F3,0.8778,OK,0
2026-04-07 05:49:36,F3,0.8780,OK,0
2026-04-07 05:49:47,F3,0.8782,OK,0
2026-04-07 05:49:57,F3,0.8784,OK,0
2026-04-07 05:50:07,F3,0.8786,OK,0
2026-04-07 05:50:17,F3,0.8789,OK,0
2026-04-07 05:50:28,F3,0.8791,OK,0
2026-04-07 05:50:38,F3,0.8793,OK,0
2026-04-07 05:50:48,F3,0.8795,OK,0
2026-04-07 05:50:58,F3,0.8797,OK,0
2026-04-07 05:51:09,F3,0.8799,OK,0
2026-04-07 05:51:19,F3,0.8802,OK,0
2026-04-07 05:51:29,F3,0.8804,OK,0
2026-04-07 05:51:39,F3,0.8806,OK,0
2026-04-07 05:51:50,F3,0.8808,OK,0
2026-04-07 05:52:00,F3,0.8811,OK,0
2026-04-07 05:52:10,F3,0.8813,OK,0
2026-04-07 05:52:20,F3,0.8815,OK,0
2026-04-07 05:52:31,F3,0.8817,OK,0
2026-04-07 05:52:41,F3,0.8820,OK,0
2026-04-07 05:52:51,F3,0.8822,OK,0
2026-04-07 05:53:01,F3,0.8824,OK,0
2026-04-07 05:53:12,F3,0.8826,OK,0
2026-04-07 05:53:22,F3,0.8829,OK,0
2026-04-07 05:53:32,F3,0.8831,OK,0
2026-04-07 05:53:42,F3,0.8833,OK,0
2026-04-07 05:53:52,F3,0.8836,OK,0
2026-04-07 05:54:03,F3,0.8838,OK,0
2026-04-07 05:54:13,F3,0.8840,OK,0
2026-04-07 05:54:23,F3,0.8843,OK,0
2026-04-07 05:54:33,F3,0.8845,OK,0
2026-04-07 05:54:44,F3,0.8848,OK,0
2026-04-07 05:54:54,F3,0.8850,OK,0
2026-04-07 05:55:04,F3,0.8852,OK,0
2026-04-07 05:55:15,F3,0.8855,OK,0
2026-04-07 05:55:25,F3,0.8857,OK,0
2026-04-07 05:55:35,F3,0.8860,OK,0
2026-04-07 05:55:45,F3,0.8862,OK,0
2026-04-07 05:55:56,F3,0.8864,OK,0
2026-04-07 05:56:06,F3,0.8867,OK,0
2026-04-07 05:56:16,F3,0.8869,OK,0
2026-04-07 05:56:26,F3,0.8872,OK,0
2026-04-07 05:56:36,F3,0.8874,OK,0
2026-04-07 05:56:47,F3,0.8876,OK,0
2026-04-07 05:56:57,F3,0.8879,OK,0
2026-04-07 05:57:07,F3,0.8881,OK,0
2026-04-07 05:57:17,F3,0.8884,OK,0
2026-04-07 05:57:28,F3,0.8886,OK,0
2026-04-07 05:57:38,F3,0.8888,OK,0
2026-04-07 05:57:48,F3,0.8891,OK,0
2026-04-07 05:57:58,F3,0.8893,OK,0
2026-04-07 05:58:09,F3,0.8895,OK,0
2026-04-07 05:58:19,F3,0.8897,OK,0
2026-04-07 05:58:29,F3,0.8899,OK,0
2026-04-07 05:58:39,F3,0.8902,OK,0
2026-04-07 05:58:50,F3,0.8904,OK,0
2026-04-07 05:59:00,F3,0.8906,OK,0
2026-04-07 05:59:10,F3,0.8908,OK,0
2026-04-07 05:59:20,F3,0.8910,OK,0
2026-04-07 05:59:31,F3,0.8912,OK,0
2026-04-07 05:59:41,F3,0.8914,OK,0
2026-04-07 05:59:51,F3,0.8916,OK,0
2026-04-07 06:00:01,F3,0.8918,OK,0
2026-04-07 06:00:12,F3,0.8920,OK,0
2026-04-07 06:00:22,F3,0.8922,OK,0
2026-04-07 06:00:32,F3,0.8924,OK,0
2026-04-07 06:00:42,F3,0.8926,OK,0
2026-04-07 06:00:53,F3,0.8928,OK,0
2026-04-07 06:01:03,F3,0.8930,OK,0
2026-04-07 06:01:13,F3,0.8931,OK,0
2026-04-07 06:01:23,F3,0.8933,OK,0
2026-04-07 06:01:34,F3,0.8935,OK,0
2026-04-07 06:01:44,F3,0.8937,OK,0
2026-04-07 06:01:54,F3,0.8939,OK,0
2026-04-07 06:02:04,F3,0.8940,OK,0
2026-04-07 06:02:15,F3,0.8942,OK,0
2026-04-07 06:02:25,F3,0.8944,OK,0
2026-04-07 06:02:35,F3,0.8946,OK,0
2026-04-07 06:02:45,F3,0.8947,OK,0
2026-04-07 06:02:56,F3,0.8949,OK,0
2026-04-07 06:03:06,F3,0.8951,OK,0
2026-04-07 06:03:16,F3,0.8952,OK,0
2026-04-07 06:03:26,F3,0.8954,OK,0
2026-04-07 06:03:37,F3,0.8956,OK,0
2026-04-07 06:03:47,F3,0.8957,OK,0
2026-04-07 06:03:57,F3,0.8959,OK,0
2026-04-07 06:04:07,F3,0.8960,OK,0
2026-04-07 06:04:18,F3,0.8962,OK,0
2026-04-07 06:04:28,F3,0.8963,OK,0
2026-04-07 06:04:38,F3,0.8965,OK,0
2026-04-07 06:04:48,F3,0.8966,OK,0
2026-04-07 06:04:59,F3,0.8968,OK,0
2026-04-07 06:05:09,F3,0.8969,OK,0
2026-04-07 06:05:19,F3,0.8971,OK,0
2026-04-07 06:05:29,F3,0.8972,OK,0
2026-04-07 06:05:40,F3,0.8973,OK,0
2026-04-07 06:05:50,F3,0.8975,OK,0
2026-04-07 06:06:00,F3,0.8976,OK,0
2026-04-07 06:06:10,F3,0.8977,OK,0
2026-04-07 06:06:21,F3,0.8979,OK,0
2026-04-07 06:06:31,F3,0.8980,OK,0
2026-04-07 06:06:41,F3,0.8981,OK,0
2026-04-07 06:06:51,F3,0.8983,OK,0
2026-04-07 06:07:02,F3,0.8984,OK,0
2026-04-07 06:07:12,F3,0.8985,OK,0
2026-04-07 06:07:22,F3,0.8986,OK,0
2026-04-07 06:07:32,F3,0.8987,OK,0
2026-04-07 06:07:43,F3,0.8989,OK,0
2026-04-07 06:07:53,F3,0.8990,OK,0
2026-04-07 06:08:03,F3,0.8991,OK,0
2026-04-07 06:08:13,F3,0.8992,OK,0
2026-04-07 06:08:24,F3,0.8993,OK,0
2026-04-07 06:08:34,F3,0.8994,OK,0
2026-04-07 06:08:44,F3,0.8996,OK,0
2026-04-07 06:08:54,F3,0.8997,OK,0
2026-04-07 06:09:05,F3,0.8998,OK,0
2026-04-07 06:09:15,F3,0.8999,OK,0
2026-04-07 06:09:25,F3,0.9000,OK,0
2026-04-07 06:09:35,F3,0.9001,OK,0
2026-04-07 06:09:46,F3,0.9002,OK,0
2026-04-07 06:09:56,F3,0.9004,OK,0
2026-04-07 06:10:06,F3,0.9005,OK,0
2026-04-07 06:10:16,F3,0.9006,OK,0
2026-04-07 06:10:27,F3,0.9007,OK,0
2026-04-07 06:10:37,F3,0.9008,OK,0
2026-04-07 06:10:47,F3,0.9009,OK,0
2026-04-07 06:10:57,F3,0.9010,OK,0
2026-04-07 06:11:08,F3,0.9011,OK,0
2026-04-07 06:11:18,F3,0.9012,OK,0
2026-04-07 06:11:28,F3,0.9013,OK,0
2026-04-07 06:11:38,F3,0.9014,OK,0
2026-04-07 06:11:49,F3,0.9015,OK,0
2026-04-07 06:11:59,F3,0.9017,OK,0
2026-04-07 06:12:09,F3,0.9018,OK,0
2026-04-07 06:12:19,F3,0.9019,OK,0
2026-04-07 06:12:30,F3,0.9020,OK,0
2026-04-07 06:12:40,F3,0.9021,OK,0
2026-04-07 06:12:50,F3,0.9022,OK,0
2026-04-07 06:13:00,F3,0.9023,OK,0
2026-04-07 06:13:11,F3,0.9024,OK,0
2026-04-07 06:13:21,F3,0.9025,OK,0
2026-04-07 06:13:31,F3,0.9026,OK,0
2026-04-07 06:13:41,F3,0.9027,OK,0
2026-04-07 06:13:52,F3,0.9028,OK,0
2026-04-07 06:14:02,F3,0.9029,OK,0
2026-04-07 06:14:12,F3,0.9030,OK,0
2026-04-07 06:14:22,F3,0.9031,OK,0
2026-04-07 06:14:33,F3,0.9032,OK,0
2026-04-07 06:14:43,F3,0.9033,OK,0
2026-04-07 06:14:53,F3,0.9034,OK,0
2026-04-07 06:15:03,F3,0.9035,OK,0
2026-04-07 06:15:14,F3,0.9036,OK,0
2026-04-07 06:15:24,F3,0.9037,OK,0
2026-04-07 06:15:34,F3,0.9038,OK,0
2026-04-07 06:15:44,F3,0.9039,OK,0
2026-04-07 06:15:55,F3,0.9040,OK,0
2026-04-07 06:16:05,F3,0.9041,OK,0
2026-04-07 06:16:15,F3,0.9042,OK,0
2026-04-07 06:16:25,F3,0.9043,OK,0
2026-04-07 06:16:36,F3,0.9044,OK,0
2026-04-07 06:16:46,F3,0.9046,OK,0
2026-04-07 06:16:56,F3,0.9047,OK,0
2026-04-07 06:17:06,F3,0.9048,OK,0
2026-04-07 06:17:17,F3,0.9049,OK,0
2026-04-07 06:17:27,F3,0.9050,OK,0
2026-04-07 06:17:37,F3,0.9051,OK,0
2026-04-07 06:17:47,F3,0.9052,OK,0
2026-04-07 06:17:58,F3,0.9053,OK,0
2026-04-07 06:18:08,F3,0.9054,OK,0
2026-04-07 06:18:18,F3,0.9055,OK,0
2026-04-07 06:18:28,F3,0.9057,OK,0
2026-04-07 06:18:39,F3,0.9058,OK,0
2026-04-07 06:18:49,F3,0.9059,OK,0
2026-04-07 06:18:59,F3,0.9060,OK,0
2026-04-07 06:19:09,F3,0.9061,OK,0
2026-04-07 06:19:19,F3,0.9062,OK,0
2026-04-07 06:19:30,F3,0.9063,OK,0
2026-04-07 06:19:40,F3,0.9064,OK,0
2026-04-07 06:19:50,F3,0.9065,OK,0
2026-04-07 06:20:00,F3,0.9067,OK,0
2026-04-07 06:20:11,F3,0.9068,OK,0
2026-04-07 06:20:21,F3,0.9069,OK,0
2026-04-07 06:20:31,F3,0.9070,OK,0
2026-04-07 06:20:41,F3,0.9071,OK,0
2026-04-07 06:20:52,F3,0.9072,OK,0
2026-04-07 06:21:02,F3,0.9073,OK,0
2026-04-07 06:21:12,F3,0.9074,OK,0
2026-04-07 06:21:22,F3,0.9076,OK,0
2026-04-07 06:21:33,F3,0.9077,OK,0
2026-04-07 06:21:43,F3,0.9078,OK,0
2026-04-07 06:21:53,F3,0.9079,OK,0
2026-04-07 06:22:03,F3,0.9080,OK,0
2026-04-07 06:22:14,F3,0.9081,OK,0
2026-04-07 06:22:24,F3,0.9083,OK,0
2026-04-07 06:22:34,F3,0.9084,OK,0
2026-04-07 06:22:44,F3,0.9085,OK,0
2026-04-07 06:22:55,F3,0.9086,OK,0
2026-04-07 06:23:05,F3,0.9087,OK,0
2026-04-07 06:23:15,F3,0.9089,OK,0
2026-04-07 06:23:25,F3,0.9090,OK,0
2026-04-07 06:23:36,F3,0.9091,OK,0
2026-04-07 06:23:46,F3,0.9092,OK,0
2026-04-07 06:23:56,F3,0.9094,OK,0
2026-04-07 06:24:06,F3,0.9095,OK,0
2026-04-07 06:24:17,F3,0.9096,OK,0
2026-04-07 06:24:27,F3,0.9098,OK,0
2026-04-07 06:24:37,F3,0.9099,OK,0
2026-04-07 06:24:47,F3,0.9100,OK,0
2026-04-07 06:24:58,F3,0.9102,OK,0
2026-04-07 06:25:08,F3,0.9103,OK,0
2026-04-07 06:25:18,F3,0.9104,OK,0
2026-04-07 06:25:28,F3,0.9106,OK,0
2026-04-07 06:25:39,F3,0.9107,OK,0
2026-04-07 06:25:49,F3,0.9108,OK,0
2026-04-07 06:25:59,F3,0.9110,OK,0
2026-04-07 06:26:09,F3,0.9111,OK,0
2026-04-07 06:26:20,F3,0.9112,OK,0
2026-04-07 06:26:30,F3,0.9114,OK,0
2026-04-07 06:26:40,F3,0.9115,OK,0
2026-04-07 06:26:50,F3,0.9117,OK,0
2026-04-07 06:27:01,F3,0.9118,OK,0
2026-04-07 06:27:11,F3,0.9120,OK,0
2026-04-07 06:27:21,F3,0.9121,OK,0
2026-04-07 06:27:31,F3,0.9122,OK,0
2026-04-07 06:27:42,F3,0.9124,OK,0
2026-04-07 06:27:52,F3,0.9125,OK,0
2026-04-07 06:28:02,F3,0.9127,OK,0
2026-04-07 06:28:12,F3,0.9128,OK,0
2026-04-07 06:28:23,F3,0.9130,OK,0
2026-04-07 06:28:33,F3,0.9131,OK,0
2026-04-07 06:28:43,F3,0.9133,OK,0
2026-04-07 06:28:53,F3,0.9134,OK,0
2026-04-07 06:29:04,F3,0.9136,OK,0
2026-04-07 06:29:14,F3,0.9138,OK,0
2026-04-07 06:29:24,F3,0.9139,OK,0
2026-04-07 06:29:34,F3,0.9141,OK,0
2026-04-07 06:29:45,F3,0.9143,OK,0
2026-04-07 06:29:55,F3,0.9144,OK,0
2026-04-07 06:30:05,F3,0.9146,OK,0
2026-04-07 06:30:15,F3,0.9148,OK,0
2026-04-07 06:30:26,F3,0.9149,OK,0
2026-04-07 06:30:36,F3,0.9151,OK,0
2026-04-07 06:30:46,F3,0.9153,OK,0
2026-04-07 06:30:56,F3,0.9155,OK,0
2026-04-07 06:31:07,F3,0.9156,OK,0
2026-04-07 06:31:17,F3,0.9158,OK,0
2026-04-07 06:31:27,F3,0.9160,OK,0
2026-04-07 06:31:37,F3,0.9162,OK,0
2026-04-07 06:31:48,F3,0.9163,OK,0
2026-04-07 06:31:58,F3,0.9165,OK,0
2026-04-07 06:32:08,F3,0.9167,OK,0
2026-04-07 06:32:18,F3,0.9169,OK,0
2026-04-07 06:32:29,F3,0.9171,OK,0
2026-04-07 06:32:39,F3,0.9173,OK,0
2026-04-07 06:32:49,F3,0.9175,OK,0
2026-04-07 06:32:59,F3,0.9177,OK,0
2026-04-07 06:33:10,F3,0.9178,OK,0
2026-04-07 06:33:20,F3,0.9180,OK,0
2026-04-07 06:33:30,F3,0.9182,OK,0
2026-04-07 06:33:40,F3,0.9184,OK,0
2026-04-07 06:33:51,F3,0.9186,OK,0
2026-04-07 06:34:01,F3,0.9188,OK,0
2026-04-07 06:34:11,F3,0.9190,OK,0
2026-04-07 06:34:21,F3,0.9192,OK,0
2026-04-07 06:34:32,F3,0.9194,OK,0
2026-04-07 06:34:42,F3,0.9196,OK,0
2026-04-07 06:34:52,F3,0.9198,OK,0
2026-04-07 06:35:02,F3,0.9200,OK,0
2026-04-07 06:35:13,F3,0.9203,OK,0
2026-04-07 06:35:23,F3,0.9205,OK,0
2026-04-07 06:35:33,F3,0.9207,OK,0
2026-04-07 06:35:43,F3,0.9209,OK,0
2026-04-07 06:35:54,F3,0.9211,OK,0
2026-04-07 06:36:04,F3,0.9213,OK,0
2026-04-07 06:36:14,F3,0.9215,OK,0
2026-04-07 06:36:24,F3,0.9218,OK,0
2026-04-07 06:36:35,F3,0.9220,OK,0
2026-04-07 06:36:45,F3,0.9222,OK,0
2026-04-07 06:36:55,F3,0.9225,OK,0
2026-04-07 06:37:05,F3,0.9227,OK,0
2026-04-07 06:37:16,F3,0.9229,OK,0
2026-04-07 06:37:26,F3,0.9232,OK,0
2026-04-07 06:37:36,F3,0.9234,OK,0
2026-04-07 06:37:46,F3,0.9236,OK,0
2026-04-07 06:37:57,F3,0.9239,OK,0
2026-04-07 06:38:07,F3,0.9241,OK,0
2026-04-07 06:38:17,F3,0.9243,OK,0
2026-04-07 06:38:27,F3,0.9246,OK,0
2026-04-07 06:38:38,F3,0.9248,OK,0
2026-04-07 06:38:48,F3,0.9251,OK,0
2026-04-07 06:38:58,F3,0.9253,OK,0
2026-04-07 06:39:08,F3,0.9256,OK,0
2026-04-07 06:39:19,F3,0.9258,OK,0
2026-04-07 06:39:29,F3,0.9261,OK,0
2026-04-07 06:39:39,F3,0.9263,OK,0
2026-04-07 06:39:49,F3,0.9265,OK,0
2026-04-07 06:40:00,F3,0.9268,OK,0
2026-04-07 06:40:10,F3,0.9270,OK,0
2026-04-07 06:40:20,F3,0.9273,OK,0
2026-04-07 06:40:30,F3,0.9275,OK,0
2026-04-07 06:40:41,F3,0.9278,OK,0
2026-04-07 06:40:51,F3,0.9280,OK,0
2026-04-07 06:41:01,F3,0.9283,OK,0
2026-04-07 06:41:11,F3,0.9285,OK,0
2026-04-07 06:41:22,F3,0.9288,OK,0
2026-04-07 06:41:32,F3,0.9290,OK,0
2026-04-07 06:41:42,F3,0.9292,OK,0
2026-04-07 06:41:52,F3,0.9295,OK,0
2026-04-07 06:42:03,F3,0.9297,OK,0
2026-04-07 06:42:13,F3,0.9300,OK,0
2026-04-07 06:42:23,F3,0.9302,OK,0
2026-04-07 06:42:33,F3,0.9304,OK,0
2026-04-07 06:42:44,F3,0.9307,OK,0
2026-04-07 06:42:54,F3,0.9309,OK,0
2026-04-07 06:43:04,F3,0.9311,OK,0
2026-04-07 06:43:14,F3,0.9314,OK,0
2026-04-07 06:43:25,F3,0.9316,OK,0
2026-04-07 06:43:35,F3,0.9318,OK,0
2026-04-07 06:43:45,F3,0.9321,OK,0
2026-04-07 06:43:55,F3,0.9323,OK,0
2026-04-07 06:44:06,F3,0.9325,OK,0
2026-04-07 06:44:16,F3,0.9327,OK,0
2026-04-07 06:44:26,F3,0.9329,OK,0
2026-04-07 06:44:36,F3,0.9332,OK,0
2026-04-07 06:44:47,F3,0.9334,OK,0
2026-04-07 06:44:57,F3,0.9336,OK,0
2026-04-07 06:45:07,F3,0.9338,OK,0
2026-04-07 06:45:17,F3,0.9340,OK,0
2026-04-07 06:45:28,F3,0.9342,OK,0
2026-04-07 06:45:38,F3,0.9344,OK,0
2026-04-07 06:45:48,F3,0.9346,OK,0
2026-04-07 06:45:58,F3,0.9348,OK,0
2026-04-07 06:46:09,F3,0.9350,OK,0
2026-04-07 06:46:19,F3,0.9352,OK,0
2026-04-07 06:46:29,F3,0.9354,OK,0
2026-04-07 06:46:39,F3,0.9356,OK,0
2026-04-07 06:46:50,F3,0.9358,OK,0
2026-04-07 06:47:00,F3,0.9360,OK,0
2026-04-07 06:47:10,F3,0.9362,OK,0
2026-04-07 06:47:20,F3,0.9364,OK,0
2026-04-07 06:47:31,F3,0.9366,OK,0
2026-04-07 06:47:41,F3,0.9367,OK,0
2026-04-07 06:47:51,F3,0.9369,OK,0
2026-04-07 06:48:01,F3,0.9371,OK,0
2026-04-07 06:48:12,F3,0.9373,OK,0
2026-04-07 06:48:22,F3,0.9375,OK,0
2026-04-07 06:48:32,F3,0.9376,OK,0
2026-04-07 06:48:42,F3,0.9378,OK,0
2026-04-07 06:48:53,F3,0.9380,OK,0
2026-04-07 06:49:03,F3,0.9381,OK,0
2026-04-07 06:49:13,F3,0.9383,OK,0
2026-04-07 06:49:23,F3,0.9385,OK,0
2026-04-07 06:49:34,F3,0.9386,OK,0
2026-04-07 06:49:44,F3,0.9388,OK,0
2026-04-07 06:49:54,F3,0.9390,OK,0
2026-04-07 06:50:04,F3,0.9391,OK,0
2026-04-07 06:50:15,F3,0.9393,OK,0
2026-04-07 06:50:25,F3,0.9395,OK,0
2026-04-07 06:50:35,F3,0.9396,OK,0
2026-04-07 06:50:45,F3,0.9398,OK,0
2026-04-07 06:50:56,F3,0.9400,OK,0
2026-04-07 06:51:06,F3,0.9401,OK,0
2026-04-07 06:51:16,F3,0.9403,OK,0
2026-04-07 06:51:26,F3,0.9404,OK,0
2026-04-07 06:51:37,F3,0.9406,OK,0
2026-04-07 06:51:47,F3,0.9407,OK,0
2026-04-07 06:51:57,F3,0.9409,OK,0
2026-04-07 06:52:07,F3,0.9410,OK,0
2026-04-07 06:52:18,F3,0.9412,OK,0
2026-04-07 06:52:28,F3,0.9413,OK,0
2026-04-07 06:52:38,F3,0.9415,OK,0
2026-04-07 06:52:48,F3,0.9416,OK,0
2026-04-07 06:52:59,F3,0.9418,OK,0
2026-04-07 06:53:09,F3,0.9419,OK,0
2026-04-07 06:53:19,F3,0.9421,OK,0
2026-04-07 06:53:29,F3,0.9422,OK,0
2026-04-07 06:53:40,F3,0.9423,OK,0
2026-04-07 06:53:50,F3,0.9425,OK,0
2026-04-07 06:54:00,F3,0.9426,OK,0
2026-04-07 06:54:10,F3,0.9427,OK,0
2026-04-07 06:54:21,F3,0.9429,OK,0
2026-04-07 06:54:31,F3,0.9430,OK,0
2026-04-07 06:54:41,F3,0.9431,OK,0
2026-04-07 06:54:51,F3,0.9433,OK,0
2026-04-07 06:55:02,F3,0.9434,OK,0
2026-04-07 06:55:12,F3,0.9435,OK,0
2026-04-07 06:55:22,F3,0.9437,OK,0
2026-04-07 06:55:32,F3,0.9438,OK,0
2026-04-07 06:55:43,F3,0.9439,OK,0
2026-04-07 06:55:53,F3,0.9440,OK,0
2026-04-07 06:56:03,F3,0.9442,OK,0
2026-04-07 06:56:13,F3,0.9443,OK,0
2026-04-07 06:56:24,F3,0.9444,OK,0
2026-04-07 06:56:34,F3,0.9446,OK,0
2026-04-07 06:56:44,F3,0.9447,OK,0
2026-04-07 06:56:55,F3,0.9448,OK,0
2026-04-07 06:57:05,F3,0.9449,OK,0
2026-04-07 06:57:15,F3,0.9451,OK,0
2026-04-07 06:57:25,F3,0.9452,OK,0
2026-04-07 06:57:36,F3,0.9453,OK,0
2026-04-07 06:57:46,F3,0.9454,OK,0
2026-04-07 06:57:56,F3,0.9456,OK,0
2026-04-07 06:58:06,F3,0.9457,OK,0
2026-04-07 06:58:17,F3,0.9458,OK,0
2026-04-07 06:58:27,F3,0.9460,OK,0
2026-04-07 06:58:37,F3,0.9461,OK,0
2026-04-07 06:58:47,F3,0.9462,OK,0
2026-04-07 06:58:58,F3,0.9464,OK,0
2026-04-07 06:59:08,F3,0.9465,OK,0
2026-04-07 06:59:18,F3,0.9466,OK,0
2026-04-07 06:59:28,F3,0.9467,OK,0
2026-04-07 06:59:39,F3,0.9469,OK,0
2026-04-07 06:59:49,F3,0.9470,OK,0
2026-04-07 06:59:59,F3,0.9471,OK,0
2026-04-07 07:00:09,F3,0.9473,OK,0
2026-04-07 07:00:20,F3,0.9474,OK,0
2026-04-07 07:00:30,F3,0.9475,OK,0
2026-04-07 07:00:40,F3,0.9477,OK,0
2026-04-07 07:00:50,F3,0.9478,OK,0
2026-04-07 07:01:01,F3,0.9479,OK,0
2026-04-07 07:01:11,F3,0.9481,OK,0
2026-04-07 07:01:21,F3,0.9482,OK,0
2026-04-07 07:01:31,F3,0.9483,OK,0
2026-04-07 07:01:42,F3,0.9485,OK,0
2026-04-07 07:01:52,F3,0.9486,OK,0
2026-04-07 07:02:02,F3,0.9487,OK,0
2026-04-07 07:02:12,F3,0.9489,OK,0
2026-04-07 07:02:23,F3,0.9490,OK,0
2026-04-07 07:02:33,F3,0.9492,OK,0
2026-04-07 07:02:43,F3,0.9493,OK,0
2026-04-07 07:02:53,F3,0.9494,OK,0
2026-04-07 07:03:03,F3,0.9496,OK,0
2026-04-07 07:03:14,F3,0.9497,OK,0
2026-04-07 07:03:24,F3,0.9499,OK,0
2026-04-07 07:03:34,F3,0.9500,OK,0
2026-04-07 07:03:44,F3,0.9502,OK,0
2026-04-07 07:03:55,F3,0.9503,OK,0
2026-04-07 07:04:05,F3,0.9505,OK,0
2026-04-07 07:04:15,F3,0.9506,OK,0
2026-04-07 07:04:25,F3,0.9508,OK,0
2026-04-07 07:04:36,F3,0.9509,OK,0
2026-04-07 07:04:46,F3,0.9511,OK,0
2026-04-07 07:04:56,F3,0.9513,OK,0
2026-04-07 07:05:06,F3,0.9514,OK,0
2026-04-07 07:05:17,F3,0.9516,OK,0
2026-04-07 07:05:27,F3,0.9517,OK,0
2026-04-07 07:05:37,F3,0.9519,OK,0
2026-04-07 07:05:47,F3,0.9521,OK,0
2026-04-07 07:05:58,F3,0.9522,OK,0
2026-04-07 07:06:08,F3,0.9524,OK,0
2026-04-07 07:06:18,F3,0.9526,OK,0
2026-04-07 07:06:28,F3,0.9527,OK,0
2026-04-07 07:06:39,F3,0.9529,OK,0
2026-04-07 07:06:49,F3,0.9531,OK,0
2026-04-07 07:06:59,F3,0.9532,OK,0
2026-04-07 07:07:09,F3,0.9534,OK,0
2026-04-07 07:07:20,F3,0.9536,OK,0
2026-04-07 07:07:30,F3,0.9538,OK,0
2026-04-07 07:07:40,F3,0.9539,OK,0
2026-04-07 07:07:50,F3,0.9541,OK,0
2026-04-07 07:08:01,F3,0.9543,OK,0
2026-04-07 07:08:11,F3,0.9544,OK,0
2026-04-07 07:08:21,F3,0.9546,OK,0
2026-04-07 07:08:31,F3,0.9548,OK,0
2026-04-07 07:08:42,F3,0.9550,OK,0
2026-04-07 07:08:52,F3,0.9551,OK,0
2026-04-07 07:09:02,F3,0.9553,OK,0
2026-04-07 07:09:12,F3,0.9555,OK,0
2026-04-07 07:09:23,F3,0.9557,OK,0
2026-04-07 07:09:33,F3,0.9559,OK,0
2026-04-07 07:09:43,F3,0.9560,OK,0
2026-04-07 07:09:54,F3,0.9562,OK,0
2026-04-07 07:10:04,F3,0.9564,OK,0
2026-04-07 07:10:14,F3,0.9566,OK,0
2026-04-07 07:10:24,F3,0.9568,OK,0
2026-04-07 07:10:35,F3,0.9570,OK,0
2026-04-07 07:10:45,F3,0.9571,OK,0
2026-04-07 07:10:55,F3,0.9573,OK,0
2026-04-07 07:11:05,F3,0.9575,OK,0
2026-04-07 07:11:16,F3,0.9577,OK,0
2026-04-07 07:11:26,F3,0.9579,OK,0
2026-04-07 07:11:36,F3,0.9581,OK,0
2026-04-07 07:11:46,F3,0.9583,OK,0
2026-04-07 07:11:56,F3,0.9585,OK,0
2026-04-07 07:12:07,F3,0.9587,OK,0
2026-04-07 07:12:17,F3,0.9589,OK,0
2026-04-07 07:12:27,F3,0.9591,OK,0
2026-04-07 07:12:37,F3,0.9593,OK,0
2026-04-07 07:12:48,F3,0.9595,OK,0
2026-04-07 07:12:58,F3,0.9597,OK,0
2026-04-07 07:13:08,F3,0.9599,OK,0
2026-04-07 07:13:18,F3,0.9601,OK,0
