timestamp,fermentador,flow_filt_sccm,status,is_spike
2026-03-30 12:19:48,F3,2.9157,OK,0
2026-03-30 12:19:59,F3,2.9157,OK,0
2026-03-30 12:20:09,F3,2.9157,OK,0
2026-03-30 12:20:19,F3,2.9157,OK,0
2026-03-30 12:20:29,F3,2.9157,OK,0
2026-03-30 12:20:40,F3,2.9157,OK,0
2026-03-30 12:20:50,F3,2.9157,OK,0
2026-03-30 12:21:00,F3,2.9157,OK,0
2026-03-30 12:21:13,F3,2.9156,OK,0
2026-03-30 12:21:25,F3,2.9156,OK,0
2026-03-30 12:21:36,F3,2.9156,OK,0
2026-03-30 12:21:48,F3,2.9156,OK,0
2026-03-30 12:21:58,F3,2.9155,OK,0
2026-03-30 12:22:08,F3,2.9155,OK,0
2026-03-30 12:22:18,F3,2.9154,OK,0
2026-03-30 12:22:29,F3,2.9154,OK,0
2026-03-30 12:22:39,F3,2.9154,OK,0
2026-03-30 12:22:49,F3,2.9153,OK,0
2026-03-30 12:22:59,F3,2.9153,OK,0
2026-03-30 12:23:09,F3,2.9152,OK,0
2026-03-30 12:23:20,F3,2.9152,OK,0
2026-03-30 12:23:30,F3,2.9151,OK,0
2026-03-30 12:23:40,F3,2.9150,OK,0
2026-03-30 12:23:50,F3,2.9150,OK,0
2026-03-30 12:24:01,F3,2.9149,OK,0
2026-03-30 12:24:11,F3,2.9148,OK,0
2026-03-30 12:24:21,F3,2.9147,OK,0
2026-03-30 12:24:31,F3,2.9146,OK,0
2026-03-30 12:24:42,F3,2.9145,OK,0
2026-03-30 12:24:52,F3,2.9144,OK,0
2026-03-30 12:25:02,F3,2.9143,OK,0
2026-03-30 12:25:12,F3,2.9142,OK,0
2026-03-30 12:25:23,F3,2.9141,OK,0
2026-03-30 12:25:33,F3,2.9140,OK,0
2026-03-30 12:25:43,F3,2.9138,OK,0
2026-03-30 12:25:53,F3,2.9137,OK,0
2026-03-30 12:26:03,F3,2.9136,OK,0
2026-03-30 12:26:14,F3,2.9134,OK,0
2026-03-30 12:26:24,F3,2.9133,OK,0
2026-03-30 12:26:34,F3,2.9131,OK,0
2026-03-30 12:26:44,F3,2.9129,OK,0
2026-03-30 12:26:55,F3,2.9128,OK,0
2026-03-30 12:27:05,F3,2.9126,OK,0
2026-03-30 12:27:15,F3,2.9124,OK,0
2026-03-30 12:27:25,F3,2.9122,OK,0
2026-03-30 12:27:36,F3,2.9120,OK,0
2026-03-30 12:27:46,F3,2.9118,OK,0
2026-03-30 12:27:56,F3,2.9116,OK,0
2026-03-30 12:28:06,F3,2.9114,OK,0
2026-03-30 12:28:17,F3,2.9111,OK,0
2026-03-30 12:28:27,F3,2.9109,OK,0
2026-03-30 12:28:37,F3,2.9107,OK,0
2026-03-30 12:28:47,F3,2.9104,OK,0
2026-03-30 12:28:57,F3,2.9102,OK,0
2026-03-30 12:29:08,F3,2.9099,OK,0
2026-03-30 12:29:18,F3,2.9096,OK,0
2026-03-30 12:29:28,F3,2.9094,OK,0
2026-03-30 12:29:38,F3,2.9091,OK,0
2026-03-30 12:29:49,F3,2.9088,OK,0
2026-03-30 12:29:59,F3,2.9085,OK,0
2026-03-30 12:30:09,F3,2.9082,OK,0
2026-03-30 12:30:20,F3,2.9079,OK,0
2026-03-30 12:30:30,F3,2.9076,OK,0
2026-03-30 12:30:40,F3,2.9073,OK,0
2026-03-30 12:30:50,F3,2.9069,OK,0
2026-03-30 12:31:01,F3,2.9066,OK,0
2026-03-30 12:31:11,F3,2.9063,OK,0
2026-03-30 12:31:21,F3,2.9059,OK,0
2026-03-30 12:31:31,F3,2.9056,OK,0
2026-03-30 12:31:41,F3,2.9052,OK,0
2026-03-30 12:31:52,F3,2.9049,OK,0
2026-03-30 12:32:02,F3,2.9045,OK,0
2026-03-30 12:32:12,F3,2.9041,OK,0
2026-03-30 12:32:22,F3,2.9038,OK,0
2026-03-30 12:32:33,F3,2.9034,OK,0
2026-03-30 12:32:43,F3,2.9030,OK,0
2026-03-30 12:32:53,F3,2.9026,OK,0
2026-03-30 12:33:03,F3,2.9022,OK,0
2026-03-30 12:33:14,F3,2.9018,OK,0
2026-03-30 12:33:24,F3,2.9014,OK,0
2026-03-30 12:33:34,F3,2.9010,OK,0
2026-03-30 12:33:44,F3,2.9006,OK,0
2026-03-30 12:33:55,F3,2.9001,OK,0
2026-03-30 12:34:05,F3,2.8997,OK,0
2026-03-30 12:34:15,F3,2.8993,OK,0
2026-03-30 12:34:25,F3,2.8988,OK,0
2026-03-30 12:34:35,F3,2.8984,OK,0
2026-03-30 12:34:46,F3,2.8980,OK,0
2026-03-30 12:34:56,F3,2.8975,OK,0
2026-03-30 12:35:06,F3,2.8971,OK,0
2026-03-30 12:35:16,F3,2.8966,OK,0
2026-03-30 12:35:27,F3,2.8962,OK,0
2026-03-30 12:35:37,F3,2.8957,OK,0
2026-03-30 12:35:47,F3,2.8953,OK,0
2026-03-30 12:35:57,F3,2.8948,OK,0
2026-03-30 12:36:08,F3,2.8943,OK,0
2026-03-30 12:36:18,F3,2.8939,OK,0
2026-03-30 12:36:28,F3,2.8934,OK,0
2026-03-30 12:36:38,F3,2.8929,OK,0
2026-03-30 12:36:49,F3,2.8925,OK,0
2026-03-30 12:36:59,F3,2.8920,OK,0
2026-03-30 12:37:09,F3,2.8915,OK,0
2026-03-30 12:37:19,F3,2.8910,OK,0
2026-03-30 12:37:29,F3,2.8906,OK,0
2026-03-30 12:37:40,F3,2.8901,OK,0
2026-03-30 12:37:50,F3,2.8896,OK,0
2026-03-30 12:38:00,F3,2.8891,OK,0
2026-03-30 12:38:10,F3,2.8886,OK,0
2026-03-30 12:38:21,F3,2.8882,OK,0
2026-03-30 12:38:31,F3,2.8877,OK,0
2026-03-30 12:38:41,F3,2.8872,OK,0
2026-03-30 12:38:51,F3,2.8867,OK,0
2026-03-30 12:39:02,F3,2.8862,OK,0
2026-03-30 12:39:12,F3,2.8858,OK,0
2026-03-30 12:39:22,F3,2.8853,OK,0
2026-03-30 12:39:32,F3,2.8848,OK,0
2026-03-30 12:39:43,F3,2.8843,OK,0
2026-03-30 12:39:53,F3,2.8838,OK,0
2026-03-30 12:40:03,F3,2.8834,OK,0
2026-03-30 12:40:13,F3,2.8829,OK,0
2026-03-30 12:40:24,F3,2.8824,OK,0
2026-03-30 12:40:34,F3,2.8819,OK,0
2026-03-30 12:40:44,F3,2.8814,OK,0
2026-03-30 12:40:54,F3,2.8810,OK,0
2026-03-30 12:41:05,F3,2.8805,OK,0
2026-03-30 12:41:15,F3,2.8800,OK,0
2026-03-30 12:41:25,F3,2.8795,OK,0
2026-03-30 12:41:35,F3,2.8791,OK,0
2026-03-30 12:41:45,F3,2.8786,OK,0
2026-03-30 12:41:56,F3,2.8781,OK,0
2026-03-30 12:42:06,F3,2.8777,OK,0
2026-03-30 12:42:16,F3,2.8772,OK,0
2026-03-30 12:42:26,F3,2.8768,OK,0
2026-03-30 12:42:37,F3,2.8763,OK,0
2026-03-30 12:42:47,F3,2.8758,OK,0
2026-03-30 12:42:57,F3,2.8754,OK,0
2026-03-30 12:43:07,F3,2.8749,OK,0
2026-03-30 12:43:18,F3,2.8745,OK,0
2026-03-30 12:43:28,F3,2.8740,OK,0
2026-03-30 12:43:38,F3,2.8736,OK,0
2026-03-30 12:43:48,F3,2.8732,OK,0
2026-03-30 12:43:58,F3,2.8727,OK,0
2026-03-30 12:44:09,F3,2.8723,OK,0
2026-03-30 12:44:19,F3,2.8719,OK,0
2026-03-30 12:44:29,F3,2.8715,OK,0
2026-03-30 12:44:39,F3,2.8710,OK,0
2026-03-30 12:44:50,F3,2.8706,OK,0
2026-03-30 12:45:00,F3,2.8702,OK,0
2026-03-30 12:45:10,F3,2.8698,OK,0
2026-03-30 12:45:20,F3,2.8694,OK,0
2026-03-30 12:45:31,F3,2.8690,OK,0
2026-03-30 12:45:41,F3,2.8686,OK,0
2026-03-30 12:45:51,F3,2.8682,OK,1
2026-03-30 12:46:01,F3,2.8678,OK,0
2026-03-30 12:46:12,F3,2.8675,OK,0
2026-03-30 12:46:22,F3,2.8671,OK,0
2026-03-30 12:46:32,F3,2.8667,OK,0
2026-03-30 12:46:42,F3,2.8664,OK,0
2026-03-30 12:46:53,F3,2.8660,OK,0
2026-03-30 12:47:03,F3,2.8657,OK,0
2026-03-30 12:47:13,F3,2.8653,OK,0
2026-03-30 12:47:23,F3,2.8650,OK,0
2026-03-30 12:47:34,F3,2.8647,OK,0
2026-03-30 12:47:44,F3,2.8643,OK,0
2026-03-30 12:47:54,F3,2.8640,OK,0
2026-03-30 12:48:04,F3,2.8637,OK,0
2026-03-30 12:48:14,F3,2.8634,OK,0
2026-03-30 12:48:25,F3,2.8631,OK,0
2026-03-30 12:48:35,F3,2.8628,OK,0
2026-03-30 12:48:45,F3,2.8625,OK,0
2026-03-30 12:48:55,F3,2.8622,OK,0
2026-03-30 12:49:06,F3,2.8619,OK,0
2026-03-30 12:49:16,F3,2.8616,OK,0
2026-03-30 12:49:26,F3,2.8613,OK,0
2026-03-30 12:49:37,F3,2.8610,OK,0
2026-03-30 12:49:47,F3,2.8607,OK,0
2026-03-30 12:49:57,F3,2.8604,OK,0
2026-03-30 12:50:07,F3,2.8601,OK,0
2026-03-30 12:50:17,F3,2.8599,OK,0
2026-03-30 12:50:28,F3,2.8596,OK,0
2026-03-30 12:50:38,F3,2.8593,OK,0
2026-03-30 12:50:48,F3,2.8590,OK,0
2026-03-30 12:50:58,F3,2.8587,OK,0
2026-03-30 12:51:09,F3,2.8584,OK,0
2026-03-30 12:51:19,F3,2.8581,OK,0
2026-03-30 12:51:29,F3,2.8578,OK,0
2026-03-30 12:51:39,F3,2.8575,OK,0
2026-03-30 12:51:50,F3,2.8572,OK,0
2026-03-30 12:52:00,F3,2.8569,OK,0
2026-03-30 12:52:10,F3,2.8566,OK,0
2026-03-30 12:52:20,F3,2.8562,OK,0
2026-03-30 12:52:30,F3,2.8559,OK,0
2026-03-30 12:52:41,F3,2.8556,OK,0
2026-03-30 12:52:51,F3,2.8552,OK,0
2026-03-30 12:53:01,F3,2.8549,OK,0
2026-03-30 12:53:11,F3,2.8545,OK,0
2026-03-30 12:53:22,F3,2.8541,OK,0
2026-03-30 12:53:32,F3,2.8538,OK,0
2026-03-30 12:53:42,F3,2.8534,OK,0
2026-03-30 12:53:52,F3,2.8530,OK,0
2026-03-30 12:54:03,F3,2.8525,OK,0
2026-03-30 12:54:13,F3,2.8521,OK,0
2026-03-30 12:54:23,F3,2.8517,OK,0
2026-03-30 12:54:33,F3,2.8512,OK,0
2026-03-30 12:54:44,F3,2.8508,OK,0
2026-03-30 12:54:54,F3,2.8503,OK,1
2026-03-30 12:55:04,F3,2.8498,OK,0
2026-03-30 12:55:14,F3,2.8493,OK,0
2026-03-30 12:55:25,F3,2.8488,OK,0
2026-03-30 12:55:35,F3,2.8483,OK,0
2026-03-30 12:55:45,F3,2.8477,OK,0
2026-03-30 12:55:55,F3,2.8471,OK,0
2026-03-30 12:56:06,F3,2.8466,OK,0
2026-03-30 12:56:16,F3,2.8460,OK,0
2026-03-30 12:56:26,F3,2.8453,OK,0
2026-03-30 12:56:36,F3,2.8447,OK,0
2026-03-30 12:56:46,F3,2.8440,OK,0
2026-03-30 12:56:57,F3,2.8434,OK,0
2026-03-30 12:57:07,F3,2.8427,OK,0
2026-03-30 12:57:17,F3,2.8420,OK,0
2026-03-30 12:57:27,F3,2.8412,OK,0
2026-03-30 12:57:38,F3,2.8405,OK,0
2026-03-30 12:57:48,F3,2.8397,OK,0
2026-03-30 12:57:58,F3,2.8389,OK,0
2026-03-30 12:58:08,F3,2.8381,OK,0
2026-03-30 12:58:19,F3,2.8373,OK,0
2026-03-30 12:58:29,F3,2.8364,OK,0
2026-03-30 12:58:39,F3,2.8356,OK,0
2026-03-30 12:58:49,F3,2.8347,OK,0
2026-03-30 12:59:00,F3,2.8337,OK,0
2026-03-30 12:59:10,F3,2.8328,OK,0
2026-03-30 12:59:20,F3,2.8318,OK,0
2026-03-30 12:59:30,F3,2.8308,OK,0
2026-03-30 12:59:40,F3,2.8298,OK,0
2026-03-30 12:59:51,F3,2.8288,OK,0
2026-03-30 13:00:01,F3,2.8277,OK,0
2026-03-30 13:00:11,F3,2.8266,OK,0
2026-03-30 13:00:21,F3,2.8255,OK,0
2026-03-30 13:00:32,F3,2.8244,OK,0
2026-03-30 13:00:42,F3,2.8232,OK,0
2026-03-30 13:00:52,F3,2.8220,OK,0
2026-03-30 13:01:02,F3,2.8208,OK,0
2026-03-30 13:01:13,F3,2.8195,OK,0
2026-03-30 13:01:23,F3,2.8183,OK,0
2026-03-30 13:01:33,F3,2.8170,OK,0
2026-03-30 13:01:43,F3,2.8156,OK,0
2026-03-30 13:01:54,F3,2.8143,OK,0
2026-03-30 13:02:04,F3,2.8129,OK,0
2026-03-30 13:02:14,F3,2.8115,OK,0
2026-03-30 13:02:24,F3,2.8100,OK,0
2026-03-30 13:02:34,F3,2.8086,OK,0
2026-03-30 13:02:45,F3,2.8071,OK,0
2026-03-30 13:02:55,F3,2.8055,OK,0
2026-03-30 13:03:05,F3,2.8040,OK,0
2026-03-30 13:03:15,F3,2.8024,OK,0
2026-03-30 13:03:26,F3,2.8008,OK,0
2026-03-30 13:03:36,F3,2.7991,OK,0
2026-03-30 13:03:46,F3,2.7975,OK,0
2026-03-30 13:03:56,F3,2.7957,OK,0
2026-03-30 13:04:07,F3,2.7940,OK,0
2026-03-30 13:04:17,F3,2.7922,OK,0
2026-03-30 13:04:27,F3,2.7905,OK,0
2026-03-30 13:04:37,F3,2.7886,OK,0
2026-03-30 13:04:48,F3,2.7868,OK,0
2026-03-30 13:04:58,F3,2.7849,OK,0
2026-03-30 13:05:08,F3,2.7830,OK,0
2026-03-30 13:05:18,F3,2.7810,OK,0
2026-03-30 13:05:28,F3,2.7791,OK,0
2026-03-30 13:05:39,F3,2.7770,OK,0
2026-03-30 13:05:49,F3,2.7750,OK,0
2026-03-30 13:05:59,F3,2.7729,OK,0
2026-03-30 13:06:09,F3,2.7708,OK,0
2026-03-30 13:06:20,F3,2.7687,OK,1
2026-03-30 13:06:30,F3,2.7666,OK,0
2026-03-30 13:06:40,F3,2.7644,OK,0
2026-03-30 13:06:50,F3,2.7621,OK,0
2026-03-30 13:07:01,F3,2.7599,OK,0
2026-03-30 13:07:11,F3,2.7576,OK,0
2026-03-30 13:07:21,F3,2.7553,OK,0
2026-03-30 13:07:31,F3,2.7530,OK,0
2026-03-30 13:07:42,F3,2.7506,OK,0
2026-03-30 13:07:52,F3,2.7482,OK,0
2026-03-30 13:08:02,F3,2.7457,OK,0
2026-03-30 13:08:12,F3,2.7433,OK,0
2026-03-30 13:08:23,F3,2.7407,OK,0
2026-03-30 13:08:33,F3,2.7382,OK,0
2026-03-30 13:08:43,F3,2.7356,OK,0
2026-03-30 13:08:53,F3,2.7330,OK,0
2026-03-30 13:09:04,F3,2.7304,OK,0
2026-03-30 13:09:14,F3,2.7277,OK,0
2026-03-30 13:09:24,F3,2.7250,OK,0
2026-03-30 13:09:34,F3,2.7223,OK,0
2026-03-30 13:09:45,F3,2.7195,OK,0
2026-03-30 13:09:55,F3,2.7167,OK,0
2026-03-30 13:10:05,F3,2.7139,OK,0
2026-03-30 13:10:15,F3,2.7110,OK,0
2026-03-30 13:10:26,F3,2.7081,OK,0
2026-03-30 13:10:36,F3,2.7052,OK,0
2026-03-30 13:10:46,F3,2.7022,OK,0
2026-03-30 13:10:56,F3,2.6993,OK,0
2026-03-30 13:11:07,F3,2.6962,OK,0
2026-03-30 13:11:17,F3,2.6932,OK,0
2026-03-30 13:11:27,F3,2.6901,OK,0
2026-03-30 13:11:37,F3,2.6870,OK,0
2026-03-30 13:11:47,F3,2.6838,OK,0
2026-03-30 13:11:58,F3,2.6806,OK,0
2026-03-30 13:12:08,F3,2.6774,OK,0
2026-03-30 13:12:18,F3,2.6742,OK,0
2026-03-30 13:12:28,F3,2.6709,OK,0
2026-03-30 13:12:39,F3,2.6676,OK,0
2026-03-30 13:12:49,F3,2.6643,OK,0
2026-03-30 13:12:59,F3,2.6609,OK,0
2026-03-30 13:13:09,F3,2.6575,OK,0
2026-03-30 13:13:20,F3,2.6541,OK,0
2026-03-30 13:13:30,F3,2.6507,OK,0
2026-03-30 13:13:40,F3,2.6472,OK,0
2026-03-30 13:13:50,F3,2.6437,OK,0
2026-03-30 13:14:01,F3,2.6401,OK,0
2026-03-30 13:14:11,F3,2.6366,OK,0
2026-03-30 13:14:21,F3,2.6330,OK,0
2026-03-30 13:14:31,F3,2.6294,OK,0
2026-03-30 13:14:42,F3,2.6257,OK,0
2026-03-30 13:14:52,F3,2.6220,OK,0
2026-03-30 13:15:02,F3,2.6183,OK,0
2026-03-30 13:15:12,F3,2.6146,OK,0
2026-03-30 13:15:23,F3,2.6109,OK,0
2026-03-30 13:15:33,F3,2.6071,OK,0
2026-03-30 13:15:43,F3,2.6033,OK,0
2026-03-30 13:15:53,F3,2.5994,OK,0
2026-03-30 13:16:04,F3,2.5956,OK,0
2026-03-30 13:16:14,F3,2.5917,OK,0
2026-03-30 13:16:24,F3,2.5878,OK,0
2026-03-30 13:16:34,F3,2.5838,OK,0
2026-03-30 13:16:45,F3,2.5799,OK,0
2026-03-30 13:16:55,F3,2.5759,OK,0
2026-03-30 13:17:05,F3,2.5719,OK,0
2026-03-30 13:17:15,F3,2.5678,OK,0
2026-03-30 13:17:26,F3,2.5638,OK,0
2026-03-30 13:17:36,F3,2.5597,OK,0
2026-03-30 13:17:46,F3,2.5556,OK,0
2026-03-30 13:17:56,F3,2.5514,OK,0
2026-03-30 13:18:07,F3,2.5473,OK,0
2026-03-30 13:18:17,F3,2.5431,OK,0
2026-03-30 13:18:27,F3,2.5389,OK,0
2026-03-30 13:18:37,F3,2.5346,OK,0
2026-03-30 13:18:48,F3,2.5304,OK,0
2026-03-30 13:18:58,F3,2.5261,OK,0
2026-03-30 13:19:08,F3,2.5218,OK,0
2026-03-30 13:19:18,F3,2.5174,OK,0
2026-03-30 13:19:29,F3,2.5131,OK,0
2026-03-30 13:19:39,F3,2.5087,OK,0
2026-03-30 13:19:49,F3,2.5043,OK,0
2026-03-30 13:19:59,F3,2.4999,OK,0
2026-03-30 13:20:10,F3,2.4954,OK,0
2026-03-30 13:20:20,F3,2.4909,OK,0
2026-03-30 13:20:30,F3,2.4864,OK,0
2026-03-30 13:20:40,F3,2.4819,OK,0
2026-03-30 13:20:51,F3,2.4774,OK,0
2026-03-30 13:21:01,F3,2.4728,OK,0
2026-03-30 13:21:11,F3,2.4682,OK,0
2026-03-30 13:21:21,F3,2.4636,OK,0
2026-03-30 13:21:32,F3,2.4590,OK,0
2026-03-30 13:21:42,F3,2.4543,OK,0
2026-03-30 13:21:52,F3,2.4496,OK,0
2026-03-30 13:22:02,F3,2.4449,OK,0
2026-03-30 13:22:13,F3,2.4402,OK,0
2026-03-30 13:22:23,F3,2.4354,OK,0
2026-03-30 13:22:33,F3,2.4306,OK,0
2026-03-30 13:22:44,F3,2.4258,OK,0
2026-03-30 13:22:54,F3,2.4210,OK,0
2026-03-30 13:23:04,F3,2.4162,OK,0
2026-03-30 13:23:14,F3,2.4113,OK,0
2026-03-30 13:23:25,F3,2.4064,OK,0
2026-03-30 13:23:35,F3,2.4015,OK,0
2026-03-30 13:23:45,F3,2.3966,OK,0
2026-03-30 13:23:55,F3,2.3916,OK,0
2026-03-30 13:24:06,F3,2.3867,OK,0
2026-03-30 13:24:16,F3,2.3817,OK,0
2026-03-30 13:24:26,F3,2.3766,OK,0
2026-03-30 13:24:36,F3,2.3716,OK,0
2026-03-30 13:24:47,F3,2.3665,OK,0
2026-03-30 13:24:57,F3,2.3615,OK,0
2026-03-30 13:25:07,F3,2.3563,OK,0
2026-03-30 13:25:17,F3,2.3512,OK,0
2026-03-30 13:25:28,F3,2.3461,OK,0
2026-03-30 13:25:38,F3,2.3409,OK,0
2026-03-30 13:25:48,F3,2.3357,OK,0
2026-03-30 13:25:58,F3,2.3305,OK,0
2026-03-30 13:26:09,F3,2.3253,OK,0
2026-03-30 13:26:19,F3,2.3201,OK,0
2026-03-30 13:26:29,F3,2.3148,OK,0
2026-03-30 13:26:39,F3,2.3096,OK,0
2026-03-30 13:26:50,F3,2.3043,OK,0
2026-03-30 13:27:00,F3,2.2990,OK,0
2026-03-30 13:27:10,F3,2.2936,OK,0
2026-03-30 13:27:20,F3,2.2883,OK,0
2026-03-30 13:27:30,F3,2.2830,OK,0
2026-03-30 13:27:41,F3,2.2776,OK,0
2026-03-30 13:27:51,F3,2.2722,OK,0
2026-03-30 13:28:01,F3,2.2668,OK,0
2026-03-30 13:28:11,F3,2.2614,OK,0
2026-03-30 13:28:22,F3,2.2560,OK,0
2026-03-30 13:28:32,F3,2.2505,OK,0
2026-03-30 13:28:42,F3,2.2450,OK,0
2026-03-30 13:28:53,F3,2.2396,OK,0
2026-03-30 13:29:03,F3,2.2341,OK,0
2026-03-30 13:29:13,F3,2.2286,OK,0
2026-03-30 13:29:23,F3,2.2231,OK,0
2026-03-30 13:29:34,F3,2.2175,OK,0
2026-03-30 13:29:44,F3,2.2120,OK,0
2026-03-30 13:29:54,F3,2.2065,OK,0
2026-03-30 13:30:04,F3,2.2009,OK,0
2026-03-30 13:30:15,F3,2.1953,OK,0
2026-03-30 13:30:25,F3,2.1897,OK,0
2026-03-30 13:30:35,F3,2.1841,OK,0
2026-03-30 13:30:45,F3,2.1785,OK,0
2026-03-30 13:30:56,F3,2.1729,OK,0
2026-03-30 13:31:06,F3,2.1673,OK,0
2026-03-30 13:31:16,F3,2.1616,OK,0
2026-03-30 13:31:26,F3,2.1560,OK,0
2026-03-30 13:31:37,F3,2.1503,OK,0
2026-03-30 13:31:47,F3,2.1446,OK,0
2026-03-30 13:31:57,F3,2.1390,OK,0
2026-03-30 13:32:07,F3,2.1333,OK,0
2026-03-30 13:32:18,F3,2.1276,OK,0
2026-03-30 13:32:28,F3,2.1219,OK,0
2026-03-30 13:32:38,F3,2.1162,OK,0
2026-03-30 13:32:48,F3,2.1104,OK,0
2026-03-30 13:32:59,F3,2.1047,OK,0
2026-03-30 13:33:09,F3,2.0990,OK,0
2026-03-30 13:33:19,F3,2.0933,OK,0
2026-03-30 13:33:29,F3,2.0875,OK,0
2026-03-30 13:33:40,F3,2.0818,OK,0
2026-03-30 13:33:50,F3,2.0760,OK,0
2026-03-30 13:34:00,F3,2.0703,OK,0
2026-03-30 13:34:10,F3,2.0645,OK,0
2026-03-30 13:34:21,F3,2.0587,OK,0
2026-03-30 13:34:31,F3,2.0530,OK,0
2026-03-30 13:34:41,F3,2.0472,OK,0
2026-03-30 13:34:52,F3,2.0414,OK,0
2026-03-30 13:35:02,F3,2.0357,OK,0
2026-03-30 13:35:12,F3,2.0299,OK,0
2026-03-30 13:35:22,F3,2.0241,OK,0
2026-03-30 13:35:33,F3,2.0183,OK,0
2026-03-30 13:35:43,F3,2.0126,OK,0
2026-03-30 13:35:53,F3,2.0068,OK,0
2026-03-30 13:36:03,F3,2.0010,OK,0
2026-03-30 13:36:13,F3,1.9953,OK,0
2026-03-30 13:36:24,F3,1.9895,OK,0
2026-03-30 13:36:34,F3,1.9837,OK,0
2026-03-30 13:36:44,F3,1.9780,OK,0
2026-03-30 13:36:54,F3,1.9722,OK,0
2026-03-30 13:37:05,F3,1.9665,OK,0
2026-03-30 13:37:15,F3,1.9607,OK,0
2026-03-30 13:37:25,F3,1.9549,OK,0
2026-03-30 13:37:36,F3,1.9492,OK,0
2026-03-30 13:37:46,F3,1.9435,OK,0
2026-03-30 13:37:56,F3,1.9377,OK,0
2026-03-30 13:38:06,F3,1.9320,OK,0
2026-03-30 13:38:16,F3,1.9263,OK,0
2026-03-30 13:38:27,F3,1.9205,OK,0
2026-03-30 13:38:37,F3,1.9148,OK,0
2026-03-30 13:38:47,F3,1.9091,OK,0
2026-03-30 13:38:57,F3,1.9034,OK,0
2026-03-30 13:39:08,F3,1.8977,OK,0
2026-03-30 13:39:18,F3,1.8920,OK,0
2026-03-30 13:39:28,F3,1.8863,OK,0
2026-03-30 13:39:38,F3,1.8806,OK,0
2026-03-30 13:39:49,F3,1.8749,OK,0
2026-03-30 13:39:59,F3,1.8693,OK,0
2026-03-30 13:40:09,F3,1.8636,OK,0
2026-03-30 13:40:19,F3,1.8579,OK,0
2026-03-30 13:40:30,F3,1.8523,OK,0
2026-03-30 13:40:40,F3,1.8467,OK,0
2026-03-30 13:40:50,F3,1.8410,OK,0
2026-03-30 13:41:00,F3,1.8354,OK,0
2026-03-30 13:41:11,F3,1.8298,OK,0
2026-03-30 13:41:21,F3,1.8242,OK,0
2026-03-30 13:41:31,F3,1.8186,OK,0
2026-03-30 13:41:41,F3,1.8130,OK,0
2026-03-30 13:41:52,F3,1.8074,OK,0
2026-03-30 13:42:02,F3,1.8018,OK,0
2026-03-30 13:42:12,F3,1.7963,OK,0
2026-03-30 13:42:22,F3,1.7907,OK,0
2026-03-30 13:42:33,F3,1.7852,OK,0
2026-03-30 13:42:43,F3,1.7796,OK,0
2026-03-30 13:42:53,F3,1.7741,OK,0
2026-03-30 13:43:03,F3,1.7686,OK,0
2026-03-30 13:43:14,F3,1.7631,OK,0
2026-03-30 13:43:24,F3,1.7576,OK,0
2026-03-30 13:43:34,F3,1.7521,OK,0
2026-03-30 13:43:44,F3,1.7466,OK,0
2026-03-30 13:43:55,F3,1.7412,OK,0
2026-03-30 13:44:05,F3,1.7357,OK,0
2026-03-30 13:44:15,F3,1.7303,OK,0
2026-03-30 13:44:26,F3,1.7248,OK,0
2026-03-30 13:44:36,F3,1.7194,OK,0
2026-03-30 13:44:46,F3,1.7140,OK,0
2026-03-30 13:44:56,F3,1.7086,OK,0
2026-03-30 13:45:07,F3,1.7032,OK,0
2026-03-30 13:45:17,F3,1.6979,OK,0
2026-03-30 13:45:27,F3,1.6925,OK,0
2026-03-30 13:45:37,F3,1.6871,OK,0
2026-03-30 13:45:48,F3,1.6818,OK,0
2026-03-30 13:45:58,F3,1.6765,OK,0
2026-03-30 13:46:08,F3,1.6712,OK,0
2026-03-30 13:46:18,F3,1.6659,OK,0
2026-03-30 13:46:29,F3,1.6606,OK,0
2026-03-30 13:46:39,F3,1.6553,OK,0
2026-03-30 13:46:49,F3,1.6500,OK,0
2026-03-30 13:46:59,F3,1.6448,OK,0
2026-03-30 13:47:10,F3,1.6395,OK,0
2026-03-30 13:47:20,F3,1.6343,OK,0
2026-03-30 13:47:30,F3,1.6291,OK,0
2026-03-30 13:47:40,F3,1.6239,OK,0
2026-03-30 13:47:51,F3,1.6187,OK,0
2026-03-30 13:48:01,F3,1.6135,OK,0
2026-03-30 13:48:11,F3,1.6084,OK,0
2026-03-30 13:48:21,F3,1.6032,OK,0
2026-03-30 13:48:32,F3,1.5981,OK,0
2026-03-30 13:48:42,F3,1.5930,OK,0
2026-03-30 13:48:52,F3,1.5879,OK,0
2026-03-30 13:49:02,F3,1.5828,OK,0
2026-03-30 13:49:13,F3,1.5777,OK,0
2026-03-30 13:49:23,F3,1.5727,OK,0
2026-03-30 13:49:33,F3,1.5676,OK,0
2026-03-30 13:49:43,F3,1.5626,OK,0
2026-03-30 13:49:54,F3,1.5576,OK,0
2026-03-30 13:50:04,F3,1.5525,OK,0
2026-03-30 13:50:14,F3,1.5476,OK,0
2026-03-30 13:50:24,F3,1.5426,OK,0
2026-03-30 13:50:35,F3,1.5376,OK,0
2026-03-30 13:50:45,F3,1.5327,OK,0
2026-03-30 13:50:55,F3,1.5277,OK,0
2026-03-30 13:51:05,F3,1.5228,OK,0
2026-03-30 13:51:16,F3,1.5179,OK,0
2026-03-30 13:51:26,F3,1.5130,OK,0
2026-03-30 13:51:36,F3,1.5082,OK,0
2026-03-30 13:51:46,F3,1.5033,OK,0
2026-03-30 13:51:57,F3,1.4985,OK,0
2026-03-30 13:52:07,F3,1.4937,OK,0
2026-03-30 13:52:17,F3,1.4889,OK,0
2026-03-30 13:52:27,F3,1.4841,OK,0
2026-03-30 13:52:38,F3,1.4793,OK,0
2026-03-30 13:52:48,F3,1.4745,OK,0
2026-03-30 13:52:58,F3,1.4698,OK,0
2026-03-30 13:53:08,F3,1.4651,OK,0
2026-03-30 13:53:19,F3,1.4604,OK,0
2026-03-30 13:53:29,F3,1.4557,OK,0
2026-03-30 13:53:39,F3,1.4510,OK,0
2026-03-30 13:53:49,F3,1.4463,OK,0
2026-03-30 13:54:00,F3,1.4417,OK,0
2026-03-30 13:54:10,F3,1.4371,OK,0
2026-03-30 13:54:20,F3,1.4325,OK,0
2026-03-30 13:54:30,F3,1.4279,OK,0
2026-03-30 13:54:41,F3,1.4233,OK,0
2026-03-30 13:54:51,F3,1.4188,OK,0
2026-03-30 13:55:01,F3,1.4143,OK,0
2026-03-30 13:55:11,F3,1.4097,OK,0
2026-03-30 13:55:21,F3,1.4052,OK,0
2026-03-30 13:55:32,F3,1.4008,OK,0
2026-03-30 13:55:42,F3,1.3963,OK,0
2026-03-30 13:55:52,F3,1.3919,OK,0
2026-03-30 13:56:02,F3,1.3875,OK,0
2026-03-30 13:56:13,F3,1.3831,OK,0
2026-03-30 13:56:23,F3,1.3787,OK,0
2026-03-30 13:56:33,F3,1.3743,OK,0
2026-03-30 13:56:43,F3,1.3700,OK,0
2026-03-30 13:56:54,F3,1.3657,OK,0
2026-03-30 13:57:04,F3,1.3614,OK,0
2026-03-30 13:57:14,F3,1.3571,OK,0
2026-03-30 13:57:24,F3,1.3528,OK,0
2026-03-30 13:57:35,F3,1.3486,OK,0
2026-03-30 13:57:45,F3,1.3443,OK,0
2026-03-30 13:57:55,F3,1.3401,OK,0
2026-03-30 13:58:05,F3,1.3360,OK,0
2026-03-30 13:58:16,F3,1.3318,OK,0
2026-03-30 13:58:26,F3,1.3277,OK,0
2026-03-30 13:58:36,F3,1.3235,OK,0
2026-03-30 13:58:46,F3,1.3194,OK,0
2026-03-30 13:58:57,F3,1.3153,OK,0
2026-03-30 13:59:07,F3,1.3113,OK,0
2026-03-30 13:59:17,F3,1.3072,OK,0
2026-03-30 13:59:27,F3,1.3032,OK,0
2026-03-30 13:59:38,F3,1.2992,OK,0
2026-03-30 13:59:48,F3,1.2952,OK,0
2026-03-30 13:59:58,F3,1.2913,OK,0
2026-03-30 14:00:08,F3,1.2873,OK,0
2026-03-30 14:00:19,F3,1.2834,OK,0
2026-03-30 14:00:29,F3,1.2795,OK,0
2026-03-30 14:00:39,F3,1.2756,OK,0
2026-03-30 14:00:49,F3,1.2718,OK,0
2026-03-30 14:01:00,F3,1.2679,OK,0
2026-03-30 14:01:10,F3,1.2641,OK,0
2026-03-30 14:01:20,F3,1.2603,OK,0
2026-03-30 14:01:30,F3,1.2566,OK,0
2026-03-30 14:01:41,F3,1.2528,OK,0
2026-03-30 14:01:51,F3,1.2491,OK,0
2026-03-30 14:02:01,F3,1.2454,OK,0
2026-03-30 14:02:11,F3,1.2417,OK,0
2026-03-30 14:02:22,F3,1.2380,OK,0
2026-03-30 14:02:32,F3,1.2344,OK,0
2026-03-30 14:02:42,F3,1.2307,OK,0
2026-03-30 14:02:52,F3,1.2271,OK,0
2026-03-30 14:03:03,F3,1.2236,OK,0
2026-03-30 14:03:13,F3,1.2200,OK,0
2026-03-30 14:03:23,F3,1.2165,OK,0
2026-03-30 14:03:33,F3,1.2130,OK,0
2026-03-30 14:03:44,F3,1.2095,OK,0
2026-03-30 14:03:54,F3,1.2060,OK,0
2026-03-30 14:04:04,F3,1.2026,OK,0
2026-03-30 14:04:14,F3,1.1991,OK,0
2026-03-30 14:04:25,F3,1.1957,OK,0
2026-03-30 14:04:35,F3,1.1924,OK,0
2026-03-30 14:04:45,F3,1.1890,OK,0
2026-03-30 14:04:55,F3,1.1857,OK,0
2026-03-30 14:05:06,F3,1.1824,OK,0
2026-03-30 14:05:16,F3,1.1791,OK,0
2026-03-30 14:05:26,F3,1.1758,OK,0
2026-03-30 14:05:36,F3,1.1726,OK,0
2026-03-30 14:05:47,F3,1.1693,OK,0
2026-03-30 14:05:57,F3,1.1661,OK,0
2026-03-30 14:06:07,F3,1.1630,OK,0
2026-03-30 14:06:17,F3,1.1598,OK,0
2026-03-30 14:06:28,F3,1.1567,OK,0
2026-03-30 14:06:38,F3,1.1536,OK,0
2026-03-30 14:06:48,F3,1.1505,OK,0
2026-03-30 14:06:58,F3,1.1475,OK,0
2026-03-30 14:07:09,F3,1.1444,OK,0
2026-03-30 14:07:19,F3,1.1414,OK,0
2026-03-30 14:07:29,F3,1.1384,OK,0
2026-03-30 14:07:39,F3,1.1355,OK,0
2026-03-30 14:07:50,F3,1.1325,OK,0
2026-03-30 14:08:00,F3,1.1296,OK,0
2026-03-30 14:08:10,F3,1.1267,OK,0
2026-03-30 14:08:20,F3,1.1238,OK,0
2026-03-30 14:08:31,F3,1.1210,OK,0
2026-03-30 14:08:41,F3,1.1182,OK,0
2026-03-30 14:08:51,F3,1.1154,OK,0
2026-03-30 14:09:01,F3,1.1126,OK,0
2026-03-30 14:09:12,F3,1.1098,OK,0
2026-03-30 14:09:22,F3,1.1071,OK,0
2026-03-30 14:09:32,F3,1.1044,OK,0
2026-03-30 14:09:42,F3,1.1017,OK,0
2026-03-30 14:09:53,F3,1.0991,OK,0
2026-03-30 14:10:03,F3,1.0965,OK,0
2026-03-30 14:10:13,F3,1.0939,OK,0
2026-03-30 14:10:23,F3,1.0913,OK,0
2026-03-30 14:10:34,F3,1.0887,OK,0
2026-03-30 14:10:44,F3,1.0862,OK,0
2026-03-30 14:10:54,F3,1.0837,OK,0
2026-03-30 14:11:04,F3,1.0812,OK,0
2026-03-30 14:11:15,F3,1.0787,OK,0
2026-03-30 14:11:25,F3,1.0763,OK,0
2026-03-30 14:11:35,F3,1.0739,OK,0
2026-03-30 14:11:45,F3,1.0715,OK,0
2026-03-30 14:11:56,F3,1.0692,OK,0
2026-03-30 14:12:06,F3,1.0668,OK,0
2026-03-30 14:12:16,F3,1.0645,OK,0
2026-03-30 14:12:26,F3,1.0622,OK,0
2026-03-30 14:12:37,F3,1.0600,OK,0
2026-03-30 14:12:47,F3,1.0577,OK,0
2026-03-30 14:12:57,F3,1.0555,OK,0
2026-03-30 14:13:07,F3,1.0533,OK,0
2026-03-30 14:13:18,F3,1.0512,OK,0
2026-03-30 14:13:28,F3,1.0490,OK,0
2026-03-30 14:13:38,F3,1.0469,OK,0
2026-03-30 14:13:48,F3,1.0448,OK,0
2026-03-30 14:13:59,F3,1.0428,OK,0
2026-03-30 14:14:09,F3,1.0407,OK,0
2026-03-30 14:14:19,F3,1.0387,OK,0
2026-03-30 14:14:29,F3,1.0368,OK,0
2026-03-30 14:14:40,F3,1.0348,OK,0
2026-03-30 14:14:50,F3,1.0329,OK,0
2026-03-30 14:15:00,F3,1.0310,OK,0
2026-03-30 14:15:10,F3,1.0291,OK,0
2026-03-30 14:15:21,F3,1.0272,OK,0
2026-03-30 14:15:31,F3,1.0254,OK,0
2026-03-30 14:15:41,F3,1.0236,OK,0
2026-03-30 14:15:51,F3,1.0218,OK,0
2026-03-30 14:16:02,F3,1.0201,OK,0
2026-03-30 14:16:12,F3,1.0183,OK,0
2026-03-30 14:16:22,F3,1.0166,OK,0
2026-03-30 14:16:32,F3,1.0150,OK,0
2026-03-30 14:16:43,F3,1.0133,OK,0
2026-03-30 14:16:53,F3,1.0117,OK,0
2026-03-30 14:17:03,F3,1.0101,OK,0
2026-03-30 14:17:13,F3,1.0085,OK,0
2026-03-30 14:17:24,F3,1.0070,OK,0
2026-03-30 14:17:34,F3,1.0055,OK,0
2026-03-30 14:17:44,F3,1.0040,OK,0
2026-03-30 14:17:54,F3,1.0025,OK,0
2026-03-30 14:18:05,F3,1.0011,OK,0
2026-03-30 14:18:15,F3,0.9997,OK,0
2026-03-30 14:18:25,F3,0.9983,OK,0
2026-03-30 14:18:35,F3,0.9969,OK,0
2026-03-30 14:18:46,F3,0.9956,OK,0
2026-03-30 14:18:56,F3,0.9943,OK,0
2026-03-30 14:19:06,F3,0.9930,OK,0
2026-03-30 14:19:16,F3,0.9917,OK,0
2026-03-30 14:19:27,F3,0.9905,OK,0
2026-03-30 14:19:37,F3,0.9893,OK,0
2026-03-30 14:19:47,F3,0.9881,OK,0
2026-03-30 14:19:57,F3,0.9870,OK,0
2026-03-30 14:20:08,F3,0.9859,OK,0
2026-03-30 14:20:18,F3,0.9848,OK,0
2026-03-30 14:20:28,F3,0.9837,OK,0
2026-03-30 14:20:38,F3,0.9827,OK,0
2026-03-30 14:20:49,F3,0.9817,OK,0
2026-03-30 14:20:59,F3,0.9807,OK,0
2026-03-30 14:21:09,F3,0.9797,OK,0
2026-03-30 14:21:19,F3,0.9788,OK,0
2026-03-30 14:21:30,F3,0.9779,OK,0
2026-03-30 14:21:40,F3,0.9770,OK,0
2026-03-30 14:21:50,F3,0.9762,OK,0
2026-03-30 14:22:00,F3,0.9753,OK,0
2026-03-30 14:22:11,F3,0.9745,OK,0
2026-03-30 14:22:21,F3,0.9737,OK,0
2026-03-30 14:22:31,F3,0.9730,OK,0
2026-03-30 14:22:41,F3,0.9723,OK,0
2026-03-30 14:22:52,F3,0.9716,OK,0
2026-03-30 14:23:02,F3,0.9709,OK,0
2026-03-30 14:23:12,F3,0.9702,OK,0
2026-03-30 14:23:22,F3,0.9696,OK,0
2026-03-30 14:23:33,F3,0.9690,OK,0
2026-03-30 14:23:43,F3,0.9684,OK,0
2026-03-30 14:23:53,F3,0.9679,OK,0
2026-03-30 14:24:03,F3,0.9674,OK,0
2026-03-30 14:24:14,F3,0.9669,OK,0
2026-03-30 14:24:24,F3,0.9664,OK,0
2026-03-30 14:24:34,F3,0.9659,OK,0
2026-03-30 14:24:44,F3,0.9655,OK,0
2026-03-30 14:24:54,F3,0.9651,OK,0
2026-03-30 14:25:05,F3,0.9647,OK,0
2026-03-30 14:25:15,F3,0.9644,OK,0
2026-03-30 14:25:25,F3,0.9641,OK,0
2026-03-30 14:25:35,F3,0.9638,OK,0
2026-03-30 14:25:46,F3,0.9635,OK,0
2026-03-30 14:25:56,F3,0.9632,OK,0
2026-03-30 14:26:06,F3,0.9630,OK,0
2026-03-30 14:26:16,F3,0.9628,OK,0
2026-03-30 14:26:27,F3,0.9626,OK,0
2026-03-30 14:26:37,F3,0.9625,OK,0
2026-03-30 14:26:47,F3,0.9623,OK,0
2026-03-30 14:26:57,F3,0.9622,OK,0
2026-03-30 14:27:08,F3,0.9621,OK,0
2026-03-30 14:27:18,F3,0.9621,OK,0
2026-03-30 14:27:28,F3,0.9620,OK,0
2026-03-30 14:27:38,F3,0.9620,OK,0
2026-03-30 14:27:49,F3,0.9620,OK,0
2026-03-30 14:27:59,F3,0.9621,OK,0
2026-03-30 14:28:09,F3,0.9621,OK,0
2026-03-30 14:28:19,F3,0.9622,OK,0
2026-03-30 14:28:30,F3,0.9623,OK,0
2026-03-30 14:28:40,F3,0.9624,OK,0
2026-03-30 14:28:50,F3,0.9625,OK,0
2026-03-30 14:29:00,F3,0.9627,OK,0
2026-03-30 14:29:10,F3,0.9629,OK,0
2026-03-30 14:29:21,F3,0.9631,OK,0
2026-03-30 14:29:31,F3,0.9633,OK,0
2026-03-30 14:29:41,F3,0.9635,OK,0
2026-03-30 14:29:51,F3,0.9638,OK,0
2026-03-30 14:30:02,F3,0.9641,OK,0
2026-03-30 14:30:12,F3,0.9644,OK,0
2026-03-30 14:30:22,F3,0.9647,OK,0
2026-03-30 14:30:32,F3,0.9650,OK,0
2026-03-30 14:30:43,F3,0.9654,OK,0
2026-03-30 14:30:53,F3,0.9657,OK,0
2026-03-30 14:31:03,F3,0.9661,OK,0
2026-03-30 14:31:13,F3,0.9665,OK,0
2026-03-30 14:31:24,F3,0.9670,OK,0
2026-03-30 14:31:34,F3,0.9674,OK,0
2026-03-30 14:31:44,F3,0.9679,OK,0
2026-03-30 14:31:54,F3,0.9683,OK,0
2026-03-30 14:32:05,F3,0.9688,OK,0
2026-03-30 14:32:15,F3,0.9693,OK,0
2026-03-30 14:32:25,F3,0.9699,OK,0
2026-03-30 14:32:35,F3,0.9704,OK,0
2026-03-30 14:32:46,F3,0.9710,OK,0
2026-03-30 14:32:56,F3,0.9715,OK,0
2026-03-30 14:33:06,F3,0.9721,OK,0
2026-03-30 14:33:16,F3,0.9727,OK,0
2026-03-30 14:33:27,F3,0.9734,OK,0
2026-03-30 14:33:37,F3,0.9740,OK,0
2026-03-30 14:33:47,F3,0.9746,OK,0
2026-03-30 14:33:57,F3,0.9753,OK,0
2026-03-30 14:34:07,F3,0.9760,OK,0
2026-03-30 14:34:18,F3,0.9767,OK,0
2026-03-30 14:34:28,F3,0.9774,OK,0
2026-03-30 14:34:38,F3,0.9781,OK,0
2026-03-30 14:34:48,F3,0.9788,OK,0
2026-03-30 14:34:59,F3,0.9795,OK,0
2026-03-30 14:35:09,F3,0.9803,OK,0
2026-03-30 14:35:19,F3,0.9811,OK,0
2026-03-30 14:35:29,F3,0.9818,OK,0
2026-03-30 14:35:40,F3,0.9826,OK,0
2026-03-30 14:35:50,F3,0.9834,OK,0
2026-03-30 14:36:00,F3,0.9842,OK,0
2026-03-30 14:36:10,F3,0.9851,OK,0
2026-03-30 14:36:21,F3,0.9859,OK,0
2026-03-30 14:36:31,F3,0.9868,OK,0
2026-03-30 14:36:41,F3,0.9876,OK,0
2026-03-30 14:36:51,F3,0.9885,OK,0
2026-03-30 14:37:02,F3,0.9894,OK,0
2026-03-30 14:37:12,F3,0.9903,OK,0
2026-03-30 14:37:22,F3,0.9912,OK,0
2026-03-30 14:37:32,F3,0.9921,OK,0
2026-03-30 14:37:42,F3,0.9930,OK,0
2026-03-30 14:37:53,F3,0.9939,OK,0
2026-03-30 14:38:03,F3,0.9949,OK,0
2026-03-30 14:38:13,F3,0.9958,OK,0
2026-03-30 14:38:23,F3,0.9968,OK,0
2026-03-30 14:38:34,F3,0.9978,OK,0
2026-03-30 14:38:44,F3,0.9988,OK,0
2026-03-30 14:38:54,F3,0.9998,OK,0
2026-03-30 14:39:04,F3,1.0008,OK,0
2026-03-30 14:39:15,F3,1.0018,OK,0
2026-03-30 14:39:25,F3,1.0028,OK,0
2026-03-30 14:39:35,F3,1.0039,OK,0
2026-03-30 14:39:45,F3,1.0049,OK,0
2026-03-30 14:39:56,F3,1.0060,OK,0
2026-03-30 14:40:06,F3,1.0071,OK,0
2026-03-30 14:40:16,F3,1.0081,OK,0
2026-03-30 14:40:26,F3,1.0092,OK,0
2026-03-30 14:40:37,F3,1.0103,OK,0
2026-03-30 14:40:47,F3,1.0114,OK,0
2026-03-30 14:40:57,F3,1.0126,OK,0
2026-03-30 14:41:07,F3,1.0137,OK,0
2026-03-30 14:41:17,F3,1.0148,OK,0
2026-03-30 14:41:28,F3,1.0160,OK,0
2026-03-30 14:41:38,F3,1.0171,OK,0
2026-03-30 14:41:48,F3,1.0183,OK,0
2026-03-30 14:41:58,F3,1.0195,OK,0
2026-03-30 14:42:09,F3,1.0206,OK,0
2026-03-30 14:42:19,F3,1.0218,OK,0
2026-03-30 14:42:29,F3,1.0230,OK,0
2026-03-30 14:42:39,F3,1.0242,OK,0
2026-03-30 14:42:50,F3,1.0255,OK,0
2026-03-30 14:43:00,F3,1.0267,OK,0
2026-03-30 14:43:10,F3,1.0279,OK,0
2026-03-30 14:43:20,F3,1.0292,OK,0
2026-03-30 14:43:31,F3,1.0304,OK,0
2026-03-30 14:43:41,F3,1.0317,OK,0
2026-03-30 14:43:51,F3,1.0329,OK,0
2026-03-30 14:44:01,F3,1.0342,OK,0
2026-03-30 14:44:11,F3,1.0355,OK,0
2026-03-30 14:44:22,F3,1.0368,OK,0
2026-03-30 14:44:32,F3,1.0381,OK,0
2026-03-30 14:44:42,F3,1.0394,OK,0
2026-03-30 14:44:52,F3,1.0407,OK,0
2026-03-30 14:45:03,F3,1.0420,OK,0
2026-03-30 14:45:13,F3,1.0434,OK,0
2026-03-30 14:45:23,F3,1.0447,OK,0
2026-03-30 14:45:33,F3,1.0461,OK,0
2026-03-30 14:45:44,F3,1.0474,OK,0
2026-03-30 14:45:54,F3,1.0488,OK,0
2026-03-30 14:46:04,F3,1.0501,OK,0
2026-03-30 14:46:14,F3,1.0515,OK,0
2026-03-30 14:46:25,F3,1.0529,OK,0
2026-03-30 14:46:35,F3,1.0543,OK,0
2026-03-30 14:46:45,F3,1.0557,OK,0
2026-03-30 14:46:55,F3,1.0571,OK,0
2026-03-30 14:47:05,F3,1.0585,OK,0
2026-03-30 14:47:16,F3,1.0599,OK,0
2026-03-30 14:47:26,F3,1.0614,OK,0
2026-03-30 14:47:36,F3,1.0628,OK,0
2026-03-30 14:47:46,F3,1.0643,OK,0
2026-03-30 14:47:57,F3,1.0657,OK,0
2026-03-30 14:48:07,F3,1.0672,OK,0
2026-03-30 14:48:17,F3,1.0687,OK,0
2026-03-30 14:48:27,F3,1.0701,OK,0
2026-03-30 14:48:38,F3,1.0716,OK,0
2026-03-30 14:48:48,F3,1.0731,OK,0
2026-03-30 14:48:58,F3,1.0746,OK,0
2026-03-30 14:49:08,F3,1.0761,OK,0
2026-03-30 14:49:19,F3,1.0776,OK,0
2026-03-30 14:49:29,F3,1.0792,OK,0
2026-03-30 14:49:39,F3,1.0807,OK,0
2026-03-30 14:49:49,F3,1.0822,OK,0
2026-03-30 14:49:59,F3,1.0838,OK,0
2026-03-30 14:50:10,F3,1.0853,OK,0
2026-03-30 14:50:20,F3,1.0869,OK,0
2026-03-30 14:50:30,F3,1.0885,OK,0
2026-03-30 14:50:40,F3,1.0900,OK,0
2026-03-30 14:50:51,F3,1.0916,OK,0
2026-03-30 14:51:01,F3,1.0932,OK,0
2026-03-30 14:51:11,F3,1.0948,OK,0
2026-03-30 14:51:21,F3,1.0964,OK,0
2026-03-30 14:51:32,F3,1.0981,OK,0
2026-03-30 14:51:42,F3,1.0997,OK,0
2026-03-30 14:51:52,F3,1.1013,OK,0
2026-03-30 14:52:02,F3,1.1030,OK,0
2026-03-30 14:52:13,F3,1.1046,OK,0
2026-03-30 14:52:23,F3,1.1063,OK,0
2026-03-30 14:52:33,F3,1.1080,OK,0
2026-03-30 14:52:43,F3,1.1097,OK,0
2026-03-30 14:52:53,F3,1.1114,OK,0
2026-03-30 14:53:04,F3,1.1131,OK,0
2026-03-30 14:53:14,F3,1.1148,OK,0
2026-03-30 14:53:24,F3,1.1165,OK,0
2026-03-30 14:53:34,F3,1.1183,OK,0
2026-03-30 14:53:45,F3,1.1200,OK,0
2026-03-30 14:53:55,F3,1.1218,OK,0
2026-03-30 14:54:05,F3,1.1235,OK,0
2026-03-30 14:54:15,F3,1.1253,OK,0
2026-03-30 14:54:26,F3,1.1271,OK,0
2026-03-30 14:54:36,F3,1.1289,OK,0
2026-03-30 14:54:46,F3,1.1307,OK,0
2026-03-30 14:54:56,F3,1.1325,OK,0
2026-03-30 14:55:06,F3,1.1343,OK,0
2026-03-30 14:55:17,F3,1.1361,OK,0
2026-03-30 14:55:27,F3,1.1380,OK,0
2026-03-30 14:55:37,F3,1.1398,OK,0
2026-03-30 14:55:47,F3,1.1417,OK,0
2026-03-30 14:55:58,F3,1.1436,OK,0
2026-03-30 14:56:08,F3,1.1455,OK,0
2026-03-30 14:56:18,F3,1.1474,OK,0
2026-03-30 14:56:28,F3,1.1493,OK,0
2026-03-30 14:56:39,F3,1.1512,OK,0
2026-03-30 14:56:49,F3,1.1531,OK,0
2026-03-30 14:56:59,F3,1.1551,OK,0
2026-03-30 14:57:09,F3,1.1570,OK,0
2026-03-30 14:57:20,F3,1.1590,OK,0
2026-03-30 14:57:30,F3,1.1610,OK,0
2026-03-30 14:57:40,F3,1.1630,OK,0
2026-03-30 14:57:50,F3,1.1649,OK,0
2026-03-30 14:58:01,F3,1.1670,OK,0
2026-03-30 14:58:11,F3,1.1690,OK,0
2026-03-30 14:58:21,F3,1.1710,OK,0
2026-03-30 14:58:31,F3,1.1730,OK,0
2026-03-30 14:58:42,F3,1.1751,OK,0
2026-03-30 14:58:52,F3,1.1772,OK,0
2026-03-30 14:59:02,F3,1.1792,OK,0
2026-03-30 14:59:12,F3,1.1813,OK,0
2026-03-30 14:59:23,F3,1.1834,OK,0
2026-03-30 14:59:33,F3,1.1855,OK,0
2026-03-30 14:59:43,F3,1.1877,OK,0
2026-03-30 14:59:53,F3,1.1898,OK,0
2026-03-30 15:00:04,F3,1.1920,OK,0
2026-03-30 15:00:14,F3,1.1941,OK,0
2026-03-30 15:00:24,F3,1.1963,OK,0
2026-03-30 15:00:34,F3,1.1985,OK,0
2026-03-30 15:00:45,F3,1.2007,OK,0
2026-03-30 15:00:55,F3,1.2029,OK,0
2026-03-30 15:01:05,F3,1.2051,OK,0
2026-03-30 15:01:15,F3,1.2073,OK,0
2026-03-30 15:01:26,F3,1.2096,OK,0
2026-03-30 15:01:36,F3,1.2118,OK,0
2026-03-30 15:01:46,F3,1.2141,OK,0
2026-03-30 15:01:56,F3,1.2164,OK,0
2026-03-30 15:02:07,F3,1.2187,OK,0
2026-03-30 15:02:17,F3,1.2210,OK,0
2026-03-30 15:02:27,F3,1.2233,OK,0
2026-03-30 15:02:37,F3,1.2257,OK,0
2026-03-30 15:02:48,F3,1.2280,OK,0
2026-03-30 15:02:58,F3,1.2304,OK,0
2026-03-30 15:03:08,F3,1.2328,OK,0
2026-03-30 15:03:18,F3,1.2352,OK,0
2026-03-30 15:03:29,F3,1.2376,OK,0
2026-03-30 15:03:39,F3,1.2400,OK,0
2026-03-30 15:03:49,F3,1.2424,OK,0
2026-03-30 15:03:59,F3,1.2448,OK,0
2026-03-30 15:04:09,F3,1.2473,OK,0
2026-03-30 15:04:20,F3,1.2497,OK,0
2026-03-30 15:04:30,F3,1.2522,OK,0
2026-03-30 15:04:40,F3,1.2547,OK,0
2026-03-30 15:04:50,F3,1.2572,OK,0
2026-03-30 15:05:01,F3,1.2597,OK,0
2026-03-30 15:05:11,F3,1.2622,OK,0
2026-03-30 15:05:21,F3,1.2648,OK,0
2026-03-30 15:05:31,F3,1.2673,OK,0
2026-03-30 15:05:42,F3,1.2699,OK,0
2026-03-30 15:05:52,F3,1.2725,OK,0
2026-03-30 15:06:02,F3,1.2750,OK,0
2026-03-30 15:06:12,F3,1.2776,OK,0
2026-03-30 15:06:23,F3,1.2802,OK,0
2026-03-30 15:06:33,F3,1.2829,OK,0
2026-03-30 15:06:43,F3,1.2855,OK,0
2026-03-30 15:06:53,F3,1.2881,OK,0
2026-03-30 15:07:04,F3,1.2908,OK,0
2026-03-30 15:07:14,F3,1.2934,OK,0
2026-03-30 15:07:24,F3,1.2961,OK,0
2026-03-30 15:07:34,F3,1.2988,OK,0
2026-03-30 15:07:45,F3,1.3015,OK,0
2026-03-30 15:07:55,F3,1.3042,OK,0
2026-03-30 15:08:05,F3,1.3069,OK,0
2026-03-30 15:08:15,F3,1.3096,OK,0
2026-03-30 15:08:25,F3,1.3124,OK,0
2026-03-30 15:08:36,F3,1.3151,OK,0
2026-03-30 15:08:46,F3,1.3179,OK,0
2026-03-30 15:08:56,F3,1.3207,OK,0
2026-03-30 15:09:06,F3,1.3235,OK,0
2026-03-30 15:09:17,F3,1.3263,OK,0
2026-03-30 15:09:27,F3,1.3291,OK,0
2026-03-30 15:09:37,F3,1.3319,OK,0
2026-03-30 15:09:47,F3,1.3347,OK,0
2026-03-30 15:09:58,F3,1.3375,OK,0
2026-03-30 15:10:08,F3,1.3404,OK,0
2026-03-30 15:10:18,F3,1.3433,OK,0
2026-03-30 15:10:28,F3,1.3461,OK,0
2026-03-30 15:10:39,F3,1.3490,OK,0
2026-03-30 15:10:49,F3,1.3519,OK,0
2026-03-30 15:10:59,F3,1.3548,OK,0
2026-03-30 15:11:09,F3,1.3577,OK,0
2026-03-30 15:11:20,F3,1.3606,OK,0
2026-03-30 15:11:30,F3,1.3635,OK,0
2026-03-30 15:11:40,F3,1.3665,OK,0
2026-03-30 15:11:50,F3,1.3694,OK,0
2026-03-30 15:12:00,F3,1.3724,OK,0
2026-03-30 15:12:11,F3,1.3754,OK,0
2026-03-30 15:12:21,F3,1.3783,OK,0
2026-03-30 15:12:31,F3,1.3813,OK,0
2026-03-30 15:12:41,F3,1.3843,OK,0
2026-03-30 15:12:52,F3,1.3873,OK,0
2026-03-30 15:13:02,F3,1.3903,OK,0
2026-03-30 15:13:12,F3,1.3933,OK,0
2026-03-30 15:13:22,F3,1.3963,OK,0
2026-03-30 15:13:33,F3,1.3993,OK,0
2026-03-30 15:13:43,F3,1.4024,OK,0
2026-03-30 15:13:53,F3,1.4054,OK,0
2026-03-30 15:14:03,F3,1.4084,OK,0
2026-03-30 15:14:14,F3,1.4115,OK,0
2026-03-30 15:14:24,F3,1.4145,OK,0
2026-03-30 15:14:34,F3,1.4176,OK,0
2026-03-30 15:14:44,F3,1.4207,OK,0
2026-03-30 15:14:55,F3,1.4237,OK,0
2026-03-30 15:15:05,F3,1.4268,OK,0
2026-03-30 15:15:15,F3,1.4299,OK,0
2026-03-30 15:15:25,F3,1.4330,OK,0
2026-03-30 15:15:35,F3,1.4361,OK,0
2026-03-30 15:15:46,F3,1.4391,OK,0
2026-03-30 15:15:56,F3,1.4422,OK,0
2026-03-30 15:16:06,F3,1.4453,OK,0
2026-03-30 15:16:16,F3,1.4484,OK,0
2026-03-30 15:16:27,F3,1.4515,OK,0
2026-03-30 15:16:37,F3,1.4547,OK,0
2026-03-30 15:16:47,F3,1.4578,OK,0
2026-03-30 15:16:57,F3,1.4609,OK,0
2026-03-30 15:17:08,F3,1.4640,OK,0
2026-03-30 15:17:18,F3,1.4671,OK,0
2026-03-30 15:17:28,F3,1.4703,OK,0
2026-03-30 15:17:38,F3,1.4734,OK,0
2026-03-30 15:17:49,F3,1.4765,OK,0
2026-03-30 15:17:59,F3,1.4796,OK,0
2026-03-30 15:18:09,F3,1.4828,OK,0
2026-03-30 15:18:19,F3,1.4859,OK,0
2026-03-30 15:18:30,F3,1.4890,OK,0
2026-03-30 15:18:40,F3,1.4922,OK,0
2026-03-30 15:18:50,F3,1.4953,OK,0
2026-03-30 15:19:00,F3,1.4985,OK,0
2026-03-30 15:19:10,F3,1.5016,OK,0
2026-03-30 15:19:21,F3,1.5048,OK,0
2026-03-30 15:19:31,F3,1.5079,OK,0
2026-03-30 15:19:41,F3,1.5110,OK,0
2026-03-30 15:19:51,F3,1.5142,OK,0
2026-03-30 15:20:02,F3,1.5173,OK,0
2026-03-30 15:20:12,F3,1.5205,OK,0
2026-03-30 15:20:22,F3,1.5236,OK,0
2026-03-30 15:20:32,F3,1.5268,OK,0
2026-03-30 15:20:43,F3,1.5299,OK,0
2026-03-30 15:20:53,F3,1.5330,OK,0
2026-03-30 15:21:03,F3,1.5362,OK,0
2026-03-30 15:21:13,F3,1.5393,OK,0
2026-03-30 15:21:24,F3,1.5425,OK,0
2026-03-30 15:21:34,F3,1.5456,OK,0
2026-03-30 15:21:44,F3,1.5487,OK,0
2026-03-30 15:21:54,F3,1.5519,OK,0
2026-03-30 15:22:05,F3,1.5550,OK,0
2026-03-30 15:22:15,F3,1.5581,OK,0
2026-03-30 15:22:25,F3,1.5613,OK,0
2026-03-30 15:22:35,F3,1.5644,OK,0
2026-03-30 15:22:45,F3,1.5675,OK,0
2026-03-30 15:22:56,F3,1.5706,OK,0
2026-03-30 15:23:06,F3,1.5738,OK,0
2026-03-30 15:23:16,F3,1.5769,OK,0
2026-03-30 15:23:26,F3,1.5800,OK,0
2026-03-30 15:23:37,F3,1.5831,OK,0
2026-03-30 15:23:47,F3,1.5862,OK,0
2026-03-30 15:23:57,F3,1.5893,OK,0
2026-03-30 15:24:07,F3,1.5924,OK,0
2026-03-30 15:24:18,F3,1.5955,OK,0
2026-03-30 15:24:28,F3,1.5986,OK,0
2026-03-30 15:24:38,F3,1.6017,OK,0
2026-03-30 15:24:48,F3,1.6048,OK,0
2026-03-30 15:24:59,F3,1.6079,OK,0
2026-03-30 15:25:09,F3,1.6109,OK,0
2026-03-30 15:25:19,F3,1.6140,OK,0
2026-03-30 15:25:29,F3,1.6171,OK,0
2026-03-30 15:25:40,F3,1.6201,OK,0
2026-03-30 15:25:50,F3,1.6232,OK,0
2026-03-30 15:26:00,F3,1.6262,OK,0
2026-03-30 15:26:10,F3,1.6293,OK,0
2026-03-30 15:26:21,F3,1.6323,OK,0
2026-03-30 15:26:31,F3,1.6354,OK,0
2026-03-30 15:26:41,F3,1.6384,OK,0
2026-03-30 15:26:51,F3,1.6414,OK,0
2026-03-30 15:27:02,F3,1.6444,OK,0
2026-03-30 15:27:12,F3,1.6475,OK,0
2026-03-30 15:27:22,F3,1.6505,OK,0
2026-03-30 15:27:32,F3,1.6535,OK,0
2026-03-30 15:27:43,F3,1.6565,OK,0
2026-03-30 15:27:53,F3,1.6595,OK,0
2026-03-30 15:28:03,F3,1.6624,OK,0
2026-03-30 15:28:13,F3,1.6654,OK,0
2026-03-30 15:28:24,F3,1.6684,OK,0
2026-03-30 15:28:34,F3,1.6713,OK,0
2026-03-30 15:28:44,F3,1.6743,OK,0
2026-03-30 15:28:54,F3,1.6773,OK,0
2026-03-30 15:29:05,F3,1.6802,OK,0
2026-03-30 15:29:15,F3,1.6831,OK,0
2026-03-30 15:29:25,F3,1.6861,OK,0
2026-03-30 15:29:35,F3,1.6890,OK,0
2026-03-30 15:29:46,F3,1.6919,OK,0
2026-03-30 15:29:56,F3,1.6948,OK,0
2026-03-30 15:30:06,F3,1.6977,OK,0
2026-03-30 15:30:16,F3,1.7006,OK,0
2026-03-30 15:30:26,F3,1.7035,OK,0
2026-03-30 15:30:37,F3,1.7063,OK,0
2026-03-30 15:30:47,F3,1.7092,OK,0
2026-03-30 15:30:57,F3,1.7121,OK,0
2026-03-30 15:31:07,F3,1.7149,OK,0
2026-03-30 15:31:18,F3,1.7178,OK,0
2026-03-30 15:31:28,F3,1.7206,OK,0
2026-03-30 15:31:38,F3,1.7234,OK,0
2026-03-30 15:31:48,F3,1.7262,OK,0
2026-03-30 15:31:59,F3,1.7290,OK,0
2026-03-30 15:32:09,F3,1.7318,OK,0
2026-03-30 15:32:19,F3,1.7346,OK,0
2026-03-30 15:32:29,F3,1.7374,OK,0
2026-03-30 15:32:40,F3,1.7402,OK,0
2026-03-30 15:32:50,F3,1.7429,OK,0
2026-03-30 15:33:00,F3,1.7457,OK,0
2026-03-30 15:33:10,F3,1.7484,OK,0
2026-03-30 15:33:21,F3,1.7512,OK,0
2026-03-30 15:33:31,F3,1.7539,OK,0
2026-03-30 15:33:41,F3,1.7566,OK,0
2026-03-30 15:33:51,F3,1.7593,OK,0
2026-03-30 15:34:02,F3,1.7620,OK,0
2026-03-30 15:34:12,F3,1.7647,OK,0
2026-03-30 15:34:22,F3,1.7674,OK,0
2026-03-30 15:34:32,F3,1.7701,OK,0
2026-03-30 15:34:43,F3,1.7727,OK,0
2026-03-30 15:34:53,F3,1.7754,OK,0
2026-03-30 15:35:03,F3,1.7780,OK,0
2026-03-30 15:35:13,F3,1.7806,OK,0
2026-03-30 15:35:24,F3,1.7832,OK,0
2026-03-30 15:35:34,F3,1.7858,OK,0
2026-03-30 15:35:44,F3,1.7884,OK,0
2026-03-30 15:35:54,F3,1.7910,OK,0
2026-03-30 15:36:05,F3,1.7936,OK,0
2026-03-30 15:36:15,F3,1.7962,OK,0
2026-03-30 15:36:25,F3,1.7987,OK,0
2026-03-30 15:36:35,F3,1.8013,OK,0
2026-03-30 15:36:45,F3,1.8038,OK,0
2026-03-30 15:36:56,F3,1.8063,OK,0
2026-03-30 15:37:06,F3,1.8088,OK,0
2026-03-30 15:37:16,F3,1.8113,OK,0
2026-03-30 15:37:26,F3,1.8138,OK,0
2026-03-30 15:37:37,F3,1.8163,OK,0
2026-03-30 15:37:47,F3,1.8188,OK,0
2026-03-30 15:37:57,F3,1.8212,OK,0
2026-03-30 15:38:07,F3,1.8237,OK,0
2026-03-30 15:38:18,F3,1.8261,OK,0
2026-03-30 15:38:28,F3,1.8285,OK,0
2026-03-30 15:38:38,F3,1.8309,OK,0
2026-03-30 15:38:48,F3,1.8333,OK,0
2026-03-30 15:38:59,F3,1.8357,OK,0
2026-03-30 15:39:09,F3,1.8381,OK,0
2026-03-30 15:39:19,F3,1.8404,OK,0
2026-03-30 15:39:29,F3,1.8428,OK,0
2026-03-30 15:39:39,F3,1.8451,OK,0
2026-03-30 15:39:50,F3,1.8475,OK,0
2026-03-30 15:40:00,F3,1.8498,OK,0
2026-03-30 15:40:10,F3,1.8521,OK,0
2026-03-30 15:40:20,F3,1.8544,OK,0
2026-03-30 15:40:31,F3,1.8566,OK,0
2026-03-30 15:40:41,F3,1.8589,OK,1
2026-03-30 15:40:51,F3,1.8611,OK,1
2026-03-30 15:41:01,F3,1.8634,OK,1
2026-03-30 15:41:12,F3,1.8656,OK,1
2026-03-30 15:41:22,F3,1.8678,OK,0
2026-03-30 15:41:32,F3,1.8700,OK,0
2026-03-30 15:41:42,F3,1.8722,OK,0
2026-03-30 15:41:53,F3,1.8743,OK,0
2026-03-30 15:42:03,F3,1.8765,OK,0
2026-03-30 15:42:13,F3,1.8786,OK,0
2026-03-30 15:42:23,F3,1.8807,OK,0
2026-03-30 15:42:34,F3,1.8828,OK,0
2026-03-30 15:42:44,F3,1.8849,OK,0
2026-03-30 15:42:54,F3,1.8870,OK,0
2026-03-30 15:43:04,F3,1.8890,OK,0
2026-03-30 15:43:14,F3,1.8910,OK,0
2026-03-30 15:43:25,F3,1.8930,OK,0
2026-03-30 15:43:35,F3,1.8950,OK,0
2026-03-30 15:43:45,F3,1.8970,OK,0
2026-03-30 15:43:55,F3,1.8989,OK,0
2026-03-30 15:44:06,F3,1.9008,OK,0
2026-03-30 15:44:16,F3,1.9027,OK,0
2026-03-30 15:44:26,F3,1.9046,OK,0
2026-03-30 15:44:36,F3,1.9064,OK,0
2026-03-30 15:44:47,F3,1.9082,OK,0
2026-03-30 15:44:57,F3,1.9100,OK,0
2026-03-30 15:45:07,F3,1.9118,OK,0
2026-03-30 15:45:17,F3,1.9136,OK,0
2026-03-30 15:45:28,F3,1.9153,OK,0
2026-03-30 15:45:38,F3,1.9170,OK,0
2026-03-30 15:45:48,F3,1.9187,OK,0
2026-03-30 15:45:58,F3,1.9204,OK,0
2026-03-30 15:46:09,F3,1.9220,OK,0
2026-03-30 15:46:19,F3,1.9236,OK,0
2026-03-30 15:46:29,F3,1.9252,OK,0
2026-03-30 15:46:39,F3,1.9268,OK,0
2026-03-30 15:46:49,F3,1.9284,OK,0
2026-03-30 15:47:00,F3,1.9299,OK,0
2026-03-30 15:47:10,F3,1.9314,OK,0
2026-03-30 15:47:20,F3,1.9329,OK,0
2026-03-30 15:47:30,F3,1.9343,OK,0
2026-03-30 15:47:41,F3,1.9357,OK,0
2026-03-30 15:47:51,F3,1.9371,OK,0
2026-03-30 15:48:01,F3,1.9385,OK,0
2026-03-30 15:48:11,F3,1.9399,OK,0
2026-03-30 15:48:22,F3,1.9412,OK,0
2026-03-30 15:48:32,F3,1.9425,OK,0
2026-03-30 15:48:42,F3,1.9438,OK,0
2026-03-30 15:48:52,F3,1.9450,OK,1
2026-03-30 15:49:03,F3,1.9463,OK,1
2026-03-30 15:49:13,F3,1.9475,OK,1
2026-03-30 15:49:23,F3,1.9486,OK,1
2026-03-30 15:49:33,F3,1.9498,OK,1
2026-03-30 15:49:44,F3,1.9509,OK,0
2026-03-30 15:49:54,F3,1.9520,OK,0
2026-03-30 15:50:04,F3,1.9531,OK,0
2026-03-30 15:50:14,F3,1.9542,OK,0
2026-03-30 15:50:25,F3,1.9552,OK,0
2026-03-30 15:50:35,F3,1.9562,OK,0
2026-03-30 15:50:45,F3,1.9572,OK,0
2026-03-30 15:50:55,F3,1.9581,OK,0
2026-03-30 15:51:06,F3,1.9590,OK,0
2026-03-30 15:51:16,F3,1.9599,OK,0
2026-03-30 15:51:26,F3,1.9608,OK,0
2026-03-30 15:51:36,F3,1.9616,OK,0
2026-03-30 15:51:47,F3,1.9625,OK,0
2026-03-30 15:51:57,F3,1.9632,OK,0
2026-03-30 15:52:07,F3,1.9640,OK,0
2026-03-30 15:52:17,F3,1.9648,OK,0
2026-03-30 15:52:28,F3,1.9655,OK,0
2026-03-30 15:52:38,F3,1.9662,OK,1
2026-03-30 15:52:48,F3,1.9668,OK,1
2026-03-30 15:52:58,F3,1.9675,OK,1
2026-03-30 15:53:09,F3,1.9681,OK,1
2026-03-30 15:53:19,F3,1.9687,OK,0
2026-03-30 15:53:29,F3,1.9692,OK,0
2026-03-30 15:53:39,F3,1.9698,OK,1
2026-03-30 15:53:50,F3,1.9703,OK,1
2026-03-30 15:54:00,F3,1.9708,OK,0
2026-03-30 15:54:10,F3,1.9712,OK,0
2026-03-30 15:54:20,F3,1.9717,OK,0
2026-03-30 15:54:30,F3,1.9721,OK,0
2026-03-30 15:54:41,F3,1.9726,OK,0
2026-03-30 15:54:51,F3,1.9730,OK,0
2026-03-30 15:55:01,F3,1.9734,OK,0
2026-03-30 15:55:11,F3,1.9739,OK,0
2026-03-30 15:55:22,F3,1.9743,OK,0
2026-03-30 15:55:32,F3,1.9748,OK,0
2026-03-30 15:55:42,F3,1.9753,OK,0
2026-03-30 15:55:52,F3,1.9759,OK,0
2026-03-30 15:56:03,F3,1.9765,Bajo rango,0
2026-03-30 15:56:13,F3,1.9771,OK,0
2026-03-30 15:56:23,F3,1.9778,OK,0
2026-03-30 15:56:33,F3,1.9786,OK,0
2026-03-30 15:56:44,F3,1.9794,Bajo rango,1
2026-03-30 15:56:54,F3,1.9802,Bajo rango,0
2026-03-30 15:57:04,F3,1.9811,Bajo rango,0
2026-03-30 15:57:14,F3,1.9821,OK,0
2026-03-30 15:57:24,F3,1.9831,OK,0
2026-03-30 15:57:35,F3,1.9842,OK,0
2026-03-30 15:57:45,F3,1.9854,Bajo rango,0
2026-03-30 15:57:55,F3,1.9866,OK,0
2026-03-30 15:58:05,F3,1.9879,Bajo rango,0
2026-03-30 15:58:16,F3,1.9892,Bajo rango,0
2026-03-30 15:58:26,F3,1.9906,Bajo rango,0
2026-03-30 15:58:36,F3,1.9921,OK,1
2026-03-30 15:58:46,F3,1.9936,Alto rango,1
2026-03-30 15:58:57,F3,1.9951,Alto rango,1
2026-03-30 15:59:07,F3,1.9968,OK,0
2026-03-30 15:59:17,F3,1.9984,OK,0
2026-03-30 15:59:27,F3,2.0002,OK,0
2026-03-30 15:59:38,F3,2.0020,OK,0
2026-03-30 15:59:48,F3,2.0039,OK,0
2026-03-30 15:59:58,F3,2.0058,OK,0
2026-03-30 16:00:08,F3,2.0079,OK,0
2026-03-30 16:00:19,F3,2.0100,OK,1
2026-03-30 16:00:29,F3,2.0122,Alto rango,1
2026-03-30 16:00:39,F3,2.0144,Alto rango,0
2026-03-30 16:00:49,F3,2.0168,Alto rango,0
2026-03-30 16:00:59,F3,2.0193,OK,0
2026-03-30 16:01:10,F3,2.0220,OK,0
2026-03-30 16:01:20,F3,2.0248,OK,0
2026-03-30 16:01:30,F3,2.0278,OK,0
2026-03-30 16:01:40,F3,2.0310,OK,0
2026-03-30 16:01:51,F3,2.0343,OK,0
2026-03-30 16:02:01,F3,2.0379,OK,0
2026-03-30 16:02:11,F3,2.0416,OK,0
2026-03-30 16:02:21,F3,2.0455,OK,0
2026-03-30 16:02:32,F3,2.0496,OK,0
2026-03-30 16:02:42,F3,2.0538,OK,0
2026-03-30 16:02:52,F3,2.0582,OK,0
2026-03-30 16:03:02,F3,2.0627,OK,0
2026-03-30 16:03:13,F3,2.0675,OK,0
2026-03-30 16:03:23,F3,2.0724,OK,0
2026-03-30 16:03:33,F3,2.0774,OK,0
2026-03-30 16:03:43,F3,2.0826,OK,0
2026-03-30 16:03:54,F3,2.0880,OK,0
2026-03-30 16:04:04,F3,2.0935,OK,0
2026-03-30 16:04:14,F3,2.0991,OK,0
2026-03-30 16:04:24,F3,2.1049,OK,0
2026-03-30 16:04:34,F3,2.1109,OK,0
2026-03-30 16:04:45,F3,2.1170,OK,0
2026-03-30 16:04:55,F3,2.1232,OK,0
2026-03-30 16:05:05,F3,2.1295,OK,0
2026-03-30 16:05:15,F3,2.1360,OK,0
2026-03-30 16:05:26,F3,2.1427,OK,0
2026-03-30 16:05:36,F3,2.1494,OK,0
2026-03-30 16:05:46,F3,2.1563,OK,0
2026-03-30 16:05:56,F3,2.1633,OK,0
2026-03-30 16:06:07,F3,2.1704,OK,0
2026-03-30 16:06:17,F3,2.1777,OK,0
2026-03-30 16:06:27,F3,2.1850,OK,0
2026-03-30 16:06:37,F3,2.1925,OK,0
2026-03-30 16:06:48,F3,2.2001,OK,0
2026-03-30 16:06:58,F3,2.2078,OK,0
2026-03-30 16:07:08,F3,2.2156,OK,0
2026-03-30 16:07:18,F3,2.2235,OK,0
2026-03-30 16:07:29,F3,2.2315,OK,0
2026-03-30 16:07:39,F3,2.2396,OK,0
2026-03-30 16:07:49,F3,2.2478,OK,0
2026-03-30 16:07:59,F3,2.2561,OK,0
2026-03-30 16:08:09,F3,2.2645,OK,0
2026-03-30 16:08:20,F3,2.2730,OK,0
2026-03-30 16:08:30,F3,2.2816,OK,0
2026-03-30 16:08:40,F3,2.2902,OK,0
2026-03-30 16:08:50,F3,2.2990,OK,0
2026-03-30 16:09:01,F3,2.3078,OK,0
2026-03-30 16:09:11,F3,2.3167,OK,0
2026-03-30 16:09:21,F3,2.3257,OK,0
2026-03-30 16:09:31,F3,2.3347,OK,0
2026-03-30 16:09:42,F3,2.3438,OK,0
2026-03-30 16:09:52,F3,2.3530,OK,0
2026-03-30 16:10:02,F3,2.3623,OK,0
2026-03-30 16:10:12,F3,2.3716,OK,0
2026-03-30 16:10:23,F3,2.3810,OK,0
2026-03-30 16:10:33,F3,2.3904,OK,0
2026-03-30 16:10:43,F3,2.3999,OK,0
2026-03-30 16:10:53,F3,2.4095,OK,0
2026-03-30 16:11:04,F3,2.4191,OK,0
2026-03-30 16:11:14,F3,2.4288,OK,0
2026-03-30 16:11:24,F3,2.4385,OK,0
2026-03-30 16:11:34,F3,2.4483,OK,0
2026-03-30 16:11:45,F3,2.4581,OK,0
2026-03-30 16:11:55,F3,2.4679,OK,0
2026-03-30 16:12:05,F3,2.4778,OK,0
2026-03-30 16:12:15,F3,2.4877,OK,0
2026-03-30 16:12:25,F3,2.4977,OK,0
2026-03-30 16:12:36,F3,2.5077,OK,0
2026-03-30 16:12:46,F3,2.5177,OK,0
2026-03-30 16:12:56,F3,2.5278,OK,0
2026-03-30 16:13:06,F3,2.5378,OK,0
2026-03-30 16:13:17,F3,2.5480,OK,0
2026-03-30 16:13:27,F3,2.5581,OK,0
2026-03-30 16:13:37,F3,2.5683,OK,0
2026-03-30 16:13:47,F3,2.5784,OK,0
2026-03-30 16:13:58,F3,2.5886,OK,0
2026-03-30 16:14:08,F3,2.5989,OK,0
2026-03-30 16:14:18,F3,2.6091,OK,0
2026-03-30 16:14:28,F3,2.6193,OK,0
2026-03-30 16:14:38,F3,2.6296,OK,0
2026-03-30 16:14:49,F3,2.6399,OK,0
2026-03-30 16:14:59,F3,2.6501,OK,0
2026-03-30 16:15:09,F3,2.6604,OK,0
2026-03-30 16:15:19,F3,2.6707,OK,0
2026-03-30 16:15:30,F3,2.6810,OK,0
2026-03-30 16:15:40,F3,2.6913,OK,0
2026-03-30 16:15:50,F3,2.7015,OK,0
2026-03-30 16:16:00,F3,2.7118,OK,0
2026-03-30 16:16:11,F3,2.7221,OK,0
2026-03-30 16:16:21,F3,2.7324,OK,0
2026-03-30 16:16:31,F3,2.7426,OK,0
2026-03-30 16:16:41,F3,2.7529,OK,0
2026-03-30 16:16:52,F3,2.7631,OK,0
2026-03-30 16:17:02,F3,2.7733,OK,0
2026-03-30 16:17:12,F3,2.7836,OK,0
2026-03-30 16:17:22,F3,2.7938,OK,0
2026-03-30 16:17:33,F3,2.8039,OK,0
2026-03-30 16:17:43,F3,2.8141,OK,0
2026-03-30 16:17:53,F3,2.8242,OK,0
2026-03-30 16:18:03,F3,2.8343,OK,0
2026-03-30 16:18:14,F3,2.8444,OK,0
2026-03-30 16:18:24,F3,2.8545,OK,0
2026-03-30 16:18:34,F3,2.8645,OK,0
2026-03-30 16:18:44,F3,2.8746,OK,0
2026-03-30 16:18:55,F3,2.8845,OK,0
2026-03-30 16:19:05,F3,2.8945,OK,0
2026-03-30 16:19:15,F3,2.9044,OK,0
2026-03-30 16:19:25,F3,2.9143,OK,0
2026-03-30 16:19:36,F3,2.9242,OK,0
2026-03-30 16:19:46,F3,2.9340,OK,0
2026-03-30 16:19:56,F3,2.9438,OK,0
2026-03-30 16:20:06,F3,2.9535,OK,0
2026-03-30 16:20:17,F3,2.9632,OK,0
2026-03-30 16:20:27,F3,2.9729,OK,0
2026-03-30 16:20:37,F3,2.9825,OK,0
2026-03-30 16:20:47,F3,2.9921,OK,0
2026-03-30 16:20:57,F3,3.0017,OK,0
2026-03-30 16:21:08,F3,3.0112,OK,0
2026-03-30 16:21:18,F3,3.0206,OK,0
2026-03-30 16:21:28,F3,3.0300,OK,0
2026-03-30 16:21:38,F3,3.0394,OK,0
2026-03-30 16:21:49,F3,3.0487,OK,0
2026-03-30 16:21:59,F3,3.0580,OK,0
2026-03-30 16:22:09,F3,3.0672,OK,0
2026-03-30 16:22:19,F3,3.0764,OK,0
2026-03-30 16:22:30,F3,3.0855,OK,0
2026-03-30 16:22:40,F3,3.0945,OK,0
2026-03-30 16:22:50,F3,3.1036,OK,0
2026-03-30 16:23:00,F3,3.1125,OK,0
2026-03-30 16:23:11,F3,3.1214,OK,0
2026-03-30 16:23:21,F3,3.1303,OK,0
2026-03-30 16:23:31,F3,3.1391,OK,0
2026-03-30 16:23:41,F3,3.1478,OK,0
2026-03-30 16:23:52,F3,3.1565,OK,0
2026-03-30 16:24:02,F3,3.1651,OK,0
2026-03-30 16:24:12,F3,3.1737,OK,0
2026-03-30 16:24:22,F3,3.1822,OK,0
2026-03-30 16:24:32,F3,3.1907,OK,0
2026-03-30 16:24:43,F3,3.1990,OK,0
2026-03-30 16:24:53,F3,3.2074,OK,0
2026-03-30 16:25:03,F3,3.2156,OK,0
2026-03-30 16:25:13,F3,3.2239,OK,0
2026-03-30 16:25:24,F3,3.2320,OK,0
2026-03-30 16:25:34,F3,3.2401,OK,0
2026-03-30 16:25:44,F3,3.2481,OK,0
2026-03-30 16:25:54,F3,3.2561,OK,0
2026-03-30 16:26:05,F3,3.2640,OK,0
2026-03-30 16:26:15,F3,3.2718,OK,0
2026-03-30 16:26:25,F3,3.2795,OK,0
2026-03-30 16:26:35,F3,3.2872,OK,0
2026-03-30 16:26:45,F3,3.2949,OK,0
2026-03-30 16:26:56,F3,3.3024,OK,0
2026-03-30 16:27:06,F3,3.3099,OK,0
2026-03-30 16:27:16,F3,3.3174,OK,0
2026-03-30 16:27:26,F3,3.3247,OK,0
2026-03-30 16:27:37,F3,3.3320,OK,0
2026-03-30 16:27:47,F3,3.3393,OK,0
2026-03-30 16:27:57,F3,3.3464,OK,0
2026-03-30 16:28:07,F3,3.3535,OK,0
2026-03-30 16:28:18,F3,3.3605,OK,0
2026-03-30 16:28:28,F3,3.3675,OK,0
2026-03-30 16:28:38,F3,3.3744,OK,0
2026-03-30 16:28:48,F3,3.3812,OK,0
2026-03-30 16:28:59,F3,3.3879,OK,0
2026-03-30 16:29:09,F3,3.3946,OK,0
2026-03-30 16:29:19,F3,3.4012,OK,0
2026-03-30 16:29:29,F3,3.4077,OK,0
2026-03-30 16:29:40,F3,3.4142,OK,0
2026-03-30 16:29:50,F3,3.4206,OK,0
2026-03-30 16:30:00,F3,3.4269,OK,0
2026-03-30 16:30:10,F3,3.4331,OK,0
2026-03-30 16:30:21,F3,3.4393,OK,0
2026-03-30 16:30:31,F3,3.4454,OK,0
2026-03-30 16:30:41,F3,3.4514,OK,0
2026-03-30 16:30:51,F3,3.4573,OK,0
2026-03-30 16:31:02,F3,3.4632,OK,0
2026-03-30 16:31:12,F3,3.4690,OK,0
2026-03-30 16:31:22,F3,3.4747,OK,0
2026-03-30 16:31:32,F3,3.4803,OK,0
2026-03-30 16:31:42,F3,3.4859,OK,0
2026-03-30 16:31:53,F3,3.4914,OK,0
2026-03-30 16:32:03,F3,3.4968,OK,0
2026-03-30 16:32:13,F3,3.5021,OK,0
2026-03-30 16:32:23,F3,3.5073,OK,0
2026-03-30 16:32:34,F3,3.5125,OK,0
2026-03-30 16:32:44,F3,3.5176,OK,0
2026-03-30 16:32:54,F3,3.5226,OK,0
2026-03-30 16:33:04,F3,3.5276,OK,0
2026-03-30 16:33:15,F3,3.5324,OK,0
2026-03-30 16:33:25,F3,3.5372,OK,0
2026-03-30 16:33:35,F3,3.5419,OK,0
2026-03-30 16:33:45,F3,3.5465,OK,0
2026-03-30 16:33:56,F3,3.5510,OK,0
2026-03-30 16:34:06,F3,3.5554,OK,0
2026-03-30 16:34:16,F3,3.5598,OK,0
2026-03-30 16:34:26,F3,3.5641,OK,0
2026-03-30 16:34:37,F3,3.5683,OK,0
2026-03-30 16:34:47,F3,3.5724,OK,0
2026-03-30 16:34:57,F3,3.5764,OK,0
2026-03-30 16:35:07,F3,3.5804,OK,0
2026-03-30 16:35:18,F3,3.5843,OK,0
2026-03-30 16:35:28,F3,3.5881,OK,0
2026-03-30 16:35:38,F3,3.5918,OK,0
2026-03-30 16:35:48,F3,3.5954,OK,0
2026-03-30 16:35:59,F3,3.5989,OK,0
2026-03-30 16:36:09,F3,3.6024,OK,0
2026-03-30 16:36:19,F3,3.6058,OK,0
2026-03-30 16:36:29,F3,3.6091,OK,0
2026-03-30 16:36:39,F3,3.6123,OK,0
2026-03-30 16:36:50,F3,3.6154,OK,0
2026-03-30 16:37:00,F3,3.6184,OK,0
2026-03-30 16:37:10,F3,3.6214,OK,0
2026-03-30 16:37:20,F3,3.6243,OK,0
2026-03-30 16:37:31,F3,3.6271,OK,0
2026-03-30 16:37:41,F3,3.6298,OK,0
2026-03-30 16:37:51,F3,3.6324,OK,0
2026-03-30 16:38:01,F3,3.6350,OK,0
2026-03-30 16:38:12,F3,3.6374,OK,0
2026-03-30 16:38:22,F3,3.6398,OK,0
2026-03-30 16:38:32,F3,3.6421,OK,0
2026-03-30 16:38:42,F3,3.6444,OK,0
2026-03-30 16:38:53,F3,3.6465,OK,0
2026-03-30 16:39:03,F3,3.6486,OK,0
2026-03-30 16:39:13,F3,3.6505,OK,0
2026-03-30 16:39:23,F3,3.6524,OK,0
2026-03-30 16:39:34,F3,3.6543,OK,0
2026-03-30 16:39:44,F3,3.6560,OK,0
2026-03-30 16:39:54,F3,3.6576,OK,0
2026-03-30 16:40:04,F3,3.6592,OK,0
2026-03-30 16:40:15,F3,3.6607,OK,0
2026-03-30 16:40:25,F3,3.6621,OK,0
2026-03-30 16:40:35,F3,3.6634,OK,0
2026-03-30 16:40:45,F3,3.6647,OK,0
2026-03-30 16:40:56,F3,3.6659,OK,0
2026-03-30 16:41:06,F3,3.6670,OK,0
2026-03-30 16:41:16,F3,3.6680,OK,0
2026-03-30 16:41:26,F3,3.6689,OK,0
2026-03-30 16:41:36,F3,3.6697,OK,0
2026-03-30 16:41:47,F3,3.6705,OK,0
2026-03-30 16:41:57,F3,3.6712,OK,0
2026-03-30 16:42:07,F3,3.6718,OK,0
2026-03-30 16:42:17,F3,3.6724,OK,0
2026-03-30 16:42:28,F3,3.6728,OK,0
2026-03-30 16:42:38,F3,3.6732,OK,1
2026-03-30 16:42:48,F3,3.6735,OK,1
2026-03-30 16:42:58,F3,3.6737,OK,1
2026-03-30 16:43:09,F3,3.6739,OK,1
2026-03-30 16:43:19,F3,3.6740,OK,0
2026-03-30 16:43:29,F3,3.6740,OK,0
2026-03-30 16:43:39,F3,3.6739,OK,0
2026-03-30 16:43:50,F3,3.6737,OK,0
2026-03-30 16:44:00,F3,3.6735,OK,0
2026-03-30 16:44:10,F3,3.6732,OK,0
2026-03-30 16:44:20,F3,3.6728,OK,0
2026-03-30 16:44:31,F3,3.6723,OK,0
2026-03-30 16:44:41,F3,3.6718,OK,0
2026-03-30 16:44:51,F3,3.6712,OK,0
2026-03-30 16:45:01,F3,3.6705,OK,1
2026-03-30 16:45:12,F3,3.6697,OK,1
2026-03-30 16:45:22,F3,3.6689,OK,1
2026-03-30 16:45:32,F3,3.6680,OK,0
2026-03-30 16:45:42,F3,3.6670,OK,0
2026-03-30 16:45:53,F3,3.6660,OK,0
2026-03-30 16:46:03,F3,3.6648,OK,0
2026-03-30 16:46:13,F3,3.6636,OK,0
2026-03-30 16:46:23,F3,3.6623,OK,0
2026-03-30 16:46:34,F3,3.6610,OK,0
2026-03-30 16:46:44,F3,3.6595,OK,0
2026-03-30 16:46:54,F3,3.6580,OK,0
2026-03-30 16:47:04,F3,3.6564,OK,0
2026-03-30 16:47:15,F3,3.6548,OK,0
2026-03-30 16:47:25,F3,3.6530,OK,0
2026-03-30 16:47:35,F3,3.6512,OK,0
2026-03-30 16:47:45,F3,3.6493,OK,0
2026-03-30 16:47:56,F3,3.6473,OK,0
2026-03-30 16:48:06,F3,3.6452,OK,0
2026-03-30 16:48:16,F3,3.6431,OK,0
2026-03-30 16:48:26,F3,3.6409,OK,0
2026-03-30 16:48:37,F3,3.6386,OK,0
2026-03-30 16:48:47,F3,3.6363,OK,0
2026-03-30 16:48:57,F3,3.6338,OK,0
2026-03-30 16:49:07,F3,3.6313,OK,0
2026-03-30 16:49:17,F3,3.6287,OK,0
2026-03-30 16:49:28,F3,3.6261,OK,0
2026-03-30 16:49:38,F3,3.6233,OK,0
2026-03-30 16:49:48,F3,3.6205,OK,0
2026-03-30 16:49:58,F3,3.6176,OK,0
2026-03-30 16:50:09,F3,3.6147,OK,0
2026-03-30 16:50:19,F3,3.6116,OK,0
2026-03-30 16:50:29,F3,3.6085,OK,0
2026-03-30 16:50:39,F3,3.6054,OK,0
2026-03-30 16:50:50,F3,3.6021,OK,0
2026-03-30 16:51:00,F3,3.5988,OK,0
2026-03-30 16:51:10,F3,3.5954,OK,0
2026-03-30 16:51:20,F3,3.5919,OK,0
2026-03-30 16:51:30,F3,3.5884,OK,0
2026-03-30 16:51:41,F3,3.5848,OK,0
2026-03-30 16:51:51,F3,3.5811,OK,0
2026-03-30 16:52:01,F3,3.5774,OK,0
2026-03-30 16:52:11,F3,3.5736,OK,0
2026-03-30 16:52:22,F3,3.5697,OK,0
2026-03-30 16:52:32,F3,3.5657,OK,0
2026-03-30 16:52:42,F3,3.5617,OK,0
2026-03-30 16:52:52,F3,3.5576,OK,0
2026-03-30 16:53:03,F3,3.5535,OK,0
2026-03-30 16:53:13,F3,3.5493,OK,0
2026-03-30 16:53:23,F3,3.5450,OK,0
2026-03-30 16:53:33,F3,3.5407,OK,0
2026-03-30 16:53:43,F3,3.5363,OK,0
2026-03-30 16:53:54,F3,3.5318,OK,0
2026-03-30 16:54:04,F3,3.5273,OK,0
2026-03-30 16:54:14,F3,3.5227,OK,0
2026-03-30 16:54:24,F3,3.5180,OK,0
2026-03-30 16:54:35,F3,3.5133,OK,0
2026-03-30 16:54:45,F3,3.5085,OK,0
2026-03-30 16:54:55,F3,3.5037,OK,0
2026-03-30 16:55:05,F3,3.4988,OK,0
2026-03-30 16:55:16,F3,3.4939,OK,0
2026-03-30 16:55:26,F3,3.4888,OK,0
2026-03-30 16:55:36,F3,3.4838,OK,0
2026-03-30 16:55:46,F3,3.4787,OK,0
2026-03-30 16:55:56,F3,3.4735,OK,0
2026-03-30 16:56:07,F3,3.4682,OK,0
2026-03-30 16:56:17,F3,3.4629,OK,0
2026-03-30 16:56:27,F3,3.4576,OK,0
2026-03-30 16:56:37,F3,3.4522,OK,0
2026-03-30 16:56:48,F3,3.4467,OK,0
2026-03-30 16:56:58,F3,3.4412,OK,0
2026-03-30 16:57:08,F3,3.4356,OK,0
2026-03-30 16:57:18,F3,3.4300,OK,0
2026-03-30 16:57:29,F3,3.4243,OK,0
2026-03-30 16:57:39,F3,3.4186,OK,0
2026-03-30 16:57:49,F3,3.4128,OK,0
2026-03-30 16:57:59,F3,3.4070,OK,0
2026-03-30 16:58:09,F3,3.4011,OK,0
2026-03-30 16:58:20,F3,3.3952,OK,0
2026-03-30 16:58:30,F3,3.3892,OK,0
2026-03-30 16:58:40,F3,3.3832,OK,0
2026-03-30 16:58:50,F3,3.3771,OK,0
2026-03-30 16:59:01,F3,3.3710,OK,0
2026-03-30 16:59:11,F3,3.3648,OK,0
2026-03-30 16:59:21,F3,3.3586,OK,0
2026-03-30 16:59:31,F3,3.3523,OK,0
2026-03-30 16:59:42,F3,3.3460,OK,0
2026-03-30 16:59:52,F3,3.3397,OK,0
2026-03-30 17:00:02,F3,3.3333,OK,0
2026-03-30 17:00:12,F3,3.3268,OK,0
2026-03-30 17:00:23,F3,3.3204,OK,0
2026-03-30 17:00:33,F3,3.3138,OK,0
2026-03-30 17:00:43,F3,3.3073,OK,0
2026-03-30 17:00:53,F3,3.3007,OK,0
2026-03-30 17:01:04,F3,3.2940,OK,0
2026-03-30 17:01:14,F3,3.2873,OK,0
2026-03-30 17:01:24,F3,3.2806,OK,0
2026-03-30 17:01:34,F3,3.2738,OK,0
2026-03-30 17:01:45,F3,3.2670,OK,0
2026-03-30 17:01:55,F3,3.2601,OK,0
2026-03-30 17:02:05,F3,3.2533,OK,0
2026-03-30 17:02:15,F3,3.2463,OK,0
2026-03-30 17:02:26,F3,3.2394,OK,0
2026-03-30 17:02:36,F3,3.2324,OK,0
2026-03-30 17:02:46,F3,3.2253,OK,0
2026-03-30 17:02:56,F3,3.2183,OK,1
2026-03-30 17:03:06,F3,3.2112,OK,0
2026-03-30 17:03:17,F3,3.2040,OK,0
2026-03-30 17:03:27,F3,3.1968,OK,0
2026-03-30 17:03:37,F3,3.1896,OK,0
2026-03-30 17:03:47,F3,3.1824,OK,0
2026-03-30 17:03:58,F3,3.1751,OK,0
2026-03-30 17:04:08,F3,3.1678,OK,0
2026-03-30 17:04:18,F3,3.1605,OK,0
2026-03-30 17:04:28,F3,3.1531,OK,0
2026-03-30 17:04:39,F3,3.1457,OK,0
2026-03-30 17:04:49,F3,3.1383,OK,0
2026-03-30 17:04:59,F3,3.1308,OK,0
2026-03-30 17:05:09,F3,3.1233,OK,0
2026-03-30 17:05:20,F3,3.1158,OK,0
2026-03-30 17:05:30,F3,3.1082,OK,0
2026-03-30 17:05:40,F3,3.1007,OK,0
2026-03-30 17:05:50,F3,3.0931,OK,0
2026-03-30 17:06:01,F3,3.0855,OK,0
2026-03-30 17:06:11,F3,3.0778,OK,0
2026-03-30 17:06:21,F3,3.0701,OK,0
2026-03-30 17:06:31,F3,3.0624,OK,0
2026-03-30 17:06:42,F3,3.0547,OK,0
2026-03-30 17:06:52,F3,3.0470,OK,0
2026-03-30 17:07:02,F3,3.0392,OK,0
2026-03-30 17:07:12,F3,3.0314,OK,0
2026-03-30 17:07:22,F3,3.0236,OK,0
2026-03-30 17:07:33,F3,3.0158,OK,0
2026-03-30 17:07:43,F3,3.0080,OK,0
2026-03-30 17:07:53,F3,3.0001,OK,0
2026-03-30 17:08:03,F3,2.9922,OK,0
2026-03-30 17:08:14,F3,2.9843,OK,0
2026-03-30 17:08:24,F3,2.9764,OK,0
2026-03-30 17:08:34,F3,2.9685,OK,0
2026-03-30 17:08:44,F3,2.9606,OK,0
2026-03-30 17:08:55,F3,2.9526,OK,0
2026-03-30 17:09:05,F3,2.9446,OK,0
2026-03-30 17:09:15,F3,2.9367,OK,0
2026-03-30 17:09:25,F3,2.9287,OK,0
2026-03-30 17:09:36,F3,2.9206,OK,0
2026-03-30 17:09:46,F3,2.9126,OK,0
2026-03-30 17:09:56,F3,2.9046,OK,0
2026-03-30 17:10:06,F3,2.8965,OK,0
2026-03-30 17:10:17,F3,2.8885,OK,0
2026-03-30 17:10:27,F3,2.8804,OK,0
2026-03-30 17:10:37,F3,2.8723,OK,0
2026-03-30 17:10:47,F3,2.8642,OK,0
2026-03-30 17:10:57,F3,2.8561,OK,0
2026-03-30 17:11:08,F3,2.8480,OK,0
2026-03-30 17:11:18,F3,2.8399,OK,0
2026-03-30 17:11:28,F3,2.8318,OK,0
2026-03-30 17:11:39,F3,2.8236,OK,0
2026-03-30 17:11:49,F3,2.8155,OK,0
2026-03-30 17:11:59,F3,2.8073,OK,0
2026-03-30 17:12:09,F3,2.7992,OK,0
2026-03-30 17:12:20,F3,2.7910,OK,0
2026-03-30 17:12:30,F3,2.7828,OK,0
2026-03-30 17:12:40,F3,2.7747,OK,0
2026-03-30 17:12:50,F3,2.7665,OK,0
2026-03-30 17:13:01,F3,2.7583,OK,0
2026-03-30 17:13:11,F3,2.7501,OK,0
2026-03-30 17:13:21,F3,2.7419,OK,0
2026-03-30 17:13:31,F3,2.7336,OK,0
2026-03-30 17:13:42,F3,2.7254,OK,0
2026-03-30 17:13:52,F3,2.7172,OK,0
2026-03-30 17:14:02,F3,2.7090,OK,0
2026-03-30 17:14:12,F3,2.7007,OK,0
2026-03-30 17:14:23,F3,2.6925,OK,0
2026-03-30 17:14:33,F3,2.6842,OK,0
2026-03-30 17:14:43,F3,2.6760,OK,0
2026-03-30 17:14:53,F3,2.6677,OK,0
2026-03-30 17:15:04,F3,2.6595,OK,0
2026-03-30 17:15:14,F3,2.6512,OK,0
2026-03-30 17:15:24,F3,2.6429,OK,0
2026-03-30 17:15:34,F3,2.6347,OK,0
2026-03-30 17:15:45,F3,2.6264,OK,0
2026-03-30 17:15:55,F3,2.6181,OK,0
2026-03-30 17:16:05,F3,2.6098,OK,0
2026-03-30 17:16:15,F3,2.6016,OK,0
2026-03-30 17:16:25,F3,2.5933,OK,0
2026-03-30 17:16:36,F3,2.5850,OK,0
2026-03-30 17:16:46,F3,2.5767,OK,0
2026-03-30 17:16:56,F3,2.5684,OK,0
2026-03-30 17:17:06,F3,2.5601,OK,0
2026-03-30 17:17:17,F3,2.5519,OK,0
2026-03-30 17:17:27,F3,2.5436,OK,0
2026-03-30 17:17:37,F3,2.5353,OK,0
2026-03-30 17:17:47,F3,2.5270,OK,0
2026-03-30 17:17:58,F3,2.5187,OK,1
2026-03-30 17:18:08,F3,2.5104,OK,0
2026-03-30 17:18:18,F3,2.5022,OK,0
2026-03-30 17:18:28,F3,2.4939,OK,0
2026-03-30 17:18:39,F3,2.4856,OK,0
2026-03-30 17:18:49,F3,2.4773,OK,0
2026-03-30 17:18:59,F3,2.4691,OK,0
2026-03-30 17:19:09,F3,2.4608,OK,0
2026-03-30 17:19:20,F3,2.4526,OK,0
2026-03-30 17:19:30,F3,2.4443,OK,0
2026-03-30 17:19:40,F3,2.4360,OK,0
2026-03-30 17:19:50,F3,2.4278,OK,0
2026-03-30 17:20:01,F3,2.4195,OK,0
2026-03-30 17:20:11,F3,2.4113,OK,0
2026-03-30 17:20:21,F3,2.4031,OK,0
2026-03-30 17:20:31,F3,2.3948,OK,0
2026-03-30 17:20:41,F3,2.3866,OK,0
2026-03-30 17:20:52,F3,2.3784,OK,0
2026-03-30 17:21:02,F3,2.3702,OK,0
2026-03-30 17:21:12,F3,2.3620,OK,0
2026-03-30 17:21:22,F3,2.3538,OK,0
2026-03-30 17:21:33,F3,2.3456,OK,0
2026-03-30 17:21:43,F3,2.3374,OK,0
2026-03-30 17:21:53,F3,2.3293,OK,0
2026-03-30 17:22:03,F3,2.3211,OK,0
2026-03-30 17:22:14,F3,2.3129,OK,0
2026-03-30 17:22:24,F3,2.3048,OK,0
2026-03-30 17:22:34,F3,2.2967,OK,0
2026-03-30 17:22:44,F3,2.2885,OK,0
2026-03-30 17:22:55,F3,2.2804,OK,0
2026-03-30 17:23:05,F3,2.2723,OK,0
2026-03-30 17:23:15,F3,2.2642,OK,0
2026-03-30 17:23:25,F3,2.2561,OK,0
2026-03-30 17:23:36,F3,2.2481,OK,0
2026-03-30 17:23:46,F3,2.2400,OK,0
2026-03-30 17:23:56,F3,2.2320,OK,0
2026-03-30 17:24:06,F3,2.2239,OK,0
2026-03-30 17:24:17,F3,2.2159,OK,0
2026-03-30 17:24:27,F3,2.2079,OK,0
2026-03-30 17:24:37,F3,2.1999,OK,0
2026-03-30 17:24:47,F3,2.1920,OK,0
2026-03-30 17:24:57,F3,2.1840,OK,0
2026-03-30 17:25:08,F3,2.1761,OK,0
2026-03-30 17:25:18,F3,2.1681,OK,0
2026-03-30 17:25:28,F3,2.1602,OK,0
2026-03-30 17:25:38,F3,2.1523,OK,0
2026-03-30 17:25:49,F3,2.1444,OK,0
2026-03-30 17:25:59,F3,2.1366,OK,0
2026-03-30 17:26:09,F3,2.1287,OK,0
2026-03-30 17:26:19,F3,2.1209,OK,0
2026-03-30 17:26:30,F3,2.1131,OK,0
2026-03-30 17:26:40,F3,2.1053,OK,0
2026-03-30 17:26:50,F3,2.0975,OK,0
2026-03-30 17:27:00,F3,2.0898,OK,0
2026-03-30 17:27:11,F3,2.0820,OK,0
2026-03-30 17:27:21,F3,2.0743,OK,0
2026-03-30 17:27:31,F3,2.0666,OK,0
2026-03-30 17:27:41,F3,2.0589,OK,0
2026-03-30 17:27:52,F3,2.0512,OK,0
2026-03-30 17:28:02,F3,2.0436,OK,0
2026-03-30 17:28:12,F3,2.0360,OK,0
2026-03-30 17:28:22,F3,2.0284,OK,0
2026-03-30 17:28:33,F3,2.0208,OK,0
2026-03-30 17:28:43,F3,2.0132,OK,0
2026-03-30 17:28:53,F3,2.0057,OK,0
2026-03-30 17:29:03,F3,1.9982,OK,0
2026-03-30 17:29:14,F3,1.9907,OK,0
2026-03-30 17:29:24,F3,1.9832,OK,0
2026-03-30 17:29:34,F3,1.9757,OK,0
2026-03-30 17:29:44,F3,1.9683,OK,0
2026-03-30 17:29:54,F3,1.9609,OK,0
2026-03-30 17:30:05,F3,1.9535,OK,0
2026-03-30 17:30:15,F3,1.9462,OK,0
2026-03-30 17:30:25,F3,1.9388,OK,0
2026-03-30 17:30:35,F3,1.9315,OK,0
2026-03-30 17:30:46,F3,1.9242,OK,0
2026-03-30 17:30:56,F3,1.9169,OK,0
2026-03-30 17:31:06,F3,1.9097,OK,0
2026-03-30 17:31:16,F3,1.9025,OK,0
2026-03-30 17:31:27,F3,1.8953,OK,0
2026-03-30 17:31:37,F3,1.8881,OK,0
2026-03-30 17:31:47,F3,1.8810,OK,0
2026-03-30 17:31:57,F3,1.8739,OK,0
2026-03-30 17:32:08,F3,1.8668,OK,0
2026-03-30 17:32:18,F3,1.8597,OK,0
2026-03-30 17:32:28,F3,1.8527,OK,0
2026-03-30 17:32:38,F3,1.8457,OK,0
2026-03-30 17:32:49,F3,1.8387,OK,0
2026-03-30 17:32:59,F3,1.8318,OK,0
2026-03-30 17:33:09,F3,1.8248,OK,0
2026-03-30 17:33:19,F3,1.8179,OK,0
2026-03-30 17:33:29,F3,1.8111,OK,0
2026-03-30 17:33:40,F3,1.8042,OK,0
2026-03-30 17:33:50,F3,1.7974,OK,0
2026-03-30 17:34:00,F3,1.7906,OK,0
2026-03-30 17:34:10,F3,1.7839,OK,0
2026-03-30 17:34:21,F3,1.7771,OK,0
2026-03-30 17:34:31,F3,1.7704,OK,0
2026-03-30 17:34:41,F3,1.7638,OK,0
2026-03-30 17:34:51,F3,1.7571,OK,0
2026-03-30 17:35:02,F3,1.7505,OK,0
2026-03-30 17:35:12,F3,1.7439,OK,0
2026-03-30 17:35:22,F3,1.7374,OK,0
2026-03-30 17:35:32,F3,1.7308,OK,0
2026-03-30 17:35:43,F3,1.7243,OK,0
2026-03-30 17:35:53,F3,1.7179,OK,0
2026-03-30 17:36:03,F3,1.7114,OK,1
2026-03-30 17:36:13,F3,1.7050,OK,1
2026-03-30 17:36:23,F3,1.6986,OK,0
2026-03-30 17:36:34,F3,1.6923,OK,0
2026-03-30 17:36:44,F3,1.6860,OK,0
2026-03-30 17:36:54,F3,1.6797,OK,0
2026-03-30 17:37:04,F3,1.6734,OK,0
2026-03-30 17:37:15,F3,1.6672,OK,0
2026-03-30 17:37:25,F3,1.6609,OK,0
2026-03-30 17:37:35,F3,1.6548,OK,0
2026-03-30 17:37:45,F3,1.6486,OK,0
2026-03-30 17:37:56,F3,1.6425,OK,0
2026-03-30 17:38:06,F3,1.6364,OK,0
2026-03-30 17:38:16,F3,1.6303,OK,0
2026-03-30 17:38:26,F3,1.6243,OK,0
2026-03-30 17:38:37,F3,1.6183,Bajo rango,0
2026-03-30 17:38:47,F3,1.6123,Bajo rango,0
2026-03-30 17:38:57,F3,1.6063,Bajo rango,0
2026-03-30 17:39:07,F3,1.6004,Bajo rango,0
2026-03-30 17:39:18,F3,1.5945,OK,0
2026-03-30 17:39:28,F3,1.5886,OK,0
2026-03-30 17:39:38,F3,1.5827,OK,0
2026-03-30 17:39:48,F3,1.5769,OK,0
2026-03-30 17:39:59,F3,1.5711,OK,0
2026-03-30 17:40:09,F3,1.5653,OK,0
2026-03-30 17:40:19,F3,1.5595,OK,0
2026-03-30 17:40:29,F3,1.5538,OK,0
2026-03-30 17:40:40,F3,1.5480,OK,0
2026-03-30 17:40:50,F3,1.5423,OK,0
2026-03-30 17:41:00,F3,1.5367,OK,0
2026-03-30 17:41:10,F3,1.5310,OK,0
2026-03-30 17:41:21,F3,1.5253,OK,0
2026-03-30 17:41:31,F3,1.5197,OK,0
2026-03-30 17:41:41,F3,1.5141,OK,0
2026-03-30 17:41:51,F3,1.5085,OK,0
2026-03-30 17:42:02,F3,1.5030,OK,0
2026-03-30 17:42:12,F3,1.4974,OK,0
2026-03-30 17:42:22,F3,1.4919,OK,0
2026-03-30 17:42:32,F3,1.4864,OK,0
2026-03-30 17:42:43,F3,1.4809,OK,0
2026-03-30 17:42:53,F3,1.4754,OK,0
2026-03-30 17:43:03,F3,1.4699,OK,0
2026-03-30 17:43:13,F3,1.4645,OK,0
2026-03-30 17:43:24,F3,1.4591,OK,0
2026-03-30 17:43:34,F3,1.4537,OK,0
2026-03-30 17:43:44,F3,1.4483,OK,0
2026-03-30 17:43:54,F3,1.4429,OK,0
2026-03-30 17:44:05,F3,1.4376,OK,0
2026-03-30 17:44:15,F3,1.4322,OK,0
2026-03-30 17:44:25,F3,1.4269,OK,0
2026-03-30 17:44:35,F3,1.4216,OK,0
2026-03-30 17:44:46,F3,1.4163,OK,0
2026-03-30 17:44:56,F3,1.4111,OK,0
2026-03-30 17:45:06,F3,1.4058,OK,0
2026-03-30 17:45:16,F3,1.4006,OK,0
2026-03-30 17:45:26,F3,1.3954,OK,0
2026-03-30 17:45:37,F3,1.3902,OK,0
2026-03-30 17:45:47,F3,1.3850,OK,0
2026-03-30 17:45:57,F3,1.3798,OK,0
2026-03-30 17:46:07,F3,1.3747,OK,0
2026-03-30 17:46:18,F3,1.3696,OK,0
2026-03-30 17:46:28,F3,1.3645,OK,0
2026-03-30 17:46:38,F3,1.3594,OK,0
2026-03-30 17:46:48,F3,1.3543,OK,0
2026-03-30 17:46:59,F3,1.3493,OK,0
2026-03-30 17:47:09,F3,1.3442,OK,0
2026-03-30 17:47:19,F3,1.3392,OK,0
2026-03-30 17:47:29,F3,1.3342,OK,0
2026-03-30 17:47:40,F3,1.3292,OK,0
2026-03-30 17:47:50,F3,1.3243,OK,0
2026-03-30 17:48:00,F3,1.3193,OK,0
2026-03-30 17:48:10,F3,1.3144,OK,0
2026-03-30 17:48:21,F3,1.3095,OK,0
2026-03-30 17:48:31,F3,1.3046,OK,0
2026-03-30 17:48:41,F3,1.2997,OK,0
2026-03-30 17:48:51,F3,1.2949,OK,0
2026-03-30 17:49:02,F3,1.2901,OK,0
2026-03-30 17:49:12,F3,1.2852,OK,0
2026-03-30 17:49:22,F3,1.2804,OK,0
2026-03-30 17:49:32,F3,1.2757,OK,0
2026-03-30 17:49:43,F3,1.2709,OK,0
2026-03-30 17:49:53,F3,1.2662,OK,0
2026-03-30 17:50:03,F3,1.2614,OK,0
2026-03-30 17:50:13,F3,1.2567,OK,0
2026-03-30 17:50:23,F3,1.2521,OK,0
2026-03-30 17:50:34,F3,1.2474,OK,0
2026-03-30 17:50:44,F3,1.2428,OK,0
2026-03-30 17:50:54,F3,1.2381,OK,0
2026-03-30 17:51:04,F3,1.2335,OK,0
2026-03-30 17:51:15,F3,1.2289,OK,0
2026-03-30 17:51:25,F3,1.2244,OK,0
2026-03-30 17:51:35,F3,1.2198,OK,0
2026-03-30 17:51:45,F3,1.2153,OK,0
2026-03-30 17:51:56,F3,1.2108,OK,0
2026-03-30 17:52:06,F3,1.2063,OK,0
2026-03-30 17:52:16,F3,1.2018,OK,0
2026-03-30 17:52:26,F3,1.1973,OK,0
2026-03-30 17:52:37,F3,1.1929,OK,0
2026-03-30 17:52:47,F3,1.1885,OK,0
2026-03-30 17:52:57,F3,1.1841,OK,0
2026-03-30 17:53:07,F3,1.1797,OK,0
2026-03-30 17:53:18,F3,1.1753,OK,0
2026-03-30 17:53:28,F3,1.1710,OK,0
2026-03-30 17:53:38,F3,1.1667,OK,0
2026-03-30 17:53:48,F3,1.1624,OK,0
2026-03-30 17:53:59,F3,1.1581,OK,0
2026-03-30 17:54:09,F3,1.1538,OK,0
2026-03-30 17:54:19,F3,1.1496,OK,0
2026-03-30 17:54:29,F3,1.1453,OK,0
2026-03-30 17:54:40,F3,1.1411,OK,0
2026-03-30 17:54:50,F3,1.1369,OK,0
2026-03-30 17:55:00,F3,1.1327,OK,0
2026-03-30 17:55:10,F3,1.1286,OK,0
2026-03-30 17:55:21,F3,1.1245,OK,0
2026-03-30 17:55:31,F3,1.1203,OK,0
2026-03-30 17:55:41,F3,1.1162,OK,0
2026-03-30 17:55:51,F3,1.1122,OK,0
2026-03-30 17:56:02,F3,1.1081,OK,0
2026-03-30 17:56:12,F3,1.1040,OK,0
2026-03-30 17:56:22,F3,1.1000,OK,0
2026-03-30 17:56:32,F3,1.0960,OK,0
2026-03-30 17:56:43,F3,1.0920,OK,0
2026-03-30 17:56:53,F3,1.0881,OK,0
2026-03-30 17:57:03,F3,1.0841,OK,0
2026-03-30 17:57:13,F3,1.0802,OK,0
2026-03-30 17:57:24,F3,1.0762,OK,0
2026-03-30 17:57:34,F3,1.0723,OK,0
2026-03-30 17:57:44,F3,1.0685,OK,0
2026-03-30 17:57:54,F3,1.0646,OK,0
2026-03-30 17:58:04,F3,1.0608,OK,0
2026-03-30 17:58:15,F3,1.0569,OK,0
2026-03-30 17:58:25,F3,1.0531,OK,0
2026-03-30 17:58:35,F3,1.0493,OK,0
2026-03-30 17:58:45,F3,1.0456,OK,0
2026-03-30 17:58:56,F3,1.0418,OK,0
2026-03-30 17:59:06,F3,1.0381,OK,0
2026-03-30 17:59:16,F3,1.0343,OK,0
2026-03-30 17:59:26,F3,1.0306,OK,0
2026-03-30 17:59:37,F3,1.0270,OK,0
2026-03-30 17:59:47,F3,1.0233,OK,0
2026-03-30 17:59:57,F3,1.0196,OK,0
2026-03-30 18:00:07,F3,1.0160,OK,0
2026-03-30 18:00:18,F3,1.0124,OK,0
2026-03-30 18:00:28,F3,1.0088,OK,0
2026-03-30 18:00:38,F3,1.0052,OK,0
2026-03-30 18:00:48,F3,1.0016,OK,0
2026-03-30 18:00:58,F3,0.9981,OK,0
2026-03-30 18:01:09,F3,0.9945,OK,0
2026-03-30 18:01:19,F3,0.9910,OK,0
2026-03-30 18:01:29,F3,0.9875,OK,0
2026-03-30 18:01:40,F3,0.9840,OK,0
2026-03-30 18:01:50,F3,0.9806,OK,0
2026-03-30 18:02:00,F3,0.9771,OK,0
2026-03-30 18:02:10,F3,0.9737,OK,0
2026-03-30 18:02:20,F3,0.9703,OK,0
2026-03-30 18:02:31,F3,0.9669,OK,0
2026-03-30 18:02:41,F3,0.9635,OK,0
2026-03-30 18:02:51,F3,0.9601,OK,0
2026-03-30 18:03:01,F3,0.9567,OK,0
2026-03-30 18:03:12,F3,0.9534,OK,0
2026-03-30 18:03:22,F3,0.9501,OK,0
2026-03-30 18:03:32,F3,0.9468,OK,0
2026-03-30 18:03:42,F3,0.9435,OK,0
2026-03-30 18:03:53,F3,0.9402,OK,0
2026-03-30 18:04:03,F3,0.9370,OK,0
2026-03-30 18:04:13,F3,0.9337,OK,0
2026-03-30 18:04:23,F3,0.9305,OK,0
2026-03-30 18:04:34,F3,0.9273,OK,0
2026-03-30 18:04:44,F3,0.9241,OK,0
2026-03-30 18:04:54,F3,0.9209,OK,0
2026-03-30 18:05:04,F3,0.9177,OK,0
2026-03-30 18:05:15,F3,0.9146,OK,0
2026-03-30 18:05:25,F3,0.9114,OK,0
2026-03-30 18:05:35,F3,0.9083,OK,0
2026-03-30 18:05:45,F3,0.9052,OK,0
2026-03-30 18:05:56,F3,0.9021,OK,0
2026-03-30 18:06:06,F3,0.8990,OK,0
2026-03-30 18:06:16,F3,0.8960,OK,0
2026-03-30 18:06:26,F3,0.8929,OK,0
2026-03-30 18:06:37,F3,0.8899,OK,0
2026-03-30 18:06:47,F3,0.8869,OK,0
2026-03-30 18:06:57,F3,0.8839,OK,0
2026-03-30 18:07:07,F3,0.8809,OK,0
2026-03-30 18:07:17,F3,0.8779,OK,0
2026-03-30 18:07:28,F3,0.8750,OK,0
2026-03-30 18:07:38,F3,0.8720,OK,0
2026-03-30 18:07:48,F3,0.8691,OK,0
2026-03-30 18:07:58,F3,0.8662,OK,0
2026-03-30 18:08:09,F3,0.8633,OK,0
2026-03-30 18:08:19,F3,0.8604,OK,0
2026-03-30 18:08:29,F3,0.8575,OK,0
2026-03-30 18:08:39,F3,0.8546,OK,0
2026-03-30 18:08:50,F3,0.8518,OK,0
2026-03-30 18:09:00,F3,0.8489,OK,0
2026-03-30 18:09:10,F3,0.8461,OK,0
2026-03-30 18:09:20,F3,0.8433,OK,0
2026-03-30 18:09:31,F3,0.8405,OK,0
2026-03-30 18:09:41,F3,0.8378,OK,0
2026-03-30 18:09:51,F3,0.8350,OK,0
2026-03-30 18:10:01,F3,0.8322,OK,0
2026-03-30 18:10:12,F3,0.8295,OK,0
2026-03-30 18:10:22,F3,0.8268,OK,0
2026-03-30 18:10:32,F3,0.8241,OK,0
2026-03-30 18:10:42,F3,0.8214,OK,0
2026-03-30 18:10:53,F3,0.8187,OK,0
2026-03-30 18:11:03,F3,0.8160,OK,0
2026-03-30 18:11:13,F3,0.8134,OK,0
2026-03-30 18:11:23,F3,0.8107,OK,0
2026-03-30 18:11:34,F3,0.8081,OK,0
2026-03-30 18:11:44,F3,0.8055,OK,0
2026-03-30 18:11:54,F3,0.8029,OK,0
2026-03-30 18:12:04,F3,0.8003,OK,0
2026-03-30 18:12:15,F3,0.7978,OK,0
2026-03-30 18:12:25,F3,0.7952,OK,0
2026-03-30 18:12:35,F3,0.7927,OK,0
2026-03-30 18:12:45,F3,0.7901,OK,0
2026-03-30 18:12:55,F3,0.7876,OK,0
2026-03-30 18:13:06,F3,0.7851,OK,0
2026-03-30 18:13:16,F3,0.7826,OK,0
2026-03-30 18:13:26,F3,0.7801,OK,0
2026-03-30 18:13:36,F3,0.7777,OK,0
2026-03-30 18:13:47,F3,0.7752,OK,0
2026-03-30 18:13:57,F3,0.7728,OK,0
2026-03-30 18:14:07,F3,0.7704,OK,0
2026-03-30 18:14:17,F3,0.7680,OK,0
2026-03-30 18:14:28,F3,0.7656,OK,0
2026-03-30 18:14:38,F3,0.7632,OK,0
2026-03-30 18:14:48,F3,0.7608,OK,0
2026-03-30 18:14:58,F3,0.7585,OK,0
2026-03-30 18:15:09,F3,0.7561,OK,0
2026-03-30 18:15:19,F3,0.7538,OK,0
2026-03-30 18:15:29,F3,0.7515,OK,0
2026-03-30 18:15:39,F3,0.7492,OK,0
2026-03-30 18:15:50,F3,0.7469,OK,0
2026-03-30 18:16:00,F3,0.7446,OK,0
2026-03-30 18:16:10,F3,0.7424,OK,0
2026-03-30 18:16:20,F3,0.7401,OK,0
2026-03-30 18:16:31,F3,0.7379,OK,0
2026-03-30 18:16:41,F3,0.7357,OK,0
2026-03-30 18:16:51,F3,0.7334,OK,0
2026-03-30 18:17:01,F3,0.7313,OK,0
2026-03-30 18:17:12,F3,0.7291,OK,0
2026-03-30 18:17:22,F3,0.7269,OK,0
2026-03-30 18:17:32,F3,0.7247,OK,0
2026-03-30 18:17:42,F3,0.7226,OK,0
2026-03-30 18:17:53,F3,0.7205,OK,0
2026-03-30 18:18:03,F3,0.7184,OK,0
2026-03-30 18:18:13,F3,0.7162,OK,0
2026-03-30 18:18:23,F3,0.7142,OK,0
2026-03-30 18:18:34,F3,0.7121,OK,0
2026-03-30 18:18:44,F3,0.7100,OK,0
2026-03-30 18:18:54,F3,0.7080,OK,0
2026-03-30 18:19:04,F3,0.7059,OK,0
2026-03-30 18:19:15,F3,0.7039,OK,0
2026-03-30 18:19:25,F3,0.7019,OK,0
2026-03-30 18:19:35,F3,0.6999,OK,0
2026-03-30 18:19:45,F3,0.6979,OK,0
2026-03-30 18:19:55,F3,0.6959,OK,0
2026-03-30 18:20:06,F3,0.6939,OK,0
2026-03-30 18:20:16,F3,0.6920,OK,0
2026-03-30 18:20:26,F3,0.6901,OK,0
2026-03-30 18:20:36,F3,0.6881,OK,0
2026-03-30 18:20:47,F3,0.6862,OK,0
2026-03-30 18:20:57,F3,0.6843,OK,0
2026-03-30 18:21:07,F3,0.6824,OK,0
2026-03-30 18:21:17,F3,0.6806,OK,0
2026-03-30 18:21:28,F3,0.6787,OK,0
2026-03-30 18:21:38,F3,0.6768,OK,0
2026-03-30 18:21:48,F3,0.6750,OK,0
2026-03-30 18:21:58,F3,0.6732,OK,0
2026-03-30 18:22:09,F3,0.6714,OK,0
2026-03-30 18:22:19,F3,0.6696,OK,0
2026-03-30 18:22:29,F3,0.6678,OK,0
2026-03-30 18:22:39,F3,0.6660,OK,0
2026-03-30 18:22:50,F3,0.6643,OK,0
2026-03-30 18:23:00,F3,0.6625,OK,0
2026-03-30 18:23:10,F3,0.6608,OK,0
2026-03-30 18:23:20,F3,0.6591,OK,0
2026-03-30 18:23:31,F3,0.6573,OK,0
2026-03-30 18:23:41,F3,0.6556,OK,0
2026-03-30 18:23:51,F3,0.6540,OK,0
2026-03-30 18:24:01,F3,0.6523,OK,0
2026-03-30 18:24:12,F3,0.6506,OK,0
2026-03-30 18:24:22,F3,0.6490,OK,0
2026-03-30 18:24:32,F3,0.6473,OK,0
2026-03-30 18:24:42,F3,0.6457,OK,0
2026-03-30 18:24:53,F3,0.6441,OK,0
2026-03-30 18:25:03,F3,0.6425,OK,0
2026-03-30 18:25:13,F3,0.6409,OK,0
2026-03-30 18:25:23,F3,0.6394,OK,0
2026-03-30 18:25:33,F3,0.6378,OK,0
2026-03-30 18:25:44,F3,0.6363,OK,0
2026-03-30 18:25:54,F3,0.6347,OK,0
2026-03-30 18:26:04,F3,0.6332,OK,0
2026-03-30 18:26:14,F3,0.6317,OK,0
2026-03-30 18:26:25,F3,0.6302,OK,0
2026-03-30 18:26:35,F3,0.6287,OK,0
2026-03-30 18:26:45,F3,0.6272,OK,0
2026-03-30 18:26:55,F3,0.6258,OK,0
2026-03-30 18:27:06,F3,0.6243,OK,0
2026-03-30 18:27:16,F3,0.6229,OK,0
2026-03-30 18:27:26,F3,0.6215,OK,0
2026-03-30 18:27:37,F3,0.6201,OK,0
2026-03-30 18:27:47,F3,0.6187,OK,0
2026-03-30 18:27:57,F3,0.6173,OK,0
2026-03-30 18:28:07,F3,0.6159,OK,0
2026-03-30 18:28:17,F3,0.6146,OK,0
2026-03-30 18:28:28,F3,0.6132,OK,0
2026-03-30 18:28:38,F3,0.6119,OK,0
2026-03-30 18:28:48,F3,0.6106,OK,0
2026-03-30 18:28:58,F3,0.6093,OK,0
2026-03-30 18:29:09,F3,0.6080,OK,0
2026-03-30 18:29:19,F3,0.6067,OK,0
2026-03-30 18:29:29,F3,0.6055,OK,0
2026-03-30 18:29:39,F3,0.6042,OK,0
2026-03-30 18:29:50,F3,0.6030,OK,0
2026-03-30 18:30:00,F3,0.6017,OK,0
2026-03-30 18:30:10,F3,0.6005,OK,0
2026-03-30 18:30:20,F3,0.5993,OK,0
2026-03-30 18:30:31,F3,0.5981,OK,0
2026-03-30 18:30:41,F3,0.5970,OK,0
2026-03-30 18:30:51,F3,0.5958,OK,0
2026-03-30 18:31:01,F3,0.5946,OK,0
2026-03-30 18:31:12,F3,0.5935,OK,0
2026-03-30 18:31:22,F3,0.5924,OK,0
2026-03-30 18:31:32,F3,0.5913,OK,0
2026-03-30 18:31:42,F3,0.5901,OK,0
2026-03-30 18:31:53,F3,0.5891,OK,1
2026-03-30 18:32:03,F3,0.5880,OK,0
2026-03-30 18:32:13,F3,0.5869,OK,0
2026-03-30 18:32:23,F3,0.5859,OK,0
2026-03-30 18:32:34,F3,0.5848,OK,0
2026-03-30 18:32:44,F3,0.5838,OK,0
2026-03-30 18:32:54,F3,0.5828,OK,0
2026-03-30 18:33:04,F3,0.5818,OK,0
2026-03-30 18:33:15,F3,0.5808,OK,0
2026-03-30 18:33:25,F3,0.5798,OK,0
2026-03-30 18:33:35,F3,0.5788,Bajo rango,0
2026-03-30 18:33:45,F3,0.5778,Bajo rango,0
2026-03-30 18:33:55,F3,0.5769,Bajo rango,0
2026-03-30 18:34:06,F3,0.5759,Bajo rango,0
2026-03-30 18:34:16,F3,0.5750,Bajo rango,0
2026-03-30 18:34:26,F3,0.5741,Bajo rango,0
2026-03-30 18:34:36,F3,0.5732,Bajo rango,0
2026-03-30 18:34:47,F3,0.5723,Bajo rango,0
2026-03-30 18:34:57,F3,0.5714,OK,0
2026-03-30 18:35:07,F3,0.5705,OK,0
2026-03-30 18:35:17,F3,0.5696,OK,0
2026-03-30 18:35:28,F3,0.5687,OK,0
2026-03-30 18:35:38,F3,0.5678,OK,0
2026-03-30 18:35:48,F3,0.5670,OK,0
2026-03-30 18:35:58,F3,0.5661,OK,0
2026-03-30 18:36:09,F3,0.5653,OK,0
2026-03-30 18:36:19,F3,0.5644,OK,0
2026-03-30 18:36:29,F3,0.5636,OK,0
2026-03-30 18:36:39,F3,0.5628,OK,0
2026-03-30 18:36:50,F3,0.5619,OK,0
2026-03-30 18:37:00,F3,0.5611,OK,0
2026-03-30 18:37:10,F3,0.5603,OK,0
2026-03-30 18:37:20,F3,0.5595,OK,0
2026-03-30 18:37:31,F3,0.5587,OK,0
2026-03-30 18:37:41,F3,0.5579,OK,0
2026-03-30 18:37:51,F3,0.5571,OK,0
2026-03-30 18:38:01,F3,0.5563,OK,0
2026-03-30 18:38:12,F3,0.5555,OK,0
2026-03-30 18:38:22,F3,0.5547,OK,0
2026-03-30 18:38:32,F3,0.5539,OK,0
2026-03-30 18:38:42,F3,0.5532,OK,0
2026-03-30 18:38:53,F3,0.5524,OK,0
2026-03-30 18:39:03,F3,0.5516,OK,0
2026-03-30 18:39:13,F3,0.5509,OK,0
2026-03-30 18:39:23,F3,0.5501,OK,0
2026-03-30 18:39:34,F3,0.5494,OK,0
2026-03-30 18:39:44,F3,0.5487,OK,0
2026-03-30 18:39:54,F3,0.5479,OK,0
2026-03-30 18:40:04,F3,0.5472,OK,0
2026-03-30 18:40:15,F3,0.5465,OK,0
2026-03-30 18:40:25,F3,0.5458,OK,0
2026-03-30 18:40:35,F3,0.5451,OK,0
2026-03-30 18:40:45,F3,0.5444,OK,0
2026-03-30 18:40:56,F3,0.5437,OK,0
2026-03-30 18:41:06,F3,0.5430,OK,0
2026-03-30 18:41:16,F3,0.5424,OK,0
2026-03-30 18:41:26,F3,0.5417,OK,0
2026-03-30 18:41:37,F3,0.5410,OK,0
2026-03-30 18:41:47,F3,0.5404,OK,0
2026-03-30 18:41:57,F3,0.5398,OK,0
2026-03-30 18:42:07,F3,0.5391,OK,0
2026-03-30 18:42:18,F3,0.5385,OK,0
2026-03-30 18:42:28,F3,0.5379,OK,0
2026-03-30 18:42:38,F3,0.5373,OK,0
2026-03-30 18:42:48,F3,0.5367,OK,0
2026-03-30 18:42:59,F3,0.5361,OK,0
2026-03-30 18:43:09,F3,0.5355,OK,0
2026-03-30 18:43:19,F3,0.5349,OK,0
2026-03-30 18:43:29,F3,0.5343,OK,0
2026-03-30 18:43:40,F3,0.5338,OK,0
2026-03-30 18:43:50,F3,0.5332,OK,0
2026-03-30 18:44:00,F3,0.5327,OK,0
2026-03-30 18:44:10,F3,0.5321,OK,0
2026-03-30 18:44:21,F3,0.5316,OK,0
2026-03-30 18:44:31,F3,0.5311,OK,0
2026-03-30 18:44:41,F3,0.5305,OK,0
2026-03-30 18:44:51,F3,0.5300,OK,0
2026-03-30 18:45:02,F3,0.5295,OK,0
2026-03-30 18:45:12,F3,0.5290,OK,0
2026-03-30 18:45:22,F3,0.5286,OK,0
2026-03-30 18:45:32,F3,0.5281,OK,0
2026-03-30 18:45:43,F3,0.5276,OK,0
2026-03-30 18:45:53,F3,0.5272,OK,0
2026-03-30 18:46:03,F3,0.5267,OK,0
2026-03-30 18:46:13,F3,0.5263,OK,0
2026-03-30 18:46:24,F3,0.5259,OK,0
2026-03-30 18:46:34,F3,0.5254,OK,0
2026-03-30 18:46:44,F3,0.5250,OK,0
2026-03-30 18:46:54,F3,0.5246,OK,0
2026-03-30 18:47:05,F3,0.5242,OK,0
2026-03-30 18:47:15,F3,0.5238,OK,0
2026-03-30 18:47:25,F3,0.5234,OK,0
2026-03-30 18:47:35,F3,0.5231,OK,0
2026-03-30 18:47:45,F3,0.5227,OK,0
2026-03-30 18:47:56,F3,0.5223,OK,0
2026-03-30 18:48:06,F3,0.5220,OK,0
2026-03-30 18:48:16,F3,0.5217,OK,0
2026-03-30 18:48:27,F3,0.5213,OK,0
2026-03-30 18:48:37,F3,0.5210,OK,0
2026-03-30 18:48:47,F3,0.5207,OK,0
2026-03-30 18:48:57,F3,0.5204,OK,0
2026-03-30 18:49:08,F3,0.5201,OK,0
2026-03-30 18:49:18,F3,0.5198,OK,0
2026-03-30 18:49:28,F3,0.5195,OK,0
2026-03-30 18:49:38,F3,0.5192,OK,0
2026-03-30 18:49:49,F3,0.5190,OK,0
2026-03-30 18:49:59,F3,0.5187,OK,0
2026-03-30 18:50:09,F3,0.5185,OK,0
2026-03-30 18:50:19,F3,0.5182,OK,0
2026-03-30 18:50:30,F3,0.5180,OK,0
2026-03-30 18:50:40,F3,0.5178,OK,0
2026-03-30 18:50:50,F3,0.5176,OK,0
2026-03-30 18:51:00,F3,0.5174,OK,0
2026-03-30 18:51:11,F3,0.5172,OK,0
2026-03-30 18:51:21,F3,0.5170,OK,0
2026-03-30 18:51:31,F3,0.5168,OK,0
2026-03-30 18:51:41,F3,0.5166,OK,0
2026-03-30 18:51:51,F3,0.5165,OK,0
2026-03-30 18:52:02,F3,0.5163,OK,0
2026-03-30 18:52:12,F3,0.5162,OK,0
2026-03-30 18:52:22,F3,0.5160,OK,0
2026-03-30 18:52:33,F3,0.5159,OK,0
2026-03-30 18:52:43,F3,0.5158,OK,0
2026-03-30 18:52:53,F3,0.5157,OK,0
2026-03-30 18:53:03,F3,0.5156,OK,0
2026-03-30 18:53:14,F3,0.5155,OK,0
2026-03-30 18:53:24,F3,0.5154,OK,0
2026-03-30 18:53:34,F3,0.5153,OK,0
2026-03-30 18:53:44,F3,0.5153,OK,0
2026-03-30 18:53:55,F3,0.5152,OK,0
2026-03-30 18:54:05,F3,0.5151,OK,0
2026-03-30 18:54:15,F3,0.5151,OK,0
2026-03-30 18:54:25,F3,0.5151,OK,0
2026-03-30 18:54:36,F3,0.5150,OK,0
2026-03-30 18:54:46,F3,0.5150,OK,0
2026-03-30 18:54:56,F3,0.5150,OK,0
2026-03-30 18:55:06,F3,0.5150,OK,0
2026-03-30 18:55:17,F3,0.5150,OK,0
2026-03-30 18:55:27,F3,0.5150,OK,0
2026-03-30 18:55:37,F3,0.5151,OK,0
2026-03-30 18:55:47,F3,0.5151,OK,0
2026-03-30 18:55:58,F3,0.5151,OK,0
2026-03-30 18:56:08,F3,0.5152,OK,0
2026-03-30 18:56:18,F3,0.5152,OK,0
2026-03-30 18:56:28,F3,0.5153,OK,0
2026-03-30 18:56:39,F3,0.5154,OK,0
2026-03-30 18:56:49,F3,0.5154,OK,0
2026-03-30 18:56:59,F3,0.5155,OK,0
2026-03-30 18:57:09,F3,0.5156,OK,0
2026-03-30 18:57:20,F3,0.5157,OK,0
2026-03-30 18:57:30,F3,0.5158,OK,0
2026-03-30 18:57:40,F3,0.5160,OK,0
2026-03-30 18:57:50,F3,0.5161,OK,0
2026-03-30 18:58:01,F3,0.5162,OK,0
2026-03-30 18:58:11,F3,0.5163,OK,0
2026-03-30 18:58:21,F3,0.5165,OK,0
2026-03-30 18:58:31,F3,0.5166,OK,0
2026-03-30 18:58:42,F3,0.5168,OK,0
2026-03-30 18:58:52,F3,0.5170,OK,0
2026-03-30 18:59:02,F3,0.5171,OK,0
2026-03-30 18:59:12,F3,0.5173,OK,0
2026-03-30 18:59:23,F3,0.5175,OK,0
2026-03-30 18:59:33,F3,0.5177,OK,0
2026-03-30 18:59:43,F3,0.5179,OK,0
2026-03-30 18:59:53,F3,0.5181,OK,0
2026-03-30 19:00:04,F3,0.5183,OK,0
2026-03-30 19:00:14,F3,0.5185,OK,0
2026-03-30 19:00:24,F3,0.5188,OK,0
2026-03-30 19:00:34,F3,0.5190,OK,0
2026-03-30 19:00:45,F3,0.5192,OK,0
2026-03-30 19:00:55,F3,0.5195,OK,0
2026-03-30 19:01:05,F3,0.5197,OK,0
2026-03-30 19:01:15,F3,0.5200,OK,0
2026-03-30 19:01:26,F3,0.5202,OK,0
2026-03-30 19:01:36,F3,0.5205,OK,0
2026-03-30 19:01:46,F3,0.5208,OK,0
2026-03-30 19:01:56,F3,0.5211,OK,0
2026-03-30 19:02:07,F3,0.5213,OK,0
2026-03-30 19:02:17,F3,0.5216,OK,0
2026-03-30 19:02:27,F3,0.5219,OK,0
2026-03-30 19:02:37,F3,0.5222,OK,0
2026-03-30 19:02:48,F3,0.5225,OK,0
2026-03-30 19:02:58,F3,0.5229,OK,0
2026-03-30 19:03:08,F3,0.5232,OK,0
2026-03-30 19:03:18,F3,0.5235,OK,0
2026-03-30 19:03:29,F3,0.5238,OK,0
2026-03-30 19:03:39,F3,0.5242,OK,0
2026-03-30 19:03:49,F3,0.5245,OK,0
2026-03-30 19:03:59,F3,0.5248,OK,0
2026-03-30 19:04:10,F3,0.5252,OK,0
2026-03-30 19:04:20,F3,0.5256,OK,0
2026-03-30 19:04:30,F3,0.5259,OK,0
2026-03-30 19:04:40,F3,0.5263,OK,0
2026-03-30 19:04:50,F3,0.5267,OK,0
2026-03-30 19:05:01,F3,0.5270,OK,0
2026-03-30 19:05:11,F3,0.5274,OK,0
2026-03-30 19:05:21,F3,0.5278,OK,0
2026-03-30 19:05:31,F3,0.5282,OK,0
2026-03-30 19:05:42,F3,0.5286,OK,0
2026-03-30 19:05:52,F3,0.5290,OK,0
2026-03-30 19:06:02,F3,0.5294,OK,0
2026-03-30 19:06:12,F3,0.5298,OK,0
2026-03-30 19:06:23,F3,0.5303,OK,0
2026-03-30 19:06:33,F3,0.5307,OK,0
2026-03-30 19:06:43,F3,0.5311,OK,0
2026-03-30 19:06:53,F3,0.5315,OK,0
2026-03-30 19:07:04,F3,0.5320,OK,0
2026-03-30 19:07:14,F3,0.5324,OK,0
2026-03-30 19:07:24,F3,0.5329,OK,0
2026-03-30 19:07:34,F3,0.5333,OK,0
2026-03-30 19:07:45,F3,0.5338,OK,0
2026-03-30 19:07:55,F3,0.5342,OK,0
2026-03-30 19:08:05,F3,0.5347,OK,0
2026-03-30 19:08:15,F3,0.5352,OK,0
2026-03-30 19:08:26,F3,0.5356,OK,0
2026-03-30 19:08:36,F3,0.5361,OK,0
2026-03-30 19:08:46,F3,0.5366,OK,0
2026-03-30 19:08:56,F3,0.5371,OK,0
2026-03-30 19:09:07,F3,0.5376,OK,0
2026-03-30 19:09:17,F3,0.5381,OK,0
2026-03-30 19:09:27,F3,0.5386,OK,0
2026-03-30 19:09:37,F3,0.5391,OK,0
2026-03-30 19:09:48,F3,0.5396,OK,0
2026-03-30 19:09:58,F3,0.5401,OK,0
2026-03-30 19:10:08,F3,0.5406,OK,0
2026-03-30 19:10:18,F3,0.5411,OK,0
2026-03-30 19:10:29,F3,0.5416,OK,0
2026-03-30 19:10:39,F3,0.5421,OK,0
2026-03-30 19:10:49,F3,0.5427,OK,0
2026-03-30 19:10:59,F3,0.5432,OK,0
2026-03-30 19:11:10,F3,0.5437,OK,0
2026-03-30 19:11:20,F3,0.5443,OK,0
2026-03-30 19:11:30,F3,0.5448,OK,0
2026-03-30 19:11:40,F3,0.5454,OK,0
2026-03-30 19:11:51,F3,0.5459,OK,0
2026-03-30 19:12:01,F3,0.5465,OK,0
2026-03-30 19:12:11,F3,0.5470,OK,0
2026-03-30 19:12:21,F3,0.5476,OK,0
2026-03-30 19:12:32,F3,0.5482,OK,0
2026-03-30 19:12:42,F3,0.5487,OK,0
2026-03-30 19:12:52,F3,0.5493,OK,0
2026-03-30 19:13:02,F3,0.5499,OK,0
2026-03-30 19:13:13,F3,0.5504,OK,0
2026-03-30 19:13:23,F3,0.5510,OK,0
2026-03-30 19:13:33,F3,0.5516,OK,0
2026-03-30 19:13:43,F3,0.5522,OK,0
2026-03-30 19:13:53,F3,0.5528,OK,0
2026-03-30 19:14:04,F3,0.5534,OK,0
2026-03-30 19:14:14,F3,0.5540,OK,0
2026-03-30 19:14:24,F3,0.5546,OK,0
2026-03-30 19:14:34,F3,0.5552,OK,0
2026-03-30 19:14:45,F3,0.5558,OK,0
2026-03-30 19:14:55,F3,0.5564,OK,0
2026-03-30 19:15:05,F3,0.5570,OK,0
2026-03-30 19:15:15,F3,0.5577,OK,0
2026-03-30 19:15:26,F3,0.5583,OK,0
2026-03-30 19:15:36,F3,0.5589,OK,0
2026-03-30 19:15:46,F3,0.5595,OK,0
2026-03-30 19:15:56,F3,0.5602,OK,0
2026-03-30 19:16:07,F3,0.5608,OK,0
2026-03-30 19:16:17,F3,0.5615,OK,0
2026-03-30 19:16:27,F3,0.5621,OK,0
2026-03-30 19:16:37,F3,0.5628,OK,0
2026-03-30 19:16:48,F3,0.5634,OK,0
2026-03-30 19:16:58,F3,0.5641,OK,0
2026-03-30 19:17:08,F3,0.5647,OK,0
2026-03-30 19:17:18,F3,0.5654,OK,0
2026-03-30 19:17:29,F3,0.5661,OK,0
2026-03-30 19:17:39,F3,0.5667,OK,0
2026-03-30 19:17:49,F3,0.5674,OK,0
2026-03-30 19:17:59,F3,0.5681,OK,0
2026-03-30 19:18:10,F3,0.5688,OK,0
2026-03-30 19:18:20,F3,0.5695,OK,0
2026-03-30 19:18:30,F3,0.5702,OK,0
2026-03-30 19:18:40,F3,0.5709,OK,0
2026-03-30 19:18:51,F3,0.5716,OK,0
2026-03-30 19:19:01,F3,0.5723,OK,0
2026-03-30 19:19:11,F3,0.5730,OK,0
2026-03-30 19:19:21,F3,0.5737,OK,0
2026-03-30 19:19:32,F3,0.5744,OK,0
2026-03-30 19:19:42,F3,0.5752,OK,0
2026-03-30 19:19:52,F3,0.5759,OK,0
2026-03-30 19:20:02,F3,0.5766,OK,0
2026-03-30 19:20:13,F3,0.5774,OK,0
2026-03-30 19:20:23,F3,0.5782,OK,0
2026-03-30 19:20:33,F3,0.5789,OK,0
2026-03-30 19:20:43,F3,0.5797,OK,0
2026-03-30 19:20:54,F3,0.5805,OK,0
2026-03-30 19:21:04,F3,0.5813,OK,0
2026-03-30 19:21:14,F3,0.5821,OK,0
2026-03-30 19:21:24,F3,0.5829,OK,0
2026-03-30 19:21:35,F3,0.5837,OK,0
2026-03-30 19:21:45,F3,0.5846,OK,0
2026-03-30 19:21:55,F3,0.5854,OK,0
2026-03-30 19:22:05,F3,0.5862,OK,0
2026-03-30 19:22:16,F3,0.5871,OK,0
2026-03-30 19:22:26,F3,0.5880,OK,0
2026-03-30 19:22:36,F3,0.5888,OK,0
2026-03-30 19:22:46,F3,0.5897,OK,0
2026-03-30 19:22:56,F3,0.5906,OK,0
2026-03-30 19:23:07,F3,0.5915,OK,0
2026-03-30 19:23:17,F3,0.5925,OK,0
2026-03-30 19:23:27,F3,0.5934,OK,0
2026-03-30 19:23:37,F3,0.5943,OK,0
2026-03-30 19:23:48,F3,0.5953,OK,0
2026-03-30 19:23:58,F3,0.5962,OK,0
2026-03-30 19:24:08,F3,0.5972,OK,0
2026-03-30 19:24:18,F3,0.5982,OK,0
2026-03-30 19:24:29,F3,0.5992,OK,0
2026-03-30 19:24:39,F3,0.6002,OK,0
2026-03-30 19:24:49,F3,0.6012,OK,0
2026-03-30 19:24:59,F3,0.6022,OK,0
2026-03-30 19:25:10,F3,0.6033,OK,0
2026-03-30 19:25:20,F3,0.6043,OK,0
2026-03-30 19:25:30,F3,0.6054,OK,0
2026-03-30 19:25:40,F3,0.6064,OK,0
2026-03-30 19:25:51,F3,0.6075,OK,0
2026-03-30 19:26:01,F3,0.6086,OK,0
2026-03-30 19:26:11,F3,0.6097,OK,0
2026-03-30 19:26:21,F3,0.6108,OK,0
2026-03-30 19:26:32,F3,0.6119,OK,0
2026-03-30 19:26:42,F3,0.6130,OK,0
2026-03-30 19:26:52,F3,0.6142,OK,0
2026-03-30 19:27:02,F3,0.6153,OK,0
2026-03-30 19:27:13,F3,0.6165,OK,0
2026-03-30 19:27:23,F3,0.6177,OK,0
2026-03-30 19:27:33,F3,0.6188,OK,0
2026-03-30 19:27:43,F3,0.6200,OK,0
2026-03-30 19:27:54,F3,0.6212,OK,0
2026-03-30 19:28:04,F3,0.6224,OK,0
2026-03-30 19:28:14,F3,0.6236,OK,0
2026-03-30 19:28:24,F3,0.6249,OK,0
2026-03-30 19:28:35,F3,0.6261,OK,0
2026-03-30 19:28:45,F3,0.6274,OK,0
2026-03-30 19:28:55,F3,0.6286,OK,0
2026-03-30 19:29:05,F3,0.6299,OK,0
2026-03-30 19:29:16,F3,0.6312,OK,0
2026-03-30 19:29:26,F3,0.6324,OK,0
2026-03-30 19:29:36,F3,0.6337,OK,0
2026-03-30 19:29:46,F3,0.6350,OK,0
2026-03-30 19:29:57,F3,0.6363,OK,0
2026-03-30 19:30:07,F3,0.6377,OK,0
2026-03-30 19:30:17,F3,0.6390,OK,0
2026-03-30 19:30:27,F3,0.6403,OK,0
2026-03-30 19:30:37,F3,0.6417,OK,1
2026-03-30 19:30:48,F3,0.6430,OK,1
2026-03-30 19:30:58,F3,0.6444,OK,1
2026-03-30 19:31:08,F3,0.6458,OK,0
2026-03-30 19:31:19,F3,0.6471,OK,0
2026-03-30 19:31:29,F3,0.6485,OK,0
2026-03-30 19:31:39,F3,0.6499,OK,0
2026-03-30 19:31:49,F3,0.6513,OK,0
2026-03-30 19:32:00,F3,0.6527,OK,0
2026-03-30 19:32:10,F3,0.6541,Bajo rango,0
2026-03-30 19:32:20,F3,0.6555,Bajo rango,0
2026-03-30 19:32:30,F3,0.6570,OK,0
2026-03-30 19:32:41,F3,0.6584,Bajo rango,0
2026-03-30 19:32:51,F3,0.6598,OK,0
2026-03-30 19:33:01,F3,0.6613,OK,0
2026-03-30 19:33:11,F3,0.6627,OK,0
2026-03-30 19:33:22,F3,0.6641,OK,0
2026-03-30 19:33:32,F3,0.6656,OK,0
2026-03-30 19:33:42,F3,0.6670,OK,0
2026-03-30 19:33:52,F3,0.6685,OK,0
2026-03-30 19:34:03,F3,0.6699,OK,0
2026-03-30 19:34:13,F3,0.6714,OK,0
2026-03-30 19:34:23,F3,0.6728,OK,0
2026-03-30 19:34:33,F3,0.6743,OK,0
2026-03-30 19:34:44,F3,0.6757,OK,0
2026-03-30 19:34:54,F3,0.6772,OK,0
2026-03-30 19:35:04,F3,0.6786,OK,0
2026-03-30 19:35:14,F3,0.6800,OK,0
2026-03-30 19:35:25,F3,0.6815,OK,0
2026-03-30 19:35:35,F3,0.6829,OK,0
2026-03-30 19:35:45,F3,0.6843,OK,0
2026-03-30 19:35:55,F3,0.6857,OK,0
2026-03-30 19:36:06,F3,0.6872,OK,0
2026-03-30 19:36:16,F3,0.6886,OK,0
2026-03-30 19:36:26,F3,0.6900,OK,0
2026-03-30 19:36:36,F3,0.6914,OK,0
2026-03-30 19:36:46,F3,0.6928,OK,0
2026-03-30 19:36:57,F3,0.6942,OK,0
2026-03-30 19:37:07,F3,0.6956,OK,0
2026-03-30 19:37:17,F3,0.6970,OK,0
2026-03-30 19:37:27,F3,0.6984,OK,0
2026-03-30 19:37:38,F3,0.6998,OK,0
2026-03-30 19:37:48,F3,0.7011,OK,0
2026-03-30 19:37:58,F3,0.7025,OK,0
2026-03-30 19:38:08,F3,0.7039,OK,0
2026-03-30 19:38:19,F3,0.7053,OK,0
2026-03-30 19:38:29,F3,0.7066,OK,0
2026-03-30 19:38:39,F3,0.7080,OK,0
2026-03-30 19:38:49,F3,0.7093,OK,0
2026-03-30 19:39:00,F3,0.7107,OK,0
2026-03-30 19:39:10,F3,0.7120,OK,0
2026-03-30 19:39:20,F3,0.7134,OK,0
2026-03-30 19:39:30,F3,0.7147,OK,0
2026-03-30 19:39:41,F3,0.7161,OK,0
2026-03-30 19:39:51,F3,0.7174,OK,0
2026-03-30 19:40:01,F3,0.7188,OK,0
2026-03-30 19:40:11,F3,0.7201,OK,0
2026-03-30 19:40:22,F3,0.7214,OK,0
2026-03-30 19:40:32,F3,0.7227,OK,0
2026-03-30 19:40:42,F3,0.7241,OK,0
2026-03-30 19:40:52,F3,0.7254,OK,0
2026-03-30 19:41:03,F3,0.7267,OK,0
2026-03-30 19:41:13,F3,0.7280,OK,0
2026-03-30 19:41:23,F3,0.7293,OK,0
2026-03-30 19:41:33,F3,0.7307,OK,0
2026-03-30 19:41:44,F3,0.7320,OK,0
2026-03-30 19:41:54,F3,0.7333,OK,0
2026-03-30 19:42:04,F3,0.7346,OK,0
2026-03-30 19:42:14,F3,0.7359,OK,0
2026-03-30 19:42:25,F3,0.7372,OK,0
2026-03-30 19:42:35,F3,0.7385,OK,0
2026-03-30 19:42:45,F3,0.7398,OK,0
2026-03-30 19:42:55,F3,0.7412,OK,0
2026-03-30 19:43:06,F3,0.7425,OK,0
2026-03-30 19:43:16,F3,0.7438,OK,0
2026-03-30 19:43:26,F3,0.7451,OK,0
2026-03-30 19:43:36,F3,0.7464,OK,0
2026-03-30 19:43:47,F3,0.7477,OK,0
2026-03-30 19:43:57,F3,0.7491,OK,0
2026-03-30 19:44:07,F3,0.7504,OK,0
2026-03-30 19:44:17,F3,0.7517,OK,0
2026-03-30 19:44:28,F3,0.7530,OK,0
2026-03-30 19:44:38,F3,0.7544,OK,0
2026-03-30 19:44:48,F3,0.7557,OK,0
2026-03-30 19:44:58,F3,0.7570,OK,0
2026-03-30 19:45:09,F3,0.7584,OK,0
2026-03-30 19:45:19,F3,0.7597,OK,0
2026-03-30 19:45:29,F3,0.7611,OK,0
2026-03-30 19:45:39,F3,0.7624,OK,0
2026-03-30 19:45:50,F3,0.7638,OK,0
2026-03-30 19:46:00,F3,0.7651,OK,0
2026-03-30 19:46:10,F3,0.7665,OK,0
2026-03-30 19:46:20,F3,0.7678,OK,0
2026-03-30 19:46:31,F3,0.7692,OK,0
2026-03-30 19:46:41,F3,0.7706,OK,0
2026-03-30 19:46:51,F3,0.7720,OK,0
2026-03-30 19:47:01,F3,0.7733,OK,0
2026-03-30 19:47:12,F3,0.7747,OK,0
2026-03-30 19:47:22,F3,0.7761,OK,0
2026-03-30 19:47:32,F3,0.7775,OK,0
2026-03-30 19:47:42,F3,0.7789,OK,0
2026-03-30 19:47:53,F3,0.7802,OK,0
2026-03-30 19:48:03,F3,0.7816,OK,0
2026-03-30 19:48:13,F3,0.7830,OK,0
2026-03-30 19:48:24,F3,0.7844,OK,0
2026-03-30 19:48:34,F3,0.7858,OK,0
2026-03-30 19:48:44,F3,0.7872,OK,0
2026-03-30 19:48:54,F3,0.7886,OK,0
2026-03-30 19:49:05,F3,0.7900,OK,0
2026-03-30 19:49:15,F3,0.7914,OK,0
2026-03-30 19:49:25,F3,0.7928,OK,0
2026-03-30 19:49:35,F3,0.7943,OK,0
2026-03-30 19:49:46,F3,0.7957,OK,0
2026-03-30 19:49:56,F3,0.7971,OK,0
2026-03-30 19:50:06,F3,0.7985,OK,0
2026-03-30 19:50:16,F3,0.7999,OK,0
2026-03-30 19:50:27,F3,0.8013,OK,0
2026-03-30 19:50:37,F3,0.8028,OK,0
2026-03-30 19:50:47,F3,0.8042,OK,0
2026-03-30 19:50:57,F3,0.8056,OK,0
2026-03-30 19:51:08,F3,0.8070,OK,0
2026-03-30 19:51:18,F3,0.8085,OK,0
2026-03-30 19:51:28,F3,0.8099,OK,0
2026-03-30 19:51:38,F3,0.8113,OK,0
2026-03-30 19:51:49,F3,0.8127,OK,0
2026-03-30 19:51:59,F3,0.8142,OK,0
2026-03-30 19:52:09,F3,0.8156,OK,0
2026-03-30 19:52:19,F3,0.8170,OK,0
2026-03-30 19:52:30,F3,0.8184,OK,0
2026-03-30 19:52:40,F3,0.8199,OK,0
2026-03-30 19:52:50,F3,0.8213,OK,0
2026-03-30 19:53:00,F3,0.8227,OK,0
2026-03-30 19:53:11,F3,0.8241,OK,0
2026-03-30 19:53:21,F3,0.8256,OK,0
2026-03-30 19:53:31,F3,0.8270,OK,0
2026-03-30 19:53:41,F3,0.8284,OK,0
2026-03-30 19:53:52,F3,0.8298,OK,0
2026-03-30 19:54:02,F3,0.8313,OK,0
2026-03-30 19:54:12,F3,0.8327,OK,0
2026-03-30 19:54:22,F3,0.8341,OK,0
2026-03-30 19:54:33,F3,0.8355,OK,0
2026-03-30 19:54:43,F3,0.8369,OK,0
2026-03-30 19:54:53,F3,0.8383,OK,0
2026-03-30 19:55:03,F3,0.8397,OK,0
2026-03-30 19:55:14,F3,0.8412,OK,0
2026-03-30 19:55:24,F3,0.8426,OK,0
2026-03-30 19:55:34,F3,0.8440,OK,0
2026-03-30 19:55:44,F3,0.8454,OK,0
2026-03-30 19:55:55,F3,0.8468,OK,0
2026-03-30 19:56:05,F3,0.8482,OK,0
2026-03-30 19:56:15,F3,0.8496,OK,0
2026-03-30 19:56:25,F3,0.8509,OK,0
2026-03-30 19:56:36,F3,0.8523,OK,0
2026-03-30 19:56:46,F3,0.8537,OK,0
2026-03-30 19:56:56,F3,0.8551,OK,0
2026-03-30 19:57:06,F3,0.8565,OK,0
2026-03-30 19:57:17,F3,0.8578,OK,0
2026-03-30 19:57:27,F3,0.8592,OK,0
2026-03-30 19:57:37,F3,0.8606,OK,0
2026-03-30 19:57:47,F3,0.8619,OK,0
2026-03-30 19:57:58,F3,0.8633,OK,0
2026-03-30 19:58:08,F3,0.8646,OK,0
2026-03-30 19:58:18,F3,0.8660,OK,0
2026-03-30 19:58:28,F3,0.8673,OK,0
2026-03-30 19:58:39,F3,0.8687,OK,0
2026-03-30 19:58:49,F3,0.8700,OK,0
2026-03-30 19:58:59,F3,0.8713,OK,0
2026-03-30 19:59:09,F3,0.8726,OK,0
2026-03-30 19:59:20,F3,0.8739,OK,0
2026-03-30 19:59:30,F3,0.8753,OK,0
2026-03-30 19:59:40,F3,0.8766,OK,0
2026-03-30 19:59:50,F3,0.8779,OK,0
2026-03-30 20:00:01,F3,0.8792,OK,0
2026-03-30 20:00:11,F3,0.8805,OK,0
2026-03-30 20:00:21,F3,0.8818,OK,0
2026-03-30 20:00:31,F3,0.8831,OK,0
2026-03-30 20:00:42,F3,0.8843,OK,0
2026-03-30 20:00:52,F3,0.8856,OK,0
2026-03-30 20:01:02,F3,0.8869,OK,0
2026-03-30 20:01:12,F3,0.8882,OK,0
2026-03-30 20:01:23,F3,0.8895,OK,0
2026-03-30 20:01:33,F3,0.8907,OK,0
2026-03-30 20:01:43,F3,0.8920,OK,0
2026-03-30 20:01:53,F3,0.8933,OK,0
2026-03-30 20:02:04,F3,0.8945,OK,0
2026-03-30 20:02:14,F3,0.8958,OK,0
2026-03-30 20:02:24,F3,0.8971,OK,0
2026-03-30 20:02:34,F3,0.8983,OK,0
2026-03-30 20:02:45,F3,0.8996,OK,0
2026-03-30 20:02:55,F3,0.9008,OK,0
2026-03-30 20:03:05,F3,0.9021,OK,0
2026-03-30 20:03:15,F3,0.9033,OK,0
2026-03-30 20:03:26,F3,0.9046,OK,0
2026-03-30 20:03:36,F3,0.9058,OK,0
2026-03-30 20:03:46,F3,0.9071,OK,0
2026-03-30 20:03:56,F3,0.9083,OK,0
2026-03-30 20:04:07,F3,0.9096,OK,0
2026-03-30 20:04:17,F3,0.9108,OK,0
2026-03-30 20:04:27,F3,0.9121,OK,0
2026-03-30 20:04:37,F3,0.9133,OK,0
2026-03-30 20:04:48,F3,0.9145,OK,0
2026-03-30 20:04:58,F3,0.9158,OK,0
2026-03-30 20:05:08,F3,0.9170,OK,0
2026-03-30 20:05:18,F3,0.9183,OK,0
2026-03-30 20:05:29,F3,0.9195,OK,0
2026-03-30 20:05:39,F3,0.9207,OK,0
2026-03-30 20:05:49,F3,0.9220,OK,0
2026-03-30 20:05:59,F3,0.9232,OK,0
2026-03-30 20:06:10,F3,0.9244,OK,0
2026-03-30 20:06:20,F3,0.9257,OK,0
2026-03-30 20:06:30,F3,0.9269,OK,0
2026-03-30 20:06:40,F3,0.9281,OK,0
2026-03-30 20:06:51,F3,0.9293,OK,0
2026-03-30 20:07:01,F3,0.9305,OK,0
2026-03-30 20:07:11,F3,0.9318,OK,0
2026-03-30 20:07:21,F3,0.9330,OK,0
2026-03-30 20:07:32,F3,0.9342,OK,0
2026-03-30 20:07:42,F3,0.9354,OK,0
2026-03-30 20:07:52,F3,0.9366,OK,0
2026-03-30 20:08:02,F3,0.9378,OK,0
2026-03-30 20:08:13,F3,0.9390,OK,0
2026-03-30 20:08:23,F3,0.9402,OK,0
2026-03-30 20:08:33,F3,0.9414,OK,0
2026-03-30 20:08:43,F3,0.9426,OK,0
2026-03-30 20:08:53,F3,0.9438,OK,0
2026-03-30 20:09:04,F3,0.9450,OK,0
2026-03-30 20:09:14,F3,0.9462,OK,0
2026-03-30 20:09:24,F3,0.9474,OK,0
2026-03-30 20:09:35,F3,0.9486,OK,0
2026-03-30 20:09:45,F3,0.9498,OK,0
2026-03-30 20:09:55,F3,0.9509,OK,0
2026-03-30 20:10:05,F3,0.9521,OK,0
2026-03-30 20:10:15,F3,0.9533,OK,0
2026-03-30 20:10:26,F3,0.9545,OK,0
2026-03-30 20:10:36,F3,0.9556,OK,0
2026-03-30 20:10:46,F3,0.9568,OK,0
2026-03-30 20:10:56,F3,0.9579,OK,0
2026-03-30 20:11:07,F3,0.9591,OK,0
2026-03-30 20:11:17,F3,0.9603,OK,0
2026-03-30 20:11:27,F3,0.9614,OK,0
2026-03-30 20:11:38,F3,0.9626,OK,0
2026-03-30 20:11:48,F3,0.9637,OK,0
2026-03-30 20:11:58,F3,0.9649,OK,0
2026-03-30 20:12:08,F3,0.9660,OK,0
2026-03-30 20:12:19,F3,0.9671,OK,0
2026-03-30 20:12:29,F3,0.9683,OK,0
2026-03-30 20:12:39,F3,0.9694,OK,0
2026-03-30 20:12:49,F3,0.9705,OK,0
2026-03-30 20:12:59,F3,0.9717,OK,0
2026-03-30 20:13:10,F3,0.9728,OK,0
2026-03-30 20:13:20,F3,0.9739,OK,0
2026-03-30 20:13:30,F3,0.9750,OK,0
2026-03-30 20:13:41,F3,0.9761,OK,0
2026-03-30 20:13:51,F3,0.9772,OK,0
2026-03-30 20:14:01,F3,0.9783,OK,0
2026-03-30 20:14:11,F3,0.9795,OK,0
2026-03-30 20:14:21,F3,0.9806,OK,0
2026-03-30 20:14:32,F3,0.9816,OK,0
2026-03-30 20:14:42,F3,0.9827,OK,0
2026-03-30 20:14:52,F3,0.9838,OK,0
2026-03-30 20:15:02,F3,0.9849,OK,0
2026-03-30 20:15:13,F3,0.9860,OK,0
2026-03-30 20:15:23,F3,0.9871,OK,0
2026-03-30 20:15:33,F3,0.9882,OK,0
2026-03-30 20:15:43,F3,0.9893,OK,0
2026-03-30 20:15:54,F3,0.9903,OK,0
2026-03-30 20:16:04,F3,0.9914,OK,0
2026-03-30 20:16:14,F3,0.9925,OK,0
2026-03-30 20:16:24,F3,0.9936,OK,0
2026-03-30 20:16:35,F3,0.9946,OK,0
2026-03-30 20:16:45,F3,0.9957,OK,0
2026-03-30 20:16:55,F3,0.9968,OK,0
2026-03-30 20:17:06,F3,0.9979,OK,0
2026-03-30 20:17:16,F3,0.9989,OK,0
2026-03-30 20:17:26,F3,1.0000,OK,0
2026-03-30 20:17:36,F3,1.0011,OK,0
2026-03-30 20:17:46,F3,1.0022,OK,0
2026-03-30 20:17:57,F3,1.0032,OK,0
2026-03-30 20:18:07,F3,1.0043,OK,0
2026-03-30 20:18:17,F3,1.0054,OK,0
2026-03-30 20:18:27,F3,1.0065,OK,0
2026-03-30 20:18:38,F3,1.0076,OK,0
2026-03-30 20:18:48,F3,1.0086,OK,0
2026-03-30 20:18:58,F3,1.0097,OK,0
2026-03-30 20:19:08,F3,1.0108,OK,0
2026-03-30 20:19:19,F3,1.0119,OK,0
2026-03-30 20:19:29,F3,1.0130,OK,0
2026-03-30 20:19:39,F3,1.0140,OK,0
2026-03-30 20:19:49,F3,1.0151,OK,0
2026-03-30 20:20:00,F3,1.0162,OK,0
2026-03-30 20:20:10,F3,1.0173,OK,0
2026-03-30 20:20:20,F3,1.0184,OK,0
2026-03-30 20:20:30,F3,1.0195,OK,0
2026-03-30 20:20:41,F3,1.0206,OK,0
2026-03-30 20:20:51,F3,1.0217,OK,0
2026-03-30 20:21:01,F3,1.0227,OK,0
2026-03-30 20:21:11,F3,1.0238,OK,0
2026-03-30 20:21:22,F3,1.0249,OK,0
2026-03-30 20:21:32,F3,1.0260,OK,0
2026-03-30 20:21:42,F3,1.0271,OK,0
2026-03-30 20:21:52,F3,1.0282,OK,0
2026-03-30 20:22:03,F3,1.0293,OK,0
2026-03-30 20:22:13,F3,1.0304,OK,0
2026-03-30 20:22:23,F3,1.0315,OK,0
2026-03-30 20:22:34,F3,1.0326,OK,0
2026-03-30 20:22:44,F3,1.0337,OK,0
2026-03-30 20:22:54,F3,1.0348,OK,0
2026-03-30 20:23:04,F3,1.0359,OK,0
2026-03-30 20:23:15,F3,1.0370,OK,0
2026-03-30 20:23:25,F3,1.0381,OK,0
2026-03-30 20:23:35,F3,1.0392,OK,0
2026-03-30 20:23:45,F3,1.0403,OK,0
2026-03-30 20:23:56,F3,1.0414,OK,0
2026-03-30 20:24:06,F3,1.0425,OK,0
2026-03-30 20:24:16,F3,1.0436,OK,0
2026-03-30 20:24:26,F3,1.0447,OK,0
2026-03-30 20:24:37,F3,1.0458,OK,0
2026-03-30 20:24:47,F3,1.0469,OK,0
2026-03-30 20:24:57,F3,1.0480,OK,0
2026-03-30 20:25:07,F3,1.0491,OK,0
2026-03-30 20:25:18,F3,1.0502,OK,0
2026-03-30 20:25:28,F3,1.0513,OK,0
2026-03-30 20:25:38,F3,1.0524,OK,0
2026-03-30 20:25:48,F3,1.0535,OK,0
2026-03-30 20:25:59,F3,1.0546,OK,0
2026-03-30 20:26:09,F3,1.0557,OK,0
2026-03-30 20:26:19,F3,1.0567,OK,0
2026-03-30 20:26:29,F3,1.0578,OK,0
2026-03-30 20:26:40,F3,1.0589,OK,0
2026-03-30 20:26:50,F3,1.0600,OK,0
2026-03-30 20:27:00,F3,1.0611,OK,0
2026-03-30 20:27:10,F3,1.0622,OK,0
2026-03-30 20:27:21,F3,1.0633,OK,0
2026-03-30 20:27:31,F3,1.0644,OK,0
2026-03-30 20:27:41,F3,1.0655,OK,0
2026-03-30 20:27:51,F3,1.0666,OK,0
2026-03-30 20:28:02,F3,1.0677,OK,0
2026-03-30 20:28:12,F3,1.0687,OK,0
2026-03-30 20:28:22,F3,1.0698,OK,0
2026-03-30 20:28:32,F3,1.0709,OK,0
2026-03-30 20:28:43,F3,1.0720,OK,0
2026-03-30 20:28:53,F3,1.0731,OK,0
2026-03-30 20:29:03,F3,1.0742,OK,0
2026-03-30 20:29:13,F3,1.0752,OK,0
2026-03-30 20:29:24,F3,1.0763,OK,0
2026-03-30 20:29:34,F3,1.0774,OK,0
2026-03-30 20:29:44,F3,1.0785,OK,0
2026-03-30 20:29:54,F3,1.0796,OK,0
2026-03-30 20:30:05,F3,1.0807,OK,0
2026-03-30 20:30:15,F3,1.0817,OK,0
2026-03-30 20:30:25,F3,1.0828,OK,0
2026-03-30 20:30:35,F3,1.0839,OK,0
2026-03-30 20:30:46,F3,1.0850,OK,0
2026-03-30 20:30:56,F3,1.0861,OK,0
2026-03-30 20:31:06,F3,1.0872,OK,0
2026-03-30 20:31:16,F3,1.0883,OK,0
2026-03-30 20:31:27,F3,1.0894,OK,0
2026-03-30 20:31:37,F3,1.0905,OK,0
2026-03-30 20:31:47,F3,1.0916,OK,0
2026-03-30 20:31:57,F3,1.0927,OK,0
2026-03-30 20:32:08,F3,1.0938,OK,0
2026-03-30 20:32:18,F3,1.0950,OK,0
2026-03-30 20:32:28,F3,1.0961,OK,0
2026-03-30 20:32:38,F3,1.0972,OK,0
2026-03-30 20:32:49,F3,1.0984,OK,0
2026-03-30 20:32:59,F3,1.0995,OK,0
2026-03-30 20:33:09,F3,1.1007,OK,0
2026-03-30 20:33:19,F3,1.1018,OK,0
2026-03-30 20:33:30,F3,1.1030,OK,0
2026-03-30 20:33:40,F3,1.1041,OK,0
2026-03-30 20:33:50,F3,1.1053,OK,0
2026-03-30 20:34:00,F3,1.1065,OK,1
2026-03-30 20:34:11,F3,1.1077,OK,1
2026-03-30 20:34:21,F3,1.1089,OK,0
2026-03-30 20:34:31,F3,1.1101,OK,0
2026-03-30 20:34:41,F3,1.1113,OK,0
2026-03-30 20:34:52,F3,1.1125,OK,1
2026-03-30 20:35:02,F3,1.1137,OK,1
2026-03-30 20:35:12,F3,1.1149,OK,0
2026-03-30 20:35:22,F3,1.1162,OK,0
2026-03-30 20:35:33,F3,1.1174,OK,0
2026-03-30 20:35:43,F3,1.1186,OK,0
2026-03-30 20:35:53,F3,1.1199,OK,0
2026-03-30 20:36:03,F3,1.1211,OK,0
2026-03-30 20:36:14,F3,1.1224,OK,0
2026-03-30 20:36:24,F3,1.1236,OK,0
2026-03-30 20:36:34,F3,1.1249,OK,0
2026-03-30 20:36:44,F3,1.1262,OK,0
2026-03-30 20:36:54,F3,1.1274,OK,0
2026-03-30 20:37:05,F3,1.1287,OK,0
2026-03-30 20:37:15,F3,1.1299,OK,0
2026-03-30 20:37:25,F3,1.1312,OK,0
2026-03-30 20:37:35,F3,1.1325,OK,0
2026-03-30 20:37:46,F3,1.1337,OK,0
2026-03-30 20:37:56,F3,1.1350,OK,0
2026-03-30 20:38:06,F3,1.1362,OK,0
2026-03-30 20:38:16,F3,1.1375,OK,0
2026-03-30 20:38:27,F3,1.1388,OK,0
2026-03-30 20:38:37,F3,1.1400,OK,0
2026-03-30 20:38:47,F3,1.1413,OK,0
2026-03-30 20:38:57,F3,1.1425,OK,0
2026-03-30 20:39:08,F3,1.1438,OK,0
2026-03-30 20:39:18,F3,1.1450,OK,0
2026-03-30 20:39:28,F3,1.1462,OK,0
2026-03-30 20:39:38,F3,1.1475,OK,0
2026-03-30 20:39:49,F3,1.1487,OK,0
2026-03-30 20:39:59,F3,1.1500,OK,0
2026-03-30 20:40:09,F3,1.1512,OK,0
2026-03-30 20:40:19,F3,1.1524,OK,0
2026-03-30 20:40:30,F3,1.1536,OK,0
2026-03-30 20:40:40,F3,1.1549,OK,0
2026-03-30 20:40:50,F3,1.1561,OK,0
2026-03-30 20:41:00,F3,1.1573,OK,0
2026-03-30 20:41:11,F3,1.1585,OK,0
2026-03-30 20:41:21,F3,1.1597,OK,0
2026-03-30 20:41:31,F3,1.1609,OK,0
2026-03-30 20:41:41,F3,1.1621,OK,0
2026-03-30 20:41:52,F3,1.1633,OK,0
2026-03-30 20:42:02,F3,1.1645,OK,0
2026-03-30 20:42:12,F3,1.1656,OK,0
2026-03-30 20:42:22,F3,1.1668,OK,0
2026-03-30 20:42:33,F3,1.1680,OK,0
2026-03-30 20:42:43,F3,1.1691,OK,0
2026-03-30 20:42:53,F3,1.1703,OK,0
2026-03-30 20:43:03,F3,1.1715,OK,0
2026-03-30 20:43:14,F3,1.1726,OK,0
2026-03-30 20:43:24,F3,1.1738,OK,0
2026-03-30 20:43:34,F3,1.1749,OK,0
2026-03-30 20:43:44,F3,1.1760,OK,0
2026-03-30 20:43:55,F3,1.1772,OK,0
2026-03-30 20:44:05,F3,1.1783,OK,0
2026-03-30 20:44:15,F3,1.1794,OK,0
2026-03-30 20:44:25,F3,1.1805,OK,0
2026-03-30 20:44:36,F3,1.1817,OK,0
2026-03-30 20:44:46,F3,1.1828,OK,0
2026-03-30 20:44:56,F3,1.1839,OK,0
2026-03-30 20:45:06,F3,1.1850,OK,0
2026-03-30 20:45:17,F3,1.1861,OK,0
2026-03-30 20:45:27,F3,1.1872,OK,0
2026-03-30 20:45:37,F3,1.1883,OK,0
2026-03-30 20:45:47,F3,1.1894,OK,0
2026-03-30 20:45:58,F3,1.1905,OK,0
2026-03-30 20:46:08,F3,1.1915,OK,0
2026-03-30 20:46:18,F3,1.1926,OK,0
2026-03-30 20:46:28,F3,1.1937,OK,0
2026-03-30 20:46:39,F3,1.1948,OK,0
2026-03-30 20:46:49,F3,1.1958,OK,0
2026-03-30 20:46:59,F3,1.1969,OK,0
2026-03-30 20:47:09,F3,1.1980,OK,0
2026-03-30 20:47:20,F3,1.1990,OK,0
2026-03-30 20:47:30,F3,1.2001,OK,0
2026-03-30 20:47:40,F3,1.2012,OK,0
2026-03-30 20:47:50,F3,1.2022,OK,0
2026-03-30 20:48:01,F3,1.2033,OK,0
2026-03-30 20:48:11,F3,1.2043,OK,0
2026-03-30 20:48:21,F3,1.2054,OK,0
2026-03-30 20:48:31,F3,1.2064,OK,0
2026-03-30 20:48:42,F3,1.2075,OK,0
2026-03-30 20:48:52,F3,1.2085,OK,0
2026-03-30 20:49:02,F3,1.2095,OK,0
2026-03-30 20:49:12,F3,1.2105,OK,0
2026-03-30 20:49:23,F3,1.2116,OK,0
2026-03-30 20:49:33,F3,1.2126,OK,0
2026-03-30 20:49:43,F3,1.2136,OK,0
2026-03-30 20:49:53,F3,1.2146,OK,0
2026-03-30 20:50:04,F3,1.2156,OK,0
2026-03-30 20:50:14,F3,1.2166,OK,0
2026-03-30 20:50:24,F3,1.2176,OK,0
2026-03-30 20:50:34,F3,1.2186,OK,0
2026-03-30 20:50:45,F3,1.2196,OK,0
2026-03-30 20:50:55,F3,1.2206,OK,0
2026-03-30 20:51:05,F3,1.2216,OK,0
2026-03-30 20:51:15,F3,1.2226,OK,0
2026-03-30 20:51:25,F3,1.2236,OK,0
2026-03-30 20:51:36,F3,1.2245,OK,0
2026-03-30 20:51:46,F3,1.2255,OK,0
2026-03-30 20:51:56,F3,1.2265,OK,0
2026-03-30 20:52:06,F3,1.2274,OK,0
2026-03-30 20:52:17,F3,1.2284,OK,0
2026-03-30 20:52:27,F3,1.2293,OK,0
2026-03-30 20:52:37,F3,1.2302,OK,0
2026-03-30 20:52:47,F3,1.2312,OK,0
2026-03-30 20:52:58,F3,1.2321,OK,0
2026-03-30 20:53:08,F3,1.2330,OK,0
2026-03-30 20:53:18,F3,1.2339,OK,0
2026-03-30 20:53:28,F3,1.2348,OK,0
2026-03-30 20:53:39,F3,1.2357,OK,0
2026-03-30 20:53:49,F3,1.2366,OK,0
2026-03-30 20:53:59,F3,1.2375,OK,0
2026-03-30 20:54:09,F3,1.2384,OK,0
2026-03-30 20:54:20,F3,1.2392,OK,0
2026-03-30 20:54:30,F3,1.2401,OK,0
2026-03-30 20:54:40,F3,1.2409,OK,0
2026-03-30 20:54:50,F3,1.2418,OK,0
2026-03-30 20:55:01,F3,1.2426,OK,0
2026-03-30 20:55:11,F3,1.2435,OK,0
2026-03-30 20:55:21,F3,1.2443,OK,0
2026-03-30 20:55:31,F3,1.2451,OK,0
2026-03-30 20:55:42,F3,1.2459,OK,0
2026-03-30 20:55:52,F3,1.2467,OK,0
2026-03-30 20:56:02,F3,1.2475,OK,0
2026-03-30 20:56:12,F3,1.2483,OK,0
2026-03-30 20:56:23,F3,1.2490,OK,0
2026-03-30 20:56:33,F3,1.2498,OK,0
2026-03-30 20:56:43,F3,1.2506,OK,0
2026-03-30 20:56:53,F3,1.2513,OK,0
2026-03-30 20:57:04,F3,1.2520,OK,0
2026-03-30 20:57:14,F3,1.2528,OK,0
2026-03-30 20:57:24,F3,1.2535,OK,0
2026-03-30 20:57:34,F3,1.2542,OK,0
2026-03-30 20:57:45,F3,1.2549,OK,0
2026-03-30 20:57:55,F3,1.2556,OK,0
2026-03-30 20:58:05,F3,1.2563,OK,0
2026-03-30 20:58:15,F3,1.2570,OK,0
2026-03-30 20:58:26,F3,1.2577,OK,0
2026-03-30 20:58:36,F3,1.2584,OK,0
2026-03-30 20:58:46,F3,1.2590,OK,0
2026-03-30 20:58:56,F3,1.2597,OK,0
2026-03-30 20:59:07,F3,1.2604,OK,0
2026-03-30 20:59:17,F3,1.2610,OK,0
2026-03-30 20:59:27,F3,1.2617,OK,0
2026-03-30 20:59:37,F3,1.2623,OK,0
2026-03-30 20:59:48,F3,1.2629,OK,0
2026-03-30 20:59:58,F3,1.2636,OK,0
2026-03-30 21:00:08,F3,1.2642,OK,0
2026-03-30 21:00:18,F3,1.2648,OK,0
2026-03-30 21:00:29,F3,1.2654,OK,0
2026-03-30 21:00:39,F3,1.2661,OK,0
2026-03-30 21:00:49,F3,1.2667,OK,0
2026-03-30 21:00:59,F3,1.2673,OK,0
2026-03-30 21:01:10,F3,1.2679,OK,0
2026-03-30 21:01:20,F3,1.2685,OK,0
2026-03-30 21:01:30,F3,1.2691,OK,0
2026-03-30 21:01:40,F3,1.2696,OK,0
2026-03-30 21:01:51,F3,1.2702,OK,0
2026-03-30 21:02:01,F3,1.2708,OK,0
2026-03-30 21:02:11,F3,1.2714,OK,0
2026-03-30 21:02:21,F3,1.2719,OK,0
2026-03-30 21:02:32,F3,1.2725,OK,0
2026-03-30 21:02:42,F3,1.2730,OK,0
2026-03-30 21:02:52,F3,1.2736,OK,0
2026-03-30 21:03:02,F3,1.2741,OK,0
2026-03-30 21:03:13,F3,1.2747,OK,0
2026-03-30 21:03:23,F3,1.2752,OK,0
2026-03-30 21:03:33,F3,1.2757,OK,0
2026-03-30 21:03:43,F3,1.2762,OK,0
2026-03-30 21:03:54,F3,1.2768,OK,0
2026-03-30 21:04:04,F3,1.2773,OK,0
2026-03-30 21:04:14,F3,1.2778,OK,0
2026-03-30 21:04:24,F3,1.2783,OK,0
2026-03-30 21:04:35,F3,1.2787,OK,0
2026-03-30 21:04:45,F3,1.2792,OK,0
2026-03-30 21:04:55,F3,1.2797,OK,0
2026-03-30 21:05:05,F3,1.2802,OK,0
2026-03-30 21:05:16,F3,1.2806,OK,0
2026-03-30 21:05:26,F3,1.2811,OK,0
2026-03-30 21:05:36,F3,1.2815,OK,0
2026-03-30 21:05:46,F3,1.2820,OK,0
2026-03-30 21:05:57,F3,1.2824,OK,0
2026-03-30 21:06:07,F3,1.2828,OK,0
2026-03-30 21:06:17,F3,1.2833,OK,0
2026-03-30 21:06:27,F3,1.2837,OK,0
2026-03-30 21:06:38,F3,1.2841,OK,0
2026-03-30 21:06:48,F3,1.2845,OK,0
2026-03-30 21:06:58,F3,1.2848,OK,0
2026-03-30 21:07:08,F3,1.2852,OK,0
2026-03-30 21:07:18,F3,1.2856,OK,0
2026-03-30 21:07:29,F3,1.2860,OK,0
2026-03-30 21:07:39,F3,1.2863,OK,0
2026-03-30 21:07:49,F3,1.2867,OK,0
2026-03-30 21:07:59,F3,1.2870,OK,0
2026-03-30 21:08:10,F3,1.2873,OK,0
2026-03-30 21:08:20,F3,1.2876,OK,0
2026-03-30 21:08:30,F3,1.2880,OK,0
2026-03-30 21:08:40,F3,1.2883,OK,0
2026-03-30 21:08:51,F3,1.2885,OK,0
2026-03-30 21:09:01,F3,1.2888,OK,0
2026-03-30 21:09:11,F3,1.2891,OK,0
2026-03-30 21:09:21,F3,1.2894,OK,0
2026-03-30 21:09:32,F3,1.2896,OK,0
2026-03-30 21:09:42,F3,1.2899,OK,0
2026-03-30 21:09:52,F3,1.2901,OK,0
2026-03-30 21:10:02,F3,1.2903,OK,0
2026-03-30 21:10:13,F3,1.2906,OK,0
2026-03-30 21:10:23,F3,1.2908,OK,0
2026-03-30 21:10:33,F3,1.2910,OK,0
2026-03-30 21:10:43,F3,1.2912,OK,0
2026-03-30 21:10:54,F3,1.2914,OK,0
2026-03-30 21:11:04,F3,1.2916,OK,0
2026-03-30 21:11:14,F3,1.2918,OK,0
2026-03-30 21:11:24,F3,1.2919,OK,0
2026-03-30 21:11:35,F3,1.2921,OK,0
2026-03-30 21:11:45,F3,1.2923,OK,0
2026-03-30 21:11:55,F3,1.2924,OK,0
2026-03-30 21:12:05,F3,1.2926,OK,0
2026-03-30 21:12:16,F3,1.2927,OK,0
2026-03-30 21:12:26,F3,1.2929,OK,0
2026-03-30 21:12:36,F3,1.2930,OK,0
2026-03-30 21:12:46,F3,1.2931,OK,0
2026-03-30 21:12:57,F3,1.2933,OK,0
2026-03-30 21:13:07,F3,1.2934,OK,0
2026-03-30 21:13:17,F3,1.2935,OK,0
2026-03-30 21:13:27,F3,1.2936,OK,0
2026-03-30 21:13:38,F3,1.2937,OK,0
2026-03-30 21:13:48,F3,1.2938,OK,0
2026-03-30 21:13:58,F3,1.2940,OK,0
2026-03-30 21:14:08,F3,1.2941,OK,0
2026-03-30 21:14:19,F3,1.2942,OK,0
2026-03-30 21:14:29,F3,1.2943,OK,0
2026-03-30 21:14:39,F3,1.2944,OK,0
2026-03-30 21:14:49,F3,1.2944,OK,0
2026-03-30 21:15:00,F3,1.2945,OK,0
2026-03-30 21:15:10,F3,1.2946,OK,0
2026-03-30 21:15:20,F3,1.2947,OK,0
2026-03-30 21:15:30,F3,1.2948,OK,0
2026-03-30 21:15:41,F3,1.2949,OK,0
2026-03-30 21:15:51,F3,1.2949,OK,0
2026-03-30 21:16:01,F3,1.2950,OK,0
2026-03-30 21:16:11,F3,1.2951,OK,0
2026-03-30 21:16:22,F3,1.2952,OK,0
2026-03-30 21:16:32,F3,1.2952,OK,0
2026-03-30 21:16:42,F3,1.2953,OK,0
2026-03-30 21:16:52,F3,1.2954,OK,0
2026-03-30 21:17:03,F3,1.2954,OK,0
2026-03-30 21:17:13,F3,1.2955,OK,0
2026-03-30 21:17:23,F3,1.2955,OK,0
2026-03-30 21:17:34,F3,1.2956,OK,0
2026-03-30 21:17:44,F3,1.2956,OK,0
2026-03-30 21:17:54,F3,1.2957,OK,0
2026-03-30 21:18:04,F3,1.2957,OK,0
2026-03-30 21:18:14,F3,1.2958,OK,0
2026-03-30 21:18:25,F3,1.2958,OK,0
2026-03-30 21:18:35,F3,1.2959,OK,0
2026-03-30 21:18:45,F3,1.2959,OK,0
2026-03-30 21:18:56,F3,1.2960,OK,0
2026-03-30 21:19:06,F3,1.2960,OK,0
2026-03-30 21:19:16,F3,1.2960,OK,0
2026-03-30 21:19:26,F3,1.2961,OK,0
2026-03-30 21:19:36,F3,1.2961,OK,0
2026-03-30 21:19:47,F3,1.2961,OK,0
2026-03-30 21:19:57,F3,1.2961,OK,0
2026-03-30 21:20:07,F3,1.2962,OK,1
2026-03-30 21:20:17,F3,1.2962,OK,0
2026-03-30 21:20:28,F3,1.2962,OK,0
2026-03-30 21:20:38,F3,1.2962,OK,0
2026-03-30 21:20:48,F3,1.2962,OK,0
2026-03-30 21:20:58,F3,1.2963,OK,0
2026-03-30 21:21:09,F3,1.2963,OK,0
2026-03-30 21:21:19,F3,1.2963,OK,0
2026-03-30 21:21:29,F3,1.2963,OK,0
2026-03-30 21:21:39,F3,1.2963,OK,0
2026-03-30 21:21:50,F3,1.2963,OK,0
2026-03-30 21:22:00,F3,1.2963,OK,0
2026-03-30 21:22:10,F3,1.2963,OK,0
2026-03-30 21:22:20,F3,1.2963,OK,0
2026-03-30 21:22:31,F3,1.2963,OK,0
2026-03-30 21:22:41,F3,1.2964,OK,0
2026-03-30 21:22:51,F3,1.2964,OK,0
2026-03-30 21:23:01,F3,1.2964,OK,0
2026-03-30 21:23:12,F3,1.2964,OK,0
2026-03-30 21:23:22,F3,1.2964,OK,0
2026-03-30 21:23:32,F3,1.2964,OK,0
2026-03-30 21:23:42,F3,1.2964,OK,0
2026-03-30 21:23:53,F3,1.2965,OK,0
2026-03-30 21:24:03,F3,1.2965,OK,0
2026-03-30 21:24:13,F3,1.2965,OK,0
2026-03-30 21:24:23,F3,1.2965,OK,0
2026-03-30 21:24:33,F3,1.2966,OK,0
2026-03-30 21:24:44,F3,1.2966,OK,0
2026-03-30 21:24:54,F3,1.2966,OK,0
2026-03-30 21:25:04,F3,1.2967,OK,0
2026-03-30 21:25:15,F3,1.2967,OK,0
2026-03-30 21:25:25,F3,1.2968,OK,0
2026-03-30 21:25:35,F3,1.2969,OK,0
2026-03-30 21:25:45,F3,1.2969,OK,0
2026-03-30 21:25:56,F3,1.2970,OK,0
2026-03-30 21:26:06,F3,1.2971,OK,0
2026-03-30 21:26:16,F3,1.2972,OK,0
2026-03-30 21:26:26,F3,1.2972,OK,0
2026-03-30 21:26:37,F3,1.2973,OK,0
2026-03-30 21:26:47,F3,1.2974,OK,0
2026-03-30 21:26:57,F3,1.2975,OK,0
2026-03-30 21:27:07,F3,1.2976,OK,0
2026-03-30 21:27:17,F3,1.2978,OK,0
2026-03-30 21:27:28,F3,1.2979,OK,0
2026-03-30 21:27:38,F3,1.2980,OK,0
2026-03-30 21:27:48,F3,1.2981,OK,0
2026-03-30 21:27:58,F3,1.2983,OK,0
2026-03-30 21:28:09,F3,1.2984,OK,0
2026-03-30 21:28:19,F3,1.2986,OK,0
2026-03-30 21:28:29,F3,1.2987,OK,0
2026-03-30 21:28:39,F3,1.2989,OK,0
2026-03-30 21:28:50,F3,1.2990,OK,0
2026-03-30 21:29:00,F3,1.2992,OK,0
2026-03-30 21:29:10,F3,1.2994,OK,0
2026-03-30 21:29:20,F3,1.2996,OK,0
2026-03-30 21:29:31,F3,1.2998,OK,0
2026-03-30 21:29:41,F3,1.2999,OK,0
2026-03-30 21:29:51,F3,1.3001,OK,0
2026-03-30 21:30:01,F3,1.3003,OK,0
2026-03-30 21:30:12,F3,1.3005,OK,0
2026-03-30 21:30:22,F3,1.3008,OK,0
2026-03-30 21:30:32,F3,1.3010,OK,0
2026-03-30 21:30:42,F3,1.3012,OK,0
2026-03-30 21:30:53,F3,1.3014,OK,0
2026-03-30 21:31:03,F3,1.3017,OK,0
2026-03-30 21:31:13,F3,1.3019,OK,0
2026-03-30 21:31:23,F3,1.3021,OK,0
2026-03-30 21:31:34,F3,1.3024,OK,0
2026-03-30 21:31:44,F3,1.3026,OK,0
2026-03-30 21:31:54,F3,1.3029,OK,0
2026-03-30 21:32:04,F3,1.3032,OK,0
2026-03-30 21:32:15,F3,1.3034,OK,0
2026-03-30 21:32:25,F3,1.3037,OK,0
2026-03-30 21:32:35,F3,1.3040,OK,0
2026-03-30 21:32:45,F3,1.3042,OK,0
2026-03-30 21:32:56,F3,1.3045,OK,0
2026-03-30 21:33:06,F3,1.3048,OK,0
2026-03-30 21:33:16,F3,1.3051,OK,0
2026-03-30 21:33:26,F3,1.3054,OK,0
2026-03-30 21:33:37,F3,1.3056,OK,0
2026-03-30 21:33:47,F3,1.3059,OK,0
2026-03-30 21:33:57,F3,1.3062,OK,0
2026-03-30 21:34:07,F3,1.3065,OK,0
2026-03-30 21:34:18,F3,1.3068,OK,0
2026-03-30 21:34:28,F3,1.3072,OK,0
2026-03-30 21:34:38,F3,1.3075,OK,0
2026-03-30 21:34:48,F3,1.3078,OK,0
2026-03-30 21:34:59,F3,1.3081,OK,0
2026-03-30 21:35:09,F3,1.3084,OK,0
2026-03-30 21:35:19,F3,1.3088,OK,0
2026-03-30 21:35:29,F3,1.3091,OK,0
2026-03-30 21:35:40,F3,1.3094,OK,0
2026-03-30 21:35:50,F3,1.3098,OK,0
2026-03-30 21:36:00,F3,1.3101,OK,0
2026-03-30 21:36:10,F3,1.3105,OK,0
2026-03-30 21:36:21,F3,1.3108,OK,0
2026-03-30 21:36:31,F3,1.3112,OK,0
2026-03-30 21:36:41,F3,1.3115,OK,1
2026-03-30 21:36:51,F3,1.3119,OK,1
2026-03-30 21:37:02,F3,1.3123,OK,0
2026-03-30 21:37:12,F3,1.3127,OK,1
2026-03-30 21:37:22,F3,1.3131,OK,0
2026-03-30 21:37:32,F3,1.3135,OK,0
2026-03-30 21:37:42,F3,1.3139,OK,0
2026-03-30 21:37:53,F3,1.3143,OK,0
2026-03-30 21:38:03,F3,1.3147,OK,0
2026-03-30 21:38:13,F3,1.3151,OK,0
2026-03-30 21:38:23,F3,1.3155,OK,0
2026-03-30 21:38:34,F3,1.3159,OK,0
2026-03-30 21:38:44,F3,1.3164,OK,0
2026-03-30 21:38:54,F3,1.3168,OK,0
2026-03-30 21:39:05,F3,1.3173,OK,0
2026-03-30 21:39:15,F3,1.3177,OK,0
2026-03-30 21:39:25,F3,1.3182,OK,0
2026-03-30 21:39:35,F3,1.3186,OK,0
2026-03-30 21:39:45,F3,1.3191,OK,0
2026-03-30 21:39:56,F3,1.3196,OK,0
2026-03-30 21:40:06,F3,1.3200,OK,0
2026-03-30 21:40:16,F3,1.3205,OK,0
2026-03-30 21:40:27,F3,1.3210,OK,0
2026-03-30 21:40:37,F3,1.3215,OK,0
2026-03-30 21:40:47,F3,1.3219,OK,0
2026-03-30 21:40:57,F3,1.3224,OK,0
2026-03-30 21:41:08,F3,1.3229,OK,0
2026-03-30 21:41:18,F3,1.3233,OK,0
2026-03-30 21:41:28,F3,1.3238,OK,0
2026-03-30 21:41:38,F3,1.3242,OK,0
2026-03-30 21:41:49,F3,1.3247,OK,0
2026-03-30 21:41:59,F3,1.3251,OK,0
2026-03-30 21:42:09,F3,1.3256,OK,0
2026-03-30 21:42:19,F3,1.3260,OK,0
2026-03-30 21:42:30,F3,1.3265,OK,0
2026-03-30 21:42:40,F3,1.3269,OK,0
2026-03-30 21:42:50,F3,1.3273,OK,0
2026-03-30 21:43:00,F3,1.3277,OK,0
2026-03-30 21:43:11,F3,1.3281,OK,0
2026-03-30 21:43:21,F3,1.3285,OK,0
2026-03-30 21:43:31,F3,1.3289,OK,0
2026-03-30 21:43:41,F3,1.3293,OK,0
2026-03-30 21:43:52,F3,1.3297,OK,0
2026-03-30 21:44:02,F3,1.3301,OK,0
2026-03-30 21:44:12,F3,1.3304,OK,0
2026-03-30 21:44:22,F3,1.3308,OK,0
2026-03-30 21:44:33,F3,1.3311,OK,0
2026-03-30 21:44:43,F3,1.3315,OK,0
2026-03-30 21:44:53,F3,1.3318,OK,0
2026-03-30 21:45:03,F3,1.3321,OK,0
2026-03-30 21:45:14,F3,1.3324,OK,0
2026-03-30 21:45:24,F3,1.3327,OK,0
2026-03-30 21:45:34,F3,1.3330,OK,0
2026-03-30 21:45:44,F3,1.3333,OK,0
2026-03-30 21:45:54,F3,1.3336,OK,0
2026-03-30 21:46:05,F3,1.3338,OK,0
2026-03-30 21:46:15,F3,1.3341,OK,0
2026-03-30 21:46:25,F3,1.3343,OK,0
2026-03-30 21:46:35,F3,1.3346,OK,0
2026-03-30 21:46:46,F3,1.3348,OK,0
2026-03-30 21:46:56,F3,1.3350,OK,0
2026-03-30 21:47:06,F3,1.3352,OK,0
2026-03-30 21:47:16,F3,1.3354,OK,0
2026-03-30 21:47:27,F3,1.3356,OK,0
2026-03-30 21:47:37,F3,1.3358,OK,0
2026-03-30 21:47:47,F3,1.3359,OK,0
2026-03-30 21:47:58,F3,1.3361,OK,0
2026-03-30 21:48:08,F3,1.3363,OK,0
2026-03-30 21:48:18,F3,1.3364,OK,0
2026-03-30 21:48:28,F3,1.3365,OK,0
2026-03-30 21:48:38,F3,1.3367,OK,0
2026-03-30 21:48:49,F3,1.3368,OK,0
2026-03-30 21:48:59,F3,1.3369,OK,0
2026-03-30 21:49:09,F3,1.3370,OK,0
2026-03-30 21:49:19,F3,1.3371,OK,0
2026-03-30 21:49:30,F3,1.3372,OK,0
2026-03-30 21:49:40,F3,1.3373,OK,0
2026-03-30 21:49:50,F3,1.3374,OK,0
2026-03-30 21:50:00,F3,1.3375,OK,0
2026-03-30 21:50:11,F3,1.3375,OK,0
2026-03-30 21:50:21,F3,1.3376,OK,0
2026-03-30 21:50:31,F3,1.3376,OK,0
2026-03-30 21:50:41,F3,1.3377,OK,0
2026-03-30 21:50:52,F3,1.3377,OK,0
2026-03-30 21:51:02,F3,1.3377,OK,0
2026-03-30 21:51:12,F3,1.3378,OK,0
2026-03-30 21:51:22,F3,1.3378,OK,0
2026-03-30 21:51:33,F3,1.3378,OK,0
2026-03-30 21:51:43,F3,1.3378,OK,0
2026-03-30 21:51:53,F3,1.3378,OK,0
2026-03-30 21:52:03,F3,1.3377,OK,0
2026-03-30 21:52:14,F3,1.3377,OK,0
2026-03-30 21:52:24,F3,1.3377,OK,0
2026-03-30 21:52:34,F3,1.3376,OK,0
2026-03-30 21:52:44,F3,1.3376,OK,0
2026-03-30 21:52:55,F3,1.3375,OK,0
2026-03-30 21:53:05,F3,1.3374,OK,0
2026-03-30 21:53:15,F3,1.3373,OK,0
2026-03-30 21:53:25,F3,1.3372,OK,0
2026-03-30 21:53:36,F3,1.3371,OK,0
2026-03-30 21:53:46,F3,1.3370,OK,0
2026-03-30 21:53:56,F3,1.3369,OK,0
2026-03-30 21:54:06,F3,1.3368,OK,0
2026-03-30 21:54:16,F3,1.3366,OK,0
2026-03-30 21:54:27,F3,1.3365,OK,0
2026-03-30 21:54:37,F3,1.3363,OK,0
2026-03-30 21:54:47,F3,1.3361,OK,0
2026-03-30 21:54:57,F3,1.3359,OK,0
2026-03-30 21:55:08,F3,1.3357,OK,0
2026-03-30 21:55:18,F3,1.3355,OK,0
2026-03-30 21:55:28,F3,1.3353,OK,0
2026-03-30 21:55:38,F3,1.3351,OK,0
2026-03-30 21:55:49,F3,1.3348,OK,0
2026-03-30 21:55:59,F3,1.3346,OK,0
2026-03-30 21:56:09,F3,1.3343,OK,0
2026-03-30 21:56:19,F3,1.3340,OK,0
2026-03-30 21:56:30,F3,1.3337,OK,0
2026-03-30 21:56:40,F3,1.3334,OK,0
2026-03-30 21:56:50,F3,1.3331,OK,0
2026-03-30 21:57:00,F3,1.3328,OK,0
2026-03-30 21:57:11,F3,1.3324,OK,0
2026-03-30 21:57:21,F3,1.3321,OK,0
2026-03-30 21:57:31,F3,1.3317,OK,0
2026-03-30 21:57:41,F3,1.3313,OK,0
2026-03-30 21:57:52,F3,1.3309,OK,0
2026-03-30 21:58:02,F3,1.3305,OK,0
2026-03-30 21:58:12,F3,1.3301,OK,0
2026-03-30 21:58:23,F3,1.3297,OK,0
2026-03-30 21:58:33,F3,1.3293,OK,0
2026-03-30 21:58:43,F3,1.3288,OK,0
2026-03-30 21:58:53,F3,1.3283,OK,0
2026-03-30 21:59:04,F3,1.3279,OK,0
2026-03-30 21:59:14,F3,1.3274,OK,0
2026-03-30 21:59:24,F3,1.3269,OK,0
2026-03-30 21:59:34,F3,1.3264,OK,0
2026-03-30 21:59:45,F3,1.3258,OK,0
2026-03-30 21:59:55,F3,1.3253,OK,0
2026-03-30 22:00:05,F3,1.3248,OK,0
2026-03-30 22:00:15,F3,1.3242,OK,0
2026-03-30 22:00:26,F3,1.3237,OK,0
2026-03-30 22:00:36,F3,1.3231,OK,0
2026-03-30 22:00:46,F3,1.3225,OK,0
2026-03-30 22:00:56,F3,1.3219,OK,0
2026-03-30 22:01:07,F3,1.3214,OK,0
2026-03-30 22:01:17,F3,1.3208,OK,0
2026-03-30 22:01:27,F3,1.3201,OK,0
2026-03-30 22:01:37,F3,1.3195,OK,0
2026-03-30 22:01:48,F3,1.3189,OK,0
2026-03-30 22:01:58,F3,1.3183,OK,0
2026-03-30 22:02:08,F3,1.3176,OK,0
2026-03-30 22:02:18,F3,1.3169,OK,0
2026-03-30 22:02:29,F3,1.3163,OK,0
2026-03-30 22:02:39,F3,1.3156,OK,0
2026-03-30 22:02:49,F3,1.3149,OK,0
2026-03-30 22:02:59,F3,1.3142,OK,0
2026-03-30 22:03:10,F3,1.3135,OK,0
2026-03-30 22:03:20,F3,1.3128,OK,0
2026-03-30 22:03:30,F3,1.3121,OK,0
2026-03-30 22:03:40,F3,1.3114,OK,0
2026-03-30 22:03:51,F3,1.3107,OK,0
2026-03-30 22:04:01,F3,1.3099,OK,0
2026-03-30 22:04:11,F3,1.3092,OK,0
2026-03-30 22:04:21,F3,1.3084,OK,0
2026-03-30 22:04:32,F3,1.3077,OK,0
2026-03-30 22:04:42,F3,1.3069,OK,0
2026-03-30 22:04:52,F3,1.3061,OK,0
2026-03-30 22:05:02,F3,1.3054,OK,0
2026-03-30 22:05:13,F3,1.3046,OK,0
2026-03-30 22:05:23,F3,1.3038,OK,0
2026-03-30 22:05:33,F3,1.3030,OK,0
2026-03-30 22:05:43,F3,1.3021,OK,0
2026-03-30 22:05:54,F3,1.3013,OK,0
2026-03-30 22:06:04,F3,1.3005,OK,0
2026-03-30 22:06:14,F3,1.2996,OK,0
2026-03-30 22:06:24,F3,1.2988,OK,0
2026-03-30 22:06:35,F3,1.2979,OK,0
2026-03-30 22:06:45,F3,1.2971,OK,0
2026-03-30 22:06:55,F3,1.2962,OK,0
2026-03-30 22:07:05,F3,1.2953,OK,0
2026-03-30 22:07:16,F3,1.2944,OK,0
2026-03-30 22:07:26,F3,1.2935,OK,0
2026-03-30 22:07:36,F3,1.2926,OK,0
2026-03-30 22:07:46,F3,1.2917,OK,0
2026-03-30 22:07:57,F3,1.2908,OK,0
2026-03-30 22:08:07,F3,1.2898,OK,0
2026-03-30 22:08:17,F3,1.2889,OK,0
2026-03-30 22:08:27,F3,1.2879,OK,0
2026-03-30 22:08:38,F3,1.2870,OK,0
2026-03-30 22:08:48,F3,1.2860,OK,0
2026-03-30 22:08:58,F3,1.2851,OK,0
2026-03-30 22:09:08,F3,1.2841,OK,0
2026-03-30 22:09:19,F3,1.2831,OK,0
2026-03-30 22:09:29,F3,1.2821,OK,0
2026-03-30 22:09:39,F3,1.2811,OK,0
2026-03-30 22:09:49,F3,1.2801,OK,0
2026-03-30 22:10:00,F3,1.2791,OK,0
2026-03-30 22:10:10,F3,1.2781,OK,0
2026-03-30 22:10:20,F3,1.2771,OK,0
2026-03-30 22:10:30,F3,1.2761,OK,0
2026-03-30 22:10:41,F3,1.2750,OK,0
2026-03-30 22:10:51,F3,1.2740,OK,0
2026-03-30 22:11:01,F3,1.2730,OK,0
2026-03-30 22:11:11,F3,1.2719,OK,0
2026-03-30 22:11:22,F3,1.2709,OK,0
2026-03-30 22:11:32,F3,1.2699,OK,0
2026-03-30 22:11:42,F3,1.2688,OK,0
2026-03-30 22:11:52,F3,1.2678,OK,0
2026-03-30 22:12:03,F3,1.2667,OK,0
2026-03-30 22:12:13,F3,1.2657,OK,0
2026-03-30 22:12:23,F3,1.2646,OK,0
2026-03-30 22:12:33,F3,1.2636,OK,0
2026-03-30 22:12:44,F3,1.2625,OK,0
2026-03-30 22:12:54,F3,1.2614,OK,0
2026-03-30 22:13:04,F3,1.2604,OK,0
2026-03-30 22:13:14,F3,1.2593,OK,0
2026-03-30 22:13:25,F3,1.2582,OK,0
2026-03-30 22:13:35,F3,1.2572,OK,0
2026-03-30 22:13:45,F3,1.2561,OK,0
2026-03-30 22:13:55,F3,1.2550,OK,0
2026-03-30 22:14:06,F3,1.2540,OK,0
2026-03-30 22:14:16,F3,1.2529,OK,0
2026-03-30 22:14:26,F3,1.2518,OK,0
2026-03-30 22:14:36,F3,1.2507,OK,0
2026-03-30 22:14:47,F3,1.2497,OK,0
2026-03-30 22:14:57,F3,1.2486,OK,0
2026-03-30 22:15:07,F3,1.2475,OK,0
2026-03-30 22:15:17,F3,1.2464,OK,0
2026-03-30 22:15:28,F3,1.2454,OK,0
2026-03-30 22:15:38,F3,1.2443,OK,0
2026-03-30 22:15:48,F3,1.2432,OK,0
2026-03-30 22:15:58,F3,1.2421,OK,0
2026-03-30 22:16:09,F3,1.2410,OK,0
2026-03-30 22:16:19,F3,1.2400,OK,0
2026-03-30 22:16:29,F3,1.2389,OK,0
2026-03-30 22:16:39,F3,1.2378,OK,0
2026-03-30 22:16:50,F3,1.2367,OK,0
2026-03-30 22:17:00,F3,1.2356,OK,0
2026-03-30 22:17:10,F3,1.2345,OK,0
2026-03-30 22:17:20,F3,1.2334,OK,0
2026-03-30 22:17:31,F3,1.2323,OK,0
2026-03-30 22:17:41,F3,1.2313,OK,0
2026-03-30 22:17:51,F3,1.2302,OK,0
2026-03-30 22:18:01,F3,1.2291,OK,0
2026-03-30 22:18:12,F3,1.2280,OK,0
2026-03-30 22:18:22,F3,1.2269,OK,0
2026-03-30 22:18:32,F3,1.2258,OK,0
2026-03-30 22:18:42,F3,1.2247,OK,0
2026-03-30 22:18:53,F3,1.2236,OK,0
2026-03-30 22:19:03,F3,1.2225,OK,0
2026-03-30 22:19:13,F3,1.2214,OK,0
2026-03-30 22:19:23,F3,1.2203,OK,0
2026-03-30 22:19:34,F3,1.2192,OK,0
2026-03-30 22:19:44,F3,1.2181,OK,0
2026-03-30 22:19:54,F3,1.2170,OK,0
2026-03-30 22:20:04,F3,1.2159,OK,0
2026-03-30 22:20:15,F3,1.2148,OK,0
2026-03-30 22:20:25,F3,1.2137,OK,0
2026-03-30 22:20:35,F3,1.2126,OK,0
2026-03-30 22:20:45,F3,1.2115,OK,0
2026-03-30 22:20:56,F3,1.2104,OK,0
2026-03-30 22:21:06,F3,1.2093,OK,0
2026-03-30 22:21:16,F3,1.2083,OK,0
2026-03-30 22:21:26,F3,1.2072,OK,0
2026-03-30 22:21:36,F3,1.2061,OK,0
2026-03-30 22:21:47,F3,1.2050,OK,0
2026-03-30 22:21:57,F3,1.2039,OK,0
2026-03-30 22:22:07,F3,1.2028,OK,0
2026-03-30 22:22:17,F3,1.2018,OK,0
2026-03-30 22:22:28,F3,1.2007,OK,0
2026-03-30 22:22:38,F3,1.1996,OK,0
2026-03-30 22:22:48,F3,1.1986,OK,0
2026-03-30 22:22:59,F3,1.1975,OK,0
2026-03-30 22:23:09,F3,1.1965,OK,0
2026-03-30 22:23:19,F3,1.1954,OK,0
2026-03-30 22:23:29,F3,1.1944,OK,0
2026-03-30 22:23:40,F3,1.1933,OK,0
2026-03-30 22:23:50,F3,1.1923,OK,0
2026-03-30 22:24:00,F3,1.1912,OK,0
2026-03-30 22:24:10,F3,1.1902,OK,0
2026-03-30 22:24:21,F3,1.1892,OK,0
2026-03-30 22:24:31,F3,1.1882,OK,0
2026-03-30 22:24:41,F3,1.1871,OK,0
2026-03-30 22:24:51,F3,1.1861,OK,0
2026-03-30 22:25:02,F3,1.1851,OK,0
2026-03-30 22:25:12,F3,1.1841,OK,0
2026-03-30 22:25:22,F3,1.1831,OK,0
2026-03-30 22:25:32,F3,1.1821,OK,0
2026-03-30 22:25:43,F3,1.1811,OK,0
2026-03-30 22:25:53,F3,1.1801,OK,0
2026-03-30 22:26:03,F3,1.1791,OK,0
2026-03-30 22:26:13,F3,1.1781,OK,0
2026-03-30 22:26:24,F3,1.1772,OK,0
2026-03-30 22:26:34,F3,1.1762,OK,0
2026-03-30 22:26:44,F3,1.1752,OK,0
2026-03-30 22:26:54,F3,1.1742,OK,0
2026-03-30 22:27:05,F3,1.1733,OK,0
2026-03-30 22:27:15,F3,1.1723,OK,0
2026-03-30 22:27:25,F3,1.1714,OK,0
2026-03-30 22:27:35,F3,1.1704,OK,0
2026-03-30 22:27:46,F3,1.1695,OK,0
2026-03-30 22:27:56,F3,1.1685,OK,0
2026-03-30 22:28:06,F3,1.1676,OK,0
2026-03-30 22:28:16,F3,1.1666,OK,0
2026-03-30 22:28:27,F3,1.1657,OK,0
2026-03-30 22:28:37,F3,1.1647,OK,0
2026-03-30 22:28:47,F3,1.1638,OK,0
2026-03-30 22:28:57,F3,1.1629,OK,0
2026-03-30 22:29:08,F3,1.1620,OK,0
2026-03-30 22:29:18,F3,1.1610,OK,0
2026-03-30 22:29:28,F3,1.1601,OK,0
2026-03-30 22:29:38,F3,1.1592,OK,0
2026-03-30 22:29:49,F3,1.1583,OK,0
2026-03-30 22:29:59,F3,1.1574,OK,0
2026-03-30 22:30:09,F3,1.1565,OK,0
2026-03-30 22:30:19,F3,1.1556,OK,0
2026-03-30 22:30:30,F3,1.1547,OK,0
2026-03-30 22:30:40,F3,1.1538,OK,0
2026-03-30 22:30:50,F3,1.1529,OK,0
2026-03-30 22:31:00,F3,1.1520,OK,0
2026-03-30 22:31:11,F3,1.1511,OK,0
2026-03-30 22:31:21,F3,1.1502,OK,0
2026-03-30 22:31:31,F3,1.1494,OK,0
2026-03-30 22:31:41,F3,1.1485,OK,0
2026-03-30 22:31:52,F3,1.1476,OK,0
2026-03-30 22:32:02,F3,1.1468,OK,0
2026-03-30 22:32:12,F3,1.1459,OK,0
2026-03-30 22:32:22,F3,1.1451,OK,0
2026-03-30 22:32:33,F3,1.1443,OK,0
2026-03-30 22:32:43,F3,1.1434,OK,0
2026-03-30 22:32:53,F3,1.1426,OK,0
2026-03-30 22:33:03,F3,1.1418,OK,0
2026-03-30 22:33:13,F3,1.1410,OK,0
2026-03-30 22:33:24,F3,1.1402,OK,0
2026-03-30 22:33:34,F3,1.1394,OK,0
2026-03-30 22:33:44,F3,1.1386,OK,0
2026-03-30 22:33:54,F3,1.1379,OK,0
2026-03-30 22:34:05,F3,1.1371,OK,0
2026-03-30 22:34:15,F3,1.1364,OK,0
2026-03-30 22:34:25,F3,1.1356,OK,0
2026-03-30 22:34:35,F3,1.1349,OK,0
2026-03-30 22:34:46,F3,1.1341,OK,0
2026-03-30 22:34:56,F3,1.1334,OK,0
2026-03-30 22:35:06,F3,1.1327,OK,0
2026-03-30 22:35:16,F3,1.1320,OK,0
2026-03-30 22:35:27,F3,1.1313,OK,0
2026-03-30 22:35:37,F3,1.1306,OK,0
2026-03-30 22:35:47,F3,1.1299,OK,0
2026-03-30 22:35:57,F3,1.1292,OK,0
2026-03-30 22:36:08,F3,1.1286,OK,0
2026-03-30 22:36:18,F3,1.1279,OK,0
2026-03-30 22:36:28,F3,1.1273,OK,0
2026-03-30 22:36:38,F3,1.1266,OK,0
2026-03-30 22:36:49,F3,1.1260,OK,0
2026-03-30 22:36:59,F3,1.1253,OK,0
2026-03-30 22:37:09,F3,1.1247,OK,0
2026-03-30 22:37:19,F3,1.1241,OK,0
2026-03-30 22:37:30,F3,1.1235,OK,0
2026-03-30 22:37:40,F3,1.1229,OK,0
2026-03-30 22:37:50,F3,1.1223,OK,0
2026-03-30 22:38:00,F3,1.1217,OK,0
2026-03-30 22:38:11,F3,1.1212,OK,0
2026-03-30 22:38:21,F3,1.1206,OK,0
2026-03-30 22:38:31,F3,1.1200,OK,0
2026-03-30 22:38:41,F3,1.1195,OK,0
2026-03-30 22:38:52,F3,1.1189,OK,0
2026-03-30 22:39:02,F3,1.1184,OK,0
2026-03-30 22:39:12,F3,1.1179,OK,0
2026-03-30 22:39:22,F3,1.1173,OK,0
2026-03-30 22:39:33,F3,1.1168,OK,0
2026-03-30 22:39:43,F3,1.1163,OK,0
2026-03-30 22:39:53,F3,1.1158,OK,0
2026-03-30 22:40:03,F3,1.1153,OK,0
2026-03-30 22:40:14,F3,1.1148,OK,0
2026-03-30 22:40:24,F3,1.1144,OK,0
2026-03-30 22:40:34,F3,1.1139,OK,0
2026-03-30 22:40:44,F3,1.1134,OK,0
2026-03-30 22:40:54,F3,1.1130,OK,0
2026-03-30 22:41:05,F3,1.1125,OK,0
2026-03-30 22:41:15,F3,1.1121,OK,0
2026-03-30 22:41:25,F3,1.1117,OK,0
2026-03-30 22:41:35,F3,1.1113,OK,0
2026-03-30 22:41:46,F3,1.1109,OK,0
2026-03-30 22:41:56,F3,1.1105,OK,0
2026-03-30 22:42:06,F3,1.1101,OK,0
2026-03-30 22:42:16,F3,1.1097,OK,0
2026-03-30 22:42:27,F3,1.1094,OK,0
2026-03-30 22:42:37,F3,1.1090,OK,0
2026-03-30 22:42:47,F3,1.1087,OK,0
2026-03-30 22:42:57,F3,1.1084,OK,0
2026-03-30 22:43:08,F3,1.1081,OK,0
2026-03-30 22:43:18,F3,1.1078,OK,0
2026-03-30 22:43:28,F3,1.1075,OK,0
2026-03-30 22:43:38,F3,1.1072,OK,0
2026-03-30 22:43:49,F3,1.1070,OK,0
2026-03-30 22:43:59,F3,1.1067,OK,0
2026-03-30 22:44:09,F3,1.1065,OK,0
2026-03-30 22:44:19,F3,1.1063,OK,0
2026-03-30 22:44:30,F3,1.1061,OK,0
2026-03-30 22:44:40,F3,1.1059,OK,0
2026-03-30 22:44:50,F3,1.1057,OK,0
2026-03-30 22:45:00,F3,1.1055,OK,0
2026-03-30 22:45:11,F3,1.1054,OK,0
2026-03-30 22:45:21,F3,1.1052,OK,0
2026-03-30 22:45:31,F3,1.1051,OK,0
2026-03-30 22:45:41,F3,1.1050,OK,0
2026-03-30 22:45:52,F3,1.1049,OK,0
2026-03-30 22:46:02,F3,1.1048,OK,0
2026-03-30 22:46:12,F3,1.1047,OK,0
2026-03-30 22:46:22,F3,1.1046,OK,0
2026-03-30 22:46:33,F3,1.1046,OK,0
2026-03-30 22:46:43,F3,1.1045,OK,0
2026-03-30 22:46:53,F3,1.1045,OK,0
2026-03-30 22:47:03,F3,1.1045,OK,0
2026-03-30 22:47:14,F3,1.1045,OK,0
2026-03-30 22:47:24,F3,1.1045,OK,0
2026-03-30 22:47:34,F3,1.1045,OK,0
2026-03-30 22:47:44,F3,1.1046,OK,0
2026-03-30 22:47:55,F3,1.1046,OK,0
2026-03-30 22:48:05,F3,1.1047,OK,0
2026-03-30 22:48:15,F3,1.1048,OK,0
2026-03-30 22:48:25,F3,1.1049,OK,0
2026-03-30 22:48:36,F3,1.1050,OK,0
2026-03-30 22:48:46,F3,1.1051,OK,0
2026-03-30 22:48:56,F3,1.1052,OK,0
2026-03-30 22:49:06,F3,1.1054,OK,0
2026-03-30 22:49:17,F3,1.1055,OK,1
2026-03-30 22:49:27,F3,1.1057,OK,0
2026-03-30 22:49:37,F3,1.1059,OK,0
2026-03-30 22:49:47,F3,1.1061,OK,0
2026-03-30 22:49:58,F3,1.1063,OK,0
2026-03-30 22:50:08,F3,1.1065,OK,1
2026-03-30 22:50:18,F3,1.1067,OK,0
2026-03-30 22:50:28,F3,1.1069,OK,0
2026-03-30 22:50:39,F3,1.1072,OK,0
2026-03-30 22:50:49,F3,1.1074,OK,0
2026-03-30 22:50:59,F3,1.1077,OK,0
2026-03-30 22:51:09,F3,1.1080,OK,0
2026-03-30 22:51:19,F3,1.1083,OK,0
2026-03-30 22:51:30,F3,1.1086,OK,0
2026-03-30 22:51:40,F3,1.1089,OK,0
2026-03-30 22:51:50,F3,1.1092,OK,0
2026-03-30 22:52:00,F3,1.1095,OK,0
2026-03-30 22:52:11,F3,1.1098,OK,0
2026-03-30 22:52:21,F3,1.1101,OK,0
2026-03-30 22:52:31,F3,1.1105,OK,0
2026-03-30 22:52:42,F3,1.1108,OK,0
2026-03-30 22:52:52,F3,1.1111,OK,0
2026-03-30 22:53:02,F3,1.1115,OK,0
2026-03-30 22:53:12,F3,1.1118,OK,0
2026-03-30 22:53:23,F3,1.1122,OK,0
2026-03-30 22:53:33,F3,1.1126,OK,0
2026-03-30 22:53:43,F3,1.1129,OK,0
2026-03-30 22:53:53,F3,1.1133,OK,0
2026-03-30 22:54:04,F3,1.1137,OK,0
2026-03-30 22:54:14,F3,1.1141,OK,0
2026-03-30 22:54:24,F3,1.1145,OK,0
2026-03-30 22:54:34,F3,1.1149,OK,0
2026-03-30 22:54:45,F3,1.1153,OK,0
2026-03-30 22:54:55,F3,1.1157,OK,0
2026-03-30 22:55:05,F3,1.1161,OK,0
2026-03-30 22:55:15,F3,1.1166,OK,0
2026-03-30 22:55:26,F3,1.1170,OK,0
2026-03-30 22:55:36,F3,1.1174,OK,0
2026-03-30 22:55:46,F3,1.1179,OK,0
2026-03-30 22:55:56,F3,1.1183,OK,0
2026-03-30 22:56:07,F3,1.1188,OK,0
2026-03-30 22:56:17,F3,1.1192,OK,0
2026-03-30 22:56:27,F3,1.1197,OK,0
2026-03-30 22:56:37,F3,1.1201,OK,0
2026-03-30 22:56:48,F3,1.1206,OK,0
2026-03-30 22:56:58,F3,1.1211,OK,0
2026-03-30 22:57:08,F3,1.1215,OK,0
2026-03-30 22:57:18,F3,1.1220,OK,0
2026-03-30 22:57:29,F3,1.1225,OK,0
2026-03-30 22:57:39,F3,1.1230,OK,0
2026-03-30 22:57:49,F3,1.1235,OK,0
2026-03-30 22:57:59,F3,1.1240,OK,0
2026-03-30 22:58:10,F3,1.1245,OK,0
2026-03-30 22:58:20,F3,1.1250,OK,0
2026-03-30 22:58:30,F3,1.1255,OK,0
2026-03-30 22:58:40,F3,1.1260,OK,0
2026-03-30 22:58:51,F3,1.1265,OK,0
2026-03-30 22:59:01,F3,1.1270,OK,0
2026-03-30 22:59:11,F3,1.1275,OK,0
2026-03-30 22:59:21,F3,1.1280,OK,0
2026-03-30 22:59:32,F3,1.1285,OK,0
2026-03-30 22:59:42,F3,1.1290,OK,0
2026-03-30 22:59:52,F3,1.1295,OK,0
2026-03-30 23:00:02,F3,1.1301,OK,0
2026-03-30 23:00:13,F3,1.1306,OK,0
2026-03-30 23:00:23,F3,1.1311,OK,0
2026-03-30 23:00:33,F3,1.1316,OK,0
2026-03-30 23:00:43,F3,1.1321,OK,0
2026-03-30 23:00:54,F3,1.1326,OK,0
2026-03-30 23:01:04,F3,1.1332,OK,0
2026-03-30 23:01:14,F3,1.1337,OK,0
2026-03-30 23:01:24,F3,1.1342,OK,0
2026-03-30 23:01:35,F3,1.1347,OK,0
2026-03-30 23:01:45,F3,1.1352,OK,0
2026-03-30 23:01:55,F3,1.1357,OK,0
2026-03-30 23:02:05,F3,1.1363,OK,0
2026-03-30 23:02:16,F3,1.1368,OK,0
2026-03-30 23:02:26,F3,1.1373,OK,0
2026-03-30 23:02:36,F3,1.1378,OK,0
2026-03-30 23:02:46,F3,1.1383,OK,0
2026-03-30 23:02:57,F3,1.1389,OK,0
2026-03-30 23:03:07,F3,1.1394,OK,0
2026-03-30 23:03:17,F3,1.1399,OK,0
2026-03-30 23:03:27,F3,1.1404,OK,0
2026-03-30 23:03:37,F3,1.1410,OK,0
2026-03-30 23:03:48,F3,1.1415,OK,0
2026-03-30 23:03:58,F3,1.1420,OK,0
2026-03-30 23:04:08,F3,1.1425,OK,0
2026-03-30 23:04:18,F3,1.1431,OK,0
2026-03-30 23:04:29,F3,1.1436,OK,0
2026-03-30 23:04:39,F3,1.1441,OK,0
2026-03-30 23:04:49,F3,1.1447,OK,0
2026-03-30 23:04:59,F3,1.1452,OK,0
2026-03-30 23:05:10,F3,1.1457,OK,0
2026-03-30 23:05:20,F3,1.1463,OK,0
2026-03-30 23:05:30,F3,1.1468,OK,0
2026-03-30 23:05:41,F3,1.1473,OK,0
2026-03-30 23:05:51,F3,1.1479,OK,0
2026-03-30 23:06:01,F3,1.1484,OK,0
2026-03-30 23:06:11,F3,1.1490,OK,0
2026-03-30 23:06:21,F3,1.1495,OK,0
2026-03-30 23:06:32,F3,1.1500,OK,0
2026-03-30 23:06:42,F3,1.1506,OK,0
2026-03-30 23:06:52,F3,1.1511,OK,0
2026-03-30 23:07:02,F3,1.1516,OK,0
2026-03-30 23:07:13,F3,1.1522,OK,0
2026-03-30 23:07:23,F3,1.1527,OK,0
2026-03-30 23:07:33,F3,1.1533,OK,0
2026-03-30 23:07:44,F3,1.1538,OK,0
2026-03-30 23:07:54,F3,1.1543,OK,0
2026-03-30 23:08:04,F3,1.1549,OK,0
2026-03-30 23:08:14,F3,1.1554,OK,0
2026-03-30 23:08:25,F3,1.1559,OK,0
2026-03-30 23:08:35,F3,1.1565,OK,0
2026-03-30 23:08:45,F3,1.1570,OK,0
2026-03-30 23:08:55,F3,1.1575,OK,0
2026-03-30 23:09:06,F3,1.1580,OK,0
2026-03-30 23:09:16,F3,1.1586,OK,0
2026-03-30 23:09:26,F3,1.1591,OK,0
2026-03-30 23:09:36,F3,1.1596,OK,0
2026-03-30 23:09:47,F3,1.1601,OK,0
2026-03-30 23:09:57,F3,1.1606,OK,0
2026-03-30 23:10:07,F3,1.1611,OK,0
2026-03-30 23:10:17,F3,1.1616,OK,0
2026-03-30 23:10:28,F3,1.1621,OK,0
2026-03-30 23:10:38,F3,1.1626,OK,0
2026-03-30 23:10:48,F3,1.1631,OK,0
2026-03-30 23:10:58,F3,1.1636,OK,0
2026-03-30 23:11:09,F3,1.1641,OK,0
2026-03-30 23:11:19,F3,1.1646,OK,0
2026-03-30 23:11:29,F3,1.1651,OK,0
2026-03-30 23:11:39,F3,1.1656,OK,0
2026-03-30 23:11:50,F3,1.1661,OK,0
2026-03-30 23:12:00,F3,1.1665,OK,0
2026-03-30 23:12:10,F3,1.1670,OK,0
2026-03-30 23:12:20,F3,1.1675,OK,0
2026-03-30 23:12:30,F3,1.1680,OK,0
2026-03-30 23:12:41,F3,1.1684,OK,0
2026-03-30 23:12:51,F3,1.1689,OK,0
2026-03-30 23:13:01,F3,1.1694,OK,0
2026-03-30 23:13:11,F3,1.1698,OK,0
2026-03-30 23:13:22,F3,1.1703,OK,0
2026-03-30 23:13:32,F3,1.1708,OK,0
2026-03-30 23:13:42,F3,1.1712,OK,0
2026-03-30 23:13:52,F3,1.1717,OK,0
2026-03-30 23:14:03,F3,1.1721,OK,0
2026-03-30 23:14:13,F3,1.1726,OK,0
2026-03-30 23:14:23,F3,1.1731,OK,0
2026-03-30 23:14:33,F3,1.1735,OK,0
2026-03-30 23:14:44,F3,1.1740,OK,0
2026-03-30 23:14:54,F3,1.1745,OK,0
2026-03-30 23:15:04,F3,1.1749,OK,0
2026-03-30 23:15:14,F3,1.1754,OK,0
2026-03-30 23:15:25,F3,1.1758,OK,0
2026-03-30 23:15:35,F3,1.1763,OK,0
2026-03-30 23:15:45,F3,1.1768,OK,0
2026-03-30 23:15:55,F3,1.1772,OK,0
2026-03-30 23:16:06,F3,1.1777,OK,0
2026-03-30 23:16:16,F3,1.1782,OK,0
2026-03-30 23:16:26,F3,1.1786,OK,0
2026-03-30 23:16:36,F3,1.1791,OK,0
2026-03-30 23:16:47,F3,1.1795,OK,0
2026-03-30 23:16:57,F3,1.1800,OK,0
2026-03-30 23:17:07,F3,1.1805,OK,0
2026-03-30 23:17:17,F3,1.1809,OK,0
2026-03-30 23:17:28,F3,1.1814,OK,0
2026-03-30 23:17:38,F3,1.1819,OK,0
2026-03-30 23:17:48,F3,1.1823,OK,0
2026-03-30 23:17:58,F3,1.1828,OK,0
2026-03-30 23:18:09,F3,1.1832,OK,0
2026-03-30 23:18:19,F3,1.1837,OK,0
2026-03-30 23:18:29,F3,1.1842,OK,0
2026-03-30 23:18:39,F3,1.1846,OK,0
2026-03-30 23:18:50,F3,1.1851,OK,0
2026-03-30 23:19:00,F3,1.1855,OK,0
2026-03-30 23:19:10,F3,1.1860,OK,0
2026-03-30 23:19:20,F3,1.1865,OK,0
2026-03-30 23:19:31,F3,1.1869,OK,0
2026-03-30 23:19:41,F3,1.1874,OK,0
2026-03-30 23:19:51,F3,1.1878,OK,0
2026-03-30 23:20:01,F3,1.1883,OK,0
2026-03-30 23:20:12,F3,1.1887,OK,0
2026-03-30 23:20:22,F3,1.1892,OK,0
2026-03-30 23:20:32,F3,1.1896,OK,0
2026-03-30 23:20:42,F3,1.1900,OK,0
2026-03-30 23:20:53,F3,1.1905,OK,0
2026-03-30 23:21:03,F3,1.1909,OK,0
2026-03-30 23:21:13,F3,1.1914,OK,0
2026-03-30 23:21:23,F3,1.1918,OK,0
2026-03-30 23:21:34,F3,1.1922,OK,0
2026-03-30 23:21:44,F3,1.1927,OK,0
2026-03-30 23:21:54,F3,1.1931,OK,0
2026-03-30 23:22:04,F3,1.1935,OK,0
2026-03-30 23:22:15,F3,1.1939,OK,0
2026-03-30 23:22:25,F3,1.1944,OK,0
2026-03-30 23:22:35,F3,1.1948,OK,0
2026-03-30 23:22:45,F3,1.1952,OK,0
2026-03-30 23:22:56,F3,1.1956,OK,0
2026-03-30 23:23:06,F3,1.1961,OK,0
2026-03-30 23:23:16,F3,1.1965,OK,0
2026-03-30 23:23:26,F3,1.1969,OK,0
2026-03-30 23:23:37,F3,1.1973,OK,0
2026-03-30 23:23:47,F3,1.1978,OK,0
2026-03-30 23:23:57,F3,1.1982,OK,0
2026-03-30 23:24:07,F3,1.1986,OK,0
2026-03-30 23:24:18,F3,1.1991,OK,0
2026-03-30 23:24:28,F3,1.1995,OK,0
2026-03-30 23:24:38,F3,1.1999,OK,0
2026-03-30 23:24:48,F3,1.2004,OK,0
2026-03-30 23:24:59,F3,1.2008,OK,0
2026-03-30 23:25:09,F3,1.2013,OK,0
2026-03-30 23:25:19,F3,1.2017,OK,0
2026-03-30 23:25:29,F3,1.2022,OK,0
2026-03-30 23:25:40,F3,1.2026,OK,0
2026-03-30 23:25:50,F3,1.2031,OK,0
2026-03-30 23:26:00,F3,1.2035,OK,0
2026-03-30 23:26:10,F3,1.2040,OK,0
2026-03-30 23:26:21,F3,1.2044,OK,0
2026-03-30 23:26:31,F3,1.2049,OK,0
2026-03-30 23:26:41,F3,1.2054,OK,0
2026-03-30 23:26:51,F3,1.2058,OK,0
2026-03-30 23:27:02,F3,1.2063,OK,0
2026-03-30 23:27:12,F3,1.2068,OK,0
2026-03-30 23:27:22,F3,1.2072,OK,0
2026-03-30 23:27:33,F3,1.2077,OK,0
2026-03-30 23:27:43,F3,1.2082,OK,0
2026-03-30 23:27:53,F3,1.2087,OK,0
2026-03-30 23:28:03,F3,1.2092,OK,0
2026-03-30 23:28:13,F3,1.2096,OK,0
2026-03-30 23:28:24,F3,1.2101,OK,0
2026-03-30 23:28:34,F3,1.2106,OK,0
2026-03-30 23:28:44,F3,1.2111,OK,0
2026-03-30 23:28:54,F3,1.2116,OK,0
2026-03-30 23:29:05,F3,1.2121,OK,0
2026-03-30 23:29:15,F3,1.2126,OK,0
2026-03-30 23:29:25,F3,1.2131,OK,0
2026-03-30 23:29:36,F3,1.2136,OK,0
2026-03-30 23:29:46,F3,1.2141,OK,0
2026-03-30 23:29:56,F3,1.2146,OK,0
2026-03-30 23:30:06,F3,1.2151,OK,0
2026-03-30 23:30:17,F3,1.2156,OK,0
2026-03-30 23:30:27,F3,1.2161,OK,0
2026-03-30 23:30:37,F3,1.2166,OK,0
2026-03-30 23:30:47,F3,1.2171,OK,0
2026-03-30 23:30:58,F3,1.2176,OK,0
2026-03-30 23:31:08,F3,1.2181,OK,0
2026-03-30 23:31:18,F3,1.2186,OK,0
2026-03-30 23:31:28,F3,1.2191,OK,0
2026-03-30 23:31:39,F3,1.2196,OK,0
2026-03-30 23:31:49,F3,1.2201,OK,0
2026-03-30 23:31:59,F3,1.2206,OK,0
2026-03-30 23:32:09,F3,1.2212,OK,0
2026-03-30 23:32:20,F3,1.2217,OK,0
2026-03-30 23:32:30,F3,1.2222,OK,0
2026-03-30 23:32:40,F3,1.2227,OK,0
2026-03-30 23:32:50,F3,1.2232,OK,0
2026-03-30 23:33:01,F3,1.2237,OK,0
2026-03-30 23:33:11,F3,1.2242,OK,0
2026-03-30 23:33:21,F3,1.2248,OK,0
2026-03-30 23:33:31,F3,1.2253,OK,0
2026-03-30 23:33:41,F3,1.2258,OK,0
2026-03-30 23:33:52,F3,1.2263,OK,0
2026-03-30 23:34:02,F3,1.2269,OK,0
2026-03-30 23:34:12,F3,1.2274,OK,0
2026-03-30 23:34:22,F3,1.2279,OK,0
2026-03-30 23:34:33,F3,1.2285,OK,0
2026-03-30 23:34:43,F3,1.2290,OK,0
2026-03-30 23:34:53,F3,1.2296,OK,0
2026-03-30 23:35:03,F3,1.2301,OK,0
2026-03-30 23:35:14,F3,1.2307,OK,0
2026-03-30 23:35:24,F3,1.2312,OK,0
2026-03-30 23:35:34,F3,1.2318,OK,0
2026-03-30 23:35:44,F3,1.2323,OK,0
2026-03-30 23:35:55,F3,1.2329,OK,0
2026-03-30 23:36:05,F3,1.2335,OK,0
2026-03-30 23:36:15,F3,1.2340,OK,0
2026-03-30 23:36:25,F3,1.2346,OK,0
2026-03-30 23:36:36,F3,1.2352,OK,0
2026-03-30 23:36:46,F3,1.2358,OK,0
2026-03-30 23:36:56,F3,1.2364,OK,0
2026-03-30 23:37:06,F3,1.2370,OK,0
2026-03-30 23:37:17,F3,1.2376,OK,0
2026-03-30 23:37:27,F3,1.2382,OK,0
2026-03-30 23:37:37,F3,1.2388,OK,0
2026-03-30 23:37:47,F3,1.2394,OK,0
2026-03-30 23:37:58,F3,1.2400,OK,0
2026-03-30 23:38:08,F3,1.2406,OK,0
2026-03-30 23:38:18,F3,1.2412,OK,0
2026-03-30 23:38:28,F3,1.2418,OK,0
2026-03-30 23:38:39,F3,1.2424,OK,0
2026-03-30 23:38:49,F3,1.2431,OK,0
2026-03-30 23:38:59,F3,1.2437,OK,0
2026-03-30 23:39:09,F3,1.2443,OK,0
2026-03-30 23:39:19,F3,1.2450,OK,0
2026-03-30 23:39:30,F3,1.2456,OK,0
2026-03-30 23:39:40,F3,1.2462,OK,0
2026-03-30 23:39:50,F3,1.2469,OK,0
2026-03-30 23:40:00,F3,1.2475,OK,0
2026-03-30 23:40:11,F3,1.2482,OK,0
2026-03-30 23:40:21,F3,1.2488,OK,0
2026-03-30 23:40:31,F3,1.2495,OK,0
2026-03-30 23:40:41,F3,1.2501,OK,0
2026-03-30 23:40:52,F3,1.2508,OK,0
2026-03-30 23:41:02,F3,1.2514,OK,0
2026-03-30 23:41:12,F3,1.2521,OK,0
2026-03-30 23:41:22,F3,1.2527,OK,0
2026-03-30 23:41:33,F3,1.2534,OK,0
2026-03-30 23:41:43,F3,1.2541,OK,0
2026-03-30 23:41:53,F3,1.2547,OK,0
2026-03-30 23:42:03,F3,1.2554,OK,0
2026-03-30 23:42:14,F3,1.2561,OK,0
2026-03-30 23:42:24,F3,1.2567,OK,0
2026-03-30 23:42:34,F3,1.2574,OK,0
2026-03-30 23:42:44,F3,1.2581,OK,0
2026-03-30 23:42:55,F3,1.2588,OK,0
2026-03-30 23:43:05,F3,1.2594,OK,0
2026-03-30 23:43:15,F3,1.2601,OK,0
2026-03-30 23:43:25,F3,1.2608,OK,0
2026-03-30 23:43:36,F3,1.2615,OK,0
2026-03-30 23:43:46,F3,1.2622,OK,0
2026-03-30 23:43:56,F3,1.2629,OK,0
2026-03-30 23:44:06,F3,1.2636,OK,0
2026-03-30 23:44:17,F3,1.2643,OK,0
2026-03-30 23:44:27,F3,1.2650,OK,0
2026-03-30 23:44:37,F3,1.2657,OK,0
2026-03-30 23:44:47,F3,1.2664,OK,0
2026-03-30 23:44:58,F3,1.2671,OK,0
2026-03-30 23:45:08,F3,1.2679,OK,0
2026-03-30 23:45:18,F3,1.2686,OK,0
2026-03-30 23:45:28,F3,1.2693,OK,0
2026-03-30 23:45:39,F3,1.2701,OK,0
2026-03-30 23:45:49,F3,1.2708,OK,0
2026-03-30 23:45:59,F3,1.2715,OK,0
2026-03-30 23:46:09,F3,1.2723,OK,0
2026-03-30 23:46:20,F3,1.2730,OK,0
2026-03-30 23:46:30,F3,1.2738,OK,0
2026-03-30 23:46:40,F3,1.2746,OK,0
2026-03-30 23:46:50,F3,1.2753,OK,0
2026-03-30 23:47:01,F3,1.2761,OK,0
2026-03-30 23:47:11,F3,1.2769,OK,0
2026-03-30 23:47:21,F3,1.2776,OK,0
2026-03-30 23:47:31,F3,1.2784,OK,0
2026-03-30 23:47:42,F3,1.2792,OK,0
2026-03-30 23:47:52,F3,1.2800,OK,0
2026-03-30 23:48:02,F3,1.2808,OK,0
2026-03-30 23:48:12,F3,1.2816,OK,0
2026-03-30 23:48:23,F3,1.2823,OK,0
2026-03-30 23:48:33,F3,1.2831,OK,0
2026-03-30 23:48:43,F3,1.2839,OK,0
2026-03-30 23:48:53,F3,1.2847,OK,0
2026-03-30 23:49:04,F3,1.2855,OK,0
2026-03-30 23:49:14,F3,1.2863,OK,0
2026-03-30 23:49:24,F3,1.2871,OK,0
2026-03-30 23:49:34,F3,1.2879,OK,0
2026-03-30 23:49:45,F3,1.2887,OK,0
2026-03-30 23:49:55,F3,1.2895,OK,0
2026-03-30 23:50:05,F3,1.2903,OK,0
2026-03-30 23:50:15,F3,1.2911,OK,0
2026-03-30 23:50:26,F3,1.2919,OK,0
2026-03-30 23:50:36,F3,1.2927,OK,0
2026-03-30 23:50:46,F3,1.2935,OK,0
2026-03-30 23:50:56,F3,1.2943,OK,0
2026-03-30 23:51:07,F3,1.2951,OK,0
2026-03-30 23:51:17,F3,1.2959,OK,0
2026-03-30 23:51:27,F3,1.2968,OK,0
2026-03-30 23:51:37,F3,1.2976,OK,0
2026-03-30 23:51:48,F3,1.2984,OK,0
2026-03-30 23:51:58,F3,1.2992,OK,0
2026-03-30 23:52:08,F3,1.3000,OK,0
2026-03-30 23:52:18,F3,1.3008,OK,0
2026-03-30 23:52:29,F3,1.3016,OK,0
2026-03-30 23:52:39,F3,1.3024,OK,0
2026-03-30 23:52:49,F3,1.3032,OK,0
2026-03-30 23:52:59,F3,1.3040,OK,0
2026-03-30 23:53:10,F3,1.3048,OK,0
2026-03-30 23:53:20,F3,1.3056,OK,0
2026-03-30 23:53:30,F3,1.3064,OK,0
2026-03-30 23:53:40,F3,1.3072,OK,0
2026-03-30 23:53:51,F3,1.3080,OK,0
2026-03-30 23:54:01,F3,1.3088,OK,0
2026-03-30 23:54:11,F3,1.3096,OK,1
2026-03-30 23:54:21,F3,1.3104,OK,0
2026-03-30 23:54:32,F3,1.3113,OK,0
2026-03-30 23:54:42,F3,1.3121,OK,0
2026-03-30 23:54:52,F3,1.3129,OK,0
2026-03-30 23:55:03,F3,1.3137,OK,0
2026-03-30 23:55:13,F3,1.3145,OK,0
2026-03-30 23:55:23,F3,1.3153,OK,0
2026-03-30 23:55:33,F3,1.3161,OK,0
2026-03-30 23:55:44,F3,1.3169,OK,0
2026-03-30 23:55:54,F3,1.3178,OK,0
2026-03-30 23:56:04,F3,1.3186,OK,0
2026-03-30 23:56:14,F3,1.3194,OK,0
2026-03-30 23:56:25,F3,1.3202,OK,0
2026-03-30 23:56:35,F3,1.3210,OK,0
2026-03-30 23:56:45,F3,1.3218,OK,1
2026-03-30 23:56:55,F3,1.3226,OK,1
2026-03-30 23:57:06,F3,1.3234,OK,1
2026-03-30 23:57:16,F3,1.3242,OK,1
2026-03-30 23:57:26,F3,1.3250,OK,0
2026-03-30 23:57:36,F3,1.3259,OK,0
2026-03-30 23:57:47,F3,1.3267,OK,0
2026-03-30 23:57:57,F3,1.3275,OK,0
2026-03-30 23:58:07,F3,1.3283,OK,0
2026-03-30 23:58:17,F3,1.3290,OK,0
2026-03-30 23:58:28,F3,1.3298,OK,0
2026-03-30 23:58:38,F3,1.3306,OK,0
2026-03-30 23:58:48,F3,1.3314,OK,0
2026-03-30 23:58:58,F3,1.3321,OK,0
2026-03-30 23:59:09,F3,1.3329,OK,0
2026-03-30 23:59:19,F3,1.3337,OK,0
2026-03-30 23:59:29,F3,1.3344,OK,0
2026-03-30 23:59:40,F3,1.3351,OK,0
2026-03-30 23:59:50,F3,1.3359,OK,0
2026-03-31 00:00:00,F3,1.3366,OK,0
2026-03-31 00:00:10,F3,1.3373,OK,0
2026-03-31 00:00:21,F3,1.3380,OK,0
2026-03-31 00:00:31,F3,1.3387,OK,0
2026-03-31 00:00:41,F3,1.3393,OK,0
2026-03-31 00:00:51,F3,1.3400,OK,0
2026-03-31 00:01:02,F3,1.3407,OK,0
2026-03-31 00:01:12,F3,1.3413,OK,0
2026-03-31 00:01:22,F3,1.3419,OK,0
2026-03-31 00:01:32,F3,1.3426,OK,0
2026-03-31 00:01:42,F3,1.3432,OK,0
2026-03-31 00:01:53,F3,1.3438,OK,0
2026-03-31 00:02:03,F3,1.3444,OK,0
2026-03-31 00:02:13,F3,1.3449,OK,0
2026-03-31 00:02:23,F3,1.3455,OK,0
2026-03-31 00:02:34,F3,1.3460,OK,0
2026-03-31 00:02:44,F3,1.3466,OK,0
2026-03-31 00:02:54,F3,1.3471,OK,0
2026-03-31 00:03:04,F3,1.3476,OK,0
2026-03-31 00:03:15,F3,1.3481,OK,0
2026-03-31 00:03:25,F3,1.3486,OK,0
2026-03-31 00:03:35,F3,1.3491,OK,0
2026-03-31 00:03:46,F3,1.3496,OK,0
2026-03-31 00:03:56,F3,1.3501,OK,0
2026-03-31 00:04:06,F3,1.3505,OK,0
2026-03-31 00:04:16,F3,1.3510,OK,0
2026-03-31 00:04:27,F3,1.3514,OK,0
2026-03-31 00:04:37,F3,1.3518,OK,0
2026-03-31 00:04:47,F3,1.3522,OK,0
2026-03-31 00:04:57,F3,1.3526,OK,0
2026-03-31 00:05:07,F3,1.3530,OK,0
2026-03-31 00:05:18,F3,1.3534,OK,0
2026-03-31 00:05:28,F3,1.3537,OK,0
2026-03-31 00:05:38,F3,1.3541,OK,0
2026-03-31 00:05:48,F3,1.3544,OK,0
2026-03-31 00:05:59,F3,1.3547,OK,0
2026-03-31 00:06:09,F3,1.3551,OK,0
2026-03-31 00:06:19,F3,1.3554,OK,0
2026-03-31 00:06:29,F3,1.3557,OK,0
2026-03-31 00:06:40,F3,1.3559,OK,0
2026-03-31 00:06:50,F3,1.3562,OK,0
2026-03-31 00:07:00,F3,1.3564,OK,0
2026-03-31 00:07:10,F3,1.3567,OK,0
2026-03-31 00:07:21,F3,1.3569,OK,0
2026-03-31 00:07:31,F3,1.3571,OK,0
2026-03-31 00:07:41,F3,1.3573,OK,0
2026-03-31 00:07:51,F3,1.3575,OK,0
2026-03-31 00:08:02,F3,1.3577,OK,0
2026-03-31 00:08:12,F3,1.3579,OK,0
2026-03-31 00:08:22,F3,1.3580,OK,0
2026-03-31 00:08:32,F3,1.3581,OK,0
2026-03-31 00:08:43,F3,1.3583,OK,0
2026-03-31 00:08:53,F3,1.3584,OK,0
2026-03-31 00:09:03,F3,1.3584,OK,0
2026-03-31 00:09:13,F3,1.3585,OK,0
2026-03-31 00:09:24,F3,1.3586,OK,0
2026-03-31 00:09:34,F3,1.3586,OK,0
2026-03-31 00:09:44,F3,1.3587,OK,0
2026-03-31 00:09:54,F3,1.3587,OK,0
2026-03-31 00:10:05,F3,1.3587,OK,0
2026-03-31 00:10:15,F3,1.3587,OK,0
2026-03-31 00:10:25,F3,1.3586,OK,0
2026-03-31 00:10:35,F3,1.3586,OK,0
2026-03-31 00:10:46,F3,1.3585,OK,0
2026-03-31 00:10:56,F3,1.3585,OK,0
2026-03-31 00:11:06,F3,1.3584,OK,0
2026-03-31 00:11:16,F3,1.3583,OK,0
2026-03-31 00:11:27,F3,1.3582,OK,0
2026-03-31 00:11:37,F3,1.3580,OK,0
2026-03-31 00:11:47,F3,1.3579,OK,0
2026-03-31 00:11:57,F3,1.3577,OK,0
2026-03-31 00:12:08,F3,1.3576,OK,0
2026-03-31 00:12:18,F3,1.3574,OK,0
2026-03-31 00:12:28,F3,1.3572,OK,0
2026-03-31 00:12:38,F3,1.3570,OK,0
2026-03-31 00:12:49,F3,1.3567,OK,0
2026-03-31 00:12:59,F3,1.3565,OK,0
2026-03-31 00:13:09,F3,1.3562,OK,0
2026-03-31 00:13:19,F3,1.3560,OK,0
2026-03-31 00:13:30,F3,1.3557,OK,0
2026-03-31 00:13:40,F3,1.3554,OK,0
2026-03-31 00:13:50,F3,1.3551,OK,0
2026-03-31 00:14:00,F3,1.3548,OK,0
2026-03-31 00:14:11,F3,1.3545,OK,0
2026-03-31 00:14:21,F3,1.3541,OK,0
2026-03-31 00:14:31,F3,1.3538,OK,0
2026-03-31 00:14:41,F3,1.3534,OK,0
2026-03-31 00:14:52,F3,1.3530,OK,0
2026-03-31 00:15:02,F3,1.3526,OK,0
2026-03-31 00:15:12,F3,1.3522,OK,0
2026-03-31 00:15:22,F3,1.3518,OK,0
2026-03-31 00:15:33,F3,1.3514,OK,0
2026-03-31 00:15:43,F3,1.3510,OK,0
2026-03-31 00:15:53,F3,1.3505,OK,0
2026-03-31 00:16:03,F3,1.3500,OK,0
2026-03-31 00:16:14,F3,1.3496,OK,0
2026-03-31 00:16:24,F3,1.3491,OK,0
2026-03-31 00:16:34,F3,1.3486,OK,0
2026-03-31 00:16:44,F3,1.3480,OK,0
2026-03-31 00:16:54,F3,1.3475,OK,0
2026-03-31 00:17:05,F3,1.3470,OK,0
2026-03-31 00:17:15,F3,1.3464,OK,0
2026-03-31 00:17:25,F3,1.3459,OK,0
2026-03-31 00:17:35,F3,1.3453,OK,0
2026-03-31 00:17:46,F3,1.3447,OK,0
2026-03-31 00:17:56,F3,1.3441,OK,0
2026-03-31 00:18:06,F3,1.3434,OK,0
2026-03-31 00:18:16,F3,1.3428,OK,0
2026-03-31 00:18:27,F3,1.3422,OK,0
2026-03-31 00:18:37,F3,1.3415,OK,0
2026-03-31 00:18:47,F3,1.3408,OK,0
2026-03-31 00:18:57,F3,1.3402,OK,0
2026-03-31 00:19:08,F3,1.3395,OK,0
2026-03-31 00:19:18,F3,1.3387,OK,0
2026-03-31 00:19:28,F3,1.3380,OK,0
2026-03-31 00:19:38,F3,1.3373,OK,0
2026-03-31 00:19:49,F3,1.3365,OK,0
2026-03-31 00:19:59,F3,1.3358,OK,0
2026-03-31 00:20:09,F3,1.3350,OK,0
2026-03-31 00:20:19,F3,1.3342,OK,0
2026-03-31 00:20:30,F3,1.3334,OK,0
2026-03-31 00:20:40,F3,1.3326,OK,0
2026-03-31 00:20:50,F3,1.3318,OK,0
2026-03-31 00:21:00,F3,1.3310,OK,0
2026-03-31 00:21:11,F3,1.3301,OK,0
2026-03-31 00:21:21,F3,1.3293,OK,0
2026-03-31 00:21:31,F3,1.3284,OK,0
2026-03-31 00:21:41,F3,1.3276,OK,0
2026-03-31 00:21:52,F3,1.3267,OK,0
2026-03-31 00:22:02,F3,1.3258,OK,0
2026-03-31 00:22:12,F3,1.3249,OK,0
2026-03-31 00:22:22,F3,1.3240,OK,0
2026-03-31 00:22:33,F3,1.3231,OK,0
2026-03-31 00:22:43,F3,1.3222,OK,0
2026-03-31 00:22:53,F3,1.3213,OK,0
2026-03-31 00:23:03,F3,1.3203,OK,0
2026-03-31 00:23:14,F3,1.3194,OK,0
2026-03-31 00:23:24,F3,1.3184,OK,0
2026-03-31 00:23:34,F3,1.3175,OK,0
2026-03-31 00:23:44,F3,1.3165,OK,0
2026-03-31 00:23:55,F3,1.3155,OK,0
2026-03-31 00:24:05,F3,1.3146,OK,0
2026-03-31 00:24:15,F3,1.3136,OK,0
2026-03-31 00:24:26,F3,1.3126,OK,0
2026-03-31 00:24:36,F3,1.3116,OK,0
2026-03-31 00:24:46,F3,1.3106,OK,0
2026-03-31 00:24:56,F3,1.3096,OK,0
2026-03-31 00:25:07,F3,1.3085,OK,0
2026-03-31 00:25:17,F3,1.3075,OK,0
2026-03-31 00:25:27,F3,1.3065,OK,0
2026-03-31 00:25:37,F3,1.3054,OK,0
2026-03-31 00:25:48,F3,1.3044,OK,0
2026-03-31 00:25:58,F3,1.3033,OK,0
2026-03-31 00:26:08,F3,1.3022,OK,0
2026-03-31 00:26:18,F3,1.3012,OK,0
2026-03-31 00:26:29,F3,1.3001,OK,0
2026-03-31 00:26:39,F3,1.2990,OK,0
2026-03-31 00:26:49,F3,1.2979,OK,0
2026-03-31 00:26:59,F3,1.2968,OK,0
2026-03-31 00:27:10,F3,1.2957,OK,0
2026-03-31 00:27:20,F3,1.2946,OK,0
2026-03-31 00:27:30,F3,1.2935,OK,0
2026-03-31 00:27:40,F3,1.2923,OK,0
2026-03-31 00:27:51,F3,1.2912,OK,0
2026-03-31 00:28:01,F3,1.2900,OK,0
2026-03-31 00:28:11,F3,1.2889,OK,0
2026-03-31 00:28:21,F3,1.2877,OK,0
2026-03-31 00:28:32,F3,1.2866,OK,0
2026-03-31 00:28:42,F3,1.2854,OK,0
2026-03-31 00:28:52,F3,1.2842,OK,0
2026-03-31 00:29:02,F3,1.2830,OK,0
2026-03-31 00:29:13,F3,1.2818,OK,0
2026-03-31 00:29:23,F3,1.2806,OK,0
2026-03-31 00:29:33,F3,1.2794,OK,0
2026-03-31 00:29:43,F3,1.2782,OK,0
2026-03-31 00:29:54,F3,1.2770,OK,0
2026-03-31 00:30:04,F3,1.2758,OK,0
2026-03-31 00:30:14,F3,1.2746,OK,0
2026-03-31 00:30:24,F3,1.2733,OK,0
2026-03-31 00:30:35,F3,1.2721,OK,0
2026-03-31 00:30:45,F3,1.2708,OK,0
2026-03-31 00:30:55,F3,1.2696,OK,0
2026-03-31 00:31:05,F3,1.2683,OK,0
2026-03-31 00:31:16,F3,1.2671,OK,0
2026-03-31 00:31:26,F3,1.2658,OK,0
2026-03-31 00:31:36,F3,1.2646,OK,0
2026-03-31 00:31:46,F3,1.2633,OK,0
2026-03-31 00:31:57,F3,1.2620,OK,0
2026-03-31 00:32:07,F3,1.2608,OK,0
2026-03-31 00:32:17,F3,1.2595,OK,0
2026-03-31 00:32:27,F3,1.2582,OK,0
2026-03-31 00:32:38,F3,1.2569,OK,0
2026-03-31 00:32:48,F3,1.2556,OK,0
2026-03-31 00:32:58,F3,1.2543,OK,0
2026-03-31 00:33:08,F3,1.2531,OK,0
2026-03-31 00:33:19,F3,1.2518,OK,0
2026-03-31 00:33:29,F3,1.2505,OK,0
2026-03-31 00:33:39,F3,1.2492,OK,0
2026-03-31 00:33:49,F3,1.2479,OK,0
2026-03-31 00:34:00,F3,1.2466,OK,0
2026-03-31 00:34:10,F3,1.2453,OK,0
2026-03-31 00:34:20,F3,1.2440,OK,0
2026-03-31 00:34:30,F3,1.2426,OK,0
2026-03-31 00:34:41,F3,1.2413,OK,0
2026-03-31 00:34:51,F3,1.2400,OK,0
2026-03-31 00:35:01,F3,1.2387,OK,0
2026-03-31 00:35:11,F3,1.2374,OK,0
2026-03-31 00:35:22,F3,1.2360,OK,0
2026-03-31 00:35:32,F3,1.2347,OK,0
2026-03-31 00:35:42,F3,1.2334,OK,0
2026-03-31 00:35:52,F3,1.2321,OK,0
2026-03-31 00:36:03,F3,1.2307,OK,0
2026-03-31 00:36:13,F3,1.2294,OK,0
2026-03-31 00:36:23,F3,1.2281,OK,0
2026-03-31 00:36:33,F3,1.2267,OK,0
2026-03-31 00:36:44,F3,1.2254,OK,0
2026-03-31 00:36:54,F3,1.2240,OK,0
2026-03-31 00:37:04,F3,1.2227,OK,0
2026-03-31 00:37:14,F3,1.2214,OK,0
2026-03-31 00:37:25,F3,1.2200,OK,0
2026-03-31 00:37:35,F3,1.2187,OK,0
2026-03-31 00:37:45,F3,1.2173,OK,0
2026-03-31 00:37:55,F3,1.2160,OK,0
2026-03-31 00:38:06,F3,1.2146,OK,0
2026-03-31 00:38:16,F3,1.2133,OK,0
2026-03-31 00:38:26,F3,1.2119,OK,0
2026-03-31 00:38:36,F3,1.2106,OK,0
2026-03-31 00:38:47,F3,1.2092,OK,0
2026-03-31 00:38:57,F3,1.2079,OK,0
2026-03-31 00:39:07,F3,1.2066,OK,0
2026-03-31 00:39:17,F3,1.2052,OK,0
2026-03-31 00:39:28,F3,1.2039,OK,0
2026-03-31 00:39:38,F3,1.2025,OK,0
2026-03-31 00:39:48,F3,1.2012,OK,0
2026-03-31 00:39:58,F3,1.1999,OK,0
2026-03-31 00:40:09,F3,1.1985,OK,0
2026-03-31 00:40:19,F3,1.1972,OK,0
2026-03-31 00:40:29,F3,1.1959,OK,0
2026-03-31 00:40:39,F3,1.1946,OK,0
2026-03-31 00:40:50,F3,1.1932,OK,0
2026-03-31 00:41:00,F3,1.1919,OK,0
2026-03-31 00:41:10,F3,1.1906,OK,0
2026-03-31 00:41:20,F3,1.1893,OK,0
2026-03-31 00:41:31,F3,1.1880,OK,0
2026-03-31 00:41:41,F3,1.1867,OK,0
2026-03-31 00:41:51,F3,1.1854,OK,0
2026-03-31 00:42:01,F3,1.1841,OK,0
2026-03-31 00:42:12,F3,1.1828,OK,0
2026-03-31 00:42:22,F3,1.1815,OK,0
2026-03-31 00:42:32,F3,1.1802,OK,0
2026-03-31 00:42:42,F3,1.1789,OK,0
2026-03-31 00:42:53,F3,1.1776,OK,0
2026-03-31 00:43:03,F3,1.1763,OK,0
2026-03-31 00:43:13,F3,1.1750,OK,0
2026-03-31 00:43:23,F3,1.1737,OK,0
2026-03-31 00:43:34,F3,1.1724,OK,0
2026-03-31 00:43:44,F3,1.1711,OK,0
2026-03-31 00:43:54,F3,1.1699,OK,0
2026-03-31 00:44:04,F3,1.1686,OK,0
2026-03-31 00:44:15,F3,1.1673,OK,0
2026-03-31 00:44:25,F3,1.1660,OK,0
2026-03-31 00:44:35,F3,1.1647,OK,0
2026-03-31 00:44:45,F3,1.1635,OK,0
2026-03-31 00:44:56,F3,1.1622,OK,0
2026-03-31 00:45:06,F3,1.1609,OK,0
2026-03-31 00:45:16,F3,1.1597,OK,0
2026-03-31 00:45:26,F3,1.1584,OK,0
2026-03-31 00:45:37,F3,1.1571,OK,0
2026-03-31 00:45:47,F3,1.1559,OK,0
2026-03-31 00:45:57,F3,1.1546,OK,0
2026-03-31 00:46:07,F3,1.1534,OK,0
2026-03-31 00:46:18,F3,1.1521,OK,0
2026-03-31 00:46:28,F3,1.1509,OK,0
2026-03-31 00:46:38,F3,1.1496,OK,0
2026-03-31 00:46:48,F3,1.1484,OK,0
2026-03-31 00:46:59,F3,1.1471,OK,0
2026-03-31 00:47:09,F3,1.1459,OK,0
2026-03-31 00:47:19,F3,1.1446,OK,0
2026-03-31 00:47:29,F3,1.1434,OK,0
2026-03-31 00:47:40,F3,1.1422,OK,0
2026-03-31 00:47:50,F3,1.1409,OK,0
2026-03-31 00:48:00,F3,1.1397,OK,0
2026-03-31 00:48:10,F3,1.1385,OK,0
2026-03-31 00:48:21,F3,1.1373,OK,0
2026-03-31 00:48:31,F3,1.1361,OK,0
2026-03-31 00:48:41,F3,1.1349,OK,0
2026-03-31 00:48:51,F3,1.1337,OK,0
2026-03-31 00:49:02,F3,1.1325,OK,0
2026-03-31 00:49:12,F3,1.1313,OK,0
2026-03-31 00:49:22,F3,1.1301,OK,0
2026-03-31 00:49:32,F3,1.1289,OK,0
2026-03-31 00:49:43,F3,1.1278,OK,0
2026-03-31 00:49:53,F3,1.1266,OK,0
2026-03-31 00:50:03,F3,1.1254,OK,0
2026-03-31 00:50:13,F3,1.1243,OK,0
2026-03-31 00:50:24,F3,1.1231,OK,0
2026-03-31 00:50:34,F3,1.1220,OK,0
2026-03-31 00:50:44,F3,1.1208,OK,0
2026-03-31 00:50:54,F3,1.1197,OK,0
2026-03-31 00:51:05,F3,1.1185,OK,0
2026-03-31 00:51:15,F3,1.1174,OK,0
2026-03-31 00:51:25,F3,1.1163,OK,0
2026-03-31 00:51:35,F3,1.1152,OK,0
2026-03-31 00:51:45,F3,1.1140,OK,0
2026-03-31 00:51:56,F3,1.1129,OK,0
2026-03-31 00:52:06,F3,1.1118,OK,0
2026-03-31 00:52:16,F3,1.1107,OK,0
2026-03-31 00:52:26,F3,1.1096,OK,0
2026-03-31 00:52:37,F3,1.1085,OK,0
2026-03-31 00:52:47,F3,1.1074,OK,0
2026-03-31 00:52:57,F3,1.1063,OK,0
2026-03-31 00:53:07,F3,1.1053,OK,0
2026-03-31 00:53:18,F3,1.1042,OK,0
2026-03-31 00:53:28,F3,1.1031,OK,0
2026-03-31 00:53:38,F3,1.1020,OK,0
2026-03-31 00:53:48,F3,1.1010,OK,0
2026-03-31 00:53:59,F3,1.0999,OK,0
2026-03-31 00:54:09,F3,1.0988,OK,0
2026-03-31 00:54:19,F3,1.0978,OK,0
2026-03-31 00:54:29,F3,1.0967,OK,0
2026-03-31 00:54:40,F3,1.0957,OK,0
2026-03-31 00:54:50,F3,1.0946,OK,0
2026-03-31 00:55:00,F3,1.0936,OK,0
2026-03-31 00:55:10,F3,1.0925,OK,0
2026-03-31 00:55:21,F3,1.0915,OK,0
2026-03-31 00:55:31,F3,1.0905,OK,0
2026-03-31 00:55:41,F3,1.0894,OK,0
2026-03-31 00:55:51,F3,1.0884,OK,0
2026-03-31 00:56:02,F3,1.0874,OK,0
2026-03-31 00:56:12,F3,1.0864,OK,0
2026-03-31 00:56:22,F3,1.0853,OK,0
2026-03-31 00:56:32,F3,1.0843,OK,0
2026-03-31 00:56:43,F3,1.0833,OK,0
2026-03-31 00:56:53,F3,1.0823,OK,0
2026-03-31 00:57:03,F3,1.0813,OK,0
2026-03-31 00:57:13,F3,1.0803,OK,0
2026-03-31 00:57:24,F3,1.0793,OK,0
2026-03-31 00:57:34,F3,1.0784,OK,0
2026-03-31 00:57:44,F3,1.0774,OK,0
2026-03-31 00:57:54,F3,1.0764,OK,0
2026-03-31 00:58:05,F3,1.0755,OK,0
2026-03-31 00:58:15,F3,1.0745,OK,0
2026-03-31 00:58:25,F3,1.0735,OK,0
2026-03-31 00:58:35,F3,1.0726,OK,0
2026-03-31 00:58:46,F3,1.0717,OK,0
2026-03-31 00:58:56,F3,1.0707,OK,0
2026-03-31 00:59:06,F3,1.0698,OK,0
2026-03-31 00:59:16,F3,1.0689,OK,0
2026-03-31 00:59:27,F3,1.0679,OK,0
2026-03-31 00:59:37,F3,1.0670,OK,0
2026-03-31 00:59:47,F3,1.0661,OK,0
2026-03-31 00:59:57,F3,1.0652,OK,0
2026-03-31 01:00:08,F3,1.0643,OK,0
2026-03-31 01:00:18,F3,1.0635,OK,0
2026-03-31 01:00:28,F3,1.0626,OK,0
2026-03-31 01:00:38,F3,1.0617,OK,0
2026-03-31 01:00:49,F3,1.0608,OK,0
2026-03-31 01:00:59,F3,1.0600,OK,0
2026-03-31 01:01:09,F3,1.0591,OK,0
2026-03-31 01:01:19,F3,1.0583,OK,0
2026-03-31 01:01:29,F3,1.0574,OK,0
2026-03-31 01:01:40,F3,1.0566,OK,0
2026-03-31 01:01:50,F3,1.0557,OK,0
2026-03-31 01:02:00,F3,1.0549,OK,0
2026-03-31 01:02:10,F3,1.0541,OK,0
2026-03-31 01:02:21,F3,1.0533,OK,0
2026-03-31 01:02:31,F3,1.0525,OK,0
2026-03-31 01:02:41,F3,1.0517,OK,0
2026-03-31 01:02:51,F3,1.0509,OK,0
2026-03-31 01:03:02,F3,1.0501,OK,0
2026-03-31 01:03:12,F3,1.0493,OK,0
2026-03-31 01:03:22,F3,1.0485,OK,0
2026-03-31 01:03:32,F3,1.0477,OK,0
2026-03-31 01:03:43,F3,1.0469,OK,0
2026-03-31 01:03:53,F3,1.0462,OK,0
2026-03-31 01:04:03,F3,1.0454,OK,0
2026-03-31 01:04:13,F3,1.0447,OK,0
2026-03-31 01:04:24,F3,1.0439,OK,0
2026-03-31 01:04:34,F3,1.0432,OK,0
2026-03-31 01:04:44,F3,1.0425,OK,0
2026-03-31 01:04:54,F3,1.0418,OK,0
2026-03-31 01:05:05,F3,1.0411,OK,0
2026-03-31 01:05:15,F3,1.0404,OK,0
2026-03-31 01:05:25,F3,1.0397,OK,0
2026-03-31 01:05:35,F3,1.0390,OK,0
2026-03-31 01:05:46,F3,1.0383,OK,0
2026-03-31 01:05:56,F3,1.0376,OK,0
2026-03-31 01:06:06,F3,1.0370,OK,0
2026-03-31 01:06:16,F3,1.0363,OK,0
2026-03-31 01:06:26,F3,1.0357,OK,0
2026-03-31 01:06:37,F3,1.0351,OK,0
2026-03-31 01:06:47,F3,1.0345,OK,0
2026-03-31 01:06:57,F3,1.0338,OK,0
2026-03-31 01:07:07,F3,1.0332,OK,0
2026-03-31 01:07:18,F3,1.0326,OK,0
2026-03-31 01:07:28,F3,1.0321,OK,0
2026-03-31 01:07:38,F3,1.0315,OK,0
2026-03-31 01:07:48,F3,1.0309,OK,0
2026-03-31 01:07:59,F3,1.0304,OK,0
2026-03-31 01:08:09,F3,1.0298,OK,0
2026-03-31 01:08:19,F3,1.0293,OK,0
2026-03-31 01:08:29,F3,1.0287,OK,0
2026-03-31 01:08:40,F3,1.0282,OK,0
2026-03-31 01:08:50,F3,1.0277,OK,0
2026-03-31 01:09:00,F3,1.0272,OK,0
2026-03-31 01:09:10,F3,1.0267,OK,0
2026-03-31 01:09:21,F3,1.0262,OK,0
2026-03-31 01:09:31,F3,1.0257,OK,0
2026-03-31 01:09:41,F3,1.0253,OK,0
2026-03-31 01:09:51,F3,1.0248,OK,0
2026-03-31 01:10:02,F3,1.0243,OK,0
2026-03-31 01:10:12,F3,1.0239,OK,0
2026-03-31 01:10:22,F3,1.0234,OK,0
2026-03-31 01:10:32,F3,1.0230,OK,0
2026-03-31 01:10:43,F3,1.0226,OK,0
2026-03-31 01:10:53,F3,1.0222,OK,0
2026-03-31 01:11:03,F3,1.0218,OK,0
2026-03-31 01:11:13,F3,1.0214,OK,0
2026-03-31 01:11:24,F3,1.0210,OK,0
2026-03-31 01:11:34,F3,1.0206,OK,0
2026-03-31 01:11:44,F3,1.0202,OK,0
2026-03-31 01:11:54,F3,1.0198,OK,0
2026-03-31 01:12:05,F3,1.0195,OK,0
2026-03-31 01:12:15,F3,1.0191,OK,0
2026-03-31 01:12:25,F3,1.0188,OK,0
2026-03-31 01:12:35,F3,1.0185,OK,0
2026-03-31 01:12:46,F3,1.0181,OK,0
2026-03-31 01:12:56,F3,1.0178,OK,0
2026-03-31 01:13:06,F3,1.0175,OK,0
2026-03-31 01:13:16,F3,1.0172,OK,0
2026-03-31 01:13:27,F3,1.0170,OK,0
2026-03-31 01:13:37,F3,1.0167,OK,0
2026-03-31 01:13:47,F3,1.0164,OK,0
2026-03-31 01:13:57,F3,1.0162,OK,0
2026-03-31 01:14:08,F3,1.0160,OK,0
2026-03-31 01:14:18,F3,1.0157,OK,0
2026-03-31 01:14:28,F3,1.0155,OK,0
2026-03-31 01:14:38,F3,1.0153,OK,0
2026-03-31 01:14:49,F3,1.0151,OK,0
2026-03-31 01:14:59,F3,1.0149,OK,0
2026-03-31 01:15:09,F3,1.0147,OK,0
2026-03-31 01:15:19,F3,1.0146,OK,0
2026-03-31 01:15:30,F3,1.0144,OK,0
2026-03-31 01:15:40,F3,1.0143,OK,0
2026-03-31 01:15:50,F3,1.0141,OK,0
2026-03-31 01:16:00,F3,1.0140,OK,0
2026-03-31 01:16:11,F3,1.0139,OK,0
2026-03-31 01:16:21,F3,1.0138,OK,0
2026-03-31 01:16:31,F3,1.0137,OK,0
2026-03-31 01:16:41,F3,1.0136,OK,0
2026-03-31 01:16:52,F3,1.0135,OK,0
2026-03-31 01:17:02,F3,1.0134,OK,0
2026-03-31 01:17:12,F3,1.0134,OK,0
2026-03-31 01:17:22,F3,1.0133,OK,0
2026-03-31 01:17:32,F3,1.0133,OK,0
2026-03-31 01:17:43,F3,1.0132,OK,0
2026-03-31 01:17:53,F3,1.0132,OK,0
2026-03-31 01:18:03,F3,1.0132,OK,0
2026-03-31 01:18:13,F3,1.0132,OK,0
2026-03-31 01:18:24,F3,1.0132,OK,0
2026-03-31 01:18:34,F3,1.0132,OK,0
2026-03-31 01:18:44,F3,1.0132,OK,0
2026-03-31 01:18:54,F3,1.0132,OK,0
2026-03-31 01:19:05,F3,1.0132,OK,0
2026-03-31 01:19:15,F3,1.0132,OK,0
2026-03-31 01:19:25,F3,1.0133,OK,0
2026-03-31 01:19:35,F3,1.0133,OK,0
2026-03-31 01:19:46,F3,1.0133,OK,0
2026-03-31 01:19:56,F3,1.0134,OK,0
2026-03-31 01:20:06,F3,1.0134,OK,0
2026-03-31 01:20:16,F3,1.0134,OK,0
2026-03-31 01:20:27,F3,1.0135,OK,0
2026-03-31 01:20:37,F3,1.0135,OK,0
2026-03-31 01:20:47,F3,1.0136,OK,0
2026-03-31 01:20:57,F3,1.0136,OK,0
2026-03-31 01:21:08,F3,1.0136,OK,0
2026-03-31 01:21:18,F3,1.0137,OK,0
2026-03-31 01:21:28,F3,1.0137,OK,0
2026-03-31 01:21:38,F3,1.0138,OK,0
2026-03-31 01:21:49,F3,1.0138,OK,0
2026-03-31 01:21:59,F3,1.0139,OK,0
2026-03-31 01:22:09,F3,1.0139,OK,0
2026-03-31 01:22:19,F3,1.0140,OK,0
2026-03-31 01:22:29,F3,1.0140,OK,0
2026-03-31 01:22:40,F3,1.0141,OK,0
2026-03-31 01:22:50,F3,1.0141,OK,0
2026-03-31 01:23:00,F3,1.0142,OK,0
2026-03-31 01:23:10,F3,1.0143,OK,0
2026-03-31 01:23:21,F3,1.0143,OK,0
2026-03-31 01:23:31,F3,1.0144,OK,0
2026-03-31 01:23:41,F3,1.0144,OK,0
2026-03-31 01:23:51,F3,1.0145,OK,0
2026-03-31 01:24:02,F3,1.0146,OK,0
2026-03-31 01:24:12,F3,1.0146,OK,0
2026-03-31 01:24:22,F3,1.0147,OK,0
2026-03-31 01:24:32,F3,1.0148,OK,0
2026-03-31 01:24:43,F3,1.0148,OK,0
2026-03-31 01:24:53,F3,1.0149,OK,0
2026-03-31 01:25:03,F3,1.0150,OK,0
2026-03-31 01:25:13,F3,1.0151,OK,0
2026-03-31 01:25:24,F3,1.0151,OK,0
2026-03-31 01:25:34,F3,1.0152,OK,0
2026-03-31 01:25:44,F3,1.0153,OK,0
2026-03-31 01:25:54,F3,1.0154,OK,0
2026-03-31 01:26:05,F3,1.0155,OK,0
2026-03-31 01:26:15,F3,1.0155,OK,0
2026-03-31 01:26:25,F3,1.0156,OK,0
2026-03-31 01:26:35,F3,1.0157,OK,0
2026-03-31 01:26:46,F3,1.0158,OK,0
2026-03-31 01:26:56,F3,1.0159,OK,0
2026-03-31 01:27:06,F3,1.0160,OK,0
2026-03-31 01:27:16,F3,1.0161,OK,0
2026-03-31 01:27:27,F3,1.0162,OK,0
2026-03-31 01:27:37,F3,1.0163,OK,0
2026-03-31 01:27:47,F3,1.0164,OK,0
2026-03-31 01:27:57,F3,1.0165,OK,0
2026-03-31 01:28:08,F3,1.0166,OK,0
2026-03-31 01:28:18,F3,1.0167,OK,0
2026-03-31 01:28:28,F3,1.0168,OK,0
2026-03-31 01:28:38,F3,1.0170,OK,0
2026-03-31 01:28:49,F3,1.0171,OK,0
2026-03-31 01:28:59,F3,1.0172,OK,0
2026-03-31 01:29:09,F3,1.0173,OK,0
2026-03-31 01:29:19,F3,1.0175,OK,0
2026-03-31 01:29:30,F3,1.0176,OK,0
2026-03-31 01:29:40,F3,1.0178,OK,0
2026-03-31 01:29:50,F3,1.0179,OK,0
2026-03-31 01:30:00,F3,1.0181,OK,0
2026-03-31 01:30:11,F3,1.0182,OK,0
2026-03-31 01:30:21,F3,1.0184,OK,0
2026-03-31 01:30:31,F3,1.0185,OK,0
2026-03-31 01:30:41,F3,1.0187,OK,0
2026-03-31 01:30:52,F3,1.0189,OK,0
2026-03-31 01:31:02,F3,1.0190,OK,0
2026-03-31 01:31:12,F3,1.0192,OK,0
2026-03-31 01:31:22,F3,1.0194,OK,0
2026-03-31 01:31:33,F3,1.0196,OK,0
2026-03-31 01:31:43,F3,1.0197,OK,0
2026-03-31 01:31:53,F3,1.0199,OK,0
2026-03-31 01:32:03,F3,1.0201,OK,0
2026-03-31 01:32:14,F3,1.0203,OK,0
2026-03-31 01:32:24,F3,1.0205,OK,0
2026-03-31 01:32:34,F3,1.0207,OK,0
2026-03-31 01:32:44,F3,1.0209,OK,0
2026-03-31 01:32:55,F3,1.0211,OK,0
2026-03-31 01:33:05,F3,1.0213,OK,0
2026-03-31 01:33:15,F3,1.0215,OK,0
2026-03-31 01:33:25,F3,1.0217,OK,0
2026-03-31 01:33:36,F3,1.0219,OK,0
2026-03-31 01:33:46,F3,1.0221,OK,0
2026-03-31 01:33:56,F3,1.0223,OK,0
2026-03-31 01:34:06,F3,1.0225,OK,0
2026-03-31 01:34:17,F3,1.0227,OK,0
2026-03-31 01:34:27,F3,1.0230,OK,0
2026-03-31 01:34:37,F3,1.0232,OK,0
2026-03-31 01:34:48,F3,1.0234,OK,0
2026-03-31 01:34:58,F3,1.0236,OK,0
2026-03-31 01:35:08,F3,1.0238,OK,0
2026-03-31 01:35:18,F3,1.0240,OK,0
2026-03-31 01:35:29,F3,1.0242,OK,0
2026-03-31 01:35:39,F3,1.0244,OK,0
2026-03-31 01:35:49,F3,1.0247,OK,0
2026-03-31 01:35:59,F3,1.0249,OK,0
2026-03-31 01:36:10,F3,1.0251,OK,0
2026-03-31 01:36:20,F3,1.0253,OK,0
2026-03-31 01:36:30,F3,1.0255,OK,0
2026-03-31 01:36:40,F3,1.0257,OK,0
2026-03-31 01:36:51,F3,1.0259,OK,0
2026-03-31 01:37:01,F3,1.0261,OK,0
2026-03-31 01:37:11,F3,1.0264,OK,0
2026-03-31 01:37:21,F3,1.0266,OK,0
2026-03-31 01:37:32,F3,1.0268,OK,0
2026-03-31 01:37:42,F3,1.0270,OK,0
2026-03-31 01:37:52,F3,1.0272,OK,0
2026-03-31 01:38:02,F3,1.0275,OK,0
2026-03-31 01:38:13,F3,1.0277,OK,0
2026-03-31 01:38:23,F3,1.0279,OK,0
2026-03-31 01:38:33,F3,1.0282,OK,0
2026-03-31 01:38:43,F3,1.0284,OK,0
2026-03-31 01:38:54,F3,1.0286,OK,0
2026-03-31 01:39:04,F3,1.0289,OK,0
2026-03-31 01:39:14,F3,1.0291,OK,0
2026-03-31 01:39:24,F3,1.0293,OK,0
2026-03-31 01:39:35,F3,1.0296,OK,0
2026-03-31 01:39:45,F3,1.0298,OK,0
2026-03-31 01:39:55,F3,1.0300,OK,0
2026-03-31 01:40:05,F3,1.0303,OK,0
2026-03-31 01:40:16,F3,1.0305,OK,0
2026-03-31 01:40:26,F3,1.0308,OK,0
2026-03-31 01:40:36,F3,1.0310,OK,0
2026-03-31 01:40:46,F3,1.0313,OK,0
2026-03-31 01:40:57,F3,1.0315,OK,0
2026-03-31 01:41:07,F3,1.0318,OK,0
2026-03-31 01:41:17,F3,1.0320,OK,0
2026-03-31 01:41:27,F3,1.0323,OK,0
2026-03-31 01:41:38,F3,1.0325,OK,0
2026-03-31 01:41:48,F3,1.0328,OK,0
2026-03-31 01:41:58,F3,1.0330,OK,0
2026-03-31 01:42:08,F3,1.0333,OK,0
2026-03-31 01:42:19,F3,1.0335,OK,0
2026-03-31 01:42:29,F3,1.0338,OK,0
2026-03-31 01:42:39,F3,1.0341,OK,0
2026-03-31 01:42:49,F3,1.0343,OK,0
2026-03-31 01:43:00,F3,1.0346,OK,0
2026-03-31 01:43:10,F3,1.0348,OK,0
2026-03-31 01:43:20,F3,1.0351,OK,0
2026-03-31 01:43:30,F3,1.0353,OK,0
2026-03-31 01:43:40,F3,1.0356,OK,0
2026-03-31 01:43:51,F3,1.0358,OK,0
2026-03-31 01:44:01,F3,1.0361,OK,0
2026-03-31 01:44:11,F3,1.0363,OK,0
2026-03-31 01:44:22,F3,1.0366,OK,0
2026-03-31 01:44:32,F3,1.0368,OK,0
2026-03-31 01:44:42,F3,1.0371,OK,0
2026-03-31 01:44:52,F3,1.0373,OK,0
2026-03-31 01:45:03,F3,1.0376,OK,0
2026-03-31 01:45:13,F3,1.0379,OK,0
2026-03-31 01:45:23,F3,1.0381,OK,0
2026-03-31 01:45:33,F3,1.0384,OK,0
2026-03-31 01:45:43,F3,1.0386,OK,0
2026-03-31 01:45:54,F3,1.0389,OK,0
2026-03-31 01:46:04,F3,1.0391,OK,0
2026-03-31 01:46:14,F3,1.0394,OK,0
2026-03-31 01:46:24,F3,1.0397,OK,0
2026-03-31 01:46:35,F3,1.0399,OK,0
2026-03-31 01:46:45,F3,1.0402,OK,0
2026-03-31 01:46:55,F3,1.0405,OK,0
2026-03-31 01:47:05,F3,1.0408,OK,0
2026-03-31 01:47:16,F3,1.0410,OK,0
2026-03-31 01:47:26,F3,1.0413,OK,0
2026-03-31 01:47:36,F3,1.0416,OK,0
2026-03-31 01:47:46,F3,1.0419,OK,0
2026-03-31 01:47:57,F3,1.0421,OK,0
2026-03-31 01:48:07,F3,1.0424,OK,0
2026-03-31 01:48:17,F3,1.0427,OK,0
2026-03-31 01:48:27,F3,1.0430,OK,0
2026-03-31 01:48:38,F3,1.0433,OK,0
2026-03-31 01:48:48,F3,1.0436,OK,0
2026-03-31 01:48:58,F3,1.0439,OK,0
2026-03-31 01:49:08,F3,1.0442,OK,0
2026-03-31 01:49:19,F3,1.0444,OK,0
2026-03-31 01:49:29,F3,1.0447,OK,0
2026-03-31 01:49:39,F3,1.0450,OK,0
2026-03-31 01:49:49,F3,1.0453,OK,0
2026-03-31 01:50:00,F3,1.0456,OK,0
2026-03-31 01:50:10,F3,1.0459,OK,0
2026-03-31 01:50:20,F3,1.0462,OK,0
2026-03-31 01:50:30,F3,1.0465,OK,0
2026-03-31 01:50:41,F3,1.0468,OK,0
2026-03-31 01:50:51,F3,1.0471,OK,0
2026-03-31 01:51:01,F3,1.0474,OK,0
2026-03-31 01:51:11,F3,1.0477,OK,0
2026-03-31 01:51:22,F3,1.0480,OK,0
2026-03-31 01:51:32,F3,1.0483,OK,0
2026-03-31 01:51:42,F3,1.0486,OK,0
2026-03-31 01:51:52,F3,1.0489,OK,0
2026-03-31 01:52:03,F3,1.0492,OK,0
2026-03-31 01:52:13,F3,1.0494,OK,0
2026-03-31 01:52:23,F3,1.0497,OK,0
2026-03-31 01:52:33,F3,1.0500,OK,0
2026-03-31 01:52:44,F3,1.0503,OK,0
2026-03-31 01:52:54,F3,1.0506,OK,0
2026-03-31 01:53:04,F3,1.0509,OK,0
2026-03-31 01:53:14,F3,1.0512,OK,0
2026-03-31 01:53:25,F3,1.0515,OK,0
2026-03-31 01:53:35,F3,1.0518,OK,0
2026-03-31 01:53:45,F3,1.0521,OK,0
2026-03-31 01:53:55,F3,1.0524,OK,0
2026-03-31 01:54:06,F3,1.0528,OK,0
2026-03-31 01:54:16,F3,1.0531,OK,0
2026-03-31 01:54:26,F3,1.0534,OK,0
2026-03-31 01:54:36,F3,1.0537,OK,0
2026-03-31 01:54:47,F3,1.0540,OK,0
2026-03-31 01:54:57,F3,1.0543,OK,0
2026-03-31 01:55:07,F3,1.0546,OK,0
2026-03-31 01:55:17,F3,1.0550,OK,0
2026-03-31 01:55:28,F3,1.0553,OK,0
2026-03-31 01:55:38,F3,1.0556,OK,0
2026-03-31 01:55:48,F3,1.0559,OK,0
2026-03-31 01:55:58,F3,1.0563,OK,0
2026-03-31 01:56:09,F3,1.0566,OK,0
2026-03-31 01:56:19,F3,1.0569,OK,0
2026-03-31 01:56:29,F3,1.0573,OK,0
2026-03-31 01:56:39,F3,1.0576,OK,0
2026-03-31 01:56:50,F3,1.0579,OK,0
2026-03-31 01:57:00,F3,1.0583,OK,0
2026-03-31 01:57:10,F3,1.0586,OK,0
2026-03-31 01:57:20,F3,1.0589,OK,0
2026-03-31 01:57:31,F3,1.0593,OK,0
2026-03-31 01:57:41,F3,1.0596,OK,0
2026-03-31 01:57:51,F3,1.0599,OK,0
2026-03-31 01:58:01,F3,1.0603,OK,0
2026-03-31 01:58:12,F3,1.0606,OK,0
2026-03-31 01:58:22,F3,1.0609,OK,0
2026-03-31 01:58:32,F3,1.0613,OK,0
2026-03-31 01:58:42,F3,1.0616,OK,0
2026-03-31 01:58:53,F3,1.0620,OK,0
2026-03-31 01:59:03,F3,1.0623,OK,0
2026-03-31 01:59:13,F3,1.0626,OK,0
2026-03-31 01:59:23,F3,1.0630,OK,0
2026-03-31 01:59:34,F3,1.0633,OK,0
2026-03-31 01:59:44,F3,1.0636,OK,0
2026-03-31 01:59:54,F3,1.0640,OK,0
2026-03-31 02:00:04,F3,1.0643,OK,0
2026-03-31 02:00:15,F3,1.0646,OK,0
2026-03-31 02:00:25,F3,1.0650,OK,0
2026-03-31 02:00:35,F3,1.0653,OK,0
2026-03-31 02:00:45,F3,1.0656,OK,0
2026-03-31 02:00:56,F3,1.0660,OK,0
2026-03-31 02:01:06,F3,1.0663,OK,0
2026-03-31 02:01:16,F3,1.0666,OK,0
2026-03-31 02:01:26,F3,1.0670,OK,0
2026-03-31 02:01:37,F3,1.0673,OK,0
2026-03-31 02:01:47,F3,1.0676,OK,0
2026-03-31 02:01:57,F3,1.0680,OK,0
2026-03-31 02:02:07,F3,1.0683,OK,0
2026-03-31 02:02:18,F3,1.0687,OK,0
2026-03-31 02:02:28,F3,1.0690,OK,0
2026-03-31 02:02:38,F3,1.0694,OK,0
2026-03-31 02:02:48,F3,1.0697,OK,0
2026-03-31 02:02:59,F3,1.0701,OK,0
2026-03-31 02:03:09,F3,1.0704,OK,0
2026-03-31 02:03:19,F3,1.0708,OK,0
2026-03-31 02:03:29,F3,1.0711,OK,0
2026-03-31 02:03:40,F3,1.0715,OK,0
2026-03-31 02:03:50,F3,1.0718,OK,0
2026-03-31 02:04:00,F3,1.0722,OK,0
2026-03-31 02:04:10,F3,1.0726,OK,0
2026-03-31 02:04:21,F3,1.0729,OK,0
2026-03-31 02:04:31,F3,1.0733,OK,0
2026-03-31 02:04:41,F3,1.0736,OK,0
2026-03-31 02:04:51,F3,1.0740,OK,0
2026-03-31 02:05:02,F3,1.0744,OK,0
2026-03-31 02:05:12,F3,1.0747,OK,0
2026-03-31 02:05:22,F3,1.0751,OK,0
2026-03-31 02:05:32,F3,1.0755,OK,0
2026-03-31 02:05:43,F3,1.0758,OK,0
2026-03-31 02:05:53,F3,1.0762,OK,0
2026-03-31 02:06:03,F3,1.0765,OK,0
2026-03-31 02:06:13,F3,1.0769,OK,0
2026-03-31 02:06:24,F3,1.0773,OK,0
2026-03-31 02:06:34,F3,1.0776,OK,0
2026-03-31 02:06:44,F3,1.0780,OK,0
2026-03-31 02:06:54,F3,1.0783,OK,0
2026-03-31 02:07:05,F3,1.0787,OK,0
2026-03-31 02:07:15,F3,1.0791,OK,0
2026-03-31 02:07:25,F3,1.0794,OK,0
2026-03-31 02:07:35,F3,1.0798,OK,0
2026-03-31 02:07:46,F3,1.0801,OK,0
2026-03-31 02:07:56,F3,1.0805,OK,0
2026-03-31 02:08:06,F3,1.0809,OK,0
2026-03-31 02:08:16,F3,1.0812,OK,0
2026-03-31 02:08:27,F3,1.0816,OK,0
2026-03-31 02:08:37,F3,1.0819,OK,0
2026-03-31 02:08:47,F3,1.0823,OK,0
2026-03-31 02:08:57,F3,1.0827,OK,0
2026-03-31 02:09:08,F3,1.0830,OK,0
2026-03-31 02:09:18,F3,1.0834,OK,0
2026-03-31 02:09:28,F3,1.0837,OK,0
2026-03-31 02:09:38,F3,1.0841,OK,0
2026-03-31 02:09:49,F3,1.0845,OK,0
2026-03-31 02:09:59,F3,1.0848,OK,0
2026-03-31 02:10:09,F3,1.0852,OK,0
2026-03-31 02:10:19,F3,1.0856,OK,0
2026-03-31 02:10:29,F3,1.0859,OK,0
2026-03-31 02:10:40,F3,1.0863,OK,0
2026-03-31 02:10:50,F3,1.0867,OK,0
2026-03-31 02:11:00,F3,1.0870,OK,0
2026-03-31 02:11:10,F3,1.0874,OK,0
2026-03-31 02:11:21,F3,1.0878,OK,0
2026-03-31 02:11:31,F3,1.0881,OK,0
2026-03-31 02:11:41,F3,1.0885,OK,0
2026-03-31 02:11:51,F3,1.0889,OK,0
2026-03-31 02:12:02,F3,1.0893,OK,0
2026-03-31 02:12:12,F3,1.0896,OK,0
2026-03-31 02:12:22,F3,1.0900,OK,0
2026-03-31 02:12:32,F3,1.0904,OK,0
2026-03-31 02:12:43,F3,1.0908,OK,0
2026-03-31 02:12:53,F3,1.0911,OK,0
2026-03-31 02:13:03,F3,1.0915,OK,0
2026-03-31 02:13:13,F3,1.0919,OK,0
2026-03-31 02:13:24,F3,1.0922,OK,0
2026-03-31 02:13:34,F3,1.0926,OK,0
2026-03-31 02:13:44,F3,1.0930,OK,0
2026-03-31 02:13:54,F3,1.0933,OK,0
2026-03-31 02:14:05,F3,1.0937,OK,0
2026-03-31 02:14:15,F3,1.0941,OK,0
2026-03-31 02:14:25,F3,1.0944,OK,0
2026-03-31 02:14:35,F3,1.0948,OK,0
2026-03-31 02:14:46,F3,1.0952,OK,0
2026-03-31 02:14:56,F3,1.0955,OK,0
2026-03-31 02:15:06,F3,1.0959,OK,0
2026-03-31 02:15:16,F3,1.0963,OK,0
2026-03-31 02:15:27,F3,1.0966,OK,0
2026-03-31 02:15:37,F3,1.0970,OK,0
2026-03-31 02:15:47,F3,1.0973,OK,0
2026-03-31 02:15:57,F3,1.0977,OK,0
2026-03-31 02:16:08,F3,1.0981,OK,0
2026-03-31 02:16:18,F3,1.0984,OK,0
2026-03-31 02:16:28,F3,1.0988,OK,0
2026-03-31 02:16:38,F3,1.0991,OK,0
2026-03-31 02:16:48,F3,1.0995,OK,0
2026-03-31 02:16:59,F3,1.0999,OK,0
2026-03-31 02:17:09,F3,1.1002,OK,0
2026-03-31 02:17:19,F3,1.1006,OK,0
2026-03-31 02:17:29,F3,1.1010,OK,0
2026-03-31 02:17:40,F3,1.1013,OK,0
2026-03-31 02:17:50,F3,1.1017,OK,0
2026-03-31 02:18:00,F3,1.1021,OK,0
2026-03-31 02:18:10,F3,1.1024,OK,0
2026-03-31 02:18:21,F3,1.1028,OK,0
2026-03-31 02:18:31,F3,1.1032,OK,0
2026-03-31 02:18:41,F3,1.1035,OK,0
2026-03-31 02:18:51,F3,1.1039,OK,0
2026-03-31 02:19:02,F3,1.1043,OK,0
2026-03-31 02:19:12,F3,1.1047,OK,0
2026-03-31 02:19:22,F3,1.1050,OK,0
2026-03-31 02:19:32,F3,1.1054,OK,0
2026-03-31 02:19:43,F3,1.1058,OK,0
2026-03-31 02:19:53,F3,1.1062,OK,0
2026-03-31 02:20:03,F3,1.1066,OK,0
2026-03-31 02:20:13,F3,1.1069,OK,0
2026-03-31 02:20:24,F3,1.1073,OK,0
2026-03-31 02:20:34,F3,1.1077,OK,0
2026-03-31 02:20:44,F3,1.1081,OK,0
2026-03-31 02:20:54,F3,1.1085,OK,0
2026-03-31 02:21:05,F3,1.1089,OK,0
2026-03-31 02:21:15,F3,1.1093,OK,0
2026-03-31 02:21:25,F3,1.1097,OK,0
2026-03-31 02:21:35,F3,1.1100,OK,0
2026-03-31 02:21:46,F3,1.1104,OK,0
2026-03-31 02:21:56,F3,1.1108,OK,0
2026-03-31 02:22:06,F3,1.1112,OK,1
2026-03-31 02:22:16,F3,1.1116,OK,1
2026-03-31 02:22:27,F3,1.1120,OK,0
2026-03-31 02:22:37,F3,1.1124,OK,0
2026-03-31 02:22:47,F3,1.1127,OK,0
2026-03-31 02:22:57,F3,1.1131,OK,0
2026-03-31 02:23:08,F3,1.1135,OK,0
2026-03-31 02:23:18,F3,1.1139,OK,0
2026-03-31 02:23:28,F3,1.1143,OK,0
2026-03-31 02:23:38,F3,1.1146,OK,0
2026-03-31 02:23:49,F3,1.1150,OK,0
2026-03-31 02:23:59,F3,1.1154,OK,0
2026-03-31 02:24:09,F3,1.1157,OK,0
2026-03-31 02:24:19,F3,1.1161,OK,0
2026-03-31 02:24:30,F3,1.1165,OK,0
2026-03-31 02:24:40,F3,1.1168,OK,0
2026-03-31 02:24:50,F3,1.1171,OK,0
2026-03-31 02:25:00,F3,1.1175,OK,0
2026-03-31 02:25:10,F3,1.1178,OK,0
2026-03-31 02:25:21,F3,1.1181,OK,0
2026-03-31 02:25:31,F3,1.1185,OK,0
2026-03-31 02:25:41,F3,1.1188,OK,0
2026-03-31 02:25:51,F3,1.1191,OK,0
2026-03-31 02:26:02,F3,1.1194,OK,0
2026-03-31 02:26:12,F3,1.1196,OK,0
2026-03-31 02:26:22,F3,1.1199,OK,0
2026-03-31 02:26:33,F3,1.1202,OK,0
2026-03-31 02:26:43,F3,1.1205,OK,0
2026-03-31 02:26:53,F3,1.1207,OK,0
2026-03-31 02:27:03,F3,1.1210,OK,0
2026-03-31 02:27:14,F3,1.1212,OK,0
2026-03-31 02:27:24,F3,1.1214,OK,0
2026-03-31 02:27:34,F3,1.1216,OK,0
2026-03-31 02:27:44,F3,1.1218,OK,0
2026-03-31 02:27:54,F3,1.1220,OK,0
2026-03-31 02:28:05,F3,1.1222,OK,0
2026-03-31 02:28:15,F3,1.1224,OK,0
2026-03-31 02:28:25,F3,1.1226,OK,0
2026-03-31 02:28:35,F3,1.1227,OK,0
2026-03-31 02:28:46,F3,1.1229,OK,0
2026-03-31 02:28:56,F3,1.1230,OK,0
2026-03-31 02:29:06,F3,1.1232,OK,0
2026-03-31 02:29:16,F3,1.1233,OK,0
2026-03-31 02:29:27,F3,1.1234,OK,0
2026-03-31 02:29:37,F3,1.1235,OK,0
2026-03-31 02:29:47,F3,1.1236,OK,0
2026-03-31 02:29:57,F3,1.1236,OK,0
2026-03-31 02:30:08,F3,1.1237,OK,0
2026-03-31 02:30:18,F3,1.1238,OK,0
2026-03-31 02:30:28,F3,1.1238,OK,0
2026-03-31 02:30:38,F3,1.1238,OK,0
2026-03-31 02:30:49,F3,1.1239,OK,0
2026-03-31 02:30:59,F3,1.1239,OK,0
2026-03-31 02:31:09,F3,1.1239,OK,0
2026-03-31 02:31:19,F3,1.1239,OK,0
2026-03-31 02:31:30,F3,1.1239,OK,0
2026-03-31 02:31:40,F3,1.1239,OK,0
2026-03-31 02:31:50,F3,1.1239,OK,0
2026-03-31 02:32:01,F3,1.1238,OK,0
2026-03-31 02:32:11,F3,1.1238,OK,0
2026-03-31 02:32:21,F3,1.1237,OK,0
2026-03-31 02:32:31,F3,1.1237,OK,0
2026-03-31 02:32:41,F3,1.1236,OK,0
2026-03-31 02:32:52,F3,1.1235,OK,0
2026-03-31 02:33:02,F3,1.1235,OK,0
2026-03-31 02:33:12,F3,1.1234,OK,0
2026-03-31 02:33:22,F3,1.1233,OK,0
2026-03-31 02:33:33,F3,1.1232,OK,0
2026-03-31 02:33:43,F3,1.1231,OK,0
2026-03-31 02:33:53,F3,1.1230,OK,0
2026-03-31 02:34:03,F3,1.1229,OK,0
2026-03-31 02:34:14,F3,1.1227,OK,0
2026-03-31 02:34:24,F3,1.1226,OK,0
2026-03-31 02:34:34,F3,1.1224,OK,0
2026-03-31 02:34:44,F3,1.1223,OK,0
2026-03-31 02:34:55,F3,1.1221,OK,0
2026-03-31 02:35:05,F3,1.1220,OK,0
2026-03-31 02:35:15,F3,1.1218,OK,0
2026-03-31 02:35:25,F3,1.1216,OK,0
2026-03-31 02:35:36,F3,1.1214,OK,0
2026-03-31 02:35:46,F3,1.1213,OK,0
2026-03-31 02:35:56,F3,1.1211,OK,0
2026-03-31 02:36:06,F3,1.1208,OK,0
2026-03-31 02:36:17,F3,1.1206,OK,0
2026-03-31 02:36:27,F3,1.1204,OK,0
2026-03-31 02:36:37,F3,1.1202,OK,0
2026-03-31 02:36:47,F3,1.1199,OK,0
2026-03-31 02:36:58,F3,1.1197,OK,0
2026-03-31 02:37:08,F3,1.1194,OK,0
2026-03-31 02:37:18,F3,1.1192,OK,0
2026-03-31 02:37:28,F3,1.1189,OK,0
2026-03-31 02:37:39,F3,1.1186,OK,0
2026-03-31 02:37:49,F3,1.1183,OK,0
2026-03-31 02:37:59,F3,1.1180,OK,0
2026-03-31 02:38:09,F3,1.1177,OK,0
2026-03-31 02:38:20,F3,1.1174,OK,0
2026-03-31 02:38:30,F3,1.1170,OK,0
2026-03-31 02:38:40,F3,1.1167,OK,0
2026-03-31 02:38:50,F3,1.1164,OK,0
2026-03-31 02:39:01,F3,1.1160,OK,0
2026-03-31 02:39:11,F3,1.1157,OK,0
2026-03-31 02:39:21,F3,1.1153,OK,0
2026-03-31 02:39:31,F3,1.1149,OK,0
2026-03-31 02:39:42,F3,1.1145,OK,0
2026-03-31 02:39:52,F3,1.1141,OK,0
2026-03-31 02:40:02,F3,1.1137,OK,0
2026-03-31 02:40:12,F3,1.1133,OK,0
2026-03-31 02:40:23,F3,1.1129,OK,0
2026-03-31 02:40:33,F3,1.1125,OK,0
2026-03-31 02:40:43,F3,1.1121,OK,0
2026-03-31 02:40:53,F3,1.1117,OK,0
2026-03-31 02:41:04,F3,1.1112,OK,0
2026-03-31 02:41:14,F3,1.1108,OK,0
2026-03-31 02:41:24,F3,1.1103,OK,0
2026-03-31 02:41:34,F3,1.1099,OK,0
2026-03-31 02:41:45,F3,1.1094,OK,0
2026-03-31 02:41:55,F3,1.1089,OK,0
2026-03-31 02:42:05,F3,1.1085,OK,0
2026-03-31 02:42:15,F3,1.1080,OK,0
2026-03-31 02:42:26,F3,1.1075,OK,0
2026-03-31 02:42:36,F3,1.1070,OK,0
2026-03-31 02:42:46,F3,1.1065,OK,0
2026-03-31 02:42:56,F3,1.1060,OK,0
2026-03-31 02:43:07,F3,1.1055,OK,0
2026-03-31 02:43:17,F3,1.1050,OK,0
2026-03-31 02:43:27,F3,1.1044,OK,0
2026-03-31 02:43:38,F3,1.1039,OK,0
2026-03-31 02:43:48,F3,1.1034,OK,0
2026-03-31 02:43:58,F3,1.1028,OK,0
2026-03-31 02:44:08,F3,1.1023,OK,0
2026-03-31 02:44:19,F3,1.1017,OK,0
2026-03-31 02:44:29,F3,1.1011,OK,0
2026-03-31 02:44:39,F3,1.1006,OK,0
2026-03-31 02:44:49,F3,1.1000,OK,0
2026-03-31 02:45:00,F3,1.0994,OK,0
2026-03-31 02:45:10,F3,1.0988,OK,0
2026-03-31 02:45:20,F3,1.0982,OK,0
2026-03-31 02:45:30,F3,1.0976,OK,0
2026-03-31 02:45:41,F3,1.0970,OK,0
2026-03-31 02:45:51,F3,1.0963,OK,0
2026-03-31 02:46:01,F3,1.0957,OK,0
2026-03-31 02:46:11,F3,1.0951,OK,0
2026-03-31 02:46:21,F3,1.0944,OK,0
2026-03-31 02:46:32,F3,1.0938,OK,0
2026-03-31 02:46:42,F3,1.0931,OK,0
2026-03-31 02:46:52,F3,1.0925,OK,0
2026-03-31 02:47:02,F3,1.0918,OK,0
2026-03-31 02:47:13,F3,1.0911,OK,0
2026-03-31 02:47:23,F3,1.0904,OK,0
2026-03-31 02:47:33,F3,1.0897,OK,0
2026-03-31 02:47:43,F3,1.0891,OK,0
2026-03-31 02:47:54,F3,1.0884,OK,0
2026-03-31 02:48:04,F3,1.0877,OK,0
2026-03-31 02:48:14,F3,1.0870,OK,0
2026-03-31 02:48:24,F3,1.0863,OK,0
2026-03-31 02:48:35,F3,1.0855,OK,0
2026-03-31 02:48:45,F3,1.0848,OK,0
2026-03-31 02:48:55,F3,1.0841,OK,0
2026-03-31 02:49:05,F3,1.0834,OK,0
2026-03-31 02:49:16,F3,1.0827,OK,0
2026-03-31 02:49:26,F3,1.0819,OK,0
2026-03-31 02:49:36,F3,1.0812,OK,0
2026-03-31 02:49:46,F3,1.0805,OK,0
2026-03-31 02:49:57,F3,1.0797,OK,0
2026-03-31 02:50:07,F3,1.0790,OK,0
2026-03-31 02:50:17,F3,1.0782,OK,0
2026-03-31 02:50:27,F3,1.0775,OK,0
2026-03-31 02:50:38,F3,1.0767,OK,0
2026-03-31 02:50:48,F3,1.0760,OK,0
2026-03-31 02:50:58,F3,1.0752,OK,0
2026-03-31 02:51:08,F3,1.0744,OK,0
2026-03-31 02:51:19,F3,1.0737,OK,0
2026-03-31 02:51:29,F3,1.0729,OK,0
2026-03-31 02:51:39,F3,1.0721,OK,0
2026-03-31 02:51:49,F3,1.0714,OK,0
2026-03-31 02:52:00,F3,1.0706,OK,0
2026-03-31 02:52:10,F3,1.0698,OK,0
2026-03-31 02:52:20,F3,1.0690,OK,0
2026-03-31 02:52:30,F3,1.0682,OK,0
2026-03-31 02:52:41,F3,1.0674,OK,0
2026-03-31 02:52:51,F3,1.0666,OK,0
2026-03-31 02:53:01,F3,1.0658,OK,0
2026-03-31 02:53:11,F3,1.0650,OK,0
2026-03-31 02:53:22,F3,1.0642,OK,0
2026-03-31 02:53:32,F3,1.0634,OK,0
2026-03-31 02:53:42,F3,1.0625,OK,0
2026-03-31 02:53:52,F3,1.0617,OK,0
2026-03-31 02:54:03,F3,1.0609,OK,0
2026-03-31 02:54:13,F3,1.0601,OK,0
2026-03-31 02:54:23,F3,1.0592,OK,0
2026-03-31 02:54:34,F3,1.0584,OK,0
2026-03-31 02:54:44,F3,1.0576,OK,0
2026-03-31 02:54:54,F3,1.0567,OK,0
2026-03-31 02:55:04,F3,1.0559,OK,0
2026-03-31 02:55:15,F3,1.0551,OK,0
2026-03-31 02:55:25,F3,1.0542,OK,0
2026-03-31 02:55:35,F3,1.0534,OK,0
2026-03-31 02:55:45,F3,1.0525,OK,0
2026-03-31 02:55:56,F3,1.0517,OK,0
2026-03-31 02:56:06,F3,1.0508,OK,0
2026-03-31 02:56:16,F3,1.0500,OK,0
2026-03-31 02:56:26,F3,1.0491,OK,0
2026-03-31 02:56:37,F3,1.0483,OK,0
2026-03-31 02:56:47,F3,1.0474,OK,0
2026-03-31 02:56:57,F3,1.0466,OK,0
2026-03-31 02:57:07,F3,1.0457,OK,0
2026-03-31 02:57:18,F3,1.0449,OK,0
2026-03-31 02:57:28,F3,1.0440,OK,0
2026-03-31 02:57:38,F3,1.0432,OK,0
2026-03-31 02:57:48,F3,1.0423,OK,0
2026-03-31 02:57:59,F3,1.0415,OK,0
2026-03-31 02:58:09,F3,1.0406,OK,0
2026-03-31 02:58:19,F3,1.0398,OK,0
2026-03-31 02:58:29,F3,1.0389,OK,0
2026-03-31 02:58:40,F3,1.0380,OK,0
2026-03-31 02:58:50,F3,1.0372,OK,0
2026-03-31 02:59:00,F3,1.0363,OK,0
2026-03-31 02:59:10,F3,1.0355,OK,0
2026-03-31 02:59:21,F3,1.0346,OK,0
2026-03-31 02:59:31,F3,1.0338,OK,0
2026-03-31 02:59:41,F3,1.0329,OK,0
2026-03-31 02:59:51,F3,1.0320,OK,0
2026-03-31 03:00:01,F3,1.0312,OK,0
2026-03-31 03:00:12,F3,1.0303,OK,0
2026-03-31 03:00:22,F3,1.0295,OK,0
2026-03-31 03:00:32,F3,1.0286,OK,0
2026-03-31 03:00:43,F3,1.0277,OK,0
2026-03-31 03:00:53,F3,1.0269,OK,0
2026-03-31 03:01:03,F3,1.0260,OK,0
2026-03-31 03:01:13,F3,1.0251,OK,0
2026-03-31 03:01:24,F3,1.0243,OK,0
2026-03-31 03:01:34,F3,1.0234,OK,0
2026-03-31 03:01:44,F3,1.0225,OK,0
2026-03-31 03:01:54,F3,1.0217,OK,0
2026-03-31 03:02:05,F3,1.0208,OK,0
2026-03-31 03:02:15,F3,1.0199,OK,0
2026-03-31 03:02:25,F3,1.0190,OK,0
2026-03-31 03:02:35,F3,1.0182,OK,0
2026-03-31 03:02:46,F3,1.0173,OK,0
2026-03-31 03:02:56,F3,1.0164,OK,0
2026-03-31 03:03:06,F3,1.0156,OK,0
2026-03-31 03:03:16,F3,1.0147,OK,0
2026-03-31 03:03:27,F3,1.0138,OK,0
2026-03-31 03:03:37,F3,1.0130,OK,0
2026-03-31 03:03:47,F3,1.0121,OK,0
2026-03-31 03:03:57,F3,1.0112,OK,0
2026-03-31 03:04:08,F3,1.0104,OK,0
2026-03-31 03:04:18,F3,1.0095,OK,0
2026-03-31 03:04:28,F3,1.0087,OK,0
2026-03-31 03:04:38,F3,1.0078,OK,0
2026-03-31 03:04:49,F3,1.0069,OK,0
2026-03-31 03:04:59,F3,1.0061,OK,0
2026-03-31 03:05:09,F3,1.0052,OK,0
2026-03-31 03:05:19,F3,1.0044,OK,0
2026-03-31 03:05:30,F3,1.0035,OK,0
2026-03-31 03:05:40,F3,1.0027,OK,0
2026-03-31 03:05:50,F3,1.0018,OK,0
2026-03-31 03:06:00,F3,1.0010,OK,0
2026-03-31 03:06:11,F3,1.0002,OK,0
2026-03-31 03:06:21,F3,0.9993,OK,0
2026-03-31 03:06:31,F3,0.9985,OK,0
2026-03-31 03:06:41,F3,0.9976,OK,0
2026-03-31 03:06:52,F3,0.9968,OK,0
2026-03-31 03:07:02,F3,0.9959,OK,0
2026-03-31 03:07:12,F3,0.9951,OK,0
2026-03-31 03:07:22,F3,0.9943,OK,0
2026-03-31 03:07:33,F3,0.9934,OK,0
2026-03-31 03:07:43,F3,0.9926,OK,0
2026-03-31 03:07:53,F3,0.9918,OK,0
2026-03-31 03:08:03,F3,0.9909,OK,0
2026-03-31 03:08:13,F3,0.9901,OK,0
2026-03-31 03:08:24,F3,0.9893,OK,0
2026-03-31 03:08:34,F3,0.9884,OK,0
2026-03-31 03:08:44,F3,0.9876,OK,0
2026-03-31 03:08:54,F3,0.9868,OK,0
2026-03-31 03:09:05,F3,0.9859,OK,0
2026-03-31 03:09:15,F3,0.9851,OK,0
2026-03-31 03:09:25,F3,0.9843,OK,0
2026-03-31 03:09:35,F3,0.9834,OK,0
2026-03-31 03:09:46,F3,0.9826,OK,0
2026-03-31 03:09:56,F3,0.9818,OK,0
2026-03-31 03:10:06,F3,0.9810,OK,0
2026-03-31 03:10:16,F3,0.9801,OK,0
2026-03-31 03:10:27,F3,0.9793,OK,0
2026-03-31 03:10:37,F3,0.9785,OK,0
2026-03-31 03:10:47,F3,0.9777,OK,0
2026-03-31 03:10:58,F3,0.9769,OK,0
2026-03-31 03:11:08,F3,0.9760,OK,0
2026-03-31 03:11:18,F3,0.9752,OK,0
2026-03-31 03:11:28,F3,0.9744,OK,0
2026-03-31 03:11:39,F3,0.9736,OK,0
2026-03-31 03:11:49,F3,0.9728,OK,0
2026-03-31 03:11:59,F3,0.9720,OK,0
2026-03-31 03:12:09,F3,0.9712,OK,0
2026-03-31 03:12:19,F3,0.9704,OK,0
2026-03-31 03:12:30,F3,0.9696,OK,0
2026-03-31 03:12:40,F3,0.9688,OK,0
2026-03-31 03:12:50,F3,0.9681,OK,0
2026-03-31 03:13:00,F3,0.9673,OK,0
2026-03-31 03:13:11,F3,0.9665,OK,0
2026-03-31 03:13:21,F3,0.9657,OK,0
2026-03-31 03:13:31,F3,0.9649,OK,0
2026-03-31 03:13:41,F3,0.9642,OK,0
2026-03-31 03:13:52,F3,0.9634,OK,0
2026-03-31 03:14:02,F3,0.9626,OK,0
2026-03-31 03:14:12,F3,0.9619,OK,0
2026-03-31 03:14:22,F3,0.9611,OK,0
2026-03-31 03:14:33,F3,0.9603,OK,0
2026-03-31 03:14:43,F3,0.9596,OK,0
2026-03-31 03:14:53,F3,0.9588,OK,0
2026-03-31 03:15:03,F3,0.9581,OK,0
2026-03-31 03:15:14,F3,0.9573,OK,0
2026-03-31 03:15:24,F3,0.9566,OK,0
2026-03-31 03:15:34,F3,0.9558,OK,0
2026-03-31 03:15:44,F3,0.9551,OK,0
2026-03-31 03:15:55,F3,0.9543,OK,0
2026-03-31 03:16:05,F3,0.9536,OK,0
2026-03-31 03:16:15,F3,0.9529,OK,0
2026-03-31 03:16:25,F3,0.9521,OK,0
2026-03-31 03:16:36,F3,0.9514,OK,0
2026-03-31 03:16:46,F3,0.9507,OK,0
2026-03-31 03:16:56,F3,0.9499,OK,0
2026-03-31 03:17:07,F3,0.9492,OK,0
2026-03-31 03:17:17,F3,0.9485,OK,0
2026-03-31 03:17:27,F3,0.9477,OK,0
2026-03-31 03:17:37,F3,0.9470,OK,0
2026-03-31 03:17:47,F3,0.9463,OK,0
2026-03-31 03:17:58,F3,0.9456,OK,0
2026-03-31 03:18:08,F3,0.9449,OK,0
2026-03-31 03:18:18,F3,0.9442,OK,0
2026-03-31 03:18:29,F3,0.9434,OK,0
2026-03-31 03:18:39,F3,0.9427,OK,0
2026-03-31 03:18:49,F3,0.9420,OK,0
2026-03-31 03:18:59,F3,0.9413,OK,0
2026-03-31 03:19:10,F3,0.9407,OK,0
2026-03-31 03:19:20,F3,0.9400,OK,0
2026-03-31 03:19:30,F3,0.9393,OK,0
2026-03-31 03:19:40,F3,0.9386,OK,0
2026-03-31 03:19:51,F3,0.9379,OK,0
2026-03-31 03:20:01,F3,0.9373,OK,0
2026-03-31 03:20:11,F3,0.9366,OK,0
2026-03-31 03:20:21,F3,0.9359,OK,0
2026-03-31 03:20:32,F3,0.9353,OK,0
2026-03-31 03:20:42,F3,0.9346,OK,0
2026-03-31 03:20:52,F3,0.9340,OK,0
2026-03-31 03:21:02,F3,0.9333,OK,0
2026-03-31 03:21:13,F3,0.9327,OK,0
2026-03-31 03:21:23,F3,0.9320,OK,0
2026-03-31 03:21:33,F3,0.9314,OK,0
2026-03-31 03:21:43,F3,0.9308,OK,0
2026-03-31 03:21:54,F3,0.9301,OK,0
2026-03-31 03:22:04,F3,0.9295,OK,0
2026-03-31 03:22:14,F3,0.9289,OK,0
2026-03-31 03:22:24,F3,0.9283,OK,0
2026-03-31 03:22:35,F3,0.9277,OK,0
2026-03-31 03:22:45,F3,0.9271,OK,0
2026-03-31 03:22:55,F3,0.9265,OK,0
2026-03-31 03:23:05,F3,0.9258,OK,0
2026-03-31 03:23:16,F3,0.9252,OK,0
2026-03-31 03:23:26,F3,0.9247,OK,0
2026-03-31 03:23:36,F3,0.9241,OK,0
2026-03-31 03:23:46,F3,0.9235,OK,0
2026-03-31 03:23:57,F3,0.9229,OK,0
2026-03-31 03:24:07,F3,0.9223,OK,0
2026-03-31 03:24:17,F3,0.9217,OK,0
2026-03-31 03:24:27,F3,0.9211,OK,0
2026-03-31 03:24:38,F3,0.9205,OK,0
2026-03-31 03:24:48,F3,0.9200,OK,0
2026-03-31 03:24:58,F3,0.9194,OK,0
2026-03-31 03:25:08,F3,0.9188,OK,0
2026-03-31 03:25:19,F3,0.9183,OK,0
2026-03-31 03:25:29,F3,0.9177,OK,0
2026-03-31 03:25:39,F3,0.9171,OK,0
2026-03-31 03:25:49,F3,0.9166,OK,0
2026-03-31 03:26:00,F3,0.9160,OK,0
2026-03-31 03:26:10,F3,0.9155,OK,0
2026-03-31 03:26:20,F3,0.9149,OK,0
2026-03-31 03:26:30,F3,0.9144,OK,0
2026-03-31 03:26:41,F3,0.9139,OK,0
2026-03-31 03:26:51,F3,0.9133,OK,0
2026-03-31 03:27:01,F3,0.9128,OK,0
2026-03-31 03:27:11,F3,0.9123,OK,0
2026-03-31 03:27:22,F3,0.9118,OK,0
2026-03-31 03:27:32,F3,0.9113,OK,0
2026-03-31 03:27:42,F3,0.9107,OK,0
2026-03-31 03:27:52,F3,0.9102,OK,0
2026-03-31 03:28:03,F3,0.9097,OK,0
2026-03-31 03:28:13,F3,0.9092,OK,0
2026-03-31 03:28:23,F3,0.9088,OK,0
2026-03-31 03:28:33,F3,0.9083,OK,0
2026-03-31 03:28:44,F3,0.9078,OK,0
2026-03-31 03:28:54,F3,0.9073,OK,0
2026-03-31 03:29:04,F3,0.9069,OK,0
2026-03-31 03:29:14,F3,0.9064,OK,0
2026-03-31 03:29:25,F3,0.9059,OK,0
2026-03-31 03:29:35,F3,0.9055,OK,0
2026-03-31 03:29:45,F3,0.9050,OK,0
2026-03-31 03:29:55,F3,0.9046,OK,0
2026-03-31 03:30:06,F3,0.9041,OK,0
2026-03-31 03:30:16,F3,0.9037,OK,0
2026-03-31 03:30:26,F3,0.9033,OK,0
2026-03-31 03:30:36,F3,0.9028,OK,0
2026-03-31 03:30:47,F3,0.9024,OK,0
2026-03-31 03:30:57,F3,0.9020,OK,0
2026-03-31 03:31:07,F3,0.9015,OK,0
2026-03-31 03:31:17,F3,0.9011,OK,0
2026-03-31 03:31:28,F3,0.9007,OK,0
2026-03-31 03:31:38,F3,0.9003,OK,0
2026-03-31 03:31:48,F3,0.8999,OK,0
2026-03-31 03:31:58,F3,0.8995,OK,0
2026-03-31 03:32:09,F3,0.8991,OK,0
2026-03-31 03:32:19,F3,0.8987,OK,0
2026-03-31 03:32:29,F3,0.8983,OK,0
2026-03-31 03:32:39,F3,0.8979,OK,0
2026-03-31 03:32:50,F3,0.8975,OK,0
2026-03-31 03:33:00,F3,0.8971,OK,0
2026-03-31 03:33:10,F3,0.8968,OK,0
2026-03-31 03:33:20,F3,0.8964,OK,0
2026-03-31 03:33:31,F3,0.8960,OK,0
2026-03-31 03:33:41,F3,0.8957,OK,0
2026-03-31 03:33:51,F3,0.8953,OK,0
2026-03-31 03:34:01,F3,0.8949,OK,0
2026-03-31 03:34:12,F3,0.8946,OK,0
2026-03-31 03:34:22,F3,0.8942,OK,0
2026-03-31 03:34:32,F3,0.8939,OK,0
2026-03-31 03:34:42,F3,0.8936,OK,0
2026-03-31 03:34:52,F3,0.8932,OK,0
2026-03-31 03:35:03,F3,0.8929,OK,0
2026-03-31 03:35:13,F3,0.8926,OK,0
2026-03-31 03:35:23,F3,0.8923,OK,0
2026-03-31 03:35:33,F3,0.8920,OK,0
2026-03-31 03:35:44,F3,0.8917,OK,0
2026-03-31 03:35:54,F3,0.8914,OK,0
2026-03-31 03:36:04,F3,0.8911,OK,0
2026-03-31 03:36:14,F3,0.8908,OK,0
2026-03-31 03:36:25,F3,0.8905,OK,0
2026-03-31 03:36:35,F3,0.8902,OK,0
2026-03-31 03:36:45,F3,0.8900,OK,0
2026-03-31 03:36:55,F3,0.8897,OK,0
2026-03-31 03:37:06,F3,0.8894,OK,0
2026-03-31 03:37:16,F3,0.8892,OK,0
2026-03-31 03:37:26,F3,0.8889,OK,0
2026-03-31 03:37:36,F3,0.8887,OK,0
2026-03-31 03:37:47,F3,0.8884,OK,0
2026-03-31 03:37:57,F3,0.8882,OK,0
2026-03-31 03:38:07,F3,0.8880,OK,0
2026-03-31 03:38:17,F3,0.8877,OK,0
2026-03-31 03:38:28,F3,0.8875,OK,0
2026-03-31 03:38:38,F3,0.8873,OK,0
2026-03-31 03:38:48,F3,0.8871,OK,0
2026-03-31 03:38:58,F3,0.8868,OK,0
2026-03-31 03:39:09,F3,0.8866,OK,0
2026-03-31 03:39:19,F3,0.8864,OK,0
2026-03-31 03:39:29,F3,0.8862,OK,0
2026-03-31 03:39:39,F3,0.8860,OK,0
2026-03-31 03:39:50,F3,0.8858,OK,0
2026-03-31 03:40:00,F3,0.8856,OK,0
2026-03-31 03:40:10,F3,0.8855,OK,0
2026-03-31 03:40:20,F3,0.8853,OK,0
2026-03-31 03:40:31,F3,0.8851,OK,0
2026-03-31 03:40:41,F3,0.8849,OK,0
2026-03-31 03:40:51,F3,0.8847,OK,0
2026-03-31 03:41:01,F3,0.8846,OK,0
2026-03-31 03:41:12,F3,0.8844,OK,0
2026-03-31 03:41:22,F3,0.8842,OK,0
2026-03-31 03:41:32,F3,0.8841,OK,0
2026-03-31 03:41:42,F3,0.8839,OK,0
2026-03-31 03:41:53,F3,0.8838,OK,0
2026-03-31 03:42:03,F3,0.8836,OK,0
2026-03-31 03:42:13,F3,0.8835,OK,0
2026-03-31 03:42:23,F3,0.8833,OK,0
2026-03-31 03:42:34,F3,0.8832,OK,0
2026-03-31 03:42:44,F3,0.8831,OK,0
2026-03-31 03:42:54,F3,0.8830,OK,0
2026-03-31 03:43:04,F3,0.8828,OK,0
2026-03-31 03:43:15,F3,0.8827,OK,0
2026-03-31 03:43:25,F3,0.8826,OK,0
2026-03-31 03:43:35,F3,0.8825,OK,0
2026-03-31 03:43:45,F3,0.8824,OK,0
2026-03-31 03:43:55,F3,0.8823,OK,0
2026-03-31 03:44:06,F3,0.8822,OK,0
2026-03-31 03:44:16,F3,0.8822,OK,0
2026-03-31 03:44:26,F3,0.8821,OK,0
2026-03-31 03:44:37,F3,0.8820,OK,0
2026-03-31 03:44:47,F3,0.8819,OK,0
2026-03-31 03:44:57,F3,0.8819,OK,0
2026-03-31 03:45:07,F3,0.8818,OK,0
2026-03-31 03:45:18,F3,0.8817,OK,0
2026-03-31 03:45:28,F3,0.8817,OK,0
2026-03-31 03:45:38,F3,0.8816,OK,0
2026-03-31 03:45:48,F3,0.8816,OK,0
2026-03-31 03:45:59,F3,0.8815,OK,0
2026-03-31 03:46:09,F3,0.8815,OK,0
2026-03-31 03:46:19,F3,0.8814,OK,0
2026-03-31 03:46:29,F3,0.8814,OK,0
2026-03-31 03:46:40,F3,0.8813,OK,0
2026-03-31 03:46:50,F3,0.8813,OK,0
2026-03-31 03:47:00,F3,0.8812,OK,0
2026-03-31 03:47:10,F3,0.8812,OK,0
2026-03-31 03:47:21,F3,0.8812,OK,1
2026-03-31 03:47:31,F3,0.8811,OK,0
2026-03-31 03:47:41,F3,0.8811,OK,0
2026-03-31 03:47:51,F3,0.8811,OK,0
2026-03-31 03:48:01,F3,0.8810,OK,0
2026-03-31 03:48:12,F3,0.8810,OK,0
2026-03-31 03:48:22,F3,0.8810,OK,0
2026-03-31 03:48:32,F3,0.8810,OK,0
2026-03-31 03:48:43,F3,0.8809,OK,0
2026-03-31 03:48:53,F3,0.8809,OK,0
2026-03-31 03:49:03,F3,0.8809,OK,0
2026-03-31 03:49:13,F3,0.8808,OK,0
2026-03-31 03:49:24,F3,0.8808,OK,0
2026-03-31 03:49:34,F3,0.8808,OK,0
2026-03-31 03:49:44,F3,0.8807,OK,0
2026-03-31 03:49:54,F3,0.8807,OK,0
2026-03-31 03:50:05,F3,0.8806,OK,0
2026-03-31 03:50:15,F3,0.8806,OK,0
2026-03-31 03:50:25,F3,0.8805,OK,0
2026-03-31 03:50:35,F3,0.8804,OK,0
2026-03-31 03:50:45,F3,0.8804,OK,0
2026-03-31 03:50:56,F3,0.8803,OK,0
2026-03-31 03:51:06,F3,0.8802,OK,0
2026-03-31 03:51:16,F3,0.8801,OK,0
2026-03-31 03:51:27,F3,0.8800,OK,0
2026-03-31 03:51:37,F3,0.8799,OK,0
2026-03-31 03:51:47,F3,0.8798,OK,0
2026-03-31 03:51:57,F3,0.8797,OK,0
2026-03-31 03:52:08,F3,0.8796,OK,0
2026-03-31 03:52:18,F3,0.8795,OK,0
2026-03-31 03:52:28,F3,0.8793,OK,0
2026-03-31 03:52:38,F3,0.8792,OK,0
2026-03-31 03:52:48,F3,0.8791,OK,0
2026-03-31 03:52:59,F3,0.8789,OK,0
2026-03-31 03:53:09,F3,0.8788,OK,0
2026-03-31 03:53:19,F3,0.8786,OK,0
2026-03-31 03:53:30,F3,0.8785,OK,0
2026-03-31 03:53:40,F3,0.8783,OK,0
2026-03-31 03:53:50,F3,0.8781,OK,0
2026-03-31 03:54:00,F3,0.8780,OK,0
2026-03-31 03:54:11,F3,0.8778,OK,0
2026-03-31 03:54:21,F3,0.8776,OK,0
2026-03-31 03:54:31,F3,0.8774,OK,0
2026-03-31 03:54:41,F3,0.8772,OK,0
2026-03-31 03:54:51,F3,0.8770,OK,0
2026-03-31 03:55:02,F3,0.8768,OK,0
2026-03-31 03:55:12,F3,0.8766,OK,0
2026-03-31 03:55:22,F3,0.8764,OK,0
2026-03-31 03:55:32,F3,0.8762,OK,0
2026-03-31 03:55:43,F3,0.8759,OK,0
2026-03-31 03:55:53,F3,0.8757,OK,0
2026-03-31 03:56:03,F3,0.8755,OK,0
2026-03-31 03:56:13,F3,0.8752,OK,0
2026-03-31 03:56:24,F3,0.8750,OK,0
2026-03-31 03:56:34,F3,0.8748,OK,0
2026-03-31 03:56:44,F3,0.8745,OK,0
2026-03-31 03:56:54,F3,0.8743,OK,0
2026-03-31 03:57:05,F3,0.8740,OK,0
2026-03-31 03:57:15,F3,0.8738,OK,0
2026-03-31 03:57:25,F3,0.8735,OK,0
2026-03-31 03:57:35,F3,0.8733,OK,0
2026-03-31 03:57:46,F3,0.8730,OK,0
2026-03-31 03:57:56,F3,0.8728,OK,0
2026-03-31 03:58:06,F3,0.8725,OK,0
2026-03-31 03:58:16,F3,0.8723,OK,0
2026-03-31 03:58:27,F3,0.8720,OK,0
2026-03-31 03:58:37,F3,0.8718,OK,0
2026-03-31 03:58:47,F3,0.8715,OK,0
2026-03-31 03:58:57,F3,0.8713,OK,0
2026-03-31 03:59:08,F3,0.8710,OK,0
2026-03-31 03:59:18,F3,0.8707,OK,0
2026-03-31 03:59:28,F3,0.8705,OK,0
2026-03-31 03:59:38,F3,0.8702,OK,0
2026-03-31 03:59:49,F3,0.8700,OK,0
2026-03-31 03:59:59,F3,0.8697,OK,0
2026-03-31 04:00:09,F3,0.8695,OK,0
2026-03-31 04:00:20,F3,0.8692,OK,0
2026-03-31 04:00:30,F3,0.8690,OK,0
2026-03-31 04:00:40,F3,0.8687,OK,0
2026-03-31 04:00:50,F3,0.8685,OK,0
2026-03-31 04:01:00,F3,0.8682,OK,0
2026-03-31 04:01:11,F3,0.8679,OK,0
2026-03-31 04:01:21,F3,0.8677,OK,0
2026-03-31 04:01:31,F3,0.8674,OK,0
2026-03-31 04:01:41,F3,0.8672,OK,0
2026-03-31 04:01:52,F3,0.8669,OK,0
2026-03-31 04:02:02,F3,0.8667,OK,0
2026-03-31 04:02:12,F3,0.8664,OK,0
2026-03-31 04:02:23,F3,0.8662,OK,0
2026-03-31 04:02:33,F3,0.8659,OK,0
2026-03-31 04:02:43,F3,0.8656,OK,0
2026-03-31 04:02:53,F3,0.8654,OK,0
2026-03-31 04:03:04,F3,0.8651,OK,0
2026-03-31 04:03:14,F3,0.8649,OK,0
2026-03-31 04:03:24,F3,0.8646,OK,0
2026-03-31 04:03:34,F3,0.8644,OK,0
2026-03-31 04:03:45,F3,0.8641,OK,0
2026-03-31 04:03:55,F3,0.8639,OK,0
2026-03-31 04:04:05,F3,0.8636,OK,0
2026-03-31 04:04:15,F3,0.8634,OK,0
2026-03-31 04:04:26,F3,0.8631,OK,0
2026-03-31 04:04:36,F3,0.8629,OK,0
2026-03-31 04:04:46,F3,0.8626,OK,0
2026-03-31 04:04:56,F3,0.8624,OK,0
2026-03-31 04:05:07,F3,0.8621,OK,0
2026-03-31 04:05:17,F3,0.8619,OK,0
2026-03-31 04:05:27,F3,0.8617,OK,0
2026-03-31 04:05:37,F3,0.8614,OK,0
2026-03-31 04:05:48,F3,0.8612,OK,0
2026-03-31 04:05:58,F3,0.8610,OK,0
2026-03-31 04:06:08,F3,0.8608,OK,0
2026-03-31 04:06:18,F3,0.8605,OK,0
2026-03-31 04:06:29,F3,0.8603,OK,0
2026-03-31 04:06:39,F3,0.8601,OK,0
2026-03-31 04:06:49,F3,0.8599,OK,0
2026-03-31 04:06:59,F3,0.8597,OK,0
2026-03-31 04:07:10,F3,0.8595,OK,0
2026-03-31 04:07:20,F3,0.8593,OK,0
2026-03-31 04:07:30,F3,0.8591,OK,0
2026-03-31 04:07:40,F3,0.8589,OK,0
2026-03-31 04:07:51,F3,0.8587,OK,0
2026-03-31 04:08:01,F3,0.8585,OK,0
2026-03-31 04:08:11,F3,0.8583,OK,0
2026-03-31 04:08:21,F3,0.8581,OK,0
2026-03-31 04:08:32,F3,0.8579,OK,0
2026-03-31 04:08:42,F3,0.8577,OK,0
2026-03-31 04:08:52,F3,0.8575,OK,0
2026-03-31 04:09:02,F3,0.8574,OK,0
2026-03-31 04:09:13,F3,0.8572,OK,0
2026-03-31 04:09:23,F3,0.8570,OK,0
2026-03-31 04:09:33,F3,0.8568,OK,0
2026-03-31 04:09:43,F3,0.8567,OK,0
2026-03-31 04:09:54,F3,0.8565,OK,0
2026-03-31 04:10:04,F3,0.8563,OK,0
2026-03-31 04:10:14,F3,0.8561,OK,0
2026-03-31 04:10:24,F3,0.8560,OK,0
2026-03-31 04:10:35,F3,0.8558,OK,0
2026-03-31 04:10:45,F3,0.8557,OK,0
2026-03-31 04:10:55,F3,0.8555,OK,0
2026-03-31 04:11:05,F3,0.8553,OK,0
2026-03-31 04:11:16,F3,0.8552,OK,0
2026-03-31 04:11:26,F3,0.8550,OK,0
2026-03-31 04:11:36,F3,0.8549,OK,0
2026-03-31 04:11:46,F3,0.8547,OK,0
2026-03-31 04:11:57,F3,0.8546,OK,0
2026-03-31 04:12:07,F3,0.8545,OK,0
2026-03-31 04:12:17,F3,0.8543,OK,0
2026-03-31 04:12:27,F3,0.8542,OK,0
2026-03-31 04:12:38,F3,0.8541,OK,0
2026-03-31 04:12:48,F3,0.8539,OK,0
2026-03-31 04:12:58,F3,0.8538,OK,0
2026-03-31 04:13:08,F3,0.8537,OK,0
2026-03-31 04:13:19,F3,0.8536,OK,0
2026-03-31 04:13:29,F3,0.8535,OK,0
2026-03-31 04:13:39,F3,0.8534,OK,0
2026-03-31 04:13:49,F3,0.8533,OK,0
2026-03-31 04:14:00,F3,0.8532,OK,0
2026-03-31 04:14:10,F3,0.8531,OK,0
2026-03-31 04:14:20,F3,0.8530,OK,0
2026-03-31 04:14:30,F3,0.8529,OK,0
2026-03-31 04:14:41,F3,0.8529,OK,0
2026-03-31 04:14:51,F3,0.8528,OK,0
2026-03-31 04:15:01,F3,0.8527,OK,0
2026-03-31 04:15:11,F3,0.8527,OK,0
2026-03-31 04:15:22,F3,0.8526,OK,0
2026-03-31 04:15:32,F3,0.8526,OK,0
2026-03-31 04:15:42,F3,0.8525,OK,0
2026-03-31 04:15:52,F3,0.8525,OK,0
2026-03-31 04:16:03,F3,0.8524,OK,0
2026-03-31 04:16:13,F3,0.8524,OK,0
2026-03-31 04:16:23,F3,0.8524,OK,0
2026-03-31 04:16:33,F3,0.8523,OK,0
2026-03-31 04:16:44,F3,0.8523,OK,0
2026-03-31 04:16:54,F3,0.8523,OK,0
2026-03-31 04:17:04,F3,0.8522,OK,0
2026-03-31 04:17:14,F3,0.8522,OK,0
2026-03-31 04:17:25,F3,0.8522,OK,0
2026-03-31 04:17:35,F3,0.8522,OK,0
2026-03-31 04:17:45,F3,0.8522,OK,0
2026-03-31 04:17:55,F3,0.8522,OK,0
2026-03-31 04:18:05,F3,0.8522,OK,0
2026-03-31 04:18:16,F3,0.8522,OK,0
2026-03-31 04:18:26,F3,0.8522,OK,0
2026-03-31 04:18:36,F3,0.8522,OK,0
2026-03-31 04:18:46,F3,0.8522,OK,0
2026-03-31 04:18:57,F3,0.8522,OK,0
2026-03-31 04:19:07,F3,0.8522,OK,0
2026-03-31 04:19:17,F3,0.8522,OK,0
2026-03-31 04:19:27,F3,0.8522,OK,0
2026-03-31 04:19:38,F3,0.8522,OK,0
2026-03-31 04:19:48,F3,0.8523,OK,0
2026-03-31 04:19:58,F3,0.8523,OK,0
2026-03-31 04:20:08,F3,0.8523,OK,0
2026-03-31 04:20:19,F3,0.8524,OK,0
2026-03-31 04:20:29,F3,0.8524,OK,0
2026-03-31 04:20:39,F3,0.8524,OK,0
2026-03-31 04:20:49,F3,0.8525,OK,0
2026-03-31 04:21:00,F3,0.8525,OK,0
2026-03-31 04:21:10,F3,0.8526,OK,0
2026-03-31 04:21:20,F3,0.8526,OK,0
2026-03-31 04:21:30,F3,0.8527,OK,0
2026-03-31 04:21:41,F3,0.8527,OK,0
2026-03-31 04:21:51,F3,0.8528,OK,0
2026-03-31 04:22:01,F3,0.8529,OK,0
2026-03-31 04:22:11,F3,0.8529,OK,0
2026-03-31 04:22:22,F3,0.8530,OK,0
2026-03-31 04:22:32,F3,0.8531,OK,0
2026-03-31 04:22:42,F3,0.8532,OK,0
2026-03-31 04:22:52,F3,0.8532,OK,0
2026-03-31 04:23:03,F3,0.8533,OK,0
2026-03-31 04:23:13,F3,0.8534,OK,0
2026-03-31 04:23:23,F3,0.8535,OK,0
2026-03-31 04:23:33,F3,0.8536,OK,0
2026-03-31 04:23:44,F3,0.8537,OK,0
2026-03-31 04:23:54,F3,0.8538,OK,0
2026-03-31 04:24:04,F3,0.8539,OK,0
2026-03-31 04:24:14,F3,0.8540,OK,0
2026-03-31 04:24:25,F3,0.8541,OK,0
2026-03-31 04:24:35,F3,0.8542,OK,0
2026-03-31 04:24:45,F3,0.8543,OK,0
2026-03-31 04:24:55,F3,0.8544,OK,0
2026-03-31 04:25:06,F3,0.8545,OK,0
2026-03-31 04:25:16,F3,0.8546,OK,0
2026-03-31 04:25:26,F3,0.8547,OK,0
2026-03-31 04:25:37,F3,0.8548,OK,0
2026-03-31 04:25:47,F3,0.8549,OK,0
2026-03-31 04:25:57,F3,0.8550,OK,0
2026-03-31 04:26:07,F3,0.8551,OK,0
2026-03-31 04:26:18,F3,0.8552,OK,0
2026-03-31 04:26:28,F3,0.8553,OK,0
2026-03-31 04:26:38,F3,0.8554,OK,0
2026-03-31 04:26:48,F3,0.8556,OK,0
2026-03-31 04:26:59,F3,0.8557,OK,0
2026-03-31 04:27:09,F3,0.8558,OK,0
2026-03-31 04:27:19,F3,0.8559,OK,0
2026-03-31 04:27:29,F3,0.8560,OK,0
2026-03-31 04:27:40,F3,0.8561,OK,0
2026-03-31 04:27:50,F3,0.8563,OK,0
2026-03-31 04:28:00,F3,0.8564,OK,0
2026-03-31 04:28:10,F3,0.8565,OK,0
2026-03-31 04:28:21,F3,0.8566,OK,0
2026-03-31 04:28:31,F3,0.8568,OK,0
2026-03-31 04:28:41,F3,0.8569,OK,0
2026-03-31 04:28:51,F3,0.8570,OK,0
2026-03-31 04:29:02,F3,0.8572,OK,0
2026-03-31 04:29:12,F3,0.8573,OK,0
2026-03-31 04:29:22,F3,0.8574,OK,0
2026-03-31 04:29:32,F3,0.8576,OK,0
2026-03-31 04:29:43,F3,0.8577,OK,0
2026-03-31 04:29:53,F3,0.8579,OK,0
2026-03-31 04:30:03,F3,0.8580,OK,0
2026-03-31 04:30:13,F3,0.8582,OK,0
2026-03-31 04:30:24,F3,0.8583,OK,0
2026-03-31 04:30:34,F3,0.8585,OK,0
2026-03-31 04:30:44,F3,0.8587,OK,0
2026-03-31 04:30:54,F3,0.8588,OK,0
2026-03-31 04:31:05,F3,0.8590,OK,0
2026-03-31 04:31:15,F3,0.8591,OK,0
2026-03-31 04:31:25,F3,0.8593,OK,0
2026-03-31 04:31:35,F3,0.8595,OK,0
2026-03-31 04:31:46,F3,0.8597,OK,0
2026-03-31 04:31:56,F3,0.8598,OK,0
2026-03-31 04:32:06,F3,0.8600,OK,0
2026-03-31 04:32:16,F3,0.8602,OK,0
2026-03-31 04:32:27,F3,0.8603,OK,0
2026-03-31 04:32:37,F3,0.8605,OK,0
2026-03-31 04:32:47,F3,0.8607,OK,0
2026-03-31 04:32:57,F3,0.8609,OK,0
2026-03-31 04:33:08,F3,0.8611,OK,0
2026-03-31 04:33:18,F3,0.8612,OK,0
2026-03-31 04:33:28,F3,0.8614,OK,0
2026-03-31 04:33:38,F3,0.8616,OK,0
2026-03-31 04:33:49,F3,0.8618,OK,0
2026-03-31 04:33:59,F3,0.8620,OK,0
2026-03-31 04:34:09,F3,0.8621,OK,0
2026-03-31 04:34:19,F3,0.8623,OK,0
2026-03-31 04:34:30,F3,0.8625,OK,0
2026-03-31 04:34:40,F3,0.8627,OK,0
2026-03-31 04:34:50,F3,0.8629,OK,0
2026-03-31 04:35:00,F3,0.8631,OK,0
2026-03-31 04:35:11,F3,0.8633,OK,0
2026-03-31 04:35:21,F3,0.8634,OK,0
2026-03-31 04:35:31,F3,0.8636,OK,0
2026-03-31 04:35:42,F3,0.8638,OK,0
2026-03-31 04:35:52,F3,0.8640,OK,0
2026-03-31 04:36:02,F3,0.8642,OK,0
2026-03-31 04:36:12,F3,0.8644,OK,0
2026-03-31 04:36:23,F3,0.8646,OK,0
2026-03-31 04:36:33,F3,0.8648,OK,0
2026-03-31 04:36:43,F3,0.8650,OK,0
2026-03-31 04:36:53,F3,0.8652,OK,0
2026-03-31 04:37:04,F3,0.8655,OK,0
2026-03-31 04:37:14,F3,0.8657,OK,0
2026-03-31 04:37:24,F3,0.8659,OK,0
2026-03-31 04:37:34,F3,0.8661,OK,0
2026-03-31 04:37:45,F3,0.8663,OK,0
2026-03-31 04:37:55,F3,0.8665,OK,0
2026-03-31 04:38:05,F3,0.8668,OK,0
2026-03-31 04:38:15,F3,0.8670,OK,0
2026-03-31 04:38:26,F3,0.8672,OK,0
2026-03-31 04:38:36,F3,0.8674,OK,0
2026-03-31 04:38:46,F3,0.8677,OK,0
2026-03-31 04:38:56,F3,0.8679,OK,0
2026-03-31 04:39:07,F3,0.8681,OK,0
2026-03-31 04:39:17,F3,0.8683,OK,0
2026-03-31 04:39:27,F3,0.8686,OK,0
2026-03-31 04:39:37,F3,0.8688,OK,0
2026-03-31 04:39:48,F3,0.8690,OK,0
2026-03-31 04:39:58,F3,0.8693,OK,0
2026-03-31 04:40:08,F3,0.8695,OK,0
2026-03-31 04:40:18,F3,0.8697,OK,0
2026-03-31 04:40:29,F3,0.8700,OK,0
2026-03-31 04:40:39,F3,0.8702,OK,0
2026-03-31 04:40:49,F3,0.8704,OK,0
2026-03-31 04:40:59,F3,0.8707,OK,0
2026-03-31 04:41:10,F3,0.8709,OK,0
2026-03-31 04:41:20,F3,0.8711,OK,0
2026-03-31 04:41:30,F3,0.8713,OK,0
2026-03-31 04:41:40,F3,0.8716,OK,0
2026-03-31 04:41:51,F3,0.8718,OK,0
2026-03-31 04:42:01,F3,0.8720,OK,0
2026-03-31 04:42:11,F3,0.8723,OK,0
2026-03-31 04:42:21,F3,0.8725,OK,0
2026-03-31 04:42:32,F3,0.8727,OK,0
2026-03-31 04:42:42,F3,0.8729,OK,0
2026-03-31 04:42:52,F3,0.8732,OK,0
2026-03-31 04:43:02,F3,0.8734,OK,0
2026-03-31 04:43:13,F3,0.8736,OK,0
2026-03-31 04:43:23,F3,0.8739,OK,0
2026-03-31 04:43:33,F3,0.8741,OK,0
2026-03-31 04:43:43,F3,0.8743,OK,0
2026-03-31 04:43:54,F3,0.8746,OK,0
2026-03-31 04:44:04,F3,0.8748,OK,0
2026-03-31 04:44:14,F3,0.8750,OK,0
2026-03-31 04:44:24,F3,0.8753,OK,0
2026-03-31 04:44:35,F3,0.8755,OK,0
2026-03-31 04:44:45,F3,0.8757,OK,0
2026-03-31 04:44:55,F3,0.8760,OK,0
2026-03-31 04:45:05,F3,0.8762,OK,0
2026-03-31 04:45:15,F3,0.8764,OK,0
2026-03-31 04:45:26,F3,0.8767,OK,0
2026-03-31 04:45:36,F3,0.8769,OK,0
2026-03-31 04:45:46,F3,0.8772,OK,0
2026-03-31 04:45:56,F3,0.8774,OK,0
2026-03-31 04:46:07,F3,0.8777,OK,0
2026-03-31 04:46:17,F3,0.8779,OK,0
2026-03-31 04:46:27,F3,0.8781,OK,0
2026-03-31 04:46:38,F3,0.8784,OK,0
2026-03-31 04:46:48,F3,0.8786,OK,0
2026-03-31 04:46:58,F3,0.8789,OK,0
2026-03-31 04:47:08,F3,0.8791,OK,0
2026-03-31 04:47:19,F3,0.8794,OK,0
2026-03-31 04:47:29,F3,0.8796,OK,0
2026-03-31 04:47:39,F3,0.8798,OK,0
2026-03-31 04:47:49,F3,0.8801,OK,0
2026-03-31 04:48:00,F3,0.8803,OK,0
2026-03-31 04:48:10,F3,0.8806,OK,0
2026-03-31 04:48:20,F3,0.8808,OK,0
2026-03-31 04:48:30,F3,0.8810,OK,0
2026-03-31 04:48:41,F3,0.8813,OK,0
2026-03-31 04:48:51,F3,0.8815,OK,0
2026-03-31 04:49:01,F3,0.8818,OK,0
2026-03-31 04:49:11,F3,0.8820,OK,0
2026-03-31 04:49:22,F3,0.8822,OK,0
2026-03-31 04:49:32,F3,0.8825,OK,0
2026-03-31 04:49:42,F3,0.8827,OK,0
2026-03-31 04:49:52,F3,0.8829,OK,0
2026-03-31 04:50:03,F3,0.8832,OK,0
2026-03-31 04:50:13,F3,0.8834,OK,0
2026-03-31 04:50:23,F3,0.8836,OK,0
2026-03-31 04:50:33,F3,0.8839,OK,0
2026-03-31 04:50:44,F3,0.8841,OK,0
2026-03-31 04:50:54,F3,0.8844,OK,0
2026-03-31 04:51:04,F3,0.8846,OK,0
2026-03-31 04:51:15,F3,0.8848,OK,0
2026-03-31 04:51:25,F3,0.8851,OK,0
2026-03-31 04:51:35,F3,0.8853,OK,0
2026-03-31 04:51:45,F3,0.8856,OK,0
2026-03-31 04:51:56,F3,0.8858,OK,0
2026-03-31 04:52:06,F3,0.8861,OK,0
2026-03-31 04:52:16,F3,0.8863,OK,0
2026-03-31 04:52:26,F3,0.8866,OK,0
2026-03-31 04:52:37,F3,0.8868,OK,0
2026-03-31 04:52:47,F3,0.8871,OK,0
2026-03-31 04:52:57,F3,0.8873,OK,0
2026-03-31 04:53:07,F3,0.8876,OK,0
2026-03-31 04:53:17,F3,0.8879,OK,0
2026-03-31 04:53:28,F3,0.8881,OK,0
2026-03-31 04:53:38,F3,0.8884,OK,0
2026-03-31 04:53:48,F3,0.8886,OK,0
2026-03-31 04:53:58,F3,0.8889,OK,0
2026-03-31 04:54:09,F3,0.8892,OK,0
2026-03-31 04:54:19,F3,0.8894,OK,0
2026-03-31 04:54:29,F3,0.8897,OK,0
2026-03-31 04:54:39,F3,0.8900,OK,0
2026-03-31 04:54:50,F3,0.8902,OK,0
2026-03-31 04:55:00,F3,0.8905,OK,0
2026-03-31 04:55:10,F3,0.8908,OK,0
2026-03-31 04:55:20,F3,0.8910,OK,0
2026-03-31 04:55:31,F3,0.8913,OK,0
2026-03-31 04:55:41,F3,0.8916,OK,0
2026-03-31 04:55:51,F3,0.8918,OK,0
2026-03-31 04:56:01,F3,0.8921,OK,0
2026-03-31 04:56:12,F3,0.8924,OK,0
2026-03-31 04:56:22,F3,0.8927,OK,0
2026-03-31 04:56:32,F3,0.8929,OK,0
2026-03-31 04:56:42,F3,0.8932,OK,0
2026-03-31 04:56:53,F3,0.8935,OK,0
2026-03-31 04:57:03,F3,0.8937,OK,0
2026-03-31 04:57:13,F3,0.8940,OK,0
2026-03-31 04:57:23,F3,0.8943,OK,0
2026-03-31 04:57:34,F3,0.8945,OK,0
2026-03-31 04:57:44,F3,0.8948,OK,0
2026-03-31 04:57:54,F3,0.8951,OK,0
2026-03-31 04:58:04,F3,0.8953,OK,0
2026-03-31 04:58:15,F3,0.8956,OK,0
2026-03-31 04:58:25,F3,0.8959,OK,0
2026-03-31 04:58:35,F3,0.8961,OK,0
2026-03-31 04:58:45,F3,0.8964,OK,0
2026-03-31 04:58:56,F3,0.8967,OK,0
2026-03-31 04:59:06,F3,0.8969,OK,0
2026-03-31 04:59:16,F3,0.8972,OK,0
2026-03-31 04:59:26,F3,0.8975,OK,0
2026-03-31 04:59:37,F3,0.8978,OK,0
2026-03-31 04:59:47,F3,0.8981,OK,0
2026-03-31 04:59:57,F3,0.8983,OK,0
2026-03-31 05:00:07,F3,0.8986,OK,0
2026-03-31 05:00:18,F3,0.8989,OK,0
2026-03-31 05:00:28,F3,0.8992,OK,0
2026-03-31 05:00:38,F3,0.8995,OK,0
2026-03-31 05:00:48,F3,0.8997,OK,0
2026-03-31 05:00:59,F3,0.9000,OK,0
2026-03-31 05:01:09,F3,0.9003,OK,0
2026-03-31 05:01:19,F3,0.9006,OK,0
2026-03-31 05:01:29,F3,0.9009,OK,0
2026-03-31 05:01:40,F3,0.9012,OK,0
2026-03-31 05:01:50,F3,0.9015,OK,0
2026-03-31 05:02:00,F3,0.9018,OK,0
2026-03-31 05:02:10,F3,0.9021,OK,0
2026-03-31 05:02:20,F3,0.9023,OK,0
2026-03-31 05:02:31,F3,0.9026,OK,0
2026-03-31 05:02:41,F3,0.9029,OK,0
2026-03-31 05:02:51,F3,0.9032,OK,0
2026-03-31 05:03:02,F3,0.9035,OK,0
2026-03-31 05:03:12,F3,0.9038,OK,0
2026-03-31 05:03:22,F3,0.9041,OK,0
2026-03-31 05:03:32,F3,0.9044,OK,0
2026-03-31 05:03:43,F3,0.9047,OK,0
2026-03-31 05:03:53,F3,0.9049,OK,0
2026-03-31 05:04:03,F3,0.9052,OK,0
2026-03-31 05:04:13,F3,0.9055,OK,1
2026-03-31 05:04:24,F3,0.9058,OK,1
2026-03-31 05:04:34,F3,0.9061,OK,1
2026-03-31 05:04:44,F3,0.9063,OK,0
2026-03-31 05:04:54,F3,0.9066,OK,0
2026-03-31 05:05:05,F3,0.9069,OK,0
2026-03-31 05:05:15,F3,0.9072,OK,0
2026-03-31 05:05:25,F3,0.9074,OK,0
2026-03-31 05:05:35,F3,0.9077,OK,0
2026-03-31 05:05:45,F3,0.9079,OK,0
2026-03-31 05:05:56,F3,0.9082,OK,0
2026-03-31 05:06:06,F3,0.9085,OK,0
2026-03-31 05:06:16,F3,0.9087,OK,0
2026-03-31 05:06:26,F3,0.9089,OK,0
2026-03-31 05:06:37,F3,0.9092,OK,0
2026-03-31 05:06:47,F3,0.9094,OK,0
2026-03-31 05:06:57,F3,0.9096,OK,0
2026-03-31 05:07:07,F3,0.9098,OK,0
2026-03-31 05:07:18,F3,0.9100,OK,0
2026-03-31 05:07:28,F3,0.9102,OK,0
2026-03-31 05:07:38,F3,0.9104,OK,0
2026-03-31 05:07:48,F3,0.9106,OK,0
2026-03-31 05:07:59,F3,0.9108,OK,0
2026-03-31 05:08:09,F3,0.9110,OK,0
2026-03-31 05:08:19,F3,0.9111,OK,0
2026-03-31 05:08:29,F3,0.9113,OK,0
2026-03-31 05:08:40,F3,0.9114,OK,0
2026-03-31 05:08:50,F3,0.9116,OK,0
2026-03-31 05:09:00,F3,0.9117,OK,0
2026-03-31 05:09:10,F3,0.9118,OK,0
2026-03-31 05:09:21,F3,0.9119,OK,0
2026-03-31 05:09:31,F3,0.9120,OK,0
2026-03-31 05:09:41,F3,0.9122,OK,0
2026-03-31 05:09:51,F3,0.9122,OK,0
2026-03-31 05:10:02,F3,0.9123,OK,0
2026-03-31 05:10:12,F3,0.9124,OK,0
2026-03-31 05:10:22,F3,0.9125,OK,0
2026-03-31 05:10:32,F3,0.9125,OK,0
2026-03-31 05:10:43,F3,0.9126,OK,0
2026-03-31 05:10:53,F3,0.9127,OK,0
2026-03-31 05:11:03,F3,0.9127,OK,0
2026-03-31 05:11:13,F3,0.9127,OK,0
2026-03-31 05:11:24,F3,0.9128,OK,0
2026-03-31 05:11:34,F3,0.9128,OK,0
2026-03-31 05:11:44,F3,0.9128,OK,0
2026-03-31 05:11:54,F3,0.9128,OK,0
2026-03-31 05:12:05,F3,0.9128,OK,0
2026-03-31 05:12:15,F3,0.9128,OK,0
2026-03-31 05:12:25,F3,0.9128,OK,0
2026-03-31 05:12:35,F3,0.9128,OK,0
2026-03-31 05:12:46,F3,0.9128,OK,0
2026-03-31 05:12:56,F3,0.9128,OK,0
2026-03-31 05:13:06,F3,0.9127,OK,0
2026-03-31 05:13:16,F3,0.9127,OK,0
2026-03-31 05:13:27,F3,0.9127,OK,0
2026-03-31 05:13:37,F3,0.9126,OK,0
2026-03-31 05:13:47,F3,0.9126,OK,0
2026-03-31 05:13:57,F3,0.9125,OK,0
2026-03-31 05:14:08,F3,0.9125,OK,0
2026-03-31 05:14:18,F3,0.9124,OK,0
2026-03-31 05:14:28,F3,0.9124,OK,0
2026-03-31 05:14:38,F3,0.9123,OK,0
2026-03-31 05:14:49,F3,0.9123,OK,0
2026-03-31 05:14:59,F3,0.9122,OK,0
2026-03-31 05:15:09,F3,0.9121,OK,0
2026-03-31 05:15:19,F3,0.9121,OK,0
2026-03-31 05:15:29,F3,0.9120,OK,0
2026-03-31 05:15:40,F3,0.9119,OK,0
2026-03-31 05:15:50,F3,0.9119,OK,0
2026-03-31 05:16:00,F3,0.9118,OK,0
2026-03-31 05:16:10,F3,0.9117,OK,0
2026-03-31 05:16:21,F3,0.9116,OK,0
2026-03-31 05:16:31,F3,0.9115,OK,0
2026-03-31 05:16:41,F3,0.9115,OK,0
2026-03-31 05:16:51,F3,0.9114,OK,0
2026-03-31 05:17:02,F3,0.9113,OK,0
2026-03-31 05:17:12,F3,0.9112,OK,0
2026-03-31 05:17:22,F3,0.9111,OK,0
2026-03-31 05:17:32,F3,0.9110,OK,0
2026-03-31 05:17:43,F3,0.9109,OK,0
2026-03-31 05:17:53,F3,0.9108,OK,0
2026-03-31 05:18:03,F3,0.9107,OK,0
2026-03-31 05:18:13,F3,0.9106,OK,0
2026-03-31 05:18:24,F3,0.9105,OK,0
2026-03-31 05:18:34,F3,0.9104,OK,0
2026-03-31 05:18:44,F3,0.9103,OK,0
2026-03-31 05:18:54,F3,0.9102,OK,0
2026-03-31 05:19:05,F3,0.9101,OK,0
2026-03-31 05:19:15,F3,0.9100,OK,0
2026-03-31 05:19:25,F3,0.9098,OK,0
2026-03-31 05:19:35,F3,0.9097,OK,0
2026-03-31 05:19:46,F3,0.9096,OK,0
2026-03-31 05:19:56,F3,0.9095,OK,0
2026-03-31 05:20:06,F3,0.9094,OK,0
2026-03-31 05:20:16,F3,0.9093,OK,0
2026-03-31 05:20:27,F3,0.9091,OK,0
2026-03-31 05:20:37,F3,0.9090,OK,0
2026-03-31 05:20:47,F3,0.9089,OK,0
2026-03-31 05:20:57,F3,0.9088,OK,0
2026-03-31 05:21:08,F3,0.9086,OK,0
2026-03-31 05:21:18,F3,0.9085,OK,0
2026-03-31 05:21:28,F3,0.9084,OK,0
2026-03-31 05:21:38,F3,0.9083,OK,0
2026-03-31 05:21:49,F3,0.9081,OK,0
2026-03-31 05:21:59,F3,0.9080,OK,0
2026-03-31 05:22:09,F3,0.9079,OK,0
2026-03-31 05:22:19,F3,0.9078,OK,0
2026-03-31 05:22:30,F3,0.9076,OK,0
2026-03-31 05:22:40,F3,0.9075,OK,0
2026-03-31 05:22:50,F3,0.9074,OK,0
2026-03-31 05:23:00,F3,0.9073,OK,0
2026-03-31 05:23:11,F3,0.9072,OK,0
2026-03-31 05:23:21,F3,0.9071,OK,0
2026-03-31 05:23:31,F3,0.9069,OK,0
2026-03-31 05:23:41,F3,0.9068,OK,0
2026-03-31 05:23:52,F3,0.9067,OK,0
2026-03-31 05:24:02,F3,0.9066,OK,0
2026-03-31 05:24:12,F3,0.9065,OK,0
2026-03-31 05:24:22,F3,0.9064,OK,0
2026-03-31 05:24:33,F3,0.9063,OK,0
2026-03-31 05:24:43,F3,0.9062,OK,0
2026-03-31 05:24:53,F3,0.9061,OK,0
2026-03-31 05:25:03,F3,0.9060,OK,0
2026-03-31 05:25:14,F3,0.9059,OK,0
2026-03-31 05:25:24,F3,0.9058,OK,0
2026-03-31 05:25:34,F3,0.9057,OK,0
2026-03-31 05:25:45,F3,0.9056,OK,0
2026-03-31 05:25:55,F3,0.9055,OK,0
2026-03-31 05:26:05,F3,0.9054,OK,0
2026-03-31 05:26:15,F3,0.9052,OK,0
2026-03-31 05:26:26,F3,0.9051,OK,0
2026-03-31 05:26:36,F3,0.9050,OK,0
2026-03-31 05:26:46,F3,0.9049,OK,0
2026-03-31 05:26:56,F3,0.9048,OK,0
2026-03-31 05:27:06,F3,0.9047,OK,0
2026-03-31 05:27:17,F3,0.9046,OK,0
2026-03-31 05:27:27,F3,0.9045,OK,0
2026-03-31 05:27:37,F3,0.9044,OK,0
2026-03-31 05:27:47,F3,0.9043,OK,0
2026-03-31 05:27:58,F3,0.9042,OK,0
2026-03-31 05:28:08,F3,0.9041,OK,0
2026-03-31 05:28:18,F3,0.9040,OK,0
2026-03-31 05:28:28,F3,0.9039,OK,0
2026-03-31 05:28:39,F3,0.9038,OK,0
2026-03-31 05:28:49,F3,0.9037,OK,0
2026-03-31 05:28:59,F3,0.9037,OK,0
2026-03-31 05:29:09,F3,0.9036,OK,0
2026-03-31 05:29:20,F3,0.9035,OK,0
2026-03-31 05:29:30,F3,0.9034,OK,0
2026-03-31 05:29:40,F3,0.9033,OK,0
2026-03-31 05:29:50,F3,0.9032,OK,0
2026-03-31 05:30:01,F3,0.9031,OK,0
2026-03-31 05:30:11,F3,0.9030,OK,0
2026-03-31 05:30:21,F3,0.9030,OK,0
2026-03-31 05:30:31,F3,0.9029,OK,0
2026-03-31 05:30:42,F3,0.9028,OK,0
2026-03-31 05:30:52,F3,0.9027,OK,0
2026-03-31 05:31:02,F3,0.9027,OK,0
2026-03-31 05:31:12,F3,0.9026,OK,0
2026-03-31 05:31:23,F3,0.9025,OK,0
2026-03-31 05:31:33,F3,0.9025,OK,0
2026-03-31 05:31:43,F3,0.9024,OK,0
2026-03-31 05:31:53,F3,0.9023,OK,0
2026-03-31 05:32:04,F3,0.9023,OK,0
2026-03-31 05:32:14,F3,0.9022,OK,0
2026-03-31 05:32:24,F3,0.9022,OK,0
2026-03-31 05:32:34,F3,0.9021,OK,0
2026-03-31 05:32:45,F3,0.9020,OK,0
2026-03-31 05:32:55,F3,0.9020,OK,0
2026-03-31 05:33:05,F3,0.9019,OK,0
2026-03-31 05:33:15,F3,0.9019,OK,0
2026-03-31 05:33:26,F3,0.9018,OK,0
2026-03-31 05:33:36,F3,0.9018,OK,0
2026-03-31 05:33:46,F3,0.9017,OK,0
2026-03-31 05:33:56,F3,0.9017,OK,0
2026-03-31 05:34:07,F3,0.9016,OK,0
2026-03-31 05:34:17,F3,0.9016,OK,0
2026-03-31 05:34:27,F3,0.9015,OK,0
2026-03-31 05:34:37,F3,0.9015,OK,0
2026-03-31 05:34:48,F3,0.9014,OK,0
2026-03-31 05:34:58,F3,0.9014,OK,0
2026-03-31 05:35:08,F3,0.9014,OK,0
2026-03-31 05:35:18,F3,0.9013,OK,0
2026-03-31 05:35:29,F3,0.9013,OK,0
2026-03-31 05:35:39,F3,0.9012,OK,0
2026-03-31 05:35:49,F3,0.9012,OK,0
2026-03-31 05:35:59,F3,0.9011,OK,0
2026-03-31 05:36:10,F3,0.9011,OK,0
2026-03-31 05:36:20,F3,0.9011,OK,0
2026-03-31 05:36:30,F3,0.9010,OK,0
2026-03-31 05:36:40,F3,0.9010,OK,0
2026-03-31 05:36:51,F3,0.9010,OK,0
2026-03-31 05:37:01,F3,0.9009,OK,0
2026-03-31 05:37:11,F3,0.9009,OK,0
2026-03-31 05:37:21,F3,0.9009,OK,0
2026-03-31 05:37:31,F3,0.9008,OK,0
2026-03-31 05:37:42,F3,0.9008,OK,0
2026-03-31 05:37:52,F3,0.9008,OK,0
2026-03-31 05:38:02,F3,0.9008,OK,0
2026-03-31 05:38:12,F3,0.9007,OK,0
2026-03-31 05:38:23,F3,0.9007,OK,0
2026-03-31 05:38:33,F3,0.9007,OK,0
2026-03-31 05:38:43,F3,0.9007,OK,0
2026-03-31 05:38:53,F3,0.9007,OK,0
2026-03-31 05:39:04,F3,0.9007,OK,0
2026-03-31 05:39:14,F3,0.9007,OK,0
2026-03-31 05:39:24,F3,0.9007,OK,0
2026-03-31 05:39:34,F3,0.9007,OK,0
2026-03-31 05:39:45,F3,0.9006,OK,0
2026-03-31 05:39:55,F3,0.9006,OK,0
2026-03-31 05:40:05,F3,0.9006,OK,0
2026-03-31 05:40:15,F3,0.9006,OK,0
2026-03-31 05:40:26,F3,0.9006,OK,0
2026-03-31 05:40:36,F3,0.9006,OK,0
2026-03-31 05:40:46,F3,0.9006,OK,0
2026-03-31 05:40:56,F3,0.9006,OK,0
2026-03-31 05:41:07,F3,0.9006,OK,0
2026-03-31 05:41:17,F3,0.9006,OK,0
2026-03-31 05:41:27,F3,0.9006,OK,0
2026-03-31 05:41:37,F3,0.9007,OK,0
2026-03-31 05:41:48,F3,0.9007,OK,0
2026-03-31 05:41:58,F3,0.9007,OK,0
2026-03-31 05:42:08,F3,0.9007,OK,0
2026-03-31 05:42:18,F3,0.9007,OK,0
2026-03-31 05:42:29,F3,0.9007,OK,0
2026-03-31 05:42:39,F3,0.9007,OK,0
2026-03-31 05:42:49,F3,0.9007,OK,0
2026-03-31 05:42:59,F3,0.9007,OK,0
2026-03-31 05:43:10,F3,0.9007,OK,0
2026-03-31 05:43:20,F3,0.9007,OK,0
2026-03-31 05:43:30,F3,0.9007,OK,0
2026-03-31 05:43:40,F3,0.9007,OK,0
2026-03-31 05:43:51,F3,0.9007,OK,0
2026-03-31 05:44:01,F3,0.9007,OK,0
2026-03-31 05:44:11,F3,0.9007,OK,0
2026-03-31 05:44:21,F3,0.9007,OK,0
2026-03-31 05:44:32,F3,0.9007,OK,0
2026-03-31 05:44:42,F3,0.9007,OK,0
2026-03-31 05:44:52,F3,0.9008,OK,0
2026-03-31 05:45:02,F3,0.9008,OK,0
2026-03-31 05:45:13,F3,0.9008,OK,0
2026-03-31 05:45:23,F3,0.9008,OK,0
2026-03-31 05:45:33,F3,0.9008,OK,0
2026-03-31 05:45:43,F3,0.9008,OK,0
2026-03-31 05:45:54,F3,0.9009,OK,0
2026-03-31 05:46:04,F3,0.9009,OK,0
2026-03-31 05:46:14,F3,0.9009,OK,0
2026-03-31 05:46:24,F3,0.9009,OK,0
2026-03-31 05:46:35,F3,0.9010,OK,0
2026-03-31 05:46:45,F3,0.9010,OK,0
2026-03-31 05:46:55,F3,0.9010,OK,0
2026-03-31 05:47:05,F3,0.9011,OK,0
2026-03-31 05:47:16,F3,0.9011,OK,0
2026-03-31 05:47:26,F3,0.9012,OK,0
2026-03-31 05:47:36,F3,0.9012,OK,0
2026-03-31 05:47:46,F3,0.9012,OK,0
2026-03-31 05:47:57,F3,0.9013,OK,0
2026-03-31 05:48:07,F3,0.9013,OK,0
2026-03-31 05:48:17,F3,0.9014,OK,0
2026-03-31 05:48:27,F3,0.9014,OK,0
2026-03-31 05:48:38,F3,0.9014,OK,0
2026-03-31 05:48:48,F3,0.9015,OK,0
2026-03-31 05:48:58,F3,0.9015,OK,0
2026-03-31 05:49:08,F3,0.9016,OK,0
2026-03-31 05:49:19,F3,0.9016,OK,0
2026-03-31 05:49:29,F3,0.9017,OK,0
2026-03-31 05:49:39,F3,0.9017,OK,0
2026-03-31 05:49:49,F3,0.9017,OK,0
2026-03-31 05:49:59,F3,0.9018,OK,0
2026-03-31 05:50:10,F3,0.9018,OK,0
2026-03-31 05:50:20,F3,0.9019,OK,0
2026-03-31 05:50:30,F3,0.9019,OK,0
2026-03-31 05:50:40,F3,0.9020,OK,0
2026-03-31 05:50:51,F3,0.9020,OK,0
2026-03-31 05:51:01,F3,0.9021,OK,0
2026-03-31 05:51:11,F3,0.9021,OK,0
2026-03-31 05:51:21,F3,0.9022,OK,0
2026-03-31 05:51:32,F3,0.9022,OK,0
2026-03-31 05:51:42,F3,0.9022,OK,0
2026-03-31 05:51:52,F3,0.9023,OK,0
2026-03-31 05:52:02,F3,0.9024,OK,0
2026-03-31 05:52:13,F3,0.9024,OK,0
2026-03-31 05:52:23,F3,0.9025,OK,0
2026-03-31 05:52:33,F3,0.9025,OK,0
2026-03-31 05:52:44,F3,0.9026,OK,0
2026-03-31 05:52:54,F3,0.9026,OK,0
2026-03-31 05:53:04,F3,0.9027,OK,0
2026-03-31 05:53:14,F3,0.9028,OK,0
2026-03-31 05:53:25,F3,0.9028,OK,0
2026-03-31 05:53:35,F3,0.9029,OK,0
2026-03-31 05:53:45,F3,0.9029,OK,0
2026-03-31 05:53:55,F3,0.9030,OK,0
2026-03-31 05:54:06,F3,0.9031,OK,0
2026-03-31 05:54:16,F3,0.9032,OK,0
2026-03-31 05:54:26,F3,0.9032,OK,0
2026-03-31 05:54:36,F3,0.9033,OK,0
2026-03-31 05:54:46,F3,0.9034,OK,0
2026-03-31 05:54:57,F3,0.9034,OK,0
2026-03-31 05:55:07,F3,0.9035,OK,0
2026-03-31 05:55:17,F3,0.9036,OK,0
2026-03-31 05:55:27,F3,0.9037,OK,0
2026-03-31 05:55:38,F3,0.9038,OK,0
2026-03-31 05:55:48,F3,0.9038,OK,0
2026-03-31 05:55:58,F3,0.9039,OK,0
2026-03-31 05:56:08,F3,0.9040,OK,0
2026-03-31 05:56:19,F3,0.9041,OK,0
2026-03-31 05:56:29,F3,0.9042,OK,0
2026-03-31 05:56:39,F3,0.9042,OK,0
2026-03-31 05:56:49,F3,0.9043,OK,0
2026-03-31 05:57:00,F3,0.9044,OK,0
2026-03-31 05:57:10,F3,0.9045,OK,0
2026-03-31 05:57:20,F3,0.9046,OK,0
2026-03-31 05:57:30,F3,0.9046,OK,0
2026-03-31 05:57:41,F3,0.9047,OK,0
2026-03-31 05:57:51,F3,0.9048,OK,0
2026-03-31 05:58:01,F3,0.9049,OK,0
2026-03-31 05:58:11,F3,0.9050,OK,0
2026-03-31 05:58:22,F3,0.9050,OK,0
2026-03-31 05:58:32,F3,0.9051,OK,0
2026-03-31 05:58:42,F3,0.9052,OK,0
2026-03-31 05:58:52,F3,0.9053,OK,0
2026-03-31 05:59:03,F3,0.9054,OK,0
2026-03-31 05:59:13,F3,0.9055,OK,0
2026-03-31 05:59:23,F3,0.9055,OK,0
2026-03-31 05:59:33,F3,0.9056,OK,0
2026-03-31 05:59:44,F3,0.9057,OK,0
2026-03-31 05:59:54,F3,0.9058,OK,0
2026-03-31 06:00:04,F3,0.9059,OK,0
2026-03-31 06:00:14,F3,0.9060,OK,0
2026-03-31 06:00:25,F3,0.9061,OK,0
2026-03-31 06:00:35,F3,0.9062,OK,0
2026-03-31 06:00:45,F3,0.9063,OK,0
2026-03-31 06:00:55,F3,0.9064,OK,0
2026-03-31 06:01:06,F3,0.9065,OK,0
2026-03-31 06:01:16,F3,0.9066,OK,0
2026-03-31 06:01:26,F3,0.9067,OK,0
2026-03-31 06:01:36,F3,0.9068,OK,0
2026-03-31 06:01:47,F3,0.9069,OK,0
2026-03-31 06:01:57,F3,0.9070,OK,0
2026-03-31 06:02:07,F3,0.9071,OK,0
2026-03-31 06:02:17,F3,0.9072,OK,0
2026-03-31 06:02:28,F3,0.9073,OK,0
2026-03-31 06:02:38,F3,0.9074,OK,0
2026-03-31 06:02:48,F3,0.9075,OK,0
2026-03-31 06:02:59,F3,0.9076,OK,0
2026-03-31 06:03:09,F3,0.9077,OK,0
2026-03-31 06:03:19,F3,0.9078,OK,0
2026-03-31 06:03:29,F3,0.9079,OK,0
2026-03-31 06:03:40,F3,0.9081,OK,0
2026-03-31 06:03:50,F3,0.9082,OK,0
2026-03-31 06:04:00,F3,0.9083,OK,0
2026-03-31 06:04:10,F3,0.9084,OK,0
2026-03-31 06:04:21,F3,0.9085,OK,0
2026-03-31 06:04:31,F3,0.9086,OK,0
2026-03-31 06:04:41,F3,0.9087,OK,0
2026-03-31 06:04:51,F3,0.9088,OK,0
2026-03-31 06:05:02,F3,0.9089,OK,0
2026-03-31 06:05:12,F3,0.9090,OK,0
2026-03-31 06:05:22,F3,0.9092,OK,0
2026-03-31 06:05:32,F3,0.9093,OK,0
2026-03-31 06:05:43,F3,0.9094,OK,0
2026-03-31 06:05:53,F3,0.9095,OK,0
2026-03-31 06:06:03,F3,0.9096,OK,0
2026-03-31 06:06:13,F3,0.9097,OK,0
2026-03-31 06:06:24,F3,0.9098,OK,0
2026-03-31 06:06:34,F3,0.9099,OK,0
2026-03-31 06:06:44,F3,0.9100,OK,0
2026-03-31 06:06:54,F3,0.9101,OK,0
2026-03-31 06:07:05,F3,0.9102,OK,0
2026-03-31 06:07:15,F3,0.9103,OK,0
2026-03-31 06:07:25,F3,0.9105,OK,0
2026-03-31 06:07:35,F3,0.9106,OK,0
2026-03-31 06:07:45,F3,0.9107,OK,0
2026-03-31 06:07:56,F3,0.9108,OK,0
2026-03-31 06:08:06,F3,0.9109,OK,0
2026-03-31 06:08:16,F3,0.9110,OK,0
2026-03-31 06:08:26,F3,0.9111,OK,0
2026-03-31 06:08:37,F3,0.9113,OK,0
2026-03-31 06:08:47,F3,0.9114,OK,0
2026-03-31 06:08:57,F3,0.9115,OK,0
2026-03-31 06:09:07,F3,0.9116,OK,0
2026-03-31 06:09:18,F3,0.9118,OK,0
2026-03-31 06:09:28,F3,0.9119,OK,0
2026-03-31 06:09:38,F3,0.9120,OK,0
2026-03-31 06:09:48,F3,0.9121,OK,0
2026-03-31 06:09:59,F3,0.9123,OK,0
2026-03-31 06:10:09,F3,0.9124,OK,0
2026-03-31 06:10:19,F3,0.9125,OK,0
2026-03-31 06:10:29,F3,0.9127,OK,0
2026-03-31 06:10:40,F3,0.9128,OK,0
2026-03-31 06:10:50,F3,0.9129,OK,0
2026-03-31 06:11:00,F3,0.9131,OK,0
2026-03-31 06:11:10,F3,0.9132,OK,0
2026-03-31 06:11:21,F3,0.9133,OK,0
2026-03-31 06:11:31,F3,0.9135,OK,0
2026-03-31 06:11:41,F3,0.9136,OK,0
2026-03-31 06:11:51,F3,0.9138,OK,0
2026-03-31 06:12:02,F3,0.9139,OK,0
2026-03-31 06:12:12,F3,0.9140,OK,0
2026-03-31 06:12:22,F3,0.9142,OK,0
2026-03-31 06:12:32,F3,0.9143,OK,0
2026-03-31 06:12:43,F3,0.9144,OK,0
2026-03-31 06:12:53,F3,0.9146,OK,0
2026-03-31 06:13:03,F3,0.9147,OK,0
2026-03-31 06:13:13,F3,0.9149,OK,0
2026-03-31 06:13:24,F3,0.9150,OK,0
2026-03-31 06:13:34,F3,0.9151,OK,0
2026-03-31 06:13:44,F3,0.9153,OK,0
2026-03-31 06:13:54,F3,0.9154,OK,0
2026-03-31 06:14:05,F3,0.9156,OK,0
2026-03-31 06:14:15,F3,0.9157,OK,0
2026-03-31 06:14:25,F3,0.9159,OK,0
2026-03-31 06:14:35,F3,0.9160,OK,0
2026-03-31 06:14:45,F3,0.9162,OK,0
2026-03-31 06:14:56,F3,0.9163,OK,0
2026-03-31 06:15:06,F3,0.9165,OK,0
2026-03-31 06:15:16,F3,0.9166,OK,0
2026-03-31 06:15:27,F3,0.9168,OK,0
2026-03-31 06:15:37,F3,0.9169,OK,0
2026-03-31 06:15:47,F3,0.9171,OK,0
2026-03-31 06:15:57,F3,0.9173,OK,0
2026-03-31 06:16:07,F3,0.9174,OK,0
2026-03-31 06:16:18,F3,0.9176,OK,0
2026-03-31 06:16:28,F3,0.9178,OK,0
2026-03-31 06:16:38,F3,0.9180,OK,0
2026-03-31 06:16:48,F3,0.9181,OK,0
2026-03-31 06:16:59,F3,0.9183,OK,0
2026-03-31 06:17:09,F3,0.9185,OK,0
2026-03-31 06:17:19,F3,0.9187,OK,0
2026-03-31 06:17:29,F3,0.9189,OK,0
2026-03-31 06:17:40,F3,0.9191,OK,0
2026-03-31 06:17:50,F3,0.9192,OK,0
2026-03-31 06:18:00,F3,0.9194,OK,0
2026-03-31 06:18:10,F3,0.9196,OK,0
2026-03-31 06:18:21,F3,0.9198,OK,0
2026-03-31 06:18:31,F3,0.9200,OK,0
2026-03-31 06:18:41,F3,0.9202,OK,0
2026-03-31 06:18:51,F3,0.9204,OK,0
2026-03-31 06:19:02,F3,0.9206,OK,0
2026-03-31 06:19:12,F3,0.9208,OK,0
2026-03-31 06:19:22,F3,0.9211,OK,0
2026-03-31 06:19:32,F3,0.9213,OK,0
2026-03-31 06:19:43,F3,0.9215,OK,0
2026-03-31 06:19:53,F3,0.9217,OK,0
2026-03-31 06:20:03,F3,0.9219,OK,0
2026-03-31 06:20:13,F3,0.9221,OK,0
2026-03-31 06:20:24,F3,0.9223,OK,0
2026-03-31 06:20:34,F3,0.9226,OK,0
2026-03-31 06:20:44,F3,0.9228,OK,1
2026-03-31 06:20:54,F3,0.9230,OK,0
2026-03-31 06:21:05,F3,0.9232,OK,0
2026-03-31 06:21:15,F3,0.9234,OK,0
2026-03-31 06:21:25,F3,0.9236,OK,0
2026-03-31 06:21:35,F3,0.9239,OK,0
2026-03-31 06:21:46,F3,0.9241,OK,0
2026-03-31 06:21:56,F3,0.9243,OK,0
2026-03-31 06:22:06,F3,0.9245,OK,0
2026-03-31 06:22:16,F3,0.9248,OK,0
2026-03-31 06:22:27,F3,0.9250,OK,0
2026-03-31 06:22:37,F3,0.9252,OK,0
2026-03-31 06:22:47,F3,0.9254,OK,0
2026-03-31 06:22:57,F3,0.9256,OK,0
2026-03-31 06:23:08,F3,0.9258,OK,0
2026-03-31 06:23:18,F3,0.9261,OK,0
2026-03-31 06:23:28,F3,0.9263,OK,0
2026-03-31 06:23:38,F3,0.9265,OK,0
2026-03-31 06:23:49,F3,0.9267,OK,0
2026-03-31 06:23:59,F3,0.9268,OK,0
2026-03-31 06:24:09,F3,0.9270,OK,0
2026-03-31 06:24:19,F3,0.9272,OK,0
2026-03-31 06:24:30,F3,0.9274,OK,0
2026-03-31 06:24:40,F3,0.9276,OK,0
2026-03-31 06:24:50,F3,0.9277,OK,0
2026-03-31 06:25:01,F3,0.9279,OK,0
2026-03-31 06:25:11,F3,0.9280,OK,0
2026-03-31 06:25:21,F3,0.9282,OK,0
2026-03-31 06:25:31,F3,0.9283,OK,0
2026-03-31 06:25:42,F3,0.9284,OK,0
2026-03-31 06:25:52,F3,0.9285,OK,0
2026-03-31 06:26:02,F3,0.9287,OK,0
2026-03-31 06:26:12,F3,0.9288,OK,0
2026-03-31 06:26:23,F3,0.9289,OK,0
2026-03-31 06:26:33,F3,0.9290,OK,0
2026-03-31 06:26:43,F3,0.9290,OK,0
2026-03-31 06:26:53,F3,0.9291,OK,0
2026-03-31 06:27:04,F3,0.9292,OK,0
2026-03-31 06:27:14,F3,0.9293,OK,0
2026-03-31 06:27:24,F3,0.9293,OK,0
2026-03-31 06:27:34,F3,0.9294,OK,0
2026-03-31 06:27:45,F3,0.9294,OK,0
2026-03-31 06:27:55,F3,0.9295,OK,0
2026-03-31 06:28:05,F3,0.9295,OK,0
2026-03-31 06:28:15,F3,0.9295,OK,0
2026-03-31 06:28:26,F3,0.9295,OK,0
2026-03-31 06:28:36,F3,0.9296,OK,0
2026-03-31 06:28:46,F3,0.9296,OK,0
2026-03-31 06:28:56,F3,0.9296,OK,0
2026-03-31 06:29:07,F3,0.9296,OK,0
2026-03-31 06:29:17,F3,0.9296,OK,0
2026-03-31 06:29:27,F3,0.9296,OK,0
2026-03-31 06:29:37,F3,0.9296,OK,0
2026-03-31 06:29:48,F3,0.9295,OK,0
2026-03-31 06:29:58,F3,0.9295,OK,0
2026-03-31 06:30:08,F3,0.9295,OK,0
2026-03-31 06:30:18,F3,0.9295,OK,0
2026-03-31 06:30:29,F3,0.9295,OK,0
2026-03-31 06:30:39,F3,0.9294,OK,0
2026-03-31 06:30:49,F3,0.9294,OK,0
2026-03-31 06:30:59,F3,0.9294,OK,0
2026-03-31 06:31:10,F3,0.9293,OK,0
2026-03-31 06:31:20,F3,0.9293,OK,0
2026-03-31 06:31:30,F3,0.9292,OK,0
2026-03-31 06:31:40,F3,0.9292,OK,0
2026-03-31 06:31:51,F3,0.9292,OK,0
2026-03-31 06:32:01,F3,0.9291,OK,0
2026-03-31 06:32:11,F3,0.9290,OK,0
2026-03-31 06:32:21,F3,0.9290,OK,0
2026-03-31 06:32:32,F3,0.9289,OK,0
2026-03-31 06:32:42,F3,0.9289,OK,0
2026-03-31 06:32:52,F3,0.9288,OK,0
2026-03-31 06:33:02,F3,0.9288,OK,0
2026-03-31 06:33:13,F3,0.9287,OK,0
2026-03-31 06:33:23,F3,0.9286,OK,0
2026-03-31 06:33:33,F3,0.9286,OK,0
2026-03-31 06:33:43,F3,0.9285,OK,0
2026-03-31 06:33:54,F3,0.9284,OK,0
2026-03-31 06:34:04,F3,0.9283,OK,0
2026-03-31 06:34:14,F3,0.9283,OK,0
2026-03-31 06:34:24,F3,0.9282,OK,0
2026-03-31 06:34:35,F3,0.9281,OK,0
2026-03-31 06:34:45,F3,0.9280,OK,0
2026-03-31 06:34:55,F3,0.9279,OK,0
2026-03-31 06:35:05,F3,0.9278,OK,0
2026-03-31 06:35:16,F3,0.9277,OK,0
2026-03-31 06:35:26,F3,0.9276,OK,0
2026-03-31 06:35:36,F3,0.9275,OK,0
2026-03-31 06:35:46,F3,0.9274,OK,0
2026-03-31 06:35:57,F3,0.9273,OK,0
2026-03-31 06:36:07,F3,0.9272,OK,0
2026-03-31 06:36:17,F3,0.9271,OK,0
2026-03-31 06:36:27,F3,0.9270,OK,0
2026-03-31 06:36:37,F3,0.9269,OK,0
2026-03-31 06:36:48,F3,0.9268,OK,0
2026-03-31 06:36:58,F3,0.9267,OK,0
2026-03-31 06:37:08,F3,0.9266,OK,0
2026-03-31 06:37:18,F3,0.9265,OK,0
2026-03-31 06:37:29,F3,0.9264,OK,0
2026-03-31 06:37:39,F3,0.9263,OK,0
2026-03-31 06:37:49,F3,0.9262,OK,0
2026-03-31 06:37:59,F3,0.9261,OK,0
2026-03-31 06:38:10,F3,0.9259,OK,0
2026-03-31 06:38:20,F3,0.9258,OK,0
2026-03-31 06:38:30,F3,0.9257,OK,0
2026-03-31 06:38:40,F3,0.9256,OK,0
2026-03-31 06:38:51,F3,0.9255,OK,0
2026-03-31 06:39:01,F3,0.9254,OK,0
2026-03-31 06:39:11,F3,0.9253,OK,0
2026-03-31 06:39:21,F3,0.9252,OK,0
2026-03-31 06:39:32,F3,0.9251,OK,0
2026-03-31 06:39:42,F3,0.9250,OK,0
2026-03-31 06:39:52,F3,0.9249,OK,0
2026-03-31 06:40:02,F3,0.9248,OK,0
2026-03-31 06:40:13,F3,0.9247,OK,0
2026-03-31 06:40:23,F3,0.9246,OK,0
2026-03-31 06:40:33,F3,0.9245,OK,0
2026-03-31 06:40:43,F3,0.9244,OK,0
2026-03-31 06:40:54,F3,0.9243,OK,0
2026-03-31 06:41:04,F3,0.9242,OK,0
2026-03-31 06:41:14,F3,0.9241,OK,0
2026-03-31 06:41:24,F3,0.9240,OK,0
2026-03-31 06:41:35,F3,0.9239,OK,0
2026-03-31 06:41:45,F3,0.9238,OK,0
2026-03-31 06:41:55,F3,0.9237,OK,0
2026-03-31 06:42:05,F3,0.9236,OK,0
2026-03-31 06:42:16,F3,0.9235,OK,0
2026-03-31 06:42:26,F3,0.9234,OK,0
2026-03-31 06:42:36,F3,0.9233,OK,0
2026-03-31 06:42:46,F3,0.9232,OK,0
2026-03-31 06:42:57,F3,0.9232,OK,0
2026-03-31 06:43:07,F3,0.9231,OK,0
2026-03-31 06:43:17,F3,0.9230,OK,0
2026-03-31 06:43:27,F3,0.9229,OK,0
2026-03-31 06:43:38,F3,0.9228,OK,0
2026-03-31 06:43:48,F3,0.9227,OK,0
2026-03-31 06:43:58,F3,0.9226,OK,0
2026-03-31 06:44:08,F3,0.9225,OK,0
2026-03-31 06:44:19,F3,0.9224,OK,0
2026-03-31 06:44:29,F3,0.9223,OK,0
2026-03-31 06:44:39,F3,0.9222,OK,0
2026-03-31 06:44:49,F3,0.9221,OK,0
2026-03-31 06:45:00,F3,0.9220,OK,0
2026-03-31 06:45:10,F3,0.9219,OK,0
2026-03-31 06:45:20,F3,0.9218,OK,0
2026-03-31 06:45:30,F3,0.9217,OK,0
2026-03-31 06:45:41,F3,0.9216,OK,0
2026-03-31 06:45:51,F3,0.9216,OK,0
2026-03-31 06:46:01,F3,0.9215,OK,0
2026-03-31 06:46:11,F3,0.9214,OK,0
2026-03-31 06:46:22,F3,0.9213,OK,0
2026-03-31 06:46:32,F3,0.9212,OK,0
2026-03-31 06:46:42,F3,0.9212,OK,0
2026-03-31 06:46:52,F3,0.9211,OK,0
2026-03-31 06:47:03,F3,0.9210,OK,0
2026-03-31 06:47:13,F3,0.9209,OK,0
2026-03-31 06:47:23,F3,0.9209,OK,0
2026-03-31 06:47:33,F3,0.9208,OK,0
2026-03-31 06:47:44,F3,0.9208,OK,0
2026-03-31 06:47:54,F3,0.9207,OK,0
2026-03-31 06:48:04,F3,0.9206,OK,0
2026-03-31 06:48:14,F3,0.9206,OK,0
2026-03-31 06:48:25,F3,0.9205,OK,0
2026-03-31 06:48:35,F3,0.9205,OK,0
2026-03-31 06:48:45,F3,0.9204,OK,0
2026-03-31 06:48:55,F3,0.9203,OK,0
2026-03-31 06:49:06,F3,0.9203,OK,0
2026-03-31 06:49:16,F3,0.9202,OK,0
2026-03-31 06:49:26,F3,0.9202,OK,0
2026-03-31 06:49:36,F3,0.9201,OK,0
2026-03-31 06:49:47,F3,0.9201,OK,0
2026-03-31 06:49:57,F3,0.9200,OK,0
2026-03-31 06:50:07,F3,0.9200,OK,0
2026-03-31 06:50:17,F3,0.9199,OK,0
2026-03-31 06:50:28,F3,0.9199,OK,0
2026-03-31 06:50:38,F3,0.9198,OK,0
2026-03-31 06:50:48,F3,0.9198,OK,0
2026-03-31 06:50:58,F3,0.9197,OK,0
2026-03-31 06:51:08,F3,0.9197,OK,0
2026-03-31 06:51:19,F3,0.9196,OK,0
2026-03-31 06:51:29,F3,0.9196,OK,0
2026-03-31 06:51:39,F3,0.9195,OK,0
2026-03-31 06:51:49,F3,0.9195,OK,0
2026-03-31 06:52:00,F3,0.9195,OK,0
2026-03-31 06:52:10,F3,0.9194,OK,0
2026-03-31 06:52:20,F3,0.9194,OK,0
2026-03-31 06:52:30,F3,0.9193,OK,0
2026-03-31 06:52:41,F3,0.9193,OK,0
2026-03-31 06:52:51,F3,0.9192,OK,0
2026-03-31 06:53:01,F3,0.9192,OK,0
2026-03-31 06:53:12,F3,0.9192,OK,0
2026-03-31 06:53:22,F3,0.9191,OK,0
2026-03-31 06:53:32,F3,0.9191,OK,0
2026-03-31 06:53:42,F3,0.9191,OK,0
2026-03-31 06:53:53,F3,0.9190,OK,0
2026-03-31 06:54:03,F3,0.9190,OK,0
2026-03-31 06:54:13,F3,0.9190,OK,0
2026-03-31 06:54:23,F3,0.9189,OK,0
2026-03-31 06:54:34,F3,0.9189,OK,0
2026-03-31 06:54:44,F3,0.9189,OK,0
2026-03-31 06:54:54,F3,0.9189,OK,0
2026-03-31 06:55:04,F3,0.9188,OK,0
2026-03-31 06:55:15,F3,0.9188,OK,0
2026-03-31 06:55:25,F3,0.9188,OK,0
2026-03-31 06:55:35,F3,0.9188,OK,0
2026-03-31 06:55:45,F3,0.9188,OK,0
2026-03-31 06:55:56,F3,0.9187,OK,0
2026-03-31 06:56:06,F3,0.9187,OK,0
2026-03-31 06:56:16,F3,0.9187,OK,0
2026-03-31 06:56:26,F3,0.9187,OK,0
2026-03-31 06:56:37,F3,0.9187,OK,0
2026-03-31 06:56:47,F3,0.9187,OK,0
2026-03-31 06:56:57,F3,0.9187,OK,0
2026-03-31 06:57:08,F3,0.9186,OK,0
2026-03-31 06:57:18,F3,0.9186,OK,0
2026-03-31 06:57:28,F3,0.9186,OK,0
2026-03-31 06:57:38,F3,0.9186,OK,0
2026-03-31 06:57:48,F3,0.9186,OK,0
2026-03-31 06:57:59,F3,0.9186,OK,0
2026-03-31 06:58:09,F3,0.9185,OK,0
2026-03-31 06:58:19,F3,0.9185,OK,0
2026-03-31 06:58:29,F3,0.9185,OK,0
2026-03-31 06:58:40,F3,0.9185,OK,0
2026-03-31 06:58:50,F3,0.9185,OK,0
2026-03-31 06:59:00,F3,0.9185,OK,0
2026-03-31 06:59:11,F3,0.9184,OK,0
2026-03-31 06:59:21,F3,0.9184,OK,0
2026-03-31 06:59:31,F3,0.9184,OK,0
2026-03-31 06:59:41,F3,0.9184,OK,0
2026-03-31 06:59:52,F3,0.9184,OK,0
2026-03-31 07:00:02,F3,0.9184,OK,0
2026-03-31 07:00:12,F3,0.9184,OK,0
2026-03-31 07:00:22,F3,0.9183,OK,0
2026-03-31 07:00:33,F3,0.9183,OK,0
2026-03-31 07:00:43,F3,0.9183,OK,0
2026-03-31 07:00:53,F3,0.9183,OK,0
2026-03-31 07:01:03,F3,0.9183,OK,0
2026-03-31 07:01:14,F3,0.9183,OK,0
2026-03-31 07:01:24,F3,0.9183,OK,0
2026-03-31 07:01:34,F3,0.9183,OK,0
2026-03-31 07:01:44,F3,0.9183,OK,0
2026-03-31 07:01:55,F3,0.9183,OK,0
2026-03-31 07:02:05,F3,0.9182,OK,0
2026-03-31 07:02:15,F3,0.9182,OK,0
2026-03-31 07:02:25,F3,0.9182,OK,0
2026-03-31 07:02:36,F3,0.9182,OK,0
2026-03-31 07:02:46,F3,0.9182,OK,0
2026-03-31 07:02:56,F3,0.9182,OK,0
2026-03-31 07:03:07,F3,0.9182,OK,0
2026-03-31 07:03:17,F3,0.9182,OK,0
2026-03-31 07:03:27,F3,0.9182,OK,0
2026-03-31 07:03:37,F3,0.9182,OK,0
2026-03-31 07:03:48,F3,0.9182,OK,0
2026-03-31 07:03:58,F3,0.9182,OK,0
2026-03-31 07:04:08,F3,0.9182,OK,0
2026-03-31 07:04:18,F3,0.9182,OK,0
2026-03-31 07:04:29,F3,0.9182,OK,0
2026-03-31 07:04:39,F3,0.9182,OK,0
2026-03-31 07:04:49,F3,0.9182,OK,0
2026-03-31 07:04:59,F3,0.9182,OK,0
2026-03-31 07:05:10,F3,0.9181,OK,0
2026-03-31 07:05:20,F3,0.9181,OK,0
2026-03-31 07:05:30,F3,0.9181,OK,0
2026-03-31 07:05:40,F3,0.9181,OK,0
2026-03-31 07:05:51,F3,0.9181,OK,0
2026-03-31 07:06:01,F3,0.9181,OK,0
2026-03-31 07:06:11,F3,0.9181,OK,0
2026-03-31 07:06:21,F3,0.9181,OK,0
2026-03-31 07:06:32,F3,0.9180,OK,0
2026-03-31 07:06:42,F3,0.9180,OK,0
2026-03-31 07:06:52,F3,0.9180,OK,0
2026-03-31 07:07:02,F3,0.9180,OK,0
2026-03-31 07:07:13,F3,0.9180,OK,0
2026-03-31 07:07:23,F3,0.9179,OK,0
2026-03-31 07:07:33,F3,0.9179,OK,0
2026-03-31 07:07:43,F3,0.9179,OK,0
2026-03-31 07:07:54,F3,0.9179,OK,0
2026-03-31 07:08:04,F3,0.9179,OK,0
2026-03-31 07:08:14,F3,0.9179,OK,0
2026-03-31 07:08:24,F3,0.9178,OK,0
2026-03-31 07:08:35,F3,0.9178,OK,0
2026-03-31 07:08:45,F3,0.9178,OK,0
2026-03-31 07:08:55,F3,0.9178,OK,0
2026-03-31 07:09:05,F3,0.9178,OK,0
2026-03-31 07:09:16,F3,0.9178,OK,0
2026-03-31 07:09:26,F3,0.9177,OK,0
2026-03-31 07:09:36,F3,0.9177,OK,0
2026-03-31 07:09:46,F3,0.9177,OK,0
2026-03-31 07:09:57,F3,0.9177,OK,0
2026-03-31 07:10:07,F3,0.9177,OK,0
2026-03-31 07:10:17,F3,0.9177,OK,0
2026-03-31 07:10:27,F3,0.9176,OK,0
2026-03-31 07:10:38,F3,0.9176,OK,0
2026-03-31 07:10:48,F3,0.9176,OK,0
2026-03-31 07:10:58,F3,0.9176,OK,0
2026-03-31 07:11:09,F3,0.9176,OK,0
2026-03-31 07:11:19,F3,0.9176,OK,0
2026-03-31 07:11:29,F3,0.9176,OK,0
2026-03-31 07:11:39,F3,0.9175,OK,0
2026-03-31 07:11:50,F3,0.9175,OK,0
2026-03-31 07:12:00,F3,0.9175,OK,0
2026-03-31 07:12:10,F3,0.9175,OK,0
2026-03-31 07:12:20,F3,0.9175,OK,0
2026-03-31 07:12:31,F3,0.9174,OK,0
2026-03-31 07:12:41,F3,0.9174,OK,0
2026-03-31 07:12:51,F3,0.9174,OK,0
2026-03-31 07:13:01,F3,0.9173,OK,0
2026-03-31 07:13:12,F3,0.9173,OK,0
2026-03-31 07:13:22,F3,0.9173,OK,0
2026-03-31 07:13:32,F3,0.9172,OK,0
2026-03-31 07:13:42,F3,0.9172,OK,0
2026-03-31 07:13:52,F3,0.9172,OK,0
2026-03-31 07:14:03,F3,0.9171,OK,0
2026-03-31 07:14:13,F3,0.9171,OK,0
2026-03-31 07:14:23,F3,0.9171,OK,0
2026-03-31 07:14:33,F3,0.9170,OK,0
2026-03-31 07:14:44,F3,0.9170,OK,0
2026-03-31 07:14:54,F3,0.9169,OK,0
2026-03-31 07:15:04,F3,0.9169,OK,0
2026-03-31 07:15:14,F3,0.9169,OK,0
2026-03-31 07:15:25,F3,0.9168,OK,0
2026-03-31 07:15:35,F3,0.9168,OK,0
2026-03-31 07:15:45,F3,0.9167,OK,0
2026-03-31 07:15:55,F3,0.9167,OK,0
2026-03-31 07:16:06,F3,0.9167,OK,0
2026-03-31 07:16:16,F3,0.9166,OK,0
2026-03-31 07:16:26,F3,0.9166,OK,0
2026-03-31 07:16:36,F3,0.9165,OK,0
2026-03-31 07:16:47,F3,0.9165,OK,0
2026-03-31 07:16:57,F3,0.9164,OK,0
2026-03-31 07:17:07,F3,0.9164,OK,0
2026-03-31 07:17:18,F3,0.9164,OK,0
2026-03-31 07:17:28,F3,0.9163,OK,0
2026-03-31 07:17:38,F3,0.9163,OK,0
2026-03-31 07:17:48,F3,0.9162,OK,0
2026-03-31 07:17:58,F3,0.9162,OK,0
2026-03-31 07:18:09,F3,0.9161,OK,0
2026-03-31 07:18:19,F3,0.9161,OK,0
2026-03-31 07:18:29,F3,0.9161,OK,0
2026-03-31 07:18:39,F3,0.9160,OK,0
2026-03-31 07:18:50,F3,0.9160,OK,0
2026-03-31 07:19:00,F3,0.9159,OK,0
2026-03-31 07:19:10,F3,0.9159,OK,0
2026-03-31 07:19:21,F3,0.9158,OK,0
2026-03-31 07:19:31,F3,0.9158,OK,0
2026-03-31 07:19:41,F3,0.9157,OK,0
2026-03-31 07:19:51,F3,0.9157,OK,0
2026-03-31 07:20:02,F3,0.9156,OK,0
2026-03-31 07:20:12,F3,0.9156,OK,0
2026-03-31 07:20:22,F3,0.9155,OK,0
2026-03-31 07:20:32,F3,0.9154,OK,0
2026-03-31 07:20:43,F3,0.9154,OK,0
2026-03-31 07:20:53,F3,0.9153,OK,0
2026-03-31 07:21:03,F3,0.9153,OK,0
2026-03-31 07:21:13,F3,0.9152,OK,0
2026-03-31 07:21:24,F3,0.9151,OK,0
2026-03-31 07:21:34,F3,0.9151,OK,0
2026-03-31 07:21:44,F3,0.9150,OK,0
2026-03-31 07:21:54,F3,0.9149,OK,0
2026-03-31 07:22:05,F3,0.9149,OK,0
2026-03-31 07:22:15,F3,0.9148,OK,0
2026-03-31 07:22:25,F3,0.9147,OK,0
2026-03-31 07:22:35,F3,0.9147,OK,0
2026-03-31 07:22:46,F3,0.9146,OK,0
2026-03-31 07:22:56,F3,0.9145,OK,0
2026-03-31 07:23:06,F3,0.9145,OK,0
2026-03-31 07:23:16,F3,0.9144,OK,0
2026-03-31 07:23:27,F3,0.9143,OK,0
2026-03-31 07:23:37,F3,0.9143,OK,0
2026-03-31 07:23:47,F3,0.9142,OK,0
2026-03-31 07:23:57,F3,0.9141,OK,0
2026-03-31 07:24:08,F3,0.9141,OK,0
2026-03-31 07:24:18,F3,0.9140,OK,0
2026-03-31 07:24:28,F3,0.9139,OK,0
2026-03-31 07:24:38,F3,0.9139,OK,0
2026-03-31 07:24:50,F3,0.9138,OK,0
2026-03-31 07:25:00,F3,0.9137,OK,0
2026-03-31 07:25:11,F3,0.9137,OK,0
2026-03-31 07:25:21,F3,0.9136,OK,0
2026-03-31 07:25:31,F3,0.9135,OK,0
2026-03-31 07:25:41,F3,0.9135,OK,0
2026-03-31 07:25:51,F3,0.9134,OK,0
2026-03-31 07:26:02,F3,0.9133,OK,0
2026-03-31 07:26:12,F3,0.9133,OK,0
2026-03-31 07:26:22,F3,0.9132,OK,0
2026-03-31 07:26:32,F3,0.9131,OK,0
2026-03-31 07:26:43,F3,0.9131,OK,0
2026-03-31 07:26:53,F3,0.9130,OK,0
2026-03-31 07:27:03,F3,0.9129,OK,0
2026-03-31 07:27:13,F3,0.9129,OK,0
2026-03-31 07:27:24,F3,0.9128,OK,0
2026-03-31 07:27:34,F3,0.9127,OK,0
2026-03-31 07:27:44,F3,0.9127,OK,0
2026-03-31 07:27:54,F3,0.9126,OK,0
2026-03-31 07:28:05,F3,0.9125,OK,0
2026-03-31 07:28:15,F3,0.9124,OK,0
2026-03-31 07:28:25,F3,0.9123,OK,0
2026-03-31 07:28:35,F3,0.9123,OK,0
2026-03-31 07:28:46,F3,0.9122,OK,0
2026-03-31 07:28:56,F3,0.9121,OK,0
2026-03-31 07:29:06,F3,0.9120,OK,0
2026-03-31 07:29:17,F3,0.9119,OK,0
2026-03-31 07:29:27,F3,0.9119,OK,0
2026-03-31 07:29:37,F3,0.9118,OK,0
2026-03-31 07:29:47,F3,0.9117,OK,0
2026-03-31 07:29:58,F3,0.9116,OK,0
2026-03-31 07:30:08,F3,0.9115,OK,0
2026-03-31 07:30:18,F3,0.9114,OK,0
2026-03-31 07:30:28,F3,0.9114,OK,0
2026-03-31 07:30:39,F3,0.9113,OK,0
2026-03-31 07:30:49,F3,0.9112,OK,0
2026-03-31 07:30:59,F3,0.9111,OK,0
2026-03-31 07:31:09,F3,0.9110,OK,0
2026-03-31 07:31:20,F3,0.9109,OK,0
2026-03-31 07:31:30,F3,0.9109,OK,0
2026-03-31 07:31:40,F3,0.9108,OK,0
2026-03-31 07:31:50,F3,0.9107,OK,0
2026-03-31 07:32:01,F3,0.9106,OK,0
2026-03-31 07:32:11,F3,0.9106,OK,0
2026-03-31 07:32:21,F3,0.9105,OK,0
2026-03-31 07:32:31,F3,0.9104,OK,0
2026-03-31 07:32:42,F3,0.9103,OK,0
2026-03-31 07:32:52,F3,0.9103,OK,0
2026-03-31 07:33:02,F3,0.9102,OK,0
2026-03-31 07:33:12,F3,0.9101,OK,0
2026-03-31 07:33:23,F3,0.9100,OK,0
2026-03-31 07:33:33,F3,0.9100,OK,0
2026-03-31 07:33:43,F3,0.9099,OK,0
2026-03-31 07:33:53,F3,0.9098,OK,0
2026-03-31 07:34:04,F3,0.9098,OK,0
2026-03-31 07:34:14,F3,0.9097,OK,0
2026-03-31 07:34:24,F3,0.9096,OK,0
2026-03-31 07:34:34,F3,0.9095,OK,0
2026-03-31 07:34:45,F3,0.9095,OK,0
2026-03-31 07:34:55,F3,0.9094,OK,0
2026-03-31 07:35:05,F3,0.9093,OK,0
2026-03-31 07:35:15,F3,0.9093,OK,0
2026-03-31 07:35:26,F3,0.9092,OK,0
2026-03-31 07:35:36,F3,0.9091,OK,0
2026-03-31 07:35:46,F3,0.9090,OK,0
2026-03-31 07:35:56,F3,0.9090,OK,0
2026-03-31 07:36:06,F3,0.9089,OK,0
2026-03-31 07:36:17,F3,0.9088,OK,0
2026-03-31 07:36:27,F3,0.9087,OK,0
2026-03-31 07:36:37,F3,0.9087,OK,0
2026-03-31 07:36:47,F3,0.9086,OK,0
2026-03-31 07:36:58,F3,0.9085,OK,0
2026-03-31 07:37:08,F3,0.9084,OK,0
2026-03-31 07:37:18,F3,0.9084,OK,0
2026-03-31 07:37:28,F3,0.9083,OK,0
2026-03-31 07:37:39,F3,0.9082,OK,0
2026-03-31 07:37:49,F3,0.9081,OK,0
2026-03-31 07:37:59,F3,0.9081,OK,0
2026-03-31 07:38:09,F3,0.9080,OK,0
2026-03-31 07:38:20,F3,0.9079,OK,0
2026-03-31 07:38:30,F3,0.9078,OK,0
2026-03-31 07:38:40,F3,0.9078,OK,0
2026-03-31 07:38:51,F3,0.9077,OK,0
2026-03-31 07:39:01,F3,0.9076,OK,0
2026-03-31 07:39:11,F3,0.9076,OK,0
2026-03-31 07:39:21,F3,0.9075,OK,0
2026-03-31 07:39:31,F3,0.9074,OK,0
2026-03-31 07:39:42,F3,0.9074,OK,0
2026-03-31 07:39:52,F3,0.9073,OK,0
2026-03-31 07:40:02,F3,0.9072,OK,0
2026-03-31 07:40:13,F3,0.9072,OK,0
2026-03-31 07:40:23,F3,0.9071,OK,0
2026-03-31 07:40:33,F3,0.9071,OK,0
2026-03-31 07:40:43,F3,0.9070,OK,0
2026-03-31 07:40:53,F3,0.9069,OK,0
2026-03-31 07:41:04,F3,0.9069,OK,0
2026-03-31 07:41:14,F3,0.9068,OK,0
2026-03-31 07:41:24,F3,0.9068,OK,0
2026-03-31 07:41:35,F3,0.9067,OK,0
2026-03-31 07:41:45,F3,0.9066,OK,0
2026-03-31 07:41:55,F3,0.9066,OK,0
2026-03-31 07:42:05,F3,0.9065,OK,0
2026-03-31 07:42:16,F3,0.9065,OK,0
2026-03-31 07:42:26,F3,0.9064,OK,0
2026-03-31 07:42:36,F3,0.9063,OK,0
2026-03-31 07:42:46,F3,0.9063,OK,0
2026-03-31 07:42:57,F3,0.9062,OK,0
2026-03-31 07:43:07,F3,0.9062,OK,0
2026-03-31 07:43:17,F3,0.9061,OK,0
2026-03-31 07:43:27,F3,0.9060,OK,0
2026-03-31 07:43:38,F3,0.9060,OK,0
2026-03-31 07:43:48,F3,0.9059,OK,0
2026-03-31 07:43:58,F3,0.9058,OK,0
2026-03-31 07:44:08,F3,0.9058,OK,0
2026-03-31 07:44:19,F3,0.9057,OK,0
2026-03-31 07:44:29,F3,0.9056,OK,0
2026-03-31 07:44:39,F3,0.9056,OK,0
2026-03-31 07:44:49,F3,0.9055,OK,0
2026-03-31 07:45:00,F3,0.9054,OK,0
2026-03-31 07:45:10,F3,0.9054,OK,0
2026-03-31 07:45:20,F3,0.9053,OK,0
2026-03-31 07:45:30,F3,0.9053,OK,0
2026-03-31 07:45:41,F3,0.9052,OK,0
2026-03-31 07:45:51,F3,0.9051,OK,0
2026-03-31 07:46:01,F3,0.9051,OK,0
2026-03-31 07:46:11,F3,0.9050,OK,0
2026-03-31 07:46:22,F3,0.9049,OK,0
2026-03-31 07:46:32,F3,0.9049,OK,0
2026-03-31 07:46:42,F3,0.9048,OK,0
2026-03-31 07:46:52,F3,0.9048,OK,0
2026-03-31 07:47:03,F3,0.9047,OK,0
2026-03-31 07:47:13,F3,0.9047,OK,0
2026-03-31 07:47:23,F3,0.9046,OK,0
2026-03-31 07:47:33,F3,0.9046,OK,0
2026-03-31 07:47:44,F3,0.9045,OK,0
2026-03-31 07:47:54,F3,0.9045,OK,0
2026-03-31 07:48:04,F3,0.9044,OK,0
2026-03-31 07:48:14,F3,0.9043,OK,0
2026-03-31 07:48:24,F3,0.9043,OK,0
2026-03-31 07:48:35,F3,0.9042,OK,0
2026-03-31 07:48:45,F3,0.9042,OK,0
2026-03-31 07:48:55,F3,0.9041,OK,0
2026-03-31 07:49:05,F3,0.9041,OK,0
2026-03-31 07:49:16,F3,0.9040,OK,0
2026-03-31 07:49:26,F3,0.9040,OK,0
2026-03-31 07:49:36,F3,0.9039,OK,0
2026-03-31 07:49:47,F3,0.9039,OK,0
2026-03-31 07:49:57,F3,0.9038,OK,0
2026-03-31 07:50:07,F3,0.9038,OK,0
2026-03-31 07:50:17,F3,0.9037,OK,0
2026-03-31 07:50:28,F3,0.9036,OK,0
2026-03-31 07:50:38,F3,0.9036,OK,0
2026-03-31 07:50:48,F3,0.9035,OK,0
2026-03-31 07:50:58,F3,0.9035,OK,0
2026-03-31 07:51:09,F3,0.9034,OK,0
2026-03-31 07:51:19,F3,0.9034,OK,0
2026-03-31 07:51:29,F3,0.9033,OK,0
2026-03-31 07:51:39,F3,0.9032,OK,0
2026-03-31 07:51:50,F3,0.9032,OK,0
2026-03-31 07:52:00,F3,0.9031,OK,0
2026-03-31 07:52:10,F3,0.9030,OK,0
2026-03-31 07:52:20,F3,0.9030,OK,0
2026-03-31 07:52:31,F3,0.9029,OK,0
2026-03-31 07:52:41,F3,0.9028,OK,0
2026-03-31 07:52:51,F3,0.9028,OK,0
2026-03-31 07:53:01,F3,0.9027,OK,0
2026-03-31 07:53:11,F3,0.9026,OK,0
2026-03-31 07:53:22,F3,0.9026,OK,0
2026-03-31 07:53:32,F3,0.9025,OK,0
2026-03-31 07:53:42,F3,0.9024,OK,0
2026-03-31 07:53:52,F3,0.9024,OK,1
2026-03-31 07:54:03,F3,0.9023,OK,1
2026-03-31 07:54:13,F3,0.9022,OK,0
2026-03-31 07:54:23,F3,0.9022,OK,0
2026-03-31 07:54:34,F3,0.9021,OK,0
2026-03-31 07:54:44,F3,0.9021,OK,0
2026-03-31 07:54:54,F3,0.9020,OK,0
2026-03-31 07:55:04,F3,0.9019,OK,0
2026-03-31 07:55:15,F3,0.9019,OK,0
2026-03-31 07:55:25,F3,0.9018,OK,0
2026-03-31 07:55:35,F3,0.9017,OK,0
2026-03-31 07:55:45,F3,0.9017,OK,0
2026-03-31 07:55:56,F3,0.9016,OK,0
2026-03-31 07:56:06,F3,0.9015,OK,0
2026-03-31 07:56:16,F3,0.9014,OK,0
2026-03-31 07:56:26,F3,0.9013,OK,0
2026-03-31 07:56:37,F3,0.9012,OK,0
2026-03-31 07:56:47,F3,0.9011,OK,0
2026-03-31 07:56:57,F3,0.9010,OK,0
2026-03-31 07:57:07,F3,0.9009,OK,0
2026-03-31 07:57:18,F3,0.9008,OK,0
2026-03-31 07:57:28,F3,0.9007,OK,0
2026-03-31 07:57:38,F3,0.9006,OK,0
2026-03-31 07:57:48,F3,0.9004,OK,0
2026-03-31 07:57:59,F3,0.9003,OK,0
2026-03-31 07:58:09,F3,0.9001,OK,0
2026-03-31 07:58:19,F3,0.9000,OK,0
2026-03-31 07:58:29,F3,0.8998,OK,0
2026-03-31 07:58:40,F3,0.8997,OK,0
2026-03-31 07:58:50,F3,0.8995,OK,0
2026-03-31 07:59:00,F3,0.8993,OK,0
2026-03-31 07:59:10,F3,0.8992,OK,0
2026-03-31 07:59:21,F3,0.8990,OK,0
2026-03-31 07:59:31,F3,0.8988,OK,0
2026-03-31 07:59:41,F3,0.8986,OK,0
2026-03-31 07:59:51,F3,0.8984,OK,1
2026-03-31 08:00:02,F3,0.8982,OK,0
2026-03-31 08:00:12,F3,0.8980,OK,0
2026-03-31 08:00:22,F3,0.8978,OK,0
2026-03-31 08:00:32,F3,0.8976,OK,0
2026-03-31 08:00:43,F3,0.8974,OK,0
2026-03-31 08:00:53,F3,0.8972,OK,0
2026-03-31 08:01:03,F3,0.8970,OK,0
2026-03-31 08:01:13,F3,0.8968,OK,0
2026-03-31 08:01:24,F3,0.8966,OK,0
2026-03-31 08:01:34,F3,0.8964,OK,0
2026-03-31 08:01:44,F3,0.8962,OK,0
2026-03-31 08:01:54,F3,0.8959,OK,0
2026-03-31 08:02:05,F3,0.8957,OK,0
2026-03-31 08:02:15,F3,0.8955,OK,0
2026-03-31 08:02:25,F3,0.8953,OK,0
2026-03-31 08:02:35,F3,0.8950,OK,0
2026-03-31 08:02:46,F3,0.8948,OK,0
2026-03-31 08:02:56,F3,0.8946,OK,0
2026-03-31 08:03:06,F3,0.8944,OK,0
2026-03-31 08:03:16,F3,0.8941,OK,0
2026-03-31 08:03:27,F3,0.8939,OK,0
2026-03-31 08:03:37,F3,0.8937,OK,0
2026-03-31 08:03:47,F3,0.8934,OK,0
2026-03-31 08:03:57,F3,0.8932,OK,0
2026-03-31 08:04:08,F3,0.8929,OK,0
2026-03-31 08:04:18,F3,0.8927,OK,0
2026-03-31 08:04:28,F3,0.8925,OK,0
2026-03-31 08:04:39,F3,0.8922,OK,0
2026-03-31 08:04:49,F3,0.8920,OK,0
2026-03-31 08:04:59,F3,0.8917,OK,0
2026-03-31 08:05:09,F3,0.8915,OK,0
2026-03-31 08:05:20,F3,0.8912,OK,0
2026-03-31 08:05:30,F3,0.8910,OK,0
2026-03-31 08:05:40,F3,0.8908,OK,0
2026-03-31 08:05:50,F3,0.8905,OK,0
2026-03-31 08:06:01,F3,0.8903,OK,0
2026-03-31 08:06:11,F3,0.8900,OK,0
2026-03-31 08:06:21,F3,0.8898,OK,0
2026-03-31 08:06:31,F3,0.8895,OK,0
2026-03-31 08:06:41,F3,0.8892,OK,0
2026-03-31 08:06:52,F3,0.8890,OK,0
2026-03-31 08:07:02,F3,0.8887,OK,0
2026-03-31 08:07:12,F3,0.8885,OK,0
2026-03-31 08:07:23,F3,0.8882,OK,0
2026-03-31 08:07:33,F3,0.8880,OK,0
2026-03-31 08:07:43,F3,0.8877,OK,0
2026-03-31 08:07:53,F3,0.8875,OK,0
2026-03-31 08:08:04,F3,0.8872,OK,0
2026-03-31 08:08:14,F3,0.8870,OK,0
2026-03-31 08:08:24,F3,0.8868,OK,0
2026-03-31 08:08:34,F3,0.8865,OK,0
2026-03-31 08:08:45,F3,0.8863,OK,0
2026-03-31 08:08:55,F3,0.8860,OK,0
2026-03-31 08:09:05,F3,0.8858,OK,0
2026-03-31 08:09:15,F3,0.8856,OK,0
2026-03-31 08:09:26,F3,0.8853,OK,0
2026-03-31 08:09:36,F3,0.8851,OK,0
2026-03-31 08:09:46,F3,0.8849,OK,0
2026-03-31 08:09:56,F3,0.8846,OK,0
2026-03-31 08:10:07,F3,0.8844,OK,0
2026-03-31 08:10:17,F3,0.8842,OK,0
2026-03-31 08:10:27,F3,0.8839,OK,0
2026-03-31 08:10:37,F3,0.8837,OK,0
2026-03-31 08:10:48,F3,0.8835,OK,0
2026-03-31 08:10:58,F3,0.8833,OK,0
2026-03-31 08:11:08,F3,0.8830,OK,0
2026-03-31 08:11:18,F3,0.8828,OK,0
2026-03-31 08:11:29,F3,0.8826,OK,0
2026-03-31 08:11:39,F3,0.8824,OK,0
2026-03-31 08:11:49,F3,0.8822,OK,0
2026-03-31 08:11:59,F3,0.8820,OK,0
2026-03-31 08:12:10,F3,0.8817,OK,0
2026-03-31 08:12:20,F3,0.8815,OK,0
2026-03-31 08:12:30,F3,0.8813,OK,0
2026-03-31 08:12:40,F3,0.8811,OK,0
2026-03-31 08:12:51,F3,0.8809,OK,0
2026-03-31 08:13:01,F3,0.8807,OK,0
2026-03-31 08:13:11,F3,0.8805,OK,0
2026-03-31 08:13:21,F3,0.8803,OK,0
2026-03-31 08:13:32,F3,0.8801,OK,0
2026-03-31 08:13:42,F3,0.8799,OK,0
2026-03-31 08:13:52,F3,0.8797,OK,0
2026-03-31 08:14:02,F3,0.8795,OK,0
2026-03-31 08:14:13,F3,0.8793,OK,0
2026-03-31 08:14:23,F3,0.8791,OK,0
2026-03-31 08:14:33,F3,0.8789,OK,0
2026-03-31 08:14:43,F3,0.8787,OK,0
2026-03-31 08:14:54,F3,0.8785,OK,0
2026-03-31 08:15:04,F3,0.8783,OK,0
2026-03-31 08:15:14,F3,0.8781,OK,0
2026-03-31 08:15:24,F3,0.8780,OK,0
2026-03-31 08:15:35,F3,0.8778,OK,0
2026-03-31 08:15:45,F3,0.8776,OK,0
2026-03-31 08:15:55,F3,0.8774,OK,0
2026-03-31 08:16:05,F3,0.8772,OK,0
2026-03-31 08:16:16,F3,0.8771,OK,0
2026-03-31 08:16:26,F3,0.8769,OK,0
2026-03-31 08:16:36,F3,0.8768,OK,0
2026-03-31 08:16:47,F3,0.8766,OK,0
2026-03-31 08:16:57,F3,0.8764,OK,0
2026-03-31 08:17:07,F3,0.8763,OK,0
2026-03-31 08:17:17,F3,0.8761,OK,0
2026-03-31 08:17:28,F3,0.8760,OK,0
2026-03-31 08:17:38,F3,0.8759,OK,0
2026-03-31 08:17:48,F3,0.8757,OK,0
2026-03-31 08:17:58,F3,0.8756,OK,0
2026-03-31 08:18:09,F3,0.8755,OK,0
2026-03-31 08:18:19,F3,0.8753,OK,0
2026-03-31 08:18:29,F3,0.8752,OK,0
2026-03-31 08:18:39,F3,0.8751,OK,0
2026-03-31 08:18:49,F3,0.8750,OK,0
2026-03-31 08:19:00,F3,0.8749,OK,0
2026-03-31 08:19:10,F3,0.8748,OK,0
2026-03-31 08:19:20,F3,0.8747,OK,0
2026-03-31 08:19:31,F3,0.8746,OK,0
2026-03-31 08:19:41,F3,0.8745,OK,0
2026-03-31 08:19:51,F3,0.8744,OK,0
2026-03-31 08:20:01,F3,0.8744,OK,0
2026-03-31 08:20:12,F3,0.8743,OK,0
2026-03-31 08:20:22,F3,0.8742,OK,0
2026-03-31 08:20:32,F3,0.8742,OK,0
2026-03-31 08:20:42,F3,0.8741,OK,0
2026-03-31 08:20:53,F3,0.8741,OK,0
2026-03-31 08:21:03,F3,0.8740,OK,0
2026-03-31 08:21:13,F3,0.8740,OK,0
2026-03-31 08:21:23,F3,0.8740,OK,0
2026-03-31 08:21:34,F3,0.8739,OK,0
2026-03-31 08:21:44,F3,0.8739,OK,0
2026-03-31 08:21:54,F3,0.8739,OK,0
2026-03-31 08:22:04,F3,0.8739,OK,0
2026-03-31 08:22:14,F3,0.8739,OK,0
2026-03-31 08:22:25,F3,0.8739,OK,0
2026-03-31 08:22:35,F3,0.8739,OK,0
2026-03-31 08:22:45,F3,0.8739,OK,0
2026-03-31 08:22:55,F3,0.8740,OK,0
2026-03-31 08:23:06,F3,0.8740,OK,0
2026-03-31 08:23:16,F3,0.8740,OK,0
2026-03-31 08:23:26,F3,0.8741,OK,0
2026-03-31 08:23:36,F3,0.8741,OK,0
2026-03-31 08:23:47,F3,0.8742,OK,0
2026-03-31 08:23:57,F3,0.8743,OK,0
2026-03-31 08:24:07,F3,0.8743,OK,0
2026-03-31 08:24:18,F3,0.8744,OK,0
2026-03-31 08:24:28,F3,0.8745,OK,0
2026-03-31 08:24:38,F3,0.8746,OK,0
2026-03-31 08:24:48,F3,0.8747,OK,0
2026-03-31 08:24:59,F3,0.8748,OK,0
2026-03-31 08:25:09,F3,0.8749,OK,0
2026-03-31 08:25:19,F3,0.8750,OK,0
2026-03-31 08:25:29,F3,0.8752,OK,0
2026-03-31 08:25:40,F3,0.8753,OK,0
2026-03-31 08:25:50,F3,0.8754,OK,0
2026-03-31 08:26:00,F3,0.8756,OK,0
2026-03-31 08:26:10,F3,0.8757,OK,0
2026-03-31 08:26:20,F3,0.8759,OK,0
2026-03-31 08:26:31,F3,0.8761,OK,0
2026-03-31 08:26:41,F3,0.8762,OK,0
2026-03-31 08:26:51,F3,0.8764,OK,0
2026-03-31 08:27:01,F3,0.8766,OK,0
2026-03-31 08:27:12,F3,0.8768,OK,0
2026-03-31 08:27:22,F3,0.8769,OK,0
2026-03-31 08:27:32,F3,0.8771,OK,0
2026-03-31 08:27:42,F3,0.8773,OK,0
2026-03-31 08:27:53,F3,0.8775,OK,0
2026-03-31 08:28:03,F3,0.8777,OK,0
2026-03-31 08:28:13,F3,0.8779,OK,0
2026-03-31 08:28:23,F3,0.8782,OK,0
2026-03-31 08:28:34,F3,0.8784,OK,0
2026-03-31 08:28:44,F3,0.8786,OK,0
2026-03-31 08:28:54,F3,0.8788,OK,0
2026-03-31 08:29:04,F3,0.8790,OK,0
2026-03-31 08:29:15,F3,0.8793,OK,0
2026-03-31 08:29:25,F3,0.8795,OK,0
2026-03-31 08:29:35,F3,0.8797,OK,0
2026-03-31 08:29:46,F3,0.8800,OK,0
2026-03-31 08:29:56,F3,0.8802,OK,0
2026-03-31 08:30:06,F3,0.8805,OK,0
2026-03-31 08:30:16,F3,0.8808,OK,0
2026-03-31 08:30:26,F3,0.8810,OK,0
2026-03-31 08:30:37,F3,0.8813,OK,0
2026-03-31 08:30:47,F3,0.8816,OK,0
2026-03-31 08:30:57,F3,0.8818,OK,0
2026-03-31 08:31:07,F3,0.8821,OK,0
2026-03-31 08:31:18,F3,0.8824,OK,0
2026-03-31 08:31:28,F3,0.8827,OK,0
2026-03-31 08:31:38,F3,0.8830,OK,0
2026-03-31 08:31:48,F3,0.8833,OK,0
2026-03-31 08:31:59,F3,0.8836,OK,0
2026-03-31 08:32:09,F3,0.8839,OK,0
2026-03-31 08:32:19,F3,0.8843,OK,0
2026-03-31 08:32:29,F3,0.8846,OK,0
2026-03-31 08:32:40,F3,0.8849,OK,0
2026-03-31 08:32:50,F3,0.8853,OK,0
2026-03-31 08:33:00,F3,0.8856,OK,0
2026-03-31 08:33:10,F3,0.8859,OK,0
2026-03-31 08:33:21,F3,0.8863,OK,0
2026-03-31 08:33:31,F3,0.8867,OK,0
2026-03-31 08:33:41,F3,0.8870,OK,0
2026-03-31 08:33:51,F3,0.8874,OK,0
2026-03-31 08:34:02,F3,0.8878,OK,0
2026-03-31 08:34:12,F3,0.8882,OK,0
2026-03-31 08:34:22,F3,0.8885,OK,0
2026-03-31 08:34:33,F3,0.8889,OK,0
2026-03-31 08:34:43,F3,0.8893,OK,0
2026-03-31 08:34:53,F3,0.8897,OK,0
2026-03-31 08:35:03,F3,0.8901,OK,0
2026-03-31 08:35:14,F3,0.8906,OK,0
2026-03-31 08:35:24,F3,0.8910,OK,0
2026-03-31 08:35:34,F3,0.8914,OK,0
2026-03-31 08:35:44,F3,0.8918,OK,0
2026-03-31 08:35:55,F3,0.8922,OK,0
2026-03-31 08:36:05,F3,0.8927,OK,0
2026-03-31 08:36:15,F3,0.8931,OK,0
2026-03-31 08:36:25,F3,0.8936,OK,0
2026-03-31 08:36:36,F3,0.8940,OK,0
2026-03-31 08:36:46,F3,0.8944,OK,0
2026-03-31 08:36:56,F3,0.8949,OK,0
2026-03-31 08:37:06,F3,0.8953,OK,0
2026-03-31 08:37:17,F3,0.8958,OK,0
2026-03-31 08:37:27,F3,0.8963,OK,0
2026-03-31 08:37:37,F3,0.8967,OK,0
2026-03-31 08:37:47,F3,0.8972,OK,0
2026-03-31 08:37:58,F3,0.8977,OK,0
2026-03-31 08:38:08,F3,0.8981,OK,0
2026-03-31 08:38:18,F3,0.8986,OK,0
2026-03-31 08:38:28,F3,0.8991,OK,0
2026-03-31 08:38:39,F3,0.8995,OK,0
2026-03-31 08:38:49,F3,0.9000,OK,0
2026-03-31 08:38:59,F3,0.9005,OK,0
2026-03-31 08:39:09,F3,0.9010,OK,0
2026-03-31 08:39:20,F3,0.9015,OK,0
2026-03-31 08:39:30,F3,0.9019,OK,0
2026-03-31 08:39:40,F3,0.9024,OK,0
2026-03-31 08:39:50,F3,0.9029,OK,0
2026-03-31 08:40:01,F3,0.9034,OK,0
2026-03-31 08:40:11,F3,0.9039,OK,0
2026-03-31 08:40:21,F3,0.9044,OK,0
2026-03-31 08:40:31,F3,0.9049,OK,0
2026-03-31 08:40:41,F3,0.9054,OK,0
2026-03-31 08:40:52,F3,0.9059,OK,0
2026-03-31 08:41:02,F3,0.9064,OK,0
2026-03-31 08:41:12,F3,0.9069,OK,0
2026-03-31 08:41:23,F3,0.9074,OK,0
2026-03-31 08:41:33,F3,0.9080,OK,0
2026-03-31 08:41:43,F3,0.9085,OK,0
2026-03-31 08:41:53,F3,0.9090,OK,0
2026-03-31 08:42:03,F3,0.9095,OK,0
2026-03-31 08:42:14,F3,0.9101,OK,0
2026-03-31 08:42:24,F3,0.9106,OK,0
2026-03-31 08:42:34,F3,0.9111,OK,0
2026-03-31 08:42:44,F3,0.9117,OK,0
2026-03-31 08:42:55,F3,0.9122,OK,0
2026-03-31 08:43:05,F3,0.9128,OK,0
2026-03-31 08:43:15,F3,0.9133,OK,0
2026-03-31 08:43:26,F3,0.9139,OK,0
2026-03-31 08:43:36,F3,0.9145,OK,0
2026-03-31 08:43:46,F3,0.9150,OK,0
2026-03-31 08:43:56,F3,0.9156,OK,0
2026-03-31 08:44:07,F3,0.9162,OK,0
2026-03-31 08:44:17,F3,0.9167,OK,0
2026-03-31 08:44:27,F3,0.9173,OK,0
2026-03-31 08:44:37,F3,0.9179,OK,0
2026-03-31 08:44:47,F3,0.9185,OK,0
2026-03-31 08:44:58,F3,0.9191,OK,0
2026-03-31 08:45:08,F3,0.9197,OK,0
2026-03-31 08:45:18,F3,0.9202,OK,0
2026-03-31 08:45:28,F3,0.9208,OK,0
2026-03-31 08:45:39,F3,0.9214,OK,0
2026-03-31 08:45:49,F3,0.9220,OK,0
2026-03-31 08:45:59,F3,0.9227,OK,0
2026-03-31 08:46:09,F3,0.9233,OK,0
2026-03-31 08:46:20,F3,0.9239,OK,0
2026-03-31 08:46:30,F3,0.9245,OK,0
2026-03-31 08:46:40,F3,0.9251,OK,0
2026-03-31 08:46:50,F3,0.9257,OK,0
2026-03-31 08:47:01,F3,0.9264,OK,0
2026-03-31 08:47:11,F3,0.9270,OK,0
2026-03-31 08:47:21,F3,0.9276,OK,0
2026-03-31 08:47:31,F3,0.9282,OK,0
2026-03-31 08:47:42,F3,0.9289,OK,0
2026-03-31 08:47:52,F3,0.9295,OK,0
2026-03-31 08:48:02,F3,0.9301,OK,0
2026-03-31 08:48:12,F3,0.9307,OK,0
2026-03-31 08:48:23,F3,0.9314,OK,0
2026-03-31 08:48:33,F3,0.9320,OK,0
2026-03-31 08:48:43,F3,0.9326,OK,0
2026-03-31 08:48:53,F3,0.9333,OK,0
2026-03-31 08:49:04,F3,0.9339,OK,0
2026-03-31 08:49:14,F3,0.9345,OK,0
2026-03-31 08:49:24,F3,0.9352,OK,0
2026-03-31 08:49:34,F3,0.9358,OK,0
2026-03-31 08:49:45,F3,0.9364,OK,0
2026-03-31 08:49:55,F3,0.9371,OK,0
2026-03-31 08:50:05,F3,0.9377,OK,0
2026-03-31 08:50:15,F3,0.9383,OK,0
2026-03-31 08:50:26,F3,0.9390,OK,0
2026-03-31 08:50:36,F3,0.9396,OK,0
2026-03-31 08:50:46,F3,0.9402,OK,0
2026-03-31 08:50:57,F3,0.9408,OK,0
2026-03-31 08:51:07,F3,0.9415,OK,0
2026-03-31 08:51:17,F3,0.9421,OK,0
2026-03-31 08:51:27,F3,0.9427,OK,0
2026-03-31 08:51:38,F3,0.9433,OK,0
2026-03-31 08:51:48,F3,0.9440,OK,0
2026-03-31 08:51:58,F3,0.9446,OK,0
2026-03-31 08:52:08,F3,0.9452,OK,0
2026-03-31 08:52:19,F3,0.9458,OK,0
2026-03-31 08:52:29,F3,0.9464,OK,0
2026-03-31 08:52:39,F3,0.9471,OK,0
2026-03-31 08:52:49,F3,0.9477,OK,0
2026-03-31 08:53:00,F3,0.9483,OK,0
2026-03-31 08:53:10,F3,0.9489,OK,0
2026-03-31 08:53:20,F3,0.9495,OK,0
2026-03-31 08:53:30,F3,0.9502,OK,0
2026-03-31 08:53:41,F3,0.9508,OK,0
2026-03-31 08:53:51,F3,0.9514,OK,0
2026-03-31 08:54:01,F3,0.9520,OK,0
2026-03-31 08:54:11,F3,0.9526,OK,0
2026-03-31 08:54:22,F3,0.9532,OK,0
2026-03-31 08:54:32,F3,0.9539,OK,0
2026-03-31 08:54:42,F3,0.9545,OK,0
2026-03-31 08:54:52,F3,0.9551,OK,0
2026-03-31 08:55:03,F3,0.9557,OK,0
2026-03-31 08:55:13,F3,0.9563,OK,0
2026-03-31 08:55:23,F3,0.9569,OK,0
2026-03-31 08:55:33,F3,0.9575,OK,0
2026-03-31 08:55:44,F3,0.9581,OK,0
2026-03-31 08:55:54,F3,0.9587,OK,0
2026-03-31 08:56:04,F3,0.9593,OK,0
2026-03-31 08:56:14,F3,0.9599,OK,0
2026-03-31 08:56:25,F3,0.9605,OK,0
2026-03-31 08:56:35,F3,0.9611,OK,0
2026-03-31 08:56:45,F3,0.9617,OK,0
2026-03-31 08:56:55,F3,0.9622,OK,0
2026-03-31 08:57:06,F3,0.9628,OK,0
2026-03-31 08:57:16,F3,0.9634,OK,0
2026-03-31 08:57:26,F3,0.9640,OK,0
2026-03-31 08:57:37,F3,0.9646,OK,0
2026-03-31 08:57:47,F3,0.9651,OK,0
2026-03-31 08:57:57,F3,0.9657,OK,0
2026-03-31 08:58:07,F3,0.9663,OK,0
2026-03-31 08:58:17,F3,0.9668,OK,0
2026-03-31 08:58:28,F3,0.9674,OK,0
2026-03-31 08:58:38,F3,0.9679,OK,0
2026-03-31 08:58:48,F3,0.9685,OK,0
2026-03-31 08:58:58,F3,0.9690,OK,0
2026-03-31 08:59:09,F3,0.9696,OK,0
2026-03-31 08:59:19,F3,0.9701,OK,0
2026-03-31 08:59:29,F3,0.9707,OK,0
2026-03-31 08:59:39,F3,0.9712,OK,0
2026-03-31 08:59:50,F3,0.9717,OK,0
2026-03-31 09:00:00,F3,0.9723,OK,0
2026-03-31 09:00:10,F3,0.9728,OK,0
2026-03-31 09:00:20,F3,0.9733,OK,0
2026-03-31 09:00:31,F3,0.9739,OK,0
2026-03-31 09:00:41,F3,0.9744,OK,0
2026-03-31 09:00:51,F3,0.9749,OK,0
2026-03-31 09:01:01,F3,0.9754,OK,0
2026-03-31 09:01:12,F3,0.9759,OK,0
2026-03-31 09:01:22,F3,0.9764,OK,0
2026-03-31 09:01:32,F3,0.9769,OK,0
2026-03-31 09:01:42,F3,0.9774,OK,0
2026-03-31 09:01:53,F3,0.9779,OK,0
2026-03-31 09:02:03,F3,0.9784,OK,0
2026-03-31 09:02:13,F3,0.9789,OK,0
2026-03-31 09:02:23,F3,0.9794,OK,0
2026-03-31 09:02:34,F3,0.9799,OK,0
2026-03-31 09:02:44,F3,0.9804,OK,0
2026-03-31 09:02:54,F3,0.9809,OK,0
2026-03-31 09:03:04,F3,0.9814,OK,0
2026-03-31 09:03:15,F3,0.9819,OK,0
2026-03-31 09:03:25,F3,0.9823,OK,0
2026-03-31 09:03:35,F3,0.9828,OK,0
2026-03-31 09:03:45,F3,0.9833,OK,0
2026-03-31 09:03:56,F3,0.9838,OK,0
2026-03-31 09:04:06,F3,0.9843,OK,0
2026-03-31 09:04:16,F3,0.9847,OK,0
2026-03-31 09:04:26,F3,0.9852,OK,0
2026-03-31 09:04:37,F3,0.9857,OK,0
2026-03-31 09:04:47,F3,0.9861,OK,0
2026-03-31 09:04:57,F3,0.9866,OK,0
2026-03-31 09:05:07,F3,0.9871,OK,0
2026-03-31 09:05:18,F3,0.9875,OK,0
2026-03-31 09:05:28,F3,0.9880,OK,0
2026-03-31 09:05:38,F3,0.9885,OK,0
2026-03-31 09:05:48,F3,0.9889,OK,0
2026-03-31 09:05:59,F3,0.9894,OK,0
2026-03-31 09:06:09,F3,0.9898,OK,0
2026-03-31 09:06:19,F3,0.9903,OK,0
2026-03-31 09:06:29,F3,0.9907,OK,0
2026-03-31 09:06:40,F3,0.9911,OK,0
2026-03-31 09:06:50,F3,0.9916,OK,0
2026-03-31 09:07:00,F3,0.9920,OK,0
2026-03-31 09:07:10,F3,0.9924,OK,0
2026-03-31 09:07:21,F3,0.9929,OK,0
2026-03-31 09:07:31,F3,0.9933,OK,0
2026-03-31 09:07:41,F3,0.9937,OK,0
2026-03-31 09:07:52,F3,0.9941,OK,0
2026-03-31 09:08:02,F3,0.9945,OK,0
2026-03-31 09:08:12,F3,0.9950,OK,0
2026-03-31 09:08:22,F3,0.9954,OK,0
2026-03-31 09:08:33,F3,0.9958,OK,0
2026-03-31 09:08:43,F3,0.9962,OK,0
2026-03-31 09:08:53,F3,0.9966,OK,0
2026-03-31 09:09:03,F3,0.9970,OK,0
2026-03-31 09:09:14,F3,0.9974,OK,0
2026-03-31 09:09:24,F3,0.9977,OK,0
2026-03-31 09:09:34,F3,0.9981,OK,0
2026-03-31 09:09:44,F3,0.9985,OK,0
2026-03-31 09:09:55,F3,0.9989,OK,0
2026-03-31 09:10:05,F3,0.9993,OK,0
2026-03-31 09:10:15,F3,0.9996,OK,0
2026-03-31 09:10:25,F3,1.0000,OK,0
2026-03-31 09:10:36,F3,1.0004,OK,0
2026-03-31 09:10:46,F3,1.0007,OK,0
2026-03-31 09:10:56,F3,1.0011,OK,0
2026-03-31 09:11:07,F3,1.0015,OK,0
2026-03-31 09:11:17,F3,1.0018,OK,0
2026-03-31 09:11:27,F3,1.0022,OK,0
2026-03-31 09:11:37,F3,1.0025,OK,0
2026-03-31 09:11:48,F3,1.0029,OK,0
2026-03-31 09:11:58,F3,1.0032,OK,0
2026-03-31 09:12:08,F3,1.0036,OK,0
2026-03-31 09:12:18,F3,1.0039,OK,0
2026-03-31 09:12:29,F3,1.0042,OK,0
2026-03-31 09:12:39,F3,1.0045,OK,0
2026-03-31 09:12:49,F3,1.0049,OK,0
2026-03-31 09:12:59,F3,1.0052,OK,0
2026-03-31 09:13:10,F3,1.0055,OK,0
2026-03-31 09:13:20,F3,1.0058,OK,0
2026-03-31 09:13:30,F3,1.0061,OK,0
2026-03-31 09:13:40,F3,1.0064,OK,0
2026-03-31 09:13:51,F3,1.0067,OK,0
2026-03-31 09:14:01,F3,1.0070,OK,0
2026-03-31 09:14:11,F3,1.0073,OK,0
2026-03-31 09:14:21,F3,1.0075,OK,0
2026-03-31 09:14:32,F3,1.0078,OK,0
2026-03-31 09:14:42,F3,1.0081,OK,0
2026-03-31 09:14:52,F3,1.0083,OK,0
2026-03-31 09:15:02,F3,1.0086,OK,1
2026-03-31 09:15:13,F3,1.0088,OK,0
2026-03-31 09:15:23,F3,1.0090,OK,0
2026-03-31 09:15:33,F3,1.0093,OK,0
2026-03-31 09:15:43,F3,1.0095,OK,0
2026-03-31 09:15:54,F3,1.0097,Bajo rango,0
2026-03-31 09:16:04,F3,1.0099,Bajo rango,0
2026-03-31 09:16:14,F3,1.0101,Bajo rango,0
2026-03-31 09:16:24,F3,1.0103,OK,0
2026-03-31 09:16:35,F3,1.0105,OK,0
2026-03-31 09:16:45,F3,1.0106,OK,0
2026-03-31 09:16:55,F3,1.0108,OK,0
2026-03-31 09:17:05,F3,1.0109,OK,0
2026-03-31 09:17:16,F3,1.0111,OK,0
2026-03-31 09:17:26,F3,1.0112,OK,0
2026-03-31 09:17:36,F3,1.0113,OK,0
2026-03-31 09:17:46,F3,1.0114,OK,1
2026-03-31 09:17:57,F3,1.0115,OK,1
2026-03-31 09:18:07,F3,1.0116,OK,1
2026-03-31 09:18:17,F3,1.0116,OK,0
2026-03-31 09:18:27,F3,1.0117,OK,0
2026-03-31 09:18:38,F3,1.0117,OK,0
2026-03-31 09:18:48,F3,1.0117,OK,0
2026-03-31 09:18:58,F3,1.0117,OK,0
2026-03-31 09:19:08,F3,1.0117,OK,0
2026-03-31 09:19:19,F3,1.0117,OK,0
2026-03-31 09:19:29,F3,1.0117,OK,0
2026-03-31 09:19:39,F3,1.0116,OK,0
2026-03-31 09:19:49,F3,1.0116,OK,0
2026-03-31 09:20:00,F3,1.0115,OK,0
2026-03-31 09:20:10,F3,1.0114,OK,0
2026-03-31 09:20:20,F3,1.0114,OK,0
2026-03-31 09:20:30,F3,1.0113,OK,0
2026-03-31 09:20:41,F3,1.0111,OK,0
2026-03-31 09:20:51,F3,1.0110,OK,0
2026-03-31 09:21:01,F3,1.0109,OK,0
2026-03-31 09:21:11,F3,1.0108,OK,0
2026-03-31 09:21:22,F3,1.0106,OK,0
2026-03-31 09:21:32,F3,1.0105,OK,0
2026-03-31 09:21:42,F3,1.0103,OK,0
2026-03-31 09:21:52,F3,1.0101,OK,0
2026-03-31 09:22:03,F3,1.0099,OK,0
2026-03-31 09:22:13,F3,1.0097,OK,0
2026-03-31 09:22:23,F3,1.0095,OK,0
2026-03-31 09:22:33,F3,1.0093,OK,0
2026-03-31 09:22:44,F3,1.0091,OK,0
2026-03-31 09:22:54,F3,1.0089,OK,0
2026-03-31 09:23:04,F3,1.0086,OK,0
2026-03-31 09:23:14,F3,1.0084,OK,0
2026-03-31 09:23:25,F3,1.0082,OK,0
2026-03-31 09:23:35,F3,1.0079,OK,0
2026-03-31 09:23:45,F3,1.0076,OK,0
2026-03-31 09:23:55,F3,1.0074,OK,0
2026-03-31 09:24:06,F3,1.0071,OK,0
2026-03-31 09:24:16,F3,1.0068,OK,0
2026-03-31 09:24:26,F3,1.0065,OK,0
2026-03-31 09:24:36,F3,1.0062,OK,0
2026-03-31 09:24:47,F3,1.0059,OK,0
2026-03-31 09:24:57,F3,1.0056,OK,0
2026-03-31 09:25:07,F3,1.0053,OK,0
2026-03-31 09:25:17,F3,1.0049,OK,0
2026-03-31 09:25:28,F3,1.0046,OK,0
2026-03-31 09:25:38,F3,1.0043,OK,0
2026-03-31 09:25:48,F3,1.0039,OK,0
2026-03-31 09:25:58,F3,1.0036,OK,0
2026-03-31 09:26:09,F3,1.0032,OK,0
2026-03-31 09:26:19,F3,1.0028,OK,0
2026-03-31 09:26:29,F3,1.0025,OK,0
2026-03-31 09:26:39,F3,1.0021,OK,0
2026-03-31 09:26:50,F3,1.0017,OK,0
2026-03-31 09:27:00,F3,1.0014,OK,0
2026-03-31 09:27:10,F3,1.0010,OK,0
2026-03-31 09:27:20,F3,1.0006,OK,0
2026-03-31 09:27:31,F3,1.0002,OK,0
2026-03-31 09:27:41,F3,0.9998,OK,0
2026-03-31 09:27:51,F3,0.9994,OK,0
2026-03-31 09:28:01,F3,0.9990,OK,0
2026-03-31 09:28:12,F3,0.9986,OK,0
2026-03-31 09:28:22,F3,0.9982,OK,0
2026-03-31 09:28:32,F3,0.9978,OK,0
2026-03-31 09:28:42,F3,0.9974,OK,0
2026-03-31 09:28:53,F3,0.9970,OK,0
2026-03-31 09:29:03,F3,0.9966,OK,0
2026-03-31 09:29:13,F3,0.9962,OK,0
2026-03-31 09:29:23,F3,0.9958,OK,0
2026-03-31 09:29:34,F3,0.9954,OK,0
2026-03-31 09:29:44,F3,0.9950,OK,0
2026-03-31 09:29:54,F3,0.9945,OK,0
2026-03-31 09:30:04,F3,0.9941,OK,0
2026-03-31 09:30:15,F3,0.9937,OK,0
2026-03-31 09:30:25,F3,0.9933,OK,0
2026-03-31 09:30:35,F3,0.9929,OK,0
2026-03-31 09:30:45,F3,0.9925,OK,0
2026-03-31 09:30:56,F3,0.9921,OK,0
2026-03-31 09:31:06,F3,0.9917,OK,0
2026-03-31 09:31:16,F3,0.9912,OK,0
2026-03-31 09:31:27,F3,0.9908,OK,0
2026-03-31 09:31:37,F3,0.9904,OK,0
2026-03-31 09:31:47,F3,0.9900,OK,0
2026-03-31 09:31:57,F3,0.9896,OK,0
2026-03-31 09:32:08,F3,0.9891,OK,0
2026-03-31 09:32:18,F3,0.9887,OK,0
2026-03-31 09:32:28,F3,0.9883,OK,0
2026-03-31 09:32:38,F3,0.9879,OK,0
2026-03-31 09:32:49,F3,0.9875,OK,0
2026-03-31 09:32:59,F3,0.9870,OK,0
2026-03-31 09:33:09,F3,0.9866,OK,0
2026-03-31 09:33:19,F3,0.9862,OK,0
2026-03-31 09:33:30,F3,0.9858,OK,0
2026-03-31 09:33:40,F3,0.9854,OK,0
2026-03-31 09:33:50,F3,0.9849,OK,1
2026-03-31 09:34:00,F3,0.9845,OK,0
2026-03-31 09:34:10,F3,0.9841,OK,0
2026-03-31 09:34:21,F3,0.9837,OK,0
2026-03-31 09:34:31,F3,0.9833,OK,0
2026-03-31 09:34:41,F3,0.9828,OK,0
2026-03-31 09:34:51,F3,0.9824,OK,0
2026-03-31 09:35:02,F3,0.9820,OK,0
2026-03-31 09:35:12,F3,0.9816,OK,0
2026-03-31 09:35:22,F3,0.9812,OK,0
2026-03-31 09:35:32,F3,0.9808,OK,0
2026-03-31 09:35:43,F3,0.9804,OK,0
2026-03-31 09:35:53,F3,0.9800,OK,0
2026-03-31 09:36:03,F3,0.9796,OK,0
2026-03-31 09:36:13,F3,0.9792,OK,0
2026-03-31 09:36:24,F3,0.9788,OK,0
2026-03-31 09:36:34,F3,0.9784,OK,0
2026-03-31 09:36:44,F3,0.9780,OK,0
2026-03-31 09:36:54,F3,0.9776,OK,0
2026-03-31 09:37:05,F3,0.9772,OK,0
2026-03-31 09:37:15,F3,0.9768,OK,0
2026-03-31 09:37:25,F3,0.9764,OK,0
2026-03-31 09:37:35,F3,0.9761,OK,0
2026-03-31 09:37:46,F3,0.9757,OK,0
2026-03-31 09:37:56,F3,0.9753,OK,0
2026-03-31 09:38:06,F3,0.9750,OK,0
2026-03-31 09:38:16,F3,0.9746,OK,0
2026-03-31 09:38:27,F3,0.9742,OK,0
2026-03-31 09:38:37,F3,0.9739,OK,0
2026-03-31 09:38:47,F3,0.9735,OK,0
2026-03-31 09:38:57,F3,0.9732,OK,0
2026-03-31 09:39:08,F3,0.9728,OK,0
2026-03-31 09:39:18,F3,0.9725,OK,0
2026-03-31 09:39:28,F3,0.9721,OK,0
2026-03-31 09:39:38,F3,0.9718,OK,0
2026-03-31 09:39:49,F3,0.9714,OK,0
2026-03-31 09:39:59,F3,0.9711,OK,0
2026-03-31 09:40:09,F3,0.9707,OK,0
2026-03-31 09:40:20,F3,0.9704,OK,0
2026-03-31 09:40:30,F3,0.9701,OK,0
2026-03-31 09:40:40,F3,0.9697,OK,0
2026-03-31 09:40:50,F3,0.9694,OK,0
2026-03-31 09:41:01,F3,0.9691,OK,0
2026-03-31 09:41:11,F3,0.9688,OK,0
2026-03-31 09:41:21,F3,0.9684,OK,0
2026-03-31 09:41:31,F3,0.9681,OK,0
2026-03-31 09:41:42,F3,0.9678,OK,0
2026-03-31 09:41:52,F3,0.9675,OK,0
2026-03-31 09:42:02,F3,0.9672,OK,0
2026-03-31 09:42:12,F3,0.9668,OK,0
2026-03-31 09:42:23,F3,0.9665,OK,0
2026-03-31 09:42:33,F3,0.9662,OK,0
2026-03-31 09:42:43,F3,0.9659,OK,0
2026-03-31 09:42:53,F3,0.9656,OK,0
2026-03-31 09:43:04,F3,0.9653,OK,0
2026-03-31 09:43:14,F3,0.9650,OK,0
2026-03-31 09:43:24,F3,0.9647,OK,0
2026-03-31 09:43:34,F3,0.9644,OK,0
2026-03-31 09:43:45,F3,0.9641,OK,0
2026-03-31 09:43:55,F3,0.9638,OK,0
2026-03-31 09:44:05,F3,0.9635,OK,0
2026-03-31 09:44:15,F3,0.9632,OK,0
2026-03-31 09:44:26,F3,0.9629,OK,0
2026-03-31 09:44:36,F3,0.9626,OK,0
2026-03-31 09:44:46,F3,0.9623,OK,0
2026-03-31 09:44:56,F3,0.9620,OK,0
2026-03-31 09:45:07,F3,0.9617,OK,0
2026-03-31 09:45:17,F3,0.9614,OK,0
2026-03-31 09:45:27,F3,0.9611,OK,0
2026-03-31 09:45:37,F3,0.9609,OK,0
2026-03-31 09:45:48,F3,0.9606,OK,0
2026-03-31 09:45:58,F3,0.9603,OK,0
2026-03-31 09:46:08,F3,0.9600,OK,0
2026-03-31 09:46:18,F3,0.9598,OK,0
2026-03-31 09:46:29,F3,0.9595,OK,0
2026-03-31 09:46:39,F3,0.9593,OK,0
2026-03-31 09:46:49,F3,0.9590,OK,0
2026-03-31 09:46:59,F3,0.9587,OK,0
2026-03-31 09:47:09,F3,0.9585,OK,0
2026-03-31 09:47:20,F3,0.9582,OK,0
2026-03-31 09:47:30,F3,0.9580,OK,0
2026-03-31 09:47:40,F3,0.9577,OK,0
2026-03-31 09:47:51,F3,0.9575,OK,0
2026-03-31 09:48:01,F3,0.9572,OK,0
2026-03-31 09:48:11,F3,0.9570,OK,0
2026-03-31 09:48:21,F3,0.9568,OK,0
2026-03-31 09:48:32,F3,0.9565,OK,0
2026-03-31 09:48:42,F3,0.9563,OK,0
2026-03-31 09:48:52,F3,0.9561,OK,0
2026-03-31 09:49:02,F3,0.9558,OK,0
2026-03-31 09:49:13,F3,0.9556,OK,0
2026-03-31 09:49:23,F3,0.9554,OK,0
2026-03-31 09:49:33,F3,0.9551,OK,0
2026-03-31 09:49:43,F3,0.9549,OK,0
2026-03-31 09:49:53,F3,0.9547,OK,0
2026-03-31 09:50:04,F3,0.9545,OK,0
2026-03-31 09:50:14,F3,0.9542,OK,0
2026-03-31 09:50:24,F3,0.9540,OK,0
2026-03-31 09:50:35,F3,0.9538,OK,0
2026-03-31 09:50:45,F3,0.9536,OK,0
2026-03-31 09:50:55,F3,0.9534,OK,0
2026-03-31 09:51:05,F3,0.9532,OK,0
2026-03-31 09:51:16,F3,0.9529,OK,0
2026-03-31 09:51:26,F3,0.9527,OK,0
2026-03-31 09:51:36,F3,0.9525,OK,0
2026-03-31 09:51:46,F3,0.9523,OK,0
2026-03-31 09:51:57,F3,0.9521,OK,0
2026-03-31 09:52:07,F3,0.9519,OK,0
2026-03-31 09:52:17,F3,0.9517,OK,0
2026-03-31 09:52:27,F3,0.9515,OK,0
2026-03-31 09:52:38,F3,0.9513,OK,0
2026-03-31 09:52:48,F3,0.9511,OK,0
2026-03-31 09:52:58,F3,0.9510,OK,0
2026-03-31 09:53:08,F3,0.9508,OK,0
2026-03-31 09:53:19,F3,0.9506,OK,0
2026-03-31 09:53:29,F3,0.9504,OK,0
2026-03-31 09:53:39,F3,0.9502,OK,0
2026-03-31 09:53:49,F3,0.9501,OK,0
2026-03-31 09:54:00,F3,0.9499,OK,0
2026-03-31 09:54:10,F3,0.9497,OK,0
2026-03-31 09:54:20,F3,0.9496,OK,0
2026-03-31 09:54:30,F3,0.9494,OK,0
2026-03-31 09:54:41,F3,0.9493,OK,0
2026-03-31 09:54:51,F3,0.9491,OK,0
2026-03-31 09:55:01,F3,0.9490,OK,0
2026-03-31 09:55:11,F3,0.9488,OK,0
2026-03-31 09:55:22,F3,0.9487,OK,0
2026-03-31 09:55:32,F3,0.9486,OK,0
2026-03-31 09:55:42,F3,0.9484,OK,0
2026-03-31 09:55:52,F3,0.9483,OK,0
2026-03-31 09:56:03,F3,0.9482,OK,0
2026-03-31 09:56:13,F3,0.9480,OK,0
2026-03-31 09:56:23,F3,0.9479,OK,0
2026-03-31 09:56:33,F3,0.9478,OK,0
2026-03-31 09:56:44,F3,0.9477,OK,0
2026-03-31 09:56:54,F3,0.9476,OK,0
2026-03-31 09:57:04,F3,0.9475,OK,0
2026-03-31 09:57:14,F3,0.9473,OK,0
2026-03-31 09:57:25,F3,0.9472,OK,0
2026-03-31 09:57:35,F3,0.9471,OK,0
2026-03-31 09:57:45,F3,0.9470,OK,0
2026-03-31 09:57:55,F3,0.9469,OK,0
2026-03-31 09:58:06,F3,0.9468,OK,0
2026-03-31 09:58:16,F3,0.9467,OK,0
2026-03-31 09:58:26,F3,0.9466,OK,0
2026-03-31 09:58:36,F3,0.9465,OK,0
2026-03-31 09:58:47,F3,0.9464,OK,0
2026-03-31 09:58:57,F3,0.9463,OK,0
2026-03-31 09:59:07,F3,0.9463,OK,0
2026-03-31 09:59:18,F3,0.9462,OK,0
2026-03-31 09:59:28,F3,0.9461,OK,0
2026-03-31 09:59:38,F3,0.9460,OK,0
2026-03-31 09:59:48,F3,0.9459,OK,0
2026-03-31 09:59:59,F3,0.9459,OK,0
2026-03-31 10:00:09,F3,0.9458,OK,0
2026-03-31 10:00:19,F3,0.9457,OK,0
2026-03-31 10:00:29,F3,0.9457,OK,0
2026-03-31 10:00:40,F3,0.9456,OK,0
2026-03-31 10:00:50,F3,0.9455,OK,0
2026-03-31 10:01:00,F3,0.9455,OK,0
2026-03-31 10:01:10,F3,0.9454,OK,0
2026-03-31 10:01:21,F3,0.9454,OK,0
2026-03-31 10:01:31,F3,0.9454,OK,0
2026-03-31 10:01:41,F3,0.9453,OK,0
2026-03-31 10:01:51,F3,0.9453,OK,0
2026-03-31 10:02:02,F3,0.9453,OK,0
2026-03-31 10:02:12,F3,0.9452,OK,0
2026-03-31 10:02:22,F3,0.9452,OK,0
2026-03-31 10:02:32,F3,0.9452,OK,0
2026-03-31 10:02:43,F3,0.9452,OK,0
2026-03-31 10:02:53,F3,0.9452,OK,0
2026-03-31 10:03:03,F3,0.9451,OK,0
2026-03-31 10:03:13,F3,0.9451,OK,0
2026-03-31 10:03:24,F3,0.9451,OK,0
2026-03-31 10:03:34,F3,0.9451,OK,0
2026-03-31 10:03:44,F3,0.9451,OK,0
2026-03-31 10:03:54,F3,0.9452,OK,0
2026-03-31 10:04:05,F3,0.9452,OK,0
2026-03-31 10:04:15,F3,0.9452,OK,0
2026-03-31 10:04:25,F3,0.9452,OK,0
2026-03-31 10:04:35,F3,0.9452,OK,0
2026-03-31 10:04:46,F3,0.9452,OK,0
2026-03-31 10:04:56,F3,0.9453,OK,0
2026-03-31 10:05:06,F3,0.9453,OK,0
2026-03-31 10:05:16,F3,0.9453,OK,0
2026-03-31 10:05:27,F3,0.9453,OK,0
2026-03-31 10:05:37,F3,0.9454,OK,0
2026-03-31 10:05:47,F3,0.9454,OK,0
2026-03-31 10:05:57,F3,0.9454,OK,0
2026-03-31 10:06:08,F3,0.9455,OK,0
2026-03-31 10:06:18,F3,0.9455,OK,0
2026-03-31 10:06:28,F3,0.9456,OK,0
2026-03-31 10:06:39,F3,0.9456,OK,0
2026-03-31 10:06:49,F3,0.9457,OK,0
2026-03-31 10:06:59,F3,0.9457,OK,0
2026-03-31 10:07:09,F3,0.9458,OK,0
2026-03-31 10:07:20,F3,0.9458,OK,0
2026-03-31 10:07:30,F3,0.9459,OK,0
2026-03-31 10:07:40,F3,0.9460,OK,0
2026-03-31 10:07:50,F3,0.9460,OK,0
2026-03-31 10:08:01,F3,0.9461,OK,0
2026-03-31 10:08:11,F3,0.9462,OK,0
2026-03-31 10:08:21,F3,0.9462,OK,0
2026-03-31 10:08:31,F3,0.9463,OK,0
2026-03-31 10:08:42,F3,0.9464,OK,0
2026-03-31 10:08:52,F3,0.9465,OK,0
2026-03-31 10:09:02,F3,0.9466,OK,0
2026-03-31 10:09:12,F3,0.9467,OK,0
2026-03-31 10:09:23,F3,0.9468,OK,0
2026-03-31 10:09:33,F3,0.9469,OK,0
2026-03-31 10:09:43,F3,0.9470,OK,0
2026-03-31 10:09:53,F3,0.9471,OK,0
2026-03-31 10:10:04,F3,0.9472,OK,0
2026-03-31 10:10:14,F3,0.9473,OK,0
2026-03-31 10:10:24,F3,0.9474,OK,0
2026-03-31 10:10:34,F3,0.9476,OK,0
2026-03-31 10:10:45,F3,0.9477,OK,0
2026-03-31 10:10:55,F3,0.9478,OK,0
2026-03-31 10:11:05,F3,0.9479,OK,0
2026-03-31 10:11:15,F3,0.9481,OK,0
2026-03-31 10:11:26,F3,0.9482,OK,0
2026-03-31 10:11:36,F3,0.9484,OK,0
2026-03-31 10:11:46,F3,0.9485,OK,0
2026-03-31 10:11:57,F3,0.9486,OK,0
2026-03-31 10:12:07,F3,0.9488,OK,0
2026-03-31 10:12:17,F3,0.9489,OK,0
2026-03-31 10:12:27,F3,0.9491,OK,0
2026-03-31 10:12:38,F3,0.9492,OK,0
2026-03-31 10:12:48,F3,0.9494,OK,0
2026-03-31 10:12:58,F3,0.9495,OK,0
2026-03-31 10:13:08,F3,0.9497,OK,0
2026-03-31 10:13:19,F3,0.9498,OK,0
2026-03-31 10:13:29,F3,0.9500,OK,0
2026-03-31 10:13:39,F3,0.9502,OK,0
2026-03-31 10:13:49,F3,0.9503,OK,0
2026-03-31 10:14:00,F3,0.9505,OK,0
2026-03-31 10:14:10,F3,0.9506,OK,0
2026-03-31 10:14:20,F3,0.9508,OK,0
2026-03-31 10:14:30,F3,0.9509,OK,0
2026-03-31 10:14:41,F3,0.9511,OK,0
2026-03-31 10:14:51,F3,0.9513,OK,0
2026-03-31 10:15:01,F3,0.9514,OK,0
2026-03-31 10:15:11,F3,0.9516,OK,0
2026-03-31 10:15:22,F3,0.9517,OK,0
2026-03-31 10:15:32,F3,0.9519,OK,0
2026-03-31 10:15:42,F3,0.9520,OK,0
2026-03-31 10:15:52,F3,0.9522,OK,0
2026-03-31 10:16:03,F3,0.9523,OK,0
2026-03-31 10:16:13,F3,0.9525,OK,0
2026-03-31 10:16:23,F3,0.9527,OK,0
2026-03-31 10:16:33,F3,0.9528,OK,0
2026-03-31 10:16:44,F3,0.9530,OK,0
2026-03-31 10:16:54,F3,0.9531,OK,0
2026-03-31 10:17:04,F3,0.9533,OK,0
2026-03-31 10:17:14,F3,0.9534,OK,0
2026-03-31 10:17:25,F3,0.9536,OK,0
2026-03-31 10:17:35,F3,0.9537,OK,0
2026-03-31 10:17:45,F3,0.9539,OK,0
2026-03-31 10:17:55,F3,0.9541,OK,0
2026-03-31 10:18:06,F3,0.9542,OK,0
2026-03-31 10:18:16,F3,0.9544,OK,0
2026-03-31 10:18:26,F3,0.9545,OK,0
2026-03-31 10:18:37,F3,0.9547,OK,0
2026-03-31 10:18:47,F3,0.9549,OK,0
2026-03-31 10:18:57,F3,0.9550,OK,0
2026-03-31 10:19:07,F3,0.9552,OK,0
2026-03-31 10:19:18,F3,0.9554,OK,0
2026-03-31 10:19:28,F3,0.9555,OK,0
2026-03-31 10:19:38,F3,0.9557,OK,0
2026-03-31 10:19:48,F3,0.9559,OK,0
2026-03-31 10:19:59,F3,0.9560,OK,0
2026-03-31 10:20:09,F3,0.9562,OK,0
2026-03-31 10:20:19,F3,0.9564,OK,0
2026-03-31 10:20:29,F3,0.9565,OK,0
2026-03-31 10:20:39,F3,0.9567,OK,0
2026-03-31 10:20:50,F3,0.9569,OK,0
2026-03-31 10:21:00,F3,0.9570,OK,0
2026-03-31 10:21:10,F3,0.9572,OK,0
2026-03-31 10:21:20,F3,0.9574,OK,0
2026-03-31 10:21:31,F3,0.9575,OK,0
2026-03-31 10:21:41,F3,0.9577,OK,0
2026-03-31 10:21:51,F3,0.9579,OK,0
2026-03-31 10:22:01,F3,0.9580,OK,0
2026-03-31 10:22:12,F3,0.9582,OK,0
2026-03-31 10:22:22,F3,0.9584,OK,0
2026-03-31 10:22:32,F3,0.9585,OK,0
2026-03-31 10:22:42,F3,0.9587,OK,0
2026-03-31 10:22:53,F3,0.9589,OK,0
2026-03-31 10:23:03,F3,0.9590,OK,0
2026-03-31 10:23:13,F3,0.9592,OK,0
2026-03-31 10:23:23,F3,0.9593,OK,0
2026-03-31 10:23:34,F3,0.9595,OK,0
2026-03-31 10:23:44,F3,0.9596,OK,0
2026-03-31 10:23:54,F3,0.9598,OK,0
2026-03-31 10:24:05,F3,0.9600,OK,0
2026-03-31 10:24:15,F3,0.9601,OK,0
2026-03-31 10:24:25,F3,0.9603,OK,0
2026-03-31 10:24:35,F3,0.9604,OK,0
2026-03-31 10:24:46,F3,0.9605,OK,0
2026-03-31 10:24:56,F3,0.9607,OK,0
2026-03-31 10:25:06,F3,0.9608,OK,0
2026-03-31 10:25:16,F3,0.9610,OK,0
2026-03-31 10:25:27,F3,0.9611,OK,0
2026-03-31 10:25:37,F3,0.9613,OK,0
2026-03-31 10:25:47,F3,0.9614,OK,0
2026-03-31 10:25:57,F3,0.9615,OK,0
2026-03-31 10:26:08,F3,0.9617,OK,0
2026-03-31 10:26:18,F3,0.9618,OK,0
2026-03-31 10:26:28,F3,0.9619,OK,0
2026-03-31 10:26:38,F3,0.9621,OK,0
2026-03-31 10:26:49,F3,0.9622,OK,0
2026-03-31 10:26:59,F3,0.9623,OK,0
2026-03-31 10:27:09,F3,0.9624,OK,0
2026-03-31 10:27:19,F3,0.9626,OK,0
2026-03-31 10:27:30,F3,0.9627,OK,0
2026-03-31 10:27:40,F3,0.9628,OK,0
2026-03-31 10:27:50,F3,0.9630,OK,0
2026-03-31 10:28:00,F3,0.9631,OK,0
2026-03-31 10:28:11,F3,0.9632,OK,0
2026-03-31 10:28:21,F3,0.9634,OK,0
2026-03-31 10:28:31,F3,0.9635,OK,0
2026-03-31 10:28:41,F3,0.9636,OK,0
2026-03-31 10:28:52,F3,0.9638,OK,0
2026-03-31 10:29:02,F3,0.9639,OK,0
2026-03-31 10:29:12,F3,0.9640,OK,0
2026-03-31 10:29:22,F3,0.9642,OK,0
2026-03-31 10:29:33,F3,0.9643,OK,0
2026-03-31 10:29:43,F3,0.9644,OK,0
2026-03-31 10:29:53,F3,0.9645,OK,0
2026-03-31 10:30:04,F3,0.9647,OK,0
2026-03-31 10:30:14,F3,0.9648,OK,0
2026-03-31 10:30:24,F3,0.9649,OK,0
2026-03-31 10:30:34,F3,0.9651,OK,0
2026-03-31 10:30:45,F3,0.9652,OK,0
2026-03-31 10:30:55,F3,0.9653,OK,0
2026-03-31 10:31:05,F3,0.9654,OK,0
2026-03-31 10:31:15,F3,0.9656,OK,0
2026-03-31 10:31:26,F3,0.9657,OK,0
2026-03-31 10:31:36,F3,0.9658,OK,0
2026-03-31 10:31:46,F3,0.9659,OK,0
2026-03-31 10:31:56,F3,0.9660,OK,0
2026-03-31 10:32:07,F3,0.9662,OK,0
2026-03-31 10:32:17,F3,0.9663,OK,0
2026-03-31 10:32:27,F3,0.9664,OK,0
2026-03-31 10:32:37,F3,0.9665,OK,0
2026-03-31 10:32:48,F3,0.9666,OK,0
2026-03-31 10:32:58,F3,0.9667,OK,0
2026-03-31 10:33:08,F3,0.9669,OK,0
2026-03-31 10:33:19,F3,0.9670,OK,0
2026-03-31 10:33:29,F3,0.9671,OK,0
2026-03-31 10:33:39,F3,0.9672,OK,0
2026-03-31 10:33:49,F3,0.9673,OK,0
2026-03-31 10:34:00,F3,0.9674,OK,0
2026-03-31 10:34:10,F3,0.9675,OK,0
2026-03-31 10:34:20,F3,0.9676,OK,0
2026-03-31 10:34:30,F3,0.9677,OK,0
2026-03-31 10:34:41,F3,0.9679,OK,0
2026-03-31 10:34:51,F3,0.9680,OK,0
2026-03-31 10:35:01,F3,0.9681,OK,0
2026-03-31 10:35:11,F3,0.9682,OK,0
2026-03-31 10:35:22,F3,0.9683,OK,0
2026-03-31 10:35:32,F3,0.9684,OK,0
2026-03-31 10:35:42,F3,0.9685,OK,0
2026-03-31 10:35:52,F3,0.9687,OK,0
2026-03-31 10:36:03,F3,0.9688,OK,0
2026-03-31 10:36:13,F3,0.9689,OK,0
2026-03-31 10:36:23,F3,0.9690,OK,0
2026-03-31 10:36:33,F3,0.9691,OK,0
2026-03-31 10:36:44,F3,0.9692,OK,0
2026-03-31 10:36:54,F3,0.9694,OK,0
2026-03-31 10:37:04,F3,0.9695,OK,0
2026-03-31 10:37:14,F3,0.9696,OK,0
2026-03-31 10:37:25,F3,0.9697,OK,0
2026-03-31 10:37:35,F3,0.9698,OK,0
2026-03-31 10:37:45,F3,0.9699,OK,0
2026-03-31 10:37:55,F3,0.9701,OK,0
2026-03-31 10:38:06,F3,0.9702,OK,0
2026-03-31 10:38:16,F3,0.9703,OK,0
2026-03-31 10:38:26,F3,0.9704,OK,1
2026-03-31 10:38:36,F3,0.9705,OK,0
2026-03-31 10:38:47,F3,0.9706,OK,0
2026-03-31 10:38:57,F3,0.9707,OK,0
2026-03-31 10:39:07,F3,0.9708,Bajo rango,0
2026-03-31 10:39:17,F3,0.9709,Bajo rango,0
2026-03-31 10:39:28,F3,0.9710,Bajo rango,0
2026-03-31 10:39:38,F3,0.9711,OK,0
2026-03-31 10:39:48,F3,0.9712,OK,0
2026-03-31 10:39:59,F3,0.9713,OK,0
2026-03-31 10:40:09,F3,0.9714,OK,0
2026-03-31 10:40:19,F3,0.9714,OK,0
2026-03-31 10:40:29,F3,0.9715,OK,0
2026-03-31 10:40:40,F3,0.9716,OK,0
2026-03-31 10:40:50,F3,0.9716,OK,0
2026-03-31 10:41:00,F3,0.9717,OK,0
2026-03-31 10:41:10,F3,0.9717,OK,0
2026-03-31 10:41:21,F3,0.9717,OK,0
2026-03-31 10:41:31,F3,0.9718,OK,0
2026-03-31 10:41:41,F3,0.9718,OK,1
2026-03-31 10:41:51,F3,0.9718,OK,0
2026-03-31 10:42:02,F3,0.9718,OK,0
2026-03-31 10:42:12,F3,0.9718,OK,0
2026-03-31 10:42:22,F3,0.9718,OK,0
2026-03-31 10:42:33,F3,0.9717,OK,0
2026-03-31 10:42:43,F3,0.9717,OK,0
2026-03-31 10:42:53,F3,0.9716,OK,0
2026-03-31 10:43:03,F3,0.9716,OK,0
2026-03-31 10:43:13,F3,0.9715,OK,0
2026-03-31 10:43:24,F3,0.9714,OK,0
2026-03-31 10:43:34,F3,0.9714,OK,0
2026-03-31 10:43:44,F3,0.9713,OK,0
2026-03-31 10:43:55,F3,0.9712,OK,0
2026-03-31 10:44:05,F3,0.9711,OK,0
2026-03-31 10:44:15,F3,0.9710,OK,0
2026-03-31 10:44:25,F3,0.9708,OK,0
2026-03-31 10:44:36,F3,0.9707,OK,0
2026-03-31 10:44:46,F3,0.9706,OK,0
2026-03-31 10:44:56,F3,0.9705,OK,0
2026-03-31 10:45:06,F3,0.9703,OK,0
2026-03-31 10:45:17,F3,0.9702,OK,0
2026-03-31 10:45:27,F3,0.9700,OK,0
2026-03-31 10:45:37,F3,0.9699,OK,0
2026-03-31 10:45:47,F3,0.9697,OK,0
2026-03-31 10:45:58,F3,0.9695,OK,0
2026-03-31 10:46:08,F3,0.9694,OK,0
2026-03-31 10:46:18,F3,0.9692,OK,0
2026-03-31 10:46:28,F3,0.9690,OK,0
2026-03-31 10:46:39,F3,0.9688,OK,0
2026-03-31 10:46:49,F3,0.9686,OK,0
2026-03-31 10:46:59,F3,0.9684,OK,0
2026-03-31 10:47:09,F3,0.9682,OK,0
2026-03-31 10:47:20,F3,0.9680,OK,0
2026-03-31 10:47:30,F3,0.9678,OK,0
2026-03-31 10:47:40,F3,0.9676,OK,0
2026-03-31 10:47:50,F3,0.9674,OK,0
2026-03-31 10:48:01,F3,0.9672,OK,0
2026-03-31 10:48:11,F3,0.9669,OK,0
2026-03-31 10:48:21,F3,0.9667,OK,0
2026-03-31 10:48:31,F3,0.9665,OK,0
2026-03-31 10:48:42,F3,0.9662,OK,0
2026-03-31 10:48:52,F3,0.9660,OK,0
2026-03-31 10:49:02,F3,0.9658,OK,0
2026-03-31 10:49:12,F3,0.9655,OK,0
2026-03-31 10:49:23,F3,0.9653,OK,0
2026-03-31 10:49:33,F3,0.9650,OK,0
2026-03-31 10:49:43,F3,0.9648,OK,0
2026-03-31 10:49:53,F3,0.9645,OK,0
2026-03-31 10:50:04,F3,0.9642,OK,0
2026-03-31 10:50:14,F3,0.9640,OK,0
2026-03-31 10:50:24,F3,0.9637,OK,0
2026-03-31 10:50:34,F3,0.9634,OK,0
2026-03-31 10:50:45,F3,0.9631,OK,0
2026-03-31 10:50:55,F3,0.9628,OK,0
2026-03-31 10:51:05,F3,0.9625,OK,0
2026-03-31 10:51:15,F3,0.9622,OK,0
2026-03-31 10:51:26,F3,0.9620,OK,0
2026-03-31 10:51:36,F3,0.9617,OK,0
2026-03-31 10:51:46,F3,0.9613,OK,0
2026-03-31 10:51:56,F3,0.9610,OK,0
2026-03-31 10:52:07,F3,0.9607,OK,0
2026-03-31 10:52:17,F3,0.9604,OK,0
2026-03-31 10:52:27,F3,0.9601,OK,0
2026-03-31 10:52:37,F3,0.9598,OK,0
2026-03-31 10:52:48,F3,0.9595,OK,0
2026-03-31 10:52:58,F3,0.9592,OK,0
2026-03-31 10:53:08,F3,0.9588,OK,0
2026-03-31 10:53:18,F3,0.9585,OK,0
2026-03-31 10:53:29,F3,0.9582,OK,0
2026-03-31 10:53:39,F3,0.9579,OK,0
2026-03-31 10:53:49,F3,0.9576,OK,0
2026-03-31 10:53:59,F3,0.9572,OK,0
2026-03-31 10:54:10,F3,0.9569,OK,0
2026-03-31 10:54:20,F3,0.9566,OK,0
2026-03-31 10:54:30,F3,0.9563,OK,0
2026-03-31 10:54:41,F3,0.9559,OK,0
2026-03-31 10:54:51,F3,0.9556,OK,0
2026-03-31 10:55:01,F3,0.9553,OK,0
2026-03-31 10:55:11,F3,0.9549,OK,0
2026-03-31 10:55:22,F3,0.9546,OK,0
2026-03-31 10:55:32,F3,0.9543,OK,0
2026-03-31 10:55:42,F3,0.9540,OK,0
2026-03-31 10:55:52,F3,0.9536,OK,0
2026-03-31 10:56:03,F3,0.9533,OK,0
2026-03-31 10:56:13,F3,0.9530,OK,0
2026-03-31 10:56:23,F3,0.9526,OK,0
2026-03-31 10:56:33,F3,0.9523,OK,0
2026-03-31 10:56:44,F3,0.9520,OK,0
2026-03-31 10:56:54,F3,0.9517,OK,0
2026-03-31 10:57:04,F3,0.9513,OK,0
2026-03-31 10:57:14,F3,0.9510,OK,0
2026-03-31 10:57:25,F3,0.9507,OK,0
2026-03-31 10:57:35,F3,0.9503,OK,0
2026-03-31 10:57:45,F3,0.9500,OK,0
2026-03-31 10:57:55,F3,0.9497,OK,0
2026-03-31 10:58:06,F3,0.9493,OK,0
2026-03-31 10:58:16,F3,0.9490,OK,0
2026-03-31 10:58:26,F3,0.9486,OK,0
2026-03-31 10:58:36,F3,0.9483,OK,0
2026-03-31 10:58:47,F3,0.9480,OK,0
2026-03-31 10:58:57,F3,0.9476,OK,0
2026-03-31 10:59:07,F3,0.9473,OK,0
2026-03-31 10:59:17,F3,0.9469,OK,0
2026-03-31 10:59:28,F3,0.9466,OK,0
2026-03-31 10:59:38,F3,0.9463,OK,0
2026-03-31 10:59:48,F3,0.9459,OK,0
2026-03-31 10:59:58,F3,0.9456,OK,1
2026-03-31 11:00:09,F3,0.9452,OK,0
2026-03-31 11:00:19,F3,0.9449,OK,0
2026-03-31 11:00:29,F3,0.9445,OK,0
2026-03-31 11:00:39,F3,0.9442,OK,0
2026-03-31 11:00:50,F3,0.9438,OK,0
2026-03-31 11:01:00,F3,0.9434,OK,0
2026-03-31 11:01:10,F3,0.9431,OK,0
2026-03-31 11:01:20,F3,0.9427,OK,0
2026-03-31 11:01:31,F3,0.9424,OK,0
2026-03-31 11:01:41,F3,0.9420,OK,0
2026-03-31 11:01:51,F3,0.9416,OK,0
2026-03-31 11:02:01,F3,0.9413,OK,0
2026-03-31 11:02:12,F3,0.9409,OK,0
2026-03-31 11:02:22,F3,0.9406,OK,0
2026-03-31 11:02:32,F3,0.9402,OK,0
2026-03-31 11:02:42,F3,0.9399,OK,0
2026-03-31 11:02:53,F3,0.9395,OK,0
2026-03-31 11:03:03,F3,0.9391,OK,0
2026-03-31 11:03:13,F3,0.9388,OK,0
2026-03-31 11:03:23,F3,0.9384,OK,0
2026-03-31 11:03:34,F3,0.9381,OK,0
2026-03-31 11:03:44,F3,0.9377,OK,0
2026-03-31 11:03:54,F3,0.9374,OK,0
2026-03-31 11:04:04,F3,0.9370,OK,0
2026-03-31 11:04:15,F3,0.9367,OK,0
2026-03-31 11:04:25,F3,0.9363,OK,0
2026-03-31 11:04:35,F3,0.9360,OK,0
2026-03-31 11:04:45,F3,0.9357,OK,0
2026-03-31 11:04:56,F3,0.9353,OK,0
2026-03-31 11:05:06,F3,0.9350,OK,0
2026-03-31 11:05:16,F3,0.9347,OK,0
2026-03-31 11:05:26,F3,0.9343,OK,0
2026-03-31 11:05:37,F3,0.9340,OK,0
2026-03-31 11:05:47,F3,0.9337,OK,0
2026-03-31 11:05:57,F3,0.9334,OK,0
2026-03-31 11:06:07,F3,0.9330,OK,0
2026-03-31 11:06:18,F3,0.9327,OK,0
2026-03-31 11:06:28,F3,0.9324,OK,0
2026-03-31 11:06:38,F3,0.9321,OK,0
2026-03-31 11:06:48,F3,0.9318,OK,0
2026-03-31 11:06:59,F3,0.9315,OK,0
2026-03-31 11:07:09,F3,0.9312,OK,0
2026-03-31 11:07:19,F3,0.9309,OK,0
2026-03-31 11:07:29,F3,0.9306,OK,0
2026-03-31 11:07:40,F3,0.9303,OK,0
2026-03-31 11:07:50,F3,0.9300,OK,0
2026-03-31 11:08:00,F3,0.9297,OK,0
2026-03-31 11:08:10,F3,0.9294,OK,0
2026-03-31 11:08:21,F3,0.9291,OK,0
2026-03-31 11:08:31,F3,0.9288,OK,0
2026-03-31 11:08:41,F3,0.9285,OK,0
2026-03-31 11:08:51,F3,0.9283,OK,0
2026-03-31 11:09:02,F3,0.9280,OK,0
2026-03-31 11:09:12,F3,0.9277,OK,0
2026-03-31 11:09:22,F3,0.9275,OK,0
2026-03-31 11:09:32,F3,0.9272,OK,0
2026-03-31 11:09:43,F3,0.9269,OK,0
2026-03-31 11:09:53,F3,0.9267,OK,0
2026-03-31 11:10:03,F3,0.9264,OK,0
2026-03-31 11:10:13,F3,0.9262,OK,0
2026-03-31 11:10:24,F3,0.9259,OK,0
2026-03-31 11:10:34,F3,0.9257,OK,0
2026-03-31 11:10:44,F3,0.9255,OK,0
2026-03-31 11:10:54,F3,0.9252,OK,0
2026-03-31 11:11:05,F3,0.9250,OK,0
2026-03-31 11:11:15,F3,0.9248,OK,0
2026-03-31 11:11:25,F3,0.9246,OK,0
2026-03-31 11:11:35,F3,0.9243,OK,0
2026-03-31 11:11:46,F3,0.9241,OK,0
2026-03-31 11:11:56,F3,0.9239,OK,0
2026-03-31 11:12:06,F3,0.9237,OK,0
2026-03-31 11:12:16,F3,0.9235,OK,0
2026-03-31 11:12:27,F3,0.9234,OK,0
2026-03-31 11:12:37,F3,0.9232,OK,0
2026-03-31 11:12:47,F3,0.9230,OK,0
2026-03-31 11:12:57,F3,0.9228,OK,0
2026-03-31 11:13:08,F3,0.9227,OK,0
2026-03-31 11:13:18,F3,0.9225,OK,0
2026-03-31 11:13:28,F3,0.9223,OK,0
2026-03-31 11:13:38,F3,0.9222,OK,0
2026-03-31 11:13:49,F3,0.9220,OK,0
2026-03-31 11:13:59,F3,0.9219,OK,0
2026-03-31 11:14:09,F3,0.9218,OK,0
2026-03-31 11:14:19,F3,0.9216,OK,0
2026-03-31 11:14:30,F3,0.9215,OK,0
2026-03-31 11:14:40,F3,0.9214,OK,0
2026-03-31 11:14:50,F3,0.9213,OK,0
2026-03-31 11:15:00,F3,0.9212,OK,0
2026-03-31 11:15:11,F3,0.9211,OK,0
2026-03-31 11:15:21,F3,0.9210,OK,0
2026-03-31 11:15:31,F3,0.9209,OK,0
2026-03-31 11:15:41,F3,0.9208,OK,0
2026-03-31 11:15:52,F3,0.9207,OK,0
2026-03-31 11:16:02,F3,0.9206,OK,0
2026-03-31 11:16:12,F3,0.9205,OK,0
2026-03-31 11:16:23,F3,0.9205,OK,0
2026-03-31 11:16:33,F3,0.9204,OK,0
2026-03-31 11:16:43,F3,0.9203,OK,0
2026-03-31 11:16:53,F3,0.9203,OK,0
2026-03-31 11:17:04,F3,0.9202,OK,0
2026-03-31 11:17:14,F3,0.9202,OK,0
2026-03-31 11:17:24,F3,0.9201,OK,0
2026-03-31 11:17:34,F3,0.9201,OK,0
2026-03-31 11:17:45,F3,0.9200,OK,0
2026-03-31 11:17:55,F3,0.9200,OK,0
2026-03-31 11:18:05,F3,0.9200,OK,0
2026-03-31 11:18:15,F3,0.9200,OK,0
2026-03-31 11:18:26,F3,0.9200,OK,0
2026-03-31 11:18:36,F3,0.9199,OK,0
2026-03-31 11:18:46,F3,0.9199,OK,0
2026-03-31 11:18:56,F3,0.9200,OK,0
2026-03-31 11:19:07,F3,0.9200,OK,0
2026-03-31 11:19:17,F3,0.9200,OK,0
2026-03-31 11:19:27,F3,0.9200,OK,0
2026-03-31 11:19:37,F3,0.9200,OK,0
2026-03-31 11:19:48,F3,0.9201,OK,0
2026-03-31 11:19:58,F3,0.9201,OK,0
2026-03-31 11:20:08,F3,0.9202,OK,0
2026-03-31 11:20:19,F3,0.9202,OK,0
2026-03-31 11:20:29,F3,0.9203,OK,0
2026-03-31 11:20:39,F3,0.9203,OK,0
2026-03-31 11:20:49,F3,0.9204,OK,0
2026-03-31 11:21:00,F3,0.9205,OK,0
2026-03-31 11:21:10,F3,0.9205,OK,0
2026-03-31 11:21:20,F3,0.9206,OK,0
2026-03-31 11:21:30,F3,0.9207,OK,0
2026-03-31 11:21:41,F3,0.9208,OK,0
2026-03-31 11:21:51,F3,0.9209,OK,0
2026-03-31 11:22:01,F3,0.9210,OK,0
2026-03-31 11:22:11,F3,0.9211,OK,0
2026-03-31 11:22:22,F3,0.9213,OK,0
2026-03-31 11:22:32,F3,0.9214,OK,0
2026-03-31 11:22:42,F3,0.9215,OK,0
2026-03-31 11:22:52,F3,0.9216,OK,0
2026-03-31 11:23:03,F3,0.9218,OK,0
2026-03-31 11:23:13,F3,0.9219,OK,0
2026-03-31 11:23:23,F3,0.9220,OK,0
2026-03-31 11:23:33,F3,0.9222,OK,0
2026-03-31 11:23:44,F3,0.9223,OK,0
2026-03-31 11:23:54,F3,0.9225,OK,0
2026-03-31 11:24:04,F3,0.9226,OK,0
2026-03-31 11:24:14,F3,0.9228,OK,0
2026-03-31 11:24:25,F3,0.9230,OK,0
2026-03-31 11:24:35,F3,0.9231,OK,0
2026-03-31 11:24:45,F3,0.9233,OK,0
2026-03-31 11:24:55,F3,0.9235,OK,0
2026-03-31 11:25:06,F3,0.9237,OK,0
2026-03-31 11:25:16,F3,0.9238,OK,0
2026-03-31 11:25:26,F3,0.9240,OK,0
2026-03-31 11:25:36,F3,0.9242,OK,0
2026-03-31 11:25:47,F3,0.9244,OK,0
2026-03-31 11:25:57,F3,0.9246,OK,0
2026-03-31 11:26:07,F3,0.9248,OK,0
2026-03-31 11:26:17,F3,0.9250,OK,0
2026-03-31 11:26:28,F3,0.9252,OK,0
2026-03-31 11:26:38,F3,0.9254,OK,0
2026-03-31 11:26:48,F3,0.9256,OK,0
2026-03-31 11:26:58,F3,0.9258,OK,0
2026-03-31 11:27:09,F3,0.9260,OK,0
2026-03-31 11:27:19,F3,0.9262,OK,0
2026-03-31 11:27:29,F3,0.9264,OK,0
2026-03-31 11:27:39,F3,0.9266,OK,0
2026-03-31 11:27:50,F3,0.9268,OK,0
2026-03-31 11:28:00,F3,0.9270,OK,0
2026-03-31 11:28:10,F3,0.9272,OK,0
2026-03-31 11:28:21,F3,0.9274,OK,0
2026-03-31 11:28:31,F3,0.9277,OK,0
2026-03-31 11:28:41,F3,0.9279,OK,0
2026-03-31 11:28:51,F3,0.9281,OK,0
2026-03-31 11:29:02,F3,0.9283,OK,0
2026-03-31 11:29:12,F3,0.9285,OK,0
2026-03-31 11:29:22,F3,0.9288,OK,0
2026-03-31 11:29:32,F3,0.9290,OK,0
2026-03-31 11:29:43,F3,0.9292,OK,0
2026-03-31 11:29:53,F3,0.9295,OK,0
2026-03-31 11:30:03,F3,0.9297,OK,0
2026-03-31 11:30:13,F3,0.9300,OK,0
2026-03-31 11:30:24,F3,0.9302,OK,0
2026-03-31 11:30:34,F3,0.9305,OK,0
2026-03-31 11:30:44,F3,0.9307,OK,0
2026-03-31 11:30:54,F3,0.9310,OK,0
2026-03-31 11:31:05,F3,0.9312,OK,0
2026-03-31 11:31:15,F3,0.9315,OK,0
2026-03-31 11:31:25,F3,0.9317,OK,0
2026-03-31 11:31:35,F3,0.9320,OK,0
2026-03-31 11:31:46,F3,0.9323,OK,0
2026-03-31 11:31:56,F3,0.9325,OK,0
2026-03-31 11:32:06,F3,0.9328,OK,0
2026-03-31 11:32:16,F3,0.9331,OK,0
2026-03-31 11:32:27,F3,0.9334,OK,0
2026-03-31 11:32:37,F3,0.9337,OK,0
2026-03-31 11:32:47,F3,0.9339,OK,0
2026-03-31 11:32:57,F3,0.9342,OK,0
2026-03-31 11:33:08,F3,0.9345,OK,0
2026-03-31 11:33:18,F3,0.9348,OK,0
2026-03-31 11:33:28,F3,0.9351,OK,0
2026-03-31 11:33:38,F3,0.9354,OK,0
2026-03-31 11:33:49,F3,0.9357,OK,0
2026-03-31 11:33:59,F3,0.9360,OK,0
2026-03-31 11:34:09,F3,0.9363,OK,0
2026-03-31 11:34:19,F3,0.9366,OK,0
2026-03-31 11:34:30,F3,0.9369,OK,0
2026-03-31 11:34:40,F3,0.9372,OK,0
2026-03-31 11:34:50,F3,0.9375,OK,0
2026-03-31 11:35:00,F3,0.9378,OK,0
2026-03-31 11:35:11,F3,0.9381,OK,0
2026-03-31 11:35:21,F3,0.9384,OK,0
2026-03-31 11:35:31,F3,0.9387,OK,0
2026-03-31 11:35:41,F3,0.9390,OK,0
2026-03-31 11:35:52,F3,0.9393,OK,0
2026-03-31 11:36:02,F3,0.9396,OK,0
2026-03-31 11:36:12,F3,0.9399,OK,0
2026-03-31 11:36:23,F3,0.9402,OK,0
2026-03-31 11:36:33,F3,0.9405,OK,0
2026-03-31 11:36:43,F3,0.9408,OK,0
2026-03-31 11:36:53,F3,0.9411,OK,0
2026-03-31 11:37:04,F3,0.9414,OK,0
2026-03-31 11:37:14,F3,0.9417,OK,0
2026-03-31 11:37:24,F3,0.9420,OK,0
2026-03-31 11:37:34,F3,0.9423,OK,0
2026-03-31 11:37:45,F3,0.9426,OK,0
2026-03-31 11:37:55,F3,0.9429,OK,0
2026-03-31 11:38:05,F3,0.9432,OK,0
2026-03-31 11:38:15,F3,0.9435,OK,0
2026-03-31 11:38:26,F3,0.9438,OK,0
2026-03-31 11:38:36,F3,0.9441,OK,0
2026-03-31 11:38:46,F3,0.9444,OK,0
2026-03-31 11:38:56,F3,0.9446,OK,0
2026-03-31 11:39:07,F3,0.9449,OK,0
2026-03-31 11:39:17,F3,0.9452,OK,0
2026-03-31 11:39:27,F3,0.9455,OK,0
2026-03-31 11:39:37,F3,0.9458,OK,0
2026-03-31 11:39:48,F3,0.9460,OK,0
2026-03-31 11:39:58,F3,0.9463,OK,0
2026-03-31 11:40:08,F3,0.9466,OK,0
2026-03-31 11:40:18,F3,0.9468,OK,0
2026-03-31 11:40:29,F3,0.9471,OK,0
2026-03-31 11:40:39,F3,0.9474,OK,0
2026-03-31 11:40:49,F3,0.9476,OK,0
2026-03-31 11:40:59,F3,0.9479,OK,0
2026-03-31 11:41:10,F3,0.9482,OK,0
2026-03-31 11:41:20,F3,0.9484,OK,0
2026-03-31 11:41:30,F3,0.9487,OK,0
2026-03-31 11:41:41,F3,0.9490,OK,0
2026-03-31 11:41:51,F3,0.9492,OK,0
2026-03-31 11:42:01,F3,0.9495,OK,0
2026-03-31 11:42:11,F3,0.9498,OK,0
2026-03-31 11:42:22,F3,0.9500,OK,0
2026-03-31 11:42:32,F3,0.9503,OK,0
2026-03-31 11:42:42,F3,0.9506,OK,0
2026-03-31 11:42:52,F3,0.9508,OK,0
2026-03-31 11:43:03,F3,0.9511,OK,0
2026-03-31 11:43:13,F3,0.9514,OK,0
2026-03-31 11:43:23,F3,0.9516,OK,0
2026-03-31 11:43:33,F3,0.9519,OK,0
2026-03-31 11:43:44,F3,0.9522,OK,0
2026-03-31 11:43:54,F3,0.9524,OK,0
2026-03-31 11:44:04,F3,0.9527,OK,0
2026-03-31 11:44:15,F3,0.9530,OK,1
2026-03-31 11:44:25,F3,0.9533,OK,0
2026-03-31 11:44:35,F3,0.9535,OK,0
2026-03-31 11:44:45,F3,0.9538,OK,0
2026-03-31 11:44:56,F3,0.9541,OK,0
2026-03-31 11:45:06,F3,0.9543,OK,0
2026-03-31 11:45:16,F3,0.9546,OK,0
2026-03-31 11:45:27,F3,0.9549,OK,0
2026-03-31 11:45:37,F3,0.9552,OK,0
2026-03-31 11:45:47,F3,0.9554,OK,0
2026-03-31 11:45:57,F3,0.9557,OK,0
2026-03-31 11:46:08,F3,0.9560,OK,0
2026-03-31 11:46:18,F3,0.9562,OK,0
2026-03-31 11:46:28,F3,0.9565,OK,1
2026-03-31 11:46:38,F3,0.9568,OK,1
2026-03-31 11:46:49,F3,0.9570,OK,1
2026-03-31 11:46:59,F3,0.9573,Bajo rango,0
2026-03-31 11:47:09,F3,0.9576,OK,0
2026-03-31 11:47:19,F3,0.9578,Bajo rango,0
2026-03-31 11:47:30,F3,0.9581,OK,0
2026-03-31 11:47:40,F3,0.9583,OK,0
2026-03-31 11:47:50,F3,0.9586,OK,0
2026-03-31 11:48:00,F3,0.9589,OK,0
2026-03-31 11:48:11,F3,0.9591,OK,0
2026-03-31 11:48:21,F3,0.9593,OK,0
2026-03-31 11:48:31,F3,0.9596,OK,0
2026-03-31 11:48:41,F3,0.9598,OK,0
2026-03-31 11:48:52,F3,0.9600,OK,0
2026-03-31 11:49:02,F3,0.9603,OK,0
2026-03-31 11:49:12,F3,0.9605,OK,0
2026-03-31 11:49:22,F3,0.9607,OK,0
2026-03-31 11:49:33,F3,0.9609,OK,0
2026-03-31 11:49:43,F3,0.9611,OK,0
2026-03-31 11:49:53,F3,0.9613,OK,0
2026-03-31 11:50:04,F3,0.9614,OK,0
2026-03-31 11:50:14,F3,0.9616,OK,0
2026-03-31 11:50:24,F3,0.9618,OK,0
2026-03-31 11:50:34,F3,0.9619,OK,0
2026-03-31 11:50:45,F3,0.9621,OK,0
2026-03-31 11:50:55,F3,0.9622,OK,0
2026-03-31 11:51:05,F3,0.9623,OK,0
2026-03-31 11:51:15,F3,0.9624,OK,0
2026-03-31 11:51:26,F3,0.9626,OK,0
2026-03-31 11:51:36,F3,0.9627,OK,0
2026-03-31 11:51:46,F3,0.9628,OK,0
2026-03-31 11:51:56,F3,0.9628,OK,0
2026-03-31 11:52:07,F3,0.9629,OK,0
2026-03-31 11:52:17,F3,0.9630,OK,0
2026-03-31 11:52:27,F3,0.9631,OK,0
2026-03-31 11:52:37,F3,0.9631,OK,0
2026-03-31 11:52:48,F3,0.9632,OK,0
2026-03-31 11:52:58,F3,0.9632,OK,0
2026-03-31 11:53:08,F3,0.9632,OK,0
2026-03-31 11:53:18,F3,0.9633,OK,0
2026-03-31 11:53:29,F3,0.9633,OK,0
2026-03-31 11:53:39,F3,0.9633,OK,0
2026-03-31 11:53:49,F3,0.9633,OK,0
2026-03-31 11:53:59,F3,0.9633,OK,0
2026-03-31 11:54:10,F3,0.9633,OK,0
2026-03-31 11:54:20,F3,0.9633,OK,0
2026-03-31 11:54:30,F3,0.9633,OK,0
2026-03-31 11:54:40,F3,0.9632,OK,0
2026-03-31 11:54:51,F3,0.9632,OK,0
2026-03-31 11:55:01,F3,0.9632,OK,0
2026-03-31 11:55:11,F3,0.9631,OK,0
2026-03-31 11:55:21,F3,0.9631,OK,0
2026-03-31 11:55:32,F3,0.9630,OK,0
2026-03-31 11:55:42,F3,0.9630,OK,0
2026-03-31 11:55:52,F3,0.9629,OK,0
2026-03-31 11:56:02,F3,0.9629,OK,0
2026-03-31 11:56:13,F3,0.9628,OK,0
2026-03-31 11:56:23,F3,0.9627,OK,0
2026-03-31 11:56:33,F3,0.9627,OK,0
2026-03-31 11:56:44,F3,0.9626,OK,0
2026-03-31 11:56:54,F3,0.9625,OK,0
2026-03-31 11:57:04,F3,0.9624,OK,0
2026-03-31 11:57:14,F3,0.9624,OK,0
2026-03-31 11:57:24,F3,0.9623,OK,0
2026-03-31 11:57:35,F3,0.9622,OK,0
2026-03-31 11:57:45,F3,0.9621,OK,0
2026-03-31 11:57:55,F3,0.9620,OK,0
2026-03-31 11:58:06,F3,0.9619,OK,0
2026-03-31 11:58:16,F3,0.9618,OK,0
2026-03-31 11:58:26,F3,0.9618,OK,0
2026-03-31 11:58:36,F3,0.9617,OK,0
2026-03-31 11:58:47,F3,0.9616,OK,0
2026-03-31 11:58:57,F3,0.9615,OK,0
2026-03-31 11:59:07,F3,0.9614,OK,0
2026-03-31 11:59:17,F3,0.9613,OK,0
2026-03-31 11:59:28,F3,0.9612,OK,0
2026-03-31 11:59:38,F3,0.9611,OK,0
2026-03-31 11:59:48,F3,0.9610,OK,0
2026-03-31 11:59:58,F3,0.9608,OK,0
2026-03-31 12:00:09,F3,0.9607,OK,0
2026-03-31 12:00:19,F3,0.9606,OK,0
2026-03-31 12:00:29,F3,0.9605,OK,0
2026-03-31 12:00:39,F3,0.9604,OK,0
2026-03-31 12:00:50,F3,0.9603,OK,0
2026-03-31 12:01:00,F3,0.9602,OK,0
2026-03-31 12:01:10,F3,0.9601,OK,0
2026-03-31 12:01:20,F3,0.9599,OK,0
2026-03-31 12:01:31,F3,0.9598,OK,0
2026-03-31 12:01:41,F3,0.9597,OK,0
2026-03-31 12:01:51,F3,0.9596,OK,0
2026-03-31 12:02:01,F3,0.9595,OK,0
2026-03-31 12:02:12,F3,0.9593,OK,0
2026-03-31 12:02:22,F3,0.9592,OK,0
2026-03-31 12:02:32,F3,0.9591,OK,0
2026-03-31 12:02:42,F3,0.9590,OK,0
2026-03-31 12:02:53,F3,0.9588,OK,0
2026-03-31 12:03:03,F3,0.9587,OK,0
2026-03-31 12:03:13,F3,0.9586,OK,0
2026-03-31 12:03:23,F3,0.9584,OK,0
2026-03-31 12:03:34,F3,0.9583,OK,0
2026-03-31 12:03:44,F3,0.9581,OK,0
2026-03-31 12:03:54,F3,0.9580,OK,0
2026-03-31 12:04:04,F3,0.9579,OK,0
2026-03-31 12:04:15,F3,0.9577,OK,0
2026-03-31 12:04:25,F3,0.9576,OK,0
2026-03-31 12:04:35,F3,0.9574,OK,0
2026-03-31 12:04:45,F3,0.9573,OK,0
2026-03-31 12:04:56,F3,0.9571,OK,0
2026-03-31 12:05:06,F3,0.9570,OK,0
2026-03-31 12:05:16,F3,0.9568,OK,0
2026-03-31 12:05:26,F3,0.9567,OK,0
2026-03-31 12:05:37,F3,0.9565,OK,0
2026-03-31 12:05:47,F3,0.9563,OK,0
2026-03-31 12:05:57,F3,0.9562,OK,0
2026-03-31 12:06:07,F3,0.9560,OK,0
2026-03-31 12:06:18,F3,0.9558,OK,0
2026-03-31 12:06:28,F3,0.9557,OK,0
2026-03-31 12:06:38,F3,0.9555,OK,0
2026-03-31 12:06:48,F3,0.9553,OK,0
2026-03-31 12:06:59,F3,0.9551,OK,0
2026-03-31 12:07:09,F3,0.9549,OK,0
2026-03-31 12:07:19,F3,0.9548,OK,0
2026-03-31 12:07:29,F3,0.9546,OK,0
2026-03-31 12:07:40,F3,0.9544,OK,0
2026-03-31 12:07:50,F3,0.9542,OK,0
2026-03-31 12:08:00,F3,0.9540,OK,0
2026-03-31 12:08:11,F3,0.9538,OK,0
2026-03-31 12:08:21,F3,0.9536,OK,0
2026-03-31 12:08:31,F3,0.9534,OK,0
2026-03-31 12:08:41,F3,0.9532,OK,0
2026-03-31 12:08:52,F3,0.9530,OK,0
2026-03-31 12:09:02,F3,0.9528,OK,0
2026-03-31 12:09:12,F3,0.9526,OK,0
2026-03-31 12:09:22,F3,0.9524,OK,0
2026-03-31 12:09:33,F3,0.9522,OK,0
2026-03-31 12:09:43,F3,0.9520,OK,0
2026-03-31 12:09:53,F3,0.9518,OK,0
2026-03-31 12:10:03,F3,0.9516,OK,0
2026-03-31 12:10:14,F3,0.9514,OK,0
2026-03-31 12:10:24,F3,0.9512,OK,0
2026-03-31 12:10:34,F3,0.9510,OK,0
2026-03-31 12:10:45,F3,0.9508,OK,0
2026-03-31 12:10:55,F3,0.9506,OK,0
2026-03-31 12:11:05,F3,0.9504,OK,0
2026-03-31 12:11:15,F3,0.9502,OK,0
2026-03-31 12:11:26,F3,0.9500,OK,0
2026-03-31 12:11:36,F3,0.9498,OK,0
2026-03-31 12:11:46,F3,0.9496,OK,0
2026-03-31 12:11:56,F3,0.9494,OK,0
2026-03-31 12:12:07,F3,0.9492,OK,0
2026-03-31 12:12:17,F3,0.9490,OK,0
2026-03-31 12:12:27,F3,0.9489,OK,0
2026-03-31 12:12:37,F3,0.9487,OK,0
2026-03-31 12:12:48,F3,0.9485,OK,0
2026-03-31 12:12:58,F3,0.9483,OK,0
2026-03-31 12:13:08,F3,0.9481,OK,0
2026-03-31 12:13:18,F3,0.9479,OK,0
2026-03-31 12:13:29,F3,0.9478,OK,0
2026-03-31 12:13:39,F3,0.9476,OK,0
2026-03-31 12:13:49,F3,0.9474,OK,0
2026-03-31 12:13:59,F3,0.9472,OK,0
2026-03-31 12:14:10,F3,0.9471,OK,0
2026-03-31 12:14:20,F3,0.9469,OK,0
2026-03-31 12:14:30,F3,0.9467,OK,0
2026-03-31 12:14:40,F3,0.9465,OK,0
2026-03-31 12:14:51,F3,0.9464,OK,0
2026-03-31 12:15:01,F3,0.9462,OK,0
2026-03-31 12:15:11,F3,0.9460,OK,0
2026-03-31 12:15:21,F3,0.9459,OK,0
2026-03-31 12:15:32,F3,0.9457,OK,0
2026-03-31 12:15:42,F3,0.9455,OK,0
2026-03-31 12:15:52,F3,0.9454,OK,0
2026-03-31 12:16:03,F3,0.9452,OK,0
2026-03-31 12:16:13,F3,0.9450,OK,0
2026-03-31 12:16:23,F3,0.9448,OK,0
2026-03-31 12:16:33,F3,0.9447,OK,0
2026-03-31 12:16:44,F3,0.9445,OK,0
2026-03-31 12:16:54,F3,0.9443,OK,0
2026-03-31 12:17:04,F3,0.9442,OK,0
2026-03-31 12:17:14,F3,0.9440,OK,0
2026-03-31 12:17:25,F3,0.9438,OK,0
2026-03-31 12:17:35,F3,0.9437,OK,0
2026-03-31 12:17:45,F3,0.9435,OK,0
2026-03-31 12:17:55,F3,0.9433,OK,0
2026-03-31 12:18:06,F3,0.9432,OK,0
2026-03-31 12:18:16,F3,0.9430,OK,0
2026-03-31 12:18:26,F3,0.9428,OK,0
2026-03-31 12:18:36,F3,0.9426,OK,0
2026-03-31 12:18:47,F3,0.9425,OK,0
2026-03-31 12:18:57,F3,0.9423,OK,0
2026-03-31 12:19:07,F3,0.9421,OK,0
2026-03-31 12:19:17,F3,0.9419,OK,0
2026-03-31 12:19:28,F3,0.9418,OK,0
2026-03-31 12:19:38,F3,0.9416,OK,0
2026-03-31 12:19:48,F3,0.9414,OK,0
2026-03-31 12:19:58,F3,0.9412,OK,0
2026-03-31 12:20:09,F3,0.9410,OK,0
2026-03-31 12:20:19,F3,0.9408,OK,0
2026-03-31 12:20:29,F3,0.9407,OK,0
2026-03-31 12:20:39,F3,0.9405,OK,0
2026-03-31 12:20:50,F3,0.9403,OK,1
2026-03-31 12:21:00,F3,0.9401,OK,0
2026-03-31 12:21:10,F3,0.9399,OK,0
2026-03-31 12:21:20,F3,0.9397,OK,0
2026-03-31 12:21:31,F3,0.9395,OK,0
2026-03-31 12:21:41,F3,0.9393,OK,0
2026-03-31 12:21:51,F3,0.9391,OK,0
2026-03-31 12:22:01,F3,0.9389,OK,0
2026-03-31 12:22:12,F3,0.9387,OK,0
2026-03-31 12:22:22,F3,0.9385,OK,0
2026-03-31 12:22:32,F3,0.9383,OK,0
2026-03-31 12:22:42,F3,0.9381,OK,0
2026-03-31 12:22:53,F3,0.9379,OK,0
2026-03-31 12:23:03,F3,0.9377,OK,0
2026-03-31 12:23:13,F3,0.9375,OK,0
2026-03-31 12:23:24,F3,0.9373,OK,0
2026-03-31 12:23:34,F3,0.9371,OK,0
2026-03-31 12:23:44,F3,0.9369,OK,0
2026-03-31 12:23:54,F3,0.9366,OK,0
2026-03-31 12:24:05,F3,0.9364,OK,0
2026-03-31 12:24:15,F3,0.9362,OK,0
2026-03-31 12:24:25,F3,0.9360,OK,0
2026-03-31 12:24:35,F3,0.9358,OK,0
2026-03-31 12:24:46,F3,0.9356,OK,0
2026-03-31 12:24:56,F3,0.9354,OK,0
2026-03-31 12:25:06,F3,0.9352,OK,0
2026-03-31 12:25:16,F3,0.9351,OK,0
2026-03-31 12:25:27,F3,0.9349,OK,0
2026-03-31 12:25:37,F3,0.9347,OK,0
2026-03-31 12:25:47,F3,0.9345,OK,0
2026-03-31 12:25:57,F3,0.9343,OK,0
2026-03-31 12:26:08,F3,0.9341,OK,0
2026-03-31 12:26:18,F3,0.9339,OK,0
2026-03-31 12:26:28,F3,0.9337,OK,0
2026-03-31 12:26:38,F3,0.9335,OK,0
2026-03-31 12:26:49,F3,0.9333,OK,0
2026-03-31 12:26:59,F3,0.9331,OK,0
2026-03-31 12:27:09,F3,0.9330,OK,0
2026-03-31 12:27:20,F3,0.9328,OK,0
2026-03-31 12:27:30,F3,0.9326,OK,0
2026-03-31 12:27:40,F3,0.9324,OK,0
2026-03-31 12:27:50,F3,0.9322,OK,0
2026-03-31 12:28:00,F3,0.9321,OK,0
2026-03-31 12:28:11,F3,0.9319,OK,0
2026-03-31 12:28:21,F3,0.9317,OK,0
2026-03-31 12:28:31,F3,0.9315,OK,0
2026-03-31 12:28:42,F3,0.9314,OK,0
2026-03-31 12:28:52,F3,0.9312,OK,0
2026-03-31 12:29:02,F3,0.9310,OK,0
2026-03-31 12:29:12,F3,0.9308,OK,0
2026-03-31 12:29:23,F3,0.9307,OK,0
2026-03-31 12:29:33,F3,0.9305,OK,0
2026-03-31 12:29:43,F3,0.9303,OK,0
2026-03-31 12:29:53,F3,0.9301,OK,0
2026-03-31 12:30:04,F3,0.9300,OK,0
2026-03-31 12:30:14,F3,0.9298,OK,0
2026-03-31 12:30:24,F3,0.9296,OK,0
2026-03-31 12:30:34,F3,0.9295,OK,0
2026-03-31 12:30:45,F3,0.9293,OK,0
2026-03-31 12:30:55,F3,0.9291,OK,0
2026-03-31 12:31:05,F3,0.9289,OK,0
2026-03-31 12:31:15,F3,0.9288,OK,0
2026-03-31 12:31:26,F3,0.9286,OK,0
2026-03-31 12:31:36,F3,0.9284,OK,0
2026-03-31 12:31:46,F3,0.9282,OK,0
2026-03-31 12:31:56,F3,0.9281,OK,0
2026-03-31 12:32:07,F3,0.9279,OK,0
2026-03-31 12:32:17,F3,0.9277,OK,0
2026-03-31 12:32:27,F3,0.9275,OK,0
2026-03-31 12:32:37,F3,0.9274,OK,0
2026-03-31 12:32:48,F3,0.9272,OK,0
2026-03-31 12:32:58,F3,0.9270,OK,0
2026-03-31 12:33:08,F3,0.9268,OK,0
2026-03-31 12:33:18,F3,0.9266,OK,0
2026-03-31 12:33:29,F3,0.9264,OK,0
2026-03-31 12:33:39,F3,0.9262,OK,0
2026-03-31 12:33:49,F3,0.9260,OK,0
2026-03-31 12:33:59,F3,0.9259,OK,0
2026-03-31 12:34:10,F3,0.9257,OK,0
2026-03-31 12:34:20,F3,0.9255,OK,0
2026-03-31 12:34:30,F3,0.9253,OK,0
2026-03-31 12:34:41,F3,0.9251,OK,0
2026-03-31 12:34:51,F3,0.9249,OK,0
2026-03-31 12:35:01,F3,0.9246,OK,0
2026-03-31 12:35:11,F3,0.9244,OK,0
2026-03-31 12:35:22,F3,0.9242,OK,0
2026-03-31 12:35:32,F3,0.9240,OK,0
2026-03-31 12:35:42,F3,0.9238,OK,0
2026-03-31 12:35:52,F3,0.9236,OK,0
2026-03-31 12:36:03,F3,0.9234,OK,0
2026-03-31 12:36:13,F3,0.9231,OK,0
2026-03-31 12:36:23,F3,0.9229,OK,0
2026-03-31 12:36:33,F3,0.9227,OK,0
2026-03-31 12:36:44,F3,0.9225,OK,0
2026-03-31 12:36:54,F3,0.9222,OK,0
2026-03-31 12:37:04,F3,0.9220,OK,0
2026-03-31 12:37:14,F3,0.9218,OK,0
2026-03-31 12:37:25,F3,0.9215,OK,0
2026-03-31 12:37:35,F3,0.9213,OK,0
2026-03-31 12:37:45,F3,0.9211,OK,0
2026-03-31 12:37:56,F3,0.9208,OK,0
2026-03-31 12:38:06,F3,0.9206,OK,0
2026-03-31 12:38:16,F3,0.9204,OK,0
2026-03-31 12:38:26,F3,0.9201,OK,0
2026-03-31 12:38:37,F3,0.9199,OK,0
2026-03-31 12:38:47,F3,0.9197,OK,0
2026-03-31 12:38:57,F3,0.9194,OK,0
2026-03-31 12:39:07,F3,0.9192,OK,0
2026-03-31 12:39:18,F3,0.9190,OK,0
2026-03-31 12:39:28,F3,0.9188,OK,0
2026-03-31 12:39:38,F3,0.9185,OK,0
2026-03-31 12:39:48,F3,0.9183,OK,0
2026-03-31 12:39:59,F3,0.9181,OK,0
2026-03-31 12:40:09,F3,0.9179,OK,0
2026-03-31 12:40:19,F3,0.9176,OK,0
2026-03-31 12:40:29,F3,0.9174,OK,0
2026-03-31 12:40:40,F3,0.9172,OK,0
2026-03-31 12:40:50,F3,0.9170,OK,0
2026-03-31 12:41:00,F3,0.9168,OK,0
2026-03-31 12:41:10,F3,0.9166,OK,0
2026-03-31 12:41:21,F3,0.9164,OK,0
2026-03-31 12:41:31,F3,0.9162,OK,0
2026-03-31 12:41:41,F3,0.9160,OK,0
2026-03-31 12:41:51,F3,0.9158,OK,0
2026-03-31 12:42:02,F3,0.9156,OK,0
2026-03-31 12:42:12,F3,0.9154,OK,0
2026-03-31 12:42:22,F3,0.9152,OK,0
2026-03-31 12:42:32,F3,0.9150,OK,0
2026-03-31 12:42:43,F3,0.9148,OK,0
2026-03-31 12:42:53,F3,0.9146,OK,0
2026-03-31 12:43:03,F3,0.9144,OK,0
2026-03-31 12:43:13,F3,0.9143,OK,0
2026-03-31 12:43:24,F3,0.9141,OK,0
2026-03-31 12:43:34,F3,0.9139,OK,0
2026-03-31 12:43:44,F3,0.9137,OK,0
2026-03-31 12:43:54,F3,0.9136,OK,0
2026-03-31 12:44:05,F3,0.9134,OK,0
2026-03-31 12:44:15,F3,0.9132,OK,0
2026-03-31 12:44:25,F3,0.9130,OK,0
2026-03-31 12:44:36,F3,0.9129,OK,0
2026-03-31 12:44:46,F3,0.9127,OK,0
2026-03-31 12:44:56,F3,0.9126,OK,0
2026-03-31 12:45:06,F3,0.9124,OK,0
2026-03-31 12:45:17,F3,0.9122,OK,0
2026-03-31 12:45:27,F3,0.9121,OK,0
2026-03-31 12:45:37,F3,0.9119,OK,0
2026-03-31 12:45:47,F3,0.9118,OK,0
2026-03-31 12:45:58,F3,0.9116,OK,0
2026-03-31 12:46:08,F3,0.9115,OK,0
2026-03-31 12:46:18,F3,0.9113,OK,0
2026-03-31 12:46:28,F3,0.9112,OK,0
2026-03-31 12:46:39,F3,0.9110,Bajo rango,1
2026-03-31 12:46:49,F3,0.9109,OK,0
2026-03-31 12:46:59,F3,0.9107,OK,0
2026-03-31 12:47:09,F3,0.9106,OK,0
2026-03-31 12:47:20,F3,0.9104,OK,0
2026-03-31 12:47:30,F3,0.9103,OK,0
2026-03-31 12:47:40,F3,0.9101,OK,0
2026-03-31 12:47:50,F3,0.9100,OK,0
2026-03-31 12:48:01,F3,0.9099,OK,0
2026-03-31 12:48:11,F3,0.9097,OK,1
2026-03-31 12:48:21,F3,0.9096,OK,0
2026-03-31 12:48:32,F3,0.9094,OK,0
2026-03-31 12:48:42,F3,0.9093,OK,0
2026-03-31 12:48:52,F3,0.9091,OK,0
2026-03-31 12:49:02,F3,0.9090,OK,0
2026-03-31 12:49:13,F3,0.9089,OK,0
2026-03-31 12:49:23,F3,0.9087,OK,0
2026-03-31 12:49:33,F3,0.9086,OK,0
2026-03-31 12:49:43,F3,0.9084,OK,0
2026-03-31 12:49:54,F3,0.9083,OK,0
2026-03-31 12:50:04,F3,0.9082,OK,0
2026-03-31 12:50:14,F3,0.9080,OK,0
2026-03-31 12:50:24,F3,0.9079,OK,0
2026-03-31 12:50:35,F3,0.9077,OK,0
2026-03-31 12:50:45,F3,0.9076,OK,0
2026-03-31 12:50:55,F3,0.9075,OK,0
2026-03-31 12:51:05,F3,0.9073,OK,0
2026-03-31 12:51:16,F3,0.9072,OK,0
2026-03-31 12:51:26,F3,0.9070,OK,0
2026-03-31 12:51:36,F3,0.9069,OK,0
2026-03-31 12:51:47,F3,0.9067,OK,0
2026-03-31 12:51:57,F3,0.9066,OK,0
2026-03-31 12:52:07,F3,0.9065,OK,0
2026-03-31 12:52:17,F3,0.9063,OK,0
2026-03-31 12:52:28,F3,0.9062,OK,0
2026-03-31 12:52:38,F3,0.9060,OK,0
2026-03-31 12:52:48,F3,0.9059,OK,0
2026-03-31 12:52:58,F3,0.9057,OK,0
2026-03-31 12:53:09,F3,0.9056,OK,0
2026-03-31 12:53:19,F3,0.9054,OK,0
2026-03-31 12:53:29,F3,0.9053,OK,0
2026-03-31 12:53:39,F3,0.9051,OK,0
2026-03-31 12:53:50,F3,0.9050,OK,0
2026-03-31 12:54:00,F3,0.9048,OK,0
2026-03-31 12:54:10,F3,0.9047,OK,0
2026-03-31 12:54:20,F3,0.9045,OK,0
2026-03-31 12:54:31,F3,0.9044,OK,0
2026-03-31 12:54:41,F3,0.9043,OK,0
2026-03-31 12:54:51,F3,0.9041,OK,0
2026-03-31 12:55:01,F3,0.9040,OK,0
2026-03-31 12:55:12,F3,0.9038,OK,0
2026-03-31 12:55:22,F3,0.9037,OK,0
2026-03-31 12:55:32,F3,0.9035,OK,0
2026-03-31 12:55:43,F3,0.9034,OK,1
2026-03-31 12:55:53,F3,0.9033,OK,0
2026-03-31 12:56:03,F3,0.9031,OK,0
2026-03-31 12:56:13,F3,0.9030,OK,0
2026-03-31 12:56:24,F3,0.9029,OK,0
2026-03-31 12:56:34,F3,0.9027,OK,0
2026-03-31 12:56:44,F3,0.9026,OK,0
2026-03-31 12:56:54,F3,0.9025,OK,0
2026-03-31 12:57:05,F3,0.9023,OK,0
2026-03-31 12:57:15,F3,0.9022,OK,0
2026-03-31 12:57:25,F3,0.9021,OK,0
2026-03-31 12:57:35,F3,0.9019,OK,0
2026-03-31 12:57:46,F3,0.9018,OK,0
2026-03-31 12:57:56,F3,0.9016,OK,0
2026-03-31 12:58:06,F3,0.9015,OK,0
2026-03-31 12:58:16,F3,0.9013,OK,0
2026-03-31 12:58:27,F3,0.9012,OK,0
2026-03-31 12:58:37,F3,0.9010,OK,0
2026-03-31 12:58:47,F3,0.9009,OK,0
2026-03-31 12:58:57,F3,0.9007,OK,0
2026-03-31 12:59:08,F3,0.9005,OK,0
2026-03-31 12:59:18,F3,0.9004,OK,0
2026-03-31 12:59:28,F3,0.9002,OK,0
2026-03-31 12:59:38,F3,0.9000,OK,0
2026-03-31 12:59:49,F3,0.8998,OK,0
2026-03-31 12:59:59,F3,0.8996,OK,0
2026-03-31 13:00:09,F3,0.8994,OK,0
2026-03-31 13:00:20,F3,0.8992,OK,0
2026-03-31 13:00:30,F3,0.8990,OK,0
2026-03-31 13:00:40,F3,0.8988,OK,0
2026-03-31 13:00:50,F3,0.8986,OK,0
2026-03-31 13:01:01,F3,0.8983,OK,0
2026-03-31 13:01:11,F3,0.8981,OK,0
2026-03-31 13:01:21,F3,0.8979,OK,0
2026-03-31 13:01:31,F3,0.8976,OK,0
2026-03-31 13:01:41,F3,0.8974,OK,0
2026-03-31 13:01:52,F3,0.8971,OK,0
2026-03-31 13:02:02,F3,0.8969,OK,0
2026-03-31 13:02:12,F3,0.8966,OK,0
2026-03-31 13:02:23,F3,0.8963,OK,0
2026-03-31 13:02:33,F3,0.8961,OK,0
2026-03-31 13:02:43,F3,0.8958,OK,0
2026-03-31 13:02:53,F3,0.8955,OK,0
2026-03-31 13:03:04,F3,0.8952,OK,0
2026-03-31 13:03:14,F3,0.8949,OK,0
2026-03-31 13:03:24,F3,0.8947,OK,0
2026-03-31 13:03:34,F3,0.8944,OK,0
2026-03-31 13:03:45,F3,0.8941,OK,0
2026-03-31 13:03:55,F3,0.8938,OK,0
2026-03-31 13:04:05,F3,0.8935,OK,0
2026-03-31 13:04:15,F3,0.8932,OK,0
2026-03-31 13:04:26,F3,0.8929,OK,0
2026-03-31 13:04:36,F3,0.8925,OK,0
2026-03-31 13:04:46,F3,0.8922,OK,0
2026-03-31 13:04:56,F3,0.8919,OK,0
2026-03-31 13:05:07,F3,0.8916,OK,0
2026-03-31 13:05:17,F3,0.8913,OK,0
2026-03-31 13:05:27,F3,0.8910,OK,0
2026-03-31 13:05:37,F3,0.8906,OK,0
2026-03-31 13:05:48,F3,0.8903,OK,0
2026-03-31 13:05:58,F3,0.8900,OK,0
2026-03-31 13:06:08,F3,0.8896,OK,0
2026-03-31 13:06:18,F3,0.8893,OK,0
2026-03-31 13:06:29,F3,0.8890,OK,0
2026-03-31 13:06:39,F3,0.8886,OK,0
2026-03-31 13:06:49,F3,0.8883,OK,0
2026-03-31 13:06:59,F3,0.8879,OK,0
2026-03-31 13:07:10,F3,0.8876,OK,0
2026-03-31 13:07:20,F3,0.8872,OK,0
2026-03-31 13:07:30,F3,0.8869,OK,0
2026-03-31 13:07:40,F3,0.8865,OK,0
2026-03-31 13:07:51,F3,0.8862,OK,0
2026-03-31 13:08:01,F3,0.8858,OK,0
2026-03-31 13:08:11,F3,0.8855,OK,1
2026-03-31 13:08:21,F3,0.8851,OK,0
2026-03-31 13:08:32,F3,0.8847,OK,0
2026-03-31 13:08:42,F3,0.8844,OK,0
2026-03-31 13:08:52,F3,0.8840,OK,0
2026-03-31 13:09:02,F3,0.8836,OK,0
2026-03-31 13:09:13,F3,0.8833,OK,0
2026-03-31 13:09:23,F3,0.8829,OK,0
2026-03-31 13:09:33,F3,0.8825,OK,0
2026-03-31 13:09:43,F3,0.8822,OK,0
2026-03-31 13:09:54,F3,0.8818,OK,0
2026-03-31 13:10:04,F3,0.8814,OK,0
2026-03-31 13:10:14,F3,0.8810,OK,0
2026-03-31 13:10:24,F3,0.8807,OK,0
2026-03-31 13:10:35,F3,0.8803,OK,0
2026-03-31 13:10:45,F3,0.8799,OK,0
2026-03-31 13:10:55,F3,0.8795,OK,0
2026-03-31 13:11:05,F3,0.8792,OK,0
2026-03-31 13:11:16,F3,0.8788,OK,0
2026-03-31 13:11:26,F3,0.8784,OK,0
2026-03-31 13:11:36,F3,0.8780,OK,0
2026-03-31 13:11:46,F3,0.8776,OK,0
2026-03-31 13:11:57,F3,0.8773,OK,0
2026-03-31 13:12:07,F3,0.8769,OK,0
2026-03-31 13:12:17,F3,0.8765,OK,0
2026-03-31 13:12:28,F3,0.8761,OK,0
2026-03-31 13:12:38,F3,0.8758,OK,0
2026-03-31 13:12:48,F3,0.8754,OK,0
2026-03-31 13:12:58,F3,0.8750,OK,0
2026-03-31 13:13:09,F3,0.8746,OK,0
2026-03-31 13:13:19,F3,0.8743,OK,0
2026-03-31 13:13:29,F3,0.8739,OK,0
2026-03-31 13:13:39,F3,0.8735,OK,0
2026-03-31 13:13:50,F3,0.8731,OK,0
2026-03-31 13:14:00,F3,0.8728,OK,0
2026-03-31 13:14:10,F3,0.8724,OK,0
2026-03-31 13:14:20,F3,0.8720,OK,0
2026-03-31 13:14:31,F3,0.8717,OK,0
2026-03-31 13:14:41,F3,0.8713,OK,0
2026-03-31 13:14:51,F3,0.8709,OK,0
2026-03-31 13:15:01,F3,0.8706,OK,0
2026-03-31 13:15:12,F3,0.8702,OK,0
2026-03-31 13:15:22,F3,0.8699,OK,0
2026-03-31 13:15:32,F3,0.8695,OK,0
2026-03-31 13:15:43,F3,0.8691,OK,0
2026-03-31 13:15:53,F3,0.8688,OK,0
2026-03-31 13:16:03,F3,0.8684,OK,0
2026-03-31 13:16:13,F3,0.8681,OK,0
2026-03-31 13:16:24,F3,0.8677,OK,0
2026-03-31 13:16:34,F3,0.8674,OK,0
2026-03-31 13:16:44,F3,0.8670,OK,0
2026-03-31 13:16:54,F3,0.8666,OK,0
2026-03-31 13:17:05,F3,0.8663,OK,0
2026-03-31 13:17:15,F3,0.8659,OK,0
2026-03-31 13:17:25,F3,0.8656,OK,0
2026-03-31 13:17:35,F3,0.8652,OK,0
2026-03-31 13:17:46,F3,0.8649,OK,0
2026-03-31 13:17:56,F3,0.8645,OK,0
2026-03-31 13:18:06,F3,0.8641,OK,0
2026-03-31 13:18:16,F3,0.8638,OK,0
2026-03-31 13:18:27,F3,0.8634,OK,0
2026-03-31 13:18:37,F3,0.8631,OK,0
2026-03-31 13:18:47,F3,0.8627,OK,0
2026-03-31 13:18:57,F3,0.8623,OK,0
2026-03-31 13:19:08,F3,0.8620,OK,0
2026-03-31 13:19:18,F3,0.8616,OK,0
2026-03-31 13:19:28,F3,0.8613,OK,0
2026-03-31 13:19:38,F3,0.8609,OK,0
2026-03-31 13:19:49,F3,0.8605,OK,0
2026-03-31 13:19:59,F3,0.8602,OK,0
2026-03-31 13:20:09,F3,0.8598,OK,0
2026-03-31 13:20:20,F3,0.8594,OK,0
2026-03-31 13:20:30,F3,0.8591,OK,0
2026-03-31 13:20:40,F3,0.8587,OK,0
2026-03-31 13:20:50,F3,0.8583,OK,0
2026-03-31 13:21:00,F3,0.8580,OK,0
2026-03-31 13:21:11,F3,0.8576,OK,0
2026-03-31 13:21:21,F3,0.8572,OK,0
2026-03-31 13:21:31,F3,0.8568,OK,0
2026-03-31 13:21:41,F3,0.8565,OK,0
2026-03-31 13:21:52,F3,0.8561,OK,0
2026-03-31 13:22:02,F3,0.8557,OK,0
2026-03-31 13:22:12,F3,0.8553,OK,0
2026-03-31 13:22:23,F3,0.8550,OK,0
2026-03-31 13:22:33,F3,0.8546,OK,0
2026-03-31 13:22:43,F3,0.8542,OK,0
2026-03-31 13:22:53,F3,0.8538,OK,0
2026-03-31 13:23:04,F3,0.8534,OK,0
2026-03-31 13:23:14,F3,0.8531,OK,0
2026-03-31 13:23:24,F3,0.8527,OK,0
2026-03-31 13:23:34,F3,0.8523,OK,0
2026-03-31 13:23:45,F3,0.8519,OK,0
2026-03-31 13:23:55,F3,0.8515,OK,0
2026-03-31 13:24:05,F3,0.8511,OK,0
2026-03-31 13:24:15,F3,0.8507,OK,0
2026-03-31 13:24:26,F3,0.8503,OK,0
2026-03-31 13:24:36,F3,0.8499,OK,0
2026-03-31 13:24:46,F3,0.8495,OK,0
2026-03-31 13:24:56,F3,0.8491,OK,0
2026-03-31 13:25:07,F3,0.8487,OK,0
2026-03-31 13:25:17,F3,0.8483,OK,0
2026-03-31 13:25:27,F3,0.8479,OK,0
2026-03-31 13:25:37,F3,0.8475,OK,0
2026-03-31 13:25:48,F3,0.8471,OK,0
2026-03-31 13:25:58,F3,0.8467,OK,0
2026-03-31 13:26:08,F3,0.8462,OK,0
2026-03-31 13:26:18,F3,0.8458,OK,0
2026-03-31 13:26:29,F3,0.8454,OK,0
2026-03-31 13:26:39,F3,0.8450,OK,0
2026-03-31 13:26:49,F3,0.8445,OK,0
2026-03-31 13:27:00,F3,0.8441,OK,0
2026-03-31 13:27:10,F3,0.8437,OK,0
2026-03-31 13:27:20,F3,0.8432,OK,0
2026-03-31 13:27:30,F3,0.8428,OK,0
2026-03-31 13:27:41,F3,0.8424,OK,0
2026-03-31 13:27:51,F3,0.8419,OK,0
2026-03-31 13:28:01,F3,0.8415,OK,0
2026-03-31 13:28:11,F3,0.8410,OK,0
2026-03-31 13:28:22,F3,0.8406,OK,0
2026-03-31 13:28:32,F3,0.8401,OK,0
2026-03-31 13:28:42,F3,0.8397,OK,0
2026-03-31 13:28:52,F3,0.8392,OK,0
2026-03-31 13:29:03,F3,0.8387,OK,0
2026-03-31 13:29:13,F3,0.8383,OK,0
2026-03-31 13:29:23,F3,0.8378,OK,0
2026-03-31 13:29:33,F3,0.8374,OK,0
2026-03-31 13:29:44,F3,0.8369,OK,0
2026-03-31 13:29:54,F3,0.8364,OK,0
2026-03-31 13:30:04,F3,0.8360,OK,0
2026-03-31 13:30:14,F3,0.8355,OK,0
2026-03-31 13:30:25,F3,0.8350,OK,0
2026-03-31 13:30:35,F3,0.8346,OK,0
2026-03-31 13:30:45,F3,0.8341,OK,0
2026-03-31 13:30:55,F3,0.8336,OK,0
2026-03-31 13:31:06,F3,0.8332,OK,0
2026-03-31 13:31:16,F3,0.8327,OK,0
2026-03-31 13:31:26,F3,0.8322,OK,0
2026-03-31 13:31:37,F3,0.8318,OK,0
2026-03-31 13:31:47,F3,0.8313,OK,0
2026-03-31 13:31:57,F3,0.8308,OK,0
2026-03-31 13:32:07,F3,0.8304,OK,0
2026-03-31 13:32:18,F3,0.8299,OK,0
2026-03-31 13:32:28,F3,0.8295,OK,0
2026-03-31 13:32:38,F3,0.8290,OK,0
2026-03-31 13:32:48,F3,0.8286,OK,0
2026-03-31 13:32:59,F3,0.8281,OK,0
2026-03-31 13:33:09,F3,0.8277,OK,0
2026-03-31 13:33:19,F3,0.8272,OK,0
2026-03-31 13:33:29,F3,0.8268,OK,0
2026-03-31 13:33:40,F3,0.8263,OK,0
2026-03-31 13:33:50,F3,0.8259,OK,0
2026-03-31 13:34:00,F3,0.8254,OK,0
2026-03-31 13:34:10,F3,0.8250,OK,0
2026-03-31 13:34:20,F3,0.8245,OK,0
2026-03-31 13:34:31,F3,0.8241,OK,0
2026-03-31 13:34:41,F3,0.8237,OK,0
2026-03-31 13:34:51,F3,0.8232,OK,0
2026-03-31 13:35:02,F3,0.8228,OK,0
2026-03-31 13:35:12,F3,0.8223,OK,0
2026-03-31 13:35:22,F3,0.8219,OK,0
2026-03-31 13:35:32,F3,0.8215,OK,0
2026-03-31 13:35:43,F3,0.8211,OK,0
2026-03-31 13:35:53,F3,0.8206,OK,0
2026-03-31 13:36:03,F3,0.8202,OK,0
2026-03-31 13:36:13,F3,0.8198,OK,0
2026-03-31 13:36:24,F3,0.8193,OK,0
2026-03-31 13:36:34,F3,0.8189,OK,0
2026-03-31 13:36:44,F3,0.8185,OK,0
2026-03-31 13:36:54,F3,0.8181,OK,0
2026-03-31 13:37:05,F3,0.8177,OK,0
2026-03-31 13:37:15,F3,0.8172,OK,0
2026-03-31 13:37:25,F3,0.8168,OK,0
2026-03-31 13:37:35,F3,0.8164,OK,0
2026-03-31 13:37:46,F3,0.8160,OK,0
2026-03-31 13:37:56,F3,0.8156,OK,0
2026-03-31 13:38:06,F3,0.8152,OK,0
2026-03-31 13:38:16,F3,0.8148,OK,0
2026-03-31 13:38:27,F3,0.8144,OK,0
2026-03-31 13:38:37,F3,0.8139,OK,0
2026-03-31 13:38:47,F3,0.8135,OK,0
2026-03-31 13:38:57,F3,0.8131,OK,0
2026-03-31 13:39:08,F3,0.8127,OK,0
2026-03-31 13:39:18,F3,0.8123,OK,0
2026-03-31 13:39:28,F3,0.8119,OK,0
2026-03-31 13:39:38,F3,0.8115,OK,0
2026-03-31 13:39:49,F3,0.8111,OK,0
2026-03-31 13:39:59,F3,0.8107,OK,0
2026-03-31 13:40:09,F3,0.8103,OK,0
2026-03-31 13:40:19,F3,0.8099,OK,0
2026-03-31 13:40:30,F3,0.8095,OK,0
2026-03-31 13:40:40,F3,0.8091,OK,0
2026-03-31 13:40:50,F3,0.8087,OK,0
2026-03-31 13:41:00,F3,0.8083,OK,0
2026-03-31 13:41:11,F3,0.8079,OK,0
2026-03-31 13:41:21,F3,0.8075,OK,0
2026-03-31 13:41:31,F3,0.8071,OK,0
2026-03-31 13:41:41,F3,0.8067,OK,0
2026-03-31 13:41:52,F3,0.8063,OK,0
2026-03-31 13:42:02,F3,0.8059,OK,0
2026-03-31 13:42:12,F3,0.8055,OK,0
2026-03-31 13:42:22,F3,0.8051,OK,0
2026-03-31 13:42:33,F3,0.8047,OK,0
2026-03-31 13:42:43,F3,0.8042,OK,0
2026-03-31 13:42:53,F3,0.8038,OK,0
2026-03-31 13:43:03,F3,0.8034,OK,0
2026-03-31 13:43:14,F3,0.8030,OK,0
2026-03-31 13:43:24,F3,0.8026,OK,0
2026-03-31 13:43:34,F3,0.8022,OK,0
2026-03-31 13:43:44,F3,0.8018,OK,0
2026-03-31 13:43:55,F3,0.8014,OK,0
2026-03-31 13:44:05,F3,0.8010,OK,0
2026-03-31 13:44:15,F3,0.8005,OK,0
2026-03-31 13:44:25,F3,0.8001,OK,0
2026-03-31 13:44:36,F3,0.7997,OK,0
2026-03-31 13:44:46,F3,0.7993,OK,0
2026-03-31 13:44:56,F3,0.7989,OK,0
2026-03-31 13:45:06,F3,0.7985,OK,0
2026-03-31 13:45:17,F3,0.7980,OK,0
2026-03-31 13:45:27,F3,0.7976,OK,0
2026-03-31 13:45:37,F3,0.7972,OK,0
2026-03-31 13:45:47,F3,0.7968,OK,0
2026-03-31 13:45:58,F3,0.7963,OK,0
2026-03-31 13:46:08,F3,0.7959,OK,0
2026-03-31 13:46:18,F3,0.7955,OK,0
2026-03-31 13:46:28,F3,0.7950,OK,0
2026-03-31 13:46:39,F3,0.7946,OK,0
2026-03-31 13:46:49,F3,0.7942,OK,0
2026-03-31 13:46:59,F3,0.7937,OK,0
2026-03-31 13:47:09,F3,0.7933,OK,0
2026-03-31 13:47:20,F3,0.7929,OK,0
2026-03-31 13:47:30,F3,0.7924,OK,0
2026-03-31 13:47:40,F3,0.7920,OK,0
2026-03-31 13:47:51,F3,0.7915,OK,0
2026-03-31 13:48:01,F3,0.7911,OK,0
2026-03-31 13:48:11,F3,0.7907,OK,0
2026-03-31 13:48:21,F3,0.7902,OK,0
2026-03-31 13:48:32,F3,0.7898,OK,0
2026-03-31 13:48:42,F3,0.7893,OK,0
2026-03-31 13:48:52,F3,0.7889,OK,0
2026-03-31 13:49:02,F3,0.7884,OK,0
2026-03-31 13:49:13,F3,0.7879,OK,0
2026-03-31 13:49:23,F3,0.7875,OK,0
2026-03-31 13:49:33,F3,0.7870,OK,0
2026-03-31 13:49:43,F3,0.7866,OK,0
2026-03-31 13:49:54,F3,0.7861,OK,0
2026-03-31 13:50:04,F3,0.7857,OK,0
2026-03-31 13:50:14,F3,0.7852,OK,0
2026-03-31 13:50:24,F3,0.7847,OK,0
2026-03-31 13:50:35,F3,0.7843,OK,0
2026-03-31 13:50:45,F3,0.7838,OK,0
2026-03-31 13:50:55,F3,0.7833,OK,0
2026-03-31 13:51:05,F3,0.7829,OK,0
2026-03-31 13:51:16,F3,0.7824,OK,0
2026-03-31 13:51:26,F3,0.7819,OK,0
2026-03-31 13:51:36,F3,0.7815,OK,0
2026-03-31 13:51:46,F3,0.7810,OK,0
2026-03-31 13:51:57,F3,0.7805,OK,0
2026-03-31 13:52:07,F3,0.7800,OK,0
2026-03-31 13:52:17,F3,0.7796,OK,0
2026-03-31 13:52:28,F3,0.7791,OK,0
2026-03-31 13:52:38,F3,0.7786,OK,0
2026-03-31 13:52:48,F3,0.7781,OK,0
2026-03-31 13:52:58,F3,0.7777,OK,0
2026-03-31 13:53:09,F3,0.7772,OK,0
2026-03-31 13:53:19,F3,0.7767,OK,0
2026-03-31 13:53:29,F3,0.7763,OK,0
2026-03-31 13:53:39,F3,0.7758,OK,0
2026-03-31 13:53:50,F3,0.7753,OK,0
2026-03-31 13:54:00,F3,0.7748,OK,0
2026-03-31 13:54:10,F3,0.7744,OK,0
2026-03-31 13:54:20,F3,0.7739,OK,0
2026-03-31 13:54:31,F3,0.7735,OK,0
2026-03-31 13:54:41,F3,0.7730,OK,0
2026-03-31 13:54:51,F3,0.7725,OK,0
2026-03-31 13:55:01,F3,0.7721,OK,0
2026-03-31 13:55:12,F3,0.7716,OK,0
2026-03-31 13:55:22,F3,0.7712,OK,0
2026-03-31 13:55:32,F3,0.7707,OK,0
2026-03-31 13:55:43,F3,0.7703,OK,0
2026-03-31 13:55:53,F3,0.7699,OK,0
2026-03-31 13:56:03,F3,0.7694,OK,0
2026-03-31 13:56:13,F3,0.7690,OK,0
2026-03-31 13:56:24,F3,0.7686,OK,0
2026-03-31 13:56:34,F3,0.7682,OK,0
2026-03-31 13:56:44,F3,0.7678,OK,0
2026-03-31 13:56:54,F3,0.7673,OK,0
2026-03-31 13:57:05,F3,0.7669,OK,0
2026-03-31 13:57:15,F3,0.7665,OK,0
2026-03-31 13:57:25,F3,0.7661,OK,0
2026-03-31 13:57:35,F3,0.7657,OK,0
2026-03-31 13:57:46,F3,0.7654,OK,0
2026-03-31 13:57:56,F3,0.7650,OK,0
2026-03-31 13:58:06,F3,0.7646,OK,0
2026-03-31 13:58:16,F3,0.7642,OK,0
2026-03-31 13:58:27,F3,0.7638,OK,0
2026-03-31 13:58:37,F3,0.7635,OK,0
2026-03-31 13:58:47,F3,0.7631,OK,0
2026-03-31 13:58:57,F3,0.7628,OK,0
2026-03-31 13:59:08,F3,0.7624,OK,0
2026-03-31 13:59:18,F3,0.7621,OK,0
2026-03-31 13:59:28,F3,0.7617,OK,0
2026-03-31 13:59:39,F3,0.7614,OK,0
2026-03-31 13:59:49,F3,0.7610,OK,0
2026-03-31 13:59:59,F3,0.7607,OK,0
2026-03-31 14:00:09,F3,0.7604,OK,0
2026-03-31 14:00:20,F3,0.7601,OK,0
2026-03-31 14:00:30,F3,0.7598,OK,0
2026-03-31 14:00:40,F3,0.7594,OK,0
2026-03-31 14:00:50,F3,0.7591,OK,0
2026-03-31 14:01:01,F3,0.7588,OK,0
2026-03-31 14:01:11,F3,0.7585,OK,0
2026-03-31 14:01:21,F3,0.7582,OK,0
2026-03-31 14:01:31,F3,0.7579,OK,0
2026-03-31 14:01:42,F3,0.7577,OK,0
2026-03-31 14:01:52,F3,0.7574,OK,0
2026-03-31 14:02:02,F3,0.7571,OK,0
2026-03-31 14:02:13,F3,0.7568,OK,0
2026-03-31 14:02:23,F3,0.7565,OK,0
2026-03-31 14:02:33,F3,0.7563,OK,0
2026-03-31 14:02:43,F3,0.7560,OK,0
2026-03-31 14:02:53,F3,0.7558,OK,0
2026-03-31 14:03:04,F3,0.7555,OK,0
2026-03-31 14:03:14,F3,0.7552,OK,0
2026-03-31 14:03:24,F3,0.7550,OK,0
2026-03-31 14:03:35,F3,0.7548,OK,0
2026-03-31 14:03:45,F3,0.7545,OK,0
2026-03-31 14:03:55,F3,0.7543,OK,0
2026-03-31 14:04:05,F3,0.7541,OK,0
2026-03-31 14:04:16,F3,0.7538,OK,0
2026-03-31 14:04:26,F3,0.7536,OK,0
2026-03-31 14:04:36,F3,0.7534,OK,0
2026-03-31 14:04:46,F3,0.7532,OK,0
2026-03-31 14:04:57,F3,0.7529,OK,0
2026-03-31 14:05:07,F3,0.7527,OK,0
2026-03-31 14:05:17,F3,0.7525,OK,0
2026-03-31 14:05:27,F3,0.7523,OK,0
2026-03-31 14:05:38,F3,0.7521,OK,0
2026-03-31 14:05:48,F3,0.7519,OK,0
2026-03-31 14:05:58,F3,0.7517,OK,0
2026-03-31 14:06:08,F3,0.7515,OK,0
2026-03-31 14:06:19,F3,0.7513,OK,0
2026-03-31 14:06:29,F3,0.7511,OK,0
2026-03-31 14:06:39,F3,0.7509,OK,0
2026-03-31 14:06:49,F3,0.7507,OK,0
2026-03-31 14:07:00,F3,0.7506,OK,0
2026-03-31 14:07:10,F3,0.7504,OK,0
2026-03-31 14:07:20,F3,0.7502,OK,0
2026-03-31 14:07:30,F3,0.7500,OK,0
2026-03-31 14:07:41,F3,0.7498,OK,0
2026-03-31 14:07:51,F3,0.7497,OK,0
2026-03-31 14:08:01,F3,0.7495,OK,0
2026-03-31 14:08:12,F3,0.7493,OK,0
2026-03-31 14:08:22,F3,0.7491,OK,0
2026-03-31 14:08:32,F3,0.7490,OK,0
2026-03-31 14:08:42,F3,0.7488,Bajo rango,0
2026-03-31 14:08:53,F3,0.7486,Bajo rango,0
2026-03-31 14:09:03,F3,0.7484,Bajo rango,0
2026-03-31 14:09:13,F3,0.7483,Bajo rango,0
2026-03-31 14:09:23,F3,0.7481,Bajo rango,0
2026-03-31 14:09:34,F3,0.7479,Bajo rango,0
2026-03-31 14:09:44,F3,0.7477,OK,0
2026-03-31 14:09:54,F3,0.7476,OK,0
2026-03-31 14:10:04,F3,0.7474,OK,0
2026-03-31 14:10:15,F3,0.7472,OK,0
2026-03-31 14:10:25,F3,0.7470,OK,0
2026-03-31 14:10:35,F3,0.7468,OK,0
2026-03-31 14:10:45,F3,0.7466,OK,0
2026-03-31 14:10:56,F3,0.7464,OK,0
2026-03-31 14:11:06,F3,0.7462,OK,0
2026-03-31 14:11:16,F3,0.7460,OK,0
2026-03-31 14:11:27,F3,0.7458,OK,0
2026-03-31 14:11:37,F3,0.7456,OK,0
2026-03-31 14:11:47,F3,0.7454,OK,0
2026-03-31 14:11:57,F3,0.7451,OK,0
2026-03-31 14:12:08,F3,0.7449,OK,0
2026-03-31 14:12:18,F3,0.7447,OK,0
2026-03-31 14:12:28,F3,0.7444,OK,0
2026-03-31 14:12:38,F3,0.7442,OK,0
2026-03-31 14:12:49,F3,0.7439,OK,0
2026-03-31 14:12:59,F3,0.7437,OK,0
2026-03-31 14:13:09,F3,0.7434,OK,0
2026-03-31 14:13:19,F3,0.7431,OK,0
2026-03-31 14:13:30,F3,0.7429,OK,0
2026-03-31 14:13:40,F3,0.7426,OK,0
2026-03-31 14:13:50,F3,0.7423,OK,0
2026-03-31 14:14:00,F3,0.7420,OK,0
2026-03-31 14:14:11,F3,0.7417,OK,0
2026-03-31 14:14:21,F3,0.7414,OK,0
2026-03-31 14:14:31,F3,0.7411,OK,0
2026-03-31 14:14:41,F3,0.7408,OK,0
2026-03-31 14:14:52,F3,0.7405,OK,0
2026-03-31 14:15:02,F3,0.7402,OK,0
2026-03-31 14:15:12,F3,0.7399,OK,0
2026-03-31 14:15:22,F3,0.7396,OK,0
2026-03-31 14:15:33,F3,0.7393,OK,0
2026-03-31 14:15:43,F3,0.7389,OK,0
2026-03-31 14:15:53,F3,0.7386,OK,0
2026-03-31 14:16:04,F3,0.7383,OK,0
2026-03-31 14:16:14,F3,0.7380,OK,0
2026-03-31 14:16:24,F3,0.7377,OK,0
2026-03-31 14:16:34,F3,0.7373,OK,0
2026-03-31 14:16:45,F3,0.7370,OK,0
2026-03-31 14:16:55,F3,0.7367,OK,0
2026-03-31 14:17:05,F3,0.7364,OK,0
2026-03-31 14:17:16,F3,0.7361,OK,0
2026-03-31 14:17:26,F3,0.7357,OK,0
2026-03-31 14:17:36,F3,0.7354,OK,0
2026-03-31 14:17:46,F3,0.7351,OK,0
2026-03-31 14:17:57,F3,0.7348,OK,0
2026-03-31 14:18:07,F3,0.7345,OK,0
2026-03-31 14:18:17,F3,0.7342,OK,0
2026-03-31 14:18:27,F3,0.7339,OK,0
2026-03-31 14:18:38,F3,0.7336,OK,0
2026-03-31 14:18:48,F3,0.7333,OK,0
2026-03-31 14:18:58,F3,0.7330,OK,0
2026-03-31 14:19:08,F3,0.7327,OK,0
2026-03-31 14:19:19,F3,0.7324,OK,0
2026-03-31 14:19:29,F3,0.7321,OK,0
2026-03-31 14:19:39,F3,0.7319,OK,0
2026-03-31 14:19:49,F3,0.7316,OK,0
2026-03-31 14:20:00,F3,0.7313,OK,0
2026-03-31 14:20:10,F3,0.7311,OK,0
2026-03-31 14:20:20,F3,0.7308,OK,0
2026-03-31 14:20:30,F3,0.7306,OK,0
2026-03-31 14:20:41,F3,0.7303,OK,0
2026-03-31 14:20:51,F3,0.7301,OK,0
2026-03-31 14:21:01,F3,0.7298,OK,0
2026-03-31 14:21:11,F3,0.7296,OK,0
2026-03-31 14:21:22,F3,0.7294,OK,0
2026-03-31 14:21:32,F3,0.7292,OK,0
2026-03-31 14:21:42,F3,0.7290,OK,0
2026-03-31 14:21:52,F3,0.7288,OK,0
2026-03-31 14:22:03,F3,0.7286,OK,0
2026-03-31 14:22:13,F3,0.7284,OK,0
2026-03-31 14:22:23,F3,0.7282,OK,0
2026-03-31 14:22:33,F3,0.7281,OK,0
2026-03-31 14:22:44,F3,0.7279,OK,0
2026-03-31 14:22:54,F3,0.7277,OK,0
2026-03-31 14:23:04,F3,0.7276,OK,0
2026-03-31 14:23:14,F3,0.7275,OK,0
2026-03-31 14:23:25,F3,0.7273,OK,0
2026-03-31 14:23:35,F3,0.7272,OK,0
2026-03-31 14:23:45,F3,0.7271,OK,0
2026-03-31 14:23:56,F3,0.7270,OK,0
2026-03-31 14:24:06,F3,0.7269,OK,0
2026-03-31 14:24:16,F3,0.7268,OK,0
2026-03-31 14:24:26,F3,0.7267,OK,0
2026-03-31 14:24:37,F3,0.7267,OK,0
2026-03-31 14:24:47,F3,0.7266,OK,0
2026-03-31 14:24:57,F3,0.7265,OK,0
2026-03-31 14:25:07,F3,0.7265,OK,0
2026-03-31 14:25:18,F3,0.7265,OK,0
2026-03-31 14:25:28,F3,0.7265,OK,0
2026-03-31 14:25:38,F3,0.7264,OK,0
2026-03-31 14:25:48,F3,0.7264,OK,0
2026-03-31 14:25:59,F3,0.7264,OK,0
2026-03-31 14:26:09,F3,0.7265,OK,0
2026-03-31 14:26:19,F3,0.7265,OK,0
2026-03-31 14:26:29,F3,0.7265,OK,0
2026-03-31 14:26:40,F3,0.7266,OK,0
2026-03-31 14:26:50,F3,0.7266,OK,0
2026-03-31 14:27:00,F3,0.7267,OK,0
2026-03-31 14:27:11,F3,0.7268,OK,0
2026-03-31 14:27:21,F3,0.7269,OK,0
2026-03-31 14:27:31,F3,0.7270,OK,0
2026-03-31 14:27:41,F3,0.7271,OK,0
2026-03-31 14:27:52,F3,0.7272,OK,0
2026-03-31 14:28:02,F3,0.7273,OK,0
2026-03-31 14:28:12,F3,0.7275,OK,0
2026-03-31 14:28:22,F3,0.7276,OK,0
2026-03-31 14:28:33,F3,0.7278,OK,0
2026-03-31 14:28:43,F3,0.7279,OK,0
2026-03-31 14:28:53,F3,0.7281,OK,0
2026-03-31 14:29:03,F3,0.7283,OK,0
2026-03-31 14:29:14,F3,0.7285,OK,0
2026-03-31 14:29:24,F3,0.7287,OK,0
2026-03-31 14:29:34,F3,0.7290,OK,0
2026-03-31 14:29:44,F3,0.7292,OK,0
2026-03-31 14:29:55,F3,0.7294,OK,0
2026-03-31 14:30:05,F3,0.7297,OK,0
2026-03-31 14:30:15,F3,0.7299,OK,0
2026-03-31 14:30:25,F3,0.7302,OK,0
2026-03-31 14:30:36,F3,0.7305,OK,0
2026-03-31 14:30:46,F3,0.7308,OK,0
2026-03-31 14:30:56,F3,0.7311,OK,0
2026-03-31 14:31:07,F3,0.7314,OK,0
2026-03-31 14:31:17,F3,0.7317,OK,0
2026-03-31 14:31:27,F3,0.7321,OK,0
2026-03-31 14:31:37,F3,0.7324,OK,0
2026-03-31 14:31:48,F3,0.7328,OK,0
2026-03-31 14:31:58,F3,0.7332,OK,0
2026-03-31 14:32:08,F3,0.7335,OK,0
2026-03-31 14:32:18,F3,0.7339,OK,0
2026-03-31 14:32:29,F3,0.7343,OK,0
2026-03-31 14:32:39,F3,0.7347,OK,0
2026-03-31 14:32:49,F3,0.7352,OK,0
2026-03-31 14:32:59,F3,0.7356,OK,0
2026-03-31 14:33:10,F3,0.7360,OK,0
2026-03-31 14:33:20,F3,0.7365,OK,0
2026-03-31 14:33:30,F3,0.7370,OK,0
2026-03-31 14:33:41,F3,0.7375,OK,0
2026-03-31 14:33:51,F3,0.7379,OK,0
2026-03-31 14:34:01,F3,0.7384,OK,0
2026-03-31 14:34:11,F3,0.7390,OK,0
2026-03-31 14:34:22,F3,0.7395,OK,0
2026-03-31 14:34:32,F3,0.7400,OK,0
2026-03-31 14:34:42,F3,0.7406,OK,0
2026-03-31 14:34:52,F3,0.7411,OK,0
2026-03-31 14:35:03,F3,0.7417,OK,0
2026-03-31 14:35:13,F3,0.7423,OK,0
2026-03-31 14:35:23,F3,0.7429,OK,0
2026-03-31 14:35:33,F3,0.7435,OK,0
2026-03-31 14:35:44,F3,0.7441,OK,0
2026-03-31 14:35:54,F3,0.7447,OK,0
2026-03-31 14:36:04,F3,0.7453,OK,0
2026-03-31 14:36:14,F3,0.7460,OK,0
2026-03-31 14:36:25,F3,0.7466,OK,0
2026-03-31 14:36:35,F3,0.7473,OK,0
2026-03-31 14:36:45,F3,0.7480,OK,0
2026-03-31 14:36:55,F3,0.7487,OK,0
2026-03-31 14:37:06,F3,0.7494,OK,0
2026-03-31 14:37:16,F3,0.7501,OK,0
2026-03-31 14:37:26,F3,0.7508,OK,0
2026-03-31 14:37:36,F3,0.7516,OK,0
2026-03-31 14:37:47,F3,0.7523,OK,0
2026-03-31 14:37:57,F3,0.7531,OK,0
2026-03-31 14:38:07,F3,0.7538,OK,0
2026-03-31 14:38:18,F3,0.7546,OK,0
2026-03-31 14:38:28,F3,0.7554,OK,0
2026-03-31 14:38:38,F3,0.7562,OK,0
2026-03-31 14:38:48,F3,0.7570,OK,0
2026-03-31 14:38:59,F3,0.7578,OK,0
2026-03-31 14:39:09,F3,0.7587,OK,0
2026-03-31 14:39:19,F3,0.7595,OK,0
2026-03-31 14:39:29,F3,0.7604,OK,0
2026-03-31 14:39:40,F3,0.7612,OK,0
2026-03-31 14:39:50,F3,0.7621,OK,0
2026-03-31 14:40:00,F3,0.7630,OK,0
2026-03-31 14:40:10,F3,0.7639,OK,0
2026-03-31 14:40:21,F3,0.7648,OK,0
2026-03-31 14:40:31,F3,0.7657,OK,0
2026-03-31 14:40:41,F3,0.7666,OK,0
2026-03-31 14:40:51,F3,0.7676,OK,0
2026-03-31 14:41:02,F3,0.7685,OK,0
2026-03-31 14:41:12,F3,0.7695,OK,0
2026-03-31 14:41:22,F3,0.7704,OK,0
2026-03-31 14:41:32,F3,0.7714,OK,0
2026-03-31 14:41:43,F3,0.7724,OK,0
2026-03-31 14:41:53,F3,0.7733,OK,0
2026-03-31 14:42:03,F3,0.7743,OK,0
2026-03-31 14:42:13,F3,0.7753,OK,0
2026-03-31 14:42:24,F3,0.7764,OK,0
2026-03-31 14:42:34,F3,0.7774,OK,0
2026-03-31 14:42:44,F3,0.7784,OK,0
2026-03-31 14:42:54,F3,0.7794,OK,0
2026-03-31 14:43:05,F3,0.7805,OK,0
2026-03-31 14:43:15,F3,0.7815,OK,0
2026-03-31 14:43:25,F3,0.7826,OK,0
2026-03-31 14:43:36,F3,0.7836,OK,0
2026-03-31 14:43:46,F3,0.7847,OK,0
2026-03-31 14:43:56,F3,0.7858,OK,0
2026-03-31 14:44:06,F3,0.7869,OK,0
2026-03-31 14:44:17,F3,0.7880,OK,0
2026-03-31 14:44:27,F3,0.7891,OK,0
2026-03-31 14:44:37,F3,0.7902,OK,0
2026-03-31 14:44:47,F3,0.7913,OK,0
2026-03-31 14:44:58,F3,0.7924,OK,0
2026-03-31 14:45:08,F3,0.7935,OK,0
2026-03-31 14:45:18,F3,0.7946,OK,0
2026-03-31 14:45:28,F3,0.7957,OK,0
2026-03-31 14:45:39,F3,0.7969,OK,0
2026-03-31 14:45:49,F3,0.7980,OK,0
2026-03-31 14:45:59,F3,0.7992,OK,0
2026-03-31 14:46:09,F3,0.8003,OK,0
2026-03-31 14:46:20,F3,0.8015,OK,0
2026-03-31 14:46:30,F3,0.8026,OK,0
2026-03-31 14:46:40,F3,0.8038,OK,0
2026-03-31 14:46:50,F3,0.8049,OK,0
2026-03-31 14:47:01,F3,0.8061,OK,0
2026-03-31 14:47:11,F3,0.8073,OK,0
2026-03-31 14:47:21,F3,0.8084,OK,0
2026-03-31 14:47:31,F3,0.8096,OK,0
2026-03-31 14:47:42,F3,0.8108,OK,0
2026-03-31 14:47:52,F3,0.8120,OK,0
2026-03-31 14:48:02,F3,0.8131,OK,0
2026-03-31 14:48:12,F3,0.8143,OK,0
2026-03-31 14:48:23,F3,0.8155,OK,0
2026-03-31 14:48:33,F3,0.8167,OK,0
2026-03-31 14:48:43,F3,0.8179,OK,0
2026-03-31 14:48:53,F3,0.8191,OK,0
2026-03-31 14:49:04,F3,0.8203,OK,0
2026-03-31 14:49:14,F3,0.8215,OK,0
2026-03-31 14:49:24,F3,0.8227,OK,0
2026-03-31 14:49:34,F3,0.8238,OK,0
2026-03-31 14:49:45,F3,0.8250,OK,0
2026-03-31 14:49:55,F3,0.8262,OK,0
2026-03-31 14:50:05,F3,0.8274,OK,0
2026-03-31 14:50:16,F3,0.8286,OK,0
2026-03-31 14:50:26,F3,0.8298,OK,0
2026-03-31 14:50:36,F3,0.8310,OK,0
2026-03-31 14:50:46,F3,0.8322,OK,0
2026-03-31 14:50:57,F3,0.8334,OK,0
2026-03-31 14:51:07,F3,0.8346,OK,0
2026-03-31 14:51:17,F3,0.8358,OK,0
2026-03-31 14:51:27,F3,0.8370,OK,0
2026-03-31 14:51:38,F3,0.8382,OK,0
2026-03-31 14:51:48,F3,0.8394,OK,0
2026-03-31 14:51:58,F3,0.8406,OK,0
2026-03-31 14:52:09,F3,0.8418,OK,0
2026-03-31 14:52:19,F3,0.8430,OK,0
2026-03-31 14:52:29,F3,0.8442,OK,0
2026-03-31 14:52:39,F3,0.8453,OK,0
2026-03-31 14:52:50,F3,0.8465,OK,0
2026-03-31 14:53:00,F3,0.8477,OK,0
2026-03-31 14:53:10,F3,0.8489,OK,0
2026-03-31 14:53:20,F3,0.8501,OK,0
2026-03-31 14:53:31,F3,0.8513,OK,0
2026-03-31 14:53:41,F3,0.8524,OK,0
2026-03-31 14:53:51,F3,0.8536,OK,0
2026-03-31 14:54:01,F3,0.8548,OK,0
2026-03-31 14:54:12,F3,0.8560,OK,0
2026-03-31 14:54:22,F3,0.8571,OK,0
2026-03-31 14:54:32,F3,0.8583,OK,0
2026-03-31 14:54:42,F3,0.8595,OK,0
2026-03-31 14:54:53,F3,0.8606,OK,0
2026-03-31 14:55:03,F3,0.8618,OK,0
2026-03-31 14:55:13,F3,0.8629,OK,0
2026-03-31 14:55:23,F3,0.8641,OK,0
2026-03-31 14:55:34,F3,0.8652,OK,0
2026-03-31 14:55:44,F3,0.8664,OK,0
2026-03-31 14:55:54,F3,0.8675,OK,0
2026-03-31 14:56:04,F3,0.8687,OK,0
2026-03-31 14:56:15,F3,0.8698,OK,0
2026-03-31 14:56:25,F3,0.8710,OK,0
2026-03-31 14:56:35,F3,0.8721,OK,0
2026-03-31 14:56:46,F3,0.8732,OK,0
2026-03-31 14:56:56,F3,0.8744,OK,0
2026-03-31 14:57:06,F3,0.8755,OK,0
2026-03-31 14:57:16,F3,0.8766,OK,0
2026-03-31 14:57:27,F3,0.8777,OK,0
2026-03-31 14:57:37,F3,0.8788,OK,0
2026-03-31 14:57:47,F3,0.8799,OK,0
2026-03-31 14:57:57,F3,0.8811,OK,0
2026-03-31 14:58:08,F3,0.8822,OK,0
2026-03-31 14:58:18,F3,0.8833,OK,0
2026-03-31 14:58:28,F3,0.8844,OK,0
2026-03-31 14:58:39,F3,0.8854,OK,0
2026-03-31 14:58:49,F3,0.8865,OK,0
2026-03-31 14:58:59,F3,0.8876,OK,0
2026-03-31 14:59:09,F3,0.8887,OK,0
2026-03-31 14:59:20,F3,0.8898,OK,0
2026-03-31 14:59:30,F3,0.8909,OK,0
2026-03-31 14:59:40,F3,0.8919,OK,0
2026-03-31 14:59:50,F3,0.8930,OK,0
2026-03-31 15:00:01,F3,0.8941,OK,0
2026-03-31 15:00:11,F3,0.8951,OK,0
2026-03-31 15:00:21,F3,0.8962,OK,0
2026-03-31 15:00:31,F3,0.8972,OK,0
2026-03-31 15:00:42,F3,0.8983,OK,0
2026-03-31 15:00:52,F3,0.8993,OK,0
2026-03-31 15:01:02,F3,0.9004,OK,0
2026-03-31 15:01:12,F3,0.9014,OK,0
2026-03-31 15:01:23,F3,0.9024,OK,0
2026-03-31 15:01:33,F3,0.9034,OK,0
2026-03-31 15:01:43,F3,0.9045,OK,0
2026-03-31 15:01:53,F3,0.9055,OK,0
2026-03-31 15:02:04,F3,0.9065,OK,0
2026-03-31 15:02:14,F3,0.9075,OK,0
2026-03-31 15:02:24,F3,0.9085,OK,0
2026-03-31 15:02:34,F3,0.9095,OK,0
2026-03-31 15:02:45,F3,0.9105,OK,0
2026-03-31 15:02:55,F3,0.9114,OK,0
2026-03-31 15:03:05,F3,0.9124,OK,0
2026-03-31 15:03:16,F3,0.9134,OK,0
2026-03-31 15:03:26,F3,0.9144,OK,0
2026-03-31 15:03:36,F3,0.9153,OK,0
2026-03-31 15:03:46,F3,0.9163,OK,0
2026-03-31 15:03:57,F3,0.9172,OK,0
2026-03-31 15:04:07,F3,0.9182,OK,0
2026-03-31 15:04:17,F3,0.9191,OK,0
2026-03-31 15:04:27,F3,0.9200,OK,0
2026-03-31 15:04:38,F3,0.9210,OK,0
2026-03-31 15:04:48,F3,0.9219,OK,0
2026-03-31 15:04:58,F3,0.9228,OK,0
2026-03-31 15:05:08,F3,0.9237,OK,0
2026-03-31 15:05:19,F3,0.9246,OK,0
2026-03-31 15:05:29,F3,0.9255,OK,0
2026-03-31 15:05:39,F3,0.9264,OK,0
2026-03-31 15:05:49,F3,0.9273,OK,0
2026-03-31 15:06:00,F3,0.9282,OK,0
2026-03-31 15:06:10,F3,0.9290,OK,0
2026-03-31 15:06:20,F3,0.9299,OK,0
2026-03-31 15:06:31,F3,0.9308,OK,0
2026-03-31 15:06:41,F3,0.9316,OK,0
2026-03-31 15:06:51,F3,0.9325,OK,0
2026-03-31 15:07:01,F3,0.9333,OK,0
2026-03-31 15:07:11,F3,0.9342,OK,0
2026-03-31 15:07:22,F3,0.9350,OK,0
2026-03-31 15:07:32,F3,0.9358,OK,0
2026-03-31 15:07:42,F3,0.9366,OK,0
2026-03-31 15:07:53,F3,0.9374,OK,0
2026-03-31 15:08:03,F3,0.9383,OK,0
2026-03-31 15:08:13,F3,0.9391,OK,0
2026-03-31 15:08:23,F3,0.9399,OK,0
2026-03-31 15:08:34,F3,0.9406,OK,0
2026-03-31 15:08:44,F3,0.9414,OK,0
2026-03-31 15:08:54,F3,0.9422,OK,0
2026-03-31 15:09:04,F3,0.9430,OK,0
2026-03-31 15:09:15,F3,0.9437,OK,0
2026-03-31 15:09:25,F3,0.9445,OK,0
2026-03-31 15:09:35,F3,0.9453,OK,0
2026-03-31 15:09:45,F3,0.9460,OK,0
2026-03-31 15:09:56,F3,0.9468,OK,0
2026-03-31 15:10:06,F3,0.9475,OK,0
2026-03-31 15:10:16,F3,0.9482,OK,0
2026-03-31 15:10:26,F3,0.9490,OK,0
2026-03-31 15:10:37,F3,0.9497,OK,0
2026-03-31 15:10:47,F3,0.9504,OK,0
2026-03-31 15:10:57,F3,0.9511,OK,0
2026-03-31 15:11:08,F3,0.9518,OK,0
2026-03-31 15:11:18,F3,0.9525,OK,0
2026-03-31 15:11:28,F3,0.9532,OK,0
2026-03-31 15:11:38,F3,0.9539,OK,0
2026-03-31 15:11:49,F3,0.9546,OK,0
2026-03-31 15:11:59,F3,0.9552,OK,0
2026-03-31 15:12:09,F3,0.9559,OK,0
2026-03-31 15:12:19,F3,0.9566,OK,0
2026-03-31 15:12:30,F3,0.9572,OK,0
2026-03-31 15:12:40,F3,0.9579,OK,0
2026-03-31 15:12:50,F3,0.9585,OK,0
2026-03-31 15:13:00,F3,0.9592,OK,0
2026-03-31 15:13:11,F3,0.9598,OK,0
2026-03-31 15:13:21,F3,0.9605,OK,0
2026-03-31 15:13:31,F3,0.9611,OK,0
2026-03-31 15:13:42,F3,0.9617,OK,0
2026-03-31 15:13:52,F3,0.9623,OK,0
2026-03-31 15:14:02,F3,0.9629,OK,0
2026-03-31 15:14:12,F3,0.9635,OK,0
2026-03-31 15:14:23,F3,0.9642,OK,0
2026-03-31 15:14:33,F3,0.9647,OK,0
2026-03-31 15:14:43,F3,0.9653,OK,0
2026-03-31 15:14:53,F3,0.9659,OK,0
2026-03-31 15:15:04,F3,0.9665,OK,0
2026-03-31 15:15:14,F3,0.9671,OK,0
2026-03-31 15:15:24,F3,0.9677,OK,0
2026-03-31 15:15:35,F3,0.9682,OK,0
2026-03-31 15:15:45,F3,0.9688,OK,0
2026-03-31 15:15:55,F3,0.9694,OK,0
2026-03-31 15:16:05,F3,0.9699,OK,0
2026-03-31 15:16:16,F3,0.9705,OK,0
2026-03-31 15:16:26,F3,0.9710,OK,0
2026-03-31 15:16:36,F3,0.9715,OK,0
2026-03-31 15:16:46,F3,0.9721,OK,1
2026-03-31 15:16:57,F3,0.9726,OK,1
2026-03-31 15:17:07,F3,0.9731,OK,1
2026-03-31 15:17:17,F3,0.9737,OK,1
2026-03-31 15:17:27,F3,0.9742,OK,0
2026-03-31 15:17:38,F3,0.9747,OK,0
2026-03-31 15:17:48,F3,0.9752,OK,0
2026-03-31 15:17:58,F3,0.9757,OK,0
2026-03-31 15:18:09,F3,0.9762,OK,0
2026-03-31 15:18:19,F3,0.9767,OK,0
2026-03-31 15:18:29,F3,0.9771,OK,0
2026-03-31 15:18:39,F3,0.9776,OK,0
2026-03-31 15:18:50,F3,0.9781,OK,0
2026-03-31 15:19:00,F3,0.9785,OK,0
2026-03-31 15:19:10,F3,0.9790,OK,0
2026-03-31 15:19:20,F3,0.9794,OK,0
2026-03-31 15:19:31,F3,0.9798,OK,0
2026-03-31 15:19:41,F3,0.9803,OK,0
2026-03-31 15:19:51,F3,0.9807,OK,0
2026-03-31 15:20:01,F3,0.9810,OK,0
2026-03-31 15:20:12,F3,0.9814,OK,0
2026-03-31 15:20:22,F3,0.9818,OK,0
2026-03-31 15:20:32,F3,0.9822,OK,0
2026-03-31 15:20:42,F3,0.9825,OK,0
2026-03-31 15:20:53,F3,0.9828,OK,0
2026-03-31 15:21:03,F3,0.9832,OK,0
2026-03-31 15:21:13,F3,0.9835,OK,0
2026-03-31 15:21:23,F3,0.9838,OK,0
2026-03-31 15:21:34,F3,0.9840,OK,0
2026-03-31 15:21:44,F3,0.9843,OK,0
2026-03-31 15:21:54,F3,0.9846,OK,0
2026-03-31 15:22:05,F3,0.9848,OK,0
2026-03-31 15:22:15,F3,0.9850,OK,0
2026-03-31 15:22:25,F3,0.9853,OK,0
2026-03-31 15:22:35,F3,0.9855,OK,0
2026-03-31 15:22:46,F3,0.9857,OK,0
2026-03-31 15:22:56,F3,0.9859,OK,0
2026-03-31 15:23:06,F3,0.9860,OK,0
2026-03-31 15:23:16,F3,0.9862,OK,0
2026-03-31 15:23:27,F3,0.9863,OK,0
2026-03-31 15:23:37,F3,0.9865,OK,0
2026-03-31 15:23:47,F3,0.9866,OK,0
2026-03-31 15:23:57,F3,0.9867,OK,0
2026-03-31 15:24:08,F3,0.9868,OK,0
2026-03-31 15:24:18,F3,0.9869,OK,0
2026-03-31 15:24:28,F3,0.9870,OK,0
2026-03-31 15:24:38,F3,0.9871,OK,0
2026-03-31 15:24:49,F3,0.9872,OK,0
2026-03-31 15:24:59,F3,0.9872,OK,0
2026-03-31 15:25:09,F3,0.9873,OK,0
2026-03-31 15:25:19,F3,0.9873,OK,0
2026-03-31 15:25:30,F3,0.9874,OK,0
2026-03-31 15:25:40,F3,0.9874,OK,0
2026-03-31 15:25:50,F3,0.9874,OK,0
2026-03-31 15:26:00,F3,0.9874,OK,0
2026-03-31 15:26:11,F3,0.9874,OK,0
2026-03-31 15:26:21,F3,0.9874,OK,0
2026-03-31 15:26:31,F3,0.9874,OK,0
2026-03-31 15:26:41,F3,0.9873,OK,0
2026-03-31 15:26:52,F3,0.9873,OK,0
2026-03-31 15:27:02,F3,0.9873,OK,0
2026-03-31 15:27:12,F3,0.9872,OK,0
2026-03-31 15:27:23,F3,0.9872,OK,0
2026-03-31 15:27:33,F3,0.9871,OK,0
2026-03-31 15:27:43,F3,0.9870,OK,0
2026-03-31 15:27:53,F3,0.9869,OK,0
2026-03-31 15:28:04,F3,0.9869,OK,0
2026-03-31 15:28:14,F3,0.9868,OK,0
2026-03-31 15:28:24,F3,0.9867,OK,0
2026-03-31 15:28:34,F3,0.9866,OK,0
2026-03-31 15:28:45,F3,0.9865,OK,0
2026-03-31 15:28:55,F3,0.9863,OK,0
2026-03-31 15:29:05,F3,0.9862,OK,0
2026-03-31 15:29:15,F3,0.9861,OK,0
2026-03-31 15:29:26,F3,0.9860,OK,0
2026-03-31 15:29:36,F3,0.9858,OK,0
2026-03-31 15:29:46,F3,0.9857,OK,0
2026-03-31 15:29:56,F3,0.9855,OK,0
2026-03-31 15:30:07,F3,0.9854,OK,0
2026-03-31 15:30:17,F3,0.9852,OK,0
2026-03-31 15:30:27,F3,0.9851,OK,0
2026-03-31 15:30:38,F3,0.9849,OK,0
2026-03-31 15:30:48,F3,0.9847,OK,0
2026-03-31 15:30:58,F3,0.9846,OK,0
2026-03-31 15:31:08,F3,0.9844,OK,0
2026-03-31 15:31:19,F3,0.9842,OK,0
2026-03-31 15:31:29,F3,0.9840,OK,0
2026-03-31 15:31:39,F3,0.9838,OK,0
2026-03-31 15:31:49,F3,0.9837,OK,0
2026-03-31 15:32:00,F3,0.9835,OK,0
2026-03-31 15:32:10,F3,0.9833,OK,0
2026-03-31 15:32:20,F3,0.9831,OK,0
2026-03-31 15:32:30,F3,0.9829,OK,0
2026-03-31 15:32:41,F3,0.9827,OK,0
2026-03-31 15:32:51,F3,0.9825,OK,0
2026-03-31 15:33:01,F3,0.9823,OK,0
2026-03-31 15:33:13,F3,0.9820,OK,0
2026-03-31 15:33:23,F3,0.9818,OK,0
2026-03-31 15:33:34,F3,0.9816,OK,0
2026-03-31 15:33:44,F3,0.9814,OK,0
2026-03-31 15:33:54,F3,0.9812,OK,0
2026-03-31 15:34:04,F3,0.9810,OK,0
2026-03-31 15:34:15,F3,0.9808,OK,0
2026-03-31 15:34:25,F3,0.9806,OK,0
2026-03-31 15:34:35,F3,0.9804,OK,0
2026-03-31 15:34:46,F3,0.9802,OK,0
2026-03-31 15:34:56,F3,0.9800,OK,0
2026-03-31 15:35:06,F3,0.9797,OK,0
2026-03-31 15:35:16,F3,0.9795,OK,0
2026-03-31 15:35:27,F3,0.9793,OK,0
2026-03-31 15:35:37,F3,0.9791,OK,0
2026-03-31 15:35:47,F3,0.9789,OK,0
2026-03-31 15:35:57,F3,0.9787,OK,0
2026-03-31 15:36:08,F3,0.9785,OK,0
2026-03-31 15:36:18,F3,0.9783,OK,0
2026-03-31 15:36:28,F3,0.9781,OK,0
2026-03-31 15:36:38,F3,0.9780,OK,0
2026-03-31 15:36:49,F3,0.9778,OK,0
2026-03-31 15:36:59,F3,0.9776,OK,0
2026-03-31 15:37:09,F3,0.9774,OK,0
2026-03-31 15:37:20,F3,0.9772,OK,0
2026-03-31 15:37:30,F3,0.9771,OK,0
2026-03-31 15:37:40,F3,0.9769,OK,0
2026-03-31 15:37:50,F3,0.9767,OK,0
2026-03-31 15:38:01,F3,0.9766,OK,0
2026-03-31 15:38:11,F3,0.9764,OK,0
2026-03-31 15:38:21,F3,0.9763,OK,0
2026-03-31 15:38:31,F3,0.9761,OK,0
2026-03-31 15:38:42,F3,0.9760,OK,0
2026-03-31 15:38:52,F3,0.9758,OK,0
2026-03-31 15:39:02,F3,0.9757,OK,0
2026-03-31 15:39:12,F3,0.9756,OK,0
2026-03-31 15:39:23,F3,0.9755,OK,0
2026-03-31 15:39:33,F3,0.9754,OK,0
2026-03-31 15:39:43,F3,0.9752,OK,0
2026-03-31 15:39:53,F3,0.9751,OK,0
2026-03-31 15:40:04,F3,0.9750,OK,0
2026-03-31 15:40:14,F3,0.9749,OK,0
2026-03-31 15:40:24,F3,0.9748,OK,0
2026-03-31 15:40:34,F3,0.9748,OK,0
2026-03-31 15:40:45,F3,0.9747,OK,0
2026-03-31 15:40:55,F3,0.9746,OK,0
2026-03-31 15:41:05,F3,0.9745,OK,0
2026-03-31 15:41:15,F3,0.9745,OK,0
2026-03-31 15:41:26,F3,0.9744,OK,0
2026-03-31 15:41:36,F3,0.9744,OK,0
2026-03-31 15:41:46,F3,0.9743,OK,0
2026-03-31 15:41:56,F3,0.9743,OK,0
2026-03-31 15:42:07,F3,0.9742,OK,0
2026-03-31 15:42:17,F3,0.9742,OK,0
2026-03-31 15:42:27,F3,0.9742,OK,0
2026-03-31 15:42:37,F3,0.9742,OK,0
2026-03-31 15:42:48,F3,0.9741,OK,1
2026-03-31 15:42:58,F3,0.9741,OK,0
2026-03-31 15:43:08,F3,0.9741,OK,0
2026-03-31 15:43:18,F3,0.9742,OK,1
2026-03-31 15:43:29,F3,0.9742,OK,1
2026-03-31 15:43:39,F3,0.9742,OK,1
2026-03-31 15:43:49,F3,0.9742,OK,1
2026-03-31 15:43:59,F3,0.9743,OK,1
2026-03-31 15:44:10,F3,0.9743,OK,0
2026-03-31 15:44:20,F3,0.9744,OK,0
2026-03-31 15:44:30,F3,0.9745,OK,0
2026-03-31 15:44:41,F3,0.9746,OK,0
2026-03-31 15:44:51,F3,0.9747,OK,0
2026-03-31 15:45:01,F3,0.9749,OK,0
2026-03-31 15:45:11,F3,0.9752,OK,0
2026-03-31 15:45:22,F3,0.9755,OK,0
2026-03-31 15:45:32,F3,0.9760,OK,0
2026-03-31 15:45:42,F3,0.9765,OK,0
2026-03-31 15:45:52,F3,0.9771,OK,0
2026-03-31 15:46:03,F3,0.9778,OK,0
2026-03-31 15:46:13,F3,0.9786,OK,0
2026-03-31 15:46:23,F3,0.9796,OK,0
2026-03-31 15:46:33,F3,0.9807,OK,0
2026-03-31 15:46:44,F3,0.9819,Bajo rango,0
2026-03-31 15:46:54,F3,0.9832,Bajo rango,0
2026-03-31 15:47:04,F3,0.9846,Bajo rango,0
2026-03-31 15:47:14,F3,0.9862,Bajo rango,0
2026-03-31 15:47:25,F3,0.9879,Bajo rango,0
2026-03-31 15:47:35,F3,0.9897,Bajo rango,0
2026-03-31 15:47:45,F3,0.9916,Bajo rango,0
2026-03-31 15:47:55,F3,0.9937,Bajo rango,0
2026-03-31 15:48:06,F3,0.9958,OK,1
2026-03-31 15:48:16,F3,0.9980,OK,1
2026-03-31 15:48:26,F3,1.0004,OK,1
2026-03-31 15:48:36,F3,1.0028,OK,1
2026-03-31 15:48:47,F3,1.0054,OK,1
2026-03-31 15:48:57,F3,1.0080,OK,1
2026-03-31 15:49:07,F3,1.0107,OK,0
2026-03-31 15:49:17,F3,1.0135,OK,0
2026-03-31 15:49:28,F3,1.0165,OK,0
2026-03-31 15:49:38,F3,1.0195,OK,1
2026-03-31 15:49:48,F3,1.0226,OK,1
2026-03-31 15:49:59,F3,1.0258,Alto rango,1
2026-03-31 15:50:09,F3,1.0291,OK,0
2026-03-31 15:50:19,F3,1.0326,OK,0
2026-03-31 15:50:29,F3,1.0361,OK,0
2026-03-31 15:50:40,F3,1.0397,OK,0
2026-03-31 15:50:50,F3,1.0435,OK,0
2026-03-31 15:51:00,F3,1.0473,OK,0
2026-03-31 15:51:10,F3,1.0513,OK,0
2026-03-31 15:51:21,F3,1.0553,OK,0
2026-03-31 15:51:31,F3,1.0595,OK,0
2026-03-31 15:51:41,F3,1.0638,OK,0
2026-03-31 15:51:51,F3,1.0681,OK,0
2026-03-31 15:52:02,F3,1.0726,OK,0
2026-03-31 15:52:12,F3,1.0772,OK,0
2026-03-31 15:52:22,F3,1.0819,OK,0
2026-03-31 15:52:32,F3,1.0867,OK,0
2026-03-31 15:52:43,F3,1.0916,OK,0
2026-03-31 15:52:53,F3,1.0966,OK,0
2026-03-31 15:53:03,F3,1.1017,OK,0
2026-03-31 15:53:13,F3,1.1069,OK,0
2026-03-31 15:53:24,F3,1.1122,OK,0
2026-03-31 15:53:34,F3,1.1176,OK,0
2026-03-31 15:53:44,F3,1.1231,OK,0
2026-03-31 15:53:54,F3,1.1287,OK,0
2026-03-31 15:54:05,F3,1.1344,OK,0
2026-03-31 15:54:15,F3,1.1402,OK,0
2026-03-31 15:54:25,F3,1.1461,OK,0
2026-03-31 15:54:35,F3,1.1521,OK,0
2026-03-31 15:54:46,F3,1.1582,OK,0
2026-03-31 15:54:56,F3,1.1644,OK,0
2026-03-31 15:55:06,F3,1.1706,OK,0
2026-03-31 15:55:16,F3,1.1770,OK,0
2026-03-31 15:55:27,F3,1.1834,OK,0
2026-03-31 15:55:37,F3,1.1899,OK,0
2026-03-31 15:55:47,F3,1.1965,OK,0
2026-03-31 15:55:57,F3,1.2032,OK,0
2026-03-31 15:56:08,F3,1.2100,OK,0
2026-03-31 15:56:18,F3,1.2169,OK,0
2026-03-31 15:56:28,F3,1.2238,OK,0
2026-03-31 15:56:38,F3,1.2308,OK,0
2026-03-31 15:56:49,F3,1.2379,OK,0
2026-03-31 15:56:59,F3,1.2450,OK,0
2026-03-31 15:57:09,F3,1.2523,OK,0
2026-03-31 15:57:20,F3,1.2596,OK,0
2026-03-31 15:57:30,F3,1.2669,OK,0
2026-03-31 15:57:40,F3,1.2744,OK,0
2026-03-31 15:57:50,F3,1.2819,OK,0
2026-03-31 15:58:01,F3,1.2894,OK,0
2026-03-31 15:58:11,F3,1.2971,OK,0
2026-03-31 15:58:21,F3,1.3047,OK,0
2026-03-31 15:58:31,F3,1.3125,OK,0
2026-03-31 15:58:42,F3,1.3203,OK,0
2026-03-31 15:58:52,F3,1.3281,OK,0
2026-03-31 15:59:02,F3,1.3361,OK,0
2026-03-31 15:59:13,F3,1.3440,OK,0
2026-03-31 15:59:23,F3,1.3520,OK,0
2026-03-31 15:59:33,F3,1.3601,OK,0
2026-03-31 15:59:43,F3,1.3682,OK,0
2026-03-31 15:59:54,F3,1.3764,OK,0
2026-03-31 16:00:04,F3,1.3846,OK,0
2026-03-31 16:00:14,F3,1.3928,OK,0
2026-03-31 16:00:24,F3,1.4011,OK,0
2026-03-31 16:00:35,F3,1.4094,OK,0
2026-03-31 16:00:45,F3,1.4178,OK,0
2026-03-31 16:00:55,F3,1.4262,OK,0
2026-03-31 16:01:05,F3,1.4346,OK,0
2026-03-31 16:01:16,F3,1.4431,OK,0
2026-03-31 16:01:26,F3,1.4516,OK,0
2026-03-31 16:01:36,F3,1.4601,OK,0
2026-03-31 16:01:46,F3,1.4687,OK,0
2026-03-31 16:01:57,F3,1.4773,OK,0
2026-03-31 16:02:07,F3,1.4859,OK,0
2026-03-31 16:02:17,F3,1.4945,OK,0
2026-03-31 16:02:28,F3,1.5032,OK,0
2026-03-31 16:02:38,F3,1.5118,OK,0
2026-03-31 16:02:48,F3,1.5205,OK,0
2026-03-31 16:02:58,F3,1.5292,OK,0
2026-03-31 16:03:09,F3,1.5379,OK,0
2026-03-31 16:03:19,F3,1.5467,OK,0
2026-03-31 16:03:29,F3,1.5554,OK,0
2026-03-31 16:03:39,F3,1.5642,OK,0
2026-03-31 16:03:50,F3,1.5729,OK,0
2026-03-31 16:04:00,F3,1.5817,OK,0
2026-03-31 16:04:10,F3,1.5905,OK,0
2026-03-31 16:04:21,F3,1.5993,OK,0
2026-03-31 16:04:31,F3,1.6081,OK,0
2026-03-31 16:04:41,F3,1.6169,OK,0
2026-03-31 16:04:51,F3,1.6256,OK,0
2026-03-31 16:05:02,F3,1.6344,OK,0
2026-03-31 16:05:12,F3,1.6432,OK,0
2026-03-31 16:05:22,F3,1.6520,OK,1
2026-03-31 16:05:32,F3,1.6608,OK,0
2026-03-31 16:05:43,F3,1.6695,OK,0
2026-03-31 16:05:53,F3,1.6783,OK,0
2026-03-31 16:06:03,F3,1.6871,OK,0
2026-03-31 16:06:13,F3,1.6958,OK,0
2026-03-31 16:06:24,F3,1.7045,OK,0
2026-03-31 16:06:34,F3,1.7133,OK,0
2026-03-31 16:06:44,F3,1.7220,OK,0
2026-03-31 16:06:54,F3,1.7306,OK,0
2026-03-31 16:07:05,F3,1.7393,OK,0
2026-03-31 16:07:15,F3,1.7480,OK,0
2026-03-31 16:07:25,F3,1.7566,OK,0
2026-03-31 16:07:35,F3,1.7652,OK,0
2026-03-31 16:07:46,F3,1.7738,OK,0
2026-03-31 16:07:56,F3,1.7824,OK,0
2026-03-31 16:08:06,F3,1.7909,OK,0
2026-03-31 16:08:16,F3,1.7994,OK,0
2026-03-31 16:08:27,F3,1.8079,OK,0
2026-03-31 16:08:37,F3,1.8164,OK,0
2026-03-31 16:08:47,F3,1.8248,OK,0
2026-03-31 16:08:58,F3,1.8332,OK,0
2026-03-31 16:09:08,F3,1.8415,OK,0
2026-03-31 16:09:18,F3,1.8499,OK,0
2026-03-31 16:09:28,F3,1.8582,OK,0
2026-03-31 16:09:39,F3,1.8664,OK,0
2026-03-31 16:09:49,F3,1.8747,OK,0
2026-03-31 16:09:59,F3,1.8828,OK,0
2026-03-31 16:10:09,F3,1.8910,OK,0
2026-03-31 16:10:20,F3,1.8991,OK,0
2026-03-31 16:10:30,F3,1.9072,OK,0
2026-03-31 16:10:40,F3,1.9152,OK,0
2026-03-31 16:10:51,F3,1.9232,OK,0
2026-03-31 16:11:01,F3,1.9311,OK,0
2026-03-31 16:11:11,F3,1.9390,OK,0
2026-03-31 16:11:21,F3,1.9469,OK,0
2026-03-31 16:11:32,F3,1.9547,OK,1
2026-03-31 16:11:42,F3,1.9624,OK,1
2026-03-31 16:11:52,F3,1.9701,OK,1
2026-03-31 16:12:02,F3,1.9778,OK,1
2026-03-31 16:12:13,F3,1.9854,OK,0
2026-03-31 16:12:23,F3,1.9930,OK,0
2026-03-31 16:12:33,F3,2.0005,OK,0
2026-03-31 16:12:44,F3,2.0079,Bajo rango,0
2026-03-31 16:12:54,F3,2.0153,Bajo rango,0
2026-03-31 16:13:04,F3,2.0227,Bajo rango,0
2026-03-31 16:13:14,F3,2.0299,Bajo rango,0
2026-03-31 16:13:25,F3,2.0372,Bajo rango,0
2026-03-31 16:13:35,F3,2.0443,Bajo rango,0
2026-03-31 16:13:45,F3,2.0514,Bajo rango,0
2026-03-31 16:13:55,F3,2.0585,Bajo rango,0
2026-03-31 16:14:06,F3,2.0655,Bajo rango,0
2026-03-31 16:14:16,F3,2.0724,OK,0
2026-03-31 16:14:26,F3,2.0792,OK,0
2026-03-31 16:14:36,F3,2.0860,OK,0
2026-03-31 16:14:47,F3,2.0927,OK,0
2026-03-31 16:14:57,F3,2.0994,OK,0
2026-03-31 16:15:07,F3,2.1059,OK,0
2026-03-31 16:15:17,F3,2.1125,OK,0
2026-03-31 16:15:28,F3,2.1189,OK,0
2026-03-31 16:15:38,F3,2.1253,OK,0
2026-03-31 16:15:48,F3,2.1315,OK,0
2026-03-31 16:15:58,F3,2.1378,OK,0
2026-03-31 16:16:09,F3,2.1439,OK,0
2026-03-31 16:16:19,F3,2.1500,OK,0
2026-03-31 16:16:29,F3,2.1560,OK,0
2026-03-31 16:16:40,F3,2.1619,OK,0
2026-03-31 16:16:50,F3,2.1677,OK,0
2026-03-31 16:17:00,F3,2.1735,OK,0
2026-03-31 16:17:10,F3,2.1792,OK,0
2026-03-31 16:17:21,F3,2.1848,OK,0
2026-03-31 16:17:31,F3,2.1903,OK,0
2026-03-31 16:17:41,F3,2.1958,OK,0
2026-03-31 16:17:51,F3,2.2012,OK,0
2026-03-31 16:18:02,F3,2.2065,OK,0
2026-03-31 16:18:12,F3,2.2117,OK,0
2026-03-31 16:18:22,F3,2.2168,OK,0
2026-03-31 16:18:32,F3,2.2219,OK,0
2026-03-31 16:18:43,F3,2.2269,OK,0
2026-03-31 16:18:53,F3,2.2318,OK,0
2026-03-31 16:19:03,F3,2.2366,OK,0
2026-03-31 16:19:14,F3,2.2413,OK,0
2026-03-31 16:19:24,F3,2.2460,OK,0
2026-03-31 16:19:34,F3,2.2506,OK,0
2026-03-31 16:19:44,F3,2.2551,OK,0
2026-03-31 16:19:55,F3,2.2595,OK,0
2026-03-31 16:20:05,F3,2.2639,OK,0
2026-03-31 16:20:15,F3,2.2681,OK,0
2026-03-31 16:20:26,F3,2.2723,OK,0
2026-03-31 16:20:36,F3,2.2764,OK,0
2026-03-31 16:20:46,F3,2.2804,OK,0
2026-03-31 16:20:56,F3,2.2843,OK,0
2026-03-31 16:21:07,F3,2.2882,OK,0
2026-03-31 16:21:17,F3,2.2920,OK,0
2026-03-31 16:21:27,F3,2.2957,OK,0
2026-03-31 16:21:37,F3,2.2993,OK,0
2026-03-31 16:21:48,F3,2.3028,OK,0
2026-03-31 16:21:58,F3,2.3063,OK,0
2026-03-31 16:22:08,F3,2.3096,OK,0
2026-03-31 16:22:18,F3,2.3129,OK,0
2026-03-31 16:22:29,F3,2.3161,OK,0
2026-03-31 16:22:39,F3,2.3192,OK,0
2026-03-31 16:22:49,F3,2.3223,OK,0
2026-03-31 16:22:59,F3,2.3252,OK,0
2026-03-31 16:23:10,F3,2.3281,OK,0
2026-03-31 16:23:20,F3,2.3309,OK,0
2026-03-31 16:23:30,F3,2.3336,OK,0
2026-03-31 16:23:40,F3,2.3363,OK,0
2026-03-31 16:23:51,F3,2.3388,OK,0
2026-03-31 16:24:01,F3,2.3413,OK,0
2026-03-31 16:24:11,F3,2.3437,OK,0
2026-03-31 16:24:21,F3,2.3460,OK,0
2026-03-31 16:24:32,F3,2.3483,OK,0
2026-03-31 16:24:42,F3,2.3504,OK,0
2026-03-31 16:24:52,F3,2.3525,OK,0
2026-03-31 16:25:02,F3,2.3545,OK,0
2026-03-31 16:25:13,F3,2.3564,OK,0
2026-03-31 16:25:23,F3,2.3582,OK,0
2026-03-31 16:25:33,F3,2.3600,OK,0
2026-03-31 16:25:44,F3,2.3616,OK,0
2026-03-31 16:25:54,F3,2.3632,OK,0
2026-03-31 16:26:04,F3,2.3648,OK,0
2026-03-31 16:26:14,F3,2.3662,OK,0
2026-03-31 16:26:25,F3,2.3675,OK,0
2026-03-31 16:26:35,F3,2.3688,OK,0
2026-03-31 16:26:45,F3,2.3700,OK,0
2026-03-31 16:26:55,F3,2.3711,OK,0
2026-03-31 16:27:06,F3,2.3722,OK,0
2026-03-31 16:27:16,F3,2.3731,OK,0
2026-03-31 16:27:26,F3,2.3740,OK,0
2026-03-31 16:27:36,F3,2.3748,OK,0
2026-03-31 16:27:47,F3,2.3756,OK,0
2026-03-31 16:27:57,F3,2.3762,OK,0
2026-03-31 16:28:07,F3,2.3768,OK,0
2026-03-31 16:28:17,F3,2.3773,OK,0
2026-03-31 16:28:28,F3,2.3777,OK,0
2026-03-31 16:28:38,F3,2.3780,OK,0
2026-03-31 16:28:48,F3,2.3783,OK,0
2026-03-31 16:28:58,F3,2.3785,OK,0
2026-03-31 16:29:09,F3,2.3786,OK,0
2026-03-31 16:29:19,F3,2.3787,OK,0
2026-03-31 16:29:29,F3,2.3786,OK,0
2026-03-31 16:29:40,F3,2.3785,OK,0
2026-03-31 16:29:50,F3,2.3783,OK,0
2026-03-31 16:30:00,F3,2.3781,OK,0
2026-03-31 16:30:10,F3,2.3778,OK,0
2026-03-31 16:30:21,F3,2.3774,OK,0
2026-03-31 16:30:31,F3,2.3769,OK,0
2026-03-31 16:30:41,F3,2.3763,OK,0
2026-03-31 16:30:51,F3,2.3757,OK,0
2026-03-31 16:31:02,F3,2.3750,OK,0
2026-03-31 16:31:12,F3,2.3743,OK,0
2026-03-31 16:31:22,F3,2.3734,OK,0
2026-03-31 16:31:32,F3,2.3725,OK,0
2026-03-31 16:31:43,F3,2.3716,OK,0
2026-03-31 16:31:53,F3,2.3705,OK,0
2026-03-31 16:32:03,F3,2.3694,OK,0
2026-03-31 16:32:13,F3,2.3682,OK,0
2026-03-31 16:32:24,F3,2.3670,OK,0
2026-03-31 16:32:34,F3,2.3656,OK,0
2026-03-31 16:32:44,F3,2.3642,OK,0
2026-03-31 16:32:55,F3,2.3628,OK,0
2026-03-31 16:33:05,F3,2.3613,OK,0
2026-03-31 16:33:15,F3,2.3597,OK,0
2026-03-31 16:33:25,F3,2.3580,OK,0
2026-03-31 16:33:36,F3,2.3563,OK,0
2026-03-31 16:33:46,F3,2.3545,OK,0
2026-03-31 16:33:56,F3,2.3526,OK,0
2026-03-31 16:34:06,F3,2.3507,OK,0
2026-03-31 16:34:17,F3,2.3487,OK,0
2026-03-31 16:34:27,F3,2.3467,OK,0
2026-03-31 16:34:37,F3,2.3446,OK,0
2026-03-31 16:34:47,F3,2.3424,OK,0
2026-03-31 16:34:58,F3,2.3402,OK,0
2026-03-31 16:35:08,F3,2.3378,OK,0
2026-03-31 16:35:18,F3,2.3355,OK,0
2026-03-31 16:35:28,F3,2.3331,OK,0
2026-03-31 16:35:39,F3,2.3306,OK,0
2026-03-31 16:35:49,F3,2.3280,OK,0
2026-03-31 16:35:59,F3,2.3254,OK,0
2026-03-31 16:36:09,F3,2.3228,OK,0
2026-03-31 16:36:20,F3,2.3200,OK,0
2026-03-31 16:36:30,F3,2.3172,OK,0
2026-03-31 16:36:40,F3,2.3144,OK,0
2026-03-31 16:36:51,F3,2.3115,OK,0
2026-03-31 16:37:01,F3,2.3085,OK,0
2026-03-31 16:37:11,F3,2.3055,OK,0
2026-03-31 16:37:21,F3,2.3024,OK,0
2026-03-31 16:37:32,F3,2.2993,OK,0
2026-03-31 16:37:42,F3,2.2961,OK,0
2026-03-31 16:37:52,F3,2.2929,OK,0
2026-03-31 16:38:02,F3,2.2896,OK,0
2026-03-31 16:38:13,F3,2.2862,OK,0
2026-03-31 16:38:23,F3,2.2828,OK,0
2026-03-31 16:38:33,F3,2.2794,OK,0
2026-03-31 16:38:44,F3,2.2759,OK,0
2026-03-31 16:38:54,F3,2.2723,OK,0
2026-03-31 16:39:04,F3,2.2687,OK,0
2026-03-31 16:39:14,F3,2.2650,OK,0
2026-03-31 16:39:25,F3,2.2613,OK,0
2026-03-31 16:39:35,F3,2.2575,OK,0
2026-03-31 16:39:45,F3,2.2537,OK,0
2026-03-31 16:39:55,F3,2.2498,OK,0
2026-03-31 16:40:06,F3,2.2459,OK,0
2026-03-31 16:40:16,F3,2.2419,OK,0
2026-03-31 16:40:26,F3,2.2379,OK,0
2026-03-31 16:40:36,F3,2.2338,OK,0
2026-03-31 16:40:47,F3,2.2297,OK,0
2026-03-31 16:40:57,F3,2.2256,OK,0
2026-03-31 16:41:07,F3,2.2213,OK,0
2026-03-31 16:41:18,F3,2.2171,OK,0
2026-03-31 16:41:28,F3,2.2128,OK,0
2026-03-31 16:41:38,F3,2.2084,OK,0
2026-03-31 16:41:48,F3,2.2040,OK,0
2026-03-31 16:41:59,F3,2.1996,OK,0
2026-03-31 16:42:09,F3,2.1951,OK,0
2026-03-31 16:42:19,F3,2.1906,OK,0
2026-03-31 16:42:29,F3,2.1860,OK,0
2026-03-31 16:42:40,F3,2.1814,OK,0
2026-03-31 16:42:50,F3,2.1767,OK,0
2026-03-31 16:43:00,F3,2.1720,OK,0
2026-03-31 16:43:10,F3,2.1673,OK,0
2026-03-31 16:43:21,F3,2.1625,OK,0
2026-03-31 16:43:31,F3,2.1577,OK,0
2026-03-31 16:43:41,F3,2.1528,OK,0
2026-03-31 16:43:52,F3,2.1479,OK,0
2026-03-31 16:44:02,F3,2.1430,OK,0
2026-03-31 16:44:12,F3,2.1380,OK,0
2026-03-31 16:44:22,F3,2.1329,OK,0
2026-03-31 16:44:33,F3,2.1279,OK,0
2026-03-31 16:44:43,F3,2.1228,OK,0
2026-03-31 16:44:53,F3,2.1177,OK,0
2026-03-31 16:45:03,F3,2.1125,OK,0
2026-03-31 16:45:14,F3,2.1073,OK,0
2026-03-31 16:45:24,F3,2.1020,OK,0
2026-03-31 16:45:34,F3,2.0967,OK,0
2026-03-31 16:45:44,F3,2.0914,OK,0
2026-03-31 16:45:55,F3,2.0861,OK,0
2026-03-31 16:46:05,F3,2.0807,OK,0
2026-03-31 16:46:15,F3,2.0753,OK,0
2026-03-31 16:46:26,F3,2.0698,OK,0
2026-03-31 16:46:36,F3,2.0643,OK,0
2026-03-31 16:46:46,F3,2.0588,OK,0
2026-03-31 16:46:56,F3,2.0533,OK,0
2026-03-31 16:47:07,F3,2.0477,OK,0
2026-03-31 16:47:17,F3,2.0421,OK,0
2026-03-31 16:47:27,F3,2.0365,OK,0
2026-03-31 16:47:37,F3,2.0308,OK,0
2026-03-31 16:47:48,F3,2.0251,OK,0
2026-03-31 16:47:58,F3,2.0194,OK,0
2026-03-31 16:48:08,F3,2.0136,OK,0
2026-03-31 16:48:18,F3,2.0078,OK,0
2026-03-31 16:48:29,F3,2.0020,OK,0
2026-03-31 16:48:39,F3,1.9962,OK,0
2026-03-31 16:48:49,F3,1.9903,OK,0
2026-03-31 16:49:00,F3,1.9844,OK,0
2026-03-31 16:49:10,F3,1.9785,OK,0
2026-03-31 16:49:20,F3,1.9726,OK,0
2026-03-31 16:49:30,F3,1.9666,OK,0
2026-03-31 16:49:41,F3,1.9606,OK,0
2026-03-31 16:49:51,F3,1.9546,OK,0
2026-03-31 16:50:01,F3,1.9486,OK,0
2026-03-31 16:50:11,F3,1.9425,OK,0
2026-03-31 16:50:22,F3,1.9364,OK,0
2026-03-31 16:50:32,F3,1.9303,OK,0
2026-03-31 16:50:42,F3,1.9242,OK,0
2026-03-31 16:50:52,F3,1.9181,OK,0
2026-03-31 16:51:03,F3,1.9119,OK,0
2026-03-31 16:51:13,F3,1.9057,OK,0
2026-03-31 16:51:23,F3,1.8995,OK,0
2026-03-31 16:51:34,F3,1.8933,OK,0
2026-03-31 16:51:44,F3,1.8871,OK,0
2026-03-31 16:51:54,F3,1.8808,OK,0
2026-03-31 16:52:04,F3,1.8745,OK,0
2026-03-31 16:52:15,F3,1.8683,OK,0
2026-03-31 16:52:25,F3,1.8619,OK,0
2026-03-31 16:52:35,F3,1.8556,OK,0
2026-03-31 16:52:45,F3,1.8493,OK,0
2026-03-31 16:52:56,F3,1.8429,OK,0
2026-03-31 16:53:06,F3,1.8366,OK,0
2026-03-31 16:53:16,F3,1.8302,OK,0
2026-03-31 16:53:27,F3,1.8238,OK,0
2026-03-31 16:53:37,F3,1.8174,OK,0
2026-03-31 16:53:47,F3,1.8110,OK,0
2026-03-31 16:53:57,F3,1.8046,OK,0
2026-03-31 16:54:08,F3,1.7981,OK,0
2026-03-31 16:54:18,F3,1.7917,OK,0
2026-03-31 16:54:28,F3,1.7853,OK,0
2026-03-31 16:54:38,F3,1.7788,OK,0
2026-03-31 16:54:49,F3,1.7723,OK,0
2026-03-31 16:54:59,F3,1.7658,OK,0
2026-03-31 16:55:09,F3,1.7594,OK,0
2026-03-31 16:55:19,F3,1.7529,OK,0
2026-03-31 16:55:30,F3,1.7464,OK,0
2026-03-31 16:55:40,F3,1.7399,OK,0
2026-03-31 16:55:50,F3,1.7334,OK,0
2026-03-31 16:56:00,F3,1.7269,OK,0
2026-03-31 16:56:11,F3,1.7203,OK,0
2026-03-31 16:56:21,F3,1.7138,OK,0
2026-03-31 16:56:31,F3,1.7073,OK,0
2026-03-31 16:56:42,F3,1.7008,OK,0
2026-03-31 16:56:52,F3,1.6943,OK,0
2026-03-31 16:57:02,F3,1.6877,OK,0
2026-03-31 16:57:12,F3,1.6812,OK,0
2026-03-31 16:57:23,F3,1.6747,OK,0
2026-03-31 16:57:33,F3,1.6682,OK,0
2026-03-31 16:57:43,F3,1.6617,OK,0
2026-03-31 16:57:53,F3,1.6551,OK,0
2026-03-31 16:58:04,F3,1.6486,OK,0
2026-03-31 16:58:14,F3,1.6421,OK,0
2026-03-31 16:58:24,F3,1.6356,OK,0
2026-03-31 16:58:34,F3,1.6291,OK,0
2026-03-31 16:58:45,F3,1.6226,OK,1
2026-03-31 16:58:55,F3,1.6161,OK,1
2026-03-31 16:59:05,F3,1.6096,Bajo rango,1
2026-03-31 16:59:16,F3,1.6032,Bajo rango,1
2026-03-31 16:59:26,F3,1.5967,Bajo rango,1
2026-03-31 16:59:36,F3,1.5902,Bajo rango,0
2026-03-31 16:59:46,F3,1.5838,Bajo rango,0
2026-03-31 16:59:57,F3,1.5773,Bajo rango,0
2026-03-31 17:00:07,F3,1.5709,Bajo rango,0
2026-03-31 17:00:17,F3,1.5644,Bajo rango,0
2026-03-31 17:00:27,F3,1.5580,OK,0
2026-03-31 17:00:38,F3,1.5516,OK,0
2026-03-31 17:00:48,F3,1.5452,OK,0
2026-03-31 17:00:58,F3,1.5388,OK,0
2026-03-31 17:01:08,F3,1.5324,OK,0
2026-03-31 17:01:19,F3,1.5260,OK,0
2026-03-31 17:01:29,F3,1.5196,OK,0
2026-03-31 17:01:39,F3,1.5132,OK,1
2026-03-31 17:01:50,F3,1.5069,OK,1
2026-03-31 17:02:00,F3,1.5005,OK,1
2026-03-31 17:02:10,F3,1.4941,OK,1
2026-03-31 17:02:20,F3,1.4878,OK,0
2026-03-31 17:02:31,F3,1.4814,OK,0
2026-03-31 17:02:41,F3,1.4751,OK,0
2026-03-31 17:02:51,F3,1.4688,OK,0
2026-03-31 17:03:01,F3,1.4624,OK,0
2026-03-31 17:03:12,F3,1.4561,OK,0
2026-03-31 17:03:22,F3,1.4498,OK,0
2026-03-31 17:03:32,F3,1.4435,OK,0
2026-03-31 17:03:43,F3,1.4372,OK,0
2026-03-31 17:03:53,F3,1.4309,OK,0
2026-03-31 17:04:03,F3,1.4247,OK,0
2026-03-31 17:04:13,F3,1.4184,OK,0
2026-03-31 17:04:24,F3,1.4122,OK,0
2026-03-31 17:04:34,F3,1.4059,OK,0
2026-03-31 17:04:44,F3,1.3997,OK,0
2026-03-31 17:04:54,F3,1.3935,OK,0
2026-03-31 17:05:05,F3,1.3873,OK,0
2026-03-31 17:05:15,F3,1.3811,OK,0
2026-03-31 17:05:25,F3,1.3750,OK,0
2026-03-31 17:05:35,F3,1.3688,OK,0
2026-03-31 17:05:46,F3,1.3627,OK,0
2026-03-31 17:05:56,F3,1.3566,OK,0
2026-03-31 17:06:06,F3,1.3505,OK,0
2026-03-31 17:06:16,F3,1.3444,OK,0
2026-03-31 17:06:27,F3,1.3383,OK,0
2026-03-31 17:06:37,F3,1.3323,OK,0
2026-03-31 17:06:47,F3,1.3263,OK,0
2026-03-31 17:06:57,F3,1.3203,OK,0
2026-03-31 17:07:08,F3,1.3143,OK,0
2026-03-31 17:07:18,F3,1.3083,OK,0
2026-03-31 17:07:28,F3,1.3023,OK,0
2026-03-31 17:07:39,F3,1.2964,OK,0
2026-03-31 17:07:49,F3,1.2905,OK,0
2026-03-31 17:07:59,F3,1.2846,OK,0
2026-03-31 17:08:09,F3,1.2787,OK,0
2026-03-31 17:08:20,F3,1.2729,OK,0
2026-03-31 17:08:30,F3,1.2671,OK,0
2026-03-31 17:08:40,F3,1.2613,OK,0
2026-03-31 17:08:50,F3,1.2555,OK,0
2026-03-31 17:09:01,F3,1.2497,OK,0
2026-03-31 17:09:11,F3,1.2440,OK,0
2026-03-31 17:09:21,F3,1.2383,OK,0
2026-03-31 17:09:31,F3,1.2326,OK,0
2026-03-31 17:09:42,F3,1.2269,OK,0
2026-03-31 17:09:52,F3,1.2212,OK,0
2026-03-31 17:10:02,F3,1.2156,OK,0
2026-03-31 17:10:12,F3,1.2100,OK,0
2026-03-31 17:10:23,F3,1.2045,OK,0
2026-03-31 17:10:33,F3,1.1989,OK,0
2026-03-31 17:10:43,F3,1.1934,OK,0
2026-03-31 17:10:54,F3,1.1879,OK,0
2026-03-31 17:11:04,F3,1.1824,OK,0
2026-03-31 17:11:14,F3,1.1769,OK,0
2026-03-31 17:11:24,F3,1.1715,OK,0
2026-03-31 17:11:35,F3,1.1661,OK,0
2026-03-31 17:11:45,F3,1.1607,OK,0
2026-03-31 17:11:55,F3,1.1554,OK,0
2026-03-31 17:12:05,F3,1.1500,OK,0
2026-03-31 17:12:16,F3,1.1447,OK,0
2026-03-31 17:12:26,F3,1.1394,OK,0
2026-03-31 17:12:36,F3,1.1342,OK,0
2026-03-31 17:12:47,F3,1.1289,OK,0
2026-03-31 17:12:57,F3,1.1237,OK,0
2026-03-31 17:13:07,F3,1.1186,OK,0
2026-03-31 17:13:17,F3,1.1134,OK,0
2026-03-31 17:13:28,F3,1.1083,OK,0
2026-03-31 17:13:38,F3,1.1032,OK,0
2026-03-31 17:13:48,F3,1.0981,OK,0
2026-03-31 17:13:58,F3,1.0930,OK,0
2026-03-31 17:14:09,F3,1.0880,OK,0
2026-03-31 17:14:19,F3,1.0830,OK,0
2026-03-31 17:14:29,F3,1.0780,OK,0
2026-03-31 17:14:39,F3,1.0731,OK,0
2026-03-31 17:14:50,F3,1.0681,OK,0
2026-03-31 17:15:00,F3,1.0633,OK,0
2026-03-31 17:15:10,F3,1.0584,OK,0
2026-03-31 17:15:20,F3,1.0535,OK,0
2026-03-31 17:15:31,F3,1.0487,OK,0
2026-03-31 17:15:41,F3,1.0439,OK,0
2026-03-31 17:15:51,F3,1.0392,OK,0
2026-03-31 17:16:02,F3,1.0344,OK,0
2026-03-31 17:16:12,F3,1.0297,OK,0
2026-03-31 17:16:22,F3,1.0250,OK,0
2026-03-31 17:16:32,F3,1.0204,OK,0
2026-03-31 17:16:43,F3,1.0158,OK,0
2026-03-31 17:16:53,F3,1.0111,OK,0
2026-03-31 17:17:03,F3,1.0066,OK,0
2026-03-31 17:17:13,F3,1.0020,OK,0
2026-03-31 17:17:24,F3,0.9975,OK,0
2026-03-31 17:17:34,F3,0.9930,OK,0
2026-03-31 17:17:44,F3,0.9886,OK,0
2026-03-31 17:17:55,F3,0.9841,OK,0
2026-03-31 17:18:05,F3,0.9797,OK,0
2026-03-31 17:18:15,F3,0.9753,OK,0
2026-03-31 17:18:25,F3,0.9710,OK,0
2026-03-31 17:18:36,F3,0.9666,OK,0
2026-03-31 17:18:46,F3,0.9623,OK,0
2026-03-31 17:18:56,F3,0.9581,OK,0
2026-03-31 17:19:06,F3,0.9538,OK,0
2026-03-31 17:19:17,F3,0.9496,OK,0
2026-03-31 17:19:27,F3,0.9454,OK,0
2026-03-31 17:19:37,F3,0.9412,OK,0
2026-03-31 17:19:47,F3,0.9371,OK,0
2026-03-31 17:19:58,F3,0.9330,OK,0
2026-03-31 17:20:08,F3,0.9289,OK,0
2026-03-31 17:20:18,F3,0.9248,OK,0
2026-03-31 17:20:28,F3,0.9208,OK,0
2026-03-31 17:20:39,F3,0.9168,OK,0
2026-03-31 17:20:49,F3,0.9128,OK,0
2026-03-31 17:20:59,F3,0.9089,OK,0
2026-03-31 17:21:09,F3,0.9050,OK,0
2026-03-31 17:21:20,F3,0.9011,OK,0
2026-03-31 17:21:30,F3,0.8972,OK,0
2026-03-31 17:21:40,F3,0.8934,OK,0
2026-03-31 17:21:50,F3,0.8896,OK,0
2026-03-31 17:22:01,F3,0.8858,OK,0
2026-03-31 17:22:11,F3,0.8820,OK,0
2026-03-31 17:22:21,F3,0.8783,OK,0
2026-03-31 17:22:32,F3,0.8746,OK,0
2026-03-31 17:22:42,F3,0.8709,OK,0
2026-03-31 17:22:52,F3,0.8673,OK,0
2026-03-31 17:23:02,F3,0.8637,OK,0
2026-03-31 17:23:13,F3,0.8601,OK,0
2026-03-31 17:23:23,F3,0.8565,OK,0
2026-03-31 17:23:33,F3,0.8530,OK,0
2026-03-31 17:23:43,F3,0.8494,OK,0
2026-03-31 17:23:54,F3,0.8459,OK,0
2026-03-31 17:24:04,F3,0.8425,OK,0
2026-03-31 17:24:14,F3,0.8391,OK,0
2026-03-31 17:24:24,F3,0.8356,OK,0
2026-03-31 17:24:35,F3,0.8323,OK,0
2026-03-31 17:24:45,F3,0.8289,OK,0
2026-03-31 17:24:55,F3,0.8256,OK,0
2026-03-31 17:25:05,F3,0.8223,OK,0
2026-03-31 17:25:16,F3,0.8190,OK,0
2026-03-31 17:25:26,F3,0.8158,OK,0
2026-03-31 17:25:36,F3,0.8125,OK,0
2026-03-31 17:25:47,F3,0.8093,OK,0
2026-03-31 17:25:57,F3,0.8062,OK,0
2026-03-31 17:26:07,F3,0.8030,OK,0
2026-03-31 17:26:17,F3,0.7999,OK,0
2026-03-31 17:26:28,F3,0.7968,OK,0
2026-03-31 17:26:38,F3,0.7937,OK,0
2026-03-31 17:26:48,F3,0.7907,OK,0
2026-03-31 17:26:59,F3,0.7877,OK,0
2026-03-31 17:27:09,F3,0.7847,OK,0
2026-03-31 17:27:19,F3,0.7817,OK,0
2026-03-31 17:27:29,F3,0.7787,OK,0
2026-03-31 17:27:40,F3,0.7758,OK,0
2026-03-31 17:27:50,F3,0.7729,OK,0
2026-03-31 17:28:00,F3,0.7701,OK,0
2026-03-31 17:28:10,F3,0.7672,OK,0
2026-03-31 17:28:21,F3,0.7644,OK,0
2026-03-31 17:28:31,F3,0.7616,OK,0
2026-03-31 17:28:41,F3,0.7588,OK,0
2026-03-31 17:28:51,F3,0.7560,OK,0
2026-03-31 17:29:02,F3,0.7533,OK,0
2026-03-31 17:29:12,F3,0.7506,OK,0
2026-03-31 17:29:22,F3,0.7479,OK,0
2026-03-31 17:29:33,F3,0.7453,OK,0
2026-03-31 17:29:43,F3,0.7426,OK,0
2026-03-31 17:29:53,F3,0.7400,OK,0
2026-03-31 17:30:03,F3,0.7374,OK,0
2026-03-31 17:30:14,F3,0.7348,OK,0
2026-03-31 17:30:24,F3,0.7323,OK,0
2026-03-31 17:30:34,F3,0.7298,OK,0
2026-03-31 17:30:45,F3,0.7273,OK,0
2026-03-31 17:30:55,F3,0.7248,OK,0
2026-03-31 17:31:05,F3,0.7223,OK,0
2026-03-31 17:31:15,F3,0.7199,OK,0
2026-03-31 17:31:26,F3,0.7175,OK,0
2026-03-31 17:31:36,F3,0.7151,OK,0
2026-03-31 17:31:46,F3,0.7127,OK,0
2026-03-31 17:31:56,F3,0.7104,OK,0
2026-03-31 17:32:07,F3,0.7081,OK,0
2026-03-31 17:32:17,F3,0.7058,OK,0
2026-03-31 17:32:27,F3,0.7035,OK,1
2026-03-31 17:32:37,F3,0.7012,OK,0
2026-03-31 17:32:48,F3,0.6990,OK,0
2026-03-31 17:32:58,F3,0.6968,OK,0
2026-03-31 17:33:08,F3,0.6946,OK,0
2026-03-31 17:33:19,F3,0.6924,OK,0
2026-03-31 17:33:29,F3,0.6902,OK,0
2026-03-31 17:33:39,F3,0.6881,OK,0
2026-03-31 17:33:49,F3,0.6860,OK,0
2026-03-31 17:34:00,F3,0.6839,OK,1
2026-03-31 17:34:10,F3,0.6818,OK,0
2026-03-31 17:34:20,F3,0.6798,OK,0
2026-03-31 17:34:30,F3,0.6777,OK,0
2026-03-31 17:34:41,F3,0.6757,OK,0
2026-03-31 17:34:51,F3,0.6737,OK,0
2026-03-31 17:35:01,F3,0.6717,OK,0
2026-03-31 17:35:12,F3,0.6698,OK,0
2026-03-31 17:35:22,F3,0.6678,OK,0
2026-03-31 17:35:32,F3,0.6659,OK,0
2026-03-31 17:35:42,F3,0.6640,OK,0
2026-03-31 17:35:53,F3,0.6621,OK,0
2026-03-31 17:36:03,F3,0.6602,Bajo rango,0
2026-03-31 17:36:13,F3,0.6583,Bajo rango,0
2026-03-31 17:36:23,F3,0.6565,Bajo rango,0
2026-03-31 17:36:34,F3,0.6547,Bajo rango,0
2026-03-31 17:36:44,F3,0.6528,Bajo rango,0
2026-03-31 17:36:54,F3,0.6510,Bajo rango,0
2026-03-31 17:37:04,F3,0.6492,Bajo rango,0
2026-03-31 17:37:15,F3,0.6474,Bajo rango,0
2026-03-31 17:37:25,F3,0.6457,Bajo rango,0
2026-03-31 17:37:35,F3,0.6439,Bajo rango,0
2026-03-31 17:37:45,F3,0.6422,Bajo rango,0
2026-03-31 17:37:56,F3,0.6404,Bajo rango,0
2026-03-31 17:38:06,F3,0.6387,OK,0
2026-03-31 17:38:16,F3,0.6370,OK,0
2026-03-31 17:38:27,F3,0.6353,OK,0
2026-03-31 17:38:37,F3,0.6336,OK,0
2026-03-31 17:38:47,F3,0.6319,OK,0
2026-03-31 17:38:57,F3,0.6303,OK,0
2026-03-31 17:39:08,F3,0.6286,OK,0
2026-03-31 17:39:18,F3,0.6270,OK,0
2026-03-31 17:39:28,F3,0.6253,OK,0
2026-03-31 17:39:38,F3,0.6237,OK,0
2026-03-31 17:39:49,F3,0.6221,OK,0
2026-03-31 17:39:59,F3,0.6204,OK,0
2026-03-31 17:40:09,F3,0.6188,OK,0
2026-03-31 17:40:19,F3,0.6172,OK,0
2026-03-31 17:40:30,F3,0.6157,OK,0
2026-03-31 17:40:40,F3,0.6141,OK,0
2026-03-31 17:40:50,F3,0.6125,OK,0
2026-03-31 17:41:01,F3,0.6109,OK,0
2026-03-31 17:41:11,F3,0.6094,OK,0
2026-03-31 17:41:21,F3,0.6078,OK,0
2026-03-31 17:41:31,F3,0.6063,OK,0
2026-03-31 17:41:42,F3,0.6048,OK,0
2026-03-31 17:41:52,F3,0.6033,OK,0
2026-03-31 17:42:02,F3,0.6018,OK,0
2026-03-31 17:42:12,F3,0.6003,OK,0
2026-03-31 17:42:23,F3,0.5988,OK,0
2026-03-31 17:42:33,F3,0.5973,OK,0
2026-03-31 17:42:43,F3,0.5958,OK,0
2026-03-31 17:42:53,F3,0.5944,OK,0
2026-03-31 17:43:04,F3,0.5929,OK,0
2026-03-31 17:43:14,F3,0.5915,OK,0
2026-03-31 17:43:24,F3,0.5900,OK,0
2026-03-31 17:43:34,F3,0.5886,OK,0
2026-03-31 17:43:45,F3,0.5872,OK,0
2026-03-31 17:43:55,F3,0.5858,OK,0
2026-03-31 17:44:05,F3,0.5844,OK,0
2026-03-31 17:44:16,F3,0.5830,OK,0
2026-03-31 17:44:26,F3,0.5816,OK,0
2026-03-31 17:44:36,F3,0.5802,OK,0
2026-03-31 17:44:46,F3,0.5788,OK,0
2026-03-31 17:44:57,F3,0.5775,OK,0
2026-03-31 17:45:07,F3,0.5761,OK,0
2026-03-31 17:45:17,F3,0.5748,OK,0
2026-03-31 17:45:27,F3,0.5734,OK,0
2026-03-31 17:45:38,F3,0.5721,OK,0
2026-03-31 17:45:48,F3,0.5708,OK,0
2026-03-31 17:45:58,F3,0.5695,OK,0
2026-03-31 17:46:08,F3,0.5682,OK,0
2026-03-31 17:46:19,F3,0.5669,OK,0
2026-03-31 17:46:29,F3,0.5656,OK,0
2026-03-31 17:46:39,F3,0.5643,OK,0
2026-03-31 17:46:49,F3,0.5630,OK,0
2026-03-31 17:47:00,F3,0.5618,OK,0
2026-03-31 17:47:10,F3,0.5605,OK,0
2026-03-31 17:47:20,F3,0.5593,OK,0
2026-03-31 17:47:30,F3,0.5580,OK,0
2026-03-31 17:47:41,F3,0.5568,OK,0
2026-03-31 17:47:51,F3,0.5556,OK,0
2026-03-31 17:48:01,F3,0.5543,OK,0
2026-03-31 17:48:11,F3,0.5531,OK,0
2026-03-31 17:48:22,F3,0.5519,OK,0
2026-03-31 17:48:32,F3,0.5507,OK,0
2026-03-31 17:48:42,F3,0.5495,OK,0
2026-03-31 17:48:53,F3,0.5483,OK,0
2026-03-31 17:49:03,F3,0.5472,OK,0
2026-03-31 17:49:13,F3,0.5460,OK,0
2026-03-31 17:49:23,F3,0.5448,OK,0
2026-03-31 17:49:34,F3,0.5437,OK,0
2026-03-31 17:49:44,F3,0.5425,OK,0
2026-03-31 17:49:54,F3,0.5414,OK,0
2026-03-31 17:50:04,F3,0.5403,OK,0
2026-03-31 17:50:15,F3,0.5391,OK,0
2026-03-31 17:50:25,F3,0.5380,OK,0
2026-03-31 17:50:35,F3,0.5369,OK,0
2026-03-31 17:50:45,F3,0.5358,OK,0
2026-03-31 17:50:56,F3,0.5347,OK,0
2026-03-31 17:51:06,F3,0.5336,OK,0
2026-03-31 17:51:16,F3,0.5325,OK,0
2026-03-31 17:51:27,F3,0.5314,OK,0
2026-03-31 17:51:37,F3,0.5303,OK,0
2026-03-31 17:51:47,F3,0.5293,OK,0
2026-03-31 17:51:57,F3,0.5282,OK,0
2026-03-31 17:52:08,F3,0.5271,OK,0
2026-03-31 17:52:18,F3,0.5261,OK,0
2026-03-31 17:52:28,F3,0.5251,OK,0
2026-03-31 17:52:38,F3,0.5240,OK,0
2026-03-31 17:52:49,F3,0.5230,OK,0
2026-03-31 17:52:59,F3,0.5219,OK,0
2026-03-31 17:53:09,F3,0.5209,OK,0
2026-03-31 17:53:19,F3,0.5199,OK,0
2026-03-31 17:53:30,F3,0.5189,OK,0
2026-03-31 17:53:40,F3,0.5179,OK,0
2026-03-31 17:53:50,F3,0.5169,OK,0
2026-03-31 17:54:00,F3,0.5159,OK,0
2026-03-31 17:54:11,F3,0.5149,OK,0
2026-03-31 17:54:21,F3,0.5139,OK,0
2026-03-31 17:54:31,F3,0.5129,OK,0
2026-03-31 17:54:41,F3,0.5120,OK,0
2026-03-31 17:54:52,F3,0.5110,OK,0
2026-03-31 17:55:02,F3,0.5100,OK,0
2026-03-31 17:55:12,F3,0.5091,OK,0
2026-03-31 17:55:22,F3,0.5081,OK,0
2026-03-31 17:55:33,F3,0.5072,OK,0
2026-03-31 17:55:43,F3,0.5062,OK,0
2026-03-31 17:55:53,F3,0.5053,OK,0
2026-03-31 17:56:04,F3,0.5043,OK,0
2026-03-31 17:56:14,F3,0.5034,OK,0
2026-03-31 17:56:24,F3,0.5025,OK,0
2026-03-31 17:56:34,F3,0.5016,OK,0
2026-03-31 17:56:45,F3,0.5007,OK,0
2026-03-31 17:56:55,F3,0.4997,OK,0
2026-03-31 17:57:05,F3,0.4988,OK,0
2026-03-31 17:57:15,F3,0.4979,OK,0
2026-03-31 17:57:26,F3,0.4970,OK,0
2026-03-31 17:57:36,F3,0.4961,OK,0
2026-03-31 17:57:46,F3,0.4953,OK,0
2026-03-31 17:57:56,F3,0.4944,OK,0
2026-03-31 17:58:07,F3,0.4935,OK,0
2026-03-31 17:58:17,F3,0.4926,OK,0
2026-03-31 17:58:27,F3,0.4917,OK,0
2026-03-31 17:58:37,F3,0.4909,OK,0
2026-03-31 17:58:48,F3,0.4900,OK,0
2026-03-31 17:58:58,F3,0.4891,OK,0
2026-03-31 17:59:08,F3,0.4883,OK,0
2026-03-31 17:59:19,F3,0.4874,OK,0
2026-03-31 17:59:29,F3,0.4866,OK,0
2026-03-31 17:59:39,F3,0.4857,OK,0
2026-03-31 17:59:49,F3,0.4849,OK,0
2026-03-31 18:00:00,F3,0.4841,OK,0
2026-03-31 18:00:10,F3,0.4832,OK,0
2026-03-31 18:00:20,F3,0.4824,OK,0
2026-03-31 18:00:30,F3,0.4816,OK,0
2026-03-31 18:00:41,F3,0.4808,OK,0
2026-03-31 18:00:51,F3,0.4800,OK,0
2026-03-31 18:01:01,F3,0.4791,OK,0
2026-03-31 18:01:11,F3,0.4783,OK,0
2026-03-31 18:01:22,F3,0.4775,OK,0
2026-03-31 18:01:32,F3,0.4767,OK,0
2026-03-31 18:01:42,F3,0.4759,OK,0
2026-03-31 18:01:52,F3,0.4751,OK,0
2026-03-31 18:02:03,F3,0.4743,OK,0
2026-03-31 18:02:13,F3,0.4736,OK,0
2026-03-31 18:02:23,F3,0.4728,OK,0
2026-03-31 18:02:33,F3,0.4720,OK,0
2026-03-31 18:02:44,F3,0.4712,OK,0
2026-03-31 18:02:54,F3,0.4704,OK,0
2026-03-31 18:03:04,F3,0.4697,OK,0
2026-03-31 18:03:15,F3,0.4689,OK,0
2026-03-31 18:03:25,F3,0.4681,OK,0
2026-03-31 18:03:35,F3,0.4674,OK,0
2026-03-31 18:03:45,F3,0.4666,OK,0
2026-03-31 18:03:56,F3,0.4659,OK,0
2026-03-31 18:04:06,F3,0.4651,OK,0
2026-03-31 18:04:16,F3,0.4644,OK,0
2026-03-31 18:04:27,F3,0.4636,OK,0
2026-03-31 18:04:37,F3,0.4629,OK,0
2026-03-31 18:04:47,F3,0.4621,OK,0
2026-03-31 18:04:57,F3,0.4614,OK,0
2026-03-31 18:05:08,F3,0.4607,OK,0
2026-03-31 18:05:18,F3,0.4599,OK,0
2026-03-31 18:05:28,F3,0.4592,OK,0
2026-03-31 18:05:39,F3,0.4585,OK,0
2026-03-31 18:05:49,F3,0.4577,OK,0
2026-03-31 18:05:59,F3,0.4570,OK,0
2026-03-31 18:06:09,F3,0.4563,OK,0
2026-03-31 18:06:20,F3,0.4556,OK,0
2026-03-31 18:06:30,F3,0.4549,OK,0
2026-03-31 18:06:40,F3,0.4542,OK,0
2026-03-31 18:06:50,F3,0.4535,OK,0
2026-03-31 18:07:01,F3,0.4528,OK,0
2026-03-31 18:07:11,F3,0.4521,OK,0
2026-03-31 18:07:21,F3,0.4514,OK,0
2026-03-31 18:07:31,F3,0.4507,OK,0
2026-03-31 18:07:42,F3,0.4500,OK,0
2026-03-31 18:07:52,F3,0.4493,OK,0
2026-03-31 18:08:02,F3,0.4486,OK,0
2026-03-31 18:08:12,F3,0.4479,OK,0
2026-03-31 18:08:23,F3,0.4472,OK,0
2026-03-31 18:08:33,F3,0.4465,OK,0
2026-03-31 18:08:43,F3,0.4458,OK,0
2026-03-31 18:08:54,F3,0.4452,OK,0
2026-03-31 18:09:04,F3,0.4445,OK,0
2026-03-31 18:09:14,F3,0.4438,OK,0
2026-03-31 18:09:24,F3,0.4432,OK,0
2026-03-31 18:09:35,F3,0.4425,OK,0
2026-03-31 18:09:45,F3,0.4418,OK,0
2026-03-31 18:09:55,F3,0.4412,OK,0
2026-03-31 18:10:05,F3,0.4405,OK,0
2026-03-31 18:10:16,F3,0.4399,OK,0
2026-03-31 18:10:26,F3,0.4392,OK,0
2026-03-31 18:10:36,F3,0.4386,OK,0
2026-03-31 18:10:46,F3,0.4379,OK,0
2026-03-31 18:10:57,F3,0.4373,OK,0
2026-03-31 18:11:07,F3,0.4366,OK,0
2026-03-31 18:11:17,F3,0.4360,OK,0
2026-03-31 18:11:27,F3,0.4353,OK,0
2026-03-31 18:11:38,F3,0.4347,OK,0
2026-03-31 18:11:48,F3,0.4341,OK,0
2026-03-31 18:11:58,F3,0.4334,OK,0
2026-03-31 18:12:08,F3,0.4328,OK,0
2026-03-31 18:12:19,F3,0.4322,OK,0
2026-03-31 18:12:29,F3,0.4316,OK,0
2026-03-31 18:12:39,F3,0.4309,OK,0
2026-03-31 18:12:50,F3,0.4303,OK,0
2026-03-31 18:13:00,F3,0.4297,OK,0
2026-03-31 18:13:10,F3,0.4291,OK,0
2026-03-31 18:13:20,F3,0.4285,OK,0
2026-03-31 18:13:31,F3,0.4279,OK,0
2026-03-31 18:13:41,F3,0.4273,OK,0
2026-03-31 18:13:51,F3,0.4267,OK,0
2026-03-31 18:14:01,F3,0.4261,OK,0
2026-03-31 18:14:12,F3,0.4255,OK,0
2026-03-31 18:14:22,F3,0.4249,OK,0
2026-03-31 18:14:32,F3,0.4243,OK,0
2026-03-31 18:14:42,F3,0.4237,OK,0
2026-03-31 18:14:53,F3,0.4231,OK,0
2026-03-31 18:15:03,F3,0.4225,OK,0
2026-03-31 18:15:13,F3,0.4219,OK,0
2026-03-31 18:15:24,F3,0.4214,OK,0
2026-03-31 18:15:34,F3,0.4208,OK,0
2026-03-31 18:15:44,F3,0.4202,OK,0
2026-03-31 18:15:54,F3,0.4196,OK,0
2026-03-31 18:16:05,F3,0.4191,OK,0
2026-03-31 18:16:15,F3,0.4185,OK,0
2026-03-31 18:16:26,F3,0.4179,OK,0
2026-03-31 18:16:36,F3,0.4174,OK,0
2026-03-31 18:16:46,F3,0.4168,OK,0
2026-03-31 18:16:56,F3,0.4163,OK,0
2026-03-31 18:17:07,F3,0.4157,OK,0
2026-03-31 18:17:17,F3,0.4152,OK,0
2026-03-31 18:17:27,F3,0.4146,OK,0
2026-03-31 18:17:38,F3,0.4141,OK,0
2026-03-31 18:17:48,F3,0.4135,OK,0
2026-03-31 18:17:58,F3,0.4130,OK,0
2026-03-31 18:18:08,F3,0.4124,OK,0
2026-03-31 18:18:19,F3,0.4119,OK,0
2026-03-31 18:18:29,F3,0.4114,OK,0
2026-03-31 18:18:39,F3,0.4108,OK,0
2026-03-31 18:18:49,F3,0.4103,OK,0
2026-03-31 18:19:00,F3,0.4098,OK,0
2026-03-31 18:19:10,F3,0.4092,OK,0
2026-03-31 18:19:20,F3,0.4087,OK,0
2026-03-31 18:19:30,F3,0.4082,OK,0
2026-03-31 18:19:41,F3,0.4077,OK,0
2026-03-31 18:19:51,F3,0.4072,OK,0
2026-03-31 18:20:01,F3,0.4067,OK,0
2026-03-31 18:20:12,F3,0.4062,OK,0
2026-03-31 18:20:22,F3,0.4057,OK,0
2026-03-31 18:20:32,F3,0.4052,OK,0
2026-03-31 18:20:42,F3,0.4047,OK,0
2026-03-31 18:20:53,F3,0.4042,OK,0
2026-03-31 18:21:03,F3,0.4037,OK,0
2026-03-31 18:21:13,F3,0.4032,OK,0
2026-03-31 18:21:23,F3,0.4027,OK,0
2026-03-31 18:21:34,F3,0.4022,OK,0
2026-03-31 18:21:44,F3,0.4017,OK,0
2026-03-31 18:21:54,F3,0.4012,OK,0
2026-03-31 18:22:04,F3,0.4008,OK,0
2026-03-31 18:22:15,F3,0.4003,Bajo rango,0
2026-03-31 18:22:25,F3,0.3998,OK,0
2026-03-31 18:22:35,F3,0.3993,OK,0
2026-03-31 18:22:45,F3,0.3989,OK,0
2026-03-31 18:22:56,F3,0.3984,OK,0
2026-03-31 18:23:06,F3,0.3979,Bajo rango,0
2026-03-31 18:23:16,F3,0.3974,Bajo rango,0
2026-03-31 18:23:26,F3,0.3970,Bajo rango,0
2026-03-31 18:23:37,F3,0.3965,Bajo rango,0
2026-03-31 18:23:47,F3,0.3960,Bajo rango,0
2026-03-31 18:23:57,F3,0.3956,Bajo rango,0
2026-03-31 18:24:08,F3,0.3951,Bajo rango,0
2026-03-31 18:24:18,F3,0.3946,Bajo rango,0
2026-03-31 18:24:28,F3,0.3941,Bajo rango,0
2026-03-31 18:24:38,F3,0.3937,Bajo rango,0
2026-03-31 18:24:49,F3,0.3932,Bajo rango,0
2026-03-31 18:24:59,F3,0.3927,Bajo rango,0
2026-03-31 18:25:09,F3,0.3923,OK,0
2026-03-31 18:25:19,F3,0.3918,OK,0
2026-03-31 18:25:30,F3,0.3913,OK,0
2026-03-31 18:25:40,F3,0.3908,OK,0
2026-03-31 18:25:50,F3,0.3903,OK,0
2026-03-31 18:26:01,F3,0.3899,OK,0
2026-03-31 18:26:11,F3,0.3894,OK,0
2026-03-31 18:26:21,F3,0.3889,OK,0
2026-03-31 18:26:31,F3,0.3884,OK,0
2026-03-31 18:26:42,F3,0.3879,OK,0
2026-03-31 18:26:52,F3,0.3874,OK,0
2026-03-31 18:27:02,F3,0.3869,OK,0
2026-03-31 18:27:12,F3,0.3865,OK,0
2026-03-31 18:27:23,F3,0.3860,OK,0
2026-03-31 18:27:33,F3,0.3855,OK,0
2026-03-31 18:27:43,F3,0.3850,OK,0
2026-03-31 18:27:54,F3,0.3845,OK,0
2026-03-31 18:28:04,F3,0.3840,OK,0
2026-03-31 18:28:14,F3,0.3835,OK,0
2026-03-31 18:28:24,F3,0.3830,OK,0
2026-03-31 18:28:35,F3,0.3825,OK,0
2026-03-31 18:28:45,F3,0.3820,OK,0
2026-03-31 18:28:55,F3,0.3816,OK,0
2026-03-31 18:29:05,F3,0.3811,OK,0
2026-03-31 18:29:16,F3,0.3806,OK,0
2026-03-31 18:29:26,F3,0.3801,OK,0
2026-03-31 18:29:36,F3,0.3796,OK,0
2026-03-31 18:29:46,F3,0.3792,OK,0
2026-03-31 18:29:57,F3,0.3787,OK,0
2026-03-31 18:30:07,F3,0.3782,OK,0
2026-03-31 18:30:17,F3,0.3777,OK,0
2026-03-31 18:30:28,F3,0.3773,OK,0
2026-03-31 18:30:38,F3,0.3768,OK,0
2026-03-31 18:30:48,F3,0.3763,OK,0
2026-03-31 18:30:58,F3,0.3759,OK,0
2026-03-31 18:31:09,F3,0.3754,OK,0
2026-03-31 18:31:19,F3,0.3750,OK,0
2026-03-31 18:31:29,F3,0.3745,OK,0
2026-03-31 18:31:39,F3,0.3741,OK,0
2026-03-31 18:31:50,F3,0.3736,OK,0
2026-03-31 18:32:00,F3,0.3732,OK,0
2026-03-31 18:32:10,F3,0.3727,OK,0
2026-03-31 18:32:20,F3,0.3723,OK,0
2026-03-31 18:32:31,F3,0.3719,OK,0
2026-03-31 18:32:41,F3,0.3714,OK,0
2026-03-31 18:32:51,F3,0.3710,OK,0
2026-03-31 18:33:01,F3,0.3706,OK,0
2026-03-31 18:33:12,F3,0.3702,OK,0
2026-03-31 18:33:22,F3,0.3697,OK,0
2026-03-31 18:33:32,F3,0.3693,OK,0
2026-03-31 18:33:42,F3,0.3689,OK,0
2026-03-31 18:33:53,F3,0.3685,OK,0
2026-03-31 18:34:03,F3,0.3681,OK,0
2026-03-31 18:34:13,F3,0.3677,OK,0
2026-03-31 18:34:23,F3,0.3673,OK,0
2026-03-31 18:34:34,F3,0.3669,OK,0
2026-03-31 18:34:44,F3,0.3666,OK,0
2026-03-31 18:34:54,F3,0.3662,OK,0
2026-03-31 18:35:04,F3,0.3658,OK,0
2026-03-31 18:35:15,F3,0.3654,OK,0
2026-03-31 18:35:25,F3,0.3651,OK,0
2026-03-31 18:35:35,F3,0.3647,OK,0
2026-03-31 18:35:45,F3,0.3643,OK,0
2026-03-31 18:35:56,F3,0.3640,OK,0
2026-03-31 18:36:06,F3,0.3636,OK,0
2026-03-31 18:36:16,F3,0.3633,OK,0
2026-03-31 18:36:26,F3,0.3630,OK,0
2026-03-31 18:36:37,F3,0.3626,OK,0
2026-03-31 18:36:47,F3,0.3623,OK,0
2026-03-31 18:36:57,F3,0.3620,OK,0
2026-03-31 18:37:08,F3,0.3617,OK,0
2026-03-31 18:37:18,F3,0.3613,OK,0
2026-03-31 18:37:28,F3,0.3610,OK,0
2026-03-31 18:37:38,F3,0.3607,OK,0
2026-03-31 18:37:49,F3,0.3604,OK,0
2026-03-31 18:37:59,F3,0.3601,OK,0
2026-03-31 18:38:09,F3,0.3598,OK,0
2026-03-31 18:38:19,F3,0.3596,OK,0
2026-03-31 18:38:30,F3,0.3593,OK,0
2026-03-31 18:38:40,F3,0.3590,OK,0
2026-03-31 18:38:50,F3,0.3587,OK,0
2026-03-31 18:39:01,F3,0.3585,OK,0
2026-03-31 18:39:11,F3,0.3582,OK,0
2026-03-31 18:39:21,F3,0.3580,OK,0
2026-03-31 18:39:31,F3,0.3577,OK,0
2026-03-31 18:39:42,F3,0.3575,OK,0
2026-03-31 18:39:52,F3,0.3572,OK,0
2026-03-31 18:40:02,F3,0.3570,OK,0
2026-03-31 18:40:12,F3,0.3568,OK,0
2026-03-31 18:40:23,F3,0.3566,OK,0
2026-03-31 18:40:33,F3,0.3563,OK,0
2026-03-31 18:40:43,F3,0.3561,OK,0
2026-03-31 18:40:53,F3,0.3559,OK,0
2026-03-31 18:41:04,F3,0.3557,OK,0
2026-03-31 18:41:14,F3,0.3555,OK,0
2026-03-31 18:41:24,F3,0.3553,OK,0
2026-03-31 18:41:34,F3,0.3552,OK,0
2026-03-31 18:41:45,F3,0.3550,OK,0
2026-03-31 18:41:55,F3,0.3548,OK,0
2026-03-31 18:42:05,F3,0.3546,OK,0
2026-03-31 18:42:15,F3,0.3545,OK,0
2026-03-31 18:42:26,F3,0.3543,OK,0
2026-03-31 18:42:36,F3,0.3542,OK,0
2026-03-31 18:42:46,F3,0.3540,OK,0
2026-03-31 18:42:56,F3,0.3539,OK,0
2026-03-31 18:43:07,F3,0.3538,OK,0
2026-03-31 18:43:17,F3,0.3536,OK,0
2026-03-31 18:43:27,F3,0.3535,OK,0
2026-03-31 18:43:38,F3,0.3534,OK,0
2026-03-31 18:43:48,F3,0.3533,OK,0
2026-03-31 18:43:58,F3,0.3532,OK,0
2026-03-31 18:44:08,F3,0.3531,OK,0
2026-03-31 18:44:19,F3,0.3530,OK,0
2026-03-31 18:44:29,F3,0.3529,OK,0
2026-03-31 18:44:39,F3,0.3528,OK,0
2026-03-31 18:44:49,F3,0.3527,OK,0
2026-03-31 18:45:00,F3,0.3526,OK,0
2026-03-31 18:45:10,F3,0.3526,OK,0
2026-03-31 18:45:20,F3,0.3525,OK,0
2026-03-31 18:45:30,F3,0.3524,OK,0
2026-03-31 18:45:41,F3,0.3524,OK,0
2026-03-31 18:45:51,F3,0.3523,OK,0
2026-03-31 18:46:01,F3,0.3523,OK,0
2026-03-31 18:46:11,F3,0.3522,OK,0
2026-03-31 18:46:22,F3,0.3522,OK,0
2026-03-31 18:46:32,F3,0.3522,OK,0
2026-03-31 18:46:42,F3,0.3521,OK,0
2026-03-31 18:46:52,F3,0.3521,OK,0
2026-03-31 18:47:03,F3,0.3521,OK,0
2026-03-31 18:47:13,F3,0.3521,OK,0
2026-03-31 18:47:23,F3,0.3521,OK,0
2026-03-31 18:47:33,F3,0.3521,OK,0
2026-03-31 18:47:44,F3,0.3521,OK,0
2026-03-31 18:47:54,F3,0.3521,OK,0
2026-03-31 18:48:04,F3,0.3521,OK,0
2026-03-31 18:48:14,F3,0.3521,OK,0
2026-03-31 18:48:25,F3,0.3521,OK,0
2026-03-31 18:48:35,F3,0.3522,OK,0
2026-03-31 18:48:45,F3,0.3522,OK,0
2026-03-31 18:48:55,F3,0.3522,OK,0
2026-03-31 18:49:06,F3,0.3523,OK,0
2026-03-31 18:49:16,F3,0.3523,OK,0
2026-03-31 18:49:26,F3,0.3524,OK,0
2026-03-31 18:49:37,F3,0.3524,OK,0
2026-03-31 18:49:47,F3,0.3525,OK,0
2026-03-31 18:49:57,F3,0.3525,OK,0
2026-03-31 18:50:07,F3,0.3526,OK,0
2026-03-31 18:50:18,F3,0.3527,OK,0
2026-03-31 18:50:28,F3,0.3527,OK,0
2026-03-31 18:50:38,F3,0.3528,OK,0
2026-03-31 18:50:48,F3,0.3529,OK,0
2026-03-31 18:50:59,F3,0.3530,OK,0
2026-03-31 18:51:09,F3,0.3531,OK,0
2026-03-31 18:51:19,F3,0.3532,OK,0
2026-03-31 18:51:30,F3,0.3533,OK,0
2026-03-31 18:51:40,F3,0.3534,OK,0
2026-03-31 18:51:50,F3,0.3535,OK,0
2026-03-31 18:52:00,F3,0.3537,OK,0
2026-03-31 18:52:11,F3,0.3538,OK,0
2026-03-31 18:52:21,F3,0.3539,OK,0
2026-03-31 18:52:31,F3,0.3540,OK,0
2026-03-31 18:52:41,F3,0.3542,OK,0
2026-03-31 18:52:52,F3,0.3543,OK,0
2026-03-31 18:53:02,F3,0.3545,OK,0
2026-03-31 18:53:12,F3,0.3546,OK,0
2026-03-31 18:53:22,F3,0.3548,OK,0
2026-03-31 18:53:33,F3,0.3549,OK,0
2026-03-31 18:53:43,F3,0.3551,OK,0
2026-03-31 18:53:53,F3,0.3553,OK,0
2026-03-31 18:54:04,F3,0.3554,OK,0
2026-03-31 18:54:14,F3,0.3556,OK,0
2026-03-31 18:54:24,F3,0.3558,OK,0
2026-03-31 18:54:34,F3,0.3560,OK,0
2026-03-31 18:54:45,F3,0.3562,OK,0
2026-03-31 18:54:55,F3,0.3564,OK,0
2026-03-31 18:55:05,F3,0.3566,OK,0
2026-03-31 18:55:15,F3,0.3568,OK,0
2026-03-31 18:55:26,F3,0.3570,OK,0
2026-03-31 18:55:36,F3,0.3572,OK,0
2026-03-31 18:55:46,F3,0.3574,OK,0
2026-03-31 18:55:56,F3,0.3576,OK,0
2026-03-31 18:56:07,F3,0.3578,OK,0
2026-03-31 18:56:17,F3,0.3581,OK,0
2026-03-31 18:56:27,F3,0.3583,OK,0
2026-03-31 18:56:38,F3,0.3585,OK,0
2026-03-31 18:56:48,F3,0.3588,OK,0
2026-03-31 18:56:58,F3,0.3590,OK,0
2026-03-31 18:57:08,F3,0.3593,OK,0
2026-03-31 18:57:19,F3,0.3595,OK,0
2026-03-31 18:57:29,F3,0.3598,OK,0
2026-03-31 18:57:39,F3,0.3600,OK,0
2026-03-31 18:57:49,F3,0.3603,OK,0
2026-03-31 18:58:00,F3,0.3606,OK,0
2026-03-31 18:58:10,F3,0.3609,OK,0
2026-03-31 18:58:20,F3,0.3611,OK,0
2026-03-31 18:58:30,F3,0.3614,OK,0
2026-03-31 18:58:41,F3,0.3617,OK,0
2026-03-31 18:58:51,F3,0.3620,OK,0
2026-03-31 18:59:01,F3,0.3623,OK,0
2026-03-31 18:59:11,F3,0.3626,OK,0
2026-03-31 18:59:22,F3,0.3629,OK,0
2026-03-31 18:59:32,F3,0.3632,OK,0
2026-03-31 18:59:42,F3,0.3635,OK,0
2026-03-31 18:59:53,F3,0.3639,OK,0
2026-03-31 19:00:03,F3,0.3642,OK,0
2026-03-31 19:00:13,F3,0.3645,OK,0
2026-03-31 19:00:23,F3,0.3648,OK,0
2026-03-31 19:00:34,F3,0.3652,OK,0
2026-03-31 19:00:44,F3,0.3655,OK,0
2026-03-31 19:00:54,F3,0.3659,OK,0
2026-03-31 19:01:04,F3,0.3662,OK,0
2026-03-31 19:01:15,F3,0.3666,OK,0
2026-03-31 19:01:25,F3,0.3670,OK,0
2026-03-31 19:01:35,F3,0.3673,OK,0
2026-03-31 19:01:45,F3,0.3677,OK,0
2026-03-31 19:01:56,F3,0.3681,OK,0
2026-03-31 19:02:06,F3,0.3685,OK,0
2026-03-31 19:02:16,F3,0.3689,OK,0
2026-03-31 19:02:26,F3,0.3693,OK,0
2026-03-31 19:02:37,F3,0.3697,OK,0
2026-03-31 19:02:47,F3,0.3701,OK,0
2026-03-31 19:02:57,F3,0.3705,OK,0
2026-03-31 19:03:08,F3,0.3709,OK,0
2026-03-31 19:03:18,F3,0.3713,OK,0
2026-03-31 19:03:28,F3,0.3717,OK,0
2026-03-31 19:03:38,F3,0.3722,OK,0
2026-03-31 19:03:49,F3,0.3726,OK,0
2026-03-31 19:03:59,F3,0.3731,OK,0
2026-03-31 19:04:09,F3,0.3735,OK,0
2026-03-31 19:04:19,F3,0.3740,OK,0
2026-03-31 19:04:30,F3,0.3745,OK,0
2026-03-31 19:04:40,F3,0.3749,OK,0
2026-03-31 19:04:50,F3,0.3754,OK,0
2026-03-31 19:05:01,F3,0.3759,OK,0
2026-03-31 19:05:11,F3,0.3764,OK,0
2026-03-31 19:05:21,F3,0.3769,OK,0
2026-03-31 19:05:31,F3,0.3774,OK,0
2026-03-31 19:05:42,F3,0.3779,OK,0
2026-03-31 19:05:52,F3,0.3784,OK,0
2026-03-31 19:06:02,F3,0.3789,OK,0
2026-03-31 19:06:12,F3,0.3795,OK,0
2026-03-31 19:06:23,F3,0.3800,OK,0
2026-03-31 19:06:33,F3,0.3805,OK,0
2026-03-31 19:06:43,F3,0.3811,OK,0
2026-03-31 19:06:53,F3,0.3816,OK,0
2026-03-31 19:07:04,F3,0.3822,OK,0
2026-03-31 19:07:14,F3,0.3828,OK,0
2026-03-31 19:07:24,F3,0.3833,OK,0
2026-03-31 19:07:35,F3,0.3839,OK,0
2026-03-31 19:07:45,F3,0.3845,OK,0
2026-03-31 19:07:55,F3,0.3851,OK,0
2026-03-31 19:08:05,F3,0.3857,OK,0
2026-03-31 19:08:16,F3,0.3863,OK,0
2026-03-31 19:08:26,F3,0.3869,OK,0
2026-03-31 19:08:36,F3,0.3876,OK,0
2026-03-31 19:08:46,F3,0.3882,OK,0
2026-03-31 19:08:57,F3,0.3888,OK,0
2026-03-31 19:09:07,F3,0.3895,OK,0
2026-03-31 19:09:17,F3,0.3901,OK,0
2026-03-31 19:09:27,F3,0.3908,OK,0
2026-03-31 19:09:38,F3,0.3914,OK,0
2026-03-31 19:09:48,F3,0.3921,OK,0
2026-03-31 19:09:58,F3,0.3928,OK,0
2026-03-31 19:10:08,F3,0.3935,OK,0
2026-03-31 19:10:19,F3,0.3942,OK,0
2026-03-31 19:10:29,F3,0.3949,OK,0
2026-03-31 19:10:39,F3,0.3956,OK,1
2026-03-31 19:10:50,F3,0.3963,OK,0
2026-03-31 19:11:00,F3,0.3970,OK,0
2026-03-31 19:11:10,F3,0.3977,OK,0
2026-03-31 19:11:20,F3,0.3984,OK,0
2026-03-31 19:11:31,F3,0.3992,OK,0
2026-03-31 19:11:41,F3,0.3999,OK,0
2026-03-31 19:11:51,F3,0.4007,OK,0
2026-03-31 19:12:02,F3,0.4014,Bajo rango,0
2026-03-31 19:12:12,F3,0.4022,Bajo rango,0
2026-03-31 19:12:22,F3,0.4029,Bajo rango,0
2026-03-31 19:12:32,F3,0.4037,Bajo rango,0
2026-03-31 19:12:43,F3,0.4045,Bajo rango,0
2026-03-31 19:12:53,F3,0.4052,Bajo rango,0
2026-03-31 19:13:03,F3,0.4060,Bajo rango,0
2026-03-31 19:13:13,F3,0.4068,Bajo rango,0
2026-03-31 19:13:24,F3,0.4076,Bajo rango,0
2026-03-31 19:13:34,F3,0.4083,OK,0
2026-03-31 19:13:44,F3,0.4091,OK,0
2026-03-31 19:13:54,F3,0.4099,OK,0
2026-03-31 19:14:05,F3,0.4107,OK,0
2026-03-31 19:14:15,F3,0.4115,OK,0
2026-03-31 19:14:25,F3,0.4122,OK,0
2026-03-31 19:14:35,F3,0.4130,OK,0
2026-03-31 19:14:46,F3,0.4138,OK,0
2026-03-31 19:14:56,F3,0.4146,OK,0
2026-03-31 19:15:06,F3,0.4154,OK,0
2026-03-31 19:15:17,F3,0.4161,OK,0
2026-03-31 19:15:27,F3,0.4169,OK,0
2026-03-31 19:15:37,F3,0.4177,OK,0
2026-03-31 19:15:47,F3,0.4185,OK,0
2026-03-31 19:15:58,F3,0.4192,OK,0
2026-03-31 19:16:08,F3,0.4200,OK,0
2026-03-31 19:16:18,F3,0.4208,OK,0
2026-03-31 19:16:28,F3,0.4215,OK,0
2026-03-31 19:16:39,F3,0.4223,OK,0
2026-03-31 19:16:49,F3,0.4230,OK,0
2026-03-31 19:16:59,F3,0.4238,OK,0
2026-03-31 19:17:10,F3,0.4246,OK,0
2026-03-31 19:17:20,F3,0.4253,OK,0
2026-03-31 19:17:30,F3,0.4261,OK,0
2026-03-31 19:17:40,F3,0.4268,OK,0
2026-03-31 19:17:51,F3,0.4276,OK,0
2026-03-31 19:18:01,F3,0.4283,OK,0
2026-03-31 19:18:11,F3,0.4291,OK,0
2026-03-31 19:18:21,F3,0.4298,OK,0
2026-03-31 19:18:32,F3,0.4305,OK,0
2026-03-31 19:18:42,F3,0.4313,OK,0
2026-03-31 19:18:52,F3,0.4320,OK,0
2026-03-31 19:19:02,F3,0.4328,OK,0
2026-03-31 19:19:13,F3,0.4335,OK,0
2026-03-31 19:19:23,F3,0.4343,OK,0
2026-03-31 19:19:33,F3,0.4350,OK,0
2026-03-31 19:19:44,F3,0.4357,OK,0
2026-03-31 19:19:54,F3,0.4365,OK,0
2026-03-31 19:20:04,F3,0.4372,OK,0
2026-03-31 19:20:14,F3,0.4380,OK,0
2026-03-31 19:20:25,F3,0.4387,OK,0
2026-03-31 19:20:35,F3,0.4394,OK,0
2026-03-31 19:20:45,F3,0.4402,OK,0
2026-03-31 19:20:56,F3,0.4409,OK,0
2026-03-31 19:21:06,F3,0.4417,OK,0
2026-03-31 19:21:16,F3,0.4424,OK,0
2026-03-31 19:21:26,F3,0.4431,OK,0
2026-03-31 19:21:37,F3,0.4439,OK,0
2026-03-31 19:21:47,F3,0.4446,OK,0
2026-03-31 19:21:57,F3,0.4454,OK,0
2026-03-31 19:22:08,F3,0.4461,OK,0
2026-03-31 19:22:18,F3,0.4469,OK,0
2026-03-31 19:22:28,F3,0.4476,OK,0
2026-03-31 19:22:38,F3,0.4484,OK,0
2026-03-31 19:22:49,F3,0.4492,OK,0
2026-03-31 19:22:59,F3,0.4499,OK,0
2026-03-31 19:23:09,F3,0.4507,OK,0
2026-03-31 19:23:20,F3,0.4514,OK,0
2026-03-31 19:23:30,F3,0.4522,OK,0
2026-03-31 19:23:40,F3,0.4530,OK,0
2026-03-31 19:23:50,F3,0.4537,OK,0
2026-03-31 19:24:01,F3,0.4545,OK,0
2026-03-31 19:24:11,F3,0.4553,OK,0
2026-03-31 19:24:21,F3,0.4561,OK,0
2026-03-31 19:24:31,F3,0.4568,OK,0
2026-03-31 19:24:42,F3,0.4576,OK,0
2026-03-31 19:24:52,F3,0.4584,OK,0
2026-03-31 19:25:02,F3,0.4592,OK,0
2026-03-31 19:25:13,F3,0.4600,OK,0
2026-03-31 19:25:23,F3,0.4608,OK,0
2026-03-31 19:25:33,F3,0.4616,OK,0
2026-03-31 19:25:43,F3,0.4624,OK,0
2026-03-31 19:25:54,F3,0.4632,OK,0
2026-03-31 19:26:04,F3,0.4640,OK,0
2026-03-31 19:26:14,F3,0.4648,OK,0
2026-03-31 19:26:25,F3,0.4656,OK,0
2026-03-31 19:26:35,F3,0.4664,OK,0
2026-03-31 19:26:45,F3,0.4672,OK,0
2026-03-31 19:26:55,F3,0.4680,OK,0
2026-03-31 19:27:06,F3,0.4688,OK,0
2026-03-31 19:27:16,F3,0.4697,OK,0
2026-03-31 19:27:26,F3,0.4705,OK,0
2026-03-31 19:27:36,F3,0.4713,OK,0
2026-03-31 19:27:47,F3,0.4721,OK,0
2026-03-31 19:27:57,F3,0.4730,OK,0
2026-03-31 19:28:07,F3,0.4738,OK,0
2026-03-31 19:28:17,F3,0.4747,OK,0
2026-03-31 19:28:28,F3,0.4755,OK,0
2026-03-31 19:28:38,F3,0.4764,OK,0
2026-03-31 19:28:48,F3,0.4772,OK,0
2026-03-31 19:28:59,F3,0.4781,OK,0
2026-03-31 19:29:09,F3,0.4789,OK,0
2026-03-31 19:29:19,F3,0.4798,OK,0
2026-03-31 19:29:29,F3,0.4807,OK,0
2026-03-31 19:29:40,F3,0.4816,OK,0
2026-03-31 19:29:50,F3,0.4824,OK,0
2026-03-31 19:30:00,F3,0.4833,OK,0
2026-03-31 19:30:10,F3,0.4842,OK,0
2026-03-31 19:30:21,F3,0.4851,OK,0
2026-03-31 19:30:31,F3,0.4860,OK,0
2026-03-31 19:30:41,F3,0.4869,OK,0
2026-03-31 19:30:51,F3,0.4878,OK,0
2026-03-31 19:31:02,F3,0.4887,OK,0
2026-03-31 19:31:12,F3,0.4896,OK,0
2026-03-31 19:31:22,F3,0.4905,OK,0
2026-03-31 19:31:33,F3,0.4914,OK,0
2026-03-31 19:31:43,F3,0.4923,OK,0
2026-03-31 19:31:53,F3,0.4933,OK,0
2026-03-31 19:32:03,F3,0.4942,OK,0
2026-03-31 19:32:14,F3,0.4951,OK,0
2026-03-31 19:32:24,F3,0.4960,OK,0
2026-03-31 19:32:34,F3,0.4970,OK,0
2026-03-31 19:32:44,F3,0.4979,OK,0
2026-03-31 19:32:55,F3,0.4989,OK,0
2026-03-31 19:33:05,F3,0.4998,OK,0
2026-03-31 19:33:15,F3,0.5008,OK,0
2026-03-31 19:33:25,F3,0.5017,OK,0
2026-03-31 19:33:36,F3,0.5027,OK,0
2026-03-31 19:33:46,F3,0.5036,OK,0
2026-03-31 19:33:56,F3,0.5046,OK,0
2026-03-31 19:34:07,F3,0.5056,OK,0
2026-03-31 19:34:17,F3,0.5065,OK,0
2026-03-31 19:34:27,F3,0.5075,OK,0
2026-03-31 19:34:37,F3,0.5085,OK,0
2026-03-31 19:34:48,F3,0.5095,OK,0
2026-03-31 19:34:58,F3,0.5105,OK,0
2026-03-31 19:35:08,F3,0.5115,OK,0
2026-03-31 19:35:18,F3,0.5124,OK,0
2026-03-31 19:35:29,F3,0.5134,OK,0
2026-03-31 19:35:39,F3,0.5144,OK,0
2026-03-31 19:35:49,F3,0.5154,OK,0
2026-03-31 19:35:59,F3,0.5165,OK,0
2026-03-31 19:36:10,F3,0.5175,OK,0
2026-03-31 19:36:20,F3,0.5185,OK,0
2026-03-31 19:36:30,F3,0.5195,OK,0
2026-03-31 19:36:41,F3,0.5205,OK,0
2026-03-31 19:36:51,F3,0.5215,OK,0
2026-03-31 19:37:01,F3,0.5226,OK,0
2026-03-31 19:37:11,F3,0.5236,OK,0
2026-03-31 19:37:22,F3,0.5246,OK,0
2026-03-31 19:37:32,F3,0.5256,OK,0
2026-03-31 19:37:42,F3,0.5267,OK,0
2026-03-31 19:37:52,F3,0.5277,OK,0
2026-03-31 19:38:03,F3,0.5288,OK,0
2026-03-31 19:38:13,F3,0.5298,OK,0
2026-03-31 19:38:23,F3,0.5309,OK,0
2026-03-31 19:38:34,F3,0.5319,OK,0
2026-03-31 19:38:44,F3,0.5330,OK,0
2026-03-31 19:38:54,F3,0.5340,OK,0
2026-03-31 19:39:04,F3,0.5351,OK,0
2026-03-31 19:39:15,F3,0.5361,OK,0
2026-03-31 19:39:25,F3,0.5372,OK,0
2026-03-31 19:39:35,F3,0.5382,OK,0
2026-03-31 19:39:45,F3,0.5393,OK,0
2026-03-31 19:39:56,F3,0.5404,OK,0
2026-03-31 19:40:06,F3,0.5414,OK,0
2026-03-31 19:40:16,F3,0.5425,OK,0
2026-03-31 19:40:26,F3,0.5436,OK,0
2026-03-31 19:40:37,F3,0.5447,OK,0
2026-03-31 19:40:47,F3,0.5457,OK,0
2026-03-31 19:40:57,F3,0.5468,OK,0
2026-03-31 19:41:08,F3,0.5479,OK,0
2026-03-31 19:41:18,F3,0.5490,OK,0
2026-03-31 19:41:28,F3,0.5501,OK,0
2026-03-31 19:41:38,F3,0.5511,OK,0
2026-03-31 19:41:49,F3,0.5522,OK,0
2026-03-31 19:41:59,F3,0.5533,OK,0
2026-03-31 19:42:09,F3,0.5544,OK,0
2026-03-31 19:42:19,F3,0.5555,OK,0
2026-03-31 19:42:30,F3,0.5566,OK,0
2026-03-31 19:42:40,F3,0.5577,OK,0
2026-03-31 19:42:50,F3,0.5588,OK,0
2026-03-31 19:43:00,F3,0.5599,OK,0
2026-03-31 19:43:11,F3,0.5609,OK,0
2026-03-31 19:43:21,F3,0.5620,OK,0
2026-03-31 19:43:31,F3,0.5631,OK,0
2026-03-31 19:43:41,F3,0.5642,OK,0
2026-03-31 19:43:52,F3,0.5653,OK,0
2026-03-31 19:44:02,F3,0.5664,OK,0
2026-03-31 19:44:12,F3,0.5675,OK,0
2026-03-31 19:44:23,F3,0.5686,OK,0
2026-03-31 19:44:33,F3,0.5697,OK,0
2026-03-31 19:44:43,F3,0.5708,OK,0
2026-03-31 19:44:53,F3,0.5719,OK,0
2026-03-31 19:45:04,F3,0.5730,OK,0
2026-03-31 19:45:14,F3,0.5741,OK,0
2026-03-31 19:45:24,F3,0.5753,OK,0
2026-03-31 19:45:34,F3,0.5764,OK,0
2026-03-31 19:45:45,F3,0.5775,OK,0
2026-03-31 19:45:55,F3,0.5786,OK,0
2026-03-31 19:46:05,F3,0.5797,OK,0
2026-03-31 19:46:15,F3,0.5808,OK,0
2026-03-31 19:46:26,F3,0.5819,OK,0
2026-03-31 19:46:36,F3,0.5830,OK,0
2026-03-31 19:46:46,F3,0.5841,OK,0
2026-03-31 19:46:57,F3,0.5852,OK,0
2026-03-31 19:47:07,F3,0.5863,OK,0
2026-03-31 19:47:17,F3,0.5874,OK,0
2026-03-31 19:47:27,F3,0.5885,OK,0
2026-03-31 19:47:38,F3,0.5896,OK,0
2026-03-31 19:47:48,F3,0.5907,OK,0
2026-03-31 19:47:58,F3,0.5918,OK,0
2026-03-31 19:48:08,F3,0.5929,OK,0
2026-03-31 19:48:19,F3,0.5940,OK,0
2026-03-31 19:48:29,F3,0.5951,OK,0
2026-03-31 19:48:39,F3,0.5961,OK,0
2026-03-31 19:48:49,F3,0.5972,OK,0
2026-03-31 19:49:00,F3,0.5983,OK,0
2026-03-31 19:49:10,F3,0.5994,OK,0
2026-03-31 19:49:20,F3,0.6005,OK,0
2026-03-31 19:49:31,F3,0.6016,OK,0
2026-03-31 19:49:41,F3,0.6027,OK,0
2026-03-31 19:49:51,F3,0.6038,OK,0
2026-03-31 19:50:01,F3,0.6048,OK,0
2026-03-31 19:50:12,F3,0.6059,OK,0
2026-03-31 19:50:22,F3,0.6070,OK,0
2026-03-31 19:50:32,F3,0.6081,OK,0
2026-03-31 19:50:42,F3,0.6092,OK,0
2026-03-31 19:50:53,F3,0.6102,OK,0
2026-03-31 19:51:03,F3,0.6113,OK,0
2026-03-31 19:51:13,F3,0.6124,OK,0
2026-03-31 19:51:23,F3,0.6135,OK,0
2026-03-31 19:51:34,F3,0.6145,OK,0
2026-03-31 19:51:44,F3,0.6156,OK,0
2026-03-31 19:51:54,F3,0.6167,OK,0
2026-03-31 19:52:04,F3,0.6177,OK,0
2026-03-31 19:52:15,F3,0.6188,OK,0
2026-03-31 19:52:25,F3,0.6198,OK,0
2026-03-31 19:52:35,F3,0.6209,OK,0
2026-03-31 19:52:45,F3,0.6220,OK,0
2026-03-31 19:52:56,F3,0.6230,OK,0
2026-03-31 19:53:06,F3,0.6241,OK,0
2026-03-31 19:53:16,F3,0.6252,OK,0
2026-03-31 19:53:26,F3,0.6262,OK,0
2026-03-31 19:53:37,F3,0.6273,OK,0
2026-03-31 19:53:47,F3,0.6283,OK,0
2026-03-31 19:53:57,F3,0.6294,OK,0
2026-03-31 19:54:08,F3,0.6304,OK,0
2026-03-31 19:54:18,F3,0.6315,OK,0
2026-03-31 19:54:28,F3,0.6325,OK,0
2026-03-31 19:54:38,F3,0.6336,OK,0
2026-03-31 19:54:49,F3,0.6346,OK,0
2026-03-31 19:54:59,F3,0.6357,OK,0
2026-03-31 19:55:09,F3,0.6367,OK,0
2026-03-31 19:55:19,F3,0.6378,OK,0
2026-03-31 19:55:30,F3,0.6388,OK,0
2026-03-31 19:55:40,F3,0.6399,OK,0
2026-03-31 19:55:50,F3,0.6409,OK,0
2026-03-31 19:56:00,F3,0.6420,OK,0
2026-03-31 19:56:11,F3,0.6430,OK,0
2026-03-31 19:56:21,F3,0.6441,OK,0
2026-03-31 19:56:31,F3,0.6451,OK,0
2026-03-31 19:56:42,F3,0.6461,OK,0
2026-03-31 19:56:52,F3,0.6472,OK,0
2026-03-31 19:57:02,F3,0.6482,OK,0
2026-03-31 19:57:12,F3,0.6492,OK,0
2026-03-31 19:57:23,F3,0.6503,OK,0
2026-03-31 19:57:33,F3,0.6513,OK,0
2026-03-31 19:57:43,F3,0.6523,OK,0
2026-03-31 19:57:54,F3,0.6533,OK,0
2026-03-31 19:58:04,F3,0.6543,OK,0
2026-03-31 19:58:14,F3,0.6554,OK,0
2026-03-31 19:58:24,F3,0.6564,OK,0
2026-03-31 19:58:35,F3,0.6574,OK,0
2026-03-31 19:58:45,F3,0.6584,OK,0
2026-03-31 19:58:55,F3,0.6594,OK,0
2026-03-31 19:59:05,F3,0.6604,OK,0
2026-03-31 19:59:16,F3,0.6614,OK,0
2026-03-31 19:59:26,F3,0.6624,OK,0
2026-03-31 19:59:36,F3,0.6634,OK,0
2026-03-31 19:59:46,F3,0.6644,OK,0
2026-03-31 19:59:57,F3,0.6654,OK,0
2026-03-31 20:00:07,F3,0.6663,OK,0
2026-03-31 20:00:17,F3,0.6673,OK,0
2026-03-31 20:00:28,F3,0.6683,OK,0
2026-03-31 20:00:38,F3,0.6693,OK,0
2026-03-31 20:00:48,F3,0.6702,OK,0
2026-03-31 20:00:58,F3,0.6712,OK,0
2026-03-31 20:01:09,F3,0.6722,OK,0
2026-03-31 20:01:19,F3,0.6731,OK,0
2026-03-31 20:01:29,F3,0.6741,OK,0
2026-03-31 20:01:39,F3,0.6750,OK,0
2026-03-31 20:01:50,F3,0.6760,OK,0
2026-03-31 20:02:00,F3,0.6769,OK,0
2026-03-31 20:02:10,F3,0.6779,OK,0
2026-03-31 20:02:20,F3,0.6788,OK,0
2026-03-31 20:02:31,F3,0.6798,OK,0
2026-03-31 20:02:41,F3,0.6807,OK,0
2026-03-31 20:02:51,F3,0.6816,OK,0
2026-03-31 20:03:01,F3,0.6825,OK,0
2026-03-31 20:03:12,F3,0.6835,OK,0
2026-03-31 20:03:22,F3,0.6844,OK,0
2026-03-31 20:03:32,F3,0.6853,OK,0
2026-03-31 20:03:43,F3,0.6862,OK,0
2026-03-31 20:03:53,F3,0.6871,OK,0
2026-03-31 20:04:03,F3,0.6880,OK,0
2026-03-31 20:04:13,F3,0.6889,OK,0
2026-03-31 20:04:24,F3,0.6898,OK,0
2026-03-31 20:04:34,F3,0.6907,OK,0
2026-03-31 20:04:44,F3,0.6916,OK,0
2026-03-31 20:04:54,F3,0.6925,OK,0
2026-03-31 20:05:05,F3,0.6933,OK,0
2026-03-31 20:05:15,F3,0.6942,OK,0
2026-03-31 20:05:25,F3,0.6951,OK,0
2026-03-31 20:05:36,F3,0.6959,OK,0
2026-03-31 20:05:46,F3,0.6968,OK,0
2026-03-31 20:05:56,F3,0.6977,OK,0
2026-03-31 20:06:06,F3,0.6985,OK,0
2026-03-31 20:06:17,F3,0.6994,OK,0
2026-03-31 20:06:27,F3,0.7002,OK,0
2026-03-31 20:06:37,F3,0.7010,OK,0
2026-03-31 20:06:47,F3,0.7019,OK,0
2026-03-31 20:06:58,F3,0.7027,OK,0
2026-03-31 20:07:08,F3,0.7035,OK,0
2026-03-31 20:07:18,F3,0.7043,OK,0
2026-03-31 20:07:28,F3,0.7051,OK,0
2026-03-31 20:07:39,F3,0.7059,OK,0
2026-03-31 20:07:49,F3,0.7067,OK,0
2026-03-31 20:07:59,F3,0.7075,OK,0
2026-03-31 20:08:10,F3,0.7083,OK,0
2026-03-31 20:08:20,F3,0.7091,OK,0
2026-03-31 20:08:30,F3,0.7099,OK,0
2026-03-31 20:08:40,F3,0.7107,OK,0
2026-03-31 20:08:51,F3,0.7114,OK,0
2026-03-31 20:09:01,F3,0.7122,OK,1
2026-03-31 20:09:11,F3,0.7130,OK,0
2026-03-31 20:09:22,F3,0.7137,OK,0
2026-03-31 20:09:32,F3,0.7144,OK,0
2026-03-31 20:09:42,F3,0.7152,OK,0
2026-03-31 20:09:52,F3,0.7159,OK,0
2026-03-31 20:10:03,F3,0.7166,OK,0
2026-03-31 20:10:13,F3,0.7174,OK,0
2026-03-31 20:10:23,F3,0.7181,Bajo rango,0
2026-03-31 20:10:33,F3,0.7188,Bajo rango,0
2026-03-31 20:10:44,F3,0.7195,Bajo rango,0
2026-03-31 20:10:54,F3,0.7201,Bajo rango,0
2026-03-31 20:11:04,F3,0.7208,Bajo rango,0
2026-03-31 20:11:14,F3,0.7215,Bajo rango,0
2026-03-31 20:11:25,F3,0.7221,Bajo rango,0
2026-03-31 20:11:35,F3,0.7228,Bajo rango,0
2026-03-31 20:11:45,F3,0.7234,Bajo rango,0
2026-03-31 20:11:56,F3,0.7240,OK,0
2026-03-31 20:12:06,F3,0.7247,Bajo rango,0
2026-03-31 20:12:16,F3,0.7253,Bajo rango,0
2026-03-31 20:12:26,F3,0.7258,Bajo rango,0
2026-03-31 20:12:37,F3,0.7264,OK,0
2026-03-31 20:12:47,F3,0.7270,OK,0
2026-03-31 20:12:57,F3,0.7275,OK,0
2026-03-31 20:13:07,F3,0.7281,OK,0
2026-03-31 20:13:18,F3,0.7286,OK,0
2026-03-31 20:13:28,F3,0.7291,OK,0
2026-03-31 20:13:38,F3,0.7296,OK,0
2026-03-31 20:13:48,F3,0.7301,OK,0
2026-03-31 20:13:59,F3,0.7306,OK,0
2026-03-31 20:14:09,F3,0.7310,OK,0
2026-03-31 20:14:19,F3,0.7315,OK,0
2026-03-31 20:14:30,F3,0.7319,OK,0
2026-03-31 20:14:40,F3,0.7323,OK,0
2026-03-31 20:14:50,F3,0.7327,OK,0
2026-03-31 20:15:00,F3,0.7331,OK,0
2026-03-31 20:15:11,F3,0.7335,OK,0
2026-03-31 20:15:21,F3,0.7338,OK,0
2026-03-31 20:15:31,F3,0.7342,OK,0
2026-03-31 20:15:41,F3,0.7345,OK,0
2026-03-31 20:15:52,F3,0.7348,OK,0
2026-03-31 20:16:02,F3,0.7351,OK,0
2026-03-31 20:16:12,F3,0.7354,OK,0
2026-03-31 20:16:22,F3,0.7357,OK,0
2026-03-31 20:16:33,F3,0.7359,OK,0
2026-03-31 20:16:43,F3,0.7362,OK,0
2026-03-31 20:16:53,F3,0.7364,OK,0
2026-03-31 20:17:04,F3,0.7366,OK,0
2026-03-31 20:17:14,F3,0.7368,OK,0
2026-03-31 20:17:24,F3,0.7370,OK,0
2026-03-31 20:17:34,F3,0.7372,OK,0
2026-03-31 20:17:45,F3,0.7373,OK,0
2026-03-31 20:17:55,F3,0.7375,OK,0
2026-03-31 20:18:05,F3,0.7376,OK,0
2026-03-31 20:18:15,F3,0.7377,OK,0
2026-03-31 20:18:26,F3,0.7378,OK,0
2026-03-31 20:18:36,F3,0.7379,OK,0
2026-03-31 20:18:46,F3,0.7380,OK,0
2026-03-31 20:18:56,F3,0.7381,OK,0
2026-03-31 20:19:07,F3,0.7382,OK,0
2026-03-31 20:19:17,F3,0.7382,OK,0
2026-03-31 20:19:27,F3,0.7383,OK,0
2026-03-31 20:19:38,F3,0.7383,OK,0
2026-03-31 20:19:48,F3,0.7383,OK,0
2026-03-31 20:19:58,F3,0.7383,OK,0
2026-03-31 20:20:08,F3,0.7383,OK,0
2026-03-31 20:20:19,F3,0.7383,OK,0
2026-03-31 20:20:29,F3,0.7383,OK,0
2026-03-31 20:20:39,F3,0.7383,OK,0
2026-03-31 20:20:50,F3,0.7382,OK,0
2026-03-31 20:21:00,F3,0.7382,OK,0
2026-03-31 20:21:10,F3,0.7381,OK,0
2026-03-31 20:21:20,F3,0.7380,OK,0
2026-03-31 20:21:31,F3,0.7379,OK,0
2026-03-31 20:21:41,F3,0.7379,OK,0
2026-03-31 20:21:51,F3,0.7378,OK,0
2026-03-31 20:22:02,F3,0.7377,OK,0
2026-03-31 20:22:12,F3,0.7376,OK,0
2026-03-31 20:22:22,F3,0.7374,OK,0
2026-03-31 20:22:32,F3,0.7373,OK,0
2026-03-31 20:22:43,F3,0.7372,OK,0
2026-03-31 20:22:53,F3,0.7370,OK,0
2026-03-31 20:23:03,F3,0.7369,OK,0
2026-03-31 20:23:13,F3,0.7367,OK,0
2026-03-31 20:23:24,F3,0.7366,OK,0
2026-03-31 20:23:34,F3,0.7364,OK,0
2026-03-31 20:23:44,F3,0.7362,OK,0
2026-03-31 20:23:54,F3,0.7360,OK,0
2026-03-31 20:24:05,F3,0.7358,OK,0
2026-03-31 20:24:15,F3,0.7356,OK,0
2026-03-31 20:24:25,F3,0.7354,OK,0
2026-03-31 20:24:36,F3,0.7352,OK,0
2026-03-31 20:24:46,F3,0.7350,OK,0
2026-03-31 20:24:56,F3,0.7348,OK,0
2026-03-31 20:25:06,F3,0.7345,OK,0
2026-03-31 20:25:17,F3,0.7343,OK,0
2026-03-31 20:25:27,F3,0.7340,OK,0
2026-03-31 20:25:37,F3,0.7338,OK,0
2026-03-31 20:25:47,F3,0.7335,OK,0
2026-03-31 20:25:58,F3,0.7333,OK,0
2026-03-31 20:26:08,F3,0.7330,OK,0
2026-03-31 20:26:18,F3,0.7327,OK,0
2026-03-31 20:26:28,F3,0.7325,OK,0
2026-03-31 20:26:39,F3,0.7322,OK,0
2026-03-31 20:26:49,F3,0.7319,OK,0
2026-03-31 20:26:59,F3,0.7316,OK,0
2026-03-31 20:27:09,F3,0.7313,OK,0
2026-03-31 20:27:20,F3,0.7310,OK,0
2026-03-31 20:27:30,F3,0.7307,OK,0
2026-03-31 20:27:40,F3,0.7303,OK,0
2026-03-31 20:27:51,F3,0.7300,OK,0
2026-03-31 20:28:01,F3,0.7297,OK,0
2026-03-31 20:28:11,F3,0.7294,OK,0
2026-03-31 20:28:21,F3,0.7290,OK,0
2026-03-31 20:28:32,F3,0.7287,OK,0
2026-03-31 20:28:42,F3,0.7283,OK,0
2026-03-31 20:28:52,F3,0.7280,OK,0
2026-03-31 20:29:03,F3,0.7276,OK,0
2026-03-31 20:29:13,F3,0.7273,OK,0
2026-03-31 20:29:23,F3,0.7269,OK,0
2026-03-31 20:29:33,F3,0.7265,OK,0
2026-03-31 20:29:44,F3,0.7262,OK,0
2026-03-31 20:29:54,F3,0.7258,OK,0
2026-03-31 20:30:04,F3,0.7254,OK,0
2026-03-31 20:30:15,F3,0.7250,OK,0
2026-03-31 20:30:25,F3,0.7246,OK,0
2026-03-31 20:30:35,F3,0.7242,OK,0
2026-03-31 20:30:45,F3,0.7238,OK,0
2026-03-31 20:30:56,F3,0.7234,OK,0
2026-03-31 20:31:06,F3,0.7230,OK,0
2026-03-31 20:31:16,F3,0.7226,OK,0
2026-03-31 20:31:26,F3,0.7222,OK,0
2026-03-31 20:31:37,F3,0.7218,OK,0
2026-03-31 20:31:47,F3,0.7214,OK,0
2026-03-31 20:31:57,F3,0.7210,OK,0
2026-03-31 20:32:07,F3,0.7206,OK,0
2026-03-31 20:32:18,F3,0.7201,OK,0
2026-03-31 20:32:28,F3,0.7197,OK,0
2026-03-31 20:32:38,F3,0.7193,OK,0
2026-03-31 20:32:48,F3,0.7188,OK,0
2026-03-31 20:32:59,F3,0.7184,OK,0
2026-03-31 20:33:09,F3,0.7180,OK,0
2026-03-31 20:33:19,F3,0.7175,OK,0
2026-03-31 20:33:30,F3,0.7171,OK,0
2026-03-31 20:33:40,F3,0.7167,OK,0
2026-03-31 20:33:50,F3,0.7162,OK,0
2026-03-31 20:34:00,F3,0.7158,OK,0
2026-03-31 20:34:11,F3,0.7153,OK,0
2026-03-31 20:34:21,F3,0.7149,OK,0
2026-03-31 20:34:31,F3,0.7144,OK,0
2026-03-31 20:34:41,F3,0.7140,OK,0
2026-03-31 20:34:52,F3,0.7135,OK,0
2026-03-31 20:35:02,F3,0.7130,OK,0
2026-03-31 20:35:12,F3,0.7126,OK,0
2026-03-31 20:35:23,F3,0.7121,OK,0
2026-03-31 20:35:33,F3,0.7117,OK,0
2026-03-31 20:35:43,F3,0.7112,OK,0
2026-03-31 20:35:53,F3,0.7107,OK,0
2026-03-31 20:36:04,F3,0.7103,OK,0
2026-03-31 20:36:14,F3,0.7098,OK,0
2026-03-31 20:36:24,F3,0.7093,OK,0
2026-03-31 20:36:34,F3,0.7089,OK,0
2026-03-31 20:36:45,F3,0.7084,OK,0
2026-03-31 20:36:55,F3,0.7079,OK,0
2026-03-31 20:37:05,F3,0.7074,OK,0
2026-03-31 20:37:15,F3,0.7070,OK,0
2026-03-31 20:37:26,F3,0.7065,OK,0
2026-03-31 20:37:36,F3,0.7060,OK,0
2026-03-31 20:37:46,F3,0.7055,OK,0
2026-03-31 20:37:57,F3,0.7051,OK,0
2026-03-31 20:38:07,F3,0.7046,OK,0
2026-03-31 20:38:17,F3,0.7041,OK,0
2026-03-31 20:38:27,F3,0.7036,OK,0
2026-03-31 20:38:38,F3,0.7032,OK,0
2026-03-31 20:38:48,F3,0.7027,OK,0
2026-03-31 20:38:58,F3,0.7022,OK,0
2026-03-31 20:39:08,F3,0.7017,OK,0
2026-03-31 20:39:19,F3,0.7013,OK,0
2026-03-31 20:39:29,F3,0.7008,OK,0
2026-03-31 20:39:39,F3,0.7003,OK,0
2026-03-31 20:39:49,F3,0.6998,OK,0
2026-03-31 20:40:00,F3,0.6994,OK,0
2026-03-31 20:40:10,F3,0.6989,OK,0
2026-03-31 20:40:20,F3,0.6984,OK,0
2026-03-31 20:40:30,F3,0.6980,OK,0
2026-03-31 20:40:41,F3,0.6975,OK,0
2026-03-31 20:40:51,F3,0.6970,OK,0
2026-03-31 20:41:01,F3,0.6966,OK,0
2026-03-31 20:41:12,F3,0.6961,OK,0
2026-03-31 20:41:22,F3,0.6957,OK,0
2026-03-31 20:41:32,F3,0.6952,OK,0
2026-03-31 20:41:42,F3,0.6947,OK,0
2026-03-31 20:41:53,F3,0.6943,OK,0
2026-03-31 20:42:03,F3,0.6938,OK,0
2026-03-31 20:42:13,F3,0.6934,OK,0
2026-03-31 20:42:23,F3,0.6929,OK,0
2026-03-31 20:42:34,F3,0.6925,OK,0
2026-03-31 20:42:44,F3,0.6920,OK,0
2026-03-31 20:42:54,F3,0.6916,OK,0
2026-03-31 20:43:05,F3,0.6911,OK,0
2026-03-31 20:43:15,F3,0.6907,OK,0
2026-03-31 20:43:25,F3,0.6902,OK,0
2026-03-31 20:43:35,F3,0.6898,OK,0
2026-03-31 20:43:46,F3,0.6893,OK,0
2026-03-31 20:43:56,F3,0.6889,OK,0
2026-03-31 20:44:06,F3,0.6885,OK,0
2026-03-31 20:44:16,F3,0.6880,OK,0
2026-03-31 20:44:27,F3,0.6876,OK,0
2026-03-31 20:44:37,F3,0.6871,OK,0
2026-03-31 20:44:47,F3,0.6867,OK,0
2026-03-31 20:44:57,F3,0.6863,OK,0
2026-03-31 20:45:08,F3,0.6858,OK,0
2026-03-31 20:45:18,F3,0.6854,OK,0
2026-03-31 20:45:28,F3,0.6850,OK,0
2026-03-31 20:45:39,F3,0.6845,OK,0
2026-03-31 20:45:49,F3,0.6841,OK,0
2026-03-31 20:45:59,F3,0.6837,OK,0
2026-03-31 20:46:09,F3,0.6832,OK,0
2026-03-31 20:46:20,F3,0.6828,OK,0
2026-03-31 20:46:30,F3,0.6824,OK,0
2026-03-31 20:46:40,F3,0.6819,OK,0
2026-03-31 20:46:50,F3,0.6815,OK,0
2026-03-31 20:47:01,F3,0.6811,OK,0
2026-03-31 20:47:11,F3,0.6807,OK,0
2026-03-31 20:47:21,F3,0.6802,OK,0
2026-03-31 20:47:31,F3,0.6798,OK,0
2026-03-31 20:47:42,F3,0.6794,OK,0
2026-03-31 20:47:52,F3,0.6790,OK,0
2026-03-31 20:48:02,F3,0.6785,OK,0
2026-03-31 20:48:12,F3,0.6781,OK,0
2026-03-31 20:48:23,F3,0.6777,OK,0
2026-03-31 20:48:33,F3,0.6773,OK,0
2026-03-31 20:48:43,F3,0.6769,OK,0
2026-03-31 20:48:54,F3,0.6765,OK,0
2026-03-31 20:49:04,F3,0.6760,OK,0
2026-03-31 20:49:14,F3,0.6756,OK,0
2026-03-31 20:49:24,F3,0.6752,OK,0
2026-03-31 20:49:35,F3,0.6748,OK,0
2026-03-31 20:49:45,F3,0.6744,OK,0
2026-03-31 20:49:55,F3,0.6740,OK,0
2026-03-31 20:50:05,F3,0.6736,OK,0
2026-03-31 20:50:16,F3,0.6731,OK,0
2026-03-31 20:50:26,F3,0.6727,OK,0
2026-03-31 20:50:36,F3,0.6723,OK,0
2026-03-31 20:50:47,F3,0.6719,OK,0
2026-03-31 20:50:57,F3,0.6715,OK,0
2026-03-31 20:51:07,F3,0.6711,OK,0
2026-03-31 20:51:17,F3,0.6707,OK,0
2026-03-31 20:51:28,F3,0.6703,OK,0
2026-03-31 20:51:38,F3,0.6699,OK,0
2026-03-31 20:51:48,F3,0.6695,OK,0
2026-03-31 20:51:58,F3,0.6691,OK,0
2026-03-31 20:52:09,F3,0.6687,OK,0
2026-03-31 20:52:19,F3,0.6683,OK,0
2026-03-31 20:52:29,F3,0.6679,OK,0
2026-03-31 20:52:39,F3,0.6675,OK,0
2026-03-31 20:52:50,F3,0.6671,OK,0
2026-03-31 20:53:00,F3,0.6667,OK,0
2026-03-31 20:53:10,F3,0.6663,OK,0
2026-03-31 20:53:20,F3,0.6659,OK,0
2026-03-31 20:53:31,F3,0.6655,OK,0
2026-03-31 20:53:41,F3,0.6651,OK,0
2026-03-31 20:53:51,F3,0.6647,OK,0
2026-03-31 20:54:02,F3,0.6643,OK,0
2026-03-31 20:54:12,F3,0.6639,OK,0
2026-03-31 20:54:22,F3,0.6635,OK,0
2026-03-31 20:54:32,F3,0.6631,OK,0
2026-03-31 20:54:43,F3,0.6627,OK,0
2026-03-31 20:54:53,F3,0.6623,OK,0
2026-03-31 20:55:03,F3,0.6619,OK,0
2026-03-31 20:55:13,F3,0.6615,OK,0
2026-03-31 20:55:24,F3,0.6611,OK,0
2026-03-31 20:55:34,F3,0.6607,OK,0
2026-03-31 20:55:44,F3,0.6603,OK,0
2026-03-31 20:55:55,F3,0.6599,OK,0
2026-03-31 20:56:05,F3,0.6596,OK,0
2026-03-31 20:56:15,F3,0.6592,OK,0
2026-03-31 20:56:25,F3,0.6588,OK,0
2026-03-31 20:56:36,F3,0.6584,OK,0
2026-03-31 20:56:46,F3,0.6580,OK,0
2026-03-31 20:56:56,F3,0.6576,OK,0
2026-03-31 20:57:06,F3,0.6572,OK,0
2026-03-31 20:57:17,F3,0.6568,OK,0
2026-03-31 20:57:27,F3,0.6564,OK,0
2026-03-31 20:57:37,F3,0.6561,OK,0
2026-03-31 20:57:48,F3,0.6557,OK,0
2026-03-31 20:57:58,F3,0.6553,OK,0
2026-03-31 20:58:08,F3,0.6549,OK,0
2026-03-31 20:58:18,F3,0.6545,OK,0
2026-03-31 20:58:29,F3,0.6542,OK,0
2026-03-31 20:58:39,F3,0.6538,OK,0
2026-03-31 20:58:49,F3,0.6534,OK,0
2026-03-31 20:58:59,F3,0.6530,OK,0
2026-03-31 20:59:10,F3,0.6527,OK,0
2026-03-31 20:59:20,F3,0.6523,OK,0
2026-03-31 20:59:30,F3,0.6519,OK,0
2026-03-31 20:59:41,F3,0.6515,OK,0
2026-03-31 20:59:51,F3,0.6512,OK,0
2026-03-31 21:00:01,F3,0.6508,OK,0
2026-03-31 21:00:11,F3,0.6505,OK,0
2026-03-31 21:00:22,F3,0.6501,OK,0
2026-03-31 21:00:32,F3,0.6497,OK,0
2026-03-31 21:00:42,F3,0.6494,OK,0
2026-03-31 21:00:52,F3,0.6490,OK,0
2026-03-31 21:01:03,F3,0.6487,OK,0
2026-03-31 21:01:13,F3,0.6483,OK,0
2026-03-31 21:01:23,F3,0.6479,OK,0
2026-03-31 21:01:33,F3,0.6476,OK,0
2026-03-31 21:01:44,F3,0.6472,OK,0
2026-03-31 21:01:54,F3,0.6469,OK,0
2026-03-31 21:02:04,F3,0.6465,OK,0
2026-03-31 21:02:14,F3,0.6462,OK,0
2026-03-31 21:02:25,F3,0.6458,OK,0
2026-03-31 21:02:35,F3,0.6455,OK,0
2026-03-31 21:02:45,F3,0.6452,OK,0
2026-03-31 21:02:56,F3,0.6448,OK,0
2026-03-31 21:03:06,F3,0.6445,OK,0
2026-03-31 21:03:16,F3,0.6441,OK,0
2026-03-31 21:03:26,F3,0.6438,OK,0
2026-03-31 21:03:37,F3,0.6435,OK,0
2026-03-31 21:03:47,F3,0.6431,OK,0
2026-03-31 21:03:57,F3,0.6428,OK,0
2026-03-31 21:04:07,F3,0.6425,OK,0
2026-03-31 21:04:18,F3,0.6421,OK,0
2026-03-31 21:04:28,F3,0.6418,OK,0
2026-03-31 21:04:38,F3,0.6415,OK,0
2026-03-31 21:04:48,F3,0.6411,OK,0
2026-03-31 21:04:59,F3,0.6408,OK,0
2026-03-31 21:05:09,F3,0.6405,OK,0
2026-03-31 21:05:19,F3,0.6402,OK,0
2026-03-31 21:05:30,F3,0.6398,OK,0
2026-03-31 21:05:40,F3,0.6395,OK,0
2026-03-31 21:05:50,F3,0.6392,OK,0
2026-03-31 21:06:00,F3,0.6389,OK,0
2026-03-31 21:06:11,F3,0.6386,OK,0
2026-03-31 21:06:21,F3,0.6382,OK,0
2026-03-31 21:06:31,F3,0.6379,OK,0
2026-03-31 21:06:41,F3,0.6376,OK,0
2026-03-31 21:06:52,F3,0.6373,OK,0
2026-03-31 21:07:02,F3,0.6370,OK,0
2026-03-31 21:07:12,F3,0.6367,OK,0
2026-03-31 21:07:22,F3,0.6364,OK,0
2026-03-31 21:07:33,F3,0.6361,OK,0
2026-03-31 21:07:43,F3,0.6357,OK,0
2026-03-31 21:07:53,F3,0.6354,OK,0
2026-03-31 21:08:03,F3,0.6351,OK,0
2026-03-31 21:08:14,F3,0.6348,OK,0
2026-03-31 21:08:24,F3,0.6345,OK,0
2026-03-31 21:08:34,F3,0.6342,OK,0
2026-03-31 21:08:45,F3,0.6339,OK,0
2026-03-31 21:08:55,F3,0.6336,OK,0
2026-03-31 21:09:05,F3,0.6333,OK,0
2026-03-31 21:09:15,F3,0.6330,OK,0
2026-03-31 21:09:26,F3,0.6327,OK,0
2026-03-31 21:09:36,F3,0.6324,OK,0
2026-03-31 21:09:46,F3,0.6321,OK,0
2026-03-31 21:09:56,F3,0.6318,OK,0
2026-03-31 21:10:07,F3,0.6315,OK,1
2026-03-31 21:10:17,F3,0.6313,OK,0
2026-03-31 21:10:27,F3,0.6310,OK,1
2026-03-31 21:10:37,F3,0.6307,OK,0
2026-03-31 21:10:48,F3,0.6304,OK,0
2026-03-31 21:10:58,F3,0.6301,OK,0
2026-03-31 21:11:08,F3,0.6298,OK,0
2026-03-31 21:11:19,F3,0.6295,OK,0
2026-03-31 21:11:29,F3,0.6292,OK,0
2026-03-31 21:11:39,F3,0.6289,OK,0
2026-03-31 21:11:49,F3,0.6286,Bajo rango,0
2026-03-31 21:12:00,F3,0.6283,Bajo rango,0
2026-03-31 21:12:10,F3,0.6281,Bajo rango,0
2026-03-31 21:12:20,F3,0.6278,Bajo rango,0
2026-03-31 21:12:30,F3,0.6275,Bajo rango,0
2026-03-31 21:12:41,F3,0.6272,Bajo rango,0
2026-03-31 21:12:51,F3,0.6268,Bajo rango,0
2026-03-31 21:13:01,F3,0.6265,OK,0
2026-03-31 21:13:12,F3,0.6262,OK,0
2026-03-31 21:13:22,F3,0.6259,OK,0
2026-03-31 21:13:32,F3,0.6256,OK,0
2026-03-31 21:13:43,F3,0.6253,OK,0
2026-03-31 21:13:53,F3,0.6249,OK,0
2026-03-31 21:14:03,F3,0.6246,OK,0
2026-03-31 21:14:13,F3,0.6243,OK,0
2026-03-31 21:14:24,F3,0.6239,OK,0
2026-03-31 21:14:34,F3,0.6236,OK,0
2026-03-31 21:14:44,F3,0.6232,OK,0
2026-03-31 21:14:54,F3,0.6228,OK,0
2026-03-31 21:15:05,F3,0.6225,OK,0
2026-03-31 21:15:15,F3,0.6221,OK,0
2026-03-31 21:15:25,F3,0.6217,OK,0
2026-03-31 21:15:35,F3,0.6214,OK,0
2026-03-31 21:15:46,F3,0.6210,OK,0
2026-03-31 21:15:56,F3,0.6206,OK,0
2026-03-31 21:16:06,F3,0.6202,OK,0
2026-03-31 21:16:16,F3,0.6198,OK,0
2026-03-31 21:16:27,F3,0.6194,OK,0
2026-03-31 21:16:37,F3,0.6189,OK,0
2026-03-31 21:16:47,F3,0.6185,OK,0
2026-03-31 21:16:58,F3,0.6181,OK,0
2026-03-31 21:17:08,F3,0.6177,OK,0
2026-03-31 21:17:18,F3,0.6172,OK,0
2026-03-31 21:17:28,F3,0.6168,OK,0
2026-03-31 21:17:39,F3,0.6163,OK,0
2026-03-31 21:17:49,F3,0.6159,OK,0
2026-03-31 21:17:59,F3,0.6154,OK,0
2026-03-31 21:18:09,F3,0.6149,OK,0
2026-03-31 21:18:20,F3,0.6144,OK,0
2026-03-31 21:18:30,F3,0.6140,OK,0
2026-03-31 21:18:40,F3,0.6135,OK,0
2026-03-31 21:18:50,F3,0.6130,OK,0
2026-03-31 21:19:01,F3,0.6125,OK,0
2026-03-31 21:19:11,F3,0.6120,OK,0
2026-03-31 21:19:21,F3,0.6115,OK,0
2026-03-31 21:19:32,F3,0.6110,OK,0
2026-03-31 21:19:42,F3,0.6104,OK,0
2026-03-31 21:19:52,F3,0.6099,OK,0
2026-03-31 21:20:02,F3,0.6094,OK,0
2026-03-31 21:20:13,F3,0.6089,OK,0
2026-03-31 21:20:23,F3,0.6083,OK,0
2026-03-31 21:20:33,F3,0.6078,OK,0
2026-03-31 21:20:43,F3,0.6073,OK,0
2026-03-31 21:20:54,F3,0.6067,OK,0
2026-03-31 21:21:04,F3,0.6062,OK,0
2026-03-31 21:21:14,F3,0.6056,OK,0
2026-03-31 21:21:24,F3,0.6051,OK,0
2026-03-31 21:21:35,F3,0.6045,OK,0
2026-03-31 21:21:45,F3,0.6039,OK,0
2026-03-31 21:21:55,F3,0.6034,OK,0
2026-03-31 21:22:05,F3,0.6028,OK,0
2026-03-31 21:22:16,F3,0.6023,OK,0
2026-03-31 21:22:26,F3,0.6017,OK,0
2026-03-31 21:22:36,F3,0.6011,OK,0
2026-03-31 21:22:46,F3,0.6006,OK,0
2026-03-31 21:22:57,F3,0.6000,OK,0
2026-03-31 21:23:07,F3,0.5994,OK,0
2026-03-31 21:23:17,F3,0.5989,OK,0
2026-03-31 21:23:28,F3,0.5983,OK,0
2026-03-31 21:23:38,F3,0.5977,OK,0
2026-03-31 21:23:48,F3,0.5971,OK,0
2026-03-31 21:23:58,F3,0.5966,OK,0
2026-03-31 21:24:09,F3,0.5960,OK,0
2026-03-31 21:24:19,F3,0.5954,OK,0
2026-03-31 21:24:29,F3,0.5949,OK,0
2026-03-31 21:24:39,F3,0.5943,OK,0
2026-03-31 21:24:50,F3,0.5937,OK,0
2026-03-31 21:25:00,F3,0.5932,OK,0
2026-03-31 21:25:10,F3,0.5926,OK,0
2026-03-31 21:25:21,F3,0.5920,OK,0
2026-03-31 21:25:31,F3,0.5915,OK,0
2026-03-31 21:25:41,F3,0.5909,OK,0
2026-03-31 21:25:51,F3,0.5903,OK,0
2026-03-31 21:26:02,F3,0.5898,OK,0
2026-03-31 21:26:12,F3,0.5892,OK,0
2026-03-31 21:26:22,F3,0.5886,OK,0
2026-03-31 21:26:32,F3,0.5881,OK,0
2026-03-31 21:26:43,F3,0.5875,OK,0
2026-03-31 21:26:53,F3,0.5870,OK,0
2026-03-31 21:27:03,F3,0.5864,OK,0
2026-03-31 21:27:13,F3,0.5859,OK,0
2026-03-31 21:27:24,F3,0.5854,OK,0
2026-03-31 21:27:34,F3,0.5848,OK,0
2026-03-31 21:27:44,F3,0.5843,OK,0
2026-03-31 21:27:54,F3,0.5837,OK,0
2026-03-31 21:28:05,F3,0.5832,OK,0
2026-03-31 21:28:15,F3,0.5827,OK,0
2026-03-31 21:28:25,F3,0.5822,OK,0
2026-03-31 21:28:36,F3,0.5817,OK,0
2026-03-31 21:28:46,F3,0.5811,OK,0
2026-03-31 21:28:56,F3,0.5806,OK,0
2026-03-31 21:29:06,F3,0.5801,OK,0
2026-03-31 21:29:17,F3,0.5796,OK,0
2026-03-31 21:29:27,F3,0.5791,OK,0
2026-03-31 21:29:37,F3,0.5786,OK,0
2026-03-31 21:29:47,F3,0.5782,OK,0
2026-03-31 21:29:58,F3,0.5777,OK,0
2026-03-31 21:30:08,F3,0.5772,OK,0
2026-03-31 21:30:18,F3,0.5767,OK,0
2026-03-31 21:30:28,F3,0.5762,OK,0
2026-03-31 21:30:39,F3,0.5758,OK,0
2026-03-31 21:30:49,F3,0.5753,OK,0
2026-03-31 21:30:59,F3,0.5749,OK,0
2026-03-31 21:31:10,F3,0.5744,OK,0
2026-03-31 21:31:20,F3,0.5740,OK,0
2026-03-31 21:31:30,F3,0.5735,OK,0
2026-03-31 21:31:40,F3,0.5731,OK,0
2026-03-31 21:31:51,F3,0.5726,OK,0
2026-03-31 21:32:01,F3,0.5722,OK,0
2026-03-31 21:32:11,F3,0.5718,OK,0
2026-03-31 21:32:22,F3,0.5713,OK,0
2026-03-31 21:32:32,F3,0.5709,OK,0
2026-03-31 21:32:42,F3,0.5705,OK,0
2026-03-31 21:32:52,F3,0.5701,OK,0
2026-03-31 21:33:03,F3,0.5697,OK,0
2026-03-31 21:33:13,F3,0.5693,OK,0
2026-03-31 21:33:23,F3,0.5689,OK,0
2026-03-31 21:33:33,F3,0.5685,OK,0
2026-03-31 21:33:44,F3,0.5681,OK,0
2026-03-31 21:33:54,F3,0.5677,OK,0
2026-03-31 21:34:04,F3,0.5673,OK,0
2026-03-31 21:34:14,F3,0.5669,OK,0
2026-03-31 21:34:25,F3,0.5666,OK,0
2026-03-31 21:34:35,F3,0.5662,OK,0
2026-03-31 21:34:45,F3,0.5658,OK,0
2026-03-31 21:34:55,F3,0.5655,OK,0
2026-03-31 21:35:06,F3,0.5651,OK,0
2026-03-31 21:35:16,F3,0.5648,OK,0
2026-03-31 21:35:26,F3,0.5644,OK,0
2026-03-31 21:35:37,F3,0.5641,OK,0
2026-03-31 21:35:47,F3,0.5637,OK,0
2026-03-31 21:35:57,F3,0.5634,OK,0
2026-03-31 21:36:07,F3,0.5631,OK,0
2026-03-31 21:36:18,F3,0.5627,OK,0
2026-03-31 21:36:28,F3,0.5624,OK,0
2026-03-31 21:36:38,F3,0.5621,OK,0
2026-03-31 21:36:48,F3,0.5618,OK,0
2026-03-31 21:36:59,F3,0.5615,OK,0
2026-03-31 21:37:09,F3,0.5612,OK,0
2026-03-31 21:37:19,F3,0.5609,OK,0
2026-03-31 21:37:29,F3,0.5606,OK,0
2026-03-31 21:37:40,F3,0.5603,OK,0
2026-03-31 21:37:50,F3,0.5600,OK,0
2026-03-31 21:38:00,F3,0.5597,OK,0
2026-03-31 21:38:11,F3,0.5595,OK,0
2026-03-31 21:38:21,F3,0.5592,OK,0
2026-03-31 21:38:31,F3,0.5589,OK,0
2026-03-31 21:38:41,F3,0.5587,OK,0
2026-03-31 21:38:52,F3,0.5584,OK,0
2026-03-31 21:39:02,F3,0.5581,OK,0
2026-03-31 21:39:12,F3,0.5579,OK,0
2026-03-31 21:39:22,F3,0.5577,OK,0
2026-03-31 21:39:33,F3,0.5574,OK,0
2026-03-31 21:39:43,F3,0.5572,OK,0
2026-03-31 21:39:53,F3,0.5570,OK,0
2026-03-31 21:40:03,F3,0.5567,OK,0
2026-03-31 21:40:14,F3,0.5565,OK,0
2026-03-31 21:40:24,F3,0.5563,OK,0
2026-03-31 21:40:34,F3,0.5561,OK,0
2026-03-31 21:40:45,F3,0.5559,OK,0
2026-03-31 21:40:55,F3,0.5557,OK,0
2026-03-31 21:41:05,F3,0.5555,OK,0
2026-03-31 21:41:15,F3,0.5554,OK,0
2026-03-31 21:41:26,F3,0.5552,OK,0
2026-03-31 21:41:36,F3,0.5550,OK,0
2026-03-31 21:41:46,F3,0.5548,OK,0
2026-03-31 21:41:56,F3,0.5547,OK,0
2026-03-31 21:42:07,F3,0.5545,OK,0
2026-03-31 21:42:17,F3,0.5544,OK,0
2026-03-31 21:42:27,F3,0.5542,OK,0
2026-03-31 21:42:37,F3,0.5541,OK,0
2026-03-31 21:42:48,F3,0.5540,OK,0
2026-03-31 21:42:58,F3,0.5539,OK,0
2026-03-31 21:43:08,F3,0.5537,OK,0
2026-03-31 21:43:18,F3,0.5536,OK,0
2026-03-31 21:43:29,F3,0.5535,OK,0
2026-03-31 21:43:39,F3,0.5534,OK,0
2026-03-31 21:43:49,F3,0.5533,OK,0
2026-03-31 21:44:00,F3,0.5532,OK,0
2026-03-31 21:44:10,F3,0.5531,OK,0
2026-03-31 21:44:20,F3,0.5531,OK,0
2026-03-31 21:44:30,F3,0.5530,OK,0
2026-03-31 21:44:41,F3,0.5529,OK,0
2026-03-31 21:44:51,F3,0.5529,OK,0
2026-03-31 21:45:01,F3,0.5528,OK,0
2026-03-31 21:45:11,F3,0.5527,OK,0
2026-03-31 21:45:22,F3,0.5527,OK,0
2026-03-31 21:45:32,F3,0.5526,OK,0
2026-03-31 21:45:42,F3,0.5526,OK,0
2026-03-31 21:45:53,F3,0.5525,OK,0
2026-03-31 21:46:03,F3,0.5525,OK,0
2026-03-31 21:46:13,F3,0.5525,OK,0
2026-03-31 21:46:23,F3,0.5525,OK,0
2026-03-31 21:46:34,F3,0.5524,OK,0
2026-03-31 21:46:44,F3,0.5524,OK,0
2026-03-31 21:46:54,F3,0.5524,OK,0
2026-03-31 21:47:04,F3,0.5524,OK,0
2026-03-31 21:47:15,F3,0.5524,OK,0
2026-03-31 21:47:25,F3,0.5524,OK,0
2026-03-31 21:47:35,F3,0.5524,OK,0
2026-03-31 21:47:45,F3,0.5524,OK,0
2026-03-31 21:47:56,F3,0.5524,OK,0
2026-03-31 21:48:06,F3,0.5524,OK,0
2026-03-31 21:48:16,F3,0.5525,OK,0
2026-03-31 21:48:27,F3,0.5525,OK,0
2026-03-31 21:48:37,F3,0.5525,OK,0
2026-03-31 21:48:47,F3,0.5525,OK,0
2026-03-31 21:48:57,F3,0.5526,OK,0
2026-03-31 21:49:08,F3,0.5526,OK,0
2026-03-31 21:49:18,F3,0.5526,OK,0
2026-03-31 21:49:28,F3,0.5527,OK,0
2026-03-31 21:49:38,F3,0.5527,OK,0
2026-03-31 21:49:49,F3,0.5528,OK,0
2026-03-31 21:49:59,F3,0.5529,OK,0
2026-03-31 21:50:09,F3,0.5529,OK,0
2026-03-31 21:50:19,F3,0.5530,OK,0
2026-03-31 21:50:30,F3,0.5530,OK,0
2026-03-31 21:50:40,F3,0.5531,OK,0
2026-03-31 21:50:50,F3,0.5532,OK,0
2026-03-31 21:51:01,F3,0.5533,OK,0
2026-03-31 21:51:11,F3,0.5533,OK,0
2026-03-31 21:51:21,F3,0.5534,OK,0
2026-03-31 21:51:31,F3,0.5535,OK,0
2026-03-31 21:51:42,F3,0.5536,OK,0
2026-03-31 21:51:52,F3,0.5537,OK,0
2026-03-31 21:52:02,F3,0.5538,OK,0
2026-03-31 21:52:12,F3,0.5539,OK,0
2026-03-31 21:52:23,F3,0.5540,OK,0
2026-03-31 21:52:33,F3,0.5541,OK,0
2026-03-31 21:52:43,F3,0.5542,OK,0
2026-03-31 21:52:54,F3,0.5543,OK,0
2026-03-31 21:53:04,F3,0.5544,OK,0
2026-03-31 21:53:14,F3,0.5545,OK,0
2026-03-31 21:53:24,F3,0.5546,OK,0
2026-03-31 21:53:35,F3,0.5547,OK,0
2026-03-31 21:53:45,F3,0.5549,OK,0
2026-03-31 21:53:55,F3,0.5550,OK,0
2026-03-31 21:54:05,F3,0.5551,OK,0
2026-03-31 21:54:16,F3,0.5553,OK,0
2026-03-31 21:54:26,F3,0.5554,OK,0
2026-03-31 21:54:36,F3,0.5555,OK,0
2026-03-31 21:54:47,F3,0.5557,OK,0
2026-03-31 21:54:57,F3,0.5558,OK,0
2026-03-31 21:55:07,F3,0.5560,OK,0
2026-03-31 21:55:17,F3,0.5561,OK,0
2026-03-31 21:55:28,F3,0.5563,OK,0
2026-03-31 21:55:38,F3,0.5564,OK,0
2026-03-31 21:55:48,F3,0.5566,OK,0
2026-03-31 21:55:58,F3,0.5568,OK,0
2026-03-31 21:56:09,F3,0.5569,OK,0
2026-03-31 21:56:19,F3,0.5571,OK,0
2026-03-31 21:56:29,F3,0.5573,OK,0
2026-03-31 21:56:39,F3,0.5574,OK,0
2026-03-31 21:56:50,F3,0.5576,OK,0
2026-03-31 21:57:00,F3,0.5578,OK,0
2026-03-31 21:57:10,F3,0.5580,OK,0
2026-03-31 21:57:21,F3,0.5581,OK,0
2026-03-31 21:57:31,F3,0.5583,OK,0
2026-03-31 21:57:41,F3,0.5585,OK,0
2026-03-31 21:57:51,F3,0.5587,OK,0
2026-03-31 21:58:02,F3,0.5589,OK,0
2026-03-31 21:58:12,F3,0.5591,OK,0
2026-03-31 21:58:22,F3,0.5593,OK,0
2026-03-31 21:58:32,F3,0.5594,OK,0
2026-03-31 21:58:43,F3,0.5596,OK,0
2026-03-31 21:58:53,F3,0.5598,OK,0
2026-03-31 21:59:03,F3,0.5600,OK,0
2026-03-31 21:59:13,F3,0.5602,OK,0
2026-03-31 21:59:24,F3,0.5604,OK,0
2026-03-31 21:59:34,F3,0.5606,OK,0
2026-03-31 21:59:44,F3,0.5608,OK,0
2026-03-31 21:59:54,F3,0.5610,OK,0
2026-03-31 22:00:05,F3,0.5612,OK,0
2026-03-31 22:00:15,F3,0.5614,OK,0
2026-03-31 22:00:25,F3,0.5616,OK,0
2026-03-31 22:00:35,F3,0.5618,OK,0
2026-03-31 22:00:46,F3,0.5620,OK,0
2026-03-31 22:00:56,F3,0.5622,OK,0
2026-03-31 22:01:06,F3,0.5624,OK,0
2026-03-31 22:01:16,F3,0.5626,OK,0
2026-03-31 22:01:27,F3,0.5628,OK,0
2026-03-31 22:01:37,F3,0.5630,OK,0
2026-03-31 22:01:47,F3,0.5632,OK,0
2026-03-31 22:01:58,F3,0.5634,OK,0
2026-03-31 22:02:08,F3,0.5636,OK,0
2026-03-31 22:02:18,F3,0.5638,OK,0
2026-03-31 22:02:28,F3,0.5640,OK,0
2026-03-31 22:02:39,F3,0.5641,OK,0
2026-03-31 22:02:49,F3,0.5643,OK,0
2026-03-31 22:02:59,F3,0.5645,OK,0
2026-03-31 22:03:09,F3,0.5647,OK,0
2026-03-31 22:03:20,F3,0.5649,OK,0
2026-03-31 22:03:30,F3,0.5651,OK,0
2026-03-31 22:03:40,F3,0.5653,OK,0
2026-03-31 22:03:51,F3,0.5655,OK,0
2026-03-31 22:04:01,F3,0.5657,OK,0
2026-03-31 22:04:11,F3,0.5659,OK,0
2026-03-31 22:04:21,F3,0.5661,OK,0
2026-03-31 22:04:32,F3,0.5663,OK,0
2026-03-31 22:04:42,F3,0.5665,OK,0
2026-03-31 22:04:52,F3,0.5667,OK,0
2026-03-31 22:05:02,F3,0.5669,OK,0
2026-03-31 22:05:13,F3,0.5670,OK,0
2026-03-31 22:05:23,F3,0.5672,OK,0
2026-03-31 22:05:33,F3,0.5674,OK,0
2026-03-31 22:05:44,F3,0.5676,OK,0
2026-03-31 22:05:54,F3,0.5678,OK,0
2026-03-31 22:06:04,F3,0.5680,OK,0
2026-03-31 22:06:14,F3,0.5682,OK,0
2026-03-31 22:06:25,F3,0.5684,OK,0
2026-03-31 22:06:35,F3,0.5685,OK,0
2026-03-31 22:06:45,F3,0.5687,OK,0
2026-03-31 22:06:56,F3,0.5689,OK,0
2026-03-31 22:07:06,F3,0.5691,OK,0
2026-03-31 22:07:16,F3,0.5693,OK,0
2026-03-31 22:07:26,F3,0.5695,OK,0
2026-03-31 22:07:37,F3,0.5696,OK,0
2026-03-31 22:07:47,F3,0.5698,OK,0
2026-03-31 22:07:57,F3,0.5700,OK,0
2026-03-31 22:08:07,F3,0.5702,OK,0
2026-03-31 22:08:18,F3,0.5704,OK,0
2026-03-31 22:08:28,F3,0.5706,OK,0
2026-03-31 22:08:38,F3,0.5708,OK,0
2026-03-31 22:08:48,F3,0.5710,OK,0
2026-03-31 22:08:59,F3,0.5711,OK,0
2026-03-31 22:09:09,F3,0.5713,OK,0
2026-03-31 22:09:19,F3,0.5715,OK,0
2026-03-31 22:09:29,F3,0.5717,OK,0
2026-03-31 22:09:40,F3,0.5719,OK,0
2026-03-31 22:09:50,F3,0.5721,OK,0
2026-03-31 22:10:00,F3,0.5723,OK,0
2026-03-31 22:10:11,F3,0.5724,OK,0
2026-03-31 22:10:21,F3,0.5726,OK,0
2026-03-31 22:10:31,F3,0.5728,OK,0
2026-03-31 22:10:41,F3,0.5730,OK,0
2026-03-31 22:10:52,F3,0.5732,OK,0
2026-03-31 22:11:02,F3,0.5734,OK,0
2026-03-31 22:11:12,F3,0.5735,OK,0
2026-03-31 22:11:22,F3,0.5737,OK,0
2026-03-31 22:11:33,F3,0.5739,OK,0
2026-03-31 22:11:43,F3,0.5741,OK,0
2026-03-31 22:11:53,F3,0.5743,OK,0
2026-03-31 22:12:03,F3,0.5744,OK,0
2026-03-31 22:12:14,F3,0.5746,OK,0
2026-03-31 22:12:24,F3,0.5748,OK,0
2026-03-31 22:12:34,F3,0.5750,OK,0
2026-03-31 22:12:45,F3,0.5751,OK,0
2026-03-31 22:12:55,F3,0.5753,OK,0
2026-03-31 22:13:05,F3,0.5755,OK,0
2026-03-31 22:13:15,F3,0.5757,OK,0
2026-03-31 22:13:26,F3,0.5758,OK,0
2026-03-31 22:13:36,F3,0.5760,OK,0
2026-03-31 22:13:46,F3,0.5762,OK,0
2026-03-31 22:13:56,F3,0.5764,OK,0
2026-03-31 22:14:07,F3,0.5765,OK,0
2026-03-31 22:14:17,F3,0.5767,OK,0
2026-03-31 22:14:27,F3,0.5769,OK,0
2026-03-31 22:14:37,F3,0.5770,OK,0
2026-03-31 22:14:48,F3,0.5772,OK,0
2026-03-31 22:14:58,F3,0.5774,OK,0
2026-03-31 22:15:08,F3,0.5776,OK,0
2026-03-31 22:15:18,F3,0.5777,OK,1
2026-03-31 22:15:29,F3,0.5779,OK,1
2026-03-31 22:15:39,F3,0.5781,OK,0
2026-03-31 22:15:49,F3,0.5782,Bajo rango,0
2026-03-31 22:15:59,F3,0.5784,Bajo rango,0
2026-03-31 22:16:10,F3,0.5786,Bajo rango,0
2026-03-31 22:16:20,F3,0.5787,Bajo rango,0
2026-03-31 22:16:30,F3,0.5789,Bajo rango,0
2026-03-31 22:16:41,F3,0.5791,Bajo rango,0
2026-03-31 22:16:51,F3,0.5792,Bajo rango,0
2026-03-31 22:17:01,F3,0.5794,Bajo rango,0
2026-03-31 22:17:11,F3,0.5795,OK,0
2026-03-31 22:17:22,F3,0.5797,OK,0
2026-03-31 22:17:32,F3,0.5798,OK,0
2026-03-31 22:17:42,F3,0.5799,OK,0
2026-03-31 22:17:52,F3,0.5801,OK,0
2026-03-31 22:18:03,F3,0.5802,OK,0
2026-03-31 22:18:13,F3,0.5803,OK,0
2026-03-31 22:18:23,F3,0.5805,OK,0
2026-03-31 22:18:33,F3,0.5806,OK,0
2026-03-31 22:18:44,F3,0.5807,OK,0
2026-03-31 22:18:54,F3,0.5808,OK,0
2026-03-31 22:19:04,F3,0.5809,OK,0
2026-03-31 22:19:14,F3,0.5810,OK,0
2026-03-31 22:19:25,F3,0.5811,OK,0
2026-03-31 22:19:35,F3,0.5812,OK,0
2026-03-31 22:19:45,F3,0.5812,OK,0
2026-03-31 22:19:55,F3,0.5813,OK,0
2026-03-31 22:20:06,F3,0.5814,OK,0
2026-03-31 22:20:16,F3,0.5814,OK,0
2026-03-31 22:20:26,F3,0.5814,OK,0
2026-03-31 22:20:37,F3,0.5815,OK,0
2026-03-31 22:20:47,F3,0.5815,OK,0
2026-03-31 22:20:57,F3,0.5815,OK,0
2026-03-31 22:21:07,F3,0.5816,OK,0
2026-03-31 22:21:18,F3,0.5816,OK,0
2026-03-31 22:21:28,F3,0.5816,OK,0
2026-03-31 22:21:38,F3,0.5816,OK,0
2026-03-31 22:21:49,F3,0.5816,OK,0
2026-03-31 22:21:59,F3,0.5815,OK,0
2026-03-31 22:22:09,F3,0.5815,OK,0
2026-03-31 22:22:19,F3,0.5815,OK,0
2026-03-31 22:22:30,F3,0.5814,OK,0
2026-03-31 22:22:40,F3,0.5814,OK,0
2026-03-31 22:22:50,F3,0.5813,OK,0
2026-03-31 22:23:00,F3,0.5813,OK,0
2026-03-31 22:23:11,F3,0.5812,OK,0
2026-03-31 22:23:21,F3,0.5811,OK,0
2026-03-31 22:23:31,F3,0.5811,OK,0
2026-03-31 22:23:42,F3,0.5810,OK,0
2026-03-31 22:23:52,F3,0.5809,OK,0
2026-03-31 22:24:02,F3,0.5808,OK,0
2026-03-31 22:24:12,F3,0.5807,OK,0
2026-03-31 22:24:23,F3,0.5806,OK,0
2026-03-31 22:24:33,F3,0.5805,OK,0
2026-03-31 22:24:43,F3,0.5804,OK,0
2026-03-31 22:24:53,F3,0.5802,OK,0
2026-03-31 22:25:04,F3,0.5801,OK,0
2026-03-31 22:25:14,F3,0.5800,OK,0
2026-03-31 22:25:24,F3,0.5799,OK,0
2026-03-31 22:25:34,F3,0.5797,OK,0
2026-03-31 22:25:45,F3,0.5796,OK,0
2026-03-31 22:25:55,F3,0.5794,OK,0
2026-03-31 22:26:05,F3,0.5793,OK,0
2026-03-31 22:26:15,F3,0.5791,OK,0
2026-03-31 22:26:26,F3,0.5790,OK,0
2026-03-31 22:26:36,F3,0.5788,OK,0
2026-03-31 22:26:46,F3,0.5787,OK,0
2026-03-31 22:26:57,F3,0.5785,OK,0
2026-03-31 22:27:07,F3,0.5783,OK,0
2026-03-31 22:27:17,F3,0.5782,OK,0
2026-03-31 22:27:27,F3,0.5780,OK,0
2026-03-31 22:27:38,F3,0.5778,OK,0
2026-03-31 22:27:48,F3,0.5776,OK,0
2026-03-31 22:27:58,F3,0.5775,OK,0
2026-03-31 22:28:09,F3,0.5773,OK,0
2026-03-31 22:28:19,F3,0.5771,OK,0
2026-03-31 22:28:29,F3,0.5769,OK,0
2026-03-31 22:28:39,F3,0.5767,OK,0
2026-03-31 22:28:50,F3,0.5765,OK,0
2026-03-31 22:29:00,F3,0.5764,OK,0
2026-03-31 22:29:10,F3,0.5762,OK,0
2026-03-31 22:29:20,F3,0.5760,OK,0
2026-03-31 22:29:31,F3,0.5758,OK,0
2026-03-31 22:29:41,F3,0.5756,OK,0
2026-03-31 22:29:51,F3,0.5754,OK,0
2026-03-31 22:30:02,F3,0.5752,OK,0
2026-03-31 22:30:12,F3,0.5750,OK,0
2026-03-31 22:30:22,F3,0.5748,OK,0
2026-03-31 22:30:32,F3,0.5747,OK,0
2026-03-31 22:30:43,F3,0.5745,OK,0
2026-03-31 22:30:53,F3,0.5743,OK,0
2026-03-31 22:31:03,F3,0.5741,OK,0
2026-03-31 22:31:13,F3,0.5739,OK,0
2026-03-31 22:31:24,F3,0.5737,OK,0
2026-03-31 22:31:34,F3,0.5735,OK,0
2026-03-31 22:31:44,F3,0.5734,OK,0
2026-03-31 22:31:55,F3,0.5732,OK,0
2026-03-31 22:32:05,F3,0.5730,OK,0
2026-03-31 22:32:15,F3,0.5728,OK,0
2026-03-31 22:32:25,F3,0.5726,OK,0
2026-03-31 22:32:36,F3,0.5725,OK,0
2026-03-31 22:32:46,F3,0.5723,OK,0
2026-03-31 22:32:56,F3,0.5721,OK,0
2026-03-31 22:33:06,F3,0.5719,OK,0
2026-03-31 22:33:17,F3,0.5718,OK,0
2026-03-31 22:33:27,F3,0.5716,OK,0
2026-03-31 22:33:37,F3,0.5714,OK,0
2026-03-31 22:33:47,F3,0.5713,OK,0
2026-03-31 22:33:58,F3,0.5711,OK,0
2026-03-31 22:34:08,F3,0.5709,OK,0
2026-03-31 22:34:18,F3,0.5708,OK,0
2026-03-31 22:34:28,F3,0.5706,OK,0
2026-03-31 22:34:39,F3,0.5704,OK,0
2026-03-31 22:34:49,F3,0.5703,OK,0
2026-03-31 22:34:59,F3,0.5701,OK,0
2026-03-31 22:35:10,F3,0.5700,OK,0
2026-03-31 22:35:20,F3,0.5698,OK,0
2026-03-31 22:35:30,F3,0.5696,OK,0
2026-03-31 22:35:40,F3,0.5695,OK,0
2026-03-31 22:35:51,F3,0.5693,OK,0
2026-03-31 22:36:01,F3,0.5692,OK,0
2026-03-31 22:36:11,F3,0.5690,OK,0
2026-03-31 22:36:22,F3,0.5689,OK,0
2026-03-31 22:36:32,F3,0.5687,OK,0
2026-03-31 22:36:42,F3,0.5686,OK,0
2026-03-31 22:36:52,F3,0.5684,OK,0
2026-03-31 22:37:03,F3,0.5683,OK,0
2026-03-31 22:37:13,F3,0.5682,OK,0
2026-03-31 22:37:23,F3,0.5680,OK,0
2026-03-31 22:37:33,F3,0.5679,OK,0
2026-03-31 22:37:44,F3,0.5678,OK,0
2026-03-31 22:37:54,F3,0.5676,OK,0
2026-03-31 22:38:04,F3,0.5675,OK,0
2026-03-31 22:38:14,F3,0.5674,OK,0
2026-03-31 22:38:25,F3,0.5672,OK,0
2026-03-31 22:38:35,F3,0.5671,OK,0
2026-03-31 22:38:45,F3,0.5670,OK,0
2026-03-31 22:38:55,F3,0.5669,OK,0
2026-03-31 22:39:06,F3,0.5667,OK,0
2026-03-31 22:39:16,F3,0.5666,OK,0
2026-03-31 22:39:26,F3,0.5665,OK,0
2026-03-31 22:39:36,F3,0.5664,OK,0
2026-03-31 22:39:47,F3,0.5663,OK,0
2026-03-31 22:39:57,F3,0.5662,OK,0
2026-03-31 22:40:07,F3,0.5660,OK,0
2026-03-31 22:40:18,F3,0.5659,OK,0
2026-03-31 22:40:28,F3,0.5658,OK,0
2026-03-31 22:40:38,F3,0.5657,OK,0
2026-03-31 22:40:48,F3,0.5656,OK,0
2026-03-31 22:40:59,F3,0.5655,OK,0
2026-03-31 22:41:09,F3,0.5654,OK,0
2026-03-31 22:41:19,F3,0.5654,OK,0
2026-03-31 22:41:29,F3,0.5653,OK,0
2026-03-31 22:41:40,F3,0.5652,OK,0
2026-03-31 22:41:50,F3,0.5651,OK,0
2026-03-31 22:42:00,F3,0.5650,OK,0
2026-03-31 22:42:10,F3,0.5649,OK,0
2026-03-31 22:42:21,F3,0.5649,OK,0
2026-03-31 22:42:31,F3,0.5648,OK,0
2026-03-31 22:42:41,F3,0.5647,OK,0
2026-03-31 22:42:51,F3,0.5647,OK,0
2026-03-31 22:43:02,F3,0.5646,OK,0
2026-03-31 22:43:12,F3,0.5645,OK,0
2026-03-31 22:43:22,F3,0.5645,OK,0
2026-03-31 22:43:33,F3,0.5644,OK,0
2026-03-31 22:43:43,F3,0.5644,OK,0
2026-03-31 22:43:53,F3,0.5644,OK,0
2026-03-31 22:44:03,F3,0.5643,OK,0
2026-03-31 22:44:14,F3,0.5643,OK,0
2026-03-31 22:44:24,F3,0.5643,OK,0
2026-03-31 22:44:34,F3,0.5642,OK,0
2026-03-31 22:44:44,F3,0.5642,OK,0
2026-03-31 22:44:55,F3,0.5642,OK,0
2026-03-31 22:45:05,F3,0.5642,OK,0
2026-03-31 22:45:15,F3,0.5642,OK,0
2026-03-31 22:45:26,F3,0.5642,OK,0
2026-03-31 22:45:36,F3,0.5642,OK,0
2026-03-31 22:45:46,F3,0.5641,OK,0
2026-03-31 22:45:56,F3,0.5641,OK,0
2026-03-31 22:46:07,F3,0.5642,OK,0
2026-03-31 22:46:17,F3,0.5642,OK,0
2026-03-31 22:46:27,F3,0.5642,OK,0
2026-03-31 22:46:37,F3,0.5642,OK,0
2026-03-31 22:46:48,F3,0.5642,OK,0
2026-03-31 22:46:58,F3,0.5642,OK,0
2026-03-31 22:47:08,F3,0.5642,OK,0
2026-03-31 22:47:19,F3,0.5642,OK,0
2026-03-31 22:47:29,F3,0.5643,OK,0
2026-03-31 22:47:39,F3,0.5643,OK,0
2026-03-31 22:47:49,F3,0.5643,OK,0
2026-03-31 22:48:00,F3,0.5643,OK,0
2026-03-31 22:48:10,F3,0.5644,OK,0
2026-03-31 22:48:20,F3,0.5644,OK,0
2026-03-31 22:48:30,F3,0.5645,OK,0
2026-03-31 22:48:41,F3,0.5645,OK,0
2026-03-31 22:48:51,F3,0.5645,OK,0
2026-03-31 22:49:01,F3,0.5646,OK,0
2026-03-31 22:49:11,F3,0.5646,OK,0
2026-03-31 22:49:22,F3,0.5647,OK,0
2026-03-31 22:49:32,F3,0.5647,OK,0
2026-03-31 22:49:42,F3,0.5648,OK,0
2026-03-31 22:49:52,F3,0.5648,OK,0
2026-03-31 22:50:03,F3,0.5649,OK,0
2026-03-31 22:50:13,F3,0.5649,OK,0
2026-03-31 22:50:23,F3,0.5650,OK,0
2026-03-31 22:50:34,F3,0.5651,OK,0
2026-03-31 22:50:44,F3,0.5651,OK,0
2026-03-31 22:50:54,F3,0.5652,OK,0
2026-03-31 22:51:04,F3,0.5653,OK,0
2026-03-31 22:51:15,F3,0.5653,OK,0
2026-03-31 22:51:25,F3,0.5654,OK,0
2026-03-31 22:51:35,F3,0.5655,OK,0
2026-03-31 22:51:45,F3,0.5656,OK,0
2026-03-31 22:51:56,F3,0.5657,OK,0
2026-03-31 22:52:06,F3,0.5657,OK,0
2026-03-31 22:52:16,F3,0.5658,OK,0
2026-03-31 22:52:26,F3,0.5659,OK,0
2026-03-31 22:52:37,F3,0.5660,OK,0
2026-03-31 22:52:47,F3,0.5661,OK,0
2026-03-31 22:52:57,F3,0.5662,OK,0
2026-03-31 22:53:07,F3,0.5663,OK,0
2026-03-31 22:53:18,F3,0.5664,OK,0
2026-03-31 22:53:28,F3,0.5665,OK,0
2026-03-31 22:53:38,F3,0.5666,OK,0
2026-03-31 22:53:48,F3,0.5667,OK,0
2026-03-31 22:53:59,F3,0.5668,OK,0
2026-03-31 22:54:09,F3,0.5670,OK,0
2026-03-31 22:54:19,F3,0.5671,OK,0
2026-03-31 22:54:29,F3,0.5672,OK,0
2026-03-31 22:54:40,F3,0.5673,OK,0
2026-03-31 22:54:50,F3,0.5675,OK,0
2026-03-31 22:55:00,F3,0.5676,OK,0
2026-03-31 22:55:11,F3,0.5677,OK,0
2026-03-31 22:55:21,F3,0.5679,OK,0
2026-03-31 22:55:31,F3,0.5680,OK,0
2026-03-31 22:55:41,F3,0.5682,OK,0
2026-03-31 22:55:52,F3,0.5683,OK,0
2026-03-31 22:56:02,F3,0.5685,OK,0
2026-03-31 22:56:12,F3,0.5686,OK,0
2026-03-31 22:56:22,F3,0.5688,OK,0
2026-03-31 22:56:33,F3,0.5690,OK,0
2026-03-31 22:56:43,F3,0.5691,OK,0
2026-03-31 22:56:53,F3,0.5693,OK,0
2026-03-31 22:57:04,F3,0.5695,OK,0
2026-03-31 22:57:14,F3,0.5696,OK,0
2026-03-31 22:57:24,F3,0.5698,OK,0
2026-03-31 22:57:34,F3,0.5700,OK,0
2026-03-31 22:57:45,F3,0.5702,OK,0
2026-03-31 22:57:55,F3,0.5704,OK,0
2026-03-31 22:58:05,F3,0.5705,OK,0
2026-03-31 22:58:15,F3,0.5707,OK,0
2026-03-31 22:58:26,F3,0.5709,OK,0
2026-03-31 22:58:36,F3,0.5711,OK,0
2026-03-31 22:58:46,F3,0.5713,OK,0
2026-03-31 22:58:57,F3,0.5715,OK,0
2026-03-31 22:59:07,F3,0.5717,OK,0
2026-03-31 22:59:17,F3,0.5719,OK,0
2026-03-31 22:59:27,F3,0.5721,OK,0
2026-03-31 22:59:38,F3,0.5723,OK,0
2026-03-31 22:59:48,F3,0.5724,OK,0
2026-03-31 22:59:58,F3,0.5726,OK,0
2026-03-31 23:00:09,F3,0.5728,OK,0
2026-03-31 23:00:19,F3,0.5730,OK,0
2026-03-31 23:00:29,F3,0.5732,OK,0
2026-03-31 23:00:39,F3,0.5734,OK,0
2026-03-31 23:00:50,F3,0.5736,OK,0
2026-03-31 23:01:00,F3,0.5738,OK,0
2026-03-31 23:01:10,F3,0.5740,OK,0
2026-03-31 23:01:20,F3,0.5742,OK,0
2026-03-31 23:01:31,F3,0.5745,OK,0
2026-03-31 23:01:41,F3,0.5747,OK,0
2026-03-31 23:01:51,F3,0.5749,OK,0
2026-03-31 23:02:02,F3,0.5751,OK,0
2026-03-31 23:02:12,F3,0.5753,OK,0
2026-03-31 23:02:22,F3,0.5755,OK,0
2026-03-31 23:02:32,F3,0.5757,OK,0
2026-03-31 23:02:43,F3,0.5759,OK,0
2026-03-31 23:02:53,F3,0.5761,OK,0
2026-03-31 23:03:03,F3,0.5763,OK,0
2026-03-31 23:03:13,F3,0.5765,OK,0
2026-03-31 23:03:24,F3,0.5767,OK,0
2026-03-31 23:03:34,F3,0.5769,OK,0
2026-03-31 23:03:44,F3,0.5771,OK,0
2026-03-31 23:03:54,F3,0.5773,OK,0
2026-03-31 23:04:05,F3,0.5776,OK,0
2026-03-31 23:04:15,F3,0.5778,OK,0
2026-03-31 23:04:25,F3,0.5780,OK,0
2026-03-31 23:04:36,F3,0.5782,OK,0
2026-03-31 23:04:46,F3,0.5784,OK,0
2026-03-31 23:04:56,F3,0.5786,OK,0
2026-03-31 23:05:06,F3,0.5788,OK,0
2026-03-31 23:05:17,F3,0.5790,OK,0
2026-03-31 23:05:27,F3,0.5793,OK,0
2026-03-31 23:05:37,F3,0.5795,OK,0
2026-03-31 23:05:47,F3,0.5797,OK,0
2026-03-31 23:05:58,F3,0.5799,OK,0
2026-03-31 23:06:08,F3,0.5801,OK,0
2026-03-31 23:06:18,F3,0.5803,OK,0
2026-03-31 23:06:29,F3,0.5806,OK,0
2026-03-31 23:06:39,F3,0.5808,OK,0
2026-03-31 23:06:49,F3,0.5810,OK,0
2026-03-31 23:06:59,F3,0.5812,OK,0
2026-03-31 23:07:10,F3,0.5815,OK,0
2026-03-31 23:07:20,F3,0.5817,OK,0
2026-03-31 23:07:30,F3,0.5819,OK,0
2026-03-31 23:07:40,F3,0.5822,OK,0
2026-03-31 23:07:51,F3,0.5824,OK,0
2026-03-31 23:08:01,F3,0.5826,OK,0
2026-03-31 23:08:11,F3,0.5829,OK,0
2026-03-31 23:08:22,F3,0.5831,OK,0
2026-03-31 23:08:32,F3,0.5833,OK,0
2026-03-31 23:08:42,F3,0.5836,OK,0
2026-03-31 23:08:52,F3,0.5838,OK,0
2026-03-31 23:09:03,F3,0.5841,OK,0
2026-03-31 23:09:13,F3,0.5843,OK,0
2026-03-31 23:09:23,F3,0.5845,OK,0
2026-03-31 23:09:33,F3,0.5848,OK,0
2026-03-31 23:09:44,F3,0.5850,OK,0
2026-03-31 23:09:54,F3,0.5853,OK,0
2026-03-31 23:10:04,F3,0.5855,OK,0
2026-03-31 23:10:14,F3,0.5858,OK,0
2026-03-31 23:10:25,F3,0.5860,OK,0
2026-03-31 23:10:35,F3,0.5863,OK,0
2026-03-31 23:10:45,F3,0.5865,OK,0
2026-03-31 23:10:55,F3,0.5868,OK,0
2026-03-31 23:11:06,F3,0.5871,OK,0
2026-03-31 23:11:16,F3,0.5873,OK,0
2026-03-31 23:11:26,F3,0.5876,OK,0
2026-03-31 23:11:37,F3,0.5878,OK,0
2026-03-31 23:11:47,F3,0.5881,OK,0
2026-03-31 23:11:57,F3,0.5884,OK,0
2026-03-31 23:12:07,F3,0.5886,OK,0
2026-03-31 23:12:18,F3,0.5889,OK,0
2026-03-31 23:12:28,F3,0.5892,OK,0
2026-03-31 23:12:38,F3,0.5894,OK,0
2026-03-31 23:12:48,F3,0.5897,OK,0
2026-03-31 23:12:59,F3,0.5900,OK,0
2026-03-31 23:13:09,F3,0.5902,OK,0
2026-03-31 23:13:19,F3,0.5905,OK,0
2026-03-31 23:13:29,F3,0.5908,OK,0
2026-03-31 23:13:40,F3,0.5911,OK,0
2026-03-31 23:13:50,F3,0.5913,OK,0
2026-03-31 23:14:00,F3,0.5916,OK,0
2026-03-31 23:14:11,F3,0.5919,OK,0
2026-03-31 23:14:21,F3,0.5922,OK,0
2026-03-31 23:14:31,F3,0.5924,OK,0
2026-03-31 23:14:41,F3,0.5927,OK,0
2026-03-31 23:14:52,F3,0.5930,OK,0
2026-03-31 23:15:02,F3,0.5933,OK,0
2026-03-31 23:15:12,F3,0.5936,OK,0
2026-03-31 23:15:22,F3,0.5939,OK,0
2026-03-31 23:15:33,F3,0.5942,OK,1
2026-03-31 23:15:43,F3,0.5944,OK,1
2026-03-31 23:15:53,F3,0.5947,OK,1
2026-03-31 23:16:04,F3,0.5950,OK,0
2026-03-31 23:16:14,F3,0.5953,OK,0
2026-03-31 23:16:24,F3,0.5956,OK,0
2026-03-31 23:16:34,F3,0.5959,OK,0
2026-03-31 23:16:45,F3,0.5962,OK,0
2026-03-31 23:16:55,F3,0.5965,OK,0
2026-03-31 23:17:05,F3,0.5967,OK,0
2026-03-31 23:17:15,F3,0.5970,OK,0
2026-03-31 23:17:26,F3,0.5973,OK,0
2026-03-31 23:17:36,F3,0.5976,OK,0
2026-03-31 23:17:46,F3,0.5979,Bajo rango,0
2026-03-31 23:17:56,F3,0.5981,Bajo rango,0
2026-03-31 23:18:07,F3,0.5984,Bajo rango,0
2026-03-31 23:18:17,F3,0.5987,Bajo rango,0
2026-03-31 23:18:27,F3,0.5989,Bajo rango,0
2026-03-31 23:18:37,F3,0.5992,Bajo rango,0
2026-03-31 23:18:48,F3,0.5995,OK,0
2026-03-31 23:18:58,F3,0.5997,OK,0
2026-03-31 23:19:08,F3,0.6000,OK,0
2026-03-31 23:19:18,F3,0.6002,OK,0
2026-03-31 23:19:29,F3,0.6004,OK,0
2026-03-31 23:19:39,F3,0.6007,OK,0
2026-03-31 23:19:49,F3,0.6009,OK,0
2026-03-31 23:20:00,F3,0.6011,OK,0
2026-03-31 23:20:10,F3,0.6013,OK,0
2026-03-31 23:20:20,F3,0.6015,OK,0
2026-03-31 23:20:30,F3,0.6017,OK,0
2026-03-31 23:20:41,F3,0.6019,OK,0
2026-03-31 23:20:51,F3,0.6021,OK,0
2026-03-31 23:21:01,F3,0.6022,OK,0
2026-03-31 23:21:11,F3,0.6024,OK,0
2026-03-31 23:21:22,F3,0.6025,OK,0
2026-03-31 23:21:32,F3,0.6027,OK,0
2026-03-31 23:21:42,F3,0.6028,OK,0
2026-03-31 23:21:53,F3,0.6030,OK,0
2026-03-31 23:22:03,F3,0.6031,OK,0
2026-03-31 23:22:13,F3,0.6032,OK,0
2026-03-31 23:22:23,F3,0.6033,OK,0
2026-03-31 23:22:34,F3,0.6035,OK,0
2026-03-31 23:22:44,F3,0.6036,OK,0
2026-03-31 23:22:54,F3,0.6037,OK,0
2026-03-31 23:23:05,F3,0.6037,OK,0
2026-03-31 23:23:15,F3,0.6038,OK,0
2026-03-31 23:23:25,F3,0.6039,OK,0
2026-03-31 23:23:35,F3,0.6040,OK,0
2026-03-31 23:23:46,F3,0.6041,OK,0
2026-03-31 23:23:56,F3,0.6041,OK,0
2026-03-31 23:24:06,F3,0.6042,OK,0
2026-03-31 23:24:16,F3,0.6043,OK,0
2026-03-31 23:24:27,F3,0.6043,OK,0
2026-03-31 23:24:37,F3,0.6044,OK,0
2026-03-31 23:24:47,F3,0.6044,OK,0
2026-03-31 23:24:57,F3,0.6045,OK,0
2026-03-31 23:25:08,F3,0.6045,OK,0
2026-03-31 23:25:18,F3,0.6045,OK,0
2026-03-31 23:25:28,F3,0.6046,OK,0
2026-03-31 23:25:39,F3,0.6046,OK,0
2026-03-31 23:25:49,F3,0.6046,OK,0
2026-03-31 23:25:59,F3,0.6046,OK,0
2026-03-31 23:26:09,F3,0.6047,OK,0
2026-03-31 23:26:20,F3,0.6047,OK,0
2026-03-31 23:26:30,F3,0.6047,OK,0
2026-03-31 23:26:40,F3,0.6047,OK,0
2026-03-31 23:26:50,F3,0.6047,OK,0
2026-03-31 23:27:01,F3,0.6047,OK,0
2026-03-31 23:27:11,F3,0.6047,OK,0
2026-03-31 23:27:21,F3,0.6047,OK,0
2026-03-31 23:27:31,F3,0.6047,OK,0
2026-03-31 23:27:42,F3,0.6047,OK,0
2026-03-31 23:27:52,F3,0.6047,OK,0
2026-03-31 23:28:02,F3,0.6047,OK,0
2026-03-31 23:28:13,F3,0.6047,OK,0
2026-03-31 23:28:23,F3,0.6047,OK,0
2026-03-31 23:28:33,F3,0.6047,OK,0
2026-03-31 23:28:43,F3,0.6047,OK,0
2026-03-31 23:28:54,F3,0.6047,OK,0
2026-03-31 23:29:04,F3,0.6047,OK,0
2026-03-31 23:29:14,F3,0.6047,OK,0
2026-03-31 23:29:25,F3,0.6047,OK,0
2026-03-31 23:29:35,F3,0.6047,OK,0
2026-03-31 23:29:45,F3,0.6047,OK,0
2026-03-31 23:29:55,F3,0.6047,OK,0
2026-03-31 23:30:06,F3,0.6047,OK,0
2026-03-31 23:30:16,F3,0.6047,OK,0
2026-03-31 23:30:26,F3,0.6047,OK,0
2026-03-31 23:30:36,F3,0.6047,OK,0
2026-03-31 23:30:47,F3,0.6047,OK,0
2026-03-31 23:30:57,F3,0.6047,OK,0
2026-03-31 23:31:07,F3,0.6047,OK,0
2026-03-31 23:31:17,F3,0.6047,OK,0
2026-03-31 23:31:28,F3,0.6047,OK,0
2026-03-31 23:31:38,F3,0.6047,OK,0
2026-03-31 23:31:48,F3,0.6047,OK,0
2026-03-31 23:31:59,F3,0.6047,OK,0
2026-03-31 23:32:09,F3,0.6047,OK,0
2026-03-31 23:32:19,F3,0.6047,OK,0
2026-03-31 23:32:29,F3,0.6047,OK,0
2026-03-31 23:32:40,F3,0.6047,OK,0
2026-03-31 23:32:50,F3,0.6047,OK,0
2026-03-31 23:33:00,F3,0.6047,OK,0
2026-03-31 23:33:10,F3,0.6047,OK,0
2026-03-31 23:33:21,F3,0.6046,OK,0
2026-03-31 23:33:31,F3,0.6046,OK,0
2026-03-31 23:33:41,F3,0.6046,OK,0
2026-03-31 23:33:52,F3,0.6046,OK,0
2026-03-31 23:34:02,F3,0.6046,OK,0
2026-03-31 23:34:12,F3,0.6046,OK,0
2026-03-31 23:34:22,F3,0.6046,OK,0
2026-03-31 23:34:33,F3,0.6046,OK,0
2026-03-31 23:34:43,F3,0.6046,OK,0
2026-03-31 23:34:53,F3,0.6047,OK,0
2026-03-31 23:35:04,F3,0.6047,OK,0
2026-03-31 23:35:14,F3,0.6047,OK,0
2026-03-31 23:35:24,F3,0.6047,OK,0
2026-03-31 23:35:34,F3,0.6047,OK,0
2026-03-31 23:35:45,F3,0.6047,OK,0
2026-03-31 23:35:55,F3,0.6047,OK,0
2026-03-31 23:36:05,F3,0.6047,OK,0
2026-03-31 23:36:15,F3,0.6047,OK,0
2026-03-31 23:36:26,F3,0.6047,OK,0
2026-03-31 23:36:36,F3,0.6047,OK,0
2026-03-31 23:36:46,F3,0.6047,OK,0
2026-03-31 23:36:57,F3,0.6047,OK,0
2026-03-31 23:37:07,F3,0.6047,OK,0
2026-03-31 23:37:17,F3,0.6047,OK,0
2026-03-31 23:37:27,F3,0.6047,OK,0
2026-03-31 23:37:38,F3,0.6047,OK,0
2026-03-31 23:37:48,F3,0.6047,OK,0
2026-03-31 23:37:58,F3,0.6047,OK,0
2026-03-31 23:38:08,F3,0.6047,OK,0
2026-03-31 23:38:19,F3,0.6048,OK,0
2026-03-31 23:38:29,F3,0.6048,OK,0
2026-03-31 23:38:39,F3,0.6048,OK,0
2026-03-31 23:38:49,F3,0.6048,OK,0
2026-03-31 23:39:00,F3,0.6048,OK,0
2026-03-31 23:39:10,F3,0.6048,OK,0
2026-03-31 23:39:20,F3,0.6048,OK,0
2026-03-31 23:39:31,F3,0.6049,OK,0
2026-03-31 23:39:41,F3,0.6049,OK,0
2026-03-31 23:39:51,F3,0.6049,OK,0
2026-03-31 23:40:01,F3,0.6049,OK,0
2026-03-31 23:40:12,F3,0.6049,OK,0
2026-03-31 23:40:22,F3,0.6050,OK,0
2026-03-31 23:40:32,F3,0.6050,OK,0
2026-03-31 23:40:42,F3,0.6050,OK,0
2026-03-31 23:40:53,F3,0.6051,OK,0
2026-03-31 23:41:03,F3,0.6051,OK,0
2026-03-31 23:41:13,F3,0.6051,OK,0
2026-03-31 23:41:23,F3,0.6052,OK,0
2026-03-31 23:41:34,F3,0.6052,OK,0
2026-03-31 23:41:44,F3,0.6052,OK,0
2026-03-31 23:41:54,F3,0.6053,OK,0
2026-03-31 23:42:05,F3,0.6053,OK,0
2026-03-31 23:42:15,F3,0.6054,OK,0
2026-03-31 23:42:25,F3,0.6054,OK,0
2026-03-31 23:42:35,F3,0.6055,OK,0
2026-03-31 23:42:46,F3,0.6055,OK,0
2026-03-31 23:42:56,F3,0.6056,OK,0
2026-03-31 23:43:06,F3,0.6056,OK,0
2026-03-31 23:43:16,F3,0.6057,OK,0
2026-03-31 23:43:27,F3,0.6058,OK,0
2026-03-31 23:43:37,F3,0.6058,OK,0
2026-03-31 23:43:47,F3,0.6059,OK,0
2026-03-31 23:43:57,F3,0.6059,OK,0
2026-03-31 23:44:08,F3,0.6060,OK,0
2026-03-31 23:44:18,F3,0.6061,OK,0
2026-03-31 23:44:28,F3,0.6062,OK,0
2026-03-31 23:44:38,F3,0.6062,OK,0
2026-03-31 23:44:49,F3,0.6063,OK,0
2026-03-31 23:44:59,F3,0.6064,OK,0
2026-03-31 23:45:09,F3,0.6065,OK,0
2026-03-31 23:45:20,F3,0.6065,OK,0
2026-03-31 23:45:30,F3,0.6066,OK,0
2026-03-31 23:45:40,F3,0.6067,OK,0
2026-03-31 23:45:50,F3,0.6068,OK,0
2026-03-31 23:46:01,F3,0.6069,OK,0
2026-03-31 23:46:11,F3,0.6070,OK,0
2026-03-31 23:46:21,F3,0.6071,OK,0
2026-03-31 23:46:31,F3,0.6072,OK,0
2026-03-31 23:46:42,F3,0.6073,OK,0
2026-03-31 23:46:52,F3,0.6074,OK,0
2026-03-31 23:47:02,F3,0.6075,OK,0
2026-03-31 23:47:12,F3,0.6076,OK,0
2026-03-31 23:47:23,F3,0.6077,OK,0
2026-03-31 23:47:33,F3,0.6078,OK,0
2026-03-31 23:47:43,F3,0.6079,OK,0
2026-03-31 23:47:54,F3,0.6080,OK,0
2026-03-31 23:48:04,F3,0.6081,OK,0
2026-03-31 23:48:14,F3,0.6082,OK,0
2026-03-31 23:48:24,F3,0.6084,OK,0
2026-03-31 23:48:35,F3,0.6085,OK,0
2026-03-31 23:48:45,F3,0.6086,OK,0
2026-03-31 23:48:55,F3,0.6087,OK,0
2026-03-31 23:49:05,F3,0.6089,OK,0
2026-03-31 23:49:16,F3,0.6090,OK,0
2026-03-31 23:49:26,F3,0.6091,OK,0
2026-03-31 23:49:36,F3,0.6093,OK,0
2026-03-31 23:49:46,F3,0.6094,OK,0
2026-03-31 23:49:57,F3,0.6095,OK,0
2026-03-31 23:50:07,F3,0.6097,OK,0
2026-03-31 23:50:17,F3,0.6098,OK,0
2026-03-31 23:50:27,F3,0.6100,OK,0
2026-03-31 23:50:38,F3,0.6101,OK,0
2026-03-31 23:50:48,F3,0.6103,OK,0
2026-03-31 23:50:58,F3,0.6105,OK,0
2026-03-31 23:51:08,F3,0.6106,OK,0
2026-03-31 23:51:19,F3,0.6108,OK,0
2026-03-31 23:51:29,F3,0.6110,OK,0
2026-03-31 23:51:39,F3,0.6111,OK,0
2026-03-31 23:51:50,F3,0.6113,OK,0
2026-03-31 23:52:00,F3,0.6115,OK,0
2026-03-31 23:52:10,F3,0.6117,OK,0
2026-03-31 23:52:20,F3,0.6119,OK,0
2026-03-31 23:52:31,F3,0.6120,OK,0
2026-03-31 23:52:41,F3,0.6122,OK,0
2026-03-31 23:52:51,F3,0.6124,OK,0
2026-03-31 23:53:02,F3,0.6126,OK,0
2026-03-31 23:53:12,F3,0.6128,OK,0
2026-03-31 23:53:22,F3,0.6130,OK,0
2026-03-31 23:53:32,F3,0.6132,OK,0
2026-03-31 23:53:43,F3,0.6134,OK,0
2026-03-31 23:53:53,F3,0.6136,OK,0
2026-03-31 23:54:03,F3,0.6138,OK,0
2026-03-31 23:54:13,F3,0.6140,OK,0
2026-03-31 23:54:24,F3,0.6142,OK,0
2026-03-31 23:54:34,F3,0.6144,OK,0
2026-03-31 23:54:44,F3,0.6146,OK,0
2026-03-31 23:54:54,F3,0.6148,OK,0
2026-03-31 23:55:05,F3,0.6150,OK,0
2026-03-31 23:55:15,F3,0.6153,OK,0
2026-03-31 23:55:25,F3,0.6155,OK,0
2026-03-31 23:55:36,F3,0.6157,OK,0
2026-03-31 23:55:46,F3,0.6159,OK,0
2026-03-31 23:55:56,F3,0.6161,OK,0
2026-03-31 23:56:06,F3,0.6163,OK,0
2026-03-31 23:56:17,F3,0.6165,OK,0
2026-03-31 23:56:27,F3,0.6168,OK,0
2026-03-31 23:56:37,F3,0.6170,OK,0
2026-03-31 23:56:47,F3,0.6172,OK,0
2026-03-31 23:56:58,F3,0.6174,OK,0
2026-03-31 23:57:08,F3,0.6177,OK,0
2026-03-31 23:57:18,F3,0.6179,OK,0
2026-03-31 23:57:28,F3,0.6181,OK,0
2026-03-31 23:57:39,F3,0.6183,OK,0
2026-03-31 23:57:49,F3,0.6185,OK,0
2026-03-31 23:57:59,F3,0.6188,OK,0
2026-03-31 23:58:10,F3,0.6190,OK,0
2026-03-31 23:58:20,F3,0.6192,OK,0
2026-03-31 23:58:30,F3,0.6195,OK,0
2026-03-31 23:58:40,F3,0.6197,OK,0
2026-03-31 23:58:51,F3,0.6199,OK,0
2026-03-31 23:59:01,F3,0.6201,OK,0
2026-03-31 23:59:11,F3,0.6204,OK,0
2026-03-31 23:59:21,F3,0.6206,OK,0
2026-03-31 23:59:32,F3,0.6208,OK,0
2026-03-31 23:59:42,F3,0.6211,OK,0
2026-03-31 23:59:52,F3,0.6213,OK,0
2026-04-01 00:00:03,F3,0.6215,OK,0
2026-04-01 00:00:13,F3,0.6218,OK,0
2026-04-01 00:00:23,F3,0.6220,OK,0
2026-04-01 00:00:33,F3,0.6222,OK,0
2026-04-01 00:00:44,F3,0.6225,OK,0
2026-04-01 00:00:54,F3,0.6227,OK,0
2026-04-01 00:01:04,F3,0.6230,OK,0
2026-04-01 00:01:14,F3,0.6232,OK,0
2026-04-01 00:01:25,F3,0.6234,OK,0
2026-04-01 00:01:35,F3,0.6237,OK,0
2026-04-01 00:01:45,F3,0.6239,OK,0
2026-04-01 00:01:56,F3,0.6242,OK,0
2026-04-01 00:02:06,F3,0.6244,OK,0
2026-04-01 00:02:16,F3,0.6247,OK,0
2026-04-01 00:02:26,F3,0.6249,OK,0
2026-04-01 00:02:37,F3,0.6252,OK,0
2026-04-01 00:02:47,F3,0.6254,OK,0
2026-04-01 00:02:57,F3,0.6257,OK,0
2026-04-01 00:03:07,F3,0.6260,OK,0
2026-04-01 00:03:18,F3,0.6262,OK,0
2026-04-01 00:03:28,F3,0.6265,OK,0
2026-04-01 00:03:38,F3,0.6267,OK,0
2026-04-01 00:03:49,F3,0.6270,OK,0
2026-04-01 00:03:59,F3,0.6273,OK,0
2026-04-01 00:04:09,F3,0.6275,OK,0
2026-04-01 00:04:19,F3,0.6278,OK,0
2026-04-01 00:04:30,F3,0.6280,OK,0
2026-04-01 00:04:40,F3,0.6283,OK,0
2026-04-01 00:04:50,F3,0.6286,OK,0
2026-04-01 00:05:00,F3,0.6288,OK,0
2026-04-01 00:05:11,F3,0.6291,OK,0
2026-04-01 00:05:21,F3,0.6294,OK,0
2026-04-01 00:05:31,F3,0.6296,OK,0
2026-04-01 00:05:42,F3,0.6299,OK,0
2026-04-01 00:05:52,F3,0.6302,OK,0
2026-04-01 00:06:02,F3,0.6304,OK,0
2026-04-01 00:06:12,F3,0.6307,OK,0
2026-04-01 00:06:23,F3,0.6310,OK,0
2026-04-01 00:06:33,F3,0.6312,OK,0
2026-04-01 00:06:43,F3,0.6315,OK,0
2026-04-01 00:06:53,F3,0.6318,OK,0
2026-04-01 00:07:04,F3,0.6320,OK,0
2026-04-01 00:07:14,F3,0.6323,OK,0
2026-04-01 00:07:24,F3,0.6326,OK,0
2026-04-01 00:07:34,F3,0.6328,OK,0
2026-04-01 00:07:45,F3,0.6331,OK,0
2026-04-01 00:07:55,F3,0.6334,OK,0
2026-04-01 00:08:05,F3,0.6336,OK,0
2026-04-01 00:08:15,F3,0.6339,OK,0
2026-04-01 00:08:26,F3,0.6342,OK,0
2026-04-01 00:08:36,F3,0.6345,OK,0
2026-04-01 00:08:46,F3,0.6347,OK,0
2026-04-01 00:08:57,F3,0.6350,OK,0
2026-04-01 00:09:07,F3,0.6353,OK,0
2026-04-01 00:09:17,F3,0.6355,OK,0
2026-04-01 00:09:27,F3,0.6358,OK,0
2026-04-01 00:09:38,F3,0.6361,OK,0
2026-04-01 00:09:48,F3,0.6363,OK,0
2026-04-01 00:09:58,F3,0.6366,OK,0
2026-04-01 00:10:08,F3,0.6369,OK,0
2026-04-01 00:10:19,F3,0.6372,OK,0
2026-04-01 00:10:29,F3,0.6374,OK,0
2026-04-01 00:10:39,F3,0.6377,OK,0
2026-04-01 00:10:49,F3,0.6380,OK,0
2026-04-01 00:11:00,F3,0.6382,OK,0
2026-04-01 00:11:10,F3,0.6385,OK,0
2026-04-01 00:11:20,F3,0.6388,OK,0
2026-04-01 00:11:31,F3,0.6391,OK,0
2026-04-01 00:11:41,F3,0.6393,OK,0
2026-04-01 00:11:51,F3,0.6396,OK,0
2026-04-01 00:12:01,F3,0.6399,OK,0
2026-04-01 00:12:12,F3,0.6402,OK,0
2026-04-01 00:12:22,F3,0.6404,OK,0
2026-04-01 00:12:32,F3,0.6407,OK,0
2026-04-01 00:12:42,F3,0.6410,OK,0
2026-04-01 00:12:53,F3,0.6413,OK,0
2026-04-01 00:13:03,F3,0.6416,OK,0
2026-04-01 00:13:13,F3,0.6418,OK,0
2026-04-01 00:13:24,F3,0.6421,OK,0
2026-04-01 00:13:34,F3,0.6424,OK,0
2026-04-01 00:13:44,F3,0.6427,OK,0
2026-04-01 00:13:54,F3,0.6430,OK,0
2026-04-01 00:14:05,F3,0.6433,OK,0
2026-04-01 00:14:15,F3,0.6435,OK,0
2026-04-01 00:14:25,F3,0.6438,OK,0
2026-04-01 00:14:35,F3,0.6441,OK,0
2026-04-01 00:14:46,F3,0.6444,OK,0
2026-04-01 00:14:56,F3,0.6447,OK,0
2026-04-01 00:15:06,F3,0.6450,OK,0
2026-04-01 00:15:16,F3,0.6453,OK,0
2026-04-01 00:15:27,F3,0.6456,OK,0
2026-04-01 00:15:37,F3,0.6459,OK,0
2026-04-01 00:15:47,F3,0.6462,OK,0
2026-04-01 00:15:57,F3,0.6464,OK,0
2026-04-01 00:16:08,F3,0.6467,OK,0
2026-04-01 00:16:18,F3,0.6470,OK,0
2026-04-01 00:16:28,F3,0.6473,OK,0
2026-04-01 00:16:39,F3,0.6476,OK,0
2026-04-01 00:16:49,F3,0.6479,OK,1
2026-04-01 00:16:59,F3,0.6482,OK,1
2026-04-01 00:17:09,F3,0.6485,OK,1
2026-04-01 00:17:20,F3,0.6488,OK,1
2026-04-01 00:17:30,F3,0.6491,OK,1
2026-04-01 00:17:40,F3,0.6494,OK,0
2026-04-01 00:17:50,F3,0.6497,OK,0
2026-04-01 00:18:01,F3,0.6500,OK,0
2026-04-01 00:18:11,F3,0.6503,OK,0
2026-04-01 00:18:21,F3,0.6506,OK,0
2026-04-01 00:18:32,F3,0.6509,Bajo rango,0
2026-04-01 00:18:42,F3,0.6512,Bajo rango,0
2026-04-01 00:18:52,F3,0.6515,Bajo rango,0
2026-04-01 00:19:02,F3,0.6518,Bajo rango,0
2026-04-01 00:19:13,F3,0.6520,Bajo rango,0
2026-04-01 00:19:23,F3,0.6523,Bajo rango,0
2026-04-01 00:19:33,F3,0.6526,Bajo rango,0
2026-04-01 00:19:44,F3,0.6529,Bajo rango,0
2026-04-01 00:19:54,F3,0.6532,OK,0
2026-04-01 00:20:04,F3,0.6534,OK,0
2026-04-01 00:20:14,F3,0.6537,OK,0
2026-04-01 00:20:25,F3,0.6539,OK,0
2026-04-01 00:20:35,F3,0.6542,OK,0
2026-04-01 00:20:45,F3,0.6544,OK,0
2026-04-01 00:20:55,F3,0.6547,OK,0
2026-04-01 00:21:06,F3,0.6549,OK,0
2026-04-01 00:21:16,F3,0.6551,OK,1
2026-04-01 00:21:26,F3,0.6554,OK,0
2026-04-01 00:21:36,F3,0.6556,OK,0
2026-04-01 00:21:47,F3,0.6558,OK,0
2026-04-01 00:21:57,F3,0.6560,OK,0
2026-04-01 00:22:07,F3,0.6562,OK,0
2026-04-01 00:22:18,F3,0.6564,OK,0
2026-04-01 00:22:28,F3,0.6566,OK,0
2026-04-01 00:22:38,F3,0.6567,OK,0
2026-04-01 00:22:48,F3,0.6569,OK,0
2026-04-01 00:22:59,F3,0.6571,OK,0
2026-04-01 00:23:09,F3,0.6572,OK,0
2026-04-01 00:23:19,F3,0.6574,OK,0
2026-04-01 00:23:29,F3,0.6575,OK,0
2026-04-01 00:23:40,F3,0.6577,OK,0
2026-04-01 00:23:50,F3,0.6578,OK,0
2026-04-01 00:24:00,F3,0.6580,OK,0
2026-04-01 00:24:10,F3,0.6581,OK,0
2026-04-01 00:24:21,F3,0.6582,OK,0
2026-04-01 00:24:31,F3,0.6583,OK,0
2026-04-01 00:24:41,F3,0.6584,OK,0
2026-04-01 00:24:52,F3,0.6586,OK,0
2026-04-01 00:25:02,F3,0.6587,OK,0
2026-04-01 00:25:12,F3,0.6588,OK,0
2026-04-01 00:25:22,F3,0.6588,OK,0
2026-04-01 00:25:33,F3,0.6589,OK,0
2026-04-01 00:25:43,F3,0.6590,OK,0
2026-04-01 00:25:53,F3,0.6591,OK,0
2026-04-01 00:26:03,F3,0.6592,OK,0
2026-04-01 00:26:14,F3,0.6592,OK,0
2026-04-01 00:26:24,F3,0.6593,OK,0
2026-04-01 00:26:34,F3,0.6594,OK,0
2026-04-01 00:26:45,F3,0.6594,OK,0
2026-04-01 00:26:55,F3,0.6595,OK,0
2026-04-01 00:27:05,F3,0.6595,OK,0
2026-04-01 00:27:15,F3,0.6595,OK,0
2026-04-01 00:27:26,F3,0.6596,OK,0
2026-04-01 00:27:36,F3,0.6596,OK,0
2026-04-01 00:27:46,F3,0.6596,OK,0
2026-04-01 00:27:56,F3,0.6597,OK,0
2026-04-01 00:28:07,F3,0.6597,OK,0
2026-04-01 00:28:17,F3,0.6597,OK,0
2026-04-01 00:28:27,F3,0.6597,OK,0
2026-04-01 00:28:37,F3,0.6597,OK,0
2026-04-01 00:28:48,F3,0.6597,OK,0
2026-04-01 00:28:58,F3,0.6597,OK,0
2026-04-01 00:29:08,F3,0.6597,OK,0
2026-04-01 00:29:18,F3,0.6597,OK,0
2026-04-01 00:29:29,F3,0.6597,OK,0
2026-04-01 00:29:39,F3,0.6597,OK,0
2026-04-01 00:29:49,F3,0.6597,OK,0
2026-04-01 00:29:59,F3,0.6597,OK,0
2026-04-01 00:30:10,F3,0.6597,OK,0
2026-04-01 00:30:20,F3,0.6596,OK,0
2026-04-01 00:30:30,F3,0.6596,OK,0
2026-04-01 00:30:41,F3,0.6596,OK,0
2026-04-01 00:30:51,F3,0.6595,OK,0
2026-04-01 00:31:01,F3,0.6595,OK,0
2026-04-01 00:31:11,F3,0.6595,OK,0
2026-04-01 00:31:22,F3,0.6594,OK,0
2026-04-01 00:31:32,F3,0.6594,OK,0
2026-04-01 00:31:42,F3,0.6594,OK,0
2026-04-01 00:31:52,F3,0.6593,OK,0
2026-04-01 00:32:03,F3,0.6593,OK,0
2026-04-01 00:32:13,F3,0.6592,OK,0
2026-04-01 00:32:23,F3,0.6592,OK,0
2026-04-01 00:32:34,F3,0.6591,OK,0
2026-04-01 00:32:44,F3,0.6591,OK,0
2026-04-01 00:32:54,F3,0.6590,OK,0
2026-04-01 00:33:04,F3,0.6590,OK,0
2026-04-01 00:33:15,F3,0.6589,OK,0
2026-04-01 00:33:25,F3,0.6589,OK,0
2026-04-01 00:33:35,F3,0.6588,OK,0
2026-04-01 00:33:45,F3,0.6587,OK,0
2026-04-01 00:33:56,F3,0.6587,OK,0
2026-04-01 00:34:06,F3,0.6586,OK,0
2026-04-01 00:34:16,F3,0.6586,OK,0
2026-04-01 00:34:26,F3,0.6585,OK,0
2026-04-01 00:34:37,F3,0.6584,OK,0
2026-04-01 00:34:47,F3,0.6584,OK,0
2026-04-01 00:34:57,F3,0.6583,OK,0
2026-04-01 00:35:08,F3,0.6582,OK,0
2026-04-01 00:35:18,F3,0.6582,OK,0
2026-04-01 00:35:28,F3,0.6581,OK,0
2026-04-01 00:35:38,F3,0.6580,OK,0
2026-04-01 00:35:49,F3,0.6580,OK,0
2026-04-01 00:35:59,F3,0.6579,OK,0
2026-04-01 00:36:09,F3,0.6578,OK,0
2026-04-01 00:36:19,F3,0.6578,OK,0
2026-04-01 00:36:30,F3,0.6577,OK,0
2026-04-01 00:36:40,F3,0.6576,OK,0
2026-04-01 00:36:50,F3,0.6575,OK,0
2026-04-01 00:37:01,F3,0.6575,OK,0
2026-04-01 00:37:11,F3,0.6574,OK,0
2026-04-01 00:37:21,F3,0.6573,OK,0
2026-04-01 00:37:31,F3,0.6572,OK,0
2026-04-01 00:37:42,F3,0.6572,OK,0
2026-04-01 00:37:52,F3,0.6571,OK,0
2026-04-01 00:38:02,F3,0.6570,OK,0
2026-04-01 00:38:12,F3,0.6569,OK,0
2026-04-01 00:38:23,F3,0.6568,OK,0
2026-04-01 00:38:33,F3,0.6568,OK,0
2026-04-01 00:38:43,F3,0.6567,OK,0
2026-04-01 00:38:53,F3,0.6566,OK,0
2026-04-01 00:39:04,F3,0.6565,OK,0
2026-04-01 00:39:14,F3,0.6564,OK,0
2026-04-01 00:39:24,F3,0.6563,OK,0
2026-04-01 00:39:34,F3,0.6563,OK,0
2026-04-01 00:39:45,F3,0.6562,OK,0
2026-04-01 00:39:55,F3,0.6561,OK,0
2026-04-01 00:40:05,F3,0.6560,OK,0
2026-04-01 00:40:16,F3,0.6559,OK,0
2026-04-01 00:40:26,F3,0.6558,OK,0
2026-04-01 00:40:36,F3,0.6557,OK,0
2026-04-01 00:40:47,F3,0.6556,OK,0
2026-04-01 00:40:57,F3,0.6556,OK,0
2026-04-01 00:41:07,F3,0.6555,OK,0
2026-04-01 00:41:17,F3,0.6554,OK,0
2026-04-01 00:41:28,F3,0.6553,OK,0
2026-04-01 00:41:38,F3,0.6552,OK,0
2026-04-01 00:41:48,F3,0.6551,OK,0
2026-04-01 00:41:58,F3,0.6550,OK,0
2026-04-01 00:42:09,F3,0.6549,OK,0
2026-04-01 00:42:19,F3,0.6549,OK,0
2026-04-01 00:42:29,F3,0.6548,OK,0
2026-04-01 00:42:39,F3,0.6547,OK,0
2026-04-01 00:42:50,F3,0.6546,OK,0
2026-04-01 00:43:00,F3,0.6545,OK,0
2026-04-01 00:43:10,F3,0.6545,OK,0
2026-04-01 00:43:20,F3,0.6544,OK,0
2026-04-01 00:43:31,F3,0.6543,OK,0
2026-04-01 00:43:41,F3,0.6542,OK,0
2026-04-01 00:43:51,F3,0.6541,OK,0
2026-04-01 00:44:01,F3,0.6541,OK,0
2026-04-01 00:44:12,F3,0.6540,OK,0
2026-04-01 00:44:22,F3,0.6539,OK,0
2026-04-01 00:44:32,F3,0.6538,OK,0
2026-04-01 00:44:43,F3,0.6538,OK,0
2026-04-01 00:44:53,F3,0.6537,OK,0
2026-04-01 00:45:03,F3,0.6536,OK,0
2026-04-01 00:45:13,F3,0.6535,OK,0
2026-04-01 00:45:24,F3,0.6535,OK,0
2026-04-01 00:45:34,F3,0.6534,OK,0
2026-04-01 00:45:44,F3,0.6533,OK,0
2026-04-01 00:45:54,F3,0.6533,OK,0
2026-04-01 00:46:05,F3,0.6532,OK,0
2026-04-01 00:46:15,F3,0.6531,OK,0
2026-04-01 00:46:25,F3,0.6531,OK,0
2026-04-01 00:46:35,F3,0.6530,OK,0
2026-04-01 00:46:46,F3,0.6529,OK,0
2026-04-01 00:46:56,F3,0.6529,OK,0
2026-04-01 00:47:06,F3,0.6528,OK,0
2026-04-01 00:47:16,F3,0.6527,OK,0
2026-04-01 00:47:27,F3,0.6526,OK,0
2026-04-01 00:47:37,F3,0.6526,OK,0
2026-04-01 00:47:47,F3,0.6525,OK,0
2026-04-01 00:47:58,F3,0.6524,OK,0
2026-04-01 00:48:08,F3,0.6524,OK,0
2026-04-01 00:48:18,F3,0.6523,OK,0
2026-04-01 00:48:28,F3,0.6522,OK,0
2026-04-01 00:48:39,F3,0.6522,OK,0
2026-04-01 00:48:49,F3,0.6521,OK,0
2026-04-01 00:48:59,F3,0.6520,OK,0
2026-04-01 00:49:10,F3,0.6519,OK,0
2026-04-01 00:49:20,F3,0.6519,OK,0
2026-04-01 00:49:30,F3,0.6518,OK,0
2026-04-01 00:49:40,F3,0.6517,OK,0
2026-04-01 00:49:51,F3,0.6517,OK,0
2026-04-01 00:50:01,F3,0.6516,OK,0
2026-04-01 00:50:11,F3,0.6515,OK,0
2026-04-01 00:50:21,F3,0.6515,OK,0
2026-04-01 00:50:32,F3,0.6514,OK,0
2026-04-01 00:50:42,F3,0.6513,OK,0
2026-04-01 00:50:52,F3,0.6513,OK,0
2026-04-01 00:51:02,F3,0.6512,OK,0
2026-04-01 00:51:13,F3,0.6511,OK,0
2026-04-01 00:51:23,F3,0.6511,OK,0
2026-04-01 00:51:33,F3,0.6510,OK,0
2026-04-01 00:51:44,F3,0.6509,OK,0
2026-04-01 00:51:54,F3,0.6509,OK,0
2026-04-01 00:52:04,F3,0.6508,OK,0
2026-04-01 00:52:14,F3,0.6508,OK,0
2026-04-01 00:52:25,F3,0.6507,OK,0
2026-04-01 00:52:35,F3,0.6507,OK,0
2026-04-01 00:52:45,F3,0.6506,OK,0
2026-04-01 00:52:55,F3,0.6505,OK,0
2026-04-01 00:53:06,F3,0.6505,OK,0
2026-04-01 00:53:16,F3,0.6505,OK,0
2026-04-01 00:53:26,F3,0.6504,OK,0
2026-04-01 00:53:37,F3,0.6504,OK,0
2026-04-01 00:53:47,F3,0.6503,OK,0
2026-04-01 00:53:57,F3,0.6503,OK,0
2026-04-01 00:54:07,F3,0.6502,OK,0
2026-04-01 00:54:18,F3,0.6502,OK,0
2026-04-01 00:54:28,F3,0.6502,OK,0
2026-04-01 00:54:38,F3,0.6501,OK,0
2026-04-01 00:54:48,F3,0.6501,OK,0
2026-04-01 00:54:59,F3,0.6501,OK,0
2026-04-01 00:55:09,F3,0.6500,OK,0
2026-04-01 00:55:19,F3,0.6500,OK,0
2026-04-01 00:55:29,F3,0.6500,OK,0
2026-04-01 00:55:40,F3,0.6500,OK,0
2026-04-01 00:55:50,F3,0.6499,OK,0
2026-04-01 00:56:00,F3,0.6499,OK,0
2026-04-01 00:56:11,F3,0.6499,OK,0
2026-04-01 00:56:21,F3,0.6499,OK,0
2026-04-01 00:56:31,F3,0.6498,OK,0
2026-04-01 00:56:41,F3,0.6498,OK,0
2026-04-01 00:56:52,F3,0.6498,OK,0
2026-04-01 00:57:02,F3,0.6498,OK,0
2026-04-01 00:57:12,F3,0.6498,OK,0
2026-04-01 00:57:22,F3,0.6497,OK,0
2026-04-01 00:57:33,F3,0.6497,OK,0
2026-04-01 00:57:43,F3,0.6497,OK,0
2026-04-01 00:57:53,F3,0.6497,OK,0
2026-04-01 00:58:03,F3,0.6497,OK,0
2026-04-01 00:58:14,F3,0.6496,OK,0
2026-04-01 00:58:24,F3,0.6496,OK,0
2026-04-01 00:58:34,F3,0.6496,OK,0
2026-04-01 00:58:45,F3,0.6496,OK,0
2026-04-01 00:58:55,F3,0.6496,OK,0
2026-04-01 00:59:05,F3,0.6496,OK,0
2026-04-01 00:59:15,F3,0.6495,OK,0
2026-04-01 00:59:25,F3,0.6495,OK,0
2026-04-01 00:59:36,F3,0.6495,OK,0
2026-04-01 00:59:46,F3,0.6495,OK,0
2026-04-01 00:59:56,F3,0.6495,OK,0
2026-04-01 01:00:07,F3,0.6495,OK,0
2026-04-01 01:00:17,F3,0.6495,OK,0
2026-04-01 01:00:27,F3,0.6494,OK,0
2026-04-01 01:00:37,F3,0.6494,OK,0
2026-04-01 01:00:48,F3,0.6494,OK,0
2026-04-01 01:00:58,F3,0.6494,OK,0
2026-04-01 01:01:08,F3,0.6494,OK,0
2026-04-01 01:01:18,F3,0.6494,OK,0
2026-04-01 01:01:29,F3,0.6493,OK,0
2026-04-01 01:01:39,F3,0.6493,OK,0
2026-04-01 01:01:49,F3,0.6493,OK,0
2026-04-01 01:01:59,F3,0.6493,OK,0
2026-04-01 01:02:10,F3,0.6493,OK,0
2026-04-01 01:02:20,F3,0.6493,OK,0
2026-04-01 01:02:30,F3,0.6493,OK,0
2026-04-01 01:02:40,F3,0.6493,OK,0
2026-04-01 01:02:51,F3,0.6493,OK,0
2026-04-01 01:03:01,F3,0.6493,OK,0
2026-04-01 01:03:11,F3,0.6492,OK,0
2026-04-01 01:03:21,F3,0.6492,OK,0
2026-04-01 01:03:32,F3,0.6492,OK,0
2026-04-01 01:03:42,F3,0.6492,OK,0
2026-04-01 01:03:52,F3,0.6492,OK,0
2026-04-01 01:04:03,F3,0.6492,OK,0
2026-04-01 01:04:13,F3,0.6492,OK,0
2026-04-01 01:04:23,F3,0.6492,OK,0
2026-04-01 01:04:33,F3,0.6492,OK,0
2026-04-01 01:04:44,F3,0.6492,OK,0
2026-04-01 01:04:54,F3,0.6492,OK,0
2026-04-01 01:05:04,F3,0.6492,OK,0
2026-04-01 01:05:14,F3,0.6493,OK,0
2026-04-01 01:05:25,F3,0.6493,OK,0
2026-04-01 01:05:35,F3,0.6493,OK,0
2026-04-01 01:05:45,F3,0.6493,OK,0
2026-04-01 01:05:55,F3,0.6493,OK,0
2026-04-01 01:06:06,F3,0.6493,OK,0
2026-04-01 01:06:16,F3,0.6493,OK,0
2026-04-01 01:06:26,F3,0.6493,OK,0
2026-04-01 01:06:36,F3,0.6493,OK,0
2026-04-01 01:06:47,F3,0.6493,OK,0
2026-04-01 01:06:57,F3,0.6493,OK,0
2026-04-01 01:07:07,F3,0.6493,OK,0
2026-04-01 01:07:17,F3,0.6493,OK,0
2026-04-01 01:07:28,F3,0.6493,OK,0
2026-04-01 01:07:38,F3,0.6494,OK,0
2026-04-01 01:07:48,F3,0.6494,OK,0
2026-04-01 01:07:58,F3,0.6494,OK,0
2026-04-01 01:08:09,F3,0.6494,OK,0
2026-04-01 01:08:19,F3,0.6494,OK,0
2026-04-01 01:08:29,F3,0.6494,OK,0
2026-04-01 01:08:39,F3,0.6494,OK,0
2026-04-01 01:08:50,F3,0.6494,OK,0
2026-04-01 01:09:00,F3,0.6494,OK,0
2026-04-01 01:09:10,F3,0.6494,OK,0
2026-04-01 01:09:21,F3,0.6494,OK,0
2026-04-01 01:09:31,F3,0.6494,OK,0
2026-04-01 01:09:41,F3,0.6494,OK,0
2026-04-01 01:09:51,F3,0.6494,OK,0
2026-04-01 01:10:02,F3,0.6495,OK,0
2026-04-01 01:10:12,F3,0.6495,OK,0
2026-04-01 01:10:22,F3,0.6495,OK,0
2026-04-01 01:10:32,F3,0.6495,OK,0
2026-04-01 01:10:43,F3,0.6495,OK,0
2026-04-01 01:10:53,F3,0.6495,OK,0
2026-04-01 01:11:03,F3,0.6495,OK,0
2026-04-01 01:11:13,F3,0.6495,OK,0
2026-04-01 01:11:24,F3,0.6495,OK,0
2026-04-01 01:11:34,F3,0.6495,OK,0
2026-04-01 01:11:44,F3,0.6495,OK,0
2026-04-01 01:11:55,F3,0.6496,OK,0
2026-04-01 01:12:05,F3,0.6496,OK,0
2026-04-01 01:12:15,F3,0.6496,OK,0
2026-04-01 01:12:25,F3,0.6496,OK,0
2026-04-01 01:12:36,F3,0.6496,OK,0
2026-04-01 01:12:46,F3,0.6496,OK,0
2026-04-01 01:12:56,F3,0.6497,OK,0
2026-04-01 01:13:06,F3,0.6497,OK,1
2026-04-01 01:13:17,F3,0.6497,OK,1
2026-04-01 01:13:27,F3,0.6497,OK,1
2026-04-01 01:13:37,F3,0.6497,OK,1
2026-04-01 01:13:47,F3,0.6498,OK,1
2026-04-01 01:13:58,F3,0.6498,OK,0
2026-04-01 01:14:08,F3,0.6498,Bajo rango,0
2026-04-01 01:14:18,F3,0.6499,Bajo rango,0
2026-04-01 01:14:29,F3,0.6499,Bajo rango,0
2026-04-01 01:14:39,F3,0.6499,Bajo rango,0
2026-04-01 01:14:49,F3,0.6499,Bajo rango,0
2026-04-01 01:14:59,F3,0.6500,Bajo rango,0
2026-04-01 01:15:10,F3,0.6500,Bajo rango,0
2026-04-01 01:15:20,F3,0.6500,Bajo rango,0
2026-04-01 01:15:30,F3,0.6500,OK,0
2026-04-01 01:15:40,F3,0.6501,OK,0
2026-04-01 01:15:51,F3,0.6501,OK,0
2026-04-01 01:16:01,F3,0.6501,OK,0
2026-04-01 01:16:11,F3,0.6501,OK,0
2026-04-01 01:16:21,F3,0.6501,OK,0
2026-04-01 01:16:32,F3,0.6501,OK,0
2026-04-01 01:16:42,F3,0.6501,OK,0
2026-04-01 01:16:52,F3,0.6501,OK,1
2026-04-01 01:17:03,F3,0.6501,OK,1
2026-04-01 01:17:13,F3,0.6501,OK,0
2026-04-01 01:17:23,F3,0.6501,OK,0
2026-04-01 01:17:33,F3,0.6501,OK,0
2026-04-01 01:17:44,F3,0.6501,OK,0
2026-04-01 01:17:54,F3,0.6500,OK,0
2026-04-01 01:18:04,F3,0.6500,OK,0
2026-04-01 01:18:14,F3,0.6500,OK,0
2026-04-01 01:18:25,F3,0.6499,OK,0
2026-04-01 01:18:35,F3,0.6499,OK,0
2026-04-01 01:18:45,F3,0.6498,OK,0
2026-04-01 01:18:55,F3,0.6498,OK,0
2026-04-01 01:19:06,F3,0.6497,OK,0
2026-04-01 01:19:16,F3,0.6497,OK,0
2026-04-01 01:19:26,F3,0.6496,OK,0
2026-04-01 01:19:37,F3,0.6496,OK,0
2026-04-01 01:19:47,F3,0.6495,OK,0
2026-04-01 01:19:57,F3,0.6494,OK,0
2026-04-01 01:20:07,F3,0.6494,OK,0
2026-04-01 01:20:18,F3,0.6493,OK,0
2026-04-01 01:20:28,F3,0.6492,OK,0
2026-04-01 01:20:38,F3,0.6491,OK,0
2026-04-01 01:20:48,F3,0.6491,OK,0
2026-04-01 01:20:59,F3,0.6490,OK,0
2026-04-01 01:21:09,F3,0.6489,OK,0
2026-04-01 01:21:19,F3,0.6488,OK,0
2026-04-01 01:21:29,F3,0.6488,OK,0
2026-04-01 01:21:40,F3,0.6487,OK,0
2026-04-01 01:21:50,F3,0.6486,OK,0
2026-04-01 01:22:00,F3,0.6485,OK,0
2026-04-01 01:22:11,F3,0.6484,OK,0
2026-04-01 01:22:21,F3,0.6484,OK,0
2026-04-01 01:22:31,F3,0.6483,OK,0
2026-04-01 01:22:41,F3,0.6482,OK,0
2026-04-01 01:22:52,F3,0.6481,OK,0
2026-04-01 01:23:02,F3,0.6480,OK,0
2026-04-01 01:23:12,F3,0.6479,OK,0
2026-04-01 01:23:22,F3,0.6479,OK,0
2026-04-01 01:23:33,F3,0.6478,OK,0
2026-04-01 01:23:43,F3,0.6477,OK,0
2026-04-01 01:23:53,F3,0.6476,OK,0
2026-04-01 01:24:04,F3,0.6475,OK,0
2026-04-01 01:24:14,F3,0.6475,OK,0
2026-04-01 01:24:24,F3,0.6474,OK,0
2026-04-01 01:24:34,F3,0.6473,OK,0
2026-04-01 01:24:45,F3,0.6472,OK,0
2026-04-01 01:24:55,F3,0.6471,OK,0
2026-04-01 01:25:05,F3,0.6471,OK,0
2026-04-01 01:25:15,F3,0.6470,OK,0
2026-04-01 01:25:26,F3,0.6469,OK,0
2026-04-01 01:25:36,F3,0.6468,OK,0
2026-04-01 01:25:46,F3,0.6467,OK,0
2026-04-01 01:25:56,F3,0.6467,OK,0
2026-04-01 01:26:07,F3,0.6466,OK,0
2026-04-01 01:26:17,F3,0.6465,OK,0
2026-04-01 01:26:27,F3,0.6464,OK,0
2026-04-01 01:26:38,F3,0.6463,OK,0
2026-04-01 01:26:48,F3,0.6463,OK,0
2026-04-01 01:26:58,F3,0.6462,OK,0
2026-04-01 01:27:08,F3,0.6461,OK,0
2026-04-01 01:27:19,F3,0.6460,OK,0
2026-04-01 01:27:29,F3,0.6460,OK,0
2026-04-01 01:27:39,F3,0.6459,OK,0
2026-04-01 01:27:49,F3,0.6458,OK,0
2026-04-01 01:28:00,F3,0.6457,OK,0
2026-04-01 01:28:10,F3,0.6456,OK,0
2026-04-01 01:28:20,F3,0.6455,OK,0
2026-04-01 01:28:31,F3,0.6455,OK,0
2026-04-01 01:28:41,F3,0.6454,OK,0
2026-04-01 01:28:51,F3,0.6453,OK,0
2026-04-01 01:29:01,F3,0.6452,OK,0
2026-04-01 01:29:12,F3,0.6451,OK,0
2026-04-01 01:29:22,F3,0.6451,OK,0
2026-04-01 01:29:32,F3,0.6450,OK,0
2026-04-01 01:29:42,F3,0.6449,OK,0
2026-04-01 01:29:53,F3,0.6448,OK,0
2026-04-01 01:30:03,F3,0.6447,OK,0
2026-04-01 01:30:13,F3,0.6447,OK,0
2026-04-01 01:30:24,F3,0.6446,OK,0
2026-04-01 01:30:34,F3,0.6445,OK,0
2026-04-01 01:30:44,F3,0.6444,OK,0
2026-04-01 01:30:54,F3,0.6443,OK,0
2026-04-01 01:31:05,F3,0.6443,OK,0
2026-04-01 01:31:15,F3,0.6442,OK,0
2026-04-01 01:31:25,F3,0.6441,OK,0
2026-04-01 01:31:36,F3,0.6440,OK,0
2026-04-01 01:31:46,F3,0.6440,OK,0
2026-04-01 01:31:56,F3,0.6439,OK,0
2026-04-01 01:32:06,F3,0.6438,OK,0
2026-04-01 01:32:17,F3,0.6437,OK,0
2026-04-01 01:32:27,F3,0.6437,OK,0
2026-04-01 01:32:37,F3,0.6436,OK,0
2026-04-01 01:32:47,F3,0.6435,OK,0
2026-04-01 01:32:58,F3,0.6435,OK,0
2026-04-01 01:33:08,F3,0.6434,OK,0
2026-04-01 01:33:18,F3,0.6434,OK,0
2026-04-01 01:33:28,F3,0.6433,OK,0
2026-04-01 01:33:39,F3,0.6432,OK,0
2026-04-01 01:33:49,F3,0.6432,OK,0
2026-04-01 01:33:59,F3,0.6431,OK,0
2026-04-01 01:34:09,F3,0.6431,OK,0
2026-04-01 01:34:20,F3,0.6430,OK,0
2026-04-01 01:34:30,F3,0.6430,OK,0
2026-04-01 01:34:40,F3,0.6429,OK,0
2026-04-01 01:34:51,F3,0.6429,OK,0
2026-04-01 01:35:01,F3,0.6428,OK,0
2026-04-01 01:35:11,F3,0.6428,OK,0
2026-04-01 01:35:21,F3,0.6427,OK,0
2026-04-01 01:35:32,F3,0.6427,OK,0
2026-04-01 01:35:42,F3,0.6427,OK,0
2026-04-01 01:35:52,F3,0.6426,OK,0
2026-04-01 01:36:03,F3,0.6426,OK,0
2026-04-01 01:36:13,F3,0.6425,OK,0
2026-04-01 01:36:23,F3,0.6425,OK,0
2026-04-01 01:36:33,F3,0.6425,OK,0
2026-04-01 01:36:44,F3,0.6424,OK,0
2026-04-01 01:36:54,F3,0.6424,OK,0
2026-04-01 01:37:04,F3,0.6424,OK,0
2026-04-01 01:37:14,F3,0.6423,OK,0
2026-04-01 01:37:25,F3,0.6423,OK,0
2026-04-01 01:37:35,F3,0.6423,OK,0
2026-04-01 01:37:45,F3,0.6422,OK,0
2026-04-01 01:37:55,F3,0.6422,OK,0
2026-04-01 01:38:06,F3,0.6422,OK,0
2026-04-01 01:38:16,F3,0.6421,OK,0
2026-04-01 01:38:26,F3,0.6421,OK,0
2026-04-01 01:38:37,F3,0.6421,OK,0
2026-04-01 01:38:47,F3,0.6420,OK,0
2026-04-01 01:38:57,F3,0.6420,OK,0
2026-04-01 01:39:07,F3,0.6420,OK,0
2026-04-01 01:39:18,F3,0.6420,OK,0
2026-04-01 01:39:28,F3,0.6419,OK,0
2026-04-01 01:39:38,F3,0.6419,OK,0
2026-04-01 01:39:48,F3,0.6419,OK,0
2026-04-01 01:39:59,F3,0.6419,OK,0
2026-04-01 01:40:09,F3,0.6419,OK,0
2026-04-01 01:40:19,F3,0.6418,OK,0
2026-04-01 01:40:29,F3,0.6418,OK,0
2026-04-01 01:40:40,F3,0.6418,OK,0
2026-04-01 01:40:50,F3,0.6418,OK,0
2026-04-01 01:41:00,F3,0.6418,OK,0
2026-04-01 01:41:10,F3,0.6418,OK,0
2026-04-01 01:41:21,F3,0.6418,OK,0
2026-04-01 01:41:31,F3,0.6418,OK,0
2026-04-01 01:41:41,F3,0.6417,OK,0
2026-04-01 01:41:51,F3,0.6417,OK,0
2026-04-01 01:42:02,F3,0.6417,OK,0
2026-04-01 01:42:12,F3,0.6417,OK,0
2026-04-01 01:42:22,F3,0.6417,OK,0
2026-04-01 01:42:32,F3,0.6417,OK,0
2026-04-01 01:42:43,F3,0.6418,OK,0
2026-04-01 01:42:53,F3,0.6418,OK,0
2026-04-01 01:43:03,F3,0.6418,OK,0
2026-04-01 01:43:14,F3,0.6418,OK,0
2026-04-01 01:43:24,F3,0.6418,OK,0
2026-04-01 01:43:34,F3,0.6418,OK,0
2026-04-01 01:43:44,F3,0.6418,OK,0
2026-04-01 01:43:55,F3,0.6419,OK,0
2026-04-01 01:44:05,F3,0.6419,OK,0
2026-04-01 01:44:15,F3,0.6419,OK,0
2026-04-01 01:44:25,F3,0.6420,OK,0
2026-04-01 01:44:36,F3,0.6420,OK,0
2026-04-01 01:44:46,F3,0.6420,OK,0
2026-04-01 01:44:56,F3,0.6421,OK,0
2026-04-01 01:45:06,F3,0.6421,OK,0
2026-04-01 01:45:17,F3,0.6421,OK,0
2026-04-01 01:45:27,F3,0.6422,OK,0
2026-04-01 01:45:37,F3,0.6422,OK,0
2026-04-01 01:45:47,F3,0.6422,OK,0
2026-04-01 01:45:58,F3,0.6423,OK,0
2026-04-01 01:46:08,F3,0.6423,OK,0
2026-04-01 01:46:18,F3,0.6424,OK,0
2026-04-01 01:46:29,F3,0.6424,OK,0
2026-04-01 01:46:39,F3,0.6425,OK,0
2026-04-01 01:46:49,F3,0.6425,OK,0
2026-04-01 01:46:59,F3,0.6426,OK,0
2026-04-01 01:47:10,F3,0.6426,OK,0
2026-04-01 01:47:20,F3,0.6427,OK,0
2026-04-01 01:47:30,F3,0.6427,OK,0
2026-04-01 01:47:41,F3,0.6428,OK,0
2026-04-01 01:47:51,F3,0.6428,OK,0
2026-04-01 01:48:01,F3,0.6429,OK,0
2026-04-01 01:48:11,F3,0.6429,OK,0
2026-04-01 01:48:22,F3,0.6430,OK,0
2026-04-01 01:48:32,F3,0.6430,OK,0
2026-04-01 01:48:42,F3,0.6431,OK,0
2026-04-01 01:48:52,F3,0.6431,OK,0
2026-04-01 01:49:03,F3,0.6432,OK,0
2026-04-01 01:49:13,F3,0.6432,OK,0
2026-04-01 01:49:23,F3,0.6433,OK,0
2026-04-01 01:49:33,F3,0.6433,OK,0
2026-04-01 01:49:44,F3,0.6434,OK,0
2026-04-01 01:49:54,F3,0.6434,OK,0
2026-04-01 01:50:04,F3,0.6435,OK,0
2026-04-01 01:50:15,F3,0.6435,OK,0
2026-04-01 01:50:25,F3,0.6436,OK,0
2026-04-01 01:50:35,F3,0.6437,OK,0
2026-04-01 01:50:45,F3,0.6437,OK,0
2026-04-01 01:50:56,F3,0.6438,OK,0
2026-04-01 01:51:06,F3,0.6438,OK,0
2026-04-01 01:51:16,F3,0.6439,OK,0
2026-04-01 01:51:27,F3,0.6439,OK,0
2026-04-01 01:51:37,F3,0.6440,OK,0
2026-04-01 01:51:47,F3,0.6441,OK,0
2026-04-01 01:51:57,F3,0.6441,OK,0
2026-04-01 01:52:08,F3,0.6442,OK,0
2026-04-01 01:52:18,F3,0.6443,OK,0
2026-04-01 01:52:28,F3,0.6443,OK,0
2026-04-01 01:52:39,F3,0.6444,OK,0
2026-04-01 01:52:49,F3,0.6445,OK,0
2026-04-01 01:52:59,F3,0.6445,OK,0
2026-04-01 01:53:09,F3,0.6446,OK,0
2026-04-01 01:53:20,F3,0.6447,OK,0
2026-04-01 01:53:30,F3,0.6447,OK,0
2026-04-01 01:53:40,F3,0.6448,OK,0
2026-04-01 01:53:50,F3,0.6449,OK,0
2026-04-01 01:54:01,F3,0.6450,OK,0
2026-04-01 01:54:11,F3,0.6450,OK,0
2026-04-01 01:54:21,F3,0.6451,OK,0
2026-04-01 01:54:31,F3,0.6452,OK,0
2026-04-01 01:54:42,F3,0.6453,OK,0
2026-04-01 01:54:52,F3,0.6453,OK,0
2026-04-01 01:55:02,F3,0.6454,OK,0
2026-04-01 01:55:13,F3,0.6455,OK,0
2026-04-01 01:55:23,F3,0.6456,OK,0
2026-04-01 01:55:33,F3,0.6456,OK,0
2026-04-01 01:55:43,F3,0.6457,OK,0
2026-04-01 01:55:54,F3,0.6458,OK,0
2026-04-01 01:56:04,F3,0.6458,OK,0
2026-04-01 01:56:14,F3,0.6459,OK,0
2026-04-01 01:56:24,F3,0.6460,OK,0
2026-04-01 01:56:35,F3,0.6461,OK,0
2026-04-01 01:56:45,F3,0.6461,OK,0
2026-04-01 01:56:55,F3,0.6462,OK,0
2026-04-01 01:57:05,F3,0.6463,OK,0
2026-04-01 01:57:16,F3,0.6463,OK,0
2026-04-01 01:57:26,F3,0.6464,OK,0
2026-04-01 01:57:36,F3,0.6465,OK,0
2026-04-01 01:57:46,F3,0.6466,OK,0
2026-04-01 01:57:57,F3,0.6466,OK,0
2026-04-01 01:58:07,F3,0.6467,OK,0
2026-04-01 01:58:17,F3,0.6467,OK,0
2026-04-01 01:58:27,F3,0.6468,OK,0
2026-04-01 01:58:38,F3,0.6469,OK,0
2026-04-01 01:58:48,F3,0.6469,OK,0
2026-04-01 01:58:58,F3,0.6470,OK,0
2026-04-01 01:59:08,F3,0.6471,OK,0
2026-04-01 01:59:19,F3,0.6471,OK,0
2026-04-01 01:59:29,F3,0.6472,OK,0
2026-04-01 01:59:39,F3,0.6473,OK,0
2026-04-01 01:59:50,F3,0.6473,OK,0
2026-04-01 02:00:00,F3,0.6474,OK,0
2026-04-01 02:00:10,F3,0.6475,OK,0
2026-04-01 02:00:20,F3,0.6475,OK,0
2026-04-01 02:00:31,F3,0.6476,OK,0
2026-04-01 02:00:41,F3,0.6476,OK,0
2026-04-01 02:00:51,F3,0.6477,OK,0
2026-04-01 02:01:01,F3,0.6478,OK,0
2026-04-01 02:01:12,F3,0.6478,OK,0
2026-04-01 02:01:22,F3,0.6479,OK,0
2026-04-01 02:01:32,F3,0.6480,OK,0
2026-04-01 02:01:42,F3,0.6480,OK,0
2026-04-01 02:01:53,F3,0.6481,OK,0
2026-04-01 02:02:03,F3,0.6482,OK,0
2026-04-01 02:02:13,F3,0.6482,OK,0
2026-04-01 02:02:23,F3,0.6483,OK,0
2026-04-01 02:02:34,F3,0.6484,OK,0
2026-04-01 02:02:44,F3,0.6485,OK,0
2026-04-01 02:02:54,F3,0.6485,OK,0
2026-04-01 02:03:05,F3,0.6486,OK,0
2026-04-01 02:03:15,F3,0.6487,OK,0
2026-04-01 02:03:25,F3,0.6488,OK,0
2026-04-01 02:03:35,F3,0.6488,OK,0
2026-04-01 02:03:46,F3,0.6489,OK,0
2026-04-01 02:03:56,F3,0.6490,OK,0
2026-04-01 02:04:06,F3,0.6491,OK,0
2026-04-01 02:04:16,F3,0.6491,OK,0
2026-04-01 02:04:27,F3,0.6492,OK,0
2026-04-01 02:04:37,F3,0.6493,OK,0
2026-04-01 02:04:47,F3,0.6494,OK,0
2026-04-01 02:04:57,F3,0.6494,OK,0
2026-04-01 02:05:08,F3,0.6495,OK,0
2026-04-01 02:05:18,F3,0.6496,OK,0
2026-04-01 02:05:28,F3,0.6497,OK,0
2026-04-01 02:05:39,F3,0.6497,OK,0
2026-04-01 02:05:49,F3,0.6498,OK,0
2026-04-01 02:05:59,F3,0.6499,OK,0
2026-04-01 02:06:09,F3,0.6500,OK,0
2026-04-01 02:06:20,F3,0.6500,OK,0
2026-04-01 02:06:30,F3,0.6501,OK,0
2026-04-01 02:06:40,F3,0.6502,OK,0
2026-04-01 02:06:50,F3,0.6502,OK,0
2026-04-01 02:07:01,F3,0.6503,OK,0
2026-04-01 02:07:11,F3,0.6503,OK,0
2026-04-01 02:07:21,F3,0.6504,OK,0
2026-04-01 02:07:32,F3,0.6505,OK,0
2026-04-01 02:07:42,F3,0.6505,OK,0
2026-04-01 02:07:52,F3,0.6506,OK,0
2026-04-01 02:08:02,F3,0.6506,OK,0
2026-04-01 02:08:13,F3,0.6507,OK,0
2026-04-01 02:08:23,F3,0.6507,OK,0
2026-04-01 02:08:33,F3,0.6507,OK,0
2026-04-01 02:08:43,F3,0.6508,Bajo rango,0
2026-04-01 02:08:54,F3,0.6508,Bajo rango,0
2026-04-01 02:09:04,F3,0.6508,Bajo rango,0
2026-04-01 02:09:14,F3,0.6509,Bajo rango,0
2026-04-01 02:09:24,F3,0.6509,Bajo rango,0
2026-04-01 02:09:35,F3,0.6509,Bajo rango,0
2026-04-01 02:09:45,F3,0.6509,Bajo rango,0
2026-04-01 02:09:55,F3,0.6509,Bajo rango,0
2026-04-01 02:10:05,F3,0.6510,OK,0
2026-04-01 02:10:16,F3,0.6510,OK,0
2026-04-01 02:10:26,F3,0.6510,OK,0
2026-04-01 02:10:36,F3,0.6509,OK,0
2026-04-01 02:10:46,F3,0.6509,OK,0
2026-04-01 02:10:57,F3,0.6509,OK,0
2026-04-01 02:11:07,F3,0.6509,OK,0
2026-04-01 02:11:17,F3,0.6508,OK,0
2026-04-01 02:11:28,F3,0.6508,OK,0
2026-04-01 02:11:38,F3,0.6508,OK,0
2026-04-01 02:11:48,F3,0.6507,OK,0
2026-04-01 02:11:58,F3,0.6506,OK,0
2026-04-01 02:12:09,F3,0.6506,OK,0
2026-04-01 02:12:19,F3,0.6505,OK,0
2026-04-01 02:12:29,F3,0.6504,OK,0
2026-04-01 02:12:39,F3,0.6503,OK,0
2026-04-01 02:12:50,F3,0.6502,OK,0
2026-04-01 02:13:00,F3,0.6501,OK,0
2026-04-01 02:13:10,F3,0.6500,OK,0
2026-04-01 02:13:20,F3,0.6499,OK,0
2026-04-01 02:13:31,F3,0.6497,OK,0
2026-04-01 02:13:41,F3,0.6496,OK,0
2026-04-01 02:13:51,F3,0.6494,OK,0
2026-04-01 02:14:01,F3,0.6493,OK,0
2026-04-01 02:14:12,F3,0.6491,OK,0
2026-04-01 02:14:22,F3,0.6490,OK,0
2026-04-01 02:14:32,F3,0.6488,OK,0
2026-04-01 02:14:43,F3,0.6487,OK,0
2026-04-01 02:14:53,F3,0.6485,OK,0
2026-04-01 02:15:03,F3,0.6483,OK,0
2026-04-01 02:15:13,F3,0.6481,OK,0
2026-04-01 02:15:24,F3,0.6479,OK,0
2026-04-01 02:15:34,F3,0.6477,OK,0
2026-04-01 02:15:44,F3,0.6475,OK,0
2026-04-01 02:15:54,F3,0.6473,OK,0
2026-04-01 02:16:05,F3,0.6471,OK,0
2026-04-01 02:16:15,F3,0.6469,OK,0
2026-04-01 02:16:25,F3,0.6467,OK,0
2026-04-01 02:16:35,F3,0.6465,OK,0
2026-04-01 02:16:46,F3,0.6462,OK,0
2026-04-01 02:16:56,F3,0.6460,OK,0
2026-04-01 02:17:06,F3,0.6458,OK,0
2026-04-01 02:17:17,F3,0.6455,OK,0
2026-04-01 02:17:27,F3,0.6453,OK,0
2026-04-01 02:17:37,F3,0.6451,OK,0
2026-04-01 02:17:47,F3,0.6448,OK,0
2026-04-01 02:17:58,F3,0.6446,OK,0
2026-04-01 02:18:08,F3,0.6443,OK,0
2026-04-01 02:18:18,F3,0.6441,OK,0
2026-04-01 02:18:28,F3,0.6438,OK,0
2026-04-01 02:18:39,F3,0.6436,OK,0
2026-04-01 02:18:49,F3,0.6433,OK,0
2026-04-01 02:18:59,F3,0.6431,OK,0
2026-04-01 02:19:09,F3,0.6428,OK,0
2026-04-01 02:19:20,F3,0.6425,OK,0
2026-04-01 02:19:30,F3,0.6423,OK,0
2026-04-01 02:19:40,F3,0.6420,OK,0
2026-04-01 02:19:50,F3,0.6418,OK,0
2026-04-01 02:20:01,F3,0.6415,OK,0
2026-04-01 02:20:11,F3,0.6412,OK,0
2026-04-01 02:20:21,F3,0.6410,OK,0
2026-04-01 02:20:31,F3,0.6407,OK,0
2026-04-01 02:20:42,F3,0.6405,OK,0
2026-04-01 02:20:52,F3,0.6402,OK,0
2026-04-01 02:21:02,F3,0.6399,OK,0
2026-04-01 02:21:13,F3,0.6397,OK,0
2026-04-01 02:21:23,F3,0.6394,OK,0
2026-04-01 02:21:33,F3,0.6391,OK,0
2026-04-01 02:21:44,F3,0.6389,OK,0
2026-04-01 02:21:54,F3,0.6386,OK,0
2026-04-01 02:22:04,F3,0.6383,OK,0
2026-04-01 02:22:14,F3,0.6381,OK,0
2026-04-01 02:22:25,F3,0.6378,OK,0
2026-04-01 02:22:35,F3,0.6375,OK,0
2026-04-01 02:22:45,F3,0.6373,OK,0
2026-04-01 02:22:55,F3,0.6370,OK,0
2026-04-01 02:23:06,F3,0.6367,OK,0
2026-04-01 02:23:16,F3,0.6365,OK,0
2026-04-01 02:23:26,F3,0.6362,OK,0
2026-04-01 02:23:36,F3,0.6359,OK,0
2026-04-01 02:23:47,F3,0.6356,OK,0
2026-04-01 02:23:57,F3,0.6354,OK,0
2026-04-01 02:24:07,F3,0.6351,OK,0
2026-04-01 02:24:18,F3,0.6348,OK,0
2026-04-01 02:24:28,F3,0.6346,OK,0
2026-04-01 02:24:38,F3,0.6343,OK,0
2026-04-01 02:24:48,F3,0.6340,OK,0
2026-04-01 02:24:59,F3,0.6337,OK,0
2026-04-01 02:25:09,F3,0.6335,OK,0
2026-04-01 02:25:19,F3,0.6332,OK,0
2026-04-01 02:25:30,F3,0.6329,OK,0
2026-04-01 02:25:40,F3,0.6326,OK,0
2026-04-01 02:25:50,F3,0.6324,OK,0
2026-04-01 02:26:00,F3,0.6321,OK,0
2026-04-01 02:26:11,F3,0.6318,OK,0
2026-04-01 02:26:21,F3,0.6316,OK,0
2026-04-01 02:26:31,F3,0.6313,OK,0
2026-04-01 02:26:41,F3,0.6310,OK,0
2026-04-01 02:26:52,F3,0.6307,OK,0
2026-04-01 02:27:02,F3,0.6305,OK,0
2026-04-01 02:27:12,F3,0.6302,OK,0
2026-04-01 02:27:22,F3,0.6299,OK,0
2026-04-01 02:27:33,F3,0.6297,OK,0
2026-04-01 02:27:43,F3,0.6294,OK,0
2026-04-01 02:27:53,F3,0.6291,OK,0
2026-04-01 02:28:03,F3,0.6289,OK,0
2026-04-01 02:28:14,F3,0.6286,OK,0
2026-04-01 02:28:24,F3,0.6283,OK,0
2026-04-01 02:28:34,F3,0.6281,OK,0
2026-04-01 02:28:45,F3,0.6278,OK,0
2026-04-01 02:28:55,F3,0.6276,OK,0
2026-04-01 02:29:05,F3,0.6273,OK,0
2026-04-01 02:29:15,F3,0.6271,OK,0
2026-04-01 02:29:26,F3,0.6268,OK,0
2026-04-01 02:29:36,F3,0.6265,OK,0
2026-04-01 02:29:46,F3,0.6263,OK,0
2026-04-01 02:29:56,F3,0.6261,OK,0
2026-04-01 02:30:07,F3,0.6258,OK,0
2026-04-01 02:30:17,F3,0.6256,OK,0
2026-04-01 02:30:27,F3,0.6253,OK,0
2026-04-01 02:30:37,F3,0.6251,OK,0
2026-04-01 02:30:48,F3,0.6248,OK,0
2026-04-01 02:30:58,F3,0.6246,OK,0
2026-04-01 02:31:08,F3,0.6244,OK,0
2026-04-01 02:31:19,F3,0.6241,OK,0
2026-04-01 02:31:29,F3,0.6239,OK,0
2026-04-01 02:31:39,F3,0.6237,OK,0
2026-04-01 02:31:49,F3,0.6235,OK,0
2026-04-01 02:32:00,F3,0.6232,OK,0
2026-04-01 02:32:10,F3,0.6230,OK,0
2026-04-01 02:32:20,F3,0.6228,OK,0
2026-04-01 02:32:30,F3,0.6225,OK,0
2026-04-01 02:32:41,F3,0.6223,OK,0
2026-04-01 02:32:51,F3,0.6221,OK,0
2026-04-01 02:33:01,F3,0.6219,OK,0
2026-04-01 02:33:11,F3,0.6217,OK,0
2026-04-01 02:33:22,F3,0.6214,OK,0
2026-04-01 02:33:32,F3,0.6212,OK,0
2026-04-01 02:33:42,F3,0.6210,OK,0
2026-04-01 02:33:53,F3,0.6208,OK,0
2026-04-01 02:34:03,F3,0.6206,OK,0
2026-04-01 02:34:13,F3,0.6203,OK,0
2026-04-01 02:34:23,F3,0.6201,OK,0
2026-04-01 02:34:34,F3,0.6199,OK,0
2026-04-01 02:34:44,F3,0.6197,OK,0
2026-04-01 02:34:54,F3,0.6195,OK,0
2026-04-01 02:35:04,F3,0.6193,OK,0
2026-04-01 02:35:15,F3,0.6191,OK,0
2026-04-01 02:35:25,F3,0.6189,OK,0
2026-04-01 02:35:35,F3,0.6187,OK,0
2026-04-01 02:35:45,F3,0.6185,OK,0
2026-04-01 02:35:56,F3,0.6183,OK,0
2026-04-01 02:36:06,F3,0.6181,OK,0
2026-04-01 02:36:16,F3,0.6179,OK,0
2026-04-01 02:36:27,F3,0.6177,OK,0
2026-04-01 02:36:37,F3,0.6175,OK,0
2026-04-01 02:36:47,F3,0.6173,OK,0
2026-04-01 02:36:57,F3,0.6172,OK,0
2026-04-01 02:37:08,F3,0.6170,OK,0
2026-04-01 02:37:18,F3,0.6168,OK,0
2026-04-01 02:37:28,F3,0.6166,OK,0
2026-04-01 02:37:39,F3,0.6165,OK,0
2026-04-01 02:37:49,F3,0.6163,OK,0
2026-04-01 02:37:59,F3,0.6161,OK,0
2026-04-01 02:38:09,F3,0.6160,OK,0
2026-04-01 02:38:20,F3,0.6158,OK,0
2026-04-01 02:38:30,F3,0.6156,OK,0
2026-04-01 02:38:40,F3,0.6155,OK,0
2026-04-01 02:38:50,F3,0.6153,OK,0
2026-04-01 02:39:01,F3,0.6152,OK,0
2026-04-01 02:39:11,F3,0.6150,OK,0
2026-04-01 02:39:21,F3,0.6149,OK,0
2026-04-01 02:39:32,F3,0.6147,OK,0
2026-04-01 02:39:42,F3,0.6146,OK,0
2026-04-01 02:39:52,F3,0.6145,OK,0
2026-04-01 02:40:02,F3,0.6143,OK,0
2026-04-01 02:40:13,F3,0.6142,OK,0
2026-04-01 02:40:23,F3,0.6140,OK,0
2026-04-01 02:40:33,F3,0.6139,OK,0
2026-04-01 02:40:43,F3,0.6138,OK,0
2026-04-01 02:40:54,F3,0.6136,OK,0
2026-04-01 02:41:04,F3,0.6135,OK,0
2026-04-01 02:41:14,F3,0.6134,OK,0
2026-04-01 02:41:24,F3,0.6133,OK,0
2026-04-01 02:41:35,F3,0.6131,OK,0
2026-04-01 02:41:45,F3,0.6130,OK,0
2026-04-01 02:41:55,F3,0.6129,OK,0
2026-04-01 02:42:05,F3,0.6128,OK,0
2026-04-01 02:42:16,F3,0.6127,OK,0
2026-04-01 02:42:26,F3,0.6125,OK,0
2026-04-01 02:42:36,F3,0.6124,OK,0
2026-04-01 02:42:47,F3,0.6123,OK,0
2026-04-01 02:42:57,F3,0.6122,OK,0
2026-04-01 02:43:07,F3,0.6121,OK,0
2026-04-01 02:43:17,F3,0.6120,OK,0
2026-04-01 02:43:28,F3,0.6119,OK,0
2026-04-01 02:43:38,F3,0.6118,OK,0
2026-04-01 02:43:48,F3,0.6117,OK,0
2026-04-01 02:43:59,F3,0.6116,OK,0
2026-04-01 02:44:09,F3,0.6115,OK,0
2026-04-01 02:44:19,F3,0.6115,OK,0
2026-04-01 02:44:29,F3,0.6114,OK,0
2026-04-01 02:44:40,F3,0.6113,OK,0
2026-04-01 02:44:50,F3,0.6112,OK,0
2026-04-01 02:45:00,F3,0.6111,OK,0
2026-04-01 02:45:11,F3,0.6111,OK,0
2026-04-01 02:45:21,F3,0.6110,OK,0
2026-04-01 02:45:31,F3,0.6109,OK,0
2026-04-01 02:45:41,F3,0.6109,OK,0
2026-04-01 02:45:52,F3,0.6108,OK,0
2026-04-01 02:46:02,F3,0.6108,OK,0
2026-04-01 02:46:12,F3,0.6107,OK,0
2026-04-01 02:46:22,F3,0.6107,OK,0
2026-04-01 02:46:33,F3,0.6106,OK,0
2026-04-01 02:46:43,F3,0.6106,OK,0
2026-04-01 02:46:53,F3,0.6105,OK,0
2026-04-01 02:47:03,F3,0.6105,OK,0
2026-04-01 02:47:14,F3,0.6104,OK,0
2026-04-01 02:47:24,F3,0.6104,OK,0
2026-04-01 02:47:34,F3,0.6104,OK,0
2026-04-01 02:47:44,F3,0.6103,OK,0
2026-04-01 02:47:55,F3,0.6103,OK,0
2026-04-01 02:48:05,F3,0.6103,OK,0
2026-04-01 02:48:15,F3,0.6102,OK,0
2026-04-01 02:48:26,F3,0.6102,OK,0
2026-04-01 02:48:36,F3,0.6102,OK,0
2026-04-01 02:48:46,F3,0.6102,OK,0
2026-04-01 02:48:56,F3,0.6102,OK,0
2026-04-01 02:49:07,F3,0.6101,OK,0
2026-04-01 02:49:17,F3,0.6101,OK,0
2026-04-01 02:49:27,F3,0.6101,OK,0
2026-04-01 02:49:37,F3,0.6101,OK,0
2026-04-01 02:49:48,F3,0.6101,OK,0
2026-04-01 02:49:58,F3,0.6101,OK,0
2026-04-01 02:50:08,F3,0.6101,OK,0
2026-04-01 02:50:18,F3,0.6100,OK,0
2026-04-01 02:50:29,F3,0.6100,OK,0
2026-04-01 02:50:39,F3,0.6100,OK,0
2026-04-01 02:50:49,F3,0.6100,OK,0
2026-04-01 02:51:00,F3,0.6100,OK,0
2026-04-01 02:51:10,F3,0.6100,OK,0
2026-04-01 02:51:20,F3,0.6101,OK,0
2026-04-01 02:51:30,F3,0.6101,OK,0
2026-04-01 02:51:41,F3,0.6101,OK,0
2026-04-01 02:51:51,F3,0.6101,OK,0
2026-04-01 02:52:01,F3,0.6101,OK,0
2026-04-01 02:52:12,F3,0.6101,OK,0
2026-04-01 02:52:22,F3,0.6101,OK,0
2026-04-01 02:52:32,F3,0.6102,OK,0
2026-04-01 02:52:42,F3,0.6102,OK,0
2026-04-01 02:52:53,F3,0.6102,OK,0
2026-04-01 02:53:03,F3,0.6103,OK,0
2026-04-01 02:53:13,F3,0.6103,OK,0
2026-04-01 02:53:23,F3,0.6103,OK,0
2026-04-01 02:53:34,F3,0.6104,OK,0
2026-04-01 02:53:44,F3,0.6104,OK,0
2026-04-01 02:53:54,F3,0.6104,OK,0
2026-04-01 02:54:04,F3,0.6105,OK,0
2026-04-01 02:54:15,F3,0.6105,OK,0
2026-04-01 02:54:25,F3,0.6106,OK,0
2026-04-01 02:54:35,F3,0.6106,OK,0
2026-04-01 02:54:46,F3,0.6107,OK,0
2026-04-01 02:54:56,F3,0.6107,OK,0
2026-04-01 02:55:06,F3,0.6108,OK,0
2026-04-01 02:55:16,F3,0.6109,OK,0
2026-04-01 02:55:27,F3,0.6109,OK,0
2026-04-01 02:55:37,F3,0.6110,OK,0
2026-04-01 02:55:47,F3,0.6110,OK,0
2026-04-01 02:55:58,F3,0.6111,OK,0
2026-04-01 02:56:08,F3,0.6112,OK,0
2026-04-01 02:56:18,F3,0.6112,OK,0
2026-04-01 02:56:28,F3,0.6113,OK,0
2026-04-01 02:56:39,F3,0.6114,OK,0
2026-04-01 02:56:49,F3,0.6114,OK,0
2026-04-01 02:56:59,F3,0.6115,OK,0
2026-04-01 02:57:09,F3,0.6116,OK,0
2026-04-01 02:57:20,F3,0.6116,OK,0
2026-04-01 02:57:30,F3,0.6117,OK,0
2026-04-01 02:57:40,F3,0.6118,OK,0
2026-04-01 02:57:51,F3,0.6119,OK,0
2026-04-01 02:58:01,F3,0.6119,OK,0
2026-04-01 02:58:11,F3,0.6120,OK,0
2026-04-01 02:58:21,F3,0.6121,OK,0
2026-04-01 02:58:32,F3,0.6122,OK,0
2026-04-01 02:58:42,F3,0.6123,OK,0
2026-04-01 02:58:52,F3,0.6123,OK,0
2026-04-01 02:59:02,F3,0.6124,OK,0
2026-04-01 02:59:13,F3,0.6125,OK,0
2026-04-01 02:59:23,F3,0.6126,OK,0
2026-04-01 02:59:33,F3,0.6127,OK,0
2026-04-01 02:59:43,F3,0.6128,OK,0
2026-04-01 02:59:54,F3,0.6129,OK,0
2026-04-01 03:00:04,F3,0.6130,OK,0
2026-04-01 03:00:14,F3,0.6131,OK,0
2026-04-01 03:00:25,F3,0.6132,OK,0
2026-04-01 03:00:35,F3,0.6133,OK,0
2026-04-01 03:00:45,F3,0.6134,OK,0
2026-04-01 03:00:55,F3,0.6135,OK,0
2026-04-01 03:01:06,F3,0.6136,OK,0
2026-04-01 03:01:16,F3,0.6137,OK,0
2026-04-01 03:01:26,F3,0.6138,OK,0
2026-04-01 03:01:36,F3,0.6139,OK,0
2026-04-01 03:01:47,F3,0.6140,OK,0
2026-04-01 03:01:57,F3,0.6142,OK,0
2026-04-01 03:02:07,F3,0.6143,OK,0
2026-04-01 03:02:18,F3,0.6144,OK,0
2026-04-01 03:02:28,F3,0.6145,OK,0
2026-04-01 03:02:38,F3,0.6146,OK,0
2026-04-01 03:02:48,F3,0.6148,OK,0
2026-04-01 03:02:59,F3,0.6149,OK,0
2026-04-01 03:03:09,F3,0.6150,OK,0
2026-04-01 03:03:19,F3,0.6151,OK,0
2026-04-01 03:03:29,F3,0.6153,OK,0
2026-04-01 03:03:40,F3,0.6154,OK,0
2026-04-01 03:03:50,F3,0.6155,OK,0
2026-04-01 03:04:00,F3,0.6156,OK,0
2026-04-01 03:04:11,F3,0.6158,OK,0
2026-04-01 03:04:21,F3,0.6159,OK,0
2026-04-01 03:04:31,F3,0.6160,OK,0
2026-04-01 03:04:41,F3,0.6162,OK,0
2026-04-01 03:04:52,F3,0.6163,OK,0
2026-04-01 03:05:02,F3,0.6164,OK,0
2026-04-01 03:05:12,F3,0.6166,OK,0
2026-04-01 03:05:23,F3,0.6167,OK,0
2026-04-01 03:05:33,F3,0.6168,OK,0
2026-04-01 03:05:43,F3,0.6170,OK,0
2026-04-01 03:05:53,F3,0.6171,OK,0
2026-04-01 03:06:04,F3,0.6172,OK,0
2026-04-01 03:06:14,F3,0.6174,OK,0
2026-04-01 03:06:24,F3,0.6175,OK,0
2026-04-01 03:06:34,F3,0.6176,OK,0
2026-04-01 03:06:45,F3,0.6178,OK,0
2026-04-01 03:06:55,F3,0.6179,OK,0
2026-04-01 03:07:05,F3,0.6180,OK,1
2026-04-01 03:07:15,F3,0.6182,OK,1
2026-04-01 03:07:26,F3,0.6183,OK,1
2026-04-01 03:07:36,F3,0.6185,OK,0
2026-04-01 03:07:46,F3,0.6186,OK,0
2026-04-01 03:07:57,F3,0.6187,OK,0
2026-04-01 03:08:07,F3,0.6189,OK,0
2026-04-01 03:08:17,F3,0.6190,OK,0
2026-04-01 03:08:27,F3,0.6192,OK,0
2026-04-01 03:08:38,F3,0.6193,OK,0
2026-04-01 03:08:48,F3,0.6194,Bajo rango,0
2026-04-01 03:08:58,F3,0.6196,Bajo rango,0
2026-04-01 03:09:09,F3,0.6197,Bajo rango,0
2026-04-01 03:09:19,F3,0.6199,Bajo rango,0
2026-04-01 03:09:29,F3,0.6200,Bajo rango,0
2026-04-01 03:09:39,F3,0.6201,Bajo rango,0
2026-04-01 03:09:50,F3,0.6203,Bajo rango,0
2026-04-01 03:10:00,F3,0.6204,Bajo rango,0
2026-04-01 03:10:10,F3,0.6206,OK,0
2026-04-01 03:10:20,F3,0.6207,OK,0
2026-04-01 03:10:31,F3,0.6208,OK,0
2026-04-01 03:10:41,F3,0.6209,OK,0
2026-04-01 03:10:51,F3,0.6211,OK,0
2026-04-01 03:11:02,F3,0.6212,OK,0
2026-04-01 03:11:12,F3,0.6213,OK,0
2026-04-01 03:11:22,F3,0.6214,OK,0
2026-04-01 03:11:32,F3,0.6215,OK,0
2026-04-01 03:11:43,F3,0.6216,OK,0
2026-04-01 03:11:53,F3,0.6217,OK,0
2026-04-01 03:12:03,F3,0.6218,OK,0
2026-04-01 03:12:14,F3,0.6219,OK,0
2026-04-01 03:12:24,F3,0.6220,OK,0
2026-04-01 03:12:34,F3,0.6221,OK,0
2026-04-01 03:12:44,F3,0.6221,OK,0
2026-04-01 03:12:55,F3,0.6222,OK,0
2026-04-01 03:13:05,F3,0.6223,OK,0
2026-04-01 03:13:15,F3,0.6224,OK,0
2026-04-01 03:13:25,F3,0.6224,OK,0
2026-04-01 03:13:36,F3,0.6225,OK,0
2026-04-01 03:13:46,F3,0.6225,OK,0
2026-04-01 03:13:56,F3,0.6226,OK,0
2026-04-01 03:14:07,F3,0.6226,OK,0
2026-04-01 03:14:17,F3,0.6227,OK,0
2026-04-01 03:14:27,F3,0.6227,OK,0
2026-04-01 03:14:37,F3,0.6228,OK,0
2026-04-01 03:14:48,F3,0.6228,OK,0
2026-04-01 03:14:58,F3,0.6229,OK,0
2026-04-01 03:15:08,F3,0.6229,OK,0
2026-04-01 03:15:18,F3,0.6229,OK,0
2026-04-01 03:15:29,F3,0.6230,OK,0
2026-04-01 03:15:39,F3,0.6230,OK,0
2026-04-01 03:15:49,F3,0.6230,OK,0
2026-04-01 03:15:59,F3,0.6231,OK,0
2026-04-01 03:16:10,F3,0.6231,OK,0
2026-04-01 03:16:20,F3,0.6231,OK,0
2026-04-01 03:16:30,F3,0.6232,OK,0
2026-04-01 03:16:41,F3,0.6232,OK,0
2026-04-01 03:16:51,F3,0.6232,OK,0
2026-04-01 03:17:01,F3,0.6233,OK,0
2026-04-01 03:17:11,F3,0.6233,OK,0
2026-04-01 03:17:22,F3,0.6233,OK,0
2026-04-01 03:17:32,F3,0.6234,OK,0
2026-04-01 03:17:42,F3,0.6234,OK,0
2026-04-01 03:17:52,F3,0.6234,OK,0
2026-04-01 03:18:03,F3,0.6234,OK,0
2026-04-01 03:18:13,F3,0.6235,OK,0
2026-04-01 03:18:23,F3,0.6235,OK,0
2026-04-01 03:18:33,F3,0.6235,OK,0
2026-04-01 03:18:44,F3,0.6236,OK,0
2026-04-01 03:18:54,F3,0.6236,OK,0
2026-04-01 03:19:04,F3,0.6236,OK,0
2026-04-01 03:19:14,F3,0.6237,OK,0
2026-04-01 03:19:25,F3,0.6237,OK,0
2026-04-01 03:19:35,F3,0.6238,OK,0
2026-04-01 03:19:45,F3,0.6238,OK,0
2026-04-01 03:19:56,F3,0.6238,OK,0
2026-04-01 03:20:06,F3,0.6239,OK,0
2026-04-01 03:20:16,F3,0.6239,OK,0
2026-04-01 03:20:26,F3,0.6239,OK,0
2026-04-01 03:20:37,F3,0.6240,OK,0
2026-04-01 03:20:47,F3,0.6240,OK,0
2026-04-01 03:20:57,F3,0.6241,OK,0
2026-04-01 03:21:07,F3,0.6241,OK,0
2026-04-01 03:21:18,F3,0.6241,OK,0
2026-04-01 03:21:28,F3,0.6242,OK,0
2026-04-01 03:21:38,F3,0.6242,OK,0
2026-04-01 03:21:49,F3,0.6242,OK,0
2026-04-01 03:21:59,F3,0.6243,OK,0
2026-04-01 03:22:09,F3,0.6243,OK,0
2026-04-01 03:22:19,F3,0.6244,OK,0
2026-04-01 03:22:30,F3,0.6244,OK,0
2026-04-01 03:22:40,F3,0.6244,OK,0
2026-04-01 03:22:50,F3,0.6245,OK,0
2026-04-01 03:23:01,F3,0.6245,OK,0
2026-04-01 03:23:11,F3,0.6246,OK,0
2026-04-01 03:23:21,F3,0.6246,OK,0
2026-04-01 03:23:31,F3,0.6246,OK,0
2026-04-01 03:23:42,F3,0.6247,OK,0
2026-04-01 03:23:52,F3,0.6247,OK,0
2026-04-01 03:24:02,F3,0.6248,OK,0
2026-04-01 03:24:12,F3,0.6248,OK,0
2026-04-01 03:24:23,F3,0.6249,OK,0
2026-04-01 03:24:33,F3,0.6249,OK,0
2026-04-01 03:24:43,F3,0.6250,OK,0
2026-04-01 03:24:54,F3,0.6250,OK,0
2026-04-01 03:25:04,F3,0.6251,OK,0
2026-04-01 03:25:14,F3,0.6252,OK,0
2026-04-01 03:25:24,F3,0.6252,OK,0
2026-04-01 03:25:35,F3,0.6253,OK,0
2026-04-01 03:25:45,F3,0.6253,OK,0
2026-04-01 03:25:55,F3,0.6254,OK,0
2026-04-01 03:26:05,F3,0.6255,OK,0
2026-04-01 03:26:16,F3,0.6255,OK,0
2026-04-01 03:26:26,F3,0.6256,OK,0
2026-04-01 03:26:36,F3,0.6257,OK,0
2026-04-01 03:26:47,F3,0.6257,OK,0
2026-04-01 03:26:57,F3,0.6258,OK,0
2026-04-01 03:27:07,F3,0.6259,OK,0
2026-04-01 03:27:17,F3,0.6260,OK,0
2026-04-01 03:27:28,F3,0.6260,OK,0
2026-04-01 03:27:38,F3,0.6261,OK,0
2026-04-01 03:27:48,F3,0.6262,OK,0
2026-04-01 03:27:58,F3,0.6263,OK,0
2026-04-01 03:28:09,F3,0.6264,OK,0
2026-04-01 03:28:19,F3,0.6264,OK,0
2026-04-01 03:28:29,F3,0.6265,OK,0
2026-04-01 03:28:39,F3,0.6266,OK,0
2026-04-01 03:28:50,F3,0.6267,OK,0
2026-04-01 03:29:00,F3,0.6268,OK,0
2026-04-01 03:29:10,F3,0.6269,OK,0
2026-04-01 03:29:20,F3,0.6270,OK,0
2026-04-01 03:29:31,F3,0.6270,OK,0
2026-04-01 03:29:41,F3,0.6271,OK,0
2026-04-01 03:29:51,F3,0.6272,OK,0
2026-04-01 03:30:02,F3,0.6273,OK,0
2026-04-01 03:30:12,F3,0.6274,OK,0
2026-04-01 03:30:22,F3,0.6275,OK,0
2026-04-01 03:30:32,F3,0.6276,OK,0
2026-04-01 03:30:43,F3,0.6277,OK,0
2026-04-01 03:30:53,F3,0.6278,OK,0
2026-04-01 03:31:03,F3,0.6279,OK,0
2026-04-01 03:31:13,F3,0.6280,OK,0
2026-04-01 03:31:24,F3,0.6281,OK,0
2026-04-01 03:31:34,F3,0.6282,OK,0
2026-04-01 03:31:44,F3,0.6283,OK,0
2026-04-01 03:31:55,F3,0.6284,OK,0
2026-04-01 03:32:05,F3,0.6285,OK,0
2026-04-01 03:32:15,F3,0.6286,OK,0
2026-04-01 03:32:25,F3,0.6287,OK,0
2026-04-01 03:32:36,F3,0.6288,OK,0
2026-04-01 03:32:46,F3,0.6289,OK,0
2026-04-01 03:32:56,F3,0.6291,OK,0
2026-04-01 03:33:06,F3,0.6292,OK,0
2026-04-01 03:33:17,F3,0.6293,OK,0
2026-04-01 03:33:27,F3,0.6294,OK,0
2026-04-01 03:33:37,F3,0.6295,OK,0
2026-04-01 03:33:48,F3,0.6297,OK,0
2026-04-01 03:33:58,F3,0.6298,OK,0
2026-04-01 03:34:08,F3,0.6299,OK,0
2026-04-01 03:34:18,F3,0.6301,OK,0
2026-04-01 03:34:29,F3,0.6302,OK,0
2026-04-01 03:34:39,F3,0.6303,OK,0
2026-04-01 03:34:49,F3,0.6305,OK,0
2026-04-01 03:34:59,F3,0.6306,OK,0
2026-04-01 03:35:10,F3,0.6307,OK,0
2026-04-01 03:35:20,F3,0.6309,OK,0
2026-04-01 03:35:30,F3,0.6310,OK,0
2026-04-01 03:35:41,F3,0.6312,OK,0
2026-04-01 03:35:51,F3,0.6313,OK,0
2026-04-01 03:36:01,F3,0.6315,OK,0
2026-04-01 03:36:11,F3,0.6316,OK,0
2026-04-01 03:36:22,F3,0.6318,OK,0
2026-04-01 03:36:32,F3,0.6319,OK,0
2026-04-01 03:36:42,F3,0.6321,OK,0
2026-04-01 03:36:52,F3,0.6322,OK,0
2026-04-01 03:37:03,F3,0.6324,OK,0
2026-04-01 03:37:13,F3,0.6325,OK,0
2026-04-01 03:37:23,F3,0.6327,OK,0
2026-04-01 03:37:33,F3,0.6328,OK,0
2026-04-01 03:37:44,F3,0.6330,OK,0
2026-04-01 03:37:54,F3,0.6331,OK,0
2026-04-01 03:38:04,F3,0.6333,OK,0
2026-04-01 03:38:14,F3,0.6335,OK,0
2026-04-01 03:38:25,F3,0.6336,OK,0
2026-04-01 03:38:35,F3,0.6338,OK,0
2026-04-01 03:38:45,F3,0.6339,OK,0
2026-04-01 03:38:56,F3,0.6341,OK,0
2026-04-01 03:39:06,F3,0.6343,OK,0
2026-04-01 03:39:16,F3,0.6344,OK,0
2026-04-01 03:39:26,F3,0.6346,OK,0
2026-04-01 03:39:37,F3,0.6348,OK,0
2026-04-01 03:39:47,F3,0.6349,OK,0
2026-04-01 03:39:57,F3,0.6351,OK,0
2026-04-01 03:40:07,F3,0.6353,OK,0
2026-04-01 03:40:18,F3,0.6355,OK,0
2026-04-01 03:40:28,F3,0.6356,OK,0
2026-04-01 03:40:38,F3,0.6358,OK,0
2026-04-01 03:40:48,F3,0.6360,OK,0
2026-04-01 03:40:59,F3,0.6362,OK,0
2026-04-01 03:41:09,F3,0.6363,OK,0
2026-04-01 03:41:19,F3,0.6365,OK,0
2026-04-01 03:41:29,F3,0.6367,OK,0
2026-04-01 03:41:40,F3,0.6369,OK,0
2026-04-01 03:41:50,F3,0.6371,OK,0
2026-04-01 03:42:00,F3,0.6373,OK,0
2026-04-01 03:42:11,F3,0.6375,OK,0
2026-04-01 03:42:21,F3,0.6377,OK,0
2026-04-01 03:42:31,F3,0.6379,OK,0
2026-04-01 03:42:41,F3,0.6380,OK,0
2026-04-01 03:42:52,F3,0.6382,OK,0
2026-04-01 03:43:02,F3,0.6384,OK,0
2026-04-01 03:43:12,F3,0.6386,OK,0
2026-04-01 03:43:22,F3,0.6388,OK,0
2026-04-01 03:43:33,F3,0.6390,OK,0
2026-04-01 03:43:43,F3,0.6392,OK,0
2026-04-01 03:43:53,F3,0.6394,OK,0
2026-04-01 03:44:04,F3,0.6396,OK,0
2026-04-01 03:44:14,F3,0.6398,OK,0
2026-04-01 03:44:24,F3,0.6400,OK,0
2026-04-01 03:44:34,F3,0.6402,OK,0
2026-04-01 03:44:45,F3,0.6404,OK,0
2026-04-01 03:44:55,F3,0.6406,OK,0
2026-04-01 03:45:05,F3,0.6408,OK,0
2026-04-01 03:45:15,F3,0.6410,OK,0
2026-04-01 03:45:26,F3,0.6412,OK,0
2026-04-01 03:45:36,F3,0.6414,OK,0
2026-04-01 03:45:46,F3,0.6416,OK,0
2026-04-01 03:45:56,F3,0.6418,OK,0
2026-04-01 03:46:07,F3,0.6420,OK,0
2026-04-01 03:46:17,F3,0.6422,OK,0
2026-04-01 03:46:27,F3,0.6424,OK,0
2026-04-01 03:46:37,F3,0.6426,OK,0
2026-04-01 03:46:48,F3,0.6428,OK,0
2026-04-01 03:46:58,F3,0.6430,OK,0
2026-04-01 03:47:08,F3,0.6432,OK,0
2026-04-01 03:47:18,F3,0.6434,OK,0
2026-04-01 03:47:29,F3,0.6436,OK,0
2026-04-01 03:47:39,F3,0.6438,OK,0
2026-04-01 03:47:49,F3,0.6440,OK,0
2026-04-01 03:48:00,F3,0.6442,OK,0
2026-04-01 03:48:10,F3,0.6444,OK,0
2026-04-01 03:48:20,F3,0.6446,OK,0
2026-04-01 03:48:30,F3,0.6448,OK,0
2026-04-01 03:48:41,F3,0.6450,OK,0
2026-04-01 03:48:51,F3,0.6452,OK,0
2026-04-01 03:49:01,F3,0.6454,OK,0
2026-04-01 03:49:11,F3,0.6456,OK,0
2026-04-01 03:49:22,F3,0.6458,OK,0
2026-04-01 03:49:32,F3,0.6460,OK,0
2026-04-01 03:49:42,F3,0.6462,OK,0
2026-04-01 03:49:53,F3,0.6464,OK,0
2026-04-01 03:50:03,F3,0.6466,OK,0
2026-04-01 03:50:13,F3,0.6468,OK,0
2026-04-01 03:50:23,F3,0.6470,OK,0
2026-04-01 03:50:34,F3,0.6473,OK,0
2026-04-01 03:50:44,F3,0.6475,OK,0
2026-04-01 03:50:54,F3,0.6477,OK,0
2026-04-01 03:51:04,F3,0.6479,OK,0
2026-04-01 03:51:15,F3,0.6481,OK,0
2026-04-01 03:51:25,F3,0.6483,OK,0
2026-04-01 03:51:35,F3,0.6485,OK,0
2026-04-01 03:51:45,F3,0.6487,OK,0
2026-04-01 03:51:56,F3,0.6489,OK,0
2026-04-01 03:52:06,F3,0.6491,OK,0
2026-04-01 03:52:16,F3,0.6493,OK,0
2026-04-01 03:52:27,F3,0.6495,OK,0
2026-04-01 03:52:37,F3,0.6497,OK,0
2026-04-01 03:52:47,F3,0.6499,OK,0
2026-04-01 03:52:57,F3,0.6501,OK,0
2026-04-01 03:53:08,F3,0.6503,OK,0
2026-04-01 03:53:18,F3,0.6505,OK,0
2026-04-01 03:53:28,F3,0.6507,OK,0
2026-04-01 03:53:38,F3,0.6509,OK,0
2026-04-01 03:53:49,F3,0.6511,OK,0
2026-04-01 03:53:59,F3,0.6513,OK,0
2026-04-01 03:54:09,F3,0.6515,OK,0
2026-04-01 03:54:20,F3,0.6517,OK,0
2026-04-01 03:54:30,F3,0.6519,OK,0
2026-04-01 03:54:40,F3,0.6521,OK,0
2026-04-01 03:54:50,F3,0.6523,OK,0
2026-04-01 03:55:01,F3,0.6525,OK,0
2026-04-01 03:55:11,F3,0.6527,OK,0
2026-04-01 03:55:21,F3,0.6529,OK,0
2026-04-01 03:55:32,F3,0.6531,OK,0
2026-04-01 03:55:42,F3,0.6533,OK,0
2026-04-01 03:55:52,F3,0.6535,OK,0
2026-04-01 03:56:02,F3,0.6537,OK,0
2026-04-01 03:56:13,F3,0.6539,OK,0
2026-04-01 03:56:23,F3,0.6541,OK,0
2026-04-01 03:56:33,F3,0.6543,OK,0
2026-04-01 03:56:43,F3,0.6545,OK,0
2026-04-01 03:56:54,F3,0.6547,OK,0
2026-04-01 03:57:04,F3,0.6549,OK,0
2026-04-01 03:57:14,F3,0.6551,OK,0
2026-04-01 03:57:24,F3,0.6553,OK,0
2026-04-01 03:57:35,F3,0.6555,OK,1
2026-04-01 03:57:45,F3,0.6557,OK,0
2026-04-01 03:57:55,F3,0.6558,OK,0
2026-04-01 03:58:05,F3,0.6560,OK,0
2026-04-01 03:58:16,F3,0.6562,OK,0
2026-04-01 03:58:26,F3,0.6564,OK,0
2026-04-01 03:58:36,F3,0.6566,OK,0
2026-04-01 03:58:47,F3,0.6568,OK,0
2026-04-01 03:58:57,F3,0.6570,Bajo rango,0
2026-04-01 03:59:07,F3,0.6572,Bajo rango,0
2026-04-01 03:59:17,F3,0.6574,Bajo rango,0
2026-04-01 03:59:28,F3,0.6575,Bajo rango,0
2026-04-01 03:59:38,F3,0.6577,Bajo rango,0
2026-04-01 03:59:48,F3,0.6579,Bajo rango,0
2026-04-01 03:59:58,F3,0.6581,Bajo rango,0
2026-04-01 04:00:09,F3,0.6582,OK,0
2026-04-01 04:00:19,F3,0.6584,OK,0
2026-04-01 04:00:29,F3,0.6586,OK,0
2026-04-01 04:00:39,F3,0.6587,OK,0
2026-04-01 04:00:50,F3,0.6589,OK,0
2026-04-01 04:01:00,F3,0.6590,OK,0
2026-04-01 04:01:10,F3,0.6592,OK,0
2026-04-01 04:01:20,F3,0.6593,OK,0
2026-04-01 04:01:31,F3,0.6594,OK,0
2026-04-01 04:01:41,F3,0.6596,OK,0
2026-04-01 04:01:51,F3,0.6597,OK,1
2026-04-01 04:02:02,F3,0.6598,OK,1
2026-04-01 04:02:12,F3,0.6599,OK,1
2026-04-01 04:02:22,F3,0.6600,OK,0
2026-04-01 04:02:32,F3,0.6601,OK,0
2026-04-01 04:02:43,F3,0.6601,OK,0
2026-04-01 04:02:53,F3,0.6602,OK,0
2026-04-01 04:03:03,F3,0.6603,OK,0
2026-04-01 04:03:14,F3,0.6603,OK,0
2026-04-01 04:03:24,F3,0.6604,OK,0
2026-04-01 04:03:34,F3,0.6604,OK,0
2026-04-01 04:03:44,F3,0.6605,OK,0
2026-04-01 04:03:55,F3,0.6605,OK,0
2026-04-01 04:04:05,F3,0.6605,OK,0
2026-04-01 04:04:15,F3,0.6606,OK,0
2026-04-01 04:04:25,F3,0.6606,OK,0
2026-04-01 04:04:36,F3,0.6606,OK,0
2026-04-01 04:04:46,F3,0.6606,OK,0
2026-04-01 04:04:56,F3,0.6606,OK,0
2026-04-01 04:05:07,F3,0.6606,OK,0
2026-04-01 04:05:17,F3,0.6606,OK,0
2026-04-01 04:05:27,F3,0.6606,OK,0
2026-04-01 04:05:37,F3,0.6606,OK,0
2026-04-01 04:05:48,F3,0.6605,OK,0
2026-04-01 04:05:58,F3,0.6605,OK,0
2026-04-01 04:06:08,F3,0.6605,OK,0
2026-04-01 04:06:18,F3,0.6604,OK,0
2026-04-01 04:06:29,F3,0.6604,OK,0
2026-04-01 04:06:39,F3,0.6603,OK,0
2026-04-01 04:06:49,F3,0.6603,OK,0
2026-04-01 04:07:00,F3,0.6602,OK,0
2026-04-01 04:07:10,F3,0.6602,OK,0
2026-04-01 04:07:20,F3,0.6601,OK,0
2026-04-01 04:07:30,F3,0.6600,OK,0
2026-04-01 04:07:41,F3,0.6600,OK,0
2026-04-01 04:07:51,F3,0.6599,OK,0
2026-04-01 04:08:01,F3,0.6598,OK,0
2026-04-01 04:08:11,F3,0.6597,OK,0
2026-04-01 04:08:22,F3,0.6597,OK,0
2026-04-01 04:08:32,F3,0.6596,OK,0
2026-04-01 04:08:42,F3,0.6595,OK,0
2026-04-01 04:08:52,F3,0.6594,OK,0
2026-04-01 04:09:03,F3,0.6593,OK,0
2026-04-01 04:09:13,F3,0.6592,OK,0
2026-04-01 04:09:23,F3,0.6591,OK,0
2026-04-01 04:09:33,F3,0.6590,OK,0
2026-04-01 04:09:44,F3,0.6588,OK,0
2026-04-01 04:09:54,F3,0.6587,OK,0
2026-04-01 04:10:04,F3,0.6586,OK,0
2026-04-01 04:10:15,F3,0.6585,OK,0
2026-04-01 04:10:25,F3,0.6584,OK,0
2026-04-01 04:10:35,F3,0.6583,OK,0
2026-04-01 04:10:45,F3,0.6581,OK,0
2026-04-01 04:10:56,F3,0.6580,OK,0
2026-04-01 04:11:06,F3,0.6579,OK,0
2026-04-01 04:11:16,F3,0.6578,OK,0
2026-04-01 04:11:26,F3,0.6576,OK,0
2026-04-01 04:11:37,F3,0.6575,OK,0
2026-04-01 04:11:47,F3,0.6574,OK,0
2026-04-01 04:11:57,F3,0.6572,OK,0
2026-04-01 04:12:07,F3,0.6571,OK,0
2026-04-01 04:12:18,F3,0.6570,OK,0
2026-04-01 04:12:28,F3,0.6568,OK,0
2026-04-01 04:12:38,F3,0.6567,OK,0
2026-04-01 04:12:49,F3,0.6566,OK,0
2026-04-01 04:12:59,F3,0.6564,OK,0
2026-04-01 04:13:09,F3,0.6563,OK,0
2026-04-01 04:13:19,F3,0.6562,OK,0
2026-04-01 04:13:30,F3,0.6560,OK,0
2026-04-01 04:13:40,F3,0.6559,OK,0
2026-04-01 04:13:50,F3,0.6557,OK,0
2026-04-01 04:14:00,F3,0.6556,OK,0
2026-04-01 04:14:11,F3,0.6555,OK,0
2026-04-01 04:14:21,F3,0.6553,OK,0
2026-04-01 04:14:31,F3,0.6552,OK,0
2026-04-01 04:14:41,F3,0.6550,OK,0
2026-04-01 04:14:52,F3,0.6549,OK,0
2026-04-01 04:15:02,F3,0.6547,OK,0
2026-04-01 04:15:12,F3,0.6546,OK,0
2026-04-01 04:15:23,F3,0.6545,OK,0
2026-04-01 04:15:33,F3,0.6543,OK,0
2026-04-01 04:15:43,F3,0.6542,OK,0
2026-04-01 04:15:53,F3,0.6540,OK,0
2026-04-01 04:16:04,F3,0.6539,OK,0
2026-04-01 04:16:14,F3,0.6537,OK,0
2026-04-01 04:16:24,F3,0.6536,OK,0
2026-04-01 04:16:34,F3,0.6534,OK,0
2026-04-01 04:16:45,F3,0.6533,OK,0
2026-04-01 04:16:55,F3,0.6531,OK,0
2026-04-01 04:17:05,F3,0.6530,OK,0
2026-04-01 04:17:16,F3,0.6528,OK,0
2026-04-01 04:17:26,F3,0.6527,OK,0
2026-04-01 04:17:36,F3,0.6525,OK,0
2026-04-01 04:17:46,F3,0.6524,OK,0
2026-04-01 04:17:57,F3,0.6523,OK,0
2026-04-01 04:18:07,F3,0.6521,OK,0
2026-04-01 04:18:17,F3,0.6520,OK,0
2026-04-01 04:18:27,F3,0.6518,OK,0
2026-04-01 04:18:38,F3,0.6517,OK,0
2026-04-01 04:18:48,F3,0.6516,OK,0
2026-04-01 04:18:58,F3,0.6514,OK,0
2026-04-01 04:19:09,F3,0.6513,OK,0
2026-04-01 04:19:19,F3,0.6512,OK,0
2026-04-01 04:19:29,F3,0.6510,OK,0
2026-04-01 04:19:39,F3,0.6509,OK,0
2026-04-01 04:19:50,F3,0.6508,OK,0
2026-04-01 04:20:00,F3,0.6506,OK,0
2026-04-01 04:20:10,F3,0.6505,OK,0
2026-04-01 04:20:20,F3,0.6504,OK,0
2026-04-01 04:20:31,F3,0.6503,OK,0
2026-04-01 04:20:41,F3,0.6501,OK,0
2026-04-01 04:20:51,F3,0.6500,OK,0
2026-04-01 04:21:02,F3,0.6499,OK,0
2026-04-01 04:21:12,F3,0.6498,OK,0
2026-04-01 04:21:22,F3,0.6496,OK,0
2026-04-01 04:21:32,F3,0.6495,OK,0
2026-04-01 04:21:43,F3,0.6494,OK,0
2026-04-01 04:21:53,F3,0.6493,OK,0
2026-04-01 04:22:03,F3,0.6492,OK,0
2026-04-01 04:22:13,F3,0.6491,OK,0
2026-04-01 04:22:24,F3,0.6489,OK,0
2026-04-01 04:22:34,F3,0.6488,OK,0
2026-04-01 04:22:44,F3,0.6487,OK,0
2026-04-01 04:22:54,F3,0.6486,OK,0
2026-04-01 04:23:05,F3,0.6485,OK,0
2026-04-01 04:23:15,F3,0.6484,OK,0
2026-04-01 04:23:25,F3,0.6483,OK,0
2026-04-01 04:23:36,F3,0.6482,OK,0
2026-04-01 04:23:46,F3,0.6481,OK,0
2026-04-01 04:23:56,F3,0.6479,OK,0
2026-04-01 04:24:06,F3,0.6478,OK,0
2026-04-01 04:24:17,F3,0.6477,OK,0
2026-04-01 04:24:27,F3,0.6476,OK,0
2026-04-01 04:24:37,F3,0.6475,OK,0
2026-04-01 04:24:48,F3,0.6474,OK,0
2026-04-01 04:24:58,F3,0.6473,OK,0
2026-04-01 04:25:08,F3,0.6472,OK,0
2026-04-01 04:25:18,F3,0.6471,OK,0
2026-04-01 04:25:29,F3,0.6470,OK,0
2026-04-01 04:25:39,F3,0.6469,OK,0
2026-04-01 04:25:49,F3,0.6468,OK,0
2026-04-01 04:25:59,F3,0.6467,OK,0
2026-04-01 04:26:10,F3,0.6466,OK,0
2026-04-01 04:26:20,F3,0.6465,OK,0
2026-04-01 04:26:30,F3,0.6464,OK,0
2026-04-01 04:26:41,F3,0.6463,OK,0
2026-04-01 04:26:51,F3,0.6462,OK,0
2026-04-01 04:27:01,F3,0.6462,OK,0
2026-04-01 04:27:11,F3,0.6461,OK,0
2026-04-01 04:27:22,F3,0.6460,OK,0
2026-04-01 04:27:32,F3,0.6459,OK,0
2026-04-01 04:27:42,F3,0.6458,OK,0
2026-04-01 04:27:52,F3,0.6458,OK,0
2026-04-01 04:28:03,F3,0.6457,OK,0
2026-04-01 04:28:13,F3,0.6456,OK,0
2026-04-01 04:28:23,F3,0.6455,OK,0
2026-04-01 04:28:33,F3,0.6455,OK,0
2026-04-01 04:28:44,F3,0.6454,OK,0
2026-04-01 04:28:54,F3,0.6453,OK,0
2026-04-01 04:29:04,F3,0.6453,OK,0
2026-04-01 04:29:15,F3,0.6452,OK,0
2026-04-01 04:29:25,F3,0.6451,OK,0
2026-04-01 04:29:35,F3,0.6451,OK,0
2026-04-01 04:29:45,F3,0.6450,OK,0
2026-04-01 04:29:56,F3,0.6449,OK,0
2026-04-01 04:30:06,F3,0.6449,OK,0
2026-04-01 04:30:16,F3,0.6448,OK,0
2026-04-01 04:30:26,F3,0.6448,OK,0
2026-04-01 04:30:37,F3,0.6447,OK,0
2026-04-01 04:30:47,F3,0.6447,OK,0
2026-04-01 04:30:57,F3,0.6446,OK,0
2026-04-01 04:31:07,F3,0.6445,OK,0
2026-04-01 04:31:18,F3,0.6445,OK,0
2026-04-01 04:31:28,F3,0.6444,OK,0
2026-04-01 04:31:38,F3,0.6444,OK,0
2026-04-01 04:31:48,F3,0.6443,OK,0
2026-04-01 04:31:59,F3,0.6443,OK,0
2026-04-01 04:32:09,F3,0.6442,OK,0
2026-04-01 04:32:19,F3,0.6442,OK,0
2026-04-01 04:32:30,F3,0.6441,OK,0
2026-04-01 04:32:40,F3,0.6441,OK,0
2026-04-01 04:32:50,F3,0.6441,OK,0
2026-04-01 04:33:00,F3,0.6440,OK,0
2026-04-01 04:33:11,F3,0.6440,OK,0
2026-04-01 04:33:21,F3,0.6439,OK,0
2026-04-01 04:33:31,F3,0.6439,OK,0
2026-04-01 04:33:41,F3,0.6439,OK,0
2026-04-01 04:33:52,F3,0.6438,OK,0
2026-04-01 04:34:02,F3,0.6438,OK,0
2026-04-01 04:34:12,F3,0.6438,OK,0
2026-04-01 04:34:22,F3,0.6437,OK,0
2026-04-01 04:34:33,F3,0.6437,OK,0
2026-04-01 04:34:43,F3,0.6437,OK,0
2026-04-01 04:34:53,F3,0.6437,OK,0
2026-04-01 04:35:03,F3,0.6437,OK,0
2026-04-01 04:35:14,F3,0.6436,OK,0
2026-04-01 04:35:24,F3,0.6436,OK,0
2026-04-01 04:35:34,F3,0.6436,OK,0
2026-04-01 04:35:45,F3,0.6436,OK,0
2026-04-01 04:35:55,F3,0.6436,OK,0
2026-04-01 04:36:05,F3,0.6436,OK,0
2026-04-01 04:36:15,F3,0.6436,OK,0
2026-04-01 04:36:26,F3,0.6435,OK,0
2026-04-01 04:36:36,F3,0.6435,OK,0
2026-04-01 04:36:46,F3,0.6435,OK,0
2026-04-01 04:36:56,F3,0.6435,OK,0
2026-04-01 04:37:07,F3,0.6435,OK,0
2026-04-01 04:37:17,F3,0.6435,OK,0
2026-04-01 04:37:27,F3,0.6435,OK,0
2026-04-01 04:37:38,F3,0.6435,OK,0
2026-04-01 04:37:48,F3,0.6435,OK,0
2026-04-01 04:37:58,F3,0.6435,OK,0
2026-04-01 04:38:08,F3,0.6435,OK,0
2026-04-01 04:38:19,F3,0.6435,OK,0
2026-04-01 04:38:29,F3,0.6435,OK,0
2026-04-01 04:38:39,F3,0.6435,OK,0
2026-04-01 04:38:50,F3,0.6435,OK,0
2026-04-01 04:39:00,F3,0.6436,OK,0
2026-04-01 04:39:10,F3,0.6436,OK,0
2026-04-01 04:39:20,F3,0.6436,OK,0
2026-04-01 04:39:31,F3,0.6436,OK,0
2026-04-01 04:39:41,F3,0.6436,OK,0
2026-04-01 04:39:51,F3,0.6436,OK,0
2026-04-01 04:40:01,F3,0.6436,OK,0
2026-04-01 04:40:12,F3,0.6436,OK,0
2026-04-01 04:40:22,F3,0.6437,OK,0
2026-04-01 04:40:32,F3,0.6437,OK,0
2026-04-01 04:40:42,F3,0.6437,OK,0
2026-04-01 04:40:53,F3,0.6437,OK,0
2026-04-01 04:41:03,F3,0.6437,OK,0
2026-04-01 04:41:13,F3,0.6438,OK,0
2026-04-01 04:41:23,F3,0.6438,OK,0
2026-04-01 04:41:34,F3,0.6438,OK,0
2026-04-01 04:41:44,F3,0.6438,OK,0
2026-04-01 04:41:54,F3,0.6439,OK,0
2026-04-01 04:42:05,F3,0.6439,OK,0
2026-04-01 04:42:15,F3,0.6439,OK,0
2026-04-01 04:42:25,F3,0.6440,OK,0
2026-04-01 04:42:35,F3,0.6440,OK,0
2026-04-01 04:42:46,F3,0.6441,OK,0
2026-04-01 04:42:56,F3,0.6441,OK,0
2026-04-01 04:43:06,F3,0.6441,OK,0
2026-04-01 04:43:16,F3,0.6442,OK,0
2026-04-01 04:43:27,F3,0.6442,OK,0
2026-04-01 04:43:37,F3,0.6443,OK,0
2026-04-01 04:43:47,F3,0.6443,OK,0
2026-04-01 04:43:58,F3,0.6444,OK,0
2026-04-01 04:44:08,F3,0.6444,OK,0
2026-04-01 04:44:18,F3,0.6445,OK,0
2026-04-01 04:44:28,F3,0.6445,OK,0
2026-04-01 04:44:39,F3,0.6446,OK,0
2026-04-01 04:44:49,F3,0.6447,OK,0
2026-04-01 04:44:59,F3,0.6447,OK,0
2026-04-01 04:45:09,F3,0.6448,OK,0
2026-04-01 04:45:20,F3,0.6448,OK,0
2026-04-01 04:45:30,F3,0.6449,OK,0
2026-04-01 04:45:40,F3,0.6450,OK,0
2026-04-01 04:45:50,F3,0.6450,OK,0
2026-04-01 04:46:01,F3,0.6451,OK,0
2026-04-01 04:46:11,F3,0.6452,OK,0
2026-04-01 04:46:21,F3,0.6452,OK,0
2026-04-01 04:46:32,F3,0.6453,OK,0
2026-04-01 04:46:42,F3,0.6454,OK,0
2026-04-01 04:46:52,F3,0.6454,OK,0
2026-04-01 04:47:02,F3,0.6455,OK,0
2026-04-01 04:47:13,F3,0.6456,OK,0
2026-04-01 04:47:23,F3,0.6456,OK,0
2026-04-01 04:47:33,F3,0.6457,OK,0
2026-04-01 04:47:43,F3,0.6458,OK,0
2026-04-01 04:47:54,F3,0.6458,OK,0
2026-04-01 04:48:04,F3,0.6459,OK,0
2026-04-01 04:48:14,F3,0.6460,OK,0
2026-04-01 04:48:25,F3,0.6460,OK,0
2026-04-01 04:48:35,F3,0.6461,OK,0
2026-04-01 04:48:45,F3,0.6462,OK,0
2026-04-01 04:48:55,F3,0.6463,OK,0
2026-04-01 04:49:06,F3,0.6463,OK,0
2026-04-01 04:49:16,F3,0.6464,OK,0
2026-04-01 04:49:26,F3,0.6465,OK,0
2026-04-01 04:49:36,F3,0.6466,OK,0
2026-04-01 04:49:47,F3,0.6466,OK,0
2026-04-01 04:49:57,F3,0.6467,OK,0
2026-04-01 04:50:07,F3,0.6468,OK,0
2026-04-01 04:50:17,F3,0.6469,OK,0
2026-04-01 04:50:28,F3,0.6470,OK,0
2026-04-01 04:50:38,F3,0.6471,OK,0
2026-04-01 04:50:48,F3,0.6471,OK,0
2026-04-01 04:50:58,F3,0.6472,OK,0
2026-04-01 04:51:09,F3,0.6473,OK,0
2026-04-01 04:51:19,F3,0.6474,OK,0
2026-04-01 04:51:29,F3,0.6475,OK,0
2026-04-01 04:51:39,F3,0.6476,OK,0
2026-04-01 04:51:50,F3,0.6477,OK,0
2026-04-01 04:52:00,F3,0.6478,OK,0
2026-04-01 04:52:10,F3,0.6478,OK,0
2026-04-01 04:52:20,F3,0.6479,OK,0
2026-04-01 04:52:31,F3,0.6480,OK,0
2026-04-01 04:52:41,F3,0.6481,OK,0
2026-04-01 04:52:51,F3,0.6482,OK,0
2026-04-01 04:53:02,F3,0.6483,OK,0
2026-04-01 04:53:12,F3,0.6484,OK,0
2026-04-01 04:53:22,F3,0.6484,OK,0
2026-04-01 04:53:32,F3,0.6485,OK,0
2026-04-01 04:53:43,F3,0.6486,OK,0
2026-04-01 04:53:53,F3,0.6487,OK,0
2026-04-01 04:54:03,F3,0.6488,OK,0
2026-04-01 04:54:13,F3,0.6489,OK,0
2026-04-01 04:54:24,F3,0.6489,OK,0
2026-04-01 04:54:34,F3,0.6490,OK,0
2026-04-01 04:54:44,F3,0.6491,OK,0
2026-04-01 04:54:55,F3,0.6492,OK,0
2026-04-01 04:55:05,F3,0.6492,OK,0
2026-04-01 04:55:15,F3,0.6493,OK,0
2026-04-01 04:55:25,F3,0.6494,OK,0
2026-04-01 04:55:36,F3,0.6495,OK,0
2026-04-01 04:55:46,F3,0.6495,OK,0
2026-04-01 04:55:56,F3,0.6496,OK,0
2026-04-01 04:56:06,F3,0.6497,OK,0
2026-04-01 04:56:17,F3,0.6498,OK,0
2026-04-01 04:56:27,F3,0.6498,OK,0
2026-04-01 04:56:37,F3,0.6499,OK,0
2026-04-01 04:56:47,F3,0.6500,OK,0
2026-04-01 04:56:58,F3,0.6501,OK,0
2026-04-01 04:57:08,F3,0.6501,OK,0
2026-04-01 04:57:18,F3,0.6502,OK,0
2026-04-01 04:57:28,F3,0.6503,OK,0
2026-04-01 04:57:39,F3,0.6504,OK,0
2026-04-01 04:57:49,F3,0.6504,OK,0
2026-04-01 04:57:59,F3,0.6505,OK,0
2026-04-01 04:58:10,F3,0.6506,OK,0
2026-04-01 04:58:20,F3,0.6507,OK,0
2026-04-01 04:58:30,F3,0.6507,OK,0
2026-04-01 04:58:40,F3,0.6508,OK,0
2026-04-01 04:58:51,F3,0.6509,OK,0
2026-04-01 04:59:01,F3,0.6510,OK,0
2026-04-01 04:59:11,F3,0.6510,OK,0
2026-04-01 04:59:21,F3,0.6511,OK,0
2026-04-01 04:59:32,F3,0.6512,OK,0
2026-04-01 04:59:42,F3,0.6513,OK,0
2026-04-01 04:59:52,F3,0.6513,OK,0
2026-04-01 05:00:02,F3,0.6514,OK,0
2026-04-01 05:00:13,F3,0.6515,OK,0
2026-04-01 05:00:23,F3,0.6515,OK,0
2026-04-01 05:00:33,F3,0.6516,OK,0
2026-04-01 05:00:43,F3,0.6517,OK,0
2026-04-01 05:00:54,F3,0.6518,OK,0
2026-04-01 05:01:04,F3,0.6518,OK,0
2026-04-01 05:01:14,F3,0.6519,OK,0
2026-04-01 05:01:25,F3,0.6520,OK,0
2026-04-01 05:01:35,F3,0.6520,OK,0
2026-04-01 05:01:45,F3,0.6521,OK,0
2026-04-01 05:01:56,F3,0.6522,OK,0
2026-04-01 05:02:06,F3,0.6522,OK,0
2026-04-01 05:02:16,F3,0.6523,OK,0
2026-04-01 05:02:26,F3,0.6523,OK,0
2026-04-01 05:02:37,F3,0.6524,OK,1
2026-04-01 05:02:47,F3,0.6524,OK,1
2026-04-01 05:02:57,F3,0.6525,OK,1
2026-04-01 05:03:07,F3,0.6525,OK,0
2026-04-01 05:03:18,F3,0.6526,OK,0
2026-04-01 05:03:28,F3,0.6526,Bajo rango,0
2026-04-01 05:03:38,F3,0.6527,Bajo rango,0
2026-04-01 05:03:49,F3,0.6527,Bajo rango,0
2026-04-01 05:03:59,F3,0.6527,Bajo rango,0
2026-04-01 05:04:09,F3,0.6528,Bajo rango,0
2026-04-01 05:04:19,F3,0.6528,Bajo rango,0
2026-04-01 05:04:30,F3,0.6528,Bajo rango,0
2026-04-01 05:04:40,F3,0.6528,Bajo rango,0
2026-04-01 05:04:50,F3,0.6528,OK,0
2026-04-01 05:05:00,F3,0.6528,OK,0
2026-04-01 05:05:11,F3,0.6528,OK,0
2026-04-01 05:05:21,F3,0.6528,OK,0
2026-04-01 05:05:31,F3,0.6528,OK,0
2026-04-01 05:05:42,F3,0.6528,OK,0
2026-04-01 05:05:52,F3,0.6528,OK,0
2026-04-01 05:06:02,F3,0.6527,OK,0
2026-04-01 05:06:12,F3,0.6527,OK,0
2026-04-01 05:06:23,F3,0.6526,OK,0
2026-04-01 05:06:33,F3,0.6526,OK,0
2026-04-01 05:06:43,F3,0.6525,OK,0
2026-04-01 05:06:53,F3,0.6525,OK,0
2026-04-01 05:07:04,F3,0.6524,OK,0
2026-04-01 05:07:14,F3,0.6523,OK,0
2026-04-01 05:07:24,F3,0.6522,OK,0
2026-04-01 05:07:35,F3,0.6521,OK,0
2026-04-01 05:07:45,F3,0.6520,OK,0
2026-04-01 05:07:55,F3,0.6518,OK,0
2026-04-01 05:08:05,F3,0.6517,OK,0
2026-04-01 05:08:16,F3,0.6516,OK,0
2026-04-01 05:08:26,F3,0.6514,OK,0
2026-04-01 05:08:36,F3,0.6513,OK,0
2026-04-01 05:08:46,F3,0.6511,OK,0
2026-04-01 05:08:57,F3,0.6509,OK,0
2026-04-01 05:09:07,F3,0.6508,OK,0
2026-04-01 05:09:17,F3,0.6506,OK,0
2026-04-01 05:09:28,F3,0.6504,OK,0
2026-04-01 05:09:38,F3,0.6502,OK,0
2026-04-01 05:09:48,F3,0.6500,OK,0
2026-04-01 05:09:58,F3,0.6498,OK,0
2026-04-01 05:10:09,F3,0.6496,OK,0
2026-04-01 05:10:19,F3,0.6494,OK,0
2026-04-01 05:10:29,F3,0.6491,OK,0
2026-04-01 05:10:39,F3,0.6489,OK,0
2026-04-01 05:10:50,F3,0.6487,OK,0
2026-04-01 05:11:00,F3,0.6484,OK,0
2026-04-01 05:11:10,F3,0.6482,OK,0
2026-04-01 05:11:20,F3,0.6479,OK,0
2026-04-01 05:11:31,F3,0.6477,OK,0
2026-04-01 05:11:41,F3,0.6474,OK,0
2026-04-01 05:11:51,F3,0.6471,OK,0
2026-04-01 05:12:01,F3,0.6469,OK,0
2026-04-01 05:12:12,F3,0.6466,OK,0
2026-04-01 05:12:22,F3,0.6463,OK,0
2026-04-01 05:12:32,F3,0.6461,OK,0
2026-04-01 05:12:43,F3,0.6458,OK,0
2026-04-01 05:12:53,F3,0.6455,OK,0
2026-04-01 05:13:03,F3,0.6452,OK,0
2026-04-01 05:13:13,F3,0.6449,OK,0
2026-04-01 05:13:24,F3,0.6446,OK,0
2026-04-01 05:13:34,F3,0.6443,OK,0
2026-04-01 05:13:44,F3,0.6441,OK,0
2026-04-01 05:13:54,F3,0.6438,OK,0
2026-04-01 05:14:05,F3,0.6435,OK,0
2026-04-01 05:14:15,F3,0.6432,OK,0
2026-04-01 05:14:25,F3,0.6429,OK,0
2026-04-01 05:14:36,F3,0.6426,OK,0
2026-04-01 05:14:46,F3,0.6423,OK,0
2026-04-01 05:14:56,F3,0.6419,OK,0
2026-04-01 05:15:06,F3,0.6416,OK,0
2026-04-01 05:15:17,F3,0.6413,OK,0
2026-04-01 05:15:27,F3,0.6410,OK,0
2026-04-01 05:15:37,F3,0.6407,OK,0
2026-04-01 05:15:47,F3,0.6404,OK,0
2026-04-01 05:15:58,F3,0.6401,OK,0
2026-04-01 05:16:08,F3,0.6398,OK,0
2026-04-01 05:16:18,F3,0.6395,OK,0
2026-04-01 05:16:29,F3,0.6391,OK,0
2026-04-01 05:16:39,F3,0.6388,OK,0
2026-04-01 05:16:49,F3,0.6385,OK,0
2026-04-01 05:16:59,F3,0.6382,OK,0
2026-04-01 05:17:10,F3,0.6379,OK,0
2026-04-01 05:17:20,F3,0.6375,OK,0
2026-04-01 05:17:30,F3,0.6372,OK,0
2026-04-01 05:17:40,F3,0.6369,OK,0
2026-04-01 05:17:51,F3,0.6366,OK,0
2026-04-01 05:18:01,F3,0.6363,OK,0
2026-04-01 05:18:11,F3,0.6360,OK,0
2026-04-01 05:18:21,F3,0.6356,OK,0
2026-04-01 05:18:32,F3,0.6353,OK,0
2026-04-01 05:18:42,F3,0.6350,OK,0
2026-04-01 05:18:52,F3,0.6347,OK,0
2026-04-01 05:19:03,F3,0.6344,OK,0
2026-04-01 05:19:13,F3,0.6341,OK,0
2026-04-01 05:19:23,F3,0.6338,OK,0
2026-04-01 05:19:33,F3,0.6335,OK,0
2026-04-01 05:19:44,F3,0.6332,OK,0
2026-04-01 05:19:54,F3,0.6329,OK,0
2026-04-01 05:20:04,F3,0.6326,OK,0
2026-04-01 05:20:15,F3,0.6323,OK,0
2026-04-01 05:20:25,F3,0.6320,OK,0
2026-04-01 05:20:35,F3,0.6317,OK,0
2026-04-01 05:20:45,F3,0.6314,OK,0
2026-04-01 05:20:56,F3,0.6311,OK,0
2026-04-01 05:21:06,F3,0.6308,OK,0
2026-04-01 05:21:16,F3,0.6305,OK,0
2026-04-01 05:21:27,F3,0.6302,OK,0
2026-04-01 05:21:37,F3,0.6300,OK,0
2026-04-01 05:21:47,F3,0.6297,OK,0
2026-04-01 05:21:57,F3,0.6294,OK,0
2026-04-01 05:22:08,F3,0.6291,OK,0
2026-04-01 05:22:18,F3,0.6289,OK,0
2026-04-01 05:22:28,F3,0.6286,OK,0
2026-04-01 05:22:38,F3,0.6283,OK,0
2026-04-01 05:22:49,F3,0.6281,OK,0
2026-04-01 05:22:59,F3,0.6278,OK,0
2026-04-01 05:23:09,F3,0.6276,OK,0
2026-04-01 05:23:20,F3,0.6273,OK,0
2026-04-01 05:23:30,F3,0.6271,OK,0
2026-04-01 05:23:40,F3,0.6268,OK,0
2026-04-01 05:23:50,F3,0.6266,OK,0
2026-04-01 05:24:01,F3,0.6263,OK,0
2026-04-01 05:24:11,F3,0.6261,OK,0
2026-04-01 05:24:21,F3,0.6259,OK,0
2026-04-01 05:24:31,F3,0.6256,OK,0
2026-04-01 05:24:42,F3,0.6254,OK,0
2026-04-01 05:24:52,F3,0.6252,OK,0
2026-04-01 05:25:02,F3,0.6249,OK,0
2026-04-01 05:25:13,F3,0.6247,OK,0
2026-04-01 05:25:23,F3,0.6245,OK,0
2026-04-01 05:25:33,F3,0.6243,OK,0
2026-04-01 05:25:43,F3,0.6240,OK,0
2026-04-01 05:25:54,F3,0.6238,OK,0
2026-04-01 05:26:04,F3,0.6236,OK,0
2026-04-01 05:26:14,F3,0.6234,OK,0
2026-04-01 05:26:24,F3,0.6232,OK,0
2026-04-01 05:26:35,F3,0.6230,OK,0
2026-04-01 05:26:45,F3,0.6228,OK,0
2026-04-01 05:26:55,F3,0.6226,OK,0
2026-04-01 05:27:05,F3,0.6224,OK,0
2026-04-01 05:27:16,F3,0.6222,OK,0
2026-04-01 05:27:26,F3,0.6220,OK,0
2026-04-01 05:27:36,F3,0.6219,OK,0
2026-04-01 05:27:47,F3,0.6217,OK,0
2026-04-01 05:27:57,F3,0.6215,OK,0
2026-04-01 05:28:07,F3,0.6213,OK,0
2026-04-01 05:28:17,F3,0.6212,OK,0
2026-04-01 05:28:28,F3,0.6210,OK,0
2026-04-01 05:28:38,F3,0.6208,OK,0
2026-04-01 05:28:48,F3,0.6207,OK,0
2026-04-01 05:28:58,F3,0.6205,OK,0
2026-04-01 05:29:09,F3,0.6204,OK,0
2026-04-01 05:29:19,F3,0.6203,OK,0
2026-04-01 05:29:29,F3,0.6201,OK,0
2026-04-01 05:29:40,F3,0.6200,OK,0
2026-04-01 05:29:50,F3,0.6199,OK,0
2026-04-01 05:30:00,F3,0.6197,OK,0
2026-04-01 05:30:10,F3,0.6196,OK,0
2026-04-01 05:30:21,F3,0.6195,OK,0
2026-04-01 05:30:31,F3,0.6194,OK,0
2026-04-01 05:30:41,F3,0.6193,OK,0
2026-04-01 05:30:51,F3,0.6192,OK,0
2026-04-01 05:31:02,F3,0.6191,OK,0
2026-04-01 05:31:12,F3,0.6189,OK,0
2026-04-01 05:31:22,F3,0.6189,OK,0
2026-04-01 05:31:33,F3,0.6188,OK,0
2026-04-01 05:31:43,F3,0.6187,OK,0
2026-04-01 05:31:53,F3,0.6186,OK,0
2026-04-01 05:32:03,F3,0.6185,OK,0
2026-04-01 05:32:14,F3,0.6184,OK,0
2026-04-01 05:32:24,F3,0.6183,OK,0
2026-04-01 05:32:34,F3,0.6182,OK,0
2026-04-01 05:32:44,F3,0.6182,OK,0
2026-04-01 05:32:55,F3,0.6181,OK,0
2026-04-01 05:33:05,F3,0.6180,OK,0
2026-04-01 05:33:15,F3,0.6180,OK,0
2026-04-01 05:33:25,F3,0.6179,OK,0
2026-04-01 05:33:36,F3,0.6178,OK,0
2026-04-01 05:33:46,F3,0.6178,OK,0
2026-04-01 05:33:56,F3,0.6177,OK,0
2026-04-01 05:34:07,F3,0.6177,OK,0
2026-04-01 05:34:17,F3,0.6176,OK,0
2026-04-01 05:34:27,F3,0.6176,OK,0
2026-04-01 05:34:37,F3,0.6176,OK,0
2026-04-01 05:34:48,F3,0.6175,OK,0
2026-04-01 05:34:58,F3,0.6175,OK,0
2026-04-01 05:35:08,F3,0.6174,OK,0
2026-04-01 05:35:18,F3,0.6174,OK,0
2026-04-01 05:35:29,F3,0.6174,OK,0
2026-04-01 05:35:39,F3,0.6174,OK,0
2026-04-01 05:35:49,F3,0.6174,OK,0
2026-04-01 05:36:00,F3,0.6174,OK,0
2026-04-01 05:36:10,F3,0.6173,OK,0
2026-04-01 05:36:20,F3,0.6173,OK,0
2026-04-01 05:36:30,F3,0.6173,OK,0
2026-04-01 05:36:41,F3,0.6173,OK,0
2026-04-01 05:36:51,F3,0.6173,OK,0
2026-04-01 05:37:01,F3,0.6174,OK,0
2026-04-01 05:37:12,F3,0.6174,OK,0
2026-04-01 05:37:22,F3,0.6174,OK,0
2026-04-01 05:37:32,F3,0.6174,OK,0
2026-04-01 05:37:42,F3,0.6174,OK,0
2026-04-01 05:37:53,F3,0.6175,OK,0
2026-04-01 05:38:03,F3,0.6175,OK,0
2026-04-01 05:38:13,F3,0.6175,OK,0
2026-04-01 05:38:23,F3,0.6176,OK,0
2026-04-01 05:38:34,F3,0.6176,OK,0
2026-04-01 05:38:44,F3,0.6176,OK,0
2026-04-01 05:38:54,F3,0.6177,OK,0
2026-04-01 05:39:05,F3,0.6177,OK,0
2026-04-01 05:39:15,F3,0.6178,OK,0
2026-04-01 05:39:25,F3,0.6178,OK,0
2026-04-01 05:39:35,F3,0.6179,OK,0
2026-04-01 05:39:46,F3,0.6179,OK,0
2026-04-01 05:39:56,F3,0.6180,OK,0
2026-04-01 05:40:06,F3,0.6180,OK,0
2026-04-01 05:40:16,F3,0.6181,OK,0
2026-04-01 05:40:27,F3,0.6182,OK,0
2026-04-01 05:40:37,F3,0.6182,OK,0
2026-04-01 05:40:47,F3,0.6183,OK,0
2026-04-01 05:40:57,F3,0.6184,OK,0
2026-04-01 05:41:08,F3,0.6185,OK,0
2026-04-01 05:41:18,F3,0.6185,OK,0
2026-04-01 05:41:28,F3,0.6186,OK,0
2026-04-01 05:41:38,F3,0.6187,OK,0
2026-04-01 05:41:49,F3,0.6188,OK,0
2026-04-01 05:41:59,F3,0.6189,OK,0
2026-04-01 05:42:09,F3,0.6190,OK,0
2026-04-01 05:42:19,F3,0.6190,OK,0
2026-04-01 05:42:30,F3,0.6191,OK,0
2026-04-01 05:42:40,F3,0.6192,OK,0
2026-04-01 05:42:50,F3,0.6193,OK,0
2026-04-01 05:43:01,F3,0.6194,OK,0
2026-04-01 05:43:11,F3,0.6196,OK,0
2026-04-01 05:43:21,F3,0.6197,OK,0
2026-04-01 05:43:31,F3,0.6198,OK,0
2026-04-01 05:43:42,F3,0.6199,OK,0
2026-04-01 05:43:52,F3,0.6200,OK,0
2026-04-01 05:44:02,F3,0.6201,OK,0
2026-04-01 05:44:13,F3,0.6203,OK,0
2026-04-01 05:44:23,F3,0.6204,OK,0
2026-04-01 05:44:33,F3,0.6205,OK,0
2026-04-01 05:44:43,F3,0.6206,OK,0
2026-04-01 05:44:54,F3,0.6208,OK,0
2026-04-01 05:45:04,F3,0.6209,OK,0
2026-04-01 05:45:14,F3,0.6211,OK,0
2026-04-01 05:45:24,F3,0.6212,OK,0
2026-04-01 05:45:35,F3,0.6213,OK,0
2026-04-01 05:45:45,F3,0.6215,OK,0
2026-04-01 05:45:55,F3,0.6216,OK,0
2026-04-01 05:46:05,F3,0.6218,OK,0
2026-04-01 05:46:16,F3,0.6219,OK,0
2026-04-01 05:46:26,F3,0.6221,OK,0
2026-04-01 05:46:36,F3,0.6223,OK,0
2026-04-01 05:46:46,F3,0.6224,OK,0
2026-04-01 05:46:57,F3,0.6226,OK,0
2026-04-01 05:47:07,F3,0.6227,OK,0
2026-04-01 05:47:17,F3,0.6229,OK,0
2026-04-01 05:47:28,F3,0.6231,OK,0
2026-04-01 05:47:38,F3,0.6232,OK,0
2026-04-01 05:47:48,F3,0.6234,OK,0
2026-04-01 05:47:58,F3,0.6236,OK,0
2026-04-01 05:48:09,F3,0.6238,OK,0
2026-04-01 05:48:19,F3,0.6239,OK,0
2026-04-01 05:48:29,F3,0.6241,OK,0
2026-04-01 05:48:39,F3,0.6243,OK,0
2026-04-01 05:48:50,F3,0.6245,OK,0
2026-04-01 05:49:00,F3,0.6246,OK,0
2026-04-01 05:49:10,F3,0.6248,OK,0
2026-04-01 05:49:21,F3,0.6250,OK,0
2026-04-01 05:49:31,F3,0.6252,OK,0
2026-04-01 05:49:41,F3,0.6254,OK,0
2026-04-01 05:49:51,F3,0.6256,OK,0
2026-04-01 05:50:02,F3,0.6258,OK,0
2026-04-01 05:50:12,F3,0.6260,OK,0
2026-04-01 05:50:22,F3,0.6261,OK,0
2026-04-01 05:50:32,F3,0.6263,OK,0
2026-04-01 05:50:43,F3,0.6265,OK,0
2026-04-01 05:50:53,F3,0.6267,OK,0
2026-04-01 05:51:03,F3,0.6270,OK,0
2026-04-01 05:51:13,F3,0.6272,OK,0
2026-04-01 05:51:24,F3,0.6274,OK,0
2026-04-01 05:51:34,F3,0.6276,OK,0
2026-04-01 05:51:44,F3,0.6278,OK,0
2026-04-01 05:51:55,F3,0.6280,OK,0
2026-04-01 05:52:05,F3,0.6282,OK,0
2026-04-01 05:52:15,F3,0.6284,OK,0
2026-04-01 05:52:25,F3,0.6287,OK,0
2026-04-01 05:52:36,F3,0.6289,OK,0
2026-04-01 05:52:46,F3,0.6291,OK,0
2026-04-01 05:52:56,F3,0.6293,OK,0
2026-04-01 05:53:06,F3,0.6296,OK,0
2026-04-01 05:53:17,F3,0.6298,OK,0
2026-04-01 05:53:27,F3,0.6300,OK,0
2026-04-01 05:53:37,F3,0.6303,OK,0
2026-04-01 05:53:47,F3,0.6305,OK,0
2026-04-01 05:53:58,F3,0.6307,OK,0
2026-04-01 05:54:08,F3,0.6310,OK,0
2026-04-01 05:54:18,F3,0.6312,OK,0
2026-04-01 05:54:29,F3,0.6314,OK,0
2026-04-01 05:54:39,F3,0.6317,OK,0
2026-04-01 05:54:49,F3,0.6319,OK,0
2026-04-01 05:54:59,F3,0.6321,OK,0
2026-04-01 05:55:10,F3,0.6324,OK,0
2026-04-01 05:55:20,F3,0.6326,OK,0
2026-04-01 05:55:30,F3,0.6329,OK,0
2026-04-01 05:55:40,F3,0.6331,OK,0
2026-04-01 05:55:51,F3,0.6333,OK,0
2026-04-01 05:56:01,F3,0.6336,OK,0
2026-04-01 05:56:11,F3,0.6338,OK,0
2026-04-01 05:56:21,F3,0.6341,OK,0
2026-04-01 05:56:32,F3,0.6343,OK,0
2026-04-01 05:56:42,F3,0.6346,OK,0
2026-04-01 05:56:52,F3,0.6348,OK,0
2026-04-01 05:57:03,F3,0.6351,OK,0
2026-04-01 05:57:13,F3,0.6353,OK,0
2026-04-01 05:57:23,F3,0.6356,OK,0
2026-04-01 05:57:33,F3,0.6358,OK,0
2026-04-01 05:57:44,F3,0.6361,OK,0
2026-04-01 05:57:54,F3,0.6363,OK,0
2026-04-01 05:58:04,F3,0.6366,OK,0
2026-04-01 05:58:14,F3,0.6368,OK,0
2026-04-01 05:58:25,F3,0.6371,OK,0
2026-04-01 05:58:35,F3,0.6373,OK,0
2026-04-01 05:58:45,F3,0.6376,OK,0
2026-04-01 05:58:56,F3,0.6378,OK,0
2026-04-01 05:59:06,F3,0.6381,OK,0
2026-04-01 05:59:16,F3,0.6384,OK,0
2026-04-01 05:59:26,F3,0.6386,OK,0
2026-04-01 05:59:37,F3,0.6389,OK,0
2026-04-01 05:59:47,F3,0.6392,OK,0
2026-04-01 05:59:57,F3,0.6394,OK,0
2026-04-01 06:00:07,F3,0.6397,OK,0
2026-04-01 06:00:18,F3,0.6399,OK,0
2026-04-01 06:00:28,F3,0.6402,OK,0
2026-04-01 06:00:38,F3,0.6405,OK,0
2026-04-01 06:00:49,F3,0.6407,OK,0
2026-04-01 06:00:59,F3,0.6410,OK,0
2026-04-01 06:01:09,F3,0.6413,OK,0
2026-04-01 06:01:19,F3,0.6415,OK,0
2026-04-01 06:01:30,F3,0.6418,OK,0
2026-04-01 06:01:40,F3,0.6421,OK,0
2026-04-01 06:01:50,F3,0.6423,OK,0
2026-04-01 06:02:00,F3,0.6426,OK,0
2026-04-01 06:02:11,F3,0.6429,OK,0
2026-04-01 06:02:21,F3,0.6431,OK,0
2026-04-01 06:02:31,F3,0.6434,OK,0
2026-04-01 06:02:41,F3,0.6437,OK,0
2026-04-01 06:02:52,F3,0.6439,OK,0
2026-04-01 06:03:02,F3,0.6442,OK,0
2026-04-01 06:03:12,F3,0.6445,OK,0
2026-04-01 06:03:23,F3,0.6447,OK,0
2026-04-01 06:03:33,F3,0.6450,OK,0
2026-04-01 06:03:43,F3,0.6452,OK,0
2026-04-01 06:03:53,F3,0.6455,OK,0
2026-04-01 06:04:04,F3,0.6458,OK,0
2026-04-01 06:04:14,F3,0.6460,OK,0
2026-04-01 06:04:24,F3,0.6463,OK,0
2026-04-01 06:04:34,F3,0.6465,OK,0
2026-04-01 06:04:45,F3,0.6468,OK,0
2026-04-01 06:04:55,F3,0.6470,OK,0
2026-04-01 06:05:05,F3,0.6473,OK,0
2026-04-01 06:05:16,F3,0.6476,OK,0
2026-04-01 06:05:26,F3,0.6478,OK,0
2026-04-01 06:05:36,F3,0.6481,OK,0
2026-04-01 06:05:46,F3,0.6483,OK,0
2026-04-01 06:05:57,F3,0.6486,OK,0
2026-04-01 06:06:07,F3,0.6488,OK,0
2026-04-01 06:06:17,F3,0.6491,OK,0
2026-04-01 06:06:27,F3,0.6494,OK,0
2026-04-01 06:06:38,F3,0.6496,OK,0
2026-04-01 06:06:48,F3,0.6499,OK,0
2026-04-01 06:06:58,F3,0.6501,OK,0
2026-04-01 06:07:08,F3,0.6504,OK,0
2026-04-01 06:07:19,F3,0.6506,OK,0
2026-04-01 06:07:29,F3,0.6509,OK,0
2026-04-01 06:07:39,F3,0.6512,OK,0
2026-04-01 06:07:50,F3,0.6514,OK,0
2026-04-01 06:08:00,F3,0.6517,OK,0
2026-04-01 06:08:10,F3,0.6519,OK,0
2026-04-01 06:08:20,F3,0.6522,OK,0
2026-04-01 06:08:31,F3,0.6525,OK,0
2026-04-01 06:08:41,F3,0.6527,OK,0
2026-04-01 06:08:51,F3,0.6530,OK,0
2026-04-01 06:09:01,F3,0.6532,OK,0
2026-04-01 06:09:12,F3,0.6535,OK,0
2026-04-01 06:09:22,F3,0.6537,OK,0
2026-04-01 06:09:32,F3,0.6540,OK,0
2026-04-01 06:09:42,F3,0.6543,OK,0
2026-04-01 06:09:53,F3,0.6545,OK,0
2026-04-01 06:10:03,F3,0.6548,OK,0
2026-04-01 06:10:13,F3,0.6550,OK,0
2026-04-01 06:10:24,F3,0.6553,OK,0
2026-04-01 06:10:34,F3,0.6555,OK,0
2026-04-01 06:10:44,F3,0.6558,OK,0
2026-04-01 06:10:54,F3,0.6560,OK,0
2026-04-01 06:11:05,F3,0.6563,OK,0
2026-04-01 06:11:15,F3,0.6565,OK,0
2026-04-01 06:11:25,F3,0.6567,OK,0
2026-04-01 06:11:35,F3,0.6570,OK,0
2026-04-01 06:11:46,F3,0.6572,OK,0
2026-04-01 06:11:56,F3,0.6575,OK,0
2026-04-01 06:12:06,F3,0.6577,OK,0
2026-04-01 06:12:16,F3,0.6579,OK,0
2026-04-01 06:12:27,F3,0.6582,OK,0
2026-04-01 06:12:37,F3,0.6584,OK,0
2026-04-01 06:12:47,F3,0.6587,OK,0
2026-04-01 06:12:58,F3,0.6589,OK,0
2026-04-01 06:13:08,F3,0.6591,OK,0
2026-04-01 06:13:18,F3,0.6594,OK,0
2026-04-01 06:13:28,F3,0.6596,OK,0
2026-04-01 06:13:39,F3,0.6599,OK,0
2026-04-01 06:13:49,F3,0.6601,OK,0
2026-04-01 06:13:59,F3,0.6603,OK,0
2026-04-01 06:14:09,F3,0.6606,OK,0
2026-04-01 06:14:20,F3,0.6608,OK,0
2026-04-01 06:14:30,F3,0.6610,OK,0
2026-04-01 06:14:40,F3,0.6612,OK,0
2026-04-01 06:14:50,F3,0.6615,OK,0
2026-04-01 06:15:01,F3,0.6617,OK,1
2026-04-01 06:15:11,F3,0.6619,OK,1
2026-04-01 06:15:21,F3,0.6621,OK,0
2026-04-01 06:15:32,F3,0.6624,OK,0
2026-04-01 06:15:42,F3,0.6626,Bajo rango,0
2026-04-01 06:15:52,F3,0.6628,Bajo rango,0
2026-04-01 06:16:02,F3,0.6630,Bajo rango,0
2026-04-01 06:16:13,F3,0.6632,Bajo rango,0
2026-04-01 06:16:23,F3,0.6634,Bajo rango,0
2026-04-01 06:16:33,F3,0.6636,Bajo rango,0
2026-04-01 06:16:43,F3,0.6638,Bajo rango,0
2026-04-01 06:16:54,F3,0.6640,Bajo rango,0
2026-04-01 06:17:04,F3,0.6642,Bajo rango,0
2026-04-01 06:17:14,F3,0.6644,OK,0
2026-04-01 06:17:25,F3,0.6645,OK,0
2026-04-01 06:17:35,F3,0.6647,OK,0
2026-04-01 06:17:45,F3,0.6649,OK,0
2026-04-01 06:17:55,F3,0.6650,OK,0
2026-04-01 06:18:06,F3,0.6652,OK,0
2026-04-01 06:18:16,F3,0.6653,OK,0
2026-04-01 06:18:26,F3,0.6655,OK,0
2026-04-01 06:18:36,F3,0.6656,OK,0
2026-04-01 06:18:47,F3,0.6657,OK,0
2026-04-01 06:18:57,F3,0.6658,OK,0
2026-04-01 06:19:07,F3,0.6659,OK,0
2026-04-01 06:19:17,F3,0.6660,OK,0
2026-04-01 06:19:28,F3,0.6661,OK,0
2026-04-01 06:19:38,F3,0.6662,OK,0
2026-04-01 06:19:48,F3,0.6663,OK,0
2026-04-01 06:19:59,F3,0.6663,OK,0
2026-04-01 06:20:09,F3,0.6664,OK,0
2026-04-01 06:20:19,F3,0.6664,OK,0
2026-04-01 06:20:29,F3,0.6665,OK,0
2026-04-01 06:20:40,F3,0.6665,OK,0
2026-04-01 06:20:50,F3,0.6665,OK,0
2026-04-01 06:21:00,F3,0.6666,OK,0
2026-04-01 06:21:11,F3,0.6666,OK,0
2026-04-01 06:21:21,F3,0.6666,OK,0
2026-04-01 06:21:31,F3,0.6666,OK,0
2026-04-01 06:21:41,F3,0.6666,OK,0
2026-04-01 06:21:52,F3,0.6666,OK,0
2026-04-01 06:22:02,F3,0.6665,OK,0
2026-04-01 06:22:12,F3,0.6665,OK,0
2026-04-01 06:22:22,F3,0.6665,OK,0
2026-04-01 06:22:33,F3,0.6665,OK,0
2026-04-01 06:22:43,F3,0.6664,OK,0
2026-04-01 06:22:53,F3,0.6664,OK,0
2026-04-01 06:23:03,F3,0.6663,OK,0
2026-04-01 06:23:14,F3,0.6663,OK,0
2026-04-01 06:23:24,F3,0.6662,OK,0
2026-04-01 06:23:34,F3,0.6661,OK,0
2026-04-01 06:23:45,F3,0.6661,OK,0
2026-04-01 06:23:55,F3,0.6660,OK,0
2026-04-01 06:24:05,F3,0.6659,OK,0
2026-04-01 06:24:16,F3,0.6658,OK,0
2026-04-01 06:24:26,F3,0.6657,OK,0
2026-04-01 06:24:36,F3,0.6656,OK,0
2026-04-01 06:24:46,F3,0.6655,OK,0
2026-04-01 06:24:57,F3,0.6654,OK,0
2026-04-01 06:25:07,F3,0.6653,OK,0
2026-04-01 06:25:17,F3,0.6652,OK,0
2026-04-01 06:25:27,F3,0.6651,OK,0
2026-04-01 06:25:38,F3,0.6649,OK,0
2026-04-01 06:25:48,F3,0.6648,OK,0
2026-04-01 06:25:59,F3,0.6647,OK,0
2026-04-01 06:26:09,F3,0.6646,OK,0
2026-04-01 06:26:19,F3,0.6644,OK,0
2026-04-01 06:26:29,F3,0.6643,OK,0
2026-04-01 06:26:40,F3,0.6641,OK,0
2026-04-01 06:26:50,F3,0.6640,OK,0
2026-04-01 06:27:00,F3,0.6638,OK,0
2026-04-01 06:27:11,F3,0.6637,OK,0
2026-04-01 06:27:21,F3,0.6635,OK,0
2026-04-01 06:27:31,F3,0.6633,OK,0
2026-04-01 06:27:41,F3,0.6632,OK,0
2026-04-01 06:27:52,F3,0.6630,OK,0
2026-04-01 06:28:02,F3,0.6628,OK,0
2026-04-01 06:28:12,F3,0.6627,OK,0
2026-04-01 06:28:22,F3,0.6625,OK,0
2026-04-01 06:28:33,F3,0.6623,OK,0
2026-04-01 06:28:43,F3,0.6622,OK,0
2026-04-01 06:28:53,F3,0.6620,OK,0
2026-04-01 06:29:03,F3,0.6618,OK,0
2026-04-01 06:29:14,F3,0.6616,OK,0
2026-04-01 06:29:24,F3,0.6614,OK,0
2026-04-01 06:29:34,F3,0.6613,OK,0
2026-04-01 06:29:45,F3,0.6611,OK,0
2026-04-01 06:29:55,F3,0.6609,OK,0
2026-04-01 06:30:05,F3,0.6607,OK,0
2026-04-01 06:30:15,F3,0.6605,OK,0
2026-04-01 06:30:26,F3,0.6604,OK,0
2026-04-01 06:30:36,F3,0.6602,OK,0
2026-04-01 06:30:46,F3,0.6600,OK,0
2026-04-01 06:30:56,F3,0.6598,OK,0
2026-04-01 06:31:07,F3,0.6596,OK,0
2026-04-01 06:31:17,F3,0.6594,OK,0
2026-04-01 06:31:27,F3,0.6592,OK,0
2026-04-01 06:31:37,F3,0.6590,OK,0
2026-04-01 06:31:48,F3,0.6589,OK,0
2026-04-01 06:31:58,F3,0.6587,OK,0
2026-04-01 06:32:08,F3,0.6585,OK,0
2026-04-01 06:32:19,F3,0.6583,OK,0
2026-04-01 06:32:29,F3,0.6581,OK,0
2026-04-01 06:32:39,F3,0.6579,OK,0
2026-04-01 06:32:49,F3,0.6577,OK,0
2026-04-01 06:33:00,F3,0.6575,OK,0
2026-04-01 06:33:10,F3,0.6573,OK,0
2026-04-01 06:33:20,F3,0.6571,OK,0
2026-04-01 06:33:30,F3,0.6569,OK,0
2026-04-01 06:33:41,F3,0.6567,OK,0
2026-04-01 06:33:51,F3,0.6565,OK,0
2026-04-01 06:34:01,F3,0.6563,OK,0
2026-04-01 06:34:12,F3,0.6561,OK,0
2026-04-01 06:34:22,F3,0.6559,OK,0
2026-04-01 06:34:32,F3,0.6557,OK,0
2026-04-01 06:34:43,F3,0.6555,OK,0
2026-04-01 06:34:53,F3,0.6553,OK,0
2026-04-01 06:35:03,F3,0.6551,OK,0
2026-04-01 06:35:13,F3,0.6549,OK,0
2026-04-01 06:35:24,F3,0.6547,OK,0
2026-04-01 06:35:34,F3,0.6545,OK,0
2026-04-01 06:35:44,F3,0.6543,OK,0
2026-04-01 06:35:54,F3,0.6541,OK,0
2026-04-01 06:36:05,F3,0.6539,OK,0
2026-04-01 06:36:15,F3,0.6537,OK,0
2026-04-01 06:36:25,F3,0.6535,OK,0
2026-04-01 06:36:36,F3,0.6533,OK,0
2026-04-01 06:36:46,F3,0.6531,OK,0
2026-04-01 06:36:56,F3,0.6529,OK,0
2026-04-01 06:37:06,F3,0.6527,OK,0
2026-04-01 06:37:17,F3,0.6525,OK,0
2026-04-01 06:37:27,F3,0.6523,OK,0
2026-04-01 06:37:37,F3,0.6521,OK,0
2026-04-01 06:37:47,F3,0.6519,OK,0
2026-04-01 06:37:58,F3,0.6518,OK,0
2026-04-01 06:38:08,F3,0.6516,OK,0
2026-04-01 06:38:18,F3,0.6514,OK,0
2026-04-01 06:38:29,F3,0.6512,OK,0
2026-04-01 06:38:39,F3,0.6510,OK,0
2026-04-01 06:38:49,F3,0.6508,OK,0
2026-04-01 06:38:59,F3,0.6507,OK,0
2026-04-01 06:39:10,F3,0.6505,OK,0
2026-04-01 06:39:20,F3,0.6503,OK,0
2026-04-01 06:39:30,F3,0.6501,OK,0
2026-04-01 06:39:40,F3,0.6499,OK,0
2026-04-01 06:39:51,F3,0.6498,OK,0
2026-04-01 06:40:01,F3,0.6496,OK,0
2026-04-01 06:40:11,F3,0.6494,OK,0
2026-04-01 06:40:22,F3,0.6492,OK,0
2026-04-01 06:40:32,F3,0.6491,OK,0
2026-04-01 06:40:42,F3,0.6489,OK,0
2026-04-01 06:40:52,F3,0.6487,OK,0
2026-04-01 06:41:03,F3,0.6486,OK,0
2026-04-01 06:41:13,F3,0.6484,OK,0
2026-04-01 06:41:23,F3,0.6482,OK,0
2026-04-01 06:41:33,F3,0.6480,OK,0
2026-04-01 06:41:44,F3,0.6479,OK,0
2026-04-01 06:41:54,F3,0.6477,OK,0
2026-04-01 06:42:04,F3,0.6475,OK,0
2026-04-01 06:42:14,F3,0.6474,OK,0
2026-04-01 06:42:25,F3,0.6472,OK,0
2026-04-01 06:42:35,F3,0.6471,OK,0
2026-04-01 06:42:45,F3,0.6469,OK,0
2026-04-01 06:42:56,F3,0.6467,OK,0
2026-04-01 06:43:06,F3,0.6466,OK,0
2026-04-01 06:43:16,F3,0.6464,OK,0
2026-04-01 06:43:26,F3,0.6463,OK,0
2026-04-01 06:43:37,F3,0.6461,OK,0
2026-04-01 06:43:47,F3,0.6460,OK,0
2026-04-01 06:43:57,F3,0.6458,OK,0
2026-04-01 06:44:07,F3,0.6457,OK,0
2026-04-01 06:44:18,F3,0.6455,OK,0
2026-04-01 06:44:28,F3,0.6454,OK,0
2026-04-01 06:44:38,F3,0.6452,OK,0
2026-04-01 06:44:49,F3,0.6451,OK,0
2026-04-01 06:44:59,F3,0.6450,OK,0
2026-04-01 06:45:09,F3,0.6448,OK,0
2026-04-01 06:45:19,F3,0.6447,OK,0
2026-04-01 06:45:30,F3,0.6446,OK,0
2026-04-01 06:45:40,F3,0.6445,OK,0
2026-04-01 06:45:50,F3,0.6443,OK,0
2026-04-01 06:46:00,F3,0.6442,OK,0
2026-04-01 06:46:11,F3,0.6441,OK,0
2026-04-01 06:46:21,F3,0.6440,OK,0
2026-04-01 06:46:31,F3,0.6439,OK,0
2026-04-01 06:46:42,F3,0.6437,OK,0
2026-04-01 06:46:52,F3,0.6436,OK,0
2026-04-01 06:47:02,F3,0.6435,OK,0
2026-04-01 06:47:12,F3,0.6434,OK,0
2026-04-01 06:47:23,F3,0.6433,OK,0
2026-04-01 06:47:33,F3,0.6432,OK,0
2026-04-01 06:47:43,F3,0.6431,OK,0
2026-04-01 06:47:53,F3,0.6430,OK,0
2026-04-01 06:48:04,F3,0.6429,OK,0
2026-04-01 06:48:14,F3,0.6428,OK,0
2026-04-01 06:48:24,F3,0.6427,OK,0
2026-04-01 06:48:35,F3,0.6426,OK,0
2026-04-01 06:48:45,F3,0.6425,OK,0
2026-04-01 06:48:55,F3,0.6425,OK,0
2026-04-01 06:49:05,F3,0.6424,OK,0
2026-04-01 06:49:16,F3,0.6423,OK,0
2026-04-01 06:49:26,F3,0.6422,OK,0
2026-04-01 06:49:36,F3,0.6421,OK,0
2026-04-01 06:49:46,F3,0.6420,OK,0
2026-04-01 06:49:57,F3,0.6419,OK,0
2026-04-01 06:50:07,F3,0.6419,OK,0
2026-04-01 06:50:17,F3,0.6418,OK,0
2026-04-01 06:50:28,F3,0.6417,OK,0
2026-04-01 06:50:38,F3,0.6416,OK,0
2026-04-01 06:50:48,F3,0.6416,OK,0
2026-04-01 06:50:58,F3,0.6415,OK,0
2026-04-01 06:51:09,F3,0.6414,OK,0
2026-04-01 06:51:19,F3,0.6414,OK,0
2026-04-01 06:51:29,F3,0.6413,OK,0
2026-04-01 06:51:40,F3,0.6413,OK,0
2026-04-01 06:51:50,F3,0.6412,OK,0
2026-04-01 06:52:00,F3,0.6412,OK,0
2026-04-01 06:52:10,F3,0.6411,OK,0
2026-04-01 06:52:21,F3,0.6411,OK,0
2026-04-01 06:52:31,F3,0.6410,OK,0
2026-04-01 06:52:41,F3,0.6410,OK,0
2026-04-01 06:52:51,F3,0.6409,OK,0
2026-04-01 06:53:02,F3,0.6409,OK,0
2026-04-01 06:53:12,F3,0.6409,OK,0
2026-04-01 06:53:22,F3,0.6408,OK,0
2026-04-01 06:53:33,F3,0.6408,OK,0
2026-04-01 06:53:43,F3,0.6408,OK,0
2026-04-01 06:53:53,F3,0.6408,OK,0
2026-04-01 06:54:03,F3,0.6407,OK,0
2026-04-01 06:54:14,F3,0.6407,OK,0
2026-04-01 06:54:24,F3,0.6407,OK,0
2026-04-01 06:54:34,F3,0.6407,OK,0
2026-04-01 06:54:44,F3,0.6407,OK,0
2026-04-01 06:54:55,F3,0.6407,OK,0
2026-04-01 06:55:05,F3,0.6406,OK,0
2026-04-01 06:55:15,F3,0.6406,OK,0
2026-04-01 06:55:25,F3,0.6406,OK,0
2026-04-01 06:55:36,F3,0.6406,OK,0
2026-04-01 06:55:46,F3,0.6406,OK,0
2026-04-01 06:55:56,F3,0.6406,OK,0
2026-04-01 06:56:07,F3,0.6406,OK,0
2026-04-01 06:56:17,F3,0.6406,OK,0
2026-04-01 06:56:27,F3,0.6406,OK,0
2026-04-01 06:56:37,F3,0.6406,OK,0
2026-04-01 06:56:48,F3,0.6406,OK,0
2026-04-01 06:56:58,F3,0.6406,OK,0
2026-04-01 06:57:08,F3,0.6406,OK,0
2026-04-01 06:57:18,F3,0.6406,OK,0
2026-04-01 06:57:29,F3,0.6406,OK,0
2026-04-01 06:57:39,F3,0.6406,OK,0
2026-04-01 06:57:49,F3,0.6406,OK,0
2026-04-01 06:58:00,F3,0.6406,OK,0
2026-04-01 06:58:10,F3,0.6406,OK,0
2026-04-01 06:58:20,F3,0.6406,OK,0
2026-04-01 06:58:30,F3,0.6406,OK,0
2026-04-01 06:58:41,F3,0.6407,OK,0
2026-04-01 06:58:51,F3,0.6407,OK,0
2026-04-01 06:59:01,F3,0.6407,OK,0
2026-04-01 06:59:11,F3,0.6407,OK,0
2026-04-01 06:59:22,F3,0.6407,OK,0
2026-04-01 06:59:32,F3,0.6408,OK,0
2026-04-01 06:59:42,F3,0.6408,OK,0
2026-04-01 06:59:52,F3,0.6408,OK,0
2026-04-01 07:00:03,F3,0.6409,OK,0
2026-04-01 07:00:13,F3,0.6409,OK,0
2026-04-01 07:00:23,F3,0.6409,OK,0
2026-04-01 07:00:34,F3,0.6410,OK,0
2026-04-01 07:00:44,F3,0.6410,OK,0
2026-04-01 07:00:54,F3,0.6410,OK,0
2026-04-01 07:01:04,F3,0.6411,OK,0
2026-04-01 07:01:15,F3,0.6411,OK,0
2026-04-01 07:01:25,F3,0.6412,OK,0
2026-04-01 07:01:35,F3,0.6412,OK,0
2026-04-01 07:01:45,F3,0.6412,OK,0
2026-04-01 07:01:56,F3,0.6413,OK,0
2026-04-01 07:02:06,F3,0.6413,OK,0
2026-04-01 07:02:16,F3,0.6414,OK,0
2026-04-01 07:02:26,F3,0.6414,OK,0
2026-04-01 07:02:37,F3,0.6415,OK,0
2026-04-01 07:02:47,F3,0.6415,OK,0
2026-04-01 07:02:57,F3,0.6416,OK,0
2026-04-01 07:03:07,F3,0.6417,OK,0
2026-04-01 07:03:18,F3,0.6417,OK,0
2026-04-01 07:03:28,F3,0.6418,OK,0
2026-04-01 07:03:38,F3,0.6418,OK,0
2026-04-01 07:03:49,F3,0.6419,OK,0
2026-04-01 07:03:59,F3,0.6419,OK,0
2026-04-01 07:04:09,F3,0.6420,OK,0
2026-04-01 07:04:19,F3,0.6420,OK,0
2026-04-01 07:04:30,F3,0.6421,OK,0
2026-04-01 07:04:40,F3,0.6421,OK,0
2026-04-01 07:04:50,F3,0.6422,OK,0
2026-04-01 07:05:00,F3,0.6423,OK,0
2026-04-01 07:05:11,F3,0.6423,OK,0
2026-04-01 07:05:21,F3,0.6424,OK,0
2026-04-01 07:05:31,F3,0.6424,OK,0
2026-04-01 07:05:41,F3,0.6425,OK,0
2026-04-01 07:05:52,F3,0.6426,OK,0
2026-04-01 07:06:02,F3,0.6426,OK,0
2026-04-01 07:06:12,F3,0.6427,OK,0
2026-04-01 07:06:23,F3,0.6427,OK,0
2026-04-01 07:06:33,F3,0.6428,OK,0
2026-04-01 07:06:43,F3,0.6429,OK,0
2026-04-01 07:06:53,F3,0.6429,OK,0
2026-04-01 07:07:04,F3,0.6430,OK,0
2026-04-01 07:07:14,F3,0.6431,OK,0
2026-04-01 07:07:24,F3,0.6431,OK,0
2026-04-01 07:07:34,F3,0.6432,OK,0
2026-04-01 07:07:45,F3,0.6433,OK,0
2026-04-01 07:07:55,F3,0.6434,OK,0
2026-04-01 07:08:05,F3,0.6434,OK,0
2026-04-01 07:08:15,F3,0.6435,OK,0
2026-04-01 07:08:26,F3,0.6436,OK,0
2026-04-01 07:08:36,F3,0.6437,OK,0
2026-04-01 07:08:46,F3,0.6437,OK,0
2026-04-01 07:08:56,F3,0.6438,OK,0
2026-04-01 07:09:07,F3,0.6439,OK,0
2026-04-01 07:09:17,F3,0.6440,OK,0
2026-04-01 07:09:27,F3,0.6441,OK,0
2026-04-01 07:09:38,F3,0.6441,OK,0
2026-04-01 07:09:48,F3,0.6442,OK,0
2026-04-01 07:09:58,F3,0.6443,OK,0
2026-04-01 07:10:08,F3,0.6444,OK,0
2026-04-01 07:10:19,F3,0.6445,OK,0
2026-04-01 07:10:29,F3,0.6445,OK,0
2026-04-01 07:10:39,F3,0.6446,OK,0
2026-04-01 07:10:49,F3,0.6447,OK,0
2026-04-01 07:11:00,F3,0.6448,OK,0
2026-04-01 07:11:10,F3,0.6449,OK,0
2026-04-01 07:11:20,F3,0.6449,OK,0
2026-04-01 07:11:30,F3,0.6450,OK,0
2026-04-01 07:11:41,F3,0.6451,OK,0
2026-04-01 07:11:51,F3,0.6452,OK,0
2026-04-01 07:12:01,F3,0.6453,OK,0
2026-04-01 07:12:12,F3,0.6453,OK,0
2026-04-01 07:12:22,F3,0.6454,OK,0
2026-04-01 07:12:32,F3,0.6455,OK,0
2026-04-01 07:12:42,F3,0.6456,OK,0
2026-04-01 07:12:53,F3,0.6457,OK,0
2026-04-01 07:13:03,F3,0.6457,OK,0
2026-04-01 07:13:13,F3,0.6458,OK,0
2026-04-01 07:13:23,F3,0.6459,OK,0
2026-04-01 07:13:34,F3,0.6460,OK,0
2026-04-01 07:13:44,F3,0.6461,OK,0
2026-04-01 07:13:54,F3,0.6461,OK,0
2026-04-01 07:14:05,F3,0.6462,OK,0
2026-04-01 07:14:15,F3,0.6463,OK,0
2026-04-01 07:14:25,F3,0.6464,OK,0
2026-04-01 07:14:35,F3,0.6465,OK,0
2026-04-01 07:14:46,F3,0.6466,OK,0
2026-04-01 07:14:56,F3,0.6467,OK,0
2026-04-01 07:15:06,F3,0.6468,OK,0
2026-04-01 07:15:16,F3,0.6468,OK,0
2026-04-01 07:15:27,F3,0.6469,OK,0
2026-04-01 07:15:37,F3,0.6470,OK,0
2026-04-01 07:15:47,F3,0.6471,OK,0
2026-04-01 07:15:58,F3,0.6472,OK,0
2026-04-01 07:16:08,F3,0.6473,OK,0
2026-04-01 07:16:18,F3,0.6474,OK,0
2026-04-01 07:16:28,F3,0.6475,OK,0
2026-04-01 07:16:39,F3,0.6476,OK,0
2026-04-01 07:16:49,F3,0.6477,OK,0
2026-04-01 07:16:59,F3,0.6478,OK,0
2026-04-01 07:17:09,F3,0.6479,OK,0
2026-04-01 07:17:20,F3,0.6480,OK,0
2026-04-01 07:17:30,F3,0.6481,OK,0
2026-04-01 07:17:40,F3,0.6482,OK,0
2026-04-01 07:17:50,F3,0.6483,OK,0
2026-04-01 07:18:01,F3,0.6484,OK,0
2026-04-01 07:18:11,F3,0.6485,OK,0
2026-04-01 07:18:21,F3,0.6486,OK,0
2026-04-01 07:18:31,F3,0.6487,OK,0
2026-04-01 07:18:42,F3,0.6488,OK,0
2026-04-01 07:18:52,F3,0.6489,OK,0
2026-04-01 07:19:02,F3,0.6490,OK,0
2026-04-01 07:19:13,F3,0.6491,OK,0
2026-04-01 07:19:23,F3,0.6492,OK,0
2026-04-01 07:19:33,F3,0.6493,OK,0
2026-04-01 07:19:43,F3,0.6494,OK,0
2026-04-01 07:19:54,F3,0.6495,OK,0
2026-04-01 07:20:04,F3,0.6496,OK,0
2026-04-01 07:20:14,F3,0.6497,OK,0
2026-04-01 07:20:24,F3,0.6498,OK,0
2026-04-01 07:20:35,F3,0.6499,OK,0
2026-04-01 07:20:45,F3,0.6500,OK,0
2026-04-01 07:20:55,F3,0.6501,OK,0
2026-04-01 07:21:06,F3,0.6502,OK,0
2026-04-01 07:21:16,F3,0.6503,OK,0
2026-04-01 07:21:26,F3,0.6504,OK,0
2026-04-01 07:21:36,F3,0.6506,OK,0
2026-04-01 07:21:47,F3,0.6507,OK,0
2026-04-01 07:21:57,F3,0.6508,OK,0
2026-04-01 07:22:07,F3,0.6509,OK,0
2026-04-01 07:22:17,F3,0.6510,OK,0
2026-04-01 07:22:28,F3,0.6511,OK,0
2026-04-01 07:22:38,F3,0.6512,OK,0
2026-04-01 07:22:48,F3,0.6514,OK,0
2026-04-01 07:22:58,F3,0.6515,OK,0
2026-04-01 07:23:09,F3,0.6516,OK,0
2026-04-01 07:23:19,F3,0.6517,OK,0
2026-04-01 07:23:29,F3,0.6518,OK,0
2026-04-01 07:23:39,F3,0.6520,OK,0
2026-04-01 07:23:50,F3,0.6521,OK,0
2026-04-01 07:24:00,F3,0.6522,OK,0
2026-04-01 07:24:10,F3,0.6523,OK,0
2026-04-01 07:24:21,F3,0.6525,OK,0
2026-04-01 07:24:31,F3,0.6526,OK,0
2026-04-01 07:24:41,F3,0.6527,OK,0
2026-04-01 07:24:51,F3,0.6528,OK,0
2026-04-01 07:25:02,F3,0.6530,OK,0
2026-04-01 07:25:12,F3,0.6531,OK,0
2026-04-01 07:25:22,F3,0.6532,OK,0
2026-04-01 07:25:32,F3,0.6534,OK,0
2026-04-01 07:25:43,F3,0.6535,OK,0
2026-04-01 07:25:53,F3,0.6536,OK,0
2026-04-01 07:26:03,F3,0.6537,OK,0
2026-04-01 07:26:13,F3,0.6539,OK,0
2026-04-01 07:26:24,F3,0.6540,OK,0
2026-04-01 07:26:34,F3,0.6541,OK,0
2026-04-01 07:26:44,F3,0.6543,OK,0
2026-04-01 07:26:54,F3,0.6544,OK,0
2026-04-01 07:27:05,F3,0.6545,OK,0
2026-04-01 07:27:15,F3,0.6546,OK,0
2026-04-01 07:27:25,F3,0.6548,OK,0
2026-04-01 07:27:36,F3,0.6549,OK,0
2026-04-01 07:27:46,F3,0.6550,OK,0
2026-04-01 07:27:56,F3,0.6552,OK,0
2026-04-01 07:28:06,F3,0.6553,OK,0
2026-04-01 07:28:17,F3,0.6554,OK,0
2026-04-01 07:28:27,F3,0.6555,OK,0
2026-04-01 07:28:37,F3,0.6557,OK,0
2026-04-01 07:28:47,F3,0.6558,OK,0
2026-04-01 07:28:58,F3,0.6559,OK,0
2026-04-01 07:29:08,F3,0.6561,OK,0
2026-04-01 07:29:18,F3,0.6562,OK,0
2026-04-01 07:29:28,F3,0.6563,OK,0
2026-04-01 07:29:39,F3,0.6565,OK,0
2026-04-01 07:29:49,F3,0.6566,OK,0
2026-04-01 07:29:59,F3,0.6567,OK,0
2026-04-01 07:30:10,F3,0.6569,OK,0
2026-04-01 07:30:20,F3,0.6570,OK,0
2026-04-01 07:30:30,F3,0.6571,OK,0
2026-04-01 07:30:40,F3,0.6573,OK,0
2026-04-01 07:30:51,F3,0.6574,OK,0
2026-04-01 07:31:01,F3,0.6576,OK,0
2026-04-01 07:31:11,F3,0.6577,OK,0
2026-04-01 07:31:22,F3,0.6579,OK,0
2026-04-01 07:31:32,F3,0.6580,OK,0
2026-04-01 07:31:42,F3,0.6581,OK,0
2026-04-01 07:31:52,F3,0.6583,OK,0
2026-04-01 07:32:03,F3,0.6584,OK,0
2026-04-01 07:32:13,F3,0.6586,OK,0
2026-04-01 07:32:23,F3,0.6587,OK,0
2026-04-01 07:32:33,F3,0.6589,OK,0
2026-04-01 07:32:44,F3,0.6590,OK,0
2026-04-01 07:32:54,F3,0.6591,OK,0
2026-04-01 07:33:04,F3,0.6593,OK,0
2026-04-01 07:33:14,F3,0.6594,OK,0
2026-04-01 07:33:25,F3,0.6596,OK,0
2026-04-01 07:33:35,F3,0.6597,OK,0
2026-04-01 07:33:45,F3,0.6599,OK,0
2026-04-01 07:33:56,F3,0.6600,OK,0
2026-04-01 07:34:06,F3,0.6601,OK,0
2026-04-01 07:34:16,F3,0.6603,OK,0
2026-04-01 07:34:26,F3,0.6604,OK,0
2026-04-01 07:34:37,F3,0.6606,OK,0
2026-04-01 07:34:47,F3,0.6607,OK,0
2026-04-01 07:34:57,F3,0.6608,OK,0
2026-04-01 07:35:07,F3,0.6610,OK,0
2026-04-01 07:35:18,F3,0.6611,OK,0
2026-04-01 07:35:28,F3,0.6613,OK,0
2026-04-01 07:35:38,F3,0.6614,OK,0
2026-04-01 07:35:48,F3,0.6615,OK,0
2026-04-01 07:35:59,F3,0.6617,OK,0
2026-04-01 07:36:09,F3,0.6618,OK,0
2026-04-01 07:36:19,F3,0.6620,OK,0
2026-04-01 07:36:29,F3,0.6621,OK,0
2026-04-01 07:36:40,F3,0.6622,OK,0
2026-04-01 07:36:50,F3,0.6624,OK,0
2026-04-01 07:37:00,F3,0.6625,OK,0
2026-04-01 07:37:11,F3,0.6627,OK,0
2026-04-01 07:37:21,F3,0.6628,OK,1
2026-04-01 07:37:31,F3,0.6630,OK,1
2026-04-01 07:37:41,F3,0.6631,OK,1
2026-04-01 07:37:52,F3,0.6632,OK,0
2026-04-01 07:38:02,F3,0.6634,OK,0
2026-04-01 07:38:12,F3,0.6635,OK,0
2026-04-01 07:38:22,F3,0.6637,OK,0
2026-04-01 07:38:33,F3,0.6638,OK,0
2026-04-01 07:38:43,F3,0.6639,OK,0
2026-04-01 07:38:53,F3,0.6641,OK,0
2026-04-01 07:39:03,F3,0.6642,OK,1
2026-04-01 07:39:14,F3,0.6644,OK,0
2026-04-01 07:39:24,F3,0.6645,OK,0
2026-04-01 07:39:34,F3,0.6646,OK,0
2026-04-01 07:39:44,F3,0.6648,Bajo rango,0
2026-04-01 07:39:55,F3,0.6649,Bajo rango,0
2026-04-01 07:40:05,F3,0.6650,Bajo rango,0
2026-04-01 07:40:15,F3,0.6652,Bajo rango,0
2026-04-01 07:40:26,F3,0.6653,Bajo rango,0
2026-04-01 07:40:36,F3,0.6654,Bajo rango,0
2026-04-01 07:40:46,F3,0.6656,Bajo rango,0
2026-04-01 07:40:56,F3,0.6657,Bajo rango,0
2026-04-01 07:41:07,F3,0.6658,Bajo rango,0
2026-04-01 07:41:17,F3,0.6659,OK,0
2026-04-01 07:41:27,F3,0.6660,OK,0
2026-04-01 07:41:38,F3,0.6661,OK,0
2026-04-01 07:41:48,F3,0.6662,OK,0
2026-04-01 07:41:58,F3,0.6663,OK,0
2026-04-01 07:42:08,F3,0.6664,OK,0
2026-04-01 07:42:19,F3,0.6665,OK,0
2026-04-01 07:42:29,F3,0.6665,OK,0
2026-04-01 07:42:39,F3,0.6666,OK,0
2026-04-01 07:42:49,F3,0.6666,OK,0
2026-04-01 07:43:00,F3,0.6667,OK,0
2026-04-01 07:43:10,F3,0.6667,OK,0
2026-04-01 07:43:20,F3,0.6668,OK,0
2026-04-01 07:43:31,F3,0.6668,OK,0
2026-04-01 07:43:41,F3,0.6668,OK,0
2026-04-01 07:43:51,F3,0.6668,OK,0
2026-04-01 07:44:01,F3,0.6669,OK,0
2026-04-01 07:44:12,F3,0.6669,OK,0
2026-04-01 07:44:22,F3,0.6669,OK,0
2026-04-01 07:44:32,F3,0.6668,OK,0
2026-04-01 07:44:42,F3,0.6668,OK,0
2026-04-01 07:44:53,F3,0.6668,OK,0
2026-04-01 07:45:03,F3,0.6668,OK,0
2026-04-01 07:45:13,F3,0.6667,OK,0
2026-04-01 07:45:23,F3,0.6667,OK,0
2026-04-01 07:45:34,F3,0.6666,OK,0
2026-04-01 07:45:44,F3,0.6666,OK,0
2026-04-01 07:45:54,F3,0.6665,OK,0
2026-04-01 07:46:05,F3,0.6665,OK,0
2026-04-01 07:46:15,F3,0.6664,OK,0
2026-04-01 07:46:25,F3,0.6663,OK,0
2026-04-01 07:46:35,F3,0.6662,OK,0
2026-04-01 07:46:46,F3,0.6661,OK,0
2026-04-01 07:46:56,F3,0.6661,OK,0
2026-04-01 07:47:06,F3,0.6660,OK,0
2026-04-01 07:47:16,F3,0.6659,OK,0
2026-04-01 07:47:27,F3,0.6657,OK,0
2026-04-01 07:47:37,F3,0.6656,OK,0
2026-04-01 07:47:47,F3,0.6655,OK,0
2026-04-01 07:47:58,F3,0.6654,OK,0
2026-04-01 07:48:08,F3,0.6653,OK,0
2026-04-01 07:48:18,F3,0.6651,OK,0
2026-04-01 07:48:28,F3,0.6650,OK,0
2026-04-01 07:48:39,F3,0.6649,OK,0
2026-04-01 07:48:49,F3,0.6647,OK,0
2026-04-01 07:48:59,F3,0.6646,OK,0
2026-04-01 07:49:09,F3,0.6644,OK,0
2026-04-01 07:49:20,F3,0.6643,OK,0
2026-04-01 07:49:30,F3,0.6641,OK,0
2026-04-01 07:49:40,F3,0.6639,OK,0
2026-04-01 07:49:50,F3,0.6638,OK,0
2026-04-01 07:50:01,F3,0.6636,OK,0
2026-04-01 07:50:11,F3,0.6634,OK,0
2026-04-01 07:50:21,F3,0.6632,OK,0
2026-04-01 07:50:31,F3,0.6630,OK,0
2026-04-01 07:50:42,F3,0.6628,OK,0
2026-04-01 07:50:52,F3,0.6627,OK,0
2026-04-01 07:51:02,F3,0.6625,OK,0
2026-04-01 07:51:13,F3,0.6623,OK,0
2026-04-01 07:51:23,F3,0.6621,OK,0
2026-04-01 07:51:33,F3,0.6619,OK,0
2026-04-01 07:51:43,F3,0.6617,OK,0
2026-04-01 07:51:54,F3,0.6615,OK,0
2026-04-01 07:52:04,F3,0.6613,OK,0
2026-04-01 07:52:14,F3,0.6610,OK,0
2026-04-01 07:52:24,F3,0.6608,OK,0
2026-04-01 07:52:35,F3,0.6606,OK,0
2026-04-01 07:52:45,F3,0.6604,OK,0
2026-04-01 07:52:55,F3,0.6602,OK,0
2026-04-01 07:53:05,F3,0.6600,OK,0
2026-04-01 07:53:16,F3,0.6598,OK,0
2026-04-01 07:53:26,F3,0.6595,OK,0
2026-04-01 07:53:36,F3,0.6593,OK,0
2026-04-01 07:53:47,F3,0.6591,OK,0
2026-04-01 07:53:57,F3,0.6589,OK,0
2026-04-01 07:54:07,F3,0.6587,OK,0
2026-04-01 07:54:17,F3,0.6584,OK,0
2026-04-01 07:54:28,F3,0.6582,OK,0
2026-04-01 07:54:38,F3,0.6580,OK,0
2026-04-01 07:54:48,F3,0.6577,OK,0
2026-04-01 07:54:58,F3,0.6575,OK,0
2026-04-01 07:55:09,F3,0.6573,OK,0
2026-04-01 07:55:19,F3,0.6570,OK,0
2026-04-01 07:55:29,F3,0.6568,OK,0
2026-04-01 07:55:40,F3,0.6566,OK,0
2026-04-01 07:55:50,F3,0.6563,OK,0
2026-04-01 07:56:00,F3,0.6561,OK,0
2026-04-01 07:56:10,F3,0.6559,OK,0
2026-04-01 07:56:21,F3,0.6556,OK,0
2026-04-01 07:56:31,F3,0.6554,OK,0
2026-04-01 07:56:41,F3,0.6551,OK,0
2026-04-01 07:56:51,F3,0.6549,OK,0
2026-04-01 07:57:02,F3,0.6546,OK,0
2026-04-01 07:57:12,F3,0.6544,OK,0
2026-04-01 07:57:22,F3,0.6542,OK,0
2026-04-01 07:57:32,F3,0.6539,OK,0
2026-04-01 07:57:43,F3,0.6537,OK,0
2026-04-01 07:57:53,F3,0.6534,OK,0
2026-04-01 07:58:03,F3,0.6532,OK,0
2026-04-01 07:58:14,F3,0.6529,OK,0
2026-04-01 07:58:24,F3,0.6527,OK,0
2026-04-01 07:58:34,F3,0.6524,OK,0
2026-04-01 07:58:44,F3,0.6522,OK,0
2026-04-01 07:58:55,F3,0.6519,OK,0
2026-04-01 07:59:05,F3,0.6517,OK,0
2026-04-01 07:59:15,F3,0.6514,OK,0
2026-04-01 07:59:26,F3,0.6512,OK,0
2026-04-01 07:59:36,F3,0.6510,OK,0
2026-04-01 07:59:46,F3,0.6507,OK,0
2026-04-01 07:59:56,F3,0.6505,OK,0
2026-04-01 08:00:07,F3,0.6502,OK,0
2026-04-01 08:00:17,F3,0.6500,OK,0
2026-04-01 08:00:27,F3,0.6498,OK,0
2026-04-01 08:00:38,F3,0.6495,OK,0
2026-04-01 08:00:48,F3,0.6493,OK,0
2026-04-01 08:00:58,F3,0.6491,OK,0
2026-04-01 08:01:08,F3,0.6488,OK,0
2026-04-01 08:01:19,F3,0.6486,OK,0
2026-04-01 08:01:29,F3,0.6484,OK,0
2026-04-01 08:01:39,F3,0.6481,OK,0
2026-04-01 08:01:50,F3,0.6479,OK,0
2026-04-01 08:02:00,F3,0.6477,OK,0
2026-04-01 08:02:10,F3,0.6475,OK,0
2026-04-01 08:02:20,F3,0.6473,OK,0
2026-04-01 08:02:31,F3,0.6470,OK,0
2026-04-01 08:02:41,F3,0.6468,OK,0
2026-04-01 08:02:51,F3,0.6466,OK,0
2026-04-01 08:03:01,F3,0.6464,OK,0
2026-04-01 08:03:12,F3,0.6462,OK,0
2026-04-01 08:03:22,F3,0.6460,OK,0
2026-04-01 08:03:32,F3,0.6458,OK,0
2026-04-01 08:03:43,F3,0.6455,OK,0
2026-04-01 08:03:53,F3,0.6453,OK,0
2026-04-01 08:04:03,F3,0.6451,OK,0
2026-04-01 08:04:13,F3,0.6449,OK,0
2026-04-01 08:04:24,F3,0.6447,OK,0
2026-04-01 08:04:34,F3,0.6445,OK,0
2026-04-01 08:04:44,F3,0.6443,OK,0
2026-04-01 08:04:54,F3,0.6441,OK,0
2026-04-01 08:05:05,F3,0.6439,OK,0
2026-04-01 08:05:15,F3,0.6437,OK,0
2026-04-01 08:05:25,F3,0.6436,OK,0
2026-04-01 08:05:36,F3,0.6434,OK,0
2026-04-01 08:05:46,F3,0.6432,OK,0
2026-04-01 08:05:56,F3,0.6430,OK,0
2026-04-01 08:06:07,F3,0.6428,OK,0
2026-04-01 08:06:17,F3,0.6426,OK,0
2026-04-01 08:06:27,F3,0.6425,OK,0
2026-04-01 08:06:37,F3,0.6423,OK,0
2026-04-01 08:06:48,F3,0.6421,OK,0
2026-04-01 08:06:58,F3,0.6420,OK,0
2026-04-01 08:07:08,F3,0.6418,OK,0
2026-04-01 08:07:18,F3,0.6417,OK,0
2026-04-01 08:07:29,F3,0.6415,OK,0
2026-04-01 08:07:39,F3,0.6414,OK,0
2026-04-01 08:07:49,F3,0.6412,OK,0
2026-04-01 08:07:59,F3,0.6411,OK,0
2026-04-01 08:08:10,F3,0.6409,OK,0
2026-04-01 08:08:20,F3,0.6408,OK,0
2026-04-01 08:08:30,F3,0.6407,OK,0
2026-04-01 08:08:41,F3,0.6406,OK,0
2026-04-01 08:08:51,F3,0.6404,OK,0
2026-04-01 08:09:01,F3,0.6403,OK,0
2026-04-01 08:09:11,F3,0.6402,OK,0
2026-04-01 08:09:22,F3,0.6401,OK,0
2026-04-01 08:09:32,F3,0.6400,OK,0
2026-04-01 08:09:42,F3,0.6399,OK,0
2026-04-01 08:09:52,F3,0.6398,OK,0
2026-04-01 08:10:03,F3,0.6397,OK,0
2026-04-01 08:10:13,F3,0.6396,OK,0
2026-04-01 08:10:23,F3,0.6395,OK,0
2026-04-01 08:10:33,F3,0.6394,OK,0
2026-04-01 08:10:44,F3,0.6393,OK,0
2026-04-01 08:10:54,F3,0.6392,OK,0
2026-04-01 08:11:04,F3,0.6391,OK,0
2026-04-01 08:11:15,F3,0.6391,OK,0
2026-04-01 08:11:25,F3,0.6390,OK,0
2026-04-01 08:11:35,F3,0.6389,OK,0
2026-04-01 08:11:45,F3,0.6389,OK,0
2026-04-01 08:11:56,F3,0.6388,OK,0
2026-04-01 08:12:06,F3,0.6387,OK,0
2026-04-01 08:12:16,F3,0.6387,OK,0
2026-04-01 08:12:26,F3,0.6386,OK,0
2026-04-01 08:12:37,F3,0.6386,OK,0
2026-04-01 08:12:47,F3,0.6385,OK,0
2026-04-01 08:12:57,F3,0.6385,OK,0
2026-04-01 08:13:08,F3,0.6384,OK,0
2026-04-01 08:13:18,F3,0.6384,OK,0
2026-04-01 08:13:28,F3,0.6383,OK,0
2026-04-01 08:13:38,F3,0.6383,OK,0
2026-04-01 08:13:49,F3,0.6383,OK,0
2026-04-01 08:13:59,F3,0.6383,OK,0
2026-04-01 08:14:09,F3,0.6383,OK,0
2026-04-01 08:14:19,F3,0.6382,OK,0
2026-04-01 08:14:30,F3,0.6382,OK,0
2026-04-01 08:14:40,F3,0.6382,OK,0
2026-04-01 08:14:50,F3,0.6382,OK,0
2026-04-01 08:15:00,F3,0.6382,OK,0
2026-04-01 08:15:11,F3,0.6382,OK,0
2026-04-01 08:15:21,F3,0.6382,OK,0
2026-04-01 08:15:31,F3,0.6383,OK,0
2026-04-01 08:15:41,F3,0.6383,OK,0
2026-04-01 08:15:52,F3,0.6383,OK,0
2026-04-01 08:16:02,F3,0.6383,OK,0
2026-04-01 08:16:12,F3,0.6384,OK,0
2026-04-01 08:16:23,F3,0.6384,OK,0
2026-04-01 08:16:33,F3,0.6384,OK,0
2026-04-01 08:16:43,F3,0.6385,OK,0
2026-04-01 08:16:53,F3,0.6385,OK,0
2026-04-01 08:17:04,F3,0.6386,OK,0
2026-04-01 08:17:14,F3,0.6386,OK,0
2026-04-01 08:17:24,F3,0.6387,OK,0
2026-04-01 08:17:34,F3,0.6387,OK,0
2026-04-01 08:17:45,F3,0.6388,OK,0
2026-04-01 08:17:55,F3,0.6388,OK,0
2026-04-01 08:18:05,F3,0.6389,OK,0
2026-04-01 08:18:16,F3,0.6390,OK,0
2026-04-01 08:18:26,F3,0.6390,OK,0
2026-04-01 08:18:36,F3,0.6391,OK,0
2026-04-01 08:18:46,F3,0.6392,OK,0
2026-04-01 08:18:57,F3,0.6392,OK,0
2026-04-01 08:19:07,F3,0.6393,OK,0
2026-04-01 08:19:17,F3,0.6394,OK,0
2026-04-01 08:19:27,F3,0.6395,OK,0
2026-04-01 08:19:38,F3,0.6395,OK,0
2026-04-01 08:19:48,F3,0.6396,OK,0
2026-04-01 08:19:58,F3,0.6397,OK,0
2026-04-01 08:20:08,F3,0.6398,OK,0
2026-04-01 08:20:19,F3,0.6399,OK,0
2026-04-01 08:20:29,F3,0.6400,OK,0
2026-04-01 08:20:39,F3,0.6401,OK,0
2026-04-01 08:20:50,F3,0.6402,OK,0
2026-04-01 08:21:00,F3,0.6403,OK,0
2026-04-01 08:21:10,F3,0.6404,OK,0
2026-04-01 08:21:20,F3,0.6405,OK,0
2026-04-01 08:21:31,F3,0.6406,OK,0
2026-04-01 08:21:41,F3,0.6407,OK,0
2026-04-01 08:21:51,F3,0.6408,OK,0
2026-04-01 08:22:01,F3,0.6409,OK,0
2026-04-01 08:22:12,F3,0.6411,OK,0
2026-04-01 08:22:22,F3,0.6412,OK,0
2026-04-01 08:22:32,F3,0.6413,OK,0
2026-04-01 08:22:42,F3,0.6414,OK,0
2026-04-01 08:22:53,F3,0.6416,OK,0
2026-04-01 08:23:03,F3,0.6417,OK,0
2026-04-01 08:23:13,F3,0.6418,OK,0
2026-04-01 08:23:24,F3,0.6420,OK,0
2026-04-01 08:23:34,F3,0.6421,OK,0
2026-04-01 08:23:44,F3,0.6423,OK,0
2026-04-01 08:23:54,F3,0.6424,OK,0
2026-04-01 08:24:05,F3,0.6426,OK,0
2026-04-01 08:24:15,F3,0.6428,OK,0
2026-04-01 08:24:25,F3,0.6429,OK,0
2026-04-01 08:24:35,F3,0.6431,OK,0
2026-04-01 08:24:46,F3,0.6433,OK,0
2026-04-01 08:24:56,F3,0.6435,OK,0
2026-04-01 08:25:06,F3,0.6436,OK,0
2026-04-01 08:25:16,F3,0.6438,OK,0
2026-04-01 08:25:27,F3,0.6440,OK,0
2026-04-01 08:25:37,F3,0.6442,OK,0
2026-04-01 08:25:47,F3,0.6444,OK,0
2026-04-01 08:25:58,F3,0.6446,OK,0
2026-04-01 08:26:08,F3,0.6448,OK,0
2026-04-01 08:26:18,F3,0.6450,OK,0
2026-04-01 08:26:28,F3,0.6452,OK,0
2026-04-01 08:26:39,F3,0.6454,OK,0
2026-04-01 08:26:49,F3,0.6456,OK,0
2026-04-01 08:26:59,F3,0.6458,OK,0
2026-04-01 08:27:09,F3,0.6460,OK,0
2026-04-01 08:27:20,F3,0.6463,OK,0
2026-04-01 08:27:30,F3,0.6465,OK,0
2026-04-01 08:27:40,F3,0.6467,OK,0
2026-04-01 08:27:50,F3,0.6469,OK,0
2026-04-01 08:28:01,F3,0.6472,OK,0
2026-04-01 08:28:11,F3,0.6474,OK,0
2026-04-01 08:28:21,F3,0.6477,OK,0
2026-04-01 08:28:32,F3,0.6479,OK,0
2026-04-01 08:28:42,F3,0.6481,OK,0
2026-04-01 08:28:52,F3,0.6484,OK,0
2026-04-01 08:29:02,F3,0.6486,OK,0
2026-04-01 08:29:13,F3,0.6489,OK,0
2026-04-01 08:29:23,F3,0.6491,OK,0
2026-04-01 08:29:33,F3,0.6494,OK,0
2026-04-01 08:29:44,F3,0.6497,OK,0
2026-04-01 08:29:54,F3,0.6499,OK,0
2026-04-01 08:30:04,F3,0.6502,OK,0
2026-04-01 08:30:14,F3,0.6505,OK,0
2026-04-01 08:30:25,F3,0.6508,OK,0
2026-04-01 08:30:35,F3,0.6510,OK,0
2026-04-01 08:30:45,F3,0.6513,OK,0
2026-04-01 08:30:56,F3,0.6516,OK,0
2026-04-01 08:31:06,F3,0.6519,OK,0
2026-04-01 08:31:16,F3,0.6522,OK,0
2026-04-01 08:31:26,F3,0.6525,OK,0
2026-04-01 08:31:37,F3,0.6528,OK,0
2026-04-01 08:31:47,F3,0.6531,OK,0
2026-04-01 08:31:57,F3,0.6534,OK,0
2026-04-01 08:32:07,F3,0.6537,OK,0
2026-04-01 08:32:18,F3,0.6540,OK,0
2026-04-01 08:32:28,F3,0.6543,OK,0
2026-04-01 08:32:38,F3,0.6546,OK,0
2026-04-01 08:32:49,F3,0.6549,OK,0
2026-04-01 08:32:59,F3,0.6552,OK,0
2026-04-01 08:33:09,F3,0.6555,OK,0
2026-04-01 08:33:19,F3,0.6559,OK,0
2026-04-01 08:33:30,F3,0.6562,OK,0
2026-04-01 08:33:40,F3,0.6565,OK,0
2026-04-01 08:33:50,F3,0.6568,OK,0
2026-04-01 08:34:01,F3,0.6571,OK,0
2026-04-01 08:34:11,F3,0.6574,OK,0
2026-04-01 08:34:21,F3,0.6578,OK,0
2026-04-01 08:34:31,F3,0.6581,OK,0
2026-04-01 08:34:42,F3,0.6584,OK,0
2026-04-01 08:34:52,F3,0.6587,OK,0
2026-04-01 08:35:02,F3,0.6590,OK,0
2026-04-01 08:35:12,F3,0.6594,OK,0
2026-04-01 08:35:23,F3,0.6597,OK,0
2026-04-01 08:35:33,F3,0.6600,OK,0
2026-04-01 08:35:43,F3,0.6604,OK,0
2026-04-01 08:35:53,F3,0.6607,OK,0
2026-04-01 08:36:04,F3,0.6610,OK,0
2026-04-01 08:36:14,F3,0.6613,OK,0
2026-04-01 08:36:24,F3,0.6617,OK,0
2026-04-01 08:36:34,F3,0.6620,OK,0
2026-04-01 08:36:45,F3,0.6624,OK,0
2026-04-01 08:36:55,F3,0.6627,OK,0
2026-04-01 08:37:05,F3,0.6630,OK,0
2026-04-01 08:37:16,F3,0.6634,OK,0
2026-04-01 08:37:26,F3,0.6637,OK,0
2026-04-01 08:37:36,F3,0.6640,OK,0
2026-04-01 08:37:46,F3,0.6644,OK,0
2026-04-01 08:37:57,F3,0.6647,OK,0
2026-04-01 08:38:07,F3,0.6651,OK,0
2026-04-01 08:38:17,F3,0.6654,OK,0
2026-04-01 08:38:27,F3,0.6658,OK,0
2026-04-01 08:38:38,F3,0.6661,OK,0
2026-04-01 08:38:48,F3,0.6665,OK,0
2026-04-01 08:38:58,F3,0.6668,OK,0
2026-04-01 08:39:09,F3,0.6672,OK,0
2026-04-01 08:39:19,F3,0.6675,OK,0
2026-04-01 08:39:29,F3,0.6679,OK,0
2026-04-01 08:39:39,F3,0.6682,OK,0
2026-04-01 08:39:50,F3,0.6686,OK,0
2026-04-01 08:40:00,F3,0.6689,OK,0
2026-04-01 08:40:10,F3,0.6693,OK,0
2026-04-01 08:40:20,F3,0.6696,OK,0
2026-04-01 08:40:31,F3,0.6700,OK,0
2026-04-01 08:40:41,F3,0.6703,OK,0
2026-04-01 08:40:51,F3,0.6707,OK,0
2026-04-01 08:41:01,F3,0.6711,OK,0
2026-04-01 08:41:12,F3,0.6714,OK,0
2026-04-01 08:41:22,F3,0.6718,OK,0
2026-04-01 08:41:32,F3,0.6721,OK,0
2026-04-01 08:41:42,F3,0.6724,OK,0
2026-04-01 08:41:53,F3,0.6728,OK,0
2026-04-01 08:42:03,F3,0.6731,OK,1
2026-04-01 08:42:13,F3,0.6735,OK,1
2026-04-01 08:42:24,F3,0.6738,OK,0
2026-04-01 08:42:34,F3,0.6742,OK,0
2026-04-01 08:42:44,F3,0.6745,OK,0
2026-04-01 08:42:54,F3,0.6749,OK,0
2026-04-01 08:43:05,F3,0.6752,OK,0
2026-04-01 08:43:15,F3,0.6756,OK,0
2026-04-01 08:43:25,F3,0.6759,OK,0
2026-04-01 08:43:36,F3,0.6762,OK,0
2026-04-01 08:43:46,F3,0.6766,OK,0
2026-04-01 08:43:56,F3,0.6769,OK,0
2026-04-01 08:44:06,F3,0.6773,OK,0
2026-04-01 08:44:17,F3,0.6776,OK,0
2026-04-01 08:44:27,F3,0.6780,OK,0
2026-04-01 08:44:37,F3,0.6783,OK,0
2026-04-01 08:44:47,F3,0.6786,OK,0
2026-04-01 08:44:58,F3,0.6790,OK,0
2026-04-01 08:45:08,F3,0.6793,OK,0
2026-04-01 08:45:18,F3,0.6797,OK,0
2026-04-01 08:45:29,F3,0.6800,OK,0
2026-04-01 08:45:39,F3,0.6804,OK,0
2026-04-01 08:45:49,F3,0.6807,OK,0
2026-04-01 08:45:59,F3,0.6811,OK,0
2026-04-01 08:46:10,F3,0.6814,OK,0
2026-04-01 08:46:20,F3,0.6818,OK,0
2026-04-01 08:46:30,F3,0.6821,OK,0
2026-04-01 08:46:40,F3,0.6825,OK,0
2026-04-01 08:46:51,F3,0.6828,OK,0
2026-04-01 08:47:01,F3,0.6832,OK,0
2026-04-01 08:47:11,F3,0.6835,OK,0
2026-04-01 08:47:22,F3,0.6839,OK,0
2026-04-01 08:47:32,F3,0.6842,OK,0
2026-04-01 08:47:42,F3,0.6846,OK,0
2026-04-01 08:47:52,F3,0.6849,OK,0
2026-04-01 08:48:03,F3,0.6853,OK,0
2026-04-01 08:48:13,F3,0.6856,OK,0
2026-04-01 08:48:23,F3,0.6860,OK,0
2026-04-01 08:48:33,F3,0.6864,OK,0
2026-04-01 08:48:44,F3,0.6867,OK,0
2026-04-01 08:48:54,F3,0.6871,OK,0
2026-04-01 08:49:04,F3,0.6874,OK,0
2026-04-01 08:49:15,F3,0.6878,OK,0
2026-04-01 08:49:25,F3,0.6882,OK,0
2026-04-01 08:49:35,F3,0.6885,OK,0
2026-04-01 08:49:45,F3,0.6889,OK,0
2026-04-01 08:49:56,F3,0.6893,OK,0
2026-04-01 08:50:06,F3,0.6896,OK,0
2026-04-01 08:50:16,F3,0.6900,OK,0
2026-04-01 08:50:26,F3,0.6904,OK,0
2026-04-01 08:50:37,F3,0.6907,OK,0
2026-04-01 08:50:47,F3,0.6911,OK,0
2026-04-01 08:50:57,F3,0.6915,OK,0
2026-04-01 08:51:07,F3,0.6918,OK,0
2026-04-01 08:51:18,F3,0.6922,OK,0
2026-04-01 08:51:28,F3,0.6926,OK,0
2026-04-01 08:51:38,F3,0.6929,OK,0
2026-04-01 08:51:49,F3,0.6933,OK,0
2026-04-01 08:51:59,F3,0.6937,OK,0
2026-04-01 08:52:09,F3,0.6941,OK,0
2026-04-01 08:52:19,F3,0.6944,OK,0
2026-04-01 08:52:30,F3,0.6948,OK,0
2026-04-01 08:52:40,F3,0.6952,OK,0
2026-04-01 08:52:50,F3,0.6956,OK,0
2026-04-01 08:53:00,F3,0.6960,OK,0
2026-04-01 08:53:11,F3,0.6963,OK,0
2026-04-01 08:53:21,F3,0.6967,OK,0
2026-04-01 08:53:31,F3,0.6971,OK,0
2026-04-01 08:53:41,F3,0.6975,OK,0
2026-04-01 08:53:52,F3,0.6979,OK,0
2026-04-01 08:54:02,F3,0.6983,OK,0
2026-04-01 08:54:12,F3,0.6987,OK,0
2026-04-01 08:54:23,F3,0.6991,OK,0
2026-04-01 08:54:33,F3,0.6994,OK,0
2026-04-01 08:54:43,F3,0.6998,OK,0
2026-04-01 08:54:53,F3,0.7002,OK,0
2026-04-01 08:55:04,F3,0.7006,OK,0
2026-04-01 08:55:14,F3,0.7010,OK,0
2026-04-01 08:55:24,F3,0.7014,OK,0
2026-04-01 08:55:34,F3,0.7018,OK,0
2026-04-01 08:55:45,F3,0.7022,OK,0
2026-04-01 08:55:55,F3,0.7026,OK,0
2026-04-01 08:56:05,F3,0.7030,OK,0
2026-04-01 08:56:15,F3,0.7034,OK,0
2026-04-01 08:56:26,F3,0.7038,OK,0
2026-04-01 08:56:36,F3,0.7042,OK,0
2026-04-01 08:56:46,F3,0.7046,OK,0
2026-04-01 08:56:57,F3,0.7049,OK,0
2026-04-01 08:57:07,F3,0.7053,OK,0
2026-04-01 08:57:17,F3,0.7057,OK,0
2026-04-01 08:57:27,F3,0.7061,OK,0
2026-04-01 08:57:38,F3,0.7065,OK,0
2026-04-01 08:57:48,F3,0.7069,OK,0
2026-04-01 08:57:58,F3,0.7073,OK,0
2026-04-01 08:58:09,F3,0.7077,OK,1
2026-04-01 08:58:19,F3,0.7081,OK,0
2026-04-01 08:58:29,F3,0.7085,OK,0
2026-04-01 08:58:39,F3,0.7089,OK,0
2026-04-01 08:58:50,F3,0.7093,OK,0
2026-04-01 08:59:00,F3,0.7097,OK,0
2026-04-01 08:59:10,F3,0.7101,OK,0
2026-04-01 08:59:20,F3,0.7105,OK,0
2026-04-01 08:59:31,F3,0.7109,OK,0
2026-04-01 08:59:41,F3,0.7113,OK,0
2026-04-01 08:59:51,F3,0.7117,OK,0
2026-04-01 09:00:01,F3,0.7121,OK,0
2026-04-01 09:00:12,F3,0.7125,OK,0
2026-04-01 09:00:22,F3,0.7129,Bajo rango,1
2026-04-01 09:00:32,F3,0.7133,OK,0
2026-04-01 09:00:43,F3,0.7137,OK,0
2026-04-01 09:00:53,F3,0.7141,OK,0
2026-04-01 09:01:03,F3,0.7145,OK,0
2026-04-01 09:01:13,F3,0.7149,Bajo rango,1
2026-04-01 09:01:24,F3,0.7153,Bajo rango,1
2026-04-01 09:01:34,F3,0.7158,Bajo rango,1
2026-04-01 09:01:44,F3,0.7162,OK,0
2026-04-01 09:01:54,F3,0.7166,OK,1
2026-04-01 09:02:05,F3,0.7170,OK,1
2026-04-01 09:02:15,F3,0.7174,OK,0
2026-04-01 09:02:25,F3,0.7178,OK,0
2026-04-01 09:02:36,F3,0.7182,OK,0
2026-04-01 09:02:46,F3,0.7187,OK,0
2026-04-01 09:02:56,F3,0.7191,OK,0
2026-04-01 09:03:06,F3,0.7195,OK,0
2026-04-01 09:03:17,F3,0.7199,OK,0
2026-04-01 09:03:27,F3,0.7204,OK,0
2026-04-01 09:03:37,F3,0.7208,OK,0
2026-04-01 09:03:47,F3,0.7213,OK,0
2026-04-01 09:03:58,F3,0.7217,OK,0
2026-04-01 09:04:08,F3,0.7222,OK,0
2026-04-01 09:04:18,F3,0.7227,OK,0
2026-04-01 09:04:28,F3,0.7232,OK,0
2026-04-01 09:04:39,F3,0.7237,OK,0
2026-04-01 09:04:49,F3,0.7243,OK,0
2026-04-01 09:04:59,F3,0.7249,OK,0
2026-04-01 09:05:10,F3,0.7255,OK,0
2026-04-01 09:05:20,F3,0.7261,OK,0
2026-04-01 09:05:30,F3,0.7268,OK,0
2026-04-01 09:05:40,F3,0.7275,OK,0
2026-04-01 09:05:51,F3,0.7282,OK,0
2026-04-01 09:06:01,F3,0.7290,OK,0
2026-04-01 09:06:11,F3,0.7298,Bajo rango,1
2026-04-01 09:06:21,F3,0.7307,Bajo rango,1
2026-04-01 09:06:32,F3,0.7316,Bajo rango,1
2026-04-01 09:06:42,F3,0.7325,OK,1
2026-04-01 09:06:52,F3,0.7335,Bajo rango,1
2026-04-01 09:07:03,F3,0.7345,Bajo rango,0
2026-04-01 09:07:13,F3,0.7355,Bajo rango,0
2026-04-01 09:07:23,F3,0.7366,Bajo rango,0
2026-04-01 09:07:33,F3,0.7378,OK,1
2026-04-01 09:07:44,F3,0.7389,OK,1
2026-04-01 09:07:54,F3,0.7402,OK,1
2026-04-01 09:08:04,F3,0.7414,OK,1
2026-04-01 09:08:14,F3,0.7427,OK,0
2026-04-01 09:08:25,F3,0.7440,OK,0
2026-04-01 09:08:35,F3,0.7454,OK,0
2026-04-01 09:08:45,F3,0.7468,OK,0
2026-04-01 09:08:56,F3,0.7483,OK,0
2026-04-01 09:09:06,F3,0.7498,OK,0
2026-04-01 09:09:16,F3,0.7513,Alto rango,1
2026-04-01 09:09:26,F3,0.7529,OK,1
2026-04-01 09:09:37,F3,0.7545,OK,1
2026-04-01 09:09:47,F3,0.7562,OK,1
2026-04-01 09:09:57,F3,0.7579,OK,1
2026-04-01 09:10:07,F3,0.7597,OK,0
2026-04-01 09:10:18,F3,0.7616,OK,0
2026-04-01 09:10:28,F3,0.7635,OK,0
2026-04-01 09:10:38,F3,0.7654,OK,0
2026-04-01 09:10:48,F3,0.7674,OK,0
2026-04-01 09:10:59,F3,0.7695,OK,0
2026-04-01 09:11:09,F3,0.7716,OK,0
2026-04-01 09:11:19,F3,0.7737,OK,0
2026-04-01 09:11:30,F3,0.7760,OK,0
2026-04-01 09:11:40,F3,0.7782,OK,0
2026-04-01 09:11:50,F3,0.7806,OK,0
2026-04-01 09:12:00,F3,0.7830,OK,0
2026-04-01 09:12:11,F3,0.7854,OK,0
2026-04-01 09:12:21,F3,0.7879,OK,0
2026-04-01 09:12:31,F3,0.7904,OK,0
2026-04-01 09:12:42,F3,0.7930,OK,0
2026-04-01 09:12:52,F3,0.7957,OK,0
2026-04-01 09:13:02,F3,0.7984,OK,0
2026-04-01 09:13:12,F3,0.8011,OK,0
2026-04-01 09:13:23,F3,0.8039,OK,0
2026-04-01 09:13:33,F3,0.8068,OK,0
2026-04-01 09:13:43,F3,0.8097,OK,0
2026-04-01 09:13:53,F3,0.8127,OK,0
2026-04-01 09:14:04,F3,0.8157,OK,0
2026-04-01 09:14:14,F3,0.8187,OK,0
2026-04-01 09:14:24,F3,0.8219,OK,0
2026-04-01 09:14:35,F3,0.8250,OK,0
2026-04-01 09:14:45,F3,0.8282,OK,0
2026-04-01 09:14:55,F3,0.8315,OK,0
2026-04-01 09:15:05,F3,0.8348,OK,1
2026-04-01 09:15:16,F3,0.8381,OK,0
2026-04-01 09:15:26,F3,0.8415,OK,0
2026-04-01 09:15:36,F3,0.8450,OK,0
2026-04-01 09:15:46,F3,0.8485,OK,1
2026-04-01 09:15:57,F3,0.8520,OK,0
2026-04-01 09:16:07,F3,0.8556,OK,0
2026-04-01 09:16:17,F3,0.8592,OK,0
2026-04-01 09:16:28,F3,0.8629,OK,0
2026-04-01 09:16:38,F3,0.8666,OK,0
2026-04-01 09:16:48,F3,0.8703,OK,0
2026-04-01 09:16:58,F3,0.8741,OK,0
