timestamp,fermentador,flow_filt_sccm,status,is_spike
2026-04-06 14:47:13,F2,0.6709,OK,1
2026-04-06 14:47:23,F2,0.6719,OK,1
2026-04-06 14:47:33,F2,0.6729,OK,0
2026-04-06 14:47:43,F2,0.6739,OK,0
2026-04-06 14:47:54,F2,0.6749,OK,0
2026-04-06 14:48:04,F2,0.6759,OK,0
2026-04-06 14:48:14,F2,0.6769,OK,0
2026-04-06 14:48:24,F2,0.6779,OK,1
2026-04-06 14:48:35,F2,0.6789,OK,1
2026-04-06 14:48:45,F2,0.6800,OK,1
2026-04-06 14:48:55,F2,0.6811,Alto rango,1
2026-04-06 14:49:05,F2,0.6821,OK,1
2026-04-06 14:49:15,F2,0.6833,OK,0
2026-04-06 14:49:26,F2,0.6844,OK,0
2026-04-06 14:49:36,F2,0.6856,OK,0
2026-04-06 14:49:46,F2,0.6867,OK,0
2026-04-06 14:49:56,F2,0.6880,OK,0
2026-04-06 14:50:07,F2,0.6892,OK,0
2026-04-06 14:50:17,F2,0.6905,OK,0
2026-04-06 14:50:27,F2,0.6918,OK,0
2026-04-06 14:50:37,F2,0.6931,OK,0
2026-04-06 14:50:48,F2,0.6945,OK,0
2026-04-06 14:50:58,F2,0.6959,OK,0
2026-04-06 14:51:08,F2,0.6974,OK,0
2026-04-06 14:51:18,F2,0.6988,OK,0
2026-04-06 14:51:29,F2,0.7003,OK,0
2026-04-06 14:51:39,F2,0.7019,OK,0
2026-04-06 14:51:49,F2,0.7034,OK,0
2026-04-06 14:51:59,F2,0.7050,OK,0
2026-04-06 14:52:10,F2,0.7067,OK,0
2026-04-06 14:52:20,F2,0.7083,OK,0
2026-04-06 14:52:30,F2,0.7100,OK,0
2026-04-06 14:52:40,F2,0.7117,OK,0
2026-04-06 14:52:50,F2,0.7135,OK,0
2026-04-06 14:53:01,F2,0.7153,OK,0
2026-04-06 14:53:11,F2,0.7171,OK,0
2026-04-06 14:53:21,F2,0.7190,OK,0
2026-04-06 14:53:31,F2,0.7209,OK,0
2026-04-06 14:53:42,F2,0.7228,OK,0
2026-04-06 14:53:52,F2,0.7247,OK,0
2026-04-06 14:54:02,F2,0.7267,OK,0
2026-04-06 14:54:12,F2,0.7287,OK,0
2026-04-06 14:54:23,F2,0.7307,OK,0
2026-04-06 14:54:33,F2,0.7328,OK,0
2026-04-06 14:54:43,F2,0.7349,OK,0
2026-04-06 14:54:53,F2,0.7370,OK,0
2026-04-06 14:55:04,F2,0.7392,OK,0
2026-04-06 14:55:14,F2,0.7413,OK,0
2026-04-06 14:55:24,F2,0.7435,OK,0
2026-04-06 14:55:34,F2,0.7458,OK,0
2026-04-06 14:55:45,F2,0.7480,OK,0
2026-04-06 14:55:55,F2,0.7503,OK,0
2026-04-06 14:56:05,F2,0.7526,OK,0
2026-04-06 14:56:15,F2,0.7550,OK,0
2026-04-06 14:56:25,F2,0.7574,OK,0
2026-04-06 14:56:36,F2,0.7597,OK,0
2026-04-06 14:56:46,F2,0.7622,OK,0
2026-04-06 14:56:56,F2,0.7646,OK,0
2026-04-06 14:57:07,F2,0.7671,OK,0
2026-04-06 14:57:17,F2,0.7695,OK,0
2026-04-06 14:57:27,F2,0.7721,OK,0
2026-04-06 14:57:37,F2,0.7746,OK,0
2026-04-06 14:57:48,F2,0.7771,OK,0
2026-04-06 14:57:58,F2,0.7797,OK,0
2026-04-06 14:58:08,F2,0.7823,OK,0
2026-04-06 14:58:18,F2,0.7849,OK,0
2026-04-06 14:58:28,F2,0.7876,OK,0
2026-04-06 14:58:39,F2,0.7902,OK,0
2026-04-06 14:58:49,F2,0.7929,OK,0
2026-04-06 14:58:59,F2,0.7956,OK,0
2026-04-06 14:59:09,F2,0.7983,OK,0
2026-04-06 14:59:20,F2,0.8010,OK,0
2026-04-06 14:59:30,F2,0.8038,OK,0
2026-04-06 14:59:40,F2,0.8065,OK,0
2026-04-06 14:59:50,F2,0.8093,OK,0
2026-04-06 15:00:01,F2,0.8121,OK,0
2026-04-06 15:00:11,F2,0.8149,OK,0
2026-04-06 15:00:21,F2,0.8178,OK,0
2026-04-06 15:00:31,F2,0.8206,OK,0
2026-04-06 15:00:42,F2,0.8234,OK,0
2026-04-06 15:00:52,F2,0.8263,OK,0
2026-04-06 15:01:02,F2,0.8292,OK,0
2026-04-06 15:01:12,F2,0.8321,OK,0
2026-04-06 15:01:23,F2,0.8350,OK,0
2026-04-06 15:01:33,F2,0.8379,OK,0
2026-04-06 15:01:43,F2,0.8408,OK,0
2026-04-06 15:01:53,F2,0.8438,OK,0
2026-04-06 15:02:04,F2,0.8467,OK,0
2026-04-06 15:02:14,F2,0.8496,OK,0
2026-04-06 15:02:24,F2,0.8526,OK,0
2026-04-06 15:02:34,F2,0.8556,OK,0
2026-04-06 15:02:45,F2,0.8585,OK,0
2026-04-06 15:02:55,F2,0.8615,OK,0
2026-04-06 15:03:05,F2,0.8645,OK,0
2026-04-06 15:03:15,F2,0.8675,OK,0
2026-04-06 15:03:25,F2,0.8705,OK,0
2026-04-06 15:03:36,F2,0.8735,OK,0
2026-04-06 15:03:46,F2,0.8765,OK,0
2026-04-06 15:03:56,F2,0.8795,OK,0
2026-04-06 15:04:06,F2,0.8825,OK,0
2026-04-06 15:04:17,F2,0.8855,OK,0
2026-04-06 15:04:27,F2,0.8885,OK,0
2026-04-06 15:04:37,F2,0.8916,OK,0
2026-04-06 15:04:47,F2,0.8946,OK,0
2026-04-06 15:04:58,F2,0.8976,OK,0
2026-04-06 15:05:08,F2,0.9006,OK,0
2026-04-06 15:05:18,F2,0.9036,OK,0
2026-04-06 15:05:28,F2,0.9066,OK,0
2026-04-06 15:05:39,F2,0.9096,OK,0
2026-04-06 15:05:49,F2,0.9127,OK,0
2026-04-06 15:05:59,F2,0.9157,OK,0
2026-04-06 15:06:09,F2,0.9187,OK,0
2026-04-06 15:06:20,F2,0.9217,OK,0
2026-04-06 15:06:30,F2,0.9247,OK,0
2026-04-06 15:06:40,F2,0.9277,OK,0
2026-04-06 15:06:50,F2,0.9306,OK,0
2026-04-06 15:07:00,F2,0.9336,OK,0
2026-04-06 15:07:11,F2,0.9366,OK,0
2026-04-06 15:07:21,F2,0.9396,OK,0
2026-04-06 15:07:31,F2,0.9426,OK,0
2026-04-06 15:07:41,F2,0.9455,OK,0
2026-04-06 15:07:52,F2,0.9485,OK,0
2026-04-06 15:08:02,F2,0.9514,OK,0
2026-04-06 15:08:12,F2,0.9543,OK,0
2026-04-06 15:08:22,F2,0.9573,OK,0
2026-04-06 15:08:33,F2,0.9602,OK,0
2026-04-06 15:08:43,F2,0.9631,OK,0
2026-04-06 15:08:53,F2,0.9660,OK,0
2026-04-06 15:09:03,F2,0.9689,OK,0
2026-04-06 15:09:14,F2,0.9718,OK,0
2026-04-06 15:09:24,F2,0.9747,OK,0
2026-04-06 15:09:34,F2,0.9775,OK,0
2026-04-06 15:09:44,F2,0.9804,OK,0
2026-04-06 15:09:54,F2,0.9832,OK,0
2026-04-06 15:10:05,F2,0.9861,OK,0
2026-04-06 15:10:15,F2,0.9889,OK,0
2026-04-06 15:10:25,F2,0.9917,OK,0
2026-04-06 15:10:35,F2,0.9945,OK,0
2026-04-06 15:10:46,F2,0.9973,OK,0
2026-04-06 15:10:56,F2,1.0000,OK,0
2026-04-06 15:11:06,F2,1.0028,OK,0
2026-04-06 15:11:16,F2,1.0055,OK,0
2026-04-06 15:11:27,F2,1.0082,OK,0
2026-04-06 15:11:37,F2,1.0110,OK,0
2026-04-06 15:11:47,F2,1.0137,OK,0
2026-04-06 15:11:57,F2,1.0163,OK,0
2026-04-06 15:12:08,F2,1.0190,OK,0
2026-04-06 15:12:18,F2,1.0217,OK,0
2026-04-06 15:12:28,F2,1.0243,OK,0
2026-04-06 15:12:38,F2,1.0269,OK,0
2026-04-06 15:12:49,F2,1.0295,OK,0
2026-04-06 15:12:59,F2,1.0321,OK,0
2026-04-06 15:13:09,F2,1.0347,OK,0
2026-04-06 15:13:19,F2,1.0372,OK,0
2026-04-06 15:13:30,F2,1.0397,OK,0
2026-04-06 15:13:40,F2,1.0423,OK,0
2026-04-06 15:13:50,F2,1.0448,OK,0
2026-04-06 15:14:00,F2,1.0472,OK,0
2026-04-06 15:14:11,F2,1.0497,OK,0
2026-04-06 15:14:21,F2,1.0522,OK,0
2026-04-06 15:14:31,F2,1.0546,OK,0
2026-04-06 15:14:41,F2,1.0570,OK,0
2026-04-06 15:14:51,F2,1.0594,OK,0
2026-04-06 15:15:02,F2,1.0617,OK,0
2026-04-06 15:15:12,F2,1.0641,OK,0
2026-04-06 15:15:22,F2,1.0664,OK,1
2026-04-06 15:15:32,F2,1.0687,OK,0
2026-04-06 15:15:43,F2,1.0710,OK,0
2026-04-06 15:15:53,F2,1.0733,OK,0
2026-04-06 15:16:03,F2,1.0756,OK,0
2026-04-06 15:16:13,F2,1.0778,OK,0
2026-04-06 15:16:24,F2,1.0800,OK,0
2026-04-06 15:16:34,F2,1.0822,OK,1
2026-04-06 15:16:44,F2,1.0844,OK,0
2026-04-06 15:16:54,F2,1.0865,OK,0
2026-04-06 15:17:05,F2,1.0886,OK,1
2026-04-06 15:17:15,F2,1.0907,OK,0
2026-04-06 15:17:25,F2,1.0928,OK,0
2026-04-06 15:17:35,F2,1.0949,OK,1
2026-04-06 15:17:46,F2,1.0969,OK,0
2026-04-06 15:17:56,F2,1.0989,OK,0
2026-04-06 15:18:06,F2,1.1009,OK,1
2026-04-06 15:18:16,F2,1.1029,OK,0
2026-04-06 15:18:27,F2,1.1049,OK,0
2026-04-06 15:18:37,F2,1.1068,OK,0
2026-04-06 15:18:47,F2,1.1087,OK,0
2026-04-06 15:18:57,F2,1.1106,OK,0
2026-04-06 15:19:07,F2,1.1125,OK,0
2026-04-06 15:19:18,F2,1.1143,OK,0
2026-04-06 15:19:28,F2,1.1162,OK,0
2026-04-06 15:19:38,F2,1.1180,OK,1
2026-04-06 15:19:48,F2,1.1198,OK,0
2026-04-06 15:19:59,F2,1.1215,OK,0
2026-04-06 15:20:09,F2,1.1232,OK,0
2026-04-06 15:20:19,F2,1.1250,OK,0
2026-04-06 15:20:29,F2,1.1267,OK,0
2026-04-06 15:20:40,F2,1.1283,OK,0
2026-04-06 15:20:50,F2,1.1300,OK,0
2026-04-06 15:21:00,F2,1.1316,OK,0
2026-04-06 15:21:10,F2,1.1332,OK,0
2026-04-06 15:21:21,F2,1.1348,OK,0
2026-04-06 15:21:31,F2,1.1363,OK,0
2026-04-06 15:21:41,F2,1.1379,OK,0
2026-04-06 15:21:51,F2,1.1394,OK,0
2026-04-06 15:22:02,F2,1.1409,OK,0
2026-04-06 15:22:12,F2,1.1423,OK,0
2026-04-06 15:22:22,F2,1.1438,OK,0
2026-04-06 15:22:32,F2,1.1452,OK,0
2026-04-06 15:22:43,F2,1.1466,OK,0
2026-04-06 15:22:53,F2,1.1480,OK,0
2026-04-06 15:23:03,F2,1.1493,OK,0
2026-04-06 15:23:13,F2,1.1507,OK,0
2026-04-06 15:23:24,F2,1.1520,OK,0
2026-04-06 15:23:34,F2,1.1533,OK,0
2026-04-06 15:23:44,F2,1.1545,OK,0
2026-04-06 15:23:54,F2,1.1558,OK,0
2026-04-06 15:24:04,F2,1.1570,OK,0
2026-04-06 15:24:15,F2,1.1582,OK,0
2026-04-06 15:24:25,F2,1.1593,OK,0
2026-04-06 15:24:35,F2,1.1605,OK,0
2026-04-06 15:24:45,F2,1.1616,OK,0
2026-04-06 15:24:56,F2,1.1627,OK,0
2026-04-06 15:25:06,F2,1.1638,OK,0
2026-04-06 15:25:16,F2,1.1649,OK,0
2026-04-06 15:25:26,F2,1.1659,OK,0
2026-04-06 15:25:37,F2,1.1669,OK,0
2026-04-06 15:25:47,F2,1.1679,OK,0
2026-04-06 15:25:57,F2,1.1689,OK,0
2026-04-06 15:26:07,F2,1.1698,OK,0
2026-04-06 15:26:18,F2,1.1707,OK,0
2026-04-06 15:26:28,F2,1.1716,OK,0
2026-04-06 15:26:38,F2,1.1725,OK,0
2026-04-06 15:26:48,F2,1.1733,OK,0
2026-04-06 15:26:59,F2,1.1742,OK,0
2026-04-06 15:27:09,F2,1.1750,OK,0
2026-04-06 15:27:19,F2,1.1758,OK,0
2026-04-06 15:27:29,F2,1.1765,OK,0
2026-04-06 15:27:39,F2,1.1773,OK,0
2026-04-06 15:27:50,F2,1.1780,OK,0
2026-04-06 15:28:00,F2,1.1787,OK,0
2026-04-06 15:28:10,F2,1.1793,OK,0
2026-04-06 15:28:20,F2,1.1800,OK,0
2026-04-06 15:28:31,F2,1.1806,OK,0
2026-04-06 15:28:41,F2,1.1812,OK,0
2026-04-06 15:28:51,F2,1.1818,OK,0
2026-04-06 15:29:01,F2,1.1823,OK,0
2026-04-06 15:29:12,F2,1.1829,OK,0
2026-04-06 15:29:22,F2,1.1834,OK,0
2026-04-06 15:29:32,F2,1.1839,OK,0
2026-04-06 15:29:42,F2,1.1844,OK,0
2026-04-06 15:29:52,F2,1.1848,OK,0
2026-04-06 15:30:03,F2,1.1852,OK,0
2026-04-06 15:30:13,F2,1.1856,OK,0
2026-04-06 15:30:23,F2,1.1860,OK,0
2026-04-06 15:30:33,F2,1.1864,OK,0
2026-04-06 15:30:44,F2,1.1867,OK,0
2026-04-06 15:30:54,F2,1.1870,OK,0
2026-04-06 15:31:04,F2,1.1873,OK,0
2026-04-06 15:31:14,F2,1.1876,OK,0
2026-04-06 15:31:25,F2,1.1878,OK,0
2026-04-06 15:31:35,F2,1.1881,OK,0
2026-04-06 15:31:45,F2,1.1883,OK,0
2026-04-06 15:31:55,F2,1.1884,OK,0
2026-04-06 15:32:06,F2,1.1886,OK,0
2026-04-06 15:32:16,F2,1.1888,OK,0
2026-04-06 15:32:26,F2,1.1889,OK,0
2026-04-06 15:32:36,F2,1.1890,OK,0
2026-04-06 15:32:47,F2,1.1891,OK,0
2026-04-06 15:32:57,F2,1.1891,OK,0
2026-04-06 15:33:07,F2,1.1892,OK,0
2026-04-06 15:33:17,F2,1.1892,OK,0
2026-04-06 15:33:28,F2,1.1892,OK,0
2026-04-06 15:33:38,F2,1.1892,OK,0
2026-04-06 15:33:48,F2,1.1891,OK,0
2026-04-06 15:33:58,F2,1.1891,OK,0
2026-04-06 15:34:08,F2,1.1890,OK,0
2026-04-06 15:34:19,F2,1.1889,OK,0
2026-04-06 15:34:29,F2,1.1888,OK,0
2026-04-06 15:34:39,F2,1.1887,OK,0
2026-04-06 15:34:50,F2,1.1885,OK,0
2026-04-06 15:35:00,F2,1.1884,OK,0
2026-04-06 15:35:10,F2,1.1882,OK,0
2026-04-06 15:35:20,F2,1.1880,OK,0
2026-04-06 15:35:31,F2,1.1877,OK,0
2026-04-06 15:35:41,F2,1.1875,OK,0
2026-04-06 15:35:51,F2,1.1872,OK,0
2026-04-06 15:36:01,F2,1.1870,OK,0
2026-04-06 15:36:12,F2,1.1867,OK,0
2026-04-06 15:36:22,F2,1.1863,OK,0
2026-04-06 15:36:32,F2,1.1860,OK,0
2026-04-06 15:36:42,F2,1.1857,OK,0
2026-04-06 15:36:53,F2,1.1853,OK,0
2026-04-06 15:37:03,F2,1.1849,OK,0
2026-04-06 15:37:13,F2,1.1845,OK,0
2026-04-06 15:37:23,F2,1.1841,OK,0
2026-04-06 15:37:34,F2,1.1837,OK,0
2026-04-06 15:37:44,F2,1.1832,OK,0
2026-04-06 15:37:54,F2,1.1828,OK,0
2026-04-06 15:38:04,F2,1.1823,OK,0
2026-04-06 15:38:15,F2,1.1818,OK,0
2026-04-06 15:38:25,F2,1.1813,OK,0
2026-04-06 15:38:35,F2,1.1808,OK,0
2026-04-06 15:38:45,F2,1.1802,OK,0
2026-04-06 15:38:56,F2,1.1797,OK,0
2026-04-06 15:39:06,F2,1.1791,OK,0
2026-04-06 15:39:16,F2,1.1785,OK,0
2026-04-06 15:39:26,F2,1.1779,OK,1
2026-04-06 15:39:37,F2,1.1773,OK,1
2026-04-06 15:39:47,F2,1.1767,OK,0
2026-04-06 15:39:57,F2,1.1761,OK,0
2026-04-06 15:40:07,F2,1.1754,OK,0
2026-04-06 15:40:18,F2,1.1748,OK,0
2026-04-06 15:40:28,F2,1.1741,OK,0
2026-04-06 15:40:38,F2,1.1734,OK,0
2026-04-06 15:40:48,F2,1.1727,OK,0
2026-04-06 15:40:59,F2,1.1720,OK,0
2026-04-06 15:41:09,F2,1.1713,OK,0
2026-04-06 15:41:19,F2,1.1706,OK,0
2026-04-06 15:41:29,F2,1.1698,OK,0
2026-04-06 15:41:40,F2,1.1691,OK,0
2026-04-06 15:41:50,F2,1.1683,OK,0
2026-04-06 15:42:00,F2,1.1675,OK,0
2026-04-06 15:42:10,F2,1.1668,OK,0
2026-04-06 15:42:20,F2,1.1660,OK,0
2026-04-06 15:42:31,F2,1.1652,OK,0
2026-04-06 15:42:41,F2,1.1643,OK,0
2026-04-06 15:42:51,F2,1.1635,OK,0
2026-04-06 15:43:01,F2,1.1627,OK,0
2026-04-06 15:43:12,F2,1.1618,OK,0
2026-04-06 15:43:22,F2,1.1610,OK,0
2026-04-06 15:43:32,F2,1.1601,OK,0
2026-04-06 15:43:42,F2,1.1593,OK,0
2026-04-06 15:43:53,F2,1.1584,OK,0
2026-04-06 15:44:03,F2,1.1575,OK,0
2026-04-06 15:44:13,F2,1.1566,OK,0
2026-04-06 15:44:23,F2,1.1557,OK,0
2026-04-06 15:44:34,F2,1.1548,OK,0
2026-04-06 15:44:44,F2,1.1538,OK,0
2026-04-06 15:44:54,F2,1.1529,OK,0
2026-04-06 15:45:04,F2,1.1520,OK,0
2026-04-06 15:45:15,F2,1.1510,OK,0
2026-04-06 15:45:25,F2,1.1501,OK,0
2026-04-06 15:45:35,F2,1.1491,OK,0
2026-04-06 15:45:45,F2,1.1481,OK,0
2026-04-06 15:45:55,F2,1.1471,OK,0
2026-04-06 15:46:06,F2,1.1462,OK,0
2026-04-06 15:46:16,F2,1.1452,OK,0
2026-04-06 15:46:26,F2,1.1442,OK,0
2026-04-06 15:46:36,F2,1.1432,OK,0
2026-04-06 15:46:47,F2,1.1422,OK,0
2026-04-06 15:46:57,F2,1.1411,OK,0
2026-04-06 15:47:07,F2,1.1401,OK,0
2026-04-06 15:47:17,F2,1.1391,OK,0
2026-04-06 15:47:28,F2,1.1380,OK,0
2026-04-06 15:47:38,F2,1.1370,OK,0
2026-04-06 15:47:48,F2,1.1360,OK,0
2026-04-06 15:47:58,F2,1.1349,OK,0
2026-04-06 15:48:09,F2,1.1338,OK,0
2026-04-06 15:48:19,F2,1.1328,OK,0
2026-04-06 15:48:29,F2,1.1317,OK,0
2026-04-06 15:48:39,F2,1.1306,OK,0
2026-04-06 15:48:50,F2,1.1295,OK,0
2026-04-06 15:49:00,F2,1.1285,OK,0
2026-04-06 15:49:10,F2,1.1274,OK,0
2026-04-06 15:49:20,F2,1.1263,OK,1
2026-04-06 15:49:31,F2,1.1252,OK,1
2026-04-06 15:49:41,F2,1.1241,OK,1
2026-04-06 15:49:51,F2,1.1230,OK,0
2026-04-06 15:50:01,F2,1.1218,OK,0
2026-04-06 15:50:12,F2,1.1207,OK,0
2026-04-06 15:50:22,F2,1.1196,OK,0
2026-04-06 15:50:32,F2,1.1185,OK,0
2026-04-06 15:50:42,F2,1.1174,OK,0
2026-04-06 15:50:53,F2,1.1162,OK,0
2026-04-06 15:51:03,F2,1.1151,OK,0
2026-04-06 15:51:13,F2,1.1140,OK,0
2026-04-06 15:51:23,F2,1.1128,OK,0
2026-04-06 15:51:34,F2,1.1117,OK,0
2026-04-06 15:51:44,F2,1.1106,OK,1
2026-04-06 15:51:54,F2,1.1094,OK,0
2026-04-06 15:52:04,F2,1.1083,OK,0
2026-04-06 15:52:14,F2,1.1072,OK,1
2026-04-06 15:52:25,F2,1.1061,OK,1
2026-04-06 15:52:35,F2,1.1049,OK,1
2026-04-06 15:52:45,F2,1.1038,OK,0
2026-04-06 15:52:55,F2,1.1027,OK,0
2026-04-06 15:53:06,F2,1.1016,OK,0
2026-04-06 15:53:16,F2,1.1005,OK,0
2026-04-06 15:53:26,F2,1.0994,OK,0
2026-04-06 15:53:36,F2,1.0983,OK,0
2026-04-06 15:53:47,F2,1.0973,OK,0
2026-04-06 15:53:57,F2,1.0962,OK,0
2026-04-06 15:54:07,F2,1.0951,OK,0
2026-04-06 15:54:17,F2,1.0941,OK,0
2026-04-06 15:54:28,F2,1.0930,OK,0
2026-04-06 15:54:38,F2,1.0920,OK,0
2026-04-06 15:54:48,F2,1.0910,OK,0
2026-04-06 15:54:58,F2,1.0900,OK,0
2026-04-06 15:55:09,F2,1.0889,OK,0
2026-04-06 15:55:19,F2,1.0880,OK,0
2026-04-06 15:55:29,F2,1.0870,OK,0
2026-04-06 15:55:39,F2,1.0860,OK,0
2026-04-06 15:55:50,F2,1.0850,OK,0
2026-04-06 15:56:00,F2,1.0841,OK,0
2026-04-06 15:56:10,F2,1.0831,OK,0
2026-04-06 15:56:20,F2,1.0822,OK,0
2026-04-06 15:56:30,F2,1.0812,OK,0
2026-04-06 15:56:41,F2,1.0803,OK,0
2026-04-06 15:56:51,F2,1.0794,OK,0
2026-04-06 15:57:01,F2,1.0785,OK,0
2026-04-06 15:57:11,F2,1.0776,OK,0
2026-04-06 15:57:22,F2,1.0767,OK,0
2026-04-06 15:57:32,F2,1.0758,OK,0
2026-04-06 15:57:42,F2,1.0749,OK,0
2026-04-06 15:57:52,F2,1.0741,OK,0
2026-04-06 15:58:03,F2,1.0732,OK,0
2026-04-06 15:58:13,F2,1.0724,OK,0
2026-04-06 15:58:23,F2,1.0715,OK,0
2026-04-06 15:58:33,F2,1.0707,OK,0
2026-04-06 15:58:44,F2,1.0699,OK,0
2026-04-06 15:58:54,F2,1.0690,OK,0
2026-04-06 15:59:04,F2,1.0682,OK,0
2026-04-06 15:59:14,F2,1.0674,OK,0
2026-04-06 15:59:25,F2,1.0666,OK,0
2026-04-06 15:59:35,F2,1.0658,OK,0
2026-04-06 15:59:45,F2,1.0651,OK,0
2026-04-06 15:59:55,F2,1.0643,OK,0
2026-04-06 16:00:06,F2,1.0635,OK,0
2026-04-06 16:00:16,F2,1.0627,OK,0
2026-04-06 16:00:26,F2,1.0620,OK,0
2026-04-06 16:00:36,F2,1.0612,OK,0
2026-04-06 16:00:46,F2,1.0605,OK,0
2026-04-06 16:00:57,F2,1.0598,OK,0
2026-04-06 16:01:07,F2,1.0590,OK,0
2026-04-06 16:01:17,F2,1.0583,OK,0
2026-04-06 16:01:27,F2,1.0576,OK,0
2026-04-06 16:01:38,F2,1.0569,OK,0
2026-04-06 16:01:48,F2,1.0562,OK,0
2026-04-06 16:01:58,F2,1.0555,OK,0
2026-04-06 16:02:08,F2,1.0548,OK,0
2026-04-06 16:02:19,F2,1.0541,OK,0
2026-04-06 16:02:29,F2,1.0534,OK,0
2026-04-06 16:02:39,F2,1.0527,OK,0
2026-04-06 16:02:49,F2,1.0521,OK,0
2026-04-06 16:03:00,F2,1.0514,OK,0
2026-04-06 16:03:10,F2,1.0507,OK,0
2026-04-06 16:03:20,F2,1.0501,OK,0
2026-04-06 16:03:30,F2,1.0494,OK,0
2026-04-06 16:03:40,F2,1.0488,OK,0
2026-04-06 16:03:51,F2,1.0482,OK,0
2026-04-06 16:04:01,F2,1.0475,OK,0
2026-04-06 16:04:11,F2,1.0469,OK,0
2026-04-06 16:04:21,F2,1.0463,OK,0
2026-04-06 16:04:32,F2,1.0457,OK,0
2026-04-06 16:04:42,F2,1.0451,OK,0
2026-04-06 16:04:52,F2,1.0445,OK,0
2026-04-06 16:05:02,F2,1.0439,OK,0
2026-04-06 16:05:13,F2,1.0433,OK,0
2026-04-06 16:05:23,F2,1.0427,OK,0
2026-04-06 16:05:33,F2,1.0421,OK,0
2026-04-06 16:05:43,F2,1.0415,OK,0
2026-04-06 16:05:54,F2,1.0409,OK,0
2026-04-06 16:06:04,F2,1.0403,OK,0
2026-04-06 16:06:14,F2,1.0398,OK,0
2026-04-06 16:06:24,F2,1.0392,OK,0
2026-04-06 16:06:35,F2,1.0386,OK,0
2026-04-06 16:06:45,F2,1.0381,OK,0
2026-04-06 16:06:55,F2,1.0375,OK,0
2026-04-06 16:07:05,F2,1.0369,OK,0
2026-04-06 16:07:15,F2,1.0364,OK,0
2026-04-06 16:07:26,F2,1.0358,OK,0
2026-04-06 16:07:36,F2,1.0353,OK,0
2026-04-06 16:07:46,F2,1.0347,OK,0
2026-04-06 16:07:56,F2,1.0342,OK,0
2026-04-06 16:08:07,F2,1.0337,OK,0
2026-04-06 16:08:17,F2,1.0331,OK,0
2026-04-06 16:08:27,F2,1.0326,OK,0
2026-04-06 16:08:37,F2,1.0321,OK,0
2026-04-06 16:08:48,F2,1.0315,OK,0
2026-04-06 16:08:58,F2,1.0310,OK,0
2026-04-06 16:09:08,F2,1.0305,OK,0
2026-04-06 16:09:18,F2,1.0300,OK,0
2026-04-06 16:09:29,F2,1.0294,OK,0
2026-04-06 16:09:39,F2,1.0289,OK,0
2026-04-06 16:09:49,F2,1.0284,OK,0
2026-04-06 16:09:59,F2,1.0279,OK,0
2026-04-06 16:10:10,F2,1.0274,OK,0
2026-04-06 16:10:20,F2,1.0268,OK,0
2026-04-06 16:10:30,F2,1.0263,OK,0
2026-04-06 16:10:40,F2,1.0258,OK,0
2026-04-06 16:10:51,F2,1.0253,OK,0
2026-04-06 16:11:01,F2,1.0248,OK,0
2026-04-06 16:11:11,F2,1.0243,OK,0
2026-04-06 16:11:21,F2,1.0238,OK,0
2026-04-06 16:11:32,F2,1.0233,OK,0
2026-04-06 16:11:42,F2,1.0228,OK,0
2026-04-06 16:11:52,F2,1.0223,OK,0
2026-04-06 16:12:02,F2,1.0218,OK,0
2026-04-06 16:12:13,F2,1.0213,OK,0
2026-04-06 16:12:23,F2,1.0207,OK,0
2026-04-06 16:12:33,F2,1.0202,OK,0
2026-04-06 16:12:43,F2,1.0197,OK,0
2026-04-06 16:12:54,F2,1.0192,OK,0
2026-04-06 16:13:04,F2,1.0187,OK,0
2026-04-06 16:13:14,F2,1.0182,OK,0
2026-04-06 16:13:24,F2,1.0177,OK,0
2026-04-06 16:13:35,F2,1.0172,OK,0
2026-04-06 16:13:45,F2,1.0167,OK,0
2026-04-06 16:13:55,F2,1.0162,OK,0
2026-04-06 16:14:05,F2,1.0157,OK,0
2026-04-06 16:14:16,F2,1.0152,OK,0
2026-04-06 16:14:26,F2,1.0147,OK,0
2026-04-06 16:14:36,F2,1.0142,OK,0
2026-04-06 16:14:46,F2,1.0137,OK,0
2026-04-06 16:14:57,F2,1.0132,OK,0
2026-04-06 16:15:07,F2,1.0127,OK,0
2026-04-06 16:15:17,F2,1.0122,OK,0
2026-04-06 16:15:27,F2,1.0117,OK,0
2026-04-06 16:15:37,F2,1.0112,OK,0
2026-04-06 16:15:48,F2,1.0107,OK,0
2026-04-06 16:15:58,F2,1.0102,OK,0
2026-04-06 16:16:08,F2,1.0097,OK,0
2026-04-06 16:16:18,F2,1.0092,OK,0
2026-04-06 16:16:29,F2,1.0087,OK,0
2026-04-06 16:16:39,F2,1.0082,OK,0
2026-04-06 16:16:49,F2,1.0077,OK,0
2026-04-06 16:16:59,F2,1.0072,OK,0
2026-04-06 16:17:10,F2,1.0067,OK,0
2026-04-06 16:17:20,F2,1.0062,OK,0
2026-04-06 16:17:30,F2,1.0057,OK,0
2026-04-06 16:17:40,F2,1.0052,OK,0
2026-04-06 16:17:51,F2,1.0047,OK,0
2026-04-06 16:18:01,F2,1.0042,OK,0
2026-04-06 16:18:11,F2,1.0037,OK,0
2026-04-06 16:18:21,F2,1.0032,OK,0
2026-04-06 16:18:32,F2,1.0027,OK,0
2026-04-06 16:18:42,F2,1.0022,OK,0
2026-04-06 16:18:52,F2,1.0016,OK,0
2026-04-06 16:19:02,F2,1.0011,OK,0
2026-04-06 16:19:13,F2,1.0006,OK,0
2026-04-06 16:19:23,F2,1.0001,OK,0
2026-04-06 16:19:33,F2,0.9996,OK,0
2026-04-06 16:19:43,F2,0.9990,OK,0
2026-04-06 16:19:54,F2,0.9985,OK,0
2026-04-06 16:20:04,F2,0.9980,OK,0
2026-04-06 16:20:14,F2,0.9974,OK,0
2026-04-06 16:20:24,F2,0.9969,OK,0
2026-04-06 16:20:34,F2,0.9964,OK,0
2026-04-06 16:20:45,F2,0.9958,OK,0
2026-04-06 16:20:55,F2,0.9953,OK,0
2026-04-06 16:21:05,F2,0.9948,OK,0
2026-04-06 16:21:15,F2,0.9942,OK,0
2026-04-06 16:21:26,F2,0.9937,OK,0
2026-04-06 16:21:36,F2,0.9931,OK,0
2026-04-06 16:21:46,F2,0.9926,OK,0
2026-04-06 16:21:56,F2,0.9920,OK,0
2026-04-06 16:22:07,F2,0.9915,OK,0
2026-04-06 16:22:17,F2,0.9909,OK,0
2026-04-06 16:22:27,F2,0.9904,OK,0
2026-04-06 16:22:37,F2,0.9898,OK,0
2026-04-06 16:22:47,F2,0.9892,OK,0
2026-04-06 16:22:58,F2,0.9887,OK,0
2026-04-06 16:23:08,F2,0.9881,OK,0
2026-04-06 16:23:18,F2,0.9875,OK,0
2026-04-06 16:23:28,F2,0.9869,OK,0
2026-04-06 16:23:39,F2,0.9864,OK,0
2026-04-06 16:23:49,F2,0.9858,OK,0
2026-04-06 16:23:59,F2,0.9852,OK,0
2026-04-06 16:24:09,F2,0.9846,OK,0
2026-04-06 16:24:20,F2,0.9840,OK,0
2026-04-06 16:24:30,F2,0.9834,OK,0
2026-04-06 16:24:40,F2,0.9828,OK,0
2026-04-06 16:24:50,F2,0.9822,OK,0
2026-04-06 16:25:01,F2,0.9816,OK,0
2026-04-06 16:25:11,F2,0.9810,OK,0
2026-04-06 16:25:21,F2,0.9803,OK,0
2026-04-06 16:25:31,F2,0.9797,OK,0
2026-04-06 16:25:42,F2,0.9791,OK,0
2026-04-06 16:25:52,F2,0.9784,OK,0
2026-04-06 16:26:02,F2,0.9778,OK,0
2026-04-06 16:26:12,F2,0.9771,OK,0
2026-04-06 16:26:23,F2,0.9765,OK,0
2026-04-06 16:26:33,F2,0.9758,OK,0
2026-04-06 16:26:43,F2,0.9752,OK,0
2026-04-06 16:26:53,F2,0.9745,OK,0
2026-04-06 16:27:04,F2,0.9738,OK,0
2026-04-06 16:27:14,F2,0.9732,OK,0
2026-04-06 16:27:24,F2,0.9725,OK,0
2026-04-06 16:27:34,F2,0.9718,OK,0
2026-04-06 16:27:45,F2,0.9711,OK,0
2026-04-06 16:27:55,F2,0.9704,OK,0
2026-04-06 16:28:05,F2,0.9697,OK,0
2026-04-06 16:28:15,F2,0.9690,OK,0
2026-04-06 16:28:26,F2,0.9682,OK,0
2026-04-06 16:28:36,F2,0.9675,OK,0
2026-04-06 16:28:46,F2,0.9668,OK,0
2026-04-06 16:28:56,F2,0.9661,OK,0
2026-04-06 16:29:07,F2,0.9653,OK,0
2026-04-06 16:29:17,F2,0.9646,OK,0
2026-04-06 16:29:27,F2,0.9638,OK,0
2026-04-06 16:29:37,F2,0.9631,OK,0
2026-04-06 16:29:48,F2,0.9623,OK,0
2026-04-06 16:29:58,F2,0.9616,OK,0
2026-04-06 16:30:08,F2,0.9608,OK,0
2026-04-06 16:30:18,F2,0.9600,OK,0
2026-04-06 16:30:29,F2,0.9592,OK,0
2026-04-06 16:30:39,F2,0.9584,OK,0
2026-04-06 16:30:49,F2,0.9577,OK,0
2026-04-06 16:30:59,F2,0.9569,OK,0
2026-04-06 16:31:09,F2,0.9561,OK,0
2026-04-06 16:31:20,F2,0.9552,OK,0
2026-04-06 16:31:30,F2,0.9544,OK,0
2026-04-06 16:31:40,F2,0.9536,OK,0
2026-04-06 16:31:50,F2,0.9528,OK,0
2026-04-06 16:32:01,F2,0.9520,OK,0
2026-04-06 16:32:11,F2,0.9511,OK,0
2026-04-06 16:32:21,F2,0.9503,OK,0
2026-04-06 16:32:31,F2,0.9495,OK,0
2026-04-06 16:32:42,F2,0.9486,OK,0
2026-04-06 16:32:52,F2,0.9478,OK,0
2026-04-06 16:33:02,F2,0.9469,OK,0
2026-04-06 16:33:12,F2,0.9460,OK,0
2026-04-06 16:33:23,F2,0.9452,OK,0
2026-04-06 16:33:33,F2,0.9443,OK,0
2026-04-06 16:33:43,F2,0.9434,OK,0
2026-04-06 16:33:53,F2,0.9426,OK,0
2026-04-06 16:34:04,F2,0.9417,OK,0
2026-04-06 16:34:14,F2,0.9408,OK,0
2026-04-06 16:34:24,F2,0.9399,OK,0
2026-04-06 16:34:34,F2,0.9390,OK,0
2026-04-06 16:34:45,F2,0.9381,OK,0
2026-04-06 16:34:55,F2,0.9372,OK,0
2026-04-06 16:35:05,F2,0.9363,OK,0
2026-04-06 16:35:15,F2,0.9354,OK,0
2026-04-06 16:35:26,F2,0.9344,OK,0
2026-04-06 16:35:36,F2,0.9335,OK,0
2026-04-06 16:35:46,F2,0.9326,OK,0
2026-04-06 16:35:56,F2,0.9317,OK,0
2026-04-06 16:36:07,F2,0.9307,OK,0
2026-04-06 16:36:17,F2,0.9298,OK,0
2026-04-06 16:36:27,F2,0.9288,OK,0
2026-04-06 16:36:37,F2,0.9279,OK,0
2026-04-06 16:36:48,F2,0.9269,OK,0
2026-04-06 16:36:58,F2,0.9260,OK,0
2026-04-06 16:37:08,F2,0.9250,OK,0
2026-04-06 16:37:18,F2,0.9241,OK,0
2026-04-06 16:37:29,F2,0.9231,OK,0
2026-04-06 16:37:39,F2,0.9221,OK,0
2026-04-06 16:37:49,F2,0.9212,OK,0
2026-04-06 16:37:59,F2,0.9202,OK,0
2026-04-06 16:38:10,F2,0.9192,OK,0
2026-04-06 16:38:20,F2,0.9182,OK,0
2026-04-06 16:38:30,F2,0.9172,OK,0
2026-04-06 16:38:40,F2,0.9163,OK,0
2026-04-06 16:38:51,F2,0.9153,OK,0
2026-04-06 16:39:01,F2,0.9143,OK,0
2026-04-06 16:39:11,F2,0.9133,OK,0
2026-04-06 16:39:21,F2,0.9123,OK,0
2026-04-06 16:39:32,F2,0.9113,OK,0
2026-04-06 16:39:42,F2,0.9103,OK,0
2026-04-06 16:39:52,F2,0.9093,OK,0
2026-04-06 16:40:02,F2,0.9083,OK,0
2026-04-06 16:40:13,F2,0.9073,OK,0
2026-04-06 16:40:23,F2,0.9063,OK,0
2026-04-06 16:40:33,F2,0.9053,OK,0
2026-04-06 16:40:43,F2,0.9042,OK,0
2026-04-06 16:40:54,F2,0.9032,OK,0
2026-04-06 16:41:04,F2,0.9022,OK,0
2026-04-06 16:41:14,F2,0.9012,OK,0
2026-04-06 16:41:24,F2,0.9002,OK,0
2026-04-06 16:41:34,F2,0.8992,OK,0
2026-04-06 16:41:45,F2,0.8981,OK,0
2026-04-06 16:41:55,F2,0.8971,OK,0
2026-04-06 16:42:05,F2,0.8961,OK,0
2026-04-06 16:42:15,F2,0.8951,OK,0
2026-04-06 16:42:26,F2,0.8940,OK,0
2026-04-06 16:42:36,F2,0.8930,OK,0
2026-04-06 16:42:46,F2,0.8920,OK,0
2026-04-06 16:42:56,F2,0.8909,OK,0
2026-04-06 16:43:07,F2,0.8899,OK,0
2026-04-06 16:43:17,F2,0.8889,OK,0
2026-04-06 16:43:27,F2,0.8878,OK,0
2026-04-06 16:43:37,F2,0.8868,OK,0
2026-04-06 16:43:48,F2,0.8857,OK,0
2026-04-06 16:43:58,F2,0.8847,OK,0
2026-04-06 16:44:08,F2,0.8837,OK,0
2026-04-06 16:44:18,F2,0.8826,OK,0
2026-04-06 16:44:28,F2,0.8816,OK,0
2026-04-06 16:44:39,F2,0.8805,OK,0
2026-04-06 16:44:49,F2,0.8795,OK,0
2026-04-06 16:44:59,F2,0.8784,OK,0
2026-04-06 16:45:09,F2,0.8774,OK,0
2026-04-06 16:45:20,F2,0.8763,OK,0
2026-04-06 16:45:30,F2,0.8753,OK,0
2026-04-06 16:45:40,F2,0.8742,OK,0
2026-04-06 16:45:50,F2,0.8731,OK,0
2026-04-06 16:46:01,F2,0.8721,OK,0
2026-04-06 16:46:11,F2,0.8710,OK,0
2026-04-06 16:46:21,F2,0.8700,OK,0
2026-04-06 16:46:31,F2,0.8689,OK,0
2026-04-06 16:46:42,F2,0.8678,OK,0
2026-04-06 16:46:52,F2,0.8668,OK,0
2026-04-06 16:47:02,F2,0.8657,OK,0
2026-04-06 16:47:12,F2,0.8647,OK,0
2026-04-06 16:47:23,F2,0.8636,OK,0
2026-04-06 16:47:33,F2,0.8625,OK,0
2026-04-06 16:47:43,F2,0.8615,OK,0
2026-04-06 16:47:53,F2,0.8604,OK,0
2026-04-06 16:48:04,F2,0.8593,OK,0
2026-04-06 16:48:14,F2,0.8583,OK,0
2026-04-06 16:48:24,F2,0.8572,OK,0
2026-04-06 16:48:34,F2,0.8561,OK,0
2026-04-06 16:48:45,F2,0.8551,OK,0
2026-04-06 16:48:55,F2,0.8540,OK,0
2026-04-06 16:49:05,F2,0.8529,OK,0
2026-04-06 16:49:15,F2,0.8519,OK,0
2026-04-06 16:49:25,F2,0.8508,OK,0
2026-04-06 16:49:36,F2,0.8497,OK,0
2026-04-06 16:49:46,F2,0.8487,OK,0
2026-04-06 16:49:56,F2,0.8476,OK,0
2026-04-06 16:50:06,F2,0.8465,OK,0
2026-04-06 16:50:17,F2,0.8455,OK,0
2026-04-06 16:50:27,F2,0.8444,OK,0
2026-04-06 16:50:37,F2,0.8434,OK,0
2026-04-06 16:50:47,F2,0.8423,OK,0
2026-04-06 16:50:58,F2,0.8413,OK,0
2026-04-06 16:51:08,F2,0.8402,OK,0
2026-04-06 16:51:18,F2,0.8391,OK,0
2026-04-06 16:51:28,F2,0.8381,OK,0
2026-04-06 16:51:39,F2,0.8370,OK,0
2026-04-06 16:51:49,F2,0.8360,OK,0
2026-04-06 16:51:59,F2,0.8350,OK,0
2026-04-06 16:52:09,F2,0.8339,OK,0
2026-04-06 16:52:20,F2,0.8329,OK,0
2026-04-06 16:52:30,F2,0.8318,OK,0
2026-04-06 16:52:40,F2,0.8308,OK,0
2026-04-06 16:52:50,F2,0.8297,OK,0
2026-04-06 16:53:01,F2,0.8287,OK,0
2026-04-06 16:53:11,F2,0.8277,OK,0
2026-04-06 16:53:21,F2,0.8267,OK,0
2026-04-06 16:53:31,F2,0.8256,OK,0
2026-04-06 16:53:42,F2,0.8246,OK,0
2026-04-06 16:53:52,F2,0.8236,OK,0
2026-04-06 16:54:02,F2,0.8226,OK,0
2026-04-06 16:54:12,F2,0.8215,OK,0
2026-04-06 16:54:23,F2,0.8205,OK,0
2026-04-06 16:54:33,F2,0.8195,OK,0
2026-04-06 16:54:43,F2,0.8185,OK,0
2026-04-06 16:54:53,F2,0.8175,OK,0
2026-04-06 16:55:04,F2,0.8165,OK,0
2026-04-06 16:55:14,F2,0.8155,OK,0
2026-04-06 16:55:24,F2,0.8145,OK,0
2026-04-06 16:55:34,F2,0.8135,OK,0
2026-04-06 16:55:45,F2,0.8125,OK,0
2026-04-06 16:55:55,F2,0.8115,OK,0
2026-04-06 16:56:05,F2,0.8106,OK,0
2026-04-06 16:56:15,F2,0.8096,OK,0
2026-04-06 16:56:26,F2,0.8086,OK,0
2026-04-06 16:56:36,F2,0.8076,OK,0
2026-04-06 16:56:46,F2,0.8067,OK,0
2026-04-06 16:56:56,F2,0.8057,OK,0
2026-04-06 16:57:07,F2,0.8047,OK,0
2026-04-06 16:57:17,F2,0.8038,OK,0
2026-04-06 16:57:27,F2,0.8028,OK,0
2026-04-06 16:57:37,F2,0.8018,OK,0
2026-04-06 16:57:48,F2,0.8009,OK,0
2026-04-06 16:57:58,F2,0.7999,OK,0
2026-04-06 16:58:08,F2,0.7990,OK,0
2026-04-06 16:58:18,F2,0.7981,OK,0
2026-04-06 16:58:28,F2,0.7971,OK,0
2026-04-06 16:58:39,F2,0.7962,OK,0
2026-04-06 16:58:49,F2,0.7952,OK,0
2026-04-06 16:58:59,F2,0.7943,OK,0
2026-04-06 16:59:09,F2,0.7934,OK,0
2026-04-06 16:59:20,F2,0.7925,OK,0
2026-04-06 16:59:30,F2,0.7915,OK,0
2026-04-06 16:59:40,F2,0.7906,OK,0
2026-04-06 16:59:50,F2,0.7897,OK,0
2026-04-06 17:00:01,F2,0.7888,OK,0
2026-04-06 17:00:11,F2,0.7879,OK,0
2026-04-06 17:00:21,F2,0.7870,OK,0
2026-04-06 17:00:31,F2,0.7861,OK,0
2026-04-06 17:00:42,F2,0.7852,OK,0
2026-04-06 17:00:52,F2,0.7843,OK,0
2026-04-06 17:01:02,F2,0.7834,OK,0
2026-04-06 17:01:12,F2,0.7825,OK,0
2026-04-06 17:01:23,F2,0.7816,OK,0
2026-04-06 17:01:33,F2,0.7808,OK,0
2026-04-06 17:01:43,F2,0.7799,OK,0
2026-04-06 17:01:53,F2,0.7790,OK,0
2026-04-06 17:02:04,F2,0.7782,OK,0
2026-04-06 17:02:14,F2,0.7773,OK,0
2026-04-06 17:02:24,F2,0.7764,OK,0
2026-04-06 17:02:34,F2,0.7756,OK,0
2026-04-06 17:02:45,F2,0.7747,OK,0
2026-04-06 17:02:55,F2,0.7738,OK,0
2026-04-06 17:03:05,F2,0.7730,OK,0
2026-04-06 17:03:15,F2,0.7721,OK,0
2026-04-06 17:03:25,F2,0.7713,OK,0
2026-04-06 17:03:36,F2,0.7705,OK,0
2026-04-06 17:03:46,F2,0.7696,OK,0
2026-04-06 17:03:56,F2,0.7688,OK,0
2026-04-06 17:04:06,F2,0.7680,OK,0
2026-04-06 17:04:17,F2,0.7671,OK,0
2026-04-06 17:04:27,F2,0.7663,OK,0
2026-04-06 17:04:37,F2,0.7655,OK,0
2026-04-06 17:04:47,F2,0.7647,OK,0
2026-04-06 17:04:58,F2,0.7638,OK,0
2026-04-06 17:05:08,F2,0.7630,OK,0
2026-04-06 17:05:18,F2,0.7622,OK,0
2026-04-06 17:05:28,F2,0.7614,OK,0
2026-04-06 17:05:39,F2,0.7606,OK,0
2026-04-06 17:05:49,F2,0.7598,OK,0
2026-04-06 17:05:59,F2,0.7590,OK,0
2026-04-06 17:06:09,F2,0.7583,OK,0
2026-04-06 17:06:20,F2,0.7575,OK,0
2026-04-06 17:06:30,F2,0.7567,OK,0
2026-04-06 17:06:40,F2,0.7559,OK,0
2026-04-06 17:06:50,F2,0.7551,OK,0
2026-04-06 17:07:01,F2,0.7544,OK,0
2026-04-06 17:07:11,F2,0.7536,OK,0
2026-04-06 17:07:21,F2,0.7529,OK,0
2026-04-06 17:07:31,F2,0.7521,OK,0
2026-04-06 17:07:41,F2,0.7513,OK,0
2026-04-06 17:07:52,F2,0.7506,OK,0
2026-04-06 17:08:02,F2,0.7499,OK,0
2026-04-06 17:08:12,F2,0.7491,OK,0
2026-04-06 17:08:22,F2,0.7484,OK,0
2026-04-06 17:08:33,F2,0.7477,OK,0
2026-04-06 17:08:43,F2,0.7469,OK,0
2026-04-06 17:08:53,F2,0.7462,OK,0
2026-04-06 17:09:03,F2,0.7455,OK,0
2026-04-06 17:09:14,F2,0.7448,OK,0
2026-04-06 17:09:24,F2,0.7441,OK,0
2026-04-06 17:09:34,F2,0.7434,OK,0
2026-04-06 17:09:44,F2,0.7427,OK,0
2026-04-06 17:09:55,F2,0.7420,OK,0
2026-04-06 17:10:05,F2,0.7413,OK,0
2026-04-06 17:10:15,F2,0.7406,OK,0
2026-04-06 17:10:25,F2,0.7399,OK,0
2026-04-06 17:10:36,F2,0.7393,OK,0
2026-04-06 17:10:46,F2,0.7386,OK,0
2026-04-06 17:10:56,F2,0.7379,OK,0
2026-04-06 17:11:06,F2,0.7373,OK,0
2026-04-06 17:11:17,F2,0.7366,OK,0
2026-04-06 17:11:27,F2,0.7360,OK,0
2026-04-06 17:11:37,F2,0.7353,OK,0
2026-04-06 17:11:47,F2,0.7347,OK,0
2026-04-06 17:11:58,F2,0.7340,OK,0
2026-04-06 17:12:08,F2,0.7334,OK,0
2026-04-06 17:12:18,F2,0.7328,OK,0
2026-04-06 17:12:28,F2,0.7322,OK,0
2026-04-06 17:12:39,F2,0.7315,OK,0
2026-04-06 17:12:49,F2,0.7309,OK,0
2026-04-06 17:12:59,F2,0.7303,OK,0
2026-04-06 17:13:09,F2,0.7297,OK,0
2026-04-06 17:13:20,F2,0.7291,OK,0
2026-04-06 17:13:30,F2,0.7285,OK,0
2026-04-06 17:13:40,F2,0.7279,OK,0
2026-04-06 17:13:50,F2,0.7274,OK,0
2026-04-06 17:14:01,F2,0.7268,OK,0
2026-04-06 17:14:11,F2,0.7262,OK,0
2026-04-06 17:14:21,F2,0.7256,OK,0
2026-04-06 17:14:31,F2,0.7251,OK,0
2026-04-06 17:14:41,F2,0.7245,OK,0
2026-04-06 17:14:52,F2,0.7240,OK,0
2026-04-06 17:15:02,F2,0.7234,OK,0
2026-04-06 17:15:12,F2,0.7229,OK,0
2026-04-06 17:15:22,F2,0.7223,OK,0
2026-04-06 17:15:33,F2,0.7218,OK,0
2026-04-06 17:15:43,F2,0.7213,OK,0
2026-04-06 17:15:53,F2,0.7207,OK,0
2026-04-06 17:16:03,F2,0.7202,OK,0
2026-04-06 17:16:14,F2,0.7197,OK,0
2026-04-06 17:16:24,F2,0.7192,OK,0
2026-04-06 17:16:34,F2,0.7187,OK,0
2026-04-06 17:16:44,F2,0.7182,OK,0
2026-04-06 17:16:55,F2,0.7177,OK,0
2026-04-06 17:17:05,F2,0.7172,OK,0
2026-04-06 17:17:15,F2,0.7167,OK,0
2026-04-06 17:17:25,F2,0.7162,OK,0
2026-04-06 17:17:36,F2,0.7157,OK,0
2026-04-06 17:17:46,F2,0.7153,OK,0
2026-04-06 17:17:56,F2,0.7148,OK,0
2026-04-06 17:18:06,F2,0.7143,OK,0
2026-04-06 17:18:17,F2,0.7139,OK,0
2026-04-06 17:18:27,F2,0.7134,OK,0
2026-04-06 17:18:37,F2,0.7130,OK,0
2026-04-06 17:18:47,F2,0.7126,OK,0
2026-04-06 17:18:57,F2,0.7121,OK,0
2026-04-06 17:19:08,F2,0.7117,OK,0
2026-04-06 17:19:18,F2,0.7113,OK,0
2026-04-06 17:19:28,F2,0.7108,OK,0
2026-04-06 17:19:38,F2,0.7104,OK,0
2026-04-06 17:19:49,F2,0.7100,OK,0
2026-04-06 17:19:59,F2,0.7096,OK,0
2026-04-06 17:20:09,F2,0.7092,OK,0
2026-04-06 17:20:19,F2,0.7088,OK,0
2026-04-06 17:20:30,F2,0.7084,OK,0
2026-04-06 17:20:40,F2,0.7081,OK,0
2026-04-06 17:20:50,F2,0.7077,OK,0
2026-04-06 17:21:00,F2,0.7073,OK,0
2026-04-06 17:21:11,F2,0.7069,OK,0
2026-04-06 17:21:21,F2,0.7066,OK,0
2026-04-06 17:21:31,F2,0.7062,OK,0
2026-04-06 17:21:41,F2,0.7058,OK,0
2026-04-06 17:21:52,F2,0.7055,OK,0
2026-04-06 17:22:02,F2,0.7051,OK,0
2026-04-06 17:22:12,F2,0.7048,OK,0
2026-04-06 17:22:22,F2,0.7045,OK,0
2026-04-06 17:22:33,F2,0.7041,OK,0
2026-04-06 17:22:43,F2,0.7038,OK,0
2026-04-06 17:22:53,F2,0.7035,OK,0
2026-04-06 17:23:03,F2,0.7032,OK,0
2026-04-06 17:23:14,F2,0.7028,OK,0
2026-04-06 17:23:24,F2,0.7025,OK,0
2026-04-06 17:23:34,F2,0.7022,OK,0
2026-04-06 17:23:44,F2,0.7019,OK,0
2026-04-06 17:23:54,F2,0.7016,OK,0
2026-04-06 17:24:05,F2,0.7013,OK,0
2026-04-06 17:24:15,F2,0.7010,OK,0
2026-04-06 17:24:25,F2,0.7008,OK,0
2026-04-06 17:24:35,F2,0.7005,OK,0
2026-04-06 17:24:46,F2,0.7002,OK,0
2026-04-06 17:24:56,F2,0.6999,OK,0
2026-04-06 17:25:06,F2,0.6997,OK,0
2026-04-06 17:25:16,F2,0.6994,OK,0
2026-04-06 17:25:27,F2,0.6991,OK,0
2026-04-06 17:25:37,F2,0.6989,OK,0
2026-04-06 17:25:47,F2,0.6986,OK,0
2026-04-06 17:25:57,F2,0.6984,OK,0
2026-04-06 17:26:08,F2,0.6981,OK,0
2026-04-06 17:26:18,F2,0.6979,OK,0
2026-04-06 17:26:28,F2,0.6977,OK,0
2026-04-06 17:26:38,F2,0.6974,OK,0
2026-04-06 17:26:49,F2,0.6972,OK,0
2026-04-06 17:26:59,F2,0.6970,OK,0
2026-04-06 17:27:09,F2,0.6968,OK,0
2026-04-06 17:27:19,F2,0.6965,OK,0
2026-04-06 17:27:30,F2,0.6963,OK,0
2026-04-06 17:27:40,F2,0.6961,OK,0
2026-04-06 17:27:50,F2,0.6959,OK,0
2026-04-06 17:28:00,F2,0.6957,OK,0
2026-04-06 17:28:11,F2,0.6955,OK,0
2026-04-06 17:28:21,F2,0.6953,OK,0
2026-04-06 17:28:31,F2,0.6951,OK,0
2026-04-06 17:28:41,F2,0.6950,OK,0
2026-04-06 17:28:52,F2,0.6948,OK,0
2026-04-06 17:29:02,F2,0.6946,OK,0
2026-04-06 17:29:12,F2,0.6944,OK,0
2026-04-06 17:29:22,F2,0.6943,OK,0
2026-04-06 17:29:33,F2,0.6941,OK,0
2026-04-06 17:29:43,F2,0.6939,OK,0
2026-04-06 17:29:53,F2,0.6938,OK,0
2026-04-06 17:30:03,F2,0.6936,OK,0
2026-04-06 17:30:13,F2,0.6935,OK,0
2026-04-06 17:30:24,F2,0.6933,OK,0
2026-04-06 17:30:34,F2,0.6932,OK,0
2026-04-06 17:30:44,F2,0.6931,OK,0
2026-04-06 17:30:54,F2,0.6929,OK,0
2026-04-06 17:31:05,F2,0.6928,OK,0
2026-04-06 17:31:15,F2,0.6927,OK,0
2026-04-06 17:31:25,F2,0.6925,OK,0
2026-04-06 17:31:35,F2,0.6924,OK,0
2026-04-06 17:31:46,F2,0.6923,OK,0
2026-04-06 17:31:56,F2,0.6922,OK,0
2026-04-06 17:32:06,F2,0.6921,OK,0
2026-04-06 17:32:16,F2,0.6920,OK,0
2026-04-06 17:32:27,F2,0.6919,OK,0
2026-04-06 17:32:37,F2,0.6918,OK,0
2026-04-06 17:32:47,F2,0.6917,OK,0
2026-04-06 17:32:57,F2,0.6916,OK,0
2026-04-06 17:33:08,F2,0.6915,OK,0
2026-04-06 17:33:18,F2,0.6914,OK,0
2026-04-06 17:33:28,F2,0.6914,OK,0
2026-04-06 17:33:38,F2,0.6913,OK,0
2026-04-06 17:33:49,F2,0.6912,OK,0
2026-04-06 17:33:59,F2,0.6911,OK,0
2026-04-06 17:34:09,F2,0.6911,OK,0
2026-04-06 17:34:19,F2,0.6910,OK,0
2026-04-06 17:34:30,F2,0.6909,OK,0
2026-04-06 17:34:40,F2,0.6908,OK,0
2026-04-06 17:34:50,F2,0.6908,OK,0
2026-04-06 17:35:00,F2,0.6907,OK,0
2026-04-06 17:35:11,F2,0.6907,OK,0
2026-04-06 17:35:21,F2,0.6906,OK,0
2026-04-06 17:35:31,F2,0.6905,OK,0
2026-04-06 17:35:41,F2,0.6905,OK,0
2026-04-06 17:35:52,F2,0.6904,OK,0
2026-04-06 17:36:02,F2,0.6904,OK,0
2026-04-06 17:36:12,F2,0.6903,OK,0
2026-04-06 17:36:22,F2,0.6903,OK,0
2026-04-06 17:36:33,F2,0.6902,OK,0
2026-04-06 17:36:43,F2,0.6901,OK,0
2026-04-06 17:36:53,F2,0.6901,OK,0
2026-04-06 17:37:03,F2,0.6900,OK,0
2026-04-06 17:37:14,F2,0.6900,OK,0
2026-04-06 17:37:24,F2,0.6899,OK,0
2026-04-06 17:37:34,F2,0.6899,OK,0
2026-04-06 17:37:44,F2,0.6898,OK,0
2026-04-06 17:37:55,F2,0.6898,OK,0
2026-04-06 17:38:05,F2,0.6897,OK,0
2026-04-06 17:38:15,F2,0.6897,OK,0
2026-04-06 17:38:25,F2,0.6896,OK,0
2026-04-06 17:38:35,F2,0.6896,OK,0
2026-04-06 17:38:46,F2,0.6896,OK,0
2026-04-06 17:38:56,F2,0.6895,OK,0
2026-04-06 17:39:06,F2,0.6895,OK,0
2026-04-06 17:39:16,F2,0.6894,OK,0
2026-04-06 17:39:27,F2,0.6894,OK,0
2026-04-06 17:39:37,F2,0.6893,OK,0
2026-04-06 17:39:47,F2,0.6893,OK,0
2026-04-06 17:39:57,F2,0.6892,OK,0
2026-04-06 17:40:08,F2,0.6892,OK,0
2026-04-06 17:40:18,F2,0.6891,OK,0
2026-04-06 17:40:28,F2,0.6891,OK,0
2026-04-06 17:40:38,F2,0.6890,OK,0
2026-04-06 17:40:49,F2,0.6890,OK,0
2026-04-06 17:40:59,F2,0.6889,OK,0
2026-04-06 17:41:09,F2,0.6889,OK,0
2026-04-06 17:41:19,F2,0.6888,OK,0
2026-04-06 17:41:30,F2,0.6888,OK,0
2026-04-06 17:41:40,F2,0.6887,OK,0
2026-04-06 17:41:50,F2,0.6886,OK,0
2026-04-06 17:42:00,F2,0.6886,OK,0
2026-04-06 17:42:11,F2,0.6885,OK,0
2026-04-06 17:42:21,F2,0.6885,OK,0
2026-04-06 17:42:31,F2,0.6884,OK,0
2026-04-06 17:42:41,F2,0.6884,OK,0
2026-04-06 17:42:52,F2,0.6883,OK,0
2026-04-06 17:43:02,F2,0.6882,OK,0
2026-04-06 17:43:12,F2,0.6882,OK,0
2026-04-06 17:43:22,F2,0.6881,OK,0
2026-04-06 17:43:33,F2,0.6881,OK,0
2026-04-06 17:43:43,F2,0.6880,OK,0
2026-04-06 17:43:53,F2,0.6879,OK,0
2026-04-06 17:44:03,F2,0.6879,OK,0
2026-04-06 17:44:14,F2,0.6878,OK,0
2026-04-06 17:44:24,F2,0.6877,OK,0
2026-04-06 17:44:34,F2,0.6877,OK,0
2026-04-06 17:44:44,F2,0.6876,OK,0
2026-04-06 17:44:55,F2,0.6875,OK,0
2026-04-06 17:45:05,F2,0.6874,OK,0
2026-04-06 17:45:15,F2,0.6874,OK,0
2026-04-06 17:45:25,F2,0.6873,OK,0
2026-04-06 17:45:35,F2,0.6872,OK,0
2026-04-06 17:45:46,F2,0.6871,OK,0
2026-04-06 17:45:56,F2,0.6871,OK,0
2026-04-06 17:46:06,F2,0.6870,OK,0
2026-04-06 17:46:16,F2,0.6869,OK,0
2026-04-06 17:46:27,F2,0.6868,OK,0
2026-04-06 17:46:37,F2,0.6867,OK,0
2026-04-06 17:46:47,F2,0.6867,OK,0
2026-04-06 17:46:57,F2,0.6866,OK,0
2026-04-06 17:47:08,F2,0.6865,OK,0
2026-04-06 17:47:18,F2,0.6864,OK,0
2026-04-06 17:47:28,F2,0.6863,OK,0
2026-04-06 17:47:38,F2,0.6863,OK,0
2026-04-06 17:47:49,F2,0.6862,OK,0
2026-04-06 17:47:59,F2,0.6861,OK,0
2026-04-06 17:48:09,F2,0.6860,OK,0
2026-04-06 17:48:19,F2,0.6859,OK,0
2026-04-06 17:48:30,F2,0.6859,OK,0
2026-04-06 17:48:40,F2,0.6858,OK,0
2026-04-06 17:48:50,F2,0.6857,OK,0
2026-04-06 17:49:00,F2,0.6856,OK,0
2026-04-06 17:49:11,F2,0.6856,OK,0
2026-04-06 17:49:21,F2,0.6855,OK,0
2026-04-06 17:49:31,F2,0.6854,OK,0
2026-04-06 17:49:41,F2,0.6853,OK,0
2026-04-06 17:49:52,F2,0.6853,OK,0
2026-04-06 17:50:02,F2,0.6852,OK,0
2026-04-06 17:50:12,F2,0.6851,OK,0
2026-04-06 17:50:22,F2,0.6851,OK,0
2026-04-06 17:50:33,F2,0.6850,OK,0
2026-04-06 17:50:43,F2,0.6849,OK,0
2026-04-06 17:50:53,F2,0.6849,OK,0
2026-04-06 17:51:03,F2,0.6848,OK,0
2026-04-06 17:51:13,F2,0.6847,OK,0
2026-04-06 17:51:24,F2,0.6847,OK,0
2026-04-06 17:51:34,F2,0.6846,OK,0
2026-04-06 17:51:44,F2,0.6845,OK,0
2026-04-06 17:51:54,F2,0.6845,OK,0
2026-04-06 17:52:05,F2,0.6844,OK,0
2026-04-06 17:52:15,F2,0.6844,OK,0
2026-04-06 17:52:25,F2,0.6843,OK,0
2026-04-06 17:52:35,F2,0.6843,OK,0
2026-04-06 17:52:46,F2,0.6842,OK,0
2026-04-06 17:52:56,F2,0.6841,OK,0
2026-04-06 17:53:06,F2,0.6841,OK,0
2026-04-06 17:53:16,F2,0.6840,OK,0
2026-04-06 17:53:27,F2,0.6840,OK,0
2026-04-06 17:53:37,F2,0.6839,OK,0
2026-04-06 17:53:47,F2,0.6839,OK,0
2026-04-06 17:53:57,F2,0.6838,OK,0
2026-04-06 17:54:08,F2,0.6838,OK,0
2026-04-06 17:54:18,F2,0.6837,OK,0
2026-04-06 17:54:28,F2,0.6837,OK,0
2026-04-06 17:54:38,F2,0.6836,OK,0
2026-04-06 17:54:49,F2,0.6836,OK,0
2026-04-06 17:54:59,F2,0.6835,OK,0
2026-04-06 17:55:09,F2,0.6835,OK,0
2026-04-06 17:55:19,F2,0.6834,OK,0
2026-04-06 17:55:30,F2,0.6834,OK,0
2026-04-06 17:55:40,F2,0.6833,OK,0
2026-04-06 17:55:50,F2,0.6833,OK,0
2026-04-06 17:56:00,F2,0.6833,OK,0
2026-04-06 17:56:11,F2,0.6832,OK,0
2026-04-06 17:56:21,F2,0.6832,OK,0
2026-04-06 17:56:31,F2,0.6831,OK,0
2026-04-06 17:56:41,F2,0.6831,OK,0
2026-04-06 17:56:52,F2,0.6830,OK,0
2026-04-06 17:57:02,F2,0.6830,OK,0
2026-04-06 17:57:12,F2,0.6829,OK,0
2026-04-06 17:57:22,F2,0.6829,OK,0
2026-04-06 17:57:33,F2,0.6828,OK,0
2026-04-06 17:57:43,F2,0.6828,OK,0
2026-04-06 17:57:53,F2,0.6827,OK,0
2026-04-06 17:58:03,F2,0.6827,OK,0
2026-04-06 17:58:14,F2,0.6826,OK,0
2026-04-06 17:58:24,F2,0.6826,OK,0
2026-04-06 17:58:34,F2,0.6825,OK,0
2026-04-06 17:58:44,F2,0.6824,OK,0
2026-04-06 17:58:55,F2,0.6824,OK,0
2026-04-06 17:59:05,F2,0.6823,OK,0
2026-04-06 17:59:15,F2,0.6823,OK,0
2026-04-06 17:59:25,F2,0.6822,OK,0
2026-04-06 17:59:36,F2,0.6821,OK,0
2026-04-06 17:59:46,F2,0.6821,OK,0
2026-04-06 17:59:56,F2,0.6820,OK,0
2026-04-06 18:00:06,F2,0.6819,OK,0
2026-04-06 18:00:16,F2,0.6819,OK,0
2026-04-06 18:00:27,F2,0.6818,OK,0
2026-04-06 18:00:37,F2,0.6817,OK,0
2026-04-06 18:00:47,F2,0.6816,OK,0
2026-04-06 18:00:57,F2,0.6816,OK,0
2026-04-06 18:01:08,F2,0.6815,OK,0
2026-04-06 18:01:18,F2,0.6814,OK,0
2026-04-06 18:01:28,F2,0.6813,OK,0
2026-04-06 18:01:38,F2,0.6812,OK,0
2026-04-06 18:01:49,F2,0.6811,OK,0
2026-04-06 18:01:59,F2,0.6810,OK,0
2026-04-06 18:02:09,F2,0.6809,OK,0
2026-04-06 18:02:19,F2,0.6808,OK,0
2026-04-06 18:02:30,F2,0.6807,OK,0
2026-04-06 18:02:40,F2,0.6806,OK,0
2026-04-06 18:02:50,F2,0.6805,OK,0
2026-04-06 18:03:00,F2,0.6804,OK,0
2026-04-06 18:03:11,F2,0.6803,OK,0
2026-04-06 18:03:21,F2,0.6802,OK,0
2026-04-06 18:03:31,F2,0.6801,OK,0
2026-04-06 18:03:41,F2,0.6800,OK,0
2026-04-06 18:03:52,F2,0.6799,OK,0
2026-04-06 18:04:02,F2,0.6798,OK,0
2026-04-06 18:04:12,F2,0.6797,OK,0
2026-04-06 18:04:22,F2,0.6796,OK,0
2026-04-06 18:04:32,F2,0.6794,OK,0
2026-04-06 18:04:43,F2,0.6793,OK,0
2026-04-06 18:04:53,F2,0.6792,OK,0
2026-04-06 18:05:03,F2,0.6791,OK,0
2026-04-06 18:05:13,F2,0.6790,OK,0
2026-04-06 18:05:24,F2,0.6789,OK,0
2026-04-06 18:05:34,F2,0.6787,OK,0
2026-04-06 18:05:44,F2,0.6786,OK,0
2026-04-06 18:05:54,F2,0.6785,OK,0
2026-04-06 18:06:05,F2,0.6784,OK,0
2026-04-06 18:06:15,F2,0.6782,OK,0
2026-04-06 18:06:25,F2,0.6781,OK,0
2026-04-06 18:06:35,F2,0.6780,OK,0
2026-04-06 18:06:46,F2,0.6779,OK,0
2026-04-06 18:06:56,F2,0.6777,OK,0
2026-04-06 18:07:06,F2,0.6776,OK,0
2026-04-06 18:07:16,F2,0.6775,OK,0
2026-04-06 18:07:27,F2,0.6774,OK,0
2026-04-06 18:07:37,F2,0.6772,OK,0
2026-04-06 18:07:47,F2,0.6771,OK,0
2026-04-06 18:07:57,F2,0.6770,OK,0
2026-04-06 18:08:08,F2,0.6768,OK,0
2026-04-06 18:08:18,F2,0.6767,OK,0
2026-04-06 18:08:28,F2,0.6766,OK,0
2026-04-06 18:08:38,F2,0.6764,OK,0
2026-04-06 18:08:49,F2,0.6763,OK,0
2026-04-06 18:08:59,F2,0.6761,OK,0
2026-04-06 18:09:09,F2,0.6760,OK,0
2026-04-06 18:09:19,F2,0.6759,OK,0
2026-04-06 18:09:30,F2,0.6757,OK,0
2026-04-06 18:09:40,F2,0.6756,OK,0
2026-04-06 18:09:50,F2,0.6754,OK,0
2026-04-06 18:10:00,F2,0.6753,OK,0
2026-04-06 18:10:11,F2,0.6751,OK,0
2026-04-06 18:10:21,F2,0.6750,OK,0
2026-04-06 18:10:31,F2,0.6748,OK,0
2026-04-06 18:10:41,F2,0.6747,OK,0
2026-04-06 18:10:52,F2,0.6745,OK,0
2026-04-06 18:11:02,F2,0.6744,OK,0
2026-04-06 18:11:12,F2,0.6742,OK,0
2026-04-06 18:11:22,F2,0.6740,OK,0
2026-04-06 18:11:32,F2,0.6739,OK,0
2026-04-06 18:11:43,F2,0.6737,OK,0
2026-04-06 18:11:53,F2,0.6735,OK,0
2026-04-06 18:12:03,F2,0.6734,OK,0
2026-04-06 18:12:13,F2,0.6732,OK,0
2026-04-06 18:12:24,F2,0.6730,OK,0
2026-04-06 18:12:34,F2,0.6729,OK,0
2026-04-06 18:12:44,F2,0.6727,OK,0
2026-04-06 18:12:54,F2,0.6725,OK,0
2026-04-06 18:13:05,F2,0.6724,OK,0
2026-04-06 18:13:15,F2,0.6722,OK,0
2026-04-06 18:13:25,F2,0.6720,OK,0
2026-04-06 18:13:35,F2,0.6718,OK,0
2026-04-06 18:13:46,F2,0.6716,OK,0
2026-04-06 18:13:56,F2,0.6714,OK,0
2026-04-06 18:14:06,F2,0.6713,OK,0
2026-04-06 18:14:16,F2,0.6711,OK,0
2026-04-06 18:14:27,F2,0.6709,OK,0
2026-04-06 18:14:37,F2,0.6707,OK,0
2026-04-06 18:14:47,F2,0.6705,OK,0
2026-04-06 18:14:58,F2,0.6703,OK,0
2026-04-06 18:15:08,F2,0.6701,OK,0
2026-04-06 18:15:18,F2,0.6699,OK,0
2026-04-06 18:15:28,F2,0.6697,OK,0
2026-04-06 18:15:39,F2,0.6695,OK,0
2026-04-06 18:15:49,F2,0.6693,OK,0
2026-04-06 18:15:59,F2,0.6691,OK,0
2026-04-06 18:16:09,F2,0.6689,OK,0
2026-04-06 18:16:20,F2,0.6687,OK,0
2026-04-06 18:16:30,F2,0.6685,OK,0
2026-04-06 18:16:40,F2,0.6683,OK,0
2026-04-06 18:16:50,F2,0.6681,OK,0
2026-04-06 18:17:01,F2,0.6679,OK,0
2026-04-06 18:17:11,F2,0.6677,OK,0
2026-04-06 18:17:21,F2,0.6675,OK,0
2026-04-06 18:17:31,F2,0.6673,OK,0
2026-04-06 18:17:42,F2,0.6670,OK,0
2026-04-06 18:17:52,F2,0.6668,OK,0
2026-04-06 18:18:02,F2,0.6666,OK,0
2026-04-06 18:18:12,F2,0.6664,OK,0
2026-04-06 18:18:23,F2,0.6662,OK,0
2026-04-06 18:18:33,F2,0.6660,OK,0
2026-04-06 18:18:43,F2,0.6658,OK,0
2026-04-06 18:18:53,F2,0.6656,OK,0
2026-04-06 18:19:03,F2,0.6654,OK,0
2026-04-06 18:19:14,F2,0.6652,OK,0
2026-04-06 18:19:24,F2,0.6650,OK,0
2026-04-06 18:19:34,F2,0.6649,OK,0
2026-04-06 18:19:44,F2,0.6647,OK,0
2026-04-06 18:19:55,F2,0.6645,OK,0
2026-04-06 18:20:05,F2,0.6643,OK,0
2026-04-06 18:20:15,F2,0.6641,OK,0
2026-04-06 18:20:25,F2,0.6639,OK,0
2026-04-06 18:20:36,F2,0.6637,OK,0
2026-04-06 18:20:46,F2,0.6635,OK,0
2026-04-06 18:20:56,F2,0.6633,OK,0
2026-04-06 18:21:06,F2,0.6631,OK,0
2026-04-06 18:21:17,F2,0.6629,OK,0
2026-04-06 18:21:27,F2,0.6628,OK,0
2026-04-06 18:21:37,F2,0.6626,OK,0
2026-04-06 18:21:47,F2,0.6624,OK,0
2026-04-06 18:21:58,F2,0.6622,OK,0
2026-04-06 18:22:08,F2,0.6620,OK,0
2026-04-06 18:22:18,F2,0.6618,OK,0
2026-04-06 18:22:28,F2,0.6616,OK,0
2026-04-06 18:22:39,F2,0.6615,OK,0
2026-04-06 18:22:49,F2,0.6613,OK,0
2026-04-06 18:22:59,F2,0.6611,OK,0
2026-04-06 18:23:09,F2,0.6609,OK,0
2026-04-06 18:23:20,F2,0.6607,OK,0
2026-04-06 18:23:30,F2,0.6606,OK,0
2026-04-06 18:23:40,F2,0.6604,OK,0
2026-04-06 18:23:50,F2,0.6602,OK,0
2026-04-06 18:24:01,F2,0.6600,OK,0
2026-04-06 18:24:11,F2,0.6598,OK,0
2026-04-06 18:24:21,F2,0.6597,OK,0
2026-04-06 18:24:31,F2,0.6595,OK,0
2026-04-06 18:24:42,F2,0.6593,OK,0
2026-04-06 18:24:52,F2,0.6591,OK,0
2026-04-06 18:25:02,F2,0.6589,OK,0
2026-04-06 18:25:12,F2,0.6588,OK,0
2026-04-06 18:25:23,F2,0.6586,OK,0
2026-04-06 18:25:33,F2,0.6584,OK,0
2026-04-06 18:25:43,F2,0.6582,OK,0
2026-04-06 18:25:53,F2,0.6580,OK,0
2026-04-06 18:26:03,F2,0.6579,OK,0
2026-04-06 18:26:14,F2,0.6577,OK,0
2026-04-06 18:26:24,F2,0.6575,OK,0
2026-04-06 18:26:34,F2,0.6573,OK,0
2026-04-06 18:26:44,F2,0.6571,OK,0
2026-04-06 18:26:55,F2,0.6570,OK,0
2026-04-06 18:27:05,F2,0.6568,OK,0
2026-04-06 18:27:15,F2,0.6566,OK,0
2026-04-06 18:27:25,F2,0.6564,OK,0
2026-04-06 18:27:36,F2,0.6562,OK,0
2026-04-06 18:27:46,F2,0.6560,OK,0
2026-04-06 18:27:56,F2,0.6559,OK,0
2026-04-06 18:28:06,F2,0.6557,OK,0
2026-04-06 18:28:17,F2,0.6555,OK,0
2026-04-06 18:28:27,F2,0.6553,OK,0
2026-04-06 18:28:37,F2,0.6551,OK,0
2026-04-06 18:28:47,F2,0.6549,OK,0
2026-04-06 18:28:58,F2,0.6547,OK,0
2026-04-06 18:29:08,F2,0.6545,OK,0
2026-04-06 18:29:18,F2,0.6544,OK,0
2026-04-06 18:29:28,F2,0.6542,OK,0
2026-04-06 18:29:39,F2,0.6540,OK,0
2026-04-06 18:29:49,F2,0.6538,OK,0
2026-04-06 18:29:59,F2,0.6536,OK,0
2026-04-06 18:30:09,F2,0.6534,OK,0
2026-04-06 18:30:20,F2,0.6532,OK,0
2026-04-06 18:30:30,F2,0.6530,OK,0
2026-04-06 18:30:40,F2,0.6528,OK,0
2026-04-06 18:30:50,F2,0.6526,OK,0
2026-04-06 18:31:01,F2,0.6524,OK,0
2026-04-06 18:31:11,F2,0.6522,OK,0
2026-04-06 18:31:21,F2,0.6521,OK,0
2026-04-06 18:31:31,F2,0.6519,OK,0
2026-04-06 18:31:42,F2,0.6517,OK,0
2026-04-06 18:31:52,F2,0.6515,OK,0
2026-04-06 18:32:02,F2,0.6513,OK,0
2026-04-06 18:32:12,F2,0.6511,OK,0
2026-04-06 18:32:22,F2,0.6509,OK,0
2026-04-06 18:32:33,F2,0.6507,OK,0
2026-04-06 18:32:43,F2,0.6505,OK,0
2026-04-06 18:32:53,F2,0.6503,OK,0
2026-04-06 18:33:03,F2,0.6501,OK,0
2026-04-06 18:33:14,F2,0.6499,OK,0
2026-04-06 18:33:24,F2,0.6497,OK,0
2026-04-06 18:33:34,F2,0.6495,OK,0
2026-04-06 18:33:44,F2,0.6493,OK,0
2026-04-06 18:33:55,F2,0.6491,OK,0
2026-04-06 18:34:05,F2,0.6489,OK,0
2026-04-06 18:34:15,F2,0.6486,OK,0
2026-04-06 18:34:25,F2,0.6484,OK,0
2026-04-06 18:34:36,F2,0.6482,OK,0
2026-04-06 18:34:46,F2,0.6480,OK,0
2026-04-06 18:34:56,F2,0.6478,OK,0
2026-04-06 18:35:06,F2,0.6476,OK,0
2026-04-06 18:35:17,F2,0.6474,OK,0
2026-04-06 18:35:27,F2,0.6472,OK,0
2026-04-06 18:35:37,F2,0.6470,OK,0
2026-04-06 18:35:47,F2,0.6467,OK,0
2026-04-06 18:35:58,F2,0.6465,OK,0
2026-04-06 18:36:08,F2,0.6463,OK,0
2026-04-06 18:36:18,F2,0.6461,OK,0
2026-04-06 18:36:28,F2,0.6459,OK,0
2026-04-06 18:36:39,F2,0.6456,OK,0
2026-04-06 18:36:49,F2,0.6454,OK,0
2026-04-06 18:36:59,F2,0.6452,OK,0
2026-04-06 18:37:09,F2,0.6450,OK,0
2026-04-06 18:37:19,F2,0.6447,OK,0
2026-04-06 18:37:30,F2,0.6445,OK,0
2026-04-06 18:37:40,F2,0.6443,OK,0
2026-04-06 18:37:50,F2,0.6440,OK,0
2026-04-06 18:38:00,F2,0.6438,OK,0
2026-04-06 18:38:11,F2,0.6436,OK,0
2026-04-06 18:38:21,F2,0.6433,OK,0
2026-04-06 18:38:31,F2,0.6431,OK,0
2026-04-06 18:38:41,F2,0.6429,OK,0
2026-04-06 18:38:52,F2,0.6426,OK,0
2026-04-06 18:39:02,F2,0.6424,OK,0
2026-04-06 18:39:12,F2,0.6421,OK,0
2026-04-06 18:39:22,F2,0.6419,OK,0
2026-04-06 18:39:33,F2,0.6417,OK,0
2026-04-06 18:39:43,F2,0.6414,OK,0
2026-04-06 18:39:53,F2,0.6412,OK,0
2026-04-06 18:40:03,F2,0.6409,OK,0
2026-04-06 18:40:14,F2,0.6407,OK,0
2026-04-06 18:40:24,F2,0.6404,OK,0
2026-04-06 18:40:34,F2,0.6402,OK,0
2026-04-06 18:40:44,F2,0.6399,OK,0
2026-04-06 18:40:55,F2,0.6397,OK,0
2026-04-06 18:41:05,F2,0.6394,OK,0
2026-04-06 18:41:15,F2,0.6392,OK,0
2026-04-06 18:41:25,F2,0.6390,OK,0
2026-04-06 18:41:35,F2,0.6387,OK,0
2026-04-06 18:41:46,F2,0.6385,OK,0
2026-04-06 18:41:56,F2,0.6382,OK,0
2026-04-06 18:42:06,F2,0.6380,OK,0
2026-04-06 18:42:16,F2,0.6377,OK,0
2026-04-06 18:42:27,F2,0.6375,OK,0
2026-04-06 18:42:37,F2,0.6373,OK,0
2026-04-06 18:42:47,F2,0.6370,OK,0
2026-04-06 18:42:57,F2,0.6368,OK,0
2026-04-06 18:43:08,F2,0.6365,OK,0
2026-04-06 18:43:18,F2,0.6363,OK,0
2026-04-06 18:43:28,F2,0.6361,OK,0
2026-04-06 18:43:38,F2,0.6358,OK,0
2026-04-06 18:43:49,F2,0.6356,OK,0
2026-04-06 18:43:59,F2,0.6354,OK,0
2026-04-06 18:44:09,F2,0.6352,OK,0
2026-04-06 18:44:19,F2,0.6349,OK,0
2026-04-06 18:44:30,F2,0.6347,OK,0
2026-04-06 18:44:40,F2,0.6345,OK,0
2026-04-06 18:44:50,F2,0.6342,OK,0
2026-04-06 18:45:00,F2,0.6340,OK,0
2026-04-06 18:45:11,F2,0.6338,OK,0
2026-04-06 18:45:21,F2,0.6336,OK,0
2026-04-06 18:45:31,F2,0.6334,OK,0
2026-04-06 18:45:41,F2,0.6331,OK,0
2026-04-06 18:45:52,F2,0.6329,OK,0
2026-04-06 18:46:02,F2,0.6327,OK,0
2026-04-06 18:46:12,F2,0.6325,OK,0
2026-04-06 18:46:22,F2,0.6323,OK,0
2026-04-06 18:46:33,F2,0.6321,OK,0
2026-04-06 18:46:43,F2,0.6319,OK,0
2026-04-06 18:46:53,F2,0.6317,OK,0
2026-04-06 18:47:03,F2,0.6314,OK,0
2026-04-06 18:47:13,F2,0.6312,OK,0
2026-04-06 18:47:24,F2,0.6310,OK,0
2026-04-06 18:47:34,F2,0.6308,OK,0
2026-04-06 18:47:44,F2,0.6306,OK,0
2026-04-06 18:47:54,F2,0.6304,OK,0
2026-04-06 18:48:05,F2,0.6302,OK,0
2026-04-06 18:48:15,F2,0.6300,OK,0
2026-04-06 18:48:25,F2,0.6298,OK,0
2026-04-06 18:48:35,F2,0.6296,OK,0
2026-04-06 18:48:46,F2,0.6294,OK,0
2026-04-06 18:48:56,F2,0.6292,OK,0
2026-04-06 18:49:06,F2,0.6290,OK,0
2026-04-06 18:49:16,F2,0.6288,OK,0
2026-04-06 18:49:27,F2,0.6286,OK,0
2026-04-06 18:49:37,F2,0.6284,OK,0
2026-04-06 18:49:47,F2,0.6282,OK,0
2026-04-06 18:49:57,F2,0.6280,OK,0
2026-04-06 18:50:08,F2,0.6278,OK,0
2026-04-06 18:50:18,F2,0.6277,OK,0
2026-04-06 18:50:28,F2,0.6275,OK,0
2026-04-06 18:50:38,F2,0.6273,OK,0
2026-04-06 18:50:49,F2,0.6271,OK,0
2026-04-06 18:50:59,F2,0.6269,OK,0
2026-04-06 18:51:09,F2,0.6267,OK,0
2026-04-06 18:51:19,F2,0.6265,OK,0
2026-04-06 18:51:30,F2,0.6263,OK,0
2026-04-06 18:51:40,F2,0.6262,OK,0
2026-04-06 18:51:50,F2,0.6260,OK,0
2026-04-06 18:52:00,F2,0.6258,OK,0
2026-04-06 18:52:11,F2,0.6256,OK,0
2026-04-06 18:52:21,F2,0.6255,OK,0
2026-04-06 18:52:31,F2,0.6253,OK,0
2026-04-06 18:52:41,F2,0.6251,OK,0
2026-04-06 18:52:52,F2,0.6250,OK,0
2026-04-06 18:53:02,F2,0.6248,OK,0
2026-04-06 18:53:12,F2,0.6246,OK,0
2026-04-06 18:53:22,F2,0.6245,OK,0
2026-04-06 18:53:33,F2,0.6243,OK,0
2026-04-06 18:53:43,F2,0.6242,OK,0
2026-04-06 18:53:53,F2,0.6240,OK,0
2026-04-06 18:54:03,F2,0.6239,OK,0
2026-04-06 18:54:14,F2,0.6237,OK,0
2026-04-06 18:54:24,F2,0.6236,OK,0
2026-04-06 18:54:34,F2,0.6234,OK,0
2026-04-06 18:54:44,F2,0.6233,OK,0
2026-04-06 18:54:55,F2,0.6232,OK,0
2026-04-06 18:55:05,F2,0.6230,OK,0
2026-04-06 18:55:15,F2,0.6229,OK,0
2026-04-06 18:55:25,F2,0.6228,OK,0
2026-04-06 18:55:35,F2,0.6226,OK,0
2026-04-06 18:55:46,F2,0.6225,OK,0
2026-04-06 18:55:56,F2,0.6224,OK,0
2026-04-06 18:56:06,F2,0.6223,OK,0
2026-04-06 18:56:16,F2,0.6221,OK,0
2026-04-06 18:56:27,F2,0.6220,OK,0
2026-04-06 18:56:37,F2,0.6219,OK,0
2026-04-06 18:56:47,F2,0.6218,OK,0
2026-04-06 18:56:57,F2,0.6217,OK,0
2026-04-06 18:57:08,F2,0.6216,OK,0
2026-04-06 18:57:18,F2,0.6215,OK,0
2026-04-06 18:57:28,F2,0.6214,OK,0
2026-04-06 18:57:38,F2,0.6213,OK,0
2026-04-06 18:57:49,F2,0.6212,OK,0
2026-04-06 18:57:59,F2,0.6211,OK,0
2026-04-06 18:58:09,F2,0.6210,OK,0
2026-04-06 18:58:19,F2,0.6209,OK,0
2026-04-06 18:58:30,F2,0.6208,OK,0
2026-04-06 18:58:40,F2,0.6207,OK,0
2026-04-06 18:58:50,F2,0.6206,OK,0
2026-04-06 18:59:00,F2,0.6205,OK,0
2026-04-06 18:59:11,F2,0.6204,OK,0
2026-04-06 18:59:21,F2,0.6203,OK,0
2026-04-06 18:59:31,F2,0.6202,OK,0
2026-04-06 18:59:41,F2,0.6201,OK,0
2026-04-06 18:59:52,F2,0.6200,OK,0
2026-04-06 19:00:02,F2,0.6199,OK,0
2026-04-06 19:00:12,F2,0.6198,OK,0
2026-04-06 19:00:22,F2,0.6198,OK,0
2026-04-06 19:00:33,F2,0.6197,OK,0
2026-04-06 19:00:43,F2,0.6196,OK,0
2026-04-06 19:00:53,F2,0.6195,OK,0
2026-04-06 19:01:03,F2,0.6194,OK,0
2026-04-06 19:01:14,F2,0.6193,OK,0
2026-04-06 19:01:24,F2,0.6193,OK,0
2026-04-06 19:01:34,F2,0.6192,OK,0
2026-04-06 19:01:44,F2,0.6191,OK,0
2026-04-06 19:01:55,F2,0.6190,OK,0
2026-04-06 19:02:05,F2,0.6189,OK,0
2026-04-06 19:02:15,F2,0.6189,OK,0
2026-04-06 19:02:25,F2,0.6188,OK,0
2026-04-06 19:02:35,F2,0.6187,OK,0
2026-04-06 19:02:46,F2,0.6187,OK,0
2026-04-06 19:02:56,F2,0.6186,OK,0
2026-04-06 19:03:06,F2,0.6185,OK,0
2026-04-06 19:03:16,F2,0.6185,OK,0
2026-04-06 19:03:27,F2,0.6184,OK,0
2026-04-06 19:03:37,F2,0.6184,OK,0
2026-04-06 19:03:47,F2,0.6183,OK,0
2026-04-06 19:03:57,F2,0.6183,OK,0
2026-04-06 19:04:08,F2,0.6182,OK,0
2026-04-06 19:04:18,F2,0.6182,OK,0
2026-04-06 19:04:28,F2,0.6181,OK,0
2026-04-06 19:04:38,F2,0.6181,OK,0
2026-04-06 19:04:49,F2,0.6180,OK,0
2026-04-06 19:04:59,F2,0.6180,OK,0
2026-04-06 19:05:09,F2,0.6179,OK,0
2026-04-06 19:05:19,F2,0.6179,OK,0
2026-04-06 19:05:30,F2,0.6179,OK,0
2026-04-06 19:05:40,F2,0.6178,OK,0
2026-04-06 19:05:50,F2,0.6178,OK,0
2026-04-06 19:06:00,F2,0.6178,OK,0
2026-04-06 19:06:11,F2,0.6178,OK,0
2026-04-06 19:06:21,F2,0.6177,OK,0
2026-04-06 19:06:31,F2,0.6177,OK,0
2026-04-06 19:06:41,F2,0.6177,OK,0
2026-04-06 19:06:52,F2,0.6177,OK,0
2026-04-06 19:07:02,F2,0.6177,OK,0
2026-04-06 19:07:12,F2,0.6176,OK,0
2026-04-06 19:07:23,F2,0.6176,OK,0
2026-04-06 19:07:33,F2,0.6176,OK,0
2026-04-06 19:07:43,F2,0.6176,OK,0
2026-04-06 19:07:53,F2,0.6176,OK,0
2026-04-06 19:08:04,F2,0.6176,OK,0
2026-04-06 19:08:14,F2,0.6176,OK,0
2026-04-06 19:08:24,F2,0.6176,OK,0
2026-04-06 19:08:34,F2,0.6176,OK,0
2026-04-06 19:08:45,F2,0.6176,OK,0
2026-04-06 19:08:55,F2,0.6175,OK,0
2026-04-06 19:09:05,F2,0.6175,OK,0
2026-04-06 19:09:15,F2,0.6175,OK,0
2026-04-06 19:09:26,F2,0.6175,OK,0
2026-04-06 19:09:36,F2,0.6175,OK,0
2026-04-06 19:09:46,F2,0.6175,OK,0
2026-04-06 19:09:56,F2,0.6175,OK,0
2026-04-06 19:10:07,F2,0.6175,OK,0
2026-04-06 19:10:17,F2,0.6175,OK,0
2026-04-06 19:10:27,F2,0.6175,OK,0
2026-04-06 19:10:37,F2,0.6175,OK,0
2026-04-06 19:10:48,F2,0.6175,OK,0
2026-04-06 19:10:58,F2,0.6174,OK,0
2026-04-06 19:11:08,F2,0.6174,OK,0
2026-04-06 19:11:18,F2,0.6174,OK,0
2026-04-06 19:11:29,F2,0.6174,OK,0
2026-04-06 19:11:39,F2,0.6174,OK,0
2026-04-06 19:11:49,F2,0.6174,OK,0
2026-04-06 19:11:59,F2,0.6174,OK,0
2026-04-06 19:12:10,F2,0.6174,OK,0
2026-04-06 19:12:20,F2,0.6173,OK,0
2026-04-06 19:12:30,F2,0.6173,OK,0
2026-04-06 19:12:40,F2,0.6173,OK,0
2026-04-06 19:12:51,F2,0.6173,OK,0
2026-04-06 19:13:01,F2,0.6173,OK,0
2026-04-06 19:13:11,F2,0.6173,OK,0
2026-04-06 19:13:21,F2,0.6173,OK,0
2026-04-06 19:13:31,F2,0.6173,OK,0
2026-04-06 19:13:42,F2,0.6172,OK,0
2026-04-06 19:13:52,F2,0.6172,OK,0
2026-04-06 19:14:02,F2,0.6172,OK,0
2026-04-06 19:14:12,F2,0.6172,OK,0
2026-04-06 19:14:23,F2,0.6172,OK,0
2026-04-06 19:14:33,F2,0.6172,OK,0
2026-04-06 19:14:43,F2,0.6172,OK,0
2026-04-06 19:14:53,F2,0.6172,OK,0
2026-04-06 19:15:04,F2,0.6172,OK,0
2026-04-06 19:15:14,F2,0.6171,OK,0
2026-04-06 19:15:24,F2,0.6171,OK,0
2026-04-06 19:15:34,F2,0.6171,OK,0
2026-04-06 19:15:45,F2,0.6171,OK,0
2026-04-06 19:15:55,F2,0.6171,OK,0
2026-04-06 19:16:05,F2,0.6171,OK,0
2026-04-06 19:16:15,F2,0.6171,OK,0
2026-04-06 19:16:26,F2,0.6171,OK,0
2026-04-06 19:16:36,F2,0.6171,OK,0
2026-04-06 19:16:46,F2,0.6171,OK,0
2026-04-06 19:16:56,F2,0.6171,OK,0
2026-04-06 19:17:07,F2,0.6171,OK,0
2026-04-06 19:17:17,F2,0.6171,OK,0
2026-04-06 19:17:27,F2,0.6171,OK,0
2026-04-06 19:17:37,F2,0.6170,OK,0
2026-04-06 19:17:48,F2,0.6170,OK,0
2026-04-06 19:17:58,F2,0.6170,OK,0
2026-04-06 19:18:08,F2,0.6170,OK,0
2026-04-06 19:18:18,F2,0.6170,OK,0
2026-04-06 19:18:29,F2,0.6170,OK,0
2026-04-06 19:18:39,F2,0.6170,OK,0
2026-04-06 19:18:49,F2,0.6170,OK,0
2026-04-06 19:18:59,F2,0.6170,OK,0
2026-04-06 19:19:10,F2,0.6170,OK,0
2026-04-06 19:19:20,F2,0.6170,OK,0
2026-04-06 19:19:30,F2,0.6170,OK,0
2026-04-06 19:19:40,F2,0.6169,OK,0
2026-04-06 19:19:51,F2,0.6169,OK,0
2026-04-06 19:20:01,F2,0.6169,OK,0
2026-04-06 19:20:11,F2,0.6169,OK,0
2026-04-06 19:20:21,F2,0.6169,OK,0
2026-04-06 19:20:32,F2,0.6169,OK,0
2026-04-06 19:20:42,F2,0.6169,OK,0
2026-04-06 19:20:52,F2,0.6169,OK,0
2026-04-06 19:21:02,F2,0.6168,OK,0
2026-04-06 19:21:12,F2,0.6168,OK,0
2026-04-06 19:21:23,F2,0.6168,OK,0
2026-04-06 19:21:33,F2,0.6168,OK,0
2026-04-06 19:21:43,F2,0.6168,OK,0
2026-04-06 19:21:54,F2,0.6168,OK,0
2026-04-06 19:22:04,F2,0.6168,OK,0
2026-04-06 19:22:14,F2,0.6167,OK,0
2026-04-06 19:22:24,F2,0.6167,OK,0
2026-04-06 19:22:34,F2,0.6167,OK,0
2026-04-06 19:22:45,F2,0.6167,OK,0
2026-04-06 19:22:55,F2,0.6167,OK,0
2026-04-06 19:23:05,F2,0.6167,OK,0
2026-04-06 19:23:15,F2,0.6167,OK,0
2026-04-06 19:23:26,F2,0.6167,OK,0
2026-04-06 19:23:36,F2,0.6167,OK,0
2026-04-06 19:23:46,F2,0.6167,OK,0
2026-04-06 19:23:56,F2,0.6167,OK,0
2026-04-06 19:24:07,F2,0.6167,OK,0
2026-04-06 19:24:17,F2,0.6167,OK,0
2026-04-06 19:24:27,F2,0.6167,OK,0
2026-04-06 19:24:38,F2,0.6167,OK,0
2026-04-06 19:24:48,F2,0.6167,OK,0
2026-04-06 19:24:58,F2,0.6167,OK,0
2026-04-06 19:25:08,F2,0.6167,OK,0
2026-04-06 19:25:19,F2,0.6167,OK,0
2026-04-06 19:25:29,F2,0.6167,OK,0
2026-04-06 19:25:39,F2,0.6167,OK,0
2026-04-06 19:25:49,F2,0.6167,OK,0
2026-04-06 19:26:00,F2,0.6167,OK,0
2026-04-06 19:26:10,F2,0.6168,OK,0
2026-04-06 19:26:20,F2,0.6168,OK,0
2026-04-06 19:26:30,F2,0.6168,OK,0
2026-04-06 19:26:41,F2,0.6168,OK,0
2026-04-06 19:26:51,F2,0.6169,OK,0
2026-04-06 19:27:01,F2,0.6169,OK,0
2026-04-06 19:27:11,F2,0.6169,OK,0
2026-04-06 19:27:22,F2,0.6169,OK,0
2026-04-06 19:27:32,F2,0.6170,OK,0
2026-04-06 19:27:42,F2,0.6170,OK,0
2026-04-06 19:27:52,F2,0.6170,OK,0
2026-04-06 19:28:03,F2,0.6170,OK,0
2026-04-06 19:28:13,F2,0.6171,OK,0
2026-04-06 19:28:23,F2,0.6171,OK,0
2026-04-06 19:28:33,F2,0.6171,OK,0
2026-04-06 19:28:43,F2,0.6171,OK,0
2026-04-06 19:28:54,F2,0.6171,OK,0
2026-04-06 19:29:04,F2,0.6172,OK,0
2026-04-06 19:29:14,F2,0.6172,OK,0
2026-04-06 19:29:24,F2,0.6172,OK,0
2026-04-06 19:29:35,F2,0.6172,OK,0
2026-04-06 19:29:45,F2,0.6172,OK,0
2026-04-06 19:29:55,F2,0.6173,OK,0
2026-04-06 19:30:05,F2,0.6173,OK,0
2026-04-06 19:30:16,F2,0.6173,OK,0
2026-04-06 19:30:26,F2,0.6173,OK,0
2026-04-06 19:30:36,F2,0.6173,OK,0
2026-04-06 19:30:46,F2,0.6173,OK,0
2026-04-06 19:30:57,F2,0.6173,OK,0
2026-04-06 19:31:07,F2,0.6173,OK,0
2026-04-06 19:31:17,F2,0.6173,OK,0
2026-04-06 19:31:27,F2,0.6173,OK,0
2026-04-06 19:31:38,F2,0.6173,OK,0
2026-04-06 19:31:48,F2,0.6173,OK,0
2026-04-06 19:31:58,F2,0.6173,OK,0
2026-04-06 19:32:08,F2,0.6173,OK,0
2026-04-06 19:32:19,F2,0.6173,OK,0
2026-04-06 19:32:29,F2,0.6173,OK,0
2026-04-06 19:32:39,F2,0.6173,OK,0
2026-04-06 19:32:49,F2,0.6173,OK,0
2026-04-06 19:33:00,F2,0.6173,OK,0
2026-04-06 19:33:10,F2,0.6173,OK,0
2026-04-06 19:33:20,F2,0.6173,OK,0
2026-04-06 19:33:30,F2,0.6173,OK,0
2026-04-06 19:33:41,F2,0.6173,OK,0
2026-04-06 19:33:51,F2,0.6173,OK,0
2026-04-06 19:34:01,F2,0.6173,OK,0
2026-04-06 19:34:11,F2,0.6173,OK,0
2026-04-06 19:34:21,F2,0.6173,OK,0
2026-04-06 19:34:32,F2,0.6173,OK,0
2026-04-06 19:34:42,F2,0.6172,OK,0
2026-04-06 19:34:52,F2,0.6172,OK,0
2026-04-06 19:35:02,F2,0.6172,OK,0
2026-04-06 19:35:13,F2,0.6172,OK,0
2026-04-06 19:35:23,F2,0.6172,OK,0
2026-04-06 19:35:33,F2,0.6172,OK,0
2026-04-06 19:35:43,F2,0.6172,OK,0
2026-04-06 19:35:54,F2,0.6172,OK,0
2026-04-06 19:36:04,F2,0.6172,OK,0
2026-04-06 19:36:14,F2,0.6172,OK,0
2026-04-06 19:36:24,F2,0.6172,OK,0
2026-04-06 19:36:35,F2,0.6172,OK,0
2026-04-06 19:36:45,F2,0.6171,OK,0
2026-04-06 19:36:55,F2,0.6171,OK,0
2026-04-06 19:37:05,F2,0.6171,OK,0
2026-04-06 19:37:16,F2,0.6171,OK,0
2026-04-06 19:37:26,F2,0.6171,OK,0
2026-04-06 19:37:36,F2,0.6171,OK,0
2026-04-06 19:37:46,F2,0.6171,OK,0
2026-04-06 19:37:57,F2,0.6171,OK,0
2026-04-06 19:38:07,F2,0.6171,OK,0
2026-04-06 19:38:17,F2,0.6170,OK,0
2026-04-06 19:38:27,F2,0.6170,OK,0
2026-04-06 19:38:38,F2,0.6170,OK,0
2026-04-06 19:38:48,F2,0.6170,OK,0
2026-04-06 19:38:58,F2,0.6170,OK,0
2026-04-06 19:39:08,F2,0.6170,OK,0
2026-04-06 19:39:18,F2,0.6169,OK,0
2026-04-06 19:39:29,F2,0.6169,OK,0
2026-04-06 19:39:39,F2,0.6169,OK,0
2026-04-06 19:39:49,F2,0.6169,OK,0
2026-04-06 19:39:59,F2,0.6169,OK,0
2026-04-06 19:40:10,F2,0.6169,OK,0
2026-04-06 19:40:20,F2,0.6168,OK,0
2026-04-06 19:40:30,F2,0.6168,OK,0
2026-04-06 19:40:40,F2,0.6168,OK,0
2026-04-06 19:40:51,F2,0.6168,OK,0
2026-04-06 19:41:01,F2,0.6167,OK,0
2026-04-06 19:41:11,F2,0.6167,OK,0
2026-04-06 19:41:21,F2,0.6167,OK,0
2026-04-06 19:41:32,F2,0.6167,OK,0
2026-04-06 19:41:42,F2,0.6166,OK,0
2026-04-06 19:41:52,F2,0.6166,OK,0
2026-04-06 19:42:02,F2,0.6166,OK,0
2026-04-06 19:42:13,F2,0.6166,OK,0
2026-04-06 19:42:23,F2,0.6165,OK,0
2026-04-06 19:42:33,F2,0.6165,OK,0
2026-04-06 19:42:43,F2,0.6165,OK,0
2026-04-06 19:42:54,F2,0.6165,OK,0
2026-04-06 19:43:04,F2,0.6165,OK,0
2026-04-06 19:43:14,F2,0.6164,OK,0
2026-04-06 19:43:24,F2,0.6164,OK,0
2026-04-06 19:43:35,F2,0.6164,OK,0
2026-04-06 19:43:45,F2,0.6164,OK,0
2026-04-06 19:43:55,F2,0.6164,OK,0
2026-04-06 19:44:05,F2,0.6164,OK,0
2026-04-06 19:44:16,F2,0.6163,OK,0
2026-04-06 19:44:26,F2,0.6163,OK,0
2026-04-06 19:44:36,F2,0.6163,OK,0
2026-04-06 19:44:46,F2,0.6163,OK,0
2026-04-06 19:44:57,F2,0.6163,OK,0
2026-04-06 19:45:07,F2,0.6163,OK,0
2026-04-06 19:45:17,F2,0.6163,OK,0
2026-04-06 19:45:27,F2,0.6163,OK,0
2026-04-06 19:45:38,F2,0.6163,OK,0
2026-04-06 19:45:48,F2,0.6163,OK,0
2026-04-06 19:45:58,F2,0.6163,OK,0
2026-04-06 19:46:08,F2,0.6163,OK,0
2026-04-06 19:46:19,F2,0.6163,OK,0
2026-04-06 19:46:29,F2,0.6163,OK,0
2026-04-06 19:46:39,F2,0.6163,OK,0
2026-04-06 19:46:49,F2,0.6163,OK,0
2026-04-06 19:46:59,F2,0.6163,OK,0
2026-04-06 19:47:10,F2,0.6163,OK,0
2026-04-06 19:47:20,F2,0.6163,OK,0
2026-04-06 19:47:30,F2,0.6163,OK,0
2026-04-06 19:47:40,F2,0.6163,OK,0
2026-04-06 19:47:51,F2,0.6164,OK,0
2026-04-06 19:48:01,F2,0.6164,OK,0
2026-04-06 19:48:11,F2,0.6164,OK,0
2026-04-06 19:48:21,F2,0.6164,OK,0
2026-04-06 19:48:32,F2,0.6164,OK,0
2026-04-06 19:48:42,F2,0.6164,OK,0
2026-04-06 19:48:52,F2,0.6164,OK,0
2026-04-06 19:49:02,F2,0.6164,OK,0
2026-04-06 19:49:13,F2,0.6164,OK,0
2026-04-06 19:49:23,F2,0.6165,OK,0
2026-04-06 19:49:33,F2,0.6165,OK,0
2026-04-06 19:49:43,F2,0.6165,OK,0
2026-04-06 19:49:54,F2,0.6165,OK,0
2026-04-06 19:50:04,F2,0.6165,OK,0
2026-04-06 19:50:14,F2,0.6165,OK,0
2026-04-06 19:50:24,F2,0.6165,OK,0
2026-04-06 19:50:35,F2,0.6165,OK,0
2026-04-06 19:50:45,F2,0.6165,OK,0
2026-04-06 19:50:55,F2,0.6166,OK,0
2026-04-06 19:51:05,F2,0.6166,OK,0
2026-04-06 19:51:16,F2,0.6166,OK,0
2026-04-06 19:51:26,F2,0.6166,OK,0
2026-04-06 19:51:36,F2,0.6166,OK,0
2026-04-06 19:51:46,F2,0.6166,OK,0
2026-04-06 19:51:57,F2,0.6166,OK,0
2026-04-06 19:52:07,F2,0.6167,OK,0
2026-04-06 19:52:17,F2,0.6167,OK,0
2026-04-06 19:52:27,F2,0.6167,OK,0
2026-04-06 19:52:37,F2,0.6167,OK,0
2026-04-06 19:52:48,F2,0.6167,OK,0
2026-04-06 19:52:58,F2,0.6168,OK,0
2026-04-06 19:53:08,F2,0.6168,OK,0
2026-04-06 19:53:18,F2,0.6168,OK,0
2026-04-06 19:53:29,F2,0.6168,OK,0
2026-04-06 19:53:39,F2,0.6169,OK,0
2026-04-06 19:53:49,F2,0.6169,OK,0
2026-04-06 19:53:59,F2,0.6169,OK,0
2026-04-06 19:54:10,F2,0.6170,OK,0
2026-04-06 19:54:20,F2,0.6170,OK,0
2026-04-06 19:54:30,F2,0.6170,OK,0
2026-04-06 19:54:40,F2,0.6171,OK,0
2026-04-06 19:54:51,F2,0.6171,OK,0
2026-04-06 19:55:01,F2,0.6171,OK,0
2026-04-06 19:55:11,F2,0.6172,OK,0
2026-04-06 19:55:21,F2,0.6172,OK,0
2026-04-06 19:55:32,F2,0.6173,OK,0
2026-04-06 19:55:42,F2,0.6173,OK,0
2026-04-06 19:55:52,F2,0.6173,OK,0
2026-04-06 19:56:02,F2,0.6174,OK,0
2026-04-06 19:56:13,F2,0.6174,OK,0
2026-04-06 19:56:23,F2,0.6175,OK,0
2026-04-06 19:56:33,F2,0.6175,OK,0
2026-04-06 19:56:43,F2,0.6176,OK,0
2026-04-06 19:56:54,F2,0.6176,OK,0
2026-04-06 19:57:04,F2,0.6177,OK,0
2026-04-06 19:57:14,F2,0.6177,OK,0
2026-04-06 19:57:24,F2,0.6178,OK,0
2026-04-06 19:57:35,F2,0.6178,OK,0
2026-04-06 19:57:45,F2,0.6179,OK,0
2026-04-06 19:57:55,F2,0.6179,OK,0
2026-04-06 19:58:05,F2,0.6180,OK,0
2026-04-06 19:58:16,F2,0.6180,OK,0
2026-04-06 19:58:26,F2,0.6181,OK,0
2026-04-06 19:58:36,F2,0.6181,OK,0
2026-04-06 19:58:46,F2,0.6182,OK,0
2026-04-06 19:58:57,F2,0.6182,OK,0
2026-04-06 19:59:07,F2,0.6183,OK,0
2026-04-06 19:59:17,F2,0.6183,OK,0
2026-04-06 19:59:27,F2,0.6184,OK,0
2026-04-06 19:59:37,F2,0.6184,OK,0
2026-04-06 19:59:48,F2,0.6185,OK,0
2026-04-06 19:59:58,F2,0.6185,OK,0
2026-04-06 20:00:08,F2,0.6186,OK,0
2026-04-06 20:00:18,F2,0.6186,OK,0
2026-04-06 20:00:29,F2,0.6187,OK,0
2026-04-06 20:00:39,F2,0.6187,OK,0
2026-04-06 20:00:49,F2,0.6188,OK,0
2026-04-06 20:00:59,F2,0.6188,OK,0
2026-04-06 20:01:10,F2,0.6188,OK,0
2026-04-06 20:01:20,F2,0.6189,OK,0
2026-04-06 20:01:30,F2,0.6189,OK,0
2026-04-06 20:01:40,F2,0.6190,OK,0
2026-04-06 20:01:51,F2,0.6190,OK,0
2026-04-06 20:02:01,F2,0.6190,OK,0
2026-04-06 20:02:11,F2,0.6191,OK,0
2026-04-06 20:02:21,F2,0.6191,OK,0
2026-04-06 20:02:32,F2,0.6192,OK,0
2026-04-06 20:02:42,F2,0.6192,OK,0
2026-04-06 20:02:52,F2,0.6192,OK,0
2026-04-06 20:03:02,F2,0.6193,OK,0
2026-04-06 20:03:13,F2,0.6193,OK,0
2026-04-06 20:03:23,F2,0.6194,OK,0
2026-04-06 20:03:33,F2,0.6194,OK,0
2026-04-06 20:03:43,F2,0.6194,OK,0
2026-04-06 20:03:54,F2,0.6195,OK,0
2026-04-06 20:04:04,F2,0.6195,OK,0
2026-04-06 20:04:14,F2,0.6195,OK,0
2026-04-06 20:04:24,F2,0.6196,OK,0
2026-04-06 20:04:34,F2,0.6196,OK,0
2026-04-06 20:04:45,F2,0.6196,OK,0
2026-04-06 20:04:55,F2,0.6197,OK,0
2026-04-06 20:05:05,F2,0.6197,OK,0
2026-04-06 20:05:15,F2,0.6197,OK,0
2026-04-06 20:05:26,F2,0.6198,OK,0
2026-04-06 20:05:36,F2,0.6198,OK,0
2026-04-06 20:05:46,F2,0.6198,OK,0
2026-04-06 20:05:56,F2,0.6199,OK,0
2026-04-06 20:06:07,F2,0.6199,OK,0
2026-04-06 20:06:17,F2,0.6199,OK,0
2026-04-06 20:06:27,F2,0.6200,OK,0
2026-04-06 20:06:37,F2,0.6200,OK,0
2026-04-06 20:06:48,F2,0.6200,OK,0
2026-04-06 20:06:58,F2,0.6200,OK,0
2026-04-06 20:07:08,F2,0.6201,OK,0
2026-04-06 20:07:18,F2,0.6201,OK,0
2026-04-06 20:07:29,F2,0.6201,OK,0
2026-04-06 20:07:39,F2,0.6201,OK,0
2026-04-06 20:07:49,F2,0.6201,OK,0
2026-04-06 20:07:59,F2,0.6202,OK,0
2026-04-06 20:08:10,F2,0.6202,OK,0
2026-04-06 20:08:20,F2,0.6202,OK,0
2026-04-06 20:08:30,F2,0.6202,OK,0
2026-04-06 20:08:40,F2,0.6202,OK,0
2026-04-06 20:08:51,F2,0.6203,OK,0
2026-04-06 20:09:01,F2,0.6203,OK,0
2026-04-06 20:09:11,F2,0.6203,OK,0
2026-04-06 20:09:21,F2,0.6203,OK,0
2026-04-06 20:09:31,F2,0.6203,OK,0
2026-04-06 20:09:42,F2,0.6203,OK,0
2026-04-06 20:09:52,F2,0.6203,OK,0
2026-04-06 20:10:02,F2,0.6203,OK,0
2026-04-06 20:10:13,F2,0.6203,OK,0
2026-04-06 20:10:23,F2,0.6203,OK,0
2026-04-06 20:10:33,F2,0.6203,OK,0
2026-04-06 20:10:43,F2,0.6203,OK,0
2026-04-06 20:10:54,F2,0.6203,OK,0
2026-04-06 20:11:04,F2,0.6203,OK,0
2026-04-06 20:11:14,F2,0.6203,OK,0
2026-04-06 20:11:24,F2,0.6204,OK,0
2026-04-06 20:11:35,F2,0.6204,OK,0
2026-04-06 20:11:45,F2,0.6204,OK,0
2026-04-06 20:11:55,F2,0.6204,OK,0
2026-04-06 20:12:05,F2,0.6204,OK,0
2026-04-06 20:12:15,F2,0.6204,OK,0
2026-04-06 20:12:26,F2,0.6204,OK,0
2026-04-06 20:12:36,F2,0.6204,OK,0
2026-04-06 20:12:46,F2,0.6204,OK,0
2026-04-06 20:12:56,F2,0.6204,OK,0
2026-04-06 20:13:07,F2,0.6204,OK,0
2026-04-06 20:13:17,F2,0.6204,OK,0
2026-04-06 20:13:27,F2,0.6204,OK,0
2026-04-06 20:13:37,F2,0.6204,OK,0
2026-04-06 20:13:48,F2,0.6204,OK,0
2026-04-06 20:13:58,F2,0.6204,OK,0
2026-04-06 20:14:08,F2,0.6204,OK,0
2026-04-06 20:14:18,F2,0.6204,OK,0
2026-04-06 20:14:29,F2,0.6204,OK,0
2026-04-06 20:14:39,F2,0.6204,OK,0
2026-04-06 20:14:49,F2,0.6205,OK,0
2026-04-06 20:14:59,F2,0.6205,OK,0
2026-04-06 20:15:10,F2,0.6205,OK,0
2026-04-06 20:15:20,F2,0.6205,OK,0
2026-04-06 20:15:30,F2,0.6205,OK,0
2026-04-06 20:15:40,F2,0.6205,OK,0
2026-04-06 20:15:51,F2,0.6205,OK,0
2026-04-06 20:16:01,F2,0.6205,OK,0
2026-04-06 20:16:11,F2,0.6205,OK,0
2026-04-06 20:16:21,F2,0.6205,OK,0
2026-04-06 20:16:31,F2,0.6205,OK,0
2026-04-06 20:16:42,F2,0.6206,OK,0
2026-04-06 20:16:52,F2,0.6206,OK,0
2026-04-06 20:17:02,F2,0.6206,OK,0
2026-04-06 20:17:12,F2,0.6206,OK,0
2026-04-06 20:17:23,F2,0.6206,OK,0
2026-04-06 20:17:33,F2,0.6206,OK,0
2026-04-06 20:17:43,F2,0.6206,OK,0
2026-04-06 20:17:53,F2,0.6206,OK,0
2026-04-06 20:18:04,F2,0.6206,OK,0
2026-04-06 20:18:14,F2,0.6206,OK,0
2026-04-06 20:18:24,F2,0.6206,OK,0
2026-04-06 20:18:34,F2,0.6206,OK,0
2026-04-06 20:18:45,F2,0.6206,OK,0
2026-04-06 20:18:55,F2,0.6206,OK,0
2026-04-06 20:19:05,F2,0.6207,OK,0
2026-04-06 20:19:15,F2,0.6207,OK,0
2026-04-06 20:19:26,F2,0.6207,OK,0
2026-04-06 20:19:36,F2,0.6207,OK,0
2026-04-06 20:19:46,F2,0.6207,OK,0
2026-04-06 20:19:56,F2,0.6207,OK,0
2026-04-06 20:20:07,F2,0.6207,OK,0
2026-04-06 20:20:17,F2,0.6207,OK,0
2026-04-06 20:20:27,F2,0.6207,OK,0
2026-04-06 20:20:37,F2,0.6207,OK,0
2026-04-06 20:20:48,F2,0.6208,OK,0
2026-04-06 20:20:58,F2,0.6208,OK,0
2026-04-06 20:21:08,F2,0.6208,OK,0
2026-04-06 20:21:18,F2,0.6208,OK,0
2026-04-06 20:21:29,F2,0.6208,OK,0
2026-04-06 20:21:39,F2,0.6208,OK,0
2026-04-06 20:21:49,F2,0.6209,OK,0
2026-04-06 20:21:59,F2,0.6209,OK,0
2026-04-06 20:22:09,F2,0.6209,OK,0
2026-04-06 20:22:20,F2,0.6209,OK,0
2026-04-06 20:22:30,F2,0.6209,OK,0
2026-04-06 20:22:40,F2,0.6210,OK,0
2026-04-06 20:22:50,F2,0.6210,OK,0
2026-04-06 20:23:01,F2,0.6210,OK,0
2026-04-06 20:23:11,F2,0.6210,OK,0
2026-04-06 20:23:21,F2,0.6211,OK,0
2026-04-06 20:23:31,F2,0.6211,OK,0
2026-04-06 20:23:42,F2,0.6211,OK,0
2026-04-06 20:23:52,F2,0.6211,OK,0
2026-04-06 20:24:02,F2,0.6212,OK,0
2026-04-06 20:24:12,F2,0.6212,OK,0
2026-04-06 20:24:23,F2,0.6212,OK,0
2026-04-06 20:24:33,F2,0.6213,OK,0
2026-04-06 20:24:43,F2,0.6213,OK,0
2026-04-06 20:24:53,F2,0.6213,OK,0
2026-04-06 20:25:04,F2,0.6213,OK,0
2026-04-06 20:25:14,F2,0.6213,OK,0
2026-04-06 20:25:24,F2,0.6214,OK,0
2026-04-06 20:25:34,F2,0.6214,OK,0
2026-04-06 20:25:45,F2,0.6214,OK,0
2026-04-06 20:25:55,F2,0.6214,OK,0
2026-04-06 20:26:05,F2,0.6215,OK,0
2026-04-06 20:26:15,F2,0.6215,OK,0
2026-04-06 20:26:26,F2,0.6215,OK,0
2026-04-06 20:26:36,F2,0.6215,OK,0
2026-04-06 20:26:46,F2,0.6215,OK,0
2026-04-06 20:26:56,F2,0.6216,OK,0
2026-04-06 20:27:07,F2,0.6216,OK,0
2026-04-06 20:27:17,F2,0.6216,OK,0
2026-04-06 20:27:27,F2,0.6216,OK,0
2026-04-06 20:27:37,F2,0.6216,OK,0
2026-04-06 20:27:48,F2,0.6217,OK,0
2026-04-06 20:27:58,F2,0.6217,OK,0
2026-04-06 20:28:08,F2,0.6217,OK,0
2026-04-06 20:28:19,F2,0.6217,OK,0
2026-04-06 20:28:29,F2,0.6217,OK,0
2026-04-06 20:28:39,F2,0.6218,OK,0
2026-04-06 20:28:49,F2,0.6218,OK,0
2026-04-06 20:29:00,F2,0.6218,OK,0
2026-04-06 20:29:10,F2,0.6218,OK,0
2026-04-06 20:29:20,F2,0.6219,OK,0
2026-04-06 20:29:30,F2,0.6219,OK,0
2026-04-06 20:29:41,F2,0.6219,OK,0
2026-04-06 20:29:51,F2,0.6220,OK,0
2026-04-06 20:30:01,F2,0.6220,OK,0
2026-04-06 20:30:11,F2,0.6220,OK,0
2026-04-06 20:30:22,F2,0.6220,OK,0
2026-04-06 20:30:32,F2,0.6221,OK,0
2026-04-06 20:30:42,F2,0.6221,OK,0
2026-04-06 20:30:52,F2,0.6221,OK,0
2026-04-06 20:31:03,F2,0.6222,OK,0
2026-04-06 20:31:13,F2,0.6222,OK,0
2026-04-06 20:31:23,F2,0.6222,OK,0
2026-04-06 20:31:33,F2,0.6223,OK,0
2026-04-06 20:31:44,F2,0.6223,OK,0
2026-04-06 20:31:54,F2,0.6224,OK,0
2026-04-06 20:32:04,F2,0.6224,OK,0
2026-04-06 20:32:14,F2,0.6224,OK,0
2026-04-06 20:32:25,F2,0.6225,OK,0
2026-04-06 20:32:35,F2,0.6225,OK,0
2026-04-06 20:32:45,F2,0.6225,OK,0
2026-04-06 20:32:55,F2,0.6226,OK,0
2026-04-06 20:33:06,F2,0.6226,OK,0
2026-04-06 20:33:16,F2,0.6227,OK,0
2026-04-06 20:33:26,F2,0.6227,OK,0
2026-04-06 20:33:36,F2,0.6227,OK,0
2026-04-06 20:33:46,F2,0.6228,OK,0
2026-04-06 20:33:57,F2,0.6228,OK,0
2026-04-06 20:34:07,F2,0.6229,OK,0
2026-04-06 20:34:17,F2,0.6229,OK,0
2026-04-06 20:34:27,F2,0.6229,OK,0
2026-04-06 20:34:38,F2,0.6230,OK,0
2026-04-06 20:34:48,F2,0.6230,OK,0
2026-04-06 20:34:58,F2,0.6231,OK,0
2026-04-06 20:35:08,F2,0.6231,OK,0
2026-04-06 20:35:19,F2,0.6232,OK,0
2026-04-06 20:35:29,F2,0.6232,OK,0
2026-04-06 20:35:39,F2,0.6232,OK,0
2026-04-06 20:35:49,F2,0.6233,OK,0
2026-04-06 20:36:00,F2,0.6233,OK,0
2026-04-06 20:36:10,F2,0.6234,OK,0
2026-04-06 20:36:20,F2,0.6234,OK,0
2026-04-06 20:36:30,F2,0.6235,OK,0
2026-04-06 20:36:41,F2,0.6236,OK,0
2026-04-06 20:36:51,F2,0.6236,OK,0
2026-04-06 20:37:01,F2,0.6237,OK,0
2026-04-06 20:37:11,F2,0.6237,OK,0
2026-04-06 20:37:22,F2,0.6238,OK,0
2026-04-06 20:37:32,F2,0.6239,OK,0
2026-04-06 20:37:42,F2,0.6239,OK,0
2026-04-06 20:37:52,F2,0.6240,OK,0
2026-04-06 20:38:03,F2,0.6241,OK,0
2026-04-06 20:38:13,F2,0.6241,OK,0
2026-04-06 20:38:23,F2,0.6242,OK,0
2026-04-06 20:38:33,F2,0.6243,OK,0
2026-04-06 20:38:44,F2,0.6244,OK,0
2026-04-06 20:38:54,F2,0.6245,OK,0
2026-04-06 20:39:04,F2,0.6245,OK,0
2026-04-06 20:39:14,F2,0.6246,OK,0
2026-04-06 20:39:25,F2,0.6247,OK,0
2026-04-06 20:39:35,F2,0.6248,OK,0
2026-04-06 20:39:45,F2,0.6249,OK,0
2026-04-06 20:39:55,F2,0.6250,OK,0
2026-04-06 20:40:05,F2,0.6251,OK,0
2026-04-06 20:40:16,F2,0.6252,OK,0
2026-04-06 20:40:26,F2,0.6253,OK,0
2026-04-06 20:40:36,F2,0.6254,OK,0
2026-04-06 20:40:46,F2,0.6254,OK,0
2026-04-06 20:40:57,F2,0.6255,OK,0
2026-04-06 20:41:07,F2,0.6256,OK,0
2026-04-06 20:41:17,F2,0.6257,OK,0
2026-04-06 20:41:27,F2,0.6259,OK,0
2026-04-06 20:41:38,F2,0.6260,OK,0
2026-04-06 20:41:48,F2,0.6261,OK,0
2026-04-06 20:41:58,F2,0.6262,OK,0
2026-04-06 20:42:08,F2,0.6263,OK,0
2026-04-06 20:42:19,F2,0.6264,OK,0
2026-04-06 20:42:29,F2,0.6265,OK,0
2026-04-06 20:42:39,F2,0.6266,OK,0
2026-04-06 20:42:50,F2,0.6267,OK,0
2026-04-06 20:43:00,F2,0.6268,OK,0
2026-04-06 20:43:10,F2,0.6269,OK,0
2026-04-06 20:43:20,F2,0.6271,OK,0
2026-04-06 20:43:30,F2,0.6272,OK,0
2026-04-06 20:43:41,F2,0.6273,OK,0
2026-04-06 20:43:51,F2,0.6274,OK,0
2026-04-06 20:44:01,F2,0.6276,OK,0
2026-04-06 20:44:11,F2,0.6277,OK,0
2026-04-06 20:44:22,F2,0.6278,OK,0
2026-04-06 20:44:32,F2,0.6279,OK,0
2026-04-06 20:44:42,F2,0.6281,OK,0
2026-04-06 20:44:52,F2,0.6282,OK,0
2026-04-06 20:45:03,F2,0.6283,OK,0
2026-04-06 20:45:13,F2,0.6285,OK,0
2026-04-06 20:45:23,F2,0.6286,OK,0
2026-04-06 20:45:33,F2,0.6288,OK,0
2026-04-06 20:45:44,F2,0.6289,OK,0
2026-04-06 20:45:54,F2,0.6291,OK,0
2026-04-06 20:46:04,F2,0.6292,OK,0
2026-04-06 20:46:14,F2,0.6294,OK,0
2026-04-06 20:46:25,F2,0.6295,OK,0
2026-04-06 20:46:35,F2,0.6297,OK,0
2026-04-06 20:46:45,F2,0.6298,OK,0
2026-04-06 20:46:55,F2,0.6300,OK,0
2026-04-06 20:47:06,F2,0.6301,OK,0
2026-04-06 20:47:16,F2,0.6303,OK,0
2026-04-06 20:47:26,F2,0.6304,OK,0
2026-04-06 20:47:36,F2,0.6306,OK,0
2026-04-06 20:47:47,F2,0.6307,OK,0
2026-04-06 20:47:57,F2,0.6309,OK,0
2026-04-06 20:48:07,F2,0.6311,OK,0
2026-04-06 20:48:17,F2,0.6312,OK,0
2026-04-06 20:48:28,F2,0.6314,OK,0
2026-04-06 20:48:38,F2,0.6315,OK,0
2026-04-06 20:48:48,F2,0.6317,OK,0
2026-04-06 20:48:58,F2,0.6318,OK,0
2026-04-06 20:49:09,F2,0.6320,OK,0
2026-04-06 20:49:19,F2,0.6321,OK,0
2026-04-06 20:49:29,F2,0.6323,OK,0
2026-04-06 20:49:39,F2,0.6324,OK,0
2026-04-06 20:49:50,F2,0.6326,OK,0
2026-04-06 20:50:00,F2,0.6327,OK,0
2026-04-06 20:50:10,F2,0.6329,OK,0
2026-04-06 20:50:20,F2,0.6330,OK,0
2026-04-06 20:50:31,F2,0.6332,OK,0
2026-04-06 20:50:41,F2,0.6333,OK,0
2026-04-06 20:50:51,F2,0.6334,OK,0
2026-04-06 20:51:01,F2,0.6336,OK,0
2026-04-06 20:51:12,F2,0.6337,OK,0
2026-04-06 20:51:22,F2,0.6339,OK,0
2026-04-06 20:51:32,F2,0.6340,OK,0
2026-04-06 20:51:42,F2,0.6342,OK,0
2026-04-06 20:51:53,F2,0.6343,OK,0
2026-04-06 20:52:03,F2,0.6344,OK,0
2026-04-06 20:52:13,F2,0.6346,OK,0
2026-04-06 20:52:23,F2,0.6347,OK,0
2026-04-06 20:52:34,F2,0.6349,OK,0
2026-04-06 20:52:44,F2,0.6350,OK,0
2026-04-06 20:52:54,F2,0.6351,OK,0
2026-04-06 20:53:04,F2,0.6353,OK,0
2026-04-06 20:53:14,F2,0.6354,OK,0
2026-04-06 20:53:25,F2,0.6356,OK,0
2026-04-06 20:53:35,F2,0.6357,OK,0
2026-04-06 20:53:45,F2,0.6358,OK,0
2026-04-06 20:53:55,F2,0.6360,OK,0
2026-04-06 20:54:06,F2,0.6361,OK,0
2026-04-06 20:54:16,F2,0.6363,OK,0
2026-04-06 20:54:26,F2,0.6364,OK,0
2026-04-06 20:54:36,F2,0.6365,OK,0
2026-04-06 20:54:47,F2,0.6367,OK,0
2026-04-06 20:54:57,F2,0.6368,OK,0
2026-04-06 20:55:07,F2,0.6369,OK,0
2026-04-06 20:55:17,F2,0.6371,OK,0
2026-04-06 20:55:28,F2,0.6372,OK,0
2026-04-06 20:55:38,F2,0.6373,OK,0
2026-04-06 20:55:48,F2,0.6375,OK,0
2026-04-06 20:55:59,F2,0.6376,OK,0
2026-04-06 20:56:09,F2,0.6377,OK,0
2026-04-06 20:56:19,F2,0.6378,OK,0
2026-04-06 20:56:30,F2,0.6380,OK,0
2026-04-06 20:56:40,F2,0.6381,OK,0
2026-04-06 20:56:50,F2,0.6382,OK,0
2026-04-06 20:57:00,F2,0.6383,OK,0
2026-04-06 20:57:11,F2,0.6385,OK,0
2026-04-06 20:57:21,F2,0.6386,OK,0
2026-04-06 20:57:31,F2,0.6387,OK,0
2026-04-06 20:57:41,F2,0.6388,OK,0
2026-04-06 20:57:52,F2,0.6389,OK,0
2026-04-06 20:58:02,F2,0.6391,OK,0
2026-04-06 20:58:12,F2,0.6392,OK,0
2026-04-06 20:58:22,F2,0.6393,OK,0
2026-04-06 20:58:33,F2,0.6394,OK,0
2026-04-06 20:58:43,F2,0.6395,OK,0
2026-04-06 20:58:53,F2,0.6396,OK,0
2026-04-06 20:59:03,F2,0.6398,OK,0
2026-04-06 20:59:13,F2,0.6399,OK,0
2026-04-06 20:59:24,F2,0.6400,OK,0
2026-04-06 20:59:34,F2,0.6401,OK,0
2026-04-06 20:59:44,F2,0.6402,OK,0
2026-04-06 20:59:54,F2,0.6403,OK,0
2026-04-06 21:00:05,F2,0.6404,OK,0
2026-04-06 21:00:15,F2,0.6406,OK,0
2026-04-06 21:00:25,F2,0.6407,OK,0
2026-04-06 21:00:35,F2,0.6408,OK,0
2026-04-06 21:00:46,F2,0.6409,OK,0
2026-04-06 21:00:56,F2,0.6410,OK,0
2026-04-06 21:01:06,F2,0.6411,OK,0
2026-04-06 21:01:16,F2,0.6413,OK,0
2026-04-06 21:01:27,F2,0.6414,OK,0
2026-04-06 21:01:37,F2,0.6415,OK,0
2026-04-06 21:01:47,F2,0.6416,OK,0
2026-04-06 21:01:57,F2,0.6417,OK,0
2026-04-06 21:02:08,F2,0.6419,OK,0
2026-04-06 21:02:18,F2,0.6420,OK,0
2026-04-06 21:02:28,F2,0.6421,OK,0
2026-04-06 21:02:38,F2,0.6422,OK,0
2026-04-06 21:02:49,F2,0.6424,OK,0
2026-04-06 21:02:59,F2,0.6425,OK,0
2026-04-06 21:03:09,F2,0.6426,OK,0
2026-04-06 21:03:19,F2,0.6427,OK,0
2026-04-06 21:03:30,F2,0.6429,OK,0
2026-04-06 21:03:40,F2,0.6430,OK,0
2026-04-06 21:03:50,F2,0.6431,OK,0
2026-04-06 21:04:00,F2,0.6432,OK,0
2026-04-06 21:04:11,F2,0.6434,OK,0
2026-04-06 21:04:21,F2,0.6435,OK,0
2026-04-06 21:04:31,F2,0.6436,OK,0
2026-04-06 21:04:41,F2,0.6437,OK,0
2026-04-06 21:04:51,F2,0.6439,OK,0
2026-04-06 21:05:02,F2,0.6440,OK,0
2026-04-06 21:05:12,F2,0.6441,OK,0
2026-04-06 21:05:22,F2,0.6442,OK,0
2026-04-06 21:05:32,F2,0.6444,OK,0
2026-04-06 21:05:43,F2,0.6445,OK,0
2026-04-06 21:05:53,F2,0.6446,OK,0
2026-04-06 21:06:03,F2,0.6447,OK,0
2026-04-06 21:06:13,F2,0.6449,OK,0
2026-04-06 21:06:24,F2,0.6450,OK,0
2026-04-06 21:06:34,F2,0.6451,OK,0
2026-04-06 21:06:44,F2,0.6453,OK,0
2026-04-06 21:06:54,F2,0.6454,OK,0
2026-04-06 21:07:05,F2,0.6455,OK,0
2026-04-06 21:07:15,F2,0.6457,OK,0
2026-04-06 21:07:25,F2,0.6458,OK,0
2026-04-06 21:07:35,F2,0.6459,OK,0
2026-04-06 21:07:46,F2,0.6461,OK,0
2026-04-06 21:07:56,F2,0.6462,OK,0
2026-04-06 21:08:06,F2,0.6464,OK,0
2026-04-06 21:08:16,F2,0.6465,OK,0
2026-04-06 21:08:27,F2,0.6467,OK,0
2026-04-06 21:08:37,F2,0.6468,OK,0
2026-04-06 21:08:47,F2,0.6470,OK,0
2026-04-06 21:08:57,F2,0.6471,OK,0
2026-04-06 21:09:08,F2,0.6473,OK,0
2026-04-06 21:09:18,F2,0.6474,OK,0
2026-04-06 21:09:28,F2,0.6476,OK,0
2026-04-06 21:09:38,F2,0.6477,OK,0
2026-04-06 21:09:48,F2,0.6479,OK,0
2026-04-06 21:09:59,F2,0.6481,OK,0
2026-04-06 21:10:09,F2,0.6482,OK,0
2026-04-06 21:10:19,F2,0.6484,OK,0
2026-04-06 21:10:29,F2,0.6485,OK,0
2026-04-06 21:10:40,F2,0.6487,OK,0
2026-04-06 21:10:50,F2,0.6489,OK,0
2026-04-06 21:11:00,F2,0.6490,OK,0
2026-04-06 21:11:10,F2,0.6492,OK,0
2026-04-06 21:11:21,F2,0.6494,OK,0
2026-04-06 21:11:31,F2,0.6496,OK,0
2026-04-06 21:11:41,F2,0.6497,OK,0
2026-04-06 21:11:51,F2,0.6499,OK,0
2026-04-06 21:12:02,F2,0.6501,OK,0
2026-04-06 21:12:12,F2,0.6502,OK,0
2026-04-06 21:12:22,F2,0.6504,OK,0
2026-04-06 21:12:32,F2,0.6506,OK,0
2026-04-06 21:12:43,F2,0.6508,OK,0
2026-04-06 21:12:53,F2,0.6509,OK,0
2026-04-06 21:13:03,F2,0.6511,OK,0
2026-04-06 21:13:13,F2,0.6513,OK,0
2026-04-06 21:13:24,F2,0.6515,OK,0
2026-04-06 21:13:34,F2,0.6516,OK,0
2026-04-06 21:13:44,F2,0.6518,OK,0
2026-04-06 21:13:54,F2,0.6520,OK,0
2026-04-06 21:14:05,F2,0.6522,OK,0
2026-04-06 21:14:15,F2,0.6524,OK,0
2026-04-06 21:14:25,F2,0.6525,OK,0
2026-04-06 21:14:35,F2,0.6527,OK,0
2026-04-06 21:14:46,F2,0.6529,OK,0
2026-04-06 21:14:56,F2,0.6531,OK,0
2026-04-06 21:15:06,F2,0.6533,OK,0
2026-04-06 21:15:16,F2,0.6535,OK,0
2026-04-06 21:15:27,F2,0.6536,OK,0
2026-04-06 21:15:37,F2,0.6538,OK,0
2026-04-06 21:15:47,F2,0.6540,OK,0
2026-04-06 21:15:57,F2,0.6542,OK,0
2026-04-06 21:16:07,F2,0.6544,OK,0
2026-04-06 21:16:18,F2,0.6546,OK,0
2026-04-06 21:16:28,F2,0.6548,OK,0
2026-04-06 21:16:38,F2,0.6550,OK,0
2026-04-06 21:16:48,F2,0.6552,OK,0
2026-04-06 21:16:59,F2,0.6554,OK,0
2026-04-06 21:17:09,F2,0.6556,OK,0
2026-04-06 21:17:19,F2,0.6558,OK,0
2026-04-06 21:17:29,F2,0.6560,OK,0
2026-04-06 21:17:40,F2,0.6562,OK,0
2026-04-06 21:17:50,F2,0.6564,OK,0
2026-04-06 21:18:00,F2,0.6566,OK,0
2026-04-06 21:18:10,F2,0.6568,OK,0
2026-04-06 21:18:21,F2,0.6570,OK,0
2026-04-06 21:18:31,F2,0.6572,OK,0
2026-04-06 21:18:41,F2,0.6574,OK,0
2026-04-06 21:18:51,F2,0.6576,OK,0
2026-04-06 21:19:02,F2,0.6578,OK,0
2026-04-06 21:19:12,F2,0.6580,OK,0
2026-04-06 21:19:22,F2,0.6582,OK,0
2026-04-06 21:19:32,F2,0.6584,OK,0
2026-04-06 21:19:43,F2,0.6586,OK,0
2026-04-06 21:19:53,F2,0.6587,OK,0
2026-04-06 21:20:03,F2,0.6589,OK,0
2026-04-06 21:20:13,F2,0.6591,OK,0
2026-04-06 21:20:24,F2,0.6593,OK,0
2026-04-06 21:20:34,F2,0.6595,OK,0
2026-04-06 21:20:44,F2,0.6597,OK,0
2026-04-06 21:20:54,F2,0.6599,OK,0
2026-04-06 21:21:05,F2,0.6600,OK,0
2026-04-06 21:21:15,F2,0.6602,OK,0
2026-04-06 21:21:25,F2,0.6604,OK,0
2026-04-06 21:21:35,F2,0.6606,OK,0
2026-04-06 21:21:46,F2,0.6607,OK,0
2026-04-06 21:21:56,F2,0.6609,OK,0
2026-04-06 21:22:06,F2,0.6611,OK,0
2026-04-06 21:22:16,F2,0.6612,OK,0
2026-04-06 21:22:26,F2,0.6614,OK,0
2026-04-06 21:22:37,F2,0.6616,OK,0
2026-04-06 21:22:47,F2,0.6617,OK,0
2026-04-06 21:22:57,F2,0.6619,OK,0
2026-04-06 21:23:07,F2,0.6620,OK,0
2026-04-06 21:23:18,F2,0.6622,OK,0
2026-04-06 21:23:28,F2,0.6624,OK,0
2026-04-06 21:23:38,F2,0.6625,OK,0
2026-04-06 21:23:48,F2,0.6627,OK,0
2026-04-06 21:23:59,F2,0.6628,OK,0
2026-04-06 21:24:09,F2,0.6630,OK,0
2026-04-06 21:24:19,F2,0.6631,OK,0
2026-04-06 21:24:29,F2,0.6633,OK,0
2026-04-06 21:24:40,F2,0.6634,OK,0
2026-04-06 21:24:50,F2,0.6636,OK,0
2026-04-06 21:25:00,F2,0.6637,OK,0
2026-04-06 21:25:10,F2,0.6639,OK,0
2026-04-06 21:25:21,F2,0.6640,OK,0
2026-04-06 21:25:31,F2,0.6641,OK,0
2026-04-06 21:25:41,F2,0.6643,OK,0
2026-04-06 21:25:51,F2,0.6644,OK,0
2026-04-06 21:26:02,F2,0.6646,OK,0
2026-04-06 21:26:12,F2,0.6647,OK,0
2026-04-06 21:26:22,F2,0.6648,OK,0
2026-04-06 21:26:32,F2,0.6650,OK,0
2026-04-06 21:26:42,F2,0.6651,OK,0
2026-04-06 21:26:53,F2,0.6652,OK,0
2026-04-06 21:27:03,F2,0.6654,OK,0
2026-04-06 21:27:13,F2,0.6655,OK,0
2026-04-06 21:27:23,F2,0.6656,OK,0
2026-04-06 21:27:34,F2,0.6657,OK,0
2026-04-06 21:27:44,F2,0.6658,OK,0
2026-04-06 21:27:54,F2,0.6660,OK,0
2026-04-06 21:28:04,F2,0.6661,OK,0
2026-04-06 21:28:15,F2,0.6662,OK,0
2026-04-06 21:28:25,F2,0.6663,OK,0
2026-04-06 21:28:35,F2,0.6664,OK,0
2026-04-06 21:28:45,F2,0.6665,OK,0
2026-04-06 21:28:56,F2,0.6666,OK,0
2026-04-06 21:29:06,F2,0.6667,OK,0
2026-04-06 21:29:16,F2,0.6668,OK,0
2026-04-06 21:29:26,F2,0.6669,OK,0
2026-04-06 21:29:37,F2,0.6670,OK,0
2026-04-06 21:29:47,F2,0.6671,OK,0
2026-04-06 21:29:57,F2,0.6672,OK,0
2026-04-06 21:30:07,F2,0.6673,OK,0
2026-04-06 21:30:18,F2,0.6674,OK,0
2026-04-06 21:30:28,F2,0.6675,OK,0
2026-04-06 21:30:38,F2,0.6676,OK,0
2026-04-06 21:30:48,F2,0.6677,OK,0
2026-04-06 21:30:59,F2,0.6678,OK,0
2026-04-06 21:31:09,F2,0.6679,OK,0
2026-04-06 21:31:19,F2,0.6680,OK,0
2026-04-06 21:31:29,F2,0.6681,OK,0
2026-04-06 21:31:40,F2,0.6682,OK,0
2026-04-06 21:31:50,F2,0.6683,OK,0
2026-04-06 21:32:00,F2,0.6684,OK,0
2026-04-06 21:32:10,F2,0.6685,OK,0
2026-04-06 21:32:21,F2,0.6686,OK,0
2026-04-06 21:32:31,F2,0.6687,OK,0
2026-04-06 21:32:41,F2,0.6687,OK,0
2026-04-06 21:32:51,F2,0.6688,OK,0
2026-04-06 21:33:02,F2,0.6689,OK,0
2026-04-06 21:33:12,F2,0.6690,OK,0
2026-04-06 21:33:22,F2,0.6691,OK,0
2026-04-06 21:33:32,F2,0.6692,OK,0
2026-04-06 21:33:43,F2,0.6693,OK,0
2026-04-06 21:33:53,F2,0.6694,OK,0
2026-04-06 21:34:03,F2,0.6695,OK,0
2026-04-06 21:34:13,F2,0.6695,OK,0
2026-04-06 21:34:23,F2,0.6696,OK,0
2026-04-06 21:34:34,F2,0.6697,OK,0
2026-04-06 21:34:44,F2,0.6698,OK,0
2026-04-06 21:34:54,F2,0.6699,OK,0
2026-04-06 21:35:04,F2,0.6700,OK,0
2026-04-06 21:35:15,F2,0.6700,OK,0
2026-04-06 21:35:25,F2,0.6701,OK,0
2026-04-06 21:35:35,F2,0.6702,OK,0
2026-04-06 21:35:45,F2,0.6703,OK,0
2026-04-06 21:35:56,F2,0.6704,OK,0
2026-04-06 21:36:06,F2,0.6704,OK,0
2026-04-06 21:36:16,F2,0.6705,OK,0
2026-04-06 21:36:26,F2,0.6706,OK,0
2026-04-06 21:36:37,F2,0.6707,OK,0
2026-04-06 21:36:47,F2,0.6707,OK,0
2026-04-06 21:36:57,F2,0.6708,OK,0
2026-04-06 21:37:07,F2,0.6709,OK,0
2026-04-06 21:37:18,F2,0.6710,OK,0
2026-04-06 21:37:28,F2,0.6710,OK,0
2026-04-06 21:37:38,F2,0.6711,OK,0
2026-04-06 21:37:48,F2,0.6712,OK,0
2026-04-06 21:37:59,F2,0.6713,OK,0
2026-04-06 21:38:09,F2,0.6713,OK,0
2026-04-06 21:38:19,F2,0.6714,OK,0
2026-04-06 21:38:29,F2,0.6715,OK,0
2026-04-06 21:38:39,F2,0.6716,OK,0
2026-04-06 21:38:50,F2,0.6716,OK,0
2026-04-06 21:39:00,F2,0.6717,OK,0
2026-04-06 21:39:10,F2,0.6718,OK,0
2026-04-06 21:39:20,F2,0.6719,OK,0
2026-04-06 21:39:31,F2,0.6720,OK,0
2026-04-06 21:39:41,F2,0.6720,OK,0
2026-04-06 21:39:51,F2,0.6721,OK,0
2026-04-06 21:40:01,F2,0.6722,OK,0
2026-04-06 21:40:12,F2,0.6723,OK,0
2026-04-06 21:40:22,F2,0.6724,OK,0
2026-04-06 21:40:32,F2,0.6725,OK,0
2026-04-06 21:40:42,F2,0.6725,OK,0
2026-04-06 21:40:53,F2,0.6726,OK,0
2026-04-06 21:41:03,F2,0.6727,OK,0
2026-04-06 21:41:13,F2,0.6728,OK,0
2026-04-06 21:41:23,F2,0.6729,OK,0
2026-04-06 21:41:34,F2,0.6730,OK,0
2026-04-06 21:41:44,F2,0.6731,OK,0
2026-04-06 21:41:54,F2,0.6732,OK,0
2026-04-06 21:42:04,F2,0.6733,OK,0
2026-04-06 21:42:15,F2,0.6734,OK,0
2026-04-06 21:42:25,F2,0.6734,OK,0
2026-04-06 21:42:35,F2,0.6735,OK,0
2026-04-06 21:42:45,F2,0.6736,OK,0
2026-04-06 21:42:55,F2,0.6737,OK,0
2026-04-06 21:43:06,F2,0.6738,OK,0
2026-04-06 21:43:16,F2,0.6739,OK,0
2026-04-06 21:43:26,F2,0.6740,OK,0
2026-04-06 21:43:36,F2,0.6741,OK,0
2026-04-06 21:43:47,F2,0.6742,OK,0
2026-04-06 21:43:57,F2,0.6743,OK,0
2026-04-06 21:44:07,F2,0.6744,OK,0
2026-04-06 21:44:17,F2,0.6745,OK,0
2026-04-06 21:44:28,F2,0.6746,OK,0
2026-04-06 21:44:38,F2,0.6747,OK,0
2026-04-06 21:44:48,F2,0.6747,OK,0
2026-04-06 21:44:58,F2,0.6748,OK,0
2026-04-06 21:45:09,F2,0.6749,OK,0
2026-04-06 21:45:19,F2,0.6750,OK,0
2026-04-06 21:45:29,F2,0.6751,OK,0
2026-04-06 21:45:39,F2,0.6752,OK,0
2026-04-06 21:45:50,F2,0.6753,OK,0
2026-04-06 21:46:00,F2,0.6754,OK,0
2026-04-06 21:46:10,F2,0.6755,OK,0
2026-04-06 21:46:20,F2,0.6756,OK,0
2026-04-06 21:46:31,F2,0.6757,OK,0
2026-04-06 21:46:41,F2,0.6758,OK,0
2026-04-06 21:46:51,F2,0.6759,OK,0
2026-04-06 21:47:01,F2,0.6760,OK,0
2026-04-06 21:47:11,F2,0.6761,OK,0
2026-04-06 21:47:22,F2,0.6762,OK,0
2026-04-06 21:47:32,F2,0.6763,OK,0
2026-04-06 21:47:42,F2,0.6764,OK,0
2026-04-06 21:47:52,F2,0.6766,OK,0
2026-04-06 21:48:03,F2,0.6767,OK,0
2026-04-06 21:48:13,F2,0.6768,OK,0
2026-04-06 21:48:23,F2,0.6769,OK,0
2026-04-06 21:48:33,F2,0.6770,OK,0
2026-04-06 21:48:44,F2,0.6771,OK,0
2026-04-06 21:48:54,F2,0.6772,OK,0
2026-04-06 21:49:04,F2,0.6773,OK,0
2026-04-06 21:49:14,F2,0.6774,OK,0
2026-04-06 21:49:25,F2,0.6775,OK,0
2026-04-06 21:49:35,F2,0.6776,OK,0
2026-04-06 21:49:45,F2,0.6777,OK,0
2026-04-06 21:49:55,F2,0.6779,OK,0
2026-04-06 21:50:06,F2,0.6780,OK,0
2026-04-06 21:50:16,F2,0.6781,OK,0
2026-04-06 21:50:26,F2,0.6782,OK,0
2026-04-06 21:50:36,F2,0.6783,OK,0
2026-04-06 21:50:47,F2,0.6784,OK,0
2026-04-06 21:50:57,F2,0.6785,OK,0
2026-04-06 21:51:07,F2,0.6786,OK,0
2026-04-06 21:51:17,F2,0.6787,OK,0
2026-04-06 21:51:28,F2,0.6788,OK,0
2026-04-06 21:51:38,F2,0.6789,OK,0
2026-04-06 21:51:48,F2,0.6790,OK,0
2026-04-06 21:51:58,F2,0.6791,OK,0
2026-04-06 21:52:08,F2,0.6792,OK,0
2026-04-06 21:52:19,F2,0.6793,OK,0
2026-04-06 21:52:29,F2,0.6794,OK,0
2026-04-06 21:52:39,F2,0.6795,OK,0
2026-04-06 21:52:49,F2,0.6796,OK,0
2026-04-06 21:53:00,F2,0.6797,OK,0
2026-04-06 21:53:10,F2,0.6798,OK,0
2026-04-06 21:53:20,F2,0.6799,OK,0
2026-04-06 21:53:30,F2,0.6800,OK,0
2026-04-06 21:53:41,F2,0.6801,OK,0
2026-04-06 21:53:51,F2,0.6802,OK,0
2026-04-06 21:54:01,F2,0.6803,OK,0
2026-04-06 21:54:11,F2,0.6804,OK,0
2026-04-06 21:54:22,F2,0.6805,OK,0
2026-04-06 21:54:32,F2,0.6806,OK,0
2026-04-06 21:54:42,F2,0.6807,OK,0
2026-04-06 21:54:52,F2,0.6808,OK,0
2026-04-06 21:55:03,F2,0.6809,OK,0
2026-04-06 21:55:13,F2,0.6810,OK,0
2026-04-06 21:55:23,F2,0.6811,OK,0
2026-04-06 21:55:33,F2,0.6812,OK,0
2026-04-06 21:55:44,F2,0.6813,OK,0
2026-04-06 21:55:54,F2,0.6814,OK,0
2026-04-06 21:56:04,F2,0.6815,OK,0
2026-04-06 21:56:14,F2,0.6816,OK,0
2026-04-06 21:56:25,F2,0.6817,OK,0
2026-04-06 21:56:35,F2,0.6818,OK,0
2026-04-06 21:56:45,F2,0.6819,OK,0
2026-04-06 21:56:55,F2,0.6820,OK,0
2026-04-06 21:57:06,F2,0.6821,OK,0
2026-04-06 21:57:16,F2,0.6822,OK,0
2026-04-06 21:57:26,F2,0.6823,OK,0
2026-04-06 21:57:36,F2,0.6824,OK,0
2026-04-06 21:57:46,F2,0.6825,OK,0
2026-04-06 21:57:57,F2,0.6826,OK,0
2026-04-06 21:58:07,F2,0.6827,OK,0
2026-04-06 21:58:17,F2,0.6828,OK,0
2026-04-06 21:58:27,F2,0.6829,OK,0
2026-04-06 21:58:38,F2,0.6830,OK,0
2026-04-06 21:58:48,F2,0.6831,OK,0
2026-04-06 21:58:58,F2,0.6832,OK,0
2026-04-06 21:59:08,F2,0.6833,OK,0
2026-04-06 21:59:19,F2,0.6834,OK,0
2026-04-06 21:59:29,F2,0.6835,OK,0
2026-04-06 21:59:39,F2,0.6836,OK,0
2026-04-06 21:59:49,F2,0.6836,OK,0
2026-04-06 22:00:00,F2,0.6837,OK,0
2026-04-06 22:00:10,F2,0.6838,OK,0
2026-04-06 22:00:20,F2,0.6839,OK,0
2026-04-06 22:00:30,F2,0.6840,OK,0
2026-04-06 22:00:41,F2,0.6841,OK,0
2026-04-06 22:00:51,F2,0.6842,OK,0
2026-04-06 22:01:01,F2,0.6843,OK,0
2026-04-06 22:01:11,F2,0.6844,OK,0
2026-04-06 22:01:22,F2,0.6845,OK,0
2026-04-06 22:01:32,F2,0.6846,OK,0
2026-04-06 22:01:42,F2,0.6847,OK,0
2026-04-06 22:01:52,F2,0.6848,OK,0
2026-04-06 22:02:03,F2,0.6849,OK,0
2026-04-06 22:02:13,F2,0.6850,OK,0
2026-04-06 22:02:23,F2,0.6851,OK,0
2026-04-06 22:02:33,F2,0.6852,OK,0
2026-04-06 22:02:44,F2,0.6853,OK,0
2026-04-06 22:02:54,F2,0.6854,OK,0
2026-04-06 22:03:04,F2,0.6855,OK,0
2026-04-06 22:03:14,F2,0.6856,OK,0
2026-04-06 22:03:25,F2,0.6857,OK,0
2026-04-06 22:03:35,F2,0.6858,OK,0
2026-04-06 22:03:45,F2,0.6859,OK,0
2026-04-06 22:03:55,F2,0.6860,OK,0
2026-04-06 22:04:06,F2,0.6861,OK,0
2026-04-06 22:04:16,F2,0.6863,OK,0
2026-04-06 22:04:26,F2,0.6864,OK,0
2026-04-06 22:04:36,F2,0.6865,OK,0
2026-04-06 22:04:46,F2,0.6866,OK,0
2026-04-06 22:04:57,F2,0.6867,OK,0
2026-04-06 22:05:07,F2,0.6868,OK,0
2026-04-06 22:05:17,F2,0.6869,OK,0
2026-04-06 22:05:28,F2,0.6870,OK,0
2026-04-06 22:05:38,F2,0.6871,OK,0
2026-04-06 22:05:48,F2,0.6872,OK,0
2026-04-06 22:05:58,F2,0.6873,OK,0
2026-04-06 22:06:09,F2,0.6875,OK,0
2026-04-06 22:06:19,F2,0.6876,OK,0
2026-04-06 22:06:29,F2,0.6877,OK,0
2026-04-06 22:06:39,F2,0.6878,OK,0
2026-04-06 22:06:50,F2,0.6879,OK,0
2026-04-06 22:07:00,F2,0.6880,OK,0
2026-04-06 22:07:10,F2,0.6881,OK,0
2026-04-06 22:07:20,F2,0.6882,OK,0
2026-04-06 22:07:31,F2,0.6883,OK,0
2026-04-06 22:07:41,F2,0.6884,OK,0
2026-04-06 22:07:51,F2,0.6885,OK,0
2026-04-06 22:08:02,F2,0.6886,OK,0
2026-04-06 22:08:12,F2,0.6887,OK,0
2026-04-06 22:08:22,F2,0.6888,OK,0
2026-04-06 22:08:32,F2,0.6889,OK,0
2026-04-06 22:08:43,F2,0.6890,OK,0
2026-04-06 22:08:53,F2,0.6891,OK,0
2026-04-06 22:09:03,F2,0.6891,OK,0
2026-04-06 22:09:13,F2,0.6892,OK,0
2026-04-06 22:09:24,F2,0.6893,OK,0
2026-04-06 22:09:34,F2,0.6894,OK,0
2026-04-06 22:09:44,F2,0.6895,OK,0
2026-04-06 22:09:54,F2,0.6896,OK,0
2026-04-06 22:10:05,F2,0.6897,OK,0
2026-04-06 22:10:15,F2,0.6898,OK,0
2026-04-06 22:10:25,F2,0.6899,OK,0
2026-04-06 22:10:35,F2,0.6900,OK,0
2026-04-06 22:10:46,F2,0.6901,OK,0
2026-04-06 22:10:56,F2,0.6902,OK,0
2026-04-06 22:11:06,F2,0.6902,OK,0
2026-04-06 22:11:16,F2,0.6903,OK,0
2026-04-06 22:11:27,F2,0.6904,OK,0
2026-04-06 22:11:37,F2,0.6905,OK,0
2026-04-06 22:11:47,F2,0.6906,OK,0
2026-04-06 22:11:57,F2,0.6907,OK,0
2026-04-06 22:12:08,F2,0.6908,OK,0
2026-04-06 22:12:18,F2,0.6909,OK,0
2026-04-06 22:12:28,F2,0.6909,OK,0
2026-04-06 22:12:38,F2,0.6910,OK,0
2026-04-06 22:12:49,F2,0.6911,OK,0
2026-04-06 22:12:59,F2,0.6912,OK,0
2026-04-06 22:13:09,F2,0.6913,OK,0
2026-04-06 22:13:19,F2,0.6914,OK,0
2026-04-06 22:13:29,F2,0.6914,OK,0
2026-04-06 22:13:40,F2,0.6915,OK,0
2026-04-06 22:13:50,F2,0.6916,OK,0
2026-04-06 22:14:00,F2,0.6917,OK,0
2026-04-06 22:14:10,F2,0.6918,OK,0
2026-04-06 22:14:21,F2,0.6918,OK,0
2026-04-06 22:14:31,F2,0.6919,OK,0
2026-04-06 22:14:41,F2,0.6920,OK,0
2026-04-06 22:14:51,F2,0.6921,OK,0
2026-04-06 22:15:02,F2,0.6921,OK,0
2026-04-06 22:15:12,F2,0.6922,OK,0
2026-04-06 22:15:22,F2,0.6923,OK,0
2026-04-06 22:15:32,F2,0.6924,OK,0
2026-04-06 22:15:43,F2,0.6924,OK,0
2026-04-06 22:15:53,F2,0.6925,OK,0
2026-04-06 22:16:03,F2,0.6926,OK,0
2026-04-06 22:16:13,F2,0.6926,OK,0
2026-04-06 22:16:24,F2,0.6927,OK,0
2026-04-06 22:16:34,F2,0.6928,OK,0
2026-04-06 22:16:44,F2,0.6929,OK,0
2026-04-06 22:16:54,F2,0.6929,OK,0
2026-04-06 22:17:05,F2,0.6930,OK,0
2026-04-06 22:17:15,F2,0.6931,OK,0
2026-04-06 22:17:25,F2,0.6932,OK,0
2026-04-06 22:17:35,F2,0.6932,OK,0
2026-04-06 22:17:46,F2,0.6933,OK,0
2026-04-06 22:17:56,F2,0.6934,OK,0
2026-04-06 22:18:06,F2,0.6934,OK,0
2026-04-06 22:18:16,F2,0.6935,OK,0
2026-04-06 22:18:27,F2,0.6936,OK,0
2026-04-06 22:18:37,F2,0.6937,OK,0
2026-04-06 22:18:47,F2,0.6937,OK,0
2026-04-06 22:18:57,F2,0.6938,OK,0
2026-04-06 22:19:07,F2,0.6939,OK,0
2026-04-06 22:19:18,F2,0.6940,OK,0
2026-04-06 22:19:28,F2,0.6941,OK,0
2026-04-06 22:19:38,F2,0.6941,OK,0
2026-04-06 22:19:48,F2,0.6942,OK,0
2026-04-06 22:19:59,F2,0.6943,OK,0
2026-04-06 22:20:09,F2,0.6944,OK,0
2026-04-06 22:20:19,F2,0.6944,OK,0
2026-04-06 22:20:30,F2,0.6945,OK,0
2026-04-06 22:20:40,F2,0.6946,OK,0
2026-04-06 22:20:50,F2,0.6947,OK,0
2026-04-06 22:21:00,F2,0.6948,OK,0
2026-04-06 22:21:11,F2,0.6948,OK,0
2026-04-06 22:21:21,F2,0.6949,OK,0
2026-04-06 22:21:31,F2,0.6950,OK,0
2026-04-06 22:21:41,F2,0.6951,OK,0
2026-04-06 22:21:51,F2,0.6952,OK,0
2026-04-06 22:22:02,F2,0.6952,OK,0
2026-04-06 22:22:12,F2,0.6953,OK,0
2026-04-06 22:22:22,F2,0.6954,OK,0
2026-04-06 22:22:32,F2,0.6955,OK,0
2026-04-06 22:22:43,F2,0.6956,OK,0
2026-04-06 22:22:53,F2,0.6956,OK,0
2026-04-06 22:23:03,F2,0.6957,OK,0
2026-04-06 22:23:13,F2,0.6958,OK,0
2026-04-06 22:23:24,F2,0.6959,OK,0
2026-04-06 22:23:34,F2,0.6959,OK,0
2026-04-06 22:23:44,F2,0.6960,OK,0
2026-04-06 22:23:54,F2,0.6961,OK,0
2026-04-06 22:24:05,F2,0.6962,OK,0
2026-04-06 22:24:15,F2,0.6963,OK,0
2026-04-06 22:24:25,F2,0.6963,OK,0
2026-04-06 22:24:35,F2,0.6964,OK,0
2026-04-06 22:24:46,F2,0.6965,OK,0
2026-04-06 22:24:56,F2,0.6966,OK,0
2026-04-06 22:25:06,F2,0.6967,OK,0
2026-04-06 22:25:16,F2,0.6968,OK,0
2026-04-06 22:25:27,F2,0.6968,OK,0
2026-04-06 22:25:37,F2,0.6969,OK,0
2026-04-06 22:25:47,F2,0.6970,OK,0
2026-04-06 22:25:57,F2,0.6971,OK,0
2026-04-06 22:26:07,F2,0.6972,OK,0
2026-04-06 22:26:18,F2,0.6973,OK,0
2026-04-06 22:26:28,F2,0.6974,OK,0
2026-04-06 22:26:38,F2,0.6975,OK,0
2026-04-06 22:26:48,F2,0.6976,OK,0
2026-04-06 22:26:59,F2,0.6976,OK,0
2026-04-06 22:27:09,F2,0.6977,OK,0
2026-04-06 22:27:19,F2,0.6978,OK,0
2026-04-06 22:27:29,F2,0.6979,OK,0
2026-04-06 22:27:40,F2,0.6980,OK,0
2026-04-06 22:27:50,F2,0.6981,OK,0
2026-04-06 22:28:00,F2,0.6982,OK,0
2026-04-06 22:28:10,F2,0.6983,OK,0
2026-04-06 22:28:21,F2,0.6984,OK,0
2026-04-06 22:28:31,F2,0.6985,OK,0
2026-04-06 22:28:41,F2,0.6986,OK,0
2026-04-06 22:28:51,F2,0.6987,OK,0
2026-04-06 22:29:02,F2,0.6988,OK,0
2026-04-06 22:29:12,F2,0.6989,OK,0
2026-04-06 22:29:22,F2,0.6990,OK,0
2026-04-06 22:29:32,F2,0.6991,OK,0
2026-04-06 22:29:43,F2,0.6992,OK,0
2026-04-06 22:29:53,F2,0.6993,OK,0
2026-04-06 22:30:03,F2,0.6994,OK,0
2026-04-06 22:30:13,F2,0.6995,OK,0
2026-04-06 22:30:24,F2,0.6996,OK,0
2026-04-06 22:30:34,F2,0.6997,OK,0
2026-04-06 22:30:44,F2,0.6998,OK,0
2026-04-06 22:30:54,F2,0.6999,OK,0
2026-04-06 22:31:05,F2,0.7000,OK,0
2026-04-06 22:31:15,F2,0.7001,OK,0
2026-04-06 22:31:25,F2,0.7002,OK,0
2026-04-06 22:31:35,F2,0.7003,OK,0
2026-04-06 22:31:45,F2,0.7004,OK,0
2026-04-06 22:31:56,F2,0.7006,OK,0
2026-04-06 22:32:06,F2,0.7007,OK,0
2026-04-06 22:32:16,F2,0.7008,OK,0
2026-04-06 22:32:26,F2,0.7009,OK,0
2026-04-06 22:32:37,F2,0.7010,OK,0
2026-04-06 22:32:47,F2,0.7011,OK,0
2026-04-06 22:32:57,F2,0.7013,OK,0
2026-04-06 22:33:07,F2,0.7014,OK,0
2026-04-06 22:33:18,F2,0.7015,OK,0
2026-04-06 22:33:28,F2,0.7016,OK,0
2026-04-06 22:33:38,F2,0.7018,OK,0
2026-04-06 22:33:48,F2,0.7019,OK,0
2026-04-06 22:33:59,F2,0.7020,OK,0
2026-04-06 22:34:09,F2,0.7021,OK,0
2026-04-06 22:34:19,F2,0.7023,OK,0
2026-04-06 22:34:29,F2,0.7024,OK,0
2026-04-06 22:34:40,F2,0.7025,OK,0
2026-04-06 22:34:50,F2,0.7027,OK,0
2026-04-06 22:35:00,F2,0.7028,OK,0
2026-04-06 22:35:10,F2,0.7030,OK,0
2026-04-06 22:35:21,F2,0.7031,OK,0
2026-04-06 22:35:31,F2,0.7032,OK,0
2026-04-06 22:35:41,F2,0.7034,OK,0
2026-04-06 22:35:51,F2,0.7035,OK,0
2026-04-06 22:36:01,F2,0.7037,OK,0
2026-04-06 22:36:12,F2,0.7038,OK,0
2026-04-06 22:36:22,F2,0.7040,OK,0
2026-04-06 22:36:32,F2,0.7041,OK,0
2026-04-06 22:36:42,F2,0.7043,OK,0
2026-04-06 22:36:53,F2,0.7044,OK,0
2026-04-06 22:37:03,F2,0.7046,OK,0
2026-04-06 22:37:13,F2,0.7047,OK,0
2026-04-06 22:37:23,F2,0.7049,OK,0
2026-04-06 22:37:34,F2,0.7050,OK,0
2026-04-06 22:37:44,F2,0.7051,OK,0
2026-04-06 22:37:54,F2,0.7053,OK,0
2026-04-06 22:38:04,F2,0.7054,OK,0
2026-04-06 22:38:15,F2,0.7056,OK,0
2026-04-06 22:38:25,F2,0.7057,OK,0
2026-04-06 22:38:35,F2,0.7058,OK,0
2026-04-06 22:38:45,F2,0.7060,OK,0
2026-04-06 22:38:56,F2,0.7061,OK,0
2026-04-06 22:39:06,F2,0.7063,OK,0
2026-04-06 22:39:16,F2,0.7064,OK,0
2026-04-06 22:39:26,F2,0.7065,OK,0
2026-04-06 22:39:37,F2,0.7067,OK,0
2026-04-06 22:39:47,F2,0.7068,OK,0
2026-04-06 22:39:57,F2,0.7069,OK,0
2026-04-06 22:40:07,F2,0.7071,OK,0
2026-04-06 22:40:18,F2,0.7072,OK,0
2026-04-06 22:40:28,F2,0.7073,OK,0
2026-04-06 22:40:38,F2,0.7075,OK,0
2026-04-06 22:40:48,F2,0.7076,OK,0
2026-04-06 22:40:58,F2,0.7077,OK,0
2026-04-06 22:41:09,F2,0.7078,OK,0
2026-04-06 22:41:19,F2,0.7080,OK,0
2026-04-06 22:41:29,F2,0.7081,OK,0
2026-04-06 22:41:40,F2,0.7082,OK,0
2026-04-06 22:41:50,F2,0.7084,OK,0
2026-04-06 22:42:00,F2,0.7085,OK,0
2026-04-06 22:42:10,F2,0.7086,OK,0
2026-04-06 22:42:20,F2,0.7087,OK,0
2026-04-06 22:42:31,F2,0.7088,OK,0
2026-04-06 22:42:41,F2,0.7090,OK,0
2026-04-06 22:42:51,F2,0.7091,OK,0
2026-04-06 22:43:01,F2,0.7092,OK,0
2026-04-06 22:43:12,F2,0.7093,OK,0
2026-04-06 22:43:22,F2,0.7094,OK,0
2026-04-06 22:43:32,F2,0.7095,OK,0
2026-04-06 22:43:42,F2,0.7096,OK,0
2026-04-06 22:43:53,F2,0.7097,OK,0
2026-04-06 22:44:03,F2,0.7098,OK,0
2026-04-06 22:44:13,F2,0.7099,OK,0
2026-04-06 22:44:23,F2,0.7101,OK,0
2026-04-06 22:44:34,F2,0.7102,OK,0
2026-04-06 22:44:44,F2,0.7103,OK,0
2026-04-06 22:44:54,F2,0.7104,OK,0
2026-04-06 22:45:04,F2,0.7105,OK,0
2026-04-06 22:45:15,F2,0.7105,OK,0
2026-04-06 22:45:25,F2,0.7106,OK,0
2026-04-06 22:45:35,F2,0.7107,OK,0
2026-04-06 22:45:45,F2,0.7108,OK,0
2026-04-06 22:45:56,F2,0.7109,OK,0
2026-04-06 22:46:06,F2,0.7110,OK,0
2026-04-06 22:46:16,F2,0.7111,OK,0
2026-04-06 22:46:26,F2,0.7112,OK,0
2026-04-06 22:46:37,F2,0.7113,OK,0
2026-04-06 22:46:47,F2,0.7114,OK,0
2026-04-06 22:46:57,F2,0.7115,OK,0
2026-04-06 22:47:07,F2,0.7116,OK,0
2026-04-06 22:47:18,F2,0.7116,OK,0
2026-04-06 22:47:28,F2,0.7117,OK,0
2026-04-06 22:47:38,F2,0.7118,OK,0
2026-04-06 22:47:48,F2,0.7119,OK,0
2026-04-06 22:47:59,F2,0.7120,OK,0
2026-04-06 22:48:09,F2,0.7121,OK,0
2026-04-06 22:48:19,F2,0.7122,OK,0
2026-04-06 22:48:29,F2,0.7123,OK,0
2026-04-06 22:48:39,F2,0.7124,OK,0
2026-04-06 22:48:50,F2,0.7125,OK,0
2026-04-06 22:49:00,F2,0.7126,OK,0
2026-04-06 22:49:10,F2,0.7127,OK,0
2026-04-06 22:49:21,F2,0.7127,OK,0
2026-04-06 22:49:32,F2,0.7128,OK,0
2026-04-06 22:49:42,F2,0.7129,OK,0
2026-04-06 22:49:52,F2,0.7130,OK,0
2026-04-06 22:50:02,F2,0.7131,OK,0
2026-04-06 22:50:13,F2,0.7132,OK,0
2026-04-06 22:50:23,F2,0.7133,OK,0
2026-04-06 22:50:33,F2,0.7134,OK,0
2026-04-06 22:50:43,F2,0.7135,OK,0
2026-04-06 22:50:54,F2,0.7136,OK,0
2026-04-06 22:51:04,F2,0.7137,OK,0
2026-04-06 22:51:14,F2,0.7138,OK,0
2026-04-06 22:51:24,F2,0.7139,OK,0
2026-04-06 22:51:35,F2,0.7140,OK,0
2026-04-06 22:51:45,F2,0.7141,OK,0
2026-04-06 22:51:55,F2,0.7142,OK,0
2026-04-06 22:52:05,F2,0.7143,OK,0
2026-04-06 22:52:16,F2,0.7144,OK,0
2026-04-06 22:52:26,F2,0.7145,OK,0
2026-04-06 22:52:36,F2,0.7146,OK,0
2026-04-06 22:52:46,F2,0.7147,OK,0
2026-04-06 22:52:56,F2,0.7148,OK,0
2026-04-06 22:53:07,F2,0.7148,OK,0
2026-04-06 22:53:17,F2,0.7149,OK,0
2026-04-06 22:53:27,F2,0.7150,OK,0
2026-04-06 22:53:37,F2,0.7151,OK,0
2026-04-06 22:53:48,F2,0.7152,OK,0
2026-04-06 22:53:58,F2,0.7153,OK,0
2026-04-06 22:54:08,F2,0.7154,OK,0
2026-04-06 22:54:18,F2,0.7155,OK,0
2026-04-06 22:54:29,F2,0.7156,OK,0
2026-04-06 22:54:39,F2,0.7157,OK,0
2026-04-06 22:54:49,F2,0.7158,OK,0
2026-04-06 22:54:59,F2,0.7159,OK,0
2026-04-06 22:55:10,F2,0.7160,OK,0
2026-04-06 22:55:20,F2,0.7161,OK,0
2026-04-06 22:55:30,F2,0.7163,OK,0
2026-04-06 22:55:40,F2,0.7164,OK,0
2026-04-06 22:55:51,F2,0.7165,OK,0
2026-04-06 22:56:01,F2,0.7166,OK,0
2026-04-06 22:56:11,F2,0.7167,OK,0
2026-04-06 22:56:21,F2,0.7168,OK,0
2026-04-06 22:56:32,F2,0.7169,OK,0
2026-04-06 22:56:42,F2,0.7170,OK,0
2026-04-06 22:56:52,F2,0.7172,OK,0
2026-04-06 22:57:02,F2,0.7173,OK,0
2026-04-06 22:57:13,F2,0.7174,OK,0
2026-04-06 22:57:23,F2,0.7175,OK,0
2026-04-06 22:57:33,F2,0.7177,OK,0
2026-04-06 22:57:43,F2,0.7178,OK,0
2026-04-06 22:57:53,F2,0.7179,OK,0
2026-04-06 22:58:04,F2,0.7180,OK,0
2026-04-06 22:58:14,F2,0.7182,OK,0
2026-04-06 22:58:24,F2,0.7183,OK,0
2026-04-06 22:58:34,F2,0.7184,OK,0
2026-04-06 22:58:45,F2,0.7186,OK,0
2026-04-06 22:58:55,F2,0.7187,OK,0
2026-04-06 22:59:05,F2,0.7188,OK,0
2026-04-06 22:59:15,F2,0.7190,OK,0
2026-04-06 22:59:26,F2,0.7191,OK,0
2026-04-06 22:59:36,F2,0.7192,OK,0
2026-04-06 22:59:46,F2,0.7194,OK,0
2026-04-06 22:59:56,F2,0.7195,OK,0
2026-04-06 23:00:07,F2,0.7197,OK,0
2026-04-06 23:00:17,F2,0.7198,OK,0
2026-04-06 23:00:27,F2,0.7200,OK,0
2026-04-06 23:00:37,F2,0.7201,OK,0
2026-04-06 23:00:48,F2,0.7202,OK,0
2026-04-06 23:00:58,F2,0.7204,OK,0
2026-04-06 23:01:08,F2,0.7205,OK,0
2026-04-06 23:01:18,F2,0.7207,OK,0
2026-04-06 23:01:29,F2,0.7209,OK,0
2026-04-06 23:01:39,F2,0.7210,OK,0
2026-04-06 23:01:49,F2,0.7212,OK,0
2026-04-06 23:01:59,F2,0.7213,OK,0
2026-04-06 23:02:10,F2,0.7215,OK,0
2026-04-06 23:02:20,F2,0.7216,OK,0
2026-04-06 23:02:30,F2,0.7218,OK,0
2026-04-06 23:02:40,F2,0.7220,OK,0
2026-04-06 23:02:51,F2,0.7222,OK,0
2026-04-06 23:03:01,F2,0.7223,OK,0
2026-04-06 23:03:11,F2,0.7225,OK,0
2026-04-06 23:03:21,F2,0.7227,OK,0
2026-04-06 23:03:32,F2,0.7229,OK,0
2026-04-06 23:03:42,F2,0.7231,OK,0
2026-04-06 23:03:52,F2,0.7232,OK,0
2026-04-06 23:04:02,F2,0.7234,OK,0
2026-04-06 23:04:13,F2,0.7236,OK,0
2026-04-06 23:04:23,F2,0.7238,OK,0
2026-04-06 23:04:33,F2,0.7240,OK,0
2026-04-06 23:04:43,F2,0.7242,OK,0
2026-04-06 23:04:54,F2,0.7244,OK,0
2026-04-06 23:05:04,F2,0.7246,OK,0
2026-04-06 23:05:14,F2,0.7248,OK,0
2026-04-06 23:05:24,F2,0.7251,OK,0
2026-04-06 23:05:35,F2,0.7253,OK,0
2026-04-06 23:05:45,F2,0.7255,OK,0
2026-04-06 23:05:55,F2,0.7257,OK,0
2026-04-06 23:06:05,F2,0.7259,OK,0
2026-04-06 23:06:15,F2,0.7262,OK,0
2026-04-06 23:06:26,F2,0.7264,OK,0
2026-04-06 23:06:36,F2,0.7266,OK,0
2026-04-06 23:06:46,F2,0.7268,OK,0
2026-04-06 23:06:56,F2,0.7271,OK,0
2026-04-06 23:07:07,F2,0.7273,OK,0
2026-04-06 23:07:17,F2,0.7275,OK,0
2026-04-06 23:07:27,F2,0.7278,OK,0
2026-04-06 23:07:37,F2,0.7280,OK,0
2026-04-06 23:07:48,F2,0.7283,OK,0
2026-04-06 23:07:58,F2,0.7285,OK,0
2026-04-06 23:08:08,F2,0.7288,OK,0
2026-04-06 23:08:18,F2,0.7290,OK,0
2026-04-06 23:08:29,F2,0.7293,OK,0
2026-04-06 23:08:39,F2,0.7295,OK,0
2026-04-06 23:08:49,F2,0.7298,OK,0
2026-04-06 23:08:59,F2,0.7300,OK,0
2026-04-06 23:09:10,F2,0.7303,OK,0
2026-04-06 23:09:20,F2,0.7306,OK,0
2026-04-06 23:09:30,F2,0.7308,OK,0
2026-04-06 23:09:40,F2,0.7311,OK,0
2026-04-06 23:09:51,F2,0.7314,OK,0
2026-04-06 23:10:01,F2,0.7317,OK,0
2026-04-06 23:10:11,F2,0.7320,OK,0
2026-04-06 23:10:21,F2,0.7322,OK,0
2026-04-06 23:10:31,F2,0.7325,OK,0
2026-04-06 23:10:42,F2,0.7328,OK,0
2026-04-06 23:10:52,F2,0.7331,OK,0
2026-04-06 23:11:02,F2,0.7334,OK,0
2026-04-06 23:11:12,F2,0.7337,OK,0
2026-04-06 23:11:23,F2,0.7340,OK,0
2026-04-06 23:11:33,F2,0.7343,OK,0
2026-04-06 23:11:43,F2,0.7346,OK,0
2026-04-06 23:11:53,F2,0.7349,OK,0
2026-04-06 23:12:04,F2,0.7352,OK,0
2026-04-06 23:12:14,F2,0.7356,OK,0
2026-04-06 23:12:24,F2,0.7359,OK,0
2026-04-06 23:12:34,F2,0.7362,OK,0
2026-04-06 23:12:45,F2,0.7365,OK,0
2026-04-06 23:12:55,F2,0.7368,OK,0
2026-04-06 23:13:05,F2,0.7372,OK,0
2026-04-06 23:13:15,F2,0.7375,OK,0
2026-04-06 23:13:26,F2,0.7378,OK,0
2026-04-06 23:13:36,F2,0.7382,OK,0
2026-04-06 23:13:46,F2,0.7385,OK,0
2026-04-06 23:13:56,F2,0.7389,OK,0
2026-04-06 23:14:07,F2,0.7392,OK,0
2026-04-06 23:14:17,F2,0.7396,OK,0
2026-04-06 23:14:27,F2,0.7399,OK,0
2026-04-06 23:14:37,F2,0.7403,OK,0
2026-04-06 23:14:48,F2,0.7406,OK,0
2026-04-06 23:14:58,F2,0.7410,OK,0
2026-04-06 23:15:08,F2,0.7413,OK,0
2026-04-06 23:15:18,F2,0.7417,OK,0
2026-04-06 23:15:29,F2,0.7421,OK,0
2026-04-06 23:15:39,F2,0.7424,OK,0
2026-04-06 23:15:49,F2,0.7428,OK,0
2026-04-06 23:15:59,F2,0.7432,OK,0
2026-04-06 23:16:10,F2,0.7435,OK,0
2026-04-06 23:16:20,F2,0.7439,OK,0
2026-04-06 23:16:30,F2,0.7443,OK,0
2026-04-06 23:16:40,F2,0.7447,OK,0
2026-04-06 23:16:51,F2,0.7451,OK,0
2026-04-06 23:17:01,F2,0.7454,OK,0
2026-04-06 23:17:11,F2,0.7458,OK,0
2026-04-06 23:17:21,F2,0.7462,OK,0
2026-04-06 23:17:32,F2,0.7466,OK,0
2026-04-06 23:17:42,F2,0.7470,OK,0
2026-04-06 23:17:52,F2,0.7474,OK,0
2026-04-06 23:18:02,F2,0.7478,OK,0
2026-04-06 23:18:13,F2,0.7482,OK,0
2026-04-06 23:18:23,F2,0.7487,OK,0
2026-04-06 23:18:33,F2,0.7491,OK,0
2026-04-06 23:18:43,F2,0.7495,OK,0
2026-04-06 23:18:53,F2,0.7499,OK,0
2026-04-06 23:19:04,F2,0.7503,OK,0
2026-04-06 23:19:14,F2,0.7508,OK,0
2026-04-06 23:19:24,F2,0.7512,OK,0
2026-04-06 23:19:35,F2,0.7516,OK,0
2026-04-06 23:19:45,F2,0.7521,OK,0
2026-04-06 23:19:55,F2,0.7525,OK,0
2026-04-06 23:20:05,F2,0.7530,OK,0
2026-04-06 23:20:15,F2,0.7534,OK,0
2026-04-06 23:20:26,F2,0.7539,OK,0
2026-04-06 23:20:36,F2,0.7543,OK,0
2026-04-06 23:20:46,F2,0.7548,OK,0
2026-04-06 23:20:57,F2,0.7552,OK,0
2026-04-06 23:21:07,F2,0.7557,OK,0
2026-04-06 23:21:17,F2,0.7562,OK,0
2026-04-06 23:21:27,F2,0.7566,OK,0
2026-04-06 23:21:37,F2,0.7571,OK,0
2026-04-06 23:21:48,F2,0.7576,OK,0
2026-04-06 23:21:58,F2,0.7581,OK,0
2026-04-06 23:22:08,F2,0.7585,OK,0
2026-04-06 23:22:18,F2,0.7590,OK,0
2026-04-06 23:22:29,F2,0.7595,OK,0
2026-04-06 23:22:39,F2,0.7600,OK,0
2026-04-06 23:22:49,F2,0.7605,OK,0
2026-04-06 23:22:59,F2,0.7610,OK,0
2026-04-06 23:23:10,F2,0.7615,OK,0
2026-04-06 23:23:20,F2,0.7620,OK,0
2026-04-06 23:23:30,F2,0.7625,OK,0
2026-04-06 23:23:40,F2,0.7630,OK,0
2026-04-06 23:23:51,F2,0.7635,OK,0
2026-04-06 23:24:01,F2,0.7640,OK,0
2026-04-06 23:24:11,F2,0.7645,OK,0
2026-04-06 23:24:21,F2,0.7650,OK,0
2026-04-06 23:24:32,F2,0.7655,OK,0
2026-04-06 23:24:42,F2,0.7660,OK,0
2026-04-06 23:24:52,F2,0.7665,OK,0
2026-04-06 23:25:02,F2,0.7670,OK,0
2026-04-06 23:25:13,F2,0.7675,OK,0
2026-04-06 23:25:23,F2,0.7681,OK,0
2026-04-06 23:25:33,F2,0.7686,OK,0
2026-04-06 23:25:43,F2,0.7691,OK,0
2026-04-06 23:25:54,F2,0.7696,OK,0
2026-04-06 23:26:04,F2,0.7702,OK,0
2026-04-06 23:26:14,F2,0.7707,OK,0
2026-04-06 23:26:24,F2,0.7712,OK,0
2026-04-06 23:26:35,F2,0.7718,OK,0
2026-04-06 23:26:45,F2,0.7723,OK,0
2026-04-06 23:26:55,F2,0.7729,OK,0
2026-04-06 23:27:05,F2,0.7734,OK,0
2026-04-06 23:27:16,F2,0.7739,OK,0
2026-04-06 23:27:26,F2,0.7745,OK,0
2026-04-06 23:27:36,F2,0.7750,OK,0
2026-04-06 23:27:46,F2,0.7756,OK,0
2026-04-06 23:27:56,F2,0.7761,OK,0
2026-04-06 23:28:07,F2,0.7767,OK,0
2026-04-06 23:28:17,F2,0.7772,OK,0
2026-04-06 23:28:27,F2,0.7778,OK,0
2026-04-06 23:28:37,F2,0.7783,OK,0
2026-04-06 23:28:48,F2,0.7789,OK,0
2026-04-06 23:28:58,F2,0.7794,OK,0
2026-04-06 23:29:08,F2,0.7800,OK,0
2026-04-06 23:29:18,F2,0.7805,OK,0
2026-04-06 23:29:29,F2,0.7811,OK,0
2026-04-06 23:29:39,F2,0.7816,OK,0
2026-04-06 23:29:49,F2,0.7821,OK,0
2026-04-06 23:29:59,F2,0.7827,OK,0
2026-04-06 23:30:10,F2,0.7832,OK,0
2026-04-06 23:30:20,F2,0.7838,OK,0
2026-04-06 23:30:30,F2,0.7843,OK,0
2026-04-06 23:30:40,F2,0.7849,OK,0
2026-04-06 23:30:51,F2,0.7854,OK,0
2026-04-06 23:31:01,F2,0.7860,OK,0
2026-04-06 23:31:11,F2,0.7865,OK,0
2026-04-06 23:31:21,F2,0.7870,OK,0
2026-04-06 23:31:32,F2,0.7876,OK,0
2026-04-06 23:31:42,F2,0.7881,OK,0
2026-04-06 23:31:52,F2,0.7887,OK,0
2026-04-06 23:32:02,F2,0.7892,OK,0
2026-04-06 23:32:13,F2,0.7897,OK,0
2026-04-06 23:32:23,F2,0.7903,OK,0
2026-04-06 23:32:33,F2,0.7908,OK,0
2026-04-06 23:32:43,F2,0.7914,OK,0
2026-04-06 23:32:54,F2,0.7919,OK,0
2026-04-06 23:33:04,F2,0.7924,OK,0
2026-04-06 23:33:14,F2,0.7930,OK,0
2026-04-06 23:33:24,F2,0.7935,OK,0
2026-04-06 23:33:35,F2,0.7941,OK,0
2026-04-06 23:33:45,F2,0.7946,OK,0
2026-04-06 23:33:55,F2,0.7951,OK,0
2026-04-06 23:34:05,F2,0.7957,OK,0
2026-04-06 23:34:16,F2,0.7962,OK,0
2026-04-06 23:34:26,F2,0.7968,OK,0
2026-04-06 23:34:36,F2,0.7973,OK,0
2026-04-06 23:34:46,F2,0.7978,OK,0
2026-04-06 23:34:56,F2,0.7984,OK,0
2026-04-06 23:35:07,F2,0.7989,OK,0
2026-04-06 23:35:17,F2,0.7994,OK,0
2026-04-06 23:35:27,F2,0.8000,OK,0
2026-04-06 23:35:37,F2,0.8005,OK,0
2026-04-06 23:35:48,F2,0.8011,OK,0
2026-04-06 23:35:58,F2,0.8016,OK,0
2026-04-06 23:36:08,F2,0.8021,OK,0
2026-04-06 23:36:18,F2,0.8027,OK,0
2026-04-06 23:36:29,F2,0.8032,OK,0
2026-04-06 23:36:39,F2,0.8037,OK,0
2026-04-06 23:36:49,F2,0.8042,OK,0
2026-04-06 23:36:59,F2,0.8048,OK,0
2026-04-06 23:37:10,F2,0.8053,OK,0
2026-04-06 23:37:20,F2,0.8058,OK,0
2026-04-06 23:37:30,F2,0.8063,OK,0
2026-04-06 23:37:40,F2,0.8069,OK,0
2026-04-06 23:37:51,F2,0.8074,OK,0
2026-04-06 23:38:01,F2,0.8079,OK,0
2026-04-06 23:38:11,F2,0.8084,OK,0
2026-04-06 23:38:22,F2,0.8089,OK,0
2026-04-06 23:38:32,F2,0.8095,OK,0
2026-04-06 23:38:42,F2,0.8100,OK,0
2026-04-06 23:38:52,F2,0.8105,OK,0
2026-04-06 23:39:03,F2,0.8110,OK,0
2026-04-06 23:39:13,F2,0.8115,OK,0
2026-04-06 23:39:23,F2,0.8120,OK,0
2026-04-06 23:39:33,F2,0.8125,OK,0
2026-04-06 23:39:43,F2,0.8130,OK,0
2026-04-06 23:39:54,F2,0.8135,OK,0
2026-04-06 23:40:04,F2,0.8140,OK,0
2026-04-06 23:40:14,F2,0.8145,OK,0
2026-04-06 23:40:24,F2,0.8150,OK,0
2026-04-06 23:40:35,F2,0.8155,OK,0
2026-04-06 23:40:45,F2,0.8160,OK,0
2026-04-06 23:40:55,F2,0.8166,OK,0
2026-04-06 23:41:05,F2,0.8171,OK,0
2026-04-06 23:41:16,F2,0.8176,OK,0
2026-04-06 23:41:26,F2,0.8181,OK,0
2026-04-06 23:41:36,F2,0.8186,OK,0
2026-04-06 23:41:46,F2,0.8191,OK,0
2026-04-06 23:41:57,F2,0.8196,OK,0
2026-04-06 23:42:07,F2,0.8200,OK,0
2026-04-06 23:42:17,F2,0.8205,OK,0
2026-04-06 23:42:27,F2,0.8210,OK,0
2026-04-06 23:42:38,F2,0.8215,OK,0
2026-04-06 23:42:48,F2,0.8220,OK,0
2026-04-06 23:42:58,F2,0.8225,OK,0
2026-04-06 23:43:08,F2,0.8230,OK,0
2026-04-06 23:43:19,F2,0.8235,OK,0
2026-04-06 23:43:29,F2,0.8240,OK,0
2026-04-06 23:43:39,F2,0.8245,OK,0
2026-04-06 23:43:49,F2,0.8250,OK,0
2026-04-06 23:44:00,F2,0.8255,OK,0
2026-04-06 23:44:10,F2,0.8260,OK,0
2026-04-06 23:44:20,F2,0.8264,OK,0
2026-04-06 23:44:30,F2,0.8269,OK,0
2026-04-06 23:44:41,F2,0.8274,OK,0
2026-04-06 23:44:51,F2,0.8279,OK,0
2026-04-06 23:45:01,F2,0.8284,OK,0
2026-04-06 23:45:11,F2,0.8288,OK,0
2026-04-06 23:45:21,F2,0.8293,OK,0
2026-04-06 23:45:32,F2,0.8298,OK,0
2026-04-06 23:45:42,F2,0.8303,OK,0
2026-04-06 23:45:52,F2,0.8307,OK,0
2026-04-06 23:46:02,F2,0.8312,OK,0
2026-04-06 23:46:13,F2,0.8317,OK,0
2026-04-06 23:46:23,F2,0.8321,OK,0
2026-04-06 23:46:33,F2,0.8326,OK,0
2026-04-06 23:46:43,F2,0.8331,OK,0
2026-04-06 23:46:54,F2,0.8335,OK,0
2026-04-06 23:47:04,F2,0.8340,OK,0
2026-04-06 23:47:14,F2,0.8345,OK,0
2026-04-06 23:47:24,F2,0.8349,OK,0
2026-04-06 23:47:35,F2,0.8354,OK,0
2026-04-06 23:47:45,F2,0.8359,OK,0
2026-04-06 23:47:55,F2,0.8363,OK,0
2026-04-06 23:48:05,F2,0.8368,OK,0
2026-04-06 23:48:16,F2,0.8373,OK,0
2026-04-06 23:48:26,F2,0.8377,OK,0
2026-04-06 23:48:36,F2,0.8382,OK,0
2026-04-06 23:48:46,F2,0.8386,OK,0
2026-04-06 23:48:57,F2,0.8391,OK,0
2026-04-06 23:49:07,F2,0.8396,OK,0
2026-04-06 23:49:17,F2,0.8400,OK,0
2026-04-06 23:49:27,F2,0.8405,OK,0
2026-04-06 23:49:38,F2,0.8410,OK,0
2026-04-06 23:49:48,F2,0.8414,OK,0
2026-04-06 23:49:58,F2,0.8419,OK,0
2026-04-06 23:50:08,F2,0.8424,OK,0
2026-04-06 23:50:19,F2,0.8428,OK,0
2026-04-06 23:50:29,F2,0.8433,OK,0
2026-04-06 23:50:39,F2,0.8438,OK,0
2026-04-06 23:50:49,F2,0.8442,OK,0
2026-04-06 23:51:00,F2,0.8447,OK,0
2026-04-06 23:51:10,F2,0.8451,OK,0
2026-04-06 23:51:20,F2,0.8456,OK,0
2026-04-06 23:51:30,F2,0.8461,OK,0
2026-04-06 23:51:41,F2,0.8465,OK,0
2026-04-06 23:51:51,F2,0.8470,OK,0
2026-04-06 23:52:01,F2,0.8475,OK,0
2026-04-06 23:52:11,F2,0.8479,OK,0
2026-04-06 23:52:22,F2,0.8484,OK,0
2026-04-06 23:52:32,F2,0.8489,OK,0
2026-04-06 23:52:42,F2,0.8493,OK,0
2026-04-06 23:52:52,F2,0.8498,OK,0
2026-04-06 23:53:03,F2,0.8502,OK,0
2026-04-06 23:53:13,F2,0.8507,OK,0
2026-04-06 23:53:23,F2,0.8512,OK,0
2026-04-06 23:53:33,F2,0.8516,OK,0
2026-04-06 23:53:43,F2,0.8521,OK,0
2026-04-06 23:53:54,F2,0.8526,OK,0
2026-04-06 23:54:04,F2,0.8530,OK,0
2026-04-06 23:54:14,F2,0.8535,OK,0
2026-04-06 23:54:24,F2,0.8539,OK,0
2026-04-06 23:54:35,F2,0.8544,OK,0
2026-04-06 23:54:45,F2,0.8549,OK,0
2026-04-06 23:54:55,F2,0.8553,OK,0
2026-04-06 23:55:05,F2,0.8558,OK,0
2026-04-06 23:55:16,F2,0.8562,OK,0
2026-04-06 23:55:26,F2,0.8567,OK,0
2026-04-06 23:55:36,F2,0.8572,OK,0
2026-04-06 23:55:46,F2,0.8576,OK,0
2026-04-06 23:55:57,F2,0.8581,OK,0
2026-04-06 23:56:07,F2,0.8586,OK,0
2026-04-06 23:56:17,F2,0.8590,OK,0
2026-04-06 23:56:27,F2,0.8595,OK,0
2026-04-06 23:56:38,F2,0.8600,OK,0
2026-04-06 23:56:48,F2,0.8604,OK,0
2026-04-06 23:56:58,F2,0.8609,OK,0
2026-04-06 23:57:08,F2,0.8614,OK,0
2026-04-06 23:57:19,F2,0.8618,OK,0
2026-04-06 23:57:29,F2,0.8623,OK,0
2026-04-06 23:57:39,F2,0.8628,OK,0
2026-04-06 23:57:49,F2,0.8633,OK,0
2026-04-06 23:58:00,F2,0.8637,OK,0
2026-04-06 23:58:10,F2,0.8642,OK,0
2026-04-06 23:58:20,F2,0.8647,OK,0
2026-04-06 23:58:30,F2,0.8651,OK,0
2026-04-06 23:58:41,F2,0.8656,OK,0
2026-04-06 23:58:51,F2,0.8661,OK,0
2026-04-06 23:59:01,F2,0.8666,OK,0
2026-04-06 23:59:11,F2,0.8670,OK,0
2026-04-06 23:59:22,F2,0.8675,OK,0
2026-04-06 23:59:32,F2,0.8680,OK,0
2026-04-06 23:59:42,F2,0.8684,OK,0
2026-04-06 23:59:52,F2,0.8689,OK,0
2026-04-07 00:00:03,F2,0.8693,OK,0
2026-04-07 00:00:13,F2,0.8698,OK,0
2026-04-07 00:00:23,F2,0.8702,OK,0
2026-04-07 00:00:33,F2,0.8707,OK,0
2026-04-07 00:00:43,F2,0.8711,OK,0
2026-04-07 00:00:54,F2,0.8716,OK,0
2026-04-07 00:01:04,F2,0.8720,OK,0
2026-04-07 00:01:14,F2,0.8725,OK,0
2026-04-07 00:01:24,F2,0.8729,OK,0
2026-04-07 00:01:35,F2,0.8733,OK,0
2026-04-07 00:01:45,F2,0.8738,OK,0
2026-04-07 00:01:55,F2,0.8742,OK,0
2026-04-07 00:02:05,F2,0.8746,OK,0
2026-04-07 00:02:16,F2,0.8751,OK,0
2026-04-07 00:02:26,F2,0.8755,OK,0
2026-04-07 00:02:36,F2,0.8759,OK,0
2026-04-07 00:02:46,F2,0.8763,OK,0
2026-04-07 00:02:57,F2,0.8768,OK,0
2026-04-07 00:03:07,F2,0.8772,OK,0
2026-04-07 00:03:17,F2,0.8776,OK,0
2026-04-07 00:03:27,F2,0.8780,OK,0
2026-04-07 00:03:38,F2,0.8784,OK,0
2026-04-07 00:03:48,F2,0.8789,OK,0
2026-04-07 00:03:58,F2,0.8793,OK,0
2026-04-07 00:04:08,F2,0.8797,OK,0
2026-04-07 00:04:19,F2,0.8801,OK,0
2026-04-07 00:04:29,F2,0.8805,OK,0
2026-04-07 00:04:39,F2,0.8809,OK,0
2026-04-07 00:04:49,F2,0.8813,OK,0
2026-04-07 00:05:00,F2,0.8817,OK,0
2026-04-07 00:05:10,F2,0.8821,OK,0
2026-04-07 00:05:20,F2,0.8825,OK,0
2026-04-07 00:05:30,F2,0.8829,OK,0
2026-04-07 00:05:41,F2,0.8833,OK,0
2026-04-07 00:05:51,F2,0.8837,OK,0
2026-04-07 00:06:01,F2,0.8841,OK,0
2026-04-07 00:06:11,F2,0.8845,OK,0
2026-04-07 00:06:22,F2,0.8849,OK,0
2026-04-07 00:06:32,F2,0.8853,OK,0
2026-04-07 00:06:42,F2,0.8856,OK,0
2026-04-07 00:06:52,F2,0.8860,OK,0
2026-04-07 00:07:03,F2,0.8864,OK,0
2026-04-07 00:07:13,F2,0.8868,OK,0
2026-04-07 00:07:23,F2,0.8872,OK,0
2026-04-07 00:07:33,F2,0.8875,OK,0
2026-04-07 00:07:44,F2,0.8879,OK,0
2026-04-07 00:07:54,F2,0.8883,OK,0
2026-04-07 00:08:04,F2,0.8887,OK,0
2026-04-07 00:08:14,F2,0.8890,OK,0
2026-04-07 00:08:25,F2,0.8894,OK,0
2026-04-07 00:08:35,F2,0.8897,OK,0
2026-04-07 00:08:45,F2,0.8901,OK,0
2026-04-07 00:08:55,F2,0.8905,OK,0
2026-04-07 00:09:06,F2,0.8908,OK,0
2026-04-07 00:09:16,F2,0.8912,OK,0
2026-04-07 00:09:26,F2,0.8915,OK,0
2026-04-07 00:09:36,F2,0.8919,OK,0
2026-04-07 00:09:47,F2,0.8922,OK,0
2026-04-07 00:09:57,F2,0.8926,OK,0
2026-04-07 00:10:07,F2,0.8929,OK,0
2026-04-07 00:10:17,F2,0.8932,OK,0
2026-04-07 00:10:27,F2,0.8936,OK,0
2026-04-07 00:10:38,F2,0.8939,OK,0
2026-04-07 00:10:48,F2,0.8942,OK,0
2026-04-07 00:10:58,F2,0.8946,OK,0
2026-04-07 00:11:09,F2,0.8949,OK,0
2026-04-07 00:11:19,F2,0.8952,OK,0
2026-04-07 00:11:29,F2,0.8956,OK,0
2026-04-07 00:11:39,F2,0.8959,OK,0
2026-04-07 00:11:50,F2,0.8962,OK,0
2026-04-07 00:12:00,F2,0.8965,OK,0
2026-04-07 00:12:10,F2,0.8969,OK,0
2026-04-07 00:12:20,F2,0.8972,OK,0
2026-04-07 00:12:31,F2,0.8975,OK,0
2026-04-07 00:12:41,F2,0.8978,OK,0
2026-04-07 00:12:51,F2,0.8981,OK,0
2026-04-07 00:13:01,F2,0.8985,OK,0
2026-04-07 00:13:12,F2,0.8988,OK,0
2026-04-07 00:13:22,F2,0.8991,OK,0
2026-04-07 00:13:32,F2,0.8994,OK,0
2026-04-07 00:13:42,F2,0.8997,OK,0
2026-04-07 00:13:53,F2,0.9000,OK,0
2026-04-07 00:14:03,F2,0.9003,OK,0
2026-04-07 00:14:13,F2,0.9006,OK,0
2026-04-07 00:14:23,F2,0.9009,OK,0
2026-04-07 00:14:34,F2,0.9012,OK,0
2026-04-07 00:14:44,F2,0.9015,OK,0
2026-04-07 00:14:54,F2,0.9018,OK,0
2026-04-07 00:15:04,F2,0.9020,OK,0
2026-04-07 00:15:14,F2,0.9023,OK,0
2026-04-07 00:15:25,F2,0.9026,OK,0
2026-04-07 00:15:35,F2,0.9029,OK,0
2026-04-07 00:15:45,F2,0.9032,OK,0
2026-04-07 00:15:55,F2,0.9034,OK,0
2026-04-07 00:16:06,F2,0.9037,OK,0
2026-04-07 00:16:16,F2,0.9040,OK,0
2026-04-07 00:16:26,F2,0.9042,OK,0
2026-04-07 00:16:36,F2,0.9045,OK,0
2026-04-07 00:16:47,F2,0.9048,OK,0
2026-04-07 00:16:57,F2,0.9050,OK,0
2026-04-07 00:17:07,F2,0.9053,OK,0
2026-04-07 00:17:17,F2,0.9056,OK,0
2026-04-07 00:17:28,F2,0.9058,OK,0
2026-04-07 00:17:38,F2,0.9061,OK,0
2026-04-07 00:17:48,F2,0.9063,OK,0
2026-04-07 00:17:58,F2,0.9066,OK,0
2026-04-07 00:18:09,F2,0.9068,OK,0
2026-04-07 00:18:19,F2,0.9071,OK,0
2026-04-07 00:18:29,F2,0.9073,OK,0
2026-04-07 00:18:39,F2,0.9076,OK,0
2026-04-07 00:18:50,F2,0.9079,OK,0
2026-04-07 00:19:00,F2,0.9081,OK,0
2026-04-07 00:19:10,F2,0.9084,OK,0
2026-04-07 00:19:20,F2,0.9086,OK,0
2026-04-07 00:19:31,F2,0.9089,OK,0
2026-04-07 00:19:41,F2,0.9091,OK,0
2026-04-07 00:19:51,F2,0.9093,OK,0
2026-04-07 00:20:01,F2,0.9096,OK,0
2026-04-07 00:20:12,F2,0.9098,OK,0
2026-04-07 00:20:22,F2,0.9101,OK,0
2026-04-07 00:20:32,F2,0.9103,OK,0
2026-04-07 00:20:42,F2,0.9106,OK,0
2026-04-07 00:20:53,F2,0.9108,OK,0
2026-04-07 00:21:03,F2,0.9111,OK,0
2026-04-07 00:21:13,F2,0.9113,OK,0
2026-04-07 00:21:23,F2,0.9116,OK,0
2026-04-07 00:21:34,F2,0.9118,OK,0
2026-04-07 00:21:44,F2,0.9120,OK,0
2026-04-07 00:21:54,F2,0.9123,OK,0
2026-04-07 00:22:04,F2,0.9125,OK,0
2026-04-07 00:22:15,F2,0.9128,OK,0
2026-04-07 00:22:25,F2,0.9130,OK,0
2026-04-07 00:22:35,F2,0.9132,OK,0
2026-04-07 00:22:45,F2,0.9135,OK,0
2026-04-07 00:22:56,F2,0.9137,OK,0
2026-04-07 00:23:06,F2,0.9139,OK,0
2026-04-07 00:23:16,F2,0.9142,OK,0
2026-04-07 00:23:26,F2,0.9144,OK,0
2026-04-07 00:23:36,F2,0.9146,OK,0
2026-04-07 00:23:47,F2,0.9149,OK,0
2026-04-07 00:23:57,F2,0.9151,OK,0
2026-04-07 00:24:07,F2,0.9153,OK,0
2026-04-07 00:24:17,F2,0.9156,OK,0
2026-04-07 00:24:28,F2,0.9158,OK,0
2026-04-07 00:24:38,F2,0.9160,OK,0
2026-04-07 00:24:48,F2,0.9163,OK,0
2026-04-07 00:24:58,F2,0.9165,OK,0
2026-04-07 00:25:09,F2,0.9167,OK,0
2026-04-07 00:25:19,F2,0.9170,OK,0
2026-04-07 00:25:29,F2,0.9172,OK,0
2026-04-07 00:25:39,F2,0.9174,OK,0
2026-04-07 00:25:50,F2,0.9176,OK,0
2026-04-07 00:26:00,F2,0.9179,OK,0
2026-04-07 00:26:10,F2,0.9181,OK,0
2026-04-07 00:26:20,F2,0.9183,OK,0
2026-04-07 00:26:31,F2,0.9186,OK,0
2026-04-07 00:26:41,F2,0.9188,OK,0
2026-04-07 00:26:51,F2,0.9190,OK,0
2026-04-07 00:27:01,F2,0.9193,OK,0
2026-04-07 00:27:12,F2,0.9195,OK,0
2026-04-07 00:27:22,F2,0.9198,OK,0
2026-04-07 00:27:32,F2,0.9200,OK,0
2026-04-07 00:27:42,F2,0.9202,OK,0
2026-04-07 00:27:53,F2,0.9205,OK,0
2026-04-07 00:28:03,F2,0.9207,OK,0
2026-04-07 00:28:13,F2,0.9209,OK,0
2026-04-07 00:28:23,F2,0.9212,OK,0
2026-04-07 00:28:34,F2,0.9214,OK,0
2026-04-07 00:28:44,F2,0.9216,OK,0
2026-04-07 00:28:54,F2,0.9219,OK,0
2026-04-07 00:29:04,F2,0.9221,OK,0
2026-04-07 00:29:14,F2,0.9224,OK,0
2026-04-07 00:29:25,F2,0.9226,OK,0
2026-04-07 00:29:35,F2,0.9228,OK,0
2026-04-07 00:29:45,F2,0.9231,OK,0
2026-04-07 00:29:55,F2,0.9233,OK,0
2026-04-07 00:30:06,F2,0.9235,OK,0
2026-04-07 00:30:16,F2,0.9238,OK,0
2026-04-07 00:30:26,F2,0.9240,OK,0
2026-04-07 00:30:36,F2,0.9242,OK,0
2026-04-07 00:30:47,F2,0.9245,OK,0
2026-04-07 00:30:57,F2,0.9247,OK,0
2026-04-07 00:31:07,F2,0.9250,OK,0
2026-04-07 00:31:18,F2,0.9252,OK,0
2026-04-07 00:31:28,F2,0.9254,OK,0
2026-04-07 00:31:38,F2,0.9257,OK,0
2026-04-07 00:31:48,F2,0.9259,OK,0
2026-04-07 00:31:58,F2,0.9261,OK,0
2026-04-07 00:32:09,F2,0.9264,OK,0
2026-04-07 00:32:19,F2,0.9266,OK,0
2026-04-07 00:32:29,F2,0.9269,OK,0
2026-04-07 00:32:39,F2,0.9271,OK,0
2026-04-07 00:32:50,F2,0.9273,OK,0
2026-04-07 00:33:00,F2,0.9276,OK,0
2026-04-07 00:33:10,F2,0.9278,OK,0
2026-04-07 00:33:20,F2,0.9281,OK,0
2026-04-07 00:33:31,F2,0.9283,OK,0
2026-04-07 00:33:41,F2,0.9286,OK,0
2026-04-07 00:33:51,F2,0.9288,OK,0
2026-04-07 00:34:01,F2,0.9291,OK,0
2026-04-07 00:34:12,F2,0.9293,OK,0
2026-04-07 00:34:22,F2,0.9296,OK,0
2026-04-07 00:34:32,F2,0.9299,OK,0
2026-04-07 00:34:42,F2,0.9301,OK,0
2026-04-07 00:34:53,F2,0.9304,OK,0
2026-04-07 00:35:03,F2,0.9306,OK,0
2026-04-07 00:35:13,F2,0.9309,OK,0
2026-04-07 00:35:23,F2,0.9312,OK,0
2026-04-07 00:35:34,F2,0.9314,OK,0
2026-04-07 00:35:44,F2,0.9317,OK,0
2026-04-07 00:35:54,F2,0.9320,OK,0
2026-04-07 00:36:04,F2,0.9323,OK,0
2026-04-07 00:36:15,F2,0.9325,OK,0
2026-04-07 00:36:25,F2,0.9328,OK,0
2026-04-07 00:36:35,F2,0.9331,OK,0
2026-04-07 00:36:45,F2,0.9334,OK,0
2026-04-07 00:36:56,F2,0.9337,OK,0
2026-04-07 00:37:06,F2,0.9339,OK,0
2026-04-07 00:37:16,F2,0.9342,OK,0
2026-04-07 00:37:26,F2,0.9345,OK,0
2026-04-07 00:37:37,F2,0.9348,OK,0
2026-04-07 00:37:47,F2,0.9351,OK,0
2026-04-07 00:37:57,F2,0.9354,OK,0
2026-04-07 00:38:07,F2,0.9357,OK,0
2026-04-07 00:38:18,F2,0.9360,OK,0
2026-04-07 00:38:28,F2,0.9362,OK,0
2026-04-07 00:38:38,F2,0.9365,OK,0
2026-04-07 00:38:48,F2,0.9368,OK,0
2026-04-07 00:38:59,F2,0.9371,OK,0
2026-04-07 00:39:09,F2,0.9374,OK,0
2026-04-07 00:39:19,F2,0.9377,OK,0
2026-04-07 00:39:29,F2,0.9380,OK,0
2026-04-07 00:39:40,F2,0.9383,OK,0
2026-04-07 00:39:50,F2,0.9386,OK,0
2026-04-07 00:40:00,F2,0.9389,OK,0
2026-04-07 00:40:10,F2,0.9393,OK,0
2026-04-07 00:40:21,F2,0.9396,OK,0
2026-04-07 00:40:31,F2,0.9399,OK,0
2026-04-07 00:40:41,F2,0.9402,OK,0
2026-04-07 00:40:51,F2,0.9405,OK,0
2026-04-07 00:41:02,F2,0.9408,OK,0
2026-04-07 00:41:12,F2,0.9412,OK,0
2026-04-07 00:41:22,F2,0.9415,OK,0
2026-04-07 00:41:32,F2,0.9418,OK,0
2026-04-07 00:41:42,F2,0.9421,OK,0
2026-04-07 00:41:53,F2,0.9425,OK,0
2026-04-07 00:42:03,F2,0.9428,OK,0
2026-04-07 00:42:13,F2,0.9431,OK,0
2026-04-07 00:42:23,F2,0.9435,OK,0
2026-04-07 00:42:34,F2,0.9438,OK,0
2026-04-07 00:42:44,F2,0.9442,OK,0
2026-04-07 00:42:54,F2,0.9445,OK,0
2026-04-07 00:43:04,F2,0.9449,OK,0
2026-04-07 00:43:15,F2,0.9452,OK,0
2026-04-07 00:43:25,F2,0.9456,OK,0
2026-04-07 00:43:35,F2,0.9459,OK,0
2026-04-07 00:43:45,F2,0.9463,OK,0
2026-04-07 00:43:56,F2,0.9466,OK,0
2026-04-07 00:44:06,F2,0.9470,OK,0
2026-04-07 00:44:16,F2,0.9474,OK,0
2026-04-07 00:44:26,F2,0.9477,OK,0
2026-04-07 00:44:37,F2,0.9481,OK,0
2026-04-07 00:44:47,F2,0.9485,OK,0
2026-04-07 00:44:57,F2,0.9488,OK,0
2026-04-07 00:45:07,F2,0.9492,OK,0
2026-04-07 00:45:18,F2,0.9496,OK,0
2026-04-07 00:45:28,F2,0.9499,OK,0
2026-04-07 00:45:38,F2,0.9503,OK,0
2026-04-07 00:45:48,F2,0.9507,OK,0
2026-04-07 00:45:59,F2,0.9511,OK,0
2026-04-07 00:46:09,F2,0.9515,OK,0
2026-04-07 00:46:19,F2,0.9518,OK,0
2026-04-07 00:46:29,F2,0.9522,OK,0
2026-04-07 00:46:40,F2,0.9526,OK,0
2026-04-07 00:46:50,F2,0.9530,OK,0
2026-04-07 00:47:00,F2,0.9534,OK,0
2026-04-07 00:47:10,F2,0.9538,OK,0
2026-04-07 00:47:21,F2,0.9542,OK,0
2026-04-07 00:47:31,F2,0.9546,OK,0
2026-04-07 00:47:41,F2,0.9550,OK,0
2026-04-07 00:47:51,F2,0.9554,OK,0
2026-04-07 00:48:02,F2,0.9558,OK,0
2026-04-07 00:48:12,F2,0.9562,OK,0
2026-04-07 00:48:22,F2,0.9566,OK,0
2026-04-07 00:48:32,F2,0.9570,OK,0
2026-04-07 00:48:43,F2,0.9574,OK,0
2026-04-07 00:48:53,F2,0.9578,OK,0
2026-04-07 00:49:03,F2,0.9582,OK,0
2026-04-07 00:49:13,F2,0.9587,OK,0
2026-04-07 00:49:24,F2,0.9591,OK,0
2026-04-07 00:49:34,F2,0.9595,OK,0
2026-04-07 00:49:44,F2,0.9599,OK,0
2026-04-07 00:49:54,F2,0.9604,OK,0
2026-04-07 00:50:05,F2,0.9608,OK,0
2026-04-07 00:50:15,F2,0.9612,OK,0
2026-04-07 00:50:25,F2,0.9617,OK,0
2026-04-07 00:50:35,F2,0.9621,OK,0
2026-04-07 00:50:46,F2,0.9625,OK,0
2026-04-07 00:50:56,F2,0.9630,OK,0
2026-04-07 00:51:06,F2,0.9634,OK,0
2026-04-07 00:51:16,F2,0.9638,OK,0
2026-04-07 00:51:27,F2,0.9643,OK,0
2026-04-07 00:51:37,F2,0.9647,OK,0
2026-04-07 00:51:47,F2,0.9651,OK,0
2026-04-07 00:51:57,F2,0.9656,OK,0
2026-04-07 00:52:08,F2,0.9660,OK,0
2026-04-07 00:52:18,F2,0.9665,OK,0
2026-04-07 00:52:28,F2,0.9669,OK,0
2026-04-07 00:52:38,F2,0.9673,OK,0
2026-04-07 00:52:48,F2,0.9678,OK,0
2026-04-07 00:52:59,F2,0.9682,OK,0
2026-04-07 00:53:09,F2,0.9687,OK,0
2026-04-07 00:53:19,F2,0.9691,OK,0
2026-04-07 00:53:29,F2,0.9695,OK,0
2026-04-07 00:53:40,F2,0.9700,OK,0
2026-04-07 00:53:50,F2,0.9704,OK,0
2026-04-07 00:54:00,F2,0.9708,OK,0
2026-04-07 00:54:10,F2,0.9713,OK,0
2026-04-07 00:54:21,F2,0.9717,OK,0
2026-04-07 00:54:31,F2,0.9721,OK,0
2026-04-07 00:54:41,F2,0.9726,OK,0
2026-04-07 00:54:51,F2,0.9730,OK,0
2026-04-07 00:55:02,F2,0.9735,OK,0
2026-04-07 00:55:12,F2,0.9739,OK,0
2026-04-07 00:55:22,F2,0.9743,OK,0
2026-04-07 00:55:32,F2,0.9748,OK,0
2026-04-07 00:55:43,F2,0.9752,OK,0
2026-04-07 00:55:53,F2,0.9756,OK,0
2026-04-07 00:56:03,F2,0.9761,OK,0
2026-04-07 00:56:13,F2,0.9765,OK,0
2026-04-07 00:56:24,F2,0.9769,OK,0
2026-04-07 00:56:34,F2,0.9774,OK,0
2026-04-07 00:56:44,F2,0.9778,OK,0
2026-04-07 00:56:54,F2,0.9782,OK,0
2026-04-07 00:57:05,F2,0.9787,OK,0
2026-04-07 00:57:15,F2,0.9791,OK,0
2026-04-07 00:57:25,F2,0.9796,OK,0
2026-04-07 00:57:35,F2,0.9800,OK,0
2026-04-07 00:57:46,F2,0.9804,OK,0
2026-04-07 00:57:56,F2,0.9809,OK,0
2026-04-07 00:58:06,F2,0.9813,OK,0
2026-04-07 00:58:16,F2,0.9818,OK,0
2026-04-07 00:58:27,F2,0.9822,OK,0
2026-04-07 00:58:37,F2,0.9826,OK,0
2026-04-07 00:58:47,F2,0.9831,OK,0
2026-04-07 00:58:57,F2,0.9835,OK,0
2026-04-07 00:59:07,F2,0.9839,OK,0
2026-04-07 00:59:18,F2,0.9844,OK,0
2026-04-07 00:59:28,F2,0.9848,OK,0
2026-04-07 00:59:38,F2,0.9852,OK,0
2026-04-07 00:59:48,F2,0.9857,OK,0
2026-04-07 00:59:59,F2,0.9861,OK,0
2026-04-07 01:00:09,F2,0.9865,OK,0
2026-04-07 01:00:19,F2,0.9870,OK,0
2026-04-07 01:00:29,F2,0.9874,OK,0
2026-04-07 01:00:40,F2,0.9878,OK,0
2026-04-07 01:00:50,F2,0.9882,OK,0
2026-04-07 01:01:00,F2,0.9887,OK,0
2026-04-07 01:01:10,F2,0.9891,OK,0
2026-04-07 01:01:21,F2,0.9895,OK,0
2026-04-07 01:01:31,F2,0.9899,OK,0
2026-04-07 01:01:41,F2,0.9904,OK,0
2026-04-07 01:01:51,F2,0.9908,OK,0
2026-04-07 01:02:02,F2,0.9912,OK,0
2026-04-07 01:02:12,F2,0.9916,OK,0
2026-04-07 01:02:22,F2,0.9920,OK,0
2026-04-07 01:02:32,F2,0.9924,OK,0
2026-04-07 01:02:43,F2,0.9929,OK,0
2026-04-07 01:02:53,F2,0.9933,OK,0
2026-04-07 01:03:03,F2,0.9937,OK,0
2026-04-07 01:03:13,F2,0.9941,OK,0
2026-04-07 01:03:24,F2,0.9945,OK,0
2026-04-07 01:03:34,F2,0.9949,OK,0
2026-04-07 01:03:44,F2,0.9953,OK,0
2026-04-07 01:03:54,F2,0.9957,OK,0
2026-04-07 01:04:05,F2,0.9962,OK,0
2026-04-07 01:04:15,F2,0.9966,OK,0
2026-04-07 01:04:25,F2,0.9970,OK,0
2026-04-07 01:04:35,F2,0.9974,OK,0
2026-04-07 01:04:46,F2,0.9978,OK,0
2026-04-07 01:04:56,F2,0.9982,OK,0
2026-04-07 01:05:06,F2,0.9986,OK,0
2026-04-07 01:05:16,F2,0.9990,OK,0
2026-04-07 01:05:27,F2,0.9994,OK,0
2026-04-07 01:05:37,F2,0.9998,OK,0
2026-04-07 01:05:47,F2,1.0002,OK,0
2026-04-07 01:05:57,F2,1.0006,OK,0
2026-04-07 01:06:08,F2,1.0010,OK,0
2026-04-07 01:06:18,F2,1.0014,OK,0
2026-04-07 01:06:28,F2,1.0018,OK,0
2026-04-07 01:06:38,F2,1.0022,OK,0
2026-04-07 01:06:48,F2,1.0026,OK,0
2026-04-07 01:06:59,F2,1.0030,OK,0
2026-04-07 01:07:09,F2,1.0034,OK,0
2026-04-07 01:07:19,F2,1.0038,OK,0
2026-04-07 01:07:29,F2,1.0042,OK,0
2026-04-07 01:07:40,F2,1.0046,OK,0
2026-04-07 01:07:50,F2,1.0050,OK,0
2026-04-07 01:08:00,F2,1.0054,OK,0
2026-04-07 01:08:10,F2,1.0058,OK,0
2026-04-07 01:08:21,F2,1.0062,OK,0
2026-04-07 01:08:31,F2,1.0066,OK,0
2026-04-07 01:08:41,F2,1.0070,OK,0
2026-04-07 01:08:51,F2,1.0074,OK,0
2026-04-07 01:09:02,F2,1.0078,OK,0
2026-04-07 01:09:12,F2,1.0082,OK,0
2026-04-07 01:09:22,F2,1.0086,OK,0
2026-04-07 01:09:32,F2,1.0089,OK,0
2026-04-07 01:09:43,F2,1.0093,OK,0
2026-04-07 01:09:53,F2,1.0097,OK,0
2026-04-07 01:10:03,F2,1.0101,OK,0
2026-04-07 01:10:13,F2,1.0105,OK,0
2026-04-07 01:10:24,F2,1.0109,OK,0
2026-04-07 01:10:34,F2,1.0113,OK,0
2026-04-07 01:10:44,F2,1.0117,OK,0
2026-04-07 01:10:54,F2,1.0121,OK,0
2026-04-07 01:11:05,F2,1.0124,OK,0
2026-04-07 01:11:15,F2,1.0128,OK,0
2026-04-07 01:11:25,F2,1.0132,OK,0
2026-04-07 01:11:35,F2,1.0136,OK,0
2026-04-07 01:11:46,F2,1.0140,OK,0
2026-04-07 01:11:56,F2,1.0144,OK,0
2026-04-07 01:12:06,F2,1.0148,OK,0
2026-04-07 01:12:16,F2,1.0152,OK,0
2026-04-07 01:12:26,F2,1.0156,OK,0
2026-04-07 01:12:37,F2,1.0160,OK,0
2026-04-07 01:12:47,F2,1.0164,OK,0
2026-04-07 01:12:57,F2,1.0167,OK,0
2026-04-07 01:13:07,F2,1.0171,OK,0
2026-04-07 01:13:18,F2,1.0175,OK,0
2026-04-07 01:13:28,F2,1.0179,OK,0
2026-04-07 01:13:38,F2,1.0183,OK,0
2026-04-07 01:13:48,F2,1.0187,OK,0
2026-04-07 01:13:59,F2,1.0191,OK,0
2026-04-07 01:14:09,F2,1.0195,OK,0
2026-04-07 01:14:19,F2,1.0199,OK,0
2026-04-07 01:14:29,F2,1.0203,OK,0
2026-04-07 01:14:40,F2,1.0207,OK,0
2026-04-07 01:14:50,F2,1.0211,OK,0
2026-04-07 01:15:00,F2,1.0215,OK,0
2026-04-07 01:15:10,F2,1.0219,OK,0
2026-04-07 01:15:21,F2,1.0223,OK,0
2026-04-07 01:15:31,F2,1.0226,OK,0
2026-04-07 01:15:41,F2,1.0230,OK,0
2026-04-07 01:15:51,F2,1.0234,OK,0
2026-04-07 01:16:02,F2,1.0238,OK,0
2026-04-07 01:16:12,F2,1.0242,OK,0
2026-04-07 01:16:22,F2,1.0246,OK,0
2026-04-07 01:16:32,F2,1.0250,OK,0
2026-04-07 01:16:43,F2,1.0253,OK,0
2026-04-07 01:16:53,F2,1.0257,OK,0
2026-04-07 01:17:03,F2,1.0261,OK,0
2026-04-07 01:17:13,F2,1.0265,OK,0
2026-04-07 01:17:24,F2,1.0268,OK,0
2026-04-07 01:17:34,F2,1.0272,OK,0
2026-04-07 01:17:44,F2,1.0276,OK,0
2026-04-07 01:17:54,F2,1.0280,OK,0
2026-04-07 01:18:05,F2,1.0283,OK,0
2026-04-07 01:18:15,F2,1.0287,OK,0
2026-04-07 01:18:25,F2,1.0291,OK,0
2026-04-07 01:18:35,F2,1.0294,OK,0
2026-04-07 01:18:45,F2,1.0298,OK,0
2026-04-07 01:18:56,F2,1.0301,OK,0
2026-04-07 01:19:06,F2,1.0305,OK,0
2026-04-07 01:19:16,F2,1.0308,OK,0
2026-04-07 01:19:26,F2,1.0312,OK,0
2026-04-07 01:19:37,F2,1.0315,OK,0
2026-04-07 01:19:47,F2,1.0319,OK,0
2026-04-07 01:19:57,F2,1.0322,OK,0
2026-04-07 01:20:07,F2,1.0326,OK,0
2026-04-07 01:20:18,F2,1.0329,OK,0
2026-04-07 01:20:28,F2,1.0333,OK,0
2026-04-07 01:20:38,F2,1.0336,OK,0
2026-04-07 01:20:48,F2,1.0339,OK,0
2026-04-07 01:20:59,F2,1.0342,OK,0
2026-04-07 01:21:09,F2,1.0346,OK,0
2026-04-07 01:21:19,F2,1.0349,OK,0
2026-04-07 01:21:29,F2,1.0352,OK,0
2026-04-07 01:21:40,F2,1.0355,OK,0
2026-04-07 01:21:50,F2,1.0358,OK,0
2026-04-07 01:22:00,F2,1.0361,OK,0
2026-04-07 01:22:10,F2,1.0364,OK,0
2026-04-07 01:22:21,F2,1.0367,OK,0
2026-04-07 01:22:31,F2,1.0370,OK,0
2026-04-07 01:22:41,F2,1.0373,OK,0
2026-04-07 01:22:51,F2,1.0376,OK,0
2026-04-07 01:23:02,F2,1.0379,OK,0
2026-04-07 01:23:12,F2,1.0381,OK,0
2026-04-07 01:23:22,F2,1.0384,OK,0
2026-04-07 01:23:32,F2,1.0387,OK,0
2026-04-07 01:23:43,F2,1.0390,OK,0
2026-04-07 01:23:53,F2,1.0392,OK,0
2026-04-07 01:24:03,F2,1.0395,OK,0
2026-04-07 01:24:14,F2,1.0397,OK,0
2026-04-07 01:24:24,F2,1.0400,OK,0
2026-04-07 01:24:34,F2,1.0403,OK,0
2026-04-07 01:24:44,F2,1.0405,OK,0
2026-04-07 01:24:55,F2,1.0407,OK,0
2026-04-07 01:25:05,F2,1.0410,OK,0
2026-04-07 01:25:15,F2,1.0412,OK,0
2026-04-07 01:25:25,F2,1.0415,OK,0
2026-04-07 01:25:35,F2,1.0417,OK,0
2026-04-07 01:25:46,F2,1.0419,OK,0
2026-04-07 01:25:56,F2,1.0422,OK,0
2026-04-07 01:26:06,F2,1.0424,OK,0
2026-04-07 01:26:16,F2,1.0426,OK,0
2026-04-07 01:26:27,F2,1.0428,OK,0
2026-04-07 01:26:37,F2,1.0431,OK,0
2026-04-07 01:26:47,F2,1.0433,OK,0
2026-04-07 01:26:57,F2,1.0435,OK,0
2026-04-07 01:27:08,F2,1.0437,OK,0
2026-04-07 01:27:18,F2,1.0439,OK,0
2026-04-07 01:27:28,F2,1.0441,OK,0
2026-04-07 01:27:38,F2,1.0443,OK,0
2026-04-07 01:27:49,F2,1.0445,OK,0
2026-04-07 01:27:59,F2,1.0447,OK,0
2026-04-07 01:28:09,F2,1.0449,OK,0
2026-04-07 01:28:19,F2,1.0451,OK,0
2026-04-07 01:28:30,F2,1.0453,OK,0
2026-04-07 01:28:40,F2,1.0455,OK,0
2026-04-07 01:28:50,F2,1.0457,OK,0
2026-04-07 01:29:00,F2,1.0458,OK,0
2026-04-07 01:29:11,F2,1.0460,OK,0
2026-04-07 01:29:21,F2,1.0462,OK,0
2026-04-07 01:29:31,F2,1.0464,OK,0
2026-04-07 01:29:41,F2,1.0465,OK,0
2026-04-07 01:29:52,F2,1.0467,OK,0
2026-04-07 01:30:02,F2,1.0469,OK,0
2026-04-07 01:30:12,F2,1.0470,OK,0
2026-04-07 01:30:23,F2,1.0472,OK,0
2026-04-07 01:30:33,F2,1.0473,OK,0
2026-04-07 01:30:43,F2,1.0475,OK,0
2026-04-07 01:30:53,F2,1.0476,OK,0
2026-04-07 01:31:03,F2,1.0478,OK,0
2026-04-07 01:31:14,F2,1.0479,OK,0
2026-04-07 01:31:24,F2,1.0481,OK,0
2026-04-07 01:31:34,F2,1.0482,OK,0
2026-04-07 01:31:44,F2,1.0483,OK,0
2026-04-07 01:31:55,F2,1.0485,OK,0
2026-04-07 01:32:05,F2,1.0486,OK,0
2026-04-07 01:32:15,F2,1.0487,OK,0
2026-04-07 01:32:25,F2,1.0489,OK,0
2026-04-07 01:32:36,F2,1.0490,OK,0
2026-04-07 01:32:46,F2,1.0491,OK,0
2026-04-07 01:32:56,F2,1.0493,OK,0
2026-04-07 01:33:06,F2,1.0494,OK,0
2026-04-07 01:33:17,F2,1.0495,OK,0
2026-04-07 01:33:27,F2,1.0496,OK,0
2026-04-07 01:33:37,F2,1.0498,OK,0
2026-04-07 01:33:47,F2,1.0499,OK,0
2026-04-07 01:33:58,F2,1.0500,OK,0
2026-04-07 01:34:08,F2,1.0501,OK,0
2026-04-07 01:34:18,F2,1.0502,OK,0
2026-04-07 01:34:28,F2,1.0504,OK,0
2026-04-07 01:34:39,F2,1.0505,OK,0
2026-04-07 01:34:49,F2,1.0506,OK,0
2026-04-07 01:34:59,F2,1.0507,OK,0
2026-04-07 01:35:09,F2,1.0508,OK,0
2026-04-07 01:35:19,F2,1.0509,OK,0
2026-04-07 01:35:30,F2,1.0510,OK,0
2026-04-07 01:35:40,F2,1.0512,OK,0
2026-04-07 01:35:50,F2,1.0513,OK,0
2026-04-07 01:36:00,F2,1.0514,OK,0
2026-04-07 01:36:11,F2,1.0515,OK,0
2026-04-07 01:36:21,F2,1.0516,OK,0
2026-04-07 01:36:31,F2,1.0517,OK,0
2026-04-07 01:36:41,F2,1.0518,OK,0
2026-04-07 01:36:52,F2,1.0519,OK,0
2026-04-07 01:37:02,F2,1.0520,OK,0
2026-04-07 01:37:12,F2,1.0521,OK,0
2026-04-07 01:37:22,F2,1.0522,OK,0
2026-04-07 01:37:33,F2,1.0523,OK,0
2026-04-07 01:37:43,F2,1.0524,OK,0
2026-04-07 01:37:53,F2,1.0525,OK,0
2026-04-07 01:38:03,F2,1.0526,OK,0
2026-04-07 01:38:14,F2,1.0527,OK,0
2026-04-07 01:38:24,F2,1.0528,OK,0
2026-04-07 01:38:34,F2,1.0529,OK,0
2026-04-07 01:38:44,F2,1.0530,OK,0
2026-04-07 01:38:55,F2,1.0531,OK,0
2026-04-07 01:39:05,F2,1.0532,OK,0
2026-04-07 01:39:15,F2,1.0532,OK,0
2026-04-07 01:39:25,F2,1.0533,OK,0
2026-04-07 01:39:36,F2,1.0534,OK,0
2026-04-07 01:39:46,F2,1.0535,OK,0
2026-04-07 01:39:56,F2,1.0536,OK,0
2026-04-07 01:40:06,F2,1.0537,OK,0
2026-04-07 01:40:17,F2,1.0538,OK,0
2026-04-07 01:40:27,F2,1.0539,OK,0
2026-04-07 01:40:37,F2,1.0540,OK,0
2026-04-07 01:40:47,F2,1.0541,OK,0
2026-04-07 01:40:58,F2,1.0541,OK,0
2026-04-07 01:41:08,F2,1.0542,OK,0
2026-04-07 01:41:18,F2,1.0543,OK,0
2026-04-07 01:41:28,F2,1.0544,OK,0
2026-04-07 01:41:39,F2,1.0545,OK,0
2026-04-07 01:41:49,F2,1.0546,OK,0
2026-04-07 01:41:59,F2,1.0547,OK,0
2026-04-07 01:42:09,F2,1.0548,OK,0
2026-04-07 01:42:19,F2,1.0549,OK,0
2026-04-07 01:42:30,F2,1.0550,OK,0
2026-04-07 01:42:40,F2,1.0551,OK,0
2026-04-07 01:42:50,F2,1.0552,OK,0
2026-04-07 01:43:00,F2,1.0553,OK,0
2026-04-07 01:43:11,F2,1.0554,OK,0
2026-04-07 01:43:21,F2,1.0555,OK,0
2026-04-07 01:43:31,F2,1.0556,OK,0
2026-04-07 01:43:41,F2,1.0557,OK,0
2026-04-07 01:43:52,F2,1.0558,OK,0
2026-04-07 01:44:02,F2,1.0559,OK,0
2026-04-07 01:44:12,F2,1.0560,OK,0
2026-04-07 01:44:22,F2,1.0561,OK,0
2026-04-07 01:44:33,F2,1.0561,OK,0
2026-04-07 01:44:43,F2,1.0562,OK,0
2026-04-07 01:44:53,F2,1.0564,OK,0
2026-04-07 01:45:03,F2,1.0565,OK,0
2026-04-07 01:45:14,F2,1.0566,OK,0
2026-04-07 01:45:24,F2,1.0567,OK,0
2026-04-07 01:45:34,F2,1.0568,OK,0
2026-04-07 01:45:44,F2,1.0569,OK,0
2026-04-07 01:45:55,F2,1.0570,OK,0
2026-04-07 01:46:05,F2,1.0571,OK,0
2026-04-07 01:46:15,F2,1.0572,OK,0
2026-04-07 01:46:25,F2,1.0573,OK,0
2026-04-07 01:46:36,F2,1.0574,OK,0
2026-04-07 01:46:46,F2,1.0575,OK,0
2026-04-07 01:46:56,F2,1.0576,OK,0
2026-04-07 01:47:06,F2,1.0577,OK,0
2026-04-07 01:47:17,F2,1.0579,OK,0
2026-04-07 01:47:27,F2,1.0580,OK,0
2026-04-07 01:47:37,F2,1.0581,OK,0
2026-04-07 01:47:47,F2,1.0582,OK,0
2026-04-07 01:47:58,F2,1.0583,OK,0
2026-04-07 01:48:08,F2,1.0585,OK,0
2026-04-07 01:48:18,F2,1.0586,OK,0
2026-04-07 01:48:28,F2,1.0587,OK,0
2026-04-07 01:48:39,F2,1.0589,OK,0
2026-04-07 01:48:49,F2,1.0590,OK,0
2026-04-07 01:48:59,F2,1.0591,OK,0
2026-04-07 01:49:09,F2,1.0593,OK,0
2026-04-07 01:49:20,F2,1.0594,OK,0
2026-04-07 01:49:30,F2,1.0596,OK,0
2026-04-07 01:49:40,F2,1.0597,OK,0
2026-04-07 01:49:50,F2,1.0599,OK,0
2026-04-07 01:50:01,F2,1.0600,OK,0
2026-04-07 01:50:11,F2,1.0602,OK,0
2026-04-07 01:50:21,F2,1.0603,OK,0
2026-04-07 01:50:31,F2,1.0605,OK,0
2026-04-07 01:50:42,F2,1.0606,OK,0
2026-04-07 01:50:52,F2,1.0608,OK,0
2026-04-07 01:51:02,F2,1.0610,OK,0
2026-04-07 01:51:12,F2,1.0611,OK,0
2026-04-07 01:51:23,F2,1.0613,OK,0
2026-04-07 01:51:33,F2,1.0615,OK,0
2026-04-07 01:51:43,F2,1.0616,OK,0
2026-04-07 01:51:53,F2,1.0618,OK,0
2026-04-07 01:52:04,F2,1.0620,OK,0
2026-04-07 01:52:14,F2,1.0622,OK,0
2026-04-07 01:52:24,F2,1.0623,OK,0
2026-04-07 01:52:34,F2,1.0625,OK,0
2026-04-07 01:52:45,F2,1.0627,OK,0
2026-04-07 01:52:55,F2,1.0629,OK,0
2026-04-07 01:53:05,F2,1.0631,OK,0
2026-04-07 01:53:15,F2,1.0633,OK,0
2026-04-07 01:53:26,F2,1.0635,OK,0
2026-04-07 01:53:36,F2,1.0636,OK,0
2026-04-07 01:53:46,F2,1.0638,OK,0
2026-04-07 01:53:56,F2,1.0640,OK,0
2026-04-07 01:54:07,F2,1.0642,OK,0
2026-04-07 01:54:17,F2,1.0644,OK,0
2026-04-07 01:54:27,F2,1.0647,OK,0
2026-04-07 01:54:37,F2,1.0649,OK,0
2026-04-07 01:54:47,F2,1.0651,OK,0
2026-04-07 01:54:58,F2,1.0653,OK,0
2026-04-07 01:55:08,F2,1.0655,OK,0
2026-04-07 01:55:18,F2,1.0657,OK,0
2026-04-07 01:55:28,F2,1.0660,OK,0
2026-04-07 01:55:39,F2,1.0662,OK,0
2026-04-07 01:55:49,F2,1.0664,OK,0
2026-04-07 01:55:59,F2,1.0667,OK,0
2026-04-07 01:56:09,F2,1.0669,OK,0
2026-04-07 01:56:20,F2,1.0671,OK,0
2026-04-07 01:56:30,F2,1.0674,OK,0
2026-04-07 01:56:40,F2,1.0676,OK,0
2026-04-07 01:56:50,F2,1.0679,OK,0
2026-04-07 01:57:01,F2,1.0681,OK,0
2026-04-07 01:57:11,F2,1.0684,OK,0
2026-04-07 01:57:21,F2,1.0687,OK,0
2026-04-07 01:57:31,F2,1.0689,OK,0
2026-04-07 01:57:42,F2,1.0692,OK,0
2026-04-07 01:57:52,F2,1.0695,OK,0
2026-04-07 01:58:02,F2,1.0698,OK,0
2026-04-07 01:58:12,F2,1.0700,OK,0
2026-04-07 01:58:23,F2,1.0703,OK,0
2026-04-07 01:58:33,F2,1.0706,OK,0
2026-04-07 01:58:43,F2,1.0709,OK,0
2026-04-07 01:58:53,F2,1.0712,OK,0
2026-04-07 01:59:04,F2,1.0715,OK,0
2026-04-07 01:59:14,F2,1.0718,OK,0
2026-04-07 01:59:24,F2,1.0721,OK,0
2026-04-07 01:59:34,F2,1.0724,OK,0
2026-04-07 01:59:45,F2,1.0727,OK,0
2026-04-07 01:59:55,F2,1.0730,OK,0
2026-04-07 02:00:05,F2,1.0733,OK,0
2026-04-07 02:00:15,F2,1.0736,OK,0
2026-04-07 02:00:26,F2,1.0739,OK,0
2026-04-07 02:00:36,F2,1.0742,OK,0
2026-04-07 02:00:46,F2,1.0745,OK,0
2026-04-07 02:00:56,F2,1.0749,OK,0
2026-04-07 02:01:07,F2,1.0752,OK,0
2026-04-07 02:01:17,F2,1.0755,OK,0
2026-04-07 02:01:27,F2,1.0759,OK,0
2026-04-07 02:01:37,F2,1.0762,OK,0
2026-04-07 02:01:48,F2,1.0765,OK,0
2026-04-07 02:01:58,F2,1.0769,OK,0
2026-04-07 02:02:08,F2,1.0772,OK,0
2026-04-07 02:02:18,F2,1.0776,OK,0
2026-04-07 02:02:28,F2,1.0779,OK,0
2026-04-07 02:02:39,F2,1.0783,OK,0
2026-04-07 02:02:49,F2,1.0786,OK,0
2026-04-07 02:02:59,F2,1.0790,OK,0
2026-04-07 02:03:09,F2,1.0794,OK,0
2026-04-07 02:03:20,F2,1.0798,OK,0
2026-04-07 02:03:30,F2,1.0801,OK,0
2026-04-07 02:03:40,F2,1.0805,OK,0
2026-04-07 02:03:50,F2,1.0809,OK,0
2026-04-07 02:04:01,F2,1.0813,OK,0
2026-04-07 02:04:11,F2,1.0817,OK,0
2026-04-07 02:04:21,F2,1.0821,OK,0
2026-04-07 02:04:31,F2,1.0825,OK,0
2026-04-07 02:04:42,F2,1.0829,OK,0
2026-04-07 02:04:52,F2,1.0833,OK,0
2026-04-07 02:05:02,F2,1.0837,OK,0
2026-04-07 02:05:12,F2,1.0841,OK,0
2026-04-07 02:05:23,F2,1.0845,OK,0
2026-04-07 02:05:33,F2,1.0850,OK,0
2026-04-07 02:05:43,F2,1.0854,OK,0
2026-04-07 02:05:53,F2,1.0858,OK,0
2026-04-07 02:06:04,F2,1.0862,OK,0
2026-04-07 02:06:14,F2,1.0867,OK,0
2026-04-07 02:06:24,F2,1.0871,OK,0
2026-04-07 02:06:34,F2,1.0876,OK,0
2026-04-07 02:06:45,F2,1.0880,OK,0
2026-04-07 02:06:55,F2,1.0884,OK,0
2026-04-07 02:07:05,F2,1.0889,OK,0
2026-04-07 02:07:15,F2,1.0894,OK,0
2026-04-07 02:07:26,F2,1.0898,OK,0
2026-04-07 02:07:36,F2,1.0903,OK,0
2026-04-07 02:07:46,F2,1.0907,OK,0
2026-04-07 02:07:56,F2,1.0912,OK,0
2026-04-07 02:08:07,F2,1.0917,OK,0
2026-04-07 02:08:17,F2,1.0922,OK,0
2026-04-07 02:08:27,F2,1.0926,OK,0
2026-04-07 02:08:37,F2,1.0931,OK,0
2026-04-07 02:08:47,F2,1.0936,OK,0
2026-04-07 02:08:58,F2,1.0941,OK,0
2026-04-07 02:09:08,F2,1.0946,OK,0
2026-04-07 02:09:18,F2,1.0951,OK,0
2026-04-07 02:09:28,F2,1.0956,OK,0
2026-04-07 02:09:39,F2,1.0961,OK,0
2026-04-07 02:09:49,F2,1.0966,OK,0
2026-04-07 02:09:59,F2,1.0971,OK,0
2026-04-07 02:10:09,F2,1.0976,OK,0
2026-04-07 02:10:20,F2,1.0982,OK,0
2026-04-07 02:10:30,F2,1.0987,OK,0
2026-04-07 02:10:40,F2,1.0992,OK,0
2026-04-07 02:10:50,F2,1.0998,OK,0
2026-04-07 02:11:01,F2,1.1003,OK,0
2026-04-07 02:11:11,F2,1.1008,OK,0
2026-04-07 02:11:21,F2,1.1014,OK,0
2026-04-07 02:11:31,F2,1.1019,OK,0
2026-04-07 02:11:42,F2,1.1025,OK,0
2026-04-07 02:11:52,F2,1.1030,OK,0
2026-04-07 02:12:02,F2,1.1036,OK,0
2026-04-07 02:12:12,F2,1.1041,OK,0
2026-04-07 02:12:23,F2,1.1047,OK,0
2026-04-07 02:12:33,F2,1.1052,OK,0
2026-04-07 02:12:43,F2,1.1058,OK,0
2026-04-07 02:12:53,F2,1.1063,OK,0
2026-04-07 02:13:04,F2,1.1069,OK,0
2026-04-07 02:13:14,F2,1.1075,OK,0
2026-04-07 02:13:24,F2,1.1080,OK,0
2026-04-07 02:13:34,F2,1.1086,OK,0
2026-04-07 02:13:45,F2,1.1092,OK,0
2026-04-07 02:13:55,F2,1.1098,OK,0
2026-04-07 02:14:05,F2,1.1103,OK,0
2026-04-07 02:14:15,F2,1.1109,OK,0
2026-04-07 02:14:26,F2,1.1115,OK,0
2026-04-07 02:14:36,F2,1.1121,OK,0
2026-04-07 02:14:46,F2,1.1126,OK,0
2026-04-07 02:14:56,F2,1.1132,OK,0
2026-04-07 02:15:07,F2,1.1138,OK,0
2026-04-07 02:15:17,F2,1.1144,OK,0
2026-04-07 02:15:27,F2,1.1149,OK,0
2026-04-07 02:15:37,F2,1.1155,OK,0
2026-04-07 02:15:48,F2,1.1161,OK,0
2026-04-07 02:15:58,F2,1.1167,OK,0
2026-04-07 02:16:08,F2,1.1173,OK,0
2026-04-07 02:16:18,F2,1.1179,OK,0
2026-04-07 02:16:28,F2,1.1185,OK,0
2026-04-07 02:16:39,F2,1.1190,OK,0
2026-04-07 02:16:49,F2,1.1196,OK,0
2026-04-07 02:16:59,F2,1.1202,OK,0
2026-04-07 02:17:09,F2,1.1208,OK,0
2026-04-07 02:17:20,F2,1.1214,OK,0
2026-04-07 02:17:30,F2,1.1220,OK,0
2026-04-07 02:17:40,F2,1.1226,OK,0
2026-04-07 02:17:51,F2,1.1232,OK,0
2026-04-07 02:18:01,F2,1.1238,OK,0
2026-04-07 02:18:11,F2,1.1244,OK,0
2026-04-07 02:18:21,F2,1.1250,OK,0
2026-04-07 02:18:32,F2,1.1256,OK,0
2026-04-07 02:18:42,F2,1.1262,OK,0
2026-04-07 02:18:52,F2,1.1268,OK,0
2026-04-07 02:19:02,F2,1.1274,OK,0
2026-04-07 02:19:13,F2,1.1280,OK,0
2026-04-07 02:19:23,F2,1.1286,OK,0
2026-04-07 02:19:33,F2,1.1292,OK,0
2026-04-07 02:19:43,F2,1.1298,OK,0
2026-04-07 02:19:54,F2,1.1304,OK,0
2026-04-07 02:20:04,F2,1.1310,OK,0
2026-04-07 02:20:14,F2,1.1316,OK,0
2026-04-07 02:20:24,F2,1.1322,OK,0
2026-04-07 02:20:35,F2,1.1328,OK,0
2026-04-07 02:20:45,F2,1.1334,OK,0
2026-04-07 02:20:55,F2,1.1340,OK,0
2026-04-07 02:21:05,F2,1.1346,OK,0
2026-04-07 02:21:16,F2,1.1352,OK,0
2026-04-07 02:21:26,F2,1.1358,OK,0
2026-04-07 02:21:36,F2,1.1364,OK,0
2026-04-07 02:21:46,F2,1.1370,OK,0
2026-04-07 02:21:57,F2,1.1376,OK,0
2026-04-07 02:22:07,F2,1.1382,OK,0
2026-04-07 02:22:17,F2,1.1388,OK,0
2026-04-07 02:22:27,F2,1.1394,OK,0
2026-04-07 02:22:38,F2,1.1400,OK,0
2026-04-07 02:22:48,F2,1.1406,OK,0
2026-04-07 02:22:58,F2,1.1412,OK,0
2026-04-07 02:23:08,F2,1.1418,OK,0
2026-04-07 02:23:19,F2,1.1424,OK,0
2026-04-07 02:23:29,F2,1.1430,OK,0
2026-04-07 02:23:39,F2,1.1436,OK,0
2026-04-07 02:23:49,F2,1.1442,OK,0
2026-04-07 02:23:59,F2,1.1448,OK,0
2026-04-07 02:24:10,F2,1.1454,OK,0
2026-04-07 02:24:20,F2,1.1460,OK,0
2026-04-07 02:24:30,F2,1.1466,OK,0
2026-04-07 02:24:40,F2,1.1472,OK,0
2026-04-07 02:24:51,F2,1.1478,OK,0
2026-04-07 02:25:01,F2,1.1484,OK,0
2026-04-07 02:25:11,F2,1.1490,OK,0
2026-04-07 02:25:21,F2,1.1496,OK,0
2026-04-07 02:25:32,F2,1.1502,OK,0
2026-04-07 02:25:42,F2,1.1508,OK,0
2026-04-07 02:25:52,F2,1.1514,OK,0
2026-04-07 02:26:02,F2,1.1520,OK,0
2026-04-07 02:26:13,F2,1.1526,OK,0
2026-04-07 02:26:23,F2,1.1532,OK,0
2026-04-07 02:26:33,F2,1.1538,OK,0
2026-04-07 02:26:43,F2,1.1544,OK,0
2026-04-07 02:26:54,F2,1.1550,OK,0
2026-04-07 02:27:04,F2,1.1555,OK,0
2026-04-07 02:27:14,F2,1.1561,OK,0
2026-04-07 02:27:24,F2,1.1567,OK,0
2026-04-07 02:27:35,F2,1.1573,OK,0
2026-04-07 02:27:45,F2,1.1579,OK,0
2026-04-07 02:27:55,F2,1.1585,OK,0
2026-04-07 02:28:05,F2,1.1591,OK,0
2026-04-07 02:28:16,F2,1.1597,OK,0
2026-04-07 02:28:26,F2,1.1603,OK,0
2026-04-07 02:28:36,F2,1.1609,OK,0
2026-04-07 02:28:46,F2,1.1614,OK,0
2026-04-07 02:28:57,F2,1.1620,OK,0
2026-04-07 02:29:07,F2,1.1626,OK,0
2026-04-07 02:29:17,F2,1.1632,OK,0
2026-04-07 02:29:27,F2,1.1638,OK,0
2026-04-07 02:29:38,F2,1.1644,OK,0
2026-04-07 02:29:48,F2,1.1649,OK,0
2026-04-07 02:29:58,F2,1.1655,OK,0
2026-04-07 02:30:08,F2,1.1661,OK,0
2026-04-07 02:30:19,F2,1.1667,OK,0
2026-04-07 02:30:29,F2,1.1672,OK,0
2026-04-07 02:30:39,F2,1.1678,OK,0
2026-04-07 02:30:49,F2,1.1684,OK,0
2026-04-07 02:31:00,F2,1.1690,OK,0
2026-04-07 02:31:10,F2,1.1695,OK,0
2026-04-07 02:31:20,F2,1.1701,OK,0
2026-04-07 02:31:30,F2,1.1707,OK,0
2026-04-07 02:31:40,F2,1.1713,OK,0
2026-04-07 02:31:51,F2,1.1718,OK,0
2026-04-07 02:32:01,F2,1.1724,OK,0
2026-04-07 02:32:11,F2,1.1730,OK,0
2026-04-07 02:32:21,F2,1.1736,OK,0
2026-04-07 02:32:32,F2,1.1741,OK,0
2026-04-07 02:32:42,F2,1.1747,OK,0
2026-04-07 02:32:52,F2,1.1753,OK,0
2026-04-07 02:33:02,F2,1.1758,OK,0
2026-04-07 02:33:13,F2,1.1764,OK,0
2026-04-07 02:33:23,F2,1.1770,OK,0
2026-04-07 02:33:33,F2,1.1776,OK,0
2026-04-07 02:33:43,F2,1.1781,OK,0
2026-04-07 02:33:54,F2,1.1787,OK,0
2026-04-07 02:34:04,F2,1.1793,OK,0
2026-04-07 02:34:14,F2,1.1798,OK,0
2026-04-07 02:34:24,F2,1.1804,OK,0
2026-04-07 02:34:35,F2,1.1810,OK,0
2026-04-07 02:34:45,F2,1.1815,OK,0
2026-04-07 02:34:55,F2,1.1821,OK,0
2026-04-07 02:35:05,F2,1.1827,OK,0
2026-04-07 02:35:16,F2,1.1832,OK,0
2026-04-07 02:35:26,F2,1.1838,OK,0
2026-04-07 02:35:36,F2,1.1844,OK,0
2026-04-07 02:35:46,F2,1.1849,OK,0
2026-04-07 02:35:57,F2,1.1855,OK,0
2026-04-07 02:36:07,F2,1.1861,OK,0
2026-04-07 02:36:17,F2,1.1866,OK,0
2026-04-07 02:36:27,F2,1.1872,OK,0
2026-04-07 02:36:38,F2,1.1877,OK,0
2026-04-07 02:36:48,F2,1.1883,OK,0
2026-04-07 02:36:58,F2,1.1888,OK,0
2026-04-07 02:37:08,F2,1.1894,OK,0
2026-04-07 02:37:19,F2,1.1899,OK,0
2026-04-07 02:37:29,F2,1.1905,OK,0
2026-04-07 02:37:39,F2,1.1910,OK,0
2026-04-07 02:37:50,F2,1.1916,OK,0
2026-04-07 02:38:00,F2,1.1921,OK,0
2026-04-07 02:38:10,F2,1.1927,OK,0
2026-04-07 02:38:20,F2,1.1932,OK,0
2026-04-07 02:38:31,F2,1.1938,OK,0
2026-04-07 02:38:41,F2,1.1943,OK,0
2026-04-07 02:38:51,F2,1.1948,OK,0
2026-04-07 02:39:01,F2,1.1954,OK,0
2026-04-07 02:39:12,F2,1.1959,OK,0
2026-04-07 02:39:22,F2,1.1965,OK,0
2026-04-07 02:39:32,F2,1.1970,OK,0
2026-04-07 02:39:42,F2,1.1975,OK,0
2026-04-07 02:39:53,F2,1.1981,OK,0
2026-04-07 02:40:03,F2,1.1986,OK,0
2026-04-07 02:40:13,F2,1.1991,OK,0
2026-04-07 02:40:23,F2,1.1997,OK,0
2026-04-07 02:40:34,F2,1.2002,OK,0
2026-04-07 02:40:44,F2,1.2007,OK,0
2026-04-07 02:40:54,F2,1.2013,OK,0
2026-04-07 02:41:04,F2,1.2018,OK,0
2026-04-07 02:41:15,F2,1.2023,OK,0
2026-04-07 02:41:25,F2,1.2028,OK,0
2026-04-07 02:41:35,F2,1.2034,OK,0
2026-04-07 02:41:45,F2,1.2039,OK,0
2026-04-07 02:41:56,F2,1.2044,OK,0
2026-04-07 02:42:06,F2,1.2049,OK,0
2026-04-07 02:42:16,F2,1.2054,OK,0
2026-04-07 02:42:26,F2,1.2060,OK,0
2026-04-07 02:42:36,F2,1.2065,OK,0
2026-04-07 02:42:47,F2,1.2070,OK,0
2026-04-07 02:42:57,F2,1.2075,OK,0
2026-04-07 02:43:07,F2,1.2080,OK,0
2026-04-07 02:43:18,F2,1.2085,OK,0
2026-04-07 02:43:28,F2,1.2090,OK,0
2026-04-07 02:43:38,F2,1.2095,OK,0
2026-04-07 02:43:48,F2,1.2100,OK,0
2026-04-07 02:43:58,F2,1.2105,OK,0
2026-04-07 02:44:09,F2,1.2110,OK,0
2026-04-07 02:44:19,F2,1.2115,OK,0
2026-04-07 02:44:29,F2,1.2120,OK,0
2026-04-07 02:44:40,F2,1.2124,OK,0
2026-04-07 02:44:50,F2,1.2129,OK,0
2026-04-07 02:45:00,F2,1.2134,OK,0
2026-04-07 02:45:10,F2,1.2139,OK,0
2026-04-07 02:45:21,F2,1.2144,OK,0
2026-04-07 02:45:31,F2,1.2148,OK,0
2026-04-07 02:45:41,F2,1.2153,OK,0
2026-04-07 02:45:51,F2,1.2158,OK,0
2026-04-07 02:46:02,F2,1.2163,OK,0
2026-04-07 02:46:12,F2,1.2167,OK,0
2026-04-07 02:46:22,F2,1.2172,OK,0
2026-04-07 02:46:32,F2,1.2177,OK,0
2026-04-07 02:46:43,F2,1.2181,OK,0
2026-04-07 02:46:53,F2,1.2186,OK,0
2026-04-07 02:47:03,F2,1.2191,OK,0
2026-04-07 02:47:13,F2,1.2195,OK,0
2026-04-07 02:47:23,F2,1.2200,OK,0
2026-04-07 02:47:34,F2,1.2204,OK,0
2026-04-07 02:47:44,F2,1.2209,OK,0
2026-04-07 02:47:54,F2,1.2213,OK,0
2026-04-07 02:48:04,F2,1.2218,OK,0
2026-04-07 02:48:15,F2,1.2222,OK,0
2026-04-07 02:48:25,F2,1.2227,OK,0
2026-04-07 02:48:35,F2,1.2231,OK,0
2026-04-07 02:48:45,F2,1.2236,OK,0
2026-04-07 02:48:56,F2,1.2240,OK,0
2026-04-07 02:49:06,F2,1.2244,OK,0
2026-04-07 02:49:16,F2,1.2249,OK,0
2026-04-07 02:49:26,F2,1.2253,OK,0
2026-04-07 02:49:37,F2,1.2257,OK,0
2026-04-07 02:49:47,F2,1.2262,OK,0
2026-04-07 02:49:57,F2,1.2266,OK,0
2026-04-07 02:50:07,F2,1.2270,OK,0
2026-04-07 02:50:18,F2,1.2274,OK,0
2026-04-07 02:50:28,F2,1.2278,OK,0
2026-04-07 02:50:38,F2,1.2283,OK,0
2026-04-07 02:50:48,F2,1.2287,OK,0
2026-04-07 02:50:59,F2,1.2291,OK,0
2026-04-07 02:51:09,F2,1.2295,OK,0
2026-04-07 02:51:19,F2,1.2299,OK,0
2026-04-07 02:51:29,F2,1.2303,OK,0
2026-04-07 02:51:40,F2,1.2307,OK,0
2026-04-07 02:51:50,F2,1.2311,OK,0
2026-04-07 02:52:00,F2,1.2315,OK,0
2026-04-07 02:52:10,F2,1.2319,OK,0
2026-04-07 02:52:21,F2,1.2323,OK,0
2026-04-07 02:52:31,F2,1.2327,OK,0
2026-04-07 02:52:41,F2,1.2331,OK,0
2026-04-07 02:52:51,F2,1.2335,OK,0
2026-04-07 02:53:02,F2,1.2339,OK,0
2026-04-07 02:53:12,F2,1.2343,OK,0
2026-04-07 02:53:22,F2,1.2347,OK,0
2026-04-07 02:53:32,F2,1.2351,OK,0
2026-04-07 02:53:43,F2,1.2354,OK,0
2026-04-07 02:53:53,F2,1.2358,OK,0
2026-04-07 02:54:03,F2,1.2362,OK,0
2026-04-07 02:54:13,F2,1.2366,OK,0
2026-04-07 02:54:23,F2,1.2370,OK,0
2026-04-07 02:54:34,F2,1.2373,OK,0
2026-04-07 02:54:44,F2,1.2377,OK,0
2026-04-07 02:54:54,F2,1.2381,OK,0
2026-04-07 02:55:04,F2,1.2385,OK,0
2026-04-07 02:55:15,F2,1.2389,OK,0
2026-04-07 02:55:25,F2,1.2392,OK,0
2026-04-07 02:55:35,F2,1.2396,OK,0
2026-04-07 02:55:45,F2,1.2400,OK,0
2026-04-07 02:55:56,F2,1.2403,OK,0
2026-04-07 02:56:06,F2,1.2407,OK,0
2026-04-07 02:56:16,F2,1.2411,OK,0
2026-04-07 02:56:26,F2,1.2415,OK,0
2026-04-07 02:56:37,F2,1.2418,OK,0
2026-04-07 02:56:47,F2,1.2422,OK,0
2026-04-07 02:56:57,F2,1.2425,OK,0
2026-04-07 02:57:07,F2,1.2429,OK,0
2026-04-07 02:57:18,F2,1.2433,OK,0
2026-04-07 02:57:28,F2,1.2436,OK,0
2026-04-07 02:57:38,F2,1.2440,OK,0
2026-04-07 02:57:48,F2,1.2443,OK,0
2026-04-07 02:57:59,F2,1.2447,OK,0
2026-04-07 02:58:09,F2,1.2450,OK,0
2026-04-07 02:58:19,F2,1.2454,OK,0
2026-04-07 02:58:30,F2,1.2457,OK,0
2026-04-07 02:58:40,F2,1.2461,OK,0
2026-04-07 02:58:50,F2,1.2464,OK,0
2026-04-07 02:59:01,F2,1.2468,OK,0
2026-04-07 02:59:11,F2,1.2471,OK,0
2026-04-07 02:59:21,F2,1.2474,OK,0
2026-04-07 02:59:31,F2,1.2478,OK,0
2026-04-07 02:59:42,F2,1.2481,OK,0
2026-04-07 02:59:52,F2,1.2485,OK,0
2026-04-07 03:00:02,F2,1.2488,OK,0
2026-04-07 03:00:12,F2,1.2491,OK,0
2026-04-07 03:00:23,F2,1.2495,OK,0
2026-04-07 03:00:33,F2,1.2498,OK,0
2026-04-07 03:00:43,F2,1.2501,OK,0
2026-04-07 03:00:53,F2,1.2505,OK,0
2026-04-07 03:01:04,F2,1.2508,OK,0
2026-04-07 03:01:14,F2,1.2511,OK,0
2026-04-07 03:01:24,F2,1.2515,OK,0
2026-04-07 03:01:34,F2,1.2518,OK,0
2026-04-07 03:01:45,F2,1.2521,OK,0
2026-04-07 03:01:55,F2,1.2524,OK,0
2026-04-07 03:02:05,F2,1.2528,OK,0
2026-04-07 03:02:15,F2,1.2531,OK,0
2026-04-07 03:02:26,F2,1.2534,OK,0
2026-04-07 03:02:36,F2,1.2538,OK,0
2026-04-07 03:02:46,F2,1.2541,OK,0
2026-04-07 03:02:56,F2,1.2544,OK,0
2026-04-07 03:03:07,F2,1.2547,OK,0
2026-04-07 03:03:17,F2,1.2551,OK,0
2026-04-07 03:03:27,F2,1.2554,OK,0
2026-04-07 03:03:37,F2,1.2557,OK,0
2026-04-07 03:03:47,F2,1.2561,OK,0
2026-04-07 03:03:58,F2,1.2564,OK,0
2026-04-07 03:04:08,F2,1.2567,OK,0
2026-04-07 03:04:18,F2,1.2570,OK,0
2026-04-07 03:04:28,F2,1.2573,OK,0
2026-04-07 03:04:39,F2,1.2577,OK,0
2026-04-07 03:04:49,F2,1.2580,OK,0
2026-04-07 03:04:59,F2,1.2583,OK,0
2026-04-07 03:05:09,F2,1.2586,OK,0
2026-04-07 03:05:20,F2,1.2589,OK,0
2026-04-07 03:05:30,F2,1.2593,OK,0
2026-04-07 03:05:40,F2,1.2596,OK,0
2026-04-07 03:05:50,F2,1.2599,OK,0
2026-04-07 03:06:01,F2,1.2602,OK,0
2026-04-07 03:06:11,F2,1.2605,OK,0
2026-04-07 03:06:21,F2,1.2608,OK,0
2026-04-07 03:06:31,F2,1.2611,OK,0
2026-04-07 03:06:42,F2,1.2614,OK,0
2026-04-07 03:06:52,F2,1.2617,OK,0
2026-04-07 03:07:02,F2,1.2620,OK,0
2026-04-07 03:07:12,F2,1.2624,OK,0
2026-04-07 03:07:23,F2,1.2627,OK,0
2026-04-07 03:07:33,F2,1.2630,OK,0
2026-04-07 03:07:43,F2,1.2633,OK,0
2026-04-07 03:07:53,F2,1.2636,OK,0
2026-04-07 03:08:03,F2,1.2639,OK,0
2026-04-07 03:08:14,F2,1.2642,OK,0
2026-04-07 03:08:24,F2,1.2645,OK,0
2026-04-07 03:08:34,F2,1.2648,OK,0
2026-04-07 03:08:44,F2,1.2651,OK,0
2026-04-07 03:08:55,F2,1.2654,OK,0
2026-04-07 03:09:05,F2,1.2657,OK,0
2026-04-07 03:09:15,F2,1.2660,OK,0
2026-04-07 03:09:25,F2,1.2663,OK,0
2026-04-07 03:09:36,F2,1.2666,OK,0
2026-04-07 03:09:46,F2,1.2669,OK,0
2026-04-07 03:09:56,F2,1.2673,OK,0
2026-04-07 03:10:06,F2,1.2676,OK,0
2026-04-07 03:10:17,F2,1.2679,OK,0
2026-04-07 03:10:27,F2,1.2682,OK,0
2026-04-07 03:10:37,F2,1.2685,OK,0
2026-04-07 03:10:47,F2,1.2688,OK,0
2026-04-07 03:10:58,F2,1.2691,OK,0
2026-04-07 03:11:08,F2,1.2694,OK,0
2026-04-07 03:11:18,F2,1.2697,OK,0
2026-04-07 03:11:28,F2,1.2700,OK,0
2026-04-07 03:11:39,F2,1.2704,OK,0
2026-04-07 03:11:49,F2,1.2707,OK,0
2026-04-07 03:11:59,F2,1.2710,OK,0
2026-04-07 03:12:09,F2,1.2713,OK,0
2026-04-07 03:12:20,F2,1.2716,OK,0
2026-04-07 03:12:30,F2,1.2719,OK,0
2026-04-07 03:12:40,F2,1.2722,OK,0
2026-04-07 03:12:50,F2,1.2725,OK,0
2026-04-07 03:13:01,F2,1.2729,OK,0
2026-04-07 03:13:11,F2,1.2732,OK,0
2026-04-07 03:13:21,F2,1.2735,OK,0
2026-04-07 03:13:31,F2,1.2738,OK,0
2026-04-07 03:13:42,F2,1.2741,OK,0
2026-04-07 03:13:52,F2,1.2744,OK,0
2026-04-07 03:14:02,F2,1.2747,OK,0
2026-04-07 03:14:12,F2,1.2751,OK,0
2026-04-07 03:14:23,F2,1.2754,OK,0
2026-04-07 03:14:33,F2,1.2757,OK,0
2026-04-07 03:14:43,F2,1.2760,OK,0
2026-04-07 03:14:53,F2,1.2763,OK,0
2026-04-07 03:15:04,F2,1.2767,OK,0
2026-04-07 03:15:14,F2,1.2770,OK,0
2026-04-07 03:15:24,F2,1.2773,OK,0
2026-04-07 03:15:34,F2,1.2776,OK,0
2026-04-07 03:15:45,F2,1.2779,OK,0
2026-04-07 03:15:55,F2,1.2783,OK,0
2026-04-07 03:16:05,F2,1.2786,OK,0
2026-04-07 03:16:15,F2,1.2789,OK,0
2026-04-07 03:16:26,F2,1.2793,OK,0
2026-04-07 03:16:36,F2,1.2796,OK,0
2026-04-07 03:16:46,F2,1.2799,OK,0
2026-04-07 03:16:56,F2,1.2802,OK,0
2026-04-07 03:17:07,F2,1.2806,OK,0
2026-04-07 03:17:17,F2,1.2809,OK,0
2026-04-07 03:17:27,F2,1.2812,OK,0
2026-04-07 03:17:37,F2,1.2816,OK,0
2026-04-07 03:17:47,F2,1.2819,OK,0
2026-04-07 03:17:58,F2,1.2822,OK,0
2026-04-07 03:18:08,F2,1.2826,OK,0
2026-04-07 03:18:18,F2,1.2829,OK,0
2026-04-07 03:18:28,F2,1.2832,OK,0
2026-04-07 03:18:39,F2,1.2836,OK,0
2026-04-07 03:18:49,F2,1.2839,OK,0
2026-04-07 03:18:59,F2,1.2843,OK,0
2026-04-07 03:19:10,F2,1.2846,OK,0
2026-04-07 03:19:20,F2,1.2849,OK,0
2026-04-07 03:19:30,F2,1.2853,OK,0
2026-04-07 03:19:40,F2,1.2856,OK,0
2026-04-07 03:19:50,F2,1.2859,OK,0
2026-04-07 03:20:01,F2,1.2863,OK,0
2026-04-07 03:20:11,F2,1.2866,OK,0
2026-04-07 03:20:21,F2,1.2869,OK,0
2026-04-07 03:20:31,F2,1.2873,OK,0
2026-04-07 03:20:42,F2,1.2876,OK,0
2026-04-07 03:20:52,F2,1.2880,OK,0
2026-04-07 03:21:02,F2,1.2883,OK,0
2026-04-07 03:21:12,F2,1.2886,OK,0
2026-04-07 03:21:23,F2,1.2890,OK,0
2026-04-07 03:21:33,F2,1.2893,OK,0
2026-04-07 03:21:43,F2,1.2896,OK,0
2026-04-07 03:21:53,F2,1.2899,OK,0
2026-04-07 03:22:04,F2,1.2903,OK,0
2026-04-07 03:22:14,F2,1.2906,OK,0
2026-04-07 03:22:24,F2,1.2909,OK,0
2026-04-07 03:22:34,F2,1.2913,OK,0
2026-04-07 03:22:45,F2,1.2916,OK,0
2026-04-07 03:22:55,F2,1.2919,OK,0
2026-04-07 03:23:05,F2,1.2923,OK,0
2026-04-07 03:23:15,F2,1.2926,OK,0
2026-04-07 03:23:26,F2,1.2929,OK,0
2026-04-07 03:23:36,F2,1.2933,OK,0
2026-04-07 03:23:46,F2,1.2936,OK,0
2026-04-07 03:23:56,F2,1.2939,OK,0
2026-04-07 03:24:07,F2,1.2942,OK,0
2026-04-07 03:24:17,F2,1.2946,OK,0
2026-04-07 03:24:27,F2,1.2949,OK,0
2026-04-07 03:24:37,F2,1.2952,OK,0
2026-04-07 03:24:48,F2,1.2956,OK,0
2026-04-07 03:24:58,F2,1.2959,OK,0
2026-04-07 03:25:08,F2,1.2962,OK,0
2026-04-07 03:25:18,F2,1.2966,OK,0
2026-04-07 03:25:29,F2,1.2969,OK,0
2026-04-07 03:25:39,F2,1.2972,OK,0
2026-04-07 03:25:49,F2,1.2976,OK,0
2026-04-07 03:25:59,F2,1.2979,OK,0
2026-04-07 03:26:10,F2,1.2982,OK,0
2026-04-07 03:26:20,F2,1.2985,OK,0
2026-04-07 03:26:30,F2,1.2989,OK,0
2026-04-07 03:26:40,F2,1.2992,OK,0
2026-04-07 03:26:51,F2,1.2995,OK,0
2026-04-07 03:27:01,F2,1.2998,OK,0
2026-04-07 03:27:11,F2,1.3002,OK,0
2026-04-07 03:27:21,F2,1.3005,OK,0
2026-04-07 03:27:32,F2,1.3008,OK,0
2026-04-07 03:27:42,F2,1.3011,OK,0
2026-04-07 03:27:52,F2,1.3014,OK,0
2026-04-07 03:28:02,F2,1.3018,OK,0
2026-04-07 03:28:13,F2,1.3021,OK,0
2026-04-07 03:28:23,F2,1.3024,OK,0
2026-04-07 03:28:33,F2,1.3027,OK,0
2026-04-07 03:28:43,F2,1.3030,OK,0
2026-04-07 03:28:54,F2,1.3033,OK,0
2026-04-07 03:29:04,F2,1.3036,OK,0
2026-04-07 03:29:14,F2,1.3039,OK,0
2026-04-07 03:29:24,F2,1.3042,OK,0
2026-04-07 03:29:34,F2,1.3046,OK,0
2026-04-07 03:29:45,F2,1.3049,OK,0
2026-04-07 03:29:55,F2,1.3052,OK,0
2026-04-07 03:30:05,F2,1.3055,OK,0
2026-04-07 03:30:15,F2,1.3058,OK,0
2026-04-07 03:30:26,F2,1.3061,OK,0
2026-04-07 03:30:36,F2,1.3064,OK,0
2026-04-07 03:30:46,F2,1.3067,OK,0
2026-04-07 03:30:56,F2,1.3070,OK,0
2026-04-07 03:31:07,F2,1.3073,OK,0
2026-04-07 03:31:17,F2,1.3076,OK,0
2026-04-07 03:31:27,F2,1.3079,OK,0
2026-04-07 03:31:37,F2,1.3082,OK,0
2026-04-07 03:31:48,F2,1.3085,OK,0
2026-04-07 03:31:58,F2,1.3088,OK,0
2026-04-07 03:32:08,F2,1.3091,OK,0
2026-04-07 03:32:18,F2,1.3094,OK,0
2026-04-07 03:32:29,F2,1.3097,OK,0
2026-04-07 03:32:39,F2,1.3100,OK,0
2026-04-07 03:32:49,F2,1.3103,OK,0
2026-04-07 03:32:59,F2,1.3107,OK,0
2026-04-07 03:33:10,F2,1.3110,OK,0
2026-04-07 03:33:20,F2,1.3113,OK,0
2026-04-07 03:33:30,F2,1.3116,OK,0
2026-04-07 03:33:40,F2,1.3119,OK,0
2026-04-07 03:33:51,F2,1.3121,OK,0
2026-04-07 03:34:01,F2,1.3124,OK,0
2026-04-07 03:34:11,F2,1.3127,OK,0
2026-04-07 03:34:21,F2,1.3130,OK,0
2026-04-07 03:34:31,F2,1.3133,OK,0
2026-04-07 03:34:42,F2,1.3136,OK,0
2026-04-07 03:34:52,F2,1.3139,OK,0
2026-04-07 03:35:02,F2,1.3142,OK,0
2026-04-07 03:35:12,F2,1.3145,OK,0
2026-04-07 03:35:23,F2,1.3148,OK,0
2026-04-07 03:35:33,F2,1.3151,OK,0
2026-04-07 03:35:43,F2,1.3154,OK,0
2026-04-07 03:35:54,F2,1.3157,OK,0
2026-04-07 03:36:04,F2,1.3160,OK,0
2026-04-07 03:36:14,F2,1.3162,OK,0
2026-04-07 03:36:24,F2,1.3165,OK,0
2026-04-07 03:36:34,F2,1.3168,OK,0
2026-04-07 03:36:45,F2,1.3171,OK,0
2026-04-07 03:36:55,F2,1.3174,OK,0
2026-04-07 03:37:05,F2,1.3177,OK,0
2026-04-07 03:37:15,F2,1.3180,OK,0
2026-04-07 03:37:26,F2,1.3183,OK,0
2026-04-07 03:37:36,F2,1.3186,OK,0
2026-04-07 03:37:46,F2,1.3189,OK,0
2026-04-07 03:37:56,F2,1.3191,OK,0
2026-04-07 03:38:07,F2,1.3194,OK,0
2026-04-07 03:38:17,F2,1.3197,OK,0
2026-04-07 03:38:27,F2,1.3200,OK,0
2026-04-07 03:38:38,F2,1.3203,OK,0
2026-04-07 03:38:48,F2,1.3206,OK,0
2026-04-07 03:38:58,F2,1.3209,OK,0
2026-04-07 03:39:08,F2,1.3212,OK,0
2026-04-07 03:39:19,F2,1.3215,OK,0
2026-04-07 03:39:29,F2,1.3218,OK,0
2026-04-07 03:39:39,F2,1.3221,OK,0
2026-04-07 03:39:49,F2,1.3224,OK,0
2026-04-07 03:40:00,F2,1.3227,OK,0
2026-04-07 03:40:10,F2,1.3230,OK,0
2026-04-07 03:40:20,F2,1.3233,OK,0
2026-04-07 03:40:30,F2,1.3236,OK,0
2026-04-07 03:40:41,F2,1.3239,OK,0
2026-04-07 03:40:51,F2,1.3242,OK,0
2026-04-07 03:41:01,F2,1.3245,OK,0
2026-04-07 03:41:11,F2,1.3248,OK,0
2026-04-07 03:41:21,F2,1.3251,OK,0
2026-04-07 03:41:32,F2,1.3254,OK,0
2026-04-07 03:41:42,F2,1.3257,OK,0
2026-04-07 03:41:52,F2,1.3261,OK,0
2026-04-07 03:42:02,F2,1.3264,OK,0
2026-04-07 03:42:13,F2,1.3267,OK,0
2026-04-07 03:42:23,F2,1.3270,OK,0
2026-04-07 03:42:33,F2,1.3273,OK,0
2026-04-07 03:42:43,F2,1.3276,OK,0
2026-04-07 03:42:54,F2,1.3279,OK,0
2026-04-07 03:43:04,F2,1.3282,OK,0
2026-04-07 03:43:14,F2,1.3285,OK,0
2026-04-07 03:43:25,F2,1.3288,OK,0
2026-04-07 03:43:35,F2,1.3291,OK,0
2026-04-07 03:43:45,F2,1.3294,OK,0
2026-04-07 03:43:55,F2,1.3297,OK,0
2026-04-07 03:44:06,F2,1.3300,OK,0
2026-04-07 03:44:16,F2,1.3303,OK,0
2026-04-07 03:44:26,F2,1.3306,OK,0
2026-04-07 03:44:36,F2,1.3309,OK,0
2026-04-07 03:44:47,F2,1.3312,OK,0
2026-04-07 03:44:57,F2,1.3315,OK,0
2026-04-07 03:45:07,F2,1.3318,OK,0
2026-04-07 03:45:17,F2,1.3321,OK,0
2026-04-07 03:45:28,F2,1.3324,OK,0
2026-04-07 03:45:38,F2,1.3327,OK,0
2026-04-07 03:45:48,F2,1.3330,OK,0
2026-04-07 03:45:58,F2,1.3333,OK,0
2026-04-07 03:46:08,F2,1.3337,OK,0
2026-04-07 03:46:19,F2,1.3340,OK,0
2026-04-07 03:46:29,F2,1.3343,OK,0
2026-04-07 03:46:39,F2,1.3346,OK,0
2026-04-07 03:46:49,F2,1.3349,OK,0
2026-04-07 03:47:00,F2,1.3352,OK,0
2026-04-07 03:47:10,F2,1.3355,OK,0
2026-04-07 03:47:20,F2,1.3359,OK,0
2026-04-07 03:47:30,F2,1.3362,OK,0
2026-04-07 03:47:41,F2,1.3365,OK,0
2026-04-07 03:47:51,F2,1.3368,OK,0
2026-04-07 03:48:01,F2,1.3371,OK,0
2026-04-07 03:48:11,F2,1.3374,OK,0
2026-04-07 03:48:22,F2,1.3378,OK,0
2026-04-07 03:48:32,F2,1.3381,OK,0
2026-04-07 03:48:42,F2,1.3384,OK,0
2026-04-07 03:48:52,F2,1.3387,OK,0
2026-04-07 03:49:03,F2,1.3390,OK,0
2026-04-07 03:49:13,F2,1.3394,OK,0
2026-04-07 03:49:23,F2,1.3397,OK,0
2026-04-07 03:49:33,F2,1.3400,OK,0
2026-04-07 03:49:44,F2,1.3403,OK,0
2026-04-07 03:49:54,F2,1.3406,OK,0
2026-04-07 03:50:04,F2,1.3409,OK,0
2026-04-07 03:50:14,F2,1.3413,OK,0
2026-04-07 03:50:25,F2,1.3416,OK,0
2026-04-07 03:50:35,F2,1.3419,OK,0
2026-04-07 03:50:45,F2,1.3422,OK,0
2026-04-07 03:50:55,F2,1.3425,OK,0
2026-04-07 03:51:06,F2,1.3428,OK,0
2026-04-07 03:51:16,F2,1.3432,OK,0
2026-04-07 03:51:26,F2,1.3435,OK,0
2026-04-07 03:51:37,F2,1.3438,OK,0
2026-04-07 03:51:47,F2,1.3441,OK,0
2026-04-07 03:51:57,F2,1.3444,OK,0
2026-04-07 03:52:07,F2,1.3447,OK,0
2026-04-07 03:52:18,F2,1.3451,OK,0
2026-04-07 03:52:28,F2,1.3454,OK,0
2026-04-07 03:52:38,F2,1.3457,OK,0
2026-04-07 03:52:48,F2,1.3460,OK,0
2026-04-07 03:52:58,F2,1.3463,OK,0
2026-04-07 03:53:09,F2,1.3467,OK,0
2026-04-07 03:53:19,F2,1.3470,OK,0
2026-04-07 03:53:29,F2,1.3473,OK,0
2026-04-07 03:53:39,F2,1.3476,OK,0
2026-04-07 03:53:50,F2,1.3480,OK,0
2026-04-07 03:54:00,F2,1.3483,OK,0
2026-04-07 03:54:10,F2,1.3486,OK,0
2026-04-07 03:54:20,F2,1.3489,OK,0
2026-04-07 03:54:31,F2,1.3493,OK,0
2026-04-07 03:54:41,F2,1.3496,OK,0
2026-04-07 03:54:51,F2,1.3499,OK,0
2026-04-07 03:55:01,F2,1.3502,OK,0
2026-04-07 03:55:12,F2,1.3506,OK,0
2026-04-07 03:55:22,F2,1.3509,OK,0
2026-04-07 03:55:32,F2,1.3512,OK,0
2026-04-07 03:55:42,F2,1.3515,OK,0
2026-04-07 03:55:53,F2,1.3519,OK,0
2026-04-07 03:56:03,F2,1.3522,OK,0
2026-04-07 03:56:13,F2,1.3525,OK,0
2026-04-07 03:56:23,F2,1.3528,OK,0
2026-04-07 03:56:34,F2,1.3531,OK,0
2026-04-07 03:56:44,F2,1.3535,OK,0
2026-04-07 03:56:54,F2,1.3538,OK,0
2026-04-07 03:57:04,F2,1.3541,OK,0
2026-04-07 03:57:15,F2,1.3544,OK,0
2026-04-07 03:57:25,F2,1.3547,OK,0
2026-04-07 03:57:35,F2,1.3550,OK,0
2026-04-07 03:57:45,F2,1.3554,OK,0
2026-04-07 03:57:56,F2,1.3557,OK,0
2026-04-07 03:58:06,F2,1.3560,OK,0
2026-04-07 03:58:16,F2,1.3563,OK,0
2026-04-07 03:58:26,F2,1.3566,OK,0
2026-04-07 03:58:37,F2,1.3569,OK,0
2026-04-07 03:58:47,F2,1.3572,OK,0
2026-04-07 03:58:57,F2,1.3576,OK,0
2026-04-07 03:59:07,F2,1.3579,OK,0
2026-04-07 03:59:18,F2,1.3582,OK,0
2026-04-07 03:59:28,F2,1.3585,OK,0
2026-04-07 03:59:38,F2,1.3588,OK,0
2026-04-07 03:59:48,F2,1.3591,OK,0
2026-04-07 03:59:59,F2,1.3594,OK,0
2026-04-07 04:00:09,F2,1.3597,OK,0
2026-04-07 04:00:19,F2,1.3600,OK,0
2026-04-07 04:00:29,F2,1.3603,OK,0
2026-04-07 04:00:40,F2,1.3606,OK,0
2026-04-07 04:00:50,F2,1.3609,OK,0
2026-04-07 04:01:00,F2,1.3612,OK,0
2026-04-07 04:01:10,F2,1.3615,OK,0
2026-04-07 04:01:20,F2,1.3618,OK,0
2026-04-07 04:01:31,F2,1.3621,OK,0
2026-04-07 04:01:41,F2,1.3624,OK,0
2026-04-07 04:01:51,F2,1.3627,OK,0
2026-04-07 04:02:01,F2,1.3630,OK,0
2026-04-07 04:02:12,F2,1.3633,OK,0
2026-04-07 04:02:22,F2,1.3636,OK,0
2026-04-07 04:02:32,F2,1.3639,OK,0
2026-04-07 04:02:43,F2,1.3642,OK,0
2026-04-07 04:02:53,F2,1.3645,OK,0
2026-04-07 04:03:03,F2,1.3648,OK,0
2026-04-07 04:03:13,F2,1.3651,OK,0
2026-04-07 04:03:23,F2,1.3654,OK,0
2026-04-07 04:03:34,F2,1.3657,OK,0
2026-04-07 04:03:44,F2,1.3659,OK,0
2026-04-07 04:03:54,F2,1.3662,OK,0
2026-04-07 04:04:04,F2,1.3665,OK,0
2026-04-07 04:04:15,F2,1.3668,OK,0
2026-04-07 04:04:25,F2,1.3671,OK,0
2026-04-07 04:04:35,F2,1.3673,OK,0
2026-04-07 04:04:45,F2,1.3676,OK,0
2026-04-07 04:04:56,F2,1.3679,OK,0
2026-04-07 04:05:06,F2,1.3682,OK,0
2026-04-07 04:05:16,F2,1.3684,OK,0
2026-04-07 04:05:26,F2,1.3687,OK,0
2026-04-07 04:05:37,F2,1.3690,OK,0
2026-04-07 04:05:47,F2,1.3692,OK,0
2026-04-07 04:05:57,F2,1.3695,OK,0
2026-04-07 04:06:07,F2,1.3697,OK,0
2026-04-07 04:06:18,F2,1.3700,OK,0
2026-04-07 04:06:28,F2,1.3703,OK,0
2026-04-07 04:06:38,F2,1.3705,OK,0
2026-04-07 04:06:48,F2,1.3708,OK,0
2026-04-07 04:06:59,F2,1.3710,OK,0
2026-04-07 04:07:09,F2,1.3713,OK,0
2026-04-07 04:07:19,F2,1.3715,OK,0
2026-04-07 04:07:29,F2,1.3718,OK,0
2026-04-07 04:07:40,F2,1.3720,OK,0
2026-04-07 04:07:50,F2,1.3723,OK,0
2026-04-07 04:08:00,F2,1.3725,OK,0
2026-04-07 04:08:10,F2,1.3728,OK,0
2026-04-07 04:08:21,F2,1.3730,OK,0
2026-04-07 04:08:31,F2,1.3733,OK,0
2026-04-07 04:08:41,F2,1.3735,OK,0
2026-04-07 04:08:51,F2,1.3738,OK,0
2026-04-07 04:09:01,F2,1.3740,OK,0
2026-04-07 04:09:12,F2,1.3743,OK,0
2026-04-07 04:09:22,F2,1.3745,OK,0
2026-04-07 04:09:32,F2,1.3748,OK,0
2026-04-07 04:09:42,F2,1.3750,OK,0
2026-04-07 04:09:53,F2,1.3752,OK,0
2026-04-07 04:10:03,F2,1.3755,OK,0
2026-04-07 04:10:13,F2,1.3757,OK,0
2026-04-07 04:10:23,F2,1.3759,OK,0
2026-04-07 04:10:34,F2,1.3762,OK,0
2026-04-07 04:10:44,F2,1.3764,OK,0
2026-04-07 04:10:54,F2,1.3766,OK,0
2026-04-07 04:11:04,F2,1.3769,OK,0
2026-04-07 04:11:15,F2,1.3771,OK,0
2026-04-07 04:11:25,F2,1.3773,OK,0
2026-04-07 04:11:35,F2,1.3775,OK,0
2026-04-07 04:11:45,F2,1.3777,OK,0
2026-04-07 04:11:56,F2,1.3780,OK,0
2026-04-07 04:12:06,F2,1.3782,OK,0
2026-04-07 04:12:16,F2,1.3784,OK,0
2026-04-07 04:12:26,F2,1.3786,OK,0
2026-04-07 04:12:37,F2,1.3788,OK,0
2026-04-07 04:12:47,F2,1.3790,OK,0
2026-04-07 04:12:57,F2,1.3792,OK,0
2026-04-07 04:13:07,F2,1.3795,OK,0
2026-04-07 04:13:18,F2,1.3797,OK,0
2026-04-07 04:13:28,F2,1.3799,OK,0
2026-04-07 04:13:38,F2,1.3801,OK,0
2026-04-07 04:13:48,F2,1.3803,OK,0
2026-04-07 04:13:58,F2,1.3805,OK,0
2026-04-07 04:14:09,F2,1.3807,OK,0
2026-04-07 04:14:19,F2,1.3809,OK,0
2026-04-07 04:14:29,F2,1.3811,OK,0
2026-04-07 04:14:40,F2,1.3813,OK,0
2026-04-07 04:14:50,F2,1.3815,OK,0
2026-04-07 04:15:00,F2,1.3817,OK,0
2026-04-07 04:15:10,F2,1.3819,OK,0
2026-04-07 04:15:21,F2,1.3821,OK,0
2026-04-07 04:15:31,F2,1.3823,OK,0
2026-04-07 04:15:41,F2,1.3825,OK,0
2026-04-07 04:15:51,F2,1.3827,OK,0
2026-04-07 04:16:01,F2,1.3829,OK,0
2026-04-07 04:16:12,F2,1.3831,OK,0
2026-04-07 04:16:22,F2,1.3833,OK,0
2026-04-07 04:16:32,F2,1.3835,OK,0
2026-04-07 04:16:42,F2,1.3837,OK,0
2026-04-07 04:16:53,F2,1.3839,OK,0
2026-04-07 04:17:03,F2,1.3840,OK,0
2026-04-07 04:17:13,F2,1.3842,OK,0
2026-04-07 04:17:23,F2,1.3844,OK,0
2026-04-07 04:17:34,F2,1.3846,OK,0
2026-04-07 04:17:44,F2,1.3848,OK,0
2026-04-07 04:17:54,F2,1.3850,OK,0
2026-04-07 04:18:04,F2,1.3852,OK,0
2026-04-07 04:18:15,F2,1.3854,OK,0
2026-04-07 04:18:25,F2,1.3856,OK,0
2026-04-07 04:18:35,F2,1.3858,OK,0
2026-04-07 04:18:45,F2,1.3859,OK,0
2026-04-07 04:18:56,F2,1.3861,OK,0
2026-04-07 04:19:06,F2,1.3863,OK,0
2026-04-07 04:19:16,F2,1.3865,OK,0
2026-04-07 04:19:26,F2,1.3867,OK,0
2026-04-07 04:19:37,F2,1.3869,OK,0
2026-04-07 04:19:47,F2,1.3870,OK,0
2026-04-07 04:19:57,F2,1.3872,OK,0
2026-04-07 04:20:07,F2,1.3874,OK,0
2026-04-07 04:20:18,F2,1.3876,OK,0
2026-04-07 04:20:28,F2,1.3878,OK,0
2026-04-07 04:20:38,F2,1.3880,OK,0
2026-04-07 04:20:48,F2,1.3881,OK,0
2026-04-07 04:20:59,F2,1.3883,OK,0
2026-04-07 04:21:09,F2,1.3885,OK,0
2026-04-07 04:21:19,F2,1.3887,OK,0
2026-04-07 04:21:29,F2,1.3889,OK,0
2026-04-07 04:21:39,F2,1.3891,OK,0
2026-04-07 04:21:50,F2,1.3893,OK,0
2026-04-07 04:22:00,F2,1.3895,OK,0
2026-04-07 04:22:10,F2,1.3897,OK,0
2026-04-07 04:22:20,F2,1.3899,OK,0
2026-04-07 04:22:31,F2,1.3901,OK,0
2026-04-07 04:22:41,F2,1.3902,OK,0
2026-04-07 04:22:51,F2,1.3904,OK,0
2026-04-07 04:23:01,F2,1.3906,OK,0
2026-04-07 04:23:12,F2,1.3908,OK,0
2026-04-07 04:23:22,F2,1.3910,OK,0
2026-04-07 04:23:32,F2,1.3912,OK,0
2026-04-07 04:23:42,F2,1.3914,OK,0
2026-04-07 04:23:53,F2,1.3916,OK,0
2026-04-07 04:24:03,F2,1.3918,OK,0
2026-04-07 04:24:13,F2,1.3920,OK,0
2026-04-07 04:24:23,F2,1.3922,OK,0
2026-04-07 04:24:34,F2,1.3924,OK,0
2026-04-07 04:24:44,F2,1.3926,OK,0
2026-04-07 04:24:54,F2,1.3928,OK,0
2026-04-07 04:25:04,F2,1.3931,OK,0
2026-04-07 04:25:15,F2,1.3933,OK,0
2026-04-07 04:25:25,F2,1.3935,OK,0
2026-04-07 04:25:35,F2,1.3937,OK,0
2026-04-07 04:25:45,F2,1.3939,OK,0
2026-04-07 04:25:56,F2,1.3941,OK,0
2026-04-07 04:26:06,F2,1.3943,OK,0
2026-04-07 04:26:16,F2,1.3945,OK,0
2026-04-07 04:26:26,F2,1.3947,OK,0
2026-04-07 04:26:37,F2,1.3949,OK,0
2026-04-07 04:26:47,F2,1.3951,OK,0
2026-04-07 04:26:57,F2,1.3953,OK,0
2026-04-07 04:27:07,F2,1.3955,OK,0
2026-04-07 04:27:18,F2,1.3958,OK,0
2026-04-07 04:27:28,F2,1.3960,OK,0
2026-04-07 04:27:38,F2,1.3962,OK,0
2026-04-07 04:27:48,F2,1.3964,OK,0
2026-04-07 04:27:59,F2,1.3966,OK,0
2026-04-07 04:28:09,F2,1.3968,OK,0
2026-04-07 04:28:19,F2,1.3971,OK,0
2026-04-07 04:28:29,F2,1.3973,OK,0
2026-04-07 04:28:40,F2,1.3975,OK,0
2026-04-07 04:28:50,F2,1.3977,OK,0
2026-04-07 04:29:00,F2,1.3980,OK,0
2026-04-07 04:29:10,F2,1.3982,OK,0
2026-04-07 04:29:21,F2,1.3984,OK,0
2026-04-07 04:29:31,F2,1.3986,OK,0
2026-04-07 04:29:41,F2,1.3989,OK,0
2026-04-07 04:29:51,F2,1.3991,OK,0
2026-04-07 04:30:02,F2,1.3993,OK,0
2026-04-07 04:30:12,F2,1.3996,OK,0
2026-04-07 04:30:22,F2,1.3998,OK,0
2026-04-07 04:30:32,F2,1.4000,OK,0
2026-04-07 04:30:43,F2,1.4003,OK,0
2026-04-07 04:30:53,F2,1.4005,OK,0
2026-04-07 04:31:03,F2,1.4008,OK,0
2026-04-07 04:31:13,F2,1.4010,OK,0
2026-04-07 04:31:23,F2,1.4012,OK,0
2026-04-07 04:31:34,F2,1.4015,OK,0
2026-04-07 04:31:44,F2,1.4017,OK,0
2026-04-07 04:31:54,F2,1.4020,OK,0
2026-04-07 04:32:04,F2,1.4022,OK,0
2026-04-07 04:32:15,F2,1.4025,OK,0
2026-04-07 04:32:25,F2,1.4027,OK,0
2026-04-07 04:32:35,F2,1.4029,OK,0
2026-04-07 04:32:46,F2,1.4032,OK,0
2026-04-07 04:32:56,F2,1.4034,OK,0
2026-04-07 04:33:06,F2,1.4037,OK,0
2026-04-07 04:33:16,F2,1.4039,OK,0
2026-04-07 04:33:26,F2,1.4042,OK,0
2026-04-07 04:33:37,F2,1.4044,OK,0
2026-04-07 04:33:47,F2,1.4047,OK,0
2026-04-07 04:33:57,F2,1.4050,OK,0
2026-04-07 04:34:07,F2,1.4052,OK,0
2026-04-07 04:34:18,F2,1.4055,OK,0
2026-04-07 04:34:28,F2,1.4057,OK,0
2026-04-07 04:34:38,F2,1.4060,OK,0
2026-04-07 04:34:48,F2,1.4063,OK,0
2026-04-07 04:34:59,F2,1.4065,OK,0
2026-04-07 04:35:09,F2,1.4068,OK,0
2026-04-07 04:35:19,F2,1.4070,OK,0
2026-04-07 04:35:29,F2,1.4073,OK,0
2026-04-07 04:35:40,F2,1.4076,OK,0
2026-04-07 04:35:50,F2,1.4079,OK,0
2026-04-07 04:36:00,F2,1.4081,OK,0
2026-04-07 04:36:10,F2,1.4084,OK,0
2026-04-07 04:36:21,F2,1.4087,OK,0
2026-04-07 04:36:31,F2,1.4090,OK,0
2026-04-07 04:36:41,F2,1.4092,OK,0
2026-04-07 04:36:51,F2,1.4095,OK,0
2026-04-07 04:37:02,F2,1.4098,OK,0
2026-04-07 04:37:12,F2,1.4101,OK,0
2026-04-07 04:37:22,F2,1.4104,OK,0
2026-04-07 04:37:32,F2,1.4107,OK,0
2026-04-07 04:37:43,F2,1.4109,OK,0
2026-04-07 04:37:53,F2,1.4112,OK,0
2026-04-07 04:38:03,F2,1.4115,OK,0
2026-04-07 04:38:13,F2,1.4118,OK,0
2026-04-07 04:38:24,F2,1.4121,OK,0
2026-04-07 04:38:34,F2,1.4124,OK,0
2026-04-07 04:38:44,F2,1.4127,OK,0
2026-04-07 04:38:54,F2,1.4130,OK,0
2026-04-07 04:39:05,F2,1.4133,OK,0
2026-04-07 04:39:15,F2,1.4136,OK,0
2026-04-07 04:39:25,F2,1.4139,OK,0
2026-04-07 04:39:35,F2,1.4142,OK,0
2026-04-07 04:39:46,F2,1.4145,OK,0
2026-04-07 04:39:56,F2,1.4148,OK,0
2026-04-07 04:40:06,F2,1.4151,OK,0
2026-04-07 04:40:16,F2,1.4154,OK,0
2026-04-07 04:40:27,F2,1.4157,OK,0
2026-04-07 04:40:37,F2,1.4160,OK,0
2026-04-07 04:40:47,F2,1.4163,OK,0
2026-04-07 04:40:57,F2,1.4166,OK,0
2026-04-07 04:41:08,F2,1.4169,OK,0
2026-04-07 04:41:18,F2,1.4172,OK,0
2026-04-07 04:41:28,F2,1.4176,OK,0
2026-04-07 04:41:38,F2,1.4179,OK,0
2026-04-07 04:41:49,F2,1.4182,OK,0
2026-04-07 04:41:59,F2,1.4185,OK,0
2026-04-07 04:42:09,F2,1.4188,OK,0
2026-04-07 04:42:19,F2,1.4191,OK,0
2026-04-07 04:42:30,F2,1.4195,OK,0
2026-04-07 04:42:40,F2,1.4198,OK,0
2026-04-07 04:42:50,F2,1.4201,OK,0
2026-04-07 04:43:00,F2,1.4204,OK,0
2026-04-07 04:43:11,F2,1.4208,OK,0
2026-04-07 04:43:21,F2,1.4211,OK,0
2026-04-07 04:43:31,F2,1.4214,OK,0
2026-04-07 04:43:41,F2,1.4217,OK,0
2026-04-07 04:43:51,F2,1.4221,OK,0
2026-04-07 04:44:02,F2,1.4224,OK,0
2026-04-07 04:44:12,F2,1.4228,OK,0
2026-04-07 04:44:22,F2,1.4231,OK,0
2026-04-07 04:44:32,F2,1.4234,OK,0
2026-04-07 04:44:43,F2,1.4238,OK,0
2026-04-07 04:44:53,F2,1.4241,OK,0
2026-04-07 04:45:03,F2,1.4245,OK,0
2026-04-07 04:45:13,F2,1.4248,OK,0
2026-04-07 04:45:24,F2,1.4251,OK,0
2026-04-07 04:45:34,F2,1.4255,OK,0
2026-04-07 04:45:44,F2,1.4258,OK,0
2026-04-07 04:45:54,F2,1.4262,OK,0
2026-04-07 04:46:05,F2,1.4265,OK,0
2026-04-07 04:46:15,F2,1.4269,OK,0
2026-04-07 04:46:25,F2,1.4272,OK,0
2026-04-07 04:46:35,F2,1.4276,OK,0
2026-04-07 04:46:46,F2,1.4279,OK,0
2026-04-07 04:46:56,F2,1.4283,OK,0
2026-04-07 04:47:06,F2,1.4287,OK,0
2026-04-07 04:47:16,F2,1.4290,OK,0
2026-04-07 04:47:27,F2,1.4294,OK,0
2026-04-07 04:47:37,F2,1.4297,OK,0
2026-04-07 04:47:47,F2,1.4301,OK,0
2026-04-07 04:47:57,F2,1.4304,OK,0
2026-04-07 04:48:08,F2,1.4308,OK,0
2026-04-07 04:48:18,F2,1.4311,OK,0
2026-04-07 04:48:28,F2,1.4315,OK,0
2026-04-07 04:48:38,F2,1.4318,OK,0
2026-04-07 04:48:48,F2,1.4322,OK,0
2026-04-07 04:48:59,F2,1.4326,OK,0
2026-04-07 04:49:09,F2,1.4329,OK,0
2026-04-07 04:49:19,F2,1.4333,OK,0
2026-04-07 04:49:29,F2,1.4336,OK,0
2026-04-07 04:49:40,F2,1.4340,OK,0
2026-04-07 04:49:50,F2,1.4344,OK,0
2026-04-07 04:50:00,F2,1.4347,OK,0
2026-04-07 04:50:11,F2,1.4351,OK,0
2026-04-07 04:50:21,F2,1.4355,OK,0
2026-04-07 04:50:31,F2,1.4358,OK,0
2026-04-07 04:50:41,F2,1.4362,OK,0
2026-04-07 04:50:51,F2,1.4366,OK,0
2026-04-07 04:51:02,F2,1.4369,OK,0
2026-04-07 04:51:12,F2,1.4373,OK,0
2026-04-07 04:51:22,F2,1.4377,OK,0
2026-04-07 04:51:32,F2,1.4380,OK,0
2026-04-07 04:51:43,F2,1.4384,OK,0
2026-04-07 04:51:53,F2,1.4388,OK,0
2026-04-07 04:52:03,F2,1.4392,OK,0
2026-04-07 04:52:13,F2,1.4395,OK,0
2026-04-07 04:52:24,F2,1.4399,OK,0
2026-04-07 04:52:34,F2,1.4403,OK,0
2026-04-07 04:52:44,F2,1.4406,OK,0
2026-04-07 04:52:54,F2,1.4410,OK,0
2026-04-07 04:53:05,F2,1.4414,OK,0
2026-04-07 04:53:15,F2,1.4418,OK,0
2026-04-07 04:53:25,F2,1.4421,OK,0
2026-04-07 04:53:35,F2,1.4425,OK,0
2026-04-07 04:53:46,F2,1.4429,OK,0
2026-04-07 04:53:56,F2,1.4433,OK,0
2026-04-07 04:54:06,F2,1.4436,OK,0
2026-04-07 04:54:16,F2,1.4440,OK,0
2026-04-07 04:54:27,F2,1.4444,OK,0
2026-04-07 04:54:37,F2,1.4448,OK,0
2026-04-07 04:54:47,F2,1.4451,OK,0
2026-04-07 04:54:57,F2,1.4455,OK,0
2026-04-07 04:55:08,F2,1.4459,OK,0
2026-04-07 04:55:18,F2,1.4463,OK,0
2026-04-07 04:55:28,F2,1.4466,OK,0
2026-04-07 04:55:38,F2,1.4470,OK,0
2026-04-07 04:55:49,F2,1.4474,OK,0
2026-04-07 04:55:59,F2,1.4478,OK,0
2026-04-07 04:56:09,F2,1.4482,OK,0
2026-04-07 04:56:19,F2,1.4485,OK,0
2026-04-07 04:56:30,F2,1.4489,OK,0
2026-04-07 04:56:40,F2,1.4493,OK,0
2026-04-07 04:56:50,F2,1.4497,OK,0
2026-04-07 04:57:00,F2,1.4501,OK,0
2026-04-07 04:57:11,F2,1.4504,OK,0
2026-04-07 04:57:21,F2,1.4508,OK,0
2026-04-07 04:57:31,F2,1.4512,OK,0
2026-04-07 04:57:41,F2,1.4516,OK,0
2026-04-07 04:57:52,F2,1.4520,OK,0
2026-04-07 04:58:02,F2,1.4524,OK,0
2026-04-07 04:58:12,F2,1.4528,OK,0
2026-04-07 04:58:22,F2,1.4531,OK,0
2026-04-07 04:58:33,F2,1.4535,OK,0
2026-04-07 04:58:43,F2,1.4539,OK,0
2026-04-07 04:58:53,F2,1.4543,OK,0
2026-04-07 04:59:03,F2,1.4547,OK,0
2026-04-07 04:59:14,F2,1.4551,OK,0
2026-04-07 04:59:24,F2,1.4554,OK,0
2026-04-07 04:59:34,F2,1.4558,OK,0
2026-04-07 04:59:44,F2,1.4562,OK,0
2026-04-07 04:59:55,F2,1.4566,OK,0
2026-04-07 05:00:05,F2,1.4570,OK,0
2026-04-07 05:00:15,F2,1.4574,OK,0
2026-04-07 05:00:25,F2,1.4578,OK,0
2026-04-07 05:00:35,F2,1.4581,OK,0
2026-04-07 05:00:46,F2,1.4585,OK,0
2026-04-07 05:00:56,F2,1.4589,OK,0
2026-04-07 05:01:06,F2,1.4593,OK,0
2026-04-07 05:01:16,F2,1.4597,OK,0
2026-04-07 05:01:27,F2,1.4601,OK,0
2026-04-07 05:01:37,F2,1.4604,OK,0
2026-04-07 05:01:47,F2,1.4608,OK,0
2026-04-07 05:01:58,F2,1.4612,OK,0
2026-04-07 05:02:08,F2,1.4616,OK,0
2026-04-07 05:02:18,F2,1.4619,OK,0
2026-04-07 05:02:28,F2,1.4623,OK,0
2026-04-07 05:02:39,F2,1.4627,OK,0
2026-04-07 05:02:49,F2,1.4631,OK,0
2026-04-07 05:02:59,F2,1.4634,OK,0
2026-04-07 05:03:09,F2,1.4638,OK,0
2026-04-07 05:03:20,F2,1.4642,OK,0
2026-04-07 05:03:30,F2,1.4646,OK,0
2026-04-07 05:03:40,F2,1.4649,OK,0
2026-04-07 05:03:50,F2,1.4653,OK,0
2026-04-07 05:04:01,F2,1.4657,OK,0
2026-04-07 05:04:11,F2,1.4661,OK,0
2026-04-07 05:04:21,F2,1.4664,OK,0
2026-04-07 05:04:31,F2,1.4668,OK,0
2026-04-07 05:04:42,F2,1.4672,OK,0
2026-04-07 05:04:52,F2,1.4676,OK,0
2026-04-07 05:05:02,F2,1.4679,OK,0
2026-04-07 05:05:12,F2,1.4683,OK,0
2026-04-07 05:05:23,F2,1.4687,OK,0
2026-04-07 05:05:33,F2,1.4691,OK,0
2026-04-07 05:05:43,F2,1.4694,OK,0
2026-04-07 05:05:53,F2,1.4698,OK,0
2026-04-07 05:06:03,F2,1.4702,OK,0
2026-04-07 05:06:14,F2,1.4706,OK,0
2026-04-07 05:06:24,F2,1.4709,OK,0
2026-04-07 05:06:34,F2,1.4713,OK,0
2026-04-07 05:06:44,F2,1.4717,OK,0
2026-04-07 05:06:55,F2,1.4720,OK,0
2026-04-07 05:07:05,F2,1.4724,OK,0
2026-04-07 05:07:15,F2,1.4728,OK,0
2026-04-07 05:07:25,F2,1.4732,OK,0
2026-04-07 05:07:36,F2,1.4735,OK,0
2026-04-07 05:07:46,F2,1.4739,OK,0
2026-04-07 05:07:56,F2,1.4743,OK,0
2026-04-07 05:08:06,F2,1.4746,OK,0
2026-04-07 05:08:17,F2,1.4750,OK,0
2026-04-07 05:08:27,F2,1.4754,OK,0
2026-04-07 05:08:37,F2,1.4757,OK,0
2026-04-07 05:08:47,F2,1.4761,OK,0
2026-04-07 05:08:58,F2,1.4765,OK,0
2026-04-07 05:09:08,F2,1.4768,OK,0
2026-04-07 05:09:18,F2,1.4772,OK,0
2026-04-07 05:09:28,F2,1.4776,OK,0
2026-04-07 05:09:39,F2,1.4779,OK,0
2026-04-07 05:09:49,F2,1.4783,OK,0
2026-04-07 05:09:59,F2,1.4787,OK,0
2026-04-07 05:10:09,F2,1.4790,OK,0
2026-04-07 05:10:20,F2,1.4794,OK,0
2026-04-07 05:10:30,F2,1.4798,OK,0
2026-04-07 05:10:40,F2,1.4801,OK,0
2026-04-07 05:10:50,F2,1.4805,OK,0
2026-04-07 05:11:01,F2,1.4809,OK,0
2026-04-07 05:11:11,F2,1.4812,OK,0
2026-04-07 05:11:21,F2,1.4816,OK,0
2026-04-07 05:11:31,F2,1.4820,OK,0
2026-04-07 05:11:42,F2,1.4823,OK,0
2026-04-07 05:11:52,F2,1.4827,OK,0
2026-04-07 05:12:02,F2,1.4831,OK,0
2026-04-07 05:12:12,F2,1.4834,OK,0
2026-04-07 05:12:23,F2,1.4838,OK,0
2026-04-07 05:12:33,F2,1.4842,OK,0
2026-04-07 05:12:43,F2,1.4846,OK,0
2026-04-07 05:12:53,F2,1.4849,OK,0
2026-04-07 05:13:03,F2,1.4853,OK,0
2026-04-07 05:13:14,F2,1.4857,OK,0
2026-04-07 05:13:24,F2,1.4861,OK,0
2026-04-07 05:13:34,F2,1.4864,OK,0
2026-04-07 05:13:44,F2,1.4868,OK,0
2026-04-07 05:13:55,F2,1.4872,OK,0
2026-04-07 05:14:05,F2,1.4876,OK,0
2026-04-07 05:14:15,F2,1.4879,OK,0
2026-04-07 05:14:25,F2,1.4883,OK,0
2026-04-07 05:14:36,F2,1.4887,OK,0
2026-04-07 05:14:46,F2,1.4891,OK,0
2026-04-07 05:14:56,F2,1.4895,OK,0
2026-04-07 05:15:06,F2,1.4898,OK,0
2026-04-07 05:15:17,F2,1.4902,OK,0
2026-04-07 05:15:27,F2,1.4906,OK,0
2026-04-07 05:15:37,F2,1.4910,OK,0
2026-04-07 05:15:47,F2,1.4914,OK,0
2026-04-07 05:15:58,F2,1.4917,OK,0
2026-04-07 05:16:08,F2,1.4921,OK,0
2026-04-07 05:16:18,F2,1.4925,OK,0
2026-04-07 05:16:28,F2,1.4929,OK,0
2026-04-07 05:16:39,F2,1.4932,OK,0
2026-04-07 05:16:49,F2,1.4936,OK,0
2026-04-07 05:16:59,F2,1.4940,OK,0
2026-04-07 05:17:09,F2,1.4944,OK,0
2026-04-07 05:17:20,F2,1.4948,OK,0
2026-04-07 05:17:30,F2,1.4951,OK,0
2026-04-07 05:17:40,F2,1.4955,OK,0
2026-04-07 05:17:50,F2,1.4959,OK,0
2026-04-07 05:18:01,F2,1.4963,OK,0
2026-04-07 05:18:11,F2,1.4967,OK,0
2026-04-07 05:18:21,F2,1.4970,OK,0
2026-04-07 05:18:31,F2,1.4974,OK,0
2026-04-07 05:18:42,F2,1.4978,OK,0
2026-04-07 05:18:52,F2,1.4982,OK,0
2026-04-07 05:19:02,F2,1.4986,OK,0
2026-04-07 05:19:12,F2,1.4990,OK,0
2026-04-07 05:19:22,F2,1.4993,OK,0
2026-04-07 05:19:33,F2,1.4997,OK,0
2026-04-07 05:19:43,F2,1.5001,OK,0
2026-04-07 05:19:53,F2,1.5005,OK,0
2026-04-07 05:20:03,F2,1.5009,OK,0
2026-04-07 05:20:14,F2,1.5013,OK,0
2026-04-07 05:20:24,F2,1.5017,OK,0
2026-04-07 05:20:34,F2,1.5021,OK,0
2026-04-07 05:20:45,F2,1.5025,OK,0
2026-04-07 05:20:55,F2,1.5028,OK,0
2026-04-07 05:21:05,F2,1.5032,OK,0
2026-04-07 05:21:15,F2,1.5036,OK,0
2026-04-07 05:21:26,F2,1.5040,OK,0
2026-04-07 05:21:36,F2,1.5044,OK,0
2026-04-07 05:21:46,F2,1.5048,OK,0
2026-04-07 05:21:56,F2,1.5052,OK,0
2026-04-07 05:22:06,F2,1.5056,OK,0
2026-04-07 05:22:17,F2,1.5060,OK,0
2026-04-07 05:22:27,F2,1.5064,OK,0
2026-04-07 05:22:37,F2,1.5068,OK,0
2026-04-07 05:22:47,F2,1.5072,OK,0
2026-04-07 05:22:58,F2,1.5076,OK,0
2026-04-07 05:23:08,F2,1.5080,OK,0
2026-04-07 05:23:18,F2,1.5084,OK,0
2026-04-07 05:23:28,F2,1.5088,OK,0
2026-04-07 05:23:39,F2,1.5091,OK,0
2026-04-07 05:23:49,F2,1.5095,OK,0
2026-04-07 05:23:59,F2,1.5099,OK,0
2026-04-07 05:24:09,F2,1.5103,OK,0
2026-04-07 05:24:20,F2,1.5107,OK,0
2026-04-07 05:24:30,F2,1.5111,OK,0
2026-04-07 05:24:40,F2,1.5115,OK,0
2026-04-07 05:24:50,F2,1.5119,OK,0
2026-04-07 05:25:01,F2,1.5123,OK,0
2026-04-07 05:25:11,F2,1.5127,OK,0
2026-04-07 05:25:21,F2,1.5131,OK,0
2026-04-07 05:25:31,F2,1.5135,OK,0
2026-04-07 05:25:42,F2,1.5139,OK,0
2026-04-07 05:25:52,F2,1.5143,OK,0
2026-04-07 05:26:02,F2,1.5146,OK,0
2026-04-07 05:26:12,F2,1.5150,OK,0
2026-04-07 05:26:23,F2,1.5154,OK,0
2026-04-07 05:26:33,F2,1.5158,OK,0
2026-04-07 05:26:43,F2,1.5162,OK,0
2026-04-07 05:26:53,F2,1.5166,OK,0
2026-04-07 05:27:04,F2,1.5170,OK,0
2026-04-07 05:27:14,F2,1.5174,OK,0
2026-04-07 05:27:24,F2,1.5178,OK,0
2026-04-07 05:27:34,F2,1.5182,OK,0
2026-04-07 05:27:44,F2,1.5186,OK,0
2026-04-07 05:27:55,F2,1.5189,OK,0
2026-04-07 05:28:05,F2,1.5193,OK,0
2026-04-07 05:28:15,F2,1.5197,OK,0
2026-04-07 05:28:25,F2,1.5201,OK,0
2026-04-07 05:28:36,F2,1.5205,OK,0
2026-04-07 05:28:46,F2,1.5209,OK,0
2026-04-07 05:28:56,F2,1.5213,OK,0
2026-04-07 05:29:06,F2,1.5216,OK,0
2026-04-07 05:29:17,F2,1.5220,OK,0
2026-04-07 05:29:27,F2,1.5224,OK,0
2026-04-07 05:29:37,F2,1.5228,OK,0
2026-04-07 05:29:47,F2,1.5232,OK,0
2026-04-07 05:29:58,F2,1.5235,OK,0
2026-04-07 05:30:08,F2,1.5239,OK,0
2026-04-07 05:30:18,F2,1.5243,OK,0
2026-04-07 05:30:28,F2,1.5246,OK,0
2026-04-07 05:30:39,F2,1.5250,OK,0
2026-04-07 05:30:49,F2,1.5254,OK,0
2026-04-07 05:30:59,F2,1.5257,OK,0
2026-04-07 05:31:09,F2,1.5261,OK,0
2026-04-07 05:31:20,F2,1.5265,OK,0
2026-04-07 05:31:30,F2,1.5268,OK,0
2026-04-07 05:31:40,F2,1.5272,OK,0
2026-04-07 05:31:50,F2,1.5276,OK,0
2026-04-07 05:32:01,F2,1.5279,OK,0
2026-04-07 05:32:11,F2,1.5283,OK,0
2026-04-07 05:32:21,F2,1.5286,OK,0
2026-04-07 05:32:31,F2,1.5290,OK,0
2026-04-07 05:32:42,F2,1.5293,OK,0
2026-04-07 05:32:52,F2,1.5297,OK,0
2026-04-07 05:33:02,F2,1.5300,OK,0
2026-04-07 05:33:12,F2,1.5304,OK,0
2026-04-07 05:33:23,F2,1.5308,OK,0
2026-04-07 05:33:33,F2,1.5311,OK,0
2026-04-07 05:33:43,F2,1.5314,OK,0
2026-04-07 05:33:53,F2,1.5318,OK,0
2026-04-07 05:34:04,F2,1.5321,OK,0
2026-04-07 05:34:14,F2,1.5325,OK,0
2026-04-07 05:34:24,F2,1.5328,OK,0
2026-04-07 05:34:34,F2,1.5332,OK,0
2026-04-07 05:34:45,F2,1.5335,OK,0
2026-04-07 05:34:55,F2,1.5339,OK,0
2026-04-07 05:35:05,F2,1.5342,OK,0
2026-04-07 05:35:15,F2,1.5345,OK,0
2026-04-07 05:35:26,F2,1.5349,OK,0
2026-04-07 05:35:36,F2,1.5352,OK,0
2026-04-07 05:35:46,F2,1.5355,OK,0
2026-04-07 05:35:56,F2,1.5359,OK,0
2026-04-07 05:36:07,F2,1.5362,OK,0
2026-04-07 05:36:17,F2,1.5365,OK,0
2026-04-07 05:36:27,F2,1.5368,OK,0
2026-04-07 05:36:37,F2,1.5372,OK,0
2026-04-07 05:36:48,F2,1.5375,OK,0
2026-04-07 05:36:58,F2,1.5378,OK,0
2026-04-07 05:37:08,F2,1.5381,OK,0
2026-04-07 05:37:18,F2,1.5384,OK,0
2026-04-07 05:37:29,F2,1.5388,OK,0
2026-04-07 05:37:39,F2,1.5391,OK,0
2026-04-07 05:37:49,F2,1.5394,OK,0
2026-04-07 05:37:59,F2,1.5397,OK,0
2026-04-07 05:38:10,F2,1.5400,OK,0
2026-04-07 05:38:20,F2,1.5403,OK,0
2026-04-07 05:38:30,F2,1.5406,OK,0
2026-04-07 05:38:40,F2,1.5410,OK,0
2026-04-07 05:38:51,F2,1.5413,OK,0
2026-04-07 05:39:01,F2,1.5416,OK,0
2026-04-07 05:39:11,F2,1.5419,OK,0
2026-04-07 05:39:21,F2,1.5422,OK,0
2026-04-07 05:39:32,F2,1.5425,OK,0
2026-04-07 05:39:42,F2,1.5428,OK,0
2026-04-07 05:39:52,F2,1.5431,OK,0
2026-04-07 05:40:02,F2,1.5434,OK,0
2026-04-07 05:40:13,F2,1.5437,OK,0
2026-04-07 05:40:23,F2,1.5440,OK,0
2026-04-07 05:40:33,F2,1.5443,OK,0
2026-04-07 05:40:43,F2,1.5446,OK,0
2026-04-07 05:40:54,F2,1.5449,OK,0
2026-04-07 05:41:04,F2,1.5452,OK,0
2026-04-07 05:41:14,F2,1.5455,OK,0
2026-04-07 05:41:24,F2,1.5458,OK,0
2026-04-07 05:41:35,F2,1.5461,OK,0
2026-04-07 05:41:45,F2,1.5464,OK,0
2026-04-07 05:41:55,F2,1.5467,OK,0
2026-04-07 05:42:05,F2,1.5470,OK,0
2026-04-07 05:42:16,F2,1.5473,OK,0
2026-04-07 05:42:26,F2,1.5476,OK,0
2026-04-07 05:42:36,F2,1.5479,OK,0
2026-04-07 05:42:46,F2,1.5482,OK,0
2026-04-07 05:42:57,F2,1.5485,OK,0
2026-04-07 05:43:07,F2,1.5488,OK,0
2026-04-07 05:43:17,F2,1.5491,OK,0
2026-04-07 05:43:27,F2,1.5494,OK,0
2026-04-07 05:43:38,F2,1.5497,OK,0
2026-04-07 05:43:48,F2,1.5500,OK,0
2026-04-07 05:43:58,F2,1.5503,OK,0
2026-04-07 05:44:08,F2,1.5506,OK,0
2026-04-07 05:44:19,F2,1.5509,OK,0
2026-04-07 05:44:29,F2,1.5512,OK,0
2026-04-07 05:44:39,F2,1.5514,OK,0
2026-04-07 05:44:49,F2,1.5517,OK,0
2026-04-07 05:45:00,F2,1.5520,OK,0
2026-04-07 05:45:10,F2,1.5523,OK,0
2026-04-07 05:45:20,F2,1.5526,OK,0
2026-04-07 05:45:30,F2,1.5529,OK,0
2026-04-07 05:45:41,F2,1.5532,OK,0
2026-04-07 05:45:51,F2,1.5535,OK,0
2026-04-07 05:46:01,F2,1.5538,OK,0
2026-04-07 05:46:11,F2,1.5540,OK,0
2026-04-07 05:46:22,F2,1.5543,OK,0
2026-04-07 05:46:32,F2,1.5546,OK,0
2026-04-07 05:46:42,F2,1.5549,OK,0
2026-04-07 05:46:52,F2,1.5552,OK,0
2026-04-07 05:47:03,F2,1.5555,OK,0
2026-04-07 05:47:13,F2,1.5558,OK,0
2026-04-07 05:47:23,F2,1.5561,OK,0
2026-04-07 05:47:33,F2,1.5564,OK,0
2026-04-07 05:47:44,F2,1.5567,OK,0
2026-04-07 05:47:54,F2,1.5570,OK,0
2026-04-07 05:48:04,F2,1.5573,OK,0
2026-04-07 05:48:14,F2,1.5576,OK,0
2026-04-07 05:48:25,F2,1.5579,OK,0
2026-04-07 05:48:35,F2,1.5582,OK,0
2026-04-07 05:48:45,F2,1.5585,OK,0
2026-04-07 05:48:55,F2,1.5588,OK,0
2026-04-07 05:49:06,F2,1.5591,OK,0
2026-04-07 05:49:16,F2,1.5594,OK,0
2026-04-07 05:49:26,F2,1.5597,OK,0
2026-04-07 05:49:36,F2,1.5600,OK,0
2026-04-07 05:49:47,F2,1.5603,OK,0
2026-04-07 05:49:57,F2,1.5606,OK,0
2026-04-07 05:50:07,F2,1.5609,OK,0
2026-04-07 05:50:17,F2,1.5612,OK,0
2026-04-07 05:50:28,F2,1.5615,OK,0
2026-04-07 05:50:38,F2,1.5618,OK,0
2026-04-07 05:50:48,F2,1.5621,OK,0
2026-04-07 05:50:58,F2,1.5624,OK,0
2026-04-07 05:51:09,F2,1.5627,OK,0
2026-04-07 05:51:19,F2,1.5630,OK,0
2026-04-07 05:51:29,F2,1.5633,OK,0
2026-04-07 05:51:39,F2,1.5636,OK,0
2026-04-07 05:51:50,F2,1.5639,OK,0
2026-04-07 05:52:00,F2,1.5642,OK,0
2026-04-07 05:52:10,F2,1.5645,OK,0
2026-04-07 05:52:20,F2,1.5648,OK,0
2026-04-07 05:52:31,F2,1.5651,OK,0
2026-04-07 05:52:41,F2,1.5653,OK,0
2026-04-07 05:52:51,F2,1.5656,OK,0
2026-04-07 05:53:01,F2,1.5659,OK,0
2026-04-07 05:53:12,F2,1.5662,OK,0
2026-04-07 05:53:22,F2,1.5665,OK,0
2026-04-07 05:53:32,F2,1.5668,OK,0
2026-04-07 05:53:42,F2,1.5671,OK,0
2026-04-07 05:53:52,F2,1.5674,OK,0
2026-04-07 05:54:03,F2,1.5677,OK,0
2026-04-07 05:54:13,F2,1.5680,OK,0
2026-04-07 05:54:23,F2,1.5683,OK,0
2026-04-07 05:54:33,F2,1.5686,OK,0
2026-04-07 05:54:44,F2,1.5689,OK,0
2026-04-07 05:54:54,F2,1.5692,OK,0
2026-04-07 05:55:04,F2,1.5695,OK,0
2026-04-07 05:55:15,F2,1.5698,OK,0
2026-04-07 05:55:25,F2,1.5700,OK,0
2026-04-07 05:55:35,F2,1.5703,OK,0
2026-04-07 05:55:45,F2,1.5706,OK,0
2026-04-07 05:55:56,F2,1.5709,OK,0
2026-04-07 05:56:06,F2,1.5712,OK,0
2026-04-07 05:56:16,F2,1.5715,OK,0
2026-04-07 05:56:26,F2,1.5718,OK,0
2026-04-07 05:56:36,F2,1.5721,OK,0
2026-04-07 05:56:47,F2,1.5724,OK,0
2026-04-07 05:56:57,F2,1.5727,OK,0
2026-04-07 05:57:07,F2,1.5730,OK,0
2026-04-07 05:57:17,F2,1.5733,OK,0
2026-04-07 05:57:28,F2,1.5736,OK,0
2026-04-07 05:57:38,F2,1.5739,OK,0
2026-04-07 05:57:48,F2,1.5742,OK,0
2026-04-07 05:57:58,F2,1.5745,OK,0
2026-04-07 05:58:09,F2,1.5748,OK,0
2026-04-07 05:58:19,F2,1.5751,OK,0
2026-04-07 05:58:29,F2,1.5753,OK,0
2026-04-07 05:58:39,F2,1.5756,OK,0
2026-04-07 05:58:50,F2,1.5759,OK,0
2026-04-07 05:59:00,F2,1.5762,OK,0
2026-04-07 05:59:10,F2,1.5765,OK,0
2026-04-07 05:59:20,F2,1.5768,OK,0
2026-04-07 05:59:31,F2,1.5771,OK,0
2026-04-07 05:59:41,F2,1.5774,OK,0
2026-04-07 05:59:51,F2,1.5777,OK,0
2026-04-07 06:00:01,F2,1.5779,OK,0
2026-04-07 06:00:12,F2,1.5782,OK,0
2026-04-07 06:00:22,F2,1.5785,OK,0
2026-04-07 06:00:32,F2,1.5788,OK,0
2026-04-07 06:00:42,F2,1.5791,OK,0
2026-04-07 06:00:53,F2,1.5794,OK,0
2026-04-07 06:01:03,F2,1.5796,OK,0
2026-04-07 06:01:13,F2,1.5799,OK,0
2026-04-07 06:01:23,F2,1.5802,OK,0
2026-04-07 06:01:34,F2,1.5805,OK,0
2026-04-07 06:01:44,F2,1.5808,OK,0
2026-04-07 06:01:54,F2,1.5811,OK,0
2026-04-07 06:02:04,F2,1.5814,OK,0
2026-04-07 06:02:15,F2,1.5816,OK,0
2026-04-07 06:02:25,F2,1.5819,OK,0
2026-04-07 06:02:35,F2,1.5822,OK,0
2026-04-07 06:02:45,F2,1.5825,OK,0
2026-04-07 06:02:56,F2,1.5828,OK,0
2026-04-07 06:03:06,F2,1.5831,OK,0
2026-04-07 06:03:16,F2,1.5833,OK,0
2026-04-07 06:03:26,F2,1.5836,OK,0
2026-04-07 06:03:37,F2,1.5839,OK,0
2026-04-07 06:03:47,F2,1.5842,OK,0
2026-04-07 06:03:57,F2,1.5845,OK,0
2026-04-07 06:04:07,F2,1.5848,OK,0
2026-04-07 06:04:18,F2,1.5851,OK,0
2026-04-07 06:04:28,F2,1.5853,OK,0
2026-04-07 06:04:38,F2,1.5856,OK,0
2026-04-07 06:04:48,F2,1.5859,OK,0
2026-04-07 06:04:59,F2,1.5862,OK,0
2026-04-07 06:05:09,F2,1.5865,OK,0
2026-04-07 06:05:19,F2,1.5867,OK,0
2026-04-07 06:05:29,F2,1.5870,OK,0
2026-04-07 06:05:40,F2,1.5873,OK,0
2026-04-07 06:05:50,F2,1.5876,OK,0
2026-04-07 06:06:00,F2,1.5879,OK,0
2026-04-07 06:06:10,F2,1.5881,OK,0
2026-04-07 06:06:21,F2,1.5884,OK,0
2026-04-07 06:06:31,F2,1.5887,OK,0
2026-04-07 06:06:41,F2,1.5890,OK,0
2026-04-07 06:06:51,F2,1.5892,OK,0
2026-04-07 06:07:02,F2,1.5895,OK,0
2026-04-07 06:07:12,F2,1.5898,OK,0
2026-04-07 06:07:22,F2,1.5901,OK,0
2026-04-07 06:07:32,F2,1.5903,OK,0
2026-04-07 06:07:43,F2,1.5906,OK,0
2026-04-07 06:07:53,F2,1.5909,OK,0
2026-04-07 06:08:03,F2,1.5912,OK,0
2026-04-07 06:08:13,F2,1.5915,OK,0
2026-04-07 06:08:24,F2,1.5917,OK,0
2026-04-07 06:08:34,F2,1.5920,OK,0
2026-04-07 06:08:44,F2,1.5923,OK,0
2026-04-07 06:08:54,F2,1.5926,OK,0
2026-04-07 06:09:05,F2,1.5928,OK,0
2026-04-07 06:09:15,F2,1.5931,OK,0
2026-04-07 06:09:25,F2,1.5934,OK,0
2026-04-07 06:09:35,F2,1.5937,OK,0
2026-04-07 06:09:46,F2,1.5940,OK,0
2026-04-07 06:09:56,F2,1.5942,OK,0
2026-04-07 06:10:06,F2,1.5945,OK,0
2026-04-07 06:10:16,F2,1.5948,OK,0
2026-04-07 06:10:27,F2,1.5951,OK,0
2026-04-07 06:10:37,F2,1.5953,OK,0
2026-04-07 06:10:47,F2,1.5956,OK,0
2026-04-07 06:10:57,F2,1.5959,OK,0
2026-04-07 06:11:08,F2,1.5962,OK,0
2026-04-07 06:11:18,F2,1.5965,OK,0
2026-04-07 06:11:28,F2,1.5967,OK,0
2026-04-07 06:11:38,F2,1.5970,OK,0
2026-04-07 06:11:49,F2,1.5973,OK,0
2026-04-07 06:11:59,F2,1.5976,OK,0
2026-04-07 06:12:09,F2,1.5979,OK,0
2026-04-07 06:12:19,F2,1.5981,OK,0
2026-04-07 06:12:30,F2,1.5984,OK,0
2026-04-07 06:12:40,F2,1.5987,OK,0
2026-04-07 06:12:50,F2,1.5990,OK,0
2026-04-07 06:13:00,F2,1.5993,OK,0
2026-04-07 06:13:11,F2,1.5995,OK,0
2026-04-07 06:13:21,F2,1.5998,OK,0
2026-04-07 06:13:31,F2,1.6001,OK,0
2026-04-07 06:13:41,F2,1.6004,OK,0
2026-04-07 06:13:52,F2,1.6006,OK,0
2026-04-07 06:14:02,F2,1.6009,OK,0
2026-04-07 06:14:12,F2,1.6012,OK,0
2026-04-07 06:14:22,F2,1.6015,OK,0
2026-04-07 06:14:33,F2,1.6018,OK,0
2026-04-07 06:14:43,F2,1.6021,OK,0
2026-04-07 06:14:53,F2,1.6023,OK,0
2026-04-07 06:15:03,F2,1.6026,OK,0
2026-04-07 06:15:14,F2,1.6029,OK,0
2026-04-07 06:15:24,F2,1.6032,OK,0
2026-04-07 06:15:34,F2,1.6035,OK,0
2026-04-07 06:15:44,F2,1.6038,OK,0
2026-04-07 06:15:55,F2,1.6041,OK,0
2026-04-07 06:16:05,F2,1.6044,OK,0
2026-04-07 06:16:15,F2,1.6046,OK,0
2026-04-07 06:16:25,F2,1.6049,OK,0
2026-04-07 06:16:36,F2,1.6052,OK,0
2026-04-07 06:16:46,F2,1.6055,OK,0
2026-04-07 06:16:56,F2,1.6058,OK,0
2026-04-07 06:17:06,F2,1.6061,OK,0
2026-04-07 06:17:17,F2,1.6064,OK,0
2026-04-07 06:17:27,F2,1.6067,OK,0
2026-04-07 06:17:37,F2,1.6070,OK,0
2026-04-07 06:17:47,F2,1.6073,OK,0
2026-04-07 06:17:58,F2,1.6076,OK,0
2026-04-07 06:18:08,F2,1.6079,OK,0
2026-04-07 06:18:18,F2,1.6082,OK,0
2026-04-07 06:18:28,F2,1.6085,OK,0
2026-04-07 06:18:39,F2,1.6088,OK,0
2026-04-07 06:18:49,F2,1.6090,OK,0
2026-04-07 06:18:59,F2,1.6093,OK,0
2026-04-07 06:19:09,F2,1.6096,OK,0
2026-04-07 06:19:19,F2,1.6099,OK,0
2026-04-07 06:19:30,F2,1.6102,OK,0
2026-04-07 06:19:40,F2,1.6105,OK,0
2026-04-07 06:19:50,F2,1.6108,OK,0
2026-04-07 06:20:00,F2,1.6111,OK,0
2026-04-07 06:20:11,F2,1.6114,OK,0
2026-04-07 06:20:21,F2,1.6116,OK,0
2026-04-07 06:20:31,F2,1.6119,OK,0
2026-04-07 06:20:41,F2,1.6122,OK,0
2026-04-07 06:20:52,F2,1.6125,OK,0
2026-04-07 06:21:02,F2,1.6128,OK,0
2026-04-07 06:21:12,F2,1.6130,OK,0
2026-04-07 06:21:22,F2,1.6133,OK,0
2026-04-07 06:21:33,F2,1.6136,OK,0
2026-04-07 06:21:43,F2,1.6139,OK,0
2026-04-07 06:21:53,F2,1.6142,OK,0
2026-04-07 06:22:03,F2,1.6144,OK,0
2026-04-07 06:22:14,F2,1.6147,OK,0
2026-04-07 06:22:24,F2,1.6150,OK,0
2026-04-07 06:22:34,F2,1.6153,OK,0
2026-04-07 06:22:44,F2,1.6155,OK,0
2026-04-07 06:22:55,F2,1.6158,OK,0
2026-04-07 06:23:05,F2,1.6161,OK,0
2026-04-07 06:23:15,F2,1.6163,OK,0
2026-04-07 06:23:25,F2,1.6166,OK,0
2026-04-07 06:23:36,F2,1.6169,OK,0
2026-04-07 06:23:46,F2,1.6171,OK,0
2026-04-07 06:23:56,F2,1.6174,OK,0
2026-04-07 06:24:06,F2,1.6176,OK,0
2026-04-07 06:24:17,F2,1.6179,OK,0
2026-04-07 06:24:27,F2,1.6182,OK,0
2026-04-07 06:24:37,F2,1.6184,OK,0
2026-04-07 06:24:47,F2,1.6187,OK,0
2026-04-07 06:24:58,F2,1.6189,OK,0
2026-04-07 06:25:08,F2,1.6192,OK,0
2026-04-07 06:25:18,F2,1.6194,OK,0
2026-04-07 06:25:28,F2,1.6197,OK,0
2026-04-07 06:25:39,F2,1.6199,OK,0
2026-04-07 06:25:49,F2,1.6201,OK,0
2026-04-07 06:25:59,F2,1.6204,OK,0
2026-04-07 06:26:09,F2,1.6206,OK,0
2026-04-07 06:26:20,F2,1.6208,OK,0
2026-04-07 06:26:30,F2,1.6211,OK,0
2026-04-07 06:26:40,F2,1.6213,OK,0
2026-04-07 06:26:50,F2,1.6215,OK,0
2026-04-07 06:27:01,F2,1.6217,OK,0
2026-04-07 06:27:11,F2,1.6220,OK,0
2026-04-07 06:27:21,F2,1.6222,OK,0
2026-04-07 06:27:31,F2,1.6224,OK,0
2026-04-07 06:27:42,F2,1.6226,OK,0
2026-04-07 06:27:52,F2,1.6228,OK,0
2026-04-07 06:28:02,F2,1.6230,OK,0
2026-04-07 06:28:12,F2,1.6232,OK,0
2026-04-07 06:28:23,F2,1.6234,OK,0
2026-04-07 06:28:33,F2,1.6236,OK,0
2026-04-07 06:28:43,F2,1.6238,OK,0
2026-04-07 06:28:53,F2,1.6240,OK,0
2026-04-07 06:29:04,F2,1.6242,OK,0
2026-04-07 06:29:14,F2,1.6244,OK,0
2026-04-07 06:29:24,F2,1.6246,OK,0
2026-04-07 06:29:34,F2,1.6248,OK,0
2026-04-07 06:29:45,F2,1.6250,OK,0
2026-04-07 06:29:55,F2,1.6252,OK,0
2026-04-07 06:30:05,F2,1.6254,OK,0
2026-04-07 06:30:15,F2,1.6255,OK,0
2026-04-07 06:30:26,F2,1.6257,OK,0
2026-04-07 06:30:36,F2,1.6259,OK,0
2026-04-07 06:30:46,F2,1.6261,OK,0
2026-04-07 06:30:56,F2,1.6262,OK,0
2026-04-07 06:31:07,F2,1.6264,OK,0
2026-04-07 06:31:17,F2,1.6266,OK,0
2026-04-07 06:31:27,F2,1.6267,OK,0
2026-04-07 06:31:37,F2,1.6269,OK,0
2026-04-07 06:31:48,F2,1.6271,OK,0
2026-04-07 06:31:58,F2,1.6272,OK,0
2026-04-07 06:32:08,F2,1.6274,OK,0
2026-04-07 06:32:18,F2,1.6275,OK,0
2026-04-07 06:32:29,F2,1.6277,OK,0
2026-04-07 06:32:39,F2,1.6278,OK,0
2026-04-07 06:32:49,F2,1.6280,OK,0
2026-04-07 06:32:59,F2,1.6281,OK,0
2026-04-07 06:33:10,F2,1.6282,OK,0
2026-04-07 06:33:20,F2,1.6284,OK,0
2026-04-07 06:33:30,F2,1.6285,OK,0
2026-04-07 06:33:40,F2,1.6286,OK,0
2026-04-07 06:33:51,F2,1.6287,OK,0
2026-04-07 06:34:01,F2,1.6289,OK,0
2026-04-07 06:34:11,F2,1.6290,OK,0
2026-04-07 06:34:21,F2,1.6291,OK,0
2026-04-07 06:34:32,F2,1.6292,OK,0
2026-04-07 06:34:42,F2,1.6293,OK,0
2026-04-07 06:34:52,F2,1.6294,OK,0
2026-04-07 06:35:02,F2,1.6295,OK,0
2026-04-07 06:35:13,F2,1.6296,OK,0
2026-04-07 06:35:23,F2,1.6297,OK,0
2026-04-07 06:35:33,F2,1.6298,OK,0
2026-04-07 06:35:43,F2,1.6299,OK,0
2026-04-07 06:35:54,F2,1.6300,OK,0
2026-04-07 06:36:04,F2,1.6301,OK,0
2026-04-07 06:36:14,F2,1.6302,OK,0
2026-04-07 06:36:24,F2,1.6303,OK,0
2026-04-07 06:36:35,F2,1.6304,OK,0
2026-04-07 06:36:45,F2,1.6305,OK,0
2026-04-07 06:36:55,F2,1.6305,OK,0
2026-04-07 06:37:05,F2,1.6306,OK,0
2026-04-07 06:37:16,F2,1.6307,OK,0
2026-04-07 06:37:26,F2,1.6308,OK,0
2026-04-07 06:37:36,F2,1.6309,OK,0
2026-04-07 06:37:46,F2,1.6309,OK,0
2026-04-07 06:37:57,F2,1.6310,OK,0
2026-04-07 06:38:07,F2,1.6311,OK,0
2026-04-07 06:38:17,F2,1.6312,OK,0
2026-04-07 06:38:27,F2,1.6312,OK,0
2026-04-07 06:38:38,F2,1.6313,OK,0
2026-04-07 06:38:48,F2,1.6314,OK,0
2026-04-07 06:38:58,F2,1.6314,OK,0
2026-04-07 06:39:08,F2,1.6315,OK,0
2026-04-07 06:39:19,F2,1.6315,OK,0
2026-04-07 06:39:29,F2,1.6316,OK,0
2026-04-07 06:39:39,F2,1.6317,OK,0
2026-04-07 06:39:49,F2,1.6317,OK,0
2026-04-07 06:40:00,F2,1.6318,OK,0
2026-04-07 06:40:10,F2,1.6318,OK,0
2026-04-07 06:40:20,F2,1.6319,OK,0
2026-04-07 06:40:30,F2,1.6319,OK,0
2026-04-07 06:40:41,F2,1.6320,OK,0
2026-04-07 06:40:51,F2,1.6320,OK,0
2026-04-07 06:41:01,F2,1.6320,OK,0
2026-04-07 06:41:11,F2,1.6321,OK,0
2026-04-07 06:41:22,F2,1.6321,OK,0
2026-04-07 06:41:32,F2,1.6321,OK,0
2026-04-07 06:41:42,F2,1.6322,OK,0
2026-04-07 06:41:52,F2,1.6322,OK,0
2026-04-07 06:42:03,F2,1.6322,OK,0
2026-04-07 06:42:13,F2,1.6323,OK,0
2026-04-07 06:42:23,F2,1.6323,OK,0
2026-04-07 06:42:33,F2,1.6323,OK,0
2026-04-07 06:42:44,F2,1.6324,OK,0
2026-04-07 06:42:54,F2,1.6324,OK,0
2026-04-07 06:43:04,F2,1.6324,OK,0
2026-04-07 06:43:14,F2,1.6324,OK,0
2026-04-07 06:43:25,F2,1.6325,OK,0
2026-04-07 06:43:35,F2,1.6325,OK,0
2026-04-07 06:43:45,F2,1.6325,OK,0
2026-04-07 06:43:55,F2,1.6325,OK,0
2026-04-07 06:44:06,F2,1.6326,OK,0
2026-04-07 06:44:16,F2,1.6326,OK,0
2026-04-07 06:44:26,F2,1.6326,OK,0
2026-04-07 06:44:36,F2,1.6326,OK,0
2026-04-07 06:44:47,F2,1.6327,OK,0
2026-04-07 06:44:57,F2,1.6327,OK,0
2026-04-07 06:45:07,F2,1.6327,OK,0
2026-04-07 06:45:17,F2,1.6327,OK,0
2026-04-07 06:45:28,F2,1.6327,OK,0
2026-04-07 06:45:38,F2,1.6328,OK,0
2026-04-07 06:45:48,F2,1.6328,OK,0
2026-04-07 06:45:58,F2,1.6328,OK,0
2026-04-07 06:46:09,F2,1.6328,OK,0
2026-04-07 06:46:19,F2,1.6328,OK,0
2026-04-07 06:46:29,F2,1.6328,OK,0
2026-04-07 06:46:39,F2,1.6328,OK,0
2026-04-07 06:46:50,F2,1.6329,OK,0
2026-04-07 06:47:00,F2,1.6329,OK,0
2026-04-07 06:47:10,F2,1.6329,OK,0
2026-04-07 06:47:20,F2,1.6329,OK,0
2026-04-07 06:47:31,F2,1.6329,OK,0
2026-04-07 06:47:41,F2,1.6329,OK,0
2026-04-07 06:47:51,F2,1.6329,OK,0
2026-04-07 06:48:01,F2,1.6329,OK,0
2026-04-07 06:48:12,F2,1.6330,OK,0
2026-04-07 06:48:22,F2,1.6330,OK,0
2026-04-07 06:48:32,F2,1.6330,OK,0
2026-04-07 06:48:42,F2,1.6330,OK,0
2026-04-07 06:48:53,F2,1.6330,OK,0
2026-04-07 06:49:03,F2,1.6330,OK,0
2026-04-07 06:49:13,F2,1.6330,OK,0
2026-04-07 06:49:23,F2,1.6330,OK,0
2026-04-07 06:49:34,F2,1.6330,OK,0
2026-04-07 06:49:44,F2,1.6331,OK,0
2026-04-07 06:49:54,F2,1.6331,OK,0
2026-04-07 06:50:04,F2,1.6331,OK,0
2026-04-07 06:50:15,F2,1.6331,OK,0
2026-04-07 06:50:25,F2,1.6331,OK,0
2026-04-07 06:50:35,F2,1.6331,OK,0
2026-04-07 06:50:45,F2,1.6332,OK,0
2026-04-07 06:50:56,F2,1.6332,OK,0
2026-04-07 06:51:06,F2,1.6332,OK,0
2026-04-07 06:51:16,F2,1.6332,OK,0
2026-04-07 06:51:26,F2,1.6332,OK,0
2026-04-07 06:51:37,F2,1.6333,OK,0
2026-04-07 06:51:47,F2,1.6333,OK,0
2026-04-07 06:51:57,F2,1.6333,OK,0
2026-04-07 06:52:07,F2,1.6333,OK,0
2026-04-07 06:52:18,F2,1.6334,OK,0
2026-04-07 06:52:28,F2,1.6334,OK,0
2026-04-07 06:52:38,F2,1.6334,OK,0
2026-04-07 06:52:48,F2,1.6334,OK,0
2026-04-07 06:52:59,F2,1.6335,OK,0
2026-04-07 06:53:09,F2,1.6335,OK,0
2026-04-07 06:53:19,F2,1.6335,OK,0
2026-04-07 06:53:29,F2,1.6335,OK,0
2026-04-07 06:53:40,F2,1.6336,OK,0
2026-04-07 06:53:50,F2,1.6336,OK,0
2026-04-07 06:54:00,F2,1.6336,OK,0
2026-04-07 06:54:10,F2,1.6337,OK,0
2026-04-07 06:54:21,F2,1.6337,OK,0
2026-04-07 06:54:31,F2,1.6337,OK,0
2026-04-07 06:54:41,F2,1.6338,OK,0
2026-04-07 06:54:51,F2,1.6338,OK,0
2026-04-07 06:55:02,F2,1.6338,OK,0
2026-04-07 06:55:12,F2,1.6339,OK,0
2026-04-07 06:55:22,F2,1.6339,OK,0
2026-04-07 06:55:32,F2,1.6339,OK,0
2026-04-07 06:55:43,F2,1.6340,OK,0
2026-04-07 06:55:53,F2,1.6340,OK,0
2026-04-07 06:56:03,F2,1.6341,OK,0
2026-04-07 06:56:13,F2,1.6341,OK,0
2026-04-07 06:56:24,F2,1.6341,OK,0
2026-04-07 06:56:34,F2,1.6342,OK,0
2026-04-07 06:56:44,F2,1.6342,OK,0
2026-04-07 06:56:55,F2,1.6343,OK,0
2026-04-07 06:57:05,F2,1.6343,OK,0
2026-04-07 06:57:15,F2,1.6344,OK,0
2026-04-07 06:57:25,F2,1.6344,OK,0
2026-04-07 06:57:36,F2,1.6345,OK,0
2026-04-07 06:57:46,F2,1.6345,OK,0
2026-04-07 06:57:56,F2,1.6346,OK,0
2026-04-07 06:58:06,F2,1.6346,OK,0
2026-04-07 06:58:17,F2,1.6347,OK,0
2026-04-07 06:58:27,F2,1.6347,OK,0
2026-04-07 06:58:37,F2,1.6348,OK,0
2026-04-07 06:58:47,F2,1.6349,OK,0
2026-04-07 06:58:58,F2,1.6349,OK,0
2026-04-07 06:59:08,F2,1.6350,OK,0
2026-04-07 06:59:18,F2,1.6351,OK,0
2026-04-07 06:59:28,F2,1.6351,OK,0
2026-04-07 06:59:39,F2,1.6352,OK,0
2026-04-07 06:59:49,F2,1.6353,OK,0
2026-04-07 06:59:59,F2,1.6353,OK,0
2026-04-07 07:00:09,F2,1.6354,OK,0
2026-04-07 07:00:20,F2,1.6355,OK,0
2026-04-07 07:00:30,F2,1.6355,OK,0
2026-04-07 07:00:40,F2,1.6356,OK,0
2026-04-07 07:00:50,F2,1.6357,OK,0
2026-04-07 07:01:01,F2,1.6358,OK,0
2026-04-07 07:01:11,F2,1.6358,OK,0
2026-04-07 07:01:21,F2,1.6359,OK,0
2026-04-07 07:01:31,F2,1.6360,OK,0
2026-04-07 07:01:42,F2,1.6361,OK,0
2026-04-07 07:01:52,F2,1.6361,OK,0
2026-04-07 07:02:02,F2,1.6362,OK,0
2026-04-07 07:02:12,F2,1.6363,OK,0
2026-04-07 07:02:23,F2,1.6364,OK,0
2026-04-07 07:02:33,F2,1.6365,OK,0
2026-04-07 07:02:43,F2,1.6366,OK,0
2026-04-07 07:02:53,F2,1.6367,OK,0
2026-04-07 07:03:03,F2,1.6368,OK,0
2026-04-07 07:03:14,F2,1.6369,OK,0
2026-04-07 07:03:24,F2,1.6369,OK,0
2026-04-07 07:03:34,F2,1.6370,OK,0
2026-04-07 07:03:44,F2,1.6371,OK,0
2026-04-07 07:03:55,F2,1.6373,OK,0
2026-04-07 07:04:05,F2,1.6374,OK,0
2026-04-07 07:04:15,F2,1.6375,OK,0
2026-04-07 07:04:25,F2,1.6376,OK,0
2026-04-07 07:04:36,F2,1.6377,OK,0
2026-04-07 07:04:46,F2,1.6378,OK,0
2026-04-07 07:04:56,F2,1.6379,OK,0
2026-04-07 07:05:06,F2,1.6380,OK,0
2026-04-07 07:05:17,F2,1.6382,OK,0
2026-04-07 07:05:27,F2,1.6383,OK,0
2026-04-07 07:05:37,F2,1.6384,OK,0
2026-04-07 07:05:47,F2,1.6385,OK,0
2026-04-07 07:05:58,F2,1.6386,OK,0
2026-04-07 07:06:08,F2,1.6388,OK,0
2026-04-07 07:06:18,F2,1.6389,OK,0
2026-04-07 07:06:28,F2,1.6390,OK,0
2026-04-07 07:06:39,F2,1.6392,OK,0
2026-04-07 07:06:49,F2,1.6393,OK,0
2026-04-07 07:06:59,F2,1.6394,OK,0
2026-04-07 07:07:09,F2,1.6396,OK,0
2026-04-07 07:07:20,F2,1.6397,OK,0
2026-04-07 07:07:30,F2,1.6399,OK,0
2026-04-07 07:07:40,F2,1.6400,OK,0
2026-04-07 07:07:50,F2,1.6401,OK,0
2026-04-07 07:08:01,F2,1.6403,OK,0
2026-04-07 07:08:11,F2,1.6404,OK,0
2026-04-07 07:08:21,F2,1.6406,OK,0
2026-04-07 07:08:31,F2,1.6407,OK,0
2026-04-07 07:08:42,F2,1.6409,OK,0
2026-04-07 07:08:52,F2,1.6410,OK,0
2026-04-07 07:09:02,F2,1.6412,OK,0
2026-04-07 07:09:12,F2,1.6414,OK,0
2026-04-07 07:09:23,F2,1.6415,OK,0
2026-04-07 07:09:33,F2,1.6417,OK,0
2026-04-07 07:09:43,F2,1.6418,OK,0
2026-04-07 07:09:54,F2,1.6420,OK,0
2026-04-07 07:10:04,F2,1.6422,OK,0
2026-04-07 07:10:14,F2,1.6423,OK,0
2026-04-07 07:10:24,F2,1.6425,OK,0
2026-04-07 07:10:35,F2,1.6427,OK,0
2026-04-07 07:10:45,F2,1.6429,OK,0
2026-04-07 07:10:55,F2,1.6430,OK,0
2026-04-07 07:11:05,F2,1.6432,OK,0
2026-04-07 07:11:16,F2,1.6434,OK,0
2026-04-07 07:11:26,F2,1.6436,OK,0
2026-04-07 07:11:36,F2,1.6438,OK,0
2026-04-07 07:11:46,F2,1.6440,OK,0
2026-04-07 07:11:56,F2,1.6441,OK,0
2026-04-07 07:12:07,F2,1.6443,OK,0
2026-04-07 07:12:17,F2,1.6445,OK,0
2026-04-07 07:12:27,F2,1.6447,OK,0
2026-04-07 07:12:37,F2,1.6449,OK,0
2026-04-07 07:12:48,F2,1.6451,OK,0
2026-04-07 07:12:58,F2,1.6453,OK,0
2026-04-07 07:13:08,F2,1.6455,OK,0
2026-04-07 07:13:18,F2,1.6457,OK,0
